phase,time_s,displacement_m,displacement_mm,force_n,position_mm_raw,force_n_raw,velocity_m_s,cycle_energy_j
0.000000000000000000e+00,0.000000000000000000e+00,2.441212742355274370e-04,2.441212742355274301e-01,3.175343509097700689e+01,-1.581993682939198953e+00,-3.175343509097700689e+01,-2.386841347165807176e-03,-6.805573914903106925e-05
2.000000000000000042e-03,1.000222222222223742e-03,2.417339024791733673e-04,2.417339024791733681e-01,3.169742237759056991e+01,-1.579606311182844891e+00,-3.169742237759056991e+01,-2.372895815592135360e-03,-1.437952577916734804e-04
4.000000000000000083e-03,2.000444444444447484e-03,2.393744279839806822e-04,2.393744279839806754e-01,3.163103593169756778e+01,-1.577246836687652198e+00,-3.163103593169756778e+01,-2.345659196469992991e-03,-2.185047768289449278e-04
6.000000000000000125e-03,3.000666666666671010e-03,2.370415415710349619e-04,2.370415415710349638e-01,3.154631589539182457e+01,-1.574913950274706487e+00,-3.154631589539182457e+01,-2.319496144892727041e-03,-2.921976849219461527e-04
8.000000000000000167e-03,4.000888888888894969e-03,2.347344048070196980e-04,2.347344048070197087e-01,3.145148085037505581e+01,-1.572606813510691204e+00,-3.145148085037505581e+01,-2.294254399495807006e-03,-3.648716919422530713e-04
1.000000000000000021e-02,5.001111111111118494e-03,2.324520131034213323e-04,2.324520131034213399e-01,3.139644715054915380e+01,-1.570324421807092863e+00,-3.139644715054915380e+01,-2.271916560160291976e-03,-4.365936678175246269e-04
1.200000000000000025e-02,6.001333333333342020e-03,2.301895619460057071e-04,2.301895619460057052e-01,3.136473870574919331e+01,-1.568061970649677228e+00,-3.136473870574919331e+01,-2.254545791109924258e-03,-5.075869045580340281e-04
1.400000000000000029e-02,7.001555555555565545e-03,2.279419195008498692e-04,2.279419195008498822e-01,3.135641932884486494e+01,-1.565814328204521377e+00,-3.135641932884486494e+01,-2.243222427106450478e-03,-5.780681921019114678e-04
1.600000000000000033e-02,8.001777777777789938e-03,2.257021201040474367e-04,2.257021201040474434e-01,3.132343606537002145e+01,-1.563574528807718966e+00,-3.132343606537002145e+01,-2.238546728747847769e-03,-6.482584978750775091e-04
1.800000000000000211e-02,9.002000000000013463e-03,2.234638311336969389e-04,2.234638311336969441e-01,3.121077071991379626e+01,-1.561336239837368467e+00,-3.121077071991379626e+01,-2.237589033721343323e-03,-7.182419159886188273e-04
2.000000000000000042e-02,1.000222222222223699e-02,2.212259475525897470e-04,2.212259475525897578e-01,3.111139415214603332e+01,-1.559098356256261253e+00,-3.111139415214603332e+01,-2.237911389292274178e-03,-7.879783439085933858e-04
2.199999999999999872e-02,1.100244444444446051e-02,2.189870137278282503e-04,2.189870137278282503e-01,3.104615753024074820e+01,-1.556859422431499773e+00,-3.104615753024074820e+01,-2.238515101418564468e-03,-8.575627460120849787e-04
2.400000000000000050e-02,1.200266666666668404e-02,2.167479224541519805e-04,2.167479224541519756e-01,3.104507398873771251e+01,-1.554620331157823498e+00,-3.104507398873771251e+01,-2.236451116969850883e-03,-9.270761938384469063e-04
2.600000000000000228e-02,1.300288888888890930e-02,2.145131175156143161e-04,2.145131175156143044e-01,3.103092916543121405e+01,-1.552385526219285827e+00,-3.103092916543121405e+01,-2.229687994306644994e-03,-9.964385871883965282e-04
2.800000000000000058e-02,1.400311111111113109e-02,2.122875554930967476e-04,2.122875554930967468e-01,3.094812917117315720e+01,-1.550159964196768270e+00,-3.094812917117315720e+01,-2.219049002565656736e-03,-1.065406032577643786e-03
2.999999999999999889e-02,1.500333333333335462e-02,2.100740332664818898e-04,2.100740332664818855e-01,3.087497231939523346e+01,-1.547946441970153408e+00,-3.087497231939523346e+01,-2.207552384951710911e-03,-1.133829154931959883e-03
3.200000000000000067e-02,1.600355555555557988e-02,2.078714695887999900e-04,2.078714695887999842e-01,3.083270278830049804e+01,-1.545743878292471507e+00,-3.083270278830049804e+01,-2.196906212429738936e-03,-1.201787684797364381e-03
3.400000000000000244e-02,1.700377777777780514e-02,2.056792444388613305e-04,2.056792444388613195e-01,3.079208717085346336e+01,-1.543551653142532842e+00,-3.079208717085346336e+01,-2.185964669960391293e-03,-1.269337035456607208e-03
3.600000000000000422e-02,1.800400000000002693e-02,2.034985687090258447e-04,2.034985687090258566e-01,3.070589414069461753e+01,-1.541370977412697352e+00,-3.070589414069461753e+01,-2.173622675572473018e-03,-1.336392482371645497e-03
3.799999999999999906e-02,1.900422222222224872e-02,2.013310330331938975e-04,2.013310330331938847e-01,3.061675851601497911e+01,-1.539203441736865408e+00,-3.061675851601497911e+01,-2.160218048932655011e-03,-1.402854936003721832e-03
4.000000000000000083e-02,2.000444444444447398e-02,1.991771725142499360e-04,1.991771725142499339e-01,3.056622039119205780e+01,-1.537049581217921457e+00,-3.056622039119205780e+01,-2.145924117660402697e-03,-1.468748629842823485e-03
4.200000000000000261e-02,2.100466666666669924e-02,1.970382310538207902e-04,1.970382310538207893e-01,3.055801267502508622e+01,-1.534910639757492312e+00,-3.055801267502508622e+01,-2.131267739974115893e-03,-1.534120218983930093e-03
4.399999999999999745e-02,2.200488888888892103e-02,1.949136898041950016e-04,1.949136898041949895e-01,3.052996575189448336e+01,-1.532786098507866512e+00,-3.052996575189448336e+01,-2.118464207596856830e-03,-1.599010757065925025e-03
4.599999999999999922e-02,2.300511111111114282e-02,1.928003610989792471e-04,1.928003610989792449e-01,3.044335090594947602e+01,-1.530672769802650768e+00,-3.044335090594947602e+01,-2.107422418598972613e-03,-1.663437111393016588e-03
4.800000000000000100e-02,2.400533333333336808e-02,1.906979083348110476e-04,1.906979083348110393e-01,3.032653280276887742e+01,-1.528570317038482562e+00,-3.032653280276887742e+01,-2.094863323706244729e-03,-1.727318147510250148e-03
5.000000000000000278e-02,2.500555555555559334e-02,1.886097034012006581e-04,1.886097034012006457e-01,3.023965300437002313e+01,-1.526482112104872169e+00,-3.023965300437002313e+01,-2.079209242796462020e-03,-1.790555250541470264e-03
5.200000000000000455e-02,2.600577777777781860e-02,1.865385657562213125e-04,1.865385657562213251e-01,3.021512502930353961e+01,-1.524410974459892820e+00,-3.021512502930353961e+01,-2.061872028347122576e-03,-1.853160316559567368e-03
5.399999999999999939e-02,2.700600000000004039e-02,1.844850429569382382e-04,1.844850429569382388e-01,3.026626973983627522e+01,-1.522357451660609762e+00,-3.026626973983627522e+01,-2.045420771249598091e-03,-1.915259694731743373e-03
5.600000000000000117e-02,2.800622222222226218e-02,1.824468151378237841e-04,1.824468151378237923e-01,3.030971951223698113e+01,-1.520319223841495315e+00,-3.030971951223698113e+01,-2.031380145718422736e-03,-1.976992712252152989e-03
5.800000000000000294e-02,2.900644444444448744e-02,1.804213798298810614e-04,1.804213798298810734e-01,3.026100946611614972e+01,-1.518293788533552569e+00,-3.026100946611614972e+01,-2.018423589257384299e-03,-2.038332378956872297e-03
5.999999999999999778e-02,3.000666666666670923e-02,1.784090708821581945e-04,1.784090708821581828e-01,3.017136853096408444e+01,-1.516281479585829706e+00,-3.017136853096408444e+01,-2.004573930976499829e-03,-2.099135683148392693e-03
6.199999999999999956e-02,3.100688888888893449e-02,1.764113410461809494e-04,1.764113410461809472e-01,3.007465994797673403e+01,-1.514283749749852470e+00,-3.007465994797673403e+01,-1.989383615499357161e-03,-2.159312223765134497e-03
6.400000000000000133e-02,3.200711111111115975e-02,1.744294194806636988e-04,1.744294194806637055e-01,3.003605463835660672e+01,-1.512301828184335228e+00,-3.003605463835660672e+01,-1.973417118161471806e-03,-2.218877162491489623e-03
6.600000000000000311e-02,3.300733333333338154e-02,1.724636297355832651e-04,1.724636297355832681e-01,3.003419535191157763e+01,-1.510336038439254791e+00,-3.003419535191157763e+01,-1.957930212311054241e-03,-2.277917185685034152e-03
6.800000000000000488e-02,3.400755555555561027e-02,1.705126888648360740e-04,1.705126888648360872e-01,2.994545389208142083e+01,-1.508385097568507582e+00,-2.994545389208142083e+01,-1.945228765248455116e-03,-2.336423955207460237e-03
7.000000000000000666e-02,3.500777777777783206e-02,1.685723076589684764e-04,1.685723076589684677e-01,2.979327483394845544e+01,-1.506444716362639991e+00,-2.979327483394845544e+01,-1.937075692592660214e-03,-2.394381894352261633e-03
7.200000000000000844e-02,3.600800000000005385e-02,1.666376765571207081e-04,1.666376765571206953e-01,2.968671337067853244e+01,-1.504510085260792218e+00,-2.968671337067853244e+01,-1.931189481000197827e-03,-2.451920747416352561e-03
7.399999999999999634e-02,3.700822222222227564e-02,1.647090703905320784e-04,1.647090703905320919e-01,2.960315690789325771e+01,-1.502581479094203587e+00,-2.960315690789325771e+01,-1.922665893465139164e-03,-2.509101794127442751e-03
7.599999999999999811e-02,3.800844444444449743e-02,1.627914902520155723e-04,1.627914902520155860e-01,2.953877736692818701e+01,-1.500663898955687081e+00,-2.953877736692818701e+01,-1.909833034158814336e-03,-2.565816951006026376e-03
7.799999999999999989e-02,3.900866666666672616e-02,1.608885555075325604e-04,1.608885555075325602e-01,2.948569379865159590e+01,-1.498760964211204083e+00,-2.948569379865159590e+01,-1.894636895158618994e-03,-2.621987270218128791e-03
8.000000000000000167e-02,4.000888888888894795e-02,1.590013744008560528e-04,1.590013744008560437e-01,2.941354236690361645e+01,-1.496873783104527567e+00,-2.941354236690361645e+01,-1.878878768855105075e-03,-2.677573640221326406e-03
8.200000000000000344e-02,4.100911111111116975e-02,1.571299629125917500e-04,1.571299629125917363e-01,2.936197957001229497e+01,-1.495002371616263259e+00,-2.936197957001229497e+01,-1.861393607678896167e-03,-2.732576758402880876e-03
8.400000000000000522e-02,4.200933333333339847e-02,1.552777598994503551e-04,1.552777598994503627e-01,2.933044142942410204e+01,-1.493150168603121886e+00,-2.933044142942410204e+01,-1.841336418566832944e-03,-2.786934307284558501e-03
8.600000000000000699e-02,4.300955555555562027e-02,1.534464717037165135e-04,1.534464717037165027e-01,2.927233182392625821e+01,-1.491318880407388026e+00,-2.927233182392625821e+01,-1.821960572222322550e-03,-2.840594672089342618e-03
8.799999999999999489e-02,4.400977777777784206e-02,1.516330289947514002e-04,1.516330289947513954e-01,2.919673494636742106e+01,-1.489505437698422918e+00,-2.919673494636742106e+01,-1.807804056237316548e-03,-2.893609471105618603e-03
8.999999999999999667e-02,4.501000000000006385e-02,1.498300601227724497e-04,1.498300601227724460e-01,2.912428546374063032e+01,-1.487702468826443969e+00,-2.912428546374063032e+01,-1.799934034245512238e-03,-2.946182075578720680e-03
9.199999999999999845e-02,4.601022222222228564e-02,1.480323609555784777e-04,1.480323609555784792e-01,2.908930559865878251e+01,-1.485904769659250002e+00,-2.908930559865878251e+01,-1.794350508612777007e-03,-2.998502954035768466e-03
9.400000000000000022e-02,4.701044444444451437e-02,1.462405616164319446e-04,1.462405616164319522e-01,2.905784439301774924e+01,-1.484112970320103475e+00,-2.905784439301774924e+01,-1.786402008127574437e-03,-3.050590453580416875e-03
9.600000000000000200e-02,4.801066666666673616e-02,1.444587629828752897e-04,1.444587629828752995e-01,2.906353391766694827e+01,-1.482331171686546822e+00,-2.906353391766694827e+01,-1.774094582860999414e-03,-3.102362622810620786e-03
9.800000000000000377e-02,4.901088888888896489e-02,1.426915839642286642e-04,1.426915839642286521e-01,2.906131172697399023e+01,-1.480563992667900175e+00,-2.906131172697399023e+01,-1.757451255271103019e-03,-3.153715937245223349e-03
1.000000000000000056e-01,5.001111111111118668e-02,1.409430793828863140e-04,1.409430793828863049e-01,2.899337931923585998e+01,-1.478815488086557828e+00,-2.899337931923585998e+01,-1.738192859078085961e-03,-3.204470151024324618e-03
1.020000000000000073e-01,5.101133333333340847e-02,1.392144257159129059e-04,1.392144257159129150e-01,2.891329979511757031e+01,-1.477086834419584438e+00,-2.891329979511757031e+01,-1.719756260378318968e-03,-3.254520672101782544e-03
1.040000000000000091e-01,5.201155555555563720e-02,1.375028025260138906e-04,1.375028025260138786e-01,2.883528108873235141e+01,-1.475375211229685402e+00,-2.883528108873235141e+01,-1.703254204437121277e-03,-3.303941623370317080e-03
1.059999999999999970e-01,5.301177777777785205e-02,1.358071603051700402e-04,1.358071603051700382e-01,2.876929336035503582e+01,-1.473679569008841561e+00,-2.876929336035503582e+01,-1.687846275603172019e-03,-3.352779428533444149e-03
1.079999999999999988e-01,5.401200000000008078e-02,1.341263598209072646e-04,1.341263598209072594e-01,2.868994800972406267e+01,-1.471998768524578782e+00,-2.868994800972406267e+01,-1.672805884990150038e-03,-3.401068299159587440e-03
1.100000000000000006e-01,5.501222222222230257e-02,1.324608050659075093e-04,1.324608050659075165e-01,2.864634351223324060e+01,-1.470333213769579039e+00,-2.864634351223324060e+01,-1.656120912170988557e-03,-3.448817435640150978e-03
1.120000000000000023e-01,5.601244444444452436e-02,1.308133819428265374e-04,1.308133819428265454e-01,2.862658628687364626e+01,-1.468685790646498068e+00,-2.862658628687364626e+01,-1.640326960202012629e-03,-3.495995686493548211e-03
1.140000000000000041e-01,5.701266666666675309e-02,1.291794221112989489e-04,1.291794221112989582e-01,2.862151864263487155e+01,-1.467051830814970481e+00,-2.862151864263487155e+01,-1.632171387531911044e-03,-3.542768055662030065e-03
1.160000000000000059e-01,5.801288888888897488e-02,1.275483137582571474e-04,1.275483137582571480e-01,2.859507682076245416e+01,-1.465420722461928671e+00,-2.859507682076245416e+01,-1.631814725318453396e-03,-3.589431679187430387e-03
1.180000000000000077e-01,5.901311111111120361e-02,1.259150674096729667e-04,1.259150674096729539e-01,2.853351674505384139e+01,-1.463787476113344477e+00,-2.853351674505384139e+01,-1.632135173725908495e-03,-3.636081799625380875e-03
1.199999999999999956e-01,6.001333333333341846e-02,1.242833180173947964e-04,1.242833180173947977e-01,2.848617533910635302e+01,-1.462155726721066307e+00,-2.848617533910635302e+01,-1.628016710272413292e-03,-3.682597817716468883e-03
1.219999999999999973e-01,6.101355555555564025e-02,1.226583104261458248e-04,1.226583104261458196e-01,2.842955291181982247e+01,-1.460530719129817356e+00,-2.842955291181982247e+01,-1.620458949901940060e-03,-3.728835314873319481e-03
1.239999999999999991e-01,6.201377777777786898e-02,1.210416799136131448e-04,1.210416799136131427e-01,2.836664794070415496e+01,-1.458914088617284666e+00,-2.836664794070415496e+01,-1.611804215594460354e-03,-3.774736493187707577e-03
1.260000000000000009e-01,6.301400000000009771e-02,1.194339856375277242e-04,1.194339856375277176e-01,2.831423656603148942e+01,-1.457306394341199240e+00,-2.831423656603148942e+01,-1.599472590464313948e-03,-3.820291226382960519e-03
1.280000000000000027e-01,6.401422222222231950e-02,1.178420238559776462e-04,1.178420238559776401e-01,2.825566609914908156e+01,-1.455714432559649163e+00,-2.825566609914908156e+01,-1.578517918690833244e-03,-3.865312404709458308e-03
1.300000000000000044e-01,6.501444444444454129e-02,1.162762482366266306e-04,1.162762482366266337e-01,2.821197301106444755e+01,-1.454148656940298157e+00,-2.821197301106444755e+01,-1.551344482255051505e-03,-3.909515178579029727e-03
1.320000000000000062e-01,6.601466666666676308e-02,1.147386454050309851e-04,1.147386454050309812e-01,2.817600573054117774e+01,-1.452611054108702504e+00,-2.817600573054117774e+01,-1.526690269985024606e-03,-3.952865761253357944e-03
1.340000000000000080e-01,6.701488888888898487e-02,1.132221891676477000e-04,1.132221891676477021e-01,2.814913478959049087e+01,-1.451094597871319225e+00,-2.814913478959049087e+01,-1.509603171982565328e-03,-3.995576404315616392e-03
1.360000000000000098e-01,6.801511111111122054e-02,1.117187681263227507e-04,1.117187681263227539e-01,2.815570824515733150e+01,-1.449591176829994277e+00,-2.815570824515733150e+01,-1.498758026534777188e-03,-4.037908644918173327e-03
1.380000000000000115e-01,6.901533333333344233e-02,1.102240069998996499e-04,1.102240069998996486e-01,2.814507248924264005e+01,-1.448096415703571171e+00,-2.814507248924264005e+01,-1.488974150383536033e-03,-4.079994679068817652e-03
1.400000000000000133e-01,7.001555555555566412e-02,1.087401580592666222e-04,1.087401580592666228e-01,2.806250335996608669e+01,-1.446612566762938146e+00,-2.806250335996608669e+01,-1.475939316920547861e-03,-4.121701882093703820e-03
1.420000000000000151e-01,7.101577777777788592e-02,1.072714723930288114e-04,1.072714723930288105e-01,2.799282240451069725e+01,-1.445143881096700333e+00,-2.799282240451069725e+01,-1.460634735079860413e-03,-4.162870603972886399e-03
1.440000000000000169e-01,7.201600000000010771e-02,1.058182394181135310e-04,1.058182394181135244e-01,2.799378851582449457e+01,-1.443690648121785047e+00,-2.799378851582449457e+01,-1.447187902832984541e-03,-4.203557871860169257e-03
1.459999999999999909e-01,7.301622222222232950e-02,1.043764533927393729e-04,1.043764533927393767e-01,2.796528851569942375e+01,-1.442248862096410900e+00,-2.796528851569942375e+01,-1.437250975997846070e-03,-4.243907036018839708e-03
1.479999999999999927e-01,7.401644444444455129e-02,1.029430986879062968e-04,1.029430986879062981e-01,2.788267050148987636e+01,-1.440815507391577821e+00,-2.788267050148987636e+01,-1.429417910804357816e-03,-4.283940928386281884e-03
1.499999999999999944e-01,7.501666666666677308e-02,1.015169822742814128e-04,1.015169822742814087e-01,2.784226301612176968e+01,-1.439389390977952932e+00,-2.784226301612176968e+01,-1.420968489441495897e-03,-4.323682712850634123e-03
1.519999999999999962e-01,7.601688888888899487e-02,1.001005301674724442e-04,1.001005301674724457e-01,2.785040037145593317e+01,-1.437972938871143969e+00,-2.785040037145593317e+01,-1.410415334471740167e-03,-4.363129495708291568e-03
1.539999999999999980e-01,7.701711111111121666e-02,9.869552475407816544e-05,9.869552475407816772e-02,2.787160760899234191e+01,-1.436567933457749691e+00,-2.787160760899234191e+01,-1.399088389346506145e-03,-4.402275380271897937e-03
1.559999999999999998e-01,7.801733333333345233e-02,9.730173157171750713e-05,9.730173157171750908e-02,2.786326323912148695e+01,-1.435174140275389032e+00,-2.786326323912148695e+01,-1.388081423743255105e-03,-4.441115931062822146e-03
1.580000000000000016e-01,7.901755555555567412e-02,9.591874498151442422e-05,9.591874498151442552e-02,2.783901588246438052e+01,-1.433791153685185948e+00,-2.783901588246438052e+01,-1.378020918197532529e-03,-4.479632504655163897e-03
1.600000000000000033e-01,8.001777777777789591e-02,9.454507728158102026e-05,9.454507728158101365e-02,2.782414609581856979e+01,-1.432417485985252537e+00,-2.782414609581856979e+01,-1.370841534372259363e-03,-4.517863099091349276e-03
1.620000000000000051e-01,8.101800000000011770e-02,9.317645264986574075e-05,9.317645264986573750e-02,2.782227050408614843e+01,-1.431048861353537260e+00,-2.782227050408614843e+01,-1.366128528342162862e-03,-4.555941036991820181e-03
1.640000000000000069e-01,8.201822222222233949e-02,9.181221305666187988e-05,9.181221305666187327e-02,2.779808225139773370e+01,-1.429684621760333396e+00,-2.779808225139773370e+01,-1.360689533436619525e-03,-4.593876958563935034e-03
1.660000000000000087e-01,8.301844444444457516e-02,9.045446883208873667e-05,9.045446883208874134e-02,2.774306639973366373e+01,-1.428326877535760264e+00,-2.774306639973366373e+01,-1.354185608473584823e-03,-4.631578069431627892e-03
1.680000000000000104e-01,8.401866666666679695e-02,8.910323997944425225e-05,8.910323997944424868e-02,2.767066751722521900e+01,-1.426975648683115772e+00,-2.767066751722521900e+01,-1.348676376215683648e-03,-4.669015626210890751e-03
1.700000000000000122e-01,8.501888888888901874e-02,8.775651666793460976e-05,8.775651666793460315e-02,2.760180972650115194e+01,-1.425628925371606126e+00,-2.760180972650115194e+01,-1.345479385386434690e-03,-4.706236675877293295e-03
1.720000000000000140e-01,8.601911111111124053e-02,8.641168321783343313e-05,8.641168321783343487e-02,2.754148376833392931e+01,-1.424284091921504958e+00,-2.754148376833392931e+01,-1.343182462260505972e-03,-4.743320489087896573e-03
1.740000000000000158e-01,8.701933333333346232e-02,8.506955477343036860e-05,8.506955477343036698e-02,2.750886121836195741e+01,-1.422941963477101890e+00,-2.750886121836195741e+01,-1.337562912060524800e-03,-4.780267627898484445e-03
1.759999999999999898e-01,8.801955555555568411e-02,8.373596292130703223e-05,8.373596292130702778e-02,2.747122137415510679e+01,-1.421608371624978551e+00,-2.747122137415510679e+01,-1.326346739730581425e-03,-4.816933231350142841e-03
1.779999999999999916e-01,8.901977777777790590e-02,8.241627180652932893e-05,8.241627180652932871e-02,2.743735156379555562e+01,-1.420288680510200852e+00,-2.743735156379555562e+01,-1.311402614261270028e-03,-4.853168491255390252e-03
1.799999999999999933e-01,9.002000000000012769e-02,8.111257484717815120e-05,8.111257484717815380e-02,2.740062439786607840e+01,-1.418984983550849677e+00,-2.740062439786607840e+01,-1.297649170068151947e-03,-4.888914183950105428e-03
1.819999999999999951e-01,9.102022222222234948e-02,7.982039673342855774e-05,7.982039673342855579e-02,2.740203514230949011e+01,-1.417692805437100079e+00,-2.740203514230949011e+01,-1.290038342970069307e-03,-4.924317706357957472e-03
1.839999999999999969e-01,9.202044444444457127e-02,7.853192481086335803e-05,7.853192481086335164e-02,2.738020535850831649e+01,-1.416404333514534875e+00,-2.738020535850831649e+01,-1.286781320260881045e-03,-4.959606270217909764e-03
1.859999999999999987e-01,9.302066666666680694e-02,7.724626219009778365e-05,7.724626219009778083e-02,2.733781887483180384e+01,-1.415118670893769304e+00,-2.733781887483180384e+01,-1.282131186324995953e-03,-4.994777103751592978e-03
1.880000000000000004e-01,9.402088888888902873e-02,7.596709260213052595e-05,7.596709260213052595e-02,2.729999889782074263e+01,-1.413839501305802049e+00,-2.729999889782074263e+01,-1.275462733219927258e-03,-5.029720708994555450e-03
1.900000000000000022e-01,9.502111111111125052e-02,7.469476985133205655e-05,7.469476985133205460e-02,2.724101293520724454e+01,-1.412567178555003578e+00,-2.724101293520724454e+01,-1.268624141384254445e-03,-5.064416874995143585e-03
1.920000000000000040e-01,9.602133333333347232e-02,7.342928048641029332e-05,7.342928048641028660e-02,2.721499465084737324e+01,-1.411301689190081809e+00,-2.721499465084737324e+01,-1.263487533521026607e-03,-5.098871206907527182e-03
1.940000000000000058e-01,9.702155555555569411e-02,7.216723323427510280e-05,7.216723323427509662e-02,2.719699381581907716e+01,-1.410039641937946620e+00,-2.719699381581907716e+01,-1.260769095947342211e-03,-5.133202431669726777e-03
1.960000000000000075e-01,9.802177777777792977e-02,7.090718195269518360e-05,7.090718195269518631e-02,2.718701705705203153e+01,-1.408779590656366709e+00,-2.718701705705203153e+01,-1.256688259940845487e-03,-5.167461819001762172e-03
1.980000000000000093e-01,9.902200000000015156e-02,6.965329818627785327e-05,6.965329818627785663e-02,2.711025374961514345e+01,-1.407525706889949380e+00,-2.711025374961514345e+01,-1.248388250883886164e-03,-5.201499324937138881e-03
2.000000000000000111e-01,1.000222222222223734e-01,6.840985061170479925e-05,6.840985061170480608e-02,2.704476744968620849e+01,-1.406282259315376315e+00,-2.704476744968620849e+01,-1.236962990334752877e-03,-5.235164435768167694e-03
2.020000000000000129e-01,1.010224444444445951e-01,6.717882244427930585e-05,6.717882244427930694e-02,2.702432787161160022e+01,-1.405051231147950830e+00,-2.702432787161160022e+01,-1.224009312533608229e-03,-5.268440786085685362e-03
2.040000000000000147e-01,1.020226666666668169e-01,6.596128798249867504e-05,6.596128798249867309e-02,2.700555960420764379e+01,-1.403833696686170196e+00,-2.700555960420764379e+01,-1.211135439130706093e-03,-5.301331126032303789e-03
2.060000000000000164e-01,1.030228888888890526e-01,6.475601328360048507e-05,6.475601328360049147e-02,2.699400960716724285e+01,-1.402628421987272000e+00,-2.699400960716724285e+01,-1.199274205197310705e-03,-5.333874418454945775e-03
2.080000000000000182e-01,1.040231111111112744e-01,6.356220656134615164e-05,6.356220656134614622e-02,2.701546623066876407e+01,-1.401434615265017669e+00,-2.701546623066876407e+01,-1.189288425458356196e-03,-5.366113250350187241e-03
2.099999999999999922e-01,1.050233333333334823e-01,6.237690786005023924e-05,6.237690786005024163e-02,2.704301838203836894e+01,-1.400249316563721758e+00,-2.704301838203836894e+01,-1.181563809368950391e-03,-5.398148931520884049e-03
2.119999999999999940e-01,1.060235555555557041e-01,6.119855380313744201e-05,6.119855380313744125e-02,2.699110375255299488e+01,-1.399070962506808957e+00,-2.699110375255299488e+01,-1.173809187297272794e-03,-5.429982711409667151e-03
2.139999999999999958e-01,1.070237777777779259e-01,6.002876779248356469e-05,6.002876779248356165e-02,2.696204421848974064e+01,-1.397901176496155085e+00,-2.696204421848974064e+01,-1.165824366727699624e-03,-5.461539902092162752e-03
2.159999999999999976e-01,1.080240000000001616e-01,5.886638692551904496e-05,5.886638692551904306e-02,2.698174856298922464e+01,-1.396738795629190566e+00,-2.698174856298922464e+01,-1.159467142580233173e-03,-5.492892920092951568e-03
2.179999999999999993e-01,1.090242222222223833e-01,5.770931818859304017e-05,5.770931818859303952e-02,2.703610347673865988e+01,-1.395581726892264562e+00,-2.703610347673865988e+01,-1.153272366191983311e-03,-5.524145752181496179e-03
2.200000000000000011e-01,1.100244444444446051e-01,5.655932962763899138e-05,5.655932962763899480e-02,2.702285819768418307e+01,-1.394431738331310511e+00,-2.702285819768418307e+01,-1.145801264731547559e-03,-5.555230128186008226e-03
2.220000000000000029e-01,1.110246666666668269e-01,5.541720641412339833e-05,5.541720641412339887e-02,2.693836529805499325e+01,-1.393289615117794922e+00,-2.693836529805499325e+01,-1.138400688968369684e-03,-5.586044734818346007e-03
2.240000000000000047e-01,1.120248888888890487e-01,5.428202229384049298e-05,5.428202229384049282e-02,2.690184011873746428e+01,-1.392154430997512016e+00,-2.690184011873746428e+01,-1.133689198539723081e-03,-5.616603316836603355e-03
2.260000000000000064e-01,1.130251111111112844e-01,5.314932415517792180e-05,5.314932415517792386e-02,2.690180797379447242e+01,-1.391021732858849447e+00,-2.690180797379447242e+01,-1.131882048305221655e-03,-5.647074575338827118e-03
2.280000000000000082e-01,1.140253333333335062e-01,5.201775513854190028e-05,5.201775513854189903e-02,2.685972338046166641e+01,-1.389890163842213422e+00,-2.685972338046166641e+01,-1.129189965222446301e-03,-5.677492246483172543e-03
2.300000000000000100e-01,1.150255555555557280e-01,5.089044236252627086e-05,5.089044236252627390e-02,2.679872372423652394e+01,-1.388762851066197790e+00,-2.679872372423652394e+01,-1.123479106411938433e-03,-5.707738535570282094e-03
2.320000000000000118e-01,1.160257777777779498e-01,4.977029760167073007e-05,4.977029760167073213e-02,2.673814162577683362e+01,-1.387642706305342255e+00,-2.673814162577683362e+01,-1.116760462694023348e-03,-5.737725681711537858e-03
2.340000000000000135e-01,1.170260000000001716e-01,4.865642509915480058e-05,4.865642509915479863e-02,2.672545629880327667e+01,-1.386528833802826322e+00,-2.672545629880327667e+01,-1.112305829409021563e-03,-5.767506701336314046e-03
2.360000000000000153e-01,1.180262222222224072e-01,4.754519158470626967e-05,4.754519158470627005e-02,2.673751403155075934e+01,-1.385417600288377793e+00,-2.673751403155075934e+01,-1.109502396105476602e-03,-5.797218693196107969e-03
2.380000000000000171e-01,1.190264444444446290e-01,4.643692719476777544e-05,4.643692719476777420e-02,2.670947742846563244e+01,-1.384309335898439297e+00,-2.670947742846563244e+01,-1.104393744033916464e-03,-5.826840973812202548e-03
2.399999999999999911e-01,1.200266666666668369e-01,4.533591325497443678e-05,4.533591325497443592e-02,2.665427594179151072e+01,-1.383208321958645959e+00,-2.665427594179151072e+01,-1.096388358528016527e-03,-5.856221225497787106e-03
2.419999999999999929e-01,1.210268888888890587e-01,4.424366319399686059e-05,4.424366319399686276e-02,2.659838420698954309e+01,-1.382116071897668386e+00,-2.659838420698954309e+01,-1.090009765992373120e-03,-5.885306743570315434e-03
2.439999999999999947e-01,1.220271111111112805e-01,4.315540927420480723e-05,4.315540927420481038e-02,2.658379470405896683e+01,-1.381027817977876326e+00,-2.658379470405896683e+01,-1.089769531540950992e-03,-5.914248295965879830e-03
2.459999999999999964e-01,1.230273333333335162e-01,4.206363978890092863e-05,4.206363978890093058e-02,2.659324675160064544e+01,-1.379936048492572453e+00,-2.659324675160064544e+01,-1.094184851698428579e-03,-5.943279844430587183e-03
2.479999999999999982e-01,1.240275555555557380e-01,4.096655326642939548e-05,4.096655326642939521e-02,2.661998201003721221e+01,-1.378838961970100918e+00,-2.661998201003721221e+01,-1.097679002260307235e-03,-5.972471710915350923e-03
2.500000000000000000e-01,1.250277777777779598e-01,3.986779392704598225e-05,3.986779392704598024e-02,2.662954826294475197e+01,-1.377740202630717503e+00,-2.662954826294475197e+01,-1.096857621301496055e-03,-6.001727457311442290e-03
2.520000000000000018e-01,1.260280000000001954e-01,3.877235053155025907e-05,3.877235053155025923e-02,2.656900113468069335e+01,-1.376644759235221782e+00,-2.656900113468069335e+01,-1.090957242784018622e-03,-6.030867145977146689e-03
2.540000000000000036e-01,1.270282222222224033e-01,3.768539457159225979e-05,3.768539457159225670e-02,2.648615175630499863e+01,-1.375557803275263780e+00,-2.648615175630499863e+01,-1.081398892959991448e-03,-6.059703916146247024e-03
2.560000000000000053e-01,1.280284444444446390e-01,3.660907212390007465e-05,3.660907212390007714e-02,2.645575276101083162e+01,-1.374481480827571600e+00,-2.645575276101083162e+01,-1.072704803358776049e-03,-6.088198531559270953e-03
2.580000000000000071e-01,1.290286666666668469e-01,3.553950820718432263e-05,3.553950820718432269e-02,2.647269833614517864e+01,-1.373411916910855846e+00,-2.647269833614517864e+01,-1.068310374870491686e-03,-6.116507212168471354e-03
2.600000000000000089e-01,1.300288888888890826e-01,3.447197656954803589e-05,3.447197656954803513e-02,2.651750703518505858e+01,-1.372344385273219558e+00,-2.651750703518505858e+01,-1.065899848668151739e-03,-6.144794447550320886e-03
2.620000000000000107e-01,1.310291111111113183e-01,3.340723477658191759e-05,3.340723477658191776e-02,2.650596305179087508e+01,-1.371279643480253441e+00,-2.650596305179087508e+01,-1.060992993308342014e-03,-6.173023040520517202e-03
2.640000000000000124e-01,1.320293333333335262e-01,3.234951903048988387e-05,3.234951903048988164e-02,2.648290752951545812e+01,-1.370221927734161405e+00,-2.648290752951545812e+01,-1.052535490161730924e-03,-6.201044365377851413e-03
2.660000000000000142e-01,1.330295555555557618e-01,3.130169600270726763e-05,3.130169600270726882e-02,2.645320881604911278e+01,-1.369174104706378792e+00,-2.645320881604911278e+01,-1.043119760529849505e-03,-6.228776072767252397e-03
2.680000000000000160e-01,1.340297777777779697e-01,3.026281590064772254e-05,3.026281590064772153e-02,2.643722115831926445e+01,-1.368135224604319244e+00,-2.643722115831926445e+01,-1.035695233171242402e-03,-6.256248954495158970e-03
2.700000000000000178e-01,1.350300000000002054e-01,2.922984522737226496e-05,2.922984522737226420e-02,2.639374405627519593e+01,-1.367102253931043787e+00,-2.639374405627519593e+01,-1.032349965630357039e-03,-6.283533713223174964e-03
2.720000000000000195e-01,1.360302222222224411e-01,2.819765714718003337e-05,2.819765714718003302e-02,2.629815640335601046e+01,-1.366070065850851556e+00,-2.629815640335601046e+01,-1.032634376879533813e-03,-6.310724222516639857e-03
2.740000000000000213e-01,1.370304444444446490e-01,2.716411752500125237e-05,2.716411752500125232e-02,2.621792939077299422e+01,-1.365036526228672775e+00,-2.621792939077299422e+01,-1.030393118823471135e-03,-6.337860020162136565e-03
2.760000000000000231e-01,1.380306666666668847e-01,2.613641295703583760e-05,2.613641295703583722e-02,2.617009507237425225e+01,-1.364008821660707360e+00,-2.617009507237425225e+01,-1.020404521993454466e-03,-6.364775439464005584e-03
2.780000000000000249e-01,1.390308888888890926e-01,2.512285496789345995e-05,2.512285496789345984e-02,2.617213242617380331e+01,-1.362995263671564983e+00,-2.617213242617380331e+01,-1.006590000346198679e-03,-6.391296473291665711e-03
2.800000000000000266e-01,1.400311111111113282e-01,2.412278558300995305e-05,2.412278558300995357e-02,2.616823250118203248e+01,-1.361995194286681476e+00,-2.616823250118203248e+01,-9.960356377524473559e-04,-6.417464822326583891e-03
2.820000000000000284e-01,1.410313333333335639e-01,2.313034100988287204e-05,2.313034100988287101e-02,2.615211326347775156e+01,-1.361002749713554394e+00,-2.615211326347775156e+01,-9.890343992803533185e-04,-6.443424498050244822e-03
2.840000000000000302e-01,1.420315555555557718e-01,2.214427721360512556e-05,2.214427721360512705e-02,2.614626954921553548e+01,-1.360016685917276646e+00,-2.614626954921553548e+01,-9.818048915907883617e-04,-6.469206794924542772e-03
2.860000000000000320e-01,1.430317777777780075e-01,2.116629486897170150e-05,2.116629486897170231e-02,2.614424767052380716e+01,-1.359038703572643225e+00,-2.614424767052380716e+01,-9.739478510201980688e-04,-6.494772800502776264e-03
2.880000000000000338e-01,1.440320000000002154e-01,2.019594864585316823e-05,2.019594864585316785e-02,2.613181177346583084e+01,-1.358068357349524691e+00,-2.613181177346583084e+01,-9.672588290837742103e-04,-6.520130652189006643e-03
2.899999999999999800e-01,1.450322222222224233e-01,1.923134731799125430e-05,1.923134731799125419e-02,2.614363125559960110e+01,-1.357103756021662777e+00,-2.614363125559960110e+01,-9.600205803008080713e-04,-6.545339177439313087e-03
2.919999999999999818e-01,1.460324444444446590e-01,1.827548080943808452e-05,1.827548080943808620e-02,2.614819521062711161e+01,-1.356147889513109606e+00,-2.614819521062711161e+01,-9.495438049974738032e-04,-6.570330170468993182e-03
2.939999999999999836e-01,1.470326666666668669e-01,1.733183768852741792e-05,1.733183768852741835e-02,2.610390416439836869e+01,-1.355204246392198941e+00,-2.610390416439836869e+01,-9.387177998090735082e-04,-6.594985708767673281e-03
2.959999999999999853e-01,1.480328888888891026e-01,1.639762800190891438e-05,1.639762800190891490e-02,2.605710258259399836e+01,-1.354270036705580438e+00,-2.605710258259399836e+01,-9.309279729009098045e-04,-6.619354273240529198e-03
2.979999999999999871e-01,1.490331111111113105e-01,1.546956799695986412e-05,1.546956799695986366e-02,2.603436875696699815e+01,-1.353341976700631388e+00,-2.603436875696699815e+01,-9.240590131629798989e-04,-6.643529930284409850e-03
2.999999999999999889e-01,1.500333333333335462e-01,1.454909928268821671e-05,1.454909928268821595e-02,2.600072569004716527e+01,-1.352421507986359739e+00,-2.600072569004716527e+01,-9.162981785653572311e-04,-6.667480205008576022e-03
3.019999999999999907e-01,1.510335555555557818e-01,1.363656439619420690e-05,1.363656439619420624e-02,2.596812163673095952e+01,-1.351508973099865729e+00,-2.596812163673095952e+01,-9.103468739601718387e-04,-6.691192582222459800e-03
3.039999999999999925e-01,1.520337777777779897e-01,1.272800093615722451e-05,1.272800093615722439e-02,2.596429579927179532e+01,-1.350600409639828747e+00,-2.596429579927179532e+01,-9.108647895688156554e-04,-6.714784907345521317e-03
3.059999999999999942e-01,1.530340000000002254e-01,1.181442998826121126e-05,1.181442998826121200e-02,2.598436770032821741e+01,-1.349686838691932733e+00,-2.598436770032821741e+01,-9.179644745709019532e-04,-6.738513703104086032e-03
3.079999999999999960e-01,1.540342222222224333e-01,1.089166400280450164e-05,1.089166400280450198e-02,2.595240714011383432e+01,-1.348764072706476025e+00,-2.595240714011383432e+01,-9.250611220355357822e-04,-6.762473643201354773e-03
3.099999999999999978e-01,1.550344444444446690e-01,9.963896605913680760e-06,9.963896605913680204e-03,2.591535036400322412e+01,-1.347836305309585203e+00,-2.591535036400322412e+01,-9.264106027875064486e-04,-6.786532336865575867e-03
3.119999999999999996e-01,1.560346666666669047e-01,9.038431059183782274e-06,9.038431059183782423e-03,2.590440330339631814e+01,-1.346910839762855305e+00,-2.590440330339631814e+01,-9.194148162520246470e-04,-6.810510638461243597e-03
3.140000000000000013e-01,1.570348888888891126e-01,8.124658344602408975e-06,8.124658344602408988e-03,2.587471336821310786e+01,-1.345997067048273932e+00,-2.587471336821310786e+01,-9.041567059289330743e-04,-6.834166061375194015e-03
3.160000000000000031e-01,1.580351111111113482e-01,7.229715799901059915e-06,7.229715799901059725e-03,2.587442976793473193e+01,-1.345102124503572583e+00,-2.587442976793473193e+01,-8.869574401792622471e-04,-6.857318788674153162e-03
3.180000000000000049e-01,1.590353333333335561e-01,6.350349260937138161e-06,6.350349260937138141e-03,2.591079413191038583e+01,-1.344222757964608661e+00,-2.591079413191038583e+01,-8.772208145049163741e-04,-6.880083040969702836e-03
3.200000000000000067e-01,1.600355555555557918e-01,5.474884294973670169e-06,5.474884294973669796e-03,2.594980850958384266e+01,-1.343347292998645193e+00,-2.594980850958384266e+01,-8.781757595857026324e-04,-6.902778821852879193e-03
3.220000000000000084e-01,1.610357777777780275e-01,4.593607441428115590e-06,4.593607441428115834e-03,2.590557805723098994e+01,-1.342466016145099639e+00,-2.590557805723098994e+01,-8.836845170541198207e-04,-6.925623569365092075e-03
3.240000000000000102e-01,1.620360000000002354e-01,3.707122512191185472e-06,3.707122512191185493e-03,2.583739458743222173e+01,-1.341579531215862708e+00,-2.583739458743222173e+01,-8.824746648806646929e-04,-6.948555315284606938e-03
3.260000000000000120e-01,1.630362222222224711e-01,2.828265900704618396e-06,2.828265900704618474e-03,2.576756811949552173e+01,-1.340700674604376141e+00,-2.576756811949552173e+01,-8.621083173904959315e-04,-6.971231726656982458e-03
3.280000000000000138e-01,1.640364444444446790e-01,1.982522718158019615e-06,1.982522718158019615e-03,2.565198499206598370e+01,-1.339854931421829543e+00,-2.565198499206598370e+01,-8.079410994643740828e-04,-6.992977375333186453e-03
3.300000000000000155e-01,1.650366666666669146e-01,1.212024616842777386e-06,1.212024616842777291e-03,2.547930080932707853e+01,-1.339084433320514300e+00,-2.547930080932707853e+01,-7.043319061630565810e-04,-7.012676599628592244e-03
3.320000000000000173e-01,1.660368888888891503e-01,5.735458694291484427e-07,5.735458694291484250e-04,2.526236215103307359e+01,-1.338445954573100671e+00,-2.526236215103307359e+01,-5.353597430214360534e-04,-7.028874521806778401e-03
3.340000000000000191e-01,1.670371111111113582e-01,1.410671931363349694e-07,1.410671931363349785e-04,2.501345324005557913e+01,-1.338013475896807858e+00,-2.501345324005557913e+01,-2.867092215542330308e-04,-7.039745777937683052e-03
3.360000000000000209e-01,1.680373333333335939e-01,0.000000000000000000e+00,0.000000000000000000e+00,2.482856836601419914e+01,-1.337872408703671523e+00,-2.482856836601419914e+01,3.104159067438442090e-05,-7.043259630973773729e-03
3.380000000000000226e-01,1.690375555555558018e-01,2.031641707476161740e-07,2.031641707476161685e-04,2.485227594327659872e+01,-1.338075572874419139e+00,-2.485227594327659872e+01,3.795037548741722329e-04,-7.038204918527857235e-03
3.400000000000000244e-01,1.700377777777780375e-01,7.591761780838535670e-07,7.591761780838535145e-04,2.483064920450769009e+01,-1.338631584881755376e+00,-2.483064920450769009e+01,7.587829375981986792e-04,-7.024382436514257054e-03
3.420000000000000262e-01,1.710380000000002731e-01,1.721067282805188705e-06,1.721067282805188725e-03,2.447617002319937285e+01,-1.339593475986476712e+00,-2.447617002319937285e+01,1.254260443319604864e-03,-7.000664438656805516e-03
3.440000000000000280e-01,1.720382222222224811e-01,3.268254513808965770e-06,3.268254513808965811e-03,2.377640448564123687e+01,-1.341140663217480489e+00,-2.377640448564123687e+01,1.988026090935904149e-03,-6.963351611681977207e-03
3.460000000000000298e-01,1.730384444444447167e-01,5.698003031828547299e-06,5.698003031828547706e-03,2.300761764924964226e+01,-1.343570411735500070e+00,-2.300761764924964226e+01,3.047085089191412660e-03,-6.906564937242314593e-03
3.480000000000000315e-01,1.740386666666669246e-01,9.363778952231394914e-06,9.363778952231394115e-03,2.233942995503597828e+01,-1.347236187655902917e+00,-2.233942995503597828e+01,4.464462803231899167e-03,-6.823530503785047059e-03
3.500000000000000333e-01,1.750388888888891603e-01,1.462891284398271146e-05,1.462891284398271097e-02,2.173328387838516917e+01,-1.352501321547654234e+00,-2.173328387838516917e+01,6.246314236477591188e-03,-6.707593337228083541e-03
3.519999999999999796e-01,1.760391111111113682e-01,2.185918356484717266e-05,2.185918356484717329e-02,2.115183155060918097e+01,-1.359731592268518696e+00,-2.115183155060918097e+01,8.388840217529608748e-03,-6.552631826465349016e-03
3.539999999999999813e-01,1.770393333333335761e-01,3.141032165247170584e-05,3.141032165247170660e-02,2.065723945041133547e+01,-1.369282730356143229e+00,-2.065723945041133547e+01,1.087949187643884319e-02,-6.353035203780364910e-03
3.559999999999999831e-01,1.780395555555558118e-01,4.362300264744778454e-05,4.362300264744778389e-02,2.032266533976119760e+01,-1.381495411351119307e+00,-2.032266533976119760e+01,1.371175666963989764e-02,-6.102860087307784148e-03
3.579999999999999849e-01,1.790397777777780197e-01,5.883992910582680382e-05,5.883992910582680480e-02,2.018150006529277363e+01,-1.396712337809498328e+00,-2.018150006529277363e+01,1.689022829773003179e-02,-5.794720977643750409e-03
3.599999999999999867e-01,1.800400000000002554e-01,7.741096601104024944e-05,7.741096601104024977e-02,2.019864229949810408e+01,-1.415283374714711773e+00,-2.019864229949810408e+01,2.041635016114732096e-02,-5.419754539155034571e-03
3.619999999999999885e-01,1.810402222222224911e-01,9.968170336152693618e-05,9.968170336152692990e-02,2.039708520724163066e+01,-1.437554112065198453e+00,-2.039708520724163066e+01,2.428125794303527540e-02,-4.967635866962100827e-03
3.639999999999999902e-01,1.820404444444446990e-01,1.259842735673075793e-04,1.259842735673075698e-01,2.079374607687089949e+01,-1.463856682270979093e+00,-2.079374607687089949e+01,2.847487632324272044e-02,-4.425793163298028660e-03
3.659999999999999920e-01,1.830406666666669346e-01,1.566441115086005843e-04,1.566441115086005809e-01,2.140353487906945418e+01,-1.494516520212272104e+00,-2.140353487906945418e+01,3.299567522629480443e-02,-3.778718942594428646e-03
3.679999999999999938e-01,1.840408888888891425e-01,1.919902887644420284e-04,1.919902887644420186e-01,2.224061180876795163e+01,-1.529862697468113542e+00,-2.224061180876795163e+01,3.784948595245457570e-02,-3.007135158196446150e-03
3.699999999999999956e-01,1.850411111111113782e-01,2.323599054072664834e-04,2.323599054072664760e-01,2.335226175790580783e+01,-1.570232314110937999e+00,-2.335226175790580783e+01,4.303757348952748363e-02,-2.086527375615326949e-03
3.719999999999999973e-01,1.860413333333336139e-01,2.780845635539379475e-04,2.780845635539379579e-01,2.483805343524690201e+01,-1.615956972257609481e+00,-2.483805343524690201e+01,4.854850026999699142e-02,-9.843510379348935704e-04
3.739999999999999991e-01,1.870415555555558218e-01,3.294784830584913927e-04,3.294784830584913671e-01,2.675415143517946248e+01,-1.667350891762162890e+00,-2.675415143517946248e+01,5.436171010654269886e-02,3.420201745141949871e-04
3.760000000000000009e-01,1.880417777777780575e-01,3.868321445270708520e-04,3.868321445270708758e-01,2.908730214389211355e+01,-1.724704553230742343e+00,-2.908730214389211355e+01,6.045749247930673476e-02,1.944197790625615263e-03
3.780000000000000027e-01,1.890420000000002654e-01,4.504203380137621494e-04,4.504203380137621338e-01,3.187319044171073301e+01,-1.788292746717433657e+00,-3.187319044171073301e+01,6.682391054600303471e-02,3.883437553342567947e-03
3.800000000000000044e-01,1.900422222222225010e-01,5.205096651348752913e-04,5.205096651348752879e-01,3.518038655778703827e+01,-1.858382073838546811e+00,-3.518038655778703827e+01,7.345469708853388791e-02,6.234620591799494571e-03
3.820000000000000062e-01,1.910424444444447367e-01,5.973623787228712510e-04,5.973623787228712345e-01,3.902610836540512196e+01,-1.935234787426542757e+00,-3.902610836540512196e+01,8.035428605595412721e-02,9.087699167818319435e-03
3.840000000000000080e-01,1.920426666666669446e-01,6.812539502628081568e-04,6.812539502628081056e-01,4.352765314791231077e+01,-2.019126358966479629e+00,-4.352765314791231077e+01,8.752778318464393692e-02,1.255241932172746280e-02
3.860000000000000098e-01,1.930428888888891803e-01,7.724568463291301822e-04,7.724568463291301423e-01,4.868547589962797417e+01,-2.110329255032801665e+00,-4.868547589962797417e+01,9.496018360975738704e-02,1.675981003436294650e-02
3.880000000000000115e-01,1.940431111111113882e-01,8.712165220083713853e-04,8.712165220083714079e-01,5.459662606981873978e+01,-2.209088930712042931e+00,-5.459662606981873978e+01,1.026218085095813026e-01,2.186263324476031902e-02
3.900000000000000133e-01,1.950433333333336239e-01,9.777460730409639426e-04,9.777460730409639478e-01,6.128378610224348932e+01,-2.315618481744635471e+00,-6.128378610224348932e+01,1.104854752234944448e-01,2.803822009449533428e-02
3.920000000000000151e-01,1.960435555555558595e-01,1.092236577111018164e-03,1.092236577111018070e+00,6.879120212410174418e+01,-2.430108985814689593e+00,-6.879120212410174418e+01,1.185368489779078383e-01,3.548811920691716248e-02
3.940000000000000169e-01,1.970437777777780675e-01,1.214872454040769479e-03,1.214872454040769378e+00,7.725320221202380822e+01,-2.552744862744440901e+00,-7.725320221202380822e+01,1.267616344835523767e-01,4.444747722834736098e-02
3.960000000000000187e-01,1.980440000000003031e-01,1.345816184582337809e-03,1.345816184582337760e+00,8.681049251358491858e+01,-2.683688593286009283e+00,-8.681049251358491858e+01,1.351340114011879701e-01,5.519382191329577636e-02
3.980000000000000204e-01,1.990442222222225110e-01,1.485200536403767646e-03,1.485200536403767702e+00,9.755196749763246089e+01,-2.823072945107439224e+00,-9.755196749763246089e+01,1.436086437701800111e-01,6.804789291023033426e-02
4.000000000000000222e-01,2.000444444444447467e-01,1.633097298186595879e-03,1.633097298186595880e+00,1.096195956393249986e+02,-2.970969706890267403e+00,-1.096195956393249986e+02,1.521159207450254458e-01,8.337401142103260943e-02
4.020000000000000240e-01,2.010446666666669824e-01,1.789499984969709261e-03,1.789499984969709301e+00,1.229936722949431811e+02,-3.127372393673380824e+00,-1.229936722949431811e+02,1.605994103551665608e-01,1.015714288702647267e-01
4.040000000000000258e-01,2.020448888888891903e-01,1.954367496412642152e-03,1.954367496412642069e+00,1.376058442608984365e+02,-3.292239905116313814e+00,-1.376058442608984365e+02,1.690403701627948285e-01,1.230609745445245262e-01
4.060000000000000275e-01,2.030451111111114260e-01,2.127655854348704627e-03,2.127655854348704523e+00,1.534507701529605583e+02,-3.465528263052376268e+00,-1.534507701529605583e+02,1.774271681279879775e-01,1.482872725427579197e-01
4.080000000000000293e-01,2.040453333333336339e-01,2.309300689187785641e-03,2.309300689187785860e+00,1.705852352535674186e+02,-3.647173097891456717e+00,-1.705852352535674186e+02,1.857281526494585222e-01,1.777254628420237847e-01
4.100000000000000311e-01,2.050455555555558695e-01,2.499194705493243407e-03,2.499194705493243518e+00,1.892645222142085686e+02,-3.837067114196914819e+00,-1.892645222142085686e+02,1.939042167271320949e-01,2.119010769536821825e-01
4.120000000000000329e-01,2.060457777777781052e-01,2.697195302293933696e-03,2.697195302293933672e+00,2.095173163805708327e+02,-4.035067710997605417e+00,-2.095173163805708327e+02,2.019295478310334513e-01,2.513900521540263777e-01
4.140000000000000346e-01,2.070460000000003131e-01,2.903143547621012729e-03,2.903143547621012566e+00,2.314170834178372900e+02,-4.241015956324684311e+00,-2.314170834178372900e+02,2.097738021322672619e-01,2.968048161561975817e-01
4.160000000000000364e-01,2.080462222222225488e-01,3.116836139359415933e-03,3.116836139359415725e+00,2.548531963820935005e+02,-4.454708548063087470e+00,-2.548531963820935005e+02,2.173762038062720947e-01,3.487713310358531715e-01
4.179999999999999827e-01,2.090464444444447289e-01,3.337992566879686984e-03,3.337992566879687040e+00,2.795259320324993269e+02,-4.675864975583358785e+00,-2.795259320324993269e+02,2.246663767645764587e-01,4.078724885489835028e-01
4.199999999999999845e-01,2.100466666666669646e-01,3.566268744611569060e-03,3.566268744611568842e+00,3.049157268331338173e+02,-4.904141153315240587e+00,-3.049157268331338173e+02,2.316108085091386215e-01,4.745897630307005510e-01
4.219999999999999862e-01,2.110468888888892003e-01,3.801317122035085400e-03,3.801317122035085205e+00,3.305572718006475839e+02,-5.139189530738756950e+00,-3.305572718006475839e+02,2.382187536732209843e-01,5.492829598448769612e-01
4.239999999999999880e-01,2.120471111111114082e-01,4.042812126959643114e-03,4.042812126959643315e+00,3.563602914607624825e+02,-5.380684535663315060e+00,-3.563602914607624825e+02,2.445069786451408156e-01,6.322358040483370134e-01
4.259999999999999898e-01,2.130473333333336439e-01,4.290439749093653485e-03,4.290439749093653887e+00,3.825429140136650403e+02,-5.628312157797324744e+00,-3.825429140136650403e+02,2.504781844448440431e-01,7.237310165099679615e-01
4.279999999999999916e-01,2.140475555555558518e-01,4.543879819486861850e-03,4.543879819486861926e+00,4.090259236950550985e+02,-5.881752228190533671e+00,-4.090259236950550985e+02,2.561398363268940770e-01,8.240469185746750469e-01
4.299999999999999933e-01,2.150477777777780874e-01,4.802833261674697811e-03,4.802833261674697596e+00,4.356338201815913180e+02,-6.140705670378369341e+00,-4.356338201815913180e+02,2.615260789521864915e-01,9.334184512435310666e-01
4.319999999999999951e-01,2.160480000000003231e-01,5.067048211204109101e-03,5.067048211204109087e+00,4.622691390527078283e+02,-6.404920619907780832e+00,-4.622691390527078283e+02,2.666878373979066907e-01,1.052045444252130091e+00
4.339999999999999969e-01,2.170482222222225310e-01,5.336327464398243903e-03,5.336327464398244125e+00,4.889271793814732519e+02,-6.674199873101915870e+00,-4.889271793814732519e+02,2.716827261322896092e-01,1.180121086196954217e+00
4.359999999999999987e-01,2.180484444444447667e-01,5.610534411346969862e-03,5.610534411346970174e+00,5.158513816101717566e+02,-6.948406820050641919e+00,-5.158513816101717566e+02,2.765450710607866291e-01,1.317886388934213615e+00
4.380000000000000004e-01,2.190486666666669746e-01,5.889540515440288941e-03,5.889540515440288893e+00,5.431424926426403772e+02,-7.227412924143960637e+00,-5.431424926426403772e+02,2.812672635574080537e-01,1.465625723398468194e+00
4.400000000000000022e-01,2.200488888888892103e-01,6.173193946134477618e-03,6.173193946134477805e+00,5.702178089584045892e+02,-7.511066354838149550e+00,-5.702178089584045892e+02,2.858234731919813143e-01,1.623536112537419474e+00
4.420000000000000040e-01,2.210491111111114459e-01,6.461314494479011676e-03,6.461314494479011294e+00,5.971277542650522037e+02,-7.799186903182683039e+00,-5.971277542650522037e+02,2.901816800036329802e-01,1.791710108946574564e+00
4.440000000000000058e-01,2.220493333333336539e-01,6.753686275777300366e-03,6.753686275777300629e+00,6.241841331786667979e+02,-8.091558684480972374e+00,-6.241841331786667979e+02,2.943062680990600199e-01,1.970254355297459181e+00
4.460000000000000075e-01,2.230495555555558895e-01,7.050057833462953366e-03,7.050057833462953560e+00,6.516832935021501498e+02,-8.387930242166625305e+00,-6.516832935021501498e+02,2.981582197995669148e-01,2.159325244564046287e+00
4.480000000000000093e-01,2.240497777777780974e-01,7.350135230140789067e-03,7.350135230140788956e+00,6.795063915955018956e+02,-8.688007638844460701e+00,-6.795063915955018956e+02,3.017157979218070274e-01,2.359060337820289899e+00
4.500000000000000111e-01,2.250500000000003331e-01,7.653623525216754660e-03,7.653623525216755041e+00,7.075512802177532876e+02,-8.991495933920425898e+00,-7.075512802177532876e+02,3.049772604155158717e-01,2.569542927754853601e+00
4.520000000000000129e-01,2.260502222222225688e-01,7.960225296420903041e-03,7.960225296420903263e+00,7.360821833990606819e+02,-9.298097705124574119e+00,-7.360821833990606819e+02,3.079199500559663960e-01,2.790857466720870317e+00
4.540000000000000147e-01,2.270504444444447767e-01,8.269600278639823235e-03,8.269600278639822832e+00,7.652309366292338382e+02,-9.607472687343493689e+00,-7.652309366292338382e+02,3.104929918377830056e-01,3.023095517756251738e+00
4.560000000000000164e-01,2.280506666666670124e-01,8.581349276981729488e-03,8.581349276981729446e+00,7.948574141462780744e+02,-9.919221685685400303e+00,-7.948574141462780744e+02,3.126413174596294198e-01,3.266276534517402741e+00
4.580000000000000182e-01,2.290508888888892203e-01,8.895021865255731131e-03,8.895021865255731797e+00,8.243396291133070690e+02,-1.023289427395940265e+01,-8.243396291133070690e+02,3.143370203336131041e-01,3.520227683827098275e+00
4.600000000000000200e-01,2.300511111111114559e-01,9.210163022991326234e-03,9.210163022991325832e+00,8.538185717426247265e+02,-1.054803543169499669e+01,-8.538185717426247265e+02,3.156015623312304896e-01,3.784657504519524096e+00
4.620000000000000218e-01,2.310513333333336916e-01,9.526365257279236290e-03,9.526365257279236332e+00,8.835744585302041969e+02,-1.086423766598290719e+01,-8.835744585302041969e+02,3.164873643823735705e-01,4.059341982108235491e+00
4.640000000000000235e-01,2.320515555555558995e-01,9.843278412806910627e-03,9.843278412806910183e+00,9.138733972861474513e+02,-1.118115082151058104e+01,-9.138733972861474513e+02,3.170262378986512530e-01,4.344159494232174623e+00
4.660000000000000253e-01,2.330517777777781352e-01,1.016055863362671716e-02,1.016055863362671730e+01,9.446576818383520049e+02,-1.149843104233038815e+01,-9.446576818383520049e+02,3.171750027706998765e-01,4.638996566543895028e+00
4.680000000000000271e-01,2.340520000000003431e-01,1.047776938501620778e-02,1.047776938501620769e+01,9.759196740337566780e+02,-1.181564179371987855e+01,-9.759196740337566780e+02,3.168588683436377451e-01,4.943609183823924447e+00
4.700000000000000289e-01,2.350522222222225788e-01,1.079441719647770102e-02,1.079441719647770093e+01,1.007713182688944016e+03,-1.213228960518137178e+01,-1.007713182688944016e+03,3.160739542105650557e-01,5.257663448268211859e+00
4.720000000000000306e-01,2.360524444444448144e-01,1.111005777075032772e-02,1.111005777075032697e+01,1.039892691978450785e+03,-1.244793017945399782e+01,-1.039892691978450785e+03,3.148717005254306756e-01,5.580814103801443160e+00
4.740000000000000324e-01,2.370526666666670224e-01,1.142430054050657361e-02,1.142430054050657340e+01,1.072322562466428280e+03,-1.276217294921024425e+01,-1.072322562466428280e+03,3.132913044919067858e-01,5.912684559172022070e+00
4.760000000000000342e-01,2.380528888888892580e-01,1.173677962031391409e-02,1.173677962031391431e+01,1.105011845219042698e+03,-1.307465202901758516e+01,-1.105011845219042698e+03,3.113231461626098096e-01,6.252865957422489629e+00
4.780000000000000360e-01,2.390531111111114659e-01,1.204708519867453420e-02,1.204708519867453376e+01,1.138296079273803798e+03,-1.338495760737820461e+01,-1.138296079273803798e+03,3.089278844165477267e-01,6.600916303067033475e+00
4.799999999999999822e-01,2.400533333333336738e-01,1.235477269042896398e-02,1.235477269042896431e+01,1.172059735669387010e+03,-1.369264509913263517e+01,-1.172059735669387010e+03,3.061005580412752280e-01,6.956344039705177451e+00
4.819999999999999840e-01,2.410535555555559095e-01,1.265942235944954655e-02,1.265942235944954675e+01,1.206184433828301962e+03,-1.399729476815321760e+01,-1.206184433828301962e+03,3.028458547438290793e-01,7.318602784802927808e+00
4.839999999999999858e-01,2.420537777777781174e-01,1.296059899807428493e-02,1.296059899807428550e+01,1.240754678032723405e+03,-1.429847140677795636e+01,-1.240754678032723405e+03,2.991534395859529738e-01,7.687075485678669828e+00
4.859999999999999876e-01,2.430540000000003531e-01,1.325786219570571252e-02,1.325786219570571234e+01,1.275778194974195685e+03,-1.459573460440938319e+01,-1.275778194974195685e+03,2.950190369520662159e-01,8.061103205722282894e+00
4.879999999999999893e-01,2.440542222222225610e-01,1.355076819155039657e-02,1.355076819155039658e+01,1.311430536302729706e+03,-1.488864060025406744e+01,-1.311430536302729706e+03,2.903967735248658144e-01,8.439998169868569988e+00
4.899999999999999911e-01,2.450544444444447967e-01,1.383878480798812240e-02,1.383878480798812305e+01,1.347992198021574495e+03,-1.517665721669179213e+01,-1.347992198021574495e+03,2.851864382112507812e-01,8.822966384798604622e+00
4.919999999999999929e-01,2.460546666666670323e-01,1.412126781750099903e-02,1.412126781750099980e+01,1.385363082909369723e+03,-1.545914022620466888e+01,-1.385363082909369723e+03,2.793190956551807602e-01,9.209017318396711005e+00
4.939999999999999947e-01,2.470548888888892403e-01,1.439754714111877477e-02,1.439754714111877476e+01,1.423113306625648647e+03,-1.573541954982244562e+01,-1.423113306625648647e+03,2.727992454841103864e-01,9.596965539846463500e+00
4.959999999999999964e-01,2.480551111111114759e-01,1.466698755257832276e-02,1.466698755257832332e+01,1.460891814324285633e+03,-1.600485996128199417e+01,-1.460891814324285633e+03,2.656645017453556079e-01,9.985484303234400727e+00
4.979999999999999982e-01,2.490553333333336838e-01,1.492899421772137143e-02,1.492899421772137103e+01,1.498583522622611099e+03,-1.626686662642504189e+01,-1.498583522622611099e+03,2.579344392729883140e-01,1.037316932244370093e+01
5.000000000000000000e-01,2.500555555555559195e-01,1.518297106865286461e-02,1.518297106865286494e+01,1.536203066881122595e+03,-1.652084347735653580e+01,-1.536203066881122595e+03,2.495876817604880671e-01,1.075853484104265867e+01
5.020000000000000018e-01,2.510557777777781552e-01,1.542828050910091502e-02,1.542828050910091520e+01,1.573690003355393173e+03,-1.676615291780458605e+01,-1.573690003355393173e+03,2.405923748574148036e-01,1.113995947265155451e+01
5.040000000000000036e-01,2.520560000000003908e-01,1.566426274831208068e-02,1.566426274831208154e+01,1.610601459215992691e+03,-1.700213515701575062e+01,-1.610601459215992691e+03,2.309696521183228768e-01,1.151565812176027315e+01
5.060000000000000053e-01,2.530562222222225710e-01,1.589032246651627539e-02,1.589032246651627567e+01,1.646464930149138127e+03,-1.722819487521994475e+01,-1.646464930149138127e+03,2.208289676832571047e-01,1.188378378351780640e+01
5.080000000000000071e-01,2.540564444444448067e-01,1.610601882988644401e-02,1.610601882988644462e+01,1.681320162813995921e+03,-1.744389123859011548e+01,-1.681320162813995921e+03,2.103039323182818165e-01,1.224265909756370974e+01
5.100000000000000089e-01,2.550566666666670423e-01,1.631102379956720846e-02,1.631102379956720938e+01,1.715347560701383600e+03,-1.764889620827088024e+01,-1.715347560701383600e+03,1.994556240619562715e-01,1.259080575532351709e+01
5.120000000000000107e-01,2.560568888888892780e-01,1.650501872495439143e-02,1.650501872495439315e+01,1.748255769861188810e+03,-1.784289113365806045e+01,-1.748255769861188810e+03,1.882918060561280527e-01,1.292674636735480931e+01
5.140000000000000124e-01,2.570571111111115137e-01,1.668769109692660665e-02,1.668769109692660635e+01,1.779846904782514684e+03,-1.802556350563027721e+01,-1.779846904782514684e+03,1.768313159165888493e-01,1.324896995988447479e+01
5.160000000000000142e-01,2.580573333333336938e-01,1.685875994848352877e-02,1.685875994848352732e+01,1.810160399195650371e+03,-1.819663235718719818e+01,-1.810160399195650371e+03,1.651035035285204344e-01,1.355601977734907493e+01
5.180000000000000160e-01,2.590575555555559295e-01,1.701797148331854123e-02,1.701797148331854004e+01,1.839006832113966993e+03,-1.835584389202221089e+01,-1.839006832113966993e+03,1.531080386620704559e-01,1.384649570732982582e+01
5.200000000000000178e-01,2.600577777777781652e-01,1.716504407382485678e-02,1.716504407382485553e+01,1.866062201206524151e+03,-1.850291648252852639e+01,-1.866062201206524151e+03,1.408003409672922146e-01,1.411893465497029609e+01
5.220000000000000195e-01,2.610580000000004008e-01,1.729963474318244737e-02,1.729963474318244820e+01,1.891132452957672058e+03,-1.863750715188611906e+01,-1.891132452957672058e+03,1.281518319176626619e-01,1.437175900969601017e+01
5.240000000000000213e-01,2.620582222222226365e-01,1.742140469402992525e-02,1.742140469402992409e+01,1.914022627006182120e+03,-1.875927710273359494e+01,-1.914022627006182120e+03,1.152118205479286672e-01,1.460341934698888622e+01
5.260000000000000231e-01,2.630584444444448167e-01,1.753010958953188023e-02,1.753010958953187881e+01,1.934268726011132230e+03,-1.886798199823554967e+01,-1.934268726011132230e+03,1.020615128659905224e-01,1.481256831789309913e+01
5.280000000000000249e-01,2.640586666666670523e-01,1.762557308043428278e-02,1.762557308043428250e+01,1.951947601084295457e+03,-1.896344548913795336e+01,-1.951947601084295457e+03,8.874730766724958642e-02,1.499805088113574136e+01
5.300000000000000266e-01,2.650588888888892880e-01,1.770764364811423103e-02,1.770764364811423164e+01,1.966995549988838320e+03,-1.904551605681790249e+01,-1.966995549988838320e+03,7.532219772295434268e-02,1.515885437180434359e+01
5.320000000000000284e-01,2.660591111111115237e-01,1.777625095241251729e-02,1.777625095241251785e+01,1.979381025121530001e+03,-1.911412336111618870e+01,-1.979381025121530001e+03,6.189214122393060791e-02,1.529421997992284687e+01
5.340000000000000302e-01,2.670593333333337593e-01,1.783145543818041509e-02,1.783145543818041645e+01,1.988919875586698026e+03,-1.916932784688408731e+01,-1.988919875586698026e+03,4.856961751102950586e-02,1.540374645531780828e+01
5.360000000000000320e-01,2.680595555555559395e-01,1.787341177393124772e-02,1.787341177393124880e+01,1.995580045501230188e+03,-1.921128418263491966e+01,-1.995580045501230188e+03,3.542328186121679323e-02,1.548732844929254959e+01
5.380000000000000338e-01,2.690597777777781752e-01,1.790231774558367558e-02,1.790231774558367661e+01,1.999327470535113207e+03,-1.924019015428734747e+01,-1.999327470535113207e+03,2.250844647464234072e-02,1.554506336706181990e+01
5.400000000000000355e-01,2.700600000000004108e-01,1.791843867063452195e-02,1.791843867063452223e+01,2.000135947390774390e+03,-1.925631107933819308e+01,-2.000135947390774390e+03,9.916162354269175694e-03,1.557729959747804394e+01
5.420000000000000373e-01,2.710602222222226465e-01,1.792215447747548193e-02,1.792215447747548041e+01,1.997888708644664575e+03,-1.926002688617915126e+01,-1.997888708644664575e+03,-2.236889210346149071e-03,1.558472824385459177e+01
5.440000000000000391e-01,2.720604444444448822e-01,1.791396389804084804e-02,1.791396389804084777e+01,1.992893939819284697e+03,-1.925183630674451862e+01,-1.992893939819284697e+03,-1.387019583646598164e-02,1.556838720022270905e+01
5.460000000000000409e-01,2.730606666666670623e-01,1.789440792127107091e-02,1.789440792127107116e+01,1.985427887998331244e+03,-1.923228032997474202e+01,-1.985427887998331244e+03,-2.497907704074542323e-02,1.552949087607981227e+01
5.480000000000000426e-01,2.740608888888892980e-01,1.786399464214733640e-02,1.786399464214733612e+01,1.975686262443996384e+03,-1.920186705085100698e+01,-1.975686262443996384e+03,-3.560859850200159826e-02,1.546926038884404520e+01
5.500000000000000444e-01,2.750611111111115337e-01,1.782317489822328807e-02,1.782317489822328938e+01,1.963758281275708441e+03,-1.916104730692696023e+01,-1.963758281275708441e+03,-4.581507196110656821e-02,1.538886251615076262e+01
5.520000000000000462e-01,2.760613333333337693e-01,1.777234413597091750e-02,1.777234413597091844e+01,1.949730447447705501e+03,-1.911021654467458930e+01,-1.949730447447705501e+03,-5.562244510060310176e-02,1.528940619076678331e+01
5.540000000000000480e-01,2.770615555555560050e-01,1.771190528693536784e-02,1.771190528693536947e+01,1.933621095430944251e+03,-1.904977769563903678e+01,-1.933621095430944251e+03,-6.500593292835787906e-02,1.517206066257549679e+01
5.560000000000000497e-01,2.780617777777781852e-01,1.764230337858846073e-02,1.764230337858846198e+01,1.915729557248380615e+03,-1.898017578729213284e+01,-1.915729557248380615e+03,-7.393165894511177783e-02,1.503810709620050368e+01
5.580000000000000515e-01,2.790620000000004208e-01,1.756400911053005581e-02,1.756400911053005487e+01,1.895997433092876008e+03,-1.890188151923372573e+01,-1.895997433092876008e+03,-8.237951971163148812e-02,1.488889665140979801e+01
5.600000000000000533e-01,2.800622222222226565e-01,1.747750772604532432e-02,1.747750772604532443e+01,1.874667456651249495e+03,-1.881538013474899529e+01,-1.874667456651249495e+03,-9.032940656070742591e-02,1.472582070996607762e+01
5.620000000000000551e-01,2.810624444444448922e-01,1.738331015100572433e-02,1.738331015100572330e+01,1.852023370574418095e+03,-1.872118255970939416e+01,-1.852023370574418095e+03,-9.776163376483815171e-02,1.455030595012907391e+01
5.640000000000000568e-01,2.820626666666671278e-01,1.728194100890063922e-02,1.728194100890063822e+01,1.828206715594594698e+03,-1.861981341760430908e+01,-1.828206715594594698e+03,-1.046696522911005900e-01,1.436378256100059758e+01
5.660000000000000586e-01,2.830628888888893080e-01,1.717392432657806681e-02,1.717392432657806722e+01,1.803441045050690946e+03,-1.851179673528173808e+01,-1.803441045050690946e+03,-1.110576871597110937e-01,1.416765038617097794e+01
5.680000000000000604e-01,2.840631111111115437e-01,1.705977627560914880e-02,1.705977627560914911e+01,1.778049411828812481e+03,-1.839764868431281997e+01,-1.778049411828812481e+03,-1.169186140514071326e-01,1.396324706009996142e+01
5.700000000000000622e-01,2.850633333333337793e-01,1.694003513464678243e-02,1.694003513464678079e+01,1.752123662292747667e+03,-1.827790754335045165e+01,-1.752123662292747667e+03,-1.222326684718151313e-01,1.375189987329855335e+01
5.720000000000000639e-01,2.860635555555560150e-01,1.681525661303508168e-02,1.681525661303508201e+01,1.725789481359421416e+03,-1.815312902173875287e+01,-1.725789481359421416e+03,-1.270208182405472286e-01,1.353492112594359753e+01
5.740000000000000657e-01,2.870637777777782507e-01,1.668593704446869053e-02,1.668593704446869097e+01,1.699259816923673725e+03,-1.802380945317236183e+01,-1.699259816923673725e+03,-1.313617694033020200e-01,1.331346325339180403e+01
5.760000000000000675e-01,2.880640000000004308e-01,1.655247469121986018e-02,1.655247469121986015e+01,1.672689911532534097e+03,-1.789034709992353100e+01,-1.672689911532534097e+03,-1.353495235490456139e-01,1.308845365106448888e+01
5.779999999999999583e-01,2.890642222222226110e-01,1.641517784202681240e-02,1.641517784202681085e+01,1.646031880505537856e+03,-1.775305025073048171e+01,-1.646031880505537856e+03,-1.390544369874930908e-01,1.286063280541155684e+01
5.799999999999999600e-01,2.900644444444448466e-01,1.627430401527288004e-02,1.627430401527287884e+01,1.619432957080171036e+03,-1.761217642397654970e+01,-1.619432957080171036e+03,-1.425107710688280349e-01,1.263062737333684282e+01
5.819999999999999618e-01,2.910646666666670823e-01,1.613009296176867724e-02,1.613009296176867835e+01,1.592912100575093291e+03,-1.746796537047234921e+01,-1.592912100575093291e+03,-1.457351901243226777e-01,1.239900303307262597e+01
5.839999999999999636e-01,2.920648888888893180e-01,1.598276886382862111e-02,1.598276886382862116e+01,1.566648649502835724e+03,-1.732064127253229202e+01,-1.566648649502835724e+03,-1.487602574821451640e-01,1.216626648786214027e+01
5.859999999999999654e-01,2.930651111111114981e-01,1.583250633113440081e-02,1.583250633113440031e+01,1.540683088813574841e+03,-1.717037873983807117e+01,-1.540683088813574841e+03,-1.516476909910666748e-01,1.193281164817507012e+01
5.879999999999999671e-01,2.940653333333337338e-01,1.567940608287271553e-02,1.567940608287271509e+01,1.514841559270528705e+03,-1.701727849157638772e+01,-1.514841559270528705e+03,-1.544394290337667286e-01,1.169891363942035944e+01
5.899999999999999689e-01,2.950655555555559695e-01,1.552355883332062758e-02,1.552355883332062803e+01,1.488986031646108358e+03,-1.686143124202429888e+01,-1.488986031646108358e+03,-1.571019881097779347e-01,1.146484714841655261e+01
5.919999999999999707e-01,2.960657777777782051e-01,1.536513228354732981e-02,1.536513228354733052e+01,1.463120617911665931e+03,-1.670300469225099960e+01,-1.463120617911665931e+03,-1.595503037282792747e-01,1.123100351282032960e+01
5.939999999999999725e-01,2.970660000000004408e-01,1.520438731461796165e-02,1.520438731461796245e+01,1.437549326116865132e+03,-1.654225972332163153e+01,-1.437549326116865132e+03,-1.617292834371166776e-01,1.099787151778413019e+01
5.959999999999999742e-01,2.980662222222226210e-01,1.504160183699157494e-02,1.504160183699157471e+01,1.412409170847575069e+03,-1.637947424569524557e+01,-1.412409170847575069e+03,-1.636732299654761746e-01,1.076590728311336420e+01
5.979999999999999760e-01,2.990664444444448566e-01,1.487696811102924913e-02,1.487696811102924954e+01,1.387725656430964818e+03,-1.621484051973292040e+01,-1.387725656430964818e+03,-1.654867599055735994e-01,1.053541041224094243e+01
5.999999999999999778e-01,3.000666666666670923e-01,1.471055476750935363e-02,1.471055476750935398e+01,1.363465405251818538e+03,-1.604842717621302484e+01,-1.363465405251818538e+03,-1.672645499767204669e-01,1.030649430314742077e+01
6.019999999999999796e-01,3.010668888888893280e-01,1.454236467127581305e-02,1.454236467127581278e+01,1.339575877230009610e+03,-1.588023707997948364e+01,-1.339575877230009610e+03,-1.690691470515064410e-01,1.007918322838310843e+01
6.039999999999999813e-01,3.020671111111115636e-01,1.437234133156320252e-02,1.437234133156320226e+01,1.315984167110929320e+03,-1.571021374026687312e+01,-1.315984167110929320e+03,-1.709414471150125792e-01,9.853430983986234182e+00
6.059999999999999831e-01,3.030673333333337438e-01,1.420040580306929957e-02,1.420040580306929989e+01,1.292593220571588745e+03,-1.553827821177297075e+01,-1.292593220571588745e+03,-1.728769577670634661e-01,9.629178837595031126e+00
6.079999999999999849e-01,3.040675555555559795e-01,1.402651058182562659e-02,1.402651058182562593e+01,1.269362339214691929e+03,-1.536438299052929679e+01,-1.269362339214691929e+03,-1.748359046303598063e-01,9.406424386448664521e+00
6.099999999999999867e-01,3.050677777777782151e-01,1.385065628896207240e-02,1.385065628896207279e+01,1.246308770134442057e+03,-1.518852869766574365e+01,-1.246308770134442057e+03,-1.767935562058973176e-01,9.185230056715093738e+00
6.119999999999999885e-01,3.060680000000004508e-01,1.367284489449995845e-02,1.367284489449995810e+01,1.223475226612935103e+03,-1.501071730320362896e+01,-1.223475226612935103e+03,-1.787681502761673258e-01,8.965653621455288658e+00
6.139999999999999902e-01,3.070682222222226865e-01,1.349304053589849874e-02,1.349304053589849950e+01,1.200944764372053214e+03,-1.483091294460216858e+01,-1.200944764372053214e+03,-1.807874589838061041e-01,8.747694431000363480e+00
6.159999999999999920e-01,3.080684444444448666e-01,1.331118962655058330e-02,1.331118962655058269e+01,1.178811939250518208e+03,-1.464906203525425354e+01,-1.178811939250518208e+03,-1.828712513580548205e-01,8.531315454348067817e+00
6.179999999999999938e-01,3.090686666666671023e-01,1.312721675707067756e-02,1.312721675707067703e+01,1.156968196847239824e+03,-1.446508916577434789e+01,-1.156968196847239824e+03,-1.850570421433594959e-01,8.316456907375400220e+00
6.199999999999999956e-01,3.100688888888893380e-01,1.294099329468957268e-02,1.294099329468957293e+01,1.135127885031795358e+03,-1.427886570339324379e+01,-1.135127885031795358e+03,-1.873943393394199575e-01,8.103037520386681791e+00
6.219999999999999973e-01,3.110691111111115736e-01,1.275234479201879309e-02,1.275234479201879267e+01,1.113399614076176704e+03,-1.409021720072246353e+01,-1.113399614076176704e+03,-1.898935283281097952e-01,7.890948631654826961e+00
6.239999999999999991e-01,3.120693333333338093e-01,1.256112184090964722e-02,1.256112184090964767e+01,1.091827466293046655e+03,-1.389899424961331853e+01,-1.091827466293046655e+03,-1.925086561407862717e-01,7.680105507292958045e+00
6.260000000000000009e-01,3.130695555555559895e-01,1.236724192033449889e-02,1.236724192033449832e+01,1.070253529799088483e+03,-1.370511432903816917e+01,-1.070253529799088483e+03,-1.951987614935619675e-01,7.470515405784073693e+00
6.280000000000000027e-01,3.140697777777782251e-01,1.217063756291741905e-02,1.217063756291741861e+01,1.048606876126856605e+03,-1.350850997162108946e+01,-1.048606876126856605e+03,-1.979642213220564884e-01,7.262228786150958015e+00
6.300000000000000044e-01,3.150700000000004608e-01,1.197122549359201649e-02,1.197122549359201571e+01,1.026860478631053411e+03,-1.330909790229568657e+01,-1.026860478631053411e+03,-2.007908031793821380e-01,7.055294166547273704e+00
6.320000000000000062e-01,3.160702222222226965e-01,1.176896671620168006e-02,1.176896671620168000e+01,1.004986888479091363e+03,-1.310683912490535086e+01,-1.004986888479091363e+03,-2.036159570674715980e-01,6.849816667754708988e+00
6.340000000000000080e-01,3.170704444444449321e-01,1.156390308347614825e-02,1.156390308347614848e+01,9.830247259312410506e+02,-1.290177549217981934e+01,-9.830247259312410506e+02,-2.063783562709948782e-01,6.645984135751721311e+00
6.360000000000000098e-01,3.180706666666671123e-01,1.135611827994579930e-02,1.135611827994579848e+01,9.610775594550270853e+02,-1.269399068864946933e+01,-9.610775594550270853e+02,-2.090545328917832180e-01,6.444008508925354484e+00
6.380000000000000115e-01,3.190708888888893480e-01,1.114570110456685782e-02,1.114570110456685725e+01,9.391718057393593426e+02,-1.248357351327052811e+01,-9.391718057393593426e+02,-2.116301947685794715e-01,6.244087707459394565e+00
6.400000000000000133e-01,3.200711111111115836e-01,1.093276383254429204e-02,1.093276383254429263e+01,9.171993175461047940e+02,-1.227063624124796348e+01,-9.171993175461047940e+02,-2.140737511953281214e-01,6.046444044248691085e+00
6.420000000000000151e-01,3.210713333333338193e-01,1.071745845828677574e-02,1.071745845828677624e+01,8.952300441123993551e+02,-1.205533086699044709e+01,-8.952300441123993551e+02,-2.163591492520771098e-01,5.851332639061684660e+00
6.440000000000000169e-01,3.220715555555560550e-01,1.049994937441824268e-02,1.049994937441824305e+01,8.733605118789392918e+02,-1.183782178312191391e+01,-8.733605118789392918e+02,-2.184736174472670100e-01,5.658991715913869847e+00
6.460000000000000187e-01,3.230717777777782351e-01,1.028041412400671796e-02,1.028041412400671817e+01,8.517062511959101130e+02,-1.161828653271038903e+01,-8.517062511959101130e+02,-2.204006301247227739e-01,5.469636403887203180e+00
6.480000000000000204e-01,3.240720000000004708e-01,1.005905015833319198e-02,1.005905015833319283e+01,8.301530909630045016e+02,-1.139692256703686191e+01,-8.301530909630045016e+02,-2.221333562912608528e-01,5.283485860346457841e+00
6.500000000000000222e-01,3.250722222222227065e-01,9.836048685488060425e-03,9.836048685488060883e+00,8.086983197592388706e+02,-1.117392109419173174e+01,-8.086983197592388706e+02,-2.237029676193182937e-01,5.100753521056971884e+00
6.520000000000000240e-01,3.260724444444449421e-01,9.611544799553384949e-03,9.611544799553385587e+00,7.874518870173201321e+02,-1.094941720825705644e+01,-7.874518870173201321e+02,-2.251629912222767871e-01,4.921583224633563347e+00
6.540000000000000258e-01,3.270726666666671778e-01,9.385622630602958455e-03,9.385622630602957983e+00,7.662852351052669064e+02,-1.072349503930662884e+01,-7.662852351052669064e+02,-2.265311047168854230e-01,4.746071975534655429e+00
6.560000000000000275e-01,3.280728888888893580e-01,9.158381909628636464e-03,9.158381909628635853e+00,7.450272169800662141e+02,-1.049625431833230671e+01,-7.450272169800662141e+02,-2.277862571669828640e-01,4.574356601189556670e+00
6.580000000000000293e-01,3.290731111111115936e-01,8.929948877932480239e-03,8.929948877932480045e+00,7.237379407897999499e+02,-1.026782128663615090e+01,-7.237379407897999499e+02,-2.289107872996236637e-01,4.406599749047228620e+00
6.600000000000000311e-01,3.300733333333338293e-01,8.700458596901694194e-03,8.700458596901693653e+00,7.025205685836049270e+02,-1.003833100560536451e+01,-7.025205685836049270e+02,-2.298930891702912760e-01,4.242943799116083881e+00
6.620000000000000329e-01,3.310735555555560650e-01,8.470060524885593065e-03,8.470060524885592912e+00,6.813085185105439905e+02,-9.807932933589263769e+00,-6.813085185105439905e+02,-2.307150962426200991e-01,4.083528177938634762e+00
6.640000000000000346e-01,3.320737777777783006e-01,8.238925864373672706e-03,8.238925864373673136e+00,6.600719206516864688e+02,-9.576798273077343993e+00,-6.600719206516864688e+02,-2.313622105091868164e-01,3.928508429853366124e+00
6.660000000000000364e-01,3.330740000000004808e-01,8.007233276218113371e-03,8.007233276218112650e+00,6.389074464790414822e+02,-9.345105684921783507e+00,-6.389074464790414822e+02,-2.318221344320252619e-01,3.778026343968916123e+00
6.680000000000000382e-01,3.340742222222227165e-01,7.775178563449880280e-03,7.775178563449880009e+00,6.178054275214758491e+02,-9.113050972153551754e+00,-6.178054275214758491e+02,-2.320709715416970909e-01,3.632212964603839911e+00
6.700000000000000400e-01,3.350744444444449521e-01,7.542988190480695056e-03,7.542988190480695465e+00,5.968149085860604828e+02,-8.880860599184366322e+00,-5.968149085860604828e+02,-2.320836863304309716e-01,3.491200907293647404e+00
6.720000000000000417e-01,3.360746666666671878e-01,7.310908042483976049e-03,7.310908042483975855e+00,5.759705092154307522e+02,-8.648780451187647600e+00,-5.759705092154307522e+02,-2.318553890362000658e-01,3.355110150597008456e+00
6.740000000000000435e-01,3.370748888888894235e-01,7.079174365568717368e-03,7.079174365568717597e+00,5.551080568604976406e+02,-8.417046774272389342e+00,-5.551080568604976406e+02,-2.313762087032822379e-01,3.224054839136629269e+00
6.760000000000000453e-01,3.380751111111116036e-01,6.848052791206885037e-03,6.848052791206884926e+00,5.340933037381799977e+02,-8.185925199910556671e+00,-5.340933037381799977e+02,-2.306078359267584865e-01,3.098184859789562484e+00
6.780000000000000471e-01,3.390753333333338393e-01,6.617856201343683131e-03,6.617856201343682798e+00,5.129800157297471515e+02,-7.955728610047354543e+00,-5.129800157297471515e+02,-2.295284885371078332e-01,2.977667266883056829e+00
6.800000000000000488e-01,3.400755555555560750e-01,6.388893801471091406e-03,6.388893801471091649e+00,4.918862499695738393e+02,-7.726766210174763394e+00,-4.918862499695738393e+02,-2.281543581884153404e-01,2.862627525746685553e+00
6.820000000000000506e-01,3.410757777777783106e-01,6.161446083029873885e-03,6.161446083029874288e+00,4.709138203973017198e+02,-7.499318491733545144e+00,-4.709138203973017198e+02,-2.265088861670845333e-01,2.753132561438131898e+00
6.840000000000000524e-01,3.420760000000005463e-01,5.935775358520841392e-03,5.935775358520841039e+00,4.499197766770964790e+02,-7.273647767224512783e+00,-4.499197766770964790e+02,-2.245892388595462918e-01,2.649228171898628137e+00
6.860000000000000542e-01,3.430762222222227265e-01,5.712167787871295747e-03,5.712167787871295310e+00,4.288257967783223421e+02,-7.050040196574967055e+00,-4.288257967783223421e+02,-2.223581358910728945e-01,2.550979099124762062e+00
6.880000000000000560e-01,3.440764444444449621e-01,5.490960260900527336e-03,5.490960260900527246e+00,4.077234969064036250e+02,-6.828832669604198990e+00,-4.077234969064036250e+02,-2.197635267150124250e-01,2.458451392124008983e+00
6.900000000000000577e-01,3.450766666666671978e-01,5.272543061762725337e-03,5.272543061762725358e+00,3.868630602257767919e+02,-6.610415470466397103e+00,-3.868630602257767919e+02,-2.167656094381347209e-01,2.371673280137175155e+00
6.920000000000000595e-01,3.460768888888894335e-01,5.057332701753390961e-03,5.057332701753391113e+00,3.662323097591858527e+02,-6.395205110457062858e+00,-3.662323097591858527e+02,-2.133396073050626285e-01,2.290633679801545863e+00
6.940000000000000613e-01,3.470771111111116691e-01,4.845769029549347115e-03,4.845769029549346740e+00,3.456893886841010612e+02,-6.183641438253018485e+00,-3.456893886841010612e+02,-2.094476175296757781e-01,2.215322419223932471e+00
6.960000000000000631e-01,3.480773333333338493e-01,4.638344378864032135e-03,4.638344378864031725e+00,3.253523178190239378e+02,-5.976216787567703470e+00,-3.253523178190239378e+02,-2.050471670458078322e-01,2.145723945712353142e+00
6.980000000000000648e-01,3.490775555555560850e-01,4.435583563383494257e-03,4.435583563383493910e+00,3.054750715819006359e+02,-5.773455972087165655e+00,-3.054750715819006359e+02,-2.001423310591317062e-01,2.081766940259955678e+00
7.000000000000000666e-01,3.500777777777783206e-01,4.237970764598626358e-03,4.237970764598625983e+00,2.861833221586995251e+02,-5.575843173302297728e+00,-2.861833221586995251e+02,-1.948037892243617009e-01,2.023303634838859111e+00
7.020000000000000684e-01,3.510780000000005563e-01,4.045889405472888334e-03,4.045889405472888001e+00,2.674637371495252864e+02,-5.383761814176559746e+00,-2.674637371495252864e+02,-1.891311884799480314e-01,1.970127241623914616e+00
7.039999999999999591e-01,3.520782222222227364e-01,3.859624329332745404e-03,3.859624329332745241e+00,2.493114763310915123e+02,-5.197496738036416986e+00,-2.493114763310915123e+02,-1.832111905880706715e-01,1.921994914723977654e+00
7.059999999999999609e-01,3.530784444444449166e-01,3.679385597100945371e-03,3.679385597100945482e+00,2.318766005659889231e+02,-5.017258005804617227e+00,-2.318766005659889231e+02,-1.770965428064841252e-01,1.878626888596693023e+00
7.079999999999999627e-01,3.540786666666671523e-01,3.505352534145201367e-03,3.505352534145201204e+00,2.151723281183590757e+02,-4.843224942848872949e+00,-2.151723281183590757e+02,-1.708173481305155228e-01,1.839722661017340055e+00
7.099999999999999645e-01,3.550788888888893879e-01,3.337674982018518696e-03,3.337674982018518755e+00,1.992253925611222201e+02,-4.675547390722190499e+00,-1.992253925611222201e+02,-1.644016307320224080e-01,1.804976576632641327e+00
7.119999999999999662e-01,3.560791111111116236e-01,3.176476205289715908e-03,3.176476205289715971e+00,1.840619587994421238e+02,-4.514348613993387715e+00,-1.840619587994421238e+02,-1.578624262332213313e-01,1.774080496979787869e+00
7.139999999999999680e-01,3.570793333333338593e-01,3.021879968473745962e-03,3.021879968473745848e+00,1.698056953347430635e+02,-4.359752377177417593e+00,-1.698056953347430635e+02,-1.512088750041724605e-01,1.746724004455437740e+00
7.159999999999999698e-01,3.580795555555560394e-01,2.873991251336929353e-03,2.873991251336929231e+00,1.566812514918283341e+02,-4.211863660040600976e+00,-1.566812514918283341e+02,-1.444714972622891391e-01,1.722579169432942647e+00
7.179999999999999716e-01,3.590797777777782751e-01,2.732872764394833360e-03,2.732872764394833176e+00,1.446699116428945899e+02,-4.070745173098504921e+00,-1.446699116428945899e+02,-1.377048755551286696e-01,1.701313369285286203e+00
7.199999999999999734e-01,3.600800000000005108e-01,2.598520298059755259e-03,2.598520298059755262e+00,1.338083898689201021e+02,-3.936392706763427007e+00,-1.338083898689201021e+02,-1.309816247683583956e-01,1.682603857555284632e+00
7.219999999999999751e-01,3.610802222222227464e-01,2.470851300802660595e-03,2.470851300802660688e+00,1.240704299150471712e+02,-3.808723709506332433e+00,-1.240704299150471712e+02,-1.243744138862847848e-01,1.666140192081602800e+00
7.239999999999999769e-01,3.620804444444449821e-01,2.349716192769899393e-03,2.349716192769899514e+00,1.153691384889392424e+02,-3.687588601473571259e+00,-1.153691384889392424e+02,-1.179256355836226788e-01,1.651636083008088729e+00
7.259999999999999787e-01,3.630806666666671623e-01,2.234947618241825938e-03,2.234947618241825751e+00,1.075295998957416117e+02,-3.572820026945497052e+00,-1.075295998957416117e+02,-1.116470771081401470e-01,1.638843599941718798e+00
7.279999999999999805e-01,3.640808888888893979e-01,2.126372417630463703e-03,2.126372417630463918e+00,1.004206826081915693e+02,-3.464244826334134775e+00,-1.004206826081915693e+02,-1.055491963871117989e-01,1.627553107935290955e+00
7.299999999999999822e-01,3.650811111111116336e-01,2.023802314713649565e-03,2.023802314713649686e+00,9.393213883603210945e+01,-3.361674723417321431e+00,-9.393213883603210945e+01,-9.965811899277265962e-02,1.617584533460230123e+00
7.319999999999999840e-01,3.660813333333338693e-01,1.927011887147585603e-03,1.927011887147585645e+00,8.810615842116827423e+01,-3.264884295851257168e+00,-8.810615842116827423e+01,-9.401218220188845009e-02,1.608773724161005836e+00
7.339999999999999858e-01,3.670815555555561049e-01,1.835736167117780473e-03,1.835736167117780537e+00,8.285827150672828623e+01,-3.173608575821452060e+00,-8.285827150672828623e+01,-8.862660769665997584e-02,1.600970369522340508e+00
7.359999999999999876e-01,3.680817777777782851e-01,1.749719282150847231e-03,1.749719282150847155e+00,7.808485727585703273e+01,-3.087591690854518678e+00,-7.808485727585703273e+01,-8.348163738879577078e-02,1.594047641867896381e+00
7.379999999999999893e-01,3.690820000000005208e-01,1.668735789390240858e-03,1.668735789390240809e+00,7.376707410683876276e+01,-3.006608198093912332e+00,-7.376707410683876276e+01,-7.855622452915100862e-02,1.587898158015357719e+00
7.399999999999999911e-01,3.700822222222227564e-01,1.592571919214974627e-03,1.592571919214974541e+00,6.988036058398409978e+01,-2.930444327918646064e+00,-6.988036058398409978e+01,-7.383311528413538660e-02,1.582427150481861444e+00
7.419999999999999929e-01,3.710824444444449921e-01,1.521036744104064089e-03,1.521036744104064198e+00,6.640434955163412667e+01,-2.858909152807735499e+00,-6.640434955163412667e+01,-6.929744493519152115e-02,1.577552043941286453e+00
7.439999999999999947e-01,3.720826666666672278e-01,1.453946230480174023e-03,1.453946230480174018e+00,6.329646562023034306e+01,-2.791818639183845541e+00,-6.329646562023034306e+01,-6.495889036843138786e-02,1.573200735414132190e+00
7.459999999999999964e-01,3.730828888888894079e-01,1.391090092749261604e-03,1.391090092749261542e+00,6.052893101366388606e+01,-2.728962501452933065e+00,-6.052893101366388606e+01,-6.084276956492784549e-02,1.569308729976495620e+00
7.479999999999999982e-01,3.740831111111116436e-01,1.332233650119402481e-03,1.332233650119402535e+00,5.806707183346702550e+01,-2.670106058823074058e+00,-5.806707183346702550e+01,-5.696213441076181105e-02,1.565818303721132843e+00
7.500000000000000000e-01,3.750833333333338793e-01,1.277140507423553872e-03,1.277140507423553784e+00,5.594439752337244443e+01,-2.615012916127225306e+00,-5.594439752337244443e+01,-5.330542634304935579e-02,1.562677390418854673e+00
7.520000000000000018e-01,3.760835555555561149e-01,1.225599106132705448e-03,1.225599106132705396e+00,5.407384708597638223e+01,-2.563471514836376919e+00,-5.407384708597638223e+01,-4.985117846829290045e-02,1.559841913228296573e+00
7.540000000000000036e-01,3.770837777777783506e-01,1.177415994407647387e-03,1.177415994407647437e+00,5.241090282026301850e+01,-2.515288403111318960e+00,-5.241090282026301850e+01,-4.659156824606813796e-02,1.557276334622386571e+00
7.560000000000000053e-01,3.780840000000005308e-01,1.132395262276905505e-03,1.132395262276905568e+00,5.087461167699823505e+01,-2.470267670980577090e+00,-5.087461167699823505e+01,-4.352811126572175837e-02,1.554951174022546789e+00
7.580000000000000071e-01,3.790842222222227664e-01,1.090340426048975802e-03,1.090340426048975742e+00,4.953790680561459681e+01,-2.428212834752647264e+00,-4.953790680561459681e+01,-4.066107429838383691e-02,1.552839625012998104e+00
7.600000000000000089e-01,3.800844444444450021e-01,1.051055042091559579e-03,1.051055042091559644e+00,4.830540693558609178e+01,-2.388927450795231167e+00,-4.830540693558609178e+01,-3.798615246765024711e-02,1.550917611547785846e+00
7.620000000000000107e-01,3.810846666666672378e-01,1.014351238379244220e-03,1.014351238379244124e+00,4.714147077270587971e+01,-2.352223647082915647e+00,-4.714147077270587971e+01,-3.549463661186913477e-02,1.549165881434270586e+00
7.640000000000000124e-01,3.820848888888894734e-01,9.800499934737706784e-04,9.800499934737706420e-01,4.612419277355688507e+01,-2.317922402177442276e+00,-4.612419277355688507e+01,-3.317873714901198312e-02,1.547566227424648222e+00
7.660000000000000142e-01,3.830851111111116536e-01,9.479790179758216216e-04,9.479790179758216251e-01,4.523704973286464082e+01,-2.285851426679493148e+00,-4.523704973286464082e+01,-3.102836528248170689e-02,1.546101131129939077e+00
7.680000000000000160e-01,3.840853333333338893e-01,9.179794725242380275e-04,9.179794725242380604e-01,4.441483492338115724e+01,-2.255851881227909583e+00,-4.441483492338115724e+01,-2.902702789699096453e-02,1.544756315799815427e+00
7.700000000000000178e-01,3.850855555555561249e-01,8.899120612805513529e-04,8.899120612805513364e-01,4.366743783002182511e+01,-2.227784469984222859e+00,-4.366743783002182511e+01,-2.715512211259707431e-02,1.543520148931654346e+00
7.720000000000000195e-01,3.860857777777783606e-01,8.636571593558819938e-04,8.636571593558819426e-01,4.303622540224095872e+01,-2.201529568059553466e+00,-4.303622540224095872e+01,-2.539728987523154347e-02,1.542381908859820738e+00
7.740000000000000213e-01,3.870860000000005963e-01,8.391061938456985522e-04,8.391061938456985114e-01,4.249601506329864264e+01,-2.176978602549370034e+00,-4.249601506329864264e+01,-2.374239360331931170e-02,1.541331920715562465e+00
7.760000000000000231e-01,3.880862222222227764e-01,8.161618199743092984e-04,8.161618199743092550e-01,4.205091349979161208e+01,-2.154034228677980778e+00,-4.205091349979161208e+01,-2.218116563486244308e-02,1.540361945487872752e+00
7.780000000000000249e-01,3.890864444444450121e-01,7.947340042801365320e-04,7.947340042801365190e-01,4.165433751556768982e+01,-2.132606412983808042e+00,-4.165433751556768982e+01,-2.070693847635285412e-02,1.539465099038628715e+00
7.800000000000000266e-01,3.900866666666672478e-01,7.747387399378357969e-04,7.747387399378358186e-01,4.131434925001003933e+01,-2.112611148641507341e+00,-4.131434925001003933e+01,-1.931951362199002542e-02,1.538635578093678902e+00
7.820000000000000284e-01,3.910868888888894834e-01,7.560863905856572394e-04,7.560863905856571865e-01,4.100100697416608853e+01,-2.093958799289328709e+00,-4.100100697416608853e+01,-1.803166278042578341e-02,1.537867867538198263e+00
7.840000000000000302e-01,3.920871111111117191e-01,7.386674003046368037e-04,7.386674003046368453e-01,4.067596068626205152e+01,-2.076539809008308257e+00,-4.067596068626205152e+01,-1.685976992542381758e-02,1.537156487575412456e+00
7.860000000000000320e-01,3.930873333333338993e-01,7.223593575037321303e-04,7.223593575037321468e-01,4.038866867046049691e+01,-2.060231766207403670e+00,-4.038866867046049691e+01,-1.580334342618855414e-02,1.536495477471624849e+00
7.880000000000000338e-01,3.940875555555561349e-01,7.070536897440706913e-04,7.070536897440706792e-01,4.013836285007740656e+01,-2.044926098447742202e+00,-4.013836285007740656e+01,-1.484686491087189308e-02,1.535879212067845723e+00
7.900000000000000355e-01,3.950877777777783706e-01,6.926590290753609170e-04,6.926590290753609214e-01,3.995303541638431710e+01,-2.030531437779032444e+00,-3.995303541638431710e+01,-1.397252949288774193e-02,1.535302761647223901e+00
7.920000000000000373e-01,3.960880000000006063e-01,6.791024207451868506e-04,6.791024207451868966e-01,3.979138617691079105e+01,-2.016974829448858308e+00,-3.979138617691079105e+01,-1.316906972848302937e-02,1.534762225009012937e+00
7.940000000000000391e-01,3.970882222222228419e-01,6.663150366985151098e-04,6.663150366985151063e-01,3.960548501061633431e+01,-2.004187445402186629e+00,-3.960548501061633431e+01,-1.242377445446324336e-02,1.534254583069137423e+00
7.960000000000000409e-01,3.980884444444450221e-01,6.542493501587254507e-04,6.542493501587254290e-01,3.933987607337825665e+01,-1.992121758862396952e+00,-3.933987607337825665e+01,-1.172235705582241883e-02,1.533778314813742050e+00
7.980000000000000426e-01,3.990886666666672578e-01,6.428651126504012197e-04,6.428651126504012492e-01,3.912626425868545965e+01,-1.980737521354072772e+00,-3.912626425868545965e+01,-1.106290919877128687e-02,1.533331670381761214e+00
8.000000000000000444e-01,4.000888888888894934e-01,6.321186149126498599e-04,6.321186149126498677e-01,3.900711806142994220e+01,-1.969991023616321391e+00,-3.900711806142994220e+01,-1.043509548376370111e-02,1.532911830031927325e+00
8.020000000000000462e-01,4.010891111111117291e-01,6.219902838626585303e-04,6.219902838626585329e-01,3.886563359129559814e+01,-1.959862692566330056e+00,-3.886563359129559814e+01,-9.827779628838018144e-03,1.532517456463728278e+00
8.040000000000000480e-01,4.020893333333339648e-01,6.124586877529163273e-04,6.124586877529163420e-01,3.875184389566432941e+01,-1.950331096456587865e+00,-3.875184389566432941e+01,-9.253971126432836147e-03,1.532147534652004373e+00
8.060000000000000497e-01,4.030895555555561449e-01,6.034782287337369863e-04,6.034782287337370210e-01,3.866571966739694943e+01,-1.941350637437408544e+00,-3.866571966739694943e+01,-8.728200499854232852e-03,1.531799902929714463e+00
8.080000000000000515e-01,4.040897777777783806e-01,5.949984075529859452e-04,5.949984075529859417e-01,3.859652795438498885e+01,-1.932870816256657465e+00,-3.859652795438498885e+01,-8.258477896921079253e-03,1.531472310036581241e+00
8.100000000000000533e-01,4.050900000000006163e-01,5.869576025052736842e-04,5.869576025052737345e-01,3.850655510854645769e+01,-1.924830011208945146e+00,-3.850655510854645769e+01,-7.854907662509291733e-03,1.531162318951842405e+00
8.120000000000000551e-01,4.060902222222228519e-01,5.792851011578950158e-04,5.792851011578949993e-01,3.838686695730936549e+01,-1.917157509861566522e+00,-3.838686695730936549e+01,-7.508930312736694646e-03,1.530867336829039971e+00
8.140000000000000568e-01,4.070904444444450876e-01,5.719364045774389272e-04,5.719364045774388838e-01,3.824594808494559572e+01,-1.909808813281110407e+00,-3.824594808494559572e+01,-7.192515894552720113e-03,1.530585766556971095e+00
8.160000000000000586e-01,4.080906666666672677e-01,5.648968726950589657e-04,5.648968726950589492e-01,3.816024665779948322e+01,-1.902769281398730472e+00,-3.816024665779948322e+01,-6.890987039255169755e-03,1.530316841002118622e+00
8.180000000000000604e-01,4.090908888888895034e-01,5.581513678380223059e-04,5.581513678380223276e-01,3.808773102185175219e+01,-1.896023776541693850e+00,-3.808773102185175219e+01,-6.610392007347476451e-03,1.530059679054807775e+00
8.200000000000000622e-01,4.100911111111117391e-01,5.516731507283605942e-04,5.516731507283605396e-01,3.802909426427507356e+01,-1.889545559432032062e+00,-3.802909426427507356e+01,-6.355152839378597207e-03,1.529813128076801254e+00
8.220000000000000639e-01,4.110913333333339748e-01,5.454382376468918346e-04,5.454382376468918103e-01,3.798787105061919078e+01,-1.883310646350563333e+00,-3.798787105061919078e+01,-6.114058932633226195e-03,1.529576146313927243e+00
8.240000000000000657e-01,4.120915555555562104e-01,5.394423155035683697e-04,5.394423155035683592e-01,3.793745318396636890e+01,-1.877314724207239882e+00,-3.793745318396636890e+01,-5.872645162130540886e-03,1.529348524507208040e+00
8.260000000000000675e-01,4.130917777777783906e-01,5.336903372581145236e-04,5.336903372581145444e-01,3.782728086241383636e+01,-1.871562745961786067e+00,-3.782728086241383636e+01,-5.631770528081392335e-03,1.529130626544710880e+00
8.280000000000000693e-01,4.140920000000006262e-01,5.281762714382821087e-04,5.281762714382821633e-01,3.769689919244627418e+01,-1.866048680141953575e+00,-3.769689919244627418e+01,-5.403201211759245393e-03,1.528922403329034951e+00
8.300000000000000711e-01,4.150922222222228619e-01,5.228815334118350980e-04,5.228815334118350755e-01,3.764824279414386154e+01,-1.860753942115506598e+00,-3.764824279414386154e+01,-5.200169623432782107e-03,1.528722933732749034e+00
8.320000000000000728e-01,4.160924444444450976e-01,5.177736210049171039e-04,5.177736210049170840e-01,3.765483367631754419e+01,-1.855646029708588607e+00,-3.765483367631754419e+01,-5.031974404048511484e-03,1.528530607996519519e+00
8.339999999999999636e-01,4.170926666666672777e-01,5.128153481706698279e-04,5.128153481706698713e-01,3.762997324497294471e+01,-1.850687756874341394e+00,-3.762997324497294471e+01,-4.891705445098759597e-03,1.528343962284073543e+00
8.359999999999999654e-01,4.180928888888894579e-01,5.079880360234110496e-04,5.079880360234110270e-01,3.755303116023040388e+01,-1.845860444727082550e+00,-3.755303116023040388e+01,-4.761251986099668265e-03,1.528162493851841441e+00
8.379999999999999671e-01,4.190931111111116936e-01,5.032907280864767300e-04,5.032907280864766797e-01,3.746973222035910567e+01,-1.841163136790148203e+00,-3.746973222035910567e+01,-4.631680110534164285e-03,1.527986290856445883e+00
8.399999999999999689e-01,4.200933333333339292e-01,4.987226172778490068e-04,4.987226172778490008e-01,3.740605295243418027e+01,-1.836595025981520468e+00,-3.740605295243418027e+01,-4.507668440528606046e-03,1.527815272302223804e+00
8.419999999999999707e-01,4.210935555555561649e-01,4.942733877972236298e-04,4.942733877972236289e-01,3.734706925620691464e+01,-1.832145796500895152e+00,-3.734706925620691464e+01,-4.397971486988005996e-03,1.527648979244274008e+00
8.439999999999999725e-01,4.220937777777784006e-01,4.899247196498786230e-04,4.899247196498786039e-01,3.727368529239603845e+01,-1.827797128353550127e+00,-3.727368529239603845e+01,-4.304935457102615493e-03,1.527486733257422902e+00
8.459999999999999742e-01,4.230940000000005807e-01,4.856616035783709560e-04,4.856616035783709595e-01,3.721982635732580036e+01,-1.823534012282042482e+00,-3.721982635732580036e+01,-4.222776062850958079e-03,1.527327947103321648e+00
8.479999999999999760e-01,4.240942222222228164e-01,4.814772907348155201e-04,4.814772907348155440e-01,3.716528497312623358e+01,-1.819349699438487011e+00,-3.716528497312623358e+01,-4.144936856937730951e-03,1.527172318325926925e+00
8.499999999999999778e-01,4.250944444444450521e-01,4.773698876703367068e-04,4.773698876703367233e-01,3.713395660145593524e+01,-1.815242296374008246e+00,-3.713395660145593524e+01,-4.067755425721714113e-03,1.527019728354290784e+00
8.519999999999999796e-01,4.260946666666672877e-01,4.733399719920716579e-04,4.733399719920716731e-01,3.705805767594047495e+01,-1.811212380695743196e+00,-3.705805767594047495e+01,-3.990936920863108472e-03,1.526870238478282182e+00
8.539999999999999813e-01,4.270948888888895234e-01,4.693862400788677779e-04,4.693862400788677558e-01,3.695212872199022058e+01,-1.807258648782539279e+00,-3.695212872199022058e+01,-3.918827733773222466e-03,1.526723936158066230e+00
8.559999999999999831e-01,4.280951111111117036e-01,4.655005748233103009e-04,4.655005748233103091e-01,3.688440542064893179e+01,-1.803372983526981832e+00,-3.688440542064893179e+01,-3.855453940435127347e-03,1.526580487007956011e+00
8.579999999999999849e-01,4.290953333333339392e-01,4.616736186629129008e-04,4.616736186629128991e-01,3.683050952163884517e+01,-1.799546027366584422e+00,-3.683050952163884517e+01,-3.801007268477929468e-03,1.526439434964006914e+00
8.599999999999999867e-01,4.300955555555561749e-01,4.578968709497905948e-04,4.578968709497905909e-01,3.677841696549024419e+01,-1.795769279653462114e+00,-3.677841696549024419e+01,-3.754227448818786561e-03,1.526300432043478761e+00
8.619999999999999885e-01,4.310957777777784106e-01,4.541634952197424330e-04,4.541634952197424191e-01,3.677584338709326062e+01,-1.792035903923413942e+00,-3.677584338709326062e+01,-3.711407132033300860e-03,1.526163126725054831e+00
8.639999999999999902e-01,4.320960000000006462e-01,4.504724071714429848e-04,4.504724071714429900e-01,3.674789556048867922e+01,-1.788344815875114513e+00,-3.674789556048867922e+01,-3.669104921964566612e-03,1.526027431636799436e+00
8.659999999999999920e-01,4.330962222222228264e-01,4.468236546625148462e-04,4.468236546625148353e-01,3.665472173467099992e+01,-1.784696063366186358e+00,-3.665472173467099992e+01,-3.628179487150495763e-03,1.525893513211142416e+00
8.679999999999999938e-01,4.340964444444450621e-01,4.432144356729255134e-04,4.432144356729255108e-01,3.656768256043081067e+01,-1.781086844376597034e+00,-3.656768256043081067e+01,-3.592697056110982778e-03,1.525761371824103652e+00
8.699999999999999956e-01,4.350966666666672977e-01,4.396366637960456131e-04,4.396366637960456014e-01,3.647111868676233115e+01,-1.777509072499717124e+00,-3.647111868676233115e+01,-3.567151352859149194e-03,1.525630712748283102e+00
8.719999999999999973e-01,4.360968888888895334e-01,4.360785475666058351e-04,4.360785475666058564e-01,3.636789821410186363e+01,-1.773950956270277324e+00,-3.636789821410186363e+01,-3.549475989827355349e-03,1.525501127286637892e+00
8.739999999999999991e-01,4.370971111111117691e-01,4.325361342715064233e-04,4.325361342715064450e-01,3.627261955475549371e+01,-1.770408542975177912e+00,-3.627261955475549371e+01,-3.532412966639392193e-03,1.525372463193987782e+00
8.760000000000000009e-01,4.380973333333339492e-01,4.290121516720087113e-04,4.290121516720087347e-01,3.620726000431189107e+01,-1.766884560375680202e+00,-3.620726000431189107e+01,-3.512979541104910286e-03,1.525244749685630286e+00
8.780000000000000027e-01,4.390975555555561849e-01,4.255086138650561239e-04,4.255086138650561178e-01,3.613972375570048001e+01,-1.763381022568727641e+00,-3.613972375570048001e+01,-3.491897730599935468e-03,1.525118009268995101e+00
8.800000000000000044e-01,4.400977777777784206e-01,4.220268042562618361e-04,4.220268042562618227e-01,3.606997547018761452e+01,-1.759899212959933346e+00,-3.606997547018761452e+01,-3.468170608545068090e-03,1.524992294628142897e+00
8.820000000000000062e-01,4.410980000000006562e-01,4.185707312388065385e-04,4.185707312388065593e-01,3.599376655645691869e+01,-1.756443139942478027e+00,-3.599376655645691869e+01,-3.438314343464782263e-03,1.524867762773643109e+00
8.840000000000000080e-01,4.420982222222228919e-01,4.151486474296239675e-04,4.151486474296239848e-01,3.590185695208579375e+01,-1.753021056133295508e+00,-3.590185695208579375e+01,-3.400457378187810020e-03,1.524744743029119665e+00
8.860000000000000098e-01,4.430984444444450721e-01,4.117683051680407587e-04,4.117683051680407491e-01,3.578112453339713284e+01,-1.749640713871712272e+00,-3.578112453339713284e+01,-3.357592496539218985e-03,1.524623582224674756e+00
8.880000000000000115e-01,4.440986666666673077e-01,4.084319701732137451e-04,4.084319701732137542e-01,3.567994257878652320e+01,-1.746304378876885277e+00,-3.567994257878652320e+01,-3.318380757974859208e-03,1.524504371712649631e+00
8.900000000000000133e-01,4.450988888888895434e-01,4.051300688161985270e-04,4.051300688161985075e-01,3.563671351954873501e+01,-1.743002477519870030e+00,-3.563671351954873501e+01,-3.292055844602820303e-03,1.524386632454410195e+00
8.920000000000000151e-01,4.460991111111117791e-01,4.018463953480771122e-04,4.018463953480770900e-01,3.563908328362016675e+01,-1.739718804051748613e+00,-3.563908328362016675e+01,-3.281848401422315931e-03,1.524269608778296758e+00
8.940000000000000169e-01,4.470993333333340147e-01,3.985649134140642892e-04,3.985649134140643035e-01,3.559451009005791633e+01,-1.736437322117735826e+00,-3.559451009005791633e+01,-3.282717564445508662e-03,1.524152731193237020e+00
8.960000000000000187e-01,4.480995555555561949e-01,3.952795012336021035e-04,3.952795012336021152e-01,3.548391865653218247e+01,-1.733151909937273638e+00,-3.548391865653218247e+01,-3.280876524165060593e-03,1.524035969731836193e+00
8.980000000000000204e-01,4.490997777777784306e-01,3.920017021983901494e-04,3.920017021983901451e-01,3.534102076661126546e+01,-1.729874110902061668e+00,-3.534102076661126546e+01,-3.264843016975549350e-03,1.523919895815875281e+00
9.000000000000000222e-01,4.501000000000006662e-01,3.887483641583100728e-04,3.887483641583101002e-01,3.523058240039351574e+01,-1.726620772861981568e+00,-3.523058240039351574e+01,-3.235356079667905949e-03,1.523805099983496003e+00
9.020000000000000240e-01,4.511002222222229019e-01,3.855295521030188623e-04,3.855295521030188688e-01,3.519090735675995063e+01,-1.723401960806690392e+00,-3.519090735675995063e+01,-3.200737245654478036e-03,1.523691764340601829e+00
9.040000000000000258e-01,4.521004444444451376e-01,3.823454671171140585e-04,3.823454671171140351e-01,3.512318550629370861e+01,-1.720217875820785558e+00,-3.512318550629370861e+01,-3.167329841033322824e-03,1.523579821531650502e+00
9.060000000000000275e-01,4.531006666666673177e-01,3.791934847188007957e-04,3.791934847188008217e-01,3.501305950190374716e+01,-1.717065893422472289e+00,-3.501305950190374716e+01,-3.136827912065820456e-03,1.523469285321753297e+00
9.080000000000000293e-01,4.541008888888895534e-01,3.760704171472437725e-04,3.760704171472437629e-01,3.490494600795474867e+01,-1.713942825850915286e+00,-3.490494600795474867e+01,-3.110954480503969055e-03,1.523360102803658300e+00
9.100000000000000311e-01,4.551011111111117891e-01,3.729701931113569582e-04,3.729701931113569846e-01,3.487627120830533300e+01,-1.710842601815028452e+00,-3.487627120830533300e+01,-3.092068181456741893e-03,1.523251931717047425e+00
9.120000000000000329e-01,4.561013333333340247e-01,3.698849065318050920e-04,3.698849065318051133e-01,3.488344985681001020e+01,-1.707757315235476581e+00,-3.488344985681001020e+01,-3.080621661494392649e-03,1.523144315070992239e+00
9.140000000000000346e-01,4.571015555555562604e-01,3.668075806231851921e-04,3.668075806231851921e-01,3.482569646409362463e+01,-1.704679989326856715e+00,-3.482569646409362463e+01,-3.073998951262701951e-03,1.523037052518962930e+00
9.160000000000000364e-01,4.581017777777784405e-01,3.637355424075236943e-04,3.637355424075237043e-01,3.469713138503151129e+01,-1.701607951111195227e+00,-3.469713138503151129e+01,-3.066923465619042499e-03,1.522930259837359968e+00
9.180000000000000382e-01,4.591020000000006762e-01,3.606723706148513408e-04,3.606723706148513564e-01,3.456558189352043797e+01,-1.698544779318522879e+00,-3.456558189352043797e+01,-3.055308803516731952e-03,1.522824173731504915e+00
9.200000000000000400e-01,4.601022222222229119e-01,3.576235668854663586e-04,3.576235668854663707e-01,3.454176173269937067e+01,-1.695495975589137894e+00,-3.454176173269937067e+01,-3.039809688645062069e-03,1.522718822481025747e+00
9.220000000000000417e-01,4.611024444444451476e-01,3.545914002110328459e-04,3.545914002110328589e-01,3.453293722450402470e+01,-1.692463808914704382e+00,-3.453293722450402470e+01,-3.025243393523419089e-03,1.522614097591520999e+00
9.240000000000000435e-01,4.621026666666673832e-01,3.515717355458001158e-04,3.515717355458001236e-01,3.453849937796616132e+01,-1.689444144249471647e+00,-3.453849937796616132e+01,-3.014895461098204832e-03,1.522509809838159311e+00
9.260000000000000453e-01,4.631028888888895634e-01,3.485602693352982963e-04,3.485602693352983228e-01,3.448645629504412824e+01,-1.686432678038969790e+00,-3.448645629504412824e+01,-3.006199838134993030e-03,1.522405874991259900e+00
9.280000000000000471e-01,4.641031111111117990e-01,3.455579997807132131e-04,3.455579997807132209e-01,3.441069322560728239e+01,-1.683430408484384744e+00,-3.441069322560728239e+01,-2.997944046608108648e-03,1.522302449682677139e+00
9.300000000000000488e-01,4.651033333333340347e-01,3.425630488225057642e-04,3.425630488225057668e-01,3.425585886851946782e+01,-1.680435457526177290e+00,-3.425585886851946782e+01,-2.991407318309130536e-03,1.522199623431441884e+00
9.320000000000000506e-01,4.661035555555562704e-01,3.395738556297312068e-04,3.395738556297311916e-01,3.413128249311637319e+01,-1.677446264333402715e+00,-3.413128249311637319e+01,-2.983735829911349224e-03,1.522097415427339895e+00
9.340000000000000524e-01,4.671037777777785061e-01,3.365942510578696532e-04,3.365942510578696645e-01,3.405604423108448486e+01,-1.674466659761541187e+00,-3.405604423108448486e+01,-2.971466412409723423e-03,1.521995834740823561e+00
9.360000000000000542e-01,4.681040000000006862e-01,3.336296021531730814e-04,3.336296021531730549e-01,3.399361030806787198e+01,-1.671502010856844578e+00,-3.399361030806787198e+01,-2.954300296692496941e-03,1.521894967410918564e+00
9.380000000000000560e-01,4.691042222222229219e-01,3.306843374421306416e-04,3.306843374421306603e-01,3.391684720162066213e+01,-1.668556746145802183e+00,-3.391684720162066213e+01,-2.933151374732573258e-03,1.521794962807645923e+00
9.400000000000000577e-01,4.701044444444451575e-01,3.277619957808746223e-04,3.277619957808746154e-01,3.380363515385898410e+01,-1.665634404484546138e+00,-3.380363515385898410e+01,-2.910979767446503219e-03,1.521696014060482050e+00
9.420000000000000595e-01,4.711046666666673932e-01,3.248610841384520298e-04,3.248610841384520498e-01,3.371642633681576484e+01,-1.662733492842123573e+00,-3.371642633681576484e+01,-2.890523215099638499e-03,1.521598080517267970e+00
9.440000000000000613e-01,4.721048888888896289e-01,3.219796646736907764e-04,3.219796646736907686e-01,3.362412692103288236e+01,-1.659852073377362291e+00,-3.362412692103288236e+01,-2.870828508889394781e-03,1.521501060247038017e+00
9.460000000000000631e-01,4.731051111111118090e-01,3.191181511968916662e-04,3.191181511968916862e-01,3.355531455250083184e+01,-1.656990559900563209e+00,-3.355531455250083184e+01,-2.850796255347537445e-03,1.521404938387990846e+00
9.480000000000000648e-01,4.741053333333340447e-01,3.162768051424378474e-04,3.162768051424378335e-01,3.350450684452082584e+01,-1.654149213846109356e+00,-3.350450684452082584e+01,-2.829862151064149733e-03,1.521309664867813716e+00
9.500000000000000666e-01,4.751055555555562804e-01,3.134571691782517071e-04,3.134571691782517266e-01,3.346859022630423652e+01,-1.651329577881923250e+00,-3.346859022630423652e+01,-2.809865009250789303e-03,1.521215244454972026e+00
9.520000000000000684e-01,4.761057777777785160e-01,3.106558262950431977e-04,3.106558262950431804e-01,3.342934107360416363e+01,-1.648528234998714703e+00,-3.342934107360416363e+01,-2.795362676666135471e-03,1.521121541537123090e+00
9.540000000000000702e-01,4.771060000000007517e-01,3.078652014415075118e-04,3.078652014415075300e-01,3.335357928280737383e+01,-1.645737610145179053e+00,-3.335357928280737383e+01,-2.787490741858938970e-03,1.521028356716016994e+00
9.560000000000000719e-01,4.781062222222229319e-01,3.050796059265512678e-04,3.050796059265512561e-01,3.329657394320085473e+01,-1.642952014630222779e+00,-3.329657394320085473e+01,-2.782749662616212927e-03,1.520935524008048434e+00
9.580000000000000737e-01,4.791064444444451675e-01,3.022984653386473334e-04,3.022984653386473486e-01,3.323548692724276776e+01,-1.640170874042318871e+00,-3.323548692724276776e+01,-2.775517914318043067e-03,1.520843002763745400e+00
9.599999999999999645e-01,4.801066666666673477e-01,2.995273365343977955e-04,2.995273365343977812e-01,3.319600779744739327e+01,-1.637399745238069304e+00,-3.319600779744739327e+01,-2.760762130056021446e-03,1.520750953278986684e+00
9.619999999999999662e-01,4.811068888888895834e-01,2.967757140731441920e-04,2.967757140731441812e-01,3.314351549719201984e+01,-1.634648122776815704e+00,-3.314351549719201984e+01,-2.737307193819482620e-03,1.520659677614580207e+00
9.639999999999999680e-01,4.821071111111118190e-01,2.940515055657837704e-04,2.940515055657837440e-01,3.309349090209130395e+01,-1.631923914269455267e+00,-3.309349090209130395e+01,-2.708656670173309466e-03,1.520569451219895285e+00
9.659999999999999698e-01,4.831073333333339992e-01,2.913571968853887525e-04,2.913571968853887473e-01,3.302110928476177776e+01,-1.629229605589060270e+00,-3.302110928476177776e+01,-2.682314740049984714e-03,1.520480380903188156e+00
9.679999999999999716e-01,4.841075555555562349e-01,2.886856839457994147e-04,2.886856839457994095e-01,3.293580786447478914e+01,-1.626558092649470932e+00,-3.293580786447478914e+01,-2.664452192874450231e-03,1.520392275354759626e+00
9.699999999999999734e-01,4.851077777777784705e-01,2.860271082986651789e-04,2.860271082986651781e-01,3.284069672640080029e+01,-1.623899517002336701e+00,-3.284069672640080029e+01,-2.653386037275384801e-03,1.520304836409168692e+00
9.719999999999999751e-01,4.861080000000007062e-01,2.833777325885653529e-04,2.833777325885653564e-01,3.273985824663025568e+01,-1.621250141292236879e+00,-3.273985824663025568e+01,-2.644309576426168151e-03,1.520217961312268606e+00
9.739999999999999769e-01,4.871082222222229419e-01,2.807373138971121121e-04,2.807373138971120952e-01,3.264958650741075985e+01,-1.618609722600783618e+00,-3.264958650741075985e+01,-2.636056444047685243e-03,1.520131634617983618e+00
9.759999999999999787e-01,4.881084444444451220e-01,2.781044481198282920e-04,2.781044481198283180e-01,3.257339341702586921e+01,-1.615976856823499785e+00,-3.257339341702586921e+01,-2.629443434026629278e-03,1.520045774683376649e+00
9.779999999999999805e-01,4.891086666666673577e-01,2.754772583875326618e-04,2.754772583875326752e-01,3.247447092840956628e+01,-1.613349667091204198e+00,-3.247447092840956628e+01,-2.622818442561264396e-03,1.519960330117046565e+00
9.799999999999999822e-01,4.901088888888895934e-01,2.728576455376201509e-04,2.728576455376201526e-01,3.236255749466732112e+01,-1.610730054241291676e+00,-3.236255749466732112e+01,-2.611371576548726647e-03,1.519875407442292214e+00
9.819999999999999840e-01,4.911091111111118290e-01,2.702533546248455775e-04,2.702533546248455654e-01,3.224810433691242650e+01,-1.608125763328517088e+00,-3.224810433691242650e+01,-2.591547255732490340e-03,1.519791274475319476e+00
9.839999999999999858e-01,4.921093333333340647e-01,2.676733992273747477e-04,2.676733992273747642e-01,3.219219559705761213e+01,-1.605545807931046287e+00,-3.219219559705761213e+01,-2.566999129970493065e-03,1.519708147579776236e+00
9.859999999999999876e-01,4.931095555555562449e-01,2.651182154764024595e-04,2.651182154764024634e-01,3.213811294434140109e+01,-1.602990624180073986e+00,-3.213811294434140109e+01,-2.543399371695564959e-03,1.519625959309234720e+00
9.879999999999999893e-01,4.941097777777784805e-01,2.625854700842629322e-04,2.625854700842629175e-01,3.209099203279184565e+01,-1.600457878787934440e+00,-3.209099203279184565e+01,-2.521897907796361027e-03,1.519544619743434133e+00
9.899999999999999911e-01,4.951100000000007162e-01,2.600732988172951149e-04,2.600732988172951288e-01,3.206844082752807168e+01,-1.597945707520966652e+00,-3.206844082752807168e+01,-2.503509459233027590e-03,1.519464028047088133e+00
9.919999999999999929e-01,4.961102222222229519e-01,2.575773384949260354e-04,2.575773384949260336e-01,3.202542312362840704e+01,-1.595449747198597557e+00,-3.202542312362840704e+01,-2.487758291599667659e-03,1.519384038468972076e+00
9.939999999999999947e-01,4.971104444444451875e-01,2.550966765637438971e-04,2.550966765637439071e-01,3.197146720330515990e+01,-1.592969085267415430e+00,-3.197146720330515990e+01,-2.472401305746801947e-03,1.519304660795617323e+00
9.959999999999999964e-01,4.981106666666673677e-01,2.526314370384077565e-04,2.526314370384077357e-01,3.190383712397046168e+01,-1.590503845742079259e+00,-3.190383712397046168e+01,-2.457008068045385407e-03,1.519225929113481977e+00
9.979999999999999982e-01,4.991108888888896034e-01,2.501815684240673459e-04,2.501815684240673576e-01,3.184159020960250430e+01,-1.588053977127738881e+00,-3.184159020960250430e+01,-2.440350081371570057e-03,1.519147848277855539e+00
1.000000000000000000e+00,5.001111111111118390e-01,2.477496522756283829e-04,2.477496522756283959e-01,3.174793382497893646e+01,-1.585622060979299919e+00,-3.174793382497893646e+01,-2.431375842696109017e-03,1.519070527307023299e+00
