phase,time_s,displacement_m,displacement_mm,displacement_velocity_m_s,measured_force_n,raw_contact_force_n,sim_force_n,force_error_n,kh,kd,rigid_contact_count,pair_contact_count,active_pair_contact_count,pair_stiffness_sum,pair_depth_min_m,pair_depth_max_m,top_contact_force_n,top_solver_force_n,top_rigid_contact_count,top_pair_contact_count,top_active_pair_contact_count,top_pair_stiffness_sum,top_pair_depth_min_m,top_pair_depth_max_m,bottom_contact_force_n,bottom_solver_force_n,bottom_rigid_contact_count,bottom_pair_contact_count,bottom_active_pair_contact_count,bottom_pair_stiffness_sum,bottom_pair_depth_min_m,bottom_pair_depth_max_m,shoe_vertical_velocity_m_s,shoe_abs_vertical_velocity_m_s,shoe_angular_velocity_x_rad_s,shoe_angular_velocity_y_rad_s,shoe_angular_velocity_z_rad_s,shoe_angular_velocity_norm_rad_s,shoe_free_axis_angular_velocity_rad_s,shoe_abs_free_axis_angular_velocity_rad_s,indenter_platen_stop_active,indenter_command_z_m,indenter_applied_z_m,indenter_stop_z_m
0.0,0.0,0.000245038533836,0.24503853383599997,-0.00022601041816366934,31.7261446586,0.0,0.0,-31.7261446586,2000000.0,250.0,27,0,0,0.0,0.0,0.0,0.0,0.0,27,0,0,0.0,0.0,0.0,22.93700852540777,0.0,27,27,26,24618.57421875,-0.00676316162571311,0.00030926156614441425,-0.0009398153051733971,0.0009398153051733971,0.0,0.0,0.0,0.0,0.0,0.0,0,0.046494170887701816,0.046494170887701816,0.0001
0.002,0.001002,0.000244812071397,0.24481207139699998,-0.0013079558652694528,31.7230257207,0.0,0.0,-31.7230257207,2000000.0,250.0,27,0,0,0.0,0.0,0.0,0.0,0.0,27,0,0,0.0,0.0,0.0,22.832226659556444,0.0,27,27,26,24615.61328125,-0.006743463221937418,0.000313602780806832,-0.0028093960136175156,0.0028093960136175156,0.0,0.0,0.0,0.0,0.0,0.0,0,0.04649439735014081,0.04649439735014081,0.0001
0.004,0.002004,0.000242417390282,0.242417390282,-0.0023753587000997917,31.6768193969,0.0,0.0,-31.6768193969,2000000.0,250.0,27,0,0,0.0,0.0,0.0,0.0,0.0,27,0,0,0.0,0.0,0.0,22.740311292046137,0.0,27,27,26,24611.15625,-0.006726080318912864,0.00031740246049594134,-0.004807060584425926,0.004807060584425926,0.0,0.0,0.0,0.0,0.0,0.0,0,0.04649679203125581,0.04649679203125581,0.0001
0.006,0.003006,0.000240051852562,0.24005185256199998,-0.00234672641516967,31.6524958395,0.0,0.0,-31.6524958395,2000000.0,250.0,26,0,0,0.0,0.0,0.0,0.0,0.0,26,0,0,0.0,0.0,0.0,22.66243569417972,0.0,26,26,25,24640.0625,-0.006711237598210573,0.00032060680678114295,-0.006959212943911552,0.006959212943911552,0.0,0.0,0.0,0.0,0.0,0.0,0,0.04649915756897582,0.04649915756897582,0.0001
0.008,0.004008,0.000237714550546,0.237714550546,-0.0023207869585828433,31.5908065271,0.0,0.0,-31.5908065271,2000000.0,250.0,25,0,0,0.0,0.0,0.0,0.0,0.0,25,0,0,0.0,0.0,0.0,22.600065277721228,0.0,25,25,24,24411.982421875,-0.006699260091409087,0.000323119864333421,-0.009488115087151527,0.009488115087151527,0.0,0.0,0.0,0.0,0.0,0.0,0,0.04650149487099182,0.04650149487099182,0.0001
0.01,0.00501,0.000235400995497,0.235400995497,-0.002297647642714562,31.4729424034,0.0,0.0,-31.4729424034,2000000.0,250.0,25,0,0,0.0,0.0,0.0,0.0,0.0,25,0,0,0.0,0.0,0.0,22.578113824195857,0.0,25,25,24,24124.560546875,-0.006695223273709416,0.00032310538517776877,-0.019317753612995148,0.019317753612995148,0.0,0.0,0.0,0.0,0.0,0.0,0,0.046503808426040814,0.046503808426040814,0.0001
0.012,0.006012,0.00023311006467,0.23311006467,-0.002277334102794404,31.4039710994,0.0,0.0,-31.4039710994,2000000.0,250.0,27,0,0,0.0,0.0,0.0,0.0,0.0,27,0,0,0.0,0.0,0.0,22.617981292951814,0.0,27,27,25,44366.15234375,-0.006702987244352698,0.00032088458829093724,-0.024145599454641342,0.024145599454641342,0.0,0.0,0.0,0.0,0.0,0.0,0,0.046506099356867815,0.046506099356867815,0.0001
0.014,0.007014,0.000230837217955,0.230837217955,-0.002262915151696604,31.3852520803,0.0,0.0,-31.3852520803,2000000.0,250.0,27,0,0,0.0,0.0,0.0,0.0,0.0,27,0,0,0.0,0.0,0.0,22.66691264740769,0.0,27,27,26,24608.142578125,-0.006712335627526045,0.00031875762215349823,-0.02430693432688713,0.02430693432688713,0.0,0.0,0.0,0.0,0.0,0.0,0,0.046508372203582816,0.046508372203582816,0.0001
0.016,0.008016,0.000228575182706,0.228575182706,-0.0022558014755489075,31.4094947588,0.0,0.0,-31.4094947588,2000000.0,250.0,27,0,0,0.0,0.0,0.0,0.0,0.0,27,0,0,0.0,0.0,0.0,22.716714960100674,0.0,27,27,26,24609.919921875,-0.006721857935190201,0.0003165403613820672,-0.0249883234500885,0.0249883234500885,0.0,0.0,0.0,0.0,0.0,0.0,0,0.04651063423883182,0.04651063423883182,0.0001
0.018,0.009018,0.000226316591798,0.22631659179799998,-0.002254748048403185,31.3702864696,0.0,0.0,-31.3702864696,2000000.0,250.0,27,0,0,0.0,0.0,0.0,0.0,0.0,27,0,0,0.0,0.0,0.0,22.771434887250432,0.0,27,27,26,24612.9609375,-0.0067322959657758474,0.00031406921334564686,-0.026134923100471497,0.026134923100471497,0.0,0.0,0.0,0.0,0.0,0.0,0,0.04651289282973982,0.04651289282973982,0.0001
0.02,0.01002,0.000224056667617,0.224056667617,-0.0022560614451097583,31.2295729126,0.0,0.0,-31.2295729126,2000000.0,250.0,27,0,0,0.0,0.0,0.0,0.0,0.0,27,0,0,0.0,0.0,0.0,22.834240079965483,0.0,27,27,26,24614.177734375,-0.00674420571886003,0.00031122774817049503,-0.027638331055641174,0.027638331055641174,0.0,0.0,0.0,0.0,0.0,0.0,0,0.04651515275392082,0.04651515275392082,0.0001
0.022,0.011022,0.000221795444662,0.22179544466200002,-0.002257592030938116,31.1105134933,0.0,0.0,-31.1105134933,2000000.0,250.0,27,0,0,0.0,0.0,0.0,0.0,0.0,27,0,0,0.0,0.0,0.0,22.907178109048253,0.0,27,27,26,24616.87109375,-0.006757994182407856,0.0003079319285461679,-0.02940879389643669,0.02940879389643669,0.0,0.0,0.0,0.0,0.0,0.0,0,0.04651741397687582,0.04651741397687582,0.0001
0.024,0.012024,0.000219532453187,0.21953245318700002,-0.002257642271457097,31.0355333901,0.0,0.0,-31.0355333901,2000000.0,250.0,26,0,0,0.0,0.0,0.0,0.0,0.0,26,0,0,0.0,0.0,0.0,22.993133050018432,0.0,26,26,25,24673.009765625,-0.006774107692763209,0.00030407246958930045,-0.031517889350652695,0.031517889350652695,0.0,0.0,0.0,0.0,0.0,0.0,0,0.04651967696835081,0.04651967696835081,0.0001
0.026,0.013026,0.00021727112955,0.21727112955,-0.002252974499501015,31.01914505,0.0,0.0,-31.01914505,2000000.0,250.0,27,0,0,0.0,0.0,0.0,0.0,0.0,27,0,0,0.0,0.0,0.0,23.09324011701791,0.0,27,27,26,24646.87890625,-0.0067927788477391005,0.0002996234834427014,-0.033700812608003616,0.033700812608003616,0.0,0.0,0.0,0.0,0.0,0.0,0,0.046521938291987815,0.046521938291987815,0.0001
0.028,0.014028,0.00021501749229,0.21501749229,-0.0022433834211576936,30.993481652,0.0,0.0,-30.993481652,2000000.0,250.0,28,0,0,0.0,0.0,0.0,0.0,0.0,28,0,0,0.0,0.0,0.0,23.20823289846439,0.0,28,28,26,44649.859375,-0.006814115215092897,0.0002945590968010947,-0.03595886752009392,0.03595886752009392,0.0,0.0,0.0,0.0,0.0,0.0,0,0.04652419192924782,0.04652419192924782,0.0001
0.03,0.01503,0.000212775389174,0.212775389174,-0.002231576648203601,30.9297532557,0.0,0.0,-30.9297532557,2000000.0,250.0,28,0,0,0.0,0.0,0.0,0.0,0.0,28,0,0,0.0,0.0,0.0,23.318581354913494,0.0,28,28,27,24897.873046875,-0.006834093015640974,0.0002906210138462484,-0.029277393594384193,0.029277393594384193,0.0,0.0,0.0,0.0,0.0,0.0,0,0.04652643403236382,0.04652643403236382,0.0001
0.032,0.016032,0.000210545412687,0.210545412687,-0.0022204300394211562,30.8876318994,0.0,0.0,-30.8876318994,2000000.0,250.0,28,0,0,0.0,0.0,0.0,0.0,0.0,28,0,0,0.0,0.0,0.0,23.36852276483653,0.0,28,28,27,24898.166015625,-0.0068430614192038774,0.0002892807824537158,-0.021661479026079178,0.021661479026079178,0.0,0.0,0.0,0.0,0.0,0.0,0,0.04652866400885081,0.04652866400885081,0.0001
0.034,0.017034,0.000208325647375,0.208325647375,-0.002210454768962075,30.8448438597,0.0,0.0,-30.8448438597,2000000.0,250.0,28,0,0,0.0,0.0,0.0,0.0,0.0,28,0,0,0.0,0.0,0.0,23.369255314965084,0.0,28,28,27,24924.8515625,-0.006843112176284194,0.0002898118691518903,-0.015840092673897743,0.015840092673897743,0.0,0.0,0.0,0.0,0.0,0.0,0,0.04653088377416281,0.04653088377416281,0.0001
0.036,0.018036,0.00020611566133,0.20611566133,-0.0022000728732534808,30.769260365,0.0,0.0,-30.769260365,2000000.0,250.0,28,0,0,0.0,0.0,0.0,0.0,0.0,28,0,0,0.0,0.0,0.0,23.33216671715943,0.0,28,28,27,24923.685546875,-0.006836325395852327,0.0002917786914622411,-0.011388632468879223,0.011388632468879223,0.0,0.0,0.0,0.0,0.0,0.0,0,0.04653309376020782,0.04653309376020782,0.0001
0.038,0.019038,0.000203916701337,0.20391670133700002,-0.0021876230209580683,30.6685444191,0.0,0.0,-30.6685444191,2000000.0,250.0,27,0,0,0.0,0.0,0.0,0.0,0.0,27,0,0,0.0,0.0,0.0,23.266027940861846,0.0,27,27,26,24909.93359375,-0.006824271520599723,0.0002948549808934331,-0.007958590984344482,0.007958590984344482,0.0,0.0,0.0,0.0,0.0,0.0,0,0.046535292720200815,0.046535292720200815,0.0001
0.04,0.02004,0.000201731664796,0.20173166479600002,-0.0021721291556886235,30.5845462088,0.0,0.0,-30.5845462088,2000000.0,250.0,28,0,0,0.0,0.0,0.0,0.0,0.0,28,0,0,0.0,0.0,0.0,23.182390440726945,0.0,28,28,26,44650.2890625,-0.006808864651247859,0.0002983909362228587,-0.007882784120738506,0.007882784120738506,0.0,0.0,0.0,0.0,0.0,0.0,0,0.046537477756741816,0.046537477756741816,0.0001
0.042,0.021042,0.000199563754509,0.199563754509,-0.002155078214071862,30.533519858,0.0,0.0,-30.533519858,2000000.0,250.0,27,0,0,0.0,0.0,0.0,0.0,0.0,27,0,0,0.0,0.0,0.0,23.111000269357977,0.0,27,27,26,24667.53125,-0.006795685738325119,0.0003011804074048996,-0.010421168059110641,0.010421168059110641,0.0,0.0,0.0,0.0,0.0,0.0,0,0.04653964566702882,0.04653964566702882,0.0001
0.044,0.022044,0.000197412888055,0.197412888055,-0.0021393166277444975,30.5273745654,0.0,0.0,-30.5273745654,2000000.0,250.0,27,0,0,0.0,0.0,0.0,0.0,0.0,27,0,0,0.0,0.0,0.0,23.056829575688475,0.0,27,27,26,24623.896484375,-0.006785651668906212,0.00030325261468533427,-0.01294679008424282,0.01294679008424282,0.0,0.0,0.0,0.0,0.0,0.0,0,0.04654179653348282,0.04654179653348282,0.0001
0.046,0.023046,0.000195276563987,0.19527656398700002,-0.0021256014311377275,30.4874900196,0.0,0.0,-30.4874900196,2000000.0,250.0,27,0,0,0.0,0.0,0.0,0.0,0.0,27,0,0,0.0,0.0,0.0,23.01939806165067,0.0,27,27,26,24644.4453125,-0.006778720999136567,0.0003046173369511962,-0.015459534712135792,0.015459534712135792,0.0,0.0,0.0,0.0,0.0,0.0,0,0.04654393285755082,0.04654393285755082,0.0001
0.048,0.024048,0.000193153182787,0.193153182787,-0.0021119547559880353,30.3987093239,0.0,0.0,-30.3987093239,2000000.0,250.0,27,0,0,0.0,0.0,0.0,0.0,0.0,27,0,0,0.0,0.0,0.0,22.998610912328388,0.0,27,27,26,24620.671875,-0.006774886744096875,0.0003052769461646676,-0.017962664365768433,0.017962664365768433,0.0,0.0,0.0,0.0,0.0,0.0,0,0.04654605623875081,0.04654605623875081,0.0001
0.05,0.02505,0.000191044206656,0.191044206656,-0.002096292727544913,30.2892452158,0.0,0.0,-30.2892452158,2000000.0,250.0,26,0,0,0.0,0.0,0.0,0.0,0.0,26,0,0,0.0,0.0,0.0,22.994369973308658,0.0,26,26,25,24673.330078125,-0.006774133536964655,0.00030523305758833885,-0.02045927755534649,0.02045927755534649,0.0,0.0,0.0,0.0,0.0,0.0,0,0.046548165214881816,0.046548165214881816,0.0001
0.052,0.026052,0.000188952212161,0.188952212161,-0.002079597952594797,30.2295059984,0.0,0.0,-30.2295059984,2000000.0,250.0,27,0,0,0.0,0.0,0.0,0.0,0.0,27,0,0,0.0,0.0,0.0,23.006502170743637,0.0,27,27,26,24621.775390625,-0.006776432506740093,0.00030449347104877234,-0.022951815277338028,0.022951815277338028,0.0,0.0,0.0,0.0,0.0,0.0,0,0.04655025720937681,0.04655025720937681,0.0001
0.054,0.027054,0.000186876692359,0.186876692359,-0.002064501850798414,30.2233105666,0.0,0.0,-30.2233105666,2000000.0,250.0,27,0,0,0.0,0.0,0.0,0.0,0.0,27,0,0,0.0,0.0,0.0,23.034963772236424,0.0,27,27,26,24664.32421875,-0.006781777134165168,0.00030305875407066196,-0.025442462414503098,0.025442462414503098,0.0,0.0,0.0,0.0,0.0,0.0,0,0.046552332729178816,0.046552332729178816,0.0001
0.056,0.028056,0.000184814950452,0.184814950452,-0.0020512699800399187,30.2490082326,0.0,0.0,-30.2490082326,2000000.0,250.0,27,0,0,0.0,0.0,0.0,0.0,0.0,27,0,0,0.0,0.0,0.0,23.079812090309815,0.0,27,27,26,24646.5234375,-0.006790153449401259,0.00030093245732132345,-0.027933092787861824,0.027933092787861824,0.0,0.0,0.0,0.0,0.0,0.0,0,0.046554394471085815,0.046554394471085815,0.0001
0.058,0.029058,0.000182765947319,0.182765947319,-0.002038272092315385,30.2511850997,0.0,0.0,-30.2511850997,2000000.0,250.0,27,0,0,0.0,0.0,0.0,0.0,0.0,27,0,0,0.0,0.0,0.0,23.14095648178643,0.0,27,27,26,24647.400390625,-0.006801551207900047,0.00029811635613441467,-0.03042524680495262,0.03042524680495262,0.0,0.0,0.0,0.0,0.0,0.0,0,0.04655644347421881,0.04655644347421881,0.0001
0.06,0.03006,0.000180730253179,0.180730253179,-0.0020238845553892243,30.1722596484,0.0,0.0,-30.1722596484,2000000.0,250.0,27,0,0,0.0,0.0,0.0,0.0,0.0,27,0,0,0.0,0.0,0.0,23.218827237198596,0.0,27,27,25,44680.2578125,-0.006815965985879302,0.0002946120366686955,-0.03292028605937958,0.03292028605937958,0.0,0.0,0.0,0.0,0.0,0.0,0,0.04655847916835881,0.04655847916835881,0.0001
0.062,0.031062,0.00017871008267,0.17871008267,-0.0020078220379241563,30.0877146761,0.0,0.0,-30.0877146761,2000000.0,250.0,28,0,0,0.0,0.0,0.0,0.0,0.0,28,0,0,0.0,0.0,0.0,23.278867909410312,0.0,28,28,27,24895.0703125,-0.006826801225543022,0.0002928841859102249,-0.024771209806203842,0.024771209806203842,0.0,0.0,0.0,0.0,0.0,0.0,0,0.046560499338867814,0.046560499338867814,0.0001
0.064,0.032064,0.000176706577815,0.176706577815,-0.0019918028657684578,30.0117479256,0.0,0.0,-30.0117479256,2000000.0,250.0,27,0,0,0.0,0.0,0.0,0.0,0.0,27,0,0,0.0,0.0,0.0,23.287401278333896,0.0,27,27,26,24910.490234375,-0.0068282627034932375,0.0002931177878053859,-0.018594343215227127,0.018594343215227127,0.0,0.0,0.0,0.0,0.0,0.0,0,0.04656250284372281,0.04656250284372281,0.0001
0.066,0.033066,0.000174718509727,0.174718509727,-0.001977626154191628,29.9680890644,0.0,0.0,-29.9680890644,2000000.0,250.0,27,0,0,0.0,0.0,0.0,0.0,0.0,27,0,0,0.0,0.0,0.0,23.256435092379434,0.0,27,27,26,24909.537109375,-0.006822565803304315,0.0002948547335108742,-0.01387062855064869,0.01387062855064869,0.0,0.0,0.0,0.0,0.0,0.0,0,0.046564490911810814,0.046564490911810814,0.0001
0.068,0.034068,0.000172743415002,0.172743415002,-0.0019652122500000008,29.9305465714,0.0,0.0,-29.9305465714,2000000.0,250.0,27,0,0,0.0,0.0,0.0,0.0,0.0,27,0,0,0.0,0.0,0.0,23.200117861783667,0.0,27,27,25,44679.96484375,-0.006812194362282753,0.00029729313973803073,-0.013209747150540352,0.013209747150540352,0.0,0.0,0.0,0.0,0.0,0.0,0,0.046566466006535814,0.046566466006535814,0.0001
0.07,0.03507,0.000170780224378,0.170780224378,-0.0019544519401197558,29.8503657526,0.0,0.0,-29.8503657526,2000000.0,250.0,27,0,0,0.0,0.0,0.0,0.0,0.0,27,0,0,0.0,0.0,0.0,23.154462970407277,0.0,27,27,26,24648.248046875,-0.006803800584748387,0.0002989910281030461,-0.01576591655611992,0.01576591655611992,0.0,0.0,0.0,0.0,0.0,0.0,0,0.04656842919715982,0.04656842919715982,0.0001
0.072,0.036072,0.000168826693314,0.168826693314,-0.0019462709326347333,29.7410101732,0.0,0.0,-29.7410101732,2000000.0,250.0,27,0,0,0.0,0.0,0.0,0.0,0.0,27,0,0,0.0,0.0,0.0,23.125746873339782,0.0,27,27,26,24647.091796875,-0.006798518588766456,0.000299980107229203,-0.018304994329810143,0.018304994329810143,0.0,0.0,0.0,0.0,0.0,0.0,0,0.046570382728223815,0.046570382728223815,0.0001
0.074,0.037074,0.000166879897429,0.166879897429,-0.0019389126067864276,29.6456171333,0.0,0.0,-29.6456171333,2000000.0,250.0,27,0,0,0.0,0.0,0.0,0.0,0.0,27,0,0,0.0,0.0,0.0,23.1136827169347,0.0,27,27,26,24648.005859375,-0.006796315545216203,0.00030026740569155663,-0.02083168365061283,0.02083168365061283,0.0,0.0,0.0,0.0,0.0,0.0,0,0.046572329524108814,0.046572329524108814,0.0001
0.076,0.038076,0.00016494111245,0.16494111244999998,-0.0019283827569860357,29.5766892244,0.0,0.0,-29.5766892244,2000000.0,250.0,26,0,0,0.0,0.0,0.0,0.0,0.0,26,0,0,0.0,0.0,0.0,23.118085768003724,0.0,26,26,25,24677.97265625,-0.006797171430662274,0.00029985721630509943,-0.023349719122052193,0.023349719122052193,0.0,0.0,0.0,0.0,0.0,0.0,0,0.04657426830908781,0.04657426830908781,0.0001
0.078,0.039078,0.000163015418384,0.163015418384,-0.0019130233892215437,29.5270440113,0.0,0.0,-29.5270440113,2000000.0,250.0,27,0,0,0.0,0.0,0.0,0.0,0.0,27,0,0,0.0,0.0,0.0,23.13889708686711,0.0,27,27,26,24647.4453125,-0.006801072973757982,0.00029875281325075775,-0.02586216665804386,0.02586216665804386,0.0,0.0,0.0,0.0,0.0,0.0,0,0.04657619400315382,0.04657619400315382,0.0001
0.08,0.04008,0.000161107413578,0.16110741357799999,-0.0018946572350299479,29.4565719684,0.0,0.0,-29.4565719684,2000000.0,250.0,27,0,0,0.0,0.0,0.0,0.0,0.0,27,0,0,0.0,0.0,0.0,23.176032745481255,0.0,27,27,26,24649.669921875,-0.006807990139350295,0.0002969603519886732,-0.02837158925831318,0.02837158925831318,0.0,0.0,0.0,0.0,0.0,0.0,0,0.04657810200795982,0.04657810200795982,0.0001
0.082,0.041082,0.000159218525285,0.159218525285,-0.0018761042400199518,29.3617758171,0.0,0.0,-29.3617758171,2000000.0,250.0,28,0,0,0.0,0.0,0.0,0.0,0.0,28,0,0,0.0,0.0,0.0,23.229837771029743,0.0,28,28,26,44670.25390625,-0.006817930145189166,0.0002944784500868991,-0.03088013082742691,0.03088013082742691,0.0,0.0,0.0,0.0,0.0,0.0,0,0.04657999089625282,0.04657999089625282,0.0001
0.084,0.042084,0.000157347700681,0.15734770068099999,-0.0018573362664670579,29.3126953617,0.0,0.0,-29.3126953617,2000000.0,250.0,28,0,0,0.0,0.0,0.0,0.0,0.0,28,0,0,0.0,0.0,0.0,23.2679070233228,0.0,28,28,27,24894.751953125,-0.006824764423072338,0.0002935938537120819,-0.023441189900040627,0.023441189900040627,0.0,0.0,0.0,0.0,0.0,0.0,0,0.046581861720856814,0.046581861720856814,0.0001
0.086,0.043086,0.000155496423407,0.155496423407,-0.0018383156596806366,29.3081035536,0.0,0.0,-29.3081035536,2000000.0,250.0,28,0,0,0.0,0.0,0.0,0.0,0.0,28,0,0,0.0,0.0,0.0,23.259308860235873,0.0,28,28,27,24896.18359375,-0.006823124131187797,0.0002944825537269935,-0.017806435003876686,0.017806435003876686,0.0,0.0,0.0,0.0,0.0,0.0,0,0.04658371299813081,0.04658371299813081,0.0001
0.088,0.044088,0.000153663716099,0.153663716099,-0.0018225705104790574,29.2790923408,0.0,0.0,-29.2790923408,2000000.0,250.0,28,0,0,0.0,0.0,0.0,0.0,0.0,28,0,0,0.0,0.0,0.0,23.216355249921186,0.0,28,28,26,44651.5234375,-0.006815182510763407,0.00029654843092430383,-0.015095651149749756,0.015095651149749756,0.0,0.0,0.0,0.0,0.0,0.0,0,0.04658554570543882,0.04658554570543882,0.0001
0.09,0.04509,0.000151843992104,0.15184399210400001,-0.001811997805888227,29.2017607693,0.0,0.0,-29.2017607693,2000000.0,250.0,28,0,0,0.0,0.0,0.0,0.0,0.0,28,0,0,0.0,0.0,0.0,23.175250149873452,0.0,28,28,26,44649.046875,-0.006807658821344376,0.00029804919904563576,-0.01766018196940422,0.01766018196940422,0.0,0.0,0.0,0.0,0.0,0.0,0,0.046587365429433814,0.046587365429433814,0.0001
0.092,0.046092,0.000150032472496,0.15003247249600002,-0.0018044750164670775,29.1144739102,0.0,0.0,-29.1144739102,2000000.0,250.0,27,0,0,0.0,0.0,0.0,0.0,0.0,27,0,0,0.0,0.0,0.0,23.151097772152305,0.0,27,27,26,24668.923828125,-0.006803229684010148,0.0002988448686664924,-0.020207760855555534,0.020207760855555534,0.0,0.0,0.0,0.0,0.0,0.0,0,0.04658917694904181,0.04658917694904181,0.0001
0.094,0.047094,0.000148227824171,0.148227824171,-0.0017967228747505087,29.048909603,0.0,0.0,-29.048909603,2000000.0,250.0,27,0,0,0.0,0.0,0.0,0.0,0.0,27,0,0,0.0,0.0,0.0,23.14346545745215,0.0,27,27,26,24668.583984375,-0.006801852956414223,0.0002989451604662463,-0.022743085399270058,0.022743085399270058,0.0,0.0,0.0,0.0,0.0,0.0,0,0.04659098159736681,0.04659098159736681,0.0001
0.096,0.048096,0.000146431839855,0.146431839855,-0.001787044188622744,29.0202135402,0.0,0.0,-29.0202135402,2000000.0,250.0,27,0,0,0.0,0.0,0.0,0.0,0.0,27,0,0,0.0,0.0,0.0,23.15225284689664,0.0,27,27,26,24647.998046875,-0.0068035193253308535,0.00029835135501343757,-0.025269946083426476,0.025269946083426476,0.0,0.0,0.0,0.0,0.0,0.0,0,0.046592777581682815,0.046592777581682815,0.0001
0.098,0.049098,0.000144646587617,0.144646587617,-0.001774835902694602,29.0317669349,0.0,0.0,-29.0317669349,2000000.0,250.0,26,0,0,0.0,0.0,0.0,0.0,0.0,26,0,0,0.0,0.0,0.0,23.177317141341618,0.0,26,26,25,24680.16796875,-0.006808194797486067,0.0002970718633150682,-0.02779129333794117,0.02779129333794117,0.0,0.0,0.0,0.0,0.0,0.0,0,0.04659456283392081,0.04659456283392081,0.0001
0.1,0.0501,0.000142875068706,0.142875068706,-0.001759528419161674,29.0369481646,0.0,0.0,-29.0369481646,2000000.0,250.0,28,0,0,0.0,0.0,0.0,0.0,0.0,28,0,0,0.0,0.0,0.0,23.218754241296907,0.0,28,28,26,44650.5,-0.006815871689468622,0.00029510770400520414,-0.030309725552797318,0.030309725552797318,0.0,0.0,0.0,0.0,0.0,0.0,0,0.046596334352831816,0.046596334352831816,0.0001
0.102,0.051102,0.000141120492665,0.141120492665,-0.0017425266666666606,28.9901403818,0.0,0.0,-28.9901403818,2000000.0,250.0,27,0,0,0.0,0.0,0.0,0.0,0.0,27,0,0,0.0,0.0,0.0,23.259405864796996,0.0,27,27,26,24909.46875,-0.006823218893259764,0.0002938852412626147,-0.025308601558208466,0.025308601558208466,0.0,0.0,0.0,0.0,0.0,0.0,0,0.046598088928872815,0.046598088928872815,0.0001
0.104,0.052104,0.000139383045266,0.13938304526599998,-0.0017264464795409273,28.908955605,0.0,0.0,-28.908955605,2000000.0,250.0,28,0,0,0.0,0.0,0.0,0.0,0.0,28,0,0,0.0,0.0,0.0,23.254948092189075,0.0,28,28,27,24894.423828125,-0.0068223304115235806,0.0002946210006484762,-0.01942143402993679,0.01942143402993679,0.0,0.0,0.0,0.0,0.0,0.0,0,0.046599826376271816,0.046599826376271816,0.0001
0.106,0.053106,0.00013766069392,0.13766069392,-0.001711674571856281,28.8166552348,0.0,0.0,-28.8166552348,2000000.0,250.0,28,0,0,0.0,0.0,0.0,0.0,0.0,28,0,0,0.0,0.0,0.0,23.21481497915445,0.0,28,28,26,44650.65234375,-0.006814909167587757,0.0002965786407003179,-0.016576023772358894,0.016576023772358894,0.0,0.0,0.0,0.0,0.0,0.0,0,0.04660154872761781,0.04660154872761781,0.0001
0.108,0.054108,0.000135952849424,0.135952849424,-0.001696587916167655,28.732687429,0.0,0.0,-28.732687429,2000000.0,250.0,28,0,0,0.0,0.0,0.0,0.0,0.0,28,0,0,0.0,0.0,0.0,23.17615240580733,0.0,28,28,26,44649.0703125,-0.006807830650359392,0.0002979790006065741,-0.019147003069519997,0.019147003069519997,0.0,0.0,0.0,0.0,0.0,0.0,0,0.04660325657211382,0.04660325657211382,0.0001
0.11,0.05511,0.000134260731736,0.134260731736,-0.0016807675888223655,28.675942748,0.0,0.0,-28.675942748,2000000.0,250.0,27,0,0,0.0,0.0,0.0,0.0,0.0,27,0,0,0.0,0.0,0.0,23.154322188323732,0.0,27,27,26,24649.01953125,-0.006803831551223993,0.00029867801640648395,-0.021701276302337646,0.021701276302337646,0.0,0.0,0.0,0.0,0.0,0.0,0,0.04660494868980181,0.04660494868980181,0.0001
0.112,0.056112,0.000132584591176,0.132584591176,-0.0016651812904191488,28.645774203,0.0,0.0,-28.645774203,2000000.0,250.0,27,0,0,0.0,0.0,0.0,0.0,0.0,27,0,0,0.0,0.0,0.0,23.148882600185363,0.0,27,27,26,24648.765625,-0.006802862975746393,0.00029868679121136665,-0.02424340322613716,0.02424340322613716,0.0,0.0,0.0,0.0,0.0,0.0,0,0.04660662483036181,0.04660662483036181,0.0001
0.114,0.057114,0.00013092370843,0.13092370843,-0.001652941749500994,28.6167773647,0.0,0.0,-28.6167773647,2000000.0,250.0,27,0,0,0.0,0.0,0.0,0.0,0.0,27,0,0,0.0,0.0,0.0,23.159675425271303,0.0,27,27,26,24648.279296875,-0.006804901175200939,0.00029800970514770597,-0.026777170598506927,0.026777170598506927,0.0,0.0,0.0,0.0,0.0,0.0,0,0.046608285713107815,0.046608285713107815,0.0001
0.116,0.058116,0.00012927209591,0.12927209591000002,-0.0016475221252495037,28.6003178836,0.0,0.0,-28.6003178836,2000000.0,250.0,28,0,0,0.0,0.0,0.0,0.0,0.0,28,0,0,0.0,0.0,0.0,23.186750717893077,0.0,28,28,26,44649.2890625,-0.006809940095990896,0.0002966486499644816,-0.029305558651685715,0.029305558651685715,0.0,0.0,0.0,0.0,0.0,0.0,0,0.046609937325627813,0.046609937325627813,0.0001
0.118,0.059118,0.000127622074091,0.127622074091,-0.0016464606821357392,28.5753022779,0.0,0.0,-28.5753022779,2000000.0,250.0,27,0,0,0.0,0.0,0.0,0.0,0.0,27,0,0,0.0,0.0,0.0,23.230135806377902,0.0,27,27,25,44680.80859375,-0.006817959016188979,0.0002946079330286011,-0.03183114528656006,0.03183114528656006,0.0,0.0,0.0,0.0,0.0,0.0,0,0.04661158734744682,0.04661158734744682,0.0001
0.12,0.06012,0.000125972588703,0.125972588703,-0.001644475954091805,28.5172870803,0.0,0.0,-28.5172870803,2000000.0,250.0,28,0,0,0.0,0.0,0.0,0.0,0.0,28,0,0,0.0,0.0,0.0,23.258458029595918,0.0,28,28,27,24894.46484375,-0.0068230219185352325,0.0002941047423519194,-0.024546334519982338,0.024546334519982338,0.0,0.0,0.0,0.0,0.0,0.0,0,0.04661323683283482,0.04661323683283482,0.0001
0.122,0.061122,0.000124326544279,0.124326544279,-0.001639127938622753,28.4585326742,0.0,0.0,-28.4585326742,2000000.0,250.0,28,0,0,0.0,0.0,0.0,0.0,0.0,28,0,0,0.0,0.0,0.0,23.241714303335613,0.0,28,28,27,24920.625,-0.006819895701482892,0.00029531567997764796,-0.01902509108185768,0.01902509108185768,0.0,0.0,0.0,0.0,0.0,0.0,0,0.04661488287725882,0.04661488287725882,0.0001
0.124,0.062124,0.000122687776314,0.12268777631399999,-0.0016306020758483156,28.3955193682,0.0,0.0,-28.3955193682,2000000.0,250.0,28,0,0,0.0,0.0,0.0,0.0,0.0,28,0,0,0.0,0.0,0.0,23.20242007748624,0.0,28,28,26,44650.9296875,-0.006812667474150658,0.0002969107445096597,-0.01979013718664646,0.01979013718664646,0.0,0.0,0.0,0.0,0.0,0.0,0,0.04661652164522381,0.04661652164522381,0.0001
0.126,0.063126,0.000121058817719,0.121058817719,-0.0016195158228542866,28.3279238004,0.0,0.0,-28.3279238004,2000000.0,250.0,28,0,0,0.0,0.0,0.0,0.0,0.0,28,0,0,0.0,0.0,0.0,23.17766155601969,0.0,28,28,26,44669.953125,-0.006808140315115452,0.0002977311523864046,-0.022356990724802017,0.022356990724802017,0.0,0.0,0.0,0.0,0.0,0.0,0,0.04661815060381882,0.04661815060381882,0.0001
0.128,0.064128,0.000119442266605,0.119442266605,-0.0016038242045908202,28.2643726015,0.0,0.0,-28.2643726015,2000000.0,250.0,26,0,0,0.0,0.0,0.0,0.0,0.0,26,0,0,0.0,0.0,0.0,23.169271031424334,0.0,26,26,25,24679.96484375,-0.00680662808008492,0.00029786472441628575,-0.024910200387239456,0.024910200387239456,0.0,0.0,0.0,0.0,0.0,0.0,0,0.046619767154932816,0.046619767154932816,0.0001
0.13,0.06513,0.000117844754013,0.117844754013,-0.0015815833622754502,28.2198282058,0.0,0.0,-28.2198282058,2000000.0,250.0,27,0,0,0.0,0.0,0.0,0.0,0.0,27,0,0,0.0,0.0,0.0,23.177153262054702,0.0,27,27,26,24649.8046875,-0.006808123318478465,0.00029731290123891085,-0.027453793212771416,0.027453793212771416,0.0,0.0,0.0,0.0,0.0,0.0,0,0.04662136466752482,0.04662136466752482,0.0001
0.132,0.066132,0.000116272773547,0.116272773547,-0.0015565452954091827,28.1838562401,0.0,0.0,-28.1838562401,2000000.0,250.0,28,0,0,0.0,0.0,0.0,0.0,0.0,28,0,0,0.0,0.0,0.0,23.201195479941564,0.0,28,28,26,44669.2265625,-0.0068125969264656305,0.00029608218756038696,-0.02999104931950569,0.02999104931950569,0.0,0.0,0.0,0.0,0.0,0.0,0,0.04662293664799082,0.04662293664799082,0.0001
0.134,0.067134,0.000114725437241,0.114725437241,-0.0015349101931137685,28.1469696164,0.0,0.0,-28.1469696164,2000000.0,250.0,28,0,0,0.0,0.0,0.0,0.0,0.0,28,0,0,0.0,0.0,0.0,23.240211253180885,0.0,28,28,27,24893.78125,-0.006819733185693622,0.00029447222186718136,-0.029922880232334137,0.029922880232334137,0.0,0.0,0.0,0.0,0.0,0.0,0,0.04662448398429681,0.04662448398429681,0.0001
0.136,0.068136,0.00011319681352,0.11319681352,-0.001518412507485016,28.1232964755,0.0,0.0,-28.1232964755,2000000.0,250.0,28,0,0,0.0,0.0,0.0,0.0,0.0,28,0,0,0.0,0.0,0.0,23.249361619866566,0.0,28,28,27,24894.203125,-0.006821330403909087,0.0002947060129372403,-0.02323050983250141,0.02323050983250141,0.0,0.0,0.0,0.0,0.0,0.0,0,0.04662601260801782,0.04662601260801782,0.0001
0.138,0.069138,0.000111682538576,0.11168253857600001,-0.001504901017465067,28.1080478719,0.0,0.0,-28.1080478719,2000000.0,250.0,28,0,0,0.0,0.0,0.0,0.0,0.0,28,0,0,0.0,0.0,0.0,23.218838443255017,0.0,28,28,26,44650.78125,-0.006815666565671563,0.00029628990159835666,-0.020026450976729393,0.020026450976729393,0.0,0.0,0.0,0.0,0.0,0.0,0,0.04662752688296182,0.04662752688296182,0.0001
0.14,0.07014,0.000110180991881,0.110180991881,-0.0014919708273453194,28.0785052755,0.0,0.0,-28.0785052755,2000000.0,250.0,28,0,0,0.0,0.0,0.0,0.0,0.0,28,0,0,0.0,0.0,0.0,23.188994830919526,0.0,28,28,26,44670.40234375,-0.006810226012021303,0.0002973182563437149,-0.022618170827627182,0.022618170827627182,0.0,0.0,0.0,0.0,0.0,0.0,0,0.04662902842965681,0.04662902842965681,0.0001
0.142,0.071142,0.000108692629038,0.108692629038,-0.001478679946107779,28.0028462742,0.0,0.0,-28.0028462742,2000000.0,250.0,28,0,0,0.0,0.0,0.0,0.0,0.0,28,0,0,0.0,0.0,0.0,23.175731995765954,0.0,28,28,26,44648.9765625,-0.006807812722399831,0.0002976575633510947,-0.025189263746142387,0.025189263746142387,0.0,0.0,0.0,0.0,0.0,0.0,0,0.04663051679249981,0.04663051679249981,0.0001
0.144,0.072144,0.000107217717269,0.107217717269,-0.0014659150553892192,27.962489672,0.0,0.0,-27.962489672,2000000.0,250.0,28,0,0,0.0,0.0,0.0,0.0,0.0,28,0,0,0.0,0.0,0.0,23.178749799822356,0.0,28,28,26,44649.0546875,-0.006808407139033079,0.0002973118098452687,-0.02774760127067566,0.02774760127067566,0.0,0.0,0.0,0.0,0.0,0.0,0,0.046631991704268815,0.046631991704268815,0.0001
0.146,0.073146,0.000105754935267,0.105754935267,-0.001455060792914166,27.9644263162,0.0,0.0,-27.9644263162,2000000.0,250.0,28,0,0,0.0,0.0,0.0,0.0,0.0,28,0,0,0.0,0.0,0.0,23.19785054694514,0.0,28,28,26,44650.5703125,-0.0068119720090180635,0.00029628937772940844,-0.0302971713244915,0.0302971713244915,0.0,0.0,0.0,0.0,0.0,0.0,0,0.04663345448627081,0.04663345448627081,0.0001
0.148,0.074148,0.00010430177544,0.10430177544000001,-0.0014461467455089902,27.9285821007,0.0,0.0,-27.9285821007,2000000.0,250.0,28,0,0,0.0,0.0,0.0,0.0,0.0,28,0,0,0.0,0.0,0.0,23.23311638477471,0.0,28,28,26,44651.09375,-0.006818487076088786,0.00029459421057254076,-0.032841239124536514,0.032841239124536514,0.0,0.0,0.0,0.0,0.0,0.0,0,0.04663490764609782,0.04663490764609782,0.0001
0.15,0.07515,0.000102856857189,0.102856857189,-0.0014381834900199647,27.8550643794,0.0,0.0,-27.8550643794,2000000.0,250.0,28,0,0,0.0,0.0,0.0,0.0,0.0,28,0,0,0.0,0.0,0.0,23.25350706453229,0.0,28,28,27,24895.93359375,-0.00682210479862988,0.0002944113948615268,-0.025599222630262375,0.025599222630262375,0.0,0.0,0.0,0.0,0.0,0.0,0,0.04663635256434882,0.04663635256434882,0.0001
0.152,0.076152,0.000101419655726,0.101419655726,-0.0014301923954091814,27.812534927,0.0,0.0,-27.812534927,2000000.0,250.0,28,0,0,0.0,0.0,0.0,0.0,0.0,28,0,0,0.0,0.0,0.0,23.229599698453665,0.0,28,28,27,24893.6328125,-0.006817659130319953,0.0002959139528684318,-0.020124221220612526,0.020124221220612526,0.0,0.0,0.0,0.0,0.0,0.0,0,0.046637789765811816,0.046637789765811816,0.0001
0.154,0.077154,9.99907516286e-05,0.0999907516286,-0.0014212320915668597,27.814556819,0.0,0.0,-27.814556819,2000000.0,250.0,28,0,0,0.0,0.0,0.0,0.0,0.0,28,0,0,0.0,0.0,0.0,23.194229746109837,0.0,28,28,26,44649.76953125,-0.0068111715372651815,0.0002971749781863764,-0.02279951423406601,0.02279951423406601,0.0,0.0,0.0,0.0,0.0,0.0,0,0.046639218669909215,0.046639218669909215,0.0001
0.156,0.078156,9.85715066145e-05,0.0985715066145,-0.001410771335778438,27.8212331771,0.0,0.0,-27.8212331771,2000000.0,250.0,28,0,0,0.0,0.0,0.0,0.0,0.0,28,0,0,0.0,0.0,0.0,23.175369152502345,0.0,28,28,26,44648.9765625,-0.0068077328614890575,0.0002977493131766096,-0.025382831692695618,0.025382831692695618,0.0,0.0,0.0,0.0,0.0,0.0,0,0.046640637914923316,0.046640637914923316,0.0001
0.158,0.079158,9.71635658717e-05,0.0971635658717,-0.0013990770367265579,27.7996415729,0.0,0.0,-27.7996415729,2000000.0,250.0,27,0,0,0.0,0.0,0.0,0.0,0.0,27,0,0,0.0,0.0,0.0,23.172700422724976,0.0,27,27,26,24669.69140625,-0.0068072788417339325,0.00029764372447971255,-0.027951518073678017,0.027951518073678017,0.0,0.0,0.0,0.0,0.0,0.0,0,0.046642045855666114,0.046642045855666114,0.0001
0.16,0.08016,9.57677562329e-05,0.0957677562329,-0.001387377222604791,27.760838568,0.0,0.0,-27.760838568,2000000.0,250.0,28,0,0,0.0,0.0,0.0,0.0,0.0,28,0,0,0.0,0.0,0.0,23.186064180915416,0.0,28,28,26,44649.296875,-0.006809779908508062,0.00029686500784009695,-0.030509933829307556,0.030509933829307556,0.0,0.0,0.0,0.0,0.0,0.0,0,0.046643441665304916,0.046643441665304916,0.0001
0.162,0.081162,9.43832619176e-05,0.0943832619176,-0.0013777953847804378,27.7351603917,0.0,0.0,-27.7351603917,2000000.0,250.0,27,0,0,0.0,0.0,0.0,0.0,0.0,27,0,0,0.0,0.0,0.0,23.21542911313103,0.0,27,27,25,44680.28125,-0.006815225118771195,0.0002954151714220643,-0.03306160494685173,0.03306160494685173,0.0,0.0,0.0,0.0,0.0,0.0,0,0.04664482615962021,0.04664482615962021,0.0001
0.164,0.082164,9.30066542818e-05,0.0930066542818,-0.0013701336999501004,27.723014047,0.0,0.0,-27.723014047,2000000.0,250.0,28,0,0,0.0,0.0,0.0,0.0,0.0,28,0,0,0.0,0.0,0.0,23.243784853073198,0.0,28,28,27,24893.974609375,-0.006820339476689696,0.0002946962049463764,-0.028040362522006035,0.028040362522006035,0.0,0.0,0.0,0.0,0.0,0.0,0,0.04664620276725601,0.04664620276725601,0.0001
0.166,0.083166,9.16375139829e-05,0.0916375139829,-0.001362299191666659,27.7068622716,0.0,0.0,-27.7068622716,2000000.0,250.0,28,0,0,0.0,0.0,0.0,0.0,0.0,28,0,0,0.0,0.0,0.0,23.228957296989226,0.0,28,28,26,44651.14453125,-0.006817561341449618,0.0002956779208034277,-0.02415127493441105,0.02415127493441105,0.0,0.0,0.0,0.0,0.0,0.0,0,0.04664757190755491,0.04664757190755491,0.0001
0.168,0.084168,9.02766067017e-05,0.0902766067017,-0.0013550247854291486,27.6635688903,0.0,0.0,-27.6635688903,2000000.0,250.0,28,0,0,0.0,0.0,0.0,0.0,0.0,28,0,0,0.0,0.0,0.0,23.212789485443828,0.0,28,28,26,44669.80078125,-0.0068146344274282455,0.00029613584047183394,-0.02674517221748829,0.02674517221748829,0.0,0.0,0.0,0.0,0.0,0.0,0,0.04664893281483611,0.04664893281483611,0.0001
0.17,0.08517,8.89220443129e-05,0.0889220443129,-0.0013497659457085906,27.6051660926,0.0,0.0,-27.6051660926,2000000.0,250.0,28,0,0,0.0,0.0,0.0,0.0,0.0,28,0,0,0.0,0.0,0.0,23.21297160933978,0.0,28,28,26,44650.40625,-0.0068147077690809965,0.0002959102421300486,-0.029329974204301834,0.029329974204301834,0.0,0.0,0.0,0.0,0.0,0.0,0,0.04665028737722492,0.04665028737722492,0.0001
0.172,0.086172,8.75716757465e-05,0.08757167574649999,-0.0013454640196107759,27.5513676833,0.0,0.0,-27.5513676833,2000000.0,250.0,28,0,0,0.0,0.0,0.0,0.0,0.0,28,0,0,0.0,0.0,0.0,23.229164374184325,0.0,28,28,26,44651.0,-0.006817721761763096,0.000295014979201369,-0.031902238726615906,0.031902238726615906,0.0,0.0,0.0,0.0,0.0,0.0,0,0.04665163774579131,0.04665163774579131,0.0001
0.174,0.087174,8.62257344176e-05,0.0862257344176,-0.0013397476548902137,27.5014292864,0.0,0.0,-27.5014292864,2000000.0,250.0,27,0,0,0.0,0.0,0.0,0.0,0.0,27,0,0,0.0,0.0,0.0,23.232122484675237,0.0,27,27,26,24908.66796875,-0.006818162743002176,0.0002955119271064177,-0.025124311447143555,0.025124311447143555,0.0,0.0,0.0,0.0,0.0,0.0,0,0.04665298368712022,0.04665298368712022,0.0001
0.176,0.088176,8.48868214461e-05,0.08488682144609999,-0.001330976530289428,27.4644941764,0.0,0.0,-27.4644941764,2000000.0,250.0,28,0,0,0.0,0.0,0.0,0.0,0.0,28,0,0,0.0,0.0,0.0,23.219294300439984,0.0,28,28,26,44670.05078125,-0.00681583140976727,0.00029581984563264996,-0.02786698192358017,0.02786698192358017,0.0,0.0,0.0,0.0,0.0,0.0,0,0.04665432260009172,0.04665432260009172,0.0001
0.178,0.089178,8.35584574509e-05,0.0835584574509,-0.0013190968374251558,27.4400858838,0.0,0.0,-27.4400858838,2000000.0,250.0,28,0,0,0.0,0.0,0.0,0.0,0.0,28,0,0,0.0,0.0,0.0,23.222614467883815,0.0,28,28,26,44650.78125,-0.0068164796102792025,0.0002954652300104499,-0.030440183356404305,0.030440183356404305,0.0,0.0,0.0,0.0,0.0,0.0,0,0.046655650964086914,0.046655650964086914,0.0001
0.18,0.09018,8.22433513839e-05,0.0822433513839,-0.0013058719289920015,27.4296573809,0.0,0.0,-27.4296573809,2000000.0,250.0,28,0,0,0.0,0.0,0.0,0.0,0.0,28,0,0,0.0,0.0,0.0,23.23520552866707,0.0,28,28,27,24895.34375,-0.006818754365667701,0.00029515782080125064,-0.028149334713816643,0.028149334713816643,0.0,0.0,0.0,0.0,0.0,0.0,0,0.04665696607015392,0.04665696607015392,0.0001
0.182,0.091182,8.09414901052e-05,0.0809414901052,-0.0012943576449101768,27.3982704196,0.0,0.0,-27.3982704196,2000000.0,250.0,28,0,0,0.0,0.0,0.0,0.0,0.0,28,0,0,0.0,0.0,0.0,23.22657091310054,0.0,28,28,26,44670.328125,-0.006817175075411797,0.0002954878000309691,-0.028642605990171432,0.028642605990171432,0.0,0.0,0.0,0.0,0.0,0.0,0,0.046658267931432615,0.046658267931432615,0.0001
0.184,0.092184,7.96494586635e-05,0.0796494586635,-0.001287416234630745,27.3579483183,0.0,0.0,-27.3579483183,2000000.0,250.0,28,0,0,0.0,0.0,0.0,0.0,0.0,28,0,0,0.0,0.0,0.0,23.231751013179526,0.0,28,28,26,44651.140625,-0.0068181653041392565,0.00029505713609978557,-0.03120870515704155,0.03120870515704155,0.0,0.0,0.0,0.0,0.0,0.0,0,0.04665955996287432,0.04665955996287432,0.0001
0.186,0.093186,7.8361507971e-05,0.078361507971,-0.001284328524650706,27.3106437549,0.0,0.0,-27.3106437549,2000000.0,250.0,28,0,0,0.0,0.0,0.0,0.0,0.0,28,0,0,0.0,0.0,0.0,23.225813358784638,0.0,28,28,26,44650.99609375,-0.00681700580753386,0.0002956966054625809,-0.026975592598319054,0.026975592598319054,0.0,0.0,0.0,0.0,0.0,0.0,0,0.04666084791356682,0.04666084791356682,0.0001
0.188,0.094188,7.70756643001e-05,0.0770756643001,-0.0012818916864271515,27.2814542938,0.0,0.0,-27.2814542938,2000000.0,250.0,27,0,0,0.0,0.0,0.0,0.0,0.0,27,0,0,0.0,0.0,0.0,23.21785201842537,0.0,27,27,25,44680.4921875,-0.006815579021349549,0.00029581809940282255,-0.029540734365582466,0.029540734365582466,0.0,0.0,0.0,0.0,0.0,0.0,0,0.04666213375723772,0.04666213375723772,0.0001
0.19,0.09519,7.57925970314e-05,0.0757925970314,-0.0012789792376746434,27.2579006733,0.0,0.0,-27.2579006733,2000000.0,250.0,28,0,0,0.0,0.0,0.0,0.0,0.0,28,0,0,0.0,0.0,0.0,23.225691859102525,0.0,28,28,26,44650.8828125,-0.006817057961598039,0.0002952773938886821,-0.03210241347551346,0.03210241347551346,0.0,0.0,0.0,0.0,0.0,0.0,0,0.046663416824506414,0.046663416824506414,0.0001
0.192,0.096192,7.45125899078e-05,0.07451258990779999,-0.0012754537012475003,27.2161222623,0.0,0.0,-27.2161222623,2000000.0,250.0,28,0,0,0.0,0.0,0.0,0.0,0.0,28,0,0,0.0,0.0,0.0,23.23314043998904,0.0,28,28,27,24893.671875,-0.006818357156589627,0.00029539117531385273,-0.027477990835905075,0.027477990835905075,0.0,0.0,0.0,0.0,0.0,0.0,0,0.04666469683163001,0.04666469683163001,0.0001
0.194,0.097194,7.32365878141e-05,0.0732365878141,-0.001271437213473045,27.1841616354,0.0,0.0,-27.1841616354,2000000.0,250.0,28,0,0,0.0,0.0,0.0,0.0,0.0,28,0,0,0.0,0.0,0.0,23.226058523838272,0.0,28,28,26,44670.30078125,-0.006817089859396219,0.0002954598603537306,-0.030210331082344055,0.030210331082344055,0.0,0.0,0.0,0.0,0.0,0.0,0,0.046665972833723715,0.046665972833723715,0.0001
0.196,0.098196,7.1964629732e-05,0.071964629732,-0.001266297903043917,27.1536059272,0.0,0.0,-27.1536059272,2000000.0,250.0,28,0,0,0.0,0.0,0.0,0.0,0.0,28,0,0,0.0,0.0,0.0,23.233626247780023,0.0,28,28,27,24895.27734375,-0.006818473106250167,0.0002951502538053319,-0.03032258152961731,0.03032258152961731,0.0,0.0,0.0,0.0,0.0,0.0,0,0.04666724479180581,0.04666724479180581,0.0001
0.198,0.099198,7.06989268164e-05,0.0706989268164,-0.0012582290594311402,27.125029988,0.0,0.0,-27.125029988,2000000.0,250.0,28,0,0,0.0,0.0,0.0,0.0,0.0,28,0,0,0.0,0.0,0.0,23.220983303216407,0.0,28,28,26,44651.5859375,-0.0068161210510879755,0.000295858146273531,-0.028466200456023216,0.028466200456023216,0.0,0.0,0.0,0.0,0.0,0.0,0,0.04666851049472141,0.04666851049472141,0.0001
0.2,0.1002,6.94431386969e-05,0.0694431386969,-0.001247494071806382,27.0808194297,0.0,0.0,-27.0808194297,2000000.0,250.0,28,0,0,0.0,0.0,0.0,0.0,0.0,28,0,0,0.0,0.0,0.0,23.216017313704842,0.0,28,28,26,44651.34375,-0.006815255153924227,0.0002958533150376752,-0.03103521466255188,0.03103521466255188,0.0,0.0,0.0,0.0,0.0,0.0,0,0.04666976628284092,0.04666976628284092,0.0001
0.202,0.101202,6.81989486965e-05,0.0681989486965,-0.0012354331805389182,27.0630164419,0.0,0.0,-27.0630164419,2000000.0,250.0,28,0,0,0.0,0.0,0.0,0.0,0.0,28,0,0,0.0,0.0,0.0,23.226797933558156,0.0,28,28,26,44670.26953125,-0.006817266810685396,0.0002951928327092901,-0.03359784930944443,0.03359784930944443,0.0,0.0,0.0,0.0,0.0,0.0,0,0.046671010472841314,0.046671010472841314,0.0001
0.204,0.102204,6.69673306031e-05,0.0669673306031,-0.001222101893662668,27.0637331627,0.0,0.0,-27.0637331627,2000000.0,250.0,28,0,0,0.0,0.0,0.0,0.0,0.0,28,0,0,0.0,0.0,0.0,23.236767850149796,0.0,28,28,27,24895.4140625,-0.006819024216383696,0.00029521532997023314,-0.028801381587982178,0.028801381587982178,0.0,0.0,0.0,0.0,0.0,0.0,0,0.046672242090934714,0.046672242090934714,0.0001
0.206,0.103206,6.57498565016e-05,0.06574985650160001,-0.0012085351627744503,27.0440454539,0.0,0.0,-27.0440454539,2000000.0,250.0,28,0,0,0.0,0.0,0.0,0.0,0.0,28,0,0,0.0,0.0,0.0,23.218726152235114,0.0,28,28,26,44650.703125,-0.006815709173679352,0.0002959481789730489,-0.02924189530313015,0.02924189530313015,0.0,0.0,0.0,0.0,0.0,0.0,0,0.04667345956503621,0.04667345956503621,0.0001
0.208,0.104208,6.45454261369e-05,0.06454542613690001,-0.0011967822764970062,27.0285292003,0.0,0.0,-27.0285292003,2000000.0,250.0,28,0,0,0.0,0.0,0.0,0.0,0.0,28,0,0,0.0,0.0,0.0,23.21414371775645,0.0,28,28,26,44650.46484375,-0.006814910564571619,0.00029592720966320485,-0.03183061257004738,0.03183061257004738,0.0,0.0,0.0,0.0,0.0,0.0,0,0.04667466399540091,0.04667466399540091,0.0001
0.21,0.10521,6.33515048195e-05,0.0633515048195,-0.0011881606532934096,27.0279329093,0.0,0.0,-27.0279329093,2000000.0,250.0,28,0,0,0.0,0.0,0.0,0.0,0.0,28,0,0,0.0,0.0,0.0,23.22529809925065,0.0,28,28,26,44650.859375,-0.006816995330154896,0.0002952493232442066,-0.03440901264548302,0.03440901264548302,0.0,0.0,0.0,0.0,0.0,0.0,0,0.046675857916718314,0.046675857916718314,0.0001
0.212,0.106212,6.21643521877e-05,0.06216435218770001,-0.0011826574451596766,27.0315905428,0.0,0.0,-27.0315905428,2000000.0,250.0,27,0,0,0.0,0.0,0.0,0.0,0.0,27,0,0,0.0,0.0,0.0,23.235574292539873,0.0,27,27,26,24908.763671875,-0.006818804424256086,0.0002952655195258558,-0.029535019770264626,0.029535019770264626,0.0,0.0,0.0,0.0,0.0,0.0,0,0.046677045069350116,0.046677045069350116,0.0001
0.214,0.107214,6.09814592994e-05,0.0609814592994,-0.001178478221007983,26.9968622178,0.0,0.0,-26.9968622178,2000000.0,250.0,27,0,0,0.0,0.0,0.0,0.0,0.0,27,0,0,0.0,0.0,0.0,23.217434085918047,0.0,27,27,25,44680.515625,-0.006815473083406687,0.00029600359266623855,-0.029961414635181427,0.029961414635181427,0.0,0.0,0.0,0.0,0.0,0.0,0,0.04667822796223842,0.04667822796223842,0.0001
0.216,0.108216,5.98026818328e-05,0.0598026818328,-0.0011744354084331395,26.9820201377,0.0,0.0,-26.9820201377,2000000.0,250.0,27,0,0,0.0,0.0,0.0,0.0,0.0,27,0,0,0.0,0.0,0.0,23.212738270370842,0.0,27,27,25,44680.28125,-0.006814652122557163,0.0002959881676360965,-0.03255995362997055,0.03255995362997055,0.0,0.0,0.0,0.0,0.0,0.0,0,0.04667940673970501,0.04667940673970501,0.0001
0.218,0.109218,5.86278907409e-05,0.058627890740899996,-0.0011701786700099824,26.9984541934,0.0,0.0,-26.9984541934,2000000.0,250.0,28,0,0,0.0,0.0,0.0,0.0,0.0,28,0,0,0.0,0.0,0.0,23.2237329373327,0.0,28,28,26,44650.80078125,-0.006816706387326121,0.00029531757172662765,-0.03514658287167549,0.03514658287167549,0.0,0.0,0.0,0.0,0.0,0.0,0,0.04668058153079691,0.04668058153079691,0.0001
0.22,0.11022,5.74576437781e-05,0.0574576437781,-0.001165114695459074,27.0170135464,0.0,0.0,-27.0170135464,2000000.0,250.0,28,0,0,0.0,0.0,0.0,0.0,0.0,28,0,0,0.0,0.0,0.0,23.23368410412215,0.0,28,28,27,24893.6875,-0.006818459369242191,0.0002953503135358915,-0.030211063101887703,0.030211063101887703,0.0,0.0,0.0,0.0,0.0,0.0,0,0.04668175177775972,0.04668175177775972,0.0001
0.222,0.111222,5.62930008912e-05,0.0562930008912,-0.00115965668857285,26.9838744857,0.0,0.0,-26.9838744857,2000000.0,250.0,27,0,0,0.0,0.0,0.0,0.0,0.0,27,0,0,0.0,0.0,0.0,23.2153930039337,0.0,27,27,25,44680.4296875,-0.006815099157392979,0.00029608844488393515,-0.03070760704576969,0.03070760704576969,0.0,0.0,0.0,0.0,0.0,0.0,0,0.04668291642064661,0.04668291642064661,0.0001
0.224,0.112224,5.51336917742e-05,0.0551336917742,-0.0011543377819361322,26.8980856735,0.0,0.0,-26.8980856735,2000000.0,250.0,27,0,0,0.0,0.0,0.0,0.0,0.0,27,0,0,0.0,0.0,0.0,23.210599618246462,0.0,27,27,25,44680.19921875,-0.006814261432737112,0.0002960790734505281,-0.033297304064035416,0.033297304064035416,0.0,0.0,0.0,0.0,0.0,0.0,0,0.046684075729763616,0.046684075729763616,0.0001
0.226,0.113226,5.39797079762e-05,0.053979707976200005,-0.0011491872905688635,26.8383145203,0.0,0.0,-26.8383145203,2000000.0,250.0,28,0,0,0.0,0.0,0.0,0.0,0.0,28,0,0,0.0,0.0,0.0,23.221400747403937,0.0,28,28,26,44651.51171875,-0.006816277513280511,0.0002954198862425983,-0.03587773069739342,0.03587773069739342,0.0,0.0,0.0,0.0,0.0,0.0,0,0.046685229713561614,0.046685229713561614,0.0001
0.228,0.114228,5.28307204439e-05,0.0528307204439,-0.0011431955208083822,26.8114351002,0.0,0.0,-26.8114351002,2000000.0,250.0,28,0,0,0.0,0.0,0.0,0.0,0.0,28,0,0,0.0,0.0,0.0,23.240561138659725,0.0,28,28,27,24895.498046875,-0.006819745991379023,0.0002948717010440305,-0.03318443521857262,0.03318443521857262,0.0,0.0,0.0,0.0,0.0,0.0,0,0.04668637870109391,0.04668637870109391,0.0001
0.23,0.11523,5.16887441525e-05,0.0516887441525,-0.0011356198632734502,26.7793064133,0.0,0.0,-26.7793064133,2000000.0,250.0,28,0,0,0.0,0.0,0.0,0.0,0.0,28,0,0,0.0,0.0,0.0,23.221529521301896,0.0,28,28,26,44651.66015625,-0.006816185545176268,0.0002960591664304957,-0.028890052810311317,0.028890052810311317,0.0,0.0,0.0,0.0,0.0,0.0,0,0.04668752067738532,0.04668752067738532,0.0001
0.232,0.116232,5.05549382379e-05,0.0505549382379,-0.0011283657721556824,26.7369760634,0.0,0.0,-26.7369760634,2000000.0,250.0,28,0,0,0.0,0.0,0.0,0.0,0.0,28,0,0,0.0,0.0,0.0,23.1999519632004,0.0,28,28,26,44649.94921875,-0.006812259554862976,0.00029675297264475375,-0.03150729089975357,0.03150729089975357,0.0,0.0,0.0,0.0,0.0,0.0,0,0.04668865448329992,0.04668865448329992,0.0001
0.234,0.117234,4.94274991451e-05,0.0494274991451,-0.0011234532445109809,26.6968268245,0.0,0.0,-26.6968268245,2000000.0,250.0,28,0,0,0.0,0.0,0.0,0.0,0.0,28,0,0,0.0,0.0,0.0,23.194005537310627,0.0,28,28,26,44650.4921875,-0.006811202270910144,0.0002967935724882409,-0.03411528468132019,0.03411528468132019,0.0,0.0,0.0,0.0,0.0,0.0,0,0.04668978192239272,0.04668978192239272,0.0001
0.236,0.118236,4.83035379359e-05,0.048303537935900004,-0.001120612982185635,26.6875575285,0.0,0.0,-26.6875575285,2000000.0,250.0,28,0,0,0.0,0.0,0.0,0.0,0.0,28,0,0,0.0,0.0,0.0,23.203581480029918,0.0,28,28,26,44650.8203125,-0.006812998093664646,0.0002961843856610358,-0.036710478365421295,0.036710478365421295,0.0,0.0,0.0,0.0,0.0,0.0,0,0.04669090588360192,0.04669090588360192,0.0001
0.238,0.119238,4.71817907288e-05,0.0471817907288,-0.0011171844580339305,26.6697045078,0.0,0.0,-26.6697045078,2000000.0,250.0,28,0,0,0.0,0.0,0.0,0.0,0.0,28,0,0,0.0,0.0,0.0,23.22844155053353,0.0,28,28,26,44670.2890625,-0.006817602785304189,0.000294935263809748,-0.03929664567112923,0.03929664567112923,0.0,0.0,0.0,0.0,0.0,0.0,0,0.04669202763080901,0.04669202763080901,0.0001
0.24,0.12024,4.6064700282e-05,0.046064700282,-0.0011107918510478987,26.6264499417,0.0,0.0,-26.6264499417,2000000.0,250.0,28,0,0,0.0,0.0,0.0,0.0,0.0,28,0,0,0.0,0.0,0.0,23.237072509113297,0.0,28,28,27,24893.8125,-0.006819072412326932,0.00029526802245527506,-0.03150174021720886,0.03150174021720886,0.0,0.0,0.0,0.0,0.0,0.0,0,0.04669314472125582,0.04669314472125582,0.0001
0.242,0.121242,4.49557638593e-05,0.0449557638593,-0.0011030810626247445,26.5732627197,0.0,0.0,-26.5732627197,2000000.0,250.0,28,0,0,0.0,0.0,0.0,0.0,0.0,28,0,0,0.0,0.0,0.0,23.21421283098228,0.0,28,28,26,44650.5234375,-0.006814877735450864,0.00029619755514431745,-0.031999051570892334,0.031999051570892334,0.0,0.0,0.0,0.0,0.0,0.0,0,0.046694253657678514,0.046694253657678514,0.0001
0.244,0.122244,4.38541258325e-05,0.0438541258325,-0.00109827458318364,26.5395871247,0.0,0.0,-26.5395871247,2000000.0,250.0,28,0,0,0.0,0.0,0.0,0.0,0.0,28,0,0,0.0,0.0,0.0,23.204940259976702,0.0,28,28,26,44650.11328125,-0.006813209503889084,0.0002963798469863832,-0.03460230305790901,0.03460230305790901,0.0,0.0,0.0,0.0,0.0,0.0,0,0.046695355295705315,0.046695355295705315,0.0001
0.246,0.123246,4.27548215946e-05,0.0427548215946,-0.0010977853138223609,26.5429939889,0.0,0.0,-26.5429939889,2000000.0,250.0,28,0,0,0.0,0.0,0.0,0.0,0.0,28,0,0,0.0,0.0,0.0,23.210995358647185,0.0,28,28,26,44669.6640625,-0.006814358290284872,0.000295920399366878,-0.03719452768564224,0.03719452768564224,0.0,0.0,0.0,0.0,0.0,0.0,0,0.04669645459994322,0.04669645459994322,0.0001
0.248,0.124248,4.16541640636e-05,0.0416541640636,-0.001099408571257482,26.5682528386,0.0,0.0,-26.5682528386,2000000.0,250.0,27,0,0,0.0,0.0,0.0,0.0,0.0,27,0,0,0.0,0.0,0.0,23.23219903329184,0.0,27,27,25,44680.96875,-0.006818280555307865,0.0002948293258668855,-0.039779242128133774,0.039779242128133774,0.0,0.0,0.0,0.0,0.0,0.0,0,0.04669755525747422,0.04669755525747422,0.0001
0.25,0.12525,4.05516068178e-05,0.0405516068178,-0.0011005525003492944,26.5780724982,0.0,0.0,-26.5780724982,2000000.0,250.0,28,0,0,0.0,0.0,0.0,0.0,0.0,28,0,0,0.0,0.0,0.0,23.237108082367037,0.0,28,28,27,24895.4453125,-0.006819072412326932,0.00029531413747463375,-0.0319836363196373,0.0319836363196373,0.0,0.0,0.0,0.0,0.0,0.0,0,0.04669865781472002,0.04669865781472002,0.0001
0.252,0.126252,3.94486568529e-05,0.0394486568529,-0.0010994224971057863,26.5472289916,0.0,0.0,-26.5472289916,2000000.0,250.0,28,0,0,0.0,0.0,0.0,0.0,0.0,28,0,0,0.0,0.0,0.0,23.21079757536352,0.0,28,28,26,44650.40625,-0.006814238615334034,0.00029639009153470397,-0.032481007277965546,0.032481007277965546,0.0,0.0,0.0,0.0,0.0,0.0,0,0.04669976076468491,0.04669976076468491,0.0001
0.254,0.127254,3.83483641336e-05,0.0383483641336,-0.0010941232403692581,26.4737025456,0.0,0.0,-26.4737025456,2000000.0,250.0,28,0,0,0.0,0.0,0.0,0.0,0.0,28,0,0,0.0,0.0,0.0,23.19782474746098,0.0,28,28,26,44650.66015625,-0.006811887724325061,0.0002967299660667777,-0.03508586809039116,0.03508586809039116,0.0,0.0,0.0,0.0,0.0,0.0,0,0.04670086105740422,0.04670086105740422,0.0001
0.256,0.128256,3.72560338792e-05,0.0372560338792,-0.001083883522105783,26.4084237824,0.0,0.0,-26.4084237824,2000000.0,250.0,27,0,0,0.0,0.0,0.0,0.0,0.0,27,0,0,0.0,0.0,0.0,23.200042648424947,0.0,27,27,25,44679.765625,-0.006812331499531865,0.00029643322341144085,-0.037679992616176605,0.037679992616176605,0.0,0.0,0.0,0.0,0.0,0.0,0,0.04670195338765862,0.04670195338765862,0.0001
0.258,0.129258,3.61762615553e-05,0.0361762615553,-0.0010717432771956206,26.3837975702,0.0,0.0,-26.3837975702,2000000.0,250.0,28,0,0,0.0,0.0,0.0,0.0,0.0,28,0,0,0.0,0.0,0.0,23.217335956061266,0.0,28,28,26,44669.8828125,-0.0068155478220433,0.00029550470935646445,-0.0402664840221405,0.0402664840221405,0.0,0.0,0.0,0.0,0.0,0.0,0,0.04670303315998252,0.04670303315998252,0.0001
0.26,0.13026,3.51082603517e-05,0.0351082603517,-0.0010616756508982153,26.3956087298,0.0,0.0,-26.3956087298,2000000.0,250.0,28,0,0,0.0,0.0,0.0,0.0,0.0,28,0,0,0.0,0.0,0.0,23.242268429815798,0.0,28,28,27,24895.548828125,-0.006820064736530185,0.0002947452594526112,-0.03722183778882027,0.03722183778882027,0.0,0.0,0.0,0.0,0.0,0.0,0,0.04670410116118612,0.04670410116118612,0.0001
0.262,0.131262,3.40486635509e-05,0.0340486635509,-0.0010539431257485,26.4240231093,0.0,0.0,-26.4240231093,2000000.0,250.0,28,0,0,0.0,0.0,0.0,0.0,0.0,28,0,0,0.0,0.0,0.0,23.22582920403049,0.0,28,28,26,44670.3828125,-0.006816977867856622,0.0002958604454761371,-0.03243991360068321,0.03243991360068321,0.0,0.0,0.0,0.0,0.0,0.0,0,0.04670516075798692,0.04670516075798692,0.0001
0.264,0.132264,3.29961583277e-05,0.0329961583277,-0.001046741065868259,26.4211768517,0.0,0.0,-26.4211768517,2000000.0,250.0,28,0,0,0.0,0.0,0.0,0.0,0.0,28,0,0,0.0,0.0,0.0,23.205533987220726,0.0,28,28,26,44650.171875,-0.006813288200646639,0.0002965041348943487,-0.035078663378953934,0.035078663378953934,0.0,0.0,0.0,0.0,0.0,0.0,0,0.04670621326321012,0.04670621326321012,0.0001
0.266,0.133266,3.19509944549e-05,0.0319509944549,-0.001038871833932132,26.399874156,0.0,0.0,-26.399874156,2000000.0,250.0,28,0,0,0.0,0.0,0.0,0.0,0.0,28,0,0,0.0,0.0,0.0,23.20049756749241,0.0,28,28,26,44649.92578125,-0.006812400184571743,0.0002965106978081167,-0.03769775107502937,0.03769775107502937,0.0,0.0,0.0,0.0,0.0,0.0,0,0.04670725842708291,0.04670725842708291,0.0001
0.268,0.134268,3.09142591725e-05,0.0309142591725,-0.0010306791351796397,26.3660515542,0.0,0.0,-26.3660515542,2000000.0,250.0,28,0,0,0.0,0.0,0.0,0.0,0.0,28,0,0,0.0,0.0,0.0,23.21061296605718,0.0,28,28,26,44651.08984375,-0.006814292864874005,0.0002958842524094507,-0.04030393436551094,0.04030393436551094,0.0,0.0,0.0,0.0,0.0,0.0,0,0.04670829516236531,0.04670829516236531,0.0001
0.27,0.13527,2.9885513468e-05,0.029885513468000002,-0.0010249004478043878,26.3463085769,0.0,0.0,-26.3463085769,2000000.0,250.0,28,0,0,0.0,0.0,0.0,0.0,0.0,28,0,0,0.0,0.0,0.0,23.234339888015487,0.0,28,28,27,24893.62890625,-0.006818628404289484,0.0002949376794276759,-0.040019866079092026,0.040019866079092026,0.0,0.0,0.0,0.0,0.0,0.0,0,0.04670932390806982,0.04670932390806982,0.0001
0.272,0.136272,2.88603586751e-05,0.028860358675100003,-0.0010234875997005947,26.3111733252,0.0,0.0,-26.3111733252,2000000.0,250.0,28,0,0,0.0,0.0,0.0,0.0,0.0,28,0,0,0.0,0.0,0.0,23.225120413790425,0.0,28,28,26,44670.375,-0.006816834677010775,0.0002959584235213697,-0.03294551745057106,0.03294551745057106,0.0,0.0,0.0,0.0,0.0,0.0,0,0.04671034906286271,0.04671034906286271,0.0001
0.274,0.137274,2.78344443182e-05,0.0278344443182,-0.0010235368180638704,26.2530645373,0.0,0.0,-26.2530645373,2000000.0,250.0,28,0,0,0.0,0.0,0.0,0.0,0.0,28,0,0,0.0,0.0,0.0,23.200471252819554,0.0,28,28,26,44650.796875,-0.006812345935031772,0.0002967689069919288,-0.035744503140449524,0.035744503140449524,0.0,0.0,0.0,0.0,0.0,0.0,0,0.04671137497721962,0.04671137497721962,0.0001
0.276,0.138276,2.68091908917e-05,0.0268091908917,-0.0010190577816866254,26.1968944835,0.0,0.0,-26.1968944835,2000000.0,250.0,28,0,0,0.0,0.0,0.0,0.0,0.0,28,0,0,0.0,0.0,0.0,23.191957705965795,0.0,28,28,26,44650.421875,-0.006810818100348115,0.0002969127526739612,-0.03846462070941925,0.03846462070941925,0.0,0.0,0.0,0.0,0.0,0.0,0,0.046712400230646114,0.046712400230646114,0.0001
0.278,0.139278,2.57922525237e-05,0.025792252523699998,-0.0010080807059880351,26.1589336901,0.0,0.0,-26.1589336901,2000000.0,250.0,28,0,0,0.0,0.0,0.0,0.0,0.0,28,0,0,0.0,0.0,0.0,23.199167654790106,0.0,28,28,26,44650.65625,-0.006812183419242501,0.0002964002196677029,-0.041149236261844635,0.041149236261844635,0.0,0.0,0.0,0.0,0.0,0.0,0,0.046713417169014115,0.046713417169014115,0.0001
0.28,0.14028,2.47889971569e-05,0.0247889971569,-0.0009957899082335443,26.1458657059,0.0,0.0,-26.1458657059,2000000.0,250.0,28,0,0,0.0,0.0,0.0,0.0,0.0,28,0,0,0.0,0.0,0.0,23.22172818050814,0.0,28,28,26,44650.6953125,-0.00681636412627995,0.0002952481881948188,-0.04380747675895691,0.04380747675895691,0.0,0.0,0.0,0.0,0.0,0.0,0,0.04671442042438091,0.04671442042438091,0.0001
0.282,0.141282,2.37966895476e-05,0.0237966895476,-0.0009870810440119736,26.1427195854,0.0,0.0,-26.1427195854,2000000.0,250.0,28,0,0,0.0,0.0,0.0,0.0,0.0,28,0,0,0.0,0.0,0.0,23.241196420720055,0.0,28,28,27,24920.53125,-0.0068198456428945065,0.0002949699992313981,-0.03782132640480995,0.03782132640480995,0.0,0.0,0.0,0.0,0.0,0.0,0,0.046715412731990216,0.046715412731990216,0.0001
0.284,0.142284,2.28108867447e-05,0.022810886744700002,-0.0009808332365269408,26.1343749186,0.0,0.0,-26.1343749186,2000000.0,250.0,28,0,0,0.0,0.0,0.0,0.0,0.0,28,0,0,0.0,0.0,0.0,23.210731889632587,0.0,28,28,26,44651.26953125,-0.006814182037487626,0.00029664463363587856,-0.03351190686225891,0.03351190686225891,0.0,0.0,0.0,0.0,0.0,0.0,0,0.04671639853479312,0.04671639853479312,0.0001
0.286,0.143286,2.18310997416e-05,0.0218310997416,-0.0009750036069860243,26.1148690027,0.0,0.0,-26.1148690027,2000000.0,250.0,28,0,0,0.0,0.0,0.0,0.0,0.0,28,0,0,0.0,0.0,0.0,23.18017196169526,0.0,28,28,26,44650.03515625,-0.006808590842410922,0.0002976987889269367,-0.03641461580991745,0.03641461580991745,0.0,0.0,0.0,0.0,0.0,0.0,0,0.04671737832179622,0.04671737832179622,0.0001
0.288,0.144288,2.08569795163e-05,0.0208569795163,-0.0009701577363273439,26.1054836103,0.0,0.0,-26.1054836103,2000000.0,250.0,26,0,0,0.0,0.0,0.0,0.0,0.0,26,0,0,0.0,0.0,0.0,23.166416483670467,0.0,26,26,25,24679.869140625,-0.006806092103943229,0.000298056096653454,-0.03923395276069641,0.03923395276069641,0.0,0.0,0.0,0.0,0.0,0.0,0,0.046718352442021514,0.046718352442021514,0.0001
0.29,0.14529,1.9886903638e-05,0.019886903638,-0.0009654741763972033,26.1029839677,0.0,0.0,-26.1029839677,2000000.0,250.0,27,0,0,0.0,0.0,0.0,0.0,0.0,27,0,0,0.0,0.0,0.0,23.168907714021643,0.0,27,27,26,24648.6640625,-0.006806586403399706,0.00029773682763334364,-0.041995685547590256,0.041995685547590256,0.0,0.0,0.0,0.0,0.0,0.0,0,0.046719322517899814,0.046719322517899814,0.0001
0.292,0.146292,1.89221692668e-05,0.0189221692668,-0.000957117047205587,26.1139896596,0.0,0.0,-26.1139896596,2000000.0,250.0,28,0,0,0.0,0.0,0.0,0.0,0.0,28,0,0,0.0,0.0,0.0,23.187085995769788,0.0,28,28,26,44649.328125,-0.006809980841353536,0.0002967602194985375,-0.0447140671312809,0.0447140671312809,0.0,0.0,0.0,0.0,0.0,0.0,0,0.046720287252271016,0.046720287252271016,0.0001
0.294,0.147294,1.79688410754e-05,0.017968841075399998,-0.0009446227921157662,26.1024696538,0.0,0.0,-26.1024696538,2000000.0,250.0,28,0,0,0.0,0.0,0.0,0.0,0.0,28,0,0,0.0,0.0,0.0,23.220669456807645,0.0,28,28,26,44650.61328125,-0.006816196721047163,0.0002951440546894446,-0.04740013927221298,0.04740013927221298,0.0,0.0,0.0,0.0,0.0,0.0,0,0.04672124058046242,0.04672124058046242,0.0001
0.296,0.148296,1.70291451914e-05,0.0170291451914,-0.0009333474111776537,26.079754727,0.0,0.0,-26.079754727,2000000.0,250.0,28,0,0,0.0,0.0,0.0,0.0,0.0,28,0,0,0.0,0.0,0.0,23.250163501490256,0.0,28,28,27,24895.8125,-0.00682150200009346,0.0002944780426332727,-0.04095766693353653,0.04095766693353653,0.0,0.0,0.0,0.0,0.0,0.0,0,0.04672218027634641,0.04672218027634641,0.0001
0.298,0.149298,1.60984128634e-05,0.0160984128634,-0.0009261174049900282,26.0613422569,0.0,0.0,-26.0613422569,2000000.0,250.0,28,0,0,0.0,0.0,0.0,0.0,0.0,28,0,0,0.0,0.0,0.0,23.22393590563708,0.0,28,28,26,44651.0234375,-0.006816576002165675,0.00029623351292684674,-0.033741265535354614,0.033741265535354614,0.0,0.0,0.0,0.0,0.0,0.0,0,0.04672311100867441,0.04672311100867441,0.0001
0.3,0.1503,1.51732059118e-05,0.015173205911799999,-0.0009203392956586808,26.0341920361,0.0,0.0,-26.0341920361,2000000.0,250.0,28,0,0,0.0,0.0,0.0,0.0,0.0,28,0,0,0.0,0.0,0.0,23.18331728379652,0.0,28,28,26,44650.1953125,-0.006809148238971829,0.0002976950636366382,-0.036774538457393646,0.036774538457393646,0.0,0.0,0.0,0.0,0.0,0.0,0,0.046724036215626014,0.046724036215626014,0.0001
0.302,0.151302,1.42540529149e-05,0.014254052914900001,-0.0009151140235029911,25.9920835129,0.0,0.0,-25.9920835129,2000000.0,250.0,27,0,0,0.0,0.0,0.0,0.0,0.0,27,0,0,0.0,0.0,0.0,23.160379959872795,0.0,27,27,26,24669.275390625,-0.006804951233789325,0.00029843377706129104,-0.03967690095305443,0.03967690095305443,0.0,0.0,0.0,0.0,0.0,0.0,0,0.046724955368622915,0.046724955368622915,0.0001
0.304,0.152304,1.33393174087e-05,0.013339317408699999,-0.0009135234122255457,25.9674174642,0.0,0.0,-25.9674174642,2000000.0,250.0,27,0,0,0.0,0.0,0.0,0.0,0.0,27,0,0,0.0,0.0,0.0,23.15397054358754,0.0,27,27,26,24648.109375,-0.0068038038443773985,0.000298484941595234,-0.04250315576791763,0.04250315576791763,0.0,0.0,0.0,0.0,0.0,0.0,0,0.04672587010412912,0.04672587010412912,0.0001
0.306,0.153306,1.24233519968e-05,0.0124233519968,-0.0009173426795409155,25.9714535405,0.0,0.0,-25.9714535405,2000000.0,250.0,26,0,0,0.0,0.0,0.0,0.0,0.0,26,0,0,0.0,0.0,0.0,23.163561553774763,0.0,26,26,25,24679.69140625,-0.006805613404139876,0.0002978679694933817,-0.04527192562818527,0.04527192562818527,0.0,0.0,0.0,0.0,0.0,0.0,0,0.04672678606954102,0.04672678606954102,0.0001
0.308,0.154308,1.15009626789e-05,0.0115009626789,-0.0009231839623752465,25.9742878281,0.0,0.0,-25.9742878281,2000000.0,250.0,27,0,0,0.0,0.0,0.0,0.0,0.0,27,0,0,0.0,0.0,0.0,23.18862610856239,0.0,27,27,25,44679.25,-0.006810279097408056,0.0002966039610328153,-0.04799741879105568,0.04799741879105568,0.0,0.0,0.0,0.0,0.0,0.0,0,0.046727708458858916,0.046727708458858916,0.0001
0.31,0.15531,1.05732913362e-05,0.0105732913362,-0.0009256016800049871,25.9366370728,0.0,0.0,-25.9366370728,2000000.0,250.0,28,0,0,0.0,0.0,0.0,0.0,0.0,28,0,0,0.0,0.0,0.0,23.22897676607921,0.0,28,28,26,44670.26171875,-0.006817735964432359,0.0002947071334347129,-0.050690650939941406,0.050690650939941406,0.0,0.0,0.0,0.0,0.0,0.0,0,0.04672863613020162,0.04672863613020162,0.0001
0.312,0.156312,9.64605691217e-06,0.00964605691217,-0.0009225917049900181,25.9008351037,0.0,0.0,-25.9008351037,2000000.0,250.0,28,0,0,0.0,0.0,0.0,0.0,0.0,28,0,0,0.0,0.0,0.0,23.248151047834323,0.0,28,28,27,24895.7890625,-0.006821107817813754,0.00029475876362994313,-0.04090801253914833,0.04090801253914833,0.0,0.0,0.0,0.0,0.0,0.0,0,0.046729563364625644,0.046729563364625644,0.0001
0.314,0.157314,8.7244175594e-06,0.0087244175594,-0.0009150787429740496,25.8828390276,0.0,0.0,-25.8828390276,2000000.0,250.0,28,0,0,0.0,0.0,0.0,0.0,0.0,28,0,0,0.0,0.0,0.0,23.209095785773393,0.0,28,28,26,44650.421875,-0.006813857471570373,0.0002968396438518539,-0.036054402589797974,0.036054402589797974,0.0,0.0,0.0,0.0,0.0,0.0,0,0.04673048500397842,0.04673048500397842,0.0001
0.316,0.158316,7.81223911125e-06,0.00781223911125,-0.0009051969406936224,25.8753680157,0.0,0.0,-25.8753680157,2000000.0,250.0,27,0,0,0.0,0.0,0.0,0.0,0.0,27,0,0,0.0,0.0,0.0,23.16960882527402,0.0,27,27,26,24648.8125,-0.0068066243547946215,0.00029825819365214556,-0.03911714628338814,0.03911714628338814,0.0,0.0,0.0,0.0,0.0,0.0,0,0.04673139718242657,0.04673139718242657,0.0001
0.318,0.159318,6.91040289025e-06,0.00691040289025,-0.0008965472702495104,25.8878785786,0.0,0.0,-25.8878785786,2000000.0,250.0,27,0,0,0.0,0.0,0.0,0.0,0.0,27,0,0,0.0,0.0,0.0,23.147693265548696,0.0,27,27,26,24668.783203125,-0.006802604533731937,0.00029895677289459854,-0.04206126183271408,0.04206126183271408,0.0,0.0,0.0,0.0,0.0,0.0,0,0.04673229901864757,0.04673229901864757,0.0001
0.32,0.16032,6.01555838167e-06,0.00601555838167,-0.0008922941339371228,25.8991773803,0.0,0.0,-25.8991773803,2000000.0,250.0,27,0,0,0.0,0.0,0.0,0.0,0.0,27,0,0,0.0,0.0,0.0,23.142409124533327,0.0,27,27,26,24668.53515625,-0.006801661103963852,0.0002989615313708782,-0.044921547174453735,0.044921547174453735,0.0,0.0,0.0,0.0,0.0,0.0,0,0.04673319386315614,0.04673319386315614,0.0001
0.322,0.161322,5.12224544584e-06,0.00512224544584,-0.000892290454990017,25.8849335326,0.0,0.0,-25.8849335326,2000000.0,250.0,27,0,0,0.0,0.0,0.0,0.0,0.0,27,0,0,0.0,0.0,0.0,23.15293766291907,0.0,27,27,26,24648.873046875,-0.0068036525044590235,0.0002983038575621322,-0.04771832749247551,0.04771832749247551,0.0,0.0,0.0,0.0,0.0,0.0,0,0.046734087176091975,0.046734087176091975,0.0001
0.324,0.162324,4.22740830987e-06,0.0042274083098700005,-0.0008917099459381213,25.8293405114,0.0,0.0,-25.8293405114,2000000.0,250.0,28,0,0,0.0,0.0,0.0,0.0,0.0,28,0,0,0.0,0.0,0.0,23.178816404322184,0.0,28,28,26,44648.9765625,-0.006808476988226175,0.0002970051864394918,-0.050467051565647125,0.050467051565647125,0.0,0.0,0.0,0.0,0.0,0.0,0,0.04673498201322795,0.04673498201322795,0.0001
0.326,0.163326,3.33525871418e-06,0.00333525871418,-0.0008814358498403167,25.7672955919,0.0,0.0,-25.7672955919,2000000.0,250.0,28,0,0,0.0,0.0,0.0,0.0,0.0,28,0,0,0.0,0.0,0.0,23.219866054327266,0.0,28,28,26,44669.90625,-0.006816070294007659,0.0002950786583824083,-0.05317994952201843,0.05317994952201843,0.0,0.0,0.0,0.0,0.0,0.0,0,0.04673587416282363,0.04673587416282363,0.0001
0.328,0.164328,2.46101086679e-06,0.00246101086679,-0.000848303239351295,25.6786156331,0.0,0.0,-25.6786156331,2000000.0,250.0,28,0,0,0.0,0.0,0.0,0.0,0.0,28,0,0,0.0,0.0,0.0,23.25539135424111,0.0,28,28,27,24895.9765625,-0.006822458701208234,0.00029421567160170525,-0.04603973403573036,0.04603973403573036,0.0,0.0,0.0,0.0,0.0,0.0,0,0.04673674841067103,0.04673674841067103,0.0001
0.33,0.16533,1.63525902252e-06,0.00163525902252,-0.0007759847003168641,25.5399697197,0.0,0.0,-25.5399697197,2000000.0,250.0,27,0,0,0.0,0.0,0.0,0.0,0.0,27,0,0,0.0,0.0,0.0,23.22759145083988,0.0,27,27,26,24908.63671875,-0.006817260757088661,0.000296272337436676,-0.03604651615023613,0.03604651615023613,0.0,0.0,0.0,0.0,0.0,0.0,0,0.0467375741625153,0.0467375741625153,0.0001
0.332,0.166332,9.05937527355e-07,0.000905937527355,-0.0006474742162849282,25.3392919704,0.0,0.0,-25.3392919704,2000000.0,250.0,27,0,0,0.0,0.0,0.0,0.0,0.0,27,0,0,0.0,0.0,0.0,23.16467423124294,0.0,27,27,26,24649.544921875,-0.006805645767599344,0.00029879610519856215,-0.037715982645750046,0.037715982645750046,0.0,0.0,0.0,0.0,0.0,0.0,0,0.04673830348401046,0.04673830348401046,0.0001
0.334,0.167334,3.37720693085e-07,0.000337720693085,-0.00044681154134535795,25.0943085545,0.0,0.0,-25.0943085545,2000000.0,250.0,26,0,0,0.0,0.0,0.0,0.0,0.0,26,0,0,0.0,0.0,0.0,23.119380416842752,0.0,26,26,25,24678.171875,-0.006797300186008215,0.00030046321626286954,-0.04087178781628609,0.04087178781628609,0.0,0.0,0.0,0.0,0.0,0.0,0,0.04673887170084473,0.04673887170084473,0.0001
0.336,0.168336,1.05271984989e-08,1.05271984989e-05,-0.00016852329994261224,24.8599423742,0.0,0.0,-24.8599423742,2000000.0,250.0,26,0,0,0.0,0.0,0.0,0.0,0.0,26,0,0,0.0,0.0,0.0,23.092033368769933,0.0,26,26,25,24677.080078125,-0.006792260566726327,0.00030138973670545965,-0.043895624577999115,0.043895624577999115,0.0,0.0,0.0,0.0,0.0,0.0,0,0.046739198894339314,0.046739198894339314,0.0001
0.338,0.169338,0.0,0.0,0.00016626480991022648,24.7607031543,0.0,0.0,-24.7607031543,2000000.0,250.0,26,0,0,0.0,0.0,0.0,0.0,0.0,26,0,0,0.0,0.0,0.0,23.081393260915796,0.0,26,26,25,24676.623046875,-0.006790325278416276,0.00030161882750689983,-0.046818606555461884,0.046818606555461884,0.0,0.0,0.0,0.0,0.0,0.0,0,0.046739209421537815,0.046739209421537815,0.0001
0.34,0.17034,3.43721877559e-07,0.00034372187755900003,0.0005314746275898188,24.797127852,0.0,0.0,-24.797127852,2000000.0,250.0,27,0,0,0.0,0.0,0.0,0.0,0.0,27,0,0,0.0,0.0,0.0,23.086832170337562,0.0,27,27,26,24624.875,-0.006791366031393409,0.0003011769731529057,-0.049664899706840515,0.049664899706840515,0.0,0.0,0.0,0.0,0.0,0.0,0,0.04673886569966026,0.04673886569966026,0.0001
0.342,0.171342,1.06507515369e-06,0.00106507515369,0.0009587416328697576,24.669868416,0.0,0.0,-24.669868416,2000000.0,250.0,27,0,0,0.0,0.0,0.0,0.0,0.0,27,0,0,0.0,0.0,0.0,23.10757158958023,0.0,27,27,26,24667.125,-0.006795253371819854,0.0003000920405611396,-0.05245281010866165,0.05245281010866165,0.0,0.0,0.0,0.0,0.0,0.0,0,0.046738144346384125,0.046738144346384125,0.0001
0.344,0.172344,2.26504010983e-06,0.00226504010983,0.0015509833841267418,24.1803068385,0.0,0.0,-24.1803068385,2000000.0,250.0,27,0,0,0.0,0.0,0.0,0.0,0.0,27,0,0,0.0,0.0,0.0,23.14321469191207,0.0,27,27,26,24647.57421875,-0.006801901618018746,0.0002983820886583999,-0.05519697070121765,0.05519697070121765,0.0,0.0,0.0,0.0,0.0,0.0,0,0.04673694438142798,0.04673694438142798,0.0001
0.346,0.173346,4.17324585548e-06,0.00417324585548,0.002420059747919154,23.4306321166,0.0,0.0,-23.4306321166,2000000.0,250.0,28,0,0,0.0,0.0,0.0,0.0,0.0,28,0,0,0.0,0.0,0.0,23.19348156658294,0.0,28,28,26,44649.484375,-0.006811238592490554,0.00029606262978632003,-0.057908449321985245,0.057908449321985245,0.0,0.0,0.0,0.0,0.0,0.0,0,0.04673503617568234,0.04673503617568234,0.0001
0.348,0.174348,7.11483984466e-06,0.0071148398446599995,0.0036309855370359172,22.6836341535,0.0,0.0,-22.6836341535,2000000.0,250.0,28,0,0,0.0,0.0,0.0,0.0,0.0,28,0,0,0.0,0.0,0.0,23.24951272553119,0.0,28,28,27,24894.09765625,-0.006821429822593927,0.00029412518779281527,-0.05333080142736435,0.05333080142736435,0.0,0.0,0.0,0.0,0.0,0.0,0,0.046732094581693154,0.046732094581693154,0.0001
0.35,0.17535,1.14497408717e-05,0.0114497408717,0.005202785579760463,22.0391010006,0.0,0.0,-22.0391010006,2000000.0,250.0,27,0,0,0.0,0.0,0.0,0.0,0.0,27,0,0,0.0,0.0,0.0,23.247982775386948,0.0,27,27,26,24909.216796875,-0.006821048678830266,0.00029501582321245223,-0.04354441910982132,0.04354441910982132,0.0,0.0,0.0,0.0,0.0,0.0,0,0.046727759680666114,0.046727759680666114,0.0001
0.352,0.176352,1.75412221465e-05,0.017541222146500002,0.007137385935828322,21.4436688208,0.0,0.0,-21.4436688208,2000000.0,250.0,27,0,0,0.0,0.0,0.0,0.0,0.0,27,0,0,0.0,0.0,0.0,23.2023592241558,0.0,27,27,25,44680.01171875,-0.006812633480876684,0.0002970574569189921,-0.0422339141368866,0.0422339141368866,0.0,0.0,0.0,0.0,0.0,0.0,0,0.04672166819939132,0.04672166819939132,0.0001
0.354,0.177354,2.57530622871e-05,0.0257530622871,0.009430295004890355,20.8940780424,0.0,0.0,-20.8940780424,2000000.0,250.0,27,0,0,0.0,0.0,0.0,0.0,0.0,27,0,0,0.0,0.0,0.0,23.166741143604934,0.0,27,27,26,24648.697265625,-0.006806092103943229,0.0002983447629958391,-0.04513469710946083,0.04513469710946083,0.0,0.0,0.0,0.0,0.0,0.0,0,0.04671345635925071,0.04671345635925071,0.0001
0.356,0.178356,3.64395333363e-05,0.0364395333363,0.012071764623902288,20.4512106498,0.0,0.0,-20.4512106498,2000000.0,250.0,27,0,0,0.0,0.0,0.0,0.0,0.0,27,0,0,0.0,0.0,0.0,23.146747373292417,0.0,27,27,26,24668.744140625,-0.006802431773394346,0.00029898206412326545,-0.047964464873075485,0.047964464873075485,0.0,0.0,0.0,0.0,0.0,0.0,0,0.04670276988820152,0.04670276988820152,0.0001
0.358,0.179358,4.99448785934e-05,0.0499448785934,0.015059070921257443,20.1770370183,0.0,0.0,-20.1770370183,2000000.0,250.0,27,0,0,0.0,0.0,0.0,0.0,0.0,27,0,0,0.0,0.0,0.0,23.141834049815373,0.0,27,27,26,24668.515625,-0.0068015530705451965,0.0002989904605783522,-0.05074017867445946,0.05074017867445946,0.0,0.0,0.0,0.0,0.0,0.0,0,0.04668926454294441,0.04668926454294441,0.0001
0.36,0.18036,6.66179114625e-05,0.0666179114625,0.01839623372654685,20.0906924431,0.0,0.0,-20.0906924431,2000000.0,250.0,26,0,0,0.0,0.0,0.0,0.0,0.0,26,0,0,0.0,0.0,0.0,23.151535446146053,0.0,26,26,25,24679.232421875,-0.006803384283557534,0.00029838526097591966,-0.053474776446819305,0.053474776446819305,0.0,0.0,0.0,0.0,0.0,0.0,0,0.046672591510075315,0.046672591510075315,0.0001
0.362,0.181362,8.68109309814e-05,0.0868109309814,0.02207997586501989,20.1830602272,0.0,0.0,-20.1830602272,2000000.0,250.0,27,0,0,0.0,0.0,0.0,0.0,0.0,27,0,0,0.0,0.0,0.0,23.17533127687648,0.0,27,27,26,24648.84765625,-0.006807825528085232,0.00029718794394284487,-0.05617847293615341,0.05617847293615341,0.0,0.0,0.0,0.0,0.0,0.0,0,0.04665239849055641,0.04665239849055641,0.0001
0.364,0.182364,0.000110866183096,0.11086618309599999,0.02609897588403185,20.4777537574,0.0,0.0,-20.4777537574,2000000.0,250.0,28,0,0,0.0,0.0,0.0,0.0,0.0,28,0,0,0.0,0.0,0.0,23.213276725575636,0.0,28,28,26,44651.109375,-0.006814852822571993,0.00029540335526689887,-0.0588592104613781,0.0588592104613781,0.0,0.0,0.0,0.0,0.0,0.0,0,0.04662834323844182,0.04662834323844182,0.0001
0.366,0.183366,0.000139113278653,0.139113278653,0.030445786178642617,20.9784612816,0.0,0.0,-20.9784612816,2000000.0,250.0,28,0,0,0.0,0.0,0.0,0.0,0.0,28,0,0,0.0,0.0,0.0,23.244004606849924,0.0,28,28,27,24893.998046875,-0.006820369279012084,0.00029478005308192223,-0.05106937140226364,0.05106937140226364,0.0,0.0,0.0,0.0,0.0,0.0,0,0.046600096142884816,0.046600096142884816,0.0001
0.368,0.184368,0.000171879538598,0.17187953859799998,0.03512208665918155,21.6965244778,0.0,0.0,-21.6965244778,2000000.0,250.0,27,0,0,0.0,0.0,0.0,0.0,0.0,27,0,0,0.0,0.0,0.0,23.217255924326857,0.0,27,27,25,44680.58203125,-0.006815383210778236,0.0002963305450975895,-0.04610595479607582,0.04610595479607582,0.0,0.0,0.0,0.0,0.0,0.0,0,0.046567329882939816,0.046567329882939816,0.0001
0.37,0.18537,0.000209497940318,0.209497940318,0.040132545938123654,22.6558416111,0.0,0.0,-22.6558416111,2000000.0,250.0,28,0,0,0.0,0.0,0.0,0.0,0.0,28,0,0,0.0,0.0,0.0,23.18864161393559,0.0,28,28,26,44649.52734375,-0.006810157094150782,0.0002973299124278128,-0.048919450491666794,0.048919450491666794,0.0,0.0,0.0,0.0,0.0,0.0,0,0.046529711481219815,0.046529711481219815,0.0001
0.372,0.186372,0.000252305160658,0.252305160658,0.04547449023453079,23.9356496517,0.0,0.0,-23.9356496517,2000000.0,250.0,27,0,0,0.0,0.0,0.0,0.0,0.0,27,0,0,0.0,0.0,0.0,23.17484184169451,0.0,27,27,26,24669.810546875,-0.006807647878304124,0.00029771518893539906,-0.05168265476822853,0.05168265476822853,0.0,0.0,0.0,0.0,0.0,0.0,0,0.04648690426087981,0.04648690426087981,0.0001
0.374,0.187374,0.000300628818748,0.300628818748,0.05113352568662741,25.6184772645,0.0,0.0,-25.6184772645,2000000.0,250.0,27,0,0,0.0,0.0,0.0,0.0,0.0,27,0,0,0.0,0.0,0.0,23.175428490604254,0.0,27,27,26,24669.79296875,-0.006807782920077443,0.0002975009992951527,-0.05440768599510193,0.05440768599510193,0.0,0.0,0.0,0.0,0.0,0.0,0,0.04643858060278982,0.04643858060278982,0.0001
0.376,0.188376,0.000354776746134,0.354776746134,0.05708897411177699,27.7246822172,0.0,0.0,-27.7246822172,2000000.0,250.0,32,4,0,80000.0,6.250655887417474e-05,0.0004343694286699229,0.0,0.0,32,4,0,80000.0,6.250655887417474e-05,0.0004343694286699229,23.189916054966638,0.0,32,28,26,44649.4453125,-0.006810496794059873,0.0002967022592201829,-0.05710388347506523,0.05710388347506523,0.0,0.0,0.0,0.0,0.0,0.0,0,0.04638443267540381,0.04638443267540381,0.0001
0.378,0.189378,0.000415035122868,0.41503512286800004,0.063322440306387,30.2716202409,7.207798529515847e-05,7.207798529515847e-05,-30.271548162914705,2000000.0,250.0,33,5,3,40005.625,-2.0449483821627368e-05,0.00039133704000964,7.207798529515847e-05,0.0,33,5,3,40005.625,-2.0449483821627368e-05,0.00039133704000964,23.218153559595226,0.0,33,28,26,44650.5234375,-0.0068157261703163385,0.00029533183260355145,-0.05977864935994148,0.05977864935994148,0.0,0.0,0.0,0.0,0.0,0.0,0,0.046324174298669814,0.046324174298669814,0.0001
0.38,0.19038,0.000481674916508,0.481674916508,0.06982185547504963,33.3056940814,0.0006669010881512351,0.0006669010881512351,-33.305027180311846,2000000.0,250.0,36,8,7,20012.6171875,-8.182258497780454e-05,0.00033925120272328135,0.0006669010881512351,0.0,36,8,7,20012.6171875,-8.182258497780454e-05,0.00033925120272328135,23.239020587805722,0.0,36,28,27,24920.478515625,-0.0068194379564374685,0.00029511221509892493,-0.052055276930332184,0.052055276930332184,0.0,0.0,0.0,0.0,0.0,0.0,0,0.04625753450502981,0.04625753450502981,0.0001
0.382,0.191382,0.00055495812124,0.55495812124,0.07658427783982014,36.8619697735,0.002555813363831845,0.002555813363831845,-36.859413960136166,2000000.0,250.0,35,7,6,20020.6484375,-0.00015874365564804566,0.00028515184255174103,0.002555813363831845,0.0,35,7,6,20020.6484375,-0.00015874365564804566,0.00028515184255174103,23.209410637707123,0.0,35,28,26,44650.3828125,-0.0068139624781906605,0.00029656988044735044,-0.04981406405568123,0.04981406405568123,0.0,0.0,0.0,0.0,0.0,0.0,0,0.04618425130029782,0.04618425130029782,0.0001
0.384,0.192384,0.000635149809299,0.635149809299,0.08361599169610762,41.004417975,0.005255668096467921,0.005255668096467921,-40.999162306903536,2000000.0,250.0,37,9,8,20030.787109375,-0.00029156707647724767,0.0001717161890425617,0.005255668096467921,0.0,37,9,8,20030.787109375,-0.00029156707647724767,0.0001717161890425617,23.18739443304735,0.0,37,28,26,44650.2890625,-0.006809946848079562,0.00029729238303843886,-0.0526680126786232,0.0526680126786232,0.0,0.0,0.0,0.0,0.0,0.0,0,0.04610405961223882,0.04610405961223882,0.0001
0.386,0.193386,0.000722524568599,0.722524568599,0.09091654186776421,45.8034596516,0.0092940408530252,0.0092940408530252,-45.79416561074697,2000000.0,250.0,36,9,8,20038.859375,-0.00034717810941461286,5.130343639681099e-05,0.0092940408530252,0.0,36,9,8,20038.859375,-0.00034717810941461286,5.130343639681099e-05,23.18024123223469,0.0,36,27,25,44679.0234375,-0.006808659061789513,0.0002973987575387582,-0.055463023483753204,0.055463023483753204,0.0,0.0,0.0,0.0,0.0,0.0,0,0.04601668485293881,0.04601668485293881,0.0001
0.388,0.194388,0.000817346559202,0.817346559202,0.09846645243263441,51.2958317317,0.015453182054296778,0.015453182054296778,-51.280378549645704,2000000.0,250.0,36,9,9,53.27986526489258,-0.00040550204861730665,-2.502817310603457e-05,0.015453182054296778,0.0,36,9,9,53.27986526489258,-0.00040550204861730665,-2.502817310603457e-05,23.187338991277738,0.0,36,27,25,44679.2578125,-0.006810000399127603,0.00029691040981560946,-0.05821311101317406,0.05821311101317406,0.0,0.0,0.0,0.0,0.0,0.0,0,0.045921862862335815,0.045921862862335815,0.0001
0.39,0.19539,0.000919851339274,0.919851339274,0.10623625422554861,57.5696809013,0.02579825730049079,0.02579825730049079,-57.54388264399951,2000000.0,250.0,38,10,9,20071.625,-0.00047310016826471873,0.0003586035513015451,0.02579825730049079,0.0,38,10,9,20071.625,-0.00047310016826471873,0.0003586035513015451,23.208268524859378,0.0,38,28,26,44650.96875,-0.006813891464844346,0.00029584422009065747,-0.0609293170273304,0.0609293170273304,0.0,0.0,0.0,0.0,0.0,0.0,0,0.04581935808226382,0.04581935808226382,0.0001
0.392,0.196392,0.00103024401267,1.03024401267,0.1142015265199614,64.6720813306,0.037588431280702495,0.037588431280702495,-64.6344928993193,2000000.0,250.0,40,12,10,40098.79296875,-0.0005559832781244292,0.00038209585362852794,0.037588431280702495,0.0,40,12,10,40098.79296875,-0.0005559832781244292,0.00038209585362852794,23.241277414211584,0.0,40,28,27,24920.458984375,-0.006819906644523144,0.0002945819142041728,-0.059873126447200775,0.059873126447200775,0.0,0.0,0.0,0.0,0.0,0.0,0,0.04570896540886782,0.04570896540886782,0.0001
0.394,0.197394,0.00114871119842,1.14871119842,0.12234646924151804,72.6552183158,0.05519807070213461,0.05519807070213461,-72.60002024509787,2000000.0,250.0,41,13,12,20128.62890625,-0.0006534606970029569,0.00040300571328437396,0.05519807070213461,0.0,41,13,12,20128.62890625,-0.0006534606970029569,0.00040300571328437396,23.227480084058506,0.0,41,28,27,24893.587890625,-0.006817251676693559,0.0002961459831567481,-0.04847352206707001,0.04847352206707001,0.0,0.0,0.0,0.0,0.0,0.0,0,0.045590498223117816,0.045590498223117816,0.0001
0.396,0.198396,0.00127542633703,1.2754263370299999,0.1306527110129737,81.6272319773,0.0795954050424842,0.0795954050424842,-81.54763657225752,2000000.0,250.0,41,13,12,20145.974609375,-0.000762690306242382,0.00025477623370816216,0.0795954050424842,0.0,41,13,12,20145.974609375,-0.000762690306242382,0.00025477623370816216,23.173995788912798,0.0,41,28,26,44669.8984375,-0.006807395024225116,0.00029828415426891297,-0.05005728080868721,0.05005728080868721,0.0,0.0,0.0,0.0,0.0,0.0,0,0.04546378308450782,0.04546378308450782,0.0001
0.398,0.199398,0.00141053923129,1.41053923129,0.1390879527544906,91.7291927698,0.11037658182482529,0.11037658182482529,-91.61881618797517,2000000.0,250.0,40,13,12,20187.00390625,-0.0008780670051725045,0.000233510707603371,0.11037658182482529,0.0,40,13,12,20187.00390625,-0.0008780670051725045,0.000233510707603371,23.13654742450529,0.0,40,27,26,24648.39453125,-0.006800500676035881,0.00029964193527121097,-0.05314801260828972,0.05314801260828972,0.0,0.0,0.0,0.0,0.0,0.0,0,0.04532867019024781,0.04532867019024781,0.0001
0.4,0.2004,0.00155415859435,1.5541585943499998,0.14759671002494967,103.097457039,0.15057262923926718,0.15057262923926718,-102.94688440976074,2000000.0,250.0,41,14,13,20244.728515625,-0.001000265621821983,0.0002125865163864621,0.15057262923926718,0.0,41,14,13,20244.728515625,-0.001000265621821983,0.0002125865163864621,23.115306778907136,0.0,41,27,26,24648.09375,-0.006796597735956311,0.0003003293095389381,-0.05612482875585556,0.05612482875585556,0.0,0.0,0.0,0.0,0.0,0.0,0,0.045185050827187816,0.045185050827187816,0.0001
0.402,0.201402,0.00170632303818,1.70632303818,0.1561122571457082,115.807878254,0.1998717306380659,0.1998717306380659,-115.60800652336194,2000000.0,250.0,41,14,13,20278.072265625,-0.0011297144493379666,9.624325444501094e-05,0.1998717306380659,0.0,41,14,13,20278.072265625,-0.0011297144493379666,9.624325444501094e-05,23.1094048583796,0.0,41,27,26,24667.275390625,-0.006795531138777733,0.0003003790625371039,-0.05901448056101799,0.05901448056101799,0.0,0.0,0.0,0.0,0.0,0.0,0,0.04503288638335781,0.04503288638335781,0.0001
0.404,0.202404,0.00186700755767,1.86700755767,0.1645925118712569,129.801679739,0.2625201022463581,0.2625201022463581,-129.53915963675365,2000000.0,250.0,42,15,15,351.0031433105469,-0.0012687905645799719,-4.29024872110224e-05,0.2625201022463581,0.0,42,15,15,351.0031433105469,-0.0012687905645799719,-4.29024872110224e-05,23.117995812514437,0.0,42,27,26,24667.556640625,-0.006797163048759103,0.0002998208365170285,-0.06183774396777153,0.06183774396777153,0.0,0.0,0.0,0.0,0.0,0.0,0,0.04487220186386782,0.04487220186386782,0.0001
0.406,0.203406,0.00203616643197,2.03616643197,0.1730229674201592,145.026734981,0.3377014715164074,0.3377014715164074,-144.6890335094836,2000000.0,250.0,45,18,17,20418.009765625,-0.0014154347685708946,0.0009074498468478742,0.3377014715164074,0.0,45,18,17,20418.009765625,-0.0014154347685708946,0.0009074498468478742,23.14046120245755,0.0,45,27,26,24647.51171875,-0.006801356561481953,0.00029870129947084934,-0.06441453099250793,0.06441453099250793,0.0,0.0,0.0,0.0,0.0,0.0,0,0.044703042989567815,0.044703042989567815,0.0001
0.408,0.204408,0.00221374558438,2.2137455843800002,0.18138432158183604,161.511706525,0.4268300280974377,0.4268300280974377,-161.08487649690255,2000000.0,250.0,43,17,16,20455.353515625,-0.0016260564667954641,0.0004591883876279429,0.4268300280974377,0.0,43,17,16,20455.353515625,-0.0016260564667954641,0.0004591883876279429,23.167131836094065,0.0,43,26,25,24679.830078125,-0.006806272082030773,0.00029771252593491226,-0.06366468220949173,0.06366468220949173,0.0,0.0,0.0,0.0,0.0,0.0,0,0.044525463837157817,0.044525463837157817,0.0001
0.41,0.20541,0.00239966061242,2.3996606124200004,0.1896416483233525,179.414967176,0.5313716335522589,0.5313716335522589,-178.88359554244775,2000000.0,250.0,48,21,20,20512.6484375,-0.0017755116485583533,0.0011038512825043423,0.5313716335522589,0.0,48,21,20,20512.6484375,-0.0017755116485583533,0.0011038512825043423,23.174257737877355,0.0,48,27,26,24669.796875,-0.006807527970522642,0.0002977727708639577,-0.060479771345853806,0.060479771345853806,0.0,0.0,0.0,0.0,0.0,0.0,0,0.044339548809117814,0.044339548809117814,0.0001
0.412,0.206412,0.00259378744762,2.59378744762,0.19776143003992241,198.89084798,0.6671136523167078,0.6671136523167078,-198.22373432768327,2000000.0,250.0,50,23,21,40576.14453125,-0.001951542091437268,0.0010284801343270547,0.6671136523167078,0.0,50,23,21,40576.14453125,-0.001951542091437268,0.0010284801343270547,23.150569327363783,0.0,50,27,26,24668.990234375,-0.006803063675761223,0.0002992651570821181,-0.05563488230109215,0.05563488230109215,0.0,0.0,0.0,0.0,0.0,0.0,0,0.04414542197391782,0.04414542197391782,0.0001
0.414,0.207414,0.00279597451822,2.79597451822,0.2057143529441139,219.97182502,0.8314145541002843,0.8314145541002843,-219.14041046589972,2000000.0,250.0,50,23,21,40632.609375,-0.0021474535075731264,0.0002986145986934169,0.8314145541002843,0.0,50,23,21,40632.609375,-0.0021474535075731264,0.0002986145986934169,23.084890408349494,0.0,50,27,26,24647.1640625,-0.006790761137381196,0.0003027080529136583,-0.04839596152305603,0.04839596152305603,0.0,0.0,0.0,0.0,0.0,0.0,0,0.043943234903317814,0.043943234903317814,0.0001
0.416,0.208416,0.00300603901092,3.00603901092,0.21345354373253445,242.648436408,1.021189797286172,1.021189797286172,-241.62724661071383,2000000.0,250.0,50,23,22,20768.392578125,-0.0023608379743753124,0.00014001112894532208,1.021189797286172,0.0,50,23,22,20768.392578125,-0.0023608379743753124,0.00014001112894532208,22.96815104793888,0.0,50,27,26,24620.802734375,-0.0067689011339098215,0.0003083924384554848,-0.03969283029437065,0.03969283029437065,0.0,0.0,0.0,0.0,0.0,0.0,0,0.04373317041061781,0.04373317041061781,0.0001
0.418,0.209418,0.00322373541986,3.22373541986,0.22091198529940081,266.720850234,1.2451410714670281,1.2451410714670281,-265.475709162533,2000000.0,250.0,51,24,24,847.9024047851562,-0.0025649581873712114,-8.322137532444651e-05,1.2451410714670281,0.0,51,24,24,847.9024047851562,-0.0025649581873712114,-8.322137532444651e-05,22.82544230778358,0.0,51,27,26,24614.482421875,-0.006742073688656092,0.00031455706630367786,-0.03856373578310013,0.03856373578310013,0.0,0.0,0.0,0.0,0.0,0.0,0,0.043515474001677816,0.043515474001677816,0.0001
0.42,0.21042,0.00344874662946,3.44874662946,0.22803778629241434,291.792154087,1.5007058613501594,1.5007058613501594,-290.2914482256498,2000000.0,250.0,51,24,23,20929.453125,-0.0027634584192915354,0.0007079594364867714,1.5007058613501594,0.0,51,24,23,20929.453125,-0.0027634584192915354,0.0007079594364867714,22.66618208928987,0.0,51,27,26,24608.765625,-0.006711731432005763,0.00032190918864216655,-0.03293156996369362,0.03293156996369362,0.0,0.0,0.0,0.0,0.0,0.0,0,0.043290462792077815,0.043290462792077815,0.0001
0.422,0.211422,0.00368072314359,3.68072314359,0.23482170296407112,317.360569093,1.8142760362219592,1.8142760362219592,-315.54629305677804,2000000.0,250.0,50,25,24,21013.19140625,-0.002974363350241843,6.481269417657476e-05,1.8142760362219592,0.0,50,25,24,21013.19140625,-0.002974363350241843,6.481269417657476e-05,22.48604290255013,0.0,50,25,24,24120.78515625,-0.0066767362877726555,0.0003299876261735335,-0.0303988978266716,0.0303988978266716,0.0,0.0,0.0,0.0,0.0,0.0,0,0.04305848627794782,0.04305848627794782,0.0001
0.424,0.212424,0.0039193293222,3.9193293222000003,0.24128015683133675,343.140875402,2.1701387018961373,2.1701387018961373,-340.9707367001039,2000000.0,250.0,56,31,28,61212.078125,-0.0031943889154741334,0.00081935785729053,2.1701387018961373,0.0,56,31,28,61212.078125,-0.0031943889154741334,0.00081935785729053,22.31347964727398,0.0,56,25,24,24097.52734375,-0.006643368164077401,0.0003373993531567976,-0.03044065646827221,0.03044065646827221,0.0,0.0,0.0,0.0,0.0,0.0,0,0.04281988009933781,0.04281988009933781,0.0001
0.426,0.213426,0.00416424857788,4.16424857788,0.24742385169660608,369.164876357,2.561119999743881,2.561119999743881,-366.60375635725615,2000000.0,250.0,52,27,25,41385.73828125,-0.0034237482069838093,0.0008017330734811264,2.561119999743881,0.0,52,27,25,41385.73828125,-0.0034237482069838093,0.0008017330734811264,22.141171458281228,0.0,52,25,24,24090.279296875,-0.0066102000419050455,0.0003490073577268049,-0.029832197353243828,0.029832197353243828,0.0,0.0,0.0,0.0,0.0,0.0,0,0.04257496084365782,0.04257496084365782,0.0001
0.428,0.214428,0.004415166721,4.415166721,0.2532565760978036,395.51084894,3.0012386185894457,3.0012386185894457,-392.50961032141055,2000000.0,250.0,55,30,29,21448.2734375,-0.003692221172044985,0.00013172934007803921,3.0012386185894457,0.0,55,30,29,21448.2734375,-0.003692221172044985,0.00013172934007803921,21.983920467391176,0.0,55,25,24,24084.10546875,-0.00657991599291563,0.0003595659072743729,-0.030404817312955856,0.030404817312955856,0.0,0.0,0.0,0.0,0.0,0.0,0,0.042324042700537814,0.042324042700537814,0.0001
0.43,0.21543,0.00467177475638,4.6717747563800005,0.25879705284930044,422.073009073,3.4894516849309047,3.4894516849309047,-418.5835573880691,2000000.0,250.0,60,35,34,21618.900390625,-0.003954403046097357,0.0007721521594780383,3.4894516849309047,0.0,60,35,34,21618.900390625,-0.003954403046097357,0.0007721521594780383,21.852915092297575,0.0,60,25,24,24078.228515625,-0.006554694380611181,0.00036827055737376213,-0.031237268820405006,0.031237268820405006,0.0,0.0,0.0,0.0,0.0,0.0,0,0.04206743466515782,0.04206743466515782,0.0001
0.432,0.216432,0.00493379601491,4.93379601491,0.2640854824850325,448.734739155,4.038082293977975,4.038082293977975,-444.696656861022,2000000.0,250.0,60,34,33,21760.310546875,-0.004199461313276559,0.0003158380905471207,4.038082293977975,0.0,60,34,33,21760.310546875,-0.004199461313276559,0.0003158380905471207,21.724911786609553,0.0,60,26,25,24064.798828125,-0.006529901875182986,0.0003772067866520956,-0.025200732052326202,0.025200732052326202,0.0,0.0,0.0,0.0,0.0,0.0,0,0.041805413406627814,0.041805413406627814,0.0001
0.434,0.217434,0.00520100206328,5.20100206328,0.2691735445159713,475.422575101,4.641877604451477,4.641877604451477,-470.78069749654856,2000000.0,250.0,58,34,33,21865.5703125,-0.004472299915493291,0.00031940899386982344,4.641877604451477,0.0,58,34,33,21865.5703125,-0.004472299915493291,0.00031940899386982344,21.58207769539163,0.0,58,24,23,24128.283203125,-0.006502237636595964,0.00038718430732842535,-0.019698163494467735,0.019698163494467735,0.0,0.0,0.0,0.0,0.0,0.0,0,0.04153820735825781,0.04153820735825781,0.0001
0.436,0.218436,0.00547321979812,5.473219798120001,0.274107580379241,502.245220725,5.300656473002794,5.300656473002794,-496.94456425199724,2000000.0,250.0,61,36,35,22000.10546875,-0.004726479591418677,0.0003398187243009443,5.300656473002794,0.0,61,36,35,22000.10546875,-0.004726479591418677,0.0003398187243009443,21.430428292670392,0.0,61,25,24,24058.6015625,-0.0064728171564638615,0.00039765377005096525,-0.01513618603348732,0.01513618603348732,0.0,0.0,0.0,0.0,0.0,0.0,0,0.04126598962341781,0.04126598962341781,0.0001
0.438,0.219438,0.00575031365436,5.75031365436,0.2789043949950094,529.392202134,6.019686906946604,6.019686906946604,-523.3725152270533,2000000.0,250.0,61,36,35,22144.974609375,-0.0049566014809183,0.00036089259672038645,6.019686906946604,0.0,61,36,35,22144.974609375,-0.0049566014809183,0.00036089259672038645,21.275246839220564,0.0,61,25,24,24051.564453125,-0.006442707031965256,0.00040837567939888686,-0.010984186083078384,0.010984186083078384,0.0,0.0,0.0,0.0,0.0,0.0,0,0.04098889576717782,0.04098889576717782,0.0001
0.44,0.22044,0.00603214420569,6.032144205690001,0.2835499980189611,556.628011743,6.820426532097402,6.820426532097402,-549.8075852109026,2000000.0,250.0,63,39,38,22330.697265625,-0.005195945665077917,0.0003825223512173431,6.820426532097402,0.0,63,39,38,22330.697265625,-0.005195945665077917,0.0003825223512173431,21.12335309064157,0.0,63,24,23,24108.1640625,-0.006413268856704235,0.00041870873246807605,-0.008480539545416832,0.008480539545416832,0.0,0.0,0.0,0.0,0.0,0.0,0,0.04070706521584781,0.04070706521584781,0.0001
0.442,0.221442,0.00631854785039,6.31854785039,0.2880166994660667,583.66107902,7.68776324094241,7.68776324094241,-575.9733157790575,2000000.0,250.0,64,38,37,22610.384765625,-0.005443980135424603,0.0004046482278307062,7.68776324094241,0.0,64,38,37,22610.384765625,-0.005443980135424603,0.0004046482278307062,20.984608176176742,0.0,64,26,25,24031.109375,-0.0063862912356853485,0.0004281186411390081,-0.006384328007698059,0.006384328007698059,0.0,0.0,0.0,0.0,0.0,0.0,0,0.04042066157114781,0.04042066157114781,0.0001
0.444,0.222444,0.00660932967142,6.60932967142,0.2922713211277439,610.695864921,8.637504000730097,8.637504000730097,-602.0583609202698,2000000.0,250.0,64,40,40,2771.84375,-0.005720435048892374,-9.653217033703688e-05,8.637504000730097,0.0,64,40,40,2771.84375,-0.005720435048892374,-9.653217033703688e-05,20.864084324802647,0.0,64,24,23,24096.5390625,-0.006362904096022248,0.00043620662472676486,-0.0047486210241913795,0.0047486210241913795,0.0,0.0,0.0,0.0,0.0,0.0,0,0.040129879750117815,0.040129879750117815,0.0001
0.446,0.223446,0.00690425957793,6.9042595779300004,0.29627481911177567,638.032953901,9.662641281601736,9.662641281601736,-628.3703126193983,2000000.0,250.0,66,42,42,2923.11572265625,-0.006011467141059943,-0.000521074495125725,9.662641281601736,0.0,66,42,42,2923.11572265625,-0.006011467141059943,-0.000521074495125725,20.762942538589375,0.0,66,24,23,24091.966796875,-0.0063432264141738415,0.00044300629815552384,-0.0033862581476569176,0.0033862581476569176,0.0,0.0,0.0,0.0,0.0,0.0,0,0.03983494984360782,0.03983494984360782,0.0001
0.448,0.224448,0.00720306440892,7.2030644089199996,0.2999921374151686,665.747801787,10.774045941127143,10.774045941127143,-654.9737558458728,2000000.0,250.0,70,44,43,23111.220703125,-0.006286196712935087,0.00018797426868569223,10.774045941127143,0.0,70,44,43,23111.220703125,-0.006286196712935087,0.00018797426868569223,20.678663742353184,0.0,70,26,25,24016.71484375,-0.0063268025405704975,0.00044866242387797683,-0.0025511328130960464,0.0025511328130960464,0.0,0.0,0.0,0.0,0.0,0.0,0,0.03953614501261782,0.03953614501261782,0.0001
0.45,0.22545,0.00750544382131,7.50544382131,0.30341001750499386,693.729754258,11.957334533576848,11.957334533576848,-681.7724197244231,2000000.0,250.0,70,44,42,43234.91015625,-0.006557690694860199,1.9246998458261055e-05,11.957334533576848,0.0,70,44,42,43234.91015625,-0.006557690694860199,1.9246998458261055e-05,20.609981955803253,0.0,70,26,25,24013.455078125,-0.006313418736681342,0.00045326743565965444,-0.0019652806222438812,0.0019652806222438812,0.0,0.0,0.0,0.0,0.0,0.0,0,0.039233765600227816,0.039233765600227816,0.0001
0.452,0.226452,0.007811098084,7.811098084,0.3065181168463109,722.058431536,13.233852222311874,13.233852222311874,-708.8245793136881,2000000.0,250.0,77,51,51,3879.312255859375,-0.006805782240290134,-4.959070188379974e-05,13.233852222311874,0.0,77,51,51,3879.312255859375,-0.006805782240290134,-4.959070188379974e-05,20.555288219234335,0.0,77,26,25,24010.841796875,-0.0063027674332261086,0.00045689156104344875,-0.0015201149508357048,0.0015201149508357048,0.0,0.0,0.0,0.0,0.0,0.0,0,0.03892811133753782,0.03892811133753782,0.0001
0.454,0.227454,0.00811970612747,8.119706127470002,0.3092799005788409,750.93982427,14.644020552347957,14.644020552347957,-736.2958037176521,2000000.0,250.0,78,54,52,44249.2578125,-0.007062539933776318,0.0003581056352146006,14.644020552347957,0.0,78,54,52,44249.2578125,-0.007062539933776318,0.0003581056352146006,20.51346565602066,0.0,78,24,23,24080.58203125,-0.006294625112786889,0.00045966477773617953,-0.0011518779210746288,0.0011518779210746288,0.0,0.0,0.0,0.0,0.0,0.0,0,0.03861950329406781,0.03861950329406781,0.0001
0.456,0.228456,0.00843089500476,8.43089500476,0.31164177537425,780.359681526,16.202285440188795,16.202285440188795,-764.1573960858112,2000000.0,250.0,80,55,53,44881.6328125,-0.007368103912334202,0.0006179871549769761,16.202285440188795,0.0,80,55,53,44881.6328125,-0.007368103912334202,0.0006179871549769761,20.481537839494706,0.0,80,25,24,24015.158203125,-0.006288398988544941,0.0004617855156539008,-0.0008721353951841593,0.0008721353951841593,0.0,0.0,0.0,0.0,0.0,0.0,0,0.03830831441677782,0.03830831441677782,0.0001
0.458,0.229458,0.00874423624532,8.74423624532,0.31356153502494877,809.982097576,17.91180275840368,17.91180275840368,-792.0702948175963,2000000.0,250.0,86,60,59,24950.08984375,-0.0076163017380431845,0.000142258441098414,17.91180275840368,0.0,86,60,59,24950.08984375,-0.0076163017380431845,0.000142258441098414,20.45708063845982,0.0,86,26,25,24006.13671875,-0.00628362619318068,0.00046341099368873984,-0.0006628590635955334,0.0006628590635955334,0.0,0.0,0.0,0.0,0.0,0.0,0,0.03799497317621782,0.03799497317621782,0.0001
0.46,0.23046,0.00905927232095,9.059272320949999,0.31503566716067777,839.545268355,19.781463981881423,19.781463981881423,-819.7638043731185,2000000.0,250.0,85,59,58,25411.32421875,-0.008007520573490237,0.000999176590339157,19.781463981881423,0.0,85,59,58,25411.32421875,-0.008007520573490237,0.000999176590339157,20.43831344399048,0.0,85,26,25,24005.236328125,-0.006279964232817292,0.00046465890773106366,-0.0005013688933104277,0.0005013688933104277,0.0,0.0,0.0,0.0,0.0,0.0,0,0.03767993710058781,0.03767993710058781,0.0001
0.462,0.231462,0.00937556772231,9.37556772231,0.3161029654740517,869.247074382,21.817218837387646,21.817218837387646,-847.4298555446125,2000000.0,250.0,87,63,62,25624.892578125,-0.008207272249285868,0.00042118615887598576,21.817218837387646,0.0,87,63,62,25624.892578125,-0.008207272249285868,0.00042118615887598576,20.423836821138845,0.0,87,24,23,24076.458984375,-0.006277142791077495,0.00046562054194509983,-0.0003796180244535208,0.0003796180244535208,0.0,0.0,0.0,0.0,0.0,0.0,0,0.03736364169922782,0.03736364169922782,0.0001
0.464,0.232464,0.00969274266376,9.69274266376,0.31680879410678653,899.35899965,24.003399522795156,24.003399522795156,-875.3556001272049,2000000.0,250.0,90,66,63,66202.7890625,-0.008455562072016209,0.0009423460729235389,24.003399522795156,0.0,90,66,63,66202.7890625,-0.008455562072016209,0.0009423460729235389,20.412750925383307,0.0,90,24,23,24075.943359375,-0.0062749809585511684,0.0004663574363803491,-0.0002921347040683031,0.0002921347040683031,0.0,0.0,0.0,0.0,0.0,0.0,0,0.03704646675777781,0.03704646675777781,0.0001
0.466,0.233466,0.0100104525457,10.0104525457,0.3171483280139711,929.984289819,26.341580012946466,26.341580012946466,-903.6427098060535,2000000.0,250.0,91,65,65,6608.8427734375,-0.008748810623145108,-0.00028781406124736564,26.341580012946466,0.0,91,65,65,6608.8427734375,-0.008748810623145108,-0.00028781406124736564,20.404246552626425,0.0,91,26,25,24003.59765625,-0.0062733180820941925,0.00046692379692103714,-0.00022957311011850834,0.00022957311011850834,0.0,0.0,0.0,0.0,0.0,0.0,0,0.03672875687583781,0.03672875687583781,0.0001
0.468,0.234468,0.0103283079131,10.3283079131,0.3170576844311359,961.094254773,28.809703703425043,28.809703703425043,-932.284551069575,2000000.0,250.0,93,67,65,47067.6953125,-0.009024306173723486,0.000907697323914089,28.809703703425043,0.0,93,67,65,47067.6953125,-0.009024306173723486,0.000907697323914089,20.39770886305586,0.0,93,26,25,24003.31640625,-0.006272043101489544,0.00046735779324080795,-0.00018523912876844406,0.00018523912876844406,0.0,0.0,0.0,0.0,0.0,0.0,0,0.036410901508437815,0.036410901508437815,0.0001
0.47,0.23547,0.0106458361453,10.6458361453,0.316492630688626,992.7066147,31.476407694927452,31.476407694927452,-961.2302070050725,2000000.0,250.0,98,72,71,27374.978515625,-0.009298495466263719,0.0007629426678387452,31.476407694927452,0.0,98,72,71,27374.978515625,-0.009298495466263719,0.0007629426678387452,20.392758326467014,0.0,98,26,25,24003.08203125,-0.0062710747588425875,0.000467687044874765,-0.00016353861428797245,0.00016353861428797245,0.0,0.0,0.0,0.0,0.0,0.0,0,0.036093373276237815,0.036093373276237815,0.0001
0.472,0.236472,0.010962559145,10.962559145,0.31547954870259787,1024.76872335,34.35436284653996,34.35436284653996,-990.4143605034601,2000000.0,250.0,101,75,73,47931.2265625,-0.00957367127158288,0.0007197751037325562,34.35436284653996,0.0,101,75,73,47931.2265625,-0.00957367127158288,0.0007197751037325562,20.389090774995417,0.0,101,26,25,24002.869140625,-0.006270361365750432,0.00046792731154710054,-0.00016504671657457948,0.00016504671657457948,0.0,0.0,0.0,0.0,0.0,0.0,0,0.035776650276537814,0.035776650276537814,0.0001
0.474,0.237474,0.0112780571609,11.2780571609,0.31406903008981946,1057.13697939,37.450254558844954,37.450254558844954,-1019.6867248311552,2000000.0,250.0,103,79,77,48320.83984375,-0.009875907885821447,0.0007038850795516582,37.450254558844954,0.0,103,79,77,48320.83984375,-0.009875907885821447,0.0007038850795516582,20.386574694198778,0.0,103,24,23,24074.73828125,-0.00626986869610846,0.0004680916899815202,-0.00017805735114961863,0.00017805735114961863,0.0,0.0,0.0,0.0,0.0,0.0,0,0.03546115226063781,0.03546115226063781,0.0001
0.476,0.238476,0.0115919534813,11.591953481300001,0.31227716467065836,1089.75179344,40.79103308417802,40.79103308417802,-1048.960760355822,2000000.0,250.0,103,78,76,49096.6015625,-0.010164591825448327,0.00042478839853950234,40.79103308417802,0.0,103,78,76,49096.6015625,-0.010164591825448327,0.00042478839853950234,20.384879866570984,0.0,103,25,24,24010.52734375,-0.006269541569054127,0.0004681992140831426,-0.00019580968364607543,0.00019580968364607543,0.0,0.0,0.0,0.0,0.0,0.0,0,0.03514725594023781,0.03514725594023781,0.0001
0.478,0.239478,0.0119038605989,11.9038605989,0.31007688483033924,1122.80351702,44.45417136756643,44.45417136756643,-1078.3493456524336,2000000.0,250.0,104,78,77,29791.017578125,-0.010240763946168761,0.0003873082512603661,44.45417136756643,0.0,104,78,77,29791.017578125,-0.010240763946168761,0.0003873082512603661,20.38399778903109,0.0,104,26,25,24002.625,-0.006269369041547179,0.0004682533908635378,-0.00021650176495313644,0.00021650176495313644,0.0,0.0,0.0,0.0,0.0,0.0,0,0.034835348822637814,0.034835348822637814,0.0001
0.48,0.24048,0.0122133475585,12.2133475585,0.30744422669660576,1156.4092306,48.52091583797533,48.52091583797533,-1107.8883147620247,2000000.0,250.0,110,84,81,70350.125,-0.010495892357267451,0.00012949786761334847,48.52091583797533,0.0,110,84,81,70350.125,-0.010495892357267451,0.00012949786761334847,20.383702883448976,0.0,110,26,25,24002.607421875,-0.006269314792007208,0.00046826701145619154,-0.00023830524878576398,0.00023830524878576398,0.0,0.0,0.0,0.0,0.0,0.0,0,0.03452586186303781,0.03452586186303781,0.0001
0.482,0.241482,0.0125199788292,12.5199788292,0.3043806460079823,1190.436243,53.053755146947694,53.053755146947694,-1137.3824878530525,2000000.0,250.0,116,90,88,51269.91796875,-0.010697074082608525,0.0002015122157057285,53.053755146947694,0.0,116,90,88,51269.91796875,-0.010697074082608525,0.0002015122157057285,20.38389421340496,0.0,116,26,25,24002.611328125,-0.006269354606047273,0.0004682479047914967,-0.0002563401940278709,0.0002563401940278709,0.0,0.0,0.0,0.0,0.0,0.0,0,0.034219230592337814,0.034219230592337814,0.0001
0.484,0.242484,0.0128233263731,12.8233263731,0.3008843249001991,1224.87356445,58.063766888905455,58.063766888905455,-1166.8097975610945,2000000.0,250.0,119,93,90,72853.25,-0.010966607281376536,0.0006373203693891827,58.063766888905455,0.0,119,93,90,72853.25,-0.010966607281376536,0.0006373203693891827,20.384487733647305,0.0,119,26,25,24002.67578125,-0.0062694724183529615,0.00046820218267384917,-0.00027491635410115123,0.00027491635410115123,0.0,0.0,0.0,0.0,0.0,0.0,0,0.03391588304843782,0.03391588304843782,0.0001
0.486,0.243486,0.0131229510163,13.1229510163,0.2969472529441113,1259.7784319,63.59863276209829,63.59863276209829,-1196.1797991379017,2000000.0,250.0,116,92,91,34335.91015625,-0.011253907932600844,0.00028372100023064256,63.59863276209829,0.0,116,92,91,34335.91015625,-0.011253907932600844,0.00028372100023064256,20.385464831493426,0.0,116,24,23,24074.673828125,-0.006269667763262987,0.00046812923392280936,-0.00029914284823462367,0.00029914284823462367,0.0,0.0,0.0,0.0,0.0,0.0,0,0.03361625840523781,0.03361625840523781,0.0001
0.488,0.244488,0.013418408668,13.418408668,0.29254250284431027,1295.22686169,69.50024724153072,69.50024724153072,-1225.7266144484693,2000000.0,250.0,121,96,95,34830.859375,-0.011261157891522183,0.00015891452949700485,69.50024724153072,0.0,121,96,95,34830.859375,-0.011261157891522183,0.00015891452949700485,20.38675243185798,0.0,121,25,24,24010.609375,-0.006269918289035559,0.00046803704753983766,-0.00031764808227308095,0.00031764808227308095,0.0,0.0,0.0,0.0,0.0,0.0,0,0.03332080075353781,0.03332080075353781,0.0001
0.49,0.24549,0.013709206192,13.709206192,0.28759297619760726,1331.44450333,75.64576232049923,75.64576232049923,-1255.7987410095009,2000000.0,250.0,120,94,94,15916.05859375,-0.011535114069536324,-2.6824772750941306e-05,75.64576232049923,0.0,120,94,94,15916.05859375,-0.011535114069536324,-2.6824772750941306e-05,20.388325429299474,0.0,120,26,25,24002.822265625,-0.006270225392654538,0.00046792499779257923,-0.00034289792529307306,0.00034289792529307306,0.0,0.0,0.0,0.0,0.0,0.0,0,0.033030003229537815,0.033030003229537815,0.0001
0.492,0.246492,0.0139947449923,13.994744992300001,0.2820116505489052,1368.52588801,82.03169741287242,82.03169741287242,-1286.4941905971275,2000000.0,250.0,118,93,90,76556.953125,-0.011905372435213238,0.0009378852403349643,82.03169741287242,0.0,118,93,90,76556.953125,-0.011905372435213238,0.0009378852403349643,20.390193142583264,0.0,118,25,24,24010.76953125,-0.006270596059039235,0.0004677905671996996,-0.0003721972752828151,0.0003721972752828151,0.0,0.0,0.0,0.0,0.0,0.0,0,0.03274446442923781,0.03274446442923781,0.0001
0.494,0.247494,0.0142743575397,14.2743575397,0.27576865518961924,1406.18479924,88.66879861633443,88.66879861633443,-1317.5160006236656,2000000.0,250.0,117,91,90,37580.0234375,-0.012036857758122714,0.00031566911987024326,88.66879861633443,0.0,117,91,90,37580.0234375,-0.012036857758122714,0.00031566911987024326,20.39232618075462,0.0,117,26,25,24003.041015625,-0.0062710142228752375,0.0004676392418332398,-0.00040005857590585947,0.00040005857590585947,0.0,0.0,0.0,0.0,0.0,0.0,0,0.032464851881837814,0.032464851881837814,0.0001
0.496,0.248496,0.0145473853773,14.5473853773,0.2688892170159676,1444.01837837,95.35555867234658,95.35555867234658,-1348.6628196976533,2000000.0,250.0,123,97,96,38119.66796875,-0.011914105536924957,0.0009402723204513185,95.35555867234658,0.0,123,97,96,38119.66796875,-0.011914105536924957,0.0009402723204513185,20.39473322679974,0.0,123,26,25,24003.15625,-0.006271486869081855,0.0004674683295888826,-0.00042984518222510815,0.00042984518222510815,0.0,0.0,0.0,0.0,0.0,0.0,0,0.032191824044237816,0.032191824044237816,0.0001
0.498,0.249498,0.0148132115306,14.8132115306,0.2614044211576845,1481.81646262,101.77362666135745,101.77362666135745,-1380.0428359586426,2000000.0,250.0,122,96,96,18642.93359375,-0.012075047389219246,-0.00039183981067178464,101.77362666135745,0.0,122,96,96,18642.93359375,-0.012075047389219246,-0.00039183981067178464,20.39746180798797,0.0,122,26,25,24003.28125,-0.006272023310884833,0.00046727515291422606,-0.0004595283535309136,0.0004595283535309136,0.0,0.0,0.0,0.0,0.0,0.0,0,0.031925997890937814,0.031925997890937814,0.0001
0.5,0.2505,0.0150712398373,15.0712398373,0.2533127962075845,1519.55563128,107.96065705432902,107.96065705432902,-1411.594974225671,2000000.0,250.0,122,98,98,19475.22265625,-0.0121995694446158,-0.00041595870283650527,107.96065705432902,0.0,122,98,98,19475.22265625,-0.0121995694446158,-0.00041595870283650527,20.400389599286065,0.0,122,24,23,24075.34765625,-0.006272597471252084,0.0004670692142099142,-0.0004829576355405152,0.0004829576355405152,0.0,0.0,0.0,0.0,0.0,0.0,0,0.031667969584237815,0.031667969584237815,0.0001
0.502,0.251502,0.0153208503742,15.320850374199999,0.24458544890219525,1557.18313987,113.95283086406636,113.95283086406636,-1443.2303090059338,2000000.0,250.0,124,100,99,40147.07421875,-0.012544586758224688,0.0013422564268606302,113.95283086406636,0.0,124,100,99,40147.07421875,-0.012544586758224688,0.0013422564268606302,20.403529625195606,0.0,124,24,23,24075.48828125,-0.006273214006796479,0.0004668483743444085,-0.0005098773399367929,0.0005098773399367929,0.0,0.0,0.0,0.0,0.0,0.0,0,0.031418359047337814,0.031418359047337814,0.0001
0.504,0.252504,0.0155613890769,15.561389076900001,0.23521774266466977,1594.41634715,119.71354038760646,119.71354038760646,-1474.7028067623937,2000000.0,250.0,121,95,94,40815.30859375,-0.012631695325329872,0.0011327906696429746,119.71354038760646,0.0,121,95,94,40815.30859375,-0.012631695325329872,0.0011327906696429746,20.406899239364783,0.0,121,26,25,24003.724609375,-0.00627387803979218,0.0004666095628635958,-0.0005459862295538187,0.0005459862295538187,0.0,0.0,0.0,0.0,0.0,0.0,0,0.031177820344637813,0.031177820344637813,0.0001
0.506,0.253506,0.0157922267305,15.7922267305,0.22528061062874194,1630.8150463,125.23657624034561,125.23657624034561,-1505.5784700596544,2000000.0,250.0,122,96,96,21429.89453125,-0.01258266444899896,-0.0004635130440046615,125.23657624034561,0.0,122,96,96,21429.89453125,-0.01258266444899896,-0.0004635130440046615,20.410576941232147,0.0,122,26,25,24003.900390625,-0.006274597253650427,0.00046635187754873186,-0.0005763437366113067,0.0005763437366113067,0.0,0.0,0.0,0.0,0.0,0.0,0,0.030946982691037815,0.030946982691037815,0.0001
0.508,0.254508,0.0160128514206,16.0128514206,0.21490021886227595,1666.17753332,130.49593798757374,130.49593798757374,-1535.6815953324262,2000000.0,250.0,125,101,101,21473.166015625,-0.012586436769469508,-0.0005542912054111969,130.49593798757374,0.0,125,101,101,21473.166015625,-0.012586436769469508,-0.0005542912054111969,20.414440799145574,0.0,125,24,23,24075.978515625,-0.00627535511739552,0.0004660805716412142,-0.0006021918961778283,0.0006021918961778283,0.0,0.0,0.0,0.0,0.0,0.0,0,0.030726358000937815,0.030726358000937815,0.0001
0.51,0.25551,0.0162228867691,16.2228867691,0.20417177794411145,1700.61269169,135.501738658788,135.501738658788,-1565.110953031212,2000000.0,250.0,124,98,98,21882.45703125,-0.0126082465904577,-0.0006055666454730102,135.501738658788,0.0,124,98,98,21882.45703125,-0.0126082465904577,-0.0006055666454730102,20.41852716291608,0.0,124,26,25,24004.267578125,-0.00627616117708385,0.0004657923855120316,-0.0006253287428990006,0.0006253287428990006,0.0,0.0,0.0,0.0,0.0,0.0,0,0.030516322652437814,0.030516322652437814,0.0001
0.512,0.256512,0.0164220116636,16.422011663600003,0.19312476846307192,1734.06227757,140.24325970241034,140.24325970241034,-1593.8190178675898,2000000.0,250.0,123,97,97,22100.71484375,-0.01275109273954629,-0.0006606635250201998,140.24325970241034,0.0,123,97,97,22100.71484375,-0.01275109273954629,-0.0006606635250201998,20.4228173638313,0.0,123,26,25,24004.4453125,-0.006276997737586498,0.0004654935473809019,-0.0006479521398432553,0.0006479521398432553,0.0,0.0,0.0,0.0,0.0,0.0,0,0.030317197757937814,0.030317197757937814,0.0001
0.514,0.257514,0.0166099088051,16.6099088051,0.18177113967065672,1766.27743403,144.69794781254757,144.69794781254757,-1621.5794862174525,2000000.0,250.0,127,102,102,22692.87890625,-0.012885847209019162,-0.0008223264810605924,144.69794781254757,0.0,127,102,102,22692.87890625,-0.012885847209019162,-0.0008223264810605924,20.427239668926198,0.0,127,25,24,24012.509765625,-0.0062778666615486145,0.00046518347517121583,-0.0006658554193563759,0.0006658554193563759,0.0,0.0,0.0,0.0,0.0,0.0,0,0.030129300616437815,0.030129300616437815,0.0001
0.516,0.258516,0.0167862810275,16.7862810275,0.17013640104790362,1797.18105938,148.85247192017266,148.85247192017266,-1648.3285874598273,2000000.0,250.0,127,101,99,62674.06640625,-0.013083861956860683,0.0008473369585971641,148.85247192017266,0.0,127,101,99,62674.06640625,-0.013083861956860683,0.0008473369585971641,20.431820791524515,0.0,127,26,25,24004.865234375,-0.006278767017647624,0.00046486244536936283,-0.0006842254078947008,0.0006842254078947008,0.0,0.0,0.0,0.0,0.0,0.0,0,0.029952928394037816,0.029952928394037816,0.0001
0.518,0.259518,0.0169508621528,16.9508621528,0.1582345129241549,1826.70692709,152.69684936773447,152.69684936773447,-1674.0100777222654,2000000.0,250.0,127,101,100,43251.98828125,-0.01305903166147946,0.00018342667964137485,152.69684936773447,0.0,127,101,100,43251.98828125,-0.01305903166147946,0.00018342667964137485,20.43656978235437,0.0,127,26,25,24005.087890625,-0.006279698573052883,0.00046453023969661444,-0.0007039802148938179,0.0007039802148938179,0.0,0.0,0.0,0.0,0.0,0.0,0,0.029788347268737816,0.029788347268737816,0.0001
0.52,0.26052,0.0171033829914,17.1033829914,0.14604001516966392,1854.58159553,156.1938297722577,156.1938297722577,-1698.3877657577423,2000000.0,250.0,124,100,99,43519.92578125,-0.013046285820550466,0.00018056444686991024,156.1938297722577,0.0,124,100,99,43519.92578125,-0.013046285820550466,0.00018056444686991024,20.44147397228868,0.0,124,24,23,24077.201171875,-0.0062806622590869665,0.0004641864215955138,-0.000725228397641331,0.000725228397641331,0.0,0.0,0.0,0.0,0.0,0.0,0,0.029635826430137815,0.029635826430137815,0.0001
0.522,0.261522,0.0172435263432,17.2435263432,0.133515389471059,1880.53791137,159.3913932598329,159.3913932598329,-1721.146518110167,2000000.0,250.0,130,104,103,44026.8828125,-0.013074413309484806,0.00017796016065671494,159.3913932598329,0.0,130,104,103,44026.8828125,-0.013074413309484806,0.00017796016065671494,20.446545969401882,0.0,130,26,25,24005.556640625,-0.006281658308580518,0.0004638313694158569,-0.0007488408591598272,0.0007488408591598272,0.0,0.0,0.0,0.0,0.0,0.0,0,0.029495683078337817,0.029495683078337817,0.0001
0.524,0.262524,0.0173709478319,17.3709478319,0.1206742534930143,1904.38664619,162.27822985410185,162.27822985410185,-1742.108416335898,2000000.0,250.0,132,106,105,43781.15234375,-0.013144194449745461,0.0001756126987734266,162.27822985410185,0.0,132,106,105,43781.15234375,-0.013144194449745461,0.0001756126987734266,20.451758503569,0.0,132,26,25,24005.8046875,-0.006282677175477147,0.00046346860472112894,-0.0007623079000040889,0.0007623079000040889,0.0,0.0,0.0,0.0,0.0,0.0,0,0.029368261589637814,0.029368261589637814,0.0001
0.526,0.263526,0.0174853575472,17.4853575472,0.10758510658682496,1925.82365979,164.85436614325747,164.85436614325747,-1760.9692936467425,2000000.0,250.0,132,107,105,64283.4921875,-0.01311954324313247,0.0008286508325018455,164.85436614325747,0.0,132,107,105,64283.4921875,-0.01311954324313247,0.0008286508325018455,20.45708445682421,0.0,132,25,24,24013.91015625,-0.0062837195582687855,0.000463097429019399,-0.0007738213753327727,0.0007738213753327727,0.0,0.0,0.0,0.0,0.0,0.0,0,0.029253851874337815,0.029253851874337815,0.0001
0.528,0.264528,0.0175865483855,17.586548385500002,0.09431190244510823,1944.65297538,167.13642565293173,167.13642565293173,-1777.5165497270682,2000000.0,250.0,129,105,103,64468.48828125,-0.013184869951880566,0.0007376454175994918,167.13642565293173,0.0,129,105,103,64468.48828125,-0.013184869951880566,0.0007376454175994918,20.462469018744592,0.0,129,24,23,24078.1484375,-0.006284777540713549,0.0004627212038030848,-0.000782076851464808,0.000782076851464808,0.0,0.0,0.0,0.0,0.0,0.0,0,0.029152661036037815,0.029152661036037815,0.0001
0.53,0.26553,0.0176743585997,17.6743585997,0.08090566901197604,1960.83990982,169.11527922498357,169.11527922498357,-1791.7246305950164,2000000.0,250.0,131,105,104,44530.2578125,-0.01324615523600477,0.0002773301792384636,169.11527922498357,0.0,131,105,104,44530.2578125,-0.01324615523600477,0.0002773301792384636,20.46794476371068,0.0,131,26,25,24006.56640625,-0.00628585135564208,0.00046233931789174676,-0.0007866595988161862,0.0007866595988161862,0.0,0.0,0.0,0.0,0.0,0.0,0,0.029064850821837816,0.029064850821837816,0.0001
0.532,0.266532,0.0177486833462,17.7486833462,0.06745009086826315,1974.33929383,170.7817193582226,170.7817193582226,-1803.5575744717776,2000000.0,250.0,134,109,108,44783.4375,-0.013308276012213127,5.060385924582356e-05,170.7817193582226,0.0,134,109,108,44783.4375,-0.013308276012213127,5.060385924582356e-05,20.473514692071966,0.0,134,25,24,24014.6796875,-0.006286939838901162,0.0004619526444002986,-0.0007868223474361002,0.0007868223474361002,0.0,0.0,0.0,0.0,0.0,0.0,0,0.028990526075337815,0.028990526075337815,0.0001
0.534,0.267534,0.0178095285818,17.8095285818,0.05405630434131581,1985.04691786,172.14023386746405,172.14023386746405,-1812.9066839925358,2000000.0,250.0,133,109,109,24951.669921875,-0.013328436291296781,-1.0955976620374841e-07,172.14023386746405,0.0,133,109,109,24951.669921875,-0.013328436291296781,-1.0955976620374841e-07,20.47906997533435,0.0,133,24,23,24078.8984375,-0.006288028554990888,0.00046156598546076566,-0.0007866276428103447,0.0007866276428103447,0.0,0.0,0.0,0.0,0.0,0.0,0,0.028929680839737817,0.028929680839737817,0.0001
0.536,0.268536,0.0178570121801,17.8570121801,0.04081310618762579,1992.88664001,173.1911947343701,173.1911947343701,-1819.69544527563,2000000.0,250.0,137,111,110,45497.26171875,-0.013366942404185185,0.0005535602628157519,173.1911947343701,0.0,137,111,110,45497.26171875,-0.013366942404185185,0.0005535602628157519,20.48466223511322,0.0,137,26,25,24007.35546875,-0.00628912472166121,0.0004611768090398982,-0.0007848028326407075,0.0007848028326407075,0.0,0.0,0.0,0.0,0.0,0.0,0,0.028882197241437816,0.028882197241437816,0.0001
0.538,0.269538,0.0178913180466,17.891318046600002,0.02778120708582854,1997.84227876,173.94277923568862,173.94277923568862,-1823.8994995243113,2000000.0,250.0,136,110,109,45797.4375,-0.013400347408285461,0.0005413738342132694,173.94277923568862,0.0,136,110,109,45797.4375,-0.013400347408285461,0.0005413738342132694,20.4902596832814,0.0,136,26,25,24007.642578125,-0.0062902208883315325,0.00046078786544967443,-0.0007825546781532466,0.0007825546781532466,0.0,0.0,0.0,0.0,0.0,0.0,0,0.028847891374937814,0.028847891374937814,0.0001
0.54,0.27054,0.0179126857191,17.9126857191,0.015034605039920379,1999.87149341,174.4051232165001,174.4051232165001,-1825.4663701935,2000000.0,250.0,135,110,109,45858.2890625,-0.013420880064125562,0.0005338845498370734,174.4051232165001,0.0,135,110,109,45858.2890625,-0.013420880064125562,0.0005338845498370734,20.49586410801494,0.0,135,25,24,24015.73046875,-0.0062913179863244295,0.00046039820881560445,-0.000787205237429589,0.000787205237429589,0.0,0.0,0.0,0.0,0.0,0.0,0,0.028826523702437816,0.028826523702437816,0.0001
0.542,0.271542,0.0179214473951,17.921447395100003,0.0026782149201611816,1998.87897738,174.58549137160134,174.58549137160134,-1824.2934860083985,2000000.0,250.0,136,110,109,45598.390625,-0.013428860415959476,0.0005309728117141762,174.58549137160134,0.0,136,110,109,45598.390625,-0.013428860415959476,0.0005309728117141762,20.501492115040787,0.0,136,26,25,24008.16796875,-0.0062924225348979235,0.0004600059619406238,-0.0007913238951005042,0.0007913238951005042,0.0,0.0,0.0,0.0,0.0,0.0,0,0.028817762026437814,0.028817762026437814,0.0001
0.544,0.272544,0.0179180528618,17.9180528618,-0.00919078942115803,1994.96925128,174.49200750416702,174.49200750416702,-1820.477243775833,2000000.0,250.0,136,110,109,45593.06640625,-0.013424741103052668,0.0005324757093256566,174.49200750416702,0.0,136,110,109,45593.06640625,-0.013424741103052668,0.0005324757093256566,20.50714227713385,0.0,136,26,25,24008.412109375,-0.006293527781963348,0.00045961374416947365,-0.0007943797390908003,0.0007943797390908003,0.0,0.0,0.0,0.0,0.0,0.0,0,0.028821156559737816,0.028821156559737816,0.0001
0.546,0.273546,0.0179030290531,17.903029053100003,-0.02053481342315422,1988.46384957,174.13880799062417,174.13880799062417,-1814.325041579376,2000000.0,250.0,135,109,108,45826.26171875,-0.013409049715701572,0.0005381997096125476,174.13880799062417,0.0,135,109,108,45826.26171875,-0.013409049715701572,0.0005381997096125476,20.512820938607586,0.0,135,26,25,24008.681640625,-0.006294639548286796,0.00045921873243059963,-0.000795967411249876,0.000795967411249876,0.0,0.0,0.0,0.0,0.0,0.0,0,0.028836180368437814,0.028836180368437814,0.0001
0.548,0.274548,0.0178769010957,17.8769010957,-0.03137924585828422,1979.63925369,173.53755488247216,173.53755488247216,-1806.1016988075278,2000000.0,250.0,136,111,110,45682.04296875,-0.013382307753305962,0.0005479559416951154,173.53755488247216,0.0,136,111,110,45682.04296875,-0.013382307753305962,0.0005479559416951154,20.518477739489448,0.0,136,25,24,24016.794921875,-0.006295743864029646,0.0004588272422552109,-0.0007926331018097699,0.0007926331018097699,0.0,0.0,0.0,0.0,0.0,0.0,0,0.028862308325837815,0.028862308325837815,0.0001
0.55,0.27555,0.0178401450444,17.8401450444,-0.04177626926147582,1968.58095283,172.6942735482159,172.6942735482159,-1795.886679281784,2000000.0,250.0,135,109,108,45543.78125,-0.01334498240792089,0.0005615706905272214,172.6942735482159,0.0,135,109,108,45543.78125,-0.01334498240792089,0.0005615706905272214,20.524134906875634,0.0,135,26,25,24009.2109375,-0.006296855630353093,0.00045843269617762417,-0.0007892909925431013,0.0007892909925431013,0.0,0.0,0.0,0.0,0.0,0.0,0,0.028899064377137816,0.028899064377137816,0.0001
0.552,0.276552,0.0177931814521,17.7931814521,-0.051762088672653306,1955.32711878,171.62064832280845,171.62064832280845,-1783.7064704571917,2000000.0,250.0,133,109,108,44923.42578125,-0.013313468256153024,1.9262669147313005e-05,171.62064832280845,0.0,133,109,108,44923.42578125,-0.013313468256153024,1.9262669147313005e-05,20.52980910891539,0.0,133,24,23,24081.19921875,-0.006297960411757231,0.0004580406384775415,-0.0007897060713730752,0.0007897060713730752,0.0,0.0,0.0,0.0,0.0,0.0,0,0.028946027969437814,0.028946027969437814,0.0001
0.554,0.277554,0.0177364138187,17.7364138187,-0.061330797704592044,1939.96188255,170.32303480974483,170.32303480974483,-1769.6388477402552,2000000.0,250.0,134,108,107,44758.078125,-0.013291034002332907,6.793204848071221e-05,170.32303480974483,0.0,134,108,107,44758.078125,-0.013291034002332907,6.793204848071221e-05,20.535423973203734,0.0,134,26,25,24009.7421875,-0.006299064960330725,0.0004576485953293741,-0.000787571188993752,0.000787571188993752,0.0,0.0,0.0,0.0,0.0,0.0,0,0.029002795602837816,0.029002795602837816,0.0001
0.556,0.278556,0.0176702745335,17.670274533500002,-0.07045161277445189,1922.71157186,168.8022532974657,168.8022532974657,-1753.9093185625343,2000000.0,250.0,132,106,105,44559.3359375,-0.013234582089741272,0.00028568064392581194,168.8022532974657,0.0,132,106,105,44559.3359375,-0.013234582089741272,0.00028568064392581194,20.54111567503632,0.0,132,26,25,24010.03515625,-0.006300176959484816,0.00045725384552497417,-0.000789288489613682,0.000789288489613682,0.0,0.0,0.0,0.0,0.0,0.0,0,0.029068934888037815,0.029068934888037815,0.0001
0.558,0.279558,0.0175952287867,17.5952287867,-0.07909808473054092,1903.68901781,167.08107225615967,167.08107225615967,-1736.6079455538404,2000000.0,250.0,131,105,103,64338.55078125,-0.013183297303938881,0.000739825859251364,167.08107225615967,0.0,131,105,103,64338.55078125,-0.013183297303938881,0.000739825859251364,20.546752514849103,0.0,131,26,25,24010.296875,-0.0063012815080583096,0.00045686175872106105,-0.0007915601599961519,0.0007915601599961519,0.0,0.0,0.0,0.0,0.0,0.0,0,0.029143980634837814,0.029143980634837814,0.0001
0.56,0.28056,0.0175117619717,17.5117619717,-0.08724959026946166,1882.96324391,165.16883062710053,165.16883062710053,-1717.7944132828995,2000000.0,250.0,134,108,106,64284.11328125,-0.013128544547092693,0.0008161263155704868,165.16883062710053,0.0,134,108,106,64284.11328125,-0.013128544547092693,0.0008161263155704868,20.55243640214492,0.0,134,26,25,24010.544921875,-0.0063023928087204695,0.0004564670962281525,-0.0007955545443110168,0.0007955545443110168,0.0,0.0,0.0,0.0,0.0,0.0,0,0.029227447449837816,0.029227447449837816,0.0001
0.562,0.281562,0.0174203806078,17.420380607800002,-0.09488773413173668,1860.79498616,163.0832417940449,163.0832417940449,-1697.7117443659552,2000000.0,250.0,133,107,106,43845.74609375,-0.013089073030628635,0.00017495981346762196,163.0832417940449,0.0,133,107,106,43845.74609375,-0.013089073030628635,0.00017495981346762196,20.558106334644,0.0,133,26,25,24010.80859375,-0.006303505972027779,0.0004560722882160917,-0.0007992800674401224,0.0007992800674401224,0.0,0.0,0.0,0.0,0.0,0.0,0,0.029318828813737815,0.029318828813737815,0.0001
0.564,0.282564,0.0173216069525,17.321606952499998,-0.1020038380239523,1837.41106671,160.82481539539555,160.82481539539555,-1676.5862513146044,2000000.0,250.0,133,107,106,43587.859375,-0.013168720081170104,0.00017679629043897312,160.82481539539555,0.0,133,107,106,43587.859375,-0.013168720081170104,0.00017679629043897312,20.56378660922064,0.0,133,26,25,24011.07421875,-0.006304617738351226,0.00045567772758658975,-0.0008004799601621926,0.0008004799601621926,0.0,0.0,0.0,0.0,0.0,0.0,0,0.029417602469037817,0.029417602469037817,0.0001
0.566,0.283566,0.0172159649164,17.2159649164,-0.10860004940119694,1812.98360205,158.38195361434228,158.38195361434228,-1654.6016484356576,2000000.0,250.0,130,104,103,43958.78125,-0.013057394265841862,0.0001787760842946757,158.38195361434228,0.0,130,104,103,43958.78125,-0.013057394265841862,0.0001787760842946757,20.569462466488183,0.0,130,26,25,24011.34375,-0.006305729737505317,0.0004552829050226137,-0.0008061620756052434,0.0008061620756052434,0.0,0.0,0.0,0.0,0.0,0.0,0,0.029523244505137814,0.029523244505137814,0.0001
0.568,0.284568,0.0171039724535,17.1039724535,-0.11467401462075699,1787.77778173,155.8060897757593,155.8060897757593,-1631.9716919542407,2000000.0,250.0,126,100,99,43481.6484375,-0.013047701286181747,0.00018088469458708845,155.8060897757593,0.0,126,100,99,43481.6484375,-0.013047701286181747,0.00018088469458708845,20.57517898623977,0.0,126,26,25,24011.61328125,-0.006306841969490051,0.0004548885772237554,-0.0008079789695329964,0.0008079789695329964,0.0,0.0,0.0,0.0,0.0,0.0,0,0.029635236968037815,0.029635236968037815,0.0001
0.57,0.28557,0.0169861581911,16.986158191100003,-0.12020929426147475,1761.99112751,153.0730769337691,153.0730769337691,-1608.918050576231,2000000.0,250.0,126,100,99,43266.0625,-0.013057649907040267,0.00018311892830509546,153.0730769337691,0.0,126,100,99,43266.0625,-0.013057649907040267,0.00018311892830509546,20.580798948232253,0.0,126,26,25,24011.873046875,-0.006307945353910327,0.00045449733443092555,-0.0008030787575989962,0.0008030787575989962,0.0,0.0,0.0,0.0,0.0,0.0,0,0.029753051230437814,0.029753051230437814,0.0001
0.572,0.286572,0.0168630730278,16.863073027800002,-0.1252079711077858,1735.76171463,150.18454856373796,150.18454856373796,-1585.577166066262,2000000.0,250.0,128,102,100,62763.70703125,-0.013071347641989396,0.0007971245911479186,150.18454856373796,0.0,128,102,100,62763.70703125,-0.013071347641989396,0.0007971245911479186,20.586413782974937,0.0,128,26,25,24012.142578125,-0.0063090401235967875,0.0004541094967862591,-0.0007934048189781606,0.0007934048189781606,0.0,0.0,0.0,0.0,0.0,0.0,0,0.029876136393737814,0.029876136393737814,0.0001
0.574,0.287574,0.016735241417,16.735241416999997,-0.12972541511976132,1709.25640019,147.14607461855113,147.14607461855113,-1562.1103255714488,2000000.0,250.0,130,104,102,62500.5234375,-0.012988409267382386,0.0009115469801104781,147.14607461855113,0.0,130,104,102,62500.5234375,-0.012988409267382386,0.0009115469801104781,20.59192765524493,0.0,130,26,25,24012.3984375,-0.006310119293630123,0.0004537273634923622,-0.0007836344302631915,0.0007836344302631915,0.0,0.0,0.0,0.0,0.0,0.0,0,0.030003968004537817,0.030003968004537817,0.0001
0.576,0.288576,0.0166031032959,16.6031032959,-0.13385159061876095,1682.64430854,144.0059839550117,144.0059839550117,-1538.6383245849884,2000000.0,250.0,127,101,101,22590.63671875,-0.012864835421683603,-0.0007973087890640468,144.0059839550117,0.0,127,101,101,22590.63671875,-0.012864835421683603,-0.0007973087890640468,20.597305991717825,0.0,127,26,25,24012.650390625,-0.0063111751805990934,0.0004533536412054673,-0.0007684589945711195,0.0007684589945711195,0.0,0.0,0.0,0.0,0.0,0.0,0,0.030136106125637815,0.030136106125637815,0.0001
0.578,0.289578,0.0164670028294,16.467002829400002,-0.13766760309381176,1655.99055142,140.75049154060952,140.75049154060952,-1515.2400598793904,2000000.0,250.0,121,97,97,22075.39453125,-0.012766417565775597,-0.0006792074922869623,140.75049154060952,0.0,121,97,97,22075.39453125,-0.012766417565775597,-0.0006792074922869623,20.602664470260493,0.0,121,24,23,24084.478515625,-0.006312222220003605,0.00045298282930161804,-0.0007594244088977575,0.0007594244088977575,0.0,0.0,0.0,0.0,0.0,0.0,0,0.030272206592137814,0.030272206592137814,0.0001
0.58,0.29058,0.0163272174193,16.3272174193,-0.14122160508981985,1629.33300784,137.39646767591432,137.39646767591432,-1491.9365401640857,2000000.0,250.0,121,96,96,22029.90234375,-0.012665355216948476,-0.0005565615949970903,137.39646767591432,0.0,121,96,96,22029.90234375,-0.012665355216948476,-0.0005565615949970903,20.607899786371974,0.0,121,25,24,24020.98046875,-0.006313245976343751,0.00045262031198944896,-0.0007509819697588682,0.0007509819697588682,0.0,0.0,0.0,0.0,0.0,0.0,0,0.030411992002237816,0.030411992002237816,0.0001
0.582,0.291582,0.0161839947328,16.183994732800002,-0.1445369457085821,1602.74443014,133.96073489480224,133.96073489480224,-1468.7836952451978,2000000.0,250.0,125,99,99,21911.310546875,-0.012588903501869003,-0.0005488351991433521,133.96073489480224,0.0,125,99,99,21911.310546875,-0.012588903501869003,-0.0005488351991433521,20.61308731565444,0.0,125,26,25,24013.390625,-0.0063142620492726564,0.000452260734164156,-0.0007411022670567036,0.0007411022670567036,0.0,0.0,0.0,0.0,0.0,0.0,0,0.030555214688737814,0.030555214688737814,0.0001
0.584,0.292584,0.0160375653801,16.037565380100002,-0.1476411551896213,1576.34453667,130.44537506050867,130.44537506050867,-1445.8991616094913,2000000.0,250.0,125,101,101,21468.205078125,-0.012586385927101859,-0.0005542410392710209,130.44537506050867,0.0,125,101,101,21468.205078125,-0.012586385927101859,-0.0005542410392710209,20.618210487295244,0.0,125,24,23,24085.181640625,-0.006315260659903288,0.00045190745731815696,-0.0007272799266502261,0.0007272799266502261,0.0,0.0,0.0,0.0,0.0,0.0,0,0.030701644041437815,0.030701644041437815,0.0001
0.586,0.293586,0.0158881218578,15.8881218578,-0.1505856705588826,1550.22953113,126.86505743034134,126.86505743034134,-1423.3644736996587,2000000.0,250.0,128,102,102,21406.67578125,-0.012583813437520793,-0.0004892846824284675,126.86505743034134,0.0,128,102,102,21406.67578125,-0.012583813437520793,-0.0004892846824284675,20.623218077375466,0.0,128,26,25,24013.8828125,-0.006316242506727576,0.00045155955012887716,-0.0007165257120504975,0.0007165257120504975,0.0,0.0,0.0,0.0,0.0,0.0,0,0.030851087563737816,0.030851087563737816,0.0001
0.588,0.294588,0.0157357916963,15.7357916963,-0.15341925304391069,1524.2991913,123.20150689133133,123.20150689133133,-1401.0976844086688,2000000.0,250.0,122,96,96,21148.59375,-0.012581191520418089,-0.0004599449238790049,123.20150689133133,0.0,122,96,96,21148.59375,-0.012581191520418089,-0.0004599449238790049,20.628124316770148,0.0,122,26,25,24014.107421875,-0.006317203631624579,0.0004512196028372273,-0.0007074196473695338,0.0007074196473695338,0.0,0.0,0.0,0.0,0.0,0.0,0,0.031003417725237816,0.031003417725237816,0.0001
0.59,0.29559,0.0155806696747,15.580669674700001,-0.15613525044910137,1498.40008483,119.46258173182031,119.46258173182031,-1378.9375030981796,2000000.0,250.0,121,95,94,40783.3203125,-0.012639760304164386,0.001142274919761932,119.46258173182031,0.0,121,95,94,40783.3203125,-0.012639760304164386,0.001142274919761932,20.632931964119084,0.0,121,26,25,24014.333984375,-0.006318139843642712,0.000450888168415986,-0.0007004867075011134,0.0007004867075011134,0.0,0.0,0.0,0.0,0.0,0.0,0,0.031158539746837813,0.031158539746837813,0.0001
0.592,0.296592,0.0154228966544,15.422896654399999,-0.15866695149700583,1472.49412891,115.66580794696506,115.66580794696506,-1356.828320963035,2000000.0,250.0,126,100,99,40417.90625,-0.01264207944843393,0.0012819002945608504,115.66580794696506,0.0,126,100,99,40417.90625,-0.01264207944843393,0.0012819002945608504,20.637667681792475,0.0,126,26,25,24014.546875,-0.006319067673757672,0.0004505600081756711,-0.0006860150024294853,0.0006860150024294853,0.0,0.0,0.0,0.0,0.0,0.0,0,0.03131631276713782,0.03131631276713782,0.0001
0.594,0.297594,0.0152627011039,15.2627011039,-0.1609476499501037,1446.76214985,111.791691594848,111.791691594848,-1334.970458255152,2000000.0,250.0,122,98,98,19839.501953125,-0.012420630070304736,-0.00046084688573796995,111.791691594848,0.0,122,98,98,19839.501953125,-0.012420630070304736,-0.00046084688573796995,20.642290768054743,0.0,122,24,23,24086.263671875,-0.00631997175514698,0.00045024085557088256,-0.0006659008213318884,0.0006659008213318884,0.0,0.0,0.0,0.0,0.0,0.0,0,0.03147650831763782,0.03147650831763782,0.0001
0.596,0.298596,0.0151003575639,15.1003575639,-0.1629783372255531,1421.41141133,107.88067600574392,107.88067600574392,-1313.530735324256,2000000.0,250.0,123,98,98,19447.41796875,-0.012194966088818746,-0.0004154527882905337,107.88067600574392,0.0,123,98,98,19447.41796875,-0.012194966088818746,-0.0004154527882905337,20.646762972109293,0.0,123,25,24,24022.80078125,-0.006320842541754246,0.00044993351912125945,-0.0006448416970670223,0.0006448416970670223,0.0,0.0,0.0,0.0,0.0,0.0,0,0.03163885185763782,0.03163885185763782,0.0001
0.598,0.299598,0.0149360925161,14.936092516099999,-0.1648388339321345,1396.5185825,103.93573813706918,103.93573813706918,-1292.582844362931,2000000.0,250.0,124,99,99,18703.3515625,-0.012160143326406338,-0.0004521656868560833,103.93573813706918,0.0,124,99,99,18703.3515625,-0.012160143326406338,-0.0004521656868560833,20.65105350661527,0.0,124,25,24,24022.99609375,-0.006321681896224618,0.0004496372275752947,-0.0006249411380849779,0.0006249411380849779,0.0,0.0,0.0,0.0,0.0,0.0,0,0.031803116905437814,0.031803116905437814,0.0001
0.6,0.3006,0.0147700205407,14.770020540700001,-0.16662954985029899,1372.06346022,99.91175983506353,99.91175983506353,-1272.1517003849365,2000000.0,250.0,121,95,95,18352.1875,-0.012001697620051127,-0.0004240242360441515,99.91175983506353,0.0,121,95,95,18352.1875,-0.012001697620051127,-0.0004240242360441515,20.65520329611457,0.0,121,26,25,24015.36328125,-0.0063224975019693375,0.00044934912875760347,-0.0006076210411265492,0.0006076210411265492,0.0,0.0,0.0,0.0,0.0,0.0,0,0.031969188880837815,0.031969188880837815,0.0001
0.602,0.301602,0.0146021668982,14.6021668982,-0.16842563343313355,1347.98850669,95.83881386913743,95.83881386913743,-1252.1496928208626,2000000.0,250.0,121,95,95,18162.4296875,-0.011905780047604175,-0.00011190793225662743,95.83881386913743,0.0,121,95,95,18162.4296875,-0.011905780047604175,-0.00011190793225662743,20.6592568282625,0.0,121,26,25,24015.5546875,-0.006323289591819048,0.0004490692663239315,-0.0005925408913753927,0.0005925408913753927,0.0,0.0,0.0,0.0,0.0,0.0,0,0.032137042523337815,0.032137042523337815,0.0001
0.604,0.302604,0.0144324955713,14.4324955713,-0.17027539865269414,1324.24145766,91.67378868747141,91.67378868747141,-1232.5676689725285,2000000.0,250.0,116,92,90,57686.91796875,-0.011976618178588166,0.0009330289728582291,91.67378868747141,0.0,116,92,90,57686.91796875,-0.011976618178588166,0.0009330289728582291,20.66318103802048,0.0,116,24,23,24087.205078125,-0.006324050249531865,0.00044880078348796815,-0.0005758805782534182,0.0005758805782534182,0.0,0.0,0.0,0.0,0.0,0.0,0,0.03230671385023781,0.03230671385023781,0.0001
0.606,0.303606,0.0142609349993,14.2609349993,-0.1721905022455088,1300.73596276,87.46508876466655,87.46508876466655,-1213.2708739953334,2000000.0,250.0,120,94,92,57413.64453125,-0.01211738293191911,0.00035359203141411416,87.46508876466655,0.0,120,94,92,57413.64453125,-0.01211738293191911,0.00035359203141411416,20.666940626950883,0.0,120,26,25,24015.91796875,-0.006324788089841604,0.0004485403769649565,-0.0005584296304732561,0.0005584296304732561,0.0,0.0,0.0,0.0,0.0,0.0,0,0.032478274422237816,0.032478274422237816,0.0001
0.608,0.304608,0.0140874258048,14.0874258048,-0.1741435454590814,1277.40214516,83.32331690002718,83.32331690002718,-1194.0788282599729,2000000.0,250.0,117,93,91,56758.64453125,-0.01197758753577341,0.0004505914356358401,83.32331690002718,0.0,117,93,91,56758.64453125,-0.01197758753577341,0.0004505914356358401,20.670582928999046,0.0,117,24,23,24087.537109375,-0.006325500551611185,0.00044828896352555603,-0.0005384460091590881,0.0005384460091590881,0.0,0.0,0.0,0.0,0.0,0.0,0,0.03265178361673782,0.03265178361673782,0.0001
0.61,0.30561,0.0139119513342,13.9119513342,-0.17610437330339224,1254.24822199,79.28881593045129,79.28881593045129,-1174.9594060595487,2000000.0,250.0,121,97,95,56437.59375,-0.011749577453868308,0.0009744814841496988,79.28881593045129,0.0,121,97,95,56437.59375,-0.011749577453868308,0.0009744814841496988,20.674114355527497,0.0,121,24,23,24087.6953125,-0.006326189264655113,0.0004480458883335814,-0.0005228450172580779,0.0005228450172580779,0.0,0.0,0.0,0.0,0.0,0.0,0,0.032827258087337816,0.032827258087337816,0.0001
0.612,0.306612,0.0137345126407,13.7345126407,-0.1780767966566863,1231.3111748,75.36696087392569,75.36696087392569,-1155.944213926074,2000000.0,250.0,120,94,94,15873.4755859375,-0.011518520927739237,-1.5754581022681124e-05,75.36696087392569,0.0,120,94,94,15873.4755859375,-0.011518520927739237,-1.5754581022681124e-05,20.677464579440553,0.0,120,26,25,24016.4140625,-0.0063268463127315044,0.0004478143382584676,-0.0005049585597589612,0.0005049585597589612,0.0,0.0,0.0,0.0,0.0,0.0,0,0.03300469678083781,0.03300469678083781,0.0001
0.614,0.307614,0.0135550854337,13.555085433699999,-0.18008626951097817,1208.65608559,71.53197841186905,71.53197841186905,-1137.124107178131,2000000.0,250.0,116,92,91,35105.61328125,-0.011332878120292517,0.00010507710921463936,71.53197841186905,0.0,116,92,91,35105.61328125,-0.011332878120292517,0.00010507710921463936,20.680661485120066,0.0,116,24,23,24087.98828125,-0.006327471463009715,0.00044759422598872334,-0.0004842357593588531,0.0004842357593588531,0.0,0.0,0.0,0.0,0.0,0.0,0,0.033184123987837814,0.033184123987837814,0.0001
0.616,0.308616,0.0133736197566,13.3736197566,-0.18215513842315278,1186.34909161,67.79105095195713,67.79105095195713,-1118.5580406580427,2000000.0,250.0,121,96,95,34642.46875,-0.011199738201053501,0.00019914193445754597,67.79105095195713,0.0,121,96,95,34642.46875,-0.011199738201053501,0.00019914193445754597,20.683744918300786,0.0,121,25,24,24024.5234375,-0.006328072398900986,0.0004473828012123704,-0.0004596071667037904,0.0004596071667037904,0.0,0.0,0.0,0.0,0.0,0.0,0,0.033365589664937814,0.033365589664937814,0.0001
0.618,0.309618,0.0131900465363,13.190046536299999,-0.18431317614770304,1164.36209977,64.13325925105617,64.13325925105617,-1100.2288405189438,2000000.0,250.0,118,92,91,34244.99609375,-0.011296185091144021,0.00027380653678665823,64.13325925105617,0.0,118,92,91,34244.99609375,-0.011296185091144021,0.00027380653678665823,20.686631460426035,0.0,118,26,25,24016.841796875,-0.006328632822260261,0.00044718543358612806,-0.00043710682075470686,0.00043710682075470686,0.0,0.0,0.0,0.0,0.0,0.0,0,0.033549162885237814,0.033549162885237814,0.0001
0.62,0.31062,0.0130042561516,13.0042561516,-0.18660423827345252,1142.47738221,60.60402627964029,60.60402627964029,-1081.8733559303598,2000000.0,250.0,120,94,93,33613.109375,-0.011091352502427702,0.0003366039394656836,60.60402627964029,0.0,120,94,93,33613.109375,-0.011091352502427702,0.0003366039394656836,20.68934388134221,0.0,120,26,25,24016.966796875,-0.006329163210466504,0.00044699828140437603,-0.00042406487045809627,0.00042406487045809627,0.0,0.0,0.0,0.0,0.0,0.0,0,0.03373495326993781,0.03373495326993781,0.0001
0.622,0.311622,0.0128160916428,12.8160916428,-0.1890522552395213,1120.6376868,57.2317935701036,57.2317935701036,-1063.4058932298965,2000000.0,250.0,117,91,89,52702.08984375,-0.010924270005434483,9.140911004729135e-05,57.2317935701036,0.0,117,91,89,52702.08984375,-0.010924270005434483,9.140911004729135e-05,20.69198361447785,0.0,117,26,25,24017.1015625,-0.0063296782318502665,0.0004468174884095788,-0.0004061987856402993,0.0004061987856402993,0.0,0.0,0.0,0.0,0.0,0.0,0,0.03392311777873781,0.03392311777873781,0.0001
0.624,0.312624,0.0126253954321,12.6253954321,-0.19163227325349208,1098.95384889,54.07055613866823,54.07055613866823,-1044.8832927513317,2000000.0,250.0,117,91,90,31516.95703125,-0.01075451766648669,0.00017905331125403837,54.07055613866823,0.0,117,91,90,31516.95703125,-0.01075451766648669,0.00017905331125403837,20.694441151710855,0.0,117,26,25,24017.20703125,-0.00633016019128263,0.0004466476966626942,-0.00038748839870095253,0.00038748839870095253,0.0,0.0,0.0,0.0,0.0,0.0,0,0.034113813989437816,0.034113813989437816,0.0001
0.626,0.313626,0.0124320605672,12.4320605672,-0.19430200279441046,1077.35819667,51.072428118074264,51.072428118074264,-1026.285768551926,2000000.0,250.0,112,86,86,11097.1533203125,-0.010601884430699354,-2.942280076262925e-05,51.072428118074264,0.0,112,86,86,11097.1533203125,-0.010601884430699354,-2.942280076262925e-05,20.6967555273342,0.0,112,26,25,24017.32421875,-0.0063306107185781,0.00044648956099990755,-0.00036790690501220524,0.00036790690501220524,0.0,0.0,0.0,0.0,0.0,0.0,0,0.03430714885433782,0.03430714885433782,0.0001
0.628,0.314628,0.0122360142185,12.2360142185,-0.1970466090818359,1055.71656993,48.26068759667026,48.26068759667026,-1007.4558823333299,2000000.0,250.0,111,85,82,70449.4453125,-0.010480303372984568,0.00014637657247761234,48.26068759667026,0.0,111,85,82,70449.4453125,-0.010480303372984568,0.00014637657247761234,20.69897901449641,0.0,111,26,25,24017.419921875,-0.006331045646220446,0.000446335892775096,-0.0003555730218067765,0.0003555730218067765,0.0,0.0,0.0,0.0,0.0,0.0,0,0.034503195203037816,0.034503195203037816,0.0001
0.63,0.31563,0.0120371791626,12.0371791626,-0.19985716551896093,1033.97337656,45.60842725598749,45.60842725598749,-988.3649493040124,2000000.0,250.0,106,80,79,29987.921875,-0.010314352020911174,0.00032017207662584507,45.60842725598749,0.0,106,80,79,29987.921875,-0.010314352020911174,0.00032017207662584507,20.701081560023006,0.0,106,26,25,24017.513671875,-0.006331456592306495,0.0004461912321858108,-0.0003436616971157491,0.0003436616971157491,0.0,0.0,0.0,0.0,0.0,0.0,0,0.03470203025893782,0.03470203025893782,0.0001
0.632,0.316632,0.0118355004588,11.8355004588,-0.2026878723552894,1012.11010324,43.10938777358954,43.10938777358954,-969.0007154664104,2000000.0,250.0,103,77,76,29569.970703125,-0.010192716291075255,3.0088497571273843e-06,43.10938777358954,0.0,103,77,76,29569.970703125,-0.010192716291075255,3.0088497571273843e-06,20.70308857953707,0.0,103,26,25,24017.623046875,-0.006331844720989466,0.0004460542695596814,-0.00033119568252004683,0.00033119568252004683,0.0,0.0,0.0,0.0,0.0,0.0,0,0.03490370896273781,0.03490370896273781,0.0001
0.634,0.317634,0.0116309926664,11.6309926664,-0.20547541796407653,990.144187462,40.756667541619635,40.756667541619635,-949.3875199203803,2000000.0,250.0,102,78,76,49098.9375,-0.010164136242796292,0.0004275741925790352,40.756667541619635,0.0,102,78,76,49098.9375,-0.010164136242796292,0.0004275741925790352,20.70500142954756,0.0,102,24,23,24089.08984375,-0.006332217250019312,0.00044592341873794794,-0.0003154193691443652,0.0003154193691443652,0.0,0.0,0.0,0.0,0.0,0.0,0,0.03510821675513782,0.03510821675513782,0.0001
0.636,0.318636,0.0114237277212,11.4237277212,-0.20818244985030265,968.14189296,38.52166138150357,38.52166138150357,-929.6202315784964,2000000.0,250.0,101,77,74,68618.0625,-0.010018008599443195,0.0009501323529182981,38.52166138150357,0.0,101,77,74,68618.0625,-0.010018008599443195,0.0009501323529182981,20.706802632224747,0.0,101,24,23,24089.169921875,-0.006332570919767022,0.00044579921814147383,-0.0002977032563649118,0.0002977032563649118,0.0,0.0,0.0,0.0,0.0,0.0,0,0.03531548170033781,0.03531548170033781,0.0001
0.638,0.319638,0.0112137950369,11.2137950369,-0.2107921775948105,946.161534935,36.374582779756494,36.374582779756494,-909.7869521552435,2000000.0,250.0,100,76,76,8288.0888671875,-0.009756337208850135,-4.228628309549398e-05,36.374582779756494,0.0,100,76,76,8288.0888671875,-0.009756337208850135,-4.228628309549398e-05,20.708422488778247,0.0,100,24,23,24089.240234375,-0.0063328868709504604,0.0004456886672414839,-0.0002765927347354591,0.0002765927347354591,0.0,0.0,0.0,0.0,0.0,0.0,0,0.03552541438463781,0.03552541438463781,0.0001
0.64,0.32064,0.0110013001973,11.001300197299999,-0.21328038752494916,924.162718908,34.3229465410355,34.3229465410355,-889.8397723669644,2000000.0,250.0,101,75,73,47941.7421875,-0.009570599200713119,0.0007201541473095818,34.3229465410355,0.0,101,75,73,47941.7421875,-0.009570599200713119,0.0007201541473095818,20.709967046542605,0.0,101,26,25,24017.943359375,-0.006333186291158199,0.00044558376248460263,-0.0002605485497042537,0.0002605485497042537,0.0,0.0,0.0,0.0,0.0,0.0,0,0.035737909224237814,0.035737909224237814,0.0001
0.642,0.321642,0.0107863811403,10.7863811403,-0.21562059545908063,902.158491932,32.35223923416808,32.35223923416808,-869.8062526978318,2000000.0,250.0,96,70,69,27405.333984375,-0.009518823144258962,0.0007487510538428527,32.35223923416808,0.0,96,70,69,27405.333984375,-0.009518823144258962,0.0007487510538428527,20.711336300385348,0.0,96,26,25,24018.0,-0.006333454977720976,0.00044548937876243144,-0.00024407530145253986,0.00024407530145253986,0.0,0.0,0.0,0.0,0.0,0.0,0,0.03595282828123782,0.03595282828123782,0.0001
0.644,0.322644,0.010569196524,10.569196524,-0.21779499331337338,880.234745689,30.461417350945037,30.461417350945037,-849.773328338055,2000000.0,250.0,96,71,70,27056.0,-0.009196002860976854,0.0009134239337864891,30.461417350945037,0.0,96,71,70,27056.0,-0.009196002860976854,0.0009134239337864891,20.71262545268474,0.0,96,25,24,24025.87890625,-0.006333708064630628,0.00044540099042933434,-0.0002303115325048566,0.0002303115325048566,0.0,0.0,0.0,0.0,0.0,0.0,0,0.036170012897537816,0.036170012897537816,0.0001
0.646,0.323646,0.0103499199737,10.3499199737,-0.2197865464071853,858.482238888,28.651311984032944,28.651311984032944,-829.830926903967,2000000.0,250.0,94,68,66,47021.1484375,-0.009007101530951592,0.000900152404442911,28.651311984032944,0.0,94,68,66,47021.1484375,-0.009007101530951592,0.000900152404442911,20.713814589623485,0.0,94,26,25,24018.12109375,-0.006333936238661408,0.00044532096944749355,-0.00021376769291236997,0.00021376769291236997,0.0,0.0,0.0,0.0,0.0,0.0,0,0.036389289447837814,0.036389289447837814,0.0001
0.648,0.324648,0.010128744285,10.128744285,-0.22158442136726464,836.852327131,26.930910201809773,26.930910201809773,-809.9214169291903,2000000.0,250.0,91,66,64,46549.32421875,-0.00881651080529768,0.0005661075946759853,26.930910201809773,0.0,91,66,64,46549.32421875,-0.00881651080529768,0.0005661075946759853,20.714879732522412,0.0,91,25,24,24025.982421875,-0.006334148813039064,0.00044524633267428726,-0.00019902385247405618,0.00019902385247405618,0.0,0.0,0.0,0.0,0.0,0.0,0,0.03661046513653782,0.03661046513653782,0.0001
0.65,0.32565,0.00990586479328,9.90586479328,-0.2232074121656682,815.309511612,25.256663085024627,25.256663085024627,-790.0528485269754,2000000.0,250.0,93,68,66,46386.3828125,-0.008618579359243348,0.0009009062377489108,25.256663085024627,0.0,93,68,66,46386.3828125,-0.008618579359243348,0.0009009062377489108,20.7158685231164,0.0,93,25,24,24026.03125,-0.00633433903567493,0.0004451798740774393,-0.0001879549236036837,0.0001879549236036837,0.0,0.0,0.0,0.0,0.0,0.0,0,0.03683334462825782,0.03683334462825782,0.0001
0.652,0.326652,0.00968143663102,9.68143663102,-0.22470218420159593,793.93894188,23.639130490918646,23.639130490918646,-770.2998113890814,2000000.0,250.0,91,65,62,66009.921875,-0.008413913480207105,0.000953787312060056,23.639130490918646,0.0,91,65,62,66009.921875,-0.008413913480207105,0.000953787312060056,20.71680538956331,0.0,91,26,25,24018.263671875,-0.006334520177915692,0.00044511654414236546,-0.0001769381924532354,0.0001769381924532354,0.0,0.0,0.0,0.0,0.0,0.0,0,0.037057772790517814,0.037057772790517814,0.0001
0.654,0.327654,0.00945556161614,9.455561616139999,-0.2260981700399194,772.698424813,22.090006611423355,22.090006611423355,-750.6084182015766,2000000.0,250.0,88,63,62,25680.64453125,-0.008239296256188699,0.0004196971788247329,22.090006611423355,0.0,88,63,62,25680.64453125,-0.008239296256188699,0.0004196971788247329,20.71764829705341,0.0,88,25,24,24026.11328125,-0.00633468572050333,0.00044505897676572204,-0.00016253188368864357,0.00016253188368864357,0.0,0.0,0.0,0.0,0.0,0.0,0,0.037283647805397814,0.037283647805397814,0.0001
0.656,0.328656,0.00922833589826,9.22833589826,-0.227387168832335,751.440861182,20.614311092227044,20.614311092227044,-730.826550089773,2000000.0,250.0,86,61,60,25541.115234375,-0.008061819228744216,0.0009437265942417675,20.614311092227044,0.0,86,61,60,25541.115234375,-0.008061819228744216,0.0009437265942417675,20.718373730465796,0.0,86,25,24,24026.1484375,-0.0063348261173814535,0.0004450099659152329,-0.00014857735368423164,0.00014857735368423164,0.0,0.0,0.0,0.0,0.0,0.0,0,0.03751087352327782,0.03751087352327782,0.0001
0.658,0.329658,0.0089998777298,8.9998777298,-0.2285518782385223,730.152907512,19.198841119724296,19.198841119724296,-710.9540663922756,2000000.0,250.0,83,59,58,25305.02734375,-0.007827262395170488,0.0009798977802273623,19.198841119724296,0.0,83,59,58,25305.02734375,-0.007827262395170488,0.0009798977802273623,20.71898402474724,0.0,83,24,23,24089.72265625,-0.006334944162517786,0.00044496914779301733,-0.00013544787361752242,0.00013544787361752242,0.0,0.0,0.0,0.0,0.0,0.0,0,0.037739331691737814,0.037739331691737814,0.0001
0.66,0.33066,0.00877031793427,8.77031793427,-0.22957952987025898,708.903568851,17.863458491382776,17.863458491382776,-691.0401103596173,2000000.0,250.0,85,59,58,24933.9453125,-0.007608308381576827,0.0001503088266670491,17.863458491382776,0.0,85,59,58,24933.9453125,-0.007608308381576827,0.0001503088266670491,20.71949143543247,0.0,85,26,25,24018.384765625,-0.006335046608000994,0.0004449338302947581,-0.0001238857366843149,0.0001238857366843149,0.0,0.0,0.0,0.0,0.0,0.0,0,0.037968891487267814,0.037968891487267814,0.0001
0.662,0.331662,0.00853980035194,8.53980035194,-0.2304533145259473,687.664781054,16.607228902622655,16.607228902622655,-671.0575521513773,2000000.0,250.0,78,54,51,64935.80078125,-0.00739903769515414,0.0005785677951267235,16.607228902622655,0.0,78,54,51,64935.80078125,-0.00739903769515414,0.0005785677951267235,20.71998362044027,0.0,78,24,23,24089.767578125,-0.006335139740258455,0.0004449015686986968,-0.00011213305697310716,0.00011213305697310716,0.0,0.0,0.0,0.0,0.0,0.0,0,0.03819940906959782,0.03819940906959782,0.0001
0.664,0.332664,0.00830848949196,8.30848949196,-0.23115620861277275,666.398529074,15.426791549992645,15.426791549992645,-650.9717375240073,2000000.0,250.0,81,55,52,64413.35546875,-0.007198389959927484,0.00026450508385958416,15.426791549992645,0.0,81,55,52,64413.35546875,-0.007198389959927484,0.00026450508385958416,20.72031526014598,0.0,81,26,25,24018.42578125,-0.006335209123790264,0.00044487784907687455,-0.00010087514237966388,0.00010087514237966388,0.0,0.0,0.0,0.0,0.0,0.0,0,0.03843071992957782,0.03843071992957782,0.0001
0.666,0.333666,0.00807656330988,8.076563309880001,-0.23167408276446988,645.162490832,14.314455212078665,14.314455212078665,-630.8480356199213,2000000.0,250.0,79,53,50,64153.48828125,-0.00700325867773318,0.00039622552372556297,14.314455212078665,0.0,79,53,50,64153.48828125,-0.00700325867773318,0.00039622552372556297,20.72057720439834,0.0,79,26,25,24018.435546875,-0.006335256155580282,0.00044486251135822386,-8.912422345019877e-05,8.912422345019877e-05,0.0,0.0,0.0,0.0,0.0,0.0,0,0.03866264611165782,0.03866264611165782,0.0001
0.668,0.334668,0.0078442146301,7.844214630100001,-0.23198656235029924,623.994173642,13.280945162485228,13.280945162485228,-610.7132284795148,2000000.0,250.0,77,52,52,3889.513427734375,-0.0068139652502819245,-5.9727355127939946e-05,13.280945162485228,0.0,77,52,52,3889.513427734375,-0.0068139652502819245,-5.9727355127939946e-05,20.72071580609418,0.0,77,25,24,24026.263671875,-0.006335278507322073,0.0004448555991984904,-7.375109271379188e-05,7.375109271379188e-05,0.0,0.0,0.0,0.0,0.0,0.0,0,0.03889499479143781,0.03889499479143781,0.0001
0.67,0.33567,0.00761166223893,7.61166223893,-0.23206954766966037,602.947423891,12.315633837965203,12.315633837965203,-590.6317900530348,2000000.0,250.0,71,45,45,3480.3447265625,-0.006619011707351685,-7.082415358372618e-05,12.315633837965203,0.0,71,45,45,3480.3447265625,-0.006619011707351685,-7.082415358372618e-05,20.720779172933323,0.0,71,26,25,24018.451171875,-0.006335290148854256,0.0004448532563401386,-5.686563963536173e-05,5.686563963536173e-05,0.0,0.0,0.0,0.0,0.0,0.0,0,0.039127547182607816,0.039127547182607816,0.0001
0.672,0.336672,0.00737914725657,7.37914725657,-0.23191187121258094,582.035729432,11.41898063083551,11.41898063083551,-570.6167488011645,2000000.0,250.0,65,41,41,3340.433349609375,-0.006434909044451388,-0.0001562318912072258,11.41898063083551,0.0,65,41,41,3340.433349609375,-0.006434909044451388,-0.0001562318912072258,20.72059511589832,0.0,65,24,23,24089.794921875,-0.006335257552564144,0.00044486619299277663,-5.472483462654054e-05,5.472483462654054e-05,0.0,0.0,0.0,0.0,0.0,0.0,0,0.03936006216496782,0.03936006216496782,0.0001
0.674,0.337674,0.00714691084902,7.14691084902,-0.23150535920659188,561.137250684,10.545318612312856,10.545318612312856,-550.5919320716872,2000000.0,250.0,69,44,43,23074.38671875,-0.006231284524239579,0.0002433514929643804,10.545318612312856,0.0,69,44,43,23074.38671875,-0.006231284524239579,0.0002433514929643804,20.72036652438867,0.0,69,25,24,24026.2421875,-0.006335216341540217,0.00044488189450930804,-6.283776747295633e-05,6.283776747295633e-05,0.0,0.0,0.0,0.0,0.0,0.0,0,0.039592298572517816,0.039592298572517816,0.0001
0.676,0.338676,0.00691521051672,6.91521051672,-0.2308214953343306,540.125603022,9.720655667203008,9.720655667203008,-530.404947354797,2000000.0,250.0,71,45,44,22928.3984375,-0.006025572389681502,1.2038429045416188e-05,9.720655667203008,0.0,71,45,44,22928.3984375,-0.006025572389681502,1.2038429045416188e-05,20.720015166917577,0.0,71,26,25,24018.41796875,-0.0063351423013955355,0.0004449092230061069,-6.211682921275496e-05,6.211682921275496e-05,0.0,0.0,0.0,0.0,0.0,0.0,0,0.03982399890481782,0.03982399890481782,0.0001
0.678,0.339678,0.00668434457237,6.684344572370001,-0.2298333523502989,519.016071718,8.939387490195328,8.939387490195328,-510.0766842278047,2000000.0,250.0,65,39,39,2791.802734375,-0.005866930971765013,-9.389081658548164e-05,8.939387490195328,0.0,65,39,39,2791.802734375,-0.005866930971765013,-9.389081658548164e-05,20.719571688853904,0.0,65,26,25,24018.392578125,-0.006335061276331544,0.00044493858877103776,-6.141585618024692e-05,6.141585618024692e-05,0.0,0.0,0.0,0.0,0.0,0.0,0,0.040054864849167815,0.040054864849167815,0.0001
0.68,0.34068,0.00645462447861,6.4546244786099995,-0.2285442848103787,497.896820128,8.206724033177471,8.206724033177471,-489.69009609482254,2000000.0,250.0,63,38,38,2691.22900390625,-0.005585276572088571,-0.0002199071441378389,8.206724033177471,0.0,63,38,38,2691.22900390625,-0.005585276572088571,-0.0002199071441378389,20.719071169980992,0.0,63,25,24,24026.1875,-0.006334958830848336,0.00044497552153188735,-6.960234168218449e-05,6.960234168218449e-05,0.0,0.0,0.0,0.0,0.0,0.0,0,0.04028458494292782,0.04028458494292782,0.0001
0.682,0.341682,0.00622634182561,6.2263418256100005,-0.22697456140718453,476.852899071,7.516317093537781,7.516317093537781,-469.33658197746223,2000000.0,250.0,64,38,37,22581.73828125,-0.005395660766809425,0.00040002433389974695,7.516317093537781,0.0,64,38,37,22581.73828125,-0.005395660766809425,0.00040002433389974695,20.718567604238302,0.0,64,26,25,24018.34375,-0.0063348631374537945,0.0004450091073522344,-0.00010827563528437167,0.00010827563528437167,0.0,0.0,0.0,0.0,0.0,0.0,0,0.040512867595927815,0.040512867595927815,0.0001
0.684,0.342684,0.00599976745755,5.99976745755,-0.22512923394211537,455.832497518,6.876474658627819,6.876474658627819,-448.9560228593722,2000000.0,250.0,65,39,38,22342.611328125,-0.005229000431140572,0.00038358904355261306,6.876474658627819,0.0,65,39,38,22342.611328125,-0.005229000431140572,0.00038358904355261306,20.718118065437054,0.0,65,26,25,24018.326171875,-0.006334776291623712,0.00044503959361463785,-0.00015845820598769933,0.00015845820598769933,0.0,0.0,0.0,0.0,0.0,0.0,0,0.040739441963987814,0.040739441963987814,0.0001
0.686,0.343686,0.00577518284079,5.77518284079,-0.22298182184630688,434.744121701,6.271103383816698,6.271103383816698,-428.4730183171833,2000000.0,250.0,64,38,37,22196.853515625,-0.00503236942159534,0.0003674709236483886,6.271103383816698,0.0,64,38,37,22196.853515625,-0.00503236942159534,0.0003674709236483886,20.71765195444788,0.0,64,26,25,24018.30078125,-0.006334683857858181,0.0004450716223800555,-0.00022048749087844044,0.00022048749087844044,0.0,0.0,0.0,0.0,0.0,0.0,0,0.04096402658074781,0.04096402658074781,0.0001
0.688,0.344688,0.00555291188657,5.5529118865700005,-0.22048429080339282,413.618467968,5.705392165788826,5.705392165788826,-407.91307580221115,2000000.0,250.0,61,35,34,22048.34375,-0.0048581177231318655,0.00035167783475952355,5.705392165788826,0.0,61,35,34,22048.34375,-0.0048581177231318655,0.00035167783475952355,20.717369265115217,0.0,61,26,25,24018.287109375,-0.006334629142656922,0.00044508955033961684,-0.0002970764762721956,0.0002970764762721956,0.0,0.0,0.0,0.0,0.0,0.0,0,0.04118629753496782,0.04118629753496782,0.0001
0.69,0.34569,0.00533333232202,5.3333323220199995,-0.21759357783433053,392.64771507,5.191846711835915,5.191846711835915,-387.4558683581641,2000000.0,250.0,62,36,35,22064.642578125,-0.004696721603879878,0.0003362368957633491,5.191846711835915,0.0,62,36,35,22064.642578125,-0.004696721603879878,0.0003362368957633491,20.717165538041005,0.0,62,26,25,24018.275390625,-0.006334592122584581,0.0004451009590411559,-0.0003887554630637169,0.0003887554630637169,0.0,0.0,0.0,0.0,0.0,0.0,0,0.04140587709951782,0.04140587709951782,0.0001
0.692,0.346692,0.00511685435659,5.11685435659,-0.2142818585628734,371.911349015,4.703668831896258,4.703668831896258,-367.2076801831037,2000000.0,250.0,61,35,34,21882.169921875,-0.004498530106682094,0.00032116146074576135,4.703668831896258,0.0,61,35,34,21882.169921875,-0.004498530106682094,0.00032116146074576135,20.717129643715676,0.0,61,26,25,24018.2734375,-0.006334585836157203,0.0004451022105058655,-0.0004420723707880825,0.0004420723707880825,0.0,0.0,0.0,0.0,0.0,0.0,0,0.04162235506494782,0.04162235506494782,0.0001
0.694,0.347694,0.00490391147746,4.9039114774599994,-0.21051384471556833,351.317451917,4.248855203149279,4.248855203149279,-347.06859671385075,2000000.0,250.0,58,32,31,21787.076171875,-0.004296062372872424,0.00031314144097318447,4.248855203149279,0.0,58,32,31,21787.076171875,-0.004296062372872424,0.00031314144097318447,20.717280469143947,0.0,58,26,25,24018.27734375,-0.0063346142414957285,0.00044508867722470313,-0.0005636349669657648,0.0005636349669657648,0.0,0.0,0.0,0.0,0.0,0.0,0,0.041835297944077816,0.041835297944077816,0.0001
0.696,0.348696,0.00469498461178,4.69498461178,-0.20624640890718515,330.89121887,3.8201670250636237,3.8201670250636237,-327.0710518449364,2000000.0,250.0,57,32,31,21700.587890625,-0.004103857093611439,0.000318529234567988,3.8201670250636237,0.0,57,32,31,21700.587890625,-0.004103857093611439,0.000318529234567988,20.71781073782431,0.0,57,25,24,24026.125,-0.00633471691980958,0.00044504697143565863,-0.0007299097487702966,0.0007299097487702966,0.0,0.0,0.0,0.0,0.0,0.0,0,0.042044224809757814,0.042044224809757814,0.0001
0.698,0.349698,0.00449059367401,4.49059367401,-0.20147057378742472,310.848547007,3.4256315312907457,3.4256315312907457,-307.42291547570926,2000000.0,250.0,60,34,33,21615.234375,-0.003924169075590372,0.0007735844142350429,3.4256315312907457,0.0,60,34,33,21615.234375,-0.003924169075590372,0.0007735844142350429,20.71885050556143,0.0,60,26,25,24018.3515625,-0.006334924837574363,0.0004449679399840534,-0.0009281145175918937,0.0009281145175918937,0.0,0.0,0.0,0.0,0.0,0.0,0,0.042248615747527814,0.042248615747527814,0.0001
0.7,0.3507,0.00429123758191,4.29123758191,-0.196239520983033,291.3532898,3.0717424678487895,3.0717424678487895,-288.28154733215126,2000000.0,250.0,56,30,29,21465.044921875,-0.003753036696548556,0.00013228263597657094,3.0717424678487895,0.0,56,30,29,21465.044921875,-0.003753036696548556,0.00013228263597657094,20.72034649732769,0.0,56,26,25,24018.421875,-0.006335217040032148,0.00044486019760370255,-0.0011211908422410488,0.0011211908422410488,0.0,0.0,0.0,0.0,0.0,0.0,0,0.04244797183962781,0.04244797183962781,0.0001
0.702,0.351702,0.00409732967396,4.09732967396,-0.19064734697105723,272.433909423,2.745284330298748,2.745284330298748,-269.6886250927012,2000000.0,250.0,55,29,27,41435.578125,-0.0035261086057663885,0.00020456215708062817,2.745284330298748,0.0,55,29,27,41435.578125,-0.0035261086057663885,0.00020456215708062817,20.72383689228964,0.0,55,26,25,24018.5625,-0.00633592065423727,0.00044454123417381197,-0.002326435409486294,0.002326435409486294,0.0,0.0,0.0,0.0,0.0,0.0,0,0.04264187974757781,0.04264187974757781,0.0001
0.704,0.352704,0.00390918029858,3.90918029858,-0.18478653725548866,254.094989259,2.4494438745290683,2.4494438745290683,-251.64554538447092,2000000.0,250.0,52,27,25,41323.33984375,-0.003359859526564153,0.0008065036679962417,2.4494438745290683,0.0,52,27,25,41323.33984375,-0.003359859526564153,0.0008065036679962417,20.73705877907388,0.0,52,25,24,24026.958984375,-0.006338547449558973,0.00044348185474518687,-0.004512262996286154,0.004512262996286154,0.0,0.0,0.0,0.0,0.0,0.0,0,0.042830029122957816,0.042830029122957816,0.0001
0.706,0.353706,0.0037270174533,3.7270174533,-0.17871797143213497,236.447020583,2.177969615304908,2.177969615304908,-234.2690509676951,2000000.0,250.0,57,31,28,61217.4453125,-0.0032009192136750464,0.0008191242936789953,2.177969615304908,0.0,57,31,28,61217.4453125,-0.0032009192136750464,0.0008191242936789953,20.76275792652423,0.0,57,26,25,24020.314453125,-0.006343598244711757,0.0004415937728481367,-0.0061267223209142685,0.0061267223209142685,0.0,0.0,0.0,0.0,0.0,0.0,0,0.043012191968237815,0.043012191968237815,0.0001
0.708,0.354708,0.00355102948383,3.5510294838300003,-0.1724746070708576,219.531781758,1.9361053167135913,1.9361053167135913,-217.5956764412864,2000000.0,250.0,54,28,26,41140.1328125,-0.0030498201930099222,0.0008324572454087784,1.9361053167135913,0.0,54,28,26,41140.1328125,-0.0030498201930099222,0.0008324572454087784,20.790525500105016,0.0,54,26,25,24021.62109375,-0.006349003408104181,0.00043970998376607895,-0.006008523516356945,0.006008523516356945,0.0,0.0,0.0,0.0,0.0,0.0,0,0.043188179937707814,0.043188179937707814,0.0001
0.71,0.35571,0.00338137834073,3.38137834073,-0.16608301414172089,203.343629713,1.7128701885003395,1.7128701885003395,-201.63075952449967,2000000.0,250.0,50,25,24,20991.330078125,-0.0029067102457575288,0.0001336251635736252,1.7128701885003395,0.0,50,25,24,20991.330078125,-0.0029067102457575288,0.0001336251635736252,20.81563315670428,0.0,50,25,24,24030.603515625,-0.00635389075614512,0.00043799891136586666,-0.006184414494782686,0.006184414494782686,0.0,0.0,0.0,0.0,0.0,0.0,0,0.04335783108080782,0.04335783108080782,0.0001
0.712,0.356712,0.00321819912349,3.2181991234900003,-0.15956157407186056,187.929018167,1.513358014701176,1.513358014701176,-186.41566015229884,2000000.0,250.0,50,24,23,20936.7890625,-0.002770887650639396,0.00070224119621487,1.513358014701176,0.0,50,24,23,20936.7890625,-0.002770887650639396,0.00070224119621487,20.838708601615412,0.0,50,26,25,24023.87890625,-0.006358388112857938,0.0004364184569567442,-0.0064564049243927,0.0064564049243927,0.0,0.0,0.0,0.0,0.0,0.0,0,0.043521010298047814,0.043521010298047814,0.0001
0.714,0.357714,0.00306161694629,3.06161694629,-0.15292287452095765,173.424305801,1.3451786234478766,1.3451786234478766,-172.07912717755212,2000000.0,250.0,50,24,23,20874.181640625,-0.002642653479877164,0.0007879674406605641,1.3451786234478766,0.0,50,24,23,20874.181640625,-0.002642653479877164,0.0007879674406605641,20.860840416108807,0.0,50,26,25,24024.916015625,-0.006362701067700982,0.00043489351810421795,-0.00686437776312232,0.00686437776312232,0.0,0.0,0.0,0.0,0.0,0.0,0,0.043677592475247815,0.043677592475247815,0.0001
0.716,0.358716,0.00291174168295,2.9117416829500002,-0.14619222063872228,159.981504286,1.1963343516871852,1.1963343516871852,-158.7851699343128,2000000.0,250.0,49,23,23,812.3544311523438,-0.0025178736435756653,-8.026309625665251e-05,1.1963343516871852,0.0,49,23,23,812.3544311523438,-0.0025178736435756653,-8.026309625665251e-05,20.88378947319067,0.0,49,26,25,24025.958984375,-0.006367200752720237,0.00043323296995367855,-0.008273595944046974,0.008273595944046974,0.0,0.0,0.0,0.0,0.0,0.0,0,0.04382746773858782,0.04382746773858782,0.0001
0.718,0.359718,0.00276864773613,2.7686477361299997,-0.1394178256087819,147.657597425,1.0489603260217222,1.0489603260217222,-146.60863709897828,2000000.0,250.0,47,21,21,771.9315185546875,-0.0023953039550394517,-4.506678348126236e-05,1.0489603260217222,0.0,47,21,21,771.9315185546875,-0.0023953039550394517,-4.506678348126236e-05,20.917204621247848,0.0,47,26,25,24027.47265625,-0.006373753771185875,0.0004307896742830053,-0.01047807652503252,0.01047807652503252,0.0,0.0,0.0,0.0,0.0,0.0,0,0.04397056168540782,0.04397056168540782,0.0001
0.72,0.36072,0.00263234836043,2.63234836043,-0.13266832788922112,136.499501453,0.930175520115784,0.930175520115784,-135.5693259328842,2000000.0,250.0,46,22,20,40665.8671875,-0.0022591463646931646,0.0002869309242013174,0.930175520115784,0.0,46,22,20,40665.8671875,-0.0022591463646931646,0.0002869309242013174,20.958374085276745,0.0,46,24,23,24100.28515625,-0.006381784100085497,0.0004278841079212725,-0.011494720354676247,0.011494720354676247,0.0,0.0,0.0,0.0,0.0,0.0,0,0.04410686106110782,0.04410686106110782,0.0001
0.722,0.361722,0.00250278040704,2.50278040704,-0.1260168654890217,126.474312235,0.8181242256040014,0.8181242256040014,-125.656188009396,2000000.0,250.0,49,23,21,40628.94140625,-0.002131632899710856,0.0002931784128073489,0.8181242256040014,0.0,49,23,21,40628.94140625,-0.002131632899710856,0.0002931784128073489,21.004533533876984,0.0,49,26,25,24031.490234375,-0.006390796974301338,0.00042463658610358834,-0.012637072242796421,0.012637072242796421,0.0,0.0,0.0,0.0,0.0,0.0,0,0.04423642901449781,0.04423642901449781,0.0001
0.724,0.362724,0.00237981056199,2.3798105619900003,-0.11951404573852242,117.484271606,0.7157302573044492,0.7157302573044492,-116.76854134869555,2000000.0,250.0,47,22,20,40595.90625,-0.002008755546147139,0.000998769737329,0.7157302573044492,0.0,47,22,20,40595.90625,-0.002008755546147139,0.000998769737329,21.057073360491895,0.0,47,25,24,24041.658203125,-0.006401056190952659,0.0004209017351968214,-0.014489537104964256,0.014489537104964256,0.0,0.0,0.0,0.0,0.0,0.0,0,0.044359398859547816,0.044359398859547816,0.0001
0.726,0.363726,0.00226327425938,2.26327425938,-0.1131799885029936,109.394882918,0.6241741119056182,0.6241741119056182,-108.77070880609438,2000000.0,250.0,46,22,20,40552.9453125,-0.0018979122696388719,0.0010535542019494137,0.6241741119056182,0.0,46,22,20,40552.9453125,-0.0018979122696388719,0.0010535542019494137,21.120553429937853,0.0,46,24,23,24107.40234375,-0.006413433700799942,0.00041636970127001405,-0.01702069863677025,0.01702069863677025,0.0,0.0,0.0,0.0,0.0,0.0,0,0.044475935162157816,0.044475935162157816,0.0001
0.728,0.364728,0.00215299786503,2.15299786503,-0.10702612822355273,102.079670209,0.5425289509283638,0.5425289509283638,-101.53714125807164,2000000.0,250.0,46,21,20,20517.173828125,-0.0017903351529909711,0.0010982999745239447,0.5425289509283638,0.0,46,21,20,20517.173828125,-0.0017903351529909711,0.0010982999745239447,21.198847122506656,0.0,46,25,24,24047.337890625,-0.006428722757846117,0.0004107671993551776,-0.020103324204683304,0.020103324204683304,0.0,0.0,0.0,0.0,0.0,0.0,0,0.04458621155650781,0.04458621155650781,0.0001
0.73,0.36573,0.00204879389842,2.04879389842,-0.10107554859780421,95.4306480531,0.47467992470668563,0.47467992470668563,-94.95596812839331,2000000.0,250.0,44,19,18,20486.279296875,-0.0016928360118874837,0.0004386025403956828,0.47467992470668563,0.0,44,19,18,20486.279296875,-0.0016928360118874837,0.0004386025403956828,21.295122720401984,0.0,44,25,24,24051.677734375,-0.006447480525821447,0.00040390998765360564,-0.023532502353191376,0.023532502353191376,0.0,0.0,0.0,0.0,0.0,0.0,0,0.04469041552311782,0.04469041552311782,0.0001
0.732,0.366732,0.00195044246564,1.9504424656400001,-0.0953634581586823,89.4526156786,0.4112486061692865,0.4112486061692865,-89.04136707243072,2000000.0,250.0,42,17,16,20451.173828125,-0.0015796899680312892,0.0004662972245606939,0.4112486061692865,0.0,42,17,16,20451.173828125,-0.0015796899680312892,0.0004662972245606939,21.41150668024211,0.0,42,25,24,24056.90234375,-0.006470128428190947,0.00039564720646012574,-0.027301426976919174,0.027301426976919174,0.0,0.0,0.0,0.0,0.0,0.0,0,0.04478876695589781,0.04478876695589781,0.0001
0.734,0.367734,0.00185768552827,1.85768552827,-0.08990942511976019,84.0670540685,0.35451020607280304,0.35451020607280304,-83.7125438624272,2000000.0,250.0,42,17,16,20417.46875,-0.001451120670132918,0.0004893304532728737,0.35451020607280304,0.0,42,17,16,20417.46875,-0.001451120670132918,0.0004893304532728737,21.551198089660915,0.0,42,25,24,24063.1328125,-0.006497287657111883,0.00038572265475522727,-0.03182895481586456,0.03182895481586456,0.0,0.0,0.0,0.0,0.0,0.0,0,0.04488152389326781,0.04488152389326781,0.0001
0.736,0.368736,0.0017702639777,1.7702639777,-0.08470049302395188,79.1581758783,0.3025517632542709,0.3025517632542709,-78.85562411504573,2000000.0,250.0,42,17,16,20389.998046875,-0.00134826703646157,0.0009326004193920684,0.3025517632542709,0.0,42,17,16,20389.998046875,-0.00134826703646157,0.0009326004193920684,21.721494370387777,0.0,42,25,24,24070.67578125,-0.006530363112688065,0.0003736446815310046,-0.037074603140354156,0.037074603140354156,0.0,0.0,0.0,0.0,0.0,0.0,0,0.04496894544383782,0.04496894544383782,0.0001
0.738,0.369738,0.00168794574025,1.68794574025,-0.07971444636726521,74.698816008,0.2550811497645253,0.2550811497645253,-74.44373485823547,2000000.0,250.0,40,15,15,354.9250183105469,-0.0012521298832628529,-2.633988994921002e-05,0.2550811497645253,0.0,40,15,15,354.9250183105469,-0.0012521298832628529,-2.633988994921002e-05,21.924439544142096,0.0,40,25,24,24079.611328125,-0.006569695193320513,0.00035935269261244684,-0.04229465872049332,0.04229465872049332,0.0,0.0,0.0,0.0,0.0,0.0,0,0.04505126368128781,0.04505126368128781,0.0001
0.74,0.37074,0.00161051622718,1.61051622718,-0.07493293407185597,70.6915559265,0.21300461852070982,0.21300461852070982,-70.47855130797929,2000000.0,250.0,39,14,13,20289.556640625,-0.0011574026554199562,6.79398868995275e-05,0.21300461852070982,0.0,39,14,13,20289.556640625,-0.0011574026554199562,6.79398868995275e-05,22.158745439087085,0.0,39,25,24,24089.544921875,-0.00661501451395452,0.0003429532516747713,-0.04734771326184273,0.04734771326184273,0.0,0.0,0.0,0.0,0.0,0.0,0,0.04512869319435781,0.04512869319435781,0.0001
0.742,0.371742,0.00153778014037,1.53778014037,-0.07034194559880214,67.122434261,0.17444965249408945,0.17444965249408945,-66.9479846085059,2000000.0,250.0,40,15,13,40260.30859375,-0.0010660714905595392,0.00020267455893009656,0.17444965249408945,0.0,40,15,13,40260.30859375,-0.0010660714905595392,0.00020267455893009656,22.416299998052136,0.0,40,25,24,24101.4453125,-0.0066648186184465885,0.00032676884438842535,-0.052217815071344376,0.052217815071344376,0.0,0.0,0.0,0.0,0.0,0.0,0,0.04520142928116781,0.04520142928116781,0.0001
0.744,0.372744,0.0014695509682,1.4695509682,-0.065947137814371,63.926950104,0.14348547930408428,0.14348547930408428,-63.78346462469592,2000000.0,250.0,43,16,14,40217.53125,-0.000977694041137074,0.00021715775070742238,0.14348547930408428,0.0,43,16,14,40217.53125,-0.000977694041137074,0.00021715775070742238,22.67935385509968,0.0,43,27,26,24608.025390625,-0.006715120514854789,0.0003154865698888898,-0.049294255673885345,0.049294255673885345,0.0,0.0,0.0,0.0,0.0,0.0,0,0.045269658453337816,0.045269658453337816,0.0001
0.746,0.373746,0.00140562207619,1.40562207619,-0.061771639835329184,61.0880326481,0.11755861872475673,0.11755861872475673,-60.97047402937524,2000000.0,250.0,41,14,13,20194.7890625,-0.0008985039698640868,0.00023070197879365012,0.11755861872475673,0.0,41,14,13,20194.7890625,-0.0008985039698640868,0.00023070197879365012,22.905025925606086,0.0,41,27,26,24616.419921875,-0.006757864495739341,0.00030629221873823553,-0.04197584092617035,0.04197584092617035,0.0,0.0,0.0,0.0,0.0,0.0,0,0.045333587345347814,0.045333587345347814,0.0001
0.748,0.374748,0.00134576060197,1.34576060197,-0.057832113258484474,58.5725691213,0.09606773697099269,0.09606773697099269,-58.476501384329005,2000000.0,250.0,39,12,11,20167.7109375,-0.0008273398620854341,0.00024347453588451085,0.09606773697099269,0.0,39,12,11,20167.7109375,-0.0008273398620854341,0.00024347453588451085,23.098177650695245,0.0,39,27,26,24624.814453125,-0.0067938705906271935,0.0002984353923238814,-0.038265813142061234,0.038265813142061234,0.0,0.0,0.0,0.0,0.0,0.0,0,0.04539344881956781,0.04539344881956781,0.0001
0.75,0.37575,0.00128972652122,1.28972652122,-0.054122575204592294,56.3783964573,0.07993237062382502,0.07993237062382502,-56.29846408667618,2000000.0,250.0,39,12,11,20149.04296875,-0.0007626523378529912,0.00025555851120606654,0.07993237062382502,0.0,39,12,11,20149.04296875,-0.0007626523378529912,0.00025555851120606654,23.26901824960348,0.0,39,27,26,24909.40625,-0.006825214251875877,0.00029166380409151316,-0.034409329295158386,0.034409329295158386,0.0,0.0,0.0,0.0,0.0,0.0,0,0.04544948290031781,0.04544948290031781,0.0001
0.752,0.376752,0.00123729896126,1.23729896126,-0.05062224409680627,54.4435642666,0.06664542195108134,0.06664542195108134,-54.37691884464892,2000000.0,250.0,40,13,12,20135.248046875,-0.0007055817718145951,0.0004134587976014556,0.06664542195108134,0.0,40,13,12,20135.248046875,-0.0007055817718145951,0.0004134587976014556,23.40252851728534,0.0,40,27,26,24914.109375,-0.006849334808066487,0.00028669671155512333,-0.02645387500524521,0.02645387500524521,0.0,0.0,0.0,0.0,0.0,0.0,0,0.045501910460277815,0.045501910460277815,0.0001
0.754,0.377754,0.00118827954405,1.1882795440499998,-0.0473166774001994,52.7247811196,0.0557865407301958,0.0557865407301958,-52.66899457886981,2000000.0,250.0,41,13,12,20129.3828125,-0.000655366722066994,0.00040450714926162923,0.0557865407301958,0.0,41,13,12,20129.3828125,-0.000655366722066994,0.00040450714926162923,23.501680872872544,0.0,41,28,27,24904.341796875,-0.006866949377581477,0.00028303808358032256,-0.02010241150856018,0.02010241150856018,0.0,0.0,0.0,0.0,0.0,0.0,0,0.045550929877487815,0.045550929877487815,0.0001
0.756,0.378756,0.00114247633975,1.14247633975,-0.04420293141217546,51.1619301521,0.04711258210822342,0.04711258210822342,-51.11481756999177,2000000.0,250.0,42,13,12,20118.884765625,-0.0006106412087470703,0.000395268723318902,0.04711258210822342,0.0,42,13,12,20118.884765625,-0.0006106412087470703,0.000395268723318902,23.576862281209,0.0,42,29,27,44932.30859375,-0.00688014249317348,0.00028028122324030846,-0.015277986414730549,0.015277986414730549,0.0,0.0,0.0,0.0,0.0,0.0,0,0.04559673308178781,0.04559673308178781,0.0001
0.758,0.379758,0.0010996968695,1.0996968695,-0.04128274970059875,49.7896660005,0.03994353776305158,0.03994353776305158,-49.74972246273695,2000000.0,250.0,41,12,11,20107.7578125,-0.0005704559974613471,0.00038592646452040996,0.03994353776305158,0.0,41,12,11,20107.7578125,-0.0005704559974613471,0.00038592646452040996,23.634278220079906,0.0,41,29,28,25151.4453125,-0.006890119984745979,0.0002781962975859642,-0.011603832244873047,0.011603832244873047,0.0,0.0,0.0,0.0,0.0,0.0,0,0.04563951255203782,0.04563951255203782,0.0001
0.76,0.38076,0.00105974570935,1.05974570935,-0.03855551072355279,48.5382985313,0.03436968080875608,0.03436968080875608,-48.50392885049124,2000000.0,250.0,40,12,10,40095.46875,-0.0005341358005699071,0.0003766115499454492,0.03436968080875608,0.0,40,12,10,40095.46875,-0.0005341358005699071,0.0003766115499454492,23.67775192661407,0.0,40,28,27,25174.603515625,-0.006897653453052044,0.00027662374486681074,-0.008802743628621101,0.008802743628621101,0.0,0.0,0.0,0.0,0.0,0.0,0,0.04567946371218781,0.04567946371218781,0.0001
0.762,0.381762,0.00102243162601,1.02243162601,-0.03601460869610762,47.3556767472,0.029776920957298753,0.029776920957298753,-47.325899826242704,2000000.0,250.0,38,9,8,20082.994140625,-0.0005011564507226215,0.00036740538517649607,0.029776920957298753,0.0,38,9,8,20082.994140625,-0.0005011564507226215,0.00036740538517649607,23.71088964978557,0.0,38,29,28,25156.28515625,-0.006903320783749223,0.0002754422166617587,-0.006667152047157288,0.006667152047157288,0.0,0.0,0.0,0.0,0.0,0.0,0,0.04571677779552782,0.04571677779552782,0.0001
0.764,0.382764,0.000987572433523,0.987572433523,-0.03365159486576841,46.2991169993,0.025733435281641116,0.025733435281641116,-46.27338356401835,2000000.0,250.0,39,10,9,20071.513671875,-0.0004727587853974903,0.0003583730545624747,0.025733435281641116,0.0,39,10,9,20071.513671875,-0.0004727587853974903,0.0003583730545624747,23.735773836573347,0.0,39,29,28,25188.685546875,-0.006907558534294367,0.0002745612437138334,-0.005033683963119984,0.005033683963119984,0.0,0.0,0.0,0.0,0.0,0.0,0,0.045751636988014814,0.045751636988014814,0.0001
0.766,0.383766,0.000954993829899,0.9549938298990001,-0.0314570551711576,45.3806061425,0.02212580381901652,0.02212580381901652,-45.358480338680984,2000000.0,250.0,40,11,10,20067.451171875,-0.0004490687683741945,0.00034954261447317503,0.02212580381901652,0.0,40,11,10,20067.451171875,-0.0004490687683741945,0.00034954261447317503,23.75424591385098,0.0,40,29,28,25155.759765625,-0.006910701747983694,0.0002739098417805508,-0.003785909153521061,0.003785909153521061,0.0,0.0,0.0,0.0,0.0,0.0,0,0.04578421559163882,0.04578421559163882,0.0001
0.768,0.384768,0.00092453249496,0.92453249496,-0.02941707796606774,44.5495508406,0.018863437019189425,0.018863437019189425,-44.53068740358081,2000000.0,250.0,38,9,9,57.93061447143555,-0.00042530043063167267,-5.1368328091445925e-05,0.018863437019189425,0.0,38,9,9,57.93061447143555,-0.00042530043063167267,-5.1368328091445925e-05,23.76797720064005,0.0,38,29,28,25156.30859375,-0.006913007004186511,0.0002734342706389725,-0.002832732629030943,0.002832732629030943,0.0,0.0,0.0,0.0,0.0,0.0,0,0.04581467692657781,0.04581467692657781,0.0001
0.77,0.38577,0.000896042005655,0.896042005655,-0.02751344168712566,43.7881493787,0.01565378706254836,0.01565378706254836,-43.77249559163745,2000000.0,250.0,37,9,9,53.67823791503906,-0.00040701076769404654,-2.698855645541856e-05,0.01565378706254836,0.0,37,9,9,53.67823791503906,-0.00040701076769404654,-2.698855645541856e-05,23.777723053007804,0.0,37,28,27,25178.32421875,-0.006914662895724177,0.0002730952255660668,-0.0021051974035799503,0.0021051974035799503,0.0,0.0,0.0,0.0,0.0,0.0,0,0.04584316741588282,0.04584316741588282,0.0001
0.772,0.386772,0.000869395557819,0.869395557819,-0.02572959206087816,43.1268983392,0.01340719379869849,0.01340719379869849,-43.1134911454013,2000000.0,250.0,38,9,9,48.99536895751953,-0.00039000179039494487,-4.5060202737206775e-06,0.01340719379869849,0.0,38,9,9,48.99536895751953,-0.00039000179039494487,-4.5060202737206775e-06,23.784621263522226,0.0,38,29,28,25156.939453125,-0.0069158251862972975,0.00027285958640277386,-0.0015504113398492336,0.0015504113398492336,0.0,0.0,0.0,0.0,0.0,0.0,0,0.045869813863718814,0.045869813863718814,0.0001
0.774,0.387774,0.000844479903165,0.844479903165,-0.024052906946107677,42.5779316521,0.011648302251056699,0.011648302251056699,-42.566283349848945,2000000.0,250.0,38,9,8,20042.68359375,-0.0003741636573217494,1.6256963923051704e-05,0.011648302251056699,0.0,38,9,8,20042.68359375,-0.0003741636573217494,1.6256963923051704e-05,23.7892671482334,0.0,38,29,28,25157.115234375,-0.006916615413501859,0.00027270209102425724,-0.001128857722505927,0.001128857722505927,0.0,0.0,0.0,0.0,0.0,0.0,0,0.04589472951837281,0.04589472951837281,0.0001
0.776,0.388776,0.000821193532299,0.821193532299,-0.022473086083832305,42.1229380166,0.01032837711406772,0.01032837711406772,-42.11260963948593,2000000.0,250.0,38,9,8,20040.24609375,-0.0003594231259636399,3.54548618093772e-05,0.01032837711406772,0.0,38,9,8,20040.24609375,-0.0003594231259636399,3.54548618093772e-05,23.79221876450784,0.0,38,29,28,25157.2265625,-0.006917113205417991,0.00027260590286459774,-0.0008067074231803417,0.0008067074231803417,0.0,0.0,0.0,0.0,0.0,0.0,0,0.045918015889238814,0.045918015889238814,0.0001
0.778,0.389778,0.000799443838653,0.799443838653,-0.020982317827844266,41.7186584588,0.009172358999146257,0.009172358999146257,-41.709486099800856,2000000.0,250.0,38,9,8,20038.61328125,-0.000345684949987074,5.323022097650232e-05,0.009172358999146257,0.0,38,9,8,20038.61328125,-0.000345684949987074,5.323022097650232e-05,23.793861634097418,0.0,38,29,28,25157.296875,-0.0069173884112387896,0.0002725568920141086,-0.0005607395432889462,0.0005607395432889462,0.0,0.0,0.0,0.0,0.0,0.0,0,0.04593976558288482,0.04593976558288482,0.0001
0.78,0.39078,0.000779144967372,0.7791449673719999,-0.01957918391916158,41.3600335473,0.008140679899590284,0.008140679899590284,-41.35189286740041,2000000.0,250.0,38,9,8,20036.421875,-0.00033289677397058126,6.968999584007485e-05,0.008140679899590284,0.0,38,9,8,20036.421875,-0.00033289677397058126,6.968999584007485e-05,23.794568110679997,0.0,38,29,28,25159.435546875,-0.006917498307302594,0.00027254199085291475,-0.00037318625254556537,0.00037318625254556537,0.0,0.0,0.0,0.0,0.0,0.0,0,0.04596006445416582,0.04596006445416582,0.0001
0.782,0.391782,0.000760207154079,0.7602071540790001,-0.01827378696806381,41.0472837599,0.007208391157931531,0.007208391157931531,-41.040075368742066,2000000.0,250.0,38,9,8,20034.25,-0.00032098752354601384,8.492898957038371e-05,0.007208391157931531,0.0,38,9,8,20034.25,-0.00032098752354601384,8.492898957038371e-05,23.794392874196717,0.0,38,29,28,25157.33203125,-0.006917467107996345,0.00027255680470261723,-0.00023390122805722058,0.00023390122805722058,0.0,0.0,0.0,0.0,0.0,0.0,0,0.04597900226745882,0.04597900226745882,0.0001
0.784,0.392784,0.000742524298288,0.742524298288,-0.01708075215768462,40.7425982398,0.006387203248817797,0.006387203248817797,-40.73621103655118,2000000.0,250.0,38,9,8,20032.208984375,-0.00030986021896917126,9.910597462432693e-05,0.006387203248817797,0.0,38,9,8,20032.208984375,-0.00030986021896917126,9.910597462432693e-05,23.79386688921013,0.0,38,29,28,25157.298828125,-0.006917388876900077,0.0002725732192629948,-0.00022461145999841392,0.00022461145999841392,0.0,0.0,0.0,0.0,0.0,0.0,0,0.045996685123249816,0.045996685123249816,0.0001
0.786,0.393786,0.000725977326755,0.7259773267549999,-0.016002360668663063,40.4576944701,0.005713306282990654,0.005713306282990654,-40.45198116381701,2000000.0,250.0,38,9,8,20030.57421875,-0.000299398177820806,0.0001676171529738854,0.005713306282990654,0.0,38,9,8,20030.57421875,-0.000299398177820806,0.0001676171529738854,23.793692796960045,0.0,38,29,28,25157.296875,-0.006917356513440609,0.0002725771482801065,-0.00025871535763144493,0.00025871535763144493,0.0,0.0,0.0,0.0,0.0,0.0,0,0.046013232094782815,0.046013232094782815,0.0001
0.788,0.394788,0.000710455567508,0.710455567508,-0.015026119402195892,40.1963924624,0.005141363470123179,0.005141363470123179,-40.191251098929875,2000000.0,250.0,38,9,8,20030.5,-0.0002895846111912112,0.00017281943312039139,0.005141363470123179,0.0,38,9,8,20030.5,-0.0002895846111912112,0.00017281943312039139,23.793296376632114,0.0,38,29,28,25159.38671875,-0.006917285965755582,0.0002726029488258064,-0.0003475109115242958,0.0003475109115242958,0.0,0.0,0.0,0.0,0.0,0.0,0,0.04602875385402982,0.04602875385402982,0.0001
0.79,0.39579,0.000695864983473,0.695864983473,-0.014133909405189604,39.9772000229,0.004824107230732712,0.004824107230732712,-39.97237591566927,2000000.0,250.0,37,9,8,20028.703125,-0.00026859384979709654,0.00023802869758247913,0.004824107230732712,0.0,37,9,8,20028.703125,-0.00026859384979709654,0.00023802869758247913,23.79203820519505,0.0,37,28,27,25178.884765625,-0.006917074555531144,0.00027266115648671985,-0.00043164403177797794,0.00043164403177797794,0.0,0.0,0.0,0.0,0.0,0.0,0,0.046043344438064814,0.046043344438064814,0.0001
0.792,0.396792,0.00068213121306,0.68213121306,-0.013312468391716514,39.7941293102,0.004268950757303623,0.004268950757303623,-39.7898603594427,2000000.0,250.0,38,9,8,20027.240234375,-0.00024427308242212786,0.00024795175622967236,0.004268950757303623,0.0,38,9,8,20027.240234375,-0.00024427308242212786,0.00024795175622967236,23.789936960655005,0.0,38,29,28,25157.158203125,-0.006916717393323779,0.00027275329921394587,-0.0005120511050336063,0.0005120511050336063,0.0,0.0,0.0,0.0,0.0,0.0,0,0.04605707820847781,0.04605707820847781,0.0001
0.794,0.397794,0.000669186796816,0.669186796816,-0.012551167076347236,39.6063926203,0.0037914938420518284,0.0037914938420518284,-39.60260112645795,2000000.0,250.0,37,9,8,20025.734375,-0.00022153206897064515,0.00025709472533898964,0.0037914938420518284,0.0,37,9,8,20025.734375,-0.00022153206897064515,0.00025709472533898964,23.78693800981153,0.0,37,28,27,25178.701171875,-0.00691620446741581,0.00027288122510071844,-0.0005897406954318285,0.0005897406954318285,0.0,0.0,0.0,0.0,0.0,0.0,0,0.04607002262472182,0.04607002262472182,0.0001
0.796,0.398796,0.000656978674239,0.656978674239,-0.01183873155838322,39.3706689776,0.0033620879255036535,0.0033620879255036535,-39.367306889674495,2000000.0,250.0,38,9,8,20025.09375,-0.00020031345832967513,0.00026552224886993575,0.0033620879255036535,0.0,38,9,8,20025.09375,-0.00020031345832967513,0.00026552224886993575,23.783079228832246,0.0,38,29,28,25156.908203125,-0.0069155462551862,0.0002730426349444315,-0.0006652110605500638,0.0006652110605500638,0.0,0.0,0.0,0.0,0.0,0.0,0,0.046082230747298815,0.046082230747298815,0.0001
0.798,0.399798,0.000645461978773,0.645461978773,-0.011171619168662661,39.1573848706,0.003023669369759753,0.003023669369759753,-39.15436120123024,2000000.0,250.0,38,9,8,20024.017578125,-0.0001805196252462702,0.0002732849087138528,0.003023669369759753,0.0,38,9,8,20024.017578125,-0.0001805196252462702,0.0002732849087138528,23.778228851620653,0.0,38,29,28,25156.734375,-0.006914719473570585,0.0002732427092269063,-0.0007390652899630368,0.0007390652899630368,0.0,0.0,0.0,0.0,0.0,0.0,0,0.046093747442764815,0.046093747442764815,0.0001
0.8,0.4008,0.000634590749425,0.634590749425,-0.01054045254491015,39.0177251335,0.0027469588807811445,0.0027469588807811445,-39.014978174619216,2000000.0,250.0,35,7,6,20021.1171875,-0.00016640297314892208,0.00028043575634775775,0.0027469588807811445,0.0,35,7,6,20021.1171875,-0.00016640297314892208,0.00028043575634775775,23.772433504146385,0.0,35,28,27,25178.177734375,-0.006913730408996344,0.00027348015282768756,-0.0008117121760733426,0.0008117121760733426,0.0,0.0,0.0,0.0,0.0,0.0,0,0.04610461867211282,0.04610461867211282,0.0001
0.802,0.401802,0.000624338911873,0.624338911873,-0.009932776006486954,38.8896327626,0.0024857587202951007,0.0024857587202951007,-38.887147003879704,2000000.0,250.0,36,7,6,20020.49609375,-0.000155856408722118,0.00028700468258809064,0.0024857587202951007,0.0,36,7,6,20020.49609375,-0.000155856408722118,0.00028700468258809064,23.76570714623867,0.0,36,29,28,25189.87109375,-0.00691258767619729,0.00027375289937481284,-0.0008833445026539266,0.0008833445026539266,0.0,0.0,0.0,0.0,0.0,0.0,0,0.04611487050966481,0.04611487050966481,0.0001
0.804,0.402804,0.000614685466308,0.614685466308,-0.009355239627245493,38.7802304731,0.0021961940743923125,0.0021961940743923125,-38.778034279025604,2000000.0,250.0,36,7,6,20019.39453125,-0.0001461301849303171,0.000293021880505423,0.0021961940743923125,0.0,36,7,6,20019.39453125,-0.0001461301849303171,0.000293021880505423,23.75783820851908,0.0,36,29,28,25189.560546875,-0.006911269389092922,0.0002740654308581725,-0.0009542317129671574,0.0009542317129671574,0.0,0.0,0.0,0.0,0.0,0.0,0,0.04612452395522981,0.04612452395522981,0.0001
0.806,0.403806,0.00060559101166,0.60559101166,-0.00882155012025948,38.6855439236,0.001973327117515212,0.001973327117515212,-38.68357059648248,2000000.0,250.0,36,7,6,20018.65625,-0.00013717898160912727,0.0002985207206309265,0.001973327117515212,0.0,36,7,6,20018.65625,-0.00013717898160912727,0.0002985207206309265,23.749230306715866,0.0,36,29,28,25155.654296875,-0.006909796269610524,0.0002744135563261807,-0.0010246459860354662,0.0010246459860354662,0.0,0.0,0.0,0.0,0.0,0.0,0,0.046133618409877813,0.046133618409877813,0.0001
0.808,0.404808,0.000597007079867,0.5970070798670001,-0.008341119850299339,38.5961866116,0.001771237207996569,0.001771237207996569,-38.594415374392,2000000.0,250.0,37,8,7,20017.390625,-0.000130114280698701,0.0003035553791571541,0.001771237207996569,0.0,37,8,7,20017.390625,-0.000130114280698701,0.0003035553791571541,23.73957415160387,0.0,37,29,28,25155.294921875,-0.006908154580742121,0.00027480022981762886,-0.0010945841204375029,0.0010945841204375029,0.0,0.0,0.0,0.0,0.0,0.0,0,0.04614220234167082,0.04614220234167082,0.0001
0.81,0.40581,0.00058887540748,0.58887540748,-0.007923810419161681,38.5119669726,0.0015908381820647017,0.0015908381820647017,-38.51037613441793,2000000.0,250.0,37,8,7,20016.646484375,-0.0001236250200043268,0.00030816919767995277,0.0015908381820647017,0.0,37,8,7,20016.646484375,-0.0001236250200043268,0.00030816919767995277,23.729014940905365,0.0,37,29,28,25157.056640625,-0.006906340131536126,0.00027522660093382,-0.0011641873279586434,0.0011641873279586434,0.0,0.0,0.0,0.0,0.0,0.0,0,0.04615033401405782,0.04615033401405782,0.0001
0.812,0.406812,0.000581127763787,0.5811277637869999,-0.007565607814870257,38.4118785219,0.0014367229105954654,0.0014367229105954654,-38.4104417989894,2000000.0,250.0,37,8,7,20016.0078125,-0.0001176149375970853,0.00031241264326123397,0.0014367229105954654,0.0,37,8,7,20016.0078125,-0.0001176149375970853,0.00031241264326123397,23.71736002801905,0.0,37,29,28,25154.4765625,-0.006904368754476309,0.0002756886387942359,-0.0012335047358646989,0.0012335047358646989,0.0,0.0,0.0,0.0,0.0,0.0,0,0.046158081657750816,0.046158081657750816,0.0001
0.814,0.407814,0.000573713929419,0.573713929419,-0.007242654516466995,38.2880424378,0.0013031433512778962,0.0013031433512778962,-38.28673929444872,2000000.0,250.0,37,8,7,20015.447265625,-0.00011204244953355591,0.00031633053411277146,0.0013031433512778962,0.0,37,8,7,20015.447265625,-0.00011204244953355591,0.00031633053411277146,23.704927040222437,0.0,37,29,28,25187.685546875,-0.006902223220095038,0.0002761904470389709,-0.001302640070207417,0.001302640070207417,0.0,0.0,0.0,0.0,0.0,0.0,0,0.04616549549211882,0.04616549549211882,0.0001
0.816,0.408816,0.000566613484136,0.5666134841360001,-0.00693761302894208,38.1942630599,0.0011825639302000786,0.0011825639302000786,-38.1930804959698,2000000.0,250.0,36,8,7,20014.900390625,-0.00010688000768384331,0.0003199346036730777,0.0011825639302000786,0.0,36,8,7,20014.900390625,-0.00010688000768384331,0.0003199346036730777,23.691347397327938,0.0,36,28,27,25175.208984375,-0.0068999226205050945,0.0002767276455415413,-0.0013716864632442594,0.0013716864632442594,0.0,0.0,0.0,0.0,0.0,0.0,0,0.04617259593740181,0.04617259593740181,0.0001
0.818,0.409818,0.000559810952909,0.559810952909,-0.006653889472055863,38.121068823,0.0010750605389433638,0.0010750605389433638,-38.11999376246106,2000000.0,250.0,36,8,7,20014.37890625,-0.00010211349909237943,0.0003232461693623914,0.0010750605389433638,0.0,36,8,7,20014.37890625,-0.00010211349909237943,0.0003232461693623914,23.677041348562714,0.0,36,28,27,25174.724609375,-0.006897446932271123,0.00027730478905141354,-0.0014406037516891956,0.0014406037516891956,0.0,0.0,0.0,0.0,0.0,0.0,0,0.04617939846862881,0.04617939846862881,0.0001
0.82,0.41082,0.000553279089634,0.5532790896340001,-0.006396444308383209,38.0548043527,0.0009794868874011713,0.0009794868874011713,-38.0538248658126,2000000.0,250.0,36,8,7,20013.888671875,-9.772169357501193e-05,0.00032628101216686245,0.0009794868874011713,0.0,36,8,7,20013.888671875,-9.772169357501193e-05,0.00032628101216686245,23.661882125698476,0.0,36,28,27,25174.22265625,-0.00689481059089303,0.0002779188216663897,-0.0015094277914613485,0.0015094277914613485,0.0,0.0,0.0,0.0,0.0,0.0,0,0.04618593033190382,0.04618593033190382,0.0001
0.822,0.411822,0.000546992478515,0.546992478515,-0.006154490495509035,37.9938927164,0.000894398112649692,0.000894398112649692,-37.99299831828735,2000000.0,250.0,36,8,7,20013.42578125,-9.367695393759645e-05,0.00032906780166197525,0.000894398112649692,0.0,36,8,7,20013.42578125,-9.367695393759645e-05,0.00032906780166197525,23.64567555763516,0.0,36,28,27,25173.677734375,-0.006891998229548335,0.00027857285749632865,-0.0015782073605805635,0.0015782073605805635,0.0,0.0,0.0,0.0,0.0,0.0,0,0.046192216943022814,0.046192216943022814,0.0001
0.824,0.412824,0.000540945490681,0.540945490681,-0.005911960360279467,37.9338539264,0.0008185028522324494,0.0008185028522324494,-37.933035423547764,2000000.0,250.0,37,8,7,20013.4765625,-8.997177302311199e-05,0.0003316044666525353,0.0008185028522324494,0.0,37,8,7,20013.4765625,-8.997177302311199e-05,0.0003316044666525353,23.628654612311777,0.0,37,29,28,25151.4375,-0.006889031268656254,0.0002792622981360182,-0.0016468532849103212,0.0016468532849103212,0.0,0.0,0.0,0.0,0.0,0.0,0,0.04619826393085682,0.04619826393085682,0.0001
0.826,0.413826,0.000535144909953,0.535144909953,-0.005667208397205692,37.8287087499,0.0007520877816550139,0.0007520877816550139,-37.827956662118346,2000000.0,250.0,36,8,7,20013.076171875,-8.660729344450724e-05,0.00033428200105112965,0.0007520877816550139,0.0,36,8,7,20013.076171875,-8.660729344450724e-05,0.00033428200105112965,23.61090836428827,0.0,36,28,26,44943.12109375,-0.006885915994644165,0.0002799815993057564,-0.0017971640918403864,0.0017971640918403864,0.0,0.0,0.0,0.0,0.0,0.0,0,0.04620406451158481,0.04620406451158481,0.0001
0.828,0.414828,0.000529588405053,0.5295884050530001,-0.005432593604291547,37.6919697704,0.0006953602573921049,0.0006953602573921049,-37.69127441014261,2000000.0,250.0,36,8,7,20012.751953125,-8.353631751000651e-05,0.0003374828789152115,0.0006953602573921049,0.0,36,8,7,20012.751953125,-8.353631751000651e-05,0.0003374828789152115,23.592555945352238,0.0,36,28,26,44921.71875,-0.006882699206471443,0.0002807239652611315,-0.0019562074448913336,0.0019562074448913336,0.0,0.0,0.0,0.0,0.0,0.0,0,0.04620962101648481,0.04620962101648481,0.0001
0.83,0.41583,0.00052425799237,0.5242579923699999,-0.005222960053393233,37.6183326552,0.0006489583447547981,0.0006489583447547981,-37.617683696855245,2000000.0,250.0,37,8,7,20012.51953125,-8.077268717185393e-05,0.00034036641348769714,0.0006489583447547981,0.0,37,8,7,20012.51953125,-8.077268717185393e-05,0.00034036641348769714,23.573482599181265,0.0,37,29,27,44932.43359375,-0.006879370426759124,0.0002814932959154248,-0.0020985736045986414,0.0020985736045986414,0.0,0.0,0.0,0.0,0.0,0.0,0,0.046214951429167817,0.046214951429167817,0.0001
0.832,0.416832,0.000519121593106,0.5191215931059999,-0.005047913664171622,37.6172892946,0.0006080267100772111,0.0006080267100772111,-37.61668126788992,2000000.0,250.0,36,8,7,20012.3046875,-7.828670268508753e-05,0.00034295811061480636,0.0006080267100772111,0.0,36,8,7,20012.3046875,-7.828670268508753e-05,0.00034295811061480636,23.553846620963128,0.0,36,28,27,24905.265625,-0.006875909166410565,0.00028229378222022206,-0.0022281960118561983,0.0022281960118561983,0.0,0.0,0.0,0.0,0.0,0.0,0,0.046220087828431816,0.046220087828431816,0.0001
0.834,0.417834,0.000514141973387,0.514141973387,-0.00490335438972056,37.6042289237,0.0005716991407425144,0.0005716991407425144,-37.60365722455926,2000000.0,250.0,36,8,7,20012.103515625,-7.603914109403226e-05,0.0003452936828839681,0.0005716991407425144,0.0,36,8,7,20012.103515625,-7.603914109403226e-05,0.0003452936828839681,23.533362807282526,0.0,36,28,27,24930.8984375,-0.006872299825772643,0.0002831284509738907,-0.0023480032104998827,0.0023480032104998827,0.0,0.0,0.0,0.0,0.0,0.0,0,0.04622506744815082,0.04622506744815082,0.0001
0.836,0.418836,0.000509295270909,0.509295270909,-0.004774040949600822,37.528928782,0.0005396988414957586,0.0005396988414957586,-37.52838908315851,2000000.0,250.0,36,8,7,20011.919921875,-7.402800525435627e-05,0.0003473808498930045,0.0005396988414957586,0.0,36,8,7,20011.919921875,-7.402800525435627e-05,0.0003473808498930045,23.51194721964231,0.0,36,28,27,24903.62109375,-0.006868543568998575,0.0002839976077666506,-0.0024603470228612423,0.0024603470228612423,0.0,0.0,0.0,0.0,0.0,0.0,0,0.04622991415062881,0.04622991415062881,0.0001
0.838,0.419838,0.000504574795324,0.504574795324,-0.004648977332335297,37.4346091521,0.0005115131834295798,0.0005115131834295798,-37.43409763891657,2000000.0,250.0,34,7,6,20010.46484375,-7.225336882557554e-05,0.00034923122497516196,0.0005115131834295798,0.0,34,7,6,20010.46484375,-7.225336882557554e-05,0.00034923122497516196,23.489832693151982,0.0,34,27,26,24917.73828125,-0.006864625960588455,0.00028490419208537787,-0.002566977869719267,0.002566977869719267,0.0,0.0,0.0,0.0,0.0,0.0,0,0.046234634626213814,0.046234634626213814,0.0001
0.84,0.42084,0.000499978720335,0.49997872033499996,-0.0045285258013971486,37.3641651983,0.0004876148571247744,0.0004876148571247744,-37.36367758344288,2000000.0,250.0,35,7,6,20010.30078125,-7.070387674406459e-05,0.00035083866363838645,0.0004876148571247744,0.0,35,7,6,20010.30078125,-7.070387674406459e-05,0.00035083866363838645,23.466701667994638,0.0,35,28,27,24903.337890625,-0.006860539549961686,0.00028584926621988416,-0.002669192384928465,0.002669192384928465,0.0,0.0,0.0,0.0,0.0,0.0,0,0.04623923070120282,0.04623923070120282,0.0001
0.842,0.421842,0.000495499629618,0.49549962961800004,-0.004419206599301367,37.3087487051,0.00046759189653006335,0.00046759189653006335,-37.30828111320347,2000000.0,250.0,35,7,6,20010.16015625,-6.938958876095969e-05,0.0003520789235756591,0.00046759189653006335,0.0,35,7,6,20010.16015625,-6.938958876095969e-05,0.0003520789235756591,23.442912689863782,0.0,35,28,27,24927.494140625,-0.006856297608464956,0.0002868304873118177,-0.0027680983766913414,0.0027680983766913414,0.0,0.0,0.0,0.0,0.0,0.0,0,0.046243709791919815,0.046243709791919815,0.0001
0.844,0.422844,0.00049112263031,0.49112263031000003,-0.004324061653692618,37.2378152954,0.0004510674148012043,0.0004510674148012043,-37.237364227985196,2000000.0,250.0,34,7,6,20010.04296875,-6.82954540405234e-05,0.0003529620732069666,0.0004510674148012043,0.0,34,7,6,20010.04296875,-6.82954540405234e-05,0.0003529620732069666,23.418106702901312,0.0,34,27,26,24915.0625,-0.0068518666084855795,0.0002878549275919795,-0.002864536829292774,0.002864536829292774,0.0,0.0,0.0,0.0,0.0,0.0,0,0.04624808679122781,0.04624808679122781,0.0001
0.846,0.423846,0.000486834210064,0.486834210064,-0.0042388975049900135,37.1684133487,0.0004377921069215241,0.0004377921069215241,-37.16797555659308,2000000.0,250.0,34,7,6,20009.9375,-6.740503268495845e-05,0.00035367883306543224,0.0004377921069215241,0.0,34,7,6,20009.9375,-6.740503268495845e-05,0.00035367883306543224,23.392521182716727,0.0,34,27,26,24914.1484375,-0.006847272627055645,0.00028891679539810866,-0.002959005767479539,0.002959005767479539,0.0,0.0,0.0,0.0,0.0,0.0,0,0.046252375211473816,0.046252375211473816,0.0001
0.848,0.424848,0.00048262787971,0.48262787971,-0.004157735407684632,37.1147890075,0.00042753873550377874,0.00042753873550377874,-37.1143614687645,2000000.0,250.0,35,7,6,20009.85546875,-6.671339972415258e-05,0.00035423114784806364,0.00042753873550377874,0.0,35,7,6,20009.85546875,-6.671339972415258e-05,0.00035423114784806364,23.3659007646691,0.0,35,28,27,24898.2109375,-0.006842496572062373,0.00029002023802604526,-0.0030521501321345568,0.0030521501321345568,0.0,0.0,0.0,0.0,0.0,0.0,0,0.04625658154182782,0.04625658154182782,0.0001
0.85,0.42585,0.000478502108307,0.47850210830699996,-0.004077095674151682,37.0923912225,0.0004195248464044752,0.0004195248464044752,-37.09197169765359,2000000.0,250.0,33,6,5,20008.6328125,-6.622904843910093e-05,0.00035462726237714404,0.0004195248464044752,0.0,33,6,5,20008.6328125,-6.622904843910093e-05,0.00035462726237714404,23.3385596192672,0.0,33,27,26,24912.26171875,-0.006837537512183189,0.0002911659685196355,-0.003144252812489867,0.003144252812489867,0.0,0.0,0.0,0.0,0.0,0.0,0,0.046260707313230814,0.046260707313230814,0.0001
0.852,0.426852,0.000474457379979,0.474457379979,-0.003997019711077826,37.0571752592,0.0004152871967322189,0.0004152871967322189,-37.05675997200327,2000000.0,250.0,34,6,5,20008.59375,-6.594341244144791e-05,0.00035485543318480167,0.0004152871967322189,0.0,34,6,5,20008.59375,-6.594341244144791e-05,0.00035485543318480167,23.310315742726306,0.0,34,28,27,24922.884765625,-0.006832401966676116,0.0002923518040915951,-0.0032356763258576393,0.0032356763258576393,0.0,0.0,0.0,0.0,0.0,0.0,0,0.04626475204155882,0.04626475204155882,0.0001
0.854,0.427854,0.000470492080806,0.470492080806,-0.003922078422155667,36.9860601504,0.000414066725824595,0.000414066725824595,-36.985646083674176,2000000.0,250.0,34,6,5,20008.583984375,-6.58660614773765e-05,0.0003549144227620732,0.000414066725824595,0.0,34,6,5,20008.583984375,-6.58660614773765e-05,0.0003549144227620732,23.28107920501408,0.0,34,28,27,24895.3203125,-0.006827083881944418,0.0002935794909717515,-0.003326607868075371,0.003326607868075371,0.0,0.0,0.0,0.0,0.0,0.0,0,0.04626871734073182,0.04626871734073182,0.0001
0.856,0.428856,0.000466597534821,0.466597534821,-0.0038560635583831937,36.9094721442,0.0004155933636501487,0.0004155933636501487,-36.909056550836354,2000000.0,250.0,34,6,5,20008.59375,-6.59787889509128e-05,0.0003548272425221641,0.0004155933636501487,0.0,34,6,5,20008.59375,-6.59787889509128e-05,0.0003548272425221641,23.25092106706576,0.0,34,28,27,24920.904296875,-0.00682158931158483,0.0002948476030724123,-0.003417240921407938,0.003417240921407938,0.0,0.0,0.0,0.0,0.0,0.0,0,0.046272611886716816,0.046272611886716816,0.0001
0.858,0.429858,0.000462764529435,0.462764529435,-0.003798921997504978,36.8306485165,0.0004172737316142121,0.0004172737316142121,-36.830231242768384,2000000.0,250.0,34,6,5,20008.61328125,-6.605380732134514e-05,0.00035476930057154465,0.0004172737316142121,0.0,34,6,5,20008.61328125,-6.605380732134514e-05,0.00035476930057154465,23.221543306213302,0.0,34,28,26,44650.8515625,-0.006816195324063301,0.0002959991106763482,-0.004780064802616835,0.004780064802616835,0.0,0.0,0.0,0.0,0.0,0.0,0,0.046276444892102815,0.046276444892102815,0.0001
0.86,0.43086,0.000458984495138,0.458984495138,-0.0037500350394211734,36.7703342151,0.0003990530762226892,0.0003990530762226892,-36.76993516202378,2000000.0,250.0,33,6,5,20008.4765625,-6.469324386073477e-05,0.00035586028756029453,0.0003990530762226892,0.0,33,6,5,20008.4765625,-6.469324386073477e-05,0.00035586028756029453,23.203354602947517,0.0,33,27,25,44679.9609375,-0.006812888430431485,0.00029658182756975293,-0.007401015609502792,0.007401015609502792,0.0,0.0,0.0,0.0,0.0,0.0,0,0.04628022492639981,0.04628022492639981,0.0001
0.862,0.431862,0.000455249459216,0.45524945921599996,-0.0037072162509980133,36.7587410162,0.00035844506629202394,0.00035844506629202394,-36.75838257113371,2000000.0,250.0,34,6,5,20008.125,-6.171773875231906e-05,0.0003582521500538269,0.00035844506629202394,0.0,34,6,5,20008.125,-6.171773875231906e-05,0.0003582521500538269,23.198162866472096,0.0,34,28,26,44669.203125,-0.006811964325606823,0.0002966363826999441,-0.009859126061201096,0.009859126061201096,0.0,0.0,0.0,0.0,0.0,0.0,0,0.04628395996232181,0.04628395996232181,0.0001
0.864,0.432864,0.000451555233771,0.451555233771,-0.0036668880234532186,36.7375197375,0.0003028003037180753,0.0003028003037180753,-36.73721693719628,2000000.0,250.0,34,6,5,20007.6171875,-5.734649098879108e-05,0.0003617742796647172,0.0003028003037180753,0.0,34,6,5,20007.6171875,-5.734649098879108e-05,0.0003617742796647172,23.204260272348776,0.0,34,28,26,44650.046875,-0.0068131128791719675,0.00029623915906995535,-0.012111113406717777,0.012111113406717777,0.0,0.0,0.0,0.0,0.0,0.0,0,0.046287654187766814,0.046287654187766814,0.0001
0.866,0.433866,0.000447901015617,0.447901015617,-0.003627442800898273,36.6556971537,0.00024672245706377767,0.00024672245706377767,-36.65545043124293,2000000.0,250.0,34,6,5,20007.20703125,-5.1773770153640264e-05,0.00036624507847579646,0.00024672245706377767,0.0,34,6,5,20007.20703125,-5.1773770153640264e-05,0.00036624507847579646,23.220118713726556,0.0,34,28,26,44650.65625,-0.006816045381128788,0.0002954538067569956,-0.014183142222464085,0.014183142222464085,0.0,0.0,0.0,0.0,0.0,0.0,0,0.046291308405920814,0.046291308405920814,0.0001
0.868,0.434868,0.000444285838398,0.444285838398,-0.0035915570688622445,36.570557538,0.00020550117890557332,0.00020550117890557332,-36.5703520368211,2000000.0,250.0,34,6,5,20007.373046875,-4.542704309154488e-05,0.0003713390295671179,0.00020550117890557332,0.0,34,6,5,20007.373046875,-4.542704309154488e-05,0.0003713390295671179,23.242727433266392,0.0,34,28,27,24893.89453125,-0.006820173934102058,0.00029453448951244354,-0.013745589181780815,0.013745589181780815,0.0,0.0,0.0,0.0,0.0,0.0,0,0.046294923583139816,0.046294923583139816,0.0001
0.87,0.43587,0.000440703535251,0.44070353525100003,-0.0035637635094810383,36.4893834483,0.00017648153177558275,0.00017648153177558275,-36.48920696676823,2000000.0,250.0,33,6,5,20007.67578125,-4.055423323695573e-05,0.000375254594793345,0.00017648153177558275,0.0,33,6,5,20007.67578125,-4.055423323695573e-05,0.000375254594793345,23.254632456540108,0.0,33,27,26,24909.337890625,-0.0068223278503865,0.0002942333376267925,-0.011520222760736942,0.011520222760736942,0.0,0.0,0.0,0.0,0.0,0.0,0,0.04629850588628682,0.04629850588628682,0.0001
0.872,0.436872,0.000437144056325,0.437144056325,-0.003543347144710579,36.3886459809,0.000158119084322509,0.000158119084322509,-36.388487861815676,2000000.0,250.0,34,6,5,20007.96875,-3.7390362687447776e-05,0.0003777888627594858,0.000158119084322509,0.0,34,6,5,20007.96875,-3.7390362687447776e-05,0.0003777888627594858,23.25313859571939,0.0,34,28,27,24894.3125,-0.0068220330867916346,0.00029444902611430734,-0.009835995733737946,0.009835995733737946,0.0,0.0,0.0,0.0,0.0,0.0,0,0.046302065365212815,0.046302065365212815,0.0001
0.874,0.437874,0.000433602667573,0.43360266757300003,-0.003524352800399172,36.2825760541,0.00014763739734774203,0.00014763739734774203,-36.28242841670265,2000000.0,250.0,34,6,5,20008.212890625,-3.55405014641208e-05,0.00037927055535026677,0.00014763739734774203,0.0,34,6,5,20008.212890625,-3.55405014641208e-05,0.00037927055535026677,23.24146771771832,0.0,34,28,27,24895.576171875,-0.006819880334660411,0.00029505394923035055,-0.008584946393966675,0.008584946393966675,0.0,0.0,0.0,0.0,0.0,0.0,0,0.04630560675396481,0.04630560675396481,0.0001
0.876,0.438876,0.000430081253313,0.430081253313,-0.0035039064975049827,36.1979453934,0.00014303123476564213,0.00014303123476564213,-36.197802362165234,2000000.0,250.0,34,6,5,20008.349609375,-3.4697866160803004e-05,0.00037994638653571916,0.00014303123476564213,0.0,34,6,5,20008.349609375,-3.4697866160803004e-05,0.00037994638653571916,23.22202870994733,0.0,34,28,26,44650.86328125,-0.00681629148311913,0.00029596476815640926,-0.007610400207340717,0.007610400207340717,0.0,0.0,0.0,0.0,0.0,0.0,0,0.046309128168224814,0.046309128168224814,0.0001
0.878,0.439878,0.000426580838952,0.426580838952,-0.003483538628243521,36.1445894184,0.00014366539942996012,0.00014366539942996012,-36.144445753000575,2000000.0,250.0,34,6,5,20008.349609375,-3.4770969246179784e-05,0.0003798881644986249,0.00014366539942996012,0.0,34,6,5,20008.349609375,-3.4770969246179784e-05,0.0003798881644986249,23.19568073143441,0.0,34,28,26,44650.65625,-0.006811429979279637,0.000297164820949547,-0.006654443219304085,0.006654443219304085,0.0,0.0,0.0,0.0,0.0,0.0,0,0.046312628582585814,0.046312628582585814,0.0001
0.88,0.44088,0.000423100241902,0.42310024190199996,-0.003462589644710551,36.108046534,0.00014944824965346275,0.00014944824965346275,-36.10789708575035,2000000.0,250.0,33,6,5,20008.22265625,-3.5751109983502005e-05,0.00037910304103083714,0.00014944824965346275,0.0,33,6,5,20008.22265625,-3.5751109983502005e-05,0.00037910304103083714,23.162510068195548,0.0,33,27,26,24648.56640625,-0.006805287906900048,0.00029865733813494444,-0.005698729306459427,0.005698729306459427,0.0,0.0,0.0,0.0,0.0,0.0,0,0.046316109179635814,0.046316109179635814,0.0001
0.882,0.441882,0.000419641809304,0.419641809304,-0.0034366144461077663,36.0475107813,0.00016047253738866297,0.00016047253738866297,-36.04735030876261,2000000.0,250.0,33,6,5,20008.0078125,-3.764355310303946e-05,0.0003775866018087687,0.00016047253738866297,0.0,33,6,5,20008.0078125,-3.764355310303946e-05,0.0003775866018087687,23.122588261466376,0.0,33,27,26,24667.916015625,-0.00679787783883512,0.0003004397149197757,-0.004743398167192936,0.004743398167192936,0.0,0.0,0.0,0.0,0.0,0.0,0,0.04631956761223382,0.04631956761223382,0.0001
0.884,0.442884,0.000416213266552,0.416213266552,-0.0034022428078842593,35.9561817031,0.00017687326699281948,0.00017687326699281948,-35.956004829833006,2000000.0,250.0,32,6,5,20007.744140625,-4.0443148931056105e-05,0.0003753475927026073,0.00017687326699281948,0.0,32,6,5,20007.744140625,-4.0443148931056105e-05,0.0003753475927026073,23.075896476816435,0.0,32,26,25,24676.568359375,-0.0067891941871494055,0.00030251288262661546,-0.003788537345826626,0.003788537345826626,0.0,0.0,0.0,0.0,0.0,0.0,0,0.046322996154985814,0.046322996154985814,0.0001
0.886,0.443886,0.000412823714717,0.41282371471699997,-0.0033618994970059657,35.838453974,0.00019898896364782342,0.00019898896364782342,-35.83825498503635,2000000.0,250.0,33,6,5,20007.5,-4.4175240372187896e-05,0.00037235285684894537,0.00019898896364782342,0.0,33,6,5,20007.5,-4.4175240372187896e-05,0.00037235285684894537,23.02253060156569,0.0,33,27,26,24644.650390625,-0.006779243471100926,0.00030487556068692356,-0.0028342963196337223,0.0028342963196337223,0.0,0.0,0.0,0.0,0.0,0.0,0,0.046326385706820815,0.046326385706820815,0.0001
0.888,0.444888,0.00040947601996,0.40947601996,-0.0033241275249500657,35.7395992987,0.00022700665480892835,0.00022700665480892835,-35.73937229204519,2000000.0,250.0,33,6,5,20007.275390625,-4.8836399647408935e-05,0.00036861393047026014,0.00022700665480892835,0.0,33,6,5,20007.275390625,-4.8836399647408935e-05,0.00036861393047026014,22.96248829487141,0.0,33,27,26,24620.349609375,-0.006768025690689683,0.00030752761813346297,-0.0018807761371135712,0.0018807761371135712,0.0,0.0,0.0,0.0,0.0,0.0,0,0.04632973340157782,0.04632973340157782,0.0001
0.89,0.44589,0.000406162163157,0.406162163157,-0.003297271837824356,35.6765562166,0.00026482136191772365,0.00026482136191772365,-35.67629139523808,2000000.0,250.0,33,6,5,20007.265625,-5.407969160585446e-05,0.00036440183085159616,0.00026482136191772365,0.0,33,6,5,20007.265625,-5.407969160585446e-05,0.00036440183085159616,22.89790932656633,0.0,33,27,26,24659.474609375,-0.006755943642929196,0.00031024112831801176,-0.0027612047269940376,0.0027612047269940376,0.0,0.0,0.0,0.0,0.0,0.0,0,0.04633304725838081,0.04633304725838081,0.0001
0.892,0.446892,0.000402868287197,0.40286828719699996,-0.003284841430139712,35.6517055259,0.0003051501552781833,0.0003051501552781833,-35.65140037574472,2000000.0,250.0,33,6,5,20007.578125,-5.7895988615608296e-05,0.0003613296467928073,0.0003051501552781833,0.0,33,6,5,20007.578125,-5.7895988615608296e-05,0.0003613296467928073,22.84442384951703,0.0,33,27,26,24614.892578125,-0.006745878839865327,0.0003123629139736295,-0.005433285143226385,0.005433285143226385,0.0,0.0,0.0,0.0,0.0,0.0,0,0.04633634113434081,0.04633634113434081,0.0001
0.894,0.447894,0.000399579340931,0.399579340931,-0.0032842210653692416,35.5920319154,0.00033116102438232185,0.00033116102438232185,-35.591700754375616,2000000.0,250.0,33,6,5,20007.822265625,-5.99696482919132e-05,0.0003596666765287304,0.00033116102438232185,0.0,33,6,5,20007.822265625,-5.99696482919132e-05,0.0003596666765287304,22.80436168833135,0.0,33,27,26,24613.369140625,-0.006738328840583563,0.0003139119944535196,-0.008080891333520412,0.008080891333520412,0.0,0.0,0.0,0.0,0.0,0.0,0,0.04633963008060681,0.04633963008060681,0.0001
0.896,0.448896,0.000396286708182,0.396286708182,-0.003285153791417167,35.5035173642,0.00033702722689733853,0.00033702722689733853,-35.5031803369731,2000000.0,250.0,33,6,5,20007.890625,-6.030794503431025e-05,0.00035939089557074366,0.00033702722689733853,0.0,33,6,5,20007.890625,-6.030794503431025e-05,0.00035939089557074366,22.777486076322145,0.0,33,27,26,24631.2734375,-0.006733258953318,0.00031489670800510794,-0.010708308778703213,0.010708308778703213,0.0,0.0,0.0,0.0,0.0,0.0,0,0.046342922713355814,0.046342922713355814,0.0001
0.898,0.449898,0.000392995892733,0.39299589273299995,-0.003276269970059892,35.399293106,0.0003199063671704929,0.0003199063671704929,-35.398973199632835,2000000.0,250.0,33,6,5,20007.734375,-5.893792815715032e-05,0.0003604956125993486,0.0003199063671704929,0.0,33,6,5,20007.734375,-5.893792815715032e-05,0.0003604956125993486,22.76346284974062,0.0,33,27,26,24611.779296875,-0.0067306398414075375,0.0003153234865749255,-0.013319343328475952,0.013319343328475952,0.0,0.0,0.0,0.0,0.0,0.0,0,0.04634621352880482,0.04634621352880482,0.0001
0.9,0.4509,0.000389721063162,0.389721063162,-0.0032542510908183386,35.2941379685,0.0002862841466490981,0.0002862841466490981,-35.293851684353356,2000000.0,250.0,33,6,5,20007.470703125,-5.5887601436765966e-05,0.0003629449180340971,0.0002862841466490981,0.0,33,6,5,20007.470703125,-5.5887601436765966e-05,0.0003629449180340971,22.762326479155025,0.0,33,27,26,24611.697265625,-0.0067304500844329596,0.0003151970886392519,-0.01591312140226364,0.01591312140226364,0.0,0.0,0.0,0.0,0.0,0.0,0,0.046349488358375816,0.046349488358375816,0.0001
0.902,0.451902,0.000386474373547,0.38647437354700004,-0.003223956702594899,35.2183103613,0.00024175080781464026,0.00024175080781464026,-35.21806861049218,2000000.0,250.0,33,6,5,20007.177734375,-5.124529330022276e-05,0.0003666765625157664,0.00024175080781464026,0.0,33,6,5,20007.177734375,-5.124529330022276e-05,0.0003666765625157664,22.773546453492113,0.0,33,27,26,24631.021484375,-0.006732588866725564,0.00031455588759854436,-0.018348004668951035,0.018348004668951035,0.0,0.0,0.0,0.0,0.0,0.0,0,0.04635273504799082,0.04635273504799082,0.0001
0.904,0.452904,0.00038326025393,0.38326025392999996,-0.003191313842315441,35.1233553492,0.00020417138097493666,0.00020417138097493666,-35.123151177819025,2000000.0,250.0,32,6,5,20007.373046875,-4.5225565158291126e-05,0.00037150754432019317,0.00020417138097493666,0.0,32,6,5,20007.373046875,-4.5225565158291126e-05,0.00037150754432019317,22.795381213053723,0.0,32,26,25,24644.484375,-0.006736750714480877,0.0003134730359306559,-0.020593170076608658,0.020593170076608658,0.0,0.0,0.0,0.0,0.0,0.0,0,0.04635594916760782,0.04635594916760782,0.0001
0.906,0.453906,0.000380078980607,0.380078980607,-0.003159335469061858,35.0037679254,0.00016078500073848202,0.00016078500073848202,-35.00360714039926,2000000.0,250.0,33,6,5,20007.841796875,-3.8009379361964024e-05,0.00037729675059021417,0.00016078500073848202,0.0,33,6,5,20007.841796875,-3.8009379361964024e-05,0.00037729675059021417,22.82649387316649,0.0,33,27,26,24613.984375,-0.006742669502273202,0.00031200643570628017,-0.0226750485599041,0.0226750485599041,0.0,0.0,0.0,0.0,0.0,0.0,0,0.04635913044093082,0.04635913044093082,0.0001
0.908,0.454908,0.00037692894565,0.37692894565,-0.0031308591846307132,34.9012771807,0.00011587745923534725,0.00011587745923534725,-34.90116130324076,2000000.0,250.0,31,5,3,40005.2890625,-2.974279809542235e-05,0.0003839115340378216,0.00011587745923534725,0.0,31,5,3,40005.2890625,-2.974279809542235e-05,0.0003839115340378216,22.865949138521874,0.0,31,26,25,24646.990234375,-0.006750139407813549,0.0003101978945778683,-0.0246470645070076,0.0246470645070076,0.0,0.0,0.0,0.0,0.0,0.0,0,0.046362280475887814,0.046362280475887814,0.0001
0.91,0.45591,0.000373804738801,0.373804738801,-0.003109500518962055,34.8613123758,7.236579016574358e-05,7.236579016574358e-05,-34.86124001000983,2000000.0,250.0,32,5,3,40005.6015625,-2.054370802047345e-05,0.0003912630504839809,7.236579016574358e-05,0.0,32,5,3,40005.6015625,-2.054370802047345e-05,0.0003912630504839809,22.912741937310432,0.0,32,27,26,24618.1328125,-0.0067589799873530865,0.00030808616429567337,-0.02652779035270214,0.02652779035270214,0.0,0.0,0.0,0.0,0.0,0.0,0,0.04636540468273682,0.04636540468273682,0.0001
0.912,0.456912,0.00037069750661,0.37069750661,-0.003096042268962096,34.8589609415,3.615523817400235e-05,3.615523817400235e-05,-34.85892478626183,2000000.0,250.0,33,6,2,80003.75,-1.0446561016182188e-05,0.00039931778489132874,3.615523817400235e-05,0.0,33,6,2,80003.75,-1.0446561016182188e-05,0.00039931778489132874,22.966775290928727,0.0,33,27,26,24619.224609375,-0.006769106024876237,0.0003056845016544685,-0.02838212251663208,0.02838212251663208,0.0,0.0,0.0,0.0,0.0,0.0,0,0.046368511914927815,0.046368511914927815,0.0001
0.914,0.457914,0.000367600270094,0.367600270094,-0.0030872262599800637,34.8124873343,0.0,0.0,-34.8124873343,2000000.0,250.0,30,4,0,80000.0,2.3577802316016028e-05,0.0004080251813845803,0.0,0.0,30,4,0,80000.0,2.3577802316016028e-05,0.0004080251813845803,23.027521421933628,0.0,30,26,25,24674.3984375,-0.006780444178730249,0.0003030132647836581,-0.03016933985054493,0.03016933985054493,0.0,0.0,0.0,0.0,0.0,0.0,0,0.04637160915144382,0.04637160915144382,0.0001
0.916,0.458916,0.000364510705185,0.364510705185,-0.0030780368438123595,34.7097065329,0.0,0.0,-34.7097065329,2000000.0,250.0,31,4,0,80000.0,3.7247148999481824e-05,0.000417329916749129,0.0,0.0,31,4,0,80000.0,3.7247148999481824e-05,0.000417329916749129,23.094301118569636,0.0,31,27,26,24624.98828125,-0.00679288967512548,0.0003000938013428822,-0.03192099928855896,0.03192099928855896,0.0,0.0,0.0,0.0,0.0,0.0,0,0.046374698716352816,0.046374698716352816,0.0001
0.918,0.459918,0.000361431884259,0.361431884259,-0.0030646443123752143,34.5840206022,0.0,0.0,-34.5840206022,2000000.0,250.0,31,4,0,80000.0,5.177620738086586e-05,0.000427202149795497,0.0,0.0,31,4,0,80000.0,5.177620738086586e-05,0.000427202149795497,23.167068602362775,0.0,31,27,26,24649.2421875,-0.006806397577747703,0.00029693743272218853,-0.03362613916397095,0.03362613916397095,0.0,0.0,0.0,0.0,0.0,0.0,0,0.046377777537278814,0.046377777537278814,0.0001
0.92,0.46092,0.000358369157983,0.358369157983,-0.0030480296122754325,34.531587936,0.0,0.0,-34.531587936,2000000.0,250.0,32,4,0,80000.0,6.696431685624185e-05,0.00043748660563772135,0.0,0.0,32,4,0,80000.0,6.696431685624185e-05,0.00043748660563772135,23.24529354714995,0.0,32,28,27,24893.828125,-0.006820739479735494,0.0002936918317573145,-0.03292904794216156,0.03292904794216156,0.0,0.0,0.0,0.0,0.0,0.0,0,0.046380840263554816,0.046380840263554816,0.0001
0.922,0.461922,0.000355323632916,0.355323632916,-0.0030334555249501016,34.4948367035,0.0,0.0,-34.4948367035,2000000.0,250.0,32,4,0,80000.0,7.87609680425426e-05,0.0004453926671765668,0.0,0.0,32,4,0,80000.0,7.87609680425426e-05,0.0004453926671765668,23.302212745276808,0.0,32,28,27,24897.43359375,-0.006831051781773567,0.00029183215519879013,-0.02646644413471222,0.02646644413471222,0.0,0.0,0.0,0.0,0.0,0.0,0,0.04638388578862181,0.04638388578862181,0.0001
0.924,0.462924,0.000352290113111,0.352290113111,-0.003023387584331322,34.4771889901,0.0,0.0,-34.4771889901,2000000.0,250.0,31,4,0,80000.0,8.476179289636232e-05,0.00044937855457423403,0.0,0.0,31,4,0,80000.0,8.476179289636232e-05,0.00044937855457423403,23.32050719861128,0.0,31,27,26,24911.57421875,-0.006834305357187986,0.00029158504912629724,-0.019994936883449554,0.019994936883449554,0.0,0.0,0.0,0.0,0.0,0.0,0,0.04638691930842682,0.04638691930842682,0.0001
0.926,0.463926,0.000349264764197,0.34926476419700003,-0.0030141211357285203,34.424108339,0.0,0.0,-34.424108339,2000000.0,250.0,32,4,0,80000.0,8.49781235787439e-05,0.0004494454837608783,0.0,0.0,32,4,0,80000.0,8.49781235787439e-05,0.0004494454837608783,23.30001109054597,0.0,32,28,27,24897.57421875,-0.006830505561083555,0.00029294930573087186,-0.013518156483769417,0.013518156483769417,0.0,0.0,0.0,0.0,0.0,0.0,0,0.046389944657340816,0.046389944657340816,0.0001
0.928,0.464928,0.000346249814355,0.346249814355,-0.0030035353702594914,34.3597022506,0.0,0.0,-34.3597022506,2000000.0,250.0,32,4,0,80000.0,7.940553653100133e-05,0.000445604580316894,0.0,0.0,32,4,0,80000.0,7.940553653100133e-05,0.000445604580316894,23.240814488756712,0.0,32,28,27,24894.09765625,-0.006819653790444136,0.000295924415695481,-0.0070397984236478806,0.0070397984236478806,0.0,0.0,0.0,0.0,0.0,0.0,0,0.046392959607182815,0.046392959607182815,0.0001
0.93,0.46593,0.000343245679315,0.343245679315,-0.0029935598677644504,34.2311720488,0.0,0.0,-34.2311720488,2000000.0,250.0,31,4,0,80000.0,7.080529962276948e-05,0.0004398071154075381,0.0,0.0,31,4,0,80000.0,7.080529962276948e-05,0.0004398071154075381,23.161507928897244,0.0,31,27,26,24649.474609375,-0.00680502294562757,0.00029918162908870727,-0.00834768358618021,0.00834768358618021,0.0,0.0,0.0,0.0,0.0,0.0,0,0.046395963742222816,0.046395963742222816,0.0001
0.932,0.466932,0.00034025072038,0.34025072038000004,-0.0029839658647704548,34.1069540338,0.0,0.0,-34.1069540338,2000000.0,250.0,31,4,0,80000.0,6.423378711761796e-05,0.00043538687091224104,0.0,0.0,31,4,0,80000.0,6.423378711761796e-05,0.00043538687091224104,23.09575676853621,0.0,31,27,26,24647.478515625,-0.006792858941480517,0.00030177443113643676,-0.01113916002213955,0.01113916002213955,0.0,0.0,0.0,0.0,0.0,0.0,0,0.046398958701157816,0.046398958701157816,0.0001
0.934,0.467934,0.000337265811722,0.337265811722,-0.0029716017170658693,34.0127266963,0.0,0.0,-34.0127266963,2000000.0,250.0,31,4,0,80000.0,5.977017601389162e-05,0.00043238999689997754,0.0,0.0,31,4,0,80000.0,5.977017601389162e-05,0.00043238999689997754,23.04409554269268,0.0,31,27,26,24645.443359375,-0.0067832868080586195,0.0003037810092791915,-0.013871340081095695,0.013871340081095695,0.0,0.0,0.0,0.0,0.0,0.0,0,0.04640194360981582,0.04640194360981582,0.0001
0.936,0.468936,0.000334295630539,0.334295630539,-0.00295403076796405,33.9344809592,0.0,0.0,-33.9344809592,2000000.0,250.0,31,4,0,80000.0,5.7362944271346916e-05,0.000430785716967981,0.0,0.0,31,4,0,80000.0,5.7362944271346916e-05,0.000430785716967981,23.006180173759432,0.0,31,27,26,24621.91796875,-0.006776249269023538,0.0003052137908525765,-0.016556909307837486,0.016556909307837486,0.0,0.0,0.0,0.0,0.0,0.0,0,0.046404913790998814,0.046404913790998814,0.0001
0.938,0.469938,0.000331345934063,0.331345934063,-0.002932001238522941,33.8749447911,0.0,0.0,-33.8749447911,2000000.0,250.0,31,4,0,80000.0,5.694605458236163e-05,0.0004305270986561527,0.0,0.0,31,4,0,80000.0,5.694605458236163e-05,0.0004305270986561527,22.981369481360865,0.0,31,27,26,24662.4609375,-0.0067716671619564295,0.0003060896269744262,-0.019205601885914803,0.019205601885914803,0.0,0.0,0.0,0.0,0.0,0.0,0,0.04640786348747482,0.04640786348747482,0.0001
0.94,0.47094,0.000328419900057,0.328419900057,-0.0029089049785430143,33.788060743,0.0,0.0,-33.788060743,2000000.0,250.0,31,4,0,80000.0,5.848375420058893e-05,0.00043159084891252614,0.0,0.0,31,4,0,80000.0,5.848375420058893e-05,0.00043159084891252614,22.969602351356105,0.0,31,27,26,24619.51953125,-0.006769497180357575,0.0003064174816245213,-0.021823866292834282,0.021823866292834282,0.0,0.0,0.0,0.0,0.0,0.0,0,0.04641078952148082,0.04641078952148082,0.0001
0.942,0.471942,0.000325516488486,0.325516488486,-0.00288747840269471,33.6920386097,0.0,0.0,-33.6920386097,2000000.0,250.0,31,4,0,80000.0,6.192877421072086e-05,0.00043395076759066703,0.0,0.0,31,4,0,80000.0,6.192877421072086e-05,0.00043395076759066703,22.97047972627202,0.0,31,27,26,24619.515625,-0.0067696894984692335,0.000306208836263977,-0.024417296051979065,0.024417296051979065,0.0,0.0,0.0,0.0,0.0,0.0,0,0.046413692933051816,0.046413692933051816,0.0001
0.944,0.472944,0.000322633393338,0.322633393338,-0.0028678062984031916,33.5871971329,0.0,0.0,-33.5871971329,2000000.0,250.0,31,4,0,80000.0,6.724959866957758e-05,0.00043757955577050645,0.0,0.0,31,4,0,80000.0,6.724959866957758e-05,0.00043757955577050645,22.983834169510004,0.0,31,27,26,24619.9921875,-0.0067722133826464415,0.00030546974448952824,-0.026991751044988632,0.026991751044988632,0.0,0.0,0.0,0.0,0.0,0.0,0,0.04641657602819982,0.04641657602819982,0.0001
0.946,0.473946,0.000319769404664,0.319769404664,-0.002849290035928126,33.5083298773,0.0,0.0,-33.5083298773,2000000.0,250.0,30,4,0,80000.0,7.443802312621234e-05,0.0004424616340020643,0.0,0.0,30,4,0,80000.0,7.443802312621234e-05,0.0004424616340020643,23.009605734952142,0.0,30,26,25,24673.8203125,-0.006777035305276513,0.0003042078315047547,-0.029550768435001373,0.029550768435001373,0.0,0.0,0.0,0.0,0.0,0.0,0,0.046419440016873814,0.046419440016873814,0.0001
0.948,0.474948,0.000316923416106,0.316923416106,-0.002830990422155677,33.4611732847,0.0,0.0,-33.4611732847,2000000.0,250.0,31,4,0,80000.0,8.344682091002142e-05,0.0004485798118624429,0.0,0.0,31,4,0,80000.0,8.344682091002142e-05,0.0004485798118624429,23.047417335201615,0.0,31,27,26,24664.78515625,-0.006784103577956557,0.00030243874061852694,-0.032052189111709595,0.032052189111709595,0.0,0.0,0.0,0.0,0.0,0.0,0,0.046422286005431815,0.046422286005431815,0.0001
0.95,0.47595,0.000314096099858,0.314096099858,-0.0028135018328342976,33.4416884958,0.0,0.0,-33.4416884958,2000000.0,250.0,31,4,0,80000.0,9.413805747583714e-05,0.00045581405489279053,0.0,0.0,31,4,0,80000.0,9.413805747583714e-05,0.00045581405489279053,23.096486547454585,0.0,31,27,26,24647.162109375,-0.006793256616219878,0.00030021257407497615,-0.03438268229365349,0.03438268229365349,0.0,0.0,0.0,0.0,0.0,0.0,0,0.04642511332167982,0.04642511332167982,0.0001
0.952,0.476952,0.000311285158433,0.31128515843300003,-0.002800028147205591,33.4299845278,0.0,0.0,-33.4299845278,2000000.0,250.0,27,0,0,0.0,0.0,0.0,0.0,0.0,27,0,0,0.0,0.0,0.0,23.155217432695633,0.0,27,27,26,24647.9765625,-0.006804176839068532,0.00029760401230305433,-0.03651392459869385,0.03651392459869385,0.0,0.0,0.0,0.0,0.0,0.0,0,0.04642792426310482,0.04642792426310482,0.0001
0.954,0.477954,0.000308484843451,0.308484843451,-0.0027916455064870282,33.3600759961,0.0,0.0,-33.3600759961,2000000.0,250.0,28,0,0,0.0,0.0,0.0,0.0,0.0,28,0,0,0.0,0.0,0.0,23.222668310395505,0.0,28,28,26,44650.59375,-0.006816640263423324,0.0002946552849607542,-0.03854113817214966,0.03854113817214966,0.0,0.0,0.0,0.0,0.0,0.0,0,0.046430724578086814,0.046430724578086814,0.0001
0.956,0.478956,0.000305690700838,0.305690700838,-0.0027851193028942123,33.2888848207,0.0,0.0,-33.2888848207,2000000.0,250.0,28,0,0,0.0,0.0,0.0,0.0,0.0,28,0,0,0.0,0.0,0.0,23.279119739086337,0.0,28,28,27,24895.0703125,-0.0068268501199781895,0.00029285815253388137,-0.03106144443154335,0.03106144443154335,0.0,0.0,0.0,0.0,0.0,0.0,0,0.04643351872069981,0.04643351872069981,0.0001
0.958,0.479958,0.000302903464368,0.302903464368,-0.002775334439121757,33.202848097,0.0,0.0,-33.202848097,2000000.0,250.0,27,0,0,0.0,0.0,0.0,0.0,0.0,27,0,0,0.0,0.0,0.0,23.286754860782658,0.0,27,27,26,24910.48046875,-0.006828136974945664,0.00029321550391614437,-0.023815415799617767,0.023815415799617767,0.0,0.0,0.0,0.0,0.0,0.0,0,0.04643630595716981,0.04643630595716981,0.0001
0.96,0.48096,0.000300128930622,0.300128930622,-0.002759312541916137,33.1597524736,0.0,0.0,-33.1597524736,2000000.0,250.0,28,0,0,0.0,0.0,0.0,0.0,0.0,28,0,0,0.0,0.0,0.0,23.243499599842007,0.0,28,28,27,24894.16015625,-0.0068201604299247265,0.0002956889074994251,-0.016564805060625076,0.016564805060625076,0.0,0.0,0.0,0.0,0.0,0.0,0,0.046439080490915816,0.046439080490915816,0.0001
0.962,0.481962,0.000297373802034,0.297373802034,-0.002738036856786419,33.1236713107,0.0,0.0,-33.1236713107,2000000.0,250.0,27,0,0,0.0,0.0,0.0,0.0,0.0,27,0,0,0.0,0.0,0.0,23.166925713525867,0.0,27,27,26,24669.69140625,-0.006806041346862912,0.00029888121935073286,-0.01688099466264248,0.01688099466264248,0.0,0.0,0.0,0.0,0.0,0.0,0,0.04644183561950382,0.04644183561950382,0.0001
0.964,0.482964,0.000294641904761,0.294641904761,-0.002713670412674646,33.078166259,0.0,0.0,-33.078166259,2000000.0,250.0,26,0,0,0.0,0.0,0.0,0.0,0.0,26,0,0,0.0,0.0,0.0,23.111941534667903,0.0,26,26,25,24677.904296875,-0.006795907625928521,0.00030085555044934154,-0.021114226430654526,0.021114226430654526,0.0,0.0,0.0,0.0,0.0,0.0,0,0.046444567516776815,0.046444567516776815,0.0001
0.966,0.483966,0.000291935606527,0.291935606527,-0.0026899895998004075,32.990120259,0.0,0.0,-32.990120259,2000000.0,250.0,27,0,0,0.0,0.0,0.0,0.0,0.0,27,0,0,0.0,0.0,0.0,23.08158320312004,0.0,27,27,26,24666.27734375,-0.006790316663682461,0.0003018361021531746,-0.024958448484539986,0.024958448484539986,0.0,0.0,0.0,0.0,0.0,0.0,0,0.04644727381501081,0.04644727381501081,0.0001
0.968,0.484968,0.000289251165603,0.28925116560299996,-0.002672025366766473,32.8798335317,0.0,0.0,-32.8798335317,2000000.0,250.0,27,0,0,0.0,0.0,0.0,0.0,0.0,27,0,0,0.0,0.0,0.0,23.072601725799423,0.0,27,27,26,24646.404296875,-0.006788693368434906,0.0003019454888999462,-0.028481949120759964,0.028481949120759964,0.0,0.0,0.0,0.0,0.0,0.0,0,0.046449958255934815,0.046449958255934815,0.0001
0.97,0.48597,0.000286580867692,0.286580867692,-0.0026597207939121625,32.7865060175,0.0,0.0,-32.7865060175,2000000.0,250.0,27,0,0,0.0,0.0,0.0,0.0,0.0,27,0,0,0.0,0.0,0.0,23.082723548723745,0.0,27,27,26,24646.7421875,-0.006790617015212774,0.0003012707602465525,-0.03176572546362877,0.03176572546362877,0.0,0.0,0.0,0.0,0.0,0.0,0,0.04645262855384581,0.04645262855384581,0.0001
0.972,0.486972,0.000283921085132,0.283921085132,-0.002649014585329318,32.6989871808,0.0,0.0,-32.6989871808,2000000.0,250.0,27,0,0,0.0,0.0,0.0,0.0,0.0,27,0,0,0.0,0.0,0.0,23.110038976434712,0.0,27,27,26,24667.197265625,-0.006795728811994195,0.00029988837195560336,-0.03486528620123863,0.03486528620123863,0.0,0.0,0.0,0.0,0.0,0.0,0,0.04645528833640582,0.04645528833640582,0.0001
0.974,0.487974,0.000281272242463,0.281272242463,-0.0026385392629740267,32.6296943271,0.0,0.0,-32.6296943271,2000000.0,250.0,27,0,0,0.0,0.0,0.0,0.0,0.0,27,0,0,0.0,0.0,0.0,23.153264494998837,0.0,27,27,26,24647.939453125,-0.006803787779062986,0.0002978523843921721,-0.037787213921546936,0.037787213921546936,0.0,0.0,0.0,0.0,0.0,0.0,0,0.046457937179074815,0.046457937179074815,0.0001
0.976,0.488976,0.000278633452449,0.278633452449,-0.0026295696212574604,32.571469131,0.0,0.0,-32.571469131,2000000.0,250.0,28,0,0,0.0,0.0,0.0,0.0,0.0,28,0,0,0.0,0.0,0.0,23.210666560483272,0.0,28,28,26,44650.953125,-0.006814416963607073,0.00029525713762268424,-0.040453165769577026,0.040453165769577026,0.0,0.0,0.0,0.0,0.0,0.0,0,0.04646057596908881,0.04646057596908881,0.0001
0.978,0.489978,0.000276002584942,0.27600258494200003,-0.002621619049900187,32.4872029453,0.0,0.0,-32.4872029453,2000000.0,250.0,27,0,0,0.0,0.0,0.0,0.0,0.0,27,0,0,0.0,0.0,0.0,23.270416855363777,0.0,27,27,26,24909.76953125,-0.006825269898399711,0.0002931279595941305,-0.03505218029022217,0.03505218029022217,0.0,0.0,0.0,0.0,0.0,0.0,0,0.04646320683659581,0.04646320683659581,0.0001
0.98,0.49098,0.000273379727873,0.273379727873,-0.0026109880828344423,32.3964141348,0.0,0.0,-32.3964141348,2000000.0,250.0,28,0,0,0.0,0.0,0.0,0.0,0.0,28,0,0,0.0,0.0,0.0,23.283226118935158,0.0,28,28,27,24895.357421875,-0.0068274978548288345,0.0002933241630671546,-0.027268217876553535,0.027268217876553535,0.0,0.0,0.0,0.0,0.0,0.0,0,0.04646582969366481,0.04646582969366481,0.0001
0.982,0.491982,0.000270770164824,0.27077016482399996,-0.0025936229680639244,32.3006779997,0.0,0.0,-32.3006779997,2000000.0,250.0,28,0,0,0.0,0.0,0.0,0.0,0.0,28,0,0,0.0,0.0,0.0,23.240990594605027,0.0,28,28,27,24894.0859375,-0.0068196929059922695,0.0002958118566311896,-0.01947907917201519,0.01947907917201519,0.0,0.0,0.0,0.0,0.0,0.0,0,0.04646843925671382,0.04646843925671382,0.0001
0.984,0.492984,0.000268182107445,0.268182107445,-0.0025714054281437138,32.2377018364,0.0,0.0,-32.2377018364,2000000.0,250.0,28,0,0,0.0,0.0,0.0,0.0,0.0,28,0,0,0.0,0.0,0.0,23.180799824246854,0.0,28,28,26,44650.140625,-0.00680864742025733,0.00029799244657624513,-0.02348487824201584,0.02348487824201584,0.0,0.0,0.0,0.0,0.0,0.0,0,0.04647102731409281,0.04647102731409281,0.0001
0.986,0.493986,0.000265617068346,0.26561706834599996,-0.0025487968418163864,32.1602251669,0.0,0.0,-32.1602251669,2000000.0,250.0,26,0,0,0.0,0.0,0.0,0.0,0.0,26,0,0,0.0,0.0,0.0,23.147891356184513,0.0,26,26,25,24679.205078125,-0.006802625488489866,0.00029903648828621954,-0.02767290361225605,0.02767290361225605,0.0,0.0,0.0,0.0,0.0,0.0,0,0.04647359235319182,0.04647359235319182,0.0001
0.988,0.494988,0.000263074318574,0.263074318574,-0.0025269690319360827,32.1003209047,0.0,0.0,-32.1003209047,2000000.0,250.0,27,0,0,0.0,0.0,0.0,0.0,0.0,27,0,0,0.0,0.0,0.0,23.13888813362841,0.0,27,27,26,24647.53125,-0.006801006151363254,0.0002991192159242928,-0.031454794108867645,0.031454794108867645,0.0,0.0,0.0,0.0,0.0,0.0,0,0.04647613510296381,0.04647613510296381,0.0001
0.99,0.49599,0.000260553022406,0.26055302240600003,-0.002507293557385215,32.0744682385,0.0,0.0,-32.0744682385,2000000.0,250.0,26,0,0,0.0,0.0,0.0,0.0,0.0,26,0,0,0.0,0.0,0.0,23.15073791451067,0.0,26,26,25,24679.1875,-0.006803245982155204,0.0002983539743581787,-0.03493432328104973,0.03493432328104973,0.0,0.0,0.0,0.0,0.0,0.0,0,0.04647865639913182,0.04647865639913182,0.0001
0.992,0.496992,0.000258049702285,0.258049702285,-0.0024896382519960236,32.0266809508,0.0,0.0,-32.0266809508,2000000.0,250.0,28,0,0,0.0,0.0,0.0,0.0,0.0,28,0,0,0.0,0.0,0.0,23.181140556379116,0.0,28,28,26,44649.05859375,-0.0068089168053120375,0.0002968298940686509,-0.03818860650062561,0.03818860650062561,0.0,0.0,0.0,0.0,0.0,0.0,0,0.04648115971925282,0.04648115971925282,0.0001
0.994,0.497994,0.000255563787349,0.255563787349,-0.002472215582834336,31.9474810028,0.0,0.0,-31.9474810028,2000000.0,250.0,28,0,0,0.0,0.0,0.0,0.0,0.0,28,0,0,0.0,0.0,0.0,23.228639740585834,0.0,28,28,26,44651.6796875,-0.006817698013037443,0.0002946145978057757,-0.041271209716796875,0.041271209716796875,0.0,0.0,0.0,0.0,0.0,0.0,0,0.04648364563418882,0.04648364563418882,0.0001
0.996,0.498996,0.000253095382257,0.25309538225699996,-0.0024558207909181617,31.8776000274,0.0,0.0,-31.8776000274,2000000.0,250.0,28,0,0,0.0,0.0,0.0,0.0,0.0,28,0,0,0.0,0.0,0.0,23.269922130174162,0.0,28,28,27,24896.416015625,-0.006825136719271541,0.0002934645308414474,-0.0333576425909996,0.0333576425909996,0.0,0.0,0.0,0.0,0.0,0.0,0,0.04648611403928082,0.04648611403928082,0.0001
0.998,0.499998,0.000250642322484,0.250642322484,-0.0024407748537924046,31.8325574219,0.0,0.0,-31.8325574219,2000000.0,250.0,28,0,0,0.0,0.0,0.0,0.0,0.0,28,0,0,0.0,0.0,0.0,23.259443628412424,0.0,28,28,27,24921.205078125,-0.006823136238381267,0.0002946060703834519,-0.025869032368063927,0.025869032368063927,0.0,0.0,0.0,0.0,0.0,0.0,0,0.046488567099053815,0.046488567099053815,0.0001
1.0,0.501,0.00024820406945,0.24820406944999998,-0.002433386261477048,31.7606541267,0.0,0.0,-31.7606541267,2000000.0,250.0,28,0,0,0.0,0.0,0.0,0.0,0.0,28,0,0,0.0,0.0,0.0,23.203747049765365,0.0,28,28,26,44650.234375,-0.006812857463955879,0.00029714412812609226,-0.023830777034163475,0.023830777034163475,0.0,0.0,0.0,0.0,0.0,0.0,0,0.04649100535208781,0.04649100535208781,0.0001
