phase,time_s,displacement_m,displacement_mm,force_n,position_mm_raw,force_n_raw,velocity_m_s,cycle_energy_j
0.000000000000000000e+00,0.000000000000000000e+00,2.741816712443476719e-04,2.741816712443476689e-01,3.436397384826948809e+01,1.262282466075397735e+01,-3.436397384826948809e+01,4.293301158887597542e-04,1.491560378812867505e-05
2.000000000000000042e-03,1.000222222222222224e-03,2.746110967669288514e-04,2.746110967669288527e-01,3.432644560565222491e+01,1.262239523523139617e+01,-3.432644560565222491e+01,4.022750266866881308e-04,2.966943313263609757e-05
4.000000000000000083e-03,2.000444444444444449e-03,2.749864000866217772e-04,2.749864000866217850e-01,3.426113532267991246e+01,1.262201993191170324e+01,-3.426113532267991246e+01,3.544881943284006187e-04,4.254384437415360712e-05
6.000000000000000125e-03,3.000666666666666239e-03,2.753202307058941808e-04,2.753202307058941756e-01,3.419992511663804891e+01,1.262168610129243085e+01,-3.419992511663804891e+01,3.173454131284170199e-04,5.397329855756727930e-05
8.000000000000000167e-03,4.000888888888888897e-03,2.756212319552844435e-04,2.756212319552844292e-01,3.420588702812989368e+01,1.262138510004304059e+01,-3.420588702812989368e+01,2.854146894271936130e-04,6.426959350198077397e-05
1.000000000000000021e-02,5.001111111111110688e-03,2.758911869357216816e-04,2.758911869357216773e-01,3.421763322074897928e+01,1.262111514506260335e+01,-3.421763322074897928e+01,2.537268393690006452e-04,7.350639870761279391e-05
1.200000000000000025e-02,6.001333333333332479e-03,2.761287984015066335e-04,2.761287984015066144e-01,3.420911297699898768e+01,1.262087753359681841e+01,-3.420911297699898768e+01,2.202836814046982283e-04,8.163731925509858556e-05
1.400000000000000029e-02,7.001555555555555137e-03,2.763318522023894340e-04,2.763318522023894275e-01,3.419468453978217326e+01,1.262067447979593560e+01,-3.419468453978217326e+01,1.849137143890011714e-04,8.858409964510871050e-05
1.600000000000000033e-02,8.001777777777777795e-03,2.764987080141576860e-04,2.764987080141577125e-01,3.420956550139498376e+01,1.262050762398416737e+01,-3.420956550139498376e+01,1.485177898930267748e-04,9.429165815260093632e-05
1.800000000000000211e-02,9.001999999999999585e-03,2.766289537900821333e-04,2.766289537900821216e-01,3.422929294650025156e+01,1.262037737820824290e+01,-3.422929294650025156e+01,1.133046814097427024e-04,9.874717303684774408e-05
2.000000000000000042e-02,1.000222222222222138e-02,2.767253677346133401e-04,2.767253677346133145e-01,3.426993884375792021e+01,1.262028096426371171e+01,-3.426993884375792021e+01,8.220716374593428633e-05,1.020469307284886423e-04
2.199999999999999872e-02,1.100244444444444317e-02,2.767934046540912181e-04,2.767934046540911908e-01,3.429438486429370414e+01,1.262021292734423383e+01,-3.429438486429370414e+01,5.783129975345246976e-05,1.043771269682380816e-04
2.400000000000000050e-02,1.200266666666666496e-02,2.768410560369201140e-04,2.768410560369201079e-01,3.427564487868676935e+01,1.262016527596140492e+01,-3.427564487868676935e+01,4.159622375932148231e-05,1.060093384249082628e-04
2.600000000000000228e-02,1.300288888888888848e-02,2.768766155888204884e-04,2.768766155888204850e-01,3.423874595487072270e+01,1.262012971640950454e+01,-3.423874595487072270e+01,3.136304693496239082e-05,1.072266655550864050e-04
2.800000000000000058e-02,1.400311111111111027e-02,2.769037960699218979e-04,2.769037960699218814e-01,3.422025897728187260e+01,1.262010253592840314e+01,-3.422025897728187260e+01,2.348477209282440192e-05,1.081567027463735029e-04
2.999999999999999889e-02,1.500333333333333206e-02,2.769235955706826060e-04,2.769235955706825791e-01,3.419175720467701041e+01,1.262008273642764244e+01,-3.419175720467701041e+01,1.720927070428257544e-05,1.088329530298109700e-04
3.200000000000000067e-02,1.600355555555555559e-02,2.769382222598952862e-04,2.769382222598952836e-01,3.417582846670420338e+01,1.262006810973842974e+01,-3.417582846670420338e+01,1.329591547816200148e-05,1.093315091903841936e-04
3.400000000000000244e-02,1.700377777777777738e-02,2.769501933109346252e-04,2.769501933109346226e-01,3.416234139076564702e+01,1.262005613868739040e+01,-3.416234139076564702e+01,1.092855737744313771e-05,1.097399569490163673e-04
3.600000000000000422e-02,1.800399999999999917e-02,2.769600842317867791e-04,2.769600842317867517e-01,3.412449099708816647e+01,1.262004624776653827e+01,-3.412449099708816647e+01,8.941049393001998524e-06,1.100786386217833296e-04
3.799999999999999906e-02,1.900422222222222096e-02,2.769680793835203143e-04,2.769680793835203048e-01,3.411902533728211040e+01,1.262003825261480472e+01,-3.411902533728211040e+01,6.958651969674045645e-06,1.103532214576844714e-04
4.000000000000000083e-02,2.000444444444444275e-02,2.769740046284603564e-04,2.769740046284603352e-01,3.418110889364957217e+01,1.262003232736986469e+01,-3.418110889364957217e+01,4.776213893165071056e-06,1.105564555221382963e-04
4.200000000000000261e-02,2.100466666666666454e-02,2.769776339340684077e-04,2.769776339340684346e-01,3.425723804171936848e+01,1.262002869806425664e+01,-3.425723804171936848e+01,2.010381041805953117e-06,1.106803647730536180e-04
4.399999999999999745e-02,2.200488888888888633e-02,2.769780262840466521e-04,2.769780262840466634e-01,3.429064411060951301e+01,1.262002830571427836e+01,-3.429064411060951301e+01,-1.154149343096655400e-06,1.106934834945400101e-04
4.599999999999999922e-02,2.300511111111110812e-02,2.769753251224269701e-04,2.769753251224269519e-01,3.426127899411721245e+01,1.262003100687589807e+01,-3.426127899411721245e+01,-4.257983876154725067e-06,1.106006191625200335e-04
4.800000000000000100e-02,2.400533333333332991e-02,2.769695084238570624e-04,2.769695084238570360e-01,3.424813056401720246e+01,1.262003682357446799e+01,-3.424813056401720246e+01,-7.109020751766559343e-06,1.104017620301013351e-04
5.000000000000000278e-02,2.500555555555555517e-02,2.769611039213586536e-04,2.769611039213586423e-01,3.426736101104658871e+01,1.262004522807696638e+01,-3.426736101104658871e+01,-8.057761607449531738e-06,1.101151349302316728e-04
5.200000000000000455e-02,2.600577777777777697e-02,2.769533893194147355e-04,2.769533893194147112e-01,3.428439726959523881e+01,1.262005294267891031e+01,-3.428439726959523881e+01,-6.938924337562824007e-06,1.098512305286604673e-04
5.399999999999999939e-02,2.700599999999999876e-02,2.769472229887171076e-04,2.769472229887171011e-01,3.429675800352237047e+01,1.262005910900960792e+01,-3.429675800352237047e+01,-6.556417523978508299e-06,1.096388966251392571e-04
5.600000000000000117e-02,2.800622222222222055e-02,2.769402735704034062e-04,2.769402735704034058e-01,3.430417655352539441e+01,1.262006605842792162e+01,-3.430417655352539441e+01,-8.472976054635372734e-06,1.093989302405837938e-04
5.800000000000000294e-02,2.900644444444444234e-02,2.769302732708407364e-04,2.769302732708407433e-01,3.432075468578460686e+01,1.262007605872748428e+01,-3.432075468578460686e+01,-1.177522772202732604e-05,1.090544252677958485e-04
5.999999999999999778e-02,3.000666666666666413e-02,2.769167178815248312e-04,2.769167178815248320e-01,3.433613652322403453e+01,1.262008961411680019e+01,-3.433613652322403453e+01,-1.484823065833751343e-05,1.085884217058218445e-04
6.199999999999999956e-02,3.100688888888888592e-02,2.769005702103104552e-04,2.769005702103104483e-01,3.435471477158027653e+01,1.262010576178801458e+01,-3.435471477158027653e+01,-1.577120341100801681e-05,1.080340594621536959e-04
6.400000000000000133e-02,3.200711111111111118e-02,2.768851684652790966e-04,2.768851684652791079e-01,3.436701951501462560e+01,1.262012116353304592e+01,-3.436701951501462560e+01,-1.415303380644661324e-05,1.075060204094593842e-04
6.600000000000000311e-02,3.300733333333333297e-02,2.768722578524603051e-04,2.768722578524602795e-01,3.436351299987384778e+01,1.262013407414586474e+01,-3.436351299987384778e+01,-1.159633385272584860e-05,1.070639470889851464e-04
6.800000000000000488e-02,3.400755555555555476e-02,2.768619706436474797e-04,2.768619706436474814e-01,3.434853932032648061e+01,1.262014436135467754e+01,-3.434853932032648061e+01,-8.987524949544134500e-06,1.067117171249058603e-04
7.000000000000000666e-02,3.500777777777777655e-02,2.768542788081056606e-04,2.768542788081056472e-01,3.435944983957453047e+01,1.262015205319021938e+01,-3.435944983957453047e+01,-8.043941562591028216e-06,1.064471493417791970e-04
7.200000000000000844e-02,3.600799999999999834e-02,2.768458791854371361e-04,2.768458791854371270e-01,3.439050396848974600e+01,1.262016045281288790e+01,-3.439050396848974600e+01,-1.008635123256329535e-05,1.061565438099768449e-04
7.399999999999999634e-02,3.700822222222222013e-02,2.768341016228177448e-04,2.768341016228177409e-01,3.444520356945670869e+01,1.262017223037550728e+01,-3.444520356945670869e+01,-1.383593366249824541e-05,1.057493283823995401e-04
7.599999999999999811e-02,3.800844444444444192e-02,2.768182011688083009e-04,2.768182011688082866e-01,3.449743778327581367e+01,1.262018813082951674e+01,-3.449743778327581367e+01,-1.676244424936301769e-05,1.052003312125158649e-04
7.799999999999999989e-02,3.900866666666666371e-02,2.768005692843438469e-04,2.768005692843438226e-01,3.449497502975827956e+01,1.262020576271398120e+01,-3.449497502975827956e+01,-1.683316962114433935e-05,1.045912882065603715e-04
8.000000000000000167e-02,4.000888888888888550e-02,2.767845273481573005e-04,2.767845273481572832e-01,3.447597718364982455e+01,1.262022180465016774e+01,-3.447597718364982455e+01,-1.608861635696290371e-05,1.040367706618398501e-04
8.200000000000000344e-02,4.100911111111110730e-02,2.767683849011337419e-04,2.767683849011337571e-01,3.450017436762163925e+01,1.262023794709719127e+01,-3.450017436762163925e+01,-1.598959296270074937e-05,1.034787028690869624e-04
8.400000000000000522e-02,4.200933333333332909e-02,2.767525410557461138e-04,2.767525410557460930e-01,3.455075019374340428e+01,1.262025379094257893e+01,-3.455075019374340428e+01,-1.413684369297452115e-05,1.029310864222514565e-04
8.600000000000000699e-02,4.300955555555555782e-02,2.767401049307061426e-04,2.767401049307061656e-01,3.458731171103976720e+01,1.262026622706761891e+01,-3.458731171103976720e+01,-1.091924916629682940e-05,1.025012924780743930e-04
8.799999999999999489e-02,4.400977777777777267e-02,2.767306977044139255e-04,2.767306977044139416e-01,3.458966732849230397e+01,1.262027563429391108e+01,-3.458966732849230397e+01,-9.711403196388523895e-06,1.021760140957767298e-04
8.999999999999999667e-02,4.500999999999999446e-02,2.767206778081341572e-04,2.767206778081341412e-01,3.457170421453876941e+01,1.262028565419019088e+01,-3.457170421453876941e+01,-1.099942905383177738e-05,1.018291595038078569e-04
9.199999999999999845e-02,4.601022222222221625e-02,2.767086939576710795e-04,2.767086939576710591e-01,3.456635933733948463e+01,1.262029763804065396e+01,-3.456635933733948463e+01,-1.324732361487890309e-05,1.014135602719707578e-04
9.400000000000000022e-02,4.701044444444443804e-02,2.766941772732050306e-04,2.766941772732050553e-01,3.457269193068361091e+01,1.262031215472512002e+01,-3.457269193068361091e+01,-1.434455032073289615e-05,1.009101610268303597e-04
9.600000000000000200e-02,4.801066666666665983e-02,2.766799984816739133e-04,2.766799984816739055e-01,3.456294292157937065e+01,1.262032633351665112e+01,-3.456294292157937065e+01,-1.246173813862494484e-05,1.004195373918720792e-04
9.800000000000000377e-02,4.901088888888888856e-02,2.766692482583774548e-04,2.766692482583774648e-01,3.455888657974997358e+01,1.262033708373994756e+01,-3.455888657974997358e+01,-8.928646336836543185e-06,1.000482331395017243e-04
1.000000000000000056e-01,5.001111111111111035e-02,2.766621372207129842e-04,2.766621372207129781e-01,3.454269974139776878e+01,1.262034419477761205e+01,-3.454269974139776878e+01,-5.420213550599850549e-06,9.980191551130018161e-05
1.020000000000000073e-01,5.101133333333333214e-02,2.766584054222924645e-04,2.766584054222924749e-01,3.452207330525105533e+01,1.262034792657603255e+01,-3.452207330525105533e+01,-3.102319340780868018e-06,9.967146418645324703e-05
1.040000000000000091e-01,5.201155555555555393e-02,2.766559312032228755e-04,2.766559312032228490e-01,3.450827000220367324e+01,1.262035040079510217e+01,-3.450827000220367324e+01,-2.701371852237288707e-06,9.958465992624741087e-05
1.059999999999999970e-01,5.301177777777776878e-02,2.766530014779782442e-04,2.766530014779782221e-01,3.449580700551884149e+01,1.262035333052034680e+01,-3.449580700551884149e+01,-3.528520218509800799e-06,9.948273282273337073e-05
1.079999999999999988e-01,5.401199999999999751e-02,2.766488725945546079e-04,2.766488725945546179e-01,3.449229844540365519e+01,1.262035745940377041e+01,-3.449229844540365519e+01,-6.145513663874391241e-06,9.933963963519289392e-05
1.100000000000000006e-01,5.501222222222221930e-02,2.766407077193111410e-04,2.766407077193111519e-01,3.450134477247483034e+01,1.262036562427901387e+01,-3.450134477247483034e+01,-9.747636653845148658e-06,9.905721792024876492e-05
1.120000000000000023e-01,5.601244444444444109e-02,2.766293729889639577e-04,2.766293729889639508e-01,3.449748057406240775e+01,1.262037695900936107e+01,-3.449748057406240775e+01,-1.126907168602642173e-05,9.866512589038156601e-05
1.140000000000000041e-01,5.701266666666666288e-02,2.766181645674628065e-04,2.766181645674627987e-01,3.450760108322842967e+01,1.262038816743086223e+01,-3.450760108322842967e+01,-1.031984690549880845e-05,9.827724592603717863e-05
1.160000000000000059e-01,5.801288888888888468e-02,2.766087287085543462e-04,2.766087287085543522e-01,3.454546996340820897e+01,1.262039760328977067e+01,-3.454546996340820897e+01,-7.822055881900880081e-06,9.795066805434591477e-05
1.180000000000000077e-01,5.901311111111110647e-02,2.766025169792296948e-04,2.766025169792297178e-01,3.455067914975008136e+01,1.262040381501909536e+01,-3.455067914975008136e+01,-4.676764317729231735e-06,9.773528694395192844e-05
1.199999999999999956e-01,6.001333333333332826e-02,2.765993731013569783e-04,2.765993731013569601e-01,3.452583673774185513e+01,1.262040695889696806e+01,-3.452583673774185513e+01,-2.561116555027664887e-06,9.762624994013773601e-05
1.219999999999999973e-01,6.101355555555555005e-02,2.765973936078456523e-04,2.765973936078456319e-01,3.451532177666823031e+01,1.262040893839047939e+01,-3.451532177666823031e+01,-3.153671863542761855e-06,9.755776717846246875e-05
1.239999999999999991e-01,6.201377777777777184e-02,2.765930643559979607e-04,2.765930643559979529e-01,3.452080909210184245e+01,1.262041326764232707e+01,-3.452080909210184245e+01,-7.275186869271088597e-06,9.740748930555387657e-05
1.260000000000000009e-01,6.301400000000000057e-02,2.765828400006906844e-04,2.765828400006906662e-01,3.452999876222114750e+01,1.262042349199763436e+01,-3.452999876222114750e+01,-1.344773833281132092e-05,9.705272271289319816e-05
1.280000000000000027e-01,6.401422222222222236e-02,2.765661629025597764e-04,2.765661629025597534e-01,3.453580030367125175e+01,1.262044016909576527e+01,-3.453580030367125175e+01,-1.918974876449763833e-05,9.647481948918030267e-05
1.300000000000000044e-01,6.501444444444444415e-02,2.765444519743845008e-04,2.765444519743844864e-01,3.450342528927751573e+01,1.262046188002394054e+01,-3.450342528927751573e+01,-2.205009021497006394e-05,9.572407276904268403e-05
1.320000000000000062e-01,6.601466666666666594e-02,2.765220529220897448e-04,2.765220529220897561e-01,3.446300524545128496e+01,1.262048427907623527e+01,-3.446300524545128496e+01,-2.068793637888255432e-05,9.495082972616461015e-05
1.340000000000000080e-01,6.701488888888888773e-02,2.765030669069883508e-04,2.765030669069883373e-01,3.447268728762762180e+01,1.262050326509133669e+01,-3.447268728762762180e+01,-1.675937675241212510e-05,9.429566862684484027e-05
1.360000000000000098e-01,6.801511111111110952e-02,2.764885267199730570e-04,2.764885267199730379e-01,3.451425738001165655e+01,1.262051780527835199e+01,-3.451425738001165655e+01,-1.333574836695494703e-05,9.379493126990250541e-05
1.380000000000000115e-01,6.901533333333333131e-02,2.764763894832551641e-04,2.764763894832551472e-01,3.451333227029427775e+01,1.262052994251506988e+01,-3.451333227029427775e+01,-1.260057433644101721e-05,9.337814753849685420e-05
1.400000000000000133e-01,7.001555555555555310e-02,2.764633199710448980e-04,2.764633199710448963e-01,3.446873091930736877e+01,1.262054301202728013e+01,-3.446873091930736877e+01,-1.404359903195429027e-05,9.292876607806513551e-05
1.420000000000000151e-01,7.101577777777777489e-02,2.764482960435916525e-04,2.764482960435916681e-01,3.441577710827144188e+01,1.262055803595473336e+01,-3.441577710827144188e+01,-1.554571875184151963e-05,9.241134062627769259e-05
1.440000000000000169e-01,7.201599999999999668e-02,2.764322216243328845e-04,2.764322216243328967e-01,3.440135774691130166e+01,1.262057411037399213e+01,-3.440135774691130166e+01,-1.757630524923392557e-05,9.185725394580641163e-05
1.459999999999999909e-01,7.301622222222220460e-02,2.764131356214018969e-04,2.764131356214019064e-01,3.442785263876470481e+01,1.262059319637692312e+01,-3.442785263876470481e+01,-2.175887355210237573e-05,9.119842938310170955e-05
1.479999999999999927e-01,7.401644444444444026e-02,2.763886942066182671e-04,2.763886942066182684e-01,3.442233043117877145e+01,1.262061763779170676e+01,-3.442233043117877145e+01,-2.708075143467714163e-05,9.035489271971867346e-05
1.499999999999999944e-01,7.501666666666666206e-02,2.763589620826429759e-04,2.763589620826429893e-01,3.437780870316377246e+01,1.262064736991568203e+01,-3.437780870316377246e+01,-2.982289950650973687e-05,8.933146633746404900e-05
1.519999999999999962e-01,7.601688888888888385e-02,2.763290351529832430e-04,2.763290351529832378e-01,3.433579040575818198e+01,1.262067729684534179e+01,-3.433579040575818198e+01,-2.769626120979751249e-05,8.830344983439533050e-05
1.539999999999999980e-01,7.701711111111110564e-02,2.763035572507739407e-04,2.763035572507739346e-01,3.434324548556674728e+01,1.262070277474755109e+01,-3.434324548556674728e+01,-2.329251435229107159e-05,8.742809589524861422e-05
1.559999999999999998e-01,7.801733333333332743e-02,2.762824397720500293e-04,2.762824397720500258e-01,3.437823100110800567e+01,1.262072389222627500e+01,-3.437823100110800567e+01,-2.009004373568212820e-05,8.670135397044103417e-05
1.580000000000000016e-01,7.901755555555554922e-02,2.762633682343942649e-04,2.762633682343942909e-01,3.439938495066162005e+01,1.262074296376393079e+01,-3.439938495066162005e+01,-1.951690032958586229e-05,8.604387452539924333e-05
1.600000000000000033e-01,8.001777777777777101e-02,2.762433972972129417e-04,2.762433972972129226e-01,3.441934625533970404e+01,1.262076293470111210e+01,-3.441934625533970404e+01,-2.104363397778530320e-05,8.535432034597583014e-05
1.620000000000000051e-01,8.101799999999999280e-02,2.762212716137124754e-04,2.762212716137124602e-01,3.445248340259972508e+01,1.262078506038461256e+01,-3.445248340259972508e+01,-2.260829713798817586e-05,8.458997242084550594e-05
1.640000000000000069e-01,8.201822222222221459e-02,2.761981706548049175e-04,2.761981706548048976e-01,3.449326966963782581e+01,1.262080816134352013e+01,-3.449326966963782581e+01,-2.178477621891938831e-05,8.379265867121220420e-05
1.660000000000000087e-01,8.301844444444443638e-02,2.761776923791519050e-04,2.761776923791519067e-01,3.452362848575793919e+01,1.262082863961917312e+01,-3.452362848575793919e+01,-1.831198321350369085e-05,8.308618901013242568e-05
1.680000000000000104e-01,8.401866666666665817e-02,2.761615385497186831e-04,2.761615385497186992e-01,3.453230280664293872e+01,1.262084479344860632e+01,-3.453230280664293872e+01,-1.502887005777608920e-05,8.252900888456015651e-05
1.700000000000000122e-01,8.501888888888887996e-02,2.761476279595385052e-04,2.761476279595385108e-01,3.452985859696305226e+01,1.262085870403878651e+01,-3.452985859696305226e+01,-1.583229122653628806e-05,8.204990269286746281e-05
1.720000000000000140e-01,8.601911111111111563e-02,2.761298669306917427e-04,2.761298669306917475e-01,3.456931746334711875e+01,1.262087646506763328e+01,-3.456931746334711875e+01,-2.235533070188422400e-05,8.143741230440895717e-05
1.740000000000000158e-01,8.701933333333333742e-02,2.761029073624321722e-04,2.761029073624321484e-01,3.459874815320203822e+01,1.262090342463589288e+01,-3.459874815320203822e+01,-2.980666369398199400e-05,8.050502981580111642e-05
1.759999999999999898e-01,8.801955555555554533e-02,2.760702403558976787e-04,2.760702403558976670e-01,3.460678742080298775e+01,1.262093609164242736e+01,-3.460678742080298775e+01,-3.227178155457144371e-05,7.937332766802080938e-05
1.779999999999999916e-01,8.901977777777776712e-02,2.760383494563090393e-04,2.760383494563090623e-01,3.457821960044562104e+01,1.262096798254201602e+01,-3.457821960044562104e+01,-2.860565947099269479e-05,7.826826798753486311e-05
1.799999999999999933e-01,9.001999999999998892e-02,2.760130163233292188e-04,2.760130163233291967e-01,3.454060398770396745e+01,1.262099331567499583e+01,-3.454060398770396745e+01,-2.164225430462130007e-05,7.739119502073325059e-05
1.819999999999999951e-01,9.102022222222221071e-02,2.759950553289201186e-04,2.759950553289201025e-01,3.451279168170614753e+01,1.262101127666940492e+01,-3.451279168170614753e+01,-1.509709893379729273e-05,7.677054346294832107e-05
1.839999999999999969e-01,9.202044444444443250e-02,2.759828154156398778e-04,2.759828154156399038e-01,3.453856863515650133e+01,1.262102351658268518e+01,-3.453856863515650133e+01,-1.007221294593851901e-05,7.634816450701603641e-05
1.859999999999999987e-01,9.302066666666665429e-02,2.759749064264891620e-04,2.759749064264891416e-01,3.457734109067410344e+01,1.262103142557183588e+01,-3.457734109067410344e+01,-7.465818676472002480e-06,7.607406730914968566e-05
1.880000000000000004e-01,9.402088888888887608e-02,2.759678804601453390e-04,2.759678804601453650e-01,3.459451301099924336e+01,1.262103845153817971e+01,-3.459451301099924336e+01,-9.076319368167551360e-06,7.582881174178192569e-05
1.900000000000000022e-01,9.502111111111109787e-02,2.759567497538331269e-04,2.759567497538331082e-01,3.461028958279129597e+01,1.262104958224449192e+01,-3.461028958279129597e+01,-1.446905255994557216e-05,7.544105707585345465e-05
1.920000000000000040e-01,9.602133333333331966e-02,2.759389359243354144e-04,2.759389359243354378e-01,3.461617218719207756e+01,1.262106739607398964e+01,-3.461617218719207756e+01,-2.147739179395036224e-05,7.482248788321085105e-05
1.940000000000000058e-01,9.702155555555555533e-02,2.759137854247377527e-04,2.759137854247377675e-01,3.461015718254936502e+01,1.262109254657358726e+01,-3.461015718254936502e+01,-2.717328572687804922e-05,7.395095693452155420e-05
1.960000000000000075e-01,9.802177777777777712e-02,2.758845772758657848e-04,2.758845772758657944e-01,3.460165719930685668e+01,1.262112175472245923e+01,-3.460165719930685668e+01,-2.881838492613253422e-05,7.293916132559483795e-05
1.980000000000000093e-01,9.902199999999999891e-02,2.758561358467144075e-04,2.758561358467144231e-01,3.461358929167948872e+01,1.262115019615161060e+01,-3.461358929167948872e+01,-2.560788731562069209e-05,7.195355864638893482e-05
2.000000000000000111e-01,1.000222222222222207e-01,2.758333501199512739e-04,2.758333501199512483e-01,3.463296456500788167e+01,1.262117298187837378e+01,-3.463296456500788167e+01,-1.915389620024687822e-05,7.116370761997934541e-05
2.020000000000000129e-01,1.010224444444444425e-01,2.758178195414711232e-04,2.758178195414711098e-01,3.463542283026990276e+01,1.262118851245685391e+01,-3.463542283026990276e+01,-1.316527249448085080e-05,7.062550364793162378e-05
2.040000000000000147e-01,1.020226666666666643e-01,2.758070137237300895e-04,2.758070137237300656e-01,3.462948361561967658e+01,1.262119931827459496e+01,-3.462948361561967658e+01,-9.602201051617242911e-06,7.025116782906112964e-05
2.060000000000000164e-01,1.030228888888888861e-01,2.757986108717230020e-04,2.757986108717230267e-01,3.461126832773251749e+01,1.262120772112660205e+01,-3.461126832773251749e+01,-8.897483609243694858e-06,6.995977369665700623e-05
2.080000000000000182e-01,1.040231111111111079e-01,2.757892148020744277e-04,2.757892148020744116e-01,3.461894006389947975e+01,1.262121711719625061e+01,-3.461894006389947975e+01,-1.230261065560123157e-05,6.963383618118371772e-05
2.099999999999999922e-01,1.050233333333333158e-01,2.757740001825848019e-04,2.757740001825847997e-01,3.465164388931275852e+01,1.262123233181574022e+01,-3.465164388931275852e+01,-1.887494677951795374e-05,6.910645751250518807e-05
2.119999999999999940e-01,1.060235555555555376e-01,2.757514565196501769e-04,2.757514565196501621e-01,3.470017696707559907e+01,1.262125487547867486e+01,-3.470017696707559907e+01,-2.510880068801180087e-05,6.832547847240558376e-05
2.139999999999999958e-01,1.070237777777777594e-01,2.757237714217417686e-04,2.757237714217417590e-01,3.473341077876131777e+01,1.262128256057658326e+01,-3.473341077876131777e+01,-2.896700290608289485e-05,6.736614020742984568e-05
2.159999999999999976e-01,1.080239999999999950e-01,2.756935096396145044e-04,2.756935096396145313e-01,3.472137784010302397e+01,1.262131282235871055e+01,-3.472137784010302397e+01,-3.157856990693153065e-05,6.631751624518412915e-05
2.179999999999999993e-01,1.090242222222222168e-01,2.756606002470079141e-04,2.756606002470078920e-01,3.470450116047381073e+01,1.262134573175131713e+01,-3.470450116047381073e+01,-3.465453681406049924e-05,6.517798514903826331e-05
2.200000000000000011e-01,1.100244444444444386e-01,2.756241851639700154e-04,2.756241851639700258e-01,3.471130431013796169e+01,1.262138214683435500e+01,-3.471130431013796169e+01,-3.837282132926334022e-05,6.391637623149928611e-05
2.220000000000000029e-01,1.110246666666666604e-01,2.755838375497621099e-04,2.755838375497621229e-01,3.472256471263354172e+01,1.262142249444856290e+01,-3.472256471263354172e+01,-4.113271054753675493e-05,6.251634985295186151e-05
2.240000000000000047e-01,1.120248888888888822e-01,2.755419014616702542e-04,2.755419014616702356e-01,3.471823226954373354e+01,1.262146443053665479e+01,-3.471823226954373354e+01,-4.047895674194612603e-05,6.105852178164817255e-05
2.260000000000000064e-01,1.130251111111111040e-01,2.755028616456307736e-04,2.755028616456307589e-01,3.471006859405138556e+01,1.262150347035269426e+01,-3.471006859405138556e+01,-3.637492841926381892e-05,5.969987966062947958e-05
2.280000000000000082e-01,1.140253333333333258e-01,2.754691354381968733e-04,2.754691354381968993e-01,3.468744380790263193e+01,1.262153719656012818e+01,-3.468744380790263193e+01,-3.361936278981070281e-05,5.852684689505106472e-05
2.300000000000000100e-01,1.150255555555555476e-01,2.754356079781121718e-04,2.754356079781121736e-01,3.465060977487711114e+01,1.262157072402021285e+01,-3.465060977487711114e+01,-3.688671429624701403e-05,5.736187017049647867e-05
2.320000000000000118e-01,1.160257777777777694e-01,2.753953456155091412e-04,2.753953456155091573e-01,3.462171168194942084e+01,1.262161098638281587e+01,-3.462171168194942084e+01,-4.480151644825625112e-05,5.596422978294286467e-05
2.340000000000000135e-01,1.170259999999999911e-01,2.753459850334305558e-04,2.753459850334305514e-01,3.464047608528429123e+01,1.262166034696489447e+01,-3.464047608528429123e+01,-5.240592557109735594e-05,5.425303185887081064e-05
2.360000000000000153e-01,1.180262222222222129e-01,2.752905104728444710e-04,2.752905104728444741e-01,3.467269562694131224e+01,1.262171582152548055e+01,-3.467269562694131224e+01,-5.675737913160561199e-05,5.233034521841679583e-05
2.380000000000000171e-01,1.190264444444444347e-01,2.752324450496655066e-04,2.752324450496654862e-01,3.467031117846431698e+01,1.262177388694865954e+01,-3.467031117846431698e+01,-5.759975333488598359e-05,5.031750540110203803e-05
2.399999999999999911e-01,1.200266666666666565e-01,2.751752853662843210e-04,2.751752853662843279e-01,3.463498055262619602e+01,1.262183104663204070e+01,-3.463498055262619602e+01,-5.585788029582872127e-05,4.833625693006818981e-05
2.419999999999999929e-01,1.210268888888888783e-01,2.751207044633492628e-04,2.751207044633492416e-01,3.462673091092728583e+01,1.262188562753497578e+01,-3.462673091092728583e+01,-5.363159914573145670e-05,4.644448437628751077e-05
2.439999999999999947e-01,1.220271111111111001e-01,2.750679983317265735e-04,2.750679983317265709e-01,3.464823440591717940e+01,1.262193833366659845e+01,-3.464823440591717940e+01,-5.213620061692014751e-05,4.461713164170118490e-05
2.459999999999999964e-01,1.230273333333333219e-01,2.750164088904707418e-04,2.750164088904707427e-01,3.467183764016355951e+01,1.262198992310785428e+01,-3.467183764016355951e+01,-5.142911658856386126e-05,4.282712258816045650e-05
2.479999999999999982e-01,1.240275555555555437e-01,2.749651172411642672e-04,2.749651172411642919e-01,3.467953949143969083e+01,1.262204121475716079e+01,-3.467953949143969083e+01,-5.077975626033293111e-05,4.104650989807423657e-05
2.500000000000000000e-01,1.250277777777777655e-01,2.749148268091694872e-04,2.749148268091695102e-01,3.465891686246951053e+01,1.262209150518915557e+01,-3.465891686246951053e+01,-4.957082209544605433e-05,3.930143886303047918e-05
2.520000000000000018e-01,1.260280000000000011e-01,2.748659535654969142e-04,2.748659535654969233e-01,3.466160030401272962e+01,1.262214037843282810e+01,-3.466160030401272962e+01,-4.910461335130844596e-05,3.760630799536580275e-05
2.540000000000000036e-01,1.270282222222222090e-01,2.748165957581942889e-04,2.748165957581942820e-01,3.468976228493447422e+01,1.262218973624013074e+01,-3.468976228493447422e+01,-5.034171318954450136e-05,3.589330757086980461e-05
2.560000000000000053e-01,1.280284444444444447e-01,2.747652477650230733e-04,2.747652477650230907e-01,3.470714257858614360e+01,1.262224108423330193e+01,-3.470714257858614360e+01,-5.243507812438541471e-05,3.411015775570112489e-05
2.580000000000000071e-01,1.290286666666666526e-01,2.747117022974663496e-04,2.747117022974663314e-01,3.472441063080887602e+01,1.262229462970085869e+01,-3.472441063080887602e+01,-5.245789106719800365e-05,3.225187360418413043e-05
2.600000000000000089e-01,1.300288888888888883e-01,2.746603086682703897e-04,2.746603086682704031e-01,3.473907758982608840e+01,1.262234602333005462e+01,-3.473907758982608840e+01,-4.810908625751952883e-05,3.046938398357492959e-05
2.620000000000000107e-01,1.310291111111110962e-01,2.746154627431351774e-04,2.746154627431351969e-01,3.473354593903442122e+01,1.262239086925518983e+01,-3.473354593903442122e+01,-4.309189998832896329e-05,2.891457653323167579e-05
2.640000000000000124e-01,1.320293333333333319e-01,2.745741057163382211e-04,2.745741057163382237e-01,3.470825984011943888e+01,1.262243222628198680e+01,-3.470825984011943888e+01,-4.283845307187506002e-05,2.748069292811781289e-05
2.660000000000000142e-01,1.330295555555555398e-01,2.745297667976789283e-04,2.745297667976789313e-01,3.470322137312049904e+01,1.262247656520064609e+01,-3.470322137312049904e+01,-4.721688916770050426e-05,2.594244251725206596e-05
2.680000000000000160e-01,1.340297777777777755e-01,2.744796509527187563e-04,2.744796509527187567e-01,3.470757015835848591e+01,1.262252668104560627e+01,-3.470757015835848591e+01,-5.176224261832507167e-05,2.420251780289930582e-05
2.700000000000000178e-01,1.350299999999999834e-01,2.744262193070010850e-04,2.744262193070010625e-01,3.471964566621771553e+01,1.262258011269132396e+01,-3.471964566621771553e+01,-5.345306970477858854e-05,2.234648038367576960e-05
2.720000000000000195e-01,1.360302222222222190e-01,2.743727210563893419e-04,2.743727210563893237e-01,3.474153593586525801e+01,1.262263361094193570e+01,-3.474153593586525801e+01,-5.412559914327874644e-05,2.048650469771514892e-05
2.740000000000000213e-01,1.370304444444444547e-01,2.743179440528926592e-04,2.743179440528926705e-01,3.475270209996723736e+01,1.262268838794543235e+01,-3.475270209996723736e+01,-5.586966605150567311e-05,1.858075029871949770e-05
2.760000000000000231e-01,1.380306666666666626e-01,2.742609568933236587e-04,2.742609568933236375e-01,3.474315562218558995e+01,1.262274537510500139e+01,-3.474315562218558995e+01,-5.672467539541425907e-05,1.659886570740657139e-05
2.780000000000000249e-01,1.390308888888888983e-01,2.742044694911349939e-04,2.742044694911349723e-01,3.475333855713101627e+01,1.262280186250719005e+01,-3.475333855713101627e+01,-5.503562995604061037e-05,1.463469125474269847e-05
2.800000000000000266e-01,1.400311111111111062e-01,2.741508611731315807e-04,2.741508611731315881e-01,3.478512682377419196e+01,1.262285547082519344e+01,-3.478512682377419196e+01,-5.197242814741764860e-05,1.276869149572730695e-05
2.820000000000000284e-01,1.410313333333333419e-01,2.741005015359832030e-04,2.741005015359831987e-01,3.480271106340902776e+01,1.262290583046234183e+01,-3.480271106340902776e+01,-4.942086040202187114e-05,1.101435035972847288e-05
2.840000000000000302e-01,1.420315555555555498e-01,2.740519974875006747e-04,2.740519974875006981e-01,3.482481400185392317e+01,1.262295433451082438e+01,-3.482481400185392317e+01,-4.870865712014449400e-05,9.324837560971852512e-06
2.860000000000000320e-01,1.430317777777777855e-01,2.740030625734508549e-04,2.740030625734508618e-01,3.483745456019855169e+01,1.262300326942487416e+01,-3.483745456019855169e+01,-5.043711886448809523e-05,7.620025258622137049e-06
2.880000000000000338e-01,1.440319999999999934e-01,2.739511008332744355e-04,2.739511008332744524e-01,3.483299224230020030e+01,1.262305523116505057e+01,-3.483299224230020030e+01,-5.461884519780690894e-05,5.808989925257622925e-06
2.899999999999999800e-01,1.450322222222222013e-01,2.738938006080129245e-04,2.738938006080129384e-01,3.482787124415084890e+01,1.262311253139031209e+01,-3.482787124415084890e+01,-6.059081270928801111e-05,3.812249982719274063e-06
2.919999999999999818e-01,1.460324444444444092e-01,2.738298922786057757e-04,2.738298922786057688e-01,3.483514410260607264e+01,1.262317643971971926e+01,-3.483514410260607264e+01,-6.694852263677830706e-05,1.586242137468011132e-06
2.939999999999999836e-01,1.470326666666666449e-01,2.737598738078404217e-04,2.737598738078404481e-01,3.484235959332440302e+01,1.262324645819048463e+01,-3.484235959332440302e+01,-7.201777665047370824e-05,-8.520681669794157236e-07
2.959999999999999853e-01,1.480328888888888805e-01,2.736858247174040891e-04,2.736858247174041026e-01,3.482007907782310951e+01,1.262332050728092092e+01,-3.482007907782310951e+01,-7.469651755787065639e-05,-3.430521668954211684e-06
2.979999999999999871e-01,1.490331111111110884e-01,2.736104475742724348e-04,2.736104475742724418e-01,3.482264290580442889e+01,1.262339588442405258e+01,-3.482264290580442889e+01,-7.508296325756114165e-05,-6.055659891310223890e-06
2.999999999999999889e-01,1.500333333333333241e-01,2.735356254206831135e-04,2.735356254206831039e-01,3.484987603088816854e+01,1.262347070657764192e+01,-3.484987603088816854e+01,-7.355169513212356236e-05,-8.662584404505649491e-06
3.019999999999999907e-01,1.510335555555555320e-01,2.734633114943658852e-04,2.734633114943658683e-01,3.489441597004108075e+01,1.262354302050395916e+01,-3.489441597004108075e+01,-7.111215976704499120e-05,-1.118395655764363900e-05
3.039999999999999925e-01,1.520337777777777677e-01,2.733933694957446864e-04,2.733933694957446647e-01,3.490796048429834286e+01,1.262361296250258036e+01,-3.490796048429834286e+01,-6.867832841064847038e-05,-1.362426070284141384e-05
3.059999999999999942e-01,1.530339999999999756e-01,2.733259243138430649e-04,2.733259243138430605e-01,3.488390939764371979e+01,1.262368040768448196e+01,-3.488390939764371979e+01,-6.475175746312178404e-05,-1.597731536248698204e-05
3.079999999999999960e-01,1.540342222222222113e-01,2.732638372022595471e-04,2.732638372022595519e-01,3.487667101182655216e+01,1.262374249479606547e+01,-3.487667101182655216e+01,-5.993143801183431485e-05,-1.814225417613261204e-05
3.099999999999999978e-01,1.550344444444444192e-01,2.732060348016247570e-04,2.732060348016247531e-01,3.489129779823533539e+01,1.262380029719670027e+01,-3.489129779823533539e+01,-5.756929935471499782e-05,-2.015721312864933893e-05
3.119999999999999996e-01,1.560346666666666549e-01,2.731486730171948387e-04,2.731486730171948651e-01,3.490931871067656544e+01,1.262385765898113021e+01,-3.490931871067656544e+01,-5.897135406346398767e-05,-2.215747353596625227e-05
3.140000000000000013e-01,1.570348888888888628e-01,2.730880658840071241e-04,2.730880658840071362e-01,3.492671904031584518e+01,1.262391826611431789e+01,-3.492671904031584518e+01,-6.326952635923865920e-05,-2.427278760736137684e-05
3.160000000000000031e-01,1.580351111111110984e-01,2.730221058446868996e-04,2.730221058446868909e-01,3.492267689551773913e+01,1.262398422615363813e+01,-3.492267689551773913e+01,-6.913263655650148110e-05,-2.657608477630542590e-05
3.180000000000000049e-01,1.590353333333333063e-01,2.729497698852778489e-04,2.729497698852778598e-01,3.489732204649901348e+01,1.262405656211304716e+01,-3.489732204649901348e+01,-7.538018267080892620e-05,-2.910161345437153413e-05
3.200000000000000067e-01,1.600355555555555420e-01,2.728713119770418533e-04,2.728713119770418416e-01,3.489854172295901691e+01,1.262413502002128318e+01,-3.489854172295901691e+01,-8.099762331723048270e-05,-3.184157741304102806e-05
3.220000000000000084e-01,1.610357777777777777e-01,2.727877386396997269e-04,2.727877386396997395e-01,3.492747680423988754e+01,1.262421859335862528e+01,-3.492747680423988754e+01,-8.732941629119306270e-05,-3.476315673858537333e-05
3.240000000000000102e-01,1.620359999999999856e-01,2.726966143313855730e-04,2.726966143313855895e-01,3.492671227518024324e+01,1.262430971766693943e+01,-3.492671227518024324e+01,-9.605242419966075751e-05,-3.794947070330213995e-05
3.260000000000000120e-01,1.630362222222222213e-01,2.725955911013340461e-04,2.725955911013340227e-01,3.489457092233243429e+01,1.262441074089699100e+01,-3.489457092233243429e+01,-1.040377959920513184e-04,-4.147874287845535699e-05
3.280000000000000138e-01,1.640364444444444292e-01,2.724884925003810102e-04,2.724884925003809855e-01,3.486586989565834216e+01,1.262451783949794404e+01,-3.486586989565834216e+01,-1.061197397896340711e-04,-4.521698614077339888e-05
3.300000000000000155e-01,1.650366666666666648e-01,2.723833044574259696e-04,2.723833044574259787e-01,3.485221900033802456e+01,1.262462302754089905e+01,-3.485221900033802456e+01,-1.019610184951891263e-04,-4.888738507920506953e-05
3.320000000000000173e-01,1.660368888888888728e-01,2.722845251473824182e-04,2.722845251473824391e-01,3.484576588442285328e+01,1.262472180685094258e+01,-3.484576588442285328e+01,-9.618163537866708523e-05,-5.233342138459434766e-05
3.340000000000000191e-01,1.670371111111111084e-01,2.721908984392751329e-04,2.721908984392751307e-01,3.484746016565627968e+01,1.262481543355904989e+01,-3.484746016565627968e+01,-9.332225564187557332e-05,-5.559836339856742812e-05
3.360000000000000209e-01,1.680373333333333163e-01,2.720978391595405823e-04,2.720978391595405554e-01,3.483270764801196151e+01,1.262490849283878447e+01,-3.483270764801196151e+01,-9.330434876886339879e-05,-5.884272491457536521e-05
3.380000000000000226e-01,1.690375555555555520e-01,2.720042482731379490e-04,2.720042482731379607e-01,3.480566504175623521e+01,1.262500208372518706e+01,-3.480566504175623521e+01,-9.359072169912163730e-05,-6.210391618205162302e-05
3.400000000000000244e-01,1.700377777777777599e-01,2.719106161202660158e-04,2.719106161202660132e-01,3.481795459756275335e+01,1.262509571587805901e+01,-3.481795459756275335e+01,-9.443939967482273268e-05,-6.536488211806402516e-05
3.420000000000000262e-01,1.710379999999999956e-01,2.718153275007218123e-04,2.718153275007217928e-01,3.487443419552018042e+01,1.262519100449760323e+01,-3.487443419552018042e+01,-9.605657880926155023e-05,-6.868467509924366032e-05
3.440000000000000280e-01,1.720382222222222313e-01,2.717184602708346865e-04,2.717184602708346830e-01,3.491225967501062399e+01,1.262528787172749034e+01,-3.491225967501062399e+01,-9.657774248847394993e-05,-7.206233283957862743e-05
3.460000000000000298e-01,1.730384444444444392e-01,2.716221290923037505e-04,2.716221290923037657e-01,3.492456075363659806e+01,1.262538420290602126e+01,-3.492456075363659806e+01,-9.588212300373766261e-05,-7.542414755340505635e-05
3.480000000000000315e-01,1.740386666666666748e-01,2.715266534105502914e-04,2.715266534105502672e-01,3.492415650334901756e+01,1.262547967858777476e+01,-3.492415650334901756e+01,-9.627080423665890230e-05,-7.875786791368283584e-05
3.500000000000000333e-01,1.750388888888888828e-01,2.714295446968062746e-04,2.714295446968063019e-01,3.491484256971553890e+01,1.262557678730151878e+01,-3.491484256971553890e+01,-9.866744904957203133e-05,-8.214853316062430610e-05
3.519999999999999796e-01,1.760391111111110907e-01,2.713292746602515774e-04,2.713292746602515848e-01,3.489904452857049222e+01,1.262567705733807344e+01,-3.489904452857049222e+01,-1.015779968923102849e-04,-8.564867498758716282e-05
3.539999999999999813e-01,1.770393333333332986e-01,2.712263435572452694e-04,2.712263435572452863e-01,3.489684513137004984e+01,1.262577998844107974e+01,-3.489684513137004984e+01,-1.018612954197806175e-04,-8.924297236469754620e-05
3.559999999999999831e-01,1.780395555555555342e-01,2.711255067977251954e-04,2.711255067977251798e-01,3.491191410937919670e+01,1.262588082520059984e+01,-3.491191410937919670e+01,-9.673466871429337033e-05,-9.276665944937558504e-05
3.579999999999999849e-01,1.790397777777777422e-01,2.710328312266305933e-04,2.710328312266305772e-01,3.493086530440059079e+01,1.262597350077169445e+01,-3.493086530440059079e+01,-8.825658453248674817e-05,-9.600668126298881374e-05
3.599999999999999867e-01,1.800399999999999778e-01,2.709489544035115390e-04,2.709489544035115216e-01,3.495884815561461778e+01,1.262605737759481350e+01,-3.495884815561461778e+01,-8.095845937830525862e-05,-9.893930474675222955e-05
3.619999999999999885e-01,1.810402222222221857e-01,2.708708783263365076e-04,2.708708783263364950e-01,3.497519190405090228e+01,1.262613545367198853e+01,-3.497519190405090228e+01,-7.606194763834506212e-05,-1.016691248767802812e-04
3.639999999999999902e-01,1.820404444444444214e-01,2.707967967029247837e-04,2.707967967029247802e-01,3.498109532950205391e+01,1.262620953529540024e+01,-3.498109532950205391e+01,-7.224073660447305478e-05,-1.042601547099677588e-04
3.659999999999999920e-01,1.830406666666666571e-01,2.707263647461335206e-04,2.707263647461335410e-01,3.498065565404809263e+01,1.262627996725219148e+01,-3.498065565404809263e+01,-6.873680726848796496e-05,-1.067243541894221526e-04
3.679999999999999938e-01,1.840408888888888650e-01,2.706592925386957127e-04,2.706592925386956949e-01,3.498403825456899341e+01,1.262634703945962933e+01,-3.498403825456899341e+01,-6.629736453131473972e-05,-1.090712175981984114e-04
3.699999999999999956e-01,1.850411111111111007e-01,2.705937405515754820e-04,2.705937405515754790e-01,3.499131704586206837e+01,1.262641259144674954e+01,-3.499131704586206837e+01,-6.364787196644350331e-05,-1.113650406873831927e-04
3.719999999999999973e-01,1.860413333333333086e-01,2.705319685068197349e-04,2.705319685068197089e-01,3.498608710006628542e+01,1.262647436349150531e+01,-3.498608710006628542e+01,-5.190420046574661939e-05,-1.135259366672707585e-04
3.739999999999999991e-01,1.870415555555555442e-01,2.704899090821104844e-04,2.704899090821104579e-01,3.493057266948530071e+01,1.262651642291621457e+01,-3.493057266948530071e+01,-1.975674488527423556e-05,-1.149954511694246614e-04
3.760000000000000009e-01,1.880417777777777522e-01,2.704924462362736791e-04,2.704924462362736648e-01,3.482216036080311028e+01,1.262651388576205136e+01,-3.482216036080311028e+01,3.923718004847365215e-05,-1.149070297323160857e-04
3.780000000000000027e-01,1.890419999999999878e-01,2.705684008809541396e-04,2.705684008809541297e-01,3.473501050130452228e+01,1.262643793111737089e+01,-3.473501050130452228e+01,1.273359202350887731e-04,-1.122667918253315525e-04
3.800000000000000044e-01,1.900422222222221957e-01,2.707471746704861386e-04,2.707471746704861459e-01,3.465311165871499810e+01,1.262625915732783888e+01,-3.465311165871499810e+01,2.572788474501652711e-04,-1.060669545539117276e-04
3.820000000000000062e-01,1.910424444444444314e-01,2.710830729220088512e-04,2.710830729220088386e-01,3.448558582666515093e+01,1.262592325907631619e+01,-3.448558582666515093e+01,4.736016766345163553e-04,-9.445927185782181535e-05
3.840000000000000080e-01,1.920426666666666393e-01,2.716945885133892303e-04,2.716945885133892347e-01,3.416377033490817894e+01,1.262531174348493579e+01,-3.416377033490817894e+01,8.434871412325850581e-04,-7.347654572586759811e-05
3.860000000000000098e-01,1.930428888888888750e-01,2.727704220876479065e-04,2.727704220876479013e-01,3.366266728604845326e+01,1.262423590991067712e+01,-3.366266728604845326e+01,1.428791052493688651e-03,-3.700536460316866314e-05
3.880000000000000115e-01,1.940431111111111107e-01,2.745528056366222029e-04,2.745528056366222103e-01,3.309764512350513144e+01,1.262245352636170281e+01,-3.309764512350513144e+01,2.273100284828910578e-03,2.246827690491827155e-05
3.900000000000000133e-01,1.950433333333333186e-01,2.773176329240989424e-04,2.773176329240989446e-01,3.249266076263248237e+01,1.261968869907422608e+01,-3.249266076263248237e+01,3.404816687907430417e-03,1.131067581459902123e-04
3.920000000000000151e-01,1.960435555555555542e-01,2.813639522642983628e-04,2.813639522642983892e-01,3.185329863237753401e+01,1.261564237973402669e+01,-3.185329863237753401e+01,4.848339361343600995e-03,2.432375701769727908e-04
3.940000000000000169e-01,1.970437777777777622e-01,2.870164664642800350e-04,2.870164664642800290e-01,3.119429546508479945e+01,1.260998986553404499e+01,-3.119429546508479945e+01,6.629658572408742012e-03,4.213601122238725197e-04
3.960000000000000187e-01,1.980439999999999978e-01,2.946262159240369319e-04,2.946262159240369272e-01,3.052927492749373428e+01,1.260238011607428810e+01,-3.052927492749373428e+01,8.773195436734382291e-03,6.561436154073287032e-04
3.980000000000000204e-01,1.990442222222222057e-01,3.045667565357206095e-04,3.045667565357206286e-01,2.989118561966919074e+01,1.259243957546260440e+01,-2.989118561966919074e+01,1.130624016413056543e-02,9.563886022096457218e-04
4.000000000000000222e-01,2.000444444444444414e-01,3.172437212479266560e-04,3.172437212479266577e-01,2.929026604579197013e+01,1.257976261075039837e+01,-2.929026604579197013e+01,1.425087776635164394e-02,1.331440257212330135e-03
4.020000000000000240e-01,2.010446666666666493e-01,3.330748457918755452e-04,3.330748457918755179e-01,2.876196617894907348e+01,1.256393148620644951e+01,-2.876196617894907348e+01,1.761582959834229190e-02,1.790877215185053117e-03
4.040000000000000258e-01,2.020448888888888850e-01,3.524832097022105723e-04,3.524832097022105870e-01,2.828043229640585920e+01,1.254452312229611444e+01,-2.828043229640585920e+01,2.140855135684718857e-02,2.344354043876467012e-03
4.060000000000000275e-01,2.030451111111110929e-01,3.759014634172839217e-04,3.759014634172839209e-01,2.793185719609584794e+01,1.252110486858104110e+01,-2.793185719609584794e+01,2.563831134359212394e-02,3.002500583362934742e-03
4.080000000000000293e-01,2.040453333333333286e-01,4.037712271944364755e-04,4.037712271944364772e-01,2.776047255324074214e+01,1.249323510480388855e+01,-2.776047255324074214e+01,3.030767997930641777e-02,3.778552171731180617e-03
4.100000000000000311e-01,2.050455555555555642e-01,4.365302934558883564e-04,4.365302934558883408e-01,2.774756313120474260e+01,1.246047603854243668e+01,-2.774756313120474260e+01,3.540845053285829325e-02,4.687779903174669159e-03
4.120000000000000329e-01,2.060457777777777721e-01,4.746038653492785984e-04,4.746038653492786197e-01,2.786967095464287070e+01,1.242240246664904646e+01,-2.786967095464287070e+01,4.093032292072029676e-02,5.746656249793701508e-03
4.140000000000000346e-01,2.070460000000000078e-01,5.184091305519604670e-04,5.184091305519604731e-01,2.817151757979733162e+01,1.237859720144636455e+01,-2.817151757979733162e+01,4.686670103327353343e-02,6.974296801878267400e-03
4.160000000000000364e-01,2.080462222222222157e-01,5.683580970607291730e-04,5.683580970607291505e-01,2.870669837498870081e+01,1.232864823493759587e+01,-2.870669837498870081e+01,5.320489183442705938e-02,8.395079210071784356e-03
4.179999999999999827e-01,2.090464444444444236e-01,6.248425608394061852e-04,6.248425608394061470e-01,2.949191490096960067e+01,1.227216377115891888e+01,-2.949191490096960067e+01,5.991940136388074212e-02,1.003913031041181458e-02
4.199999999999999845e-01,2.100466666666666316e-01,6.882235306335395637e-04,6.882235306335395819e-01,3.049632389100467833e+01,1.220878280136478544e+01,-3.049632389100467833e+01,6.698061786097553316e-02,1.194070476013673297e-02
4.219999999999999862e-01,2.110468888888888672e-01,7.588335657248510696e-04,7.588335657248510557e-01,3.176065710408978759e+01,1.213817276627347397e+01,-3.176065710408978759e+01,7.436456671054675338e-02,1.413931744595816470e-02
4.239999999999999880e-01,2.120471111111110751e-01,8.369857149731707796e-04,8.369857149731707580e-01,3.328896216559352439e+01,1.206002061702515427e+01,-3.328896216559352439e+01,8.206309286542518011e-02,1.668192437383458904e-02
4.259999999999999898e-01,2.130473333333333108e-01,9.229962239414195909e-04,9.229962239414195579e-01,3.499005782640361417e+01,1.197401010805690547e+01,-3.499005782640361417e+01,9.009033519152992442e-02,1.961904473188651882e-02
4.279999999999999916e-01,2.140475555555555187e-01,1.017206425505204305e-03,1.017206425505204237e+00,3.684663459706875699e+01,1.187979990649312079e+01,-3.684663459706875699e+01,9.846943522133694282e-02,2.300367870788413982e-02
4.299999999999999933e-01,2.150477777777777544e-01,1.119978858577525254e-03,1.119978858577525216e+00,3.886391803010190671e+01,1.177702747342079981e+01,-3.886391803010190671e+01,1.072164303793350371e-01,2.689496853936855850e-02
4.319999999999999951e-01,2.160479999999999901e-01,1.231686938010712572e-03,1.231686938010712495e+00,4.109385777237496740e+01,1.166531939398761253e+01,-4.109385777237496740e+01,1.163306873075162784e-01,3.136189100656317646e-02
4.339999999999999969e-01,2.170482222222221980e-01,1.352691935720249814e-03,1.352691935720249816e+00,4.363799582533129495e+01,1.154431439627807521e+01,-4.363799582533129495e+01,1.257929051936562681e-01,3.648952752758165274e-02
4.359999999999999987e-01,2.180484444444444336e-01,1.483328656355889031e-03,1.483328656355888953e+00,4.647796093429166575e+01,1.141367767564243607e+01,-4.647796093429166575e+01,1.355796001301936560e-01,4.237710500446831285e-02
4.380000000000000004e-01,2.190486666666666415e-01,1.623911393580694746e-03,1.623911393580694806e+00,4.957463889051546602e+01,1.127309493841763022e+01,-4.957463889051546602e+01,1.456663075269580832e-01,4.913031623017611454e-02
4.400000000000000022e-01,2.200488888888888772e-01,1.774726011990928557e-03,1.774726011990928498e+00,5.294083778006707774e+01,1.112228032000739653e+01,-5.294083778006707774e+01,1.560362278708268269e-01,5.686247934605555970e-02
4.420000000000000040e-01,2.210491111111110851e-01,1.936053198756956936e-03,1.936053198756956917e+00,5.669751066591992128e+01,1.096095313324136811e+01,-5.669751066591992128e+01,1.666796282599908308e-01,6.570830419375929543e-02
4.440000000000000058e-01,2.220493333333333208e-01,2.108159348345692644e-03,2.108159348345692852e+00,6.090757669640247940e+01,1.078884698365263262e+01,-6.090757669640247940e+01,1.775665282411067469e-01,7.583090084114851859e-02
4.460000000000000075e-01,2.230495555555555287e-01,2.291265173696166186e-03,2.291265173696166002e+00,6.547220754371637952e+01,1.060574115830215902e+01,-6.547220754371637952e+01,1.886493185361177716e-01,8.740399579106707117e-02
4.480000000000000093e-01,2.240497777777777644e-01,2.485541829559499618e-03,2.485541829559499760e+00,7.032302340778720406e+01,1.041146450243882526e+01,-7.032302340778720406e+01,1.998852216635256251e-01,1.005978596927889768e-01
4.500000000000000111e-01,2.250499999999999723e-01,2.691124454899512190e-03,2.691124454899512131e+00,7.557422412288461544e+01,1.020588187709881289e+01,-7.557422412288461544e+01,2.112426559978557439e-01,1.155980363184422877e-01
4.520000000000000129e-01,2.260502222222222080e-01,2.908121027180099374e-03,2.908121027180099460e+00,8.133204884386866240e+01,9.988885304818225563e+00,-8.133204884386866240e+01,2.226855945557697503e-01,1.326256173277420292e-01
4.540000000000000147e-01,2.270504444444444159e-01,3.136594615386409293e-03,3.136594615386409490e+00,8.758735065142253973e+01,9.760411716611915978e+00,-8.758735065142253973e+01,2.341615448315985670e-01,1.519262718479706120e-01
4.560000000000000164e-01,2.280506666666666515e-01,3.376548188640999572e-03,3.376548188640999371e+00,9.436838079854607031e+01,9.520458143357325653e+00,-9.436838079854607031e+01,2.456142028385375209e-01,1.737608558206834297e-01
4.580000000000000182e-01,2.290508888888888872e-01,3.627932182931419090e-03,3.627932182931419280e+00,1.016882484145596095e+02,9.269074149066906187e+00,-1.016882484145596095e+02,2.569889671571972123e-01,1.984079648508659810e-01
4.600000000000000200e-01,2.300511111111110951e-01,3.890640340274129950e-03,3.890640340274130082e+00,1.094874916837615331e+02,9.006365991724194942e+00,-1.094874916837615331e+02,2.682334913778332552e-01,2.261513534262848402e-01
4.620000000000000218e-01,2.310513333333333308e-01,4.164518380572142242e-03,4.164518380572141965e+00,1.176326377977155886e+02,8.732487951426183059e+00,-1.176326377977155886e+02,2.793086497376844335e-01,2.572577489371907777e-01
4.640000000000000235e-01,2.320515555555555387e-01,4.449381776927159408e-03,4.449381776927159748e+00,1.260995773570199532e+02,8.447624555071165275e+00,-1.260995773570199532e+02,2.901976349878108152e-01,2.919778558921253819e-01
4.660000000000000253e-01,2.330517777777777744e-01,4.745042627274425641e-03,4.745042627274425939e+00,1.348325599828704924e+02,8.151963704723899085e+00,-1.348325599828704924e+02,3.009321781714584532e-01,3.305565191150774407e-01
4.680000000000000271e-01,2.340519999999999823e-01,5.051379880904818646e-03,5.051379880904818265e+00,1.438832107090675549e+02,7.845626451093506759e+00,-1.438832107090675549e+02,3.116065463439272598e-01,3.732520812717332048e-01
4.700000000000000289e-01,2.350522222222222180e-01,5.368394211760655309e-03,5.368394211760655566e+00,1.528439207895996788e+02,7.528612120237669458e+00,-1.528439207895996788e+02,3.223313160912844033e-01,4.202908893856196482e-01
4.720000000000000306e-01,2.360524444444444259e-01,5.696185771450094221e-03,5.696185771450093860e+00,1.620660419283107956e+02,7.200820560548231164e+00,-1.620660419283107956e+02,3.331992091082973673e-01,4.719092741449524842e-01
4.740000000000000324e-01,2.370526666666666615e-01,6.034940718514631396e-03,6.034940718514631541e+00,1.720671849550348611e+02,6.862065613483693483e+00,-1.720671849550348611e+02,3.442384210244324727e-01,5.285103090812124371e-01
4.760000000000000342e-01,2.380528888888888694e-01,6.384815608352747800e-03,6.384815608352747418e+00,1.824629124629680348e+02,6.512190723645577606e+00,-1.824629124629680348e+02,3.553317335659920140e-01,5.905376375596051997e-01
4.780000000000000360e-01,2.390531111111111051e-01,6.745762110861534128e-03,6.745762110861534211e+00,1.934234216916819946e+02,6.151244221136790813e+00,-1.934234216916819946e+02,3.662727295178305198e-01,6.583819250191322858e-01
4.799999999999999822e-01,2.400533333333333130e-01,7.117523855268193672e-03,7.117523855268193422e+00,2.049653042626551098e+02,5.779482476730131602e+00,-2.049653042626551098e+02,3.768915643870260901e-01,7.324413474902932153e-01
4.819999999999999840e-01,2.410535555555555209e-01,7.499712746997524992e-03,7.499712746997524881e+00,2.170483400885355820e+02,5.397293585000800142e+00,-2.170483400885355820e+02,3.870690548288684418e-01,8.130917118053607728e-01
4.839999999999999858e-01,2.420537777777777566e-01,7.891833995616964748e-03,7.891833995616964970e+00,2.293059247347071334e+02,5.005172336381360054e+00,-2.293059247347071334e+02,3.967039300889516618e-01,9.006092684735576004e-01
4.859999999999999876e-01,2.430539999999999645e-01,8.293296920033246117e-03,8.293296920033245812e+00,2.430155388840600210e+02,4.603709411965078324e+00,-2.430155388840600210e+02,4.057230481412767986e-01,9.954240591037226693e-01
4.879999999999999893e-01,2.440542222222222002e-01,8.703460413254248199e-03,8.703460413254248351e+00,2.577733761392075849e+02,4.193545918744075784e+00,-2.577733761392075849e+02,4.140990568448810194e-01,1.098132363416866042e+00
4.899999999999999911e-01,2.450544444444444081e-01,9.121679077748271955e-03,9.121679077748272135e+00,2.729644310234580189e+02,3.775327254250052000e+00,-2.729644310234580189e+02,4.218233763324876762e-01,1.209120572276015215e+00
4.919999999999999929e-01,2.460546666666666438e-01,9.547294642975370435e-03,9.547294642975369783e+00,2.879785500877259210e+02,3.349711689022954797e+00,-2.879785500877259210e+02,4.288704676163348495e-01,1.328499200070080599e+00
4.939999999999999947e-01,2.470548888888888517e-01,9.979610622077658352e-03,9.979610622077657922e+00,3.033687587812133302e+02,2.917395709920667546e+00,-3.033687587812133302e+02,4.352042039997767731e-01,1.456328604210670896e+00
4.959999999999999964e-01,2.480551111111110874e-01,1.041789647506559044e-02,1.041789647506559113e+01,3.190952753270964308e+02,2.479109856932734779e+00,-3.190952753270964308e+02,4.407958824834725675e-01,1.592741623761833480e+00
4.979999999999999982e-01,2.490553333333332953e-01,1.086139829632570483e-02,1.086139829632570475e+01,3.352674204482940468e+02,2.035608035672620719e+00,-3.352674204482940468e+02,4.456569699074695023e-01,1.737851121719414804e+00
5.000000000000000000e-01,2.500555555555555309e-01,1.130940848464493352e-02,1.130940848464493342e+01,3.526256146979286541e+02,1.587597847353391600e+00,-3.526256146979286541e+02,4.498311236375966971e-01,1.891946230110794547e+00
5.020000000000000018e-01,2.510557777777777666e-01,1.176126046854474895e-02,1.176126046854474971e+01,3.704104767211850913e+02,1.135745863453576199e+00,-3.704104767211850913e+02,4.533169052209728989e-01,2.055301882446463058e+00
5.040000000000000036e-01,2.520560000000000023e-01,1.221624376926699028e-02,1.221624376926699007e+01,3.884432788687310563e+02,6.807625627313343974e-01,-3.884432788687310563e+02,4.560931374250865034e-01,2.227937164021493999e+00
5.060000000000000053e-01,2.530562222222221824e-01,1.267364945145598755e-02,1.267364945145598831e+01,4.070402011471371679e+02,2.233568805423385428e-01,-4.070402011471371679e+02,4.581879369205017483e-01,2.409868280942149443e+00
5.080000000000000071e-01,2.540564444444444181e-01,1.313282328219105531e-02,1.313282328219105466e+01,4.265648505284364660e+02,-2.358169501927294409e-01,-4.265648505284364660e+02,4.595693778236480398e-01,2.601254363741053677e+00
5.100000000000000089e-01,2.550566666666666538e-01,1.359299246016010612e-02,1.359299246016010621e+01,4.474417186604328549e+02,-6.959861281617816253e-01,-4.474417186604328549e+02,4.600085116025978138e-01,2.802350410948581949e+00
5.120000000000000107e-01,2.560568888888888894e-01,1.405304475362364330e-02,1.405304475362364336e+01,4.702418901130113227e+02,-1.156038421625319002e+00,-4.702418901130113227e+02,4.592348518971620663e-01,3.013440803869211759e+00
5.140000000000000124e-01,2.570571111111110696e-01,1.451166626833304100e-02,1.451166626833304107e+01,4.930695555912239456e+02,-1.614659936334716939e+00,-4.930695555912239456e+02,4.571807372584810736e-01,3.234335668571374889e+00
5.160000000000000142e-01,2.580573333333333053e-01,1.496760941957937102e-02,1.496760941957937163e+01,5.154620014896071325e+02,-2.070603087581044832e+00,-5.154620014896071325e+02,4.540156131770718417e-01,3.464247798072571882e+00
5.180000000000000160e-01,2.590575555555555409e-01,1.541989927940416380e-02,1.541989927940416294e+01,5.379222337839025840e+02,-2.522892947405837916e+00,-5.379222337839025840e+02,4.500017036276835469e-01,3.702460100357788164e+00
5.200000000000000178e-01,2.600577777777777766e-01,1.586781282759191711e-02,1.586781282759191747e+01,5.613708784883086764e+02,-2.970806495593590668e+00,-5.613708784883086764e+02,4.452810492033458800e-01,3.948648263077226161e+00
5.220000000000000195e-01,2.610579999999999568e-01,1.631065928049937885e-02,1.631065928049937952e+01,5.860912878094076177e+02,-3.413652948501055384e+00,-5.860912878094076177e+02,4.398187188009963222e-01,4.202715836122077775e+00
5.240000000000000213e-01,2.620582222222221924e-01,1.674764574018002689e-02,1.674764574018002605e+01,6.116447978895261031e+02,-3.850639408181701029e+00,-6.116447978895261031e+02,4.334886168249472149e-01,4.464404378754502467e+00
5.260000000000000231e-01,2.630584444444444281e-01,1.717782917575676194e-02,1.717782917575676294e+01,6.381133984530707721e+02,-4.280822843758439689e+00,-6.381133984530707721e+02,4.261762310131658182e-01,4.733206659722282161e+00
5.280000000000000249e-01,2.640586666666666638e-01,1.760018761386459782e-02,1.760018761386459829e+01,6.655277375618729820e+02,-4.703181281866272379e+00,-6.655277375618729820e+02,4.178286389515637467e-01,5.008496410448445957e+00
5.300000000000000266e-01,2.650588888888888994e-01,1.801367215527721263e-02,1.801367215527721299e+01,6.939718525903892896e+02,-5.116665823278886194e+00,-6.939718525903892896e+02,4.084304518832801989e-01,5.289548367266037054e+00
5.320000000000000284e-01,2.660591111111110796e-01,1.841723004227643207e-02,1.841723004227643301e+01,7.232663140667792732e+02,-5.520223710278107099e+00,-7.232663140667792732e+02,3.979711836617401133e-01,5.575501265669084994e+00
5.340000000000000302e-01,2.670593333333333153e-01,1.880979139868230871e-02,1.880979139868230732e+01,7.533486472921439372e+02,-5.912785066683982294e+00,-7.533486472921439372e+02,3.864364088210923143e-01,5.865314517426940988e+00
5.360000000000000320e-01,2.680595555555555509e-01,1.919027460943365654e-02,1.919027460943365782e+01,7.844146931745221991e+02,-6.293268277435334568e+00,-7.844146931745221991e+02,3.738075731684826764e-01,6.157841292257982602e+00
5.380000000000000338e-01,2.690597777777777866e-01,1.955757268171846863e-02,1.955757268171846874e+01,8.163614082344569169e+02,-6.660566349720141943e+00,-8.163614082344569169e+02,3.600592605147010516e-01,6.451800093776416389e+00
5.400000000000000355e-01,2.700599999999999667e-01,1.991055315680105922e-02,1.991055315680105764e+01,8.488969996307555448e+02,-7.013546824802734392e+00,-8.488969996307555448e+02,3.451860003684128486e-01,6.745677393933614319e+00
5.420000000000000373e-01,2.710602222222222024e-01,2.024809809845544428e-02,2.024809809845544351e+01,8.815074958338171882e+02,-7.351091766457116705e+00,-8.815074958338171882e+02,3.292306086410050625e-01,7.037695629767328320e+00
5.440000000000000391e-01,2.720604444444444381e-01,2.056916069879802939e-02,2.056916069879802933e+01,9.141074249052174991e+02,-7.672154366799706082e+00,-9.141074249052174991e+02,3.122417540160125071e-01,7.325920260087635860e+00
5.460000000000000409e-01,2.730606666666666738e-01,2.087272038060037152e-02,2.087272038060037005e+01,9.466258143716220275e+02,-7.975714048602043249e+00,-9.466258143716220275e+02,2.941990745131182194e-01,7.608313055464405394e+00
5.480000000000000426e-01,2.740608888888889094e-01,2.115768960296850187e-02,2.115768960296850310e+01,9.789474312419424678e+02,-8.260683270970178071e+00,-9.789474312419424678e+02,2.750408200682201709e-01,7.882647199273161043e+00
5.500000000000000444e-01,2.750611111111110896e-01,2.142292426110128586e-02,2.142292426110128645e+01,1.010860339558596024e+03,-8.525917929102959647e+00,-1.010860339558596024e+03,2.547570115579560479e-01,8.146498323345252146e+00
5.520000000000000462e-01,2.760613333333333252e-01,2.166731685142287214e-02,2.166731685142287134e+01,1.041852122766265893e+03,-8.770310519424546314e+00,-1.041852122766265893e+03,2.333905423822830727e-01,8.397299280341714578e+00
5.540000000000000480e-01,2.770615555555555609e-01,2.188980907499580436e-02,2.188980907499580297e+01,1.071460363367795935e+03,-8.992802742997477949e+00,-1.071460363367795935e+03,2.109514566947225944e-01,8.632363805734804885e+00
5.560000000000000497e-01,2.780617777777777966e-01,2.208931352101529966e-02,2.208931352101529910e+01,1.099355270372408995e+03,-9.192307189016974078e+00,-1.099355270372408995e+03,1.874210014739752239e-01,8.848874382633537650e+00
5.580000000000000515e-01,2.790619999999999767e-01,2.226473437616663040e-02,2.226473437616662920e+01,1.125105235727908621e+03,-9.367728044168302404e+00,-1.125105235727908621e+03,1.628446308321827019e-01,9.043950441901630555e+00
5.600000000000000533e-01,2.800622222222222124e-01,2.241507515807113909e-02,2.241507515807114004e+01,1.147978460621592376e+03,-9.518068826072813238e+00,-1.147978460621592376e+03,1.373637488302001941e-01,9.214788620382986295e+00
5.620000000000000551e-01,2.810624444444444481e-01,2.253952292438207022e-02,2.253952292438206939e+01,1.167301209319568216e+03,-9.642516592383742591e+00,-1.167301209319568216e+03,1.111387522177107456e-01,9.358827179242060978e+00
5.640000000000000568e-01,2.820626666666666837e-01,2.263740205750754825e-02,2.263740205750754697e+01,1.182645835216338355e+03,-9.740395725509221947e+00,-1.182645835216338355e+03,8.429201396062957485e-02,9.473809650550135686e+00
5.660000000000000586e-01,2.830628888888888639e-01,2.270814441542064882e-02,2.270814441542064799e+01,1.193554588435328469e+03,-9.811138083422321188e+00,-1.193554588435328469e+03,5.696237446666962967e-02,9.557840564642004821e+00
5.680000000000000604e-01,2.840631111111110996e-01,2.275135212305175528e-02,2.275135212305175614e+01,1.199524761034812855e+03,-9.854345791053431114e+00,-1.199524761034812855e+03,2.934926985634156438e-02,9.609527936839262097e+00
5.700000000000000622e-01,2.850633333333333352e-01,2.276685599925326944e-02,2.276685599925326997e+01,1.200068297765336865e+03,-9.869849667254944947e+00,-1.200068297765336865e+03,1.709188375871306675e-03,9.628123803039034811e+00
5.720000000000000639e-01,2.860635555555555709e-01,2.275477125944277632e-02,2.275477125944277645e+01,1.195191377960297814e+03,-9.857764927444453207e+00,-1.195191377960297814e+03,-2.568715752429540089e-02,9.613652292442772307e+00
5.740000000000000657e-01,2.870637777777778066e-01,2.271547026769022218e-02,2.271547026769022182e+01,1.185406207521812121e+03,-9.818463935691898570e+00,-1.185406207521812121e+03,-5.263090256128322153e-02,9.566880527716051574e+00
5.760000000000000675e-01,2.880639999999999867e-01,2.264948606280796709e-02,2.264948606280796639e+01,1.170926071110972998e+03,-9.752479730809641367e+00,-1.170926071110972998e+03,-7.897873333812022167e-02,9.489154074313464804e+00
5.779999999999999583e-01,2.890642222222221669e-01,2.255747769935472630e-02,2.255747769935472746e+01,1.151892988961348010e+03,-9.660471367356404215e+00,-1.151892988961348010e+03,-1.045966699821008206e-01,9.382313620146732092e+00
5.799999999999999600e-01,2.900644444444444026e-01,2.244024623543488389e-02,2.244024623543488417e+01,1.128781033873211754e+03,-9.543239903436559146e+00,-1.128781033873211754e+03,-1.293528193155033534e-01,9.248653374736379718e+00
5.819999999999999618e-01,2.910646666666666382e-01,2.229871457058180129e-02,2.229871457058180084e+01,1.102233663304226184e+03,-9.401708238583475818e+00,-1.102233663304226184e+03,-1.531333614241479069e-01,9.090800135139248894e+00
5.839999999999999636e-01,2.920648888888888184e-01,2.213391145331485357e-02,2.213391145331485532e+01,1.073001464202335910e+03,-9.236905121316526746e+00,-1.073001464202335910e+03,-1.758430329228559685e-01,8.911585775528124032e+00
5.859999999999999654e-01,2.930651111111110541e-01,2.194695035227701291e-02,2.194695035227701396e+01,1.041811122414702368e+03,-9.049944020278687162e+00,-1.041811122414702368e+03,-1.973904475461321084e-01,8.713921090310865480e+00
5.879999999999999671e-01,2.940653333333332897e-01,2.173904282913478522e-02,2.173904282913478525e+01,1.009092694296314789e+03,-8.842036497136460227e+00,-1.009092694296314789e+03,-2.176908813199975867e-01,8.500751012675795693e+00
5.899999999999999689e-01,2.950655555555555254e-01,2.151147183813420516e-02,2.151147183813420583e+01,9.749529002682588725e+02,-8.614465506135880801e+00,-9.749529002682588725e+02,-2.367138455482535875e-01,8.275023934160348205e+00
5.919999999999999707e-01,2.960657777777777611e-01,2.126550993188469282e-02,2.126550993188469363e+01,9.399926669742822014e+02,-8.368503599886368605e+00,-9.399926669742822014e+02,-2.544493757144099533e-01,8.039549456634450308e+00
5.939999999999999725e-01,2.970659999999999412e-01,2.100245999809396968e-02,2.100245999809396835e+01,9.048115364146341335e+02,-8.105453666095643328e+00,-9.048115364146341335e+02,-2.708363805290741055e-01,7.796937085004856272e+00
5.959999999999999742e-01,2.980662222222221769e-01,2.072371679910186767e-02,2.072371679910186870e+01,8.698313585186007231e+02,-7.826710467103544566e+00,-8.698313585186007231e+02,-2.858195650794570497e-01,7.549625324390619951e+00
5.979999999999999760e-01,2.990664444444444126e-01,2.043069383701723307e-02,2.043069383701723396e+01,8.355827412654595037e+02,-7.533687505018909825e+00,-8.355827412654595037e+02,-2.994221794858926700e-01,7.299783159494743323e+00
5.999999999999999778e-01,3.000666666666666482e-01,2.012473936360585636e-02,2.012473936360585469e+01,8.019768142723919482e+02,-7.227733031607531444e+00,-8.019768142723919482e+02,-3.117121876946420400e-01,7.049292015695589164e+00
6.019999999999999796e-01,3.010668888888888284e-01,1.980713092287787747e-02,1.980713092287787802e+01,7.690392322029571233e+02,-6.910124590879552109e+00,-7.690392322029571233e+02,-3.227357231723679831e-01,6.799823926101354665e+00
6.039999999999999813e-01,3.020671111111110640e-01,1.947912447916193973e-02,1.947912447916193912e+01,7.368263682086922017e+02,-6.582118147163614097e+00,-7.368263682086922017e+02,-3.324864010002901438e-01,6.552870737214418817e+00
6.059999999999999831e-01,3.030673333333332997e-01,1.914201034914351021e-02,1.914201034914351141e+01,7.055561031455381453e+02,-6.245004017145187269e+00,-7.055561031455381453e+02,-3.409704169874814284e-01,6.309758367897155829e+00
6.079999999999999849e-01,3.040675555555555354e-01,1.879703210277941516e-02,1.879703210277941494e+01,6.755768617435363694e+02,-5.900025770781090806e+00,-6.755768617435363694e+02,-3.482465670812295855e-01,6.071537273413632363e+00
6.099999999999999867e-01,3.050677777777777155e-01,1.844536243872902867e-02,1.844536243872902759e+01,6.471532088201151964e+02,-5.548356106730702564e+00,-6.471532088201151964e+02,-3.543600325625266834e-01,5.838962702798336402e+00
6.119999999999999885e-01,3.060679999999999512e-01,1.808815454430656375e-02,1.808815454430656544e+01,6.204406912976887725e+02,-5.191148212308238641e+00,-6.204406912976887725e+02,-3.593479970930495426e-01,5.612571129251134217e+00
6.139999999999999902e-01,3.070682222222221869e-01,1.772650673432199162e-02,1.772650673432199042e+01,5.950868958297772906e+02,-4.829500402323664510e+00,-5.950868958297772906e+02,-3.633103153339991565e-01,5.392778815807869996e+00
6.159999999999999920e-01,3.080684444444444225e-01,1.736137244238729338e-02,1.736137244238729238e+01,5.707054803803786172e+02,-4.464366110388965581e+00,-5.707054803803786172e+02,-3.663790214550441959e-01,5.179946317064355377e+00
6.179999999999999938e-01,3.090686666666666582e-01,1.699358585629124480e-02,1.699358585629124363e+01,5.472629952686883144e+02,-4.096579524292918606e+00,-5.472629952686883144e+02,-3.686581295091109212e-01,4.974361314043132865e+00
6.199999999999999956e-01,3.100688888888888384e-01,1.662389233531152630e-02,1.662389233531152755e+01,5.249282488211953250e+02,-3.726886003313202522e+00,-5.249282488211953250e+02,-3.701994717443479743e-01,4.776171337374766068e+00
6.219999999999999973e-01,3.110691111111110740e-01,1.625302237970400673e-02,1.625302237970400654e+01,5.038933000074591178e+02,-3.356016047705681515e+00,-5.038933000074591178e+02,-3.710704443818562126e-01,4.585392248301079832e+00
6.239999999999999991e-01,3.120693333333333097e-01,1.588158652635029977e-02,1.588158652635030066e+01,4.839045591879409471e+02,-2.984580194351974747e+00,-4.839045591879409471e+02,-3.714442945913756233e-01,4.401940428607503009e+00
6.260000000000000009e-01,3.130695555555555454e-01,1.550996870416809260e-02,1.550996870416809337e+01,4.646501191104872532e+02,-2.612962372169767011e+00,-4.646501191104872532e+02,-3.715007614897913868e-01,4.225690167841424483e+00
6.280000000000000027e-01,3.140697777777777255e-01,1.513841989192117772e-02,1.513841989192117765e+01,4.462987184485058378e+02,-2.241413559922852627e+00,-4.462987184485058378e+02,-3.712690720749547424e-01,4.056458604436624427e+00
6.300000000000000044e-01,3.150699999999999612e-01,1.476726555154171498e-02,1.476726555154171550e+01,4.288230459935439285e+02,-1.870259219543389584e+00,-4.288230459935439285e+02,-3.706200482232775428e-01,3.894055113834847148e+00
6.320000000000000062e-01,3.160702222222221969e-01,1.439701507545317928e-02,1.439701507545317938e+01,4.119560958447224834e+02,-1.500008743454853466e+00,-4.119560958447224834e+02,-3.694276899130537473e-01,3.738404414258878816e+00
6.340000000000000080e-01,3.170704444444444325e-01,1.402824598163119121e-02,1.402824598163119063e+01,3.954677280739871321e+02,-1.131239649632866273e+00,-3.954677280739871321e+02,-3.676656437954832768e-01,3.589526252652744276e+00
6.360000000000000098e-01,3.180706666666666127e-01,1.366152038090942718e-02,1.366152038090942789e+01,3.792649273781290162e+02,-7.645140489111009741e-01,-3.792649273781290162e+02,-3.653283514870722115e-01,3.447467084752827482e+00
6.380000000000000115e-01,3.190708888888888484e-01,1.329742691050084073e-02,1.329742691050084069e+01,3.636815113469992298e+02,-4.004205785025160003e-01,-3.636815113469992298e+02,-3.624044792941152338e-01,3.312213847606902739e+00
6.400000000000000133e-01,3.200711111111110840e-01,1.293655035366372309e-02,1.293655035366372275e+01,3.490227748921030866e+02,-3.954402166539846414e-02,-3.490227748921030866e+02,-3.589909568572489107e-01,3.183612282682080075e+00
6.420000000000000151e-01,3.210713333333333197e-01,1.257928544524995230e-02,1.257928544524995296e+01,3.356375130859220803e+02,3.177208867483732879e-01,-3.356375130859220803e+02,-3.553243396819816269e-01,3.061307310038336560e+00
6.440000000000000169e-01,3.220715555555555554e-01,1.222574375237100129e-02,1.222574375237100064e+01,3.233392736070655360e+02,6.712625796273239409e-01,-3.233392736070655360e+02,-3.516272310057662054e-01,2.944817188366499749e+00
6.460000000000000187e-01,3.230717777777777355e-01,1.187587470446909745e-02,1.187587470446909776e+01,3.114108330456762701e+02,1.021131627529228147e+00,-3.114108330456762701e+02,-3.479618411207594519e-01,2.833775557121013922e+00
6.480000000000000204e-01,3.240719999999999712e-01,1.152966542042232513e-02,1.152966542042232589e+01,2.997538288884921371e+02,1.367340911576000240e+00,-2.997538288884921371e+02,-3.442409299272517487e-01,2.727978328347015147e+00
6.500000000000000222e-01,3.250722222222222069e-01,1.118723984864572821e-02,1.118723984864572785e+01,2.884065233581178518e+02,1.709766483352596955e+00,-2.884065233581178518e+02,-3.403703790886840608e-01,2.627275910570565198e+00
6.520000000000000240e-01,3.260724444444444425e-01,1.084877338652090809e-02,1.084877338652090728e+01,2.773439079265303349e+02,2.048232945477417299e+00,-2.773439079265303349e+02,-3.363302656643689659e-01,2.531530112326409121e+00
6.540000000000000258e-01,3.270726666666666227e-01,1.051442983719892872e-02,1.051442983719892865e+01,2.663507622223057183e+02,2.382576494799396372e+00,-2.663507622223057183e+02,-3.320938828443118496e-01,2.440637536235117366e+00
6.560000000000000275e-01,3.280728888888888584e-01,1.018443802355102797e-02,1.018443802355102790e+01,2.553552992631075540e+02,2.712568308447297571e+00,-2.553552992631075540e+02,-3.275733734636112615e-01,2.354555966613363083e+00
6.580000000000000293e-01,3.290731111111110940e-01,9.859137502105713366e-03,9.859137502105713935e+00,2.447045206799053858e+02,3.037868829892611089e+00,-2.447045206799053858e+02,-3.226941563991596595e-01,2.273218919821339057e+00
6.600000000000000311e-01,3.300733333333333297e-01,9.538906291127633927e-03,9.538906291127634773e+00,2.346137979245980603e+02,3.358100040870691583e+00,-2.346137979245980603e+02,-3.174543238723170901e-01,2.196470415178567226e+00
6.620000000000000329e-01,3.310735555555555654e-01,9.224087763550459576e-03,9.224087763550459229e+00,2.251365274715695648e+02,3.672918568447866239e+00,-2.251365274715695648e+02,-3.119045666240385373e-01,2.124099314600906840e+00
6.640000000000000346e-01,3.320737777777777455e-01,8.914958533627732884e-03,8.914958533627732606e+00,2.160840640172246481e+02,3.982047798370591973e+00,-2.160840640172246481e+02,-3.060839217715756178e-01,2.055900095423676799e+00
6.660000000000000364e-01,3.330739999999999812e-01,8.611783882708751170e-03,8.611783882708751392e+00,2.073509970937470825e+02,4.285222449289573632e+00,-2.073509970937470825e+02,-3.000303526881342719e-01,1.991710560873377611e+00
6.680000000000000382e-01,3.340742222222222169e-01,8.314764481428040324e-03,8.314764481428040810e+00,1.989726966942574506e+02,4.582241850570284214e+00,-1.989726966942574506e+02,-2.938305691146201326e-01,1.931365415656835616e+00
6.700000000000000400e-01,3.350744444444444525e-01,8.023992153115453232e-03,8.023992153115452552e+00,1.910175476107855559e+02,4.873014178882872471e+00,-1.910175476107855559e+02,-2.875724124381444646e-01,1.874664167301775430e+00
6.720000000000000417e-01,3.360746666666666327e-01,7.739491846590677154e-03,7.739491846590676793e+00,1.835537411480292178e+02,5.157514485407648230e+00,-1.835537411480292178e+02,-2.813238111063518510e-01,1.821379418923563920e+00
6.740000000000000435e-01,3.370748888888888684e-01,7.461219498097820639e-03,7.461219498097820590e+00,1.763712087804991597e+02,5.435786833900504433e+00,-1.763712087804991597e+02,-2.751451228971464325e-01,1.771299065908416459e+00
6.760000000000000453e-01,3.380751111111111040e-01,7.189079314075088982e-03,7.189079314075089044e+00,1.692443600013748721e+02,5.707927017923235979e+00,-1.692443600013748721e+02,-2.690650387388844322e-01,1.724269426227042601e+00
6.780000000000000471e-01,3.390753333333333397e-01,6.922969836158382288e-03,6.922969836158382684e+00,1.622235862760819316e+02,5.974036495839943228e+00,-1.622235862760819316e+02,-2.630737586806004558e-01,1.680164381072467794e+00
6.800000000000000488e-01,3.400755555555555198e-01,6.662814875043371506e-03,6.662814875043371110e+00,1.555181608471360448e+02,6.234191456954953914e+00,-1.555181608471360448e+02,-2.571460703723684738e-01,1.638831745180293398e+00
6.820000000000000506e-01,3.410757777777777555e-01,6.408563408271264819e-03,6.408563408271264805e+00,1.492158332535879026e+02,6.488442923727060219e+00,-1.492158332535879026e+02,-2.512748100377568683e-01,1.600090745956046723e+00
6.840000000000000524e-01,3.420759999999999912e-01,6.160153577274501448e-03,6.160153577274501302e+00,1.432401090971937663e+02,6.736852754723823722e+00,-1.432401090971937663e+02,-2.454601465314967257e-01,1.563764943568895172e+00
6.860000000000000542e-01,3.430762222222222269e-01,5.917534021809806033e-03,5.917534021809806255e+00,1.374576903149919076e+02,6.979472310188518769e+00,-1.374576903149919076e+02,-2.396872614972571647e-01,1.529712291524907730e+00
6.880000000000000560e-01,3.440764444444444625e-01,5.680672526608203550e-03,5.680672526608203654e+00,1.317952772777567247e+02,7.216333805390121370e+00,-1.317952772777567247e+02,-2.339520744592666901e-01,1.497823189968775726e+00
6.900000000000000577e-01,3.450766666666666427e-01,5.449525894191520510e-03,5.449525894191520337e+00,1.262133858268172588e+02,7.447480437806804687e+00,-1.262133858268172588e+02,-2.282538037358317062e-01,1.468002979107789541e+00
6.920000000000000595e-01,3.460768888888888783e-01,5.224063473001552133e-03,5.224063473001551827e+00,1.207128653631926340e+02,7.672942858996773197e+00,-1.207128653631926340e+02,-2.225741322518168808e-01,1.440165415108225933e+00
6.940000000000000613e-01,3.470771111111111140e-01,5.004278707851323588e-03,5.004278707851323560e+00,1.153099147036119234e+02,7.892727624147001464e+00,-1.153099147036119234e+02,-2.168807611773342359e-01,1.414227103475125036e+00
6.960000000000000631e-01,3.480773333333333497e-01,4.790205559197465747e-03,4.790205559197465490e+00,1.099239494804826194e+02,8.106800772800859534e+00,-1.099239494804826194e+02,-2.111162038081171310e-01,1.390117672432782614e+00
6.980000000000000648e-01,3.490775555555555298e-01,4.581952470811181087e-03,4.581952470811181399e+00,1.045808064832151132e+02,8.315053861187143625e+00,-1.045808064832151132e+02,-2.052287659987173107e-01,1.367780864383026707e+00
7.000000000000000666e-01,3.500777777777777655e-01,4.379656814415149035e-03,4.379656814415149313e+00,9.933632454301944392e+01,8.517349517583175711e+00,-9.933632454301944392e+01,-1.992100695515199860e-01,1.347153921635547480e+00
7.020000000000000684e-01,3.510780000000000012e-01,4.183443793899446414e-03,4.183443793899446206e+00,9.432318002729745388e+01,8.713562538098878818e+00,-9.432318002729745388e+01,-1.930874197929111080e-01,1.328153505282956504e+00
7.039999999999999591e-01,3.520782222222221813e-01,3.993396158198313575e-03,3.993396158198313728e+00,8.961767309384383395e+01,8.903610173800011296e+00,-8.961767309384383395e+01,-1.869000126197082334e-01,1.310673618103876059e+00
7.059999999999999609e-01,3.530784444444444170e-01,3.809560701987760051e-03,3.809560701987760201e+00,8.520091386517550802e+01,9.087445630010565267e+00,-8.520091386517550802e+01,-1.806831031955222766e-01,1.294603621909453883e+00
7.079999999999999627e-01,3.540786666666665972e-01,3.631949648205854211e-03,3.631949648205854420e+00,8.110559476693657643e+01,9.265056683792471048e+00,-8.110559476693657643e+01,-1.744685281402167387e-01,1.279833703295262914e+00
7.099999999999999645e-01,3.550788888888888328e-01,3.460546104139268931e-03,3.460546104139269108e+00,7.735425331292384499e+01,9.436460227859056360e+00,-7.735425331292384499e+01,-1.682942368867927918e-01,1.266252553640796474e+00
7.119999999999999662e-01,3.560791111111110685e-01,3.295286376993647806e-03,3.295286376993647792e+00,7.397009253760751335e+01,9.601719955004677232e+00,-7.397009253760751335e+01,-1.621989662942175947e-01,1.253747900628977341e+00
7.139999999999999680e-01,3.570793333333333042e-01,3.136076083121365054e-03,3.136076083121364988e+00,7.084347867226054518e+01,9.760930248876960036e+00,-7.084347867226054518e+01,-1.562117332258818880e-01,1.242219313252121982e+00
7.159999999999999698e-01,3.580795555555554843e-01,2.982793483104899477e-03,2.982793483104899668e+00,6.788708848772409965e+01,9.914212848893425800e+00,-6.788708848772409965e+01,-1.503558105083175889e-01,1.231586155215073308e+00
7.179999999999999716e-01,3.590797777777777200e-01,2.835297637300063928e-03,2.835297637300064011e+00,6.514103779838518449e+01,1.006170869469826101e+01,-6.514103779838518449e+01,-1.446444216717648334e-01,1.221774973491369876e+00
7.199999999999999734e-01,3.600799999999999557e-01,2.693440353351734227e-03,2.693440353351734373e+00,6.261305983355290294e+01,1.020356597864659065e+01,-6.261305983355290294e+01,-1.390964793907851771e-01,1.212712987792227803e+00
7.219999999999999751e-01,3.610802222222221913e-01,2.557042857860983027e-03,2.557042857860983176e+00,6.025265107443280499e+01,1.033996347413734185e+01,-6.025265107443280499e+01,-1.337564333641128034e-01,1.204333235951394521e+00
7.239999999999999769e-01,3.620804444444443715e-01,2.425868039319795111e-03,2.425868039319794889e+00,5.801619056958824672e+01,1.047113829267853014e+01,-5.801619056958824672e+01,-1.286667167002255585e-01,1.196575898942625615e+00
7.259999999999999787e-01,3.630806666666666072e-01,2.299652239253113534e-03,2.299652239253113351e+00,5.583458899761882321e+01,1.059735409274521167e+01,-5.583458899761882321e+01,-1.238223740291020114e-01,1.189390672945248140e+00
7.279999999999999805e-01,3.640808888888888428e-01,2.178168259095352669e-03,2.178168259095352610e+00,5.370087208772703491e+01,1.071883807290297241e+01,-5.370087208772703491e+01,-1.191719041199026385e-01,1.182736952972436750e+00
7.299999999999999822e-01,3.650811111111110785e-01,2.061255465722585181e-03,2.061255465722585001e+00,5.159190545046281784e+01,1.083575086627574002e+01,-5.159190545046281784e+01,-1.146708933863526125e-01,1.176581592198873372e+00
7.319999999999999840e-01,3.660813333333333142e-01,1.948775507481139389e-03,1.948775507481139480e+00,4.954582689032604748e+01,1.094823082451718577e+01,-4.954582689032604748e+01,-1.103108654674760380e-01,1.170893274424535946e+00
7.339999999999999858e-01,3.670815555555554943e-01,1.840584707736317395e-03,1.840584707736317327e+00,4.758103491743895574e+01,1.105642162426200770e+01,-4.758103491743895574e+01,-1.060854837606735046e-01,1.165638844258040097e+00
7.359999999999999876e-01,3.680817777777777300e-01,1.736557390855901798e-03,1.736557390855901772e+00,4.568436371652845196e+01,1.116044894114242325e+01,-4.568436371652845196e+01,-1.019701912333966787e-01,1.160787500117442361e+00
7.379999999999999893e-01,3.690819999999999657e-01,1.636599005184528671e-03,1.636599005184528721e+00,4.386057757857431483e+01,1.126040732681379630e+01,-4.386057757857431483e+01,-9.792719702526497816e-02,1.156311885096900305e+00
7.399999999999999911e-01,3.700822222222222013e-01,1.540659473606691404e-03,1.540659473606691421e+00,4.215232959496174203e+01,1.135634685839163360e+01,-4.215232959496174203e+01,-9.392371139664434931e-02,1.152185654548909088e+00
7.419999999999999929e-01,3.710824444444443815e-01,1.448709838519510835e-03,1.448709838519510740e+00,4.057960201332650740e+01,1.144829649347881428e+01,-4.057960201332650740e+01,-8.995517884000558961e-02,1.148381871431916723e+00
7.439999999999999947e-01,3.720826666666666172e-01,1.360709135847198385e-03,1.360709135847198326e+00,3.908164099114262768e+01,1.153629719615112670e+01,-3.908164099114262768e+01,-8.603880373830874451e-02,1.144876567129623934e+00
7.459999999999999964e-01,3.730828888888888528e-01,1.276593991574563039e-03,1.276593991574562992e+00,3.767861114560927405e+01,1.162041234042376203e+01,-3.767861114560927405e+01,-8.219414355244092363e-02,1.141648053747392755e+00
7.479999999999999982e-01,3.740831111111110885e-01,1.196284318011846606e-03,1.196284318011846537e+00,3.632715679646585727e+01,1.170072201398647849e+01,-3.632715679646585727e+01,-7.843727420920865168e-02,1.138676219698368852e+00
7.500000000000000000e-01,3.750833333333333242e-01,1.119684582145383895e-03,1.119684582145383800e+00,3.501202734929999849e+01,1.177732174985294122e+01,-3.501202734929999849e+01,-7.479346900672922960e-02,1.135943819846357838e+00
7.520000000000000018e-01,3.760835555555555043e-01,1.046664138456609560e-03,1.046664138456609550e+00,3.376336178829714640e+01,1.185034219354171547e+01,-3.376336178829714640e+01,-7.129078916058345650e-02,1.133432707447701970e+00
7.540000000000000036e-01,3.770837777777777400e-01,9.770713190290366244e-04,9.770713190290366557e-01,3.259877777428966539e+01,1.191993501296928848e+01,-3.259877777428966539e+01,-6.793748109856118100e-02,1.131123430742383862e+00
7.560000000000000053e-01,3.780839999999999756e-01,9.107589818234416773e-04,9.107589818234417267e-01,3.150954587407943563e+01,1.198624735017488341e+01,-3.150954587407943563e+01,-6.471847271329428386e-02,1.128997738004499540e+00
7.580000000000000071e-01,3.790842222222222113e-01,8.476056098367959436e-04,8.476056098367958924e-01,3.044282420509025044e+01,1.204940072216152913e+01,-3.044282420509025044e+01,-6.160436222613918655e-02,1.127041400992767173e+00
7.600000000000000089e-01,3.800844444444443915e-01,7.875228776546201216e-04,7.875228776546201459e-01,2.942265180007964531e+01,1.210948345434370488e+01,-2.942265180007964531e+01,-5.856826123532632433e-02,1.125242884614485961e+00
7.620000000000000107e-01,3.810846666666666271e-01,7.304430570278182310e-04,7.304430570278181989e-01,2.841817586256595618e+01,1.216656327497050682e+01,-2.841817586256595618e+01,-5.559332593302956926e-02,1.123592031001874991e+00
7.640000000000000124e-01,3.820848888888888628e-01,6.763115176437004428e-04,6.763115176437004550e-01,2.746674370923813413e+01,1.222069481435462457e+01,-2.746674370923813413e+01,-5.266888675059228087e-02,1.122079377146258716e+00
7.660000000000000142e-01,3.830851111111110985e-01,6.250818751325209078e-04,6.250818751325208922e-01,2.661820155537417065e+01,1.227192445686580413e+01,-2.661820155537417065e+01,-4.979222613873057757e-02,1.120693926019148856e+00
7.680000000000000160e-01,3.840853333333332786e-01,5.767049354879567793e-04,5.767049354879567602e-01,2.592963116856386918e+01,1.232030139651036826e+01,-2.592963116856386918e+01,-4.696988234617294200e-02,1.119422815006784866e+00
7.700000000000000178e-01,3.850855555555555143e-01,5.311212349369114636e-04,5.311212349369114349e-01,2.534143892695353273e+01,1.236588509706141359e+01,-2.534143892695353273e+01,-4.422588110506658898e-02,1.118254203549546411e+00
7.720000000000000195e-01,3.860857777777777500e-01,4.882335173306646611e-04,4.882335173306646681e-01,2.482164863542438127e+01,1.240877281466766036e+01,-2.482164863542438127e+01,-4.160018434718437685e-02,1.117178475060287557e+00
7.740000000000000213e-01,3.870859999999999856e-01,4.479023772717205597e-04,4.479023772717205532e-01,2.439096052972839246e+01,1.244910395472660447e+01,-2.439096052972839246e+01,-3.912300860893966337e-02,1.116186043254876026e+00
7.760000000000000231e-01,3.880862222222222213e-01,4.099701121089580828e-04,4.099701121089580624e-01,2.404918286101616687e+01,1.248703621988936696e+01,-2.404918286101616687e+01,-3.680303232405265912e-02,1.115267288556798020e+00
7.780000000000000249e-01,3.890864444444444015e-01,3.742799557203611263e-04,3.742799557203611016e-01,2.373668320709033708e+01,1.252272637627796392e+01,-2.373668320709033708e+01,-3.464052383758048359e-02,1.114414511597766166e+00
7.800000000000000266e-01,3.900866666666666371e-01,3.406736686454259156e-04,3.406736686454259200e-01,2.343790559568390819e+01,1.255633266335289910e+01,-2.343790559568390819e+01,-3.263418893102582041e-02,1.113621801390975108e+00
7.820000000000000284e-01,3.910868888888888728e-01,3.089970737743392678e-04,3.089970737743392704e-01,2.315333680225721480e+01,1.258800925822398575e+01,-2.315333680225721480e+01,-3.076878563680390810e-02,1.112883855616269013e+00
7.840000000000000302e-01,3.920871111111111085e-01,2.791224223559787246e-04,2.791224223559787276e-01,2.281274701946652783e+01,1.261788390964234630e+01,-2.281274701946652783e+01,-2.901213611355082933e-02,1.112197229794685827e+00
7.860000000000000320e-01,3.930873333333332886e-01,2.509599072645212489e-04,2.509599072645212758e-01,2.240080137324887843e+01,1.264604642473380380e+01,-2.240080137324887843e+01,-2.732664712171066490e-02,1.111560546342347466e+00
7.880000000000000338e-01,3.940875555555555243e-01,2.244569829360596608e-04,2.244569829360596736e-01,2.194685845811719815e+01,1.267254934906226538e+01,-2.194685845811719815e+01,-2.567615110410051416e-02,1.110972847454853252e+00
7.900000000000000355e-01,3.950877777777777600e-01,1.995961934336065800e-04,1.995961934336065724e-01,2.148884167779193533e+01,1.269741013856471845e+01,-2.148884167779193533e+01,-2.402883572948738555e-02,1.110432892118007331e+00
7.920000000000000373e-01,3.960879999999999956e-01,1.763886319945378179e-04,1.763886319945378311e-01,2.104179972414810251e+01,1.272061770000378722e+01,-2.104179972414810251e+01,-2.236537267264948614e-02,1.109939341569367022e+00
7.940000000000000391e-01,3.970882222222221758e-01,1.548555079226758904e-04,1.548555079226758835e-01,2.064476900367052892e+01,1.274215082407564914e+01,-2.064476900367052892e+01,-2.069186266419645315e-02,1.109490487760394162e+00
7.960000000000000409e-01,3.980884444444444115e-01,1.349957102827392588e-04,1.349957102827392674e-01,2.036562034533632826e+01,1.276201062171558576e+01,-2.036562034533632826e+01,-1.902680720912808265e-02,1.109083231488310339e+00
7.980000000000000426e-01,3.990886666666666471e-01,1.167934371456596008e-04,1.167934371456595954e-01,2.021833900298749853e+01,1.278021289485266543e+01,-2.021833900298749853e+01,-1.738163359286171855e-02,1.108713853898037005e+00
8.000000000000000444e-01,4.000888888888888828e-01,1.002247179265296483e-04,1.002247179265296495e-01,2.012857173330792548e+01,1.279678161407179537e+01,-2.012857173330792548e+01,-1.576784562527210054e-02,1.108379595240613913e+00
8.020000000000000462e-01,4.010891111111111185e-01,8.525073796372596051e-05,8.525073796372596713e-02,2.008353316001611333e+01,1.281175559403459907e+01,-2.008353316001611333e+01,-1.420451415502613224e-02,1.108078521004123962e+00
8.040000000000000480e-01,4.020893333333332986e-01,7.180937649907549031e-05,7.180937649907548348e-02,2.010483413317770029e+01,1.282519695549924954e+01,-2.010483413317770029e+01,-1.271495044336172150e-02,1.107808424541333547e+00
8.060000000000000497e-01,4.030895555555555343e-01,5.981518598791701863e-05,5.981518598791701891e-02,2.017824612811157081e+01,1.283719114601040800e+01,-2.017824612811157081e+01,-1.132142875282959871e-02,1.107566842064466872e+00
8.080000000000000515e-01,4.040897777777777700e-01,4.916148724730362677e-05,4.916148724730362574e-02,2.026813029106940789e+01,1.284784484475102140e+01,-2.026813029106940789e+01,-1.003512304959349247e-02,1.107351391777195992e+00
8.100000000000000533e-01,4.050900000000000056e-01,3.974047983404105356e-05,3.974047983404105366e-02,2.037353343184713239e+01,1.285726585216428397e+01,-2.037353343184713239e+01,-8.846854486304765036e-03,1.107159950913319424e+00
8.120000000000000551e-01,4.060902222222221858e-01,3.146384633936705140e-05,3.146384633936705200e-02,2.046852657598102709e+01,1.286554248565895797e+01,-2.046852657598102709e+01,-7.739723853365873193e-03,1.106990934464646470e+00
8.140000000000000568e-01,4.070904444444444215e-01,2.425759225004142679e-05,2.425759225004142650e-02,2.052149561766990971e+01,1.287274873974828360e+01,-2.052149561766990971e+01,-6.704517667768443087e-03,1.106843246465557984e+00
8.160000000000000586e-01,4.080906666666666571e-01,1.805183121819986511e-05,1.805183121819986525e-02,2.053380500319155999e+01,1.287895450078012516e+01,-2.053380500319155999e+01,-5.729951144129572481e-03,1.106715866299688988e+00
8.180000000000000604e-01,4.090908888888888928e-01,1.279514331682918227e-05,1.279514331682918282e-02,2.057061285534727801e+01,1.288421118868149584e+01,-2.057061285534727801e+01,-4.793273646798580645e-03,1.106607839026328088e+00
8.200000000000000622e-01,4.100911111111111285e-01,8.463153580759553383e-06,8.463153580759552597e-03,2.069107264989943573e+01,1.288854317841756547e+01,-2.069107264989943573e+01,-3.873287100644727792e-03,1.106518472375630280e+00
8.220000000000000639e-01,4.110913333333333086e-01,5.046847654606168089e-06,5.046847654606168021e-03,2.091105677376095429e+01,1.289195948434371886e+01,-2.091105677376095429e+01,-2.964074332184840101e-03,1.106447416204026535e+00
8.240000000000000657e-01,4.120915555555555443e-01,2.533687550020147451e-06,2.533687550020147661e-03,2.115107985051314898e+01,1.289447264444830488e+01,-2.115107985051314898e+01,-2.075609455683857796e-03,1.106394572570005730e+00
8.260000000000000675e-01,4.130917777777777800e-01,8.947062501469816022e-07,8.947062501469815743e-04,2.138851714729694109e+01,1.289611162574817804e+01,-2.138851714729694109e+01,-1.226979317148419292e-03,1.106359725119838489e+00
8.280000000000000693e-01,4.140920000000000156e-01,7.918359158232136198e-08,7.918359158232135542e-05,2.163506782641949755e+01,1.289692714840674270e+01,-2.163506782641949755e+01,-4.472537353545091594e-04,1.106342196727718941e+00
8.300000000000000711e-01,4.150922222222221958e-01,0.000000000000000000e+00,0.000000000000000000e+00,2.203207380263211590e+01,1.289700633199832502e+01,-2.203207380263211590e+01,2.108330630727631096e-04,1.106340486721312244e+00
8.320000000000000728e-01,4.160924444444444315e-01,5.009434213114616443e-07,5.009434213114616341e-04,2.257996724349952800e+01,1.289650538857701356e+01,-2.257996724349952800e+01,6.960450425317710275e-04,1.106351679353445583e+00
8.339999999999999636e-01,4.170926666666666116e-01,1.392399438415736768e-06,1.392399438415736768e-03,2.304532449404859662e+01,1.289561393255990929e+01,-2.304532449404859662e+01,1.017094590563432429e-03,1.106372025712501372e+00
8.359999999999999654e-01,4.180928888888888473e-01,2.535584644478561448e-06,2.535584644478561245e-03,2.332059638826930481e+01,1.289447074735384646e+01,-2.332059638826930481e+01,1.240506484944934847e-03,1.106398530245319867e+00
8.379999999999999671e-01,4.190931111111110274e-01,3.873963744521091570e-06,3.873963744521091712e-03,2.341191871563262694e+01,1.289313236825380393e+01,-2.341191871563262694e+01,1.437287209095799686e-03,1.106429803550953883e+00
8.399999999999999689e-01,4.200933333333332631e-01,5.410797856985283749e-06,5.410797856985284128e-03,2.345350992011692881e+01,1.289159553414133974e+01,-2.345350992011692881e+01,1.650252919238810343e-03,1.106465817110475758e+00
8.419999999999999707e-01,4.210935555555554988e-01,7.175203028740640428e-06,7.175203028740640733e-03,2.351843823320631444e+01,1.288983112896958438e+01,-2.351843823320631444e+01,1.893737735213129464e-03,1.106507256979659903e+00
8.439999999999999725e-01,4.220937777777777344e-01,9.199114988627243454e-06,9.199114988627243861e-03,2.362453338395221891e+01,1.288780721700969778e+01,-2.362453338395221891e+01,2.169370489073960476e-03,1.106554962957646326e+00
8.459999999999999742e-01,4.230939999999999701e-01,1.151490817155043055e-05,1.151490817155043089e-02,2.377987999205279479e+01,1.288549142382677459e+01,-2.377987999205279479e+01,2.474890075194719798e-03,1.106609850127503014e+00
8.479999999999999760e-01,4.240942222222221503e-01,1.414999509016112750e-05,1.414999509016112711e-02,2.396553646819558736e+01,1.288285633690816390e+01,-2.396553646819558736e+01,2.802779310896207250e-03,1.106672754545846793e+00
8.499999999999999778e-01,4.250944444444443859e-01,1.712171247303651193e-05,1.712171247303651347e-02,2.416037724281078169e+01,1.287988461952528851e+01,-2.416037724281078169e+01,3.141196005935584235e-03,1.106744262112681954e+00
8.519999999999999796e-01,4.260946666666666216e-01,2.043378318914612740e-05,2.043378318914612635e-02,2.438083940428215612e+01,1.287657254880917890e+01,-2.438083940428215612e+01,3.473477655769111744e-03,1.106824648277961121e+00
8.539999999999999813e-01,4.270948888888888573e-01,2.407021155242183928e-05,2.407021155242183852e-02,2.462370550616408948e+01,1.287293612044590319e+01,-2.462370550616408948e+01,3.780121827631476375e-03,1.106913750458934143e+00
8.559999999999999831e-01,4.280951111111110374e-01,2.799570689855457336e-05,2.799570689855457317e-02,2.489120176129753759e+01,1.286901062509977045e+01,-2.489120176129753759e+01,4.046061846189186531e-03,1.107010939358610502e+00
8.579999999999999849e-01,4.290953333333332731e-01,3.216413349450952656e-05,3.216413349450952808e-02,2.519962453648606981e+01,1.286484219850381550e+01,-2.519962453648606981e+01,4.263844648068067233e-03,1.107115344179021577e+00
8.599999999999999867e-01,4.300955555555555088e-01,3.652529123675662818e-05,3.652529123675662959e-02,2.548971096537431080e+01,1.286048104076156839e+01,-2.548971096537431080e+01,4.433819666541573973e-03,1.107225880922565464e+00
8.619999999999999885e-01,4.310957777777777444e-01,4.103374341411125437e-05,4.103374341411125670e-02,2.571364463184263727e+01,1.285597258858421377e+01,-2.571364463184263727e+01,4.560987890511424003e-03,1.107341308606830443e+00
8.639999999999999902e-01,4.320959999999999801e-01,4.564929412350871371e-05,4.564929412350871712e-02,2.591436813645035286e+01,1.285135703787481631e+01,-2.591436813645035286e+01,4.650554678827766020e-03,1.107460457116143493e+00
8.659999999999999920e-01,4.330962222222221603e-01,5.033691968495723935e-05,5.033691968495723756e-02,2.610444597275544254e+01,1.284666941231336779e+01,-2.610444597275544254e+01,4.713537840385299826e-03,1.107582380812480061e+00
8.679999999999999938e-01,4.340964444444443959e-01,5.507846470998601095e-05,5.507846470998600807e-02,2.628085824622849387e+01,1.284192786728833902e+01,-2.628085824622849387e+01,4.767318601630148034e-03,1.107706573244144010e+00
8.699999999999999956e-01,4.350966666666666316e-01,5.987367569648505237e-05,5.987367569648505139e-02,2.643558298935978712e+01,1.283713265630183997e+01,-2.643558298935978712e+01,4.826092125132960126e-03,1.107832962056771731e+00
8.719999999999999973e-01,4.360968888888888673e-01,6.473279389008545560e-05,6.473279389008546048e-02,2.660298748359830512e+01,1.283227353810823956e+01,-2.660298748359830512e+01,4.899052342773952545e-03,1.107961816100448749e+00
8.739999999999999991e-01,4.370971111111110474e-01,6.967395773862960942e-05,6.967395773862961050e-02,2.678402744060026208e+01,1.282733237425969541e+01,-2.678402744060026208e+01,4.987595881277361032e-03,1.108093707827506158e+00
8.760000000000000009e-01,4.380973333333332831e-01,7.471020236192060413e-05,7.471020236192060793e-02,2.700863729689490711e+01,1.282229612963640442e+01,-2.700863729689490711e+01,5.080240650559737781e-03,1.108229161001093921e+00
8.780000000000000027e-01,4.390975555555555188e-01,7.983669692448280397e-05,7.983669692448280841e-02,2.725064630254868092e+01,1.281716963507384222e+01,-2.725064630254868092e+01,5.158703630391406336e-03,1.108368238239257897e+00
8.800000000000000044e-01,4.400977777777777544e-01,8.502990237987262260e-05,8.502990237987262390e-02,2.750747867969419858e+01,1.281197642961845240e+01,-2.750747867969419858e+01,5.210155069504326941e-03,1.108510420231596960e+00
8.820000000000000062e-01,4.410979999999999346e-01,9.025932268796665664e-05,9.025932268796665880e-02,2.773027439128301452e+01,1.280674700931035837e+01,-2.773027439128301452e+01,5.236404151089404935e-03,1.108654848052992303e+00
8.840000000000000080e-01,4.420982222222221703e-01,9.550503797278508738e-05,9.550503797278508955e-02,2.796049597119700536e+01,1.280150129402553993e+01,-2.796049597119700536e+01,5.247925518786514254e-03,1.108800915229362527e+00
8.860000000000000098e-01,4.430984444444444059e-01,1.007575061368815088e-04,1.007575061368815028e-01,2.819889959246891564e+01,1.279624882586144352e+01,-2.819889959246891564e+01,5.249095038233363153e-03,1.108948401862333455e+00
8.880000000000000115e-01,4.440986666666666416e-01,1.060055609803800541e-04,1.060055609803800536e-01,2.841358151677559718e+01,1.279100077101794497e+01,-2.841358151677559718e+01,5.236396474242316357e-03,1.109096952270392844e+00
8.900000000000000133e-01,4.450988888888888773e-01,1.112326263726881549e-04,1.112326263726881592e-01,2.861495750589021370e+01,1.278577370562563686e+01,-2.861495750589021370e+01,5.205298077906254928e-03,1.109245993204148295e+00
8.920000000000000151e-01,4.460991111111110574e-01,1.164184706020048298e-04,1.164184706020048310e-01,2.877715774390252790e+01,1.278058786139632019e+01,-2.877715774390252790e+01,5.154975409651214868e-03,1.109394799985882862e+00
8.940000000000000169e-01,4.470993333333332931e-01,1.215448682921724835e-04,1.215448682921724810e-01,2.890473143441889547e+01,1.277546146370615254e+01,-2.890473143441889547e+01,5.092280207002412851e-03,1.109542646684539946e+00
8.960000000000000187e-01,4.480995555555555288e-01,1.266052942516573401e-04,1.266052942516573410e-01,2.901102252702104778e+01,1.277040103774666768e+01,-2.901102252702104778e+01,5.031449260223634645e-03,1.109689187833242663e+00
8.980000000000000204e-01,4.490997777777777644e-01,1.316100030122910954e-04,1.316100030122910880e-01,2.913610215309527973e+01,1.276539632898603394e+01,-2.913610215309527973e+01,4.983866854788299161e-03,1.109834696749166127e+00
9.000000000000000222e-01,4.500999999999999446e-01,1.365752430131692658e-04,1.365752430131692563e-01,2.929309756637784901e+01,1.276043108898515577e+01,-2.929309756637784901e+01,4.948725318619839886e-03,1.109979757520752619e+00
9.020000000000000240e-01,4.511002222222221802e-01,1.415096530830055657e-04,1.415096530830055599e-01,2.949152498666604316e+01,1.275549667891531946e+01,-2.949152498666604316e+01,4.917412105529914146e-03,1.110124790890189228e+00
9.040000000000000258e-01,4.521004444444444159e-01,1.464122527407205575e-04,1.464122527407205610e-01,2.968767079528086228e+01,1.275059407925760446e+01,-2.968767079528086228e+01,4.882825034966190025e-03,1.110269851251605822e+00
9.060000000000000275e-01,4.531006666666666516e-01,1.512774732973980543e-04,1.512774732973980463e-01,2.988668913297351537e+01,1.274572885870092698e+01,-2.988668913297351537e+01,4.842456775801209923e-03,1.110414764643971264e+00
9.080000000000000293e-01,4.541008888888888317e-01,1.560993184953343108e-04,1.560993184953343160e-01,3.010233310080563385e+01,1.274090701350299071e+01,-3.010233310080563385e+01,4.796068369789865948e-03,1.110559387751436144e+00
9.100000000000000311e-01,4.551011111111110674e-01,1.608717416229197444e-04,1.608717416229197561e-01,3.032522407604032821e+01,1.273613459037540530e+01,-3.032522407604032821e+01,4.742308461651134621e-03,1.110703578714765882e+00
9.120000000000000329e-01,4.561013333333333031e-01,1.655860431112863337e-04,1.655860431112863296e-01,3.052581397094930082e+01,1.273142028888703869e+01,-3.052581397094930082e+01,4.675998608444489890e-03,1.110847013586206522e+00
9.140000000000000346e-01,4.571015555555555387e-01,1.702258170614125913e-04,1.702258170614125987e-01,3.069426911214939935e+01,1.272678051493691243e+01,-3.069426911214939935e+01,4.589650028745465016e-03,1.110989036739788549e+00
9.160000000000000364e-01,4.581017777777777744e-01,1.747673830132345882e-04,1.747673830132345785e-01,3.083178489036323100e+01,1.272223894898509045e+01,-3.083178489036323100e+01,4.481458651097128265e-03,1.111128747565963470e+00
9.180000000000000382e-01,4.591019999999999546e-01,1.791907261230072323e-04,1.791907261230072379e-01,3.093983182741095561e+01,1.271781560587531779e+01,-3.093983182741095561e+01,4.358630519479447796e-03,1.111265362833519399e+00
9.200000000000000400e-01,4.601022222222221902e-01,1.834865812213131147e-04,1.834865812213131164e-01,3.105149733113458055e+01,1.271351975077701191e+01,-3.105149733113458055e+01,4.231111489512481838e-03,1.111398510353452940e+00
9.220000000000000417e-01,4.611024444444444259e-01,1.876548295960276324e-04,1.876548295960276391e-01,3.122071981445692046e+01,1.270935150240229738e+01,-3.122071981445692046e+01,4.109258043761568335e-03,1.111528288126693909e+00
9.240000000000000435e-01,4.621026666666666616e-01,1.917069236457447242e-04,1.917069236457447368e-01,3.141720185165983992e+01,1.270529940835258031e+01,-3.141720185165983992e+01,4.002489450516760749e-03,1.111655191927161335e+00
9.260000000000000453e-01,4.631028888888888417e-01,1.956615873812612744e-04,1.956615873812612705e-01,3.156692857819752618e+01,1.270134474461706375e+01,-3.156692857819752618e+01,3.914073423538805274e-03,1.111779730411222689e+00
9.280000000000000471e-01,4.641031111111110774e-01,1.995368100810104319e-04,1.995368100810104295e-01,3.169689816196009602e+01,1.269746952191731459e+01,-3.169689816196009602e+01,3.840264454226804958e-03,1.111902311007080923e+00
9.300000000000000488e-01,4.651033333333333131e-01,2.033438230739168645e-04,2.033438230739168517e-01,3.180335884333440433e+01,1.269366250892440817e+01,-3.180335884333440433e+01,3.773338962799466234e-03,1.112023185460706776e+00
9.320000000000000506e-01,4.661035555555555487e-01,2.070851650461484877e-04,2.070851650461484894e-01,3.191503217994606700e+01,1.268992116695217653e+01,-3.191503217994606700e+01,3.705287662878822830e-03,1.112142381801177304e+00
9.340000000000000524e-01,4.671037777777777844e-01,2.107560451941914469e-04,2.107560451941914437e-01,3.204695839288741865e+01,1.268625028680413358e+01,-3.204695839288741865e+01,3.629347250780248779e-03,1.112259778128755094e+00
9.360000000000000542e-01,4.681039999999999646e-01,2.143454725909315121e-04,2.143454725909315073e-01,3.221926822494098275e+01,1.268266085940739352e+01,-3.221926822494098275e+01,3.540785627143397396e-03,1.112375115020748151e+00
9.380000000000000560e-01,4.691042222222222002e-01,2.178391901309790753e-04,2.178391901309790768e-01,3.240041872632983200e+01,1.267916714186734595e+01,-3.240041872632983200e+01,3.437784452850145556e-03,1.112487995148867981e+00
9.400000000000000577e-01,4.701044444444444359e-01,2.212225694008331824e-04,2.212225694008331800e-01,3.249316707819276928e+01,1.267578376259749184e+01,-3.249316707819276928e+01,3.322360779065836045e-03,1.112597775330874228e+00
9.420000000000000595e-01,4.711046666666666716e-01,2.244853882939015245e-04,2.244853882939015222e-01,3.254290571207761218e+01,1.267252094370442350e+01,-3.254290571207761218e+01,3.200213249065483878e-03,1.112703876260211722e+00
9.440000000000000613e-01,4.721048888888888517e-01,2.276244182159636788e-04,2.276244182159636864e-01,3.263512142557003415e+01,1.266938191378236134e+01,-3.263512142557003415e+01,3.075940974593210919e-03,1.112806172351864520e+00
9.460000000000000631e-01,4.731051111111110874e-01,2.306386373279654099e-04,2.306386373279654123e-01,3.282974472558784385e+01,1.266636769467035961e+01,-3.282974472558784385e+01,2.950943405749251180e-03,1.112904831315542964e+00
9.480000000000000648e-01,4.741053333333333231e-01,2.335276165578647968e-04,2.335276165578648033e-01,3.305308042641439670e+01,1.266347871544046022e+01,-3.305308042641439670e+01,2.827601981307187318e-03,1.112999994258377034e+00
9.500000000000000666e-01,4.751055555555555587e-01,2.362950980025715529e-04,2.362950980025715630e-01,3.321346221599404203e+01,1.266071123399575349e+01,-3.321346221599404203e+01,2.711741010423693310e-03,1.113091685483074356e+00
9.520000000000000684e-01,4.761057777777777389e-01,2.389523037969390061e-04,2.389523037969390196e-01,3.329279407368318289e+01,1.265805402820138603e+01,-3.329279407368318289e+01,2.609559087853235981e-03,1.113180041444828294e+00
9.540000000000000702e-01,4.771059999999999746e-01,2.415153759823169839e-04,2.415153759823169821e-01,3.338364217933254707e+01,1.265549095601600804e+01,-3.338364217933254707e+01,2.521041099272300356e-03,1.113265487209725846e+00
9.560000000000000719e-01,4.781062222222222102e-01,2.439955064581944718e-04,2.439955064581944832e-01,3.349538594137354863e+01,1.265301082554013057e+01,-3.349538594137354863e+01,2.439228137821727871e-03,1.113348421630650842e+00
9.580000000000000737e-01,4.791064444444444459e-01,2.463949163593550816e-04,2.463949163593550928e-01,3.361635802618846469e+01,1.265061141563896996e+01,-3.361635802618846469e+01,2.357208032953445054e-03,1.113428938203858021e+00
9.599999999999999645e-01,4.801066666666666261e-01,2.487109701721159521e-04,2.487109701721159638e-01,3.372276302390867642e+01,1.264829536182620906e+01,-3.372276302390867642e+01,2.271334920409998070e-03,1.113506922367828444e+00
9.619999999999999662e-01,4.811068888888888062e-01,2.509385956823617560e-04,2.509385956823617647e-01,3.380027339170870704e+01,1.264606773631596326e+01,-3.380027339170870704e+01,2.179740375473082636e-03,1.113582133341095570e+00
9.639999999999999680e-01,4.821071111111110419e-01,2.530714196965622295e-04,2.530714196965622165e-01,3.387517841615432701e+01,1.264393491230176281e+01,-3.387517841615432701e+01,2.080545420429014136e-03,1.113654304706773290e+00
9.659999999999999698e-01,4.831073333333332775e-01,2.551006112100733512e-04,2.551006112100733247e-01,3.394161084369655867e+01,1.264190572078825170e+01,-3.394161084369655867e+01,1.972215141742339473e-03,1.113723113119908348e+00
9.679999999999999716e-01,4.841075555555555132e-01,2.570167265201099625e-04,2.570167265201099838e-01,3.396887963215058903e+01,1.263998960547821504e+01,-3.396887963215058903e+01,1.856925610516924063e-03,1.113788177945662206e+00
9.699999999999999734e-01,4.851077777777776934e-01,2.588152877313785126e-04,2.588152877313785183e-01,3.397336142851251850e+01,1.263819104426694651e+01,-3.397336142851251850e+01,1.739188064682012369e-03,1.113849280102033434e+00
9.719999999999999751e-01,4.861079999999999290e-01,2.604958756219470932e-04,2.604958756219470928e-01,3.402004532492630773e+01,1.263651045637637793e+01,-3.402004532492630773e+01,1.622704866061835949e-03,1.113906417565168727e+00
9.739999999999999769e-01,4.871082222222221647e-01,2.620614186656649181e-04,2.620614186656649025e-01,3.408230514300421987e+01,1.263494491333266012e+01,-3.408230514300421987e+01,1.511678132481097947e-03,1.113959728204528155e+00
9.759999999999999787e-01,4.881084444444444004e-01,2.635199037438571302e-04,2.635199037438571423e-01,3.413972722703017126e+01,1.263348642825446788e+01,-3.413972722703017126e+01,1.409867369540684923e-03,1.114009479133850844e+00
9.779999999999999805e-01,4.891086666666666360e-01,2.648817800124660896e-04,2.648817800124660948e-01,3.417536881221361966e+01,1.263212455198585893e+01,-3.417536881221361966e+01,1.318697409617014538e-03,1.114055997275501086e+00
9.799999999999999822e-01,4.901088888888888162e-01,2.661578846508288218e-04,2.661578846508288465e-01,3.417946585158593820e+01,1.263084844734749623e+01,-3.417946585158593820e+01,1.237866592287695244e-03,1.114099611263335232e+00
9.819999999999999840e-01,4.911091111111110519e-01,2.673580633599712789e-04,2.673580633599712542e-01,3.418128019212635849e+01,1.262964826863835377e+01,-3.418128019212635849e+01,1.164088721504030755e-03,1.114140634148085063e+00
9.839999999999999858e-01,4.921093333333332875e-01,2.684865794666020525e-04,2.684865794666020378e-01,3.419294314976939830e+01,1.262851975253172299e+01,-3.419294314976939830e+01,1.094218158523729834e-03,1.114179215043998861e+00
9.859999999999999876e-01,4.931095555555555232e-01,2.695469859962003334e-04,2.695469859962003056e-01,3.420233122394844827e+01,1.262745934600212472e+01,-3.420233122394844827e+01,1.028542099941520682e-03,1.114215478223814948e+00
9.879999999999999893e-01,4.941097777777777034e-01,2.705441207963073138e-04,2.705441207963072969e-01,3.424194255581434021e+01,1.262646221120201773e+01,-3.424194255581434021e+01,9.652098651915241856e-04,1.114249602243647663e+00
9.899999999999999911e-01,4.951099999999999390e-01,2.714778347087456480e-04,2.714778347087456467e-01,3.430190309497558587e+01,1.262552849728957938e+01,-3.430190309497558587e+01,8.975246612819287595e-04,1.114281602777673186e+00
9.919999999999999929e-01,4.961102222222221747e-01,2.723395690187206740e-04,2.723395690187206952e-01,3.434531966179513063e+01,1.262466676297960433e+01,-3.434531966179513063e+01,8.202190290766131486e-04,1.114311181345092994e+00
9.939999999999999947e-01,4.971104444444444104e-01,2.731186373086895826e-04,2.731186373086895713e-01,3.435817939807070331e+01,1.262388769468963545e+01,-3.435817939807070331e+01,7.374093403529902169e-04,1.114337945302519284e+00
9.959999999999999964e-01,4.981106666666665905e-01,2.738147154369112565e-04,2.738147154369112712e-01,3.434064787371597305e+01,1.262319161656141375e+01,-3.434064787371597305e+01,6.585488492559243845e-04,1.114361858506695446e+00
9.979999999999999982e-01,4.991108888888888262e-01,2.744360276955788757e-04,2.744360276955788991e-01,3.434189286017646481e+01,1.262257030430274618e+01,-3.434189286017646481e+01,5.869603589430949508e-04,1.114383200025411025e+00
1.000000000000000000e+00,5.001111111111110619e-01,2.749888970260681072e-04,2.749888970260681020e-01,3.436494010437427704e+01,1.262201743497225692e+01,-3.436494010437427704e+01,5.527464979341276423e-04,1.114402197578002296e+00
