phase,time_s,displacement_m,displacement_mm,displacement_velocity_m_s,measured_force_n,raw_contact_force_n,sim_force_n,force_error_n,kh,kd,rigid_contact_count,pair_contact_count,active_pair_contact_count,pair_stiffness_sum,pair_depth_min_m,pair_depth_max_m,top_contact_force_n,top_solver_force_n,top_rigid_contact_count,top_pair_contact_count,top_active_pair_contact_count,top_pair_stiffness_sum,top_pair_depth_min_m,top_pair_depth_max_m,bottom_contact_force_n,bottom_solver_force_n,bottom_rigid_contact_count,bottom_pair_contact_count,bottom_active_pair_contact_count,bottom_pair_stiffness_sum,bottom_pair_depth_min_m,bottom_pair_depth_max_m,shoe_vertical_velocity_m_s,shoe_abs_vertical_velocity_m_s,shoe_angular_velocity_x_rad_s,shoe_angular_velocity_y_rad_s,shoe_angular_velocity_z_rad_s,shoe_angular_velocity_norm_rad_s,shoe_free_axis_angular_velocity_rad_s,shoe_abs_free_axis_angular_velocity_rad_s,indenter_platen_stop_active,indenter_command_z_m,indenter_applied_z_m,indenter_stop_z_m
0.0,0.0,0.000274220512207,0.274220512207,4.171785728542121e-05,34.3847674727,0.0,0.0,-34.3847674727,2000000.0,250.0,31,0,0,0.0,0.0,0.0,0.0,0.0,31,0,0,0.0,0.0,0.0,25.73076117849928,0.0,31,31,30,25585.6171875,-0.007215874968096614,0.0002043553176918067,-0.0002947786415461451,0.0002947786415461451,0.0,0.0,0.0,0.0,0.0,0.0,0,0.06750286365118309,0.06750286365118309,0.0251
0.002,0.001002,0.0002742623135,0.27426231349999997,0.00022742712475048998,34.3886596474,0.0,0.0,-34.3886596474,2000000.0,250.0,31,0,0,0.0,0.0,0.0,0.0,0.0,31,0,0,0.0,0.0,0.0,25.7331179490369,0.0,31,31,30,25803.58203125,-0.00721620861440897,0.00020428417337825522,-0.0002457345835864544,0.0002457345835864544,0.0,0.0,0.0,0.0,0.0,0.0,0,0.0675028218498901,0.0675028218498901,0.0251
0.004,0.002004,0.000274676276165,0.274676276165,0.0003883187490019979,34.3488096462,0.0,0.0,-34.3488096462,2000000.0,250.0,30,0,0,0.0,0.0,0.0,0.0,0.0,30,0,0,0.0,0.0,0.0,25.735058181845154,0.0,30,30,29,25528.119140625,-0.0072164880111813545,0.00020422376837814227,-0.0002086984895868227,0.0002086984895868227,0.0,0.0,0.0,0.0,0.0,0.0,0,0.0675024078872251,0.0675024078872251,0.0251
0.006,0.003006,0.000275040504273,0.275040504273,0.00034402910578842927,34.2748567543,0.0,0.0,-34.2748567543,2000000.0,250.0,31,0,0,0.0,0.0,0.0,0.0,0.0,31,0,0,0.0,0.0,0.0,25.7366581654072,0.0,31,31,30,25585.931640625,-0.0072167187463492155,0.00020417369523784146,-0.0001806240907171741,0.0001806240907171741,0.0,0.0,0.0,0.0,0.0,0.0,0,0.06750204365911709,0.06750204365911709,0.0251
0.008,0.004008,0.000275365710493,0.275365710493,0.00030847892115767883,34.2268402103,0.0,0.0,-34.2268402103,2000000.0,250.0,30,0,0,0.0,0.0,0.0,0.0,0.0,30,0,0,0.0,0.0,0.0,25.738033596575903,0.0,30,30,29,25528.275390625,-0.007216914091259241,0.00020413110178196803,-0.00015922484453767538,0.00015922484453767538,0.0,0.0,0.0,0.0,0.0,0.0,0,0.0675017184528971,0.0675017184528971,0.0251
0.01,0.00501,0.000275658696031,0.275658696031,0.0002765458857285352,34.233291694,0.0,0.0,-34.233291694,2000000.0,250.0,31,0,0,0.0,0.0,0.0,0.0,0.0,31,0,0,0.0,0.0,0.0,25.739313382049616,0.0,31,31,30,25587.119140625,-0.007217093603685498,0.0002040917388512753,-0.00014284567441791296,0.00014284567441791296,0.0,0.0,0.0,0.0,0.0,0.0,0,0.0675014254673591,0.0675014254673591,0.0251
0.012,0.006012,0.000275919908448,0.275919908448,0.00024385118762473845,34.2425411622,0.0,0.0,-34.2425411622,2000000.0,250.0,31,0,0,0.0,0.0,0.0,0.0,0.0,31,0,0,0.0,0.0,0.0,25.740382748720336,0.0,31,31,30,25803.92578125,-0.007217245176434517,0.00020405832765391096,-0.00013013952411711216,0.00013013952411711216,0.0,0.0,0.0,0.0,0.0,0.0,0,0.0675011642549421,0.0675011642549421,0.0251
0.014,0.007014,0.000276147373811,0.27614737381099996,0.00020895584780442067,34.2187478687,0.0,0.0,-34.2187478687,2000000.0,250.0,31,0,0,0.0,0.0,0.0,0.0,0.0,31,0,0,0.0,0.0,0.0,25.741310625791474,0.0,31,31,30,25803.974609375,-0.007217378588393331,0.00020402877271408215,-0.00012004088785033673,0.00012004088785033673,0.0,0.0,0.0,0.0,0.0,0.0,0,0.0675009367895791,0.0675009367895791,0.0251
0.016,0.008016,0.000276338655967,0.276338655967,0.00017278274550899808,34.1971116468,0.0,0.0,-34.1971116468,2000000.0,250.0,30,0,0,0.0,0.0,0.0,0.0,0.0,30,0,0,0.0,0.0,0.0,25.742158140700038,0.0,30,30,29,25528.50390625,-0.007217501290142536,0.00020400192443048581,-0.00011218578583793715,0.00011218578583793715,0.0,0.0,0.0,0.0,0.0,0.0,0,0.06750074550742309,0.06750074550742309,0.0251
0.018,0.009018,0.000276493630433,0.276493630433,0.00013767462924149654,34.2031500319,0.0,0.0,-34.2031500319,2000000.0,250.0,31,0,0,0.0,0.0,0.0,0.0,0.0,31,0,0,0.0,0.0,0.0,25.742986475554407,0.0,31,31,30,25587.3125,-0.007217617239803076,0.0002039754399447702,-0.0001069545978680253,0.0001069545978680253,0.0,0.0,0.0,0.0,0.0,0.0,0,0.0675005905329571,0.0675005905329571,0.0251
0.02,0.01002,0.000276614555924,0.27661455592399997,0.00010499247754491847,34.2392095395,0.0,0.0,-34.2392095395,2000000.0,250.0,30,0,0,0.0,0.0,0.0,0.0,0.0,30,0,0,0.0,0.0,0.0,25.743729687572728,0.0,30,30,29,25528.591796875,-0.0072177264373749495,0.0002039510291069746,-0.00010260781709803268,0.00010260781709803268,0.0,0.0,0.0,0.0,0.0,0.0,0,0.0675004696074661,0.0675004696074661,0.0251
0.022,0.011022,0.000276704035358,0.27670403535800003,7.5413473053898e-05,34.2861077631,0.0,0.0,-34.2861077631,2000000.0,250.0,31,0,0,0.0,0.0,0.0,0.0,0.0,31,0,0,0.0,0.0,0.0,25.74444036758435,0.0,31,31,30,25804.12109375,-0.00721782841719687,0.00020392817532410845,-9.911203233059496e-05,9.911203233059496e-05,0.0,0.0,0.0,0.0,0.0,0.0,0,0.0675003801280321,0.0675003801280321,0.0251
0.024,0.012024,0.000276765684524,0.27676568452399997,5.114820159682343e-05,34.3004477731,0.0,0.0,-34.3004477731,2000000.0,250.0,30,0,0,0.0,0.0,0.0,0.0,0.0,30,0,0,0.0,0.0,0.0,25.745135452159374,0.0,30,30,29,25528.666015625,-0.007217925041913986,0.00020390646386658773,-9.665999095886946e-05,9.665999095886946e-05,0.0,0.0,0.0,0.0,0.0,0.0,0,0.06750031847886609,0.06750031847886609,0.0251
0.026,0.013026,0.000276806536354,0.276806536354,3.4527668662687194e-05,34.259070434,0.0,0.0,-34.259070434,2000000.0,250.0,31,0,0,0.0,0.0,0.0,0.0,0.0,31,0,0,0.0,0.0,0.0,25.745859979663102,0.0,31,31,30,25586.435546875,-0.007218024926260114,0.00020388385746628046,-9.460597357247025e-05,9.460597357247025e-05,0.0,0.0,0.0,0.0,0.0,0.0,0,0.0675002776270361,0.0675002776270361,0.0251
0.028,0.014028,0.000276834877972,0.276834877972,2.4410050399215066e-05,34.2026685012,0.0,0.0,-34.2026685012,2000000.0,250.0,31,0,0,0.0,0.0,0.0,0.0,0.0,31,0,0,0.0,0.0,0.0,25.7464790147087,0.0,31,31,30,25586.455078125,-0.007218121085315943,0.000203861876798328,-9.363929711980745e-05,9.363929711980745e-05,0.0,0.0,0.0,0.0,0.0,0.0,0,0.06750024928541809,0.06750024928541809,0.0251
0.03,0.01503,0.000276855454095,0.276855454095,1.780127894210337e-05,34.183682163,0.0,0.0,-34.183682163,2000000.0,250.0,31,0,0,0.0,0.0,0.0,0.0,0.0,31,0,0,0.0,0.0,0.0,25.747121428147835,0.0,31,31,30,25586.634765625,-0.007218209095299244,0.00020384183153510094,-9.285572014050558e-05,9.285572014050558e-05,0.0,0.0,0.0,0.0,0.0,0.0,0,0.06750022870929509,0.06750022870929509,0.0251
0.032,0.016032,0.000276870551735,0.27687055173499997,1.2948817365271426e-05,34.1864359695,0.0,0.0,-34.1864359695,2000000.0,250.0,31,0,0,0.0,0.0,0.0,0.0,0.0,31,0,0,0.0,0.0,0.0,25.74778609014472,0.0,31,31,30,25586.53515625,-0.007218304090201855,0.00020382002549013123,-9.19422454899177e-05,9.19422454899177e-05,0.0,0.0,0.0,0.0,0.0,0.0,0,0.06750021361165509,0.06750021361165509,0.0251
0.034,0.017034,0.000276881403525,0.276881403525,9.863795409181808e-06,34.1943784544,0.0,0.0,-34.1943784544,2000000.0,250.0,31,0,0,0.0,0.0,0.0,0.0,0.0,31,0,0,0.0,0.0,0.0,25.7483980508412,0.0,31,31,30,25586.70703125,-0.007218391401693225,0.0002038002130575478,-9.157054591923952e-05,9.157054591923952e-05,0.0,0.0,0.0,0.0,0.0,0.0,0,0.0675002027598651,0.0675002027598651,0.0251
0.036,0.018036,0.000276890318781,0.276890318781,8.383269461093024e-06,34.1821307963,0.0,0.0,-34.1821307963,2000000.0,250.0,30,0,0,0.0,0.0,0.0,0.0,0.0,30,0,0,0.0,0.0,0.0,25.748994953369603,0.0,30,30,29,25528.876953125,-0.007218479411676526,0.00020378013141453266,-9.122281335294247e-05,9.122281335294247e-05,0.0,0.0,0.0,0.0,0.0,0.0,0,0.06750019384460909,0.06750019384460909,0.0251
0.038,0.019038,0.000276898203597,0.276898203597,8.01403443112525e-06,34.1542678966,0.0,0.0,-34.1542678966,2000000.0,250.0,31,0,0,0.0,0.0,0.0,0.0,0.0,31,0,0,0.0,0.0,0.0,25.74963229347685,0.0,31,31,30,25586.626953125,-0.007218568818643689,0.00020375970052555203,-9.029104694491252e-05,9.029104694491252e-05,0.0,0.0,0.0,0.0,0.0,0.0,0,0.0675001859597931,0.0675001859597931,0.0251
0.04,0.02004,0.000276906378906,0.276906378906,7.956853792401297e-06,34.1615362405,0.0,0.0,-34.1615362405,2000000.0,250.0,31,0,0,0.0,0.0,0.0,0.0,0.0,31,0,0,0.0,0.0,0.0,25.750293525138318,0.0,31,31,30,25587.705078125,-0.007218662882223725,0.00020373828010633588,-9.030503133544698e-05,9.030503133544698e-05,0.0,0.0,0.0,0.0,0.0,0.0,0,0.0675001777844841,0.0675001777844841,0.0251
0.042,0.021042,0.000276914149132,0.276914149132,5.662778942122637e-06,34.2330760007,0.0,0.0,-34.2330760007,2000000.0,250.0,30,0,0,0.0,0.0,0.0,0.0,0.0,30,0,0,0.0,0.0,0.0,25.750897537915233,0.0,30,30,29,25528.98046875,-0.007218749029561877,0.00020371860591694713,-9.042619785759598e-05,9.042619785759598e-05,0.0,0.0,0.0,0.0,0.0,0.0,0,0.06750017001425809,0.06750017001425809,0.0251
0.044,0.022044,0.000276917727115,0.276917727115,1.0169835329143506e-06,34.2922009992,0.0,0.0,-34.2922009992,2000000.0,250.0,31,0,0,0.0,0.0,0.0,0.0,0.0,31,0,0,0.0,0.0,0.0,25.751534722748758,0.0,31,31,30,25586.73046875,-0.00721883843652904,0.00020369819685583934,-9.007978951558471e-05,9.007978951558471e-05,0.0,0.0,0.0,0.0,0.0,0.0,0,0.0675001664362751,0.0675001664362751,0.0251
0.046,0.023046,0.000276916187167,0.276916187167,-3.2830958083818196e-06,34.3069899832,0.0,0.0,-34.3069899832,2000000.0,250.0,30,0,0,0.0,0.0,0.0,0.0,0.0,30,0,0,0.0,0.0,0.0,25.752149091916134,0.0,30,30,29,25529.04296875,-0.007218927843496203,0.00020367778051877394,-9.015912655740976e-05,9.015912655740976e-05,0.0,0.0,0.0,0.0,0.0,0.0,0,0.06750016797622309,0.06750016797622309,0.0251
0.048,0.024048,0.000276911147791,0.276911147791,-6.004927644687186e-06,34.2782156038,0.0,0.0,-34.2782156038,2000000.0,250.0,30,0,0,0.0,0.0,0.0,0.0,0.0,30,0,0,0.0,0.0,0.0,25.752742829232677,0.0,30,30,29,25529.080078125,-0.007219013758003712,0.00020365833916002885,-8.985379827208817e-05,8.985379827208817e-05,0.0,0.0,0.0,0.0,0.0,0.0,0,0.06750017301559909,0.06750017301559909,0.0251
0.05,0.02505,0.000276904153292,0.27690415329199997,-6.816163173661849e-06,34.2564488708,0.0,0.0,-34.2564488708,2000000.0,250.0,31,0,0,0.0,0.0,0.0,0.0,0.0,31,0,0,0.0,0.0,0.0,25.753417210860224,0.0,31,31,30,25586.83203125,-0.0072191080544143915,0.0002036366713582538,-9.004097955767065e-05,9.004097955767065e-05,0.0,0.0,0.0,0.0,0.0,0.0,0,0.0675001800100981,0.0675001800100981,0.0251
0.052,0.026052,0.0002768974882,0.2768974882,-5.656074351267915e-06,34.2609064477,0.0,0.0,-34.2609064477,2000000.0,250.0,30,0,0,0.0,0.0,0.0,0.0,0.0,30,0,0,0.0,0.0,0.0,25.75404011686102,0.0,30,30,29,25529.14453125,-0.007219197461381555,0.00020361621864140034,-9.007353946799412e-05,9.007353946799412e-05,0.0,0.0,0.0,0.0,0.0,0.0,0,0.06750018667519009,0.06750018667519009,0.0251
0.054,0.027054,0.000276892818519,0.276892818519,-4.791148702582015e-06,34.2671559566,0.0,0.0,-34.2671559566,2000000.0,250.0,31,0,0,0.0,0.0,0.0,0.0,0.0,31,0,0,0.0,0.0,0.0,25.754642228470228,0.0,31,31,30,25804.609375,-0.007219285238534212,0.00020359640620881692,-8.978971891338006e-05,8.978971891338006e-05,0.0,0.0,0.0,0.0,0.0,0.0,0,0.06750019134487109,0.06750019134487109,0.0251
0.056,0.028056,0.000276887886738,0.276887886738,-6.567804391205412e-06,34.2869820641,0.0,0.0,-34.2869820641,2000000.0,250.0,31,0,0,0.0,0.0,0.0,0.0,0.0,31,0,0,0.0,0.0,0.0,25.75527357581354,0.0,31,31,30,25587.07421875,-0.007219373248517513,0.00020357636822154745,-8.958148100646213e-05,8.958148100646213e-05,0.0,0.0,0.0,0.0,0.0,0.0,0,0.06750019627665209,0.06750019627665209,0.0251
0.058,0.029058,0.000276879656639,0.276879656639,-1.0527604790422362e-05,34.3078151193,0.0,0.0,-34.3078151193,2000000.0,250.0,31,0,0,0.0,0.0,0.0,0.0,0.0,31,0,0,0.0,0.0,0.0,25.755831338173234,0.0,31,31,30,25586.9609375,-0.00721945334225893,0.0002035578145296313,-8.977361721917987e-05,8.977361721917987e-05,0.0,0.0,0.0,0.0,0.0,0.0,0,0.0675002045067511,0.0675002045067511,0.0251
0.06,0.03006,0.000276866789418,0.276866789418,-1.3900030938152064e-05,34.3199794653,0.0,0.0,-34.3199794653,2000000.0,250.0,31,0,0,0.0,0.0,0.0,0.0,0.0,31,0,0,0.0,0.0,0.0,25.75649187163923,0.0,31,31,30,25588.025390625,-0.007219547405838966,0.0002035363795584999,-8.992566290544346e-05,8.992566290544346e-05,0.0,0.0,0.0,0.0,0.0,0.0,0,0.06750021737397209,0.06750021737397209,0.0251
0.062,0.031062,0.000276851800977,0.276851800977,-1.424425648705041e-05,34.3204370462,0.0,0.0,-34.3204370462,2000000.0,250.0,31,0,0,0.0,0.0,0.0,0.0,0.0,31,0,0,0.0,0.0,0.0,25.75708776917649,0.0,31,31,30,25804.736328125,-0.007219630293548107,0.0002035173456533812,-8.977467950899154e-05,8.977467950899154e-05,0.0,0.0,0.0,0.0,0.0,0.0,0,0.06750023236241309,0.06750023236241309,0.0251
0.064,0.032064,0.000276838243928,0.276838243928,-1.1869287425136932e-05,34.3353338792,0.0,0.0,-34.3353338792,2000000.0,250.0,31,0,0,0.0,0.0,0.0,0.0,0.0,31,0,0,0.0,0.0,0.0,25.757727027397422,0.0,31,31,30,25587.060546875,-0.007219722960144281,0.00020349628903204575,-8.940112456912175e-05,8.940112456912175e-05,0.0,0.0,0.0,0.0,0.0,0.0,0,0.06750024591946209,0.06750024591946209,0.0251
0.066,0.033066,0.000276828014925,0.276828014925,-9.408612774430836e-06,34.3630530818,0.0,0.0,-34.3630530818,2000000.0,250.0,31,0,0,0.0,0.0,0.0,0.0,0.0,31,0,0,0.0,0.0,0.0,25.758579517172386,0.0,31,31,30,25588.19140625,-0.0072198063135147095,0.0002034772769547999,-8.959948900155723e-05,8.959948900155723e-05,0.0,0.0,0.0,0.0,0.0,0.0,0,0.0675002561484651,0.0675002561484651,0.0251
0.068,0.034068,0.000276819389068,0.276819389068,-9.623754990001343e-06,34.3858822766,0.0,0.0,-34.3858822766,2000000.0,250.0,30,0,0,0.0,0.0,0.0,0.0,0.0,30,0,0,0.0,0.0,0.0,25.75917907304123,0.0,30,30,29,25529.470703125,-0.007219892460852861,0.00020345760276541114,-8.980873099062592e-05,8.980873099062592e-05,0.0,0.0,0.0,0.0,0.0,0.0,0,0.0675002647743221,0.0675002647743221,0.0251
0.07,0.03507,0.00027680872892,0.27680872892,-1.2264910179665689e-05,34.4045480855,0.0,0.0,-34.4045480855,2000000.0,250.0,31,0,0,0.0,0.0,0.0,0.0,0.0,31,0,0,0.0,0.0,0.0,25.759792484463507,0.0,31,31,30,25804.912109375,-0.007219980470836163,0.00020343755750218406,-8.979821723187342e-05,8.979821723187342e-05,0.0,0.0,0.0,0.0,0.0,0.0,0,0.0675002754344701,0.0675002754344701,0.0251
0.072,0.036072,0.000276794810188,0.276794810188,-1.5487559381244242e-05,34.4189894415,0.0,0.0,-34.4189894415,2000000.0,250.0,31,0,0,0.0,0.0,0.0,0.0,0.0,31,0,0,0.0,0.0,0.0,25.76043642801068,0.0,31,31,30,25587.259765625,-0.007220068946480751,0.00020341724302852526,-8.978607365861535e-05,8.978607365861535e-05,0.0,0.0,0.0,0.0,0.0,0.0,0,0.0675002893532021,0.0675002893532021,0.0251
0.074,0.037074,0.000276777691851,0.27677769185100004,-1.762807784430609e-05,34.4450805263,0.0,0.0,-34.4450805263,2000000.0,250.0,31,0,0,0.0,0.0,0.0,0.0,0.0,31,0,0,0.0,0.0,0.0,25.76105155634972,0.0,31,31,30,25588.3203125,-0.007220156956464052,0.0002033972050412558,-8.98941361811012e-05,8.98941361811012e-05,0.0,0.0,0.0,0.0,0.0,0.0,0,0.0675003064715391,0.0675003064715391,0.0251
0.076,0.038076,0.00027675948352,0.27675948351999996,-1.7535431137721824e-05,34.4896443397,0.0,0.0,-34.4896443397,2000000.0,250.0,30,0,0,0.0,0.0,0.0,0.0,0.0,30,0,0,0.0,0.0,0.0,25.761641822563938,0.0,30,30,29,25529.60546875,-0.007220244035124779,0.00020337715977802873,-8.993243682198226e-05,8.993243682198226e-05,0.0,0.0,0.0,0.0,0.0,0.0,0,0.06750032467987009,0.06750032467987009,0.0251
0.078,0.039078,0.000276742550847,0.276742550847,-1.553796756487147e-05,34.536632623,0.0,0.0,-34.536632623,2000000.0,250.0,31,0,0,0.0,0.0,0.0,0.0,0.0,31,0,0,0.0,0.0,0.0,25.76226587250464,0.0,31,31,30,25587.35546875,-0.00722033204510808,0.00020335711451480165,-8.934073412092403e-05,8.934073412092403e-05,0.0,0.0,0.0,0.0,0.0,0.0,0,0.06750034161254309,0.06750034161254309,0.0251
0.08,0.04008,0.000276728345433,0.27672834543299996,-1.329882684633632e-05,34.5402959702,0.0,0.0,-34.5402959702,2000000.0,250.0,31,0,0,0.0,0.0,0.0,0.0,0.0,31,0,0,0.0,0.0,0.0,25.76288398229293,0.0,31,31,30,25587.53125,-0.007220420055091381,0.0002033370765275322,-8.960133709479123e-05,8.960133709479123e-05,0.0,0.0,0.0,0.0,0.0,0.0,0,0.06750035581795709,0.06750035581795709,0.0251
0.082,0.041082,0.000276715899998,0.276715899998,-1.3266360279429179e-05,34.526536626,0.0,0.0,-34.526536626,2000000.0,250.0,31,0,0,0.0,0.0,0.0,0.0,0.0,31,0,0,0.0,0.0,0.0,25.76346589970747,0.0,31,31,30,25587.56640625,-0.007220501080155373,0.00020331879932200536,-8.979700942290947e-05,8.979700942290947e-05,0.0,0.0,0.0,0.0,0.0,0.0,0,0.06750036826339209,0.06750036826339209,0.0251
0.084,0.042084,0.000276701759647,0.276701759647,-1.460376646705841e-05,34.5316254853,0.0,0.0,-34.5316254853,2000000.0,250.0,31,0,0,0.0,0.0,0.0,0.0,0.0,31,0,0,0.0,0.0,0.0,25.764057104643964,0.0,31,31,30,25588.484375,-0.0072205886244773865,0.0002032984994002618,-8.986717875814065e-05,8.986717875814065e-05,0.0,0.0,0.0,0.0,0.0,0.0,0,0.06750038240374309,0.06750038240374309,0.0251
0.086,0.043086,0.00027668663405,0.27668663405,-1.3928563872278588e-05,34.562604192,0.0,0.0,-34.562604192,2000000.0,250.0,31,0,0,0.0,0.0,0.0,0.0,0.0,31,0,0,0.0,0.0,0.0,25.764695479585235,0.0,31,31,30,25805.154296875,-0.007220676634460688,0.00020327846141299233,-8.954646182246506e-05,8.954646182246506e-05,0.0,0.0,0.0,0.0,0.0,0.0,0,0.06750039752934009,0.06750039752934009,0.0251
0.088,0.044088,0.000276673846805,0.276673846805,-1.1771398702592473e-05,34.603939491,0.0,0.0,-34.603939491,2000000.0,250.0,31,0,0,0.0,0.0,0.0,0.0,0.0,31,0,0,0.0,0.0,0.0,25.765314314701925,0.0,31,31,30,25587.517578125,-0.0072207641787827015,0.0002032583943218924,-8.937778329709545e-05,8.937778329709545e-05,0.0,0.0,0.0,0.0,0.0,0.0,0,0.06750041031658509,0.06750041031658509,0.0251
0.09,0.04509,0.000276663044167,0.276663044167,-1.0905077844292066e-05,34.6168818613,0.0,0.0,-34.6168818613,2000000.0,250.0,31,0,0,0.0,0.0,0.0,0.0,0.0,31,0,0,0.0,0.0,0.0,25.765919074965034,0.0,31,31,30,25588.58203125,-0.007220851723104715,0.00020323835633462295,-8.958825492300093e-05,8.958825492300093e-05,0.0,0.0,0.0,0.0,0.0,0.0,0,0.0675004211192231,0.0675004211192231,0.0251
0.092,0.046092,0.000276651993029,0.276651993029,-1.1735354790431973e-05,34.6160010117,0.0,0.0,-34.6160010117,2000000.0,250.0,30,0,0,0.0,0.0,0.0,0.0,0.0,30,0,0,0.0,0.0,0.0,25.766540677934017,0.0,30,30,29,25529.869140625,-0.007220940664410591,0.00020321828924352303,-8.970456110546365e-05,8.970456110546365e-05,0.0,0.0,0.0,0.0,0.0,0.0,0,0.0675004321703611,0.0675004321703611,0.0251
0.094,0.047094,0.000276639526516,0.276639526516,-1.344236327346926e-05,34.5971090051,0.0,0.0,-34.5971090051,2000000.0,250.0,31,0,0,0.0,0.0,0.0,0.0,0.0,31,0,0,0.0,0.0,0.0,25.76714370463743,0.0,31,31,30,25587.611328125,-0.00722102727741003,0.00020319825125625357,-8.954465010901913e-05,8.954465010901913e-05,0.0,0.0,0.0,0.0,0.0,0.0,0,0.06750044463687409,0.06750044463687409,0.0251
0.096,0.048096,0.000276625054533,0.27662505453299996,-1.4116079341319754e-05,34.5763241168,0.0,0.0,-34.5763241168,2000000.0,250.0,31,0,0,0.0,0.0,0.0,0.0,0.0,31,0,0,0.0,0.0,0.0,25.767709913693363,0.0,31,31,30,25805.296875,-0.007221108768135309,0.0002031797412200831,-8.911015174817294e-05,8.911015174817294e-05,0.0,0.0,0.0,0.0,0.0,0.0,0,0.06750045910885709,0.06750045910885709,0.0251
0.098,0.049098,0.000276611237893,0.276611237893,-1.1779168163666975e-05,34.5739579689,0.0,0.0,-34.5739579689,2000000.0,250.0,31,0,0,0.0,0.0,0.0,0.0,0.0,31,0,0,0.0,0.0,0.0,25.768328523869965,0.0,31,31,30,25587.81640625,-0.007221196312457323,0.000203159695956856,-8.925095607992262e-05,8.925095607992262e-05,0.0,0.0,0.0,0.0,0.0,0.0,0,0.06750047292549709,0.06750047292549709,0.0251
0.1,0.0501,0.00027660144908,0.27660144908,-7.197686626769784e-06,34.5666294317,0.0,0.0,-34.5666294317,2000000.0,250.0,31,0,0,0.0,0.0,0.0,0.0,0.0,31,0,0,0.0,0.0,0.0,25.768952106268195,0.0,31,31,30,25588.736328125,-0.007221284322440624,0.00020313965069362894,-8.94591212272644e-05,8.94591212272644e-05,0.0,0.0,0.0,0.0,0.0,0.0,0,0.0675004827143101,0.0675004827143101,0.0251
0.102,0.051102,0.000276596813729,0.27659681372899997,-2.5155843313418025e-06,34.5293816249,0.0,0.0,-34.5293816249,2000000.0,250.0,31,0,0,0.0,0.0,0.0,0.0,0.0,31,0,0,0.0,0.0,0.0,25.769554582500838,0.0,31,31,30,25805.37890625,-0.007221371866762638,0.00020311961270635948,-8.951901691034436e-05,8.951901691034436e-05,0.0,0.0,0.0,0.0,0.0,0.0,0,0.06750048734966109,0.06750048734966109,0.0251
0.104,0.052104,0.000276596407849,0.276596407849,-6.257649700358581e-07,34.4918517533,0.0,0.0,-34.4918517533,2000000.0,250.0,31,0,0,0.0,0.0,0.0,0.0,0.0,31,0,0,0.0,0.0,0.0,25.770174092847853,0.0,31,31,30,25587.78125,-0.0072214603424072266,0.00020309953106334433,-8.88757494976744e-05,8.88757494976744e-05,0.0,0.0,0.0,0.0,0.0,0.0,0,0.0675004877555411,0.0675004877555411,0.0251
0.106,0.053106,0.000276595559696,0.276595559696,-2.817808882255024e-06,34.488280855,0.0,0.0,-34.488280855,2000000.0,250.0,31,0,0,0.0,0.0,0.0,0.0,0.0,31,0,0,0.0,0.0,0.0,25.770798546522137,0.0,31,31,30,25588.84375,-0.00722154788672924,0.00020307948580011725,-8.880910172592849e-05,8.880910172592849e-05,0.0,0.0,0.0,0.0,0.0,0.0,0,0.06750048860369409,0.06750048860369409,0.0251
0.108,0.054108,0.00027659076096,0.27659076096,-6.568316866295554e-06,34.4878789262,0.0,0.0,-34.4878789262,2000000.0,250.0,30,0,0,0.0,0.0,0.0,0.0,0.0,30,0,0,0.0,0.0,0.0,25.771426094470577,0.0,30,30,29,25530.138671875,-0.007221635431051254,0.00020305944053689018,-8.915085345506668e-05,8.915085345506668e-05,0.0,0.0,0.0,0.0,0.0,0.0,0,0.0675004934024301,0.0675004934024301,0.0251
0.11,0.05511,0.000276582396789,0.276582396789,-9.467306886251636e-06,34.4918321806,0.0,0.0,-34.4918321806,2000000.0,250.0,30,0,0,0.0,0.0,0.0,0.0,0.0,30,0,0,0.0,0.0,0.0,25.772000512784267,0.0,30,30,29,25530.1640625,-0.007221716456115246,0.0002030409305007197,-8.944544242694974e-05,8.944544242694974e-05,0.0,0.0,0.0,0.0,0.0,0.0,0,0.06750050176660109,0.06750050176660109,0.0251
0.112,0.056112,0.000276571788477,0.276571788477,-1.0085789421132585e-05,34.5044774972,0.0,0.0,-34.5044774972,2000000.0,250.0,31,0,0,0.0,0.0,0.0,0.0,0.0,31,0,0,0.0,0.0,0.0,25.772600361466036,0.0,31,31,30,25805.537109375,-0.007221803534775972,0.00020302089251345024,-8.908008749131113e-05,8.908008749131113e-05,0.0,0.0,0.0,0.0,0.0,0.0,0,0.0675005123749131,0.0675005123749131,0.0251
0.114,0.057114,0.000276562184867,0.276562184867,-7.992547904150937e-06,34.5000697627,0.0,0.0,-34.5000697627,2000000.0,250.0,31,0,0,0.0,0.0,0.0,0.0,0.0,31,0,0,0.0,0.0,0.0,25.77321634208626,0.0,31,31,30,25587.9375,-0.007221892476081848,0.00020300084725022316,-8.923104905989021e-05,8.923104905989021e-05,0.0,0.0,0.0,0.0,0.0,0.0,0,0.06750052197852309,0.06750052197852309,0.0251
0.116,0.058116,0.000276555771411,0.276555771411,-5.131890718573784e-06,34.5129569469,0.0,0.0,-34.5129569469,2000000.0,250.0,31,0,0,0.0,0.0,0.0,0.0,0.0,31,0,0,0.0,0.0,0.0,25.773829728507152,0.0,31,31,30,25588.998046875,-0.007221980020403862,0.00020298080198699608,-8.944036380853504e-05,8.944036380853504e-05,0.0,0.0,0.0,0.0,0.0,0.0,0,0.06750052839197909,0.06750052839197909,0.0251
0.118,0.059118,0.000276551900558,0.276551900558,-2.6408353293594367e-06,34.5403216039,0.0,0.0,-34.5403216039,2000000.0,250.0,31,0,0,0.0,0.0,0.0,0.0,0.0,31,0,0,0.0,0.0,0.0,25.774446522002897,0.0,31,31,30,25805.61328125,-0.007222068030387163,0.00020296072034398094,-8.934139623306692e-05,8.934139623306692e-05,0.0,0.0,0.0,0.0,0.0,0.0,0,0.06750053226283209,0.06750053226283209,0.0251
0.12,0.06012,0.000276550479177,0.27655047917700004,-1.0445748503118413e-06,34.5609657342,0.0,0.0,-34.5609657342,2000000.0,250.0,31,0,0,0.0,0.0,0.0,0.0,0.0,31,0,0,0.0,0.0,0.0,25.775066660494215,0.0,31,31,30,25588.044921875,-0.007222155574709177,0.00020294068235671148,-8.885528950486332e-05,8.885528950486332e-05,0.0,0.0,0.0,0.0,0.0,0.0,0,0.06750053368421309,0.06750053368421309,0.0251
0.122,0.061122,0.00027654980723,0.27654980723,-1.5594181636824356e-06,34.55779372,0.0,0.0,-34.55779372,2000000.0,250.0,31,0,0,0.0,0.0,0.0,0.0,0.0,31,0,0,0.0,0.0,0.0,25.775812453211426,0.0,31,31,30,25588.248046875,-0.007222243584692478,0.0002029206370934844,-8.880132372723892e-05,8.880132372723892e-05,0.0,0.0,0.0,0.0,0.0,0.0,0,0.06750053435616009,0.06750053435616009,0.0251
0.124,0.062124,0.000276547354103,0.276547354103,-4.6211506985749384e-06,34.5400428123,0.0,0.0,-34.5400428123,2000000.0,250.0,31,0,0,0.0,0.0,0.0,0.0,0.0,31,0,0,0.0,0.0,0.0,25.776389282050367,0.0,31,31,30,25588.287109375,-0.007222323678433895,0.00020290212705731392,-8.915034413803369e-05,8.915034413803369e-05,0.0,0.0,0.0,0.0,0.0,0.0,0,0.0675005368092871,0.0675005368092871,0.0251
0.126,0.063126,0.000276540546444,0.276540546444,-9.832427145722855e-06,34.5319791998,0.0,0.0,-34.5319791998,2000000.0,250.0,30,0,0,0.0,0.0,0.0,0.0,0.0,30,0,0,0.0,0.0,0.0,25.776987180982182,0.0,30,30,29,25530.455078125,-0.007222412154078484,0.00020288208179408684,-8.943984721554443e-05,8.943984721554443e-05,0.0,0.0,0.0,0.0,0.0,0.0,0,0.06750054361694609,0.06750054361694609,0.0251
0.128,0.064128,0.000276527649919,0.27652764991900003,-1.569780339322202e-05,34.5490068041,0.0,0.0,-34.5490068041,2000000.0,250.0,31,0,0,0.0,0.0,0.0,0.0,0.0,31,0,0,0.0,0.0,0.0,25.777618251385093,0.0,31,31,30,25805.796875,-0.007222500164061785,0.00020286204380681738,-8.899200474843383e-05,8.899200474843383e-05,0.0,0.0,0.0,0.0,0.0,0.0,0,0.06750055651347109,0.06750055651347109,0.0251
0.13,0.06513,0.000276509088046,0.276509088046,-2.076506337325701e-05,34.5642971583,0.0,0.0,-34.5642971583,2000000.0,250.0,31,0,0,0.0,0.0,0.0,0.0,0.0,31,0,0,0.0,0.0,0.0,25.77825075128772,0.0,31,31,30,25588.236328125,-0.007222587708383799,0.0002028419985435903,-8.893396443454549e-05,8.893396443454549e-05,0.0,0.0,0.0,0.0,0.0,0.0,0,0.0675005750753441,0.0675005750753441,0.0251
0.132,0.066132,0.000276486036732,0.27648603673199995,-2.370855838323971e-05,34.5146100562,0.0,0.0,-34.5146100562,2000000.0,250.0,31,0,0,0.0,0.0,0.0,0.0,0.0,31,0,0,0.0,0.0,0.0,25.77885648078462,0.0,31,31,30,25589.29296875,-0.0072226757183671,0.00020282195328036323,-8.923393033910543e-05,8.923393033910543e-05,0.0,0.0,0.0,0.0,0.0,0.0,0,0.0675005981266581,0.0675005981266581,0.0251
0.134,0.067134,0.000276461576095,0.276461576095,-2.286531986026019e-05,34.4619265286,0.0,0.0,-34.4619265286,2000000.0,250.0,30,0,0,0.0,0.0,0.0,0.0,0.0,30,0,0,0.0,0.0,0.0,25.77944676351647,0.0,30,30,29,25530.58984375,-0.007222763262689114,0.00020280163880670443,-8.941716805566102e-05,8.941716805566102e-05,0.0,0.0,0.0,0.0,0.0,0.0,0,0.0675006225872951,0.0675006225872951,0.0251
0.136,0.068136,0.000276440214631,0.276440214631,-1.8449223053884634e-05,34.4696767842,0.0,0.0,-34.4696767842,2000000.0,250.0,31,0,0,0.0,0.0,0.0,0.0,0.0,31,0,0,0.0,0.0,0.0,25.78008913655225,0.0,31,31,30,25588.33203125,-0.007222851738333702,0.00020278160081943497,-8.93719625310041e-05,8.93719625310041e-05,0.0,0.0,0.0,0.0,0.0,0.0,0,0.0675006439487591,0.0675006439487591,0.0251
0.138,0.069138,0.000276424603852,0.27642460385199996,-1.332236377246665e-05,34.5014128697,0.0,0.0,-34.5014128697,2000000.0,250.0,31,0,0,0.0,0.0,0.0,0.0,0.0,31,0,0,0.0,0.0,0.0,25.780660683596516,0.0,31,31,30,25805.9453125,-0.007222931832075119,0.00020276332361390814,-8.873638580553234e-05,8.873638580553234e-05,0.0,0.0,0.0,0.0,0.0,0.0,0,0.0675006595595381,0.0675006595595381,0.0251
0.14,0.07014,0.000276413516614,0.276413516614,-1.1058046906126107e-05,34.4974469369,0.0,0.0,-34.4974469369,2000000.0,250.0,31,0,0,0.0,0.0,0.0,0.0,0.0,31,0,0,0.0,0.0,0.0,25.781263489586046,0.0,31,31,30,25588.537109375,-0.00722301984205842,0.00020274327835068107,-8.895547216525301e-05,8.895547216525301e-05,0.0,0.0,0.0,0.0,0.0,0.0,0,0.06750067064677609,0.06750067064677609,0.0251
0.142,0.071142,0.000276402443526,0.276402443526,-1.2455856786414143e-05,34.4611026194,0.0,0.0,-34.4611026194,2000000.0,250.0,31,0,0,0.0,0.0,0.0,0.0,0.0,31,0,0,0.0,0.0,0.0,25.78186861632776,0.0,31,31,30,25589.45703125,-0.007223107386380434,0.000202723233087454,-8.921515836846083e-05,8.921515836846083e-05,0.0,0.0,0.0,0.0,0.0,0.0,0,0.06750068171986409,0.06750068171986409,0.0251
0.144,0.072144,0.000276388555077,0.276388555077,-1.5461133732547205e-05,34.4200065459,0.0,0.0,-34.4200065459,2000000.0,250.0,31,0,0,0.0,0.0,0.0,0.0,0.0,31,0,0,0.0,0.0,0.0,25.78250459235018,0.0,31,31,30,25806.03515625,-0.007223195396363735,0.00020270319510018453,-8.930751209845766e-05,8.930751209845766e-05,0.0,0.0,0.0,0.0,0.0,0.0,0,0.0675006956083131,0.0675006956083131,0.0251
0.146,0.073146,0.000276371459414,0.276371459414,-1.950721806390221e-05,34.4023951507,0.0,0.0,-34.4023951507,2000000.0,250.0,31,0,0,0.0,0.0,0.0,0.0,0.0,31,0,0,0.0,0.0,0.0,25.783126727744683,0.0,31,31,30,25588.501953125,-0.007223283872008324,0.00020268314983695745,-8.874484046828002e-05,8.874484046828002e-05,0.0,0.0,0.0,0.0,0.0,0.0,0,0.06750071270397609,0.06750071270397609,0.0251
0.148,0.074148,0.000276349462612,0.276349462612,-2.4680866267473567e-05,34.4162768795,0.0,0.0,-34.4162768795,2000000.0,250.0,31,0,0,0.0,0.0,0.0,0.0,0.0,31,0,0,0.0,0.0,0.0,25.78373853091076,0.0,31,31,30,25589.5546875,-0.007223370485007763,0.00020266287174308673,-8.906979928724468e-05,8.906979928724468e-05,0.0,0.0,0.0,0.0,0.0,0.0,0,0.0675007347007781,0.0675007347007781,0.0251
0.15,0.07515,0.000276321998958,0.27632199895799997,-2.8470659680590593e-05,34.4027687158,0.0,0.0,-34.4027687158,2000000.0,250.0,30,0,0,0.0,0.0,0.0,0.0,0.0,30,0,0,0.0,0.0,0.0,25.784358534470144,0.0,30,30,29,25530.865234375,-0.007223459426313639,0.00020264279010007158,-8.928222086979076e-05,8.928222086979076e-05,0.0,0.0,0.0,0.0,0.0,0.0,0,0.0675007621644321,0.0675007621644321,0.0251
0.152,0.076152,0.00027629240741,0.27629240741000005,-2.800864620755572e-05,34.3657671575,0.0,0.0,-34.3657671575,2000000.0,250.0,30,0,0,0.0,0.0,0.0,0.0,0.0,30,0,0,0.0,0.0,0.0,25.784933020501832,0.0,30,30,29,25530.892578125,-0.007223539520055056,0.00020262451289454475,-8.958239777712151e-05,8.958239777712151e-05,0.0,0.0,0.0,0.0,0.0,0.0,0,0.06750079175598009,0.06750079175598009,0.0251
0.154,0.077154,0.000276265869631,0.276265869631,-2.4035872754485377e-05,34.3403857922,0.0,0.0,-34.3403857922,2000000.0,250.0,31,0,0,0.0,0.0,0.0,0.0,0.0,31,0,0,0.0,0.0,0.0,25.785557810004622,0.0,31,31,30,25806.18359375,-0.007223627530038357,0.00020260445307940245,-8.915613580029458e-05,8.915613580029458e-05,0.0,0.0,0.0,0.0,0.0,0.0,0,0.06750081829375909,0.06750081829375909,0.0251
0.156,0.078156,0.000276244239521,0.276244239521,-2.0117515968059996e-05,34.36324716,0.0,0.0,-34.36324716,2000000.0,250.0,31,0,0,0.0,0.0,0.0,0.0,0.0,31,0,0,0.0,0.0,0.0,25.78614289086347,0.0,31,31,30,25588.8046875,-0.007223715074360371,0.00020258419681340456,-8.92503303475678e-05,8.92503303475678e-05,0.0,0.0,0.0,0.0,0.0,0.0,0,0.0675008399238691,0.0675008399238691,0.0251
0.158,0.079158,0.000276225554129,0.276225554129,-1.880347554891748e-05,34.4212550904,0.0,0.0,-34.4212550904,2000000.0,250.0,31,0,0,0.0,0.0,0.0,0.0,0.0,31,0,0,0.0,0.0,0.0,25.78679173534855,0.0,31,31,30,25589.7265625,-0.007223803550004959,0.00020256415155017748,-8.944590081227943e-05,8.944590081227943e-05,0.0,0.0,0.0,0.0,0.0,0.0,0,0.0675008586092611,0.0675008586092611,0.0251
0.16,0.08016,0.000276206557356,0.27620655735599997,-2.0091866267446523e-05,34.4707531502,0.0,0.0,-34.4707531502,2000000.0,250.0,31,0,0,0.0,0.0,0.0,0.0,0.0,31,0,0,0.0,0.0,0.0,25.78739418272584,0.0,31,31,30,25806.26953125,-0.007223891094326973,0.00020254411356290802,-8.938541577663273e-05,8.938541577663273e-05,0.0,0.0,0.0,0.0,0.0,0.0,0,0.0675008776060341,0.0675008776060341,0.0251
0.162,0.081162,0.000276185290029,0.276185290029,-2.1817928642697826e-05,34.4966822673,0.0,0.0,-34.4966822673,2000000.0,250.0,31,0,0,0.0,0.0,0.0,0.0,0.0,31,0,0,0.0,0.0,0.0,25.788003813397825,0.0,31,31,30,25588.755859375,-0.007223979104310274,0.0002025240464718081,-8.873568731360137e-05,8.873568731360137e-05,0.0,0.0,0.0,0.0,0.0,0.0,0,0.0675008988733611,0.0675008988733611,0.0251
0.164,0.082164,0.000276162834227,0.276162834227,-2.165705389217676e-05,34.5046015329,0.0,0.0,-34.5046015329,2000000.0,250.0,31,0,0,0.0,0.0,0.0,0.0,0.0,31,0,0,0.0,0.0,0.0,25.788628951644988,0.0,31,31,30,25589.81640625,-0.007224067114293575,0.00020250402303645387,-8.905578579287976e-05,8.905578579287976e-05,0.0,0.0,0.0,0.0,0.0,0.0,0,0.06750092132916309,0.06750092132916309,0.0251
0.166,0.083166,0.000276141889293,0.276141889293,-1.87368388223641e-05,34.5109557975,0.0,0.0,-34.5109557975,2000000.0,250.0,31,0,0,0.0,0.0,0.0,0.0,0.0,31,0,0,0.0,0.0,0.0,25.789213910536528,0.0,31,31,30,25588.978515625,-0.007224147208034992,0.00020248545479262248,-8.929549949243665e-05,8.929549949243665e-05,0.0,0.0,0.0,0.0,0.0,0.0,0,0.0675009422740971,0.0675009422740971,0.0251
0.168,0.084168,0.000276125285602,0.276125285602,-1.4356472554932775e-05,34.5282249251,0.0,0.0,-34.5282249251,2000000.0,250.0,31,0,0,0.0,0.0,0.0,0.0,0.0,31,0,0,0.0,0.0,0.0,25.78983287585475,0.0,31,31,30,25589.884765625,-0.007224235683679581,0.00020246541680535302,-8.950143092079088e-05,8.950143092079088e-05,0.0,0.0,0.0,0.0,0.0,0.0,0,0.06750095887778809,0.06750095887778809,0.0251
0.17,0.08517,0.000276113118922,0.27611311892199997,-1.20175553892099e-05,34.5490200012,0.0,0.0,-34.5490200012,2000000.0,250.0,31,0,0,0.0,0.0,0.0,0.0,0.0,31,0,0,0.0,0.0,0.0,25.790429337164564,0.0,31,31,30,25806.41796875,-0.0072243232280015945,0.00020244537154212594,-8.894519851310179e-05,8.894519851310179e-05,0.0,0.0,0.0,0.0,0.0,0.0,0,0.06750097104446809,0.06750097104446809,0.0251
0.172,0.086172,0.000276101202421,0.276101202421,-1.5193637724536524e-05,34.5748013313,0.0,0.0,-34.5748013313,2000000.0,250.0,31,0,0,0.0,0.0,0.0,0.0,0.0,31,0,0,0.0,0.0,0.0,25.79105814129815,0.0,31,31,30,25589.072265625,-0.007224411237984896,0.00020242532627889886,-8.887257718015462e-05,8.887257718015462e-05,0.0,0.0,0.0,0.0,0.0,0.0,0,0.0675009829609691,0.0675009829609691,0.0251
0.174,0.087174,0.000276082670872,0.276082670872,-2.339028093814588e-05,34.6110116654,0.0,0.0,-34.6110116654,2000000.0,250.0,31,0,0,0.0,0.0,0.0,0.0,0.0,31,0,0,0.0,0.0,0.0,25.791684159826893,0.0,31,31,30,25589.98828125,-0.0072244987823069096,0.0002024052882916294,-8.91516829142347e-05,8.91516829142347e-05,0.0,0.0,0.0,0.0,0.0,0.0,0,0.0675010014925181,0.0675010014925181,0.0251
0.176,0.088176,0.000276054328298,0.276054328298,-3.088356836328243e-05,34.6131529567,0.0,0.0,-34.6131529567,2000000.0,250.0,30,0,0,0.0,0.0,0.0,0.0,0.0,30,0,0,0.0,0.0,0.0,25.792298870870013,0.0,30,30,29,25531.30078125,-0.007224586792290211,0.00020238524302840233,-8.938366227084771e-05,8.938366227084771e-05,0.0,0.0,0.0,0.0,0.0,0.0,0,0.0675010298350921,0.0675010298350921,0.0251
0.178,0.089178,0.000276020780201,0.27602078020099996,-3.252675548900963e-05,34.5872657302,0.0,0.0,-34.5872657302,2000000.0,250.0,31,0,0,0.0,0.0,0.0,0.0,0.0,31,0,0,0.0,0.0,0.0,25.792905561808336,0.0,31,31,30,25589.029296875,-0.007224674336612225,0.00020236519776517525,-8.877700020093471e-05,8.877700020093471e-05,0.0,0.0,0.0,0.0,0.0,0.0,0,0.06750106338318909,0.06750106338318909,0.0251
0.18,0.09018,0.00027598914468,0.27598914468,-2.7820394211564015e-05,34.5470942772,0.0,0.0,-34.5470942772,2000000.0,250.0,31,0,0,0.0,0.0,0.0,0.0,0.0,31,0,0,0.0,0.0,0.0,25.79354582899358,0.0,31,31,30,25589.2109375,-0.007224762812256813,0.0002023451161221601,-8.914130739867687e-05,8.914130739867687e-05,0.0,0.0,0.0,0.0,0.0,0.0,0,0.0675010950187101,0.0675010950187101,0.0251
0.182,0.091182,0.000275965028131,0.275965028131,-1.982062924149597e-05,34.5165096674,0.0,0.0,-34.5165096674,2000000.0,250.0,31,0,0,0.0,0.0,0.0,0.0,0.0,31,0,0,0.0,0.0,0.0,25.794101348740647,0.0,31,31,30,25589.232421875,-0.007224843371659517,0.00020232660608598962,-8.935101504903287e-05,8.935101504903287e-05,0.0,0.0,0.0,0.0,0.0,0.0,0,0.0675011191352591,0.0675011191352591,0.0251
0.184,0.092184,0.000275949424139,0.27594942413900003,-1.2028758982041143e-05,34.519656179,0.0,0.0,-34.519656179,2000000.0,250.0,30,0,0,0.0,0.0,0.0,0.0,0.0,30,0,0,0.0,0.0,0.0,25.794725724115708,0.0,30,30,29,25531.427734375,-0.0072249313816428185,0.00020230656809872016,-8.948679897002876e-05,8.948679897002876e-05,0.0,0.0,0.0,0.0,0.0,0.0,0,0.0675011347392511,0.0675011347392511,0.0251
0.186,0.093186,0.000275940922498,0.275940922498,-6.609031936138932e-06,34.571353558,0.0,0.0,-34.571353558,2000000.0,250.0,31,0,0,0.0,0.0,0.0,0.0,0.0,31,0,0,0.0,0.0,0.0,25.79534569404921,0.0,31,31,30,25806.662109375,-0.007225018925964832,0.0002022865228354931,-8.9261717221234e-05,8.9261717221234e-05,0.0,0.0,0.0,0.0,0.0,0.0,0,0.0675011432408921,0.0675011432408921,0.0251
0.188,0.094188,0.000275936179639,0.27593617963899997,-5.527000498994905e-06,34.6103941459,0.0,0.0,-34.6103941459,2000000.0,250.0,31,0,0,0.0,0.0,0.0,0.0,0.0,31,0,0,0.0,0.0,0.0,25.795972699125283,0.0,31,31,30,25589.201171875,-0.007225106470286846,0.000202266477572266,-8.868180157151073e-05,8.868180157151073e-05,0.0,0.0,0.0,0.0,0.0,0.0,0,0.06750114798375109,0.06750114798375109,0.0251
0.19,0.09519,0.000275929846389,0.27592984638900003,-9.47106636725592e-06,34.6076430122,0.0,0.0,-34.6076430122,2000000.0,250.0,31,0,0,0.0,0.0,0.0,0.0,0.0,31,0,0,0.0,0.0,0.0,25.796568941641066,0.0,31,31,30,25590.240234375,-0.007225194945931435,0.00020224643958499655,-8.900218381313607e-05,8.900218381313607e-05,0.0,0.0,0.0,0.0,0.0,0.0,0,0.0675011543170011,0.0675011543170011,0.0251
0.192,0.096192,0.000275917199622,0.275917199622,-1.6427958083847782e-05,34.6041912106,0.0,0.0,-34.6041912106,2000000.0,250.0,30,0,0,0.0,0.0,0.0,0.0,0.0,30,0,0,0.0,0.0,0.0,25.797182088673935,0.0,30,30,29,25531.560546875,-0.0072252824902534485,0.0002022263579419814,-8.920593973016366e-05,8.920593973016366e-05,0.0,0.0,0.0,0.0,0.0,0.0,0,0.0675011669637681,0.0675011669637681,0.0251
0.194,0.097194,0.000275896924761,0.27589692476100003,-2.3169453093802028e-05,34.6017050038,0.0,0.0,-34.6017050038,2000000.0,250.0,31,0,0,0.0,0.0,0.0,0.0,0.0,31,0,0,0.0,0.0,0.0,25.797807877937434,0.0,31,31,30,25589.29296875,-0.00722537050023675,0.00020220607984811068,-8.89648508746177e-05,8.89648508746177e-05,0.0,0.0,0.0,0.0,0.0,0.0,0,0.06750118723862909,0.06750118723862909,0.0251
0.196,0.098196,0.000275870768038,0.275870768038,-2.6650897205576785e-05,34.5960889564,0.0,0.0,-34.5960889564,2000000.0,250.0,31,0,0,0.0,0.0,0.0,0.0,0.0,31,0,0,0.0,0.0,0.0,25.798391582851135,0.0,31,31,30,25589.322265625,-0.007225450593978167,0.00020218780264258385,-8.928886381909251e-05,8.928886381909251e-05,0.0,0.0,0.0,0.0,0.0,0.0,0,0.06750121339535209,0.06750121339535209,0.0251
0.198,0.099198,0.000275843516363,0.275843516363,-2.528840019958012e-05,34.5978558975,0.0,0.0,-34.5978558975,2000000.0,250.0,31,0,0,0.0,0.0,0.0,0.0,0.0,31,0,0,0.0,0.0,0.0,25.79900383725108,0.0,31,31,30,25589.501953125,-0.007225538603961468,0.00020216775737935677,-8.947830065153539e-05,8.947830065153539e-05,0.0,0.0,0.0,0.0,0.0,0.0,0,0.06750124064702709,0.06750124064702709,0.0251
0.2,0.1002,0.000275820090084,0.275820090084,-2.0781406686598558e-05,34.6240897959,0.0,0.0,-34.6240897959,2000000.0,250.0,31,0,0,0.0,0.0,0.0,0.0,0.0,31,0,0,0.0,0.0,0.0,25.799621144533443,0.0,31,31,30,25590.41015625,-0.007225627079606056,0.0002021477193920873,-8.95624834811315e-05,8.95624834811315e-05,0.0,0.0,0.0,0.0,0.0,0.0,0,0.06750126407330609,0.06750126407330609,0.0251
0.202,0.101202,0.000275801870424,0.275801870424,-1.626133982038369e-05,34.6498023556,0.0,0.0,-34.6498023556,2000000.0,250.0,31,0,0,0.0,0.0,0.0,0.0,0.0,31,0,0,0.0,0.0,0.0,25.800240288733157,0.0,31,31,30,25806.8984375,-0.00722571462392807,0.00020212767412886024,-8.946797606768087e-05,8.946797606768087e-05,0.0,0.0,0.0,0.0,0.0,0.0,0,0.06750128229296609,0.06750128229296609,0.0251
0.204,0.102204,0.000275787502359,0.275787502359,-1.2938574850324125e-05,34.639233171,0.0,0.0,-34.639233171,2000000.0,250.0,31,0,0,0.0,0.0,0.0,0.0,0.0,31,0,0,0.0,0.0,0.0,25.800844390105173,0.0,31,31,30,25589.451171875,-0.007225802633911371,0.00020210762886563316,-8.877053915057331e-05,8.877053915057331e-05,0.0,0.0,0.0,0.0,0.0,0.0,0,0.0675012966610311,0.0675012966610311,0.0251
0.206,0.103206,0.00027577594152,0.27577594152,-1.0317471556858804e-05,34.6239796885,0.0,0.0,-34.6239796885,2000000.0,250.0,31,0,0,0.0,0.0,0.0,0.0,0.0,31,0,0,0.0,0.0,0.0,25.801480405973162,0.0,31,31,30,25590.505859375,-0.007225890178233385,0.00020208731439197436,-8.866658026818186e-05,8.866658026818186e-05,0.0,0.0,0.0,0.0,0.0,0.0,0,0.06750130822187009,0.06750130822187009,0.0251
0.208,0.104208,0.000275766826146,0.275766826146,-9.559171656708942e-06,34.6316996211,0.0,0.0,-34.6316996211,2000000.0,250.0,30,0,0,0.0,0.0,0.0,0.0,0.0,30,0,0,0.0,0.0,0.0,25.802093356423065,0.0,30,30,29,25531.833984375,-0.007225978188216686,0.0002020672764047049,-8.894644270185381e-05,8.894644270185381e-05,0.0,0.0,0.0,0.0,0.0,0.0,0,0.0675013173372441,0.0675013173372441,0.0251
0.21,0.10521,0.00027575678494,0.27575678494,-1.3175948103794077e-05,34.6623954147,0.0,0.0,-34.6623954147,2000000.0,250.0,30,0,0,0.0,0.0,0.0,0.0,0.0,30,0,0,0.0,0.0,0.0,25.802665568604084,0.0,30,30,29,25531.861328125,-0.007226059213280678,0.00020204899919917807,-8.922295091906562e-05,8.922295091906562e-05,0.0,0.0,0.0,0.0,0.0,0.0,0,0.06750132737845009,0.06750132737845009,0.0251
0.212,0.106212,0.000275740421546,0.275740421546,-2.020260329341217e-05,34.6934360607,0.0,0.0,-34.6934360607,2000000.0,250.0,31,0,0,0.0,0.0,0.0,0.0,0.0,31,0,0,0.0,0.0,0.0,25.803282197734404,0.0,31,31,30,25807.044921875,-0.007226146757602692,0.000202028953935951,-8.877281652530655e-05,8.877281652530655e-05,0.0,0.0,0.0,0.0,0.0,0.0,0,0.06750134374184409,0.06750134374184409,0.0251
0.214,0.107214,0.000275716298923,0.275716298923,-2.666549151697506e-05,34.709976369,0.0,0.0,-34.709976369,2000000.0,250.0,31,0,0,0.0,0.0,0.0,0.0,0.0,31,0,0,0.0,0.0,0.0,25.803907730302875,0.0,31,31,30,25589.7734375,-0.0072262343019247055,0.00020200890867272392,-8.892604819266126e-05,8.892604819266126e-05,0.0,0.0,0.0,0.0,0.0,0.0,0,0.06750136786446709,0.06750136786446709,0.0251
0.216,0.108216,0.000275686983901,0.275686983901,-3.039178193611769e-05,34.7277755716,0.0,0.0,-34.7277755716,2000000.0,250.0,31,0,0,0.0,0.0,0.0,0.0,0.0,31,0,0,0.0,0.0,0.0,25.804532818609616,0.0,31,31,30,25590.67578125,-0.007226322311908007,0.00020198859419906512,-8.917535888031125e-05,8.917535888031125e-05,0.0,0.0,0.0,0.0,0.0,0.0,0,0.0675013971794891,0.0675013971794891,0.0251
0.218,0.109218,0.000275655393792,0.275655393792,-3.206163423155606e-05,34.729737969,0.0,0.0,-34.729737969,2000000.0,250.0,31,0,0,0.0,0.0,0.0,0.0,0.0,31,0,0,0.0,0.0,0.0,25.805133569553277,0.0,31,31,30,25807.138671875,-0.007226410321891308,0.00020196855621179566,-8.907652227208018e-05,8.907652227208018e-05,0.0,0.0,0.0,0.0,0.0,0.0,0,0.0675014287695981,0.0675014287695981,0.0251
0.22,0.11022,0.000275622732386,0.275622732386,-3.358768662675704e-05,34.7227433354,0.0,0.0,-34.7227433354,2000000.0,250.0,31,0,0,0.0,0.0,0.0,0.0,0.0,31,0,0,0.0,0.0,0.0,25.805754858682914,0.0,31,31,30,25589.720703125,-0.007226498797535896,0.00020194851094856858,-8.858895307639614e-05,8.858895307639614e-05,0.0,0.0,0.0,0.0,0.0,0.0,0,0.06750146143100409,0.06750146143100409,0.0251
0.222,0.111222,0.000275588084068,0.275588084068,-3.642512075846538e-05,34.7343810292,0.0,0.0,-34.7343810292,2000000.0,250.0,31,0,0,0.0,0.0,0.0,0.0,0.0,31,0,0,0.0,0.0,0.0,25.806344874695778,0.0,31,31,30,25589.759765625,-0.007226580521091819,0.00020193008094793186,-8.80993902683258e-05,8.80993902683258e-05,0.0,0.0,0.0,0.0,0.0,0.0,0,0.0675014960793221,0.0675014960793221,0.0251
0.224,0.112224,0.000275549736444,0.275549736444,-3.910797754491657e-05,34.7439831067,0.0,0.0,-34.7439831067,2000000.0,250.0,31,0,0,0.0,0.0,0.0,0.0,0.0,31,0,0,0.0,0.0,0.0,25.80692256544146,0.0,31,31,30,25589.939453125,-0.007226666435599327,0.00020191018847981468,-8.855792111717165e-05,8.855792111717165e-05,0.0,0.0,0.0,0.0,0.0,0.0,0,0.06750153442694609,0.06750153442694609,0.0251
0.226,0.113226,0.000275509711681,0.275509711681,-3.8970805389226815e-05,34.7366811521,0.0,0.0,-34.7366811521,2000000.0,250.0,30,0,0,0.0,0.0,0.0,0.0,0.0,30,0,0,0.0,0.0,0.0,25.807552605127405,0.0,30,30,29,25532.134765625,-0.007226754445582628,0.00020189015049254522,-8.89095535967499e-05,8.89095535967499e-05,0.0,0.0,0.0,0.0,0.0,0.0,0,0.0675015744517091,0.0675015744517091,0.0251
0.228,0.114228,0.00027547163895,0.27547163895,-3.712143512971111e-05,34.7182242767,0.0,0.0,-34.7182242767,2000000.0,250.0,31,0,0,0.0,0.0,0.0,0.0,0.0,31,0,0,0.0,0.0,0.0,25.808126514182455,0.0,31,31,30,25590.875,-0.0072268350049853325,0.00020187164045637473,-8.872171747498214e-05,8.872171747498214e-05,0.0,0.0,0.0,0.0,0.0,0.0,0,0.06750161252444009,0.06750161252444009,0.0251
0.23,0.11523,0.000275435320325,0.275435320325,-3.8289244510991693e-05,34.6911360804,0.0,0.0,-34.6911360804,2000000.0,250.0,31,0,0,0.0,0.0,0.0,0.0,0.0,31,0,0,0.0,0.0,0.0,25.808762746366025,0.0,31,31,30,25807.3203125,-0.007226922549307346,0.00020185157336527482,-8.851828170008957e-05,8.851828170008957e-05,0.0,0.0,0.0,0.0,0.0,0.0,0,0.0675016488430651,0.0675016488430651,0.0251
0.232,0.116232,0.000275394907304,0.27539490730399996,-4.482257135729473e-05,34.6605026293,0.0,0.0,-34.6605026293,2000000.0,250.0,31,0,0,0.0,0.0,0.0,0.0,0.0,31,0,0,0.0,0.0,0.0,25.809334900682877,0.0,31,31,30,25807.3515625,-0.007227004272863269,0.00020183316519251093,-8.802590309642255e-05,8.802590309642255e-05,0.0,0.0,0.0,0.0,0.0,0.0,0,0.0675016892560861,0.0675016892560861,0.0251
0.234,0.117234,0.000275345495892,0.275345495892,-5.2980105788413834e-05,34.6423755057,0.0,0.0,-34.6423755057,2000000.0,250.0,31,0,0,0.0,0.0,0.0,0.0,0.0,31,0,0,0.0,0.0,0.0,25.80992036646086,0.0,31,31,30,25589.947265625,-0.007227090885862708,0.00020181321451673284,-8.836630149744451e-05,8.836630149744451e-05,0.0,0.0,0.0,0.0,0.0,0.0,0,0.06750173866749809,0.06750173866749809,0.0251
0.236,0.118236,0.000275288735172,0.275288735172,-5.761789121755401e-05,34.6559013615,0.0,0.0,-34.6559013615,2000000.0,250.0,31,0,0,0.0,0.0,0.0,0.0,0.0,31,0,0,0.0,0.0,0.0,25.810543392727144,0.0,31,31,30,25590.130859375,-0.007227179128676653,0.00020179294369881973,-8.875764615368098e-05,8.875764615368098e-05,0.0,0.0,0.0,0.0,0.0,0.0,0,0.06750179542821809,0.06750179542821809,0.0251
0.238,0.119238,0.000275230029638,0.27523002963800003,-5.7645661177635477e-05,34.674332922,0.0,0.0,-34.674332922,2000000.0,250.0,30,0,0,0.0,0.0,0.0,0.0,0.0,30,0,0,0.0,0.0,0.0,25.81116037860734,0.0,30,30,29,25532.328125,-0.007227267138659954,0.00020177289843559265,-8.899054228095338e-05,8.899054228095338e-05,0.0,0.0,0.0,0.0,0.0,0.0,0,0.06750185413375209,0.06750185413375209,0.0251
0.24,0.12024,0.000275173213267,0.275173213267,-5.516291566867726e-05,34.6648672895,0.0,0.0,-34.6648672895,2000000.0,250.0,31,0,0,0.0,0.0,0.0,0.0,0.0,31,0,0,0.0,0.0,0.0,25.8118009285495,0.0,31,31,30,25807.466796875,-0.007227354682981968,0.00020175285317236558,-8.871562022250146e-05,8.871562022250146e-05,0.0,0.0,0.0,0.0,0.0,0.0,0,0.06750191095012309,0.06750191095012309,0.0251
0.242,0.121242,0.000275119483155,0.275119483155,-5.23763458083748e-05,34.6549430902,0.0,0.0,-34.6549430902,2000000.0,250.0,31,0,0,0.0,0.0,0.0,0.0,0.0,31,0,0,0.0,0.0,0.0,25.81240631002308,0.0,31,31,30,25590.228515625,-0.007227443158626556,0.00020173281518509611,-8.870894816936925e-05,8.870894816936925e-05,0.0,0.0,0.0,0.0,0.0,0.0,0,0.06750196468023509,0.06750196468023509,0.0251
0.244,0.122244,0.00027506825107,0.27506825107000005,-5.024602994013749e-05,34.6779438706,0.0,0.0,-34.6779438706,2000000.0,250.0,31,0,0,0.0,0.0,0.0,0.0,0.0,31,0,0,0.0,0.0,0.0,25.813030265417375,0.0,31,31,30,25591.13671875,-0.00722753070294857,0.00020171276992186904,-8.899709791876376e-05,8.899709791876376e-05,0.0,0.0,0.0,0.0,0.0,0.0,0,0.06750201591232009,0.06750201591232009,0.0251
0.246,0.123246,0.000275018790111,0.275018790111,-4.890235329341186e-05,34.7103414171,0.0,0.0,-34.7103414171,2000000.0,250.0,31,0,0,0.0,0.0,0.0,0.0,0.0,31,0,0,0.0,0.0,0.0,25.81359094808205,0.0,31,31,30,25591.158203125,-0.0072276112623512745,0.00020169422350591049,-8.918692037696019e-05,8.918692037696019e-05,0.0,0.0,0.0,0.0,0.0,0.0,0,0.06750206537327909,0.06750206537327909,0.0251
0.248,0.124248,0.000274970250754,0.274970250754,-4.855432584827124e-05,34.7341432655,0.0,0.0,-34.7341432655,2000000.0,250.0,30,0,0,0.0,0.0,0.0,0.0,0.0,30,0,0,0.0,0.0,0.0,25.81421916512965,0.0,30,30,29,25532.494140625,-0.007227698806673288,0.0002016741782426834,-8.877928485162556e-05,8.877928485162556e-05,0.0,0.0,0.0,0.0,0.0,0.0,0,0.0675021139126361,0.0675021139126361,0.0251
0.25,0.12525,0.000274921487242,0.274921487242,-4.888802744509868e-05,34.7376813561,0.0,0.0,-34.7376813561,2000000.0,250.0,31,0,0,0.0,0.0,0.0,0.0,0.0,31,0,0,0.0,0.0,0.0,25.814787097748876,0.0,31,31,30,25807.611328125,-0.007227780530229211,0.0002016557627939619,-8.815624460112303e-05,8.815624460112303e-05,0.0,0.0,0.0,0.0,0.0,0.0,0,0.0675021626761481,0.0675021626761481,0.0251
0.252,0.126252,0.000274872279147,0.274872279147,-4.9724820359281496e-05,34.7210413924,0.0,0.0,-34.7210413924,2000000.0,250.0,31,0,0,0.0,0.0,0.0,0.0,0.0,31,0,0,0.0,0.0,0.0,25.815406963184202,0.0,31,31,30,25807.646484375,-0.007227866677567363,0.0002016358557739295,-8.818630885798484e-05,8.818630885798484e-05,0.0,0.0,0.0,0.0,0.0,0.0,0,0.06750221188424309,0.06750221188424309,0.0251
0.254,0.127254,0.000274821838702,0.274821838702,-5.172683233534148e-05,34.716823782,0.0,0.0,-34.716823782,2000000.0,250.0,31,0,0,0.0,0.0,0.0,0.0,0.0,31,0,0,0.0,0.0,0.0,25.816003899041405,0.0,31,31,30,25590.279296875,-0.007227953756228089,0.00020161618158454075,-8.846023411024362e-05,8.846023411024362e-05,0.0,0.0,0.0,0.0,0.0,0.0,0,0.06750226232468809,0.06750226232468809,0.0251
0.256,0.128256,0.000274768618575,0.27476861857499996,-5.445066566867052e-05,34.7275733077,0.0,0.0,-34.7275733077,2000000.0,250.0,31,0,0,0.0,0.0,0.0,0.0,0.0,31,0,0,0.0,0.0,0.0,25.81660249260706,0.0,31,31,30,25590.4609375,-0.007228037342429161,0.00020159693667665124,-8.877741493051872e-05,8.877741493051872e-05,0.0,0.0,0.0,0.0,0.0,0.0,0,0.06750231554481509,0.06750231554481509,0.0251
0.258,0.129258,0.000274712719568,0.274712719568,-5.64301946107959e-05,34.7361676591,0.0,0.0,-34.7361676591,2000000.0,250.0,30,0,0,0.0,0.0,0.0,0.0,0.0,30,0,0,0.0,0.0,0.0,25.817278919263682,0.0,30,30,29,25532.66796875,-0.007228129543364048,0.00020157586550340056,-8.90940209501423e-05,8.90940209501423e-05,0.0,0.0,0.0,0.0,0.0,0.0,0,0.0675023714438221,0.0675023714438221,0.0251
0.26,0.13026,0.000274655532465,0.274655532465,-5.572405988021889e-05,34.7462677619,0.0,0.0,-34.7462677619,2000000.0,250.0,31,0,0,0.0,0.0,0.0,0.0,0.0,31,0,0,0.0,0.0,0.0,25.817849107755897,0.0,31,31,30,25807.763671875,-0.007228212896734476,0.0002015567952184938,-8.921322296373546e-05,8.921322296373546e-05,0.0,0.0,0.0,0.0,0.0,0.0,0,0.0675024286309251,0.0675024286309251,0.0251
0.262,0.131262,0.000274601048552,0.274601048552,-5.176032485029736e-05,34.7443479714,0.0,0.0,-34.7443479714,2000000.0,250.0,31,0,0,0.0,0.0,0.0,0.0,0.0,31,0,0,0.0,0.0,0.0,25.81848679695645,0.0,31,31,30,25590.41796875,-0.00722830556333065,0.0002015355057665147,-8.8848355517257e-05,8.8848355517257e-05,0.0,0.0,0.0,0.0,0.0,0.0,0,0.0675024831148381,0.0675024831148381,0.0251
0.264,0.132264,0.000274551804774,0.274551804774,-4.8137699101807874e-05,34.7210583729,0.0,0.0,-34.7210583729,2000000.0,250.0,31,0,0,0.0,0.0,0.0,0.0,0.0,31,0,0,0.0,0.0,0.0,25.81906820264445,0.0,31,31,30,25590.591796875,-0.0072283875197172165,0.00020151686476310715,-8.910130418371409e-05,8.910130418371409e-05,0.0,0.0,0.0,0.0,0.0,0.0,0,0.0675025323586161,0.0675025323586161,0.0251
0.266,0.133266,0.000274504580603,0.274504580603,-4.897808483034227e-05,34.705265426,0.0,0.0,-34.705265426,2000000.0,250.0,30,0,0,0.0,0.0,0.0,0.0,0.0,30,0,0,0.0,0.0,0.0,25.819696755334526,0.0,30,30,29,25532.79296875,-0.007228475529700518,0.00020149681949988008,-8.922567212721333e-05,8.922567212721333e-05,0.0,0.0,0.0,0.0,0.0,0.0,0,0.06750257958278709,0.06750257958278709,0.0251
0.268,0.134268,0.000274453652692,0.274453652692,-5.3692345309358513e-05,34.7194126696,0.0,0.0,-34.7194126696,2000000.0,250.0,30,0,0,0.0,0.0,0.0,0.0,0.0,30,0,0,0.0,0.0,0.0,25.820282479209766,0.0,30,30,29,25532.828125,-0.007228557486087084,0.0002014781566685997,-8.879422239260748e-05,8.879422239260748e-05,0.0,0.0,0.0,0.0,0.0,0.0,0,0.06750263051069809,0.06750263051069809,0.0251
0.27,0.13527,0.000274396981143,0.274396981143,-5.777912524948525e-05,34.7306151629,0.0,0.0,-34.7306151629,2000000.0,250.0,31,0,0,0.0,0.0,0.0,0.0,0.0,31,0,0,0.0,0.0,0.0,25.820922262098343,0.0,31,31,30,25590.548828125,-0.007228650152683258,0.00020145710004726425,-8.906009315978736e-05,8.906009315978736e-05,0.0,0.0,0.0,0.0,0.0,0.0,0,0.0675026871822471,0.0675026871822471,0.0251
0.272,0.136272,0.000274337863325,0.27433786332500004,-5.8376454091818575e-05,34.736415758,0.0,0.0,-34.736415758,2000000.0,250.0,31,0,0,0.0,0.0,0.0,0.0,0.0,31,0,0,0.0,0.0,0.0,25.821492174855003,0.0,31,31,30,25590.724609375,-0.0072287325747311115,0.00020143806614214554,-8.92670577741228e-05,8.92670577741228e-05,0.0,0.0,0.0,0.0,0.0,0.0,0,0.0675027463000651,0.0675027463000651,0.0251
0.274,0.137274,0.000274279994729,0.274279994729,-5.712559081835766e-05,34.7525030119,0.0,0.0,-34.7525030119,2000000.0,250.0,30,0,0,0.0,0.0,0.0,0.0,0.0,30,0,0,0.0,0.0,0.0,25.82214854079806,0.0,30,30,29,25532.92578125,-0.007228825706988573,0.0002014170167967677,-8.94010518095456e-05,8.94010518095456e-05,0.0,0.0,0.0,0.0,0.0,0.0,0,0.0675028041686611,0.0675028041686611,0.0251
0.276,0.138276,0.000274223383641,0.274223383641,-5.602673253496393e-05,34.7579565382,0.0,0.0,-34.7579565382,2000000.0,250.0,31,0,0,0.0,0.0,0.0,0.0,0.0,31,0,0,0.0,0.0,0.0,25.82273290936558,0.0,31,31,30,25808.001953125,-0.007228909060359001,0.00020139794651186094,-8.928487659431994e-05,8.928487659431994e-05,0.0,0.0,0.0,0.0,0.0,0.0,0,0.0675028607797491,0.0675028607797491,0.0251
0.278,0.139278,0.000274167717157,0.274167717157,-5.461588772456838e-05,34.7478074616,0.0,0.0,-34.7478074616,2000000.0,250.0,31,0,0,0.0,0.0,0.0,0.0,0.0,31,0,0,0.0,0.0,0.0,25.82334102433912,0.0,31,31,30,25590.66796875,-0.007228995207697153,0.00020137805404374376,-8.85806221049279e-05,8.85806221049279e-05,0.0,0.0,0.0,0.0,0.0,0.0,0,0.06750291644623309,0.06750291644623309,0.0251
0.28,0.14028,0.000274113933402,0.27411393340199997,-5.2410384231510454e-05,34.7635546578,0.0,0.0,-34.7635546578,2000000.0,250.0,31,0,0,0.0,0.0,0.0,0.0,0.0,31,0,0,0.0,0.0,0.0,25.823982906247604,0.0,31,31,30,25590.86328125,-0.007229082752019167,0.0002013580160564743,-8.88881113496609e-05,8.88881113496609e-05,0.0,0.0,0.0,0.0,0.0,0.0,0,0.0675029702299881,0.0675029702299881,0.0251
0.282,0.141282,0.000274062686747,0.274062686747,-4.968279990019697e-05,34.7893209771,0.0,0.0,-34.7893209771,2000000.0,250.0,31,0,0,0.0,0.0,0.0,0.0,0.0,31,0,0,0.0,0.0,0.0,25.82458800352395,0.0,31,31,30,25591.763671875,-0.0072291698306798935,0.00020133834186708555,-8.90723749762401e-05,8.90723749762401e-05,0.0,0.0,0.0,0.0,0.0,0.0,0,0.0675030214766431,0.0675030214766431,0.0251
0.284,0.142284,0.000274014369071,0.274014369071,-4.7314516966073805e-05,34.8047279819,0.0,0.0,-34.8047279819,2000000.0,250.0,30,0,0,0.0,0.0,0.0,0.0,0.0,30,0,0,0.0,0.0,0.0,25.825182196991214,0.0,30,30,29,25533.103515625,-0.007229252718389034,0.00020131930796196684,-8.889572927728295e-05,8.889572927728295e-05,0.0,0.0,0.0,0.0,0.0,0.0,0,0.0675030697943191,0.0675030697943191,0.0251
0.286,0.143286,0.000273967868455,0.273967868455,-4.649626247504868e-05,34.8163454584,0.0,0.0,-34.8163454584,2000000.0,250.0,31,0,0,0.0,0.0,0.0,0.0,0.0,31,0,0,0.0,0.0,0.0,25.82582083010143,0.0,31,31,30,25808.15234375,-0.007229345152154565,0.0002012982513406314,-8.828899444779381e-05,8.828899444779381e-05,0.0,0.0,0.0,0.0,0.0,0.0,0,0.06750311629493509,0.06750311629493509,0.0251
0.288,0.144288,0.000273921190561,0.273921190561,-4.7992394710594244e-05,34.8256796607,0.0,0.0,-34.8256796607,2000000.0,250.0,31,0,0,0.0,0.0,0.0,0.0,0.0,31,0,0,0.0,0.0,0.0,25.826400728105256,0.0,31,31,30,25590.84375,-0.007229427108541131,0.00020127956668147817,-8.81215964909643e-05,8.81215964909643e-05,0.0,0.0,0.0,0.0,0.0,0.0,0,0.0675031629728291,0.0675031629728291,0.0251
0.29,0.14529,0.000273871691696,0.27387169169599995,-5.216950249503638e-05,34.8214356711,0.0,0.0,-34.8214356711,2000000.0,250.0,31,0,0,0.0,0.0,0.0,0.0,0.0,31,0,0,0.0,0.0,0.0,25.826967213162153,0.0,31,31,30,25590.87890625,-0.007229507667943835,0.00020126127492403612,-8.811900625005364e-05,8.811900625005364e-05,0.0,0.0,0.0,0.0,0.0,0.0,0,0.0675032124716941,0.0675032124716941,0.0251
0.292,0.146292,0.000273816642878,0.273816642878,-5.838055638721085e-05,34.8031634678,0.0,0.0,-34.8031634678,2000000.0,250.0,31,0,0,0.0,0.0,0.0,0.0,0.0,31,0,0,0.0,0.0,0.0,25.827591233279758,0.0,31,31,30,25591.056640625,-0.007229595212265849,0.00020124122966080904,-8.85364061105065e-05,8.85364061105065e-05,0.0,0.0,0.0,0.0,0.0,0.0,0,0.0675032675205121,0.0675032675205121,0.0251
0.294,0.147294,0.000273754697061,0.273754697061,-6.50312335329084e-05,34.8021443753,0.0,0.0,-34.8021443753,2000000.0,250.0,31,0,0,0.0,0.0,0.0,0.0,0.0,31,0,0,0.0,0.0,0.0,25.828208527030757,0.0,31,31,30,25591.953125,-0.007229682058095932,0.0002012211480177939,-8.880415407475084e-05,8.880415407475084e-05,0.0,0.0,0.0,0.0,0.0,0.0,0,0.0675033294663291,0.0675033294663291,0.0251
0.296,0.148296,0.000273686320286,0.27368632028600004,-7.0561465568858e-05,34.8267775375,0.0,0.0,-34.8267775375,2000000.0,250.0,31,0,0,0.0,0.0,0.0,0.0,0.0,31,0,0,0.0,0.0,0.0,25.828849228172338,0.0,31,31,30,25808.3125,-0.007229771465063095,0.0002012006807490252,-8.890579192666337e-05,8.890579192666337e-05,0.0,0.0,0.0,0.0,0.0,0.0,0,0.0675033978431041,0.0675033978431041,0.0251
0.298,0.149298,0.000273613291884,0.273613291884,-7.363025349299557e-05,34.8522804063,0.0,0.0,-34.8522804063,2000000.0,250.0,31,0,0,0.0,0.0,0.0,0.0,0.0,31,0,0,0.0,0.0,0.0,25.829438203603186,0.0,31,31,30,25591.01171875,-0.007229857612401247,0.00020118106476729736,-8.862314280122519e-05,8.862314280122519e-05,0.0,0.0,0.0,0.0,0.0,0.0,0,0.0675034708715061,0.0675034708715061,0.0251
0.3,0.1503,0.000273538765258,0.273538765258,-7.352186826348195e-05,34.8747440088,0.0,0.0,-34.8747440088,2000000.0,250.0,31,0,0,0.0,0.0,0.0,0.0,0.0,31,0,0,0.0,0.0,0.0,25.8300362317139,0.0,31,31,30,25591.0390625,-0.007229939568787813,0.0002011623582802713,-8.8555330876261e-05,8.8555330876261e-05,0.0,0.0,0.0,0.0,0.0,0.0,0,0.0675035453981321,0.0675035453981321,0.0251
0.302,0.151302,0.00027346595406,0.27346595405999996,-7.117933183631298e-05,34.8932832665,0.0,0.0,-34.8932832665,2000000.0,250.0,31,0,0,0.0,0.0,0.0,0.0,0.0,31,0,0,0.0,0.0,0.0,25.83063984848981,0.0,31,31,30,25592.0859375,-0.007230027578771114,0.00020114231301704422,-8.883928239811212e-05,8.883928239811212e-05,0.0,0.0,0.0,0.0,0.0,0.0,0,0.0675036182093301,0.0675036182093301,0.0251
0.304,0.152304,0.000273396121877,0.273396121877,-6.859627395208734e-05,34.9134854113,0.0,0.0,-34.9134854113,2000000.0,250.0,30,0,0,0.0,0.0,0.0,0.0,0.0,30,0,0,0.0,0.0,0.0,25.831265022890516,0.0,30,30,29,25533.4296875,-0.007230116054415703,0.00020112227502977476,-8.909661846701056e-05,8.909661846701056e-05,0.0,0.0,0.0,0.0,0.0,0.0,0,0.06750368804151309,0.06750368804151309,0.0251
0.306,0.153306,0.000273328487127,0.27332848712700003,-6.619382734532331e-05,34.9181474622,0.0,0.0,-34.9181474622,2000000.0,250.0,31,0,0,0.0,0.0,0.0,0.0,0.0,31,0,0,0.0,0.0,0.0,25.8318727930773,0.0,31,31,30,25808.45703125,-0.007230202201753855,0.00020110236800974235,-8.861462993081659e-05,8.861462993081659e-05,0.0,0.0,0.0,0.0,0.0,0.0,0,0.0675037556762631,0.0675037556762631,0.0251
0.308,0.154308,0.000273263469447,0.273263469447,-6.276650199601996e-05,34.9101688381,0.0,0.0,-34.9101688381,2000000.0,250.0,31,0,0,0.0,0.0,0.0,0.0,0.0,31,0,0,0.0,0.0,0.0,25.83244079043287,0.0,31,31,30,25808.4765625,-0.007230283925309777,0.00020108395256102085,-8.804325625533238e-05,8.804325625533238e-05,0.0,0.0,0.0,0.0,0.0,0.0,0,0.06750382069394309,0.06750382069394309,0.0251
0.31,0.15531,0.000273202703057,0.273202703057,-5.931454341318032e-05,34.9180675488,0.0,0.0,-34.9180675488,2000000.0,250.0,31,0,0,0.0,0.0,0.0,0.0,0.0,31,0,0,0.0,0.0,0.0,25.833039212613002,0.0,31,31,30,25591.208984375,-0.007230365881696343,0.0002010653042816557,-8.831123705022037e-05,8.831123705022037e-05,0.0,0.0,0.0,0.0,0.0,0.0,0,0.06750388146033309,0.06750388146033309,0.0251
0.312,0.156312,0.000273144603102,0.273144603102,-5.8570076347297384e-05,34.9330925071,0.0,0.0,-34.9330925071,2000000.0,250.0,31,0,0,0.0,0.0,0.0,0.0,0.0,31,0,0,0.0,0.0,0.0,25.833638008480445,0.0,31,31,30,25591.240234375,-0.007230452261865139,0.00020104512805119157,-8.86820926098153e-05,8.86820926098153e-05,0.0,0.0,0.0,0.0,0.0,0.0,0,0.06750393956028809,0.06750393956028809,0.0251
0.314,0.157314,0.000273085328624,0.273085328624,-6.116164471056673e-05,34.9458493731,0.0,0.0,-34.9458493731,2000000.0,250.0,31,0,0,0.0,0.0,0.0,0.0,0.0,31,0,0,0.0,0.0,0.0,25.834242903760355,0.0,31,31,30,25592.2734375,-0.007230539806187153,0.0002010250827879645,-8.888865704648197e-05,8.888865704648197e-05,0.0,0.0,0.0,0.0,0.0,0.0,0,0.0675039988347661,0.0675039988347661,0.0251
0.316,0.158316,0.000273022035166,0.273022035166,-6.509157634732032e-05,34.9438427028,0.0,0.0,-34.9438427028,2000000.0,250.0,30,0,0,0.0,0.0,0.0,0.0,0.0,30,0,0,0.0,0.0,0.0,25.83488182794225,0.0,30,30,29,25533.63671875,-0.007230628281831741,0.00020100504480069503,-8.919672836782411e-05,8.919672836782411e-05,0.0,0.0,0.0,0.0,0.0,0.0,0,0.06750406212822409,0.06750406212822409,0.0251
0.318,0.159318,0.000272954885105,0.272954885105,-6.856154041914864e-05,34.9169656528,0.0,0.0,-34.9169656528,2000000.0,250.0,31,0,0,0.0,0.0,0.0,0.0,0.0,31,0,0,0.0,0.0,0.0,25.835495695821425,0.0,31,31,30,25591.341796875,-0.0072307155933231115,0.0002009852323681116,-8.84953624336049e-05,8.84953624336049e-05,0.0,0.0,0.0,0.0,0.0,0.0,0,0.0675041292782851,0.0675041292782851,0.0251
0.32,0.16032,0.000272884637839,0.272884637839,-7.200219261477292e-05,34.8887319666,0.0,0.0,-34.8887319666,2000000.0,250.0,31,0,0,0.0,0.0,0.0,0.0,0.0,31,0,0,0.0,0.0,0.0,25.83606903238172,0.0,31,31,30,25591.365234375,-0.007230797549709678,0.00020096656953683123,-8.816004265099764e-05,8.816004265099764e-05,0.0,0.0,0.0,0.0,0.0,0.0,0,0.06750419952555109,0.06750419952555109,0.0251
0.322,0.161322,0.000272810592711,0.272810592711,-7.695287924153194e-05,34.8992227898,0.0,0.0,-34.8992227898,2000000.0,250.0,31,0,0,0.0,0.0,0.0,0.0,0.0,31,0,0,0.0,0.0,0.0,25.83670407484849,0.0,31,31,30,25591.55859375,-0.007230884162709117,0.00020094667706871405,-8.85515910340473e-05,8.85515910340473e-05,0.0,0.0,0.0,0.0,0.0,0.0,0,0.06750427357067909,0.06750427357067909,0.0251
0.324,0.162324,0.000272730424269,0.27273042426899996,-8.470885229538982e-05,34.9184405771,0.0,0.0,-34.9184405771,2000000.0,250.0,31,0,0,0.0,0.0,0.0,0.0,0.0,31,0,0,0.0,0.0,0.0,25.83730821518633,0.0,31,31,30,25592.443359375,-0.0072309719398617744,0.00020092640625080094,-8.882510883267969e-05,8.882510883267969e-05,0.0,0.0,0.0,0.0,0.0,0.0,0,0.0675043537391211,0.0675043537391211,0.0251
0.326,0.163326,0.000272640836171,0.272640836171,-9.428881237524833e-05,34.9067901394,0.0,0.0,-34.9067901394,2000000.0,250.0,31,0,0,0.0,0.0,0.0,0.0,0.0,31,0,0,0.0,0.0,0.0,25.837932856590065,0.0,31,31,30,25808.755859375,-0.007231060415506363,0.0002009063246077858,-8.875854837242514e-05,8.875854837242514e-05,0.0,0.0,0.0,0.0,0.0,0.0,0,0.0675044433272191,0.0675044433272191,0.0251
0.328,0.164328,0.000272541469489,0.272541469489,-0.00010124905888223013,34.8779176487,0.0,0.0,-34.8779176487,2000000.0,250.0,30,0,0,0.0,0.0,0.0,0.0,0.0,30,0,0,0.0,0.0,0.0,25.838505360498957,0.0,30,30,29,25533.833984375,-0.0072311407420784235,0.00020088828023290262,-8.826150587992743e-05,8.826150587992743e-05,0.0,0.0,0.0,0.0,0.0,0.0,0,0.06750454269390109,0.06750454269390109,0.0251
0.33,0.16533,0.000272437933057,0.272437933057,-0.00010203353343313237,34.8601133509,0.0,0.0,-34.8601133509,2000000.0,250.0,31,0,0,0.0,0.0,0.0,0.0,0.0,31,0,0,0.0,0.0,0.0,25.83911303990544,0.0,31,31,30,25591.533203125,-0.007231228286400437,0.00020086823496967554,-8.802638330962509e-05,8.802638330962509e-05,0.0,0.0,0.0,0.0,0.0,0.0,0,0.0675046462303331,0.0675046462303331,0.0251
0.332,0.166332,0.000272336994288,0.272336994288,-9.838444760479348e-05,34.8696618802,0.0,0.0,-34.8696618802,2000000.0,250.0,31,0,0,0.0,0.0,0.0,0.0,0.0,31,0,0,0.0,0.0,0.0,25.839673548880743,0.0,31,31,30,25591.56640625,-0.007231308845803142,0.00020084972493350506,-8.805235847830772e-05,8.805235847830772e-05,0.0,0.0,0.0,0.0,0.0,0.0,0,0.0675047471691021,0.0675047471691021,0.0251
0.334,0.167334,0.000272240770624,0.272240770624,-9.460350199599898e-05,34.8898119911,0.0,0.0,-34.8898119911,2000000.0,250.0,31,0,0,0.0,0.0,0.0,0.0,0.0,31,0,0,0.0,0.0,0.0,25.840309835389675,0.0,31,31,30,25591.759765625,-0.00723139732144773,0.00020082962146261707,-8.847752906149253e-05,8.847752906149253e-05,0.0,0.0,0.0,0.0,0.0,0.0,0,0.06750484339276609,0.06750484339276609,0.0251
0.336,0.168336,0.00027214740887,0.27214740887,-9.295109530937928e-05,34.900810924,0.0,0.0,-34.900810924,2000000.0,250.0,31,0,0,0.0,0.0,0.0,0.0,0.0,31,0,0,0.0,0.0,0.0,25.840885957085035,0.0,31,31,30,25591.783203125,-0.007231478113681078,0.00020081092225154862,-8.878092921804637e-05,8.878092921804637e-05,0.0,0.0,0.0,0.0,0.0,0.0,0,0.0675049367545201,0.0675049367545201,0.0251
0.338,0.169338,0.000272054496629,0.272054496629,-9.286426696605843e-05,34.8849588942,0.0,0.0,-34.8849588942,2000000.0,250.0,31,0,0,0.0,0.0,0.0,0.0,0.0,31,0,0,0.0,0.0,0.0,25.841518398231287,0.0,31,31,30,25592.671875,-0.007231565658003092,0.00020079089881619439,-8.900687680579722e-05,8.900687680579722e-05,0.0,0.0,0.0,0.0,0.0,0.0,0,0.0675050296667611,0.0675050296667611,0.0251
0.34,0.17034,0.000271961308879,0.271961308879,-9.37369201596816e-05,34.8608440584,0.0,0.0,-34.8608440584,2000000.0,250.0,31,0,0,0.0,0.0,0.0,0.0,0.0,31,0,0,0.0,0.0,0.0,25.842132052884917,0.0,31,31,30,25808.95703125,-0.007231653202325106,0.00020077083172509447,-8.859640365699306e-05,8.859640365699306e-05,0.0,0.0,0.0,0.0,0.0,0.0,0,0.06750512285451109,0.06750512285451109,0.0251
0.342,0.171342,0.000271866647841,0.27186664784099995,-9.608625149698513e-05,34.8658645596,0.0,0.0,-34.8658645596,2000000.0,250.0,31,0,0,0.0,0.0,0.0,0.0,0.0,31,0,0,0.0,0.0,0.0,25.84267410282733,0.0,31,31,30,25808.984375,-0.007231734925881028,0.0002007523798965849,-8.824157703202218e-05,8.824157703202218e-05,0.0,0.0,0.0,0.0,0.0,0.0,0,0.0675052175155491,0.0675052175155491,0.0251
0.344,0.172344,0.000271768752031,0.271768752031,-9.914388073850589e-05,34.8950348548,0.0,0.0,-34.8950348548,2000000.0,250.0,31,0,0,0.0,0.0,0.0,0.0,0.0,31,0,0,0.0,0.0,0.0,25.843279990235345,0.0,31,31,30,25591.759765625,-0.007231822004541755,0.00020073274936294183,-8.802145748632029e-05,8.802145748632029e-05,0.0,0.0,0.0,0.0,0.0,0.0,0,0.0675053154113591,0.0675053154113591,0.0251
0.346,0.173346,0.000271667963504,0.271667963504,-0.00010134376696607772,34.9228992564,0.0,0.0,-34.9228992564,2000000.0,250.0,31,0,0,0.0,0.0,0.0,0.0,0.0,31,0,0,0.0,0.0,0.0,25.843932085148776,0.0,31,31,30,25591.8046875,-0.007231908151879907,0.00020071282051503658,-8.8433240307495e-05,8.8433240307495e-05,0.0,0.0,0.0,0.0,0.0,0.0,0,0.06750541619988609,0.06750541619988609,0.0251
0.348,0.174348,0.000271565659122,0.27156565912200004,-0.00010288106237527073,34.9399830635,0.0,0.0,-34.9399830635,2000000.0,250.0,31,0,0,0.0,0.0,0.0,0.0,0.0,31,0,0,0.0,0.0,0.0,25.844502717118765,0.0,31,31,30,25591.9921875,-0.0072319903410971165,0.00020069392485311255,-8.87500136741437e-05,8.87500136741437e-05,0.0,0.0,0.0,0.0,0.0,0.0,0,0.0675055185042681,0.0675055185042681,0.0251
0.35,0.17535,0.000271461789855,0.271461789855,-0.0001044706287424979,34.9437790301,0.0,0.0,-34.9437790301,2000000.0,250.0,31,0,0,0.0,0.0,0.0,0.0,0.0,31,0,0,0.0,0.0,0.0,25.845116072622236,0.0,31,31,30,25592.873046875,-0.00723207788541913,0.00020067387958988547,-8.894204074749723e-05,8.894204074749723e-05,0.0,0.0,0.0,0.0,0.0,0.0,0,0.06750562237353509,0.06750562237353509,0.0251
0.352,0.176352,0.000271356299982,0.271356299982,-0.0001055182075848371,34.9318303193,0.0,0.0,-34.9318303193,2000000.0,250.0,31,0,0,0.0,0.0,0.0,0.0,0.0,31,0,0,0.0,0.0,0.0,25.845762215550145,0.0,31,31,30,25809.138671875,-0.0072321658954024315,0.0002006538343266584,-8.86249981704168e-05,8.86249981704168e-05,0.0,0.0,0.0,0.0,0.0,0.0,0,0.0675057278634081,0.0675057278634081,0.0251
0.354,0.177354,0.000271250331367,0.271250331367,-0.000104942547904191,34.914160712,0.0,0.0,-34.914160712,2000000.0,250.0,31,0,0,0.0,0.0,0.0,0.0,0.0,31,0,0,0.0,0.0,0.0,25.846352660298297,0.0,31,31,30,25591.935546875,-0.007232254138216376,0.0002006340291700326,-8.803083619568497e-05,8.803083619568497e-05,0.0,0.0,0.0,0.0,0.0,0.0,0,0.06750583383202309,0.06750583383202309,0.0251
0.356,0.178356,0.000271145995116,0.271145995116,-0.00010159382684629681,34.9105755074,0.0,0.0,-34.9105755074,2000000.0,250.0,31,0,0,0.0,0.0,0.0,0.0,0.0,31,0,0,0.0,0.0,0.0,25.8469220773444,0.0,31,31,30,25591.958984375,-0.0072323346976190805,0.00020061547547811642,-8.803199307294562e-05,8.803199307294562e-05,0.0,0.0,0.0,0.0,0.0,0.0,0,0.06750593816827409,0.06750593816827409,0.0251
0.358,0.179358,0.000271046737338,0.271046737338,-9.543277345308576e-05,34.9246734274,0.0,0.0,-34.9246734274,2000000.0,250.0,31,0,0,0.0,0.0,0.0,0.0,0.0,31,0,0,0.0,0.0,0.0,25.847527744749872,0.0,31,31,30,25591.9921875,-0.0072324208449572325,0.00020059556845808402,-8.843536488711834e-05,8.843536488711834e-05,0.0,0.0,0.0,0.0,0.0,0.0,0,0.0675060374260521,0.0675060374260521,0.0251
0.36,0.18036,0.000270954747838,0.270954747838,-8.848329091815099e-05,34.9477627548,0.0,0.0,-34.9477627548,2000000.0,250.0,31,0,0,0.0,0.0,0.0,0.0,0.0,31,0,0,0.0,0.0,0.0,25.848127374290026,0.0,31,31,30,25592.185546875,-0.007232503034174442,0.00020057669462403283,-8.871645695762709e-05,8.871645695762709e-05,0.0,0.0,0.0,0.0,0.0,0.0,0,0.06750612941555209,0.06750612941555209,0.0251
0.362,0.181362,0.000270869416823,0.27086941682300003,-8.256774201598205e-05,34.9615373761,0.0,0.0,-34.9615373761,2000000.0,250.0,30,0,0,0.0,0.0,0.0,0.0,0.0,30,0,0,0.0,0.0,0.0,25.848726134492907,0.0,30,30,29,25534.388671875,-0.007232590578496456,0.00020055664936080575,-8.890758181223646e-05,8.890758181223646e-05,0.0,0.0,0.0,0.0,0.0,0.0,0,0.0675062147465671,0.0675062147465671,0.0251
0.364,0.182364,0.000270789282083,0.27078928208299996,-7.789162724552989e-05,34.9601634853,0.0,0.0,-34.9601634853,2000000.0,250.0,31,0,0,0.0,0.0,0.0,0.0,0.0,31,0,0,0.0,0.0,0.0,25.84934639343644,0.0,31,31,30,25809.30859375,-0.007232679054141045,0.00020053660409757867,-8.885990246199071e-05,8.885990246199071e-05,0.0,0.0,0.0,0.0,0.0,0.0,0,0.06750629488130709,0.06750629488130709,0.0251
0.366,0.183366,0.000270713322002,0.270713322002,-7.372954391215991e-05,34.9606894621,0.0,0.0,-34.9606894621,2000000.0,250.0,31,0,0,0.0,0.0,0.0,0.0,0.0,31,0,0,0.0,0.0,0.0,25.849975176567355,0.0,31,31,30,25592.12890625,-0.007232767064124346,0.0002005165661103092,-8.896320650819689e-05,8.896320650819689e-05,0.0,0.0,0.0,0.0,0.0,0.0,0,0.0675063708413881,0.0675063708413881,0.0251
0.368,0.184368,0.000270641528077,0.270641528077,-6.960070758482706e-05,34.971973665,0.0,0.0,-34.971973665,2000000.0,250.0,31,0,0,0.0,0.0,0.0,0.0,0.0,31,0,0,0.0,0.0,0.0,25.850561823508226,0.0,31,31,30,25592.16796875,-0.007232847157865763,0.00020049801241839305,-8.914613863453269e-05,8.914613863453269e-05,0.0,0.0,0.0,0.0,0.0,0.0,0,0.0675064426353131,0.0675064426353131,0.0251
0.37,0.18537,0.000270573842184,0.270573842184,-6.530221556885762e-05,34.9790059371,0.0,0.0,-34.9790059371,2000000.0,250.0,31,0,0,0.0,0.0,0.0,0.0,0.0,31,0,0,0.0,0.0,0.0,25.851175598394214,0.0,31,31,30,25592.357421875,-0.007232935167849064,0.00020047797443112358,-8.9248176664114e-05,8.9248176664114e-05,0.0,0.0,0.0,0.0,0.0,0.0,0,0.0675065103212061,0.0675065103212061,0.0251
0.372,0.186372,0.000270510662437,0.270510662437,-5.697777744512189e-05,34.9705488376,0.0,0.0,-34.9705488376,2000000.0,250.0,30,0,0,0.0,0.0,0.0,0.0,0.0,30,0,0,0.0,0.0,0.0,25.851779020385052,0.0,30,30,29,25534.564453125,-0.007233022712171078,0.0002004579291678965,-8.935384539654478e-05,8.935384539654478e-05,0.0,0.0,0.0,0.0,0.0,0.0,0,0.0675065735009531,0.0675065735009531,0.0251
0.374,0.187374,0.000270459658718,0.270459658718,-3.527488273452617e-05,34.9485111825,0.0,0.0,-34.9485111825,2000000.0,250.0,31,0,0,0.0,0.0,0.0,0.0,0.0,31,0,0,0.0,0.0,0.0,25.852401569435877,0.0,31,31,30,25592.263671875,-0.0072331109549850225,0.0002004381167353131,-8.857638749759644e-05,8.857638749759644e-05,0.0,0.0,0.0,0.0,0.0,0.0,0,0.0675066245046721,0.0675066245046721,0.0251
0.376,0.188376,0.000270439971572,0.270439971572,8.973329840289423e-06,34.8959082193,0.0,0.0,-34.8959082193,2000000.0,250.0,31,0,0,0.0,0.0,0.0,0.0,0.0,31,0,0,0.0,0.0,0.0,25.853028633912377,0.0,31,31,30,25592.451171875,-0.00723319873213768,0.00020041784591739997,-8.883704140316695e-05,8.883704140316695e-05,0.0,0.0,0.0,0.0,0.0,0.0,0,0.0675066441918181,0.0675066441918181,0.0251
0.378,0.189378,0.000270477641271,0.270477641271,8.050518013971719e-05,34.812658251,0.0,0.0,-34.812658251,2000000.0,250.0,31,0,0,0.0,0.0,0.0,0.0,0.0,31,0,0,0.0,0.0,0.0,25.853654306324923,0.0,31,31,30,25593.330078125,-0.007233286742120981,0.0002003978006541729,-8.899386011762545e-05,8.899386011762545e-05,0.0,0.0,0.0,0.0,0.0,0.0,0,0.0675066065221191,0.0675066065221191,0.0251
0.38,0.19038,0.000270601303953,0.270601303953,0.00018631834431137584,34.7206724149,0.0,0.0,-34.7206724149,2000000.0,250.0,31,0,0,0.0,0.0,0.0,0.0,0.0,31,0,0,0.0,0.0,0.0,25.854286648618565,0.0,31,31,30,25809.5625,-0.007233374286442995,0.00020037775539094582,-8.885232091415673e-05,8.885232091415673e-05,0.0,0.0,0.0,0.0,0.0,0.0,0,0.0675064828594371,0.0675064828594371,0.0251
0.382,0.191382,0.000270851023233,0.27085102323300003,0.00035356615968062943,34.5924927062,0.0,0.0,-34.5924927062,2000000.0,250.0,30,0,0,0.0,0.0,0.0,0.0,0.0,30,0,0,0.0,0.0,0.0,25.854851419216157,0.0,30,30,29,25534.73046875,-0.007233454613015056,0.000200359478185419,-8.829739090288058e-05,8.829739090288058e-05,0.0,0.0,0.0,0.0,0.0,0.0,0,0.0675062331401571,0.0675062331401571,0.0251
0.384,0.192384,0.000271309850537,0.271309850537,0.0006374031072854114,34.3613445381,0.0,0.0,-34.3613445381,2000000.0,250.0,31,0,0,0.0,0.0,0.0,0.0,0.0,31,0,0,0.0,0.0,0.0,25.85546242169202,0.0,31,31,30,25592.423828125,-0.007233543088659644,0.00020033939654240385,-8.801932563073933e-05,8.801932563073933e-05,0.0,0.0,0.0,0.0,0.0,0.0,0,0.0675057743128531,0.0675057743128531,0.0251
0.386,0.193386,0.00027212837906,0.27212837906,0.0011030664296406978,33.9698601431,0.0,0.0,-33.9698601431,2000000.0,250.0,31,0,0,0.0,0.0,0.0,0.0,0.0,31,0,0,0.0,0.0,0.0,25.856034475164616,0.0,31,31,30,25809.638671875,-0.007233623182401061,0.00020032114116474986,-8.777777838986367e-05,8.777777838986367e-05,0.0,0.0,0.0,0.0,0.0,0.0,0,0.06750495578433009,0.06750495578433009,0.0251
0.388,0.194388,0.000273520395662,0.273520395662,0.0018049988947105855,33.4362008814,0.0,0.0,-33.4362008814,2000000.0,250.0,31,0,0,0.0,0.0,0.0,0.0,0.0,31,0,0,0.0,0.0,0.0,25.856661807856486,0.0,31,31,30,25592.6484375,-0.007233711192384362,0.00020030109590152279,-8.807088306639344e-05,8.807088306639344e-05,0.0,0.0,0.0,0.0,0.0,0.0,0,0.06750356376772809,0.06750356376772809,0.0251
0.39,0.19539,0.000275745596845,0.275745596845,0.0027809091731537117,32.8416612747,0.0,0.0,-32.8416612747,2000000.0,250.0,31,0,0,0.0,0.0,0.0,0.0,0.0,31,0,0,0.0,0.0,0.0,25.857231736124717,0.0,31,31,30,25592.521484375,-0.007233791286125779,0.0002002825858653523,-8.807376434560865e-05,8.807376434560865e-05,0.0,0.0,0.0,0.0,0.0,0.0,0,0.0675013385665451,0.0675013385665451,0.0251
0.392,0.196392,0.000279093337645,0.279093337645,0.004057353832335381,32.2126137259,0.0,0.0,-32.2126137259,2000000.0,250.0,31,0,0,0.0,0.0,0.0,0.0,0.0,31,0,0,0.0,0.0,0.0,25.8578580646678,0.0,31,31,30,25593.55859375,-0.00723387929610908,0.00020026256242999807,-8.840553346090019e-05,8.840553346090019e-05,0.0,0.0,0.0,0.0,0.0,0.0,0,0.06749799082574509,0.06749799082574509,0.0251
0.394,0.197394,0.000283876533925,0.283876533925,0.0056585708692615255,31.5579511406,0.0,0.0,-31.5579511406,2000000.0,250.0,31,0,0,0.0,0.0,0.0,0.0,0.0,31,0,0,0.0,0.0,0.0,25.858417574848687,0.0,31,31,30,25592.7421875,-0.007233960321173072,0.00020024399418616667,-8.865260315360501e-05,8.865260315360501e-05,0.0,0.0,0.0,0.0,0.0,0.0,0,0.06749320762946509,0.06749320762946509,0.0251
0.396,0.198396,0.000290433113667,0.29043311366700003,0.007609412453592812,30.8921185727,0.0,0.0,-30.8921185727,2000000.0,250.0,30,0,0,0.0,0.0,0.0,0.0,0.0,30,0,0,0.0,0.0,0.0,25.859035420940533,0.0,30,30,29,25534.966796875,-0.007234048098325729,0.00020022372336825356,-8.896990038920194e-05,8.896990038920194e-05,0.0,0.0,0.0,0.0,0.0,0.0,0,0.0674866510497231,0.0674866510497231,0.0251
0.398,0.199398,0.000299125796482,0.299125796482,0.009936003970059809,30.239361621,0.0,0.0,-30.239361621,2000000.0,250.0,31,0,0,0.0,0.0,0.0,0.0,0.0,31,0,0,0.0,0.0,0.0,25.859644283083554,0.0,31,31,30,25592.654296875,-0.007234135875478387,0.00020020391093567014,-8.85301997186616e-05,8.85301997186616e-05,0.0,0.0,0.0,0.0,0.0,0.0,0,0.06747795836690809,0.06747795836690809,0.0251
0.4,0.2004,0.000310344865623,0.31034486562299995,0.012664082256486991,29.6154646323,0.0,0.0,-29.6154646323,2000000.0,250.0,31,0,0,0.0,0.0,0.0,0.0,0.0,31,0,0,0.0,0.0,0.0,25.860222071929503,0.0,31,31,30,25809.849609375,-0.007234216434881091,0.0002001856337301433,-8.792288281256333e-05,8.792288281256333e-05,0.0,0.0,0.0,0.0,0.0,0.0,0,0.0674667392977671,0.0674667392977671,0.0251
0.402,0.201402,0.000324504617324,0.324504617324,0.01580984651796405,29.0401272426,0.0,0.0,-29.0401272426,2000000.0,250.0,31,0,0,0.0,0.0,0.0,0.0,0.0,31,0,0,0.0,0.0,0.0,25.860852366908734,0.0,31,31,30,25592.87890625,-0.007234303979203105,0.00020016558846691623,-8.816440094960853e-05,8.816440094960853e-05,0.0,0.0,0.0,0.0,0.0,0.0,0,0.0674525795460661,0.0674525795460661,0.0251
0.404,0.202404,0.000342027798045,0.342027798045,0.019381150483033877,28.5300491507,0.0,0.0,-28.5300491507,2000000.0,250.0,31,0,0,0.0,0.0,0.0,0.0,0.0,31,0,0,0.0,0.0,0.0,25.86141391263103,0.0,31,31,30,25592.75,-0.0072343850042670965,0.00020014704205095768,-8.84885448613204e-05,8.84885448613204e-05,0.0,0.0,0.0,0.0,0.0,0.0,0,0.0674350563653451,0.0674350563653451,0.0251
0.406,0.203406,0.000363344442892,0.363344442892,0.023386201069860196,28.1117300712,0.0,0.0,-28.1117300712,2000000.0,250.0,31,0,0,0.0,0.0,0.0,0.0,0.0,31,0,0,0.0,0.0,0.0,25.862065808309,0.0,31,31,30,25593.796875,-0.007234472781419754,0.00020012676395708695,-8.873466867953539e-05,8.873466867953539e-05,0.0,0.0,0.0,0.0,0.0,0.0,0,0.06741373972049809,0.06741373972049809,0.0251
0.408,0.204408,0.000388893744989,0.388893744989,0.02783093231087813,27.8478224472,0.0,0.0,-27.8478224472,2000000.0,250.0,31,0,0,0.0,0.0,0.0,0.0,0.0,31,0,0,0.0,0.0,0.0,25.862628960572742,0.0,31,31,30,25592.9765625,-0.007234553340822458,0.0002001085304073058,-8.898381202016026e-05,8.898381202016026e-05,0.0,0.0,0.0,0.0,0.0,0.0,0,0.06738819041840109,0.06738819041840109,0.0251
0.41,0.20541,0.000419117631243,0.419117631243,0.0327128876696606,27.7496807243,0.0,0.0,-27.7496807243,2000000.0,250.0,31,0,0,0.0,0.0,0.0,0.0,0.0,31,0,0,0.0,0.0,0.0,25.863263232878953,0.0,31,31,30,25810.0,-0.0072346467059105635,0.00020008732099086046,-8.854384941514581e-05,8.854384941514581e-05,0.0,0.0,0.0,0.0,0.0,0.0,0,0.0673579665321471,0.0673579665321471,0.0251
0.412,0.206412,0.000454450371879,0.454450371879,0.038023336898703075,27.8029865628,0.0,0.0,-27.8029865628,2000000.0,250.0,31,0,0,0.0,0.0,0.0,0.0,0.0,31,0,0,0.0,0.0,0.0,25.863830994931373,0.0,31,31,30,25592.880859375,-0.00723472866229713,0.00020006843988085166,-8.79903236636892e-05,8.79903236636892e-05,0.0,0.0,0.0,0.0,0.0,0.0,0,0.0673226337915111,0.0673226337915111,0.0251
0.414,0.207414,0.000495316398388,0.49531639838799996,0.0437541207709585,28.0215475827,0.0,0.0,-28.0215475827,2000000.0,250.0,31,0,0,0.0,0.0,0.0,0.0,0.0,31,0,0,0.0,0.0,0.0,25.86443369001821,0.0,31,31,30,25810.0625,-0.007234809687361121,0.00020005012629553676,-8.787130354903638e-05,8.787130354903638e-05,0.0,0.0,0.0,0.0,0.0,0.0,0,0.0672817677650021,0.0672817677650021,0.0251
0.416,0.208416,0.000542133629904,0.542133629904,0.0498955910868262,28.4340848938,0.0,0.0,-28.4340848938,2000000.0,250.0,31,0,0,0.0,0.0,0.0,0.0,0.0,31,0,0,0.0,0.0,0.0,25.865061302485408,0.0,31,31,30,25592.955078125,-0.007234897697344422,0.00020003008103230968,-8.813763270154595e-05,8.813763270154595e-05,0.0,0.0,0.0,0.0,0.0,0.0,0,0.06723495053348609,0.06723495053348609,0.0251
0.418,0.209418,0.000595307162926,0.5953071629259999,0.05642809336327331,29.0872943555,0.0,0.0,-29.0872943555,2000000.0,250.0,31,0,0,0.0,0.0,0.0,0.0,0.0,31,0,0,0.0,0.0,0.0,25.86563668653797,0.0,31,31,30,25593.138671875,-0.007234983844682574,0.00020001017401227728,-8.84757173480466e-05,8.84757173480466e-05,0.0,0.0,0.0,0.0,0.0,0.0,0,0.0671817770004641,0.0671817770004641,0.0251
0.42,0.21042,0.000655215529004,0.655215529004,0.06332364452594791,29.9924491485,0.0,0.0,-29.9924491485,2000000.0,250.0,31,0,0,0.0,0.0,0.0,0.0,0.0,31,0,0,0.0,0.0,0.0,25.86622657773612,0.0,31,31,30,25594.01953125,-0.0072350658010691404,0.00019999153300886974,-8.869448356563225e-05,8.869448356563225e-05,0.0,0.0,0.0,0.0,0.0,0.0,0,0.0671218686343861,0.0671218686343861,0.0251
0.422,0.211422,0.000722207746556,0.722207746556,0.07055605978443086,31.1358918059,0.0,0.0,-31.1358918059,2000000.0,250.0,31,0,0,0.0,0.0,0.0,0.0,0.0,31,0,0,0.0,0.0,0.0,25.866795338679104,0.0,31,31,30,25594.0390625,-0.00723514799028635,0.00019997259369120002,-8.884166891220957e-05,8.884166891220957e-05,0.0,0.0,0.0,0.0,0.0,0.0,0,0.0670548764168341,0.0670548764168341,0.0251
0.424,0.212424,0.000796609872812,0.7966098728119999,0.07810919759131713,32.5369652004,0.0,0.0,-32.5369652004,2000000.0,250.0,30,0,0,0.0,0.0,0.0,0.0,0.0,30,0,0,0.0,0.0,0.0,25.867428974196354,0.0,30,30,29,25535.421875,-0.007235234370455146,0.00019995291950181127,-8.84564797161147e-05,8.84564797161147e-05,0.0,0.0,0.0,0.0,0.0,0.0,0,0.0669804742905781,0.0669804742905781,0.0251
0.426,0.213426,0.000878738578529,0.878738578529,0.08598456718612751,34.1572622437,0.0,0.0,-34.1572622437,2000000.0,250.0,31,0,0,0.0,0.0,0.0,0.0,0.0,31,0,0,0.0,0.0,0.0,25.868056076854753,0.0,31,31,30,25810.244140625,-0.007235320983454585,0.00019993330352008343,-8.792337030172348e-05,8.792337030172348e-05,0.0,0.0,0.0,0.0,0.0,0.0,0,0.06689834558486109,0.06689834558486109,0.0251
0.428,0.214428,0.000968922945453,0.968922945453,0.09420026966616746,35.9261446312,0.0,0.0,-35.9261446312,2000000.0,250.0,31,0,0,0.0,0.0,0.0,0.0,0.0,31,0,0,0.0,0.0,0.0,25.868611732408045,0.0,31,31,30,25810.26171875,-0.007235402939841151,0.00019991459703305736,-8.790331776253879e-05,8.790331776253879e-05,0.0,0.0,0.0,0.0,0.0,0.0,0,0.06680816121793709,0.06680816121793709,0.0251
0.43,0.21543,0.00106751591894,1.06751591894,0.10277658310229515,37.8491144745,0.0,0.0,-37.8491144745,2000000.0,250.0,31,0,0,0.0,0.0,0.0,0.0,0.0,31,0,0,0.0,0.0,0.0,25.869222798221625,0.0,31,31,30,25593.173828125,-0.007235490484163165,0.0001998945590457879,-8.791632717475295e-05,8.791632717475295e-05,0.0,0.0,0.0,0.0,0.0,0.0,0,0.0667095682444501,0.0667095682444501,0.0251
0.432,0.216432,0.00117488721799,1.17488721799,0.11172198926646826,39.9731385801,0.0,0.0,-39.9731385801,2000000.0,250.0,31,0,0,0.0,0.0,0.0,0.0,0.0,31,0,0,0.0,0.0,0.0,25.86981902145311,0.0,31,31,30,25593.2109375,-0.007235571509227157,0.00019987604900961742,-8.830275328364223e-05,8.830275328364223e-05,0.0,0.0,0.0,0.0,0.0,0.0,0,0.0666021969454001,0.0666021969454001,0.0251
0.434,0.217434,0.00129140678543,1.29140678543,0.12102689246507103,42.3568817318,0.0,0.0,-42.3568817318,2000000.0,250.0,31,0,0,0.0,0.0,0.0,0.0,0.0,31,0,0,0.0,0.0,0.0,25.870414168394998,0.0,31,31,30,25593.408203125,-0.007235657656565309,0.0001998563893721439,-8.860394882503897e-05,8.860394882503897e-05,0.0,0.0,0.0,0.0,0.0,0.0,0,0.0664856773779601,0.0664856773779601,0.0251
0.436,0.218436,0.00141742511049,1.41742511049,0.1306695267764466,45.0354602309,0.0,0.0,-45.0354602309,2000000.0,250.0,31,0,0,0.0,0.0,0.0,0.0,0.0,31,0,0,0.0,0.0,0.0,25.871010068391747,0.0,31,31,30,25593.435546875,-0.007235739845782518,0.00019983749371021986,-8.878285734681413e-05,8.878285734681413e-05,0.0,0.0,0.0,0.0,0.0,0.0,0,0.06635965905290009,0.06635965905290009,0.0251
0.438,0.219438,0.00155326851709,1.55326851709,0.14062573989021931,47.9953408694,0.0,0.0,-47.9953408694,2000000.0,250.0,31,0,0,0.0,0.0,0.0,0.0,0.0,31,0,0,0.0,0.0,0.0,25.87163823980821,0.0,31,31,30,25594.310546875,-0.007235827157273889,0.00019981744844699278,-8.850700396578759e-05,8.850700396578759e-05,0.0,0.0,0.0,0.0,0.0,0.0,0,0.06622381564630009,0.06622381564630009,0.0251
0.44,0.22044,0.00169923909323,1.69923909323,0.15087368215069819,51.2457565672,0.0,0.0,-51.2457565672,2000000.0,250.0,30,0,0,0.0,0.0,0.0,0.0,0.0,30,0,0,0.0,0.0,0.0,25.872242557457483,0.0,30,30,29,25535.6953125,-0.007235913537442684,0.00019979756325483322,-8.890981553122401e-05,8.890981553122401e-05,0.0,0.0,0.0,0.0,0.0,0.0,0,0.0660778450701601,0.0660778450701601,0.0251
0.442,0.221442,0.00185561937612,1.85561937612,0.1613987326147699,54.8356603504,0.0,0.0,-54.8356603504,2000000.0,250.0,31,0,0,0.0,0.0,0.0,0.0,0.0,31,0,0,0.0,0.0,0.0,25.872819525919713,0.0,31,31,30,25810.4765625,-0.007235995260998607,0.0001997790895984508,-8.84969049366191e-05,8.84969049366191e-05,0.0,0.0,0.0,0.0,0.0,0.0,0,0.0659214647872701,0.0659214647872701,0.0251
0.444,0.222444,0.00202268215339,2.02268215339,0.1721822338373249,58.8245635987,0.0,0.0,-58.8245635987,2000000.0,250.0,31,0,0,0.0,0.0,0.0,0.0,0.0,31,0,0,0.0,0.0,0.0,25.873440395870944,0.0,31,31,30,25593.40625,-0.007236083736643195,0.00019975905161118135,-8.787355181993917e-05,8.787355181993917e-05,0.0,0.0,0.0,0.0,0.0,0.0,0,0.0657544020100001,0.0657544020100001,0.0251
0.446,0.223446,0.00220067257273,2.20067257273,0.1831868649600792,63.2148540938,0.0,0.0,-63.2148540938,2000000.0,250.0,31,0,0,0.0,0.0,0.0,0.0,0.0,31,0,0,0.0,0.0,0.0,25.874004140626617,0.0,31,31,30,25593.439453125,-0.007236164296045899,0.00019974054157501087,-8.82778549566865e-05,8.82778549566865e-05,0.0,0.0,0.0,0.0,0.0,0.0,0,0.06557641159066009,0.06557641159066009,0.0251
0.448,0.224448,0.00238978863077,2.38978863077,0.19436772893712528,67.9416937055,0.0,0.0,-67.9416937055,2000000.0,250.0,31,0,0,0.0,0.0,0.0,0.0,0.0,31,0,0,0.0,0.0,0.0,25.874609902508674,0.0,31,31,30,25593.4765625,-0.007236250443384051,0.00019972090376541018,-8.856116619426757e-05,8.856116619426757e-05,0.0,0.0,0.0,0.0,0.0,0.0,0,0.0653872955326201,0.0653872955326201,0.0251
0.45,0.22545,0.00259018550152,2.59018550152,0.20568768278942384,73.0157719584,0.0,0.0,-73.0157719584,2000000.0,250.0,31,0,0,0.0,0.0,0.0,0.0,0.0,31,0,0,0.0,0.0,0.0,25.875193534999795,0.0,31,31,30,25593.662109375,-0.0072363323997706175,0.00019970225548604503,-8.874524792190641e-05,8.874524792190641e-05,0.0,0.0,0.0,0.0,0.0,0.0,0,0.0651868986618701,0.0651868986618701,0.0251
0.452,0.226452,0.00280198674708,2.80198674708,0.21711167792415398,78.5408481791,0.0,0.0,-78.5408481791,2000000.0,250.0,31,0,0,0.0,0.0,0.0,0.0,0.0,31,0,0,0.0,0.0,0.0,25.875815899282127,0.0,31,31,30,25594.53515625,-0.007236420176923275,0.0001996816718019545,-8.886666182661429e-05,8.886666182661429e-05,0.0,0.0,0.0,0.0,0.0,0.0,0,0.06497509741631009,0.06497509741631009,0.0251
0.454,0.227454,0.00302527730408,3.0252773040800003,0.22859198083333254,84.5742282125,0.0,0.0,-84.5742282125,2000000.0,250.0,31,0,0,0.0,0.0,0.0,0.0,0.0,31,0,0,0.0,0.0,0.0,25.876439459567045,0.0,31,31,30,25810.646484375,-0.0072365086525678635,0.00019966162653872743,-8.886364958016202e-05,8.886364958016202e-05,0.0,0.0,0.0,0.0,0.0,0.0,0,0.06475180685931009,0.06475180685931009,0.0251
0.456,0.228456,0.00326008507667,3.26008507667,0.2400712662025939,91.1180621002,0.0,0.0,-91.1180621002,2000000.0,250.0,31,0,0,0.0,0.0,0.0,0.0,0.0,31,0,0,0.0,0.0,0.0,25.877067053025595,0.0,31,31,30,25593.61328125,-0.007236596429720521,0.00019964182138210163,-8.827284909784794e-05,8.827284909784794e-05,0.0,0.0,0.0,0.0,0.0,0.0,0,0.0645169990867201,0.0645169990867201,0.0251
0.458,0.229458,0.00350638012155,3.50638012155,0.2514954421207578,98.1749688155,0.0,0.0,-98.1749688155,2000000.0,250.0,31,0,0,0.0,0.0,0.0,0.0,0.0,31,0,0,0.0,0.0,0.0,25.877638426704475,0.0,31,31,30,25593.63671875,-0.007236676989123225,0.00019962358055636287,-8.790206629782915e-05,8.790206629782915e-05,0.0,0.0,0.0,0.0,0.0,0.0,0,0.0642707040418401,0.0642707040418401,0.0251
0.46,0.23046,0.00376408194268,3.76408194268,0.26281541381736484,105.732162976,0.0,0.0,-105.732162976,2000000.0,250.0,31,0,0,0.0,0.0,0.0,0.0,0.0,31,0,0,0.0,0.0,0.0,25.87825149242332,0.0,31,31,30,25593.671875,-0.0072367636021226645,0.00019960367353633046,-8.827701094560325e-05,8.827701094560325e-05,0.0,0.0,0.0,0.0,0.0,0.0,0,0.06401300222071009,0.06401300222071009,0.0251
0.462,0.231462,0.00403306221084,4.033062210840001,0.27398823532435057,113.714858593,0.0,0.0,-113.714858593,2000000.0,250.0,31,0,0,0.0,0.0,0.0,0.0,0.0,31,0,0,0.0,0.0,0.0,25.878832916299814,0.0,31,31,30,25593.87109375,-0.007236845558509231,0.00019958498887717724,-8.856334898155183e-05,8.856334898155183e-05,0.0,0.0,0.0,0.0,0.0,0.0,0,0.06374402195255009,0.06374402195255009,0.0251
0.464,0.232464,0.00431315436627,4.31315436627,0.28498557671656544,122.048339437,0.0,0.0,-122.048339437,2000000.0,250.0,38,7,0,140000.0,4.28195876694612e-05,0.000978356231123037,0.0,0.0,38,7,0,140000.0,4.28195876694612e-05,0.000978356231123037,25.879456521699122,0.0,38,31,30,25594.73828125,-0.0072369331028312445,0.00019956494361395016,-8.875082858139649e-05,8.875082858139649e-05,0.0,0.0,0.0,0.0,0.0,0.0,0,0.0634639297971201,0.0634639297971201,0.0251
0.466,0.233466,0.00460417330658,4.60417330658,0.2958146119211569,130.683982127,0.010311515512306541,0.010311515512306541,-130.6736706114877,2000000.0,250.0,42,11,8,60039.13671875,-0.00041605454711411997,0.0006608078712106447,0.010311515512306541,0.0,42,11,8,60039.13671875,-0.00041605454711411997,0.0006608078712106447,25.87995719024421,0.0,42,31,30,25593.765625,-0.007237004581838846,0.00019954980962211266,-7.165616261772811e-05,7.165616261772811e-05,0.0,0.0,0.0,0.0,0.0,0.0,0,0.0631729108568101,0.0631729108568101,0.0251
0.468,0.234468,0.00490596684856,4.90596684856,0.306539961671656,139.614601681,0.06223924641840706,0.06223924641840706,-139.5523624345816,2000000.0,250.0,49,19,18,20118.59765625,-0.0008286483258366367,0.00030744752860225114,0.06223924641840706,0.0,49,19,18,20118.59765625,-0.0008286483258366367,0.00030744752860225114,25.880298642158166,0.0,49,30,29,25536.13671875,-0.007237051147967577,0.00019954232266172767,-3.4744953154586256e-05,3.4744953154586256e-05,0.0,0.0,0.0,0.0,0.0,0.0,0,0.0628711173148301,0.0628711173148301,0.0251
0.47,0.23547,0.00521847938977,5.21847938977,0.3172630592814403,148.725659921,0.12064197437948102,0.12064197437948102,-148.6050179466205,2000000.0,250.0,52,21,20,20192.166015625,-0.001020651393474209,0.0002849101493476809,0.12064197437948102,0.0,52,21,20,20192.166015625,-0.001020651393474209,0.0002849101493476809,25.880326649704596,0.0,52,31,30,25593.794921875,-0.007237054407596588,0.00019954478921135888,1.6515623428858817e-06,1.6515623428858817e-06,0.0,0.0,0.0,0.0,0.0,0.0,0,0.06255860477362009,0.06255860477362009,0.0251
0.472,0.236472,0.00554176201936,5.54176201936,0.32808195461078205,157.894375034,0.20514736790938878,0.20514736790938878,-157.68922766609063,2000000.0,250.0,53,22,20,40253.90625,-0.0012581144276163254,0.00014506233434296288,0.20514736790938878,0.0,53,22,20,40253.90625,-0.0012581144276163254,0.00014506233434296288,25.880012712237228,0.0,53,31,30,25810.8359375,-0.007237008074298501,0.00019955792231485248,2.835649866028689e-05,2.835649866028689e-05,0.0,0.0,0.0,0.0,0.0,0.0,0,0.062235322144030096,0.062235322144030096,0.0251
0.474,0.237474,0.00587595562681,5.87595562681,0.3390562096207579,167.452704501,0.3138297862146742,0.3138297862146742,-167.13887471478532,2000000.0,250.0,55,25,23,40332.640625,-0.0014826624499498994,0.0003892388297590532,0.3138297862146742,0.0,55,25,23,40332.640625,-0.0014826624499498994,0.0003892388297590532,25.8795282295779,0.0,55,30,29,25536.09765625,-0.007236940320581198,0.0001995750135392882,4.856326268054545e-05,4.856326268054545e-05,0.0,0.0,0.0,0.0,0.0,0.0,0,0.06190112853658009,0.06190112853658009,0.0251
0.476,0.238476,0.00622123066344,6.22123066344,0.35013967618762365,177.676602027,0.46902852874138257,0.46902852874138257,-177.20757349825863,2000000.0,250.0,58,27,25,40433.81640625,-0.0017609072254198728,0.0003892388297590532,0.46902852874138257,0.0,58,27,25,40433.81640625,-0.0017609072254198728,0.0003892388297590532,25.878875833397615,0.0,58,31,30,25593.875,-0.00723684998229146,0.0001995969214476645,6.474139081547037e-05,6.474139081547037e-05,0.0,0.0,0.0,0.0,0.0,0.0,0,0.061555853499950096,0.061555853499950096,0.0251
0.478,0.239478,0.00657763553789,6.57763553789,0.3611665662375234,188.464788672,0.6889324171656412,0.6889324171656412,-187.77585625483437,2000000.0,250.0,57,26,25,20548.158203125,-0.002064699794074254,0.0003892388297590532,0.6889324171656412,0.0,57,26,25,20548.158203125,-0.002064699794074254,0.0003892388297590532,25.87814952914909,0.0,57,31,30,25593.671875,-0.0072367454413324594,0.00019962183432653546,7.612605986651033e-05,7.612605986651033e-05,0.0,0.0,0.0,0.0,0.0,0.0,0,0.06119944862550009,0.06119944862550009,0.0251
0.48,0.24048,0.00694500846218,6.94500846218,0.3719485179640709,199.791652818,1.0202291940084731,1.0202291940084731,-198.77142362399152,2000000.0,250.0,63,32,29,60748.5078125,-0.0025585648411606127,0.0012161884506014797,1.0202291940084731,0.0,63,32,29,60748.5078125,-0.0025585648411606127,0.0012161884506014797,25.87724584667537,0.0,63,31,30,25593.623046875,-0.007236619014292955,0.00019965190585935488,8.912685007089749e-05,8.912685007089749e-05,0.0,0.0,0.0,0.0,0.0,0.0,0,0.060832075701210096,0.060832075701210096,0.0251
0.482,0.241482,0.00732302036789,7.32302036789,0.38234525132734465,211.590952541,1.5347916682370526,1.5347916682370526,-210.05616087276294,2000000.0,250.0,65,34,32,40943.515625,-0.003159414842137942,0.0003892388297590532,1.5347916682370526,0.0,65,34,32,40943.515625,-0.003159414842137942,0.0003892388297590532,25.87622603097718,0.0,65,31,30,25593.73046875,-0.007236473029479384,0.00019968646665802225,0.00010374592238804325,0.00010374592238804325,0.0,0.0,0.0,0.0,0.0,0.0,0,0.06045406379550009,0.06045406379550009,0.0251
0.484,0.242484,0.00771122834584,7.71122834584,0.392251400518961,223.590137731,2.2220139075547234,2.2220139075547234,-221.36812382344527,2000000.0,250.0,76,45,43,41320.78125,-0.0033536817342370573,0.0003892388297590532,2.2220139075547234,0.0,76,45,43,41320.78125,-0.0033536817342370573,0.0003892388297590532,25.875164344348008,0.0,76,31,30,25593.51171875,-0.007236325182020664,0.0001997208091779612,0.00010984682739945129,0.00010984682739945129,0.0,0.0,0.0,0.0,0.0,0.0,0,0.06006585581755009,0.06006585581755009,0.0251
0.486,0.243486,0.00810909217453,8.10909217453,0.4015803552993997,236.433109225,3.25106889978861,3.25106889978861,-233.1820403252114,2000000.0,250.0,75,44,44,1712.858642578125,-0.0036403637535741534,-5.167852031592868e-05,3.25106889978861,0.0,75,44,44,1712.858642578125,-0.0036403637535741534,-5.167852031592868e-05,25.87409368641543,0.0,75,31,30,25594.4453125,-0.0072361743077635765,0.00019975373288616538,9.269489964935929e-05,9.269489964935929e-05,0.0,0.0,0.0,0.0,0.0,0.0,0,0.059667991988860095,0.059667991988860095,0.0251
0.488,0.244488,0.00851599537786,8.515995377860001,0.4102773690469048,250.771173924,4.342786248099634,4.342786248099634,-246.42838767590038,2000000.0,250.0,78,47,46,22057.357421875,-0.0039344169470896875,0.00027385044256562804,4.342786248099634,0.0,78,47,46,22057.357421875,-0.0039344169470896875,0.00027385044256562804,25.873248052039813,0.0,78,31,30,25593.56640625,-0.00723605090752244,0.0001997807776206173,8.040834654821083e-05,8.040834654821083e-05,0.0,0.0,0.0,0.0,0.0,0.0,0,0.059261088785530096,0.059261088785530096,0.0251
0.49,0.24549,0.0089312880221,8.9312880221,0.41831889121756927,265.980184922,5.46680143622083,5.46680143622083,-260.5133834857792,2000000.0,250.0,83,52,50,42345.9609375,-0.004287783440591525,0.0001270215053991372,5.46680143622083,0.0,83,52,50,42345.9609375,-0.004287783440591525,0.0001270215053991372,25.872468665458037,0.0,83,31,30,25593.357421875,-0.007235942175611854,0.00019980472279712558,7.24596029613167e-05,7.24596029613167e-05,0.0,0.0,0.0,0.0,0.0,0.0,0,0.058845796141290097,0.058845796141290097,0.0251
0.492,0.246492,0.00935430643586,9.35430643586,0.4256846685778495,281.243849066,6.714277387029039,6.714277387029039,-274.52957167897097,2000000.0,250.0,79,48,48,2576.11865234375,-0.004842113503406041,-0.0003836259175153747,6.714277387029039,0.0,79,48,48,2576.11865234375,-0.004842113503406041,-0.0003836259175153747,25.871748696228313,0.0,79,31,30,25593.328125,-0.0072358399629592896,0.00019982780941063538,7.000188634265214e-05,7.000188634265214e-05,0.0,0.0,0.0,0.0,0.0,0.0,0,0.058422777727530094,0.058422777727530094,0.0251
0.494,0.247494,0.00978436009793,9.78436009793,0.4323467345009968,296.487703078,8.184171877877214,8.184171877877214,-288.3035312001228,2000000.0,250.0,82,51,51,2899.82958984375,-0.005515473166022793,-0.000548027163624426,8.184171877877214,0.0,82,51,51,2899.82958984375,-0.005515473166022793,-0.000548027163624426,25.871027018677445,0.0,82,31,30,25593.2890625,-0.007235738215968013,0.00019985045219073072,6.605074304388836e-05,6.605074304388836e-05,0.0,0.0,0.0,0.0,0.0,0.0,0,0.05799272406546009,0.05799272406546009,0.0251
0.496,0.248496,0.0102207292918,10.2207292918,0.4382793974900192,312.090917143,9.441653546751528,9.441653546751528,-302.6492635962485,2000000.0,250.0,80,49,49,2979.552490234375,-0.005701863019259824,-0.0005495916814954802,9.441653546751528,0.0,80,49,49,2979.552490234375,-0.005701863019259824,-0.0005495916814954802,25.870334547263724,0.0,80,31,30,25594.244140625,-0.007235643221065402,0.0001998718362301588,6.174090958666056e-05,6.174090958666056e-05,0.0,0.0,0.0,0.0,0.0,0.0,0,0.057556354871590096,0.057556354871590096,0.0251
0.498,0.249498,0.0106626720105,10.6626720105,0.44347684665668474,328.233401765,10.657431164826086,10.657431164826086,-317.5759706001739,2000000.0,250.0,86,55,55,3172.69775390625,-0.006028234506320687,-0.0005681895153391986,10.657431164826086,0.0,86,55,55,3172.69775390625,-0.006028234506320687,-0.0005681895153391986,25.869725070150952,0.0,86,31,30,25593.208984375,-0.0072355561424046755,0.00019989141583209857,5.779319326393306e-05,5.779319326393306e-05,0.0,0.0,0.0,0.0,0.0,0.0,0,0.05711441215289009,0.05711441215289009,0.0251
0.5,0.2505,0.0111094568925,11.109456892499999,0.44796517654690504,345.141631377,11.867020546828716,11.867020546828716,-333.2746108301713,2000000.0,250.0,91,60,60,3249.0107421875,-0.006366784252113122,-0.0004352465341363433,11.867020546828716,0.0,91,60,60,3249.0107421875,-0.006366784252113122,-0.0004352465341363433,25.869150816222437,0.0,91,31,30,25593.173828125,-0.007235475350171328,0.0001999096930376254,5.757258622907102e-05,5.757258622907102e-05,0.0,0.0,0.0,0.0,0.0,0.0,0,0.05666762727089009,0.05666762727089009,0.0251
0.502,0.251502,0.0115603942243,11.5603942243,0.4517626959580827,362.639706947,13.12712490770102,13.12712490770102,-349.51258203929893,2000000.0,250.0,90,59,59,3346.352783203125,-0.006826818390642114,-0.0005020399612834978,13.12712490770102,0.0,90,59,59,3346.352783203125,-0.006826818390642114,-0.0005020399612834978,25.868570029521173,0.0,90,31,30,25593.298828125,-0.007235395256429911,0.00019992797024315223,5.814193355035968e-05,5.814193355035968e-05,0.0,0.0,0.0,0.0,0.0,0.0,0,0.0562166899390901,0.0562166899390901,0.0251
0.504,0.252504,0.0120147893352,12.0147893352,0.4548566423153675,380.46171244,14.638551155839393,14.638551155839393,-365.8231612841606,2000000.0,250.0,90,59,59,3667.04150390625,-0.007756266324779437,-0.0005020399612834317,14.638551155839393,0.0,90,59,59,3667.04150390625,-0.007756266324779437,-0.0005020399612834317,25.867976811655613,0.0,90,31,30,25810.244140625,-0.007235306315124035,0.00019994849571958184,6.156883318908513e-05,6.156883318908513e-05,0.0,0.0,0.0,0.0,0.0,0.0,0,0.0557622948281901,0.0557622948281901,0.0251
0.506,0.253506,0.0124719269355,12.471926935499999,0.4572541936626733,398.796755708,16.020607673109208,16.020607673109208,-382.77614803489075,2000000.0,250.0,89,58,58,3723.57421875,-0.00784641710348052,-0.0005020399768979496,16.020607673109208,0.0,89,58,58,3723.57421875,-0.00784641710348052,-0.0005020399768979496,25.867384389879945,0.0,89,31,30,25810.208984375,-0.007235226919874549,0.00019996628543594852,5.599473661277443e-05,5.599473661277443e-05,0.0,0.0,0.0,0.0,0.0,0.0,0,0.055305157227890096,0.055305157227890096,0.0251
0.508,0.254508,0.0129311267393,12.931126739300002,0.4589542312874233,418.028302676,17.30262096863549,17.30262096863549,-400.7256817073645,2000000.0,250.0,88,57,57,3777.057373046875,-0.008180863848859292,-0.0012168279532906888,17.30262096863549,0.0,88,57,57,3777.057373046875,-0.008180863848859292,-0.0012168279532906888,25.866827055692653,0.0,88,31,30,25593.056640625,-0.007235146360471845,0.00019998415518784896,5.4050880862632766e-05,5.4050880862632766e-05,0.0,0.0,0.0,0.0,0.0,0.0,0,0.0548459574240901,0.0548459574240901,0.0251
0.51,0.25551,0.013391671215,13.391671214999999,0.45981522499999894,438.486757037,18.553918058127245,18.553918058127245,-419.9328389788728,2000000.0,250.0,99,68,68,3901.41162109375,-0.008502402980591552,-0.0012902205621041316,18.553918058127245,0.0,99,68,68,3901.41162109375,-0.008502402980591552,-0.0012902205621041316,25.866292986800456,0.0,99,31,30,25594.025390625,-0.007235072320327163,0.00020000179210910574,6.151243724161759e-05,6.151243724161759e-05,0.0,0.0,0.0,0.0,0.0,0.0,0,0.0543854129483901,0.0543854129483901,0.0251
0.512,0.256512,0.0138525964502,13.8525964502,0.4595776670658669,460.432630176,19.818412972438797,19.818412972438797,-440.61421720356117,2000000.0,250.0,97,66,66,3956.634033203125,-0.00889856552263163,-0.0012902201119415228,19.818412972438797,0.0,97,66,66,3956.634033203125,-0.00889856552263163,-0.0012902201119415228,25.865645971004216,0.0,97,31,30,25592.98828125,-0.007234978023916483,0.00020002391102025285,6.818186375312507e-05,6.818186375312507e-05,0.0,0.0,0.0,0.0,0.0,0.0,0,0.0539244877131901,0.0539244877131901,0.0251
0.514,0.257514,0.0143126648598,14.3126648598,0.4580771078343293,483.137330163,21.255590648155916,21.255590648155916,-461.88173951484407,2000000.0,250.0,94,63,63,4135.97265625,-0.009642900214236888,-0.001290218785365931,21.255590648155916,0.0,94,63,63,4135.97265625,-0.009642900214236888,-0.001290218785365931,25.864988865796807,0.0,94,31,30,25593.107421875,-0.00723488605581224,0.00020004591351607814,7.732441008556634e-05,7.732441008556634e-05,0.0,0.0,0.0,0.0,0.0,0.0,0,0.0534644193035901,0.0534644193035901,0.0251
0.516,0.258516,0.0147705829743,14.7705829743,0.4553780286427136,505.660446718,22.719235215077646,22.719235215077646,-482.94121150292233,2000000.0,250.0,98,67,67,4204.85205078125,-0.0097929068383477,-0.001290218769471934,22.719235215077646,0.0,98,67,67,4204.85205078125,-0.0097929068383477,-0.001290218769471934,25.864276657702845,0.0,98,31,30,25593.9140625,-0.0072347859386354685,0.00020006795966764912,6.957243022043258e-05,6.957243022043258e-05,0.0,0.0,0.0,0.0,0.0,0.0,0,0.053006501189090095,0.053006501189090095,0.0251
0.518,0.259518,0.0152252424292,15.2252424292,0.4517074722055989,528.151451513,23.998030815894907,23.998030815894907,-504.15342069710505,2000000.0,250.0,100,69,69,4244.88232421875,-0.010092446177113367,-0.002405791462008512,23.998030815894907,0.0,100,69,69,4244.88232421875,-0.010092446177113367,-0.002405791462008512,25.863590004562386,0.0,100,31,30,25810.013671875,-0.007234690943732858,0.00020008887076983228,6.245145777938887e-05,6.245145777938887e-05,0.0,0.0,0.0,0.0,0.0,0.0,0,0.05255184173419009,0.05255184173419009,0.0251
0.52,0.26052,0.0156758047486,15.6758047486,0.44726768932136896,551.284375611,25.218884688423863,25.218884688423863,-526.0654909225761,2000000.0,250.0,101,71,71,4322.185546875,-0.010492047846818287,-0.002827235527708039,25.218884688423863,0.0,101,71,71,4322.185546875,-0.010492047846818287,-0.002827235527708039,25.86305249771867,0.0,101,30,29,25535.1953125,-0.007234608754515648,0.0002001086832024157,7.198890671133995e-05,7.198890671133995e-05,0.0,0.0,0.0,0.0,0.0,0.0,0,0.05210127941479009,0.05210127941479009,0.0251
0.522,0.261522,0.0161215668786,16.1215668786,0.4421060665668648,575.537170113,26.423499295005822,26.423499295005822,-549.1136708179941,2000000.0,250.0,104,74,74,4419.65380859375,-0.010888621104246356,-0.0028272361354368756,26.423499295005822,0.0,104,74,74,4419.65380859375,-0.010888621104246356,-0.0028272361354368756,25.862264286003942,0.0,104,30,29,25535.150390625,-0.007234499091282487,0.00020013536413898692,9.02471219887957e-05,9.02471219887957e-05,0.0,0.0,0.0,0.0,0.0,0.0,0,0.05165551728479009,0.05165551728479009,0.0251
0.524,0.262524,0.016561785306,16.561785305999997,0.43613667105788423,600.775799212,27.702652383531955,27.702652383531955,-573.0731468284681,2000000.0,250.0,102,71,71,4457.578125,-0.011343181043811837,-0.0028272362291113713,27.702652383531955,0.0,102,71,71,4457.578125,-0.011343181043811837,-0.0028272362291113713,25.861294953948644,0.0,102,31,30,25592.748046875,-0.007234363351017237,0.0002001686953008175,0.00011529768380569294,0.00011529768380569294,0.0,0.0,0.0,0.0,0.0,0.0,0,0.051215298857390096,0.051215298857390096,0.0251
0.526,0.263526,0.0169955847674,16.9955847674,0.4292341303892204,626.889339233,29.162661682092835,29.162661682092835,-597.7266775509072,2000000.0,250.0,106,76,76,4765.451171875,-0.011793358963805012,-0.002827236196344856,29.162661682092835,0.0,106,76,76,4765.451171875,-0.011793358963805012,-0.002827236196344856,25.860211438705576,0.0,106,30,29,25535.029296875,-0.0072342087514698505,0.0002002044566324912,0.00011989488848485053,0.00011989488848485053,0.0,0.0,0.0,0.0,0.0,0.0,0,0.050781499395990096,0.050781499395990096,0.0251
0.528,0.264528,0.0174219705033,17.421970503300003,0.421312654191615,653.97154415,30.388689888361426,30.388689888361426,-623.5828542616385,2000000.0,250.0,105,74,74,4886.158203125,-0.012119387109138041,-0.0028272362291113795,30.388689888361426,0.0,105,74,74,4886.158203125,-0.012119387109138041,-0.0028272362291113795,25.859104881426674,0.0,105,31,30,25592.6328125,-0.007234055316075683,0.0002002387773245573,0.00011458689550636336,0.00011458689550636336,0.0,0.0,0.0,0.0,0.0,0.0,0,0.050355113660090094,0.050355113660090094,0.0251
0.53,0.26553,0.0178398953264,17.839895326399997,0.4123399345309373,682.04515336,31.53730527574316,31.53730527574316,-650.5078480842568,2000000.0,250.0,101,71,71,4950.91259765625,-0.012461880094567088,-0.002827235686628068,31.53730527574316,0.0,101,71,71,4950.91259765625,-0.012461880094567088,-0.002827235686628068,25.858028513446264,0.0,101,30,29,25534.9140625,-0.007233903044834733,0.00020027408754685894,0.00011876718053827062,0.00011876718053827062,0.0,0.0,0.0,0.0,0.0,0.0,0,0.049937188836990096,0.049937188836990096,0.0251
0.532,0.266532,0.0182482997321,18.2482997321,0.4023064417165667,711.012292822,32.64162533204897,32.64162533204897,-678.370667489951,2000000.0,250.0,112,81,81,4952.04150390625,-0.012811978590590004,-0.0028272357106684624,32.64162533204897,0.0,112,81,81,4952.04150390625,-0.012811978590590004,-0.0028272357106684624,25.856887054301342,0.0,112,31,30,25809.689453125,-0.007233739132061601,0.0002003122353926301,0.0001264470920432359,0.0001264470920432359,0.0,0.0,0.0,0.0,0.0,0.0,0,0.04952878443129009,0.04952878443129009,0.0251
0.534,0.267534,0.0186461174356,18.6461174356,0.39120314031935877,740.786719199,33.7279804016691,33.7279804016691,-707.0587387973309,2000000.0,250.0,108,77,77,5058.21435546875,-0.013171828881713123,-0.002827235800936972,33.7279804016691,0.0,108,77,77,5058.21435546875,-0.013171828881713123,-0.002827235800936972,25.85569570804912,0.0,108,31,30,25593.451171875,-0.007233570562675595,0.0002003510235226713,0.0001302831369685009,0.0001302831369685009,0.0,0.0,0.0,0.0,0.0,0.0,0,0.04913096672779009,0.04913096672779009,0.0251
0.536,0.268536,0.0190322708253,19.0322708253,0.37901344081836186,771.494903979,34.87612390641966,34.87612390641966,-736.6187800725803,2000000.0,250.0,105,74,74,5093.5234375,-0.013520216007848126,-0.0028272353309699246,34.87612390641966,0.0,105,74,74,5093.5234375,-0.013520216007848126,-0.0028272353309699246,25.854450126601012,0.0,105,31,30,25809.57421875,-0.007233392912894487,0.00020039320224896073,0.00014702914631925523,0.00014702914631925523,0.0,0.0,0.0,0.0,0.0,0.0,0,0.048744813338090096,0.048744813338090096,0.0251
0.538,0.269538,0.019405660371,19.405660371,0.36571116821357386,803.178720687,36.08383068521809,36.08383068521809,-767.0948900017819,2000000.0,250.0,110,79,79,5360.3583984375,-0.013832628398926308,-0.002827235330969926,36.08383068521809,0.0,110,79,79,5360.3583984375,-0.013832628398926308,-0.002827235330969926,25.853040795461393,0.0,110,31,30,25592.458984375,-0.007233194075524807,0.00020043885888298973,0.00015181201160885394,0.00015181201160885394,0.0,0.0,0.0,0.0,0.0,0.0,0,0.048371423792390095,0.048371423792390095,0.0251
0.54,0.27054,0.0197651560064,19.7651560064,0.3512783976546885,835.575189049,37.05623121781201,37.05623121781201,-798.5189578311879,2000000.0,250.0,106,76,76,5490.5615234375,-0.014093959732833505,-0.002827235709882495,37.05623121781201,0.0,106,76,76,5490.5615234375,-0.014093959732833505,-0.002827235709882495,25.851653428662175,0.0,106,30,29,25534.564453125,-0.007232997100800276,0.00020048354053869843,0.00014911290782038122,0.00014911290782038122,0.0,0.0,0.0,0.0,0.0,0.0,0,0.0480119281569901,0.0480119281569901,0.0251
0.542,0.271542,0.0201096222799,20.109622279899998,0.33573747250498975,868.227403091,37.95263853688217,37.95263853688217,-830.2747645541178,2000000.0,250.0,106,75,75,5537.2255859375,-0.01437211167674135,-0.003561332504681995,37.95263853688217,0.0,106,75,75,5537.2255859375,-0.01437211167674135,-0.003561332504681995,25.85030952004813,0.0,106,31,30,25592.3125,-0.007232807110995054,0.00020052673062309623,0.0001440637861378491,0.0001440637861378491,0.0,0.0,0.0,0.0,0.0,0.0,0,0.047667461883490095,0.047667461883490095,0.0251
0.544,0.272544,0.0204379739013,20.4379739013,0.3191392766966068,900.86410547,38.783336235704645,38.783336235704645,-862.0807692342954,2000000.0,250.0,108,78,78,5586.25048828125,-0.01466492740166778,-0.003561330850880408,38.783336235704645,0.0,108,78,78,5586.25048828125,-0.01466492740166778,-0.003561330850880408,25.848902719513067,0.0,108,30,29,25534.4140625,-0.007232608273625374,0.00020057326037203893,0.00015618234465364367,0.00015618234465364367,0.0,0.0,0.0,0.0,0.0,0.0,0,0.04733911026209009,0.04733911026209009,0.0251
0.546,0.273546,0.0207491773904,20.7491773904,0.30149563323353057,933.44264402,39.56606626359411,39.56606626359411,-893.8765777564058,2000000.0,250.0,112,82,82,5604.00244140625,-0.014965427679362778,-0.0035613272142871943,39.56606626359411,0.0,112,82,82,5604.00244140625,-0.014965427679362778,-0.0035613272142871943,25.84744398607878,0.0,112,30,29,25534.328125,-0.0072324033826589584,0.00020062001567566767,0.00015702527889516205,0.00015702527889516205,0.0,0.0,0.0,0.0,0.0,0.0,0,0.0470279067729901,0.0470279067729901,0.0251
0.548,0.274548,0.0210421711503,21.0421711503,0.2827591649700594,965.890935845,40.315349429148704,40.315349429148704,-925.5755864158513,2000000.0,250.0,113,83,83,5632.42333984375,-0.015248261169364022,-0.003561325731172483,40.315349429148704,0.0,113,83,83,5632.42333984375,-0.015248261169364022,-0.003561325731172483,25.846012859987265,0.0,113,30,29,25534.251953125,-0.007232198026031256,0.00020066693105036393,0.00015649248962290585,0.00015649248962290585,0.0,0.0,0.0,0.0,0.0,0.0,0,0.046734913013090094,0.046734913013090094,0.0251
0.55,0.27555,0.021315826757,21.315826757,0.2628951114770448,998.027300151,41.05328736264518,41.05328736264518,-956.9740127883548,2000000.0,250.0,110,80,80,5646.9072265625,-0.015512436869610598,-0.003561329085156556,41.05328736264518,0.0,110,80,80,5646.9072265625,-0.015512436869610598,-0.003561329085156556,25.844546056690657,0.0,110,30,29,25534.17578125,-0.007231991970911622,0.00020071505423402414,0.00016770978982094675,0.00016770978982094675,0.0,0.0,0.0,0.0,0.0,0.0,0,0.046461257406390094,0.046461257406390094,0.0251
0.552,0.276552,0.0215690129537,21.5690129537,0.2419257149700602,1029.46302362,41.689879036780276,41.689879036780276,-987.7731445832197,2000000.0,250.0,113,83,83,5807.4619140625,-0.015740324176357956,-0.0035613320979749116,41.689879036780276,0.0,113,83,83,5807.4619140625,-0.015740324176357956,-0.0035613320979749116,25.84291244980447,0.0,113,30,29,25534.08203125,-0.00723176309838891,0.00020076844521099702,0.00018098104919772595,0.00018098104919772595,0.0,0.0,0.0,0.0,0.0,0.0,0,0.046208071209690095,0.046208071209690095,0.0251
0.554,0.277554,0.0218006458898,21.800645889800002,0.2198756376746509,1059.69864196,41.971967023907055,41.971967023907055,-1017.726674936093,2000000.0,250.0,112,81,81,5856.16845703125,-0.01591434958545551,-0.0035613290851565695,41.971967023907055,0.0,112,81,81,5856.16845703125,-0.01591434958545551,-0.0035613290851565695,25.84135571736496,0.0,112,31,30,25592.671875,-0.007231537019833922,0.0002008195369853638,0.00017514050705358386,0.00017514050705358386,0.0,0.0,0.0,0.0,0.0,0.0,0,0.04597643827359009,0.04597643827359009,0.0251
0.556,0.278556,0.0220096437316,22.0096437316,0.19673540354291674,1088.34252415,42.16185608599878,42.16185608599878,-1046.180668064001,2000000.0,250.0,112,81,81,5882.75537109375,-0.016071337709673728,-0.003561329085156733,42.16185608599878,0.0,112,81,81,5882.75537109375,-0.016071337709673728,-0.003561329085156733,25.839679111283687,0.0,112,31,30,25591.576171875,-0.007231300929561257,0.0002008744268096052,0.00018573171109892428,0.00018573171109892428,0.0,0.0,0.0,0.0,0.0,0.0,0,0.045767440431790096,0.045767440431790096,0.0251
0.558,0.279558,0.0221949036385,22.1949036385,0.1725227454590872,1115.0146764,42.31466395971263,42.31466395971263,-1072.7000124402875,2000000.0,250.0,110,79,79,5926.8193359375,-0.0162298117482731,-0.0035613320979749523,42.31466395971263,0.0,110,79,79,5926.8193359375,-0.0162298117482731,-0.0035613320979749523,25.837966873575592,0.0,110,31,30,25591.638671875,-0.007231059717014432,0.00020092929480597377,0.0001835521834436804,0.0001835521834436804,0.0,0.0,0.0,0.0,0.0,0.0,0,0.04558218052489009,0.04558218052489009,0.0251
0.56,0.28056,0.0223553793135,22.3553793135,0.14734343158682606,1139.09387202,42.44469834267663,42.44469834267663,-1096.6491736773232,2000000.0,250.0,111,81,81,5904.97705078125,-0.01637571250372992,-0.0035613290851566376,42.44469834267663,0.0,111,81,81,5904.97705078125,-0.01637571250372992,-0.0035613290851566376,25.8362764197136,0.0,111,30,29,25533.712890625,-0.007230819668620825,0.00020098398817935959,0.00018075347179546952,0.00018075347179546952,0.0,0.0,0.0,0.0,0.0,0.0,0,0.045421704849890096,0.045421704849890096,0.0251
0.562,0.281562,0.0224901798754,22.490179875400003,0.12135512060878284,1159.85448962,42.54804767610459,42.54804767610459,-1117.3064419438956,2000000.0,250.0,110,79,79,5869.7236328125,-0.016498322290175255,-0.004724765000162088,42.54804767610459,0.0,110,79,79,5869.7236328125,-0.016498322290175255,-0.004724765000162088,25.834614993393174,0.0,110,31,30,25591.3046875,-0.00723058357834816,0.00020103864517295733,0.00018926738994196057,0.00018926738994196057,0.0,0.0,0.0,0.0,0.0,0.0,0,0.04528690428799009,0.04528690428799009,0.0251
0.564,0.282564,0.0225985749752,22.598574975200002,0.09469723902195426,1176.76035526,42.626524545208746,42.626524545208746,-1134.1338307147914,2000000.0,250.0,109,78,78,5904.361328125,-0.01659696833315046,-0.00472476515898767,42.626524545208746,0.0,109,78,78,5904.361328125,-0.01659696833315046,-0.00472476515898767,25.832849162932227,0.0,109,31,30,25808.513671875,-0.007230332819744945,0.00020109660545131192,0.00019802530005108565,0.00019802530005108565,0.0,0.0,0.0,0.0,0.0,0.0,0,0.045178509188190094,0.045178509188190094,0.0251
0.566,0.283566,0.0226799531424,22.679953142400002,0.06750153088822408,1189.40061272,42.68559557265634,42.68559557265634,-1146.7150171473436,2000000.0,250.0,108,77,77,5932.6083984375,-0.01667112824870286,-0.0051509157283559015,42.68559557265634,0.0,108,77,77,5932.6083984375,-0.01667112824870286,-0.0051509157283559015,25.830953673850388,0.0,108,31,30,25808.41796875,-0.0072300671599805355,0.0002011583055718802,0.00020828252309001982,0.00020828252309001982,0.0,0.0,0.0,0.0,0.0,0.0,0,0.0450971310209901,0.0450971310209901,0.0251
0.568,0.284568,0.0227338480431,22.7338480431,0.039944559331337004,1197.30283353,42.724854824042815,42.724854824042815,-1154.5779787059573,2000000.0,250.0,107,76,76,5946.70361328125,-0.016722165794447744,-0.004724769082721783,42.724854824042815,0.0,107,76,76,5946.70361328125,-0.016722165794447744,-0.004724769082721783,25.829018590413074,0.0,107,31,30,25592.0078125,-0.0072297896258533,0.00020122210116824135,0.00021109115914441645,0.00021109115914441645,0.0,0.0,0.0,0.0,0.0,0.0,0,0.0450432361202901,0.0450432361202901,0.0251
0.57,0.28557,0.0227600020393,22.760002039299998,0.01226382769461054,1199.95419345,42.74406019566535,42.74406019566535,-1157.2101332543348,2000000.0,250.0,112,77,77,5953.0537109375,-0.016747818884193147,-0.005150916749335305,42.74406019566535,0.0,112,77,77,5953.0537109375,-0.016747818884193147,-0.005150916749335305,25.827124421719947,0.0,112,31,30,25591.044921875,-0.00722952070645988,0.0002012836266658269,0.00021050790383014828,0.00021050790383014828,0.0,0.0,0.0,0.0,0.0,0.0,0,0.0450170821240901,0.0450170821240901,0.0251
0.572,0.286572,0.0227584247538,22.7584247538,-0.015271990868262364,1197.1372407,42.743053497157284,42.743053497157284,-1154.3941872028427,2000000.0,250.0,112,77,77,5954.5654296875,-0.01674647854733896,-0.004724769579744107,42.743053497157284,0.0,112,77,77,5954.5654296875,-0.01674647854733896,-0.004724769579744107,25.82518329025686,0.0,112,31,30,25808.13671875,-0.007229248061776161,0.00020134545775363222,0.00020852139277849346,0.00020852139277849346,0.0,0.0,0.0,0.0,0.0,0.0,0,0.045018659409590094,0.045018659409590094,0.0251
0.574,0.287574,0.0227293969696,22.7293969696,-0.042429830888224274,1189.17094559,42.72203440300138,42.72203440300138,-1146.4489111869987,2000000.0,250.0,106,76,76,5949.0654296875,-0.016718410723714543,-0.00515091675080288,42.72203440300138,0.0,106,76,76,5949.0654296875,-0.016718410723714543,-0.00515091675080288,25.823270445357718,0.0,106,30,29,25533.005859375,-0.007228977512568235,0.00020140735432505608,0.00020877266069874167,0.00020877266069874167,0.0,0.0,0.0,0.0,0.0,0.0,0,0.0450476871937901,0.0450476871937901,0.0251
0.576,0.288576,0.0226733953727,22.6733953727,-0.06904476896207612,1176.41503799,42.68157565689491,42.68157565689491,-1133.733462333105,2000000.0,250.0,108,77,77,5937.294921875,-0.0166660768960651,-0.0047247699620158335,42.68157565689491,0.0,108,77,77,5937.294921875,-0.0166660768960651,-0.0047247699620158335,25.82130145968652,0.0,108,31,30,25590.72265625,-0.007228699047118425,0.0002014715937548317,0.00021641829516738653,0.00021641829516738653,0.0,0.0,0.0,0.0,0.0,0.0,0,0.0451036887906901,0.0451036887906901,0.0251
0.578,0.289578,0.0225910312526,22.5910312526,-0.09498185319361241,1159.0477748,42.622056982707896,42.622056982707896,-1116.4257178172923,2000000.0,250.0,109,78,78,5905.9912109375,-0.01659138085752107,-0.004724770083874303,42.622056982707896,0.0,109,78,78,5905.9912109375,-0.01659138085752107,-0.004724770083874303,25.819363635174934,0.0,109,31,30,25591.4921875,-0.007228419417515397,0.00020153610967099667,0.00022171824821271002,0.00022171824821271002,0.0,0.0,0.0,0.0,0.0,0.0,0,0.045186052910790094,0.045186052910790094,0.0251
0.58,0.29058,0.0224830517389,22.483051738900002,-0.12010559945109733,1137.40926673,42.54421070626694,42.54421070626694,-1094.865056023733,2000000.0,250.0,110,79,79,5880.75048828125,-0.01649347451678545,-0.004724769308981502,42.54421070626694,0.0,110,79,79,5880.75048828125,-0.01649347451678545,-0.004724769308981502,25.81726913508177,0.0,110,31,30,25590.505859375,-0.007228125585243106,0.00020160359417786822,0.00022484862711280584,0.00022484862711280584,0.0,0.0,0.0,0.0,0.0,0.0,0,0.045294032424490094,0.045294032424490094,0.0251
0.582,0.291582,0.0223503396313,22.3503396313,-0.14429094940119747,1112.09482383,42.44239032233551,42.44239032233551,-1069.6524335076645,2000000.0,250.0,112,81,81,5906.646484375,-0.016373114560415375,-0.0035613269402784142,42.44239032233551,0.0,112,81,81,5906.646484375,-0.016373114560415375,-0.0035613269402784142,25.815200833653222,0.0,112,31,30,25807.64453125,-0.007227833149954677,0.00020166938338661566,0.00021835649386048317,0.00021835649386048317,0.0,0.0,0.0,0.0,0.0,0.0,0,0.0454267445320901,0.0454267445320901,0.0251
0.584,0.292584,0.0221938926763,22.1938926763,-0.16743550294411058,1083.8512761,42.315934407476405,42.315934407476405,-1041.5353416925236,2000000.0,250.0,110,79,79,5926.06201171875,-0.016231210179022813,-0.003561329085156842,42.315934407476405,0.0,110,79,79,5926.06201171875,-0.016231210179022813,-0.003561329085156842,25.813246682952162,0.0,110,31,30,25591.154296875,-0.007227558176964521,0.00020173153461655602,0.00020755603327415884,0.00020755603327415884,0.0,0.0,0.0,0.0,0.0,0.0,0,0.0455831914870901,0.0455831914870901,0.0251
0.586,0.293586,0.0220147988834,22.0147988834,-0.18944984635728446,1053.40388389,42.168600281283105,42.168600281283105,-1011.2352836087169,2000000.0,250.0,111,80,80,5886.61669921875,-0.016077399126207474,-0.003561329085156815,42.168600281283105,0.0,111,80,80,5886.61669921875,-0.016077399126207474,-0.003561329085156815,25.81140377779548,0.0,111,31,30,25591.05859375,-0.007227293914183974,0.00020179135026410222,0.00020346487872302532,0.00020346487872302532,0.0,0.0,0.0,0.0,0.0,0.0,0,0.04576228527999009,0.04576228527999009,0.0251
0.588,0.294588,0.0218142351842,21.8142351842,-0.21024884261477084,1021.19035919,41.988822465622796,41.988822465622796,-979.2015367243772,2000000.0,250.0,113,82,82,5843.81787109375,-0.015927016340009148,-0.0035613290851568284,41.988822465622796,0.0,113,82,82,5843.81787109375,-0.015927016340009148,-0.0035613290851568284,25.80948205770192,0.0,113,31,30,25590.08203125,-0.0072270226664841175,0.0002018535160459578,0.00020404468523338437,0.00020404468523338437,0.0,0.0,0.0,0.0,0.0,0.0,0,0.04596284897919009,0.04596284897919009,0.0251
0.59,0.29559,0.0215934602028,21.5934602028,-0.22977938193612601,987.458496323,41.73368446461116,41.73368446461116,-945.7248118583888,2000000.0,250.0,110,80,80,5808.73388671875,-0.015761416905928402,-0.003561332097975075,41.73368446461116,0.0,110,80,80,5808.73388671875,-0.015761416905928402,-0.003561332097975075,25.8076970128947,0.0,110,30,29,25532.146484375,-0.007226767251268029,0.00020191052317386493,0.00019009385141544044,0.00019009385141544044,0.0,0.0,0.0,0.0,0.0,0.0,0,0.046183623960590094,0.046183623960590094,0.0251
0.592,0.296592,0.0213537573028,21.353757302800002,-0.24802085763472803,952.711409231,41.17226718282571,41.17226718282571,-911.5391420481742,2000000.0,250.0,107,77,77,5648.68994140625,-0.015552897725962554,-0.003561332097975102,41.17226718282571,0.0,107,77,77,5648.68994140625,-0.015552897725962554,-0.003561332097975102,25.805942724436967,0.0,107,30,29,25532.05078125,-0.007226518355309963,0.0002019680105149746,0.00019611121388152242,0.00019611121388152242,0.0,0.0,0.0,0.0,0.0,0.0,0,0.04642332686059009,0.04642332686059009,0.0251
0.594,0.297594,0.0210964264041,21.0964264041,-0.26493049171657646,917.559545713,40.46925750130027,40.46925750130027,-877.0902882116998,2000000.0,250.0,113,82,82,5650.66845703125,-0.015304785255129218,-0.003561332216681649,40.46925750130027,0.0,113,82,82,5650.66845703125,-0.015304785255129218,-0.003561332216681649,25.804128073812105,0.0,113,31,30,25589.640625,-0.007226261775940657,0.0002020266474573873,0.00019719419651664793,0.00019719419651664793,0.0,0.0,0.0,0.0,0.0,0.0,0,0.04668065775929009,0.04668065775929009,0.0251
0.596,0.298596,0.0208228365974,20.8228365974,-0.2804507378742578,882.458657175,39.76361713594895,39.76361713594895,-842.695040039051,2000000.0,250.0,113,82,82,5604.16845703125,-0.015041006680958533,-0.003561328584120656,39.76361713594895,0.0,113,82,82,5604.16845703125,-0.015041006680958533,-0.003561328584120656,25.802383245135857,0.0,113,31,30,25807.017578125,-0.007226014276966453,0.00020208233036100864,0.00018586200894787908,0.00018586200894787908,0.0,0.0,0.0,0.0,0.0,0.0,0,0.04695424756599009,0.04695424756599009,0.0251
0.598,0.299598,0.0205344031254,20.5344031254,-0.2945766972554864,847.869212463,39.0412413664394,39.0412413664394,-808.8279710965606,2000000.0,250.0,111,80,80,5581.060546875,-0.014762814900892984,-0.003561329975165497,39.0412413664394,0.0,111,80,80,5581.060546875,-0.014762814900892984,-0.003561329975165497,25.80074489741076,0.0,111,31,30,25590.484375,-0.007225780980661511,0.00020213492825860158,0.00017907381698023528,0.00017907381698023528,0.0,0.0,0.0,0.0,0.0,0.0,0,0.04724268103799009,0.04724268103799009,0.0251
0.6,0.3006,0.0202325048961,20.2325048961,-0.30736124211576765,813.952009159,38.276103670774084,38.276103670774084,-775.6759054882259,2000000.0,250.0,106,76,76,5535.5126953125,-0.014484887440913342,-0.0035613293799224206,38.276103670774084,0.0,106,76,76,5535.5126953125,-0.014484887440913342,-0.0035613293799224206,25.799028728675,0.0,106,30,29,25531.66796875,-0.007225537905469537,0.00020219092402840033,0.0001862376811914146,0.0001862376811914146,0.0,0.0,0.0,0.0,0.0,0.0,0,0.047544579267290096,0.047544579267290096,0.0251
0.602,0.301602,0.0199184511962,19.9184511962,-0.318858085728543,780.710479682,37.47469189736689,37.47469189736689,-743.2357877846331,2000000.0,250.0,107,76,76,5518.87939453125,-0.014222206272339236,-0.002827235330969919,37.47469189736689,0.0,107,76,76,5518.87939453125,-0.014222206272339236,-0.002827235330969919,25.79738542134482,0.0,107,31,30,25589.4296875,-0.007225304841995239,0.00020224331092322245,0.00017782911891117692,0.00017782911891117692,0.0,0.0,0.0,0.0,0.0,0.0,0,0.04785863296719009,0.04785863296719009,0.0251
0.604,0.302604,0.0195935132923,19.5935132923,-0.32907895169660684,748.191312527,36.61688466322092,36.61688466322092,-711.5744278637791,2000000.0,250.0,109,78,78,5415.42822265625,-0.013961111177957203,-0.0028272353309699238,36.61688466322092,0.0,109,78,78,5415.42822265625,-0.013961111177957203,-0.0028272353309699238,25.795813357307388,0.0,109,31,30,25589.19921875,-0.007225078996270895,0.00020229395158821717,0.0001659128611208871,0.0001659128611208871,0.0,0.0,0.0,0.0,0.0,0.0,0,0.0481835708710901,0.0481835708710901,0.0251
0.606,0.303606,0.019258976977,19.258976977,-0.3380258586327347,716.539422271,35.66456647406463,35.66456647406463,-680.8748557969354,2000000.0,250.0,110,79,79,5339.54736328125,-0.013846317129828256,-0.0028272349522074558,35.66456647406463,0.0,110,79,79,5339.54736328125,-0.013846317129828256,-0.0028272349522074558,25.79425737005178,0.0,110,31,30,25590.134765625,-0.0072248580399900675,0.0002023453707806766,0.00017404188110958785,0.00017404188110958785,0.0,0.0,0.0,0.0,0.0,0.0,0,0.048518107186390096,0.048518107186390096,0.0251
0.608,0.304608,0.0189161094716,18.9161094716,-0.3457406579840292,686.04670564,34.535171080264476,34.535171080264476,-651.5115345597355,2000000.0,250.0,105,74,74,5067.36669921875,-0.013419803763558016,-0.002827235330969919,34.535171080264476,0.0,105,74,74,5067.36669921875,-0.013419803763558016,-0.002827235330969919,25.79262935787994,0.0,105,31,30,25589.16796875,-0.007224629865959287,0.00020239802688593045,0.00018174744036514312,0.00018174744036514312,0.0,0.0,0.0,0.0,0.0,0.0,0,0.0488609746917901,0.0488609746917901,0.0251
0.61,0.30561,0.0185661126984,18.5661126984,-0.35227398313373115,657.005434894,33.52310624720233,33.52310624720233,-623.4823286467977,2000000.0,250.0,108,77,77,5041.29052734375,-0.01310554557425166,-0.0028272364521315864,33.52310624720233,0.0,108,77,77,5041.29052734375,-0.01310554557425166,-0.0028272364521315864,25.7909586327567,0.0,108,31,30,25589.95703125,-0.007224389119073749,0.00020245288033038378,0.0001789764646673575,0.0001789764646673575,0.0,0.0,0.0,0.0,0.0,0.0,0,0.049210971464990094,0.049210971464990094,0.0251
0.612,0.306612,0.0182101524094,18.2101524094,-0.3576624732035931,629.620161102,32.558574393876704,32.558574393876704,-597.0615867081233,2000000.0,250.0,110,79,79,4953.59326171875,-0.012783794265870625,-0.002827235278723854,32.558574393876704,0.0,110,79,79,4953.59326171875,-0.012783794265870625,-0.002827235278723854,25.78937926301347,0.0,110,31,30,25589.869140625,-0.007224163040518761,0.0002025039866566658,0.00017208508506882936,0.00017208508506882936,0.0,0.0,0.0,0.0,0.0,0.0,0,0.049566931753990094,0.049566931753990094,0.0251
0.614,0.307614,0.0178493571021,17.849357102099997,-0.36198103438123574,603.752213318,31.58257331442342,31.58257331442342,-572.1696400035767,2000000.0,250.0,102,71,71,4957.451171875,-0.012475307511493582,-0.002827235978607803,31.58257331442342,0.0,102,71,71,4957.451171875,-0.012475307511493582,-0.002827235978607803,25.78777980898889,0.0,102,31,30,25589.779296875,-0.007223942084237933,0.0002025541034527123,0.0001702659938018769,0.0001702659938018769,0.0,0.0,0.0,0.0,0.0,0.0,0,0.049927727061290096,0.049927727061290096,0.0251
0.616,0.308616,0.0174847424165,17.484742416499998,-0.3653536433133713,579.023222165,30.586351363533947,30.586351363533947,-548.4368708014661,2000000.0,250.0,104,73,73,4881.44921875,-0.012179359778146291,-0.0028272362291112026,30.586351363533947,0.0,104,73,73,4881.44921875,-0.012179359778146291,-0.0028272362291112026,25.78627588082807,0.0,104,31,30,25588.671875,-0.007223725318908691,0.00020260233577573672,0.00015695214096922427,0.00015695214096922427,0.0,0.0,0.0,0.0,0.0,0.0,0,0.050292341746890096,0.050292341746890096,0.0251
0.618,0.309618,0.0171171884009,17.117188400899998,-0.3679009851297401,555.218343881,29.54864488493284,29.54864488493284,-525.6696989960672,2000000.0,250.0,106,75,75,4780.8564453125,-0.01186639571839481,-0.0028272361963447546,29.54864488493284,0.0,106,75,75,4780.8564453125,-0.01186639571839481,-0.0028272361963447546,25.78491606044982,0.0,106,31,30,25589.6328125,-0.0072235295083373785,0.0002026461297646165,0.00014332930732052773,0.00014332930732052773,0.0,0.0,0.0,0.0,0.0,0.0,0,0.050659895762490095,0.050659895762490095,0.0251
0.62,0.31062,0.0167474688423,16.747468842299998,-0.36969612050897993,532.444210107,28.36946282310547,28.36946282310547,-504.0747472838945,2000000.0,250.0,105,74,74,4670.58154296875,-0.011707698460414362,-0.00282723622911127,28.36946282310547,0.0,105,74,74,4670.58154296875,-0.011707698460414362,-0.00282723622911127,25.783585626321553,0.0,105,31,30,25589.5546875,-0.007223345804959536,0.00020268755179131404,0.0001400281471433118,0.0001400281471433118,0.0,0.0,0.0,0.0,0.0,0.0,0,0.0510296153210901,0.0510296153210901,0.0251
0.622,0.311622,0.0163763173754,16.3763173754,-0.37079693902195476,510.903043039,27.16646750357325,27.16646750357325,-483.73657553542677,2000000.0,250.0,104,73,73,4426.5146484375,-0.011147184250870008,-0.0028272361963447294,27.16646750357325,0.0,104,73,73,4426.5146484375,-0.011147184250870008,-0.0028272361963447294,25.782222802262723,0.0,104,31,30,25806.03125,-0.0072231481317430735,0.00020273417612770572,0.00015388941392302513,0.00015388941392302513,0.0,0.0,0.0,0.0,0.0,0.0,0,0.05140076678799009,0.05140076678799009,0.0251
0.624,0.312624,0.0160043917765,16.0043917765,-0.37133575379241446,490.462487537,26.125759510723835,26.125759510723835,-464.3367280262762,2000000.0,250.0,106,75,75,4391.59814453125,-0.0107885123808628,-0.0028272362211018234,26.125759510723835,0.0,106,75,75,4391.59814453125,-0.0107885123808628,-0.0028272362211018234,25.7807815502384,0.0,106,31,30,25805.96484375,-0.007222943007946014,0.00020278109150240198,0.00015473576786462218,0.00015473576786462218,0.0,0.0,0.0,0.0,0.0,0.0,0,0.0517726923868901,0.0517726923868901,0.0251
0.626,0.313626,0.0156321605248,15.632160524800002,-0.37149297524949976,470.931878897,25.123528491856444,25.123528491856444,-445.8083504051435,2000000.0,250.0,102,71,71,4307.99267578125,-0.010460217263554616,-0.0028272350146170714,25.123528491856444,0.0,102,71,71,4307.99267578125,-0.010460217263554616,-0.0028272350146170714,25.77931024754112,0.0,102,31,30,25805.88671875,-0.007222738582640886,0.00020282762125134468,0.00015232163423206657,0.00015232163423206657,0.0,0.0,0.0,0.0,0.0,0.0,0,0.05214492363859009,0.05214492363859009,0.0251
0.628,0.314628,0.0152599198541,15.2599198541,-0.3713536443612764,452.287670788,24.115491621004004,24.115491621004004,-428.172179166996,2000000.0,250.0,99,69,69,4259.21875,-0.010130134143875797,-0.0024057914620083144,24.115491621004004,0.0,99,69,69,4259.21875,-0.010130134143875797,-0.0024057914620083144,25.778007042948573,0.0,99,30,29,25530.525390625,-0.00722255022265017,0.00020286931976443157,0.00013870322436559945,0.00013870322436559945,0.0,0.0,0.0,0.0,0.0,0.0,0,0.0525171643092901,0.0525171643092901,0.0251
0.63,0.31563,0.0148879678215,14.8879678215,-0.37084050464071705,434.530594775,23.07739212107456,23.07739212107456,-411.4532026539254,2000000.0,250.0,96,65,65,4247.03515625,-0.009871233064842586,-0.0012902187694717084,23.07739212107456,0.0,96,65,65,4247.03515625,-0.009871233064842586,-0.0012902187694717084,25.776859665684253,0.0,96,31,30,25589.1953125,-0.007222389103844762,0.00020290410611778498,0.00011397767229937017,0.00011397767229937017,0.0,0.0,0.0,0.0,0.0,0.0,0,0.05288911634189009,0.05288911634189009,0.0251
0.632,0.316632,0.0145167554828,14.5167554828,-0.3698213021457084,417.464573574,21.9882863748653,21.9882863748653,-395.4762871991347,2000000.0,250.0,97,66,66,4176.88330078125,-0.0096358760747704,-0.0012902187853658308,21.9882863748653,0.0,97,66,66,4176.88330078125,-0.0096358760747704,-0.0012902187853658308,25.775873874283196,0.0,97,31,30,25588.26171875,-0.0072222440503537655,0.00020293574925744906,0.0001000025513349101,0.0001000025513349101,0.0,0.0,0.0,0.0,0.0,0.0,0,0.053260328680590094,0.053260328680590094,0.0251
0.634,0.317634,0.014146845932,14.146845932,-0.36823569890220575,400.807355642,20.72300120342063,20.72300120342063,-380.0843544385794,2000000.0,250.0,92,61,61,3971.50830078125,-0.009283524507278141,-0.001290218785365881,20.72300120342063,0.0,92,61,61,3971.50830078125,-0.009283524507278141,-0.001290218785365881,25.77484667408104,0.0,92,31,30,25588.17578125,-0.00722212134860456,0.00020296330330893397,9.402172872796655e-05,9.402172872796655e-05,0.0,0.0,0.0,0.0,0.0,0.0,0,0.0536302382313901,0.0536302382313901,0.0251
0.636,0.318636,0.0137788111422,13.7788111422,-0.36607593193613575,384.455960837,19.636424995089573,19.636424995089573,-364.81953584191047,2000000.0,250.0,100,69,69,3922.9501953125,-0.008833366830266628,-0.0012902183913147975,19.636424995089573,0.0,100,69,69,3922.9501953125,-0.008833366830266628,-0.0012902183913147975,25.773921630411447,0.0,100,31,30,25805.599609375,-0.007221989333629608,0.00020299376774346456,9.586689702700824e-05,9.586689702700824e-05,0.0,0.0,0.0,0.0,0.0,0.0,0,0.05399827302119009,0.05399827302119009,0.0251
0.638,0.319638,0.0134132297644,13.4132297644,-0.36333481721556815,368.616863329,18.637261595765324,18.637261595765324,-349.9796017332347,2000000.0,250.0,100,69,69,3857.602783203125,-0.008525086091148742,-0.0012902196565013125,18.637261595765324,0.0,100,69,69,3857.602783203125,-0.008525086091148742,-0.0012902196565013125,25.773050663525922,0.0,100,31,30,25805.5546875,-0.007221865700557828,0.00020302166376495734,9.389290789840743e-05,9.389290789840743e-05,0.0,0.0,0.0,0.0,0.0,0.0,0,0.054363854398990094,0.054363854398990094,0.0251
0.64,0.32064,0.0130506881685,13.0506881685,-0.3600710230039903,353.651537898,17.653729549051285,17.653729549051285,-335.99780834894875,2000000.0,250.0,90,60,60,3836.93408203125,-0.008266163577753165,-0.0012168268487001037,17.653729549051285,0.0,90,60,60,3836.93408203125,-0.008266163577753165,-0.0012168268487001037,25.772197395818203,0.0,90,30,29,25530.1875,-0.007221741368994117,0.00020304987992858514,8.964056905824691e-05,8.964056905824691e-05,0.0,0.0,0.0,0.0,0.0,0.0,0,0.0547263959948901,0.0547263959948901,0.0251
0.642,0.321642,0.0126916474343,12.6916474343,-0.35647468797405146,339.857954159,16.671443796567353,16.671443796567353,-323.1865103624326,2000000.0,250.0,86,55,55,3673.703369140625,-0.0080193381622734,-0.0005020399768979,16.671443796567353,0.0,86,55,55,3673.703369140625,-0.0080193381622734,-0.0005020399768979,25.77137879088917,0.0,86,31,30,25587.98828125,-0.007221627281978726,0.00020307500381022692,7.899635966168717e-05,7.899635966168717e-05,0.0,0.0,0.0,0.0,0.0,0.0,0,0.055085436729090095,0.055085436729090095,0.0251
0.644,0.322644,0.0123363128938,12.336312893799999,-0.35277675389221486,327.241288811,15.66244561557093,15.66244561557093,-311.5788431954291,2000000.0,250.0,91,60,60,3745.203125,-0.007824305146478309,-0.0005020399768979166,15.66244561557093,0.0,91,60,60,3745.203125,-0.007824305146478309,-0.0005020399768979166,25.770664823141136,0.0,91,31,30,25587.94921875,-0.007221524603664875,0.00020309764659032226,7.236914825625718e-05,7.236914825625718e-05,0.0,0.0,0.0,0.0,0.0,0.0,0,0.05544077126959009,0.05544077126959009,0.0251
0.646,0.323646,0.0119846828195,11.984682819500001,-0.34909439950099674,315.286636681,14.571669588002084,14.571669588002084,-300.71496709299794,2000000.0,250.0,90,59,59,3670.30419921875,-0.007752450790813117,-0.0005020399612834234,14.571669588002084,0.0,90,59,59,3670.30419921875,-0.007752450790813117,-0.0005020399612834234,25.76999081725411,0.0,90,31,30,25588.8046875,-0.007221429608762264,0.0002031186959357001,6.471072265412658e-05,6.471072265412658e-05,0.0,0.0,0.0,0.0,0.0,0.0,0,0.055792401343890095,0.055792401343890095,0.0251
0.648,0.324648,0.0116367277172,11.6367277172,-0.345386924051895,303.54495177,13.386346192636662,13.386346192636662,-290.15860557736335,2000000.0,250.0,89,58,58,3399.697021484375,-0.006945120490445933,-0.0005020399612834565,13.386346192636662,0.0,89,58,58,3399.697021484375,-0.006945120490445933,-0.0005020399612834565,25.769429263987924,0.0,89,31,30,25588.771484375,-0.007221348118036985,0.00020313740242272615,6.800151459174231e-05,6.800151459174231e-05,0.0,0.0,0.0,0.0,0.0,0.0,0,0.056140356446190094,0.056140356446190094,0.0251
0.65,0.32565,0.0112925274237,11.292527423700001,-0.34155807979041786,291.99512292,12.395847477328413,12.395847477328413,-279.59927544267157,2000000.0,250.0,95,64,64,3281.2275390625,-0.006539869959687791,-0.0004352473561115395,12.395847477328413,0.0,95,64,64,3281.2275390625,-0.006539869959687791,-0.0004352473561115395,25.768748410057025,0.0,95,31,30,25805.34765625,-0.007221253355965018,0.0002031590192927979,6.546459189848974e-05,6.546459189848974e-05,0.0,0.0,0.0,0.0,0.0,0.0,0,0.05648455673969009,0.05648455673969009,0.0251
0.652,0.326652,0.0109522453253,10.9522453253,-0.3375621546906178,280.71978956,11.47341519395406,11.47341519395406,-269.2463743660459,2000000.0,250.0,89,58,58,3186.3779296875,-0.006251515145176925,-0.0004352497624721595,11.47341519395406,0.0,89,58,58,3186.3779296875,-0.006251515145176925,-0.0004352497624721595,25.768149942142244,0.0,89,31,30,25588.708984375,-0.007221165345981717,0.00020317905728006735,6.535230932058766e-05,6.535230932058766e-05,0.0,0.0,0.0,0.0,0.0,0.0,0,0.05682483883809009,0.05682483883809009,0.0251
0.654,0.327654,0.0106160528657,10.6160528657,-0.3333760353792403,269.64208926,10.55943239631047,10.55943239631047,-259.0826568636895,2000000.0,250.0,87,56,56,3174.5107421875,-0.0060030278988734715,-0.0005978861188862012,10.55943239631047,0.0,87,56,56,3174.5107421875,-0.0060030278988734715,-0.0005978861188862012,25.767540371551974,0.0,87,31,30,25587.7890625,-0.0072210782673209906,0.00020319863688200712,6.212988955667242e-05,6.212988955667242e-05,0.0,0.0,0.0,0.0,0.0,0.0,0,0.057161031297690096,0.057161031297690096,0.0251
0.656,0.328656,0.0102841597504,10.2841597504,-0.32893190320359267,258.667571453,9.651493627171291,9.651493627171291,-249.0160778258287,2000000.0,250.0,79,48,48,3027.0771484375,-0.005766965488192315,-0.0005497519708250048,9.651493627171291,0.0,79,48,48,3027.0771484375,-0.005766965488192315,-0.0005497519708250048,25.76697461101533,0.0,79,31,30,25587.7578125,-0.007220998173579574,0.00020321671763667837,5.7516717788530514e-05,5.7516717788530514e-05,0.0,0.0,0.0,0.0,0.0,0.0,0,0.057492924412990094,0.057492924412990094,0.0251
0.658,0.329658,0.00995687333168,9.956873331679999,-0.32415008493512953,247.93486637,8.721859853804993,8.721859853804993,-239.213006516195,2000000.0,250.0,83,52,52,2942.449462890625,-0.005567264105614006,-0.0005490504166123789,8.721859853804993,0.0,83,52,52,2942.449462890625,-0.005567264105614006,-0.0005490504166123789,25.766389799477242,0.0,83,31,30,25587.71875,-0.0072209183126688,0.00020323495846241713,5.5546497605973855e-05,5.5546497605973855e-05,0.0,0.0,0.0,0.0,0.0,0.0,0,0.057820210831710094,0.057820210831710094,0.0251
0.66,0.33066,0.00963456298019,9.63456298019,-0.3190072643962063,237.666028227,7.742776801847012,7.742776801847012,-229.92325142515298,2000000.0,250.0,77,47,47,2816.12939453125,-0.005460439800551997,-0.0005453168802209141,7.742776801847012,0.0,77,47,47,2816.12939453125,-0.005460439800551997,-0.0005453168802209141,25.76587381616766,0.0,77,30,29,25529.841796875,-0.007220844039693475,0.00020325162768131122,5.3267605835571885e-05,5.3267605835571885e-05,0.0,0.0,0.0,0.0,0.0,0.0,0,0.0581425211832001,0.0581425211832001,0.0251
0.662,0.331662,0.00931758277383,9.317582773829999,-0.31354024679640524,227.973451223,6.633164338593152,6.633164338593152,-221.34028688440685,2000000.0,250.0,78,48,48,2568.88720703125,-0.004797994555685093,-0.0003597848228149708,6.633164338593152,0.0,78,48,48,2568.88720703125,-0.004797994555685093,-0.0003597848228149708,25.76529169360387,0.0,78,30,29,25529.8125,-0.007220757659524679,0.00020327184029156342,5.8803856518352404e-05,5.8803856518352404e-05,0.0,0.0,0.0,0.0,0.0,0.0,0,0.058459501389560097,0.058459501389560097,0.0251
0.664,0.332664,0.00900622832561,9.006228325610001,-0.3077910506986017,218.775235324,5.708631880922496,5.708631880922496,-213.0666034430775,2000000.0,250.0,81,51,50,22397.962890625,-0.0043784468880368604,6.568962070438444e-05,5.708631880922496,0.0,81,51,50,22397.962890625,-0.0043784468880368604,6.568962070438444e-05,25.764724085939694,0.0,81,30,29,25529.775390625,-0.007220676634460688,0.00020329011749709025,5.808803689433262e-05,5.808803689433262e-05,0.0,0.0,0.0,0.0,0.0,0.0,0,0.05877085583778009,0.05877085583778009,0.0251
0.666,0.333666,0.00870076950823,8.70076950823,-0.30179583551896183,209.943079088,4.865866409894407,4.865866409894407,-205.07721267810558,2000000.0,250.0,78,47,45,42195.6484375,-0.004087145501538554,0.00023501591090880486,4.865866409894407,0.0,78,47,45,42195.6484375,-0.004087145501538554,0.00023501591090880486,25.76413148075727,0.0,78,31,30,25805.123046875,-0.007220596307888627,0.00020330843835836276,5.538599725696258e-05,5.538599725696258e-05,0.0,0.0,0.0,0.0,0.0,0.0,0,0.0590763146551601,0.0590763146551601,0.0251
0.668,0.334668,0.00840142947123,8.40142947123,-0.29562761599301357,201.45983143,4.064048863371992,4.064048863371992,-197.39578256662801,2000000.0,250.0,76,45,44,21999.740234375,-0.0038552108224312043,0.0002741909812708912,4.064048863371992,0.0,76,45,44,21999.740234375,-0.0038552108224312043,0.0002741909812708912,25.76363140262111,0.0,76,31,30,25587.423828125,-0.007220522267743945,0.00020332510030129924,5.193736433284357e-05,5.193736433284357e-05,0.0,0.0,0.0,0.0,0.0,0.0,0,0.05937565469216009,0.05937565469216009,0.0251
0.67,0.33567,0.00810833176578,8.108331765780001,-0.28937724328343206,193.37776598,3.27953544276475,3.27953544276475,-190.09823053723525,2000000.0,250.0,75,44,44,1721.653564453125,-0.003647490864688352,-5.367026699087951e-05,3.27953544276475,0.0,75,44,44,1721.653564453125,-0.003647490864688352,-5.367026699087951e-05,25.7631455361165,0.0,75,31,30,25588.4453125,-0.0072204493917524815,0.0002033413402386941,4.9603080697124824e-05,4.9603080697124824e-05,0.0,0.0,0.0,0.0,0.0,0.0,0,0.059668752397610096,0.059668752397610096,0.0251
0.672,0.336672,0.00782151747569,7.821517475689999,-0.28311886053393964,185.752169732,2.515749223188533,2.515749223188533,-183.23642050881148,2000000.0,250.0,76,45,43,41405.49609375,-0.0034326967538817746,0.0003892388297590532,2.515749223188533,0.0,76,45,43,41405.49609375,-0.0034326967538817746,0.0003892388297590532,25.76265330059666,0.0,76,31,30,25587.376953125,-0.007220382569357753,0.0002033564742305316,4.652744246413931e-05,4.652744246413931e-05,0.0,0.0,0.0,0.0,0.0,0.0,0,0.05995556668770009,0.05995556668770009,0.0251
0.674,0.337674,0.00754096156927,7.540961569269999,-0.2769124301696668,178.467263164,1.8974296923092702,1.8974296923092702,-176.56983347169074,2000000.0,250.0,70,39,35,81103.5,-0.0032574235771681836,0.0003892388297590532,1.8974296923092702,0.0,70,39,35,81103.5,-0.0032574235771681836,0.0003892388297590532,25.76211615178421,0.0,70,31,30,25588.376953125,-0.00722030783072114,0.00020337465684860945,5.728570613428019e-05,5.728570613428019e-05,0.0,0.0,0.0,0.0,0.0,0.0,0,0.060236122594120096,0.060236122594120096,0.0251
0.676,0.338676,0.00726658496563,7.26658496563,-0.2707948976646697,171.307493337,1.471530073887132,1.471530073887132,-169.8359632631129,2000000.0,250.0,65,34,32,40927.65625,-0.0031412304804760566,0.0003892388297590532,1.471530073887132,0.0,65,34,32,40927.65625,-0.0031412304804760566,0.0003892388297590532,25.761447655714466,0.0,65,31,30,25587.31640625,-0.007220211438834667,0.00020339887123554945,7.873139838920906e-05,7.873139838920906e-05,0.0,0.0,0.0,0.0,0.0,0.0,0,0.060510499197760095,0.060510499197760095,0.0251
0.678,0.339678,0.00699828859435,6.99828859435,-0.26476997046407114,164.249013287,1.0961875482004393,1.0961875482004393,-163.15282573879955,2000000.0,250.0,63,32,29,60801.5859375,-0.002680038539251299,0.0011592014061997946,1.0961875482004393,0.0,63,32,29,60801.5859375,-0.002680038539251299,0.0011592014061997946,25.760567836270454,0.0,63,31,30,25804.9609375,-0.0072200847789645195,0.0002034293720498681,9.785187285160646e-05,9.785187285160646e-05,0.0,0.0,0.0,0.0,0.0,0.0,0,0.060778795569040096,0.060778795569040096,0.0251
0.68,0.34068,0.00673598594482,6.7359859448199995,-0.25881987893712477,157.463746422,0.8254312426890409,0.8254312426890409,-156.63831517931098,2000000.0,250.0,61,30,28,40630.8046875,-0.0022628316957004277,0.00045257336662178627,0.8254312426890409,0.0,61,30,28,40630.8046875,-0.0022628316957004277,0.00045257336662178627,25.75955947279376,0.0,61,31,30,25587.21484375,-0.0072199441492557526,0.00020346228120615706,0.00010442729399073869,0.00010442729399073869,0.0,0.0,0.0,0.0,0.0,0.0,0,0.061041098218570095,0.061041098218570095,0.0251
0.682,0.341682,0.00647961355696,6.47961355696,-0.25293194284431086,151.070498291,0.6292318397817267,0.6292318397817267,-150.44126645121827,2000000.0,250.0,58,28,27,20522.32421875,-0.0019848996645870885,0.0003892388297590532,0.6292318397817267,0.0,58,28,27,20522.32421875,-0.0019848996645870885,0.0003892388297590532,25.75850726864997,0.0,58,30,29,25529.4375,-0.007219790481030941,0.00020349776605144143,0.0001077284905477427,0.0001077284905477427,0.0,0.0,0.0,0.0,0.0,0.0,0,0.06129747060643009,0.06129747060643009,0.0251
0.684,0.342684,0.00622911033136,6.229110331359999,-0.24710049459081773,145.014223795,0.4795805335415539,0.4795805335415539,-144.53464326145843,2000000.0,250.0,58,27,25,40437.04296875,-0.0017765565518154044,0.0003892388297590532,0.4795805335415539,0.0,58,27,25,40437.04296875,-0.0017765565518154044,0.0003892388297590532,25.757124659902956,0.0,58,31,30,25587.037109375,-0.0072196361143141985,0.0002035332508967258,0.00010969828872475773,0.00010969828872475773,0.0,0.0,0.0,0.0,0.0,0.0,0,0.061547973832030096,0.061547973832030096,0.0251
0.686,0.343686,0.0059844241658,5.9844241658,-0.24131121986526827,139.148854133,0.36463190131188067,0.36463190131188067,-138.78422223168812,2000000.0,250.0,55,25,23,40365.15625,-0.0015843064388758165,0.0003892388297590532,0.36463190131188067,0.0,55,25,23,40365.15625,-0.0015843064388758165,0.0003892388297590532,25.756081311842717,0.0,55,30,29,25529.26953125,-0.007219482213258743,0.00020356851018732414,0.00011204424663446844,0.00011204424663446844,0.0,0.0,0.0,0.0,0.0,0.0,0,0.061792659997590094,0.061792659997590094,0.0251
0.688,0.344688,0.00574552264675,5.7455226467500005,-0.23555570091317302,133.400112167,0.2701445874226614,0.2701445874226614,-133.12996757957734,2000000.0,250.0,55,24,22,40313.8359375,-0.0013998927105004777,8.779006199843321e-05,0.2701445874226614,0.0,55,24,22,40313.8359375,-0.0013998927105004777,8.779006199843321e-05,25.754934128073778,0.0,55,31,30,25804.634765625,-0.007219320861622691,0.00020360558846732602,0.00011298547178739682,0.00011298547178739682,0.0,0.0,0.0,0.0,0.0,0.0,0,0.06203156151664009,0.06203156151664009,0.0251
0.69,0.34569,0.00551237054117,5.51237054117,-0.22983380751995997,127.751573208,0.2003044252357206,0.2003044252357206,-127.55126878276428,2000000.0,250.0,53,22,20,40251.0078125,-0.0012437035224111609,0.0001463611417210015,0.2003044252357206,0.0,53,22,20,40251.0078125,-0.0012437035224111609,0.0001463611417210015,25.753796764206154,0.0,53,31,30,25804.583984375,-0.007219159742817283,0.00020364233205327764,0.00011314164294162765,0.00011314164294162765,0.0,0.0,0.0,0.0,0.0,0.0,0,0.062264713622220094,0.062264713622220094,0.0251
0.692,0.346692,0.00528493569648,5.28493569648,-0.2241344703692607,122.214312438,0.1389499771544484,0.1389499771544484,-122.07536246084554,2000000.0,250.0,53,22,21,20206.91796875,-0.0010673244795713077,0.0002811068209802256,0.1389499771544484,0.0,53,22,21,20206.91796875,-0.0010673244795713077,0.0002811068209802256,25.75267234057235,0.0,53,31,30,25586.8046875,-0.0072189983911812305,0.0002036793521256186,0.00011443262337706983,0.00011443262337706983,0.0,0.0,0.0,0.0,0.0,0.0,0,0.06249214846691009,0.06249214846691009,0.0251
0.694,0.347694,0.00506320506255,5.06320506255,-0.21843117363772357,116.785948491,0.09124536173129727,0.09124536173129727,-116.6947031292687,2000000.0,250.0,51,20,19,20155.75,-0.0009378959064165956,0.0002922519192927367,0.09124536173129727,0.0,51,20,19,20155.75,-0.0009378959064165956,0.0002922519192927367,25.751512406633317,0.0,51,31,30,25586.736328125,-0.007218831451609731,0.0002037177691818215,0.00011605871259234846,0.00011605871259234846,0.0,0.0,0.0,0.0,0.0,0.0,0,0.0627138791008401,0.0627138791008401,0.0251
0.696,0.348696,0.00484719962451,4.84719962451,-0.21267501466067795,111.392847669,0.054421271437671795,0.054421271437671795,-111.33842639756233,2000000.0,250.0,48,17,16,20109.958984375,-0.000798175624162803,0.00031307327513973183,0.054421271437671795,0.0,48,17,16,20109.958984375,-0.000798175624162803,0.00031307327513973183,25.75035876299952,0.0,48,31,30,25804.412109375,-0.007218668470159173,0.0002037549638771452,0.00011559857375686988,0.00011559857375686988,0.0,0.0,0.0,0.0,0.0,0.0,0,0.0629298845388801,0.0629298845388801,0.0251
0.698,0.349698,0.00463700433317,4.63700433317,-0.2068125155638718,106.027756097,0.019844651769769354,0.019844651769769354,-106.00791144523022,2000000.0,250.0,45,14,14,56.65208435058594,-0.0006996061439397128,-3.298181052213689e-05,0.019844651769769354,0.0,45,14,14,56.65208435058594,-0.0006996061439397128,-3.298181052213689e-05,25.749256820458665,0.0,45,31,30,25586.619140625,-0.00721850898116827,0.00020379060879349709,0.00010562840907368809,0.00010562840907368809,0.0,0.0,0.0,0.0,0.0,0.0,0,0.06314007983022009,0.06314007983022009,0.0251
0.7,0.3507,0.00443274734332,4.43274734332,-0.20082141161676592,100.750456095,0.0015279221677788125,0.0015279221677788125,-100.74892817283222,2000000.0,250.0,40,9,6,60018.9453125,-0.00013540370941798885,0.0008465430129674656,0.0015279221677788125,0.0,40,9,6,60018.9453125,-0.00013540370941798885,0.0008465430129674656,25.74828691354379,0.0,40,31,30,25586.70703125,-0.007218372542411089,0.00020381907233968377,7.90349004091695e-05,7.90349004091695e-05,0.0,0.0,0.0,0.0,0.0,0.0,0,0.0633443368200701,0.0633443368200701,0.0251
0.702,0.351702,0.00423455822429,4.23455822429,-0.1947170759381227,95.670226814,0.0,0.0,-95.670226814,2000000.0,250.0,36,5,0,100000.0,0.00011440187579986327,0.0005036172894537783,0.0,0.0,36,5,0,100000.0,0.00011440187579986327,0.0005036172894537783,25.7475975197593,0.0,36,31,30,25586.66796875,-0.007218274520710111,0.00020383845549076796,4.3109452235512435e-05,4.3109452235512435e-05,0.0,0.0,0.0,0.0,0.0,0.0,0,0.06354252593910009,0.06354252593910009,0.0251
0.704,0.352704,0.00404253432314,4.042534323140001,-0.1885350231037919,90.8770454919,0.0,0.0,-90.8770454919,2000000.0,250.0,31,0,0,0.0,0.0,0.0,0.0,0.0,31,0,0,0.0,0.0,0.0,25.747205244125983,0.0,31,31,30,25586.65234375,-0.007218217942863703,0.00020384878007462248,1.1736732631106861e-05,1.1736732631106861e-05,0.0,0.0,0.0,0.0,0.0,0.0,0,0.0637345498402501,0.0637345498402501,0.0251
0.706,0.353706,0.00385673403799,3.8567340379900004,-0.1823133810678641,86.3840595368,0.0,0.0,-86.3840595368,2000000.0,250.0,31,0,0,0.0,0.0,0.0,0.0,0.0,31,0,0,0.0,0.0,0.0,25.747037974314274,0.0,31,31,30,25586.634765625,-0.007218193961307406,0.00020385228708619252,-1.2276488632778637e-05,1.2276488632778637e-05,0.0,0.0,0.0,0.0,0.0,0.0,0,0.0639203501254001,0.0639203501254001,0.0251
0.708,0.354708,0.00367717830748,3.6771783074799997,-0.1760865451247502,82.1973842598,0.0,0.0,-82.1973842598,2000000.0,250.0,31,0,0,0.0,0.0,0.0,0.0,0.0,31,0,0,0.0,0.0,0.0,25.74708491731143,0.0,31,31,30,25586.634765625,-0.007218202110379934,0.00020384881645441055,-3.071915853070095e-05,3.071915853070095e-05,0.0,0.0,0.0,0.0,0.0,0.0,0,0.06409990585591009,0.06409990585591009,0.0251
0.71,0.35571,0.00350385660156,3.50385660156,-0.16989120585828754,78.3349000733,0.0,0.0,-78.3349000733,2000000.0,250.0,31,0,0,0.0,0.0,0.0,0.0,0.0,31,0,0,0.0,0.0,0.0,25.74724111724945,0.0,31,31,30,25586.65234375,-0.007218224229291081,0.00020384249364724383,-4.493936285143718e-05,4.493936285143718e-05,0.0,0.0,0.0,0.0,0.0,0.0,0,0.0642732275618301,0.0642732275618301,0.0251
0.712,0.356712,0.00333671633094,3.33671633094,-0.16376509992515387,74.8232018083,0.0,0.0,-74.8232018083,2000000.0,250.0,31,0,0,0.0,0.0,0.0,0.0,0.0,31,0,0,0.0,0.0,0.0,25.747514771474258,0.0,31,31,30,25586.662109375,-0.007218263112008572,0.0002038325765170157,-5.548696935875341e-05,5.548696935875341e-05,0.0,0.0,0.0,0.0,0.0,0.0,0,0.0644403678324501,0.0644403678324501,0.0251
0.714,0.357714,0.00317567134131,3.1756713413099997,-0.15773804150199555,71.6177480775,0.0,0.0,-71.6177480775,2000000.0,250.0,30,0,0,0.0,0.0,0.0,0.0,0.0,30,0,0,0.0,0.0,0.0,25.747840744240204,0.0,30,30,29,25528.810546875,-0.007218309678137302,0.00020382137881824747,-6.392304203473032e-05,6.392304203473032e-05,0.0,0.0,0.0,0.0,0.0,0.0,0,0.0646014128220801,0.0646014128220801,0.0251
0.716,0.358716,0.00302060929577,3.02060929577,-0.15183484655688573,68.6243195879,0.0,0.0,-68.6243195879,2000000.0,250.0,30,0,0,0.0,0.0,0.0,0.0,0.0,30,0,0,0.0,0.0,0.0,25.748278757811914,0.0,30,30,29,25528.83984375,-0.007218374637886882,0.00020380583737278357,-7.033227302599698e-05,7.033227302599698e-05,0.0,0.0,0.0,0.0,0.0,0.0,0,0.0647564748676201,0.0647564748676201,0.0251
0.718,0.359718,0.00287139430881,2.87139430881,-0.1460734324001991,65.8137662494,0.0,0.0,-65.8137662494,2000000.0,250.0,31,0,0,0.0,0.0,0.0,0.0,0.0,31,0,0,0.0,0.0,0.0,25.74873867963186,0.0,31,31,30,25804.326171875,-0.007218441227450967,0.00020379037596285343,-7.472051947843283e-05,7.472051947843283e-05,0.0,0.0,0.0,0.0,0.0,0.0,0,0.06490568985458009,0.06490568985458009,0.0251
0.72,0.36072,0.00272787813724,2.7278781372400003,-0.1404721060379237,63.2029713875,0.0,0.0,-63.2029713875,2000000.0,250.0,31,0,0,0.0,0.0,0.0,0.0,0.0,31,0,0,0.0,0.0,0.0,25.749205048804093,0.0,31,31,30,25586.611328125,-0.0072185073513537645,0.00020377492910483852,-7.841170008759946e-05,7.841170008759946e-05,0.0,0.0,0.0,0.0,0.0,0.0,0,0.0650492060261501,0.0650492060261501,0.0251
0.722,0.361722,0.00258988820831,2.58988820831,-0.13506873696107746,60.7840827545,0.0,0.0,-60.7840827545,2000000.0,250.0,30,0,0,0.0,0.0,0.0,0.0,0.0,30,0,0,0.0,0.0,0.0,25.74978252074799,0.0,30,30,29,25528.923828125,-0.007218587212264538,0.0002037565573118627,-8.114612137433141e-05,8.114612137433141e-05,0.0,0.0,0.0,0.0,0.0,0.0,0,0.06518719595508009,0.06518719595508009,0.0251
0.724,0.362724,0.00245720038837,2.45720038837,-0.12990618276946053,58.5094563679,0.0,0.0,-58.5094563679,2000000.0,250.0,31,0,0,0.0,0.0,0.0,0.0,0.0,31,0,0,0.0,0.0,0.0,25.7502809115391,0.0,31,31,30,25587.703125,-0.007218661950901151,0.0002037392114289105,-8.321640780195594e-05,8.321640780195594e-05,0.0,0.0,0.0,0.0,0.0,0.0,0,0.0653198837750201,0.0653198837750201,0.0251
0.726,0.363726,0.00232955621804,2.32955621804,-0.12499090573852256,56.3132386553,0.0,0.0,-56.3132386553,2000000.0,250.0,31,0,0,0.0,0.0,0.0,0.0,0.0,31,0,0,0.0,0.0,0.0,25.750847636589114,0.0,31,31,30,25587.736328125,-0.007218742743134499,0.00020372070139274,-8.504162542521954e-05,8.504162542521954e-05,0.0,0.0,0.0,0.0,0.0,0.0,0,0.0654475279453501,0.0654475279453501,0.0251
0.728,0.364728,0.00220671861327,2.20671861327,-0.1202823290219559,54.1760643703,0.0,0.0,-54.1760643703,2000000.0,250.0,31,0,0,0.0,0.0,0.0,0.0,0.0,31,0,0,0.0,0.0,0.0,25.751443424885785,0.0,31,31,30,25586.876953125,-0.0072188235353678465,0.00020370195852592587,-8.644195622764528e-05,8.644195622764528e-05,0.0,0.0,0.0,0.0,0.0,0.0,0,0.0655703655501201,0.0655703655501201,0.0251
0.73,0.36573,0.00208851043068,2.08851043068,-0.11573364657185603,52.0803040191,0.0,0.0,-52.0803040191,2000000.0,250.0,31,0,0,0.0,0.0,0.0,0.0,0.0,31,0,0,0.0,0.0,0.0,25.751985572131996,0.0,31,31,30,25587.791015625,-0.007218905026093125,0.0002036832956946455,-8.749307016842067e-05,8.749307016842067e-05,0.0,0.0,0.0,0.0,0.0,0.0,0,0.0656885737327101,0.0656885737327101,0.0251
0.732,0.366732,0.00197478838554,1.97478838554,-0.11132764649700566,50.0309560981,0.0,0.0,-50.0309560981,2000000.0,250.0,30,0,0,0.0,0.0,0.0,0.0,0.0,30,0,0,0.0,0.0,0.0,25.752600430830228,0.0,30,30,29,25529.072265625,-0.007218992104753852,0.00020366363605717197,-8.828411955619231e-05,8.828411955619231e-05,0.0,0.0,0.0,0.0,0.0,0.0,0,0.0658022957778501,0.0658022957778501,0.0251
0.734,0.367734,0.0018654098271,1.8654098271,-0.10705819808383199,48.0515073806,0.0,0.0,-48.0515073806,2000000.0,250.0,31,0,0,0.0,0.0,0.0,0.0,0.0,31,0,0,0.0,0.0,0.0,25.75321857342293,0.0,31,31,30,25804.544921875,-0.007219080347567797,0.00020364336523925886,-8.888098818715662e-05,8.888098818715662e-05,0.0,0.0,0.0,0.0,0.0,0.0,0,0.0659116743362901,0.0659116743362901,0.0251
0.736,0.368736,0.00176024375658,1.76024375658,-0.10290605397205554,46.1434147769,0.0,0.0,-46.1434147769,2000000.0,250.0,31,0,0,0.0,0.0,0.0,0.0,0.0,31,0,0,0.0,0.0,0.0,25.75383211055039,0.0,31,31,30,25586.99609375,-0.007219167426228523,0.00020362331997603178,-8.888755837688223e-05,8.888755837688223e-05,0.0,0.0,0.0,0.0,0.0,0.0,0,0.06601684040681009,0.06601684040681009,0.0251
0.738,0.369738,0.00165918609494,1.6591860949400001,-0.09883761756985998,44.3157215944,0.0,0.0,-44.3157215944,2000000.0,250.0,31,0,0,0.0,0.0,0.0,0.0,0.0,31,0,0,0.0,0.0,0.0,25.75444878603365,0.0,31,31,30,25587.92578125,-0.007219255901873112,0.00020360304188216105,-8.90279479790479e-05,8.90279479790479e-05,0.0,0.0,0.0,0.0,0.0,0.0,0,0.0661178980684501,0.0661178980684501,0.0251
0.74,0.37074,0.00156217317097,1.56217317097,-0.09481887332834305,42.5853555938,0.0,0.0,-42.5853555938,2000000.0,250.0,31,0,0,0.0,0.0,0.0,0.0,0.0,31,0,0,0.0,0.0,0.0,25.755004213565627,0.0,31,31,30,25587.953125,-0.007219335995614529,0.0002035847064689733,-8.945719309849665e-05,8.945719309849665e-05,0.0,0.0,0.0,0.0,0.0,0.0,0,0.06621491099242009,0.06621491099242009,0.0251
0.742,0.371742,0.00146916907279,1.46916907279,-0.09083799736526921,40.9572613404,0.0,0.0,-40.9572613404,2000000.0,250.0,30,0,0,0.0,0.0,0.0,0.0,0.0,30,0,0,0.0,0.0,0.0,25.755631131679884,0.0,30,30,29,25529.236328125,-0.007219424471259117,0.00020356466848170385,-8.99329170351848e-05,8.99329170351848e-05,0.0,0.0,0.0,0.0,0.0,0.0,0,0.06630791509060009,0.06630791509060009,0.0251
0.744,0.372744,0.00138013382425,1.38013382425,-0.08690677534431113,39.4052738061,0.0,0.0,-39.4052738061,2000000.0,250.0,31,0,0,0.0,0.0,0.0,0.0,0.0,31,0,0,0.0,0.0,0.0,25.756254767699424,0.0,31,31,30,25586.98828125,-0.007219512015581131,0.00020354462321847677,-8.945894660428166e-05,8.945894660428166e-05,0.0,0.0,0.0,0.0,0.0,0.0,0,0.0663969503391401,0.0663969503391401,0.0251
0.746,0.373746,0.001295007895,1.2950078950000001,-0.0830424476646704,37.9587711355,0.0,0.0,-37.9587711355,2000000.0,250.0,31,0,0,0.0,0.0,0.0,0.0,0.0,31,0,0,0.0,0.0,0.0,25.756862924556675,0.0,31,31,30,25587.166015625,-0.007219600025564432,0.00020352434512460604,-8.983963925857097e-05,8.983963925857097e-05,0.0,0.0,0.0,0.0,0.0,0.0,0,0.06648207626839009,0.06648207626839009,0.0251
0.748,0.374748,0.00121371675913,1.21371675913,-0.07925996785429335,36.5928460386,0.0,0.0,-36.5928460386,2000000.0,250.0,30,0,0,0.0,0.0,0.0,0.0,0.0,30,0,0,0.0,0.0,0.0,25.757465393027324,0.0,30,30,29,25529.33203125,-0.007219687569886446,0.00020350430713733658,-9.008098277263343e-05,9.008098277263343e-05,0.0,0.0,0.0,0.0,0.0,0.0,0,0.0665633674042601,0.0665633674042601,0.0251
0.75,0.37575,0.00113617091942,1.1361709194199998,-0.07558350999002195,35.2925403021,0.0,0.0,-35.2925403021,2000000.0,250.0,31,0,0,0.0,0.0,0.0,0.0,0.0,31,0,0,0.0,0.0,0.0,25.75810782831032,0.0,31,31,30,25804.78515625,-0.007219775579869747,0.0002034842618741095,-9.008875349536538e-05,9.008875349536538e-05,0.0,0.0,0.0,0.0,0.0,0.0,0,0.06664091324397009,0.06664091324397009,0.0251
0.752,0.376752,0.00106224740511,1.06224740511,-0.0720428906147702,34.0506096501,0.0,0.0,-34.0506096501,2000000.0,250.0,31,0,0,0.0,0.0,0.0,0.0,0.0,31,0,0,0.0,0.0,0.0,25.758979628344708,0.0,31,31,30,25587.177734375,-0.007219864055514336,0.00020346421661088243,-8.985267777461559e-05,8.985267777461559e-05,0.0,0.0,0.0,0.0,0.0,0.0,0,0.06671483675828009,0.06671483675828009,0.0251
0.754,0.377754,0.000991796966628,0.991796966628,-0.0686515494775447,32.865531635,0.0,0.0,-32.865531635,2000000.0,250.0,31,0,0,0.0,0.0,0.0,0.0,0.0,31,0,0,0.0,0.0,0.0,25.759540354946274,0.0,31,31,30,25587.208984375,-0.0072199441492557526,0.00020344567019492388,-8.978116966318339e-05,8.978116966318339e-05,0.0,0.0,0.0,0.0,0.0,0.0,0,0.06678528719676209,0.06678528719676209,0.0251
0.756,0.378756,0.000924669699957,0.924669699957,-0.06539877205289402,31.7472009276,0.0,0.0,-31.7472009276,2000000.0,250.0,31,0,0,0.0,0.0,0.0,0.0,0.0,31,0,0,0.0,0.0,0.0,25.760162588016996,0.0,31,31,30,25588.275390625,-0.007220032159239054,0.0002034256249316968,-9.003926970763132e-05,9.003926970763132e-05,0.0,0.0,0.0,0.0,0.0,0.0,0,0.0668524144634331,0.0668524144634331,0.0251
0.758,0.379758,0.000860737827434,0.860737827434,-0.06225788050449077,30.6751732973,0.0,0.0,-30.6751732973,2000000.0,250.0,30,0,0,0.0,0.0,0.0,0.0,0.0,30,0,0,0.0,0.0,0.0,25.760783982405385,0.0,30,30,29,25529.560546875,-0.007220119703561068,0.00020340558694442734,-9.036195115186274e-05,9.036195115186274e-05,0.0,0.0,0.0,0.0,0.0,0.0,0,0.0669163463359561,0.0669163463359561,0.0251
0.76,0.38076,0.000799904907426,0.7999049074260001,-0.05920184596756467,29.6503099378,0.0,0.0,-29.6503099378,2000000.0,250.0,31,0,0,0.0,0.0,0.0,0.0,0.0,31,0,0,0.0,0.0,0.0,25.76138574787991,0.0,31,31,30,25587.30859375,-0.007220207713544369,0.00020338554168120027,-8.995988173410296e-05,8.995988173410296e-05,0.0,0.0,0.0,0.0,0.0,0.0,0,0.0669771792559641,0.0669771792559641,0.0251
0.762,0.381762,0.000742097328115,0.742097328115,-0.056211319204091725,28.6393413553,0.0,0.0,-28.6393413553,2000000.0,250.0,31,0,0,0.0,0.0,0.0,0.0,0.0,31,0,0,0.0,0.0,0.0,25.762016568643162,0.0,31,31,30,25587.48046875,-0.007220295257866383,0.0002033654964179732,-9.022802987601608e-05,9.022802987601608e-05,0.0,0.0,0.0,0.0,0.0,0.0,0,0.06703498683527509,0.06703498683527509,0.0251
0.764,0.382764,0.000687257423741,0.687257423741,-0.053273681217564706,27.6674976239,0.0,0.0,-27.6674976239,2000000.0,250.0,31,0,0,0.0,0.0,0.0,0.0,0.0,31,0,0,0.0,0.0,0.0,25.762627771371513,0.0,31,31,30,25588.40234375,-0.007220383733510971,0.00020334545843070373,-9.037824929691851e-05,9.037824929691851e-05,0.0,0.0,0.0,0.0,0.0,0.0,0,0.0670898267396491,0.0670898267396491,0.0251
0.766,0.383766,0.000635336870955,0.635336870955,-0.05038526899850282,26.7928959044,0.0,0.0,-26.7928959044,2000000.0,250.0,31,0,0,0.0,0.0,0.0,0.0,0.0,31,0,0,0.0,0.0,0.0,25.763268242742008,0.0,31,31,30,25805.08203125,-0.007220471277832985,0.00020332541316747665,-9.023484017234296e-05,9.023484017234296e-05,0.0,0.0,0.0,0.0,0.0,0.0,0,0.06714174729243509,0.06714174729243509,0.0251
0.768,0.384768,0.000586285344668,0.586285344668,-0.0475514279086825,26.0744750861,0.0,0.0,-26.0744750861,2000000.0,250.0,30,0,0,0.0,0.0,0.0,0.0,0.0,30,0,0,0.0,0.0,0.0,25.763804180734205,0.0,30,30,29,25529.716796875,-0.007220551837235689,0.0002033068667515181,-8.994484960567206e-05,8.994484960567206e-05,0.0,0.0,0.0,0.0,0.0,0.0,0,0.0671907988187221,0.0671907988187221,0.0251
0.77,0.38577,0.000540043809426,0.540043809426,-0.04479146241966056,25.4794719366,0.0,0.0,-25.4794719366,2000000.0,250.0,31,0,0,0.0,0.0,0.0,0.0,0.0,31,0,0,0.0,0.0,0.0,25.764417430810948,0.0,31,31,30,25587.46484375,-0.00722063984721899,0.00020328682148829103,-8.98501166375354e-05,8.98501166375354e-05,0.0,0.0,0.0,0.0,0.0,0.0,0,0.06723704035396409,0.06723704035396409,0.0251
0.772,0.386772,0.000496523253979,0.49652325397899993,-0.042140042040419046,24.960678308,0.0,0.0,-24.960678308,2000000.0,250.0,31,0,0,0.0,0.0,0.0,0.0,0.0,31,0,0,0.0,0.0,0.0,25.76504815045263,0.0,31,31,30,25587.646484375,-0.007220727391541004,0.00020326677622506395,-9.013230737764388e-05,9.013230737764388e-05,0.0,0.0,0.0,0.0,0.0,0.0,0,0.06728056090941109,0.06728056090941109,0.0251
0.774,0.387774,0.000455595165177,0.455595165177,-0.03962900015818349,24.5175058642,0.0,0.0,-24.5175058642,2000000.0,250.0,30,0,0,0.0,0.0,0.0,0.0,0.0,30,0,0,0.0,0.0,0.0,25.765668466327146,0.0,30,30,29,25529.822265625,-0.007220815867185593,0.0002032467382377945,-9.026868792716414e-05,9.026868792716414e-05,0.0,0.0,0.0,0.0,0.0,0.0,0,0.0673214889982131,0.0673214889982131,0.0251
0.776,0.388776,0.000417106737662,0.417106737662,-0.03727308899201584,24.1565462636,0.0,0.0,-24.1565462636,2000000.0,250.0,31,0,0,0.0,0.0,0.0,0.0,0.0,31,0,0,0.0,0.0,0.0,25.76625536609643,0.0,31,31,30,25805.21875,-0.0072209034115076065,0.0002032266929745674,-8.980886195786297e-05,8.980886195786297e-05,0.0,0.0,0.0,0.0,0.0,0.0,0,0.0673599774257281,0.0673599774257281,0.0251
0.778,0.389778,0.000380899894837,0.380899894837,-0.035075092424650595,23.8333908017,0.0,0.0,-23.8333908017,2000000.0,250.0,31,0,0,0.0,0.0,0.0,0.0,0.0,31,0,0,0.0,0.0,0.0,25.766889321881468,0.0,31,31,30,25587.748046875,-0.007220991421490908,0.00020320664771134034,-8.95612029125914e-05,8.95612029125914e-05,0.0,0.0,0.0,0.0,0.0,0.0,0,0.0673961842685531,0.0673961842685531,0.0251
0.78,0.39078,0.000346816252443,0.346816252443,-0.03303287376746497,23.5247772106,0.0,0.0,-23.5247772106,2000000.0,250.0,31,0,0,0.0,0.0,0.0,0.0,0.0,31,0,0,0.0,0.0,0.0,25.767531206367686,0.0,31,31,30,25588.671875,-0.0072210789658129215,0.0002031865660683252,-8.98798753041774e-05,8.98798753041774e-05,0.0,0.0,0.0,0.0,0.0,0.0,0,0.0674302679109471,0.0674302679109471,0.0251
0.782,0.391782,0.000314702015807,0.314702015807,-0.031132807742015906,23.2276430871,0.0,0.0,-23.2276430871,2000000.0,250.0,31,0,0,0.0,0.0,0.0,0.0,0.0,31,0,0,0.0,0.0,0.0,25.76807378141075,0.0,31,31,30,25588.693359375,-0.007221159525215626,0.0002031680560321547,-9.009364293888211e-05,9.009364293888211e-05,0.0,0.0,0.0,0.0,0.0,0.0,0,0.0674623821475831,0.0674623821475831,0.0251
0.784,0.392784,0.000284426105728,0.284426105728,-0.02934625259181628,22.8896857347,0.0,0.0,-22.8896857347,2000000.0,250.0,30,0,0,0.0,0.0,0.0,0.0,0.0,30,0,0,0.0,0.0,0.0,25.768692446188133,0.0,30,30,29,25529.990234375,-0.00722124706953764,0.00020314801804488525,-9.027683699969202e-05,9.027683699969202e-05,0.0,0.0,0.0,0.0,0.0,0.0,0,0.0674926580576621,0.0674926580576621,0.0251
0.786,0.393786,0.000255892125613,0.255892125613,-0.027638074985030597,22.4803294075,0.0,0.0,-22.4803294075,2000000.0,250.0,31,0,0,0.0,0.0,0.0,0.0,0.0,31,0,0,0.0,0.0,0.0,25.769326030382498,0.0,31,31,30,25587.732421875,-0.007221335545182228,0.00020312797278165817,-8.969650662038475e-05,8.969650662038475e-05,0.0,0.0,0.0,0.0,0.0,0.0,0,0.0675211920377771,0.0675211920377771,0.0251
0.788,0.394788,0.000229039403458,0.229039403458,-0.025972728121258185,22.0264966703,0.0,0.0,-22.0264966703,2000000.0,250.0,31,0,0,0.0,0.0,0.0,0.0,0.0,31,0,0,0.0,0.0,0.0,25.769919984684947,0.0,31,31,30,25587.904296875,-0.007221423555165529,0.0002031079275184311,-9.000024147098884e-05,9.000024147098884e-05,0.0,0.0,0.0,0.0,0.0,0.0,0,0.06754804475993209,0.06754804475993209,0.0251
0.79,0.39579,0.000203842778458,0.203842778458,-0.02431773783233525,21.5664633975,0.0,0.0,-21.5664633975,2000000.0,250.0,30,0,0,0.0,0.0,0.0,0.0,0.0,30,0,0,0.0,0.0,0.0,25.770503271041463,0.0,30,30,29,25530.07421875,-0.007221511099487543,0.00020308784587541595,-9.018844866659492e-05,9.018844866659492e-05,0.0,0.0,0.0,0.0,0.0,0.0,0,0.06757324138493209,0.06757324138493209,0.0251
0.792,0.396792,0.000180306656842,0.180306656842,-0.022651754729540854,21.1158337287,0.0,0.0,-21.1158337287,2000000.0,250.0,31,0,0,0.0,0.0,0.0,0.0,0.0,31,0,0,0.0,0.0,0.0,25.771165336227075,0.0,31,31,30,25805.458984375,-0.007221599109470844,0.0002030678078881465,-9.000619320431724e-05,9.000619320431724e-05,0.0,0.0,0.0,0.0,0.0,0.0,0,0.06759677750654809,0.06759677750654809,0.0251
0.794,0.397794,0.00015844866198,0.15844866198000002,-0.020976287178642652,20.7100063647,0.0,0.0,-20.7100063647,2000000.0,250.0,31,0,0,0.0,0.0,0.0,0.0,0.0,31,0,0,0.0,0.0,0.0,25.77177857014411,0.0,31,31,30,25587.865234375,-0.007221686653792858,0.00020304752979427576,-8.945912850322202e-05,8.945912850322202e-05,0.0,0.0,0.0,0.0,0.0,0.0,0,0.06761863550141009,0.06761863550141009,0.0251
0.796,0.398796,0.000138270177336,0.138270177336,-0.019307659930139658,20.4061238692,0.0,0.0,-20.4061238692,2000000.0,250.0,31,0,0,0.0,0.0,0.0,0.0,0.0,31,0,0,0.0,0.0,0.0,25.77235840242237,0.0,31,31,30,25587.90234375,-0.00722176767885685,0.000203029288968537,-8.943727152654901e-05,8.943727152654901e-05,0.0,0.0,0.0,0.0,0.0,0.0,0,0.06763881398605409,0.06763881398605409,0.0251
0.798,0.399798,0.00011975611148,0.11975611148000001,-0.017658907298902154,20.2354802314,0.0,0.0,-20.2354802314,2000000.0,250.0,31,0,0,0.0,0.0,0.0,0.0,0.0,31,0,0,0.0,0.0,0.0,25.772970232845818,0.0,31,31,30,25588.076171875,-0.0072218552231788635,0.00020300920732552186,-8.97650170372799e-05,8.97650170372799e-05,0.0,0.0,0.0,0.0,0.0,0.0,0,0.06765732805191009,0.06765732805191009,0.0251
0.8,0.4008,0.000102881727109,0.102881727109,-0.016041126784480997,20.1452184794,0.0,0.0,-20.1452184794,2000000.0,250.0,30,0,0,0.0,0.0,0.0,0.0,0.0,30,0,0,0.0,0.0,0.0,25.77356405652241,0.0,30,30,29,25530.25,-0.007221943233162165,0.0002029891693382524,-8.976678509498015e-05,8.976678509498015e-05,0.0,0.0,0.0,0.0,0.0,0.0,0,0.0676742024362811,0.0676742024362811,0.0251
0.802,0.401802,8.76096934039e-05,0.0876096934039,-0.014471129383682585,20.1009603664,0.0,0.0,-20.1009603664,2000000.0,250.0,31,0,0,0.0,0.0,0.0,0.0,0.0,31,0,0,0.0,0.0,0.0,25.774192650349928,0.0,31,31,30,25587.99609375,-0.0072220307774841785,0.00020296912407502532,-8.947783499024808e-05,8.947783499024808e-05,0.0,0.0,0.0,0.0,0.0,0.0,0,0.06768947446998619,0.06768947446998619,0.0251
0.804,0.402804,7.38815838241e-05,0.07388158382410001,-0.012969927793712532,20.1020987254,0.0,0.0,-20.1020987254,2000000.0,250.0,31,0,0,0.0,0.0,0.0,0.0,0.0,31,0,0,0.0,0.0,0.0,25.774788714007226,0.0,31,31,30,25588.166015625,-0.00722211878746748,0.00020294904243201017,-8.982762665254995e-05,8.982762665254995e-05,0.0,0.0,0.0,0.0,0.0,0.0,0,0.067703202579566,0.067703202579566,0.0251
0.806,0.403806,6.16179581053e-05,0.061617958105300005,-0.011557902571207552,20.1534350104,0.0,0.0,-20.1534350104,2000000.0,250.0,31,0,0,0.0,0.0,0.0,0.0,0.0,31,0,0,0.0,0.0,0.0,25.775425788880042,0.0,31,31,30,25589.083984375,-0.007222207263112068,0.00020292876433813944,-9.007020707940683e-05,9.007020707940683e-05,0.0,0.0,0.0,0.0,0.0,0.0,0,0.06771546620528479,0.06771546620528479,0.0251
0.808,0.404808,5.07195470714e-05,0.0507195470714,-0.010248362978043882,20.237024281,0.0,0.0,-20.237024281,2000000.0,250.0,31,0,0,0.0,0.0,0.0,0.0,0.0,31,0,0,0.0,0.0,0.0,25.77618223690601,0.0,31,31,30,25805.73046875,-0.007222294807434082,0.00020290872635086998,-8.976102981250733e-05,8.976102981250733e-05,0.0,0.0,0.0,0.0,0.0,0.0,0,0.06772636461631869,0.06772636461631869,0.0251
0.81,0.40581,4.10802386973e-05,0.0410802386973,-0.009037560216766442,20.3433499344,0.0,0.0,-20.3433499344,2000000.0,250.0,31,0,0,0.0,0.0,0.0,0.0,0.0,31,0,0,0.0,0.0,0.0,25.77672827224942,0.0,31,31,30,25805.75,-0.007222375366836786,0.00020289048552513123,-8.925605652621016e-05,8.925605652621016e-05,0.0,0.0,0.0,0.0,0.0,0.0,0,0.0677360039246928,0.0677360039246928,0.0251
0.812,0.406812,3.2608276397e-05,0.032608276396999994,-0.007910255595858262,20.4493520672,0.0,0.0,-20.4493520672,2000000.0,250.0,31,0,0,0.0,0.0,0.0,0.0,0.0,31,0,0,0.0,0.0,0.0,25.777337884647643,0.0,31,31,30,25588.185546875,-0.0072224629111588,0.00020287038205424324,-8.929991599870846e-05,8.929991599870846e-05,0.0,0.0,0.0,0.0,0.0,0.0,0,0.06774447588699309,0.06774447588699309,0.0251
0.814,0.407814,2.52280864832e-05,0.025228086483199998,-0.006855547029341297,20.5179594061,0.0,0.0,-20.5179594061,2000000.0,250.0,31,0,0,0.0,0.0,0.0,0.0,0.0,31,0,0,0.0,0.0,0.0,25.778006102737294,0.0,31,31,30,25589.25390625,-0.007222550921142101,0.000202850358618889,-8.964329026639462e-05,8.964329026639462e-05,0.0,0.0,0.0,0.0,0.0,0.0,0,0.0677518560769069,0.0677518560769069,0.0251
0.816,0.408816,1.88697601502e-05,0.0188697601502,-0.005863761676746489,20.5462841633,0.0,0.0,-20.5462841633,2000000.0,250.0,30,0,0,0.0,0.0,0.0,0.0,0.0,30,0,0,0.0,0.0,0.0,25.77860691520994,0.0,30,30,29,25530.544921875,-0.007222638465464115,0.0002028302988037467,-8.997175609692931e-05,8.997175609692931e-05,0.0,0.0,0.0,0.0,0.0,0.0,0,0.0677582144032399,0.0677582144032399,0.0251
0.818,0.409818,1.3477108083e-05,0.013477108082999999,-0.004916037753248488,20.5794325971,0.0,0.0,-20.5794325971,2000000.0,250.0,31,0,0,0.0,0.0,0.0,0.0,0.0,31,0,0,0.0,0.0,0.0,25.779208527574202,0.0,31,31,30,25805.876953125,-0.007222726941108704,0.0002028099843300879,-8.943564898800105e-05,8.943564898800105e-05,0.0,0.0,0.0,0.0,0.0,0.0,0,0.0677636070553071,0.0677636070553071,0.0251
0.82,0.41082,9.01802049269e-06,0.009018020492690001,-0.003991633093727533,20.6789949176,0.0,0.0,-20.6789949176,2000000.0,250.0,31,0,0,0.0,0.0,0.0,0.0,0.0,31,0,0,0.0,0.0,0.0,25.779826004249564,0.0,31,31,30,25588.46875,-0.0072228144854307175,0.00020278993906686082,-8.926540613174438e-05,8.926540613174438e-05,0.0,0.0,0.0,0.0,0.0,0.0,0,0.0677680661428974,0.0677680661428974,0.0251
0.822,0.411822,5.47787536317e-06,0.005477875363169999,-0.003081197865479033,20.8784716281,0.0,0.0,-20.8784716281,2000000.0,250.0,31,0,0,0.0,0.0,0.0,0.0,0.0,31,0,0,0.0,0.0,0.0,25.78045524086105,0.0,31,31,30,25589.37890625,-0.007222902495414019,0.00020276990107959136,-8.963898289948702e-05,8.963898289948702e-05,0.0,0.0,0.0,0.0,0.0,0.0,0,0.06777160628802692,0.06777160628802692,0.0251
0.824,0.412824,2.84329997027e-06,0.00284329997027,-0.0021900690269760414,21.1195963449,0.0,0.0,-21.1195963449,2000000.0,250.0,31,0,0,0.0,0.0,0.0,0.0,0.0,31,0,0,0.0,0.0,0.0,25.781010794031914,0.0,31,31,30,25589.4140625,-0.007222983054816723,0.0002027516602538526,-8.987807086668909e-05,8.987807086668909e-05,0.0,0.0,0.0,0.0,0.0,0.0,0,0.06777424086341982,0.06777424086341982,0.0251
0.826,0.413826,1.08897703311e-06,0.00108897703311,-0.0013345072453832436,21.3667457179,0.0,0.0,-21.3667457179,2000000.0,250.0,31,0,0,0.0,0.0,0.0,0.0,0.0,31,0,0,0.0,0.0,0.0,25.78162310273828,0.0,31,31,30,25805.98828125,-0.007223070599138737,0.00020273161499062553,-8.940693078329787e-05,8.940693078329787e-05,0.0,0.0,0.0,0.0,0.0,0.0,0,0.06777599518635699,0.06777599518635699,0.0251
0.828,0.414828,1.68947450522e-07,0.000168947450522,-0.0005434017131287767,21.6232411853,0.0,0.0,-21.6232411853,2000000.0,250.0,31,0,0,0.0,0.0,0.0,0.0,0.0,31,0,0,0.0,0.0,0.0,25.782250516385098,0.0,31,31,30,25588.45703125,-0.007223159074783325,0.00020271126413717866,-8.940159023040906e-05,8.940159023040906e-05,0.0,0.0,0.0,0.0,0.0,0.0,0,0.06777691521593958,0.06777691521593958,0.0251
0.83,0.41583,0.0,0.0,0.00013184558730838282,22.01026321,0.0,0.0,-22.01026321,2000000.0,250.0,31,0,0,0.0,0.0,0.0,0.0,0.0,31,0,0,0.0,0.0,0.0,25.782879492089176,0.0,31,31,30,25588.630859375,-0.007223246619105339,0.00020269121887395158,-8.9757886598818e-05,8.9757886598818e-05,0.0,0.0,0.0,0.0,0.0,0.0,0,0.0677770841633901,0.0677770841633901,0.0251
0.832,0.416832,4.33166007488e-07,0.000433166007488,0.0006405676839570839,22.5397649806,0.0,0.0,-22.5397649806,2000000.0,250.0,30,0,0,0.0,0.0,0.0,0.0,0.0,30,0,0,0.0,0.0,0.0,25.783485722037547,0.0,30,30,29,25530.81640625,-0.00722333462908864,0.00020267118088668212,-9.005677566165105e-05,9.005677566165105e-05,0.0,0.0,0.0,0.0,0.0,0.0,0,0.0677766509973826,0.0677766509973826,0.0251
0.834,0.417834,1.28369763865e-06,0.00128369763865,0.0009851783488483007,23.0103593501,0.0,0.0,-23.0103593501,2000000.0,250.0,31,0,0,0.0,0.0,0.0,0.0,0.0,31,0,0,0.0,0.0,0.0,25.784101849358287,0.0,31,31,30,25806.115234375,-0.007223422173410654,0.00020265113562345505,-9.002279693959281e-05,9.002279693959281e-05,0.0,0.0,0.0,0.0,0.0,0.0,0,0.06777580046575145,0.06777580046575145,0.0251
0.836,0.418836,2.40746341858e-06,0.0024074634185800004,0.0012242684290518927,23.3032733,0.0,0.0,-23.3032733,2000000.0,250.0,31,0,0,0.0,0.0,0.0,0.0,0.0,31,0,0,0.0,0.0,0.0,25.7847348452907,0.0,31,31,30,25588.58203125,-0.007223510183393955,0.00020263109036022797,-8.969898772193119e-05,8.969898772193119e-05,0.0,0.0,0.0,0.0,0.0,0.0,0,0.06777467669997152,0.06777467669997152,0.0251
0.838,0.419838,3.73713157047e-06,0.00373713157047,0.0014269788902345267,23.4209542306,0.0,0.0,-23.4209542306,2000000.0,250.0,31,0,0,0.0,0.0,0.0,0.0,0.0,31,0,0,0.0,0.0,0.0,25.78528804684563,0.0,31,31,30,25588.61328125,-0.007223591208457947,0.00020261285681044683,-8.961385174188763e-05,8.961385174188763e-05,0.0,0.0,0.0,0.0,0.0,0.0,0,0.06777334703181963,0.06777334703181963,0.0251
0.84,0.42084,5.26712911461e-06,0.00526712911461,0.001638848295538917,23.4783507237,0.0,0.0,-23.4783507237,2000000.0,250.0,31,0,0,0.0,0.0,0.0,0.0,0.0,31,0,0,0.0,0.0,0.0,25.78589156149179,0.0,31,31,30,25589.666015625,-0.007223678752779961,0.00020259281154721975,-8.985836029751226e-05,8.985836029751226e-05,0.0,0.0,0.0,0.0,0.0,0.0,0,0.06777181703427548,0.06777181703427548,0.0251
0.842,0.421842,7.02138355473e-06,0.00702138355473,0.0018776712586077789,23.5420228193,0.0,0.0,-23.5420228193,2000000.0,250.0,30,0,0,0.0,0.0,0.0,0.0,0.0,30,0,0,0.0,0.0,0.0,25.78652424590059,0.0,30,30,29,25530.9765625,-0.007223766762763262,0.00020257249707356095,-9.01818202692084e-05,9.01818202692084e-05,0.0,0.0,0.0,0.0,0.0,0.0,0,0.06777006277983537,0.06777006277983537,0.0251
0.844,0.422844,9.02998231686e-06,0.00902998231686,0.002147255334915164,23.6365146196,0.0,0.0,-23.6365146196,2000000.0,250.0,31,0,0,0.0,0.0,0.0,0.0,0.0,31,0,0,0.0,0.0,0.0,25.787142813444348,0.0,31,31,30,25588.71484375,-0.007223854772746563,0.0002025524154305458,-8.975313539849594e-05,8.975313539849594e-05,0.0,0.0,0.0,0.0,0.0,0.0,0,0.06776805418107323,0.06776805418107323,0.0251
0.846,0.423846,1.13244832459e-05,0.0113244832459,0.00244645476439121,23.7794169843,0.0,0.0,-23.7794169843,2000000.0,250.0,31,0,0,0.0,0.0,0.0,0.0,0.0,31,0,0,0.0,0.0,0.0,25.787756905986708,0.0,31,31,30,25588.890625,-0.007223942317068577,0.00020253237016731873,-9.001090074889362e-05,9.001090074889362e-05,0.0,0.0,0.0,0.0,0.0,0.0,0,0.0677657596801442,0.0677657596801442,0.0251
0.848,0.424848,1.39326776647e-05,0.013932677664699999,0.0027686898381237435,23.9561996516,0.0,0.0,-23.9561996516,2000000.0,250.0,30,0,0,0.0,0.0,0.0,0.0,0.0,30,0,0,0.0,0.0,0.0,25.788371186280894,0.0,30,30,29,25531.076171875,-0.007224029861390591,0.00020251233218004927,-9.017082629725337e-05,9.017082629725337e-05,0.0,0.0,0.0,0.0,0.0,0.0,0,0.0677631514857254,0.0677631514857254,0.0251
0.85,0.42585,1.68729376815e-05,0.0168729376815,0.00310321998727544,24.1497794278,0.0,0.0,-24.1497794278,2000000.0,250.0,31,0,0,0.0,0.0,0.0,0.0,0.0,31,0,0,0.0,0.0,0.0,25.78900250983041,0.0,31,31,30,25806.357421875,-0.007224118337035179,0.0002024922869168222,-9.009831410367042e-05,9.009831410367042e-05,0.0,0.0,0.0,0.0,0.0,0.0,0,0.06776021122570859,0.06776021122570859,0.0251
0.852,0.426852,2.01515305192e-05,0.0201515305192,0.0034350162121756372,24.364876495,0.0,0.0,-24.364876495,2000000.0,250.0,31,0,0,0.0,0.0,0.0,0.0,0.0,31,0,0,0.0,0.0,0.0,25.789575944483932,0.0,31,31,30,25806.376953125,-0.007224198896437883,0.0002024737768806517,-8.955968951340765e-05,8.955968951340765e-05,0.0,0.0,0.0,0.0,0.0,0.0,0,0.0677569326328709,0.0677569326328709,0.0251
0.854,0.427854,2.37567101707e-05,0.0237567101707,0.003745422752345299,24.6014560817,0.0,0.0,-24.6014560817,2000000.0,250.0,31,0,0,0.0,0.0,0.0,0.0,0.0,31,0,0,0.0,0.0,0.0,25.790168983842047,0.0,31,31,30,25588.87890625,-0.007224286440759897,0.00020245377527317032,-8.949834591476247e-05,8.949834591476247e-05,0.0,0.0,0.0,0.0,0.0,0.0,0,0.0677533274532194,0.0677533274532194,0.0251
0.856,0.428856,2.76573577149e-05,0.0276573577149,0.004018066374600789,24.8679686565,0.0,0.0,-24.8679686565,2000000.0,250.0,31,0,0,0.0,0.0,0.0,0.0,0.0,31,0,0,0.0,0.0,0.0,25.79078192622986,0.0,31,31,30,25589.927734375,-0.007224373985081911,0.00020243369363015518,-8.977649849839509e-05,8.977649849839509e-05,0.0,0.0,0.0,0.0,0.0,0.0,0,0.0677494268056752,0.0677494268056752,0.0251
0.858,0.429858,3.18089151854e-05,0.0318089151854,0.0042434493443113605,25.1801199356,0.0,0.0,-25.1801199356,2000000.0,250.0,30,0,0,0.0,0.0,0.0,0.0,0.0,30,0,0,0.0,0.0,0.0,25.791416604456643,0.0,30,30,29,25531.25,-0.007224461995065212,0.0002024136483669281,-9.003794548334554e-05,9.003794548334554e-05,0.0,0.0,0.0,0.0,0.0,0.0,0,0.0677452752482047,0.0677452752482047,0.0251
0.86,0.43086,3.61612302009e-05,0.036161230200899994,0.004420691929890204,25.4796699244,0.0,0.0,-25.4796699244,2000000.0,250.0,31,0,0,0.0,0.0,0.0,0.0,0.0,31,0,0,0.0,0.0,0.0,25.79204237295802,0.0,31,31,30,25806.50390625,-0.007224550470709801,0.00020239356672391295,-8.932462515076622e-05,8.932462515076622e-05,0.0,0.0,0.0,0.0,0.0,0.0,0,0.06774092293318919,0.06774092293318919,0.0251
0.862,0.431862,4.06679818129e-05,0.040667981812899996,0.004553986257035916,25.7161724187,0.0,0.0,-25.7161724187,2000000.0,250.0,31,0,0,0.0,0.0,0.0,0.0,0.0,31,0,0,0.0,0.0,0.0,25.792658999743903,0.0,31,31,30,25589.1640625,-0.007224638015031815,0.00020237352146068588,-8.914106001611799e-05,8.914106001611799e-05,0.0,0.0,0.0,0.0,0.0,0.0,0,0.06773641618157719,0.06773641618157719,0.0251
0.864,0.432864,4.528741866e-05,0.04528741866,0.004648315056337438,25.923809547,0.0,0.0,-25.923809547,2000000.0,250.0,30,0,0,0.0,0.0,0.0,0.0,0.0,30,0,0,0.0,0.0,0.0,25.793273605620442,0.0,30,30,29,25531.3515625,-0.007224726025015116,0.00020235348347341642,-8.952966891229153e-05,8.952966891229153e-05,0.0,0.0,0.0,0.0,0.0,0.0,0,0.0677317967447301,0.0677317967447301,0.0251
0.866,0.433866,4.99832051858e-05,0.049983205185799996,0.004714779874900318,26.1182636741,0.0,0.0,-26.1182636741,2000000.0,250.0,31,0,0,0.0,0.0,0.0,0.0,0.0,31,0,0,0.0,0.0,0.0,25.793848710202916,0.0,31,31,30,25590.09765625,-0.00722480658441782,0.00020233497343724594,-8.977131074061617e-05,8.977131074061617e-05,0.0,0.0,0.0,0.0,0.0,0.0,0,0.06772710095820429,0.06772710095820429,0.0251
0.868,0.434868,5.47358375293e-05,0.0547358375293,0.004770994734231523,26.2947556493,0.0,0.0,-26.2947556493,2000000.0,250.0,31,0,0,0.0,0.0,0.0,0.0,0.0,31,0,0,0.0,0.0,0.0,25.794493531426816,0.0,31,31,30,25806.6328125,-0.007224894128739834,0.00020231492817401886,-8.950938354246318e-05,8.950938354246318e-05,0.0,0.0,0.0,0.0,0.0,0.0,0,0.0677223483258608,0.0677223483258608,0.0251
0.87,0.43587,5.95442786332e-05,0.0595442786332,0.004831475960628728,26.4544962786,0.0,0.0,-26.4544962786,2000000.0,250.0,31,0,0,0.0,0.0,0.0,0.0,0.0,31,0,0,0.0,0.0,0.0,25.79509635101255,0.0,31,31,30,25589.150390625,-0.007224982604384422,0.00020229488291079178,-8.945485024014488e-05,8.945485024014488e-05,0.0,0.0,0.0,0.0,0.0,0.0,0,0.0677175398847569,0.0677175398847569,0.0251
0.872,0.436872,6.44181153544e-05,0.06441811535440001,0.004904852231287407,26.6234706333,0.0,0.0,-26.6234706333,2000000.0,250.0,31,0,0,0.0,0.0,0.0,0.0,0.0,31,0,0,0.0,0.0,0.0,25.795715072296858,0.0,31,31,30,25589.322265625,-0.007225070148706436,0.00020227484492352232,-8.977676770882681e-05,8.977676770882681e-05,0.0,0.0,0.0,0.0,0.0,0.0,0,0.06771266604803569,0.06771266604803569,0.0251
0.874,0.437874,6.93736025047e-05,0.0693736025047,0.004991997455938112,26.8149397766,0.0,0.0,-26.8149397766,2000000.0,250.0,30,0,0,0.0,0.0,0.0,0.0,0.0,30,0,0,0.0,0.0,0.0,25.79630731296317,0.0,30,30,29,25531.513671875,-0.007225158158689737,0.00020225476328050718,-8.99506121641025e-05,8.99506121641025e-05,0.0,0.0,0.0,0.0,0.0,0.0,0,0.0677077105608854,0.0677077105608854,0.0251
0.876,0.438876,7.44220782561e-05,0.0744220782561,0.005082018137325332,27.0465520368,0.0,0.0,-27.0465520368,2000000.0,250.0,31,0,0,0.0,0.0,0.0,0.0,0.0,31,0,0,0.0,0.0,0.0,25.796923314688428,0.0,31,31,30,25589.244140625,-0.007225245703011751,0.00020223448518663645,-9.01557068573311e-05,9.01557068573311e-05,0.0,0.0,0.0,0.0,0.0,0.0,0,0.067702662085134,0.067702662085134,0.0251
0.878,0.439878,7.95579668519e-05,0.0795579668519,0.005158219049401183,27.2877445229,0.0,0.0,-27.2877445229,2000000.0,250.0,31,0,0,0.0,0.0,0.0,0.0,0.0,31,0,0,0.0,0.0,0.0,25.797567416270734,0.0,31,31,30,25589.43359375,-0.007225333712995052,0.00020221443992340937,-8.99075748748146e-05,8.99075748748146e-05,0.0,0.0,0.0,0.0,0.0,0.0,0,0.0676975261965382,0.0676975261965382,0.0251
0.88,0.44088,8.47591492311e-05,0.0847591492311,0.005209851730489011,27.5306325585,0.0,0.0,-27.5306325585,2000000.0,250.0,31,0,0,0.0,0.0,0.0,0.0,0.0,31,0,0,0.0,0.0,0.0,25.798130972219386,0.0,31,31,30,25589.310546875,-0.007225414738059044,0.00020219616271788254,-8.974602678790689e-05,8.974602678790689e-05,0.0,0.0,0.0,0.0,0.0,0.0,0,0.06769232501415899,0.06769232501415899,0.0251
0.882,0.441882,8.99985097198e-05,0.0899985097198,0.005238976115369241,27.7495601405,0.0,0.0,-27.7495601405,2000000.0,250.0,31,0,0,0.0,0.0,0.0,0.0,0.0,31,0,0,0.0,0.0,0.0,25.798741124245804,0.0,31,31,30,25590.36328125,-0.007225502282381058,0.00020217612473061308,-8.993859955808148e-05,8.993859955808148e-05,0.0,0.0,0.0,0.0,0.0,0.0,0,0.06768708565367029,0.06768708565367029,0.0251
0.884,0.442884,9.52580573663e-05,0.0952580573663,0.005253879537524937,27.9795245774,0.0,0.0,-27.9795245774,2000000.0,250.0,30,0,0,0.0,0.0,0.0,0.0,0.0,30,0,0,0.0,0.0,0.0,25.799363032255727,0.0,30,30,29,25531.6875,-0.007225590292364359,0.000202156079467386,-9.022669109981507e-05,9.022669109981507e-05,0.0,0.0,0.0,0.0,0.0,0.0,0,0.0676818261060238,0.0676818261060238,0.0251
0.886,0.443886,0.000100527284313,0.10052728431300001,0.005256704016816348,28.2112157091,0.0,0.0,-28.2112157091,2000000.0,250.0,31,0,0,0.0,0.0,0.0,0.0,0.0,31,0,0,0.0,0.0,0.0,25.800000124968662,0.0,31,31,30,25589.412109375,-0.007225677836686373,0.00020213603420415893,-8.976098615676165e-05,8.976098615676165e-05,0.0,0.0,0.0,0.0,0.0,0.0,0,0.06767655687907709,0.06767655687907709,0.0251
0.888,0.444888,0.000105792492216,0.105792492216,0.005243475373253474,28.4029688647,0.0,0.0,-28.4029688647,2000000.0,250.0,31,0,0,0.0,0.0,0.0,0.0,0.0,31,0,0,0.0,0.0,0.0,25.80059744270851,0.0,31,31,30,25589.587890625,-0.007225765846669674,0.00020211574155837297,-8.999623241834342e-05,8.999623241834342e-05,0.0,0.0,0.0,0.0,0.0,0.0,0,0.0676712916711741,0.0676712916711741,0.0251
0.89,0.44589,0.000111035208961,0.111035208961,0.005211144860778429,28.5788573038,0.0,0.0,-28.5788573038,2000000.0,250.0,31,0,0,0.0,0.0,0.0,0.0,0.0,31,0,0,0.0,0.0,0.0,25.801212086567517,0.0,31,31,30,25590.494140625,-0.007225853390991688,0.00020209565991535783,-9.011222573462874e-05,9.011222573462874e-05,0.0,0.0,0.0,0.0,0.0,0.0,0,0.0676660489544291,0.0676660489544291,0.0251
0.892,0.446892,0.000116235626517,0.11623562651699999,0.005161031561377233,28.7511992036,0.0,0.0,-28.7511992036,2000000.0,250.0,31,0,0,0.0,0.0,0.0,0.0,0.0,31,0,0,0.0,0.0,0.0,25.801818352479767,0.0,31,31,30,25806.978515625,-0.007225941866636276,0.00020207561465213075,-8.996334508992732e-05,8.996334508992732e-05,0.0,0.0,0.0,0.0,0.0,0.0,0,0.0676608485368731,0.0676608485368731,0.0251
0.894,0.447894,0.00012137791621,0.12137791620999999,0.005100632116267455,28.9090161619,0.0,0.0,-28.9090161619,2000000.0,250.0,31,0,0,0.0,0.0,0.0,0.0,0.0,31,0,0,0.0,0.0,0.0,25.80241437731016,0.0,31,31,30,25807.013671875,-0.007226021960377693,0.00020205733744660392,-8.935514051700011e-05,8.935514051700011e-05,0.0,0.0,0.0,0.0,0.0,0.0,0,0.06765570624718009,0.06765570624718009,0.0251
0.896,0.448896,0.000126457293278,0.12645729327799998,0.005042006426646692,29.0303764716,0.0,0.0,-29.0303764716,2000000.0,250.0,31,0,0,0.0,0.0,0.0,0.0,0.0,31,0,0,0.0,0.0,0.0,25.803023014175867,0.0,31,31,30,25589.576171875,-0.007226109970360994,0.00020203729945933446,-8.93199467100203e-05,8.93199467100203e-05,0.0,0.0,0.0,0.0,0.0,0.0,0,0.0676506268701121,0.0676506268701121,0.0251
0.898,0.449898,0.000131482097089,0.131482097089,0.004993702766467045,29.1438311884,0.0,0.0,-29.1438311884,2000000.0,250.0,31,0,0,0.0,0.0,0.0,0.0,0.0,31,0,0,0.0,0.0,0.0,25.80364437761259,0.0,31,31,30,25590.626953125,-0.0072261979803442955,0.0002020172541961074,-8.961879939306527e-05,8.961879939306527e-05,0.0,0.0,0.0,0.0,0.0,0.0,0,0.06764560206630109,0.06764560206630109,0.0251
0.9,0.4509,0.000136464673622,0.136464673622,0.0049550513857285206,29.286641201,0.0,0.0,-29.286641201,2000000.0,250.0,30,0,0,0.0,0.0,0.0,0.0,0.0,30,0,0,0.0,0.0,0.0,25.804263882970332,0.0,30,30,29,25531.951171875,-0.007226285524666309,0.00020199697610223666,-8.990061178337783e-05,8.990061178337783e-05,0.0,0.0,0.0,0.0,0.0,0.0,0,0.0676406194897681,0.0676406194897681,0.0251
0.902,0.451902,0.000141412020066,0.14141202006599998,0.004920614174650811,29.470702089,0.0,0.0,-29.470702089,2000000.0,250.0,31,0,0,0.0,0.0,0.0,0.0,0.0,31,0,0,0.0,0.0,0.0,25.80488165015445,0.0,31,31,30,25589.677734375,-0.007226374000310898,0.0002019769381149672,-8.956374949775636e-05,8.956374949775636e-05,0.0,0.0,0.0,0.0,0.0,0.0,0,0.0676356721433241,0.0676356721433241,0.0251
0.904,0.452904,0.000146325584428,0.146325584428,0.004886634175149826,29.6615174671,0.0,0.0,-29.6615174671,2000000.0,250.0,31,0,0,0.0,0.0,0.0,0.0,0.0,31,0,0,0.0,0.0,0.0,25.805501416782967,0.0,31,31,30,25589.857421875,-0.007226461544632912,0.00020195689285174012,-8.983925363281742e-05,8.983925363281742e-05,0.0,0.0,0.0,0.0,0.0,0.0,0,0.0676307585789621,0.0676307585789621,0.0251
0.906,0.453906,0.000151204834953,0.151204834953,0.0048504941112774425,29.860619916,0.0,0.0,-29.860619916,2000000.0,250.0,30,0,0,0.0,0.0,0.0,0.0,0.0,30,0,0,0.0,0.0,0.0,25.806118536516955,0.0,30,30,29,25532.048828125,-0.007226549554616213,0.00020193681120872498,-9.004590538097546e-05,9.004590538097546e-05,0.0,0.0,0.0,0.0,0.0,0.0,0,0.0676258793284371,0.0676258793284371,0.0251
0.908,0.454908,0.000156045974627,0.156045974627,0.004808282016467047,30.0872123915,0.0,0.0,-30.0872123915,2000000.0,250.0,31,0,0,0.0,0.0,0.0,0.0,0.0,31,0,0,0.0,0.0,0.0,25.806738741257572,0.0,31,31,30,25807.220703125,-0.007226637098938227,0.0002019167659454979,-8.994800737127662e-05,8.994800737127662e-05,0.0,0.0,0.0,0.0,0.0,0.0,0,0.0676210381887631,0.0676210381887631,0.0251
0.91,0.45591,0.000160840632114,0.160840632114,0.004755710341317346,30.3147398924,0.0,0.0,-30.3147398924,2000000.0,250.0,31,0,0,0.0,0.0,0.0,0.0,0.0,31,0,0,0.0,0.0,0.0,25.80728941051064,0.0,31,31,30,25807.2421875,-0.007226717658340931,0.00020189825590932742,-8.933262870414183e-05,8.933262870414183e-05,0.0,0.0,0.0,0.0,0.0,0.0,0,0.0676162435312761,0.0676162435312761,0.0251
0.912,0.456912,0.000165576418151,0.165576418151,0.004687419101297399,30.5195733468,0.0,0.0,-30.5195733468,2000000.0,250.0,31,0,0,0.0,0.0,0.0,0.0,0.0,31,0,0,0.0,0.0,0.0,25.807922483685463,0.0,31,31,30,25589.84375,-0.007226804969832301,0.0002018784507527016,-8.906034054234624e-05,8.906034054234624e-05,0.0,0.0,0.0,0.0,0.0,0.0,0,0.0676115077452391,0.0676115077452391,0.0251
0.914,0.457914,0.000170234219993,0.170234219993,0.004597612139221538,30.7030935988,0.0,0.0,-30.7030935988,2000000.0,250.0,31,0,0,0.0,0.0,0.0,0.0,0.0,31,0,0,0.0,0.0,0.0,25.808547816114924,0.0,31,31,30,25589.873046875,-0.007226892281323671,0.0002018585437326692,-8.944798173615709e-05,8.944798173615709e-05,0.0,0.0,0.0,0.0,0.0,0.0,0,0.0676068499433971,0.0676068499433971,0.0251
0.916,0.458916,0.000174790032878,0.174790032878,0.0044866244486027745,30.8545592186,0.0,0.0,-30.8545592186,2000000.0,250.0,31,0,0,0.0,0.0,0.0,0.0,0.0,31,0,0,0.0,0.0,0.0,25.809112175600998,0.0,31,31,30,25590.923828125,-0.007226975634694099,0.00020183952437946573,-8.970234193839133e-05,8.970234193839133e-05,0.0,0.0,0.0,0.0,0.0,0.0,0,0.0676022941305121,0.0676022941305121,0.0251
0.918,0.459918,0.000179225415388,0.179225415388,0.004363269093812364,30.9775381503,0.0,0.0,-30.9775381503,2000000.0,250.0,31,0,0,0.0,0.0,0.0,0.0,0.0,31,0,0,0.0,0.0,0.0,25.809778161779054,0.0,31,31,30,25807.373046875,-0.007227067835628986,0.00020181841682642698,-8.9272391051054e-05,8.9272391051054e-05,0.0,0.0,0.0,0.0,0.0,0.0,0,0.06759785874800209,0.06759785874800209,0.0251
0.92,0.46092,0.000183534024142,0.183534024142,0.004237825903193604,31.0807730404,0.0,0.0,-31.0807730404,2000000.0,250.0,31,0,0,0.0,0.0,0.0,0.0,0.0,31,0,0,0.0,0.0,0.0,25.810341530243996,0.0,31,31,30,25807.400390625,-0.007227149559184909,0.00020179976854706183,-8.869621524354443e-05,8.869621524354443e-05,0.0,0.0,0.0,0.0,0.0,0.0,0,0.06759355013924809,0.06759355013924809,0.0251
0.922,0.461922,0.000187718018498,0.187718018498,0.004118617545908171,31.2205551023,0.0,0.0,-31.2205551023,2000000.0,250.0,31,0,0,0.0,0.0,0.0,0.0,0.0,31,0,0,0.0,0.0,0.0,25.810923151018155,0.0,31,31,30,25590.001953125,-0.007227231515571475,0.0002017811275436543,-8.838533540256321e-05,8.838533540256321e-05,0.0,0.0,0.0,0.0,0.0,0.0,0,0.0675893661448921,0.0675893661448921,0.0251
0.924,0.462924,0.000191787733704,0.19178773370399999,0.004012381748502977,31.3994607496,0.0,0.0,-31.3994607496,2000000.0,250.0,31,0,0,0.0,0.0,0.0,0.0,0.0,31,0,0,0.0,0.0,0.0,25.811535462785876,0.0,31,31,30,25590.0390625,-0.007227318128570914,0.0002017614897340536,-8.892962068784982e-05,8.892962068784982e-05,0.0,0.0,0.0,0.0,0.0,0.0,0,0.0675852964296861,0.0675852964296861,0.0251
0.926,0.463926,0.000195758831522,0.195758831522,0.0039220813058882115,31.5643546979,0.0,0.0,-31.5643546979,2000000.0,250.0,31,0,0,0.0,0.0,0.0,0.0,0.0,31,0,0,0.0,0.0,0.0,25.812144221242278,0.0,31,31,30,25590.21875,-0.007227404974400997,0.0002017415827140212,-8.934552170103416e-05,8.934552170103416e-05,0.0,0.0,0.0,0.0,0.0,0.0,0,0.0675813253318681,0.0675813253318681,0.0251
0.928,0.464928,0.000199647584641,0.19964758464100002,0.0038455601207584844,31.7076442915,0.0,0.0,-31.7076442915,2000000.0,250.0,30,0,0,0.0,0.0,0.0,0.0,0.0,30,0,0,0.0,0.0,0.0,25.81277622278714,0.0,30,30,29,25532.419921875,-0.00722749438136816,0.00020172112999716774,-8.959767001215369e-05,8.959767001215369e-05,0.0,0.0,0.0,0.0,0.0,0.0,0,0.0675774365787491,0.0675774365787491,0.0251
0.93,0.46593,0.000203465334004,0.203465334004,0.003777337722055879,31.8107559717,0.0,0.0,-31.8107559717,2000000.0,250.0,31,0,0,0.0,0.0,0.0,0.0,0.0,31,0,0,0.0,0.0,0.0,25.81338046105843,0.0,31,31,30,25807.546875,-0.0072275809943675995,0.00020170122297713533,-8.956498641055077e-05,8.956498641055077e-05,0.0,0.0,0.0,0.0,0.0,0.0,0,0.06757361882938609,0.06757361882938609,0.0251
0.932,0.466932,0.000207217369436,0.207217369436,0.003710751996007969,31.9183961593,0.0,0.0,-31.9183961593,2000000.0,250.0,31,0,0,0.0,0.0,0.0,0.0,0.0,31,0,0,0.0,0.0,0.0,25.813955677087954,0.0,31,31,30,25590.171875,-0.007227662950754166,0.0002016825819737278,-8.977992547443137e-05,8.977992547443137e-05,0.0,0.0,0.0,0.0,0.0,0.0,0,0.06756986679395409,0.06756986679395409,0.0251
0.934,0.467934,0.000210901681004,0.210901681004,0.0036380820314371176,32.0516853725,0.0,0.0,-32.0516853725,2000000.0,250.0,31,0,0,0.0,0.0,0.0,0.0,0.0,31,0,0,0.0,0.0,0.0,25.81457471832414,0.0,31,31,30,25590.197265625,-0.0072277504950761795,0.00020166253671050072,-8.999356941785663e-05,8.999356941785663e-05,0.0,0.0,0.0,0.0,0.0,0.0,0,0.06756618248238609,0.06756618248238609,0.0251
0.936,0.468936,0.000214508085827,0.21450808582699998,0.00355262461377244,32.2229693916,0.0,0.0,-32.2229693916,2000000.0,250.0,31,0,0,0.0,0.0,0.0,0.0,0.0,31,0,0,0.0,0.0,0.0,25.81519346644625,0.0,31,31,30,25591.244140625,-0.007227838505059481,0.00020164249144727364,-9.008822235045955e-05,9.008822235045955e-05,0.0,0.0,0.0,0.0,0.0,0.0,0,0.0675625760775631,0.0675625760775631,0.0251
0.938,0.469938,0.00021802114073,0.21802114072999998,0.00345167980638722,32.4009431467,0.0,0.0,-32.4009431467,2000000.0,250.0,30,0,0,0.0,0.0,0.0,0.0,0.0,30,0,0,0.0,0.0,0.0,25.815792718200775,0.0,30,30,29,25532.580078125,-0.007227924652397633,0.00020162258442724124,-9.014253737404943e-05,9.014253737404943e-05,0.0,0.0,0.0,0.0,0.0,0.0,0,0.0675590630226601,0.0675590630226601,0.0251
0.94,0.47094,0.000221425252159,0.221425252159,0.003337433231037995,32.514248068,0.0,0.0,-32.514248068,2000000.0,250.0,31,0,0,0.0,0.0,0.0,0.0,0.0,31,0,0,0.0,0.0,0.0,25.816423751291424,0.0,31,31,30,25590.296875,-0.007228013593703508,0.00020160237181698903,-8.941840496845543e-05,8.941840496845543e-05,0.0,0.0,0.0,0.0,0.0,0.0,0,0.0675556589112311,0.0675556589112311,0.0251
0.942,0.471942,0.000224709356925,0.224709356925,0.003214448934131822,32.591716135,0.0,0.0,-32.591716135,2000000.0,250.0,31,0,0,0.0,0.0,0.0,0.0,0.0,31,0,0,0.0,0.0,0.0,25.81705275101002,0.0,31,31,30,25590.33203125,-0.007228100672364235,0.0002015825011767447,-8.930806507123634e-05,8.930806507123634e-05,0.0,0.0,0.0,0.0,0.0,0.0,0,0.06755237480646509,0.06755237480646509,0.0251
0.944,0.472944,0.000227867007823,0.227867007823,0.003087017935129735,32.7110562052,0.0,0.0,-32.7110562052,2000000.0,250.0,30,0,0,0.0,0.0,0.0,0.0,0.0,30,0,0,0.0,0.0,0.0,25.817683407468845,0.0,30,30,29,25532.68359375,-0.007228189148008823,0.00020156204845989123,-8.957970567280427e-05,8.957970567280427e-05,0.0,0.0,0.0,0.0,0.0,0.0,0,0.0675492171555671,0.0675492171555671,0.0251
0.946,0.473946,0.000230895740867,0.230895740867,0.0029584672445109594,32.9120317024,0.0,0.0,-32.9120317024,2000000.0,250.0,30,0,0,0.0,0.0,0.0,0.0,0.0,30,0,0,0.0,0.0,0.0,25.81823525104335,0.0,30,30,29,25532.716796875,-0.007228270638734102,0.0002015437712543644,-8.983039879240096e-05,8.983039879240096e-05,0.0,0.0,0.0,0.0,0.0,0.0,0,0.06754618842252309,0.06754618842252309,0.0251
0.948,0.474948,0.000233795776181,0.233795776181,0.002832478182634726,33.1185603345,0.0,0.0,-33.1185603345,2000000.0,250.0,31,0,0,0.0,0.0,0.0,0.0,0.0,31,0,0,0.0,0.0,0.0,25.818849424991758,0.0,31,31,30,25807.810546875,-0.007228358183056116,0.00020152373326709494,-8.963715663412586e-05,8.963715663412586e-05,0.0,0.0,0.0,0.0,0.0,0.0,0,0.06754328838720909,0.06754328838720909,0.0251
0.95,0.47595,0.000236572027145,0.236572027145,0.00271550730538922,33.2551894789,0.0,0.0,-33.2551894789,2000000.0,250.0,31,0,0,0.0,0.0,0.0,0.0,0.0,31,0,0,0.0,0.0,0.0,25.81947849250334,0.0,31,31,30,25590.466796875,-0.007228444330394268,0.00020150382624706253,-8.971995703177527e-05,8.971995703177527e-05,0.0,0.0,0.0,0.0,0.0,0.0,0,0.0675405121362451,0.0675405121362451,0.0251
0.952,0.476952,0.000239237652821,0.239237652821,0.0026131408782435056,33.3299361228,0.0,0.0,-33.3299361228,2000000.0,250.0,31,0,0,0.0,0.0,0.0,0.0,0.0,31,0,0,0.0,0.0,0.0,25.82012245708776,0.0,31,31,30,25591.515625,-0.007228533737361431,0.00020148360636085272,-8.98913131095469e-05,8.98913131095469e-05,0.0,0.0,0.0,0.0,0.0,0.0,0,0.0675378465105691,0.0675378465105691,0.0251
0.954,0.477954,0.000241808761465,0.24180876146500002,0.0025238340963073813,33.4249369292,0.0,0.0,-33.4249369292,2000000.0,250.0,30,0,0,0.0,0.0,0.0,0.0,0.0,30,0,0,0.0,0.0,0.0,25.820714334612138,0.0,30,30,29,25532.857421875,-0.00722862035036087,0.00020146373572060838,-8.998408156912774e-05,8.998408156912774e-05,0.0,0.0,0.0,0.0,0.0,0.0,0,0.0675352754019251,0.0675352754019251,0.0251
0.956,0.478956,0.00024429541635,0.24429541635,0.0024406399575848114,33.5266608518,0.0,0.0,-33.5266608518,2000000.0,250.0,31,0,0,0.0,0.0,0.0,0.0,0.0,31,0,0,0.0,0.0,0.0,25.821338179753837,0.0,31,31,30,25590.568359375,-0.0072287097573280334,0.00020144329027971253,-8.98095458978787e-05,8.98095458978787e-05,0.0,0.0,0.0,0.0,0.0,0.0,0,0.06753278874704009,0.06753278874704009,0.0251
0.958,0.479958,0.00024669980394,0.24669980394,0.002357243126746497,33.6356905442,0.0,0.0,-33.6356905442,2000000.0,250.0,31,0,0,0.0,0.0,0.0,0.0,0.0,31,0,0,0.0,0.0,0.0,25.821947259880247,0.0,31,31,30,25590.603515625,-0.007228795904666185,0.00020142365247011185,-8.939020335674286e-05,8.939020335674286e-05,0.0,0.0,0.0,0.0,0.0,0.0,0,0.0675303843594501,0.0675303843594501,0.0251
0.96,0.48096,0.000249019331576,0.249019331576,0.002269309829341315,33.7316317418,0.0,0.0,-33.7316317418,2000000.0,250.0,31,0,0,0.0,0.0,0.0,0.0,0.0,31,0,0,0.0,0.0,0.0,25.82253028800879,0.0,31,31,30,25590.779296875,-0.0072288778610527515,0.00020140494598308578,-8.964698645286262e-05,8.964698645286262e-05,0.0,0.0,0.0,0.0,0.0,0.0,0,0.06752806483181409,0.06752806483181409,0.0251
0.962,0.481962,0.000251247500838,0.251247500838,0.002174274048403188,33.8118030663,0.0,0.0,-33.8118030663,2000000.0,250.0,30,0,0,0.0,0.0,0.0,0.0,0.0,30,0,0,0.0,0.0,0.0,25.82314339046886,0.0,30,30,29,25532.984375,-0.007228965871036053,0.00020138490799581632,-8.98100552149117e-05,8.98100552149117e-05,0.0,0.0,0.0,0.0,0.0,0.0,0,0.06752583666255209,0.06752583666255209,0.0251
0.964,0.482964,0.000253376576769,0.253376576769,0.002071143187125729,33.8902457251,0.0,0.0,-33.8902457251,2000000.0,250.0,31,0,0,0.0,0.0,0.0,0.0,0.0,31,0,0,0.0,0.0,0.0,25.823770503784434,0.0,31,31,30,25808.05078125,-0.007229054346680641,0.00020136486273258924,-8.990694186650217e-05,8.990694186650217e-05,0.0,0.0,0.0,0.0,0.0,0.0,0,0.0675237075866211,0.0675237075866211,0.0251
0.966,0.483966,0.000255398071785,0.25539807178499996,0.0019601737430139654,33.9517370681,0.0,0.0,-33.9517370681,2000000.0,250.0,31,0,0,0.0,0.0,0.0,0.0,0.0,31,0,0,0.0,0.0,0.0,25.824401132616824,0.0,31,31,30,25808.0859375,-0.007229140494018793,0.00020134497754042968,-8.965657616499811e-05,8.965657616499811e-05,0.0,0.0,0.0,0.0,0.0,0.0,0,0.0675216860916051,0.0675216860916051,0.0251
0.968,0.484968,0.00025730476495,0.25730476495000004,0.0018439563742515264,33.9707319566,0.0,0.0,-33.9707319566,2000000.0,250.0,31,0,0,0.0,0.0,0.0,0.0,0.0,31,0,0,0.0,0.0,0.0,25.825016454617515,0.0,31,31,30,25591.78125,-0.007229229900985956,0.00020132450299570337,-8.969310147222131e-05,8.969310147222131e-05,0.0,0.0,0.0,0.0,0.0,0.0,0,0.06751977939844009,0.06751977939844009,0.0251
0.97,0.48597,0.000259093360359,0.25909336035900005,0.0017263132020957916,33.9758117747,0.0,0.0,-33.9758117747,2000000.0,250.0,30,0,0,0.0,0.0,0.0,0.0,0.0,30,0,0,0.0,0.0,0.0,25.825596643871435,0.0,30,30,29,25533.115234375,-0.007229316048324108,0.00020130488701397553,-8.98338039405644e-05,8.98338039405644e-05,0.0,0.0,0.0,0.0,0.0,0.0,0,0.0675179908030311,0.0675179908030311,0.0251
0.972,0.486972,0.000260764296607,0.260764296607,0.0016109512225548628,34.0270657979,0.0,0.0,-34.0270657979,2000000.0,250.0,31,0,0,0.0,0.0,0.0,0.0,0.0,31,0,0,0.0,0.0,0.0,25.826232182629642,0.0,31,31,30,25590.833984375,-0.007229404989629984,0.00020128441974520683,-8.920999243855476e-05,8.920999243855476e-05,0.0,0.0,0.0,0.0,0.0,0.0,0,0.0675163198667831,0.0675163198667831,0.0251
0.974,0.487974,0.000262321706609,0.26232170660899995,0.001501879946107787,34.0875402872,0.0,0.0,-34.0875402872,2000000.0,250.0,31,0,0,0.0,0.0,0.0,0.0,0.0,31,0,0,0.0,0.0,0.0,25.826831083550765,0.0,31,31,30,25808.212890625,-0.0072294853162020445,0.00020126610615989193,-8.895106293493882e-05,8.895106293493882e-05,0.0,0.0,0.0,0.0,0.0,0.0,0,0.06751476245678109,0.06751476245678109,0.0251
0.976,0.488976,0.000263774064019,0.263774064019,0.0014023107055888273,34.1467428882,0.0,0.0,-34.1467428882,2000000.0,250.0,31,0,0,0.0,0.0,0.0,0.0,0.0,31,0,0,0.0,0.0,0.0,25.827454190479628,0.0,31,31,30,25591.052734375,-0.007229574024677277,0.0002012458280660212,-8.91785166459158e-05,8.91785166459158e-05,0.0,0.0,0.0,0.0,0.0,0.0,0,0.06751331009937109,0.06751331009937109,0.0251
0.978,0.489978,0.000265131937263,0.265131937263,0.0013133691956087878,34.1711903253,0.0,0.0,-34.1711903253,2000000.0,250.0,31,0,0,0.0,0.0,0.0,0.0,0.0,31,0,0,0.0,0.0,0.0,25.828010582221072,0.0,31,31,30,25591.0859375,-0.0072296541184186935,0.00020122758724028245,-8.94845143193379e-05,8.94845143193379e-05,0.0,0.0,0.0,0.0,0.0,0.0,0,0.06751195222612709,0.06751195222612709,0.0251
0.98,0.49098,0.000266406055887,0.266406055887,0.001234738220558862,34.1648756195,0.0,0.0,-34.1648756195,2000000.0,250.0,31,0,0,0.0,0.0,0.0,0.0,0.0,31,0,0,0.0,0.0,0.0,25.828620688666906,0.0,31,31,30,25591.96875,-0.007229742128401995,0.00020120754925301298,-8.965763845480978e-05,8.965763845480978e-05,0.0,0.0,0.0,0.0,0.0,0.0,0,0.0675106781075031,0.0675106781075031,0.0251
0.982,0.491982,0.000267606352657,0.267606352657,0.0011633301357285575,34.1588873886,0.0,0.0,-34.1588873886,2000000.0,250.0,30,0,0,0.0,0.0,0.0,0.0,0.0,30,0,0,0.0,0.0,0.0,25.82924626963693,0.0,30,30,29,25533.318359375,-0.007229830138385296,0.0002011875039897859,-8.957453246694058e-05,8.957453246694058e-05,0.0,0.0,0.0,0.0,0.0,0.0,0,0.06750947781073309,0.06750947781073309,0.0251
0.984,0.492984,0.000268737369479,0.26873736947899995,0.0010954566941117905,34.1738964138,0.0,0.0,-34.1738964138,2000000.0,250.0,31,0,0,0.0,0.0,0.0,0.0,0.0,31,0,0,0.0,0.0,0.0,25.829860759452533,0.0,31,31,30,25591.03125,-0.00722991768270731,0.00020116745872655883,-8.939862163970247e-05,8.939862163970247e-05,0.0,0.0,0.0,0.0,0.0,0.0,0,0.0675083467939111,0.0675083467939111,0.0251
0.986,0.493986,0.000269801647872,0.269801647872,0.0010304803632734671,34.1930692562,0.0,0.0,-34.1930692562,2000000.0,250.0,31,0,0,0.0,0.0,0.0,0.0,0.0,31,0,0,0.0,0.0,0.0,25.830493012540476,0.0,31,31,30,25591.224609375,-0.007230006158351898,0.00020114742073928937,-8.965917368186638e-05,8.965917368186638e-05,0.0,0.0,0.0,0.0,0.0,0.0,0,0.06750728251551809,0.06750728251551809,0.0251
0.988,0.494988,0.000270802452127,0.270802452127,0.0009667489875249402,34.2337758223,0.0,0.0,-34.2337758223,2000000.0,250.0,30,0,0,0.0,0.0,0.0,0.0,0.0,30,0,0,0.0,0.0,0.0,25.831085818862338,0.0,30,30,29,25533.416015625,-0.007230093702673912,0.0002011270626098849,-8.979803533293307e-05,8.979803533293307e-05,0.0,0.0,0.0,0.0,0.0,0.0,0,0.06750628171126309,0.06750628171126309,0.0251
0.99,0.49599,0.000271739012843,0.271739012843,0.000898703998003958,34.2930277336,0.0,0.0,-34.2930277336,2000000.0,250.0,31,0,0,0.0,0.0,0.0,0.0,0.0,31,0,0,0.0,0.0,0.0,25.831727038743796,0.0,31,31,30,25808.443359375,-0.007230181712657213,0.00020110702462261543,-8.959323895396665e-05,8.959323895396665e-05,0.0,0.0,0.0,0.0,0.0,0.0,0,0.0675053451505471,0.0675053451505471,0.0251
0.992,0.496992,0.000272603454939,0.272603454939,0.0008217996072854561,34.3350399924,0.0,0.0,-34.3350399924,2000000.0,250.0,31,0,0,0.0,0.0,0.0,0.0,0.0,31,0,0,0.0,0.0,0.0,25.83230756740617,0.0,31,31,30,25808.474609375,-0.007230262039229274,0.00020108901662752032,-8.895437349565327e-05,8.895437349565327e-05,0.0,0.0,0.0,0.0,0.0,0.0,0,0.0675044807084511,0.0675044807084511,0.0251
0.994,0.497994,0.000273385899256,0.27338589925600004,0.0007393722375249601,34.3492427762,0.0,0.0,-34.3492427762,2000000.0,250.0,31,0,0,0.0,0.0,0.0,0.0,0.0,31,0,0,0.0,0.0,0.0,25.83292142806585,0.0,31,31,30,25591.201171875,-0.007230349583551288,0.00020106897136429325,-8.895785140339285e-05,8.895785140339285e-05,0.0,0.0,0.0,0.0,0.0,0.0,0,0.06750369826413409,0.06750369826413409,0.0251
0.996,0.498996,0.000274085156903,0.274085156903,0.0006595486297404918,34.3498195725,0.0,0.0,-34.3498195725,2000000.0,250.0,31,0,0,0.0,0.0,0.0,0.0,0.0,31,0,0,0.0,0.0,0.0,25.83349302195358,0.0,31,31,30,25591.224609375,-0.007230430841445923,0.0002010502284974791,-8.932540367823094e-05,8.932540367823094e-05,0.0,0.0,0.0,0.0,0.0,0.0,0,0.0675029990064871,0.0675029990064871,0.0251
0.998,0.499998,0.00027470763471,0.27470763471000004,0.0005856940384231513,34.3744723044,0.0,0.0,-34.3744723044,2000000.0,250.0,31,0,0,0.0,0.0,0.0,0.0,0.0,31,0,0,0.0,0.0,0.0,25.834117713388967,0.0,31,31,30,25591.4140625,-0.007230518385767937,0.00020103019051020965,-8.955868543125689e-05,8.955868543125689e-05,0.0,0.0,0.0,0.0,0.0,0.0,0,0.06750237652868009,0.06750237652868009,0.0251
1.0,0.501,0.000275258887756,0.275258887756,0.0005501527405189692,34.4022149118,0.0,0.0,-34.4022149118,2000000.0,250.0,30,0,0,0.0,0.0,0.0,0.0,0.0,30,0,0,0.0,0.0,0.0,25.834727256811775,0.0,30,30,29,25533.619140625,-0.007230606395751238,0.0002010101088671945,-8.986348984763026e-05,8.986348984763026e-05,0.0,0.0,0.0,0.0,0.0,0.0,0,0.0675018252756341,0.0675018252756341,0.0251
