	C:\Users\jkuzm\OneDrive - University of Massachusetts\HRSL x UMILL-PUMA Fatigue - Fatigue\Data\F01\FR3_Metabolic1.c3d
	FP1
	COFP
	ORIGINAL
ITEM	Y
1	0.31454444
2	0.31409907
3	0.31365266
4	0.31320432
5	0.31275305
6	0.31229800
7	0.31183842
8	0.31137356
9	0.31090289
10	0.31042567
11	0.30994144
12	0.30944958
13	0.30894980
14	0.30844164
15	0.30792475
16	0.30739874
17	0.30686340
18	0.30631843
19	0.30576366
20	0.30519876
21	0.30462369
22	0.30403817
23	0.30344203
24	0.30283526
25	0.30221751
26	0.30158883
27	0.30094895
28	0.30029783
29	0.29963520
30	0.29896086
31	0.29827476
32	0.29757649
33	0.29686597
34	0.29614276
35	0.29540658
36	0.29465702
37	0.29389367
38	0.29311588
39	0.29232317
40	0.29151484
41	0.29069000
42	0.28984779
43	0.28898725
44	0.28810713
45	0.28720608
46	0.28628263
47	0.28533509
48	0.28436145
49	0.28335953
50	0.28232682
51	0.28126058
52	0.28015751
53	0.27901408
54	0.27782601
55	0.27658883
56	0.27529696
57	0.27394462
58	0.27252483
59	0.27102965
60	0.26944992
61	0.26777533
62	0.26599354
63	0.26409069
64	0.26205018
65	0.25985318
66	0.25747705
67	0.25489551
68	0.25207675
69	0.24898320
70	0.24556951
71	0.24178076
72	0.23754929
73	0.23279198
74	0.22740440
75	0.22125520
76	0.21417497
77	0.20594352
78	0.19626799
79	0.18475153
80	0.17084135
81	0.15374725
82	0.13229389
83	0.10466051
84	0.06786127
85	0.01664465
86	-0.05916827
87	-0.18222170
88	-0.41513821
89	-1.01841378
90	-6.17257214
91	NaN
92	NaN
93	NaN
94	NaN
95	NaN
96	NaN
97	NaN
98	NaN
99	NaN
100	NaN
101	NaN
102	NaN
103	NaN
104	NaN
105	NaN
106	NaN
107	NaN
108	NaN
109	NaN
110	NaN
111	NaN
112	NaN
113	NaN
114	NaN
115	NaN
116	NaN
117	NaN
118	NaN
119	NaN
120	NaN
121	NaN
122	NaN
123	NaN
124	NaN
125	NaN
126	NaN
127	NaN
128	NaN
129	NaN
130	NaN
131	NaN
132	NaN
133	NaN
134	NaN
135	NaN
136	NaN
137	NaN
138	NaN
139	NaN
140	NaN
141	NaN
142	NaN
143	NaN
144	NaN
145	NaN
146	NaN
147	NaN
148	NaN
149	NaN
150	NaN
151	NaN
152	NaN
153	NaN
154	NaN
155	NaN
156	NaN
157	NaN
158	4.57670975
159	2.05600929
160	1.49115384
161	1.24248028
162	1.10278523
163	1.01344275
164	0.95147032
165	0.90601826
166	0.87129462
167	0.84392595
168	0.82181573
169	0.80359089
170	0.78831565
171	0.77533001
172	0.76415503
173	0.75443476
174	0.74589974
175	0.73834157
176	0.73159689
177	0.72553557
178	0.72005296
179	0.71506381
180	0.71049827
181	0.70629835
182	0.70241499
183	0.69880748
184	0.69544119
185	0.69228601
186	0.68931663
187	0.68651068
188	0.68384916
189	0.68131518
190	0.67889404
191	0.67657304
192	0.67434037
193	0.67218602
194	0.67010069
195	0.66807646
196	0.66610599
197	0.66418254
198	0.66230029
199	0.66045386
200	0.65863824
201	0.65684897
202	0.65508205
203	0.65333366
204	0.65160042
205	0.64987916
206	0.64816689
207	0.64646101
208	0.64475906
209	0.64305872
210	0.64135790
211	0.63965458
212	0.63794690
213	0.63623333
214	0.63451219
215	0.63278210
216	0.63104171
217	0.62928975
218	0.62752515
219	0.62574673
220	0.62395376
221	0.62214518
222	0.62032020
223	0.61847818
224	0.61661839
225	0.61474031
226	0.61284333
227	0.61092705
228	0.60899097
229	0.60703468
230	0.60505813
231	0.60306078
232	0.60104251
233	0.59900314
234	0.59694254
235	0.59486061
236	0.59275723
237	0.59063244
238	0.58848625
239	0.58631867
240	0.58412975
241	0.58191973
242	0.57968855
243	0.57743639
244	0.57516354
245	0.57287025
246	0.57055658
247	0.56822294
248	0.56586963
249	0.56349683
250	0.56110507
251	0.55869466
252	0.55626601
253	0.55381948
254	0.55135560
255	0.54887491
256	0.54637772
257	0.54386473
258	0.54133648
259	0.53879344
260	0.53623629
261	0.53366554
262	0.53108186
263	0.52848589
264	0.52587831
265	0.52325976
266	0.52063078
267	0.51799214
268	0.51534456
269	0.51268864
270	0.51002508
271	0.50735456
272	0.50467765
273	0.50199515
274	0.49930763
275	0.49661577
276	0.49392012
277	0.49122134
278	0.48852003
279	0.48581678
280	0.48311219
281	0.48040667
282	0.47770092
283	0.47499532
284	0.47229049
285	0.46958673
286	0.46688467
287	0.46418464
288	0.46148700
289	0.45879221
290	0.45610064
291	0.45341253
292	0.45072833
293	0.44804823
294	0.44537258
295	0.44270161
296	0.44003558
297	0.43737471
298	0.43471918
299	0.43206918
300	0.42942497
301	0.42678663
302	0.42415434
303	0.42152819
304	0.41890839
305	0.41629502
306	0.41368818
307	0.41108799
308	0.40849453
309	0.40590787
310	0.40332812
311	0.40075529
312	0.39818946
313	0.39563072
314	0.39307910
315	0.39053458
316	0.38799724
317	0.38546711
318	0.38294420
319	0.38042846
320	0.37791997
321	0.37541863
322	0.37292451
323	0.37043750
324	0.36795762
325	0.36548474
326	0.36301890
327	0.36055997
328	0.35810784
329	0.35566247
330	0.35322374
331	0.35079151
332	0.34836566
333	0.34594610
334	0.34353259
335	0.34112507
336	0.33872330
337	0.33632711
338	0.33393630
339	0.33155057
340	0.32916984
341	0.32679376
342	0.32442212
343	0.32205456
344	0.31969091
345	0.31733069
346	0.31497365
347	0.31261939
348	0.31026757
349	0.30791768
350	0.30556932
351	0.30322194
352	0.30087507
353	0.29852811
354	0.29618043
355	0.29383129
356	0.29148006
357	0.28912589
358	0.28676793
359	0.28440526
360	0.28203684
361	0.27966148
362	0.27727813
363	0.27488533
364	0.27248177
365	0.27006578
366	0.26763570
367	0.26518965
368	0.26272562
369	0.26024130
370	0.25773430
371	0.25520197
372	0.25264141
373	0.25004932
374	0.24742229
375	0.24475630
376	0.24204737
377	0.23929062
378	0.23648103
379	0.23361291
380	0.23068000
381	0.22767548
382	0.22459169
383	0.22142008
384	0.21815135
385	0.21477479
386	0.21127892
387	0.20765062
388	0.20387509
389	0.19993588
390	0.19581436
391	0.19148940
392	0.18693714
393	0.18213017
394	0.17703733
395	0.17162263
396	0.16584484
397	0.15965582
398	0.15299965
399	0.14581041
400	0.13801084
401	0.12950847
402	0.12019327
403	0.10993157
404	0.09856107
405	0.08588159
406	0.07164407
407	0.05553411
408	0.03714997
409	0.01596884
410	-0.00870124
411	-0.03779764
412	-0.07261914
413	-0.11502355
414	-0.16776007
415	-0.23508140
416	-0.32392985
417	-0.44647032
418	-0.62612987
419	-0.91457403
420	-1.45259166
421	-2.80806088
422	-12.67820263
423	NaN
424	NaN
425	NaN
426	NaN
427	NaN
428	NaN
429	NaN
430	NaN
431	NaN
432	NaN
433	NaN
434	NaN
435	NaN
436	NaN
437	NaN
438	NaN
439	NaN
440	NaN
441	NaN
442	NaN
443	NaN
444	NaN
445	NaN
446	NaN
447	NaN
448	NaN
449	NaN
450	NaN
451	NaN
452	NaN
453	NaN
454	NaN
455	NaN
456	NaN
457	NaN
458	NaN
459	NaN
460	NaN
461	NaN
462	NaN
463	NaN
464	NaN
465	NaN
466	NaN
467	NaN
468	NaN
469	NaN
470	NaN
471	NaN
472	NaN
473	NaN
474	NaN
475	NaN
476	NaN
477	4.81354523
478	2.41459799
479	1.75937116
480	1.45367384
481	1.27684879
482	1.16167617
483	1.08076084
484	1.02084041
485	0.97471368
486	0.93813103
487	0.90842491
488	0.88383448
489	0.86315137
490	0.84551787
491	0.83030862
492	0.81705695
493	0.80540770
494	0.79508519
495	0.78587252
496	0.77759659
497	0.77011752
498	0.76332140
499	0.75711387
500	0.75141674
501	0.74616385
502	0.74129981
503	0.73677707
504	0.73255521
505	0.72859925
506	0.72487873
507	0.72136724
508	0.71804178
509	0.71488196
510	0.71187001
511	0.70898974
512	0.70622718
513	0.70356965
514	0.70100600
515	0.69852585
516	0.69612032
517	0.69378090
518	0.69150025
519	0.68927157
520	0.68708879
521	0.68494618
522	0.68283856
523	0.68076134
524	0.67871028
525	0.67668134
526	0.67467105
527	0.67267609
528	0.67069334
529	0.66872019
530	0.66675395
531	0.66479230
532	0.66283309
533	0.66087443
534	0.65891457
535	0.65695179
536	0.65498459
537	0.65301162
538	0.65103167
539	0.64904368
540	0.64704645
541	0.64503932
542	0.64302129
543	0.64099187
544	0.63895017
545	0.63689584
546	0.63482821
547	0.63274699
548	0.63065189
549	0.62854254
550	0.62641865
551	0.62428004
552	0.62212658
553	0.61995822
554	0.61777484
555	0.61557645
556	0.61336291
557	0.61113453
558	0.60889113
559	0.60663295
560	0.60436010
561	0.60207266
562	0.59977084
563	0.59745479
564	0.59512484
565	0.59278113
566	0.59042394
567	0.58805358
568	0.58567035
569	0.58327460
570	0.58086658
571	0.57844675
572	0.57601541
573	0.57357299
574	0.57111996
575	0.56865662
576	0.56618357
577	0.56370115
578	0.56120998
579	0.55871034
580	0.55620283
581	0.55368799
582	0.55116630
583	0.54863816
584	0.54610425
585	0.54356498
586	0.54102087
587	0.53847241
588	0.53592008
589	0.53336453
590	0.53080606
591	0.52824527
592	0.52568257
593	0.52311832
594	0.52055317
595	0.51798743
596	0.51542151
597	0.51285583
598	0.51029074
599	0.50772661
600	0.50516379
601	0.50260264
602	0.50004339
603	0.49748644
604	0.49493194
605	0.49238020
606	0.48983148
607	0.48728594
608	0.48474380
609	0.48220527
610	0.47967044
611	0.47713956
612	0.47461262
613	0.47208989
614	0.46957135
615	0.46705714
616	0.46454731
617	0.46204194
618	0.45954111
619	0.45704481
620	0.45455301
621	0.45206580
622	0.44958320
623	0.44710514
624	0.44463161
625	0.44216266
626	0.43969819
627	0.43723819
628	0.43478253
629	0.43233132
630	0.42988437
631	0.42744169
632	0.42500317
633	0.42256871
634	0.42013827
635	0.41771173
636	0.41528901
637	0.41286999
638	0.41045460
639	0.40804267
640	0.40563411
641	0.40322879
642	0.40082657
643	0.39842737
644	0.39603096
645	0.39363727
646	0.39124611
647	0.38885733
648	0.38647082
649	0.38408640
650	0.38170385
651	0.37932310
652	0.37694392
653	0.37456620
654	0.37218970
655	0.36981434
656	0.36743987
657	0.36506611
658	0.36269295
659	0.36032012
660	0.35794753
661	0.35557491
662	0.35320207
663	0.35082883
664	0.34845498
665	0.34608021
666	0.34370434
667	0.34132713
668	0.33894822
669	0.33656743
670	0.33418429
671	0.33179858
672	0.32940987
673	0.32701766
674	0.32462159
675	0.32222122
676	0.31981584
677	0.31740499
678	0.31498796
679	0.31256405
680	0.31013241
681	0.30769226
682	0.30524260
683	0.30278233
684	0.30031034
685	0.29782540
686	0.29532602
687	0.29281083
688	0.29027796
689	0.28772566
690	0.28515190
691	0.28255442
692	0.27993083
693	0.27727833
694	0.27459398
695	0.27187452
696	0.26911631
697	0.26631540
698	0.26346731
699	0.26056719
700	0.25760970
701	0.25458878
702	0.25149775
703	0.24832919
704	0.24507482
705	0.24172539
706	0.23827037
707	0.23469837
708	0.23099597
709	0.22714852
710	0.22313915
711	0.21894895
712	0.21455595
713	0.20993544
714	0.20505869
715	0.19989303
716	0.19440016
717	0.18853548
718	0.18224698
719	0.17547356
720	0.16814223
721	0.16016650
722	0.15144169
723	0.14184123
724	0.13120942
725	0.11935446
726	0.10603524
727	0.09094615
728	0.07369290
729	0.05375893
730	0.03045308
731	0.00283068
732	-0.03043627
733	-0.07127363
734	-0.12258630
735	-0.18896697
736	-0.27813905
737	-0.40415651
738	-0.59558451
739	-0.92072034
740	-1.59356594
741	-3.80625010
742	NaN
743	NaN
744	NaN
745	NaN
746	NaN
747	NaN
748	NaN
749	NaN
750	NaN
751	NaN
752	NaN
753	NaN
754	NaN
755	NaN
756	NaN
757	NaN
758	NaN
759	NaN
760	NaN
761	NaN
762	NaN
763	NaN
764	NaN
765	NaN
766	NaN
767	NaN
768	NaN
769	NaN
770	NaN
771	NaN
772	NaN
773	NaN
774	NaN
775	NaN
776	NaN
777	NaN
778	NaN
779	NaN
780	NaN
781	NaN
782	NaN
783	NaN
784	NaN
785	NaN
786	NaN
787	NaN
788	NaN
789	NaN
790	NaN
791	NaN
792	NaN
793	NaN
794	NaN
795	NaN
796	NaN
797	NaN
798	NaN
799	NaN
800	NaN
801	NaN
802	3.86315179
803	2.19230270
804	1.65713453
805	1.39379466
806	1.23732638
807	1.13378251
808	1.06028843
809	1.00548828
810	0.96310413
811	0.92938256
812	0.90194196
813	0.87919837
814	0.86005700
815	0.84373754
816	0.82966727
817	0.81741822
818	0.80666274
819	0.79714662
820	0.78866893
821	0.78106868
822	0.77421629
823	0.76800531
824	0.76234818
825	0.75717133
826	0.75241369
827	0.74802297
828	0.74395508
829	0.74017185
830	0.73664033
831	0.73333222
832	0.73022276
833	0.72729003
834	0.72451514
835	0.72188097
836	0.71937269
837	0.71697676
838	0.71468145
839	0.71247584
840	0.71035039
841	0.70829624
842	0.70630574
843	0.70437145
844	0.70248711
845	0.70064652
846	0.69884437
847	0.69707566
848	0.69533581
849	0.69362062
850	0.69192618
851	0.69024891
852	0.68858558
853	0.68693298
854	0.68528843
855	0.68364918
856	0.68201292
857	0.68037730
858	0.67874020
859	0.67709982
860	0.67545438
861	0.67380208
862	0.67214137
863	0.67047095
864	0.66878945
865	0.66709566
866	0.66538841
867	0.66366678
868	0.66192979
869	0.66017663
870	0.65840650
871	0.65661865
872	0.65481257
873	0.65298754
874	0.65114325
875	0.64927918
876	0.64739484
877	0.64548999
878	0.64356434
879	0.64161766
880	0.63964969
881	0.63766032
882	0.63564944
883	0.63361704
884	0.63156289
885	0.62948710
886	0.62738967
887	0.62527061
888	0.62313008
889	0.62096810
890	0.61878490
891	0.61658061
892	0.61435544
893	0.61210966
894	0.60984343
895	0.60755706
896	0.60525095
897	0.60292536
898	0.60058069
899	0.59821743
900	0.59583592
901	0.59343666
902	0.59102017
903	0.58858687
904	0.58613729
905	0.58367217
906	0.58119190
907	0.57869714
908	0.57618856
909	0.57366669
910	0.57113218
911	0.56858569
912	0.56602794
913	0.56345952
914	0.56088096
915	0.55829310
916	0.55569649
917	0.55309176
918	0.55047959
919	0.54786044
920	0.54523504
921	0.54260391
922	0.53996772
923	0.53732687
924	0.53468198
925	0.53203344
926	0.52938187
927	0.52672768
928	0.52407128
929	0.52141309
930	0.51875353
931	0.51609296
932	0.51343179
933	0.51077026
934	0.50810879
935	0.50544757
936	0.50278699
937	0.50012726
938	0.49746865
939	0.49481124
940	0.49215546
941	0.48950142
942	0.48684931
943	0.48419926
944	0.48155153
945	0.47890624
946	0.47626349
947	0.47362354
948	0.47098643
949	0.46835235
950	0.46572137
951	0.46309367
952	0.46046937
953	0.45784855
954	0.45523134
955	0.45261791
956	0.45000830
957	0.44740263
958	0.44480097
959	0.44220343
960	0.43961018
961	0.43702123
962	0.43443665
963	0.43185651
964	0.42928097
965	0.42670995
966	0.42414361
967	0.42158198
968	0.41902506
969	0.41647288
970	0.41392550
971	0.41138294
972	0.40884519
973	0.40631220
974	0.40378398
975	0.40126055
976	0.39874187
977	0.39622796
978	0.39371872
979	0.39121407
980	0.38871408
981	0.38621858
982	0.38372767
983	0.38124114
984	0.37875906
985	0.37628126
986	0.37380776
987	0.37133846
988	0.36887327
989	0.36641216
990	0.36395502
991	0.36150181
992	0.35905248
993	0.35660684
994	0.35416481
995	0.35172638
996	0.34929141
997	0.34685969
998	0.34443119
999	0.34200567
1000	0.33958298
1001	0.33716294
1002	0.33474523
1003	0.33232972
1004	0.32991609
1005	0.32750395
1006	0.32509300
1007	0.32268283
1008	0.32027289
1009	0.31786266
1010	0.31545165
1011	0.31303912
1012	0.31062433
1013	0.30820638
1014	0.30578449
1015	0.30335745
1016	0.30092424
1017	0.29848346
1018	0.29603374
1019	0.29357341
1020	0.29110077
1021	0.28861386
1022	0.28611046
1023	0.28358811
1024	0.28104421
1025	0.27847567
1026	0.27587935
1027	0.27325135
1028	0.27058780
1029	0.26788399
1030	0.26513487
1031	0.26233473
1032	0.25947729
1033	0.25655523
1034	0.25356072
1035	0.25048459
1036	0.24731672
1037	0.24404551
1038	0.24065787
1039	0.23713881
1040	0.23347135
1041	0.22963578
1042	0.22560945
1043	0.22136639
1044	0.21687615
1045	0.21210316
1046	0.20700593
1047	0.20153515
1048	0.19563228
1049	0.18922713
1050	0.18223514
1051	0.17455310
1052	0.16605462
1053	0.15658224
1054	0.14593843
1055	0.13387112
1056	0.12005442
1057	0.10405900
1058	0.08530872
1059	0.06301058
1060	0.03604452
1061	0.00277323
1062	-0.03929228
1063	-0.09413214
1064	-0.16852689
1065	-0.27505097
1066	-0.43993089
1067	-0.72849655
1068	-1.36132050
1069	-3.85044503
1070	NaN
1071	NaN
1072	NaN
1073	NaN
1074	NaN
1075	NaN
1076	NaN
1077	NaN
1078	NaN
1079	NaN
1080	NaN
1081	NaN
1082	NaN
1083	NaN
1084	NaN
1085	NaN
1086	NaN
1087	NaN
1088	NaN
1089	NaN
1090	NaN
1091	NaN
1092	NaN
1093	NaN
1094	NaN
1095	NaN
1096	NaN
1097	NaN
1098	NaN
1099	NaN
1100	NaN
1101	NaN
1102	NaN
1103	NaN
1104	NaN
1105	NaN
1106	NaN
1107	NaN
1108	NaN
1109	NaN
1110	NaN
1111	NaN
1112	NaN
1113	NaN
1114	NaN
1115	NaN
1116	NaN
1117	NaN
1118	NaN
1119	NaN
1120	NaN
1121	NaN
1122	NaN
1123	NaN
1124	NaN
1125	NaN
1126	NaN
1127	NaN
1128	NaN
1129	NaN
1130	NaN
1131	NaN
1132	NaN
1133	NaN
1134	5.75226736
1135	2.42031860
1136	1.71816599
1137	1.41408610
1138	1.24472511
1139	1.13704503
1140	1.06270754
1141	1.00842154
1142	0.96712279
1143	0.93471134
1144	0.90864348
1145	0.88725746
1146	0.86942202
1147	0.85434037
1148	0.84143490
1149	0.83027709
1150	0.82054132
1151	0.81197739
1152	0.80438852
1153	0.79761845
1154	0.79154134
1155	0.78605467
1156	0.78107458
1157	0.77653104
1158	0.77236581
1159	0.76852971
1160	0.76498073
1161	0.76168340
1162	0.75860709
1163	0.75572532
1164	0.75301492
1165	0.75045592
1166	0.74803060
1167	0.74572349
1168	0.74352098
1169	0.74141079
1170	0.73938191
1171	0.73742485
1172	0.73553085
1173	0.73369205
1174	0.73190123
1175	0.73015207
1176	0.72843885
1177	0.72675616
1178	0.72509921
1179	0.72346342
1180	0.72184497
1181	0.72024000
1182	0.71864516
1183	0.71705735
1184	0.71547353
1185	0.71389121
1186	0.71230787
1187	0.71072131
1188	0.70912951
1189	0.70753038
1190	0.70592237
1191	0.70430374
1192	0.70267314
1193	0.70102912
1194	0.69937056
1195	0.69769633
1196	0.69600534
1197	0.69429684
1198	0.69256997
1199	0.69082403
1200	0.68905836
1201	0.68727255
1202	0.68546605
1203	0.68363845
1204	0.68178946
1205	0.67991877
1206	0.67802632
1207	0.67611176
1208	0.67417514
1209	0.67221642
1210	0.67023551
1211	0.66823244
1212	0.66620731
1213	0.66416019
1214	0.66209120
1215	0.66000050
1216	0.65788817
1217	0.65575463
1218	0.65359986
1219	0.65142411
1220	0.64922780
1221	0.64701104
1222	0.64477414
1223	0.64251739
1224	0.64024121
1225	0.63794577
1226	0.63563162
1227	0.63329899
1228	0.63094825
1229	0.62857985
1230	0.62619424
1231	0.62379187
1232	0.62137312
1233	0.61893851
1234	0.61648864
1235	0.61402380
1236	0.61154479
1237	0.60905200
1238	0.60654604
1239	0.60402751
1240	0.60149699
1241	0.59895509
1242	0.59640241
1243	0.59383959
1244	0.59126729
1245	0.58868605
1246	0.58609664
1247	0.58349961
1248	0.58089560
1249	0.57828528
1250	0.57566923
1251	0.57304806
1252	0.57042241
1253	0.56779277
1254	0.56515986
1255	0.56252408
1256	0.55988616
1257	0.55724651
1258	0.55460566
1259	0.55196410
1260	0.54932225
1261	0.54668063
1262	0.54403973
1263	0.54139978
1264	0.53876138
1265	0.53612471
1266	0.53349024
1267	0.53085828
1268	0.52822912
1269	0.52560306
1270	0.52298039
1271	0.52036142
1272	0.51774633
1273	0.51513535
1274	0.51252866
1275	0.50992650
1276	0.50732911
1277	0.50473660
1278	0.50214916
1279	0.49956688
1280	0.49698997
1281	0.49441862
1282	0.49185276
1283	0.48929271
1284	0.48673841
1285	0.48419011
1286	0.48164779
1287	0.47911161
1288	0.47658160
1289	0.47405782
1290	0.47154042
1291	0.46902946
1292	0.46652490
1293	0.46402693
1294	0.46153551
1295	0.45905074
1296	0.45657265
1297	0.45410129
1298	0.45163673
1299	0.44917896
1300	0.44672805
1301	0.44428399
1302	0.44184688
1303	0.43941668
1304	0.43699342
1305	0.43457714
1306	0.43216789
1307	0.42976564
1308	0.42737043
1309	0.42498231
1310	0.42260122
1311	0.42022729
1312	0.41786048
1313	0.41550079
1314	0.41314825
1315	0.41080293
1316	0.40846482
1317	0.40613395
1318	0.40381026
1319	0.40149394
1320	0.39918482
1321	0.39688310
1322	0.39458868
1323	0.39230156
1324	0.39002180
1325	0.38774940
1326	0.38548428
1327	0.38322648
1328	0.38097587
1329	0.37873244
1330	0.37649614
1331	0.37426677
1332	0.37204424
1333	0.36982837
1334	0.36761889
1335	0.36541572
1336	0.36321834
1337	0.36102656
1338	0.35883987
1339	0.35665789
1340	0.35448000
1341	0.35230565
1342	0.35013404
1343	0.34796447
1344	0.34579596
1345	0.34362757
1346	0.34145802
1347	0.33928615
1348	0.33711049
1349	0.33492944
1350	0.33274126
1351	0.33054399
1352	0.32833540
1353	0.32611305
1354	0.32387429
1355	0.32161617
1356	0.31933519
1357	0.31702784
1358	0.31468987
1359	0.31231669
1360	0.30990335
1361	0.30744401
1362	0.30493245
1363	0.30236140
1364	0.29972294
1365	0.29700819
1366	0.29420683
1367	0.29130742
1368	0.28829706
1369	0.28516084
1370	0.28188193
1371	0.27844098
1372	0.27481574
1373	0.27098033
1374	0.26690489
1375	0.26255459
1376	0.25788844
1377	0.25285804
1378	0.24740599
1379	0.24146347
1380	0.23494776
1381	0.22775751
1382	0.21976879
1383	0.21082747
1384	0.20073995
1385	0.18925887
1386	0.17606515
1387	0.16073754
1388	0.14271089
1389	0.12120663
1390	0.09512365
1391	0.06285047
1392	0.02193380
1393	-0.03155803
1394	-0.10434009
1395	-0.20891185
1396	-0.37148353
1397	-0.65789664
1398	-1.29401648
1399	-3.90514016
1400	NaN
1401	NaN
1402	NaN
1403	NaN
1404	NaN
1405	NaN
1406	NaN
1407	NaN
1408	NaN
1409	NaN
1410	NaN
1411	NaN
1412	NaN
1413	NaN
1414	NaN
1415	NaN
1416	NaN
1417	NaN
1418	NaN
1419	NaN
1420	NaN
1421	NaN
1422	NaN
1423	NaN
1424	NaN
1425	NaN
1426	NaN
1427	NaN
1428	NaN
1429	NaN
1430	NaN
1431	NaN
1432	NaN
1433	NaN
1434	NaN
1435	NaN
1436	NaN
1437	NaN
1438	NaN
1439	NaN
1440	NaN
1441	NaN
1442	NaN
1443	NaN
1444	NaN
1445	NaN
1446	NaN
1447	NaN
1448	NaN
1449	NaN
1450	NaN
1451	NaN
1452	NaN
1453	NaN
1454	NaN
1455	NaN
1456	NaN
1457	NaN
1458	NaN
1459	NaN
1460	NaN
1461	NaN
1462	NaN
1463	NaN
1464	4.00499344
1465	2.19068217
1466	1.65514255
1467	1.39908159
1468	1.24921417
1469	1.15096021
1470	1.08166289
1471	1.03022647
1472	0.99057543
1473	0.95910519
1474	0.93353993
1475	0.91237426
1476	0.89457083
1477	0.87939304
1478	0.86630255
1479	0.85489637
1480	0.84486818
1481	0.83597994
1482	0.82804418
1483	0.82091141
1484	0.81446069
1485	0.80859315
1486	0.80322754
1487	0.79829615
1488	0.79374236
1489	0.78951788
1490	0.78558195
1491	0.78189945
1492	0.77844036
1493	0.77517861
1494	0.77209133
1495	0.76915866
1496	0.76636320
1497	0.76368934
1498	0.76112378
1499	0.75865388
1500	0.75626916
1501	0.75395960
1502	0.75171679
1503	0.74953252
1504	0.74739993
1505	0.74531233
1506	0.74326420
1507	0.74124998
1508	0.73926485
1509	0.73730439
1510	0.73536456
1511	0.73344159
1512	0.73153216
1513	0.72963309
1514	0.72774154
1515	0.72585487
1516	0.72397065
1517	0.72208667
1518	0.72020084
1519	0.71831131
1520	0.71641636
1521	0.71451443
1522	0.71260411
1523	0.71068394
1524	0.70875287
1525	0.70680976
1526	0.70485371
1527	0.70288378
1528	0.70089906
1529	0.69889897
1530	0.69688284
1531	0.69485021
1532	0.69280052
1533	0.69073349
1534	0.68864870
1535	0.68654591
1536	0.68442488
1537	0.68228549
1538	0.68012762
1539	0.67795128
1540	0.67575628
1541	0.67354280
1542	0.67131090
1543	0.66906071
1544	0.66679227
1545	0.66450578
1546	0.66220152
1547	0.65987962
1548	0.65754038
1549	0.65518403
1550	0.65281093
1551	0.65042132
1552	0.64801568
1553	0.64559418
1554	0.64315736
1555	0.64070547
1556	0.63823903
1557	0.63575846
1558	0.63326424
1559	0.63075668
1560	0.62823641
1561	0.62570393
1562	0.62315971
1563	0.62060422
1564	0.61803806
1565	0.61546177
1566	0.61287600
1567	0.61028117
1568	0.60767794
1569	0.60506690
1570	0.60244864
1571	0.59982383
1572	0.59719294
1573	0.59455657
1574	0.59191549
1575	0.58927006
1576	0.58662105
1577	0.58396894
1578	0.58131427
1579	0.57865769
1580	0.57599968
1581	0.57334077
1582	0.57068151
1583	0.56802231
1584	0.56536376
1585	0.56270629
1586	0.56005025
1587	0.55739623
1588	0.55474448
1589	0.55209541
1590	0.54944944
1591	0.54680693
1592	0.54416811
1593	0.54153335
1594	0.53890300
1595	0.53627717
1596	0.53365624
1597	0.53104031
1598	0.52842975
1599	0.52582461
1600	0.52322507
1601	0.52063137
1602	0.51804358
1603	0.51546180
1604	0.51288623
1605	0.51031691
1606	0.50775397
1607	0.50519735
1608	0.50264728
1609	0.50010365
1610	0.49756661
1611	0.49503613
1612	0.49251223
1613	0.48999497
1614	0.48748431
1615	0.48498026
1616	0.48248285
1617	0.47999197
1618	0.47750768
1619	0.47502995
1620	0.47255877
1621	0.47009403
1622	0.46763575
1623	0.46518391
1624	0.46273839
1625	0.46029919
1626	0.45786622
1627	0.45543948
1628	0.45301878
1629	0.45060417
1630	0.44819549
1631	0.44579268
1632	0.44339564
1633	0.44100428
1634	0.43861854
1635	0.43623826
1636	0.43386331
1637	0.43149364
1638	0.42912903
1639	0.42676944
1640	0.42441469
1641	0.42206463
1642	0.41971913
1643	0.41737804
1644	0.41504118
1645	0.41270840
1646	0.41037950
1647	0.40805435
1648	0.40573272
1649	0.40341443
1650	0.40109932
1651	0.39878714
1652	0.39647764
1653	0.39417070
1654	0.39186591
1655	0.38956314
1656	0.38726208
1657	0.38496241
1658	0.38266385
1659	0.38036606
1660	0.37806866
1661	0.37577128
1662	0.37347347
1663	0.37117478
1664	0.36887476
1665	0.36657289
1666	0.36426848
1667	0.36196101
1668	0.35964972
1669	0.35733390
1670	0.35501271
1671	0.35268524
1672	0.35035050
1673	0.34800747
1674	0.34565493
1675	0.34329161
1676	0.34091604
1677	0.33852676
1678	0.33612198
1679	0.33369994
1680	0.33125845
1681	0.32879537
1682	0.32630816
1683	0.32379410
1684	0.32125017
1685	0.31867304
1686	0.31605899
1687	0.31340402
1688	0.31070355
1689	0.30795264
1690	0.30514556
1691	0.30227619
1692	0.29933760
1693	0.29632202
1694	0.29322070
1695	0.29002383
1696	0.28672048
1697	0.28329811
1698	0.27974254
1699	0.27603772
1700	0.27216530
1701	0.26810434
1702	0.26383039
1703	0.25931576
1704	0.25452778
1705	0.24942876
1706	0.24397419
1707	0.23811188
1708	0.23177959
1709	0.22490318
1710	0.21739279
1711	0.20913973
1712	0.20001023
1713	0.18983893
1714	0.17841771
1715	0.16548230
1716	0.15069078
1717	0.13359511
1718	0.11359385
1719	0.08986344
1720	0.06124235
1721	0.02604091
1722	-0.01829835
1723	-0.07583921
1724	-0.15345494
1725	-0.26375380
1726	-0.43265146
1727	-0.72320032
1728	-1.33929825
1729	-3.51599097
1730	NaN
1731	NaN
1732	NaN
1733	NaN
1734	NaN
1735	NaN
1736	NaN
1737	NaN
1738	NaN
1739	NaN
1740	NaN
1741	NaN
1742	NaN
1743	NaN
1744	NaN
1745	NaN
1746	NaN
1747	NaN
1748	NaN
1749	NaN
1750	NaN
1751	NaN
1752	NaN
1753	NaN
1754	NaN
1755	NaN
1756	NaN
1757	NaN
1758	NaN
1759	NaN
1760	NaN
1761	NaN
1762	NaN
1763	NaN
1764	NaN
1765	NaN
1766	NaN
1767	NaN
1768	NaN
1769	NaN
1770	NaN
1771	NaN
1772	NaN
1773	NaN
1774	NaN
1775	NaN
1776	NaN
1777	NaN
1778	NaN
1779	NaN
1780	NaN
1781	NaN
1782	NaN
1783	NaN
1784	NaN
1785	NaN
1786	NaN
1787	NaN
1788	NaN
1789	NaN
1790	NaN
1791	NaN
1792	NaN
1793	NaN
1794	NaN
1795	NaN
1796	NaN
1797	4.53771830
1798	2.41949701
1799	1.80112219
1800	1.50652134
1801	1.33440435
1802	1.22168148
1803	1.14223254
1804	1.08328831
1805	1.03786683
1806	1.00182772
1807	0.97256178
1808	0.94834012
1809	0.92797518
1810	0.91062194
1811	0.89566398
1812	0.88264036
1813	0.87119937
1814	0.86106914
1815	0.85203481
1816	0.84392565
1817	0.83660305
1818	0.82995403
1819	0.82388562
1820	0.81832039
1821	0.81319332
1822	0.80844957
1823	0.80404222
1824	0.79993135
1825	0.79608238
1826	0.79246557
1827	0.78905493
1828	0.78582764
1829	0.78276372
1830	0.77984554
1831	0.77705747
1832	0.77438581
1833	0.77181774
1834	0.76934242
1835	0.76694977
1836	0.76463079
1837	0.76237750
1838	0.76018232
1839	0.75803870
1840	0.75594050
1841	0.75388235
1842	0.75185889
1843	0.74986571
1844	0.74789852
1845	0.74595344
1846	0.74402696
1847	0.74211580
1848	0.74021691
1849	0.73832762
1850	0.73644543
1851	0.73456800
1852	0.73269314
1853	0.73081899
1854	0.72894377
1855	0.72706586
1856	0.72518390
1857	0.72329652
1858	0.72140235
1859	0.71950048
1860	0.71758991
1861	0.71566981
1862	0.71373940
1863	0.71179801
1864	0.70984501
1865	0.70787990
1866	0.70590228
1867	0.70391178
1868	0.70190805
1869	0.69989079
1870	0.69785988
1871	0.69581509
1872	0.69375622
1873	0.69168335
1874	0.68959635
1875	0.68749517
1876	0.68537974
1877	0.68325013
1878	0.68110645
1879	0.67894864
1880	0.67677677
1881	0.67459095
1882	0.67239124
1883	0.67017776
1884	0.66795063
1885	0.66570997
1886	0.66345590
1887	0.66118854
1888	0.65890813
1889	0.65661478
1890	0.65430868
1891	0.65199006
1892	0.64965916
1893	0.64731616
1894	0.64496130
1895	0.64259487
1896	0.64021724
1897	0.63782853
1898	0.63542920
1899	0.63301951
1900	0.63059986
1901	0.62817055
1902	0.62573195
1903	0.62328458
1904	0.62082857
1905	0.61836457
1906	0.61589289
1907	0.61341387
1908	0.61092800
1909	0.60843569
1910	0.60593730
1911	0.60343325
1912	0.60092390
1913	0.59840971
1914	0.59589100
1915	0.59336823
1916	0.59084165
1917	0.58831161
1918	0.58577853
1919	0.58324271
1920	0.58070445
1921	0.57816398
1922	0.57562160
1923	0.57307768
1924	0.57053238
1925	0.56798589
1926	0.56543851
1927	0.56289041
1928	0.56034178
1929	0.55779278
1930	0.55524367
1931	0.55269450
1932	0.55014539
1933	0.54759657
1934	0.54504806
1935	0.54250008
1936	0.53995264
1937	0.53740585
1938	0.53485984
1939	0.53231466
1940	0.52977037
1941	0.52722704
1942	0.52468479
1943	0.52214354
1944	0.51960349
1945	0.51706463
1946	0.51452702
1947	0.51199067
1948	0.50945568
1949	0.50692207
1950	0.50438988
1951	0.50185907
1952	0.49932975
1953	0.49680194
1954	0.49427569
1955	0.49175099
1956	0.48922798
1957	0.48670647
1958	0.48418674
1959	0.48166859
1960	0.47915220
1961	0.47663748
1962	0.47412458
1963	0.47161338
1964	0.46910399
1965	0.46659639
1966	0.46409062
1967	0.46158665
1968	0.45908460
1969	0.45658439
1970	0.45408610
1971	0.45158970
1972	0.44909531
1973	0.44660282
1974	0.44411239
1975	0.44162399
1976	0.43913764
1977	0.43665341
1978	0.43417135
1979	0.43169147
1980	0.42921385
1981	0.42673853
1982	0.42426559
1983	0.42179504
1984	0.41932696
1985	0.41686136
1986	0.41439837
1987	0.41193792
1988	0.40948015
1989	0.40702507
1990	0.40457267
1991	0.40212291
1992	0.39967594
1993	0.39723161
1994	0.39478999
1995	0.39235091
1996	0.38991433
1997	0.38748014
1998	0.38504824
1999	0.38261843
2000	0.38019037
2001	0.37776402
2002	0.37533891
2003	0.37291476
2004	0.37049121
2005	0.36806768
2006	0.36564371
2007	0.36321869
2008	0.36079198
2009	0.35836285
2010	0.35593042
2011	0.35349366
2012	0.35105175
2013	0.34860337
2014	0.34614730
2015	0.34368217
2016	0.34120643
2017	0.33871832
2018	0.33621609
2019	0.33369750
2020	0.33116046
2021	0.32860225
2022	0.32602021
2023	0.32341123
2024	0.32077175
2025	0.31809813
2026	0.31538597
2027	0.31263068
2028	0.30982691
2029	0.30696872
2030	0.30404940
2031	0.30106136
2032	0.29799613
2033	0.29484400
2034	0.29159391
2035	0.28823331
2036	0.28474757
2037	0.28111997
2038	0.27733135
2039	0.27335909
2040	0.26917693
2041	0.26475409
2042	0.26005408
2043	0.25503367
2044	0.24964082
2045	0.24381305
2046	0.23747441
2047	0.23053174
2048	0.22286977
2049	0.21434355
2050	0.20477027
2051	0.19391334
2052	0.18146445
2053	0.16701119
2054	0.14999281
2055	0.12962411
2056	0.10477427
2057	0.07374941
2058	0.03389820
2059	-0.01917996
2060	-0.09335685
2061	-0.20424189
2062	-0.38777956
2063	-0.74937046
2064	-1.78829646
2065	NaN
2066	NaN
2067	NaN
2068	NaN
2069	NaN
2070	NaN
2071	NaN
2072	NaN
2073	NaN
2074	NaN
2075	NaN
2076	NaN
2077	NaN
2078	NaN
2079	NaN
2080	NaN
2081	NaN
2082	NaN
2083	NaN
2084	NaN
2085	NaN
2086	NaN
2087	NaN
2088	NaN
2089	NaN
2090	NaN
2091	NaN
2092	NaN
2093	NaN
2094	NaN
2095	NaN
2096	NaN
2097	NaN
2098	NaN
2099	NaN
2100	NaN
2101	NaN
2102	NaN
2103	NaN
2104	NaN
2105	NaN
2106	NaN
2107	NaN
2108	NaN
2109	NaN
2110	NaN
2111	NaN
2112	NaN
2113	NaN
2114	NaN
2115	NaN
2116	NaN
2117	NaN
2118	NaN
2119	NaN
2120	NaN
2121	NaN
2122	NaN
2123	NaN
2124	NaN
2125	NaN
2126	NaN
2127	NaN
2128	NaN
2129	NaN
2130	NaN
2131	NaN
2132	NaN
2133	NaN
2134	9.90667725
2135	2.80363917
2136	1.87146091
2137	1.50467813
2138	1.30903602
2139	1.18768489
2140	1.10523880
2141	1.04569757
2142	1.00076556
2143	0.96571755
2144	0.93766189
2145	0.91473013
2146	0.89566213
2147	0.87957543
2148	0.86583608
2149	0.85397500
2150	0.84363884
2151	0.83455551
2152	0.82651252
2153	0.81934196
2154	0.81290865
2155	0.80710304
2156	0.80183536
2157	0.79703075
2158	0.79262751
2159	0.78857315
2160	0.78482348
2161	0.78134084
2162	0.77809262
2163	0.77505094
2164	0.77219152
2165	0.76949328
2166	0.76693767
2167	0.76450843
2168	0.76219118
2169	0.75997323
2170	0.75784320
2171	0.75579095
2172	0.75380737
2173	0.75188434
2174	0.75001460
2175	0.74819148
2176	0.74640900
2177	0.74466163
2178	0.74294454
2179	0.74125320
2180	0.73958343
2181	0.73793149
2182	0.73629397
2183	0.73466766
2184	0.73304963
2185	0.73143727
2186	0.72982818
2187	0.72821999
2188	0.72661060
2189	0.72499818
2190	0.72338098
2191	0.72175729
2192	0.72012568
2193	0.71848470
2194	0.71683317
2195	0.71516991
2196	0.71349382
2197	0.71180403
2198	0.71009952
2199	0.70837957
2200	0.70664352
2201	0.70489061
2202	0.70312029
2203	0.70133203
2204	0.69952536
2205	0.69769984
2206	0.69585514
2207	0.69399083
2208	0.69210672
2209	0.69020253
2210	0.68827814
2211	0.68633324
2212	0.68436784
2213	0.68238169
2214	0.68037480
2215	0.67834711
2216	0.67629850
2217	0.67422903
2218	0.67213875
2219	0.67002767
2220	0.66789585
2221	0.66574335
2222	0.66357040
2223	0.66137701
2224	0.65916342
2225	0.65692979
2226	0.65467638
2227	0.65240335
2228	0.65011108
2229	0.64779985
2230	0.64547002
2231	0.64312190
2232	0.64075577
2233	0.63837230
2234	0.63597172
2235	0.63355470
2236	0.63112158
2237	0.62867290
2238	0.62620938
2239	0.62373143
2240	0.62123954
2241	0.61873454
2242	0.61621690
2243	0.61368722
2244	0.61114621
2245	0.60859442
2246	0.60603255
2247	0.60346109
2248	0.60088080
2249	0.59829229
2250	0.59569609
2251	0.59309274
2252	0.59048289
2253	0.58786708
2254	0.58524585
2255	0.58261973
2256	0.57998914
2257	0.57735467
2258	0.57471675
2259	0.57207572
2260	0.56943214
2261	0.56678623
2262	0.56413847
2263	0.56148916
2264	0.55883873
2265	0.55618727
2266	0.55353516
2267	0.55088276
2268	0.54823023
2269	0.54557782
2270	0.54292560
2271	0.54027402
2272	0.53762305
2273	0.53497303
2274	0.53232402
2275	0.52967620
2276	0.52702969
2277	0.52438474
2278	0.52174139
2279	0.51909989
2280	0.51646030
2281	0.51382279
2282	0.51118743
2283	0.50855458
2284	0.50592417
2285	0.50329649
2286	0.50067163
2287	0.49804980
2288	0.49543121
2289	0.49281591
2290	0.49020419
2291	0.48759618
2292	0.48499212
2293	0.48239219
2294	0.47979650
2295	0.47720534
2296	0.47461888
2297	0.47203723
2298	0.46946073
2299	0.46688935
2300	0.46432346
2301	0.46176314
2302	0.45920858
2303	0.45665991
2304	0.45411733
2305	0.45158097
2306	0.44905093
2307	0.44652745
2308	0.44401050
2309	0.44150031
2310	0.43899697
2311	0.43650058
2312	0.43401116
2313	0.43152899
2314	0.42905393
2315	0.42658627
2316	0.42412591
2317	0.42167306
2318	0.41922763
2319	0.41678980
2320	0.41435963
2321	0.41193712
2322	0.40952232
2323	0.40711531
2324	0.40471610
2325	0.40232477
2326	0.39994124
2327	0.39756560
2328	0.39519787
2329	0.39283803
2330	0.39048600
2331	0.38814178
2332	0.38580531
2333	0.38347659
2334	0.38115543
2335	0.37884170
2336	0.37653533
2337	0.37423596
2338	0.37194347
2339	0.36965761
2340	0.36737797
2341	0.36510420
2342	0.36283579
2343	0.36057231
2344	0.35831308
2345	0.35605747
2346	0.35380465
2347	0.35155380
2348	0.34930384
2349	0.34705368
2350	0.34480205
2351	0.34254754
2352	0.34028849
2353	0.33802310
2354	0.33574930
2355	0.33346489
2356	0.33116731
2357	0.32885373
2358	0.32652080
2359	0.32416523
2360	0.32178271
2361	0.31936896
2362	0.31691870
2363	0.31442633
2364	0.31188527
2365	0.30928838
2366	0.30662718
2367	0.30389255
2368	0.30107346
2369	0.29815793
2370	0.29513198
2371	0.29197949
2372	0.28868195
2373	0.28521785
2374	0.28156233
2375	0.27768630
2376	0.27355540
2377	0.26912951
2378	0.26436043
2379	0.25919101
2380	0.25355199
2381	0.24735968
2382	0.24051102
2383	0.23287861
2384	0.22430299
2385	0.21458182
2386	0.20345441
2387	0.19057992
2388	0.17550305
2389	0.15760343
2390	0.13601169
2391	0.10947309
2392	0.07610516
2393	0.03295128
2394	-0.02491466
2395	-0.10635100
2396	-0.22905892
2397	-0.43426979
2398	-0.84533411
2399	-2.07485962
2400	NaN
2401	NaN
2402	NaN
2403	NaN
2404	NaN
2405	NaN
2406	NaN
2407	NaN
2408	NaN
2409	NaN
2410	NaN
2411	NaN
2412	NaN
2413	NaN
2414	NaN
2415	NaN
2416	NaN
2417	NaN
2418	NaN
2419	NaN
2420	NaN
2421	NaN
2422	NaN
2423	NaN
2424	NaN
2425	NaN
2426	NaN
2427	NaN
2428	NaN
2429	NaN
2430	NaN
2431	NaN
2432	NaN
2433	NaN
2434	NaN
2435	NaN
2436	NaN
2437	NaN
2438	NaN
2439	NaN
2440	NaN
2441	NaN
2442	NaN
2443	NaN
2444	NaN
2445	NaN
2446	NaN
2447	NaN
2448	NaN
2449	NaN
2450	NaN
2451	NaN
2452	NaN
2453	NaN
2454	NaN
2455	NaN
2456	NaN
2457	NaN
2458	NaN
2459	NaN
2460	NaN
2461	NaN
2462	NaN
2463	NaN
2464	NaN
2465	NaN
2466	9.35068512
2467	2.77987003
2468	1.88102555
2469	1.52483594
2470	1.33419609
2471	1.21567690
2472	1.13500929
2473	1.07665420
2474	1.03254724
2475	0.99808538
2476	0.97045016
2477	0.94781989
2478	0.92896491
2479	0.91302395
2480	0.89937747
2481	0.88756663
2482	0.87724644
2483	0.86815095
2484	0.86007279
2485	0.85284734
2486	0.84634256
2487	0.84045112
2488	0.83508539
2489	0.83017236
2490	0.82565153
2491	0.82147133
2492	0.81758893
2493	0.81396723
2494	0.81057465
2495	0.80738389
2496	0.80437112
2497	0.80151570
2498	0.79879957
2499	0.79620695
2500	0.79372370
2501	0.79133731
2502	0.78903681
2503	0.78681219
2504	0.78465474
2505	0.78255635
2506	0.78051001
2507	0.77850902
2508	0.77654761
2509	0.77462047
2510	0.77272278
2511	0.77085012
2512	0.76899838
2513	0.76716381
2514	0.76534331
2515	0.76353347
2516	0.76173168
2517	0.75993514
2518	0.75814164
2519	0.75634885
2520	0.75455481
2521	0.75275767
2522	0.75095570
2523	0.74914747
2524	0.74733156
2525	0.74550670
2526	0.74367154
2527	0.74182528
2528	0.73996693
2529	0.73809558
2530	0.73621058
2531	0.73431122
2532	0.73239672
2533	0.73046696
2534	0.72852129
2535	0.72655940
2536	0.72458094
2537	0.72258562
2538	0.72057343
2539	0.71854407
2540	0.71649748
2541	0.71443367
2542	0.71235251
2543	0.71025401
2544	0.70813823
2545	0.70600528
2546	0.70385516
2547	0.70168799
2548	0.69950396
2549	0.69730306
2550	0.69508559
2551	0.69285166
2552	0.69060147
2553	0.68833518
2554	0.68605304
2555	0.68375528
2556	0.68144208
2557	0.67911381
2558	0.67677051
2559	0.67441273
2560	0.67204064
2561	0.66965455
2562	0.66725481
2563	0.66484177
2564	0.66241586
2565	0.65997744
2566	0.65752685
2567	0.65506452
2568	0.65259099
2569	0.65010673
2570	0.64761204
2571	0.64510751
2572	0.64259368
2573	0.64007103
2574	0.63754004
2575	0.63500136
2576	0.63245541
2577	0.62990266
2578	0.62734383
2579	0.62477934
2580	0.62220973
2581	0.61963552
2582	0.61705726
2583	0.61447549
2584	0.61189067
2585	0.60930330
2586	0.60671389
2587	0.60412288
2588	0.60153079
2589	0.59893793
2590	0.59634483
2591	0.59375197
2592	0.59115958
2593	0.58856821
2594	0.58597815
2595	0.58338964
2596	0.58080316
2597	0.57821894
2598	0.57563740
2599	0.57305866
2600	0.57048315
2601	0.56791103
2602	0.56534266
2603	0.56277812
2604	0.56021774
2605	0.55766165
2606	0.55511022
2607	0.55256343
2608	0.55002165
2609	0.54748493
2610	0.54495347
2611	0.54242748
2612	0.53990710
2613	0.53739244
2614	0.53488368
2615	0.53238088
2616	0.52988428
2617	0.52739394
2618	0.52491009
2619	0.52243263
2620	0.51996189
2621	0.51749784
2622	0.51504070
2623	0.51259047
2624	0.51014727
2625	0.50771117
2626	0.50528234
2627	0.50286067
2628	0.50044638
2629	0.49803948
2630	0.49564007
2631	0.49324811
2632	0.49086365
2633	0.48848674
2634	0.48611739
2635	0.48375562
2636	0.48140144
2637	0.47905478
2638	0.47671568
2639	0.47438413
2640	0.47206005
2641	0.46974343
2642	0.46743420
2643	0.46513236
2644	0.46283776
2645	0.46055037
2646	0.45827010
2647	0.45599693
2648	0.45373067
2649	0.45147127
2650	0.44921863
2651	0.44697255
2652	0.44473302
2653	0.44249982
2654	0.44027284
2655	0.43805191
2656	0.43583679
2657	0.43362740
2658	0.43142349
2659	0.42922482
2660	0.42703113
2661	0.42484218
2662	0.42265773
2663	0.42047733
2664	0.41830072
2665	0.41612744
2666	0.41395721
2667	0.41178936
2668	0.40962350
2669	0.40745899
2670	0.40529525
2671	0.40313151
2672	0.40096712
2673	0.39880109
2674	0.39663258
2675	0.39446050
2676	0.39228374
2677	0.39010110
2678	0.38791117
2679	0.38571236
2680	0.38350314
2681	0.38128158
2682	0.37904575
2683	0.37679335
2684	0.37452206
2685	0.37222904
2686	0.36991143
2687	0.36756596
2688	0.36518905
2689	0.36277661
2690	0.36032435
2691	0.35782737
2692	0.35528007
2693	0.35267648
2694	0.35000992
2695	0.34727272
2696	0.34445649
2697	0.34155154
2698	0.33854711
2699	0.33543101
2700	0.33218947
2701	0.32880655
2702	0.32526401
2703	0.32154125
2704	0.31761408
2705	0.31345442
2706	0.30902994
2707	0.30430225
2708	0.29922628
2709	0.29374817
2710	0.28780365
2711	0.28131545
2712	0.27418885
2713	0.26630768
2714	0.25752753
2715	0.24766719
2716	0.23649529
2717	0.22371177
2718	0.20892225
2719	0.19159612
2720	0.17100205
2721	0.14610614
2722	0.11539422
2723	0.07655960
2724	0.02590466
2725	-0.04289004
2726	-0.14159602
2727	-0.29491931
2728	-0.56501818
2729	-1.16571414
2730	-3.64887428
2731	NaN
2732	NaN
2733	NaN
2734	NaN
2735	NaN
2736	NaN
2737	NaN
2738	NaN
2739	NaN
2740	NaN
2741	NaN
2742	NaN
2743	NaN
2744	NaN
2745	NaN
2746	NaN
2747	NaN
2748	NaN
2749	NaN
2750	NaN
2751	NaN
2752	NaN
2753	NaN
2754	NaN
2755	NaN
2756	NaN
2757	NaN
2758	NaN
2759	NaN
2760	NaN
2761	NaN
2762	NaN
2763	NaN
2764	NaN
2765	NaN
2766	NaN
2767	NaN
2768	NaN
2769	NaN
2770	NaN
2771	NaN
2772	NaN
2773	NaN
2774	NaN
2775	NaN
2776	NaN
2777	NaN
2778	NaN
2779	NaN
2780	NaN
2781	NaN
2782	NaN
2783	NaN
2784	NaN
2785	NaN
2786	NaN
2787	NaN
2788	NaN
2789	NaN
2790	NaN
2791	NaN
2792	NaN
2793	NaN
2794	NaN
2795	NaN
2796	NaN
2797	NaN
2798	NaN
2799	NaN
2800	8.53315258
2801	2.90859532
2802	1.98178148
2803	1.60147774
2804	1.39461660
2805	1.26472878
2806	1.17569077
2807	1.11091542
2808	1.06172061
2809	1.02312016
2810	0.99204642
2811	0.96650910
2812	0.94516033
2813	0.92705446
2814	0.91150922
2815	0.89801854
2816	0.88620126
2817	0.87576306
2818	0.86647391
2819	0.85815144
2820	0.85064870
2821	0.84384650
2822	0.83764684
2823	0.83196855
2824	0.82674396
2825	0.82191575
2826	0.81743538
2827	0.81326169
2828	0.80935884
2829	0.80569643
2830	0.80224741
2831	0.79898858
2832	0.79589963
2833	0.79296249
2834	0.79016143
2835	0.78748214
2836	0.78491205
2837	0.78243995
2838	0.78005570
2839	0.77775025
2840	0.77551538
2841	0.77334350
2842	0.77122808
2843	0.76916277
2844	0.76714230
2845	0.76516122
2846	0.76321495
2847	0.76129913
2848	0.75940996
2849	0.75754368
2850	0.75569689
2851	0.75386655
2852	0.75204968
2853	0.75024384
2854	0.74844629
2855	0.74665499
2856	0.74486762
2857	0.74308246
2858	0.74129754
2859	0.73951113
2860	0.73772174
2861	0.73592794
2862	0.73412830
2863	0.73232180
2864	0.73050708
2865	0.72868323
2866	0.72684920
2867	0.72500414
2868	0.72314739
2869	0.72127801
2870	0.71939540
2871	0.71749902
2872	0.71558827
2873	0.71366262
2874	0.71172172
2875	0.70976508
2876	0.70779240
2877	0.70580339
2878	0.70379776
2879	0.70177531
2880	0.69973570
2881	0.69767898
2882	0.69560492
2883	0.69351327
2884	0.69140416
2885	0.68927747
2886	0.68713319
2887	0.68497121
2888	0.68279171
2889	0.68059462
2890	0.67838019
2891	0.67614830
2892	0.67389917
2893	0.67163301
2894	0.66935003
2895	0.66705030
2896	0.66473418
2897	0.66240191
2898	0.66005385
2899	0.65769023
2900	0.65531141
2901	0.65291780
2902	0.65050983
2903	0.64808792
2904	0.64565253
2905	0.64320409
2906	0.64074314
2907	0.63827008
2908	0.63578558
2909	0.63329011
2910	0.63078421
2911	0.62826836
2912	0.62574327
2913	0.62320942
2914	0.62066734
2915	0.61811763
2916	0.61556083
2917	0.61299747
2918	0.61042804
2919	0.60785323
2920	0.60527337
2921	0.60268903
2922	0.60010076
2923	0.59750879
2924	0.59491390
2925	0.59231621
2926	0.58971632
2927	0.58711463
2928	0.58451140
2929	0.58190703
2930	0.57930177
2931	0.57669610
2932	0.57409018
2933	0.57148427
2934	0.56887865
2935	0.56627363
2936	0.56366920
2937	0.56106585
2938	0.55846351
2939	0.55586255
2940	0.55326289
2941	0.55066478
2942	0.54806846
2943	0.54547387
2944	0.54288119
2945	0.54029047
2946	0.53770185
2947	0.53511542
2948	0.53253114
2949	0.52994919
2950	0.52736962
2951	0.52479243
2952	0.52221781
2953	0.51964575
2954	0.51707619
2955	0.51450944
2956	0.51194525
2957	0.50938392
2958	0.50682533
2959	0.50426960
2960	0.50171679
2961	0.49916691
2962	0.49661994
2963	0.49407595
2964	0.49153498
2965	0.48899698
2966	0.48646203
2967	0.48393011
2968	0.48140118
2969	0.47887525
2970	0.47635236
2971	0.47383240
2972	0.47131541
2973	0.46880132
2974	0.46629003
2975	0.46378157
2976	0.46127582
2977	0.45877275
2978	0.45627230
2979	0.45377433
2980	0.45127881
2981	0.44878560
2982	0.44629458
2983	0.44380572
2984	0.44131887
2985	0.43883389
2986	0.43635067
2987	0.43386912
2988	0.43138906
2989	0.42891032
2990	0.42643279
2991	0.42395633
2992	0.42148075
2993	0.41900584
2994	0.41653147
2995	0.41405731
2996	0.41158327
2997	0.40910900
2998	0.40663433
2999	0.40415889
3000	0.40168241
3001	0.39920452
3002	0.39672485
3003	0.39424294
3004	0.39175832
3005	0.38927042
3006	0.38677880
3007	0.38428262
3008	0.38178125
3009	0.37927383
3010	0.37675950
3011	0.37423727
3012	0.37170589
3013	0.36916423
3014	0.36661085
3015	0.36404422
3016	0.36146256
3017	0.35886395
3018	0.35624632
3019	0.35360718
3020	0.35094386
3021	0.34825349
3022	0.34553269
3023	0.34277770
3024	0.33998451
3025	0.33714837
3026	0.33426422
3027	0.33132613
3028	0.32832760
3029	0.32526115
3030	0.32211864
3031	0.31889051
3032	0.31556615
3033	0.31213331
3034	0.30857828
3035	0.30488506
3036	0.30103552
3037	0.29700845
3038	0.29277977
3039	0.28832090
3040	0.28359911
3041	0.27857506
3042	0.27320316
3043	0.26742855
3044	0.26118580
3045	0.25439593
3046	0.24696276
3047	0.23876780
3048	0.22966424
3049	0.21946715
3050	0.20794152
3051	0.19478257
3052	0.17958988
3053	0.16182487
3054	0.14074835
3055	0.11531434
3056	0.08399665
3057	0.04447437
3058	-0.00695809
3059	-0.07661150
3060	-0.17616816
3061	-0.32995477
3062	-0.59837788
3063	-1.18427002
3064	-3.45503402
3065	NaN
3066	NaN
3067	NaN
3068	NaN
3069	NaN
3070	NaN
3071	NaN
3072	NaN
3073	NaN
3074	NaN
3075	NaN
3076	NaN
3077	NaN
3078	NaN
3079	NaN
3080	NaN
3081	NaN
3082	NaN
3083	NaN
3084	NaN
3085	NaN
3086	NaN
3087	NaN
3088	NaN
3089	NaN
3090	NaN
3091	NaN
3092	NaN
3093	NaN
3094	NaN
3095	NaN
3096	NaN
3097	NaN
3098	NaN
3099	NaN
3100	NaN
3101	NaN
3102	NaN
3103	NaN
3104	NaN
3105	NaN
3106	NaN
3107	NaN
3108	NaN
3109	NaN
3110	NaN
3111	NaN
3112	NaN
3113	NaN
3114	NaN
3115	NaN
3116	NaN
3117	NaN
3118	NaN
3119	NaN
3120	NaN
3121	NaN
3122	NaN
3123	NaN
3124	NaN
3125	NaN
3126	NaN
3127	NaN
3128	NaN
3129	NaN
3130	NaN
3131	3.80672526
3132	2.21640205
3133	1.70054197
3134	1.44572604
3135	1.29412961
3136	1.19380391
3137	1.12264049
3138	1.06963742
3139	1.02870226
3140	0.99618840
3141	0.96977979
3142	0.94793522
3143	0.92958879
3144	0.91397965
3145	0.90055060
3146	0.88888419
3147	0.87866139
3148	0.86963463
3149	0.86160773
3150	0.85442466
3151	0.84795868
3152	0.84210652
3153	0.83678281
3154	0.83191633
3155	0.82744765
3156	0.82332617
3157	0.81950897
3158	0.81595939
3159	0.81264549
3160	0.80953991
3161	0.80661881
3162	0.80386132
3163	0.80124921
3164	0.79876608
3165	0.79639763
3166	0.79413116
3167	0.79195535
3168	0.78986001
3169	0.78783590
3170	0.78587484
3171	0.78396964
3172	0.78211325
3173	0.78029990
3174	0.77852374
3175	0.77677989
3176	0.77506363
3177	0.77337086
3178	0.77169776
3179	0.77004057
3180	0.76839626
3181	0.76676166
3182	0.76513427
3183	0.76351130
3184	0.76189065
3185	0.76027006
3186	0.75864756
3187	0.75702137
3188	0.75538987
3189	0.75375158
3190	0.75210494
3191	0.75044888
3192	0.74878228
3193	0.74710399
3194	0.74541312
3195	0.74370879
3196	0.74199027
3197	0.74025697
3198	0.73850811
3199	0.73674345
3200	0.73496228
3201	0.73316443
3202	0.73134947
3203	0.72951710
3204	0.72766715
3205	0.72579944
3206	0.72391379
3207	0.72201025
3208	0.72008854
3209	0.71814871
3210	0.71619081
3211	0.71421474
3212	0.71222067
3213	0.71020842
3214	0.70817828
3215	0.70613021
3216	0.70406431
3217	0.70198071
3218	0.69987941
3219	0.69776064
3220	0.69562447
3221	0.69347107
3222	0.69130057
3223	0.68911302
3224	0.68690878
3225	0.68468791
3226	0.68245059
3227	0.68019712
3228	0.67792755
3229	0.67564225
3230	0.67334151
3231	0.67102540
3232	0.66869444
3233	0.66634876
3234	0.66398865
3235	0.66161460
3236	0.65922683
3237	0.65682572
3238	0.65441167
3239	0.65198493
3240	0.64954597
3241	0.64709520
3242	0.64463300
3243	0.64215982
3244	0.63967592
3245	0.63718188
3246	0.63467795
3247	0.63216466
3248	0.62964237
3249	0.62711155
3250	0.62457246
3251	0.62202561
3252	0.61947137
3253	0.61691010
3254	0.61434215
3255	0.61176795
3256	0.60918778
3257	0.60660207
3258	0.60401112
3259	0.60141528
3260	0.59881479
3261	0.59621012
3262	0.59360152
3263	0.59098929
3264	0.58837372
3265	0.58575511
3266	0.58313376
3267	0.58051002
3268	0.57788402
3269	0.57525623
3270	0.57262677
3271	0.56999594
3272	0.56736410
3273	0.56473148
3274	0.56209826
3275	0.55946487
3276	0.55683148
3277	0.55419838
3278	0.55156589
3279	0.54893416
3280	0.54630351
3281	0.54367429
3282	0.54104656
3283	0.53842080
3284	0.53579718
3285	0.53317589
3286	0.53055733
3287	0.52794164
3288	0.52532905
3289	0.52271986
3290	0.52011436
3291	0.51751274
3292	0.51491523
3293	0.51232195
3294	0.50973320
3295	0.50714928
3296	0.50457031
3297	0.50199652
3298	0.49942800
3299	0.49686500
3300	0.49430776
3301	0.49175644
3302	0.48921108
3303	0.48667195
3304	0.48413920
3305	0.48161298
3306	0.47909346
3307	0.47658071
3308	0.47407493
3309	0.47157621
3310	0.46908474
3311	0.46660063
3312	0.46412405
3313	0.46165511
3314	0.45919392
3315	0.45674074
3316	0.45429552
3317	0.45185855
3318	0.44942996
3319	0.44700980
3320	0.44459835
3321	0.44219565
3322	0.43980190
3323	0.43741724
3324	0.43504176
3325	0.43267572
3326	0.43031910
3327	0.42797211
3328	0.42563486
3329	0.42330742
3330	0.42098996
3331	0.41868240
3332	0.41638488
3333	0.41409743
3334	0.41182002
3335	0.40955266
3336	0.40729523
3337	0.40504760
3338	0.40280968
3339	0.40058121
3340	0.39836198
3341	0.39615160
3342	0.39394966
3343	0.39175579
3344	0.38956934
3345	0.38738978
3346	0.38521624
3347	0.38304794
3348	0.38088384
3349	0.37872297
3350	0.37656400
3351	0.37440553
3352	0.37224594
3353	0.37008351
3354	0.36791626
3355	0.36574200
3356	0.36355802
3357	0.36136165
3358	0.35914969
3359	0.35691866
3360	0.35466447
3361	0.35238266
3362	0.35006809
3363	0.34771517
3364	0.34531724
3365	0.34286714
3366	0.34035635
3367	0.33777541
3368	0.33511329
3369	0.33235753
3370	0.32949352
3371	0.32650459
3372	0.32337111
3373	0.32007042
3374	0.31657577
3375	0.31285542
3376	0.30887181
3377	0.30458006
3378	0.29992625
3379	0.29484481
3380	0.28925487
3381	0.28305709
3382	0.27612671
3383	0.26830575
3384	0.25939092
3385	0.24911635
3386	0.23712751
3387	0.22294226
3388	0.20588668
3389	0.18498975
3390	0.15879902
3391	0.12504359
3392	0.07995751
3393	0.01681575
3394	-0.07769094
3395	-0.23411766
3396	-0.54159659
3397	-1.41734779
3398	NaN
3399	NaN
3400	NaN
3401	NaN
3402	NaN
3403	NaN
3404	NaN
3405	NaN
3406	NaN
3407	NaN
3408	NaN
3409	NaN
3410	NaN
3411	NaN
3412	NaN
3413	NaN
3414	NaN
3415	NaN
3416	NaN
3417	NaN
3418	NaN
3419	NaN
3420	NaN
3421	NaN
3422	NaN
3423	NaN
3424	NaN
3425	NaN
3426	NaN
3427	NaN
3428	NaN
3429	NaN
3430	NaN
3431	NaN
3432	NaN
3433	NaN
3434	NaN
3435	NaN
3436	NaN
3437	NaN
3438	NaN
3439	NaN
3440	NaN
3441	NaN
3442	NaN
3443	NaN
3444	NaN
3445	NaN
3446	NaN
3447	NaN
3448	NaN
3449	NaN
3450	NaN
3451	NaN
3452	NaN
3453	NaN
3454	NaN
3455	NaN
3456	NaN
3457	NaN
3458	NaN
3459	NaN
3460	NaN
3461	NaN
3462	NaN
3463	NaN
3464	NaN
3465	NaN
3466	3.59065199
3467	2.09211349
3468	1.61288345
3469	1.37726581
3470	1.23736608
3471	1.14483702
3472	1.07918990
3473	1.03025460
3474	0.99240947
3475	0.96229571
3476	0.93778187
3477	0.91745061
3478	0.90032357
3479	0.88570166
3480	0.87307447
3481	0.86205876
3482	0.85236257
3483	0.84375840
3484	0.83606744
3485	0.82914656
3486	0.82288003
3487	0.81717384
3488	0.81194913
3489	0.80714142
3490	0.80269599
3491	0.79856694
3492	0.79471493
3493	0.79110646
3494	0.78771234
3495	0.78450769
3496	0.78147060
3497	0.77858222
3498	0.77582544
3499	0.77318567
3500	0.77064961
3501	0.76820564
3502	0.76584345
3503	0.76355362
3504	0.76132768
3505	0.75915831
3506	0.75703853
3507	0.75496227
3508	0.75292379
3509	0.75091815
3510	0.74894053
3511	0.74698669
3512	0.74505293
3513	0.74313533
3514	0.74123096
3515	0.73933649
3516	0.73744935
3517	0.73556703
3518	0.73368698
3519	0.73180705
3520	0.72992545
3521	0.72804016
3522	0.72614950
3523	0.72425193
3524	0.72234607
3525	0.72043049
3526	0.71850407
3527	0.71656573
3528	0.71461439
3529	0.71264911
3530	0.71066916
3531	0.70867372
3532	0.70666218
3533	0.70463395
3534	0.70258838
3535	0.70052510
3536	0.69844377
3537	0.69634396
3538	0.69422537
3539	0.69208783
3540	0.68993109
3541	0.68775505
3542	0.68555951
3543	0.68334448
3544	0.68110991
3545	0.67885578
3546	0.67658222
3547	0.67428917
3548	0.67197686
3549	0.66964537
3550	0.66729486
3551	0.66492552
3552	0.66253763
3553	0.66013134
3554	0.65770698
3555	0.65526491
3556	0.65280545
3557	0.65032893
3558	0.64783573
3559	0.64532626
3560	0.64280105
3561	0.64026040
3562	0.63770503
3563	0.63513529
3564	0.63255179
3565	0.62995505
3566	0.62734568
3567	0.62472433
3568	0.62209159
3569	0.61944801
3570	0.61679435
3571	0.61413127
3572	0.61145937
3573	0.60877931
3574	0.60609192
3575	0.60339773
3576	0.60069746
3577	0.59799188
3578	0.59528148
3579	0.59256709
3580	0.58984929
3581	0.58712876
3582	0.58440614
3583	0.58168191
3584	0.57895684
3585	0.57623148
3586	0.57350630
3587	0.57078195
3588	0.56805885
3589	0.56533760
3590	0.56261861
3591	0.55990237
3592	0.55718935
3593	0.55447984
3594	0.55177432
3595	0.54907322
3596	0.54637676
3597	0.54368532
3598	0.54099923
3599	0.53831875
3600	0.53564411
3601	0.53297561
3602	0.53031343
3603	0.52765775
3604	0.52500886
3605	0.52236676
3606	0.51973182
3607	0.51710397
3608	0.51448345
3609	0.51187038
3610	0.50926489
3611	0.50666696
3612	0.50407678
3613	0.50149447
3614	0.49891996
3615	0.49635342
3616	0.49379486
3617	0.49124435
3618	0.48870197
3619	0.48616770
3620	0.48364165
3621	0.48112378
3622	0.47861418
3623	0.47611281
3624	0.47361973
3625	0.47113496
3626	0.46865854
3627	0.46619040
3628	0.46373057
3629	0.46127906
3630	0.45883584
3631	0.45640087
3632	0.45397419
3633	0.45155570
3634	0.44914538
3635	0.44674325
3636	0.44434914
3637	0.44196311
3638	0.43958503
3639	0.43721482
3640	0.43485245
3641	0.43249780
3642	0.43015084
3643	0.42781129
3644	0.42547929
3645	0.42315459
3646	0.42083707
3647	0.41852662
3648	0.41622314
3649	0.41392642
3650	0.41163641
3651	0.40935278
3652	0.40707546
3653	0.40480429
3654	0.40253901
3655	0.40027943
3656	0.39802527
3657	0.39577636
3658	0.39353237
3659	0.39129302
3660	0.38905805
3661	0.38682702
3662	0.38459966
3663	0.38237545
3664	0.38015407
3665	0.37793490
3666	0.37571752
3667	0.37350127
3668	0.37128556
3669	0.36906967
3670	0.36685279
3671	0.36463413
3672	0.36241272
3673	0.36018753
3674	0.35795745
3675	0.35572121
3676	0.35347745
3677	0.35122463
3678	0.34896114
3679	0.34668517
3680	0.34439462
3681	0.34208733
3682	0.33976078
3683	0.33741224
3684	0.33503884
3685	0.33263710
3686	0.33020347
3687	0.32773376
3688	0.32522357
3689	0.32266769
3690	0.32006064
3691	0.31739607
3692	0.31466705
3693	0.31186566
3694	0.30898321
3695	0.30600950
3696	0.30293351
3697	0.29974240
3698	0.29642186
3699	0.29295528
3700	0.28932399
3701	0.28550619
3702	0.28147712
3703	0.27720779
3704	0.27266473
3705	0.26780841
3706	0.26259285
3707	0.25696301
3708	0.25085405
3709	0.24418704
3710	0.23686752
3711	0.22877906
3712	0.21977890
3713	0.20968804
3714	0.19828045
3715	0.18526611
3716	0.17026728
3717	0.15278170
3718	0.13212845
3719	0.10735834
3720	0.07711105
3721	0.03936226
3722	-0.00903455
3723	-0.07325342
3724	-0.16243927
3725	-0.29442587
3726	-0.50926340
3727	-0.91948020
3728	-2.00943470
3729	-13.46817684
3730	NaN
3731	NaN
3732	NaN
3733	NaN
3734	NaN
3735	NaN
3736	NaN
3737	NaN
3738	NaN
3739	NaN
3740	NaN
3741	NaN
3742	NaN
3743	NaN
3744	NaN
3745	NaN
3746	NaN
3747	NaN
3748	NaN
3749	NaN
3750	NaN
3751	NaN
3752	NaN
3753	NaN
3754	NaN
3755	NaN
3756	NaN
3757	NaN
3758	NaN
3759	NaN
3760	NaN
3761	NaN
3762	NaN
3763	NaN
3764	NaN
3765	NaN
3766	NaN
3767	NaN
3768	NaN
3769	NaN
3770	NaN
3771	NaN
3772	NaN
3773	NaN
3774	NaN
3775	NaN
3776	NaN
3777	NaN
3778	NaN
3779	NaN
3780	NaN
3781	NaN
3782	NaN
3783	NaN
3784	NaN
3785	NaN
3786	NaN
3787	NaN
3788	NaN
3789	NaN
3790	NaN
3791	NaN
3792	NaN
3793	NaN
3794	NaN
3795	NaN
3796	3.73831296
3797	2.21506071
3798	1.70544243
3799	1.45060039
3800	1.29787183
3801	1.19624352
3802	1.12382317
3803	1.06965220
3804	1.02764142
3805	0.99413389
3806	0.96680200
3807	0.94409400
3808	0.92493469
3809	0.90855634
3810	0.89439595
3811	0.88203096
3812	0.87113869
3813	0.86146790
3814	0.85282016
3815	0.84503698
3816	0.83799005
3817	0.83157450
3818	0.82570332
3819	0.82030433
3820	0.81531680
3821	0.81068981
3822	0.80637920
3823	0.80234784
3824	0.79856324
3825	0.79499745
3826	0.79162621
3827	0.78842795
3828	0.78538412
3829	0.78247797
3830	0.77969503
3831	0.77702212
3832	0.77444768
3833	0.77196109
3834	0.76955307
3835	0.76721531
3836	0.76494002
3837	0.76272029
3838	0.76054978
3839	0.75842303
3840	0.75633454
3841	0.75427967
3842	0.75225407
3843	0.75025368
3844	0.74827492
3845	0.74631441
3846	0.74436903
3847	0.74243593
3848	0.74051255
3849	0.73859650
3850	0.73668557
3851	0.73477769
3852	0.73287100
3853	0.73096383
3854	0.72905463
3855	0.72714186
3856	0.72522444
3857	0.72330087
3858	0.72137034
3859	0.71943182
3860	0.71748441
3861	0.71552742
3862	0.71355999
3863	0.71158165
3864	0.70959181
3865	0.70759004
3866	0.70557594
3867	0.70354915
3868	0.70150930
3869	0.69945639
3870	0.69738996
3871	0.69531012
3872	0.69321650
3873	0.69110930
3874	0.68898821
3875	0.68685341
3876	0.68470484
3877	0.68254244
3878	0.68036640
3879	0.67817676
3880	0.67597353
3881	0.67375690
3882	0.67152685
3883	0.66928363
3884	0.66702729
3885	0.66475803
3886	0.66247600
3887	0.66018128
3888	0.65787417
3889	0.65555477
3890	0.65322340
3891	0.65088016
3892	0.64852542
3893	0.64615935
3894	0.64378220
3895	0.64139432
3896	0.63899601
3897	0.63658744
3898	0.63416922
3899	0.63174146
3900	0.62930471
3901	0.62685919
3902	0.62440526
3903	0.62194341
3904	0.61947405
3905	0.61699760
3906	0.61451435
3907	0.61202484
3908	0.60952938
3909	0.60702848
3910	0.60452253
3911	0.60201198
3912	0.59949708
3913	0.59697831
3914	0.59445614
3915	0.59193093
3916	0.58940285
3917	0.58687246
3918	0.58434010
3919	0.58180588
3920	0.57927036
3921	0.57673365
3922	0.57419610
3923	0.57165790
3924	0.56911945
3925	0.56658077
3926	0.56404221
3927	0.56150389
3928	0.55896604
3929	0.55642885
3930	0.55389237
3931	0.55135679
3932	0.54882222
3933	0.54628885
3934	0.54375660
3935	0.54122573
3936	0.53869629
3937	0.53616822
3938	0.53364170
3939	0.53111684
3940	0.52859354
3941	0.52607191
3942	0.52355200
3943	0.52103382
3944	0.51851743
3945	0.51600277
3946	0.51348996
3947	0.51097900
3948	0.50846982
3949	0.50596249
3950	0.50345701
3951	0.50095338
3952	0.49845159
3953	0.49595171
3954	0.49345365
3955	0.49095747
3956	0.48846307
3957	0.48597053
3958	0.48347983
3959	0.48099089
3960	0.47850370
3961	0.47601831
3962	0.47353461
3963	0.47105259
3964	0.46857220
3965	0.46609345
3966	0.46361625
3967	0.46114054
3968	0.45866632
3969	0.45619354
3970	0.45372209
3971	0.45125195
3972	0.44878310
3973	0.44631538
3974	0.44384888
3975	0.44138342
3976	0.43891898
3977	0.43645549
3978	0.43399295
3979	0.43153128
3980	0.42907041
3981	0.42661029
3982	0.42415088
3983	0.42169207
3984	0.41923395
3985	0.41677627
3986	0.41431910
3987	0.41186231
3988	0.40940586
3989	0.40694964
3990	0.40449357
3991	0.40203756
3992	0.39958149
3993	0.39712521
3994	0.39466858
3995	0.39221138
3996	0.38975337
3997	0.38729447
3998	0.38483423
3999	0.38237244
4000	0.37990871
4001	0.37744263
4002	0.37497374
4003	0.37250155
4004	0.37002540
4005	0.36754471
4006	0.36505866
4007	0.36256653
4008	0.36006734
4009	0.35756013
4010	0.35504365
4011	0.35251683
4012	0.34997812
4013	0.34742615
4014	0.34485909
4015	0.34227520
4016	0.33967233
4017	0.33704829
4018	0.33440056
4019	0.33172637
4020	0.32902271
4021	0.32628632
4022	0.32351330
4023	0.32069972
4024	0.31784084
4025	0.31493181
4026	0.31196684
4027	0.30893981
4028	0.30584356
4029	0.30267039
4030	0.29941145
4031	0.29605681
4032	0.29259533
4033	0.28901440
4034	0.28529954
4035	0.28143433
4036	0.27740014
4037	0.27317530
4038	0.26873505
4039	0.26405057
4040	0.25908828
4041	0.25380883
4042	0.24816608
4043	0.24210526
4044	0.23556083
4045	0.22845425
4046	0.22069010
4047	0.21215227
4048	0.20269617
4049	0.19214183
4050	0.18026149
4051	0.16676217
4052	0.15126146
4053	0.13325079
4054	0.11203849
4055	0.08665932
4056	0.05572400
4057	0.01716164
4058	-0.03226198
4059	-0.09789135
4060	-0.18923728
4061	-0.32501844
4062	-0.54786819
4063	-0.98044312
4064	-2.17919660
4065	NaN
4066	NaN
4067	NaN
4068	NaN
4069	NaN
4070	NaN
4071	NaN
4072	NaN
4073	NaN
4074	NaN
4075	NaN
4076	NaN
4077	NaN
4078	NaN
4079	NaN
4080	NaN
4081	NaN
4082	NaN
4083	NaN
4084	NaN
4085	NaN
4086	NaN
4087	NaN
4088	NaN
4089	NaN
4090	NaN
4091	NaN
4092	NaN
4093	NaN
4094	NaN
4095	NaN
4096	NaN
4097	NaN
4098	NaN
4099	NaN
4100	NaN
4101	NaN
4102	NaN
4103	NaN
4104	NaN
4105	NaN
4106	NaN
4107	NaN
4108	NaN
4109	NaN
4110	NaN
4111	NaN
4112	NaN
4113	NaN
4114	NaN
4115	NaN
4116	NaN
4117	NaN
4118	NaN
4119	NaN
4120	NaN
4121	NaN
4122	NaN
4123	NaN
4124	NaN
4125	NaN
4126	NaN
4127	NaN
4128	NaN
4129	NaN
4130	5.12518978
4131	2.41323924
4132	1.74284244
4133	1.43954134
4134	1.26687431
4135	1.15555751
4136	1.07793355
4137	1.02078974
4138	0.97701931
4139	0.94245821
4140	0.91450524
4141	0.89145142
4142	0.87212765
4143	0.85570753
4144	0.84158999
4145	0.82932740
4146	0.81858003
4147	0.80908459
4148	0.80063432
4149	0.79306477
4150	0.78624302
4151	0.78006113
4152	0.77442944
4153	0.76927429
4154	0.76453346
4155	0.76015466
4156	0.75609332
4157	0.75231129
4158	0.74877572
4159	0.74545836
4160	0.74233449
4161	0.73938251
4162	0.73658347
4163	0.73392081
4164	0.73137945
4165	0.72894669
4166	0.72661060
4167	0.72436059
4168	0.72218746
4169	0.72008258
4170	0.71803856
4171	0.71604818
4172	0.71410537
4173	0.71220428
4174	0.71033978
4175	0.70850718
4176	0.70670199
4177	0.70492029
4178	0.70315844
4179	0.70141298
4180	0.69968092
4181	0.69795930
4182	0.69624561
4183	0.69453734
4184	0.69283217
4185	0.69112813
4186	0.68942314
4187	0.68771553
4188	0.68600368
4189	0.68428600
4190	0.68256104
4191	0.68082762
4192	0.67908454
4193	0.67733055
4194	0.67556483
4195	0.67378640
4196	0.67199433
4197	0.67018789
4198	0.66836637
4199	0.66652924
4200	0.66467583
4201	0.66280562
4202	0.66091812
4203	0.65901297
4204	0.65708977
4205	0.65514827
4206	0.65318805
4207	0.65120894
4208	0.64921069
4209	0.64719325
4210	0.64515638
4211	0.64309990
4212	0.64102376
4213	0.63892800
4214	0.63681251
4215	0.63467729
4216	0.63252240
4217	0.63034785
4218	0.62815368
4219	0.62594002
4220	0.62370706
4221	0.62145483
4222	0.61918360
4223	0.61689347
4224	0.61458486
4225	0.61225784
4226	0.60991269
4227	0.60754979
4228	0.60516953
4229	0.60277212
4230	0.60035801
4231	0.59792763
4232	0.59548134
4233	0.59301966
4234	0.59054309
4235	0.58805197
4236	0.58554691
4237	0.58302838
4238	0.58049697
4239	0.57795316
4240	0.57539749
4241	0.57283044
4242	0.57025266
4243	0.56766474
4244	0.56506717
4245	0.56246042
4246	0.55984503
4247	0.55722171
4248	0.55459082
4249	0.55195290
4250	0.54930848
4251	0.54665804
4252	0.54400206
4253	0.54134101
4254	0.53867531
4255	0.53600544
4256	0.53333181
4257	0.53065473
4258	0.52797461
4259	0.52529198
4260	0.52260697
4261	0.51992005
4262	0.51723152
4263	0.51454163
4264	0.51185071
4265	0.50915903
4266	0.50646698
4267	0.50377458
4268	0.50108218
4269	0.49839005
4270	0.49569836
4271	0.49300733
4272	0.49031720
4273	0.48762807
4274	0.48494029
4275	0.48225391
4276	0.47956911
4277	0.47688618
4278	0.47420526
4279	0.47152644
4280	0.46885002
4281	0.46617609
4282	0.46350485
4283	0.46083653
4284	0.45817122
4285	0.45550910
4286	0.45285043
4287	0.45019525
4288	0.44754386
4289	0.44489634
4290	0.44225287
4291	0.43961364
4292	0.43697873
4293	0.43434843
4294	0.43172279
4295	0.42910194
4296	0.42648607
4297	0.42387533
4298	0.42126980
4299	0.41866964
4300	0.41607490
4301	0.41348577
4302	0.41090232
4303	0.40832469
4304	0.40575290
4305	0.40318710
4306	0.40062729
4307	0.39807364
4308	0.39552620
4309	0.39298502
4310	0.39045018
4311	0.38792169
4312	0.38539967
4313	0.38288417
4314	0.38037521
4315	0.37787279
4316	0.37537706
4317	0.37288797
4318	0.37040564
4319	0.36793000
4320	0.36546111
4321	0.36299905
4322	0.36054382
4323	0.35809535
4324	0.35565373
4325	0.35321894
4326	0.35079092
4327	0.34836963
4328	0.34595516
4329	0.34354731
4330	0.34114608
4331	0.33875135
4332	0.33636299
4333	0.33398089
4334	0.33160481
4335	0.32923460
4336	0.32686999
4337	0.32451075
4338	0.32215643
4339	0.31980672
4340	0.31746110
4341	0.31511918
4342	0.31278029
4343	0.31044376
4344	0.30810887
4345	0.30577481
4346	0.30344057
4347	0.30110505
4348	0.29876700
4349	0.29642519
4350	0.29407805
4351	0.29172373
4352	0.28936046
4353	0.28698599
4354	0.28459793
4355	0.28219357
4356	0.27976978
4357	0.27732325
4358	0.27485001
4359	0.27234563
4360	0.26980531
4361	0.26722339
4362	0.26459363
4363	0.26190874
4364	0.25916052
4365	0.25633967
4366	0.25343525
4367	0.25043520
4368	0.24732502
4369	0.24408837
4370	0.24070616
4371	0.23715609
4372	0.23341197
4373	0.22944306
4374	0.22521293
4375	0.22067821
4376	0.21578658
4377	0.21047547
4378	0.20466760
4379	0.19826891
4380	0.19116178
4381	0.18319905
4382	0.17419259
4383	0.16389959
4384	0.15200044
4385	0.13806711
4386	0.12151130
4387	0.10150430
4388	0.07683878
4389	0.04568703
4390	0.00514103
4391	-0.04971702
4392	-0.12792450
4393	-0.24807441
4394	-0.45551148
4395	-0.89741457
4396	-2.47486043
4397	NaN
4398	NaN
4399	NaN
4400	NaN
4401	NaN
4402	NaN
4403	NaN
4404	NaN
4405	NaN
4406	NaN
4407	NaN
4408	NaN
4409	NaN
4410	NaN
4411	NaN
4412	NaN
4413	NaN
4414	NaN
4415	NaN
4416	NaN
4417	NaN
4418	NaN
4419	NaN
4420	NaN
4421	NaN
4422	NaN
4423	NaN
4424	NaN
4425	NaN
4426	NaN
4427	NaN
4428	NaN
4429	NaN
4430	NaN
4431	NaN
4432	NaN
4433	NaN
4434	NaN
4435	NaN
4436	NaN
4437	NaN
4438	NaN
4439	NaN
4440	NaN
4441	NaN
4442	NaN
4443	NaN
4444	NaN
4445	NaN
4446	NaN
4447	NaN
4448	NaN
4449	NaN
4450	NaN
4451	NaN
4452	NaN
4453	NaN
4454	NaN
4455	NaN
4456	NaN
4457	NaN
4458	NaN
4459	NaN
4460	NaN
4461	NaN
4462	NaN
4463	NaN
4464	NaN
4465	NaN
4466	NaN
4467	NaN
4468	3.60049057
4469	1.94678926
4470	1.47616494
4471	1.25395107
4472	1.12477911
4473	1.04047847
4474	0.98122364
4475	0.93736106
4476	0.90362418
4477	0.87689912
4478	0.85522479
4479	0.83730561
4480	0.82225138
4481	0.80942976
4482	0.79837954
4483	0.78875661
4484	0.78029877
4485	0.77280349
4486	0.76611030
4487	0.76009238
4488	0.75464666
4489	0.74968958
4490	0.74515200
4491	0.74097645
4492	0.73711467
4493	0.73352641
4494	0.73017693
4495	0.72703683
4496	0.72408056
4497	0.72128624
4498	0.71863472
4499	0.71610945
4500	0.71369553
4501	0.71138018
4502	0.70915180
4503	0.70700032
4504	0.70491678
4505	0.70289272
4506	0.70092094
4507	0.69899499
4508	0.69710875
4509	0.69525695
4510	0.69343466
4511	0.69163734
4512	0.68986094
4513	0.68810177
4514	0.68635643
4515	0.68462169
4516	0.68289471
4517	0.68117273
4518	0.67945355
4519	0.67773467
4520	0.67601413
4521	0.67428994
4522	0.67256033
4523	0.67082375
4524	0.66907871
4525	0.66732377
4526	0.66555762
4527	0.66377926
4528	0.66198748
4529	0.66018146
4530	0.65836018
4531	0.65652305
4532	0.65466923
4533	0.65279818
4534	0.65090930
4535	0.64900213
4536	0.64707619
4537	0.64513123
4538	0.64316690
4539	0.64118302
4540	0.63917923
4541	0.63715553
4542	0.63511175
4543	0.63304788
4544	0.63096380
4545	0.62885958
4546	0.62673527
4547	0.62459087
4548	0.62242657
4549	0.62024236
4550	0.61803854
4551	0.61581510
4552	0.61357236
4553	0.61131048
4554	0.60902971
4555	0.60673022
4556	0.60441238
4557	0.60207641
4558	0.59972274
4559	0.59735155
4560	0.59496325
4561	0.59255826
4562	0.59013689
4563	0.58769959
4564	0.58524680
4565	0.58277899
4566	0.58029658
4567	0.57780010
4568	0.57529014
4569	0.57276708
4570	0.57023162
4571	0.56768423
4572	0.56512547
4573	0.56255603
4574	0.55997646
4575	0.55738729
4576	0.55478930
4577	0.55218303
4578	0.54956907
4579	0.54694813
4580	0.54432076
4581	0.54168761
4582	0.53904927
4583	0.53640640
4584	0.53375953
4585	0.53110927
4586	0.52845621
4587	0.52580094
4588	0.52314389
4589	0.52048570
4590	0.51782680
4591	0.51516771
4592	0.51250893
4593	0.50985092
4594	0.50719398
4595	0.50453866
4596	0.50188524
4597	0.49923417
4598	0.49658579
4599	0.49394038
4600	0.49129829
4601	0.48865974
4602	0.48602512
4603	0.48339462
4604	0.48076853
4605	0.47814703
4606	0.47553027
4607	0.47291857
4608	0.47031203
4609	0.46771088
4610	0.46511522
4611	0.46252525
4612	0.45994109
4613	0.45736289
4614	0.45479077
4615	0.45222485
4616	0.44966522
4617	0.44711205
4618	0.44456536
4619	0.44202527
4620	0.43949193
4621	0.43696538
4622	0.43444571
4623	0.43193296
4624	0.42942724
4625	0.42692861
4626	0.42443714
4627	0.42195290
4628	0.41947585
4629	0.41700616
4630	0.41454375
4631	0.41208869
4632	0.40964109
4633	0.40720081
4634	0.40476796
4635	0.40234250
4636	0.39992449
4637	0.39751381
4638	0.39511055
4639	0.39271459
4640	0.39032599
4641	0.38794461
4642	0.38557050
4643	0.38320351
4644	0.38084367
4645	0.37849087
4646	0.37614504
4647	0.37380615
4648	0.37147409
4649	0.36914873
4650	0.36683008
4651	0.36451796
4652	0.36221233
4653	0.35991299
4654	0.35761991
4655	0.35533294
4656	0.35305193
4657	0.35077673
4658	0.34850723
4659	0.34624311
4660	0.34398437
4661	0.34173062
4662	0.33948171
4663	0.33723736
4664	0.33499724
4665	0.33276108
4666	0.33052850
4667	0.32829905
4668	0.32607234
4669	0.32384780
4670	0.32162490
4671	0.31940302
4672	0.31718150
4673	0.31495950
4674	0.31273624
4675	0.31051078
4676	0.30828208
4677	0.30604890
4678	0.30381006
4679	0.30156425
4680	0.29930973
4681	0.29704499
4682	0.29476812
4683	0.29247698
4684	0.29016942
4685	0.28784284
4686	0.28549469
4687	0.28312182
4688	0.28072092
4689	0.27828830
4690	0.27582002
4691	0.27331153
4692	0.27075791
4693	0.26815370
4694	0.26549289
4695	0.26276866
4696	0.25997368
4697	0.25709942
4698	0.25413668
4699	0.25107488
4700	0.24790250
4701	0.24460608
4702	0.24117067
4703	0.23757946
4704	0.23381317
4705	0.22984967
4706	0.22566369
4707	0.22122614
4708	0.21650335
4709	0.21145622
4710	0.20603895
4711	0.20019753
4712	0.19386816
4713	0.18697456
4714	0.17942543
4715	0.17110966
4716	0.16189191
4717	0.15160400
4718	0.14003642
4719	0.12692304
4720	0.11192213
4721	0.09458654
4722	0.07432055
4723	0.05031142
4724	0.02142324
4725	-0.01398481
4726	-0.05836974
4727	-0.11558840
4728	-0.19205597
4729	-0.29929471
4730	-0.46026668
4731	-0.72828043
4732	-1.26182115
4733	-2.83657694
4734	NaN
4735	NaN
4736	NaN
4737	NaN
4738	NaN
4739	NaN
4740	NaN
4741	NaN
4742	NaN
4743	NaN
4744	NaN
4745	NaN
4746	NaN
4747	NaN
4748	NaN
4749	NaN
4750	NaN
4751	NaN
4752	NaN
4753	NaN
4754	NaN
4755	NaN
4756	NaN
4757	NaN
4758	NaN
4759	NaN
4760	NaN
4761	NaN
4762	NaN
4763	NaN
4764	NaN
4765	NaN
4766	NaN
4767	NaN
4768	NaN
4769	NaN
4770	NaN
4771	NaN
4772	NaN
4773	NaN
4774	NaN
4775	NaN
4776	NaN
4777	NaN
4778	NaN
4779	NaN
4780	NaN
4781	NaN
4782	NaN
4783	NaN
4784	NaN
4785	NaN
4786	NaN
4787	NaN
4788	NaN
4789	NaN
4790	NaN
4791	NaN
4792	NaN
4793	NaN
4794	NaN
4795	NaN
4796	NaN
4797	NaN
4798	6.05913925
4799	2.44762015
4800	1.71838164
4801	1.40546358
4802	1.23169839
4803	1.12125874
4804	1.04493296
4805	0.98907495
4806	0.94645542
4807	0.91288763
4808	0.88577777
4809	0.86343443
4810	0.84470612
4811	0.82878345
4812	0.81507963
4813	0.80315930
4814	0.79269302
4815	0.78342587
4816	0.77515864
4817	0.76773292
4818	0.76102096
4819	0.75491893
4820	0.74934149
4821	0.74421787
4822	0.73948866
4823	0.73510391
4824	0.73102134
4825	0.72720456
4826	0.72362250
4827	0.72024804
4828	0.71705788
4829	0.71403158
4830	0.71115100
4831	0.70840037
4832	0.70576578
4833	0.70323473
4834	0.70079625
4835	0.69844013
4836	0.69615769
4837	0.69394088
4838	0.69178241
4839	0.68967575
4840	0.68761480
4841	0.68559426
4842	0.68360913
4843	0.68165487
4844	0.67972726
4845	0.67782253
4846	0.67593712
4847	0.67406780
4848	0.67221165
4849	0.67036575
4850	0.66852760
4851	0.66669494
4852	0.66486555
4853	0.66303730
4854	0.66120833
4855	0.65937704
4856	0.65754163
4857	0.65570080
4858	0.65385318
4859	0.65199745
4860	0.65013242
4861	0.64825708
4862	0.64637047
4863	0.64447182
4864	0.64256024
4865	0.64063495
4866	0.63869542
4867	0.63674104
4868	0.63477147
4869	0.63278598
4870	0.63078439
4871	0.62876630
4872	0.62673157
4873	0.62467980
4874	0.62261087
4875	0.62052470
4876	0.61842114
4877	0.61630023
4878	0.61416185
4879	0.61200607
4880	0.60983288
4881	0.60764235
4882	0.60543466
4883	0.60320979
4884	0.60096806
4885	0.59870946
4886	0.59643441
4887	0.59414291
4888	0.59183538
4889	0.58951193
4890	0.58717299
4891	0.58481872
4892	0.58244956
4893	0.58006585
4894	0.57766777
4895	0.57525599
4896	0.57283068
4897	0.57039237
4898	0.56794155
4899	0.56547856
4900	0.56300390
4901	0.56051815
4902	0.55802172
4903	0.55551511
4904	0.55299890
4905	0.55047357
4906	0.54793960
4907	0.54539770
4908	0.54284823
4909	0.54029179
4910	0.53772891
4911	0.53516012
4912	0.53258598
4913	0.53000689
4914	0.52742344
4915	0.52483618
4916	0.52224541
4917	0.51965171
4918	0.51705557
4919	0.51445729
4920	0.51185739
4921	0.50925618
4922	0.50665414
4923	0.50405151
4924	0.50144869
4925	0.49884596
4926	0.49624366
4927	0.49364206
4928	0.49104139
4929	0.48844188
4930	0.48584378
4931	0.48324725
4932	0.48065254
4933	0.47805971
4934	0.47546896
4935	0.47288048
4936	0.47029427
4937	0.46771052
4938	0.46512929
4939	0.46255064
4940	0.45997468
4941	0.45740139
4942	0.45483088
4943	0.45226324
4944	0.44969839
4945	0.44713637
4946	0.44457728
4947	0.44202110
4948	0.43946779
4949	0.43691745
4950	0.43436998
4951	0.43182549
4952	0.42928392
4953	0.42674524
4954	0.42420948
4955	0.42167661
4956	0.41914666
4957	0.41661957
4958	0.41409525
4959	0.41157383
4960	0.40905514
4961	0.40653920
4962	0.40402588
4963	0.40151525
4964	0.39900717
4965	0.39650160
4966	0.39399847
4967	0.39149767
4968	0.38899913
4969	0.38650274
4970	0.38400841
4971	0.38151604
4972	0.37902546
4973	0.37653661
4974	0.37404925
4975	0.37156340
4976	0.36907879
4977	0.36659530
4978	0.36411276
4979	0.36163107
4980	0.35914996
4981	0.35666937
4982	0.35418895
4983	0.35170868
4984	0.34922829
4985	0.34674764
4986	0.34426650
4987	0.34178466
4988	0.33930188
4989	0.33681801
4990	0.33433276
4991	0.33184603
4992	0.32935745
4993	0.32686681
4994	0.32437375
4995	0.32187819
4996	0.31937966
4997	0.31687796
4998	0.31437266
4999	0.31186348
5000	0.30934995
5001	0.30683175
5002	0.30430833
5003	0.30177921
5004	0.29924390
5005	0.29670176
5006	0.29415214
5007	0.29159442
5008	0.28902775
5009	0.28645131
5010	0.28386417
5011	0.28126538
5012	0.27865374
5013	0.27602813
5014	0.27338713
5015	0.27072945
5016	0.26805338
5017	0.26535714
5018	0.26263881
5019	0.25989634
5020	0.25712737
5021	0.25432941
5022	0.25149956
5023	0.24863476
5024	0.24573156
5025	0.24278623
5026	0.23979448
5027	0.23675172
5028	0.23365274
5029	0.23049177
5030	0.22726242
5031	0.22395746
5032	0.22056887
5033	0.21708763
5034	0.21350351
5035	0.20980507
5036	0.20597920
5037	0.20201112
5038	0.19788386
5039	0.19357823
5040	0.18907186
5041	0.18433915
5042	0.17935029
5043	0.17407066
5044	0.16845967
5045	0.16246971
5046	0.15604401
5047	0.14911540
5048	0.14160253
5049	0.13340755
5050	0.12441038
5051	0.11446308
5052	0.10338069
5053	0.09092998
5054	0.07681138
5055	0.06063556
5056	0.04188532
5057	0.01986022
5058	-0.00641255
5059	-0.03832449
5060	-0.07793978
5061	-0.12845184
5062	-0.19508480
5063	-0.28700221
5064	-0.42189500
5065	-0.63888699
5066	-1.04512405
5067	-2.07716441
5068	-9.97441292
5069	NaN
5070	NaN
5071	NaN
5072	NaN
5073	NaN
5074	NaN
5075	NaN
5076	NaN
5077	NaN
5078	NaN
5079	NaN
5080	NaN
5081	NaN
5082	NaN
5083	NaN
5084	NaN
5085	NaN
5086	NaN
5087	NaN
5088	NaN
5089	NaN
5090	NaN
5091	NaN
5092	NaN
5093	NaN
5094	NaN
5095	NaN
5096	NaN
5097	NaN
5098	NaN
5099	NaN
5100	NaN
5101	NaN
5102	NaN
5103	NaN
5104	NaN
5105	NaN
5106	NaN
5107	NaN
5108	NaN
5109	NaN
5110	NaN
5111	NaN
5112	NaN
5113	NaN
5114	NaN
5115	NaN
5116	NaN
5117	NaN
5118	NaN
5119	NaN
5120	NaN
5121	NaN
5122	NaN
5123	NaN
5124	NaN
5125	NaN
5126	NaN
5127	NaN
5128	NaN
5129	NaN
5130	NaN
5131	NaN
5132	NaN
5133	NaN
5134	NaN
5135	NaN
5136	NaN
5137	NaN
5138	NaN
5139	4.39935589
5140	2.18950367
5141	1.60302901
5142	1.33211970
5143	1.17635047
5144	1.07535040
5145	1.00466704
5146	0.95250839
5147	0.91249102
5148	0.88085693
5149	0.85524970
5150	0.83411688
5151	0.81639469
5152	0.80132914
5153	0.78837156
5154	0.77711236
5155	0.76724023
5156	0.75851446
5157	0.75074542
5158	0.74378222
5159	0.73750311
5160	0.73180866
5161	0.72661710
5162	0.72186059
5163	0.71748209
5164	0.71343338
5165	0.70967364
5166	0.70616800
5167	0.70288634
5168	0.69980264
5169	0.69689405
5170	0.69414097
5171	0.69152582
5172	0.68903351
5173	0.68665028
5174	0.68436396
5175	0.68216395
5176	0.68004054
5177	0.67798513
5178	0.67598981
5179	0.67404753
5180	0.67215198
5181	0.67029732
5182	0.66847825
5183	0.66668999
5184	0.66492802
5185	0.66318852
5186	0.66146767
5187	0.65976208
5188	0.65806860
5189	0.65638435
5190	0.65470666
5191	0.65303314
5192	0.65136158
5193	0.64968967
5194	0.64801580
5195	0.64633805
5196	0.64465475
5197	0.64296454
5198	0.64126593
5199	0.63955772
5200	0.63783878
5201	0.63610810
5202	0.63436472
5203	0.63260770
5204	0.63083637
5205	0.62904996
5206	0.62724787
5207	0.62542963
5208	0.62359464
5209	0.62174237
5210	0.61987269
5211	0.61798507
5212	0.61607939
5213	0.61415523
5214	0.61221248
5215	0.61025089
5216	0.60827041
5217	0.60627091
5218	0.60425228
5219	0.60221452
5220	0.60015750
5221	0.59808117
5222	0.59598571
5223	0.59387094
5224	0.59173703
5225	0.58958393
5226	0.58741182
5227	0.58522081
5228	0.58301097
5229	0.58078235
5230	0.57853526
5231	0.57626981
5232	0.57398623
5233	0.57168466
5234	0.56936538
5235	0.56702876
5236	0.56467503
5237	0.56230444
5238	0.55991733
5239	0.55751419
5240	0.55509526
5241	0.55266100
5242	0.55021191
5243	0.54774821
5244	0.54527062
5245	0.54277945
5246	0.54027522
5247	0.53775847
5248	0.53522968
5249	0.53268933
5250	0.53013796
5251	0.52757621
5252	0.52500445
5253	0.52242333
5254	0.51983327
5255	0.51723492
5256	0.51462877
5257	0.51201534
5258	0.50939512
5259	0.50676864
5260	0.50413638
5261	0.50149888
5262	0.49885657
5263	0.49620995
5264	0.49355948
5265	0.49090564
5266	0.48824883
5267	0.48558950
5268	0.48292795
5269	0.48026472
5270	0.47760022
5271	0.47493470
5272	0.47226858
5273	0.46960220
5274	0.46693590
5275	0.46427006
5276	0.46160498
5277	0.45894092
5278	0.45627823
5279	0.45361722
5280	0.45095813
5281	0.44830126
5282	0.44564685
5283	0.44299525
5284	0.44034660
5285	0.43770123
5286	0.43505937
5287	0.43242127
5288	0.42978713
5289	0.42715719
5290	0.42453170
5291	0.42191085
5292	0.41929483
5293	0.41668388
5294	0.41407824
5295	0.41147798
5296	0.40888333
5297	0.40629449
5298	0.40371162
5299	0.40113482
5300	0.39856428
5301	0.39600009
5302	0.39344239
5303	0.39089128
5304	0.38834691
5305	0.38580927
5306	0.38327849
5307	0.38075462
5308	0.37823775
5309	0.37572780
5310	0.37322494
5311	0.37072903
5312	0.36824024
5313	0.36575845
5314	0.36328366
5315	0.36081588
5316	0.35835510
5317	0.35590112
5318	0.35345399
5319	0.35101366
5320	0.34858006
5321	0.34615302
5322	0.34373254
5323	0.34131843
5324	0.33891058
5325	0.33650896
5326	0.33411330
5327	0.33172348
5328	0.32933936
5329	0.32696071
5330	0.32458740
5331	0.32221910
5332	0.31985566
5333	0.31749672
5334	0.31514210
5335	0.31279135
5336	0.31044418
5337	0.30810016
5338	0.30575895
5339	0.30341998
5340	0.30108273
5341	0.29874668
5342	0.29641116
5343	0.29407552
5344	0.29173899
5345	0.28940070
5346	0.28705972
5347	0.28471509
5348	0.28236565
5349	0.28001019
5350	0.27764741
5351	0.27527577
5352	0.27289367
5353	0.27049932
5354	0.26809075
5355	0.26566574
5356	0.26322195
5357	0.26075667
5358	0.25826707
5359	0.25574979
5360	0.25320145
5361	0.25061801
5362	0.24799520
5363	0.24532811
5364	0.24261148
5365	0.23983926
5366	0.23700483
5367	0.23410086
5368	0.23111917
5369	0.22805044
5370	0.22488429
5371	0.22160904
5372	0.21821161
5373	0.21467693
5374	0.21098824
5375	0.20712622
5376	0.20306887
5377	0.19879083
5378	0.19426295
5379	0.18945143
5380	0.18431701
5381	0.17881362
5382	0.17288733
5383	0.16647384
5384	0.15949695
5385	0.15186444
5386	0.14346512
5387	0.13416271
5388	0.12378881
5389	0.11213253
5390	0.09892698
5391	0.08382855
5392	0.06638857
5393	0.04600791
5394	0.02187062
5395	-0.00716613
5396	-0.04275176
5397	-0.08735986
5398	-0.14487408
5399	-0.22176401
5400	-0.32966185
5401	-0.49180359
5402	-0.76229906
5403	-1.30294037
5404	-2.91622567
5405	NaN
5406	NaN
5407	NaN
5408	NaN
5409	NaN
5410	NaN
5411	NaN
5412	NaN
5413	NaN
5414	NaN
5415	NaN
5416	NaN
5417	NaN
5418	NaN
5419	NaN
5420	NaN
5421	NaN
5422	NaN
5423	NaN
5424	NaN
5425	NaN
5426	NaN
5427	NaN
5428	NaN
5429	NaN
5430	NaN
5431	NaN
5432	NaN
5433	NaN
5434	NaN
5435	NaN
5436	NaN
5437	NaN
5438	NaN
5439	NaN
5440	NaN
5441	NaN
5442	NaN
5443	NaN
5444	NaN
5445	NaN
5446	NaN
5447	NaN
5448	NaN
5449	NaN
5450	NaN
5451	NaN
5452	NaN
5453	NaN
5454	NaN
5455	NaN
5456	NaN
5457	NaN
5458	NaN
5459	NaN
5460	NaN
5461	NaN
5462	3.67936563
5463	2.03499293
5464	1.53350258
5465	1.29103732
5466	1.14832258
5467	1.05444849
5468	0.98810345
5469	0.93879682
5470	0.90076280
5471	0.87056994
5472	0.84604782
5473	0.82575655
5474	0.80870354
5475	0.79418206
5476	0.78167522
5477	0.77079630
5478	0.76124978
5479	0.75280684
5480	0.74528658
5481	0.73854476
5482	0.73246443
5483	0.72695011
5484	0.72192323
5485	0.71731812
5486	0.71307963
5487	0.70916134
5488	0.70552331
5489	0.70213169
5490	0.69895720
5491	0.69597447
5492	0.69316143
5493	0.69049859
5494	0.68796903
5495	0.68555778
5496	0.68325144
5497	0.68103826
5498	0.67890757
5499	0.67685002
5500	0.67485696
5501	0.67292088
5502	0.67103475
5503	0.66919225
5504	0.66738784
5505	0.66561615
5506	0.66387248
5507	0.66215259
5508	0.66045231
5509	0.65876812
5510	0.65709651
5511	0.65543443
5512	0.65377909
5513	0.65212762
5514	0.65047777
5515	0.64882714
5516	0.64717364
5517	0.64551532
5518	0.64385033
5519	0.64217693
5520	0.64049357
5521	0.63879883
5522	0.63709128
5523	0.63536966
5524	0.63363278
5525	0.63187957
5526	0.63010895
5527	0.62832022
5528	0.62651223
5529	0.62468445
5530	0.62283605
5531	0.62096637
5532	0.61907494
5533	0.61716110
5534	0.61522448
5535	0.61326468
5536	0.61128139
5537	0.60927415
5538	0.60724288
5539	0.60518736
5540	0.60310739
5541	0.60100293
5542	0.59887391
5543	0.59672034
5544	0.59454215
5545	0.59233958
5546	0.59011269
5547	0.58786166
5548	0.58558667
5549	0.58328801
5550	0.58096594
5551	0.57862079
5552	0.57625300
5553	0.57386285
5554	0.57145095
5555	0.56901759
5556	0.56656343
5557	0.56408894
5558	0.56159472
5559	0.55908138
5560	0.55654961
5561	0.55400002
5562	0.55143321
5563	0.54885006
5564	0.54625118
5565	0.54363734
5566	0.54100931
5567	0.53836787
5568	0.53571379
5569	0.53304780
5570	0.53037077
5571	0.52768344
5572	0.52498668
5573	0.52228117
5574	0.51956767
5575	0.51684713
5576	0.51412010
5577	0.51138735
5578	0.50864971
5579	0.50590783
5580	0.50316232
5581	0.50041407
5582	0.49766350
5583	0.49491134
5584	0.49215817
5585	0.48940465
5586	0.48665121
5587	0.48389852
5588	0.48114699
5589	0.47839719
5590	0.47564960
5591	0.47290456
5592	0.47016260
5593	0.46742406
5594	0.46468934
5595	0.46195883
5596	0.45923281
5597	0.45651162
5598	0.45379561
5599	0.45108503
5600	0.44838011
5601	0.44568115
5602	0.44298834
5603	0.44030190
5604	0.43762201
5605	0.43494889
5606	0.43228275
5607	0.42962366
5608	0.42697185
5609	0.42432737
5610	0.42169046
5611	0.41906109
5612	0.41643947
5613	0.41382566
5614	0.41121975
5615	0.40862185
5616	0.40603200
5617	0.40345019
5618	0.40087655
5619	0.39831114
5620	0.39575392
5621	0.39320499
5622	0.39066431
5623	0.38813192
5624	0.38560784
5625	0.38309205
5626	0.38058451
5627	0.37808523
5628	0.37559420
5629	0.37311137
5630	0.37063673
5631	0.36817017
5632	0.36571169
5633	0.36326128
5634	0.36081883
5635	0.35838428
5636	0.35595754
5637	0.35353860
5638	0.35112742
5639	0.34872380
5640	0.34632778
5641	0.34393921
5642	0.34155801
5643	0.33918414
5644	0.33681750
5645	0.33445799
5646	0.33210546
5647	0.32975987
5648	0.32742107
5649	0.32508898
5650	0.32276347
5651	0.32044441
5652	0.31813157
5653	0.31582499
5654	0.31352431
5655	0.31122944
5656	0.30894017
5657	0.30665624
5658	0.30437747
5659	0.30210358
5660	0.29983419
5661	0.29756910
5662	0.29530779
5663	0.29305005
5664	0.29079530
5665	0.28854313
5666	0.28629291
5667	0.28404421
5668	0.28179619
5669	0.27954829
5670	0.27729958
5671	0.27504933
5672	0.27279642
5673	0.27053994
5674	0.26827869
5675	0.26601127
5676	0.26373646
5677	0.26145265
5678	0.25915802
5679	0.25685084
5680	0.25452900
5681	0.25219023
5682	0.24983202
5683	0.24745160
5684	0.24504595
5685	0.24261162
5686	0.24014489
5687	0.23764162
5688	0.23509735
5689	0.23250677
5690	0.22986421
5691	0.22716336
5692	0.22439712
5693	0.22155745
5694	0.21863526
5695	0.21562044
5696	0.21250165
5697	0.20926580
5698	0.20589814
5699	0.20238183
5700	0.19869763
5701	0.19482335
5702	0.19073336
5703	0.18639810
5704	0.18178301
5705	0.17684759
5706	0.17154439
5707	0.16581678
5708	0.15959761
5709	0.15280576
5710	0.14534312
5711	0.13708979
5712	0.12789756
5713	0.11758088
5714	0.10590572
5715	0.09257068
5716	0.07718281
5717	0.05921927
5718	0.03796979
5719	0.01244247
5720	-0.01878735
5721	-0.05784520
5722	-0.10804617
5723	-0.17486414
5724	-0.26802638
5725	-0.40665114
5726	-0.63416564
5727	-1.07498407
5728	-2.28809404
5729	NaN
5730	NaN
5731	NaN
5732	NaN
5733	NaN
5734	NaN
5735	NaN
5736	NaN
5737	NaN
5738	NaN
5739	NaN
5740	NaN
5741	NaN
5742	NaN
5743	NaN
5744	NaN
5745	NaN
5746	NaN
5747	NaN
5748	NaN
5749	NaN
5750	NaN
5751	NaN
5752	NaN
5753	NaN
5754	NaN
5755	NaN
5756	NaN
5757	NaN
5758	NaN
5759	NaN
5760	NaN
5761	NaN
5762	NaN
5763	NaN
5764	NaN
5765	NaN
5766	NaN
5767	NaN
5768	NaN
5769	NaN
5770	NaN
5771	NaN
5772	NaN
5773	NaN
5774	NaN
5775	NaN
5776	NaN
5777	NaN
5778	NaN
5779	NaN
5780	NaN
5781	NaN
5782	NaN
5783	NaN
5784	NaN
5785	NaN
5786	NaN
5787	NaN
5788	NaN
5789	NaN
5790	NaN
5791	NaN
5792	NaN
5793	NaN
5794	NaN
5795	NaN
5796	NaN
5797	15.11612988
5798	2.82738543
5799	1.80605996
5800	1.42729151
5801	1.23004651
5802	1.10919678
5803	1.02764773
5804	0.96896333
5805	0.92474496
5806	0.89025211
5807	0.86260688
5808	0.83996105
5809	0.82107419
5810	0.80508161
5811	0.79136318
5812	0.77946174
5813	0.76903355
5814	0.75981486
5815	0.75160015
5816	0.74422693
5817	0.73756444
5818	0.73150748
5819	0.72596908
5820	0.72087795
5821	0.71617424
5822	0.71180785
5823	0.70773613
5824	0.70392287
5825	0.70033705
5826	0.69695193
5827	0.69374394
5828	0.69069314
5829	0.68778151
5830	0.68499374
5831	0.68231589
5832	0.67973566
5833	0.67724228
5834	0.67482609
5835	0.67247844
5836	0.67019147
5837	0.66795808
5838	0.66577214
5839	0.66362762
5840	0.66151965
5841	0.65944326
5842	0.65739423
5843	0.65536869
5844	0.65336293
5845	0.65137386
5846	0.64939845
5847	0.64743400
5848	0.64547789
5849	0.64352798
5850	0.64158219
5851	0.63963866
5852	0.63769561
5853	0.63575149
5854	0.63380480
5855	0.63185436
5856	0.62989891
5857	0.62793744
5858	0.62596893
5859	0.62399256
5860	0.62200767
5861	0.62001342
5862	0.61800921
5863	0.61599451
5864	0.61396897
5865	0.61193198
5866	0.60988337
5867	0.60782272
5868	0.60574985
5869	0.60366440
5870	0.60156631
5871	0.59945548
5872	0.59733164
5873	0.59519482
5874	0.59304488
5875	0.59088188
5876	0.58870560
5877	0.58651626
5878	0.58431381
5879	0.58209831
5880	0.57986975
5881	0.57762820
5882	0.57537377
5883	0.57310659
5884	0.57082671
5885	0.56853431
5886	0.56622958
5887	0.56391263
5888	0.56158358
5889	0.55924273
5890	0.55689025
5891	0.55452639
5892	0.55215132
5893	0.54976541
5894	0.54736888
5895	0.54496205
5896	0.54254520
5897	0.54011869
5898	0.53768283
5899	0.53523803
5900	0.53278464
5901	0.53032303
5902	0.52785355
5903	0.52537662
5904	0.52289271
5905	0.52040213
5906	0.51790541
5907	0.51540285
5908	0.51289493
5909	0.51038206
5910	0.50786465
5911	0.50534302
5912	0.50281781
5913	0.50028914
5914	0.49775761
5915	0.49522349
5916	0.49268720
5917	0.49014905
5918	0.48760954
5919	0.48506886
5920	0.48252741
5921	0.47998542
5922	0.47744334
5923	0.47490132
5924	0.47235972
5925	0.46981871
5926	0.46727872
5927	0.46473977
5928	0.46220225
5929	0.45966622
5930	0.45713192
5931	0.45459959
5932	0.45206934
5933	0.44954136
5934	0.44701576
5935	0.44449264
5936	0.44197223
5937	0.43945453
5938	0.43693969
5939	0.43442786
5940	0.43191901
5941	0.42941329
5942	0.42691073
5943	0.42441145
5944	0.42191547
5945	0.41942281
5946	0.41693354
5947	0.41444770
5948	0.41196528
5949	0.40948641
5950	0.40701097
5951	0.40453902
5952	0.40207058
5953	0.39960563
5954	0.39714417
5955	0.39468619
5956	0.39223170
5957	0.38978058
5958	0.38733286
5959	0.38488850
5960	0.38244739
5961	0.38000953
5962	0.37757480
5963	0.37514323
5964	0.37271464
5965	0.37028897
5966	0.36786613
5967	0.36544603
5968	0.36302859
5969	0.36061364
5970	0.35820109
5971	0.35579079
5972	0.35338271
5973	0.35097659
5974	0.34857234
5975	0.34616980
5976	0.34376878
5977	0.34136915
5978	0.33897069
5979	0.33657330
5980	0.33417669
5981	0.33178067
5982	0.32938507
5983	0.32698959
5984	0.32459399
5985	0.32219806
5986	0.31980142
5987	0.31740385
5988	0.31500494
5989	0.31260437
5990	0.31020170
5991	0.30779648
5992	0.30538833
5993	0.30297670
5994	0.30056101
5995	0.29814065
5996	0.29571497
5997	0.29328319
5998	0.29084462
5999	0.28839830
6000	0.28594330
6001	0.28347859
6002	0.28100300
6003	0.27851528
6004	0.27601397
6005	0.27349770
6006	0.27096465
6007	0.26841316
6008	0.26584110
6009	0.26324645
6010	0.26062655
6011	0.25797898
6012	0.25530064
6013	0.25258851
6014	0.24983886
6015	0.24704792
6016	0.24421136
6017	0.24132450
6018	0.23838197
6019	0.23537812
6020	0.23230630
6021	0.22915952
6022	0.22592981
6023	0.22260825
6024	0.21918488
6025	0.21564868
6026	0.21198706
6027	0.20818615
6028	0.20422989
6029	0.20010050
6030	0.19577751
6031	0.19123781
6032	0.18645462
6033	0.18139765
6034	0.17603152
6035	0.17031561
6036	0.16420221
6037	0.15763582
6038	0.15055053
6039	0.14286888
6040	0.13449769
6041	0.12532513
6042	0.11521515
6043	0.10400104
6044	0.09147575
6045	0.07738031
6046	0.06138432
6047	0.04306227
6048	0.02185402
6049	-0.00299041
6050	-0.03250111
6051	-0.06812952
6052	-0.11199246
6053	-0.16729683
6054	-0.23915237
6055	-0.33621985
6056	-0.47445723
6057	-0.68684071
6058	-1.05432177
6059	-1.84290862
6060	-4.73807955
6061	NaN
6062	NaN
6063	NaN
6064	NaN
6065	NaN
6066	NaN
6067	NaN
6068	NaN
6069	NaN
6070	NaN
6071	NaN
6072	NaN
6073	NaN
6074	NaN
6075	NaN
6076	NaN
6077	NaN
6078	NaN
6079	NaN
6080	NaN
6081	NaN
6082	NaN
6083	NaN
6084	NaN
6085	NaN
6086	NaN
6087	NaN
6088	NaN
6089	NaN
6090	NaN
6091	NaN
6092	NaN
6093	NaN
6094	NaN
6095	NaN
6096	NaN
6097	NaN
6098	NaN
6099	NaN
6100	NaN
6101	NaN
6102	NaN
6103	NaN
6104	NaN
6105	NaN
6106	NaN
6107	NaN
6108	NaN
6109	NaN
6110	NaN
6111	NaN
6112	NaN
6113	NaN
6114	NaN
6115	NaN
6116	NaN
6117	NaN
6118	NaN
6119	NaN
6120	NaN
6121	4.69037676
6122	2.33393002
6123	1.69970942
6124	1.40526509
6125	1.23541963
6126	1.12501347
6127	1.04757023
6128	0.99030167
6129	0.94627315
6130	0.91139853
6131	0.88311440
6132	0.85972935
6133	0.84008420
6134	0.82335675
6135	0.80894780
6136	0.79641044
6137	0.78540421
6138	0.77566552
6139	0.76698726
6140	0.75920415
6141	0.75218225
6142	0.74581283
6143	0.74000573
6144	0.73468661
6145	0.72979265
6146	0.72527075
6147	0.72107583
6148	0.71716934
6149	0.71351796
6150	0.71009296
6151	0.70686907
6152	0.70382434
6153	0.70093960
6154	0.69819772
6155	0.69558352
6156	0.69308358
6157	0.69068587
6158	0.68837959
6159	0.68615514
6160	0.68400383
6161	0.68191767
6162	0.67988950
6163	0.67791289
6164	0.67598176
6165	0.67409086
6166	0.67223507
6167	0.67040992
6168	0.66861117
6169	0.66683501
6170	0.66507792
6171	0.66333658
6172	0.66160792
6173	0.65988922
6174	0.65817773
6175	0.65647125
6176	0.65476739
6177	0.65306413
6178	0.65135944
6179	0.64965171
6180	0.64793909
6181	0.64622021
6182	0.64449358
6183	0.64275789
6184	0.64101183
6185	0.63925451
6186	0.63748467
6187	0.63570154
6188	0.63390410
6189	0.63209164
6190	0.63026357
6191	0.62841898
6192	0.62655747
6193	0.62467843
6194	0.62278140
6195	0.62086618
6196	0.61893207
6197	0.61697900
6198	0.61500663
6199	0.61301476
6200	0.61100316
6201	0.60897177
6202	0.60692042
6203	0.60484910
6204	0.60275775
6205	0.60064638
6206	0.59851503
6207	0.59636378
6208	0.59419268
6209	0.59200191
6210	0.58979166
6211	0.58756202
6212	0.58531326
6213	0.58304560
6214	0.58075947
6215	0.57845497
6216	0.57613254
6217	0.57379252
6218	0.57143527
6219	0.56906128
6220	0.56667089
6221	0.56426466
6222	0.56184298
6223	0.55940646
6224	0.55695558
6225	0.55449092
6226	0.55201292
6227	0.54952234
6228	0.54701960
6229	0.54450536
6230	0.54198027
6231	0.53944486
6232	0.53689975
6233	0.53434551
6234	0.53178293
6235	0.52921230
6236	0.52663440
6237	0.52404976
6238	0.52145886
6239	0.51886243
6240	0.51626086
6241	0.51365471
6242	0.51104444
6243	0.50843066
6244	0.50581366
6245	0.50319391
6246	0.50057191
6247	0.49794808
6248	0.49532273
6249	0.49269620
6250	0.49006885
6251	0.48744100
6252	0.48481295
6253	0.48218495
6254	0.47955731
6255	0.47693020
6256	0.47430384
6257	0.47167847
6258	0.46905422
6259	0.46643132
6260	0.46380988
6261	0.46119004
6262	0.45857194
6263	0.45595565
6264	0.45334134
6265	0.45072904
6266	0.44811884
6267	0.44551086
6268	0.44290519
6269	0.44030181
6270	0.43770081
6271	0.43510228
6272	0.43250626
6273	0.42991281
6274	0.42732197
6275	0.42473373
6276	0.42214820
6277	0.41956535
6278	0.41698527
6279	0.41440800
6280	0.41183352
6281	0.40926188
6282	0.40669307
6283	0.40412715
6284	0.40156415
6285	0.39900398
6286	0.39644673
6287	0.39389241
6288	0.39134100
6289	0.38879243
6290	0.38624677
6291	0.38370398
6292	0.38116404
6293	0.37862694
6294	0.37609264
6295	0.37356111
6296	0.37103230
6297	0.36850625
6298	0.36598289
6299	0.36346212
6300	0.36094394
6301	0.35842839
6302	0.35591531
6303	0.35340473
6304	0.35089660
6305	0.34839082
6306	0.34588736
6307	0.34338620
6308	0.34088725
6309	0.33839044
6310	0.33589569
6311	0.33340299
6312	0.33091220
6313	0.32842320
6314	0.32593599
6315	0.32345033
6316	0.32096615
6317	0.31848335
6318	0.31600171
6319	0.31352103
6320	0.31104112
6321	0.30856168
6322	0.30608246
6323	0.30360323
6324	0.30112353
6325	0.29864305
6326	0.29616126
6327	0.29367763
6328	0.29119179
6329	0.28870285
6330	0.28621030
6331	0.28371316
6332	0.28121078
6333	0.27870193
6334	0.27618569
6335	0.27366063
6336	0.27112558
6337	0.26857892
6338	0.26601896
6339	0.26344374
6340	0.26085123
6341	0.25823906
6342	0.25560474
6343	0.25294524
6344	0.25025743
6345	0.24753766
6346	0.24478202
6347	0.24198602
6348	0.23914468
6349	0.23625237
6350	0.23330291
6351	0.23028930
6352	0.22720370
6353	0.22403710
6354	0.22077963
6355	0.21741974
6356	0.21394461
6357	0.21033946
6358	0.20658751
6359	0.20266931
6360	0.19856268
6361	0.19424185
6362	0.18967701
6363	0.18483311
6364	0.17966937
6365	0.17413720
6366	0.16817960
6367	0.16172755
6368	0.15469849
6369	0.14699167
6370	0.13848379
6371	0.12902197
6372	0.11841446
6373	0.10641739
6374	0.09271681
6375	0.07690021
6376	0.05841642
6377	0.03651037
6378	0.01012229
6379	-0.02228699
6380	-0.06303683
6381	-0.11579743
6382	-0.18673395
6383	-0.28706741
6384	-0.43958706
6385	-0.69874525
6386	-1.23488605
6387	-2.99322057
6388	NaN
6389	NaN
6390	NaN
6391	NaN
6392	NaN
6393	NaN
6394	NaN
6395	NaN
6396	NaN
6397	NaN
6398	NaN
6399	NaN
6400	NaN
6401	NaN
6402	NaN
6403	NaN
6404	NaN
6405	NaN
6406	NaN
6407	NaN
6408	NaN
6409	NaN
6410	NaN
6411	NaN
6412	NaN
6413	NaN
6414	NaN
6415	NaN
6416	NaN
6417	NaN
6418	NaN
6419	NaN
6420	NaN
6421	NaN
6422	NaN
6423	NaN
6424	NaN
6425	NaN
6426	NaN
6427	NaN
6428	NaN
6429	NaN
6430	NaN
6431	NaN
6432	NaN
6433	NaN
6434	NaN
6435	NaN
6436	NaN
6437	NaN
6438	NaN
6439	NaN
6440	NaN
6441	NaN
6442	NaN
6443	NaN
6444	NaN
6445	NaN
6446	NaN
6447	NaN
6448	NaN
6449	NaN
6450	NaN
6451	NaN
6452	NaN
6453	NaN
6454	2.93300176
6455	1.82670283
6456	1.43303466
6457	1.23159719
6458	1.10947263
6459	1.02768934
6460	0.96920341
6461	0.92537886
6462	0.89137304
6463	0.86425972
6464	0.84216595
6465	0.82383823
6466	0.80840415
6467	0.79524022
6468	0.78388739
6469	0.77400076
6470	0.76531655
6471	0.75762844
6472	0.75077397
6473	0.74462295
6474	0.73907006
6475	0.73402870
6476	0.72942764
6477	0.72520727
6478	0.72131777
6479	0.71771681
6480	0.71436828
6481	0.71124130
6482	0.70830947
6483	0.70554948
6484	0.70294142
6485	0.70046765
6486	0.69811273
6487	0.69586289
6488	0.69370639
6489	0.69163233
6490	0.68963116
6491	0.68769413
6492	0.68581372
6493	0.68398297
6494	0.68219560
6495	0.68044603
6496	0.67872900
6497	0.67704004
6498	0.67537469
6499	0.67372924
6500	0.67210007
6501	0.67048395
6502	0.66887796
6503	0.66727936
6504	0.66568577
6505	0.66409481
6506	0.66250437
6507	0.66091257
6508	0.65931767
6509	0.65771806
6510	0.65611225
6511	0.65449893
6512	0.65287673
6513	0.65124470
6514	0.64960182
6515	0.64794701
6516	0.64627957
6517	0.64459866
6518	0.64290369
6519	0.64119399
6520	0.63946909
6521	0.63772845
6522	0.63597172
6523	0.63419837
6524	0.63240832
6525	0.63060111
6526	0.62877655
6527	0.62693435
6528	0.62507457
6529	0.62319684
6530	0.62130117
6531	0.61938745
6532	0.61745548
6533	0.61550546
6534	0.61353713
6535	0.61155057
6536	0.60954583
6537	0.60752285
6538	0.60548168
6539	0.60342240
6540	0.60134494
6541	0.59924948
6542	0.59713602
6543	0.59500480
6544	0.59285575
6545	0.59068912
6546	0.58850491
6547	0.58630341
6548	0.58408475
6549	0.58184904
6550	0.57959646
6551	0.57732743
6552	0.57504201
6553	0.57274044
6554	0.57042307
6555	0.56809020
6556	0.56574202
6557	0.56337893
6558	0.56100124
6559	0.55860937
6560	0.55620354
6561	0.55378425
6562	0.55135185
6563	0.54890662
6564	0.54644912
6565	0.54397976
6566	0.54149884
6567	0.53900689
6568	0.53650427
6569	0.53399140
6570	0.53146881
6571	0.52893680
6572	0.52639592
6573	0.52384657
6574	0.52128911
6575	0.51872402
6576	0.51615179
6577	0.51357269
6578	0.51098740
6579	0.50839603
6580	0.50579917
6581	0.50319719
6582	0.50059050
6583	0.49797946
6584	0.49536452
6585	0.49274597
6586	0.49012426
6587	0.48749968
6588	0.48487273
6589	0.48224363
6590	0.47961277
6591	0.47698048
6592	0.47434717
6593	0.47171310
6594	0.46907860
6595	0.46644408
6596	0.46380964
6597	0.46117583
6598	0.45854282
6599	0.45591086
6600	0.45328036
6601	0.45065153
6602	0.44802463
6603	0.44539994
6604	0.44277778
6605	0.44015831
6606	0.43754190
6607	0.43492872
6608	0.43231896
6609	0.42971289
6610	0.42711076
6611	0.42451277
6612	0.42191914
6613	0.41933003
6614	0.41674566
6615	0.41416621
6616	0.41159186
6617	0.40902281
6618	0.40645909
6619	0.40390098
6620	0.40134859
6621	0.39880201
6622	0.39626148
6623	0.39372700
6624	0.39119875
6625	0.38867685
6626	0.38616130
6627	0.38365236
6628	0.38114998
6629	0.37865430
6630	0.37616539
6631	0.37368342
6632	0.37120831
6633	0.36874020
6634	0.36627910
6635	0.36382520
6636	0.36137840
6637	0.35893887
6638	0.35650653
6639	0.35408157
6640	0.35166386
6641	0.34925354
6642	0.34685054
6643	0.34445494
6644	0.34206659
6645	0.33968565
6646	0.33731192
6647	0.33494541
6648	0.33258605
6649	0.33023375
6650	0.32788828
6651	0.32554966
6652	0.32321757
6653	0.32089186
6654	0.31857222
6655	0.31625843
6656	0.31395006
6657	0.31164679
6658	0.30934814
6659	0.30705363
6660	0.30476257
6661	0.30247450
6662	0.30018851
6663	0.29790395
6664	0.29561982
6665	0.29333508
6666	0.29104871
6667	0.28875932
6668	0.28646553
6669	0.28416580
6670	0.28185841
6671	0.27954140
6672	0.27721262
6673	0.27486971
6674	0.27250999
6675	0.27013052
6676	0.26772797
6677	0.26529866
6678	0.26283848
6679	0.26034284
6680	0.25780639
6681	0.25522354
6682	0.25258741
6683	0.24989063
6684	0.24712467
6685	0.24427994
6686	0.24134548
6687	0.23830855
6688	0.23515463
6689	0.23186705
6690	0.22842620
6691	0.22480978
6692	0.22099090
6693	0.21693879
6694	0.21261646
6695	0.20798020
6696	0.20297733
6697	0.19754483
6698	0.19160511
6699	0.18506350
6700	0.17780225
6701	0.16967353
6702	0.16048878
6703	0.15000540
6704	0.13790366
6705	0.12375677
6706	0.10697841
6707	0.08674520
6708	0.06186023
6709	0.03051790
6710	-0.01014330
6711	-0.06493750
6712	-0.14264445
6713	-0.26114309
6714	-0.46333212
6715	-0.88440830
6716	-2.28916717
6717	NaN
6718	NaN
6719	NaN
6720	NaN
6721	NaN
6722	NaN
6723	NaN
6724	NaN
6725	NaN
6726	NaN
6727	NaN
6728	NaN
6729	NaN
6730	NaN
6731	NaN
6732	NaN
6733	NaN
6734	NaN
6735	NaN
6736	NaN
6737	NaN
6738	NaN
6739	NaN
6740	NaN
6741	NaN
6742	NaN
6743	NaN
6744	NaN
6745	NaN
6746	NaN
6747	NaN
6748	NaN
6749	NaN
6750	NaN
6751	NaN
6752	NaN
6753	NaN
6754	NaN
6755	NaN
6756	NaN
6757	NaN
6758	NaN
6759	NaN
6760	NaN
6761	NaN
6762	NaN
6763	NaN
6764	NaN
6765	NaN
6766	NaN
6767	NaN
6768	NaN
6769	NaN
6770	NaN
6771	NaN
6772	NaN
6773	NaN
6774	NaN
6775	NaN
6776	NaN
6777	NaN
6778	NaN
6779	NaN
6780	NaN
6781	NaN
6782	NaN
6783	NaN
6784	NaN
6785	NaN
6786	NaN
6787	NaN
6788	NaN
6789	NaN
6790	NaN
6791	NaN
6792	2.94109440
6793	1.73014927
6794	1.34691656
6795	1.15915692
6796	1.04784071
6797	0.97425914
6798	0.92205292
6799	0.88311857
6800	0.85298240
6801	0.82897413
6802	0.80940127
6803	0.79313874
6804	0.77941072
6805	0.76766282
6806	0.75749075
6807	0.74859095
6808	0.74073249
6809	0.73373562
6810	0.72745860
6811	0.72178829
6812	0.71663356
6813	0.71191949
6814	0.70758474
6815	0.70357758
6816	0.69985527
6817	0.69638139
6818	0.69312507
6819	0.69005972
6820	0.68716264
6821	0.68441385
6822	0.68179637
6823	0.67929512
6824	0.67689669
6825	0.67458951
6826	0.67236328
6827	0.67020857
6828	0.66811740
6829	0.66608232
6830	0.66409659
6831	0.66215444
6832	0.66025025
6833	0.65837926
6834	0.65653694
6835	0.65471917
6836	0.65292233
6837	0.65114295
6838	0.64937800
6839	0.64762443
6840	0.64587981
6841	0.64414161
6842	0.64240742
6843	0.64067549
6844	0.63894361
6845	0.63721007
6846	0.63547331
6847	0.63373172
6848	0.63198400
6849	0.63022882
6850	0.62846488
6851	0.62669116
6852	0.62490666
6853	0.62311041
6854	0.62130159
6855	0.61947942
6856	0.61764312
6857	0.61579221
6858	0.61392599
6859	0.61204398
6860	0.61014569
6861	0.60823071
6862	0.60629880
6863	0.60434949
6864	0.60238266
6865	0.60039800
6866	0.59839529
6867	0.59637439
6868	0.59433526
6869	0.59227771
6870	0.59020174
6871	0.58810729
6872	0.58599430
6873	0.58386296
6874	0.58171308
6875	0.57954490
6876	0.57735842
6877	0.57515383
6878	0.57293117
6879	0.57069063
6880	0.56843245
6881	0.56615669
6882	0.56386369
6883	0.56155360
6884	0.55922675
6885	0.55688339
6886	0.55452389
6887	0.55214858
6888	0.54975778
6889	0.54735184
6890	0.54493129
6891	0.54249650
6892	0.54004788
6893	0.53758591
6894	0.53511119
6895	0.53262407
6896	0.53012520
6897	0.52761501
6898	0.52509415
6899	0.52256310
6900	0.52002251
6901	0.51747292
6902	0.51491487
6903	0.51234895
6904	0.50977582
6905	0.50719595
6906	0.50460994
6907	0.50201839
6908	0.49942181
6909	0.49682075
6910	0.49421573
6911	0.49160731
6912	0.48899594
6913	0.48638213
6914	0.48376635
6915	0.48114902
6916	0.47853062
6917	0.47591153
6918	0.47329214
6919	0.47067282
6920	0.46805391
6921	0.46543580
6922	0.46281877
6923	0.46020311
6924	0.45758909
6925	0.45497701
6926	0.45236710
6927	0.44975948
6928	0.44715455
6929	0.44455236
6930	0.44195315
6931	0.43935707
6932	0.43676433
6933	0.43417501
6934	0.43158931
6935	0.42900732
6936	0.42642921
6937	0.42385507
6938	0.42128500
6939	0.41871920
6940	0.41615760
6941	0.41360053
6942	0.41104797
6943	0.40850002
6944	0.40595677
6945	0.40341833
6946	0.40088481
6947	0.39835617
6948	0.39583266
6949	0.39331421
6950	0.39080095
6951	0.38829294
6952	0.38579020
6953	0.38329273
6954	0.38080063
6955	0.37831390
6956	0.37583247
6957	0.37335646
6958	0.37088576
6959	0.36842033
6960	0.36596015
6961	0.36350515
6962	0.36105528
6963	0.35861042
6964	0.35617051
6965	0.35373536
6966	0.35130489
6967	0.34887892
6968	0.34645730
6969	0.34403983
6970	0.34162638
6971	0.33921668
6972	0.33681053
6973	0.33440769
6974	0.33200791
6975	0.32961091
6976	0.32721645
6977	0.32482415
6978	0.32243377
6979	0.32004493
6980	0.31765735
6981	0.31527057
6982	0.31288424
6983	0.31049794
6984	0.30811116
6985	0.30572355
6986	0.30333453
6987	0.30094352
6988	0.29855007
6989	0.29615340
6990	0.29375306
6991	0.29134819
6992	0.28893805
6993	0.28652179
6994	0.28409860
6995	0.28166741
6996	0.27922723
6997	0.27677685
6998	0.27431506
6999	0.27184045
7000	0.26935160
7001	0.26684678
7002	0.26432428
7003	0.26178208
7004	0.25921807
7005	0.25662982
7006	0.25401485
7007	0.25137022
7008	0.24869284
7009	0.24597920
7010	0.24322557
7011	0.24042770
7012	0.23758094
7013	0.23468010
7014	0.23171958
7015	0.22869295
7016	0.22559322
7017	0.22241253
7018	0.21914212
7019	0.21577226
7020	0.21229191
7021	0.20868874
7022	0.20494883
7023	0.20105647
7024	0.19699389
7025	0.19274089
7026	0.18827429
7027	0.18356760
7028	0.17859049
7029	0.17330757
7030	0.16767806
7031	0.16165428
7032	0.15518001
7033	0.14818901
7034	0.14060239
7035	0.13232581
7036	0.12324510
7037	0.11322062
7038	0.10208123
7039	0.08961342
7040	0.07554774
7041	0.05953939
7042	0.04114100
7043	0.01976020
7044	-0.00540403
7045	-0.03546161
7046	-0.07199552
7047	-0.11734363
7048	-0.17511213
7049	-0.25116611
7050	-0.35572815
7051	-0.50834721
7052	-0.75168538
7053	-1.20000041
7054	-2.29789853
7055	-9.12696648
7056	NaN
7057	NaN
7058	NaN
7059	NaN
7060	NaN
7061	NaN
7062	NaN
7063	NaN
7064	NaN
7065	NaN
7066	NaN
7067	NaN
7068	NaN
7069	NaN
7070	NaN
7071	NaN
7072	NaN
7073	NaN
7074	NaN
7075	NaN
7076	NaN
7077	NaN
7078	NaN
7079	NaN
7080	NaN
7081	NaN
7082	NaN
7083	NaN
7084	NaN
7085	NaN
7086	NaN
7087	NaN
7088	NaN
7089	NaN
7090	NaN
7091	NaN
7092	NaN
7093	NaN
7094	NaN
7095	NaN
7096	NaN
7097	NaN
7098	NaN
7099	NaN
7100	NaN
7101	NaN
7102	NaN
7103	NaN
7104	NaN
7105	NaN
7106	NaN
7107	NaN
7108	NaN
7109	NaN
7110	NaN
7111	NaN
7112	NaN
7113	NaN
7114	NaN
7115	NaN
7116	NaN
7117	NaN
7118	NaN
7119	NaN
7120	7.06851625
7121	2.55589581
7122	1.75102234
7123	1.41532171
7124	1.23137832
7125	1.11540675
7126	1.03570199
7127	0.97761881
7128	0.93345571
7129	0.89877605
7130	0.87084478
7131	0.84788269
7132	0.82868367
7133	0.81239992
7134	0.79841870
7135	0.78628612
7136	0.77565879
7137	0.76627189
7138	0.75791848
7139	0.75043356
7140	0.74368513
7141	0.73756540
7142	0.73198605
7143	0.72687358
7144	0.72216672
7145	0.71781373
7146	0.71377081
7147	0.71000046
7148	0.70647061
7149	0.70315313
7150	0.70002413
7151	0.69706225
7152	0.69424927
7153	0.69156861
7154	0.68900585
7155	0.68654823
7156	0.68418431
7157	0.68190384
7158	0.67969751
7159	0.67755717
7160	0.67547530
7161	0.67344505
7162	0.67146045
7163	0.66951561
7164	0.66760564
7165	0.66572571
7166	0.66387153
7167	0.66203928
7168	0.66022515
7169	0.65842593
7170	0.65663832
7171	0.65485972
7172	0.65308732
7173	0.65131873
7174	0.64955169
7175	0.64778417
7176	0.64601421
7177	0.64424008
7178	0.64246005
7179	0.64067262
7180	0.63887650
7181	0.63707042
7182	0.63525319
7183	0.63342363
7184	0.63158089
7185	0.62972409
7186	0.62785262
7187	0.62596548
7188	0.62406230
7189	0.62214243
7190	0.62020534
7191	0.61825079
7192	0.61627835
7193	0.61428767
7194	0.61227870
7195	0.61025119
7196	0.60820484
7197	0.60613990
7198	0.60405600
7199	0.60195333
7200	0.59983182
7201	0.59769160
7202	0.59553277
7203	0.59335542
7204	0.59115964
7205	0.58894575
7206	0.58671379
7207	0.58446407
7208	0.58219677
7209	0.57991219
7210	0.57761061
7211	0.57529241
7212	0.57295775
7213	0.57060713
7214	0.56824076
7215	0.56585920
7216	0.56346273
7217	0.56105179
7218	0.55862683
7219	0.55618829
7220	0.55373675
7221	0.55127263
7222	0.54879642
7223	0.54630870
7224	0.54381001
7225	0.54130089
7226	0.53878182
7227	0.53625351
7228	0.53371650
7229	0.53117132
7230	0.52861863
7231	0.52605903
7232	0.52349299
7233	0.52092123
7234	0.51834422
7235	0.51576251
7236	0.51317686
7237	0.51058757
7238	0.50799531
7239	0.50540054
7240	0.50280380
7241	0.50020552
7242	0.49760619
7243	0.49500623
7244	0.49240607
7245	0.48980606
7246	0.48720661
7247	0.48460802
7248	0.48201072
7249	0.47941491
7250	0.47682086
7251	0.47422886
7252	0.47163904
7253	0.46905175
7254	0.46646705
7255	0.46388516
7256	0.46130618
7257	0.45873025
7258	0.45615748
7259	0.45358792
7260	0.45102161
7261	0.44845876
7262	0.44589919
7263	0.44334307
7264	0.44079033
7265	0.43824098
7266	0.43569505
7267	0.43315253
7268	0.43061331
7269	0.42807743
7270	0.42554483
7271	0.42301545
7272	0.42048931
7273	0.41796622
7274	0.41544628
7275	0.41292927
7276	0.41041526
7277	0.40790418
7278	0.40539590
7279	0.40289038
7280	0.40038759
7281	0.39788741
7282	0.39538985
7283	0.39289474
7284	0.39040208
7285	0.38791180
7286	0.38542384
7287	0.38293806
7288	0.38045445
7289	0.37797290
7290	0.37549341
7291	0.37301579
7292	0.37054008
7293	0.36806607
7294	0.36559382
7295	0.36312321
7296	0.36065412
7297	0.35818651
7298	0.35572025
7299	0.35325536
7300	0.35079163
7301	0.34832907
7302	0.34586763
7303	0.34340709
7304	0.34094751
7305	0.33848873
7306	0.33603066
7307	0.33357325
7308	0.33111635
7309	0.32865992
7310	0.32620379
7311	0.32374787
7312	0.32129213
7313	0.31883633
7314	0.31638029
7315	0.31392401
7316	0.31146714
7317	0.30900955
7318	0.30655107
7319	0.30409139
7320	0.30163026
7321	0.29916739
7322	0.29670238
7323	0.29423490
7324	0.29176459
7325	0.28929085
7326	0.28681320
7327	0.28433114
7328	0.28184393
7329	0.27935091
7330	0.27685127
7331	0.27434412
7332	0.27182850
7333	0.26930335
7334	0.26676759
7335	0.26421988
7336	0.26165864
7337	0.25908247
7338	0.25648957
7339	0.25387812
7340	0.25124589
7341	0.24859063
7342	0.24590977
7343	0.24320054
7344	0.24045976
7345	0.23768397
7346	0.23486942
7347	0.23201187
7348	0.22910668
7349	0.22614858
7350	0.22313178
7351	0.22004975
7352	0.21689528
7353	0.21366021
7354	0.21033552
7355	0.20691091
7356	0.20337476
7357	0.19971395
7358	0.19591373
7359	0.19195716
7360	0.18782490
7361	0.18349458
7362	0.17894104
7363	0.17413457
7364	0.16904102
7365	0.16362031
7366	0.15782575
7367	0.15160182
7368	0.14488296
7369	0.13759032
7370	0.12962919
7371	0.12088397
7372	0.11121339
7373	0.10044111
7374	0.08834647
7375	0.07464769
7376	0.05898121
7377	0.04086835
7378	0.01966681
7379	-0.00550700
7380	-0.03590007
7381	-0.07333473
7382	-0.12057868
7383	-0.18205452
7384	-0.26528862
7385	-0.38421831
7386	-0.56785727
7387	-0.88825786
7388	-1.58731520
7389	-4.29544401
7390	NaN
7391	NaN
7392	NaN
7393	NaN
7394	NaN
7395	NaN
7396	NaN
7397	NaN
7398	NaN
7399	NaN
7400	NaN
7401	NaN
7402	NaN
7403	NaN
7404	NaN
7405	NaN
7406	NaN
7407	NaN
7408	NaN
7409	NaN
7410	NaN
7411	NaN
7412	NaN
7413	NaN
7414	NaN
7415	NaN
7416	NaN
7417	NaN
7418	NaN
7419	NaN
7420	NaN
7421	NaN
7422	NaN
7423	NaN
7424	NaN
7425	NaN
7426	NaN
7427	NaN
7428	NaN
7429	NaN
7430	NaN
7431	NaN
7432	NaN
7433	NaN
7434	NaN
7435	NaN
7436	NaN
7437	NaN
7438	NaN
7439	NaN
7440	NaN
7441	NaN
7442	NaN
7443	NaN
7444	NaN
7445	NaN
7446	NaN
7447	NaN
7448	NaN
7449	NaN
7450	NaN
7451	NaN
7452	6.16720104
7453	2.44827223
7454	1.69917488
7455	1.37813747
7456	1.20009899
7457	1.08711994
7458	1.00918102
7459	0.95226431
7460	0.90894359
7461	0.87491691
7462	0.84752101
7463	0.82501692
7464	0.80622363
7465	0.79030854
7466	0.77666920
7467	0.76485842
7468	0.75453722
7469	0.74544412
7470	0.73737442
7471	0.73016483
7472	0.72368455
7473	0.71782625
7474	0.71250260
7475	0.70764047
7476	0.70317906
7477	0.69906694
7478	0.69526035
7479	0.69172204
7480	0.68841988
7481	0.68532628
7482	0.68241715
7483	0.67967123
7484	0.67707026
7485	0.67459792
7486	0.67223990
7487	0.66998339
7488	0.66781694
7489	0.66573054
7490	0.66371500
7491	0.66176212
7492	0.65986454
7493	0.65801549
7494	0.65620893
7495	0.65443933
7496	0.65270180
7497	0.65099156
7498	0.64930445
7499	0.64763677
7500	0.64598489
7501	0.64434564
7502	0.64271593
7503	0.64109296
7504	0.63947433
7505	0.63785762
7506	0.63624066
7507	0.63462138
7508	0.63299805
7509	0.63136882
7510	0.62973213
7511	0.62808645
7512	0.62643045
7513	0.62476283
7514	0.62308246
7515	0.62138814
7516	0.61967903
7517	0.61795402
7518	0.61621243
7519	0.61445332
7520	0.61267608
7521	0.61088002
7522	0.60906458
7523	0.60722911
7524	0.60537326
7525	0.60349649
7526	0.60159844
7527	0.59967881
7528	0.59773719
7529	0.59577340
7530	0.59378719
7531	0.59177834
7532	0.58974665
7533	0.58769214
7534	0.58561462
7535	0.58351415
7536	0.58139062
7537	0.57924396
7538	0.57707441
7539	0.57488191
7540	0.57266670
7541	0.57042885
7542	0.56816846
7543	0.56588578
7544	0.56358123
7545	0.56125486
7546	0.55890715
7547	0.55653828
7548	0.55414885
7549	0.55173910
7550	0.54930949
7551	0.54686058
7552	0.54439276
7553	0.54190665
7554	0.53940278
7555	0.53688163
7556	0.53434390
7557	0.53179020
7558	0.52922112
7559	0.52663738
7560	0.52403957
7561	0.52142835
7562	0.51880437
7563	0.51616842
7564	0.51352108
7565	0.51086307
7566	0.50819504
7567	0.50551766
7568	0.50283158
7569	0.50013757
7570	0.49743614
7571	0.49472791
7572	0.49201351
7573	0.48929363
7574	0.48656878
7575	0.48383954
7576	0.48110646
7577	0.47837004
7578	0.47563085
7579	0.47288930
7580	0.47014597
7581	0.46740127
7582	0.46465558
7583	0.46190932
7584	0.45916298
7585	0.45641685
7586	0.45367131
7587	0.45092672
7588	0.44818333
7589	0.44544166
7590	0.44270179
7591	0.43996409
7592	0.43722877
7593	0.43449619
7594	0.43176651
7595	0.42904004
7596	0.42631692
7597	0.42359746
7598	0.42088184
7599	0.41817027
7600	0.41546291
7601	0.41275999
7602	0.41006172
7603	0.40736821
7604	0.40467975
7605	0.40199637
7606	0.39931834
7607	0.39664575
7608	0.39397880
7609	0.39131767
7610	0.38866243
7611	0.38601315
7612	0.38337010
7613	0.38073331
7614	0.37810296
7615	0.37547901
7616	0.37286168
7617	0.37025100
7618	0.36764705
7619	0.36504990
7620	0.36245960
7621	0.35987619
7622	0.35729969
7623	0.35473016
7624	0.35216755
7625	0.34961197
7626	0.34706330
7627	0.34452170
7628	0.34198695
7629	0.33945921
7630	0.33693838
7631	0.33442441
7632	0.33191729
7633	0.32941699
7634	0.32692340
7635	0.32443658
7636	0.32195634
7637	0.31948271
7638	0.31701559
7639	0.31455493
7640	0.31210059
7641	0.30965254
7642	0.30721062
7643	0.30477479
7644	0.30234486
7645	0.29992074
7646	0.29750225
7647	0.29508919
7648	0.29268143
7649	0.29027873
7650	0.28788084
7651	0.28548750
7652	0.28309834
7653	0.28071308
7654	0.27833134
7655	0.27595255
7656	0.27357632
7657	0.27120206
7658	0.26882908
7659	0.26645678
7660	0.26408425
7661	0.26171064
7662	0.25933492
7663	0.25695604
7664	0.25457266
7665	0.25218344
7666	0.24978675
7667	0.24738096
7668	0.24496409
7669	0.24253397
7670	0.24008819
7671	0.23762421
7672	0.23513883
7673	0.23262899
7674	0.23009078
7675	0.22752027
7676	0.22491275
7677	0.22226326
7678	0.21956593
7679	0.21681453
7680	0.21400174
7681	0.21111962
7682	0.20815903
7683	0.20510995
7684	0.20196067
7685	0.19869828
7686	0.19530807
7687	0.19177334
7688	0.18807469
7689	0.18419048
7690	0.18009533
7691	0.17576021
7692	0.17115125
7693	0.16622941
7694	0.16094847
7695	0.15525451
7696	0.14908315
7697	0.14235806
7698	0.13498731
7699	0.12685947
7700	0.11783806
7701	0.10775476
7702	0.09639848
7703	0.08350269
7704	0.06872401
7705	0.05161436
7706	0.03157593
7707	0.00779520
7708	-0.02086594
7709	-0.05604808
7710	-0.10020851
7711	-0.15719743
7712	-0.23341496
7713	-0.34033102
7714	-0.50076109
7715	-0.76747757
7716	-1.29646611
7717	-2.84056449
7718	NaN
7719	NaN
7720	NaN
7721	NaN
7722	NaN
7723	NaN
7724	NaN
7725	NaN
7726	NaN
7727	NaN
7728	NaN
7729	NaN
7730	NaN
7731	NaN
7732	NaN
7733	NaN
7734	NaN
7735	NaN
7736	NaN
7737	NaN
7738	NaN
7739	NaN
7740	NaN
7741	NaN
7742	NaN
7743	NaN
7744	NaN
7745	NaN
7746	NaN
7747	NaN
7748	NaN
7749	NaN
7750	NaN
7751	NaN
7752	NaN
7753	NaN
7754	NaN
7755	NaN
7756	NaN
7757	NaN
7758	NaN
7759	NaN
7760	NaN
7761	NaN
7762	NaN
7763	NaN
7764	NaN
7765	NaN
7766	NaN
7767	NaN
7768	NaN
7769	NaN
7770	NaN
7771	NaN
7772	NaN
7773	NaN
7774	NaN
7775	NaN
7776	NaN
7777	4.16055727
7778	2.09813523
7779	1.55176854
7780	1.29960358
7781	1.15472686
7782	1.06087244
7783	0.99525809
7784	0.94689941
7785	0.90984958
7786	0.88060808
7787	0.85697937
7788	0.83751804
7789	0.82123220
7790	0.80741954
7791	0.79556829
7792	0.78529662
7793	0.77631408
7794	0.76839620
7795	0.76136607
7796	0.75508285
7797	0.74943238
7798	0.74432218
7799	0.73967582
7800	0.73542958
7801	0.73153049
7802	0.72793335
7803	0.72460008
7804	0.72149789
7805	0.71859860
7806	0.71587801
7807	0.71331471
7808	0.71089047
7809	0.70858878
7810	0.70639539
7811	0.70429772
7812	0.70228434
7813	0.70034540
7814	0.69847161
7815	0.69665521
7816	0.69488871
7817	0.69316554
7818	0.69147980
7819	0.68982613
7820	0.68819958
7821	0.68659574
7822	0.68501031
7823	0.68343961
7824	0.68188030
7825	0.68032914
7826	0.67878330
7827	0.67723995
7828	0.67569667
7829	0.67415124
7830	0.67260158
7831	0.67104578
7832	0.66948187
7833	0.66790843
7834	0.66632384
7835	0.66472679
7836	0.66311598
7837	0.66149014
7838	0.65984839
7839	0.65818965
7840	0.65651315
7841	0.65481800
7842	0.65310365
7843	0.65136933
7844	0.64961457
7845	0.64783895
7846	0.64604193
7847	0.64422315
7848	0.64238244
7849	0.64051956
7850	0.63863409
7851	0.63672614
7852	0.63479543
7853	0.63284194
7854	0.63086563
7855	0.62886655
7856	0.62684464
7857	0.62480003
7858	0.62273276
7859	0.62064290
7860	0.61853063
7861	0.61639613
7862	0.61423957
7863	0.61206108
7864	0.60986090
7865	0.60763931
7866	0.60539651
7867	0.60313278
7868	0.60084850
7869	0.59854382
7870	0.59621930
7871	0.59387511
7872	0.59151173
7873	0.58912969
7874	0.58672911
7875	0.58431071
7876	0.58187491
7877	0.57942218
7878	0.57695299
7879	0.57446796
7880	0.57196766
7881	0.56945258
7882	0.56692344
7883	0.56438076
7884	0.56182516
7885	0.55925733
7886	0.55667782
7887	0.55408728
7888	0.55148655
7889	0.54887605
7890	0.54625648
7891	0.54362863
7892	0.54099298
7893	0.53835016
7894	0.53570098
7895	0.53304589
7896	0.53038555
7897	0.52772045
7898	0.52505147
7899	0.52237892
7900	0.51970333
7901	0.51702535
7902	0.51434553
7903	0.51166421
7904	0.50898194
7905	0.50629926
7906	0.50361651
7907	0.50093418
7908	0.49825263
7909	0.49557230
7910	0.49289343
7911	0.49021652
7912	0.48754179
7913	0.48486969
7914	0.48220044
7915	0.47953430
7916	0.47687167
7917	0.47421268
7918	0.47155768
7919	0.46890682
7920	0.46626043
7921	0.46361867
7922	0.46098170
7923	0.45834988
7924	0.45572326
7925	0.45310205
7926	0.45048642
7927	0.44787660
7928	0.44527268
7929	0.44267491
7930	0.44008330
7931	0.43749809
7932	0.43491936
7933	0.43234727
7934	0.42978194
7935	0.42722344
7936	0.42467189
7937	0.42212740
7938	0.41959006
7939	0.41705996
7940	0.41453716
7941	0.41202170
7942	0.40951365
7943	0.40701309
7944	0.40452003
7945	0.40203452
7946	0.39955661
7947	0.39708632
7948	0.39462364
7949	0.39216858
7950	0.38972116
7951	0.38728139
7952	0.38484928
7953	0.38242477
7954	0.38000786
7955	0.37759858
7956	0.37519687
7957	0.37280267
7958	0.37041605
7959	0.36803687
7960	0.36566511
7961	0.36330077
7962	0.36094379
7963	0.35859406
7964	0.35625154
7965	0.35391620
7966	0.35158786
7967	0.34926644
7968	0.34695187
7969	0.34464395
7970	0.34234253
7971	0.34004748
7972	0.33775854
7973	0.33547556
7974	0.33319816
7975	0.33092606
7976	0.32865903
7977	0.32639661
7978	0.32413840
7979	0.32188392
7980	0.31963265
7981	0.31738397
7982	0.31513730
7983	0.31289187
7984	0.31064689
7985	0.30840147
7986	0.30615467
7987	0.30390543
7988	0.30165258
7989	0.29939485
7990	0.29713085
7991	0.29485902
7992	0.29257780
7993	0.29028523
7994	0.28797939
7995	0.28565803
7996	0.28331888
7997	0.28095928
7998	0.27857640
7999	0.27616709
8000	0.27372804
8001	0.27125543
8002	0.26874515
8003	0.26619279
8004	0.26359332
8005	0.26094127
8006	0.25823066
8007	0.25545484
8008	0.25260639
8009	0.24967696
8010	0.24665761
8011	0.24353792
8012	0.24030660
8013	0.23695071
8014	0.23345572
8015	0.22980526
8016	0.22598089
8017	0.22196135
8018	0.21772254
8019	0.21323663
8020	0.20847183
8021	0.20339109
8022	0.19795153
8023	0.19210269
8024	0.18578547
8025	0.17892970
8026	0.17145175
8027	0.16325089
8028	0.15420537
8029	0.14416584
8030	0.13294779
8031	0.12031975
8032	0.10598923
8033	0.08957870
8034	0.07059477
8035	0.04837839
8036	0.02203046
8037	-0.00971056
8038	-0.04866812
8039	-0.09758379
8040	-0.16077487
8041	-0.24545996
8042	-0.36468264
8043	-0.54468244
8044	-0.84722209
8045	-1.46049595
8046	-3.36158514
8047	NaN
8048	NaN
8049	NaN
8050	NaN
8051	NaN
8052	NaN
8053	NaN
8054	NaN
8055	NaN
8056	NaN
8057	NaN
8058	NaN
8059	NaN
8060	NaN
8061	NaN
8062	NaN
8063	NaN
8064	NaN
8065	NaN
8066	NaN
8067	NaN
8068	NaN
8069	NaN
8070	NaN
8071	NaN
8072	NaN
8073	NaN
8074	NaN
8075	NaN
8076	NaN
8077	NaN
8078	NaN
8079	NaN
8080	NaN
8081	NaN
8082	NaN
8083	NaN
8084	NaN
8085	NaN
8086	NaN
8087	NaN
8088	NaN
8089	NaN
8090	NaN
8091	NaN
8092	NaN
8093	NaN
8094	NaN
8095	NaN
8096	NaN
8097	NaN
8098	NaN
8099	NaN
8100	NaN
8101	NaN
8102	NaN
8103	NaN
8104	NaN
8105	NaN
8106	NaN
8107	NaN
8108	3.65933228
8109	2.05356002
8110	1.55463958
8111	1.31165898
8112	1.16798091
8113	1.07312560
8114	1.00586236
8115	0.95570868
8116	0.91689086
8117	0.88596725
8118	0.86075902
8119	0.83981901
8120	0.82214952
8121	0.80703849
8122	0.79396588
8123	0.78254211
8124	0.77246994
8125	0.76351815
8126	0.75550467
8127	0.74828392
8128	0.74173820
8129	0.73577124
8130	0.73030382
8131	0.72526944
8132	0.72061282
8133	0.71628672
8134	0.71225137
8135	0.70847237
8136	0.70492011
8137	0.70156896
8138	0.69839656
8139	0.69538337
8140	0.69251221
8141	0.68976790
8142	0.68713689
8143	0.68460733
8144	0.68216836
8145	0.67981052
8146	0.67752510
8147	0.67530435
8148	0.67314124
8149	0.67102939
8150	0.66896290
8151	0.66693664
8152	0.66494572
8153	0.66298568
8154	0.66105258
8155	0.65914261
8156	0.65725237
8157	0.65537876
8158	0.65351880
8159	0.65166980
8160	0.64982933
8161	0.64799494
8162	0.64616466
8163	0.64433646
8164	0.64250845
8165	0.64067900
8166	0.63884658
8167	0.63700962
8168	0.63516682
8169	0.63331687
8170	0.63145882
8171	0.62959141
8172	0.62771374
8173	0.62582499
8174	0.62392420
8175	0.62201071
8176	0.62008381
8177	0.61814296
8178	0.61618751
8179	0.61421710
8180	0.61223108
8181	0.61022925
8182	0.60821116
8183	0.60617656
8184	0.60412526
8185	0.60205692
8186	0.59997147
8187	0.59786880
8188	0.59574872
8189	0.59361130
8190	0.59145641
8191	0.58928412
8192	0.58709449
8193	0.58488756
8194	0.58266348
8195	0.58042234
8196	0.57816428
8197	0.57588959
8198	0.57359838
8199	0.57129109
8200	0.56896788
8201	0.56662893
8202	0.56427473
8203	0.56190568
8204	0.55952209
8205	0.55712432
8206	0.55471289
8207	0.55228817
8208	0.54985070
8209	0.54740101
8210	0.54493946
8211	0.54246670
8212	0.53998321
8213	0.53748965
8214	0.53498650
8215	0.53247434
8216	0.52995372
8217	0.52742529
8218	0.52488965
8219	0.52234727
8220	0.51979882
8221	0.51724482
8222	0.51468581
8223	0.51212245
8224	0.50955522
8225	0.50698465
8226	0.50441122
8227	0.50183553
8228	0.49925798
8229	0.49667904
8230	0.49409920
8231	0.49151886
8232	0.48893839
8233	0.48635823
8234	0.48377872
8235	0.48120019
8236	0.47862300
8237	0.47604737
8238	0.47347370
8239	0.47090212
8240	0.46833298
8241	0.46576643
8242	0.46320266
8243	0.46064189
8244	0.45808423
8245	0.45552990
8246	0.45297894
8247	0.45043156
8248	0.44788775
8249	0.44534767
8250	0.44281125
8251	0.44027874
8252	0.43775007
8253	0.43522531
8254	0.43270445
8255	0.43018755
8256	0.42767459
8257	0.42516559
8258	0.42266056
8259	0.42015952
8260	0.41766238
8261	0.41516921
8262	0.41267988
8263	0.41019452
8264	0.40771294
8265	0.40523517
8266	0.40276116
8267	0.40029088
8268	0.39782432
8269	0.39536139
8270	0.39290196
8271	0.39044607
8272	0.38799357
8273	0.38554451
8274	0.38309869
8275	0.38065606
8276	0.37821653
8277	0.37577999
8278	0.37334639
8279	0.37091556
8280	0.36848742
8281	0.36606181
8282	0.36363861
8283	0.36121771
8284	0.35879892
8285	0.35638216
8286	0.35396722
8287	0.35155398
8288	0.34914222
8289	0.34673178
8290	0.34432247
8291	0.34191409
8292	0.33950645
8293	0.33709931
8294	0.33469245
8295	0.33228570
8296	0.32987866
8297	0.32747123
8298	0.32506299
8299	0.32265371
8300	0.32024309
8301	0.31783074
8302	0.31541631
8303	0.31299943
8304	0.31057963
8305	0.30815649
8306	0.30572951
8307	0.30329826
8308	0.30086198
8309	0.29842016
8310	0.29597214
8311	0.29351711
8312	0.29105437
8313	0.28858298
8314	0.28610194
8315	0.28361031
8316	0.28110683
8317	0.27859035
8318	0.27605942
8319	0.27351263
8320	0.27094820
8321	0.26836446
8322	0.26575944
8323	0.26313084
8324	0.26047635
8325	0.25779334
8326	0.25507894
8327	0.25232995
8328	0.24954280
8329	0.24671371
8330	0.24383830
8331	0.24091192
8332	0.23792928
8333	0.23488452
8334	0.23177107
8335	0.22858180
8336	0.22530846
8337	0.22194213
8338	0.21847256
8339	0.21488838
8340	0.21117659
8341	0.20732287
8342	0.20331027
8343	0.19912039
8344	0.19473152
8345	0.19011915
8346	0.18525474
8347	0.18010578
8348	0.17463392
8349	0.16879494
8350	0.16253646
8351	0.15579711
8352	0.14850324
8353	0.14056730
8354	0.13188311
8355	0.12232164
8356	0.11172373
8357	0.09989204
8358	0.08657738
8359	0.07146209
8360	0.05413349
8361	0.03404739
8362	0.01046906
8363	-0.01761507
8364	-0.05164697
8365	-0.09374683
8366	-0.14716573
8367	-0.21715605
8368	-0.31279203
8369	-0.45121443
8370	-0.66915953
8371	-1.06218004
8372	-1.98085248
8373	-6.58788300
8374	NaN
8375	NaN
8376	NaN
8377	NaN
8378	NaN
8379	NaN
8380	NaN
8381	NaN
8382	NaN
8383	NaN
8384	NaN
8385	NaN
8386	NaN
8387	NaN
8388	NaN
8389	NaN
8390	NaN
8391	NaN
8392	NaN
8393	NaN
8394	NaN
8395	NaN
8396	NaN
8397	NaN
8398	NaN
8399	NaN
8400	NaN
8401	NaN
8402	NaN
8403	NaN
8404	NaN
8405	NaN
8406	NaN
8407	NaN
8408	NaN
8409	NaN
8410	NaN
8411	NaN
8412	NaN
8413	NaN
8414	NaN
8415	NaN
8416	NaN
8417	NaN
8418	NaN
8419	NaN
8420	NaN
8421	NaN
8422	NaN
8423	NaN
8424	NaN
8425	NaN
8426	NaN
8427	NaN
8428	NaN
8429	NaN
8430	NaN
8431	NaN
8432	NaN
8433	NaN
8434	NaN
8435	NaN
8436	NaN
8437	NaN
8438	NaN
8439	4.01593542
8440	2.15989280
8441	1.60826993
8442	1.34389293
8443	1.18896890
8444	1.08732569
8445	1.01560736
8446	0.96236098
8447	0.92131251
8448	0.88873678
8449	0.86228126
8450	0.84038877
8451	0.82198548
8452	0.80630916
8453	0.79280156
8454	0.78104621
8455	0.77072525
8456	0.76159191
8457	0.75345176
8458	0.74614978
8459	0.73956054
8460	0.73358172
8461	0.72812861
8462	0.72313118
8463	0.71853018
8464	0.71427584
8465	0.71032566
8466	0.70664334
8467	0.70319760
8468	0.69996130
8469	0.69691080
8470	0.69402540
8471	0.69128698
8472	0.68867964
8473	0.68618906
8474	0.68380284
8475	0.68150949
8476	0.67929918
8477	0.67716277
8478	0.67509210
8479	0.67307997
8480	0.67111963
8481	0.66920513
8482	0.66733080
8483	0.66549188
8484	0.66368371
8485	0.66190213
8486	0.66014320
8487	0.65840358
8488	0.65667999
8489	0.65496951
8490	0.65326941
8491	0.65157717
8492	0.64989048
8493	0.64820725
8494	0.64652556
8495	0.64484346
8496	0.64315951
8497	0.64147192
8498	0.63977957
8499	0.63808095
8500	0.63637507
8501	0.63466066
8502	0.63293684
8503	0.63120276
8504	0.62945747
8505	0.62770033
8506	0.62593061
8507	0.62414771
8508	0.62235117
8509	0.62054032
8510	0.61871493
8511	0.61687440
8512	0.61501855
8513	0.61314690
8514	0.61125940
8515	0.60935557
8516	0.60743535
8517	0.60549855
8518	0.60354501
8519	0.60157454
8520	0.59958702
8521	0.59758246
8522	0.59556073
8523	0.59352171
8524	0.59146553
8525	0.58939207
8526	0.58730125
8527	0.58519322
8528	0.58306789
8529	0.58092546
8530	0.57876581
8531	0.57658917
8532	0.57439560
8533	0.57218522
8534	0.56995809
8535	0.56771445
8536	0.56545454
8537	0.56317848
8538	0.56088650
8539	0.55857891
8540	0.55625588
8541	0.55391777
8542	0.55156475
8543	0.54919744
8544	0.54681593
8545	0.54442060
8546	0.54201192
8547	0.53959024
8548	0.53715599
8549	0.53470951
8550	0.53225124
8551	0.52978158
8552	0.52730101
8553	0.52480996
8554	0.52230889
8555	0.51979816
8556	0.51727825
8557	0.51474959
8558	0.51221257
8559	0.50966763
8560	0.50711524
8561	0.50455564
8562	0.50198936
8563	0.49941680
8564	0.49683824
8565	0.49425408
8566	0.49166468
8567	0.48907033
8568	0.48647144
8569	0.48386821
8570	0.48126107
8571	0.47865015
8572	0.47603583
8573	0.47341841
8574	0.47079808
8575	0.46817505
8576	0.46554962
8577	0.46292201
8578	0.46029237
8579	0.45766097
8580	0.45502800
8581	0.45239359
8582	0.44975811
8583	0.44712156
8584	0.44448417
8585	0.44184616
8586	0.43920770
8587	0.43656895
8588	0.43393007
8589	0.43129122
8590	0.42865261
8591	0.42601439
8592	0.42337674
8593	0.42073977
8594	0.41810369
8595	0.41546863
8596	0.41283479
8597	0.41020232
8598	0.40757141
8599	0.40494210
8600	0.40231463
8601	0.39968911
8602	0.39706573
8603	0.39444458
8604	0.39182585
8605	0.38920960
8606	0.38659605
8607	0.38398519
8608	0.38137728
8609	0.37877235
8610	0.37617049
8611	0.37357184
8612	0.37097651
8613	0.36838457
8614	0.36579606
8615	0.36321110
8616	0.36062977
8617	0.35805213
8618	0.35547823
8619	0.35290813
8620	0.35034192
8621	0.34777954
8622	0.34522116
8623	0.34266669
8624	0.34011629
8625	0.33756983
8626	0.33502740
8627	0.33248898
8628	0.32995456
8629	0.32742411
8630	0.32489756
8631	0.32237497
8632	0.31985611
8633	0.31734106
8634	0.31482956
8635	0.31232154
8636	0.30981690
8637	0.30731535
8638	0.30481681
8639	0.30232087
8640	0.29982737
8641	0.29733592
8642	0.29484615
8643	0.29235756
8644	0.28986973
8645	0.28738207
8646	0.28489402
8647	0.28240478
8648	0.27991360
8649	0.27741963
8650	0.27492186
8651	0.27241918
8652	0.26991037
8653	0.26739410
8654	0.26486880
8655	0.26233277
8656	0.25978425
8657	0.25722107
8658	0.25464088
8659	0.25204119
8660	0.24941906
8661	0.24677147
8662	0.24409471
8663	0.24138500
8664	0.23863782
8665	0.23584850
8666	0.23301134
8667	0.23012048
8668	0.22716898
8669	0.22414926
8670	0.22105263
8671	0.21786933
8672	0.21458839
8673	0.21119736
8674	0.20768198
8675	0.20402621
8676	0.20021154
8677	0.19621682
8678	0.19201763
8679	0.18758571
8680	0.18288827
8681	0.17788707
8682	0.17253706
8683	0.16678496
8684	0.16056779
8685	0.15380982
8686	0.14641967
8687	0.13828604
8688	0.12927242
8689	0.11920942
8690	0.10788325
8691	0.09502193
8692	0.08027380
8693	0.06317557
8694	0.04310412
8695	0.01920195
8696	-0.00974423
8697	-0.04550866
8698	-0.09079538
8699	-0.14993659
8700	-0.23033428
8701	-0.34576473
8702	-0.52513534
8703	-0.84108919
8704	-1.54310822
8705	-4.43213654
8706	NaN
8707	NaN
8708	NaN
8709	NaN
8710	NaN
8711	NaN
8712	NaN
8713	NaN
8714	NaN
8715	NaN
8716	NaN
8717	NaN
8718	NaN
8719	NaN
8720	NaN
8721	NaN
8722	NaN
8723	NaN
8724	NaN
8725	NaN
8726	NaN
8727	NaN
8728	NaN
8729	NaN
8730	NaN
8731	NaN
8732	NaN
8733	NaN
8734	NaN
8735	NaN
8736	NaN
8737	NaN
8738	NaN
8739	NaN
8740	NaN
8741	NaN
8742	NaN
8743	NaN
8744	NaN
8745	NaN
8746	NaN
8747	NaN
8748	NaN
8749	NaN
8750	NaN
8751	NaN
8752	NaN
8753	NaN
8754	NaN
8755	NaN
8756	NaN
8757	NaN
8758	NaN
8759	NaN
8760	NaN
8761	NaN
8762	NaN
8763	NaN
8764	NaN
8765	NaN
8766	NaN
8767	NaN
8768	4.89655685
8769	2.22505498
8770	1.60175943
8771	1.32444358
8772	1.16792476
8773	1.06758571
8774	0.99791211
8775	0.94679922
8776	0.90776777
8777	0.87703419
8778	0.85224193
8779	0.83184606
8780	0.81479126
8781	0.80033284
8782	0.78792977
8783	0.77717978
8784	0.76777756
8785	0.75948685
8786	0.75212258
8787	0.74553692
8788	0.73961127
8789	0.73424876
8790	0.72936964
8791	0.72490764
8792	0.72080749
8793	0.71702254
8794	0.71351296
8795	0.71024460
8796	0.70718855
8797	0.70431942
8798	0.70161533
8799	0.69905710
8800	0.69662774
8801	0.69431269
8802	0.69209862
8803	0.68997407
8804	0.68792856
8805	0.68595284
8806	0.68403858
8807	0.68217832
8808	0.68036538
8809	0.67859346
8810	0.67685711
8811	0.67515129
8812	0.67347133
8813	0.67181319
8814	0.67017287
8815	0.66854692
8816	0.66693205
8817	0.66532528
8818	0.66372389
8819	0.66212547
8820	0.66052747
8821	0.65892774
8822	0.65732449
8823	0.65571570
8824	0.65409970
8825	0.65247488
8826	0.65083992
8827	0.64919329
8828	0.64753377
8829	0.64586031
8830	0.64417166
8831	0.64246714
8832	0.64074552
8833	0.63900620
8834	0.63724840
8835	0.63547134
8836	0.63367456
8837	0.63185745
8838	0.63001949
8839	0.62816024
8840	0.62627929
8841	0.62437636
8842	0.62245107
8843	0.62050325
8844	0.61853272
8845	0.61653918
8846	0.61452252
8847	0.61248267
8848	0.61041957
8849	0.60833317
8850	0.60622334
8851	0.60409039
8852	0.60193419
8853	0.59975475
8854	0.59755236
8855	0.59532702
8856	0.59307897
8857	0.59080845
8858	0.58851564
8859	0.58620083
8860	0.58386433
8861	0.58150643
8862	0.57912749
8863	0.57672793
8864	0.57430822
8865	0.57186866
8866	0.56940985
8867	0.56693232
8868	0.56443650
8869	0.56192303
8870	0.55939239
8871	0.55684531
8872	0.55428231
8873	0.55170411
8874	0.54911125
8875	0.54650450
8876	0.54388446
8877	0.54125196
8878	0.53860748
8879	0.53595185
8880	0.53328568
8881	0.53060967
8882	0.52792454
8883	0.52523094
8884	0.52252954
8885	0.51982093
8886	0.51710582
8887	0.51438487
8888	0.51165861
8889	0.50892758
8890	0.50619256
8891	0.50345391
8892	0.50071222
8893	0.49796811
8894	0.49522194
8895	0.49247429
8896	0.48972553
8897	0.48697621
8898	0.48422661
8899	0.48147723
8900	0.47872844
8901	0.47598064
8902	0.47323406
8903	0.47048911
8904	0.46774608
8905	0.46500528
8906	0.46226698
8907	0.45953143
8908	0.45679891
8909	0.45406961
8910	0.45134380
8911	0.44862169
8912	0.44590348
8913	0.44318941
8914	0.44047958
8915	0.43777427
8916	0.43507361
8917	0.43237779
8918	0.42968693
8919	0.42700124
8920	0.42432094
8921	0.42164606
8922	0.41897681
8923	0.41631338
8924	0.41365579
8925	0.41100430
8926	0.40835893
8927	0.40571991
8928	0.40308732
8929	0.40046123
8930	0.39784184
8931	0.39522913
8932	0.39262331
8933	0.39002439
8934	0.38743252
8935	0.38484770
8936	0.38227010
8937	0.37969962
8938	0.37713650
8939	0.37458071
8940	0.37203234
8941	0.36949137
8942	0.36695781
8943	0.36443180
8944	0.36191326
8945	0.35940227
8946	0.35689881
8947	0.35440293
8948	0.35191458
8949	0.34943384
8950	0.34696063
8951	0.34449506
8952	0.34203699
8953	0.33958650
8954	0.33714351
8955	0.33470806
8956	0.33228010
8957	0.32985955
8958	0.32744640
8959	0.32504061
8960	0.32264209
8961	0.32025084
8962	0.31786662
8963	0.31548947
8964	0.31311923
8965	0.31075576
8966	0.30839890
8967	0.30604839
8968	0.30370417
8969	0.30136588
8970	0.29903334
8971	0.29670611
8972	0.29438403
8973	0.29206654
8974	0.28975326
8975	0.28744376
8976	0.28513739
8977	0.28283358
8978	0.28053162
8979	0.27823085
8980	0.27593035
8981	0.27362916
8982	0.27132627
8983	0.26902056
8984	0.26671073
8985	0.26439545
8986	0.26207310
8987	0.25974193
8988	0.25740021
8989	0.25504580
8990	0.25267634
8991	0.25028932
8992	0.24788195
8993	0.24545117
8994	0.24299349
8995	0.24050511
8996	0.23798181
8997	0.23541881
8998	0.23281090
8999	0.23015223
9000	0.22743630
9001	0.22465578
9002	0.22180241
9003	0.21886694
9004	0.21583900
9005	0.21270682
9006	0.20945702
9007	0.20607433
9008	0.20254156
9009	0.19883882
9010	0.19494344
9011	0.19082908
9012	0.18646552
9013	0.18181719
9014	0.17684300
9015	0.17149416
9016	0.16571325
9017	0.15943173
9018	0.15256761
9019	0.14502150
9020	0.13667245
9021	0.12737122
9022	0.11693248
9023	0.10512161
9024	0.09164004
9025	0.07609835
9026	0.05798307
9027	0.03659938
9028	0.01098648
9029	-0.02022540
9030	-0.05905646
9031	-0.10861548
9032	-0.17394811
9033	-0.26382461
9034	-0.39495108
9035	-0.60357511
9036	-0.98585969
9037	-1.90893400
9038	-7.23921061
9039	NaN
9040	NaN
9041	NaN
9042	NaN
9043	NaN
9044	NaN
9045	NaN
9046	NaN
9047	NaN
9048	NaN
9049	NaN
9050	NaN
9051	NaN
9052	NaN
9053	NaN
9054	NaN
9055	NaN
9056	NaN
9057	NaN
9058	NaN
9059	NaN
9060	NaN
9061	NaN
9062	NaN
9063	NaN
9064	NaN
9065	NaN
9066	NaN
9067	NaN
9068	NaN
9069	NaN
9070	NaN
9071	NaN
9072	NaN
9073	NaN
9074	NaN
9075	NaN
9076	NaN
9077	NaN
9078	NaN
9079	NaN
9080	NaN
9081	NaN
9082	NaN
9083	NaN
9084	NaN
9085	NaN
9086	NaN
9087	NaN
9088	NaN
9089	NaN
9090	NaN
9091	NaN
9092	NaN
9093	NaN
9094	NaN
9095	NaN
9096	NaN
9097	NaN
9098	NaN
9099	NaN
9100	NaN
9101	NaN
9102	NaN
9103	NaN
9104	3.14593744
9105	1.90764451
9106	1.48359036
9107	1.26969242
9108	1.14093363
9109	1.05503237
9110	0.99372065
9111	0.94781250
9112	0.91218609
9113	0.88375908
9114	0.86056519
9115	0.84129143
9116	0.82502770
9117	0.81112283
9118	0.79909962
9119	0.78859860
9120	0.77934605
9121	0.77112812
9122	0.76377636
9123	0.75715566
9124	0.75115693
9125	0.74569052
9126	0.74068278
9127	0.73607224
9128	0.73180711
9129	0.72784370
9130	0.72414464
9131	0.72067815
9132	0.71741647
9133	0.71433604
9134	0.71141565
9135	0.70863730
9136	0.70598483
9137	0.70344424
9138	0.70100278
9139	0.69864935
9140	0.69637382
9141	0.69416744
9142	0.69202203
9143	0.68993026
9144	0.68788564
9145	0.68588209
9146	0.68391424
9147	0.68197721
9148	0.68006623
9149	0.67817736
9150	0.67630666
9151	0.67445070
9152	0.67260629
9153	0.67077041
9154	0.66894031
9155	0.66711360
9156	0.66528791
9157	0.66346109
9158	0.66163117
9159	0.65979630
9160	0.65795487
9161	0.65610546
9162	0.65424651
9163	0.65237677
9164	0.65049517
9165	0.64860064
9166	0.64669216
9167	0.64476895
9168	0.64283031
9169	0.64087546
9170	0.63890386
9171	0.63691497
9172	0.63490850
9173	0.63288391
9174	0.63084102
9175	0.62877953
9176	0.62669927
9177	0.62460017
9178	0.62248212
9179	0.62034512
9180	0.61818910
9181	0.61601424
9182	0.61382061
9183	0.61160821
9184	0.60937732
9185	0.60712814
9186	0.60486078
9187	0.60257560
9188	0.60027272
9189	0.59795260
9190	0.59561539
9191	0.59326148
9192	0.59089124
9193	0.58850497
9194	0.58610308
9195	0.58368611
9196	0.58125424
9197	0.57880801
9198	0.57634795
9199	0.57387447
9200	0.57138819
9201	0.56888950
9202	0.56637895
9203	0.56385708
9204	0.56132460
9205	0.55878192
9206	0.55622977
9207	0.55366868
9208	0.55109942
9209	0.54852241
9210	0.54593849
9211	0.54334825
9212	0.54075223
9213	0.53815120
9214	0.53554577
9215	0.53293663
9216	0.53032434
9217	0.52770960
9218	0.52509296
9219	0.52247500
9220	0.51985639
9221	0.51723766
9222	0.51461941
9223	0.51200205
9224	0.50938618
9225	0.50677228
9226	0.50416070
9227	0.50155199
9228	0.49894649
9229	0.49634457
9230	0.49374661
9231	0.49115294
9232	0.48856384
9233	0.48597959
9234	0.48340040
9235	0.48082653
9236	0.47825816
9237	0.47569549
9238	0.47313860
9239	0.47058767
9240	0.46804279
9241	0.46550414
9242	0.46297169
9243	0.46044552
9244	0.45792571
9245	0.45541224
9246	0.45290515
9247	0.45040444
9248	0.44791007
9249	0.44542211
9250	0.44294050
9251	0.44046515
9252	0.43799609
9253	0.43553323
9254	0.43307653
9255	0.43062598
9256	0.42818141
9257	0.42574286
9258	0.42331022
9259	0.42088342
9260	0.41846243
9261	0.41604707
9262	0.41363728
9263	0.41123301
9264	0.40883416
9265	0.40644059
9266	0.40405220
9267	0.40166888
9268	0.39929053
9269	0.39691702
9270	0.39454818
9271	0.39218393
9272	0.38982409
9273	0.38746852
9274	0.38511702
9275	0.38276950
9276	0.38042569
9277	0.37808549
9278	0.37574872
9279	0.37341514
9280	0.37108457
9281	0.36875686
9282	0.36643168
9283	0.36410898
9284	0.36178845
9285	0.35946989
9286	0.35715309
9287	0.35483783
9288	0.35252386
9289	0.35021096
9290	0.34789890
9291	0.34558743
9292	0.34327626
9293	0.34096518
9294	0.33865389
9295	0.33634210
9296	0.33402950
9297	0.33171582
9298	0.32940066
9299	0.32708377
9300	0.32476467
9301	0.32244295
9302	0.32011822
9303	0.31779003
9304	0.31545785
9305	0.31312105
9306	0.31077904
9307	0.30843127
9308	0.30607688
9309	0.30371514
9310	0.30134517
9311	0.29896605
9312	0.29657677
9313	0.29417610
9314	0.29176292
9315	0.28933582
9316	0.28689331
9317	0.28443381
9318	0.28195554
9319	0.27945662
9320	0.27693477
9321	0.27438781
9322	0.27181312
9323	0.26920801
9324	0.26656932
9325	0.26389375
9326	0.26117751
9327	0.25841662
9328	0.25560659
9329	0.25274250
9330	0.24981880
9331	0.24682947
9332	0.24376786
9333	0.24062648
9334	0.23739707
9335	0.23407038
9336	0.23063609
9337	0.22708263
9338	0.22339699
9339	0.21956471
9340	0.21556903
9341	0.21139130
9342	0.20701009
9343	0.20240107
9344	0.19753624
9345	0.19238344
9346	0.18690526
9347	0.18105844
9348	0.17479229
9349	0.16804709
9350	0.16075210
9351	0.15282317
9352	0.14415902
9353	0.13463697
9354	0.12410694
9355	0.11238379
9356	0.09923504
9357	0.08436737
9358	0.06740249
9359	0.04784685
9360	0.02504166
9361	-0.00190991
9362	-0.03426358
9363	-0.07383023
9364	-0.12332324
9365	-0.18699832
9366	-0.27193558
9367	-0.39084089
9368	-0.56902796
9369	-0.86520535
9370	-1.45368469
9371	-3.18466878
9372	NaN
9373	NaN
9374	NaN
9375	NaN
9376	NaN
9377	NaN
9378	NaN
9379	NaN
9380	NaN
9381	NaN
9382	NaN
9383	NaN
9384	NaN
9385	NaN
9386	NaN
9387	NaN
9388	NaN
9389	NaN
9390	NaN
9391	NaN
9392	NaN
9393	NaN
9394	NaN
9395	NaN
9396	NaN
9397	NaN
9398	NaN
9399	NaN
9400	NaN
9401	NaN
9402	NaN
9403	NaN
9404	NaN
9405	NaN
9406	NaN
9407	NaN
9408	NaN
9409	NaN
9410	NaN
9411	NaN
9412	NaN
9413	NaN
9414	NaN
9415	NaN
9416	NaN
9417	NaN
9418	NaN
9419	NaN
9420	NaN
9421	NaN
9422	NaN
9423	NaN
9424	NaN
9425	NaN
9426	NaN
9427	NaN
9428	NaN
9429	NaN
9430	NaN
9431	NaN
9432	NaN
9433	NaN
9434	6.97021484
9435	2.72275949
9436	1.87358975
9437	1.51007473
9438	1.30844867
9439	1.18040228
9440	1.09196723
9441	1.02729034
9442	0.97797894
9443	0.93917227
9444	0.90786237
9445	0.88208634
9446	0.86051005
9447	0.84219408
9448	0.82645804
9449	0.81279719
9450	0.80082929
9451	0.79025906
9452	0.78085548
9453	0.77243406
9454	0.76484698
9455	0.75797355
9456	0.75171471
9457	0.74598813
9458	0.74072474
9459	0.73586661
9460	0.73136425
9461	0.72717553
9462	0.72326416
9463	0.71959853
9464	0.71615124
9465	0.71289867
9466	0.70981961
9467	0.70689571
9468	0.70411038
9469	0.70144922
9470	0.69889915
9471	0.69644874
9472	0.69408727
9473	0.69180536
9474	0.68959457
9475	0.68744707
9476	0.68535596
9477	0.68331486
9478	0.68131781
9479	0.67935956
9480	0.67743504
9481	0.67554003
9482	0.67367005
9483	0.67182148
9484	0.66999066
9485	0.66817445
9486	0.66636968
9487	0.66457361
9488	0.66278368
9489	0.66099733
9490	0.65921241
9491	0.65742689
9492	0.65563869
9493	0.65384609
9494	0.65204757
9495	0.65024143
9496	0.64842629
9497	0.64660084
9498	0.64476395
9499	0.64291447
9500	0.64105135
9501	0.63917381
9502	0.63728088
9503	0.63537186
9504	0.63344604
9505	0.63150287
9506	0.62954175
9507	0.62756234
9508	0.62556404
9509	0.62354660
9510	0.62150973
9511	0.61945313
9512	0.61737669
9513	0.61528021
9514	0.61316353
9515	0.61102670
9516	0.60886967
9517	0.60669231
9518	0.60449493
9519	0.60227740
9520	0.60003996
9521	0.59778279
9522	0.59550601
9523	0.59320980
9524	0.59089464
9525	0.58856052
9526	0.58620799
9527	0.58383733
9528	0.58144885
9529	0.57904297
9530	0.57662028
9531	0.57418102
9532	0.57172579
9533	0.56925505
9534	0.56676942
9535	0.56426936
9536	0.56175548
9537	0.55922836
9538	0.55668861
9539	0.55413675
9540	0.55157357
9541	0.54899955
9542	0.54641539
9543	0.54382169
9544	0.54121906
9545	0.53860825
9546	0.53598976
9547	0.53336418
9548	0.53073221
9549	0.52809441
9550	0.52545130
9551	0.52280337
9552	0.52015132
9553	0.51749551
9554	0.51483655
9555	0.51217484
9556	0.50951082
9557	0.50684488
9558	0.50417751
9559	0.50150901
9560	0.49883974
9561	0.49616998
9562	0.49350008
9563	0.49083033
9564	0.48816088
9565	0.48549211
9566	0.48282412
9567	0.48015708
9568	0.47749126
9569	0.47482663
9570	0.47216356
9571	0.46950203
9572	0.46684217
9573	0.46418399
9574	0.46152768
9575	0.45887324
9576	0.45622081
9577	0.45357031
9578	0.45092186
9579	0.44827551
9580	0.44563127
9581	0.44298914
9582	0.44034919
9583	0.43771139
9584	0.43507585
9585	0.43244252
9586	0.42981145
9587	0.42718264
9588	0.42455614
9589	0.42193201
9590	0.41931021
9591	0.41669074
9592	0.41407374
9593	0.41145915
9594	0.40884700
9595	0.40623733
9596	0.40363023
9597	0.40102559
9598	0.39842355
9599	0.39582413
9600	0.39322728
9601	0.39063308
9602	0.38804147
9603	0.38545254
9604	0.38286626
9605	0.38028264
9606	0.37770167
9607	0.37512338
9608	0.37254775
9609	0.36997479
9610	0.36740446
9611	0.36483678
9612	0.36227170
9613	0.35970923
9614	0.35714927
9615	0.35459191
9616	0.35203701
9617	0.34948465
9618	0.34693471
9619	0.34438714
9620	0.34184194
9621	0.33929905
9622	0.33675835
9623	0.33421987
9624	0.33168349
9625	0.32914910
9626	0.32661667
9627	0.32408601
9628	0.32155710
9629	0.31902975
9630	0.31650382
9631	0.31397912
9632	0.31145549
9633	0.30893269
9634	0.30641052
9635	0.30388865
9636	0.30136678
9637	0.29884452
9638	0.29632166
9639	0.29379749
9640	0.29127175
9641	0.28874367
9642	0.28621283
9643	0.28367850
9644	0.28113991
9645	0.27859613
9646	0.27604634
9647	0.27348951
9648	0.27092436
9649	0.26834980
9650	0.26576430
9651	0.26316640
9652	0.26055440
9653	0.25792643
9654	0.25528038
9655	0.25261381
9656	0.24992447
9657	0.24720941
9658	0.24446562
9659	0.24168959
9660	0.23887759
9661	0.23602541
9662	0.23312847
9663	0.23018153
9664	0.22717884
9665	0.22411394
9666	0.22097971
9667	0.21776810
9668	0.21447015
9669	0.21107559
9670	0.20757310
9671	0.20394975
9672	0.20019095
9673	0.19627994
9674	0.19219793
9675	0.18792295
9676	0.18343027
9677	0.17869087
9678	0.17367142
9679	0.16833276
9680	0.16262969
9681	0.15650809
9682	0.14990450
9683	0.14274275
9684	0.13493162
9685	0.12636018
9686	0.11689294
9687	0.10636181
9688	0.09455743
9689	0.08121348
9690	0.06598809
9691	0.04843389
9692	0.02795529
9693	0.00373937
9694	-0.02535002
9695	-0.06095317
9696	-0.10552593
9697	-0.16292365
9698	-0.23955438
9699	-0.34692407
9700	-0.50794637
9701	-0.77576894
9702	-1.30813920
9703	-2.87419653
9704	NaN
9705	NaN
9706	NaN
9707	NaN
9708	NaN
9709	NaN
9710	NaN
9711	NaN
9712	NaN
9713	NaN
9714	NaN
9715	NaN
9716	NaN
9717	NaN
9718	NaN
9719	NaN
9720	NaN
9721	NaN
9722	NaN
9723	NaN
9724	NaN
9725	NaN
9726	NaN
9727	NaN
9728	NaN
9729	NaN
9730	NaN
9731	NaN
9732	NaN
9733	NaN
9734	NaN
9735	NaN
9736	NaN
9737	NaN
9738	NaN
9739	NaN
9740	NaN
9741	NaN
9742	NaN
9743	NaN
9744	NaN
9745	NaN
9746	NaN
9747	NaN
9748	NaN
9749	NaN
9750	NaN
9751	NaN
9752	NaN
9753	NaN
9754	NaN
9755	NaN
9756	NaN
9757	NaN
9758	NaN
9759	NaN
9760	NaN
9761	NaN
9762	NaN
9763	NaN
9764	6.47218752
9765	2.55479836
9766	1.77238715
9767	1.43781674
9768	1.25251031
9769	1.13503218
9770	1.05406237
9771	0.99498296
9772	0.95005471
9773	0.91479641
9774	0.88643456
9775	0.86315918
9776	0.84374017
9777	0.82731080
9778	0.81324458
9779	0.80107558
9780	0.79045153
9781	0.78110033
9782	0.77280861
9783	0.76540667
9784	0.75875843
9785	0.75275272
9786	0.74729842
9787	0.74231946
9788	0.73775268
9789	0.73354465
9790	0.72965008
9791	0.72603017
9792	0.72265160
9793	0.71948564
9794	0.71650732
9795	0.71369475
9796	0.71102905
9797	0.70849305
9798	0.70607203
9799	0.70375276
9800	0.70152336
9801	0.69937360
9802	0.69729370
9803	0.69527543
9804	0.69331110
9805	0.69139379
9806	0.68951726
9807	0.68767583
9808	0.68586439
9809	0.68407828
9810	0.68231302
9811	0.68056494
9812	0.67883027
9813	0.67710584
9814	0.67538869
9815	0.67367601
9816	0.67196518
9817	0.67025399
9818	0.66854036
9819	0.66682231
9820	0.66509801
9821	0.66336584
9822	0.66162443
9823	0.65987235
9824	0.65810835
9825	0.65633148
9826	0.65454054
9827	0.65273470
9828	0.65091318
9829	0.64907527
9830	0.64722031
9831	0.64534777
9832	0.64345711
9833	0.64154798
9834	0.63962001
9835	0.63767290
9836	0.63570637
9837	0.63372022
9838	0.63171440
9839	0.62968868
9840	0.62764311
9841	0.62557751
9842	0.62349200
9843	0.62138653
9844	0.61926126
9845	0.61711609
9846	0.61495125
9847	0.61276686
9848	0.61056310
9849	0.60834008
9850	0.60609806
9851	0.60383713
9852	0.60155761
9853	0.59925973
9854	0.59694374
9855	0.59460998
9856	0.59225869
9857	0.58989024
9858	0.58750498
9859	0.58510327
9860	0.58268547
9861	0.58025199
9862	0.57780331
9863	0.57533979
9864	0.57286197
9865	0.57037026
9866	0.56786519
9867	0.56534719
9868	0.56281698
9869	0.56027490
9870	0.55772150
9871	0.55515748
9872	0.55258322
9873	0.54999942
9874	0.54740655
9875	0.54480529
9876	0.54219604
9877	0.53957945
9878	0.53695619
9879	0.53432667
9880	0.53169149
9881	0.52905118
9882	0.52640623
9883	0.52375722
9884	0.52110469
9885	0.51844901
9886	0.51579076
9887	0.51313037
9888	0.51046818
9889	0.50780493
9890	0.50514072
9891	0.50247610
9892	0.49981135
9893	0.49714699
9894	0.49448335
9895	0.49182066
9896	0.48915932
9897	0.48649961
9898	0.48384184
9899	0.48118633
9900	0.47853327
9901	0.47588295
9902	0.47323564
9903	0.47059155
9904	0.46795088
9905	0.46531385
9906	0.46268067
9907	0.46005154
9908	0.45742664
9909	0.45480609
9910	0.45219013
9911	0.44957885
9912	0.44697249
9913	0.44437110
9914	0.44177499
9915	0.43918407
9916	0.43659866
9917	0.43401885
9918	0.43144464
9919	0.42887631
9920	0.42631391
9921	0.42375758
9922	0.42120746
9923	0.41866362
9924	0.41612613
9925	0.41359517
9926	0.41107082
9927	0.40855318
9928	0.40604231
9929	0.40353841
9930	0.40104145
9931	0.39855158
9932	0.39606887
9933	0.39359349
9934	0.39112538
9935	0.38866472
9936	0.38621151
9937	0.38376597
9938	0.38132805
9939	0.37889788
9940	0.37647551
9941	0.37406105
9942	0.37165454
9943	0.36925620
9944	0.36686590
9945	0.36448386
9946	0.36211008
9947	0.35974467
9948	0.35738778
9949	0.35503936
9950	0.35269955
9951	0.35036841
9952	0.34804603
9953	0.34573245
9954	0.34342775
9955	0.34113193
9956	0.33884498
9957	0.33656707
9958	0.33429810
9959	0.33203807
9960	0.32978696
9961	0.32754469
9962	0.32531124
9963	0.32308653
9964	0.32087022
9965	0.31866241
9966	0.31646264
9967	0.31427076
9968	0.31208652
9969	0.30990943
9970	0.30773917
9971	0.30557516
9972	0.30341688
9973	0.30126369
9974	0.29911482
9975	0.29696953
9976	0.29482678
9977	0.29268560
9978	0.29054478
9979	0.28840303
9980	0.28625879
9981	0.28411052
9982	0.28195629
9983	0.27979410
9984	0.27762157
9985	0.27543631
9986	0.27323535
9987	0.27101567
9988	0.26877356
9989	0.26650521
9990	0.26420611
9991	0.26187131
9992	0.25949550
9993	0.25707218
9994	0.25459450
9995	0.25205466
9996	0.24944384
9997	0.24675201
9998	0.24396773
9999	0.24107820
10000	0.23806882
10001	0.23492262
10002	0.23162051
10003	0.22814021
10004	0.22445630
10005	0.22053887
10006	0.21635319
10007	0.21185859
10008	0.20700690
10009	0.20174111
10010	0.19599287
10011	0.18967988
10012	0.18270226
10013	0.17493704
10014	0.16623209
10015	0.15639652
10016	0.14518757
10017	0.13229126
10018	0.11729491
10019	0.09964589
10020	0.07858596
10021	0.05304573
10022	0.02146672
10023	-0.01851266
10024	-0.07065286
10025	-0.14132740
10026	-0.24227361
10027	-0.39773205
10028	-0.66714638
10029	-1.24552655
10030	-3.36239314
10031	NaN
10032	NaN
10033	NaN
10034	NaN
10035	NaN
10036	NaN
10037	NaN
10038	NaN
10039	NaN
10040	NaN
10041	NaN
10042	NaN
10043	NaN
10044	NaN
10045	NaN
10046	NaN
10047	NaN
10048	NaN
10049	NaN
10050	NaN
10051	NaN
10052	NaN
10053	NaN
10054	NaN
10055	NaN
10056	NaN
10057	NaN
10058	NaN
10059	NaN
10060	NaN
10061	NaN
10062	NaN
10063	NaN
10064	NaN
10065	NaN
10066	NaN
10067	NaN
10068	NaN
10069	NaN
10070	NaN
10071	NaN
10072	NaN
10073	NaN
10074	NaN
10075	NaN
10076	NaN
10077	NaN
10078	NaN
10079	NaN
10080	NaN
10081	NaN
10082	NaN
10083	NaN
10084	NaN
10085	NaN
10086	NaN
10087	NaN
10088	NaN
10089	NaN
10090	NaN
10091	NaN
10092	NaN
10093	10.22239304
10094	2.61028934
10095	1.73100579
10096	1.39149642
10097	1.21174252
10098	1.10063636
10099	1.02527046
10100	0.97086525
10101	0.92979527
10102	0.89773017
10103	0.87202644
10104	0.85098028
10105	0.83344316
10106	0.81861305
10107	0.80591309
10108	0.79491770
10109	0.78530568
10110	0.77683079
10111	0.76930022
10112	0.76256186
10113	0.75649309
10114	0.75099468
10115	0.74598527
10116	0.74139714
10117	0.73717409
10118	0.73326868
10119	0.72964102
10120	0.72625661
10121	0.72308618
10122	0.72010422
10123	0.71728873
10124	0.71462053
10125	0.71208280
10126	0.70966065
10127	0.70734107
10128	0.70511234
10129	0.70296419
10130	0.70088726
10131	0.69887340
10132	0.69691497
10133	0.69500530
10134	0.69313836
10135	0.69130856
10136	0.68951082
10137	0.68774062
10138	0.68599373
10139	0.68426627
10140	0.68255490
10141	0.68085611
10142	0.67916715
10143	0.67748517
10144	0.67580765
10145	0.67413223
10146	0.67245674
10147	0.67077917
10148	0.66909778
10149	0.66741073
10150	0.66571641
10151	0.66401350
10152	0.66230047
10153	0.66057616
10154	0.65883940
10155	0.65708917
10156	0.65532440
10157	0.65354419
10158	0.65174782
10159	0.64993453
10160	0.64810359
10161	0.64625442
10162	0.64438653
10163	0.64249939
10164	0.64059263
10165	0.63866580
10166	0.63671857
10167	0.63475078
10168	0.63276213
10169	0.63075244
10170	0.62872159
10171	0.62666947
10172	0.62459600
10173	0.62250113
10174	0.62038493
10175	0.61824733
10176	0.61608845
10177	0.61390829
10178	0.61170709
10179	0.60948491
10180	0.60724193
10181	0.60497832
10182	0.60269439
10183	0.60039026
10184	0.59806633
10185	0.59572279
10186	0.59336001
10187	0.59097832
10188	0.58857822
10189	0.58615994
10190	0.58372408
10191	0.58127093
10192	0.57880121
10193	0.57631522
10194	0.57381368
10195	0.57129699
10196	0.56876582
10197	0.56622082
10198	0.56366253
10199	0.56109160
10200	0.55850881
10201	0.55591464
10202	0.55330998
10203	0.55069530
10204	0.54807150
10205	0.54543912
10206	0.54279888
10207	0.54015160
10208	0.53749782
10209	0.53483820
10210	0.53217357
10211	0.52950448
10212	0.52683163
10213	0.52415562
10214	0.52147704
10215	0.51879656
10216	0.51611477
10217	0.51343209
10218	0.51074928
10219	0.50806665
10220	0.50538480
10221	0.50270426
10222	0.50002539
10223	0.49734867
10224	0.49467447
10225	0.49200326
10226	0.48933536
10227	0.48667106
10228	0.48401079
10229	0.48135477
10230	0.47870332
10231	0.47605672
10232	0.47341517
10233	0.47077888
10234	0.46814817
10235	0.46552312
10236	0.46290404
10237	0.46029091
10238	0.45768410
10239	0.45508361
10240	0.45248967
10241	0.44990236
10242	0.44732177
10243	0.44474804
10244	0.44218135
10245	0.43962163
10246	0.43706909
10247	0.43452379
10248	0.43198577
10249	0.42945510
10250	0.42693189
10251	0.42441610
10252	0.42190784
10253	0.41940716
10254	0.41691402
10255	0.41442844
10256	0.41195044
10257	0.40948009
10258	0.40701729
10259	0.40456203
10260	0.40211430
10261	0.39967397
10262	0.39724106
10263	0.39481550
10264	0.39239720
10265	0.38998601
10266	0.38758188
10267	0.38518476
10268	0.38279438
10269	0.38041064
10270	0.37803346
10271	0.37566260
10272	0.37329796
10273	0.37093934
10274	0.36858651
10275	0.36623931
10276	0.36389750
10277	0.36156085
10278	0.35922912
10279	0.35690209
10280	0.35457951
10281	0.35226101
10282	0.34994641
10283	0.34763533
10284	0.34532747
10285	0.34302244
10286	0.34071985
10287	0.33841938
10288	0.33612058
10289	0.33382291
10290	0.33152592
10291	0.32922912
10292	0.32693183
10293	0.32463351
10294	0.32233340
10295	0.32003078
10296	0.31772488
10297	0.31541476
10298	0.31309935
10299	0.31077775
10300	0.30844876
10301	0.30611101
10302	0.30376318
10303	0.30140370
10304	0.29903087
10305	0.29664287
10306	0.29423761
10307	0.29181296
10308	0.28936633
10309	0.28689504
10310	0.28439605
10311	0.28186622
10312	0.27930176
10313	0.27669874
10314	0.27405262
10315	0.27135867
10316	0.26861137
10317	0.26580471
10318	0.26293200
10319	0.25998589
10320	0.25695795
10321	0.25383908
10322	0.25061890
10323	0.24728589
10324	0.24382700
10325	0.24022765
10326	0.23647131
10327	0.23253922
10328	0.22841004
10329	0.22405949
10330	0.21945977
10331	0.21457896
10332	0.20937988
10333	0.20381984
10334	0.19784847
10335	0.19140701
10336	0.18442592
10337	0.17682253
10338	0.16849753
10339	0.15933117
10340	0.14917731
10341	0.13785602
10342	0.12514259
10343	0.11075445
10344	0.09432881
10345	0.07539495
10346	0.05332791
10347	0.02728259
10348	-0.00391538
10349	-0.04194348
10350	-0.08928871
10351	-0.14979677
10352	-0.22975513
10353	-0.34018707
10354	-0.50235647
10355	-0.76324368
10356	-1.25130689
10357	-2.48820972
10358	-11.80016708
10359	NaN
10360	NaN
10361	NaN
10362	NaN
10363	NaN
10364	NaN
10365	NaN
10366	NaN
10367	NaN
10368	NaN
10369	NaN
10370	NaN
10371	NaN
10372	NaN
10373	NaN
10374	NaN
10375	NaN
10376	NaN
10377	NaN
10378	NaN
10379	NaN
10380	NaN
10381	NaN
10382	NaN
10383	NaN
10384	NaN
10385	NaN
10386	NaN
10387	NaN
10388	NaN
10389	NaN
10390	NaN
10391	NaN
10392	NaN
10393	NaN
10394	NaN
10395	NaN
10396	NaN
10397	NaN
10398	NaN
10399	NaN
10400	NaN
10401	NaN
10402	NaN
10403	NaN
10404	NaN
10405	NaN
10406	NaN
10407	NaN
10408	NaN
10409	NaN
10410	NaN
10411	NaN
10412	NaN
10413	NaN
10414	NaN
10415	NaN
10416	NaN
10417	NaN
10418	NaN
10419	18.74892044
10420	3.21933484
10421	2.02931452
10422	1.59149396
10423	1.36419511
10424	1.22515512
10425	1.13142228
10426	1.06401801
10427	1.01326132
10428	0.97369522
10429	0.94200891
10430	0.91607881
10431	0.89447761
10432	0.87621278
10433	0.86057150
10434	0.84702903
10435	0.83518976
10436	0.82475102
10437	0.81547612
10438	0.80717826
10439	0.79970741
10440	0.79294169
10441	0.78678131
10442	0.78114384
10443	0.77596045
10444	0.77117318
10445	0.76673269
10446	0.76259702
10447	0.75873053
10448	0.75510192
10449	0.75168437
10450	0.74845421
10451	0.74539089
10452	0.74247622
10453	0.73969430
10454	0.73703068
10455	0.73447281
10456	0.73200929
10457	0.72962999
10458	0.72732586
10459	0.72508860
10460	0.72291070
10461	0.72078544
10462	0.71870661
10463	0.71666878
10464	0.71466678
10465	0.71269590
10466	0.71075183
10467	0.70883077
10468	0.70692903
10469	0.70504344
10470	0.70317090
10471	0.70130861
10472	0.69945413
10473	0.69760501
10474	0.69575918
10475	0.69391465
10476	0.69206959
10477	0.69022244
10478	0.68837154
10479	0.68651569
10480	0.68465358
10481	0.68278408
10482	0.68090618
10483	0.67901903
10484	0.67712182
10485	0.67521387
10486	0.67329443
10487	0.67136312
10488	0.66941935
10489	0.66746283
10490	0.66549301
10491	0.66350979
10492	0.66151297
10493	0.65950227
10494	0.65747756
10495	0.65543884
10496	0.65338594
10497	0.65131885
10498	0.64923757
10499	0.64714217
10500	0.64503270
10501	0.64290917
10502	0.64077169
10503	0.63862050
10504	0.63645548
10505	0.63427687
10506	0.63208485
10507	0.62987947
10508	0.62766105
10509	0.62542957
10510	0.62318540
10511	0.62092865
10512	0.61865950
10513	0.61637825
10514	0.61408508
10515	0.61178029
10516	0.60946399
10517	0.60713667
10518	0.60479850
10519	0.60244977
10520	0.60009074
10521	0.59772182
10522	0.59534329
10523	0.59295553
10524	0.59055883
10525	0.58815354
10526	0.58574009
10527	0.58331871
10528	0.58088988
10529	0.57845396
10530	0.57601124
10531	0.57356215
10532	0.57110703
10533	0.56864631
10534	0.56618023
10535	0.56370914
10536	0.56123346
10537	0.55875349
10538	0.55626959
10539	0.55378199
10540	0.55129099
10541	0.54879689
10542	0.54629999
10543	0.54380053
10544	0.54129869
10545	0.53879482
10546	0.53628904
10547	0.53378165
10548	0.53127271
10549	0.52876252
10550	0.52625120
10551	0.52373886
10552	0.52122575
10553	0.51871192
10554	0.51619756
10555	0.51368272
10556	0.51116747
10557	0.50865215
10558	0.50613660
10559	0.50362104
10560	0.50110543
10561	0.49858996
10562	0.49607468
10563	0.49355963
10564	0.49104494
10565	0.48853058
10566	0.48601666
10567	0.48350319
10568	0.48099032
10569	0.47847798
10570	0.47596627
10571	0.47345525
10572	0.47094494
10573	0.46843535
10574	0.46592656
10575	0.46341857
10576	0.46091142
10577	0.45840520
10578	0.45589986
10579	0.45339540
10580	0.45089191
10581	0.44838935
10582	0.44588777
10583	0.44338718
10584	0.44088754
10585	0.43838891
10586	0.43589130
10587	0.43339467
10588	0.43089899
10589	0.42840427
10590	0.42591059
10591	0.42341784
10592	0.42092606
10593	0.41843525
10594	0.41594532
10595	0.41345641
10596	0.41096836
10597	0.40848124
10598	0.40599507
10599	0.40350980
10600	0.40102544
10601	0.39854202
10602	0.39605948
10603	0.39357787
10604	0.39109713
10605	0.38861734
10606	0.38613844
10607	0.38366044
10608	0.38118333
10609	0.37870708
10610	0.37623170
10611	0.37375706
10612	0.37128326
10613	0.36881012
10614	0.36633766
10615	0.36386567
10616	0.36139414
10617	0.35892287
10618	0.35645166
10619	0.35398042
10620	0.35150886
10621	0.34903672
10622	0.34656370
10623	0.34408945
10624	0.34161359
10625	0.33913565
10626	0.33665520
10627	0.33417156
10628	0.33168420
10629	0.32919243
10630	0.32669544
10631	0.32419240
10632	0.32168233
10633	0.31916428
10634	0.31663701
10635	0.31409934
10636	0.31154990
10637	0.30898711
10638	0.30640936
10639	0.30381489
10640	0.30120164
10641	0.29856756
10642	0.29591015
10643	0.29322684
10644	0.29051483
10645	0.28777090
10646	0.28499156
10647	0.28217298
10648	0.27931094
10649	0.27640069
10650	0.27343708
10651	0.27041432
10652	0.26732591
10653	0.26416457
10654	0.26092216
10655	0.25758967
10656	0.25415680
10657	0.25061178
10658	0.24694154
10659	0.24313094
10660	0.23916306
10661	0.23501794
10662	0.23067315
10663	0.22610240
10664	0.22127558
10665	0.21615721
10666	0.21070579
10667	0.20487238
10668	0.19859931
10669	0.19181700
10670	0.18444271
10671	0.17637497
10672	0.16749074
10673	0.15763669
10674	0.14662242
10675	0.13420612
10676	0.12007730
10677	0.10383018
10678	0.08492631
10679	0.06263178
10680	0.03592447
10681	0.00333319
10682	-0.03733398
10683	-0.08949935
10684	-0.15881054
10685	-0.25531086
10686	-0.39873502
10687	-0.63393533
10688	-1.08944964
10689	-2.34348226
10690	NaN
10691	NaN
10692	NaN
10693	NaN
10694	NaN
10695	NaN
10696	NaN
10697	NaN
10698	NaN
10699	NaN
10700	NaN
10701	NaN
10702	NaN
10703	NaN
10704	NaN
10705	NaN
10706	NaN
10707	NaN
10708	NaN
10709	NaN
10710	NaN
10711	NaN
10712	NaN
10713	NaN
10714	NaN
10715	NaN
10716	NaN
10717	NaN
10718	NaN
10719	NaN
10720	NaN
10721	NaN
10722	NaN
10723	NaN
10724	NaN
10725	NaN
10726	NaN
10727	NaN
10728	NaN
10729	NaN
10730	NaN
10731	NaN
10732	NaN
10733	NaN
10734	NaN
10735	NaN
10736	NaN
10737	NaN
10738	NaN
10739	NaN
10740	NaN
10741	NaN
10742	NaN
10743	NaN
10744	NaN
10745	NaN
10746	NaN
10747	NaN
10748	NaN
10749	NaN
10750	NaN
10751	NaN
10752	NaN
10753	NaN
10754	NaN
10755	NaN
10756	3.91063166
10757	2.15735698
10758	1.62606943
10759	1.36984873
10760	1.21928132
10761	1.12036848
10762	1.05054402
10763	0.99870789
10764	0.95876658
10765	0.92709297
10766	0.90139651
10767	0.88015747
10768	0.86232877
10769	0.84716517
10770	0.83412147
10771	0.82279032
10772	0.81286103
10773	0.80409223
10774	0.79629385
10775	0.78931391
10776	0.78302974
10777	0.77734113
10778	0.77216530
10779	0.76743329
10780	0.76308733
10781	0.75907874
10782	0.75536579
10783	0.75191301
10784	0.74868959
10785	0.74566901
10786	0.74282807
10787	0.74014652
10788	0.73760676
10789	0.73519284
10790	0.73289096
10791	0.73068875
10792	0.72857511
10793	0.72654021
10794	0.72457498
10795	0.72267175
10796	0.72082299
10797	0.71902210
10798	0.71726346
10799	0.71554124
10800	0.71385074
10801	0.71218723
10802	0.71054667
10803	0.70892519
10804	0.70731920
10805	0.70572561
10806	0.70414126
10807	0.70256335
10808	0.70098948
10809	0.69941711
10810	0.69784421
10811	0.69626856
10812	0.69468838
10813	0.69310194
10814	0.69150752
10815	0.68990356
10816	0.68828887
10817	0.68666208
10818	0.68502194
10819	0.68336737
10820	0.68169743
10821	0.68001115
10822	0.67830777
10823	0.67658645
10824	0.67484647
10825	0.67308724
10826	0.67130822
10827	0.66950887
10828	0.66768879
10829	0.66584754
10830	0.66398478
10831	0.66210026
10832	0.66019362
10833	0.65826482
10834	0.65631348
10835	0.65433961
10836	0.65234298
10837	0.65032369
10838	0.64828151
10839	0.64621651
10840	0.64412874
10841	0.64201808
10842	0.63988483
10843	0.63772881
10844	0.63555038
10845	0.63334954
10846	0.63112652
10847	0.62888151
10848	0.62661475
10849	0.62432641
10850	0.62201685
10851	0.61968637
10852	0.61733526
10853	0.61496401
10854	0.61257291
10855	0.61016238
10856	0.60773295
10857	0.60528511
10858	0.60281932
10859	0.60033613
10860	0.59783614
10861	0.59531987
10862	0.59278798
10863	0.59024107
10864	0.58767974
10865	0.58510476
10866	0.58251661
10867	0.57991606
10868	0.57730377
10869	0.57468039
10870	0.57204658
10871	0.56940293
10872	0.56675023
10873	0.56408906
10874	0.56141996
10875	0.55874372
10876	0.55606079
10877	0.55337185
10878	0.55067742
10879	0.54797804
10880	0.54527426
10881	0.54256660
10882	0.53985548
10883	0.53714150
10884	0.53442496
10885	0.53170639
10886	0.52898616
10887	0.52626455
10888	0.52354211
10889	0.52081913
10890	0.51809579
10891	0.51537257
10892	0.51264971
10893	0.50992745
10894	0.50720608
10895	0.50448591
10896	0.50176704
10897	0.49904978
10898	0.49633434
10899	0.49362090
10900	0.49090973
10901	0.48820093
10902	0.48549473
10903	0.48279130
10904	0.48009089
10905	0.47739363
10906	0.47469962
10907	0.47200915
10908	0.46932235
10909	0.46663943
10910	0.46396050
10911	0.46128577
10912	0.45861542
10913	0.45594960
10914	0.45328847
10915	0.45063221
10916	0.44798097
10917	0.44533494
10918	0.44269422
10919	0.44005898
10920	0.43742934
10921	0.43480545
10922	0.43218741
10923	0.42957529
10924	0.42696929
10925	0.42436945
10926	0.42177588
10927	0.41918862
10928	0.41660774
10929	0.41403329
10930	0.41146532
10931	0.40890390
10932	0.40634897
10933	0.40380064
10934	0.40125889
10935	0.39872372
10936	0.39619511
10937	0.39367309
10938	0.39115766
10939	0.38864875
10940	0.38614634
10941	0.38365051
10942	0.38116106
10943	0.37867811
10944	0.37620160
10945	0.37373143
10946	0.37126765
10947	0.36881018
10948	0.36635897
10949	0.36391395
10950	0.36147511
10951	0.35904244
10952	0.35661572
10953	0.35419503
10954	0.35178024
10955	0.34937119
10956	0.34696785
10957	0.34456998
10958	0.34217754
10959	0.33979028
10960	0.33740801
10961	0.33503044
10962	0.33265737
10963	0.33028838
10964	0.32792321
10965	0.32556137
10966	0.32320240
10967	0.32084572
10968	0.31849077
10969	0.31613681
10970	0.31378302
10971	0.31142858
10972	0.30907241
10973	0.30671346
10974	0.30435044
10975	0.30198199
10976	0.29960638
10977	0.29722199
10978	0.29482669
10979	0.29241842
10980	0.28999454
10981	0.28755242
10982	0.28508881
10983	0.28260040
10984	0.28008309
10985	0.27753267
10986	0.27494410
10987	0.27231187
10988	0.26962966
10989	0.26689047
10990	0.26408622
10991	0.26120776
10992	0.25824469
10993	0.25518525
10994	0.25201565
10995	0.24872047
10996	0.24528135
10997	0.24167755
10998	0.23788443
10999	0.23387359
11000	0.22961143
11001	0.22505811
11002	0.22016647
11003	0.21487996
11004	0.20913017
11005	0.20283413
11006	0.19588953
11007	0.18817000
11008	0.17951642
11009	0.16972712
11010	0.15854107
11011	0.14561698
11012	0.13049719
11013	0.11255651
11014	0.09091538
11015	0.06429978
11016	0.03078920
11017	-0.01264934
11018	-0.07110648
11019	-0.15382491
11020	-0.27952555
11021	-0.49272558
11022	-0.93155622
11023	-2.34650683
11024	NaN
11025	NaN
11026	NaN
11027	NaN
11028	NaN
11029	NaN
11030	NaN
11031	NaN
11032	NaN
11033	NaN
11034	NaN
11035	NaN
11036	NaN
11037	NaN
11038	NaN
11039	NaN
11040	NaN
11041	NaN
11042	NaN
11043	NaN
11044	NaN
11045	NaN
11046	NaN
11047	NaN
11048	NaN
11049	NaN
11050	NaN
11051	NaN
11052	NaN
11053	NaN
11054	NaN
11055	NaN
11056	NaN
11057	NaN
11058	NaN
11059	NaN
11060	NaN
11061	NaN
11062	NaN
11063	NaN
11064	NaN
11065	NaN
11066	NaN
11067	NaN
11068	NaN
11069	NaN
11070	NaN
11071	NaN
11072	NaN
11073	NaN
11074	NaN
11075	NaN
11076	NaN
11077	NaN
11078	NaN
11079	NaN
11080	NaN
11081	NaN
11082	NaN
11083	NaN
11084	NaN
11085	NaN
11086	NaN
11087	NaN
11088	NaN
11089	NaN
11090	NaN
11091	NaN
11092	NaN
11093	4.58287716
11094	2.14123201
11095	1.57093585
11096	1.31719768
11097	1.17401946
11098	1.08226168
11099	1.01856494
11100	0.97184932
11101	0.93618131
11102	0.90809721
11103	0.88543999
11104	0.86679465
11105	0.85119623
11106	0.83796316
11107	0.82660085
11108	0.81674147
11109	0.80810589
11110	0.80047840
11111	0.79369032
11112	0.78760707
11113	0.78212017
11114	0.77714163
11115	0.77259910
11116	0.76843244
11117	0.76459146
11118	0.76103359
11119	0.75772303
11120	0.75462914
11121	0.75172544
11122	0.74898922
11123	0.74640065
11124	0.74394244
11125	0.74159950
11126	0.73935843
11127	0.73720747
11128	0.73513591
11129	0.73313451
11130	0.73119497
11131	0.72930956
11132	0.72747177
11133	0.72567523
11134	0.72391433
11135	0.72218412
11136	0.72048002
11137	0.71879774
11138	0.71713328
11139	0.71548325
11140	0.71384430
11141	0.71221334
11142	0.71058774
11143	0.70896477
11144	0.70734215
11145	0.70571756
11146	0.70408905
11147	0.70245469
11148	0.70081270
11149	0.69916147
11150	0.69749957
11151	0.69582546
11152	0.69413811
11153	0.69243616
11154	0.69071853
11155	0.68898427
11156	0.68723261
11157	0.68546271
11158	0.68367380
11159	0.68186522
11160	0.68003649
11161	0.67818713
11162	0.67631656
11163	0.67442453
11164	0.67251068
11165	0.67057472
11166	0.66861653
11167	0.66663599
11168	0.66463280
11169	0.66260701
11170	0.66055852
11171	0.65848756
11172	0.65639383
11173	0.65427750
11174	0.65213877
11175	0.64997768
11176	0.64779443
11177	0.64558899
11178	0.64336175
11179	0.64111274
11180	0.63884240
11181	0.63655084
11182	0.63423836
11183	0.63190520
11184	0.62955177
11185	0.62717825
11186	0.62478524
11187	0.62237287
11188	0.61994171
11189	0.61749202
11190	0.61502445
11191	0.61253935
11192	0.61003721
11193	0.60751861
11194	0.60498405
11195	0.60243410
11196	0.59986943
11197	0.59729052
11198	0.59469807
11199	0.59209275
11200	0.58947515
11201	0.58684599
11202	0.58420581
11203	0.58155555
11204	0.57889569
11205	0.57622701
11206	0.57355022
11207	0.57086593
11208	0.56817496
11209	0.56547785
11210	0.56277537
11211	0.56006819
11212	0.55735695
11213	0.55464220
11214	0.55192465
11215	0.54920495
11216	0.54648364
11217	0.54376119
11218	0.54103833
11219	0.53831542
11220	0.53559309
11221	0.53287178
11222	0.53015196
11223	0.52743405
11224	0.52471858
11225	0.52200580
11226	0.51929617
11227	0.51659006
11228	0.51388770
11229	0.51118958
11230	0.50849593
11231	0.50580698
11232	0.50312304
11233	0.50044441
11234	0.49777123
11235	0.49510378
11236	0.49244225
11237	0.48978686
11238	0.48713779
11239	0.48449516
11240	0.48185927
11241	0.47923008
11242	0.47660783
11243	0.47399274
11244	0.47138476
11245	0.46878418
11246	0.46619102
11247	0.46360540
11248	0.46102738
11249	0.45845708
11250	0.45589465
11251	0.45334002
11252	0.45079342
11253	0.44825473
11254	0.44572413
11255	0.44320160
11256	0.44068721
11257	0.43818089
11258	0.43568271
11259	0.43319273
11260	0.43071082
11261	0.42823705
11262	0.42577133
11263	0.42331362
11264	0.42086393
11265	0.41842219
11266	0.41598824
11267	0.41356209
11268	0.41114360
11269	0.40873271
11270	0.40632933
11271	0.40393326
11272	0.40154451
11273	0.39916283
11274	0.39678818
11275	0.39442039
11276	0.39205930
11277	0.38970473
11278	0.38735661
11279	0.38501477
11280	0.38267896
11281	0.38034904
11282	0.37802485
11283	0.37570614
11284	0.37339273
11285	0.37108445
11286	0.36878100
11287	0.36648217
11288	0.36418763
11289	0.36189720
11290	0.35961047
11291	0.35732719
11292	0.35504693
11293	0.35276926
11294	0.35049382
11295	0.34822014
11296	0.34594756
11297	0.34367573
11298	0.34140387
11299	0.33913136
11300	0.33685741
11301	0.33458120
11302	0.33230191
11303	0.33001852
11304	0.32772994
11305	0.32543495
11306	0.32313237
11307	0.32082075
11308	0.31849855
11309	0.31616411
11310	0.31381556
11311	0.31145102
11312	0.30906817
11313	0.30666468
11314	0.30423799
11315	0.30178514
11316	0.29930308
11317	0.29678839
11318	0.29423732
11319	0.29164577
11320	0.28900921
11321	0.28632256
11322	0.28358060
11323	0.28077701
11324	0.27790529
11325	0.27495781
11326	0.27192637
11327	0.26880172
11328	0.26557353
11329	0.26223031
11330	0.25875905
11331	0.25514492
11332	0.25137150
11333	0.24741969
11334	0.24326825
11335	0.23889238
11336	0.23426397
11337	0.22935022
11338	0.22411340
11339	0.21850908
11340	0.21248557
11341	0.20598152
11342	0.19892398
11343	0.19122602
11344	0.18278208
11345	0.17346387
11346	0.16311340
11347	0.15153445
11348	0.13847975
11349	0.12363297
11350	0.10658402
11351	0.08679125
11352	0.06352291
11353	0.03576788
11354	0.00208733
11355	-0.03963761
11356	-0.09266294
11357	-0.16226186
11358	-0.25756985
11359	-0.39591798
11360	-0.61468464
11361	-1.01207066
11362	-1.95564175
11363	-7.02176619
11364	NaN
11365	NaN
11366	NaN
11367	NaN
11368	NaN
11369	NaN
11370	NaN
11371	NaN
11372	NaN
11373	NaN
11374	NaN
11375	NaN
11376	NaN
11377	NaN
11378	NaN
11379	NaN
11380	NaN
11381	NaN
11382	NaN
11383	NaN
11384	NaN
11385	NaN
11386	NaN
11387	NaN
11388	NaN
11389	NaN
11390	NaN
11391	NaN
11392	NaN
11393	NaN
11394	NaN
11395	NaN
11396	NaN
11397	NaN
11398	NaN
11399	NaN
11400	NaN
11401	NaN
11402	NaN
11403	NaN
11404	NaN
11405	NaN
11406	NaN
11407	NaN
11408	NaN
11409	NaN
11410	NaN
11411	NaN
11412	NaN
11413	NaN
11414	NaN
11415	NaN
11416	NaN
11417	NaN
11418	NaN
11419	NaN
11420	NaN
11421	NaN
11422	NaN
11423	NaN
11424	NaN
11425	NaN
11426	5.40518379
11427	2.44390535
11428	1.74507403
11429	1.43282723
11430	1.25602961
11431	1.14234066
11432	1.06314361
11433	1.00484550
11434	0.96016181
11435	0.92483813
11436	0.89622176
11437	0.87257397
11438	0.85270607
11439	0.83577937
11440	0.82118416
11441	0.80846721
11442	0.79728377
11443	0.78736764
11444	0.77850962
11445	0.77054363
11446	0.76333517
11447	0.75677532
11448	0.75077343
11449	0.74525523
11450	0.74015772
11451	0.73542827
11452	0.73102188
11453	0.72689992
11454	0.72302943
11455	0.71938163
11456	0.71593177
11457	0.71265799
11458	0.70954108
11459	0.70656431
11460	0.70371276
11461	0.70097315
11462	0.69833356
11463	0.69578350
11464	0.69331342
11465	0.69091481
11466	0.68857998
11467	0.68630183
11468	0.68407410
11469	0.68189102
11470	0.67974728
11471	0.67763823
11472	0.67555928
11473	0.67350650
11474	0.67147624
11475	0.66946507
11476	0.66746998
11477	0.66548795
11478	0.66351640
11479	0.66155285
11480	0.65959501
11481	0.65764099
11482	0.65568864
11483	0.65373635
11484	0.65178239
11485	0.64982539
11486	0.64786386
11487	0.64589661
11488	0.64392239
11489	0.64194024
11490	0.63994908
11491	0.63794816
11492	0.63593662
11493	0.63391370
11494	0.63187879
11495	0.62983143
11496	0.62777096
11497	0.62569696
11498	0.62360907
11499	0.62150699
11500	0.61939037
11501	0.61725903
11502	0.61511278
11503	0.61295140
11504	0.61077493
11505	0.60858315
11506	0.60637611
11507	0.60415381
11508	0.60191631
11509	0.59966367
11510	0.59739590
11511	0.59511322
11512	0.59281576
11513	0.59050363
11514	0.58817720
11515	0.58583653
11516	0.58348197
11517	0.58111382
11518	0.57873219
11519	0.57633758
11520	0.57393032
11521	0.57151079
11522	0.56907922
11523	0.56663615
11524	0.56418198
11525	0.56171715
11526	0.55924207
11527	0.55675727
11528	0.55426317
11529	0.55176032
11530	0.54924911
11531	0.54673022
11532	0.54420406
11533	0.54167116
11534	0.53913200
11535	0.53658718
11536	0.53403711
11537	0.53148240
11538	0.52892351
11539	0.52636087
11540	0.52379507
11541	0.52122647
11542	0.51865566
11543	0.51608294
11544	0.51350874
11545	0.51093364
11546	0.50835782
11547	0.50578177
11548	0.50320572
11549	0.50063020
11550	0.49805534
11551	0.49548146
11552	0.49290884
11553	0.49033773
11554	0.48776838
11555	0.48520094
11556	0.48263559
11557	0.48007250
11558	0.47751182
11559	0.47495371
11560	0.47239822
11561	0.46984541
11562	0.46729538
11563	0.46474823
11564	0.46220395
11565	0.45966253
11566	0.45712402
11567	0.45458844
11568	0.45205572
11569	0.44952589
11570	0.44699892
11571	0.44447473
11572	0.44195327
11573	0.43943453
11574	0.43691844
11575	0.43440491
11576	0.43189394
11577	0.42938539
11578	0.42687923
11579	0.42437541
11580	0.42187381
11581	0.41937429
11582	0.41687694
11583	0.41438156
11584	0.41188809
11585	0.40939644
11586	0.40690657
11587	0.40441832
11588	0.40193170
11589	0.39944661
11590	0.39696282
11591	0.39448041
11592	0.39199916
11593	0.38951907
11594	0.38704002
11595	0.38456190
11596	0.38208461
11597	0.37960806
11598	0.37713218
11599	0.37465680
11600	0.37218189
11601	0.36970735
11602	0.36723304
11603	0.36475885
11604	0.36228478
11605	0.35981059
11606	0.35733634
11607	0.35486180
11608	0.35238692
11609	0.34991157
11610	0.34743568
11611	0.34495917
11612	0.34248188
11613	0.34000370
11614	0.33752456
11615	0.33504426
11616	0.33256274
11617	0.33007982
11618	0.32759535
11619	0.32510918
11620	0.32262111
11621	0.32013094
11622	0.31763849
11623	0.31514350
11624	0.31264555
11625	0.31014457
11626	0.30764011
11627	0.30513176
11628	0.30261922
11629	0.30010188
11630	0.29757935
11631	0.29505098
11632	0.29251623
11633	0.28997427
11634	0.28742442
11635	0.28486580
11636	0.28229743
11637	0.27971822
11638	0.27712715
11639	0.27452278
11640	0.27190372
11641	0.26926845
11642	0.26661527
11643	0.26394218
11644	0.26124707
11645	0.25852767
11646	0.25578135
11647	0.25300530
11648	0.25019634
11649	0.24735087
11650	0.24446516
11651	0.24153484
11652	0.23855506
11653	0.23552063
11654	0.23242556
11655	0.22926317
11656	0.22602612
11657	0.22270606
11658	0.21929371
11659	0.21577851
11660	0.21214859
11661	0.20839059
11662	0.20448928
11663	0.20042738
11664	0.19618493
11665	0.19173925
11666	0.18706423
11667	0.18212961
11668	0.17690010
11669	0.17133461
11670	0.16538505
11671	0.15899430
11672	0.15209453
11673	0.14460474
11674	0.13642684
11675	0.12744166
11676	0.11750210
11677	0.10642588
11678	0.09398359
11679	0.07988212
11680	0.06374171
11681	0.04506203
11682	0.02316895
11683	-0.00286737
11684	-0.03436496
11685	-0.07325821
11686	-0.12250312
11687	-0.18685809
11688	-0.27449706
11689	-0.40075377
11690	-0.59814715
11691	-0.94985098
11692	-1.75118983
11693	-5.37658453
11694	NaN
11695	NaN
11696	NaN
11697	NaN
11698	NaN
11699	NaN
11700	NaN
11701	NaN
11702	NaN
11703	NaN
11704	NaN
11705	NaN
11706	NaN
11707	NaN
11708	NaN
11709	NaN
11710	NaN
11711	NaN
11712	NaN
11713	NaN
11714	NaN
11715	NaN
11716	NaN
11717	NaN
11718	NaN
11719	NaN
11720	NaN
11721	NaN
11722	NaN
11723	NaN
11724	NaN
11725	NaN
11726	NaN
11727	NaN
11728	NaN
11729	NaN
11730	NaN
11731	NaN
11732	NaN
11733	NaN
11734	NaN
11735	NaN
11736	NaN
11737	NaN
11738	NaN
11739	NaN
11740	NaN
11741	NaN
11742	NaN
11743	NaN
11744	NaN
11745	NaN
11746	NaN
11747	NaN
11748	NaN
11749	NaN
11750	NaN
11751	NaN
11752	NaN
11753	NaN
11754	NaN
11755	NaN
11756	NaN
11757	NaN
11758	10.40839577
11759	2.86247325
11760	1.87553382
11761	1.48723280
11762	1.28001821
11763	1.15139711
11764	1.06393397
11765	1.00070405
11766	0.95293587
11767	0.91563022
11768	0.88572979
11769	0.86125886
11770	0.84088373
11771	0.82367265
11772	0.80895317
11773	0.79622972
11774	0.78512788
11775	0.77535987
11776	0.76670098
11777	0.75897276
11778	0.75203204
11779	0.74576283
11780	0.74006933
11781	0.73487306
11782	0.73010761
11783	0.72571748
11784	0.72165579
11785	0.71788216
11786	0.71436226
11787	0.71106607
11788	0.70796794
11789	0.70504504
11790	0.70227796
11791	0.69964892
11792	0.69714272
11793	0.69474572
11794	0.69244581
11795	0.69023198
11796	0.68809474
11797	0.68602520
11798	0.68401557
11799	0.68205857
11800	0.68014795
11801	0.67827761
11802	0.67644238
11803	0.67463732
11804	0.67285818
11805	0.67110068
11806	0.66936123
11807	0.66763639
11808	0.66592300
11809	0.66421837
11810	0.66251969
11811	0.66082466
11812	0.65913105
11813	0.65743673
11814	0.65573996
11815	0.65403903
11816	0.65233225
11817	0.65061837
11818	0.64889592
11819	0.64716387
11820	0.64542109
11821	0.64366663
11822	0.64189965
11823	0.64011925
11824	0.63832480
11825	0.63651574
11826	0.63469136
11827	0.63285130
11828	0.63099515
11829	0.62912244
11830	0.62723291
11831	0.62532634
11832	0.62340236
11833	0.62146091
11834	0.61950177
11835	0.61752486
11836	0.61553007
11837	0.61351728
11838	0.61148643
11839	0.60943758
11840	0.60737079
11841	0.60528582
11842	0.60318297
11843	0.60106206
11844	0.59892333
11845	0.59676671
11846	0.59459239
11847	0.59240043
11848	0.59019101
11849	0.58796424
11850	0.58572024
11851	0.58345920
11852	0.58118135
11853	0.57888681
11854	0.57657588
11855	0.57424879
11856	0.57190579
11857	0.56954724
11858	0.56717336
11859	0.56478447
11860	0.56238097
11861	0.55996311
11862	0.55753136
11863	0.55508614
11864	0.55262768
11865	0.55015653
11866	0.54767311
11867	0.54517782
11868	0.54267102
11869	0.54015332
11870	0.53762507
11871	0.53508669
11872	0.53253871
11873	0.52998155
11874	0.52741563
11875	0.52484143
11876	0.52225941
11877	0.51967001
11878	0.51707357
11879	0.51447064
11880	0.51186150
11881	0.50924671
11882	0.50662655
11883	0.50400144
11884	0.50137174
11885	0.49873784
11886	0.49610004
11887	0.49345869
11888	0.49081421
11889	0.48816681
11890	0.48551688
11891	0.48286462
11892	0.48021036
11893	0.47755441
11894	0.47489706
11895	0.47223845
11896	0.46957889
11897	0.46691862
11898	0.46425790
11899	0.46159694
11900	0.45893589
11901	0.45627502
11902	0.45361453
11903	0.45095459
11904	0.44829541
11905	0.44563723
11906	0.44298011
11907	0.44032431
11908	0.43766996
11909	0.43501729
11910	0.43236640
11911	0.42971745
11912	0.42707062
11913	0.42442611
11914	0.42178395
11915	0.41914439
11916	0.41650745
11917	0.41387340
11918	0.41124228
11919	0.40861425
11920	0.40598935
11921	0.40336782
11922	0.40074965
11923	0.39813507
11924	0.39552408
11925	0.39291683
11926	0.39031339
11927	0.38771382
11928	0.38511825
11929	0.38252676
11930	0.37993944
11931	0.37735635
11932	0.37477753
11933	0.37220311
11934	0.36963311
11935	0.36706764
11936	0.36450678
11937	0.36195052
11938	0.35939908
11939	0.35685238
11940	0.35431057
11941	0.35177365
11942	0.34924182
11943	0.34671500
11944	0.34419334
11945	0.34167686
11946	0.33916569
11947	0.33665979
11948	0.33415926
11949	0.33166417
11950	0.32917446
11951	0.32669029
11952	0.32421157
11953	0.32173833
11954	0.31927061
11955	0.31680831
11956	0.31435138
11957	0.31189981
11958	0.30945343
11959	0.30701211
11960	0.30457571
11961	0.30214408
11962	0.29971689
11963	0.29729396
11964	0.29487494
11965	0.29245940
11966	0.29004693
11967	0.28763714
11968	0.28522938
11969	0.28282312
11970	0.28041747
11971	0.27801183
11972	0.27560520
11973	0.27319670
11974	0.27078512
11975	0.26836935
11976	0.26594794
11977	0.26351959
11978	0.26108241
11979	0.25863463
11980	0.25617424
11981	0.25369895
11982	0.25120625
11983	0.24869332
11984	0.24615699
11985	0.24359390
11986	0.24100015
11987	0.23837152
11988	0.23570308
11989	0.23298950
11990	0.23022476
11991	0.22740202
11992	0.22451380
11993	0.22155134
11994	0.21850500
11995	0.21536362
11996	0.21211468
11997	0.20874390
11998	0.20523469
11999	0.20156845
12000	0.19772312
12001	0.19367391
12002	0.18939134
12003	0.18484148
12004	0.17998414
12005	0.17477211
12006	0.16914912
12007	0.16304822
12008	0.15638831
12009	0.14907131
12010	0.14097676
12011	0.13195570
12012	0.12182108
12013	0.11033621
12014	0.09719566
12015	0.08200056
12016	0.06421728
12017	0.04311831
12018	0.01768361
12019	-0.01356060
12020	-0.05282878
12021	-0.10360251
12022	-0.17169487
12023	-0.26758680
12024	-0.41229543
12025	-0.65505362
12026	-1.14461577
12027	-2.63745475
12028	NaN
12029	NaN
12030	NaN
12031	NaN
12032	NaN
12033	NaN
12034	NaN
12035	NaN
12036	NaN
12037	NaN
12038	NaN
12039	NaN
12040	NaN
12041	NaN
12042	NaN
12043	NaN
12044	NaN
12045	NaN
12046	NaN
12047	NaN
12048	NaN
12049	NaN
12050	NaN
12051	NaN
12052	NaN
12053	NaN
12054	NaN
12055	NaN
12056	NaN
12057	NaN
12058	NaN
12059	NaN
12060	NaN
12061	NaN
12062	NaN
12063	NaN
12064	NaN
12065	NaN
12066	NaN
12067	NaN
12068	NaN
12069	NaN
12070	NaN
12071	NaN
12072	NaN
12073	NaN
12074	NaN
12075	NaN
12076	NaN
12077	NaN
12078	NaN
12079	NaN
12080	NaN
12081	NaN
12082	NaN
12083	NaN
12084	NaN
12085	NaN
12086	NaN
12087	NaN
12088	NaN
12089	NaN
12090	NaN
12091	NaN
12092	NaN
12093	3.51650882
12094	1.88312125
12095	1.42190897
12096	1.20466173
12097	1.07851779
12098	0.99624163
12099	0.93843192
12100	0.89564997
12101	0.86275309
12102	0.83669990
12103	0.81557739
12104	0.79812092
12105	0.78346258
12106	0.77098477
12107	0.76023811
12108	0.75088680
12109	0.74267519
12110	0.73540509
12111	0.72892040
12112	0.72309685
12113	0.71783406
12114	0.71305013
12115	0.70867759
12116	0.70466012
12117	0.70095080
12118	0.69750988
12119	0.69430357
12120	0.69130296
12121	0.68848318
12122	0.68582273
12123	0.68330270
12124	0.68090695
12125	0.67862093
12126	0.67643189
12127	0.67432874
12128	0.67230147
12129	0.67034113
12130	0.66843981
12131	0.66659021
12132	0.66478586
12133	0.66302103
12134	0.66129041
12135	0.65958905
12136	0.65791267
12137	0.65625715
12138	0.65461892
12139	0.65299451
12140	0.65138090
12141	0.64977515
12142	0.64817464
12143	0.64657688
12144	0.64497972
12145	0.64338100
12146	0.64177865
12147	0.64017105
12148	0.63855642
12149	0.63693333
12150	0.63530022
12151	0.63365573
12152	0.63199872
12153	0.63032806
12154	0.62864268
12155	0.62694156
12156	0.62522388
12157	0.62348872
12158	0.62173545
12159	0.61996341
12160	0.61817199
12161	0.61636049
12162	0.61452866
12163	0.61267585
12164	0.61080188
12165	0.60890633
12166	0.60698885
12167	0.60504925
12168	0.60308743
12169	0.60110319
12170	0.59909642
12171	0.59706694
12172	0.59501481
12173	0.59293997
12174	0.59084260
12175	0.58872247
12176	0.58657992
12177	0.58441490
12178	0.58222759
12179	0.58001810
12180	0.57778674
12181	0.57553363
12182	0.57325900
12183	0.57096314
12184	0.56864631
12185	0.56630898
12186	0.56395125
12187	0.56157368
12188	0.55917662
12189	0.55676055
12190	0.55432576
12191	0.55187291
12192	0.54940242
12193	0.54691482
12194	0.54441071
12195	0.54189056
12196	0.53935510
12197	0.53680485
12198	0.53424048
12199	0.53166264
12200	0.52907205
12201	0.52646923
12202	0.52385503
12203	0.52123004
12204	0.51859492
12205	0.51595050
12206	0.51329732
12207	0.51063621
12208	0.50796771
12209	0.50529265
12210	0.50261152
12211	0.49992508
12212	0.49723399
12213	0.49453881
12214	0.49184021
12215	0.48913875
12216	0.48643500
12217	0.48372951
12218	0.48102286
12219	0.47831547
12220	0.47560790
12221	0.47290057
12222	0.47019398
12223	0.46748847
12224	0.46478450
12225	0.46208245
12226	0.45938265
12227	0.45668539
12228	0.45399112
12229	0.45129991
12230	0.44861224
12231	0.44592825
12232	0.44324821
12233	0.44057241
12234	0.43790096
12235	0.43523410
12236	0.43257201
12237	0.42991489
12238	0.42726293
12239	0.42461625
12240	0.42197505
12241	0.41933945
12242	0.41670966
12243	0.41408572
12244	0.41146791
12245	0.40885627
12246	0.40625098
12247	0.40365216
12248	0.40105999
12249	0.39847457
12250	0.39589599
12251	0.39332440
12252	0.39075994
12253	0.38820270
12254	0.38565278
12255	0.38311028
12256	0.38057530
12257	0.37804788
12258	0.37552816
12259	0.37301609
12260	0.37051183
12261	0.36801538
12262	0.36552674
12263	0.36304590
12264	0.36057293
12265	0.35810778
12266	0.35565042
12267	0.35320079
12268	0.35075882
12269	0.34832451
12270	0.34589767
12271	0.34347829
12272	0.34106624
12273	0.33866134
12274	0.33626351
12275	0.33387253
12276	0.33148831
12277	0.32911062
12278	0.32673922
12279	0.32437396
12280	0.32201457
12281	0.31966084
12282	0.31731254
12283	0.31496924
12284	0.31263080
12285	0.31029683
12286	0.30796704
12287	0.30564097
12288	0.30331832
12289	0.30099860
12290	0.29868135
12291	0.29636613
12292	0.29405236
12293	0.29173955
12294	0.28942689
12295	0.28711385
12296	0.28479964
12297	0.28248346
12298	0.28016439
12299	0.27784151
12300	0.27551371
12301	0.27317989
12302	0.27083880
12303	0.26848888
12304	0.26612875
12305	0.26375672
12306	0.26137090
12307	0.25896913
12308	0.25654936
12309	0.25410900
12310	0.25164536
12311	0.24915537
12312	0.24663575
12313	0.24408273
12314	0.24149230
12315	0.23885973
12316	0.23618026
12317	0.23344806
12318	0.23065701
12319	0.22779998
12320	0.22486940
12321	0.22185643
12322	0.21875133
12323	0.21554300
12324	0.21221915
12325	0.20876563
12326	0.20516665
12327	0.20140402
12328	0.19745696
12329	0.19330189
12330	0.18891138
12331	0.18425380
12332	0.17929250
12333	0.17398439
12334	0.16827936
12335	0.16211769
12336	0.15542866
12337	0.14812703
12338	0.14011061
12339	0.13125405
12340	0.12140336
12341	0.11036659
12342	0.09790196
12343	0.08370015
12344	0.06735944
12345	0.04834816
12346	0.02594839
12347	-0.00083415
12348	-0.03341585
12349	-0.07388825
12350	-0.12547022
12351	-0.19339049
12352	-0.28674042
12353	-0.42285636
12354	-0.63939595
12355	-1.03647304
12356	-1.99785590
12357	-7.63482857
12358	NaN
12359	NaN
12360	NaN
12361	NaN
12362	NaN
12363	NaN
12364	NaN
12365	NaN
12366	NaN
12367	NaN
12368	NaN
12369	NaN
12370	NaN
12371	NaN
12372	NaN
12373	NaN
12374	NaN
12375	NaN
12376	NaN
12377	NaN
12378	NaN
12379	NaN
12380	NaN
12381	NaN
12382	NaN
12383	NaN
12384	NaN
12385	NaN
12386	NaN
12387	NaN
12388	NaN
12389	NaN
12390	NaN
12391	NaN
12392	NaN
12393	NaN
12394	NaN
12395	NaN
12396	NaN
12397	NaN
12398	NaN
12399	NaN
12400	NaN
12401	NaN
12402	NaN
12403	NaN
12404	NaN
12405	NaN
12406	NaN
12407	NaN
12408	NaN
12409	NaN
12410	NaN
12411	NaN
12412	NaN
12413	NaN
12414	NaN
12415	NaN
12416	NaN
12417	NaN
12418	NaN
12419	NaN
12420	NaN
12421	NaN
12422	NaN
12423	NaN
12424	3.40612292
12425	1.96259701
12426	1.49918020
12427	1.27091932
12428	1.13519156
12429	1.04530346
12430	0.98144239
12431	0.93377143
12432	0.89684981
12433	0.86742514
12434	0.84343314
12435	0.82350063
12436	0.80667877
12437	0.79229128
12438	0.77984226
12439	0.76896077
12440	0.75936276
12441	0.75082833
12442	0.74318373
12443	0.73628992
12444	0.73003495
12445	0.72432649
12446	0.71908909
12447	0.71425962
12448	0.70978510
12449	0.70562077
12450	0.70172846
12451	0.69807553
12452	0.69463390
12453	0.69137901
12454	0.68828994
12455	0.68534786
12456	0.68253648
12457	0.67984146
12458	0.67725009
12459	0.67475092
12460	0.67233378
12461	0.66998953
12462	0.66771007
12463	0.66548795
12464	0.66331673
12465	0.66119003
12466	0.65910256
12467	0.65704930
12468	0.65502560
12469	0.65302730
12470	0.65105039
12471	0.64909154
12472	0.64714742
12473	0.64521492
12474	0.64329147
12475	0.64137435
12476	0.63946128
12477	0.63755006
12478	0.63563871
12479	0.63372540
12480	0.63180846
12481	0.62988615
12482	0.62795717
12483	0.62602031
12484	0.62407410
12485	0.62211764
12486	0.62014985
12487	0.61816990
12488	0.61617708
12489	0.61417043
12490	0.61214954
12491	0.61011374
12492	0.60806262
12493	0.60599571
12494	0.60391265
12495	0.60181332
12496	0.59969717
12497	0.59756440
12498	0.59541464
12499	0.59324789
12500	0.59106404
12501	0.58886319
12502	0.58664536
12503	0.58441067
12504	0.58215904
12505	0.57989073
12506	0.57760596
12507	0.57530481
12508	0.57298762
12509	0.57065439
12510	0.56830555
12511	0.56594139
12512	0.56356204
12513	0.56116802
12514	0.55875951
12515	0.55633688
12516	0.55390054
12517	0.55145091
12518	0.54898828
12519	0.54651320
12520	0.54402596
12521	0.54152715
12522	0.53901714
12523	0.53649652
12524	0.53396571
12525	0.53142518
12526	0.52887559
12527	0.52631736
12528	0.52375108
12529	0.52117729
12530	0.51859653
12531	0.51600945
12532	0.51341647
12533	0.51081824
12534	0.50821531
12535	0.50560820
12536	0.50299752
12537	0.50038379
12538	0.49776751
12539	0.49514922
12540	0.49252945
12541	0.48990870
12542	0.48728737
12543	0.48466602
12544	0.48204505
12545	0.47942489
12546	0.47680593
12547	0.47418857
12548	0.47157314
12549	0.46896005
12550	0.46634963
12551	0.46374199
12552	0.46113762
12553	0.45853668
12554	0.45593938
12555	0.45334595
12556	0.45075664
12557	0.44817153
12558	0.44559076
12559	0.44301453
12560	0.44044283
12561	0.43787587
12562	0.43531367
12563	0.43275630
12564	0.43020380
12565	0.42765611
12566	0.42511338
12567	0.42257553
12568	0.42004251
12569	0.41751441
12570	0.41499102
12571	0.41247252
12572	0.40995863
12573	0.40744942
12574	0.40494484
12575	0.40244475
12576	0.39994907
12577	0.39745775
12578	0.39497063
12579	0.39248767
12580	0.39000878
12581	0.38753384
12582	0.38506272
12583	0.38259530
12584	0.38013148
12585	0.37767115
12586	0.37521416
12587	0.37276036
12588	0.37030965
12589	0.36786187
12590	0.36541694
12591	0.36297464
12592	0.36053482
12593	0.35809737
12594	0.35566214
12595	0.35322893
12596	0.35079759
12597	0.34836802
12598	0.34593996
12599	0.34351331
12600	0.34108788
12601	0.33866349
12602	0.33623999
12603	0.33381718
12604	0.33139488
12605	0.32897297
12606	0.32655120
12607	0.32412940
12608	0.32170737
12609	0.31928498
12610	0.31686196
12611	0.31443810
12612	0.31201321
12613	0.30958706
12614	0.30715936
12615	0.30472991
12616	0.30229840
12617	0.29986453
12618	0.29742801
12619	0.29498845
12620	0.29254550
12621	0.29009879
12622	0.28764781
12623	0.28519216
12624	0.28273121
12625	0.28026450
12626	0.27779129
12627	0.27531099
12628	0.27282274
12629	0.27032578
12630	0.26781914
12631	0.26530188
12632	0.26277283
12633	0.26023084
12634	0.25767455
12635	0.25510255
12636	0.25251326
12637	0.24990489
12638	0.24727558
12639	0.24462333
12640	0.24194568
12641	0.23924030
12642	0.23650429
12643	0.23373471
12644	0.23092820
12645	0.22808115
12646	0.22518943
12647	0.22224875
12648	0.21925405
12649	0.21620011
12650	0.21308081
12651	0.20988959
12652	0.20661901
12653	0.20326079
12654	0.19980590
12655	0.19624396
12656	0.19256356
12657	0.18875177
12658	0.18479396
12659	0.18067381
12660	0.17637248
12661	0.17186885
12662	0.16713855
12663	0.16215391
12664	0.15688270
12665	0.15128802
12666	0.14532648
12667	0.13894813
12668	0.13209336
12669	0.12469214
12670	0.11666094
12671	0.10789931
12672	0.09828580
12673	0.08767215
12674	0.07587504
12675	0.06266563
12676	0.04775416
12677	0.03076935
12678	0.01122571
12679	-0.01152184
12680	-0.03835037
12681	-0.07048306
12682	-0.10968001
12683	-0.15856554
12684	-0.22123678
12685	-0.30446261
12686	-0.42028797
12687	-0.59241170
12688	-0.87480426
12689	-1.42265427
12690	-2.93934536
12691	NaN
12692	NaN
12693	NaN
12694	NaN
12695	NaN
12696	NaN
12697	NaN
12698	NaN
12699	NaN
12700	NaN
12701	NaN
12702	NaN
12703	NaN
12704	NaN
12705	NaN
12706	NaN
12707	NaN
12708	NaN
12709	NaN
12710	NaN
12711	NaN
12712	NaN
12713	NaN
12714	NaN
12715	NaN
12716	NaN
12717	NaN
12718	NaN
12719	NaN
12720	NaN
12721	NaN
12722	NaN
12723	NaN
12724	NaN
12725	NaN
12726	NaN
12727	NaN
12728	NaN
12729	NaN
12730	NaN
12731	NaN
12732	NaN
12733	NaN
12734	NaN
12735	NaN
12736	NaN
12737	NaN
12738	NaN
12739	NaN
12740	NaN
12741	NaN
12742	NaN
12743	NaN
12744	NaN
12745	NaN
12746	NaN
12747	NaN
12748	NaN
12749	NaN
12750	NaN
12751	NaN
12752	NaN
12753	3.26907802
12754	1.97006166
12755	1.51243782
12756	1.27898765
12757	1.13756776
12758	1.04283071
12759	0.97501290
12760	0.92412323
12761	0.88456726
12762	0.85296732
12763	0.82716471
12764	0.80571371
12765	0.78761107
12766	0.77213794
12767	0.75876582
12768	0.74709779
12769	0.73682934
12770	0.72772330
12771	0.71959257
12772	0.71228671
12773	0.70568413
12774	0.69968486
12775	0.69420642
12776	0.68918002
12777	0.68454784
12778	0.68026084
12779	0.67627692
12780	0.67256045
12781	0.66908026
12782	0.66580951
12783	0.66272473
12784	0.65980542
12785	0.65703332
12786	0.65439248
12787	0.65186876
12788	0.64944953
12789	0.64712328
12790	0.64488006
12791	0.64271063
12792	0.64060688
12793	0.63856131
12794	0.63656718
12795	0.63461828
12796	0.63270903
12797	0.63083434
12798	0.62898958
12799	0.62717038
12800	0.62537277
12801	0.62359315
12802	0.62182832
12803	0.62007505
12804	0.61833042
12805	0.61659193
12806	0.61485714
12807	0.61312383
12808	0.61138976
12809	0.60965317
12810	0.60791224
12811	0.60616529
12812	0.60441083
12813	0.60264736
12814	0.60087365
12815	0.59908855
12816	0.59729093
12817	0.59547973
12818	0.59365416
12819	0.59181315
12820	0.58995616
12821	0.58808237
12822	0.58619118
12823	0.58428204
12824	0.58235443
12825	0.58040792
12826	0.57844210
12827	0.57645661
12828	0.57445109
12829	0.57242543
12830	0.57037932
12831	0.56831253
12832	0.56622517
12833	0.56411684
12834	0.56198758
12835	0.55983746
12836	0.55766642
12837	0.55547452
12838	0.55326176
12839	0.55102831
12840	0.54877430
12841	0.54649991
12842	0.54420531
12843	0.54189074
12844	0.53955638
12845	0.53720266
12846	0.53482980
12847	0.53243816
12848	0.53002810
12849	0.52759999
12850	0.52515435
12851	0.52269155
12852	0.52021205
12853	0.51771641
12854	0.51520503
12855	0.51267856
12856	0.51013744
12857	0.50758231
12858	0.50501370
12859	0.50243223
12860	0.49983838
12861	0.49723282
12862	0.49461615
12863	0.49198893
12864	0.48935184
12865	0.48670530
12866	0.48405010
12867	0.48138669
12868	0.47871569
12869	0.47603762
12870	0.47335306
12871	0.47066250
12872	0.46796656
12873	0.46526563
12874	0.46256030
12875	0.45985103
12876	0.45713821
12877	0.45442235
12878	0.45170385
12879	0.44898307
12880	0.44626051
12881	0.44353646
12882	0.44081128
12883	0.43808529
12884	0.43535885
12885	0.43263224
12886	0.42990580
12887	0.42717972
12888	0.42445427
12889	0.42172974
12890	0.41900632
12891	0.41628423
12892	0.41356367
12893	0.41084489
12894	0.40812799
12895	0.40541321
12896	0.40270072
12897	0.39999065
12898	0.39728317
12899	0.39457837
12900	0.39187655
12901	0.38917771
12902	0.38648200
12903	0.38378966
12904	0.38110068
12905	0.37841523
12906	0.37573349
12907	0.37305549
12908	0.37038136
12909	0.36771122
12910	0.36504516
12911	0.36238322
12912	0.35972556
12913	0.35707223
12914	0.35442328
12915	0.35177878
12916	0.34913880
12917	0.34650335
12918	0.34387246
12919	0.34124619
12920	0.33862451
12921	0.33600751
12922	0.33339512
12923	0.33078730
12924	0.32818410
12925	0.32558548
12926	0.32299140
12927	0.32040179
12928	0.31781664
12929	0.31523585
12930	0.31265941
12931	0.31008720
12932	0.30751923
12933	0.30495524
12934	0.30239534
12935	0.29983938
12936	0.29728723
12937	0.29473877
12938	0.29219395
12939	0.28965262
12940	0.28711474
12941	0.28458005
12942	0.28204855
12943	0.27952000
12944	0.27699432
12945	0.27447131
12946	0.27195081
12947	0.26943257
12948	0.26691645
12949	0.26440218
12950	0.26188958
12951	0.25937825
12952	0.25686806
12953	0.25435856
12954	0.25184935
12955	0.24934013
12956	0.24683039
12957	0.24431966
12958	0.24180740
12959	0.23929295
12960	0.23677576
12961	0.23425491
12962	0.23172973
12963	0.22919916
12964	0.22666231
12965	0.22411801
12966	0.22156505
12967	0.21900199
12968	0.21642746
12969	0.21383964
12970	0.21123682
12971	0.20861681
12972	0.20597747
12973	0.20331623
12974	0.20063038
12975	0.19791669
12976	0.19517189
12977	0.19239211
12978	0.18957317
12979	0.18671027
12980	0.18379828
12981	0.18083133
12982	0.17780291
12983	0.17470546
12984	0.17153104
12985	0.16827026
12986	0.16491279
12987	0.16144674
12988	0.15785888
12989	0.15413415
12990	0.15025517
12991	0.14620237
12992	0.14195305
12993	0.13748142
12994	0.13275731
12995	0.12774572
12996	0.12240610
12997	0.11669084
12998	0.11054346
12999	0.10389688
13000	0.09667142
13001	0.08877076
13002	0.08007772
13003	0.07044858
13004	0.05970528
13005	0.04762468
13006	0.03392277
13007	0.01823289
13008	0.00007405
13009	-0.02119747
13010	-0.04646480
13011	-0.07697060
13012	-0.11452125
13013	-0.16184720
13014	-0.22328292
13015	-0.30614325
13016	-0.42381895
13017	-0.60373402
13018	-0.91227829
13019	-1.56209552
13020	-3.80859160
13021	NaN
13022	NaN
13023	NaN
13024	NaN
13025	NaN
13026	NaN
13027	NaN
13028	NaN
13029	NaN
13030	NaN
13031	NaN
13032	NaN
13033	NaN
13034	NaN
13035	NaN
13036	NaN
13037	NaN
13038	NaN
13039	NaN
13040	NaN
13041	NaN
13042	NaN
13043	NaN
13044	NaN
13045	NaN
13046	NaN
13047	NaN
13048	NaN
13049	NaN
13050	NaN
13051	NaN
13052	NaN
13053	NaN
13054	NaN
13055	NaN
13056	NaN
13057	NaN
13058	NaN
13059	NaN
13060	NaN
13061	NaN
13062	NaN
13063	NaN
13064	NaN
13065	NaN
13066	NaN
13067	NaN
13068	NaN
13069	NaN
13070	NaN
13071	NaN
13072	NaN
13073	NaN
13074	NaN
13075	NaN
13076	NaN
13077	NaN
13078	NaN
13079	NaN
13080	NaN
13081	NaN
13082	6.74746656
13083	2.37782359
13084	1.62782037
13085	1.31780291
13086	1.14878511
13087	1.04263473
13088	0.96993244
13089	0.91713125
13090	0.87712193
13091	0.84581602
13092	0.82069445
13093	0.80012214
13094	0.78298885
13095	0.76851678
13096	0.75614333
13097	0.74545258
13098	0.73612875
13099	0.72792989
13100	0.72066563
13101	0.71418566
13102	0.70836866
13103	0.70311594
13104	0.69834685
13105	0.69399405
13106	0.69000179
13107	0.68632275
13108	0.68291676
13109	0.67974973
13110	0.67679232
13111	0.67401916
13112	0.67140824
13113	0.66894025
13114	0.66659844
13115	0.66436785
13116	0.66223550
13117	0.66018975
13118	0.65822011
13119	0.65631729
13120	0.65447307
13121	0.65267986
13122	0.65093106
13123	0.64922029
13124	0.64754218
13125	0.64589155
13126	0.64426386
13127	0.64265501
13128	0.64106095
13129	0.63947827
13130	0.63790369
13131	0.63633412
13132	0.63476700
13133	0.63319969
13134	0.63162982
13135	0.63005525
13136	0.62847400
13137	0.62688428
13138	0.62528437
13139	0.62367278
13140	0.62204796
13141	0.62040883
13142	0.61875391
13143	0.61708236
13144	0.61539310
13145	0.61368519
13146	0.61195791
13147	0.61021054
13148	0.60844237
13149	0.60665298
13150	0.60484159
13151	0.60300815
13152	0.60115200
13153	0.59927303
13154	0.59737092
13155	0.59544539
13156	0.59349644
13157	0.59152395
13158	0.58952773
13159	0.58750784
13160	0.58546430
13161	0.58339721
13162	0.58130658
13163	0.57919258
13164	0.57705534
13165	0.57489496
13166	0.57271165
13167	0.57050580
13168	0.56827742
13169	0.56602699
13170	0.56375456
13171	0.56146067
13172	0.55914557
13173	0.55680960
13174	0.55445313
13175	0.55207658
13176	0.54968047
13177	0.54726517
13178	0.54483110
13179	0.54237896
13180	0.53990906
13181	0.53742212
13182	0.53491861
13183	0.53239912
13184	0.52986431
13185	0.52731484
13186	0.52475125
13187	0.52217430
13188	0.51958460
13189	0.51698285
13190	0.51436973
13191	0.51174611
13192	0.50911242
13193	0.50646949
13194	0.50381809
13195	0.50115883
13196	0.49849251
13197	0.49581972
13198	0.49314114
13199	0.49045750
13200	0.48776942
13201	0.48507756
13202	0.48238251
13203	0.47968489
13204	0.47698525
13205	0.47428426
13206	0.47158232
13207	0.46888003
13208	0.46617785
13209	0.46347630
13210	0.46077570
13211	0.45807666
13212	0.45537943
13213	0.45268443
13214	0.44999203
13215	0.44730258
13216	0.44461632
13217	0.44193360
13218	0.43925464
13219	0.43657979
13220	0.43390915
13221	0.43124306
13222	0.42858160
13223	0.42592505
13224	0.42327356
13225	0.42062727
13226	0.41798630
13227	0.41535085
13228	0.41272101
13229	0.41009691
13230	0.40747863
13231	0.40486631
13232	0.40226001
13233	0.39965984
13234	0.39706585
13235	0.39447817
13236	0.39189684
13237	0.38932186
13238	0.38675338
13239	0.38419139
13240	0.38163602
13241	0.37908724
13242	0.37654510
13243	0.37400967
13244	0.37148088
13245	0.36895889
13246	0.36644360
13247	0.36393514
13248	0.36143339
13249	0.35893846
13250	0.35645029
13251	0.35396883
13252	0.35149419
13253	0.34902629
13254	0.34656510
13255	0.34411061
13256	0.34166285
13257	0.33922175
13258	0.33678722
13259	0.33435935
13260	0.33193806
13261	0.32952330
13262	0.32711509
13263	0.32471326
13264	0.32231802
13265	0.31992912
13266	0.31754664
13267	0.31517050
13268	0.31280059
13269	0.31043702
13270	0.30807954
13271	0.30572820
13272	0.30338287
13273	0.30104354
13274	0.29871002
13275	0.29638222
13276	0.29405993
13277	0.29174313
13278	0.28943142
13279	0.28712469
13280	0.28482261
13281	0.28252491
13282	0.28023115
13283	0.27794099
13284	0.27565393
13285	0.27336943
13286	0.27108687
13287	0.26880556
13288	0.26652470
13289	0.26424345
13290	0.26196086
13291	0.25967583
13292	0.25738716
13293	0.25509349
13294	0.25279331
13295	0.25048497
13296	0.24816675
13297	0.24583659
13298	0.24349213
13299	0.24113110
13300	0.23875068
13301	0.23634787
13302	0.23391944
13303	0.23146163
13304	0.22897057
13305	0.22644173
13306	0.22387022
13307	0.22125062
13308	0.21857683
13309	0.21584226
13310	0.21303953
13311	0.21016033
13312	0.20719554
13313	0.20413481
13314	0.20096675
13315	0.19767827
13316	0.19425489
13317	0.19068027
13318	0.18693580
13319	0.18300033
13320	0.17884979
13321	0.17445658
13322	0.16978905
13323	0.16481058
13324	0.15947862
13325	0.15374340
13326	0.14754692
13327	0.14082016
13328	0.13348120
13329	0.12543176
13330	0.11655337
13331	0.10670090
13332	0.09569585
13333	0.08331539
13334	0.06927857
13335	0.05322452
13336	0.03468397
13337	0.01303330
13338	-0.01257263
13339	-0.04331087
13340	-0.08086806
13341	-0.12775348
13342	-0.18786582
13343	-0.26761457
13344	-0.37832430
13345	-0.54207307
13346	-0.80842173
13347	-1.31651747
13348	-2.66439772
13349	-16.68764687
13350	NaN
13351	NaN
13352	NaN
13353	NaN
13354	NaN
13355	NaN
13356	NaN
13357	NaN
13358	NaN
13359	NaN
13360	NaN
13361	NaN
13362	NaN
13363	NaN
13364	NaN
13365	NaN
13366	NaN
13367	NaN
13368	NaN
13369	NaN
13370	NaN
13371	NaN
13372	NaN
13373	NaN
13374	NaN
13375	NaN
13376	NaN
13377	NaN
13378	NaN
13379	NaN
13380	NaN
13381	NaN
13382	NaN
13383	NaN
13384	NaN
13385	NaN
13386	NaN
13387	NaN
13388	NaN
13389	NaN
13390	NaN
13391	NaN
13392	NaN
13393	NaN
13394	NaN
13395	NaN
13396	NaN
13397	NaN
13398	NaN
13399	NaN
13400	NaN
13401	NaN
13402	NaN
13403	NaN
13404	6.35025692
13405	2.37823772
13406	1.64454699
13407	1.33611834
13408	1.16647601
13409	1.05926764
13410	0.98546171
13411	0.93160778
13412	0.89061886
13413	0.85840523
13414	0.83244258
13415	0.81108755
13416	0.79322433
13417	0.77806878
13418	0.76505315
13419	0.75375694
13420	0.74386168
13421	0.73512179
13422	0.72734469
13423	0.72037733
13424	0.71409655
13425	0.70840210
13426	0.70321172
13427	0.69845712
13428	0.69408053
13429	0.69003397
13430	0.68627644
13431	0.68277276
13432	0.67949271
13433	0.67641026
13434	0.67350268
13435	0.67075020
13436	0.66813534
13437	0.66564274
13438	0.66325879
13439	0.66097140
13440	0.65876979
13441	0.65664434
13442	0.65458637
13443	0.65258795
13444	0.65064216
13445	0.64874244
13446	0.64688319
13447	0.64505887
13448	0.64326489
13449	0.64149648
13450	0.63974977
13451	0.63802099
13452	0.63630670
13453	0.63460362
13454	0.63290894
13455	0.63121980
13456	0.62953377
13457	0.62784839
13458	0.62616158
13459	0.62447125
13460	0.62277544
13461	0.62107259
13462	0.61936086
13463	0.61763877
13464	0.61590505
13465	0.61415827
13466	0.61239731
13467	0.61062092
13468	0.60882819
13469	0.60701799
13470	0.60518968
13471	0.60334229
13472	0.60147512
13473	0.59958756
13474	0.59767896
13475	0.59574884
13476	0.59379679
13477	0.59182233
13478	0.58982515
13479	0.58780497
13480	0.58576155
13481	0.58369470
13482	0.58160430
13483	0.57949030
13484	0.57735264
13485	0.57519132
13486	0.57300657
13487	0.57079828
13488	0.56856662
13489	0.56631190
13490	0.56403428
13491	0.56173402
13492	0.55941147
13493	0.55706686
13494	0.55470079
13495	0.55231345
13496	0.54990542
13497	0.54747713
13498	0.54502916
13499	0.54256201
13500	0.54007626
13501	0.53757250
13502	0.53505147
13503	0.53251362
13504	0.52995986
13505	0.52739066
13506	0.52480692
13507	0.52220929
13508	0.51959848
13509	0.51697534
13510	0.51434064
13511	0.51169497
13512	0.50903922
13513	0.50637418
13514	0.50370061
13515	0.50101930
13516	0.49833089
13517	0.49563628
13518	0.49293607
13519	0.49023104
13520	0.48752198
13521	0.48480946
13522	0.48209417
13523	0.47937682
13524	0.47665805
13525	0.47393847
13526	0.47121862
13527	0.46849915
13528	0.46578062
13529	0.46306348
13530	0.46034834
13531	0.45763561
13532	0.45492581
13533	0.45221934
13534	0.44951662
13535	0.44681808
13536	0.44412410
13537	0.44143498
13538	0.43875110
13539	0.43607274
13540	0.43340024
13541	0.43073377
13542	0.42807370
13543	0.42542019
13544	0.42277348
13545	0.42013374
13546	0.41750118
13547	0.41487589
13548	0.41225815
13549	0.40964797
13550	0.40704548
13551	0.40445083
13552	0.40186408
13553	0.39928526
13554	0.39671451
13555	0.39415184
13556	0.39159733
13557	0.38905093
13558	0.38651273
13559	0.38398272
13560	0.38146088
13561	0.37894720
13562	0.37644163
13563	0.37394413
13564	0.37145475
13565	0.36897334
13566	0.36649987
13567	0.36403424
13568	0.36157644
13569	0.35912630
13570	0.35668376
13571	0.35424870
13572	0.35182106
13573	0.34940064
13574	0.34698740
13575	0.34458107
13576	0.34218165
13577	0.33978885
13578	0.33740261
13579	0.33502278
13580	0.33264908
13581	0.33028138
13582	0.32791951
13583	0.32556328
13584	0.32321247
13585	0.32086682
13586	0.31852612
13587	0.31619015
13588	0.31385869
13589	0.31153139
13590	0.30920798
13591	0.30688825
13592	0.30457172
13593	0.30225822
13594	0.29994726
13595	0.29763848
13596	0.29533148
13597	0.29302582
13598	0.29072097
13599	0.28841642
13600	0.28611156
13601	0.28380588
13602	0.28149855
13603	0.27918896
13604	0.27687627
13605	0.27455965
13606	0.27223796
13607	0.26991051
13608	0.26757589
13609	0.26523298
13610	0.26288041
13611	0.26051676
13612	0.25814036
13613	0.25574949
13614	0.25334221
13615	0.25091645
13616	0.24846983
13617	0.24599989
13618	0.24350387
13619	0.24097866
13620	0.23842087
13621	0.23582685
13622	0.23319253
13623	0.23051351
13624	0.22778465
13625	0.22500063
13626	0.22215530
13627	0.21924211
13628	0.21625343
13629	0.21318120
13630	0.21001613
13631	0.20674804
13632	0.20336546
13633	0.19985564
13634	0.19620416
13635	0.19239488
13636	0.18840948
13637	0.18422738
13638	0.17982493
13639	0.17517550
13640	0.17024831
13641	0.16500835
13642	0.15941493
13643	0.15342109
13644	0.14697179
13645	0.14000288
13646	0.13243824
13647	0.12418783
13648	0.11514366
13649	0.10517541
13650	0.09412460
13651	0.08179619
13652	0.06794712
13653	0.05227208
13654	0.03437964
13655	0.01376289
13656	-0.01024962
13657	-0.03856344
13658	-0.07243385
13659	-0.11364902
13660	-0.16484961
13661	-0.23010290
13662	-0.31601912
13663	-0.43410617
13664	-0.60634309
13665	-0.88058871
13666	-1.38458669
13667	-2.61198282
13668	-10.03733826
13669	NaN
13670	NaN
13671	NaN
13672	NaN
13673	NaN
13674	NaN
13675	NaN
13676	NaN
13677	NaN
13678	NaN
13679	NaN
13680	NaN
13681	NaN
13682	NaN
13683	NaN
13684	NaN
13685	NaN
13686	NaN
13687	NaN
13688	NaN
13689	NaN
13690	NaN
13691	NaN
13692	NaN
13693	NaN
13694	NaN
13695	NaN
13696	NaN
13697	NaN
13698	NaN
13699	NaN
13700	NaN
13701	NaN
13702	NaN
13703	NaN
13704	NaN
13705	NaN
13706	NaN
13707	NaN
13708	NaN
13709	NaN
13710	NaN
13711	NaN
13712	NaN
13713	NaN
13714	NaN
13715	NaN
13716	NaN
13717	NaN
13718	NaN
13719	NaN
13720	NaN
13721	NaN
13722	NaN
13723	NaN
13724	13.26638317
13725	3.08677173
13726	1.98242164
13727	1.55939078
13728	1.33601213
13729	1.19805038
13730	1.10445702
13731	1.03684950
13732	0.98576373
13733	0.94583124
13734	0.91377997
13735	0.88750052
13736	0.86557347
13737	0.84700632
13738	0.83108604
13739	0.81728673
13740	0.80521125
13741	0.79455513
13742	0.78507972
13743	0.77659678
13744	0.76895463
13745	0.76203018
13746	0.75572264
13747	0.74994814
13748	0.74463689
13749	0.73973006
13750	0.73517764
13751	0.73093730
13752	0.72697204
13753	0.72325051
13754	0.71974498
13755	0.71643180
13756	0.71328980
13757	0.71030039
13758	0.70744711
13759	0.70471561
13760	0.70209289
13761	0.69956738
13762	0.69712853
13763	0.69476712
13764	0.69247460
13765	0.69024354
13766	0.68806690
13767	0.68593830
13768	0.68385220
13769	0.68180317
13770	0.67978656
13771	0.67779797
13772	0.67583334
13773	0.67388898
13774	0.67196155
13775	0.67004800
13776	0.66814536
13777	0.66625100
13778	0.66436255
13779	0.66247773
13780	0.66059464
13781	0.65871114
13782	0.65682554
13783	0.65493643
13784	0.65304220
13785	0.65114164
13786	0.64923340
13787	0.64731652
13788	0.64538985
13789	0.64345264
13790	0.64150399
13791	0.63954318
13792	0.63756949
13793	0.63558245
13794	0.63358146
13795	0.63156623
13796	0.62953615
13797	0.62749094
13798	0.62543046
13799	0.62335432
13800	0.62126243
13801	0.61915451
13802	0.61703056
13803	0.61489046
13804	0.61273414
13805	0.61056167
13806	0.60837293
13807	0.60616803
13808	0.60394704
13809	0.60170996
13810	0.59945709
13811	0.59718835
13812	0.59490407
13813	0.59260440
13814	0.59028947
13815	0.58795965
13816	0.58561510
13817	0.58325619
13818	0.58088309
13819	0.57849634
13820	0.57609612
13821	0.57368290
13822	0.57125700
13823	0.56881899
13824	0.56636924
13825	0.56390810
13826	0.56143618
13827	0.55895388
13828	0.55646187
13829	0.55396044
13830	0.55145037
13831	0.54893202
13832	0.54640597
13833	0.54387271
13834	0.54133296
13835	0.53878707
13836	0.53623569
13837	0.53367925
13838	0.53111839
13839	0.52855361
13840	0.52598536
13841	0.52341413
13842	0.52084041
13843	0.51826471
13844	0.51568741
13845	0.51310891
13846	0.51052970
13847	0.50795019
13848	0.50537068
13849	0.50279158
13850	0.50021315
13851	0.49763578
13852	0.49505973
13853	0.49248528
13854	0.48991272
13855	0.48734218
13856	0.48477408
13857	0.48220846
13858	0.47964552
13859	0.47708550
13860	0.47452852
13861	0.47197470
13862	0.46942425
13863	0.46687716
13864	0.46433368
13865	0.46179372
13866	0.45925748
13867	0.45672500
13868	0.45419636
13869	0.45167160
13870	0.44915068
13871	0.44663373
13872	0.44412068
13873	0.44161162
13874	0.43910652
13875	0.43660539
13876	0.43410820
13877	0.43161494
13878	0.42912561
13879	0.42664015
13880	0.42415851
13881	0.42168069
13882	0.41920659
13883	0.41673627
13884	0.41426948
13885	0.41180632
13886	0.40934661
13887	0.40689021
13888	0.40443724
13889	0.40198746
13890	0.39954081
13891	0.39709711
13892	0.39465636
13893	0.39221841
13894	0.38978314
13895	0.38735047
13896	0.38492021
13897	0.38249227
13898	0.38006660
13899	0.37764299
13900	0.37522134
13901	0.37280157
13902	0.37038353
13903	0.36796710
13904	0.36555216
13905	0.36313862
13906	0.36072633
13907	0.35831517
13908	0.35590512
13909	0.35349590
13910	0.35108748
13911	0.34867975
13912	0.34627250
13913	0.34386569
13914	0.34145907
13915	0.33905250
13916	0.33664584
13917	0.33423886
13918	0.33183140
13919	0.32942313
13920	0.32701385
13921	0.32460326
13922	0.32219100
13923	0.31977677
13924	0.31736007
13925	0.31494054
13926	0.31251767
13927	0.31009084
13928	0.30765954
13929	0.30522296
13930	0.30278042
13931	0.30033109
13932	0.29787400
13933	0.29540813
13934	0.29293242
13935	0.29044557
13936	0.28794631
13937	0.28543305
13938	0.28290430
13939	0.28035817
13940	0.27779275
13941	0.27520591
13942	0.27259532
13943	0.26995832
13944	0.26729211
13945	0.26459360
13946	0.26185948
13947	0.25908592
13948	0.25626883
13949	0.25340366
13950	0.25048542
13951	0.24750856
13952	0.24446709
13953	0.24135415
13954	0.23816229
13955	0.23488311
13956	0.23150736
13957	0.22802459
13958	0.22442313
13959	0.22068974
13960	0.21680990
13961	0.21276660
13962	0.20854121
13963	0.20411193
13964	0.19945443
13965	0.19454029
13966	0.18933725
13967	0.18380766
13968	0.17790812
13969	0.17158735
13970	0.16478589
13971	0.15743250
13972	0.14944315
13973	0.14071657
13974	0.13113064
13975	0.12053576
13976	0.10874809
13977	0.09553766
13978	0.08061457
13979	0.06360662
13980	0.04402943
13981	0.02123984
13982	-0.00563399
13983	-0.03780628
13984	-0.07701606
13985	-0.12584861
13986	-0.18831949
13987	-0.27102581
13988	-0.38560942
13989	-0.55473459
13990	-0.82916391
13991	-1.35088718
13992	-2.72515035
13993	-16.27355385
13994	NaN
13995	NaN
13996	NaN
13997	NaN
13998	NaN
13999	NaN
14000	NaN
14001	NaN
14002	NaN
14003	NaN
14004	NaN
14005	NaN
14006	NaN
14007	NaN
14008	NaN
14009	NaN
14010	NaN
14011	NaN
14012	NaN
14013	NaN
14014	NaN
14015	NaN
14016	NaN
14017	NaN
14018	NaN
14019	NaN
14020	NaN
14021	NaN
14022	NaN
14023	NaN
14024	NaN
14025	NaN
14026	NaN
14027	NaN
14028	NaN
14029	NaN
14030	NaN
14031	NaN
14032	NaN
14033	NaN
14034	NaN
14035	NaN
14036	NaN
14037	NaN
14038	NaN
14039	NaN
14040	NaN
14041	NaN
14042	NaN
14043	NaN
14044	NaN
14045	NaN
14046	NaN
14047	NaN
14048	NaN
14049	NaN
14050	NaN
14051	NaN
14052	6.61604595
14053	2.66846752
14054	1.85217261
14055	1.49995601
14056	1.30393100
14057	1.17922997
14058	1.09303856
14059	1.02998948
14060	0.98192918
14061	0.94412702
14062	0.91365206
14063	0.88858968
14064	0.86763698
14065	0.84987688
14066	0.83464330
14067	0.82144272
14068	0.80990064
14069	0.79972845
14070	0.79069906
14071	0.78263217
14072	0.77538252
14073	0.76883197
14074	0.76288301
14075	0.75745517
14076	0.75248027
14077	0.74790162
14078	0.74367034
14079	0.73974520
14080	0.73609042
14081	0.73267514
14082	0.72947240
14083	0.72645873
14084	0.72361356
14085	0.72091872
14086	0.71835798
14087	0.71591705
14088	0.71358317
14089	0.71134490
14090	0.70919204
14091	0.70711517
14092	0.70510602
14093	0.70315707
14094	0.70126134
14095	0.69941270
14096	0.69760531
14097	0.69583404
14098	0.69409412
14099	0.69238102
14100	0.69069093
14101	0.68901992
14102	0.68736464
14103	0.68572199
14104	0.68408889
14105	0.68246287
14106	0.68084109
14107	0.67922151
14108	0.67760187
14109	0.67598021
14110	0.67435461
14111	0.67272341
14112	0.67108488
14113	0.66943777
14114	0.66778064
14115	0.66611218
14116	0.66443133
14117	0.66273689
14118	0.66102803
14119	0.65930372
14120	0.65756321
14121	0.65580577
14122	0.65403056
14123	0.65223724
14124	0.65042508
14125	0.64859360
14126	0.64674240
14127	0.64487123
14128	0.64297944
14129	0.64106709
14130	0.63913369
14131	0.63717908
14132	0.63520318
14133	0.63320583
14134	0.63118690
14135	0.62914634
14136	0.62708426
14137	0.62500048
14138	0.62289506
14139	0.62076825
14140	0.61861998
14141	0.61645037
14142	0.61425966
14143	0.61204809
14144	0.60981578
14145	0.60756296
14146	0.60528994
14147	0.60299712
14148	0.60068470
14149	0.59835309
14150	0.59600270
14151	0.59363389
14152	0.59124720
14153	0.58884305
14154	0.58642185
14155	0.58398426
14156	0.58153069
14157	0.57906175
14158	0.57657808
14159	0.57408011
14160	0.57156849
14161	0.56904393
14162	0.56650686
14163	0.56395805
14164	0.56139803
14165	0.55882740
14166	0.55624688
14167	0.55365694
14168	0.55105823
14169	0.54845136
14170	0.54583681
14171	0.54321527
14172	0.54058725
14173	0.53795320
14174	0.53531367
14175	0.53266925
14176	0.53002036
14177	0.52736741
14178	0.52471089
14179	0.52205122
14180	0.51938879
14181	0.51672399
14182	0.51405716
14183	0.51138872
14184	0.50871891
14185	0.50604814
14186	0.50337660
14187	0.50070459
14188	0.49803245
14189	0.49536034
14190	0.49268854
14191	0.49001724
14192	0.48734662
14193	0.48467702
14194	0.48200843
14195	0.47934112
14196	0.47667527
14197	0.47401103
14198	0.47134852
14199	0.46868792
14200	0.46602941
14201	0.46337304
14202	0.46071902
14203	0.45806745
14204	0.45541844
14205	0.45277214
14206	0.45012867
14207	0.44748816
14208	0.44485071
14209	0.44221643
14210	0.43958536
14211	0.43695772
14212	0.43433356
14213	0.43171299
14214	0.42909607
14215	0.42648292
14216	0.42387354
14217	0.42126811
14218	0.41866660
14219	0.41606912
14220	0.41347569
14221	0.41088641
14222	0.40830126
14223	0.40572038
14224	0.40314367
14225	0.40057126
14226	0.39800307
14227	0.39543921
14228	0.39287961
14229	0.39032432
14230	0.38777333
14231	0.38522664
14232	0.38268426
14233	0.38014618
14234	0.37761235
14235	0.37508279
14236	0.37255749
14237	0.37003642
14238	0.36751956
14239	0.36500686
14240	0.36249831
14241	0.35999393
14242	0.35749364
14243	0.35499737
14244	0.35250509
14245	0.35001674
14246	0.34753230
14247	0.34505165
14248	0.34257463
14249	0.34010118
14250	0.33763120
14251	0.33516446
14252	0.33270085
14253	0.33024019
14254	0.32778212
14255	0.32532644
14256	0.32287282
14257	0.32042092
14258	0.31797022
14259	0.31552029
14260	0.31307060
14261	0.31062058
14262	0.30816936
14263	0.30571628
14264	0.30326042
14265	0.30080077
14266	0.29833621
14267	0.29586554
14268	0.29338720
14269	0.29089972
14270	0.28840128
14271	0.28588995
14272	0.28336340
14273	0.28081930
14274	0.27825484
14275	0.27566689
14276	0.27305201
14277	0.27040642
14278	0.26772577
14279	0.26500523
14280	0.26223940
14281	0.25942227
14282	0.25654688
14283	0.25360554
14284	0.25058967
14285	0.24748932
14286	0.24429339
14287	0.24098919
14288	0.23756225
14289	0.23399626
14290	0.23027200
14291	0.22636785
14292	0.22225843
14293	0.21791464
14294	0.21330217
14295	0.20838127
14296	0.20310469
14297	0.19741647
14298	0.19124986
14299	0.18452464
14300	0.17714334
14301	0.16898711
14302	0.15990849
14303	0.14972374
14304	0.13819954
14305	0.12503682
14306	0.10984442
14307	0.09210246
14308	0.07110306
14309	0.04585889
14310	0.01494876
14311	-0.02374789
14312	-0.07354537
14313	-0.13992226
14314	-0.23263998
14315	-0.37093899
14316	-0.59874189
14317	-1.04289460
14318	-2.28391075
14319	NaN
14320	NaN
14321	NaN
14322	NaN
14323	NaN
14324	NaN
14325	NaN
14326	NaN
14327	NaN
14328	NaN
14329	NaN
14330	NaN
14331	NaN
14332	NaN
14333	NaN
14334	NaN
14335	NaN
14336	NaN
14337	NaN
14338	NaN
14339	NaN
14340	NaN
14341	NaN
14342	NaN
14343	NaN
14344	NaN
14345	NaN
14346	NaN
14347	NaN
14348	NaN
14349	NaN
14350	NaN
14351	NaN
14352	NaN
14353	NaN
14354	NaN
14355	NaN
14356	NaN
14357	NaN
14358	NaN
14359	NaN
14360	NaN
14361	NaN
14362	NaN
14363	NaN
14364	NaN
14365	NaN
14366	NaN
14367	NaN
14368	NaN
14369	NaN
14370	NaN
14371	NaN
14372	NaN
14373	NaN
14374	NaN
14375	NaN
14376	NaN
14377	NaN
14378	NaN
14379	NaN
14380	NaN
14381	NaN
14382	3.85708165
14383	2.13277745
14384	1.61451697
14385	1.36535478
14386	1.21921468
14387	1.12334859
14388	1.05575943
14389	1.00563920
14390	0.96706021
14391	0.93649715
14392	0.91172493
14393	0.89126754
14394	0.87410867
14395	0.85952485
14396	0.84698743
14397	0.83610111
14398	0.82656461
14399	0.81814426
14400	0.81065559
14401	0.80395150
14402	0.79791325
14403	0.79244405
14404	0.78746355
14405	0.78290534
14406	0.77871352
14407	0.77484101
14408	0.77124745
14409	0.76789892
14410	0.76476544
14411	0.76182169
14412	0.75904518
14413	0.75641662
14414	0.75391889
14415	0.75153697
14416	0.74925750
14417	0.74706864
14418	0.74495971
14419	0.74292153
14420	0.74094540
14421	0.73902380
14422	0.73714966
14423	0.73531699
14424	0.73351991
14425	0.73175335
14426	0.73001277
14427	0.72829354
14428	0.72659200
14429	0.72490454
14430	0.72322792
14431	0.72155899
14432	0.71989506
14433	0.71823359
14434	0.71657234
14435	0.71490902
14436	0.71324176
14437	0.71156865
14438	0.70988816
14439	0.70819885
14440	0.70649928
14441	0.70478809
14442	0.70306432
14443	0.70132691
14444	0.69957489
14445	0.69780755
14446	0.69602406
14447	0.69422388
14448	0.69240636
14449	0.69057119
14450	0.68871778
14451	0.68684596
14452	0.68495524
14453	0.68304563
14454	0.68111688
14455	0.67916882
14456	0.67720145
14457	0.67521477
14458	0.67320859
14459	0.67118317
14460	0.66913849
14461	0.66707456
14462	0.66499156
14463	0.66288972
14464	0.66076910
14465	0.65862978
14466	0.65647209
14467	0.65429622
14468	0.65210229
14469	0.64989054
14470	0.64766127
14471	0.64541465
14472	0.64315110
14473	0.64087069
14474	0.63857383
14475	0.63626075
14476	0.63393182
14477	0.63158727
14478	0.62922758
14479	0.62685299
14480	0.62446392
14481	0.62206072
14482	0.61964387
14483	0.61721367
14484	0.61477065
14485	0.61231506
14486	0.60984761
14487	0.60736853
14488	0.60487843
14489	0.60237777
14490	0.59986693
14491	0.59734648
14492	0.59481692
14493	0.59227866
14494	0.58973229
14495	0.58717823
14496	0.58461696
14497	0.58204901
14498	0.57947481
14499	0.57689482
14500	0.57430953
14501	0.57171935
14502	0.56912482
14503	0.56652617
14504	0.56392395
14505	0.56131858
14506	0.55871040
14507	0.55609971
14508	0.55348706
14509	0.55087268
14510	0.54825693
14511	0.54564017
14512	0.54302269
14513	0.54040486
14514	0.53778684
14515	0.53516906
14516	0.53255183
14517	0.52993524
14518	0.52731973
14519	0.52470547
14520	0.52209276
14521	0.51948190
14522	0.51687300
14523	0.51426637
14524	0.51166236
14525	0.50906098
14526	0.50646263
14527	0.50386751
14528	0.50127572
14529	0.49868765
14530	0.49610347
14531	0.49352336
14532	0.49094757
14533	0.48837629
14534	0.48580974
14535	0.48324811
14536	0.48069164
14537	0.47814053
14538	0.47559497
14539	0.47305509
14540	0.47052121
14541	0.46799338
14542	0.46547189
14543	0.46295685
14544	0.46044841
14545	0.45794678
14546	0.45545211
14547	0.45296451
14548	0.45048413
14549	0.44801122
14550	0.44554573
14551	0.44308791
14552	0.44063783
14553	0.43819562
14554	0.43576136
14555	0.43333519
14556	0.43091720
14557	0.42850754
14558	0.42610615
14559	0.42371330
14560	0.42132896
14561	0.41895330
14562	0.41658631
14563	0.41422820
14564	0.41187897
14565	0.40953875
14566	0.40720758
14567	0.40488559
14568	0.40257281
14569	0.40026936
14570	0.39797527
14571	0.39569071
14572	0.39341566
14573	0.39115015
14574	0.38889429
14575	0.38664806
14576	0.38441160
14577	0.38218474
14578	0.37996763
14579	0.37776011
14580	0.37556222
14581	0.37337381
14582	0.37119475
14583	0.36902493
14584	0.36686411
14585	0.36471203
14586	0.36256844
14587	0.36043292
14588	0.35830504
14589	0.35618442
14590	0.35407043
14591	0.35196245
14592	0.34985965
14593	0.34776124
14594	0.34566626
14595	0.34357366
14596	0.34148219
14597	0.33939055
14598	0.33729708
14599	0.33520031
14600	0.33309823
14601	0.33098871
14602	0.32886943
14603	0.32673788
14604	0.32459107
14605	0.32242584
14606	0.32023859
14607	0.31802532
14608	0.31578168
14609	0.31350258
14610	0.31118256
14611	0.30881539
14612	0.30639404
14613	0.30391055
14614	0.30135623
14615	0.29872087
14616	0.29599315
14617	0.29315993
14618	0.29020649
14619	0.28711578
14620	0.28386816
14621	0.28044096
14622	0.27680784
14623	0.27293810
14624	0.26879555
14625	0.26433733
14626	0.25951293
14627	0.25426149
14628	0.24850969
14629	0.24216823
14630	0.23512763
14631	0.22725162
14632	0.21836880
14633	0.20826116
14634	0.19664679
14635	0.18315490
14636	0.16728668
14637	0.14835739
14638	0.12539963
14639	0.09700137
14640	0.06101609
14641	0.01401630
14642	-0.04982932
14643	-0.14131139
14644	-0.28288057
14645	-0.53021759
14646	-1.06981289
14647	-3.15006447
14648	NaN
14649	NaN
14650	NaN
14651	NaN
14652	NaN
14653	NaN
14654	NaN
14655	NaN
14656	NaN
14657	NaN
14658	NaN
14659	NaN
14660	NaN
14661	NaN
14662	NaN
14663	NaN
14664	NaN
14665	NaN
14666	NaN
14667	NaN
14668	NaN
14669	NaN
14670	NaN
14671	NaN
14672	NaN
14673	NaN
14674	NaN
14675	NaN
14676	NaN
14677	NaN
14678	NaN
14679	NaN
14680	NaN
14681	NaN
14682	NaN
14683	NaN
14684	NaN
14685	NaN
14686	NaN
14687	NaN
14688	NaN
14689	NaN
14690	NaN
14691	NaN
14692	NaN
14693	NaN
14694	NaN
14695	NaN
14696	NaN
14697	NaN
14698	NaN
14699	NaN
14700	NaN
14701	NaN
14702	NaN
14703	NaN
14704	NaN
14705	NaN
14706	NaN
14707	NaN
14708	NaN
14709	NaN
14710	NaN
14711	NaN
14712	NaN
14713	NaN
14714	NaN
14715	4.11573696
14716	2.15997505
14717	1.61945415
14718	1.36648011
14719	1.21999204
14720	1.12455630
14721	1.05751657
14722	1.00788820
14723	0.96969825
14724	0.93942183
14725	0.91484272
14726	0.89449906
14727	0.87738729
14728	0.86279559
14729	0.85020447
14730	0.83922660
14731	0.82956761
14732	0.82099873
14733	0.81334084
14734	0.80645037
14735	0.80021197
14736	0.79453105
14737	0.78933024
14738	0.78454483
14739	0.78012055
14740	0.77601177
14741	0.77217954
14742	0.76859075
14743	0.76521683
14744	0.76203281
14745	0.75901711
14746	0.75615096
14747	0.75341779
14748	0.75080287
14749	0.74829328
14750	0.74587750
14751	0.74354535
14752	0.74128759
14753	0.73909587
14754	0.73696268
14755	0.73488134
14756	0.73284584
14757	0.73085040
14758	0.72889030
14759	0.72696054
14760	0.72505713
14761	0.72317606
14762	0.72131383
14763	0.71946722
14764	0.71763319
14765	0.71580887
14766	0.71399170
14767	0.71217936
14768	0.71036971
14769	0.70856065
14770	0.70675027
14771	0.70493698
14772	0.70311904
14773	0.70129502
14774	0.69946361
14775	0.69762355
14776	0.69577360
14777	0.69391298
14778	0.69204050
14779	0.69015539
14780	0.68825680
14781	0.68634415
14782	0.68441671
14783	0.68247402
14784	0.68051541
14785	0.67854059
14786	0.67654914
14787	0.67454070
14788	0.67251503
14789	0.67047197
14790	0.66841120
14791	0.66633272
14792	0.66423631
14793	0.66212201
14794	0.65998966
14795	0.65783930
14796	0.65567112
14797	0.65348500
14798	0.65128106
14799	0.64905947
14800	0.64682031
14801	0.64456379
14802	0.64229012
14803	0.63999939
14804	0.63769197
14805	0.63536805
14806	0.63302797
14807	0.63067204
14808	0.62830055
14809	0.62591386
14810	0.62351239
14811	0.62109649
14812	0.61866671
14813	0.61622334
14814	0.61376697
14815	0.61129802
14816	0.60881716
14817	0.60632473
14818	0.60382140
14819	0.60130775
14820	0.59878433
14821	0.59625173
14822	0.59371066
14823	0.59116155
14824	0.58860523
14825	0.58604217
14826	0.58347303
14827	0.58089846
14828	0.57831907
14829	0.57573551
14830	0.57314831
14831	0.57055807
14832	0.56796545
14833	0.56537098
14834	0.56277514
14835	0.56017858
14836	0.55758172
14837	0.55498511
14838	0.55238920
14839	0.54979444
14840	0.54720128
14841	0.54461008
14842	0.54202127
14843	0.53943527
14844	0.53685230
14845	0.53427267
14846	0.53169686
14847	0.52912492
14848	0.52655721
14849	0.52399385
14850	0.52143514
14851	0.51888126
14852	0.51633239
14853	0.51378852
14854	0.51125002
14855	0.50871682
14856	0.50618905
14857	0.50366676
14858	0.50115013
14859	0.49863908
14860	0.49613374
14861	0.49363413
14862	0.49114022
14863	0.48865205
14864	0.48616964
14865	0.48369294
14866	0.48122206
14867	0.47875687
14868	0.47629735
14869	0.47384354
14870	0.47139531
14871	0.46895280
14872	0.46651578
14873	0.46408430
14874	0.46165833
14875	0.45923772
14876	0.45682243
14877	0.45441249
14878	0.45200765
14879	0.44960797
14880	0.44721329
14881	0.44482356
14882	0.44243857
14883	0.44005829
14884	0.43768260
14885	0.43531132
14886	0.43294436
14887	0.43058151
14888	0.42822269
14889	0.42586762
14890	0.42351624
14891	0.42116833
14892	0.41882366
14893	0.41648206
14894	0.41414332
14895	0.41180727
14896	0.40947360
14897	0.40714207
14898	0.40481254
14899	0.40248466
14900	0.40015820
14901	0.39783290
14902	0.39550844
14903	0.39318451
14904	0.39086086
14905	0.38853717
14906	0.38621300
14907	0.38388810
14908	0.38156199
14909	0.37923431
14910	0.37690470
14911	0.37457260
14912	0.37223756
14913	0.36989906
14914	0.36755660
14915	0.36520952
14916	0.36285710
14917	0.36049870
14918	0.35813352
14919	0.35576084
14920	0.35337958
14921	0.35098884
14922	0.34858748
14923	0.34617436
14924	0.34374809
14925	0.34130731
14926	0.33885044
14927	0.33637577
14928	0.33388132
14929	0.33136511
14930	0.32882488
14931	0.32625806
14932	0.32366186
14933	0.32103324
14934	0.31836888
14935	0.31566504
14936	0.31291747
14937	0.31012169
14938	0.30727264
14939	0.30436465
14940	0.30139142
14941	0.29834601
14942	0.29522064
14943	0.29200658
14944	0.28869388
14945	0.28527164
14946	0.28172740
14947	0.27804714
14948	0.27421477
14949	0.27021223
14950	0.26601881
14951	0.26161066
14952	0.25696039
14953	0.25203630
14954	0.24680193
14955	0.24121401
14956	0.23522219
14957	0.22876687
14958	0.22177729
14959	0.21416856
14960	0.20583789
14961	0.19666022
14962	0.18648151
14963	0.17511018
14964	0.16230440
14965	0.14775535
14966	0.13106231
14967	0.11169478
14968	0.08893739
14969	0.06179918
14970	0.02887019
14971	-0.01193015
14972	-0.06379873
14973	-0.13192262
14974	-0.22530347
14975	-0.36106384
14976	-0.57625437
14977	-0.96878785
14978	-1.90938306
14979	-7.17381620
14980	NaN
14981	NaN
14982	NaN
14983	NaN
14984	NaN
14985	NaN
14986	NaN
14987	NaN
14988	NaN
14989	NaN
14990	NaN
14991	NaN
14992	NaN
14993	NaN
14994	NaN
14995	NaN
14996	NaN
14997	NaN
14998	NaN
14999	NaN
15000	NaN
15001	NaN
15002	NaN
15003	NaN
15004	NaN
15005	NaN
15006	NaN
15007	NaN
15008	NaN
15009	NaN
15010	NaN
15011	NaN
15012	NaN
15013	NaN
15014	NaN
15015	NaN
15016	NaN
15017	NaN
15018	NaN
15019	NaN
15020	NaN
15021	NaN
15022	NaN
15023	NaN
15024	NaN
15025	NaN
15026	NaN
15027	NaN
15028	NaN
15029	NaN
15030	NaN
15031	NaN
15032	NaN
15033	NaN
15034	NaN
15035	NaN
15036	NaN
15037	NaN
15038	NaN
15039	NaN
15040	NaN
15041	NaN
15042	NaN
15043	NaN
15044	17.15585709
15045	3.32255816
15046	2.10483718
15047	1.65036035
15048	1.41305399
15049	1.26744318
15050	1.16909957
15051	1.09829712
15052	1.04494107
15053	1.00332856
15054	0.96999407
15055	0.94271117
15056	0.91998309
15057	0.90076733
15058	0.88431501
15059	0.87007397
15060	0.85762894
15061	0.84666103
15062	0.83692133
15063	0.82821316
15064	0.82037830
15065	0.81328869
15066	0.80683935
15067	0.80094332
15068	0.79552805
15069	0.79053247
15070	0.78590465
15071	0.78160065
15072	0.77758259
15073	0.77381742
15074	0.77027696
15075	0.76693630
15076	0.76377374
15077	0.76077020
15078	0.75790870
15079	0.75517416
15080	0.75255328
15081	0.75003409
15082	0.74760598
15083	0.74525893
15084	0.74298453
15085	0.74077481
15086	0.73862261
15087	0.73652142
15088	0.73446524
15089	0.73244876
15090	0.73046690
15091	0.72851509
15092	0.72658932
15093	0.72468549
15094	0.72280031
15095	0.72093028
15096	0.71907270
15097	0.71722448
15098	0.71538323
15099	0.71354657
15100	0.71171242
15101	0.70987862
15102	0.70804346
15103	0.70620513
15104	0.70436215
15105	0.70251316
15106	0.70065671
15107	0.69879186
15108	0.69691730
15109	0.69503218
15110	0.69313562
15111	0.69122684
15112	0.68930513
15113	0.68736994
15114	0.68542069
15115	0.68345696
15116	0.68147826
15117	0.67948431
15118	0.67747480
15119	0.67544955
15120	0.67340833
15121	0.67135108
15122	0.66927767
15123	0.66718793
15124	0.66508198
15125	0.66295969
15126	0.66082126
15127	0.65866661
15128	0.65649587
15129	0.65430903
15130	0.65210646
15131	0.64988804
15132	0.64765412
15133	0.64540476
15134	0.64314014
15135	0.64086050
15136	0.63856614
15137	0.63625717
15138	0.63393402
15139	0.63159674
15140	0.62924582
15141	0.62688154
15142	0.62450415
15143	0.62211400
15144	0.61971158
15145	0.61729717
15146	0.61487126
15147	0.61243415
15148	0.60998636
15149	0.60752833
15150	0.60506040
15151	0.60258329
15152	0.60009724
15153	0.59760284
15154	0.59510058
15155	0.59259099
15156	0.59007448
15157	0.58755165
15158	0.58502299
15159	0.58248889
15160	0.57994992
15161	0.57740659
15162	0.57485932
15163	0.57230860
15164	0.56975484
15165	0.56719851
15166	0.56464005
15167	0.56207979
15168	0.55951816
15169	0.55695552
15170	0.55439216
15171	0.55182850
15172	0.54926473
15173	0.54670131
15174	0.54413825
15175	0.54157597
15176	0.53901470
15177	0.53645450
15178	0.53389567
15179	0.53133839
15180	0.52878273
15181	0.52622879
15182	0.52367687
15183	0.52112681
15184	0.51857895
15185	0.51603317
15186	0.51348972
15187	0.51094848
15188	0.50840962
15189	0.50587308
15190	0.50333899
15191	0.50080729
15192	0.49827802
15193	0.49575120
15194	0.49322689
15195	0.49070504
15196	0.48818567
15197	0.48566881
15198	0.48315442
15199	0.48064250
15200	0.47813314
15201	0.47562623
15202	0.47312185
15203	0.47061995
15204	0.46812057
15205	0.46562368
15206	0.46312931
15207	0.46063742
15208	0.45814800
15209	0.45566112
15210	0.45317671
15211	0.45069474
15212	0.44821528
15213	0.44573826
15214	0.44326365
15215	0.44079149
15216	0.43832165
15217	0.43585426
15218	0.43338919
15219	0.43092644
15220	0.42846599
15221	0.42600781
15222	0.42355180
15223	0.42109796
15224	0.41864631
15225	0.41619670
15226	0.41374919
15227	0.41130361
15228	0.40885994
15229	0.40641817
15230	0.40397823
15231	0.40153995
15232	0.39910337
15233	0.39666834
15234	0.39423475
15235	0.39180252
15236	0.38937151
15237	0.38694158
15238	0.38451248
15239	0.38208419
15240	0.37965637
15241	0.37722877
15242	0.37480116
15243	0.37237325
15244	0.36994460
15245	0.36751488
15246	0.36508361
15247	0.36265028
15248	0.36021423
15249	0.35777494
15250	0.35533145
15251	0.35288307
15252	0.35042879
15253	0.34796759
15254	0.34549826
15255	0.34301946
15256	0.34052971
15257	0.33802742
15258	0.33551064
15259	0.33297750
15260	0.33042553
15261	0.32785234
15262	0.32525507
15263	0.32263067
15264	0.31997555
15265	0.31728593
15266	0.31455743
15267	0.31178537
15268	0.30896431
15269	0.30608845
15270	0.30315104
15271	0.30014467
15272	0.29706103
15273	0.29389066
15274	0.29062310
15275	0.28724656
15276	0.28374746
15277	0.28011057
15278	0.27631864
15279	0.27235195
15280	0.26818764
15281	0.26379970
15282	0.25915781
15283	0.25422689
15284	0.24896602
15285	0.24332707
15286	0.23725316
15287	0.23067659
15288	0.22351618
15289	0.21567418
15290	0.20703074
15291	0.19743875
15292	0.18671454
15293	0.17462723
15294	0.16088037
15295	0.14508928
15296	0.12674354
15297	0.10515408
15298	0.07936353
15299	0.04800592
15300	0.00905941
15301	-0.04059857
15302	-0.10606115
15303	-0.19623327
15304	-0.32822689
15305	-0.53962886
15306	-0.93224621
15307	-1.91140580
15308	-8.62930107
15309	NaN
15310	NaN
15311	NaN
15312	NaN
15313	NaN
15314	NaN
15315	NaN
15316	NaN
15317	NaN
15318	NaN
15319	NaN
15320	NaN
15321	NaN
15322	NaN
15323	NaN
15324	NaN
15325	NaN
15326	NaN
15327	NaN
15328	NaN
15329	NaN
15330	NaN
15331	NaN
15332	NaN
15333	NaN
15334	NaN
15335	NaN
15336	NaN
15337	NaN
15338	NaN
15339	NaN
15340	NaN
15341	NaN
15342	NaN
15343	NaN
15344	NaN
15345	NaN
15346	NaN
15347	NaN
15348	NaN
15349	NaN
15350	NaN
15351	NaN
15352	NaN
15353	NaN
15354	NaN
15355	NaN
15356	NaN
15357	NaN
15358	NaN
15359	NaN
15360	NaN
15361	NaN
15362	NaN
15363	NaN
15364	NaN
15365	NaN
15366	NaN
15367	5.91306114
15368	2.57915568
15369	1.83203650
15370	1.50312471
15371	1.31838298
15372	1.20026791
15373	1.11838198
15374	1.05837417
15375	1.01258242
15376	0.97654539
15377	0.94748819
15378	0.92359352
15379	0.90362245
15380	0.88670105
15381	0.87219465
15382	0.85963225
15383	0.84865516
15384	0.83898741
15385	0.83041191
15386	0.82275587
15387	0.81588054
15388	0.80967188
15389	0.80403686
15390	0.79889786
15391	0.79419017
15392	0.78985888
15393	0.78585744
15394	0.78214604
15395	0.77869052
15396	0.77546102
15397	0.77243215
15398	0.76958120
15399	0.76688826
15400	0.76433611
15401	0.76190931
15402	0.75959420
15403	0.75737840
15404	0.75525111
15405	0.75320244
15406	0.75122374
15407	0.74930680
15408	0.74744457
15409	0.74563056
15410	0.74385870
15411	0.74212354
15412	0.74042034
15413	0.73874426
15414	0.73709130
15415	0.73545754
15416	0.73383945
15417	0.73223382
15418	0.73063767
15419	0.72904813
15420	0.72746265
15421	0.72587895
15422	0.72429472
15423	0.72270799
15424	0.72111678
15425	0.71951938
15426	0.71791416
15427	0.71629959
15428	0.71467435
15429	0.71303695
15430	0.71138638
15431	0.70972157
15432	0.70804137
15433	0.70634484
15434	0.70463121
15435	0.70289969
15436	0.70114958
15437	0.69938016
15438	0.69759095
15439	0.69578141
15440	0.69395107
15441	0.69209951
15442	0.69022638
15443	0.68833143
15444	0.68641436
15445	0.68447495
15446	0.68251312
15447	0.68052858
15448	0.67852139
15449	0.67649138
15450	0.67443854
15451	0.67236298
15452	0.67026466
15453	0.66814363
15454	0.66600001
15455	0.66383404
15456	0.66164577
15457	0.65943533
15458	0.65720314
15459	0.65494925
15460	0.65267408
15461	0.65037793
15462	0.64806104
15463	0.64572388
15464	0.64336675
15465	0.64099014
15466	0.63859451
15467	0.63618022
15468	0.63374788
15469	0.63129783
15470	0.62883079
15471	0.62634730
15472	0.62384784
15473	0.62133300
15474	0.61880344
15475	0.61625981
15476	0.61370260
15477	0.61113256
15478	0.60855019
15479	0.60595620
15480	0.60335124
15481	0.60073596
15482	0.59811080
15483	0.59547663
15484	0.59283388
15485	0.59018320
15486	0.58752519
15487	0.58486044
15488	0.58218944
15489	0.57951283
15490	0.57683104
15491	0.57414466
15492	0.57145417
15493	0.56876004
15494	0.56606281
15495	0.56336284
15496	0.56066060
15497	0.55795652
15498	0.55525100
15499	0.55254447
15500	0.54983723
15501	0.54712963
15502	0.54442209
15503	0.54171497
15504	0.53900844
15505	0.53630286
15506	0.53359860
15507	0.53089589
15508	0.52819496
15509	0.52549607
15510	0.52279955
15511	0.52010548
15512	0.51741427
15513	0.51472598
15514	0.51204091
15515	0.50935924
15516	0.50668114
15517	0.50400680
15518	0.50133634
15519	0.49867007
15520	0.49600807
15521	0.49335048
15522	0.49069744
15523	0.48804909
15524	0.48540571
15525	0.48276719
15526	0.48013383
15527	0.47750568
15528	0.47488290
15529	0.47226560
15530	0.46965382
15531	0.46704763
15532	0.46444720
15533	0.46185255
15534	0.45926389
15535	0.45668116
15536	0.45410448
15537	0.45153391
15538	0.44896951
15539	0.44641140
15540	0.44385958
15541	0.44131416
15542	0.43877518
15543	0.43624273
15544	0.43371686
15545	0.43119764
15546	0.42868516
15547	0.42617947
15548	0.42368069
15549	0.42118886
15550	0.41870412
15551	0.41622657
15552	0.41375622
15553	0.41129327
15554	0.40883777
15555	0.40638986
15556	0.40394965
15557	0.40151721
15558	0.39909270
15559	0.39667624
15560	0.39426795
15561	0.39186785
15562	0.38947615
15563	0.38709286
15564	0.38471815
15565	0.38235205
15566	0.37999463
15567	0.37764594
15568	0.37530607
15569	0.37297490
15570	0.37065256
15571	0.36833894
15572	0.36603397
15573	0.36373755
15574	0.36144954
15575	0.35916969
15576	0.35689789
15577	0.35463372
15578	0.35237685
15579	0.35012683
15580	0.34788319
15581	0.34564537
15582	0.34341258
15583	0.34118414
15584	0.33895913
15585	0.33673650
15586	0.33451518
15587	0.33229381
15588	0.33007094
15589	0.32784489
15590	0.32561377
15591	0.32337558
15592	0.32112786
15593	0.31886807
15594	0.31659317
15595	0.31429985
15596	0.31198439
15597	0.30964270
15598	0.30727002
15599	0.30486095
15600	0.30240968
15601	0.29990932
15602	0.29735237
15603	0.29473007
15604	0.29203272
15605	0.28924900
15606	0.28636628
15607	0.28336993
15608	0.28024334
15609	0.27696699
15610	0.27351874
15611	0.26987258
15612	0.26599833
15613	0.26186049
15614	0.25741735
15615	0.25261924
15616	0.24740718
15617	0.24171004
15618	0.23544167
15619	0.22849663
15620	0.22074497
15621	0.21202400
15622	0.20212843
15623	0.19079459
15624	0.17767853
15625	0.16232310
15626	0.14410813
15627	0.12216951
15628	0.09526747
15629	0.06155547
15630	0.01816162
15631	-0.03964289
15632	-0.12022950
15633	-0.23996283
15634	-0.43571767
15635	-0.81172037
15636	-1.82242787
15637	-13.47604752
15638	NaN
15639	NaN
15640	NaN
15641	NaN
15642	NaN
15643	NaN
15644	NaN
15645	NaN
15646	NaN
15647	NaN
15648	NaN
15649	NaN
15650	NaN
15651	NaN
15652	NaN
15653	NaN
15654	NaN
15655	NaN
15656	NaN
15657	NaN
15658	NaN
15659	NaN
15660	NaN
15661	NaN
15662	NaN
15663	NaN
15664	NaN
15665	NaN
15666	NaN
15667	NaN
15668	NaN
15669	NaN
15670	NaN
15671	NaN
15672	NaN
15673	NaN
15674	NaN
15675	NaN
15676	NaN
15677	NaN
15678	NaN
15679	NaN
15680	NaN
15681	NaN
15682	NaN
15683	NaN
15684	NaN
15685	NaN
15686	NaN
15687	NaN
15688	NaN
15689	NaN
15690	NaN
15691	NaN
15692	NaN
15693	NaN
15694	NaN
15695	NaN
15696	NaN
15697	NaN
15698	NaN
15699	NaN
15700	NaN
15701	3.83719468
15702	2.14887190
15703	1.63913608
15704	1.39360607
15705	1.24939847
15706	1.15468287
15707	1.08781648
15708	1.03816450
15709	0.99988818
15710	0.96951675
15711	0.94485629
15712	0.92445225
15713	0.90730274
15714	0.89269513
15715	0.88010842
15716	0.86915314
15717	0.85953182
15718	0.85101408
15719	0.84341842
15720	0.83659977
15721	0.83044130
15722	0.82484686
15723	0.81973779
15724	0.81504840
15725	0.81072372
15726	0.80671698
15727	0.80298877
15728	0.79950500
15729	0.79623657
15730	0.79315817
15731	0.79024792
15732	0.78748614
15733	0.78485626
15734	0.78234309
15735	0.77993351
15736	0.77761567
15737	0.77537906
15738	0.77321422
15739	0.77111274
15740	0.76906681
15741	0.76706970
15742	0.76511508
15743	0.76319712
15744	0.76131070
15745	0.75945121
15746	0.75761420
15747	0.75579560
15748	0.75399190
15749	0.75219977
15750	0.75041610
15751	0.74863797
15752	0.74686301
15753	0.74508870
15754	0.74331278
15755	0.74153346
15756	0.73974872
15757	0.73795694
15758	0.73615652
15759	0.73434621
15760	0.73252457
15761	0.73069054
15762	0.72884297
15763	0.72698110
15764	0.72510409
15765	0.72321105
15766	0.72130144
15767	0.71937472
15768	0.71743035
15769	0.71546799
15770	0.71348727
15771	0.71148795
15772	0.70946974
15773	0.70743263
15774	0.70537633
15775	0.70330095
15776	0.70120639
15777	0.69909275
15778	0.69695991
15779	0.69480819
15780	0.69263756
15781	0.69044816
15782	0.68824029
15783	0.68601400
15784	0.68376946
15785	0.68150699
15786	0.67922676
15787	0.67692906
15788	0.67461407
15789	0.67228216
15790	0.66993350
15791	0.66756845
15792	0.66518730
15793	0.66279030
15794	0.66037792
15795	0.65795040
15796	0.65550816
15797	0.65305150
15798	0.65058088
15799	0.64809668
15800	0.64559942
15801	0.64308935
15802	0.64056712
15803	0.63803303
15804	0.63548768
15805	0.63293165
15806	0.63036525
15807	0.62778920
15808	0.62520391
15809	0.62260997
15810	0.62000793
15811	0.61739838
15812	0.61478180
15813	0.61215889
15814	0.60953003
15815	0.60689592
15816	0.60425699
15817	0.60161394
15818	0.59896713
15819	0.59631723
15820	0.59366471
15821	0.59101003
15822	0.58835363
15823	0.58569616
15824	0.58303791
15825	0.58037937
15826	0.57772094
15827	0.57506311
15828	0.57240611
15829	0.56975049
15830	0.56709641
15831	0.56444436
15832	0.56179458
15833	0.55914736
15834	0.55650300
15835	0.55386180
15836	0.55122393
15837	0.54858971
15838	0.54595929
15839	0.54333293
15840	0.54071081
15841	0.53809309
15842	0.53548002
15843	0.53287160
15844	0.53026819
15845	0.52766979
15846	0.52507663
15847	0.52248871
15848	0.51990634
15849	0.51732945
15850	0.51475817
15851	0.51219273
15852	0.50963312
15853	0.50707948
15854	0.50453192
15855	0.50199038
15856	0.49945512
15857	0.49692613
15858	0.49440348
15859	0.49188724
15860	0.48937747
15861	0.48687422
15862	0.48437756
15863	0.48188749
15864	0.47940415
15865	0.47692743
15866	0.47445750
15867	0.47199431
15868	0.46953791
15869	0.46708831
15870	0.46464548
15871	0.46220949
15872	0.45978028
15873	0.45735791
15874	0.45494232
15875	0.45253348
15876	0.45013142
15877	0.44773614
15878	0.44534758
15879	0.44296566
15880	0.44059041
15881	0.43822178
15882	0.43585980
15883	0.43350431
15884	0.43115535
15885	0.42881283
15886	0.42647675
15887	0.42414701
15888	0.42182359
15889	0.41950637
15890	0.41719535
15891	0.41489041
15892	0.41259143
15893	0.41029841
15894	0.40801102
15895	0.40572935
15896	0.40345314
15897	0.40118223
15898	0.39891642
15899	0.39665553
15900	0.39439920
15901	0.39214730
15902	0.38989934
15903	0.38765511
15904	0.38541406
15905	0.38317582
15906	0.38093993
15907	0.37870571
15908	0.37647259
15909	0.37423989
15910	0.37200677
15911	0.36977249
15912	0.36753601
15913	0.36529636
15914	0.36305237
15915	0.36080292
15916	0.35854653
15917	0.35628179
15918	0.35400707
15919	0.35172063
15920	0.34942052
15921	0.34710470
15922	0.34477082
15923	0.34241641
15924	0.34003872
15925	0.33763468
15926	0.33520105
15927	0.33273426
15928	0.33023021
15929	0.32768458
15930	0.32509258
15931	0.32244885
15932	0.31974748
15933	0.31698182
15934	0.31414467
15935	0.31122786
15936	0.30822220
15937	0.30511758
15938	0.30190238
15939	0.29856354
15940	0.29508629
15941	0.29145387
15942	0.28764734
15943	0.28364447
15944	0.27942014
15945	0.27494526
15946	0.27018595
15947	0.26510271
15948	0.25964901
15949	0.25377017
15950	0.24740101
15951	0.24046370
15952	0.23286420
15953	0.22448799
15954	0.21519417
15955	0.20480797
15956	0.19310910
15957	0.17981724
15958	0.16456877
15959	0.14688483
15960	0.12612064
15961	0.10138825
15962	0.07143040
15963	0.03440295
15964	-0.01250885
15965	-0.07382548
15966	-0.15729725
15967	-0.27742034
15968	-0.46480954
15969	-0.79723221
15970	-1.54721034
15971	-4.81306505
15972	NaN
15973	NaN
15974	NaN
15975	NaN
15976	NaN
15977	NaN
15978	NaN
15979	NaN
15980	NaN
15981	NaN
15982	NaN
15983	NaN
15984	NaN
15985	NaN
15986	NaN
15987	NaN
15988	NaN
15989	NaN
15990	NaN
15991	NaN
15992	NaN
15993	NaN
15994	NaN
15995	NaN
15996	NaN
15997	NaN
15998	NaN
15999	NaN
16000	NaN
16001	NaN
16002	NaN
16003	NaN
16004	NaN
16005	NaN
16006	NaN
16007	NaN
16008	NaN
16009	NaN
16010	NaN
16011	NaN
16012	NaN
16013	NaN
16014	NaN
16015	NaN
16016	NaN
16017	NaN
16018	NaN
16019	NaN
16020	NaN
16021	NaN
16022	NaN
16023	NaN
16024	NaN
16025	NaN
16026	NaN
16027	NaN
16028	NaN
16029	NaN
16030	NaN
16031	NaN
16032	NaN
16033	NaN
16034	NaN
16035	NaN
16036	NaN
16037	4.72763681
16038	2.40468693
16039	1.77158129
16040	1.47648644
16041	1.30591035
16042	1.19487512
16043	1.11690617
16044	1.05919361
16045	1.01478338
16046	0.97957277
16047	0.95098698
16048	0.92732698
16049	0.90742737
16050	0.89046139
16051	0.87582618
16052	0.86307240
16053	0.85185778
16054	0.84191751
16055	0.83304286
16056	0.82506758
16057	0.81785738
16058	0.81130266
16059	0.80531329
16060	0.79981399
16061	0.79474169
16062	0.79004312
16063	0.78567302
16064	0.78159255
16065	0.77776855
16066	0.77417195
16067	0.77077746
16068	0.76756310
16069	0.76450944
16070	0.76159948
16071	0.75881785
16072	0.75615132
16073	0.75358760
16074	0.75111592
16075	0.74872679
16076	0.74641120
16077	0.74416131
16078	0.74196994
16079	0.73983055
16080	0.73773724
16081	0.73568445
16082	0.73366725
16083	0.73168111
16084	0.72972190
16085	0.72778559
16086	0.72586876
16087	0.72396797
16088	0.72208035
16089	0.72020298
16090	0.71833336
16091	0.71646893
16092	0.71460760
16093	0.71274728
16094	0.71088612
16095	0.70902228
16096	0.70715421
16097	0.70528042
16098	0.70339948
16099	0.70151025
16100	0.69961154
16101	0.69770229
16102	0.69578153
16103	0.69384843
16104	0.69190234
16105	0.68994236
16106	0.68796796
16107	0.68597865
16108	0.68397397
16109	0.68195343
16110	0.67991674
16111	0.67786354
16112	0.67579365
16113	0.67370683
16114	0.67160296
16115	0.66948187
16116	0.66734338
16117	0.66518772
16118	0.66301459
16119	0.66082418
16120	0.65861642
16121	0.65639138
16122	0.65414923
16123	0.65189004
16124	0.64961392
16125	0.64732111
16126	0.64501166
16127	0.64268589
16128	0.64034396
16129	0.63798618
16130	0.63561285
16131	0.63322413
16132	0.63082057
16133	0.62840235
16134	0.62596989
16135	0.62352359
16136	0.62106395
16137	0.61859137
16138	0.61610633
16139	0.61360931
16140	0.61110091
16141	0.60858154
16142	0.60605186
16143	0.60351235
16144	0.60096365
16145	0.59840626
16146	0.59584087
16147	0.59326792
16148	0.59068817
16149	0.58810210
16150	0.58551031
16151	0.58291340
16152	0.58031189
16153	0.57770640
16154	0.57509738
16155	0.57248539
16156	0.56987095
16157	0.56725448
16158	0.56463647
16159	0.56201738
16160	0.55939752
16161	0.55677736
16162	0.55415726
16163	0.55153751
16164	0.54891843
16165	0.54630029
16166	0.54368341
16167	0.54106796
16168	0.53845412
16169	0.53584212
16170	0.53323209
16171	0.53062427
16172	0.52801865
16173	0.52541536
16174	0.52281451
16175	0.52021617
16176	0.51762027
16177	0.51502693
16178	0.51243627
16179	0.50984818
16180	0.50726265
16181	0.50467968
16182	0.50209934
16183	0.49952152
16184	0.49694631
16185	0.49437359
16186	0.49180338
16187	0.48923561
16188	0.48667035
16189	0.48410749
16190	0.48154709
16191	0.47898906
16192	0.47643346
16193	0.47388023
16194	0.47132936
16195	0.46878085
16196	0.46623468
16197	0.46369085
16198	0.46114939
16199	0.45861021
16200	0.45607334
16201	0.45353884
16202	0.45100656
16203	0.44847655
16204	0.44594884
16205	0.44342333
16206	0.44090000
16207	0.43837890
16208	0.43585986
16209	0.43334296
16210	0.43082809
16211	0.42831522
16212	0.42580429
16213	0.42329523
16214	0.42078799
16215	0.41828251
16216	0.41577864
16217	0.41327643
16218	0.41077575
16219	0.40827647
16220	0.40577862
16221	0.40328196
16222	0.40078649
16223	0.39829209
16224	0.39579865
16225	0.39330614
16226	0.39081439
16227	0.38832328
16228	0.38583267
16229	0.38334250
16230	0.38085264
16231	0.37836283
16232	0.37587303
16233	0.37338305
16234	0.37089264
16235	0.36840165
16236	0.36590979
16237	0.36341691
16238	0.36092269
16239	0.35842672
16240	0.35592884
16241	0.35342857
16242	0.35092553
16243	0.34841919
16244	0.34590909
16245	0.34339470
16246	0.34087533
16247	0.33835036
16248	0.33581889
16249	0.33328015
16250	0.33073321
16251	0.32817698
16252	0.32561037
16253	0.32303208
16254	0.32044077
16255	0.31783488
16256	0.31521273
16257	0.31257251
16258	0.30991215
16259	0.30722937
16260	0.30452168
16261	0.30178648
16262	0.29902056
16263	0.29622063
16264	0.29338294
16265	0.29050341
16266	0.28757760
16267	0.28460005
16268	0.28156519
16269	0.27846670
16270	0.27529731
16271	0.27204883
16272	0.26871213
16273	0.26527685
16274	0.26173124
16275	0.25806174
16276	0.25425297
16277	0.25028718
16278	0.24614389
16279	0.24179929
16280	0.23722573
16281	0.23239100
16282	0.22725669
16283	0.22177771
16284	0.21590017
16285	0.20955952
16286	0.20267740
16287	0.19515805
16288	0.18688372
16289	0.17770767
16290	0.16744466
16291	0.15585791
16292	0.14263992
16293	0.12738472
16294	0.10954442
16295	0.08836169
16296	0.06276029
16297	0.03115773
16298	-0.00887273
16299	-0.06124941
16300	-0.13273212
16301	-0.23607880
16302	-0.39857599
16303	-0.69096482
16304	-1.37113273
16305	-4.71175241
16306	NaN
16307	NaN
16308	NaN
16309	NaN
16310	NaN
16311	NaN
16312	NaN
16313	NaN
16314	NaN
16315	NaN
16316	NaN
16317	NaN
16318	NaN
16319	NaN
16320	NaN
16321	NaN
16322	NaN
16323	NaN
16324	NaN
16325	NaN
16326	NaN
16327	NaN
16328	NaN
16329	NaN
16330	NaN
16331	NaN
16332	NaN
16333	NaN
16334	NaN
16335	NaN
16336	NaN
16337	NaN
16338	NaN
16339	NaN
16340	NaN
16341	NaN
16342	NaN
16343	NaN
16344	NaN
16345	NaN
16346	NaN
16347	NaN
16348	NaN
16349	NaN
16350	NaN
16351	NaN
16352	NaN
16353	NaN
16354	NaN
16355	NaN
16356	NaN
16357	NaN
16358	NaN
16359	NaN
16360	NaN
16361	NaN
16362	NaN
16363	NaN
16364	NaN
16365	NaN
16366	NaN
16367	NaN
16368	NaN
16369	NaN
16370	NaN
16371	NaN
16372	NaN
16373	NaN
16374	NaN
16375	NaN
16376	4.02819681
16377	2.13164830
16378	1.59463024
16379	1.34152365
16380	1.19455326
16381	1.09872103
16382	1.03141773
16383	0.98164123
16384	0.94339526
16385	0.91313195
16386	0.88861984
16387	0.86838382
16388	0.85141051
16389	0.83698082
16390	0.82456964
16391	0.81378579
16392	0.80433071
16393	0.79597360
16394	0.78853261
16395	0.78186256
16396	0.77584678
16397	0.77038974
16398	0.76541281
16399	0.76085079
16400	0.75664878
16401	0.75276071
16402	0.74914730
16403	0.74577492
16404	0.74261487
16405	0.73964185
16406	0.73683441
16407	0.73417342
16408	0.73164237
16409	0.72922641
16410	0.72691262
16411	0.72468942
16412	0.72254652
16413	0.72047478
16414	0.71846592
16415	0.71651244
16416	0.71460748
16417	0.71274513
16418	0.71091980
16419	0.70912653
16420	0.70736057
16421	0.70561785
16422	0.70389438
16423	0.70218670
16424	0.70049155
16425	0.69880587
16426	0.69712698
16427	0.69545233
16428	0.69377965
16429	0.69210660
16430	0.69043130
16431	0.68875194
16432	0.68706673
16433	0.68537432
16434	0.68367296
16435	0.68196166
16436	0.68023902
16437	0.67850405
16438	0.67675573
16439	0.67499322
16440	0.67321563
16441	0.67142230
16442	0.66961259
16443	0.66778594
16444	0.66594177
16445	0.66407973
16446	0.66219938
16447	0.66030049
16448	0.65838277
16449	0.65644598
16450	0.65448999
16451	0.65251458
16452	0.65051979
16453	0.64850545
16454	0.64647162
16455	0.64441818
16456	0.64234525
16457	0.64025283
16458	0.63814092
16459	0.63600981
16460	0.63385940
16461	0.63168991
16462	0.62950146
16463	0.62729430
16464	0.62506843
16465	0.62282407
16466	0.62056148
16467	0.61828095
16468	0.61598253
16469	0.61366659
16470	0.61133337
16471	0.60898316
16472	0.60661632
16473	0.60423309
16474	0.60183388
16475	0.59941906
16476	0.59698898
16477	0.59454405
16478	0.59208477
16479	0.58961141
16480	0.58712465
16481	0.58462483
16482	0.58211237
16483	0.57958800
16484	0.57705206
16485	0.57450509
16486	0.57194763
16487	0.56938034
16488	0.56680357
16489	0.56421804
16490	0.56162417
16491	0.55902255
16492	0.55641383
16493	0.55379838
16494	0.55117679
16495	0.54854965
16496	0.54591739
16497	0.54328060
16498	0.54063970
16499	0.53799522
16500	0.53534758
16501	0.53269720
16502	0.53004467
16503	0.52739024
16504	0.52473444
16505	0.52207756
16506	0.51942003
16507	0.51676220
16508	0.51410437
16509	0.51144689
16510	0.50879008
16511	0.50613415
16512	0.50347948
16513	0.50082630
16514	0.49817479
16515	0.49552521
16516	0.49287787
16517	0.49023288
16518	0.48759046
16519	0.48495087
16520	0.48231414
16521	0.47968057
16522	0.47705030
16523	0.47442341
16524	0.47180015
16525	0.46918061
16526	0.46656495
16527	0.46395335
16528	0.46134579
16529	0.45874256
16530	0.45614368
16531	0.45354936
16532	0.45095959
16533	0.44837463
16534	0.44579443
16535	0.44321924
16536	0.44064906
16537	0.43808401
16538	0.43552417
16539	0.43296963
16540	0.43042046
16541	0.42787671
16542	0.42533851
16543	0.42280582
16544	0.42027879
16545	0.41775742
16546	0.41524172
16547	0.41273174
16548	0.41022754
16549	0.40772909
16550	0.40523645
16551	0.40274963
16552	0.40026858
16553	0.39779335
16554	0.39532390
16555	0.39286026
16556	0.39040244
16557	0.38795039
16558	0.38550410
16559	0.38306361
16560	0.38062888
16561	0.37819993
16562	0.37577665
16563	0.37335908
16564	0.37094721
16565	0.36854109
16566	0.36614063
16567	0.36374578
16568	0.36135659
16569	0.35897291
16570	0.35659480
16571	0.35422224
16572	0.35185507
16573	0.34949332
16574	0.34713677
16575	0.34478542
16576	0.34243914
16577	0.34009773
16578	0.33776101
16579	0.33542868
16580	0.33310062
16581	0.33077645
16582	0.32845572
16583	0.32613808
16584	0.32382312
16585	0.32151023
16586	0.31919873
16587	0.31688794
16588	0.31457704
16589	0.31226504
16590	0.30995095
16591	0.30763346
16592	0.30531132
16593	0.30298287
16594	0.30064648
16595	0.29830018
16596	0.29594180
16597	0.29356885
16598	0.29117861
16599	0.28876784
16600	0.28633323
16601	0.28387073
16602	0.28137589
16603	0.27884373
16604	0.27626872
16605	0.27364433
16606	0.27096340
16607	0.26821762
16608	0.26539761
16609	0.26249266
16610	0.25949052
16611	0.25637683
16612	0.25313550
16613	0.24974748
16614	0.24619079
16615	0.24243957
16616	0.23846345
16617	0.23422657
16618	0.22968617
16619	0.22479115
16620	0.21947972
16621	0.21367627
16622	0.20728867
16623	0.20020162
16624	0.19227082
16625	0.18331194
16626	0.17308718
16627	0.16128358
16628	0.14748178
16629	0.13110541
16630	0.11134278
16631	0.08701053
16632	0.05631737
16633	0.01641287
16634	-0.03752568
16635	-0.11436091
16636	-0.23233561
16637	-0.43596163
16638	-0.86986506
16639	-2.42192912
16640	NaN
16641	NaN
16642	NaN
16643	NaN
16644	NaN
16645	NaN
16646	NaN
16647	NaN
16648	NaN
16649	NaN
16650	NaN
16651	NaN
16652	NaN
16653	NaN
16654	NaN
16655	NaN
16656	NaN
16657	NaN
16658	NaN
16659	NaN
16660	NaN
16661	NaN
16662	NaN
16663	NaN
16664	NaN
16665	NaN
16666	NaN
16667	NaN
16668	NaN
16669	NaN
16670	NaN
16671	NaN
16672	NaN
16673	NaN
16674	NaN
16675	NaN
16676	NaN
16677	NaN
16678	NaN
16679	NaN
16680	NaN
16681	NaN
16682	NaN
16683	NaN
16684	NaN
16685	NaN
16686	NaN
16687	NaN
16688	NaN
16689	NaN
16690	NaN
16691	NaN
16692	NaN
16693	NaN
16694	NaN
16695	NaN
16696	NaN
16697	NaN
16698	NaN
16699	NaN
16700	NaN
16701	NaN
16702	NaN
16703	NaN
16704	NaN
16705	NaN
16706	NaN
16707	NaN
16708	NaN
16709	NaN
16710	NaN
16711	12.44530582
16712	2.56816506
16713	1.68062174
16714	1.34876990
16715	1.17544031
16716	1.06910777
16717	0.99732029
16718	0.94566071
16719	0.90674597
16720	0.87640494
16721	0.85210323
16722	0.83221114
16723	0.81563455
16724	0.80160981
16725	0.78958988
16726	0.77917129
16727	0.77005053
16728	0.76199466
16729	0.75482196
16730	0.74838871
16731	0.74258012
16732	0.73730278
16733	0.73248035
16734	0.72804940
16735	0.72395736
16736	0.72016013
16737	0.71662009
16738	0.71330535
16739	0.71018845
16740	0.70724577
16741	0.70445687
16742	0.70180392
16743	0.69927132
16744	0.69684523
16745	0.69451350
16746	0.69226533
16747	0.69009125
16748	0.68798268
16749	0.68593168
16750	0.68393153
16751	0.68197602
16752	0.68005937
16753	0.67817646
16754	0.67632258
16755	0.67449349
16756	0.67268527
16757	0.67089427
16758	0.66911721
16759	0.66735107
16760	0.66559303
16761	0.66384053
16762	0.66209108
16763	0.66034257
16764	0.65859276
16765	0.65684003
16766	0.65508223
16767	0.65331817
16768	0.65154600
16769	0.64976448
16770	0.64797223
16771	0.64616817
16772	0.64435118
16773	0.64252025
16774	0.64067441
16775	0.63881290
16776	0.63693500
16777	0.63503999
16778	0.63312721
16779	0.63119614
16780	0.62924635
16781	0.62727731
16782	0.62528872
16783	0.62328029
16784	0.62125164
16785	0.61920255
16786	0.61713290
16787	0.61504251
16788	0.61293125
16789	0.61079901
16790	0.60864574
16791	0.60647154
16792	0.60427630
16793	0.60206008
16794	0.59982282
16795	0.59756488
16796	0.59528613
16797	0.59298688
16798	0.59066719
16799	0.58832729
16800	0.58596736
16801	0.58358771
16802	0.58118856
16803	0.57877022
16804	0.57633311
16805	0.57387733
16806	0.57140356
16807	0.56891203
16808	0.56640321
16809	0.56387764
16810	0.56133568
16811	0.55877793
16812	0.55620497
16813	0.55361730
16814	0.55101550
16815	0.54840022
16816	0.54577214
16817	0.54313177
16818	0.54047984
16819	0.53781700
16820	0.53514397
16821	0.53246140
16822	0.52976996
16823	0.52707040
16824	0.52436340
16825	0.52164954
16826	0.51892966
16827	0.51620436
16828	0.51347429
16829	0.51074010
16830	0.50800246
16831	0.50526196
16832	0.50251925
16833	0.49977487
16834	0.49702939
16835	0.49428341
16836	0.49153736
16837	0.48879182
16838	0.48604724
16839	0.48330411
16840	0.48056284
16841	0.47782385
16842	0.47508749
16843	0.47235420
16844	0.46962425
16845	0.46689802
16846	0.46417585
16847	0.46145791
16848	0.45874456
16849	0.45603600
16850	0.45333251
16851	0.45063430
16852	0.44794154
16853	0.44525445
16854	0.44257319
16855	0.43989789
16856	0.43722886
16857	0.43456608
16858	0.43190977
16859	0.42926008
16860	0.42661715
16861	0.42398101
16862	0.42135191
16863	0.41872984
16864	0.41611499
16865	0.41350740
16866	0.41090721
16867	0.40831450
16868	0.40572932
16869	0.40315175
16870	0.40058190
16871	0.39801979
16872	0.39546543
16873	0.39291894
16874	0.39038026
16875	0.38784945
16876	0.38532650
16877	0.38281143
16878	0.38030413
16879	0.37780464
16880	0.37531283
16881	0.37282872
16882	0.37035221
16883	0.36788315
16884	0.36542147
16885	0.36296713
16886	0.36051983
16887	0.35807955
16888	0.35564604
16889	0.35321921
16890	0.35079876
16891	0.34838459
16892	0.34597638
16893	0.34357402
16894	0.34117717
16895	0.33878559
16896	0.33639896
16897	0.33401707
16898	0.33163956
16899	0.32926616
16900	0.32689643
16901	0.32453012
16902	0.32216671
16903	0.31980592
16904	0.31744727
16905	0.31509030
16906	0.31273445
16907	0.31037933
16908	0.30802426
16909	0.30566868
16910	0.30331194
16911	0.30095333
16912	0.29859218
16913	0.29622751
16914	0.29385859
16915	0.29148442
16916	0.28910390
16917	0.28671595
16918	0.28431937
16919	0.28191283
16920	0.27949488
16921	0.27706397
16922	0.27461836
16923	0.27215624
16924	0.26967549
16925	0.26717404
16926	0.26464936
16927	0.26209891
16928	0.25951976
16929	0.25690883
16930	0.25426269
16931	0.25157759
16932	0.24884944
16933	0.24607374
16934	0.24324559
16935	0.24035956
16936	0.23740974
16937	0.23438959
16938	0.23129185
16939	0.22810870
16940	0.22483121
16941	0.22144973
16942	0.21795334
16943	0.21433009
16944	0.21056646
16945	0.20664741
16946	0.20255607
16947	0.19827347
16948	0.19377811
16949	0.18904586
16950	0.18404900
16951	0.17875616
16952	0.17313114
16953	0.16713256
16954	0.16071224
16955	0.15381451
16956	0.14637376
16957	0.13831358
16958	0.12954278
16959	0.11995303
16960	0.10941357
16961	0.09776623
16962	0.08481678
16963	0.07032516
16964	0.05399000
16965	0.03542874
16966	0.01414713
16967	-0.01050289
16968	-0.03939055
16969	-0.07370666
16970	-0.11513059
16971	-0.16610613
16972	-0.23033684
16973	-0.31371313
16974	-0.42621389
16975	-0.58618945
16976	-0.83149004
16977	-1.25470877
16978	-2.15828872
16979	-5.42607164
16980	NaN
16981	NaN
16982	NaN
16983	NaN
16984	NaN
16985	NaN
16986	NaN
16987	NaN
16988	NaN
16989	NaN
16990	NaN
16991	NaN
16992	NaN
16993	NaN
16994	NaN
16995	NaN
16996	NaN
16997	NaN
16998	NaN
16999	NaN
17000	NaN
17001	NaN
17002	NaN
17003	NaN
17004	NaN
17005	NaN
17006	NaN
17007	NaN
17008	NaN
17009	NaN
17010	NaN
17011	NaN
17012	NaN
17013	NaN
17014	NaN
17015	NaN
17016	NaN
17017	NaN
17018	NaN
17019	NaN
17020	NaN
17021	NaN
17022	NaN
17023	NaN
17024	NaN
17025	NaN
17026	NaN
17027	NaN
17028	NaN
17029	NaN
17030	NaN
17031	10.33265305
17032	3.16484213
17033	2.08546281
17034	1.64980602
17035	1.41441667
17036	1.26709664
17037	1.16627157
17038	1.09297562
17039	1.03732145
17040	0.99364984
17041	0.95848668
17042	0.92958045
17043	0.90540880
17044	0.88490355
17045	0.86729515
17046	0.85201341
17047	0.83862782
17048	0.82680589
17049	0.81628811
17050	0.80686826
17051	0.79838032
17052	0.79068941
17053	0.78368467
17054	0.77727371
17055	0.77137959
17056	0.76593739
17057	0.76089180
17058	0.75619560
17059	0.75180817
17060	0.74769431
17061	0.74382347
17062	0.74016899
17063	0.73670727
17064	0.73341769
17065	0.73028189
17066	0.72728372
17067	0.72440869
17068	0.72164369
17069	0.71897715
17070	0.71639854
17071	0.71389854
17072	0.71146858
17073	0.70910078
17074	0.70678824
17075	0.70452452
17076	0.70230383
17077	0.70012087
17078	0.69797063
17079	0.69584876
17080	0.69375122
17081	0.69167417
17082	0.68961436
17083	0.68756849
17084	0.68553370
17085	0.68350738
17086	0.68148708
17087	0.67947072
17088	0.67745602
17089	0.67544132
17090	0.67342478
17091	0.67140502
17092	0.66938049
17093	0.66734993
17094	0.66531223
17095	0.66326624
17096	0.66121113
17097	0.65914595
17098	0.65706998
17099	0.65498257
17100	0.65288305
17101	0.65077096
17102	0.64864576
17103	0.64650708
17104	0.64435464
17105	0.64218807
17106	0.64000714
17107	0.63781178
17108	0.63560152
17109	0.63337654
17110	0.63113666
17111	0.62888181
17112	0.62661195
17113	0.62432718
17114	0.62202752
17115	0.61971301
17116	0.61738378
17117	0.61503994
17118	0.61268169
17119	0.61030924
17120	0.60792273
17121	0.60552251
17122	0.60310870
17123	0.60068172
17124	0.59824181
17125	0.59578937
17126	0.59332478
17127	0.59084845
17128	0.58836067
17129	0.58586204
17130	0.58335292
17131	0.58083385
17132	0.57830536
17133	0.57576787
17134	0.57322192
17135	0.57066810
17136	0.56810689
17137	0.56553894
17138	0.56296474
17139	0.56038475
17140	0.55779976
17141	0.55521011
17142	0.55261642
17143	0.55001920
17144	0.54741907
17145	0.54481649
17146	0.54221189
17147	0.53960580
17148	0.53699881
17149	0.53439116
17150	0.53178346
17151	0.52917600
17152	0.52656925
17153	0.52396357
17154	0.52135932
17155	0.51875675
17156	0.51615638
17157	0.51355821
17158	0.51096272
17159	0.50836998
17160	0.50578040
17161	0.50319403
17162	0.50061119
17163	0.49803197
17164	0.49545649
17165	0.49288493
17166	0.49031740
17167	0.48775396
17168	0.48519474
17169	0.48263979
17170	0.48008913
17171	0.47754288
17172	0.47500095
17173	0.47246343
17174	0.46993032
17175	0.46740162
17176	0.46487728
17177	0.46235722
17178	0.45984152
17179	0.45733008
17180	0.45482281
17181	0.45231971
17182	0.44982064
17183	0.44732553
17184	0.44483432
17185	0.44234696
17186	0.43986323
17187	0.43738315
17188	0.43490651
17189	0.43243322
17190	0.42996320
17191	0.42749634
17192	0.42503244
17193	0.42257136
17194	0.42011303
17195	0.41765729
17196	0.41520402
17197	0.41275305
17198	0.41030425
17199	0.40785748
17200	0.40541264
17201	0.40296954
17202	0.40052804
17203	0.39808810
17204	0.39564952
17205	0.39321223
17206	0.39077610
17207	0.38834098
17208	0.38590688
17209	0.38347358
17210	0.38104099
17211	0.37860915
17212	0.37617788
17213	0.37374708
17214	0.37131679
17215	0.36888683
17216	0.36645719
17217	0.36402774
17218	0.36159849
17219	0.35916927
17220	0.35674009
17221	0.35431075
17222	0.35188124
17223	0.34945142
17224	0.34702110
17225	0.34459010
17226	0.34215835
17227	0.33972555
17228	0.33729148
17229	0.33485591
17230	0.33241850
17231	0.32997888
17232	0.32753667
17233	0.32509136
17234	0.32264256
17235	0.32018960
17236	0.31773189
17237	0.31526867
17238	0.31279922
17239	0.31032270
17240	0.30783811
17241	0.30534446
17242	0.30284053
17243	0.30032507
17244	0.29779673
17245	0.29525387
17246	0.29269496
17247	0.29011813
17248	0.28752133
17249	0.28490245
17250	0.28225908
17251	0.27958861
17252	0.27688819
17253	0.27415469
17254	0.27138469
17255	0.26857436
17256	0.26571971
17257	0.26281598
17258	0.25985840
17259	0.25684136
17260	0.25375870
17261	0.25060365
17262	0.24736878
17263	0.24404582
17264	0.24062550
17265	0.23709735
17266	0.23344994
17267	0.22967024
17268	0.22574374
17269	0.22165397
17270	0.21738239
17271	0.21290796
17272	0.20820653
17273	0.20325097
17274	0.19800979
17275	0.19244654
17276	0.18651970
17277	0.18018056
17278	0.17337205
17279	0.16602732
17280	0.15806714
17281	0.14939734
17282	0.13990447
17283	0.12945132
17284	0.11786998
17285	0.10495334
17286	0.09044223
17287	0.07400823
17288	0.05522949
17289	0.03355464
17290	0.00824804
17291	-0.02169284
17292	-0.05767075
17293	-0.10171150
17294	-0.15685305
17295	-0.22786777
17296	-0.32270744
17297	-0.45567864
17298	-0.65538770
17299	-0.98854411
17300	-1.65510881
17301	-3.65287590
17302	NaN
17303	NaN
17304	NaN
17305	NaN
17306	NaN
17307	NaN
17308	NaN
17309	NaN
17310	NaN
17311	NaN
17312	NaN
17313	NaN
17314	NaN
17315	NaN
17316	NaN
17317	NaN
17318	NaN
17319	NaN
17320	NaN
17321	NaN
17322	NaN
17323	NaN
17324	NaN
17325	NaN
17326	NaN
17327	NaN
17328	NaN
17329	NaN
17330	NaN
17331	NaN
17332	NaN
17333	NaN
17334	NaN
17335	NaN
17336	NaN
17337	NaN
17338	NaN
17339	NaN
17340	NaN
17341	NaN
17342	NaN
17343	NaN
17344	NaN
17345	NaN
17346	NaN
17347	NaN
17348	NaN
17349	NaN
17350	NaN
17351	NaN
17352	NaN
17353	NaN
17354	NaN
17355	NaN
17356	3.49024796
17357	2.14290810
17358	1.65585494
17359	1.40475714
17360	1.25173128
17361	1.14881134
17362	1.07492518
17363	1.01936114
17364	0.97609842
17365	0.94149297
17366	0.91320795
17367	0.88967782
17368	0.86981177
17369	0.85282910
17370	0.83815402
17371	0.82535374
17372	0.81409615
17373	0.80412227
17374	0.79522699
17375	0.78724605
17376	0.78004587
17377	0.77351731
17378	0.76756936
17379	0.76212662
17380	0.75712520
17381	0.75251120
17382	0.74823850
17383	0.74426728
17384	0.74056327
17385	0.73709673
17386	0.73384190
17387	0.73077577
17388	0.72787827
17389	0.72513157
17390	0.72251993
17391	0.72002935
17392	0.71764702
17393	0.71536171
17394	0.71316338
17395	0.71104252
17396	0.70899105
17397	0.70700127
17398	0.70506632
17399	0.70317984
17400	0.70133615
17401	0.69953012
17402	0.69775665
17403	0.69601136
17404	0.69429022
17405	0.69258946
17406	0.69090557
17407	0.68923533
17408	0.68757570
17409	0.68592405
17410	0.68427765
17411	0.68263429
17412	0.68099165
17413	0.67934769
17414	0.67770064
17415	0.67604864
17416	0.67439020
17417	0.67272359
17418	0.67104763
17419	0.66936088
17420	0.66766232
17421	0.66595078
17422	0.66422528
17423	0.66248488
17424	0.66072875
17425	0.65895617
17426	0.65716642
17427	0.65535891
17428	0.65353304
17429	0.65168834
17430	0.64982438
17431	0.64794075
17432	0.64603704
17433	0.64411312
17434	0.64216864
17435	0.64020336
17436	0.63821721
17437	0.63620996
17438	0.63418162
17439	0.63213205
17440	0.63006127
17441	0.62796926
17442	0.62585610
17443	0.62372184
17444	0.62156653
17445	0.61939043
17446	0.61719358
17447	0.61497623
17448	0.61273861
17449	0.61048090
17450	0.60820353
17451	0.60590667
17452	0.60359079
17453	0.60125613
17454	0.59890318
17455	0.59653240
17456	0.59414411
17457	0.59173888
17458	0.58931720
17459	0.58687961
17460	0.58442670
17461	0.58195889
17462	0.57947689
17463	0.57698131
17464	0.57447261
17465	0.57195163
17466	0.56941873
17467	0.56687474
17468	0.56432027
17469	0.56175584
17470	0.55918217
17471	0.55659980
17472	0.55400944
17473	0.55141157
17474	0.54880691
17475	0.54619592
17476	0.54357922
17477	0.54095727
17478	0.53833073
17479	0.53570002
17480	0.53306574
17481	0.53042817
17482	0.52778798
17483	0.52514541
17484	0.52250099
17485	0.51985508
17486	0.51720810
17487	0.51456034
17488	0.51191223
17489	0.50926399
17490	0.50661600
17491	0.50396854
17492	0.50132179
17493	0.49867609
17494	0.49603170
17495	0.49338880
17496	0.49074760
17497	0.48810834
17498	0.48547113
17499	0.48283628
17500	0.48020384
17501	0.47757396
17502	0.47494692
17503	0.47232276
17504	0.46970165
17505	0.46708372
17506	0.46446911
17507	0.46185789
17508	0.45925021
17509	0.45664623
17510	0.45404598
17511	0.45144957
17512	0.44885716
17513	0.44626874
17514	0.44368449
17515	0.44110444
17516	0.43852866
17517	0.43595725
17518	0.43339017
17519	0.43082765
17520	0.42826957
17521	0.42571601
17522	0.42316705
17523	0.42062265
17524	0.41808292
17525	0.41554770
17526	0.41301715
17527	0.41049120
17528	0.40796980
17529	0.40545300
17530	0.40294069
17531	0.40043288
17532	0.39792955
17533	0.39543059
17534	0.39293602
17535	0.39044571
17536	0.38795960
17537	0.38547766
17538	0.38299978
17539	0.38052589
17540	0.37805590
17541	0.37558973
17542	0.37312731
17543	0.37066847
17544	0.36821321
17545	0.36576128
17546	0.36331266
17547	0.36086717
17548	0.35842475
17549	0.35598516
17550	0.35354826
17551	0.35111395
17552	0.34868193
17553	0.34625208
17554	0.34382409
17555	0.34139776
17556	0.33897278
17557	0.33654886
17558	0.33412564
17559	0.33170277
17560	0.32927975
17561	0.32685614
17562	0.32443148
17563	0.32200512
17564	0.31957641
17565	0.31714466
17566	0.31470904
17567	0.31226864
17568	0.30982262
17569	0.30736971
17570	0.30490878
17571	0.30243844
17572	0.29995725
17573	0.29746357
17574	0.29495546
17575	0.29243103
17576	0.28988788
17577	0.28732353
17578	0.28473520
17579	0.28211966
17580	0.27947360
17581	0.27679297
17582	0.27407342
17583	0.27131012
17584	0.26849759
17585	0.26562968
17586	0.26269940
17587	0.25969893
17588	0.25661954
17589	0.25345111
17590	0.25018221
17591	0.24679998
17592	0.24328943
17593	0.23963363
17594	0.23581280
17595	0.23180434
17596	0.22758199
17597	0.22311491
17598	0.21836706
17599	0.21329595
17600	0.20785131
17601	0.20197292
17602	0.19558832
17603	0.18861009
17604	0.18093102
17605	0.17241868
17606	0.16290741
17607	0.15218838
17608	0.13999364
17609	0.12597336
17610	0.10966311
17611	0.09043358
17612	0.06740911
17613	0.03933505
17614	0.00434732
17615	-0.04044643
17616	-0.09978982
17617	-0.18204170
17618	-0.30342746
17619	-0.50014055
17620	-0.87271136
17621	-1.84333074
17622	-10.58544827
17623	NaN
17624	NaN
17625	NaN
17626	NaN
17627	NaN
17628	NaN
17629	NaN
17630	NaN
17631	NaN
17632	NaN
17633	NaN
17634	NaN
17635	NaN
17636	NaN
17637	NaN
17638	NaN
17639	NaN
17640	NaN
17641	NaN
17642	NaN
17643	NaN
17644	NaN
17645	NaN
17646	NaN
17647	NaN
17648	NaN
17649	NaN
17650	NaN
17651	NaN
17652	NaN
17653	NaN
17654	NaN
17655	NaN
17656	NaN
17657	NaN
17658	NaN
17659	NaN
17660	NaN
17661	NaN
17662	NaN
17663	NaN
17664	NaN
17665	NaN
17666	NaN
17667	NaN
17668	NaN
17669	NaN
17670	NaN
17671	NaN
17672	NaN
17673	NaN
17674	NaN
17675	NaN
17676	NaN
17677	NaN
17678	NaN
17679	NaN
17680	NaN
17681	NaN
17682	NaN
17683	NaN
17684	NaN
17685	NaN
17686	NaN
17687	NaN
17688	3.54402328
17689	2.01448750
17690	1.54069579
17691	1.31053662
17692	1.17481995
17693	1.08550465
17694	1.02239633
17695	0.97552639
17696	0.93940610
17697	0.91076416
17698	0.88752979
17699	0.86832887
17700	0.85221297
17701	0.83850706
17702	0.82671666
17703	0.81647265
17704	0.80749291
17705	0.79955858
17706	0.79249698
17707	0.78617030
17708	0.78046715
17709	0.77529675
17710	0.77058411
17711	0.76626676
17712	0.76229209
17713	0.75861591
17714	0.75520080
17715	0.75201440
17716	0.74902916
17717	0.74622077
17718	0.74356842
17719	0.74105382
17720	0.73866099
17721	0.73637581
17722	0.73418558
17723	0.73207927
17724	0.73004687
17725	0.72807956
17726	0.72616917
17727	0.72430867
17728	0.72249150
17729	0.72071159
17730	0.71896386
17731	0.71724331
17732	0.71554542
17733	0.71386623
17734	0.71220195
17735	0.71054924
17736	0.70890486
17737	0.70726603
17738	0.70563006
17739	0.70399463
17740	0.70235741
17741	0.70071626
17742	0.69906944
17743	0.69741523
17744	0.69575185
17745	0.69407809
17746	0.69239241
17747	0.69069368
17748	0.68898076
17749	0.68725264
17750	0.68550855
17751	0.68374747
17752	0.68196881
17753	0.68017191
17754	0.67835623
17755	0.67652130
17756	0.67466658
17757	0.67279184
17758	0.67089671
17759	0.66898108
17760	0.66704458
17761	0.66508716
17762	0.66310877
17763	0.66110927
17764	0.65908867
17765	0.65704703
17766	0.65498435
17767	0.65290070
17768	0.65079618
17769	0.64867097
17770	0.64652520
17771	0.64435893
17772	0.64217252
17773	0.63996601
17774	0.63773972
17775	0.63549387
17776	0.63322860
17777	0.63094437
17778	0.62864131
17779	0.62631977
17780	0.62397999
17781	0.62162244
17782	0.61924738
17783	0.61685520
17784	0.61444634
17785	0.61202109
17786	0.60957992
17787	0.60712332
17788	0.60465169
17789	0.60216564
17790	0.59966552
17791	0.59715194
17792	0.59462541
17793	0.59208643
17794	0.58953565
17795	0.58697355
17796	0.58440077
17797	0.58181792
17798	0.57922554
17799	0.57662433
17800	0.57401478
17801	0.57139754
17802	0.56877321
17803	0.56614244
17804	0.56350583
17805	0.56086385
17806	0.55821717
17807	0.55556637
17808	0.55291200
17809	0.55025452
17810	0.54759455
17811	0.54493260
17812	0.54226905
17813	0.53960449
17814	0.53693938
17815	0.53427404
17816	0.53160906
17817	0.52894467
17818	0.52628136
17819	0.52361947
17820	0.52095938
17821	0.51830137
17822	0.51564574
17823	0.51299286
17824	0.51034290
17825	0.50769621
17826	0.50505298
17827	0.50241345
17828	0.49977788
17829	0.49714643
17830	0.49451926
17831	0.49189666
17832	0.48927861
17833	0.48666549
17834	0.48405734
17835	0.48145428
17836	0.47885647
17837	0.47626403
17838	0.47367710
17839	0.47109580
17840	0.46852019
17841	0.46595037
17842	0.46338648
17843	0.46082860
17844	0.45827684
17845	0.45573118
17846	0.45319179
17847	0.45065874
17848	0.44813207
17849	0.44561183
17850	0.44309807
17851	0.44059089
17852	0.43809029
17853	0.43559635
17854	0.43310910
17855	0.43062857
17856	0.42815486
17857	0.42568785
17858	0.42322773
17859	0.42077440
17860	0.41832796
17861	0.41588840
17862	0.41345572
17863	0.41103002
17864	0.40861127
17865	0.40619943
17866	0.40379456
17867	0.40139669
17868	0.39900586
17869	0.39662206
17870	0.39424527
17871	0.39187554
17872	0.38951290
17873	0.38715732
17874	0.38480887
17875	0.38246751
17876	0.38013333
17877	0.37780619
17878	0.37548620
17879	0.37317330
17880	0.37086743
17881	0.36856863
17882	0.36627674
17883	0.36399180
17884	0.36171356
17885	0.35944197
17886	0.35717681
17887	0.35491803
17888	0.35266525
17889	0.35041824
17890	0.34817669
17891	0.34594020
17892	0.34370834
17893	0.34148058
17894	0.33925635
17895	0.33703497
17896	0.33481577
17897	0.33259776
17898	0.33038011
17899	0.32816163
17900	0.32594121
17901	0.32371742
17902	0.32148886
17903	0.31925377
17904	0.31701034
17905	0.31475642
17906	0.31248987
17907	0.31020808
17908	0.30790827
17909	0.30558726
17910	0.30324164
17911	0.30086765
17912	0.29846102
17913	0.29601696
17914	0.29353023
17915	0.29099500
17916	0.28840485
17917	0.28575239
17918	0.28302950
17919	0.28022704
17920	0.27733469
17921	0.27434081
17922	0.27123234
17923	0.26799420
17924	0.26460937
17925	0.26105830
17926	0.25731865
17927	0.25336468
17928	0.24916627
17929	0.24468856
17930	0.23989069
17931	0.23472463
17932	0.22913307
17933	0.22304785
17934	0.21638675
17935	0.20905018
17936	0.20091560
17937	0.19183160
17938	0.18160811
17939	0.17000395
17940	0.15670779
17941	0.14131124
17942	0.12326827
17943	0.10183124
17944	0.07594855
17945	0.04409469
17946	0.00396527
17947	-0.04808713
17948	-0.11820230
17949	-0.21757573
17950	-0.36902043
17951	-0.62729704
17952	-1.16520751
17953	-2.96322966
17954	NaN
17955	NaN
17956	NaN
17957	NaN
17958	NaN
17959	NaN
17960	NaN
17961	NaN
17962	NaN
17963	NaN
17964	NaN
17965	NaN
17966	NaN
17967	NaN
17968	NaN
17969	NaN
17970	NaN
17971	NaN
17972	NaN
17973	NaN
17974	NaN
17975	NaN
17976	NaN
17977	NaN
17978	NaN
17979	NaN
17980	NaN
17981	NaN
17982	NaN
17983	NaN
17984	NaN
17985	NaN
17986	NaN
17987	NaN
17988	NaN
17989	NaN
17990	NaN
17991	NaN
17992	NaN
17993	NaN
17994	NaN
17995	NaN
17996	NaN
17997	NaN
17998	NaN
17999	NaN
18000	NaN
18001	NaN
18002	NaN
18003	NaN
18004	NaN
18005	NaN
18006	NaN
18007	NaN
18008	NaN
18009	NaN
18010	NaN
18011	NaN
18012	NaN
18013	NaN
18014	NaN
18015	NaN
18016	NaN
18017	NaN
18018	3.65543270
18019	2.07961202
18020	1.58613348
18021	1.34527230
18022	1.20277011
18023	1.10871160
18024	1.04205978
18025	0.99241161
18026	0.95403087
18027	0.92349786
18028	0.89864439
18029	0.87803185
18030	0.86066651
18031	0.84584016
18032	0.83303475
18033	0.82186258
18034	0.81202751
18035	0.80329996
18036	0.79549783
18037	0.78847694
18038	0.78211981
18039	0.77633083
18040	0.77103102
18041	0.76615441
18042	0.76164597
18043	0.75745881
18044	0.75355327
18045	0.74989533
18046	0.74645543
18047	0.74320835
18048	0.74013186
18049	0.73720658
18050	0.73441541
18051	0.73174340
18052	0.72917718
18053	0.72670484
18054	0.72431588
18055	0.72200078
18056	0.71975088
18057	0.71755874
18058	0.71541727
18059	0.71332014
18060	0.71126181
18061	0.70923686
18062	0.70724064
18063	0.70526898
18064	0.70331758
18065	0.70138317
18066	0.69946218
18067	0.69755149
18068	0.69564843
18069	0.69375044
18070	0.69185501
18071	0.68996012
18072	0.68806362
18073	0.68616378
18074	0.68425882
18075	0.68234724
18076	0.68042767
18077	0.67849874
18078	0.67655933
18079	0.67460841
18080	0.67264497
18081	0.67066818
18082	0.66867727
18083	0.66667163
18084	0.66465068
18085	0.66261393
18086	0.66056085
18087	0.65849108
18088	0.65640450
18089	0.65430069
18090	0.65217960
18091	0.65004110
18092	0.64788496
18093	0.64571142
18094	0.64352030
18095	0.64131165
18096	0.63908571
18097	0.63684243
18098	0.63458210
18099	0.63230485
18100	0.63001096
18101	0.62770057
18102	0.62537402
18103	0.62303144
18104	0.62067336
18105	0.61829990
18106	0.61591160
18107	0.61350858
18108	0.61109138
18109	0.60866028
18110	0.60621583
18111	0.60375828
18112	0.60128808
18113	0.59880579
18114	0.59631181
18115	0.59380662
18116	0.59129071
18117	0.58876449
18118	0.58622861
18119	0.58368349
18120	0.58112961
18121	0.57856756
18122	0.57599795
18123	0.57342112
18124	0.57083786
18125	0.56824845
18126	0.56565362
18127	0.56305373
18128	0.56044948
18129	0.55784130
18130	0.55522972
18131	0.55261528
18132	0.54999846
18133	0.54737973
18134	0.54475951
18135	0.54213840
18136	0.53951669
18137	0.53689480
18138	0.53427333
18139	0.53165245
18140	0.52903271
18141	0.52641433
18142	0.52379775
18143	0.52118319
18144	0.51857102
18145	0.51596153
18146	0.51335502
18147	0.51075161
18148	0.50815165
18149	0.50555521
18150	0.50296271
18151	0.50037414
18152	0.49778980
18153	0.49520975
18154	0.49263418
18155	0.49006313
18156	0.48749679
18157	0.48493516
18158	0.48237845
18159	0.47982672
18160	0.47727990
18161	0.47473818
18162	0.47220153
18163	0.46967006
18164	0.46714368
18165	0.46462253
18166	0.46210662
18167	0.45959589
18168	0.45709041
18169	0.45459020
18170	0.45209521
18171	0.44960546
18172	0.44712093
18173	0.44464168
18174	0.44216761
18175	0.43969876
18176	0.43723506
18177	0.43477654
18178	0.43232307
18179	0.42987478
18180	0.42743149
18181	0.42499322
18182	0.42255989
18183	0.42013147
18184	0.41770795
18185	0.41528916
18186	0.41287509
18187	0.41046569
18188	0.40806082
18189	0.40566039
18190	0.40326437
18191	0.40087262
18192	0.39848503
18193	0.39610150
18194	0.39372191
18195	0.39134610
18196	0.38897398
18197	0.38660538
18198	0.38424024
18199	0.38187826
18200	0.37951937
18201	0.37716335
18202	0.37481016
18203	0.37245935
18204	0.37011096
18205	0.36776471
18206	0.36542034
18207	0.36307761
18208	0.36073631
18209	0.35839623
18210	0.35605693
18211	0.35371819
18212	0.35137969
18213	0.34904110
18214	0.34670201
18215	0.34436199
18216	0.34202060
18217	0.33967739
18218	0.33733177
18219	0.33498323
18220	0.33263114
18221	0.33027476
18222	0.32791346
18223	0.32554632
18224	0.32317254
18225	0.32079107
18226	0.31840089
18227	0.31600091
18228	0.31358972
18229	0.31116608
18230	0.30872840
18231	0.30627495
18232	0.30380404
18233	0.30131349
18234	0.29880121
18235	0.29626468
18236	0.29370129
18237	0.29110801
18238	0.28848162
18239	0.28581846
18240	0.28311458
18241	0.28036550
18242	0.27756637
18243	0.27471161
18244	0.27179533
18245	0.26881057
18246	0.26574993
18247	0.26260477
18248	0.25936556
18249	0.25602153
18250	0.25256062
18251	0.24896897
18252	0.24523111
18253	0.24132891
18254	0.23724231
18255	0.23294763
18256	0.22841796
18257	0.22362177
18258	0.21852276
18259	0.21307795
18260	0.20723720
18261	0.20094079
18262	0.19411750
18263	0.18668167
18264	0.17852965
18265	0.16953443
18266	0.15953925
18267	0.14834760
18268	0.13571121
18269	0.12131029
18270	0.10472839
18271	0.08540995
18272	0.06259946
18273	0.03524120
18274	0.00181641
18275	-0.03994528
18276	-0.09359128
18277	-0.16499685
18278	-0.26463881
18279	-0.41321114
18280	-0.65808010
18281	-1.13670766
18282	-2.48496199
18283	NaN
18284	NaN
18285	NaN
18286	NaN
18287	NaN
18288	NaN
18289	NaN
18290	NaN
18291	NaN
18292	NaN
18293	NaN
18294	NaN
18295	NaN
18296	NaN
18297	NaN
18298	NaN
18299	NaN
18300	NaN
18301	NaN
18302	NaN
18303	NaN
18304	NaN
18305	NaN
18306	NaN
18307	NaN
18308	NaN
18309	NaN
18310	NaN
18311	NaN
18312	NaN
18313	NaN
18314	NaN
18315	NaN
18316	NaN
18317	NaN
18318	NaN
18319	NaN
18320	NaN
18321	NaN
18322	NaN
18323	NaN
18324	NaN
18325	NaN
18326	NaN
18327	NaN
18328	NaN
18329	NaN
18330	NaN
18331	NaN
18332	NaN
18333	NaN
18334	NaN
18335	NaN
18336	NaN
18337	NaN
18338	NaN
18339	NaN
18340	NaN
18341	NaN
18342	NaN
18343	NaN
18344	NaN
18345	NaN
18346	NaN
18347	NaN
18348	NaN
18349	NaN
18350	NaN
18351	13.08781719
18352	3.02867579
18353	1.95883846
18354	1.55034041
18355	1.33503401
18356	1.20225573
18357	1.11230123
18358	1.04740691
18359	0.99843508
18360	0.96020240
18361	0.92955285
18362	0.90445268
18363	0.88353342
18364	0.86583984
18365	0.85068488
18366	0.83756208
18367	0.82609010
18368	0.81597555
18369	0.80699009
18370	0.79895204
18371	0.79171616
18372	0.78516471
18373	0.77920067
18374	0.77374429
18375	0.76872832
18376	0.76409674
18377	0.75980175
18378	0.75580263
18379	0.75206459
18380	0.74855721
18381	0.74525446
18382	0.74213338
18383	0.73917395
18384	0.73635870
18385	0.73367167
18386	0.73109931
18387	0.72862905
18388	0.72625011
18389	0.72395235
18390	0.72172695
18391	0.71956581
18392	0.71746176
18393	0.71540821
18394	0.71339905
18395	0.71142894
18396	0.70949286
18397	0.70758629
18398	0.70570505
18399	0.70384544
18400	0.70200372
18401	0.70017689
18402	0.69836199
18403	0.69655627
18404	0.69475722
18405	0.69296271
18406	0.69117039
18407	0.68937862
18408	0.68758553
18409	0.68578959
18410	0.68398923
18411	0.68218321
18412	0.68037033
18413	0.67854953
18414	0.67671967
18415	0.67488003
18416	0.67302978
18417	0.67116827
18418	0.66929483
18419	0.66740894
18420	0.66551012
18421	0.66359806
18422	0.66167229
18423	0.65973270
18424	0.65777892
18425	0.65581077
18426	0.65382820
18427	0.65183103
18428	0.64981925
18429	0.64779282
18430	0.64575171
18431	0.64369583
18432	0.64162546
18433	0.63954037
18434	0.63744086
18435	0.63532698
18436	0.63319868
18437	0.63105619
18438	0.62889963
18439	0.62672907
18440	0.62454480
18441	0.62234688
18442	0.62013543
18443	0.61791074
18444	0.61567289
18445	0.61342216
18446	0.61115873
18447	0.60888290
18448	0.60659486
18449	0.60429478
18450	0.60198307
18451	0.59965998
18452	0.59732568
18453	0.59498066
18454	0.59262508
18455	0.59025937
18456	0.58788383
18457	0.58549881
18458	0.58310461
18459	0.58070171
18460	0.57829028
18461	0.57587093
18462	0.57344383
18463	0.57100946
18464	0.56856811
18465	0.56612027
18466	0.56366616
18467	0.56120622
18468	0.55874079
18469	0.55627024
18470	0.55379486
18471	0.55131495
18472	0.54883099
18473	0.54634303
18474	0.54385155
18475	0.54135674
18476	0.53885901
18477	0.53635848
18478	0.53385538
18479	0.53135002
18480	0.52884257
18481	0.52633333
18482	0.52382237
18483	0.52131003
18484	0.51879638
18485	0.51628149
18486	0.51376575
18487	0.51124913
18488	0.50873184
18489	0.50621396
18490	0.50369567
18491	0.50117707
18492	0.49865827
18493	0.49613932
18494	0.49362040
18495	0.49110159
18496	0.48858291
18497	0.48606452
18498	0.48354653
18499	0.48102894
18500	0.47851190
18501	0.47599545
18502	0.47347969
18503	0.47096467
18504	0.46845052
18505	0.46593726
18506	0.46342498
18507	0.46091375
18508	0.45840368
18509	0.45589477
18510	0.45338714
18511	0.45088080
18512	0.44837591
18513	0.44587243
18514	0.44337043
18515	0.44086999
18516	0.43837118
18517	0.43587404
18518	0.43337861
18519	0.43088493
18520	0.42839301
18521	0.42590293
18522	0.42341471
18523	0.42092836
18524	0.41844392
18525	0.41596144
18526	0.41348091
18527	0.41100237
18528	0.40852579
18529	0.40605131
18530	0.40357885
18531	0.40110847
18532	0.39864013
18533	0.39617389
18534	0.39370975
18535	0.39124772
18536	0.38878781
18537	0.38633001
18538	0.38387433
18539	0.38142079
18540	0.37896931
18541	0.37651992
18542	0.37407255
18543	0.37162715
18544	0.36918366
18545	0.36674204
18546	0.36430219
18547	0.36186397
18548	0.35942718
18549	0.35699180
18550	0.35455745
18551	0.35212401
18552	0.34969109
18553	0.34725848
18554	0.34482571
18555	0.34239241
18556	0.33995804
18557	0.33752206
18558	0.33508378
18559	0.33264253
18560	0.33019745
18561	0.32774773
18562	0.32529229
18563	0.32282999
18564	0.32035956
18565	0.31787968
18566	0.31538871
18567	0.31288493
18568	0.31036636
18569	0.30783099
18570	0.30527630
18571	0.30269980
18572	0.30009839
18573	0.29746896
18574	0.29480776
18575	0.29211077
18576	0.28937346
18577	0.28659078
18578	0.28375703
18579	0.28086588
18580	0.27791008
18581	0.27488172
18582	0.27177146
18583	0.26856896
18584	0.26526228
18585	0.26183805
18586	0.25828052
18587	0.25457203
18588	0.25069171
18589	0.24661569
18590	0.24231601
18591	0.23775990
18592	0.23290835
18593	0.22771549
18594	0.22212601
18595	0.21607400
18596	0.20947857
18597	0.20224109
18598	0.19423892
18599	0.18531938
18600	0.17528754
18601	0.16389309
18602	0.15080842
18603	0.13559675
18604	0.11766153
18605	0.09616890
18606	0.06991401
18607	0.03709221
18608	-0.00512828
18609	-0.06145604
18610	-0.14034446
18611	-0.25862399
18612	-0.45531392
18613	-0.84613091
18614	-1.99412143
18615	NaN
18616	NaN
18617	NaN
18618	NaN
18619	NaN
18620	NaN
18621	NaN
18622	NaN
18623	NaN
18624	NaN
18625	NaN
18626	NaN
18627	NaN
18628	NaN
18629	NaN
18630	NaN
18631	NaN
18632	NaN
18633	NaN
18634	NaN
18635	NaN
18636	NaN
18637	NaN
18638	NaN
18639	NaN
18640	NaN
18641	NaN
18642	NaN
18643	NaN
18644	NaN
18645	NaN
18646	NaN
18647	NaN
18648	NaN
18649	NaN
18650	NaN
18651	NaN
18652	NaN
18653	NaN
18654	NaN
18655	NaN
18656	NaN
18657	NaN
18658	NaN
18659	NaN
18660	NaN
18661	NaN
18662	NaN
18663	NaN
18664	NaN
18665	NaN
18666	NaN
18667	NaN
18668	NaN
18669	NaN
18670	NaN
18671	NaN
18672	NaN
18673	NaN
18674	NaN
18675	NaN
18676	NaN
18677	NaN
18678	NaN
18679	NaN
18680	NaN
18681	NaN
18682	NaN
18683	NaN
18684	9.13798523
18685	2.55849338
18686	1.71556115
18687	1.38512945
18688	1.20913577
18689	1.10004294
18690	1.02594459
18691	0.97243112
18692	0.93204111
18693	0.90052515
18694	0.87528485
18695	0.85464221
18696	0.83746529
18697	0.82296318
18698	0.81056625
18699	0.79985380
18700	0.79050869
18701	0.78228730
18702	0.77499926
18703	0.76849371
18704	0.76264954
18705	0.75736856
18706	0.75257027
18707	0.74818790
18708	0.74416614
18709	0.74045765
18710	0.73702306
18711	0.73382849
18712	0.73084509
18713	0.72804755
18714	0.72541434
18715	0.72292626
18716	0.72056699
18717	0.71832162
18718	0.71617758
18719	0.71412307
18720	0.71214813
18721	0.71024352
18722	0.70840108
18723	0.70661360
18724	0.70487422
18725	0.70317703
18726	0.70151651
18727	0.69988775
18728	0.69828618
18729	0.69670755
18730	0.69514811
18731	0.69360429
18732	0.69207287
18733	0.69055098
18734	0.68903559
18735	0.68752426
18736	0.68601465
18737	0.68450457
18738	0.68299180
18739	0.68147457
18740	0.67995095
18741	0.67841941
18742	0.67687833
18743	0.67532641
18744	0.67376208
18745	0.67218429
18746	0.67059171
18747	0.66898340
18748	0.66735834
18749	0.66571552
18750	0.66405421
18751	0.66237366
18752	0.66067308
18753	0.65895182
18754	0.65720940
18755	0.65544522
18756	0.65365881
18757	0.65184987
18758	0.65001786
18759	0.64816254
18760	0.64628363
18761	0.64438099
18762	0.64245433
18763	0.64050359
18764	0.63852859
18765	0.63652927
18766	0.63450563
18767	0.63245767
18768	0.63038534
18769	0.62828881
18770	0.62616807
18771	0.62402326
18772	0.62185460
18773	0.61966223
18774	0.61744624
18775	0.61520702
18776	0.61294466
18777	0.61065966
18778	0.60835224
18779	0.60602266
18780	0.60367143
18781	0.60129887
18782	0.59890550
18783	0.59649169
18784	0.59405810
18785	0.59160501
18786	0.58913320
18787	0.58664316
18788	0.58413547
18789	0.58161074
18790	0.57906973
18791	0.57651299
18792	0.57394135
18793	0.57135540
18794	0.56875592
18795	0.56614357
18796	0.56351918
18797	0.56088334
18798	0.55823708
18799	0.55558085
18800	0.55291557
18801	0.55024189
18802	0.54756063
18803	0.54487234
18804	0.54217792
18805	0.53947794
18806	0.53677309
18807	0.53406399
18808	0.53135133
18809	0.52863568
18810	0.52591765
18811	0.52319777
18812	0.52047664
18813	0.51775467
18814	0.51503235
18815	0.51231021
18816	0.50958872
18817	0.50686818
18818	0.50414896
18819	0.50143152
18820	0.49871609
18821	0.49600303
18822	0.49329266
18823	0.49058515
18824	0.48788080
18825	0.48517987
18826	0.48248249
18827	0.47978890
18828	0.47709927
18829	0.47441372
18830	0.47173250
18831	0.46905568
18832	0.46638340
18833	0.46371582
18834	0.46105304
18835	0.45839512
18836	0.45574230
18837	0.45309454
18838	0.45045206
18839	0.44781488
18840	0.44518319
18841	0.44255707
18842	0.43993655
18843	0.43732175
18844	0.43471286
18845	0.43210986
18846	0.42951295
18847	0.42692217
18848	0.42433757
18849	0.42175931
18850	0.41918740
18851	0.41662195
18852	0.41406310
18853	0.41151077
18854	0.40896514
18855	0.40642622
18856	0.40389410
18857	0.40136877
18858	0.39885026
18859	0.39633858
18860	0.39383382
18861	0.39133593
18862	0.38884491
18863	0.38636073
18864	0.38388339
18865	0.38141289
18866	0.37894917
18867	0.37649220
18868	0.37404189
18869	0.37159824
18870	0.36916119
18871	0.36673057
18872	0.36430642
18873	0.36188862
18874	0.35947707
18875	0.35707164
18876	0.35467225
18877	0.35227883
18878	0.34989113
18879	0.34750918
18880	0.34513268
18881	0.34276155
18882	0.34039554
18883	0.33803457
18884	0.33567834
18885	0.33332667
18886	0.33097926
18887	0.32863587
18888	0.32629615
18889	0.32395977
18890	0.32162634
18891	0.31929541
18892	0.31696653
18893	0.31463912
18894	0.31231257
18895	0.30998626
18896	0.30765939
18897	0.30533108
18898	0.30300045
18899	0.30066642
18900	0.29832789
18901	0.29598340
18902	0.29363158
18903	0.29127079
18904	0.28889924
18905	0.28651482
18906	0.28411531
18907	0.28169814
18908	0.27926049
18909	0.27679902
18910	0.27431035
18911	0.27179042
18912	0.26923451
18913	0.26663768
18914	0.26399425
18915	0.26129764
18916	0.25854048
18917	0.25571448
18918	0.25281006
18919	0.24981652
18920	0.24672143
18921	0.24351047
18922	0.24016723
18923	0.23667283
18924	0.23300523
18925	0.22913861
18926	0.22504285
18927	0.22068280
18928	0.21601605
18929	0.21099252
18930	0.20555176
18931	0.19962083
18932	0.19311056
18933	0.18591063
18934	0.17788389
18935	0.16885726
18936	0.15860903
18937	0.14685106
18938	0.13320242
18939	0.11714888
18940	0.09797810
18941	0.07467525
18942	0.04574573
18943	0.00889196
18944	-0.03960979
18945	-0.10621744
18946	-0.20319176
18947	-0.35700572
18948	-0.63734537
18949	-1.30603647
18950	-4.94840145
18951	NaN
18952	NaN
18953	NaN
18954	NaN
18955	NaN
18956	NaN
18957	NaN
18958	NaN
18959	NaN
18960	NaN
18961	NaN
18962	NaN
18963	NaN
18964	NaN
18965	NaN
18966	NaN
18967	NaN
18968	NaN
18969	NaN
18970	NaN
18971	NaN
18972	NaN
18973	NaN
18974	NaN
18975	NaN
18976	NaN
18977	NaN
18978	NaN
18979	NaN
18980	NaN
18981	NaN
18982	NaN
18983	NaN
18984	NaN
18985	NaN
18986	NaN
18987	NaN
18988	NaN
18989	NaN
18990	NaN
18991	NaN
18992	NaN
18993	NaN
18994	NaN
18995	NaN
18996	NaN
18997	NaN
18998	NaN
18999	NaN
19000	NaN
19001	NaN
19002	NaN
19003	NaN
19004	NaN
19005	NaN
19006	NaN
19007	NaN
19008	NaN
19009	NaN
19010	NaN
19011	NaN
19012	NaN
19013	NaN
19014	NaN
19015	NaN
19016	NaN
19017	NaN
19018	NaN
19019	NaN
19020	NaN
19021	NaN
19022	NaN
19023	3.72060704
19024	1.97372019
19025	1.48849833
19026	1.26111329
19027	1.12939870
19028	1.04359627
19029	0.98333991
19030	0.93875057
19031	0.90445471
19032	0.87727869
19033	0.85522735
19034	0.83698404
19035	0.82164466
19036	0.80856800
19037	0.79728639
19038	0.78745145
19039	0.77879739
19040	0.77111894
19041	0.76425445
19042	0.75807530
19043	0.75247705
19044	0.74737555
19045	0.74270064
19046	0.73839438
19047	0.73440844
19048	0.73070157
19049	0.72723895
19050	0.72399086
19051	0.72093165
19052	0.71803916
19053	0.71529406
19054	0.71267956
19055	0.71018082
19056	0.70778471
19057	0.70547992
19058	0.70325595
19059	0.70110369
19060	0.69901490
19061	0.69698232
19062	0.69499928
19063	0.69305962
19064	0.69115794
19065	0.68928921
19066	0.68744904
19067	0.68563318
19068	0.68383783
19069	0.68205947
19070	0.68029493
19071	0.67854130
19072	0.67679572
19073	0.67505568
19074	0.67331892
19075	0.67158324
19076	0.66984659
19077	0.66810721
19078	0.66636336
19079	0.66461337
19080	0.66285580
19081	0.66108948
19082	0.65931290
19083	0.65752506
19084	0.65572488
19085	0.65391147
19086	0.65208393
19087	0.65024143
19088	0.64838338
19089	0.64650899
19090	0.64461786
19091	0.64270961
19092	0.64078355
19093	0.63883942
19094	0.63687706
19095	0.63489610
19096	0.63289642
19097	0.63087785
19098	0.62884033
19099	0.62678379
19100	0.62470818
19101	0.62261367
19102	0.62050009
19103	0.61836773
19104	0.61621660
19105	0.61404681
19106	0.61185861
19107	0.60965216
19108	0.60742760
19109	0.60518533
19110	0.60292536
19111	0.60064805
19112	0.59835368
19113	0.59604263
19114	0.59371507
19115	0.59137136
19116	0.58901191
19117	0.58663696
19118	0.58424699
19119	0.58184236
19120	0.57942343
19121	0.57699072
19122	0.57454467
19123	0.57208568
19124	0.56961429
19125	0.56713098
19126	0.56463635
19127	0.56213081
19128	0.55961502
19129	0.55708939
19130	0.55455464
19131	0.55201137
19132	0.54946005
19133	0.54690129
19134	0.54433572
19135	0.54176396
19136	0.53918666
19137	0.53660423
19138	0.53401744
19139	0.53142679
19140	0.52883285
19141	0.52623618
19142	0.52363729
19143	0.52103674
19144	0.51843506
19145	0.51583272
19146	0.51323020
19147	0.51062793
19148	0.50802624
19149	0.50542569
19150	0.50282657
19151	0.50022930
19152	0.49763411
19153	0.49504137
19154	0.49245140
19155	0.48986441
19156	0.48728061
19157	0.48470029
19158	0.48212358
19159	0.47955066
19160	0.47698176
19161	0.47441691
19162	0.47185633
19163	0.46930006
19164	0.46674821
19165	0.46420091
19166	0.46165818
19167	0.45912006
19168	0.45658663
19169	0.45405790
19170	0.45153397
19171	0.44901484
19172	0.44650048
19173	0.44399092
19174	0.44148624
19175	0.43898642
19176	0.43649140
19177	0.43400127
19178	0.43151599
19179	0.42903557
19180	0.42656001
19181	0.42408928
19182	0.42162344
19183	0.41916236
19184	0.41670614
19185	0.41425472
19186	0.41180804
19187	0.40936613
19188	0.40692890
19189	0.40449631
19190	0.40206841
19191	0.39964506
19192	0.39722618
19193	0.39481175
19194	0.39240170
19195	0.38999596
19196	0.38759437
19197	0.38519689
19198	0.38280344
19199	0.38041389
19200	0.37802812
19201	0.37564597
19202	0.37326741
19203	0.37089223
19204	0.36852032
19205	0.36615148
19206	0.36378565
19207	0.36142260
19208	0.35906222
19209	0.35670432
19210	0.35434869
19211	0.35199517
19212	0.34964362
19213	0.34729379
19214	0.34494540
19215	0.34259835
19216	0.34025234
19217	0.33790708
19218	0.33556235
19219	0.33321789
19220	0.33087331
19221	0.32852820
19222	0.32618234
19223	0.32383525
19224	0.32148644
19225	0.31913540
19226	0.31678167
19227	0.31442460
19228	0.31206354
19229	0.30969781
19230	0.30732661
19231	0.30494896
19232	0.30256402
19233	0.30017069
19234	0.29776785
19235	0.29535422
19236	0.29292840
19237	0.29048887
19238	0.28803399
19239	0.28556189
19240	0.28307047
19241	0.28055772
19242	0.27802107
19243	0.27545792
19244	0.27286530
19245	0.27024007
19246	0.26757881
19247	0.26487762
19248	0.26213223
19249	0.25933799
19250	0.25648993
19251	0.25358233
19252	0.25060892
19253	0.24756296
19254	0.24443682
19255	0.24122204
19256	0.23790918
19257	0.23448788
19258	0.23094654
19259	0.22727205
19260	0.22344969
19261	0.21946314
19262	0.21529379
19263	0.21092059
19264	0.20631954
19265	0.20146330
19266	0.19632071
19267	0.19085559
19268	0.18502648
19269	0.17878470
19270	0.17207392
19271	0.16482775
19272	0.15696725
19273	0.14839865
19274	0.13900928
19275	0.12866239
19276	0.11719087
19277	0.10438795
19278	0.08999518
19279	0.07368422
19280	0.05503290
19281	0.03348847
19282	0.00831318
19283	-0.02150132
19284	-0.05736976
19285	-0.10133889
19286	-0.15648894
19287	-0.22767852
19288	-0.32304379
19289	-0.45732430
19290	-0.66026926
19291	-1.00228512
19292	-1.69989002
19293	-3.90371323
19294	NaN
19295	NaN
19296	NaN
19297	NaN
19298	NaN
19299	NaN
19300	NaN
19301	NaN
19302	NaN
19303	NaN
19304	NaN
19305	NaN
19306	NaN
19307	NaN
19308	NaN
19309	NaN
19310	NaN
19311	NaN
19312	NaN
19313	NaN
19314	NaN
19315	NaN
19316	NaN
19317	NaN
19318	NaN
19319	NaN
19320	NaN
19321	NaN
19322	NaN
19323	NaN
19324	NaN
19325	NaN
19326	NaN
19327	NaN
19328	NaN
19329	NaN
19330	NaN
19331	NaN
19332	NaN
19333	NaN
19334	NaN
19335	NaN
19336	NaN
19337	NaN
19338	NaN
19339	NaN
19340	NaN
19341	NaN
19342	NaN
19343	NaN
19344	NaN
19345	NaN
19346	NaN
19347	NaN
19348	NaN
19349	NaN
19350	4.15229559
19351	2.28169632
19352	1.70058441
19353	1.41751814
19354	1.25008881
19355	1.13951421
19356	1.06107724
19357	1.00257421
19358	0.95728236
19359	0.92119473
19360	0.89177525
19361	0.86733842
19362	0.84672201
19363	0.82909667
19364	0.81385666
19365	0.80054760
19366	0.78882301
19367	0.77841300
19368	0.76910543
19369	0.76073021
19370	0.75314999
19371	0.74625206
19372	0.73994392
19373	0.73414767
19374	0.72879845
19375	0.72384113
19376	0.71922910
19377	0.71492165
19378	0.71088433
19379	0.70708692
19380	0.70350325
19381	0.70011038
19382	0.69688791
19383	0.69381797
19384	0.69088477
19385	0.68807417
19386	0.68537366
19387	0.68277180
19388	0.68025845
19389	0.67782450
19390	0.67546159
19391	0.67316228
19392	0.67091966
19393	0.66872764
19394	0.66658050
19395	0.66447300
19396	0.66240054
19397	0.66035867
19398	0.65834332
19399	0.65635103
19400	0.65437812
19401	0.65242165
19402	0.65047866
19403	0.64854640
19404	0.64662254
19405	0.64470476
19406	0.64279091
19407	0.64087898
19408	0.63896722
19409	0.63705385
19410	0.63513744
19411	0.63321650
19412	0.63128966
19413	0.62935567
19414	0.62741351
19415	0.62546194
19416	0.62350017
19417	0.62152714
19418	0.61954218
19419	0.61754459
19420	0.61553353
19421	0.61350840
19422	0.61146879
19423	0.60941404
19424	0.60734385
19425	0.60525769
19426	0.60315531
19427	0.60103637
19428	0.59890056
19429	0.59674770
19430	0.59457767
19431	0.59239036
19432	0.59018552
19433	0.58796322
19434	0.58572340
19435	0.58346611
19436	0.58119136
19437	0.57889932
19438	0.57659000
19439	0.57426369
19440	0.57192045
19441	0.56956065
19442	0.56718445
19443	0.56479210
19444	0.56238401
19445	0.55996054
19446	0.55752200
19447	0.55506879
19448	0.55260134
19449	0.55012006
19450	0.54762554
19451	0.54511809
19452	0.54259825
19453	0.54006660
19454	0.53752357
19455	0.53496969
19456	0.53240550
19457	0.52983153
19458	0.52724832
19459	0.52465641
19460	0.52205628
19461	0.51944846
19462	0.51683348
19463	0.51421177
19464	0.51158398
19465	0.50895041
19466	0.50631166
19467	0.50366813
19468	0.50102031
19469	0.49836856
19470	0.49571332
19471	0.49305502
19472	0.49039400
19473	0.48773059
19474	0.48506525
19475	0.48239824
19476	0.47972992
19477	0.47706053
19478	0.47439042
19479	0.47171983
19480	0.46904913
19481	0.46637836
19482	0.46370792
19483	0.46103796
19484	0.45836872
19485	0.45570037
19486	0.45303309
19487	0.45036706
19488	0.44770244
19489	0.44503939
19490	0.44237810
19491	0.43971857
19492	0.43706107
19493	0.43440565
19494	0.43175244
19495	0.42910156
19496	0.42645302
19497	0.42380708
19498	0.42116371
19499	0.41852298
19500	0.41588500
19501	0.41324988
19502	0.41061762
19503	0.40798831
19504	0.40536198
19505	0.40273872
19506	0.40011853
19507	0.39750147
19508	0.39488757
19509	0.39227685
19510	0.38966933
19511	0.38706496
19512	0.38446382
19513	0.38186595
19514	0.37927124
19515	0.37667969
19516	0.37409136
19517	0.37150618
19518	0.36892411
19519	0.36634514
19520	0.36376923
19521	0.36119640
19522	0.35862651
19523	0.35605958
19524	0.35349554
19525	0.35093436
19526	0.34837598
19527	0.34582031
19528	0.34326726
19529	0.34071687
19530	0.33816901
19531	0.33562359
19532	0.33308050
19533	0.33053970
19534	0.32800111
19535	0.32546458
19536	0.32292995
19537	0.32039711
19538	0.31786597
19539	0.31533629
19540	0.31280795
19541	0.31028074
19542	0.30775434
19543	0.30522862
19544	0.30270323
19545	0.30017784
19546	0.29765221
19547	0.29512584
19548	0.29259837
19549	0.29006934
19550	0.28753817
19551	0.28500432
19552	0.28246710
19553	0.27992594
19554	0.27737999
19555	0.27482840
19556	0.27227020
19557	0.26970449
19558	0.26713005
19559	0.26454559
19560	0.26194990
19561	0.25934142
19562	0.25671852
19563	0.25407934
19564	0.25142205
19565	0.24874438
19566	0.24604404
19567	0.24331844
19568	0.24056472
19569	0.23777971
19570	0.23496002
19571	0.23210186
19572	0.22920097
19573	0.22625288
19574	0.22325239
19575	0.22019388
19576	0.21707104
19577	0.21387707
19578	0.21060410
19579	0.20724368
19580	0.20378613
19581	0.20022066
19582	0.19653526
19583	0.19271645
19584	0.18874875
19585	0.18461503
19586	0.18029547
19587	0.17576787
19588	0.17100653
19589	0.16598214
19590	0.16066083
19591	0.15500349
19592	0.14896441
19593	0.14249057
19594	0.13551880
19595	0.12797512
19596	0.11977059
19597	0.11079891
19598	0.10093077
19599	0.09000813
19600	0.07783514
19601	0.06416740
19602	0.04869443
19603	0.03101696
19604	0.01061172
19605	-0.01321874
19606	-0.04142824
19607	-0.07535278
19608	-0.11692697
19609	-0.16905807
19610	-0.23632948
19611	-0.32640606
19612	-0.45315778
19613	-0.64451718
19614	-0.96638393
19615	-1.62028575
19616	-3.66234303
19617	NaN
19618	NaN
19619	NaN
19620	NaN
19621	NaN
19622	NaN
19623	NaN
19624	NaN
19625	NaN
19626	NaN
19627	NaN
19628	NaN
19629	NaN
19630	NaN
19631	NaN
19632	NaN
19633	NaN
19634	NaN
19635	NaN
19636	NaN
19637	NaN
19638	NaN
19639	NaN
19640	NaN
19641	NaN
19642	NaN
19643	NaN
19644	NaN
19645	NaN
19646	NaN
19647	NaN
19648	NaN
19649	NaN
19650	NaN
19651	NaN
19652	NaN
19653	NaN
19654	NaN
19655	NaN
19656	NaN
19657	NaN
19658	NaN
19659	NaN
19660	NaN
19661	NaN
19662	NaN
19663	NaN
19664	NaN
19665	NaN
19666	NaN
19667	NaN
19668	NaN
19669	NaN
19670	NaN
19671	NaN
19672	NaN
19673	NaN
19674	4.93482685
19675	2.43743467
19676	1.76299119
19677	1.44967115
19678	1.26896179
19679	1.15155995
19680	1.06928170
19681	1.00850749
19682	0.96184683
19683	0.92494589
19684	0.89507061
19685	0.87041837
19686	0.84975249
19687	0.83219504
19688	0.81710714
19689	0.80401152
19690	0.79254514
19691	0.78242660
19692	0.77343428
19693	0.76539159
19694	0.75815582
19695	0.75161070
19696	0.74566019
19697	0.74022406
19698	0.73523569
19699	0.73063833
19700	0.72638369
19701	0.72243059
19702	0.71874356
19703	0.71529162
19704	0.71204829
19705	0.70898992
19706	0.70609611
19707	0.70334846
19708	0.70073110
19709	0.69822967
19710	0.69583136
19711	0.69352478
19712	0.69129962
19713	0.68914688
19714	0.68705803
19715	0.68502563
19716	0.68304288
19717	0.68110359
19718	0.67920202
19719	0.67733312
19720	0.67549229
19721	0.67367506
19722	0.67187756
19723	0.67009622
19724	0.66832781
19725	0.66656923
19726	0.66481775
19727	0.66307080
19728	0.66132605
19729	0.65958142
19730	0.65783489
19731	0.65608472
19732	0.65432918
19733	0.65256679
19734	0.65079629
19735	0.64901638
19736	0.64722586
19737	0.64542377
19738	0.64360917
19739	0.64178121
19740	0.63993925
19741	0.63808244
19742	0.63621032
19743	0.63432229
19744	0.63241780
19745	0.63049662
19746	0.62855822
19747	0.62660241
19748	0.62462884
19749	0.62263733
19750	0.62062770
19751	0.61859977
19752	0.61655349
19753	0.61448860
19754	0.61240530
19755	0.61030340
19756	0.60818297
19757	0.60604399
19758	0.60388654
19759	0.60171074
19760	0.59951663
19761	0.59730440
19762	0.59507406
19763	0.59282589
19764	0.59056008
19765	0.58827686
19766	0.58597642
19767	0.58365905
19768	0.58132505
19769	0.57897472
19770	0.57660848
19771	0.57422656
19772	0.57182944
19773	0.56941754
19774	0.56699121
19775	0.56455094
19776	0.56209713
19777	0.55963039
19778	0.55715114
19779	0.55465990
19780	0.55215722
19781	0.54964358
19782	0.54711950
19783	0.54458565
19784	0.54204243
19785	0.53949046
19786	0.53693026
19787	0.53436238
19788	0.53178740
19789	0.52920580
19790	0.52661806
19791	0.52402478
19792	0.52142644
19793	0.51882350
19794	0.51621646
19795	0.51360571
19796	0.51099187
19797	0.50837517
19798	0.50575608
19799	0.50313509
19800	0.50051242
19801	0.49788859
19802	0.49526384
19803	0.49263856
19804	0.49001306
19805	0.48738766
19806	0.48476255
19807	0.48213807
19808	0.47951448
19809	0.47689199
19810	0.47427088
19811	0.47165132
19812	0.46903357
19813	0.46641782
19814	0.46380416
19815	0.46119282
19816	0.45858401
19817	0.45597786
19818	0.45337453
19819	0.45077413
19820	0.44817680
19821	0.44558272
19822	0.44299191
19823	0.44040456
19824	0.43782079
19825	0.43524069
19826	0.43266425
19827	0.43009168
19828	0.42752311
19829	0.42495844
19830	0.42239788
19831	0.41984144
19832	0.41728920
19833	0.41474128
19834	0.41219762
19835	0.40965840
19836	0.40712357
19837	0.40459320
19838	0.40206733
19839	0.39954600
19840	0.39702925
19841	0.39451703
19842	0.39200953
19843	0.38950664
19844	0.38700840
19845	0.38451490
19846	0.38202605
19847	0.37954199
19848	0.37706271
19849	0.37458822
19850	0.37211853
19851	0.36965367
19852	0.36719370
19853	0.36473867
19854	0.36228856
19855	0.35984343
19856	0.35740334
19857	0.35496825
19858	0.35253829
19859	0.35011345
19860	0.34769380
19861	0.34527934
19862	0.34287009
19863	0.34046614
19864	0.33806744
19865	0.33567402
19866	0.33328587
19867	0.33090296
19868	0.32852527
19869	0.32615268
19870	0.32378525
19871	0.32142273
19872	0.31906509
19873	0.31671208
19874	0.31436354
19875	0.31201917
19876	0.30967873
19877	0.30734184
19878	0.30500814
19879	0.30267712
19880	0.30034834
19881	0.29802108
19882	0.29569474
19883	0.29336849
19884	0.29104152
19885	0.28871277
19886	0.28638121
19887	0.28404561
19888	0.28170460
19889	0.27935666
19890	0.27700016
19891	0.27463317
19892	0.27225366
19893	0.26985925
19894	0.26744747
19895	0.26501539
19896	0.26255995
19897	0.26007757
19898	0.25756434
19899	0.25501576
19900	0.25242710
19901	0.24979284
19902	0.24710694
19903	0.24436250
19904	0.24155185
19905	0.23866634
19906	0.23569621
19907	0.23263043
19908	0.22945635
19909	0.22615986
19910	0.22272465
19911	0.21913208
19912	0.21536088
19913	0.21138637
19914	0.20717996
19915	0.20270848
19916	0.19793336
19917	0.19280890
19918	0.18728147
19919	0.18128698
19920	0.17474884
19921	0.16757427
19922	0.15965085
19923	0.15083955
19924	0.14096820
19925	0.12981977
19926	0.11711811
19927	0.10250435
19928	0.08550613
19929	0.06548692
19930	0.04156985
19931	0.01251044
19932	-0.02351522
19933	-0.06929702
19934	-0.12932178
19935	-0.21130198
19936	-0.32970053
19937	-0.51520008
19938	-0.84628004
19939	-1.60171366
19940	-5.02565336
19941	NaN
19942	NaN
19943	NaN
19944	NaN
19945	NaN
19946	NaN
19947	NaN
19948	NaN
19949	NaN
19950	NaN
19951	NaN
19952	NaN
19953	NaN
19954	NaN
19955	NaN
19956	NaN
19957	NaN
19958	NaN
19959	NaN
19960	NaN
19961	NaN
19962	NaN
19963	NaN
19964	NaN
19965	NaN
19966	NaN
19967	NaN
19968	NaN
19969	NaN
19970	NaN
19971	NaN
19972	NaN
19973	NaN
19974	NaN
19975	NaN
19976	NaN
19977	NaN
19978	NaN
19979	NaN
19980	NaN
19981	NaN
19982	NaN
19983	NaN
19984	NaN
19985	NaN
19986	NaN
19987	NaN
19988	NaN
19989	NaN
19990	NaN
19991	NaN
19992	NaN
19993	NaN
19994	NaN
19995	NaN
19996	NaN
19997	NaN
19998	NaN
19999	NaN
20000	NaN
20001	5.93105984
20002	2.37640357
20003	1.67360806
20004	1.37377346
20005	1.20786250
20006	1.10271955
20007	1.03025723
20008	0.97737759
20009	0.93715185
20010	0.90557033
20011	0.88015085
20012	0.85927594
20013	0.84184569
20014	0.82708591
20015	0.81443685
20016	0.80348206
20017	0.79390717
20018	0.78546923
20019	0.77797806
20020	0.77128243
20021	0.76526040
20022	0.75981313
20023	0.75485915
20024	0.75033092
20025	0.74617201
20026	0.74233466
20027	0.73877853
20028	0.73546898
20029	0.73237640
20030	0.72947520
20031	0.72674298
20032	0.72416031
20033	0.72170997
20034	0.71937716
20035	0.71714842
20036	0.71501184
20037	0.71295685
20038	0.71097416
20039	0.70905519
20040	0.70719236
20041	0.70537871
20042	0.70360804
20043	0.70187461
20044	0.70017338
20045	0.69849956
20046	0.69684881
20047	0.69521725
20048	0.69360107
20049	0.69199717
20050	0.69040233
20051	0.68881369
20052	0.68722868
20053	0.68564475
20054	0.68405974
20055	0.68247145
20056	0.68087804
20057	0.67927760
20058	0.67766845
20059	0.67604923
20060	0.67441821
20061	0.67277426
20062	0.67111605
20063	0.66944253
20064	0.66775268
20065	0.66604537
20066	0.66431981
20067	0.66257524
20068	0.66081089
20069	0.65902609
20070	0.65722030
20071	0.65539294
20072	0.65354359
20073	0.65167177
20074	0.64977723
20075	0.64785963
20076	0.64591867
20077	0.64395422
20078	0.64196610
20079	0.63995421
20080	0.63791841
20081	0.63585883
20082	0.63377535
20083	0.63166803
20084	0.62953699
20085	0.62738234
20086	0.62520421
20087	0.62300271
20088	0.62077820
20089	0.61853081
20090	0.61626089
20091	0.61396867
20092	0.61165458
20093	0.60931885
20094	0.60696197
20095	0.60458446
20096	0.60218656
20097	0.59976888
20098	0.59733194
20099	0.59487623
20100	0.59240240
20101	0.58991092
20102	0.58740246
20103	0.58487761
20104	0.58233720
20105	0.57978171
20106	0.57721192
20107	0.57462847
20108	0.57203209
20109	0.56942362
20110	0.56680363
20111	0.56417298
20112	0.56153238
20113	0.55888242
20114	0.55622399
20115	0.55355781
20116	0.55088454
20117	0.54820484
20118	0.54551947
20119	0.54282910
20120	0.54013437
20121	0.53743589
20122	0.53473437
20123	0.53203034
20124	0.52932441
20125	0.52661705
20126	0.52390891
20127	0.52120042
20128	0.51849216
20129	0.51578450
20130	0.51307797
20131	0.51037288
20132	0.50766975
20133	0.50496882
20134	0.50227052
20135	0.49957523
20136	0.49688315
20137	0.49419460
20138	0.49150988
20139	0.48882926
20140	0.48615292
20141	0.48348108
20142	0.48081398
20143	0.47815177
20144	0.47549468
20145	0.47284287
20146	0.47019646
20147	0.46755564
20148	0.46492055
20149	0.46229133
20150	0.45966807
20151	0.45705092
20152	0.45444006
20153	0.45183551
20154	0.44923744
20155	0.44664598
20156	0.44406119
20157	0.44148317
20158	0.43891209
20159	0.43634799
20160	0.43379092
20161	0.43124107
20162	0.42869842
20163	0.42616311
20164	0.42363515
20165	0.42111465
20166	0.41860169
20167	0.41609630
20168	0.41359851
20169	0.41110840
20170	0.40862596
20171	0.40615121
20172	0.40368420
20173	0.40122494
20174	0.39877343
20175	0.39632967
20176	0.39389360
20177	0.39146531
20178	0.38904467
20179	0.38663173
20180	0.38422641
20181	0.38182867
20182	0.37943849
20183	0.37705576
20184	0.37468049
20185	0.37231255
20186	0.36995184
20187	0.36759838
20188	0.36525196
20189	0.36291257
20190	0.36058003
20191	0.35825425
20192	0.35593510
20193	0.35362241
20194	0.35131603
20195	0.34901577
20196	0.34672141
20197	0.34443283
20198	0.34214962
20199	0.33987162
20200	0.33759850
20201	0.33532995
20202	0.33306554
20203	0.33080488
20204	0.32854760
20205	0.32629305
20206	0.32404074
20207	0.32179004
20208	0.31954020
20209	0.31729048
20210	0.31504002
20211	0.31278780
20212	0.31053275
20213	0.30827373
20214	0.30600935
20215	0.30373815
20216	0.30145851
20217	0.29916865
20218	0.29686642
20219	0.29454967
20220	0.29221585
20221	0.28986230
20222	0.28748587
20223	0.28508314
20224	0.28265020
20225	0.28018296
20226	0.27767661
20227	0.27512595
20228	0.27252492
20229	0.26986706
20230	0.26714486
20231	0.26435015
20232	0.26147339
20233	0.25850412
20234	0.25543040
20235	0.25223869
20236	0.24891344
20237	0.24543710
20238	0.24178953
20239	0.23794758
20240	0.23388441
20241	0.22956921
20242	0.22496574
20243	0.22003178
20244	0.21471736
20245	0.20896357
20246	0.20269996
20247	0.19584161
20248	0.18828578
20249	0.17990665
20250	0.17054886
20251	0.16001782
20252	0.14806703
20253	0.13437939
20254	0.11854110
20255	0.09999973
20256	0.07800315
20257	0.05149931
20258	0.01897164
20259	-0.02185096
20260	-0.07452961
20261	-0.14497985
20262	-0.24380559
20263	-0.39209223
20264	-0.63860983
20265	-1.12743509
20266	-2.55327487
20267	NaN
20268	NaN
20269	NaN
20270	NaN
20271	NaN
20272	NaN
20273	NaN
20274	NaN
20275	NaN
20276	NaN
20277	NaN
20278	NaN
20279	NaN
20280	NaN
20281	NaN
20282	NaN
20283	NaN
20284	NaN
20285	NaN
20286	NaN
20287	NaN
20288	NaN
20289	NaN
20290	NaN
20291	NaN
20292	NaN
20293	NaN
20294	NaN
20295	NaN
20296	NaN
20297	NaN
20298	NaN
20299	NaN
20300	NaN
20301	NaN
20302	NaN
20303	NaN
20304	NaN
20305	NaN
20306	NaN
20307	NaN
20308	NaN
20309	NaN
20310	NaN
20311	NaN
20312	NaN
20313	NaN
20314	NaN
20315	NaN
20316	NaN
20317	NaN
20318	NaN
20319	NaN
20320	NaN
20321	NaN
20322	NaN
20323	NaN
20324	NaN
20325	NaN
20326	NaN
20327	NaN
20328	NaN
20329	NaN
20330	NaN
20331	NaN
20332	9.60665321
20333	2.82771635
20334	1.89139175
20335	1.51949406
20336	1.32010388
20337	1.19593906
20338	1.11127734
20339	1.04991591
20340	1.00343907
20341	0.96704435
20342	0.93778992
20343	0.91377378
20344	0.89371127
20345	0.87670332
20346	0.86210227
20347	0.84942973
20348	0.83832443
20349	0.82850885
20350	0.81976563
20351	0.81192303
20352	0.80484271
20353	0.79841250
20354	0.79254073
20355	0.78715074
20356	0.78217912
20357	0.77757215
20358	0.77328461
20359	0.76927763
20360	0.76551789
20361	0.76197672
20362	0.75862926
20363	0.75545377
20364	0.75243133
20365	0.74954498
20366	0.74677992
20367	0.74412310
20368	0.74156278
20369	0.73908859
20370	0.73669112
20371	0.73436183
20372	0.73209327
20373	0.72987854
20374	0.72771144
20375	0.72558635
20376	0.72349799
20377	0.72144181
20378	0.71941340
20379	0.71740896
20380	0.71542478
20381	0.71345770
20382	0.71150458
20383	0.70956266
20384	0.70762962
20385	0.70570272
20386	0.70378011
20387	0.70185971
20388	0.69993973
20389	0.69801849
20390	0.69609445
20391	0.69416636
20392	0.69223285
20393	0.69029289
20394	0.68834549
20395	0.68638945
20396	0.68442428
20397	0.68244904
20398	0.68046319
20399	0.67846608
20400	0.67645723
20401	0.67443627
20402	0.67240286
20403	0.67035657
20404	0.66829723
20405	0.66622460
20406	0.66413867
20407	0.66203904
20408	0.65992594
20409	0.65779912
20410	0.65565866
20411	0.65350455
20412	0.65133685
20413	0.64915562
20414	0.64696085
20415	0.64475274
20416	0.64253134
20417	0.64029688
20418	0.63804936
20419	0.63578910
20420	0.63351607
20421	0.63123065
20422	0.62893289
20423	0.62662315
20424	0.62430149
20425	0.62196827
20426	0.61962372
20427	0.61726803
20428	0.61490160
20429	0.61252457
20430	0.61013740
20431	0.60774028
20432	0.60533363
20433	0.60291791
20434	0.60049325
20435	0.59806013
20436	0.59561890
20437	0.59317005
20438	0.59071386
20439	0.58825076
20440	0.58578128
20441	0.58330572
20442	0.58082461
20443	0.57833827
20444	0.57584721
20445	0.57335174
20446	0.57085246
20447	0.56834966
20448	0.56584382
20449	0.56333524
20450	0.56082445
20451	0.55831176
20452	0.55579758
20453	0.55328226
20454	0.55076617
20455	0.54824960
20456	0.54573298
20457	0.54321659
20458	0.54070073
20459	0.53818560
20460	0.53567159
20461	0.53315896
20462	0.53064787
20463	0.52813864
20464	0.52563137
20465	0.52312636
20466	0.52062374
20467	0.51812381
20468	0.51562661
20469	0.51313227
20470	0.51064104
20471	0.50815296
20472	0.50566816
20473	0.50318688
20474	0.50070900
20475	0.49823478
20476	0.49576423
20477	0.49329740
20478	0.49083444
20479	0.48837531
20480	0.48592013
20481	0.48346886
20482	0.48102167
20483	0.47857848
20484	0.47613940
20485	0.47370434
20486	0.47127336
20487	0.46884653
20488	0.46642378
20489	0.46400511
20490	0.46159059
20491	0.45918006
20492	0.45677367
20493	0.45437121
20494	0.45197281
20495	0.44957834
20496	0.44718781
20497	0.44480112
20498	0.44241822
20499	0.44003907
20500	0.43766361
20501	0.43529174
20502	0.43292341
20503	0.43055850
20504	0.42819697
20505	0.42583865
20506	0.42348358
20507	0.42113146
20508	0.41878232
20509	0.41643602
20510	0.41409245
20511	0.41175145
20512	0.40941289
20513	0.40707666
20514	0.40474257
20515	0.40241051
20516	0.40008032
20517	0.39775184
20518	0.39542484
20519	0.39309913
20520	0.39077455
20521	0.38845086
20522	0.38612777
20523	0.38380504
20524	0.38148242
20525	0.37915960
20526	0.37683621
20527	0.37451184
20528	0.37218609
20529	0.36985856
20530	0.36752868
20531	0.36519593
20532	0.36285961
20533	0.36051917
20534	0.35817379
20535	0.35582256
20536	0.35346466
20537	0.35109904
20538	0.34872460
20539	0.34634006
20540	0.34394401
20541	0.34153503
20542	0.33911145
20543	0.33667135
20544	0.33421269
20545	0.33173338
20546	0.32923087
20547	0.32670236
20548	0.32414502
20549	0.32155550
20550	0.31893018
20551	0.31626499
20552	0.31355554
20553	0.31079698
20554	0.30798379
20555	0.30511001
20556	0.30216897
20557	0.29915333
20558	0.29605472
20559	0.29286394
20560	0.28957069
20561	0.28616363
20562	0.28262949
20563	0.27895376
20564	0.27511969
20565	0.27110878
20566	0.26689935
20567	0.26246697
20568	0.25778344
20569	0.25281647
20570	0.24752846
20571	0.24187556
20572	0.23580636
20573	0.22926071
20574	0.22216660
20575	0.21443830
20576	0.20597218
20577	0.19664286
20578	0.18629543
20579	0.17473830
20580	0.16173024
20581	0.14696462
20582	0.13004376
20583	0.11044390
20584	0.08746087
20585	0.06012550
20586	0.02706412
20587	-0.01373512
20588	-0.06534050
20589	-0.13267803
20590	-0.22418776
20591	-0.35563490
20592	-0.56026214
20593	-0.92229033
20594	-1.73545849
20595	-5.22618771
20596	NaN
20597	NaN
20598	NaN
20599	NaN
20600	NaN
20601	NaN
20602	NaN
20603	NaN
20604	NaN
20605	NaN
20606	NaN
20607	NaN
20608	NaN
20609	NaN
20610	NaN
20611	NaN
20612	NaN
20613	NaN
20614	NaN
20615	NaN
20616	NaN
20617	NaN
20618	NaN
20619	NaN
20620	NaN
20621	NaN
20622	NaN
20623	NaN
20624	NaN
20625	NaN
20626	NaN
20627	NaN
20628	NaN
20629	NaN
20630	NaN
20631	NaN
20632	NaN
20633	NaN
20634	NaN
20635	NaN
20636	NaN
20637	NaN
20638	NaN
20639	NaN
20640	NaN
20641	NaN
20642	NaN
20643	NaN
20644	NaN
20645	NaN
20646	NaN
20647	NaN
20648	NaN
20649	NaN
20650	NaN
20651	NaN
20652	NaN
20653	NaN
20654	NaN
20655	NaN
20656	4.57763529
20657	2.47939897
20658	1.84293377
20659	1.53564596
20660	1.35482275
20661	1.23584664
20662	1.15170705
20663	1.08912086
20664	1.04079032
20665	1.00237703
20666	0.97113752
20667	0.94525278
20668	0.92346841
20669	0.90489209
20670	0.88887054
20671	0.87491584
20672	0.86265528
20673	0.85179985
20674	0.84212124
20675	0.83343744
20676	0.82560074
20677	0.81849116
20678	0.81200927
20679	0.80607194
20680	0.80060989
20681	0.79556429
20682	0.79088497
20683	0.78652930
20684	0.78246015
20685	0.77864516
20686	0.77505672
20687	0.77167010
20688	0.76846403
20689	0.76541913
20690	0.76251882
20691	0.75974810
20692	0.75709361
20693	0.75454336
20694	0.75208640
20695	0.74971300
20696	0.74741459
20697	0.74518299
20698	0.74301106
20699	0.74089211
20700	0.73882014
20701	0.73678976
20702	0.73479569
20703	0.73283362
20704	0.73089892
20705	0.72898793
20706	0.72709697
20707	0.72522271
20708	0.72336203
20709	0.72151208
20710	0.71967018
20711	0.71783406
20712	0.71600133
20713	0.71416998
20714	0.71233791
20715	0.71050352
20716	0.70866507
20717	0.70682108
20718	0.70497012
20719	0.70311093
20720	0.70124221
20721	0.69936299
20722	0.69747227
20723	0.69556904
20724	0.69365245
20725	0.69172186
20726	0.68977648
20727	0.68781573
20728	0.68583912
20729	0.68384600
20730	0.68183601
20731	0.67980874
20732	0.67776394
20733	0.67570126
20734	0.67362040
20735	0.67152125
20736	0.66940355
20737	0.66726732
20738	0.66511244
20739	0.66293883
20740	0.66074651
20741	0.65853548
20742	0.65630579
20743	0.65405762
20744	0.65179104
20745	0.64950621
20746	0.64720333
20747	0.64488268
20748	0.64254433
20749	0.64018881
20750	0.63781619
20751	0.63542706
20752	0.63302159
20753	0.63060021
20754	0.62816340
20755	0.62571144
20756	0.62324500
20757	0.62076443
20758	0.61827022
20759	0.61576289
20760	0.61324292
20761	0.61071092
20762	0.60816729
20763	0.60561275
20764	0.60304773
20765	0.60047281
20766	0.59788847
20767	0.59529543
20768	0.59269404
20769	0.59008491
20770	0.58746856
20771	0.58484560
20772	0.58221638
20773	0.57958144
20774	0.57694137
20775	0.57429659
20776	0.57164747
20777	0.56899452
20778	0.56633824
20779	0.56367886
20780	0.56101698
20781	0.55835283
20782	0.55568689
20783	0.55301946
20784	0.55035090
20785	0.54768151
20786	0.54501164
20787	0.54234147
20788	0.53967148
20789	0.53700185
20790	0.53433269
20791	0.53166449
20792	0.52899730
20793	0.52633148
20794	0.52366710
20795	0.52100444
20796	0.51834369
20797	0.51568502
20798	0.51302862
20799	0.51037467
20800	0.50772327
20801	0.50507462
20802	0.50242883
20803	0.49978608
20804	0.49714646
20805	0.49451014
20806	0.49187723
20807	0.48924780
20808	0.48662204
20809	0.48400000
20810	0.48138183
20811	0.47876757
20812	0.47615734
20813	0.47355121
20814	0.47094926
20815	0.46835157
20816	0.46575826
20817	0.46316928
20818	0.46058473
20819	0.45800465
20820	0.45542908
20821	0.45285809
20822	0.45029163
20823	0.44772983
20824	0.44517258
20825	0.44261998
20826	0.44007203
20827	0.43752864
20828	0.43498987
20829	0.43245572
20830	0.42992616
20831	0.42740113
20832	0.42488062
20833	0.42236465
20834	0.41985312
20835	0.41734600
20836	0.41484329
20837	0.41234490
20838	0.40985081
20839	0.40736097
20840	0.40487525
20841	0.40239367
20842	0.39991608
20843	0.39744249
20844	0.39497271
20845	0.39250666
20846	0.39004427
20847	0.38758543
20848	0.38512993
20849	0.38267767
20850	0.38022846
20851	0.37778208
20852	0.37533835
20853	0.37289700
20854	0.37045777
20855	0.36802039
20856	0.36558443
20857	0.36314955
20858	0.36071536
20859	0.35828131
20860	0.35584700
20861	0.35341164
20862	0.35097474
20863	0.34853548
20864	0.34609312
20865	0.34364673
20866	0.34119532
20867	0.33873773
20868	0.33627287
20869	0.33379927
20870	0.33131558
20871	0.32882002
20872	0.32631087
20873	0.32378608
20874	0.32124338
20875	0.31868041
20876	0.31609443
20877	0.31348237
20878	0.31084090
20879	0.30816630
20880	0.30545455
20881	0.30270094
20882	0.29990035
20883	0.29704711
20884	0.29413489
20885	0.29115650
20886	0.28810388
20887	0.28496799
20888	0.28173870
20889	0.27840450
20890	0.27495223
20891	0.27136719
20892	0.26763245
20893	0.26372856
20894	0.25963330
20895	0.25532100
20896	0.25076199
20897	0.24592155
20898	0.24075921
20899	0.23522760
20900	0.22927031
20901	0.22282036
20902	0.21579723
20903	0.20810372
20904	0.19962126
20905	0.19020352
20906	0.17966813
20907	0.16778547
20908	0.15426151
20909	0.13871397
20910	0.12063630
20911	0.09934437
20912	0.07388987
20913	0.04291881
20914	0.00443030
20915	-0.04466195
20916	-0.10938177
20917	-0.19849616
20918	-0.32879665
20919	-0.53700101
20920	-0.92179155
20921	-1.86994863
20922	-7.94827366
20923	NaN
20924	NaN
20925	NaN
20926	NaN
20927	NaN
20928	NaN
20929	NaN
20930	NaN
20931	NaN
20932	NaN
20933	NaN
20934	NaN
20935	NaN
20936	NaN
20937	NaN
20938	NaN
20939	NaN
20940	NaN
20941	NaN
20942	NaN
20943	NaN
20944	NaN
20945	NaN
20946	NaN
20947	NaN
20948	NaN
20949	NaN
20950	NaN
20951	NaN
20952	NaN
20953	NaN
20954	NaN
20955	NaN
20956	NaN
20957	NaN
20958	NaN
20959	NaN
20960	NaN
20961	NaN
20962	NaN
20963	NaN
20964	NaN
20965	NaN
20966	NaN
20967	NaN
20968	NaN
20969	NaN
20970	NaN
20971	NaN
20972	NaN
20973	NaN
20974	NaN
20975	NaN
20976	NaN
20977	NaN
20978	NaN
20979	NaN
20980	NaN
20981	NaN
20982	NaN
20983	5.95587349
20984	2.61016726
20985	1.86087167
20986	1.53117335
20987	1.34610415
20988	1.22786367
20989	1.14595628
20990	1.08598435
20991	1.04026318
20992	1.00431669
20993	0.97536182
20994	0.95157564
20995	0.93171602
20996	0.91490626
20997	0.90051073
20998	0.88805652
20999	0.87718499
21000	0.86761922
21001	0.85914183
21002	0.85157984
21003	0.84479409
21004	0.83867103
21005	0.83311725
21006	0.82805538
21007	0.82342064
21008	0.81915832
21009	0.81522197
21010	0.81157202
21011	0.80817431
21012	0.80499935
21013	0.80202162
21014	0.79921854
21015	0.79657048
21016	0.79406029
21017	0.79167259
21018	0.78939372
21019	0.78721160
21020	0.78511548
21021	0.78309542
21022	0.78114307
21023	0.77925014
21024	0.77740967
21025	0.77561510
21026	0.77386057
21027	0.77214074
21028	0.77045059
21029	0.76878572
21030	0.76714194
21031	0.76551557
21032	0.76390308
21033	0.76230127
21034	0.76070732
21035	0.75911844
21036	0.75753212
21037	0.75594610
21038	0.75435835
21039	0.75276679
21040	0.75116980
21041	0.74956554
21042	0.74795288
21043	0.74633014
21044	0.74469614
21045	0.74304992
21046	0.74139017
21047	0.73971629
21048	0.73802722
21049	0.73632228
21050	0.73460090
21051	0.73286253
21052	0.73110652
21053	0.72933257
21054	0.72754031
21055	0.72572941
21056	0.72389966
21057	0.72205079
21058	0.72018278
21059	0.71829534
21060	0.71638852
21061	0.71446234
21062	0.71251673
21063	0.71055162
21064	0.70856726
21065	0.70656353
21066	0.70454061
21067	0.70249861
21068	0.70043755
21069	0.69835764
21070	0.69625908
21071	0.69414186
21072	0.69200629
21073	0.68985242
21074	0.68768054
21075	0.68549079
21076	0.68328339
21077	0.68105865
21078	0.67881662
21079	0.67655778
21080	0.67428207
21081	0.67199016
21082	0.66968209
21083	0.66735822
21084	0.66501892
21085	0.66266453
21086	0.66029543
21087	0.65791202
21088	0.65551454
21089	0.65310365
21090	0.65067953
21091	0.64824289
21092	0.64579403
21093	0.64333338
21094	0.64086145
21095	0.63837880
21096	0.63588578
21097	0.63338304
21098	0.63087088
21099	0.62834996
21100	0.62582076
21101	0.62328362
21102	0.62073916
21103	0.61818779
21104	0.61562991
21105	0.61306614
21106	0.61049688
21107	0.60792243
21108	0.60534334
21109	0.60276002
21110	0.60017282
21111	0.59758210
21112	0.59498829
21113	0.59239179
21114	0.58979279
21115	0.58719182
21116	0.58458906
21117	0.58198482
21118	0.57937950
21119	0.57677323
21120	0.57416648
21121	0.57155937
21122	0.56895220
21123	0.56634527
21124	0.56373870
21125	0.56113279
21126	0.55852777
21127	0.55592388
21128	0.55332124
21129	0.55072010
21130	0.54812068
21131	0.54552311
21132	0.54292762
21133	0.54033446
21134	0.53774375
21135	0.53515553
21136	0.53257024
21137	0.52998781
21138	0.52740848
21139	0.52483249
21140	0.52225989
21141	0.51969093
21142	0.51712567
21143	0.51456434
21144	0.51200700
21145	0.50945383
21146	0.50690502
21147	0.50436056
21148	0.50182074
21149	0.49928558
21150	0.49675524
21151	0.49422982
21152	0.49170944
21153	0.48919424
21154	0.48668435
21155	0.48417985
21156	0.48168087
21157	0.47918740
21158	0.47669971
21159	0.47421786
21160	0.47174197
21161	0.46927208
21162	0.46680841
21163	0.46435109
21164	0.46190017
21165	0.45945582
21166	0.45701823
21167	0.45458746
21168	0.45216373
21169	0.44974720
21170	0.44733807
21171	0.44493642
21172	0.44254252
21173	0.44015652
21174	0.43777865
21175	0.43540907
21176	0.43304798
21177	0.43069562
21178	0.42835206
21179	0.42601767
21180	0.42369246
21181	0.42137671
21182	0.41907045
21183	0.41677397
21184	0.41448730
21185	0.41221046
21186	0.40994358
21187	0.40768671
21188	0.40543979
21189	0.40320274
21190	0.40097547
21191	0.39875779
21192	0.39654946
21193	0.39435020
21194	0.39215961
21195	0.38997719
21196	0.38780236
21197	0.38563448
21198	0.38347277
21199	0.38131621
21200	0.37916383
21201	0.37701440
21202	0.37486652
21203	0.37271872
21204	0.37056923
21205	0.36841595
21206	0.36625683
21207	0.36408928
21208	0.36191049
21209	0.35971743
21210	0.35750648
21211	0.35527384
21212	0.35301504
21213	0.35072523
21214	0.34839892
21215	0.34602979
21216	0.34361085
21217	0.34113437
21218	0.33859134
21219	0.33597177
21220	0.33326399
21221	0.33045512
21222	0.32753015
21223	0.32447207
21224	0.32126105
21225	0.31787437
21226	0.31428546
21227	0.31046355
21228	0.30637211
21229	0.30196851
21230	0.29720169
21231	0.29201084
21232	0.28632233
21233	0.28004718
21234	0.27307519
21235	0.26527059
21236	0.25646174
21237	0.24643150
21238	0.23489793
21239	0.22149125
21240	0.20571391
21241	0.18688384
21242	0.16403651
21243	0.13576551
21244	0.09993308
21245	0.05312859
21246	-0.01045133
21247	-0.10153879
21248	-0.24245121
21249	-0.48848173
21250	-1.02454221
21251	-3.08253026
21252	NaN
21253	NaN
21254	NaN
21255	NaN
21256	NaN
21257	NaN
21258	NaN
21259	NaN
21260	NaN
21261	NaN
21262	NaN
21263	NaN
21264	NaN
21265	NaN
21266	NaN
21267	NaN
21268	NaN
21269	NaN
21270	NaN
21271	NaN
21272	NaN
21273	NaN
21274	NaN
21275	NaN
21276	NaN
21277	NaN
21278	NaN
21279	NaN
21280	NaN
21281	NaN
21282	NaN
21283	NaN
21284	NaN
21285	NaN
21286	NaN
21287	NaN
21288	NaN
21289	NaN
21290	NaN
21291	NaN
21292	NaN
21293	NaN
21294	NaN
21295	NaN
21296	NaN
21297	NaN
21298	NaN
21299	NaN
21300	NaN
21301	NaN
21302	NaN
21303	NaN
21304	NaN
21305	NaN
21306	NaN
21307	NaN
21308	NaN
21309	NaN
21310	NaN
21311	NaN
21312	NaN
21313	NaN
21314	4.64150429
21315	2.36039138
21316	1.75205755
21317	1.47055244
21318	1.30849385
21319	1.20331109
21320	1.12962806
21321	1.07520401
21322	1.03340673
21323	1.00033021
21324	0.97352576
21325	0.95137954
21326	0.93278497
21327	0.91695857
21328	0.90332824
21329	0.89146841
21330	0.88105494
21331	0.87183732
21332	0.86361808
21333	0.85623997
21334	0.84957641
21335	0.84352380
21336	0.83799684
21337	0.83292490
21338	0.82824826
21339	0.82391685
21340	0.81988811
21341	0.81612557
21342	0.81259769
21343	0.80927736
21344	0.80614096
21345	0.80316770
21346	0.80033970
21347	0.79764062
21348	0.79505628
21349	0.79257417
21350	0.79018295
21351	0.78787261
21352	0.78563416
21353	0.78345913
21354	0.78134036
21355	0.77927119
21356	0.77724552
21357	0.77525777
21358	0.77330285
21359	0.77137625
21360	0.76947361
21361	0.76759118
21362	0.76572508
21363	0.76387233
21364	0.76202971
21365	0.76019442
21366	0.75836402
21367	0.75653583
21368	0.75470775
21369	0.75287789
21370	0.75104415
21371	0.74920487
21372	0.74735844
21373	0.74550337
21374	0.74363822
21375	0.74176180
21376	0.73987299
21377	0.73797077
21378	0.73605406
21379	0.73412216
21380	0.73217422
21381	0.73020959
21382	0.72822767
21383	0.72622794
21384	0.72420990
21385	0.72217304
21386	0.72011721
21387	0.71804196
21388	0.71594715
21389	0.71383262
21390	0.71169811
21391	0.70954365
21392	0.70736915
21393	0.70517457
21394	0.70296007
21395	0.70072550
21396	0.69847119
21397	0.69619697
21398	0.69390327
21399	0.69159013
21400	0.68925774
21401	0.68690640
21402	0.68453634
21403	0.68214786
21404	0.67974114
21405	0.67731667
21406	0.67487478
21407	0.67241567
21408	0.66993999
21409	0.66744804
21410	0.66494024
21411	0.66241705
21412	0.65987903
21413	0.65732664
21414	0.65476042
21415	0.65218091
21416	0.64958864
21417	0.64698428
21418	0.64436829
21419	0.64174134
21420	0.63910407
21421	0.63645703
21422	0.63380086
21423	0.63113630
21424	0.62846375
21425	0.62578404
21426	0.62309772
21427	0.62040544
21428	0.61770779
21429	0.61500537
21430	0.61229885
21431	0.60958874
21432	0.60687566
21433	0.60416007
21434	0.60144264
21435	0.59872389
21436	0.59600431
21437	0.59328431
21438	0.59056449
21439	0.58784527
21440	0.58512706
21441	0.58241028
21442	0.57969540
21443	0.57698262
21444	0.57427257
21445	0.57156539
21446	0.56886142
21447	0.56616098
21448	0.56346440
21449	0.56077188
21450	0.55808377
21451	0.55540019
21452	0.55272144
21453	0.55004764
21454	0.54737902
21455	0.54471582
21456	0.54205811
21457	0.53940606
21458	0.53675979
21459	0.53411955
21460	0.53148532
21461	0.52885735
21462	0.52623558
21463	0.52362031
21464	0.52101147
21465	0.51840925
21466	0.51581365
21467	0.51322478
21468	0.51064271
21469	0.50806749
21470	0.50549918
21471	0.50293785
21472	0.50038356
21473	0.49783629
21474	0.49529615
21475	0.49276307
21476	0.49023721
21477	0.48771843
21478	0.48520684
21479	0.48270249
21480	0.48020530
21481	0.47771525
21482	0.47523236
21483	0.47275668
21484	0.47028810
21485	0.46782660
21486	0.46537217
21487	0.46292478
21488	0.46048439
21489	0.45805088
21490	0.45562431
21491	0.45320451
21492	0.45079151
21493	0.44838521
21494	0.44598556
21495	0.44359243
21496	0.44120574
21497	0.43882543
21498	0.43645146
21499	0.43408364
21500	0.43172187
21501	0.42936611
21502	0.42701614
21503	0.42467186
21504	0.42233318
21505	0.41999990
21506	0.41767183
21507	0.41534883
21508	0.41303068
21509	0.41071713
21510	0.40840799
21511	0.40610296
21512	0.40380183
21513	0.40150416
21514	0.39920971
21515	0.39691806
21516	0.39462879
21517	0.39234143
21518	0.39005557
21519	0.38777050
21520	0.38548568
21521	0.38320044
21522	0.38091400
21523	0.37862557
21524	0.37633434
21525	0.37403911
21526	0.37173903
21527	0.36943275
21528	0.36711910
21529	0.36479652
21530	0.36246356
21531	0.36011842
21532	0.35775927
21533	0.35538405
21534	0.35299042
21535	0.35057595
21536	0.34813786
21537	0.34567311
21538	0.34317854
21539	0.34065026
21540	0.33808434
21541	0.33547625
21542	0.33282116
21543	0.33011341
21544	0.32734698
21545	0.32451493
21546	0.32160971
21547	0.31862277
21548	0.31554458
21549	0.31236416
21550	0.30906951
21551	0.30564672
21552	0.30208021
21553	0.29835197
21554	0.29444170
21555	0.29032579
21556	0.28597724
21557	0.28136462
21558	0.27645147
21559	0.27119488
21560	0.26554453
21561	0.25944075
21562	0.25281256
21563	0.24557427
21564	0.23762226
21565	0.22882998
21566	0.21904093
21567	0.20805970
21568	0.19563904
21569	0.18146090
21570	0.16511098
21571	0.14603728
21572	0.12349045
21573	0.09642366
21574	0.06333277
21575	0.02197223
21576	-0.03116101
21577	-0.10185780
21578	-0.20042039
21579	-0.34712854
21580	-0.58816278
21581	-1.05639100
21582	-2.35450053
21583	NaN
21584	NaN
21585	NaN
21586	NaN
21587	NaN
21588	NaN
21589	NaN
21590	NaN
21591	NaN
21592	NaN
21593	NaN
21594	NaN
21595	NaN
21596	NaN
21597	NaN
21598	NaN
21599	NaN
21600	NaN
21601	NaN
21602	NaN
21603	NaN
21604	NaN
21605	NaN
21606	NaN
21607	NaN
21608	NaN
21609	NaN
21610	NaN
21611	NaN
21612	NaN
21613	NaN
21614	NaN
21615	NaN
21616	NaN
21617	NaN
21618	NaN
21619	NaN
21620	NaN
21621	NaN
21622	NaN
21623	NaN
21624	NaN
21625	NaN
21626	NaN
21627	NaN
21628	NaN
21629	NaN
21630	NaN
21631	NaN
21632	NaN
21633	NaN
21634	NaN
21635	NaN
21636	NaN
21637	NaN
21638	NaN
21639	NaN
21640	NaN
21641	NaN
21642	NaN
21643	NaN
21644	NaN
21645	NaN
21646	NaN
21647	15.66789532
21648	3.42690992
21649	2.19787931
21650	1.73197198
21651	1.48710096
21652	1.33629322
21653	1.23419273
21654	1.16055608
21655	1.10498750
21656	1.06159949
21657	1.02680743
21658	0.99830508
21659	0.97454053
21660	0.95443118
21661	0.93719965
21662	0.92227155
21663	0.90921509
21664	0.89769870
21665	0.88746303
21666	0.87830353
21667	0.87005520
21668	0.86258477
21669	0.85578275
21670	0.84955865
21671	0.84383678
21672	0.83855349
21673	0.83365488
21674	0.82909483
21675	0.82483393
21676	0.82083815
21677	0.81707758
21678	0.81352645
21679	0.81016213
21680	0.80696476
21681	0.80391675
21682	0.80100220
21683	0.79820722
21684	0.79551941
21685	0.79292762
21686	0.79042161
21687	0.78799236
21688	0.78563178
21689	0.78333223
21690	0.78108710
21691	0.77889025
21692	0.77673590
21693	0.77461898
21694	0.77253467
21695	0.77047879
21696	0.76844734
21697	0.76643652
21698	0.76444316
21699	0.76246411
21700	0.76049650
21701	0.75853777
21702	0.75658548
21703	0.75463754
21704	0.75269186
21705	0.75074649
21706	0.74879992
21707	0.74685043
21708	0.74489683
21709	0.74293756
21710	0.74097168
21711	0.73899800
21712	0.73701566
21713	0.73502374
21714	0.73302162
21715	0.73100853
21716	0.72898394
21717	0.72694725
21718	0.72489816
21719	0.72283620
21720	0.72076106
21721	0.71867251
21722	0.71657038
21723	0.71445435
21724	0.71232450
21725	0.71018064
21726	0.70802271
21727	0.70585072
21728	0.70366472
21729	0.70146459
21730	0.69925058
21731	0.69702262
21732	0.69478083
21733	0.69252533
21734	0.69025630
21735	0.68797386
21736	0.68567812
21737	0.68336922
21738	0.68104750
21739	0.67871308
21740	0.67636615
21741	0.67400706
21742	0.67163599
21743	0.66925317
21744	0.66685903
21745	0.66445374
21746	0.66203773
21747	0.65961128
21748	0.65717477
21749	0.65472865
21750	0.65227330
21751	0.64980906
21752	0.64733636
21753	0.64485574
21754	0.64236754
21755	0.63987231
21756	0.63737047
21757	0.63486254
21758	0.63234890
21759	0.62983012
21760	0.62730652
21761	0.62477881
21762	0.62224728
21763	0.61971235
21764	0.61717457
21765	0.61463434
21766	0.61209214
21767	0.60954821
21768	0.60700303
21769	0.60445702
21770	0.60191041
21771	0.59936363
21772	0.59681696
21773	0.59427065
21774	0.59172499
21775	0.58918029
21776	0.58663666
21777	0.58409441
21778	0.58155364
21779	0.57901454
21780	0.57647729
21781	0.57394195
21782	0.57140869
21783	0.56887758
21784	0.56634867
21785	0.56382203
21786	0.56129771
21787	0.55877572
21788	0.55625618
21789	0.55373895
21790	0.55122411
21791	0.54871166
21792	0.54620153
21793	0.54369372
21794	0.54118818
21795	0.53868490
21796	0.53618389
21797	0.53368497
21798	0.53118819
21799	0.52869356
21800	0.52620083
21801	0.52371013
21802	0.52122134
21803	0.51873457
21804	0.51624948
21805	0.51376623
21806	0.51128477
21807	0.50880492
21808	0.50632685
21809	0.50385040
21810	0.50137556
21811	0.49890226
21812	0.49643052
21813	0.49396035
21814	0.49149168
21815	0.48902446
21816	0.48655871
21817	0.48409441
21818	0.48163158
21819	0.47917023
21820	0.47671023
21821	0.47425166
21822	0.47179455
21823	0.46933889
21824	0.46688470
21825	0.46443197
21826	0.46198067
21827	0.45953092
21828	0.45708269
21829	0.45463598
21830	0.45219085
21831	0.44974735
21832	0.44730547
21833	0.44486535
21834	0.44242683
21835	0.43999016
21836	0.43755525
21837	0.43512219
21838	0.43269098
21839	0.43026164
21840	0.42783418
21841	0.42540860
21842	0.42298487
21843	0.42056304
21844	0.41814300
21845	0.41572466
21846	0.41330799
21847	0.41089284
21848	0.40847912
21849	0.40606657
21850	0.40365502
21851	0.40124416
21852	0.39883372
21853	0.39642331
21854	0.39401248
21855	0.39160082
21856	0.38918775
21857	0.38677260
21858	0.38435474
21859	0.38193336
21860	0.37950754
21861	0.37707636
21862	0.37463868
21863	0.37219328
21864	0.36973879
21865	0.36727372
21866	0.36479646
21867	0.36230516
21868	0.35979781
21869	0.35727212
21870	0.35472569
21871	0.35215569
21872	0.34955934
21873	0.34693307
21874	0.34427336
21875	0.34157604
21876	0.33883661
21877	0.33605006
21878	0.33321059
21879	0.33031207
21880	0.32734737
21881	0.32430875
21882	0.32118723
21883	0.31797281
21884	0.31465423
21885	0.31121862
21886	0.30765134
21887	0.30393580
21888	0.30005276
21889	0.29598027
21890	0.29169276
21891	0.28716084
21892	0.28235012
21893	0.27721998
21894	0.27172264
21895	0.26580155
21896	0.25938889
21897	0.25240296
21898	0.24474411
21899	0.23629065
21900	0.22689129
21901	0.21635605
21902	0.20444347
21903	0.19084144
21904	0.17514046
21905	0.15679128
21906	0.13504069
21907	0.10882759
21908	0.07660771
21909	0.03604242
21910	-0.01658624
21911	-0.08756569
21912	-0.18844138
21913	-0.34296349
21914	-0.60900807
21915	-1.17422283
21916	-3.18384480
21917	NaN
21918	NaN
21919	NaN
21920	NaN
21921	NaN
21922	NaN
21923	NaN
21924	NaN
21925	NaN
21926	NaN
21927	NaN
21928	NaN
21929	NaN
21930	NaN
21931	NaN
21932	NaN
21933	NaN
21934	NaN
21935	NaN
21936	NaN
21937	NaN
21938	NaN
21939	NaN
21940	NaN
21941	NaN
21942	NaN
21943	NaN
21944	NaN
21945	NaN
21946	NaN
21947	NaN
21948	NaN
21949	NaN
21950	NaN
21951	NaN
21952	NaN
21953	NaN
21954	NaN
21955	NaN
21956	NaN
21957	NaN
21958	NaN
21959	NaN
21960	NaN
21961	NaN
21962	NaN
21963	NaN
21964	NaN
21965	NaN
21966	NaN
21967	NaN
21968	NaN
21969	NaN
21970	NaN
21971	NaN
21972	NaN
21973	NaN
21974	NaN
21975	NaN
21976	NaN
21977	NaN
21978	NaN
21979	5.25691319
21980	2.53247309
21981	1.84006166
21982	1.52436078
21983	1.34401405
21984	1.22754812
21985	1.14627290
21986	1.08643186
21987	1.04060841
21988	1.00444746
21989	0.97522599
21990	0.95115250
21991	0.93100053
21992	0.91390204
21993	0.89922559
21994	0.88650084
21995	0.87537009
21996	0.86555624
21997	0.85684204
21998	0.84905416
21999	0.84205270
22000	0.83572394
22001	0.82997358
22002	0.82472390
22003	0.81990921
22004	0.81547457
22005	0.81137300
22006	0.80756432
22007	0.80401391
22008	0.80069208
22009	0.79757279
22010	0.79463345
22011	0.79185390
22012	0.78921670
22013	0.78670633
22014	0.78430891
22015	0.78201228
22016	0.77980530
22017	0.77767801
22018	0.77562159
22019	0.77362806
22020	0.77169013
22021	0.76980120
22022	0.76795524
22023	0.76614690
22024	0.76437092
22025	0.76262307
22026	0.76089889
22027	0.75919461
22028	0.75750673
22029	0.75583196
22030	0.75416714
22031	0.75250977
22032	0.75085700
22033	0.74920660
22034	0.74755615
22035	0.74590391
22036	0.74424779
22037	0.74258602
22038	0.74091703
22039	0.73923934
22040	0.73755145
22041	0.73585218
22042	0.73414022
22043	0.73241454
22044	0.73067433
22045	0.72891831
22046	0.72714591
22047	0.72535622
22048	0.72354865
22049	0.72172260
22050	0.71987742
22051	0.71801263
22052	0.71612775
22053	0.71422249
22054	0.71229649
22055	0.71034932
22056	0.70838094
22057	0.70639092
22058	0.70437926
22059	0.70234579
22060	0.70029026
22061	0.69821286
22062	0.69611329
22063	0.69399184
22064	0.69184822
22065	0.68968272
22066	0.68749523
22067	0.68528599
22068	0.68305516
22069	0.68080282
22070	0.67852914
22071	0.67623442
22072	0.67391884
22073	0.67158276
22074	0.66922647
22075	0.66685033
22076	0.66445458
22077	0.66203976
22078	0.65960634
22079	0.65715468
22080	0.65468526
22081	0.65219867
22082	0.64969546
22083	0.64717615
22084	0.64464134
22085	0.64209175
22086	0.63952786
22087	0.63695043
22088	0.63436013
22089	0.63175756
22090	0.62914354
22091	0.62651861
22092	0.62388361
22093	0.62123913
22094	0.61858588
22095	0.61592460
22096	0.61325592
22097	0.61058050
22098	0.60789907
22099	0.60521215
22100	0.60252047
22101	0.59982449
22102	0.59712499
22103	0.59442240
22104	0.59171730
22105	0.58901018
22106	0.58630157
22107	0.58359194
22108	0.58088171
22109	0.57817131
22110	0.57546121
22111	0.57275170
22112	0.57004315
22113	0.56733596
22114	0.56463039
22115	0.56192678
22116	0.55922544
22117	0.55652648
22118	0.55383027
22119	0.55113697
22120	0.54844689
22121	0.54576010
22122	0.54307693
22123	0.54039747
22124	0.53772193
22125	0.53505039
22126	0.53238308
22127	0.52972013
22128	0.52706170
22129	0.52440792
22130	0.52175891
22131	0.51911479
22132	0.51647568
22133	0.51384175
22134	0.51121312
22135	0.50858986
22136	0.50597221
22137	0.50336009
22138	0.50075382
22139	0.49815330
22140	0.49555877
22141	0.49297035
22142	0.49038801
22143	0.48781195
22144	0.48524225
22145	0.48267892
22146	0.48012209
22147	0.47757179
22148	0.47502810
22149	0.47249103
22150	0.46996069
22151	0.46743715
22152	0.46492031
22153	0.46241027
22154	0.45990708
22155	0.45741072
22156	0.45492122
22157	0.45243856
22158	0.44996271
22159	0.44749373
22160	0.44503155
22161	0.44257623
22162	0.44012767
22163	0.43768588
22164	0.43525088
22165	0.43282261
22166	0.43040109
22167	0.42798626
22168	0.42557806
22169	0.42317656
22170	0.42078158
22171	0.41839325
22172	0.41601157
22173	0.41363633
22174	0.41126758
22175	0.40890530
22176	0.40654936
22177	0.40419981
22178	0.40185642
22179	0.39951921
22180	0.39718801
22181	0.39486274
22182	0.39254320
22183	0.39022914
22184	0.38792041
22185	0.38561666
22186	0.38331765
22187	0.38102293
22188	0.37873214
22189	0.37644470
22190	0.37416002
22191	0.37187752
22192	0.36959639
22193	0.36731565
22194	0.36503440
22195	0.36275145
22196	0.36046556
22197	0.35817519
22198	0.35587874
22199	0.35357428
22200	0.35125983
22201	0.34893289
22202	0.34659085
22203	0.34423077
22204	0.34184915
22205	0.33944222
22206	0.33700567
22207	0.33453479
22208	0.33202401
22209	0.32946718
22210	0.32685724
22211	0.32418644
22212	0.32144555
22213	0.31862435
22214	0.31571102
22215	0.31269220
22216	0.30955237
22217	0.30627340
22218	0.30283460
22219	0.29921177
22220	0.29537648
22221	0.29129538
22222	0.28692901
22223	0.28223071
22224	0.27714393
22225	0.27160084
22226	0.26551893
22227	0.25879636
22228	0.25130689
22229	0.24289159
22230	0.23334846
22231	0.22241607
22232	0.20975001
22233	0.19488853
22234	0.17719737
22235	0.15578076
22236	0.12933199
22237	0.09586654
22238	0.05222071
22239	-0.00697939
22240	-0.09165806
22241	-0.22239752
22242	-0.44998857
22243	-0.94298893
22244	-2.79985929
22245	NaN
22246	NaN
22247	NaN
22248	NaN
22249	NaN
22250	NaN
22251	NaN
22252	NaN
22253	NaN
22254	NaN
22255	NaN
22256	NaN
22257	NaN
22258	NaN
22259	NaN
22260	NaN
22261	NaN
22262	NaN
22263	NaN
22264	NaN
22265	NaN
22266	NaN
22267	NaN
22268	NaN
22269	NaN
22270	NaN
22271	NaN
22272	NaN
22273	NaN
22274	NaN
22275	NaN
22276	NaN
22277	NaN
22278	NaN
22279	NaN
22280	NaN
22281	NaN
22282	NaN
22283	NaN
22284	NaN
22285	NaN
22286	NaN
22287	NaN
22288	NaN
22289	NaN
22290	NaN
22291	NaN
22292	NaN
22293	NaN
22294	NaN
22295	NaN
22296	NaN
22297	NaN
22298	NaN
22299	NaN
22300	NaN
22301	NaN
22302	NaN
22303	NaN
22304	NaN
22305	NaN
22306	NaN
22307	NaN
22308	NaN
22309	NaN
22310	6.25961733
22311	2.52947068
22312	1.79245961
22313	1.47810638
22314	1.30419064
22315	1.19399071
22316	1.11804795
22317	1.06262970
22318	1.02046919
22319	0.98736364
22320	0.96070993
22321	0.93881291
22322	0.92051947
22323	0.90501875
22324	0.89172369
22325	0.88019812
22326	0.87011307
22327	0.86121404
22328	0.85330188
22329	0.84621829
22330	0.83983600
22331	0.83405155
22332	0.82877982
22333	0.82395041
22334	0.81950444
22335	0.81539196
22336	0.81157100
22337	0.80800545
22338	0.80466467
22339	0.80152184
22340	0.79855376
22341	0.79574025
22342	0.79306370
22343	0.79050839
22344	0.78806067
22345	0.78570825
22346	0.78344029
22347	0.78124696
22348	0.77911973
22349	0.77705085
22350	0.77503294
22351	0.77305984
22352	0.77112561
22353	0.76922512
22354	0.76735359
22355	0.76550657
22356	0.76368004
22357	0.76187038
22358	0.76007444
22359	0.75828892
22360	0.75651103
22361	0.75473821
22362	0.75296807
22363	0.75119841
22364	0.74942720
22365	0.74765265
22366	0.74587297
22367	0.74408662
22368	0.74229228
22369	0.74048859
22370	0.73867434
22371	0.73684847
22372	0.73500997
22373	0.73315805
22374	0.73129183
22375	0.72941083
22376	0.72751409
22377	0.72560132
22378	0.72367197
22379	0.72172558
22380	0.71976191
22381	0.71778059
22382	0.71578145
22383	0.71376419
22384	0.71172875
22385	0.70967513
22386	0.70760310
22387	0.70551270
22388	0.70340395
22389	0.70127690
22390	0.69913143
22391	0.69696796
22392	0.69478625
22393	0.69258672
22394	0.69036937
22395	0.68813431
22396	0.68588191
22397	0.68361217
22398	0.68132550
22399	0.67902201
22400	0.67670190
22401	0.67436558
22402	0.67201328
22403	0.66964525
22404	0.66726184
22405	0.66486341
22406	0.66245019
22407	0.66002274
22408	0.65758121
22409	0.65512621
22410	0.65265799
22411	0.65017706
22412	0.64768386
22413	0.64517885
22414	0.64266247
22415	0.64013523
22416	0.63759756
22417	0.63505012
22418	0.63249332
22419	0.62992764
22420	0.62735367
22421	0.62477195
22422	0.62218302
22423	0.61958742
22424	0.61698562
22425	0.61437821
22426	0.61176580
22427	0.60914874
22428	0.60652775
22429	0.60390317
22430	0.60127568
22431	0.59864557
22432	0.59601349
22433	0.59337986
22434	0.59074521
22435	0.58810985
22436	0.58547431
22437	0.58283901
22438	0.58020431
22439	0.57757062
22440	0.57493830
22441	0.57230771
22442	0.56967926
22443	0.56705320
22444	0.56442988
22445	0.56180954
22446	0.55919260
22447	0.55657917
22448	0.55396956
22449	0.55136412
22450	0.54876292
22451	0.54616624
22452	0.54357439
22453	0.54098743
22454	0.53840566
22455	0.53582919
22456	0.53325820
22457	0.53069288
22458	0.52813339
22459	0.52557987
22460	0.52303249
22461	0.52049136
22462	0.51795673
22463	0.51542860
22464	0.51290715
22465	0.51039249
22466	0.50788474
22467	0.50538415
22468	0.50289059
22469	0.50040442
22470	0.49792558
22471	0.49545431
22472	0.49299061
22473	0.49053463
22474	0.48808649
22475	0.48564622
22476	0.48321399
22477	0.48078984
22478	0.47837386
22479	0.47596616
22480	0.47356677
22481	0.47117582
22482	0.46879336
22483	0.46641940
22484	0.46405405
22485	0.46169737
22486	0.45934939
22487	0.45701015
22488	0.45467973
22489	0.45235810
22490	0.45004532
22491	0.44774142
22492	0.44544634
22493	0.44316018
22494	0.44088283
22495	0.43861434
22496	0.43635473
22497	0.43410382
22498	0.43186158
22499	0.42962804
22500	0.42740294
22501	0.42518637
22502	0.42297795
22503	0.42077771
22504	0.41858539
22505	0.41640082
22506	0.41422361
22507	0.41205361
22508	0.40989044
22509	0.40773374
22510	0.40558299
22511	0.40343788
22512	0.40129775
22513	0.39916193
22514	0.39702988
22515	0.39490077
22516	0.39277375
22517	0.39064780
22518	0.38852203
22519	0.38639513
22520	0.38426587
22521	0.38213280
22522	0.37999430
22523	0.37784865
22524	0.37569383
22525	0.37352771
22526	0.37134799
22527	0.36915192
22528	0.36693659
22529	0.36469880
22530	0.36243507
22531	0.36014131
22532	0.35781306
22533	0.35544553
22534	0.35303327
22535	0.35057026
22536	0.34804961
22537	0.34546381
22538	0.34280440
22539	0.34006184
22540	0.33722538
22541	0.33428282
22542	0.33122048
22543	0.32802272
22544	0.32467154
22545	0.32114667
22546	0.31742448
22547	0.31347778
22548	0.30927512
22549	0.30477962
22550	0.29994813
22551	0.29472938
22552	0.28906286
22553	0.28287569
22554	0.27608034
22555	0.26856956
22556	0.26021174
22557	0.25084278
22558	0.24025640
22559	0.22818813
22560	0.21429570
22561	0.19812521
22562	0.17906465
22563	0.15626620
22564	0.12852311
22565	0.09405363
22566	0.05011665
22567	-0.00773838
22568	-0.08724605
22569	-0.20314756
22570	-0.38743430
22571	-0.72504491
22572	-1.54064691
22573	-6.27241468
22574	NaN
22575	NaN
22576	NaN
22577	NaN
22578	NaN
22579	NaN
22580	NaN
22581	NaN
22582	NaN
22583	NaN
22584	NaN
22585	NaN
22586	NaN
22587	NaN
22588	NaN
22589	NaN
22590	NaN
22591	NaN
22592	NaN
22593	NaN
22594	NaN
22595	NaN
22596	NaN
22597	NaN
22598	NaN
22599	NaN
22600	NaN
22601	NaN
22602	NaN
22603	NaN
22604	NaN
22605	NaN
22606	NaN
22607	NaN
22608	NaN
22609	NaN
22610	NaN
22611	NaN
22612	NaN
22613	NaN
22614	NaN
22615	NaN
22616	NaN
22617	NaN
22618	NaN
22619	NaN
22620	NaN
22621	NaN
22622	NaN
22623	NaN
22624	NaN
22625	NaN
22626	NaN
22627	NaN
22628	NaN
22629	NaN
22630	NaN
22631	NaN
22632	NaN
22633	NaN
22634	NaN
22635	NaN
22636	4.21392679
22637	2.35625863
22638	1.78181624
22639	1.50261569
22640	1.33774626
22641	1.22902715
22642	1.15201902
22643	1.09466326
22644	1.05032229
22645	1.01504111
22646	0.98631686
22647	0.96248847
22648	0.94240952
22649	0.92526346
22650	0.91045350
22651	0.89753282
22652	0.88616019
22653	0.87607062
22654	0.86705577
22655	0.85894835
22656	0.85161394
22657	0.84494203
22658	0.83884180
22659	0.83323705
22660	0.82806462
22661	0.82327050
22662	0.81880909
22663	0.81464106
22664	0.81073248
22665	0.80705404
22666	0.80358034
22667	0.80028898
22668	0.79716045
22669	0.79417711
22670	0.79132384
22671	0.78858680
22672	0.78595394
22673	0.78341424
22674	0.78095782
22675	0.77857596
22676	0.77626050
22677	0.77400434
22678	0.77180076
22679	0.76964378
22680	0.76752782
22681	0.76544803
22682	0.76339972
22683	0.76137877
22684	0.75938118
22685	0.75740343
22686	0.75544226
22687	0.75349456
22688	0.75155759
22689	0.74962866
22690	0.74770546
22691	0.74578565
22692	0.74386728
22693	0.74194854
22694	0.74002743
22695	0.73810256
22696	0.73617232
22697	0.73423547
22698	0.73229039
22699	0.73033625
22700	0.72837192
22701	0.72639644
22702	0.72440881
22703	0.72240835
22704	0.72039419
22705	0.71836579
22706	0.71632260
22707	0.71426404
22708	0.71218961
22709	0.71009892
22710	0.70799166
22711	0.70586753
22712	0.70372623
22713	0.70156771
22714	0.69939166
22715	0.69719797
22716	0.69498664
22717	0.69275761
22718	0.69051081
22719	0.68824631
22720	0.68596423
22721	0.68366456
22722	0.68134755
22723	0.67901325
22724	0.67666185
22725	0.67429370
22726	0.67190880
22727	0.66950762
22728	0.66709042
22729	0.66465753
22730	0.66220927
22731	0.65974611
22732	0.65726835
22733	0.65477651
22734	0.65227097
22735	0.64975232
22736	0.64722097
22737	0.64467758
22738	0.64212251
22739	0.63955635
22740	0.63697976
22741	0.63439333
22742	0.63179761
22743	0.62919313
22744	0.62658054
22745	0.62396055
22746	0.62133360
22747	0.61870039
22748	0.61606151
22749	0.61341757
22750	0.61076915
22751	0.60811675
22752	0.60546100
22753	0.60280252
22754	0.60014164
22755	0.59747905
22756	0.59481525
22757	0.59215057
22758	0.58948565
22759	0.58682084
22760	0.58415663
22761	0.58149338
22762	0.57883155
22763	0.57617128
22764	0.57351321
22765	0.57085747
22766	0.56820446
22767	0.56555438
22768	0.56290752
22769	0.56026423
22770	0.55762452
22771	0.55498880
22772	0.55235720
22773	0.54972988
22774	0.54710698
22775	0.54448873
22776	0.54187524
22777	0.53926653
22778	0.53666282
22779	0.53406411
22780	0.53147066
22781	0.52888238
22782	0.52629942
22783	0.52372181
22784	0.52114958
22785	0.51858288
22786	0.51602167
22787	0.51346600
22788	0.51091588
22789	0.50837123
22790	0.50583231
22791	0.50329894
22792	0.50077111
22793	0.49824885
22794	0.49573216
22795	0.49322093
22796	0.49071521
22797	0.48821497
22798	0.48572004
22799	0.48323044
22800	0.48074606
22801	0.47826687
22802	0.47579274
22803	0.47332361
22804	0.47085932
22805	0.46839976
22806	0.46594489
22807	0.46349451
22808	0.46104848
22809	0.45860669
22810	0.45616904
22811	0.45373526
22812	0.45130527
22813	0.44887885
22814	0.44645593
22815	0.44403625
22816	0.44161960
22817	0.43920591
22818	0.43679491
22819	0.43438643
22820	0.43198022
22821	0.42957619
22822	0.42717394
22823	0.42477340
22824	0.42237428
22825	0.41997629
22826	0.41757920
22827	0.41518280
22828	0.41278666
22829	0.41039053
22830	0.40799406
22831	0.40559691
22832	0.40319860
22833	0.40079880
22834	0.39839688
22835	0.39599252
22836	0.39358497
22837	0.39117366
22838	0.38875797
22839	0.38633710
22840	0.38391018
22841	0.38147634
22842	0.37903455
22843	0.37658367
22844	0.37412256
22845	0.37164983
22846	0.36916393
22847	0.36666334
22848	0.36414617
22849	0.36161044
22850	0.35905403
22851	0.35647440
22852	0.35386899
22853	0.35123488
22854	0.34856877
22855	0.34586713
22856	0.34312609
22857	0.34034118
22858	0.33750775
22859	0.33462039
22860	0.33167326
22861	0.32865980
22862	0.32557276
22863	0.32240415
22864	0.31914487
22865	0.31578508
22866	0.31231329
22867	0.30871701
22868	0.30498192
22869	0.30109206
22870	0.29702926
22871	0.29277292
22872	0.28829941
22873	0.28358191
22874	0.27858937
22875	0.27328619
22876	0.26763073
22877	0.26157483
22878	0.25506160
22879	0.24802418
22880	0.24038289
22881	0.23204237
22882	0.22288735
22883	0.21277772
22884	0.20154044
22885	0.18896037
22886	0.17476560
22887	0.15860912
22888	0.14003913
22889	0.11845778
22890	0.09305497
22891	0.06270807
22892	0.02581134
22893	-0.02001119
22894	-0.07843582
22895	-0.15546268
22896	-0.26160789
22897	-0.41712481
22898	-0.66668749
22899	-1.13205636
22900	-2.30459738
22901	-10.86096668
22902	NaN
22903	NaN
22904	NaN
22905	NaN
22906	NaN
22907	NaN
22908	NaN
22909	NaN
22910	NaN
22911	NaN
22912	NaN
22913	NaN
22914	NaN
22915	NaN
22916	NaN
22917	NaN
22918	NaN
22919	NaN
22920	NaN
22921	NaN
22922	NaN
22923	NaN
22924	NaN
22925	NaN
22926	NaN
22927	NaN
22928	NaN
22929	NaN
22930	NaN
22931	NaN
22932	NaN
22933	NaN
22934	NaN
22935	NaN
22936	NaN
22937	NaN
22938	NaN
22939	NaN
22940	NaN
22941	NaN
22942	NaN
22943	NaN
22944	NaN
22945	NaN
22946	NaN
22947	NaN
22948	NaN
22949	NaN
22950	NaN
22951	NaN
22952	NaN
22953	NaN
22954	NaN
22955	NaN
22956	NaN
22957	18.27882576
22958	3.73888826
22959	2.35757351
22960	1.83741963
22961	1.56478059
22962	1.39712918
22963	1.28374302
22964	1.20203435
22965	1.14042330
22966	1.09235620
22967	1.05384839
22968	1.02233553
22969	0.99609268
22970	0.97391760
22971	0.95494628
22972	0.93854088
22973	0.92422223
22974	0.91162062
22975	0.90044874
22976	0.89047855
22977	0.88152695
22978	0.87344557
22979	0.86611223
22980	0.85942614
22981	0.85330278
22982	0.84767145
22983	0.84247160
22984	0.83765191
22985	0.83316833
22986	0.82898247
22987	0.82506138
22988	0.82137614
22989	0.81790113
22990	0.81461406
22991	0.81149518
22992	0.80852699
22993	0.80569357
22994	0.80298114
22995	0.80037707
22996	0.79786998
22997	0.79544979
22998	0.79310703
22999	0.79083353
23000	0.78862154
23001	0.78646415
23002	0.78435498
23003	0.78228813
23004	0.78025842
23005	0.77826077
23006	0.77629083
23007	0.77434444
23008	0.77241766
23009	0.77050716
23010	0.76860952
23011	0.76672196
23012	0.76484168
23013	0.76296604
23014	0.76109278
23015	0.75921977
23016	0.75734490
23017	0.75546670
23018	0.75358307
23019	0.75169289
23020	0.74979460
23021	0.74788702
23022	0.74596906
23023	0.74403954
23024	0.74209774
23025	0.74014270
23026	0.73817390
23027	0.73619062
23028	0.73419225
23029	0.73217839
23030	0.73014873
23031	0.72810274
23032	0.72604042
23033	0.72396129
23034	0.72186530
23035	0.71975237
23036	0.71762246
23037	0.71547556
23038	0.71331155
23039	0.71113056
23040	0.70893270
23041	0.70671797
23042	0.70448661
23043	0.70223868
23044	0.69997454
23045	0.69769424
23046	0.69539797
23047	0.69308615
23048	0.69075888
23049	0.68841660
23050	0.68605947
23051	0.68368787
23052	0.68130219
23053	0.67890280
23054	0.67649007
23055	0.67406428
23056	0.67162603
23057	0.66917568
23058	0.66671371
23059	0.66424054
23060	0.66175669
23061	0.65926266
23062	0.65675890
23063	0.65424597
23064	0.65172446
23065	0.64919484
23066	0.64665759
23067	0.64411324
23068	0.64156234
23069	0.63900548
23070	0.63644320
23071	0.63387585
23072	0.63130403
23073	0.62872827
23074	0.62614900
23075	0.62356669
23076	0.62098175
23077	0.61839467
23078	0.61580575
23079	0.61321557
23080	0.61062437
23081	0.60803252
23082	0.60544032
23083	0.60284811
23084	0.60025615
23085	0.59766483
23086	0.59507424
23087	0.59248471
23088	0.58989638
23089	0.58730948
23090	0.58472425
23091	0.58214062
23092	0.57955897
23093	0.57697934
23094	0.57440186
23095	0.57182652
23096	0.56925362
23097	0.56668305
23098	0.56411499
23099	0.56154943
23100	0.55898649
23101	0.55642611
23102	0.55386847
23103	0.55131352
23104	0.54876125
23105	0.54621184
23106	0.54366517
23107	0.54112130
23108	0.53858024
23109	0.53604209
23110	0.53350675
23111	0.53097433
23112	0.52844471
23113	0.52591801
23114	0.52339423
23115	0.52087337
23116	0.51835537
23117	0.51584035
23118	0.51332819
23119	0.51081902
23120	0.50831270
23121	0.50580931
23122	0.50330889
23123	0.50081128
23124	0.49831662
23125	0.49582487
23126	0.49333596
23127	0.49084997
23128	0.48836684
23129	0.48588657
23130	0.48340923
23131	0.48093462
23132	0.47846293
23133	0.47599408
23134	0.47352806
23135	0.47106495
23136	0.46860465
23137	0.46614724
23138	0.46369272
23139	0.46124113
23140	0.45879248
23141	0.45634675
23142	0.45390406
23143	0.45146433
23144	0.44902766
23145	0.44659412
23146	0.44416368
23147	0.44173634
23148	0.43931225
23149	0.43689132
23150	0.43447360
23151	0.43205908
23152	0.42964771
23153	0.42723954
23154	0.42483446
23155	0.42243245
23156	0.42003331
23157	0.41763708
23158	0.41524345
23159	0.41285223
23160	0.41046318
23161	0.40807611
23162	0.40569055
23163	0.40330610
23164	0.40092236
23165	0.39853868
23166	0.39615446
23167	0.39376900
23168	0.39138150
23169	0.38899103
23170	0.38659653
23171	0.38419682
23172	0.38179064
23173	0.37937656
23174	0.37695301
23175	0.37451807
23176	0.37206995
23177	0.36960635
23178	0.36712483
23179	0.36462280
23180	0.36209723
23181	0.35954475
23182	0.35696191
23183	0.35434455
23184	0.35168839
23185	0.34898821
23186	0.34623873
23187	0.34343371
23188	0.34056649
23189	0.33762941
23190	0.33461386
23191	0.33151037
23192	0.32830817
23193	0.32499519
23194	0.32155791
23195	0.31798059
23196	0.31424582
23197	0.31033325
23198	0.30621985
23199	0.30187902
23200	0.29728001
23201	0.29238695
23202	0.28715810
23203	0.28154427
23204	0.27548733
23205	0.26891795
23206	0.26175326
23207	0.25389242
23208	0.24521284
23209	0.23556253
23210	0.22475258
23211	0.21254356
23212	0.19862887
23213	0.18260777
23214	0.16394907
23215	0.14192934
23216	0.11554251
23217	0.08334187
23218	0.04317419
23219	-0.00831874
23220	-0.07667027
23221	-0.17170204
23222	-0.31266585
23223	-0.54315269
23224	-0.98731315
23225	-2.19588399
23226	NaN
23227	NaN
23228	NaN
23229	NaN
23230	NaN
23231	NaN
23232	NaN
23233	NaN
23234	NaN
23235	NaN
23236	NaN
23237	NaN
23238	NaN
23239	NaN
23240	NaN
23241	NaN
23242	NaN
23243	NaN
23244	NaN
23245	NaN
23246	NaN
23247	NaN
23248	NaN
23249	NaN
23250	NaN
23251	NaN
23252	NaN
23253	NaN
23254	NaN
23255	NaN
23256	NaN
23257	NaN
23258	NaN
23259	NaN
23260	NaN
23261	NaN
23262	NaN
23263	NaN
23264	NaN
23265	NaN
23266	NaN
23267	NaN
23268	NaN
23269	NaN
23270	NaN
23271	NaN
23272	NaN
23273	NaN
23274	NaN
23275	NaN
23276	NaN
23277	NaN
23278	NaN
23279	NaN
23280	NaN
23281	NaN
23282	NaN
23283	3.86374879
23284	2.28613377
23285	1.75529921
23286	1.48932028
23287	1.32978606
23288	1.22360504
23289	1.14795554
23290	1.09140170
23291	1.04758096
23292	1.01267111
23293	0.98423749
23294	0.96065569
23295	0.94080061
23296	0.92386758
23297	0.90926713
23298	0.89655524
23299	0.88539374
23300	0.87551844
23301	0.86672133
23302	0.85883576
23303	0.85172653
23304	0.84528291
23305	0.83941388
23306	0.83404315
23307	0.82910693
23308	0.82455069
23309	0.82032847
23310	0.81640071
23311	0.81273311
23312	0.80929625
23313	0.80606401
23314	0.80301398
23315	0.80012619
23316	0.79738307
23317	0.79476917
23318	0.79227036
23319	0.78987449
23320	0.78757036
23321	0.78534794
23322	0.78319836
23323	0.78111339
23324	0.77908558
23325	0.77710831
23326	0.77517539
23327	0.77328134
23328	0.77142096
23329	0.76958942
23330	0.76778269
23331	0.76599658
23332	0.76422763
23333	0.76247227
23334	0.76072752
23335	0.75899047
23336	0.75725836
23337	0.75552881
23338	0.75379944
23339	0.75206822
23340	0.75033307
23341	0.74859244
23342	0.74684423
23343	0.74508715
23344	0.74331987
23345	0.74154085
23346	0.73974890
23347	0.73794305
23348	0.73612213
23349	0.73428535
23350	0.73243165
23351	0.73056066
23352	0.72867137
23353	0.72676331
23354	0.72483581
23355	0.72288871
23356	0.72092140
23357	0.71893352
23358	0.71692485
23359	0.71489519
23360	0.71284437
23361	0.71077222
23362	0.70867866
23363	0.70656359
23364	0.70442724
23365	0.70226943
23366	0.70009041
23367	0.69789016
23368	0.69566894
23369	0.69342697
23370	0.69116426
23371	0.68888134
23372	0.68657827
23373	0.68425560
23374	0.68191338
23375	0.67955220
23376	0.67717248
23377	0.67477447
23378	0.67235869
23379	0.66992575
23380	0.66747594
23381	0.66500998
23382	0.66252822
23383	0.66003138
23384	0.65752000
23385	0.65499473
23386	0.65245610
23387	0.64990485
23388	0.64734149
23389	0.64476681
23390	0.64218134
23391	0.63958585
23392	0.63698101
23393	0.63436747
23394	0.63174587
23395	0.62911689
23396	0.62648124
23397	0.62383944
23398	0.62119222
23399	0.61854023
23400	0.61588407
23401	0.61322421
23402	0.61056137
23403	0.60789609
23404	0.60522884
23405	0.60256022
23406	0.59989071
23407	0.59722078
23408	0.59455091
23409	0.59188151
23410	0.58921301
23411	0.58654583
23412	0.58388036
23413	0.58121687
23414	0.57855582
23415	0.57589751
23416	0.57324225
23417	0.57059026
23418	0.56794178
23419	0.56529725
23420	0.56265676
23421	0.56002051
23422	0.55738878
23423	0.55476171
23424	0.55213958
23425	0.54952246
23426	0.54691046
23427	0.54430389
23428	0.54170275
23429	0.53910720
23430	0.53651738
23431	0.53393340
23432	0.53135526
23433	0.52878326
23434	0.52621728
23435	0.52365750
23436	0.52110404
23437	0.51855683
23438	0.51601607
23439	0.51348180
23440	0.51095402
23441	0.50843275
23442	0.50591815
23443	0.50341016
23444	0.50090891
23445	0.49841437
23446	0.49592653
23447	0.49344555
23448	0.49097133
23449	0.48850402
23450	0.48604351
23451	0.48358989
23452	0.48114315
23453	0.47870332
23454	0.47627041
23455	0.47384444
23456	0.47142547
23457	0.46901345
23458	0.46660843
23459	0.46421045
23460	0.46181947
23461	0.45943561
23462	0.45705882
23463	0.45468920
23464	0.45232677
23465	0.44997153
23466	0.44762361
23467	0.44528303
23468	0.44294986
23469	0.44062415
23470	0.43830594
23471	0.43599537
23472	0.43369249
23473	0.43139738
23474	0.42911014
23475	0.42683080
23476	0.42455947
23477	0.42229626
23478	0.42004117
23479	0.41779435
23480	0.41555575
23481	0.41332549
23482	0.41110349
23483	0.40888989
23484	0.40668452
23485	0.40448746
23486	0.40229848
23487	0.40011758
23488	0.39794451
23489	0.39577913
23490	0.39362103
23491	0.39147002
23492	0.38932559
23493	0.38718733
23494	0.38505456
23495	0.38292664
23496	0.38080281
23497	0.37868211
23498	0.37656358
23499	0.37444597
23500	0.37232789
23501	0.37020776
23502	0.36808392
23503	0.36595428
23504	0.36381656
23505	0.36166826
23506	0.35950643
23507	0.35732779
23508	0.35512868
23509	0.35290483
23510	0.35065168
23511	0.34836379
23512	0.34603500
23513	0.34365854
23514	0.34122652
23515	0.33873001
23516	0.33615872
23517	0.33350095
23518	0.33074346
23519	0.32787049
23520	0.32486412
23521	0.32170340
23522	0.31836408
23523	0.31481758
23524	0.31102982
23525	0.30696094
23526	0.30256304
23527	0.29777855
23528	0.29253757
23529	0.28675440
23530	0.28032339
23531	0.27311260
23532	0.26495415
23533	0.25563377
23534	0.24487072
23535	0.23229232
23536	0.21739118
23537	0.19946104
23538	0.17748716
23539	0.14995690
23540	0.11451311
23541	0.06727012
23542	0.00133450
23543	-0.09680552
23544	-0.25772873
23545	-0.56846035
23546	-1.41437471
23547	NaN
23548	NaN
23549	NaN
23550	NaN
23551	NaN
23552	NaN
23553	NaN
23554	NaN
23555	NaN
23556	NaN
23557	NaN
23558	NaN
23559	NaN
23560	NaN
23561	NaN
23562	NaN
23563	NaN
23564	NaN
23565	NaN
23566	NaN
23567	NaN
23568	NaN
23569	NaN
23570	NaN
23571	NaN
23572	NaN
23573	NaN
23574	NaN
23575	NaN
23576	NaN
23577	NaN
23578	NaN
23579	NaN
23580	NaN
23581	NaN
23582	NaN
23583	NaN
23584	NaN
23585	NaN
23586	NaN
23587	NaN
23588	NaN
23589	NaN
23590	NaN
23591	NaN
23592	NaN
23593	NaN
23594	NaN
23595	NaN
23596	NaN
23597	NaN
23598	NaN
23599	NaN
23600	NaN
23601	NaN
23602	NaN
23603	NaN
23604	NaN
23605	NaN
23606	NaN
23607	NaN
23608	NaN
23609	NaN
23610	NaN
23611	NaN
23612	NaN
23613	NaN
23614	4.35082054
23615	2.28595996
23616	1.71519291
23617	1.44818008
23618	1.29367280
23619	1.19311047
23620	1.12255132
23621	1.07038832
23622	1.03030849
23623	0.99858683
23624	0.97288156
23625	0.95164794
23626	0.93382519
23627	0.91866046
23628	0.90560520
23629	0.89425033
23630	0.88428426
23631	0.87546611
23632	0.86760557
23633	0.86055171
23634	0.85418248
23635	0.84839839
23636	0.84311736
23637	0.83827114
23638	0.83380270
23639	0.82966387
23640	0.82581371
23641	0.82221699
23642	0.81884360
23643	0.81566751
23644	0.81266594
23645	0.80981898
23646	0.80710942
23647	0.80452156
23648	0.80204195
23649	0.79965854
23650	0.79736036
23651	0.79513794
23652	0.79298240
23653	0.79088598
23654	0.78884161
23655	0.78684282
23656	0.78488386
23657	0.78295928
23658	0.78106451
23659	0.77919477
23660	0.77734631
23661	0.77551532
23662	0.77369833
23663	0.77189219
23664	0.77009416
23665	0.76830155
23666	0.76651198
23667	0.76472306
23668	0.76293284
23669	0.76113939
23670	0.75934112
23671	0.75753623
23672	0.75572342
23673	0.75390136
23674	0.75206882
23675	0.75022483
23676	0.74836826
23677	0.74649835
23678	0.74461430
23679	0.74271548
23680	0.74080127
23681	0.73887110
23682	0.73692459
23683	0.73496139
23684	0.73298109
23685	0.73098356
23686	0.72896850
23687	0.72693580
23688	0.72488546
23689	0.72281730
23690	0.72073144
23691	0.71862775
23692	0.71650642
23693	0.71436751
23694	0.71221107
23695	0.71003729
23696	0.70784628
23697	0.70563823
23698	0.70341337
23699	0.70117193
23700	0.69891405
23701	0.69664001
23702	0.69435006
23703	0.69204444
23704	0.68972343
23705	0.68738735
23706	0.68503648
23707	0.68267113
23708	0.68029165
23709	0.67789841
23710	0.67549169
23711	0.67307192
23712	0.67063940
23713	0.66819459
23714	0.66573799
23715	0.66326988
23716	0.66079080
23717	0.65830123
23718	0.65580153
23719	0.65329230
23720	0.65077394
23721	0.64824694
23722	0.64571184
23723	0.64316922
23724	0.64061952
23725	0.63806325
23726	0.63550097
23727	0.63293314
23728	0.63036036
23729	0.62778312
23730	0.62520188
23731	0.62261724
23732	0.62002957
23733	0.61743939
23734	0.61484718
23735	0.61225343
23736	0.60965854
23737	0.60706294
23738	0.60446709
23739	0.60187137
23740	0.59927613
23741	0.59668177
23742	0.59408867
23743	0.59149706
23744	0.58890736
23745	0.58631986
23746	0.58373487
23747	0.58115250
23748	0.57857323
23749	0.57599717
23750	0.57342464
23751	0.57085568
23752	0.56829065
23753	0.56572962
23754	0.56317288
23755	0.56062055
23756	0.55807269
23757	0.55552959
23758	0.55299121
23759	0.55045784
23760	0.54792947
23761	0.54540622
23762	0.54288828
23763	0.54037565
23764	0.53786844
23765	0.53536671
23766	0.53287047
23767	0.53037995
23768	0.52789509
23769	0.52541596
23770	0.52294260
23771	0.52047509
23772	0.51801342
23773	0.51555771
23774	0.51310802
23775	0.51066422
23776	0.50822639
23777	0.50579464
23778	0.50336897
23779	0.50094932
23780	0.49853575
23781	0.49612826
23782	0.49372685
23783	0.49133152
23784	0.48894233
23785	0.48655918
23786	0.48418209
23787	0.48181105
23788	0.47944608
23789	0.47708717
23790	0.47473422
23791	0.47238722
23792	0.47004622
23793	0.46771112
23794	0.46538195
23795	0.46305862
23796	0.46074113
23797	0.45842940
23798	0.45612341
23799	0.45382315
23800	0.45152849
23801	0.44923940
23802	0.44695586
23803	0.44467771
23804	0.44240487
23805	0.44013730
23806	0.43787482
23807	0.43561733
23808	0.43336466
23809	0.43111661
23810	0.42887300
23811	0.42663354
23812	0.42439801
23813	0.42216608
23814	0.41993734
23815	0.41771147
23816	0.41548789
23817	0.41326624
23818	0.41104582
23819	0.40882602
23820	0.40660605
23821	0.40438512
23822	0.40216231
23823	0.39993659
23824	0.39770675
23825	0.39547163
23826	0.39322966
23827	0.39097947
23828	0.38871914
23829	0.38644689
23830	0.38416055
23831	0.38185778
23832	0.37953603
23833	0.37719250
23834	0.37482402
23835	0.37242705
23836	0.36999780
23837	0.36753213
23838	0.36502522
23839	0.36247191
23840	0.35986644
23841	0.35720247
23842	0.35447282
23843	0.35166949
23844	0.34878361
23845	0.34580526
23846	0.34272325
23847	0.33952492
23848	0.33619604
23849	0.33272064
23850	0.32908034
23851	0.32525411
23852	0.32121807
23853	0.31694469
23854	0.31240207
23855	0.30755317
23856	0.30235463
23857	0.29675582
23858	0.29069650
23859	0.28410524
23860	0.27689612
23861	0.26896551
23862	0.26018649
23863	0.25040260
23864	0.23941842
23865	0.22698793
23866	0.21279413
23867	0.19642428
23868	0.17732979
23869	0.15476580
23870	0.12769404
23871	0.09462295
23872	0.05333097
23873	0.00035550
23874	-0.07001322
23875	-0.16790926
23876	-0.31320447
23877	-0.55090666
23878	-1.00929093
23879	-2.25821638
23880	NaN
23881	NaN
23882	NaN
23883	NaN
23884	NaN
23885	NaN
23886	NaN
23887	NaN
23888	NaN
23889	NaN
23890	NaN
23891	NaN
23892	NaN
23893	NaN
23894	NaN
23895	NaN
23896	NaN
23897	NaN
23898	NaN
23899	NaN
23900	NaN
23901	NaN
23902	NaN
23903	NaN
23904	NaN
23905	NaN
23906	NaN
23907	NaN
23908	NaN
23909	NaN
23910	NaN
23911	NaN
23912	NaN
23913	NaN
23914	NaN
23915	NaN
23916	NaN
23917	NaN
23918	NaN
23919	NaN
23920	NaN
23921	NaN
23922	NaN
23923	NaN
23924	NaN
23925	NaN
23926	NaN
23927	NaN
23928	NaN
23929	NaN
23930	NaN
23931	NaN
23932	NaN
23933	NaN
23934	NaN
23935	NaN
23936	NaN
23937	NaN
23938	NaN
23939	NaN
23940	5.09641647
23941	2.57230401
23942	1.88867021
23943	1.57060540
23944	1.38690341
23945	1.26737440
23946	1.18345714
23947	1.12134755
23948	1.07355487
23949	1.03566396
23950	1.00490272
23951	0.97944379
23952	0.95803213
23953	0.93977898
23954	0.92403615
23955	0.91032028
23956	0.89826304
23957	0.88757962
23958	0.87804574
23959	0.86948228
23960	0.86174494
23961	0.85471565
23962	0.84829718
23963	0.84240896
23964	0.83698297
23965	0.83196211
23966	0.82729721
23967	0.82294679
23968	0.81887484
23969	0.81505001
23970	0.81144553
23971	0.80803710
23972	0.80480421
23973	0.80172825
23974	0.79879290
23975	0.79598355
23976	0.79328710
23977	0.79069191
23978	0.78818750
23979	0.78576428
23980	0.78341383
23981	0.78112823
23982	0.77890044
23983	0.77672398
23984	0.77459282
23985	0.77250165
23986	0.77044547
23987	0.76841956
23988	0.76641977
23989	0.76444215
23990	0.76248306
23991	0.76053923
23992	0.75860745
23993	0.75668478
23994	0.75476873
23995	0.75285673
23996	0.75094634
23997	0.74903560
23998	0.74712235
23999	0.74520481
24000	0.74328125
24001	0.74135017
24002	0.73940992
24003	0.73745924
24004	0.73549706
24005	0.73352200
24006	0.73153311
24007	0.72952962
24008	0.72751033
24009	0.72547483
24010	0.72342235
24011	0.72135222
24012	0.71926391
24013	0.71715707
24014	0.71503133
24015	0.71288633
24016	0.71072185
24017	0.70853764
24018	0.70633370
24019	0.70410991
24020	0.70186633
24021	0.69960284
24022	0.69731969
24023	0.69501692
24024	0.69269466
24025	0.69035321
24026	0.68799281
24027	0.68561369
24028	0.68321615
24029	0.68080062
24030	0.67836750
24031	0.67591709
24032	0.67344993
24033	0.67096651
24034	0.66846722
24035	0.66595268
24036	0.66342336
24037	0.66087985
24038	0.65832275
24039	0.65575266
24040	0.65317017
24041	0.65057588
24042	0.64797062
24043	0.64535481
24044	0.64272928
24045	0.64009464
24046	0.63745153
24047	0.63480067
24048	0.63214278
24049	0.62947845
24050	0.62680840
24051	0.62413329
24052	0.62145364
24053	0.61877036
24054	0.61608380
24055	0.61339474
24056	0.61070371
24057	0.60801136
24058	0.60531807
24059	0.60262454
24060	0.59993124
24061	0.59723860
24062	0.59454715
24063	0.59185737
24064	0.58916956
24065	0.58648419
24066	0.58380163
24067	0.58112222
24068	0.57844627
24069	0.57577413
24070	0.57310599
24071	0.57044220
24072	0.56778300
24073	0.56512851
24074	0.56247896
24075	0.55983454
24076	0.55719543
24077	0.55456173
24078	0.55193359
24079	0.54931104
24080	0.54669422
24081	0.54408318
24082	0.54147798
24083	0.53887868
24084	0.53628534
24085	0.53369796
24086	0.53111643
24087	0.52854091
24088	0.52597135
24089	0.52340776
24090	0.52085000
24091	0.51829815
24092	0.51575214
24093	0.51321191
24094	0.51067746
24095	0.50814861
24096	0.50562549
24097	0.50310785
24098	0.50059575
24099	0.49808905
24100	0.49558765
24101	0.49309149
24102	0.49060047
24103	0.48811454
24104	0.48563349
24105	0.48315731
24106	0.48068583
24107	0.47821900
24108	0.47575662
24109	0.47329867
24110	0.47084492
24111	0.46839532
24112	0.46594971
24113	0.46350801
24114	0.46107000
24115	0.45863557
24116	0.45620465
24117	0.45377710
24118	0.45135275
24119	0.44893149
24120	0.44651324
24121	0.44409776
24122	0.44168502
24123	0.43927482
24124	0.43686712
24125	0.43446174
24126	0.43205857
24127	0.42965749
24128	0.42725834
24129	0.42486101
24130	0.42246532
24131	0.42007115
24132	0.41767836
24133	0.41528675
24134	0.41289613
24135	0.41050634
24136	0.40811715
24137	0.40572834
24138	0.40333953
24139	0.40095058
24140	0.39856109
24141	0.39617074
24142	0.39377904
24143	0.39138561
24144	0.38898993
24145	0.38659140
24146	0.38418937
24147	0.38178319
24148	0.37937203
24149	0.37695503
24150	0.37453115
24151	0.37209940
24152	0.36965847
24153	0.36720699
24154	0.36474353
24155	0.36226642
24156	0.35977381
24157	0.35726365
24158	0.35473362
24159	0.35218126
24160	0.34960377
24161	0.34699801
24162	0.34436065
24163	0.34168774
24164	0.33897513
24165	0.33621794
24166	0.33341104
24167	0.33054850
24168	0.32762367
24169	0.32462922
24170	0.32155684
24171	0.31839725
24172	0.31513995
24173	0.31177288
24174	0.30828282
24175	0.30465418
24176	0.30086961
24177	0.29690889
24178	0.29274893
24179	0.28836295
24180	0.28372014
24181	0.27878404
24182	0.27351248
24183	0.26785514
24184	0.26175255
24185	0.25513318
24186	0.24791139
24187	0.23998214
24188	0.23121716
24189	0.22145657
24190	0.21049991
24191	0.19809116
24192	0.18389957
24193	0.16748935
24194	0.14827499
24195	0.12545049
24196	0.09787612
24197	0.06388417
24198	0.02093547
24199	-0.03503742
24200	-0.11098085
24201	-0.21981870
24202	-0.38863534
24203	-0.68541169
24204	-1.34296227
24205	-4.02790785
24206	NaN
24207	NaN
24208	NaN
24209	NaN
24210	NaN
24211	NaN
24212	NaN
24213	NaN
24214	NaN
24215	NaN
24216	NaN
24217	NaN
24218	NaN
24219	NaN
24220	NaN
24221	NaN
24222	NaN
24223	NaN
24224	NaN
24225	NaN
24226	NaN
24227	NaN
24228	NaN
24229	NaN
24230	NaN
24231	NaN
24232	NaN
24233	NaN
24234	NaN
24235	NaN
24236	NaN
24237	NaN
24238	NaN
24239	NaN
24240	NaN
24241	NaN
24242	NaN
24243	NaN
24244	NaN
24245	NaN
24246	NaN
24247	NaN
24248	NaN
24249	NaN
24250	NaN
24251	NaN
24252	NaN
24253	NaN
24254	NaN
24255	NaN
24256	NaN
24257	NaN
24258	NaN
24259	NaN
24260	NaN
24261	NaN
24262	NaN
24263	NaN
24264	NaN
24265	NaN
24266	NaN
24267	NaN
24268	NaN
24269	6.55958700
24270	2.80092764
24271	1.97494841
24272	1.61319160
24273	1.41050875
24274	1.28111601
24275	1.19150448
24276	1.12588024
24277	1.07582927
24278	1.03645551
24279	1.00471723
24280	0.97862279
24281	0.95681661
24282	0.93834180
24283	0.92250484
24284	0.90878969
24285	0.89680606
24286	0.88625103
24287	0.87688828
24288	0.86852908
24289	0.86102194
24290	0.85424280
24291	0.84809011
24292	0.84247947
24293	0.83734018
24294	0.83261257
24295	0.82824624
24296	0.82419759
24297	0.82042950
24298	0.81690973
24299	0.81361043
24300	0.81050700
24301	0.80757797
24302	0.80480438
24303	0.80216950
24304	0.79965842
24305	0.79725784
24306	0.79495591
24307	0.79274184
24308	0.79060626
24309	0.78854018
24310	0.78653592
24311	0.78458613
24312	0.78268445
24313	0.78082490
24314	0.77900201
24315	0.77721077
24316	0.77544671
24317	0.77370542
24318	0.77198309
24319	0.77027619
24320	0.76858133
24321	0.76689547
24322	0.76521581
24323	0.76353979
24324	0.76186496
24325	0.76018900
24326	0.75850987
24327	0.75682569
24328	0.75513470
24329	0.75343543
24330	0.75172621
24331	0.75000578
24332	0.74827296
24333	0.74652636
24334	0.74476528
24335	0.74298865
24336	0.74119556
24337	0.73938537
24338	0.73755741
24339	0.73571110
24340	0.73384589
24341	0.73196137
24342	0.73005712
24343	0.72813290
24344	0.72618824
24345	0.72422296
24346	0.72223699
24347	0.72023010
24348	0.71820223
24349	0.71615326
24350	0.71408314
24351	0.71199173
24352	0.70987928
24353	0.70774561
24354	0.70559090
24355	0.70341516
24356	0.70121843
24357	0.69900090
24358	0.69676268
24359	0.69450390
24360	0.69222480
24361	0.68992543
24362	0.68760616
24363	0.68526715
24364	0.68290871
24365	0.68053097
24366	0.67813450
24367	0.67571944
24368	0.67328626
24369	0.67083526
24370	0.66836685
24371	0.66588151
24372	0.66337967
24373	0.66086191
24374	0.65832865
24375	0.65578032
24376	0.65321755
24377	0.65064096
24378	0.64805108
24379	0.64544845
24380	0.64283371
24381	0.64020741
24382	0.63757020
24383	0.63492274
24384	0.63226563
24385	0.62959939
24386	0.62692475
24387	0.62424225
24388	0.62155253
24389	0.61885613
24390	0.61615372
24391	0.61344576
24392	0.61073291
24393	0.60801566
24394	0.60529453
24395	0.60257006
24396	0.59984267
24397	0.59711295
24398	0.59438133
24399	0.59164822
24400	0.58891404
24401	0.58617920
24402	0.58344412
24403	0.58070922
24404	0.57797468
24405	0.57524103
24406	0.57250851
24407	0.56977743
24408	0.56704813
24409	0.56432080
24410	0.56159580
24411	0.55887324
24412	0.55615354
24413	0.55343676
24414	0.55072325
24415	0.54801315
24416	0.54530668
24417	0.54260391
24418	0.53990519
24419	0.53721058
24420	0.53452021
24421	0.53183430
24422	0.52915299
24423	0.52647632
24424	0.52380455
24425	0.52113771
24426	0.51847583
24427	0.51581925
24428	0.51316786
24429	0.51052183
24430	0.50788122
24431	0.50524616
24432	0.50261670
24433	0.49999291
24434	0.49737483
24435	0.49476254
24436	0.49215606
24437	0.48955548
24438	0.48696083
24439	0.48437220
24440	0.48178956
24441	0.47921294
24442	0.47664240
24443	0.47407800
24444	0.47151974
24445	0.46896765
24446	0.46642175
24447	0.46388209
24448	0.46134871
24449	0.45882156
24450	0.45630074
24451	0.45378625
24452	0.45127815
24453	0.44877642
24454	0.44628111
24455	0.44379228
24456	0.44130993
24457	0.43883404
24458	0.43636471
24459	0.43390191
24460	0.43144569
24461	0.42899600
24462	0.42655292
24463	0.42411640
24464	0.42168635
24465	0.41926289
24466	0.41684583
24467	0.41443518
24468	0.41203079
24469	0.40963253
24470	0.40724033
24471	0.40485400
24472	0.40247324
24473	0.40009782
24474	0.39772752
24475	0.39536196
24476	0.39300072
24477	0.39064330
24478	0.38828921
24479	0.38593793
24480	0.38358864
24481	0.38124079
24482	0.37889329
24483	0.37654537
24484	0.37419590
24485	0.37184381
24486	0.36948770
24487	0.36712623
24488	0.36475778
24489	0.36238062
24490	0.35999286
24491	0.35759234
24492	0.35517681
24493	0.35274363
24494	0.35028991
24495	0.34781274
24496	0.34530848
24497	0.34277344
24498	0.34020334
24499	0.33759353
24500	0.33493879
24501	0.33223346
24502	0.32947102
24503	0.32664436
24504	0.32374537
24505	0.32076514
24506	0.31769344
24507	0.31451890
24508	0.31122863
24509	0.30780804
24510	0.30424026
24511	0.30050629
24512	0.29658413
24513	0.29244867
24514	0.28807059
24515	0.28341609
24516	0.27844518
24517	0.27311152
24518	0.26735955
24519	0.26112369
24520	0.25432467
24521	0.24686748
24522	0.23863472
24523	0.22948304
24524	0.21923250
24525	0.20765686
24526	0.19446486
24527	0.17927846
24528	0.16159497
24529	0.14073394
24530	0.11574809
24531	0.08528078
24532	0.04731609
24533	-0.00127328
24534	-0.06562067
24535	-0.15477404
24536	-0.28631735
24537	-0.49952856
24538	-0.90379488
24539	-1.96103203
24540	-11.79773045
24541	NaN
24542	NaN
24543	NaN
24544	NaN
24545	NaN
24546	NaN
24547	NaN
24548	NaN
24549	NaN
24550	NaN
24551	NaN
24552	NaN
24553	NaN
24554	NaN
24555	NaN
24556	NaN
24557	NaN
24558	NaN
24559	NaN
24560	NaN
24561	NaN
24562	NaN
24563	NaN
24564	NaN
24565	NaN
24566	NaN
24567	NaN
24568	NaN
24569	NaN
24570	NaN
24571	NaN
24572	NaN
24573	NaN
24574	NaN
24575	NaN
24576	NaN
24577	NaN
24578	NaN
24579	NaN
24580	NaN
24581	NaN
24582	NaN
24583	NaN
24584	NaN
24585	NaN
24586	NaN
24587	NaN
24588	NaN
24589	NaN
24590	NaN
24591	NaN
24592	NaN
24593	NaN
24594	NaN
24595	NaN
24596	NaN
24597	6.43830013
24598	2.75390863
24599	1.94462585
24600	1.59012592
24601	1.39144075
24602	1.26454043
24603	1.17660332
24604	1.11216521
24605	1.06298363
24606	1.02426314
24607	0.99302465
24608	0.96731901
24609	0.94581771
24610	0.92758304
24611	0.91193569
24612	0.89837015
24613	0.88650340
24614	0.87603921
24615	0.86674523
24616	0.85843658
24617	0.85096431
24618	0.84420723
24619	0.83806568
24620	0.83245617
24621	0.82730955
24622	0.82256722
24623	0.81817949
24624	0.81410336
24625	0.81030244
24626	0.80674499
24627	0.80340344
24628	0.80025351
24629	0.79727423
24630	0.79444665
24631	0.79175442
24632	0.78918284
24633	0.78671867
24634	0.78435028
24635	0.78206706
24636	0.77985966
24637	0.77771932
24638	0.77563846
24639	0.77360982
24640	0.77162713
24641	0.76968449
24642	0.76777667
24643	0.76589870
24644	0.76404613
24645	0.76221466
24646	0.76040077
24647	0.75860077
24648	0.75681162
24649	0.75503010
24650	0.75325358
24651	0.75147957
24652	0.74970567
24653	0.74792969
24654	0.74614966
24655	0.74436367
24656	0.74256998
24657	0.74076706
24658	0.73895347
24659	0.73712784
24660	0.73528880
24661	0.73343545
24662	0.73156649
24663	0.72968119
24664	0.72777849
24665	0.72585762
24666	0.72391796
24667	0.72195882
24668	0.71997964
24669	0.71797979
24670	0.71595895
24671	0.71391654
24672	0.71185249
24673	0.70976621
24674	0.70765764
24675	0.70552641
24676	0.70337254
24677	0.70119584
24678	0.69899619
24679	0.69677359
24680	0.69452804
24681	0.69225961
24682	0.68996835
24683	0.68765444
24684	0.68531793
24685	0.68295902
24686	0.68057805
24687	0.67817515
24688	0.67575079
24689	0.67330515
24690	0.67083871
24691	0.66835177
24692	0.66584492
24693	0.66331851
24694	0.66077304
24695	0.65820920
24696	0.65562737
24697	0.65302831
24698	0.65041256
24699	0.64778072
24700	0.64513350
24701	0.64247167
24702	0.63979578
24703	0.63710666
24704	0.63440490
24705	0.63169140
24706	0.62896681
24707	0.62623191
24708	0.62348735
24709	0.62073398
24710	0.61797243
24711	0.61520350
24712	0.61242795
24713	0.60964632
24714	0.60685945
24715	0.60406792
24716	0.60127240
24717	0.59847361
24718	0.59567213
24719	0.59286857
24720	0.59006345
24721	0.58725739
24722	0.58445096
24723	0.58164465
24724	0.57883900
24725	0.57603443
24726	0.57323140
24727	0.57043040
24728	0.56763178
24729	0.56483603
24730	0.56204337
24731	0.55925435
24732	0.55646914
24733	0.55368817
24734	0.55091166
24735	0.54813993
24736	0.54537326
24737	0.54261184
24738	0.53985590
24739	0.53710580
24740	0.53436154
24741	0.53162348
24742	0.52889174
24743	0.52616650
24744	0.52344781
24745	0.52073598
24746	0.51803112
24747	0.51533329
24748	0.51264262
24749	0.50995928
24750	0.50728333
24751	0.50461489
24752	0.50195402
24753	0.49930081
24754	0.49665532
24755	0.49401766
24756	0.49138787
24757	0.48876598
24758	0.48615202
24759	0.48354611
24760	0.48094812
24761	0.47835827
24762	0.47577646
24763	0.47320268
24764	0.47063696
24765	0.46807936
24766	0.46552980
24767	0.46298829
24768	0.46045488
24769	0.45792940
24770	0.45541197
24771	0.45290253
24772	0.45040107
24773	0.44790748
24774	0.44542184
24775	0.44294405
24776	0.44047415
24777	0.43801200
24778	0.43555766
24779	0.43311110
24780	0.43067220
24781	0.42824101
24782	0.42581749
24783	0.42340150
24784	0.42099312
24785	0.41859221
24786	0.41619873
24787	0.41381264
24788	0.41143382
24789	0.40906221
24790	0.40669781
24791	0.40434030
24792	0.40198964
24793	0.39964569
24794	0.39730829
24795	0.39497718
24796	0.39265218
24797	0.39033300
24798	0.38801929
24799	0.38571078
24800	0.38340703
24801	0.38110763
24802	0.37881204
24803	0.37651977
24804	0.37423021
24805	0.37194258
24806	0.36965618
24807	0.36737016
24808	0.36508352
24809	0.36279529
24810	0.36050433
24811	0.35820928
24812	0.35590884
24813	0.35360143
24814	0.35128540
24815	0.34895882
24816	0.34661970
24817	0.34426573
24818	0.34189457
24819	0.33950338
24820	0.33708933
24821	0.33464900
24822	0.33217883
24823	0.32967484
24824	0.32713273
24825	0.32454765
24826	0.32191417
24827	0.31922638
24828	0.31647772
24829	0.31366089
24830	0.31076777
24831	0.30778915
24832	0.30471498
24833	0.30153376
24834	0.29823273
24835	0.29479742
24836	0.29121143
24837	0.28745607
24838	0.28351039
24839	0.27935019
24840	0.27494773
24841	0.27027088
24842	0.26528290
24843	0.25994059
24844	0.25419372
24845	0.24798296
24846	0.24123819
24847	0.23387571
24848	0.22579488
24849	0.21687397
24850	0.20696342
24851	0.19587851
24852	0.18338807
24853	0.16919880
24854	0.15293288
24855	0.13409536
24856	0.11202478
24857	0.08581756
24858	0.05420429
24859	0.01534503
24860	-0.03353183
24861	-0.09680586
24862	-0.18182874
24863	-0.30196249
24864	-0.48430064
24865	-0.79340374
24866	-1.43033051
24867	-3.49778652
24868	NaN
24869	NaN
24870	NaN
24871	NaN
24872	NaN
24873	NaN
24874	NaN
24875	NaN
24876	NaN
24877	NaN
24878	NaN
24879	NaN
24880	NaN
24881	NaN
24882	NaN
24883	NaN
24884	NaN
24885	NaN
24886	NaN
24887	NaN
24888	NaN
24889	NaN
24890	NaN
24891	NaN
24892	NaN
24893	NaN
24894	NaN
24895	NaN
24896	NaN
24897	NaN
24898	NaN
24899	NaN
24900	NaN
24901	NaN
24902	NaN
24903	NaN
24904	NaN
24905	NaN
24906	NaN
24907	NaN
24908	NaN
24909	NaN
24910	NaN
24911	NaN
24912	NaN
24913	NaN
24914	NaN
24915	NaN
24916	NaN
24917	NaN
24918	NaN
24919	NaN
24920	NaN
24921	NaN
24922	NaN
24923	9.49196911
24924	3.20411158
24925	2.15955114
24926	1.73019516
24927	1.49645698
24928	1.34962749
24929	1.24894798
24930	1.17569768
24931	1.12007010
24932	1.07643151
24933	1.04131508
24934	1.01246965
24935	0.98837101
24936	0.96794897
24937	0.95043105
24938	0.93524480
24939	0.92195708
24940	0.91023487
24941	0.89981711
24942	0.89049643
24943	0.88210648
24944	0.87451130
24945	0.86759984
24946	0.86127925
24947	0.85547245
24948	0.85011452
24949	0.84514987
24950	0.84053105
24951	0.83621782
24952	0.83217472
24953	0.82837141
24954	0.82478100
24955	0.82138008
24956	0.81814826
24957	0.81506711
24958	0.81212032
24959	0.80929339
24960	0.80657357
24961	0.80394918
24962	0.80140972
24963	0.79894590
24964	0.79654890
24965	0.79421115
24966	0.79192561
24967	0.78968585
24968	0.78748590
24969	0.78532058
24970	0.78318495
24971	0.78107446
24972	0.77898514
24973	0.77691334
24974	0.77485532
24975	0.77280802
24976	0.77076858
24977	0.76873440
24978	0.76670295
24979	0.76467198
24980	0.76263952
24981	0.76060373
24982	0.75856292
24983	0.75651556
24984	0.75446022
24985	0.75239581
24986	0.75032097
24987	0.74823499
24988	0.74613690
24989	0.74402583
24990	0.74190128
24991	0.73976254
24992	0.73760921
24993	0.73544079
24994	0.73325700
24995	0.73105770
24996	0.72884244
24997	0.72661126
24998	0.72436392
24999	0.72210050
25000	0.71982092
25001	0.71752518
25002	0.71521354
25003	0.71288592
25004	0.71054250
25005	0.70818347
25006	0.70580900
25007	0.70341939
25008	0.70101476
25009	0.69859535
25010	0.69616145
25011	0.69371337
25012	0.69125146
25013	0.68877590
25014	0.68628722
25015	0.68378556
25016	0.68127155
25017	0.67874545
25018	0.67620766
25019	0.67365861
25020	0.67109883
25021	0.66852874
25022	0.66594881
25023	0.66335958
25024	0.66076142
25025	0.65815502
25026	0.65554088
25027	0.65291953
25028	0.65029144
25029	0.64765733
25030	0.64501762
25031	0.64237303
25032	0.63972402
25033	0.63707107
25034	0.63441497
25035	0.63175613
25036	0.62909514
25037	0.62643254
25038	0.62376881
25039	0.62110454
25040	0.61844009
25041	0.61577612
25042	0.61311299
25043	0.61045110
25044	0.60779101
25045	0.60513300
25046	0.60247749
25047	0.59982479
25048	0.59717524
25049	0.59452927
25050	0.59188706
25051	0.58924890
25052	0.58661497
25053	0.58398551
25054	0.58136082
25055	0.57874101
25056	0.57612622
25057	0.57351661
25058	0.57091236
25059	0.56831348
25060	0.56572008
25061	0.56313235
25062	0.56055021
25063	0.55797380
25064	0.55540311
25065	0.55283809
25066	0.55027896
25067	0.54772550
25068	0.54517788
25069	0.54263598
25070	0.54009980
25071	0.53756940
25072	0.53504461
25073	0.53252548
25074	0.53001195
25075	0.52750403
25076	0.52500153
25077	0.52250451
25078	0.52001286
25079	0.51752651
25080	0.51504546
25081	0.51256967
25082	0.51009887
25083	0.50763315
25084	0.50517237
25085	0.50271654
25086	0.50026542
25087	0.49781913
25088	0.49537736
25089	0.49294016
25090	0.49050736
25091	0.48807901
25092	0.48565480
25093	0.48323482
25094	0.48081890
25095	0.47840694
25096	0.47599885
25097	0.47359455
25098	0.47119397
25099	0.46879697
25100	0.46640348
25101	0.46401343
25102	0.46162668
25103	0.45924321
25104	0.45686293
25105	0.45448571
25106	0.45211148
25107	0.44974020
25108	0.44737172
25109	0.44500604
25110	0.44264302
25111	0.44028255
25112	0.43792456
25113	0.43556893
25114	0.43321553
25115	0.43086430
25116	0.42851499
25117	0.42616749
25118	0.42382163
25119	0.42147720
25120	0.41913396
25121	0.41679165
25122	0.41444990
25123	0.41210851
25124	0.40976703
25125	0.40742508
25126	0.40508214
25127	0.40273771
25128	0.40039119
25129	0.39804193
25130	0.39568916
25131	0.39333215
25132	0.39096996
25133	0.38860163
25134	0.38622600
25135	0.38384193
25136	0.38144809
25137	0.37904304
25138	0.37662512
25139	0.37419263
25140	0.37174374
25141	0.36927623
25142	0.36678782
25143	0.36427611
25144	0.36173835
25145	0.35917151
25146	0.35657224
25147	0.35393706
25148	0.35126206
25149	0.34854293
25150	0.34577480
25151	0.34295258
25152	0.34007049
25153	0.33712235
25154	0.33410108
25155	0.33099899
25156	0.32780761
25157	0.32451743
25158	0.32111791
25159	0.31759724
25160	0.31394222
25161	0.31013817
25162	0.30616838
25163	0.30201405
25164	0.29765406
25165	0.29306421
25166	0.28821686
25167	0.28308061
25168	0.27761915
25169	0.27179047
25170	0.26554585
25171	0.25882831
25172	0.25157103
25173	0.24369489
25174	0.23510545
25175	0.22568949
25176	0.21530987
25177	0.20379889
25178	0.19094887
25179	0.17650054
25180	0.16012508
25181	0.14139941
25182	0.11976933
25183	0.09449575
25184	0.06456909
25185	0.02857333
25186	-0.01554207
25187	-0.07086057
25188	-0.14224596
25189	-0.23784521
25190	-0.37241971
25191	-0.57577246
25192	-0.91845918
25193	-1.61766744
25194	-3.83001232
25195	NaN
25196	NaN
25197	NaN
25198	NaN
25199	NaN
25200	NaN
25201	NaN
25202	NaN
25203	NaN
25204	NaN
25205	NaN
25206	NaN
25207	NaN
25208	NaN
25209	NaN
25210	NaN
25211	NaN
25212	NaN
25213	NaN
25214	NaN
25215	NaN
25216	NaN
25217	NaN
25218	NaN
25219	NaN
25220	NaN
25221	NaN
25222	NaN
25223	NaN
25224	NaN
25225	NaN
25226	NaN
25227	NaN
25228	NaN
25229	NaN
25230	NaN
25231	NaN
25232	NaN
25233	NaN
25234	NaN
25235	NaN
25236	NaN
25237	NaN
25238	NaN
25239	NaN
25240	NaN
25241	NaN
25242	NaN
25243	NaN
25244	NaN
25245	26.20484161
25246	4.06274605
25247	2.50088668
25248	1.93036699
25249	1.63487554
25250	1.45426679
25251	1.33251941
25252	1.24494553
25253	1.17896700
25254	1.12750471
25255	1.08626664
25256	1.05250084
25257	1.02435970
25258	1.00055838
25259	0.98017317
25260	0.96252489
25261	0.94710243
25262	0.93351316
25263	0.92145044
25264	0.91067213
25265	0.90098375
25266	0.89222747
25267	0.88427401
25268	0.87701553
25269	0.87036288
25270	0.86424029
25271	0.85858405
25272	0.85333943
25273	0.84845924
25274	0.84390295
25275	0.83963531
25276	0.83562553
25277	0.83184642
25278	0.82827419
25279	0.82488769
25280	0.82166809
25281	0.81859869
25282	0.81566465
25283	0.81285226
25284	0.81014943
25285	0.80754519
25286	0.80502975
25287	0.80259401
25288	0.80022961
25289	0.79792917
25290	0.79568583
25291	0.79349309
25292	0.79134548
25293	0.78923738
25294	0.78716403
25295	0.78512079
25296	0.78310364
25297	0.78110862
25298	0.77913207
25299	0.77717060
25300	0.77522141
25301	0.77328134
25302	0.77134788
25303	0.76941848
25304	0.76749098
25305	0.76556313
25306	0.76363307
25307	0.76169896
25308	0.75975913
25309	0.75781202
25310	0.75585616
25311	0.75389045
25312	0.75191355
25313	0.74992436
25314	0.74792200
25315	0.74590558
25316	0.74387431
25317	0.74182743
25318	0.73976415
25319	0.73768437
25320	0.73558718
25321	0.73347241
25322	0.73133963
25323	0.72918862
25324	0.72701907
25325	0.72483099
25326	0.72262412
25327	0.72039849
25328	0.71815395
25329	0.71589071
25330	0.71360868
25331	0.71130812
25332	0.70898896
25333	0.70665163
25334	0.70429623
25335	0.70192301
25336	0.69953233
25337	0.69712442
25338	0.69469970
25339	0.69225854
25340	0.68980134
25341	0.68732858
25342	0.68484068
25343	0.68233812
25344	0.67982143
25345	0.67729121
25346	0.67474806
25347	0.67219234
25348	0.66962481
25349	0.66704601
25350	0.66445661
25351	0.66185719
25352	0.65924841
25353	0.65663081
25354	0.65400511
25355	0.65137190
25356	0.64873183
25357	0.64608544
25358	0.64343339
25359	0.64077622
25360	0.63811457
25361	0.63544887
25362	0.63277978
25363	0.63010770
25364	0.62743318
25365	0.62475669
25366	0.62207872
25367	0.61939955
25368	0.61671966
25369	0.61403942
25370	0.61135924
25371	0.60867929
25372	0.60600001
25373	0.60332167
25374	0.60064441
25375	0.59796864
25376	0.59529442
25377	0.59262204
25378	0.58995175
25379	0.58728355
25380	0.58461767
25381	0.58195424
25382	0.57929337
25383	0.57663518
25384	0.57397979
25385	0.57132727
25386	0.56867766
25387	0.56603098
25388	0.56338733
25389	0.56074679
25390	0.55810922
25391	0.55547488
25392	0.55284369
25393	0.55021560
25394	0.54759073
25395	0.54496896
25396	0.54235041
25397	0.53973496
25398	0.53712267
25399	0.53451353
25400	0.53190762
25401	0.52930468
25402	0.52670479
25403	0.52410805
25404	0.52151430
25405	0.51892352
25406	0.51633573
25407	0.51375091
25408	0.51116896
25409	0.50858986
25410	0.50601357
25411	0.50344014
25412	0.50086939
25413	0.49830145
25414	0.49573612
25415	0.49317345
25416	0.49061340
25417	0.48805591
25418	0.48550096
25419	0.48294857
25420	0.48039865
25421	0.47785115
25422	0.47530615
25423	0.47276363
25424	0.47022355
25425	0.46768594
25426	0.46515071
25427	0.46261796
25428	0.46008772
25429	0.45755997
25430	0.45503476
25431	0.45251212
25432	0.44999206
25433	0.44747466
25434	0.44495994
25435	0.44244796
25436	0.43993875
25437	0.43743241
25438	0.43492889
25439	0.43242836
25440	0.42993075
25441	0.42743611
25442	0.42494446
25443	0.42245585
25444	0.41997030
25445	0.41748768
25446	0.41500804
25447	0.41253132
25448	0.41005740
25449	0.40758616
25450	0.40511754
25451	0.40265137
25452	0.40018740
25453	0.39772540
25454	0.39526513
25455	0.39280623
25456	0.39034835
25457	0.38789105
25458	0.38543388
25459	0.38297626
25460	0.38051763
25461	0.37805727
25462	0.37559450
25463	0.37312844
25464	0.37065819
25465	0.36818269
25466	0.36570087
25467	0.36321151
25468	0.36071327
25469	0.35820457
25470	0.35568377
25471	0.35314918
25472	0.35059872
25473	0.34803024
25474	0.34544134
25475	0.34282938
25476	0.34019142
25477	0.33752418
25478	0.33482423
25479	0.33208746
25480	0.32930949
25481	0.32648546
25482	0.32360980
25483	0.32067654
25484	0.31767875
25485	0.31460869
25486	0.31145778
25487	0.30821618
25488	0.30487293
25489	0.30141535
25490	0.29782915
25491	0.29409799
25492	0.29020315
25493	0.28612313
25494	0.28183290
25495	0.27730376
25496	0.27250192
25497	0.26738802
25498	0.26191568
25499	0.25602990
25500	0.24966496
25501	0.24274200
25502	0.23516545
25503	0.22681889
25504	0.21755758
25505	0.20720173
25506	0.19552365
25507	0.18223161
25508	0.16694507
25509	0.14915834
25510	0.12818593
25511	0.10307389
25512	0.07245369
25513	0.03429148
25514	-0.01457361
25515	-0.07933330
25516	-0.16915661
25517	-0.30189908
25518	-0.51757610
25519	-0.92821884
25520	-2.01243353
25521	-12.85350990
25522	NaN
25523	NaN
25524	NaN
25525	NaN
25526	NaN
25527	NaN
25528	NaN
25529	NaN
25530	NaN
25531	NaN
25532	NaN
25533	NaN
25534	NaN
25535	NaN
25536	NaN
25537	NaN
25538	NaN
25539	NaN
25540	NaN
25541	NaN
25542	NaN
25543	NaN
25544	NaN
25545	NaN
25546	NaN
25547	NaN
25548	NaN
25549	NaN
25550	NaN
25551	NaN
25552	NaN
25553	NaN
25554	NaN
25555	NaN
25556	NaN
25557	NaN
25558	NaN
25559	NaN
25560	NaN
25561	NaN
25562	NaN
25563	NaN
25564	NaN
25565	NaN
25566	NaN
25567	NaN
25568	NaN
25569	NaN
25570	NaN
25571	NaN
25572	NaN
25573	NaN
25574	NaN
25575	NaN
25576	NaN
25577	NaN
25578	NaN
25579	NaN
25580	NaN
25581	NaN
25582	NaN
25583	NaN
25584	4.26465225
25585	2.35773206
25586	1.77944636
25587	1.50053012
25588	1.33664966
25589	1.22902036
25590	1.15307081
25591	1.09671390
25592	1.05331182
25593	1.01891494
25594	0.99102777
25595	0.96799517
25596	0.94867623
25597	0.93225855
25598	0.91814893
25599	0.90590364
25600	0.89518368
25601	0.88572681
25602	0.87732542
25603	0.86981434
25604	0.86305976
25605	0.85695291
25606	0.85140353
25607	0.84633648
25608	0.84168905
25609	0.83740795
25610	0.83344805
25611	0.82977074
25612	0.82634246
25613	0.82313436
25614	0.82012123
25615	0.81728119
25616	0.81459504
25617	0.81204545
25618	0.80961746
25619	0.80729765
25620	0.80507404
25621	0.80293590
25622	0.80087364
25623	0.79887843
25624	0.79694277
25625	0.79505932
25626	0.79322177
25627	0.79142421
25628	0.78966141
25629	0.78792852
25630	0.78622097
25631	0.78453487
25632	0.78286636
25633	0.78121197
25634	0.77956873
25635	0.77793366
25636	0.77630413
25637	0.77467763
25638	0.77305198
25639	0.77142513
25640	0.76979512
25641	0.76816022
25642	0.76651889
25643	0.76486963
25644	0.76321119
25645	0.76154226
25646	0.75986171
25647	0.75816858
25648	0.75646198
25649	0.75474107
25650	0.75300515
25651	0.75125360
25652	0.74948567
25653	0.74770099
25654	0.74589914
25655	0.74407965
25656	0.74224222
25657	0.74038643
25658	0.73851216
25659	0.73661917
25660	0.73470730
25661	0.73277628
25662	0.73082626
25663	0.72885680
25664	0.72686797
25665	0.72485989
25666	0.72283238
25667	0.72078538
25668	0.71871889
25669	0.71663302
25670	0.71452779
25671	0.71240312
25672	0.71025914
25673	0.70809579
25674	0.70591342
25675	0.70371193
25676	0.70149142
25677	0.69925207
25678	0.69699401
25679	0.69471747
25680	0.69242251
25681	0.69010943
25682	0.68777841
25683	0.68542981
25684	0.68306381
25685	0.68068087
25686	0.67828113
25687	0.67586505
25688	0.67343307
25689	0.67098546
25690	0.66852278
25691	0.66604543
25692	0.66355377
25693	0.66104853
25694	0.65853006
25695	0.65599889
25696	0.65345550
25697	0.65090048
25698	0.64833450
25699	0.64575785
25700	0.64317137
25701	0.64057535
25702	0.63797045
25703	0.63535720
25704	0.63273621
25705	0.63010788
25706	0.62747282
25707	0.62483156
25708	0.62218446
25709	0.61953217
25710	0.61687517
25711	0.61421371
25712	0.61154848
25713	0.60887975
25714	0.60620797
25715	0.60353363
25716	0.60085702
25717	0.59817851
25718	0.59549850
25719	0.59281725
25720	0.59013528
25721	0.58745265
25722	0.58476985
25723	0.58208710
25724	0.57940471
25725	0.57672292
25726	0.57404202
25727	0.57136220
25728	0.56868380
25729	0.56600696
25730	0.56333196
25731	0.56065899
25732	0.55798829
25733	0.55532008
25734	0.55265456
25735	0.54999191
25736	0.54733235
25737	0.54467607
25738	0.54202330
25739	0.53937411
25740	0.53672880
25741	0.53408748
25742	0.53145039
25743	0.52881771
25744	0.52618951
25745	0.52356607
25746	0.52094746
25747	0.51833397
25748	0.51572561
25749	0.51312262
25750	0.51052511
25751	0.50793326
25752	0.50534719
25753	0.50276709
25754	0.50019300
25755	0.49762502
25756	0.49506339
25757	0.49250817
25758	0.48995957
25759	0.48741755
25760	0.48488232
25761	0.48235396
25762	0.47983265
25763	0.47731850
25764	0.47481152
25765	0.47231191
25766	0.46981978
25767	0.46733525
25768	0.46485847
25769	0.46238947
25770	0.45992845
25771	0.45747548
25772	0.45503077
25773	0.45259431
25774	0.45016626
25775	0.44774678
25776	0.44533592
25777	0.44293380
25778	0.44054052
25779	0.43815607
25780	0.43578058
25781	0.43341401
25782	0.43105641
25783	0.42870781
25784	0.42636809
25785	0.42403713
25786	0.42171490
25787	0.41940117
25788	0.41709575
25789	0.41479832
25790	0.41250864
25791	0.41022617
25792	0.40795058
25793	0.40568125
25794	0.40341756
25795	0.40115875
25796	0.39890403
25797	0.39665237
25798	0.39440283
25799	0.39215413
25800	0.38990504
25801	0.38765395
25802	0.38539925
25803	0.38313910
25804	0.38087150
25805	0.37859404
25806	0.37630436
25807	0.37399960
25808	0.37167686
25809	0.36933255
25810	0.36696303
25811	0.36456400
25812	0.36213103
25813	0.35965890
25814	0.35714191
25815	0.35457373
25816	0.35194746
25817	0.34925503
25818	0.34648785
25819	0.34363574
25820	0.34068781
25821	0.33763126
25822	0.33445209
25823	0.33113390
25824	0.32765844
25825	0.32400465
25826	0.32014838
25827	0.31606182
25828	0.31171262
25829	0.30706319
25830	0.30206972
25831	0.29668009
25832	0.29083312
25833	0.28445521
25834	0.27745825
25835	0.26973483
25836	0.26115403
25837	0.25155279
25838	0.24072731
25839	0.22841826
25840	0.21429116
25841	0.19790760
25842	0.17867929
25843	0.15580094
25844	0.12813708
25845	0.09403779
25846	0.05100432
25847	-0.00493324
25848	-0.08048945
25849	-0.18798389
25850	-0.35275233
25851	-0.63648623
25852	-1.23896849
25853	-3.37529850
25854	NaN
25855	NaN
25856	NaN
25857	NaN
25858	NaN
25859	NaN
25860	NaN
25861	NaN
25862	NaN
25863	NaN
25864	NaN
25865	NaN
25866	NaN
25867	NaN
25868	NaN
25869	NaN
25870	NaN
25871	NaN
25872	NaN
25873	NaN
25874	NaN
25875	NaN
25876	NaN
25877	NaN
25878	NaN
25879	NaN
25880	NaN
25881	NaN
25882	NaN
25883	NaN
25884	NaN
25885	NaN
25886	NaN
25887	NaN
25888	NaN
25889	NaN
25890	NaN
25891	NaN
25892	NaN
25893	NaN
25894	NaN
25895	NaN
25896	NaN
25897	NaN
25898	NaN
25899	NaN
25900	NaN
25901	NaN
25902	NaN
25903	NaN
25904	NaN
25905	NaN
25906	NaN
25907	NaN
25908	NaN
25909	NaN
25910	5.67349386
25911	2.58358693
25912	1.86138403
25913	1.53965223
25914	1.35781407
25915	1.24105740
25916	1.15983999
25917	1.10014212
25918	1.05445898
25919	1.01840818
25920	0.98925912
25921	0.96522117
25922	0.94507164
25923	0.92794758
25924	0.91322160
25925	0.90042764
25926	0.88921088
25927	0.87929738
25928	0.87047207
25929	0.86256397
25930	0.85543483
25931	0.84897190
25932	0.84308255
25933	0.83768994
25934	0.83272946
25935	0.82814658
25936	0.82389498
25937	0.81993490
25938	0.81623232
25939	0.81275779
25940	0.80948538
25941	0.80639261
25942	0.80345982
25943	0.80066955
25944	0.79800618
25945	0.79545623
25946	0.79300731
25947	0.79064846
25948	0.78836972
25949	0.78616220
25950	0.78401816
25951	0.78192985
25952	0.77989084
25953	0.77789509
25954	0.77593714
25955	0.77401179
25956	0.77211446
25957	0.77024090
25958	0.76838726
25959	0.76654977
25960	0.76472521
25961	0.76291037
25962	0.76110262
25963	0.75929904
25964	0.75749737
25965	0.75569528
25966	0.75389057
25967	0.75208145
25968	0.75026602
25969	0.74844259
25970	0.74660969
25971	0.74476582
25972	0.74290967
25973	0.74104011
25974	0.73915595
25975	0.73725623
25976	0.73534000
25977	0.73340648
25978	0.73145485
25979	0.72948456
25980	0.72749496
25981	0.72548544
25982	0.72345573
25983	0.72140533
25984	0.71933383
25985	0.71724111
25986	0.71512681
25987	0.71299088
25988	0.71083313
25989	0.70865351
25990	0.70645201
25991	0.70422852
25992	0.70198321
25993	0.69971609
25994	0.69742739
25995	0.69511712
25996	0.69278562
25997	0.69043291
25998	0.68805951
25999	0.68566549
26000	0.68325126
26001	0.68081713
26002	0.67836356
26003	0.67589092
26004	0.67339963
26005	0.67089003
26006	0.66836286
26007	0.66581851
26008	0.66325754
26009	0.66068059
26010	0.65808821
26011	0.65548092
26012	0.65285945
26013	0.65022463
26014	0.64757687
26015	0.64491701
26016	0.64224577
26017	0.63956386
26018	0.63687199
26019	0.63417089
26020	0.63146132
26021	0.62874401
26022	0.62601966
26023	0.62328905
26024	0.62055284
26025	0.61781180
26026	0.61506671
26027	0.61231798
26028	0.60956651
26029	0.60681301
26030	0.60405797
26031	0.60130197
26032	0.59854567
26033	0.59578973
26034	0.59303463
26035	0.59028077
26036	0.58752877
26037	0.58477914
26038	0.58203232
26039	0.57928860
26040	0.57654852
26041	0.57381243
26042	0.57108068
26043	0.56835359
26044	0.56563151
26045	0.56291467
26046	0.56020337
26047	0.55749786
26048	0.55479836
26049	0.55210501
26050	0.54941821
26051	0.54673791
26052	0.54406440
26053	0.54139787
26054	0.53873831
26055	0.53608602
26056	0.53344095
26057	0.53080332
26058	0.52817327
26059	0.52555072
26060	0.52293593
26061	0.52032882
26062	0.51772952
26063	0.51513815
26064	0.51255465
26065	0.50997913
26066	0.50741166
26067	0.50485218
26068	0.50230074
26069	0.49975744
26070	0.49722221
26071	0.49469507
26072	0.49217609
26073	0.48966512
26074	0.48716226
26075	0.48466742
26076	0.48218063
26077	0.47970182
26078	0.47723100
26079	0.47476801
26080	0.47231290
26081	0.46986562
26082	0.46742606
26083	0.46499422
26084	0.46256995
26085	0.46015325
26086	0.45774397
26087	0.45534208
26088	0.45294756
26089	0.45056018
26090	0.44817999
26091	0.44580680
26092	0.44344059
26093	0.44108129
26094	0.43872872
26095	0.43638283
26096	0.43404353
26097	0.43171066
26098	0.42938417
26099	0.42706388
26100	0.42474967
26101	0.42244148
26102	0.42013907
26103	0.41784233
26104	0.41555104
26105	0.41326502
26106	0.41098410
26107	0.40870801
26108	0.40643644
26109	0.40416920
26110	0.40190583
26111	0.39964610
26112	0.39738956
26113	0.39513573
26114	0.39288417
26115	0.39063421
26116	0.38838533
26117	0.38613686
26118	0.38388789
26119	0.38163766
26120	0.37938517
26121	0.37712941
26122	0.37486926
26123	0.37260324
26124	0.37033010
26125	0.36804819
26126	0.36575574
26127	0.36345088
26128	0.36113143
26129	0.35879511
26130	0.35643926
26131	0.35406104
26132	0.35165736
26133	0.34922463
26134	0.34675905
26135	0.34425634
26136	0.34171188
26137	0.33912039
26138	0.33647603
26139	0.33377236
26140	0.33100224
26141	0.32815763
26142	0.32522967
26143	0.32220817
26144	0.31908199
26145	0.31583840
26146	0.31246310
26147	0.30893973
26148	0.30525002
26149	0.30137295
26150	0.29728442
26151	0.29295656
26152	0.28835782
26153	0.28345084
26154	0.27819252
26155	0.27253199
26156	0.26640990
26157	0.25975496
26158	0.25248230
26159	0.24448942
26160	0.23565218
26161	0.22581728
26162	0.21479467
26163	0.20234509
26164	0.18816435
26165	0.17185768
26166	0.15290466
26167	0.13060503
26168	0.10399408
26169	0.07170334
26170	0.03172588
26171	-0.01900684
26172	-0.08542887
26173	-0.17602192
26174	-0.30669388
26175	-0.51119190
26176	-0.87584186
26177	-1.70732307
26178	-5.47590065
26179	NaN
26180	NaN
26181	NaN
26182	NaN
26183	NaN
26184	NaN
26185	NaN
26186	NaN
26187	NaN
26188	NaN
26189	NaN
26190	NaN
26191	NaN
26192	NaN
26193	NaN
26194	NaN
26195	NaN
26196	NaN
26197	NaN
26198	NaN
26199	NaN
26200	NaN
26201	NaN
26202	NaN
26203	NaN
26204	NaN
26205	NaN
26206	NaN
26207	NaN
26208	NaN
26209	NaN
26210	NaN
26211	NaN
26212	NaN
26213	NaN
26214	NaN
26215	NaN
26216	NaN
26217	NaN
26218	NaN
26219	NaN
26220	NaN
26221	NaN
26222	NaN
26223	NaN
26224	NaN
26225	NaN
26226	NaN
26227	NaN
26228	NaN
26229	NaN
26230	NaN
26231	NaN
26232	NaN
26233	NaN
26234	NaN
26235	NaN
26236	NaN
26237	10.25430393
26238	3.24040747
26239	2.16849256
26240	1.73492146
26241	1.50055599
26242	1.35391319
26243	1.25360763
26244	1.18074524
26245	1.12546873
26246	1.08213210
26247	1.04727066
26248	1.01863801
26249	0.99471444
26250	0.97443604
26251	0.95703417
26252	0.94194061
26253	0.92872638
26254	0.91706073
26255	0.90668547
26256	0.89739484
26257	0.88902456
26258	0.88144028
26259	0.87453216
26260	0.86820883
26261	0.86239392
26262	0.85702312
26263	0.85204202
26264	0.84740406
26265	0.84306908
26266	0.83900249
26267	0.83517432
26268	0.83155817
26269	0.82813126
26270	0.82487315
26271	0.82176590
26272	0.81879365
26273	0.81594205
26274	0.81319851
26275	0.81055152
26276	0.80799103
26277	0.80550754
26278	0.80309296
26279	0.80073947
26280	0.79844028
26281	0.79618901
26282	0.79398006
26283	0.79180813
26284	0.78966844
26285	0.78755659
26286	0.78546858
26287	0.78340071
26288	0.78134954
26289	0.77931207
26290	0.77728534
26291	0.77526671
26292	0.77325392
26293	0.77124459
26294	0.76923686
26295	0.76722878
26296	0.76521868
26297	0.76320511
26298	0.76118672
26299	0.75916219
26300	0.75713038
26301	0.75509042
26302	0.75304139
26303	0.75098252
26304	0.74891305
26305	0.74683255
26306	0.74474043
26307	0.74263626
26308	0.74051964
26309	0.73839033
26310	0.73624814
26311	0.73409289
26312	0.73192441
26313	0.72974253
26314	0.72754747
26315	0.72533894
26316	0.72311717
26317	0.72088218
26318	0.71863407
26319	0.71637285
26320	0.71409869
26321	0.71181178
26322	0.70951223
26323	0.70720029
26324	0.70487601
26325	0.70253974
26326	0.70019162
26327	0.69783181
26328	0.69546080
26329	0.69307858
26330	0.69068551
26331	0.68828189
26332	0.68586802
26333	0.68344420
26334	0.68101066
26335	0.67856789
26336	0.67611611
26337	0.67365569
26338	0.67118704
26339	0.66871047
26340	0.66622651
26341	0.66373539
26342	0.66123760
26343	0.65873355
26344	0.65622365
26345	0.65370834
26346	0.65118796
26347	0.64866298
26348	0.64613396
26349	0.64360106
26350	0.64106482
26351	0.63852566
26352	0.63598400
26353	0.63344014
26354	0.63089442
26355	0.62834734
26356	0.62579918
26357	0.62325031
26358	0.62070101
26359	0.61815155
26360	0.61560225
26361	0.61305338
26362	0.61050522
26363	0.60795790
26364	0.60541183
26365	0.60286701
26366	0.60032374
26367	0.59778214
26368	0.59524238
26369	0.59270453
26370	0.59016889
26371	0.58763534
26372	0.58510417
26373	0.58257526
26374	0.58004886
26375	0.57752490
26376	0.57500350
26377	0.57248473
26378	0.56996846
26379	0.56745481
26380	0.56494385
26381	0.56243539
26382	0.55992961
26383	0.55742639
26384	0.55492580
26385	0.55242765
26386	0.54993206
26387	0.54743898
26388	0.54494828
26389	0.54246002
26390	0.53997397
26391	0.53749031
26392	0.53500891
26393	0.53252965
26394	0.53005248
26395	0.52757740
26396	0.52510434
26397	0.52263319
26398	0.52016395
26399	0.51769650
26400	0.51523083
26401	0.51276690
26402	0.51030463
26403	0.50784391
26404	0.50538480
26405	0.50292712
26406	0.50047094
26407	0.49801615
26408	0.49556276
26409	0.49311072
26410	0.49065998
26411	0.48821053
26412	0.48576242
26413	0.48331556
26414	0.48086998
26415	0.47842574
26416	0.47598279
26417	0.47354120
26418	0.47110096
26419	0.46866214
26420	0.46622473
26421	0.46378890
26422	0.46135458
26423	0.45892188
26424	0.45649087
26425	0.45406157
26426	0.45163411
26427	0.44920850
26428	0.44678479
26429	0.44436309
26430	0.44194338
26431	0.43952578
26432	0.43711025
26433	0.43469682
26434	0.43228543
26435	0.42987618
26436	0.42746890
26437	0.42506361
26438	0.42266008
26439	0.42025828
26440	0.41785803
26441	0.41545910
26442	0.41306117
26443	0.41066396
26444	0.40826723
26445	0.40587044
26446	0.40347314
26447	0.40107486
26448	0.39867488
26449	0.39627260
26450	0.39386719
26451	0.39145789
26452	0.38904363
26453	0.38662353
26454	0.38419619
26455	0.38176063
26456	0.37931523
26457	0.37685853
26458	0.37438881
26459	0.37190419
26460	0.36940268
26461	0.36688212
26462	0.36433980
26463	0.36177319
26464	0.35917935
26465	0.35655484
26466	0.35389617
26467	0.35119927
26468	0.34845981
26469	0.34567276
26470	0.34283260
26471	0.33993351
26472	0.33696851
26473	0.33393008
26474	0.33080953
26475	0.32759744
26476	0.32428297
26477	0.32085365
26478	0.31729582
26479	0.31359345
26480	0.30972850
26481	0.30568010
26482	0.30142409
26483	0.29693303
26484	0.29217452
26485	0.28711069
26486	0.28169754
26487	0.27588236
26488	0.26960292
26489	0.26278442
26490	0.25533640
26491	0.24714881
26492	0.23808601
26493	0.22797915
26494	0.21661595
26495	0.20372470
26496	0.18895307
26497	0.17183533
26498	0.15174259
26499	0.12780763
26500	0.09879477
26501	0.06288437
26502	0.01728464
26503	-0.04252435
26504	-0.12436716
26505	-0.24307248
26506	-0.43056816
26507	-0.77050072
26508	-1.57432568
26509	-5.81110287
26510	NaN
26511	NaN
26512	NaN
26513	NaN
26514	NaN
26515	NaN
26516	NaN
26517	NaN
26518	NaN
26519	NaN
26520	NaN
26521	NaN
26522	NaN
26523	NaN
26524	NaN
26525	NaN
26526	NaN
26527	NaN
26528	NaN
26529	NaN
26530	NaN
26531	NaN
26532	NaN
26533	NaN
26534	NaN
26535	NaN
26536	NaN
26537	NaN
26538	NaN
26539	NaN
26540	NaN
26541	NaN
26542	NaN
26543	NaN
26544	NaN
26545	NaN
26546	NaN
26547	NaN
26548	NaN
26549	NaN
26550	NaN
26551	NaN
26552	NaN
26553	NaN
26554	NaN
26555	NaN
26556	NaN
26557	NaN
26558	NaN
26559	NaN
26560	NaN
26561	NaN
26562	NaN
26563	NaN
26564	NaN
26565	NaN
26566	NaN
26567	NaN
26568	NaN
26569	NaN
26570	NaN
26571	NaN
26572	15.21230030
26573	3.32726407
26574	2.13282895
26575	1.68007588
26576	1.44218779
26577	1.29575193
26578	1.19667113
26579	1.12526739
26580	1.07143283
26581	1.02944446
26582	0.99581665
26583	0.96830738
26584	0.94540715
26585	0.92606288
26586	0.90951806
26587	0.89521480
26588	0.88273239
26589	0.87174851
26590	0.86201048
26591	0.85331911
26592	0.84551406
26593	0.83846533
26594	0.83206636
26595	0.82622880
26596	0.82087898
26597	0.81595486
26598	0.81140399
26599	0.80718124
26600	0.80324811
26601	0.79957139
26602	0.79612231
26603	0.79287553
26604	0.78980899
26605	0.78690314
26606	0.78414083
26607	0.78150684
26608	0.77898765
26609	0.77657104
26610	0.77424616
26611	0.77200317
26612	0.76983345
26613	0.76772863
26614	0.76568180
26615	0.76368624
26616	0.76173604
26617	0.75982553
26618	0.75794995
26619	0.75610453
26620	0.75428504
26621	0.75248778
26622	0.75070906
26623	0.74894565
26624	0.74719441
26625	0.74545252
26626	0.74371749
26627	0.74198687
26628	0.74025840
26629	0.73853010
26630	0.73679990
26631	0.73506624
26632	0.73332733
26633	0.73158181
26634	0.72982812
26635	0.72806507
26636	0.72629142
26637	0.72450614
26638	0.72270823
26639	0.72089672
26640	0.71907067
26641	0.71722966
26642	0.71537268
26643	0.71349925
26644	0.71160871
26645	0.70970058
26646	0.70777446
26647	0.70582998
26648	0.70386660
26649	0.70188421
26650	0.69988233
26651	0.69786096
26652	0.69581974
26653	0.69375855
26654	0.69167721
26655	0.68957573
26656	0.68745387
26657	0.68531179
26658	0.68314928
26659	0.68096644
26660	0.67876327
26661	0.67653984
26662	0.67429638
26663	0.67203283
26664	0.66974938
26665	0.66744620
26666	0.66512358
26667	0.66278166
26668	0.66042084
26669	0.65804124
26670	0.65564334
26671	0.65322739
26672	0.65079391
26673	0.64834315
26674	0.64587569
26675	0.64339197
26676	0.64089239
26677	0.63837767
26678	0.63584816
26679	0.63330460
26680	0.63074738
26681	0.62817723
26682	0.62559474
26683	0.62300050
26684	0.62039512
26685	0.61777925
26686	0.61515355
26687	0.61251861
26688	0.60987508
26689	0.60722351
26690	0.60456467
26691	0.60189903
26692	0.59922725
26693	0.59654981
26694	0.59386748
26695	0.59118056
26696	0.58848977
26697	0.58579558
26698	0.58309847
26699	0.58039886
26700	0.57769728
26701	0.57499415
26702	0.57228994
26703	0.56958491
26704	0.56687957
26705	0.56417418
26706	0.56146914
26707	0.55876470
26708	0.55606121
26709	0.55335885
26710	0.55065805
26711	0.54795891
26712	0.54526174
26713	0.54256672
26714	0.53987414
26715	0.53718406
26716	0.53449684
26717	0.53181249
26718	0.52913129
26719	0.52645338
26720	0.52377892
26721	0.52110797
26722	0.51844090
26723	0.51577765
26724	0.51311845
26725	0.51046348
26726	0.50781280
26727	0.50516653
26728	0.50252491
26729	0.49988803
26730	0.49725595
26731	0.49462885
26732	0.49200684
26733	0.48938996
26734	0.48677841
26735	0.48417222
26736	0.48157156
26737	0.47897637
26738	0.47638687
26739	0.47380304
26740	0.47122496
26741	0.46865273
26742	0.46608627
26743	0.46352574
26744	0.46097109
26745	0.45842233
26746	0.45587951
26747	0.45334259
26748	0.45081156
26749	0.44828638
26750	0.44576705
26751	0.44325355
26752	0.44074577
26753	0.43824372
26754	0.43574733
26755	0.43325657
26756	0.43077135
26757	0.42829159
26758	0.42581719
26759	0.42334822
26760	0.42088443
26761	0.41842586
26762	0.41597235
26763	0.41352382
26764	0.41108024
26765	0.40864143
26766	0.40620735
26767	0.40377784
26768	0.40135279
26769	0.39893210
26770	0.39651558
26771	0.39410314
26772	0.39169458
26773	0.38928959
26774	0.38688815
26775	0.38448989
26776	0.38209453
26777	0.37970182
26778	0.37731135
26779	0.37492278
26780	0.37253565
26781	0.37014940
26782	0.36776352
26783	0.36537734
26784	0.36299008
26785	0.36060098
26786	0.35820910
26787	0.35581335
26788	0.35341266
26789	0.35100555
26790	0.34859073
26791	0.34616649
26792	0.34373087
26793	0.34128198
26794	0.33881739
26795	0.33633453
26796	0.33383057
26797	0.33130211
26798	0.32874569
26799	0.32615712
26800	0.32353193
26801	0.32086483
26802	0.31815010
26803	0.31538114
26804	0.31255066
26805	0.30965018
26806	0.30667022
26807	0.30359995
26808	0.30042681
26809	0.29713693
26810	0.29371396
26811	0.29013896
26812	0.28639016
26813	0.28244215
26814	0.27826554
26815	0.27382559
26816	0.26908103
26817	0.26398349
26818	0.25847444
26819	0.25248370
26820	0.24592569
26821	0.23869550
26822	0.23066381
26823	0.22166742
26824	0.21149935
26825	0.19989389
26826	0.18650141
26827	0.17085594
26828	0.15232000
26829	0.12999953
26830	0.10260165
26831	0.06818078
26832	0.02367043
26833	-0.03605605
26834	-0.12027495
26835	-0.24766442
26836	-0.46225432
26837	-0.89857310
26838	-2.25971603
26839	NaN
26840	NaN
26841	NaN
26842	NaN
26843	NaN
26844	NaN
26845	NaN
26846	NaN
26847	NaN
26848	NaN
26849	NaN
26850	NaN
26851	NaN
26852	NaN
26853	NaN
26854	NaN
26855	NaN
26856	NaN
26857	NaN
26858	NaN
26859	NaN
26860	NaN
26861	NaN
26862	NaN
26863	NaN
26864	NaN
26865	NaN
26866	NaN
26867	NaN
26868	NaN
26869	NaN
26870	NaN
26871	NaN
26872	NaN
26873	NaN
26874	NaN
26875	NaN
26876	NaN
26877	NaN
26878	NaN
26879	NaN
26880	NaN
26881	NaN
26882	NaN
26883	NaN
26884	NaN
26885	NaN
26886	NaN
26887	NaN
26888	NaN
26889	NaN
26890	NaN
26891	NaN
26892	NaN
26893	NaN
26894	NaN
26895	NaN
26896	NaN
26897	NaN
26898	NaN
26899	NaN
26900	NaN
26901	NaN
26902	NaN
26903	NaN
26904	3.50258803
26905	2.10258412
26906	1.63241553
26907	1.39714658
26908	1.25621128
26909	1.16252899
26910	1.09587121
26911	1.04610503
26912	1.00759280
26913	0.97695035
26914	0.95202053
26915	0.93136644
26916	0.91399175
26917	0.89918512
26918	0.88642460
26919	0.87531835
26920	0.86556715
26921	0.85693830
26922	0.84924781
26923	0.84234911
26924	0.83612257
26925	0.83047140
26926	0.82531518
26927	0.82058710
26928	0.81623101
26929	0.81219941
26930	0.80845189
26931	0.80495393
26932	0.80167580
26933	0.79859155
26934	0.79567868
26935	0.79291755
26936	0.79029107
26937	0.78778380
26938	0.78538251
26939	0.78307498
26940	0.78085071
26941	0.77869999
26942	0.77661431
26943	0.77458578
26944	0.77260751
26945	0.77067316
26946	0.76877701
26947	0.76691377
26948	0.76507872
26949	0.76326740
26950	0.76147586
26951	0.75970042
26952	0.75793767
26953	0.75618464
26954	0.75443840
26955	0.75269628
26956	0.75095594
26957	0.74921519
26958	0.74747181
26959	0.74572408
26960	0.74397016
26961	0.74220842
26962	0.74043751
26963	0.73865604
26964	0.73686278
26965	0.73505670
26966	0.73323667
26967	0.73140192
26968	0.72955155
26969	0.72768486
26970	0.72580135
26971	0.72390026
26972	0.72198129
26973	0.72004384
26974	0.71808773
26975	0.71611273
26976	0.71411848
26977	0.71210492
26978	0.71007174
26979	0.70801914
26980	0.70594692
26981	0.70385510
26982	0.70174384
26983	0.69961298
26984	0.69746292
26985	0.69529355
26986	0.69310516
26987	0.69089788
26988	0.68867189
26989	0.68642735
26990	0.68416458
26991	0.68188387
26992	0.67958534
26993	0.67726928
26994	0.67493612
26995	0.67258608
26996	0.67021942
26997	0.66783661
26998	0.66543788
26999	0.66302371
27000	0.66059446
27001	0.65815049
27002	0.65569222
27003	0.65322018
27004	0.65073478
27005	0.64823645
27006	0.64572579
27007	0.64320326
27008	0.64066929
27009	0.63812453
27010	0.63556945
27011	0.63300467
27012	0.63043070
27013	0.62784809
27014	0.62525743
27015	0.62265939
27016	0.62005436
27017	0.61744303
27018	0.61482590
27019	0.61220354
27020	0.60957652
27021	0.60694540
27022	0.60431063
27023	0.60167277
27024	0.59903228
27025	0.59638965
27026	0.59374535
27027	0.59109974
27028	0.58845347
27029	0.58580673
27030	0.58315992
27031	0.58051354
27032	0.57786781
27033	0.57522315
27034	0.57257974
27035	0.56993794
27036	0.56729811
27037	0.56466031
27038	0.56202495
27039	0.55939221
27040	0.55676216
27041	0.55413514
27042	0.55151123
27043	0.54889059
27044	0.54627341
27045	0.54365993
27046	0.54105008
27047	0.53844404
27048	0.53584200
27049	0.53324395
27050	0.53065014
27051	0.52806050
27052	0.52547520
27053	0.52289438
27054	0.52031797
27055	0.51774621
27056	0.51517904
27057	0.51261669
27058	0.51005906
27059	0.50750631
27060	0.50495851
27061	0.50241572
27062	0.49987796
27063	0.49734539
27064	0.49481794
27065	0.49229589
27066	0.48977908
27067	0.48726767
27068	0.48476171
27069	0.48226130
27070	0.47976640
27071	0.47727707
27072	0.47479349
27073	0.47231555
27074	0.46984339
27075	0.46737704
27076	0.46491647
27077	0.46246183
27078	0.46001309
27079	0.45757031
27080	0.45513353
27081	0.45270276
27082	0.45027807
27083	0.44785947
27084	0.44544703
27085	0.44304073
27086	0.44064066
27087	0.43824685
27088	0.43585929
27089	0.43347806
27090	0.43110323
27091	0.42873475
27092	0.42637271
27093	0.42401710
27094	0.42166805
27095	0.41932553
27096	0.41698948
27097	0.41466001
27098	0.41233709
27099	0.41002071
27100	0.40771091
27101	0.40540758
27102	0.40311068
27103	0.40082020
27104	0.39853591
27105	0.39625785
27106	0.39398575
27107	0.39171943
27108	0.38945872
27109	0.38720334
27110	0.38495293
27111	0.38270718
27112	0.38046560
27113	0.37822774
27114	0.37599310
27115	0.37376100
27116	0.37153077
27117	0.36930165
27118	0.36707273
27119	0.36484307
27120	0.36261150
27121	0.36037692
27122	0.35813794
27123	0.35589305
27124	0.35364076
27125	0.35137910
27126	0.34910619
27127	0.34681979
27128	0.34451753
27129	0.34219685
27130	0.33985475
27131	0.33748791
27132	0.33509299
27133	0.33266583
27134	0.33020228
27135	0.32769728
27136	0.32514542
27137	0.32254088
27138	0.31987685
27139	0.31714574
27140	0.31433925
27141	0.31144786
27142	0.30846086
27143	0.30536604
27144	0.30214971
27145	0.29879627
27146	0.29528782
27147	0.29160371
27148	0.28772041
27149	0.28361058
27150	0.27924210
27151	0.27457750
27152	0.26957345
27153	0.26417777
27154	0.25832880
27155	0.25195208
27156	0.24495845
27157	0.23723821
27158	0.22865668
27159	0.21904553
27160	0.20819302
27161	0.19582778
27162	0.18159685
27163	0.16503273
27164	0.14550415
27165	0.12213400
27166	0.09367147
27167	0.05826467
27168	0.01305766
27169	-0.04660653
27170	-0.12886375
27171	-0.24932833
27172	-0.44223827
27173	-0.80006069
27174	-1.68878245
27175	-7.63064384
27176	NaN
27177	NaN
27178	NaN
27179	NaN
27180	NaN
27181	NaN
27182	NaN
27183	NaN
27184	NaN
27185	NaN
27186	NaN
27187	NaN
27188	NaN
27189	NaN
27190	NaN
27191	NaN
27192	NaN
27193	NaN
27194	NaN
27195	NaN
27196	NaN
27197	NaN
27198	NaN
27199	NaN
27200	NaN
27201	NaN
27202	NaN
27203	NaN
27204	NaN
27205	NaN
27206	NaN
27207	NaN
27208	NaN
27209	NaN
27210	NaN
27211	NaN
27212	NaN
27213	NaN
27214	NaN
27215	NaN
27216	NaN
27217	NaN
27218	NaN
27219	NaN
27220	NaN
27221	NaN
27222	NaN
27223	NaN
27224	NaN
27225	NaN
27226	NaN
27227	NaN
27228	NaN
27229	NaN
27230	NaN
27231	NaN
27232	NaN
27233	NaN
27234	NaN
27235	NaN
27236	NaN
27237	NaN
27238	NaN
27239	NaN
27240	3.49097109
27241	2.09001970
27242	1.61508536
27243	1.37630057
27244	1.23272085
27245	1.13694453
27246	1.06854975
27247	1.01729321
27248	0.97746742
27249	0.94564432
27250	0.91963822
27251	0.89799082
27252	0.87969148
27253	0.86401743
27254	0.85043859
27255	0.83855718
27256	0.82806885
27257	0.81873685
27258	0.81037396
27259	0.80283076
27260	0.79598600
27261	0.78974056
27262	0.78401273
27263	0.77873385
27264	0.77384686
27265	0.76930326
27266	0.76506156
27267	0.76108640
27268	0.75734711
27269	0.75381732
27270	0.75047380
27271	0.74729645
27272	0.74426752
27273	0.74137104
27274	0.73859346
27275	0.73592216
27276	0.73334616
27277	0.73085552
27278	0.72844148
27279	0.72609580
27280	0.72381139
27281	0.72158170
27282	0.71940058
27283	0.71726274
27284	0.71516323
27285	0.71309727
27286	0.71106094
27287	0.70905024
27288	0.70706165
27289	0.70509207
27290	0.70313823
27291	0.70119756
27292	0.69926739
27293	0.69734550
27294	0.69542938
27295	0.69351733
27296	0.69160724
27297	0.68969738
27298	0.68778622
27299	0.68587208
27300	0.68395382
27301	0.68203002
27302	0.68009937
27303	0.67816097
27304	0.67621368
27305	0.67425668
27306	0.67228907
27307	0.67031008
27308	0.66831887
27309	0.66631508
27310	0.66429794
27311	0.66226697
27312	0.66022176
27313	0.65816182
27314	0.65608686
27315	0.65399653
27316	0.65189058
27317	0.64976871
27318	0.64763075
27319	0.64547658
27320	0.64330608
27321	0.64111912
27322	0.63891572
27323	0.63669568
27324	0.63445926
27325	0.63220626
27326	0.62993681
27327	0.62765098
27328	0.62534893
27329	0.62303078
27330	0.62069666
27331	0.61834675
27332	0.61598134
27333	0.61360061
27334	0.61120480
27335	0.60879439
27336	0.60636950
27337	0.60393053
27338	0.60147792
27339	0.59901202
27340	0.59653324
27341	0.59404212
27342	0.59153897
27343	0.58902442
27344	0.58649898
27345	0.58396304
27346	0.58141732
27347	0.57886225
27348	0.57629836
27349	0.57372636
27350	0.57114679
27351	0.56856012
27352	0.56596714
27353	0.56336820
27354	0.56076407
27355	0.55815530
27356	0.55554235
27357	0.55292588
27358	0.55030650
27359	0.54768461
27360	0.54506081
27361	0.54243565
27362	0.53980953
27363	0.53718299
27364	0.53455645
27365	0.53193045
27366	0.52930528
27367	0.52668142
27368	0.52405924
27369	0.52143902
27370	0.51882130
27371	0.51620609
27372	0.51359391
27373	0.51098502
27374	0.50837958
27375	0.50577784
27376	0.50318003
27377	0.50058639
27378	0.49799705
27379	0.49541211
27380	0.49283183
27381	0.49025631
27382	0.48768565
27383	0.48511994
27384	0.48255932
27385	0.48000386
27386	0.47745359
27387	0.47490865
27388	0.47236907
27389	0.46983492
27390	0.46730626
27391	0.46478313
27392	0.46226558
27393	0.45975360
27394	0.45724729
27395	0.45474660
27396	0.45225161
27397	0.44976228
27398	0.44727868
27399	0.44480076
27400	0.44232860
27401	0.43986210
27402	0.43740132
27403	0.43494618
27404	0.43249667
27405	0.43005273
27406	0.42761433
27407	0.42518142
27408	0.42275393
27409	0.42033178
27410	0.41791481
27411	0.41550303
27412	0.41309628
27413	0.41069439
27414	0.40829733
27415	0.40590483
27416	0.40351683
27417	0.40113303
27418	0.39875335
27419	0.39637750
27420	0.39400536
27421	0.39163658
27422	0.38927096
27423	0.38690823
27424	0.38454810
27425	0.38219023
27426	0.37983429
27427	0.37747997
27428	0.37512684
27429	0.37277454
27430	0.37042257
27431	0.36807051
27432	0.36571783
27433	0.36336401
27434	0.36100838
27435	0.35865039
27436	0.35628930
27437	0.35392436
27438	0.35155475
27439	0.34917969
27440	0.34679803
27441	0.34440884
27442	0.34201086
27443	0.33960295
27444	0.33718371
27445	0.33475149
27446	0.33230469
27447	0.32984152
27448	0.32735991
27449	0.32485765
27450	0.32233226
27451	0.31978115
27452	0.31720129
27453	0.31458941
27454	0.31194183
27455	0.30925462
27456	0.30652344
27457	0.30374321
27458	0.30090863
27459	0.29801369
27460	0.29505166
27461	0.29201508
27462	0.28889564
27463	0.28568420
27464	0.28237039
27465	0.27894244
27466	0.27538753
27467	0.27169096
27468	0.26783624
27469	0.26380447
27470	0.25957435
27471	0.25512183
27472	0.25041887
27473	0.24543378
27474	0.24012943
27475	0.23446327
27476	0.22838542
27477	0.22183734
27478	0.21474978
27479	0.20704089
27480	0.19861227
27481	0.18934523
27482	0.17909458
27483	0.16768254
27484	0.15488653
27485	0.14042632
27486	0.12394269
27487	0.10496923
27488	0.08288641
27489	0.05685529
27490	0.02571008
27491	-0.01221685
27492	-0.05940152
27493	-0.11968089
27494	-0.19934368
27495	-0.30945191
27496	-0.47144741
27497	-0.73304367
27498	-1.22624648
27499	-2.50071812
27500	-13.42965889
27501	NaN
27502	NaN
27503	NaN
27504	NaN
27505	NaN
27506	NaN
27507	NaN
27508	NaN
27509	NaN
27510	NaN
27511	NaN
27512	NaN
27513	NaN
27514	NaN
27515	NaN
27516	NaN
27517	NaN
27518	NaN
27519	NaN
27520	NaN
27521	NaN
27522	NaN
27523	NaN
27524	NaN
27525	NaN
27526	NaN
27527	NaN
27528	NaN
27529	NaN
27530	NaN
27531	NaN
27532	NaN
27533	NaN
27534	NaN
27535	NaN
27536	NaN
27537	NaN
27538	NaN
27539	NaN
27540	NaN
27541	NaN
27542	NaN
27543	NaN
27544	NaN
27545	NaN
27546	NaN
27547	NaN
27548	NaN
27549	NaN
27550	NaN
27551	NaN
27552	NaN
27553	NaN
27554	NaN
27555	NaN
27556	4.86236668
27557	2.55188274
27558	1.87744081
27559	1.55595863
27560	1.36799037
27561	1.24477339
27562	1.15784144
27563	1.09327936
27564	1.04347897
27565	1.00392783
27566	0.97178113
27567	0.94515628
27568	0.92275608
27569	0.90365952
27570	0.88719368
27571	0.87285578
27572	0.86026150
27573	0.84911323
27574	0.83917624
27575	0.83026320
27576	0.82222253
27577	0.81493026
27578	0.80828387
27579	0.80219853
27580	0.79660231
27581	0.79143500
27582	0.78664464
27583	0.78218716
27584	0.77802438
27585	0.77412325
27586	0.77045488
27587	0.76699394
27588	0.76371819
27589	0.76060796
27590	0.75764591
27591	0.75481641
27592	0.75210571
27593	0.74950135
27594	0.74699211
27595	0.74456787
27596	0.74221975
27597	0.73993927
27598	0.73771906
27599	0.73555225
27600	0.73343265
27601	0.73135465
27602	0.72931302
27603	0.72730291
27604	0.72532010
27605	0.72336042
27606	0.72142041
27607	0.71949643
27608	0.71758550
27609	0.71568483
27610	0.71379173
27611	0.71190375
27612	0.71001863
27613	0.70813447
27614	0.70624924
27615	0.70436138
27616	0.70246923
27617	0.70057130
27618	0.69866639
27619	0.69675314
27620	0.69483072
27621	0.69289798
27622	0.69095403
27623	0.68899816
27624	0.68702960
27625	0.68504769
27626	0.68305200
27627	0.68104184
27628	0.67901695
27629	0.67697680
27630	0.67492121
27631	0.67284983
27632	0.67076236
27633	0.66865873
27634	0.66653872
27635	0.66440219
27636	0.66224915
27637	0.66007942
27638	0.65789306
27639	0.65569007
27640	0.65347046
27641	0.65123433
27642	0.64898163
27643	0.64671254
27644	0.64442736
27645	0.64212596
27646	0.63980865
27647	0.63747567
27648	0.63512719
27649	0.63276345
27650	0.63038474
27651	0.62799144
27652	0.62558371
27653	0.62316209
27654	0.62072670
27655	0.61827815
27656	0.61581683
27657	0.61334300
27658	0.61085725
27659	0.60835993
27660	0.60585159
27661	0.60333270
27662	0.60080373
27663	0.59826517
27664	0.59571749
27665	0.59316123
27666	0.59059697
27667	0.58802515
27668	0.58544618
27669	0.58286077
27670	0.58026928
27671	0.57767206
27672	0.57506984
27673	0.57246298
27674	0.56985188
27675	0.56723702
27676	0.56461883
27677	0.56199765
27678	0.55937392
27679	0.55674803
27680	0.55412030
27681	0.55149108
27682	0.54886067
27683	0.54622936
27684	0.54359752
27685	0.54096532
27686	0.53833300
27687	0.53570092
27688	0.53306913
27689	0.53043795
27690	0.52780753
27691	0.52517813
27692	0.52254981
27693	0.51992273
27694	0.51729703
27695	0.51467288
27696	0.51205039
27697	0.50942963
27698	0.50681078
27699	0.50419390
27700	0.50157911
27701	0.49896637
27702	0.49635586
27703	0.49374765
27704	0.49114183
27705	0.48853841
27706	0.48593745
27707	0.48333901
27708	0.48074314
27709	0.47814995
27710	0.47555938
27711	0.47297159
27712	0.47038651
27713	0.46780419
27714	0.46522474
27715	0.46264815
27716	0.46007439
27717	0.45750359
27718	0.45493564
27719	0.45237067
27720	0.44980869
27721	0.44724956
27722	0.44469348
27723	0.44214037
27724	0.43959019
27725	0.43704301
27726	0.43449879
27727	0.43195754
27728	0.42941928
27729	0.42688394
27730	0.42435157
27731	0.42182219
27732	0.41929570
27733	0.41677213
27734	0.41425154
27735	0.41173378
27736	0.40921897
27737	0.40670699
27738	0.40419793
27739	0.40169168
27740	0.39918825
27741	0.39668757
27742	0.39418966
27743	0.39169443
27744	0.38920188
27745	0.38671181
27746	0.38422424
27747	0.38173905
27748	0.37925610
27749	0.37677521
27750	0.37429628
27751	0.37181911
27752	0.36934343
27753	0.36686900
27754	0.36439544
27755	0.36192253
27756	0.35944974
27757	0.35697675
27758	0.35450301
27759	0.35202795
27760	0.34955099
27761	0.34707135
27762	0.34458837
27763	0.34210116
27764	0.33960873
27765	0.33711010
27766	0.33460408
27767	0.33208951
27768	0.32956499
27769	0.32702893
27770	0.32447973
27771	0.32191563
27772	0.31933463
27773	0.31673452
27774	0.31411299
27775	0.31146750
27776	0.30879515
27777	0.30609283
27778	0.30335724
27779	0.30058464
27780	0.29777095
27781	0.29491168
27782	0.29200193
27783	0.28903633
27784	0.28600875
27785	0.28291270
27786	0.27974090
27787	0.27648520
27788	0.27313659
27789	0.26968494
27790	0.26611921
27791	0.26242670
27792	0.25859341
27793	0.25460339
27794	0.25043881
27795	0.24607930
27796	0.24150176
27797	0.23667979
27798	0.23158337
27799	0.22617757
27800	0.22042236
27801	0.21427077
27802	0.20766857
27803	0.20055123
27804	0.19284296
27805	0.18445317
27806	0.17527339
27807	0.16517200
27808	0.15398782
27809	0.14152169
27810	0.12752533
27811	0.11168309
27812	0.09358996
27813	0.07271505
27814	0.04835180
27815	0.01953548
27816	-0.01508504
27817	-0.05746302
27818	-0.11052896
27819	-0.17889483
27820	-0.27025738
27821	-0.39850062
27822	-0.59146994
27823	-0.91443729
27824	-1.56478703
27825	-3.54879951
27826	NaN
27827	NaN
27828	NaN
27829	NaN
27830	NaN
27831	NaN
27832	NaN
27833	NaN
27834	NaN
27835	NaN
27836	NaN
27837	NaN
27838	NaN
27839	NaN
27840	NaN
27841	NaN
27842	NaN
27843	NaN
27844	NaN
27845	NaN
27846	NaN
27847	NaN
27848	NaN
27849	NaN
27850	NaN
27851	NaN
27852	NaN
27853	NaN
27854	NaN
27855	NaN
27856	NaN
27857	NaN
27858	NaN
27859	NaN
27860	NaN
27861	NaN
27862	NaN
27863	NaN
27864	NaN
27865	NaN
27866	NaN
27867	NaN
27868	NaN
27869	NaN
27870	NaN
27871	NaN
27872	NaN
27873	NaN
27874	NaN
27875	NaN
27876	NaN
27877	8.67113400
27878	3.01181650
27879	2.03231359
27880	1.62622738
27881	1.40426993
27882	1.26450491
27883	1.16851783
27884	1.09860528
27885	1.04547238
27886	1.00377285
27887	0.97020924
27888	0.94264138
27889	0.91961628
27890	0.90011483
27891	0.88339919
27892	0.86892295
27893	0.85627306
27894	0.84513068
27895	0.83524591
27896	0.82642084
27897	0.81849533
27898	0.81133950
27899	0.80484658
27900	0.79892766
27901	0.79350871
27902	0.78852671
27903	0.78392881
27904	0.77966917
27905	0.77570885
27906	0.77201366
27907	0.76855433
27908	0.76530492
27909	0.76224291
27910	0.75934815
27911	0.75660324
27912	0.75399214
27913	0.75150102
27914	0.74911702
27915	0.74682927
27916	0.74462712
27917	0.74250174
27918	0.74044466
27919	0.73844820
27920	0.73650569
27921	0.73461056
27922	0.73275721
27923	0.73094028
27924	0.72915488
27925	0.72739667
27926	0.72566134
27927	0.72394520
27928	0.72224474
27929	0.72055656
27930	0.71887779
27931	0.71720546
27932	0.71553707
27933	0.71387017
27934	0.71220249
27935	0.71053189
27936	0.70885652
27937	0.70717448
27938	0.70548409
27939	0.70378375
27940	0.70207208
27941	0.70034772
27942	0.69860929
27943	0.69685584
27944	0.69508624
27945	0.69329935
27946	0.69149441
27947	0.68967062
27948	0.68782705
27949	0.68596321
27950	0.68407834
27951	0.68217194
27952	0.68024343
27953	0.67829233
27954	0.67631841
27955	0.67432106
27956	0.67230010
27957	0.67025530
27958	0.66818625
27959	0.66609299
27960	0.66397530
27961	0.66183293
27962	0.65966594
27963	0.65747422
27964	0.65525794
27965	0.65301704
27966	0.65075153
27967	0.64846158
27968	0.64614749
27969	0.64380932
27970	0.64144731
27971	0.63906181
27972	0.63665307
27973	0.63422149
27974	0.63176745
27975	0.62929142
27976	0.62679386
27977	0.62427527
27978	0.62173623
27979	0.61917728
27980	0.61659902
27981	0.61400217
27982	0.61138731
27983	0.60875511
27984	0.60610646
27985	0.60344189
27986	0.60076231
27987	0.59806836
27988	0.59536082
27989	0.59264064
27990	0.58990842
27991	0.58716494
27992	0.58441097
27993	0.58164740
27994	0.57887495
27995	0.57609427
27996	0.57330614
27997	0.57051128
27998	0.56771046
27999	0.56490433
28000	0.56209350
28001	0.55927867
28002	0.55646050
28003	0.55363953
28004	0.55081630
28005	0.54799157
28006	0.54516560
28007	0.54233915
28008	0.53951252
28009	0.53668636
28010	0.53386104
28011	0.53103703
28012	0.52821469
28013	0.52539438
28014	0.52257663
28015	0.51976162
28016	0.51694977
28017	0.51414144
28018	0.51133686
28019	0.50853640
28020	0.50574028
28021	0.50294876
28022	0.50016212
28023	0.49738064
28024	0.49460450
28025	0.49183390
28026	0.48906904
28027	0.48631018
28028	0.48355746
28029	0.48081106
28030	0.47807115
28031	0.47533789
28032	0.47261140
28033	0.46989185
28034	0.46717930
28035	0.46447393
28036	0.46177581
28037	0.45908499
28038	0.45640165
28039	0.45372576
28040	0.45105740
28041	0.44839662
28042	0.44574347
28043	0.44309798
28044	0.44046009
28045	0.43782988
28046	0.43520737
28047	0.43259245
28048	0.42998520
28049	0.42738551
28050	0.42479339
28051	0.42220882
28052	0.41963175
28053	0.41706210
28054	0.41449982
28055	0.41194496
28056	0.40939730
28057	0.40685698
28058	0.40432388
28059	0.40179792
28060	0.39927903
28061	0.39676726
28062	0.39426249
28063	0.39176479
28064	0.38927394
28065	0.38679010
28066	0.38431314
28067	0.38184303
28068	0.37937975
28069	0.37692320
28070	0.37447348
28071	0.37203044
28072	0.36959404
28073	0.36716419
28074	0.36474091
28075	0.36232403
28076	0.35991338
28077	0.35750896
28078	0.35511065
28079	0.35271809
28080	0.35033116
28081	0.34794971
28082	0.34557337
28083	0.34320176
28084	0.34083453
28085	0.33847132
28086	0.33611155
28087	0.33375478
28088	0.33140016
28089	0.32904717
28090	0.32669497
28091	0.32434264
28092	0.32198918
28093	0.31963351
28094	0.31727439
28095	0.31491047
28096	0.31254014
28097	0.31016189
28098	0.30777374
28099	0.30537370
28100	0.30295944
28101	0.30052856
28102	0.29807830
28103	0.29560548
28104	0.29310688
28105	0.29057869
28106	0.28801686
28107	0.28541690
28108	0.28277364
28109	0.28008148
28110	0.27733433
28111	0.27452502
28112	0.27164611
28113	0.26868883
28114	0.26564348
28115	0.26249918
28116	0.25924367
28117	0.25586337
28118	0.25234246
28119	0.24866328
28120	0.24480578
28121	0.24074675
28122	0.23645987
28123	0.23191452
28124	0.22707555
28125	0.22190237
28126	0.21634701
28127	0.21035329
28128	0.20385504
28129	0.19677323
28130	0.18901338
28131	0.18046118
28132	0.17097683
28133	0.16038896
28134	0.14848341
28135	0.13499004
28136	0.11956385
28137	0.10175553
28138	0.08096953
28139	0.05640049
28140	0.02692989
28141	-0.00903892
28142	-0.05387254
28143	-0.11123159
28144	-0.18709351
28145	-0.29193699
28146	-0.44596004
28147	-0.69374645
28148	-1.15700603
28149	-2.32839227
28150	-11.00962162
28151	NaN
28152	NaN
28153	NaN
28154	NaN
28155	NaN
28156	NaN
28157	NaN
28158	NaN
28159	NaN
28160	NaN
28161	NaN
28162	NaN
28163	NaN
28164	NaN
28165	NaN
28166	NaN
28167	NaN
28168	NaN
28169	NaN
28170	NaN
28171	NaN
28172	NaN
28173	NaN
28174	NaN
28175	NaN
28176	NaN
28177	NaN
28178	NaN
28179	NaN
28180	NaN
28181	NaN
28182	NaN
28183	NaN
28184	NaN
28185	NaN
28186	NaN
28187	NaN
28188	NaN
28189	NaN
28190	NaN
28191	NaN
28192	NaN
28193	NaN
28194	NaN
28195	NaN
28196	NaN
28197	NaN
28198	NaN
28199	NaN
28200	NaN
28201	NaN
28202	NaN
28203	NaN
28204	NaN
28205	NaN
28206	5.34942913
28207	2.50627804
28208	1.81349576
28209	1.50136781
28210	1.32405281
28211	1.20989442
28212	1.13037133
28213	1.07188189
28214	1.02711797
28215	0.99180168
28216	0.96326154
28217	0.93974376
28218	0.92004937
28219	0.90332985
28220	0.88896954
28221	0.87650895
28222	0.86559933
28223	0.85597146
28224	0.84741318
28225	0.83975565
28226	0.83286268
28227	0.82662326
28228	0.82094592
28229	0.81575483
28230	0.81098634
28231	0.80658650
28232	0.80250967
28233	0.79871678
28234	0.79517418
28235	0.79185283
28236	0.78872728
28237	0.78577530
28238	0.78297752
28239	0.78031689
28240	0.77777803
28241	0.77534741
28242	0.77301294
28243	0.77076375
28244	0.76859027
28245	0.76648378
28246	0.76443607
28247	0.76244015
28248	0.76048946
28249	0.75857806
28250	0.75670058
28251	0.75485182
28252	0.75302738
28253	0.75122303
28254	0.74943507
28255	0.74765980
28256	0.74589407
28257	0.74413472
28258	0.74237919
28259	0.74062479
28260	0.73886925
28261	0.73711032
28262	0.73534602
28263	0.73357463
28264	0.73179442
28265	0.73000383
28266	0.72820151
28267	0.72638619
28268	0.72455668
28269	0.72271198
28270	0.72085124
28271	0.71897346
28272	0.71707809
28273	0.71516442
28274	0.71323198
28275	0.71128017
28276	0.70930880
28277	0.70731747
28278	0.70530581
28279	0.70327395
28280	0.70122147
28281	0.69914848
28282	0.69705480
28283	0.69494057
28284	0.69280589
28285	0.69065076
28286	0.68847537
28287	0.68627983
28288	0.68406439
28289	0.68182927
28290	0.67957467
28291	0.67730093
28292	0.67500824
28293	0.67269689
28294	0.67036736
28295	0.66801977
28296	0.66565460
28297	0.66327202
28298	0.66087264
28299	0.65845668
28300	0.65602463
28301	0.65357685
28302	0.65111375
28303	0.64863580
28304	0.64614350
28305	0.64363724
28306	0.64111751
28307	0.63858491
28308	0.63603985
28309	0.63348281
28310	0.63091451
28311	0.62833524
28312	0.62574577
28313	0.62314653
28314	0.62053818
28315	0.61792111
28316	0.61529613
28317	0.61266369
28318	0.61002433
28319	0.60737872
28320	0.60472727
28321	0.60207063
28322	0.59940934
28323	0.59674400
28324	0.59407502
28325	0.59140295
28326	0.58872825
28327	0.58605146
28328	0.58337313
28329	0.58069354
28330	0.57801318
28331	0.57533252
28332	0.57265192
28333	0.56997180
28334	0.56729251
28335	0.56461436
28336	0.56193769
28337	0.55926287
28338	0.55659014
28339	0.55391985
28340	0.55125213
28341	0.54858744
28342	0.54592586
28343	0.54326767
28344	0.54061306
28345	0.53796226
28346	0.53531551
28347	0.53267288
28348	0.53003460
28349	0.52740091
28350	0.52477175
28351	0.52214748
28352	0.51952815
28353	0.51691389
28354	0.51430476
28355	0.51170099
28356	0.50910264
28357	0.50650984
28358	0.50392270
28359	0.50134116
28360	0.49876556
28361	0.49619582
28362	0.49363205
28363	0.49107435
28364	0.48852280
28365	0.48597741
28366	0.48343834
28367	0.48090559
28368	0.47837928
28369	0.47585940
28370	0.47334597
28371	0.47083911
28372	0.46833888
28373	0.46584526
28374	0.46335828
28375	0.46087804
28376	0.45840451
28377	0.45593777
28378	0.45347780
28379	0.45102465
28380	0.44857836
28381	0.44613895
28382	0.44370639
28383	0.44128072
28384	0.43886203
28385	0.43645030
28386	0.43404546
28387	0.43164772
28388	0.42925698
28389	0.42687327
28390	0.42449665
28391	0.42212713
28392	0.41976473
28393	0.41740951
28394	0.41506144
28395	0.41272062
28396	0.41038701
28397	0.40806064
28398	0.40574154
28399	0.40342966
28400	0.40112504
28401	0.39882767
28402	0.39653751
28403	0.39425451
28404	0.39197856
28405	0.38970965
28406	0.38744766
28407	0.38519242
28408	0.38294390
28409	0.38070175
28410	0.37846577
28411	0.37623584
28412	0.37401155
28413	0.37179255
28414	0.36957845
28415	0.36736882
28416	0.36516321
28417	0.36296096
28418	0.36076143
28419	0.35856405
28420	0.35636798
28421	0.35417235
28422	0.35197625
28423	0.34977862
28424	0.34757835
28425	0.34537417
28426	0.34316468
28427	0.34094846
28428	0.33872393
28429	0.33648920
28430	0.33424237
28431	0.33198121
28432	0.32970351
28433	0.32740662
28434	0.32508770
28435	0.32274374
28436	0.32037133
28437	0.31796667
28438	0.31552553
28439	0.31304330
28440	0.31051505
28441	0.30793491
28442	0.30529636
28443	0.30259258
28444	0.29981545
28445	0.29695588
28446	0.29400396
28447	0.29094794
28448	0.28777507
28449	0.28447056
28450	0.28101727
28451	0.27739611
28452	0.27358463
28453	0.26955685
28454	0.26528305
28455	0.26072770
28456	0.25585029
28457	0.25060183
28458	0.24492477
28459	0.23875029
28460	0.23199511
28461	0.22455826
28462	0.21631549
28463	0.20711270
28464	0.19675744
28465	0.18500412
28466	0.17153557
28467	0.15593663
28468	0.13765039
28469	0.11591400
28470	0.08965397
28471	0.05730939
28472	0.01652294
28473	-0.03644620
28474	-0.10791007
28475	-0.20940936
28476	-0.36456439
28477	-0.63045645
28478	-1.18938613
28479	-3.10944247
28480	NaN
28481	NaN
28482	NaN
28483	NaN
28484	NaN
28485	NaN
28486	NaN
28487	NaN
28488	NaN
28489	NaN
28490	NaN
28491	NaN
28492	NaN
28493	NaN
28494	NaN
28495	NaN
28496	NaN
28497	NaN
28498	NaN
28499	NaN
28500	NaN
28501	NaN
28502	NaN
28503	NaN
28504	NaN
28505	NaN
28506	NaN
28507	NaN
28508	NaN
28509	NaN
28510	NaN
28511	NaN
28512	NaN
28513	NaN
28514	NaN
28515	NaN
28516	NaN
28517	NaN
28518	NaN
28519	NaN
28520	NaN
28521	NaN
28522	NaN
28523	NaN
28524	NaN
28525	NaN
28526	NaN
28527	NaN
28528	NaN
28529	NaN
28530	NaN
28531	NaN
28532	NaN
28533	NaN
28534	NaN
28535	NaN
28536	NaN
28537	NaN
28538	NaN
28539	NaN
28540	NaN
28541	NaN
28542	NaN
28543	NaN
28544	NaN
28545	NaN
28546	NaN
28547	NaN
28548	4.08072615
28549	2.24834752
28550	1.69454622
28551	1.42747307
28552	1.27038527
28553	1.16703153
28554	1.09392512
28555	1.03951812
28556	0.99747503
28557	0.96402758
28558	0.93679440
28559	0.91419733
28560	0.89514780
28561	0.87887239
28562	0.86480510
28563	0.85252309
28564	0.84170365
28565	0.83209640
28566	0.82350373
28567	0.81576836
28568	0.80876285
28569	0.80238324
28570	0.79654336
28571	0.79117197
28572	0.78620893
28573	0.78160352
28574	0.77731264
28575	0.77329922
28576	0.76953131
28577	0.76598138
28578	0.76262546
28579	0.75944239
28580	0.75641358
28581	0.75352269
28582	0.75075519
28583	0.74809831
28584	0.74554032
28585	0.74307078
28586	0.74068075
28587	0.73836166
28588	0.73610592
28589	0.73390669
28590	0.73175764
28591	0.72965306
28592	0.72758788
28593	0.72555727
28594	0.72355676
28595	0.72158235
28596	0.71963048
28597	0.71769762
28598	0.71578074
28599	0.71387690
28600	0.71198332
28601	0.71009767
28602	0.70821762
28603	0.70634115
28604	0.70446616
28605	0.70259094
28606	0.70071381
28607	0.69883329
28608	0.69694787
28609	0.69505632
28610	0.69315749
28611	0.69125021
28612	0.68933362
28613	0.68740666
28614	0.68546861
28615	0.68351883
28616	0.68155646
28617	0.67958105
28618	0.67759198
28619	0.67558891
28620	0.67357135
28621	0.67153895
28622	0.66949141
28623	0.66742849
28624	0.66535002
28625	0.66325563
28626	0.66114533
28627	0.65901905
28628	0.65687668
28629	0.65471810
28630	0.65254331
28631	0.65035242
28632	0.64814538
28633	0.64592230
28634	0.64368325
28635	0.64142841
28636	0.63915777
28637	0.63687164
28638	0.63457018
28639	0.63225353
28640	0.62992203
28641	0.62757587
28642	0.62521541
28643	0.62284094
28644	0.62045276
28645	0.61805129
28646	0.61563700
28647	0.61321014
28648	0.61077136
28649	0.60832089
28650	0.60585934
28651	0.60338730
28652	0.60090512
28653	0.59841341
28654	0.59591275
28655	0.59340358
28656	0.59088653
28657	0.58836228
28658	0.58583117
28659	0.58329391
28660	0.58075100
28661	0.57820302
28662	0.57565057
28663	0.57309407
28664	0.57053405
28665	0.56797111
28666	0.56540573
28667	0.56283832
28668	0.56026942
28669	0.55769932
28670	0.55512857
28671	0.55255753
28672	0.54998654
28673	0.54741591
28674	0.54484606
28675	0.54227716
28676	0.53970957
28677	0.53714347
28678	0.53457916
28679	0.53201675
28680	0.52945650
28681	0.52689850
28682	0.52434295
28683	0.52178991
28684	0.51923949
28685	0.51669180
28686	0.51414692
28687	0.51160485
28688	0.50906569
28689	0.50652945
28690	0.50399613
28691	0.50146580
28692	0.49893841
28693	0.49641398
28694	0.49389255
28695	0.49137408
28696	0.48885858
28697	0.48634604
28698	0.48383650
28699	0.48132989
28700	0.47882620
28701	0.47632545
28702	0.47382766
28703	0.47133273
28704	0.46884075
28705	0.46635166
28706	0.46386543
28707	0.46138203
28708	0.45890152
28709	0.45642379
28710	0.45394886
28711	0.45147672
28712	0.44900724
28713	0.44654045
28714	0.44407624
28715	0.44161463
28716	0.43915552
28717	0.43669879
28718	0.43424439
28719	0.43179232
28720	0.42934239
28721	0.42689455
28722	0.42444858
28723	0.42200455
28724	0.41956222
28725	0.41712144
28726	0.41468224
28727	0.41224438
28728	0.40980765
28729	0.40737206
28730	0.40493733
28731	0.40250340
28732	0.40007016
28733	0.39763731
28734	0.39520478
28735	0.39277241
28736	0.39034003
28737	0.38790745
28738	0.38547444
28739	0.38304088
28740	0.38060659
28741	0.37817129
28742	0.37573481
28743	0.37329692
28744	0.37085730
28745	0.36841574
28746	0.36597192
28747	0.36352551
28748	0.36107618
28749	0.35862347
28750	0.35616705
28751	0.35370639
28752	0.35124099
28753	0.34877023
28754	0.34629342
28755	0.34380999
28756	0.34131902
28757	0.33881959
28758	0.33631086
28759	0.33379167
28760	0.33126083
28761	0.32871693
28762	0.32615852
28763	0.32358402
28764	0.32099155
28765	0.31837907
28766	0.31574446
28767	0.31308514
28768	0.31039831
28769	0.30768093
28770	0.30492973
28771	0.30214086
28772	0.29931012
28773	0.29643282
28774	0.29350385
28775	0.29051733
28776	0.28746679
28777	0.28434467
28778	0.28114298
28779	0.27785230
28780	0.27446216
28781	0.27096033
28782	0.26733348
28783	0.26356578
28784	0.25963962
28785	0.25553408
28786	0.25122553
28787	0.24668613
28788	0.24188334
28789	0.23677875
28790	0.23132765
28791	0.22547616
28792	0.21915960
28793	0.21229987
28794	0.20480222
28795	0.19654970
28796	0.18739626
28797	0.17715845
28798	0.16560249
28799	0.15242459
28800	0.13722432
28801	0.11946160
28802	0.09839360
28803	0.07296469
28804	0.04162801
28805	0.00201892
28806	-0.04966175
28807	-0.11993809
28808	-0.22102569
28809	-0.37877321
28810	-0.65901375
28811	-1.29373765
28812	-4.10100222
28813	NaN
28814	NaN
28815	NaN
28816	NaN
28817	NaN
28818	NaN
28819	NaN
28820	NaN
28821	NaN
28822	NaN
28823	NaN
28824	NaN
28825	NaN
28826	NaN
28827	NaN
28828	NaN
28829	NaN
28830	NaN
28831	NaN
28832	NaN
28833	NaN
28834	NaN
28835	NaN
28836	NaN
28837	NaN
28838	NaN
28839	NaN
28840	NaN
28841	NaN
28842	NaN
28843	NaN
28844	NaN
28845	NaN
28846	NaN
28847	NaN
28848	NaN
28849	NaN
28850	NaN
28851	NaN
28852	NaN
28853	NaN
28854	NaN
28855	NaN
28856	NaN
28857	NaN
28858	NaN
28859	NaN
28860	NaN
28861	NaN
28862	NaN
28863	NaN
28864	NaN
28865	NaN
28866	NaN
28867	NaN
28868	NaN
28869	NaN
28870	NaN
28871	NaN
28872	NaN
28873	NaN
28874	NaN
28875	NaN
28876	NaN
28877	NaN
28878	NaN
28879	NaN
28880	NaN
28881	NaN
28882	NaN
28883	NaN
28884	10.90914917
28885	2.82670522
28886	1.86195290
28887	1.48775184
28888	1.28930128
28889	1.16655219
28890	1.08326960
28891	1.02315283
28892	0.97778183
28893	0.94237143
28894	0.91399789
28895	0.89077699
28896	0.87143797
28897	0.85509360
28898	0.84110528
28899	0.82900155
28900	0.81842726
28901	0.80910987
28902	0.80083621
28903	0.79343772
28904	0.78677857
28905	0.78074956
28906	0.77526039
28907	0.77023673
28908	0.76561660
28909	0.76134729
28910	0.75738484
28911	0.75369132
28912	0.75023448
28913	0.74698639
28914	0.74392283
28915	0.74102277
28916	0.73826772
28917	0.73564136
28918	0.73312932
28919	0.73071891
28920	0.72839886
28921	0.72615910
28922	0.72399038
28923	0.72188485
28924	0.71983492
28925	0.71783412
28926	0.71587634
28927	0.71395618
28928	0.71206868
28929	0.71020931
28930	0.70837390
28931	0.70655864
28932	0.70476013
28933	0.70297515
28934	0.70120078
28935	0.69943440
28936	0.69767332
28937	0.69591558
28938	0.69415879
28939	0.69240123
28940	0.69064099
28941	0.68887633
28942	0.68710613
28943	0.68532872
28944	0.68354279
28945	0.68174744
28946	0.67994142
28947	0.67812383
28948	0.67629391
28949	0.67445076
28950	0.67259371
28951	0.67072207
28952	0.66883546
28953	0.66693324
28954	0.66501510
28955	0.66308051
28956	0.66112930
28957	0.65916109
28958	0.65717566
28959	0.65517282
28960	0.65315253
28961	0.65111440
28962	0.64905864
28963	0.64698493
28964	0.64489347
28965	0.64278400
28966	0.64065665
28967	0.63851142
28968	0.63634831
28969	0.63416743
28970	0.63196892
28971	0.62975264
28972	0.62751889
28973	0.62526774
28974	0.62299925
28975	0.62071365
28976	0.61841118
28977	0.61609185
28978	0.61375594
28979	0.61140376
28980	0.60903543
28981	0.60665125
28982	0.60425156
28983	0.60183662
28984	0.59940678
28985	0.59696239
28986	0.59450382
28987	0.59203148
28988	0.58954573
28989	0.58704698
28990	0.58453578
28991	0.58201259
28992	0.57947773
28993	0.57693189
28994	0.57437545
28995	0.57180893
28996	0.56923288
28997	0.56664783
28998	0.56405425
28999	0.56145275
29000	0.55884373
29001	0.55622786
29002	0.55360556
29003	0.55097735
29004	0.54834378
29005	0.54570526
29006	0.54306239
29007	0.54041553
29008	0.53776520
29009	0.53511184
29010	0.53245592
29011	0.52979779
29012	0.52713788
29013	0.52447653
29014	0.52181423
29015	0.51915115
29016	0.51648778
29017	0.51382440
29018	0.51116133
29019	0.50849879
29020	0.50583708
29021	0.50317657
29022	0.50051737
29023	0.49785981
29024	0.49520403
29025	0.49255031
29026	0.48989889
29027	0.48724985
29028	0.48460343
29029	0.48195985
29030	0.47931924
29031	0.47668177
29032	0.47404754
29033	0.47141683
29034	0.46878967
29035	0.46616632
29036	0.46354678
29037	0.46093136
29038	0.45831999
29039	0.45571300
29040	0.45311043
29041	0.45051238
29042	0.44791901
29043	0.44533041
29044	0.44274676
29045	0.44016811
29046	0.43759462
29047	0.43502638
29048	0.43246341
29049	0.42990589
29050	0.42735395
29051	0.42480761
29052	0.42226699
29053	0.41973212
29054	0.41720313
29055	0.41468003
29056	0.41216287
29057	0.40965185
29058	0.40714687
29059	0.40464807
29060	0.40215546
29061	0.39966905
29062	0.39718896
29063	0.39471522
29064	0.39224783
29065	0.38978687
29066	0.38733229
29067	0.38488424
29068	0.38244268
29069	0.38000765
29070	0.37757921
29071	0.37515742
29072	0.37274227
29073	0.37033373
29074	0.36793193
29075	0.36553690
29076	0.36314854
29077	0.36076692
29078	0.35839206
29079	0.35602394
29080	0.35366252
29081	0.35130778
29082	0.34895965
29083	0.34661806
29084	0.34428284
29085	0.34195396
29086	0.33963126
29087	0.33731446
29088	0.33500332
29089	0.33269763
29090	0.33039710
29091	0.32810128
29092	0.32580969
29093	0.32352185
29094	0.32123721
29095	0.31895509
29096	0.31667468
29097	0.31439513
29098	0.31211552
29099	0.30983472
29100	0.30755144
29101	0.30526432
29102	0.30297187
29103	0.30067229
29104	0.29836369
29105	0.29604390
29106	0.29371053
29107	0.29136094
29108	0.28899208
29109	0.28660062
29110	0.28418294
29111	0.28173485
29112	0.27925166
29113	0.27672836
29114	0.27415916
29115	0.27153739
29116	0.26885599
29117	0.26610672
29118	0.26328030
29119	0.26036632
29120	0.25735289
29121	0.25422677
29122	0.25097254
29123	0.24757263
29124	0.24400723
29125	0.24025315
29126	0.23628362
29127	0.23206775
29128	0.22756903
29129	0.22274537
29130	0.21754614
29131	0.21191162
29132	0.20577066
29133	0.19903670
29134	0.19160485
29135	0.18334599
29136	0.17409952
29137	0.16366407
29138	0.15178218
29139	0.13812038
29140	0.12223988
29141	0.10354935
29142	0.08123433
29143	0.05414041
29144	0.02057517
29145	-0.02204435
29146	-0.07787228
29147	-0.15403719
29148	-0.26388171
29149	-0.43563637
29150	-0.74120879
29151	-1.43390095
29152	-4.49758148
29153	NaN
29154	NaN
29155	NaN
29156	NaN
29157	NaN
29158	NaN
29159	NaN
29160	NaN
29161	NaN
29162	NaN
29163	NaN
29164	NaN
29165	NaN
29166	NaN
29167	NaN
29168	NaN
29169	NaN
29170	NaN
29171	NaN
29172	NaN
29173	NaN
29174	NaN
29175	NaN
29176	NaN
29177	NaN
29178	NaN
29179	NaN
29180	NaN
29181	NaN
29182	NaN
29183	NaN
29184	NaN
29185	NaN
29186	NaN
29187	NaN
29188	NaN
29189	NaN
29190	NaN
29191	NaN
29192	NaN
29193	NaN
29194	NaN
29195	NaN
29196	NaN
29197	NaN
29198	NaN
29199	NaN
29200	NaN
29201	NaN
29202	NaN
29203	NaN
29204	NaN
29205	NaN
29206	NaN
29207	NaN
29208	NaN
29209	NaN
29210	NaN
29211	NaN
29212	NaN
29213	10.79371834
29214	2.71220922
29215	1.78795016
29216	1.43157649
29217	1.24301100
29218	1.12649858
29219	1.04748797
29220	0.99046504
29221	0.94743127
29222	0.91384274
29223	0.88692695
29224	0.86489677
29225	0.84654820
29226	0.83104014
29227	0.81776816
29228	0.80628496
29229	0.79625458
29230	0.78741807
29231	0.77957374
29232	0.77256155
29233	0.76625288
29234	0.76054382
29235	0.75534862
29236	0.75059664
29237	0.74622875
29238	0.74219513
29239	0.73845357
29240	0.73496813
29241	0.73170799
29242	0.72864652
29243	0.72576034
29244	0.72302949
29245	0.72043616
29246	0.71796477
29247	0.71560162
29248	0.71333426
29249	0.71115208
29250	0.70904511
29251	0.70700467
29252	0.70502305
29253	0.70309287
29254	0.70120806
29255	0.69936246
29256	0.69755095
29257	0.69576871
29258	0.69401121
29259	0.69227451
29260	0.69055480
29261	0.68884867
29262	0.68715292
29263	0.68546468
29264	0.68378121
29265	0.68210012
29266	0.68041897
29267	0.67873579
29268	0.67704844
29269	0.67535514
29270	0.67365414
29271	0.67194402
29272	0.67022306
29273	0.66849005
29274	0.66674376
29275	0.66498303
29276	0.66320682
29277	0.66141415
29278	0.65960407
29279	0.65777588
29280	0.65592879
29281	0.65406221
29282	0.65217549
29283	0.65026820
29284	0.64833981
29285	0.64638996
29286	0.64441836
29287	0.64242470
29288	0.64040881
29289	0.63837045
29290	0.63630950
29291	0.63422585
29292	0.63211966
29293	0.62999070
29294	0.62783915
29295	0.62566495
29296	0.62346840
29297	0.62124950
29298	0.61900854
29299	0.61674553
29300	0.61446095
29301	0.61215490
29302	0.60982776
29303	0.60747981
29304	0.60511136
29305	0.60272294
29306	0.60031480
29307	0.59788734
29308	0.59544110
29309	0.59297657
29310	0.59049416
29311	0.58799440
29312	0.58547789
29313	0.58294511
29314	0.58039671
29315	0.57783329
29316	0.57525545
29317	0.57266378
29318	0.57005894
29319	0.56744158
29320	0.56481242
29321	0.56217211
29322	0.55952126
29323	0.55686057
29324	0.55419075
29325	0.55151254
29326	0.54882652
29327	0.54613334
29328	0.54343373
29329	0.54072833
29330	0.53801781
29331	0.53530264
29332	0.53258359
29333	0.52986127
29334	0.52713609
29335	0.52440882
29336	0.52167976
29337	0.51894969
29338	0.51621890
29339	0.51348799
29340	0.51075745
29341	0.50802755
29342	0.50529885
29343	0.50257176
29344	0.49984661
29345	0.49712372
29346	0.49440348
29347	0.49168611
29348	0.48897204
29349	0.48626146
29350	0.48355469
29351	0.48085189
29352	0.47815335
29353	0.47545925
29354	0.47276980
29355	0.47008520
29356	0.46740559
29357	0.46473116
29358	0.46206203
29359	0.45939836
29360	0.45674029
29361	0.45408791
29362	0.45144135
29363	0.44880071
29364	0.44616619
29365	0.44353780
29366	0.44091561
29367	0.43829978
29368	0.43569034
29369	0.43308744
29370	0.43049109
29371	0.42790136
29372	0.42531836
29373	0.42274216
29374	0.42017275
29375	0.41761017
29376	0.41505456
29377	0.41250589
29378	0.40996414
29379	0.40742943
29380	0.40490168
29381	0.40238100
29382	0.39986733
29383	0.39736059
29384	0.39486092
29385	0.39236817
29386	0.38988239
29387	0.38740352
29388	0.38493150
29389	0.38246629
29390	0.38000777
29391	0.37755603
29392	0.37511083
29393	0.37267220
29394	0.37024003
29395	0.36781415
29396	0.36539459
29397	0.36298117
29398	0.36057374
29399	0.35817224
29400	0.35577658
29401	0.35338661
29402	0.35100207
29403	0.34862286
29404	0.34624889
29405	0.34387994
29406	0.34151569
29407	0.33915603
29408	0.33680078
29409	0.33444962
29410	0.33210224
29411	0.32975841
29412	0.32741776
29413	0.32507995
29414	0.32274455
29415	0.32041121
29416	0.31807932
29417	0.31574848
29418	0.31341803
29419	0.31108737
29420	0.30875584
29421	0.30642262
29422	0.30408692
29423	0.30174783
29424	0.29940432
29425	0.29705524
29426	0.29469940
29427	0.29233536
29428	0.28996184
29429	0.28757703
29430	0.28517914
29431	0.28276634
29432	0.28033641
29433	0.27788687
29434	0.27541524
29435	0.27291843
29436	0.27039346
29437	0.26783681
29438	0.26524454
29439	0.26261243
29440	0.25993571
29441	0.25720915
29442	0.25442696
29443	0.25158253
29444	0.24866882
29445	0.24567766
29446	0.24259998
29447	0.23942576
29448	0.23614347
29449	0.23274031
29450	0.22920163
29451	0.22551084
29452	0.22164923
29453	0.21759513
29454	0.21332361
29455	0.20880640
29456	0.20401025
29457	0.19889674
29458	0.19342063
29459	0.18752891
29460	0.18115896
29461	0.17423557
29462	0.16666837
29463	0.15834855
29464	0.14914195
29465	0.13888346
29466	0.12736630
29467	0.11432872
29468	0.09943495
29469	0.08224484
29470	0.06217286
29471	0.03842293
29472	0.00988112
29473	-0.02505736
29474	-0.06879217
29475	-0.12507978
29476	-0.20014757
29477	-0.30513278
29478	-0.46210530
29479	-0.72182256
29480	-1.23286843
29481	-2.69623590
29482	NaN
29483	NaN
29484	NaN
29485	NaN
29486	NaN
29487	NaN
29488	NaN
29489	NaN
29490	NaN
29491	NaN
29492	NaN
29493	NaN
29494	NaN
29495	NaN
29496	NaN
29497	NaN
29498	NaN
29499	NaN
29500	NaN
29501	NaN
29502	NaN
29503	NaN
29504	NaN
29505	NaN
29506	NaN
29507	NaN
29508	NaN
29509	NaN
29510	NaN
29511	NaN
29512	NaN
29513	NaN
29514	NaN
29515	NaN
29516	NaN
29517	NaN
29518	NaN
29519	NaN
29520	NaN
29521	NaN
29522	NaN
29523	NaN
29524	NaN
29525	NaN
29526	NaN
29527	NaN
29528	NaN
29529	NaN
29530	NaN
29531	NaN
29532	NaN
29533	NaN
29534	NaN
29535	NaN
29536	NaN
29537	NaN
29538	NaN
29539	NaN
29540	NaN
29541	NaN
29542	NaN
29543	NaN
29544	NaN
29545	NaN
29546	NaN
29547	15.41369534
29548	3.05419445
29549	1.94551575
29550	1.53082693
29551	1.31406987
29552	1.18097353
29553	1.09102154
29554	1.02621555
29555	0.97734058
29556	0.93918866
29557	0.90859485
29558	0.88352454
29559	0.86261123
29560	0.84490210
29561	0.82971293
29562	0.81653935
29563	0.80500191
29564	0.79480964
29565	0.78573513
29566	0.77759856
29567	0.77025580
29568	0.76358998
29569	0.75750524
29570	0.75192225
29571	0.74677491
29572	0.74200761
29573	0.73757315
29574	0.73343128
29575	0.72954756
29576	0.72589231
29577	0.72243959
29578	0.71916693
29579	0.71605462
29580	0.71308529
29581	0.71024358
29582	0.70751590
29583	0.70489001
29584	0.70235533
29585	0.69990182
29586	0.69752103
29587	0.69520485
29588	0.69294637
29589	0.69073910
29590	0.68857706
29591	0.68645507
29592	0.68436813
29593	0.68231183
29594	0.68028212
29595	0.67827529
29596	0.67628795
29597	0.67431688
29598	0.67235923
29599	0.67041248
29600	0.66847408
29601	0.66654187
29602	0.66461378
29603	0.66268790
29604	0.66076255
29605	0.65883625
29606	0.65690744
29607	0.65497488
29608	0.65303755
29609	0.65109408
29610	0.64914370
29611	0.64718556
29612	0.64521867
29613	0.64324260
29614	0.64125657
29615	0.63926011
29616	0.63725269
29617	0.63523394
29618	0.63320345
29619	0.63116097
29620	0.62910628
29621	0.62703902
29622	0.62495911
29623	0.62286639
29624	0.62076080
29625	0.61864221
29626	0.61651051
29627	0.61436576
29628	0.61220801
29629	0.61003709
29630	0.60785317
29631	0.60565633
29632	0.60344648
29633	0.60122389
29634	0.59898847
29635	0.59674042
29636	0.59447986
29637	0.59220695
29638	0.58992183
29639	0.58762461
29640	0.58531553
29641	0.58299476
29642	0.58066255
29643	0.57831907
29644	0.57596463
29645	0.57359946
29646	0.57122380
29647	0.56883794
29648	0.56644219
29649	0.56403691
29650	0.56162244
29651	0.55919898
29652	0.55676699
29653	0.55432683
29654	0.55187887
29655	0.54942340
29656	0.54696083
29657	0.54449159
29658	0.54201603
29659	0.53953457
29660	0.53704756
29661	0.53455538
29662	0.53205836
29663	0.52955693
29664	0.52705151
29665	0.52454227
29666	0.52202970
29667	0.51951414
29668	0.51699591
29669	0.51447529
29670	0.51195258
29671	0.50942808
29672	0.50690216
29673	0.50437498
29674	0.50184685
29675	0.49931800
29676	0.49678865
29677	0.49425903
29678	0.49172935
29679	0.48919982
29680	0.48667055
29681	0.48414180
29682	0.48161367
29683	0.47908625
29684	0.47655982
29685	0.47403437
29686	0.47151008
29687	0.46898708
29688	0.46646535
29689	0.46394515
29690	0.46142647
29691	0.45890930
29692	0.45639387
29693	0.45388013
29694	0.45136821
29695	0.44885814
29696	0.44634992
29697	0.44384366
29698	0.44133934
29699	0.43883708
29700	0.43633682
29701	0.43383864
29702	0.43134254
29703	0.42884856
29704	0.42635676
29705	0.42386705
29706	0.42137954
29707	0.41889417
29708	0.41641101
29709	0.41393006
29710	0.41145122
29711	0.40897459
29712	0.40650007
29713	0.40402782
29714	0.40155762
29715	0.39908955
29716	0.39662358
29717	0.39415976
29718	0.39169794
29719	0.38923818
29720	0.38678035
29721	0.38432452
29722	0.38187063
29723	0.37941864
29724	0.37696850
29725	0.37452015
29726	0.37207362
29727	0.36962876
29728	0.36718559
29729	0.36474398
29730	0.36230394
29731	0.35986540
29732	0.35742819
29733	0.35499236
29734	0.35255772
29735	0.35012421
29736	0.34769163
29737	0.34525982
29738	0.34282884
29739	0.34039822
29740	0.33796793
29741	0.33553764
29742	0.33310705
29743	0.33067602
29744	0.32824406
29745	0.32581073
29746	0.32337570
29747	0.32093838
29748	0.31849831
29749	0.31605476
29750	0.31360707
29751	0.31115448
29752	0.30869612
29753	0.30623111
29754	0.30375826
29755	0.30127653
29756	0.29878458
29757	0.29628098
29758	0.29376417
29759	0.29123244
29760	0.28868395
29761	0.28611660
29762	0.28352821
29763	0.28091621
29764	0.27827790
29765	0.27561030
29766	0.27291006
29767	0.27017370
29768	0.26739720
29769	0.26457614
29770	0.26170582
29771	0.25878093
29772	0.25579569
29773	0.25274357
29774	0.24961741
29775	0.24640942
29776	0.24311070
29777	0.23971146
29778	0.23620093
29779	0.23256667
29780	0.22879513
29781	0.22487089
29782	0.22077648
29783	0.21649225
29784	0.21199594
29785	0.20726193
29786	0.20226113
29787	0.19696021
29788	0.19132026
29789	0.18529642
29790	0.17883624
29791	0.17187847
29792	0.16435061
29793	0.15616629
29794	0.14722238
29795	0.13739406
29796	0.12652914
29797	0.11444017
29798	0.10089347
29799	0.08559506
29800	0.06816765
29801	0.04812038
29802	0.02480359
29803	-0.00266355
29804	-0.03550390
29805	-0.07546784
29806	-0.12514959
29807	-0.18856777
29808	-0.27230003
29809	-0.38790587
29810	-0.55773902
29811	-0.83140481
29812	-1.34548318
29813	-2.66290474
29814	-13.35169983
29815	NaN
29816	NaN
29817	NaN
29818	NaN
29819	NaN
29820	NaN
29821	NaN
29822	NaN
29823	NaN
29824	NaN
29825	NaN
29826	NaN
29827	NaN
29828	NaN
29829	NaN
29830	NaN
29831	NaN
29832	NaN
29833	NaN
29834	NaN
29835	NaN
29836	NaN
29837	NaN
29838	NaN
29839	NaN
29840	NaN
29841	NaN
29842	NaN
29843	NaN
29844	NaN
29845	NaN
29846	NaN
29847	NaN
29848	NaN
29849	NaN
29850	NaN
29851	NaN
29852	NaN
29853	NaN
29854	NaN
29855	NaN
29856	NaN
29857	NaN
29858	NaN
29859	NaN
29860	NaN
29861	NaN
29862	NaN
29863	NaN
29864	NaN
29865	NaN
29866	NaN
29867	NaN
29868	NaN
29869	3.65730953
29870	2.20244431
29871	1.68746245
29872	1.42417109
29873	1.26443708
29874	1.15730298
29875	1.08053219
29876	1.02287185
29877	0.97801477
29878	0.94215274
29879	0.91285020
29880	0.88847572
29881	0.86789584
29882	0.85029858
29883	0.83508676
29884	0.82181120
29885	0.81012821
29886	0.79976916
29887	0.79052198
29888	0.78221643
29889	0.77471459
29890	0.76790339
29891	0.76168925
29892	0.75599384
29893	0.75075144
29894	0.74590623
29895	0.74141091
29896	0.73722428
29897	0.73331100
29898	0.72964066
29899	0.72618622
29900	0.72292441
29901	0.71983439
29902	0.71689790
29903	0.71409869
29904	0.71142238
29905	0.70885599
29906	0.70638782
29907	0.70400745
29908	0.70170552
29909	0.69947344
29910	0.69730353
29911	0.69518864
29912	0.69312233
29913	0.69109887
29914	0.68911284
29915	0.68715930
29916	0.68523377
29917	0.68333203
29918	0.68145031
29919	0.67958522
29920	0.67773342
29921	0.67589176
29922	0.67405772
29923	0.67222869
29924	0.67040217
29925	0.66857606
29926	0.66674846
29927	0.66491741
29928	0.66308117
29929	0.66123825
29930	0.65938723
29931	0.65752673
29932	0.65565556
29933	0.65377259
29934	0.65187681
29935	0.64996749
29936	0.64804345
29937	0.64610434
29938	0.64414930
29939	0.64217788
29940	0.64018941
29941	0.63818353
29942	0.63615984
29943	0.63411802
29944	0.63205791
29945	0.62997919
29946	0.62788159
29947	0.62576520
29948	0.62362975
29949	0.62147540
29950	0.61930209
29951	0.61710972
29952	0.61489856
29953	0.61266869
29954	0.61042023
29955	0.60815334
29956	0.60586828
29957	0.60356534
29958	0.60124469
29959	0.59890676
29960	0.59655178
29961	0.59418011
29962	0.59179217
29963	0.58938843
29964	0.58696926
29965	0.58453512
29966	0.58208650
29967	0.57962394
29968	0.57714784
29969	0.57465881
29970	0.57215738
29971	0.56964415
29972	0.56711954
29973	0.56458426
29974	0.56203884
29975	0.55948383
29976	0.55691981
29977	0.55434740
29978	0.55176705
29979	0.54917943
29980	0.54658508
29981	0.54398447
29982	0.54137820
29983	0.53876680
29984	0.53615069
29985	0.53353041
29986	0.53090650
29987	0.52827919
29988	0.52564913
29989	0.52301657
29990	0.52038205
29991	0.51774579
29992	0.51510829
29993	0.51246977
29994	0.50983059
29995	0.50719094
29996	0.50455123
29997	0.50191158
29998	0.49927235
29999	0.49663365
30000	0.49399567
30001	0.49135861
30002	0.48872262
30003	0.48608786
30004	0.48345441
30005	0.48082238
30006	0.47819188
30007	0.47556299
30008	0.47293577
30009	0.47031024
30010	0.46768647
30011	0.46506450
30012	0.46244431
30013	0.45982596
30014	0.45720947
30015	0.45459479
30016	0.45198190
30017	0.44937083
30018	0.44676155
30019	0.44415408
30020	0.44154826
30021	0.43894422
30022	0.43634179
30023	0.43374106
30024	0.43114188
30025	0.42854425
30026	0.42594814
30027	0.42335355
30028	0.42076036
30029	0.41816854
30030	0.41557807
30031	0.41298884
30032	0.41040093
30033	0.40781420
30034	0.40522867
30035	0.40264431
30036	0.40006101
30037	0.39747885
30038	0.39489776
30039	0.39231768
30040	0.38973871
30041	0.38716069
30042	0.38458377
30043	0.38200790
30044	0.37943310
30045	0.37685934
30046	0.37428674
30047	0.37171531
30048	0.36914504
30049	0.36657596
30050	0.36400816
30051	0.36144164
30052	0.35887653
30053	0.35631281
30054	0.35375059
30055	0.35118982
30056	0.34863067
30057	0.34607309
30058	0.34351712
30059	0.34096286
30060	0.33841023
30061	0.33585936
30062	0.33331010
30063	0.33076262
30064	0.32821664
30065	0.32567227
30066	0.32312930
30067	0.32058781
30068	0.31804734
30069	0.31550804
30070	0.31296948
30071	0.31043148
30072	0.30789366
30073	0.30535573
30074	0.30281729
30075	0.30027783
30076	0.29773682
30077	0.29519364
30078	0.29264757
30079	0.29009789
30080	0.28754374
30081	0.28498402
30082	0.28241777
30083	0.27984369
30084	0.27726042
30085	0.27466652
30086	0.27206028
30087	0.26943982
30088	0.26680306
30089	0.26414773
30090	0.26147127
30091	0.25877088
30092	0.25604334
30093	0.25328529
30094	0.25049284
30095	0.24766165
30096	0.24478698
30097	0.24186333
30098	0.23888502
30099	0.23584525
30100	0.23273657
30101	0.22955078
30102	0.22627848
30103	0.22290912
30104	0.21943086
30105	0.21583006
30106	0.21209182
30107	0.20819861
30108	0.20413052
30109	0.19986522
30110	0.19537662
30111	0.19063470
30112	0.18560487
30113	0.18024647
30114	0.17451261
30115	0.16834734
30116	0.16168520
30117	0.15444793
30118	0.14654128
30119	0.13785164
30120	0.12823994
30121	0.11753458
30122	0.10552219
30123	0.09193232
30124	0.07641824
30125	0.05852930
30126	0.03766607
30127	0.01301572
30128	-0.01655244
30129	-0.05266084
30130	-0.09771819
30131	-0.15547022
30132	-0.23207121
30133	-0.33838648
30134	-0.49558303
30135	-0.75111359
30136	-1.23792720
30137	-2.52473426
30138	-15.50617123
30139	NaN
30140	NaN
30141	NaN
30142	NaN
30143	NaN
30144	NaN
30145	NaN
30146	NaN
30147	NaN
30148	NaN
30149	NaN
30150	NaN
30151	NaN
30152	NaN
30153	NaN
30154	NaN
30155	NaN
30156	NaN
30157	NaN
30158	NaN
30159	NaN
30160	NaN
30161	NaN
30162	NaN
30163	NaN
30164	NaN
30165	NaN
30166	NaN
30167	NaN
30168	NaN
30169	NaN
30170	NaN
30171	NaN
30172	NaN
30173	NaN
30174	NaN
30175	NaN
30176	NaN
30177	NaN
30178	NaN
30179	NaN
30180	NaN
30181	NaN
30182	NaN
30183	NaN
30184	NaN
30185	NaN
30186	NaN
30187	NaN
30188	NaN
30189	NaN
30190	NaN
30191	NaN
30192	NaN
30193	NaN
30194	NaN
30195	NaN
30196	NaN
30197	10.42903137
30198	2.82146597
30199	1.86192524
30200	1.48657024
30201	1.28676748
30202	1.16292727
30203	1.07879984
30204	1.01802742
30205	0.97214645
30206	0.93633580
30207	0.90765011
30208	0.88418680
30209	0.86466271
30210	0.84818071
30211	0.83409452
30212	0.82192689
30213	0.81131834
30214	0.80199164
30215	0.79373103
30216	0.78636473
30217	0.77975529
30218	0.77379096
30219	0.76838005
30220	0.76344675
30221	0.75892746
30222	0.75476873
30223	0.75092536
30224	0.74735868
30225	0.74403548
30226	0.74092698
30227	0.73800838
30228	0.73525804
30229	0.73265684
30230	0.73018795
30231	0.72783655
30232	0.72558939
30233	0.72343487
30234	0.72136247
30235	0.71936262
30236	0.71742702
30237	0.71554792
30238	0.71371835
30239	0.71193212
30240	0.71018344
30241	0.70846701
30242	0.70677817
30243	0.70511240
30244	0.70346576
30245	0.70183444
30246	0.70021516
30247	0.69860470
30248	0.69700015
30249	0.69539893
30250	0.69379848
30251	0.69219649
30252	0.69059098
30253	0.68897980
30254	0.68736136
30255	0.68573391
30256	0.68409580
30257	0.68244582
30258	0.68078256
30259	0.67910486
30260	0.67741168
30261	0.67570204
30262	0.67397505
30263	0.67222989
30264	0.67046595
30265	0.66868246
30266	0.66687888
30267	0.66505486
30268	0.66320980
30269	0.66134351
30270	0.65945548
30271	0.65754563
30272	0.65561372
30273	0.65365964
30274	0.65168321
30275	0.64968431
30276	0.64766300
30277	0.64561927
30278	0.64355320
30279	0.64146471
30280	0.63935399
30281	0.63722110
30282	0.63506621
30283	0.63288945
30284	0.63069093
30285	0.62847096
30286	0.62622976
30287	0.62396741
30288	0.62168431
30289	0.61938077
30290	0.61705691
30291	0.61471313
30292	0.61234975
30293	0.60996723
30294	0.60756588
30295	0.60514611
30296	0.60270828
30297	0.60025299
30298	0.59778064
30299	0.59529173
30300	0.59278679
30301	0.59026635
30302	0.58773094
30303	0.58518118
30304	0.58261764
30305	0.58004099
30306	0.57745177
30307	0.57485068
30308	0.57223827
30309	0.56961524
30310	0.56698227
30311	0.56433988
30312	0.56168884
30313	0.55902976
30314	0.55636328
30315	0.55368996
30316	0.55101049
30317	0.54832536
30318	0.54563540
30319	0.54294091
30320	0.54024267
30321	0.53754109
30322	0.53483671
30323	0.53213018
30324	0.52942175
30325	0.52671206
30326	0.52400148
30327	0.52129042
30328	0.51857942
30329	0.51586872
30330	0.51315874
30331	0.51044989
30332	0.50774235
30333	0.50503659
30334	0.50233281
30335	0.49963126
30336	0.49693236
30337	0.49423623
30338	0.49154311
30339	0.48885328
30340	0.48616689
30341	0.48348421
30342	0.48080534
30343	0.47813052
30344	0.47545984
30345	0.47279358
30346	0.47013178
30347	0.46747470
30348	0.46482235
30349	0.46217492
30350	0.45953256
30351	0.45689535
30352	0.45426348
30353	0.45163691
30354	0.44901592
30355	0.44640052
30356	0.44379076
30357	0.44118685
30358	0.43858877
30359	0.43599668
30360	0.43341064
30361	0.43083066
30362	0.42825696
30363	0.42568943
30364	0.42312822
30365	0.42057338
30366	0.41802499
30367	0.41548306
30368	0.41294771
30369	0.41041887
30370	0.40789667
30371	0.40538108
30372	0.40287226
30373	0.40037012
30374	0.39787480
30375	0.39538625
30376	0.39290458
30377	0.39042979
30378	0.38796195
30379	0.38550106
30380	0.38304713
30381	0.38060027
30382	0.37816057
30383	0.37572789
30384	0.37330243
30385	0.37088415
30386	0.36847311
30387	0.36606935
30388	0.36367282
30389	0.36128354
30390	0.35890168
30391	0.35652700
30392	0.35415965
30393	0.35179952
30394	0.34944656
30395	0.34710073
30396	0.34476188
30397	0.34243003
30398	0.34010482
30399	0.33778617
30400	0.33547387
30401	0.33316764
30402	0.33086717
30403	0.32857206
30404	0.32628188
30405	0.32399619
30406	0.32171446
30407	0.31943592
30408	0.31716007
30409	0.31488603
30410	0.31261292
30411	0.31033972
30412	0.30806535
30413	0.30578867
30414	0.30350828
30415	0.30122262
30416	0.29893029
30417	0.29662928
30418	0.29431769
30419	0.29199332
30420	0.28965375
30421	0.28729641
30422	0.28491837
30423	0.28251633
30424	0.28008690
30425	0.27762622
30426	0.27512994
30427	0.27259335
30428	0.27001101
30429	0.26737741
30430	0.26468587
30431	0.26192915
30432	0.25909942
30433	0.25618753
30434	0.25318342
30435	0.25007573
30436	0.24685167
30437	0.24349679
30438	0.23999462
30439	0.23632623
30440	0.23247047
30441	0.22840275
30442	0.22409452
30443	0.21951310
30444	0.21462014
30445	0.20937119
30446	0.20371340
30447	0.19758436
30448	0.19090986
30449	0.18360050
30450	0.17554788
30451	0.16661942
30452	0.15665095
30453	0.14543800
30454	0.13272047
30455	0.11816421
30456	0.10133329
30457	0.08164554
30458	0.05830788
30459	0.03021084
30460	-0.00424749
30461	-0.04746410
30462	-0.10320291
30463	-0.17772296
30464	-0.28226155
30465	-0.43921566
30466	-0.70055789
30467	-1.22074366
30468	-2.75496912
30469	NaN
30470	NaN
30471	NaN
30472	NaN
30473	NaN
30474	NaN
30475	NaN
30476	NaN
30477	NaN
30478	NaN
30479	NaN
30480	NaN
30481	NaN
30482	NaN
30483	NaN
30484	NaN
30485	NaN
30486	NaN
30487	NaN
30488	NaN
30489	NaN
30490	NaN
30491	NaN
30492	NaN
30493	NaN
30494	NaN
30495	NaN
30496	NaN
30497	NaN
30498	NaN
30499	NaN
30500	NaN
30501	NaN
30502	NaN
30503	NaN
30504	NaN
30505	NaN
30506	NaN
30507	NaN
30508	NaN
30509	NaN
30510	NaN
30511	NaN
30512	NaN
30513	NaN
30514	NaN
30515	NaN
30516	NaN
30517	NaN
30518	NaN
30519	NaN
30520	NaN
30521	NaN
30522	NaN
30523	NaN
30524	NaN
30525	NaN
30526	NaN
30527	NaN
30528	NaN
30529	NaN
30530	4.59355116
30531	2.22947812
30532	1.62778711
30533	1.35313570
30534	1.19602811
30535	1.09440649
30536	1.02335346
30537	0.97092450
30538	0.93067575
30539	0.89882582
30540	0.87300766
30541	0.85166574
30542	0.83373445
30543	0.81845987
30544	0.80529326
30545	0.79382575
30546	0.78374636
30547	0.77481490
30548	0.76684201
30549	0.75967741
30550	0.75319910
30551	0.74730837
30552	0.74192345
30553	0.73697650
30554	0.73241085
30555	0.72817814
30556	0.72423756
30557	0.72055429
30558	0.71709836
30559	0.71384329
30560	0.71076685
30561	0.70784897
30562	0.70507228
30563	0.70242143
30564	0.69988286
30565	0.69744432
30566	0.69509506
30567	0.69282532
30568	0.69062650
30569	0.68849069
30570	0.68641078
30571	0.68438041
30572	0.68239367
30573	0.68044531
30574	0.67853028
30575	0.67664427
30576	0.67478311
30577	0.67294300
30578	0.67112052
30579	0.66931242
30580	0.66751581
30581	0.66572791
30582	0.66394621
30583	0.66216838
30584	0.66039211
30585	0.65861553
30586	0.65683669
30587	0.65505385
30588	0.65326554
30589	0.65147012
30590	0.64966619
30591	0.64785266
30592	0.64602816
30593	0.64419180
30594	0.64234239
30595	0.64047921
30596	0.63860136
30597	0.63670808
30598	0.63479871
30599	0.63287264
30600	0.63092941
30601	0.62896848
30602	0.62698931
30603	0.62499177
30604	0.62297541
30605	0.62093997
30606	0.61888522
30607	0.61681092
30608	0.61471719
30609	0.61260366
30610	0.61047041
30611	0.60831732
30612	0.60614449
30613	0.60395199
30614	0.60173976
30615	0.59950799
30616	0.59725684
30617	0.59498644
30618	0.59269685
30619	0.59038848
30620	0.58806151
30621	0.58571613
30622	0.58335268
30623	0.58097160
30624	0.57857305
30625	0.57615751
30626	0.57372534
30627	0.57127714
30628	0.56881315
30629	0.56633395
30630	0.56384003
30631	0.56133187
30632	0.55881011
30633	0.55627531
30634	0.55372792
30635	0.55116874
30636	0.54859823
30637	0.54601717
30638	0.54342610
30639	0.54082566
30640	0.53821659
30641	0.53559947
30642	0.53297508
30643	0.53034389
30644	0.52770674
30645	0.52506423
30646	0.52241701
30647	0.51976562
30648	0.51711076
30649	0.51445305
30650	0.51179308
30651	0.50913137
30652	0.50646853
30653	0.50380516
30654	0.50114161
30655	0.49847844
30656	0.49581620
30657	0.49315527
30658	0.49049610
30659	0.48783904
30660	0.48518458
30661	0.48253298
30662	0.47988459
30663	0.47723970
30664	0.47459862
30665	0.47196162
30666	0.46932885
30667	0.46670061
30668	0.46407712
30669	0.46145841
30670	0.45884478
30671	0.45623627
30672	0.45363304
30673	0.45103520
30674	0.44844285
30675	0.44585600
30676	0.44327480
30677	0.44069925
30678	0.43812943
30679	0.43556532
30680	0.43300703
30681	0.43045452
30682	0.42790782
30683	0.42536700
30684	0.42283195
30685	0.42030278
30686	0.41777948
30687	0.41526195
30688	0.41275027
30689	0.41024438
30690	0.40774429
30691	0.40524995
30692	0.40276137
30693	0.40027842
30694	0.39780116
30695	0.39532948
30696	0.39286339
30697	0.39040279
30698	0.38794762
30699	0.38549781
30700	0.38305330
30701	0.38061398
30702	0.37817976
30703	0.37575054
30704	0.37332624
30705	0.37090665
30706	0.36849174
30707	0.36608136
30708	0.36367533
30709	0.36127350
30710	0.35887569
30711	0.35648173
30712	0.35409150
30713	0.35170472
30714	0.34932119
30715	0.34694073
30716	0.34456316
30717	0.34218809
30718	0.33981541
30719	0.33744469
30720	0.33507580
30721	0.33270827
30722	0.33034185
30723	0.32797617
30724	0.32561079
30725	0.32324544
30726	0.32087943
30727	0.31851241
30728	0.31614384
30729	0.31377313
30730	0.31139955
30731	0.30902255
30732	0.30664128
30733	0.30425492
30734	0.30186260
30735	0.29946336
30736	0.29705605
30737	0.29463950
30738	0.29221237
30739	0.28977332
30740	0.28732070
30741	0.28485283
30742	0.28236780
30743	0.27986354
30744	0.27733767
30745	0.27478775
30746	0.27221090
30747	0.26960415
30748	0.26696408
30749	0.26428691
30750	0.26156867
30751	0.25880468
30752	0.25599003
30753	0.25311896
30754	0.25018543
30755	0.24718264
30756	0.24410290
30757	0.24093761
30758	0.23767754
30759	0.23431198
30760	0.23082915
30761	0.22721572
30762	0.22345661
30763	0.21953507
30764	0.21543197
30765	0.21112549
30766	0.20659101
30767	0.20180003
30768	0.19672017
30769	0.19131376
30770	0.18553734
30771	0.17934042
30772	0.17266330
30773	0.16543590
30774	0.15757531
30775	0.14898206
30776	0.13953613
30777	0.12909187
30778	0.11746980
30779	0.10444804
30780	0.08974654
30781	0.07300826
30782	0.05377181
30783	0.03142737
30784	0.00515463
30785	-0.02617806
30786	-0.06417680
30787	-0.11119747
30788	-0.17084675
30789	-0.24893662
30790	-0.35546672
30791	-0.50924546
30792	-0.75031108
30793	-1.18166745
30794	-2.17332864
30795	-6.82000542
30796	NaN
30797	NaN
30798	NaN
30799	NaN
30800	NaN
30801	NaN
30802	NaN
30803	NaN
30804	NaN
30805	NaN
30806	NaN
30807	NaN
30808	NaN
30809	NaN
30810	NaN
30811	NaN
30812	NaN
30813	NaN
30814	NaN
30815	NaN
30816	NaN
30817	NaN
30818	NaN
30819	NaN
30820	NaN
30821	NaN
30822	NaN
30823	NaN
30824	NaN
30825	NaN
30826	NaN
30827	NaN
30828	NaN
30829	NaN
30830	NaN
30831	NaN
30832	NaN
30833	NaN
30834	NaN
30835	NaN
30836	NaN
30837	NaN
30838	NaN
30839	NaN
30840	NaN
30841	NaN
30842	NaN
30843	NaN
30844	NaN
30845	NaN
30846	NaN
30847	NaN
30848	NaN
30849	NaN
30850	NaN
30851	NaN
30852	5.50758648
30853	2.54653525
30854	1.82061768
30855	1.49280381
30856	1.30625510
30857	1.18595946
30858	1.10202444
30859	1.04018366
30860	0.99276954
30861	0.95529133
30862	0.92494482
30863	0.89988840
30864	0.87886143
30865	0.86097378
30866	0.84557736
30867	0.83218998
30868	0.82044488
30869	0.81005812
30870	0.80080682
30871	0.79251325
30872	0.78503412
30873	0.77825254
30874	0.77207184
30875	0.76641220
30876	0.76120621
30877	0.75639719
30878	0.75193685
30879	0.74778360
30880	0.74390203
30881	0.74026126
30882	0.73683423
30883	0.73359770
30884	0.73053074
30885	0.72761524
30886	0.72483498
30887	0.72217560
30888	0.71962428
30889	0.71716934
30890	0.71480054
30891	0.71250856
30892	0.71028495
30893	0.70812207
30894	0.70601290
30895	0.70395118
30896	0.70193112
30897	0.69994736
30898	0.69799519
30899	0.69607008
30900	0.69416797
30901	0.69228512
30902	0.69041812
30903	0.68856370
30904	0.68671900
30905	0.68488133
30906	0.68304819
30907	0.68121719
30908	0.67938638
30909	0.67755377
30910	0.67571753
30911	0.67387611
30912	0.67202795
30913	0.67017174
30914	0.66830623
30915	0.66643023
30916	0.66454279
30917	0.66264296
30918	0.66072994
30919	0.65880299
30920	0.65686148
30921	0.65490478
30922	0.65293258
30923	0.65094429
30924	0.64893955
30925	0.64691812
30926	0.64487976
30927	0.64282429
30928	0.64075154
30929	0.63866138
30930	0.63655388
30931	0.63442886
30932	0.63228643
30933	0.63012666
30934	0.62794954
30935	0.62575525
30936	0.62354386
30937	0.62131548
30938	0.61907041
30939	0.61680871
30940	0.61453062
30941	0.61223638
30942	0.60992628
30943	0.60760045
30944	0.60525930
30945	0.60290313
30946	0.60053211
30947	0.59814680
30948	0.59574735
30949	0.59333420
30950	0.59090775
30951	0.58846843
30952	0.58601665
30953	0.58355284
30954	0.58107740
30955	0.57859081
30956	0.57609367
30957	0.57358634
30958	0.57106936
30959	0.56854326
30960	0.56600851
30961	0.56346577
30962	0.56091541
30963	0.55835801
30964	0.55579412
30965	0.55322415
30966	0.55064875
30967	0.54806846
30968	0.54548371
30969	0.54289496
30970	0.54030263
30971	0.53770739
30972	0.53510958
30973	0.53250957
30974	0.52990782
30975	0.52730477
30976	0.52470076
30977	0.52209616
30978	0.51949126
30979	0.51688641
30980	0.51428193
30981	0.51167798
30982	0.50907493
30983	0.50647295
30984	0.50387222
30985	0.50127298
30986	0.49867538
30987	0.49607953
30988	0.49348560
30989	0.49089372
30990	0.48830390
30991	0.48571634
30992	0.48313102
30993	0.48054799
30994	0.47796738
30995	0.47538912
30996	0.47281328
30997	0.47023988
30998	0.46766892
30999	0.46510029
31000	0.46253416
31001	0.45997044
31002	0.45740905
31003	0.45485005
31004	0.45229337
31005	0.44973898
31006	0.44718692
31007	0.44463706
31008	0.44208947
31009	0.43954405
31010	0.43700081
31011	0.43445966
31012	0.43192068
31013	0.42938375
31014	0.42684889
31015	0.42431602
31016	0.42178524
31017	0.41925636
31018	0.41672948
31019	0.41420460
31020	0.41168162
31021	0.40916052
31022	0.40664133
31023	0.40412408
31024	0.40160868
31025	0.39909518
31026	0.39658359
31027	0.39407384
31028	0.39156601
31029	0.38906008
31030	0.38655606
31031	0.38405398
31032	0.38155383
31033	0.37905562
31034	0.37655947
31035	0.37406531
31036	0.37157321
31037	0.36908320
31038	0.36659530
31039	0.36410952
31040	0.36162597
31041	0.35914457
31042	0.35666543
31043	0.35418847
31044	0.35171375
31045	0.34924126
31046	0.34677100
31047	0.34430286
31048	0.34183684
31049	0.33937284
31050	0.33691075
31051	0.33445048
31052	0.33199182
31053	0.32953456
31054	0.32707852
31055	0.32462347
31056	0.32216886
31057	0.31971467
31058	0.31726021
31059	0.31480509
31060	0.31234878
31061	0.30989060
31062	0.30742997
31063	0.30496609
31064	0.30249801
31065	0.30002499
31066	0.29754582
31067	0.29505950
31068	0.29256460
31069	0.29005989
31070	0.28754377
31071	0.28501457
31072	0.28247046
31073	0.27990943
31074	0.27732939
31075	0.27472779
31076	0.27210206
31077	0.26944920
31078	0.26676616
31079	0.26404950
31080	0.26129514
31081	0.25849912
31082	0.25565675
31083	0.25276279
31084	0.24981172
31085	0.24679703
31086	0.24371193
31087	0.24054860
31088	0.23729837
31089	0.23395176
31090	0.23049781
31091	0.22692446
31092	0.22321798
31093	0.21936291
31094	0.21534207
31095	0.21113534
31096	0.20672017
31097	0.20207086
31098	0.19715764
31099	0.19194621
31100	0.18639657
31101	0.18046233
31102	0.17408924
31103	0.16721311
31104	0.15975772
31105	0.15163210
31106	0.14272630
31107	0.13290703
31108	0.12201018
31109	0.10983194
31110	0.09611692
31111	0.08053900
31112	0.06267612
31113	0.04197353
31114	0.01768445
31115	-0.01121930
31116	-0.04619404
31117	-0.08937170
31118	-0.14400271
31119	-0.21530379
31120	-0.31221169
31121	-0.45140320
31122	-0.66802603
31123	-1.05102074
31124	-1.90989506
31125	-5.57375574
31126	NaN
31127	NaN
31128	NaN
31129	NaN
31130	NaN
31131	NaN
31132	NaN
31133	NaN
31134	NaN
31135	NaN
31136	NaN
31137	NaN
31138	NaN
31139	NaN
31140	NaN
31141	NaN
31142	NaN
31143	NaN
31144	NaN
31145	NaN
31146	NaN
31147	NaN
31148	NaN
31149	NaN
31150	NaN
31151	NaN
31152	NaN
31153	NaN
31154	NaN
31155	NaN
31156	NaN
31157	NaN
31158	NaN
31159	NaN
31160	NaN
31161	NaN
31162	NaN
31163	NaN
31164	NaN
31165	NaN
31166	NaN
31167	NaN
31168	NaN
31169	NaN
31170	NaN
31171	NaN
31172	NaN
31173	NaN
31174	NaN
31175	NaN
31176	NaN
31177	NaN
31178	NaN
31179	NaN
31180	NaN
31181	NaN
31182	14.20834351
31183	3.03676915
31184	1.93653107
31185	1.52044725
31186	1.30199170
31187	1.16754842
31188	1.07657993
31189	1.01101291
31190	0.96156776
31191	0.92299187
31192	0.89208758
31193	0.86679804
31194	0.84573776
31195	0.82794195
31196	0.81271619
31197	0.79954875
31198	0.78805327
31199	0.77793390
31200	0.76895911
31201	0.76094586
31202	0.75374687
31203	0.74724251
31204	0.74133509
31205	0.73594332
31206	0.73099929
31207	0.72644615
31208	0.72223514
31209	0.71832514
31210	0.71468049
31211	0.71127057
31212	0.70806885
31213	0.70505166
31214	0.70219898
31215	0.69949263
31216	0.69691676
31217	0.69445729
31218	0.69210148
31219	0.68983811
31220	0.68765718
31221	0.68554950
31222	0.68350697
31223	0.68152201
31224	0.67958796
31225	0.67769879
31226	0.67584878
31227	0.67403293
31228	0.67224646
31229	0.67048508
31230	0.66874492
31231	0.66702229
31232	0.66531396
31233	0.66361678
31234	0.66192788
31235	0.66024464
31236	0.65856463
31237	0.65688556
31238	0.65520537
31239	0.65352213
31240	0.65183407
31241	0.65013945
31242	0.64843678
31243	0.64672458
31244	0.64500165
31245	0.64326674
31246	0.64151865
31247	0.63975644
31248	0.63797909
31249	0.63618582
31250	0.63437581
31251	0.63254833
31252	0.63070279
31253	0.62883854
31254	0.62695503
31255	0.62505192
31256	0.62312865
31257	0.62118500
31258	0.61922050
31259	0.61723489
31260	0.61522812
31261	0.61319977
31262	0.61114979
31263	0.60907805
31264	0.60698450
31265	0.60486907
31266	0.60273165
31267	0.60057235
31268	0.59839118
31269	0.59618819
31270	0.59396356
31271	0.59171742
31272	0.58944994
31273	0.58716124
31274	0.58485162
31275	0.58252126
31276	0.58017063
31277	0.57779986
31278	0.57540935
31279	0.57299960
31280	0.57057083
31281	0.56812376
31282	0.56565863
31283	0.56317598
31284	0.56067640
31285	0.55816036
31286	0.55562854
31287	0.55308151
31288	0.55051976
31289	0.54794407
31290	0.54535496
31291	0.54275316
31292	0.54013932
31293	0.53751397
31294	0.53487796
31295	0.53223187
31296	0.52957630
31297	0.52691203
31298	0.52423966
31299	0.52155983
31300	0.51887316
31301	0.51618034
31302	0.51348186
31303	0.51077831
31304	0.50807035
31305	0.50535852
31306	0.50264329
31307	0.49992523
31308	0.49720481
31309	0.49448261
31310	0.49175894
31311	0.48903427
31312	0.48630908
31313	0.48358372
31314	0.48085853
31315	0.47813398
31316	0.47541031
31317	0.47268787
31318	0.46996692
31319	0.46724775
31320	0.46453065
31321	0.46181589
31322	0.45910364
31323	0.45639414
31324	0.45368764
31325	0.45098433
31326	0.44828433
31327	0.44558781
31328	0.44289503
31329	0.44020611
31330	0.43752116
31331	0.43484032
31332	0.43216375
31333	0.42949161
31334	0.42682397
31335	0.42416096
31336	0.42150268
31337	0.41884923
31338	0.41620079
31339	0.41355741
31340	0.41091910
31341	0.40828604
31342	0.40565830
31343	0.40303591
31344	0.40041891
31345	0.39780745
31346	0.39520147
31347	0.39260104
31348	0.39000621
31349	0.38741702
31350	0.38483343
31351	0.38225546
31352	0.37968308
31353	0.37711638
31354	0.37455526
31355	0.37199968
31356	0.36944968
31357	0.36690518
31358	0.36436614
31359	0.36183256
31360	0.35930431
31361	0.35678136
31362	0.35426372
31363	0.35175121
31364	0.34924391
31365	0.34674162
31366	0.34424430
31367	0.34175196
31368	0.33926439
31369	0.33678165
31370	0.33430356
31371	0.33183002
31372	0.32936102
31373	0.32689640
31374	0.32443610
31375	0.32197994
31376	0.31952775
31377	0.31707951
31378	0.31463501
31379	0.31219408
31380	0.30975655
31381	0.30732220
31382	0.30489084
31383	0.30246213
31384	0.30003583
31385	0.29761162
31386	0.29518917
31387	0.29276803
31388	0.29034784
31389	0.28792804
31390	0.28550810
31391	0.28308743
31392	0.28066528
31393	0.27824098
31394	0.27581370
31395	0.27338251
31396	0.27094644
31397	0.26850435
31398	0.26605499
31399	0.26359710
31400	0.26112899
31401	0.25864917
31402	0.25615573
31403	0.25364667
31404	0.25111982
31405	0.24857266
31406	0.24600251
31407	0.24340630
31408	0.24078067
31409	0.23812208
31410	0.23542626
31411	0.23268872
31412	0.22990455
31413	0.22706790
31414	0.22417253
31415	0.22121136
31416	0.21817634
31417	0.21505867
31418	0.21184838
31419	0.20853382
31420	0.20510247
31421	0.20153947
31422	0.19782825
31423	0.19394977
31424	0.18988192
31425	0.18559973
31426	0.18107383
31427	0.17627016
31428	0.17114913
31429	0.16566411
31430	0.15975985
31431	0.15337063
31432	0.14641775
31433	0.13880676
31434	0.13042161
31435	0.12111992
31436	0.11072540
31437	0.09901549
31438	0.08570669
31439	0.07043183
31440	0.05270625
31441	0.03187958
31442	0.00705418
31443	-0.02304130
31444	-0.06026778
31445	-0.10746733
31446	-0.16920237
31447	-0.25329176
31448	-0.37434691
31449	-0.56318623
31450	-0.89795935
31451	-1.65160918
31452	-4.90225554
31453	NaN
31454	NaN
31455	NaN
31456	NaN
31457	NaN
31458	NaN
31459	NaN
31460	NaN
31461	NaN
31462	NaN
31463	NaN
31464	NaN
31465	NaN
31466	NaN
31467	NaN
31468	NaN
31469	NaN
31470	NaN
31471	NaN
31472	NaN
31473	NaN
31474	NaN
31475	NaN
31476	NaN
31477	NaN
31478	NaN
31479	NaN
31480	NaN
31481	NaN
31482	NaN
31483	NaN
31484	NaN
31485	NaN
31486	NaN
31487	NaN
31488	NaN
31489	NaN
31490	NaN
31491	NaN
31492	NaN
31493	NaN
31494	NaN
31495	NaN
31496	NaN
31497	NaN
31498	NaN
31499	NaN
31500	NaN
31501	NaN
31502	NaN
31503	NaN
31504	NaN
31505	NaN
31506	NaN
31507	NaN
31508	NaN
31509	NaN
31510	NaN
31511	NaN
31512	NaN
31513	NaN
31514	NaN
31515	NaN
31516	NaN
31517	2.89223027
31518	1.80574620
31519	1.41796577
31520	1.21921980
31521	1.09857249
31522	1.01767468
31523	0.95974678
31524	0.91628075
31525	0.88250291
31526	0.85552752
31527	0.83350843
31528	0.81520766
31529	0.79976648
31530	0.78656852
31531	0.77516145
31532	0.76520425
31533	0.75643665
31534	0.74865520
31535	0.74169958
31536	0.73544103
31537	0.72977549
31538	0.72461766
31539	0.71989697
31540	0.71555471
31541	0.71154147
31542	0.70781529
31543	0.70434070
31544	0.70108718
31545	0.69802827
31546	0.69514126
31547	0.69240594
31548	0.68980521
31549	0.68732369
31550	0.68494773
31551	0.68266541
31552	0.68046600
31553	0.67833990
31554	0.67627859
31555	0.67427433
31556	0.67232025
31557	0.67040992
31558	0.66853768
31559	0.66669828
31560	0.66488713
31561	0.66309983
31562	0.66133225
31563	0.65958095
31564	0.65784246
31565	0.65611380
31566	0.65439212
31567	0.65267479
31568	0.65095937
31569	0.64924377
31570	0.64752573
31571	0.64580363
31572	0.64407539
31573	0.64233965
31574	0.64059496
31575	0.63883984
31576	0.63707310
31577	0.63529360
31578	0.63350040
31579	0.63169235
31580	0.62986887
31581	0.62802905
31582	0.62617218
31583	0.62429786
31584	0.62240541
31585	0.62049443
31586	0.61856449
31587	0.61661518
31588	0.61464638
31589	0.61265779
31590	0.61064929
31591	0.60862070
31592	0.60657197
31593	0.60450304
31594	0.60241389
31595	0.60030460
31596	0.59817517
31597	0.59602576
31598	0.59385639
31599	0.59166729
31600	0.58945858
31601	0.58723044
31602	0.58498317
31603	0.58271688
31604	0.58043188
31605	0.57812846
31606	0.57580680
31607	0.57346731
31608	0.57111025
31609	0.56873596
31610	0.56634492
31611	0.56393737
31612	0.56151378
31613	0.55907458
31614	0.55662012
31615	0.55415094
31616	0.55166757
31617	0.54917037
31618	0.54665989
31619	0.54413670
31620	0.54160130
31621	0.53905427
31622	0.53649610
31623	0.53392750
31624	0.53134894
31625	0.52876109
31626	0.52616447
31627	0.52355969
31628	0.52094734
31629	0.51832807
31630	0.51570243
31631	0.51307106
31632	0.51043439
31633	0.50779313
31634	0.50514781
31635	0.50249898
31636	0.49984702
31637	0.49719268
31638	0.49453631
31639	0.49187842
31640	0.48921946
31641	0.48655987
31642	0.48390010
31643	0.48124048
31644	0.47858143
31645	0.47592330
31646	0.47326645
31647	0.47061116
31648	0.46795771
31649	0.46530643
31650	0.46265751
31651	0.46001124
31652	0.45736778
31653	0.45472735
31654	0.45209023
31655	0.44945642
31656	0.44682622
31657	0.44419971
31658	0.44157702
31659	0.43895826
31660	0.43634355
31661	0.43373305
31662	0.43112674
31663	0.42852479
31664	0.42592728
31665	0.42333424
31666	0.42074579
31667	0.41816196
31668	0.41558284
31669	0.41300845
31670	0.41043893
31671	0.40787429
31672	0.40531456
31673	0.40275982
31674	0.40021020
31675	0.39766562
31676	0.39512622
31677	0.39259204
31678	0.39006305
31679	0.38753942
31680	0.38502109
31681	0.38250813
31682	0.38000062
31683	0.37749851
31684	0.37500185
31685	0.37251073
31686	0.37002507
31687	0.36754492
31688	0.36507034
31689	0.36260131
31690	0.36013782
31691	0.35767981
31692	0.35522732
31693	0.35278037
31694	0.35033891
31695	0.34790292
31696	0.34547237
31697	0.34304717
31698	0.34062740
31699	0.33821288
31700	0.33580363
31701	0.33339959
31702	0.33100066
31703	0.32860684
31704	0.32621804
31705	0.32383406
31706	0.32145491
31707	0.31908044
31708	0.31671056
31709	0.31434503
31710	0.31198367
31711	0.30962649
31712	0.30727312
31713	0.30492344
31714	0.30257711
31715	0.30023375
31716	0.29789323
31717	0.29555508
31718	0.29321894
31719	0.29088435
31720	0.28855070
31721	0.28621763
31722	0.28388432
31723	0.28155017
31724	0.27921441
31725	0.27687621
31726	0.27453458
31727	0.27218851
31728	0.26983696
31729	0.26747853
31730	0.26511186
31731	0.26273549
31732	0.26034781
31733	0.25794688
31734	0.25553066
31735	0.25309700
31736	0.25064343
31737	0.24816728
31738	0.24566561
31739	0.24313502
31740	0.24057218
31741	0.23797299
31742	0.23533303
31743	0.23264761
31744	0.22991136
31745	0.22711833
31746	0.22426194
31747	0.22133482
31748	0.21832903
31749	0.21523525
31750	0.21204340
31751	0.20874210
31752	0.20531853
31753	0.20175822
31754	0.19804490
31755	0.19415976
31756	0.19008210
31757	0.18578792
31758	0.18124931
31759	0.17643490
31760	0.17130801
31761	0.16582610
31762	0.15993948
31763	0.15358959
31764	0.14670810
31765	0.13921298
31766	0.13100591
31767	0.12196882
31768	0.11195683
31769	0.10079214
31770	0.08825289
31771	0.07405965
31772	0.05785527
31773	0.03917491
31774	0.01740252
31775	-0.00829360
31776	-0.03906799
31777	-0.07656980
31778	-0.12323859
31779	-0.18284371
31780	-0.26153144
31781	-0.37005356
31782	-0.52907807
31783	-0.78402162
31784	-1.25801182
31785	-2.44217753
31786	-10.63586140
31787	NaN
31788	NaN
31789	NaN
31790	NaN
31791	NaN
31792	NaN
31793	NaN
31794	NaN
31795	NaN
31796	NaN
31797	NaN
31798	NaN
31799	NaN
31800	NaN
31801	NaN
31802	NaN
31803	NaN
31804	NaN
31805	NaN
31806	NaN
31807	NaN
31808	NaN
31809	NaN
31810	NaN
31811	NaN
31812	NaN
31813	NaN
31814	NaN
31815	NaN
31816	NaN
31817	NaN
31818	NaN
31819	NaN
31820	NaN
31821	NaN
31822	NaN
31823	NaN
31824	NaN
31825	NaN
31826	NaN
31827	NaN
31828	NaN
31829	NaN
31830	NaN
31831	NaN
31832	NaN
31833	NaN
31834	NaN
31835	NaN
31836	NaN
31837	NaN
31838	NaN
31839	NaN
31840	NaN
31841	NaN
31842	NaN
31843	NaN
31844	NaN
31845	9.79674053
31846	2.70249629
31847	1.78220630
31848	1.42027819
31849	1.22698998
31850	1.10684407
31851	1.02499521
31852	0.96569127
31853	0.92077631
31854	0.88560045
31855	0.85732061
31856	0.83409977
31857	0.81469762
31858	0.79824769
31859	0.78412563
31860	0.77186990
31861	0.76113260
31862	0.75164557
31863	0.74320006
31864	0.73562974
31865	0.72880173
31866	0.72260743
31867	0.71695817
31868	0.71178019
31869	0.70701188
31870	0.70260155
31871	0.69850516
31872	0.69468498
31873	0.69110894
31874	0.68774903
31875	0.68458116
31876	0.68158406
31877	0.67873919
31878	0.67603016
31879	0.67344260
31880	0.67096364
31881	0.66858155
31882	0.66628647
31883	0.66406894
31884	0.66192073
31885	0.65983438
31886	0.65780306
31887	0.65582055
31888	0.65388131
31889	0.65198010
31890	0.65011233
31891	0.64827365
31892	0.64646000
31893	0.64466780
31894	0.64289355
31895	0.64113426
31896	0.63938695
31897	0.63764894
31898	0.63591778
31899	0.63419116
31900	0.63246673
31901	0.63074267
31902	0.62901700
31903	0.62728804
31904	0.62555408
31905	0.62381363
31906	0.62206542
31907	0.62030792
31908	0.61853999
31909	0.61676061
31910	0.61496866
31911	0.61316305
31912	0.61134309
31913	0.60950780
31914	0.60765654
31915	0.60578859
31916	0.60390335
31917	0.60200024
31918	0.60007876
31919	0.59813851
31920	0.59617907
31921	0.59420007
31922	0.59220123
31923	0.59018230
31924	0.58814311
31925	0.58608335
31926	0.58400303
31927	0.58190203
31928	0.57978022
31929	0.57763767
31930	0.57547438
31931	0.57329041
31932	0.57108575
31933	0.56886053
31934	0.56661499
31935	0.56434923
31936	0.56206340
31937	0.55975783
31938	0.55743283
31939	0.55508858
31940	0.55272543
31941	0.55034375
31942	0.54794401
31943	0.54552662
31944	0.54309183
31945	0.54064035
31946	0.53817248
31947	0.53568894
31948	0.53319013
31949	0.53067666
31950	0.52814907
31951	0.52560806
31952	0.52305418
31953	0.52048796
31954	0.51791030
31955	0.51532161
31956	0.51272261
31957	0.51011395
31958	0.50749624
31959	0.50487030
31960	0.50223655
31961	0.49959570
31962	0.49694848
31963	0.49429533
31964	0.49163702
31965	0.48897406
31966	0.48630700
31967	0.48363644
31968	0.48096287
31969	0.47828689
31970	0.47560894
31971	0.47292954
31972	0.47024903
31973	0.46756798
31974	0.46488672
31975	0.46220568
31976	0.45952520
31977	0.45684564
31978	0.45416734
31979	0.45149058
31980	0.44881561
31981	0.44614273
31982	0.44347221
31983	0.44080421
31984	0.43813896
31985	0.43547660
31986	0.43281737
31987	0.43016145
31988	0.42750889
31989	0.42485985
31990	0.42221448
31991	0.41957292
31992	0.41693515
31993	0.41430137
31994	0.41167161
31995	0.40904596
31996	0.40642452
31997	0.40380734
31998	0.40119451
31999	0.39858603
32000	0.39598203
32001	0.39338246
32002	0.39078745
32003	0.38819703
32004	0.38561121
32005	0.38303003
32006	0.38045347
32007	0.37788162
32008	0.37531450
32009	0.37275198
32010	0.37019426
32011	0.36764118
32012	0.36509278
32013	0.36254904
32014	0.36000991
32015	0.35747537
32016	0.35494536
32017	0.35241982
32018	0.34989870
32019	0.34738195
32020	0.34486949
32021	0.34236115
32022	0.33985689
32023	0.33735663
32024	0.33486027
32025	0.33236757
32026	0.32987857
32027	0.32739300
32028	0.32491079
32029	0.32243174
32030	0.31995565
32031	0.31748253
32032	0.31501198
32033	0.31254387
32034	0.31007802
32035	0.30761418
32036	0.30515212
32037	0.30269161
32038	0.30023238
32039	0.29777408
32040	0.29531634
32041	0.29285893
32042	0.29040143
32043	0.28794342
32044	0.28548443
32045	0.28302404
32046	0.28056169
32047	0.27809685
32048	0.27562878
32049	0.27315688
32050	0.27068031
32051	0.26819837
32052	0.26571012
32053	0.26321444
32054	0.26071030
32055	0.25819659
32056	0.25567189
32057	0.25313479
32058	0.25058374
32059	0.24801688
32060	0.24543241
32061	0.24282806
32062	0.24020159
32063	0.23755047
32064	0.23487180
32065	0.23216251
32066	0.22941917
32067	0.22663794
32068	0.22381465
32069	0.22094475
32070	0.21802290
32071	0.21504362
32072	0.21200047
32073	0.20888636
32074	0.20569368
32075	0.20241354
32076	0.19903637
32077	0.19555111
32078	0.19194551
32079	0.18820590
32080	0.18431669
32081	0.18026012
32082	0.17601648
32083	0.17156285
32084	0.16687316
32085	0.16191751
32086	0.15666142
32087	0.15106517
32088	0.14508215
32089	0.13865776
32090	0.13172835
32091	0.12421772
32092	0.11603498
32093	0.10707133
32094	0.09719399
32095	0.08624067
32096	0.07400981
32097	0.06024900
32098	0.04463780
32099	0.02676224
32100	0.00607849
32101	-0.01814017
32102	-0.04689195
32103	-0.08158121
32104	-0.12425271
32105	-0.17799988
32106	-0.24773622
32107	-0.34177023
32108	-0.47534931
32109	-0.67979556
32110	-1.03133178
32111	-1.77637684
32112	-4.40702152
32113	NaN
32114	NaN
32115	NaN
32116	NaN
32117	NaN
32118	NaN
32119	NaN
32120	NaN
32121	NaN
32122	NaN
32123	NaN
32124	NaN
32125	NaN
32126	NaN
32127	NaN
32128	NaN
32129	NaN
32130	NaN
32131	NaN
32132	NaN
32133	NaN
32134	NaN
32135	NaN
32136	NaN
32137	NaN
32138	NaN
32139	NaN
32140	NaN
32141	NaN
32142	NaN
32143	NaN
32144	NaN
32145	NaN
32146	NaN
32147	NaN
32148	NaN
32149	NaN
32150	NaN
32151	NaN
32152	NaN
32153	NaN
32154	NaN
32155	NaN
32156	NaN
32157	NaN
32158	NaN
32159	NaN
32160	NaN
32161	NaN
32162	NaN
32163	NaN
32164	NaN
32165	NaN
32166	NaN
32167	NaN
32168	NaN
32169	NaN
32170	NaN
32171	NaN
32172	NaN
32173	3.90679264
32174	2.18104625
32175	1.63423812
32176	1.36619329
32177	1.20723641
32178	1.10216141
32179	1.02763093
32180	0.97207838
32181	0.92911875
32182	0.89493918
32183	0.86712205
32184	0.84405947
32185	0.82464194
32186	0.80807686
32187	0.79378527
32188	0.78133255
32189	0.77038729
32190	0.76069158
32191	0.75204194
32192	0.74427563
32193	0.73726124
32194	0.73089129
32195	0.72507679
32196	0.71974349
32197	0.71482933
32198	0.71028155
32199	0.70605570
32200	0.70211297
32201	0.69842046
32202	0.69494927
32203	0.69167453
32204	0.68857431
32205	0.68562943
32206	0.68282270
32207	0.68013924
32208	0.67756569
32209	0.67509001
32210	0.67270148
32211	0.67039061
32212	0.66814864
32213	0.66596782
32214	0.66384113
32215	0.66176200
32216	0.65972477
32217	0.65772390
32218	0.65575469
32219	0.65381265
32220	0.65189373
32221	0.64999431
32222	0.64811081
32223	0.64624017
32224	0.64437962
32225	0.64252627
32226	0.64067781
32227	0.63883203
32228	0.63698685
32229	0.63514048
32230	0.63329107
32231	0.63143712
32232	0.62957716
32233	0.62770993
32234	0.62583423
32235	0.62394899
32236	0.62205315
32237	0.62014604
32238	0.61822665
32239	0.61629462
32240	0.61434901
32241	0.61238945
32242	0.61041546
32243	0.60842669
32244	0.60642278
32245	0.60440344
32246	0.60236841
32247	0.60031766
32248	0.59825093
32249	0.59616816
32250	0.59406936
32251	0.59195441
32252	0.58982337
32253	0.58767623
32254	0.58551329
32255	0.58333433
32256	0.58113962
32257	0.57892919
32258	0.57670343
32259	0.57446218
32260	0.57220584
32261	0.56993461
32262	0.56764865
32263	0.56534827
32264	0.56303358
32265	0.56070495
32266	0.55836260
32267	0.55600691
32268	0.55363816
32269	0.55125666
32270	0.54886276
32271	0.54645675
32272	0.54403907
32273	0.54161006
32274	0.53917003
32275	0.53671956
32276	0.53425884
32277	0.53178841
32278	0.52930862
32279	0.52681994
32280	0.52432281
32281	0.52181751
32282	0.51930457
32283	0.51678443
32284	0.51425749
32285	0.51172411
32286	0.50918478
32287	0.50663984
32288	0.50408971
32289	0.50153482
32290	0.49897549
32291	0.49641210
32292	0.49384505
32293	0.49127465
32294	0.48870122
32295	0.48612514
32296	0.48354667
32297	0.48096612
32298	0.47838381
32299	0.47579998
32300	0.47321486
32301	0.47062868
32302	0.46804178
32303	0.46545428
32304	0.46286640
32305	0.46027836
32306	0.45769036
32307	0.45510250
32308	0.45251501
32309	0.44992802
32310	0.44734168
32311	0.44475609
32312	0.44217145
32313	0.43958786
32314	0.43700534
32315	0.43442413
32316	0.43184420
32317	0.42926583
32318	0.42668897
32319	0.42411381
32320	0.42154035
32321	0.41896871
32322	0.41639903
32323	0.41383132
32324	0.41126564
32325	0.40870216
32326	0.40614092
32327	0.40358198
32328	0.40102544
32329	0.39847130
32330	0.39591968
32331	0.39337066
32332	0.39082426
32333	0.38828054
32334	0.38573956
32335	0.38320139
32336	0.38066605
32337	0.37813357
32338	0.37560400
32339	0.37307742
32340	0.37055379
32341	0.36803314
32342	0.36551559
32343	0.36300099
32344	0.36048949
32345	0.35798103
32346	0.35547560
32347	0.35297325
32348	0.35047394
32349	0.34797767
32350	0.34548441
32351	0.34299418
32352	0.34050694
32353	0.33802259
32354	0.33554119
32355	0.33306265
32356	0.33058691
32357	0.32811400
32358	0.32564372
32359	0.32317612
32360	0.32071105
32361	0.31824839
32362	0.31578809
32363	0.31332994
32364	0.31087381
32365	0.30841956
32366	0.30596697
32367	0.30351579
32368	0.30106583
32369	0.29861677
32370	0.29616824
32371	0.29372001
32372	0.29127157
32373	0.28882256
32374	0.28637242
32375	0.28392056
32376	0.28146645
32377	0.27900943
32378	0.27654862
32379	0.27408335
32380	0.27161250
32381	0.26913521
32382	0.26665035
32383	0.26415652
32384	0.26165250
32385	0.25913683
32386	0.25660768
32387	0.25406337
32388	0.25150177
32389	0.24892077
32390	0.24631800
32391	0.24369064
32392	0.24103592
32393	0.23835053
32394	0.23563085
32395	0.23287307
32396	0.23007271
32397	0.22722507
32398	0.22432475
32399	0.22136573
32400	0.21834171
32401	0.21524528
32402	0.21206817
32403	0.20880145
32404	0.20543480
32405	0.20195682
32406	0.19835468
32407	0.19461364
32408	0.19071740
32409	0.18664718
32410	0.18238162
32411	0.17789634
32412	0.17316304
32413	0.16814969
32414	0.16281857
32415	0.15712577
32416	0.15102039
32417	0.14444183
32418	0.13731849
32419	0.12956466
32420	0.12107711
32421	0.11173091
32422	0.10137249
32423	0.08981097
32424	0.07680812
32425	0.06206019
32426	0.04517469
32427	0.02563673
32428	0.00275575
32429	-0.02441402
32430	-0.05720754
32431	-0.09756847
32432	-0.14844105
32433	-0.21450926
32434	-0.30370840
32435	-0.43063262
32436	-0.62537783
32437	-0.96156406
32438	-1.67961335
32439	-4.27623940
32440	NaN
32441	NaN
32442	NaN
32443	NaN
32444	NaN
32445	NaN
32446	NaN
32447	NaN
32448	NaN
32449	NaN
32450	NaN
32451	NaN
32452	NaN
32453	NaN
32454	NaN
32455	NaN
32456	NaN
32457	NaN
32458	NaN
32459	NaN
32460	NaN
32461	NaN
32462	NaN
32463	NaN
32464	NaN
32465	NaN
32466	NaN
32467	NaN
32468	NaN
32469	NaN
32470	NaN
32471	NaN
32472	NaN
32473	NaN
32474	NaN
32475	NaN
32476	NaN
32477	NaN
32478	NaN
32479	NaN
32480	NaN
32481	NaN
32482	NaN
32483	NaN
32484	NaN
32485	NaN
32486	NaN
32487	NaN
32488	NaN
32489	NaN
32490	NaN
32491	NaN
32492	NaN
32493	NaN
32494	NaN
32495	NaN
32496	NaN
32497	NaN
32498	3.41059995
32499	2.01243806
32500	1.53896618
32501	1.30115700
32502	1.15833926
32503	1.06321311
32504	0.99540615
32505	0.94469756
32506	0.90539557
32507	0.87407953
32508	0.84856904
32509	0.82740933
32510	0.80959082
32511	0.79439300
32512	0.78128636
32513	0.76987386
32514	0.75985134
32515	0.75098199
32516	0.74307871
32517	0.73599237
32518	0.72960138
32519	0.72380686
32520	0.71852642
32521	0.71369189
32522	0.70924568
32523	0.70513904
32524	0.70133060
32525	0.69778460
32526	0.69447058
32527	0.69136167
32528	0.68843478
32529	0.68566966
32530	0.68304819
32531	0.68055481
32532	0.67817527
32533	0.67589724
32534	0.67370951
32535	0.67160183
32536	0.66956556
32537	0.66759229
32538	0.66567475
32539	0.66380638
32540	0.66198093
32541	0.66019291
32542	0.65843731
32543	0.65670949
32544	0.65500510
32545	0.65332031
32546	0.65165144
32547	0.64999521
32548	0.64834851
32549	0.64670867
32550	0.64507282
32551	0.64343858
32552	0.64180386
32553	0.64016634
32554	0.63852423
32555	0.63687569
32556	0.63521898
32557	0.63355279
32558	0.63187546
32559	0.63018578
32560	0.62848252
32561	0.62676460
32562	0.62503093
32563	0.62328070
32564	0.62151295
32565	0.61972708
32566	0.61792213
32567	0.61609775
32568	0.61425322
32569	0.61238813
32570	0.61050206
32571	0.60859460
32572	0.60666549
32573	0.60471439
32574	0.60274124
32575	0.60074562
32576	0.59872770
32577	0.59668720
32578	0.59462416
32579	0.59253854
32580	0.59043044
32581	0.58829987
32582	0.58614695
32583	0.58397192
32584	0.58177471
32585	0.57955575
32586	0.57731521
32587	0.57505327
32588	0.57277036
32589	0.57046670
32590	0.56814265
32591	0.56579864
32592	0.56343502
32593	0.56105226
32594	0.55865073
32595	0.55623102
32596	0.55379361
32597	0.55133891
32598	0.54886770
32599	0.54638034
32600	0.54387742
32601	0.54135966
32602	0.53882766
32603	0.53628200
32604	0.53372324
32605	0.53115213
32606	0.52856934
32607	0.52597541
32608	0.52337110
32609	0.52075696
32610	0.51813370
32611	0.51550192
32612	0.51286221
32613	0.51021522
32614	0.50756150
32615	0.50490171
32616	0.50223637
32617	0.49956602
32618	0.49689117
32619	0.49421236
32620	0.49153006
32621	0.48884478
32622	0.48615700
32623	0.48346704
32624	0.48077539
32625	0.47808245
32626	0.47538856
32627	0.47269410
32628	0.46999937
32629	0.46730474
32630	0.46461052
32631	0.46191689
32632	0.45922428
32633	0.45653284
32634	0.45384285
32635	0.45115456
32636	0.44846821
32637	0.44578397
32638	0.44310209
32639	0.44042265
32640	0.43774599
32641	0.43507215
32642	0.43240139
32643	0.42973381
32644	0.42706960
32645	0.42440888
32646	0.42175180
32647	0.41909856
32648	0.41644919
32649	0.41380388
32650	0.41116273
32651	0.40852591
32652	0.40589350
32653	0.40326560
32654	0.40064237
32655	0.39802381
32656	0.39541012
32657	0.39280137
32658	0.39019763
32659	0.38759902
32660	0.38500559
32661	0.38241741
32662	0.37983456
32663	0.37725711
32664	0.37468505
32665	0.37211853
32666	0.36955750
32667	0.36700213
32668	0.36445233
32669	0.36190811
32670	0.35936958
32671	0.35683677
32672	0.35430956
32673	0.35178810
32674	0.34927228
32675	0.34676218
32676	0.34425780
32677	0.34175906
32678	0.33926597
32679	0.33677852
32680	0.33429673
32681	0.33182049
32682	0.32934982
32683	0.32688466
32684	0.32442498
32685	0.32197073
32686	0.31952190
32687	0.31707832
32688	0.31463999
32689	0.31220677
32690	0.30977860
32691	0.30735543
32692	0.30493701
32693	0.30252320
32694	0.30011389
32695	0.29770875
32696	0.29530776
32697	0.29291055
32698	0.29051667
32699	0.28812602
32700	0.28573808
32701	0.28335252
32702	0.28096876
32703	0.27858630
32704	0.27620453
32705	0.27382278
32706	0.27144027
32707	0.26905623
32708	0.26666969
32709	0.26427963
32710	0.26188490
32711	0.25948417
32712	0.25707617
32713	0.25465927
32714	0.25223181
32715	0.24979192
32716	0.24733761
32717	0.24486646
32718	0.24237603
32719	0.23986350
32720	0.23732598
32721	0.23475993
32722	0.23216163
32723	0.22952701
32724	0.22685155
32725	0.22413021
32726	0.22135741
32727	0.21852678
32728	0.21563162
32729	0.21266416
32730	0.20961575
32731	0.20647687
32732	0.20323676
32733	0.19988336
32734	0.19640304
32735	0.19278033
32736	0.18899813
32737	0.18503654
32738	0.18087311
32739	0.17648222
32740	0.17183438
32741	0.16689551
32742	0.16162629
32743	0.15598086
32744	0.14990588
32745	0.14333825
32746	0.13620318
32747	0.12841222
32748	0.11985830
32749	0.11041201
32750	0.09991514
32751	0.08817186
32752	0.07493808
32753	0.05990395
32754	0.04267071
32755	0.02271862
32756	-0.00064659
32757	-0.02837018
32758	-0.06177593
32759	-0.10277412
32760	-0.15422606
32761	-0.22062705
32762	-0.30946156
32763	-0.43417811
32764	-0.62162799
32765	-0.93428266
32766	-1.55863333
32767	-3.41629267
32768	NaN
32769	NaN
32770	NaN
32771	NaN
32772	NaN
32773	NaN
32774	NaN
32775	NaN
32776	NaN
32777	NaN
32778	NaN
32779	NaN
32780	NaN
32781	NaN
32782	NaN
32783	NaN
32784	NaN
32785	NaN
32786	NaN
32787	NaN
32788	NaN
32789	NaN
32790	NaN
32791	NaN
32792	NaN
32793	NaN
32794	NaN
32795	NaN
32796	NaN
32797	NaN
32798	NaN
32799	NaN
32800	NaN
32801	NaN
32802	NaN
32803	NaN
32804	NaN
32805	NaN
32806	NaN
32807	NaN
32808	NaN
32809	NaN
32810	NaN
32811	NaN
32812	NaN
32813	NaN
32814	NaN
32815	NaN
32816	NaN
32817	NaN
32818	NaN
32819	NaN
32820	NaN
32821	NaN
32822	NaN
32823	NaN
32824	NaN
32825	3.15804100
32826	1.96530116
32827	1.53421271
32828	1.31206119
32829	1.17674458
32830	1.08578682
32831	1.02052379
32832	0.97147000
32833	0.93329269
32834	0.90276390
32835	0.87781477
32836	0.85705823
32837	0.83952922
32838	0.82453644
32839	0.81157023
32840	0.80024761
32841	0.79027498
32842	0.78142321
32843	0.77351159
32844	0.76639414
32845	0.75995350
32846	0.75409293
32847	0.74873257
32848	0.74380589
32849	0.73925674
32850	0.73503745
32851	0.73110771
32852	0.72743249
32853	0.72398204
32854	0.72072995
32855	0.71765363
32856	0.71473336
32857	0.71195126
32858	0.70929211
32859	0.70674193
32860	0.70428854
32861	0.70192105
32862	0.69962966
32863	0.69740552
32864	0.69524062
32865	0.69312769
32866	0.69106048
32867	0.68903273
32868	0.68703938
32869	0.68507528
32870	0.68313611
32871	0.68121761
32872	0.67931610
32873	0.67742819
32874	0.67555058
32875	0.67368054
32876	0.67181534
32877	0.66995257
32878	0.66808999
32879	0.66622543
32880	0.66435719
32881	0.66248363
32882	0.66060299
32883	0.65871406
32884	0.65681541
32885	0.65490603
32886	0.65298474
32887	0.65105075
32888	0.64910316
32889	0.64714140
32890	0.64516473
32891	0.64317262
32892	0.64116460
32893	0.63914037
32894	0.63709944
32895	0.63504165
32896	0.63296688
32897	0.63087493
32898	0.62876558
32899	0.62663901
32900	0.62449509
32901	0.62233388
32902	0.62015551
32903	0.61795998
32904	0.61574751
32905	0.61351812
32906	0.61127216
32907	0.60900974
32908	0.60673112
32909	0.60443652
32910	0.60212618
32911	0.59980041
32912	0.59745944
32913	0.59510374
32914	0.59273344
32915	0.59034896
32916	0.58795065
32917	0.58553886
32918	0.58311397
32919	0.58067638
32920	0.57822657
32921	0.57576478
32922	0.57329154
32923	0.57080734
32924	0.56831259
32925	0.56580776
32926	0.56329328
32927	0.56076974
32928	0.55823755
32929	0.55569726
32930	0.55314928
32931	0.55059433
32932	0.54803276
32933	0.54546505
32934	0.54289180
32935	0.54031360
32936	0.53773081
32937	0.53514403
32938	0.53255367
32939	0.52996033
32940	0.52736443
32941	0.52476645
32942	0.52216685
32943	0.51956612
32944	0.51696461
32945	0.51436287
32946	0.51176119
32947	0.50915992
32948	0.50655955
32949	0.50396043
32950	0.50136286
32951	0.49876714
32952	0.49617356
32953	0.49358243
32954	0.49099398
32955	0.48840854
32956	0.48582631
32957	0.48324740
32958	0.48067218
32959	0.47810075
32960	0.47553325
32961	0.47296986
32962	0.47041079
32963	0.46785599
32964	0.46530578
32965	0.46276012
32966	0.46021920
32967	0.45768306
32968	0.45515177
32969	0.45262542
32970	0.45010400
32971	0.44758767
32972	0.44507635
32973	0.44257018
32974	0.44006917
32975	0.43757331
32976	0.43508267
32977	0.43259731
32978	0.43011710
32979	0.42764217
32980	0.42517248
32981	0.42270803
32982	0.42024887
32983	0.41779491
32984	0.41534621
32985	0.41290271
32986	0.41046441
32987	0.40803128
32988	0.40560332
32989	0.40318042
32990	0.40076265
32991	0.39834994
32992	0.39594221
32993	0.39353943
32994	0.39114159
32995	0.38874859
32996	0.38636044
32997	0.38397700
32998	0.38159826
32999	0.37922421
33000	0.37685475
33001	0.37448984
33002	0.37212938
33003	0.36977336
33004	0.36742169
33005	0.36507431
33006	0.36273122
33007	0.36039227
33008	0.35805750
33009	0.35572681
33010	0.35340011
33011	0.35107735
33012	0.34875849
33013	0.34644341
33014	0.34413207
33015	0.34182441
33016	0.33952022
33017	0.33721948
33018	0.33492205
33019	0.33262777
33020	0.33033654
33021	0.32804802
33022	0.32576218
33023	0.32347870
33024	0.32119733
33025	0.31891775
33026	0.31663957
33027	0.31436247
33028	0.31208605
33029	0.30980965
33030	0.30753285
33031	0.30525503
33032	0.30297545
33033	0.30069330
33034	0.29840770
33035	0.29611787
33036	0.29382253
33037	0.29152057
33038	0.28921068
33039	0.28689140
33040	0.28456113
33041	0.28221804
33042	0.27986002
33043	0.27748510
33044	0.27509075
33045	0.27267414
33046	0.27023244
33047	0.26776224
33048	0.26525986
33049	0.26272121
33050	0.26014161
33051	0.25751612
33052	0.25483897
33053	0.25210366
33054	0.24930336
33055	0.24642983
33056	0.24347414
33057	0.24042606
33058	0.23727402
33059	0.23400508
33060	0.23060438
33061	0.22705460
33062	0.22333683
33063	0.21942839
33064	0.21530350
33065	0.21093214
33066	0.20627919
33067	0.20130402
33068	0.19595824
33069	0.19018443
33070	0.18391459
33071	0.17706642
33072	0.16954046
33073	0.16121483
33074	0.15193842
33075	0.14152364
33076	0.12973149
33077	0.11625539
33078	0.10069571
33079	0.08251951
33080	0.06100193
33081	0.03513158
33082	0.00345186
33083	-0.03620900
33084	-0.08724662
33085	-0.15527770
33086	-0.25030488
33087	-0.39205405
33088	-0.62556034
33089	-1.08095086
33090	-2.35425830
33091	NaN
33092	NaN
33093	NaN
33094	NaN
33095	NaN
33096	NaN
33097	NaN
33098	NaN
33099	NaN
33100	NaN
33101	NaN
33102	NaN
33103	NaN
33104	NaN
33105	NaN
33106	NaN
33107	NaN
33108	NaN
33109	NaN
33110	NaN
33111	NaN
33112	NaN
33113	NaN
33114	NaN
33115	NaN
33116	NaN
33117	NaN
33118	NaN
33119	NaN
33120	NaN
33121	NaN
33122	NaN
33123	NaN
33124	NaN
33125	NaN
33126	NaN
33127	NaN
33128	NaN
33129	NaN
33130	NaN
33131	NaN
33132	NaN
33133	NaN
33134	NaN
33135	NaN
33136	NaN
33137	NaN
33138	NaN
33139	NaN
33140	NaN
33141	NaN
33142	NaN
33143	NaN
33144	NaN
33145	NaN
33146	NaN
33147	NaN
33148	NaN
33149	NaN
33150	NaN
33151	NaN
33152	NaN
33153	NaN
33154	NaN
33155	NaN
33156	NaN
33157	NaN
33158	NaN
33159	NaN
33160	3.32546234
33161	1.97512269
33162	1.52630711
33163	1.30244362
33164	1.16848075
33165	1.07943594
33166	1.01603687
33167	0.96865261
33168	0.93193287
33169	0.90266758
33170	0.87881535
33171	0.85901469
33172	0.84232390
33173	0.82806957
33174	0.81575841
33175	0.80502075
33176	0.79557329
33177	0.78719646
33178	0.77971619
33179	0.77299392
33180	0.76691705
33181	0.76139367
33182	0.75634784
33183	0.75171620
33184	0.74744546
33185	0.74349082
33186	0.73981386
33187	0.73638159
33188	0.73316580
33189	0.73014152
33190	0.72728777
33191	0.72458535
33192	0.72201794
33193	0.71957088
33194	0.71723109
33195	0.71498710
33196	0.71282846
33197	0.71074599
33198	0.70873117
33199	0.70677656
33200	0.70487523
33201	0.70302099
33202	0.70120817
33203	0.69943148
33204	0.69768620
33205	0.69596797
33206	0.69427276
33207	0.69259691
33208	0.69093698
33209	0.68928975
33210	0.68765241
33211	0.68602216
33212	0.68439651
33213	0.68277311
33214	0.68114966
33215	0.67952442
33216	0.67789525
33217	0.67626059
33218	0.67461872
33219	0.67296821
33220	0.67130756
33221	0.66963571
33222	0.66795123
33223	0.66625321
33224	0.66454059
33225	0.66281241
33226	0.66106796
33227	0.65930647
33228	0.65752721
33229	0.65572953
33230	0.65391290
33231	0.65207696
33232	0.65022123
33233	0.64834523
33234	0.64644879
33235	0.64453161
33236	0.64259356
33237	0.64063430
33238	0.63865370
33239	0.63665181
33240	0.63462853
33241	0.63258380
33242	0.63051760
33243	0.62843001
33244	0.62632108
33245	0.62419093
33246	0.62203968
33247	0.61986732
33248	0.61767423
33249	0.61546063
33250	0.61322659
33251	0.61097234
33252	0.60869831
33253	0.60640472
33254	0.60409188
33255	0.60176027
33256	0.59941018
33257	0.59704202
33258	0.59465629
33259	0.59225345
33260	0.58983392
33261	0.58739835
33262	0.58494717
33263	0.58248103
33264	0.58000052
33265	0.57750612
33266	0.57499862
33267	0.57247853
33268	0.56994659
33269	0.56740344
33270	0.56484967
33271	0.56228608
33272	0.55971313
33273	0.55713171
33274	0.55454230
33275	0.55194557
33276	0.54934222
33277	0.54673284
33278	0.54411793
33279	0.54149824
33280	0.53887415
33281	0.53624636
33282	0.53361523
33283	0.53098142
33284	0.52834523
33285	0.52570724
33286	0.52306771
33287	0.52042717
33288	0.51778597
33289	0.51514435
33290	0.51250267
33291	0.50986129
33292	0.50722033
33293	0.50458014
33294	0.50194097
33295	0.49930289
33296	0.49666619
33297	0.49403101
33298	0.49139747
33299	0.48876569
33300	0.48613587
33301	0.48350799
33302	0.48088226
33303	0.47825873
33304	0.47563744
33305	0.47301850
33306	0.47040197
33307	0.46778795
33308	0.46517640
33309	0.46256748
33310	0.45996121
33311	0.45735767
33312	0.45475686
33313	0.45215893
33314	0.44956386
33315	0.44697177
33316	0.44438273
33317	0.44179672
33318	0.43921387
33319	0.43663427
33320	0.43405798
33321	0.43148497
33322	0.42891538
33323	0.42634928
33324	0.42378664
33325	0.42122763
33326	0.41867217
33327	0.41612041
33328	0.41357228
33329	0.41102788
33330	0.40848717
33331	0.40595022
33332	0.40341696
33333	0.40088743
33334	0.39836159
33335	0.39583951
33336	0.39332098
33337	0.39080611
33338	0.38829479
33339	0.38578695
33340	0.38328257
33341	0.38078156
33342	0.37828386
33343	0.37578937
33344	0.37329796
33345	0.37080961
33346	0.36832422
33347	0.36584160
33348	0.36336172
33349	0.36088443
33350	0.35840961
33351	0.35593709
33352	0.35346678
33353	0.35099855
33354	0.34853217
33355	0.34606746
33356	0.34360430
33357	0.34114245
33358	0.33868170
33359	0.33622184
33360	0.33376256
33361	0.33130357
33362	0.32884452
33363	0.32638520
33364	0.32392502
33365	0.32146367
33366	0.31900072
33367	0.31653556
33368	0.31406763
33369	0.31159636
33370	0.30912104
33371	0.30664086
33372	0.30415502
33373	0.30166256
33374	0.29916257
33375	0.29665384
33376	0.29413509
33377	0.29160511
33378	0.28906238
33379	0.28650522
33380	0.28393194
33381	0.28134045
33382	0.27872875
33383	0.27609444
33384	0.27343488
33385	0.27074724
33386	0.26802832
33387	0.26527470
33388	0.26248249
33389	0.25964728
33390	0.25676450
33391	0.25382882
33392	0.25083426
33393	0.24777430
33394	0.24464169
33395	0.24142800
33396	0.23812400
33397	0.23471905
33398	0.23120153
33399	0.22755778
33400	0.22377235
33401	0.21982779
33402	0.21570377
33403	0.21137714
33404	0.20682068
33405	0.20200311
33406	0.19688793
33407	0.19143195
33408	0.18558401
33409	0.17928374
33410	0.17245825
33411	0.16501975
33412	0.15686102
33413	0.14785045
33414	0.13782452
33415	0.12657729
33416	0.11384567
33417	0.09929014
33418	0.08246218
33419	0.06275823
33420	0.03934846
33421	0.01105674
33422	-0.02383595
33423	-0.06795207
33424	-0.12549472
33425	-0.20364733
33426	-0.31579229
33427	-0.49002880
33428	-0.79707289
33429	-1.48039913
33430	-4.31145191
33431	NaN
33432	NaN
33433	NaN
33434	NaN
33435	NaN
33436	NaN
33437	NaN
33438	NaN
33439	NaN
33440	NaN
33441	NaN
33442	NaN
33443	NaN
33444	NaN
33445	NaN
33446	NaN
33447	NaN
33448	NaN
33449	NaN
33450	NaN
33451	NaN
33452	NaN
33453	NaN
33454	NaN
33455	NaN
33456	NaN
33457	NaN
33458	NaN
33459	NaN
33460	NaN
33461	NaN
33462	NaN
33463	NaN
33464	NaN
33465	NaN
33466	NaN
33467	NaN
33468	NaN
33469	NaN
33470	NaN
33471	NaN
33472	NaN
33473	NaN
33474	NaN
33475	NaN
33476	NaN
33477	NaN
33478	NaN
33479	NaN
33480	NaN
33481	NaN
33482	NaN
33483	NaN
33484	NaN
33485	NaN
33486	NaN
33487	NaN
33488	NaN
33489	NaN
33490	NaN
33491	NaN
33492	NaN
33493	NaN
33494	NaN
33495	NaN
33496	NaN
33497	NaN
33498	8.95767975
33499	2.61961341
33500	1.75769353
33501	1.41658306
33502	1.23418391
33503	1.12089300
33504	1.04385900
33505	0.98819500
33506	0.94617438
33507	0.91338831
33508	0.88713819
33509	0.86567968
33510	0.84783429
33511	0.83277845
33512	0.81991839
33513	0.80881548
33514	0.79913896
33515	0.79063457
33516	0.78310394
33517	0.77638918
33518	0.77036405
33519	0.76492614
33520	0.75999105
33521	0.75548953
33522	0.75136316
33523	0.74756300
33524	0.74404782
33525	0.74078226
33526	0.73773611
33527	0.73488295
33528	0.73220026
33529	0.72966820
33530	0.72726959
33531	0.72498900
33532	0.72281307
33533	0.72072971
33534	0.71872848
33535	0.71679950
33536	0.71493453
33537	0.71312577
33538	0.71136612
33539	0.70964938
33540	0.70796978
33541	0.70632219
33542	0.70470178
33543	0.70310402
33544	0.70152503
33545	0.69996107
33546	0.69840884
33547	0.69686502
33548	0.69532669
33549	0.69379127
33550	0.69225621
33551	0.69071925
33552	0.68917805
33553	0.68763071
33554	0.68607533
33555	0.68451029
33556	0.68293387
33557	0.68134463
33558	0.67974120
33559	0.67812240
33560	0.67648697
33561	0.67483401
33562	0.67316234
33563	0.67147130
33564	0.66976005
33565	0.66802788
33566	0.66627419
33567	0.66449839
33568	0.66270012
33569	0.66087890
33570	0.65903449
33571	0.65716654
33572	0.65527481
33573	0.65335929
33574	0.65141964
33575	0.64945614
33576	0.64746839
33577	0.64545673
33578	0.64342111
33579	0.64136159
33580	0.63927841
33581	0.63717157
33582	0.63504136
33583	0.63288796
33584	0.63071156
33585	0.62851256
33586	0.62629104
33587	0.62404740
33588	0.62178189
33589	0.61949486
33590	0.61718667
33591	0.61485773
33592	0.61250830
33593	0.61013889
33594	0.60774994
33595	0.60534173
33596	0.60291499
33597	0.60047001
33598	0.59800732
33599	0.59552753
33600	0.59303117
33601	0.59051877
33602	0.58799100
33603	0.58544844
33604	0.58289170
33605	0.58032149
33606	0.57773840
33607	0.57514316
33608	0.57253641
33609	0.56991887
33610	0.56729126
33611	0.56465417
33612	0.56200844
33613	0.55935460
33614	0.55669349
33615	0.55402565
33616	0.55135179
33617	0.54867256
33618	0.54598862
33619	0.54330051
33620	0.54060888
33621	0.53791422
33622	0.53521717
33623	0.53251815
33624	0.52981770
33625	0.52711630
33626	0.52441436
33627	0.52171236
33628	0.51901054
33629	0.51630944
33630	0.51360929
33631	0.51091045
33632	0.50821310
33633	0.50551766
33634	0.50282431
33635	0.50013322
33636	0.49744466
33637	0.49475887
33638	0.49207589
33639	0.48939598
33640	0.48671925
33641	0.48404580
33642	0.48137584
33643	0.47870940
33644	0.47604668
33645	0.47338769
33646	0.47073254
33647	0.46808141
33648	0.46543428
33649	0.46279135
33650	0.46015257
33651	0.45751813
33652	0.45488808
33653	0.45226246
33654	0.44964141
33655	0.44702494
33656	0.44441319
33657	0.44180620
33658	0.43920410
33659	0.43660691
33660	0.43401471
33661	0.43142754
33662	0.42884549
33663	0.42626864
33664	0.42369702
33665	0.42113066
33666	0.41856962
33667	0.41601393
33668	0.41346368
33669	0.41091886
33670	0.40837952
33671	0.40584561
33672	0.40331724
33673	0.40079436
33674	0.39827704
33675	0.39576516
33676	0.39325887
33677	0.39075813
33678	0.38826287
33679	0.38577321
33680	0.38328901
33681	0.38081041
33682	0.37833735
33683	0.37586984
33684	0.37340790
33685	0.37095150
33686	0.36850071
33687	0.36605552
33688	0.36361593
33689	0.36118200
33690	0.35875368
33691	0.35633105
33692	0.35391402
33693	0.35150278
33694	0.34909713
33695	0.34669712
33696	0.34430277
33697	0.34191400
33698	0.33953083
33699	0.33715302
33700	0.33478060
33701	0.33241346
33702	0.33005133
33703	0.32769412
33704	0.32534146
33705	0.32299322
33706	0.32064894
33707	0.31830826
33708	0.31597075
33709	0.31363592
33710	0.31130311
33711	0.30897164
33712	0.30664074
33713	0.30430973
33714	0.30197743
33715	0.29964289
33716	0.29730487
33717	0.29496211
33718	0.29261309
33719	0.29025629
33720	0.28788993
33721	0.28551200
33722	0.28312039
33723	0.28071263
33724	0.27828634
33725	0.27583852
33726	0.27336603
33727	0.27086544
33728	0.26833299
33729	0.26576445
33730	0.26315519
33731	0.26050004
33732	0.25779361
33733	0.25502941
33734	0.25220051
33735	0.24929942
33736	0.24631746
33737	0.24324511
33738	0.24007164
33739	0.23678491
33740	0.23337151
33741	0.22981603
33742	0.22610113
33743	0.22220720
33744	0.21811165
33745	0.21378878
33746	0.20920877
33747	0.20433743
33748	0.19913498
33749	0.19355501
33750	0.18754274
33751	0.18103391
33752	0.17395188
33753	0.16620456
33754	0.15768097
33755	0.14824569
33756	0.13773239
33757	0.12593357
33758	0.11258696
33759	0.09735876
33760	0.07981384
33761	0.05937675
33762	0.03526970
33763	0.00641447
33764	-0.02872500
33765	-0.07241978
33766	-0.12817383
33767	-0.20168565
33768	-0.30289856
33769	-0.45084468
33770	-0.68712080
33771	-1.12340820
33772	-2.19650006
33773	-9.01479053
33774	NaN
33775	NaN
33776	NaN
33777	NaN
33778	NaN
33779	NaN
33780	NaN
33781	NaN
33782	NaN
33783	NaN
33784	NaN
33785	NaN
33786	NaN
33787	NaN
33788	NaN
33789	NaN
33790	NaN
33791	NaN
33792	NaN
33793	NaN
33794	NaN
33795	NaN
33796	NaN
33797	NaN
33798	NaN
33799	NaN
33800	NaN
33801	NaN
33802	NaN
33803	NaN
33804	NaN
33805	NaN
33806	NaN
33807	NaN
33808	NaN
33809	NaN
33810	NaN
33811	NaN
33812	NaN
33813	NaN
33814	NaN
33815	NaN
33816	NaN
33817	NaN
33818	NaN
33819	NaN
33820	NaN
33821	NaN
33822	NaN
33823	NaN
33824	NaN
33825	NaN
33826	NaN
33827	NaN
33828	NaN
33829	NaN
33830	9.32479954
33831	2.73952436
33832	1.82597303
33833	1.46280169
33834	1.26800060
33835	1.14665830
33836	1.06390822
33837	1.00393021
33838	0.95850682
33839	0.92294705
33840	0.89437664
33841	0.87093610
33842	0.85136974
33843	0.83479893
33844	0.82058978
33845	0.80827439
33846	0.79749918
33847	0.78799200
33848	0.77953994
33849	0.77197438
33850	0.76516002
33851	0.75898629
33852	0.75336301
33853	0.74821514
33854	0.74348003
33855	0.73910499
33856	0.73504490
33857	0.73126167
33858	0.72772247
33859	0.72439885
33860	0.72126639
33861	0.71830308
33862	0.71549034
33863	0.71281153
33864	0.71025187
33865	0.70779830
33866	0.70543903
33867	0.70316386
33868	0.70096320
33869	0.69882870
33870	0.69675285
33871	0.69472867
33872	0.69274980
33873	0.69081062
33874	0.68890595
33875	0.68703103
33876	0.68518144
33877	0.68335307
33878	0.68154240
33879	0.67974597
33880	0.67796063
33881	0.67618346
33882	0.67441177
33883	0.67264301
33884	0.67087501
33885	0.66910559
33886	0.66733265
33887	0.66555452
33888	0.66376936
33889	0.66197568
33890	0.66017210
33891	0.65835720
33892	0.65652972
33893	0.65468860
33894	0.65283287
33895	0.65096146
33896	0.64907360
33897	0.64716858
33898	0.64524567
33899	0.64330429
33900	0.64134389
33901	0.63936400
33902	0.63736427
33903	0.63534427
33904	0.63330388
33905	0.63124269
33906	0.62916070
33907	0.62705773
33908	0.62493366
33909	0.62278843
33910	0.62062222
33911	0.61843491
33912	0.61622673
33913	0.61399764
33914	0.61174798
33915	0.60947782
33916	0.60718739
33917	0.60487700
33918	0.60254687
33919	0.60019737
33920	0.59782869
33921	0.59544134
33922	0.59303558
33923	0.59061193
33924	0.58817077
33925	0.58571249
33926	0.58323765
33927	0.58074677
33928	0.57824028
33929	0.57571888
33930	0.57318300
33931	0.57063323
33932	0.56807029
33933	0.56549472
33934	0.56290716
33935	0.56030822
33936	0.55769861
33937	0.55507898
33938	0.55245006
33939	0.54981244
33940	0.54716682
33941	0.54451388
33942	0.54185432
33943	0.53918886
33944	0.53651804
33945	0.53384256
33946	0.53116304
33947	0.52848017
33948	0.52579457
33949	0.52310669
33950	0.52041721
33951	0.51772672
33952	0.51503557
33953	0.51234454
33954	0.50965399
33955	0.50696427
33956	0.50427604
33957	0.50158954
33958	0.49890527
33959	0.49622354
33960	0.49354476
33961	0.49086919
33962	0.48819712
33963	0.48552889
33964	0.48286474
33965	0.48020488
33966	0.47754949
33967	0.47489882
33968	0.47225311
33969	0.46961239
33970	0.46697688
33971	0.46434668
33972	0.46172190
33973	0.45910266
33974	0.45648900
33975	0.45388106
33976	0.45127892
33977	0.44868258
33978	0.44609216
33979	0.44350764
33980	0.44092911
33981	0.43835661
33982	0.43579015
33983	0.43322980
33984	0.43067554
33985	0.42812741
33986	0.42558542
33987	0.42304957
33988	0.42051995
33989	0.41799650
33990	0.41547918
33991	0.41296813
33992	0.41046321
33993	0.40796450
33994	0.40547198
33995	0.40298560
33996	0.40050542
33997	0.39803129
33998	0.39556330
33999	0.39310136
34000	0.39064541
34001	0.38819546
34002	0.38575143
34003	0.38331330
34004	0.38088095
34005	0.37845433
34006	0.37603334
34007	0.37361798
34008	0.37120810
34009	0.36880362
34010	0.36640447
34011	0.36401051
34012	0.36162168
34013	0.35923785
34014	0.35685879
34015	0.35448459
34016	0.35211495
34017	0.34974977
34018	0.34738892
34019	0.34503227
34020	0.34267959
34021	0.34033075
34022	0.33798552
34023	0.33564383
34024	0.33330527
34025	0.33096972
34026	0.32863697
34027	0.32630670
34028	0.32397854
34029	0.32165232
34030	0.31932747
34031	0.31700385
34032	0.31468087
34033	0.31235811
34034	0.31003502
34035	0.30771106
34036	0.30538559
34037	0.30305788
34038	0.30072722
34039	0.29839277
34040	0.29605353
34041	0.29370853
34042	0.29135668
34043	0.28899658
34044	0.28662705
34045	0.28424644
34046	0.28185311
34047	0.27944526
34048	0.27702081
34049	0.27457756
34050	0.27211308
34051	0.26962468
34052	0.26710927
34053	0.26456368
34054	0.26198417
34055	0.25936678
34056	0.25670710
34057	0.25400010
34058	0.25124046
34059	0.24842206
34060	0.24553816
34061	0.24258128
34062	0.23954301
34063	0.23641407
34064	0.23318401
34065	0.22984099
34066	0.22637184
34067	0.22276168
34068	0.21899347
34069	0.21504807
34070	0.21090341
34071	0.20653477
34072	0.20191316
34073	0.19700538
34074	0.19177327
34075	0.18617202
34076	0.18014929
34077	0.17364351
34078	0.16658145
34079	0.15887646
34080	0.15042366
34081	0.14109580
34082	0.13073768
34083	0.11915676
34084	0.10611223
34085	0.09129866
34086	0.07432242
34087	0.05466893
34088	0.03165011
34089	0.00432586
34090	-0.02862190
34091	-0.06910272
34092	-0.11998968
34093	-0.18581420
34094	-0.27416879
34095	-0.39880663
34096	-0.58750337
34097	-0.90601927
34098	-1.55676007
34099	-3.61770463
34100	NaN
34101	NaN
34102	NaN
34103	NaN
34104	NaN
34105	NaN
34106	NaN
34107	NaN
34108	NaN
34109	NaN
34110	NaN
34111	NaN
34112	NaN
34113	NaN
34114	NaN
34115	NaN
34116	NaN
34117	NaN
34118	NaN
34119	NaN
34120	NaN
34121	NaN
34122	NaN
34123	NaN
34124	NaN
34125	NaN
34126	NaN
34127	NaN
34128	NaN
34129	NaN
34130	NaN
34131	NaN
34132	NaN
34133	NaN
34134	NaN
34135	NaN
34136	NaN
34137	NaN
34138	NaN
34139	NaN
34140	NaN
34141	NaN
34142	NaN
34143	NaN
34144	NaN
34145	NaN
34146	NaN
34147	NaN
34148	NaN
34149	NaN
34150	NaN
34151	NaN
34152	NaN
34153	NaN
34154	NaN
34155	NaN
34156	NaN
34157	NaN
34158	NaN
34159	NaN
34160	3.97574449
34161	2.21446466
34162	1.66768181
34163	1.40156007
34164	1.24431145
34165	1.14058232
34166	1.06709719
34167	1.01236510
34168	0.97005773
34169	0.93640262
34170	0.90901172
34171	0.88629884
34172	0.86716938
34173	0.85084426
34174	0.83675295
34175	0.82446837
34176	0.81366485
34177	0.80408901
34178	0.79554117
34179	0.78786188
34180	0.78092229
34181	0.77461636
34182	0.76885730
34183	0.76357263
34184	0.75870132
34185	0.75419176
34186	0.75000024
34187	0.74608898
34188	0.74242580
34189	0.73898232
34190	0.73573422
34191	0.73265982
34192	0.72974038
34193	0.72695923
34194	0.72430158
34195	0.72175425
34196	0.71930540
34197	0.71694458
34198	0.71466225
34199	0.71244991
34200	0.71029979
34201	0.70820481
34202	0.70615876
34203	0.70415562
34204	0.70219022
34205	0.70025760
34206	0.69835335
34207	0.69647336
34208	0.69461387
34209	0.69277149
34210	0.69094294
34211	0.68912536
34212	0.68731600
34213	0.68551242
34214	0.68371236
34215	0.68191355
34216	0.68011415
34217	0.67831236
34218	0.67650658
34219	0.67469525
34220	0.67287701
34221	0.67105067
34222	0.66921496
34223	0.66736901
34224	0.66551179
34225	0.66364247
34226	0.66176033
34227	0.65986472
34228	0.65795511
34229	0.65603089
34230	0.65409172
34231	0.65213710
34232	0.65016693
34233	0.64818078
34234	0.64617842
34235	0.64415985
34236	0.64212489
34237	0.64007336
34238	0.63800544
34239	0.63592088
34240	0.63381994
34241	0.63170248
34242	0.62956870
34243	0.62741864
34244	0.62525237
34245	0.62307018
34246	0.62087202
34247	0.61865824
34248	0.61642891
34249	0.61418432
34250	0.61192465
34251	0.60965014
34252	0.60736096
34253	0.60505754
34254	0.60273993
34255	0.60040861
34256	0.59806383
34257	0.59570587
34258	0.59333503
34259	0.59095180
34260	0.58855641
34261	0.58614928
34262	0.58373082
34263	0.58130139
34264	0.57886136
34265	0.57641131
34266	0.57395148
34267	0.57148242
34268	0.56900454
34269	0.56651831
34270	0.56402421
34271	0.56152260
34272	0.55901402
34273	0.55649894
34274	0.55397773
34275	0.55145085
34276	0.54891878
34277	0.54638195
34278	0.54384083
34279	0.54129571
34280	0.53874713
34281	0.53619534
34282	0.53364086
34283	0.53108394
34284	0.52852499
34285	0.52596432
34286	0.52340227
34287	0.52083910
34288	0.51827520
34289	0.51571071
34290	0.51314592
34291	0.51058108
34292	0.50801641
34293	0.50545210
34294	0.50288838
34295	0.50032538
34296	0.49776334
34297	0.49520227
34298	0.49264237
34299	0.49008384
34300	0.48752666
34301	0.48497102
34302	0.48241699
34303	0.47986463
34304	0.47731403
34305	0.47476527
34306	0.47221842
34307	0.46967345
34308	0.46713057
34309	0.46458963
34310	0.46205086
34311	0.45951420
34312	0.45697972
34313	0.45444739
34314	0.45191732
34315	0.44938952
34316	0.44686398
34317	0.44434083
34318	0.44182003
34319	0.43930158
34320	0.43678558
34321	0.43427196
34322	0.43176085
34323	0.42925221
34324	0.42674607
34325	0.42424247
34326	0.42174143
34327	0.41924295
34328	0.41674706
34329	0.41425371
34330	0.41176301
34331	0.40927494
34332	0.40678948
34333	0.40430665
34334	0.40182644
34335	0.39934891
34336	0.39687401
34337	0.39440176
34338	0.39193210
34339	0.38946512
34340	0.38700074
34341	0.38453895
34342	0.38207984
34343	0.37962323
34344	0.37716922
34345	0.37471771
34346	0.37226871
34347	0.36982217
34348	0.36737800
34349	0.36493623
34350	0.36249673
34351	0.36005944
34352	0.35762432
34353	0.35519111
34354	0.35275981
34355	0.35033029
34356	0.34790227
34357	0.34547561
34358	0.34305015
34359	0.34062552
34360	0.33820158
34361	0.33577782
34362	0.33335400
34363	0.33092961
34364	0.32850426
34365	0.32607740
34366	0.32364854
34367	0.32121688
34368	0.31878173
34369	0.31634229
34370	0.31389773
34371	0.31144705
34372	0.30898905
34373	0.30652264
34374	0.30404642
34375	0.30155897
34376	0.29905868
34377	0.29654360
34378	0.29401195
34379	0.29146141
34380	0.28888968
34381	0.28629416
34382	0.28367180
34383	0.28101942
34384	0.27833340
34385	0.27560982
34386	0.27284434
34387	0.27003196
34388	0.26716718
34389	0.26424414
34390	0.26125586
34391	0.25819483
34392	0.25505233
34393	0.25181875
34394	0.24848318
34395	0.24503329
34396	0.24145500
34397	0.23773229
34398	0.23384675
34399	0.22977720
34400	0.22549926
34401	0.22098431
34402	0.21619958
34403	0.21110624
34404	0.20565820
34405	0.19980162
34406	0.19347136
34407	0.18658905
34408	0.17905983
34409	0.17076689
34410	0.16156615
34411	0.15127642
34412	0.13966742
34413	0.12644343
34414	0.11121545
34415	0.09346427
34416	0.07247966
34417	0.04726392
34418	0.01637372
34419	-0.02236633
34420	-0.07238999
34421	-0.13944998
34422	-0.23397890
34423	-0.37705976
34424	-0.61866760
34425	-1.11297369
34426	-2.68539357
34427	NaN
34428	NaN
34429	NaN
34430	NaN
34431	NaN
34432	NaN
34433	NaN
34434	NaN
34435	NaN
34436	NaN
34437	NaN
34438	NaN
34439	NaN
34440	NaN
34441	NaN
34442	NaN
34443	NaN
34444	NaN
34445	NaN
34446	NaN
34447	NaN
34448	NaN
34449	NaN
34450	NaN
34451	NaN
34452	NaN
34453	NaN
34454	NaN
34455	NaN
34456	NaN
34457	NaN
34458	NaN
34459	NaN
34460	NaN
34461	NaN
34462	NaN
34463	NaN
34464	NaN
34465	NaN
34466	NaN
34467	NaN
34468	NaN
34469	NaN
34470	NaN
34471	NaN
34472	NaN
34473	NaN
34474	NaN
34475	NaN
34476	NaN
34477	NaN
34478	NaN
34479	NaN
34480	NaN
34481	NaN
34482	NaN
34483	NaN
34484	NaN
34485	NaN
34486	NaN
34487	NaN
34488	NaN
34489	NaN
34490	NaN
34491	NaN
34492	NaN
34493	NaN
34494	NaN
34495	16.64077377
34496	2.84899521
34497	1.81144989
34498	1.43067729
34499	1.23334908
34500	1.11284482
34501	1.03175020
34502	0.97354376
34503	0.92979902
34504	0.89576930
34505	0.86857486
34506	0.84636903
34507	0.82791197
34508	0.81234109
34509	0.79903692
34510	0.78754377
34511	0.77751863
34512	0.76869875
34513	0.76087880
34514	0.75389731
34515	0.74762380
34516	0.74195319
34517	0.73679924
34518	0.73209071
34519	0.72776771
34520	0.72378051
34521	0.72008657
34522	0.71665001
34523	0.71343976
34524	0.71042919
34525	0.70759499
34526	0.70491707
34527	0.70237797
34528	0.69996190
34529	0.69765514
34530	0.69544554
34531	0.69332248
34532	0.69127601
34533	0.68929780
34534	0.68737972
34535	0.68551499
34536	0.68369716
34537	0.68192041
34538	0.68017960
34539	0.67846990
34540	0.67678696
34541	0.67512673
34542	0.67348558
34543	0.67186016
34544	0.67024726
34545	0.66864401
34546	0.66704774
34547	0.66545606
34548	0.66386664
34549	0.66227734
34550	0.66068614
34551	0.65909129
34552	0.65749109
34553	0.65588397
34554	0.65426844
34555	0.65264320
34556	0.65100688
34557	0.64935851
34558	0.64769691
34559	0.64602113
34560	0.64433026
34561	0.64262342
34562	0.64090008
34563	0.63915926
34564	0.63740063
34565	0.63562340
34566	0.63382727
34567	0.63201159
34568	0.63017625
34569	0.62832069
34570	0.62644470
34571	0.62454796
34572	0.62263030
34573	0.62069160
34574	0.61873162
34575	0.61675024
34576	0.61474746
34577	0.61272317
34578	0.61067742
34579	0.60861015
34580	0.60652131
34581	0.60441113
34582	0.60227954
34583	0.60012668
34584	0.59795266
34585	0.59575760
34586	0.59354174
34587	0.59130526
34588	0.58904833
34589	0.58677119
34590	0.58447409
34591	0.58215737
34592	0.57982141
34593	0.57746649
34594	0.57509297
34595	0.57270133
34596	0.57029200
34597	0.56786531
34598	0.56542182
34599	0.56296200
34600	0.56048644
34601	0.55799568
34602	0.55549020
34603	0.55297059
34604	0.55043751
34605	0.54789150
34606	0.54533327
34607	0.54276329
34608	0.54018235
34609	0.53759092
34610	0.53498977
34611	0.53237945
34612	0.52976060
34613	0.52713382
34614	0.52449977
34615	0.52185893
34616	0.51921207
34617	0.51655966
34618	0.51390219
34619	0.51124036
34620	0.50857455
34621	0.50590533
34622	0.50323325
34623	0.50055861
34624	0.49788210
34625	0.49520391
34626	0.49252456
34627	0.48984447
34628	0.48716393
34629	0.48448330
34630	0.48180291
34631	0.47912312
34632	0.47644418
34633	0.47376630
34634	0.47108981
34635	0.46841496
34636	0.46574196
34637	0.46307096
34638	0.46040228
34639	0.45773596
34640	0.45507228
34641	0.45241144
34642	0.44975355
34643	0.44709876
34644	0.44444725
34645	0.44179913
34646	0.43915462
34647	0.43651384
34648	0.43387687
34649	0.43124393
34650	0.42861512
34651	0.42599058
34652	0.42337042
34653	0.42075476
34654	0.41814381
34655	0.41553763
34656	0.41293633
34657	0.41034004
34658	0.40774891
34659	0.40516299
34660	0.40258241
34661	0.40000728
34662	0.39743763
34663	0.39487359
34664	0.39231521
34665	0.38976255
34666	0.38721570
34667	0.38467467
34668	0.38213947
34669	0.37961018
34670	0.37708682
34671	0.37456933
34672	0.37205777
34673	0.36955208
34674	0.36705226
34675	0.36455822
34676	0.36206999
34677	0.35958746
34678	0.35711053
34679	0.35463920
34680	0.35217336
34681	0.34971285
34682	0.34725758
34683	0.34480739
34684	0.34236214
34685	0.33992171
34686	0.33748588
34687	0.33505440
34688	0.33262715
34689	0.33020389
34690	0.32778430
34691	0.32536811
34692	0.32295492
34693	0.32054454
34694	0.31813648
34695	0.31573033
34696	0.31332561
34697	0.31092179
34698	0.30851835
34699	0.30611458
34700	0.30370983
34701	0.30130327
34702	0.29889405
34703	0.29648116
34704	0.29406363
34705	0.29164025
34706	0.28920969
34707	0.28677052
34708	0.28432107
34709	0.28185970
34710	0.27938434
34711	0.27689275
34712	0.27438259
34713	0.27185112
34714	0.26929542
34715	0.26671219
34716	0.26409760
34717	0.26144773
34718	0.25875804
34719	0.25602338
34720	0.25323826
34721	0.25039631
34722	0.24749048
34723	0.24451290
34724	0.24145474
34725	0.23830622
34726	0.23505607
34727	0.23169166
34728	0.22819881
34729	0.22456127
34730	0.22076064
34731	0.21677577
34732	0.21258242
34733	0.20815299
34734	0.20345515
34735	0.19845147
34736	0.19309856
34737	0.18734495
34738	0.18113017
34739	0.17438205
34740	0.16701443
34741	0.15892337
34742	0.14998169
34743	0.14003320
34744	0.12888402
34745	0.11628901
34746	0.10193547
34747	0.08541752
34748	0.06619814
34749	0.04355380
34750	0.01648308
34751	-0.01644013
34752	-0.05731549
34753	-0.10937256
34754	-0.17784539
34755	-0.27181059
34756	-0.40851858
34757	-0.62524265
34758	-1.02026987
34759	-1.96412694
34760	-7.16459656
34761	NaN
34762	NaN
34763	NaN
34764	NaN
34765	NaN
34766	NaN
34767	NaN
34768	NaN
34769	NaN
34770	NaN
34771	NaN
34772	NaN
34773	NaN
34774	NaN
34775	NaN
34776	NaN
34777	NaN
34778	NaN
34779	NaN
34780	NaN
34781	NaN
34782	NaN
34783	NaN
34784	NaN
34785	NaN
34786	NaN
34787	NaN
34788	NaN
34789	NaN
34790	NaN
34791	NaN
34792	NaN
34793	NaN
34794	NaN
34795	NaN
34796	NaN
34797	NaN
34798	NaN
34799	NaN
34800	NaN
34801	NaN
34802	NaN
34803	NaN
34804	NaN
34805	NaN
34806	NaN
34807	NaN
34808	NaN
34809	NaN
34810	NaN
34811	NaN
34812	NaN
34813	NaN
34814	NaN
34815	NaN
34816	NaN
34817	NaN
34818	4.28032255
34819	2.24705219
34820	1.66919005
34821	1.39640522
34822	1.23783588
34823	1.13434899
34824	1.06161308
34825	1.00778413
34826	0.96640193
34827	0.93364549
34828	0.90710825
34829	0.88519979
34830	0.86682624
34831	0.85121161
34832	0.83778918
34833	0.82613558
34834	0.81592774
34835	0.80691600
34836	0.79890323
34837	0.79173213
34838	0.78527600
34839	0.77943063
34840	0.77411079
34841	0.76924527
34842	0.76477426
34843	0.76064748
34844	0.75682169
34845	0.75326025
34846	0.74993145
34847	0.74680775
34848	0.74386543
34849	0.74108338
34850	0.73844337
34851	0.73592913
34852	0.73352635
34853	0.73122233
34854	0.72900558
34855	0.72686571
34856	0.72479391
34857	0.72278166
34858	0.72082174
34859	0.71890712
34860	0.71703190
34861	0.71519035
34862	0.71337754
34863	0.71158862
34864	0.70981950
34865	0.70806611
34866	0.70632499
34867	0.70459288
34868	0.70286673
34869	0.70114362
34870	0.69942111
34871	0.69769681
34872	0.69596857
34873	0.69423431
34874	0.69249225
34875	0.69074082
34876	0.68897820
34877	0.68720317
34878	0.68541437
34879	0.68361056
34880	0.68179083
34881	0.67995405
34882	0.67809951
34883	0.67622626
34884	0.67433381
34885	0.67242128
34886	0.67048842
34887	0.66853458
34888	0.66655952
34889	0.66456270
34890	0.66254407
34891	0.66050333
34892	0.65844029
34893	0.65635484
34894	0.65424705
34895	0.65211678
34896	0.64996409
34897	0.64778912
34898	0.64559191
34899	0.64337260
34900	0.64113146
34901	0.63886857
34902	0.63658428
34903	0.63427883
34904	0.63195252
34905	0.62960565
34906	0.62723863
34907	0.62485182
34908	0.62244564
34909	0.62002051
34910	0.61757690
34911	0.61511540
34912	0.61263633
34913	0.61014038
34914	0.60762805
34915	0.60509986
34916	0.60255659
34917	0.59999877
34918	0.59742701
34919	0.59484202
34920	0.59224445
34921	0.58963507
34922	0.58701444
34923	0.58438343
34924	0.58174264
34925	0.57909286
34926	0.57643479
34927	0.57376915
34928	0.57109678
34929	0.56841826
34930	0.56573439
34931	0.56304580
34932	0.56035322
34933	0.55765742
34934	0.55495888
34935	0.55225837
34936	0.54955655
34937	0.54685396
34938	0.54415119
34939	0.54144877
34940	0.53874731
34941	0.53604728
34942	0.53334916
34943	0.53065336
34944	0.52796048
34945	0.52527070
34946	0.52258456
34947	0.51990235
34948	0.51722443
34949	0.51455104
34950	0.51188254
34951	0.50921911
34952	0.50656098
34953	0.50390840
34954	0.50126153
34955	0.49862060
34956	0.49598569
34957	0.49335694
34958	0.49073446
34959	0.48811835
34960	0.48550877
34961	0.48290569
34962	0.48030913
34963	0.47771928
34964	0.47513607
34965	0.47255954
34966	0.46998978
34967	0.46742669
34968	0.46487033
34969	0.46232069
34970	0.45977771
34971	0.45724145
34972	0.45471182
34973	0.45218885
34974	0.44967252
34975	0.44716272
34976	0.44465947
34977	0.44216269
34978	0.43967232
34979	0.43718842
34980	0.43471086
34981	0.43223962
34982	0.42977461
34983	0.42731580
34984	0.42486316
34985	0.42241663
34986	0.41997609
34987	0.41754153
34988	0.41511297
34989	0.41269028
34990	0.41027340
34991	0.40786231
34992	0.40545690
34993	0.40305722
34994	0.40066311
34995	0.39827460
34996	0.39589161
34997	0.39351410
34998	0.39114201
34999	0.38877532
35000	0.38641399
35001	0.38405797
35002	0.38170716
35003	0.37936160
35004	0.37702116
35005	0.37468585
35006	0.37235552
35007	0.37003013
35008	0.36770964
35009	0.36539391
35010	0.36308280
35011	0.36077625
35012	0.35847402
35013	0.35617605
35014	0.35388204
35015	0.35159177
35016	0.34930506
35017	0.34702152
35018	0.34474087
35019	0.34246269
35020	0.34018657
35021	0.33791202
35022	0.33563846
35023	0.33336529
35024	0.33109191
35025	0.32881749
35026	0.32654116
35027	0.32426208
35028	0.32197919
35029	0.31969142
35030	0.31739742
35031	0.31509587
35032	0.31278533
35033	0.31046411
35034	0.30813044
35035	0.30578235
35036	0.30341771
35037	0.30103409
35038	0.29862893
35039	0.29619929
35040	0.29374224
35041	0.29125413
35042	0.28873125
35043	0.28616950
35044	0.28356436
35045	0.28091067
35046	0.27820298
35047	0.27543494
35048	0.27259991
35049	0.26969028
35050	0.26669753
35051	0.26361242
35052	0.26042432
35053	0.25712147
35054	0.25369081
35055	0.25011721
35056	0.24638401
35057	0.24247226
35058	0.23835999
35059	0.23402293
35060	0.22943254
35061	0.22455637
35062	0.21935683
35063	0.21379022
35064	0.20780589
35065	0.20134394
35066	0.19433358
35067	0.18669145
35068	0.17831662
35069	0.16908787
35070	0.15885718
35071	0.14744200
35072	0.13461576
35073	0.12009197
35074	0.10350440
35075	0.08437728
35076	0.06207977
35077	0.03575777
35078	0.00422841
35079	-0.03420128
35080	-0.08203721
35081	-0.14315403
35082	-0.22388121
35083	-0.33530676
35084	-0.49880040
35085	-0.76151377
35086	-1.25204575
35087	-2.49014139
35088	-11.59243488
35089	NaN
35090	NaN
35091	NaN
35092	NaN
35093	NaN
35094	NaN
35095	NaN
35096	NaN
35097	NaN
35098	NaN
35099	NaN
35100	NaN
35101	NaN
35102	NaN
35103	NaN
35104	NaN
35105	NaN
35106	NaN
35107	NaN
35108	NaN
35109	NaN
35110	NaN
35111	NaN
35112	NaN
35113	NaN
35114	NaN
35115	NaN
35116	NaN
35117	NaN
35118	NaN
35119	NaN
35120	NaN
35121	NaN
35122	NaN
35123	NaN
35124	NaN
35125	NaN
35126	NaN
35127	NaN
35128	NaN
35129	NaN
35130	NaN
35131	NaN
35132	NaN
35133	NaN
35134	NaN
35135	NaN
35136	NaN
35137	NaN
35138	NaN
35139	NaN
35140	NaN
35141	NaN
35142	NaN
35143	8.48656082
35144	2.88437891
35145	1.95178795
35146	1.56818056
35147	1.35922039
35148	1.22786832
35149	1.13773966
35150	1.07211494
35151	1.02223766
35152	0.98307562
35153	0.95153314
35154	0.92559814
35155	0.90390927
35156	0.88551068
35157	0.86971205
35158	0.85600168
35159	0.84399271
35160	0.83338737
35161	0.82395232
35162	0.81550246
35163	0.80788833
35164	0.80098867
35165	0.79470384
35166	0.78895128
35167	0.78366190
35168	0.77877706
35169	0.77424729
35170	0.77003014
35171	0.76608938
35172	0.76239330
35173	0.75891441
35174	0.75562882
35175	0.75251549
35176	0.74955583
35177	0.74673349
35178	0.74403369
35179	0.74144351
35180	0.73895127
35181	0.73654652
35182	0.73421997
35183	0.73196280
35184	0.72976744
35185	0.72762692
35186	0.72553486
35187	0.72348541
35188	0.72147334
35189	0.71949363
35190	0.71754193
35191	0.71561414
35192	0.71370649
35193	0.71181548
35194	0.70993793
35195	0.70807093
35196	0.70621181
35197	0.70435798
35198	0.70250708
35199	0.70065707
35200	0.69880605
35201	0.69695193
35202	0.69509333
35203	0.69322854
35204	0.69135618
35205	0.68947488
35206	0.68758357
35207	0.68568105
35208	0.68376637
35209	0.68183863
35210	0.67989689
35211	0.67794055
35212	0.67596883
35213	0.67398113
35214	0.67197692
35215	0.66995579
35216	0.66791725
35217	0.66586083
35218	0.66378641
35219	0.66169357
35220	0.65958220
35221	0.65745199
35222	0.65530288
35223	0.65313470
35224	0.65094751
35225	0.64874119
35226	0.64651561
35227	0.64427108
35228	0.64200741
35229	0.63972479
35230	0.63742340
35231	0.63510340
35232	0.63276494
35233	0.63040829
35234	0.62803358
35235	0.62564123
35236	0.62323153
35237	0.62080479
35238	0.61836147
35239	0.61590189
35240	0.61342639
35241	0.61093569
35242	0.60843003
35243	0.60591000
35244	0.60337621
35245	0.60082906
35246	0.59826928
35247	0.59569734
35248	0.59311390
35249	0.59051949
35250	0.58791488
35251	0.58530051
35252	0.58267713
35253	0.58004534
35254	0.57740575
35255	0.57475913
35256	0.57210594
35257	0.56944674
35258	0.56678236
35259	0.56411320
35260	0.56143999
35261	0.55876315
35262	0.55608332
35263	0.55340099
35264	0.55071676
35265	0.54803097
35266	0.54534423
35267	0.54265696
35268	0.53996962
35269	0.53728253
35270	0.53459615
35271	0.53191090
35272	0.52922708
35273	0.52654505
35274	0.52386510
35275	0.52118748
35276	0.51851261
35277	0.51584065
35278	0.51317185
35279	0.51050657
35280	0.50784487
35281	0.50518703
35282	0.50253314
35283	0.49988356
35284	0.49723828
35285	0.49459752
35286	0.49196145
35287	0.48933014
35288	0.48670369
35289	0.48408231
35290	0.48146608
35291	0.47885507
35292	0.47624934
35293	0.47364900
35294	0.47105414
35295	0.46846485
35296	0.46588111
35297	0.46330306
35298	0.46073064
35299	0.45816404
35300	0.45560318
35301	0.45304805
35302	0.45049876
35303	0.44795525
35304	0.44541758
35305	0.44288567
35306	0.44035950
35307	0.43783906
35308	0.43532431
35309	0.43281519
35310	0.43031168
35311	0.42781368
35312	0.42532107
35313	0.42283389
35314	0.42035195
35315	0.41787517
35316	0.41540352
35317	0.41293681
35318	0.41047502
35319	0.40801796
35320	0.40556562
35321	0.40311778
35322	0.40067437
35323	0.39823529
35324	0.39580044
35325	0.39336959
35326	0.39094278
35327	0.38851976
35328	0.38610050
35329	0.38368484
35330	0.38127264
35331	0.37886384
35332	0.37645820
35333	0.37405568
35334	0.37165618
35335	0.36925948
35336	0.36686540
35337	0.36447382
35338	0.36208454
35339	0.35969737
35340	0.35731214
35341	0.35492849
35342	0.35254624
35343	0.35016510
35344	0.34778473
35345	0.34540480
35346	0.34302485
35347	0.34064448
35348	0.33826318
35349	0.33588037
35350	0.33349541
35351	0.33110771
35352	0.32871640
35353	0.32632068
35354	0.32391959
35355	0.32151210
35356	0.31909707
35357	0.31667313
35358	0.31423905
35359	0.31179312
35360	0.30933362
35361	0.30685878
35362	0.30436641
35363	0.30185419
35364	0.29931957
35365	0.29675964
35366	0.29417139
35367	0.29155129
35368	0.28889543
35369	0.28619969
35370	0.28345928
35371	0.28066891
35372	0.27782276
35373	0.27491421
35374	0.27193594
35375	0.26887977
35376	0.26573634
35377	0.26249543
35378	0.25914523
35379	0.25567245
35380	0.25206202
35381	0.24829656
35382	0.24435663
35383	0.24021955
35384	0.23585907
35385	0.23124547
35386	0.22634344
35387	0.22111210
35388	0.21550345
35389	0.20946029
35390	0.20291516
35391	0.19578691
35392	0.18797724
35393	0.17936695
35394	0.16980852
35395	0.15911880
35396	0.14706708
35397	0.13335836
35398	0.11761057
35399	0.09931795
35400	0.07779817
35401	0.05210962
35402	0.02091174
35403	-0.01776848
35404	-0.06696000
35405	-0.13156186
35406	-0.22004853
35407	-0.34846890
35408	-0.55133414
35409	-0.91885626
35410	-1.78552401
35411	-6.28834152
35412	NaN
35413	NaN
35414	NaN
35415	NaN
35416	NaN
35417	NaN
35418	NaN
35419	NaN
35420	NaN
35421	NaN
35422	NaN
35423	NaN
35424	NaN
35425	NaN
35426	NaN
35427	NaN
35428	NaN
35429	NaN
35430	NaN
35431	NaN
35432	NaN
35433	NaN
35434	NaN
35435	NaN
35436	NaN
35437	NaN
35438	NaN
35439	NaN
35440	NaN
35441	NaN
35442	NaN
35443	NaN
35444	NaN
35445	NaN
35446	NaN
35447	NaN
35448	NaN
35449	NaN
35450	NaN
35451	NaN
35452	NaN
35453	NaN
35454	NaN
35455	NaN
35456	NaN
35457	NaN
35458	NaN
35459	NaN
35460	NaN
35461	NaN
35462	NaN
35463	NaN
35464	NaN
35465	NaN
35466	NaN
35467	NaN
35468	NaN
35469	NaN
35470	NaN
35471	NaN
35472	NaN
35473	NaN
35474	NaN
35475	NaN
35476	3.77412295
35477	2.19378209
35478	1.67784703
35479	1.42232156
35480	1.27004993
35481	1.16914499
35482	1.09748578
35483	1.04405391
35484	1.00274169
35485	0.96989250
35486	0.94318193
35487	0.92106283
35488	0.90246415
35489	0.88662249
35490	0.87297815
35491	0.86111152
35492	0.85070151
35493	0.84149903
35494	0.83330739
35495	0.82596946
35496	0.81935811
35497	0.81336874
35498	0.80791575
35499	0.80292743
35500	0.79834372
35501	0.79411370
35502	0.79019409
35503	0.78654778
35504	0.78314269
35505	0.77995104
35506	0.77694887
35507	0.77411479
35508	0.77143025
35509	0.76887864
35510	0.76644564
35511	0.76411825
35512	0.76188469
35513	0.75973469
35514	0.75765884
35515	0.75564855
35516	0.75369644
35517	0.75179535
35518	0.74993902
35519	0.74812192
35520	0.74633849
35521	0.74458408
35522	0.74285430
35523	0.74114496
35524	0.73945248
35525	0.73777336
35526	0.73610443
35527	0.73444283
35528	0.73278570
35529	0.73113084
35530	0.72947580
35531	0.72781849
35532	0.72615701
35533	0.72448957
35534	0.72281450
35535	0.72113043
35536	0.71943575
35537	0.71772951
35538	0.71601045
35539	0.71427757
35540	0.71252996
35541	0.71076673
35542	0.70898741
35543	0.70719117
35544	0.70537758
35545	0.70354611
35546	0.70169640
35547	0.69982803
35548	0.69794083
35549	0.69603461
35550	0.69410920
35551	0.69216442
35552	0.69020027
35553	0.68821687
35554	0.68621391
35555	0.68419176
35556	0.68215030
35557	0.68008959
35558	0.67800999
35559	0.67591137
35560	0.67379415
35561	0.67165828
35562	0.66950405
35563	0.66733164
35564	0.66514128
35565	0.66293323
35566	0.66070771
35567	0.65846497
35568	0.65620518
35569	0.65392876
35570	0.65163600
35571	0.64932716
35572	0.64700252
35573	0.64466250
35574	0.64230734
35575	0.63993764
35576	0.63755357
35577	0.63515562
35578	0.63274419
35579	0.63031977
35580	0.62788284
35581	0.62543368
35582	0.62297297
35583	0.62050104
35584	0.61801857
35585	0.61552590
35586	0.61302364
35587	0.61051226
35588	0.60799223
35589	0.60546416
35590	0.60292858
35591	0.60038584
35592	0.59783655
35593	0.59528118
35594	0.59272027
35595	0.59015423
35596	0.58758348
35597	0.58500850
35598	0.58242977
35599	0.57984769
35600	0.57726258
35601	0.57467490
35602	0.57208502
35603	0.56949329
35604	0.56690001
35605	0.56430548
35606	0.56171006
35607	0.55911398
35608	0.55651754
35609	0.55392110
35610	0.55132473
35611	0.54872870
35612	0.54613334
35613	0.54353869
35614	0.54094505
35615	0.53835261
35616	0.53576148
35617	0.53317183
35618	0.53058386
35619	0.52799767
35620	0.52541351
35621	0.52283138
35622	0.52025145
35623	0.51767385
35624	0.51509869
35625	0.51252609
35626	0.50995618
35627	0.50738901
35628	0.50482476
35629	0.50226337
35630	0.49970517
35631	0.49715003
35632	0.49459812
35633	0.49204949
35634	0.48950431
35635	0.48696250
35636	0.48442423
35637	0.48188955
35638	0.47935849
35639	0.47683108
35640	0.47430745
35641	0.47178760
35642	0.46927160
35643	0.46675938
35644	0.46425104
35645	0.46174663
35646	0.45924613
35647	0.45674959
35648	0.45425695
35649	0.45176828
35650	0.44928363
35651	0.44680285
35652	0.44432610
35653	0.44185331
35654	0.43938449
35655	0.43691963
35656	0.43445876
35657	0.43200186
35658	0.42954895
35659	0.42710000
35660	0.42465505
35661	0.42221409
35662	0.41977715
35663	0.41734427
35664	0.41491532
35665	0.41249049
35666	0.41006961
35667	0.40765280
35668	0.40524006
35669	0.40283129
35670	0.40042651
35671	0.39802566
35672	0.39562866
35673	0.39323553
35674	0.39084607
35675	0.38846013
35676	0.38607764
35677	0.38369831
35678	0.38132197
35679	0.37894827
35680	0.37657684
35681	0.37420732
35682	0.37183923
35683	0.36947200
35684	0.36710498
35685	0.36473754
35686	0.36236885
35687	0.35999796
35688	0.35762385
35689	0.35524538
35690	0.35286126
35691	0.35047001
35692	0.34807006
35693	0.34565967
35694	0.34323677
35695	0.34079921
35696	0.33834448
35697	0.33586997
35698	0.33337265
35699	0.33084911
35700	0.32829583
35701	0.32570863
35702	0.32308292
35703	0.32041368
35704	0.31769514
35705	0.31492117
35706	0.31208456
35707	0.30917737
35708	0.30619073
35709	0.30311459
35710	0.29993755
35711	0.29664660
35712	0.29322687
35713	0.28966191
35714	0.28593206
35715	0.28201494
35716	0.27788490
35717	0.27351201
35718	0.26886082
35719	0.26388994
35720	0.25855002
35721	0.25278270
35722	0.24651729
35723	0.23966785
35724	0.23213013
35725	0.22377463
35726	0.21443917
35727	0.20391881
35728	0.19194917
35729	0.17818616
35730	0.16217044
35731	0.14327660
35732	0.12063189
35733	0.09297751
35734	0.05843230
35735	0.01405441
35736	-0.04503529
35737	-0.12754709
35738	-0.25072297
35739	-0.45414832
35740	-0.85326892
35741	-1.98845255
35742	NaN
35743	NaN
35744	NaN
35745	NaN
35746	NaN
35747	NaN
35748	NaN
35749	NaN
35750	NaN
35751	NaN
35752	NaN
35753	NaN
35754	NaN
35755	NaN
35756	NaN
35757	NaN
35758	NaN
35759	NaN
35760	NaN
35761	NaN
35762	NaN
35763	NaN
35764	NaN
35765	NaN
35766	NaN
35767	NaN
35768	NaN
35769	NaN
35770	NaN
35771	NaN
35772	NaN
35773	NaN
35774	NaN
35775	NaN
35776	NaN
35777	NaN
35778	NaN
35779	NaN
35780	NaN
35781	NaN
35782	NaN
35783	NaN
35784	NaN
35785	NaN
35786	NaN
35787	NaN
35788	NaN
35789	NaN
35790	NaN
35791	NaN
35792	NaN
35793	NaN
35794	NaN
35795	NaN
35796	NaN
35797	NaN
35798	NaN
35799	NaN
35800	NaN
35801	NaN
35802	NaN
35803	NaN
35804	NaN
35805	NaN
35806	4.56281042
35807	2.27789259
35808	1.67679918
35809	1.39988780
35810	1.24088490
35811	1.13788223
35812	1.06584275
35813	1.01271403
35814	0.97197282
35815	0.93978333
35816	0.91373950
35817	0.89225829
35818	0.87425387
35819	0.85895777
35820	0.84580994
35821	0.83439332
35822	0.82439041
35823	0.81555545
35824	0.80769533
35825	0.80065614
35826	0.79431373
35827	0.78856659
35828	0.78333157
35829	0.77853918
35830	0.77413148
35831	0.77005929
35832	0.76628089
35833	0.76276058
35834	0.75946790
35835	0.75637615
35836	0.75346220
35837	0.75070578
35838	0.74808943
35839	0.74559724
35840	0.74321562
35841	0.74093193
35842	0.73873538
35843	0.73661608
35844	0.73456532
35845	0.73257500
35846	0.73063791
35847	0.72874773
35848	0.72689825
35849	0.72508436
35850	0.72330111
35851	0.72154379
35852	0.71980846
35853	0.71809119
35854	0.71638858
35855	0.71469736
35856	0.71301454
35857	0.71133751
35858	0.70966351
35859	0.70799041
35860	0.70631593
35861	0.70463800
35862	0.70295489
35863	0.70126468
35864	0.69956577
35865	0.69785696
35866	0.69613653
35867	0.69440335
35868	0.69265628
35869	0.69089425
35870	0.68911618
35871	0.68732125
35872	0.68550855
35873	0.68367743
35874	0.68182707
35875	0.67995691
35876	0.67806643
35877	0.67615521
35878	0.67422259
35879	0.67226839
35880	0.67029232
35881	0.66829383
35882	0.66627294
35883	0.66422933
35884	0.66216296
35885	0.66007358
35886	0.65796125
35887	0.65582585
35888	0.65366739
35889	0.65148598
35890	0.64928156
35891	0.64705431
35892	0.64480442
35893	0.64253193
35894	0.64023715
35895	0.63792026
35896	0.63558143
35897	0.63322115
35898	0.63083959
35899	0.62843710
35900	0.62601417
35901	0.62357110
35902	0.62110841
35903	0.61862653
35904	0.61612600
35905	0.61360729
35906	0.61107105
35907	0.60851771
35908	0.60594803
35909	0.60336250
35910	0.60076177
35911	0.59814662
35912	0.59551764
35913	0.59287554
35914	0.59022105
35915	0.58755487
35916	0.58487767
35917	0.58219028
35918	0.57949322
35919	0.57678747
35920	0.57407367
35921	0.57135242
35922	0.56862462
35923	0.56589079
35924	0.56315184
35925	0.56040823
35926	0.55766076
35927	0.55491012
35928	0.55215687
35929	0.54940164
35930	0.54664510
35931	0.54388779
35932	0.54113030
35933	0.53837311
35934	0.53561687
35935	0.53286201
35936	0.53010899
35937	0.52735829
35938	0.52461040
35939	0.52186561
35940	0.51912445
35941	0.51638722
35942	0.51365429
35943	0.51092601
35944	0.50820261
35945	0.50548452
35946	0.50277185
35947	0.50006497
35948	0.49736410
35949	0.49466941
35950	0.49198112
35951	0.48929942
35952	0.48662448
35953	0.48395655
35954	0.48129565
35955	0.47864199
35956	0.47599563
35957	0.47335684
35958	0.47072560
35959	0.46810201
35960	0.46548626
35961	0.46287832
35962	0.46027830
35963	0.45768633
35964	0.45510247
35965	0.45252669
35966	0.44995910
35967	0.44739974
35968	0.44484863
35969	0.44230583
35970	0.43977132
35971	0.43724513
35972	0.43472731
35973	0.43221790
35974	0.42971677
35975	0.42722404
35976	0.42473966
35977	0.42226365
35978	0.41979596
35979	0.41733652
35980	0.41488543
35981	0.41244254
35982	0.41000786
35983	0.40758133
35984	0.40516296
35985	0.40275261
35986	0.40035033
35987	0.39795589
35988	0.39556938
35989	0.39319065
35990	0.39081958
35991	0.38845617
35992	0.38610020
35993	0.38375166
35994	0.38141027
35995	0.37907603
35996	0.37674871
35997	0.37442812
35998	0.37211406
35999	0.36980635
36000	0.36750466
36001	0.36520875
36002	0.36291832
36003	0.36063299
36004	0.35835236
36005	0.35607603
36006	0.35380343
36007	0.35153419
36008	0.34926754
36009	0.34700289
36010	0.34473953
36011	0.34247658
36012	0.34021318
36013	0.33794826
36014	0.33568072
36015	0.33340937
36016	0.33113283
36017	0.32884952
36018	0.32655782
36019	0.32425579
36020	0.32194149
36021	0.31961262
36022	0.31726661
36023	0.31490070
36024	0.31251192
36025	0.31009683
36026	0.30765161
36027	0.30517218
36028	0.30265394
36029	0.30009177
36030	0.29747996
36031	0.29481235
36032	0.29208177
36033	0.28928044
36034	0.28639960
36035	0.28342944
36036	0.28035909
36037	0.27717614
36038	0.27386647
36039	0.27041465
36040	0.26680264
36041	0.26301017
36042	0.25901410
36043	0.25478762
36044	0.25030041
36045	0.24551715
36046	0.24039657
36047	0.23489104
36048	0.22894399
36049	0.22248900
36050	0.21544690
36051	0.20772251
36052	0.19920118
36053	0.18974259
36054	0.17917356
36055	0.16727881
36056	0.15378560
36057	0.13834451
36058	0.12049963
36059	0.09964599
36060	0.07496288
36061	0.04530585
36062	0.00903269
36063	-0.03630089
36064	-0.09450280
36065	-0.17184265
36066	-0.27943555
36067	-0.43903598
36068	-0.69977409
36069	-1.20101428
36070	-2.55540586
36071	-19.15212631
36072	NaN
36073	NaN
36074	NaN
36075	NaN
36076	NaN
36077	NaN
36078	NaN
36079	NaN
36080	NaN
36081	NaN
36082	NaN
36083	NaN
36084	NaN
36085	NaN
36086	NaN
36087	NaN
36088	NaN
36089	NaN
36090	NaN
36091	NaN
36092	NaN
36093	NaN
36094	NaN
36095	NaN
36096	NaN
36097	NaN
36098	NaN
36099	NaN
36100	NaN
36101	NaN
36102	NaN
36103	NaN
36104	NaN
36105	NaN
36106	NaN
36107	NaN
36108	NaN
36109	NaN
36110	NaN
36111	NaN
36112	NaN
36113	NaN
36114	NaN
36115	NaN
36116	NaN
36117	NaN
36118	NaN
36119	NaN
36120	NaN
36121	NaN
36122	NaN
36123	NaN
36124	NaN
36125	NaN
36126	10.69142342
36127	3.09178758
36128	2.05046988
36129	1.63741553
36130	1.41610420
36131	1.27835453
36132	1.18447566
36133	1.11647415
36134	1.06500733
36135	1.02474368
36136	0.99241662
36137	0.96591544
36138	0.94381332
36139	0.92511255
36140	0.90909374
36141	0.89522511
36142	0.88310486
36143	0.87242436
36144	0.86294192
36145	0.85446656
36146	0.84684366
36147	0.83994842
36148	0.83367825
36149	0.82794791
36150	0.82268625
36151	0.81783319
36152	0.81333792
36153	0.80915695
36154	0.80525291
36155	0.80159366
36156	0.79815096
36157	0.79490036
36158	0.79182047
36159	0.78889227
36160	0.78609920
36161	0.78342628
36162	0.78086036
36163	0.77838969
36164	0.77600360
36165	0.77369255
36166	0.77144802
36167	0.76926214
36168	0.76712805
36169	0.76503927
36170	0.76299000
36171	0.76097488
36172	0.75898921
36173	0.75702864
36174	0.75508916
36175	0.75316691
36176	0.75125879
36177	0.74936152
36178	0.74747247
36179	0.74558890
36180	0.74370849
36181	0.74182922
36182	0.73994899
36183	0.73806608
36184	0.73617893
36185	0.73428601
36186	0.73238599
36187	0.73047763
36188	0.72856003
36189	0.72663212
36190	0.72469300
36191	0.72274196
36192	0.72077841
36193	0.71880180
36194	0.71681148
36195	0.71480715
36196	0.71278846
36197	0.71075505
36198	0.70870680
36199	0.70664340
36200	0.70456475
36201	0.70247084
36202	0.70036155
36203	0.69823688
36204	0.69609684
36205	0.69394153
36206	0.69177091
36207	0.68958515
36208	0.68738431
36209	0.68516862
36210	0.68293810
36211	0.68069297
36212	0.67843336
36213	0.67615956
36214	0.67387182
36215	0.67157018
36216	0.66925496
36217	0.66692638
36218	0.66458482
36219	0.66223043
36220	0.65986359
36221	0.65748447
36222	0.65509343
36223	0.65269101
36224	0.65027726
36225	0.64785266
36226	0.64541757
36227	0.64297235
36228	0.64051741
36229	0.63805318
36230	0.63558000
36231	0.63309830
36232	0.63060856
36233	0.62811118
36234	0.62560648
36235	0.62309504
36236	0.62057716
36237	0.61805344
36238	0.61552417
36239	0.61298984
36240	0.61045080
36241	0.60790753
36242	0.60536039
36243	0.60280991
36244	0.60025638
36245	0.59770018
36246	0.59514171
36247	0.59258127
36248	0.59001935
36249	0.58745623
36250	0.58489221
36251	0.58232766
36252	0.57976288
36253	0.57719815
36254	0.57463378
36255	0.57207006
36256	0.56950724
36257	0.56694555
36258	0.56438529
36259	0.56182665
36260	0.55926991
36261	0.55671525
36262	0.55416286
36263	0.55161297
36264	0.54906577
36265	0.54652137
36266	0.54398012
36267	0.54144198
36268	0.53890723
36269	0.53637600
36270	0.53384835
36271	0.53132451
36272	0.52880460
36273	0.52628875
36274	0.52377701
36275	0.52126950
36276	0.51876634
36277	0.51626766
36278	0.51377356
36279	0.51128405
36280	0.50879925
36281	0.50631917
36282	0.50384402
36283	0.50137371
36284	0.49890840
36285	0.49644804
36286	0.49399278
36287	0.49154252
36288	0.48909742
36289	0.48665738
36290	0.48422253
36291	0.48179281
36292	0.47936830
36293	0.47694892
36294	0.47453469
36295	0.47212565
36296	0.46972176
36297	0.46732301
36298	0.46492934
36299	0.46254084
36300	0.46015739
36301	0.45777905
36302	0.45540580
36303	0.45303759
36304	0.45067444
36305	0.44831628
36306	0.44596317
36307	0.44361505
36308	0.44127193
36309	0.43893376
36310	0.43660054
36311	0.43427229
36312	0.43194899
36313	0.42963055
36314	0.42731696
36315	0.42500830
36316	0.42270440
36317	0.42040527
36318	0.41811070
36319	0.41582075
36320	0.41353533
36321	0.41125426
36322	0.40897748
36323	0.40670475
36324	0.40443584
36325	0.40217063
36326	0.39990872
36327	0.39764991
36328	0.39539373
36329	0.39313981
36330	0.39088777
36331	0.38863704
36332	0.38638699
36333	0.38413700
36334	0.38188627
36335	0.37963405
36336	0.37737939
36337	0.37512124
36338	0.37285846
36339	0.37058979
36340	0.36831382
36341	0.36602899
36342	0.36373359
36343	0.36142573
36344	0.35910335
36345	0.35676405
36346	0.35440531
36347	0.35202432
36348	0.34961790
36349	0.34718257
36350	0.34471443
36351	0.34220937
36352	0.33966252
36353	0.33706847
36354	0.33442146
36355	0.33171472
36356	0.32894096
36357	0.32609165
36358	0.32315740
36359	0.32012773
36360	0.31699049
36361	0.31373197
36362	0.31033656
36363	0.30678633
36364	0.30306068
36365	0.29913592
36366	0.29498434
36367	0.29057410
36368	0.28586757
36369	0.28082031
36370	0.27538010
36371	0.26948431
36372	0.26305714
36373	0.25600749
36374	0.24822301
36375	0.23956618
36376	0.22986336
36377	0.21889521
36378	0.20638031
36379	0.19195007
36380	0.17511334
36381	0.15520190
36382	0.13128030
36383	0.10200261
36384	0.06535278
36385	0.01817355
36386	-0.04477249
36387	-0.13286179
36388	-0.26469633
36389	-0.48315206
36390	-0.91417021
36391	-2.15673590
36392	NaN
36393	NaN
36394	NaN
36395	NaN
36396	NaN
36397	NaN
36398	NaN
36399	NaN
36400	NaN
36401	NaN
36402	NaN
36403	NaN
36404	NaN
36405	NaN
36406	NaN
36407	NaN
36408	NaN
36409	NaN
36410	NaN
36411	NaN
36412	NaN
36413	NaN
36414	NaN
36415	NaN
36416	NaN
36417	NaN
36418	NaN
36419	NaN
36420	NaN
36421	NaN
36422	NaN
36423	NaN
36424	NaN
36425	NaN
36426	NaN
36427	NaN
36428	NaN
36429	NaN
36430	NaN
36431	NaN
36432	NaN
36433	NaN
36434	NaN
36435	NaN
36436	NaN
36437	NaN
36438	NaN
36439	NaN
36440	NaN
36441	NaN
36442	NaN
36443	NaN
36444	NaN
36445	NaN
36446	NaN
36447	NaN
36448	NaN
36449	NaN
36450	NaN
36451	NaN
36452	NaN
36453	NaN
36454	NaN
36455	NaN
36456	NaN
36457	NaN
36458	6.81161976
36459	2.70985484
36460	1.89536953
36461	1.54732788
36462	1.35447454
36463	1.23208523
36464	1.14760411
36465	1.08584642
36466	1.03877747
36467	1.00174737
36468	0.97187734
36469	0.94729185
36470	0.92671382
36471	0.90924621
36472	0.89423871
36473	0.88120943
36474	0.86979300
36475	0.85970759
36476	0.85073245
36477	0.84269208
36478	0.83544552
36479	0.82887787
36480	0.82289416
36481	0.81741625
36482	0.81237864
36483	0.80772579
36484	0.80341083
36485	0.79939359
36486	0.79563940
36487	0.79211849
36488	0.78880489
36489	0.78567570
36490	0.78271115
36491	0.77989358
36492	0.77720737
36493	0.77463871
36494	0.77217519
36495	0.76980579
36496	0.76752049
36497	0.76531041
36498	0.76316738
36499	0.76108420
36500	0.75905406
36501	0.75707084
36502	0.75512916
36503	0.75322378
36504	0.75134999
36505	0.74950361
36506	0.74768072
36507	0.74587768
36508	0.74409103
36509	0.74231786
36510	0.74055523
36511	0.73880041
36512	0.73705113
36513	0.73530507
36514	0.73356014
36515	0.73181438
36516	0.73006606
36517	0.72831357
36518	0.72655535
36519	0.72479004
36520	0.72301632
36521	0.72123307
36522	0.71943927
36523	0.71763390
36524	0.71581608
36525	0.71398509
36526	0.71214008
36527	0.71028054
36528	0.70840591
36529	0.70651555
36530	0.70460910
36531	0.70268619
36532	0.70074636
36533	0.69878942
36534	0.69681507
36535	0.69482315
36536	0.69281340
36537	0.69078571
36538	0.68874002
36539	0.68667614
36540	0.68459409
36541	0.68249387
36542	0.68037534
36543	0.67823863
36544	0.67608374
36545	0.67391074
36546	0.67171973
36547	0.66951072
36548	0.66728389
36549	0.66503948
36550	0.66277760
36551	0.66049844
36552	0.65820229
36553	0.65588927
36554	0.65355974
36555	0.65121400
36556	0.64885229
36557	0.64647514
36558	0.64408278
36559	0.64167559
36560	0.63925409
36561	0.63681865
36562	0.63436973
36563	0.63190788
36564	0.62943345
36565	0.62694705
36566	0.62444919
36567	0.62194043
36568	0.61942118
36569	0.61689210
36570	0.61435366
36571	0.61180651
36572	0.60925108
36573	0.60668790
36574	0.60411763
36575	0.60154074
36576	0.59895772
36577	0.59636909
36578	0.59377533
36579	0.59117699
36580	0.58857447
36581	0.58596832
36582	0.58335888
36583	0.58074671
36584	0.57813209
36585	0.57551545
36586	0.57289720
36587	0.57027775
36588	0.56765729
36589	0.56503630
36590	0.56241506
36591	0.55979377
36592	0.55717283
36593	0.55455250
36594	0.55193293
36595	0.54931450
36596	0.54669732
36597	0.54408169
36598	0.54146773
36599	0.53885573
36600	0.53624582
36601	0.53363818
36602	0.53103304
36603	0.52843046
36604	0.52583069
36605	0.52323389
36606	0.52064013
36607	0.51804966
36608	0.51546258
36609	0.51287901
36610	0.51029909
36611	0.50772303
36612	0.50515085
36613	0.50258273
36614	0.50001878
36615	0.49745914
36616	0.49490386
36617	0.49235311
36618	0.48980695
36619	0.48726550
36620	0.48472881
36621	0.48219699
36622	0.47967011
36623	0.47714818
36624	0.47463131
36625	0.47211948
36626	0.46961287
36627	0.46711129
36628	0.46461493
36629	0.46212372
36630	0.45963773
36631	0.45715690
36632	0.45468119
36633	0.45221061
36634	0.44974512
36635	0.44728473
36636	0.44482929
36637	0.44237885
36638	0.43993330
36639	0.43749258
36640	0.43505657
36641	0.43262523
36642	0.43019849
36643	0.42777622
36644	0.42535827
36645	0.42294461
36646	0.42053512
36647	0.41812959
36648	0.41572788
36649	0.41332984
36650	0.41093528
36651	0.40854409
36652	0.40615588
36653	0.40377060
36654	0.40138781
36655	0.39900732
36656	0.39662877
36657	0.39425167
36658	0.39187577
36659	0.38950050
36660	0.38712531
36661	0.38474974
36662	0.38237301
36663	0.37999439
36664	0.37761304
36665	0.37522796
36666	0.37283829
36667	0.37044275
36668	0.36803994
36669	0.36562860
36670	0.36320704
36671	0.36077338
36672	0.35832578
36673	0.35586184
36674	0.35337922
36675	0.35087520
36676	0.34834659
36677	0.34579018
36678	0.34320211
36679	0.34057814
36680	0.33791375
36681	0.33520356
36682	0.33244187
36683	0.32962215
36684	0.32673711
36685	0.32377872
36686	0.32073763
36687	0.31760356
36688	0.31436482
36689	0.31100801
36690	0.30751836
36691	0.30387852
36692	0.30006871
36693	0.29606643
36694	0.29184553
36695	0.28737575
36696	0.28262147
36697	0.27754149
36698	0.27208665
36699	0.26619881
36700	0.25980842
36701	0.25283167
36702	0.24516645
36703	0.23668732
36704	0.22723912
36705	0.21662655
36706	0.20460069
36707	0.19084007
36708	0.17492095
36709	0.15627573
36710	0.13412306
36711	0.10735917
36712	0.07437383
36713	0.03271811
36714	-0.02151906
36715	-0.09499630
36716	-0.20004374
36717	-0.36233097
36718	-0.64561194
36719	-1.26398063
36720	-3.66134262
36721	NaN
36722	NaN
36723	NaN
36724	NaN
36725	NaN
36726	NaN
36727	NaN
36728	NaN
36729	NaN
36730	NaN
36731	NaN
36732	NaN
36733	NaN
36734	NaN
36735	NaN
36736	NaN
36737	NaN
36738	NaN
36739	NaN
36740	NaN
36741	NaN
36742	NaN
36743	NaN
36744	NaN
36745	NaN
36746	NaN
36747	NaN
36748	NaN
36749	NaN
36750	NaN
36751	NaN
36752	NaN
36753	NaN
36754	NaN
36755	NaN
36756	NaN
36757	NaN
36758	NaN
36759	NaN
36760	NaN
36761	NaN
36762	NaN
36763	NaN
36764	NaN
36765	NaN
36766	NaN
36767	NaN
36768	NaN
36769	NaN
36770	NaN
36771	NaN
36772	NaN
36773	NaN
36774	NaN
36775	NaN
36776	NaN
36777	NaN
36778	NaN
36779	NaN
36780	NaN
36781	NaN
36782	NaN
36783	NaN
36784	8.48287678
36785	2.94854140
36786	2.01162457
36787	1.62531102
36788	1.41486228
36789	1.28270245
36790	1.19216371
36791	1.12637699
36792	1.07649624
36793	1.03743792
36794	1.00607026
36795	0.98036093
36796	0.95893162
36797	0.94081652
36798	0.92531681
36799	0.91191524
36800	0.90022105
36801	0.88993293
36802	0.88081533
36803	0.87268132
36804	0.86537999
36805	0.85878944
36806	0.85280895
36807	0.84735543
36808	0.84235930
36809	0.83776182
36810	0.83351326
36811	0.82957125
36812	0.82589936
36813	0.82246596
36814	0.81924379
36815	0.81620890
36816	0.81334043
36817	0.81062001
36818	0.80803138
36819	0.80555981
36820	0.80319279
36821	0.80091870
36822	0.79872721
36823	0.79660904
36824	0.79455584
36825	0.79256004
36826	0.79061490
36827	0.78871405
36828	0.78685194
36829	0.78502321
36830	0.78322327
36831	0.78144765
36832	0.77969259
36833	0.77795434
36834	0.77622956
36835	0.77451515
36836	0.77280819
36837	0.77110624
36838	0.76940691
36839	0.76770782
36840	0.76600707
36841	0.76430279
36842	0.76259321
36843	0.76087683
36844	0.75915217
36845	0.75741804
36846	0.75567311
36847	0.75391638
36848	0.75214696
36849	0.75036383
36850	0.74856627
36851	0.74675363
36852	0.74492532
36853	0.74308068
36854	0.74121934
36855	0.73934090
36856	0.73744506
36857	0.73553139
36858	0.73359990
36859	0.73165023
36860	0.72968221
36861	0.72769588
36862	0.72569108
36863	0.72366780
36864	0.72162604
36865	0.71956587
36866	0.71748722
36867	0.71539021
36868	0.71327502
36869	0.71114159
36870	0.70899022
36871	0.70682085
36872	0.70463383
36873	0.70242923
36874	0.70020723
36875	0.69796807
36876	0.69571197
36877	0.69343907
36878	0.69114971
36879	0.68884414
36880	0.68652266
36881	0.68418556
36882	0.68183303
36883	0.67946547
36884	0.67708325
36885	0.67468679
36886	0.67227638
36887	0.66985250
36888	0.66741538
36889	0.66496569
36890	0.66250366
36891	0.66002989
36892	0.65754473
36893	0.65504873
36894	0.65254235
36895	0.65002602
36896	0.64750034
36897	0.64496571
36898	0.64242274
36899	0.63987184
36900	0.63731349
36901	0.63474822
36902	0.63217658
36903	0.62959898
36904	0.62701589
36905	0.62442786
36906	0.62183523
36907	0.61923850
36908	0.61663812
36909	0.61403459
36910	0.61142820
36911	0.60881943
36912	0.60620862
36913	0.60359615
36914	0.60098237
36915	0.59836769
36916	0.59575242
36917	0.59313685
36918	0.59052128
36919	0.58790600
36920	0.58529139
36921	0.58267760
36922	0.58006495
36923	0.57745361
36924	0.57484388
36925	0.57223594
36926	0.56963009
36927	0.56702644
36928	0.56442517
36929	0.56182653
36930	0.55923069
36931	0.55663770
36932	0.55404782
36933	0.55146128
36934	0.54887801
36935	0.54629833
36936	0.54372227
36937	0.54115003
36938	0.53858167
36939	0.53601730
36940	0.53345710
36941	0.53090113
36942	0.52834946
36943	0.52580225
36944	0.52325958
36945	0.52072150
36946	0.51818818
36947	0.51565963
36948	0.51313591
36949	0.51061714
36950	0.50810337
36951	0.50559473
36952	0.50309122
36953	0.50059289
36954	0.49809986
36955	0.49561220
36956	0.49312985
36957	0.49065298
36958	0.48818165
36959	0.48571584
36960	0.48325565
36961	0.48080117
36962	0.47835234
36963	0.47590932
36964	0.47347209
36965	0.47104079
36966	0.46861541
36967	0.46619597
36968	0.46378255
36969	0.46137524
36970	0.45897406
36971	0.45657900
36972	0.45419019
36973	0.45180762
36974	0.44943127
36975	0.44706127
36976	0.44469756
36977	0.44234014
36978	0.43998900
36979	0.43764415
36980	0.43530554
36981	0.43297303
36982	0.43064660
36983	0.42832610
36984	0.42601132
36985	0.42370227
36986	0.42139846
36987	0.41909978
36988	0.41680592
36989	0.41451648
36990	0.41223100
36991	0.40994897
36992	0.40766987
36993	0.40539303
36994	0.40311778
36995	0.40084320
36996	0.39856845
36997	0.39629248
36998	0.39401409
36999	0.39173195
37000	0.38944480
37001	0.38715088
37002	0.38484845
37003	0.38253561
37004	0.38021019
37005	0.37786964
37006	0.37551144
37007	0.37313247
37008	0.37072960
37009	0.36829922
37010	0.36583719
37011	0.36333919
37012	0.36080018
37013	0.35821468
37014	0.35557652
37015	0.35287875
37016	0.35011378
37017	0.34727293
37018	0.34434643
37019	0.34132352
37020	0.33819166
37021	0.33493692
37022	0.33154342
37023	0.32799274
37024	0.32426438
37025	0.32033417
37026	0.31617421
37027	0.31175280
37028	0.30703217
37029	0.30196831
37030	0.29650885
37031	0.29059228
37032	0.28414458
37033	0.27707630
37034	0.26927814
37035	0.26061639
37036	0.25092408
37037	0.23999110
37038	0.22754891
37039	0.21324910
37040	0.19663164
37041	0.17707486
37042	0.15371893
37043	0.12534033
37044	0.09013445
37045	0.04532687
37046	-0.01358120
37047	-0.09440106
37048	-0.21198384
37049	-0.39848271
37050	-0.73888129
37051	-1.55516672
37052	-6.13556480
37053	NaN
37054	NaN
37055	NaN
37056	NaN
37057	NaN
37058	NaN
37059	NaN
37060	NaN
37061	NaN
37062	NaN
37063	NaN
37064	NaN
37065	NaN
37066	NaN
37067	NaN
37068	NaN
37069	NaN
37070	NaN
37071	NaN
37072	NaN
37073	NaN
37074	NaN
37075	NaN
37076	NaN
37077	NaN
37078	NaN
37079	NaN
37080	NaN
37081	NaN
37082	NaN
37083	NaN
37084	NaN
37085	NaN
37086	NaN
37087	NaN
37088	NaN
37089	NaN
37090	NaN
37091	NaN
37092	NaN
37093	NaN
37094	NaN
37095	NaN
37096	NaN
37097	NaN
37098	NaN
37099	NaN
37100	NaN
37101	NaN
37102	NaN
37103	NaN
37104	NaN
37105	NaN
37106	NaN
37107	NaN
37108	NaN
37109	NaN
37110	3.62753820
37111	2.25115776
37112	1.75462604
37113	1.49896216
37114	1.34331548
37115	1.23873281
37116	1.16372108
37117	1.10735929
37118	1.06351054
37119	1.02845979
37120	0.99982750
37121	0.97601861
37122	0.95592380
37123	0.93874723
37124	0.92390376
37125	0.91095328
37126	0.89955807
37127	0.88945532
37128	0.88043666
37129	0.87233537
37130	0.86501598
37131	0.85836810
37132	0.85229981
37133	0.84673446
37134	0.84160769
37135	0.83686501
37136	0.83245987
37137	0.82835263
37138	0.82450855
37139	0.82089776
37140	0.81749415
37141	0.81427503
37142	0.81122029
37143	0.80831182
37144	0.80553418
37145	0.80287319
37146	0.80031645
37147	0.79785264
37148	0.79547167
37149	0.79316419
37150	0.79092222
37151	0.78873813
37152	0.78660524
37153	0.78451729
37154	0.78246856
37155	0.78045410
37156	0.77846903
37157	0.77650917
37158	0.77457035
37159	0.77264893
37160	0.77074170
37161	0.76884538
37162	0.76695728
37163	0.76507455
37164	0.76319492
37165	0.76131600
37166	0.75943577
37167	0.75755239
37168	0.75566393
37169	0.75376892
37170	0.75186574
37171	0.74995303
37172	0.74802959
37173	0.74609423
37174	0.74414587
37175	0.74218357
37176	0.74020642
37177	0.73821372
37178	0.73620474
37179	0.73417884
37180	0.73213547
37181	0.73007417
37182	0.72799438
37183	0.72589594
37184	0.72377849
37185	0.72164172
37186	0.71948552
37187	0.71730971
37188	0.71511418
37189	0.71289897
37190	0.71066391
37191	0.70840925
37192	0.70613486
37193	0.70384097
37194	0.70152771
37195	0.69919527
37196	0.69684392
37197	0.69447386
37198	0.69208533
37199	0.68967873
37200	0.68725437
37201	0.68481261
37202	0.68235385
37203	0.67987859
37204	0.67738724
37205	0.67488027
37206	0.67235821
37207	0.66982150
37208	0.66727078
37209	0.66470659
37210	0.66212940
37211	0.65953994
37212	0.65693867
37213	0.65432632
37214	0.65170342
37215	0.64907062
37216	0.64642853
37217	0.64377779
37218	0.64111894
37219	0.63845271
37220	0.63577956
37221	0.63310027
37222	0.63041520
37223	0.62772518
37224	0.62503064
37225	0.62233210
37226	0.61963022
37227	0.61692548
37228	0.61421829
37229	0.61150926
37230	0.60879886
37231	0.60608757
37232	0.60337579
37233	0.60066390
37234	0.59795243
37235	0.59524173
37236	0.59253222
37237	0.58982420
37238	0.58711803
37239	0.58441406
37240	0.58171272
37241	0.57901412
37242	0.57631868
37243	0.57362664
37244	0.57093829
37245	0.56825382
37246	0.56557351
37247	0.56289762
37248	0.56022632
37249	0.55755979
37250	0.55489832
37251	0.55224192
37252	0.54959100
37253	0.54694545
37254	0.54430562
37255	0.54167157
37256	0.53904349
37257	0.53642142
37258	0.53380555
37259	0.53119588
37260	0.52859265
37261	0.52599585
37262	0.52340555
37263	0.52082187
37264	0.51824486
37265	0.51567459
37266	0.51311105
37267	0.51055431
37268	0.50800449
37269	0.50546151
37270	0.50292540
37271	0.50039619
37272	0.49787390
37273	0.49535853
37274	0.49284998
37275	0.49034831
37276	0.48785353
37277	0.48536554
37278	0.48288432
37279	0.48040992
37280	0.47794223
37281	0.47548127
37282	0.47302684
37283	0.47057909
37284	0.46813789
37285	0.46570319
37286	0.46327493
37287	0.46085310
37288	0.45843762
37289	0.45602846
37290	0.45362556
37291	0.45122889
37292	0.44883832
37293	0.44645387
37294	0.44407541
37295	0.44170296
37296	0.43933639
37297	0.43697560
37298	0.43462053
37299	0.43227109
37300	0.42992714
37301	0.42758855
37302	0.42525521
37303	0.42292699
37304	0.42060360
37305	0.41828495
37306	0.41597068
37307	0.41366062
37308	0.41135439
37309	0.40905172
37310	0.40675208
37311	0.40445518
37312	0.40216047
37313	0.39986736
37314	0.39757526
37315	0.39528343
37316	0.39299113
37317	0.39069742
37318	0.38840145
37319	0.38610208
37320	0.38379809
37321	0.38148820
37322	0.37917084
37323	0.37684458
37324	0.37450752
37325	0.37215763
37326	0.36979282
37327	0.36741060
37328	0.36500826
37329	0.36258289
37330	0.36013114
37331	0.35764945
37332	0.35513371
37333	0.35257939
37334	0.34998167
37335	0.34733483
37336	0.34463274
37337	0.34186852
37338	0.33903441
37339	0.33612186
37340	0.33312103
37341	0.33002099
37342	0.32680953
37343	0.32347259
37344	0.31999442
37345	0.31635687
37346	0.31253931
37347	0.30851829
37348	0.30426660
37349	0.29975253
37350	0.29493982
37351	0.28978574
37352	0.28424007
37353	0.27824366
37354	0.27172607
37355	0.26460302
37356	0.25677228
37357	0.24810962
37358	0.23846216
37359	0.22763917
37360	0.21540022
37361	0.20143798
37362	0.18535230
37363	0.16661531
37364	0.14451148
37365	0.11804853
37366	0.08581205
37367	0.04570944
37368	-0.00549048
37369	-0.07305058
37370	-0.16616926
37371	-0.30248865
37372	-0.52070105
37373	-0.92526805
37374	-1.92938769
37375	-8.62534904
37376	NaN
37377	NaN
37378	NaN
37379	NaN
37380	NaN
37381	NaN
37382	NaN
37383	NaN
37384	NaN
37385	NaN
37386	NaN
37387	NaN
37388	NaN
37389	NaN
37390	NaN
37391	NaN
37392	NaN
37393	NaN
37394	NaN
37395	NaN
37396	NaN
37397	NaN
37398	NaN
37399	NaN
37400	NaN
37401	NaN
37402	NaN
37403	NaN
37404	NaN
37405	NaN
37406	NaN
37407	NaN
37408	NaN
37409	NaN
37410	NaN
37411	NaN
37412	NaN
37413	NaN
37414	NaN
37415	NaN
37416	NaN
37417	NaN
37418	NaN
37419	NaN
37420	NaN
37421	NaN
37422	NaN
37423	NaN
37424	NaN
37425	NaN
37426	NaN
37427	NaN
37428	NaN
37429	NaN
37430	NaN
37431	NaN
37432	NaN
37433	NaN
37434	4.09154844
37435	2.42857122
37436	1.86438036
37437	1.58073711
37438	1.41025352
37439	1.29660535
37440	1.21552169
37441	1.15482104
37442	1.10772085
37443	1.07014155
37444	1.03948379
37445	1.01401258
37446	0.99252558
37447	0.97416294
37448	0.95829350
37449	0.94444412
37450	0.93225217
37451	0.92143589
37452	0.91177255
37453	0.90308380
37454	0.89522529
37455	0.88807893
37456	0.88154721
37457	0.87554848
37458	0.87001461
37459	0.86488777
37460	0.86011851
37461	0.85566467
37462	0.85148978
37463	0.84756219
37464	0.84385431
37465	0.84034210
37466	0.83700448
37467	0.83382243
37468	0.83077967
37469	0.82786143
37470	0.82505441
37471	0.82234693
37472	0.81972855
37473	0.81718957
37474	0.81472147
37475	0.81231648
37476	0.80996764
37477	0.80766839
37478	0.80541301
37479	0.80319613
37480	0.80101311
37481	0.79885930
37482	0.79673082
37483	0.79462385
37484	0.79253513
37485	0.79046160
37486	0.78840035
37487	0.78634882
37488	0.78430456
37489	0.78226554
37490	0.78022975
37491	0.77819544
37492	0.77616084
37493	0.77412468
37494	0.77208537
37495	0.77004200
37496	0.76799333
37497	0.76593846
37498	0.76387638
37499	0.76180655
37500	0.75972807
37501	0.75764066
37502	0.75554359
37503	0.75343645
37504	0.75131893
37505	0.74919081
37506	0.74705160
37507	0.74490136
37508	0.74273974
37509	0.74056685
37510	0.73838246
37511	0.73618668
37512	0.73397934
37513	0.73176044
37514	0.72953022
37515	0.72728854
37516	0.72503567
37517	0.72277158
37518	0.72049642
37519	0.71821028
37520	0.71591341
37521	0.71360588
37522	0.71128786
37523	0.70895958
37524	0.70662111
37525	0.70427275
37526	0.70191473
37527	0.69954711
37528	0.69717026
37529	0.69478446
37530	0.69238991
37531	0.68998677
37532	0.68757540
37533	0.68515605
37534	0.68272913
37535	0.68029475
37536	0.67785329
37537	0.67540509
37538	0.67295051
37539	0.67048979
37540	0.66802323
37541	0.66555113
37542	0.66307402
37543	0.66059202
37544	0.65810555
37545	0.65561497
37546	0.65312052
37547	0.65062255
37548	0.64812136
37549	0.64561725
37550	0.64311051
37551	0.64060152
37552	0.63809031
37553	0.63557744
37554	0.63306296
37555	0.63054723
37556	0.62803042
37557	0.62551278
37558	0.62299448
37559	0.62047577
37560	0.61795682
37561	0.61543787
37562	0.61291903
37563	0.61040044
37564	0.60788226
37565	0.60536468
37566	0.60284781
37567	0.60033178
37568	0.59781665
37569	0.59530264
37570	0.59278983
37571	0.59027833
37572	0.58776814
37573	0.58525944
37574	0.58275229
37575	0.58024681
37576	0.57774305
37577	0.57524109
37578	0.57274103
37579	0.57024288
37580	0.56774676
37581	0.56525272
37582	0.56276083
37583	0.56027114
37584	0.55778378
37585	0.55529869
37586	0.55281603
37587	0.55033576
37588	0.54785800
37589	0.54538274
37590	0.54291010
37591	0.54044002
37592	0.53797263
37593	0.53550786
37594	0.53304595
37595	0.53058660
37596	0.52813011
37597	0.52567643
37598	0.52322549
37599	0.52077746
37600	0.51833224
37601	0.51588982
37602	0.51345038
37603	0.51101381
37604	0.50858015
37605	0.50614935
37606	0.50372154
37607	0.50129670
37608	0.49887475
37609	0.49645588
37610	0.49404007
37611	0.49162725
37612	0.48921764
37613	0.48681110
37614	0.48440784
37615	0.48200777
37616	0.47961104
37617	0.47721770
37618	0.47482783
37619	0.47244146
37620	0.47005868
37621	0.46767956
37622	0.46530420
37623	0.46293271
37624	0.46056500
37625	0.45820135
37626	0.45584166
37627	0.45348606
37628	0.45113456
37629	0.44878715
37630	0.44644389
37631	0.44410470
37632	0.44176957
37633	0.43943843
37634	0.43711111
37635	0.43478757
37636	0.43246749
37637	0.43015072
37638	0.42783692
37639	0.42552581
37640	0.42321682
37641	0.42090961
37642	0.41860354
37643	0.41629800
37644	0.41399217
37645	0.41168526
37646	0.40937632
37647	0.40706423
37648	0.40474781
37649	0.40242571
37650	0.40009636
37651	0.39775819
37652	0.39540917
37653	0.39304727
37654	0.39067018
37655	0.38827530
37656	0.38585976
37657	0.38342053
37658	0.38095403
37659	0.37845629
37660	0.37592310
37661	0.37334949
37662	0.37073028
37663	0.36805940
37664	0.36533001
37665	0.36253485
37666	0.35966536
37667	0.35671207
37668	0.35366440
37669	0.35050997
37670	0.34723541
37671	0.34382486
37672	0.34026054
37673	0.33652201
37674	0.33258581
37675	0.32842454
37676	0.32400656
37677	0.31929466
37678	0.31424585
37679	0.30880827
37680	0.30292082
37681	0.29651043
37682	0.28948852
37683	0.28174692
37684	0.27315271
37685	0.26354009
37686	0.25270054
37687	0.24036714
37688	0.22619243
37689	0.20971756
37690	0.19032139
37691	0.16714421
37692	0.13895863
37693	0.10395059
37694	0.05932534
37695	0.00053178
37696	-0.08036751
37697	-0.19856331
37698	-0.38725340
37699	-0.73555219
37700	-1.59186244
37701	-7.02382326
37702	NaN
37703	NaN
37704	NaN
37705	NaN
37706	NaN
37707	NaN
37708	NaN
37709	NaN
37710	NaN
37711	NaN
37712	NaN
37713	NaN
37714	NaN
37715	NaN
37716	NaN
37717	NaN
37718	NaN
37719	NaN
37720	NaN
37721	NaN
37722	NaN
37723	NaN
37724	NaN
37725	NaN
37726	NaN
37727	NaN
37728	NaN
37729	NaN
37730	NaN
37731	NaN
37732	NaN
37733	NaN
37734	NaN
37735	NaN
37736	NaN
37737	NaN
37738	NaN
37739	NaN
37740	NaN
37741	NaN
37742	NaN
37743	NaN
37744	NaN
37745	NaN
37746	NaN
37747	NaN
37748	NaN
37749	NaN
37750	NaN
37751	NaN
37752	NaN
37753	NaN
37754	NaN
37755	NaN
37756	NaN
37757	NaN
37758	NaN
37759	NaN
37760	NaN
37761	NaN
37762	NaN
37763	15.73780727
37764	3.44178557
37765	2.20729876
37766	1.73929727
37767	1.49329853
37768	1.34178674
37769	1.23920095
37770	1.16521144
37771	1.10937655
37772	1.06578171
37773	1.03082776
37774	1.00219738
37775	0.97833198
37776	0.95814449
37777	0.94085246
37778	0.92588019
37779	0.91279346
37780	0.90125847
37781	0.89101535
37782	0.88185745
37783	0.87361974
37784	0.86616778
37785	0.85939175
37786	0.85320038
37787	0.84751725
37788	0.84227848
37789	0.83742970
37790	0.83292454
37791	0.82872307
37792	0.82479089
37793	0.82109827
37794	0.81761891
37795	0.81432998
37796	0.81121147
37797	0.80824542
37798	0.80541599
37799	0.80270910
37800	0.80011231
37801	0.79761416
37802	0.79520440
37803	0.79287392
37804	0.79061437
37805	0.78841817
37806	0.78627849
37807	0.78418905
37808	0.78214407
37809	0.78013837
37810	0.77816725
37811	0.77622604
37812	0.77431071
37813	0.77241760
37814	0.77054334
37815	0.76868451
37816	0.76683837
37817	0.76500207
37818	0.76317316
37819	0.76134920
37820	0.75952822
37821	0.75770795
37822	0.75588673
37823	0.75406283
37824	0.75223470
37825	0.75040090
37826	0.74856001
37827	0.74671084
37828	0.74485230
37829	0.74298334
37830	0.74110299
37831	0.73921043
37832	0.73730481
37833	0.73538554
37834	0.73345190
37835	0.73150331
37836	0.72953922
37837	0.72755927
37838	0.72556293
37839	0.72355002
37840	0.72152007
37841	0.71947283
37842	0.71740806
37843	0.71532553
37844	0.71322519
37845	0.71110672
37846	0.70897031
37847	0.70681560
37848	0.70464265
37849	0.70245141
37850	0.70024198
37851	0.69801432
37852	0.69576854
37853	0.69350481
37854	0.69122308
37855	0.68892366
37856	0.68660659
37857	0.68427217
37858	0.68192065
37859	0.67955220
37860	0.67716718
37861	0.67476588
37862	0.67234868
37863	0.66991580
37864	0.66746783
37865	0.66500509
37866	0.66252798
37867	0.66003698
37868	0.65753263
37869	0.65501535
37870	0.65248567
37871	0.64994407
37872	0.64739114
37873	0.64482743
37874	0.64225340
37875	0.63966966
37876	0.63707680
37877	0.63447523
37878	0.63186562
37879	0.62924856
37880	0.62662441
37881	0.62399387
37882	0.62135732
37883	0.61871541
37884	0.61606854
37885	0.61341727
37886	0.61076206
37887	0.60810333
37888	0.60544157
37889	0.60277724
37890	0.60011077
37891	0.59744245
37892	0.59477282
37893	0.59210217
37894	0.58943087
37895	0.58675927
37896	0.58408773
37897	0.58141649
37898	0.57874596
37899	0.57607639
37900	0.57340801
37901	0.57074112
37902	0.56807590
37903	0.56541276
37904	0.56275177
37905	0.56009322
37906	0.55743736
37907	0.55478424
37908	0.55213428
37909	0.54948747
37910	0.54684407
37911	0.54420429
37912	0.54156828
37913	0.53893626
37914	0.53630823
37915	0.53368455
37916	0.53106529
37917	0.52845055
37918	0.52584058
37919	0.52323538
37920	0.52063519
37921	0.51804012
37922	0.51545024
37923	0.51286572
37924	0.51028663
37925	0.50771308
37926	0.50514519
37927	0.50258309
37928	0.50002676
37929	0.49747628
37930	0.49493176
37931	0.49239320
37932	0.48986071
37933	0.48733434
37934	0.48481405
37935	0.48229986
37936	0.47979185
37937	0.47729000
37938	0.47479433
37939	0.47230479
37940	0.46982142
37941	0.46734419
37942	0.46487305
37943	0.46240798
37944	0.45994896
37945	0.45749596
37946	0.45504889
37947	0.45260772
37948	0.45017242
37949	0.44774294
37950	0.44531915
37951	0.44290102
37952	0.44048846
37953	0.43808135
37954	0.43567967
37955	0.43328324
37956	0.43089196
37957	0.42850566
37958	0.42612422
37959	0.42374742
37960	0.42137504
37961	0.41900694
37962	0.41664284
37963	0.41428232
37964	0.41192517
37965	0.40957099
37966	0.40721935
37967	0.40486979
37968	0.40252161
37969	0.40017438
37970	0.39782730
37971	0.39547962
37972	0.39313048
37973	0.39077896
37974	0.38842380
37975	0.38606390
37976	0.38369781
37977	0.38132408
37978	0.37894091
37979	0.37654644
37980	0.37413853
37981	0.37171486
37982	0.36927271
37983	0.36680925
37984	0.36432111
37985	0.36180463
37986	0.35925582
37987	0.35667017
37988	0.35404250
37989	0.35136721
37990	0.34863788
37991	0.34584749
37992	0.34298781
37993	0.34004995
37994	0.33702371
37995	0.33389726
37996	0.33065766
37997	0.32728976
37998	0.32377636
37999	0.32009774
38000	0.31623104
38001	0.31215000
38002	0.30782408
38003	0.30321708
38004	0.29828715
38005	0.29298437
38006	0.28724936
38007	0.28101110
38008	0.27418295
38009	0.26666042
38010	0.25831375
38011	0.24898146
38012	0.23846075
38013	0.22649083
38014	0.21273339
38015	0.19674063
38016	0.17790693
38017	0.15539415
38018	0.12800528
38019	0.09397248
38020	0.05057185
38021	-0.00662974
38022	-0.08535876
38023	-0.20039299
38024	-0.38397998
38025	-0.72248453
38026	-1.55202210
38027	-6.71662664
38028	NaN
38029	NaN
38030	NaN
38031	NaN
38032	NaN
38033	NaN
38034	NaN
38035	NaN
38036	NaN
38037	NaN
38038	NaN
38039	NaN
38040	NaN
38041	NaN
38042	NaN
38043	NaN
38044	NaN
38045	NaN
38046	NaN
38047	NaN
38048	NaN
38049	NaN
38050	NaN
38051	NaN
38052	NaN
38053	NaN
38054	NaN
38055	NaN
38056	NaN
38057	NaN
38058	NaN
38059	NaN
38060	NaN
38061	NaN
38062	NaN
38063	NaN
38064	NaN
38065	NaN
38066	NaN
38067	NaN
38068	NaN
38069	NaN
38070	NaN
38071	NaN
38072	NaN
38073	NaN
38074	NaN
38075	NaN
38076	NaN
38077	NaN
38078	NaN
38079	NaN
38080	NaN
38081	NaN
38082	NaN
38083	NaN
38084	NaN
38085	NaN
38086	NaN
38087	NaN
38088	NaN
38089	NaN
38090	3.76067567
38091	2.23488164
38092	1.72752929
38093	1.47457457
38094	1.32332802
38095	1.22290826
38096	1.15151286
38097	1.09824204
38098	1.05704129
38099	1.02427745
38100	0.99763900
38101	0.97558475
38102	0.95704752
38103	0.94126564
38104	0.92768025
38105	0.91587222
38106	0.90552086
38107	0.89637697
38108	0.88824397
38109	0.88096446
38110	0.87441117
38111	0.86847979
38112	0.86308420
38113	0.85815305
38114	0.85362583
38115	0.84945178
38116	0.84558749
38117	0.84199584
38118	0.83864462
38119	0.83550638
38120	0.83255684
38121	0.82977468
38122	0.82714134
38123	0.82464051
38124	0.82225776
38125	0.81997979
38126	0.81779528
38127	0.81569374
38128	0.81366599
38129	0.81170350
38130	0.80979890
38131	0.80794495
38132	0.80613559
38133	0.80436510
38134	0.80262834
38135	0.80092025
38136	0.79923666
38137	0.79757357
38138	0.79592711
38139	0.79429406
38140	0.79267126
38141	0.79105568
38142	0.78944463
38143	0.78783566
38144	0.78622651
38145	0.78461510
38146	0.78299946
38147	0.78137767
38148	0.77974814
38149	0.77810943
38150	0.77645999
38151	0.77479851
38152	0.77312398
38153	0.77143502
38154	0.76973104
38155	0.76801085
38156	0.76627374
38157	0.76451898
38158	0.76274598
38159	0.76095420
38160	0.75914305
38161	0.75731224
38162	0.75546122
38163	0.75358981
38164	0.75169778
38165	0.74978489
38166	0.74785095
38167	0.74589586
38168	0.74391949
38169	0.74192196
38170	0.73990303
38171	0.73786294
38172	0.73580152
38173	0.73371899
38174	0.73161542
38175	0.72949082
38176	0.72734535
38177	0.72517914
38178	0.72299236
38179	0.72078520
38180	0.71855783
38181	0.71631044
38182	0.71404326
38183	0.71175653
38184	0.70945048
38185	0.70712548
38186	0.70478171
38187	0.70241958
38188	0.70003927
38189	0.69764137
38190	0.69522607
38191	0.69279391
38192	0.69034517
38193	0.68788046
38194	0.68540007
38195	0.68290460
38196	0.68039465
38197	0.67787057
38198	0.67533296
38199	0.67278248
38200	0.67021972
38201	0.66764516
38202	0.66505945
38203	0.66246319
38204	0.65985703
38205	0.65724158
38206	0.65461749
38207	0.65198541
38208	0.64934582
38209	0.64669961
38210	0.64404714
38211	0.64138913
38212	0.63872612
38213	0.63605881
38214	0.63338774
38215	0.63071340
38216	0.62803638
38217	0.62535715
38218	0.62267631
38219	0.61999434
38220	0.61731172
38221	0.61462891
38222	0.61194628
38223	0.60926425
38224	0.60658336
38225	0.60390383
38226	0.60122615
38227	0.59855056
38228	0.59587747
38229	0.59320718
38230	0.59053993
38231	0.58787602
38232	0.58521575
38233	0.58255935
38234	0.57990700
38235	0.57725888
38236	0.57461536
38237	0.57197642
38238	0.56934249
38239	0.56671351
38240	0.56408966
38241	0.56147122
38242	0.55885828
38243	0.55625087
38244	0.55364919
38245	0.55105335
38246	0.54846346
38247	0.54587960
38248	0.54330194
38249	0.54073048
38250	0.53816527
38251	0.53560650
38252	0.53305417
38253	0.53050840
38254	0.52796924
38255	0.52543670
38256	0.52291095
38257	0.52039194
38258	0.51787978
38259	0.51537448
38260	0.51287609
38261	0.51038474
38262	0.50790042
38263	0.50542313
38264	0.50295293
38265	0.50048989
38266	0.49803403
38267	0.49558535
38268	0.49314395
38269	0.49070981
38270	0.48828298
38271	0.48586354
38272	0.48345152
38273	0.48104689
38274	0.47864974
38275	0.47626013
38276	0.47387806
38277	0.47150362
38278	0.46913677
38279	0.46677765
38280	0.46442628
38281	0.46208259
38282	0.45974678
38283	0.45741868
38284	0.45509848
38285	0.45278615
38286	0.45048165
38287	0.44818500
38288	0.44589618
38289	0.44361508
38290	0.44134173
38291	0.43907595
38292	0.43681771
38293	0.43456674
38294	0.43232295
38295	0.43008605
38296	0.42785585
38297	0.42563194
38298	0.42341393
38299	0.42120141
38300	0.41899389
38301	0.41679078
38302	0.41459137
38303	0.41239497
38304	0.41020063
38305	0.40800747
38306	0.40581435
38307	0.40362009
38308	0.40142336
38309	0.39922261
38310	0.39701614
38311	0.39480218
38312	0.39257860
38313	0.39034304
38314	0.38809302
38315	0.38582560
38316	0.38353768
38317	0.38122576
38318	0.37888581
38319	0.37651351
38320	0.37410399
38321	0.37165168
38322	0.36915052
38323	0.36659360
38324	0.36397311
38325	0.36128023
38326	0.35850495
38327	0.35563627
38328	0.35266101
38329	0.34956443
38330	0.34632981
38331	0.34293753
38332	0.33936492
38333	0.33558568
38334	0.33156902
38335	0.32727879
38336	0.32267228
38337	0.31769809
38338	0.31229538
38339	0.30638966
38340	0.29989031
38341	0.29268560
38342	0.28463539
38343	0.27556401
38344	0.26524574
38345	0.25338635
38346	0.23959658
38347	0.22334822
38348	0.20390856
38349	0.18022884
38350	0.15075417
38351	0.11308017
38352	0.06327209
38353	-0.00557210
38354	-0.10677254
38355	-0.26980013
38356	-0.57536763
38357	-1.35251057
38358	-7.31517220
38359	NaN
38360	NaN
38361	NaN
38362	NaN
38363	NaN
38364	NaN
38365	NaN
38366	NaN
38367	NaN
38368	NaN
38369	NaN
38370	NaN
38371	NaN
38372	NaN
38373	NaN
38374	NaN
38375	NaN
38376	NaN
38377	NaN
38378	NaN
38379	NaN
38380	NaN
38381	NaN
38382	NaN
38383	NaN
38384	NaN
38385	NaN
38386	NaN
38387	NaN
38388	NaN
38389	NaN
38390	NaN
38391	NaN
38392	NaN
38393	NaN
38394	NaN
38395	NaN
38396	NaN
38397	NaN
38398	NaN
38399	NaN
38400	NaN
38401	NaN
38402	NaN
38403	NaN
38404	NaN
38405	NaN
38406	NaN
38407	NaN
38408	NaN
38409	NaN
38410	NaN
38411	NaN
38412	NaN
38413	NaN
38414	NaN
38415	NaN
38416	NaN
38417	NaN
38418	NaN
38419	NaN
38420	NaN
38421	NaN
38422	4.97791958
38423	2.46856117
38424	1.81437540
38425	1.51374686
38426	1.34128129
38427	1.22958124
38428	1.15144897
38429	1.09380198
38430	1.04956794
38431	1.01458907
38432	0.98626208
38433	0.96287268
38434	0.94324625
38435	0.92655110
38436	0.91218150
38437	0.89968634
38438	0.88872230
38439	0.87902421
38440	0.87038267
38441	0.86263156
38442	0.85563666
38443	0.84928834
38444	0.84349668
38445	0.83818656
38446	0.83329499
38447	0.82876927
38448	0.82456416
38449	0.82064116
38450	0.81696701
38451	0.81351292
38452	0.81025398
38453	0.80716819
38454	0.80423653
38455	0.80144197
38456	0.79876941
38457	0.79620564
38458	0.79373878
38459	0.79135811
38460	0.78905410
38461	0.78681815
38462	0.78464240
38463	0.78251988
38464	0.78044415
38465	0.77840930
38466	0.77641016
38467	0.77444178
38468	0.77249980
38469	0.77057993
38470	0.76867861
38471	0.76679230
38472	0.76491791
38473	0.76305234
38474	0.76119304
38475	0.75933731
38476	0.75748301
38477	0.75562781
38478	0.75376993
38479	0.75190753
38480	0.75003886
38481	0.74816233
38482	0.74627662
38483	0.74438035
38484	0.74247247
38485	0.74055171
38486	0.73861718
38487	0.73666793
38488	0.73470318
38489	0.73272222
38490	0.73072433
38491	0.72870904
38492	0.72667575
38493	0.72462416
38494	0.72255361
38495	0.72046399
38496	0.71835506
38497	0.71622640
38498	0.71407813
38499	0.71190983
38500	0.70972162
38501	0.70751333
38502	0.70528507
38503	0.70303673
38504	0.70076853
38505	0.69848037
38506	0.69617248
38507	0.69384509
38508	0.69149822
38509	0.68913215
38510	0.68674719
38511	0.68434340
38512	0.68192124
38513	0.67948103
38514	0.67702299
38515	0.67454761
38516	0.67205518
38517	0.66954619
38518	0.66702098
38519	0.66448015
38520	0.66192418
38521	0.65935344
38522	0.65676862
38523	0.65417022
38524	0.65155876
38525	0.64893490
38526	0.64629924
38527	0.64365250
38528	0.64099514
38529	0.63832796
38530	0.63565147
38531	0.63296646
38532	0.63027352
38533	0.62757337
38534	0.62486666
38535	0.62215400
38536	0.61943603
38537	0.61671346
38538	0.61398691
38539	0.61125702
38540	0.60852426
38541	0.60578930
38542	0.60305279
38543	0.60031521
38544	0.59757710
38545	0.59483898
38546	0.59210128
38547	0.58936459
38548	0.58662933
38549	0.58389592
38550	0.58116472
38551	0.57843614
38552	0.57571065
38553	0.57298839
38554	0.57026982
38555	0.56755519
38556	0.56484485
38557	0.56213903
38558	0.55943793
38559	0.55674177
38560	0.55405086
38561	0.55136526
38562	0.54868519
38563	0.54601091
38564	0.54334241
38565	0.54067999
38566	0.53802359
38567	0.53537345
38568	0.53272969
38569	0.53009230
38570	0.52746147
38571	0.52483720
38572	0.52221960
38573	0.51960874
38574	0.51700461
38575	0.51440734
38576	0.51181698
38577	0.50923347
38578	0.50665694
38579	0.50408739
38580	0.50152481
38581	0.49896923
38582	0.49642062
38583	0.49387905
38584	0.49134445
38585	0.48881683
38586	0.48629618
38587	0.48378247
38588	0.48127565
38589	0.47877565
38590	0.47628251
38591	0.47379610
38592	0.47131640
38593	0.46884340
38594	0.46637687
38595	0.46391693
38596	0.46146339
38597	0.45901614
38598	0.45657516
38599	0.45414037
38600	0.45171162
38601	0.44928887
38602	0.44687203
38603	0.44446093
38604	0.44205552
38605	0.43965563
38606	0.43726128
38607	0.43487218
38608	0.43248835
38609	0.43010956
38610	0.42773581
38611	0.42536688
38612	0.42300254
38613	0.42064288
38614	0.41828749
38615	0.41593626
38616	0.41358909
38617	0.41124570
38618	0.40890580
38619	0.40656924
38620	0.40423563
38621	0.40190479
38622	0.39957625
38623	0.39724967
38624	0.39492461
38625	0.39260057
38626	0.39027706
38627	0.38795346
38628	0.38562900
38629	0.38330311
38630	0.38097486
38631	0.37864336
38632	0.37630752
38633	0.37396628
38634	0.37161830
38635	0.36926216
38636	0.36689636
38637	0.36451918
38638	0.36212867
38639	0.35972279
38640	0.35729909
38641	0.35485497
38642	0.35238764
38643	0.34989384
38644	0.34737006
38645	0.34481248
38646	0.34221661
38647	0.33957770
38648	0.33689040
38649	0.33414865
38650	0.33134595
38651	0.32847476
38652	0.32552662
38653	0.32249233
38654	0.31936136
38655	0.31612179
38656	0.31276017
38657	0.30926123
38658	0.30560774
38659	0.30177993
38660	0.29775506
38661	0.29350719
38662	0.28900605
38663	0.28421664
38664	0.27909818
38665	0.27360249
38666	0.26767302
38667	0.26124248
38668	0.25422996
38669	0.24653839
38670	0.23804903
38671	0.22861606
38672	0.21805777
38673	0.20614555
38674	0.19258821
38675	0.17700723
38676	0.15890241
38677	0.13760041
38678	0.11216987
38679	0.08128718
38680	0.04300470
38681	-0.00566585
38682	-0.06955387
38683	-0.15701279
38684	-0.28384551
38685	-0.48398873
38686	-0.84601140
38687	-1.69705772
38688	-6.06313515
38689	NaN
38690	NaN
38691	NaN
38692	NaN
38693	NaN
38694	NaN
38695	NaN
38696	NaN
38697	NaN
38698	NaN
38699	NaN
38700	NaN
38701	NaN
38702	NaN
38703	NaN
38704	NaN
38705	NaN
38706	NaN
38707	NaN
38708	NaN
38709	NaN
38710	NaN
38711	NaN
38712	NaN
38713	NaN
38714	NaN
38715	NaN
38716	NaN
38717	NaN
38718	NaN
38719	NaN
38720	NaN
38721	NaN
38722	NaN
38723	NaN
38724	NaN
38725	NaN
38726	NaN
38727	NaN
38728	NaN
38729	NaN
38730	NaN
38731	NaN
38732	NaN
38733	NaN
38734	NaN
38735	NaN
38736	NaN
38737	NaN
38738	NaN
38739	NaN
38740	NaN
38741	NaN
38742	NaN
38743	NaN
38744	NaN
38745	NaN
38746	NaN
38747	NaN
38748	8.92549896
38749	3.15482211
38750	2.14421058
38751	1.72432220
38752	1.49465752
38753	1.35000825
38754	1.25066447
38755	1.17830944
38756	1.12332177
38757	1.08016312
38758	1.04541993
38759	1.01687431
38760	0.99302089
38761	0.97280359
38762	0.95545900
38763	0.94042242
38764	0.92726469
38765	0.91565716
38766	0.90534103
38767	0.89611173
38768	0.88780421
38769	0.88028479
38770	0.87344277
38771	0.86718702
38772	0.86144096
38773	0.85614061
38774	0.85123086
38775	0.84666508
38776	0.84240323
38777	0.83841068
38778	0.83465707
38779	0.83111614
38780	0.82776463
38781	0.82458252
38782	0.82155144
38783	0.81865573
38784	0.81588084
38785	0.81321418
38786	0.81064421
38787	0.80816072
38788	0.80575430
38789	0.80341649
38790	0.80113971
38791	0.79891694
38792	0.79674202
38793	0.79460901
38794	0.79251266
38795	0.79044807
38796	0.78841084
38797	0.78639692
38798	0.78440255
38799	0.78242409
38800	0.78045863
38801	0.77850306
38802	0.77655488
38803	0.77461135
38804	0.77267045
38805	0.77072996
38806	0.76878810
38807	0.76684296
38808	0.76489305
38809	0.76293689
38810	0.76097322
38811	0.75900066
38812	0.75701839
38813	0.75502521
38814	0.75302041
38815	0.75100327
38816	0.74897295
38817	0.74692905
38818	0.74487102
38819	0.74279833
38820	0.74071074
38821	0.73860788
38822	0.73648953
38823	0.73435545
38824	0.73220569
38825	0.73004001
38826	0.72785830
38827	0.72566068
38828	0.72344714
38829	0.72121769
38830	0.71897238
38831	0.71671140
38832	0.71443480
38833	0.71214283
38834	0.70983553
38835	0.70751315
38836	0.70517588
38837	0.70282394
38838	0.70045751
38839	0.69807696
38840	0.69568253
38841	0.69327438
38842	0.69085306
38843	0.68841863
38844	0.68597162
38845	0.68351227
38846	0.68104100
38847	0.67855829
38848	0.67606443
38849	0.67355990
38850	0.67104512
38851	0.66852051
38852	0.66598678
38853	0.66344410
38854	0.66089314
38855	0.65833437
38856	0.65576828
38857	0.65319538
38858	0.65061629
38859	0.64803141
38860	0.64544129
38861	0.64284647
38862	0.64024752
38863	0.63764477
38864	0.63503891
38865	0.63243032
38866	0.62981945
38867	0.62720692
38868	0.62459284
38869	0.62197804
38870	0.61936265
38871	0.61674714
38872	0.61413187
38873	0.61151719
38874	0.60890347
38875	0.60629094
38876	0.60367990
38877	0.60107070
38878	0.59846354
38879	0.59585863
38880	0.59325612
38881	0.59065634
38882	0.58805931
38883	0.58546531
38884	0.58287436
38885	0.58028668
38886	0.57770234
38887	0.57512140
38888	0.57254398
38889	0.56997013
38890	0.56739986
38891	0.56483334
38892	0.56227046
38893	0.55971134
38894	0.55715591
38895	0.55460423
38896	0.55205637
38897	0.54951221
38898	0.54697180
38899	0.54443508
38900	0.54190218
38901	0.53937286
38902	0.53684729
38903	0.53432530
38904	0.53180695
38905	0.52929223
38906	0.52678096
38907	0.52427334
38908	0.52176917
38909	0.51926851
38910	0.51677126
38911	0.51427740
38912	0.51178700
38913	0.50929993
38914	0.50681615
38915	0.50433576
38916	0.50185865
38917	0.49938482
38918	0.49691430
38919	0.49444702
38920	0.49198303
38921	0.48952225
38922	0.48706478
38923	0.48461062
38924	0.48215967
38925	0.47971207
38926	0.47726786
38927	0.47482696
38928	0.47238949
38929	0.46995544
38930	0.46752498
38931	0.46509796
38932	0.46267462
38933	0.46025491
38934	0.45783892
38935	0.45542672
38936	0.45301840
38937	0.45061398
38938	0.44821355
38939	0.44581711
38940	0.44342473
38941	0.44103649
38942	0.43865243
38943	0.43627244
38944	0.43389660
38945	0.43152499
38946	0.42915741
38947	0.42679384
38948	0.42443413
38949	0.42207831
38950	0.41972613
38951	0.41737726
38952	0.41503164
38953	0.41268894
38954	0.41034877
38955	0.40801078
38956	0.40567437
38957	0.40333918
38958	0.40100455
38959	0.39866984
38960	0.39633426
38961	0.39399698
38962	0.39165702
38963	0.38931346
38964	0.38696501
38965	0.38461047
38966	0.38224846
38967	0.37987739
38968	0.37749559
38969	0.37510124
38970	0.37269220
38971	0.37026626
38972	0.36782092
38973	0.36535355
38974	0.36286110
38975	0.36034027
38976	0.35778752
38977	0.35519877
38978	0.35256961
38979	0.34989527
38980	0.34717003
38981	0.34438813
38982	0.34154272
38983	0.33862627
38984	0.33563042
38985	0.33254588
38986	0.32936177
38987	0.32606623
38988	0.32264557
38989	0.31908455
38990	0.31536558
38991	0.31146839
38992	0.30737001
38993	0.30304381
38994	0.29845876
38995	0.29357898
38996	0.28836209
38997	0.28275889
38998	0.27671030
38999	0.27014616
39000	0.26298231
39001	0.25511605
39002	0.24642210
39003	0.23674525
39004	0.22589122
39005	0.21361409
39006	0.19959639
39007	0.18342292
39008	0.16453972
39009	0.14218992
39010	0.11531205
39011	0.08237076
39012	0.04105688
39013	-0.01226479
39014	-0.08367851
39015	-0.18418962
39016	-0.33595166
39017	-0.59120858
39018	-1.10961473
39019	-2.72611856
39020	NaN
39021	NaN
39022	NaN
39023	NaN
39024	NaN
39025	NaN
39026	NaN
39027	NaN
39028	NaN
39029	NaN
39030	NaN
39031	NaN
39032	NaN
39033	NaN
39034	NaN
39035	NaN
39036	NaN
39037	NaN
39038	NaN
39039	NaN
39040	NaN
39041	NaN
39042	NaN
39043	NaN
39044	NaN
39045	NaN
39046	NaN
39047	NaN
39048	NaN
39049	NaN
39050	NaN
39051	NaN
39052	NaN
39053	NaN
39054	NaN
39055	NaN
39056	NaN
39057	NaN
39058	NaN
39059	NaN
39060	NaN
39061	NaN
39062	NaN
39063	NaN
39064	NaN
39065	NaN
39066	NaN
39067	NaN
39068	NaN
39069	NaN
39070	NaN
39071	NaN
39072	NaN
39073	NaN
39074	NaN
39075	NaN
39076	NaN
39077	NaN
39078	NaN
39079	12.34164619
39080	3.27344871
39081	2.13910770
39082	1.69577169
39083	1.45978069
39084	1.31344998
39085	1.21397924
39086	1.14206541
39087	1.08772159
39088	1.04526269
39089	1.01121449
39090	0.98333365
39091	0.96010709
39092	0.94047689
39093	0.92368180
39094	0.90915847
39095	0.89648312
39096	0.88532925
39097	0.87544221
39098	0.86661941
39099	0.85869879
39100	0.85154814
39101	0.84505957
39102	0.83914310
39103	0.83372414
39104	0.82873911
39105	0.82413471
39106	0.81986517
39107	0.81589139
39108	0.81217897
39109	0.80869889
39110	0.80542505
39111	0.80233520
39112	0.79940915
39113	0.79662967
39114	0.79398078
39115	0.79144883
39116	0.78902107
39117	0.78668654
39118	0.78443515
39119	0.78225780
39120	0.78014642
39121	0.77809340
39122	0.77609211
39123	0.77413625
39124	0.77222019
39125	0.77033901
39126	0.76848775
39127	0.76666212
39128	0.76485813
39129	0.76307213
39130	0.76130068
39131	0.75954074
39132	0.75778931
39133	0.75604391
39134	0.75430185
39135	0.75256097
39136	0.75081915
39137	0.74907446
39138	0.74732506
39139	0.74556935
39140	0.74380565
39141	0.74203265
39142	0.74024904
39143	0.73845363
39144	0.73664516
39145	0.73482281
39146	0.73298568
39147	0.73113281
39148	0.72926342
39149	0.72737700
39150	0.72547275
39151	0.72355020
39152	0.72160888
39153	0.71964830
39154	0.71766800
39155	0.71566784
39156	0.71364743
39157	0.71160644
39158	0.70954484
39159	0.70746225
39160	0.70535874
39161	0.70323414
39162	0.70108849
39163	0.69892162
39164	0.69673359
39165	0.69452447
39166	0.69229430
39167	0.69004315
39168	0.68777126
39169	0.68547869
39170	0.68316573
39171	0.68083251
39172	0.67847937
39173	0.67610651
39174	0.67371428
39175	0.67130303
39176	0.66887313
39177	0.66642499
39178	0.66395909
39179	0.66147578
39180	0.65897572
39181	0.65645933
39182	0.65392715
39183	0.65137970
39184	0.64881766
39185	0.64624161
39186	0.64365214
39187	0.64104992
39188	0.63843554
39189	0.63580972
39190	0.63317311
39191	0.63052636
39192	0.62787008
39193	0.62520510
39194	0.62253189
39195	0.61985117
39196	0.61716372
39197	0.61446989
39198	0.61177063
39199	0.60906625
39200	0.60635757
39201	0.60364503
39202	0.60092920
39203	0.59821069
39204	0.59549004
39205	0.59276766
39206	0.59004408
39207	0.58731967
39208	0.58459502
39209	0.58187056
39210	0.57914644
39211	0.57642329
39212	0.57370138
39213	0.57098103
39214	0.56826258
39215	0.56554633
39216	0.56283253
39217	0.56012142
39218	0.55741334
39219	0.55470848
39220	0.55200696
39221	0.54930919
39222	0.54661512
39223	0.54392511
39224	0.54123932
39225	0.53855783
39226	0.53588080
39227	0.53320843
39228	0.53054076
39229	0.52787805
39230	0.52522033
39231	0.52256775
39232	0.51992041
39233	0.51727837
39234	0.51464176
39235	0.51201075
39236	0.50938535
39237	0.50676560
39238	0.50415170
39239	0.50154358
39240	0.49894142
39241	0.49634516
39242	0.49375495
39243	0.49117079
39244	0.48859277
39245	0.48602089
39246	0.48345515
39247	0.48089555
39248	0.47834215
39249	0.47579488
39250	0.47325388
39251	0.47071892
39252	0.46819016
39253	0.46566758
39254	0.46315104
39255	0.46064061
39256	0.45813614
39257	0.45563772
39258	0.45314518
39259	0.45065853
39260	0.44817773
39261	0.44570273
39262	0.44323343
39263	0.44076979
39264	0.43831173
39265	0.43585920
39266	0.43341210
39267	0.43097040
39268	0.42853397
39269	0.42610270
39270	0.42367661
39271	0.42125544
39272	0.41883919
39273	0.41642770
39274	0.41402081
39275	0.41161838
39276	0.40922028
39277	0.40682623
39278	0.40443608
39279	0.40204954
39280	0.39966640
39281	0.39728633
39282	0.39490888
39283	0.39253384
39284	0.39016074
39285	0.38778907
39286	0.38541821
39287	0.38304767
39288	0.38067675
39289	0.37830466
39290	0.37593058
39291	0.37355363
39292	0.37117270
39293	0.36878666
39294	0.36639428
39295	0.36399406
39296	0.36158448
39297	0.35916391
39298	0.35673028
39299	0.35428160
39300	0.35181546
39301	0.34932926
39302	0.34682021
39303	0.34428501
39304	0.34172028
39305	0.33912200
39306	0.33648586
39307	0.33380711
39308	0.33108038
39309	0.32829970
39310	0.32545826
39311	0.32254854
39312	0.31956238
39313	0.31649023
39314	0.31332132
39315	0.31004390
39316	0.30664411
39317	0.30310658
39318	0.29941368
39319	0.29554507
39320	0.29147765
39321	0.28718457
39322	0.28263471
39323	0.27779204
39324	0.27261421
39325	0.26705131
39326	0.26104438
39327	0.25452265
39328	0.24740192
39329	0.23957941
39330	0.23092911
39331	0.22129641
39332	0.21048695
39333	0.19825506
39334	0.18428478
39335	0.16816333
39336	0.14934139
39337	0.12707105
39338	0.10030553
39339	0.06753865
39340	0.02651477
39341	-0.02629835
39342	-0.09676269
39343	-0.19537002
39344	-0.34293455
39345	-0.58744937
39346	-1.06992233
39347	-2.46153975
39348	NaN
39349	NaN
39350	NaN
39351	NaN
39352	NaN
39353	NaN
39354	NaN
39355	NaN
39356	NaN
39357	NaN
39358	NaN
39359	NaN
39360	NaN
39361	NaN
39362	NaN
39363	NaN
39364	NaN
39365	NaN
39366	NaN
39367	NaN
39368	NaN
39369	NaN
39370	NaN
39371	NaN
39372	NaN
39373	NaN
39374	NaN
39375	NaN
39376	NaN
39377	NaN
39378	NaN
39379	NaN
39380	NaN
39381	NaN
39382	NaN
39383	NaN
39384	NaN
39385	NaN
39386	NaN
39387	NaN
39388	NaN
39389	NaN
39390	NaN
39391	NaN
39392	NaN
39393	NaN
39394	NaN
39395	NaN
39396	NaN
39397	NaN
39398	NaN
39399	NaN
39400	NaN
39401	NaN
39402	NaN
39403	NaN
39404	NaN
39405	NaN
39406	NaN
39407	5.93872166
39408	2.65040326
39409	1.89654207
39410	1.56263554
39411	1.37453055
39412	1.25404668
39413	1.17041004
39414	1.10905576
39415	1.06219459
39416	1.02528465
39417	0.99549818
39418	0.97098184
39419	0.95047212
39420	0.93307608
39421	0.91814572
39422	0.90519959
39423	0.89387149
39424	0.88387895
39425	0.87500006
39426	0.86705810
39427	0.85991120
39428	0.85344267
39429	0.84755749
39430	0.84217644
39431	0.83723319
39432	0.83267152
39433	0.82844394
39434	0.82450968
39435	0.82083392
39436	0.81738621
39437	0.81414032
39438	0.81107324
39439	0.80816483
39440	0.80539739
39441	0.80275506
39442	0.80022383
39443	0.79779130
39444	0.79544628
39445	0.79317892
39446	0.79097998
39447	0.78884155
39448	0.78675628
39449	0.78471744
39450	0.78271896
39451	0.78075552
39452	0.77882195
39453	0.77691364
39454	0.77502644
39455	0.77315652
39456	0.77130044
39457	0.76945472
39458	0.76761663
39459	0.76578331
39460	0.76395226
39461	0.76212120
39462	0.76028806
39463	0.75845081
39464	0.75660783
39465	0.75475729
39466	0.75289792
39467	0.75102836
39468	0.74914718
39469	0.74725354
39470	0.74534643
39471	0.74342495
39472	0.74148828
39473	0.73953581
39474	0.73756683
39475	0.73558098
39476	0.73357773
39477	0.73155671
39478	0.72951770
39479	0.72746038
39480	0.72538471
39481	0.72329044
39482	0.72117758
39483	0.71904606
39484	0.71689588
39485	0.71472704
39486	0.71253979
39487	0.71033406
39488	0.70811009
39489	0.70586795
39490	0.70360798
39491	0.70133030
39492	0.69903517
39493	0.69672281
39494	0.69439352
39495	0.69204754
39496	0.68968523
39497	0.68730682
39498	0.68491268
39499	0.68250322
39500	0.68007880
39501	0.67763966
39502	0.67518628
39503	0.67271918
39504	0.67023861
39505	0.66774517
39506	0.66523916
39507	0.66272116
39508	0.66019166
39509	0.65765107
39510	0.65510005
39511	0.65253901
39512	0.64996850
39513	0.64738905
39514	0.64480126
39515	0.64220566
39516	0.63960284
39517	0.63699329
39518	0.63437760
39519	0.63175631
39520	0.62913007
39521	0.62649924
39522	0.62386447
39523	0.62122637
39524	0.61858529
39525	0.61594188
39526	0.61329651
39527	0.61064970
39528	0.60800201
39529	0.60535371
39530	0.60270536
39531	0.60005730
39532	0.59740996
39533	0.59476376
39534	0.59211886
39535	0.58947581
39536	0.58683485
39537	0.58419621
39538	0.58156025
39539	0.57892722
39540	0.57629728
39541	0.57367069
39542	0.57104772
39543	0.56842846
39544	0.56581324
39545	0.56320214
39546	0.56059527
39547	0.55799276
39548	0.55539483
39549	0.55280149
39550	0.55021298
39551	0.54762924
39552	0.54505050
39553	0.54247671
39554	0.53990799
39555	0.53734440
39556	0.53478611
39557	0.53223300
39558	0.52968514
39559	0.52714276
39560	0.52460569
39561	0.52207404
39562	0.51954782
39563	0.51702708
39564	0.51451188
39565	0.51200223
39566	0.50949806
39567	0.50699955
39568	0.50450653
39569	0.50201917
39570	0.49953732
39571	0.49706116
39572	0.49459067
39573	0.49212572
39574	0.48966649
39575	0.48721293
39576	0.48476499
39577	0.48232278
39578	0.47988620
39579	0.47745538
39580	0.47503027
39581	0.47261086
39582	0.47019723
39583	0.46778935
39584	0.46538734
39585	0.46299112
39586	0.46060076
39587	0.45821631
39588	0.45583782
39589	0.45346531
39590	0.45109880
39591	0.44873840
39592	0.44638413
39593	0.44403607
39594	0.44169423
39595	0.43935871
39596	0.43702957
39597	0.43470681
39598	0.43239054
39599	0.43008077
39600	0.42777756
39601	0.42548087
39602	0.42319077
39603	0.42090729
39604	0.41863039
39605	0.41635996
39606	0.41409606
39607	0.41183850
39608	0.40958732
39609	0.40734214
39610	0.40510297
39611	0.40286949
39612	0.40064150
39613	0.39841864
39614	0.39620060
39615	0.39398688
39616	0.39177698
39617	0.38957042
39618	0.38736647
39619	0.38516453
39620	0.38296372
39621	0.38076308
39622	0.37856179
39623	0.37635860
39624	0.37415236
39625	0.37194166
39626	0.36972490
39627	0.36750063
39628	0.36526698
39629	0.36302182
39630	0.36076301
39631	0.35848808
39632	0.35619438
39633	0.35387895
39634	0.35153833
39635	0.34916911
39636	0.34676710
39637	0.34432787
39638	0.34184650
39639	0.33931738
39640	0.33673441
39641	0.33409062
39642	0.33137828
39643	0.32858878
39644	0.32571223
39645	0.32273751
39646	0.31965214
39647	0.31644168
39648	0.31308991
39649	0.30957794
39650	0.30588409
39651	0.30198365
39652	0.29784745
39653	0.29344180
39654	0.28872690
39655	0.28365588
39656	0.27817306
39657	0.27221170
39658	0.26569158
39659	0.25851545
39660	0.25056320
39661	0.24168642
39662	0.23169848
39663	0.22036259
39664	0.20737201
39665	0.19232431
39666	0.17467958
39667	0.15369892
39668	0.12833984
39669	0.09708318
39670	0.05763215
39671	0.00633096
39672	-0.06300750
39673	-0.16174985
39674	-0.31330836
39675	-0.57481939
39676	-1.13212454
39677	-3.12928724
39678	NaN
39679	NaN
39680	NaN
39681	NaN
39682	NaN
39683	NaN
39684	NaN
39685	NaN
39686	NaN
39687	NaN
39688	NaN
39689	NaN
39690	NaN
39691	NaN
39692	NaN
39693	NaN
39694	NaN
39695	NaN
39696	NaN
39697	NaN
39698	NaN
39699	NaN
39700	NaN
39701	NaN
39702	NaN
39703	NaN
39704	NaN
39705	NaN
39706	NaN
39707	NaN
39708	NaN
39709	NaN
39710	NaN
39711	NaN
39712	NaN
39713	NaN
39714	NaN
39715	NaN
39716	NaN
39717	NaN
39718	NaN
39719	NaN
39720	NaN
39721	NaN
39722	NaN
39723	NaN
39724	NaN
39725	NaN
39726	NaN
39727	NaN
39728	NaN
39729	NaN
39730	NaN
39731	NaN
39732	NaN
39733	NaN
39734	NaN
39735	NaN
39736	NaN
39737	NaN
39738	NaN
39739	NaN
39740	17.60258102
39741	3.22260642
39742	2.05366015
39743	1.62110269
39744	1.39604270
39745	1.25821960
39746	1.16525364
39747	1.09837961
39748	1.04801416
39749	1.00875092
39750	0.97730738
39751	0.95157677
39752	0.93014342
39753	0.91202199
39754	0.89650494
39755	0.88307124
39756	0.87132877
39757	0.86097664
39758	0.85178000
39759	0.84355342
39760	0.83614790
39761	0.82944316
39762	0.82333976
39763	0.81775612
39764	0.81262374
39765	0.80788541
39766	0.80349243
39767	0.79940319
39768	0.79558218
39769	0.79199857
39770	0.78862566
39771	0.78544027
39772	0.78242183
39773	0.77955234
39774	0.77681607
39775	0.77419907
39776	0.77168846
39777	0.76927310
39778	0.76694298
39779	0.76468891
39780	0.76250285
39781	0.76037741
39782	0.75830573
39783	0.75628173
39784	0.75429976
39785	0.75235480
39786	0.75044203
39787	0.74855721
39788	0.74669629
39789	0.74485564
39790	0.74303192
39791	0.74122190
39792	0.73942274
39793	0.73763174
39794	0.73584640
39795	0.73406440
39796	0.73228365
39797	0.73050213
39798	0.72871780
39799	0.72692919
39800	0.72513455
39801	0.72333252
39802	0.72152150
39803	0.71970040
39804	0.71786797
39805	0.71602315
39806	0.71416491
39807	0.71229231
39808	0.71040457
39809	0.70850092
39810	0.70658070
39811	0.70464319
39812	0.70268786
39813	0.70071429
39814	0.69872189
39815	0.69671047
39816	0.69467944
39817	0.69262874
39818	0.69055802
39819	0.68846709
39820	0.68635571
39821	0.68422395
39822	0.68207163
39823	0.67989868
39824	0.67770511
39825	0.67549092
39826	0.67325622
39827	0.67100102
39828	0.66872549
39829	0.66642970
39830	0.66411394
39831	0.66177839
39832	0.65942311
39833	0.65704864
39834	0.65465516
39835	0.65224290
39836	0.64981228
39837	0.64736378
39838	0.64489776
39839	0.64241469
39840	0.63991493
39841	0.63739920
39842	0.63486779
39843	0.63232148
39844	0.62976080
39845	0.62718624
39846	0.62459862
39847	0.62199849
39848	0.61938649
39849	0.61676341
39850	0.61412990
39851	0.61148661
39852	0.60883433
39853	0.60617369
39854	0.60350543
39855	0.60083032
39856	0.59814888
39857	0.59546196
39858	0.59277016
39859	0.59007418
39860	0.58737463
39861	0.58467215
39862	0.58196723
39863	0.57926059
39864	0.57655269
39865	0.57384413
39866	0.57113528
39867	0.56842673
39868	0.56571889
39869	0.56301212
39870	0.56030691
39871	0.55760354
39872	0.55490232
39873	0.55220366
39874	0.54950780
39875	0.54681498
39876	0.54412538
39877	0.54143924
39878	0.53875679
39879	0.53607821
39880	0.53340358
39881	0.53073311
39882	0.52806681
39883	0.52540493
39884	0.52274740
39885	0.52009439
39886	0.51744598
39887	0.51480216
39888	0.51216304
39889	0.50952876
39890	0.50689918
39891	0.50427443
39892	0.50165451
39893	0.49903950
39894	0.49642938
39895	0.49382424
39896	0.49122405
39897	0.48862892
39898	0.48603877
39899	0.48345372
39900	0.48087367
39901	0.47829875
39902	0.47572893
39903	0.47316423
39904	0.47060466
39905	0.46805021
39906	0.46550095
39907	0.46295682
39908	0.46041784
39909	0.45788398
39910	0.45535523
39911	0.45283160
39912	0.45031306
39913	0.44779959
39914	0.44529113
39915	0.44278768
39916	0.44028917
39917	0.43779552
39918	0.43530679
39919	0.43282282
39920	0.43034360
39921	0.42786908
39922	0.42539918
39923	0.42293385
39924	0.42047301
39925	0.41801649
39926	0.41556445
39927	0.41311663
39928	0.41067302
39929	0.40823358
39930	0.40579817
39931	0.40336680
39932	0.40093929
39933	0.39851558
39934	0.39609566
39935	0.39367926
39936	0.39126647
39937	0.38885713
39938	0.38645107
39939	0.38404813
39940	0.38164824
39941	0.37925109
39942	0.37685665
39943	0.37446460
39944	0.37207475
39945	0.36968681
39946	0.36730048
39947	0.36491531
39948	0.36253110
39949	0.36014721
39950	0.35776326
39951	0.35537866
39952	0.35299277
39953	0.35060489
39954	0.34821424
39955	0.34581992
39956	0.34342104
39957	0.34101650
39958	0.33860511
39959	0.33618554
39960	0.33375633
39961	0.33131590
39962	0.32886255
39963	0.32639423
39964	0.32390881
39965	0.32140392
39966	0.31887695
39967	0.31632495
39968	0.31374475
39969	0.31113282
39970	0.30848524
39971	0.30579764
39972	0.30306530
39973	0.30028269
39974	0.29744399
39975	0.29454249
39976	0.29157072
39977	0.28852051
39978	0.28538236
39979	0.28214571
39980	0.27879882
39981	0.27532816
39982	0.27171856
39983	0.26795250
39984	0.26401004
39985	0.25986868
39986	0.25550196
39987	0.25087944
39988	0.24596585
39989	0.24071980
39990	0.23509268
39991	0.22902721
39992	0.22245446
39993	0.21529296
39994	0.20744303
39995	0.19878325
39996	0.18916427
39997	0.17840020
39998	0.16625512
39999	0.15242802
40000	0.13652579
40001	0.11802930
40002	0.09623305
40003	0.07015799
40004	0.03840328
40005	-0.00110991
40006	-0.05160090
40007	-0.11833960
40008	-0.21059164
40009	-0.34627864
40010	-0.56518739
40011	-0.97695410
40012	-2.03410888
40013	-10.68335247
40014	NaN
40015	NaN
40016	NaN
40017	NaN
40018	NaN
40019	NaN
40020	NaN
40021	NaN
40022	NaN
40023	NaN
40024	NaN
40025	NaN
40026	NaN
40027	NaN
40028	NaN
40029	NaN
40030	NaN
40031	NaN
40032	NaN
40033	NaN
40034	NaN
40035	NaN
40036	NaN
40037	NaN
40038	NaN
40039	NaN
40040	NaN
40041	NaN
40042	NaN
40043	NaN
40044	NaN
40045	NaN
40046	NaN
40047	NaN
40048	NaN
40049	NaN
40050	NaN
40051	NaN
40052	NaN
40053	NaN
40054	NaN
40055	NaN
40056	NaN
40057	NaN
40058	NaN
40059	NaN
40060	NaN
40061	NaN
40062	NaN
40063	NaN
40064	NaN
40065	NaN
40066	NaN
40067	NaN
40068	NaN
40069	NaN
40070	NaN
40071	NaN
40072	NaN
40073	NaN
40074	NaN
40075	9.44890499
40076	3.04104948
40077	2.03050089
40078	1.61940539
40079	1.39667487
40080	1.25715709
40081	1.16167581
40082	1.09230697
40083	1.03968561
40084	0.99844199
40085	0.96527767
40086	0.93805206
40087	0.91531783
40088	0.89605951
40089	0.87954485
40090	0.86523169
40091	0.85271007
40092	0.84166461
40093	0.83184844
40094	0.82306594
40095	0.81515968
40096	0.80800128
40097	0.80148596
40098	0.79552644
40099	0.79004997
40100	0.78499532
40101	0.78031027
40102	0.77595043
40103	0.77187771
40104	0.76805902
40105	0.76446593
40106	0.76107329
40107	0.75785899
40108	0.75480413
40109	0.75189161
40110	0.74910617
40111	0.74643433
40112	0.74386430
40113	0.74138498
40114	0.73898709
40115	0.73666167
40116	0.73440093
40117	0.73219770
40118	0.73004562
40119	0.72793871
40120	0.72587162
40121	0.72383946
40122	0.72183782
40123	0.71986252
40124	0.71790987
40125	0.71597654
40126	0.71405905
40127	0.71215475
40128	0.71026093
40129	0.70837516
40130	0.70649511
40131	0.70461875
40132	0.70274419
40133	0.70086974
40134	0.69899368
40135	0.69711465
40136	0.69523120
40137	0.69334221
40138	0.69144642
40139	0.68954307
40140	0.68763095
40141	0.68570942
40142	0.68377763
40143	0.68183494
40144	0.67988074
40145	0.67791450
40146	0.67593563
40147	0.67394382
40148	0.67193878
40149	0.66992003
40150	0.66788739
40151	0.66584051
40152	0.66377926
40153	0.66170347
40154	0.65961295
40155	0.65750760
40156	0.65538740
40157	0.65325218
40158	0.65110195
40159	0.64893669
40160	0.64675641
40161	0.64456111
40162	0.64235079
40163	0.64012557
40164	0.63788557
40165	0.63563079
40166	0.63336146
40167	0.63107765
40168	0.62877959
40169	0.62646741
40170	0.62414140
40171	0.62180167
40172	0.61944860
40173	0.61708242
40174	0.61470342
40175	0.61231190
40176	0.60990828
40177	0.60749280
40178	0.60506600
40179	0.60262805
40180	0.60017949
40181	0.59772074
40182	0.59525228
40183	0.59277439
40184	0.59028763
40185	0.58779234
40186	0.58528906
40187	0.58277828
40188	0.58026040
40189	0.57773584
40190	0.57520509
40191	0.57266861
40192	0.57012665
40193	0.56757987
40194	0.56502861
40195	0.56247318
40196	0.55991405
40197	0.55735153
40198	0.55478609
40199	0.55221790
40200	0.54964733
40201	0.54707479
40202	0.54450053
40203	0.54192477
40204	0.53934783
40205	0.53676999
40206	0.53419143
40207	0.53161234
40208	0.52903295
40209	0.52645350
40210	0.52387422
40211	0.52129513
40212	0.51871645
40213	0.51613837
40214	0.51356107
40215	0.51098454
40216	0.50840908
40217	0.50583476
40218	0.50326169
40219	0.50068992
40220	0.49811968
40221	0.49555102
40222	0.49298406
40223	0.49041894
40224	0.48785573
40225	0.48529455
40226	0.48273548
40227	0.48017865
40228	0.47762421
40229	0.47507223
40230	0.47252277
40231	0.46997598
40232	0.46743202
40233	0.46489090
40234	0.46235281
40235	0.45981774
40236	0.45728591
40237	0.45475730
40238	0.45223209
40239	0.44971040
40240	0.44719222
40241	0.44467771
40242	0.44216695
40243	0.43965998
40244	0.43715695
40245	0.43465781
40246	0.43216270
40247	0.42967170
40248	0.42718485
40249	0.42470217
40250	0.42222372
40251	0.41974959
40252	0.41727975
40253	0.41481429
40254	0.41235322
40255	0.40989649
40256	0.40744421
40257	0.40499637
40258	0.40255293
40259	0.40011388
40260	0.39767927
40261	0.39524898
40262	0.39282307
40263	0.39040142
40264	0.38798401
40265	0.38557079
40266	0.38316163
40267	0.38075644
40268	0.37835512
40269	0.37595743
40270	0.37356326
40271	0.37117246
40272	0.36878473
40273	0.36639977
40274	0.36401734
40275	0.36163703
40276	0.35925853
40277	0.35688138
40278	0.35450497
40279	0.35212880
40280	0.34975228
40281	0.34737465
40282	0.34499511
40283	0.34261271
40284	0.34022659
40285	0.33783555
40286	0.33543849
40287	0.33303395
40288	0.33062050
40289	0.32819647
40290	0.32576001
40291	0.32330906
40292	0.32084167
40293	0.31835505
40294	0.31584668
40295	0.31331351
40296	0.31075230
40297	0.30815935
40298	0.30553058
40299	0.30286142
40300	0.30014718
40301	0.29738218
40302	0.29456037
40303	0.29167497
40304	0.28871840
40305	0.28568208
40306	0.28255671
40307	0.27933145
40308	0.27599457
40309	0.27253252
40310	0.26892990
40311	0.26516974
40312	0.26123217
40313	0.25709486
40314	0.25273186
40315	0.24811347
40316	0.24320565
40317	0.23796843
40318	0.23235491
40319	0.22631058
40320	0.21977037
40321	0.21265699
40322	0.20487748
40323	0.19631933
40324	0.18684554
40325	0.17628622
40326	0.16442892
40327	0.15100589
40328	0.13567212
40329	0.11797712
40330	0.09732099
40331	0.07288714
40332	0.04353441
40333	0.00761960
40334	-0.03731788
40335	-0.09512847
40336	-0.17220253
40337	-0.27997866
40338	-0.44115272
40339	-0.70804739
40340	-1.23435998
40341	-2.75155759
40342	NaN
40343	NaN
40344	NaN
40345	NaN
40346	NaN
40347	NaN
40348	NaN
40349	NaN
40350	NaN
40351	NaN
40352	NaN
40353	NaN
40354	NaN
40355	NaN
40356	NaN
40357	NaN
40358	NaN
40359	NaN
40360	NaN
40361	NaN
40362	NaN
40363	NaN
40364	NaN
40365	NaN
40366	NaN
40367	NaN
40368	NaN
40369	NaN
40370	NaN
40371	NaN
40372	NaN
40373	NaN
40374	NaN
40375	NaN
40376	NaN
40377	NaN
40378	NaN
40379	NaN
40380	NaN
40381	NaN
40382	NaN
40383	NaN
40384	NaN
40385	NaN
40386	NaN
40387	NaN
40388	NaN
40389	NaN
40390	NaN
40391	NaN
40392	NaN
40393	NaN
40394	NaN
40395	NaN
40396	NaN
40397	NaN
40398	4.32622766
40399	2.36541510
40400	1.76985097
40401	1.48228359
40402	1.31313419
40403	1.20191455
40404	1.12333441
40405	1.06494915
40406	1.01992464
40407	0.98419362
40408	0.95518547
40409	0.93119466
40410	0.91104549
40411	0.89390063
40412	0.87914807
40413	0.86633027
40414	0.85509723
40415	0.84517765
40416	0.83635730
40417	0.82846540
40418	0.82136345
40419	0.81493837
40420	0.80909687
40421	0.80376101
40422	0.79886556
40423	0.79435539
40424	0.79018331
40425	0.78630900
40426	0.78269762
40427	0.77931917
40428	0.77614719
40429	0.77315891
40430	0.77033406
40431	0.76765472
40432	0.76510513
40433	0.76267117
40434	0.76034051
40435	0.75810164
40436	0.75594461
40437	0.75386029
40438	0.75184047
40439	0.74987769
40440	0.74796516
40441	0.74609673
40442	0.74426681
40443	0.74247026
40444	0.74070239
40445	0.73895884
40446	0.73723567
40447	0.73552918
40448	0.73383617
40449	0.73215342
40450	0.73047799
40451	0.72880721
40452	0.72713876
40453	0.72547030
40454	0.72379965
40455	0.72212499
40456	0.72044426
40457	0.71875596
40458	0.71705848
40459	0.71535033
40460	0.71363008
40461	0.71189660
40462	0.71014875
40463	0.70838541
40464	0.70660555
40465	0.70480841
40466	0.70299304
40467	0.70115864
40468	0.69930470
40469	0.69743037
40470	0.69553518
40471	0.69361866
40472	0.69168025
40473	0.68971962
40474	0.68773627
40475	0.68572998
40476	0.68370044
40477	0.68164748
40478	0.67957085
40479	0.67747033
40480	0.67534596
40481	0.67319757
40482	0.67102522
40483	0.66882879
40484	0.66660845
40485	0.66436422
40486	0.66209626
40487	0.65980476
40488	0.65748990
40489	0.65515190
40490	0.65279114
40491	0.65040779
40492	0.64800239
40493	0.64557523
40494	0.64312679
40495	0.64065748
40496	0.63816792
40497	0.63565856
40498	0.63313007
40499	0.63058305
40500	0.62801802
40501	0.62543583
40502	0.62283701
40503	0.62022221
40504	0.61759239
40505	0.61494797
40506	0.61228997
40507	0.60961902
40508	0.60693592
40509	0.60424137
40510	0.60153610
40511	0.59882098
40512	0.59609669
40513	0.59336394
40514	0.59062350
40515	0.58787608
40516	0.58512235
40517	0.58236301
40518	0.57959878
40519	0.57683021
40520	0.57405800
40521	0.57128268
40522	0.56850493
40523	0.56572527
40524	0.56294423
40525	0.56016225
40526	0.55737996
40527	0.55459785
40528	0.55181628
40529	0.54903573
40530	0.54625660
40531	0.54347926
40532	0.54070407
40533	0.53793144
40534	0.53516161
40535	0.53239501
40536	0.52963185
40537	0.52687246
40538	0.52411705
40539	0.52136594
40540	0.51861924
40541	0.51587731
40542	0.51314038
40543	0.51040852
40544	0.50768197
40545	0.50496089
40546	0.50224549
40547	0.49953598
40548	0.49683243
40549	0.49413496
40550	0.49144375
40551	0.48875898
40552	0.48608068
40553	0.48340902
40554	0.48074406
40555	0.47808596
40556	0.47543475
40557	0.47279051
40558	0.47015330
40559	0.46752325
40560	0.46490034
40561	0.46228465
40562	0.45967624
40563	0.45707509
40564	0.45448124
40565	0.45189473
40566	0.44931552
40567	0.44674367
40568	0.44417912
40569	0.44162187
40570	0.43907192
40571	0.43652931
40572	0.43399394
40573	0.43146574
40574	0.42894477
40575	0.42643097
40576	0.42392433
40577	0.42142475
40578	0.41893226
40579	0.41644672
40580	0.41396815
40581	0.41149658
40582	0.40903181
40583	0.40657383
40584	0.40412268
40585	0.40167817
40586	0.39924037
40587	0.39680913
40588	0.39438438
40589	0.39196604
40590	0.38955405
40591	0.38714832
40592	0.38474867
40593	0.38235500
40594	0.37996724
40595	0.37758517
40596	0.37520862
40597	0.37283739
40598	0.37047121
40599	0.36810994
40600	0.36575320
40601	0.36340070
40602	0.36105204
40603	0.35870683
40604	0.35636461
40605	0.35402489
40606	0.35168704
40607	0.34935051
40608	0.34701449
40609	0.34467822
40610	0.34234089
40611	0.34000152
40612	0.33765891
40613	0.33531195
40614	0.33295929
40615	0.33059955
40616	0.32823104
40617	0.32585195
40618	0.32346040
40619	0.32105419
40620	0.31863093
40621	0.31618786
40622	0.31372213
40623	0.31123048
40624	0.30870923
40625	0.30615443
40626	0.30356178
40627	0.30092612
40628	0.29824194
40629	0.29550323
40630	0.29270303
40631	0.28983361
40632	0.28688636
40633	0.28385141
40634	0.28071800
40635	0.27747351
40636	0.27410397
40637	0.27059317
40638	0.26692286
40639	0.26307222
40640	0.25901711
40641	0.25472942
40642	0.25017723
40643	0.24532291
40644	0.24012253
40645	0.23452429
40646	0.22846691
40647	0.22187747
40648	0.21466796
40649	0.20673198
40650	0.19793969
40651	0.18813014
40652	0.17710267
40653	0.16460353
40654	0.15030628
40655	0.13378552
40656	0.11447492
40657	0.09160351
40658	0.06409762
40659	0.03040993
40660	-0.01176894
40661	-0.06604644
40662	-0.13839185
40663	-0.23944227
40664	-0.39018402
40665	-0.63857919
40666	-1.12342417
40667	-2.48290777
40668	NaN
40669	NaN
40670	NaN
40671	NaN
40672	NaN
40673	NaN
40674	NaN
40675	NaN
40676	NaN
40677	NaN
40678	NaN
40679	NaN
40680	NaN
40681	NaN
40682	NaN
40683	NaN
40684	NaN
40685	NaN
40686	NaN
40687	NaN
40688	NaN
40689	NaN
40690	NaN
40691	NaN
40692	NaN
40693	NaN
40694	NaN
40695	NaN
40696	NaN
40697	NaN
40698	NaN
40699	NaN
40700	NaN
40701	NaN
40702	NaN
40703	NaN
40704	NaN
40705	NaN
40706	NaN
40707	NaN
40708	NaN
40709	NaN
40710	NaN
40711	NaN
40712	NaN
40713	NaN
40714	NaN
40715	NaN
40716	NaN
40717	NaN
40718	NaN
40719	NaN
40720	NaN
40721	NaN
40722	NaN
40723	NaN
40724	NaN
40725	NaN
40726	NaN
40727	NaN
40728	5.67815351
40729	2.58789635
40730	1.85809982
40731	1.53215814
40732	1.34776914
40733	1.22934198
40734	1.14696801
40735	1.08643711
40736	1.04013479
40737	1.00361240
40738	0.97409737
40739	0.94977057
40740	0.92938989
40741	0.91207796
40742	0.89719748
40743	0.88427436
40744	0.87294871
40745	0.86294216
40746	0.85403597
40747	0.84605646
40748	0.83886331
40749	0.83234233
40750	0.82639921
40751	0.82095611
40752	0.81594747
40753	0.81131834
40754	0.80702156
40755	0.80301708
40756	0.79927039
40757	0.79575169
40758	0.79243499
40759	0.78929752
40760	0.78631955
40761	0.78348333
40762	0.78077358
40763	0.77817637
40764	0.77567923
40765	0.77327132
40766	0.77094275
40767	0.76868451
40768	0.76648867
40769	0.76434785
40770	0.76225543
40771	0.76020545
40772	0.75819248
40773	0.75621146
40774	0.75425792
40775	0.75232744
40776	0.75041634
40777	0.74852109
40778	0.74663848
40779	0.74476534
40780	0.74289906
40781	0.74103713
40782	0.73917723
40783	0.73731720
40784	0.73545498
40785	0.73358905
40786	0.73171747
40787	0.72983891
40788	0.72795194
40789	0.72605538
40790	0.72414804
40791	0.72222894
40792	0.72029716
40793	0.71835190
40794	0.71639234
40795	0.71441799
40796	0.71242815
40797	0.71042246
40798	0.70840049
40799	0.70636189
40800	0.70430624
40801	0.70223343
40802	0.70014340
40803	0.69803584
40804	0.69591075
40805	0.69376808
40806	0.69160783
40807	0.68943006
40808	0.68723464
40809	0.68502194
40810	0.68279183
40811	0.68054461
40812	0.67828035
40813	0.67599928
40814	0.67370152
40815	0.67138743
40816	0.66905713
40817	0.66671085
40818	0.66434890
40819	0.66197157
40820	0.65957928
40821	0.65717214
40822	0.65475070
40823	0.65231508
40824	0.64986593
40825	0.64740342
40826	0.64492804
40827	0.64244032
40828	0.63994056
40829	0.63742936
40830	0.63490707
40831	0.63237429
40832	0.62983149
40833	0.62727916
40834	0.62471789
40835	0.62214822
40836	0.61957067
40837	0.61698592
40838	0.61439437
40839	0.61179662
40840	0.60919327
40841	0.60658485
40842	0.60397196
40843	0.60135508
40844	0.59873474
40845	0.59611160
40846	0.59348601
40847	0.59085864
40848	0.58822984
40849	0.58560014
40850	0.58296996
40851	0.58033979
40852	0.57771003
40853	0.57508117
40854	0.57245338
40855	0.56982720
40856	0.56720287
40857	0.56458080
40858	0.56196117
40859	0.55934435
40860	0.55673057
40861	0.55412012
40862	0.55151325
40863	0.54891002
40864	0.54631078
40865	0.54371554
40866	0.54112464
40867	0.53853810
40868	0.53595603
40869	0.53337872
40870	0.53080612
40871	0.52823842
40872	0.52567565
40873	0.52311790
40874	0.52056533
40875	0.51801789
40876	0.51547569
40877	0.51293874
40878	0.51040715
40879	0.50788099
40880	0.50536019
40881	0.50284493
40882	0.50033510
40883	0.49783084
40884	0.49533206
40885	0.49283898
40886	0.49035147
40887	0.48786962
40888	0.48539338
40889	0.48292282
40890	0.48045793
40891	0.47799873
40892	0.47554523
40893	0.47309741
40894	0.47065529
40895	0.46821889
40896	0.46578816
40897	0.46336308
40898	0.46094367
40899	0.45852983
40900	0.45612165
40901	0.45371908
40902	0.45132199
40903	0.44893044
40904	0.44654438
40905	0.44416374
40906	0.44178846
40907	0.43941852
40908	0.43705386
40909	0.43469450
40910	0.43234029
40911	0.42999122
40912	0.42764717
40913	0.42530814
40914	0.42297402
40915	0.42064476
40916	0.41832021
40917	0.41600043
40918	0.41368520
40919	0.41137445
40920	0.40906814
40921	0.40676603
40922	0.40446806
40923	0.40217406
40924	0.39988384
40925	0.39759722
40926	0.39531401
40927	0.39303389
40928	0.39075673
40929	0.38848209
40930	0.38620970
40931	0.38393915
40932	0.38166997
40933	0.37940180
40934	0.37713403
40935	0.37486604
40936	0.37259722
40937	0.37032679
40938	0.36805391
40939	0.36577773
40940	0.36349714
40941	0.36121112
40942	0.35891837
40943	0.35661757
40944	0.35430717
40945	0.35198551
40946	0.34965077
40947	0.34730095
40948	0.34493378
40949	0.34254685
40950	0.34013745
40951	0.33770248
40952	0.33523872
40953	0.33274233
40954	0.33020952
40955	0.32763565
40956	0.32501569
40957	0.32234415
40958	0.31961489
40959	0.31682098
40960	0.31395483
40961	0.31100759
40962	0.30796987
40963	0.30483070
40964	0.30157778
40965	0.29819724
40966	0.29467344
40967	0.29098842
40968	0.28712177
40969	0.28305000
40970	0.27874640
40971	0.27417934
40972	0.26931271
40973	0.26410425
40974	0.25850421
40975	0.25245342
40976	0.24588194
40977	0.23870547
40978	0.23082238
40979	0.22210857
40980	0.21241051
40981	0.20153788
40982	0.18924908
40983	0.17523524
40984	0.15909396
40985	0.14029081
40986	0.11810242
40987	0.09152174
40988	0.05910544
40989	0.01871097
40990	-0.03298890
40991	-0.10145397
40992	-0.19631259
40993	-0.33628127
40994	-0.56318766
40995	-0.99362350
40996	-2.12085772
40997	-12.72459984
40998	NaN
40999	NaN
41000	NaN
41001	NaN
41002	NaN
41003	NaN
41004	NaN
41005	NaN
41006	NaN
41007	NaN
41008	NaN
41009	NaN
41010	NaN
41011	NaN
41012	NaN
41013	NaN
41014	NaN
41015	NaN
41016	NaN
41017	NaN
41018	NaN
41019	NaN
41020	NaN
41021	NaN
41022	NaN
41023	NaN
41024	NaN
41025	NaN
41026	NaN
41027	NaN
41028	NaN
41029	NaN
41030	NaN
41031	NaN
41032	NaN
41033	NaN
41034	NaN
41035	NaN
41036	NaN
41037	NaN
41038	NaN
41039	NaN
41040	NaN
41041	NaN
41042	NaN
41043	NaN
41044	NaN
41045	NaN
41046	NaN
41047	NaN
41048	NaN
41049	NaN
41050	NaN
41051	NaN
41052	NaN
41053	NaN
41054	NaN
41055	NaN
41056	NaN
41057	5.79459620
41058	2.70761418
41059	1.94061375
41060	1.59295630
41061	1.39477146
41062	1.26685059
41063	1.17754161
41064	1.11171520
41065	1.06123114
41066	1.02131677
41067	0.98899049
41068	0.96229351
41069	0.93988508
41070	0.92081732
41071	0.90440118
41072	0.89012331
41073	0.87759304
41074	0.86650854
41075	0.85663283
41076	0.84777659
41077	0.83978772
41078	0.83254182
41079	0.82593632
41080	0.81988621
41081	0.81432021
41082	0.80917799
41083	0.80440843
41084	0.79996747
41085	0.79581767
41086	0.79192621
41087	0.78826463
41088	0.78480822
41089	0.78153503
41090	0.77842575
41091	0.77546322
41092	0.77263254
41093	0.76991987
41094	0.76731324
41095	0.76480156
41096	0.76237530
41097	0.76002532
41098	0.75774384
41099	0.75552315
41100	0.75335681
41101	0.75123870
41102	0.74916333
41103	0.74712545
41104	0.74512041
41105	0.74314392
41106	0.74119192
41107	0.73926091
41108	0.73734725
41109	0.73544794
41110	0.73356003
41111	0.73168087
41112	0.72980809
41113	0.72793901
41114	0.72607183
41115	0.72420442
41116	0.72233492
41117	0.72046161
41118	0.71858305
41119	0.71669757
41120	0.71480393
41121	0.71290094
41122	0.71098739
41123	0.70906240
41124	0.70712477
41125	0.70517385
41126	0.70320874
41127	0.70122886
41128	0.69923353
41129	0.69722217
41130	0.69519430
41131	0.69314951
41132	0.69108737
41133	0.68900758
41134	0.68690991
41135	0.68479419
41136	0.68266016
41137	0.68050778
41138	0.67833674
41139	0.67614728
41140	0.67393923
41141	0.67171264
41142	0.66946763
41143	0.66720420
41144	0.66492254
41145	0.66262281
41146	0.66030520
41147	0.65796989
41148	0.65561724
41149	0.65324742
41150	0.65086079
41151	0.64845759
41152	0.64603829
41153	0.64360321
41154	0.64115286
41155	0.63868767
41156	0.63620800
41157	0.63371444
41158	0.63120753
41159	0.62868768
41160	0.62615556
41161	0.62361169
41162	0.62105662
41163	0.61849087
41164	0.61591524
41165	0.61333025
41166	0.61073643
41167	0.60813433
41168	0.60552484
41169	0.60290831
41170	0.60028547
41171	0.59765685
41172	0.59502304
41173	0.59238458
41174	0.58974206
41175	0.58709598
41176	0.58444697
41177	0.58179533
41178	0.57914168
41179	0.57648647
41180	0.57383007
41181	0.57117289
41182	0.56851542
41183	0.56585789
41184	0.56320077
41185	0.56054437
41186	0.55788893
41187	0.55523479
41188	0.55258214
41189	0.54993129
41190	0.54728240
41191	0.54463577
41192	0.54199147
41193	0.53934979
41194	0.53671080
41195	0.53407466
41196	0.53144157
41197	0.52881151
41198	0.52618474
41199	0.52356130
41200	0.52094126
41201	0.51832467
41202	0.51571167
41203	0.51310229
41204	0.51049662
41205	0.50789475
41206	0.50529671
41207	0.50270241
41208	0.50011218
41209	0.49752584
41210	0.49494359
41211	0.49236536
41212	0.48979121
41213	0.48722124
41214	0.48465541
41215	0.48209384
41216	0.47953644
41217	0.47698334
41218	0.47443452
41219	0.47189000
41220	0.46934977
41221	0.46681389
41222	0.46428236
41223	0.46175519
41224	0.45923227
41225	0.45671380
41226	0.45419961
41227	0.45168966
41228	0.44918409
41229	0.44668278
41230	0.44418567
41231	0.44169286
41232	0.43920419
41233	0.43671972
41234	0.43423933
41235	0.43176305
41236	0.42929080
41237	0.42682260
41238	0.42435834
41239	0.42189798
41240	0.41944149
41241	0.41698879
41242	0.41453984
41243	0.41209456
41244	0.40965295
41245	0.40721491
41246	0.40478036
41247	0.40234920
41248	0.39992136
41249	0.39749679
41250	0.39507529
41251	0.39265680
41252	0.39024118
41253	0.38782823
41254	0.38541782
41255	0.38300970
41256	0.38060367
41257	0.37819946
41258	0.37579682
41259	0.37339535
41260	0.37099466
41261	0.36859435
41262	0.36619389
41263	0.36379269
41264	0.36139026
41265	0.35898587
41266	0.35657865
41267	0.35416779
41268	0.35175225
41269	0.34933111
41270	0.34690300
41271	0.34446660
41272	0.34202039
41273	0.33956286
41274	0.33709204
41275	0.33460596
41276	0.33210227
41277	0.32957855
41278	0.32703212
41279	0.32445979
41280	0.32185832
41281	0.31922385
41282	0.31655225
41283	0.31383902
41284	0.31107894
41285	0.30826640
41286	0.30539507
41287	0.30245781
41288	0.29944694
41289	0.29635361
41290	0.29316777
41291	0.28987846
41292	0.28647298
41293	0.28293735
41294	0.27925542
41295	0.27540872
41296	0.27137661
41297	0.26713502
41298	0.26265654
41299	0.25790915
41300	0.25285587
41301	0.24745369
41302	0.24165200
41303	0.23539081
41304	0.22859938
41305	0.22119252
41306	0.21306717
41307	0.20409876
41308	0.19413312
41309	0.18297897
41310	0.17039540
41311	0.15607439
41312	0.13961802
41313	0.12049925
41314	0.09800784
41315	0.07116368
41316	0.03857262
41317	-0.00181470
41318	-0.05314266
41319	-0.12049267
41320	-0.21263950
41321	-0.34617177
41322	-0.55666763
41323	-0.93673921
41324	-1.82690132
41325	-6.32206583
41326	NaN
41327	NaN
41328	NaN
41329	NaN
41330	NaN
41331	NaN
41332	NaN
41333	NaN
41334	NaN
41335	NaN
41336	NaN
41337	NaN
41338	NaN
41339	NaN
41340	NaN
41341	NaN
41342	NaN
41343	NaN
41344	NaN
41345	NaN
41346	NaN
41347	NaN
41348	NaN
41349	NaN
41350	NaN
41351	NaN
41352	NaN
41353	NaN
41354	NaN
41355	NaN
41356	NaN
41357	NaN
41358	NaN
41359	NaN
41360	NaN
41361	NaN
41362	NaN
41363	NaN
41364	NaN
41365	NaN
41366	NaN
41367	NaN
41368	NaN
41369	NaN
41370	NaN
41371	NaN
41372	NaN
41373	NaN
41374	NaN
41375	NaN
41376	NaN
41377	NaN
41378	NaN
41379	NaN
41380	NaN
41381	NaN
41382	NaN
41383	NaN
41384	NaN
41385	5.89597988
41386	2.68624020
41387	1.92501390
41388	1.58473778
41389	1.39222276
41390	1.26861811
41391	1.18269479
41392	1.11961257
41393	1.07141209
41394	1.03344357
41395	1.00280786
41396	0.97760326
41397	0.95653033
41398	0.93867093
41399	0.92335844
41400	0.91009635
41401	0.89850801
41402	0.88830197
41403	0.87924927
41404	0.87116784
41405	0.86391068
41406	0.85735846
41407	0.85141200
41408	0.84598982
41409	0.84102327
41410	0.83645445
41411	0.83223438
41412	0.82832086
41413	0.82467771
41414	0.82127357
41415	0.81808144
41416	0.81507730
41417	0.81224036
41418	0.80955219
41419	0.80699652
41420	0.80455887
41421	0.80222636
41422	0.79998755
41423	0.79783189
41424	0.79575026
41425	0.79373401
41426	0.79177588
41427	0.78986847
41428	0.78800601
41429	0.78618234
41430	0.78439254
41431	0.78263158
41432	0.78089535
41433	0.77917969
41434	0.77748084
41435	0.77579552
41436	0.77412057
41437	0.77245313
41438	0.77079052
41439	0.76913029
41440	0.76747042
41441	0.76580870
41442	0.76414317
41443	0.76247221
41444	0.76079422
41445	0.75910783
41446	0.75741178
41447	0.75570464
41448	0.75398552
41449	0.75225341
41450	0.75050747
41451	0.74874711
41452	0.74697131
41453	0.74517977
41454	0.74337173
41455	0.74154693
41456	0.73970509
41457	0.73784560
41458	0.73596841
41459	0.73407328
41460	0.73216003
41461	0.73022848
41462	0.72827870
41463	0.72631049
41464	0.72432387
41465	0.72231889
41466	0.72029555
41467	0.71825385
41468	0.71619391
41469	0.71411580
41470	0.71201950
41471	0.70990527
41472	0.70777309
41473	0.70562315
41474	0.70345557
41475	0.70127040
41476	0.69906783
41477	0.69684803
41478	0.69461119
41479	0.69235742
41480	0.69008696
41481	0.68779993
41482	0.68549663
41483	0.68317723
41484	0.68084210
41485	0.67849135
41486	0.67612529
41487	0.67374432
41488	0.67134869
41489	0.66893864
41490	0.66651469
41491	0.66407722
41492	0.66162640
41493	0.65916282
41494	0.65668672
41495	0.65419865
41496	0.65169895
41497	0.64918798
41498	0.64666635
41499	0.64413434
41500	0.64159250
41501	0.63904119
41502	0.63648087
41503	0.63391203
41504	0.63133496
41505	0.62875032
41506	0.62615824
41507	0.62355930
41508	0.62095386
41509	0.61834240
41510	0.61572516
41511	0.61310267
41512	0.61047524
41513	0.60784322
41514	0.60520697
41515	0.60256684
41516	0.59992325
41517	0.59727639
41518	0.59462672
41519	0.59197444
41520	0.58931994
41521	0.58666348
41522	0.58400542
41523	0.58134604
41524	0.57868558
41525	0.57602429
41526	0.57336259
41527	0.57070065
41528	0.56803870
41529	0.56537712
41530	0.56271607
41531	0.56005579
41532	0.55739665
41533	0.55473882
41534	0.55208254
41535	0.54942799
41536	0.54677552
41537	0.54412526
41538	0.54147744
41539	0.53883237
41540	0.53619015
41541	0.53355104
41542	0.53091526
41543	0.52828300
41544	0.52565444
41545	0.52302974
41546	0.52040911
41547	0.51779270
41548	0.51518077
41549	0.51257336
41550	0.50997072
41551	0.50737298
41552	0.50478029
41553	0.50219280
41554	0.49961057
41555	0.49703386
41556	0.49446276
41557	0.49189737
41558	0.48933783
41559	0.48678425
41560	0.48423672
41561	0.48169538
41562	0.47916037
41563	0.47663179
41564	0.47410971
41565	0.47159427
41566	0.46908557
41567	0.46658370
41568	0.46408880
41569	0.46160096
41570	0.45912033
41571	0.45664692
41572	0.45418093
41573	0.45172235
41574	0.44927135
41575	0.44682801
41576	0.44439241
41577	0.44196457
41578	0.43954462
41579	0.43713260
41580	0.43472847
41581	0.43233228
41582	0.42994407
41583	0.42756376
41584	0.42519131
41585	0.42282659
41586	0.42046946
41587	0.41811988
41588	0.41577753
41589	0.41344222
41590	0.41111362
41591	0.40879142
41592	0.40647510
41593	0.40416431
41594	0.40185833
41595	0.39955670
41596	0.39725864
41597	0.39496329
41598	0.39266989
41599	0.39037737
41600	0.38808462
41601	0.38579041
41602	0.38349333
41603	0.38119203
41604	0.37888467
41605	0.37656963
41606	0.37424478
41607	0.37190804
41608	0.36955702
41609	0.36718908
41610	0.36480117
41611	0.36239034
41612	0.35995305
41613	0.35748547
41614	0.35498336
41615	0.35244212
41616	0.34985662
41617	0.34722120
41618	0.34452960
41619	0.34177488
41620	0.33894932
41621	0.33604425
41622	0.33305010
41623	0.32995608
41624	0.32675001
41625	0.32341832
41626	0.31994542
41627	0.31631401
41628	0.31250426
41629	0.30849332
41630	0.30425537
41631	0.29976034
41632	0.29497379
41633	0.28985539
41634	0.28435814
41635	0.27842724
41636	0.27199724
41637	0.26499042
41638	0.25731403
41639	0.24885519
41640	0.23947628
41641	0.22900777
41642	0.21723755
41643	0.20389841
41644	0.18864642
41645	0.17103352
41646	0.15046406
41647	0.12612890
41648	0.09689849
41649	0.06114979
41650	0.01646036
41651	-0.04094904
41652	-0.11732570
41653	-0.22378761
41654	-0.38222343
41655	-0.64251482
41656	-1.14833188
41657	-2.55301452
41658	NaN
41659	NaN
41660	NaN
41661	NaN
41662	NaN
41663	NaN
41664	NaN
41665	NaN
41666	NaN
41667	NaN
41668	NaN
41669	NaN
41670	NaN
41671	NaN
41672	NaN
41673	NaN
41674	NaN
41675	NaN
41676	NaN
41677	NaN
41678	NaN
41679	NaN
41680	NaN
41681	NaN
41682	NaN
41683	NaN
41684	NaN
41685	NaN
41686	NaN
41687	NaN
41688	NaN
41689	NaN
41690	NaN
41691	NaN
41692	NaN
41693	NaN
41694	NaN
41695	NaN
41696	NaN
41697	NaN
41698	NaN
41699	NaN
41700	NaN
41701	NaN
41702	NaN
41703	NaN
41704	NaN
41705	NaN
41706	NaN
41707	NaN
41708	NaN
41709	NaN
41710	NaN
41711	14.03196812
41712	3.27870750
41713	2.12534595
41714	1.68425775
41715	1.45151806
41716	1.30785227
41717	1.21043360
41718	1.14009261
41719	1.08696711
41720	1.04546249
41721	1.01216900
41722	0.98488909
41723	0.96214426
41724	0.94290143
41725	0.92641836
41726	0.91214687
41727	0.89967328
41728	0.88868058
41729	0.87892056
41730	0.87019664
41731	0.86235130
41732	0.85525602
41733	0.84880590
41734	0.84291345
41735	0.83750623
41736	0.83252281
41737	0.82791096
41738	0.82362634
41739	0.81963074
41740	0.81589121
41741	0.81237894
41742	0.80906892
41743	0.80593908
41744	0.80297023
41745	0.80014515
41746	0.79744852
41747	0.79486680
41748	0.79238772
41749	0.79000044
41750	0.78769517
41751	0.78546292
41752	0.78329563
41753	0.78118604
41754	0.77912730
41755	0.77711356
41756	0.77513903
41757	0.77319866
41758	0.77128774
41759	0.76940209
41760	0.76753753
41761	0.76569051
41762	0.76385748
41763	0.76203549
41764	0.76022148
41765	0.75841272
41766	0.75660688
41767	0.75480145
41768	0.75299442
41769	0.75118363
41770	0.74936742
41771	0.74754399
41772	0.74571168
41773	0.74386913
41774	0.74201494
41775	0.74014789
41776	0.73826683
41777	0.73637074
41778	0.73445857
41779	0.73252958
41780	0.73058289
41781	0.72861785
41782	0.72663385
41783	0.72463030
41784	0.72260666
41785	0.72056264
41786	0.71849775
41787	0.71641165
41788	0.71430433
41789	0.71217537
41790	0.71002477
41791	0.70785230
41792	0.70565808
41793	0.70344204
41794	0.70120418
41795	0.69894463
41796	0.69666356
41797	0.69436103
41798	0.69203740
41799	0.68969280
41800	0.68732750
41801	0.68494189
41802	0.68253624
41803	0.68011105
41804	0.67766654
41805	0.67520332
41806	0.67272180
41807	0.67022240
41808	0.66770577
41809	0.66517240
41810	0.66262287
41811	0.66005778
41812	0.65747780
41813	0.65488338
41814	0.65227538
41815	0.64965439
41816	0.64702117
41817	0.64437628
41818	0.64172047
41819	0.63905454
41820	0.63637906
41821	0.63369483
41822	0.63100249
41823	0.62830281
41824	0.62559646
41825	0.62288415
41826	0.62016648
41827	0.61744428
41828	0.61471808
41829	0.61198848
41830	0.60925627
41831	0.60652196
41832	0.60378617
41833	0.60104942
41834	0.59831226
41835	0.59557533
41836	0.59283900
41837	0.59010386
41838	0.58737040
41839	0.58463895
41840	0.58191001
41841	0.57918400
41842	0.57646132
41843	0.57374221
41844	0.57102716
41845	0.56831634
41846	0.56561017
41847	0.56290895
41848	0.56021279
41849	0.55752206
41850	0.55483705
41851	0.55215776
41852	0.54948449
41853	0.54681748
41854	0.54415685
41855	0.54150271
41856	0.53885520
41857	0.53621459
41858	0.53358084
41859	0.53095400
41860	0.52833438
41861	0.52572185
41862	0.52311665
41863	0.52051878
41864	0.51792824
41865	0.51534522
41866	0.51276964
41867	0.51020157
41868	0.50764102
41869	0.50508809
41870	0.50254273
41871	0.50000495
41872	0.49747473
41873	0.49495211
41874	0.49243706
41875	0.48992956
41876	0.48742956
41877	0.48493707
41878	0.48245203
41879	0.47997445
41880	0.47750416
41881	0.47504121
41882	0.47258553
41883	0.47013700
41884	0.46769562
41885	0.46526134
41886	0.46283397
41887	0.46041360
41888	0.45800006
41889	0.45559323
41890	0.45319319
41891	0.45079967
41892	0.44841278
41893	0.44603229
41894	0.44365817
41895	0.44129038
41896	0.43892872
41897	0.43657324
41898	0.43422377
41899	0.43188024
41900	0.42954254
41901	0.42721057
41902	0.42488426
41903	0.42256343
41904	0.42024794
41905	0.41793776
41906	0.41563267
41907	0.41333243
41908	0.41103706
41909	0.40874612
41910	0.40645951
41911	0.40417701
41912	0.40189821
41913	0.39962295
41914	0.39735076
41915	0.39508128
41916	0.39281413
41917	0.39054871
41918	0.38828459
41919	0.38602105
41920	0.38375744
41921	0.38149303
41922	0.37922698
41923	0.37695834
41924	0.37468597
41925	0.37240878
41926	0.37012550
41927	0.36783466
41928	0.36553457
41929	0.36322370
41930	0.36089990
41931	0.35856104
41932	0.35620478
41933	0.35382828
41934	0.35142884
41935	0.34900302
41936	0.34654698
41937	0.34405696
41938	0.34152812
41939	0.33895558
41940	0.33633351
41941	0.33365551
41942	0.33091468
41943	0.32810286
41944	0.32521084
41945	0.32222861
41946	0.31914458
41947	0.31594563
41948	0.31261677
41949	0.30914080
41950	0.30549836
41951	0.30166683
41952	0.29762015
41953	0.29332814
41954	0.28875551
41955	0.28386080
41956	0.27859521
41957	0.27290067
41958	0.26670825
41959	0.25993440
41960	0.25247753
41961	0.24421377
41962	0.23498887
41963	0.22460952
41964	0.21282955
41965	0.19933170
41966	0.18370022
41967	0.16537793
41968	0.14360015
41969	0.11729310
41970	0.08489403
41971	0.04403932
41972	-0.00902015
41973	-0.08061319
41974	-0.18232509
41975	-0.33789298
41976	-0.60479242
41977	-1.16718543
41978	-3.11388803
41979	NaN
41980	NaN
41981	NaN
41982	NaN
41983	NaN
41984	NaN
41985	NaN
41986	NaN
41987	NaN
41988	NaN
41989	NaN
41990	NaN
41991	NaN
41992	NaN
41993	NaN
41994	NaN
41995	NaN
41996	NaN
41997	NaN
41998	NaN
41999	NaN
42000	NaN
42001	NaN
42002	NaN
42003	NaN
42004	NaN
42005	NaN
42006	NaN
42007	NaN
42008	NaN
42009	NaN
42010	NaN
42011	NaN
42012	NaN
42013	NaN
42014	NaN
42015	NaN
42016	NaN
42017	NaN
42018	NaN
42019	NaN
42020	NaN
42021	NaN
42022	NaN
42023	NaN
42024	NaN
42025	NaN
42026	NaN
42027	NaN
42028	NaN
42029	NaN
42030	NaN
42031	NaN
42032	NaN
42033	NaN
42034	NaN
42035	NaN
42036	NaN
42037	NaN
42038	NaN
42039	NaN
42040	NaN
42041	NaN
42042	6.21939993
42043	2.76882553
42044	1.97393048
42045	1.62125707
42046	1.42233717
42047	1.29477715
42048	1.20612180
42049	1.14099824
42050	1.09118521
42051	1.05188668
42052	1.02011585
42053	0.99391663
42054	0.97195405
42055	0.95328623
42056	0.93722808
42057	0.92327106
42058	0.91102928
42059	0.90020454
42060	0.89056242
42061	0.88191682
42062	0.87411767
42063	0.86704248
42064	0.86059070
42065	0.85467899
42066	0.84923691
42067	0.84420574
42068	0.83953524
42069	0.83518249
42070	0.83111066
42071	0.82728773
42072	0.82368594
42073	0.82028109
42074	0.81705183
42075	0.81397939
42076	0.81104696
42077	0.80824000
42078	0.80554515
42079	0.80295068
42080	0.80044591
42081	0.79802126
42082	0.79566813
42083	0.79337865
42084	0.79114562
42085	0.78896266
42086	0.78682381
42087	0.78472358
42088	0.78265721
42089	0.78061986
42090	0.77860743
42091	0.77661598
42092	0.77464205
42093	0.77268237
42094	0.77073371
42095	0.76879346
42096	0.76685905
42097	0.76492792
42098	0.76299798
42099	0.76106715
42100	0.75913352
42101	0.75719541
42102	0.75525123
42103	0.75329953
42104	0.75133896
42105	0.74936825
42106	0.74738640
42107	0.74539238
42108	0.74338531
42109	0.74136442
42110	0.73932892
42111	0.73727828
42112	0.73521191
42113	0.73312932
42114	0.73103017
42115	0.72891402
42116	0.72678059
42117	0.72462970
42118	0.72246116
42119	0.72027481
42120	0.71807057
42121	0.71584839
42122	0.71360821
42123	0.71135008
42124	0.70907408
42125	0.70678020
42126	0.70446855
42127	0.70213920
42128	0.69979239
42129	0.69742829
42130	0.69504702
42131	0.69264871
42132	0.69023377
42133	0.68780237
42134	0.68535477
42135	0.68289125
42136	0.68041217
42137	0.67791778
42138	0.67540860
42139	0.67288488
42140	0.67034715
42141	0.66779572
42142	0.66523123
42143	0.66265398
42144	0.66006458
42145	0.65746343
42146	0.65485126
42147	0.65222853
42148	0.64959586
42149	0.64695382
42150	0.64430296
42151	0.64164400
42152	0.63897741
42153	0.63630408
42154	0.63362437
42155	0.63093901
42156	0.62824863
42157	0.62555379
42158	0.62285513
42159	0.62015325
42160	0.61744875
42161	0.61474204
42162	0.61203384
42163	0.60932463
42164	0.60661489
42165	0.60390520
42166	0.60119575
42167	0.59848726
42168	0.59578001
42169	0.59307450
42170	0.59037101
42171	0.58766979
42172	0.58497131
42173	0.58227587
42174	0.57958353
42175	0.57689476
42176	0.57420969
42177	0.57152861
42178	0.56885159
42179	0.56617880
42180	0.56351042
42181	0.56084657
42182	0.55818737
42183	0.55553293
42184	0.55288333
42185	0.55023861
42186	0.54759878
42187	0.54496402
42188	0.54233426
42189	0.53970957
42190	0.53709000
42191	0.53447551
42192	0.53186613
42193	0.52926189
42194	0.52666271
42195	0.52406865
42196	0.52147973
42197	0.51889592
42198	0.51631719
42199	0.51374352
42200	0.51117486
42201	0.50861126
42202	0.50605267
42203	0.50349903
42204	0.50095040
42205	0.49840668
42206	0.49586791
42207	0.49333400
42208	0.49080491
42209	0.48828071
42210	0.48576131
42211	0.48324668
42212	0.48073682
42213	0.47823173
42214	0.47573131
42215	0.47323561
42216	0.47074458
42217	0.46825814
42218	0.46577644
42219	0.46329930
42220	0.46082678
42221	0.45835891
42222	0.45589563
42223	0.45343694
42224	0.45098290
42225	0.44853342
42226	0.44608858
42227	0.44364837
42228	0.44121277
42229	0.43878189
42230	0.43635559
42231	0.43393397
42232	0.43151703
42233	0.42910478
42234	0.42669719
42235	0.42429420
42236	0.42189589
42237	0.41950214
42238	0.41711292
42239	0.41472816
42240	0.41234770
42241	0.40997154
42242	0.40759948
42243	0.40523130
42244	0.40286687
42245	0.40050593
42246	0.39814812
42247	0.39579323
42248	0.39344072
42249	0.39109027
42250	0.38874134
42251	0.38639334
42252	0.38404569
42253	0.38169765
42254	0.37934846
42255	0.37699726
42256	0.37464291
42257	0.37228462
42258	0.36992100
42259	0.36755076
42260	0.36517251
42261	0.36278471
42262	0.36038560
42263	0.35797328
42264	0.35554567
42265	0.35310060
42266	0.35063559
42267	0.34814787
42268	0.34563458
42269	0.34309247
42270	0.34051806
42271	0.33790740
42272	0.33525625
42273	0.33255994
42274	0.32981339
42275	0.32701075
42276	0.32414594
42277	0.32121190
42278	0.31820089
42279	0.31510431
42280	0.31191257
42281	0.30861500
42282	0.30519971
42283	0.30165300
42284	0.29795977
42285	0.29410297
42286	0.29006302
42287	0.28581762
42288	0.28134122
42289	0.27660495
42290	0.27157483
42291	0.26621190
42292	0.26047063
42293	0.25429770
42294	0.24763019
42295	0.24039358
42296	0.23249833
42297	0.22383721
42298	0.21427935
42299	0.20366345
42300	0.19179037
42301	0.17840897
42302	0.16319869
42303	0.14574493
42304	0.12550044
42305	0.10172992
42306	0.07341667
42307	0.03911853
42308	-0.00328032
42309	-0.05702060
42310	-0.12732629
42311	-0.22319603
42312	-0.36157054
42313	-0.57856518
42314	-0.96735531
42315	-1.86434209
42316	-6.13424540
42317	NaN
42318	NaN
42319	NaN
42320	NaN
42321	NaN
42322	NaN
42323	NaN
42324	NaN
42325	NaN
42326	NaN
42327	NaN
42328	NaN
42329	NaN
42330	NaN
42331	NaN
42332	NaN
42333	NaN
42334	NaN
42335	NaN
42336	NaN
42337	NaN
42338	NaN
42339	NaN
42340	NaN
42341	NaN
42342	NaN
42343	NaN
42344	NaN
42345	NaN
42346	NaN
42347	NaN
42348	NaN
42349	NaN
42350	NaN
42351	NaN
42352	NaN
42353	NaN
42354	NaN
42355	NaN
42356	NaN
42357	NaN
42358	NaN
42359	NaN
42360	NaN
42361	NaN
42362	NaN
42363	NaN
42364	NaN
42365	NaN
42366	NaN
42367	NaN
42368	NaN
42369	16.75241280
42370	3.74759293
42371	2.37412643
42372	1.84990013
42373	1.57351089
42374	1.40296566
42375	1.28734505
42376	1.20387352
42377	1.14083755
42378	1.09159541
42379	1.05210018
42380	1.01974380
42381	0.99277192
42382	0.96995926
42383	0.95042443
42384	0.93351758
42385	0.91874862
42386	0.90574014
42387	0.89419854
42388	0.88389051
42389	0.87462890
42390	0.86626136
42391	0.85866332
42392	0.85173118
42393	0.84537858
42394	0.83953238
42395	0.83413136
42396	0.82912213
42397	0.82445961
42398	0.82010466
42399	0.81602323
42400	0.81218529
42401	0.80856520
42402	0.80513960
42403	0.80188835
42404	0.79879338
42405	0.79583859
42406	0.79300976
42407	0.79029387
42408	0.78767931
42409	0.78515583
42410	0.78271377
42411	0.78034455
42412	0.77804071
42413	0.77579486
42414	0.77360076
42415	0.77145237
42416	0.76934445
42417	0.76727188
42418	0.76523018
42419	0.76321524
42420	0.76122326
42421	0.75925052
42422	0.75729400
42423	0.75535059
42424	0.75341761
42425	0.75149232
42426	0.74957258
42427	0.74765611
42428	0.74574095
42429	0.74382532
42430	0.74190742
42431	0.73998576
42432	0.73805892
42433	0.73612553
42434	0.73418444
42435	0.73223448
42436	0.73027462
42437	0.72830397
42438	0.72632176
42439	0.72432709
42440	0.72231936
42441	0.72029787
42442	0.71826214
42443	0.71621156
42444	0.71414578
42445	0.71206433
42446	0.70996678
42447	0.70785296
42448	0.70572257
42449	0.70357537
42450	0.70141107
42451	0.69922960
42452	0.69703084
42453	0.69481474
42454	0.69258124
42455	0.69033021
42456	0.68806177
42457	0.68577605
42458	0.68347299
42459	0.68115282
42460	0.67881554
42461	0.67646146
42462	0.67409068
42463	0.67170358
42464	0.66930038
42465	0.66688120
42466	0.66444659
42467	0.66199684
42468	0.65953225
42469	0.65705329
42470	0.65456039
42471	0.65205389
42472	0.64953434
42473	0.64700216
42474	0.64445782
42475	0.64190185
42476	0.63933480
42477	0.63675708
42478	0.63416922
42479	0.63157183
42480	0.62896532
42481	0.62635028
42482	0.62372720
42483	0.62109655
42484	0.61845887
42485	0.61581469
42486	0.61316442
42487	0.61050868
42488	0.60784775
42489	0.60518217
42490	0.60251242
42491	0.59983897
42492	0.59716207
42493	0.59448236
42494	0.59180015
42495	0.58911574
42496	0.58642960
42497	0.58374208
42498	0.58105356
42499	0.57836431
42500	0.57567465
42501	0.57298499
42502	0.57029557
42503	0.56760669
42504	0.56491864
42505	0.56223172
42506	0.55954617
42507	0.55686224
42508	0.55418020
42509	0.55150020
42510	0.54882258
42511	0.54614753
42512	0.54347521
42513	0.54080588
42514	0.53813976
42515	0.53547704
42516	0.53281778
42517	0.53016233
42518	0.52751076
42519	0.52486330
42520	0.52222008
42521	0.51958126
42522	0.51694703
42523	0.51431745
42524	0.51169270
42525	0.50907290
42526	0.50645816
42527	0.50384867
42528	0.50124449
42529	0.49864563
42530	0.49605224
42531	0.49346444
42532	0.49088228
42533	0.48830584
42534	0.48573509
42535	0.48317018
42536	0.48061118
42537	0.47805801
42538	0.47551075
42539	0.47296947
42540	0.47043419
42541	0.46790487
42542	0.46538156
42543	0.46286431
42544	0.46035308
42545	0.45784792
42546	0.45534876
42547	0.45285571
42548	0.45036870
42549	0.44788775
42550	0.44541287
42551	0.44294408
42552	0.44048145
42553	0.43802485
42554	0.43557429
42555	0.43312988
42556	0.43069154
42557	0.42825925
42558	0.42583305
42559	0.42341286
42560	0.42099872
42561	0.41859058
42562	0.41618839
42563	0.41379201
42564	0.41140151
42565	0.40901673
42566	0.40663752
42567	0.40426385
42568	0.40189543
42569	0.39953220
42570	0.39717385
42571	0.39482012
42572	0.39247075
42573	0.39012542
42574	0.38778365
42575	0.38544506
42576	0.38310909
42577	0.38077518
42578	0.37844267
42579	0.37611076
42580	0.37377870
42581	0.37144554
42582	0.36911017
42583	0.36677152
42584	0.36442822
42585	0.36207893
42586	0.35972193
42587	0.35735545
42588	0.35497758
42589	0.35258609
42590	0.35017854
42591	0.34775233
42592	0.34530431
42593	0.34283116
42594	0.34032926
42595	0.33779427
42596	0.33522174
42597	0.33260646
42598	0.32994258
42599	0.32722366
42600	0.32444248
42601	0.32159069
42602	0.31865910
42603	0.31563708
42604	0.31251290
42605	0.30927289
42606	0.30590138
42607	0.30238083
42608	0.29869074
42609	0.29480746
42610	0.29070356
42611	0.28634709
42612	0.28170070
42613	0.27672023
42614	0.27135327
42615	0.26553795
42616	0.25919890
42617	0.25224516
42618	0.24456589
42619	0.23602325
42620	0.22644605
42621	0.21561675
42622	0.20325573
42623	0.18899907
42624	0.17236200
42625	0.15268537
42626	0.12904860
42627	0.10012783
42628	0.06394924
42629	0.01742904
42630	-0.04453148
42631	-0.13100705
42632	-0.25987518
42633	-0.47189724
42634	-0.88457143
42635	-2.03333950
42636	NaN
42637	NaN
42638	NaN
42639	NaN
42640	NaN
42641	NaN
42642	NaN
42643	NaN
42644	NaN
42645	NaN
42646	NaN
42647	NaN
42648	NaN
42649	NaN
42650	NaN
42651	NaN
42652	NaN
42653	NaN
42654	NaN
42655	NaN
42656	NaN
42657	NaN
42658	NaN
42659	NaN
42660	NaN
42661	NaN
42662	NaN
42663	NaN
42664	NaN
42665	NaN
42666	NaN
42667	NaN
42668	NaN
42669	NaN
42670	NaN
42671	NaN
42672	NaN
42673	NaN
42674	NaN
42675	NaN
42676	NaN
42677	NaN
42678	NaN
42679	NaN
42680	NaN
42681	NaN
42682	NaN
42683	NaN
42684	NaN
42685	NaN
42686	NaN
42687	NaN
42688	NaN
42689	NaN
42690	NaN
42691	NaN
42692	NaN
42693	NaN
42694	NaN
42695	NaN
42696	NaN
42697	22.45812607
42698	3.56154943
42699	2.23388791
42700	1.74973321
42701	1.49948359
42702	1.34689653
42703	1.24431932
42704	1.17075658
42705	1.11551213
42706	1.07256770
42707	1.03827500
42708	1.01029491
42709	0.98705840
42710	0.96747285
42711	0.95075542
42712	0.93632942
42713	0.92376095
42714	0.91271746
42715	0.90294009
42716	0.89422333
42717	0.88640356
42718	0.87934703
42719	0.87294501
42720	0.86710691
42721	0.86175764
42722	0.85683388
42723	0.85228217
42724	0.84805661
42725	0.84411812
42726	0.84043300
42727	0.83697188
42728	0.83370912
42729	0.83062267
42730	0.82769257
42731	0.82490170
42732	0.82223451
42733	0.81967759
42734	0.81721842
42735	0.81484622
42736	0.81255126
42737	0.81032455
42738	0.80815828
42739	0.80604517
42740	0.80397874
42741	0.80195308
42742	0.79996282
42743	0.79800302
42744	0.79606920
42745	0.79415727
42746	0.79226357
42747	0.79038471
42748	0.78851759
42749	0.78665930
42750	0.78480732
42751	0.78295928
42752	0.78111309
42753	0.77926677
42754	0.77741843
42755	0.77556664
42756	0.77370989
42757	0.77184689
42758	0.76997644
42759	0.76809746
42760	0.76620901
42761	0.76431036
42762	0.76240069
42763	0.76047933
42764	0.75854576
42765	0.75659949
42766	0.75464004
42767	0.75266713
42768	0.75068039
42769	0.74867970
42770	0.74666470
42771	0.74463528
42772	0.74259132
42773	0.74053276
42774	0.73845941
42775	0.73637140
42776	0.73426855
42777	0.73215091
42778	0.73001856
42779	0.72787136
42780	0.72570956
42781	0.72353292
42782	0.72134185
42783	0.71913612
42784	0.71691585
42785	0.71468127
42786	0.71243232
42787	0.71016914
42788	0.70789200
42789	0.70560074
42790	0.70329565
42791	0.70097685
42792	0.69864458
42793	0.69629890
42794	0.69394010
42795	0.69156832
42796	0.68918377
42797	0.68678683
42798	0.68437755
42799	0.68195629
42800	0.67952341
42801	0.67707920
42802	0.67462391
42803	0.67215788
42804	0.66968155
42805	0.66719514
42806	0.66469914
42807	0.66219383
42808	0.65967971
42809	0.65715706
42810	0.65462625
42811	0.65208781
42812	0.64954209
42813	0.64698941
42814	0.64443016
42815	0.64186478
42816	0.63929373
42817	0.63671732
42818	0.63413584
42819	0.63154978
42820	0.62895948
42821	0.62636518
42822	0.62376738
42823	0.62116629
42824	0.61856234
42825	0.61595583
42826	0.61334699
42827	0.61073619
42828	0.60812372
42829	0.60550982
42830	0.60289484
42831	0.60027897
42832	0.59766251
42833	0.59504563
42834	0.59242868
42835	0.58981186
42836	0.58719540
42837	0.58457947
42838	0.58196437
42839	0.57935023
42840	0.57673728
42841	0.57412583
42842	0.57151586
42843	0.56890762
42844	0.56630147
42845	0.56369740
42846	0.56109560
42847	0.55849630
42848	0.55589962
42849	0.55330575
42850	0.55071485
42851	0.54812706
42852	0.54554248
42853	0.54296136
42854	0.54038370
42855	0.53780979
42856	0.53523970
42857	0.53267348
42858	0.53011131
42859	0.52755338
42860	0.52499968
42861	0.52245039
42862	0.51990563
42863	0.51736546
42864	0.51482993
42865	0.51229930
42866	0.50977349
42867	0.50725281
42868	0.50473714
42869	0.50222659
42870	0.49972138
42871	0.49722156
42872	0.49472716
42873	0.49223825
42874	0.48975506
42875	0.48727757
42876	0.48480591
42877	0.48234016
42878	0.47988045
42879	0.47742686
42880	0.47497949
42881	0.47253841
42882	0.47010383
42883	0.46767581
42884	0.46525443
42885	0.46283978
42886	0.46043205
42887	0.45803121
42888	0.45563745
42889	0.45325080
42890	0.45087141
42891	0.44849920
42892	0.44613433
42893	0.44377682
42894	0.44142660
42895	0.43908376
42896	0.43674824
42897	0.43441990
42898	0.43209869
42899	0.42978454
42900	0.42747721
42901	0.42517644
42902	0.42288193
42903	0.42059350
42904	0.41831067
42905	0.41603297
42906	0.41375995
42907	0.41149098
42908	0.40922537
42909	0.40696239
42910	0.40470111
42911	0.40244070
42912	0.40017992
42913	0.39791769
42914	0.39565259
42915	0.39338326
42916	0.39110801
42917	0.38882500
42918	0.38653219
42919	0.38422751
42920	0.38190863
42921	0.37957257
42922	0.37721667
42923	0.37483758
42924	0.37243173
42925	0.36999515
42926	0.36752337
42927	0.36501160
42928	0.36245447
42929	0.35984576
42930	0.35717905
42931	0.35444650
42932	0.35163981
42933	0.34874958
42934	0.34576514
42935	0.34267443
42936	0.33946371
42937	0.33611736
42938	0.33261791
42939	0.32894492
42940	0.32507491
42941	0.32098106
42942	0.31663215
42943	0.31199154
42944	0.30701643
42945	0.30165634
42946	0.29585153
42947	0.28953025
42948	0.28260604
42949	0.27497452
42950	0.26650670
42951	0.25704333
42952	0.24638425
42953	0.23427473
42954	0.22038725
42955	0.20429027
42956	0.18540508
42957	0.16294023
42958	0.13577893
42959	0.10229503
42960	0.06002774
42961	0.00506119
42962	-0.06922849
42963	-0.17501713
42964	-0.33738136
42965	-0.61753821
42966	-1.21466255
42967	-3.35608602
42968	NaN
42969	NaN
42970	NaN
42971	NaN
42972	NaN
42973	NaN
42974	NaN
42975	NaN
42976	NaN
42977	NaN
42978	NaN
42979	NaN
42980	NaN
42981	NaN
42982	NaN
42983	NaN
42984	NaN
42985	NaN
42986	NaN
42987	NaN
42988	NaN
42989	NaN
42990	NaN
42991	NaN
42992	NaN
42993	NaN
42994	NaN
42995	NaN
42996	NaN
42997	NaN
42998	NaN
42999	NaN
43000	NaN
43001	NaN
43002	NaN
43003	NaN
43004	NaN
43005	NaN
43006	NaN
43007	NaN
43008	NaN
43009	NaN
43010	NaN
43011	NaN
43012	NaN
43013	NaN
43014	NaN
43015	NaN
43016	NaN
43017	NaN
43018	NaN
43019	NaN
43020	NaN
43021	NaN
43022	NaN
43023	NaN
43024	NaN
43025	NaN
43026	NaN
43027	NaN
43028	NaN
43029	4.11282921
43030	2.35640669
43031	1.79731226
43032	1.52280200
43033	1.35987580
43034	1.25211787
43035	1.17565310
43036	1.11863923
43037	1.07453561
43038	1.03943515
43039	1.01085782
43040	0.98715669
43041	0.96719348
43042	0.95015651
43043	0.93545139
43044	0.92263240
43045	0.91136003
43046	0.90136963
43047	0.89245349
43048	0.88444400
43049	0.87720692
43050	0.87063193
43051	0.86462802
43052	0.85911930
43053	0.85404235
43054	0.84934282
43055	0.84497511
43056	0.84089994
43057	0.83708334
43058	0.83349591
43059	0.83011186
43060	0.82690895
43061	0.82386774
43062	0.82097030
43063	0.81820160
43064	0.81554770
43065	0.81299633
43066	0.81053674
43067	0.80815899
43068	0.80585402
43069	0.80361390
43070	0.80143154
43071	0.79930007
43072	0.79721373
43073	0.79516691
43074	0.79315460
43075	0.79117221
43076	0.78921562
43077	0.78728086
43078	0.78536457
43079	0.78346330
43080	0.78157413
43081	0.77969420
43082	0.77782112
43083	0.77595246
43084	0.77408606
43085	0.77221990
43086	0.77035218
43087	0.76848119
43088	0.76660544
43089	0.76472330
43090	0.76283360
43091	0.76093507
43092	0.75902671
43093	0.75710744
43094	0.75517637
43095	0.75323266
43096	0.75127548
43097	0.74930423
43098	0.74731833
43099	0.74531722
43100	0.74330044
43101	0.74126750
43102	0.73921800
43103	0.73715174
43104	0.73506826
43105	0.73296738
43106	0.73084909
43107	0.72871286
43108	0.72655880
43109	0.72438681
43110	0.72219664
43111	0.71998841
43112	0.71776205
43113	0.71551746
43114	0.71325475
43115	0.71097398
43116	0.70867532
43117	0.70635867
43118	0.70402431
43119	0.70167238
43120	0.69930297
43121	0.69691634
43122	0.69451284
43123	0.69209254
43124	0.68965590
43125	0.68720311
43126	0.68473458
43127	0.68225068
43128	0.67975181
43129	0.67723840
43130	0.67471081
43131	0.67216957
43132	0.66961521
43133	0.66704816
43134	0.66446906
43135	0.66187829
43136	0.65927649
43137	0.65666419
43138	0.65404201
43139	0.65141046
43140	0.64877027
43141	0.64612186
43142	0.64346588
43143	0.64080292
43144	0.63813347
43145	0.63545817
43146	0.63277763
43147	0.63009238
43148	0.62740290
43149	0.62470978
43150	0.62201351
43151	0.61931461
43152	0.61661357
43153	0.61391085
43154	0.61120695
43155	0.60850215
43156	0.60579711
43157	0.60309207
43158	0.60038745
43159	0.59768373
43160	0.59498113
43161	0.59227997
43162	0.58958066
43163	0.58688349
43164	0.58418864
43165	0.58149654
43166	0.57880729
43167	0.57612121
43168	0.57343858
43169	0.57075948
43170	0.56808424
43171	0.56541294
43172	0.56274581
43173	0.56008309
43174	0.55742484
43175	0.55477124
43176	0.55212247
43177	0.54947865
43178	0.54683989
43179	0.54420638
43180	0.54157811
43181	0.53895533
43182	0.53633803
43183	0.53372645
43184	0.53112054
43185	0.52852046
43186	0.52592629
43187	0.52333808
43188	0.52075589
43189	0.51817977
43190	0.51560974
43191	0.51304591
43192	0.51048821
43193	0.50793684
43194	0.50539154
43195	0.50285262
43196	0.50031978
43197	0.49779314
43198	0.49527273
43199	0.49275836
43200	0.49025017
43201	0.48774803
43202	0.48525181
43203	0.48276147
43204	0.48027706
43205	0.47779840
43206	0.47532535
43207	0.47285795
43208	0.47039601
43209	0.46793944
43210	0.46548826
43211	0.46304214
43212	0.46060109
43213	0.45816502
43214	0.45573378
43215	0.45330718
43216	0.45088518
43217	0.44846758
43218	0.44605428
43219	0.44364509
43220	0.44123986
43221	0.43883842
43222	0.43644062
43223	0.43404615
43224	0.43165496
43225	0.42926669
43226	0.42688116
43227	0.42449808
43228	0.42211708
43229	0.41973796
43230	0.41736028
43231	0.41498357
43232	0.41260746
43233	0.41023147
43234	0.40785497
43235	0.40547740
43236	0.40309799
43237	0.40071613
43238	0.39833087
43239	0.39594123
43240	0.39354631
43241	0.39114490
43242	0.38873574
43243	0.38631743
43244	0.38388839
43245	0.38144699
43246	0.37899128
43247	0.37651908
43248	0.37402824
43249	0.37151614
43250	0.36898002
43251	0.36641660
43252	0.36382264
43253	0.36119416
43254	0.35852718
43255	0.35581672
43256	0.35305777
43257	0.35024443
43258	0.34737045
43259	0.34442839
43260	0.34141031
43261	0.33830726
43262	0.33510917
43263	0.33180457
43264	0.32838088
43265	0.32482335
43266	0.32111573
43267	0.31723925
43268	0.31317246
43269	0.30889112
43270	0.30436698
43271	0.29956740
43272	0.29445490
43273	0.28898534
43274	0.28310701
43275	0.27675900
43276	0.26986861
43277	0.26234934
43278	0.25409660
43279	0.24498320
43280	0.23485254
43281	0.22351046
43282	0.21071233
43283	0.19614668
43284	0.17940909
43285	0.15996790
43286	0.13710582
43287	0.10983368
43288	0.07674979
43289	0.03579668
43290	-0.01617362
43291	-0.08423064
43292	-0.17709491
43293	-0.31114808
43294	-0.52122229
43295	-0.89676523
43296	-1.75782597
43297	-5.74657011
43298	NaN
43299	NaN
43300	NaN
43301	NaN
43302	NaN
43303	NaN
43304	NaN
43305	NaN
43306	NaN
43307	NaN
43308	NaN
43309	NaN
43310	NaN
43311	NaN
43312	NaN
43313	NaN
43314	NaN
43315	NaN
43316	NaN
43317	NaN
43318	NaN
43319	NaN
43320	NaN
43321	NaN
43322	NaN
43323	NaN
43324	NaN
43325	NaN
43326	NaN
43327	NaN
43328	NaN
43329	NaN
43330	NaN
43331	NaN
43332	NaN
43333	NaN
43334	NaN
43335	NaN
43336	NaN
43337	NaN
43338	NaN
43339	NaN
43340	NaN
43341	NaN
43342	NaN
43343	NaN
43344	NaN
43345	NaN
43346	NaN
43347	NaN
43348	NaN
43349	NaN
43350	NaN
43351	NaN
43352	NaN
43353	NaN
43354	NaN
43355	7.69894981
43356	3.01904964
43357	2.09710932
43358	1.70385075
43359	1.48610818
43360	1.34798241
43361	1.25266707
43362	1.18300998
43363	1.12993538
43364	1.08819473
43365	1.05453920
43366	1.02685106
43367	1.00369048
43368	0.98404413
43369	0.96717811
43370	0.95254862
43371	0.93974286
43372	0.92844343
43373	0.91840005
43374	0.90941501
43375	0.90132868
43376	0.89401102
43377	0.88735533
43378	0.88127255
43379	0.87568873
43380	0.87054127
43381	0.86577696
43382	0.86135030
43383	0.85722208
43384	0.85335851
43385	0.84973019
43386	0.84631133
43387	0.84307933
43388	0.84001422
43389	0.83709842
43390	0.83431625
43391	0.83165359
43392	0.82909805
43393	0.82663822
43394	0.82426411
43395	0.82196641
43396	0.81973690
43397	0.81756794
43398	0.81545275
43399	0.81338495
43400	0.81135881
43401	0.80936915
43402	0.80741096
43403	0.80547982
43404	0.80357176
43405	0.80168289
43406	0.79980981
43407	0.79794937
43408	0.79609847
43409	0.79425442
43410	0.79241478
43411	0.79057711
43412	0.78873944
43413	0.78689963
43414	0.78505594
43415	0.78320676
43416	0.78135055
43417	0.77948600
43418	0.77761179
43419	0.77572674
43420	0.77382994
43421	0.77192062
43422	0.76999766
43423	0.76806056
43424	0.76610851
43425	0.76414120
43426	0.76215798
43427	0.76015854
43428	0.75814253
43429	0.75610965
43430	0.75405973
43431	0.75199270
43432	0.74990821
43433	0.74780637
43434	0.74568719
43435	0.74355048
43436	0.74139643
43437	0.73922497
43438	0.73703629
43439	0.73483038
43440	0.73260754
43441	0.73036778
43442	0.72811133
43443	0.72583830
43444	0.72354895
43445	0.72124344
43446	0.71892208
43447	0.71658504
43448	0.71423262
43449	0.71186513
43450	0.70948279
43451	0.70708603
43452	0.70467502
43453	0.70225024
43454	0.69981211
43455	0.69736093
43456	0.69489712
43457	0.69242120
43458	0.68993360
43459	0.68743473
43460	0.68492514
43461	0.68240523
43462	0.67987573
43463	0.67733693
43464	0.67478961
43465	0.67223400
43466	0.66967100
43467	0.66710091
43468	0.66452438
43469	0.66194195
43470	0.65935409
43471	0.65676141
43472	0.65416449
43473	0.65156370
43474	0.64895970
43475	0.64635289
43476	0.64374369
43477	0.64113271
43478	0.63852024
43479	0.63590676
43480	0.63329273
43481	0.63067842
43482	0.62806416
43483	0.62545043
43484	0.62283748
43485	0.62022555
43486	0.61761498
43487	0.61500597
43488	0.61239880
43489	0.60979366
43490	0.60719067
43491	0.60459018
43492	0.60199225
43493	0.59939694
43494	0.59680456
43495	0.59421510
43496	0.59162873
43497	0.58904546
43498	0.58646542
43499	0.58388865
43500	0.58131522
43501	0.57874525
43502	0.57617867
43503	0.57361555
43504	0.57105601
43505	0.56849992
43506	0.56594735
43507	0.56339830
43508	0.56085289
43509	0.55831099
43510	0.55577266
43511	0.55323780
43512	0.55070657
43513	0.54817891
43514	0.54565477
43515	0.54313421
43516	0.54061723
43517	0.53810376
43518	0.53559387
43519	0.53308743
43520	0.53058469
43521	0.52808547
43522	0.52558976
43523	0.52309763
43524	0.52060920
43525	0.51812428
43526	0.51564300
43527	0.51316541
43528	0.51069146
43529	0.50822127
43530	0.50575471
43531	0.50329208
43532	0.50083321
43533	0.49837822
43534	0.49592721
43535	0.49348021
43536	0.49103725
43537	0.48859853
43538	0.48616397
43539	0.48373383
43540	0.48130810
43541	0.47888690
43542	0.47647035
43543	0.47405851
43544	0.47165161
43545	0.46924964
43546	0.46685272
43547	0.46446109
43548	0.46207470
43549	0.45969379
43550	0.45731834
43551	0.45494846
43552	0.45258427
43553	0.45022580
43554	0.44787315
43555	0.44552627
43556	0.44318518
43557	0.44084984
43558	0.43852022
43559	0.43619621
43560	0.43387768
43561	0.43156451
43562	0.42925635
43563	0.42695314
43564	0.42465448
43565	0.42236000
43566	0.42006919
43567	0.41778162
43568	0.41549677
43569	0.41321391
43570	0.41093233
43571	0.40865126
43572	0.40636978
43573	0.40408686
43574	0.40180135
43575	0.39951190
43576	0.39721721
43577	0.39491579
43578	0.39260581
43579	0.39028546
43580	0.38795269
43581	0.38560516
43582	0.38324034
43583	0.38085541
43584	0.37844741
43585	0.37601274
43586	0.37354764
43587	0.37104788
43588	0.36850867
43589	0.36592466
43590	0.36328998
43591	0.36059779
43592	0.35784078
43593	0.35501030
43594	0.35209659
43595	0.34908870
43596	0.34597403
43597	0.34273815
43598	0.33936444
43599	0.33583364
43600	0.33212373
43601	0.32820868
43602	0.32405806
43603	0.31963620
43604	0.31490040
43605	0.30980015
43606	0.30427456
43607	0.29824957
43608	0.29163542
43609	0.28432038
43610	0.27616522
43611	0.26699466
43612	0.25658312
43613	0.24463721
43614	0.23076694
43615	0.21444412
43616	0.19493523
43617	0.17118932
43618	0.14164688
43619	0.10389327
43620	0.05397128
43621	-0.01507474
43622	-0.11670665
43623	-0.28082639
43624	-0.58987385
43625	-1.38473964
43626	-7.94649935
43627	NaN
43628	NaN
43629	NaN
43630	NaN
43631	NaN
43632	NaN
43633	NaN
43634	NaN
43635	NaN
43636	NaN
43637	NaN
43638	NaN
43639	NaN
43640	NaN
43641	NaN
43642	NaN
43643	NaN
43644	NaN
43645	NaN
43646	NaN
43647	NaN
43648	NaN
43649	NaN
43650	NaN
43651	NaN
43652	NaN
43653	NaN
43654	NaN
43655	NaN
43656	NaN
43657	NaN
43658	NaN
43659	NaN
43660	NaN
43661	NaN
43662	NaN
43663	NaN
43664	NaN
43665	NaN
43666	NaN
43667	NaN
43668	NaN
43669	NaN
43670	NaN
43671	NaN
43672	NaN
43673	NaN
43674	NaN
43675	NaN
43676	NaN
43677	NaN
43678	NaN
43679	NaN
43680	NaN
43681	NaN
43682	NaN
43683	NaN
43684	NaN
43685	NaN
43686	NaN
43687	NaN
43688	NaN
43689	NaN
43690	NaN
43691	NaN
43692	4.14391375
43693	2.27143812
43694	1.71532869
43695	1.44895577
43696	1.29295993
43697	1.19068468
43698	1.11857772
43699	1.06508994
43700	1.02389526
43701	0.99123770
43702	0.96474469
43703	0.94284588
43704	0.92445987
43705	0.90881765
43706	0.89535737
43707	0.88365871
43708	0.87340158
43709	0.86433762
43710	0.85627097
43711	0.84904593
43712	0.84253556
43713	0.83663732
43714	0.83126563
43715	0.82635021
43716	0.82183152
43717	0.81765938
43718	0.81379104
43719	0.81019002
43720	0.80682468
43721	0.80366796
43722	0.80069590
43723	0.79788792
43724	0.79522562
43725	0.79269302
43726	0.79027575
43727	0.78796101
43728	0.78573775
43729	0.78359562
43730	0.78152567
43731	0.77951956
43732	0.77756989
43733	0.77566987
43734	0.77381355
43735	0.77199519
43736	0.77020985
43737	0.76845276
43738	0.76671976
43739	0.76500684
43740	0.76331037
43741	0.76162720
43742	0.75995404
43743	0.75828815
43744	0.75662702
43745	0.75496805
43746	0.75330901
43747	0.75164795
43748	0.74998277
43749	0.74831176
43750	0.74663323
43751	0.74494570
43752	0.74324763
43753	0.74153775
43754	0.73981488
43755	0.73807788
43756	0.73632568
43757	0.73455727
43758	0.73277193
43759	0.73096883
43760	0.72914720
43761	0.72730643
43762	0.72544593
43763	0.72356516
43764	0.72166377
43765	0.71974123
43766	0.71779728
43767	0.71583164
43768	0.71384400
43769	0.71183407
43770	0.70980185
43771	0.70774716
43772	0.70566976
43773	0.70356983
43774	0.70144719
43775	0.69930184
43776	0.69713396
43777	0.69494355
43778	0.69273061
43779	0.69049549
43780	0.68823808
43781	0.68595880
43782	0.68365782
43783	0.68133533
43784	0.67899168
43785	0.67662710
43786	0.67424208
43787	0.67183685
43788	0.66941190
43789	0.66696769
43790	0.66450465
43791	0.66202337
43792	0.65952432
43793	0.65700811
43794	0.65447533
43795	0.65192664
43796	0.64936256
43797	0.64678401
43798	0.64419156
43799	0.64158589
43800	0.63896781
43801	0.63633806
43802	0.63369733
43803	0.63104653
43804	0.62838626
43805	0.62571746
43806	0.62304080
43807	0.62035710
43808	0.61766696
43809	0.61497134
43810	0.61227089
43811	0.60956627
43812	0.60685813
43813	0.60414732
43814	0.60143447
43815	0.59872001
43816	0.59600472
43817	0.59328914
43818	0.59057385
43819	0.58785933
43820	0.58514607
43821	0.58243454
43822	0.57972533
43823	0.57701856
43824	0.57431489
43825	0.57161456
43826	0.56891793
43827	0.56622529
43828	0.56353700
43829	0.56085324
43830	0.55817425
43831	0.55550027
43832	0.55283153
43833	0.55016822
43834	0.54751045
43835	0.54485834
43836	0.54221219
43837	0.53957194
43838	0.53693783
43839	0.53430992
43840	0.53168833
43841	0.52907306
43842	0.52646434
43843	0.52386212
43844	0.52126652
43845	0.51867759
43846	0.51609540
43847	0.51352006
43848	0.51095158
43849	0.50838995
43850	0.50583535
43851	0.50328767
43852	0.50074708
43853	0.49821353
43854	0.49568710
43855	0.49316782
43856	0.49065563
43857	0.48815066
43858	0.48565280
43859	0.48316219
43860	0.48067868
43861	0.47820240
43862	0.47573322
43863	0.47327122
43864	0.47081631
43865	0.46836844
43866	0.46592757
43867	0.46349370
43868	0.46106675
43869	0.45864663
43870	0.45623329
43871	0.45382673
43872	0.45142680
43873	0.44903341
43874	0.44664654
43875	0.44426602
43876	0.44189182
43877	0.43952385
43878	0.43716195
43879	0.43480608
43880	0.43245611
43881	0.43011189
43882	0.42777336
43883	0.42544034
43884	0.42311275
43885	0.42079040
43886	0.41847315
43887	0.41616088
43888	0.41385338
43889	0.41155046
43890	0.40925184
43891	0.40695739
43892	0.40466687
43893	0.40237987
43894	0.40009615
43895	0.39781535
43896	0.39553696
43897	0.39326066
43898	0.39098585
43899	0.38871193
43900	0.38643825
43901	0.38416415
43902	0.38188884
43903	0.37961128
43904	0.37733054
43905	0.37504539
43906	0.37275451
43907	0.37045658
43908	0.36814991
43909	0.36583263
43910	0.36350283
43911	0.36115828
43912	0.35879639
43913	0.35641444
43914	0.35400921
43915	0.35157725
43916	0.34911475
43917	0.34661719
43918	0.34407988
43919	0.34149724
43920	0.33886319
43921	0.33617079
43922	0.33341229
43923	0.33057889
43924	0.32766074
43925	0.32464635
43926	0.32152316
43927	0.31827638
43928	0.31488922
43929	0.31134236
43930	0.30761343
43931	0.30367684
43932	0.29950240
43933	0.29505482
43934	0.29029286
43935	0.28516725
43936	0.27961925
43937	0.27357876
43938	0.26696008
43939	0.25965923
43940	0.25154740
43941	0.24246350
43942	0.23220481
43943	0.22051041
43944	0.20704068
43945	0.19134393
43946	0.17280775
43947	0.15058073
43948	0.12344029
43949	0.08956987
43950	0.04614779
43951	-0.01146200
43952	-0.09144465
43953	-0.20973301
43954	-0.40202132
43955	-0.76816243
43956	-1.73400176
43957	-11.29012203
43958	NaN
43959	NaN
43960	NaN
43961	NaN
43962	NaN
43963	NaN
43964	NaN
43965	NaN
43966	NaN
43967	NaN
43968	NaN
43969	NaN
43970	NaN
43971	NaN
43972	NaN
43973	NaN
43974	NaN
43975	NaN
43976	NaN
43977	NaN
43978	NaN
43979	NaN
43980	NaN
43981	NaN
43982	NaN
43983	NaN
43984	NaN
43985	NaN
43986	NaN
43987	NaN
43988	NaN
43989	NaN
43990	NaN
43991	NaN
43992	NaN
43993	NaN
43994	NaN
43995	NaN
43996	NaN
43997	NaN
43998	NaN
43999	NaN
44000	NaN
44001	NaN
44002	NaN
44003	NaN
44004	NaN
44005	NaN
44006	NaN
44007	NaN
44008	NaN
44009	NaN
44010	NaN
44011	NaN
44012	NaN
44013	NaN
44014	NaN
44015	NaN
44016	NaN
44017	NaN
44018	NaN
44019	NaN
44020	NaN
44021	NaN
44022	3.42818260
44023	2.12802982
44024	1.66852856
44025	1.43396938
44026	1.29191613
44027	1.19682467
44028	1.12882411
44029	1.07786047
44030	1.03830147
44031	1.00674582
44032	0.98101854
44033	0.95966375
44034	0.94167006
44035	0.92631370
44036	0.91306216
44037	0.90151519
44038	0.89136642
44039	0.88237733
44040	0.87435943
44041	0.86716157
44042	0.86066139
44043	0.85475874
44044	0.84937084
44045	0.84442890
44046	0.83987445
44047	0.83565867
44048	0.83173960
44049	0.82808155
44050	0.82465363
44051	0.82142889
44052	0.81838411
44053	0.81549871
44054	0.81275481
44055	0.81013668
44056	0.80763012
44057	0.80522257
44058	0.80290300
44059	0.80066139
44060	0.79848886
44061	0.79637706
44062	0.79431880
44063	0.79230750
44064	0.79033709
44065	0.78840214
44066	0.78649759
44067	0.78461874
44068	0.78276169
44069	0.78092229
44070	0.77909732
44071	0.77728331
44072	0.77547741
44073	0.77367693
44074	0.77187914
44075	0.77008188
44076	0.76828295
44077	0.76648051
44078	0.76467258
44079	0.76285768
44080	0.76103419
44081	0.75920069
44082	0.75735611
44083	0.75549924
44084	0.75362903
44085	0.75174469
44086	0.74984509
44087	0.74792987
44088	0.74599826
44089	0.74404967
44090	0.74208367
44091	0.74009985
44092	0.73809797
44093	0.73607767
44094	0.73403871
44095	0.73198110
44096	0.72990459
44097	0.72780919
44098	0.72569489
44099	0.72356176
44100	0.72140980
44101	0.71923923
44102	0.71704996
44103	0.71484232
44104	0.71261650
44105	0.71037251
44106	0.70811075
44107	0.70583135
44108	0.70353460
44109	0.70122069
44110	0.69888997
44111	0.69654268
44112	0.69417906
44113	0.69179958
44114	0.68940443
44115	0.68699408
44116	0.68456870
44117	0.68212873
44118	0.67967463
44119	0.67720670
44120	0.67472535
44121	0.67223108
44122	0.66972429
44123	0.66720539
44124	0.66467500
44125	0.66213340
44126	0.65958118
44127	0.65701884
44128	0.65444696
44129	0.65186602
44130	0.64927655
44131	0.64667904
44132	0.64407408
44133	0.64146227
44134	0.63884407
44135	0.63622004
44136	0.63359076
44137	0.63095683
44138	0.62831855
44139	0.62567669
44140	0.62303156
44141	0.62038368
44142	0.61773372
44143	0.61508197
44144	0.61242884
44145	0.60977489
44146	0.60712051
44147	0.60446608
44148	0.60181189
44149	0.59915847
44150	0.59650600
44151	0.59385490
44152	0.59120536
44153	0.58855784
44154	0.58591247
44155	0.58326954
44156	0.58062929
44157	0.57799184
44158	0.57535756
44159	0.57272649
44160	0.57009882
44161	0.56747472
44162	0.56485438
44163	0.56223792
44164	0.55962539
44165	0.55701691
44166	0.55441260
44167	0.55181259
44168	0.54921693
44169	0.54662567
44170	0.54403895
44171	0.54145682
44172	0.53887922
44173	0.53630638
44174	0.53373826
44175	0.53117490
44176	0.52861637
44177	0.52606273
44178	0.52351403
44179	0.52097023
44180	0.51843148
44181	0.51589769
44182	0.51336902
44183	0.51084548
44184	0.50832701
44185	0.50581372
44186	0.50330561
44187	0.50080276
44188	0.49830514
44189	0.49581277
44190	0.49332574
44191	0.49084398
44192	0.48836759
44193	0.48589650
44194	0.48343086
44195	0.48097053
44196	0.47851560
44197	0.47606608
44198	0.47362202
44199	0.47118336
44200	0.46875015
44201	0.46632233
44202	0.46390003
44203	0.46148321
44204	0.45907187
44205	0.45666590
44206	0.45426548
44207	0.45187053
44208	0.44948104
44209	0.44709700
44210	0.44471851
44211	0.44234538
44212	0.43997771
44213	0.43761542
44214	0.43525851
44215	0.43290696
44216	0.43056062
44217	0.42821956
44218	0.42588359
44219	0.42355269
44220	0.42122665
44221	0.41890538
44222	0.41658878
44223	0.41427660
44224	0.41196856
44225	0.40966451
44226	0.40736416
44227	0.40506715
44228	0.40277305
44229	0.40048155
44230	0.39819217
44231	0.39590439
44232	0.39361760
44233	0.39133120
44234	0.38904446
44235	0.38675660
44236	0.38446671
44237	0.38217387
44238	0.37987703
44239	0.37757510
44240	0.37526664
44241	0.37295046
44242	0.37062493
44243	0.36828843
44244	0.36593905
44245	0.36357477
44246	0.36119351
44247	0.35879272
44248	0.35636970
44249	0.35392165
44250	0.35144523
44251	0.34893686
44252	0.34639263
44253	0.34380797
44254	0.34117821
44255	0.33849776
44256	0.33576056
44257	0.33295992
44258	0.33008814
44259	0.32713661
44260	0.32409570
44261	0.32095432
44262	0.31770033
44263	0.31431931
44264	0.31079510
44265	0.30710942
44266	0.30324087
44267	0.29916465
44268	0.29485229
44269	0.29027030
44270	0.28537986
44271	0.28013468
44272	0.27447963
44273	0.26834959
44274	0.26166585
44275	0.25433260
44276	0.24623287
44277	0.23722085
44278	0.22711547
44279	0.21568577
44280	0.20263430
44281	0.18757333
44282	0.16998276
44283	0.14915361
44284	0.12409256
44285	0.09336126
44286	0.05479927
44287	0.00500238
44288	-0.06171913
44289	-0.15564248
44290	-0.29743934
44291	-0.53574812
44292	-1.01863301
44293	-2.51335526
44294	NaN
44295	NaN
44296	NaN
44297	NaN
44298	NaN
44299	NaN
44300	NaN
44301	NaN
44302	NaN
44303	NaN
44304	NaN
44305	NaN
44306	NaN
44307	NaN
44308	NaN
44309	NaN
44310	NaN
44311	NaN
44312	NaN
44313	NaN
44314	NaN
44315	NaN
44316	NaN
44317	NaN
44318	NaN
44319	NaN
44320	NaN
44321	NaN
44322	NaN
44323	NaN
44324	NaN
44325	NaN
44326	NaN
44327	NaN
44328	NaN
44329	NaN
44330	NaN
44331	NaN
44332	NaN
44333	NaN
44334	NaN
44335	NaN
44336	NaN
44337	NaN
44338	NaN
44339	NaN
44340	NaN
44341	NaN
44342	NaN
44343	NaN
44344	NaN
44345	NaN
44346	NaN
44347	NaN
44348	NaN
44349	NaN
44350	NaN
44351	NaN
44352	NaN
44353	NaN
44354	NaN
44355	NaN
44356	NaN
44357	20.56009674
44358	3.41135931
44359	2.14433050
44360	1.67988384
44361	1.43916237
44362	1.29206967
44363	1.19299102
44364	1.12179458
44365	1.06821680
44366	1.02647734
44367	0.99307108
44368	0.96574944
44369	0.94300336
44370	0.92378247
44371	0.90733266
44372	0.89309937
44373	0.88066542
44374	0.86971021
44375	0.85998428
44376	0.85128993
44377	0.84346902
44378	0.83639306
44379	0.82995689
44380	0.82407326
44381	0.81866950
44382	0.81368470
44383	0.80906689
44384	0.80477214
44385	0.80076230
44386	0.79700476
44387	0.79347116
44388	0.79013675
44389	0.78697973
44390	0.78398103
44391	0.78112376
44392	0.77839303
44393	0.77577537
44394	0.77325904
44395	0.77083302
44396	0.76848805
44397	0.76621515
44398	0.76400667
44399	0.76185542
44400	0.75975484
44401	0.75769913
44402	0.75568277
44403	0.75370097
44404	0.75174904
44405	0.74982285
44406	0.74791855
44407	0.74603266
44408	0.74416178
44409	0.74230313
44410	0.74045372
44411	0.73861098
44412	0.73677260
44413	0.73493624
44414	0.73309994
44415	0.73126179
44416	0.72941995
44417	0.72757292
44418	0.72571903
44419	0.72385705
44420	0.72198564
44421	0.72010356
44422	0.71820974
44423	0.71630329
44424	0.71438324
44425	0.71244878
44426	0.71049911
44427	0.70853359
44428	0.70655173
44429	0.70455289
44430	0.70253664
44431	0.70050251
44432	0.69845021
44433	0.69637942
44434	0.69428986
44435	0.69218135
44436	0.69005370
44437	0.68790680
44438	0.68574053
44439	0.68355483
44440	0.68134958
44441	0.67912507
44442	0.67688107
44443	0.67461783
44444	0.67233533
44445	0.67003375
44446	0.66771322
44447	0.66537404
44448	0.66301626
44449	0.66064024
44450	0.65824622
44451	0.65583456
44452	0.65340555
44453	0.65095961
44454	0.64849710
44455	0.64601839
44456	0.64352399
44457	0.64101440
44458	0.63849014
44459	0.63595158
44460	0.63339949
44461	0.63083440
44462	0.62825686
44463	0.62566739
44464	0.62306678
44465	0.62045562
44466	0.61783445
44467	0.61520410
44468	0.61256504
44469	0.60991806
44470	0.60726380
44471	0.60460281
44472	0.60193574
44473	0.59926331
44474	0.59658605
44475	0.59390455
44476	0.59121937
44477	0.58853120
44478	0.58584040
44479	0.58314753
44480	0.58045316
44481	0.57775760
44482	0.57506150
44483	0.57236505
44484	0.56966877
44485	0.56697291
44486	0.56427789
44487	0.56158406
44488	0.55889153
44489	0.55620068
44490	0.55351174
44491	0.55082488
44492	0.54814035
44493	0.54545826
44494	0.54277879
44495	0.54010206
44496	0.53742820
44497	0.53475732
44498	0.53208947
44499	0.52942479
44500	0.52676326
44501	0.52410507
44502	0.52145016
44503	0.51879865
44504	0.51615053
44505	0.51350588
44506	0.51086468
44507	0.50822705
44508	0.50559306
44509	0.50296259
44510	0.50033581
44511	0.49771270
44512	0.49509338
44513	0.49247780
44514	0.48986608
44515	0.48725820
44516	0.48465425
44517	0.48205432
44518	0.47945830
44519	0.47686642
44520	0.47427860
44521	0.47169495
44522	0.46911544
44523	0.46654016
44524	0.46396911
44525	0.46140239
44526	0.45883995
44527	0.45628178
44528	0.45372799
44529	0.45117855
44530	0.44863343
44531	0.44609264
44532	0.44355625
44533	0.44102415
44534	0.43849641
44535	0.43597299
44536	0.43345386
44537	0.43093905
44538	0.42842850
44539	0.42592219
44540	0.42342010
44541	0.42092225
44542	0.41842860
44543	0.41593912
44544	0.41345376
44545	0.41097260
44546	0.40849549
44547	0.40602252
44548	0.40355363
44549	0.40108877
44550	0.39862791
44551	0.39617109
44552	0.39371824
44553	0.39126927
44554	0.38882414
44555	0.38638285
44556	0.38394532
44557	0.38151142
44558	0.37908104
44559	0.37665412
44560	0.37423038
44561	0.37180987
44562	0.36939222
44563	0.36697716
44564	0.36456454
44565	0.36215401
44566	0.35974517
44567	0.35733768
44568	0.35493100
44569	0.35252461
44570	0.35011795
44571	0.34771022
44572	0.34530082
44573	0.34288883
44574	0.34047326
44575	0.33805314
44576	0.33562729
44577	0.33319435
44578	0.33075288
44579	0.32830125
44580	0.32583779
44581	0.32336044
44582	0.32086709
44583	0.31835526
44584	0.31582236
44585	0.31326541
44586	0.31068116
44587	0.30806580
44588	0.30541551
44589	0.30272564
44590	0.29999116
44591	0.29720649
44592	0.29436535
44593	0.29146060
44594	0.28848436
44595	0.28542763
44596	0.28228050
44597	0.27903119
44598	0.27566665
44599	0.27217227
44600	0.26853079
44601	0.26472256
44602	0.26072496
44603	0.25651184
44604	0.25205261
44605	0.24731158
44606	0.24224629
44607	0.23680729
44608	0.23093522
44609	0.22455846
44610	0.21759097
44611	0.20992713
44612	0.20143743
44613	0.19196016
44614	0.18129037
44615	0.16916747
44616	0.15525123
44617	0.13909198
44618	0.12008126
44619	0.09737516
44620	0.06977126
44621	0.03549192
44622	-0.00820460
44623	-0.06577719
44624	-0.14500339
44625	-0.26076332
44626	-0.44555396
44627	-0.78651440
44628	-1.62354529
44629	-6.88486958
44630	NaN
44631	NaN
44632	NaN
44633	NaN
44634	NaN
44635	NaN
44636	NaN
44637	NaN
44638	NaN
44639	NaN
44640	NaN
44641	NaN
44642	NaN
44643	NaN
44644	NaN
44645	NaN
44646	NaN
44647	NaN
44648	NaN
44649	NaN
44650	NaN
44651	NaN
44652	NaN
44653	NaN
44654	NaN
44655	NaN
44656	NaN
44657	NaN
44658	NaN
44659	NaN
44660	NaN
44661	NaN
44662	NaN
44663	NaN
44664	NaN
44665	NaN
44666	NaN
44667	NaN
44668	NaN
44669	NaN
44670	NaN
44671	NaN
44672	NaN
44673	NaN
44674	NaN
44675	NaN
44676	NaN
44677	NaN
44678	NaN
44679	NaN
44680	NaN
44681	NaN
44682	NaN
44683	NaN
44684	NaN
44685	NaN
44686	NaN
44687	NaN
44688	NaN
44689	NaN
44690	NaN
44691	NaN
44692	NaN
44693	NaN
44694	NaN
44695	4.95183849
44696	2.38104606
44697	1.73343396
44698	1.43893623
44699	1.27091908
44700	1.16249669
44701	1.08686697
44702	1.03119528
44703	0.98856586
44704	0.95492178
44705	0.92772603
44706	0.90531129
44707	0.88653648
44708	0.87059420
44709	0.85689712
44710	0.84500772
44711	0.83459371
44712	0.82539833
44713	0.81721920
44714	0.80989569
44715	0.80329782
44716	0.79732019
44717	0.79187560
44718	0.78689182
44719	0.78230810
44720	0.77807355
44721	0.77414477
44722	0.77048445
44723	0.76706100
44724	0.76384658
44725	0.76081723
44726	0.75795180
44727	0.75523210
44728	0.75264180
44729	0.75016642
44730	0.74779326
44731	0.74551094
44732	0.74330920
44733	0.74117899
44734	0.73911196
44735	0.73710066
44736	0.73513830
44737	0.73321885
44738	0.73133659
44739	0.72948641
44740	0.72766370
44741	0.72586417
44742	0.72408384
44743	0.72231925
44744	0.72056681
44745	0.71882361
44746	0.71708679
44747	0.71535385
44748	0.71362215
44749	0.71188974
44750	0.71015435
44751	0.70841426
44752	0.70666760
44753	0.70491296
44754	0.70314860
44755	0.70137340
44756	0.69958615
44757	0.69778562
44758	0.69597095
44759	0.69414115
44760	0.69229543
44761	0.69043314
44762	0.68855363
44763	0.68665630
44764	0.68474060
44765	0.68280625
44766	0.68085289
44767	0.67888021
44768	0.67688799
44769	0.67487609
44770	0.67284435
44771	0.67079264
44772	0.66872108
44773	0.66662949
44774	0.66451806
44775	0.66238672
44776	0.66023564
44777	0.65806490
44778	0.65587461
44779	0.65366501
44780	0.65143627
44781	0.64918852
44782	0.64692205
44783	0.64463711
44784	0.64233392
44785	0.64001274
44786	0.63767391
44787	0.63531774
44788	0.63294452
44789	0.63055468
44790	0.62814844
44791	0.62572640
44792	0.62328881
44793	0.62083620
44794	0.61836898
44795	0.61588752
44796	0.61339247
44797	0.61088437
44798	0.60836357
44799	0.60583079
44800	0.60328645
44801	0.60073119
44802	0.59816569
44803	0.59559029
44804	0.59300584
44805	0.59041286
44806	0.58781195
44807	0.58520371
44808	0.58258885
44809	0.57996786
44810	0.57734138
44811	0.57471001
44812	0.57207441
44813	0.56943506
44814	0.56679255
44815	0.56414741
44816	0.56150025
44817	0.55885142
44818	0.55620158
44819	0.55355108
44820	0.55090046
44821	0.54825008
44822	0.54560047
44823	0.54295188
44824	0.54030478
44825	0.53765935
44826	0.53501612
44827	0.53237534
44828	0.52973717
44829	0.52710205
44830	0.52447009
44831	0.52184159
44832	0.51921666
44833	0.51659560
44834	0.51397854
44835	0.51136559
44836	0.50875705
44837	0.50615287
44838	0.50355327
44839	0.50095832
44840	0.49836811
44841	0.49578279
44842	0.49320239
44843	0.49062702
44844	0.48805672
44845	0.48549151
44846	0.48293155
44847	0.48037684
44848	0.47782731
44849	0.47528321
44850	0.47274441
44851	0.47021100
44852	0.46768305
44853	0.46516052
44854	0.46264341
44855	0.46013188
44856	0.45762575
44857	0.45512512
44858	0.45263004
44859	0.45014045
44860	0.44765630
44861	0.44517770
44862	0.44270447
44863	0.44023672
44864	0.43777436
44865	0.43531740
44866	0.43286577
44867	0.43041945
44868	0.42797840
44869	0.42554250
44870	0.42311177
44871	0.42068624
44872	0.41826567
44873	0.41585016
44874	0.41343957
44875	0.41103390
44876	0.40863305
44877	0.40623698
44878	0.40384558
44879	0.40145889
44880	0.39907685
44881	0.39669934
44882	0.39432636
44883	0.39195782
44884	0.38959369
44885	0.38723394
44886	0.38487846
44887	0.38252723
44888	0.38018021
44889	0.37783721
44890	0.37549827
44891	0.37316319
44892	0.37083194
44893	0.36850438
44894	0.36618030
44895	0.36385962
44896	0.36154205
44897	0.35922739
44898	0.35691538
44899	0.35460570
44900	0.35229796
44901	0.34999177
44902	0.34768662
44903	0.34538203
44904	0.34307745
44905	0.34077206
44906	0.33846521
44907	0.33615607
44908	0.33384356
44909	0.33152673
44910	0.32920432
44911	0.32687503
44912	0.32453740
44913	0.32218981
44914	0.31983054
44915	0.31745753
44916	0.31506860
44917	0.31266132
44918	0.31023300
44919	0.30778074
44920	0.30530125
44921	0.30279088
44922	0.30024567
44923	0.29766116
44924	0.29503244
44925	0.29235408
44926	0.28961977
44927	0.28682300
44928	0.28395602
44929	0.28101030
44930	0.27797642
44931	0.27484351
44932	0.27159938
44933	0.26823038
44934	0.26472071
44935	0.26105279
44936	0.25720620
44937	0.25315750
44938	0.24887985
44939	0.24434206
44940	0.23950779
44941	0.23433442
44942	0.22877179
44943	0.22276095
44944	0.21623109
44945	0.20909707
44946	0.20125645
44947	0.19258289
44948	0.18292066
44949	0.17207523
44950	0.15979956
44951	0.14577746
44952	0.12959416
44953	0.11069745
44954	0.08833707
44955	0.06146164
44956	0.02855635
44957	-0.01264604
44958	-0.06569824
44959	-0.13649784
44960	-0.23561068
44961	-0.38402727
44962	-0.63021147
44963	-1.11697793
44964	-2.52871203
44965	NaN
44966	NaN
44967	NaN
44968	NaN
44969	NaN
44970	NaN
44971	NaN
44972	NaN
44973	NaN
44974	NaN
44975	NaN
44976	NaN
44977	NaN
44978	NaN
44979	NaN
44980	NaN
44981	NaN
44982	NaN
44983	NaN
44984	NaN
44985	NaN
44986	NaN
44987	NaN
44988	NaN
44989	NaN
44990	NaN
44991	NaN
44992	NaN
44993	NaN
44994	NaN
44995	NaN
44996	NaN
44997	NaN
44998	NaN
44999	NaN
45000	NaN
45001	NaN
45002	NaN
45003	NaN
45004	NaN
45005	NaN
45006	NaN
45007	NaN
45008	NaN
45009	NaN
45010	NaN
45011	NaN
45012	NaN
45013	NaN
45014	NaN
45015	NaN
45016	NaN
45017	NaN
45018	NaN
45019	NaN
45020	NaN
45021	NaN
45022	NaN
45023	NaN
45024	NaN
45025	NaN
45026	4.04404783
45027	2.17011714
45028	1.62505865
45029	1.36569118
45030	1.21424365
45031	1.11508942
45032	1.04521883
45033	0.99338776
45034	0.95345116
45035	0.92176646
45036	0.89603686
45037	0.87474334
45038	0.85684025
45039	0.84158421
45040	0.82843268
45041	0.81698036
45042	0.80691862
45043	0.79800719
45044	0.79005742
45045	0.78291857
45046	0.77646929
45047	0.77060992
45048	0.76525855
45049	0.76034665
45050	0.75581717
45051	0.75162166
45052	0.74771917
45053	0.74407411
45054	0.74065626
45055	0.73743939
45056	0.73440051
45057	0.73151934
45058	0.72877872
45059	0.72616273
45060	0.72365791
45061	0.72125167
45062	0.71893334
45063	0.71669298
45064	0.71452188
45065	0.71241194
45066	0.71035606
45067	0.70834786
45068	0.70638120
45069	0.70445085
45070	0.70255178
45071	0.70067954
45072	0.69883001
45073	0.69699937
45074	0.69518411
45075	0.69338101
45076	0.69158703
45077	0.68979961
45078	0.68801588
45079	0.68623370
45080	0.68445092
45081	0.68266547
45082	0.68087536
45083	0.67907906
45084	0.67727482
45085	0.67546117
45086	0.67363673
45087	0.67180037
45088	0.66995084
45089	0.66808701
45090	0.66620803
45091	0.66431302
45092	0.66240108
45093	0.66047156
45094	0.65852392
45095	0.65655738
45096	0.65457159
45097	0.65256613
45098	0.65054065
45099	0.64849466
45100	0.64642817
45101	0.64434087
45102	0.64223254
45103	0.64010316
45104	0.63795280
45105	0.63578123
45106	0.63358867
45107	0.63137513
45108	0.62914073
45109	0.62688559
45110	0.62461007
45111	0.62231416
45112	0.61999822
45113	0.61766255
45114	0.61530745
45115	0.61293328
45116	0.61054039
45117	0.60812908
45118	0.60570008
45119	0.60325348
45120	0.60078996
45121	0.59830999
45122	0.59581405
45123	0.59330273
45124	0.59077650
45125	0.58823615
45126	0.58568203
45127	0.58311498
45128	0.58053541
45129	0.57794410
45130	0.57534170
45131	0.57272887
45132	0.57010627
45133	0.56747454
45134	0.56483442
45135	0.56218648
45136	0.55953151
45137	0.55687004
45138	0.55420285
45139	0.55153060
45140	0.54885381
45141	0.54617316
45142	0.54348922
45143	0.54080266
45144	0.53811401
45145	0.53542382
45146	0.53273255
45147	0.53004086
45148	0.52734905
45149	0.52465773
45150	0.52196723
45151	0.51927805
45152	0.51659048
45153	0.51390493
45154	0.51122183
45155	0.50854135
45156	0.50586390
45157	0.50318962
45158	0.50051886
45159	0.49785182
45160	0.49518874
45161	0.49252966
45162	0.48987490
45163	0.48722458
45164	0.48457876
45165	0.48193762
45166	0.47930127
45167	0.47666973
45168	0.47404313
45169	0.47142151
45170	0.46880499
45171	0.46619347
45172	0.46358714
45173	0.46098596
45174	0.45838997
45175	0.45579919
45176	0.45321366
45177	0.45063335
45178	0.44805837
45179	0.44548857
45180	0.44292405
45181	0.44036481
45182	0.43781087
45183	0.43526217
45184	0.43271872
45185	0.43018052
45186	0.42764759
45187	0.42511985
45188	0.42259732
45189	0.42007995
45190	0.41756776
45191	0.41506064
45192	0.41255859
45193	0.41006157
45194	0.40756956
45195	0.40508240
45196	0.40260014
45197	0.40012267
45198	0.39764991
45199	0.39518180
45200	0.39271829
45201	0.39025918
45202	0.38780454
45203	0.38535413
45204	0.38290796
45205	0.38046587
45206	0.37802777
45207	0.37559354
45208	0.37316301
45209	0.37073615
45210	0.36831278
45211	0.36589280
45212	0.36347604
45213	0.36106238
45214	0.35865167
45215	0.35624373
45216	0.35383844
45217	0.35143560
45218	0.34903499
45219	0.34663656
45220	0.34423995
45221	0.34184504
45222	0.33945152
45223	0.33705923
45224	0.33466777
45225	0.33227685
45226	0.32988620
45227	0.32749543
45228	0.32510406
45229	0.32271177
45230	0.32031801
45231	0.31792223
45232	0.31552383
45233	0.31312218
45234	0.31071660
45235	0.30830622
45236	0.30589017
45237	0.30346742
45238	0.30103698
45239	0.29859766
45240	0.29614806
45241	0.29368669
45242	0.29121214
45243	0.28872243
45244	0.28621566
45245	0.28368965
45246	0.28114206
45247	0.27857012
45248	0.27597097
45249	0.27334118
45250	0.27067727
45251	0.26797524
45252	0.26523042
45253	0.26243800
45254	0.25959235
45255	0.25668719
45256	0.25371557
45257	0.25066960
45258	0.24754058
45259	0.24431857
45260	0.24099223
45261	0.23754904
45262	0.23397453
45263	0.23025218
45264	0.22636315
45265	0.22228560
45266	0.21799490
45267	0.21346185
45268	0.20865282
45269	0.20352872
45270	0.19804302
45271	0.19214095
45272	0.18575707
45273	0.17881286
45274	0.17121415
45275	0.16284469
45276	0.15356155
45277	0.14318757
45278	0.13149817
45279	0.11820569
45280	0.10293655
45281	0.08519620
45282	0.06431622
45283	0.03936914
45284	0.00903140
45285	-0.02865130
45286	-0.07669576
45287	-0.14000960
45288	-0.22715302
45289	-0.35451129
45290	-0.55787933
45291	-0.93332142
45292	-1.85616684
45293	-7.69480038
45294	NaN
45295	NaN
45296	NaN
45297	NaN
45298	NaN
45299	NaN
45300	NaN
45301	NaN
45302	NaN
45303	NaN
45304	NaN
45305	NaN
45306	NaN
45307	NaN
45308	NaN
45309	NaN
45310	NaN
45311	NaN
45312	NaN
45313	NaN
45314	NaN
45315	NaN
45316	NaN
45317	NaN
45318	NaN
45319	NaN
45320	NaN
45321	NaN
45322	NaN
45323	NaN
45324	NaN
45325	NaN
45326	NaN
45327	NaN
45328	NaN
45329	NaN
45330	NaN
45331	NaN
45332	NaN
45333	NaN
45334	NaN
45335	NaN
45336	NaN
45337	NaN
45338	NaN
45339	NaN
45340	NaN
45341	NaN
45342	NaN
45343	NaN
45344	NaN
45345	NaN
45346	NaN
45347	NaN
45348	NaN
45349	NaN
45350	NaN
45351	NaN
45352	NaN
45353	NaN
45354	NaN
45355	NaN
45356	NaN
45357	NaN
45358	NaN
45359	NaN
45360	9.09328747
45361	2.82409048
45362	1.88985586
45363	1.51384795
45364	1.31110764
45365	1.18446660
45366	1.09795606
45367	1.03518081
45368	0.98759967
45369	0.95032495
45370	0.92035741
45371	0.89575577
45372	0.87520725
45373	0.85779190
45374	0.84284693
45375	0.82988191
45376	0.81852716
45377	0.80849719
45378	0.79956990
45379	0.79156852
45380	0.78435135
45381	0.77780330
45382	0.77182996
45383	0.76635265
45384	0.76130646
45385	0.75663596
45386	0.75229490
45387	0.74824315
45388	0.74444652
45389	0.74087572
45390	0.73750496
45391	0.73431194
45392	0.73127711
45393	0.72838324
45394	0.72561508
45395	0.72295898
45396	0.72040313
45397	0.71793658
45398	0.71554977
45399	0.71323401
45400	0.71098143
45401	0.70878512
45402	0.70663851
45403	0.70453590
45404	0.70247203
45405	0.70044196
45406	0.69844127
45407	0.69646597
45408	0.69451231
45409	0.69257689
45410	0.69065666
45411	0.68874878
45412	0.68685049
45413	0.68495947
45414	0.68307340
45415	0.68119031
45416	0.67930841
45417	0.67742586
45418	0.67554110
45419	0.67365265
45420	0.67175925
45421	0.66985977
45422	0.66795307
45423	0.66603804
45424	0.66411394
45425	0.66217989
45426	0.66023523
45427	0.65827918
45428	0.65631133
45429	0.65433109
45430	0.65233803
45431	0.65033174
45432	0.64831197
45433	0.64627838
45434	0.64423072
45435	0.64216882
45436	0.64009249
45437	0.63800162
45438	0.63589609
45439	0.63377583
45440	0.63164085
45441	0.62949115
45442	0.62732655
45443	0.62514722
45444	0.62295318
45445	0.62074447
45446	0.61852115
45447	0.61628336
45448	0.61403120
45449	0.61176473
45450	0.60948414
45451	0.60718960
45452	0.60488123
45453	0.60255933
45454	0.60022402
45455	0.59787560
45456	0.59551424
45457	0.59314024
45458	0.59075397
45459	0.58835560
45460	0.58594561
45461	0.58352423
45462	0.58109182
45463	0.57864887
45464	0.57619560
45465	0.57373255
45466	0.57126009
45467	0.56877863
45468	0.56628859
45469	0.56379050
45470	0.56128472
45471	0.55877173
45472	0.55625200
45473	0.55372596
45474	0.55119401
45475	0.54865664
45476	0.54611433
45477	0.54356742
45478	0.54101640
45479	0.53846169
45480	0.53590363
45481	0.53334260
45482	0.53077906
45483	0.52821332
45484	0.52564573
45485	0.52307659
45486	0.52050626
45487	0.51793498
45488	0.51536316
45489	0.51279092
45490	0.51021856
45491	0.50764638
45492	0.50507456
45493	0.50250328
45494	0.49993280
45495	0.49736321
45496	0.49479473
45497	0.49222752
45498	0.48966175
45499	0.48709753
45500	0.48453498
45501	0.48197418
45502	0.47941530
45503	0.47685835
45504	0.47430357
45505	0.47175089
45506	0.46920046
45507	0.46665239
45508	0.46410656
45509	0.46156332
45510	0.45902249
45511	0.45648426
45512	0.45394868
45513	0.45141566
45514	0.44888541
45515	0.44635788
45516	0.44383314
45517	0.44131124
45518	0.43879226
45519	0.43627611
45520	0.43376297
45521	0.43125278
45522	0.42874560
45523	0.42624146
45524	0.42374042
45525	0.42124239
45526	0.41874757
45527	0.41625586
45528	0.41376737
45529	0.41128206
45530	0.40880004
45531	0.40632120
45532	0.40384567
45533	0.40137345
45534	0.39890462
45535	0.39643911
45536	0.39397702
45537	0.39151838
45538	0.38906321
45539	0.38661155
45540	0.38416347
45541	0.38171896
45542	0.37927809
45543	0.37684092
45544	0.37440744
45545	0.37197775
45546	0.36955190
45547	0.36712986
45548	0.36471164
45549	0.36229742
45550	0.35988715
45551	0.35748079
45552	0.35507840
45553	0.35267997
45554	0.35028547
45555	0.34789485
45556	0.34550798
45557	0.34312493
45558	0.34074545
45559	0.33836946
45560	0.33599678
45561	0.33362713
45562	0.33126035
45563	0.32889608
45564	0.32653394
45565	0.32417363
45566	0.32181454
45567	0.31945622
45568	0.31709808
45569	0.31473941
45570	0.31237942
45571	0.31001726
45572	0.30765188
45573	0.30528235
45574	0.30290738
45575	0.30052558
45576	0.29813561
45577	0.29573578
45578	0.29332432
45579	0.29089931
45580	0.28845832
45581	0.28599924
45582	0.28351933
45583	0.28101557
45584	0.27848479
45585	0.27592340
45586	0.27332747
45587	0.27069259
45588	0.26801392
45589	0.26528612
45590	0.26250312
45591	0.25965828
45592	0.25674430
45593	0.25375268
45594	0.25067425
45595	0.24749836
45596	0.24421325
45597	0.24080577
45598	0.23726074
45599	0.23356080
45600	0.22968662
45601	0.22561570
45602	0.22132210
45603	0.21677631
45604	0.21194360
45605	0.20678413
45606	0.20125067
45607	0.19528726
45608	0.18882850
45609	0.18179518
45610	0.17409255
45611	0.16560523
45612	0.15619156
45613	0.14567637
45614	0.13383912
45615	0.12039913
45616	0.10499487
45617	0.08714993
45618	0.06622623
45619	0.04134693
45620	0.01127461
45621	-0.02579458
45622	-0.07259978
45623	-0.13350926
45624	-0.21593939
45625	-0.33359182
45626	-0.51488352
45627	-0.82996440
45628	-1.51176929
45629	-4.08075094
45630	NaN
45631	NaN
45632	NaN
45633	NaN
45634	NaN
45635	NaN
45636	NaN
45637	NaN
45638	NaN
45639	NaN
45640	NaN
45641	NaN
45642	NaN
45643	NaN
45644	NaN
45645	NaN
45646	NaN
45647	NaN
45648	NaN
45649	NaN
45650	NaN
45651	NaN
45652	NaN
45653	NaN
45654	NaN
45655	NaN
45656	NaN
45657	NaN
45658	NaN
45659	NaN
45660	NaN
45661	NaN
45662	NaN
45663	NaN
45664	NaN
45665	NaN
45666	NaN
45667	NaN
45668	NaN
45669	NaN
45670	NaN
45671	NaN
45672	NaN
45673	NaN
45674	NaN
45675	NaN
45676	NaN
45677	NaN
45678	NaN
45679	NaN
45680	NaN
45681	NaN
45682	NaN
45683	NaN
45684	NaN
45685	NaN
45686	NaN
45687	NaN
45688	NaN
45689	NaN
45690	3.22357988
45691	1.99351943
45692	1.55108857
45693	1.32358372
45694	1.18520319
45695	1.09229124
45696	1.02569497
45697	0.97568905
45698	0.93681198
45699	0.90575767
45700	0.88040942
45701	0.85934865
45702	0.84158838
45703	0.82642108
45704	0.81332678
45705	0.80191380
45706	0.79188216
45707	0.78299773
45708	0.77507567
45709	0.76796752
45710	0.76155335
45711	0.75573415
45712	0.75042874
45713	0.74556905
45714	0.74109775
45715	0.73696631
45716	0.73313361
45717	0.72956377
45718	0.72622645
45719	0.72309500
45720	0.72014618
45721	0.71735966
45722	0.71471745
45723	0.71220398
45724	0.70980507
45725	0.70750827
45726	0.70530242
45727	0.70317751
45728	0.70112461
45729	0.69913554
45730	0.69720298
45731	0.69532037
45732	0.69348145
45733	0.69168091
45734	0.68991357
45735	0.68817496
45736	0.68646085
45737	0.68476719
45738	0.68309051
45739	0.68142754
45740	0.67977518
45741	0.67813057
45742	0.67649120
45743	0.67485458
45744	0.67321861
45745	0.67158103
45746	0.66994005
45747	0.66829377
45748	0.66664064
45749	0.66497910
45750	0.66330761
45751	0.66162497
45752	0.65992993
45753	0.65822130
45754	0.65649801
45755	0.65475923
45756	0.65300393
45757	0.65123135
45758	0.64944065
45759	0.64763129
45760	0.64580256
45761	0.64395392
45762	0.64208478
45763	0.64019483
45764	0.63828355
45765	0.63635063
45766	0.63439584
45767	0.63241869
45768	0.63041919
45769	0.62839711
45770	0.62635213
45771	0.62428433
45772	0.62219352
45773	0.62007982
45774	0.61794311
45775	0.61578345
45776	0.61360085
45777	0.61139548
45778	0.60916746
45779	0.60691696
45780	0.60464418
45781	0.60234940
45782	0.60003275
45783	0.59769469
45784	0.59533554
45785	0.59295565
45786	0.59055537
45787	0.58813518
45788	0.58569562
45789	0.58323705
45790	0.58076012
45791	0.57826537
45792	0.57575339
45793	0.57322478
45794	0.57068026
45795	0.56812036
45796	0.56554580
45797	0.56295729
45798	0.56035554
45799	0.55774122
45800	0.55511516
45801	0.55247802
45802	0.54983050
45803	0.54717338
45804	0.54450732
45805	0.54183316
45806	0.53915149
45807	0.53646302
45808	0.53376848
45809	0.53106856
45810	0.52836394
45811	0.52565515
45812	0.52294296
45813	0.52022785
45814	0.51751041
45815	0.51479131
45816	0.51207095
45817	0.50934994
45818	0.50662869
45819	0.50390780
45820	0.50118762
45821	0.49846852
45822	0.49575102
45823	0.49303544
45824	0.49032217
45825	0.48761150
45826	0.48490378
45827	0.48219931
45828	0.47949839
45829	0.47680125
45830	0.47410822
45831	0.47141939
45832	0.46873516
45833	0.46605560
45834	0.46338099
45835	0.46071148
45836	0.45804733
45837	0.45538861
45838	0.45273551
45839	0.45008823
45840	0.44744685
45841	0.44481164
45842	0.44218257
45843	0.43955991
45844	0.43694374
45845	0.43433410
45846	0.43173122
45847	0.42913511
45848	0.42654592
45849	0.42396373
45850	0.42138857
45851	0.41882056
45852	0.41625977
45853	0.41370624
45854	0.41116002
45855	0.40862107
45856	0.40608957
45857	0.40356535
45858	0.40104857
45859	0.39853916
45860	0.39603710
45861	0.39354235
45862	0.39105493
45863	0.38857472
45864	0.38610169
45865	0.38363585
45866	0.38117701
45867	0.37872514
45868	0.37628016
45869	0.37384194
45870	0.37141040
45871	0.36898538
45872	0.36656678
45873	0.36415452
45874	0.36174837
45875	0.35934821
45876	0.35695386
45877	0.35456526
45878	0.35218209
45879	0.34980416
45880	0.34743142
45881	0.34506354
45882	0.34270030
45883	0.34034148
45884	0.33798686
45885	0.33563608
45886	0.33328882
45887	0.33094481
45888	0.32860366
45889	0.32626501
45890	0.32392833
45891	0.32159328
45892	0.31925938
45893	0.31692597
45894	0.31459242
45895	0.31225809
45896	0.30992222
45897	0.30758408
45898	0.30524260
45899	0.30289686
45900	0.30054578
45901	0.29818806
45902	0.29582244
45903	0.29344732
45904	0.29106113
45905	0.28866208
45906	0.28624803
45907	0.28381684
45908	0.28136599
45909	0.27889273
45910	0.27639407
45911	0.27386662
45912	0.27130660
45913	0.26870981
45914	0.26607156
45915	0.26338682
45916	0.26064974
45917	0.25785369
45918	0.25499162
45919	0.25205526
45920	0.24903545
45921	0.24592181
45922	0.24270241
45923	0.23936425
45924	0.23589198
45925	0.23226835
45926	0.22847359
45927	0.22448492
45928	0.22027589
45929	0.21581589
45930	0.21106905
45931	0.20599392
45932	0.20054093
45933	0.19465095
45934	0.18825439
45935	0.18126652
45936	0.17358460
45937	0.16508231
45938	0.15560339
45939	0.14495191
45940	0.13287805
45941	0.11905910
45942	0.10307238
45943	0.08435018
45944	0.06211517
45945	0.03527072
45946	0.00222129
45947	-0.03944695
45948	-0.09357326
45949	-0.16665016
45950	-0.27059296
45951	-0.42990819
45952	-0.70427477
45953	-1.28699613
45954	-3.35439491
45955	NaN
45956	NaN
45957	NaN
45958	NaN
45959	NaN
45960	NaN
45961	NaN
45962	NaN
45963	NaN
45964	NaN
45965	NaN
45966	NaN
45967	NaN
45968	NaN
45969	NaN
45970	NaN
45971	NaN
45972	NaN
45973	NaN
45974	NaN
45975	NaN
45976	NaN
45977	NaN
45978	NaN
45979	NaN
45980	NaN
45981	NaN
45982	NaN
45983	NaN
45984	NaN
45985	NaN
45986	NaN
45987	NaN
45988	NaN
45989	NaN
45990	NaN
45991	NaN
45992	NaN
45993	NaN
45994	NaN
45995	NaN
45996	NaN
45997	NaN
45998	NaN
45999	NaN
46000	NaN
46001	NaN
46002	NaN
46003	NaN
46004	NaN
46005	NaN
46006	NaN
46007	NaN
46008	NaN
46009	NaN
46010	NaN
46011	NaN
46012	NaN
46013	NaN
46014	NaN
46015	NaN
46016	NaN
46017	NaN
46018	NaN
46019	3.49071622
46020	2.02857900
46021	1.55386829
46022	1.31925511
46023	1.17961311
46024	1.08714974
46025	1.02152407
46026	0.97260976
46027	0.93480092
46028	0.90474153
46029	0.88029957
46030	0.86005610
46031	0.84302938
46032	0.82851982
46033	0.81601405
46034	0.80512786
46035	0.79556745
46036	0.78710461
46037	0.77955896
46038	0.77278680
46039	0.76667148
46040	0.76111799
46041	0.75604743
46042	0.75139451
46043	0.74710429
46044	0.74313051
46045	0.73943323
46046	0.73597902
46047	0.73273849
46048	0.72968644
46049	0.72680086
46050	0.72406274
46051	0.72145492
46052	0.71896261
46053	0.71657270
46054	0.71427345
46055	0.71205437
46056	0.70990616
46057	0.70782048
46058	0.70578974
46059	0.70380706
46060	0.70186651
46061	0.69996220
46062	0.69808924
46063	0.69624293
46064	0.69441915
46065	0.69261396
46066	0.69082385
46067	0.68904555
46068	0.68727612
46069	0.68551296
46070	0.68375355
46071	0.68199539
46072	0.68023658
46073	0.67847520
46074	0.67670947
46075	0.67493767
46076	0.67315841
46077	0.67137033
46078	0.66957217
46079	0.66776294
46080	0.66594154
46081	0.66410714
46082	0.66225880
46083	0.66039592
46084	0.65851790
46085	0.65662408
46086	0.65471393
46087	0.65278703
46088	0.65084326
46089	0.64888215
46090	0.64690346
46091	0.64490694
46092	0.64289266
46093	0.64086026
46094	0.63880998
46095	0.63674152
46096	0.63465506
46097	0.63255060
46098	0.63042819
46099	0.62828803
46100	0.62613016
46101	0.62395471
46102	0.62176186
46103	0.61955190
46104	0.61732489
46105	0.61508113
46106	0.61282086
46107	0.61054426
46108	0.60825181
46109	0.60594356
46110	0.60361987
46111	0.60128129
46112	0.59892786
46113	0.59656006
46114	0.59417826
46115	0.59178287
46116	0.58937430
46117	0.58695287
46118	0.58451909
46119	0.58207339
46120	0.57961625
46121	0.57714814
46122	0.57466942
46123	0.57218081
46124	0.56968266
46125	0.56717545
46126	0.56465983
46127	0.56213623
46128	0.55960518
46129	0.55706722
46130	0.55452275
46131	0.55197245
46132	0.54941678
46133	0.54685622
46134	0.54429138
46135	0.54172254
46136	0.53915030
46137	0.53657514
46138	0.53399754
46139	0.53141785
46140	0.52883655
46141	0.52625400
46142	0.52367073
46143	0.52108693
46144	0.51850313
46145	0.51591951
46146	0.51333654
46147	0.51075441
46148	0.50817353
46149	0.50559407
46150	0.50301635
46151	0.50044054
46152	0.49786696
46153	0.49529576
46154	0.49272710
46155	0.49016127
46156	0.48759833
46157	0.48503846
46158	0.48248184
46159	0.47992861
46160	0.47737885
46161	0.47483265
46162	0.47229022
46163	0.46975151
46164	0.46721673
46165	0.46468592
46166	0.46215919
46167	0.45963651
46168	0.45711809
46169	0.45460388
46170	0.45209396
46171	0.44958839
46172	0.44708729
46173	0.44459063
46174	0.44209853
46175	0.43961090
46176	0.43712786
46177	0.43464947
46178	0.43217576
46179	0.42970666
46180	0.42724231
46181	0.42478266
46182	0.42232776
46183	0.41987762
46184	0.41743216
46185	0.41499153
46186	0.41255563
46187	0.41012454
46188	0.40769812
46189	0.40527648
46190	0.40285951
46191	0.40044728
46192	0.39803973
46193	0.39563677
46194	0.39323840
46195	0.39084464
46196	0.38845542
46197	0.38607070
46198	0.38369036
46199	0.38131443
46200	0.37894276
46201	0.37657541
46202	0.37421229
46203	0.37185326
46204	0.36949831
46205	0.36714724
46206	0.36480010
46207	0.36245668
46208	0.36011681
46209	0.35778046
46210	0.35544744
46211	0.35311759
46212	0.35079068
46213	0.34846652
46214	0.34614480
46215	0.34382531
46216	0.34150767
46217	0.33919159
46218	0.33687663
46219	0.33456230
46220	0.33224815
46221	0.32993355
46222	0.32761788
46223	0.32530048
46224	0.32298049
46225	0.32065701
46226	0.31832910
46227	0.31599563
46228	0.31365541
46229	0.31130692
46230	0.30894887
46231	0.30657950
46232	0.30419689
46233	0.30179909
46234	0.29938382
46235	0.29694849
46236	0.29449040
46237	0.29200637
46238	0.28949308
46239	0.28694668
46240	0.28436291
46241	0.28173739
46242	0.27906469
46243	0.27633920
46244	0.27355444
46245	0.27070329
46246	0.26777789
46247	0.26476911
46248	0.26166689
46249	0.25845999
46250	0.25513574
46251	0.25167957
46252	0.24807523
46253	0.24430382
46254	0.24034427
46255	0.23617204
46256	0.23175873
46257	0.22707203
46258	0.22207363
46259	0.21671942
46260	0.21095702
46261	0.20472449
46262	0.19794852
46263	0.19054052
46264	0.18239309
46265	0.17337535
46266	0.16332556
46267	0.15204141
46268	0.13926746
46269	0.12467502
46270	0.10783607
46271	0.08818005
46272	0.06493144
46273	0.03700876
46274	0.00285506
46275	-0.03985321
46276	-0.09474508
46277	-0.16782308
46278	-0.26977482
46279	-0.42167103
46280	-0.67160946
46281	-1.15847111
46282	-2.51770854
46283	NaN
46284	NaN
46285	NaN
46286	NaN
46287	NaN
46288	NaN
46289	NaN
46290	NaN
46291	NaN
46292	NaN
46293	NaN
46294	NaN
46295	NaN
46296	NaN
46297	NaN
46298	NaN
46299	NaN
46300	NaN
46301	NaN
46302	NaN
46303	NaN
46304	NaN
46305	NaN
46306	NaN
46307	NaN
46308	NaN
46309	NaN
46310	NaN
46311	NaN
46312	NaN
46313	NaN
46314	NaN
46315	NaN
46316	NaN
46317	NaN
46318	NaN
46319	NaN
46320	NaN
46321	NaN
46322	NaN
46323	NaN
46324	NaN
46325	NaN
46326	NaN
46327	NaN
46328	NaN
46329	NaN
46330	NaN
46331	NaN
46332	NaN
46333	NaN
46334	NaN
46335	NaN
46336	NaN
46337	NaN
46338	NaN
46339	NaN
46340	NaN
46341	NaN
46342	NaN
46343	NaN
46344	4.35359049
46345	2.25181603
46346	1.66697729
46347	1.39264011
46348	1.23359013
46349	1.12989616
46350	1.05702031
46351	1.00305676
46352	0.96152705
46353	0.92860466
46354	0.90188372
46355	0.87977636
46356	0.86119044
46357	0.84535229
46358	0.83169734
46359	0.81980431
46360	0.80935162
46361	0.80009097
46362	0.79182661
46363	0.78440219
46364	0.77769208
46365	0.77159280
46366	0.76601988
46367	0.76090246
46368	0.75618172
46369	0.75180751
46370	0.74773717
46371	0.74393427
46372	0.74036759
46373	0.73700982
46374	0.73383754
46375	0.73082978
46376	0.72796857
46377	0.72523785
46378	0.72262335
46379	0.72011268
46380	0.71769428
46381	0.71535820
46382	0.71309537
46383	0.71089762
46384	0.70875758
46385	0.70666862
46386	0.70462453
46387	0.70261985
46388	0.70064956
46389	0.69870901
46390	0.69679403
46391	0.69490075
46392	0.69302553
46393	0.69116509
46394	0.68931651
46395	0.68747693
46396	0.68564379
46397	0.68381464
46398	0.68198740
46399	0.68015999
46400	0.67833048
46401	0.67649728
46402	0.67465866
46403	0.67281324
46404	0.67095971
46405	0.66909665
46406	0.66722304
46407	0.66533786
46408	0.66344011
46409	0.66152894
46410	0.65960366
46411	0.65766340
46412	0.65570778
46413	0.65373588
46414	0.65174758
46415	0.64974219
46416	0.64771938
46417	0.64567882
46418	0.64362037
46419	0.64154363
46420	0.63944846
46421	0.63733476
46422	0.63520241
46423	0.63305146
46424	0.63088161
46425	0.62869310
46426	0.62648588
46427	0.62426007
46428	0.62201571
46429	0.61975294
46430	0.61747205
46431	0.61517292
46432	0.61285609
46433	0.61052167
46434	0.60816985
46435	0.60580105
46436	0.60341549
46437	0.60101360
46438	0.59859568
46439	0.59616214
46440	0.59371328
46441	0.59124976
46442	0.58877188
46443	0.58628005
46444	0.58377492
46445	0.58125693
46446	0.57872659
46447	0.57618445
46448	0.57363099
46449	0.57106686
46450	0.56849265
46451	0.56590885
46452	0.56331605
46453	0.56071484
46454	0.55810583
46455	0.55548960
46456	0.55286664
46457	0.55023766
46458	0.54760301
46459	0.54496342
46460	0.54231936
46461	0.53967142
46462	0.53702003
46463	0.53436577
46464	0.53170913
46465	0.52905053
46466	0.52639043
46467	0.52372938
46468	0.52106768
46469	0.51840580
46470	0.51574415
46471	0.51308310
46472	0.51042300
46473	0.50776422
46474	0.50510699
46475	0.50245184
46476	0.49979886
46477	0.49714839
46478	0.49450073
46479	0.49185610
46480	0.48921469
46481	0.48657683
46482	0.48394263
46483	0.48131230
46484	0.47868603
46485	0.47606400
46486	0.47344634
46487	0.47083324
46488	0.46822473
46489	0.46562108
46490	0.46302232
46491	0.46042851
46492	0.45783985
46493	0.45525634
46494	0.45267814
46495	0.45010528
46496	0.44753781
46497	0.44497585
46498	0.44241938
46499	0.43986851
46500	0.43732315
46501	0.43478355
46502	0.43224958
46503	0.42972130
46504	0.42719862
46505	0.42468169
46506	0.42217046
46507	0.41966483
46508	0.41716492
46509	0.41467056
46510	0.41218185
46511	0.40969864
46512	0.40722096
46513	0.40474868
46514	0.40228179
46515	0.39982027
46516	0.39736393
46517	0.39491281
46518	0.39246672
46519	0.39002571
46520	0.38758954
46521	0.38515824
46522	0.38273171
46523	0.38030970
46524	0.37789226
46525	0.37547919
46526	0.37307045
46527	0.37066588
46528	0.36826533
46529	0.36586875
46530	0.36347592
46531	0.36108676
46532	0.35870105
46533	0.35631871
46534	0.35393953
46535	0.35156330
46536	0.34918985
46537	0.34681901
46538	0.34445047
46539	0.34208405
46540	0.33971936
46541	0.33735627
46542	0.33499429
46543	0.33263317
46544	0.33027241
46545	0.32791162
46546	0.32555038
46547	0.32318795
46548	0.32082397
46549	0.31845766
46550	0.31608829
46551	0.31371513
46552	0.31133714
46553	0.30895355
46554	0.30656317
46555	0.30416480
46556	0.30175722
46557	0.29933891
46558	0.29690829
46559	0.29446366
46560	0.29200301
46561	0.28952429
46562	0.28702515
46563	0.28450292
46564	0.28195485
46565	0.27937776
46566	0.27676809
46567	0.27412203
46568	0.27143514
46569	0.26870281
46570	0.26591963
46571	0.26307970
46572	0.26017645
46573	0.25720254
46574	0.25414965
46575	0.25100866
46576	0.24776892
46577	0.24441889
46578	0.24094532
46579	0.23733298
46580	0.23356488
46581	0.22962148
46582	0.22548039
46583	0.22111590
46584	0.21649814
46585	0.21159300
46586	0.20636006
46587	0.20075220
46588	0.19471416
46589	0.18817994
46590	0.18107106
46591	0.17329292
46592	0.16473053
46593	0.15524353
46594	0.14465734
46595	0.13275331
46596	0.11925482
46597	0.10380414
46598	0.08593278
46599	0.06501424
46600	0.04019162
46601	0.01026266
46602	-0.02651854
46603	-0.07278324
46604	-0.13268910
46605	-0.21322268
46606	-0.32708761
46607	-0.50007230
46608	-0.79373354
46609	-1.40026236
46610	-3.38122487
46611	NaN
46612	NaN
46613	NaN
46614	NaN
46615	NaN
46616	NaN
46617	NaN
46618	NaN
46619	NaN
46620	NaN
46621	NaN
46622	NaN
46623	NaN
46624	NaN
46625	NaN
46626	NaN
46627	NaN
46628	NaN
46629	NaN
46630	NaN
46631	NaN
46632	NaN
46633	NaN
46634	NaN
46635	NaN
46636	NaN
46637	NaN
46638	NaN
46639	NaN
46640	NaN
46641	NaN
46642	NaN
46643	NaN
46644	NaN
46645	NaN
46646	NaN
46647	NaN
46648	NaN
46649	NaN
46650	NaN
46651	NaN
46652	NaN
46653	NaN
46654	NaN
46655	NaN
46656	NaN
46657	NaN
46658	NaN
46659	NaN
46660	NaN
46661	NaN
46662	NaN
46663	NaN
46664	NaN
46665	NaN
46666	NaN
46667	NaN
46668	NaN
46669	NaN
46670	NaN
46671	NaN
46672	NaN
46673	4.97935343
46674	2.45694542
46675	1.78902340
46676	1.48059952
46677	1.30323517
46678	1.18819380
46679	1.10764611
46680	1.04817629
46681	1.00252354
46682	0.96641409
46683	0.93716884
46684	0.91302150
46685	0.89276260
46686	0.87553442
46687	0.86071253
46688	0.84783131
46689	0.83653677
46690	0.82655430
46691	0.81766826
46692	0.80970669
46693	0.80253094
46694	0.79602784
46695	0.79010391
46696	0.78468180
46697	0.77969658
46698	0.77509326
46699	0.77082497
46700	0.76685202
46701	0.76313961
46702	0.75965834
46703	0.75638217
46704	0.75328827
46705	0.75035673
46706	0.74756998
46707	0.74491245
46708	0.74237037
46709	0.73993111
46710	0.73758370
46711	0.73531824
46712	0.73312551
46713	0.73099768
46714	0.72892725
46715	0.72690743
46716	0.72493231
46717	0.72299618
46718	0.72109401
46719	0.71922106
46720	0.71737319
46721	0.71554631
46722	0.71373701
46723	0.71194178
46724	0.71015763
46725	0.70838183
46726	0.70661163
46727	0.70484477
46728	0.70307893
46729	0.70131218
46730	0.69954264
46731	0.69776851
46732	0.69598842
46733	0.69420075
46734	0.69240421
46735	0.69059783
46736	0.68878025
46737	0.68695068
46738	0.68510830
46739	0.68325204
46740	0.68138158
46741	0.67949611
46742	0.67759514
46743	0.67567819
46744	0.67374492
46745	0.67179489
46746	0.66982794
46747	0.66784376
46748	0.66584229
46749	0.66382319
46750	0.66178662
46751	0.65973222
46752	0.65766025
46753	0.65557051
46754	0.65346313
46755	0.65133810
46756	0.64919555
46757	0.64703560
46758	0.64485824
46759	0.64266372
46760	0.64045215
46761	0.63822371
46762	0.63597864
46763	0.63371700
46764	0.63143921
46765	0.62914532
46766	0.62683564
46767	0.62451059
46768	0.62217021
46769	0.61981505
46770	0.61744529
46771	0.61506128
46772	0.61266351
46773	0.61025220
46774	0.60782790
46775	0.60539091
46776	0.60294175
46777	0.60048079
46778	0.59800857
46779	0.59552556
46780	0.59303224
46781	0.59052908
46782	0.58801657
46783	0.58549523
46784	0.58296567
46785	0.58042830
46786	0.57788366
46787	0.57533228
46788	0.57277459
46789	0.57021123
46790	0.56764263
46791	0.56506932
46792	0.56249166
46793	0.55991024
46794	0.55732536
46795	0.55473763
46796	0.55214733
46797	0.54955494
46798	0.54696083
46799	0.54436535
46800	0.54176885
46801	0.53917164
46802	0.53657413
46803	0.53397655
46804	0.53137916
46805	0.52878225
46806	0.52618605
46807	0.52359086
46808	0.52099675
46809	0.51840407
46810	0.51581293
46811	0.51322353
46812	0.51063597
46813	0.50805050
46814	0.50546724
46815	0.50288618
46816	0.50030762
46817	0.49773163
46818	0.49515828
46819	0.49258763
46820	0.49001986
46821	0.48745507
46822	0.48489320
46823	0.48233455
46824	0.47977909
46825	0.47722688
46826	0.47467801
46827	0.47213256
46828	0.46959063
46829	0.46705228
46830	0.46451747
46831	0.46198642
46832	0.45945916
46833	0.45693567
46834	0.45441607
46835	0.45190036
46836	0.44938865
46837	0.44688103
46838	0.44437742
46839	0.44187796
46840	0.43938270
46841	0.43689162
46842	0.43440473
46843	0.43192217
46844	0.42944387
46845	0.42696989
46846	0.42450029
46847	0.42203504
46848	0.41957417
46849	0.41711769
46850	0.41466567
46851	0.41221806
46852	0.40977496
46853	0.40733629
46854	0.40490204
46855	0.40247241
46856	0.40004721
46857	0.39762655
46858	0.39521036
46859	0.39279872
46860	0.39039159
46861	0.38798898
46862	0.38559079
46863	0.38319713
46864	0.38080785
46865	0.37842295
46866	0.37604237
46867	0.37366599
46868	0.37129378
46869	0.36892551
46870	0.36656114
46871	0.36420038
46872	0.36184314
46873	0.35948911
46874	0.35713795
46875	0.35478938
46876	0.35244295
46877	0.35009822
46878	0.34775466
46879	0.34541172
46880	0.34306875
46881	0.34072492
46882	0.33837947
46883	0.33603138
46884	0.33367965
46885	0.33132315
46886	0.32896045
46887	0.32659021
46888	0.32421085
46889	0.32182056
46890	0.31941730
46891	0.31699893
46892	0.31456318
46893	0.31210729
46894	0.30962840
46895	0.30712333
46896	0.30458841
46897	0.30201980
46898	0.29941311
46899	0.29676354
46900	0.29406562
46901	0.29131371
46902	0.28850091
46903	0.28562009
46904	0.28266302
46905	0.27962044
46906	0.27648208
46907	0.27323627
46908	0.26987022
46909	0.26636893
46910	0.26271552
46911	0.25889108
46912	0.25487366
46913	0.25063804
46914	0.24615534
46915	0.24139179
46916	0.23630849
46917	0.23085958
46918	0.22499104
46919	0.21863900
46920	0.21172668
46921	0.20416188
46922	0.19583276
46923	0.18660158
46924	0.17629866
46925	0.16470985
46926	0.15156305
46927	0.13650782
46928	0.11908266
46929	0.09866904
46930	0.07441818
46931	0.04513270
46932	0.00906883
46933	-0.03641764
46934	-0.09553909
46935	-0.17543730
46936	-0.28927061
46937	-0.46423578
46938	-0.76711100
46939	-1.41744924
46940	-3.80802655
46941	NaN
46942	NaN
46943	NaN
46944	NaN
46945	NaN
46946	NaN
46947	NaN
46948	NaN
46949	NaN
46950	NaN
46951	NaN
46952	NaN
46953	NaN
46954	NaN
46955	NaN
46956	NaN
46957	NaN
46958	NaN
46959	NaN
46960	NaN
46961	NaN
46962	NaN
46963	NaN
46964	NaN
46965	NaN
46966	NaN
46967	NaN
46968	NaN
46969	NaN
46970	NaN
46971	NaN
46972	NaN
46973	NaN
46974	NaN
46975	NaN
46976	NaN
46977	NaN
46978	NaN
46979	NaN
46980	NaN
46981	NaN
46982	NaN
46983	NaN
46984	NaN
46985	NaN
46986	NaN
46987	NaN
46988	NaN
46989	NaN
46990	NaN
46991	NaN
46992	NaN
46993	NaN
46994	NaN
46995	NaN
46996	NaN
46997	NaN
46998	NaN
46999	NaN
47000	3.39122105
47001	2.07745314
47002	1.61327875
47003	1.37631273
47004	1.23276019
47005	1.13663375
47006	1.06786883
47007	1.01631582
47008	0.97628635
47009	0.94434786
47010	0.91830391
47011	0.89668506
47012	0.87846988
47013	0.86292702
47014	0.84951848
47015	0.83784026
47016	0.82758278
47017	0.81850457
47018	0.81041515
47019	0.80316144
47020	0.79661965
47021	0.79068834
47022	0.78528357
47023	0.78033549
47024	0.77578503
47025	0.77158231
47026	0.76768500
47027	0.76405668
47028	0.76066566
47029	0.75748473
47030	0.75449008
47031	0.75166088
47032	0.74897879
47033	0.74642760
47034	0.74399287
47035	0.74166185
47036	0.73942316
47037	0.73726654
47038	0.73518264
47039	0.73316330
47040	0.73120099
47041	0.72928882
47042	0.72742075
47043	0.72559106
47044	0.72379458
47045	0.72202665
47046	0.72028285
47047	0.71855944
47048	0.71685266
47049	0.71515900
47050	0.71347564
47051	0.71179956
47052	0.71012813
47053	0.70845896
47054	0.70678961
47055	0.70511830
47056	0.70344275
47057	0.70176148
47058	0.70007265
47059	0.69837475
47060	0.69666630
47061	0.69494611
47062	0.69321299
47063	0.69146568
47064	0.68970329
47065	0.68792486
47066	0.68612951
47067	0.68431646
47068	0.68248516
47069	0.68063468
47070	0.67876476
47071	0.67687476
47072	0.67496425
47073	0.67303282
47074	0.67108017
47075	0.66910607
47076	0.66711032
47077	0.66509253
47078	0.66305280
47079	0.66099083
47080	0.65890676
47081	0.65680045
47082	0.65467197
47083	0.65252131
47084	0.65034866
47085	0.64815408
47086	0.64593774
47087	0.64369988
47088	0.64144069
47089	0.63916045
47090	0.63685954
47091	0.63453811
47092	0.63219666
47093	0.62983555
47094	0.62745506
47095	0.62505579
47096	0.62263823
47097	0.62020272
47098	0.61774993
47099	0.61528033
47100	0.61279452
47101	0.61029309
47102	0.60777664
47103	0.60524571
47104	0.60270107
47105	0.60014337
47106	0.59757322
47107	0.59499127
47108	0.59239823
47109	0.58979475
47110	0.58718157
47111	0.58455932
47112	0.58192867
47113	0.57929033
47114	0.57664496
47115	0.57399327
47116	0.57133573
47117	0.56867319
47118	0.56600618
47119	0.56333524
47120	0.56066114
47121	0.55798429
47122	0.55530536
47123	0.55262488
47124	0.54994333
47125	0.54726124
47126	0.54457909
47127	0.54189742
47128	0.53921658
47129	0.53653711
47130	0.53385931
47131	0.53118372
47132	0.52851057
47133	0.52584028
47134	0.52317309
47135	0.52050942
47136	0.51784962
47137	0.51519370
47138	0.51254213
47139	0.50989509
47140	0.50725275
47141	0.50461537
47142	0.50198311
47143	0.49935603
47144	0.49673438
47145	0.49411830
47146	0.49150786
47147	0.48890314
47148	0.48630422
47149	0.48371115
47150	0.48112407
47151	0.47854298
47152	0.47596779
47153	0.47339863
47154	0.47083548
47155	0.46827829
47156	0.46572706
47157	0.46318176
47158	0.46064228
47159	0.45810860
47160	0.45558068
47161	0.45305836
47162	0.45054162
47163	0.44803032
47164	0.44552436
47165	0.44302365
47166	0.44052801
47167	0.43803740
47168	0.43555170
47169	0.43307069
47170	0.43059430
47171	0.42812243
47172	0.42565489
47173	0.42319161
47174	0.42073244
47175	0.41827726
47176	0.41582599
47177	0.41337845
47178	0.41093463
47179	0.40849435
47180	0.40605760
47181	0.40362415
47182	0.40119407
47183	0.39876720
47184	0.39634353
47185	0.39392284
47186	0.39150518
47187	0.38909048
47188	0.38667861
47189	0.38426948
47190	0.38186312
47191	0.37945932
47192	0.37705800
47193	0.37465897
47194	0.37226230
47195	0.36986768
47196	0.36747497
47197	0.36508396
47198	0.36269438
47199	0.36030602
47200	0.35791853
47201	0.35553157
47202	0.35314468
47203	0.35075745
47204	0.34836927
47205	0.34597951
47206	0.34358749
47207	0.34119242
47208	0.33879343
47209	0.33638936
47210	0.33397928
47211	0.33156177
47212	0.32913545
47213	0.32669872
47214	0.32424971
47215	0.32178649
47216	0.31930682
47217	0.31680807
47218	0.31428763
47219	0.31174228
47220	0.30916855
47221	0.30656257
47222	0.30392000
47223	0.30123606
47224	0.29850534
47225	0.29572159
47226	0.29287824
47227	0.28996760
47228	0.28698105
47229	0.28390890
47230	0.28074005
47231	0.27746239
47232	0.27406159
47233	0.27052176
47234	0.26682457
47235	0.26294899
47236	0.25887081
47237	0.25456205
47238	0.24999021
47239	0.24511774
47240	0.23990011
47241	0.23428489
47242	0.22821020
47243	0.22160169
47244	0.21436980
47245	0.20640609
47246	0.19757695
47247	0.18771751
47248	0.17662078
47249	0.16402325
47250	0.14958583
47251	0.13286303
47252	0.11325877
47253	0.08995643
47254	0.06180597
47255	0.02714007
47256	-0.01656339
47257	-0.07330258
47258	-0.14981525
47259	-0.25841716
47260	-0.42427579
47261	-0.70808142
47262	-1.30296564
47263	-3.32923245
47264	NaN
47265	NaN
47266	NaN
47267	NaN
47268	NaN
47269	NaN
47270	NaN
47271	NaN
47272	NaN
47273	NaN
47274	NaN
47275	NaN
47276	NaN
47277	NaN
47278	NaN
47279	NaN
47280	NaN
47281	NaN
47282	NaN
47283	NaN
47284	NaN
47285	NaN
47286	NaN
47287	NaN
47288	NaN
47289	NaN
47290	NaN
47291	NaN
47292	NaN
47293	NaN
47294	NaN
47295	NaN
47296	NaN
47297	NaN
47298	NaN
47299	NaN
47300	NaN
47301	NaN
47302	NaN
47303	NaN
47304	NaN
47305	NaN
47306	NaN
47307	NaN
47308	NaN
47309	NaN
47310	NaN
47311	NaN
47312	NaN
47313	NaN
47314	NaN
47315	NaN
47316	NaN
47317	NaN
47318	NaN
47319	NaN
47320	NaN
47321	NaN
47322	NaN
47323	NaN
47324	NaN
47325	NaN
47326	4.05704498
47327	2.22929716
47328	1.68565595
47329	1.42513287
47330	1.27252758
47331	1.17246675
47332	1.10191715
47333	1.04958320
47334	1.00927639
47335	0.97732127
47336	0.95139736
47337	0.92996812
47338	0.91197443
47339	0.89666402
47340	0.88348663
47341	0.87203163
47342	0.86198491
47343	0.85310358
47344	0.84519619
47345	0.83810979
47346	0.83172083
47347	0.82592845
47348	0.82064927
47349	0.81581426
47350	0.81136531
47351	0.80725336
47352	0.80343646
47353	0.79987913
47354	0.79655045
47355	0.79342383
47356	0.79047602
47357	0.78768688
47358	0.78503853
47359	0.78251511
47360	0.78010285
47361	0.77778929
47362	0.77556348
47363	0.77341551
47364	0.77133632
47365	0.76931792
47366	0.76735324
47367	0.76543558
47368	0.76355898
47369	0.76171809
47370	0.75990790
47371	0.75812387
47372	0.75636196
47373	0.75461835
47374	0.75288945
47375	0.75117213
47376	0.74946344
47377	0.74776071
47378	0.74606133
47379	0.74436313
47380	0.74266386
47381	0.74096179
47382	0.73925495
47383	0.73754174
47384	0.73582071
47385	0.73409045
47386	0.73234975
47387	0.73059744
47388	0.72883254
47389	0.72705412
47390	0.72526133
47391	0.72345340
47392	0.72162974
47393	0.71978974
47394	0.71793294
47395	0.71605891
47396	0.71416730
47397	0.71225768
47398	0.71033001
47399	0.70838386
47400	0.70641935
47401	0.70443606
47402	0.70243424
47403	0.70041358
47404	0.69837433
47405	0.69631630
47406	0.69423974
47407	0.69214463
47408	0.69003105
47409	0.68789917
47410	0.68574917
47411	0.68358117
47412	0.68139529
47413	0.67919171
47414	0.67697078
47415	0.67473257
47416	0.67247742
47417	0.67020535
47418	0.66791695
47419	0.66561222
47420	0.66329157
47421	0.66095525
47422	0.65860361
47423	0.65623695
47424	0.65385568
47425	0.65145999
47426	0.64905053
47427	0.64662749
47428	0.64419127
47429	0.64174253
47430	0.63928145
47431	0.63680851
47432	0.63432437
47433	0.63182926
47434	0.62932384
47435	0.62680846
47436	0.62428379
47437	0.62175024
47438	0.61920822
47439	0.61665839
47440	0.61410123
47441	0.61153710
47442	0.60896671
47443	0.60639048
47444	0.60380882
47445	0.60122234
47446	0.59863138
47447	0.59603655
47448	0.59343821
47449	0.59083682
47450	0.58823287
47451	0.58562678
47452	0.58301884
47453	0.58040959
47454	0.57779932
47455	0.57518846
47456	0.57257730
47457	0.56996626
47458	0.56735563
47459	0.56474572
47460	0.56213677
47461	0.55952919
47462	0.55692321
47463	0.55431902
47464	0.55171698
47465	0.54911733
47466	0.54652017
47467	0.54392588
47468	0.54133451
47469	0.53874642
47470	0.53616166
47471	0.53358054
47472	0.53100312
47473	0.52842963
47474	0.52586013
47475	0.52329499
47476	0.52073407
47477	0.51817769
47478	0.51562589
47479	0.51307893
47480	0.51053673
47481	0.50799954
47482	0.50546736
47483	0.50294036
47484	0.50041860
47485	0.49790221
47486	0.49539122
47487	0.49288580
47488	0.49038586
47489	0.48789158
47490	0.48540303
47491	0.48292017
47492	0.48044312
47493	0.47797191
47494	0.47550660
47495	0.47304723
47496	0.47059378
47497	0.46814629
47498	0.46570483
47499	0.46326941
47500	0.46084002
47501	0.45841673
47502	0.45599946
47503	0.45358834
47504	0.45118332
47505	0.44878432
47506	0.44639149
47507	0.44400483
47508	0.44162422
47509	0.43924981
47510	0.43688148
47511	0.43451932
47512	0.43216324
47513	0.42981327
47514	0.42746937
47515	0.42513153
47516	0.42279971
47517	0.42047387
47518	0.41815397
47519	0.41583991
47520	0.41353160
47521	0.41122892
47522	0.40893182
47523	0.40664008
47524	0.40435356
47525	0.40207210
47526	0.39979538
47527	0.39752319
47528	0.39525521
47529	0.39299107
47530	0.39073035
47531	0.38847262
47532	0.38621739
47533	0.38396406
47534	0.38171202
47535	0.37946042
47536	0.37720862
47537	0.37495565
47538	0.37270054
47539	0.37044218
47540	0.36817938
47541	0.36591086
47542	0.36363512
47543	0.36135051
47544	0.35905540
47545	0.35674766
47546	0.35442525
47547	0.35208574
47548	0.34972656
47549	0.34734485
47550	0.34493750
47551	0.34250081
47552	0.34003121
47553	0.33752427
47554	0.33497527
47555	0.33237886
47556	0.32972914
47557	0.32701972
47558	0.32424319
47559	0.32139105
47560	0.31845436
47561	0.31542253
47562	0.31228372
47563	0.30902457
47564	0.30562940
47565	0.30208108
47566	0.29835930
47567	0.29444093
47568	0.29029903
47569	0.28590244
47570	0.28121462
47571	0.27619267
47572	0.27078563
47573	0.26493323
47574	0.25856268
47575	0.25158590
47576	0.24389613
47577	0.23536141
47578	0.22581674
47579	0.21505494
47580	0.20281039
47581	0.18873903
47582	0.17238469
47583	0.15313128
47584	0.13012664
47585	0.10215529
47586	0.06742457
47587	0.02317422
47588	-0.03507850
47589	-0.11512409
47590	-0.23181146
47591	-0.41738212
47592	-0.75746906
47593	-1.57973111
47594	-6.36774158
47595	NaN
47596	NaN
47597	NaN
47598	NaN
47599	NaN
47600	NaN
47601	NaN
47602	NaN
47603	NaN
47604	NaN
47605	NaN
47606	NaN
47607	NaN
47608	NaN
47609	NaN
47610	NaN
47611	NaN
47612	NaN
47613	NaN
47614	NaN
47615	NaN
47616	NaN
47617	NaN
47618	NaN
47619	NaN
47620	NaN
47621	NaN
47622	NaN
47623	NaN
47624	NaN
47625	NaN
47626	NaN
47627	NaN
47628	NaN
47629	NaN
47630	NaN
47631	NaN
47632	NaN
47633	NaN
47634	NaN
47635	NaN
47636	NaN
47637	NaN
47638	NaN
47639	NaN
47640	NaN
47641	NaN
47642	NaN
47643	NaN
47644	NaN
47645	NaN
47646	NaN
47647	NaN
47648	NaN
47649	NaN
47650	NaN
47651	NaN
47652	NaN
47653	NaN
47654	NaN
47655	NaN
47656	NaN
47657	NaN
47658	NaN
47659	8.26830673
47660	2.79422474
47661	1.90439773
47662	1.54019165
47663	1.34227824
47664	1.21805763
47665	1.13291109
47666	1.07096028
47667	1.02389848
47668	0.98695850
47669	0.95720923
47670	0.93274814
47671	0.91228789
47672	0.89492482
47673	0.88000739
47674	0.86705297
47675	0.85569692
47676	0.84565848
47677	0.83671784
47678	0.82870078
47679	0.82146704
47680	0.81490302
47681	0.80891514
47682	0.80342567
47683	0.79836988
47684	0.79369318
47685	0.78934938
47686	0.78529871
47687	0.78150707
47688	0.77794522
47689	0.77458763
47690	0.77141201
47691	0.76839882
47692	0.76553065
47693	0.76279241
47694	0.76017046
47695	0.75765276
47696	0.75522840
47697	0.75288785
47698	0.75062221
47699	0.74842358
47700	0.74628496
47701	0.74419969
47702	0.74216187
47703	0.74016625
47704	0.73820770
47705	0.73628175
47706	0.73438418
47707	0.73251116
47708	0.73065925
47709	0.72882509
47710	0.72700554
47711	0.72519809
47712	0.72339988
47713	0.72160858
47714	0.71982199
47715	0.71803796
47716	0.71625453
47717	0.71447009
47718	0.71268278
47719	0.71089119
47720	0.70909381
47721	0.70728934
47722	0.70547658
47723	0.70365441
47724	0.70182174
47725	0.69997770
47726	0.69812137
47727	0.69625181
47728	0.69436854
47729	0.69247085
47730	0.69055808
47731	0.68862957
47732	0.68668514
47733	0.68472415
47734	0.68274629
47735	0.68075126
47736	0.67873883
47737	0.67670858
47738	0.67466056
47739	0.67259437
47740	0.67051005
47741	0.66840744
47742	0.66628647
47743	0.66414714
47744	0.66198939
47745	0.65981323
47746	0.65761882
47747	0.65540612
47748	0.65317518
47749	0.65092623
47750	0.64865941
47751	0.64637476
47752	0.64407259
47753	0.64175308
47754	0.63941658
47755	0.63706326
47756	0.63469338
47757	0.63230741
47758	0.62990558
47759	0.62748832
47760	0.62505609
47761	0.62260926
47762	0.62014836
47763	0.61767370
47764	0.61518598
47765	0.61268562
47766	0.61017323
47767	0.60764927
47768	0.60511446
47769	0.60256922
47770	0.60001427
47771	0.59745014
47772	0.59487742
47773	0.59229684
47774	0.58970886
47775	0.58711416
47776	0.58451343
47777	0.58190703
47778	0.57929575
47779	0.57668006
47780	0.57406062
47781	0.57143790
47782	0.56881237
47783	0.56618458
47784	0.56355518
47785	0.56092447
47786	0.55829293
47787	0.55566102
47788	0.55302918
47789	0.55039775
47790	0.54776716
47791	0.54513764
47792	0.54250962
47793	0.53988338
47794	0.53725922
47795	0.53463727
47796	0.53201801
47797	0.52940142
47798	0.52678788
47799	0.52417743
47800	0.52157038
47801	0.51896685
47802	0.51636690
47803	0.51377076
47804	0.51117849
47805	0.50859022
47806	0.50600612
47807	0.50342613
47808	0.50085044
47809	0.49827909
47810	0.49571222
47811	0.49314988
47812	0.49059206
47813	0.48803893
47814	0.48549050
47815	0.48294678
47816	0.48040792
47817	0.47787392
47818	0.47534487
47819	0.47282073
47820	0.47030166
47821	0.46778762
47822	0.46527871
47823	0.46277484
47824	0.46027619
47825	0.45778269
47826	0.45529440
47827	0.45281130
47828	0.45033345
47829	0.44786081
47830	0.44539335
47831	0.44293115
47832	0.44047412
47833	0.43802229
47834	0.43557560
47835	0.43313396
47836	0.43069744
47837	0.42826596
47838	0.42583942
47839	0.42341781
47840	0.42100102
47841	0.41858900
47842	0.41618168
47843	0.41377899
47844	0.41138083
47845	0.40898705
47846	0.40659761
47847	0.40421233
47848	0.40183118
47849	0.39945397
47850	0.39708051
47851	0.39471075
47852	0.39234442
47853	0.38998142
47854	0.38762146
47855	0.38526434
47856	0.38290986
47857	0.38055769
47858	0.37820750
47859	0.37585899
47860	0.37351173
47861	0.37116539
47862	0.36881942
47863	0.36647320
47864	0.36412618
47865	0.36177775
47866	0.35942706
47867	0.35707337
47868	0.35471565
47869	0.35235286
47870	0.34998372
47871	0.34760690
47872	0.34522104
47873	0.34282428
47874	0.34041482
47875	0.33799055
47876	0.33554915
47877	0.33308795
47878	0.33060402
47879	0.32809395
47880	0.32555419
47881	0.32298049
47882	0.32036817
47883	0.31771213
47884	0.31500629
47885	0.31224412
47886	0.30941799
47887	0.30651957
47888	0.30353913
47889	0.30046582
47890	0.29728702
47891	0.29398876
47892	0.29055461
47893	0.28696552
47894	0.28319982
47895	0.27923203
47896	0.27503276
47897	0.27056742
47898	0.26579463
47899	0.26066634
47900	0.25512406
47901	0.24909785
47902	0.24250270
47903	0.23523390
47904	0.22716233
47905	0.21812530
47906	0.20791636
47907	0.19627012
47908	0.18283674
47909	0.16714892
47910	0.14856692
47911	0.12619099
47912	0.09871703
47913	0.06417527
47914	0.01944862
47915	-0.04070264
47916	-0.12582725
47917	-0.25534871
47918	-0.47577742
47919	-0.93322533
47920	-2.44712734
47921	NaN
47922	NaN
47923	NaN
47924	NaN
47925	NaN
47926	NaN
47927	NaN
47928	NaN
47929	NaN
47930	NaN
47931	NaN
47932	NaN
47933	NaN
47934	NaN
47935	NaN
47936	NaN
47937	NaN
47938	NaN
47939	NaN
47940	NaN
47941	NaN
47942	NaN
47943	NaN
47944	NaN
47945	NaN
47946	NaN
47947	NaN
47948	NaN
47949	NaN
47950	NaN
47951	NaN
47952	NaN
47953	NaN
47954	NaN
47955	NaN
47956	NaN
47957	NaN
47958	NaN
47959	NaN
47960	NaN
47961	NaN
47962	NaN
47963	NaN
47964	NaN
47965	NaN
47966	NaN
47967	NaN
47968	NaN
47969	NaN
47970	NaN
47971	NaN
47972	NaN
47973	NaN
47974	NaN
47975	NaN
47976	NaN
47977	NaN
47978	NaN
47979	NaN
47980	NaN
47981	NaN
47982	NaN
47983	NaN
47984	NaN
47985	NaN
47986	NaN
47987	NaN
47988	NaN
47989	3.51493454
47990	2.09332323
47991	1.61705625
47992	1.37889087
47993	1.23623419
47994	1.14139211
47995	1.07388508
47996	1.02346087
47997	0.98441797
47998	0.95333308
47999	0.92802745
48000	0.90704757
48001	0.88938618
48002	0.87432456
48003	0.86133510
48004	0.85002249
48005	0.84008414
48006	0.83128428
48007	0.82343745
48008	0.81639516
48009	0.81003696
48010	0.80426472
48011	0.79899698
48012	0.79416615
48013	0.78971535
48014	0.78559649
48015	0.78176874
48016	0.77819705
48017	0.77485096
48018	0.77170455
48019	0.76873499
48020	0.76592219
48021	0.76324874
48022	0.76069921
48023	0.75825977
48024	0.75591832
48025	0.75366408
48026	0.75148726
48027	0.74937904
48028	0.74733168
48029	0.74533802
48030	0.74339163
48031	0.74148667
48032	0.73961776
48033	0.73778021
48034	0.73596948
48035	0.73418158
48036	0.73241282
48037	0.73065960
48038	0.72891897
48039	0.72718805
48040	0.72546405
48041	0.72374475
48042	0.72202772
48043	0.72031093
48044	0.71859246
48045	0.71687067
48046	0.71514386
48047	0.71341056
48048	0.71166939
48049	0.70991921
48050	0.70815885
48051	0.70638728
48052	0.70460361
48053	0.70280701
48054	0.70099676
48055	0.69917220
48056	0.69733262
48057	0.69547772
48058	0.69360697
48059	0.69171989
48060	0.68981624
48061	0.68789577
48062	0.68595821
48063	0.68400341
48064	0.68203127
48065	0.68004155
48066	0.67803437
48067	0.67600954
48068	0.67396712
48069	0.67190707
48070	0.66982961
48071	0.66773456
48072	0.66562212
48073	0.66349244
48074	0.66134554
48075	0.65918154
48076	0.65700060
48077	0.65480280
48078	0.65258855
48079	0.65035772
48080	0.64811063
48081	0.64584750
48082	0.64356858
48083	0.64127403
48084	0.63896406
48085	0.63663900
48086	0.63429910
48087	0.63194466
48088	0.62957597
48089	0.62719333
48090	0.62479711
48091	0.62238765
48092	0.61996531
48093	0.61753041
48094	0.61508346
48095	0.61262482
48096	0.61015481
48097	0.60767394
48098	0.60518271
48099	0.60268140
48100	0.60017061
48101	0.59765071
48102	0.59512216
48103	0.59258544
48104	0.59004104
48105	0.58748937
48106	0.58493090
48107	0.58236617
48108	0.57979554
48109	0.57721943
48110	0.57463837
48111	0.57205272
48112	0.56946295
48113	0.56686956
48114	0.56427276
48115	0.56167310
48116	0.55907089
48117	0.55646646
48118	0.55386031
48119	0.55125266
48120	0.54864389
48121	0.54603440
48122	0.54342443
48123	0.54081422
48124	0.53820419
48125	0.53559452
48126	0.53298557
48127	0.53037751
48128	0.52777064
48129	0.52516520
48130	0.52256143
48131	0.51995951
48132	0.51735967
48133	0.51476210
48134	0.51216704
48135	0.50957465
48136	0.50698513
48137	0.50439864
48138	0.50181538
48139	0.49923554
48140	0.49665925
48141	0.49408665
48142	0.49151796
48143	0.48895326
48144	0.48639277
48145	0.48383656
48146	0.48128483
48147	0.47873768
48148	0.47619525
48149	0.47365758
48150	0.47112492
48151	0.46859729
48152	0.46607494
48153	0.46355778
48154	0.46104601
48155	0.45853978
48156	0.45603910
48157	0.45354408
48158	0.45105481
48159	0.44857141
48160	0.44609389
48161	0.44362235
48162	0.44115683
48163	0.43869746
48164	0.43624425
48165	0.43379721
48166	0.43135655
48167	0.42892221
48168	0.42649421
48169	0.42407268
48170	0.42165756
48171	0.41924900
48172	0.41684702
48173	0.41445154
48174	0.41206273
48175	0.40968058
48176	0.40730500
48177	0.40493613
48178	0.40257385
48179	0.40021825
48180	0.39786935
48181	0.39552698
48182	0.39319125
48183	0.39086208
48184	0.38853934
48185	0.38622302
48186	0.38391286
48187	0.38160893
48188	0.37931097
48189	0.37701875
48190	0.37473211
48191	0.37245071
48192	0.37017435
48193	0.36790261
48194	0.36563501
48195	0.36337113
48196	0.36111054
48197	0.35885248
48198	0.35659635
48199	0.35434142
48200	0.35208675
48201	0.34983137
48202	0.34757426
48203	0.34531412
48204	0.34304968
48205	0.34077933
48206	0.33850148
48207	0.33621415
48208	0.33391523
48209	0.33160239
48210	0.32927296
48211	0.32692412
48212	0.32455254
48213	0.32215449
48214	0.31972590
48215	0.31726223
48216	0.31475836
48217	0.31220829
48218	0.30960542
48219	0.30694234
48220	0.30421054
48221	0.30140015
48222	0.29850033
48223	0.29549804
48224	0.29237878
48225	0.28912544
48226	0.28571826
48227	0.28213406
48228	0.27834561
48229	0.27432087
48230	0.27002168
48231	0.26540244
48232	0.26040775
48233	0.25497079
48234	0.24900903
48235	0.24242032
48236	0.23507637
48237	0.22681312
48238	0.21742100
48239	0.20662279
48240	0.19404851
48241	0.17919102
48242	0.16133779
48243	0.13945554
48244	0.11198378
48245	0.07645600
48246	0.02872822
48247	-0.03874454
48248	-0.14128131
48249	-0.31547219
48250	-0.67573643
48251	-1.85605240
48252	NaN
48253	NaN
48254	NaN
48255	NaN
48256	NaN
48257	NaN
48258	NaN
48259	NaN
48260	NaN
48261	NaN
48262	NaN
48263	NaN
48264	NaN
48265	NaN
48266	NaN
48267	NaN
48268	NaN
48269	NaN
48270	NaN
48271	NaN
48272	NaN
48273	NaN
48274	NaN
48275	NaN
48276	NaN
48277	NaN
48278	NaN
48279	NaN
48280	NaN
48281	NaN
48282	NaN
48283	NaN
48284	NaN
48285	NaN
48286	NaN
48287	NaN
48288	NaN
48289	NaN
48290	NaN
48291	NaN
48292	NaN
48293	NaN
48294	NaN
48295	NaN
48296	NaN
48297	NaN
48298	NaN
48299	NaN
48300	NaN
48301	NaN
48302	NaN
48303	NaN
48304	NaN
48305	NaN
48306	NaN
48307	NaN
48308	NaN
48309	NaN
48310	NaN
48311	NaN
48312	NaN
48313	NaN
48314	NaN
48315	NaN
48316	NaN
48317	NaN
48318	NaN
48319	NaN
48320	NaN
48321	NaN
48322	11.62535000
48323	2.74451113
48324	1.79938495
48325	1.43857348
48326	1.24846399
48327	1.13127410
48328	1.05191398
48329	0.99468786
48330	0.95152026
48331	0.91783077
48332	0.89083016
48333	0.86872184
48334	0.85029697
48335	0.83471102
48336	0.82135773
48337	0.80978972
48338	0.79967028
48339	0.79074073
48340	0.78279889
48341	0.77568513
48342	0.76927161
48343	0.76345408
48344	0.75814748
48345	0.75328100
48346	0.74879616
48347	0.74464321
48348	0.74078041
48349	0.73717207
48350	0.73378742
48351	0.73059982
48352	0.72758669
48353	0.72472793
48354	0.72200596
48355	0.71940535
48356	0.71691251
48357	0.71451527
48358	0.71220309
48359	0.70996630
48360	0.70779628
48361	0.70568526
48362	0.70362645
48363	0.70161349
48364	0.69964057
48365	0.69770253
48366	0.69579470
48367	0.69391280
48368	0.69205278
48369	0.69021118
48370	0.68838453
48371	0.68656981
48372	0.68476421
48373	0.68296528
48374	0.68117034
48375	0.67937750
48376	0.67758447
48377	0.67578954
48378	0.67399085
48379	0.67218685
48380	0.67037606
48381	0.66855705
48382	0.66672868
48383	0.66488969
48384	0.66303909
48385	0.66117579
48386	0.65929902
48387	0.65740788
48388	0.65550166
48389	0.65357971
48390	0.65164137
48391	0.64968622
48392	0.64771360
48393	0.64572322
48394	0.64371461
48395	0.64168751
48396	0.63964164
48397	0.63757670
48398	0.63549256
48399	0.63338906
48400	0.63126606
48401	0.62912351
48402	0.62696135
48403	0.62477958
48404	0.62257820
48405	0.62035728
48406	0.61811686
48407	0.61585706
48408	0.61357808
48409	0.61128002
48410	0.60896307
48411	0.60662746
48412	0.60427344
48413	0.60190129
48414	0.59951127
48415	0.59710377
48416	0.59467900
48417	0.59223747
48418	0.58977956
48419	0.58730567
48420	0.58481628
48421	0.58231175
48422	0.57979268
48423	0.57725954
48424	0.57471281
48425	0.57215315
48426	0.56958109
48427	0.56699711
48428	0.56440192
48429	0.56179607
48430	0.55918014
48431	0.55655479
48432	0.55392063
48433	0.55127829
48434	0.54862839
48435	0.54597151
48436	0.54330838
48437	0.54063946
48438	0.53796554
48439	0.53528702
48440	0.53260469
48441	0.52991903
48442	0.52723056
48443	0.52453995
48444	0.52184761
48445	0.51915413
48446	0.51646000
48447	0.51376575
48448	0.51107180
48449	0.50837862
48450	0.50568664
48451	0.50299615
48452	0.50030780
48453	0.49762172
48454	0.49493837
48455	0.49225807
48456	0.48958114
48457	0.48690790
48458	0.48423859
48459	0.48157349
48460	0.47891286
48461	0.47625688
48462	0.47360584
48463	0.47095990
48464	0.46831924
48465	0.46568412
48466	0.46305460
48467	0.46043098
48468	0.45781326
48469	0.45520169
48470	0.45259634
48471	0.44999743
48472	0.44740498
48473	0.44481915
48474	0.44224006
48475	0.43966782
48476	0.43710250
48477	0.43454424
48478	0.43199310
48479	0.42944917
48480	0.42691249
48481	0.42438319
48482	0.42186132
48483	0.41934693
48484	0.41684011
48485	0.41434082
48486	0.41184914
48487	0.40936512
48488	0.40688875
48489	0.40442008
48490	0.40195912
48491	0.39950585
48492	0.39706022
48493	0.39462224
48494	0.39219186
48495	0.38976902
48496	0.38735369
48497	0.38494590
48498	0.38254541
48499	0.38015220
48500	0.37776613
48501	0.37538719
48502	0.37301517
48503	0.37064990
48504	0.36829132
48505	0.36593920
48506	0.36359337
48507	0.36125365
48508	0.35891977
48509	0.35659155
48510	0.35426864
48511	0.35195088
48512	0.34963787
48513	0.34732923
48514	0.34502470
48515	0.34272379
48516	0.34042615
48517	0.33813119
48518	0.33583856
48519	0.33354759
48520	0.33125758
48521	0.32896805
48522	0.32667807
48523	0.32438701
48524	0.32209384
48525	0.31979764
48526	0.31749743
48527	0.31519192
48528	0.31287992
48529	0.31056005
48530	0.30823073
48531	0.30589023
48532	0.30353674
48533	0.30116820
48534	0.29878241
48535	0.29637682
48536	0.29394871
48537	0.29149511
48538	0.28901270
48539	0.28649777
48540	0.28394628
48541	0.28135368
48542	0.27871510
48543	0.27602509
48544	0.27327731
48545	0.27046511
48546	0.26758087
48547	0.26461607
48548	0.26156127
48549	0.25840569
48550	0.25513750
48551	0.25174311
48552	0.24820724
48553	0.24451277
48554	0.24063987
48555	0.23656622
48556	0.23226601
48557	0.22770949
48558	0.22286274
48559	0.21768585
48560	0.21213242
48561	0.20614795
48562	0.19966856
48563	0.19261749
48564	0.18490313
48565	0.17641450
48566	0.16701667
48567	0.15654337
48568	0.14478706
48569	0.13148680
48570	0.11630779
48571	0.09881506
48572	0.07843262
48573	0.05438032
48574	0.02557683
48575	-0.00952370
48576	-0.05320922
48577	-0.10901579
48578	-0.18271616
48579	-0.28441575
48580	-0.43356454
48581	-0.67299718
48582	-1.11918068
48583	-2.23975039
48584	-10.22937489
48585	NaN
48586	NaN
48587	NaN
48588	NaN
48589	NaN
48590	NaN
48591	NaN
48592	NaN
48593	NaN
48594	NaN
48595	NaN
48596	NaN
48597	NaN
48598	NaN
48599	NaN
48600	NaN
48601	NaN
48602	NaN
48603	NaN
48604	NaN
48605	NaN
48606	NaN
48607	NaN
48608	NaN
48609	NaN
48610	NaN
48611	NaN
48612	NaN
48613	NaN
48614	NaN
48615	NaN
48616	NaN
48617	NaN
48618	NaN
48619	NaN
48620	NaN
48621	NaN
48622	NaN
48623	NaN
48624	NaN
48625	NaN
48626	NaN
48627	NaN
48628	NaN
48629	NaN
48630	NaN
48631	NaN
48632	NaN
48633	NaN
48634	NaN
48635	NaN
48636	NaN
48637	NaN
48638	NaN
48639	NaN
48640	NaN
48641	NaN
48642	NaN
48643	4.33231544
48644	2.35350823
48645	1.75951016
48646	1.47383738
48647	1.30612171
48648	1.19595480
48649	1.11815345
48650	1.06035197
48651	1.01576781
48652	0.98036927
48653	0.95160961
48654	0.92780131
48655	0.90778059
48656	0.89072007
48657	0.87601501
48658	0.86321300
48659	0.85196882
48660	0.84201479
48661	0.83313990
48662	0.82517529
48663	0.81798470
48664	0.81145674
48665	0.80549937
48666	0.80003595
48667	0.79500246
48668	0.79034466
48669	0.78601611
48670	0.78197736
48671	0.77819401
48672	0.77463669
48673	0.77127957
48674	0.76810026
48675	0.76507872
48676	0.76219773
48677	0.75944167
48678	0.75679684
48679	0.75425088
48680	0.75179273
48681	0.74941278
48682	0.74710190
48683	0.74485224
48684	0.74265653
48685	0.74050820
48686	0.73840117
48687	0.73633009
48688	0.73429006
48689	0.73227644
48690	0.73028523
48691	0.72831243
48692	0.72635472
48693	0.72440892
48694	0.72247213
48695	0.72054166
48696	0.71861500
48697	0.71669012
48698	0.71476471
48699	0.71283716
48700	0.71090561
48701	0.70896864
48702	0.70702475
48703	0.70507282
48704	0.70311153
48705	0.70114005
48706	0.69915736
48707	0.69716275
48708	0.69515550
48709	0.69313496
48710	0.69110078
48711	0.68905228
48712	0.68698937
48713	0.68491155
48714	0.68281865
48715	0.68071055
48716	0.67858714
48717	0.67644835
48718	0.67429411
48719	0.67212451
48720	0.66993964
48721	0.66773951
48722	0.66552436
48723	0.66329420
48724	0.66104943
48725	0.65879005
48726	0.65651637
48727	0.65422875
48728	0.65192723
48729	0.64961225
48730	0.64728409
48731	0.64494300
48732	0.64258939
48733	0.64022350
48734	0.63784575
48735	0.63545644
48736	0.63305593
48737	0.63064480
48738	0.62822318
48739	0.62579161
48740	0.62335050
48741	0.62090021
48742	0.61844134
48743	0.61597413
48744	0.61349910
48745	0.61101681
48746	0.60852760
48747	0.60603195
48748	0.60353035
48749	0.60102338
48750	0.59851134
48751	0.59599477
48752	0.59347415
48753	0.59094989
48754	0.58842248
48755	0.58589232
48756	0.58335990
48757	0.58082569
48758	0.57828999
48759	0.57575327
48760	0.57321584
48761	0.57067823
48762	0.56814075
48763	0.56560361
48764	0.56306732
48765	0.56053209
48766	0.55799824
48767	0.55546600
48768	0.55293572
48769	0.55040759
48770	0.54788190
48771	0.54535872
48772	0.54283845
48773	0.54032111
48774	0.53780699
48775	0.53529608
48776	0.53278869
48777	0.53028488
48778	0.52778471
48779	0.52528834
48780	0.52279580
48781	0.52030718
48782	0.51782262
48783	0.51534218
48784	0.51286572
48785	0.51039350
48786	0.50792539
48787	0.50546151
48788	0.50300181
48789	0.50054634
48790	0.49809507
48791	0.49564809
48792	0.49320525
48793	0.49076661
48794	0.48833215
48795	0.48590186
48796	0.48347569
48797	0.48105356
48798	0.47863549
48799	0.47622144
48800	0.47381133
48801	0.47140518
48802	0.46900284
48803	0.46660432
48804	0.46420953
48805	0.46181840
48806	0.45943084
48807	0.45704684
48808	0.45466626
48809	0.45228902
48810	0.44991508
48811	0.44754437
48812	0.44517675
48813	0.44281209
48814	0.44045043
48815	0.43809161
48816	0.43573543
48817	0.43338197
48818	0.43103108
48819	0.42868266
48820	0.42633662
48821	0.42399293
48822	0.42165151
48823	0.41931218
48824	0.41697490
48825	0.41463971
48826	0.41230646
48827	0.40997499
48828	0.40764540
48829	0.40531754
48830	0.40299132
48831	0.40066674
48832	0.39834365
48833	0.39602202
48834	0.39370179
48835	0.39138278
48836	0.38906500
48837	0.38674828
48838	0.38443252
48839	0.38211760
48840	0.37980321
48841	0.37748936
48842	0.37517571
48843	0.37286207
48844	0.37054816
48845	0.36823368
48846	0.36591816
48847	0.36360133
48848	0.36128262
48849	0.35896161
48850	0.35663769
48851	0.35431010
48852	0.35197818
48853	0.34964114
48854	0.34729803
48855	0.34494784
48856	0.34258932
48857	0.34022135
48858	0.33784235
48859	0.33545083
48860	0.33304510
48861	0.33062309
48862	0.32818276
48863	0.32572162
48864	0.32323706
48865	0.32072616
48866	0.31818560
48867	0.31561172
48868	0.31300056
48869	0.31034750
48870	0.30764762
48871	0.30489507
48872	0.30208361
48873	0.29920617
48874	0.29625487
48875	0.29322031
48876	0.29009268
48877	0.28686032
48878	0.28350991
48879	0.28002661
48880	0.27639329
48881	0.27259019
48882	0.26859456
48883	0.26437983
48884	0.25991556
48885	0.25516558
48886	0.25008729
48887	0.24463098
48888	0.23873651
48889	0.23233208
48890	0.22533073
48891	0.21762581
48892	0.20908631
48893	0.19954816
48894	0.18880378
48895	0.17658815
48896	0.16255510
48897	0.14624529
48898	0.12703557
48899	0.10405931
48900	0.07607713
48901	0.04124627
48902	-0.00329191
48903	-0.06222200
48904	-0.14379546
48905	-0.26402014
48906	-0.45856890
48907	-0.82637691
48908	-1.78148437
48909	-10.21332836
48910	NaN
48911	NaN
48912	NaN
48913	NaN
48914	NaN
48915	NaN
48916	NaN
48917	NaN
48918	NaN
48919	NaN
48920	NaN
48921	NaN
48922	NaN
48923	NaN
48924	NaN
48925	NaN
48926	NaN
48927	NaN
48928	NaN
48929	NaN
48930	NaN
48931	NaN
48932	NaN
48933	NaN
48934	NaN
48935	NaN
48936	NaN
48937	NaN
48938	NaN
48939	NaN
48940	NaN
48941	NaN
48942	NaN
48943	NaN
48944	NaN
48945	NaN
48946	NaN
48947	NaN
48948	NaN
48949	NaN
48950	NaN
48951	NaN
48952	NaN
48953	NaN
48954	NaN
48955	NaN
48956	NaN
48957	NaN
48958	NaN
48959	NaN
48960	NaN
48961	NaN
48962	NaN
48963	NaN
48964	NaN
48965	NaN
48966	NaN
48967	NaN
48968	NaN
48969	NaN
48970	NaN
48971	NaN
48972	NaN
48973	NaN
48974	NaN
48975	3.87162638
48976	2.19702077
48977	1.66651106
48978	1.40653300
48979	1.25241387
48980	1.15057516
48981	1.07836795
48982	1.02456820
48983	0.98297995
48984	0.94990367
48985	0.92299396
48986	0.90069157
48987	0.88191944
48988	0.86591029
48989	0.85210204
48990	0.84007418
48991	0.82950521
48992	0.82014585
48993	0.81179887
48994	0.80430716
48995	0.79754347
48996	0.79140371
48997	0.78580195
48998	0.78066707
48999	0.77593857
49000	0.77156585
49001	0.76750571
49002	0.76372111
49003	0.76017982
49004	0.75685459
49005	0.75372100
49006	0.75075811
49007	0.74794716
49008	0.74527204
49009	0.74271792
49010	0.74027199
49011	0.73792273
49012	0.73565984
49013	0.73347390
49014	0.73135656
49015	0.72930032
49016	0.72729826
49017	0.72534418
49018	0.72343230
49019	0.72155756
49020	0.71971524
49021	0.71790087
49022	0.71611053
49023	0.71434057
49024	0.71258765
49025	0.71084863
49026	0.70912069
49027	0.70740122
49028	0.70568764
49029	0.70397782
49030	0.70226961
49031	0.70056117
49032	0.69885069
49033	0.69713640
49034	0.69541687
49035	0.69369078
49036	0.69195676
49037	0.69021362
49038	0.68846029
49039	0.68669569
49040	0.68491906
49041	0.68312943
49042	0.68132603
49043	0.67950815
49044	0.67767525
49045	0.67582661
49046	0.67396194
49047	0.67208058
49048	0.67018211
49049	0.66826618
49050	0.66633248
49051	0.66438079
49052	0.66241074
49053	0.66042215
49054	0.65841490
49055	0.65638876
49056	0.65434366
49057	0.65227956
49058	0.65019625
49059	0.64809382
49060	0.64597219
49061	0.64383155
49062	0.64167172
49063	0.63949293
49064	0.63729519
49065	0.63507873
49066	0.63284367
49067	0.63059014
49068	0.62831843
49069	0.62602878
49070	0.62372148
49071	0.62139672
49072	0.61905491
49073	0.61669642
49074	0.61432165
49075	0.61193097
49076	0.60952479
49077	0.60710359
49078	0.60466784
49079	0.60221809
49080	0.59975475
49081	0.59727842
49082	0.59478962
49083	0.59228891
49084	0.58977687
49085	0.58725393
49086	0.58472091
49087	0.58217818
49088	0.57962638
49089	0.57706600
49090	0.57449770
49091	0.57192200
49092	0.56933945
49093	0.56675053
49094	0.56415588
49095	0.56155586
49096	0.55895114
49097	0.55634195
49098	0.55372900
49099	0.55111259
49100	0.54849327
49101	0.54587138
49102	0.54324722
49103	0.54062146
49104	0.53799415
49105	0.53536588
49106	0.53273684
49107	0.53010732
49108	0.52747780
49109	0.52484834
49110	0.52221942
49111	0.51959121
49112	0.51696390
49113	0.51433784
49114	0.51171309
49115	0.50909007
49116	0.50646883
49117	0.50384963
49118	0.50123262
49119	0.49861804
49120	0.49600601
49121	0.49339667
49122	0.49079028
49123	0.48818690
49124	0.48558676
49125	0.48298991
49126	0.48039663
49127	0.47780699
49128	0.47522113
49129	0.47263917
49130	0.47006136
49131	0.46748766
49132	0.46491832
49133	0.46235344
49134	0.45979309
49135	0.45723748
49136	0.45468667
49137	0.45214078
49138	0.44959983
49139	0.44706407
49140	0.44453350
49141	0.44200823
49142	0.43948829
49143	0.43697387
49144	0.43446490
49145	0.43196157
49146	0.42946386
49147	0.42697188
49148	0.42448559
49149	0.42200518
49150	0.41953048
49151	0.41706169
49152	0.41459876
49153	0.41214171
49154	0.40969056
49155	0.40724537
49156	0.40480605
49157	0.40237263
49158	0.39994505
49159	0.39752337
49160	0.39510757
49161	0.39269751
49162	0.39029321
49163	0.38789463
49164	0.38550168
49165	0.38311434
49166	0.38073239
49167	0.37835580
49168	0.37598443
49169	0.37361807
49170	0.37125659
49171	0.36889973
49172	0.36654729
49173	0.36419898
49174	0.36185443
49175	0.35951331
49176	0.35717514
49177	0.35483941
49178	0.35250568
49179	0.35017323
49180	0.34784141
49181	0.34550938
49182	0.34317625
49183	0.34084105
49184	0.33850268
49185	0.33615986
49186	0.33381113
49187	0.33145502
49188	0.32908973
49189	0.32671335
49190	0.32432368
49191	0.32191831
49192	0.31949461
49193	0.31704950
49194	0.31457984
49195	0.31208181
49196	0.30955130
49197	0.30698365
49198	0.30437374
49199	0.30171600
49200	0.29900375
49201	0.29622972
49202	0.29338601
49203	0.29046330
49204	0.28745127
49205	0.28433803
49206	0.28111020
49207	0.27775279
49208	0.27424833
49209	0.27057678
49210	0.26671514
49211	0.26263702
49212	0.25831121
49213	0.25370157
49214	0.24876557
49215	0.24345322
49216	0.23770478
49217	0.23144859
49218	0.22459850
49219	0.21704917
49220	0.20867097
49221	0.19930308
49222	0.18874277
49223	0.17673171
49224	0.16293469
49225	0.14690939
49226	0.12806122
49227	0.10556891
49228	0.07826751
49229	0.04444749
49230	0.00149358
49231	-0.05480321
49232	-0.13168450
49233	-0.24274898
49234	-0.41688421
49235	-0.72818184
49236	-1.44115925
49237	-4.72194624
49238	NaN
49239	NaN
49240	NaN
49241	NaN
49242	NaN
49243	NaN
49244	NaN
49245	NaN
49246	NaN
49247	NaN
49248	NaN
49249	NaN
49250	NaN
49251	NaN
49252	NaN
49253	NaN
49254	NaN
49255	NaN
49256	NaN
49257	NaN
49258	NaN
49259	NaN
49260	NaN
49261	NaN
49262	NaN
49263	NaN
49264	NaN
49265	NaN
49266	NaN
49267	NaN
49268	NaN
49269	NaN
49270	NaN
49271	NaN
49272	NaN
49273	NaN
49274	NaN
49275	NaN
49276	NaN
49277	NaN
49278	NaN
49279	NaN
49280	NaN
49281	NaN
49282	NaN
49283	NaN
49284	NaN
49285	NaN
49286	NaN
49287	NaN
49288	NaN
49289	NaN
49290	NaN
49291	NaN
49292	NaN
49293	NaN
49294	NaN
49295	NaN
49296	NaN
49297	NaN
49298	NaN
49299	NaN
49300	10.88894176
49301	2.90120029
49302	1.92427194
49303	1.54401469
49304	1.34208882
49305	1.21713221
49306	1.13235092
49307	1.07117260
49308	1.02502835
49309	0.98904520
49310	0.96024561
49311	0.93670845
49312	0.91713810
49313	0.90062898
49314	0.88652939
49315	0.87435848
49316	0.86375332
49317	0.85443527
49318	0.84618586
49319	0.83883303
49320	0.83223826
49321	0.82628900
49322	0.82089323
49323	0.81597447
49324	0.81146902
49325	0.80732340
49326	0.80349195
49327	0.79993606
49328	0.79662240
49329	0.79352236
49330	0.79061103
49331	0.78786677
49332	0.78527051
49333	0.78280556
49334	0.78045702
49335	0.77821195
49336	0.77605867
49337	0.77398676
49338	0.77198678
49339	0.77005059
49340	0.76817036
49341	0.76633948
49342	0.76455176
49343	0.76280141
49344	0.76108342
49345	0.75939310
49346	0.75772625
49347	0.75607890
49348	0.75444746
49349	0.75282878
49350	0.75121957
49351	0.74961746
49352	0.74801964
49353	0.74642384
49354	0.74482781
49355	0.74322975
49356	0.74162775
49357	0.74002004
49358	0.73840535
49359	0.73678201
49360	0.73514903
49361	0.73350507
49362	0.73184901
49363	0.73018008
49364	0.72849733
49365	0.72680008
49366	0.72508752
49367	0.72335917
49368	0.72161442
49369	0.71985275
49370	0.71807396
49371	0.71627766
49372	0.71446335
49373	0.71263105
49374	0.71078044
49375	0.70891142
49376	0.70702392
49377	0.70511782
49378	0.70319301
49379	0.70124960
49380	0.69928759
49381	0.69730693
49382	0.69530779
49383	0.69329011
49384	0.69125408
49385	0.68919969
49386	0.68712711
49387	0.68503654
49388	0.68292797
49389	0.68080157
49390	0.67865759
49391	0.67649609
49392	0.67431736
49393	0.67212147
49394	0.66990870
49395	0.66767925
49396	0.66543323
49397	0.66317105
49398	0.66089290
49399	0.65859908
49400	0.65628988
49401	0.65396553
49402	0.65162647
49403	0.64927298
49404	0.64690536
49405	0.64452416
49406	0.64212954
49407	0.63972211
49408	0.63730222
49409	0.63487017
49410	0.63242668
49411	0.62997192
49412	0.62750649
49413	0.62503088
49414	0.62254542
49415	0.62005073
49416	0.61754721
49417	0.61503536
49418	0.61251569
49419	0.60998863
49420	0.60745466
49421	0.60491425
49422	0.60236776
49423	0.59981585
49424	0.59725881
49425	0.59469712
49426	0.59213114
49427	0.58956140
49428	0.58698815
49429	0.58441198
49430	0.58183312
49431	0.57925200
49432	0.57666904
49433	0.57408440
49434	0.57149857
49435	0.56891191
49436	0.56632453
49437	0.56373698
49438	0.56114942
49439	0.55856210
49440	0.55597538
49441	0.55338943
49442	0.55080462
49443	0.54822111
49444	0.54563916
49445	0.54305893
49446	0.54048079
49447	0.53790480
49448	0.53533125
49449	0.53276032
49450	0.53019214
49451	0.52762693
49452	0.52506495
49453	0.52250624
49454	0.51995111
49455	0.51739961
49456	0.51485193
49457	0.51230824
49458	0.50976861
49459	0.50723332
49460	0.50470233
49461	0.50217593
49462	0.49965420
49463	0.49713722
49464	0.49462521
49465	0.49211815
49466	0.48961616
49467	0.48711947
49468	0.48462808
49469	0.48214209
49470	0.47966161
49471	0.47718674
49472	0.47471753
49473	0.47225407
49474	0.46979645
49475	0.46734473
49476	0.46489903
49477	0.46245936
49478	0.46002585
49479	0.45759851
49480	0.45517746
49481	0.45276272
49482	0.45035446
49483	0.44795266
49484	0.44555742
49485	0.44316879
49486	0.44078693
49487	0.43841177
49488	0.43604350
49489	0.43368211
49490	0.43132773
49491	0.42898038
49492	0.42664012
49493	0.42430699
49494	0.42198110
49495	0.41966242
49496	0.41735095
49497	0.41504669
49498	0.41274968
49499	0.41045988
49500	0.40817711
49501	0.40590140
49502	0.40363258
49503	0.40137056
49504	0.39911509
49505	0.39686590
49506	0.39462274
49507	0.39238533
49508	0.39015323
49509	0.38792601
49510	0.38570315
49511	0.38348404
49512	0.38126799
49513	0.37905425
49514	0.37684196
49515	0.37463015
49516	0.37241769
49517	0.37020347
49518	0.36798605
49519	0.36576405
49520	0.36353567
49521	0.36129907
49522	0.35905227
49523	0.35679299
49524	0.35451865
49525	0.35222656
49526	0.34991357
49527	0.34757626
49528	0.34521088
49529	0.34281307
49530	0.34037834
49531	0.33790144
49532	0.33537635
49533	0.33279684
49534	0.33015537
49535	0.32744375
49536	0.32465282
49537	0.32177204
49538	0.31878966
49539	0.31569234
49540	0.31246465
49541	0.30908945
49542	0.30554658
49543	0.30181327
49544	0.29786265
49545	0.29366386
49546	0.28918102
49547	0.28437173
49548	0.27918577
49549	0.27356407
49550	0.26743567
49551	0.26071465
49552	0.25329688
49553	0.24505347
49554	0.23582585
49555	0.22541386
49556	0.21356209
49557	0.19994161
49558	0.18411766
49559	0.16550596
49560	0.14330344
49561	0.11637234
49562	0.08304974
49563	0.04080074
49564	-0.01443713
49565	-0.08960480
49566	-0.19763134
49567	-0.36565909
49568	-0.66197306
49569	-1.32156873
49570	-4.05161619
49571	NaN
49572	NaN
49573	NaN
49574	NaN
49575	NaN
49576	NaN
49577	NaN
49578	NaN
49579	NaN
49580	NaN
49581	NaN
49582	NaN
49583	NaN
49584	NaN
49585	NaN
49586	NaN
49587	NaN
49588	NaN
49589	NaN
49590	NaN
49591	NaN
49592	NaN
49593	NaN
49594	NaN
49595	NaN
49596	NaN
49597	NaN
49598	NaN
49599	NaN
49600	NaN
49601	NaN
49602	NaN
49603	NaN
49604	NaN
49605	NaN
49606	NaN
49607	NaN
49608	NaN
49609	NaN
49610	NaN
49611	NaN
49612	NaN
49613	NaN
49614	NaN
49615	NaN
49616	NaN
49617	NaN
49618	NaN
49619	NaN
49620	NaN
49621	NaN
49622	NaN
49623	NaN
49624	NaN
49625	NaN
49626	NaN
49627	NaN
49628	NaN
49629	NaN
49630	NaN
49631	NaN
49632	NaN
49633	NaN
49634	4.48695564
49635	2.31721926
49636	1.72529483
49637	1.44940376
49638	1.28998435
49639	1.18627155
49640	1.11349750
49641	1.05967760
49642	1.01830184
49643	0.98553324
49644	0.95896065
49645	0.93699455
49646	0.91854393
49647	0.90283436
49648	0.88930184
49649	0.87752587
49650	0.86718613
49651	0.85803455
49652	0.84987557
49653	0.84255379
49654	0.83594364
49655	0.82994252
49656	0.82446593
49657	0.81944329
49658	0.81481594
49659	0.81053400
49660	0.80655515
49661	0.80284297
49662	0.79936635
49663	0.79609811
49664	0.79301482
49665	0.79009575
49666	0.78732300
49667	0.78468037
49668	0.78215379
49669	0.77973074
49670	0.77739990
49671	0.77515113
49672	0.77297544
49673	0.77086467
49674	0.76881152
49675	0.76680923
49676	0.76485175
49677	0.76293349
49678	0.76104945
49679	0.75919497
49680	0.75736582
49681	0.75555807
49682	0.75376803
49683	0.75199258
49684	0.75022846
49685	0.74847299
49686	0.74672359
49687	0.74497771
49688	0.74323320
49689	0.74148792
49690	0.73974001
49691	0.73798764
49692	0.73622918
49693	0.73446316
49694	0.73268807
49695	0.73090279
49696	0.72910601
49697	0.72729665
49698	0.72547376
49699	0.72363633
49700	0.72178370
49701	0.71991503
49702	0.71802956
49703	0.71612686
49704	0.71420634
49705	0.71226752
49706	0.71031010
49707	0.70833355
49708	0.70633769
49709	0.70432228
49710	0.70228708
49711	0.70023197
49712	0.69815683
49713	0.69606149
49714	0.69394600
49715	0.69181031
49716	0.68965453
49717	0.68747854
49718	0.68528259
49719	0.68306667
49720	0.68083090
49721	0.67857552
49722	0.67630064
49723	0.67400640
49724	0.67169315
49725	0.66936105
49726	0.66701043
49727	0.66464150
49728	0.66225463
49729	0.65985018
49730	0.65742844
49731	0.65498990
49732	0.65253490
49733	0.65006393
49734	0.64757735
49735	0.64507586
49736	0.64255977
49737	0.64002967
49738	0.63748616
49739	0.63492984
49740	0.63236111
49741	0.62978077
49742	0.62718934
49743	0.62458748
49744	0.62197578
49745	0.61935496
49746	0.61672556
49747	0.61408824
49748	0.61144364
49749	0.60879242
49750	0.60613519
49751	0.60347253
49752	0.60080504
49753	0.59813333
49754	0.59545803
49755	0.59277958
49756	0.59009856
49757	0.58741546
49758	0.58473080
49759	0.58204508
49760	0.57935876
49761	0.57667220
49762	0.57398587
49763	0.57130015
49764	0.56861544
49765	0.56593198
49766	0.56325018
49767	0.56057036
49768	0.55789268
49769	0.55521756
49770	0.55254513
49771	0.54987562
49772	0.54720932
49773	0.54454631
49774	0.54188693
49775	0.53923112
49776	0.53657919
49777	0.53393126
49778	0.53128737
49779	0.52864778
49780	0.52601242
49781	0.52338159
49782	0.52075529
49783	0.51813358
49784	0.51551664
49785	0.51290447
49786	0.51029718
49787	0.50769484
49788	0.50509757
49789	0.50250530
49790	0.49991828
49791	0.49733642
49792	0.49475989
49793	0.49218863
49794	0.48962277
49795	0.48706236
49796	0.48450738
49797	0.48195785
49798	0.47941390
49799	0.47687542
49800	0.47434250
49801	0.47181514
49802	0.46929330
49803	0.46677697
49804	0.46426618
49805	0.46176085
49806	0.45926100
49807	0.45676652
49808	0.45427743
49809	0.45179361
49810	0.44931501
49811	0.44684154
49812	0.44437313
49813	0.44190973
49814	0.43945116
49815	0.43699738
49816	0.43454829
49817	0.43210372
49818	0.42966366
49819	0.42722782
49820	0.42479613
49821	0.42236856
49822	0.41994485
49823	0.41752490
49824	0.41510850
49825	0.41269550
49826	0.41028577
49827	0.40787908
49828	0.40547526
49829	0.40307412
49830	0.40067539
49831	0.39827883
49832	0.39588428
49833	0.39349139
49834	0.39109993
49835	0.38870955
49836	0.38631985
49837	0.38393053
49838	0.38154122
49839	0.37915137
49840	0.37676057
49841	0.37436828
49842	0.37197390
49843	0.36957684
49844	0.36717623
49845	0.36477152
49846	0.36236182
49847	0.35994607
49848	0.35752341
49849	0.35509261
49850	0.35265246
49851	0.35020164
49852	0.34773853
49853	0.34526166
49854	0.34276912
49855	0.34025896
49856	0.33772904
49857	0.33517691
49858	0.33259991
49859	0.32999519
49860	0.32735947
49861	0.32468921
49862	0.32198048
49863	0.31922889
49864	0.31642959
49865	0.31357709
49866	0.31066552
49867	0.30768806
49868	0.30463690
49869	0.30150393
49870	0.29827926
49871	0.29495201
49872	0.29151019
49873	0.28793958
49874	0.28422418
49875	0.28034610
49876	0.27628395
49877	0.27201402
49878	0.26750803
49879	0.26273343
49880	0.25765216
49881	0.25221935
49882	0.24638183
49883	0.24007604
49884	0.23322609
49885	0.22574018
49886	0.21750621
49887	0.20838568
49888	0.19820671
49889	0.18675201
49890	0.17374329
49891	0.15881921
49892	0.14150214
49893	0.12114649
49894	0.09685817
49895	0.06736136
49896	0.03077642
49897	-0.01579260
49898	-0.07704831
49899	-0.16116840
49900	-0.28374636
49901	-0.47864178
49902	-0.83586967
49903	-1.70032203
49904	-6.76060104
49905	NaN
49906	NaN
49907	NaN
49908	NaN
49909	NaN
49910	NaN
49911	NaN
49912	NaN
49913	NaN
49914	NaN
49915	NaN
49916	NaN
49917	NaN
49918	NaN
49919	NaN
49920	NaN
49921	NaN
49922	NaN
49923	NaN
49924	NaN
49925	NaN
49926	NaN
49927	NaN
49928	NaN
49929	NaN
49930	NaN
49931	NaN
49932	NaN
49933	NaN
49934	NaN
49935	NaN
49936	NaN
49937	NaN
49938	NaN
49939	NaN
49940	NaN
49941	NaN
49942	NaN
49943	NaN
49944	NaN
49945	NaN
49946	NaN
49947	NaN
49948	NaN
49949	NaN
49950	NaN
49951	NaN
49952	NaN
49953	NaN
49954	NaN
49955	NaN
49956	NaN
49957	NaN
49958	NaN
49959	NaN
49960	NaN
49961	NaN
49962	NaN
49963	NaN
49964	NaN
49965	NaN
49966	NaN
49967	NaN
49968	NaN
49969	NaN
49970	11.85851955
49971	3.17071509
49972	2.07690930
49973	1.64897120
49974	1.42105281
49975	1.27966869
49976	1.18351626
49977	1.11396325
49978	1.06136882
49979	1.02024412
49980	0.98723501
49981	0.96017420
49982	0.93760055
49983	0.91849339
49984	0.90211731
49985	0.88792962
49986	0.87552065
49987	0.86457551
49988	0.85484868
49989	0.84614503
49990	0.83830839
49991	0.83121139
49992	0.82475019
49993	0.81883830
49994	0.81340373
49995	0.80838603
49996	0.80373347
49997	0.79940236
49998	0.79535502
49999	0.79155886
50000	0.78798562
50001	0.78461069
50002	0.78141254
50003	0.77837205
50004	0.77547252
50005	0.77269888
50006	0.77003783
50007	0.76747751
50008	0.76500732
50009	0.76261777
50010	0.76029992
50011	0.75804615
50012	0.75584930
50013	0.75370288
50014	0.75160110
50015	0.74953860
50016	0.74751025
50017	0.74551183
50018	0.74353904
50019	0.74158835
50020	0.73965597
50021	0.73773891
50022	0.73583412
50023	0.73393899
50024	0.73205107
50025	0.73016787
50026	0.72828746
50027	0.72640789
50028	0.72452730
50029	0.72264415
50030	0.72075689
50031	0.71886426
50032	0.71696490
50033	0.71505791
50034	0.71314216
50035	0.71121669
50036	0.70928079
50037	0.70733368
50038	0.70537478
50039	0.70340353
50040	0.70141947
50041	0.69942206
50042	0.69741112
50043	0.69538623
50044	0.69334722
50045	0.69129384
50046	0.68922591
50047	0.68714333
50048	0.68504608
50049	0.68293411
50050	0.68080729
50051	0.67866576
50052	0.67650950
50053	0.67433858
50054	0.67215300
50055	0.66995287
50056	0.66773838
50057	0.66550964
50058	0.66326666
50059	0.66100967
50060	0.65873885
50061	0.65645438
50062	0.65415645
50063	0.65184528
50064	0.64952105
50065	0.64718407
50066	0.64483452
50067	0.64247274
50068	0.64009905
50069	0.63771367
50070	0.63531703
50071	0.63290936
50072	0.63049120
50073	0.62806273
50074	0.62562442
50075	0.62317663
50076	0.62071991
50077	0.61825454
50078	0.61578101
50079	0.61329979
50080	0.61081123
50081	0.60831589
50082	0.60581410
50083	0.60330641
50084	0.60079318
50085	0.59827483
50086	0.59575200
50087	0.59322488
50088	0.59069395
50089	0.58815968
50090	0.58562237
50091	0.58308244
50092	0.58054024
50093	0.57799613
50094	0.57545048
50095	0.57290345
50096	0.57035542
50097	0.56780672
50098	0.56525749
50099	0.56270808
50100	0.56015867
50101	0.55760938
50102	0.55506051
50103	0.55251217
50104	0.54996449
50105	0.54741770
50106	0.54487181
50107	0.54232705
50108	0.53978342
50109	0.53724104
50110	0.53469998
50111	0.53216034
50112	0.52962214
50113	0.52708548
50114	0.52455038
50115	0.52201688
50116	0.51948494
50117	0.51695478
50118	0.51442635
50119	0.51189965
50120	0.50937474
50121	0.50685161
50122	0.50433040
50123	0.50181109
50124	0.49929363
50125	0.49677819
50126	0.49426481
50127	0.49175343
50128	0.48924425
50129	0.48673719
50130	0.48423237
50131	0.48172987
50132	0.47922969
50133	0.47673193
50134	0.47423667
50135	0.47174388
50136	0.46925378
50137	0.46676636
50138	0.46428171
50139	0.46179992
50140	0.45932102
50141	0.45684510
50142	0.45437229
50143	0.45190260
50144	0.44943610
50145	0.44697297
50146	0.44451317
50147	0.44205689
50148	0.43960416
50149	0.43715507
50150	0.43470967
50151	0.43226805
50152	0.42983040
50153	0.42739668
50154	0.42496705
50155	0.42254159
50156	0.42012039
50157	0.41770357
50158	0.41529119
50159	0.41288331
50160	0.41048008
50161	0.40808159
50162	0.40568787
50163	0.40329900
50164	0.40091512
50165	0.39853621
50166	0.39616233
50167	0.39379349
50168	0.39142987
50169	0.38907132
50170	0.38671786
50171	0.38436946
50172	0.38202608
50173	0.37968752
50174	0.37735376
50175	0.37502459
50176	0.37269980
50177	0.37037921
50178	0.36806241
50179	0.36574909
50180	0.36343881
50181	0.36113119
50182	0.35882556
50183	0.35652125
50184	0.35421768
50185	0.35191396
50186	0.34960911
50187	0.34730220
50188	0.34499207
50189	0.34267738
50190	0.34035677
50191	0.33802852
50192	0.33569098
50193	0.33334211
50194	0.33097970
50195	0.32860127
50196	0.32620412
50197	0.32378531
50198	0.32134128
50199	0.31886822
50200	0.31636205
50201	0.31381801
50202	0.31123057
50203	0.30859405
50204	0.30590156
50205	0.30314550
50206	0.30031735
50207	0.29740718
50208	0.29440397
50209	0.29129508
50210	0.28806576
50211	0.28469959
50212	0.28117684
50213	0.27747512
50214	0.27356839
50215	0.26942584
50216	0.26501167
50217	0.26028281
50218	0.25518814
50219	0.24966659
50220	0.24364357
50221	0.23702821
50222	0.22970831
50223	0.22154328
50224	0.21235697
50225	0.20192169
50226	0.18994147
50227	0.17602421
50228	0.15963770
50229	0.14004181
50230	0.11617842
50231	0.08647633
50232	0.04850249
50233	-0.00172794
50234	-0.07121983
50235	-0.17352006
50236	-0.33870843
50237	-0.64964205
50238	-1.44819593
50239	-7.96952915
50240	NaN
50241	NaN
50242	NaN
50243	NaN
50244	NaN
50245	NaN
50246	NaN
50247	NaN
50248	NaN
50249	NaN
50250	NaN
50251	NaN
50252	NaN
50253	NaN
50254	NaN
50255	NaN
50256	NaN
50257	NaN
50258	NaN
50259	NaN
50260	NaN
50261	NaN
50262	NaN
50263	NaN
50264	NaN
50265	NaN
50266	NaN
50267	NaN
50268	NaN
50269	NaN
50270	NaN
50271	NaN
50272	NaN
50273	NaN
50274	NaN
50275	NaN
50276	NaN
50277	NaN
50278	NaN
50279	NaN
50280	NaN
50281	NaN
50282	NaN
50283	NaN
50284	NaN
50285	NaN
50286	NaN
50287	NaN
50288	NaN
50289	NaN
50290	NaN
50291	NaN
50292	NaN
50293	NaN
50294	NaN
50295	NaN
50296	NaN
50297	NaN
50298	NaN
50299	NaN
50300	NaN
50301	NaN
50302	NaN
50303	NaN
50304	NaN
50305	NaN
50306	5.93139505
50307	2.46100879
50308	1.74063838
50309	1.42967272
50310	1.25664067
50311	1.14662313
50312	1.07062769
50313	1.01507401
50314	0.97275448
50315	0.93948770
50316	0.91268146
50317	0.89064342
50318	0.87222201
50319	0.85660630
50320	0.84320843
50321	0.83159232
50322	0.82142788
50323	0.81245971
50324	0.80448824
50325	0.79735404
50326	0.79092979
50327	0.78511107
50328	0.77981275
50329	0.77496362
50330	0.77050412
50331	0.76638448
50332	0.76256222
50333	0.75900108
50334	0.75567001
50335	0.75254190
50336	0.74959356
50337	0.74680436
50338	0.74415648
50339	0.74163419
50340	0.73922354
50341	0.73691231
50342	0.73468924
50343	0.73254472
50344	0.73046964
50345	0.72845620
50346	0.72649717
50347	0.72458607
50348	0.72271699
50349	0.72088456
50350	0.71908385
50351	0.71731031
50352	0.71556002
50353	0.71382898
50354	0.71211386
50355	0.71041137
50356	0.70871866
50357	0.70703280
50358	0.70535141
50359	0.70367205
50360	0.70199251
50361	0.70031083
50362	0.69862515
50363	0.69693363
50364	0.69523472
50365	0.69352680
50366	0.69180870
50367	0.69007897
50368	0.68833649
50369	0.68658006
50370	0.68480879
50371	0.68302166
50372	0.68121803
50373	0.67939687
50374	0.67755759
50375	0.67569959
50376	0.67382228
50377	0.67192507
50378	0.67000765
50379	0.66806954
50380	0.66611040
50381	0.66412985
50382	0.66212785
50383	0.66010392
50384	0.65805799
50385	0.65599006
50386	0.65389979
50387	0.65178722
50388	0.64965230
50389	0.64749497
50390	0.64531541
50391	0.64311349
50392	0.64088935
50393	0.63864321
50394	0.63637495
50395	0.63408506
50396	0.63177353
50397	0.62944072
50398	0.62708682
50399	0.62471211
50400	0.62231702
50401	0.61990172
50402	0.61746687
50403	0.61501276
50404	0.61253983
50405	0.61004859
50406	0.60753965
50407	0.60501349
50408	0.60247070
50409	0.59991193
50410	0.59733778
50411	0.59474891
50412	0.59214604
50413	0.58952981
50414	0.58690101
50415	0.58426034
50416	0.58160847
50417	0.57894623
50418	0.57627439
50419	0.57359356
50420	0.57090467
50421	0.56820828
50422	0.56550533
50423	0.56279641
50424	0.56008232
50425	0.55736363
50426	0.55464113
50427	0.55191553
50428	0.54918742
50429	0.54645741
50430	0.54372615
50431	0.54099423
50432	0.53826219
50433	0.53553057
50434	0.53279990
50435	0.53007060
50436	0.52734327
50437	0.52461821
50438	0.52189595
50439	0.51917678
50440	0.51646107
50441	0.51374924
50442	0.51104152
50443	0.50833827
50444	0.50563979
50445	0.50294620
50446	0.50025791
50447	0.49757507
50448	0.49489793
50449	0.49222657
50450	0.48956129
50451	0.48690227
50452	0.48424959
50453	0.48160344
50454	0.47896403
50455	0.47633144
50456	0.47370580
50457	0.47108725
50458	0.46847591
50459	0.46587190
50460	0.46327531
50461	0.46068633
50462	0.45810500
50463	0.45553142
50464	0.45296565
50465	0.45040777
50466	0.44785795
50467	0.44531617
50468	0.44278252
50469	0.44025704
50470	0.43773982
50471	0.43523085
50472	0.43273017
50473	0.43023780
50474	0.42775372
50475	0.42527795
50476	0.42281047
50477	0.42035124
50478	0.41790020
50479	0.41545737
50480	0.41302261
50481	0.41059583
50482	0.40817708
50483	0.40576613
50484	0.40336290
50485	0.40096730
50486	0.39857921
50487	0.39619851
50488	0.39382496
50489	0.39145848
50490	0.38909888
50491	0.38674593
50492	0.38439953
50493	0.38205940
50494	0.37972540
50495	0.37739721
50496	0.37507465
50497	0.37275743
50498	0.37044525
50499	0.36813784
50500	0.36583486
50501	0.36353597
50502	0.36124083
50503	0.35894895
50504	0.35666001
50505	0.35437343
50506	0.35208866
50507	0.34980524
50508	0.34752244
50509	0.34523958
50510	0.34295598
50511	0.34067073
50512	0.33838293
50513	0.33609155
50514	0.33379549
50515	0.33149359
50516	0.32918441
50517	0.32686639
50518	0.32453802
50519	0.32219741
50520	0.31984252
50521	0.31747118
50522	0.31508094
50523	0.31266907
50524	0.31023270
50525	0.30776837
50526	0.30527258
50527	0.30274126
50528	0.30016989
50529	0.29755375
50530	0.29488719
50531	0.29216430
50532	0.28937817
50533	0.28652129
50534	0.28358540
50535	0.28056109
50536	0.27743772
50537	0.27420363
50538	0.27084547
50539	0.26734820
50540	0.26369476
50541	0.25986567
50542	0.25583905
50543	0.25158933
50544	0.24708764
50545	0.24230033
50546	0.23718801
50547	0.23170514
50548	0.22579814
50549	0.21940334
50550	0.21244580
50551	0.20483470
50552	0.19646060
50553	0.18719010
50554	0.17685844
50555	0.16526040
50556	0.15213630
50557	0.13715345
50558	0.11987958
50559	0.09973929
50560	0.07595232
50561	0.04743425
50562	0.01262883
50563	-0.03077651
50564	-0.08637647
50565	-0.16007780
50566	-0.26231119
50567	-0.41340053
50568	-0.65893549
50569	-1.12670839
50570	-2.36423492
50571	-14.96771145
50572	NaN
50573	NaN
50574	NaN
50575	NaN
50576	NaN
50577	NaN
50578	NaN
50579	NaN
50580	NaN
50581	NaN
50582	NaN
50583	NaN
50584	NaN
50585	NaN
50586	NaN
50587	NaN
50588	NaN
50589	NaN
50590	NaN
50591	NaN
50592	NaN
50593	NaN
50594	NaN
50595	NaN
50596	NaN
50597	NaN
50598	NaN
50599	NaN
50600	NaN
50601	NaN
50602	NaN
50603	NaN
50604	NaN
50605	NaN
50606	NaN
50607	NaN
50608	NaN
50609	NaN
50610	NaN
50611	NaN
50612	NaN
50613	NaN
50614	NaN
50615	NaN
50616	NaN
50617	NaN
50618	NaN
50619	NaN
50620	NaN
50621	NaN
50622	NaN
50623	NaN
50624	NaN
50625	NaN
50626	NaN
50627	11.80628777
50628	3.17038083
50629	2.07418585
50630	1.64478469
50631	1.41599798
50632	1.27406597
50633	1.17756152
50634	1.10778105
50635	1.05504704
50636	1.01384604
50637	0.98080760
50638	0.95375431
50639	0.93121839
50640	0.91217178
50641	0.89587510
50642	0.88178194
50643	0.86948013
50644	0.85865206
50645	0.84904999
50646	0.84047741
50647	0.83277631
50648	0.82581854
50649	0.81949872
50650	0.81372935
50651	0.80843753
50652	0.80356193
50653	0.79905027
50654	0.79485816
50655	0.79094702
50656	0.78728396
50657	0.78384030
50658	0.78059095
50659	0.77751362
50660	0.77458930
50661	0.77180076
50662	0.76913267
50663	0.76657182
50664	0.76410568
50665	0.76172370
50666	0.75941592
50667	0.75717366
50668	0.75498891
50669	0.75285447
50670	0.75076377
50671	0.74871075
50672	0.74669009
50673	0.74469686
50674	0.74272633
50675	0.74077439
50676	0.73883724
50677	0.73691130
50678	0.73499346
50679	0.73308069
50680	0.73117024
50681	0.72925967
50682	0.72734672
50683	0.72542918
50684	0.72350520
50685	0.72157300
50686	0.71963096
50687	0.71767777
50688	0.71571201
50689	0.71373248
50690	0.71173823
50691	0.70972812
50692	0.70770156
50693	0.70565766
50694	0.70359576
50695	0.70151544
50696	0.69941616
50697	0.69729769
50698	0.69515949
50699	0.69300157
50700	0.69082355
50701	0.68862551
50702	0.68640727
50703	0.68416899
50704	0.68191057
50705	0.67963213
50706	0.67733395
50707	0.67501611
50708	0.67267889
50709	0.67032254
50710	0.66794741
50711	0.66555375
50712	0.66314203
50713	0.66071242
50714	0.65826559
50715	0.65580189
50716	0.65332168
50717	0.65082562
50718	0.64831412
50719	0.64578778
50720	0.64324707
50721	0.64069265
50722	0.63812500
50723	0.63554490
50724	0.63295281
50725	0.63034946
50726	0.62773544
50727	0.62511152
50728	0.62247825
50729	0.61983645
50730	0.61718661
50731	0.61452961
50732	0.61186606
50733	0.60919654
50734	0.60652190
50735	0.60384274
50736	0.60115975
50737	0.59847361
50738	0.59578496
50739	0.59309441
50740	0.59040248
50741	0.58770996
50742	0.58501726
50743	0.58232504
50744	0.57963383
50745	0.57694411
50746	0.57425636
50747	0.57157111
50748	0.56888872
50749	0.56620967
50750	0.56353432
50751	0.56086302
50752	0.55819619
50753	0.55553406
50754	0.55287695
50755	0.55022520
50756	0.54757893
50757	0.54493845
50758	0.54230398
50759	0.53967565
50760	0.53705364
50761	0.53443813
50762	0.53182930
50763	0.52922708
50764	0.52663171
50765	0.52404320
50766	0.52146173
50767	0.51888734
50768	0.51631993
50769	0.51375967
50770	0.51120657
50771	0.50866067
50772	0.50612187
50773	0.50359023
50774	0.50106573
50775	0.49854839
50776	0.49603817
50777	0.49353504
50778	0.49103895
50779	0.48854989
50780	0.48606783
50781	0.48359269
50782	0.48112446
50783	0.47866306
50784	0.47620836
50785	0.47376046
50786	0.47131914
50787	0.46888447
50788	0.46645626
50789	0.46403447
50790	0.46161911
50791	0.45921001
50792	0.45680705
50793	0.45441023
50794	0.45201942
50795	0.44963452
50796	0.44725552
50797	0.44488221
50798	0.44251454
50799	0.44015244
50800	0.43779573
50801	0.43544438
50802	0.43309826
50803	0.43075728
50804	0.42842129
50805	0.42609021
50806	0.42376393
50807	0.42144236
50808	0.41912529
50809	0.41681269
50810	0.41450444
50811	0.41220033
50812	0.40990034
50813	0.40760425
50814	0.40531194
50815	0.40302324
50816	0.40073800
50817	0.39845607
50818	0.39617723
50819	0.39390120
50820	0.39162791
50821	0.38935700
50822	0.38708827
50823	0.38482144
50824	0.38255608
50825	0.38029194
50826	0.37802866
50827	0.37576583
50828	0.37350297
50829	0.37123966
50830	0.36897528
50831	0.36670929
50832	0.36444107
50833	0.36216995
50834	0.35989520
50835	0.35761598
50836	0.35533145
50837	0.35304070
50838	0.35074261
50839	0.34843612
50840	0.34611997
50841	0.34379295
50842	0.34145358
50843	0.33910030
50844	0.33673149
50845	0.33434534
50846	0.33193985
50847	0.32951286
50848	0.32706195
50849	0.32458481
50850	0.32207844
50851	0.31953984
50852	0.31696579
50853	0.31435263
50854	0.31169635
50855	0.30899262
50856	0.30623651
50857	0.30342281
50858	0.30054563
50859	0.29759848
50860	0.29457417
50861	0.29146472
50862	0.28826129
50863	0.28495383
50864	0.28153113
50865	0.27798077
50866	0.27428859
50867	0.27043846
50868	0.26641247
50869	0.26219010
50870	0.25774765
50871	0.25305849
50872	0.24809141
50873	0.24281086
50874	0.23717527
50875	0.23113598
50876	0.22463602
50877	0.21760815
50878	0.20997249
50879	0.20163307
50880	0.19247377
50881	0.18235384
50882	0.17109917
50883	0.15849316
50884	0.14426354
50885	0.12806097
50886	0.10943202
50887	0.08777630
50888	0.06228172
50889	0.03182387
50890	-0.00520299
50891	-0.05117355
50892	-0.10974986
50893	-0.18690160
50894	-0.29305273
50895	-0.44819531
50896	-0.69614536
50897	-1.15504801
50898	-2.29129243
50899	-9.79532337
50900	NaN
50901	NaN
50902	NaN
50903	NaN
50904	NaN
50905	NaN
50906	NaN
50907	NaN
50908	NaN
50909	NaN
50910	NaN
50911	NaN
50912	NaN
50913	NaN
50914	NaN
50915	NaN
50916	NaN
50917	NaN
50918	NaN
50919	NaN
50920	NaN
50921	NaN
50922	NaN
50923	NaN
50924	NaN
50925	NaN
50926	NaN
50927	NaN
50928	NaN
50929	NaN
50930	NaN
50931	NaN
50932	NaN
50933	NaN
50934	NaN
50935	NaN
50936	NaN
50937	NaN
50938	NaN
50939	NaN
50940	NaN
50941	NaN
50942	NaN
50943	NaN
50944	NaN
50945	NaN
50946	NaN
50947	NaN
50948	NaN
50949	NaN
50950	NaN
50951	NaN
50952	NaN
50953	NaN
50954	NaN
50955	4.65642071
50956	2.48726892
50957	1.84388459
50958	1.53561318
50959	1.35491204
50960	1.23629498
50961	1.15254211
50962	1.09031367
50963	1.04230285
50964	1.00416899
50965	0.97317421
50966	0.94750452
50967	0.92591012
50968	0.90750211
50969	0.89163119
50970	0.87781167
50971	0.86567336
50972	0.85492831
50973	0.84535038
50974	0.83675826
50975	0.82900572
50976	0.82197297
50977	0.81556141
50978	0.80968869
50979	0.80428594
50980	0.79929471
50981	0.79466522
50982	0.79035497
50983	0.78632718
50984	0.78254974
50985	0.77899510
50986	0.77563888
50987	0.77245969
50988	0.76943874
50989	0.76655918
50990	0.76380610
50991	0.76116633
50992	0.75862771
50993	0.75617975
50994	0.75381255
50995	0.75151747
50996	0.74928677
50997	0.74711311
50998	0.74498981
50999	0.74291116
51000	0.74087161
51001	0.73886615
51002	0.73689026
51003	0.73493958
51004	0.73301041
51005	0.73109919
51006	0.72920257
51007	0.72731757
51008	0.72544146
51009	0.72357160
51010	0.72170562
51011	0.71984130
51012	0.71797681
51013	0.71611005
51014	0.71423942
51015	0.71236330
51016	0.71048039
51017	0.70858914
51018	0.70668840
51019	0.70477712
51020	0.70285416
51021	0.70091867
51022	0.69896990
51023	0.69700694
51024	0.69502896
51025	0.69303566
51026	0.69102633
51027	0.68900049
51028	0.68695766
51029	0.68489754
51030	0.68281972
51031	0.68072402
51032	0.67861009
51033	0.67647785
51034	0.67432714
51035	0.67215776
51036	0.66996968
51037	0.66776288
51038	0.66553736
51039	0.66329306
51040	0.66103017
51041	0.65874875
51042	0.65644878
51043	0.65413058
51044	0.65179425
51045	0.64943987
51046	0.64706802
51047	0.64467865
51048	0.64227223
51049	0.63984901
51050	0.63740939
51051	0.63495380
51052	0.63248247
51053	0.62999606
51054	0.62749499
51055	0.62497973
51056	0.62245083
51057	0.61990887
51058	0.61735427
51059	0.61478782
51060	0.61220992
51061	0.60962141
51062	0.60702270
51063	0.60441458
51064	0.60179770
51065	0.59917259
51066	0.59654003
51067	0.59390056
51068	0.59125495
51069	0.58860373
51070	0.58594757
51071	0.58328706
51072	0.58062285
51073	0.57795548
51074	0.57528555
51075	0.57261360
51076	0.56994021
51077	0.56726575
51078	0.56459075
51079	0.56191576
51080	0.55924124
51081	0.55656749
51082	0.55389500
51083	0.55122405
51084	0.54855508
51085	0.54588830
51086	0.54322422
51087	0.54056293
51088	0.53790480
51089	0.53525007
51090	0.53259891
51091	0.52995163
51092	0.52730829
51093	0.52466917
51094	0.52203435
51095	0.51940411
51096	0.51677841
51097	0.51415747
51098	0.51154137
51099	0.50893021
51100	0.50632405
51101	0.50372303
51102	0.50112706
51103	0.49853641
51104	0.49595100
51105	0.49337092
51106	0.49079615
51107	0.48822677
51108	0.48566276
51109	0.48310420
51110	0.48055100
51111	0.47800323
51112	0.47546092
51113	0.47292393
51114	0.47039244
51115	0.46786621
51116	0.46534532
51117	0.46282974
51118	0.46031934
51119	0.45781422
51120	0.45531422
51121	0.45281926
51122	0.45032930
51123	0.44784424
51124	0.44536409
51125	0.44288871
51126	0.44041795
51127	0.43795183
51128	0.43549016
51129	0.43303290
51130	0.43057999
51131	0.42813125
51132	0.42568660
51133	0.42324597
51134	0.42080927
51135	0.41837645
51136	0.41594729
51137	0.41352186
51138	0.41109994
51139	0.40868154
51140	0.40626657
51141	0.40385491
51142	0.40144652
51143	0.39904132
51144	0.39663920
51145	0.39424011
51146	0.39184400
51147	0.38945076
51148	0.38706025
51149	0.38467243
51150	0.38228714
51151	0.37990430
51152	0.37752372
51153	0.37514523
51154	0.37276864
51155	0.37039372
51156	0.36802021
51157	0.36564779
51158	0.36327615
51159	0.36090490
51160	0.35853356
51161	0.35616159
51162	0.35378850
51163	0.35141355
51164	0.34903604
51165	0.34665513
51166	0.34426993
51167	0.34187943
51168	0.33948243
51169	0.33707768
51170	0.33466375
51171	0.33223903
51172	0.32980183
51173	0.32735023
51174	0.32488203
51175	0.32239494
51176	0.31988633
51177	0.31735328
51178	0.31479266
51179	0.31220090
51180	0.30957422
51181	0.30690825
51182	0.30419818
51183	0.30143890
51184	0.29862443
51185	0.29574826
51186	0.29280326
51187	0.28978115
51188	0.28667310
51189	0.28346905
51190	0.28015757
51191	0.27672607
51192	0.27316010
51193	0.26944339
51194	0.26555753
51195	0.26148140
51196	0.25719136
51197	0.25265968
51198	0.24785458
51199	0.24273971
51200	0.23727228
51201	0.23140235
51202	0.22507134
51203	0.21820985
51204	0.21073522
51205	0.20254806
51206	0.19352764
51207	0.18352716
51208	0.17236477
51209	0.15981336
51210	0.14558446
51211	0.12930772
51212	0.11049954
51213	0.08851464
51214	0.06247239
51215	0.03114338
51216	-0.00725058
51217	-0.05537422
51218	-0.11741243
51219	-0.20033768
51220	-0.31668925
51221	-0.49152854
51222	-0.78326231
51223	-1.36673033
51224	-3.11183238
51225	NaN
51226	NaN
51227	NaN
51228	NaN
51229	NaN
51230	NaN
51231	NaN
51232	NaN
51233	NaN
51234	NaN
51235	NaN
51236	NaN
51237	NaN
51238	NaN
51239	NaN
51240	NaN
51241	NaN
51242	NaN
51243	NaN
51244	NaN
51245	NaN
51246	NaN
51247	NaN
51248	NaN
51249	NaN
51250	NaN
51251	NaN
51252	NaN
51253	NaN
51254	NaN
51255	NaN
51256	NaN
51257	NaN
51258	NaN
51259	NaN
51260	NaN
51261	NaN
51262	NaN
51263	NaN
51264	NaN
51265	NaN
51266	NaN
51267	NaN
51268	NaN
51269	NaN
51270	NaN
51271	NaN
51272	NaN
51273	NaN
51274	NaN
51275	NaN
51276	NaN
51277	NaN
51278	NaN
51279	NaN
51280	9.97350216
51281	3.23189592
51282	2.15749645
51283	1.71952820
51284	1.48202813
51285	1.33318996
51286	1.23131442
51287	1.15730107
51288	1.10116780
51289	1.05718696
51290	1.02183998
51291	0.99284345
51292	0.96865243
51293	0.94818193
51294	0.93064988
51295	0.91547716
51296	0.90222561
51297	0.89055848
51298	0.88021088
51299	0.87097377
51300	0.86267871
51301	0.85518867
51302	0.84839064
51303	0.84219146
51304	0.83651286
51305	0.83128911
51306	0.82646418
51307	0.82199043
51308	0.81782645
51309	0.81393707
51310	0.81029105
51311	0.80686164
51312	0.80362511
51313	0.80056053
51314	0.79764950
51315	0.79487562
51316	0.79222405
51317	0.78968221
51318	0.78723776
51319	0.78488046
51320	0.78260064
51321	0.78038973
51322	0.77823979
51323	0.77614361
51324	0.77409482
51325	0.77208745
51326	0.77011597
51327	0.76817548
51328	0.76626140
51329	0.76436943
51330	0.76249588
51331	0.76063704
51332	0.75878966
51333	0.75695074
51334	0.75511760
51335	0.75328761
51336	0.75145841
51337	0.74962795
51338	0.74779421
51339	0.74595547
51340	0.74410981
51341	0.74225610
51342	0.74039274
51343	0.73851854
51344	0.73663259
51345	0.73473364
51346	0.73282105
51347	0.73089391
51348	0.72895163
51349	0.72699368
51350	0.72501940
51351	0.72302860
51352	0.72102070
51353	0.71899563
51354	0.71695310
51355	0.71489310
51356	0.71281546
51357	0.71072006
51358	0.70860696
51359	0.70647633
51360	0.70432812
51361	0.70216250
51362	0.69997948
51363	0.69777954
51364	0.69556260
51365	0.69332898
51366	0.69107890
51367	0.68881261
51368	0.68653047
51369	0.68423265
51370	0.68191957
51371	0.67959142
51372	0.67724866
51373	0.67489153
51374	0.67252052
51375	0.67013586
51376	0.66773808
51377	0.66532731
51378	0.66290426
51379	0.66046929
51380	0.65802282
51381	0.65556514
51382	0.65309697
51383	0.65061855
51384	0.64813054
51385	0.64563334
51386	0.64312744
51387	0.64061338
51388	0.63809150
51389	0.63556254
51390	0.63302696
51391	0.63048506
51392	0.62793756
51393	0.62538487
51394	0.62282747
51395	0.62026578
51396	0.61770034
51397	0.61513162
51398	0.61255997
51399	0.60998589
51400	0.60740978
51401	0.60483193
51402	0.60225284
51403	0.59967279
51404	0.59709209
51405	0.59451115
51406	0.59193015
51407	0.58934945
51408	0.58676928
51409	0.58418983
51410	0.58161145
51411	0.57903415
51412	0.57645822
51413	0.57388383
51414	0.57131118
51415	0.56874037
51416	0.56617147
51417	0.56360465
51418	0.56104004
51419	0.55847770
51420	0.55591768
51421	0.55336010
51422	0.55080503
51423	0.54825246
51424	0.54570258
51425	0.54315531
51426	0.54061079
51427	0.53806901
51428	0.53553003
51429	0.53299391
51430	0.53046066
51431	0.52793032
51432	0.52540290
51433	0.52287847
51434	0.52035713
51435	0.51783878
51436	0.51532358
51437	0.51281148
51438	0.51030254
51439	0.50779682
51440	0.50529432
51441	0.50279510
51442	0.50029927
51443	0.49780670
51444	0.49531758
51445	0.49283189
51446	0.49034965
51447	0.48787090
51448	0.48539573
51449	0.48292413
51450	0.48045614
51451	0.47799185
51452	0.47553125
51453	0.47307438
51454	0.47062129
51455	0.46817204
51456	0.46572670
51457	0.46328527
51458	0.46084785
51459	0.45841452
51460	0.45598534
51461	0.45356029
51462	0.45113957
51463	0.44872320
51464	0.44631127
51465	0.44390383
51466	0.44150108
51467	0.43910307
51468	0.43670988
51469	0.43432167
51470	0.43193844
51471	0.42956045
51472	0.42718774
51473	0.42482039
51474	0.42245856
51475	0.42010233
51476	0.41775185
51477	0.41540706
51478	0.41306815
51479	0.41073516
51480	0.40840805
51481	0.40608689
51482	0.40377176
51483	0.40146250
51484	0.39915904
51485	0.39686137
51486	0.39456928
51487	0.39228261
51488	0.39000115
51489	0.38772452
51490	0.38545245
51491	0.38318452
51492	0.38092023
51493	0.37865907
51494	0.37640032
51495	0.37414327
51496	0.37188718
51497	0.36963102
51498	0.36737379
51499	0.36511427
51500	0.36285114
51501	0.36058298
51502	0.35830796
51503	0.35602435
51504	0.35373014
51505	0.35142285
51506	0.34910011
51507	0.34675893
51508	0.34439614
51509	0.34200814
51510	0.33959082
51511	0.33713979
51512	0.33464995
51513	0.33211556
51514	0.32953036
51515	0.32688677
51516	0.32417670
51517	0.32139066
51518	0.31851783
51519	0.31554595
51520	0.31246066
51521	0.30924556
51522	0.30588165
51523	0.30234671
51524	0.29861441
51525	0.29465434
51526	0.29042995
51527	0.28589803
51528	0.28100613
51529	0.27569106
51530	0.26987606
51531	0.26346621
51532	0.25634307
51533	0.24835776
51534	0.23931918
51535	0.22898030
51536	0.21701419
51537	0.20298013
51538	0.18627006
51539	0.16602015
51540	0.14096151
51541	0.10915206
51542	0.06746067
51543	0.01050002
51544	-0.07186661
51545	-0.20122215
51546	-0.43308657
51547	-0.96694177
51548	-3.47189069
51549	NaN
51550	NaN
51551	NaN
51552	NaN
51553	NaN
51554	NaN
51555	NaN
51556	NaN
51557	NaN
51558	NaN
51559	NaN
51560	NaN
51561	NaN
51562	NaN
51563	NaN
51564	NaN
51565	NaN
51566	NaN
51567	NaN
51568	NaN
51569	NaN
51570	NaN
51571	NaN
51572	NaN
51573	NaN
51574	NaN
51575	NaN
51576	NaN
51577	NaN
51578	NaN
51579	NaN
51580	NaN
51581	NaN
51582	NaN
51583	NaN
51584	NaN
51585	NaN
51586	NaN
51587	NaN
51588	NaN
51589	NaN
51590	NaN
51591	NaN
51592	NaN
51593	NaN
51594	NaN
51595	NaN
51596	NaN
51597	NaN
51598	NaN
51599	NaN
51600	NaN
51601	NaN
51602	NaN
51603	NaN
51604	NaN
51605	NaN
51606	NaN
51607	NaN
51608	NaN
51609	NaN
51610	NaN
51611	NaN
51612	NaN
51613	NaN
51614	NaN
51615	NaN
51616	NaN
51617	NaN
51618	6.59112787
51619	2.58893800
51620	1.81899858
51621	1.49259937
51622	1.31250632
51623	1.19856131
51624	1.12010407
51625	1.06287944
51626	1.01935840
51627	0.98518765
51628	0.95767844
51629	0.93507850
51630	0.91619748
51631	0.90019906
51632	0.88647681
51633	0.87458205
51634	0.86417538
51635	0.85499477
51636	0.84683496
51637	0.83953297
51638	0.83295768
51639	0.82700276
51640	0.82158053
51641	0.81661856
51642	0.81205589
51643	0.80784178
51644	0.80393243
51645	0.80029106
51646	0.79688567
51647	0.79368883
51648	0.79067677
51649	0.78782845
51650	0.78512567
51651	0.78255242
51652	0.78009427
51653	0.77773869
51654	0.77547437
51655	0.77329135
51656	0.77118051
51657	0.76913357
51658	0.76714337
51659	0.76520318
51660	0.76330698
51661	0.76144928
51662	0.75962502
51663	0.75782961
51664	0.75605893
51665	0.75430906
51666	0.75257635
51667	0.75085765
51668	0.74914998
51669	0.74745041
51670	0.74575645
51671	0.74406576
51672	0.74237609
51673	0.74068546
51674	0.73899186
51675	0.73729366
51676	0.73558927
51677	0.73387712
51678	0.73215592
51679	0.73042434
51680	0.72868133
51681	0.72692573
51682	0.72515655
51683	0.72337294
51684	0.72157419
51685	0.71975940
51686	0.71792799
51687	0.71607935
51688	0.71421289
51689	0.71232820
51690	0.71042484
51691	0.70850229
51692	0.70656037
51693	0.70459884
51694	0.70261729
51695	0.70061558
51696	0.69859356
51697	0.69655102
51698	0.69448781
51699	0.69240397
51700	0.69029945
51701	0.68817413
51702	0.68602800
51703	0.68386108
51704	0.68167347
51705	0.67946517
51706	0.67723638
51707	0.67498714
51708	0.67271757
51709	0.67042792
51710	0.66811842
51711	0.66578925
51712	0.66344059
51713	0.66107285
51714	0.65868634
51715	0.65628129
51716	0.65385830
51717	0.65141749
51718	0.64895958
51719	0.64648491
51720	0.64399391
51721	0.64148718
51722	0.63896531
51723	0.63642877
51724	0.63387823
51725	0.63131422
51726	0.62873739
51727	0.62614834
51728	0.62354779
51729	0.62093633
51730	0.61831474
51731	0.61568350
51732	0.61304343
51733	0.61039513
51734	0.60773927
51735	0.60507649
51736	0.60240746
51737	0.59973270
51738	0.59705299
51739	0.59436888
51740	0.59168088
51741	0.58898968
51742	0.58629572
51743	0.58359969
51744	0.58090192
51745	0.57820302
51746	0.57550341
51747	0.57280362
51748	0.57010394
51749	0.56740493
51750	0.56470686
51751	0.56201017
51752	0.55931520
51753	0.55662221
51754	0.55393153
51755	0.55124354
51756	0.54855835
51757	0.54587632
51758	0.54319769
51759	0.54052269
51760	0.53785151
51761	0.53518432
51762	0.53252137
51763	0.52986282
51764	0.52720881
51765	0.52455956
51766	0.52191520
51767	0.51927596
51768	0.51664191
51769	0.51401323
51770	0.51139009
51771	0.50877255
51772	0.50616080
51773	0.50355512
51774	0.50095540
51775	0.49836189
51776	0.49577475
51777	0.49319407
51778	0.49061996
51779	0.48805261
51780	0.48549199
51781	0.48293835
51782	0.48039174
51783	0.47785228
51784	0.47531998
51785	0.47279498
51786	0.47027737
51787	0.46776721
51788	0.46526456
51789	0.46276945
51790	0.46028194
51791	0.45780206
51792	0.45532984
51793	0.45286524
51794	0.45040831
51795	0.44795904
51796	0.44551742
51797	0.44308341
51798	0.44065708
51799	0.43823820
51800	0.43582684
51801	0.43342292
51802	0.43102637
51803	0.42863712
51804	0.42625508
51805	0.42388010
51806	0.42151213
51807	0.41915101
51808	0.41679662
51809	0.41444877
51810	0.41210741
51811	0.40977222
51812	0.40744311
51813	0.40511981
51814	0.40280214
51815	0.40048978
51816	0.39818245
51817	0.39587986
51818	0.39358175
51819	0.39128757
51820	0.38899696
51821	0.38670954
51822	0.38442472
51823	0.38214198
51824	0.37986064
51825	0.37757996
51826	0.37529927
51827	0.37301776
51828	0.37073442
51829	0.36844829
51830	0.36615816
51831	0.36386287
51832	0.36156100
51833	0.35925096
51834	0.35693118
51835	0.35459983
51836	0.35225472
51837	0.34989375
51838	0.34751433
51839	0.34511372
51840	0.34268889
51841	0.34023628
51842	0.33775234
51843	0.33523276
51844	0.33267286
51845	0.33006757
51846	0.32741112
51847	0.32469687
51848	0.32191768
51849	0.31906533
51850	0.31613055
51851	0.31310317
51852	0.30997124
51853	0.30672145
51854	0.30333859
51855	0.29980519
51856	0.29610130
51857	0.29220384
51858	0.28808606
51859	0.28371677
51860	0.27905983
51861	0.27407262
51862	0.26870480
51863	0.26289585
51864	0.25657463
51865	0.24965402
51866	0.24202791
51867	0.23356631
51868	0.22410733
51869	0.21344769
51870	0.20132768
51871	0.18741080
51872	0.17125376
51873	0.15226068
51874	0.12961012
51875	0.10213921
51876	0.06814326
51877	0.02502642
51878	-0.03138097
51879	-0.10821583
51880	-0.21879353
51881	-0.39115345
51882	-0.69616461
51883	-1.37984300
51884	-4.27938223
51885	NaN
51886	NaN
51887	NaN
51888	NaN
51889	NaN
51890	NaN
51891	NaN
51892	NaN
51893	NaN
51894	NaN
51895	NaN
51896	NaN
51897	NaN
51898	NaN
51899	NaN
51900	NaN
51901	NaN
51902	NaN
51903	NaN
51904	NaN
51905	NaN
51906	NaN
51907	NaN
51908	NaN
51909	NaN
51910	NaN
51911	NaN
51912	NaN
51913	NaN
51914	NaN
51915	NaN
51916	NaN
51917	NaN
51918	NaN
51919	NaN
51920	NaN
51921	NaN
51922	NaN
51923	NaN
51924	NaN
51925	NaN
51926	NaN
51927	NaN
51928	NaN
51929	NaN
51930	NaN
51931	NaN
51932	NaN
51933	NaN
51934	NaN
51935	NaN
51936	NaN
51937	NaN
51938	NaN
51939	NaN
51940	NaN
51941	NaN
51942	NaN
51943	NaN
51944	NaN
51945	NaN
51946	NaN
51947	NaN
51948	NaN
51949	NaN
51950	18.35468102
51951	3.29753804
51952	2.11207724
51953	1.67506945
51954	1.44817448
51955	1.30946946
51956	1.21606159
51957	1.14898181
51958	1.09854794
51959	1.05930090
51960	1.02792895
51961	1.00230420
51962	0.98100060
51963	0.96302408
51964	0.94766164
51965	0.93438864
51966	0.92280900
51967	0.91262013
51968	0.90358603
51969	0.89551997
51970	0.88827217
51971	0.88172102
51972	0.87576723
51973	0.87032872
51974	0.86533684
51975	0.86073387
51976	0.85647094
51977	0.85250676
51978	0.84880543
51979	0.84533650
51980	0.84207302
51981	0.83899200
51982	0.83607298
51983	0.83329803
51984	0.83065146
51985	0.82811928
51986	0.82568896
51987	0.82334930
51988	0.82109040
51989	0.81890321
51990	0.81677985
51991	0.81471282
51992	0.81269544
51993	0.81072181
51994	0.80878633
51995	0.80688393
51996	0.80501014
51997	0.80316055
51998	0.80133134
51999	0.79951900
52000	0.79772007
52001	0.79593164
52002	0.79415083
52003	0.79237491
52004	0.79060173
52005	0.78882897
52006	0.78705448
52007	0.78527647
52008	0.78349310
52009	0.78170288
52010	0.77990419
52011	0.77809584
52012	0.77627647
52013	0.77444506
52014	0.77260065
52015	0.77074230
52016	0.76886916
52017	0.76698059
52018	0.76507598
52019	0.76315486
52020	0.76121676
52021	0.75926119
52022	0.75728804
52023	0.75529706
52024	0.75328815
52025	0.75126112
52026	0.74921596
52027	0.74715281
52028	0.74507159
52029	0.74297249
52030	0.74085563
52031	0.73872119
52032	0.73656940
52033	0.73440045
52034	0.73221475
52035	0.73001236
52036	0.72779369
52037	0.72555912
52038	0.72330874
52039	0.72104311
52040	0.71876240
52041	0.71646702
52042	0.71415734
52043	0.71183366
52044	0.70949650
52045	0.70714599
52046	0.70478261
52047	0.70240676
52048	0.70001894
52049	0.69761944
52050	0.69520867
52051	0.69278717
52052	0.69035524
52053	0.68791348
52054	0.68546224
52055	0.68300205
52056	0.68053329
52057	0.67805672
52058	0.67557263
52059	0.67308158
52060	0.67058402
52061	0.66808057
52062	0.66557169
52063	0.66305792
52064	0.66053975
52065	0.65801769
52066	0.65549231
52067	0.65296406
52068	0.65043336
52069	0.64790070
52070	0.64536655
52071	0.64283133
52072	0.64029545
52073	0.63775933
52074	0.63522339
52075	0.63268787
52076	0.63015306
52077	0.62761939
52078	0.62508714
52079	0.62255651
52080	0.62002772
52081	0.61750108
52082	0.61497676
52083	0.61245483
52084	0.60993558
52085	0.60741907
52086	0.60490549
52087	0.60239476
52088	0.59988725
52089	0.59738278
52090	0.59488159
52091	0.59238362
52092	0.58988893
52093	0.58739752
52094	0.58490944
52095	0.58242476
52096	0.57994336
52097	0.57746530
52098	0.57499063
52099	0.57251924
52100	0.57005113
52101	0.56758642
52102	0.56512487
52103	0.56266659
52104	0.56021160
52105	0.55775970
52106	0.55531108
52107	0.55286568
52108	0.55042332
52109	0.54798412
52110	0.54554802
52111	0.54311508
52112	0.54068512
52113	0.53825825
52114	0.53583449
52115	0.53341371
52116	0.53099591
52117	0.52858114
52118	0.52616936
52119	0.52376050
52120	0.52135456
52121	0.51895154
52122	0.51655138
52123	0.51415420
52124	0.51175970
52125	0.50936812
52126	0.50697935
52127	0.50459331
52128	0.50221002
52129	0.49982944
52130	0.49745160
52131	0.49507648
52132	0.49270400
52133	0.49033421
52134	0.48796710
52135	0.48560268
52136	0.48324093
52137	0.48088190
52138	0.47852555
52139	0.47617197
52140	0.47382119
52141	0.47147328
52142	0.46912819
52143	0.46678603
52144	0.46444687
52145	0.46211079
52146	0.45977777
52147	0.45744801
52148	0.45512149
52149	0.45279834
52150	0.45047852
52151	0.44816214
52152	0.44584924
52153	0.44353989
52154	0.44123402
52155	0.43893164
52156	0.43663281
52157	0.43433744
52158	0.43204528
52159	0.42975634
52160	0.42747042
52161	0.42518732
52162	0.42290673
52163	0.42062834
52164	0.41835174
52165	0.41607645
52166	0.41380209
52167	0.41152775
52168	0.40925288
52169	0.40697673
52170	0.40469825
52171	0.40241650
52172	0.40013030
52173	0.39783829
52174	0.39553910
52175	0.39323097
52176	0.39091226
52177	0.38858083
52178	0.38623458
52179	0.38387093
52180	0.38148710
52181	0.37908009
52182	0.37664646
52183	0.37418219
52184	0.37168312
52185	0.36914432
52186	0.36656046
52187	0.36392534
52188	0.36123198
52189	0.35847268
52190	0.35563838
52191	0.35271889
52192	0.34970242
52193	0.34657547
52194	0.34332231
52195	0.33992487
52196	0.33636197
52197	0.33260846
52198	0.32863501
52199	0.32440680
52200	0.31988207
52201	0.31501058
52202	0.30973074
52203	0.30396816
52204	0.29762977
52205	0.29059976
52206	0.28273118
52207	0.27383491
52208	0.26366490
52209	0.25189307
52210	0.23807301
52211	0.22158587
52212	0.20153880
52213	0.17660503
52214	0.14471957
52215	0.10248523
52216	0.04389160
52217	-0.04279796
52218	-0.18398719
52219	-0.45406049
52220	-1.17516637
52221	NaN
52222	NaN
52223	NaN
52224	NaN
52225	NaN
52226	NaN
52227	NaN
52228	NaN
52229	NaN
52230	NaN
52231	NaN
52232	NaN
52233	NaN
52234	NaN
52235	NaN
52236	NaN
52237	NaN
52238	NaN
52239	NaN
52240	NaN
52241	NaN
52242	NaN
52243	NaN
52244	NaN
52245	NaN
52246	NaN
52247	NaN
52248	NaN
52249	NaN
52250	NaN
52251	NaN
52252	NaN
52253	NaN
52254	NaN
52255	NaN
52256	NaN
52257	NaN
52258	NaN
52259	NaN
52260	NaN
52261	NaN
52262	NaN
52263	NaN
52264	NaN
52265	NaN
52266	NaN
52267	NaN
52268	NaN
52269	NaN
52270	NaN
52271	NaN
52272	NaN
52273	NaN
52274	NaN
52275	NaN
52276	NaN
52277	NaN
52278	NaN
52279	NaN
52280	NaN
52281	NaN
52282	NaN
52283	NaN
52284	NaN
52285	NaN
52286	NaN
52287	NaN
52288	NaN
52289	NaN
52290	NaN
52291	NaN
52292	NaN
52293	NaN
52294	4.14092445
52295	2.31184793
52296	1.74687743
52297	1.47245073
52298	1.31049109
52299	1.20374835
52300	1.12817979
52301	1.07192624
52302	1.02846098
52303	0.99389523
52304	0.96576798
52305	0.94244564
52306	0.92280245
52307	0.90603602
52308	0.89155990
52309	0.87893498
52310	0.86782634
52311	0.85797387
52312	0.84917253
52313	0.84125894
52314	0.83410078
52315	0.82758963
52316	0.82163650
52317	0.81616700
52318	0.81111902
52319	0.80643994
52320	0.80208480
52321	0.79801518
52322	0.79419816
52323	0.79060507
52324	0.78721106
52325	0.78399408
52326	0.78093517
52327	0.77801746
52328	0.77522594
52329	0.77254730
52330	0.76996964
52331	0.76748228
52332	0.76507580
52333	0.76274168
52334	0.76047194
52335	0.75825971
52336	0.75609863
52337	0.75398284
52338	0.75190717
52339	0.74986672
52340	0.74785703
52341	0.74587417
52342	0.74391431
52343	0.74197412
52344	0.74005044
52345	0.73814040
52346	0.73624128
52347	0.73435068
52348	0.73246628
52349	0.73058617
52350	0.72870827
52351	0.72683072
52352	0.72495210
52353	0.72307086
52354	0.72118556
52355	0.71929491
52356	0.71739787
52357	0.71549326
52358	0.71358025
52359	0.71165776
52360	0.70972520
52361	0.70778161
52362	0.70582658
52363	0.70385939
52364	0.70187950
52365	0.69988638
52366	0.69787967
52367	0.69585896
52368	0.69382399
52369	0.69177431
52370	0.68970972
52371	0.68763006
52372	0.68553507
52373	0.68342459
52374	0.68129838
52375	0.67915648
52376	0.67699879
52377	0.67482507
52378	0.67263550
52379	0.67042994
52380	0.66820842
52381	0.66597098
52382	0.66371769
52383	0.66144860
52384	0.65916377
52385	0.65686345
52386	0.65454769
52387	0.65221673
52388	0.64987075
52389	0.64750999
52390	0.64513463
52391	0.64274502
52392	0.64034152
52393	0.63792431
52394	0.63549381
52395	0.63305038
52396	0.63059437
52397	0.62812620
52398	0.62564641
52399	0.62315524
52400	0.62065321
52401	0.61814088
52402	0.61561859
52403	0.61308688
52404	0.61054617
52405	0.60799706
52406	0.60543990
52407	0.60287529
52408	0.60030365
52409	0.59772557
52410	0.59514129
52411	0.59255153
52412	0.58995664
52413	0.58735704
52414	0.58475327
52415	0.58214563
52416	0.57953477
52417	0.57692075
52418	0.57430422
52419	0.57168543
52420	0.56906492
52421	0.56644279
52422	0.56381953
52423	0.56119543
52424	0.55857074
52425	0.55594587
52426	0.55332088
52427	0.55069631
52428	0.54807216
52429	0.54544884
52430	0.54282653
52431	0.54020542
52432	0.53758579
52433	0.53496772
52434	0.53235155
52435	0.52973741
52436	0.52712560
52437	0.52451611
52438	0.52190930
52439	0.51930529
52440	0.51670432
52441	0.51410657
52442	0.51151210
52443	0.50892121
52444	0.50633413
52445	0.50375098
52446	0.50117195
52447	0.49859723
52448	0.49602708
52449	0.49346158
52450	0.49090105
52451	0.48834556
52452	0.48579541
52453	0.48325065
52454	0.48071152
52455	0.47817817
52456	0.47565079
52457	0.47312957
52458	0.47061455
52459	0.46810591
52460	0.46560380
52461	0.46310833
52462	0.46061960
52463	0.45813772
52464	0.45566276
52465	0.45319477
52466	0.45073384
52467	0.44828001
52468	0.44583330
52469	0.44339371
52470	0.44096133
52471	0.43853608
52472	0.43611795
52473	0.43370691
52474	0.43130291
52475	0.42890602
52476	0.42651606
52477	0.42413291
52478	0.42175663
52479	0.41938698
52480	0.41702393
52481	0.41466734
52482	0.41231704
52483	0.40997294
52484	0.40763485
52485	0.40530255
52486	0.40297589
52487	0.40065467
52488	0.39833856
52489	0.39602733
52490	0.39372069
52491	0.39141828
52492	0.38911977
52493	0.38682473
52494	0.38453272
52495	0.38224322
52496	0.37995565
52497	0.37766936
52498	0.37538362
52499	0.37309769
52500	0.37081075
52501	0.36852151
52502	0.36622915
52503	0.36393228
52504	0.36162955
52505	0.35931930
52506	0.35699970
52507	0.35466892
52508	0.35232463
52509	0.34996426
52510	0.34758517
52511	0.34518400
52512	0.34275734
52513	0.34030116
52514	0.33781075
52515	0.33528137
52516	0.33270708
52517	0.33008137
52518	0.32739702
52519	0.32464561
52520	0.32181785
52521	0.31890267
52522	0.31588766
52523	0.31275877
52524	0.30949956
52525	0.30609125
52526	0.30251169
52527	0.29873553
52528	0.29473272
52529	0.29046810
52530	0.28589979
52531	0.28097808
52532	0.27564341
52533	0.26982310
52534	0.26342916
52535	0.25635245
52536	0.24845722
52537	0.23957209
52538	0.22947708
52539	0.21788749
52540	0.20442566
52541	0.18858021
52542	0.16964431
52543	0.14660785
52544	0.11797905
52545	0.08145945
52546	0.03330931
52547	-0.03298166
52548	-0.12986177
52549	-0.28446910
52550	-0.56935269
52551	-1.26585853
52552	-5.54166985
52553	NaN
52554	NaN
52555	NaN
52556	NaN
52557	NaN
52558	NaN
52559	NaN
52560	NaN
52561	NaN
52562	NaN
52563	NaN
52564	NaN
52565	NaN
52566	NaN
52567	NaN
52568	NaN
52569	NaN
52570	NaN
52571	NaN
52572	NaN
52573	NaN
52574	NaN
52575	NaN
52576	NaN
52577	NaN
52578	NaN
52579	NaN
52580	NaN
52581	NaN
52582	NaN
52583	NaN
52584	NaN
52585	NaN
52586	NaN
52587	NaN
52588	NaN
52589	NaN
52590	NaN
52591	NaN
52592	NaN
52593	NaN
52594	NaN
52595	NaN
52596	NaN
52597	NaN
52598	NaN
52599	NaN
52600	NaN
52601	NaN
52602	NaN
52603	NaN
52604	NaN
52605	NaN
52606	NaN
52607	NaN
52608	NaN
52609	NaN
52610	NaN
52611	NaN
52612	NaN
52613	NaN
52614	NaN
52615	NaN
52616	NaN
52617	NaN
52618	NaN
52619	3.41113162
52620	2.09258533
52621	1.63676214
52622	1.40616786
52623	1.26724720
52624	1.17459548
52625	1.10853171
52626	1.05914199
52627	1.02088988
52628	0.99044091
52629	0.96566552
52630	0.94514036
52631	0.92787945
52632	0.91317630
52633	0.90051246
52634	0.88949931
52635	0.87983793
52636	0.87129694
52637	0.86369342
52638	0.85688066
52639	0.85073990
52640	0.84517407
52641	0.84010315
52642	0.83546036
52643	0.83118957
52644	0.82724321
52645	0.82358092
52646	0.82016838
52647	0.81697547
52648	0.81397659
52649	0.81114906
52650	0.80847329
52651	0.80593216
52652	0.80351013
52653	0.80119413
52654	0.79897183
52655	0.79683268
52656	0.79476714
52657	0.79276669
52658	0.79082352
52659	0.78893065
52660	0.78708190
52661	0.78527129
52662	0.78349388
52663	0.78174484
52664	0.78001970
52665	0.77831465
52666	0.77662593
52667	0.77495039
52668	0.77328473
52669	0.77162635
52670	0.76997244
52671	0.76832074
52672	0.76666898
52673	0.76501518
52674	0.76335740
52675	0.76169407
52676	0.76002342
52677	0.75834405
52678	0.75665474
52679	0.75495410
52680	0.75324112
52681	0.75151485
52682	0.74977422
52683	0.74801862
52684	0.74624705
52685	0.74445903
52686	0.74265397
52687	0.74083138
52688	0.73899066
52689	0.73713166
52690	0.73525393
52691	0.73335719
52692	0.73144132
52693	0.72950608
52694	0.72755134
52695	0.72557706
52696	0.72358328
52697	0.72156978
52698	0.71953672
52699	0.71748406
52700	0.71541196
52701	0.71332049
52702	0.71120971
52703	0.70907968
52704	0.70693076
52705	0.70476300
52706	0.70257658
52707	0.70037168
52708	0.69814855
52709	0.69590741
52710	0.69364846
52711	0.69137204
52712	0.68907833
52713	0.68676770
52714	0.68444037
52715	0.68209684
52716	0.67973733
52717	0.67736214
52718	0.67497176
52719	0.67256659
52720	0.67014688
52721	0.66771334
52722	0.66526628
52723	0.66280609
52724	0.66033328
52725	0.65784836
52726	0.65535188
52727	0.65284431
52728	0.65032613
52729	0.64779794
52730	0.64526021
52731	0.64271337
52732	0.64015818
52733	0.63759500
52734	0.63502437
52735	0.63244683
52736	0.62986290
52737	0.62727308
52738	0.62467784
52739	0.62207758
52740	0.61947286
52741	0.61686420
52742	0.61425191
52743	0.61163640
52744	0.60901821
52745	0.60639757
52746	0.60377502
52747	0.60115093
52748	0.59852540
52749	0.59589905
52750	0.59327203
52751	0.59064478
52752	0.58801746
52753	0.58539039
52754	0.58276391
52755	0.58013821
52756	0.57751352
52757	0.57489014
52758	0.57226819
52759	0.56964803
52760	0.56702977
52761	0.56441367
52762	0.56179988
52763	0.55918860
52764	0.55658007
52765	0.55397439
52766	0.55137175
52767	0.54877239
52768	0.54617637
52769	0.54358393
52770	0.54099518
52771	0.53841031
52772	0.53582954
52773	0.53325289
52774	0.53068054
52775	0.52811271
52776	0.52554947
52777	0.52299100
52778	0.52043736
52779	0.51788878
52780	0.51534539
52781	0.51280719
52782	0.51027441
52783	0.50774705
52784	0.50522536
52785	0.50270945
52786	0.50019920
52787	0.49769494
52788	0.49519670
52789	0.49270454
52790	0.49021852
52791	0.48773879
52792	0.48526540
52793	0.48279843
52794	0.48033798
52795	0.47788405
52796	0.47543678
52797	0.47299615
52798	0.47056228
52799	0.46813521
52800	0.46571502
52801	0.46330181
52802	0.46089554
52803	0.45849630
52804	0.45610410
52805	0.45371899
52806	0.45134109
52807	0.44897029
52808	0.44660670
52809	0.44425032
52810	0.44190115
52811	0.43955916
52812	0.43722436
52813	0.43489665
52814	0.43257594
52815	0.43026230
52816	0.42795545
52817	0.42565534
52818	0.42336172
52819	0.42107448
52820	0.41879332
52821	0.41651797
52822	0.41424808
52823	0.41198325
52824	0.40972301
52825	0.40746692
52826	0.40521431
52827	0.40296453
52828	0.40071684
52829	0.39847031
52830	0.39622423
52831	0.39397728
52832	0.39172840
52833	0.38947630
52834	0.38721955
52835	0.38495651
52836	0.38268536
52837	0.38040417
52838	0.37811086
52839	0.37580287
52840	0.37347767
52841	0.37113237
52842	0.36876377
52843	0.36636823
52844	0.36394203
52845	0.36148062
52846	0.35897946
52847	0.35643309
52848	0.35383564
52849	0.35118073
52850	0.34846112
52851	0.34566870
52852	0.34279433
52853	0.33982790
52854	0.33675829
52855	0.33357239
52856	0.33025581
52857	0.32679227
52858	0.32316300
52859	0.31934679
52860	0.31531912
52861	0.31105188
52862	0.30651298
52863	0.30166456
52864	0.29646233
52865	0.29085463
52866	0.28478023
52867	0.27816629
52868	0.27092546
52869	0.26295152
52870	0.25411540
52871	0.24425766
52872	0.23317865
52873	0.22062747
52874	0.20628047
52875	0.18971647
52876	0.17037517
52877	0.14749487
52878	0.12001467
52879	0.08640917
52880	0.04440298
52881	-0.00955187
52882	-0.08131453
52883	-0.18130207
52884	-0.32999074
52885	-0.57393646
52886	-1.04664123
52887	-2.34959149
52888	NaN
52889	NaN
52890	NaN
52891	NaN
52892	NaN
52893	NaN
52894	NaN
52895	NaN
52896	NaN
52897	NaN
52898	NaN
52899	NaN
52900	NaN
52901	NaN
52902	NaN
52903	NaN
52904	NaN
52905	NaN
52906	NaN
52907	NaN
52908	NaN
52909	NaN
52910	NaN
52911	NaN
52912	NaN
52913	NaN
52914	NaN
52915	NaN
52916	NaN
52917	NaN
52918	NaN
52919	NaN
52920	NaN
52921	NaN
52922	NaN
52923	NaN
52924	NaN
52925	NaN
52926	NaN
52927	NaN
52928	NaN
52929	NaN
52930	NaN
52931	NaN
52932	NaN
52933	NaN
52934	NaN
52935	NaN
52936	NaN
52937	NaN
52938	NaN
52939	NaN
52940	NaN
52941	NaN
52942	NaN
52943	NaN
52944	NaN
52945	NaN
52946	3.97640729
52947	2.29870701
52948	1.75754905
52949	1.49052489
52950	1.33160698
52951	1.22631109
52952	1.15149379
52953	1.09564924
52954	1.05241334
52955	1.01797891
52956	0.98992705
52957	0.96664971
52958	0.94703501
52959	0.93028921
52960	0.91583055
52961	0.90322375
52962	0.89213616
52963	0.88230842
52964	0.87353611
52965	0.86565620
52966	0.85853624
52967	0.85206819
52968	0.84616280
52969	0.84074521
52970	0.83575308
52971	0.83113354
52972	0.82684141
52973	0.82283807
52974	0.81908995
52975	0.81556839
52976	0.81224799
52977	0.80910689
52978	0.80612540
52979	0.80328637
52980	0.80057484
52981	0.79797709
52982	0.79548097
52983	0.79307580
52984	0.79075164
52985	0.78850001
52986	0.78631252
52987	0.78418225
52988	0.78210258
52989	0.78006750
52990	0.77807152
52991	0.77610964
52992	0.77417743
52993	0.77227044
52994	0.77038491
52995	0.76851726
52996	0.76666415
52997	0.76482260
52998	0.76298970
52999	0.76116294
53000	0.75933969
53001	0.75751811
53002	0.75569576
53003	0.75387084
53004	0.75204158
53005	0.75020641
53006	0.74836373
53007	0.74651212
53008	0.74465030
53009	0.74277717
53010	0.74089158
53011	0.73899251
53012	0.73707908
53013	0.73515046
53014	0.73320591
53015	0.73124474
53016	0.72926635
53017	0.72727025
53018	0.72525591
53019	0.72322291
53020	0.72117090
53021	0.71909964
53022	0.71700883
53023	0.71489823
53024	0.71276760
53025	0.71061695
53026	0.70844620
53027	0.70625526
53028	0.70404404
53029	0.70181268
53030	0.69956124
53031	0.69728971
53032	0.69499820
53033	0.69268703
53034	0.69035619
53035	0.68800592
53036	0.68563670
53037	0.68324846
53038	0.68084174
53039	0.67841673
53040	0.67597383
53041	0.67351347
53042	0.67103601
53043	0.66854185
53044	0.66603154
53045	0.66350555
53046	0.66096443
53047	0.65840864
53048	0.65583879
53049	0.65325546
53050	0.65065926
53051	0.64805073
53052	0.64543062
53053	0.64279944
53054	0.64015800
53055	0.63750684
53056	0.63484657
53057	0.63217807
53058	0.62950182
53059	0.62681848
53060	0.62412876
53061	0.62143332
53062	0.61873287
53063	0.61602783
53064	0.61331886
53065	0.61060673
53066	0.60789180
53067	0.60517472
53068	0.60245609
53069	0.59973633
53070	0.59701604
53071	0.59429556
53072	0.59157544
53073	0.58885604
53074	0.58613783
53075	0.58342117
53076	0.58070654
53077	0.57799411
53078	0.57528430
53079	0.57257748
53080	0.56987381
53081	0.56717354
53082	0.56447703
53083	0.56178445
53084	0.55909598
53085	0.55641198
53086	0.55373240
53087	0.55105764
53088	0.54838765
53089	0.54572272
53090	0.54306293
53091	0.54040843
53092	0.53775924
53093	0.53511566
53094	0.53247762
53095	0.52984530
53096	0.52721870
53097	0.52459800
53098	0.52198315
53099	0.51937431
53100	0.51677155
53101	0.51417488
53102	0.51158440
53103	0.50900000
53104	0.50642186
53105	0.50385004
53106	0.50128448
53107	0.49872518
53108	0.49617219
53109	0.49362552
53110	0.49108514
53111	0.48855105
53112	0.48602316
53113	0.48350152
53114	0.48098609
53115	0.47847679
53116	0.47597355
53117	0.47347635
53118	0.47098511
53119	0.46849972
53120	0.46602014
53121	0.46354625
53122	0.46107802
53123	0.45861524
53124	0.45615786
53125	0.45370585
53126	0.45125896
53127	0.44881710
53128	0.44638020
53129	0.44394812
53130	0.44152072
53131	0.43909779
53132	0.43667927
53133	0.43426502
53134	0.43185484
53135	0.42944869
53136	0.42704630
53137	0.42464748
53138	0.42225215
53139	0.41986004
53140	0.41747099
53141	0.41508481
53142	0.41270125
53143	0.41032013
53144	0.40794101
53145	0.40556383
53146	0.40318817
53147	0.40081367
53148	0.39844003
53149	0.39606687
53150	0.39369363
53151	0.39131987
53152	0.38894507
53153	0.38656867
53154	0.38418993
53155	0.38180819
53156	0.37942255
53157	0.37703225
53158	0.37463623
53159	0.37223348
53160	0.36982268
53161	0.36740267
53162	0.36497188
53163	0.36252868
53164	0.36007154
53165	0.35759825
53166	0.35510680
53167	0.35259479
53168	0.35005957
53169	0.34749833
53170	0.34490782
53171	0.34228456
53172	0.33962464
53173	0.33692369
53174	0.33417699
53175	0.33137909
53176	0.32852408
53177	0.32560536
53178	0.32261562
53179	0.31954640
53180	0.31638858
53181	0.31313160
53182	0.30976367
53183	0.30627149
53184	0.30263978
53185	0.29885152
53186	0.29488692
53187	0.29072347
53188	0.28633556
53189	0.28169316
53190	0.27676165
53191	0.27150068
53192	0.26586273
53193	0.25979233
53194	0.25322291
53195	0.24607515
53196	0.23825416
53197	0.22964372
53198	0.22010173
53199	0.20945181
53200	0.19747269
53201	0.18388395
53202	0.16832282
53203	0.15031251
53204	0.12921512
53205	0.10415474
53206	0.07389782
53207	0.03664765
53208	-0.01031681
53209	-0.07132137
53210	-0.15369335
53211	-0.27090085
53212	-0.45068958
53213	-0.76086807
53214	-1.42236543
53215	-3.80214548
53216	NaN
53217	NaN
53218	NaN
53219	NaN
53220	NaN
53221	NaN
53222	NaN
53223	NaN
53224	NaN
53225	NaN
53226	NaN
53227	NaN
53228	NaN
53229	NaN
53230	NaN
53231	NaN
53232	NaN
53233	NaN
53234	NaN
53235	NaN
53236	NaN
53237	NaN
53238	NaN
53239	NaN
53240	NaN
53241	NaN
53242	NaN
53243	NaN
53244	NaN
53245	NaN
53246	NaN
53247	NaN
53248	NaN
53249	NaN
53250	NaN
53251	NaN
53252	NaN
53253	NaN
53254	NaN
53255	NaN
53256	NaN
53257	NaN
53258	NaN
53259	NaN
53260	NaN
53261	NaN
53262	NaN
53263	NaN
53264	NaN
53265	NaN
53266	NaN
53267	NaN
53268	NaN
53269	NaN
53270	NaN
53271	NaN
53272	NaN
53273	NaN
53274	NaN
53275	9.36280918
53276	3.14551926
53277	2.11894202
53278	1.69746125
53279	1.46811366
53280	1.32406592
53281	1.22529638
53282	1.15342700
53283	1.09883583
53284	1.05599773
53285	1.02151287
53286	0.99317420
53287	0.96948665
53288	0.94940197
53289	0.93216336
53290	0.91720963
53291	0.90411705
53292	0.89255971
53293	0.88228166
53294	0.87308049
53295	0.86479294
53296	0.85728669
53297	0.85045254
53298	0.84420019
53299	0.83845419
53300	0.83315098
53301	0.82823658
53302	0.82366502
53303	0.81939650
53304	0.81539661
53305	0.81163579
53306	0.80808824
53307	0.80473071
53308	0.80154347
53309	0.79850852
53310	0.79561031
53311	0.79283464
53312	0.79016888
53313	0.78760183
53314	0.78512335
53315	0.78272408
53316	0.78039598
53317	0.77813137
53318	0.77592337
53319	0.77376598
53320	0.77165318
53321	0.76958001
53322	0.76754159
53323	0.76553351
53324	0.76355171
53325	0.76159269
53326	0.75965285
53327	0.75772917
53328	0.75581867
53329	0.75391883
53330	0.75202703
53331	0.75014126
53332	0.74825913
53333	0.74637890
53334	0.74449885
53335	0.74261737
53336	0.74073285
53337	0.73884410
53338	0.73694980
53339	0.73504889
53340	0.73314035
53341	0.73122323
53342	0.72929674
53343	0.72736013
53344	0.72541279
53345	0.72345400
53346	0.72148341
53347	0.71950036
53348	0.71750456
53349	0.71549571
53350	0.71347344
53351	0.71143752
53352	0.70938778
53353	0.70732391
53354	0.70524585
53355	0.70315355
53356	0.70104676
53357	0.69892550
53358	0.69678974
53359	0.69463944
53360	0.69247466
53361	0.69029546
53362	0.68810171
53363	0.68589348
53364	0.68367106
53365	0.68143433
53366	0.67918348
53367	0.67691857
53368	0.67463982
53369	0.67234737
53370	0.67004138
53371	0.66772205
53372	0.66538954
53373	0.66304410
53374	0.66068602
53375	0.65831566
53376	0.65593302
53377	0.65353864
53378	0.65113270
53379	0.64871562
53380	0.64628774
53381	0.64384937
53382	0.64140093
53383	0.63894278
53384	0.63647527
53385	0.63399893
53386	0.63151401
53387	0.62902099
53388	0.62652028
53389	0.62401235
53390	0.62149745
53391	0.61897612
53392	0.61644882
53393	0.61391580
53394	0.61137754
53395	0.60883439
53396	0.60628670
53397	0.60373491
53398	0.60117936
53399	0.59862036
53400	0.59605837
53401	0.59349340
53402	0.59092605
53403	0.58835638
53404	0.58578491
53405	0.58321166
53406	0.58063704
53407	0.57806122
53408	0.57548440
53409	0.57290679
53410	0.57032871
53411	0.56775010
53412	0.56517130
53413	0.56259245
53414	0.56001377
53415	0.55743521
53416	0.55485708
53417	0.55227941
53418	0.54970235
53419	0.54712600
53420	0.54455042
53421	0.54197586
53422	0.53940225
53423	0.53682983
53424	0.53425854
53425	0.53168857
53426	0.52911997
53427	0.52655286
53428	0.52398729
53429	0.52142328
53430	0.51886106
53431	0.51630062
53432	0.51374209
53433	0.51118547
53434	0.50863087
53435	0.50607842
53436	0.50352818
53437	0.50098020
53438	0.49843463
53439	0.49589151
53440	0.49335092
53441	0.49081296
53442	0.48827776
53443	0.48574528
53444	0.48321581
53445	0.48068926
53446	0.47816578
53447	0.47564548
53448	0.47312847
53449	0.47061488
53450	0.46810472
53451	0.46559808
53452	0.46309519
53453	0.46059602
53454	0.45810080
53455	0.45560956
53456	0.45312244
53457	0.45063952
53458	0.44816095
53459	0.44568679
53460	0.44321722
53461	0.44075233
53462	0.43829218
53463	0.43583697
53464	0.43338668
53465	0.43094149
53466	0.42850146
53467	0.42606661
53468	0.42363706
53469	0.42121294
53470	0.41879413
53471	0.41638070
53472	0.41397271
53473	0.41157010
53474	0.40917274
53475	0.40678057
53476	0.40439340
53477	0.40201125
53478	0.39963368
53479	0.39726064
53480	0.39489168
53481	0.39252648
53482	0.39016455
53483	0.38780543
53484	0.38544858
53485	0.38309327
53486	0.38073874
53487	0.37838420
53488	0.37602872
53489	0.37367108
53490	0.37131017
53491	0.36894464
53492	0.36657304
53493	0.36419365
53494	0.36180463
53495	0.35940400
53496	0.35698944
53497	0.35455847
53498	0.35210842
53499	0.34963614
53500	0.34713820
53501	0.34461087
53502	0.34204996
53503	0.33945096
53504	0.33680859
53505	0.33411708
53506	0.33137023
53507	0.32856071
53508	0.32568052
53509	0.32272065
53510	0.31967095
53511	0.31652018
53512	0.31325528
53513	0.30986139
53514	0.30632204
53515	0.30261815
53516	0.29872766
53517	0.29462534
53518	0.29028183
53519	0.28566328
53520	0.28072977
53521	0.27543437
53522	0.26972219
53523	0.26352683
53524	0.25676933
53525	0.24935372
53526	0.24116273
53527	0.23205207
53528	0.22184113
53529	0.21030097
53530	0.19713910
53531	0.18197326
53532	0.16429491
53533	0.14341354
53534	0.11836548
53535	0.08776761
53536	0.04955528
53537	0.00050817
53538	-0.06468675
53539	-0.15547839
53540	-0.29043314
53541	-0.51173931
53542	-0.94031459
53543	-2.11996603
53544	NaN
53545	NaN
53546	NaN
53547	NaN
53548	NaN
53549	NaN
53550	NaN
53551	NaN
53552	NaN
53553	NaN
53554	NaN
53555	NaN
53556	NaN
53557	NaN
53558	NaN
53559	NaN
53560	NaN
53561	NaN
53562	NaN
53563	NaN
53564	NaN
53565	NaN
53566	NaN
53567	NaN
53568	NaN
53569	NaN
53570	NaN
53571	NaN
53572	NaN
53573	NaN
53574	NaN
53575	NaN
53576	NaN
53577	NaN
53578	NaN
53579	NaN
53580	NaN
53581	NaN
53582	NaN
53583	NaN
53584	NaN
53585	NaN
53586	NaN
53587	NaN
53588	NaN
53589	NaN
53590	NaN
53591	NaN
53592	NaN
53593	NaN
53594	NaN
53595	NaN
53596	NaN
53597	NaN
53598	NaN
53599	NaN
53600	NaN
53601	NaN
53602	NaN
53603	5.34539843
53604	2.55389333
53605	1.84987700
53606	1.52950692
53607	1.34660053
53608	1.22848690
53609	1.14603662
53610	1.08529973
53611	1.03875923
53612	1.00200284
53613	0.97227329
53614	0.94775748
53615	0.92721444
53616	0.90976524
53617	0.89477062
53618	0.88175488
53619	0.87035626
53620	0.86029488
53621	0.85134983
53622	0.84334606
53623	0.83614236
53624	0.82962292
53625	0.82369286
53626	0.81827325
53627	0.81329739
53628	0.80870980
53629	0.80446261
53630	0.80051523
53631	0.79683268
53632	0.79338461
53633	0.79014462
53634	0.78708965
53635	0.78419930
53636	0.78145587
53637	0.77884334
53638	0.77634770
53639	0.77395654
53640	0.77165866
53641	0.76944351
53642	0.76730245
53643	0.76522720
53644	0.76321024
53645	0.76124483
53646	0.75932485
53647	0.75744468
53648	0.75559920
53649	0.75378364
53650	0.75199378
53651	0.75022554
53652	0.74847537
53653	0.74673980
53654	0.74501580
53655	0.74330044
53656	0.74159104
53657	0.73988515
53658	0.73818052
53659	0.73647487
53660	0.73476636
53661	0.73305309
53662	0.73133343
53663	0.72960567
53664	0.72786844
53665	0.72612053
53666	0.72436041
53667	0.72258711
53668	0.72079957
53669	0.71899676
53670	0.71717799
53671	0.71534216
53672	0.71348876
53673	0.71161705
53674	0.70972645
53675	0.70781648
53676	0.70588654
53677	0.70393640
53678	0.70196557
53679	0.69997382
53680	0.69796079
53681	0.69592631
53682	0.69387025
53683	0.69179237
53684	0.68969262
53685	0.68757093
53686	0.68542737
53687	0.68326175
53688	0.68107426
53689	0.67886496
53690	0.67663389
53691	0.67438108
53692	0.67210686
53693	0.66981143
53694	0.66749489
53695	0.66515756
53696	0.66279966
53697	0.66042149
53698	0.65802348
53699	0.65560591
53700	0.65316921
53701	0.65071380
53702	0.64824009
53703	0.64574862
53704	0.64323980
53705	0.64071423
53706	0.63817245
53707	0.63561505
53708	0.63304257
53709	0.63045561
53710	0.62785482
53711	0.62524092
53712	0.62261438
53713	0.61997592
53714	0.61732638
53715	0.61466610
53716	0.61199605
53717	0.60931665
53718	0.60662872
53719	0.60393292
53720	0.60122979
53721	0.59851998
53722	0.59580415
53723	0.59308290
53724	0.59035695
53725	0.58762670
53726	0.58489281
53727	0.58215576
53728	0.57941622
53729	0.57667452
53730	0.57393128
53731	0.57118690
53732	0.56844199
53733	0.56569684
53734	0.56295192
53735	0.56020761
53736	0.55746436
53737	0.55472237
53738	0.55198222
53739	0.54924405
53740	0.54650831
53741	0.54377520
53742	0.54104501
53743	0.53831798
53744	0.53559458
53745	0.53287476
53746	0.53015894
53747	0.52744728
53748	0.52474004
53749	0.52203739
53750	0.51933950
53751	0.51664650
53752	0.51395875
53753	0.51127625
53754	0.50859922
53755	0.50592792
53756	0.50326234
53757	0.50060266
53758	0.49794912
53759	0.49530172
53760	0.49266076
53761	0.49002621
53762	0.48739827
53763	0.48477700
53764	0.48216251
53765	0.47955498
53766	0.47695437
53767	0.47436082
53768	0.47177443
53769	0.46919519
53770	0.46662325
53771	0.46405867
53772	0.46150136
53773	0.45895150
53774	0.45640907
53775	0.45387405
53776	0.45134649
53777	0.44882637
53778	0.44631383
53779	0.44380873
53780	0.44131109
53781	0.43882090
53782	0.43633822
53783	0.43386292
53784	0.43139508
53785	0.42893457
53786	0.42648149
53787	0.42403579
53788	0.42159733
53789	0.41916615
53790	0.41674227
53791	0.41432557
53792	0.41191602
53793	0.40951359
53794	0.40711829
53795	0.40472993
53796	0.40234852
53797	0.39997405
53798	0.39760637
53799	0.39524540
53800	0.39289102
53801	0.39054310
53802	0.38820156
53803	0.38586625
53804	0.38353688
53805	0.38121331
53806	0.37889525
53807	0.37658253
53808	0.37427467
53809	0.37197137
53810	0.36967221
53811	0.36737674
53812	0.36508441
53813	0.36279464
53814	0.36050665
53815	0.35821971
53816	0.35593301
53817	0.35364547
53818	0.35135612
53819	0.34906366
53820	0.34676671
53821	0.34446383
53822	0.34215325
53823	0.33983314
53824	0.33750135
53825	0.33515549
53826	0.33279306
53827	0.33041114
53828	0.32800639
53829	0.32557526
53830	0.32311371
53831	0.32061723
53832	0.31808084
53833	0.31549871
53834	0.31286472
53835	0.31017154
53836	0.30741110
53837	0.30457458
53838	0.30165133
53839	0.29862988
53840	0.29549691
53841	0.29223704
53842	0.28883320
53843	0.28526506
53844	0.28150955
53845	0.27754006
53846	0.27332520
53847	0.26882830
53848	0.26400635
53849	0.25880817
53850	0.25317296
53851	0.24702752
53852	0.24028295
53853	0.23283122
53854	0.22453828
53855	0.21523671
53856	0.20471527
53857	0.19270204
53858	0.17884341
53859	0.16266881
53860	0.14353932
53861	0.12056509
53862	0.09246813
53863	0.05734574
53864	0.01223686
53865	-0.04773608
53866	-0.13121121
53867	-0.25508633
53868	-0.45748577
53869	-0.84633815
53870	-1.89412701
53871	-14.32816124
53872	NaN
53873	NaN
53874	NaN
53875	NaN
53876	NaN
53877	NaN
53878	NaN
53879	NaN
53880	NaN
53881	NaN
53882	NaN
53883	NaN
53884	NaN
53885	NaN
53886	NaN
53887	NaN
53888	NaN
53889	NaN
53890	NaN
53891	NaN
53892	NaN
53893	NaN
53894	NaN
53895	NaN
53896	NaN
53897	NaN
53898	NaN
53899	NaN
53900	NaN
53901	NaN
53902	NaN
53903	NaN
53904	NaN
53905	NaN
53906	NaN
53907	NaN
53908	NaN
53909	NaN
53910	NaN
53911	NaN
53912	NaN
53913	NaN
53914	NaN
53915	NaN
53916	NaN
53917	NaN
53918	NaN
53919	NaN
53920	NaN
53921	NaN
53922	NaN
53923	NaN
53924	NaN
53925	NaN
53926	NaN
53927	NaN
53928	NaN
53929	NaN
53930	NaN
53931	NaN
53932	NaN
53933	NaN
53934	3.78579688
53935	2.18419361
53936	1.67240465
53937	1.42087650
53938	1.27156985
53939	1.17285013
53940	1.10283768
53941	1.05067170
53942	1.01034999
53943	0.97828668
53944	0.95220625
53945	0.93059576
53946	0.91240865
53947	0.89689994
53948	0.88352382
53949	0.87187165
53950	0.86163074
53951	0.85255831
53952	0.84446335
53953	0.83719265
53954	0.83062285
53955	0.82465267
53956	0.81919855
53957	0.81419134
53958	0.80957246
53959	0.80529284
53960	0.80131048
53961	0.79758930
53962	0.79409850
53963	0.79081112
53964	0.78770393
53965	0.78475648
53966	0.78195071
53967	0.77927083
53968	0.77670282
53969	0.77423418
53970	0.77185380
53971	0.76955158
53972	0.76731861
53973	0.76514685
53974	0.76302904
53975	0.76095843
53976	0.75892907
53977	0.75693554
53978	0.75497276
53979	0.75303638
53980	0.75112200
53981	0.74922591
53982	0.74734461
53983	0.74547487
53984	0.74361372
53985	0.74175853
53986	0.73990667
53987	0.73805588
53988	0.73620415
53989	0.73434943
53990	0.73248994
53991	0.73062414
53992	0.72875059
53993	0.72686779
53994	0.72497463
53995	0.72307003
53996	0.72115284
53997	0.71922237
53998	0.71727765
53999	0.71531814
54000	0.71334308
54001	0.71135199
54002	0.70934439
54003	0.70731992
54004	0.70527834
54005	0.70321929
54006	0.70114255
54007	0.69904798
54008	0.69693565
54009	0.69480526
54010	0.69265693
54011	0.69049060
54012	0.68830645
54013	0.68610448
54014	0.68388486
54015	0.68164766
54016	0.67939311
54017	0.67712134
54018	0.67483264
54019	0.67252719
54020	0.67020535
54021	0.66786718
54022	0.66551310
54023	0.66314340
54024	0.66075838
54025	0.65835834
54026	0.65594369
54027	0.65351468
54028	0.65107185
54029	0.64861542
54030	0.64614594
54031	0.64366376
54032	0.64116931
54033	0.63866317
54034	0.63614565
54035	0.63361734
54036	0.63107860
54037	0.62853014
54038	0.62597233
54039	0.62340575
54040	0.62083089
54041	0.61824834
54042	0.61565864
54043	0.61306232
54044	0.61045998
54045	0.60785210
54046	0.60523927
54047	0.60262197
54048	0.60000086
54049	0.59737635
54050	0.59474909
54051	0.59211946
54052	0.58948797
54053	0.58685523
54054	0.58422160
54055	0.58158755
54056	0.57895350
54057	0.57631993
54058	0.57368726
54059	0.57105577
54060	0.56842583
54061	0.56579787
54062	0.56317216
54063	0.56054902
54064	0.55792874
54065	0.55531156
54066	0.55269778
54067	0.55008757
54068	0.54748118
54069	0.54487878
54070	0.54228055
54071	0.53968662
54072	0.53709722
54073	0.53451240
54074	0.53193235
54075	0.52935714
54076	0.52678680
54077	0.52422148
54078	0.52166128
54079	0.51910621
54080	0.51655638
54081	0.51401174
54082	0.51147240
54083	0.50893843
54084	0.50640970
54085	0.50388652
54086	0.50136864
54087	0.49885619
54088	0.49634913
54089	0.49384752
54090	0.49135140
54091	0.48886070
54092	0.48637542
54093	0.48389560
54094	0.48142123
54095	0.47895232
54096	0.47648886
54097	0.47403082
54098	0.47157824
54099	0.46913105
54100	0.46668923
54101	0.46425286
54102	0.46182185
54103	0.45939615
54104	0.45697591
54105	0.45456088
54106	0.45215118
54107	0.44974679
54108	0.44734764
54109	0.44495371
54110	0.44256499
54111	0.44018146
54112	0.43780318
54113	0.43542987
54114	0.43306175
54115	0.43069866
54116	0.42834058
54117	0.42598754
54118	0.42363939
54119	0.42129615
54120	0.41895777
54121	0.41662416
54122	0.41429529
54123	0.41197103
54124	0.40965128
54125	0.40733603
54126	0.40502504
54127	0.40271822
54128	0.40041548
54129	0.39811659
54130	0.39582130
54131	0.39352947
54132	0.39124066
54133	0.38895473
54134	0.38667127
54135	0.38438988
54136	0.38211012
54137	0.37983149
54138	0.37755346
54139	0.37527537
54140	0.37299645
54141	0.37071612
54142	0.36843333
54143	0.36614722
54144	0.36385667
54145	0.36156061
54146	0.35925767
54147	0.35694644
54148	0.35462528
54149	0.35229260
54150	0.34994647
54151	0.34758469
54152	0.34520507
54153	0.34280509
54154	0.34038195
54155	0.33793259
54156	0.33545351
54157	0.33294126
54158	0.33039159
54159	0.32779989
54160	0.32516149
54161	0.32247061
54162	0.31972116
54163	0.31690645
54164	0.31401861
54165	0.31104934
54166	0.30798933
54167	0.30482754
54168	0.30155221
54169	0.29814973
54170	0.29460481
54171	0.29090008
54172	0.28701547
54173	0.28292829
54174	0.27861226
54175	0.27403691
54176	0.26916745
54177	0.26396245
54178	0.25837386
54179	0.25234479
54180	0.24580725
54181	0.23868044
54182	0.23086576
54183	0.22224358
54184	0.21266708
54185	0.20195258
54186	0.18986894
54187	0.17612037
54188	0.16032189
54189	0.14196555
54190	0.12036373
54191	0.09456267
54192	0.06320374
54193	0.02427832
54194	-0.02531152
54195	-0.09060723
54196	-0.18040156
54197	-0.31152254
54198	-0.52075028
54199	-0.90679860
54200	-1.85558259
54201	-7.87032270
54202	NaN
54203	NaN
54204	NaN
54205	NaN
54206	NaN
54207	NaN
54208	NaN
54209	NaN
54210	NaN
54211	NaN
54212	NaN
54213	NaN
54214	NaN
54215	NaN
54216	NaN
54217	NaN
54218	NaN
54219	NaN
54220	NaN
54221	NaN
54222	NaN
54223	NaN
54224	NaN
54225	NaN
54226	NaN
54227	NaN
54228	NaN
54229	NaN
54230	NaN
54231	NaN
54232	NaN
54233	NaN
54234	NaN
54235	NaN
54236	NaN
54237	NaN
54238	NaN
54239	NaN
54240	NaN
54241	NaN
54242	NaN
54243	NaN
54244	NaN
54245	NaN
54246	NaN
54247	NaN
54248	NaN
54249	NaN
54250	NaN
54251	NaN
54252	NaN
54253	NaN
54254	NaN
54255	NaN
54256	NaN
54257	NaN
54258	NaN
54259	NaN
54260	NaN
54261	NaN
54262	4.02370787
54263	2.28030849
54264	1.72456038
54265	1.45145941
54266	1.28923559
54267	1.18185210
54268	1.10558081
54269	1.04865384
54270	1.00456786
54271	0.96943897
54272	0.94080257
54273	0.91702044
54274	0.89696056
54275	0.87981552
54276	0.86499399
54277	0.85205358
54278	0.84065586
54279	0.83053815
54280	0.82149309
54281	0.81335455
54282	0.80598861
54283	0.79928565
54284	0.79315495
54285	0.78752106
54286	0.78232074
54287	0.77750021
54288	0.77301395
54289	0.76882261
54290	0.76489258
54291	0.76119447
54292	0.75770295
54293	0.75439543
54294	0.75125259
54295	0.74825680
54296	0.74539298
54297	0.74264717
54298	0.74000740
54299	0.73746240
54300	0.73500270
54301	0.73261917
54302	0.73030376
54303	0.72804928
54304	0.72584909
54305	0.72369736
54306	0.72158825
54307	0.71951693
54308	0.71747875
54309	0.71546942
54310	0.71348506
54311	0.71152204
54312	0.70957720
54313	0.70764732
54314	0.70572954
54315	0.70382118
54316	0.70191991
54317	0.70002353
54318	0.69812989
54319	0.69623697
54320	0.69434297
54321	0.69244635
54322	0.69054550
54323	0.68863893
54324	0.68672544
54325	0.68480366
54326	0.68287259
54327	0.68093109
54328	0.67897832
54329	0.67701340
54330	0.67503542
54331	0.67304373
54332	0.67103761
54333	0.66901666
54334	0.66698009
54335	0.66492754
54336	0.66285866
54337	0.66077304
54338	0.65867031
54339	0.65655023
54340	0.65441257
54341	0.65225714
54342	0.65008390
54343	0.64789259
54344	0.64568311
54345	0.64345556
54346	0.64120990
54347	0.63894618
54348	0.63666433
54349	0.63436460
54350	0.63204706
54351	0.62971187
54352	0.62735915
54353	0.62498927
54354	0.62260234
54355	0.62019873
54356	0.61777866
54357	0.61534256
54358	0.61289072
54359	0.61042362
54360	0.60794151
54361	0.60544497
54362	0.60293442
54363	0.60041034
54364	0.59787327
54365	0.59532368
54366	0.59276223
54367	0.59018934
54368	0.58760566
54369	0.58501178
54370	0.58240819
54371	0.57979566
54372	0.57717466
54373	0.57454592
54374	0.57190984
54375	0.56926721
54376	0.56661850
54377	0.56396443
54378	0.56130546
54379	0.55864233
54380	0.55597538
54381	0.55330539
54382	0.55063272
54383	0.54795796
54384	0.54528159
54385	0.54260415
54386	0.53992599
54387	0.53724772
54388	0.53456968
54389	0.53189224
54390	0.52921581
54391	0.52654076
54392	0.52386755
54393	0.52119637
54394	0.51852751
54395	0.51586133
54396	0.51319808
54397	0.51053804
54398	0.50788134
54399	0.50522828
54400	0.50257903
54401	0.49993378
54402	0.49729273
54403	0.49465594
54404	0.49202362
54405	0.48939592
54406	0.48677289
54407	0.48415467
54408	0.48154134
54409	0.47893301
54410	0.47632968
54411	0.47373152
54412	0.47113857
54413	0.46855086
54414	0.46596843
54415	0.46339130
54416	0.46081957
54417	0.45825323
54418	0.45569229
54419	0.45313671
54420	0.45058659
54421	0.44804183
54422	0.44550252
54423	0.44296846
54424	0.44043982
54425	0.43791646
54426	0.43539828
54427	0.43288535
54428	0.43037748
54429	0.42787468
54430	0.42537683
54431	0.42288387
54432	0.42039564
54433	0.41791207
54434	0.41543302
54435	0.41295841
54436	0.41048810
54437	0.40802193
54438	0.40555975
54439	0.40310141
54440	0.40064681
54441	0.39819568
54442	0.39574796
54443	0.39330339
54444	0.39086184
54445	0.38842309
54446	0.38598695
54447	0.38355321
54448	0.38112167
54449	0.37869206
54450	0.37626415
54451	0.37383780
54452	0.37141261
54453	0.36898831
54454	0.36656472
54455	0.36414135
54456	0.36171800
54457	0.35929415
54458	0.35686946
54459	0.35444352
54460	0.35201582
54461	0.34958574
54462	0.34715277
54463	0.34471616
54464	0.34227532
54465	0.33982939
54466	0.33737743
54467	0.33491862
54468	0.33245176
54469	0.32997575
54470	0.32748923
54471	0.32499078
54472	0.32247880
54473	0.31995150
54474	0.31740695
54475	0.31484312
54476	0.31225750
54477	0.30964750
54478	0.30701026
54479	0.30434248
54480	0.30164081
54481	0.29890123
54482	0.29611939
54483	0.29329062
54484	0.29040951
54485	0.28747031
54486	0.28446639
54487	0.28139049
54488	0.27823478
54489	0.27499011
54490	0.27164641
54491	0.26819274
54492	0.26461634
54493	0.26090315
54494	0.25703725
54495	0.25300065
54496	0.24877308
54497	0.24433139
54498	0.23964891
54499	0.23469564
54500	0.22943677
54501	0.22383180
54502	0.21783413
54503	0.21138874
54504	0.20443194
54505	0.19688743
54506	0.18866450
54507	0.17965452
54508	0.16972572
54509	0.15871705
54510	0.14642945
54511	0.13261344
54512	0.11695415
54513	0.09904520
54514	0.07835491
54515	0.05417503
54516	0.02553697
54517	-0.00891578
54518	-0.05114689
54519	-0.10410737
54520	-0.17244799
54521	-0.26394743
54522	-0.39268100
54523	-0.58699644
54524	-0.91377616
54525	-1.57759929
54526	-3.65110660
54527	NaN
54528	NaN
54529	NaN
54530	NaN
54531	NaN
54532	NaN
54533	NaN
54534	NaN
54535	NaN
54536	NaN
54537	NaN
54538	NaN
54539	NaN
54540	NaN
54541	NaN
54542	NaN
54543	NaN
54544	NaN
54545	NaN
54546	NaN
54547	NaN
54548	NaN
54549	NaN
54550	NaN
54551	NaN
54552	NaN
54553	NaN
54554	NaN
54555	NaN
54556	NaN
54557	NaN
54558	NaN
54559	NaN
54560	NaN
54561	NaN
54562	NaN
54563	NaN
54564	NaN
54565	NaN
54566	NaN
54567	NaN
54568	NaN
54569	NaN
54570	NaN
54571	NaN
54572	NaN
54573	NaN
54574	NaN
54575	NaN
54576	NaN
54577	NaN
54578	NaN
54579	6.30449724
54580	2.85750270
54581	2.02288866
54582	1.64730465
54583	1.43393600
54584	1.29648805
54585	1.20065486
54586	1.13009143
54587	1.07601976
54588	1.03330326
54589	0.99873680
54590	0.97021377
54591	0.94629604
54592	0.92596632
54593	0.90848446
54594	0.89329934
54595	0.87999278
54596	0.86824071
54597	0.85778844
54598	0.84843290
54599	0.84001046
54600	0.83238745
54601	0.82545382
54602	0.81911784
54603	0.81330287
54604	0.80794376
54605	0.80298549
54606	0.79838049
54607	0.79408818
54608	0.79007322
54609	0.78630489
54610	0.78275597
54611	0.77940309
54612	0.77622521
54613	0.77320385
54614	0.77032238
54615	0.76756614
54616	0.76492184
54617	0.76237780
54618	0.75992328
54619	0.75754839
54620	0.75524455
54621	0.75300372
54622	0.75081873
54623	0.74868286
54624	0.74658996
54625	0.74453455
54626	0.74251163
54627	0.74051642
54628	0.73854464
54629	0.73659235
54630	0.73465580
54631	0.73273170
54632	0.73081696
54633	0.72890866
54634	0.72700423
54635	0.72510117
54636	0.72319722
54637	0.72129035
54638	0.71937883
54639	0.71746075
54640	0.71553451
54641	0.71359891
54642	0.71165234
54643	0.70969379
54644	0.70772225
54645	0.70573670
54646	0.70373631
54647	0.70172030
54648	0.69968814
54649	0.69763923
54650	0.69557303
54651	0.69348925
54652	0.69138753
54653	0.68926764
54654	0.68712938
54655	0.68497258
54656	0.68279737
54657	0.68060350
54658	0.67839116
54659	0.67616040
54660	0.67391121
54661	0.67164385
54662	0.66935855
54663	0.66705549
54664	0.66473490
54665	0.66239715
54666	0.66004246
54667	0.65767109
54668	0.65528375
54669	0.65288037
54670	0.65046173
54671	0.64802802
54672	0.64557981
54673	0.64311749
54674	0.64064157
54675	0.63815260
54676	0.63565105
54677	0.63313758
54678	0.63061261
54679	0.62807679
54680	0.62553072
54681	0.62297493
54682	0.62041008
54683	0.61783671
54684	0.61525559
54685	0.61266726
54686	0.61007231
54687	0.60747141
54688	0.60486513
54689	0.60225415
54690	0.59963906
54691	0.59702033
54692	0.59439868
54693	0.59177464
54694	0.58914864
54695	0.58652139
54696	0.58389324
54697	0.58126473
54698	0.57863629
54699	0.57600844
54700	0.57338136
54701	0.57075566
54702	0.56813157
54703	0.56550944
54704	0.56288946
54705	0.56027204
54706	0.55765730
54707	0.55504560
54708	0.55243695
54709	0.54983163
54710	0.54722965
54711	0.54463130
54712	0.54203659
54713	0.53944552
54714	0.53685826
54715	0.53427482
54716	0.53169519
54717	0.52911943
54718	0.52654743
54719	0.52397931
54720	0.52141500
54721	0.51885444
54722	0.51629764
54723	0.51374447
54724	0.51119494
54725	0.50864899
54726	0.50610662
54727	0.50356770
54728	0.50103217
54729	0.49849999
54730	0.49597105
54731	0.49344546
54732	0.49092299
54733	0.48840365
54734	0.48588744
54735	0.48337418
54736	0.48086396
54737	0.47835669
54738	0.47585237
54739	0.47335091
54740	0.47085226
54741	0.46835652
54742	0.46586359
54743	0.46337342
54744	0.46088603
54745	0.45840141
54746	0.45591956
54747	0.45344049
54748	0.45096418
54749	0.44849059
54750	0.44601980
54751	0.44355184
54752	0.44108665
54753	0.43862429
54754	0.43616477
54755	0.43370825
54756	0.43125466
54757	0.42880398
54758	0.42635641
54759	0.42391199
54760	0.42147076
54761	0.41903281
54762	0.41659823
54763	0.41416711
54764	0.41173956
54765	0.40931562
54766	0.40689552
54767	0.40447930
54768	0.40206707
54769	0.39965889
54770	0.39725497
54771	0.39485541
54772	0.39246029
54773	0.39006963
54774	0.38768363
54775	0.38530225
54776	0.38292563
54777	0.38055372
54778	0.37818652
54779	0.37582406
54780	0.37346628
54781	0.37111303
54782	0.36876416
54783	0.36641958
54784	0.36407900
54785	0.36174220
54786	0.35940865
54787	0.35707808
54788	0.35474995
54789	0.35242370
54790	0.35009876
54791	0.34777424
54792	0.34544936
54793	0.34312317
54794	0.34079456
54795	0.33846241
54796	0.33612528
54797	0.33378172
54798	0.33143011
54799	0.32906851
54800	0.32669502
54801	0.32430732
54802	0.32190281
54803	0.31947896
54804	0.31703269
54805	0.31456053
54806	0.31205896
54807	0.30952379
54808	0.30695045
54809	0.30433404
54810	0.30166885
54811	0.29894879
54812	0.29616699
54813	0.29331562
54814	0.29038635
54815	0.28736940
54816	0.28425398
54817	0.28102797
54818	0.27767757
54819	0.27418733
54820	0.27053952
54821	0.26671383
54822	0.26268736
54823	0.25843355
54824	0.25392163
54825	0.24911609
54826	0.24397524
54827	0.23845056
54828	0.23248433
54829	0.22600822
54830	0.21894066
54831	0.21118298
54832	0.20261453
54833	0.19308753
54834	0.18241753
54835	0.17037302
54836	0.15665744
54837	0.14088592
54838	0.12255152
54839	0.10096811
54840	0.07518680
54841	0.04385627
54842	0.00498682
54843	-0.04448401
54844	-0.10952128
54845	-0.19874604
54846	-0.32855445
54847	-0.53444946
54848	-0.91031551
54849	-1.81213129
54850	-6.88701916
54851	NaN
54852	NaN
54853	NaN
54854	NaN
54855	NaN
54856	NaN
54857	NaN
54858	NaN
54859	NaN
54860	NaN
54861	NaN
54862	NaN
54863	NaN
54864	NaN
54865	NaN
54866	NaN
54867	NaN
54868	NaN
54869	NaN
54870	NaN
54871	NaN
54872	NaN
54873	NaN
54874	NaN
54875	NaN
54876	NaN
54877	NaN
54878	NaN
54879	NaN
54880	NaN
54881	NaN
54882	NaN
54883	NaN
54884	NaN
54885	NaN
54886	NaN
54887	NaN
54888	NaN
54889	NaN
54890	NaN
54891	NaN
54892	NaN
54893	NaN
54894	NaN
54895	NaN
54896	NaN
54897	NaN
54898	NaN
54899	NaN
54900	NaN
54901	NaN
54902	NaN
54903	NaN
54904	NaN
54905	NaN
54906	4.22702217
54907	2.28707719
54908	1.70988274
54909	1.43313956
54910	1.27093768
54911	1.16451252
54912	1.08942425
54913	1.03368652
54914	0.99072999
54915	0.95665455
54916	0.92899632
54917	0.90612394
54918	0.88691401
54919	0.87056601
54920	0.85649621
54921	0.84426779
54922	0.83354723
54923	0.82407629
54924	0.81565028
54925	0.80810684
54926	0.80131435
54927	0.79516548
54928	0.78957087
54929	0.78445685
54930	0.77976143
54931	0.77543229
54932	0.77142441
54933	0.76769972
54934	0.76422513
54935	0.76097220
54936	0.75791591
54937	0.75503457
54938	0.75230879
54939	0.74972177
54940	0.74725860
54941	0.74490583
54942	0.74265164
54943	0.74048537
54944	0.73839724
54945	0.73637873
54946	0.73442209
54947	0.73252016
54948	0.73066646
54949	0.72885507
54950	0.72708076
54951	0.72533852
54952	0.72362381
54953	0.72193265
54954	0.72026092
54955	0.71860534
54956	0.71696246
54957	0.71532941
54958	0.71370322
54959	0.71208143
54960	0.71046162
54961	0.70884138
54962	0.70721871
54963	0.70559174
54964	0.70395851
54965	0.70231742
54966	0.70066690
54967	0.69900542
54968	0.69733167
54969	0.69564426
54970	0.69394213
54971	0.69222426
54972	0.69048953
54973	0.68873698
54974	0.68696576
54975	0.68517512
54976	0.68336433
54977	0.68153274
54978	0.67967969
54979	0.67780459
54980	0.67590702
54981	0.67398655
54982	0.67204267
54983	0.67007506
54984	0.66808337
54985	0.66606748
54986	0.66402698
54987	0.66196179
54988	0.65987164
54989	0.65775657
54990	0.65561634
54991	0.65345103
54992	0.65126055
54993	0.64904499
54994	0.64680439
54995	0.64453894
54996	0.64224863
54997	0.63993371
54998	0.63759452
54999	0.63523114
55000	0.63284391
55001	0.63043332
55002	0.62799966
55003	0.62554336
55004	0.62306476
55005	0.62056452
55006	0.61804312
55007	0.61550105
55008	0.61293900
55009	0.61035752
55010	0.60775739
55011	0.60513920
55012	0.60250372
55013	0.59985161
55014	0.59718359
55015	0.59450060
55016	0.59180325
55017	0.58909249
55018	0.58636904
55019	0.58363360
55020	0.58088714
55021	0.57813042
55022	0.57536423
55023	0.57258940
55024	0.56980658
55025	0.56701678
55026	0.56422061
55027	0.56141895
55028	0.55861241
55029	0.55580175
55030	0.55298775
55031	0.55017108
55032	0.54735237
55033	0.54453236
55034	0.54171157
55035	0.53889072
55036	0.53607035
55037	0.53325093
55038	0.53043324
55039	0.52761763
55040	0.52480465
55041	0.52199477
55042	0.51918852
55043	0.51638633
55044	0.51358855
55045	0.51079565
55046	0.50800800
55047	0.50522596
55048	0.50244987
55049	0.49968010
55050	0.49691701
55051	0.49416083
55052	0.49141186
55053	0.48867035
55054	0.48593658
55055	0.48321083
55056	0.48049328
55057	0.47778422
55058	0.47508377
55059	0.47239211
55060	0.46970949
55061	0.46703601
55062	0.46437183
55063	0.46171710
55064	0.45907190
55065	0.45643643
55066	0.45381066
55067	0.45119473
55068	0.44858870
55069	0.44599262
55070	0.44340655
55071	0.44083047
55072	0.43826443
55073	0.43570837
55074	0.43316236
55075	0.43062633
55076	0.42810026
55077	0.42558411
55078	0.42307776
55079	0.42058125
55080	0.41809446
55081	0.41561729
55082	0.41314968
55083	0.41069156
55084	0.40824279
55085	0.40580326
55086	0.40337285
55087	0.40095147
55088	0.39853898
55089	0.39613530
55090	0.39374024
55091	0.39135361
55092	0.38897535
55093	0.38660526
55094	0.38424322
55095	0.38188896
55096	0.37954238
55097	0.37720323
55098	0.37487131
55099	0.37254640
55100	0.37022820
55101	0.36791638
55102	0.36561075
55103	0.36331093
55104	0.36101645
55105	0.35872701
55106	0.35644206
55107	0.35416114
55108	0.35188359
55109	0.34960881
55110	0.34733620
55111	0.34506479
55112	0.34279379
55113	0.34052223
55114	0.33824906
55115	0.33597293
55116	0.33369264
55117	0.33140659
55118	0.32911330
55119	0.32681087
55120	0.32449716
55121	0.32217008
55122	0.31982708
55123	0.31746539
55124	0.31508213
55125	0.31267381
55126	0.31023681
55127	0.30776694
55128	0.30525967
55129	0.30271006
55130	0.30011255
55131	0.29746085
55132	0.29474816
55133	0.29196683
55134	0.28910819
55135	0.28616276
55136	0.28311971
55137	0.27996725
55138	0.27669188
55139	0.27327821
55140	0.26970935
55141	0.26596564
55142	0.26202488
55143	0.25786173
55144	0.25344697
55145	0.24874707
55146	0.24372320
55147	0.23832999
55148	0.23251486
55149	0.22621560
55150	0.21935804
55151	0.21185423
55152	0.20359807
55153	0.19446121
55154	0.18428566
55155	0.17287585
55156	0.15998694
55157	0.14530699
55158	0.12843329
55159	0.10883664
55160	0.08580703
55161	0.05837109
55162	0.02515322
55163	-0.01585215
55164	-0.06768855
55165	-0.13521285
55166	-0.22667837
55167	-0.35733733
55168	-0.55885625
55169	-0.90951961
55170	-1.67004609
55171	-4.55681515
55172	NaN
55173	NaN
55174	NaN
55175	NaN
55176	NaN
55177	NaN
55178	NaN
55179	NaN
55180	NaN
55181	NaN
55182	NaN
55183	NaN
55184	NaN
55185	NaN
55186	NaN
55187	NaN
55188	NaN
55189	NaN
55190	NaN
55191	NaN
55192	NaN
55193	NaN
55194	NaN
55195	NaN
55196	NaN
55197	NaN
55198	NaN
55199	NaN
55200	NaN
55201	NaN
55202	NaN
55203	NaN
55204	NaN
55205	NaN
55206	NaN
55207	NaN
55208	NaN
55209	NaN
55210	NaN
55211	NaN
55212	NaN
55213	NaN
55214	NaN
55215	NaN
55216	NaN
55217	NaN
55218	NaN
55219	NaN
55220	NaN
55221	NaN
55222	NaN
55223	NaN
55224	NaN
55225	NaN
55226	3.75744796
55227	2.25070906
55228	1.73392296
55229	1.47301662
55230	1.31584930
55231	1.21093524
55232	1.13601983
55233	1.07990813
55234	1.03635800
55235	1.00161088
55236	0.97326946
55237	0.94973165
55238	0.92988628
55239	0.91293871
55240	0.89830530
55241	0.88554698
55242	0.87432873
55243	0.86438859
55244	0.85552037
55245	0.84755826
55246	0.84036839
55247	0.83384079
55248	0.82788450
55249	0.82242399
55250	0.81739533
55251	0.81274456
55252	0.80842584
55253	0.80439925
55254	0.80063105
55255	0.79709142
55256	0.79375482
55257	0.79059851
55258	0.78760254
55259	0.78474927
55260	0.78202337
55261	0.77941084
55262	0.77689916
55263	0.77447730
55264	0.77213532
55265	0.76986414
55266	0.76765561
55267	0.76550251
55268	0.76339793
55269	0.76133591
55270	0.75931072
55271	0.75731748
55272	0.75535142
55273	0.75340825
55274	0.75148427
55275	0.74957561
55276	0.74767911
55277	0.74579185
55278	0.74391085
55279	0.74203366
55280	0.74015778
55281	0.73828125
55282	0.73640198
55283	0.73451811
55284	0.73262805
55285	0.73073018
55286	0.72882318
55287	0.72690588
55288	0.72497696
55289	0.72303545
55290	0.72108048
55291	0.71911126
55292	0.71712697
55293	0.71512681
55294	0.71311057
55295	0.71107751
55296	0.70902729
55297	0.70695949
55298	0.70487392
55299	0.70277023
55300	0.70064837
55301	0.69850808
55302	0.69634926
55303	0.69417197
55304	0.69197607
55305	0.68976158
55306	0.68752873
55307	0.68527740
55308	0.68300778
55309	0.68072003
55310	0.67841434
55311	0.67609078
55312	0.67374969
55313	0.67139119
55314	0.66901559
55315	0.66662323
55316	0.66421437
55317	0.66178936
55318	0.65934849
55319	0.65689218
55320	0.65442085
55321	0.65193486
55322	0.64943469
55323	0.64692080
55324	0.64439368
55325	0.64185387
55326	0.63930190
55327	0.63673818
55328	0.63416338
55329	0.63157809
55330	0.62898284
55331	0.62637824
55332	0.62376493
55333	0.62114340
55334	0.61851442
55335	0.61587846
55336	0.61323625
55337	0.61058831
55338	0.60793525
55339	0.60527772
55340	0.60261625
55341	0.59995145
55342	0.59728384
55343	0.59461403
55344	0.59194249
55345	0.58926970
55346	0.58659619
55347	0.58392245
55348	0.58124900
55349	0.57857615
55350	0.57590443
55351	0.57323414
55352	0.57056564
55353	0.56789947
55354	0.56523573
55355	0.56257492
55356	0.55991721
55357	0.55726296
55358	0.55461240
55359	0.55196577
55360	0.54932332
55361	0.54668522
55362	0.54405171
55363	0.54142290
55364	0.53879899
55365	0.53618020
55366	0.53356659
55367	0.53095835
55368	0.52835554
55369	0.52575827
55370	0.52316672
55371	0.52058083
55372	0.51800084
55373	0.51542670
55374	0.51285857
55375	0.51029646
55376	0.50774044
55377	0.50519049
55378	0.50264680
55379	0.50010920
55380	0.49757782
55381	0.49505275
55382	0.49253395
55383	0.49002138
55384	0.48751509
55385	0.48501512
55386	0.48252138
55387	0.48003396
55388	0.47755274
55389	0.47507784
55390	0.47260910
55391	0.47014663
55392	0.46769029
55393	0.46524015
55394	0.46279609
55395	0.46035814
55396	0.45792621
55397	0.45550033
55398	0.45308039
55399	0.45066643
55400	0.44825831
55401	0.44585606
55402	0.44345966
55403	0.44106898
55404	0.43868405
55405	0.43630487
55406	0.43393123
55407	0.43156326
55408	0.42920086
55409	0.42684394
55410	0.42449248
55411	0.42214644
55412	0.41980571
55413	0.41747025
55414	0.41513997
55415	0.41281480
55416	0.41049466
55417	0.40817931
55418	0.40586874
55419	0.40356266
55420	0.40126100
55421	0.39896342
55422	0.39666975
55423	0.39437971
55424	0.39209303
55425	0.38980922
55426	0.38752791
55427	0.38524860
55428	0.38297099
55429	0.38069424
55430	0.37841779
55431	0.37614104
55432	0.37386304
55433	0.37158307
55434	0.36930010
55435	0.36701304
55436	0.36472082
55437	0.36242217
55438	0.36011562
55439	0.35779974
55440	0.35547286
55441	0.35313326
55442	0.35077885
55443	0.34840748
55444	0.34601697
55445	0.34360462
55446	0.34116769
55447	0.33870322
55448	0.33620787
55449	0.33367801
55450	0.33110967
55451	0.32849842
55452	0.32583973
55453	0.32312822
55454	0.32035816
55455	0.31752324
55456	0.31461650
55457	0.31163010
55458	0.30855566
55459	0.30538341
55460	0.30210286
55461	0.29870215
55462	0.29516780
55463	0.29148504
55464	0.28763705
55465	0.28360468
55466	0.27936655
55467	0.27489787
55468	0.27017078
55469	0.26515284
55470	0.25980687
55471	0.25409001
55472	0.24795187
55473	0.24133404
55474	0.23416717
55475	0.22636907
55476	0.21784219
55477	0.20846826
55478	0.19810383
55479	0.18657301
55480	0.17365748
55481	0.15908329
55482	0.14250162
55483	0.12346141
55484	0.10136870
55485	0.07542592
55486	0.04453530
55487	0.00714563
55488	-0.03901414
55489	-0.09740144
55490	-0.17355740
55491	-0.27695236
55492	-0.42521390
55493	-0.65534908
55494	-1.06043506
55495	-1.96061301
55496	-5.67811441
55497	NaN
55498	NaN
55499	NaN
55500	NaN
55501	NaN
55502	NaN
55503	NaN
55504	NaN
55505	NaN
55506	NaN
55507	NaN
55508	NaN
55509	NaN
55510	NaN
55511	NaN
55512	NaN
55513	NaN
55514	NaN
55515	NaN
55516	NaN
55517	NaN
55518	NaN
55519	NaN
55520	NaN
55521	NaN
55522	NaN
55523	NaN
55524	NaN
55525	NaN
55526	NaN
55527	NaN
55528	NaN
55529	NaN
55530	NaN
55531	NaN
55532	NaN
55533	NaN
55534	NaN
55535	NaN
55536	NaN
55537	NaN
55538	NaN
55539	NaN
55540	NaN
55541	NaN
55542	NaN
55543	NaN
55544	NaN
55545	NaN
55546	NaN
55547	NaN
55548	NaN
55549	NaN
55550	5.52966785
55551	2.69219017
55552	1.95177972
55553	1.61115789
55554	1.41549897
55555	1.28859532
55556	1.19968903
55557	1.13398409
55558	1.08348322
55559	1.04348230
55560	1.01103520
55561	0.98420185
55562	0.96165329
55563	0.94244576
55564	0.92589426
55565	0.91148716
55566	0.89883536
55567	0.88763690
55568	0.87765503
55569	0.86870062
55570	0.86062115
55571	0.85329157
55572	0.84660941
55573	0.84048897
55574	0.83485872
55575	0.82965809
55576	0.82483536
55577	0.82034624
55578	0.81615293
55579	0.81222212
55580	0.80852515
55581	0.80503708
55582	0.80173558
55583	0.79860115
55584	0.79561651
55585	0.79276609
55586	0.79003644
55587	0.78741491
55588	0.78489035
55589	0.78245294
55590	0.78009355
55591	0.77780402
55592	0.77557671
55593	0.77340496
55594	0.77128232
55595	0.76920336
55596	0.76716274
55597	0.76515561
55598	0.76317751
55599	0.76122445
55600	0.75929266
55601	0.75737858
55602	0.75547898
55603	0.75359100
55604	0.75171173
55605	0.74983877
55606	0.74796963
55607	0.74610215
55608	0.74423432
55609	0.74236417
55610	0.74049008
55611	0.73861033
55612	0.73672354
55613	0.73482817
55614	0.73292309
55615	0.73100722
55616	0.72907925
55617	0.72713834
55618	0.72518373
55619	0.72321439
55620	0.72122979
55621	0.71922928
55622	0.71721220
55623	0.71517795
55624	0.71312630
55625	0.71105677
55626	0.70896894
55627	0.70686263
55628	0.70473760
55629	0.70259356
55630	0.70043051
55631	0.69824827
55632	0.69604677
55633	0.69382602
55634	0.69158602
55635	0.68932682
55636	0.68704855
55637	0.68475121
55638	0.68243504
55639	0.68010026
55640	0.67774701
55641	0.67537558
55642	0.67298609
55643	0.67057914
55644	0.66815484
55645	0.66571367
55646	0.66325599
55647	0.66078216
55648	0.65829271
55649	0.65578818
55650	0.65326899
55651	0.65073568
55652	0.64818883
55653	0.64562905
55654	0.64305681
55655	0.64047289
55656	0.63787776
55657	0.63527220
55658	0.63265681
55659	0.63003224
55660	0.62739915
55661	0.62475812
55662	0.62210989
55663	0.61945510
55664	0.61679441
55665	0.61412835
55666	0.61145765
55667	0.60878289
55668	0.60610467
55669	0.60342348
55670	0.60073990
55671	0.59805447
55672	0.59536773
55673	0.59268010
55674	0.58999211
55675	0.58730412
55676	0.58461654
55677	0.58192986
55678	0.57924432
55679	0.57656038
55680	0.57387823
55681	0.57119823
55682	0.56852072
55683	0.56584591
55684	0.56317401
55685	0.56050527
55686	0.55783987
55687	0.55517805
55688	0.55251992
55689	0.54986566
55690	0.54721540
55691	0.54456931
55692	0.54192740
55693	0.53928989
55694	0.53665686
55695	0.53402835
55696	0.53140444
55697	0.52878523
55698	0.52617079
55699	0.52356112
55700	0.52095634
55701	0.51835650
55702	0.51576161
55703	0.51317167
55704	0.51058680
55705	0.50800693
55706	0.50543213
55707	0.50286239
55708	0.50029778
55709	0.49773827
55710	0.49518383
55711	0.49263453
55712	0.49009025
55713	0.48755109
55714	0.48501697
55715	0.48248783
55716	0.47996369
55717	0.47744447
55718	0.47493020
55719	0.47242075
55720	0.46991611
55721	0.46741623
55722	0.46492097
55723	0.46243036
55724	0.45994434
55725	0.45746276
55726	0.45498562
55727	0.45251280
55728	0.45004427
55729	0.44758001
55730	0.44511986
55731	0.44266379
55732	0.44021174
55733	0.43776372
55734	0.43531954
55735	0.43287924
55736	0.43044278
55737	0.42801008
55738	0.42558113
55739	0.42315596
55740	0.42073435
55741	0.41831645
55742	0.41590208
55743	0.41349131
55744	0.41108409
55745	0.40868029
55746	0.40627989
55747	0.40388289
55748	0.40148914
55749	0.39909858
55750	0.39671111
55751	0.39432654
55752	0.39194480
55753	0.38956565
55754	0.38718894
55755	0.38481429
55756	0.38244152
55757	0.38007018
55758	0.37769997
55759	0.37533039
55760	0.37296090
55761	0.37059090
55762	0.36821973
55763	0.36584669
55764	0.36347082
55765	0.36109123
55766	0.35870674
55767	0.35631633
55768	0.35391852
55769	0.35151178
55770	0.34909463
55771	0.34666502
55772	0.34422109
55773	0.34176037
55774	0.33928034
55775	0.33677843
55776	0.33425140
55777	0.33169574
55778	0.32910773
55779	0.32648310
55780	0.32381693
55781	0.32110402
55782	0.31833845
55783	0.31551367
55784	0.31262225
55785	0.30965570
55786	0.30660492
55787	0.30345935
55788	0.30020708
55789	0.29683441
55790	0.29332602
55791	0.28966451
55792	0.28582972
55793	0.28179833
55794	0.27754396
55795	0.27303568
55796	0.26823753
55797	0.26310724
55798	0.25759539
55799	0.25164333
55800	0.24518101
55801	0.23812410
55802	0.23037139
55803	0.22179793
55804	0.21224970
55805	0.20153466
55806	0.18940912
55807	0.17556126
55808	0.15958296
55809	0.14093104
55810	0.11886758
55811	0.09236152
55812	0.05992955
55813	0.01935664
55814	-0.03281923
55815	-0.10232668
55816	-0.19938497
55817	-0.34416929
55818	-0.58282977
55819	-1.04922283
55820	-2.36161613
55821	NaN
55822	NaN
55823	NaN
55824	NaN
55825	NaN
55826	NaN
55827	NaN
55828	NaN
55829	NaN
55830	NaN
55831	NaN
55832	NaN
55833	NaN
55834	NaN
55835	NaN
55836	NaN
55837	NaN
55838	NaN
55839	NaN
55840	NaN
55841	NaN
55842	NaN
55843	NaN
55844	NaN
55845	NaN
55846	NaN
55847	NaN
55848	NaN
55849	NaN
55850	NaN
55851	NaN
55852	NaN
55853	NaN
55854	NaN
55855	NaN
55856	NaN
55857	NaN
55858	NaN
55859	NaN
55860	NaN
55861	NaN
55862	NaN
55863	NaN
55864	NaN
55865	NaN
55866	NaN
55867	NaN
55868	NaN
55869	NaN
55870	NaN
55871	NaN
55872	NaN
55873	NaN
55874	NaN
55875	NaN
55876	NaN
55877	NaN
55878	NaN
55879	NaN
55880	NaN
55881	4.87059689
55882	2.55681157
55883	1.89227092
55884	1.57746136
55885	1.39411759
55886	1.27431488
55887	1.19003713
55888	1.12762046
55889	1.07960868
55890	1.04158616
55891	1.01076996
55892	0.98532069
55893	0.96397287
55894	0.94582790
55895	0.93022972
55896	0.91668868
55897	0.90483022
55898	0.89436549
55899	0.88506603
55900	0.87675035
55901	0.86927050
55902	0.86250693
55903	0.85636055
55904	0.85074890
55905	0.84560275
55906	0.84086370
55907	0.83648181
55908	0.83241475
55909	0.82862568
55910	0.82508278
55911	0.82175833
55912	0.81862807
55913	0.81567079
55914	0.81286764
55915	0.81020182
55916	0.80765861
55917	0.80522490
55918	0.80288845
55919	0.80063879
55920	0.79846632
55921	0.79636228
55922	0.79431880
55923	0.79232854
55924	0.79038513
55925	0.78848255
55926	0.78661525
55927	0.78477836
55928	0.78296709
55929	0.78117752
55930	0.77940536
55931	0.77764726
55932	0.77589989
55933	0.77416015
55934	0.77242523
55935	0.77069271
55936	0.76896006
55937	0.76722503
55938	0.76548582
55939	0.76374042
55940	0.76198709
55941	0.76022434
55942	0.75845093
55943	0.75666535
55944	0.75486660
55945	0.75305372
55946	0.75122559
55947	0.74938160
55948	0.74752086
55949	0.74564296
55950	0.74374717
55951	0.74183321
55952	0.73990059
55953	0.73794907
55954	0.73597848
55955	0.73398858
55956	0.73197925
55957	0.72995049
55958	0.72790217
55959	0.72583449
55960	0.72374743
55961	0.72164094
55962	0.71951538
55963	0.71737081
55964	0.71520740
55965	0.71302527
55966	0.71082479
55967	0.70860595
55968	0.70636916
55969	0.70411468
55970	0.70184267
55971	0.69955343
55972	0.69724727
55973	0.69492447
55974	0.69258529
55975	0.69023013
55976	0.68785924
55977	0.68547302
55978	0.68307179
55979	0.68065596
55980	0.67822593
55981	0.67578197
55982	0.67332470
55983	0.67085433
55984	0.66837156
55985	0.66587663
55986	0.66337013
55987	0.66085249
55988	0.65832430
55989	0.65578598
55990	0.65323806
55991	0.65068108
55992	0.64811552
55993	0.64554191
55994	0.64296085
55995	0.64037275
55996	0.63777822
55997	0.63517761
55998	0.63257158
55999	0.62996060
56000	0.62734503
56001	0.62472546
56002	0.62210214
56003	0.61947578
56004	0.61684644
56005	0.61421484
56006	0.61158115
56007	0.60894579
56008	0.60630906
56009	0.60367125
56010	0.60103267
56011	0.59839362
56012	0.59575433
56013	0.59311509
56014	0.59047604
56015	0.58783740
56016	0.58519936
56017	0.58256215
56018	0.57992589
56019	0.57729071
56020	0.57465672
56021	0.57202423
56022	0.56939316
56023	0.56676376
56024	0.56413603
56025	0.56151003
56026	0.55888605
56027	0.55626410
56028	0.55364418
56029	0.55102652
56030	0.54841107
56031	0.54579800
56032	0.54318744
56033	0.54057932
56034	0.53797394
56035	0.53537118
56036	0.53277129
56037	0.53017426
56038	0.52758026
56039	0.52498931
56040	0.52240157
56041	0.51981705
56042	0.51723599
56043	0.51465845
56044	0.51208442
56045	0.50951409
56046	0.50694758
56047	0.50438499
56048	0.50182647
56049	0.49927202
56050	0.49672186
56051	0.49417606
56052	0.49163467
56053	0.48909798
56054	0.48656595
56055	0.48403880
56056	0.48151660
56057	0.47899947
56058	0.47648758
56059	0.47398105
56060	0.47148004
56061	0.46898466
56062	0.46649510
56063	0.46401146
56064	0.46153396
56065	0.45906270
56066	0.45659783
56067	0.45413968
56068	0.45168835
56069	0.44924393
56070	0.44680670
56071	0.44437686
56072	0.44195458
56073	0.43954003
56074	0.43713346
56075	0.43473497
56076	0.43234485
56077	0.42996323
56078	0.42759022
56079	0.42522609
56080	0.42287090
56081	0.42052478
56082	0.41818786
56083	0.41586027
56084	0.41354191
56085	0.41123298
56086	0.40893337
56087	0.40664309
56088	0.40436196
56089	0.40208992
56090	0.39982677
56091	0.39757231
56092	0.39532617
56093	0.39308807
56094	0.39085758
56095	0.38863415
56096	0.38641721
56097	0.38420609
56098	0.38200012
56099	0.37979835
56100	0.37759981
56101	0.37540355
56102	0.37320819
56103	0.37101242
56104	0.36881471
56105	0.36661342
56106	0.36440673
56107	0.36219251
56108	0.35996854
56109	0.35773227
56110	0.35548097
56111	0.35321140
56112	0.35092026
56113	0.34860349
56114	0.34625682
56115	0.34387541
56116	0.34145376
56117	0.33898586
56118	0.33646479
56119	0.33388266
56120	0.33123073
56121	0.32849881
56122	0.32567561
56123	0.32274771
56124	0.31969988
56125	0.31651485
56126	0.31317231
56127	0.30964819
56128	0.30591488
56129	0.30193946
56130	0.29768327
56131	0.29309955
56132	0.28813228
56133	0.28271404
56134	0.27676195
56135	0.27017343
56136	0.26282099
56137	0.25454256
56138	0.24513154
56139	0.23431778
56140	0.22174296
56141	0.20692210
56142	0.18918018
56143	0.16755201
56144	0.14060535
56145	0.10612160
56146	0.06047358
56147	-0.00271382
56148	-0.09576264
56149	-0.24597885
56150	-0.52840918
56151	-1.25111175
56152	-6.99734783
56153	NaN
56154	NaN
56155	NaN
56156	NaN
56157	NaN
56158	NaN
56159	NaN
56160	NaN
56161	NaN
56162	NaN
56163	NaN
56164	NaN
56165	NaN
56166	NaN
56167	NaN
56168	NaN
56169	NaN
56170	NaN
56171	NaN
56172	NaN
56173	NaN
56174	NaN
56175	NaN
56176	NaN
56177	NaN
56178	NaN
56179	NaN
56180	NaN
56181	NaN
56182	NaN
56183	NaN
56184	NaN
56185	NaN
56186	NaN
56187	NaN
56188	NaN
56189	NaN
56190	NaN
56191	NaN
56192	NaN
56193	NaN
56194	NaN
56195	NaN
56196	NaN
56197	NaN
56198	NaN
56199	NaN
56200	NaN
56201	NaN
56202	NaN
56203	NaN
56204	NaN
56205	NaN
56206	NaN
56207	NaN
56208	NaN
56209	NaN
56210	NaN
56211	NaN
56212	NaN
56213	NaN
56214	NaN
56215	NaN
56216	NaN
56217	NaN
56218	4.57450628
56219	2.34055805
56220	1.73584175
56221	1.45481431
56222	1.29275668
56223	1.18750751
56224	1.11377800
56225	1.05933976
56226	1.01755989
56227	0.98452723
56228	0.95778829
56229	0.93572450
56230	0.91722596
56231	0.90150458
56232	0.88798720
56233	0.87624645
56234	0.86595684
56235	0.85686630
56236	0.84877604
56237	0.84152859
56238	0.83499652
56239	0.82907552
56240	0.82368016
56241	0.81873900
56242	0.81419241
56243	0.80999017
56244	0.80608922
56245	0.80245280
56246	0.79904950
56247	0.79585207
56248	0.79283667
56249	0.78998250
56250	0.78727144
56251	0.78468728
56252	0.78221565
56253	0.77984399
56254	0.77756101
56255	0.77535653
56256	0.77322149
56257	0.77114761
56258	0.76912755
56259	0.76715451
56260	0.76522249
56261	0.76332593
56262	0.76145971
56263	0.75961930
56264	0.75780034
56265	0.75599885
56266	0.75421143
56267	0.75243467
56268	0.75066555
56269	0.74890131
56270	0.74713922
56271	0.74537694
56272	0.74361235
56273	0.74184334
56274	0.74006796
56275	0.73828453
56276	0.73649156
56277	0.73468733
56278	0.73287070
56279	0.73104030
56280	0.72919512
56281	0.72733396
56282	0.72545600
56283	0.72356045
56284	0.72164649
56285	0.71971345
56286	0.71776056
56287	0.71578753
56288	0.71379381
56289	0.71177894
56290	0.70974267
56291	0.70768458
56292	0.70560455
56293	0.70350242
56294	0.70137793
56295	0.69923103
56296	0.69706160
56297	0.69486982
56298	0.69265544
56299	0.69041878
56300	0.68815970
56301	0.68587852
56302	0.68357521
56303	0.68125010
56304	0.67890322
56305	0.67653495
56306	0.67414552
56307	0.67173523
56308	0.66930437
56309	0.66685343
56310	0.66438264
56311	0.66189241
56312	0.65938330
56313	0.65685576
56314	0.65431035
56315	0.65174741
56316	0.64916766
56317	0.64657170
56318	0.64396018
56319	0.64133364
56320	0.63869286
56321	0.63603842
56322	0.63337117
56323	0.63069171
56324	0.62800080
56325	0.62529927
56326	0.62258786
56327	0.61986732
56328	0.61713839
56329	0.61440182
56330	0.61165851
56331	0.60890907
56332	0.60615432
56333	0.60339504
56334	0.60063189
56335	0.59786552
56336	0.59509677
56337	0.59232616
56338	0.58955443
56339	0.58678222
56340	0.58401006
56341	0.58123851
56342	0.57846808
56343	0.57569945
56344	0.57293290
56345	0.57016903
56346	0.56740826
56347	0.56465095
56348	0.56189746
56349	0.55914819
56350	0.55640346
56351	0.55366349
56352	0.55092865
56353	0.54819918
56354	0.54547518
56355	0.54275703
56356	0.54004478
56357	0.53733873
56358	0.53463894
56359	0.53194547
56360	0.52925861
56361	0.52657837
56362	0.52390486
56363	0.52123821
56364	0.51857847
56365	0.51592565
56366	0.51327986
56367	0.51064122
56368	0.50800967
56369	0.50538534
56370	0.50276828
56371	0.50015849
56372	0.49755600
56373	0.49496084
56374	0.49237317
56375	0.48979282
56376	0.48721993
56377	0.48465458
56378	0.48209667
56379	0.47954628
56380	0.47700346
56381	0.47446817
56382	0.47194046
56383	0.46942028
56384	0.46690765
56385	0.46440265
56386	0.46190518
56387	0.45941523
56388	0.45693281
56389	0.45445788
56390	0.45199043
56391	0.44953042
56392	0.44707781
56393	0.44463259
56394	0.44219461
56395	0.43976390
56396	0.43734038
56397	0.43492401
56398	0.43251473
56399	0.43011233
56400	0.42771691
56401	0.42532837
56402	0.42294651
56403	0.42057133
56404	0.41820267
56405	0.41584054
56406	0.41348469
56407	0.41113514
56408	0.40879163
56409	0.40645418
56410	0.40412259
56411	0.40179667
56412	0.39947620
56413	0.39716110
56414	0.39485118
56415	0.39254615
56416	0.39024574
56417	0.38794979
56418	0.38565794
56419	0.38336983
56420	0.38108504
56421	0.37880331
56422	0.37652409
56423	0.37424681
56424	0.37197095
56425	0.36969593
56426	0.36742100
56427	0.36514542
56428	0.36286825
56429	0.36058867
56430	0.35830557
56431	0.35601780
56432	0.35372409
56433	0.35142305
56434	0.34911308
56435	0.34679258
56436	0.34445962
56437	0.34211212
56438	0.33974788
56439	0.33736435
56440	0.33495888
56441	0.33252832
56442	0.33006933
56443	0.32757837
56444	0.32505119
56445	0.32248327
56446	0.31986985
56447	0.31720495
56448	0.31448272
56449	0.31169605
56450	0.30883729
56451	0.30589771
56452	0.30286768
56453	0.29973617
56454	0.29649094
56455	0.29311782
56456	0.28960118
56457	0.28592268
56458	0.28206167
56459	0.27799439
56460	0.27369329
56461	0.26912653
56462	0.26425716
56463	0.25904164
56464	0.25342923
56465	0.24735931
56466	0.24075982
56467	0.23354439
56468	0.22560811
56469	0.21682279
56470	0.20703024
56471	0.19603242
56472	0.18357992
56473	0.16935185
56474	0.15293005
56475	0.13375936
56476	0.11108536
56477	0.08385689
56478	0.05056518
56479	0.00896377
56480	-0.04444164
56481	-0.11540750
56482	-0.21412802
56483	-0.36052850
56484	-0.59954453
56485	-1.05827391
56486	-2.29187846
56487	-16.69285965
56488	NaN
56489	NaN
56490	NaN
56491	NaN
56492	NaN
56493	NaN
56494	NaN
56495	NaN
56496	NaN
56497	NaN
56498	NaN
56499	NaN
56500	NaN
56501	NaN
56502	NaN
56503	NaN
56504	NaN
56505	NaN
56506	NaN
56507	NaN
56508	NaN
56509	NaN
56510	NaN
56511	NaN
56512	NaN
56513	NaN
56514	NaN
56515	NaN
56516	NaN
56517	NaN
56518	NaN
56519	NaN
56520	NaN
56521	NaN
56522	NaN
56523	NaN
56524	NaN
56525	NaN
56526	NaN
56527	NaN
56528	NaN
56529	NaN
56530	NaN
56531	NaN
56532	NaN
56533	NaN
56534	NaN
56535	NaN
56536	NaN
56537	NaN
56538	NaN
56539	NaN
56540	NaN
56541	NaN
56542	NaN
56543	NaN
56544	NaN
56545	NaN
56546	NaN
56547	NaN
56548	NaN
56549	NaN
56550	13.44230080
56551	3.24149728
56552	2.11515427
56553	1.68295169
56554	1.45471358
56555	1.31382942
56556	1.21834421
56557	1.14945078
56558	1.09746420
56559	1.05688655
56560	1.02436697
56561	0.99774587
56562	0.97556847
56563	0.95681936
56564	0.94076926
56565	0.92687798
56566	0.91474003
56567	0.90404350
56568	0.89454502
56569	0.88605160
56570	0.87840855
56571	0.87149018
56572	0.86519384
56573	0.85943431
56574	0.85414028
56575	0.84925181
56576	0.84471834
56577	0.84049672
56578	0.83654958
56579	0.83284491
56580	0.82935488
56581	0.82605541
56582	0.82292521
56583	0.81994551
56584	0.81709999
56585	0.81437397
56586	0.81175441
56587	0.80922973
56588	0.80678952
56589	0.80442441
56590	0.80212605
56591	0.79988676
56592	0.79769975
56593	0.79555881
56594	0.79345816
56595	0.79139274
56596	0.78935778
56597	0.78734905
56598	0.78536260
56599	0.78339481
56600	0.78144240
56601	0.77950263
56602	0.77757245
56603	0.77564955
56604	0.77373165
56605	0.77181655
56606	0.76990259
56607	0.76798785
56608	0.76607090
56609	0.76415014
56610	0.76222456
56611	0.76029295
56612	0.75835437
56613	0.75640792
56614	0.75445282
56615	0.75248826
56616	0.75051385
56617	0.74852908
56618	0.74653345
56619	0.74452674
56620	0.74250865
56621	0.74047905
56622	0.73843759
56623	0.73638451
56624	0.73431957
56625	0.73224288
56626	0.73015440
56627	0.72805429
56628	0.72594267
56629	0.72381955
56630	0.72168517
56631	0.71953970
56632	0.71738338
56633	0.71521628
56634	0.71303862
56635	0.71085072
56636	0.70865268
56637	0.70644480
56638	0.70422709
56639	0.70200002
56640	0.69976366
56641	0.69751817
56642	0.69526380
56643	0.69300097
56644	0.69072968
56645	0.68845010
56646	0.68616259
56647	0.68386745
56648	0.68156469
56649	0.67925471
56650	0.67693776
56651	0.67461407
56652	0.67228389
56653	0.66994739
56654	0.66760498
56655	0.66525692
56656	0.66290349
56657	0.66054493
56658	0.65818149
56659	0.65581357
56660	0.65344143
56661	0.65106541
56662	0.64868569
56663	0.64630258
56664	0.64391637
56665	0.64152741
56666	0.63913584
56667	0.63674188
56668	0.63434589
56669	0.63194805
56670	0.62954849
56671	0.62714750
56672	0.62474519
56673	0.62234175
56674	0.61993736
56675	0.61753207
56676	0.61512601
56677	0.61271936
56678	0.61031210
56679	0.60790426
56680	0.60549611
56681	0.60308743
56682	0.60067844
56683	0.59826905
56684	0.59585935
56685	0.59344929
56686	0.59103888
56687	0.58862811
56688	0.58621687
56689	0.58380532
56690	0.58139336
56691	0.57898086
56692	0.57656801
56693	0.57415456
56694	0.57174057
56695	0.56932610
56696	0.56691104
56697	0.56449538
56698	0.56207913
56699	0.55966222
56700	0.55724478
56701	0.55482668
56702	0.55240792
56703	0.54998857
56704	0.54756856
56705	0.54514796
56706	0.54272681
56707	0.54030502
56708	0.53788269
56709	0.53545988
56710	0.53303653
56711	0.53061265
56712	0.52818835
56713	0.52576357
56714	0.52333838
56715	0.52091289
56716	0.51848698
56717	0.51606071
56718	0.51363409
56719	0.51120722
56720	0.50878006
56721	0.50635272
56722	0.50392503
56723	0.50149715
56724	0.49906912
56725	0.49664080
56726	0.49421239
56727	0.49178380
56728	0.48935512
56729	0.48692629
56730	0.48449737
56731	0.48206845
56732	0.47963953
56733	0.47721058
56734	0.47478172
56735	0.47235301
56736	0.46992448
56737	0.46749619
56738	0.46506819
56739	0.46264055
56740	0.46021345
56741	0.45778686
56742	0.45536089
56743	0.45293567
56744	0.45051128
56745	0.44808781
56746	0.44566524
56747	0.44324377
56748	0.44082347
56749	0.43840438
56750	0.43598658
56751	0.43357015
56752	0.43115500
56753	0.42874125
56754	0.42632872
56755	0.42391750
56756	0.42150745
56757	0.41909838
56758	0.41669023
56759	0.41428274
56760	0.41187564
56761	0.40946871
56762	0.40706137
56763	0.40465334
56764	0.40224409
56765	0.39983302
56766	0.39741945
56767	0.39500263
56768	0.39258167
56769	0.39015570
56770	0.38772357
56771	0.38528413
56772	0.38283598
56773	0.38037768
56774	0.37790757
56775	0.37542385
56776	0.37292445
56777	0.37040707
56778	0.36786929
56779	0.36530843
56780	0.36272129
56781	0.36010447
56782	0.35745418
56783	0.35476613
56784	0.35203567
56785	0.34925723
56786	0.34642488
56787	0.34353185
56788	0.34057042
56789	0.33753175
56790	0.33440626
56791	0.33118239
56792	0.32784709
56793	0.32438552
56794	0.32078049
56795	0.31701213
56796	0.31305712
56797	0.30888829
56798	0.30447412
56799	0.29977643
56800	0.29475051
56801	0.28934228
56802	0.28348675
56803	0.27710581
56804	0.27010202
56805	0.26235482
56806	0.25371411
56807	0.24398829
56808	0.23293024
56809	0.22021666
56810	0.20541468
56811	0.18793350
56812	0.16694237
56813	0.14124000
56814	0.10901949
56815	0.06742977
56816	0.01169803
56817	-0.06681722
56818	-0.18554109
56819	-0.38563922
56820	-0.79336971
56821	-2.07501245
56822	NaN
56823	NaN
56824	NaN
56825	NaN
56826	NaN
56827	NaN
56828	NaN
56829	NaN
56830	NaN
56831	NaN
56832	NaN
56833	NaN
56834	NaN
56835	NaN
56836	NaN
56837	NaN
56838	NaN
56839	NaN
56840	NaN
56841	NaN
56842	NaN
56843	NaN
56844	NaN
56845	NaN
56846	NaN
56847	NaN
56848	NaN
56849	NaN
56850	NaN
56851	NaN
56852	NaN
56853	NaN
56854	NaN
56855	NaN
56856	NaN
56857	NaN
56858	NaN
56859	NaN
56860	NaN
56861	NaN
56862	NaN
56863	NaN
56864	NaN
56865	NaN
56866	NaN
56867	NaN
56868	NaN
56869	NaN
56870	NaN
56871	NaN
56872	NaN
56873	NaN
56874	NaN
56875	NaN
56876	NaN
56877	NaN
56878	NaN
56879	NaN
56880	NaN
56881	NaN
56882	NaN
56883	NaN
56884	NaN
56885	NaN
56886	NaN
56887	NaN
56888	NaN
56889	NaN
56890	NaN
56891	3.98149872
56892	2.27294779
56893	1.72821128
56894	1.46064627
56895	1.30184305
56896	1.19683194
56897	1.12233913
56898	1.06681883
56899	1.02388859
56900	0.98973846
56901	0.96195036
56902	0.93891740
56903	0.91952854
56904	0.90299195
56905	0.88872790
56906	0.87630236
56907	0.86538410
56908	0.85571492
56909	0.84709156
56910	0.83935177
56911	0.83236444
56912	0.82602191
56913	0.82023555
56914	0.81493157
56915	0.81004822
56916	0.80553281
56917	0.80134070
56918	0.79743379
56919	0.79377913
56920	0.79034805
56921	0.78711557
56922	0.78406024
56923	0.78116268
56924	0.77840596
56925	0.77577525
56926	0.77325720
56927	0.77083993
56928	0.76851279
56929	0.76626617
56930	0.76409131
56931	0.76198053
56932	0.75992692
56933	0.75792372
56934	0.75596535
56935	0.75404632
56936	0.75216174
56937	0.75030726
56938	0.74847853
56939	0.74667197
56940	0.74488407
56941	0.74311143
56942	0.74135131
56943	0.73960078
56944	0.73785734
56945	0.73611856
56946	0.73438239
56947	0.73264676
56948	0.73090982
56949	0.72916979
56950	0.72742504
56951	0.72567421
56952	0.72391570
56953	0.72214854
56954	0.72037143
56955	0.71858323
56956	0.71678299
56957	0.71496999
56958	0.71314323
56959	0.71130192
56960	0.70944554
56961	0.70757335
56962	0.70568490
56963	0.70377964
56964	0.70185703
56965	0.69991684
56966	0.69795859
56967	0.69598210
56968	0.69398695
56969	0.69197297
56970	0.68993998
56971	0.68788785
56972	0.68581635
56973	0.68372542
56974	0.68161494
56975	0.67948490
56976	0.67733532
56977	0.67516613
56978	0.67297739
56979	0.67076916
56980	0.66854143
56981	0.66629457
56982	0.66402847
56983	0.66174334
56984	0.65943944
56985	0.65711701
56986	0.65477628
56987	0.65241754
56988	0.65004110
56989	0.64764726
56990	0.64523655
56991	0.64280915
56992	0.64036566
56993	0.63790637
56994	0.63543195
56995	0.63294280
56996	0.63043940
56997	0.62792236
56998	0.62539226
56999	0.62284958
57000	0.62029493
57001	0.61772889
57002	0.61515200
57003	0.61256504
57004	0.60996842
57005	0.60736269
57006	0.60474867
57007	0.60212672
57008	0.59949756
57009	0.59686154
57010	0.59421951
57011	0.59157175
57012	0.58891886
57013	0.58626139
57014	0.58359975
57015	0.58093446
57016	0.57826596
57017	0.57559460
57018	0.57292092
57019	0.57024515
57020	0.56756777
57021	0.56488907
57022	0.56220943
57023	0.55952913
57024	0.55684841
57025	0.55416763
57026	0.55148703
57027	0.54880685
57028	0.54612732
57029	0.54344869
57030	0.54077107
57031	0.53809482
57032	0.53542000
57033	0.53274685
57034	0.53007561
57035	0.52740633
57036	0.52473938
57037	0.52207476
57038	0.51941270
57039	0.51675344
57040	0.51409709
57041	0.51144391
57042	0.50879395
57043	0.50614756
57044	0.50350475
57045	0.50086588
57046	0.49823108
57047	0.49560046
57048	0.49297431
57049	0.49035281
57050	0.48773617
57051	0.48512447
57052	0.48251802
57053	0.47991690
57054	0.47732139
57055	0.47473159
57056	0.47214767
57057	0.46956983
57058	0.46699816
57059	0.46443287
57060	0.46187398
57061	0.45932171
57062	0.45677617
57063	0.45423737
57064	0.45170546
57065	0.44918054
57066	0.44666263
57067	0.44415182
57068	0.44164810
57069	0.43915150
57070	0.43666214
57071	0.43417999
57072	0.43170497
57073	0.42923719
57074	0.42677656
57075	0.42432311
57076	0.42187685
57077	0.41943765
57078	0.41700554
57079	0.41458043
57080	0.41216224
57081	0.40975097
57082	0.40734652
57083	0.40494877
57084	0.40255764
57085	0.40017304
57086	0.39779484
57087	0.39542294
57088	0.39305711
57089	0.39069730
57090	0.38834321
57091	0.38599470
57092	0.38365144
57093	0.38131317
57094	0.37897962
57095	0.37665045
57096	0.37432513
57097	0.37200329
57098	0.36968449
57099	0.36736807
57100	0.36505336
57101	0.36273959
57102	0.36042595
57103	0.35811159
57104	0.35579538
57105	0.35347626
57106	0.35115281
57107	0.34882367
57108	0.34648716
57109	0.34414145
57110	0.34178460
57111	0.33941424
57112	0.33702788
57113	0.33462268
57114	0.33219558
57115	0.32974300
57116	0.32726106
57117	0.32474521
57118	0.32219073
57119	0.31959191
57120	0.31694260
57121	0.31423581
57122	0.31146362
57123	0.30861700
57124	0.30568609
57125	0.30265895
57126	0.29952285
57127	0.29626256
57128	0.29286104
57129	0.28929874
57130	0.28555244
57131	0.28159568
57132	0.27739769
57133	0.27292183
57134	0.26812577
57135	0.26295823
57136	0.25735876
57137	0.25125480
57138	0.24455763
57139	0.23715889
57140	0.22892441
57141	0.21968654
57142	0.20923267
57143	0.19728902
57144	0.18349780
57145	0.16738284
57146	0.14829390
57147	0.12532134
57148	0.09715284
57149	0.06182240
57150	0.01624599
57151	-0.04470639
57152	-0.13024171
57153	-0.25869751
57154	-0.47261214
57155	-0.89826006
57156	-2.15146494
57157	NaN
57158	NaN
57159	NaN
57160	NaN
57161	NaN
57162	NaN
57163	NaN
57164	NaN
57165	NaN
57166	NaN
57167	NaN
57168	NaN
57169	NaN
57170	NaN
57171	NaN
57172	NaN
57173	NaN
57174	NaN
57175	NaN
57176	NaN
57177	NaN
57178	NaN
57179	NaN
57180	NaN
57181	NaN
57182	NaN
57183	NaN
57184	NaN
57185	NaN
57186	NaN
57187	NaN
57188	NaN
57189	NaN
57190	NaN
57191	NaN
57192	NaN
57193	NaN
57194	NaN
57195	NaN
57196	NaN
57197	NaN
57198	NaN
57199	NaN
57200	NaN
57201	NaN
57202	NaN
57203	NaN
57204	NaN
57205	NaN
57206	NaN
57207	NaN
57208	NaN
57209	NaN
57210	NaN
57211	NaN
57212	NaN
57213	NaN
57214	NaN
57215	NaN
57216	NaN
57217	NaN
57218	NaN
57219	13.22825050
57220	3.11519074
57221	2.02971482
57222	1.61495137
57223	1.39640296
57224	1.26173127
57225	1.17059433
57226	1.10493875
57227	1.05547297
57228	1.01692653
57229	0.98608911
57230	0.96089137
57231	0.93994123
57232	0.92226660
57233	0.90716857
57234	0.89413142
57235	0.88276660
57236	0.87277615
57237	0.86392701
57238	0.85603464
57239	0.84895116
57240	0.84255677
57241	0.83675307
57242	0.83145839
57243	0.82660472
57244	0.82213503
57245	0.81800091
57246	0.81416124
57247	0.81058019
57248	0.80722749
57249	0.80407673
57250	0.80110449
57251	0.79829067
57252	0.79561770
57253	0.79306948
57254	0.79063249
57255	0.78829396
57256	0.78604311
57257	0.78386986
57258	0.78176534
57259	0.77972138
57260	0.77773094
57261	0.77578729
57262	0.77388448
57263	0.77201694
57264	0.77017981
57265	0.76836842
57266	0.76657873
57267	0.76480663
57268	0.76304865
57269	0.76130176
57270	0.75956261
57271	0.75782877
57272	0.75609732
57273	0.75436604
57274	0.75263274
57275	0.75089538
57276	0.74915206
57277	0.74740100
57278	0.74564075
57279	0.74386960
57280	0.74208641
57281	0.74028987
57282	0.73847878
57283	0.73665220
57284	0.73480916
57285	0.73294884
57286	0.73107040
57287	0.72917324
57288	0.72725683
57289	0.72532046
57290	0.72336388
57291	0.72138661
57292	0.71938837
57293	0.71736884
57294	0.71532780
57295	0.71326518
57296	0.71118087
57297	0.70907468
57298	0.70694673
57299	0.70479691
57300	0.70262533
57301	0.70043218
57302	0.69821745
57303	0.69598126
57304	0.69372392
57305	0.69144547
57306	0.68914616
57307	0.68682629
57308	0.68448621
57309	0.68212599
57310	0.67974609
57311	0.67734694
57312	0.67492867
57313	0.67249179
57314	0.67003679
57315	0.66756392
57316	0.66507387
57317	0.66256690
57318	0.66004366
57319	0.65750468
57320	0.65495038
57321	0.65238160
57322	0.64979869
57323	0.64720231
57324	0.64459318
57325	0.64197201
57326	0.63933933
57327	0.63669592
57328	0.63404238
57329	0.63137954
57330	0.62870800
57331	0.62602848
57332	0.62334180
57333	0.62064862
57334	0.61794955
57335	0.61524540
57336	0.61253679
57337	0.60982442
57338	0.60710889
57339	0.60439098
57340	0.60167122
57341	0.59895021
57342	0.59622854
57343	0.59350669
57344	0.59078532
57345	0.58806491
57346	0.58534592
57347	0.58262879
57348	0.57991397
57349	0.57720184
57350	0.57449287
57351	0.57178730
57352	0.56908548
57353	0.56638777
57354	0.56369448
57355	0.56100577
57356	0.55832195
57357	0.55564320
57358	0.55296969
57359	0.55030179
57360	0.54763943
57361	0.54498297
57362	0.54233241
57363	0.53968793
57364	0.53704971
57365	0.53441775
57366	0.53179216
57367	0.52917308
57368	0.52656054
57369	0.52395463
57370	0.52135551
57371	0.51876312
57372	0.51617754
57373	0.51359886
57374	0.51102716
57375	0.50846243
57376	0.50590467
57377	0.50335401
57378	0.50081050
57379	0.49827406
57380	0.49574485
57381	0.49322286
57382	0.49070811
57383	0.48820066
57384	0.48570049
57385	0.48320761
57386	0.48072210
57387	0.47824392
57388	0.47577313
57389	0.47330973
57390	0.47085369
57391	0.46840510
57392	0.46596390
57393	0.46353009
57394	0.46110377
57395	0.45868477
57396	0.45627326
57397	0.45386910
57398	0.45147243
57399	0.44908306
57400	0.44670114
57401	0.44432655
57402	0.44195935
57403	0.43959945
57404	0.43724692
57405	0.43490168
57406	0.43256372
57407	0.43023297
57408	0.42790943
57409	0.42559308
57410	0.42328376
57411	0.42098150
57412	0.41868618
57413	0.41639775
57414	0.41411602
57415	0.41184095
57416	0.40957230
57417	0.40730995
57418	0.40505368
57419	0.40280324
57420	0.40055847
57421	0.39831898
57422	0.39608434
57423	0.39385435
57424	0.39162838
57425	0.38940603
57426	0.38718671
57427	0.38496968
57428	0.38275442
57429	0.38054007
57430	0.37832573
57431	0.37611043
57432	0.37389308
57433	0.37167260
57434	0.36944765
57435	0.36721662
57436	0.36497819
57437	0.36273050
57438	0.36047176
57439	0.35819981
57440	0.35591236
57441	0.35360706
57442	0.35128111
57443	0.34893152
57444	0.34655505
57445	0.34414825
57446	0.34170714
57447	0.33922735
57448	0.33670431
57449	0.33413282
57450	0.33150730
57451	0.32882121
57452	0.32606781
57453	0.32323948
57454	0.32032764
57455	0.31732285
57456	0.31421450
57457	0.31099084
57458	0.30763885
57459	0.30414325
57460	0.30048767
57461	0.29665312
57462	0.29261807
57463	0.28835794
57464	0.28384468
57465	0.27904633
57466	0.27392539
57467	0.26843864
57468	0.26253566
57469	0.25615698
57470	0.24923246
57471	0.24167854
57472	0.23339476
57473	0.22425964
57474	0.21412505
57475	0.20280726
57476	0.19007719
57477	0.17564464
57478	0.15913619
57479	0.14006422
57480	0.11777856
57481	0.09139373
57482	0.05966913
57483	0.02081444
57484	-0.02785342
57485	-0.09054852
57486	-0.17429154
57487	-0.29170677
57488	-0.46801737
57489	-0.76197296
57490	-1.34935009
57491	-3.10328245
57492	NaN
57493	NaN
57494	NaN
57495	NaN
57496	NaN
57497	NaN
57498	NaN
57499	NaN
57500	NaN
57501	NaN
57502	NaN
57503	NaN
57504	NaN
57505	NaN
57506	NaN
57507	NaN
57508	NaN
57509	NaN
57510	NaN
57511	NaN
57512	NaN
57513	NaN
57514	NaN
57515	NaN
57516	NaN
57517	NaN
57518	NaN
57519	NaN
57520	NaN
57521	NaN
57522	NaN
57523	NaN
57524	NaN
57525	NaN
57526	NaN
57527	NaN
57528	NaN
57529	NaN
57530	NaN
57531	NaN
57532	NaN
57533	NaN
57534	NaN
57535	NaN
57536	NaN
57537	NaN
57538	NaN
57539	NaN
57540	NaN
57541	NaN
57542	NaN
57543	NaN
57544	NaN
57545	12.30514145
57546	3.24167299
57547	2.11722064
57548	1.67802763
57549	1.44415796
57550	1.29902339
57551	1.20025313
57552	1.12874424
57553	1.07462013
57554	1.03225768
57555	0.99822122
57556	0.97029161
57557	0.94697207
57558	0.92721730
57559	0.91027302
57560	0.89558280
57561	0.88272709
57562	0.87138218
57563	0.86129606
57564	0.85226834
57565	0.84413803
57566	0.83677465
57567	0.83007067
57568	0.82393688
57569	0.81829911
57570	0.81309456
57571	0.80827016
57572	0.80378026
57573	0.79958570
57574	0.79565269
57575	0.79195201
57576	0.78845787
57577	0.78514785
57578	0.78200203
57579	0.77900279
57580	0.77613491
57581	0.77338409
57582	0.77073807
57583	0.76818573
57584	0.76571703
57585	0.76332277
57586	0.76099497
57587	0.75872600
57588	0.75650918
57589	0.75433844
57590	0.75220817
57591	0.75011313
57592	0.74804878
57593	0.74601060
57594	0.74399471
57595	0.74199748
57596	0.74001569
57597	0.73804605
57598	0.73608583
57599	0.73413235
57600	0.73218322
57601	0.73023617
57602	0.72828907
57603	0.72634012
57604	0.72438753
57605	0.72242975
57606	0.72046518
57607	0.71849251
57608	0.71651047
57609	0.71451807
57610	0.71251398
57611	0.71049744
57612	0.70846766
57613	0.70642364
57614	0.70436484
57615	0.70229053
57616	0.70020026
57617	0.69809353
57618	0.69596994
57619	0.69382900
57620	0.69167060
57621	0.68949425
57622	0.68730003
57623	0.68508756
57624	0.68285674
57625	0.68060768
57626	0.67834014
57627	0.67605424
57628	0.67374998
57629	0.67142755
57630	0.66908711
57631	0.66672856
57632	0.66435224
57633	0.66195840
57634	0.65954733
57635	0.65711915
57636	0.65467435
57637	0.65221322
57638	0.64973617
57639	0.64724356
57640	0.64473581
57641	0.64221340
57642	0.63967681
57643	0.63712651
57644	0.63456315
57645	0.63198715
57646	0.62939918
57647	0.62679976
57648	0.62418950
57649	0.62156904
57650	0.61893892
57651	0.61629987
57652	0.61365241
57653	0.61099726
57654	0.60833508
57655	0.60566640
57656	0.60299188
57657	0.60031211
57658	0.59762776
57659	0.59493941
57660	0.59224761
57661	0.58955294
57662	0.58685595
57663	0.58415717
57664	0.58145708
57665	0.57875621
57666	0.57605511
57667	0.57335413
57668	0.57065374
57669	0.56795436
57670	0.56525642
57671	0.56256026
57672	0.55986613
57673	0.55717456
57674	0.55448580
57675	0.55180007
57676	0.54911774
57677	0.54643905
57678	0.54376417
57679	0.54109347
57680	0.53842705
57681	0.53576511
57682	0.53310788
57683	0.53045541
57684	0.52780801
57685	0.52516568
57686	0.52252859
57687	0.51989692
57688	0.51727068
57689	0.51464999
57690	0.51203489
57691	0.50942552
57692	0.50682187
57693	0.50422400
57694	0.50163192
57695	0.49904579
57696	0.49646547
57697	0.49389109
57698	0.49132258
57699	0.48875993
57700	0.48620319
57701	0.48365229
57702	0.48110723
57703	0.47856796
57704	0.47603446
57705	0.47350660
57706	0.47098443
57707	0.46846777
57708	0.46595663
57709	0.46345088
57710	0.46095040
57711	0.45845520
57712	0.45596507
57713	0.45347998
57714	0.45099986
57715	0.44852442
57716	0.44605365
57717	0.44358745
57718	0.44112563
57719	0.43866807
57720	0.43621466
57721	0.43376526
57722	0.43131980
57723	0.42887798
57724	0.42643988
57725	0.42400524
57726	0.42157394
57727	0.41914588
57728	0.41672096
57729	0.41429895
57730	0.41187987
57731	0.40946347
57732	0.40704966
57733	0.40463835
57734	0.40222934
57735	0.39982253
57736	0.39741781
57737	0.39501500
57738	0.39261404
57739	0.39021462
57740	0.38781670
57741	0.38542002
57742	0.38302442
57743	0.38062975
57744	0.37823564
57745	0.37584192
57746	0.37344834
57747	0.37105450
57748	0.36866012
57749	0.36626482
57750	0.36386815
57751	0.36146975
57752	0.35906902
57753	0.35666540
57754	0.35425836
57755	0.35184705
57756	0.34943086
57757	0.34700894
57758	0.34458029
57759	0.34214404
57760	0.33969897
57761	0.33724388
57762	0.33477750
57763	0.33229822
57764	0.32980457
57765	0.32729459
57766	0.32476631
57767	0.32221773
57768	0.31964633
57769	0.31704941
57770	0.31442422
57771	0.31176728
57772	0.30907518
57773	0.30634394
57774	0.30356899
57775	0.30074558
57776	0.29786810
57777	0.29493040
57778	0.29192579
57779	0.28884628
57780	0.28568348
57781	0.28242740
57782	0.27906710
57783	0.27559009
57784	0.27198213
57785	0.26822701
57786	0.26430646
57787	0.26019883
57788	0.25588003
57789	0.25132155
57790	0.24649033
57791	0.24134833
57792	0.23585056
57793	0.22994344
57794	0.22356442
57795	0.21663733
57796	0.20907173
57797	0.20075731
57798	0.19155777
57799	0.18130574
57800	0.16979019
57801	0.15674295
57802	0.14181922
57803	0.12456423
57804	0.10437196
57805	0.08040995
57806	0.05150780
57807	0.01596527
57808	-0.02878726
57809	-0.08682616
57810	-0.16502035
57811	-0.27593857
57812	-0.44526809
57813	-0.73503774
57814	-1.34302032
57815	-3.42239571
57816	NaN
57817	NaN
57818	NaN
57819	NaN
57820	NaN
57821	NaN
57822	NaN
57823	NaN
57824	NaN
57825	NaN
57826	NaN
57827	NaN
57828	NaN
57829	NaN
57830	NaN
57831	NaN
57832	NaN
57833	NaN
57834	NaN
57835	NaN
57836	NaN
57837	NaN
57838	NaN
57839	NaN
57840	NaN
57841	NaN
57842	NaN
57843	NaN
57844	NaN
57845	NaN
57846	NaN
57847	NaN
57848	NaN
57849	NaN
57850	NaN
57851	NaN
57852	NaN
57853	NaN
57854	NaN
57855	NaN
57856	NaN
57857	NaN
57858	NaN
57859	NaN
57860	NaN
57861	NaN
57862	NaN
57863	NaN
57864	NaN
57865	NaN
57866	NaN
57867	NaN
57868	NaN
57869	NaN
57870	NaN
57871	NaN
57872	NaN
57873	NaN
57874	NaN
57875	NaN
57876	NaN
57877	NaN
57878	NaN
57879	5.23639536
57880	2.53162456
57881	1.83697057
57882	1.51911640
57883	1.33713949
57884	1.21940923
57885	1.13711071
57886	1.07641149
57887	1.02984667
57888	0.99303091
57889	0.96322000
57890	0.93860745
57891	0.91795743
57892	0.90039396
57893	0.88528073
57894	0.87214249
57895	0.86061901
57896	0.85043055
57897	0.84135801
57898	0.83322632
57899	0.82589436
57900	0.81924736
57901	0.81319046
57902	0.80764467
57903	0.80254418
57904	0.79783320
57905	0.79346436
57906	0.78939718
57907	0.78559649
57908	0.78203213
57909	0.77867800
57910	0.77551085
57911	0.77251047
57912	0.76965898
57913	0.76694065
57914	0.76434141
57915	0.76184857
57916	0.75945085
57917	0.75713825
57918	0.75490153
57919	0.75273252
57920	0.75062370
57921	0.74856812
57922	0.74655986
57923	0.74459302
57924	0.74266261
57925	0.74076366
57926	0.73889208
57927	0.73704368
57928	0.73521489
57929	0.73340231
57930	0.73160285
57931	0.72981352
57932	0.72803181
57933	0.72625530
57934	0.72448170
57935	0.72270894
57936	0.72093517
57937	0.71915859
57938	0.71737772
57939	0.71559095
57940	0.71379715
57941	0.71199495
57942	0.71018338
57943	0.70836145
57944	0.70652825
57945	0.70468289
57946	0.70282489
57947	0.70095342
57948	0.69906819
57949	0.69716841
57950	0.69525397
57951	0.69332445
57952	0.69137949
57953	0.68941891
57954	0.68744254
57955	0.68545026
57956	0.68344194
57957	0.68141752
57958	0.67937690
57959	0.67732024
57960	0.67524749
57961	0.67315859
57962	0.67105377
57963	0.66893297
57964	0.66679645
57965	0.66464412
57966	0.66247624
57967	0.66029286
57968	0.65809429
57969	0.65588051
57970	0.65365183
57971	0.65140837
57972	0.64915043
57973	0.64687818
57974	0.64459175
57975	0.64229149
57976	0.63997781
57977	0.63765073
57978	0.63531065
57979	0.63295799
57980	0.63059288
57981	0.62821585
57982	0.62582713
57983	0.62342709
57984	0.62101626
57985	0.61859494
57986	0.61616355
57987	0.61372238
57988	0.61127204
57989	0.60881293
57990	0.60634536
57991	0.60386986
57992	0.60138690
57993	0.59889686
57994	0.59640014
57995	0.59389716
57996	0.59138834
57997	0.58887422
57998	0.58635509
57999	0.58383131
58000	0.58130330
58001	0.57877141
58002	0.57623595
58003	0.57369733
58004	0.57115585
58005	0.56861174
58006	0.56606537
58007	0.56351691
58008	0.56096673
58009	0.55841500
58010	0.55586195
58011	0.55330777
58012	0.55075264
58013	0.54819685
58014	0.54564035
58015	0.54308349
58016	0.54052633
58017	0.53796899
58018	0.53541160
58019	0.53285432
58020	0.53029710
58021	0.52774024
58022	0.52518368
58023	0.52262759
58024	0.52007198
58025	0.51751691
58026	0.51496261
58027	0.51240897
58028	0.50985616
58029	0.50730419
58030	0.50475317
58031	0.50220317
58032	0.49965432
58033	0.49710649
58034	0.49455994
58035	0.49201474
58036	0.48947087
58037	0.48692852
58038	0.48438767
58039	0.48184845
58040	0.47931093
58041	0.47677523
58042	0.47424147
58043	0.47170967
58044	0.46917993
58045	0.46665239
58046	0.46412712
58047	0.46160424
58048	0.45908386
58049	0.45656601
58050	0.45405087
58051	0.45153853
58052	0.44902909
58053	0.44652268
58054	0.44401938
58055	0.44151932
58056	0.43902269
58057	0.43652946
58058	0.43403995
58059	0.43155417
58060	0.42907232
58061	0.42659450
58062	0.42412087
58063	0.42165157
58064	0.41918677
58065	0.41672662
58066	0.41427130
58067	0.41182098
58068	0.40937576
58069	0.40693584
58070	0.40450138
58071	0.40207252
58072	0.39964947
58073	0.39723226
58074	0.39482108
58075	0.39241606
58076	0.39001727
58077	0.38762489
58078	0.38523877
58079	0.38285905
58080	0.38048580
58081	0.37811890
58082	0.37575841
58083	0.37340409
58084	0.37105581
58085	0.36871344
58086	0.36637661
58087	0.36404511
58088	0.36171842
58089	0.35939613
58090	0.35707778
58091	0.35476264
58092	0.35244992
58093	0.35013899
58094	0.34782863
58095	0.34551796
58096	0.34320569
58097	0.34089050
58098	0.33857092
58099	0.33624515
58100	0.33391136
58101	0.33156756
58102	0.32921124
58103	0.32683989
58104	0.32445061
58105	0.32204014
58106	0.31960511
58107	0.31714150
58108	0.31464469
58109	0.31211010
58110	0.30953187
58111	0.30690396
58112	0.30421951
58113	0.30147052
58114	0.29864851
58115	0.29574350
58116	0.29274416
58117	0.28963816
58118	0.28641027
58119	0.28304425
58120	0.27952078
58121	0.27581766
58122	0.27190912
58123	0.26776534
58124	0.26335105
58125	0.25862539
58126	0.25353840
58127	0.24803232
58128	0.24203613
58129	0.23546395
58130	0.22821137
58131	0.22014850
58132	0.21111192
58133	0.20089656
58134	0.18923570
58135	0.17578252
58136	0.16007289
58137	0.14147313
58138	0.11909723
58139	0.09166308
58140	0.05724622
58141	0.01282135
58142	-0.04666423
58143	-0.13030846
58144	-0.25634897
58145	-0.46746910
58146	-0.89237469
58147	-2.18272734
58148	NaN
58149	NaN
58150	NaN
58151	NaN
58152	NaN
58153	NaN
58154	NaN
58155	NaN
58156	NaN
58157	NaN
58158	NaN
58159	NaN
58160	NaN
58161	NaN
58162	NaN
58163	NaN
58164	NaN
58165	NaN
58166	NaN
58167	NaN
58168	NaN
58169	NaN
58170	NaN
58171	NaN
58172	NaN
58173	NaN
58174	NaN
58175	NaN
58176	NaN
58177	NaN
58178	NaN
58179	NaN
58180	NaN
58181	NaN
58182	NaN
58183	NaN
58184	NaN
58185	NaN
58186	NaN
58187	NaN
58188	NaN
58189	NaN
58190	NaN
58191	NaN
58192	NaN
58193	NaN
58194	NaN
58195	NaN
58196	NaN
58197	NaN
58198	NaN
58199	NaN
58200	NaN
58201	NaN
58202	NaN
58203	NaN
58204	NaN
58205	NaN
58206	NaN
58207	NaN
58208	NaN
58209	NaN
58210	NaN
58211	9.21857738
58212	2.71000481
58213	1.81721008
58214	1.46318376
58215	1.27361453
58216	1.15571237
58217	1.07543433
58218	1.01734185
58219	0.97342175
58220	0.93909794
58221	0.91157019
58222	0.88902754
58223	0.87024730
58224	0.85437328
58225	0.84078932
58226	0.82903951
58227	0.81878024
58228	0.80974686
58229	0.80173290
58230	0.79457432
58231	0.78813970
58232	0.78232247
58233	0.77703458
58234	0.77220374
58235	0.76776916
58236	0.76367962
58237	0.75989205
58238	0.75636947
58239	0.75308031
58240	0.74999708
58241	0.74709582
58242	0.74435604
58243	0.74175948
58244	0.73929036
58245	0.73693419
58246	0.73467857
58247	0.73251235
58248	0.73042554
58249	0.72840917
58250	0.72645497
58251	0.72455597
58252	0.72270542
58253	0.72089726
58254	0.71912622
58255	0.71738720
58256	0.71567571
58257	0.71398753
58258	0.71231890
58259	0.71066624
58260	0.70902628
58261	0.70739609
58262	0.70577270
58263	0.70415372
58264	0.70253670
58265	0.70091939
58266	0.69929975
58267	0.69767582
58268	0.69604594
58269	0.69440830
58270	0.69276148
58271	0.69110394
58272	0.68943453
58273	0.68775189
58274	0.68605489
58275	0.68434256
58276	0.68261385
58277	0.68086803
58278	0.67910415
58279	0.67732143
58280	0.67551935
58281	0.67369723
58282	0.67185462
58283	0.66999090
58284	0.66810566
58285	0.66619849
58286	0.66426915
58287	0.66231728
58288	0.66034257
58289	0.65834492
58290	0.65632415
58291	0.65428007
58292	0.65221262
58293	0.65012169
58294	0.64800733
58295	0.64586943
58296	0.64370805
58297	0.64152330
58298	0.63931531
58299	0.63708407
58300	0.63482976
58301	0.63255256
58302	0.63025278
58303	0.62793058
58304	0.62558615
58305	0.62321991
58306	0.62083215
58307	0.61842322
58308	0.61599356
58309	0.61354357
58310	0.61107367
58311	0.60858440
58312	0.60607630
58313	0.60354990
58314	0.60100567
58315	0.59844440
58316	0.59586650
58317	0.59327281
58318	0.59066397
58319	0.58804053
58320	0.58540332
58321	0.58275300
58322	0.58009034
58323	0.57741606
58324	0.57473087
58325	0.57203555
58326	0.56933087
58327	0.56661749
58328	0.56389618
58329	0.56116772
58330	0.55843270
58331	0.55569202
58332	0.55294627
58333	0.55019617
58334	0.54744238
58335	0.54468548
58336	0.54192626
58337	0.53916520
58338	0.53640288
58339	0.53363997
58340	0.53087699
58341	0.52811438
58342	0.52535278
58343	0.52259248
58344	0.51983416
58345	0.51707810
58346	0.51432467
58347	0.51157445
58348	0.50882763
58349	0.50608462
58350	0.50334573
58351	0.50061125
58352	0.49788156
58353	0.49515679
58354	0.49243730
58355	0.48972324
58356	0.48701489
58357	0.48431244
58358	0.48161608
58359	0.47892603
58360	0.47624245
58361	0.47356546
58362	0.47089535
58363	0.46823207
58364	0.46557587
58365	0.46292692
58366	0.46028531
58367	0.45765108
58368	0.45502448
58369	0.45240557
58370	0.44979438
58371	0.44719106
58372	0.44459563
58373	0.44200826
58374	0.43942904
58375	0.43685791
58376	0.43429503
58377	0.43174037
58378	0.42919400
58379	0.42665601
58380	0.42412630
58381	0.42160505
58382	0.41909215
58383	0.41658762
58384	0.41409150
58385	0.41160369
58386	0.40912431
58387	0.40665317
58388	0.40419033
58389	0.40173572
58390	0.39928934
58391	0.39685103
58392	0.39442083
58393	0.39199862
58394	0.38958430
58395	0.38717785
58396	0.38477916
58397	0.38238811
58398	0.38000464
58399	0.37762862
58400	0.37525994
58401	0.37289840
58402	0.37054402
58403	0.36819643
58404	0.36585560
58405	0.36352137
58406	0.36119354
58407	0.35887182
58408	0.35655603
58409	0.35424590
58410	0.35194117
58411	0.34964153
58412	0.34734657
58413	0.34505600
58414	0.34276929
58415	0.34048614
58416	0.33820590
58417	0.33592799
58418	0.33365184
58419	0.33137676
58420	0.32910186
58421	0.32682642
58422	0.32454944
58423	0.32226983
58424	0.31998649
58425	0.31769803
58426	0.31540307
58427	0.31310004
58428	0.31078711
58429	0.30846241
58430	0.30612373
58431	0.30376869
58432	0.30139485
58433	0.29899886
58434	0.29657784
58435	0.29412815
58436	0.29164571
58437	0.28912619
58438	0.28656456
58439	0.28395525
58440	0.28129235
58441	0.27856863
58442	0.27577668
58443	0.27290767
58444	0.26995191
58445	0.26689836
58446	0.26373464
58447	0.26044634
58448	0.25701761
58449	0.25342977
58450	0.24966180
58451	0.24568941
58452	0.24148414
58453	0.23701367
58454	0.23223951
58455	0.22711658
58456	0.22159231
58457	0.21560292
58458	0.20907323
58459	0.20191199
58460	0.19400777
58461	0.18522435
58462	0.17539167
58463	0.16429567
58464	0.15166464
58465	0.13714413
58466	0.12026875
58467	0.10041050
58468	0.07670330
58469	0.04792076
58470	0.01226154
58471	-0.03302973
58472	-0.09238318
58473	-0.17342055
58474	-0.29043826
58475	-0.47378713
58476	-0.80119288
58477	-1.54932511
58478	-4.96154404
58479	NaN
58480	NaN
58481	NaN
58482	NaN
58483	NaN
58484	NaN
58485	NaN
58486	NaN
58487	NaN
58488	NaN
58489	NaN
58490	NaN
58491	NaN
58492	NaN
58493	NaN
58494	NaN
58495	NaN
58496	NaN
58497	NaN
58498	NaN
58499	NaN
58500	NaN
58501	NaN
58502	NaN
58503	NaN
58504	NaN
58505	NaN
58506	NaN
58507	NaN
58508	NaN
58509	NaN
58510	NaN
58511	NaN
58512	NaN
58513	NaN
58514	NaN
58515	NaN
58516	NaN
58517	NaN
58518	NaN
58519	NaN
58520	NaN
58521	NaN
58522	NaN
58523	NaN
58524	NaN
58525	NaN
58526	NaN
58527	NaN
58528	NaN
58529	NaN
58530	NaN
58531	NaN
58532	NaN
58533	NaN
58534	NaN
58535	NaN
58536	NaN
58537	NaN
58538	NaN
58539	NaN
58540	NaN
58541	7.15320921
58542	2.61256480
58543	1.80653346
58544	1.47078061
58545	1.28697062
58546	1.17117369
58547	1.09165144
58548	1.03374696
58549	0.98975652
58550	0.95524073
58551	0.92746496
58552	0.90465051
58553	0.88559139
58554	0.86943918
58555	0.85558236
58556	0.84356725
58557	0.83305109
58558	0.82376873
58559	0.81551367
58560	0.80812109
58561	0.80145931
58562	0.79542053
58563	0.78991699
58564	0.78487504
58565	0.78023368
58566	0.77594137
58567	0.77195430
58568	0.76823521
58569	0.76475209
58570	0.76147699
58571	0.75838602
58572	0.75545812
58573	0.75267494
58574	0.75002027
58575	0.74747950
58576	0.74504024
58577	0.74269098
58578	0.74042165
58579	0.73822302
58580	0.73608696
58581	0.73400605
58582	0.73197365
58583	0.72998375
58584	0.72803056
58585	0.72610927
58586	0.72421515
58587	0.72234404
58588	0.72049218
58589	0.71865588
58590	0.71683186
58591	0.71501738
58592	0.71320933
58593	0.71140552
58594	0.70960343
58595	0.70780098
58596	0.70599616
58597	0.70418715
58598	0.70237237
58599	0.70055014
58600	0.69871920
58601	0.69687825
58602	0.69502610
58603	0.69316185
58604	0.69128430
58605	0.68939281
58606	0.68748647
58607	0.68556476
58608	0.68362713
58609	0.68167293
58610	0.67970181
58611	0.67771339
58612	0.67570746
58613	0.67368358
58614	0.67164171
58615	0.66958171
58616	0.66750348
58617	0.66540694
58618	0.66329217
58619	0.66115922
58620	0.65900803
58621	0.65683889
58622	0.65465182
58623	0.65244699
58624	0.65022463
58625	0.64798486
58626	0.64572793
58627	0.64345413
58628	0.64116371
58629	0.63885689
58630	0.63653404
58631	0.63419533
58632	0.63184118
58633	0.62947190
58634	0.62708783
58635	0.62468922
58636	0.62227666
58637	0.61985040
58638	0.61741078
58639	0.61495829
58640	0.61249340
58641	0.61001641
58642	0.60752791
58643	0.60502827
58644	0.60251796
58645	0.59999758
58646	0.59746748
58647	0.59492832
58648	0.59238046
58649	0.58982462
58650	0.58726108
58651	0.58469057
58652	0.58211362
58653	0.57953066
58654	0.57694227
58655	0.57434899
58656	0.57175136
58657	0.56914985
58658	0.56654507
58659	0.56393743
58660	0.56132746
58661	0.55871570
58662	0.55610251
58663	0.55348837
58664	0.55087376
58665	0.54825908
58666	0.54564470
58667	0.54303110
58668	0.54041857
58669	0.53780746
58670	0.53519809
58671	0.53259087
58672	0.52998596
58673	0.52738374
58674	0.52478439
58675	0.52218819
58676	0.51959532
58677	0.51700604
58678	0.51442051
58679	0.51183885
58680	0.50926131
58681	0.50668800
58682	0.50411898
58683	0.50155449
58684	0.49899447
58685	0.49643913
58686	0.49388856
58687	0.49134275
58688	0.48880181
58689	0.48626590
58690	0.48373485
58691	0.48120892
58692	0.47868797
58693	0.47617218
58694	0.47366148
58695	0.47115594
58696	0.46865559
58697	0.46616045
58698	0.46367046
58699	0.46118569
58700	0.45870620
58701	0.45623192
58702	0.45376283
58703	0.45129895
58704	0.44884032
58705	0.44638690
58706	0.44393870
58707	0.44149569
58708	0.43905783
58709	0.43662509
58710	0.43419749
58711	0.43177494
58712	0.42935747
58713	0.42694500
58714	0.42453748
58715	0.42213494
58716	0.41973725
58717	0.41734430
58718	0.41495618
58719	0.41257274
58720	0.41019392
58721	0.40781963
58722	0.40544981
58723	0.40308446
58724	0.40072334
58725	0.39836651
58726	0.39601377
58727	0.39366505
58728	0.39132026
58729	0.38897926
58730	0.38664195
58731	0.38430819
58732	0.38197780
58733	0.37965068
58734	0.37732661
58735	0.37500542
58736	0.37268689
58737	0.37037086
58738	0.36805689
58739	0.36574492
58740	0.36343455
58741	0.36112550
58742	0.35881734
58743	0.35650969
58744	0.35420215
58745	0.35189423
58746	0.34958532
58747	0.34727502
58748	0.34496248
58749	0.34264714
58750	0.34032819
58751	0.33800477
58752	0.33567598
58753	0.33334088
58754	0.33099821
58755	0.32864705
58756	0.32628581
58757	0.32391325
58758	0.32152781
58759	0.31912765
58760	0.31671107
58761	0.31427598
58762	0.31182015
58763	0.30934128
58764	0.30683652
58765	0.30430311
58766	0.30173784
58767	0.29913712
58768	0.29649726
58769	0.29381382
58770	0.29108232
58771	0.28829753
58772	0.28545371
58773	0.28254437
58774	0.27956277
58775	0.27650055
58776	0.27334908
58777	0.27009833
58778	0.26673695
58779	0.26325265
58780	0.25963098
58781	0.25585559
58782	0.25190830
58783	0.24776757
58784	0.24340935
58785	0.23880553
58786	0.23392339
58787	0.22872533
58788	0.22316672
58789	0.21719521
58790	0.21074922
58791	0.20375440
58792	0.19612195
58793	0.18774369
58794	0.17848723
58795	0.16818942
58796	0.15664476
58797	0.14359315
58798	0.12870087
58799	0.11152897
58800	0.09149385
58801	0.06779753
58802	0.03932173
58803	0.00445145
58804	-0.03924094
58805	-0.09557566
58806	-0.17092532
58807	-0.27679661
58808	-0.43626675
58809	-0.70345831
58810	-1.24214542
58811	-2.88855886
58812	NaN
58813	NaN
58814	NaN
58815	NaN
58816	NaN
58817	NaN
58818	NaN
58819	NaN
58820	NaN
58821	NaN
58822	NaN
58823	NaN
58824	NaN
58825	NaN
58826	NaN
58827	NaN
58828	NaN
58829	NaN
58830	NaN
58831	NaN
58832	NaN
58833	NaN
58834	NaN
58835	NaN
58836	NaN
58837	NaN
58838	NaN
58839	NaN
58840	NaN
58841	NaN
58842	NaN
58843	NaN
58844	NaN
58845	NaN
58846	NaN
58847	NaN
58848	NaN
58849	NaN
58850	NaN
58851	NaN
58852	NaN
58853	NaN
58854	NaN
58855	NaN
58856	NaN
58857	NaN
58858	NaN
58859	NaN
58860	NaN
58861	NaN
58862	NaN
58863	NaN
58864	NaN
58865	NaN
58866	NaN
58867	NaN
58868	NaN
58869	NaN
58870	NaN
58871	NaN
58872	NaN
58873	NaN
58874	NaN
58875	7.52511787
58876	2.72899318
58877	1.86427391
58878	1.50267506
58879	1.30426216
58880	1.17903173
58881	1.09288239
58882	1.03004551
58883	0.98222589
58884	0.94464087
58885	0.91434193
58886	0.88941109
58887	0.86854696
58888	0.85083479
58889	0.83561397
58890	0.82239479
58891	0.81080675
58892	0.80056441
58893	0.79144365
58894	0.78326690
58895	0.77589142
58896	0.76920080
58897	0.76309967
58898	0.75750852
58899	0.75236130
58900	0.74760211
58901	0.74318349
58902	0.73906505
58903	0.73521191
58904	0.73159403
58905	0.72818494
58906	0.72496200
58907	0.72190529
58908	0.71899694
58909	0.71622133
58910	0.71356457
58911	0.71101433
58912	0.70855969
58913	0.70619041
58914	0.70389771
58915	0.70167351
58916	0.69951040
58917	0.69740188
58918	0.69534183
58919	0.69332463
58920	0.69134539
58921	0.68939936
58922	0.68748242
58923	0.68559051
58924	0.68372011
58925	0.68186796
58926	0.68003082
58927	0.67820603
58928	0.67639083
58929	0.67458290
58930	0.67277986
58931	0.67097968
58932	0.66918045
58933	0.66738039
58934	0.66557777
58935	0.66377103
58936	0.66195881
58937	0.66013986
58938	0.65831280
58939	0.65647662
58940	0.65463024
58941	0.65277284
58942	0.65090346
58943	0.64902133
58944	0.64712572
58945	0.64521605
58946	0.64329159
58947	0.64135206
58948	0.63939679
58949	0.63742542
58950	0.63543761
58951	0.63343310
58952	0.63141149
58953	0.62937260
58954	0.62731630
58955	0.62524229
58956	0.62315059
58957	0.62104094
58958	0.61891341
58959	0.61676788
58960	0.61460447
58961	0.61242300
58962	0.61022365
58963	0.60800654
58964	0.60577166
58965	0.60351920
58966	0.60124922
58967	0.59896207
58968	0.59665781
58969	0.59433675
58970	0.59199911
58971	0.58964521
58972	0.58727533
58973	0.58488977
58974	0.58248901
58975	0.58007336
58976	0.57764322
58977	0.57519907
58978	0.57274127
58979	0.57027042
58980	0.56778687
58981	0.56529117
58982	0.56278390
58983	0.56026554
58984	0.55773664
58985	0.55519766
58986	0.55264926
58987	0.55009192
58988	0.54752624
58989	0.54495269
58990	0.54237193
58991	0.53978431
58992	0.53719050
58993	0.53459096
58994	0.53198618
58995	0.52937675
58996	0.52676302
58997	0.52414536
58998	0.52152455
58999	0.51890069
59000	0.51627433
59001	0.51364577
59002	0.51101547
59003	0.50838375
59004	0.50575095
59005	0.50311732
59006	0.50048316
59007	0.49784878
59008	0.49521443
59009	0.49258029
59010	0.48994663
59011	0.48731360
59012	0.48468143
59013	0.48205024
59014	0.47942021
59015	0.47679150
59016	0.47416422
59017	0.47153845
59018	0.46891436
59019	0.46629199
59020	0.46367148
59021	0.46105292
59022	0.45843637
59023	0.45582193
59024	0.45320964
59025	0.45059961
59026	0.44799185
59027	0.44538650
59028	0.44278362
59029	0.44018322
59030	0.43758541
59031	0.43499026
59032	0.43239778
59033	0.42980808
59034	0.42722118
59035	0.42463714
59036	0.42205605
59037	0.41947794
59038	0.41690290
59039	0.41433090
59040	0.41176206
59041	0.40919641
59042	0.40663394
59043	0.40407473
59044	0.40151879
59045	0.39896616
59046	0.39641690
59047	0.39387092
59048	0.39132831
59049	0.38878909
59050	0.38625327
59051	0.38372079
59052	0.38119164
59053	0.37866586
59054	0.37614343
59055	0.37362432
59056	0.37110850
59057	0.36859596
59058	0.36608660
59059	0.36358047
59060	0.36107749
59061	0.35857752
59062	0.35608065
59063	0.35358673
59064	0.35109568
59065	0.34860742
59066	0.34612185
59067	0.34363884
59068	0.34115836
59069	0.33868015
59070	0.33620414
59071	0.33373007
59072	0.33125785
59073	0.32878721
59074	0.32631788
59075	0.32384953
59076	0.32138196
59077	0.31891468
59078	0.31644741
59079	0.31397969
59080	0.31151092
59081	0.30904064
59082	0.30656809
59083	0.30409262
59084	0.30161354
59085	0.29912987
59086	0.29664060
59087	0.29414472
59088	0.29164094
59089	0.28912801
59090	0.28660426
59091	0.28406817
59092	0.28151786
59093	0.27895126
59094	0.27636614
59095	0.27375999
59096	0.27112991
59097	0.26847297
59098	0.26578552
59099	0.26306388
59100	0.26030365
59101	0.25750008
59102	0.25464797
59103	0.25174129
59104	0.24877332
59105	0.24573687
59106	0.24262328
59107	0.23942347
59108	0.23612666
59109	0.23272078
59110	0.22919227
59111	0.22552571
59112	0.22170322
59113	0.21770513
59114	0.21350721
59115	0.20908320
59116	0.20440176
59117	0.19942617
59118	0.19411415
59119	0.18841523
59120	0.18226962
59121	0.17560664
59122	0.16833979
59123	0.16036582
59124	0.15155663
59125	0.14175448
59126	0.13076195
59127	0.11832816
59128	0.10412945
59129	0.08774358
59130	0.06860300
59131	0.04593650
59132	0.01865924
59133	-0.01479981
59134	-0.05680278
59135	-0.11107653
59136	-0.18386194
59137	-0.28646207
59138	-0.44169718
59139	-0.70353788
59140	-1.23789716
59141	-2.92531705
59142	NaN
59143	NaN
59144	NaN
59145	NaN
59146	NaN
59147	NaN
59148	NaN
59149	NaN
59150	NaN
59151	NaN
59152	NaN
59153	NaN
59154	NaN
59155	NaN
59156	NaN
59157	NaN
59158	NaN
59159	NaN
59160	NaN
59161	NaN
59162	NaN
59163	NaN
59164	NaN
59165	NaN
59166	NaN
59167	NaN
59168	NaN
59169	NaN
59170	NaN
59171	NaN
59172	NaN
59173	NaN
59174	NaN
59175	NaN
59176	NaN
59177	NaN
59178	NaN
59179	NaN
59180	NaN
59181	NaN
59182	NaN
59183	NaN
59184	NaN
59185	NaN
59186	NaN
59187	NaN
59188	NaN
59189	NaN
59190	NaN
59191	NaN
59192	NaN
59193	NaN
59194	NaN
59195	NaN
59196	NaN
59197	NaN
59198	NaN
59199	NaN
59200	NaN
59201	NaN
59202	NaN
59203	NaN
59204	15.49098206
59205	3.12621522
59206	1.98485518
59207	1.55681813
59208	1.33300340
59209	1.19565403
59210	1.10293806
59211	1.03625333
59212	0.98606741
59213	0.94698983
59214	0.91574305
59215	0.89021999
59216	0.86900401
59217	0.85110778
59218	0.83582139
59219	0.82262200
59220	0.81111598
59221	0.80100131
59222	0.79204148
59223	0.78405017
59224	0.77687758
59225	0.77040213
59226	0.76452452
59227	0.75916189
59228	0.75424552
59229	0.74971765
59230	0.74552935
59231	0.74163884
59232	0.73800999
59233	0.73461211
59234	0.73141825
59235	0.72840506
59236	0.72555196
59237	0.72284096
59238	0.72025627
59239	0.71778363
59240	0.71541053
59241	0.71312594
59242	0.71091974
59243	0.70878291
59244	0.70670736
59245	0.70468575
59246	0.70271152
59247	0.70077860
59248	0.69888163
59249	0.69701558
59250	0.69517595
59251	0.69335854
59252	0.69155967
59253	0.68977576
59254	0.68800372
59255	0.68624061
59256	0.68448377
59257	0.68273079
59258	0.68097919
59259	0.67922723
59260	0.67747283
59261	0.67571431
59262	0.67395008
59263	0.67217869
59264	0.67039871
59265	0.66860908
59266	0.66680861
59267	0.66499633
59268	0.66317147
59269	0.66133296
59270	0.65948033
59271	0.65761280
59272	0.65572983
59273	0.65383095
59274	0.65191555
59275	0.64998347
59276	0.64803427
59277	0.64606762
59278	0.64408338
59279	0.64208120
59280	0.64006120
59281	0.63802290
59282	0.63596654
59283	0.63389182
59284	0.63179880
59285	0.62968743
59286	0.62755781
59287	0.62540984
59288	0.62324363
59289	0.62105930
59290	0.61885691
59291	0.61663657
59292	0.61439830
59293	0.61214244
59294	0.60986900
59295	0.60757822
59296	0.60527027
59297	0.60294545
59298	0.60060388
59299	0.59824592
59300	0.59587181
59301	0.59348184
59302	0.59107625
59303	0.58865553
59304	0.58621997
59305	0.58376992
59306	0.58130580
59307	0.57882804
59308	0.57633698
59309	0.57383323
59310	0.57131708
59311	0.56878912
59312	0.56624973
59313	0.56369954
59314	0.56113893
59315	0.55856848
59316	0.55598861
59317	0.55339992
59318	0.55080295
59319	0.54819810
59320	0.54558605
59321	0.54296720
59322	0.54034209
59323	0.53771120
59324	0.53507507
59325	0.53243411
59326	0.52978885
59327	0.52713972
59328	0.52448720
59329	0.52183175
59330	0.51917386
59331	0.51651365
59332	0.51385188
59333	0.51118869
59334	0.50852460
59335	0.50585985
59336	0.50319487
59337	0.50052989
59338	0.49786535
59339	0.49520147
59340	0.49253854
59341	0.48987684
59342	0.48721668
59343	0.48455825
59344	0.48190179
59345	0.47924754
59346	0.47659576
59347	0.47394663
59348	0.47130033
59349	0.46865708
59350	0.46601704
59351	0.46338043
59352	0.46074730
59353	0.45811799
59354	0.45549259
59355	0.45287123
59356	0.45025405
59357	0.44764128
59358	0.44503295
59359	0.44242930
59360	0.43983039
59361	0.43723640
59362	0.43464744
59363	0.43206364
59364	0.42948514
59365	0.42691201
59366	0.42434442
59367	0.42178249
59368	0.41922626
59369	0.41667593
59370	0.41413149
59371	0.41159314
59372	0.40906098
59373	0.40653503
59374	0.40401545
59375	0.40150228
59376	0.39899561
59377	0.39649558
59378	0.39400226
59379	0.39151567
59380	0.38903597
59381	0.38656315
59382	0.38409728
59383	0.38163850
59384	0.37918681
59385	0.37674236
59386	0.37430513
59387	0.37187517
59388	0.36945263
59389	0.36703739
59390	0.36462957
59391	0.36222926
59392	0.35983637
59393	0.35745096
59394	0.35507300
59395	0.35270247
59396	0.35033947
59397	0.34798372
59398	0.34563538
59399	0.34329417
59400	0.34096009
59401	0.33863300
59402	0.33631271
59403	0.33399901
59404	0.33169177
59405	0.32939056
59406	0.32709521
59407	0.32480532
59408	0.32252043
59409	0.32024020
59410	0.31796405
59411	0.31569141
59412	0.31342170
59413	0.31115413
59414	0.30888793
59415	0.30662227
59416	0.30435607
59417	0.30208838
59418	0.29981795
59419	0.29754344
59420	0.29526353
59421	0.29297644
59422	0.29068056
59423	0.28837392
59424	0.28605431
59425	0.28371954
59426	0.28136706
59427	0.27899382
59428	0.27659699
59429	0.27417275
59430	0.27171764
59431	0.26922718
59432	0.26669672
59433	0.26412129
59434	0.26149505
59435	0.25881135
59436	0.25606334
59437	0.25324273
59438	0.25034076
59439	0.24734716
59440	0.24425058
59441	0.24103843
59442	0.23769607
59443	0.23420706
59444	0.23055267
59445	0.22671114
59446	0.22265810
59447	0.21836534
59448	0.21379943
59449	0.20892258
59450	0.20368986
59451	0.19804853
59452	0.19193643
59453	0.18527879
59454	0.17798686
59455	0.16995229
59456	0.16104257
59457	0.15109475
59458	0.13990438
59459	0.12721287
59460	0.11268904
59461	0.09589796
59462	0.07626306
59463	0.05299894
59464	0.02500662
59465	-0.00929517
59466	-0.05227310
59467	-0.10763147
59468	-0.18151166
59469	-0.28490689
59470	-0.43960309
59471	-0.69577527
59472	-1.20053434
59473	-2.65071321
59474	NaN
59475	NaN
59476	NaN
59477	NaN
59478	NaN
59479	NaN
59480	NaN
59481	NaN
59482	NaN
59483	NaN
59484	NaN
59485	NaN
59486	NaN
59487	NaN
59488	NaN
59489	NaN
59490	NaN
59491	NaN
59492	NaN
59493	NaN
59494	NaN
59495	NaN
59496	NaN
59497	NaN
59498	NaN
59499	NaN
59500	NaN
59501	NaN
59502	NaN
59503	NaN
59504	NaN
59505	NaN
59506	NaN
59507	NaN
59508	NaN
59509	NaN
59510	NaN
59511	NaN
59512	NaN
59513	NaN
59514	NaN
59515	NaN
59516	NaN
59517	NaN
59518	NaN
59519	NaN
59520	NaN
59521	NaN
59522	NaN
59523	NaN
59524	NaN
59525	NaN
59526	NaN
59527	NaN
59528	NaN
59529	NaN
59530	NaN
59531	NaN
59532	3.25152946
59533	1.98568308
59534	1.54290450
59535	1.31773973
59536	1.18162060
59537	1.09058642
59538	1.02551925
59539	0.97676635
59540	0.93892646
59541	0.90874350
59542	0.88413543
59543	0.86371040
59544	0.84650135
59545	0.83181655
59546	0.81914747
59547	0.80811167
59548	0.79841632
59549	0.78983343
59550	0.78218299
59551	0.77532065
59552	0.76912922
59553	0.76351261
59554	0.75839180
59555	0.75370085
59556	0.74938375
59557	0.74539351
59558	0.74168998
59559	0.73823875
59560	0.73501009
59561	0.73197812
59562	0.72912019
59563	0.72641671
59564	0.72385049
59565	0.72140586
59566	0.71906936
59567	0.71682882
59568	0.71467334
59569	0.71259332
59570	0.71057987
59571	0.70862520
59572	0.70672220
59573	0.70486420
59574	0.70304543
59575	0.70126057
59576	0.69950444
59577	0.69777280
59578	0.69606131
59579	0.69436634
59580	0.69268417
59581	0.69101173
59582	0.68934572
59583	0.68768376
59584	0.68602300
59585	0.68436104
59586	0.68269569
59587	0.68102503
59588	0.67934686
59589	0.67765969
59590	0.67596167
59591	0.67425126
59592	0.67252702
59593	0.67078769
59594	0.66903204
59595	0.66725880
59596	0.66546714
59597	0.66365588
59598	0.66182417
59599	0.65997136
59600	0.65809661
59601	0.65619922
59602	0.65427881
59603	0.65233457
59604	0.65036619
59605	0.64837337
59606	0.64635563
59607	0.64431274
59608	0.64224452
59609	0.64015073
59610	0.63803130
59611	0.63588613
59612	0.63371527
59613	0.63151878
59614	0.62929666
59615	0.62704903
59616	0.62477607
59617	0.62247801
59618	0.62015510
59619	0.61780769
59620	0.61543602
59621	0.61304051
59622	0.61062163
59623	0.60817981
59624	0.60571551
59625	0.60322934
59626	0.60072178
59627	0.59819347
59628	0.59564507
59629	0.59307730
59630	0.59049076
59631	0.58788627
59632	0.58526456
59633	0.58262646
59634	0.57997268
59635	0.57730424
59636	0.57462174
59637	0.57192624
59638	0.56921846
59639	0.56649947
59640	0.56377006
59641	0.56103110
59642	0.55828357
59643	0.55552816
59644	0.55276591
59645	0.54999763
59646	0.54722416
59647	0.54444635
59648	0.54166508
59649	0.53888100
59650	0.53609496
59651	0.53330761
59652	0.53051984
59653	0.52773219
59654	0.52494526
59655	0.52215987
59656	0.51937652
59657	0.51659566
59658	0.51381803
59659	0.51104397
59660	0.50827402
59661	0.50550854
59662	0.50274801
59663	0.49999282
59664	0.49724329
59665	0.49449968
59666	0.49176237
59667	0.48903158
59668	0.48630756
59669	0.48359054
59670	0.48088071
59671	0.47817823
59672	0.47548327
59673	0.47279587
59674	0.47011632
59675	0.46744457
59676	0.46478081
59677	0.46212509
59678	0.45947742
59679	0.45683798
59680	0.45420668
59681	0.45158362
59682	0.44896877
59683	0.44636223
59684	0.44376394
59685	0.44117397
59686	0.43859228
59687	0.43601888
59688	0.43345374
59689	0.43089691
59690	0.42834827
59691	0.42580780
59692	0.42327559
59693	0.42075148
59694	0.41823548
59695	0.41572753
59696	0.41322756
59697	0.41073555
59698	0.40825137
59699	0.40577507
59700	0.40330645
59701	0.40084553
59702	0.39839211
59703	0.39594623
59704	0.39350766
59705	0.39107639
59706	0.38865229
59707	0.38623521
59708	0.38382515
59709	0.38142186
59710	0.37902528
59711	0.37663531
59712	0.37425169
59713	0.37187442
59714	0.36950332
59715	0.36713821
59716	0.36477897
59717	0.36242542
59718	0.36007741
59719	0.35773480
59720	0.35539737
59721	0.35306498
59722	0.35073739
59723	0.34841442
59724	0.34609586
59725	0.34378144
59726	0.34147090
59727	0.33916405
59728	0.33686048
59729	0.33455992
59730	0.33226207
59731	0.32996649
59732	0.32767287
59733	0.32538062
59734	0.32308930
59735	0.32079852
59736	0.31850749
59737	0.31621566
59738	0.31392241
59739	0.31162676
59740	0.30932799
59741	0.30702516
59742	0.30471715
59743	0.30240303
59744	0.30008140
59745	0.29775089
59746	0.29541013
59747	0.29305729
59748	0.29069087
59749	0.28830865
59750	0.28590846
59751	0.28348801
59752	0.28104454
59753	0.27857527
59754	0.27607688
59755	0.27354592
59756	0.27097860
59757	0.26837045
59758	0.26571673
59759	0.26301232
59760	0.26025110
59761	0.25742686
59762	0.25453219
59763	0.25155896
59764	0.24849829
59765	0.24533992
59766	0.24207246
59767	0.23868325
59768	0.23515739
59769	0.23147894
59770	0.22762901
59771	0.22358614
59772	0.21932624
59773	0.21482104
59774	0.21003805
59775	0.20493999
59776	0.19948229
59777	0.19361413
59778	0.18727456
59779	0.18039128
59780	0.17287828
59781	0.16463131
59782	0.15552314
59783	0.14539886
59784	0.13406362
59785	0.12127477
59786	0.10672148
59787	0.09000123
59788	0.07058416
59789	0.04775627
59790	0.02053232
59791	-0.01248139
59792	-0.05333504
59793	-0.10515758
59794	-0.17298697
59795	-0.26548156
59796	-0.39888310
59797	-0.60765785
59798	-0.98002326
59799	-1.82963145
59800	-5.69083738
59801	NaN
59802	NaN
59803	NaN
59804	NaN
59805	NaN
59806	NaN
59807	NaN
59808	NaN
59809	NaN
59810	NaN
59811	NaN
59812	NaN
59813	NaN
59814	NaN
59815	NaN
59816	NaN
59817	NaN
59818	NaN
59819	NaN
59820	NaN
59821	NaN
59822	NaN
59823	NaN
59824	NaN
59825	NaN
59826	NaN
59827	NaN
59828	NaN
59829	NaN
59830	NaN
59831	NaN
59832	NaN
59833	NaN
59834	NaN
59835	NaN
59836	NaN
59837	NaN
59838	NaN
59839	NaN
59840	NaN
59841	NaN
59842	NaN
59843	NaN
59844	NaN
59845	NaN
59846	NaN
59847	NaN
59848	NaN
59849	NaN
59850	NaN
59851	NaN
59852	NaN
59853	NaN
59854	NaN
59855	NaN
59856	NaN
59857	NaN
59858	NaN
59859	NaN
59860	NaN
59861	4.59448767
59862	2.39851141
59863	1.76904643
59864	1.47091007
59865	1.29721177
59866	1.18362176
59867	1.10362709
59868	1.04430187
59869	0.99859333
59870	0.96232384
59871	0.93286234
59872	0.90847051
59873	0.88795233
59874	0.87045795
59875	0.85536766
59876	0.84221804
59877	0.83065629
59878	0.82040894
59879	0.81126040
59880	0.80303901
59881	0.79560566
59882	0.78884727
59883	0.78267026
59884	0.77699703
59885	0.77176273
59886	0.76691186
59887	0.76239771
59888	0.75818056
59889	0.75422555
59890	0.75050348
59891	0.74698788
59892	0.74365628
59893	0.74048889
59894	0.73746830
59895	0.73457885
59896	0.73180687
59897	0.72914034
59898	0.72656822
59899	0.72408080
59900	0.72166932
59901	0.71932590
59902	0.71704358
59903	0.71481586
59904	0.71263707
59905	0.71050185
59906	0.70840561
59907	0.70634395
59908	0.70431292
59909	0.70230931
59910	0.70032960
59911	0.69837117
59912	0.69643128
59913	0.69450766
59914	0.69259822
59915	0.69070107
59916	0.68881458
59917	0.68693721
59918	0.68506777
59919	0.68320519
59920	0.68134838
59921	0.67949659
59922	0.67764920
59923	0.67580575
59924	0.67396569
59925	0.67212892
59926	0.67029512
59927	0.66846436
59928	0.66663665
59929	0.66481215
59930	0.66299105
59931	0.66117364
59932	0.65936035
59933	0.65755171
59934	0.65574813
59935	0.65395021
59936	0.65215856
59937	0.65037394
59938	0.64859694
59939	0.64682847
59940	0.64506924
59941	0.64331996
59942	0.64158159
59943	0.63985509
59944	0.63814116
59945	0.63644063
59946	0.63475466
59947	0.63308388
59948	0.63142943
59949	0.62979209
59950	0.62817281
59951	0.62657249
59952	0.62499207
59953	0.62343246
59954	0.62189448
59955	0.62037897
59956	0.61888701
59957	0.61741924
59958	0.61597657
59959	0.61455983
59960	0.61316979
59961	0.61180723
59962	0.61047286
59963	0.60916740
59964	0.60789150
59965	0.60664582
59966	0.60543084
59967	0.60424709
59968	0.60309505
59969	0.60197514
59970	0.60088766
59971	0.59983277
59972	0.59881073
59973	0.59782159
59974	0.59686530
59975	0.59594166
59976	0.59505045
59977	0.59419143
59978	0.59336406
59979	0.59256762
59980	0.59180135
59981	0.59106457
59982	0.59035593
59983	0.58967435
59984	0.58901852
59985	0.58838671
59986	0.58777732
59987	0.58718824
59988	0.58661753
59989	0.58606273
59990	0.58552140
59991	0.58499062
59992	0.58446759
59993	0.58394903
59994	0.58343154
59995	0.58291143
59996	0.58238482
59997	0.58184755
59998	0.58129525
59999	0.58072317
60000	0.58012658