	C:\Users\jkuzm\OneDrive - University of Massachusetts\HRSL x UMILL-PUMA Fatigue - Fatigue\Data\F01\FR3_Metabolic2.c3d
	LCAL2
	TARGET
	ORIGINAL
ITEM	X
1	0.22786847
2	0.22561792
3	0.22325370
4	0.22103432
5	0.21881697
6	0.21783376
7	0.21733223
8	0.21741436
9	0.21763074
10	0.21787630
11	0.21812832
12	0.21819670
13	0.21817914
14	0.21802960
15	0.21783364
16	0.21752574
17	0.21641022
18	0.21629158
19	0.21605349
20	0.21597534
21	0.21592656
22	0.21618138
23	0.21692631
24	0.21759893
25	0.21848463
26	0.21953540
27	0.22063020
28	0.22175333
29	0.22278704
30	0.22356677
31	0.22398838
32	0.22388381
33	0.22322795
34	0.22199471
35	0.22031032
36	0.21821703
37	0.21575767
38	0.21293816
39	0.20999949
40	0.20699644
41	0.20407316
42	0.20165443
43	0.19731441
44	0.19456783
45	0.19178551
46	0.18933626
47	0.18767352
48	0.18557547
49	0.18445335
50	0.18289781
51	0.18174998
52	0.18080512
53	0.18025121
54	0.17985129
55	0.17996605
56	0.18021175
57	0.18092161
58	0.18288034
59	0.18384503
60	0.18572919
61	0.18737084
62	0.19047013
63	0.19023778
64	0.19988798
65	0.20122415
66	0.20561564
67	0.21262710
68	0.21734719
69	0.22071610
70	0.22532345
71	0.22978184
72	0.23406999
73	0.23801823
74	0.24186862
75	0.24550378
76	0.24955595
77	0.25381458
78	0.25814870
79	0.26224825
80	0.26588976
81	0.26881114
82	0.27089930
83	0.27223217
84	0.27280140
85	0.27293310
86	0.27280042
87	0.27271643
88	0.27295491
89	0.27351749
90	0.27511969
91	0.27684021
92	0.27900851
93	0.27969742
94	0.28050986
95	0.28204176
96	0.28432640
97	0.28647834
98	0.28853846
99	0.28944260
100	0.28982449
101	0.28987435
102	0.29063016
103	0.28955814
104	0.28893429
105	0.28829774
106	0.28773808
107	0.28734261
108	0.28713331
109	0.28674808
110	0.28667539
111	0.28650224
112	0.28631803
113	0.28556579
114	0.28597966
115	0.28572631
116	0.28547779
117	0.28495213
118	0.28431612
119	0.28365767
120	0.28290677
121	0.28209054
122	0.28087616
123	0.27973765
124	0.27852958
125	0.27724403
126	0.27585626
127	0.27434611
128	0.27270117
129	0.27094042
130	0.26886165
131	0.26660845
132	0.26423377
133	0.26174742
134	0.25944436
135	0.25738707
136	0.25577897
137	0.25474325
138	0.25423878
139	0.25402087
140	0.25374800
141	0.25349879
142	0.25312588
143	0.25263456
144	0.25204960
145	0.25134584
146	0.25056514
147	0.24865709
148	0.24814279
149	0.24720770
150	0.24639921
151	0.24563044
152	0.24524349
153	0.24515736
154	0.24564420
155	0.24621414
156	0.24706863
157	0.24806792
158	0.24910340
159	0.25016272
160	0.25095800
161	0.25132975
162	0.25116149
163	0.25039274
164	0.24910390
165	0.24728665
166	0.24509688
167	0.24261333
168	0.23977856
169	0.23689741
170	0.23389724
171	0.23103487
172	0.22841762
173	0.22552688
174	0.22181189
175	0.21931410
176	0.21679342
177	0.21455278
178	0.21301034
179	0.21193470
180	0.21030399
181	0.20917171
182	0.20796789
183	0.20719458
184	0.20648104
185	0.20625125
186	0.20613590
187	0.20641428
188	0.20821878
189	0.20996715
190	0.21049076
191	0.21208957
192	0.21511288
193	0.21821427
194	0.22175556
195	0.22536069
196	0.22942957
197	0.23368979
198	0.23999041
199	0.24441805
200	0.24754059
201	0.25153822
202	0.25521466
203	0.25858912
204	0.26152122
205	0.26467073
206	0.26790550
207	0.27124295
208	0.27456516
209	0.27764994
210	0.28020781
211	0.28211150
212	0.28327253
213	0.28367436
214	0.28342801
215	0.28273699
216	0.28191847
217	0.28119135
218	0.28079322
219	0.28081805
220	0.28194541
221	0.28332117
222	0.28513888
223	0.28581509
224	0.28597102
225	0.28722131
226	0.28911263
227	0.29125103
228	0.29296532
229	0.29399407
230	0.29442695
231	0.29466185
232	0.29504168
233	0.29435548
234	0.29388237
235	0.29334891
236	0.29281604
237	0.29245833
238	0.29231194
239	0.29201663
240	0.29200131
241	0.29200712
242	0.29193527
243	0.29132840
244	0.29141361
245	0.29148957
246	0.29129919
247	0.29082829
248	0.29030064
249	0.28972027
250	0.28904301
251	0.28823271
252	0.28713670
253	0.28608450
254	0.28489617
255	0.28364199
256	0.28226516
257	0.28084335
258	0.27927941
259	0.27760416
260	0.27582678
261	0.27380481
262	0.27152824
263	0.26915485
264	0.26673359
265	0.26437286
266	0.26232493
267	0.26076844
268	0.25987664
269	0.25950947
270	0.25927702
271	0.25911671
272	0.25897402
273	0.25870511
274	0.25838536
275	0.25794840
276	0.25743186
277	0.25585574
278	0.25553077
279	0.25491458
280	0.25445113
281	0.25391811
282	0.25380993
283	0.25398937
284	0.25468591
285	0.25539145
286	0.25633630
287	0.25745633
288	0.25865430
289	0.25980240
290	0.26085266
291	0.26155466
292	0.26191202
293	0.26180479
294	0.26117367
295	0.26013085
296	0.25868535
297	0.25686499
298	0.25472799
299	0.25253844
300	0.25023964
301	0.24796106
302	0.24579175
303	0.24384513
304	0.24164382
305	0.23860061
306	0.23672831
307	0.23512025
308	0.23354635
309	0.23207670
310	0.23159851
311	0.23083313
312	0.22994307
313	0.22934462
314	0.22904365
315	0.22905062
316	0.22945325
317	0.23018229
318	0.23199627
319	0.23292917
320	0.23442246
321	0.23856248
322	0.23894221
323	0.24178444
324	0.24425614
325	0.24509321
326	0.25226435
327	0.25619239
328	0.26029998
329	0.26479822
330	0.26845685
331	0.27308503
332	0.27725506
333	0.28093988
334	0.28431472
335	0.28753620
336	0.29057434
337	0.29402429
338	0.29765877
339	0.30133587
340	0.30485582
341	0.30787104
342	0.31034002
343	0.31196809
344	0.31288815
345	0.31323838
346	0.31326666
347	0.31319314
348	0.31329447
349	0.31361872
350	0.31450734
351	0.31612578
352	0.31799614
353	0.31963092
354	0.31954142
355	0.32131571
356	0.32403019
357	0.32641256
358	0.32885459
359	0.33052957
360	0.33223933
361	0.33238223
362	0.33232668
363	0.33199602
364	0.33152279
365	0.33102366
366	0.33051422
367	0.33020937
368	0.33023542
369	0.33058718
370	0.33008760
371	0.33003819
372	0.32988706
373	0.32902619
374	0.32862312
375	0.32908854
376	0.32867929
377	0.32833177
378	0.32782465
379	0.32724825
380	0.32670683
381	0.32607540
382	0.32515305
383	0.32421130
384	0.32327214
385	0.32208890
386	0.32092807
387	0.31962177
388	0.31826797
389	0.31681302
390	0.31531462
391	0.31354278
392	0.31145886
393	0.30914158
394	0.30664286
395	0.30420569
396	0.30202460
397	0.30037573
398	0.29945856
399	0.29908070
400	0.29893425
401	0.29868752
402	0.29841638
403	0.29789606
404	0.29710037
405	0.29612058
406	0.29493025
407	0.29368880
408	0.29146850
409	0.29036066
410	0.28905618
411	0.28790984
412	0.28681257
413	0.28601536
414	0.28564763
415	0.28548276
416	0.28560311
417	0.28599492
418	0.28664818
419	0.28740367
420	0.28820854
421	0.28902987
422	0.28951341
423	0.28975135
424	0.28940982
425	0.28859702
426	0.28721279
427	0.28541091
428	0.28324613
429	0.28084791
430	0.27820230
431	0.27541298
432	0.27275392
433	0.26995608
434	0.26722896
435	0.26471671
436	0.26184815
437	0.25927600
438	0.25591978
439	0.25363448
440	0.25108746
441	0.24973647
442	0.24778251
443	0.24604963
444	0.24459881
445	0.24347284
446	0.24268171
447	0.24216789
448	0.24194749
449	0.24177626
450	0.24331634
451	0.24360311
452	0.24514399
453	0.24808982
454	0.25004050
455	0.24624798
456	0.24859507
457	0.25110897
458	0.25702024
459	0.25989071
460	0.26269031
461	0.26593620
462	0.26906654
463	0.27158159
464	0.27389103
465	0.27601823
466	0.27786714
467	0.28017676
468	0.28280562
469	0.28569421
470	0.28870597
471	0.29160920
472	0.29420745
473	0.29627261
474	0.29770830
475	0.29847524
476	0.29872328
477	0.29866478
478	0.29858494
479	0.29878452
480	0.29931602
481	0.30023319
482	0.30140239
483	0.30295187
484	0.30437899
485	0.30614597
486	0.30672005
487	0.30676135
488	0.30855083
489	0.31098601
490	0.31313455
491	0.31483558
492	0.31594893
493	0.31736842
494	0.31742927
495	0.31748852
496	0.31729585
497	0.31687343
498	0.31629956
499	0.31581035
500	0.31557414
501	0.31591877
502	0.31527829
503	0.31533054
504	0.31529570
505	0.31515294
506	0.31442133
507	0.31466410
508	0.31466049
509	0.31441921
510	0.31392652
511	0.31331745
512	0.31268755
513	0.31194514
514	0.31106985
515	0.31009325
516	0.30876005
517	0.30756906
518	0.30632287
519	0.30494887
520	0.30357149
521	0.30201596
522	0.30039343
523	0.29852867
524	0.29645193
525	0.29418737
526	0.29176119
527	0.28930244
528	0.28706798
529	0.28519490
530	0.28384390
531	0.28305596
532	0.28250524
533	0.28179175
534	0.28109166
535	0.28030029
536	0.27930388
537	0.27825284
538	0.27711004
539	0.27603725
540	0.27465621
541	0.27307460
542	0.27198726
543	0.27102947
544	0.27004826
545	0.26938325
546	0.26894659
547	0.26896980
548	0.26908529
549	0.26944485
550	0.27000147
551	0.27072740
552	0.27151492
553	0.27229401
554	0.27278209
555	0.27295196
556	0.27263445
557	0.27179205
558	0.27032062
559	0.26850900
560	0.26625603
561	0.26371482
562	0.26098314
563	0.25810745
564	0.25524589
565	0.25247613
566	0.24982037
567	0.24728599
568	0.24512137
569	0.24228205
570	0.23878354
571	0.23652710
572	0.23460418
573	0.23270535
574	0.23180728
575	0.23059246
576	0.22922362
577	0.22812581
578	0.22731598
579	0.22677381
580	0.22653139
581	0.22683293
582	0.22745465
583	0.22875381
584	0.22836229
585	0.23238030
586	0.23468165
587	0.23388620
588	0.23618762
589	0.23878461
590	0.24172065
591	0.24476400
592	0.24800052
593	0.25152096
594	0.25498500
595	0.25813028
596	0.26090160
597	0.26349533
598	0.26591638
599	0.26842439
600	0.27044952
601	0.27326021
602	0.27812016
603	0.28058404
604	0.28333706
605	0.28561872
606	0.28716218
607	0.28799829
608	0.28820029
609	0.28810760
610	0.28784433
611	0.28773007
612	0.28788215
613	0.28831321
614	0.28913930
615	0.29067895
616	0.29218927
617	0.29372552
618	0.29394677
619	0.29444692
620	0.29655266
621	0.29870236
622	0.30079195
623	0.30185166
624	0.30258176
625	0.30416936
626	0.30399913
627	0.30392963
628	0.30364597
629	0.30316445
630	0.30271247
631	0.30230644
632	0.30218613
633	0.30175790
634	0.30171639
635	0.30167595
636	0.30151528
637	0.30076623
638	0.30053329
639	0.30076650
640	0.30044442
641	0.30004063
642	0.29939422
643	0.29878604
644	0.29802483
645	0.29720613
646	0.29614469
647	0.29513887
648	0.29398072
649	0.29280820
650	0.29155788
651	0.29024199
652	0.28884417
653	0.28736025
654	0.28572452
655	0.28395200
656	0.28210956
657	0.28032330
658	0.27868822
659	0.27722803
660	0.27624333
661	0.27567053
662	0.27558586
663	0.27586341
664	0.27607965
665	0.27606979
666	0.27587757
667	0.27539474
668	0.27469769
669	0.27374539
670	0.27257061
671	0.27109188
672	0.26917428
673	0.26775423
674	0.26633304
675	0.26509139
676	0.26388580
677	0.26311356
678	0.26261616
679	0.26240563
680	0.26281887
681	0.26325879
682	0.26392859
683	0.26463762
684	0.26536036
685	0.26578373
686	0.26579690
687	0.26541510
688	0.26459494
689	0.26334479
690	0.26175538
691	0.25992936
692	0.25771782
693	0.25544342
694	0.25313261
695	0.25089946
696	0.24879675
697	0.24686716
698	0.24503368
699	0.24200520
700	0.24068280
701	0.23911086
702	0.23793620
703	0.23714149
704	0.23703346
705	0.23679784
706	0.23639233
707	0.23619916
708	0.23620440
709	0.23641896
710	0.23683348
711	0.23759186
712	0.23960741
713	0.24104550
714	0.24160683
715	0.24623458
716	0.24852008
717	0.24895234
718	0.25144467
719	0.25486404
720	0.25807741
721	0.26142392
722	0.26479438
723	0.26805988
724	0.27108625
725	0.27406555
726	0.27755296
727	0.27991375
728	0.28202835
729	0.28383076
730	0.28594095
731	0.28819540
732	0.29047227
733	0.29261270
734	0.29442638
735	0.29571748
736	0.29638961
737	0.29640856
738	0.29578638
739	0.29473624
740	0.29351676
741	0.29230279
742	0.29131585
743	0.29077658
744	0.29152885
745	0.29256144
746	0.29403380
747	0.29447213
748	0.29477784
749	0.29616952
750	0.29844701
751	0.30057755
752	0.30237985
753	0.30344418
754	0.30384442
755	0.30458906
756	0.30441129
757	0.30413932
758	0.30384919
759	0.30338791
760	0.30282637
761	0.30242720
762	0.30213919
763	0.30230355
764	0.30156484
765	0.30151340
766	0.30150479
767	0.30085623
768	0.30057955
769	0.30108532
770	0.30089304
771	0.30049053
772	0.29984263
773	0.29922518
774	0.29846531
775	0.29756942
776	0.29659387
777	0.29526106
778	0.29404095
779	0.29276231
780	0.29135129
781	0.28992787
782	0.28843650
783	0.28685957
784	0.28516829
785	0.28316739
786	0.28097761
787	0.27856094
788	0.27607965
789	0.27359426
790	0.27140459
791	0.26976243
792	0.26888570
793	0.26839370
794	0.26785916
795	0.26731494
796	0.26659450
797	0.26554325
798	0.26433834
799	0.26292005
800	0.26154152
801	0.25901085
802	0.25816715
803	0.25713333
804	0.25629690
805	0.25575620
806	0.25541222
807	0.25551489
808	0.25617945
809	0.25689235
810	0.25779718
811	0.25886765
812	0.25996399
813	0.26085937
814	0.26161990
815	0.26199982
816	0.26187056
817	0.26121038
818	0.25987655
819	0.25807613
820	0.25571737
821	0.25314471
822	0.25028500
823	0.24706344
824	0.24377376
825	0.24043189
826	0.23709172
827	0.23432016
828	0.23073213
829	0.22761551
830	0.22458231
831	0.22054592
832	0.21759136
833	0.21535952
834	0.21299240
835	0.21163964
836	0.20985726
837	0.20858814
838	0.20732173
839	0.20657991
840	0.20620827
841	0.20626420
842	0.20662484
843	0.20777310
844	0.20992485
845	0.21095930
846	0.21231693
847	0.21756947
848	0.21793571
849	0.22085322
850	0.22062552
851	0.22400281
852	0.22774202
853	0.23516844
854	0.23959002
855	0.24460807
856	0.24815434
857	0.25210047
858	0.25587350
859	0.25945559
860	0.26296234
861	0.26629558
862	0.27010778
863	0.27423346
864	0.27849850
865	0.28267232
866	0.28647420
867	0.28957117
868	0.29181647
869	0.29318842
870	0.29373276
871	0.29374948
872	0.29351285
873	0.29325759
874	0.29314139
875	0.29361621
876	0.29498479
877	0.29669914
878	0.29830360
879	0.29846486
880	0.30002394
881	0.30157834
882	0.30428147
883	0.30672729
884	0.30835441
885	0.30933747
886	0.31001502
887	0.31012520
888	0.30994383
889	0.30948725
890	0.30883947
891	0.30830422
892	0.30807734
893	0.30807728
894	0.30827510
895	0.30777305
896	0.30762747
897	0.30742857
898	0.30706671
899	0.30626661
900	0.30663726
901	0.30642775
902	0.30607587
903	0.30562279
904	0.30504122
905	0.30439696
906	0.30367935
907	0.30284011
908	0.30166355
909	0.30052504
910	0.29936203
911	0.29802671
912	0.29661953
913	0.29502922
914	0.29326841
915	0.29136720
916	0.28909704
917	0.28651917
918	0.28355145
919	0.28034034
920	0.27694970
921	0.27382559
922	0.27130544
923	0.26958624
924	0.26816201
925	0.26677269
926	0.26540396
927	0.26388511
928	0.26210824
929	0.26023930
930	0.25806981
931	0.25629455
932	0.25350729
933	0.25256860
934	0.25131744
935	0.25035623
936	0.24976902
937	0.24939491
938	0.24950838
939	0.24997069
940	0.25108525
941	0.25225338
942	0.25373700
943	0.25539988
944	0.25705945
945	0.25866878
946	0.26004440
947	0.26108387
948	0.26160896
949	0.26159272
950	0.26095188
951	0.25972730
952	0.25813547
953	0.25617155
954	0.25383314
955	0.25129062
956	0.24870302
957	0.24610049
958	0.24363871
959	0.24168119
960	0.23894812
961	0.23687197
962	0.23490405
963	0.23229046
964	0.23058769
965	0.22906458
966	0.22775957
967	0.22745426
968	0.22660947
969	0.22621718
970	0.22594769
971	0.22597420
972	0.22624965
973	0.22700031
974	0.22777183
975	0.22949244
976	0.23113613
977	0.23408747
978	0.23492983
979	0.23791988
980	0.24086107
981	0.24411505
982	0.24760014
983	0.25091094
984	0.25417954
985	0.25730988
986	0.26111999
987	0.26312184
988	0.26499265
989	0.26636398
990	0.26730570
991	0.26762033
992	0.26815119
993	0.26865411
994	0.26913822
995	0.26958737
996	0.26988012
997	0.26982105
998	0.26936841
999	0.26845619
1000	0.26713765
1001	0.26549190
1002	0.26368234
1003	0.26179525
1004	0.26004055
1005	0.25857744
1006	0.25818047
1007	0.25886837
1008	0.26021034
1009	0.26110026
1010	0.26121563
1011	0.26268163
1012	0.26448864
1013	0.26632401
1014	0.26772270
1015	0.26849788
1016	0.26889044
1017	0.26923156
1018	0.26956302
1019	0.26975101
1020	0.26980299
1021	0.26975313
1022	0.26970699
1023	0.26957577
1024	0.26911217
1025	0.26905501
1026	0.26902559
1027	0.26900420
1028	0.26891682
1029	0.26812974
1030	0.26830068
1031	0.26810816
1032	0.26758945
1033	0.26715270
1034	0.26680580
1035	0.26621076
1036	0.26563838
1037	0.26497036
1038	0.26408529
1039	0.26322454
1040	0.26230901
1041	0.26128539
1042	0.26016665
1043	0.25898340
1044	0.25782081
1045	0.25652727
1046	0.25521168
1047	0.25379714
1048	0.25242075
1049	0.25120321
1050	0.25025457
1051	0.24953248
1052	0.24927977
1053	0.24944951
1054	0.25011632
1055	0.25104740
1056	0.25188637
1057	0.25212669
1058	0.25187883
1059	0.25121143
1060	0.25009337
1061	0.24863808
1062	0.24720459
1063	0.24538152
1064	0.24340101
1065	0.24201216
1066	0.24070327
1067	0.23966251
1068	0.23885916
1069	0.23836663
1070	0.23830962
1071	0.23864317
1072	0.23929454
1073	0.24025577
1074	0.24146287
1075	0.24282646
1076	0.24417737
1077	0.24546325
1078	0.24656218
1079	0.24715668
1080	0.24731168
1081	0.24668303
1082	0.24549942
1083	0.24374425
1084	0.24155670
1085	0.23905559
1086	0.23625667
1087	0.23350058
1088	0.23060876
1089	0.22771613
1090	0.22500491
1091	0.22247706
1092	0.22045100
1093	0.21756327
1094	0.21532463
1095	0.21319330
1096	0.21121952
1097	0.20944750
1098	0.20707317
1099	0.20591767
1100	0.20472242
1101	0.20394047
1102	0.20348072
1103	0.20423752
1104	0.20457089
1105	0.20500946
1106	0.20705257
1107	0.20778498
1108	0.20896587
1109	0.21365039
1110	0.21616140
1111	0.21580979
1112	0.21969880
1113	0.22300266
1114	0.22656041
1115	0.23033538
1116	0.23618329
1117	0.23930791
1118	0.24258368
1119	0.24615602
1120	0.24938266
1121	0.25194547
1122	0.25455663
1123	0.25699914
1124	0.25935307
1125	0.26168424
1126	0.26396155
1127	0.26610568
1128	0.26787803
1129	0.26935175
1130	0.27000555
1131	0.26982674
1132	0.26924765
1133	0.26825520
1134	0.26711479
1135	0.26592115
1136	0.26479334
1137	0.26376897
1138	0.26391584
1139	0.26431388
1140	0.26532686
1141	0.26571569
1142	0.26602542
1143	0.26744053
1144	0.26958403
1145	0.27111596
1146	0.27278879
1147	0.27381533
1148	0.27433759
1149	0.27472395
1150	0.27487904
1151	0.27483356
1152	0.27511832
1153	0.27465725
1154	0.27409750
1155	0.27370200
1156	0.27332386
1157	0.27272838
1158	0.27245507
1159	0.27219087
1160	0.27138281
1161	0.27109200
1162	0.27131706
1163	0.27086678
1164	0.27051264
1165	0.26994166
1166	0.26931024
1167	0.26854554
1168	0.26802129
1169	0.26699862
1170	0.26562911
1171	0.26446965
1172	0.26309091
1173	0.26161394
1174	0.26004499
1175	0.25838831
1176	0.25662047
1177	0.25479341
1178	0.25260115
1179	0.25024229
1180	0.24771497
1181	0.24500984
1182	0.24228145
1183	0.23968931
1184	0.23752436
1185	0.23585954
1186	0.23467888
1187	0.23345114
1188	0.23196922
1189	0.23032036
1190	0.22838964
1191	0.22629109
1192	0.22407839
1193	0.22185677
1194	0.21940088
1195	0.21669306
1196	0.21486761
1197	0.21317503
1198	0.21179815
1199	0.21088485
1200	0.21034922
1201	0.21032116
1202	0.21074930
1203	0.21163239
1204	0.21283805
1205	0.21424599
1206	0.21572648
1207	0.21721183
1208	0.21847402
1209	0.21918742
1210	0.21941915
1211	0.21893325
1212	0.21772502
1213	0.21595304
1214	0.21368083
1215	0.21098556
1216	0.20793414
1217	0.20463537
1218	0.20129120
1219	0.19798860
1220	0.19495027
1221	0.19182380
1222	0.18890330
1223	0.18615694
1224	0.18341416
1225	0.18112795
1226	0.17895648
1227	0.17611383
1228	0.17435835
1229	0.17323855
1230	0.17216025
1231	0.17224947
1232	0.17193203
1233	0.17188573
1234	0.17221360
1235	0.17338188
1236	0.17511329
1237	0.17661987
1238	0.17895399
1239	0.18364532
1240	0.18459734
1241	0.18804553
1242	0.19175567
1243	0.19562076
1244	0.19993165
1245	0.20646811
1246	0.21117000
1247	0.21492735
1248	0.21908608
1249	0.22351861
1250	0.22766124
1251	0.23161179
1252	0.23524047
1253	0.23845519
1254	0.24196936
1255	0.24551381
1256	0.24909131
1257	0.25252429
1258	0.25559592
1259	0.25812536
1260	0.25993168
1261	0.26089308
1262	0.26101309
1263	0.26038757
1264	0.25921336
1265	0.25782344
1266	0.25649184
1267	0.25531986
1268	0.25439122
1269	0.25447643
1270	0.25515476
1271	0.25628132
1272	0.25671715
1273	0.25652909
1274	0.25797021
1275	0.25987878
1276	0.26191193
1277	0.26384118
1278	0.26516941
1279	0.26573825
1280	0.26620230
1281	0.26644197
1282	0.26643115
1283	0.26625273
1284	0.26607111
1285	0.26551431
1286	0.26523212
1287	0.26500627
1288	0.26459438
1289	0.26448220
1290	0.26442817
1291	0.26394248
1292	0.26378420
1293	0.26410082
1294	0.26421604
1295	0.26404452
1296	0.26367965
1297	0.26323164
1298	0.26273957
1299	0.26215339
1300	0.26145220
1301	0.26039338
1302	0.25947696
1303	0.25850359
1304	0.25745261
1305	0.25625804
1306	0.25505427
1307	0.25367126
1308	0.25226125
1309	0.25060642
1310	0.24876018
1311	0.24680156
1312	0.24471694
1313	0.24268094
1314	0.24088877
1315	0.23941770
1316	0.23842479
1317	0.23780504
1318	0.23723756
1319	0.23627031
1320	0.23517220
1321	0.23386621
1322	0.23232566
1323	0.23073335
1324	0.22891593
1325	0.22729433
1326	0.22519676
1327	0.22382689
1328	0.22269250
1329	0.22183490
1330	0.22131266
1331	0.22114484
1332	0.22140127
1333	0.22202949
1334	0.22306599
1335	0.22438826
1336	0.22589459
1337	0.22760679
1338	0.22921011
1339	0.23072805
1340	0.23183280
1341	0.23234375
1342	0.23222870
1343	0.23158307
1344	0.23041371
1345	0.22872001
1346	0.22661988
1347	0.22422615
1348	0.22165680
1349	0.21906497
1350	0.21685103
1351	0.21419454
1352	0.21194817
1353	0.20980681
1354	0.20777494
1355	0.20576194
1356	0.20395671
1357	0.20177260
1358	0.20041662
1359	0.19913249
1360	0.19850716
1361	0.19781050
1362	0.19743103
1363	0.19830926
1364	0.19864607
1365	0.19938385
1366	0.20050350
1367	0.20344087
1368	0.20454964
1369	0.20628330
1370	0.20807236
1371	0.21102954
1372	0.21020839
1373	0.21355890
1374	0.22066921
1375	0.22443689
1376	0.22823073
1377	0.23227160
1378	0.23782139
1379	0.24158069
1380	0.24506776
1381	0.24883741
1382	0.25223514
1383	0.25500146
1384	0.25777605
1385	0.26041576
1386	0.26310897
1387	0.26600584
1388	0.26902437
1389	0.27198792
1390	0.27461627
1391	0.27673599
1392	0.27811944
1393	0.27876160
1394	0.27869719
1395	0.27824420
1396	0.27750614
1397	0.27676064
1398	0.27615044
1399	0.27667522
1400	0.27766448
1401	0.27925920
1402	0.28013551
1403	0.28065696
1404	0.28237429
1405	0.28410381
1406	0.28623310
1407	0.28767747
1408	0.28880706
1409	0.28960404
1410	0.28990260
1411	0.28998613
1412	0.29004717
1413	0.28950951
1414	0.28894717
1415	0.28840402
1416	0.28799772
1417	0.28780332
1418	0.28771189
1419	0.28729740
1420	0.28720412
1421	0.28713337
1422	0.28642160
1423	0.28600585
1424	0.28614447
1425	0.28597885
1426	0.28573981
1427	0.28518027
1428	0.28452608
1429	0.28377607
1430	0.28296766
1431	0.28207818
1432	0.28088310
1433	0.27982354
1434	0.27868956
1435	0.27744779
1436	0.27614227
1437	0.27476686
1438	0.27325478
1439	0.27160078
1440	0.26972416
1441	0.26768595
1442	0.26546308
1443	0.26320937
1444	0.26113099
1445	0.25942224
1446	0.25827634
1447	0.25771856
1448	0.25757214
1449	0.25722283
1450	0.25684294
1451	0.25626305
1452	0.25536156
1453	0.25444707
1454	0.25359955
1455	0.25262955
1456	0.25144953
1457	0.24982977
1458	0.24921831
1459	0.24855062
1460	0.24812812
1461	0.24797079
1462	0.24799368
1463	0.24832663
1464	0.24892159
1465	0.24980938
1466	0.25089103
1467	0.25212440
1468	0.25346839
1469	0.25475210
1470	0.25574833
1471	0.25630400
1472	0.25624669
1473	0.25549191
1474	0.25406542
1475	0.25202721
1476	0.24969400
1477	0.24698795
1478	0.24415083
1479	0.24137148
1480	0.23835596
1481	0.23533961
1482	0.23252289
1483	0.23019560
1484	0.22722566
1485	0.22478858
1486	0.22136681
1487	0.21922347
1488	0.21756378
1489	0.21592830
1490	0.21428728
1491	0.21371740
1492	0.21265255
1493	0.21202695
1494	0.21158186
1495	0.21142055
1496	0.21156441
1497	0.21203800
1498	0.21306214
1499	0.21502779
1500	0.21662392
1501	0.21730174
1502	0.22165029
1503	0.22164564
1504	0.22043099
1505	0.22722559
1506	0.22676128
1507	0.23030356
1508	0.23759237
1509	0.24151579
1510	0.24553505
1511	0.25064516
1512	0.25394833
1513	0.25761116
1514	0.26097268
1515	0.26416814
1516	0.26721084
1517	0.27018419
1518	0.27352253
1519	0.27688840
1520	0.28018475
1521	0.28302169
1522	0.28520569
1523	0.28659254
1524	0.28709248
1525	0.28683573
1526	0.28607377
1527	0.28511283
1528	0.28420460
1529	0.28363201
1530	0.28344315
1531	0.28441936
1532	0.28555202
1533	0.28717986
1534	0.28777021
1535	0.28825429
1536	0.28959346
1537	0.29161802
1538	0.29395446
1539	0.29577380
1540	0.29646409
1541	0.29732603
1542	0.29760745
1543	0.29806599
1544	0.29741156
1545	0.29700056
1546	0.29651895
1547	0.29601905
1548	0.29574886
1549	0.29569772
1550	0.29552829
1551	0.29551730
1552	0.29558855
1553	0.29501027
1554	0.29491639
1555	0.29482228
1556	0.29506525
1557	0.29476452
1558	0.29420295
1559	0.29356825
1560	0.29283050
1561	0.29207194
1562	0.29113463
1563	0.28986624
1564	0.28867155
1565	0.28732115
1566	0.28585434
1567	0.28429732
1568	0.28265706
1569	0.28092325
1570	0.27904895
1571	0.27710140
1572	0.27483040
1573	0.27228674
1574	0.26949763
1575	0.26652044
1576	0.26355243
1577	0.26084080
1578	0.25871998
1579	0.25732777
1580	0.25653121
1581	0.25602847
1582	0.25564787
1583	0.25533468
1584	0.25492832
1585	0.25444946
1586	0.25388867
1587	0.25332320
1588	0.25247106
1589	0.25120324
1590	0.25071311
1591	0.25011504
1592	0.24969876
1593	0.24944945
1594	0.24939425
1595	0.24952833
1596	0.24986319
1597	0.25039324
1598	0.25110692
1599	0.25187340
1600	0.25266102
1601	0.25328070
1602	0.25370687
1603	0.25366133
1604	0.25308567
1605	0.25203466
1606	0.25038108
1607	0.24837181
1608	0.24590409
1609	0.24319404
1610	0.24030575
1611	0.23731054
1612	0.23434518
1613	0.23151851
1614	0.22921595
1615	0.22612949
1616	0.22371592
1617	0.22146867
1618	0.21937336
1619	0.21670714
1620	0.21508618
1621	0.21381114
1622	0.21252456
1623	0.21154813
1624	0.21084809
1625	0.21012856
1626	0.21101518
1627	0.21106523
1628	0.21140818
1629	0.21205509
1630	0.21396144
1631	0.21537922
1632	0.21610764
1633	0.21711831
1634	0.21600787
1635	0.21795508
1636	0.22449461
1637	0.22748233
1638	0.23080541
1639	0.23435928
1640	0.23794268
1641	0.24390708
1642	0.24615110
1643	0.24955127
1644	0.25283173
1645	0.25574344
1646	0.25833732
1647	0.26070195
1648	0.26333112
1649	0.26611567
1650	0.26904994
1651	0.27190378
1652	0.27445650
1653	0.27653667
1654	0.27796417
1655	0.27865303
1656	0.27877891
1657	0.27847460
1658	0.27796400
1659	0.27744880
1660	0.27700612
1661	0.27693409
1662	0.27801099
1663	0.27921647
1664	0.28107578
1665	0.28166759
1666	0.28258175
1667	0.28441209
1668	0.28628403
1669	0.28843912
1670	0.28996226
1671	0.29082757
1672	0.29137257
1673	0.29165584
1674	0.29152101
1675	0.29123202
1676	0.29065651
1677	0.29004264
1678	0.28954989
1679	0.28931126
1680	0.28916988
1681	0.28876957
1682	0.28877962
1683	0.28862858
1684	0.28856963
1685	0.28767771
1686	0.28763360
1687	0.28787422
1688	0.28758603
1689	0.28696775
1690	0.28635991
1691	0.28568456
1692	0.28498057
1693	0.28409776
1694	0.28289959
1695	0.28187463
1696	0.28077465
1697	0.27947944
1698	0.27811447
1699	0.27667150
1700	0.27514294
1701	0.27336624
1702	0.27140963
1703	0.26921937
1704	0.26683176
1705	0.26432782
1706	0.26177186
1707	0.25935417
1708	0.25728294
1709	0.25569808
1710	0.25468841
1711	0.25386521
1712	0.25287104
1713	0.25182089
1714	0.25072995
1715	0.24950518
1716	0.24832934
1717	0.24724104
1718	0.24606512
1719	0.24420466
1720	0.24390437
1721	0.24338891
1722	0.24302422
1723	0.24281044
1724	0.24296989
1725	0.24344599
1726	0.24429217
1727	0.24542750
1728	0.24682477
1729	0.24839337
1730	0.25004312
1731	0.25166193
1732	0.25300053
1733	0.25404298
1734	0.25448701
1735	0.25434875
1736	0.25341338
1737	0.25204584
1738	0.25009915
1739	0.24792808
1740	0.24517600
1741	0.24221200
1742	0.23913120
1743	0.23589012
1744	0.23274568
1745	0.22982979
1746	0.22669472
1747	0.22375725
1748	0.22085920
1749	0.21799235
1750	0.21537915
1751	0.21310559
1752	0.21082383
1753	0.20811003
1754	0.20631354
1755	0.20496553
1756	0.20386828
1757	0.20283613
1758	0.20242614
1759	0.20232184
1760	0.20245351
1761	0.20489670
1762	0.20594314
1763	0.20561117
1764	0.20826229
1765	0.21224660
1766	0.21251182
1767	0.21136007
1768	0.21452864
1769	0.22133002
1770	0.22483017
1771	0.22855811
1772	0.23458846
1773	0.23787241
1774	0.24119459
1775	0.24497849
1776	0.24853195
1777	0.25179577
1778	0.25488189
1779	0.25782481
1780	0.26076844
1781	0.26413777
1782	0.26757473
1783	0.27093571
1784	0.27394092
1785	0.27629673
1786	0.27780196
1787	0.27844408
1788	0.27838156
1789	0.27785072
1790	0.27721295
1791	0.27669710
1792	0.27645388
1793	0.27647889
1794	0.27759430
1795	0.27875152
1796	0.28042856
1797	0.28094274
1798	0.28149959
1799	0.28316075
1800	0.28496099
1801	0.28736353
1802	0.28894097
1803	0.28977677
1804	0.29008916
1805	0.29021892
1806	0.29007971
1807	0.28985316
1808	0.28930250
1809	0.28876716
1810	0.28837046
1811	0.28824392
1812	0.28821629
1813	0.28796750
1814	0.28792390
1815	0.28789014
1816	0.28722906
1817	0.28703651
1818	0.28665665
1819	0.28706926
1820	0.28682804
1821	0.28626841
1822	0.28562033
1823	0.28496221
1824	0.28409758
1825	0.28320527
1826	0.28189355
1827	0.28071123
1828	0.27938396
1829	0.27801886
1830	0.27656430
1831	0.27501851
1832	0.27336657
1833	0.27154994
1834	0.26964840
1835	0.26734462
1836	0.26481900
1837	0.26201865
1838	0.25907817
1839	0.25616485
1840	0.25356141
1841	0.25153300
1842	0.25010332
1843	0.24878381
1844	0.24714388
1845	0.24522415
1846	0.24301918
1847	0.24046518
1848	0.23764420
1849	0.23510103
1850	0.23280661
1851	0.23003453
1852	0.22851384
1853	0.22725584
1854	0.22635062
1855	0.22585414
1856	0.22576621
1857	0.22614400
1858	0.22696000
1859	0.22815010
1860	0.22975542
1861	0.23162405
1862	0.23370613
1863	0.23588140
1864	0.23805316
1865	0.23993176
1866	0.24141195
1867	0.24239646
1868	0.24274537
1869	0.24229226
1870	0.24128252
1871	0.23973164
1872	0.23771746
1873	0.23527516
1874	0.23262383
1875	0.22975586
1876	0.22687465
1877	0.22408478
1878	0.22172192
1879	0.21880573
1880	0.21628062
1881	0.21389544
1882	0.21155106
1883	0.20928210
1884	0.20707569
1885	0.20505258
1886	0.20231730
1887	0.20078285
1888	0.19951487
1889	0.19843355
1890	0.19776614
1891	0.19835651
1892	0.19828689
1893	0.19847156
1894	0.19903426
1895	0.20050843
1896	0.20127307
1897	0.20253520
1898	0.20608205
1899	0.20575556
1900	0.20740898
1901	0.21001539
1902	0.21254793
1903	0.21509390
1904	0.21781321
1905	0.22278246
1906	0.22523685
1907	0.22698131
1908	0.22947432
1909	0.23167431
1910	0.23356108
1911	0.23530924
1912	0.23703279
1913	0.23877048
1914	0.24090907
1915	0.24329098
1916	0.24566564
1917	0.24785364
1918	0.24960548
1919	0.25071797
1920	0.25111824
1921	0.25093386
1922	0.25028741
1923	0.24942335
1924	0.24856149
1925	0.24781291
1926	0.24725839
1927	0.24727808
1928	0.24825366
1929	0.24929835
1930	0.25054261
1931	0.25062329
1932	0.25170907
1933	0.25322759
1934	0.25489226
1935	0.25659394
1936	0.25792599
1937	0.25863180
1938	0.25918716
1939	0.25965491
1940	0.25998339
1941	0.26014486
1942	0.26024848
1943	0.25978622
1944	0.25939226
1945	0.25911495
1946	0.25912702
1947	0.25858566
1948	0.25844789
1949	0.25848478
1950	0.25827685
1951	0.25778136
1952	0.25834608
1953	0.25821835
1954	0.25796077
1955	0.25755444
1956	0.25702599
1957	0.25635952
1958	0.25560793
1959	0.25475326
1960	0.25351438
1961	0.25235903
1962	0.25106096
1963	0.24969794
1964	0.24824557
1965	0.24676396
1966	0.24529342
1967	0.24371168
1968	0.24208404
1969	0.24028714
1970	0.23836811
1971	0.23636219
1972	0.23432064
1973	0.23241879
1974	0.23079582
1975	0.22966468
1976	0.22898404
1977	0.22887854
1978	0.22865482
1979	0.22818892
1980	0.22757570
1981	0.22669123
1982	0.22560546
1983	0.22413597
1984	0.22197936
1985	0.22108833
1986	0.22001071
1987	0.21909560
1988	0.21853890
1989	0.21824823
1990	0.21836929
1991	0.21878816
1992	0.21951215
1993	0.22041443
1994	0.22147256
1995	0.22267546
1996	0.22367349
1997	0.22468108
1998	0.22541487
1999	0.22567165
2000	0.22550337
2001	0.22493036
2002	0.22387971
2003	0.22257549
2004	0.22082658
2005	0.21886721
2006	0.21674620
2007	0.21459651
2008	0.21238074
2009	0.21027182
2010	0.20844935
2011	0.20611434
2012	0.20405765
2013	0.20201215
2014	0.19984049
2015	0.19792385
2016	0.19620724
2017	0.19457930
2018	0.19299108
2019	0.19212912
2020	0.19091628
2021	0.18994537
2022	0.18925202
2023	0.18876348
2024	0.18848027
2025	0.18859941
2026	0.18927237
2027	0.18987021
2028	0.19070670
2029	0.19180621
2030	0.19506501
2031	0.19451870
2032	0.19666754
2033	0.19898652
2034	0.20170061
2035	0.20678231
2036	0.21004820
2037	0.21350139
2038	0.21687552
2039	0.21892922
2040	0.22212428
2041	0.22517036
2042	0.22798875
2043	0.23063551
2044	0.23304749
2045	0.23590872
2046	0.23902838
2047	0.24223845
2048	0.24537182
2049	0.24820273
2050	0.25041240
2051	0.25191671
2052	0.25271842
2053	0.25281942
2054	0.25251737
2055	0.25197420
2056	0.25140738
2057	0.25100592
2058	0.25165060
2059	0.25256798
2060	0.25411558
2061	0.25458452
2062	0.25461331
2063	0.25618842
2064	0.25809306
2065	0.25992113
2066	0.26135114
2067	0.26228401
2068	0.26276386
2069	0.26317093
2070	0.26321432
2071	0.26306748
2072	0.26283205
2073	0.26243100
2074	0.26225537
2075	0.26212025
2076	0.26217571
2077	0.26184893
2078	0.26188743
2079	0.26181659
2080	0.26115724
2081	0.26084319
2082	0.26095146
2083	0.26079082
2084	0.26047349
2085	0.26012698
2086	0.25968674
2087	0.25917765
2088	0.25864959
2089	0.25799838
2090	0.25710195
2091	0.25621504
2092	0.25525454
2093	0.25423956
2094	0.25318974
2095	0.25203732
2096	0.25082144
2097	0.24957696
2098	0.24816638
2099	0.24657094
2100	0.24484880
2101	0.24308455
2102	0.24151473
2103	0.24022968
2104	0.23950966
2105	0.23941222
2106	0.23994431
2107	0.24073532
2108	0.24129619
2109	0.24173503
2110	0.24186775
2111	0.24165425
2112	0.24122882
2113	0.24065033
2114	0.24002121
2115	0.23942344
2116	0.23786560
2117	0.23779395
2118	0.23760135
2119	0.23758940
2120	0.23791037
2121	0.23849861
2122	0.23937191
2123	0.24049497
2124	0.24189538
2125	0.24343064
2126	0.24511738
2127	0.24684711
2128	0.24845557
2129	0.24988206
2130	0.25098297
2131	0.25158519
2132	0.25155583
2133	0.25071511
2134	0.25003350
2135	0.24975283
2136	0.24810861
2137	0.24610239
2138	0.24391952
2139	0.24048939
2140	0.23839465
2141	0.23634399
2142	0.23462659
2143	0.23325332
2144	0.23133634
2145	0.23000120
2146	0.22886266
2147	0.22753999
2148	0.22638041
2149	0.22542706
2150	0.22472067
2151	0.22423843
2152	0.22423890
2153	0.22431509
2154	0.22467649
2155	0.22561583
2156	0.22678402
2157	0.22812548
2158	0.23074880
2159	0.23204818
2160	0.23563224
2161	0.23631075
2162	0.23907188
2163	0.24395388
2164	0.24563549
2165	0.24898946
2166	0.24922870
2167	0.25637510
2168	0.25991663
2169	0.26342517
2170	0.26674807
2171	0.27002618
2172	0.27329782
2173	0.27544716
2174	0.27723792
2175	0.27879137
2176	0.28043559
2177	0.28220782
2178	0.28403443
2179	0.28582904
2180	0.28736499
2181	0.28848919
2182	0.28901407
2183	0.28888053
2184	0.28825930
2185	0.28732836
2186	0.28623000
2187	0.28523824
2188	0.28433052
2189	0.28380278
2190	0.28441474
2191	0.28511205
2192	0.28650361
2193	0.28620234
2194	0.28757688
2195	0.28976730
2196	0.29246417
2197	0.29497379
2198	0.29640993
2199	0.29841331
2200	0.29868513
2201	0.29908001
2202	0.29916617
2203	0.29906574
2204	0.29872632
2205	0.29826304
2206	0.29780439
2207	0.29746249
2208	0.29746032
2209	0.29683971
2210	0.29666692
2211	0.29656470
2212	0.29585359
2213	0.29560068
2214	0.29600602
2215	0.29549173
2216	0.29516807
2217	0.29466367
2218	0.29435566
2219	0.29370713
2220	0.29296812
2221	0.29212388
2222	0.29095709
2223	0.28989363
2224	0.28868955
2225	0.28743809
2226	0.28609607
2227	0.28463635
2228	0.28309909
2229	0.28153118
2230	0.27970371
2231	0.27773300
2232	0.27564302
2233	0.27357301
2234	0.27161068
2235	0.26994640
2236	0.26863357
2237	0.26782694
2238	0.26740843
2239	0.26695615
2240	0.26605174
2241	0.26492399
2242	0.26340982
2243	0.26159102
2244	0.25958955
2245	0.25744927
2246	0.25507283
2247	0.25239292
2248	0.25056919
2249	0.24890976
2250	0.24752706
2251	0.24642967
2252	0.24571031
2253	0.24541552
2254	0.24547401
2255	0.24588494
2256	0.24663433
2257	0.24764910
2258	0.24875121
2259	0.24989739
2260	0.25091240
2261	0.25150076
2262	0.25162622
2263	0.25112370
2264	0.25003490
2265	0.24835019
2266	0.24631487
2267	0.24377030
2268	0.24093841
2269	0.23802418
2270	0.23501618
2271	0.23195770
2272	0.22900094
2273	0.22641209
2274	0.22333923
2275	0.22062518
2276	0.21797235
2277	0.21549885
2278	0.21305768
2279	0.21080828
2280	0.20855272
2281	0.20694515
2282	0.20507346
2283	0.20339838
2284	0.20193565
2285	0.20080166
2286	0.19985361
2287	0.19941157
2288	0.19933020
2289	0.20003748
2290	0.20046367
2291	0.20115918
2292	0.20101808
2293	0.20234507
2294	0.20385160
2295	0.20556299
2296	0.20776585
2297	0.21027085
2298	0.21294287
2299	0.21786194
2300	0.22028644
2301	0.22243071
2302	0.22512427
2303	0.22758637
2304	0.22997826
2305	0.23218827
2306	0.23494112
2307	0.23808199
2308	0.24149874
2309	0.24495438
2310	0.24815854
2311	0.25078887
2312	0.25267503
2313	0.25377101
2314	0.25411150
2315	0.25393772
2316	0.25344253
2317	0.25289559
2318	0.25287524
2319	0.25385019
2320	0.25527781
2321	0.25639674
2322	0.25630850
2323	0.25770447
2324	0.25934902
2325	0.26150462
2326	0.26381636
2327	0.26535723
2328	0.26609787
2329	0.26650849
2330	0.26660717
2331	0.26643881
2332	0.26643035
2333	0.26562762
2334	0.26512814
2335	0.26485547
2336	0.26481497
2337	0.26492235
2338	0.26468617
2339	0.26473808
2340	0.26475340
2341	0.26408753
2342	0.26380205
2343	0.26406020
2344	0.26405165
2345	0.26369858
2346	0.26328027
2347	0.26285726
2348	0.26239696
2349	0.26181018
2350	0.26112056
2351	0.26002833
2352	0.25909299
2353	0.25805315
2354	0.25691327
2355	0.25569597
2356	0.25440750
2357	0.25300500
2358	0.25139093
2359	0.24956593
2360	0.24758118
2361	0.24544649
2362	0.24334592
2363	0.24135970
2364	0.23970120
2365	0.23844916
2366	0.23772918
2367	0.23736921
2368	0.23692016
2369	0.23638593
2370	0.23576224
2371	0.23501232
2372	0.23420291
2373	0.23335427
2374	0.23238826
2375	0.23121831
2376	0.22979771
2377	0.22902973
2378	0.22847244
2379	0.22805209
2380	0.22795178
2381	0.22811882
2382	0.22860238
2383	0.22938070
2384	0.23042955
2385	0.23166943
2386	0.23302266
2387	0.23433805
2388	0.23545910
2389	0.23634927
2390	0.23678795
2391	0.23662576
2392	0.23587199
2393	0.23459366
2394	0.23282743
2395	0.23070826
2396	0.22832936
2397	0.22569136
2398	0.22301561
2399	0.22032075
2400	0.21780480
2401	0.21561188
2402	0.21268280
2403	0.21032327
2404	0.20807238
2405	0.20596981
2406	0.20409383
2407	0.20237969
2408	0.20088710
2409	0.19965069
2410	0.19900016
2411	0.19832152
2412	0.19794823
2413	0.19780348
2414	0.19801177
2415	0.19853617
2416	0.20001844
2417	0.20112839
2418	0.20278104
2419	0.20483431
2420	0.20933385
2421	0.20977122
2422	0.21290648
2423	0.21260098
2424	0.21977784
2425	0.22361724
2426	0.22761741
2427	0.23163950
2428	0.23621167
2429	0.24020897
2430	0.24383271
2431	0.24710795
2432	0.25022322
2433	0.25328517
2434	0.25609291
2435	0.25938785
2436	0.26283824
2437	0.26637870
2438	0.26978371
2439	0.27277577
2440	0.27518076
2441	0.27681449
2442	0.27759647
2443	0.27762365
2444	0.27703658
2445	0.27615720
2446	0.27530167
2447	0.27470315
2448	0.27448955
2449	0.27540997
2450	0.27683198
2451	0.27883542
2452	0.27993059
2453	0.28010583
2454	0.28112632
2455	0.28338787
2456	0.28579018
2457	0.28765783
2458	0.28892559
2459	0.28935230
2460	0.28965271
2461	0.29006347
2462	0.28973353
2463	0.28920045
2464	0.28866568
2465	0.28814867
2466	0.28775376
2467	0.28754616
2468	0.28751302
2469	0.28723225
2470	0.28711814
2471	0.28710094
2472	0.28638539
2473	0.28619966
2474	0.28668043
2475	0.28644839
2476	0.28592432
2477	0.28537482
2478	0.28461641
2479	0.28381240
2480	0.28291783
2481	0.28191105
2482	0.28046280
2483	0.27921256
2484	0.27779371
2485	0.27632067
2486	0.27472436
2487	0.27304420
2488	0.27129206
2489	0.26930159
2490	0.26710182
2491	0.26474112
2492	0.26226002
2493	0.25977853
2494	0.25738639
2495	0.25523698
2496	0.25341052
2497	0.25203434
2498	0.25104415
2499	0.25001085
2500	0.24866597
2501	0.24710080
2502	0.24527909
2503	0.24317752
2504	0.24095263
2505	0.23837861
2506	0.23514596
2507	0.23334858
2508	0.23139159
2509	0.22969908
2510	0.22832122
2511	0.22737677
2512	0.22679137
2513	0.22663230
2514	0.22689809
2515	0.22750942
2516	0.22836797
2517	0.22941825
2518	0.23048055
2519	0.23152454
2520	0.23235284
2521	0.23261620
2522	0.23245828
2523	0.23170640
2524	0.23043647
2525	0.22870488
2526	0.22656918
2527	0.22404717
2528	0.22125065
2529	0.21826103
2530	0.21522644
2531	0.21231014
2532	0.20975266
2533	0.20651354
2534	0.20383453
2535	0.20124820
2536	0.19878878
2537	0.19657534
2538	0.19439343
2539	0.19241804
2540	0.19062038
2541	0.18942550
2542	0.18804789
2543	0.18694501
2544	0.18622133
2545	0.18577595
2546	0.18605082
2547	0.18732899
2548	0.18770431
2549	0.18897267
2550	0.18983118
2551	0.19215380
2552	0.19043988
2553	0.19694392
2554	0.19979443
2555	0.20296411
2556	0.20840546
2557	0.21200635
2558	0.21527153
2559	0.21827179
2560	0.22121464
2561	0.22447681
2562	0.22756162
2563	0.23059955
2564	0.23366866
2565	0.23671523
2566	0.24027510
2567	0.24388646
2568	0.24736616
2569	0.25036922
2570	0.25266308
2571	0.25407758
2572	0.25458923
2573	0.25436825
2574	0.25369579
2575	0.25302145
2576	0.25250402
2577	0.25250536
2578	0.25300768
2579	0.25438687
2580	0.25586239
2581	0.25760204
2582	0.25817743
2583	0.25824404
2584	0.25973952
2585	0.26155850
2586	0.26365438
2587	0.26538998
2588	0.26657382
2589	0.26705372
2590	0.26735437
2591	0.26731923
2592	0.26707080
2593	0.26670700
2594	0.26665872
2595	0.26571730
2596	0.26534310
2597	0.26519537
2598	0.26522154
2599	0.26508197
2600	0.26515308
2601	0.26525417
2602	0.26448825
2603	0.26420283
2604	0.26433274
2605	0.26431304
2606	0.26380965
2607	0.26326597
2608	0.26263806
2609	0.26190013
2610	0.26101652
2611	0.26005396
2612	0.25868306
2613	0.25746408
2614	0.25608125
2615	0.25469047
2616	0.25316226
2617	0.25157106
2618	0.24990280
2619	0.24804102
2620	0.24594633
2621	0.24353170
2622	0.24081939
2623	0.23784426
2624	0.23470210
2625	0.23172438
2626	0.22911251
2627	0.22721229
2628	0.22594470
2629	0.22509663
2630	0.22444555
2631	0.22405659
2632	0.22365822
2633	0.22328471
2634	0.22294231
2635	0.22263637
2636	0.22239140
2637	0.22202379
2638	0.22121057
2639	0.22129856
2640	0.22132896
2641	0.22143979
2642	0.22176337
2643	0.22226785
2644	0.22293276
2645	0.22372901
2646	0.22473055
2647	0.22583859
2648	0.22700374
2649	0.22811714
2650	0.22924136
2651	0.23019578
2652	0.23082393
2653	0.23111124
2654	0.23082894
2655	0.22995383
2656	0.22875351
2657	0.22720325
2658	0.22524293
2659	0.22310334
2660	0.22081956
2661	0.21839084
2662	0.21605013
2663	0.21385148
2664	0.21206710
2665	0.20952426
2666	0.20745715
2667	0.20549870
2668	0.20364925
2669	0.20181911
2670	0.20028335
2671	0.19920923
2672	0.19808349
2673	0.19731095
2674	0.19707128
2675	0.19680695
2676	0.19688083
2677	0.19726783
2678	0.19775327
2679	0.19879097
2680	0.20035315
2681	0.20174351
2682	0.20343463
2683	0.20774718
2684	0.20796505
2685	0.21030504
2686	0.21369058
2687	0.21704510
2688	0.22063951
2689	0.22433536
2690	0.22797868
2691	0.23201589
2692	0.23600879
2693	0.23943841
2694	0.24251583
2695	0.24543303
2696	0.24778537
2697	0.25043431
2698	0.25320581
2699	0.25619063
2700	0.25942659
2701	0.26278669
2702	0.26603404
2703	0.26889816
2704	0.27115336
2705	0.27277395
2706	0.27375335
2707	0.27416670
2708	0.27417886
2709	0.27397844
2710	0.27382764
2711	0.27387452
2712	0.27447110
2713	0.27599108
2714	0.27775720
2715	0.27967781
2716	0.28005534
2717	0.28168038
2718	0.28366402
2719	0.28643954
2720	0.28857020
2721	0.29028726
2722	0.29114288
2723	0.29175079
2724	0.29255125
2725	0.29201809
2726	0.29143259
2727	0.29077679
2728	0.29013583
2729	0.28961107
2730	0.28928974
2731	0.28901452
2732	0.28904691
2733	0.28851020
2734	0.28841344
2735	0.28823531
2736	0.28759119
2737	0.28767410
2738	0.28788155
2739	0.28747827
2740	0.28696594
2741	0.28639993
2742	0.28564930
2743	0.28486416
2744	0.28395829
2745	0.28294939
2746	0.28161207
2747	0.28040877
2748	0.27906927
2749	0.27769628
2750	0.27629331
2751	0.27485770
2752	0.27334717
2753	0.27170566
2754	0.26976889
2755	0.26764622
2756	0.26531160
2757	0.26288679
2758	0.26064625
2759	0.25889590
2760	0.25765127
2761	0.25717840
2762	0.25695562
2763	0.25670809
2764	0.25663090
2765	0.25649101
2766	0.25635356
2767	0.25614160
2768	0.25597200
2769	0.25576887
2770	0.25446263
2771	0.25477046
2772	0.25469258
2773	0.25472581
2774	0.25493664
2775	0.25543007
2776	0.25615695
2777	0.25716722
2778	0.25844994
2779	0.25993884
2780	0.26151606
2781	0.26318729
2782	0.26461729
2783	0.26597160
2784	0.26672706
2785	0.26706102
2786	0.26685491
2787	0.26612362
2788	0.26497647
2789	0.26333928
2790	0.26146278
2791	0.25928095
2792	0.25697091
2793	0.25446242
2794	0.25207594
2795	0.25007981
2796	0.24733779
2797	0.24502192
2798	0.24290125
2799	0.24087676
2800	0.23900215
2801	0.23713394
2802	0.23574030
2803	0.23443353
2804	0.23331492
2805	0.23237695
2806	0.23203063
2807	0.23176931
2808	0.23181804
2809	0.23237872
2810	0.23324776
2811	0.23546571
2812	0.23707022
2813	0.23936798
2814	0.24142490
2815	0.24509758
2816	0.24788254
2817	0.25099602
2818	0.25479132
2819	0.25579101
2820	0.25962886
2821	0.26364323
2822	0.26757589
2823	0.27153412
2824	0.27527127
2825	0.27897140
2826	0.28224602
2827	0.28616607
2828	0.28901178
2829	0.29161882
2830	0.29475287
2831	0.29817128
2832	0.30181134
2833	0.30551702
2834	0.30895045
2835	0.31193984
2836	0.31434062
2837	0.31610703
2838	0.31737486
2839	0.31833646
2840	0.31911778
2841	0.32013237
2842	0.32185528
2843	0.32389572
2844	0.32572675
2845	0.32671452
2846	0.32880539
2847	0.33187062
2848	0.33440718
2849	0.33695865
2850	0.33946592
2851	0.34024528
2852	0.34039342
2853	0.34007451
2854	0.33939666
2855	0.33863071
2856	0.33773428
2857	0.33696935
2858	0.33637848
2859	0.33609551
2860	0.33604911
2861	0.33608305
2862	0.33572763
2863	0.33567348
2864	0.33545214
2865	0.33528322
2866	0.33449408
2867	0.33463228
2868	0.33457062
2869	0.33415011
2870	0.33348146
2871	0.33273730
2872	0.33186716
2873	0.33096093
2874	0.32989219
2875	0.32874873
2876	0.32714182
2877	0.32573542
2878	0.32426739
2879	0.32271919
2880	0.32105744
2881	0.31930086
2882	0.31737024
2883	0.31524947
2884	0.31284899
2885	0.31022766
2886	0.30754223
2887	0.30485800
2888	0.30244872
2889	0.30056340
2890	0.29931962
2891	0.29838318
2892	0.29740125
2893	0.29653451
2894	0.29575762
2895	0.29496756
2896	0.29425016
2897	0.29356179
2898	0.29273883
2899	0.29134685
2900	0.29133919
2901	0.29103711
2902	0.29080421
2903	0.29072037
2904	0.29088026
2905	0.29129291
2906	0.29198563
2907	0.29290888
2908	0.29408157
2909	0.29546764
2910	0.29698449
2911	0.29853612
2912	0.29997227
2913	0.30099660
2914	0.30171743
2915	0.30195987
2916	0.30143899
2917	0.30060282
2918	0.29917660
2919	0.29729226
2920	0.29514134
2921	0.29277924
2922	0.29031599
2923	0.28780597
2924	0.28531322
2925	0.28284150
2926	0.28050950
2927	0.27830902
2928	0.27630094
2929	0.27464262
2930	0.27225989
2931	0.27069387
2932	0.26926216
2933	0.26767623
2934	0.26651081
2935	0.26557282
2936	0.26487893
2937	0.26460510
2938	0.26429823
2939	0.26423603
2940	0.26453727
2941	0.26537064
2942	0.26666862
2943	0.26734740
2944	0.26944628
2945	0.27061877
2946	0.27199963
2947	0.27350274
2948	0.27515316
2949	0.27753624
2950	0.27628884
2951	0.27829707
2952	0.28027347
2953	0.28255659
2954	0.28427833
2955	0.28611162
2956	0.28844014
2957	0.28973144
2958	0.29072669
2959	0.29176182
2960	0.29274252
2961	0.29428744
2962	0.29615068
2963	0.29808980
2964	0.29991612
2965	0.30130622
2966	0.30210751
2967	0.30227298
2968	0.30187994
2969	0.30119306
2970	0.30038565
2971	0.29992217
2972	0.30057028
2973	0.30185723
2974	0.30345461
2975	0.30388439
2976	0.30487996
2977	0.30698782
2978	0.30928460
2979	0.31130147
2980	0.31306654
2981	0.31397116
2982	0.31437400
2983	0.31471148
2984	0.31433898
2985	0.31407532
2986	0.31326780
2987	0.31261459
2988	0.31221980
2989	0.31207517
2990	0.31202751
2991	0.31222573
2992	0.31166062
2993	0.31153566
2994	0.31124052
2995	0.31096697
2996	0.31003195
2997	0.31020921
2998	0.30997145
2999	0.30958068
3000	0.30896527
3001	0.30829728
3002	0.30746883
3003	0.30650130
3004	0.30546072
3005	0.30399808
3006	0.30271667
3007	0.30125552
3008	0.29974788
3009	0.29814094
3010	0.29638240
3011	0.29441571
3012	0.29222772
3013	0.28981113
3014	0.28712171
3015	0.28425163
3016	0.28127888
3017	0.27838621
3018	0.27580696
3019	0.27378765
3020	0.27229732
3021	0.27097625
3022	0.26963246
3023	0.26846045
3024	0.26718873
3025	0.26596361
3026	0.26488182
3027	0.26390350
3028	0.26285648
3029	0.26145250
3030	0.26100004
3031	0.26037154
3032	0.25990659
3033	0.25958803
3034	0.25943187
3035	0.25945556
3036	0.25974298
3037	0.26023588
3038	0.26098037
3039	0.26183304
3040	0.26284656
3041	0.26379266
3042	0.26460829
3043	0.26521704
3044	0.26546258
3045	0.26506501
3046	0.26415974
3047	0.26261795
3048	0.26055890
3049	0.25810936
3050	0.25526649
3051	0.25219372
3052	0.24884669
3053	0.24542567
3054	0.24200988
3055	0.23855652
3056	0.23517172
3057	0.23185277
3058	0.22864167
3059	0.22573446
3060	0.22196347
3061	0.21884596
3062	0.21592154
3063	0.21316639
3064	0.21066037
3065	0.20836414
3066	0.20668033
3067	0.20501491
3068	0.20377283
3069	0.20290911
3070	0.20237035
3071	0.20220824
3072	0.20245311
3073	0.20353949
3074	0.20450598
3075	0.20580931
3076	0.20352517
3077	0.20899540
3078	0.21134052
3079	0.21684153
3080	0.22007251
3081	0.22353579
3082	0.22705846
3083	0.23058303
3084	0.23346603
3085	0.23587839
3086	0.23892047
3087	0.24174434
3088	0.24430093
3089	0.24666607
3090	0.24881339
3091	0.25113890
3092	0.25335047
3093	0.25518256
3094	0.25646839
3095	0.25699499
3096	0.25666788
3097	0.25560018
3098	0.25400552
3099	0.25215620
3100	0.25033283
3101	0.24877709
3102	0.24757209
3103	0.24672055
3104	0.24610424
3105	0.24580915
3106	0.24622485
3107	0.24664184
3108	0.24721617
3109	0.24654986
3110	0.24734624
3111	0.24892123
3112	0.25093815
3113	0.25262946
3114	0.25382096
3115	0.25473917
3116	0.25567180
3117	0.25640056
3118	0.25680226
3119	0.25683528
3120	0.25673005
3121	0.25643086
3122	0.25633854
3123	0.25630161
3124	0.25638217
3125	0.25635859
3126	0.25634530
3127	0.25579771
3128	0.25557163
3129	0.25576714
3130	0.25572535
3131	0.25542349
3132	0.25497279
3133	0.25467518
3134	0.25416696
3135	0.25365910
3136	0.25297266
3137	0.25200230
3138	0.25112751
3139	0.25016615
3140	0.24911852
3141	0.24799272
3142	0.24680650
3143	0.24560454
3144	0.24444267
3145	0.24321282
3146	0.24185993
3147	0.24043234
3148	0.23901747
3149	0.23767518
3150	0.23641911
3151	0.23551793
3152	0.23498270
3153	0.23472570
3154	0.23487736
3155	0.23493548
3156	0.23451984
3157	0.23381080
3158	0.23280706
3159	0.23146832
3160	0.22989073
3161	0.22797443
3162	0.22555070
3163	0.22434528
3164	0.22310002
3165	0.22215046
3166	0.22146896
3167	0.22119977
3168	0.22129634
3169	0.22173089
3170	0.22254208
3171	0.22365470
3172	0.22505535
3173	0.22664285
3174	0.22842602
3175	0.23025592
3176	0.23192301
3177	0.23347624
3178	0.23460540
3179	0.23520185
3180	0.23529156
3181	0.23489638
3182	0.23397554
3183	0.23263423
3184	0.23095293
3185	0.22906467
3186	0.22702059
3187	0.22500819
3188	0.22316486
3189	0.22119775
3190	0.21934538
3191	0.21760824
3192	0.21596019
3193	0.21434639
3194	0.21266663
3195	0.21125886
3196	0.20997025
3197	0.20872201
3198	0.20819543
3199	0.20735750
3200	0.20679069
3201	0.20653120
3202	0.20662041
3203	0.20698164
3204	0.20755701
3205	0.20897499
3206	0.21026574
3207	0.21169674
3208	0.21305771
3209	0.21781418
3210	0.21799305
3211	0.22081643
3212	0.22405387
3213	0.22738683
3214	0.23292813
3215	0.23699568
3216	0.24086970
3217	0.24379919
3218	0.24687448
3219	0.25020584
3220	0.25322399
3221	0.25592673
3222	0.25821391
3223	0.26072982
3224	0.26345980
3225	0.26640633
3226	0.26949275
3227	0.27245924
3228	0.27505678
3229	0.27711290
3230	0.27851403
3231	0.27925736
3232	0.27946964
3233	0.27934188
3234	0.27906993
3235	0.27882802
3236	0.27942330
3237	0.28062165
3238	0.28257698
3239	0.28393495
3240	0.28454208
3241	0.28625131
3242	0.28851146
3243	0.29024503
3244	0.29237026
3245	0.29378250
3246	0.29428631
3247	0.29452598
3248	0.29443383
3249	0.29416713
3250	0.29446745
3251	0.29354307
3252	0.29294789
3253	0.29249781
3254	0.29239613
3255	0.29221925
3256	0.29193157
3257	0.29182860
3258	0.29175207
3259	0.29114959
3260	0.29064760
3261	0.29077131
3262	0.29081672
3263	0.29045507
3264	0.28985569
3265	0.28916863
3266	0.28851217
3267	0.28760871
3268	0.28652081
3269	0.28519508
3270	0.28393567
3271	0.28246725
3272	0.28098589
3273	0.27936471
3274	0.27770725
3275	0.27589300
3276	0.27397659
3277	0.27188420
3278	0.26960436
3279	0.26705903
3280	0.26440012
3281	0.26173303
3282	0.25920045
3283	0.25701177
3284	0.25546065
3285	0.25450838
3286	0.25389251
3287	0.25309083
3288	0.25224814
3289	0.25126725
3290	0.25012657
3291	0.24890335
3292	0.24767585
3293	0.24632400
3294	0.24462603
3295	0.24391082
3296	0.24323675
3297	0.24280167
3298	0.24271852
3299	0.24292888
3300	0.24350831
3301	0.24434611
3302	0.24543945
3303	0.24673094
3304	0.24819939
3305	0.24967864
3306	0.25108752
3307	0.25226918
3308	0.25310308
3309	0.25355360
3310	0.25324872
3311	0.25245762
3312	0.25128257
3313	0.24948265
3314	0.24741130
3315	0.24531071
3316	0.24293980
3317	0.24051256
3318	0.23804280
3319	0.23572630
3320	0.23357792
3321	0.23137321
3322	0.22935434
3323	0.22756045
3324	0.22577216
3325	0.22388686
3326	0.22233421
3327	0.22090442
3328	0.21969926
3329	0.21866839
3330	0.21819440
3331	0.21761458
3332	0.21738653
3333	0.21763089
3334	0.21802850
3335	0.21963635
3336	0.22061394
3337	0.22322315
3338	0.22411245
3339	0.22338858
3340	0.22514968
3341	0.22729762
3342	0.22957781
3343	0.23210333
3344	0.23466019
3345	0.23916136
3346	0.24136265
3347	0.24341774
3348	0.24578914
3349	0.24792698
3350	0.24986264
3351	0.25165176
3352	0.25310794
3353	0.25503841
3354	0.25723994
3355	0.25968340
3356	0.26211393
3357	0.26443216
3358	0.26629248
3359	0.26758796
3360	0.26820344
3361	0.26820138
3362	0.26780164
3363	0.26730388
3364	0.26684016
3365	0.26664031
3366	0.26680037
3367	0.26726082
3368	0.26855040
3369	0.26978445
3370	0.27151716
3371	0.27192396
3372	0.27261657
3373	0.27442738
3374	0.27633080
3375	0.27862957
3376	0.28044820
3377	0.28144434
3378	0.28204122
3379	0.28290564
3380	0.28309476
3381	0.28357494
3382	0.28279540
3383	0.28226069
3384	0.28173643
3385	0.28148079
3386	0.28125703
3387	0.28112000
3388	0.28105497
3389	0.28105766
3390	0.28033063
3391	0.28010726
3392	0.28048712
3393	0.28024241
3394	0.27926815
3395	0.27952260
3396	0.27895090
3397	0.27844700
3398	0.27772069
3399	0.27696526
3400	0.27586240
3401	0.27479911
3402	0.27367032
3403	0.27249360
3404	0.27121425
3405	0.26990291
3406	0.26853627
3407	0.26713821
3408	0.26559728
3409	0.26383087
3410	0.26191756
3411	0.25994700
3412	0.25800401
3413	0.25635314
3414	0.25505194
3415	0.25436074
3416	0.25419819
3417	0.25432223
3418	0.25425276
3419	0.25407469
3420	0.25375578
3421	0.25319925
3422	0.25255772
3423	0.25174928
3424	0.25098437
3425	0.24992786
3426	0.24866228
3427	0.24799804
3428	0.24736194
3429	0.24701853
3430	0.24681686
3431	0.24689734
3432	0.24723606
3433	0.24794634
3434	0.24890268
3435	0.25015825
3436	0.25156650
3437	0.25308603
3438	0.25450850
3439	0.25581190
3440	0.25680524
3441	0.25729045
3442	0.25724322
3443	0.25666422
3444	0.25573337
3445	0.25425297
3446	0.25250208
3447	0.25056958
3448	0.24852267
3449	0.24640998
3450	0.24424963
3451	0.24210791
3452	0.24003999
3453	0.23799324
3454	0.23580518
3455	0.23363781
3456	0.23149242
3457	0.22942933
3458	0.22735052
3459	0.22569445
3460	0.22423987
3461	0.22342990
3462	0.22244966
3463	0.22175521
3464	0.22145955
3465	0.22144222
3466	0.22172216
3467	0.22342475
3468	0.22443466
3469	0.22473960
3470	0.22873278
3471	0.22841600
3472	0.23057207
3473	0.23226345
3474	0.23575689
3475	0.23857799
3476	0.24159706
3477	0.24469629
3478	0.24835971
3479	0.25071874
3480	0.25422987
3481	0.25676835
3482	0.25920573
3483	0.26140133
3484	0.26369321
3485	0.26617175
3486	0.26898000
3487	0.27229968
3488	0.27584174
3489	0.27939230
3490	0.28267127
3491	0.28540581
3492	0.28756022
3493	0.28917101
3494	0.29039097
3495	0.29138243
3496	0.29231679
3497	0.29324478
3498	0.29418111
3499	0.29515931
3500	0.29677352
3501	0.29829139
3502	0.30036119
3503	0.30075854
3504	0.30209485
3505	0.30435863
3506	0.30709419
3507	0.30961725
3508	0.31206194
3509	0.31277701
3510	0.31353551
3511	0.31407070
3512	0.31427792
3513	0.31419542
3514	0.31398025
3515	0.31361729
3516	0.31331703
3517	0.31330454
3518	0.31311619
3519	0.31305596
3520	0.31303436
3521	0.31230986
3522	0.31208035
3523	0.31224665
3524	0.31237832
3525	0.31185770
3526	0.31148821
3527	0.31106135
3528	0.31057033
3529	0.31000990
3530	0.30932927
3531	0.30852300
3532	0.30758360
3533	0.30645972
3534	0.30517697
3535	0.30370107
3536	0.30223060
3537	0.30067044
3538	0.29912886
3539	0.29745331
3540	0.29563895
3541	0.29372802
3542	0.29162031
3543	0.28953275
3544	0.28741720
3545	0.28538907
3546	0.28358677
3547	0.28215951
3548	0.28100738
3549	0.28006852
3550	0.27885121
3551	0.27739748
3552	0.27575910
3553	0.27397540
3554	0.27202913
3555	0.27001059
3556	0.26765946
3557	0.26500735
3558	0.26313254
3559	0.26132229
3560	0.25979832
3561	0.25850207
3562	0.25750878
3563	0.25685361
3564	0.25649306
3565	0.25647524
3566	0.25679216
3567	0.25729027
3568	0.25795075
3569	0.25865296
3570	0.25914618
3571	0.25942758
3572	0.25917169
3573	0.25833377
3574	0.25694799
3575	0.25500715
3576	0.25264406
3577	0.24981818
3578	0.24676669
3579	0.24348734
3580	0.24021690
3581	0.23711397
3582	0.23443983
3583	0.23107806
3584	0.22832955
3585	0.22559492
3586	0.22312967
3587	0.22083528
3588	0.21880084
3589	0.21689418
3590	0.21550627
3591	0.21386565
3592	0.21248287
3593	0.21137585
3594	0.21059671
3595	0.21017154
3596	0.20994256
3597	0.21009675
3598	0.21164264
3599	0.21261926
3600	0.21407169
3601	0.21587235
3602	0.21979158
3603	0.21941584
3604	0.22239575
3605	0.22560130
3606	0.22914392
3607	0.23287965
3608	0.23654734
3609	0.24039246
3610	0.24404863
3611	0.24813844
3612	0.25126529
3613	0.25399578
3614	0.25639391
3615	0.25862429
3616	0.26075596
3617	0.26321301
3618	0.26587975
3619	0.26844230
3620	0.27073109
3621	0.27255762
3622	0.27371609
3623	0.27413377
3624	0.27390739
3625	0.27333257
3626	0.27256054
3627	0.27189034
3628	0.27152896
3629	0.27151847
3630	0.27249205
3631	0.27360183
3632	0.27465308
3633	0.27476504
3634	0.27464598
3635	0.27554771
3636	0.27698636
3637	0.27799231
3638	0.27951333
3639	0.28044036
3640	0.28082326
3641	0.28107059
3642	0.28119627
3643	0.28087866
3644	0.28042522
3645	0.27988163
3646	0.27923098
3647	0.27869219
3648	0.27839068
3649	0.27764508
3650	0.27738512
3651	0.27719980
3652	0.27650791
3653	0.27617314
3654	0.27662680
3655	0.27618137
3656	0.27594411
3657	0.27543339
3658	0.27484092
3659	0.27419519
3660	0.27339655
3661	0.27252454
3662	0.27126974
3663	0.27026108
3664	0.26914507
3665	0.26795530
3666	0.26677862
3667	0.26551861
3668	0.26417443
3669	0.26279676
3670	0.26112822
3671	0.25929016
3672	0.25727174
3673	0.25505790
3674	0.25291681
3675	0.25095239
3676	0.24952453
3677	0.24877925
3678	0.24861498
3679	0.24854882
3680	0.24841148
3681	0.24821110
3682	0.24784645
3683	0.24720721
3684	0.24638318
3685	0.24523690
3686	0.24325810
3687	0.24268553
3688	0.24181513
3689	0.24113803
3690	0.24070975
3691	0.24063064
3692	0.24086371
3693	0.24144706
3694	0.24227883
3695	0.24335721
3696	0.24463621
3697	0.24597238
3698	0.24741511
3699	0.24868467
3700	0.24978936
3701	0.25055596
3702	0.25074279
3703	0.24989805
3704	0.24878807
3705	0.24721599
3706	0.24524076
3707	0.24288090
3708	0.24029787
3709	0.23756874
3710	0.23489757
3711	0.23216143
3712	0.22966073
3713	0.22735503
3714	0.22524109
3715	0.22332487
3716	0.22169048
3717	0.22027737
3718	0.21906811
3719	0.21795127
3720	0.21710248
3721	0.21654749
3722	0.21616872
3723	0.21606687
3724	0.21620360
3725	0.21645038
3726	0.21702541
3727	0.21788417
3728	0.21995968
3729	0.22137962
3730	0.22306518
3731	0.22481932
3732	0.22805157
3733	0.22749031
3734	0.22966284
3735	0.23207065
3736	0.23473687
3737	0.23755001
3738	0.24046187
3739	0.24342826
3740	0.24800970
3741	0.24978922
3742	0.25234792
3743	0.25460094
3744	0.25668305
3745	0.25861260
3746	0.26050308
3747	0.26241246
3748	0.26451242
3749	0.26647541
3750	0.26813513
3751	0.26931408
3752	0.26994964
3753	0.27002564
3754	0.26964745
3755	0.26896241
3756	0.26815522
3757	0.26735336
3758	0.26667523
3759	0.26620850
3760	0.26686850
3761	0.26785934
3762	0.26935235
3763	0.26959941
3764	0.27001208
3765	0.27180091
3766	0.27403501
3767	0.27565432
3768	0.27726686
3769	0.27811134
3770	0.27861503
3771	0.27879524
3772	0.27863160
3773	0.27828193
3774	0.27823889
3775	0.27751926
3776	0.27691120
3777	0.27652046
3778	0.27620038
3779	0.27551317
3780	0.27514681
3781	0.27474931
3782	0.27429685
3783	0.27314612
3784	0.27327764
3785	0.27284652
3786	0.27238822
3787	0.27178216
3788	0.27106279
3789	0.27032197
3790	0.26954713
3791	0.26866460
3792	0.26744047
3793	0.26634794
3794	0.26521087
3795	0.26394945
3796	0.26259884
3797	0.26111424
3798	0.25945532
3799	0.25755048
3800	0.25527853
3801	0.25277904
3802	0.25012928
3803	0.24745935
3804	0.24507709
3805	0.24318440
3806	0.24197082
3807	0.24120362
3808	0.24043980
3809	0.23971529
3810	0.23890544
3811	0.23788334
3812	0.23665278
3813	0.23534890
3814	0.23418610
3815	0.23301636
3816	0.23183979
3817	0.23044893
3818	0.22987153
3819	0.22958875
3820	0.22956437
3821	0.22988226
3822	0.23053761
3823	0.23148251
3824	0.23267221
3825	0.23408605
3826	0.23560281
3827	0.23716974
3828	0.23867624
3829	0.24001989
3830	0.24111567
3831	0.24190769
3832	0.24211836
3833	0.24187221
3834	0.24106897
3835	0.23966797
3836	0.23793897
3837	0.23596516
3838	0.23364241
3839	0.23104003
3840	0.22841246
3841	0.22611122
3842	0.22322331
3843	0.22081381
3844	0.21854234
3845	0.21636052
3846	0.21432093
3847	0.21238662
3848	0.21056943
3849	0.20899199
3850	0.20720302
3851	0.20582542
3852	0.20471451
3853	0.20414713
3854	0.20351388
3855	0.20322686
3856	0.20312354
3857	0.20347823
3858	0.20411067
3859	0.20527239
3860	0.20718563
3861	0.20890282
3862	0.21142925
3863	0.21124560
3864	0.21352722
3865	0.21609306
3866	0.21908005
3867	0.22233300
3868	0.22589198
3869	0.22981887
3870	0.23562016
3871	0.23939055
3872	0.24287985
3873	0.24682154
3874	0.25052336
3875	0.25410759
3876	0.25765866
3877	0.26126271
3878	0.26540652
3879	0.26988602
3880	0.27442759
3881	0.27877375
3882	0.28256363
3883	0.28561619
3884	0.28783056
3885	0.28924349
3886	0.28997058
3887	0.29034635
3888	0.29065728
3889	0.29109254
3890	0.29190555
3891	0.29354757
3892	0.29535818
3893	0.29758382
3894	0.29843372
3895	0.29863352
3896	0.30068088
3897	0.30301133
3898	0.30533734
3899	0.30707803
3900	0.30828449
3901	0.30949464
3902	0.30954909
3903	0.30924788
3904	0.30880451
3905	0.30823684
3906	0.30764642
3907	0.30716118
3908	0.30675417
3909	0.30667928
3910	0.30604339
3911	0.30593073
3912	0.30568010
3913	0.30502295
3914	0.30473337
3915	0.30482021
3916	0.30464518
3917	0.30423844
3918	0.30391985
3919	0.30332273
3920	0.30271265
3921	0.30203930
3922	0.30130261
3923	0.30034724
3924	0.29948375
3925	0.29856554
3926	0.29762235
3927	0.29666117
3928	0.29568949
3929	0.29465401
3930	0.29353306
3931	0.29220560
3932	0.29075196
3933	0.28905094
3934	0.28727365
3935	0.28564608
3936	0.28443539
3937	0.28378996
3938	0.28386948
3939	0.28432229
3940	0.28464440
3941	0.28483692
3942	0.28477567
3943	0.28433585
3944	0.28367054
3945	0.28285769
3946	0.28195667
3947	0.28106415
3948	0.28004885
3949	0.27867106
3950	0.27813005
3951	0.27762768
3952	0.27737144
3953	0.27734268
3954	0.27756107
3955	0.27803931
3956	0.27873299
3957	0.27969310
3958	0.28087011
3959	0.28217229
3960	0.28349388
3961	0.28483441
3962	0.28590670
3963	0.28666481
3964	0.28690383
3965	0.28652474
3966	0.28532815
3967	0.28401551
3968	0.28349277
3969	0.28140354
3970	0.27899656
3971	0.27523729
3972	0.27272692
3973	0.27034509
3974	0.26792592
3975	0.26604626
3976	0.26373127
3977	0.26184517
3978	0.26013824
3979	0.25867292
3980	0.25733095
3981	0.25592524
3982	0.25490150
3983	0.25419256
3984	0.25365856
3985	0.25345883
3986	0.25371382
3987	0.25392362
3988	0.25443318
3989	0.25533164
3990	0.25628170
3991	0.25882158
3992	0.25964454
3993	0.26385912
3994	0.26365244
3995	0.26810020
3996	0.27071777
3997	0.27332520
3998	0.27624008
3999	0.27913424
4000	0.28213498
4001	0.28467289
4002	0.28548300
4003	0.28835919
4004	0.29098907
4005	0.29354581
4006	0.29552224
4007	0.29731619
4008	0.29903772
4009	0.30118871
4010	0.30327919
4011	0.30558592
4012	0.30781934
4013	0.30981559
4014	0.31143770
4015	0.31243649
4016	0.31280261
4017	0.31254664
4018	0.31190038
4019	0.31099507
4020	0.31015605
4021	0.30949438
4022	0.30918470
4023	0.31006315
4024	0.31056365
4025	0.31230232
4026	0.31278801
4027	0.31369027
4028	0.31586394
4029	0.31837103
4030	0.32148826
4031	0.32305825
4032	0.32381281
4033	0.32411987
4034	0.32418433
4035	0.32400519
4036	0.32366395
4037	0.32317010
4038	0.32262763
4039	0.32205871
4040	0.32166225
4041	0.32137501
4042	0.32153454
4043	0.32076365
4044	0.32068935
4045	0.32056171
4046	0.31982636
4047	0.31958038
4048	0.32004529
4049	0.31981984
4050	0.31918532
4051	0.31876379
4052	0.31822899
4053	0.31761140
4054	0.31691322
4055	0.31615198
4056	0.31528440
4057	0.31433630
4058	0.31332967
4059	0.31227764
4060	0.31121981
4061	0.31005687
4062	0.30888793
4063	0.30760509
4064	0.30614325
4065	0.30458483
4066	0.30295667
4067	0.30151621
4068	0.30037969
4069	0.29970726
4070	0.29965305
4071	0.29992858
4072	0.30013794
4073	0.30002913
4074	0.29983160
4075	0.29927543
4076	0.29832914
4077	0.29705998
4078	0.29568473
4079	0.29426885
4080	0.29263669
4081	0.29014885
4082	0.28839400
4083	0.28668126
4084	0.28511328
4085	0.28381687
4086	0.28291503
4087	0.28241953
4088	0.28237078
4089	0.28275225
4090	0.28345302
4091	0.28443035
4092	0.28556898
4093	0.28667992
4094	0.28749353
4095	0.28803900
4096	0.28799754
4097	0.28740013
4098	0.28626245
4099	0.28465751
4100	0.28268677
4101	0.28030318
4102	0.27769572
4103	0.27503672
4104	0.27242875
4105	0.27022034
4106	0.26736188
4107	0.26503578
4108	0.26283574
4109	0.26078200
4110	0.25869071
4111	0.25688526
4112	0.25527430
4113	0.25405130
4114	0.25321054
4115	0.25206679
4116	0.25129184
4117	0.25075731
4118	0.25052968
4119	0.25052598
4120	0.25094900
4121	0.25187007
4122	0.25370932
4123	0.25518402
4124	0.25692374
4125	0.25859606
4126	0.26221472
4127	0.26474446
4128	0.26738182
4129	0.27031234
4130	0.27341250
4131	0.27679068
4132	0.28018600
4133	0.28093669
4134	0.28429762
4135	0.28729030
4136	0.29022348
4137	0.29278871
4138	0.29501167
4139	0.29718935
4140	0.29947749
4141	0.30156004
4142	0.30374727
4143	0.30583179
4144	0.30776060
4145	0.30932760
4146	0.31037080
4147	0.31080946
4148	0.31068432
4149	0.31021595
4150	0.30959398
4151	0.30904305
4152	0.30868638
4153	0.30883139
4154	0.30983156
4155	0.31073004
4156	0.31177884
4157	0.31218746
4158	0.31321037
4159	0.31562102
4160	0.31769046
4161	0.31975418
4162	0.32193241
4163	0.32279438
4164	0.32315683
4165	0.32323122
4166	0.32307577
4167	0.32279447
4168	0.32244456
4169	0.32199335
4170	0.32162175
4171	0.32151145
4172	0.32149094
4173	0.32125783
4174	0.32126918
4175	0.32130936
4176	0.32125658
4177	0.32108915
4178	0.32031348
4179	0.32071799
4180	0.32055849
4181	0.31994963
4182	0.31950581
4183	0.31916121
4184	0.31844530
4185	0.31761649
4186	0.31664905
4187	0.31520709
4188	0.31386647
4189	0.31239974
4190	0.31089228
4191	0.30924356
4192	0.30753809
4193	0.30579334
4194	0.30389065
4195	0.30185950
4196	0.29962716
4197	0.29712877
4198	0.29436815
4199	0.29144499
4200	0.28848839
4201	0.28576532
4202	0.28353161
4203	0.28182107
4204	0.28008154
4205	0.27827543
4206	0.27643192
4207	0.27442142
4208	0.27221313
4209	0.27021104
4210	0.26811701
4211	0.26608333
4212	0.26306048
4213	0.26147670
4214	0.25965205
4215	0.25796676
4216	0.25651115
4217	0.25540748
4218	0.25466093
4219	0.25425166
4220	0.25413874
4221	0.25428563
4222	0.25466448
4223	0.25507402
4224	0.25554848
4225	0.25586632
4226	0.25593001
4227	0.25557882
4228	0.25476399
4229	0.25336629
4230	0.25151229
4231	0.24928427
4232	0.24672486
4233	0.24394670
4234	0.24083664
4235	0.23762828
4236	0.23457442
4237	0.23181397
4238	0.22835310
4239	0.22545145
4240	0.22265784
4241	0.22003800
4242	0.21760187
4243	0.21538366
4244	0.21322647
4245	0.21147622
4246	0.21016207
4247	0.20888312
4248	0.20794131
4249	0.20732500
4250	0.20735979
4251	0.20743890
4252	0.20799233
4253	0.20884345
4254	0.21017578
4255	0.21279381
4256	0.21490847
4257	0.21731062
4258	0.22095238
4259	0.22392336
4260	0.22083327
4261	0.23137935
4262	0.23205498
4263	0.23570414
4264	0.23969406
4265	0.24361715
4266	0.24784240
4267	0.25125942
4268	0.25502044
4269	0.25896484
4270	0.26221660
4271	0.26510066
4272	0.26771697
4273	0.27017388
4274	0.27258345
4275	0.27486536
4276	0.27695072
4277	0.27864575
4278	0.27988833
4279	0.28043613
4280	0.28042331
4281	0.27993035
4282	0.27916881
4283	0.27827194
4284	0.27745020
4285	0.27682239
4286	0.27663562
4287	0.27740395
4288	0.27821827
4289	0.27904457
4290	0.27871415
4291	0.27920887
4292	0.28152817
4293	0.28351387
4294	0.28536326
4295	0.28666696
4296	0.28723478
4297	0.28753722
4298	0.28841463
4299	0.28827637
4300	0.28814834
4301	0.28796828
4302	0.28762743
4303	0.28731796
4304	0.28718537
4305	0.28723893
4306	0.28656065
4307	0.28649747
4308	0.28639096
4309	0.28620976
4310	0.28541878
4311	0.28536621
4312	0.28557447
4313	0.28493807
4314	0.28445649
4315	0.28395742
4316	0.28330141
4317	0.28282887
4318	0.28195646
4319	0.28097394
4320	0.27962497
4321	0.27837873
4322	0.27700979
4323	0.27557054
4324	0.27401522
4325	0.27240282
4326	0.27062121
4327	0.26862884
4328	0.26641461
4329	0.26387364
4330	0.26114044
4331	0.25828806
4332	0.25554961
4333	0.25317872
4334	0.25137973
4335	0.25023279
4336	0.24939010
4337	0.24864417
4338	0.24815996
4339	0.24768525
4340	0.24725439
4341	0.24681501
4342	0.24647161
4343	0.24626650
4344	0.24617286
4345	0.24517846
4346	0.24543189
4347	0.24564977
4348	0.24602357
4349	0.24663864
4350	0.24748293
4351	0.24859896
4352	0.24993871
4353	0.25151005
4354	0.25321749
4355	0.25504979
4356	0.25684062
4357	0.25855663
4358	0.26007313
4359	0.26104981
4360	0.26158059
4361	0.26139939
4362	0.26081967
4363	0.25956202
4364	0.25803578
4365	0.25616348
4366	0.25392032
4367	0.25158945
4368	0.24916042
4369	0.24665686
4370	0.24446931
4371	0.24198422
4372	0.23962653
4373	0.23727986
4374	0.23504025
4375	0.23292956
4376	0.23089938
4377	0.22907613
4378	0.22739136
4379	0.22602706
4380	0.22485597
4381	0.22425470
4382	0.22371013
4383	0.22348940
4384	0.22353812
4385	0.22406751
4386	0.22484826
4387	0.22684027
4388	0.22831222
4389	0.22996131
4390	0.23317307
4391	0.23304939
4392	0.23789985
4393	0.24085814
4394	0.24480303
4395	0.24535124
4396	0.24918066
4397	0.25319424
4398	0.25761062
4399	0.26119050
4400	0.26531821
4401	0.26931807
4402	0.27310660
4403	0.27758083
4404	0.28095621
4405	0.28425327
4406	0.28795925
4407	0.29187143
4408	0.29581419
4409	0.29962653
4410	0.30288634
4411	0.30547553
4412	0.30723462
4413	0.30818278
4414	0.30851927
4415	0.30860537
4416	0.30874327
4417	0.30914649
4418	0.30986091
4419	0.31096822
4420	0.31211936
4421	0.31395105
4422	0.31600633
4423	0.31659183
4424	0.31782821
4425	0.32014871
4426	0.32335243
4427	0.32520211
4428	0.32675818
4429	0.32760912
4430	0.32807100
4431	0.32817313
4432	0.32795539
4433	0.32747376
4434	0.32690310
4435	0.32635456
4436	0.32580003
4437	0.32546419
4438	0.32523292
4439	0.32478902
4440	0.32467070
4441	0.32452998
4442	0.32441834
4443	0.32406902
4444	0.32306415
4445	0.32348129
4446	0.32303277
4447	0.32258171
4448	0.32197228
4449	0.32126570
4450	0.32040137
4451	0.31952578
4452	0.31851006
4453	0.31738222
4454	0.31581801
4455	0.31447834
4456	0.31312069
4457	0.31171724
4458	0.31023678
4459	0.30871525
4460	0.30695161
4461	0.30499163
4462	0.30270547
4463	0.30026403
4464	0.29763755
4465	0.29509979
4466	0.29294157
4467	0.29136291
4468	0.29025817
4469	0.28927696
4470	0.28809625
4471	0.28695294
4472	0.28563821
4473	0.28413630
4474	0.28233790
4475	0.28081778
4476	0.27871877
4477	0.27736679
4478	0.27620399
4479	0.27528033
4480	0.27472335
4481	0.27454457
4482	0.27475891
4483	0.27531490
4484	0.27630985
4485	0.27761084
4486	0.27918097
4487	0.28101718
4488	0.28305539
4489	0.28509900
4490	0.28714985
4491	0.28883243
4492	0.29024965
4493	0.29118672
4494	0.29159483
4495	0.29136318
4496	0.29067555
4497	0.28976229
4498	0.28839472
4499	0.28689840
4500	0.28523886
4501	0.28347734
4502	0.28179428
4503	0.28017986
4504	0.27866778
4505	0.27686003
4506	0.27523732
4507	0.27365649
4508	0.27211589
4509	0.27060536
4510	0.26930353
4511	0.26771963
4512	0.26649955
4513	0.26540682
4514	0.26454034
4515	0.26411375
4516	0.26366481
4517	0.26350299
4518	0.26363218
4519	0.26385239
4520	0.26556224
4521	0.26663029
4522	0.26871827
4523	0.27014622
4524	0.27192912
4525	0.27383921
4526	0.27585968
4527	0.27813637
4528	0.28049424
4529	0.28293511
4530	0.28574449
4531	0.28494564
4532	0.28711936
4533	0.28902206
4534	0.29094923
4535	0.29295400
4536	0.29516345
4537	0.29737908
4538	0.29990229
4539	0.30308867
4540	0.30609292
4541	0.30927029
4542	0.31232560
4543	0.31511724
4544	0.31745151
4545	0.31919280
4546	0.32038859
4547	0.32116625
4548	0.32141411
4549	0.32116514
4550	0.32120615
4551	0.32191217
4552	0.32310033
4553	0.32525930
4554	0.32650340
4555	0.32717741
4556	0.32990935
4557	0.33189717
4558	0.33390507
4559	0.33551770
4560	0.33649626
4561	0.33703995
4562	0.33730265
4563	0.33725625
4564	0.33700573
4565	0.33665320
4566	0.33625802
4567	0.33598107
4568	0.33583930
4569	0.33573437
4570	0.33590490
4571	0.33514535
4572	0.33495149
4573	0.33466130
4574	0.33428162
4575	0.33320069
4576	0.33347484
4577	0.33268985
4578	0.33228990
4579	0.33163556
4580	0.33071107
4581	0.32989392
4582	0.32892513
4583	0.32817030
4584	0.32647374
4585	0.32519433
4586	0.32387054
4587	0.32234484
4588	0.32083809
4589	0.31915075
4590	0.31733152
4591	0.31527400
4592	0.31303516
4593	0.31057727
4594	0.30816600
4595	0.30582014
4596	0.30367187
4597	0.30190554
4598	0.30063489
4599	0.29967558
4600	0.29841551
4601	0.29655886
4602	0.29427713
4603	0.29151377
4604	0.28851169
4605	0.28516987
4606	0.28218633
4607	0.27876812
4608	0.27631536
4609	0.27407405
4610	0.27215236
4611	0.27056509
4612	0.26940203
4613	0.26862594
4614	0.26828548
4615	0.26828158
4616	0.26867017
4617	0.26932412
4618	0.27026972
4619	0.27139735
4620	0.27246979
4621	0.27342525
4622	0.27399260
4623	0.27400330
4624	0.27340734
4625	0.27223858
4626	0.27049446
4627	0.26835018
4628	0.26580596
4629	0.26290801
4630	0.25986120
4631	0.25680089
4632	0.25378257
4633	0.25088796
4634	0.24834061
4635	0.24529530
4636	0.24257575
4637	0.23997496
4638	0.23739156
4639	0.23489757
4640	0.23247144
4641	0.23029806
4642	0.22813646
4643	0.22651638
4644	0.22467941
4645	0.22301371
4646	0.22165906
4647	0.22045948
4648	0.21952382
4649	0.21883924
4650	0.21950686
4651	0.21952809
4652	0.21979558
4653	0.22037157
4654	0.22207129
4655	0.22334515
4656	0.22494327
4657	0.22386871
4658	0.22571670
4659	0.22788188
4660	0.23039150
4661	0.23313764
4662	0.23623043
4663	0.23956430
4664	0.24395043
4665	0.24661282
4666	0.24963214
4667	0.25247681
4668	0.25528470
4669	0.25805324
4670	0.26126578
4671	0.26454574
4672	0.26770577
4673	0.27047667
4674	0.27249631
4675	0.27360657
4676	0.27382356
4677	0.27340397
4678	0.27261299
4679	0.27186382
4680	0.27171677
4681	0.27260512
4682	0.27421510
4683	0.27557120
4684	0.27563605
4685	0.27634606
4686	0.27810466
4687	0.27957708
4688	0.28158537
4689	0.28301919
4690	0.28355792
4691	0.28364086
4692	0.28353605
4693	0.28347099
4694	0.28315949
4695	0.28258005
4696	0.28202531
4697	0.28155833
4698	0.28131106
4699	0.28107435
4700	0.28118333
4701	0.28058216
4702	0.28052035
4703	0.28029719
4704	0.27998975
4705	0.27902478
4706	0.27901176
4707	0.27900183
4708	0.27849096
4709	0.27785894
4710	0.27712032
4711	0.27626783
4712	0.27529937
4713	0.27422354
4714	0.27313355
4715	0.27159432
4716	0.27025762
4717	0.26887619
4718	0.26743975
4719	0.26592371
4720	0.26420969
4721	0.26231161
4722	0.26016480
4723	0.25781268
4724	0.25532329
4725	0.25278139
4726	0.25046057
4727	0.24849433
4728	0.24719100
4729	0.24646349
4730	0.24589534
4731	0.24549843
4732	0.24518523
4733	0.24479777
4734	0.24434820
4735	0.24387215
4736	0.24335197
4737	0.24280788
4738	0.24220277
4739	0.24045488
4740	0.23994142
4741	0.23902392
4742	0.23827964
4743	0.23760685
4744	0.23713976
4745	0.23687841
4746	0.23688437
4747	0.23712160
4748	0.23755023
4749	0.23802003
4750	0.23854974
4751	0.23903264
4752	0.23920806
4753	0.23912533
4754	0.23856513
4755	0.23747601
4756	0.23583180
4757	0.23374932
4758	0.23133320
4759	0.22843635
4760	0.22529808
4761	0.22211236
4762	0.21878542
4763	0.21559587
4764	0.21268611
4765	0.21007855
4766	0.20698582
4767	0.20447402
4768	0.20200126
4769	0.19992539
4770	0.19791254
4771	0.19613734
4772	0.19445117
4773	0.19336456
4774	0.19219255
4775	0.19119945
4776	0.19064836
4777	0.19022842
4778	0.19030580
4779	0.19067413
4780	0.19227153
4781	0.19262923
4782	0.19388722
4783	0.19566703
4784	0.19968754
4785	0.19985594
4786	0.19880973
4787	0.20611793
4788	0.20969951
4789	0.21366037
4790	0.21968269
4791	0.22433232
4792	0.22763820
4793	0.23167285
4794	0.23496599
4795	0.23842591
4796	0.24142556
4797	0.24419382
4798	0.24668854
4799	0.24945970
4800	0.25223869
4801	0.25496641
4802	0.25740841
4803	0.25929359
4804	0.26050866
4805	0.26096523
4806	0.26073623
4807	0.26008460
4808	0.25926718
4809	0.25850195
4810	0.25800437
4811	0.25778148
4812	0.25787693
4813	0.25887480
4814	0.25986829
4815	0.26138383
4816	0.26163116
4817	0.26213592
4818	0.26388085
4819	0.26598239
4820	0.26792040
4821	0.26984110
4822	0.27091882
4823	0.27170748
4824	0.27240664
4825	0.27266240
4826	0.27266842
4827	0.27255401
4828	0.27205911
4829	0.27148765
4830	0.27120295
4831	0.27106044
4832	0.27070424
4833	0.27071515
4834	0.27061462
4835	0.27058086
4836	0.26981965
4837	0.27028465
4838	0.27001441
4839	0.26975274
4840	0.26929760
4841	0.26872170
4842	0.26807430
4843	0.26730713
4844	0.26640913
4845	0.26517537
4846	0.26404780
4847	0.26281089
4848	0.26145482
4849	0.25999585
4850	0.25841051
4851	0.25674447
4852	0.25491714
4853	0.25283998
4854	0.25050783
4855	0.24808642
4856	0.24559061
4857	0.24313749
4858	0.24084885
4859	0.23894031
4860	0.23759401
4861	0.23660979
4862	0.23555234
4863	0.23421215
4864	0.23277387
4865	0.23114714
4866	0.22937529
4867	0.22765064
4868	0.22601041
4869	0.22423688
4870	0.22207972
4871	0.22099268
4872	0.21988961
4873	0.21894214
4874	0.21829855
4875	0.21792574
4876	0.21790291
4877	0.21815234
4878	0.21875045
4879	0.21961653
4880	0.22064352
4881	0.22178218
4882	0.22288172
4883	0.22373697
4884	0.22432208
4885	0.22439857
4886	0.22393413
4887	0.22289355
4888	0.22120415
4889	0.21900369
4890	0.21644607
4891	0.21341512
4892	0.21018049
4893	0.20674165
4894	0.20317344
4895	0.19969502
4896	0.19636911
4897	0.19323300
4898	0.18949275
4899	0.18628475
4900	0.18314481
4901	0.18021823
4902	0.17739618
4903	0.17476369
4904	0.17223321
4905	0.17036638
4906	0.16847660
4907	0.16679086
4908	0.16543159
4909	0.16447724
4910	0.16401152
4911	0.16444138
4912	0.16494440
4913	0.16587874
4914	0.16726056
4915	0.16506398
4916	0.16689956
4917	0.16984923
4918	0.17863405
4919	0.18228662
4920	0.18603688
4921	0.19004096
4922	0.19415358
4923	0.19794376
4924	0.20147447
4925	0.20503564
4926	0.20906712
4927	0.21306196
4928	0.21702024
4929	0.22154020
4930	0.22633655
4931	0.23142327
4932	0.23642996
4933	0.24114132
4934	0.24519961
4935	0.24839215
4936	0.25067511
4937	0.25201273
4938	0.25268623
4939	0.25288099
4940	0.25292122
4941	0.25314802
4942	0.25363764
4943	0.25458601
4944	0.25645351
4945	0.25838515
4946	0.26030543
4947	0.26098639
4948	0.26126307
4949	0.26254386
4950	0.26435471
4951	0.26600713
4952	0.26782253
4953	0.26888013
4954	0.26938042
4955	0.26954934
4956	0.26946333
4957	0.26909974
4958	0.26904485
4959	0.26846483
4960	0.26796788
4961	0.26772079
4962	0.26766258
4963	0.26716363
4964	0.26707026
4965	0.26684466
4966	0.26669511
4967	0.26636493
4968	0.26620671
4969	0.26581776
4970	0.26526311
4971	0.26474851
4972	0.26406392
4973	0.26334518
4974	0.26257706
4975	0.26166204
4976	0.26065791
4977	0.25931302
4978	0.25814256
4979	0.25690427
4980	0.25556877
4981	0.25430158
4982	0.25283945
4983	0.25125054
4984	0.24945611
4985	0.24746266
4986	0.24538560
4987	0.24339947
4988	0.24162610
4989	0.24017200
4990	0.23917806
4991	0.23879921
4992	0.23894675
4993	0.23913597
4994	0.23910595
4995	0.23895179
4996	0.23850080
4997	0.23784307
4998	0.23702808
4999	0.23603906
5000	0.23496906
5001	0.23373123
5002	0.23160642
5003	0.23031390
5004	0.22904330
5005	0.22795211
5006	0.22715381
5007	0.22664721
5008	0.22649258
5009	0.22665489
5010	0.22708160
5011	0.22775806
5012	0.22849691
5013	0.22936197
5014	0.23013447
5015	0.23077455
5016	0.23097190
5017	0.23072845
5018	0.22992431
5019	0.22852799
5020	0.22665578
5021	0.22434710
5022	0.22168390
5023	0.21876602
5024	0.21568409
5025	0.21246390
5026	0.20928270
5027	0.20653664
5028	0.20318222
5029	0.20031559
5030	0.19763751
5031	0.19512728
5032	0.19255388
5033	0.19027810
5034	0.18833795
5035	0.18637262
5036	0.18457817
5037	0.18328455
5038	0.18191041
5039	0.18075125
5040	0.17985106
5041	0.17925231
5042	0.17912936
5043	0.18023790
5044	0.18111856
5045	0.18219313
5046	0.18268965
5047	0.18672991
5048	0.18664221
5049	0.18920636
5050	0.19218440
5051	0.19553068
5052	0.19920614
5053	0.20329358
5054	0.20968193
5055	0.21374626
5056	0.21837685
5057	0.22251147
5058	0.22704771
5059	0.23141983
5060	0.23564777
5061	0.24000993
5062	0.24431995
5063	0.24904540
5064	0.25382066
5065	0.25831816
5066	0.26225787
5067	0.26539427
5068	0.26751193
5069	0.26868773
5070	0.26903078
5071	0.26883969
5072	0.26845172
5073	0.26810938
5074	0.26852185
5075	0.27002856
5076	0.27204752
5077	0.27361396
5078	0.27383229
5079	0.27529523
5080	0.27686450
5081	0.27901110
5082	0.28141949
5083	0.28308260
5084	0.28366771
5085	0.28392750
5086	0.28379804
5087	0.28381738
5088	0.28327677
5089	0.28275913
5090	0.28219622
5091	0.28186008
5092	0.28163162
5093	0.28158185
5094	0.28150392
5095	0.28116864
5096	0.28118423
5097	0.28111818
5098	0.28034180
5099	0.28015524
5100	0.28060776
5101	0.28053510
5102	0.27928543
5103	0.27955699
5104	0.27896070
5105	0.27827212
5106	0.27750906
5107	0.27669439
5108	0.27550447
5109	0.27448845
5110	0.27336225
5111	0.27219990
5112	0.27098116
5113	0.26972657
5114	0.26842761
5115	0.26693076
5116	0.26528281
5117	0.26344413
5118	0.26148453
5119	0.25951710
5120	0.25775245
5121	0.25633815
5122	0.25535828
5123	0.25493860
5124	0.25473523
5125	0.25472128
5126	0.25495282
5127	0.25523779
5128	0.25558454
5129	0.25597903
5130	0.25635603
5131	0.25639600
5132	0.25667694
5133	0.25598106
5134	0.25661537
5135	0.25690159
5136	0.25725886
5137	0.25778005
5138	0.25845870
5139	0.25923631
5140	0.26022589
5141	0.26137170
5142	0.26264212
5143	0.26395702
5144	0.26532558
5145	0.26659185
5146	0.26758718
5147	0.26817432
5148	0.26831976
5149	0.26776165
5150	0.26682553
5151	0.26524991
5152	0.26341063
5153	0.26130971
5154	0.25899902
5155	0.25664276
5156	0.25415555
5157	0.25170556
5158	0.24951303
5159	0.24703436
5160	0.24478585
5161	0.24265008
5162	0.24073184
5163	0.23864830
5164	0.23695219
5165	0.23520666
5166	0.23367178
5167	0.23232099
5168	0.23116833
5169	0.23050903
5170	0.22978596
5171	0.22942702
5172	0.22927459
5173	0.22939217
5174	0.22993186
5175	0.23175281
5176	0.23297806
5177	0.23436144
5178	0.23570271
5179	0.23684254
5180	0.23908573
5181	0.24460980
5182	0.24497572
5183	0.24844249
5184	0.25216445
5185	0.25612774
5186	0.26006168
5187	0.26414889
5188	0.26776603
5189	0.27061525
5190	0.27424636
5191	0.27692273
5192	0.27942860
5193	0.28195271
5194	0.28458419
5195	0.28724480
5196	0.28979743
5197	0.29203033
5198	0.29372978
5199	0.29480490
5200	0.29519975
5201	0.29506618
5202	0.29457659
5203	0.29395130
5204	0.29334506
5205	0.29344282
5206	0.29441988
5207	0.29578486
5208	0.29733691
5209	0.29745993
5210	0.29925781
5211	0.30193061
5212	0.30446741
5213	0.30613559
5214	0.30740643
5215	0.30855545
5216	0.30889431
5217	0.30908129
5218	0.30917957
5219	0.30916521
5220	0.30906746
5221	0.30887982
5222	0.30869743
5223	0.30859101
5224	0.30877313
5225	0.30789030
5226	0.30765060
5227	0.30734715
5228	0.30642015
5229	0.30602786
5230	0.30616549
5231	0.30607671
5232	0.30573237
5233	0.30519694
5234	0.30462915
5235	0.30397648
5236	0.30304694
5237	0.30209443
5238	0.30100122
5239	0.29960364
5240	0.29824716
5241	0.29678455
5242	0.29519409
5243	0.29355311
5244	0.29177842
5245	0.28993794
5246	0.28789413
5247	0.28574479
5248	0.28338456
5249	0.28091004
5250	0.27836698
5251	0.27594247
5252	0.27376515
5253	0.27210680
5254	0.27102524
5255	0.27050182
5256	0.27004716
5257	0.26947573
5258	0.26876816
5259	0.26781490
5260	0.26657382
5261	0.26523402
5262	0.26376811
5263	0.26213473
5264	0.26002562
5265	0.25909171
5266	0.25813651
5267	0.25743282
5268	0.25702542
5269	0.25698349
5270	0.25725308
5271	0.25779754
5272	0.25869063
5273	0.25980544
5274	0.26114434
5275	0.26256284
5276	0.26393482
5277	0.26512435
5278	0.26589683
5279	0.26613539
5280	0.26576829
5281	0.26482549
5282	0.26345587
5283	0.26154628
5284	0.25939178
5285	0.25698289
5286	0.25437602
5287	0.25174484
5288	0.24902944
5289	0.24639516
5290	0.24390799
5291	0.24147765
5292	0.23903342
5293	0.23668416
5294	0.23429476
5295	0.23217140
5296	0.23009688
5297	0.22817403
5298	0.22683632
5299	0.22524521
5300	0.22387132
5301	0.22275208
5302	0.22190093
5303	0.22130550
5304	0.22126538
5305	0.22239475
5306	0.22319256
5307	0.22361624
5308	0.22690982
5309	0.22639413
5310	0.22832859
5311	0.23274638
5312	0.23542358
5313	0.23584175
5314	0.23890817
5315	0.24244177
5316	0.24587803
5317	0.24936508
5318	0.25286105
5319	0.25631371
5320	0.25968078
5321	0.26343918
5322	0.26680619
5323	0.27047679
5324	0.27449423
5325	0.27885172
5326	0.28334299
5327	0.28777778
5328	0.29181468
5329	0.29527557
5330	0.29811314
5331	0.30024317
5332	0.30189326
5333	0.30322820
5334	0.30437046
5335	0.30552775
5336	0.30676475
5337	0.30773464
5338	0.30936465
5339	0.31125367
5340	0.31311607
5341	0.31511390
5342	0.31557587
5343	0.31718272
5344	0.31992829
5345	0.32254815
5346	0.32501420
5347	0.32673338
5348	0.32771647
5349	0.32832494
5350	0.32835749
5351	0.32796434
5352	0.32727975
5353	0.32659677
5354	0.32588884
5355	0.32541415
5356	0.32524699
5357	0.32487479
5358	0.32462671
5359	0.32456183
5360	0.32435292
5361	0.32369006
5362	0.32428524
5363	0.32387754
5364	0.32375294
5365	0.32320702
5366	0.32261360
5367	0.32190916
5368	0.32112455
5369	0.32019886
5370	0.31923369
5371	0.31794235
5372	0.31674129
5373	0.31546968
5374	0.31410635
5375	0.31264046
5376	0.31115645
5377	0.30946359
5378	0.30756035
5379	0.30540612
5380	0.30295905
5381	0.30031124
5382	0.29747072
5383	0.29466331
5384	0.29210603
5385	0.29013261
5386	0.28864336
5387	0.28721017
5388	0.28540874
5389	0.28335032
5390	0.28109905
5391	0.27867454
5392	0.27624106
5393	0.27390373
5394	0.27134567
5395	0.26844308
5396	0.26711482
5397	0.26554957
5398	0.26424217
5399	0.26330099
5400	0.26269186
5401	0.26249069
5402	0.26265115
5403	0.26316777
5404	0.26399094
5405	0.26502353
5406	0.26623261
5407	0.26737499
5408	0.26829162
5409	0.26893485
5410	0.26901874
5411	0.26848385
5412	0.26726970
5413	0.26554665
5414	0.26333553
5415	0.26071268
5416	0.25779983
5417	0.25452688
5418	0.25120413
5419	0.24790029
5420	0.24498522
5421	0.24162775
5422	0.23865046
5423	0.23579040
5424	0.23307079
5425	0.23036888
5426	0.22791505
5427	0.22580497
5428	0.22369260
5429	0.22186466
5430	0.22023368
5431	0.21917737
5432	0.21800797
5433	0.21715446
5434	0.21665075
5435	0.21650878
5436	0.21678106
5437	0.21742012
5438	0.21953748
5439	0.22091019
5440	0.22260508
5441	0.22437771
5442	0.22791910
5443	0.23061270
5444	0.23360887
5445	0.23690954
5446	0.24081321
5447	0.24162504
5448	0.24546276
5449	0.24986419
5450	0.25311416
5451	0.25689396
5452	0.26041302
5453	0.26372999
5454	0.26747686
5455	0.27013671
5456	0.27306747
5457	0.27592954
5458	0.27873284
5459	0.28123677
5460	0.28329551
5461	0.28464484
5462	0.28520611
5463	0.28499156
5464	0.28408512
5465	0.28279018
5466	0.28139442
5467	0.28021014
5468	0.28032035
5469	0.28136504
5470	0.28304011
5471	0.28401101
5472	0.28363520
5473	0.28507742
5474	0.28705874
5475	0.28922093
5476	0.29105207
5477	0.29207116
5478	0.29207966
5479	0.29234359
5480	0.29200634
5481	0.29150119
5482	0.29103422
5483	0.29050297
5484	0.29000413
5485	0.28957576
5486	0.28927571
5487	0.28909579
5488	0.28893265
5489	0.28855386
5490	0.28844166
5491	0.28829563
5492	0.28742027
5493	0.28697780
5494	0.28692105
5495	0.28676325
5496	0.28587660
5497	0.28515697
5498	0.28459436
5499	0.28366977
5500	0.28265509
5501	0.28145671
5502	0.27988890
5503	0.27850252
5504	0.27711409
5505	0.27556005
5506	0.27398747
5507	0.27236235
5508	0.27061760
5509	0.26873860
5510	0.26662925
5511	0.26438484
5512	0.26216370
5513	0.25998548
5514	0.25809479
5515	0.25650874
5516	0.25537264
5517	0.25469640
5518	0.25431839
5519	0.25370944
5520	0.25295198
5521	0.25219002
5522	0.25124544
5523	0.25030470
5524	0.24945469
5525	0.24856876
5526	0.24748607
5527	0.24581291
5528	0.24562766
5529	0.24530730
5530	0.24521592
5531	0.24550571
5532	0.24619316
5533	0.24713877
5534	0.24843016
5535	0.24986008
5536	0.25141147
5537	0.25302055
5538	0.25451007
5539	0.25577542
5540	0.25684017
5541	0.25751781
5542	0.25783265
5543	0.25747326
5544	0.25663665
5545	0.25531200
5546	0.25368473
5547	0.25157276
5548	0.24930380
5549	0.24678798
5550	0.24401951
5551	0.24132480
5552	0.23866703
5553	0.23639236
5554	0.23349263
5555	0.23101597
5556	0.22866048
5557	0.22639196
5558	0.22426979
5559	0.22228794
5560	0.22042780
5561	0.21877939
5562	0.21735440
5563	0.21652964
5564	0.21549399
5565	0.21480510
5566	0.21419068
5567	0.21392731
5568	0.21427089
5569	0.21517108
5570	0.21588992
5571	0.21691208
5572	0.21810615
5573	0.22062942
5574	0.22236401
5575	0.22446643
5576	0.22424074
5577	0.22640179
5578	0.22888994
5579	0.23149949
5580	0.23418373
5581	0.23698092
5582	0.23977652
5583	0.24271530
5584	0.24572860
5585	0.24798550
5586	0.25059658
5587	0.25339833
5588	0.25659925
5589	0.26012206
5590	0.26380992
5591	0.26745301
5592	0.27067718
5593	0.27332231
5594	0.27521190
5595	0.27634212
5596	0.27689329
5597	0.27710250
5598	0.27731368
5599	0.27771828
5600	0.27859029
5601	0.28024215
5602	0.28205496
5603	0.28416044
5604	0.28458989
5605	0.28509137
5606	0.28677154
5607	0.28874207
5608	0.29073700
5609	0.29235616
5610	0.29392391
5611	0.29379198
5612	0.29359117
5613	0.29311877
5614	0.29250902
5615	0.29178593
5616	0.29110283
5617	0.29041794
5618	0.28998119
5619	0.28975832
5620	0.28983089
5621	0.28918028
5622	0.28909451
5623	0.28897673
5624	0.28824311
5625	0.28797755
5626	0.28843218
5627	0.28815448
5628	0.28779891
5629	0.28731558
5630	0.28677481
5631	0.28597999
5632	0.28530303
5633	0.28429666
5634	0.28300264
5635	0.28187892
5636	0.28060949
5637	0.27933881
5638	0.27797201
5639	0.27647611
5640	0.27496260
5641	0.27325490
5642	0.27141944
5643	0.26958492
5644	0.26764449
5645	0.26582065
5646	0.26423290
5647	0.26317057
5648	0.26268563
5649	0.26275709
5650	0.26317394
5651	0.26347700
5652	0.26370618
5653	0.26371536
5654	0.26372114
5655	0.26360956
5656	0.26356187
5657	0.26339886
5658	0.26329461
5659	0.26222733
5660	0.26235235
5661	0.26229948
5662	0.26239598
5663	0.26260597
5664	0.26308510
5665	0.26377723
5666	0.26474035
5667	0.26592970
5668	0.26734501
5669	0.26888302
5670	0.27047309
5671	0.27196920
5672	0.27328718
5673	0.27429232
5674	0.27482805
5675	0.27485853
5676	0.27443770
5677	0.27356791
5678	0.27229011
5679	0.27069166
5680	0.26878515
5681	0.26678476
5682	0.26467490
5683	0.26264569
5684	0.26074114
5685	0.25846905
5686	0.25643066
5687	0.25441927
5688	0.25253227
5689	0.25052825
5690	0.24891858
5691	0.24741040
5692	0.24594401
5693	0.24513565
5694	0.24413681
5695	0.24340831
5696	0.24291848
5697	0.24274026
5698	0.24294911
5699	0.24339122
5700	0.24442835
5701	0.24649514
5702	0.24788651
5703	0.24951330
5704	0.25234899
5705	0.25451493
5706	0.25702989
5707	0.26000544
5708	0.26323181
5709	0.26655433
5710	0.27022782
5711	0.27403098
5712	0.27513081
5713	0.27882874
5714	0.28244898
5715	0.28597900
5716	0.28930697
5717	0.29237971
5718	0.29542282
5719	0.29847056
5720	0.30184811
5721	0.30569261
5722	0.30939290
5723	0.31305701
5724	0.31639257
5725	0.31917030
5726	0.32132259
5727	0.32283789
5728	0.32389030
5729	0.32473531
5730	0.32506716
5731	0.32572886
5732	0.32710415
5733	0.32883129
5734	0.33109173
5735	0.33285993
5736	0.33397815
5737	0.33770552
5738	0.33996168
5739	0.34234649
5740	0.34427640
5741	0.34525535
5742	0.34543863
5743	0.34526774
5744	0.34482464
5745	0.34427470
5746	0.34373158
5747	0.34321275
5748	0.34279731
5749	0.34257245
5750	0.34253547
5751	0.34248939
5752	0.34282753
5753	0.34213850
5754	0.34196013
5755	0.34170467
5756	0.34132218
5757	0.34036469
5758	0.34055743
5759	0.34028116
5760	0.33950818
5761	0.33879921
5762	0.33798811
5763	0.33702964
5764	0.33595192
5765	0.33497691
5766	0.33364087
5767	0.33185902
5768	0.33022171
5769	0.32850704
5770	0.32677957
5771	0.32496992
5772	0.32311159
5773	0.32102436
5774	0.31874496
5775	0.31610543
5776	0.31310686
5777	0.30984592
5778	0.30658785
5779	0.30366635
5780	0.30134991
5781	0.29982111
5782	0.29871982
5783	0.29777041
5784	0.29704934
5785	0.29615474
5786	0.29531342
5787	0.29440862
5788	0.29340884
5789	0.29245979
5790	0.29159939
5791	0.28990623
5792	0.28893888
5793	0.28804258
5794	0.28720808
5795	0.28667766
5796	0.28645793
5797	0.28655171
5798	0.28701594
5799	0.28780034
5800	0.28877324
5801	0.28993124
5802	0.29116508
5803	0.29245523
5804	0.29303136
5805	0.29339933
5806	0.29321751
5807	0.29253423
5808	0.29136238
5809	0.28979319
5810	0.28811955
5811	0.28583434
5812	0.28354311
5813	0.28123257
5814	0.27891323
5815	0.27677113
5816	0.27459511
5817	0.27263495
5818	0.27074739
5819	0.26898256
5820	0.26737252
5821	0.26589051
5822	0.26439846
5823	0.26334482
5824	0.26234972
5825	0.26161519
5826	0.26101196
5827	0.26095486
5828	0.26089019
5829	0.26119652
5830	0.26180327
5831	0.26273400
5832	0.26480952
5833	0.26620710
5834	0.26768366
5835	0.27070934
5836	0.27284387
5837	0.27532253
5838	0.27797389
5839	0.28091905
5840	0.28389579
5841	0.28703803
5842	0.29024661
5843	0.29284969
5844	0.29400834
5845	0.29706848
5846	0.29998267
5847	0.30291548
5848	0.30541444
5849	0.30762511
5850	0.31036049
5851	0.31277856
5852	0.31605566
5853	0.31861427
5854	0.32095510
5855	0.32270831
5856	0.32380792
5857	0.32415029
5858	0.32392228
5859	0.32331818
5860	0.32260776
5861	0.32207522
5862	0.32253745
5863	0.32324994
5864	0.32542759
5865	0.32679591
5866	0.32736698
5867	0.32934701
5868	0.33190095
5869	0.33543187
5870	0.33718529
5871	0.33823666
5872	0.33843419
5873	0.33823991
5874	0.33790633
5875	0.33745503
5876	0.33700547
5877	0.33658186
5878	0.33613542
5879	0.33585167
5880	0.33567664
5881	0.33559451
5882	0.33548555
5883	0.33521795
5884	0.33516872
5885	0.33504930
5886	0.33471957
5887	0.33429778
5888	0.33323348
5889	0.33360285
5890	0.33215496
5891	0.33213583
5892	0.33136225
5893	0.33046287
5894	0.32943442
5895	0.32831687
5896	0.32734048
5897	0.32577395
5898	0.32437950
5899	0.32294655
5900	0.32140812
5901	0.31980669
5902	0.31803635
5903	0.31606323
5904	0.31389380
5905	0.31144467
5906	0.30886817
5907	0.30617902
5908	0.30368185
5909	0.30157000
5910	0.30005062
5911	0.29901421
5912	0.29818645
5913	0.29739073
5914	0.29676819
5915	0.29609802
5916	0.29533324
5917	0.29449287
5918	0.29357439
5919	0.29257384
5920	0.29124525
5921	0.28926349
5922	0.28872818
5923	0.28797874
5924	0.28734195
5925	0.28688329
5926	0.28657639
5927	0.28642511
5928	0.28644070
5929	0.28665206
5930	0.28694886
5931	0.28736931
5932	0.28772765
5933	0.28801748
5934	0.28798437
5935	0.28751460
5936	0.28622505
5937	0.28472528
5938	0.28259316
5939	0.27987137
5940	0.27685654
5941	0.27348503
5942	0.27001724
5943	0.26643479
5944	0.26258215
5945	0.25894776
5946	0.25572455
5947	0.25178549
5948	0.24829288
5949	0.24495380
5950	0.24170762
5951	0.23858890
5952	0.23566510
5953	0.23304240
5954	0.23035364
5955	0.22811165
5956	0.22595289
5957	0.22414234
5958	0.22282723
5959	0.22144580
5960	0.22035216
5961	0.21945812
5962	0.21878935
5963	0.21912646
5964	0.21920967
5965	0.21934013
5966	0.21971151
5967	0.22054231
5968	0.21930204
5969	0.22154203
5970	0.22316478
5971	0.22507672
5972	0.22716673
5973	0.22930688
5974	0.23166387
5975	0.23631963
5976	0.23897868
5977	0.24147479
5978	0.24230962
5979	0.24455851
5980	0.24689730
5981	0.24949089
5982	0.25240144
5983	0.25570130
5984	0.25921041
5985	0.26265973
5986	0.26572666
5987	0.26818660
5988	0.26989004
5989	0.27087629
5990	0.27122208
5991	0.27115923
5992	0.27095979
5993	0.27088639
5994	0.27110463
5995	0.27163133
5996	0.27299261
5997	0.27459690
5998	0.27657133
5999	0.27736458
6000	0.27751714
6001	0.27903154
6002	0.28107223
6003	0.28341317
6004	0.28515559
6005	0.28574857
6006	0.28655508
6007	0.28693384
6008	0.28783312
6009	0.28716892
6010	0.28684917
6011	0.28628919
6012	0.28597564
6013	0.28595796
6014	0.28577989
6015	0.28573716
6016	0.28561980
6017	0.28551272
6018	0.28467602
6019	0.28432715
6020	0.28477931
6021	0.28432187
6022	0.28376505
6023	0.28342098
6024	0.28283817
6025	0.28231603
6026	0.28155220
6027	0.28077751
6028	0.27968395
6029	0.27867845
6030	0.27757996
6031	0.27647498
6032	0.27530479
6033	0.27413702
6034	0.27290943
6035	0.27166429
6036	0.27024719
6037	0.26867691
6038	0.26690307
6039	0.26506528
6040	0.26341367
6041	0.26197055
6042	0.26097792
6043	0.26056010
6044	0.26072133
6045	0.26111469
6046	0.26137465
6047	0.26149493
6048	0.26133752
6049	0.26083598
6050	0.25998759
6051	0.25897756
6052	0.25779787
6053	0.25667650
6054	0.25562724
6055	0.25392559
6056	0.25338125
6057	0.25299513
6058	0.25283989
6059	0.25291145
6060	0.25317654
6061	0.25357306
6062	0.25408074
6063	0.25466520
6064	0.25535032
6065	0.25594258
6066	0.25639728
6067	0.25672731
6068	0.25680584
6069	0.25650218
6070	0.25575894
6071	0.25459513
6072	0.25304183
6073	0.25112709
6074	0.24887320
6075	0.24646030
6076	0.24378969
6077	0.24114031
6078	0.23877436
6079	0.23587893
6080	0.23337929
6081	0.23106053
6082	0.22877239
6083	0.22678281
6084	0.22493441
6085	0.22337560
6086	0.22187041
6087	0.22102346
6088	0.21983890
6089	0.21891005
6090	0.21826507
6091	0.21785975
6092	0.21780239
6093	0.21800479
6094	0.21851908
6095	0.21998046
6096	0.22165111
6097	0.22253124
6098	0.22449976
6099	0.22612484
6100	0.22890946
6101	0.23372616
6102	0.23688717
6103	0.24031851
6104	0.24436742
6105	0.24538411
6106	0.24950656
6107	0.25376746
6108	0.25790161
6109	0.26205507
6110	0.26617599
6111	0.27011514
6112	0.27388549
6113	0.27760518
6114	0.28186047
6115	0.28601876
6116	0.29028633
6117	0.29468232
6118	0.29889080
6119	0.30268320
6120	0.30584022
6121	0.30823156
6122	0.30988923
6123	0.31097516
6124	0.31166700
6125	0.31158754
6126	0.31225887
6127	0.31364182
6128	0.31521723
6129	0.31775260
6130	0.31884316
6131	0.32054809
6132	0.32410535
6133	0.32673642
6134	0.32931986
6135	0.33133894
6136	0.33230406
6137	0.33279109
6138	0.33287522
6139	0.33260295
6140	0.33214667
6141	0.33169124
6142	0.33121294
6143	0.33089259
6144	0.33067694
6145	0.33044273
6146	0.33021364
6147	0.32969522
6148	0.32945406
6149	0.32913029
6150	0.32807994
6151	0.32755613
6152	0.32792684
6153	0.32739365
6154	0.32666045
6155	0.32587790
6156	0.32509190
6157	0.32415169
6158	0.32314855
6159	0.32210225
6160	0.32060689
6161	0.31935301
6162	0.31793544
6163	0.31643796
6164	0.31484255
6165	0.31316003
6166	0.31125075
6167	0.30912182
6168	0.30672708
6169	0.30399179
6170	0.30097765
6171	0.29778600
6172	0.29468209
6173	0.29201555
6174	0.29000029
6175	0.28854617
6176	0.28731698
6177	0.28608057
6178	0.28502595
6179	0.28366715
6180	0.28235340
6181	0.28102902
6182	0.27978075
6183	0.27851760
6184	0.27649745
6185	0.27576545
6186	0.27495947
6187	0.27420485
6188	0.27374780
6189	0.27356467
6190	0.27362630
6191	0.27399176
6192	0.27465078
6193	0.27553451
6194	0.27668747
6195	0.27790540
6196	0.27912554
6197	0.28024736
6198	0.28109726
6199	0.28152931
6200	0.28138396
6201	0.28067216
6202	0.27931216
6203	0.27749193
6204	0.27538845
6205	0.27287936
6206	0.27024940
6207	0.26739368
6208	0.26476121
6209	0.26209286
6210	0.25941455
6211	0.25687709
6212	0.25468859
6213	0.25170296
6214	0.24934854
6215	0.24701838
6216	0.24489686
6217	0.24265248
6218	0.24072026
6219	0.23891239
6220	0.23757458
6221	0.23613313
6222	0.23492326
6223	0.23391795
6224	0.23319207
6225	0.23276822
6226	0.23269005
6227	0.23360416
6228	0.23395160
6229	0.23556075
6230	0.23648158
6231	0.23763689
6232	0.23911363
6233	0.24084690
6234	0.24299951
6235	0.24260136
6236	0.24516034
6237	0.24781489
6238	0.25075808
6239	0.25334293
6240	0.25605372
6241	0.25863639
6242	0.26192695
6243	0.26442704
6244	0.26697749
6245	0.27014014
6246	0.27366167
6247	0.27737355
6248	0.28101841
6249	0.28433058
6250	0.28707579
6251	0.28909793
6252	0.29042739
6253	0.29122022
6254	0.29166150
6255	0.29198742
6256	0.29238385
6257	0.29336408
6258	0.29472783
6259	0.29607579
6260	0.29750314
6261	0.29787120
6262	0.29973173
6263	0.30213770
6264	0.30455849
6265	0.30740094
6266	0.30844381
6267	0.30916116
6268	0.30964893
6269	0.30958107
6270	0.30919451
6271	0.30860656
6272	0.30791205
6273	0.30735266
6274	0.30701521
6275	0.30693880
6276	0.30689684
6277	0.30660170
6278	0.30648026
6279	0.30629915
6280	0.30554011
6281	0.30526924
6282	0.30510643
6283	0.30547306
6284	0.30507445
6285	0.30451247
6286	0.30383506
6287	0.30315098
6288	0.30230096
6289	0.30134982
6290	0.30004579
6291	0.29886198
6292	0.29755798
6293	0.29616904
6294	0.29471311
6295	0.29316440
6296	0.29145035
6297	0.28955451
6298	0.28741953
6299	0.28495556
6300	0.28222886
6301	0.27926281
6302	0.27616838
6303	0.27326971
6304	0.27083054
6305	0.26910093
6306	0.26798376
6307	0.26699501
6308	0.26602301
6309	0.26513830
6310	0.26394895
6311	0.26272634
6312	0.26150766
6313	0.25999928
6314	0.25865048
6315	0.25687215
6316	0.25594160
6317	0.25506958
6318	0.25449094
6319	0.25416273
6320	0.25416538
6321	0.25447977
6322	0.25514090
6323	0.25612620
6324	0.25731122
6325	0.25872153
6326	0.26023960
6327	0.26171422
6328	0.26306194
6329	0.26397347
6330	0.26456949
6331	0.26445889
6332	0.26384264
6333	0.26273853
6334	0.26121607
6335	0.25928062
6336	0.25687966
6337	0.25437725
6338	0.25163996
6339	0.24884844
6340	0.24613903
6341	0.24355569
6342	0.24126484
6343	0.23821492
6344	0.23561765
6345	0.23305757
6346	0.23046130
6347	0.22804084
6348	0.22590895
6349	0.22390118
6350	0.22247902
6351	0.22096863
6352	0.21964075
6353	0.21884111
6354	0.21827260
6355	0.21813813
6356	0.21934418
6357	0.22007354
6358	0.22108293
6359	0.22247399
6360	0.22529708
6361	0.22750618
6362	0.23026311
6363	0.23061094
6364	0.23362720
6365	0.23695973
6366	0.24047527
6367	0.24426544
6368	0.24800332
6369	0.25166044
6370	0.25525433
6371	0.25967678
6372	0.26292381
6373	0.26620403
6374	0.26951697
6375	0.27302951
6376	0.27694929
6377	0.28128907
6378	0.28572074
6379	0.28989062
6380	0.29357371
6381	0.29657450
6382	0.29893178
6383	0.30072269
6384	0.30219173
6385	0.30344701
6386	0.30454642
6387	0.30558416
6388	0.30697775
6389	0.30867106
6390	0.31052312
6391	0.31207082
6392	0.31299037
6393	0.31527176
6394	0.31818578
6395	0.32066733
6396	0.32377234
6397	0.32522067
6398	0.32597366
6399	0.32619521
6400	0.32591885
6401	0.32536229
6402	0.32473713
6403	0.32412225
6404	0.32366207
6405	0.32344604
6406	0.32360080
6407	0.32387680
6408	0.32346246
6409	0.32342800
6410	0.32323936
6411	0.32229346
6412	0.32190645
6413	0.32214803
6414	0.32198438
6415	0.32142043
6416	0.32080919
6417	0.32023466
6418	0.31947660
6419	0.31870055
6420	0.31778190
6421	0.31649339
6422	0.31527072
6423	0.31399158
6424	0.31259161
6425	0.31114441
6426	0.30955833
6427	0.30786631
6428	0.30600181
6429	0.30388346
6430	0.30144200
6431	0.29874173
6432	0.29587424
6433	0.29293475
6434	0.29022667
6435	0.28783077
6436	0.28608951
6437	0.28476471
6438	0.28340510
6439	0.28207090
6440	0.28064346
6441	0.27900040
6442	0.27731097
6443	0.27580103
6444	0.27439520
6445	0.27289364
6446	0.27087528
6447	0.27030793
6448	0.26943338
6449	0.26876390
6450	0.26830882
6451	0.26810884
6452	0.26811704
6453	0.26843503
6454	0.26898938
6455	0.26972511
6456	0.27067104
6457	0.27165750
6458	0.27266371
6459	0.27348515
6460	0.27395260
6461	0.27390167
6462	0.27331445
6463	0.27202621
6464	0.27013659
6465	0.26806965
6466	0.26560229
6467	0.26281109
6468	0.25978321
6469	0.25671619
6470	0.25348333
6471	0.25080395
6472	0.24791244
6473	0.24498607
6474	0.24221998
6475	0.23954676
6476	0.23732816
6477	0.23419590
6478	0.23183645
6479	0.22924553
6480	0.22705851
6481	0.22504745
6482	0.22319296
6483	0.22189978
6484	0.22040191
6485	0.21928886
6486	0.21832965
6487	0.21780056
6488	0.21730214
6489	0.21824159
6490	0.21840961
6491	0.21874003
6492	0.22049183
6493	0.22141507
6494	0.22330838
6495	0.22177023
6496	0.22347187
6497	0.22548836
6498	0.22774753
6499	0.23013979
6500	0.23312764
6501	0.23612100
6502	0.23796238
6503	0.23982427
6504	0.24135564
6505	0.24261954
6506	0.24361846
6507	0.24501835
6508	0.24656621
6509	0.24816108
6510	0.24956857
6511	0.25060320
6512	0.25099498
6513	0.25068572
6514	0.24980392
6515	0.24842224
6516	0.24688570
6517	0.24540944
6518	0.24410196
6519	0.24348529
6520	0.24428597
6521	0.24532875
6522	0.24666597
6523	0.24671195
6524	0.24734728
6525	0.24881884
6526	0.25100043
6527	0.25281149
6528	0.25431451
6529	0.25499085
6530	0.25537491
6531	0.25569695
6532	0.25565192
6533	0.25537905
6534	0.25543058
6535	0.25447235
6536	0.25391507
6537	0.25355339
6538	0.25309217
6539	0.25286034
6540	0.25285062
6541	0.25270626
6542	0.25200763
6543	0.25166386
6544	0.25182289
6545	0.25189677
6546	0.25140992
6547	0.25088352
6548	0.25029644
6549	0.24962054
6550	0.24884912
6551	0.24774903
6552	0.24677914
6553	0.24570166
6554	0.24453524
6555	0.24335888
6556	0.24211571
6557	0.24076320
6558	0.23943339
6559	0.23795766
6560	0.23634009
6561	0.23463783
6562	0.23297293
6563	0.23132648
6564	0.22989401
6565	0.22881542
6566	0.22821352
6567	0.22803174
6568	0.22826512
6569	0.22877756
6570	0.22900583
6571	0.22918512
6572	0.22918290
6573	0.22890294
6574	0.22852604
6575	0.22800171
6576	0.22742309
6577	0.22581922
6578	0.22568575
6579	0.22540773
6580	0.22527407
6581	0.22540298
6582	0.22575344
6583	0.22634380
6584	0.22713865
6585	0.22825986
6586	0.22954662
6587	0.23104884
6588	0.23259285
6589	0.23409687
6590	0.23549403
6591	0.23648074
6592	0.23701891
6593	0.23706582
6594	0.23666133
6595	0.23569170
6596	0.23441704
6597	0.23282780
6598	0.23086074
6599	0.22880735
6600	0.22665447
6601	0.22449155
6602	0.22240835
6603	0.22047181
6604	0.21882419
6605	0.21649809
6606	0.21465726
6607	0.21280161
6608	0.21121836
6609	0.20996319
6610	0.20876932
6611	0.20776731
6612	0.20725894
6613	0.20671903
6614	0.20645124
6615	0.20660380
6616	0.20697197
6617	0.20784406
6618	0.20917445
6619	0.21115428
6620	0.21264617
6621	0.21620858
6622	0.21547268
6623	0.21782190
6624	0.22067130
6625	0.22369936
6626	0.22690973
6627	0.23014778
6628	0.23363130
6629	0.23854309
6630	0.24198793
6631	0.24492769
6632	0.24814631
6633	0.25106934
6634	0.25383365
6635	0.25640288
6636	0.25901401
6637	0.26208189
6638	0.26537710
6639	0.26879337
6640	0.27202529
6641	0.27480090
6642	0.27696154
6643	0.27834690
6644	0.27911383
6645	0.27936459
6646	0.27933994
6647	0.27929899
6648	0.27936137
6649	0.27958611
6650	0.28024793
6651	0.28165266
6652	0.28323016
6653	0.28476444
6654	0.28498736
6655	0.28669578
6656	0.28861684
6657	0.29131299
6658	0.29337436
6659	0.29498434
6660	0.29579002
6661	0.29637122
6662	0.29734051
6663	0.29654333
6664	0.29605329
6665	0.29540521
6666	0.29480276
6667	0.29438457
6668	0.29430947
6669	0.29387325
6670	0.29386199
6671	0.29374835
6672	0.29303914
6673	0.29281774
6674	0.29304063
6675	0.29315731
6676	0.29298779
6677	0.29172283
6678	0.29206094
6679	0.29146859
6680	0.29075190
6681	0.28985867
6682	0.28867877
6683	0.28757581
6684	0.28645766
6685	0.28521791
6686	0.28387448
6687	0.28240234
6688	0.28083035
6689	0.27914932
6690	0.27727681
6691	0.27522376
6692	0.27297768
6693	0.27060378
6694	0.26812130
6695	0.26573572
6696	0.26345736
6697	0.26159722
6698	0.26008964
6699	0.25903019
6700	0.25809142
6701	0.25700590
6702	0.25608596
6703	0.25515118
6704	0.25426918
6705	0.25352222
6706	0.25288859
6707	0.25217777
6708	0.25114077
6709	0.25095570
6710	0.25070912
6711	0.25060111
6712	0.25072372
6713	0.25111577
6714	0.25187093
6715	0.25295752
6716	0.25439438
6717	0.25606841
6718	0.25792420
6719	0.25985608
6720	0.26172438
6721	0.26329511
6722	0.26444289
6723	0.26498666
6724	0.26505321
6725	0.26444507
6726	0.26340559
6727	0.26196772
6728	0.26019073
6729	0.25811473
6730	0.25586954
6731	0.25354075
6732	0.25116777
6733	0.24870895
6734	0.24638130
6735	0.24393645
6736	0.24153958
6737	0.23908743
6738	0.23687072
6739	0.23498242
6740	0.23309787
6741	0.23190624
6742	0.23045544
6743	0.22931272
6744	0.22846004
6745	0.22796060
6746	0.22778250
6747	0.22807327
6748	0.22937807
6749	0.23048098
6750	0.23176099
6751	0.23317020
6752	0.23624007
6753	0.23866378
6754	0.24153192
6755	0.24211872
6756	0.24548502
6757	0.24908762
6758	0.25291380
6759	0.25702000
6760	0.26095816
6761	0.26474351
6762	0.26857722
6763	0.27263486
6764	0.27629542
6765	0.27937222
6766	0.28197485
6767	0.28504860
6768	0.28834388
6769	0.29185790
6770	0.29533923
6771	0.29854912
6772	0.30122456
6773	0.30327079
6774	0.30457380
6775	0.30527693
6776	0.30558103
6777	0.30568057
6778	0.30575591
6779	0.30608729
6780	0.30735561
6781	0.30890903
6782	0.31055981
6783	0.31202325
6784	0.31321827
6785	0.31540033
6786	0.31777468
6787	0.32019562
6788	0.32311112
6789	0.32405442
6790	0.32427326
6791	0.32415098
6792	0.32372886
6793	0.32316458
6794	0.32255203
6795	0.32203451
6796	0.32161263
6797	0.32138634
6798	0.32130837
6799	0.32137305
6800	0.32079679
6801	0.32049915
6802	0.32021517
6803	0.31920141
6804	0.31868941
6805	0.31897405
6806	0.31838399
6807	0.31764144
6808	0.31702265
6809	0.31629047
6810	0.31544608
6811	0.31472647
6812	0.31362951
6813	0.31207412
6814	0.31083146
6815	0.30942354
6816	0.30801547
6817	0.30656570
6818	0.30502617
6819	0.30340031
6820	0.30159026
6821	0.29966193
6822	0.29752314
6823	0.29522613
6824	0.29292643
6825	0.29064068
6826	0.28858119
6827	0.28695250
6828	0.28574699
6829	0.28478527
6830	0.28371191
6831	0.28248143
6832	0.28125980
6833	0.27988115
6834	0.27859220
6835	0.27735308
6836	0.27610949
6837	0.27491391
6838	0.27281186
6839	0.27198583
6840	0.27104574
6841	0.27027184
6842	0.26975957
6843	0.26949286
6844	0.26957962
6845	0.26997274
6846	0.27063802
6847	0.27146319
6848	0.27240649
6849	0.27337736
6850	0.27414978
6851	0.27468202
6852	0.27465370
6853	0.27409047
6854	0.27293795
6855	0.27129918
6856	0.26929578
6857	0.26699474
6858	0.26446575
6859	0.26151708
6860	0.25883836
6861	0.25602683
6862	0.25308833
6863	0.25021470
6864	0.24738324
6865	0.24458577
6866	0.24204712
6867	0.23923703
6868	0.23669124
6869	0.23428451
6870	0.23206271
6871	0.23012377
6872	0.22875860
6873	0.22729862
6874	0.22605087
6875	0.22512856
6876	0.22448817
6877	0.22441484
6878	0.22452791
6879	0.22592694
6880	0.22674119
6881	0.22872236
6882	0.23014502
6883	0.23183770
6884	0.23379298
6885	0.23605736
6886	0.23571940
6887	0.23817272
6888	0.24068312
6889	0.24373750
6890	0.24558578
6891	0.24790099
6892	0.25015402
6893	0.25256601
6894	0.25406694
6895	0.25520843
6896	0.25631654
6897	0.25769097
6898	0.25915861
6899	0.26054668
6900	0.26172942
6901	0.26245305
6902	0.26256225
6903	0.26206839
6904	0.26096860
6905	0.25944749
6906	0.25767457
6907	0.25585157
6908	0.25400141
6909	0.25303292
6910	0.25344786
6911	0.25420818
6912	0.25519949
6913	0.25518271
6914	0.25647032
6915	0.25854814
6916	0.26041096
6917	0.26273307
6918	0.26413924
6919	0.26448143
6920	0.26482153
6921	0.26488030
6922	0.26474509
6923	0.26529461
6924	0.26456261
6925	0.26410189
6926	0.26381800
6927	0.26380849
6928	0.26401335
6929	0.26380813
6930	0.26393688
6931	0.26398364
6932	0.26326147
6933	0.26304001
6934	0.26335159
6935	0.26330236
6936	0.26263028
6937	0.26215941
6938	0.26159477
6939	0.26094797
6940	0.26018628
6941	0.25933251
6942	0.25833371
6943	0.25712267
6944	0.25581458
6945	0.25434232
6946	0.25284263
6947	0.25115192
6948	0.24952661
6949	0.24780710
6950	0.24592201
6951	0.24392107
6952	0.24176504
6953	0.23949675
6954	0.23719656
6955	0.23507026
6956	0.23321907
6957	0.23183139
6958	0.23077033
6959	0.22996812
6960	0.22889939
6961	0.22744626
6962	0.22580223
6963	0.22393195
6964	0.22190307
6965	0.21987511
6966	0.21773441
6967	0.21528748
6968	0.21393429
6969	0.21274868
6970	0.21187158
6971	0.21147649
6972	0.21155593
6973	0.21203399
6974	0.21301134
6975	0.21445607
6976	0.21632546
6977	0.21846551
6978	0.22085913
6979	0.22330621
6980	0.22569273
6981	0.22776817
6982	0.22943647
6983	0.23040152
6984	0.23081064
6985	0.23065203
6986	0.22994521
6987	0.22867960
6988	0.22709404
6989	0.22527371
6990	0.22326472
6991	0.22124921
6992	0.21927848
6993	0.21736635
6994	0.21569674
6995	0.21351889
6996	0.21154429
6997	0.20942253
6998	0.20746168
6999	0.20562500
7000	0.20399792
7001	0.20295796
7002	0.20158349
7003	0.20039764
7004	0.19939515
7005	0.19862057
7006	0.19806685
7007	0.19800627
7008	0.19744146
7009	0.20009820
7010	0.20124021
7011	0.20239076
7012	0.20607203
7013	0.20512314
7014	0.20727113
7015	0.20962423
7016	0.21221697
7017	0.21511318
7018	0.21820484
7019	0.22140595
7020	0.22471541
7021	0.22925867
7022	0.23182827
7023	0.23488466
7024	0.23775604
7025	0.24062419
7026	0.24343173
7027	0.24674091
7028	0.25040606
7029	0.25434938
7030	0.25848082
7031	0.26242536
7032	0.26605126
7033	0.26918551
7034	0.27164933
7035	0.27356854
7036	0.27497149
7037	0.27611113
7038	0.27718496
7039	0.27832574
7040	0.27969855
7041	0.28156078
7042	0.28343669
7043	0.28580046
7044	0.28619403
7045	0.28724429
7046	0.28907087
7047	0.29127231
7048	0.29326719
7049	0.29487374
7050	0.29634488
7051	0.29624262
7052	0.29630500
7053	0.29617366
7054	0.29598397
7055	0.29560554
7056	0.29514611
7057	0.29477853
7058	0.29458073
7059	0.29458031
7060	0.29459760
7061	0.29435483
7062	0.29447755
7063	0.29431951
7064	0.29368538
7065	0.29374233
7066	0.29394743
7067	0.29373407
7068	0.29339179
7069	0.29290423
7070	0.29244897
7071	0.29182795
7072	0.29115835
7073	0.29034257
7074	0.28918833
7075	0.28806147
7076	0.28688443
7077	0.28562930
7078	0.28427514
7079	0.28291878
7080	0.28139251
7081	0.27980256
7082	0.27797997
7083	0.27607471
7084	0.27400869
7085	0.27201012
7086	0.27014738
7087	0.26869899
7088	0.26767305
7089	0.26724288
7090	0.26720628
7091	0.26723844
7092	0.26698154
7093	0.26667818
7094	0.26621240
7095	0.26546967
7096	0.26455328
7097	0.26328775
7098	0.26126927
7099	0.26061144
7100	0.25970277
7101	0.25897351
7102	0.25849649
7103	0.25827402
7104	0.25826782
7105	0.25845602
7106	0.25886405
7107	0.25947985
7108	0.26023918
7109	0.26113123
7110	0.26209185
7111	0.26298478
7112	0.26361445
7113	0.26399082
7114	0.26395446
7115	0.26350918
7116	0.26269224
7117	0.26152208
7118	0.26010323
7119	0.25851277
7120	0.25685349
7121	0.25509888
7122	0.25349456
7123	0.25203034
7124	0.25081125
7125	0.24971265
7126	0.24798621
7127	0.24672514
7128	0.24555300
7129	0.24428526
7130	0.24328983
7131	0.24233192
7132	0.24146117
7133	0.24069804
7134	0.24028708
7135	0.23982371
7136	0.23937434
7137	0.23918891
7138	0.23918673
7139	0.23942725
7140	0.24096830
7141	0.24170545
7142	0.24262965
7143	0.24367097
7144	0.24532562
7145	0.24820490
7146	0.25041661
7147	0.25351560
7148	0.25317603
7149	0.25615397
7150	0.25918978
7151	0.26226923
7152	0.26582569
7153	0.26837546
7154	0.27130890
7155	0.27486780
7156	0.27720711
7157	0.27925849
7158	0.28096074
7159	0.28306738
7160	0.28541046
7161	0.28799206
7162	0.29070622
7163	0.29325521
7164	0.29545966
7165	0.29705694
7166	0.29808664
7167	0.29858828
7168	0.29872954
7169	0.29867780
7170	0.29876193
7171	0.29967096
7172	0.30107504
7173	0.30329484
7174	0.30437073
7175	0.30469346
7176	0.30726010
7177	0.30952930
7178	0.31204483
7179	0.31413305
7180	0.31534800
7181	0.31659091
7182	0.31635407
7183	0.31596932
7184	0.31538856
7185	0.31471235
7186	0.31407627
7187	0.31354636
7188	0.31323227
7189	0.31302306
7190	0.31329912
7191	0.31256855
7192	0.31240806
7193	0.31224805
7194	0.31132501
7195	0.31098464
7196	0.31114960
7197	0.31102803
7198	0.31052798
7199	0.30992565
7200	0.30925119
7201	0.30831093
7202	0.30737150
7203	0.30628014
7204	0.30479103
7205	0.30342045
7206	0.30194899
7207	0.30036321
7208	0.29870152
7209	0.29692930
7210	0.29499617
7211	0.29288256
7212	0.29046729
7213	0.28773299
7214	0.28474930
7215	0.28153145
7216	0.27823350
7217	0.27511564
7218	0.27240545
7219	0.27029315
7220	0.26864949
7221	0.26731059
7222	0.26615047
7223	0.26516542
7224	0.26415372
7225	0.26309383
7226	0.26205674
7227	0.26102665
7228	0.25998208
7229	0.25808623
7230	0.25726944
7231	0.25635871
7232	0.25563937
7233	0.25506949
7234	0.25470293
7235	0.25451693
7236	0.25456306
7237	0.25478923
7238	0.25518537
7239	0.25563166
7240	0.25607771
7241	0.25634569
7242	0.25640151
7243	0.25619164
7244	0.25535348
7245	0.25418821
7246	0.25245848
7247	0.25043339
7248	0.24815609
7249	0.24555643
7250	0.24264070
7251	0.23970060
7252	0.23661180
7253	0.23354968
7254	0.23041713
7255	0.22747640
7256	0.22491372
7257	0.22159204
7258	0.21888709
7259	0.21610615
7260	0.21378371
7261	0.21156988
7262	0.20940365
7263	0.20801279
7264	0.20636180
7265	0.20498367
7266	0.20398492
7267	0.20318703
7268	0.20289104
7269	0.20279130
7270	0.20453691
7271	0.20574574
7272	0.20629792
7273	0.20765230
7274	0.20961325
7275	0.21182443
7276	0.21428521
7277	0.21690153
7278	0.21977572
7279	0.22294931
7280	0.22640291
7281	0.23244546
7282	0.23594558
7283	0.23928897
7284	0.24265778
7285	0.24659146
7286	0.25049499
7287	0.25460094
7288	0.25878495
7289	0.26318198
7290	0.26808307
7291	0.27317113
7292	0.27819911
7293	0.28284281
7294	0.28694484
7295	0.29027525
7296	0.29282227
7297	0.29466718
7298	0.29600778
7299	0.29704326
7300	0.29800317
7301	0.29942566
7302	0.30117297
7303	0.30393055
7304	0.30523187
7305	0.30659783
7306	0.30888280
7307	0.31187055
7308	0.31502995
7309	0.31748024
7310	0.31896424
7311	0.31978005
7312	0.32042289
7313	0.31983724
7314	0.31920081
7315	0.31847328
7316	0.31783199
7317	0.31739086
7318	0.31726989
7319	0.31731874
7320	0.31740311
7321	0.31709316
7322	0.31698385
7323	0.31664822
7324	0.31574425
7325	0.31542343
7326	0.31551358
7327	0.31564364
7328	0.31515175
7329	0.31454289
7330	0.31394824
7331	0.31323171
7332	0.31237394
7333	0.31146261
7334	0.31006259
7335	0.30880785
7336	0.30749169
7337	0.30595788
7338	0.30438906
7339	0.30265722
7340	0.30080596
7341	0.29873902
7342	0.29633087
7343	0.29357234
7344	0.29040748
7345	0.28694242
7346	0.28342471
7347	0.28009927
7348	0.27729210
7349	0.27518937
7350	0.27370581
7351	0.27228153
7352	0.27097937
7353	0.26969469
7354	0.26815870
7355	0.26660147
7356	0.26505667
7357	0.26350945
7358	0.26186866
7359	0.25996935
7360	0.25874537
7361	0.25760022
7362	0.25658306
7363	0.25584948
7364	0.25530913
7365	0.25507605
7366	0.25508299
7367	0.25524837
7368	0.25564587
7369	0.25617132
7370	0.25671387
7371	0.25710258
7372	0.25738019
7373	0.25723898
7374	0.25659806
7375	0.25543198
7376	0.25372162
7377	0.25166678
7378	0.24917099
7379	0.24640861
7380	0.24341986
7381	0.24034028
7382	0.23730110
7383	0.23433067
7384	0.23191737
7385	0.22877176
7386	0.22623228
7387	0.22382195
7388	0.22155446
7389	0.21947429
7390	0.21737732
7391	0.21581092
7392	0.21431574
7393	0.21295953
7394	0.21225867
7395	0.21134907
7396	0.21068473
7397	0.21032953
7398	0.21015541
7399	0.21045768
7400	0.21163751
7401	0.21267486
7402	0.21418737
7403	0.21446794
7404	0.21808648
7405	0.21770416
7406	0.21983497
7407	0.22219732
7408	0.22473972
7409	0.22759187
7410	0.23079398
7411	0.23642920
7412	0.23987050
7413	0.24263142
7414	0.24588826
7415	0.24885623
7416	0.25098819
7417	0.25298971
7418	0.25520751
7419	0.25701478
7420	0.25889760
7421	0.26072356
7422	0.26229444
7423	0.26340121
7424	0.26392648
7425	0.26371133
7426	0.26275790
7427	0.26110047
7428	0.25902149
7429	0.25686046
7430	0.25486946
7431	0.25353703
7432	0.25388408
7433	0.25467888
7434	0.25600725
7435	0.25633064
7436	0.25675830
7437	0.25859478
7438	0.26087573
7439	0.26315910
7440	0.26468816
7441	0.26515621
7442	0.26497114
7443	0.26496217
7444	0.26476252
7445	0.26443440
7446	0.26405659
7447	0.26361874
7448	0.26308891
7449	0.26352629
7450	0.26300153
7451	0.26240546
7452	0.26228532
7453	0.26216024
7454	0.26203582
7455	0.26117879
7456	0.26078737
7457	0.26126868
7458	0.26064968
7459	0.26011357
7460	0.25994870
7461	0.25928825
7462	0.25852406
7463	0.25767621
7464	0.25639558
7465	0.25527021
7466	0.25409523
7467	0.25276539
7468	0.25142205
7469	0.25002286
7470	0.24850130
7471	0.24695687
7472	0.24508108
7473	0.24305312
7474	0.24082404
7475	0.23827870
7476	0.23574838
7477	0.23342098
7478	0.23148105
7479	0.23016861
7480	0.22929002
7481	0.22871979
7482	0.22814530
7483	0.22772305
7484	0.22728382
7485	0.22673406
7486	0.22615024
7487	0.22562137
7488	0.22511314
7489	0.22461061
7490	0.22302802
7491	0.22301723
7492	0.22282019
7493	0.22273348
7494	0.22282758
7495	0.22312292
7496	0.22369495
7497	0.22440818
7498	0.22539766
7499	0.22658533
7500	0.22779331
7501	0.22900614
7502	0.23013891
7503	0.23075749
7504	0.23105131
7505	0.23066591
7506	0.22964622
7507	0.22810617
7508	0.22613516
7509	0.22376199
7510	0.22101800
7511	0.21787252
7512	0.21464907
7513	0.21120754
7514	0.20778880
7515	0.20448796
7516	0.20159948
7517	0.19782445
7518	0.19456092
7519	0.19139977
7520	0.18818370
7521	0.18539694
7522	0.18272087
7523	0.18042773
7524	0.17832345
7525	0.17694184
7526	0.17553261
7527	0.17447764
7528	0.17382622
7529	0.17355801
7530	0.17362043
7531	0.17407279
7532	0.17557259
7533	0.17681699
7534	0.17863804
7535	0.18026020
7536	0.18326999
7537	0.18627018
7538	0.19186261
7539	0.19551811
7540	0.19951430
7541	0.20384087
7542	0.20813027
7543	0.21202509
7544	0.21589449
7545	0.22016418
7546	0.22369769
7547	0.22759946
7548	0.23121604
7549	0.23517008
7550	0.23936710
7551	0.24378535
7552	0.24814866
7553	0.25217572
7554	0.25559849
7555	0.25815055
7556	0.25975189
7557	0.26045275
7558	0.26048654
7559	0.26027972
7560	0.26023349
7561	0.26053137
7562	0.26128092
7563	0.26290536
7564	0.26474214
7565	0.26695284
7566	0.26808375
7567	0.26858667
7568	0.27018586
7569	0.27199817
7570	0.27395439
7571	0.27522570
7572	0.27623498
7573	0.27657786
7574	0.27671626
7575	0.27655470
7576	0.27611583
7577	0.27551073
7578	0.27575010
7579	0.27467391
7580	0.27419049
7581	0.27393866
7582	0.27416360
7583	0.27346221
7584	0.27354831
7585	0.27357316
7586	0.27291301
7587	0.27275339
7588	0.27334172
7589	0.27268660
7590	0.27233794
7591	0.27189416
7592	0.27164325
7593	0.27094552
7594	0.27033767
7595	0.26953274
7596	0.26835823
7597	0.26728165
7598	0.26624274
7599	0.26504740
7600	0.26383621
7601	0.26245883
7602	0.26098680
7603	0.25941864
7604	0.25763857
7605	0.25589988
7606	0.25410450
7607	0.25253367
7608	0.25125489
7609	0.25026143
7610	0.24980649
7611	0.24973501
7612	0.24990793
7613	0.24975680
7614	0.24938969
7615	0.24884929
7616	0.24801312
7617	0.24712610
7618	0.24614598
7619	0.24513590
7620	0.24411114
7621	0.24209136
7622	0.24150217
7623	0.24064383
7624	0.24007139
7625	0.23969877
7626	0.23956165
7627	0.23975044
7628	0.24021807
7629	0.24101073
7630	0.24195737
7631	0.24305208
7632	0.24425705
7633	0.24539638
7634	0.24631016
7635	0.24685962
7636	0.24683182
7637	0.24616048
7638	0.24464925
7639	0.24294916
7640	0.24086693
7641	0.23839258
7642	0.23553340
7643	0.23272264
7644	0.22987576
7645	0.22681910
7646	0.22379661
7647	0.22094668
7648	0.21844062
7649	0.21534626
7650	0.21290150
7651	0.21049035
7652	0.20812322
7653	0.20604008
7654	0.20422193
7655	0.20260656
7656	0.20149729
7657	0.20019153
7658	0.19925718
7659	0.19849910
7660	0.19809173
7661	0.19809285
7662	0.19939262
7663	0.20052747
7664	0.20063876
7665	0.20204602
7666	0.20570159
7667	0.20535457
7668	0.20751084
7669	0.21003482
7670	0.21292761
7671	0.21617249
7672	0.22170952
7673	0.22570667
7674	0.22897084
7675	0.23221570
7676	0.23520313
7677	0.23846012
7678	0.24146159
7679	0.24424805
7680	0.24701923
7681	0.24968508
7682	0.25255060
7683	0.25530240
7684	0.25773770
7685	0.25966957
7686	0.26090604
7687	0.26140586
7688	0.26112676
7689	0.26028636
7690	0.25909030
7691	0.25785315
7692	0.25676259
7693	0.25610209
7694	0.25687081
7695	0.25807038
7696	0.25970691
7697	0.26034987
7698	0.26053512
7699	0.26205951
7700	0.26399711
7701	0.26612848
7702	0.26744074
7703	0.26829043
7704	0.26851419
7705	0.26859671
7706	0.26842681
7707	0.26800665
7708	0.26753649
7709	0.26790291
7710	0.26690271
7711	0.26651973
7712	0.26628545
7713	0.26660916
7714	0.26586601
7715	0.26574504
7716	0.26507884
7717	0.26476306
7718	0.26443383
7719	0.26485607
7720	0.26415998
7721	0.26395652
7722	0.26328582
7723	0.26250625
7724	0.26159373
7725	0.26055199
7726	0.25915638
7727	0.25779822
7728	0.25632623
7729	0.25473401
7730	0.25302109
7731	0.25121847
7732	0.24936485
7733	0.24731584
7734	0.24506153
7735	0.24261311
7736	0.23998453
7737	0.23721682
7738	0.23448376
7739	0.23175740
7740	0.22930092
7741	0.22717644
7742	0.22550373
7743	0.22420013
7744	0.22327298
7745	0.22212125
7746	0.22101596
7747	0.21985066
7748	0.21856892
7749	0.21726045
7750	0.21600376
7751	0.21451090
7752	0.21241464
7753	0.21187983
7754	0.21105340
7755	0.21037450
7756	0.20993866
7757	0.20973575
7758	0.20974660
7759	0.20994149
7760	0.21031904
7761	0.21084248
7762	0.21146850
7763	0.21211910
7764	0.21276292
7765	0.21313334
7766	0.21330392
7767	0.21310781
7768	0.21241516
7769	0.21125482
7770	0.20968214
7771	0.20771492
7772	0.20540860
7773	0.20285140
7774	0.20015289
7775	0.19737321
7776	0.19464946
7777	0.19219872
7778	0.18942633
7779	0.18696235
7780	0.18459699
7781	0.18248494
7782	0.18033883
7783	0.17850752
7784	0.17713474
7785	0.17576629
7786	0.17461854
7787	0.17415780
7788	0.17355072
7789	0.17319728
7790	0.17307711
7791	0.17324150
7792	0.17375955
7793	0.17493880
7794	0.17613642
7795	0.17789784
7796	0.17923345
7797	0.18427420
7798	0.18459843
7799	0.18730991
7800	0.19024496
7801	0.19519259
7802	0.19895816
7803	0.20250447
7804	0.20617367
7805	0.20888908
7806	0.21260192
7807	0.21570441
7808	0.21913773
7809	0.22213492
7810	0.22532567
7811	0.22851622
7812	0.23186055
7813	0.23539487
7814	0.23917459
7815	0.24308620
7816	0.24684998
7817	0.25017560
7818	0.25287873
7819	0.25470653
7820	0.25576586
7821	0.25609630
7822	0.25594392
7823	0.25561547
7824	0.25535512
7825	0.25539148
7826	0.25587720
7827	0.25740883
7828	0.25907496
7829	0.26121885
7830	0.26160708
7831	0.26278022
7832	0.26489618
7833	0.26736215
7834	0.26983204
7835	0.27207202
7836	0.27333635
7837	0.27420703
7838	0.27467108
7839	0.27463520
7840	0.27438146
7841	0.27445668
7842	0.27368593
7843	0.27345523
7844	0.27348769
7845	0.27373147
7846	0.27361313
7847	0.27363041
7848	0.27358812
7849	0.27337909
7850	0.27255955
7851	0.27297792
7852	0.27271950
7853	0.27239317
7854	0.27201545
7855	0.27148616
7856	0.27100474
7857	0.27039754
7858	0.26973277
7859	0.26868328
7860	0.26775134
7861	0.26670051
7862	0.26560709
7863	0.26447818
7864	0.26316625
7865	0.26200861
7866	0.26055276
7867	0.25911865
7868	0.25737005
7869	0.25558352
7870	0.25359413
7871	0.25161636
7872	0.24979544
7873	0.24831802
7874	0.24756142
7875	0.24747983
7876	0.24789841
7877	0.24858674
7878	0.24946973
7879	0.25032023
7880	0.25097686
7881	0.25155789
7882	0.25191787
7883	0.25214717
7884	0.25219321
7885	0.25210208
7886	0.25106415
7887	0.25081348
7888	0.25042939
7889	0.25009021
7890	0.24980357
7891	0.24953625
7892	0.24935929
7893	0.24929106
7894	0.24932130
7895	0.24947637
7896	0.24954607
7897	0.24955095
7898	0.24952133
7899	0.24929141
7900	0.24867271
7901	0.24768464
7902	0.24628176
7903	0.24454367
7904	0.24251212
7905	0.24024568
7906	0.23785049
7907	0.23540463
7908	0.23299976
7909	0.23072374
7910	0.22865540
7911	0.22644959
7912	0.22456606
7913	0.22285658
7914	0.22130226
7915	0.22002850
7916	0.21863110
7917	0.21761990
7918	0.21671289
7919	0.21601865
7920	0.21564646
7921	0.21567094
7922	0.21569653
7923	0.21594071
7924	0.21648690
7925	0.21712671
7926	0.21833351
7927	0.22049569
7928	0.22183169
7929	0.22325425
7930	0.22643957
7931	0.22586499
7932	0.22808835
7933	0.23051429
7934	0.23304667
7935	0.23593554
7936	0.23869616
7937	0.24158011
7938	0.24508125
7939	0.24821222
7940	0.25093588
7941	0.25314507
7942	0.25539273
7943	0.25743321
7944	0.25941125
7945	0.26152915
7946	0.26375052
7947	0.26612511
7948	0.26854509
7949	0.27082682
7950	0.27277550
7951	0.27425659
7952	0.27511692
7953	0.27541342
7954	0.27537668
7955	0.27508169
7956	0.27477255
7957	0.27459100
7958	0.27462837
7959	0.27552158
7960	0.27681273
7961	0.27873170
7962	0.27994850
7963	0.28042689
7964	0.28174663
7965	0.28415096
7966	0.28645998
7967	0.28813607
7968	0.28887364
7969	0.28957170
7970	0.29003167
7971	0.29078230
7972	0.29043344
7973	0.29016715
7974	0.28970096
7975	0.28929180
7976	0.28906628
7977	0.28894329
7978	0.28913233
7979	0.28850552
7980	0.28835890
7981	0.28819558
7982	0.28807950
7983	0.28724310
7984	0.28781664
7985	0.28719163
7986	0.28719130
7987	0.28660089
7988	0.28594133
7989	0.28510964
7990	0.28423393
7991	0.28325403
7992	0.28190094
7993	0.28062966
7994	0.27938333
7995	0.27804348
7996	0.27671054
7997	0.27536178
7998	0.27384740
7999	0.27224296
8000	0.27034757
8001	0.26829129
8002	0.26605263
8003	0.26375449
8004	0.26155022
8005	0.25953835
8006	0.25803027
8007	0.25693953
8008	0.25628328
8009	0.25557348
8010	0.25462836
8011	0.25370336
8012	0.25263122
8013	0.25139710
8014	0.25017849
8015	0.24869022
8016	0.24695355
8017	0.24613826
8018	0.24535613
8019	0.24484244
8020	0.24466550
8021	0.24479260
8022	0.24524912
8023	0.24599904
8024	0.24703856
8025	0.24829884
8026	0.24974695
8027	0.25125849
8028	0.25286946
8029	0.25432795
8030	0.25559992
8031	0.25655866
8032	0.25700253
8033	0.25698164
8034	0.25646505
8035	0.25557739
8036	0.25434196
8037	0.25282165
8038	0.25097489
8039	0.24907708
8040	0.24709208
8041	0.24510872
8042	0.24324657
8043	0.24165723
8044	0.23944885
8045	0.23761946
8046	0.23587082
8047	0.23399445
8048	0.23229659
8049	0.23084454
8050	0.22983944
8051	0.22852395
8052	0.22737969
8053	0.22647899
8054	0.22583926
8055	0.22547550
8056	0.22555301
8057	0.22526611
8058	0.22728221
8059	0.22804184
8060	0.22887675
8061	0.23146896
8062	0.23387897
8063	0.23287143
8064	0.23525392
8065	0.23780015
8066	0.24055259
8067	0.24363673
8068	0.24694741
8069	0.25030735
8070	0.25495005
8071	0.25797698
8072	0.26129323
8073	0.26434609
8074	0.26730204
8075	0.27016479
8076	0.27355540
8077	0.27735403
8078	0.28151140
8079	0.28581318
8080	0.29000416
8081	0.29379797
8082	0.29699570
8083	0.29951313
8084	0.30139199
8085	0.30285031
8086	0.30418697
8087	0.30554169
8088	0.30718654
8089	0.30898505
8090	0.31103593
8091	0.31305709
8092	0.31509626
8093	0.31661755
8094	0.31743300
8095	0.31906033
8096	0.32126367
8097	0.32341033
8098	0.32521066
8099	0.32687622
8100	0.32748556
8101	0.32778093
8102	0.32772776
8103	0.32747722
8104	0.32701823
8105	0.32646182
8106	0.32590401
8107	0.32545060
8108	0.32526982
8109	0.32491028
8110	0.32482791
8111	0.32482311
8112	0.32465801
8113	0.32399389
8114	0.32393029
8115	0.32422289
8116	0.32389516
8117	0.32352915
8118	0.32301363
8119	0.32247409
8120	0.32183099
8121	0.32110602
8122	0.32025665
8123	0.31902251
8124	0.31791234
8125	0.31667030
8126	0.31540111
8127	0.31394902
8128	0.31253630
8129	0.31088337
8130	0.30921030
8131	0.30724105
8132	0.30515683
8133	0.30285448
8134	0.30058181
8135	0.29832077
8136	0.29622862
8137	0.29455024
8138	0.29343653
8139	0.29279298
8140	0.29227155
8141	0.29148248
8142	0.29057449
8143	0.28947544
8144	0.28809020
8145	0.28666669
8146	0.28503862
8147	0.28304911
8148	0.28203729
8149	0.28110668
8150	0.28046316
8151	0.28005868
8152	0.27996895
8153	0.28017160
8154	0.28072610
8155	0.28159115
8156	0.28279209
8157	0.28435099
8158	0.28614318
8159	0.28799236
8160	0.28977710
8161	0.29123390
8162	0.29211694
8163	0.29235423
8164	0.29189017
8165	0.29071516
8166	0.28876054
8167	0.28627646
8168	0.28336385
8169	0.28013986
8170	0.27684656
8171	0.27370480
8172	0.27061766
8173	0.26813978
8174	0.26515427
8175	0.26300669
8176	0.26119885
8177	0.25977057
8178	0.25853130
8179	0.25771132
8180	0.25720999
8181	0.25693560
8182	0.25692725
8183	0.25708172
8184	0.25739935
8185	0.25788784
8186	0.25856471
8187	0.25920552
8188	0.26046249
8189	0.26187551
8190	0.26277503
8191	0.26446998
8192	0.26536393
8193	0.26634699
8194	0.26752311
8195	0.26878944
8196	0.27108771
8197	0.26957950
8198	0.27150476
8199	0.27352369
8200	0.27571684
8201	0.27792099
8202	0.27998593
8203	0.28290293
8204	0.28486279
8205	0.28660694
8206	0.28878227
8207	0.29122511
8208	0.29393917
8209	0.29680452
8210	0.29952496
8211	0.30181977
8212	0.30353537
8213	0.30446488
8214	0.30457529
8215	0.30399600
8216	0.30305603
8217	0.30208784
8218	0.30131695
8219	0.30099428
8220	0.30119294
8221	0.30233216
8222	0.30383369
8223	0.30579659
8224	0.30672368
8225	0.30661136
8226	0.30829525
8227	0.31014878
8228	0.31181139
8229	0.31359822
8230	0.31464186
8231	0.31578347
8232	0.31580603
8233	0.31561676
8234	0.31533167
8235	0.31489760
8236	0.31430486
8237	0.31377354
8238	0.31345582
8239	0.31328860
8240	0.31298202
8241	0.31283695
8242	0.31259242
8243	0.31244490
8244	0.31209019
8245	0.31121072
8246	0.31162757
8247	0.31101155
8248	0.31075463
8249	0.31003764
8250	0.30923712
8251	0.30831367
8252	0.30731356
8253	0.30617583
8254	0.30457070
8255	0.30316913
8256	0.30168352
8257	0.30009040
8258	0.29838032
8259	0.29651669
8260	0.29443333
8261	0.29213241
8262	0.28942871
8263	0.28636083
8264	0.28303066
8265	0.27932572
8266	0.27548096
8267	0.27176633
8268	0.26858988
8269	0.26617059
8270	0.26425374
8271	0.26242030
8272	0.26049015
8273	0.25851157
8274	0.25633046
8275	0.25410390
8276	0.25176215
8277	0.24986137
8278	0.24763617
8279	0.24620084
8280	0.24503249
8281	0.24410954
8282	0.24352713
8283	0.24325505
8284	0.24335657
8285	0.24391095
8286	0.24479966
8287	0.24608696
8288	0.24756911
8289	0.24927038
8290	0.25104612
8291	0.25268957
8292	0.25403431
8293	0.25488475
8294	0.25520504
8295	0.25493088
8296	0.25410727
8297	0.25265107
8298	0.25079846
8299	0.24849649
8300	0.24594326
8301	0.24300271
8302	0.24006297
8303	0.23719443
8304	0.23477729
8305	0.23161061
8306	0.22893463
8307	0.22641890
8308	0.22394493
8309	0.22143255
8310	0.21918526
8311	0.21728130
8312	0.21540426
8313	0.21385142
8314	0.21281201
8315	0.21163084
8316	0.21072337
8317	0.21008521
8318	0.20974119
8319	0.21027571
8320	0.21125467
8321	0.21184632
8322	0.21226695
8323	0.21350193
8324	0.21456143
8325	0.21685933
8326	0.21913354
8327	0.22192124
8328	0.22487138
8329	0.22805366
8330	0.23162089
8331	0.23536733
8332	0.23924126
8333	0.24458599
8334	0.24827451
8335	0.25143161
8336	0.25477406
8337	0.25790268
8338	0.26090723
8339	0.26371983
8340	0.26703462
8341	0.27054930
8342	0.27415854
8343	0.27763498
8344	0.28071898
8345	0.28320214
8346	0.28492793
8347	0.28596619
8348	0.28646865
8349	0.28661957
8350	0.28665030
8351	0.28697637
8352	0.28824267
8353	0.28990948
8354	0.29212978
8355	0.29313248
8356	0.29415599
8357	0.29555565
8358	0.29774246
8359	0.29982442
8360	0.30135703
8361	0.30189806
8362	0.30189735
8363	0.30268639
8364	0.30187929
8365	0.30145672
8366	0.30096796
8367	0.30050924
8368	0.30007094
8369	0.29976860
8370	0.29958534
8371	0.29938376
8372	0.29963750
8373	0.29884377
8374	0.29863012
8375	0.29837477
8376	0.29738832
8377	0.29729998
8378	0.29744649
8379	0.29660961
8380	0.29601434
8381	0.29526889
8382	0.29440808
8383	0.29365584
8384	0.29265749
8385	0.29147840
8386	0.28994158
8387	0.28860530
8388	0.28715193
8389	0.28564009
8390	0.28400999
8391	0.28232923
8392	0.28047779
8393	0.27844667
8394	0.27619958
8395	0.27396622
8396	0.27173758
8397	0.26966891
8398	0.26796702
8399	0.26669997
8400	0.26582924
8401	0.26529816
8402	0.26451442
8403	0.26359826
8404	0.26268387
8405	0.26152873
8406	0.26032698
8407	0.25912288
8408	0.25799435
8409	0.25668979
8410	0.25519276
8411	0.25443867
8412	0.25381157
8413	0.25331134
8414	0.25309560
8415	0.25311524
8416	0.25345781
8417	0.25403851
8418	0.25500235
8419	0.25616226
8420	0.25749934
8421	0.25899547
8422	0.26048678
8423	0.26178721
8424	0.26293495
8425	0.26361927
8426	0.26372197
8427	0.26329103
8428	0.26240760
8429	0.26097766
8430	0.25921434
8431	0.25716653
8432	0.25485808
8433	0.25234574
8434	0.24993269
8435	0.24746707
8436	0.24532624
8437	0.24288215
8438	0.24076386
8439	0.23874317
8440	0.23686245
8441	0.23503512
8442	0.23349017
8443	0.23242339
8444	0.23146628
8445	0.23067570
8446	0.23050171
8447	0.23020636
8448	0.23021522
8449	0.23051891
8450	0.23098736
8451	0.23195735
8452	0.23367628
8453	0.23560330
8454	0.23752871
8455	0.23946920
8456	0.24328606
8457	0.24628614
8458	0.24650718
8459	0.24964057
8460	0.25285286
8461	0.25639585
8462	0.25984064
8463	0.26351377
8464	0.26690224
8465	0.27019444
8466	0.27441019
8467	0.27739373
8468	0.28024605
8469	0.28280091
8470	0.28515014
8471	0.28791127
8472	0.29089612
8473	0.29407689
8474	0.29718846
8475	0.30000457
8476	0.30235377
8477	0.30404079
8478	0.30499396
8479	0.30529717
8480	0.30520722
8481	0.30486909
8482	0.30452362
8483	0.30433881
8484	0.30441654
8485	0.30500865
8486	0.30640554
8487	0.30801383
8488	0.30929136
8489	0.30907395
8490	0.31033412
8491	0.31281504
8492	0.31537697
8493	0.31732309
8494	0.31881487
8495	0.31964552
8496	0.32074818
8497	0.32083997
8498	0.32067633
8499	0.32040045
8500	0.32001001
8501	0.31957135
8502	0.31930462
8503	0.31916159
8504	0.31931311
8505	0.31847388
8506	0.31820077
8507	0.31794655
8508	0.31749204
8509	0.31659162
8510	0.31679970
8511	0.31548727
8512	0.31585678
8513	0.31534928
8514	0.31465882
8515	0.31395289
8516	0.31309566
8517	0.31218168
8518	0.31095567
8519	0.30989575
8520	0.30876824
8521	0.30753455
8522	0.30628979
8523	0.30489215
8524	0.30340677
8525	0.30171454
8526	0.29969946
8527	0.29746559
8528	0.29510459
8529	0.29274416
8530	0.29062766
8531	0.28903788
8532	0.28817168
8533	0.28778204
8534	0.28733224
8535	0.28685501
8536	0.28610468
8537	0.28500909
8538	0.28361940
8539	0.28209025
8540	0.28049889
8541	0.27895135
8542	0.27721688
8543	0.27487293
8544	0.27383584
8545	0.27264985
8546	0.27166554
8547	0.27093747
8548	0.27049744
8549	0.27036953
8550	0.27056167
8551	0.27100176
8552	0.27170944
8553	0.27254450
8554	0.27348486
8555	0.27438700
8556	0.27503741
8557	0.27547348
8558	0.27526498
8559	0.27457276
8560	0.27325851
8561	0.27095687
8562	0.26849392
8563	0.26566514
8564	0.26265293
8565	0.25926924
8566	0.25573599
8567	0.25194821
8568	0.24840727
8569	0.24465957
8570	0.24117063
8571	0.23783380
8572	0.23448506
8573	0.23134428
8574	0.22829431
8575	0.22545421
8576	0.22258082
8577	0.22006483
8578	0.21768165
8579	0.21557112
8580	0.21378270
8581	0.21258141
8582	0.21135576
8583	0.21062858
8584	0.21006265
8585	0.20993820
8586	0.21105540
8587	0.21143945
8588	0.21219410
8589	0.21311244
8590	0.21342582
8591	0.21440832
8592	0.21861713
8593	0.21809976
8594	0.22018884
8595	0.22257175
8596	0.22507046
8597	0.22759150
8598	0.23033802
8599	0.23520404
8600	0.23663183
8601	0.23924443
8602	0.24192426
8603	0.24422249
8604	0.24695867
8605	0.24989294
8606	0.25312254
8607	0.25652152
8608	0.25989068
8609	0.26297730
8610	0.26541129
8611	0.26705083
8612	0.26782525
8613	0.26782522
8614	0.26736611
8615	0.26671702
8616	0.26631212
8617	0.26692727
8618	0.26844707
8619	0.27067202
8620	0.27197295
8621	0.27223247
8622	0.27372795
8623	0.27512142
8624	0.27706930
8625	0.27884772
8626	0.27977473
8627	0.27980703
8628	0.27958265
8629	0.27928916
8630	0.27973533
8631	0.27897775
8632	0.27855799
8633	0.27817228
8634	0.27785832
8635	0.27770573
8636	0.27759218
8637	0.27714613
8638	0.27706006
8639	0.27694669
8640	0.27679157
8641	0.27642116
8642	0.27544090
8643	0.27571407
8644	0.27530420
8645	0.27447152
8646	0.27415344
8647	0.27339777
8648	0.27255803
8649	0.27160257
8650	0.27060956
8651	0.26922083
8652	0.26810673
8653	0.26687098
8654	0.26564488
8655	0.26429933
8656	0.26292700
8657	0.26136863
8658	0.25968069
8659	0.25786692
8660	0.25594503
8661	0.25407884
8662	0.25233176
8663	0.25096363
8664	0.24994929
8665	0.24944863
8666	0.24915236
8667	0.24860558
8668	0.24800551
8669	0.24726236
8670	0.24634714
8671	0.24536504
8672	0.24434915
8673	0.24337979
8674	0.24214360
8675	0.24029721
8676	0.23952582
8677	0.23854442
8678	0.23771679
8679	0.23715718
8680	0.23700072
8681	0.23719884
8682	0.23785654
8683	0.23884302
8684	0.24018553
8685	0.24175625
8686	0.24345209
8687	0.24510455
8688	0.24668048
8689	0.24789502
8690	0.24866331
8691	0.24880143
8692	0.24830107
8693	0.24723412
8694	0.24566339
8695	0.24369754
8696	0.24139082
8697	0.23878773
8698	0.23609494
8699	0.23327290
8700	0.23045726
8701	0.22812091
8702	0.22506841
8703	0.22245170
8704	0.21993618
8705	0.21751410
8706	0.21520467
8707	0.21308340
8708	0.21086073
8709	0.20893623
8710	0.20728722
8711	0.20585451
8712	0.20491895
8713	0.20398052
8714	0.20333081
8715	0.20296523
8716	0.20290253
8717	0.20417285
8718	0.20482875
8719	0.20596513
8720	0.20615916
8721	0.20709904
8722	0.20926239
8723	0.21145481
8724	0.21391729
8725	0.21667922
8726	0.21969487
8727	0.22302218
8728	0.22872122
8729	0.23231128
8730	0.23495819
8731	0.23835662
8732	0.24124439
8733	0.24459682
8734	0.24801478
8735	0.25171113
8736	0.25536439
8737	0.25959975
8738	0.26399466
8739	0.26825497
8740	0.27212268
8741	0.27538079
8742	0.27782145
8743	0.27942187
8744	0.28039962
8745	0.28103593
8746	0.28159851
8747	0.28225410
8748	0.28321177
8749	0.28434017
8750	0.28580835
8751	0.28742534
8752	0.28939551
8753	0.29056853
8754	0.29063728
8755	0.29173133
8756	0.29375461
8757	0.29633078
8758	0.29849613
8759	0.29981318
8760	0.30051810
8761	0.30112293
8762	0.30131263
8763	0.30086240
8764	0.30032280
8765	0.29978099
8766	0.29931447
8767	0.29916811
8768	0.29916802
8769	0.29926133
8770	0.29889160
8771	0.29877973
8772	0.29865959
8773	0.29775691
8774	0.29741493
8775	0.29791853
8776	0.29687175
8777	0.29706213
8778	0.29644412
8779	0.29563871
8780	0.29481715
8781	0.29383501
8782	0.29272753
8783	0.29109460
8784	0.28972670
8785	0.28813475
8786	0.28651902
8787	0.28480056
8788	0.28298625
8789	0.28100851
8790	0.27884063
8791	0.27635375
8792	0.27356717
8793	0.27036607
8794	0.26692954
8795	0.26338258
8796	0.26008442
8797	0.25737637
8798	0.25545320
8799	0.25398633
8800	0.25235790
8801	0.25086707
8802	0.24920458
8803	0.24730657
8804	0.24538027
8805	0.24325600
8806	0.24142106
8807	0.23885661
8808	0.23784502
8809	0.23666029
8810	0.23576203
8811	0.23520875
8812	0.23506352
8813	0.23533672
8814	0.23601681
8815	0.23713051
8816	0.23859988
8817	0.24037105
8818	0.24230607
8819	0.24434726
8820	0.24638763
8821	0.24806431
8822	0.24941751
8823	0.25026539
8824	0.25045741
8825	0.25012648
8826	0.24900992
8827	0.24759035
8828	0.24558324
8829	0.24328989
8830	0.24062209
8831	0.23776796
8832	0.23480149
8833	0.23193765
8834	0.22925524
8835	0.22638914
8836	0.22362453
8837	0.22099693
8838	0.21847920
8839	0.21596490
8840	0.21342009
8841	0.21123366
8842	0.20911948
8843	0.20705347
8844	0.20576747
8845	0.20426090
8846	0.20309891
8847	0.20220609
8848	0.20172730
8849	0.20149112
8850	0.20150971
8851	0.20322226
8852	0.20432027
8853	0.20465364
8854	0.20826104
8855	0.20764530
8856	0.20990542
8857	0.21233405
8858	0.21513020
8859	0.21813671
8860	0.22134690
8861	0.22686446
8862	0.23042500
8863	0.23313373
8864	0.23647395
8865	0.23906370
8866	0.24201529
8867	0.24474208
8868	0.24784327
8869	0.25122315
8870	0.25491735
8871	0.25887889
8872	0.26287276
8873	0.26650783
8874	0.26959056
8875	0.27177429
8876	0.27307886
8877	0.27359381
8878	0.27357849
8879	0.27331132
8880	0.27312070
8881	0.27315524
8882	0.27368778
8883	0.27515584
8884	0.27674517
8885	0.27846470
8886	0.27877751
8887	0.27969986
8888	0.28123224
8889	0.28325227
8890	0.28547922
8891	0.28722882
8892	0.28802669
8893	0.28854120
8894	0.28865802
8895	0.28842270
8896	0.28813824
8897	0.28761533
8898	0.28702611
8899	0.28662375
8900	0.28645870
8901	0.28666982
8902	0.28604907
8903	0.28604174
8904	0.28604043
8905	0.28591332
8906	0.28519267
8907	0.28538853
8908	0.28542086
8909	0.28523314
8910	0.28483096
8911	0.28431734
8912	0.28379041
8913	0.28316280
8914	0.28244737
8915	0.28169817
8916	0.28055215
8917	0.27969110
8918	0.27878213
8919	0.27782258
8920	0.27686793
8921	0.27580690
8922	0.27460182
8923	0.27325657
8924	0.27166378
8925	0.26997575
8926	0.26830426
8927	0.26685682
8928	0.26594362
8929	0.26566768
8930	0.26604640
8931	0.26652047
8932	0.26675966
8933	0.26688394
8934	0.26665860
8935	0.26615411
8936	0.26543409
8937	0.26456580
8938	0.26363903
8939	0.26251274
8940	0.26064569
8941	0.26010659
8942	0.25918192
8943	0.25845808
8944	0.25793985
8945	0.25765887
8946	0.25762242
8947	0.25787035
8948	0.25847530
8949	0.25931653
8950	0.26038507
8951	0.26148409
8952	0.26266652
8953	0.26361874
8954	0.26436600
8955	0.26470247
8956	0.26449963
8957	0.26369801
8958	0.26230711
8959	0.26045224
8960	0.25820711
8961	0.25571683
8962	0.25288552
8963	0.24999261
8964	0.24700452
8965	0.24453849
8966	0.24137688
8967	0.23862258
8968	0.23606504
8969	0.23365311
8970	0.23134559
8971	0.22898099
8972	0.22702724
8973	0.22510208
8974	0.22333582
8975	0.22222966
8976	0.22080150
8977	0.21975707
8978	0.21902530
8979	0.21870004
8980	0.21875291
8981	0.21916375
8982	0.22078861
8983	0.22209263
8984	0.22368333
8985	0.22557455
8986	0.22787850
8987	0.22896448
8988	0.23163325
8989	0.23478408
8990	0.23814544
8991	0.24181810
8992	0.24584068
8993	0.24997652
8994	0.25438902
8995	0.26003355
8996	0.26428834
8997	0.26773444
8998	0.27132538
8999	0.27462760
9000	0.27759612
9001	0.28089938
9002	0.28429833
9003	0.28773350
9004	0.29095799
9005	0.29377860
9006	0.29593992
9007	0.29735181
9008	0.29790533
9009	0.29778507
9010	0.29716083
9011	0.29636300
9012	0.29557055
9013	0.29514536
9014	0.29597101
9015	0.29713723
9016	0.29879338
9017	0.29940677
9018	0.30003712
9019	0.30161202
9020	0.30372107
9021	0.30599976
9022	0.30778363
9023	0.30869824
9024	0.30898133
9025	0.30984512
9026	0.30909860
9027	0.30858010
9028	0.30814135
9029	0.30760106
9030	0.30715391
9031	0.30699909
9032	0.30687672
9033	0.30661651
9034	0.30634248
9035	0.30634061
9036	0.30608612
9037	0.30531177
9038	0.30497366
9039	0.30539432
9040	0.30507547
9041	0.30471024
9042	0.30411330
9043	0.30344287
9044	0.30271989
9045	0.30186224
9046	0.30066594
9047	0.29952359
9048	0.29829648
9049	0.29693562
9050	0.29543591
9051	0.29386181
9052	0.29218128
9053	0.29023442
9054	0.28807372
9055	0.28560039
9056	0.28282979
9057	0.27985075
9058	0.27673209
9059	0.27377471
9060	0.27127475
9061	0.26958886
9062	0.26856124
9063	0.26749742
9064	0.26646486
9065	0.26515365
9066	0.26352611
9067	0.26158929
9068	0.25957301
9069	0.25758448
9070	0.25546205
9071	0.25278914
9072	0.25163153
9073	0.25028938
9074	0.24933282
9075	0.24860489
9076	0.24828047
9077	0.24838436
9078	0.24881065
9079	0.24959621
9080	0.25064638
9081	0.25189707
9082	0.25331122
9083	0.25470406
9084	0.25587869
9085	0.25672948
9086	0.25715715
9087	0.25695646
9088	0.25615665
9089	0.25467333
9090	0.25267577
9091	0.25023055
9092	0.24735212
9093	0.24434832
9094	0.24109265
9095	0.23772769
9096	0.23461094
9097	0.23182730
9098	0.22878191
9099	0.22607203
9100	0.22347039
9101	0.22097751
9102	0.21858738
9103	0.21642017
9104	0.21410392
9105	0.21212524
9106	0.21027134
9107	0.20865571
9108	0.20727098
9109	0.20640212
9110	0.20554847
9111	0.20497833
9112	0.20462270
9113	0.20468587
9114	0.20566708
9115	0.20633473
9116	0.20725046
9117	0.20743914
9118	0.20846313
9119	0.20999727
9120	0.21198507
9121	0.21418622
9122	0.21683292
9123	0.21959215
9124	0.22267808
9125	0.22780442
9126	0.23165013
9127	0.23410478
9128	0.23722316
9129	0.23970303
9130	0.24249028
9131	0.24502219
9132	0.24739206
9133	0.25007772
9134	0.25292218
9135	0.25574189
9136	0.25833634
9137	0.26047653
9138	0.26187807
9139	0.26243755
9140	0.26223350
9141	0.26141062
9142	0.26025328
9143	0.25910598
9144	0.25828430
9145	0.25877574
9146	0.25973421
9147	0.26140267
9148	0.26220623
9149	0.26237160
9150	0.26366839
9151	0.26550397
9152	0.26671684
9153	0.26828927
9154	0.26930505
9155	0.26944733
9156	0.26982155
9157	0.26975742
9158	0.26961279
9159	0.26947311
9160	0.26897040
9161	0.26856139
9162	0.26816022
9163	0.26784521
9164	0.26765823
9165	0.26724368
9166	0.26723406
9167	0.26704404
9168	0.26632220
9169	0.26596683
9170	0.26615000
9171	0.26613271
9172	0.26574907
9173	0.26516068
9174	0.26454523
9175	0.26386616
9176	0.26302058
9177	0.26213270
9178	0.26085567
9179	0.25980160
9180	0.25862908
9181	0.25736672
9182	0.25607961
9183	0.25474799
9184	0.25322765
9185	0.25160098
9186	0.24977419
9187	0.24785714
9188	0.24586484
9189	0.24398187
9190	0.24230149
9191	0.24080667
9192	0.23979107
9193	0.23927689
9194	0.23921715
9195	0.23934999
9196	0.23941565
9197	0.23951398
9198	0.23955034
9199	0.23953025
9200	0.23945504
9201	0.23930120
9202	0.23902324
9203	0.23789477
9204	0.23777357
9205	0.23761776
9206	0.23764344
9207	0.23799425
9208	0.23855482
9209	0.23941441
9210	0.24060784
9211	0.24197051
9212	0.24353945
9213	0.24523027
9214	0.24685603
9215	0.24836929
9216	0.24961245
9217	0.25037533
9218	0.25070813
9219	0.25063917
9220	0.24995820
9221	0.24899393
9222	0.24766974
9223	0.24604195
9224	0.24426053
9225	0.24214807
9226	0.23999950
9227	0.23788671
9228	0.23567837
9229	0.23370162
9230	0.23111840
9231	0.22855324
9232	0.22603199
9233	0.22348218
9234	0.22096035
9235	0.21901934
9236	0.21658097
9237	0.21431652
9238	0.21232820
9239	0.21057488
9240	0.20914824
9241	0.20806900
9242	0.20761865
9243	0.20804562
9244	0.20826530
9245	0.20919599
9246	0.20733625
9247	0.20682730
9248	0.20950294
9249	0.21232708
9250	0.21601754
9251	0.22410157
9252	0.22849408
9253	0.23339002
9254	0.23872828
9255	0.24574953
9256	0.25124761
9257	0.25687751
9258	0.26183686
9259	0.26683271
9260	0.27212036
9261	0.27741918
9262	0.28295431
9263	0.28863412
9264	0.29426366
9265	0.29953390
9266	0.30416217
9267	0.30798346
9268	0.31084800
9269	0.31292066
9270	0.31430990
9271	0.31523666
9272	0.31593058
9273	0.31660530
9274	0.31733122
9275	0.31819102
9276	0.31970513
9277	0.32134098
9278	0.32316440
9279	0.32446137
9280	0.32557526
9281	0.32785892
9282	0.33042833
9283	0.33325711
9284	0.33629975
9285	0.33745721
9286	0.33789411
9287	0.33780497
9288	0.33726153
9289	0.33651635
9290	0.33570921
9291	0.33496138
9292	0.33430123
9293	0.33397710
9294	0.33379450
9295	0.33334702
9296	0.33321628
9297	0.33306295
9298	0.33293667
9299	0.33208048
9300	0.33251137
9301	0.33262450
9302	0.33244437
9303	0.33200091
9304	0.33156097
9305	0.33093411
9306	0.33015132
9307	0.32937655
9308	0.32835346
9309	0.32694450
9310	0.32572660
9311	0.32430238
9312	0.32281309
9313	0.32113212
9314	0.31938645
9315	0.31744671
9316	0.31533760
9317	0.31296659
9318	0.31051582
9319	0.30793461
9320	0.30537838
9321	0.30292061
9322	0.30064368
9323	0.29877043
9324	0.29733211
9325	0.29632503
9326	0.29563043
9327	0.29453138
9328	0.29311380
9329	0.29158622
9330	0.28975007
9331	0.28781810
9332	0.28595567
9333	0.28388622
9334	0.28152099
9335	0.28027251
9336	0.27912435
9337	0.27828792
9338	0.27773705
9339	0.27755231
9340	0.27771625
9341	0.27815548
9342	0.27885059
9343	0.27976325
9344	0.28078943
9345	0.28183758
9346	0.28277281
9347	0.28350866
9348	0.28380033
9349	0.28352672
9350	0.28265873
9351	0.28119561
9352	0.27917019
9353	0.27678612
9354	0.27382031
9355	0.27066541
9356	0.26717508
9357	0.26362440
9358	0.26011723
9359	0.25669992
9360	0.25370058
9361	0.25020546
9362	0.24706201
9363	0.24399568
9364	0.24120200
9365	0.23856807
9366	0.23617862
9367	0.23446086
9368	0.23252630
9369	0.23092736
9370	0.22963901
9371	0.22872496
9372	0.22820148
9373	0.22800376
9374	0.22847806
9375	0.22963516
9376	0.23100828
9377	0.23247433
9378	0.23545448
9379	0.23783003
9380	0.24046832
9381	0.24355292
9382	0.24704157
9383	0.24775252
9384	0.25151351
9385	0.25554433
9386	0.26003999
9387	0.26355353
9388	0.26765892
9389	0.27157643
9390	0.27527127
9391	0.27921012
9392	0.28252295
9393	0.28536448
9394	0.28850809
9395	0.29177958
9396	0.29507393
9397	0.29826733
9398	0.30102926
9399	0.30319968
9400	0.30456960
9401	0.30515075
9402	0.30497560
9403	0.30429804
9404	0.30332437
9405	0.30228990
9406	0.30188096
9407	0.30273733
9408	0.30399042
9409	0.30524221
9410	0.30595642
9411	0.30757794
9412	0.31005150
9413	0.31280586
9414	0.31558833
9415	0.31835899
9416	0.31906790
9417	0.31919149
9418	0.31905830
9419	0.31868359
9420	0.31827426
9421	0.31780985
9422	0.31739947
9423	0.31709561
9424	0.31701162
9425	0.31700704
9426	0.31701368
9427	0.31673223
9428	0.31665099
9429	0.31655079
9430	0.31566039
9431	0.31530592
9432	0.31574216
9433	0.31513256
9434	0.31456301
9435	0.31389442
9436	0.31316146
9437	0.31260872
9438	0.31163087
9439	0.31042764
9440	0.30922309
9441	0.30788541
9442	0.30656198
9443	0.30502757
9444	0.30343831
9445	0.30172879
9446	0.29986617
9447	0.29789659
9448	0.29555950
9449	0.29298079
9450	0.29013258
9451	0.28709841
9452	0.28414175
9453	0.28143293
9454	0.27916962
9455	0.27750850
9456	0.27626380
9457	0.27506742
9458	0.27388212
9459	0.27267861
9460	0.27118382
9461	0.26975140
9462	0.26832199
9463	0.26699325
9464	0.26540831
9465	0.26313549
9466	0.26222187
9467	0.26113307
9468	0.26024133
9469	0.25967246
9470	0.25938126
9471	0.25946483
9472	0.25986394
9473	0.26062086
9474	0.26155087
9475	0.26269552
9476	0.26388875
9477	0.26508644
9478	0.26598841
9479	0.26655951
9480	0.26658189
9481	0.26573119
9482	0.26442480
9483	0.26408345
9484	0.26192847
9485	0.25938627
9486	0.25653520
9487	0.25241446
9488	0.24928977
9489	0.24558531
9490	0.24198939
9491	0.23866023
9492	0.23566210
9493	0.23227049
9494	0.22889814
9495	0.22534607
9496	0.22194570
9497	0.21874340
9498	0.21555580
9499	0.21306212
9500	0.21021898
9501	0.20766211
9502	0.20546038
9503	0.20343861
9504	0.20169614
9505	0.20063271
9506	0.20060375
9507	0.20014663
9508	0.20009334
9509	0.20037875
9510	0.20014992
9511	0.20084712
9512	0.20235424
9513	0.20400470
9514	0.20610650
9515	0.20837939
9516	0.21078502
9517	0.21542564
9518	0.21795529
9519	0.21902443
9520	0.22094406
9521	0.22311305
9522	0.22529238
9523	0.22764392
9524	0.23030576
9525	0.23339203
9526	0.23672900
9527	0.24020238
9528	0.24345964
9529	0.24621817
9530	0.24822311
9531	0.24936314
9532	0.24963591
9533	0.24941827
9534	0.24897188
9535	0.24866544
9536	0.24871735
9537	0.24923939
9538	0.25036305
9539	0.25205004
9540	0.25388822
9541	0.25525895
9542	0.25533101
9543	0.25627348
9544	0.25715375
9545	0.25936237
9546	0.26159671
9547	0.26319554
9548	0.26394433
9549	0.26433128
9550	0.26484221
9551	0.26444644
9552	0.26406166
9553	0.26359341
9554	0.26309678
9555	0.26273623
9556	0.26263326
9557	0.26280537
9558	0.26254213
9559	0.26271263
9560	0.26280540
9561	0.26231393
9562	0.26209927
9563	0.26271734
9564	0.26247978
9565	0.26219577
9566	0.26175874
9567	0.26128903
9568	0.26068369
9569	0.25998417
9570	0.25922033
9571	0.25813621
9572	0.25714099
9573	0.25611553
9574	0.25505278
9575	0.25391030
9576	0.25275829
9577	0.25151598
9578	0.25015271
9579	0.24870263
9580	0.24701738
9581	0.24517512
9582	0.24329521
9583	0.24141595
9584	0.23974039
9585	0.23841287
9586	0.23761889
9587	0.23735963
9588	0.23749770
9589	0.23759727
9590	0.23752430
9591	0.23733670
9592	0.23691404
9593	0.23633477
9594	0.23552923
9595	0.23438510
9596	0.23347221
9597	0.23201482
9598	0.23140794
9599	0.23094228
9600	0.23068170
9601	0.23067938
9602	0.23095877
9603	0.23145682
9604	0.23225385
9605	0.23322840
9606	0.23440248
9607	0.23567651
9608	0.23701553
9609	0.23827110
9610	0.23926087
9611	0.24001439
9612	0.24010751
9613	0.23970681
9614	0.23876609
9615	0.23738234
9616	0.23556943
9617	0.23350491
9618	0.23104994
9619	0.22848789
9620	0.22591361
9621	0.22337791
9622	0.22110870
9623	0.21846740
9624	0.21610272
9625	0.21376081
9626	0.21136726
9627	0.20907171
9628	0.20685881
9629	0.20487072
9630	0.20343782
9631	0.20151153
9632	0.20000061
9633	0.19863114
9634	0.19757576
9635	0.19679059
9636	0.19625264
9637	0.19636586
9638	0.19735160
9639	0.19803117
9640	0.19909501
9641	0.20148936
9642	0.20343085
9643	0.20318268
9644	0.20546652
9645	0.20816973
9646	0.21129556
9647	0.21469274
9648	0.21826370
9649	0.22221923
9650	0.22591230
9651	0.22983526
9652	0.23475154
9653	0.23845685
9654	0.24209800
9655	0.24542139
9656	0.24911182
9657	0.25312680
9658	0.25742912
9659	0.26196110
9660	0.26641762
9661	0.27051008
9662	0.27401838
9663	0.27670527
9664	0.27862117
9665	0.27981973
9666	0.28050384
9667	0.28078410
9668	0.28088078
9669	0.28100973
9670	0.28192276
9671	0.28323624
9672	0.28468189
9673	0.28578311
9674	0.28633004
9675	0.28822535
9676	0.29056907
9677	0.29311144
9678	0.29585591
9679	0.29712564
9680	0.29784003
9681	0.29811811
9682	0.29802391
9683	0.29761389
9684	0.29702747
9685	0.29648167
9686	0.29599690
9687	0.29572451
9688	0.29566386
9689	0.29559854
9690	0.29527372
9691	0.29522321
9692	0.29515347
9693	0.29438779
9694	0.29404658
9695	0.29461300
9696	0.29445568
9697	0.29416966
9698	0.29362798
9699	0.29318810
9700	0.29260626
9701	0.29197687
9702	0.29122919
9703	0.29011807
9704	0.28917426
9705	0.28813782
9706	0.28700048
9707	0.28583938
9708	0.28456342
9709	0.28325617
9710	0.28169540
9711	0.28000242
9712	0.27808610
9713	0.27610955
9714	0.27409673
9715	0.27232647
9716	0.27104098
9717	0.27050740
9718	0.27066773
9719	0.27107137
9720	0.27135426
9721	0.27149698
9722	0.27149096
9723	0.27121571
9724	0.27069584
9725	0.27023971
9726	0.26940146
9727	0.26848474
9728	0.26696980
9729	0.26688454
9730	0.26644531
9731	0.26612478
9732	0.26606569
9733	0.26620930
9734	0.26658013
9735	0.26715004
9736	0.26802242
9737	0.26908129
9738	0.27023238
9739	0.27147952
9740	0.27266145
9741	0.27354932
9742	0.27417621
9743	0.27424094
9744	0.27344459
9745	0.27228177
9746	0.27194878
9747	0.26996088
9748	0.26749545
9749	0.26476082
9750	0.26101169
9751	0.25794920
9752	0.25460771
9753	0.25220242
9754	0.24995898
9755	0.24703506
9756	0.24478084
9757	0.24249947
9758	0.24059181
9759	0.23841336
9760	0.23639388
9761	0.23461628
9762	0.23298700
9763	0.23156838
9764	0.23035362
9765	0.22964068
9766	0.22893557
9767	0.22849973
9768	0.22834612
9769	0.22887643
9770	0.22918805
9771	0.23036490
9772	0.23137788
9773	0.23223372
9774	0.23491664
9775	0.23666370
9776	0.23857135
9777	0.24068399
9778	0.24316747
9779	0.24315386
9780	0.24603936
9781	0.24916674
9782	0.25270766
9783	0.25563398
9784	0.25896481
9785	0.26216477
9786	0.26557794
9787	0.26854199
9788	0.27146694
9789	0.27448940
9790	0.27772036
9791	0.28100985
9792	0.28413606
9793	0.28682885
9794	0.28880891
9795	0.28984812
9796	0.29003075
9797	0.28951451
9798	0.28860644
9799	0.28775290
9800	0.28719625
9801	0.28704584
9802	0.28783011
9803	0.28920749
9804	0.29085714
9805	0.29140592
9806	0.29182768
9807	0.29309541
9808	0.29488200
9809	0.29693678
9810	0.29875976
9811	0.30084133
9812	0.30103889
9813	0.30098322
9814	0.30070421
9815	0.30028799
9816	0.29984650
9817	0.29930645
9818	0.29879561
9819	0.29833668
9820	0.29814309
9821	0.29837662
9822	0.29760501
9823	0.29755673
9824	0.29752254
9825	0.29684550
9826	0.29667586
9827	0.29718745
9828	0.29622358
9829	0.29608929
9830	0.29562899
9831	0.29498035
9832	0.29424840
9833	0.29368785
9834	0.29277098
9835	0.29139000
9836	0.29020873
9837	0.28893685
9838	0.28758818
9839	0.28611299
9840	0.28462899
9841	0.28297156
9842	0.28112090
9843	0.27901536
9844	0.27667326
9845	0.27404019
9846	0.27139661
9847	0.26878110
9848	0.26648229
9849	0.26479277
9850	0.26384971
9851	0.26326120
9852	0.26282734
9853	0.26250911
9854	0.26200655
9855	0.26141414
9856	0.26079223
9857	0.26013279
9858	0.25934759
9859	0.25853047
9860	0.25758994
9861	0.25591266
9862	0.25504544
9863	0.25433558
9864	0.25378615
9865	0.25348869
9866	0.25336540
9867	0.25347990
9868	0.25379407
9869	0.25431782
9870	0.25500312
9871	0.25568813
9872	0.25625858
9873	0.25665492
9874	0.25667983
9875	0.25621051
9876	0.25507265
9877	0.25325203
9878	0.25115564
9879	0.24866951
9880	0.24580100
9881	0.24276233
9882	0.23946069
9883	0.23617637
9884	0.23319770
9885	0.23018850
9886	0.22749116
9887	0.22419652
9888	0.22149608
9889	0.21905185
9890	0.21683827
9891	0.21489207
9892	0.21320884
9893	0.21183501
9894	0.21075611
9895	0.21032424
9896	0.20973922
9897	0.20939425
9898	0.20930278
9899	0.20946717
9900	0.21003492
9901	0.21065462
9902	0.21327022
9903	0.21491033
9904	0.21659178
9905	0.22035228
9906	0.22293621
9907	0.22578837
9908	0.22620171
9909	0.22931919
9910	0.23264913
9911	0.23619714
9912	0.23981385
9913	0.24350831
9914	0.24709839
9915	0.25067213
9916	0.25445533
9917	0.25762376
9918	0.26070476
9919	0.26370126
9920	0.26686239
9921	0.27015612
9922	0.27359790
9923	0.27701277
9924	0.28020516
9925	0.28295404
9926	0.28509247
9927	0.28656796
9928	0.28749117
9929	0.28794587
9930	0.28817505
9931	0.28836307
9932	0.28868851
9933	0.28958553
9934	0.29135475
9935	0.29335251
9936	0.29514369
9937	0.29561728
9938	0.29748121
9939	0.30026439
9940	0.30270129
9941	0.30504000
9942	0.30771959
9943	0.30797637
9944	0.30820629
9945	0.30824614
9946	0.30807135
9947	0.30788943
9948	0.30758756
9949	0.30729198
9950	0.30701301
9951	0.30693132
9952	0.30713469
9953	0.30652764
9954	0.30640534
9955	0.30619925
9956	0.30595613
9957	0.30504638
9958	0.30533391
9959	0.30537328
9960	0.30500916
9961	0.30451801
9962	0.30392352
9963	0.30330554
9964	0.30258900
9965	0.30170390
9966	0.30066609
9967	0.29929551
9968	0.29791102
9969	0.29644147
9970	0.29488200
9971	0.29317960
9972	0.29131493
9973	0.28933743
9974	0.28709576
9975	0.28463420
9976	0.28194416
9977	0.27926952
9978	0.27657774
9979	0.27410534
9980	0.27207050
9981	0.27058437
9982	0.26953802
9983	0.26850379
9984	0.26707730
9985	0.26553687
9986	0.26381847
9987	0.26181349
9988	0.25975111
9989	0.25752243
9990	0.25562462
9991	0.25338164
9992	0.25188890
9993	0.25062847
9994	0.24962880
9995	0.24887618
9996	0.24850997
9997	0.24841879
9998	0.24863639
9999	0.24919909
10000	0.25005454
10001	0.25108108
10002	0.25228003
10003	0.25348949
10004	0.25459793
10005	0.25539628
10006	0.25576088
10007	0.25553277
10008	0.25473568
10009	0.25346363
10010	0.25160158
10011	0.24942476
10012	0.24701028
10013	0.24424990
10014	0.24146697
10015	0.23870313
10016	0.23601846
10017	0.23349459
10018	0.23135737
10019	0.22841915
10020	0.22600704
10021	0.22364688
10022	0.22125448
10023	0.21921469
10024	0.21726604
10025	0.21549678
10026	0.21421944
10027	0.21290088
10028	0.21189840
10029	0.21107052
10030	0.21065135
10031	0.21057503
10032	0.21084210
10033	0.21222734
10034	0.21321961
10035	0.21478847
10036	0.21623027
10037	0.22020674
10038	0.21950081
10039	0.22211321
10040	0.22483397
10041	0.22804518
10042	0.23125724
10043	0.23480926
10044	0.23842354
10045	0.24298888
10046	0.24710479
10047	0.25052804
10048	0.25316301
10049	0.25602537
10050	0.25873390
10051	0.26133606
10052	0.26403299
10053	0.26714358
10054	0.27032927
10055	0.27345276
10056	0.27621302
10057	0.27833146
10058	0.27970362
10059	0.28017762
10060	0.27995500
10061	0.27923065
10062	0.27829272
10063	0.27737993
10064	0.27664745
10065	0.27642220
10066	0.27752402
10067	0.27875084
10068	0.28018165
10069	0.28063047
10070	0.28148994
10071	0.28329933
10072	0.28489974
10073	0.28725421
10074	0.28900060
10075	0.28975543
10076	0.29001531
10077	0.28994152
10078	0.28957435
10079	0.28962412
10080	0.28906819
10081	0.28840387
10082	0.28793010
10083	0.28761473
10084	0.28746718
10085	0.28737748
10086	0.28695023
10087	0.28678316
10088	0.28651425
10089	0.28610304
10090	0.28503817
10091	0.28536856
10092	0.28417531
10093	0.28423506
10094	0.28341410
10095	0.28239226
10096	0.28125983
10097	0.28003329
10098	0.27867171
10099	0.27691945
10100	0.27543232
10101	0.27381563
10102	0.27219212
10103	0.27046460
10104	0.26864201
10105	0.26671034
10106	0.26449451
10107	0.26209426
10108	0.25937849
10109	0.25653380
10110	0.25361156
10111	0.25084421
10112	0.24844907
10113	0.24663982
10114	0.24549460
10115	0.24428332
10116	0.24277563
10117	0.24128442
10118	0.23942955
10119	0.23738173
10120	0.23527348
10121	0.23329000
10122	0.23127294
10123	0.22902246
10124	0.22773737
10125	0.22657897
10126	0.22563587
10127	0.22497174
10128	0.22459202
10129	0.22457831
10130	0.22485279
10131	0.22539057
10132	0.22620729
10133	0.22727202
10134	0.22845951
10135	0.22969405
10136	0.23084894
10137	0.23171985
10138	0.23223017
10139	0.23216346
10140	0.23143578
10141	0.23002699
10142	0.22802834
10143	0.22567831
10144	0.22275487
10145	0.21958877
10146	0.21615565
10147	0.21246777
10148	0.20872620
10149	0.20494124
10150	0.20136721
10151	0.19829288
10152	0.19447322
10153	0.19126758
10154	0.18813580
10155	0.18518217
10156	0.18241400
10157	0.17963426
10158	0.17741272
10159	0.17507872
10160	0.17339489
10161	0.17172329
10162	0.17074776
10163	0.16961114
10164	0.16879410
10165	0.16825844
10166	0.16795339
10167	0.16842397
10168	0.16857073
10169	0.16952758
10170	0.17036560
10171	0.17136943
10172	0.17271005
10173	0.17440668
10174	0.17839217
10175	0.18059975
10176	0.18295470
10177	0.18532044
10178	0.18804041
10179	0.19046797
10180	0.19268407
10181	0.19527005
10182	0.19734669
10183	0.19977641
10184	0.20220502
10185	0.20480826
10186	0.20752273
10187	0.21071082
10188	0.21394001
10189	0.21688819
10190	0.21928367
10191	0.22087668
10192	0.22164749
10193	0.22179307
10194	0.22143948
10195	0.22098225
10196	0.22119373
10197	0.22238727
10198	0.22430255
10199	0.22568913
10200	0.22578628
10201	0.22711781
10202	0.22902076
10203	0.23135482
10204	0.23331438
10205	0.23452756
10206	0.23460250
10207	0.23452567
10208	0.23416896
10209	0.23333208
10210	0.23330660
10211	0.23275620
10212	0.23224510
10213	0.23187099
10214	0.23171307
10215	0.23162204
10216	0.23174310
10217	0.23131624
10218	0.23126926
10219	0.23102763
10220	0.23029934
10221	0.22983149
10222	0.23001814
10223	0.22991593
10224	0.22936256
10225	0.22864808
10226	0.22788645
10227	0.22703393
10228	0.22605141
10229	0.22495620
10230	0.22351654
10231	0.22219388
10232	0.22088297
10233	0.21946310
10234	0.21796651
10235	0.21638128
10236	0.21475050
10237	0.21283431
10238	0.21073541
10239	0.20836815
10240	0.20580140
10241	0.20305097
10242	0.20038837
10243	0.19804113
10244	0.19623442
10245	0.19503124
10246	0.19434159
10247	0.19377036
10248	0.19348210
10249	0.19339623
10250	0.19326332
10251	0.19324756
10252	0.19328845
10253	0.19348872
10254	0.19375637
10255	0.19315800
10256	0.19367364
10257	0.19408058
10258	0.19460587
10259	0.19527605
10260	0.19615142
10261	0.19714585
10262	0.19850208
10263	0.20002878
10264	0.20169108
10265	0.20346776
10266	0.20511930
10267	0.20663388
10268	0.20777418
10269	0.20861435
10270	0.20868829
10271	0.20826162
10272	0.20736179
10273	0.20599169
10274	0.20423739
10275	0.20215008
10276	0.19956930
10277	0.19687545
10278	0.19404006
10279	0.19119458
10280	0.18838240
10281	0.18570355
10282	0.18323702
10283	0.18002969
10284	0.17742264
10285	0.17474137
10286	0.17240372
10287	0.17040183
10288	0.16853628
10289	0.16695893
10290	0.16597484
10291	0.16493067
10292	0.16426505
10293	0.16373885
10294	0.16362697
10295	0.16367078
10296	0.16422029
10297	0.16475680
10298	0.16670695
10299	0.16827665
10300	0.17009635
10301	0.17394222
10302	0.17642100
10303	0.17898595
10304	0.18188383
10305	0.18489917
10306	0.18828787
10307	0.19183466
10308	0.19567433
10309	0.19928437
10310	0.20233589
10311	0.20604296
10312	0.20918985
10313	0.21275266
10314	0.21635373
10315	0.22011454
10316	0.22424200
10317	0.22847982
10318	0.23310754
10319	0.23755923
10320	0.24164099
10321	0.24508487
10322	0.24771598
10323	0.24957809
10324	0.25083476
10325	0.25172186
10326	0.25246000
10327	0.25330725
10328	0.25436589
10329	0.25593826
10330	0.25796133
10331	0.26000050
10332	0.26118577
10333	0.26115051
10334	0.26209611
10335	0.26366007
10336	0.26542568
10337	0.26733142
10338	0.26866513
10339	0.26937625
10340	0.26965219
10341	0.26964670
10342	0.26924774
10343	0.26875186
10344	0.26822221
10345	0.26780009
10346	0.26759014
10347	0.26764005
10348	0.26772460
10349	0.26755837
10350	0.26753327
10351	0.26748347
10352	0.26684749
10353	0.26643464
10354	0.26675087
10355	0.26671550
10356	0.26649973
10357	0.26616830
10358	0.26565924
10359	0.26501963
10360	0.26431537
10361	0.26355541
10362	0.26248860
10363	0.26148045
10364	0.26055422
10365	0.25957727
10366	0.25854245
10367	0.25740349
10368	0.25632584
10369	0.25496557
10370	0.25346434
10371	0.25168616
10372	0.24963988
10373	0.24744265
10374	0.24515793
10375	0.24311319
10376	0.24155594
10377	0.24070115
10378	0.24044436
10379	0.24038309
10380	0.24042608
10381	0.24051470
10382	0.24048245
10383	0.24035972
10384	0.24014065
10385	0.23996100
10386	0.23958530
10387	0.23841415
10388	0.23866782
10389	0.23854856
10390	0.23845136
10391	0.23855665
10392	0.23882207
10393	0.23928607
10394	0.23999658
10395	0.24097194
10396	0.24213830
10397	0.24348095
10398	0.24496321
10399	0.24639018
10400	0.24766618
10401	0.24872637
10402	0.24941204
10403	0.24956584
10404	0.24920569
10405	0.24816845
10406	0.24659856
10407	0.24473952
10408	0.24252456
10409	0.23991542
10410	0.23719417
10411	0.23438603
10412	0.23163339
10413	0.22902036
10414	0.22692236
10415	0.22404474
10416	0.22180292
10417	0.21960439
10418	0.21783425
10419	0.21611269
10420	0.21462893
10421	0.21327879
10422	0.21224341
10423	0.21170084
10424	0.21111785
10425	0.21086054
10426	0.21091062
10427	0.21114229
10428	0.21178661
10429	0.21251930
10430	0.21419311
10431	0.21572338
10432	0.21768858
10433	0.21948114
10434	0.22189528
10435	0.22453205
10436	0.22735229
10437	0.23038034
10438	0.23381238
10439	0.23973458
10440	0.24340166
10441	0.24711341
10442	0.24976423
10443	0.25306934
10444	0.25573462
10445	0.25859356
10446	0.26125768
10447	0.26364493
10448	0.26576492
10449	0.26825252
10450	0.27081716
10451	0.27332607
10452	0.27566886
10453	0.27755126
10454	0.27886927
10455	0.27943450
10456	0.27931446
10457	0.27857119
10458	0.27745566
10459	0.27625173
10460	0.27507257
10461	0.27424571
10462	0.27490941
10463	0.27594569
10464	0.27779135
10465	0.27854297
10466	0.27906421
10467	0.28086361
10468	0.28298467
10469	0.28533176
10470	0.28697127
10471	0.28770134
10472	0.28802851
10473	0.28829241
10474	0.28840023
10475	0.28872445
10476	0.28861997
10477	0.28833508
10478	0.28816673
10479	0.28811082
10480	0.28803468
10481	0.28769928
10482	0.28766713
10483	0.28761095
10484	0.28752917
10485	0.28674024
10486	0.28666639
10487	0.28706244
10488	0.28639740
10489	0.28632969
10490	0.28571826
10491	0.28510356
10492	0.28441268
10493	0.28360781
10494	0.28241113
10495	0.28132731
10496	0.28017876
10497	0.27891967
10498	0.27751708
10499	0.27604741
10500	0.27444237
10501	0.27277559
10502	0.27098596
10503	0.26889884
10504	0.26664436
10505	0.26413676
10506	0.26152188
10507	0.25888780
10508	0.25647247
10509	0.25453815
10510	0.25315094
10511	0.25219938
10512	0.25122926
10513	0.25026551
10514	0.24925247
10515	0.24811903
10516	0.24688870
10517	0.24559845
10518	0.24427989
10519	0.24275929
10520	0.24088423
10521	0.23971206
10522	0.23860629
10523	0.23772936
10524	0.23705076
10525	0.23670410
10526	0.23661385
10527	0.23688807
10528	0.23743016
10529	0.23820147
10530	0.23914856
10531	0.24006762
10532	0.24081863
10533	0.24131741
10534	0.24136631
10535	0.24087034
10536	0.23972577
10537	0.23794426
10538	0.23571518
10539	0.23321033
10540	0.23017895
10541	0.22707026
10542	0.22361499
10543	0.22013253
10544	0.21662109
10545	0.21320441
10546	0.21007501
10547	0.20648381
10548	0.20318347
10549	0.19996227
10550	0.19682367
10551	0.19360770
10552	0.19085674
10553	0.18826461
10554	0.18574528
10555	0.18393309
10556	0.18195835
10557	0.18023898
10558	0.17881714
10559	0.17774427
10560	0.17694205
10561	0.17653801
10562	0.17714207
10563	0.17772347
10564	0.17871439
10565	0.18002909
10566	0.18365079
10567	0.18582031
10568	0.18833640
10569	0.19122474
10570	0.19447982
10571	0.19792157
10572	0.20157835
10573	0.20533110
10574	0.20858479
10575	0.21162137
10576	0.21452327
10577	0.21797828
10578	0.22137699
10579	0.22475560
10580	0.22870037
10581	0.23297478
10582	0.23728780
10583	0.24140058
10584	0.24501219
10585	0.24784724
10586	0.24982926
10587	0.25087932
10588	0.25123382
10589	0.25115058
10590	0.25098565
10591	0.25090781
10592	0.25108936
10593	0.25205261
10594	0.25355053
10595	0.25543243
10596	0.25641748
10597	0.25641191
10598	0.25792363
10599	0.25955188
10600	0.26169854
10601	0.26363501
10602	0.26469103
10603	0.26506859
10604	0.26528877
10605	0.26548260
10606	0.26523569
10607	0.26487878
10608	0.26445934
10609	0.26405403
10610	0.26371142
10611	0.26368368
10612	0.26347801
10613	0.26339033
10614	0.26332363
10615	0.26328945
10616	0.26256746
10617	0.26252013
10618	0.26273873
10619	0.26240233
10620	0.26226917
10621	0.26182246
10622	0.26129591
10623	0.26077756
10624	0.26014900
10625	0.25943211
10626	0.25833461
10627	0.25735754
10628	0.25640747
10629	0.25541615
10630	0.25433132
10631	0.25318271
10632	0.25190198
10633	0.25050735
10634	0.24891816
10635	0.24717182
10636	0.24529065
10637	0.24350207
10638	0.24191821
10639	0.24077497
10640	0.24030231
10641	0.24046482
10642	0.24091960
10643	0.24124175
10644	0.24138197
10645	0.24132943
10646	0.24099967
10647	0.24050927
10648	0.23993145
10649	0.23929271
10650	0.23860152
10651	0.23671378
10652	0.23656297
10653	0.23595989
10654	0.23566939
10655	0.23550816
10656	0.23562242
10657	0.23598833
10658	0.23659278
10659	0.23745497
10660	0.23842621
10661	0.23951370
10662	0.24058329
10663	0.24151632
10664	0.24227501
10665	0.24276641
10666	0.24275140
10667	0.24223274
10668	0.24117298
10669	0.23956162
10670	0.23733969
10671	0.23480242
10672	0.23190174
10673	0.22869775
10674	0.22531134
10675	0.22188467
10676	0.21853706
10677	0.21557927
10678	0.21203199
10679	0.20902321
10680	0.20610717
10681	0.20343718
10682	0.20095842
10683	0.19857720
10684	0.19639975
10685	0.19447537
10686	0.19313499
10687	0.19169533
10688	0.19078149
10689	0.19009311
10690	0.18966685
10691	0.18956120
10692	0.18991479
10693	0.19144113
10694	0.19235516
10695	0.19403069
10696	0.19558844
10697	0.19794612
10698	0.20056103
10699	0.20364007
10700	0.20917107
10701	0.21273006
10702	0.21658064
10703	0.22060449
10704	0.22448356
10705	0.22731213
10706	0.23103777
10707	0.23416688
10708	0.23775133
10709	0.24114293
10710	0.24490164
10711	0.24902421
10712	0.25335056
10713	0.25780258
10714	0.26215526
10715	0.26599431
10716	0.26911303
10717	0.27128062
10718	0.27246490
10719	0.27272567
10720	0.27249184
10721	0.27218947
10722	0.27223831
10723	0.27289426
10724	0.27408972
10725	0.27574572
10726	0.27773696
10727	0.27970460
10728	0.28131667
10729	0.28185266
10730	0.28208789
10731	0.28354940
10732	0.28468576
10733	0.28662270
10734	0.28814378
10735	0.28881302
10736	0.28917706
10737	0.28937107
10738	0.28930992
10739	0.28956515
10740	0.28907695
10741	0.28840974
10742	0.28783378
10743	0.28743643
10744	0.28744924
10745	0.28674671
10746	0.28660393
10747	0.28651252
10748	0.28625685
10749	0.28584251
10750	0.28593379
10751	0.28470621
10752	0.28491166
10753	0.28435534
10754	0.28353840
10755	0.28262565
10756	0.28164700
10757	0.28057414
10758	0.27913457
10759	0.27786800
10760	0.27659720
10761	0.27526248
10762	0.27390686
10763	0.27243552
10764	0.27083132
10765	0.26909316
10766	0.26710564
10767	0.26491943
10768	0.26259568
10769	0.26025999
10770	0.25803617
10771	0.25615683
10772	0.25469154
10773	0.25383550
10774	0.25342771
10775	0.25293621
10776	0.25224033
10777	0.25146127
10778	0.25032392
10779	0.24906971
10780	0.24766946
10781	0.24612400
10782	0.24459743
10783	0.24209650
10784	0.24067314
10785	0.23916119
10786	0.23789714
10787	0.23697701
10788	0.23639996
10789	0.23611966
10790	0.23625937
10791	0.23673499
10792	0.23743297
10793	0.23823729
10794	0.23907448
10795	0.23978660
10796	0.24004962
10797	0.23991239
10798	0.23913907
10799	0.23784938
10800	0.23602501
10801	0.23371659
10802	0.23102067
10803	0.22796434
10804	0.22477946
10805	0.22135660
10806	0.21798471
10807	0.21476424
10808	0.21201834
10809	0.20848227
10810	0.20552725
10811	0.20275043
10812	0.19992456
10813	0.19752379
10814	0.19528085
10815	0.19308399
10816	0.19120179
10817	0.18975088
10818	0.18820798
10819	0.18691634
10820	0.18603700
10821	0.18536839
10822	0.18499537
10823	0.18492724
10824	0.18580994
10825	0.18647034
10826	0.18755966
10827	0.18907079
10828	0.19301420
10829	0.19256733
10830	0.19498640
10831	0.19784831
10832	0.20298469
10833	0.20681314
10834	0.21053933
10835	0.21446149
10836	0.21754982
10837	0.22132087
10838	0.22499430
10839	0.22789557
10840	0.23106189
10841	0.23415552
10842	0.23688656
10843	0.24008998
10844	0.24344803
10845	0.24674767
10846	0.24968413
10847	0.25208923
10848	0.25368616
10849	0.25450504
10850	0.25461170
10851	0.25413662
10852	0.25339735
10853	0.25317347
10854	0.25407860
10855	0.25569117
10856	0.25743645
10857	0.25805777
10858	0.25928831
10859	0.26103523
10860	0.26322681
10861	0.26519307
10862	0.26645774
10863	0.26683709
10864	0.26715848
10865	0.26698250
10866	0.26669255
10867	0.26623756
10868	0.26576486
10869	0.26533166
10870	0.26515681
10871	0.26462933
10872	0.26454097
10873	0.26445508
10874	0.26453951
10875	0.26405996
10876	0.26392370
10877	0.26372576
10878	0.26278704
10879	0.26244369
10880	0.26286185
10881	0.26240414
10882	0.26174337
10883	0.26102188
10884	0.26016933
10885	0.25925860
10886	0.25821653
10887	0.25704682
10888	0.25539902
10889	0.25398627
10890	0.25243977
10891	0.25081220
10892	0.24916379
10893	0.24732156
10894	0.24543765
10895	0.24320626
10896	0.24080227
10897	0.23823996
10898	0.23542044
10899	0.23263304
10900	0.22995561
10901	0.22767313
10902	0.22606203
10903	0.22502473
10904	0.22424906
10905	0.22346979
10906	0.22272585
10907	0.22193208
10908	0.22100154
10909	0.22012441
10910	0.21901394
10911	0.21822853
10912	0.21698901
10913	0.21639174
10914	0.21590184
10915	0.21562178
10916	0.21562490
10917	0.21585196
10918	0.21641289
10919	0.21731210
10920	0.21851267
10921	0.21997921
10922	0.22164840
10923	0.22343299
10924	0.22502318
10925	0.22653536
10926	0.22768413
10927	0.22823507
10928	0.22823545
10929	0.22770400
10930	0.22662871
10931	0.22519527
10932	0.22330658
10933	0.22116216
10934	0.21881571
10935	0.21635376
10936	0.21380071
10937	0.21130550
10938	0.20885646
10939	0.20677313
10940	0.20385458
10941	0.20145477
10942	0.19899850
10943	0.19689421
10944	0.19487067
10945	0.19297686
10946	0.19170912
10947	0.19011888
10948	0.18874627
10949	0.18764715
10950	0.18666649
10951	0.18600667
10952	0.18657367
10953	0.18706247
10954	0.18741430
10955	0.18849489
10956	0.18981192
10957	0.19121478
10958	0.19300805
10959	0.19511941
10960	0.19997878
10961	0.20285036
10962	0.20585373
10963	0.20899259
10964	0.21217836
10965	0.21435399
10966	0.21739112
10967	0.21959175
10968	0.22254902
10969	0.22557721
10970	0.22871737
10971	0.23204309
10972	0.23568028
10973	0.23943481
10974	0.24312356
10975	0.24638949
10976	0.24905574
10977	0.25096077
10978	0.25197318
10979	0.25208938
10980	0.25146213
10981	0.25045288
10982	0.24939874
10983	0.24861993
10984	0.24832128
10985	0.24889705
10986	0.25045475
10987	0.25227189
10988	0.25376737
10989	0.25408378
10990	0.25492346
10991	0.25630936
10992	0.25838965
10993	0.26048762
10994	0.26191097
10995	0.26212153
10996	0.26222128
10997	0.26234964
10998	0.26213259
10999	0.26178315
11000	0.26135099
11001	0.26086989
11002	0.26039946
11003	0.26011068
11004	0.26020804
11005	0.25982091
11006	0.25982764
11007	0.25984716
11008	0.25974524
11009	0.25951245
11010	0.25905854
11011	0.25920004
11012	0.25888625
11013	0.25834846
11014	0.25766939
11015	0.25680411
11016	0.25590217
11017	0.25483009
11018	0.25331753
11019	0.25196102
11020	0.25052628
11021	0.24897413
11022	0.24735799
11023	0.24565789
11024	0.24392124
11025	0.24208644
11026	0.24003260
11027	0.23776902
11028	0.23519112
11029	0.23229256
11030	0.22917627
11031	0.22598866
11032	0.22288194
11033	0.22014947
11034	0.21797326
11035	0.21626700
11036	0.21473899
11037	0.21329735
11038	0.21200971
11039	0.21066396
11040	0.20931432
11041	0.20788187
11042	0.20630035
11043	0.20437838
11044	0.20315742
11045	0.20200744
11046	0.20113631
11047	0.20051509
11048	0.20023307
11049	0.20033501
11050	0.20083103
11051	0.20154160
11052	0.20260948
11053	0.20381828
11054	0.20497395
11055	0.20615593
11056	0.20704445
11057	0.20752424
11058	0.20747405
11059	0.20699972
11060	0.20604679
11061	0.20472509
11062	0.20301354
11063	0.20107082
11064	0.19880165
11065	0.19648486
11066	0.19423136
11067	0.19229653
11068	0.18978974
11069	0.18758929
11070	0.18532231
11071	0.18319798
11072	0.18129672
11073	0.17954621
11074	0.17809455
11075	0.17676711
11076	0.17609327
11077	0.17503726
11078	0.17438562
11079	0.17399707
11080	0.17398971
11081	0.17425691
11082	0.17482746
11083	0.17577431
11084	0.17755461
11085	0.17914654
11086	0.18127753
11087	0.18374807
11088	0.18884130
11089	0.19134675
11090	0.19536360
11091	0.19939725
11092	0.20365621
11093	0.20810807
11094	0.21276675
11095	0.21754216
11096	0.22132944
11097	0.22602949
11098	0.23056784
11099	0.23485571
11100	0.23839675
11101	0.24226312
11102	0.24580623
11103	0.24975097
11104	0.25380197
11105	0.25782913
11106	0.26152521
11107	0.26468164
11108	0.26711351
11109	0.26869896
11110	0.26948223
11111	0.26952779
11112	0.26914811
11113	0.26855028
11114	0.26801556
11115	0.26755956
11116	0.26801261
11117	0.26917234
11118	0.27080065
11119	0.27186537
11120	0.27214199
11121	0.27369785
11122	0.27540463
11123	0.27765998
11124	0.27956867
11125	0.28057370
11126	0.28065699
11127	0.28145877
11128	0.28163961
11129	0.28148142
11130	0.28108442
11131	0.28072882
11132	0.28022766
11133	0.28034225
11134	0.27971265
11135	0.27965730
11136	0.27905673
11137	0.27888429
11138	0.27875543
11139	0.27789846
11140	0.27763069
11141	0.27793950
11142	0.27747121
11143	0.27716449
11144	0.27650765
11145	0.27580205
11146	0.27503490
11147	0.27413616
11148	0.27310139
11149	0.27167213
11150	0.27041399
11151	0.26908749
11152	0.26764461
11153	0.26610628
11154	0.26444575
11155	0.26262066
11156	0.26068383
11157	0.25844866
11158	0.25592306
11159	0.25323319
11160	0.25036079
11161	0.24748358
11162	0.24481218
11163	0.24249643
11164	0.24073344
11165	0.23907204
11166	0.23721191
11167	0.23526888
11168	0.23320730
11169	0.23111981
11170	0.22912666
11171	0.22725990
11172	0.22574683
11173	0.22395067
11174	0.22283922
11175	0.22185302
11176	0.22106771
11177	0.22057261
11178	0.22048630
11179	0.22080906
11180	0.22166792
11181	0.22297530
11182	0.22470909
11183	0.22674815
11184	0.22894675
11185	0.23125619
11186	0.23345393
11187	0.23533377
11188	0.23701774
11189	0.23805319
11190	0.23854630
11191	0.23851979
11192	0.23769836
11193	0.23649843
11194	0.23470145
11195	0.23239078
11196	0.22981480
11197	0.22702381
11198	0.22411203
11199	0.22113015
11200	0.21834287
11201	0.21596879
11202	0.21273781
11203	0.21008959
11204	0.20745869
11205	0.20499279
11206	0.20266424
11207	0.20112321
11208	0.19901624
11209	0.19711898
11210	0.19555654
11211	0.19428234
11212	0.19323365
11213	0.19261624
11214	0.19231330
11215	0.19222596
11216	0.19354360
11217	0.19455835
11218	0.19588885
11219	0.19753218
11220	0.19924229
11221	0.20397007
11222	0.20693208
11223	0.21020475
11224	0.21373668
11225	0.21739471
11226	0.22106297
11227	0.22487652
11228	0.22801200
11229	0.23134744
11230	0.23430231
11231	0.23776068
11232	0.24095954
11233	0.24451841
11234	0.24834651
11235	0.25240746
11236	0.25649041
11237	0.26033580
11238	0.26360765
11239	0.26609734
11240	0.26766479
11241	0.26840639
11242	0.26846242
11243	0.26821694
11244	0.26785100
11245	0.26768935
11246	0.26841754
11247	0.27006808
11248	0.27213320
11249	0.27382430
11250	0.27445140
11251	0.27548677
11252	0.27746457
11253	0.27960742
11254	0.28166059
11255	0.28296518
11256	0.28336617
11257	0.28312868
11258	0.28292361
11259	0.28285256
11260	0.28227249
11261	0.28166324
11262	0.28114346
11263	0.28071088
11264	0.28094348
11265	0.28070277
11266	0.28106520
11267	0.28051957
11268	0.28063896
11269	0.28055859
11270	0.27978486
11271	0.27952716
11272	0.28009546
11273	0.27990058
11274	0.27942777
11275	0.27888414
11276	0.27827016
11277	0.27756253
11278	0.27679753
11279	0.27564710
11280	0.27459025
11281	0.27345806
11282	0.27223206
11283	0.27087235
11284	0.26948693
11285	0.26796329
11286	0.26634160
11287	0.26455307
11288	0.26250154
11289	0.26028612
11290	0.25794092
11291	0.25556472
11292	0.25332645
11293	0.25132164
11294	0.24978922
11295	0.24874936
11296	0.24815136
11297	0.24766730
11298	0.24696387
11299	0.24619435
11300	0.24529436
11301	0.24428631
11302	0.24329180
11303	0.24235041
11304	0.24153258
11305	0.23983552
11306	0.23944788
11307	0.23891881
11308	0.23859951
11309	0.23846091
11310	0.23860408
11311	0.23899549
11312	0.23969649
11313	0.24066858
11314	0.24181207
11315	0.24312885
11316	0.24446902
11317	0.24572322
11318	0.24672534
11319	0.24732573
11320	0.24742414
11321	0.24685468
11322	0.24560390
11323	0.24367413
11324	0.24155290
11325	0.23912688
11326	0.23615578
11327	0.23339984
11328	0.23041821
11329	0.22717083
11330	0.22389588
11331	0.22076228
11332	0.21796755
11333	0.21449596
11334	0.21163304
11335	0.20868598
11336	0.20577671
11337	0.20300174
11338	0.20044915
11339	0.19803917
11340	0.19617762
11341	0.19415279
11342	0.19250554
11343	0.19108136
11344	0.18989582
11345	0.18908924
11346	0.18961670
11347	0.18914159
11348	0.18953693
11349	0.19042239
11350	0.19372188
11351	0.19500862
11352	0.19751669
11353	0.20026557
11354	0.20349239
11355	0.20708108
11356	0.21109095
11357	0.21532495
11358	0.21909928
11359	0.22318876
11360	0.22705539
11361	0.23116575
11362	0.23539610
11363	0.23960313
11364	0.24401945
11365	0.24872854
11366	0.25372469
11367	0.25875908
11368	0.26348189
11369	0.26763749
11370	0.27094093
11371	0.27338442
11372	0.27499253
11373	0.27610001
11374	0.27696994
11375	0.27796823
11376	0.27930337
11377	0.28094256
11378	0.28289098
11379	0.28504109
11380	0.28718945
11381	0.28974330
11382	0.29114148
11383	0.29197714
11384	0.29374135
11385	0.29537645
11386	0.29738423
11387	0.29930538
11388	0.30045220
11389	0.30099711
11390	0.30135798
11391	0.30124721
11392	0.30088207
11393	0.30048576
11394	0.29986143
11395	0.29936376
11396	0.29909858
11397	0.29882407
11398	0.29884893
11399	0.29898736
11400	0.29835287
11401	0.29838252
11402	0.29848069
11403	0.29893273
11404	0.29880857
11405	0.29865873
11406	0.29828846
11407	0.29784250
11408	0.29732141
11409	0.29667577
11410	0.29590291
11411	0.29475886
11412	0.29374436
11413	0.29264534
11414	0.29141191
11415	0.29010722
11416	0.28868529
11417	0.28715473
11418	0.28552324
11419	0.28365350
11420	0.28155547
11421	0.27922046
11422	0.27684391
11423	0.27434987
11424	0.27195796
11425	0.26979670
11426	0.26802677
11427	0.26675588
11428	0.26589569
11429	0.26499134
11430	0.26375461
11431	0.26237053
11432	0.26085484
11433	0.25921103
11434	0.25758860
11435	0.25577310
11436	0.25329822
11437	0.25240475
11438	0.25120705
11439	0.25025934
11440	0.24949358
11441	0.24903288
11442	0.24891615
11443	0.24905334
11444	0.24952613
11445	0.25017720
11446	0.25108740
11447	0.25205690
11448	0.25303534
11449	0.25387472
11450	0.25442612
11451	0.25447872
11452	0.25393924
11453	0.25279719
11454	0.25108394
11455	0.24888712
11456	0.24643050
11457	0.24380265
11458	0.24083461
11459	0.23771188
11460	0.23455022
11461	0.23143378
11462	0.22835009
11463	0.22539376
11464	0.22234280
11465	0.21940760
11466	0.21656586
11467	0.21361236
11468	0.21092479
11469	0.20844467
11470	0.20652005
11471	0.20417057
11472	0.20211487
11473	0.20029253
11474	0.19871289
11475	0.19751087
11476	0.19660400
11477	0.19586472
11478	0.19608426
11479	0.19603521
11480	0.19640937
11481	0.19638529
11482	0.19775631
11483	0.19924910
11484	0.20105499
11485	0.20539652
11486	0.20811090
11487	0.21091157
11488	0.21381669
11489	0.21670595
11490	0.21875156
11491	0.22132282
11492	0.22320554
11493	0.22540496
11494	0.22710055
11495	0.22900587
11496	0.23106945
11497	0.23341849
11498	0.23596540
11499	0.23859414
11500	0.24097747
11501	0.24285826
11502	0.24404767
11503	0.24451429
11504	0.24431060
11505	0.24367630
11506	0.24272197
11507	0.24168108
11508	0.24108937
11509	0.24187084
11510	0.24290401
11511	0.24445085
11512	0.24476053
11513	0.24563181
11514	0.24735022
11515	0.24931993
11516	0.25154781
11517	0.25314137
11518	0.25369063
11519	0.25388226
11520	0.25382125
11521	0.25357750
11522	0.25316775
11523	0.25264895
11524	0.25208634
11525	0.25166988
11526	0.25177744
11527	0.25137144
11528	0.25111532
11529	0.25116879
11530	0.25123262
11531	0.25122860
11532	0.25048578
11533	0.25020885
11534	0.25071174
11535	0.25057140
11536	0.25006646
11537	0.24951757
11538	0.24890961
11539	0.24823585
11540	0.24746259
11541	0.24649930
11542	0.24512044
11543	0.24387375
11544	0.24254945
11545	0.24111356
11546	0.23964199
11547	0.23812154
11548	0.23646232
11549	0.23476408
11550	0.23284499
11551	0.23071775
11552	0.22850581
11553	0.22616297
11554	0.22380985
11555	0.22163481
11556	0.21984018
11557	0.21856713
11558	0.21786416
11559	0.21748064
11560	0.21696310
11561	0.21654417
11562	0.21602218
11563	0.21546374
11564	0.21494144
11565	0.21443407
11566	0.21373957
11567	0.21266846
11568	0.21263246
11569	0.21249001
11570	0.21255751
11571	0.21282096
11572	0.21336675
11573	0.21422340
11574	0.21533659
11575	0.21672626
11576	0.21826932
11577	0.21996625
11578	0.22171508
11579	0.22325106
11580	0.22465223
11581	0.22567484
11582	0.22620346
11583	0.22614810
11584	0.22561090
11585	0.22468482
11586	0.22312509
11587	0.22127236
11588	0.21919644
11589	0.21678431
11590	0.21437357
11591	0.21200651
11592	0.20991313
11593	0.20745602
11594	0.20532647
11595	0.20328341
11596	0.20135674
11597	0.19940446
11598	0.19766399
11599	0.19624981
11600	0.19489059
11601	0.19371843
11602	0.19304605
11603	0.19227961
11604	0.19186470
11605	0.19165646
11606	0.19173971
11607	0.19271421
11608	0.19420357
11609	0.19439061
11610	0.19587588
11611	0.19774370
11612	0.20211285
11613	0.20218360
11614	0.20514202
11615	0.20827264
11616	0.21170099
11617	0.21765964
11618	0.22208130
11619	0.22629173
11620	0.22968976
11621	0.23371938
11622	0.23773398
11623	0.24108686
11624	0.24474449
11625	0.24804950
11626	0.25184593
11627	0.25597179
11628	0.26041099
11629	0.26500803
11630	0.26939699
11631	0.27334881
11632	0.27656081
11633	0.27897942
11634	0.28058553
11635	0.28164220
11636	0.28230637
11637	0.28283402
11638	0.28343448
11639	0.28426823
11640	0.28572109
11641	0.28762072
11642	0.28996697
11643	0.29174191
11644	0.29235369
11645	0.29410404
11646	0.29580984
11647	0.29779792
11648	0.29997271
11649	0.30146018
11650	0.30215877
11651	0.30251333
11652	0.30337167
11653	0.30247045
11654	0.30182254
11655	0.30112955
11656	0.30055884
11657	0.30017036
11658	0.30007839
11659	0.30003726
11660	0.30021355
11661	0.29958749
11662	0.29954270
11663	0.29939008
11664	0.29861286
11665	0.29868051
11666	0.29874954
11667	0.29854104
11668	0.29797187
11669	0.29738170
11670	0.29664338
11671	0.29579619
11672	0.29487908
11673	0.29358971
11674	0.29243183
11675	0.29124159
11676	0.28994384
11677	0.28856787
11678	0.28715855
11679	0.28568640
11680	0.28403386
11681	0.28215450
11682	0.28002080
11683	0.27762043
11684	0.27501842
11685	0.27221695
11686	0.26937985
11687	0.26673326
11688	0.26453838
11689	0.26262981
11690	0.26072407
11691	0.25876856
11692	0.25692305
11693	0.25506347
11694	0.25334990
11695	0.25180617
11696	0.25049889
11697	0.24911734
11698	0.24711427
11699	0.24644038
11700	0.24541596
11701	0.24445379
11702	0.24371754
11703	0.24315639
11704	0.24299708
11705	0.24320869
11706	0.24377505
11707	0.24472906
11708	0.24604166
11709	0.24749048
11710	0.24914287
11711	0.25065538
11712	0.25193825
11713	0.25279033
11714	0.25303051
11715	0.25262859
11716	0.25162786
11717	0.25007340
11718	0.24813817
11719	0.24552509
11720	0.24272299
11721	0.23963971
11722	0.23647138
11723	0.23330484
11724	0.23015592
11725	0.22744755
11726	0.22403397
11727	0.22108576
11728	0.21821526
11729	0.21552014
11730	0.21291703
11731	0.21040145
11732	0.20826381
11733	0.20669813
11734	0.20509884
11735	0.20384891
11736	0.20314594
11737	0.20259845
11738	0.20227478
11739	0.20238811
11740	0.20286041
11741	0.20490463
11742	0.20632994
11743	0.20684716
11744	0.20827459
11745	0.21050805
11746	0.21299496
11747	0.21588027
11748	0.21893448
11749	0.22232877
11750	0.22589323
11751	0.23168774
11752	0.23570368
11753	0.23859134
11754	0.24198669
11755	0.24529159
11756	0.24731810
11757	0.24989635
11758	0.25220865
11759	0.25439459
11760	0.25656074
11761	0.25872338
11762	0.26073882
11763	0.26245993
11764	0.26367474
11765	0.26429766
11766	0.26430032
11767	0.26385295
11768	0.26314649
11769	0.26237482
11770	0.26167065
11771	0.26114747
11772	0.26077810
11773	0.26126930
11774	0.26191115
11775	0.26299700
11776	0.26317137
11777	0.26331836
11778	0.26504186
11779	0.26695392
11780	0.26926923
11781	0.27092445
11782	0.27187833
11783	0.27248535
11784	0.27296013
11785	0.27308485
11786	0.27296969
11787	0.27272251
11788	0.27267486
11789	0.27181259
11790	0.27152887
11791	0.27150661
11792	0.27113041
11793	0.27118176
11794	0.27110270
11795	0.27101025
11796	0.27010658
11797	0.26986796
11798	0.27014118
11799	0.27026531
11800	0.26949412
11801	0.26939568
11802	0.26876396
11803	0.26799983
11804	0.26720351
11805	0.26614958
11806	0.26471913
11807	0.26334026
11808	0.26187208
11809	0.26022473
11810	0.25855407
11811	0.25678068
11812	0.25495827
11813	0.25305685
11814	0.25099120
11815	0.24869844
11816	0.24622422
11817	0.24352907
11818	0.24083970
11819	0.23824826
11820	0.23605913
11821	0.23450425
11822	0.23359723
11823	0.23307501
11824	0.23246966
11825	0.23195602
11826	0.23135912
11827	0.23063415
11828	0.22984003
11829	0.22903901
11830	0.22826700
11831	0.22664717
11832	0.22636992
11833	0.22596347
11834	0.22576471
11835	0.22583371
11836	0.22614312
11837	0.22684497
11838	0.22782664
11839	0.22909792
11840	0.23072374
11841	0.23246187
11842	0.23426646
11843	0.23595364
11844	0.23740132
11845	0.23843753
11846	0.23899379
11847	0.23883595
11848	0.23817314
11849	0.23703612
11850	0.23550525
11851	0.23361918
11852	0.23142810
11853	0.22919761
11854	0.22700521
11855	0.22475651
11856	0.22275630
11857	0.22102688
11858	0.21898393
11859	0.21728881
11860	0.21566291
11861	0.21403715
11862	0.21263805
11863	0.21152656
11864	0.21047005
11865	0.20955853
11866	0.20920302
11867	0.20864746
11868	0.20837833
11869	0.20843829
11870	0.20878616
11871	0.20998041
11872	0.21074612
11873	0.21316962
11874	0.21502174
11875	0.21763466
11876	0.22135256
11877	0.22187111
11878	0.22069035
11879	0.22879621
11880	0.23263730
11881	0.23670910
11882	0.24091153
11883	0.24516040
11884	0.24914859
11885	0.25497723
11886	0.25882640
11887	0.26234937
11888	0.26469249
11889	0.26762131
11890	0.27049384
11891	0.27328631
11892	0.27612767
11893	0.27874914
11894	0.28106567
11895	0.28287718
11896	0.28396535
11897	0.28432602
11898	0.28388238
11899	0.28274557
11900	0.28121346
11901	0.27957526
11902	0.27821988
11903	0.27722475
11904	0.27697670
11905	0.27792093
11906	0.27901044
11907	0.28000975
11908	0.28016791
11909	0.28087136
11910	0.28301781
11911	0.28447917
11912	0.28635988
11913	0.28767785
11914	0.28824702
11915	0.28837797
11916	0.28831512
11917	0.28813362
11918	0.28874379
11919	0.28786391
11920	0.28734067
11921	0.28672183
11922	0.28628054
11923	0.28558415
11924	0.28532663
11925	0.28510517
11926	0.28503594
11927	0.28474876
11928	0.28429160
11929	0.28384608
11930	0.28369892
11931	0.28320733
11932	0.28282124
11933	0.28131035
11934	0.28130502
11935	0.28047043
11936	0.27949980
11937	0.27843389
11938	0.27693602
11939	0.27567765
11940	0.27431870
11941	0.27284539
11942	0.27133358
11943	0.26976976
11944	0.26805875
11945	0.26614445
11946	0.26413715
11947	0.26207131
11948	0.25998890
11949	0.25804156
11950	0.25639346
11951	0.25523001
11952	0.25463846
11953	0.25458708
11954	0.25450245
11955	0.25443676
11956	0.25443617
11957	0.25435209
11958	0.25419614
11959	0.25406441
11960	0.25400060
11961	0.25397637
11962	0.25402647
11963	0.25327244
11964	0.25329888
11965	0.25334197
11966	0.25357911
11967	0.25400451
11968	0.25469464
11969	0.25566870
11970	0.25692821
11971	0.25840613
11972	0.25999236
11973	0.26168317
11974	0.26334333
11975	0.26478246
11976	0.26599395
11977	0.26677299
11978	0.26705998
11979	0.26662230
11980	0.26552361
11981	0.26406032
11982	0.26231304
11983	0.26010478
11984	0.25782052
11985	0.25539246
11986	0.25276017
11987	0.25017852
11988	0.24771650
11989	0.24543124
11990	0.24328950
11991	0.24049832
11992	0.23819447
11993	0.23599051
11994	0.23369625
11995	0.23188286
11996	0.23009470
11997	0.22860830
11998	0.22755329
11999	0.22648573
12000	0.22569722