	C:\Users\jkuzm\OneDrive - University of Massachusetts\HRSL x UMILL-PUMA Fatigue - Fatigue\Data\F01\FR3_Metabolic2.c3d
	LMT5H
	TARGET
	ORIGINAL
ITEM	X
1	0.13335237
2	0.13209762
3	0.13078684
4	0.12962072
5	0.12896539
6	0.12819597
7	0.12804312
8	0.12840307
9	0.12891731
10	0.12949790
11	0.13012947
12	0.13093722
13	0.13189118
14	0.13284735
15	0.13385274
16	0.13488860
17	0.13576138
18	0.13646708
19	0.13695812
20	0.13725074
21	0.13724101
22	0.13676402
23	0.13628797
24	0.13571966
25	0.13468677
26	0.13344094
27	0.13201797
28	0.13042887
29	0.12868841
30	0.12674372
31	0.12479078
32	0.12272893
33	0.12053047
34	0.11824647
35	0.11580823
36	0.11333706
37	0.11082724
38	0.10841721
39	0.10603935
40	0.10383368
41	0.10167127
42	0.09965406
43	0.09772053
44	0.09612221
45	0.09474532
46	0.09358966
47	0.09270334
48	0.09207544
49	0.09172168
50	0.09160124
51	0.09174746
52	0.09222570
53	0.09278477
54	0.09369666
55	0.09526353
56	0.09652947
57	0.09807599
58	0.09972814
59	0.10163912
60	0.10380337
61	0.10594556
62	0.10807614
63	0.11028947
64	0.11252923
65	0.11476484
66	0.11704755
67	0.11953005
68	0.12182997
69	0.12433484
70	0.12701654
71	0.12995563
72	0.13318357
73	0.13662510
74	0.14060715
75	0.14456187
76	0.14872269
77	0.15296289
78	0.15712443
79	0.16114074
80	0.16475751
81	0.16797993
82	0.17065151
83	0.17268102
84	0.17407663
85	0.17483826
86	0.17502071
87	0.17473862
88	0.17408629
89	0.17309362
90	0.17205971
91	0.17122729
92	0.16940668
93	0.16758353
94	0.17129937
95	0.17674240
96	0.18025240
97	0.18298511
98	0.18299438
99	0.18255238
100	0.18297297
101	0.18312632
102	0.18287891
103	0.18260302
104	0.18157415
105	0.18097101
106	0.18000951
107	0.18019558
108	0.18016571
109	0.18024455
110	0.18011378
111	0.18001907
112	0.17988381
113	0.17959213
114	0.17956281
115	0.17941126
116	0.17905644
117	0.17892870
118	0.17883937
119	0.17862314
120	0.17893504
121	0.17855552
122	0.17780674
123	0.17732769
124	0.17676646
125	0.17605254
126	0.17530261
127	0.17441860
128	0.17376682
129	0.17268488
130	0.17151675
131	0.17019868
132	0.16880578
133	0.16744600
134	0.16624777
135	0.16524066
136	0.16456859
137	0.16400228
138	0.16395411
139	0.16415919
140	0.16445807
141	0.16486102
142	0.16542877
143	0.16610698
144	0.16694286
145	0.16777028
146	0.16862650
147	0.16936906
148	0.16994454
149	0.17022578
150	0.17030570
151	0.16997196
152	0.16925354
153	0.16827130
154	0.16727474
155	0.16589619
156	0.16427556
157	0.16242245
158	0.16043006
159	0.15829585
160	0.15598921
161	0.15356353
162	0.15106121
163	0.14840713
164	0.14566116
165	0.14283048
166	0.13993236
167	0.13708162
168	0.13433543
169	0.13173626
170	0.12925625
171	0.12702096
172	0.12492738
173	0.12287527
174	0.12119052
175	0.11971629
176	0.11856115
177	0.11766373
178	0.11699639
179	0.11650411
180	0.11648887
181	0.11660794
182	0.11705834
183	0.11762769
184	0.11838450
185	0.11997401
186	0.12117581
187	0.12273567
188	0.12426073
189	0.12619425
190	0.12810850
191	0.12991229
192	0.13185509
193	0.13373627
194	0.13561650
195	0.13747305
196	0.13932875
197	0.14134546
198	0.14307974
199	0.14507441
200	0.14723746
201	0.14955698
202	0.15234144
203	0.15510951
204	0.15816216
205	0.16141915
206	0.16483909
207	0.16829790
208	0.17166510
209	0.17482620
210	0.17767547
211	0.18011436
212	0.18209390
213	0.18359274
214	0.18453875
215	0.18501094
216	0.18506861
217	0.18474266
218	0.18414088
219	0.18336757
220	0.18253061
221	0.18191434
222	0.18098877
223	0.17878675
224	0.18132463
225	0.18572168
226	0.18846522
227	0.19063853
228	0.19078881
229	0.19038837
230	0.19054806
231	0.19077143
232	0.19085300
233	0.19070883
234	0.19022350
235	0.18935578
236	0.18891868
237	0.18864678
238	0.18842962
239	0.18847908
240	0.18859409
241	0.18860556
242	0.18843982
243	0.18837929
244	0.18839596
245	0.18805328
246	0.18817383
247	0.18791974
248	0.18789029
249	0.18785143
250	0.18810610
251	0.18790855
252	0.18721591
253	0.18683870
254	0.18636616
255	0.18576862
256	0.18508613
257	0.18427043
258	0.18373026
259	0.18277700
260	0.18173482
261	0.18052141
262	0.17919667
263	0.17786099
264	0.17653756
265	0.17523548
266	0.17433985
267	0.17370316
268	0.17316830
269	0.17310186
270	0.17325111
271	0.17338996
272	0.17354019
273	0.17381378
274	0.17423128
275	0.17471512
276	0.17518158
277	0.17558987
278	0.17593536
279	0.17607373
280	0.17607658
281	0.17579809
282	0.17531836
283	0.17448539
284	0.17352849
285	0.17247258
286	0.17115709
287	0.16972448
288	0.16815160
289	0.16644597
290	0.16463965
291	0.16282354
292	0.16092581
293	0.15889192
294	0.15682019
295	0.15465787
296	0.15243137
297	0.15024848
298	0.14805679
299	0.14599440
300	0.14409116
301	0.14240366
302	0.14081483
303	0.13922231
304	0.13801564
305	0.13701893
306	0.13637646
307	0.13578700
308	0.13555187
309	0.13560760
310	0.13592215
311	0.13649933
312	0.13736254
313	0.13836822
314	0.13965429
315	0.14105384
316	0.14249346
317	0.14471611
318	0.14670388
319	0.14877312
320	0.15093380
321	0.15306282
322	0.15529135
323	0.15749785
324	0.15966001
325	0.16171007
326	0.16406813
327	0.16616714
328	0.16843975
329	0.17015740
330	0.17226033
331	0.17453460
332	0.17684986
333	0.17930835
334	0.18196833
335	0.18483374
336	0.18783292
337	0.19091992
338	0.19409876
339	0.19721316
340	0.20021157
341	0.20291023
342	0.20531362
343	0.20729800
344	0.20888236
345	0.21007663
346	0.21098888
347	0.21160556
348	0.21203175
349	0.21223749
350	0.21234310
351	0.21260749
352	0.21296053
353	0.21101420
354	0.21180789
355	0.21656881
356	0.22115305
357	0.22380969
358	0.22549701
359	0.22524402
360	0.22557658
361	0.22608668
362	0.22620980
363	0.22612335
364	0.22589965
365	0.22555381
366	0.22491276
367	0.22446723
368	0.22463702
369	0.22482388
370	0.22479297
371	0.22429869
372	0.22420067
373	0.22368295
374	0.22398205
375	0.22399427
376	0.22383928
377	0.22359020
378	0.22358665
379	0.22347030
380	0.22321612
381	0.22302498
382	0.22272295
383	0.22197391
384	0.22141926
385	0.22078398
386	0.22003584
387	0.21920907
388	0.21859789
389	0.21768649
390	0.21658735
391	0.21545464
392	0.21413964
393	0.21278746
394	0.21138921
395	0.21003410
396	0.20894513
397	0.20829517
398	0.20777266
399	0.20791031
400	0.20824008
401	0.20863244
402	0.20896760
403	0.20931228
404	0.20980899
405	0.21044269
406	0.21107790
407	0.21169467
408	0.21229324
409	0.21276768
410	0.21303986
411	0.21315058
412	0.21289149
413	0.21217847
414	0.21124297
415	0.21030089
416	0.20887674
417	0.20722802
418	0.20537820
419	0.20336263
420	0.20121613
421	0.19892974
422	0.19645293
423	0.19400796
424	0.19145969
425	0.18881015
426	0.18608797
427	0.18330821
428	0.18051268
429	0.17776154
430	0.17503697
431	0.17248371
432	0.16997091
433	0.16782345
434	0.16557205
435	0.16364603
436	0.16197620
437	0.16049737
438	0.15927072
439	0.15844059
440	0.15766491
441	0.15690824
442	0.15660821
443	0.15640692
444	0.15644623
445	0.15641831
446	0.15676828
447	0.15705621
448	0.15747570
449	0.15808861
450	0.15870312
451	0.15935230
452	0.15989289
453	0.16041677
454	0.16103499
455	0.16160572
456	0.16207308
457	0.16245471
458	0.16355686
459	0.16430093
460	0.16484834
461	0.16569701
462	0.16701579
463	0.16805896
464	0.16957571
465	0.17135462
466	0.17340712
467	0.17568775
468	0.17815635
469	0.18070255
470	0.18322931
471	0.18564887
472	0.18788505
473	0.18984360
474	0.19150913
475	0.19288126
476	0.19395301
477	0.19483930
478	0.19560029
479	0.19631173
480	0.19697791
481	0.19765434
482	0.19840719
483	0.19932121
484	0.20023559
485	0.20052102
486	0.19942114
487	0.20238924
488	0.20657541
489	0.20841917
490	0.21014844
491	0.21022873
492	0.21020593
493	0.21074788
494	0.21123111
495	0.21173765
496	0.21154077
497	0.21122141
498	0.21058592
499	0.21004507
500	0.21003357
501	0.21012349
502	0.21020989
503	0.20970896
504	0.20993870
505	0.21009335
506	0.21021838
507	0.21029364
508	0.21029016
509	0.21007012
510	0.20992355
511	0.21024768
512	0.21005957
513	0.20982045
514	0.20948966
515	0.20910589
516	0.20824000
517	0.20761320
518	0.20689112
519	0.20607276
520	0.20521227
521	0.20456931
522	0.20358893
523	0.20241898
524	0.20121135
525	0.19988254
526	0.19848219
527	0.19712485
528	0.19604567
529	0.19531886
530	0.19468263
531	0.19447163
532	0.19463299
533	0.19496599
534	0.19527391
535	0.19559552
536	0.19604573
537	0.19663753
538	0.19726460
539	0.19790743
540	0.19841410
541	0.19873434
542	0.19890012
543	0.19879699
544	0.19836916
545	0.19751056
546	0.19631961
547	0.19517247
548	0.19355623
549	0.19168073
550	0.18957466
551	0.18731916
552	0.18489821
553	0.18233918
554	0.17968459
555	0.17697205
556	0.17421128
557	0.17133306
558	0.16834293
559	0.16533950
560	0.16224991
561	0.15920500
562	0.15625624
563	0.15345307
564	0.15072230
565	0.14827174
566	0.14586245
567	0.14358312
568	0.14161266
569	0.13984926
570	0.13845022
571	0.13718553
572	0.13599515
573	0.13523054
574	0.13470715
575	0.13439608
576	0.13437854
577	0.13456504
578	0.13488986
579	0.13544980
580	0.13606615
581	0.13751478
582	0.13858984
583	0.13983640
584	0.14113539
585	0.14246130
586	0.14385857
587	0.14527132
588	0.14663014
589	0.14801781
590	0.14919126
591	0.15081312
592	0.15219963
593	0.15334788
594	0.15482700
595	0.15640695
596	0.15832645
597	0.16014212
598	0.16229904
599	0.16468771
600	0.16719587
601	0.16978373
602	0.17240974
603	0.17491449
604	0.17738563
605	0.17952973
606	0.18129852
607	0.18273051
608	0.18399571
609	0.18457326
610	0.18514276
611	0.18554628
612	0.18581465
613	0.18598956
614	0.18620482
615	0.18638492
616	0.18663861
617	0.18546344
618	0.18524972
619	0.18903342
620	0.19299304
621	0.19501320
622	0.19644079
623	0.19617996
624	0.19649345
625	0.19700804
626	0.19745186
627	0.19749749
628	0.19737838
629	0.19664712
630	0.19620574
631	0.19593951
632	0.19587740
633	0.19583163
634	0.19583520
635	0.19578277
636	0.19544733
637	0.19539082
638	0.19525750
639	0.19514017
640	0.19488251
641	0.19464462
642	0.19438727
643	0.19468705
644	0.19429046
645	0.19400991
646	0.19323672
647	0.19279657
648	0.19222710
649	0.19162235
650	0.19088742
651	0.19001834
652	0.18943392
653	0.18847863
654	0.18745185
655	0.18631975
656	0.18517670
657	0.18406866
658	0.18309073
659	0.18240829
660	0.18197678
661	0.18182151
662	0.18180449
663	0.18222107
664	0.18279220
665	0.18337828
666	0.18392053
667	0.18458629
668	0.18537661
669	0.18622112
670	0.18711092
671	0.18790631
672	0.18857336
673	0.18912289
674	0.18947357
675	0.18955952
676	0.18935338
677	0.18875204
678	0.18784438
679	0.18685417
680	0.18556459
681	0.18407306
682	0.18231958
683	0.18042469
684	0.17840357
685	0.17623599
686	0.17392753
687	0.17150474
688	0.16899341
689	0.16644163
690	0.16382231
691	0.16127636
692	0.15875953
693	0.15637076
694	0.15404905
695	0.15206178
696	0.15007024
697	0.14818113
698	0.14665012
699	0.14534177
700	0.14425094
701	0.14355531
702	0.14296058
703	0.14244209
704	0.14229037
705	0.14247678
706	0.14288087
707	0.14345162
708	0.14421681
709	0.14520815
710	0.14627840
711	0.14752413
712	0.14924411
713	0.15099242
714	0.15265197
715	0.15423393
716	0.15588099
717	0.15753892
718	0.15915519
719	0.16063109
720	0.16199121
721	0.16380645
722	0.16521087
723	0.16645209
724	0.16789284
725	0.16970228
726	0.17108390
727	0.17276895
728	0.17458066
729	0.17650841
730	0.17853127
731	0.18048510
732	0.18238796
733	0.18413752
734	0.18555111
735	0.18684821
736	0.18771054
737	0.18826535
738	0.18855612
739	0.18861569
740	0.18852416
741	0.18836293
742	0.18822166
743	0.18811886
744	0.18820681
745	0.18881840
746	0.18892486
747	0.18718582
748	0.19001652
749	0.19419533
750	0.19643228
751	0.19822162
752	0.19846326
753	0.19832273
754	0.19877389
755	0.19897236
756	0.19916768
757	0.19910344
758	0.19882147
759	0.19799250
760	0.19767717
761	0.19742101
762	0.19671886
763	0.19705769
764	0.19704002
765	0.19691652
766	0.19707069
767	0.19714698
768	0.19722813
769	0.19699880
770	0.19700342
771	0.19685134
772	0.19671440
773	0.19692384
774	0.19672589
775	0.19650462
776	0.19614838
777	0.19536674
778	0.19478305
779	0.19416986
780	0.19346058
781	0.19266836
782	0.19207309
783	0.19115660
784	0.19014484
785	0.18894772
786	0.18767910
787	0.18628928
788	0.18491152
789	0.18360820
790	0.18250963
791	0.18181334
792	0.18123367
793	0.18131971
794	0.18173559
795	0.18209076
796	0.18257084
797	0.18312143
798	0.18374600
799	0.18427104
800	0.18462837
801	0.18474436
802	0.18458821
803	0.18408875
804	0.18323377
805	0.18201025
806	0.18032119
807	0.17820926
808	0.17603183
809	0.17356268
810	0.17085820
811	0.16802640
812	0.16501015
813	0.16202432
814	0.15901914
815	0.15597983
816	0.15296242
817	0.14998111
818	0.14691478
819	0.14385878
820	0.14078845
821	0.13782664
822	0.13491306
823	0.13213946
824	0.12961449
825	0.12722933
826	0.12496368
827	0.12297593
828	0.12120935
829	0.11967346
830	0.11855292
831	0.11746383
832	0.11677461
833	0.11637962
834	0.11619832
835	0.11631215
836	0.11650264
837	0.11711661
838	0.11792290
839	0.11882611
840	0.11997569
841	0.12110607
842	0.12288702
843	0.12445042
844	0.12618913
845	0.12791693
846	0.12970211
847	0.13148171
848	0.13337572
849	0.13526677
850	0.13717405
851	0.13903110
852	0.14093089
853	0.14294505
854	0.14492938
855	0.14653218
856	0.14857747
857	0.15072370
858	0.15322526
859	0.15577959
860	0.15862699
861	0.16175961
862	0.16516413
863	0.16877741
864	0.17252158
865	0.17627215
866	0.17987043
867	0.18335566
868	0.18637764
869	0.18901899
870	0.19116279
871	0.19286884
872	0.19412613
873	0.19501957
874	0.19552244
875	0.19573407
876	0.19589105
877	0.19600168
878	0.19310571
879	0.19390492
880	0.19832411
881	0.20286900
882	0.20563145
883	0.20654945
884	0.20607720
885	0.20651864
886	0.20721684
887	0.20744437
888	0.20730516
889	0.20717598
890	0.20653845
891	0.20608383
892	0.20566587
893	0.20603839
894	0.20635428
895	0.20647007
896	0.20648369
897	0.20632595
898	0.20597984
899	0.20605935
900	0.20620976
901	0.20614526
902	0.20599172
903	0.20582311
904	0.20577960
905	0.20613953
906	0.20585933
907	0.20556873
908	0.20483221
909	0.20437120
910	0.20381747
911	0.20312901
912	0.20229512
913	0.20136040
914	0.20061693
915	0.19945884
916	0.19810651
917	0.19661802
918	0.19501749
919	0.19333984
920	0.19163249
921	0.19022672
922	0.18890238
923	0.18829101
924	0.18810709
925	0.18815032
926	0.18834805
927	0.18858990
928	0.18878993
929	0.18908714
930	0.18937427
931	0.18957061
932	0.18966797
933	0.18956590
934	0.18919586
935	0.18857914
936	0.18760183
937	0.18629599
938	0.18444929
939	0.18256499
940	0.18038674
941	0.17800257
942	0.17546611
943	0.17285198
944	0.17021321
945	0.16754816
946	0.16488184
947	0.16230786
948	0.15978216
949	0.15725946
950	0.15477394
951	0.15232952
952	0.14991654
953	0.14761676
954	0.14546913
955	0.14350766
956	0.14166261
957	0.14014202
958	0.13852185
959	0.13722572
960	0.13622622
961	0.13543385
962	0.13489337
963	0.13455665
964	0.13442676
965	0.13454656
966	0.13475505
967	0.13535571
968	0.13597886
969	0.13668616
970	0.13768533
971	0.13872606
972	0.13968371
973	0.14113416
974	0.14246053
975	0.14372283
976	0.14497130
977	0.14614210
978	0.14729659
979	0.14833662
980	0.14924495
981	0.15000792
982	0.15041670
983	0.15125506
984	0.15160769
985	0.15172194
986	0.15192625
987	0.15212603
988	0.15241377
989	0.15284306
990	0.15325570
991	0.15386708
992	0.15459651
993	0.15537100
994	0.15619804
995	0.15696837
996	0.15761797
997	0.15812507
998	0.15839528
999	0.15854882
1000	0.15869850
1001	0.15858570
1002	0.15846883
1003	0.15833667
1004	0.15824501
1005	0.15841173
1006	0.15857665
1007	0.15899985
1008	0.15971272
1009	0.15856689
1010	0.15928993
1011	0.16302004
1012	0.16583708
1013	0.16664106
1014	0.16743918
1015	0.16722739
1016	0.16713345
1017	0.16735782
1018	0.16768432
1019	0.16817419
1020	0.16819897
1021	0.16796705
1022	0.16747425
1023	0.16737357
1024	0.16739535
1025	0.16746378
1026	0.16755934
1027	0.16758652
1028	0.16748534
1029	0.16729160
1030	0.16705072
1031	0.16684093
1032	0.16629919
1033	0.16619416
1034	0.16584837
1035	0.16564167
1036	0.16550347
1037	0.16528429
1038	0.16508092
1039	0.16536930
1040	0.16437151
1041	0.16390961
1042	0.16329096
1043	0.16265605
1044	0.16195390
1045	0.16145979
1046	0.16062644
1047	0.15973739
1048	0.15886734
1049	0.15801901
1050	0.15732741
1051	0.15693200
1052	0.15691127
1053	0.15713038
1054	0.15747397
1055	0.15831546
1056	0.15934210
1057	0.16058396
1058	0.16196345
1059	0.16345170
1060	0.16499284
1061	0.16674036
1062	0.16849497
1063	0.17016980
1064	0.17174077
1065	0.17304431
1066	0.17399235
1067	0.17459157
1068	0.17470253
1069	0.17431265
1070	0.17331386
1071	0.17220788
1072	0.17056011
1073	0.16860136
1074	0.16631489
1075	0.16379128
1076	0.16112085
1077	0.15832779
1078	0.15538213
1079	0.15236901
1080	0.14927036
1081	0.14608438
1082	0.14281093
1083	0.13946506
1084	0.13605121
1085	0.13266842
1086	0.12939744
1087	0.12634355
1088	0.12349505
1089	0.12085018
1090	0.11830814
1091	0.11621787
1092	0.11443327
1093	0.11294036
1094	0.11179207
1095	0.11099762
1096	0.11049453
1097	0.11021510
1098	0.11043965
1099	0.11084306
1100	0.11155147
1101	0.11238269
1102	0.11358301
1103	0.11528387
1104	0.11682425
1105	0.11846248
1106	0.12029129
1107	0.12225273
1108	0.12427074
1109	0.12627912
1110	0.12834615
1111	0.13041398
1112	0.13249162
1113	0.13444261
1114	0.13645372
1115	0.13781643
1116	0.14027965
1117	0.14179601
1118	0.14343579
1119	0.14508401
1120	0.14673708
1121	0.14838980
1122	0.14989717
1123	0.15140939
1124	0.15279908
1125	0.15404972
1126	0.15510620
1127	0.15579277
1128	0.15596376
1129	0.15596713
1130	0.15582192
1131	0.15524314
1132	0.15444781
1133	0.15353633
1134	0.15266292
1135	0.15192251
1136	0.15127604
1137	0.15067773
1138	0.15035252
1139	0.15066786
1140	0.15085834
1141	0.14930287
1142	0.15237278
1143	0.15697458
1144	0.15867598
1145	0.16021715
1146	0.16053285
1147	0.16087140
1148	0.16166095
1149	0.16176851
1150	0.16170163
1151	0.16169856
1152	0.16098692
1153	0.16061257
1154	0.16034968
1155	0.16009502
1156	0.15987375
1157	0.15960550
1158	0.15937966
1159	0.15919070
1160	0.15903656
1161	0.15903848
1162	0.15861012
1163	0.15829527
1164	0.15822230
1165	0.15795597
1166	0.15780362
1167	0.15753753
1168	0.15729305
1169	0.15693237
1170	0.15643981
1171	0.15590106
1172	0.15516527
1173	0.15441419
1174	0.15349069
1175	0.15252581
1176	0.15177765
1177	0.15066694
1178	0.14942682
1179	0.14805910
1180	0.14659213
1181	0.14505011
1182	0.14364736
1183	0.14262488
1184	0.14165936
1185	0.14090289
1186	0.14067045
1187	0.14082615
1188	0.14121264
1189	0.14181100
1190	0.14260954
1191	0.14362340
1192	0.14475597
1193	0.14591859
1194	0.14700882
1195	0.14788537
1196	0.14847088
1197	0.14866410
1198	0.14837152
1199	0.14765768
1200	0.14638585
1201	0.14470555
1202	0.14266597
1203	0.14025737
1204	0.13756891
1205	0.13467138
1206	0.13164082
1207	0.12846145
1208	0.12517080
1209	0.12183236
1210	0.11845890
1211	0.11505398
1212	0.11155041
1213	0.10800209
1214	0.10452680
1215	0.10107455
1216	0.09781466
1217	0.09473993
1218	0.09196272
1219	0.08932561
1220	0.08683695
1221	0.08467216
1222	0.08276613
1223	0.08113578
1224	0.07980194
1225	0.07878104
1226	0.07805222
1227	0.07763113
1228	0.07748130
1229	0.07756467
1230	0.07801089
1231	0.07871650
1232	0.07956981
1233	0.08124743
1234	0.08250505
1235	0.08425193
1236	0.08598151
1237	0.08801336
1238	0.08996656
1239	0.09247229
1240	0.09495372
1241	0.09722976
1242	0.09971242
1243	0.10218200
1244	0.10469668
1245	0.10720684
1246	0.10994172
1247	0.11259460
1248	0.11482573
1249	0.11795500
1250	0.12091197
1251	0.12401506
1252	0.12718448
1253	0.13085769
1254	0.13405503
1255	0.13740744
1256	0.14066923
1257	0.14369231
1258	0.14624235
1259	0.14824593
1260	0.15003100
1261	0.15133239
1262	0.15247928
1263	0.15280543
1264	0.15280969
1265	0.15249540
1266	0.15202895
1267	0.15145341
1268	0.15084395
1269	0.15042591
1270	0.15029486
1271	0.15052161
1272	0.14839421
1273	0.15048350
1274	0.15497868
1275	0.15808220
1276	0.15998447
1277	0.16034392
1278	0.16011815
1279	0.16046077
1280	0.16095588
1281	0.16105862
1282	0.16101186
1283	0.16075446
1284	0.15992258
1285	0.15986148
1286	0.15964240
1287	0.15957943
1288	0.15950546
1289	0.15944819
1290	0.15948212
1291	0.15953173
1292	0.15962879
1293	0.15974790
1294	0.15956569
1295	0.15940049
1296	0.15927579
1297	0.15933473
1298	0.15928742
1299	0.15916926
1300	0.15903927
1301	0.15872739
1302	0.15831469
1303	0.15771331
1304	0.15701661
1305	0.15626223
1306	0.15538076
1307	0.15471260
1308	0.15371217
1309	0.15264754
1310	0.15147094
1311	0.15024982
1312	0.14909504
1313	0.14816493
1314	0.14745116
1315	0.14697993
1316	0.14642791
1317	0.14635609
1318	0.14658836
1319	0.14695920
1320	0.14773324
1321	0.14863788
1322	0.14970320
1323	0.15087236
1324	0.15206474
1325	0.15315427
1326	0.15402529
1327	0.15459226
1328	0.15484919
1329	0.15467474
1330	0.15402432
1331	0.15285391
1332	0.15117109
1333	0.14936265
1334	0.14730379
1335	0.14490308
1336	0.14233404
1337	0.13969399
1338	0.13693045
1339	0.13411495
1340	0.13135684
1341	0.12858343
1342	0.12579529
1343	0.12298419
1344	0.12021205
1345	0.11748143
1346	0.11493319
1347	0.11258493
1348	0.11041561
1349	0.10852145
1350	0.10686120
1351	0.10547571
1352	0.10443883
1353	0.10366978
1354	0.10320174
1355	0.10303840
1356	0.10319242
1357	0.10364960
1358	0.10423364
1359	0.10530455
1360	0.10643906
1361	0.10799642
1362	0.10967704
1363	0.11149513
1364	0.11349252
1365	0.11580985
1366	0.11816691
1367	0.12049224
1368	0.12293463
1369	0.12544936
1370	0.12793687
1371	0.13048187
1372	0.13297105
1373	0.13539842
1374	0.13777901
1375	0.13999304
1376	0.14213274
1377	0.14440262
1378	0.14616899
1379	0.14792936
1380	0.14973086
1381	0.15143688
1382	0.15335135
1383	0.15506552
1384	0.15695383
1385	0.15886372
1386	0.16085254
1387	0.16279079
1388	0.16462161
1389	0.16631295
1390	0.16783273
1391	0.16909194
1392	0.17010386
1393	0.17080283
1394	0.17134941
1395	0.17169869
1396	0.17200872
1397	0.17231885
1398	0.17267990
1399	0.17308074
1400	0.17373715
1401	0.17427093
1402	0.17317367
1403	0.17483701
1404	0.17875580
1405	0.18178537
1406	0.18392847
1407	0.18469942
1408	0.18446870
1409	0.18463230
1410	0.18496920
1411	0.18507616
1412	0.18493351
1413	0.18457964
1414	0.18365315
1415	0.18319851
1416	0.18243246
1417	0.18276463
1418	0.18279745
1419	0.18277977
1420	0.18276602
1421	0.18260373
1422	0.18222354
1423	0.18218064
1424	0.18203740
1425	0.18183774
1426	0.18149473
1427	0.18129729
1428	0.18117902
1429	0.18095380
1430	0.18115653
1431	0.18087937
1432	0.18010256
1433	0.17965771
1434	0.17908323
1435	0.17843966
1436	0.17766978
1437	0.17682850
1438	0.17618674
1439	0.17516242
1440	0.17400858
1441	0.17277756
1442	0.17150159
1443	0.17019506
1444	0.16912381
1445	0.16843802
1446	0.16792838
1447	0.16802724
1448	0.16856702
1449	0.16912566
1450	0.16987948
1451	0.17072834
1452	0.17165238
1453	0.17273845
1454	0.17390515
1455	0.17483915
1456	0.17595150
1457	0.17684640
1458	0.17775355
1459	0.17816411
1460	0.17820325
1461	0.17766598
1462	0.17696977
1463	0.17586789
1464	0.17444719
1465	0.17269900
1466	0.17072491
1467	0.16857682
1468	0.16632885
1469	0.16391009
1470	0.16152407
1471	0.15907590
1472	0.15658703
1473	0.15392974
1474	0.15128431
1475	0.14850275
1476	0.14570323
1477	0.14293711
1478	0.14025854
1479	0.13774039
1480	0.13534437
1481	0.13325550
1482	0.13128902
1483	0.12935130
1484	0.12773460
1485	0.12643030
1486	0.12532847
1487	0.12445024
1488	0.12378408
1489	0.12337705
1490	0.12319307
1491	0.12316686
1492	0.12358271
1493	0.12412952
1494	0.12486167
1495	0.12577772
1496	0.12687728
1497	0.12791890
1498	0.12987551
1499	0.13153279
1500	0.13323362
1501	0.13506240
1502	0.13694897
1503	0.13885704
1504	0.14079280
1505	0.14275368
1506	0.14465088
1507	0.14634408
1508	0.14853334
1509	0.15041114
1510	0.15193194
1511	0.15375943
1512	0.15561515
1513	0.15770429
1514	0.15973978
1515	0.16194332
1516	0.16429828
1517	0.16669984
1518	0.16918191
1519	0.17163469
1520	0.17390345
1521	0.17596120
1522	0.17771876
1523	0.17906383
1524	0.18003030
1525	0.18061608
1526	0.18091670
1527	0.18096672
1528	0.18082143
1529	0.18059002
1530	0.18034406
1531	0.18014883
1532	0.18034267
1533	0.18008177
1534	0.17839894
1535	0.18124251
1536	0.18581417
1537	0.18877874
1538	0.19075547
1539	0.19083986
1540	0.19038871
1541	0.19082032
1542	0.19092126
1543	0.19102795
1544	0.19086863
1545	0.19055140
1546	0.18956295
1547	0.18929593
1548	0.18914846
1549	0.18893003
1550	0.18922403
1551	0.18943326
1552	0.18953161
1553	0.18953973
1554	0.18937346
1555	0.18937990
1556	0.18929105
1557	0.18906322
1558	0.18879530
1559	0.18867153
1560	0.18852608
1561	0.18869540
1562	0.18838818
1563	0.18758176
1564	0.18711717
1565	0.18653011
1566	0.18584868
1567	0.18504398
1568	0.18419865
1569	0.18352434
1570	0.18249200
1571	0.18130139
1572	0.18001725
1573	0.17859018
1574	0.17704748
1575	0.17535082
1576	0.17376922
1577	0.17244175
1578	0.17146285
1579	0.17072663
1580	0.17059696
1581	0.17059335
1582	0.17065001
1583	0.17068325
1584	0.17083508
1585	0.17114522
1586	0.17152902
1587	0.17188200
1588	0.17221808
1589	0.17244017
1590	0.17251045
1591	0.17237800
1592	0.17199360
1593	0.17128445
1594	0.17021406
1595	0.16913082
1596	0.16791834
1597	0.16641314
1598	0.16474721
1599	0.16300000
1600	0.16114597
1601	0.15913187
1602	0.15714543
1603	0.15505499
1604	0.15286776
1605	0.15060215
1606	0.14827436
1607	0.14589103
1608	0.14345405
1609	0.14107741
1610	0.13878955
1611	0.13655908
1612	0.13456012
1613	0.13254741
1614	0.13056573
1615	0.12886675
1616	0.12733048
1617	0.12597199
1618	0.12487365
1619	0.12400036
1620	0.12326783
1621	0.12283637
1622	0.12259264
1623	0.12257798
1624	0.12284529
1625	0.12326206
1626	0.12386995
1627	0.12465935
1628	0.12555680
1629	0.12711930
1630	0.12845771
1631	0.12990637
1632	0.13149156
1633	0.13304834
1634	0.13470373
1635	0.13634568
1636	0.13793238
1637	0.13947667
1638	0.14096574
1639	0.14172754
1640	0.14378636
1641	0.14486931
1642	0.14615808
1643	0.14752898
1644	0.14934650
1645	0.15082538
1646	0.15265529
1647	0.15470830
1648	0.15695538
1649	0.15929356
1650	0.16169341
1651	0.16401619
1652	0.16622971
1653	0.16815902
1654	0.17000121
1655	0.17141646
1656	0.17255053
1657	0.17335691
1658	0.17394216
1659	0.17426977
1660	0.17449580
1661	0.17474659
1662	0.17489170
1663	0.17542090
1664	0.17482953
1665	0.17367034
1666	0.17742385
1667	0.18193606
1668	0.18343268
1669	0.18499768
1670	0.18510993
1671	0.18537566
1672	0.18572119
1673	0.18590175
1674	0.18598750
1675	0.18574464
1676	0.18512589
1677	0.18419018
1678	0.18383943
1679	0.18316039
1680	0.18362334
1681	0.18377587
1682	0.18387748
1683	0.18388334
1684	0.18379669
1685	0.18349858
1686	0.18350679
1687	0.18328571
1688	0.18334574
1689	0.18298966
1690	0.18289481
1691	0.18276180
1692	0.18318689
1693	0.18276283
1694	0.18247436
1695	0.18160579
1696	0.18108721
1697	0.18043882
1698	0.17968240
1699	0.17883196
1700	0.17791964
1701	0.17718363
1702	0.17601849
1703	0.17474383
1704	0.17338593
1705	0.17204359
1706	0.17072186
1707	0.16956133
1708	0.16869761
1709	0.16787356
1710	0.16744365
1711	0.16740331
1712	0.16751976
1713	0.16785082
1714	0.16837358
1715	0.16903542
1716	0.16983460
1717	0.17070328
1718	0.17154184
1719	0.17226012
1720	0.17266609
1721	0.17284609
1722	0.17266302
1723	0.17215940
1724	0.17126545
1725	0.16989462
1726	0.16831841
1727	0.16677672
1728	0.16484365
1729	0.16281611
1730	0.16061880
1731	0.15831159
1732	0.15589912
1733	0.15349634
1734	0.15099277
1735	0.14839044
1736	0.14571837
1737	0.14293714
1738	0.14015304
1739	0.13740875
1740	0.13474612
1741	0.13222122
1742	0.12992588
1743	0.12777215
1744	0.12582953
1745	0.12403026
1746	0.12253185
1747	0.12130316
1748	0.12033428
1749	0.11964604
1750	0.11917715
1751	0.11900762
1752	0.11899319
1753	0.11926352
1754	0.11967621
1755	0.12039954
1756	0.12124106
1757	0.12225815
1758	0.12334327
1759	0.12467749
1760	0.12639745
1761	0.12793797
1762	0.12964541
1763	0.13137458
1764	0.13324359
1765	0.13489905
1766	0.13668066
1767	0.13840403
1768	0.14008798
1769	0.14165029
1770	0.14319582
1771	0.14492497
1772	0.14624096
1773	0.14763999
1774	0.14921300
1775	0.15084250
1776	0.15272285
1777	0.15461308
1778	0.15672463
1779	0.15898529
1780	0.16137147
1781	0.16378617
1782	0.16617276
1783	0.16848385
1784	0.17054653
1785	0.17238249
1786	0.17391066
1787	0.17502628
1788	0.17569804
1789	0.17600910
1790	0.17598066
1791	0.17573605
1792	0.17528011
1793	0.17466608
1794	0.17408119
1795	0.17379642
1796	0.17287703
1797	0.17100793
1798	0.17432179
1799	0.17929280
1800	0.18204327
1801	0.18402246
1802	0.18368870
1803	0.18309550
1804	0.18337151
1805	0.18357474
1806	0.18353744
1807	0.18330409
1808	0.18282011
1809	0.18196580
1810	0.18171924
1811	0.18149643
1812	0.18169960
1813	0.18189302
1814	0.18203843
1815	0.18202536
1816	0.18202440
1817	0.18175918
1818	0.18179588
1819	0.18172269
1820	0.18163045
1821	0.18142587
1822	0.18131776
1823	0.18115322
1824	0.18153992
1825	0.18109471
1826	0.18082780
1827	0.18003264
1828	0.17949314
1829	0.17891498
1830	0.17815891
1831	0.17737369
1832	0.17648320
1833	0.17583343
1834	0.17469259
1835	0.17342149
1836	0.17195956
1837	0.17046557
1838	0.16891254
1839	0.16753724
1840	0.16640659
1841	0.16538025
1842	0.16501829
1843	0.16501364
1844	0.16522686
1845	0.16578844
1846	0.16666941
1847	0.16775097
1848	0.16909154
1849	0.17047298
1850	0.17186196
1851	0.17298241
1852	0.17383786
1853	0.17423166
1854	0.17418092
1855	0.17360590
1856	0.17243081
1857	0.17076181
1858	0.16871385
1859	0.16623531
1860	0.16347770
1861	0.16042878
1862	0.15720768
1863	0.15389921
1864	0.15056208
1865	0.14717595
1866	0.14388241
1867	0.14064321
1868	0.13746114
1869	0.13432622
1870	0.13125357
1871	0.12824301
1872	0.12535681
1873	0.12260547
1874	0.11999148
1875	0.11771398
1876	0.11559121
1877	0.11366542
1878	0.11189371
1879	0.11038937
1880	0.10918392
1881	0.10816213
1882	0.10737021
1883	0.10682454
1884	0.10646642
1885	0.10631561
1886	0.10628711
1887	0.10658456
1888	0.10695632
1889	0.10754082
1890	0.10818727
1891	0.10893807
1892	0.10982563
1893	0.11098348
1894	0.11219311
1895	0.11326981
1896	0.11426724
1897	0.11569048
1898	0.11695013
1899	0.11805736
1900	0.11923990
1901	0.12034034
1902	0.12140461
1903	0.12240954
1904	0.12347059
1905	0.12423208
1906	0.12520222
1907	0.12599039
1908	0.12694617
1909	0.12797289
1910	0.12912005
1911	0.13045084
1912	0.13206166
1913	0.13354367
1914	0.13516957
1915	0.13681814
1916	0.13844022
1917	0.13983375
1918	0.14087932
1919	0.14214869
1920	0.14289679
1921	0.14337428
1922	0.14366865
1923	0.14385243
1924	0.14397725
1925	0.14402112
1926	0.14408623
1927	0.14434478
1928	0.14460887
1929	0.14528230
1930	0.14409056
1931	0.14441051
1932	0.14780448
1933	0.15097465
1934	0.15225542
1935	0.15335952
1936	0.15299305
1937	0.15320225
1938	0.15368548
1939	0.15408768
1940	0.15370755
1941	0.15419373
1942	0.15408367
1943	0.15390167
1944	0.15368173
1945	0.15354574
1946	0.15354124
1947	0.15355182
1948	0.15363298
1949	0.15366913
1950	0.15373275
1951	0.15374555
1952	0.15356848
1953	0.15339540
1954	0.15329273
1955	0.15325056
1956	0.15316747
1957	0.15300873
1958	0.15283599
1959	0.15296799
1960	0.15205929
1961	0.15147927
1962	0.15083915
1963	0.15008503
1964	0.14929445
1965	0.14838457
1966	0.14778437
1967	0.14682277
1968	0.14579579
1969	0.14468747
1970	0.14352313
1971	0.14231612
1972	0.14117354
1973	0.14026308
1974	0.13967806
1975	0.13932277
1976	0.13897367
1977	0.13919248
1978	0.13966449
1979	0.14036489
1980	0.14117958
1981	0.14195429
1982	0.14278196
1983	0.14347643
1984	0.14397079
1985	0.14422789
1986	0.14416724
1987	0.14388324
1988	0.14325672
1989	0.14231232
1990	0.14090556
1991	0.13944912
1992	0.13785182
1993	0.13598201
1994	0.13385756
1995	0.13165702
1996	0.12928730
1997	0.12682015
1998	0.12435535
1999	0.12184126
2000	0.11930210
2001	0.11678884
2002	0.11421207
2003	0.11165450
2004	0.10919818
2005	0.10684334
2006	0.10456753
2007	0.10252550
2008	0.10065015
2009	0.09883011
2010	0.09723647
2011	0.09586430
2012	0.09469542
2013	0.09374490
2014	0.09306856
2015	0.09260152
2016	0.09232832
2017	0.09222909
2018	0.09245222
2019	0.09282330
2020	0.09339227
2021	0.09420165
2022	0.09551120
2023	0.09657837
2024	0.09766108
2025	0.09907325
2026	0.10050056
2027	0.10210467
2028	0.10392870
2029	0.10572769
2030	0.10753059
2031	0.10939517
2032	0.11110637
2033	0.11282111
2034	0.11442452
2035	0.11610029
2036	0.11761000
2037	0.11892787
2038	0.12039614
2039	0.12186363
2040	0.12342556
2041	0.12518924
2042	0.12712671
2043	0.12944338
2044	0.13160197
2045	0.13405456
2046	0.13656579
2047	0.13912857
2048	0.14161386
2049	0.14391771
2050	0.14602371
2051	0.14788313
2052	0.14934032
2053	0.15044574
2054	0.15115631
2055	0.15158351
2056	0.15172869
2057	0.15163566
2058	0.15153493
2059	0.15146841
2060	0.15082192
2061	0.14820777
2062	0.15069456
2063	0.15517455
2064	0.15778217
2065	0.15956394
2066	0.15956885
2067	0.15913677
2068	0.15948121
2069	0.15986116
2070	0.16013576
2071	0.16007847
2072	0.15979594
2073	0.15879743
2074	0.15868384
2075	0.15878986
2076	0.15891291
2077	0.15902054
2078	0.15910949
2079	0.15915947
2080	0.15909278
2081	0.15896396
2082	0.15881999
2083	0.15862682
2084	0.15837856
2085	0.15805075
2086	0.15797476
2087	0.15788187
2088	0.15769266
2089	0.15756589
2090	0.15728413
2091	0.15696509
2092	0.15648180
2093	0.15597750
2094	0.15536061
2095	0.15459067
2096	0.15381430
2097	0.15330914
2098	0.15234576
2099	0.15134925
2100	0.15029414
2101	0.14925274
2102	0.14841157
2103	0.14789569
2104	0.14767015
2105	0.14755981
2106	0.14813015
2107	0.14895849
2108	0.14983799
2109	0.15073413
2110	0.15162928
2111	0.15258522
2112	0.15363459
2113	0.15473957
2114	0.15581141
2115	0.15688050
2116	0.15778580
2117	0.15849887
2118	0.15906341
2119	0.15935034
2120	0.15938328
2121	0.15897760
2122	0.15832306
2123	0.15767102
2124	0.15670098
2125	0.15555684
2126	0.15426756
2127	0.15287386
2128	0.15137334
2129	0.14987443
2130	0.14833966
2131	0.14674620
2132	0.14515102
2133	0.14345287
2134	0.14171542
2135	0.14000624
2136	0.13827223
2137	0.13664834
2138	0.13528042
2139	0.13391989
2140	0.13282093
2141	0.13191085
2142	0.13123110
2143	0.13080826
2144	0.13064273
2145	0.13052876
2146	0.13084191
2147	0.13137379
2148	0.13210794
2149	0.13294496
2150	0.13422015
2151	0.13556373
2152	0.13703577
2153	0.13851830
2154	0.14024524
2155	0.14195882
2156	0.14369971
2157	0.14591393
2158	0.14790171
2159	0.14990172
2160	0.15180150
2161	0.15362790
2162	0.15538009
2163	0.15705433
2164	0.15851040
2165	0.15977506
2166	0.16032550
2167	0.16224726
2168	0.16316411
2169	0.16382940
2170	0.16460213
2171	0.16537218
2172	0.16630788
2173	0.16716576
2174	0.16813487
2175	0.16924815
2176	0.17042644
2177	0.17165558
2178	0.17288753
2179	0.17391783
2180	0.17467977
2181	0.17544025
2182	0.17629647
2183	0.17624545
2184	0.17617556
2185	0.17606109
2186	0.17634235
2187	0.17625594
2188	0.17630044
2189	0.17649263
2190	0.17687249
2191	0.17798218
2192	0.17733474
2193	0.17781004
2194	0.18202537
2195	0.18587950
2196	0.18768093
2197	0.18927567
2198	0.18944435
2199	0.19001266
2200	0.19060215
2201	0.19086224
2202	0.19104914
2203	0.19070385
2204	0.19038352
2205	0.18993582
2206	0.18957530
2207	0.18949267
2208	0.18939370
2209	0.18934016
2210	0.18901862
2211	0.18898693
2212	0.18897723
2213	0.18895870
2214	0.18891086
2215	0.18875852
2216	0.18862931
2217	0.18900946
2218	0.18877780
2219	0.18862236
2220	0.18841156
2221	0.18811502
2222	0.18740083
2223	0.18683702
2224	0.18625596
2225	0.18553291
2226	0.18469775
2227	0.18375739
2228	0.18307732
2229	0.18204331
2230	0.18085834
2231	0.17965733
2232	0.17836726
2233	0.17706579
2234	0.17606032
2235	0.17543486
2236	0.17500545
2237	0.17462987
2238	0.17477606
2239	0.17522192
2240	0.17583178
2241	0.17665845
2242	0.17757519
2243	0.17863417
2244	0.17983802
2245	0.18105264
2246	0.18220043
2247	0.18322594
2248	0.18395016
2249	0.18436275
2250	0.18438078
2251	0.18395346
2252	0.18290001
2253	0.18155968
2254	0.17979494
2255	0.17761695
2256	0.17512961
2257	0.17235160
2258	0.16936366
2259	0.16625015
2260	0.16296276
2261	0.15955313
2262	0.15609111
2263	0.15255249
2264	0.14895034
2265	0.14530264
2266	0.14164948
2267	0.13810228
2268	0.13463381
2269	0.13129386
2270	0.12821640
2271	0.12543915
2272	0.12277742
2273	0.12018859
2274	0.11800144
2275	0.11600921
2276	0.11427611
2277	0.11278840
2278	0.11151601
2279	0.11039711
2280	0.10968503
2281	0.10908149
2282	0.10870822
2283	0.10849362
2284	0.10846232
2285	0.10866260
2286	0.10896626
2287	0.10975990
2288	0.11042133
2289	0.11124376
2290	0.11212239
2291	0.11319700
2292	0.11424176
2293	0.11532368
2294	0.11635830
2295	0.11741053
2296	0.11842897
2297	0.11945584
2298	0.12040342
2299	0.12154015
2300	0.12251315
2301	0.12375947
2302	0.12515196
2303	0.12673752
2304	0.12857284
2305	0.13067670
2306	0.13327684
2307	0.13551043
2308	0.13791551
2309	0.14041217
2310	0.14274231
2311	0.14487816
2312	0.14673223
2313	0.14828473
2314	0.14949362
2315	0.15033349
2316	0.15076847
2317	0.15094064
2318	0.15081456
2319	0.15064451
2320	0.15046664
2321	0.14795578
2322	0.14820963
2323	0.15182123
2324	0.15593874
2325	0.15823182
2326	0.15982711
2327	0.15931058
2328	0.15936880
2329	0.15972584
2330	0.15978692
2331	0.15970770
2332	0.15908556
2333	0.15869978
2334	0.15832010
2335	0.15810914
2336	0.15824091
2337	0.15841405
2338	0.15863842
2339	0.15881965
2340	0.15893611
2341	0.15895273
2342	0.15859197
2343	0.15846406
2344	0.15856966
2345	0.15843078
2346	0.15840890
2347	0.15839176
2348	0.15835461
2349	0.15825120
2350	0.15836574
2351	0.15769775
2352	0.15714207
2353	0.15655658
2354	0.15584770
2355	0.15506025
2356	0.15417157
2357	0.15350744
2358	0.15249816
2359	0.15138191
2360	0.15014866
2361	0.14889006
2362	0.14777665
2363	0.14693335
2364	0.14629190
2365	0.14567418
2366	0.14543130
2367	0.14558323
2368	0.14578848
2369	0.14627011
2370	0.14686614
2371	0.14743748
2372	0.14821696
2373	0.14902900
2374	0.14974187
2375	0.15043908
2376	0.15090439
2377	0.15114693
2378	0.15111428
2379	0.15079758
2380	0.15021141
2381	0.14919192
2382	0.14790493
2383	0.14656803
2384	0.14498067
2385	0.14323509
2386	0.14135386
2387	0.13942826
2388	0.13737626
2389	0.13529454
2390	0.13317120
2391	0.13097259
2392	0.12870513
2393	0.12641267
2394	0.12408937
2395	0.12175527
2396	0.11957358
2397	0.11753476
2398	0.11557903
2399	0.11385228
2400	0.11216383
2401	0.11073552
2402	0.10951462
2403	0.10849175
2404	0.10766875
2405	0.10704077
2406	0.10668042
2407	0.10647932
2408	0.10634305
2409	0.10664565
2410	0.10698967
2411	0.10752893
2412	0.10819346
2413	0.10913945
2414	0.11039416
2415	0.11170816
2416	0.11312135
2417	0.11454505
2418	0.11609545
2419	0.11793840
2420	0.11972588
2421	0.12142372
2422	0.12325826
2423	0.12510861
2424	0.12698162
2425	0.12883770
2426	0.13088115
2427	0.13271329
2428	0.13502134
2429	0.13710733
2430	0.13955301
2431	0.14229734
2432	0.14526349
2433	0.14864840
2434	0.15202890
2435	0.15557218
2436	0.15916421
2437	0.16273478
2438	0.16607215
2439	0.16904773
2440	0.17164201
2441	0.17369416
2442	0.17519049
2443	0.17610894
2444	0.17649055
2445	0.17633039
2446	0.17584531
2447	0.17494473
2448	0.17384814
2449	0.17263146
2450	0.17157638
2451	0.17042354
2452	0.16736566
2453	0.16969277
2454	0.17483523
2455	0.17882507
2456	0.18190730
2457	0.18238367
2458	0.18172166
2459	0.18206121
2460	0.18219401
2461	0.18215527
2462	0.18199556
2463	0.18137929
2464	0.18084113
2465	0.18021287
2466	0.18004830
2467	0.18013886
2468	0.18015255
2469	0.18017888
2470	0.18029442
2471	0.18007317
2472	0.18019702
2473	0.18021525
2474	0.18018895
2475	0.18002892
2476	0.17986573
2477	0.17980251
2478	0.18022431
2479	0.17981479
2480	0.17955087
2481	0.17917080
2482	0.17831258
2483	0.17772101
2484	0.17706010
2485	0.17629062
2486	0.17542098
2487	0.17443834
2488	0.17369443
2489	0.17255932
2490	0.17128915
2491	0.16992064
2492	0.16851105
2493	0.16710642
2494	0.16583057
2495	0.16484407
2496	0.16410777
2497	0.16344605
2498	0.16324060
2499	0.16317639
2500	0.16327937
2501	0.16356455
2502	0.16391623
2503	0.16438177
2504	0.16497099
2505	0.16552943
2506	0.16595934
2507	0.16621108
2508	0.16618861
2509	0.16582169
2510	0.16510586
2511	0.16398947
2512	0.16231881
2513	0.16042745
2514	0.15846412
2515	0.15606238
2516	0.15344988
2517	0.15069450
2518	0.14780252
2519	0.14482002
2520	0.14181061
2521	0.13866082
2522	0.13555250
2523	0.13239098
2524	0.12921159
2525	0.12609567
2526	0.12299895
2527	0.12006624
2528	0.11718205
2529	0.11456728
2530	0.11207145
2531	0.10992118
2532	0.10786793
2533	0.10602847
2534	0.10445964
2535	0.10291330
2536	0.10178611
2537	0.10092638
2538	0.10024875
2539	0.09972789
2540	0.09961482
2541	0.09959477
2542	0.09993085
2543	0.10030793
2544	0.10135371
2545	0.10213967
2546	0.10317294
2547	0.10419252
2548	0.10544100
2549	0.10687942
2550	0.10825182
2551	0.10969479
2552	0.11112775
2553	0.11261646
2554	0.11409885
2555	0.11556927
2556	0.11724158
2557	0.11886830
2558	0.12035707
2559	0.12235282
2560	0.12438721
2561	0.12662964
2562	0.12908565
2563	0.13204335
2564	0.13472675
2565	0.13763563
2566	0.14058852
2567	0.14345048
2568	0.14614432
2569	0.14858468
2570	0.15060678
2571	0.15219590
2572	0.15333828
2573	0.15399264
2574	0.15425183
2575	0.15422609
2576	0.15401185
2577	0.15360741
2578	0.15312146
2579	0.15258171
2580	0.15243924
2581	0.15154442
2582	0.14919068
2583	0.15107232
2584	0.15537298
2585	0.15900759
2586	0.16105418
2587	0.16136867
2588	0.16059330
2589	0.16068758
2590	0.16116126
2591	0.16124673
2592	0.16115427
2593	0.16087253
2594	0.15995380
2595	0.15961173
2596	0.15959209
2597	0.15952592
2598	0.15965766
2599	0.15984653
2600	0.16005526
2601	0.16019569
2602	0.16025527
2603	0.16018414
2604	0.15965557
2605	0.15953819
2606	0.15918623
2607	0.15907989
2608	0.15880984
2609	0.15856430
2610	0.15826690
2611	0.15786336
2612	0.15738784
2613	0.15676247
2614	0.15602928
2615	0.15524921
2616	0.15437892
2617	0.15347520
2618	0.15280707
2619	0.15169740
2620	0.15048875
2621	0.14918412
2622	0.14769717
2623	0.14615780
2624	0.14453730
2625	0.14312918
2626	0.14203650
2627	0.14095221
2628	0.14049633
2629	0.14021893
2630	0.13995157
2631	0.13959602
2632	0.13936025
2633	0.13930759
2634	0.13930924
2635	0.13942264
2636	0.13952820
2637	0.13959058
2638	0.13958263
2639	0.13947855
2640	0.13919441
2641	0.13875227
2642	0.13807534
2643	0.13716088
2644	0.13621028
2645	0.13519143
2646	0.13399288
2647	0.13268381
2648	0.13133553
2649	0.12980965
2650	0.12836026
2651	0.12684757
2652	0.12531428
2653	0.12372833
2654	0.12205657
2655	0.12031326
2656	0.11841912
2657	0.11645910
2658	0.11451509
2659	0.11256517
2660	0.11075213
2661	0.10904594
2662	0.10754764
2663	0.10607199
2664	0.10488288
2665	0.10386273
2666	0.10291705
2667	0.10230564
2668	0.10193096
2669	0.10175896
2670	0.10180543
2671	0.10201730
2672	0.10242723
2673	0.10302924
2674	0.10378594
2675	0.10460805
2676	0.10551270
2677	0.10670158
2678	0.10805670
2679	0.10954789
2680	0.11094170
2681	0.11232316
2682	0.11394428
2683	0.11554534
2684	0.11708786
2685	0.11851719
2686	0.12000462
2687	0.12144440
2688	0.12285542
2689	0.12424732
2690	0.12576005
2691	0.12710541
2692	0.12871274
2693	0.13039656
2694	0.13230966
2695	0.13452357
2696	0.13698444
2697	0.13999328
2698	0.14285058
2699	0.14612119
2700	0.14951298
2701	0.15296601
2702	0.15627405
2703	0.15926071
2704	0.16202849
2705	0.16484053
2706	0.16682230
2707	0.16838573
2708	0.16953868
2709	0.17032951
2710	0.17075056
2711	0.17096066
2712	0.17110574
2713	0.17114149
2714	0.17138180
2715	0.16859500
2716	0.17026688
2717	0.17536454
2718	0.17922933
2719	0.18176112
2720	0.18328549
2721	0.18281871
2722	0.18344848
2723	0.18413711
2724	0.18414171
2725	0.18389434
2726	0.18314023
2727	0.18252525
2728	0.18199220
2729	0.18151815
2730	0.18150336
2731	0.18153648
2732	0.18143325
2733	0.18130600
2734	0.18112187
2735	0.18094175
2736	0.18093690
2737	0.18090442
2738	0.18064186
2739	0.18041594
2740	0.18030530
2741	0.18014701
2742	0.18035032
2743	0.18014131
2744	0.17977791
2745	0.17933379
2746	0.17856184
2747	0.17797332
2748	0.17726929
2749	0.17650668
2750	0.17572567
2751	0.17513004
2752	0.17419329
2753	0.17316350
2754	0.17205597
2755	0.17083032
2756	0.16955453
2757	0.16831781
2758	0.16732487
2759	0.16657673
2760	0.16582265
2761	0.16565366
2762	0.16582823
2763	0.16623628
2764	0.16695553
2765	0.16779576
2766	0.16888055
2767	0.17009234
2768	0.17131661
2769	0.17253721
2770	0.17359211
2771	0.17444603
2772	0.17500614
2773	0.17525035
2774	0.17520173
2775	0.17476726
2776	0.17398655
2777	0.17298190
2778	0.17183976
2779	0.17049980
2780	0.16902089
2781	0.16739058
2782	0.16573974
2783	0.16402176
2784	0.16221017
2785	0.16032851
2786	0.15834510
2787	0.15633997
2788	0.15426728
2789	0.15216595
2790	0.15008835
2791	0.14810677
2792	0.14629047
2793	0.14456056
2794	0.14303517
2795	0.14155932
2796	0.14033784
2797	0.13941987
2798	0.13870367
2799	0.13840005
2800	0.13819209
2801	0.13811021
2802	0.13837327
2803	0.13888937
2804	0.13959980
2805	0.14041708
2806	0.14170672
2807	0.14280169
2808	0.14433353
2809	0.14585239
2810	0.14745799
2811	0.14915685
2812	0.15087605
2813	0.15277183
2814	0.15489899
2815	0.15689541
2816	0.15860771
2817	0.16051346
2818	0.16232914
2819	0.16410761
2820	0.16546085
2821	0.16799153
2822	0.16982333
2823	0.17155926
2824	0.17355905
2825	0.17586897
2826	0.17819387
2827	0.18083006
2828	0.18374452
2829	0.18684468
2830	0.19014689
2831	0.19367450
2832	0.19718269
2833	0.20066310
2834	0.20397539
2835	0.20708379
2836	0.20978446
2837	0.21207260
2838	0.21397527
2839	0.21558319
2840	0.21689349
2841	0.21800204
2842	0.21916384
2843	0.22037296
2844	0.21892457
2845	0.21904297
2846	0.22345324
2847	0.22847672
2848	0.23125750
2849	0.23386386
2850	0.23382014
2851	0.23364592
2852	0.23392114
2853	0.23388591
2854	0.23369145
2855	0.23312263
2856	0.23245902
2857	0.23155892
2858	0.23101321
2859	0.23093544
2860	0.23085675
2861	0.23068589
2862	0.23080838
2863	0.23091714
2864	0.23043181
2865	0.23118216
2866	0.23126911
2867	0.23170131
2868	0.23125078
2869	0.23118289
2870	0.23098622
2871	0.23082070
2872	0.23049827
2873	0.23010337
2874	0.22964214
2875	0.22913468
2876	0.22806269
2877	0.22742772
2878	0.22659692
2879	0.22567613
2880	0.22469930
2881	0.22398344
2882	0.22283663
2883	0.22159475
2884	0.22022462
2885	0.21872242
2886	0.21724825
2887	0.21594168
2888	0.21489270
2889	0.21384577
2890	0.21329673
2891	0.21319529
2892	0.21331245
2893	0.21369769
2894	0.21425380
2895	0.21498151
2896	0.21583799
2897	0.21677691
2898	0.21772392
2899	0.21855874
2900	0.21917164
2901	0.21955629
2902	0.21968223
2903	0.21946195
2904	0.21893507
2905	0.21810101
2906	0.21680516
2907	0.21548338
2908	0.21397661
2909	0.21223205
2910	0.21033137
2911	0.20835136
2912	0.20621294
2913	0.20410083
2914	0.20194712
2915	0.19966967
2916	0.19732234
2917	0.19497879
2918	0.19259414
2919	0.19025204
2920	0.18790765
2921	0.18570571
2922	0.18362814
2923	0.18177696
2924	0.18017238
2925	0.17850819
2926	0.17713039
2927	0.17595585
2928	0.17500094
2929	0.17423527
2930	0.17379840
2931	0.17328818
2932	0.17311588
2933	0.17298870
2934	0.17310895
2935	0.17332210
2936	0.17418112
2937	0.17422166
2938	0.17483987
2939	0.17534262
2940	0.17614168
2941	0.17690496
2942	0.17766879
2943	0.17857140
2944	0.17942376
2945	0.18026894
2946	0.18103486
2947	0.18166970
2948	0.18247621
2949	0.18306291
2950	0.18383662
2951	0.18434545
2952	0.18456216
2953	0.18511485
2954	0.18523052
2955	0.18552844
2956	0.18589300
2957	0.18638940
2958	0.18700859
2959	0.18780175
2960	0.18870796
2961	0.18969554
2962	0.19077246
2963	0.19187480
2964	0.19284618
2965	0.19378561
2966	0.19456506
2967	0.19518879
2968	0.19561434
2969	0.19590531
2970	0.19614229
2971	0.19620438
2972	0.19641159
2973	0.19681753
2974	0.19615695
2975	0.19394022
2976	0.19733031
2977	0.20239933
2978	0.20499009
2979	0.20690629
2980	0.20697133
2981	0.20662820
2982	0.20689031
2983	0.20692581
2984	0.20669313
2985	0.20636493
2986	0.20591554
2987	0.20525093
2988	0.20500921
2989	0.20496161
2990	0.20489623
2991	0.20499481
2992	0.20512541
2993	0.20517161
2994	0.20483574
2995	0.20477556
2996	0.20480438
2997	0.20486763
2998	0.20451909
2999	0.20443551
3000	0.20416886
3001	0.20405732
3002	0.20381500
3003	0.20388748
3004	0.20343417
3005	0.20246640
3006	0.20184089
3007	0.20108488
3008	0.20017967
3009	0.19925161
3010	0.19822355
3011	0.19733712
3012	0.19608410
3013	0.19469181
3014	0.19320461
3015	0.19167785
3016	0.19021116
3017	0.18890397
3018	0.18781780
3019	0.18671305
3020	0.18623714
3021	0.18600227
3022	0.18602730
3023	0.18612881
3024	0.18632768
3025	0.18673259
3026	0.18726921
3027	0.18783934
3028	0.18836440
3029	0.18876152
3030	0.18900089
3031	0.18894665
3032	0.18863945
3033	0.18792212
3034	0.18676026
3035	0.18516840
3036	0.18364497
3037	0.18165445
3038	0.17942573
3039	0.17691255
3040	0.17431650
3041	0.17157760
3042	0.16868131
3043	0.16577017
3044	0.16276568
3045	0.15973982
3046	0.15658434
3047	0.15338838
3048	0.15010001
3049	0.14678995
3050	0.14353037
3051	0.14032805
3052	0.13724183
3053	0.13437946
3054	0.13166267
3055	0.12916040
3056	0.12673895
3057	0.12463846
3058	0.12279609
3059	0.12120359
3060	0.11988977
3061	0.11885422
3062	0.11804044
3063	0.11739650
3064	0.11721424
3065	0.11716272
3066	0.11728895
3067	0.11803208
3068	0.11824930
3069	0.11895220
3070	0.11976907
3071	0.12105636
3072	0.12221269
3073	0.12336807
3074	0.12471709
3075	0.12611948
3076	0.12758841
3077	0.12905416
3078	0.13060440
3079	0.13186386
3080	0.13365431
3081	0.13460083
3082	0.13589557
3083	0.13723482
3084	0.13859580
3085	0.14014123
3086	0.14160238
3087	0.14323781
3088	0.14494286
3089	0.14672096
3090	0.14846843
3091	0.15013559
3092	0.15163954
3093	0.15286078
3094	0.15373196
3095	0.15409587
3096	0.15401804
3097	0.15345961
3098	0.15250666
3099	0.15125056
3100	0.14979123
3101	0.14824773
3102	0.14672816
3103	0.14530505
3104	0.14420408
3105	0.14320755
3106	0.14250261
3107	0.14250484
3108	0.14065334
3109	0.14168131
3110	0.14558634
3111	0.14805071
3112	0.14898093
3113	0.14926770
3114	0.14896046
3115	0.14965618
3116	0.15034711
3117	0.15086855
3118	0.15128104
3119	0.15168102
3120	0.15125537
3121	0.15116291
3122	0.15071118
3123	0.15104802
3124	0.15146115
3125	0.15166029
3126	0.15182264
3127	0.15192010
3128	0.15192844
3129	0.15191670
3130	0.15197662
3131	0.15194324
3132	0.15180001
3133	0.15152906
3134	0.15116981
3135	0.15106449
3136	0.15085849
3137	0.15054643
3138	0.15011819
3139	0.14956729
3140	0.14887588
3141	0.14818686
3142	0.14739081
3143	0.14660351
3144	0.14569451
3145	0.14509325
3146	0.14412373
3147	0.14315775
3148	0.14227539
3149	0.14157960
3150	0.14106642
3151	0.14079851
3152	0.14066759
3153	0.14061852
3154	0.14095511
3155	0.14148657
3156	0.14237517
3157	0.14345050
3158	0.14459193
3159	0.14577308
3160	0.14713812
3161	0.14842089
3162	0.14960459
3163	0.15064204
3164	0.15142763
3165	0.15198116
3166	0.15218110
3167	0.15198141
3168	0.15143359
3169	0.15035783
3170	0.14897050
3171	0.14744160
3172	0.14568858
3173	0.14373326
3174	0.14156030
3175	0.13934685
3176	0.13707410
3177	0.13472223
3178	0.13240190
3179	0.13008191
3180	0.12768413
3181	0.12532416
3182	0.12291127
3183	0.12060068
3184	0.11832487
3185	0.11629541
3186	0.11433592
3187	0.11263879
3188	0.11106370
3189	0.10978307
3190	0.10873313
3191	0.10802525
3192	0.10753858
3193	0.10735627
3194	0.10742193
3195	0.10780129
3196	0.10832289
3197	0.10922837
3198	0.11028123
3199	0.11158630
3200	0.11332393
3201	0.11462915
3202	0.11632743
3203	0.11836943
3204	0.12036242
3205	0.12237369
3206	0.12445513
3207	0.12647356
3208	0.12844789
3209	0.13048205
3210	0.13235135
3211	0.13414507
3212	0.13581108
3213	0.13736551
3214	0.13898863
3215	0.14011125
3216	0.14130381
3217	0.14255364
3218	0.14377965
3219	0.14541379
3220	0.14670528
3221	0.14832617
3222	0.15022245
3223	0.15228163
3224	0.15450162
3225	0.15679549
3226	0.15915117
3227	0.16139397
3228	0.16336867
3229	0.16515474
3230	0.16677721
3231	0.16813573
3232	0.16963728
3233	0.17050293
3234	0.17120199
3235	0.17173655
3236	0.17226440
3237	0.17305237
3238	0.17350554
3239	0.17153320
3240	0.17323378
3241	0.17768852
3242	0.18142079
3243	0.18399613
3244	0.18526150
3245	0.18487458
3246	0.18493256
3247	0.18519926
3248	0.18529035
3249	0.18545076
3250	0.18488404
3251	0.18425721
3252	0.18371847
3253	0.18319537
3254	0.18311077
3255	0.18304211
3256	0.18308327
3257	0.18323720
3258	0.18326524
3259	0.18312515
3260	0.18294303
3261	0.18274581
3262	0.18252751
3263	0.18213820
3264	0.18195584
3265	0.18165956
3266	0.18141605
3267	0.18109496
3268	0.18114221
3269	0.18032441
3270	0.17966031
3271	0.17897898
3272	0.17821135
3273	0.17740695
3274	0.17648540
3275	0.17578804
3276	0.17472598
3277	0.17349647
3278	0.17225240
3279	0.17085150
3280	0.16941626
3281	0.16801584
3282	0.16683568
3283	0.16591059
3284	0.16507375
3285	0.16486013
3286	0.16497540
3287	0.16526994
3288	0.16572770
3289	0.16642594
3290	0.16709574
3291	0.16802311
3292	0.16895731
3293	0.16984975
3294	0.17066579
3295	0.17132829
3296	0.17178293
3297	0.17199887
3298	0.17191930
3299	0.17133747
3300	0.17047828
3301	0.16972174
3302	0.16850008
3303	0.16703592
3304	0.16540742
3305	0.16365738
3306	0.16180067
3307	0.15978512
3308	0.15778416
3309	0.15569092
3310	0.15353295
3311	0.15130346
3312	0.14895368
3313	0.14658830
3314	0.14423825
3315	0.14195423
3316	0.13975997
3317	0.13786271
3318	0.13596664
3319	0.13411158
3320	0.13257891
3321	0.13117777
3322	0.13001983
3323	0.12906154
3324	0.12826538
3325	0.12773384
3326	0.12724453
3327	0.12715574
3328	0.12714741
3329	0.12733658
3330	0.12763628
3331	0.12804820
3332	0.12863567
3333	0.12941618
3334	0.13036650
3335	0.13115494
3336	0.13208655
3337	0.13300449
3338	0.13395081
3339	0.13491271
3340	0.13583615
3341	0.13675140
3342	0.13752793
3343	0.13837081
3344	0.13848709
3345	0.13995668
3346	0.14031357
3347	0.14109753
3348	0.14187436
3349	0.14287847
3350	0.14411981
3351	0.14539354
3352	0.14695345
3353	0.14870507
3354	0.15059127
3355	0.15255795
3356	0.15449673
3357	0.15632711
3358	0.15779381
3359	0.15916820
3360	0.16068794
3361	0.16149217
3362	0.16206975
3363	0.16251744
3364	0.16285081
3365	0.16325688
3366	0.16372102
3367	0.16411099
3368	0.16479503
3369	0.16573872
3370	0.16547716
3371	0.16413936
3372	0.16737503
3373	0.17175607
3374	0.17365022
3375	0.17525552
3376	0.17535821
3377	0.17551146
3378	0.17631419
3379	0.17701067
3380	0.17730717
3381	0.17727958
3382	0.17702721
3383	0.17621161
3384	0.17548873
3385	0.17585701
3386	0.17598875
3387	0.17621146
3388	0.17624053
3389	0.17623395
3390	0.17613016
3391	0.17579418
3392	0.17564367
3393	0.17553727
3394	0.17533326
3395	0.17497662
3396	0.17482933
3397	0.17457785
3398	0.17434303
3399	0.17432898
3400	0.17384093
3401	0.17301284
3402	0.17236795
3403	0.17162788
3404	0.17084241
3405	0.17002937
3406	0.16938448
3407	0.16848572
3408	0.16751084
3409	0.16641277
3410	0.16523722
3411	0.16404009
3412	0.16309120
3413	0.16235761
3414	0.16184965
3415	0.16148609
3416	0.16160201
3417	0.16210411
3418	0.16268210
3419	0.16330503
3420	0.16395198
3421	0.16482660
3422	0.16581836
3423	0.16686222
3424	0.16796397
3425	0.16897750
3426	0.16991358
3427	0.17061111
3428	0.17114690
3429	0.17131560
3430	0.17119622
3431	0.17057222
3432	0.16976047
3433	0.16885543
3434	0.16755313
3435	0.16600333
3436	0.16427460
3437	0.16239111
3438	0.16030292
3439	0.15817589
3440	0.15596583
3441	0.15360783
3442	0.15114488
3443	0.14857620
3444	0.14590268
3445	0.14316781
3446	0.14046836
3447	0.13780771
3448	0.13524027
3449	0.13291483
3450	0.13060987
3451	0.12859239
3452	0.12670960
3453	0.12503593
3454	0.12357580
3455	0.12239298
3456	0.12133627
3457	0.12058824
3458	0.11999860
3459	0.11955030
3460	0.11941518
3461	0.11931896
3462	0.11943437
3463	0.11954474
3464	0.12000300
3465	0.12047579
3466	0.12133858
3467	0.12206823
3468	0.12286206
3469	0.12375504
3470	0.12496381
3471	0.12608826
3472	0.12728065
3473	0.12866670
3474	0.13016342
3475	0.13182451
3476	0.13364856
3477	0.13572511
3478	0.13808474
3479	0.14051411
3480	0.14329666
3481	0.14648503
3482	0.14988200
3483	0.15380007
3484	0.15771088
3485	0.16189127
3486	0.16620448
3487	0.17050906
3488	0.17464735
3489	0.17851554
3490	0.18200082
3491	0.18498875
3492	0.18731640
3493	0.18909556
3494	0.19028836
3495	0.19109927
3496	0.19154835
3497	0.19180962
3498	0.19187605
3499	0.19201842
3500	0.19215418
3501	0.19278759
3502	0.19199233
3503	0.19179067
3504	0.19613250
3505	0.20090418
3506	0.20284146
3507	0.20481144
3508	0.20475875
3509	0.20528071
3510	0.20627029
3511	0.20681947
3512	0.20716701
3513	0.20676538
3514	0.20666736
3515	0.20633985
3516	0.20620744
3517	0.20625199
3518	0.20630902
3519	0.20627357
3520	0.20642374
3521	0.20647970
3522	0.20638114
3523	0.20630658
3524	0.20617853
3525	0.20613383
3526	0.20646447
3527	0.20618910
3528	0.20604075
3529	0.20582516
3530	0.20554464
3531	0.20523073
3532	0.20427465
3533	0.20356658
3534	0.20276055
3535	0.20179132
3536	0.20081900
3537	0.20007339
3538	0.19895317
3539	0.19781967
3540	0.19667409
3541	0.19541062
3542	0.19411843
3543	0.19287154
3544	0.19185092
3545	0.19092342
3546	0.19019264
3547	0.18951671
3548	0.18894126
3549	0.18875797
3550	0.18892083
3551	0.18934472
3552	0.18989567
3553	0.19052634
3554	0.19120772
3555	0.19192074
3556	0.19245961
3557	0.19279164
3558	0.19283938
3559	0.19252636
3560	0.19186085
3561	0.19074985
3562	0.18924579
3563	0.18717317
3564	0.18482372
3565	0.18240882
3566	0.17957491
3567	0.17653523
3568	0.17335363
3569	0.17002159
3570	0.16664349
3571	0.16305885
3572	0.15952218
3573	0.15587118
3574	0.15216850
3575	0.14841822
3576	0.14462784
3577	0.14089920
3578	0.13733049
3579	0.13401294
3580	0.13080750
3581	0.12788257
3582	0.12524337
3583	0.12290494
3584	0.12090272
3585	0.11917723
3586	0.11780103
3587	0.11674216
3588	0.11605438
3589	0.11550952
3590	0.11554057
3591	0.11568137
3592	0.11619395
3593	0.11690540
3594	0.11778930
3595	0.11916496
3596	0.12056695
3597	0.12254596
3598	0.12435591
3599	0.12628458
3600	0.12840718
3601	0.13044314
3602	0.13248529
3603	0.13455808
3604	0.13642150
3605	0.13831711
3606	0.14010122
3607	0.14176774
3608	0.14326124
3609	0.14524972
3610	0.14675543
3611	0.14846657
3612	0.15021637
3613	0.15211977
3614	0.15431359
3615	0.15644234
3616	0.15865631
3617	0.16090721
3618	0.16310975
3619	0.16513042
3620	0.16689914
3621	0.16838500
3622	0.16958040
3623	0.17042337
3624	0.17100573
3625	0.17141922
3626	0.17171727
3627	0.17202120
3628	0.17229986
3629	0.17272788
3630	0.17302950
3631	0.17358983
3632	0.17352964
3633	0.17318922
3634	0.17406668
3635	0.17616071
3636	0.17791493
3637	0.17911662
3638	0.17972772
3639	0.17972167
3640	0.18013704
3641	0.18028675
3642	0.18001257
3643	0.17945494
3644	0.17903832
3645	0.17812009
3646	0.17767762
3647	0.17728163
3648	0.17688037
3649	0.17650163
3650	0.17624748
3651	0.17598070
3652	0.17557020
3653	0.17532822
3654	0.17538756
3655	0.17507069
3656	0.17494936
3657	0.17476319
3658	0.17469351
3659	0.17510061
3660	0.17478389
3661	0.17456190
3662	0.17388614
3663	0.17349803
3664	0.17304358
3665	0.17252961
3666	0.17190695
3667	0.17121869
3668	0.17071514
3669	0.16982579
3670	0.16883726
3671	0.16770269
3672	0.16648056
3673	0.16517836
3674	0.16395879
3675	0.16314687
3676	0.16272019
3677	0.16235539
3678	0.16268741
3679	0.16330518
3680	0.16423421
3681	0.16555634
3682	0.16704275
3683	0.16873561
3684	0.17049836
3685	0.17226698
3686	0.17394151
3687	0.17537440
3688	0.17654133
3689	0.17741325
3690	0.17795056
3691	0.17808725
3692	0.17758685
3693	0.17708078
3694	0.17616796
3695	0.17481203
3696	0.17327556
3697	0.17142409
3698	0.16941857
3699	0.16727497
3700	0.16501981
3701	0.16268449
3702	0.16024341
3703	0.15774255
3704	0.15522647
3705	0.15273742
3706	0.15027122
3707	0.14785837
3708	0.14555751
3709	0.14340338
3710	0.14157465
3711	0.13976137
3712	0.13802747
3713	0.13662137
3714	0.13538869
3715	0.13433100
3716	0.13337441
3717	0.13283251
3718	0.13240415
3719	0.13215956
3720	0.13194130
3721	0.13216040
3722	0.13231522
3723	0.13288744
3724	0.13335483
3725	0.13416068
3726	0.13505727
3727	0.13599570
3728	0.13727970
3729	0.13846648
3730	0.13985564
3731	0.14116028
3732	0.14253576
3733	0.14387111
3734	0.14524701
3735	0.14656264
3736	0.14775625
3737	0.14884862
3738	0.15029751
3739	0.15140805
3740	0.15222444
3741	0.15329443
3742	0.15436119
3743	0.15564395
3744	0.15676290
3745	0.15798172
3746	0.15923254
3747	0.16049178
3748	0.16165343
3749	0.16266277
3750	0.16342396
3751	0.16391820
3752	0.16416727
3753	0.16405058
3754	0.16354568
3755	0.16280207
3756	0.16177467
3757	0.16056632
3758	0.15930809
3759	0.15814242
3760	0.15708093
3761	0.15648170
3762	0.15547709
3763	0.15315008
3764	0.15670262
3765	0.16172421
3766	0.16428505
3767	0.16554944
3768	0.16563188
3769	0.16595012
3770	0.16639696
3771	0.16648255
3772	0.16634373
3773	0.16603109
3774	0.16511400
3775	0.16438067
3776	0.16414653
3777	0.16402279
3778	0.16378962
3779	0.16344741
3780	0.16310543
3781	0.16277589
3782	0.16246344
3783	0.16221477
3784	0.16180453
3785	0.16146927
3786	0.16094221
3787	0.16069628
3788	0.16042155
3789	0.16016144
3790	0.15991665
3791	0.15956567
3792	0.15919933
3793	0.15873149
3794	0.15818404
3795	0.15746742
3796	0.15665324
3797	0.15571563
3798	0.15500762
3799	0.15389837
3800	0.15265182
3801	0.15125802
3802	0.14979164
3803	0.14850925
3804	0.14763270
3805	0.14676473
3806	0.14645547
3807	0.14665201
3808	0.14712672
3809	0.14788756
3810	0.14884992
3811	0.14997110
3812	0.15129377
3813	0.15272783
3814	0.15418728
3815	0.15560363
3816	0.15689977
3817	0.15796146
3818	0.15878436
3819	0.15914714
3820	0.15910806
3821	0.15861592
3822	0.15800819
3823	0.15685739
3824	0.15544824
3825	0.15370955
3826	0.15181586
3827	0.14976305
3828	0.14750639
3829	0.14529595
3830	0.14300074
3831	0.14070696
3832	0.13840164
3833	0.13610044
3834	0.13372885
3835	0.13137479
3836	0.12896952
3837	0.12655094
3838	0.12418649
3839	0.12212636
3840	0.12000403
3841	0.11787549
3842	0.11579657
3843	0.11410512
3844	0.11255422
3845	0.11127096
3846	0.11003715
3847	0.10906781
3848	0.10834533
3849	0.10786036
3850	0.10757109
3851	0.10746754
3852	0.10769295
3853	0.10829011
3854	0.10905183
3855	0.10998739
3856	0.11147390
3857	0.11268723
3858	0.11440848
3859	0.11609717
3860	0.11782541
3861	0.11993437
3862	0.12204228
3863	0.12418123
3864	0.12638871
3865	0.12859270
3866	0.13077469
3867	0.13295932
3868	0.13520271
3869	0.13713418
3870	0.13950609
3871	0.14150648
3872	0.14371592
3873	0.14609130
3874	0.14863792
3875	0.15154171
3876	0.15448843
3877	0.15771183
3878	0.16110513
3879	0.16472238
3880	0.16836910
3881	0.17195755
3882	0.17522494
3883	0.17869632
3884	0.18160875
3885	0.18415724
3886	0.18635686
3887	0.18821114
3888	0.18976557
3889	0.19106577
3890	0.19204606
3891	0.19283998
3892	0.19380726
3893	0.19360702
3894	0.19146684
3895	0.19425559
3896	0.19892360
3897	0.20213209
3898	0.20477277
3899	0.20533103
3900	0.20518620
3901	0.20562160
3902	0.20597212
3903	0.20570460
3904	0.20532896
3905	0.20478742
3906	0.20384571
3907	0.20340793
3908	0.20314395
3909	0.20303947
3910	0.20273408
3911	0.20234977
3912	0.20228599
3913	0.20216927
3914	0.20208001
3915	0.20195523
3916	0.20165233
3917	0.20146194
3918	0.20124297
3919	0.20141499
3920	0.20135202
3921	0.20114541
3922	0.20099659
3923	0.20077693
3924	0.20048396
3925	0.19979115
3926	0.19940026
3927	0.19885252
3928	0.19819216
3929	0.19745709
3930	0.19694796
3931	0.19601963
3932	0.19502717
3933	0.19394575
3934	0.19286922
3935	0.19202133
3936	0.19149706
3937	0.19110110
3938	0.19133966
3939	0.19216578
3940	0.19323637
3941	0.19455518
3942	0.19591814
3943	0.19730940
3944	0.19895923
3945	0.20058399
3946	0.20226917
3947	0.20385310
3948	0.20528442
3949	0.20650284
3950	0.20748264
3951	0.20810422
3952	0.20833059
3953	0.20809117
3954	0.20737192
3955	0.20663162
3956	0.20541334
3957	0.20387532
3958	0.20214021
3959	0.20019580
3960	0.19815578
3961	0.19607963
3962	0.19386967
3963	0.19166811
3964	0.18942633
3965	0.18719603
3966	0.18488440
3967	0.18249486
3968	0.18015541
3969	0.17779796
3970	0.17551671
3971	0.17338923
3972	0.17135280
3973	0.16951838
3974	0.16787925
3975	0.16642731
3976	0.16525431
3977	0.16428152
3978	0.16376476
3979	0.16332629
3980	0.16306899
3981	0.16293229
3982	0.16315946
3983	0.16348717
3984	0.16418557
3985	0.16499911
3986	0.16598915
3987	0.16707921
3988	0.16818859
3989	0.16957574
3990	0.17109808
3991	0.17259876
3992	0.17408155
3993	0.17567825
3994	0.17712979
3995	0.17895657
3996	0.18034633
3997	0.18175218
3998	0.18295664
3999	0.18427207
4000	0.18535315
4001	0.18654810
4002	0.18748614
4003	0.18827862
4004	0.18908967
4005	0.19004631
4006	0.19094186
4007	0.19189689
4008	0.19295935
4009	0.19410995
4010	0.19522014
4011	0.19635414
4012	0.19729675
4013	0.19788279
4014	0.19855770
4015	0.19923809
4016	0.19935434
4017	0.19923623
4018	0.19873260
4019	0.19837672
4020	0.19850503
4021	0.19829075
4022	0.19856447
4023	0.19903956
4024	0.20016727
4025	0.20033452
4026	0.19905309
4027	0.20304497
4028	0.20829947
4029	0.21050742
4030	0.21236555
4031	0.21259661
4032	0.21287178
4033	0.21306506
4034	0.21299122
4035	0.21276493
4036	0.21229397
4037	0.21186863
4038	0.21122427
4039	0.21074526
4040	0.21048976
4041	0.20992801
4042	0.20984720
4043	0.21004002
4044	0.20991001
4045	0.20993605
4046	0.20995598
4047	0.21006703
4048	0.21040265
4049	0.21022619
4050	0.21007018
4051	0.21000136
4052	0.20987062
4053	0.20966458
4054	0.20938870
4055	0.20901603
4056	0.20820878
4057	0.20761199
4058	0.20694625
4059	0.20625293
4060	0.20544651
4061	0.20460783
4062	0.20373040
4063	0.20299962
4064	0.20203109
4065	0.20108497
4066	0.20025194
4067	0.19941664
4068	0.19894232
4069	0.19854979
4070	0.19860126
4071	0.19923583
4072	0.20004088
4073	0.20106871
4074	0.20222811
4075	0.20357925
4076	0.20514870
4077	0.20695201
4078	0.20880166
4079	0.21058744
4080	0.21227808
4081	0.21369091
4082	0.21474667
4083	0.21543437
4084	0.21566184
4085	0.21538863
4086	0.21458504
4087	0.21320984
4088	0.21167037
4089	0.20983715
4090	0.20757093
4091	0.20507030
4092	0.20236225
4093	0.19950470
4094	0.19650161
4095	0.19332796
4096	0.19009261
4097	0.18672067
4098	0.18335454
4099	0.17993319
4100	0.17656679
4101	0.17332639
4102	0.17022233
4103	0.16739768
4104	0.16480707
4105	0.16249470
4106	0.16036293
4107	0.15864509
4108	0.15723491
4109	0.15623595
4110	0.15556031
4111	0.15521713
4112	0.15522566
4113	0.15542164
4114	0.15611689
4115	0.15697314
4116	0.15841594
4117	0.15976994
4118	0.16131836
4119	0.16246185
4120	0.16422084
4121	0.16609623
4122	0.16795203
4123	0.16992335
4124	0.17180803
4125	0.17385677
4126	0.17583799
4127	0.17756914
4128	0.17921235
4129	0.18069670
4130	0.18192048
4131	0.18331313
4132	0.18445151
4133	0.18533349
4134	0.18612409
4135	0.18658213
4136	0.18730812
4137	0.18789850
4138	0.18863267
4139	0.18942229
4140	0.19037500
4141	0.19139950
4142	0.19252339
4143	0.19362798
4144	0.19442111
4145	0.19529055
4146	0.19609384
4147	0.19679232
4148	0.19721566
4149	0.19822124
4150	0.19883621
4151	0.19960563
4152	0.20056266
4153	0.20167097
4154	0.20317771
4155	0.20500343
4156	0.20557088
4157	0.20431495
4158	0.20771965
4159	0.21173197
4160	0.21355641
4161	0.21520592
4162	0.21545874
4163	0.21530131
4164	0.21561655
4165	0.21584159
4166	0.21572350
4167	0.21559849
4168	0.21512635
4169	0.21469502
4170	0.21452145
4171	0.21449482
4172	0.21424800
4173	0.21434937
4174	0.21460491
4175	0.21487190
4176	0.21501048
4177	0.21508928
4178	0.21507235
4179	0.21559110
4180	0.21537831
4181	0.21527961
4182	0.21521606
4183	0.21505004
4184	0.21485314
4185	0.21451178
4186	0.21405572
4187	0.21326900
4188	0.21239476
4189	0.21152702
4190	0.21063115
4191	0.20968460
4192	0.20872344
4193	0.20793752
4194	0.20680794
4195	0.20556174
4196	0.20425740
4197	0.20286466
4198	0.20134176
4199	0.19985433
4200	0.19847898
4201	0.19728142
4202	0.19608080
4203	0.19543509
4204	0.19508755
4205	0.19474980
4206	0.19436373
4207	0.19408843
4208	0.19399717
4209	0.19382153
4210	0.19363540
4211	0.19330554
4212	0.19277009
4213	0.19188216
4214	0.19066212
4215	0.18910764
4216	0.18718970
4217	0.18486220
4218	0.18204944
4219	0.17917982
4220	0.17623477
4221	0.17299563
4222	0.16963935
4223	0.16618574
4224	0.16267408
4225	0.15910590
4226	0.15556867
4227	0.15203938
4228	0.14854802
4229	0.14506468
4230	0.14153956
4231	0.13810569
4232	0.13473110
4233	0.13145983
4234	0.12832050
4235	0.12545663
4236	0.12283895
4237	0.12036291
4238	0.11817370
4239	0.11613093
4240	0.11453161
4241	0.11324802
4242	0.11222238
4243	0.11155412
4244	0.11112809
4245	0.11097781
4246	0.11096904
4247	0.11139714
4248	0.11197245
4249	0.11278422
4250	0.11371127
4251	0.11482792
4252	0.11614633
4253	0.11756857
4254	0.11932799
4255	0.12143176
4256	0.12334597
4257	0.12554735
4258	0.12769924
4259	0.13028724
4260	0.13279483
4261	0.13512860
4262	0.13766110
4263	0.14020878
4264	0.14274646
4265	0.14520201
4266	0.14796826
4267	0.15046927
4268	0.15276223
4269	0.15520656
4270	0.15758073
4271	0.16011082
4272	0.16233848
4273	0.16449752
4274	0.16640554
4275	0.16804773
4276	0.16919082
4277	0.16974965
4278	0.16995852
4279	0.16982517
4280	0.16931213
4281	0.16845901
4282	0.16745584
4283	0.16663821
4284	0.16627239
4285	0.16588317
4286	0.16608198
4287	0.16680552
4288	0.16839312
4289	0.16855080
4290	0.16835634
4291	0.17253308
4292	0.17627591
4293	0.17723182
4294	0.17806868
4295	0.17815672
4296	0.17850925
4297	0.17864344
4298	0.17862114
4299	0.17867181
4300	0.17835364
4301	0.17817108
4302	0.17782515
4303	0.17771207
4304	0.17779931
4305	0.17770500
4306	0.17762844
4307	0.17757340
4308	0.17723131
4309	0.17730814
4310	0.17731522
4311	0.17730230
4312	0.17697822
4313	0.17674968
4314	0.17658782
4315	0.17637730
4316	0.17644814
4317	0.17619076
4318	0.17572598
4319	0.17523465
4320	0.17423490
4321	0.17349724
4322	0.17266774
4323	0.17180793
4324	0.17079704
4325	0.16984740
4326	0.16900395
4327	0.16779160
4328	0.16647799
4329	0.16502070
4330	0.16354996
4331	0.16216461
4332	0.16097152
4333	0.15994175
4334	0.15896033
4335	0.15862603
4336	0.15852641
4337	0.15868235
4338	0.15895325
4339	0.15939334
4340	0.16000141
4341	0.16083609
4342	0.16172569
4343	0.16265564
4344	0.16358162
4345	0.16434193
4346	0.16501936
4347	0.16542958
4348	0.16562124
4349	0.16550478
4350	0.16499254
4351	0.16437939
4352	0.16367233
4353	0.16267550
4354	0.16148400
4355	0.16020922
4356	0.15876088
4357	0.15736286
4358	0.15589218
4359	0.15434438
4360	0.15267734
4361	0.15095639
4362	0.14910926
4363	0.14715604
4364	0.14512156
4365	0.14307640
4366	0.14110139
4367	0.13917953
4368	0.13747549
4369	0.13589944
4370	0.13447520
4371	0.13327646
4372	0.13227656
4373	0.13137227
4374	0.13083643
4375	0.13053390
4376	0.13044539
4377	0.13057189
4378	0.13095430
4379	0.13138832
4380	0.13228972
4381	0.13323887
4382	0.13441589
4383	0.13570279
4384	0.13711710
4385	0.13867627
4386	0.14029101
4387	0.14234686
4388	0.14444588
4389	0.14653373
4390	0.14886330
4391	0.15108570
4392	0.15318075
4393	0.15538034
4394	0.15753232
4395	0.15970346
4396	0.16171321
4397	0.16420439
4398	0.16631569
4399	0.16841544
4400	0.17065158
4401	0.17305879
4402	0.17582665
4403	0.17857684
4404	0.18155125
4405	0.18468499
4406	0.18788309
4407	0.19119662
4408	0.19439340
4409	0.19738711
4410	0.20026635
4411	0.20286931
4412	0.20499434
4413	0.20670339
4414	0.20801099
4415	0.20904747
4416	0.20984936
4417	0.21041492
4418	0.21077767
4419	0.21104409
4420	0.21141785
4421	0.21170005
4422	0.21064171
4423	0.21012992
4424	0.21394774
4425	0.21851890
4426	0.22098851
4427	0.22263169
4428	0.22267517
4429	0.22312498
4430	0.22367993
4431	0.22387542
4432	0.22369801
4433	0.22324272
4434	0.22275135
4435	0.22217578
4436	0.22187670
4437	0.22126536
4438	0.22120275
4439	0.22110626
4440	0.22117504
4441	0.22123823
4442	0.22120759
4443	0.22095007
4444	0.22137012
4445	0.22115208
4446	0.22087392
4447	0.22063293
4448	0.22042654
4449	0.22014017
4450	0.21988088
4451	0.21947606
4452	0.21901092
4453	0.21835667
4454	0.21740626
4455	0.21661116
4456	0.21583794
4457	0.21495000
4458	0.21408433
4459	0.21338020
4460	0.21230763
4461	0.21106251
4462	0.20974459
4463	0.20833868
4464	0.20699956
4465	0.20577301
4466	0.20467545
4467	0.20379199
4468	0.20347063
4469	0.20356251
4470	0.20408605
4471	0.20499486
4472	0.20615913
4473	0.20756561
4474	0.20912515
4475	0.21067451
4476	0.21210429
4477	0.21339320
4478	0.21430148
4479	0.21491903
4480	0.21518265
4481	0.21505442
4482	0.21440366
4483	0.21331596
4484	0.21224022
4485	0.21067619
4486	0.20888770
4487	0.20686832
4488	0.20472047
4489	0.20249361
4490	0.20018764
4491	0.19783911
4492	0.19554599
4493	0.19323350
4494	0.19092530
4495	0.18860963
4496	0.18632904
4497	0.18406340
4498	0.18194206
4499	0.17986961
4500	0.17800543
4501	0.17633602
4502	0.17493343
4503	0.17360608
4504	0.17235231
4505	0.17143752
4506	0.17074378
4507	0.17035919
4508	0.16991311
4509	0.16984458
4510	0.16990694
4511	0.17007621
4512	0.17062421
4513	0.17122354
4514	0.17245655
4515	0.17316972
4516	0.17460017
4517	0.17498979
4518	0.17621438
4519	0.17747055
4520	0.17875019
4521	0.17998938
4522	0.18154489
4523	0.18306148
4524	0.18441045
4525	0.18580049
4526	0.18701842
4527	0.18838263
4528	0.18959449
4529	0.19098480
4530	0.19218643
4531	0.19351839
4532	0.19465742
4533	0.19615346
4534	0.19771625
4535	0.19951560
4536	0.20144267
4537	0.20347986
4538	0.20555757
4539	0.20760247
4540	0.20964879
4541	0.21152283
4542	0.21316697
4543	0.21477048
4544	0.21619402
4545	0.21744294
4546	0.21844161
4547	0.21931417
4548	0.21996820
4549	0.22043778
4550	0.22093754
4551	0.22117263
4552	0.22151704
4553	0.22152092
4554	0.21929269
4555	0.22096691
4556	0.22517379
4557	0.22803216
4558	0.22991423
4559	0.23090020
4560	0.23091504
4561	0.23116405
4562	0.23172696
4563	0.23181206
4564	0.23149458
4565	0.23104854
4566	0.23053555
4567	0.22990726
4568	0.22994226
4569	0.23002033
4570	0.22927609
4571	0.23010372
4572	0.22989587
4573	0.22977372
4574	0.22996710
4575	0.22986563
4576	0.22963524
4577	0.22925951
4578	0.22891125
4579	0.22858229
4580	0.22824128
4581	0.22793128
4582	0.22757883
4583	0.22721171
4584	0.22637002
4585	0.22586353
4586	0.22517006
4587	0.22447324
4588	0.22403225
4589	0.22269967
4590	0.22196643
4591	0.22079527
4592	0.21954791
4593	0.21820454
4594	0.21687220
4595	0.21562399
4596	0.21452773
4597	0.21375282
4598	0.21337381
4599	0.21340066
4600	0.21377321
4601	0.21439265
4602	0.21531904
4603	0.21653351
4604	0.21792659
4605	0.21944468
4606	0.22089337
4607	0.22222412
4608	0.22323343
4609	0.22381990
4610	0.22383010
4611	0.22331904
4612	0.22218691
4613	0.22061223
4614	0.21855706
4615	0.21597160
4616	0.21298298
4617	0.20960778
4618	0.20598206
4619	0.20214987
4620	0.19813070
4621	0.19403076
4622	0.18981330
4623	0.18552873
4624	0.18122108
4625	0.17687298
4626	0.17251289
4627	0.16818023
4628	0.16393004
4629	0.15989994
4630	0.15597434
4631	0.15230942
4632	0.14887501
4633	0.14574766
4634	0.14276265
4635	0.13996091
4636	0.13749619
4637	0.13530509
4638	0.13337871
4639	0.13182279
4640	0.13036312
4641	0.12914509
4642	0.12841110
4643	0.12782504
4644	0.12760615
4645	0.12756361
4646	0.12766016
4647	0.12824957
4648	0.12894006
4649	0.12989843
4650	0.13077466
4651	0.13235812
4652	0.13375865
4653	0.13511008
4654	0.13684250
4655	0.13855216
4656	0.13998893
4657	0.14154224
4658	0.14304872
4659	0.14447673
4660	0.14580892
4661	0.14691144
4662	0.14862488
4663	0.14964420
4664	0.15078112
4665	0.15200868
4666	0.15337595
4667	0.15493946
4668	0.15641132
4669	0.15803748
4670	0.15976176
4671	0.16151613
4672	0.16315998
4673	0.16466635
4674	0.16609925
4675	0.16722853
4676	0.16808835
4677	0.16865185
4678	0.16906703
4679	0.16929059
4680	0.16934569
4681	0.16951619
4682	0.16940713
4683	0.16837591
4684	0.16633211
4685	0.16943927
4686	0.17392576
4687	0.17661098
4688	0.17820369
4689	0.17775114
4690	0.17715693
4691	0.17723563
4692	0.17722584
4693	0.17700721
4694	0.17659090
4695	0.17577089
4696	0.17526732
4697	0.17485529
4698	0.17480396
4699	0.17481084
4700	0.17482243
4701	0.17487817
4702	0.17480512
4703	0.17479087
4704	0.17453215
4705	0.17446141
4706	0.17445439
4707	0.17397134
4708	0.17390636
4709	0.17378823
4710	0.17346573
4711	0.17323661
4712	0.17320916
4713	0.17278573
4714	0.17223941
4715	0.17127472
4716	0.17059040
4717	0.16972889
4718	0.16892569
4719	0.16801821
4720	0.16730376
4721	0.16621517
4722	0.16499668
4723	0.16367610
4724	0.16229096
4725	0.16105902
4726	0.16004260
4727	0.15909675
4728	0.15845080
4729	0.15839335
4730	0.15848643
4731	0.15869129
4732	0.15893498
4733	0.15925162
4734	0.15977491
4735	0.16040227
4736	0.16105728
4737	0.16168883
4738	0.16220263
4739	0.16248570
4740	0.16257346
4741	0.16237991
4742	0.16191119
4743	0.16106920
4744	0.15975977
4745	0.15820783
4746	0.15659782
4747	0.15476787
4748	0.15267627
4749	0.15038209
4750	0.14796504
4751	0.14544645
4752	0.14273356
4753	0.14006373
4754	0.13723326
4755	0.13432501
4756	0.13136232
4757	0.12830000
4758	0.12522438
4759	0.12214687
4760	0.11912275
4761	0.11628332
4762	0.11350726
4763	0.11100214
4764	0.10851850
4765	0.10641079
4766	0.10450491
4767	0.10288224
4768	0.10154110
4769	0.10051040
4770	0.09977770
4771	0.09928714
4772	0.09899502
4773	0.09924063
4774	0.09959158
4775	0.10025993
4776	0.10107497
4777	0.10254696
4778	0.10382017
4779	0.10543086
4780	0.10716262
4781	0.10895453
4782	0.11076490
4783	0.11294889
4784	0.11509488
4785	0.11694434
4786	0.11892734
4787	0.12074781
4788	0.12250827
4789	0.12408730
4790	0.12577781
4791	0.12711985
4792	0.12865256
4793	0.13013940
4794	0.13170150
4795	0.13337432
4796	0.13512176
4797	0.13725498
4798	0.13918872
4799	0.14132211
4800	0.14345710
4801	0.14554846
4802	0.14737888
4803	0.14896633
4804	0.15043820
4805	0.15155987
4806	0.15274534
4807	0.15328465
4808	0.15368418
4809	0.15391171
4810	0.15415248
4811	0.15433840
4812	0.15458134
4813	0.15492326
4814	0.15559824
4815	0.15515979
4816	0.15333818
4817	0.15647469
4818	0.16116789
4819	0.16309151
4820	0.16479337
4821	0.16470572
4822	0.16462918
4823	0.16536824
4824	0.16597517
4825	0.16625550
4826	0.16634230
4827	0.16583759
4828	0.16535851
4829	0.16515854
4830	0.16506332
4831	0.16501088
4832	0.16506694
4833	0.16509528
4834	0.16516541
4835	0.16515793
4836	0.16514492
4837	0.16490607
4838	0.16490726
4839	0.16464172
4840	0.16447569
4841	0.16439289
4842	0.16431250
4843	0.16411640
4844	0.16445111
4845	0.16351447
4846	0.16302101
4847	0.16247338
4848	0.16175546
4849	0.16096374
4850	0.16003045
4851	0.15932304
4852	0.15826027
4853	0.15705168
4854	0.15575808
4855	0.15441556
4856	0.15296918
4857	0.15170296
4858	0.15069088
4859	0.14993179
4860	0.14921524
4861	0.14901787
4862	0.14910024
4863	0.14914647
4864	0.14925864
4865	0.14940830
4866	0.14973186
4867	0.15008900
4868	0.15042466
4869	0.15068385
4870	0.15075608
4871	0.15058732
4872	0.15002877
4873	0.14911744
4874	0.14785178
4875	0.14596766
4876	0.14389898
4877	0.14172399
4878	0.13914123
4879	0.13636376
4880	0.13343415
4881	0.13042189
4882	0.12731072
4883	0.12423758
4884	0.12115000
4885	0.11806206
4886	0.11497119
4887	0.11183935
4888	0.10868718
4889	0.10553420
4890	0.10235278
4891	0.09928025
4892	0.09636482
4893	0.09352009
4894	0.09102874
4895	0.08865325
4896	0.08652532
4897	0.08465724
4898	0.08305246
4899	0.08158950
4900	0.08043543
4901	0.07951541
4902	0.07883225
4903	0.07829097
4904	0.07814678
4905	0.07809710
4906	0.07868358
4907	0.07864996
4908	0.07924594
4909	0.07991046
4910	0.08094266
4911	0.08222173
4912	0.08345479
4913	0.08467444
4914	0.08621709
4915	0.08769734
4916	0.08924603
4917	0.09083074
4918	0.09246127
4919	0.09419709
4920	0.09589584
4921	0.09804858
4922	0.10025260
4923	0.10255901
4924	0.10471787
4925	0.10844040
4926	0.11191269
4927	0.11580894
4928	0.12004000
4929	0.12479699
4930	0.12934463
4931	0.13409881
4932	0.13885032
4933	0.14336656
4934	0.14754789
4935	0.15133053
4936	0.15447921
4937	0.15701105
4938	0.15882079
4939	0.15989789
4940	0.16031590
4941	0.16006021
4942	0.15930000
4943	0.15809976
4944	0.15675350
4945	0.15534545
4946	0.15331514
4947	0.15078330
4948	0.15337387
4949	0.15822516
4950	0.16173494
4951	0.16422902
4952	0.16426949
4953	0.16392885
4954	0.16442971
4955	0.16472027
4956	0.16473335
4957	0.16454305
4958	0.16361503
4959	0.16316594
4960	0.16288306
4961	0.16279778
4962	0.16280027
4963	0.16269721
4964	0.16254163
4965	0.16243267
4966	0.16221531
4967	0.16201189
4968	0.16161793
4969	0.16114734
4970	0.16102481
4971	0.16076946
4972	0.16046080
4973	0.16017792
4974	0.15981472
4975	0.15997721
4976	0.15938017
4977	0.15849747
4978	0.15783978
4979	0.15715602
4980	0.15636656
4981	0.15558991
4982	0.15470375
4983	0.15403035
4984	0.15299439
4985	0.15179703
4986	0.15054801
4987	0.14934976
4988	0.14834335
4989	0.14768350
4990	0.14739095
4991	0.14711653
4992	0.14745556
4993	0.14817023
4994	0.14896262
4995	0.14979523
4996	0.15075488
4997	0.15192485
4998	0.15314206
4999	0.15441637
5000	0.15558890
5001	0.15667665
5002	0.15754025
5003	0.15806995
5004	0.15827803
5005	0.15815815
5006	0.15754715
5007	0.15640159
5008	0.15533864
5009	0.15371870
5010	0.15178733
5011	0.14961119
5012	0.14718015
5013	0.14460896
5014	0.14190845
5015	0.13900252
5016	0.13607320
5017	0.13304909
5018	0.12990722
5019	0.12670645
5020	0.12340315
5021	0.12001234
5022	0.11658872
5023	0.11319307
5024	0.10987618
5025	0.10674766
5026	0.10377780
5027	0.10085981
5028	0.09819560
5029	0.09580167
5030	0.09374498
5031	0.09186134
5032	0.09005798
5033	0.08867685
5034	0.08759148
5035	0.08665115
5036	0.08617210
5037	0.08594991
5038	0.08601134
5039	0.08626080
5040	0.08693808
5041	0.08810520
5042	0.08928613
5043	0.09073773
5044	0.09233639
5045	0.09408050
5046	0.09606505
5047	0.09830648
5048	0.10059496
5049	0.10295218
5050	0.10538343
5051	0.10784613
5052	0.11036942
5053	0.11294022
5054	0.11575288
5055	0.11853399
5056	0.12127564
5057	0.12435637
5058	0.12763683
5059	0.13115405
5060	0.13486733
5061	0.13904944
5062	0.14299802
5063	0.14710405
5064	0.15114853
5065	0.15500778
5066	0.15857723
5067	0.16167624
5068	0.16424826
5069	0.16624725
5070	0.16756703
5071	0.16833703
5072	0.16854578
5073	0.16834202
5074	0.16773367
5075	0.16714042
5076	0.16651583
5077	0.16391711
5078	0.16363019
5079	0.16803633
5080	0.17331779
5081	0.17657448
5082	0.17812882
5083	0.17752817
5084	0.17728670
5085	0.17764132
5086	0.17746553
5087	0.17716241
5088	0.17646314
5089	0.17598540
5090	0.17533168
5091	0.17506325
5092	0.17510125
5093	0.17513950
5094	0.17520900
5095	0.17523609
5096	0.17525777
5097	0.17501913
5098	0.17495678
5099	0.17516218
5100	0.17499182
5101	0.17488608
5102	0.17480898
5103	0.17477351
5104	0.17524214
5105	0.17481527
5106	0.17452028
5107	0.17414401
5108	0.17355569
5109	0.17261888
5110	0.17193939
5111	0.17111361
5112	0.17019731
5113	0.16929395
5114	0.16835938
5115	0.16762364
5116	0.16648106
5117	0.16534606
5118	0.16424890
5119	0.16317859
5120	0.16231894
5121	0.16179825
5122	0.16125432
5123	0.16107124
5124	0.16101208
5125	0.16105665
5126	0.16123697
5127	0.16150551
5128	0.16194096
5129	0.16253267
5130	0.16315638
5131	0.16387211
5132	0.16459692
5133	0.16522664
5134	0.16584760
5135	0.16640320
5136	0.16682869
5137	0.16710426
5138	0.16722812
5139	0.16701663
5140	0.16686104
5141	0.16656955
5142	0.16621034
5143	0.16565718
5144	0.16509697
5145	0.16446003
5146	0.16376184
5147	0.16300330
5148	0.16211803
5149	0.16111614
5150	0.15994903
5151	0.15874699
5152	0.15742308
5153	0.15613168
5154	0.15483649
5155	0.15355188
5156	0.15234159
5157	0.15126826
5158	0.15013762
5159	0.14896253
5160	0.14795740
5161	0.14709243
5162	0.14627342
5163	0.14567585
5164	0.14509021
5165	0.14437373
5166	0.14378601
5167	0.14359546
5168	0.14334540
5169	0.14330010
5170	0.14311190
5171	0.14325744
5172	0.14339872
5173	0.14355807
5174	0.14389203
5175	0.14414649
5176	0.14470750
5177	0.14528753
5178	0.14584857
5179	0.14632383
5180	0.14686103
5181	0.14745952
5182	0.14809859
5183	0.14878397
5184	0.14951858
5185	0.15003808
5186	0.15168980
5187	0.15277328
5188	0.15414657
5189	0.15590695
5190	0.15785433
5191	0.16024458
5192	0.16261548
5193	0.16523993
5194	0.16794065
5195	0.17073198
5196	0.17341028
5197	0.17572361
5198	0.17839316
5199	0.18035123
5200	0.18193926
5201	0.18282758
5202	0.18373105
5203	0.18493931
5204	0.18567286
5205	0.18670940
5206	0.18807578
5207	0.18978348
5208	0.18916030
5209	0.19060080
5210	0.19537126
5211	0.19877143
5212	0.20006421
5213	0.20126198
5214	0.20156685
5215	0.20209314
5216	0.20271799
5217	0.20296945
5218	0.20327088
5219	0.20305015
5220	0.20288415
5221	0.20276055
5222	0.20277700
5223	0.20248966
5224	0.20279509
5225	0.20248549
5226	0.20242912
5227	0.20225789
5228	0.20206830
5229	0.20167162
5230	0.20169768
5231	0.20145777
5232	0.20166174
5233	0.20115839
5234	0.20086350
5235	0.20052525
5236	0.20010084
5237	0.19958614
5238	0.19900411
5239	0.19803050
5240	0.19721681
5241	0.19640413
5242	0.19546828
5243	0.19451477
5244	0.19355232
5245	0.19276604
5246	0.19160986
5247	0.19039664
5248	0.18904756
5249	0.18753296
5250	0.18613552
5251	0.18493937
5252	0.18393636
5253	0.18310994
5254	0.18252808
5255	0.18258458
5256	0.18290496
5257	0.18335845
5258	0.18389297
5259	0.18449144
5260	0.18520543
5261	0.18599768
5262	0.18677858
5263	0.18751216
5264	0.18812761
5265	0.18852305
5266	0.18868454
5267	0.18855841
5268	0.18811333
5269	0.18711624
5270	0.18587323
5271	0.18455586
5272	0.18285930
5273	0.18087152
5274	0.17869616
5275	0.17639162
5276	0.17394084
5277	0.17132172
5278	0.16863808
5279	0.16587473
5280	0.16295293
5281	0.15990137
5282	0.15678553
5283	0.15359011
5284	0.15046279
5285	0.14737657
5286	0.14440076
5287	0.14156273
5288	0.13891445
5289	0.13666931
5290	0.13439329
5291	0.13228600
5292	0.13058512
5293	0.12924573
5294	0.12805676
5295	0.12713103
5296	0.12645772
5297	0.12594822
5298	0.12587488
5299	0.12587723
5300	0.12621364
5301	0.12665607
5302	0.12731723
5303	0.12826087
5304	0.12926084
5305	0.13047782
5306	0.13186321
5307	0.13329850
5308	0.13475253
5309	0.13642822
5310	0.13805296
5311	0.13964614
5312	0.14130752
5313	0.14306669
5314	0.14490598
5315	0.14674309
5316	0.14857361
5317	0.15106297
5318	0.15336569
5319	0.15578091
5320	0.15852655
5321	0.16168115
5322	0.16523953
5323	0.16879781
5324	0.17269287
5325	0.17671005
5326	0.18083507
5327	0.18483086
5328	0.18877859
5329	0.19248609
5330	0.19579838
5331	0.19875340
5332	0.20134895
5333	0.20347314
5334	0.20524259
5335	0.20660658
5336	0.20768671
5337	0.20842600
5338	0.20896211
5339	0.20952266
5340	0.20978108
5341	0.20786165
5342	0.20914264
5343	0.21373594
5344	0.21793604
5345	0.22050613
5346	0.22195023
5347	0.22208700
5348	0.22256266
5349	0.22322623
5350	0.22298299
5351	0.22276649
5352	0.22216845
5353	0.22128645
5354	0.22031449
5355	0.21930361
5356	0.22014931
5357	0.22038974
5358	0.22031544
5359	0.22029857
5360	0.22019352
5361	0.22067621
5362	0.22078346
5363	0.22074316
5364	0.22057007
5365	0.22036016
5366	0.22029789
5367	0.22013554
5368	0.21997681
5369	0.21976081
5370	0.21939375
5371	0.21874788
5372	0.21826564
5373	0.21768016
5374	0.21698047
5375	0.21618921
5376	0.21562238
5377	0.21464728
5378	0.21346827
5379	0.21216042
5380	0.21071483
5381	0.20920016
5382	0.20760293
5383	0.20602901
5384	0.20485726
5385	0.20404996
5386	0.20375808
5387	0.20381892
5388	0.20407736
5389	0.20447893
5390	0.20502004
5391	0.20559961
5392	0.20628686
5393	0.20691983
5394	0.20742628
5395	0.20766155
5396	0.20753427
5397	0.20702173
5398	0.20598407
5399	0.20443404
5400	0.20239207
5401	0.19993199
5402	0.19713366
5403	0.19403389
5404	0.19060160
5405	0.18707488
5406	0.18339872
5407	0.17966262
5408	0.17584673
5409	0.17213397
5410	0.16841953
5411	0.16472787
5412	0.16105759
5413	0.15739800
5414	0.15381528
5415	0.15033789
5416	0.14701819
5417	0.14389803
5418	0.14093027
5419	0.13825770
5420	0.13578267
5421	0.13353574
5422	0.13152218
5423	0.12983666
5424	0.12841780
5425	0.12735689
5426	0.12654005
5427	0.12606923
5428	0.12580380
5429	0.12574649
5430	0.12618481
5431	0.12676981
5432	0.12820546
5433	0.12860121
5434	0.12974891
5435	0.13120025
5436	0.13276531
5437	0.13443612
5438	0.13643056
5439	0.13849196
5440	0.14077657
5441	0.14299273
5442	0.14533474
5443	0.14758462
5444	0.14960329
5445	0.15174131
5446	0.15376584
5447	0.15566933
5448	0.15738609
5449	0.15940036
5450	0.16106509
5451	0.16258900
5452	0.16420022
5453	0.16587348
5454	0.16779611
5455	0.16945477
5456	0.17113726
5457	0.17275576
5458	0.17423421
5459	0.17545232
5460	0.17634581
5461	0.17684722
5462	0.17699888
5463	0.17675152
5464	0.17616631
5465	0.17532167
5466	0.17426243
5467	0.17319578
5468	0.17204790
5469	0.17148435
5470	0.17069824
5471	0.16898452
5472	0.16913566
5473	0.17355156
5474	0.17785032
5475	0.18027537
5476	0.18127719
5477	0.18068689
5478	0.18017715
5479	0.17987573
5480	0.17946106
5481	0.17901918
5482	0.17874414
5483	0.17806590
5484	0.17750797
5485	0.17731518
5486	0.17707925
5487	0.17698579
5488	0.17687191
5489	0.17656210
5490	0.17645927
5491	0.17637156
5492	0.17643517
5493	0.17633228
5494	0.17616951
5495	0.17581405
5496	0.17556874
5497	0.17558396
5498	0.17523797
5499	0.17476392
5500	0.17430274
5501	0.17377290
5502	0.17285497
5503	0.17221922
5504	0.17146444
5505	0.17059496
5506	0.16970046
5507	0.16881156
5508	0.16787834
5509	0.16705333
5510	0.16587180
5511	0.16458593
5512	0.16330749
5513	0.16221744
5514	0.16134289
5515	0.16067645
5516	0.16006987
5517	0.15985085
5518	0.16004118
5519	0.16036229
5520	0.16095431
5521	0.16173862
5522	0.16269422
5523	0.16385470
5524	0.16519159
5525	0.16648309
5526	0.16765198
5527	0.16865584
5528	0.16941905
5529	0.16986735
5530	0.17004772
5531	0.16975537
5532	0.16900700
5533	0.16821292
5534	0.16711426
5535	0.16568242
5536	0.16408370
5537	0.16232187
5538	0.16036519
5539	0.15841542
5540	0.15641093
5541	0.15438211
5542	0.15229438
5543	0.15022278
5544	0.14804257
5545	0.14584877
5546	0.14358091
5547	0.14131124
5548	0.13911043
5549	0.13699426
5550	0.13496652
5551	0.13302901
5552	0.13148418
5553	0.12975980
5554	0.12839292
5555	0.12718606
5556	0.12616427
5557	0.12534246
5558	0.12469415
5559	0.12423501
5560	0.12382661
5561	0.12372643
5562	0.12370831
5563	0.12379108
5564	0.12411917
5565	0.12437911
5566	0.12493742
5567	0.12564687
5568	0.12649578
5569	0.12731899
5570	0.12841228
5571	0.12932745
5572	0.13026652
5573	0.13138042
5574	0.13233583
5575	0.13318539
5576	0.13411376
5577	0.13499866
5578	0.13585234
5579	0.13671325
5580	0.13751359
5581	0.13848279
5582	0.13989173
5583	0.14102881
5584	0.14252192
5585	0.14434887
5586	0.14642127
5587	0.14908274
5588	0.15153496
5589	0.15422024
5590	0.15704931
5591	0.15987229
5592	0.16258809
5593	0.16517878
5594	0.16754052
5595	0.16952951
5596	0.17124748
5597	0.17257653
5598	0.17361985
5599	0.17438902
5600	0.17495346
5601	0.17531326
5602	0.17587845
5603	0.17544293
5604	0.17343834
5605	0.17543188
5606	0.17979011
5607	0.18292004
5608	0.18534191
5609	0.18596311
5610	0.18528812
5611	0.18508004
5612	0.18484902
5613	0.18421926
5614	0.18382081
5615	0.18291561
5616	0.18224508
5617	0.18166967
5618	0.18133512
5619	0.18108869
5620	0.18091030
5621	0.18047144
5622	0.18044342
5623	0.18030708
5624	0.18021823
5625	0.18022734
5626	0.18015672
5627	0.18000275
5628	0.18033046
5629	0.18004772
5630	0.17987520
5631	0.17966527
5632	0.17946906
5633	0.17916735
5634	0.17878839
5635	0.17799808
5636	0.17743866
5637	0.17675963
5638	0.17597997
5639	0.17513649
5640	0.17428549
5641	0.17357372
5642	0.17252019
5643	0.17135164
5644	0.17022601
5645	0.16934599
5646	0.16864873
5647	0.16820472
5648	0.16795909
5649	0.16824985
5650	0.16887844
5651	0.16966073
5652	0.17069919
5653	0.17185248
5654	0.17311949
5655	0.17462827
5656	0.17626159
5657	0.17790993
5658	0.17954467
5659	0.18105850
5660	0.18239830
5661	0.18350580
5662	0.18432578
5663	0.18487394
5664	0.18497670
5665	0.18472755
5666	0.18421571
5667	0.18357298
5668	0.18259685
5669	0.18135877
5670	0.17999856
5671	0.17839541
5672	0.17676413
5673	0.17497863
5674	0.17305280
5675	0.17104916
5676	0.16892257
5677	0.16667587
5678	0.16439596
5679	0.16216147
5680	0.16002791
5681	0.15793040
5682	0.15606527
5683	0.15442161
5684	0.15285920
5685	0.15140334
5686	0.15024304
5687	0.14935407
5688	0.14869930
5689	0.14825228
5690	0.14809924
5691	0.14821033
5692	0.14846542
5693	0.14916059
5694	0.14986086
5695	0.15144005
5696	0.15255383
5697	0.15362544
5698	0.15511572
5699	0.15675741
5700	0.15849775
5701	0.16032577
5702	0.16220894
5703	0.16419555
5704	0.16633226
5705	0.16850512
5706	0.17052463
5707	0.17241171
5708	0.17422105
5709	0.17592712
5710	0.17706876
5711	0.17923522
5712	0.18106197
5713	0.18257253
5714	0.18398327
5715	0.18559264
5716	0.18751508
5717	0.18941654
5718	0.19150770
5719	0.19380443
5720	0.19621886
5721	0.19878408
5722	0.20133403
5723	0.20380855
5724	0.20593616
5725	0.20796886
5726	0.20981827
5727	0.21135454
5728	0.21314567
5729	0.21437494
5730	0.21551867
5731	0.21644889
5732	0.21775407
5733	0.21921565
5734	0.22028241
5735	0.21852303
5736	0.22119263
5737	0.22677231
5738	0.23021723
5739	0.23275650
5740	0.23407537
5741	0.23370045
5742	0.23384994
5743	0.23371446
5744	0.23350228
5745	0.23301482
5746	0.23249640
5747	0.23190632
5748	0.23102368
5749	0.23092218
5750	0.23099425
5751	0.23108320
5752	0.23120280
5753	0.23139858
5754	0.23141429
5755	0.23180896
5756	0.23162299
5757	0.23149531
5758	0.23121557
5759	0.23085508
5760	0.23060146
5761	0.23023765
5762	0.22986142
5763	0.22940557
5764	0.22884767
5765	0.22831212
5766	0.22753246
5767	0.22637099
5768	0.22553101
5769	0.22454575
5770	0.22353111
5771	0.22245954
5772	0.22138852
5773	0.22043417
5774	0.21904252
5775	0.21753030
5776	0.21587554
5777	0.21417928
5778	0.21260306
5779	0.21116400
5780	0.20990485
5781	0.20932958
5782	0.20929301
5783	0.20954520
5784	0.20989287
5785	0.21051036
5786	0.21128882
5787	0.21232511
5788	0.21341223
5789	0.21451750
5790	0.21548118
5791	0.21625780
5792	0.21681298
5793	0.21705303
5794	0.21700402
5795	0.21652088
5796	0.21544456
5797	0.21425794
5798	0.21289888
5799	0.21115187
5800	0.20919867
5801	0.20710000
5802	0.20484997
5803	0.20247971
5804	0.19997093
5805	0.19747296
5806	0.19488196
5807	0.19224375
5808	0.18951036
5809	0.18682341
5810	0.18410110
5811	0.18149583
5812	0.17901240
5813	0.17674932
5814	0.17460567
5815	0.17280567
5816	0.17119040
5817	0.16965879
5818	0.16850518
5819	0.16761896
5820	0.16701174
5821	0.16670631
5822	0.16666026
5823	0.16684029
5824	0.16720524
5825	0.16795701
5826	0.16887419
5827	0.17030440
5828	0.17147170
5829	0.17303485
5830	0.17479317
5831	0.17582972
5832	0.17757915
5833	0.17941721
5834	0.18127413
5835	0.18323985
5836	0.18512841
5837	0.18704543
5838	0.18886286
5839	0.19045186
5840	0.19213374
5841	0.19366993
5842	0.19530249
5843	0.19664420
5844	0.19810617
5845	0.19923607
5846	0.20055506
5847	0.20197722
5848	0.20349553
5849	0.20500050
5850	0.20653088
5851	0.20804046
5852	0.20943511
5853	0.21067226
5854	0.21176514
5855	0.21256208
5856	0.21304230
5857	0.21322998
5858	0.21320631
5859	0.21304621
5860	0.21291067
5861	0.21280798
5862	0.21290140
5863	0.21355981
5864	0.21403751
5865	0.21255915
5866	0.21339226
5867	0.21816647
5868	0.22292456
5869	0.22494857
5870	0.22651389
5871	0.22600091
5872	0.22553651
5873	0.22547886
5874	0.22533107
5875	0.22515111
5876	0.22484092
5877	0.22412725
5878	0.22371827
5879	0.22351588
5880	0.22297183
5881	0.22302012
5882	0.22231051
5883	0.22327568
5884	0.22332643
5885	0.22344050
5886	0.22351991
5887	0.22387241
5888	0.22353600
5889	0.22321965
5890	0.22293521
5891	0.22265691
5892	0.22229974
5893	0.22192733
5894	0.22146279
5895	0.22086267
5896	0.22014378
5897	0.21904130
5898	0.21819691
5899	0.21731107
5900	0.21641184
5901	0.21538730
5902	0.21462090
5903	0.21339807
5904	0.21203312
5905	0.21061704
5906	0.20916967
5907	0.20782846
5908	0.20665909
5909	0.20573610
5910	0.20483902
5911	0.20458938
5912	0.20465645
5913	0.20489530
5914	0.20530951
5915	0.20585464
5916	0.20653446
5917	0.20738827
5918	0.20817389
5919	0.20892312
5920	0.20951246
5921	0.20992672
5922	0.21007624
5923	0.20996140
5924	0.20932209
5925	0.20842305
5926	0.20751528
5927	0.20609066
5928	0.20427532
5929	0.20225087
5930	0.19990169
5931	0.19731849
5932	0.19465359
5933	0.19194835
5934	0.18910244
5935	0.18619862
5936	0.18317281
5937	0.18008465
5938	0.17684180
5939	0.17355300
5940	0.17016098
5941	0.16683123
5942	0.16356704
5943	0.16033937
5944	0.15728213
5945	0.15437019
5946	0.15169699
5947	0.14902262
5948	0.14644445
5949	0.14411506
5950	0.14198056
5951	0.14016327
5952	0.13836072
5953	0.13673809
5954	0.13515051
5955	0.13372019
5956	0.13269924
5957	0.13169321
5958	0.13084956
5959	0.13005498
5960	0.12961006
5961	0.12916212
5962	0.12880291
5963	0.12897167
5964	0.12895240
5965	0.12893929
5966	0.12919016
5967	0.12940308
5968	0.12956345
5969	0.12976748
5970	0.13004869
5971	0.13028614
5972	0.13058776
5973	0.13107231
5974	0.13144137
5975	0.13220060
5976	0.13272612
5977	0.13370343
5978	0.13498615
5979	0.13656305
5980	0.13875099
5981	0.14090011
5982	0.14337790
5983	0.14607745
5984	0.14899537
5985	0.15197845
5986	0.15478052
5987	0.15740606
5988	0.16032220
5989	0.16250902
5990	0.16435754
5991	0.16580321
5992	0.16688964
5993	0.16766289
5994	0.16824023
5995	0.16861795
5996	0.16906250
5997	0.16968095
5998	0.16977026
5999	0.16771339
6000	0.17049922
6001	0.17534539
6002	0.17804413
6003	0.17949091
6004	0.17927271
6005	0.17923473
6006	0.17998400
6007	0.18067235
6008	0.18068692
6009	0.18066858
6010	0.18003416
6011	0.17958604
6012	0.17909101
6013	0.17929634
6014	0.17962700
6015	0.17983063
6016	0.17983289
6017	0.17979982
6018	0.17946444
6019	0.17909899
6020	0.17875314
6021	0.17882368
6022	0.17835666
6023	0.17814231
6024	0.17788433
6025	0.17767276
6026	0.17771734
6027	0.17744170
6028	0.17647637
6029	0.17614782
6030	0.17553672
6031	0.17483486
6032	0.17412187
6033	0.17339222
6034	0.17258333
6035	0.17206107
6036	0.17113623
6037	0.17011744
6038	0.16900900
6039	0.16798912
6040	0.16709955
6041	0.16642201
6042	0.16613957
6043	0.16587609
6044	0.16624278
6045	0.16693646
6046	0.16759068
6047	0.16821289
6048	0.16869092
6049	0.16907349
6050	0.16939570
6051	0.16958147
6052	0.16969517
6053	0.16969025
6054	0.16954517
6055	0.16922848
6056	0.16879977
6057	0.16810358
6058	0.16725115
6059	0.16616681
6060	0.16477355
6061	0.16325946
6062	0.16168310
6063	0.15973242
6064	0.15773493
6065	0.15572079
6066	0.15364784
6067	0.15153539
6068	0.14938411
6069	0.14717789
6070	0.14496559
6071	0.14273866
6072	0.14048247
6073	0.13817975
6074	0.13587898
6075	0.13367091
6076	0.13158010
6077	0.12977374
6078	0.12797384
6079	0.12644801
6080	0.12505651
6081	0.12396112
6082	0.12294966
6083	0.12231418
6084	0.12194324
6085	0.12176507
6086	0.12174356
6087	0.12216005
6088	0.12271006
6089	0.12349425
6090	0.12450295
6091	0.12557709
6092	0.12689975
6093	0.12859793
6094	0.13048902
6095	0.13246652
6096	0.13465957
6097	0.13707668
6098	0.13942900
6099	0.14203236
6100	0.14459524
6101	0.14728217
6102	0.14970294
6103	0.15232259
6104	0.15489163
6105	0.15743607
6106	0.15994690
6107	0.16275458
6108	0.16530399
6109	0.16787109
6110	0.17043476
6111	0.17324317
6112	0.17633390
6113	0.17931497
6114	0.18246208
6115	0.18574254
6116	0.18898886
6117	0.19220164
6118	0.19523555
6119	0.19809943
6120	0.20064612
6121	0.20286141
6122	0.20464651
6123	0.20608838
6124	0.20722656
6125	0.20803319
6126	0.20861825
6127	0.20918892
6128	0.20991459
6129	0.20851041
6130	0.20815530
6131	0.21238096
6132	0.21782689
6133	0.22072257
6134	0.22341835
6135	0.22362635
6136	0.22395448
6137	0.22450209
6138	0.22465457
6139	0.22429660
6140	0.22399208
6141	0.22343197
6142	0.22268020
6143	0.22229354
6144	0.22241493
6145	0.22253746
6146	0.22252391
6147	0.22244345
6148	0.22237147
6149	0.22212432
6150	0.22251302
6151	0.22231786
6152	0.22194630
6153	0.22155166
6154	0.22125858
6155	0.22098035
6156	0.22069892
6157	0.22036090
6158	0.21998905
6159	0.21957181
6160	0.21864754
6161	0.21807115
6162	0.21730232
6163	0.21644802
6164	0.21549442
6165	0.21448871
6166	0.21361144
6167	0.21236505
6168	0.21093176
6169	0.20937259
6170	0.20769469
6171	0.20601863
6172	0.20446390
6173	0.20317282
6174	0.20233969
6175	0.20187734
6176	0.20166436
6177	0.20176215
6178	0.20200621
6179	0.20231330
6180	0.20272303
6181	0.20332415
6182	0.20394306
6183	0.20452155
6184	0.20500346
6185	0.20529918
6186	0.20530428
6187	0.20501909
6188	0.20439366
6189	0.20328088
6190	0.20178807
6191	0.20029682
6192	0.19835822
6193	0.19614558
6194	0.19377100
6195	0.19129500
6196	0.18873289
6197	0.18605968
6198	0.18337940
6199	0.18067583
6200	0.17792822
6201	0.17513505
6202	0.17226176
6203	0.16935992
6204	0.16644004
6205	0.16353960
6206	0.16074336
6207	0.15804441
6208	0.15547621
6209	0.15326522
6210	0.15090667
6211	0.14904839
6212	0.14730224
6213	0.14576873
6214	0.14446874
6215	0.14343143
6216	0.14258599
6217	0.14199418
6218	0.14146475
6219	0.14135519
6220	0.14134528
6221	0.14145017
6222	0.14168270
6223	0.14205284
6224	0.14261124
6225	0.14343317
6226	0.14416470
6227	0.14503756
6228	0.14582668
6229	0.14711957
6230	0.14828368
6231	0.14937249
6232	0.15032193
6233	0.15131065
6234	0.15231147
6235	0.15331155
6236	0.15417437
6237	0.15478937
6238	0.15635657
6239	0.15749909
6240	0.15847073
6241	0.15995041
6242	0.16163686
6243	0.16372496
6244	0.16590251
6245	0.16840009
6246	0.17108141
6247	0.17388478
6248	0.17673446
6249	0.17953901
6250	0.18220297
6251	0.18470232
6252	0.18691047
6253	0.18885097
6254	0.19047250
6255	0.19182400
6256	0.19282374
6257	0.19358943
6258	0.19446464
6259	0.19463070
6260	0.19173615
6261	0.19361241
6262	0.19824527
6263	0.20146574
6264	0.20368621
6265	0.20482969
6266	0.20475864
6267	0.20505048
6268	0.20556454
6269	0.20563959
6270	0.20520459
6271	0.20473811
6272	0.20405665
6273	0.20356980
6274	0.20317869
6275	0.20345545
6276	0.20343421
6277	0.20365517
6278	0.20378938
6279	0.20382264
6280	0.20360327
6281	0.20379460
6282	0.20377374
6283	0.20402381
6284	0.20390840
6285	0.20374997
6286	0.20360096
6287	0.20343271
6288	0.20319660
6289	0.20287690
6290	0.20211321
6291	0.20163171
6292	0.20100094
6293	0.20031455
6294	0.19948478
6295	0.19861339
6296	0.19789417
6297	0.19681053
6298	0.19559355
6299	0.19418536
6300	0.19266310
6301	0.19106627
6302	0.18954059
6303	0.18809690
6304	0.18693709
6305	0.18616240
6306	0.18585095
6307	0.18574284
6308	0.18584335
6309	0.18594599
6310	0.18621251
6311	0.18655027
6312	0.18702419
6313	0.18744583
6314	0.18783274
6315	0.18808952
6316	0.18809839
6317	0.18787204
6318	0.18735328
6319	0.18649080
6320	0.18520591
6321	0.18344949
6322	0.18162335
6323	0.17968249
6324	0.17739283
6325	0.17490152
6326	0.17229557
6327	0.16961639
6328	0.16677938
6329	0.16397002
6330	0.16105469
6331	0.15810238
6332	0.15506880
6333	0.15196669
6334	0.14875337
6335	0.14557314
6336	0.14242496
6337	0.13936652
6338	0.13646939
6339	0.13383754
6340	0.13133419
6341	0.12901919
6342	0.12701739
6343	0.12527983
6344	0.12389855
6345	0.12277179
6346	0.12198628
6347	0.12146673
6348	0.12111869
6349	0.12124310
6350	0.12145535
6351	0.12201294
6352	0.12263975
6353	0.12353081
6354	0.12447691
6355	0.12589499
6356	0.12728631
6357	0.12893932
6358	0.13060218
6359	0.13241307
6360	0.13436192
6361	0.13628213
6362	0.13823535
6363	0.14027372
6364	0.14236179
6365	0.14459813
6366	0.14678165
6367	0.14876099
6368	0.15182090
6369	0.15433136
6370	0.15710807
6371	0.16012388
6372	0.16356871
6373	0.16693579
6374	0.17057291
6375	0.17437771
6376	0.17824367
6377	0.18212982
6378	0.18595049
6379	0.18951000
6380	0.19284816
6381	0.19581917
6382	0.19837955
6383	0.20051891
6384	0.20230101
6385	0.20377597
6386	0.20494874
6387	0.20584463
6388	0.20646061
6389	0.20725648
6390	0.20732976
6391	0.20478682
6392	0.20658246
6393	0.21151718
6394	0.21556082
6395	0.21822472
6396	0.21967331
6397	0.21934357
6398	0.21960603
6399	0.22010042
6400	0.22018495
6401	0.21990657
6402	0.21907020
6403	0.21851344
6404	0.21812479
6405	0.21806829
6406	0.21809430
6407	0.21809959
6408	0.21819316
6409	0.21839209
6410	0.21847625
6411	0.21841526
6412	0.21837655
6413	0.21817678
6414	0.21841578
6415	0.21812969
6416	0.21799187
6417	0.21778718
6418	0.21761659
6419	0.21735166
6420	0.21699017
6421	0.21615064
6422	0.21557660
6423	0.21486349
6424	0.21411234
6425	0.21321294
6426	0.21226934
6427	0.21153194
6428	0.21048228
6429	0.20917054
6430	0.20781991
6431	0.20636129
6432	0.20484389
6433	0.20327713
6434	0.20196226
6435	0.20092417
6436	0.20000057
6437	0.19956419
6438	0.19939922
6439	0.19923525
6440	0.19910543
6441	0.19901364
6442	0.19910920
6443	0.19930528
6444	0.19949876
6445	0.19972818
6446	0.19981796
6447	0.19975491
6448	0.19950734
6449	0.19890299
6450	0.19799095
6451	0.19657946
6452	0.19516198
6453	0.19340052
6454	0.19136907
6455	0.18914822
6456	0.18677479
6457	0.18429151
6458	0.18162504
6459	0.17902751
6460	0.17633311
6461	0.17357004
6462	0.17073824
6463	0.16778186
6464	0.16476455
6465	0.16168901
6466	0.15858960
6467	0.15554857
6468	0.15251249
6469	0.14963159
6470	0.14685054
6471	0.14449532
6472	0.14202629
6473	0.13975810
6474	0.13783839
6475	0.13601650
6476	0.13452812
6477	0.13334812
6478	0.13211735
6479	0.13121440
6480	0.13043772
6481	0.12996596
6482	0.12959716
6483	0.12942059
6484	0.12924427
6485	0.12940311
6486	0.12942818
6487	0.12983072
6488	0.13023603
6489	0.13092247
6490	0.13139278
6491	0.13193262
6492	0.13267705
6493	0.13328946
6494	0.13378523
6495	0.13428549
6496	0.13469629
6497	0.13505074
6498	0.13525937
6499	0.13547145
6500	0.13524714
6501	0.13569760
6502	0.13566519
6503	0.13584524
6504	0.13617328
6505	0.13666151
6506	0.13733417
6507	0.13837406
6508	0.13921562
6509	0.14019777
6510	0.14112929
6511	0.14192058
6512	0.14252691
6513	0.14289048
6514	0.14303590
6515	0.14293787
6516	0.14265710
6517	0.14219262
6518	0.14161313
6519	0.14089708
6520	0.14037578
6521	0.14020723
6522	0.13910599
6523	0.13714510
6524	0.14048688
6525	0.14489342
6526	0.14651300
6527	0.14791331
6528	0.14765145
6529	0.14758003
6530	0.14784960
6531	0.14722139
6532	0.14772584
6533	0.14748235
6534	0.14718148
6535	0.14656956
6536	0.14619486
6537	0.14606011
6538	0.14592342
6539	0.14592227
6540	0.14600281
6541	0.14603677
6542	0.14603545
6543	0.14601576
6544	0.14560653
6545	0.14550570
6546	0.14528061
6547	0.14519849
6548	0.14502075
6549	0.14483309
6550	0.14463097
6551	0.14428125
6552	0.14394563
6553	0.14340304
6554	0.14279102
6555	0.14213219
6556	0.14138858
6557	0.14062396
6558	0.14006868
6559	0.13915755
6560	0.13817495
6561	0.13712281
6562	0.13610324
6563	0.13528354
6564	0.13458776
6565	0.13407362
6566	0.13393803
6567	0.13386086
6568	0.13422108
6569	0.13486466
6570	0.13563894
6571	0.13647237
6572	0.13729693
6573	0.13840467
6574	0.13962780
6575	0.14083913
6576	0.14214224
6577	0.14337113
6578	0.14449166
6579	0.14546023
6580	0.14620176
6581	0.14661457
6582	0.14664733
6583	0.14649996
6584	0.14621592
6585	0.14556997
6586	0.14471251
6587	0.14357746
6588	0.14229704
6589	0.14084145
6590	0.13921323
6591	0.13756670
6592	0.13575007
6593	0.13386789
6594	0.13179784
6595	0.12975712
6596	0.12760769
6597	0.12550609
6598	0.12345363
6599	0.12155007
6600	0.11968780
6601	0.11810582
6602	0.11660068
6603	0.11525535
6604	0.11407837
6605	0.11320128
6606	0.11255615
6607	0.11212598
6608	0.11189714
6609	0.11190023
6610	0.11214772
6611	0.11256629
6612	0.11323970
6613	0.11403139
6614	0.11478253
6615	0.11583579
6616	0.11709749
6617	0.11846964
6618	0.12005029
6619	0.12151623
6620	0.12315383
6621	0.12474422
6622	0.12631547
6623	0.12788276
6624	0.12947948
6625	0.13102315
6626	0.13258226
6627	0.13399272
6628	0.13561143
6629	0.13736218
6630	0.13886684
6631	0.14061785
6632	0.14264926
6633	0.14488278
6634	0.14751960
6635	0.15014428
6636	0.15301694
6637	0.15604785
6638	0.15911055
6639	0.16215338
6640	0.16498721
6641	0.16765524
6642	0.16984463
6643	0.17154150
6644	0.17283632
6645	0.17364670
6646	0.17419320
6647	0.17440853
6648	0.17449874
6649	0.17438170
6650	0.17424710
6651	0.17422110
6652	0.17438559
6653	0.17198221
6654	0.17330024
6655	0.17827737
6656	0.18266152
6657	0.18521005
6658	0.18651047
6659	0.18624075
6660	0.18651924
6661	0.18707235
6662	0.18727337
6663	0.18711223
6664	0.18674926
6665	0.18587811
6666	0.18535002
6667	0.18466471
6668	0.18515292
6669	0.18534294
6670	0.18538423
6671	0.18541068
6672	0.18533863
6673	0.18501921
6674	0.18501286
6675	0.18487532
6676	0.18491861
6677	0.18453300
6678	0.18436182
6679	0.18414727
6680	0.18434387
6681	0.18386115
6682	0.18342559
6683	0.18285835
6684	0.18191828
6685	0.18119311
6686	0.18036045
6687	0.17946282
6688	0.17848259
6689	0.17747408
6690	0.17664473
6691	0.17542931
6692	0.17413287
6693	0.17276703
6694	0.17144574
6695	0.17028214
6696	0.16927592
6697	0.16858932
6698	0.16787440
6699	0.16755064
6700	0.16751702
6701	0.16767992
6702	0.16808225
6703	0.16864555
6704	0.16940616
6705	0.17044541
6706	0.17155372
6707	0.17272854
6708	0.17383789
6709	0.17480691
6710	0.17559598
6711	0.17607722
6712	0.17634369
6713	0.17622240
6714	0.17565098
6715	0.17483243
6716	0.17402522
6717	0.17275809
6718	0.17132595
6719	0.16963916
6720	0.16782883
6721	0.16577701
6722	0.16363640
6723	0.16135557
6724	0.15892430
6725	0.15635774
6726	0.15375321
6727	0.15107085
6728	0.14850883
6729	0.14600734
6730	0.14364122
6731	0.14143042
6732	0.13975407
6733	0.13770251
6734	0.13617767
6735	0.13501018
6736	0.13407476
6737	0.13338389
6738	0.13303192
6739	0.13296488
6740	0.13307591
6741	0.13365138
6742	0.13436602
6743	0.13533714
6744	0.13635445
6745	0.13772923
6746	0.13920318
6747	0.14077309
6748	0.14236130
6749	0.14444982
6750	0.14651087
6751	0.14846891
6752	0.15048447
6753	0.15233150
6754	0.15424748
6755	0.15608428
6756	0.15783253
6757	0.15943892
6758	0.16144842
6759	0.16307323
6760	0.16474739
6761	0.16627125
6762	0.16809954
6763	0.17020474
6764	0.17234266
6765	0.17477567
6766	0.17740087
6767	0.18024649
6768	0.18316232
6769	0.18609452
6770	0.18900084
6771	0.19167535
6772	0.19410308
6773	0.19615728
6774	0.19781379
6775	0.19914088
6776	0.20013891
6777	0.20079587
6778	0.20118394
6779	0.20136924
6780	0.20153239
6781	0.20185128
6782	0.20138070
6783	0.19954373
6784	0.20180957
6785	0.20641246
6786	0.21016921
6787	0.21317247
6788	0.21407241
6789	0.21348061
6790	0.21337478
6791	0.21349473
6792	0.21337365
6793	0.21311590
6794	0.21231744
6795	0.21177232
6796	0.21142495
6797	0.21126977
6798	0.21133670
6799	0.21087359
6800	0.21085815
6801	0.21091646
6802	0.21064386
6803	0.21044992
6804	0.21006835
6805	0.20993404
6806	0.21013719
6807	0.20975795
6808	0.20942175
6809	0.20919885
6810	0.20886086
6811	0.20847207
6812	0.20800430
6813	0.20736276
6814	0.20637496
6815	0.20560350
6816	0.20481180
6817	0.20396198
6818	0.20307051
6819	0.20244157
6820	0.20133868
6821	0.20018011
6822	0.19894736
6823	0.19766271
6824	0.19643365
6825	0.19532654
6826	0.19441281
6827	0.19375676
6828	0.19301428
6829	0.19267899
6830	0.19266106
6831	0.19270785
6832	0.19291289
6833	0.19321796
6834	0.19366591
6835	0.19418140
6836	0.19462475
6837	0.19502115
6838	0.19520664
6839	0.19507214
6840	0.19466910
6841	0.19398256
6842	0.19296502
6843	0.19168723
6844	0.18994734
6845	0.18805198
6846	0.18599582
6847	0.18375087
6848	0.18135484
6849	0.17873855
6850	0.17609936
6851	0.17341496
6852	0.17058319
6853	0.16765027
6854	0.16461381
6855	0.16153072
6856	0.15835999
6857	0.15528314
6858	0.15225032
6859	0.14930183
6860	0.14647944
6861	0.14380603
6862	0.14152707
6863	0.13930418
6864	0.13720235
6865	0.13544706
6866	0.13397832
6867	0.13279362
6868	0.13189805
6869	0.13126153
6870	0.13087745
6871	0.13065578
6872	0.13079052
6873	0.13115028
6874	0.13157845
6875	0.13208942
6876	0.13290611
6877	0.13379055
6878	0.13476935
6879	0.13576294
6880	0.13703969
6881	0.13818501
6882	0.13939810
6883	0.14047971
6884	0.14144546
6885	0.14237000
6886	0.14321512
6887	0.14396262
6888	0.14454179
6889	0.14507797
6890	0.14569259
6891	0.14615990
6892	0.14642575
6893	0.14693974
6894	0.14757307
6895	0.14825159
6896	0.14921683
6897	0.14995350
6898	0.15069735
6899	0.15129209
6900	0.15153235
6901	0.15131116
6902	0.15090269
6903	0.15020292
6904	0.14917298
6905	0.14831212
6906	0.14683695
6907	0.14526273
6908	0.14354897
6909	0.14210244
6910	0.14096682
6911	0.14057240
6912	0.13754639
6913	0.13825691
6914	0.14318930
6915	0.14773238
6916	0.14954133
6917	0.15074579
6918	0.15006609
6919	0.15009336
6920	0.15021886
6921	0.14971489
6922	0.14985475
6923	0.14984658
6924	0.14945807
6925	0.14901996
6926	0.14887342
6927	0.14900616
6928	0.14931354
6929	0.14963548
6930	0.14996108
6931	0.15013766
6932	0.15013547
6933	0.14998280
6934	0.14979912
6935	0.14984530
6936	0.14965315
6937	0.14954497
6938	0.14934188
6939	0.14910004
6940	0.14877760
6941	0.14887439
6942	0.14825588
6943	0.14720030
6944	0.14646639
6945	0.14561410
6946	0.14468931
6947	0.14370690
6948	0.14272286
6949	0.14197388
6950	0.14085072
6951	0.13961297
6952	0.13834326
6953	0.13705872
6954	0.13586786
6955	0.13493513
6956	0.13426447
6957	0.13385615
6958	0.13347711
6959	0.13353212
6960	0.13391706
6961	0.13473544
6962	0.13592352
6963	0.13729832
6964	0.13889746
6965	0.14066528
6966	0.14243382
6967	0.14406294
6968	0.14546616
6969	0.14652240
6970	0.14718303
6971	0.14740179
6972	0.14712033
6973	0.14634053
6974	0.14491729
6975	0.14330733
6976	0.14148425
6977	0.13932386
6978	0.13694164
6979	0.13443340
6980	0.13183752
6981	0.12913598
6982	0.12639686
6983	0.12364995
6984	0.12078378
6985	0.11790201
6986	0.11498076
6987	0.11203830
6988	0.10924594
6989	0.10658170
6990	0.10411379
6991	0.10190050
6992	0.10009827
6993	0.09847061
6994	0.09705760
6995	0.09601524
6996	0.09524529
6997	0.09466774
6998	0.09416994
6999	0.09410593
7000	0.09431089
7001	0.09482717
7002	0.09544438
7003	0.09631781
7004	0.09726664
7005	0.09836941
7006	0.09969976
7007	0.10110166
7008	0.10271531
7009	0.10421722
7010	0.10581703
7011	0.10748053
7012	0.10933219
7013	0.11109493
7014	0.11286983
7015	0.11463878
7016	0.11641440
7017	0.11816092
7018	0.11994270
7019	0.12188961
7020	0.12382791
7021	0.12545782
7022	0.12808035
7023	0.13053800
7024	0.13330078
7025	0.13632053
7026	0.13962778
7027	0.14337544
7028	0.14699653
7029	0.15080202
7030	0.15455699
7031	0.15817128
7032	0.16167939
7033	0.16482912
7034	0.16769405
7035	0.17022878
7036	0.17244925
7037	0.17431207
7038	0.17589658
7039	0.17726800
7040	0.17841661
7041	0.17957622
7042	0.18062018
7043	0.18036309
7044	0.17894405
7045	0.18178505
7046	0.18645863
7047	0.18870448
7048	0.19104214
7049	0.19109811
7050	0.19061789
7051	0.19062649
7052	0.19088621
7053	0.19103888
7054	0.19066545
7055	0.19038521
7056	0.18996936
7057	0.18955649
7058	0.18953836
7059	0.18966518
7060	0.18986601
7061	0.18976793
7062	0.18996605
7063	0.19008200
7064	0.19009005
7065	0.19010217
7066	0.19007015
7067	0.19002642
7068	0.19038469
7069	0.19029389
7070	0.19023666
7071	0.19013113
7072	0.18995282
7073	0.18964419
7074	0.18885159
7075	0.18830261
7076	0.18760270
7077	0.18681632
7078	0.18594341
7079	0.18501729
7080	0.18430978
7081	0.18328227
7082	0.18211494
7083	0.18089655
7084	0.17959251
7085	0.17855071
7086	0.17764923
7087	0.17700189
7088	0.17659916
7089	0.17632058
7090	0.17645125
7091	0.17693110
7092	0.17752691
7093	0.17827055
7094	0.17912705
7095	0.17997916
7096	0.18079543
7097	0.18157853
7098	0.18220420
7099	0.18270345
7100	0.18304235
7101	0.18311000
7102	0.18297040
7103	0.18249173
7104	0.18168211
7105	0.18075365
7106	0.17966199
7107	0.17831552
7108	0.17678271
7109	0.17511958
7110	0.17336401
7111	0.17150746
7112	0.16953884
7113	0.16751197
7114	0.16543522
7115	0.16331567
7116	0.16114701
7117	0.15892555
7118	0.15678233
7119	0.15469857
7120	0.15284817
7121	0.15103865
7122	0.14948428
7123	0.14801858
7124	0.14660156
7125	0.14550361
7126	0.14460343
7127	0.14392628
7128	0.14348632
7129	0.14324783
7130	0.14320202
7131	0.14331347
7132	0.14381662
7133	0.14438999
7134	0.14521322
7135	0.14603700
7136	0.14715675
7137	0.14832513
7138	0.14954729
7139	0.15102470
7140	0.15243828
7141	0.15408112
7142	0.15577759
7143	0.15734917
7144	0.15880251
7145	0.16018847
7146	0.16150664
7147	0.16263372
7148	0.16358937
7149	0.16450889
7150	0.16552773
7151	0.16618232
7152	0.16674644
7153	0.16740517
7154	0.16819923
7155	0.16924980
7156	0.17032158
7157	0.17165177
7158	0.17326020
7159	0.17510249
7160	0.17710100
7161	0.17924485
7162	0.18143731
7163	0.18363377
7164	0.18567045
7165	0.18747038
7166	0.18928722
7167	0.19070847
7168	0.19181541
7169	0.19274509
7170	0.19342935
7171	0.19412471
7172	0.19488205
7173	0.19464988
7174	0.19214913
7175	0.19490367
7176	0.19997840
7177	0.20314611
7178	0.20573981
7179	0.20666124
7180	0.20629916
7181	0.20656523
7182	0.20675461
7183	0.20665693
7184	0.20642379
7185	0.20578599
7186	0.20481394
7187	0.20448785
7188	0.20434132
7189	0.20437172
7190	0.20389818
7191	0.20430547
7192	0.20408814
7193	0.20406176
7194	0.20405902
7195	0.20407104
7196	0.20399621
7197	0.20366505
7198	0.20341258
7199	0.20364957
7200	0.20323630
7201	0.20290554
7202	0.20246203
7203	0.20198725
7204	0.20099612
7205	0.20031698
7206	0.19945437
7207	0.19859533
7208	0.19763526
7209	0.19657974
7210	0.19578710
7211	0.19458614
7212	0.19321448
7213	0.19175039
7214	0.19009434
7215	0.18836442
7216	0.18665327
7217	0.18520233
7218	0.18407191
7219	0.18295299
7220	0.18234561
7221	0.18186928
7222	0.18140064
7223	0.18079719
7224	0.18019521
7225	0.17967021
7226	0.17919572
7227	0.17869228
7228	0.17812672
7229	0.17744115
7230	0.17665042
7231	0.17558707
7232	0.17432165
7233	0.17275950
7234	0.17086184
7235	0.16886783
7236	0.16689260
7237	0.16456771
7238	0.16210210
7239	0.15950958
7240	0.15686570
7241	0.15414467
7242	0.15134960
7243	0.14849359
7244	0.14556524
7245	0.14258330
7246	0.13949560
7247	0.13642378
7248	0.13331965
7249	0.13031325
7250	0.12738566
7251	0.12452632
7252	0.12181428
7253	0.11948212
7254	0.11723360
7255	0.11492162
7256	0.11309859
7257	0.11152895
7258	0.11023814
7259	0.10919136
7260	0.10843500
7261	0.10782029
7262	0.10755769
7263	0.10741954
7264	0.10759083
7265	0.10790324
7266	0.10827986
7267	0.10942986
7268	0.11012375
7269	0.11127827
7270	0.11248496
7271	0.11367439
7272	0.11524108
7273	0.11681130
7274	0.11843438
7275	0.12022995
7276	0.12211908
7277	0.12411199
7278	0.12620755
7279	0.12851577
7280	0.13070975
7281	0.13344955
7282	0.13571198
7283	0.13858472
7284	0.14165543
7285	0.14502782
7286	0.14883618
7287	0.15272073
7288	0.15687624
7289	0.16129209
7290	0.16580600
7291	0.17042078
7292	0.17501165
7293	0.17940511
7294	0.18364559
7295	0.18746573
7296	0.19081430
7297	0.19367507
7298	0.19600412
7299	0.19785389
7300	0.19916056
7301	0.20005541
7302	0.20090073
7303	0.20013323
7304	0.19793245
7305	0.20110066
7306	0.20704319
7307	0.21034963
7308	0.21350218
7309	0.21428008
7310	0.21367706
7311	0.21390849
7312	0.21434316
7313	0.21446389
7314	0.21425417
7315	0.21375348
7316	0.21316271
7317	0.21281397
7318	0.21264471
7319	0.21303473
7320	0.21337162
7321	0.21349300
7322	0.21334217
7323	0.21310332
7324	0.21314773
7325	0.21336618
7326	0.21329887
7327	0.21317333
7328	0.21289735
7329	0.21285273
7330	0.21309537
7331	0.21294509
7332	0.21265203
7333	0.21230970
7334	0.21151590
7335	0.21096714
7336	0.21037050
7337	0.20961031
7338	0.20937273
7339	0.20783381
7340	0.20707314
7341	0.20589855
7342	0.20457543
7343	0.20302740
7344	0.20138131
7345	0.19955766
7346	0.19772795
7347	0.19603495
7348	0.19460043
7349	0.19365095
7350	0.19325580
7351	0.19293395
7352	0.19261932
7353	0.19220747
7354	0.19183935
7355	0.19163060
7356	0.19141977
7357	0.19119495
7358	0.19087185
7359	0.19041651
7360	0.18970875
7361	0.18870416
7362	0.18740827
7363	0.18574813
7364	0.18352975
7365	0.18116751
7366	0.17879015
7367	0.17601570
7368	0.17306092
7369	0.16999425
7370	0.16685064
7371	0.16358444
7372	0.16034102
7373	0.15707670
7374	0.15375970
7375	0.15039811
7376	0.14705300
7377	0.14366844
7378	0.14032859
7379	0.13702740
7380	0.13385183
7381	0.13089366
7382	0.12815015
7383	0.12558854
7384	0.12313969
7385	0.12097804
7386	0.11913648
7387	0.11758381
7388	0.11628507
7389	0.11534642
7390	0.11470731
7391	0.11440610
7392	0.11423649
7393	0.11458375
7394	0.11502041
7395	0.11586563
7396	0.11678282
7397	0.11816590
7398	0.11972233
7399	0.12116307
7400	0.12296526
7401	0.12461073
7402	0.12671770
7403	0.12868655
7404	0.13066974
7405	0.13268715
7406	0.13471057
7407	0.13667265
7408	0.13846162
7409	0.14014275
7410	0.14183962
7411	0.14302838
7412	0.14401042
7413	0.14489065
7414	0.14567403
7415	0.14671259
7416	0.14714861
7417	0.14774695
7418	0.14839759
7419	0.14900135
7420	0.14957021
7421	0.15005878
7422	0.15037826
7423	0.15030813
7424	0.15004393
7425	0.14959894
7426	0.14896250
7427	0.14798255
7428	0.14719579
7429	0.14592250
7430	0.14458896
7431	0.14329271
7432	0.14226013
7433	0.14184909
7434	0.14098284
7435	0.13867377
7436	0.14193593
7437	0.14719033
7438	0.15021163
7439	0.15179548
7440	0.15163071
7441	0.15120903
7442	0.15133353
7443	0.15110652
7444	0.15086329
7445	0.15079583
7446	0.15035355
7447	0.14943619
7448	0.14903457
7449	0.14890279
7450	0.14881694
7451	0.14868219
7452	0.14864342
7453	0.14863741
7454	0.14858727
7455	0.14863838
7456	0.14857499
7457	0.14842393
7458	0.14811206
7459	0.14765894
7460	0.14730172
7461	0.14705579
7462	0.14684209
7463	0.14651501
7464	0.14607628
7465	0.14557563
7466	0.14489537
7467	0.14420547
7468	0.14339978
7469	0.14258060
7470	0.14198633
7471	0.14102158
7472	0.13988343
7473	0.13871525
7474	0.13739294
7475	0.13604465
7476	0.13477406
7477	0.13375123
7478	0.13286345
7479	0.13233551
7480	0.13219933
7481	0.13221397
7482	0.13234505
7483	0.13260299
7484	0.13295083
7485	0.13354254
7486	0.13432564
7487	0.13512982
7488	0.13598356
7489	0.13679257
7490	0.13740571
7491	0.13784075
7492	0.13798220
7493	0.13770404
7494	0.13703123
7495	0.13625003
7496	0.13527331
7497	0.13387452
7498	0.13224889
7499	0.13039877
7500	0.12847860
7501	0.12644698
7502	0.12432957
7503	0.12212266
7504	0.11981196
7505	0.11739556
7506	0.11483452
7507	0.11212299
7508	0.10935779
7509	0.10651352
7510	0.10367422
7511	0.10093290
7512	0.09831315
7513	0.09590452
7514	0.09355813
7515	0.09133363
7516	0.08941938
7517	0.08772217
7518	0.08624616
7519	0.08512514
7520	0.08421741
7521	0.08361169
7522	0.08325993
7523	0.08305924
7524	0.08331803
7525	0.08367772
7526	0.08471788
7527	0.08536994
7528	0.08646470
7529	0.08748357
7530	0.08881923
7531	0.09027509
7532	0.09164296
7533	0.09355937
7534	0.09546735
7535	0.09717508
7536	0.09909379
7537	0.10096758
7538	0.10285006
7539	0.10472434
7540	0.10683128
7541	0.10884177
7542	0.11068336
7543	0.11294038
7544	0.11533123
7545	0.11787970
7546	0.12073214
7547	0.12387738
7548	0.12737098
7549	0.13091695
7550	0.13463910
7551	0.13840356
7552	0.14209120
7553	0.14553057
7554	0.14873520
7555	0.15140817
7556	0.15361984
7557	0.15530069
7558	0.15647303
7559	0.15718640
7560	0.15750238
7561	0.15750964
7562	0.15721372
7563	0.15698430
7564	0.15672551
7565	0.15596519
7566	0.15405683
7567	0.15593022
7568	0.16034770
7569	0.16396220
7570	0.16641754
7571	0.16696505
7572	0.16613325
7573	0.16617168
7574	0.16633609
7575	0.16643974
7576	0.16590890
7577	0.16542077
7578	0.16466343
7579	0.16360854
7580	0.16349134
7581	0.16348891
7582	0.16341162
7583	0.16344063
7584	0.16346315
7585	0.16349426
7586	0.16353339
7587	0.16352159
7588	0.16331543
7589	0.16300695
7590	0.16262859
7591	0.16261260
7592	0.16246462
7593	0.16226882
7594	0.16208999
7595	0.16189644
7596	0.16152504
7597	0.16107027
7598	0.16051222
7599	0.15982673
7600	0.15912281
7601	0.15826401
7602	0.15765856
7603	0.15663154
7604	0.15556587
7605	0.15441640
7606	0.15331665
7607	0.15246896
7608	0.15183032
7609	0.15149572
7610	0.15128817
7611	0.15158705
7612	0.15214072
7613	0.15274271
7614	0.15356678
7615	0.15446736
7616	0.15552659
7617	0.15679033
7618	0.15815340
7619	0.15955392
7620	0.16094868
7621	0.16215171
7622	0.16323432
7623	0.16405945
7624	0.16455142
7625	0.16464053
7626	0.16424544
7627	0.16390893
7628	0.16306835
7629	0.16193366
7630	0.16053933
7631	0.15889543
7632	0.15704824
7633	0.15505148
7634	0.15290818
7635	0.15064234
7636	0.14822538
7637	0.14561252
7638	0.14288203
7639	0.13997929
7640	0.13699189
7641	0.13397428
7642	0.13096671
7643	0.12802441
7644	0.12524907
7645	0.12267142
7646	0.12016465
7647	0.11785540
7648	0.11584945
7649	0.11411941
7650	0.11260359
7651	0.11137729
7652	0.11041214
7653	0.10970588
7654	0.10912383
7655	0.10900293
7656	0.10899281
7657	0.10927495
7658	0.10967119
7659	0.11072567
7660	0.11153735
7661	0.11261375
7662	0.11382157
7663	0.11498585
7664	0.11655439
7665	0.11805438
7666	0.11956394
7667	0.12117048
7668	0.12280489
7669	0.12451262
7670	0.12616678
7671	0.12795219
7672	0.12947474
7673	0.13139141
7674	0.13270707
7675	0.13446015
7676	0.13630231
7677	0.13828762
7678	0.14064237
7679	0.14272733
7680	0.14508040
7681	0.14747655
7682	0.14983153
7683	0.15204830
7684	0.15401012
7685	0.15564105
7686	0.15683435
7687	0.15750074
7688	0.15770322
7689	0.15729594
7690	0.15645352
7691	0.15514390
7692	0.15344834
7693	0.15155192
7694	0.14958456
7695	0.14797936
7696	0.14619923
7697	0.14351159
7698	0.14586274
7699	0.15082797
7700	0.15425867
7701	0.15658219
7702	0.15655339
7703	0.15588702
7704	0.15609141
7705	0.15643033
7706	0.15608129
7707	0.15585819
7708	0.15484095
7709	0.15440550
7710	0.15411212
7711	0.15383841
7712	0.15377685
7713	0.15375435
7714	0.15378578
7715	0.15380241
7716	0.15374687
7717	0.15364589
7718	0.15358262
7719	0.15330400
7720	0.15283684
7721	0.15261567
7722	0.15239607
7723	0.15212581
7724	0.15176354
7725	0.15135556
7726	0.15082711
7727	0.15026866
7728	0.14955825
7729	0.14875565
7730	0.14783755
7731	0.14683895
7732	0.14612699
7733	0.14500210
7734	0.14377287
7735	0.14239746
7736	0.14094642
7737	0.13945463
7738	0.13790664
7739	0.13652131
7740	0.13535871
7741	0.13447405
7742	0.13366963
7743	0.13317642
7744	0.13298421
7745	0.13287251
7746	0.13272144
7747	0.13269413
7748	0.13279451
7749	0.13299830
7750	0.13322268
7751	0.13333519
7752	0.13346146
7753	0.13342580
7754	0.13318135
7755	0.13272645
7756	0.13200049
7757	0.13082795
7758	0.12956372
7759	0.12826385
7760	0.12664695
7761	0.12481064
7762	0.12279658
7763	0.12069967
7764	0.11850218
7765	0.11617043
7766	0.11385407
7767	0.11141849
7768	0.10894167
7769	0.10641158
7770	0.10378912
7771	0.10117760
7772	0.09849651
7773	0.09590832
7774	0.09343390
7775	0.09102893
7776	0.08880319
7777	0.08667248
7778	0.08467280
7779	0.08288864
7780	0.08130078
7781	0.07979478
7782	0.07861044
7783	0.07758946
7784	0.07681298
7785	0.07615370
7786	0.07592232
7787	0.07572088
7788	0.07615597
7789	0.07632971
7790	0.07694482
7791	0.07759807
7792	0.07835428
7793	0.07937848
7794	0.08058408
7795	0.08180039
7796	0.08339226
7797	0.08497357
7798	0.08672521
7799	0.08841646
7800	0.09025706
7801	0.09215041
7802	0.09406032
7803	0.09625846
7804	0.09841850
7805	0.10073555
7806	0.10305787
7807	0.10584680
7808	0.10889423
7809	0.11227427
7810	0.11594003
7811	0.11986446
7812	0.12428375
7813	0.12864290
7814	0.13313489
7815	0.13765958
7816	0.14197241
7817	0.14613767
7818	0.14985719
7819	0.15306814
7820	0.15571266
7821	0.15773411
7822	0.15914114
7823	0.16001062
7824	0.16034187
7825	0.16019508
7826	0.15970942
7827	0.15914272
7828	0.15877780
7829	0.15619116
7830	0.15590638
7831	0.15985571
7832	0.16516460
7833	0.16831414
7834	0.17036274
7835	0.16988544
7836	0.16990227
7837	0.17082351
7838	0.17146857
7839	0.17156255
7840	0.17141296
7841	0.17101192
7842	0.17031632
7843	0.17009911
7844	0.17038462
7845	0.17087622
7846	0.17126897
7847	0.17137285
7848	0.17146517
7849	0.17131177
7850	0.17110234
7851	0.17066836
7852	0.17058614
7853	0.17040992
7854	0.17009342
7855	0.16996406
7856	0.16987699
7857	0.16974770
7858	0.16955160
7859	0.16928202
7860	0.16884057
7861	0.16826485
7862	0.16765621
7863	0.16752863
7864	0.16617779
7865	0.16554923
7866	0.16460679
7867	0.16361395
7868	0.16248789
7869	0.16131568
7870	0.16013156
7871	0.15907148
7872	0.15814067
7873	0.15749907
7874	0.15703255
7875	0.15707090
7876	0.15736055
7877	0.15770030
7878	0.15790485
7879	0.15798597
7880	0.15823695
7881	0.15849155
7882	0.15880716
7883	0.15913984
7884	0.15946576
7885	0.15973477
7886	0.15991560
7887	0.16005234
7888	0.16002467
7889	0.15987879
7890	0.15948290
7891	0.15909307
7892	0.15844610
7893	0.15774775
7894	0.15689805
7895	0.15592837
7896	0.15481029
7897	0.15367348
7898	0.15243647
7899	0.15115656
7900	0.14974831
7901	0.14826252
7902	0.14661700
7903	0.14487164
7904	0.14309089
7905	0.14123234
7906	0.13935925
7907	0.13746540
7908	0.13576613
7909	0.13396977
7910	0.13217381
7911	0.13059653
7912	0.12912378
7913	0.12784880
7914	0.12687093
7915	0.12588575
7916	0.12493712
7917	0.12432031
7918	0.12387700
7919	0.12348817
7920	0.12349035
7921	0.12360950
7922	0.12381054
7923	0.12413967
7924	0.12461133
7925	0.12532604
7926	0.12611920
7927	0.12694484
7928	0.12764938
7929	0.12879525
7930	0.12982790
7931	0.13082168
7932	0.13188735
7933	0.13293700
7934	0.13398679
7935	0.13497065
7936	0.13604139
7937	0.13657954
7938	0.13811056
7939	0.13906679
7940	0.14031927
7941	0.14180292
7942	0.14353967
7943	0.14564055
7944	0.14776781
7945	0.15013470
7946	0.15264720
7947	0.15525588
7948	0.15790217
7949	0.16044022
7950	0.16267239
7951	0.16501530
7952	0.16685359
7953	0.16838227
7954	0.16957794
7955	0.17048955
7956	0.17118688
7957	0.17172360
7958	0.17216545
7959	0.17260639
7960	0.17321599
7961	0.17367934
7962	0.17199442
7963	0.17438328
7964	0.17884192
7965	0.18138410
7966	0.18322253
7967	0.18373162
7968	0.18337736
7969	0.18384252
7970	0.18435648
7971	0.18448040
7972	0.18441874
7973	0.18381362
7974	0.18344128
7975	0.18263914
7976	0.18293349
7977	0.18308905
7978	0.18322596
7979	0.18325993
7980	0.18322688
7981	0.18284442
7982	0.18280505
7983	0.18280756
7984	0.18276948
7985	0.18259394
7986	0.18242829
7987	0.18231076
7988	0.18210766
7989	0.18226270
7990	0.18190835
7991	0.18145275
7992	0.18052928
7993	0.17997153
7994	0.17919493
7995	0.17844711
7996	0.17760749
7997	0.17676395
7998	0.17609033
7999	0.17503996
8000	0.17392737
8001	0.17268655
8002	0.17134446
8003	0.17014666
8004	0.16916515
8005	0.16835131
8006	0.16777734
8007	0.16720635
8008	0.16691314
8009	0.16703993
8010	0.16738196
8011	0.16804041
8012	0.16868478
8013	0.16943614
8014	0.17030826
8015	0.17107631
8016	0.17171544
8017	0.17217176
8018	0.17239709
8019	0.17240284
8020	0.17208464
8021	0.17145962
8022	0.17048708
8023	0.16912667
8024	0.16764426
8025	0.16601212
8026	0.16419439
8027	0.16226141
8028	0.16020665
8029	0.15805857
8030	0.15596598
8031	0.15381387
8032	0.15157935
8033	0.14937282
8034	0.14708351
8035	0.14482276
8036	0.14255233
8037	0.14035583
8038	0.13818398
8039	0.13622180
8040	0.13457091
8041	0.13291484
8042	0.13143691
8043	0.12992688
8044	0.12887865
8045	0.12815788
8046	0.12757115
8047	0.12721737
8048	0.12712015
8049	0.12713897
8050	0.12754861
8051	0.12807825
8052	0.12887934
8053	0.12966061
8054	0.13087429
8055	0.13212936
8056	0.13347670
8057	0.13518064
8058	0.13684191
8059	0.13852857
8060	0.14023681
8061	0.14196257
8062	0.14363214
8063	0.14531860
8064	0.14696681
8065	0.14851023
8066	0.14982578
8067	0.15161875
8068	0.15303898
8069	0.15436186
8070	0.15584466
8071	0.15749405
8072	0.15947627
8073	0.16143239
8074	0.16377994
8075	0.16637188
8076	0.16925550
8077	0.17236070
8078	0.17567141
8079	0.17906173
8080	0.18256353
8081	0.18603326
8082	0.18940377
8083	0.19265182
8084	0.19571595
8085	0.19858736
8086	0.20134497
8087	0.20397428
8088	0.20647952
8089	0.20883451
8090	0.21108708
8091	0.21326324
8092	0.21479090
8093	0.21451545
8094	0.21492863
8095	0.21833983
8096	0.22164866
8097	0.22356853
8098	0.22515324
8099	0.22540833
8100	0.22574784
8101	0.22627257
8102	0.22661003
8103	0.22654435
8104	0.22634757
8105	0.22578013
8106	0.22501574
8107	0.22482210
8108	0.22480851
8109	0.22435598
8110	0.22441351
8111	0.22448289
8112	0.22450675
8113	0.22464316
8114	0.22471869
8115	0.22470815
8116	0.22493394
8117	0.22461294
8118	0.22440045
8119	0.22417971
8120	0.22398885
8121	0.22366746
8122	0.22331746
8123	0.22247659
8124	0.22185944
8125	0.22111772
8126	0.22032480
8127	0.21942362
8128	0.21851204
8129	0.21780331
8130	0.21676643
8131	0.21553856
8132	0.21426685
8133	0.21294007
8134	0.21162288
8135	0.21044633
8136	0.20950808
8137	0.20882796
8138	0.20823716
8139	0.20813657
8140	0.20821193
8141	0.20865852
8142	0.20931530
8143	0.21003574
8144	0.21077891
8145	0.21167840
8146	0.21261054
8147	0.21347511
8148	0.21425804
8149	0.21485516
8150	0.21522187
8151	0.21532550
8152	0.21505100
8153	0.21440631
8154	0.21325226
8155	0.21183115
8156	0.21032029
8157	0.20853119
8158	0.20647225
8159	0.20426212
8160	0.20201471
8161	0.19976141
8162	0.19755284
8163	0.19554369
8164	0.19367535
8165	0.19197510
8166	0.19052067
8167	0.18924801
8168	0.18822791
8169	0.18730499
8170	0.18649791
8171	0.18573955
8172	0.18519109
8173	0.18426870
8174	0.18345033
8175	0.18262812
8176	0.18177360
8177	0.18107589
8178	0.17992899
8179	0.17897983
8180	0.17795712
8181	0.17709619
8182	0.17621855
8183	0.17588171
8184	0.17469615
8185	0.17417166
8186	0.17370448
8187	0.17337728
8188	0.17321460
8189	0.17317997
8190	0.17343819
8191	0.17372358
8192	0.17393692
8193	0.17425850
8194	0.17458445
8195	0.17481568
8196	0.17506310
8197	0.17547879
8198	0.17558204
8199	0.17575514
8200	0.17560935
8201	0.17570907
8202	0.17611478
8203	0.17650649
8204	0.17721725
8205	0.17817517
8206	0.17940965
8207	0.18093102
8208	0.18263532
8209	0.18451501
8210	0.18652460
8211	0.18844175
8212	0.19020033
8213	0.19242188
8214	0.19406423
8215	0.19556069
8216	0.19679998
8217	0.19780912
8218	0.19853273
8219	0.19901721
8220	0.19924389
8221	0.19939527
8222	0.19942136
8223	0.19883385
8224	0.19675714
8225	0.19826756
8226	0.20227782
8227	0.20574547
8228	0.20810476
8229	0.20863518
8230	0.20798515
8231	0.20813367
8232	0.20847899
8233	0.20868057
8234	0.20850867
8235	0.20821324
8236	0.20728949
8237	0.20687635
8238	0.20670226
8239	0.20669800
8240	0.20666912
8241	0.20642650
8242	0.20617218
8243	0.20620403
8244	0.20619579
8245	0.20608798
8246	0.20596151
8247	0.20556444
8248	0.20531902
8249	0.20553872
8250	0.20524387
8251	0.20491785
8252	0.20460631
8253	0.20423427
8254	0.20341125
8255	0.20288511
8256	0.20225085
8257	0.20157249
8258	0.20080651
8259	0.19996588
8260	0.19925268
8261	0.19810534
8262	0.19669788
8263	0.19509429
8264	0.19326228
8265	0.19135125
8266	0.18940289
8267	0.18765175
8268	0.18617857
8269	0.18519829
8270	0.18471214
8271	0.18454449
8272	0.18453857
8273	0.18457091
8274	0.18475305
8275	0.18514141
8276	0.18560083
8277	0.18602420
8278	0.18640611
8279	0.18646710
8280	0.18629442
8281	0.18573649
8282	0.18477015
8283	0.18344992
8284	0.18167371
8285	0.17945877
8286	0.17725886
8287	0.17465679
8288	0.17186169
8289	0.16892944
8290	0.16589503
8291	0.16283542
8292	0.15973352
8293	0.15668288
8294	0.15360811
8295	0.15049332
8296	0.14742248
8297	0.14429432
8298	0.14123288
8299	0.13823991
8300	0.13531838
8301	0.13245505
8302	0.12989803
8303	0.12746578
8304	0.12523183
8305	0.12309462
8306	0.12126982
8307	0.11968552
8308	0.11836683
8309	0.11727775
8310	0.11646006
8311	0.11585930
8312	0.11545431
8313	0.11544371
8314	0.11558887
8315	0.11608204
8316	0.11645551
8317	0.11737965
8318	0.11833421
8319	0.11967720
8320	0.12117107
8321	0.12261706
8322	0.12420716
8323	0.12606691
8324	0.12788616
8325	0.12970221
8326	0.13157608
8327	0.13354693
8328	0.13543765
8329	0.13736868
8330	0.13933468
8331	0.14073020
8332	0.14313318
8333	0.14488041
8334	0.14683583
8335	0.14889450
8336	0.15105312
8337	0.15354496
8338	0.15598629
8339	0.15861923
8340	0.16130541
8341	0.16400696
8342	0.16666362
8343	0.16914424
8344	0.17132196
8345	0.17305084
8346	0.17449701
8347	0.17593245
8348	0.17672700
8349	0.17722128
8350	0.17747562
8351	0.17765222
8352	0.17789993
8353	0.17837939
8354	0.17796759
8355	0.17619161
8356	0.17948323
8357	0.18475880
8358	0.18739840
8359	0.18952473
8360	0.18965006
8361	0.18909889
8362	0.18899055
8363	0.18931207
8364	0.18886454
8365	0.18853790
8366	0.18809135
8367	0.18720858
8368	0.18685065
8369	0.18642208
8370	0.18651900
8371	0.18652053
8372	0.18647821
8373	0.18641749
8374	0.18595894
8375	0.18598899
8376	0.18592723
8377	0.18571848
8378	0.18540932
8379	0.18507308
8380	0.18487775
8381	0.18458715
8382	0.18459894
8383	0.18422033
8384	0.18369015
8385	0.18311353
8386	0.18213476
8387	0.18138121
8388	0.18055655
8389	0.17968744
8390	0.17872886
8391	0.17800899
8392	0.17691837
8393	0.17570285
8394	0.17434537
8395	0.17303954
8396	0.17188446
8397	0.17096165
8398	0.17027953
8399	0.16981003
8400	0.16949922
8401	0.16961354
8402	0.16983491
8403	0.17030074
8404	0.17107436
8405	0.17188601
8406	0.17298724
8407	0.17422937
8408	0.17557617
8409	0.17692673
8410	0.17808406
8411	0.17913207
8412	0.17997198
8413	0.18054073
8414	0.18069841
8415	0.18041717
8416	0.17976999
8417	0.17914183
8418	0.17799881
8419	0.17662658
8420	0.17502140
8421	0.17326283
8422	0.17137112
8423	0.16931149
8424	0.16721073
8425	0.16504060
8426	0.16275802
8427	0.16036086
8428	0.15791555
8429	0.15538655
8430	0.15277995
8431	0.15032877
8432	0.14793040
8433	0.14571722
8434	0.14371653
8435	0.14178817
8436	0.14012134
8437	0.13852762
8438	0.13723618
8439	0.13621521
8440	0.13543309
8441	0.13490933
8442	0.13467310
8443	0.13457246
8444	0.13466033
8445	0.13513705
8446	0.13563986
8447	0.13655584
8448	0.13746327
8449	0.13856103
8450	0.13990127
8451	0.14158544
8452	0.14325936
8453	0.14501224
8454	0.14680968
8455	0.14862359
8456	0.15031965
8457	0.15218018
8458	0.15399972
8459	0.15579996
8460	0.15743619
8461	0.15942428
8462	0.16115174
8463	0.16275179
8464	0.16448417
8465	0.16634706
8466	0.16838863
8467	0.17044875
8468	0.17270212
8469	0.17515723
8470	0.17775415
8471	0.18051399
8472	0.18330055
8473	0.18607605
8474	0.18874776
8475	0.19104518
8476	0.19298074
8477	0.19469857
8478	0.19651175
8479	0.19756553
8480	0.19833410
8481	0.19884671
8482	0.19926775
8483	0.19946921
8484	0.19960386
8485	0.19980612
8486	0.20009142
8487	0.20050524
8488	0.19844683
8489	0.19935299
8490	0.20392178
8491	0.20830579
8492	0.21075857
8493	0.21178384
8494	0.21168266
8495	0.21212128
8496	0.21265700
8497	0.21282615
8498	0.21289480
8499	0.21269417
8500	0.21214956
8501	0.21141849
8502	0.21133800
8503	0.21140161
8504	0.21129663
8505	0.21100824
8506	0.21028848
8507	0.21016161
8508	0.20999648
8509	0.20988452
8510	0.20973988
8511	0.20943795
8512	0.20909844
8513	0.20878942
8514	0.20899931
8515	0.20874646
8516	0.20849949
8517	0.20817192
8518	0.20739633
8519	0.20693600
8520	0.20631891
8521	0.20571427
8522	0.20490207
8523	0.20398633
8524	0.20331246
8525	0.20223381
8526	0.20100608
8527	0.19971243
8528	0.19837031
8529	0.19708291
8530	0.19613528
8531	0.19538108
8532	0.19510210
8533	0.19557071
8534	0.19629300
8535	0.19707613
8536	0.19785082
8537	0.19882606
8538	0.19993758
8539	0.20112573
8540	0.20242865
8541	0.20362136
8542	0.20471767
8543	0.20555085
8544	0.20603859
8545	0.20613164
8546	0.20564906
8547	0.20469691
8548	0.20337164
8549	0.20156726
8550	0.19940421
8551	0.19687569
8552	0.19406617
8553	0.19107971
8554	0.18800543
8555	0.18477370
8556	0.18149364
8557	0.17826004
8558	0.17500016
8559	0.17175721
8560	0.16846633
8561	0.16509193
8562	0.16176306
8563	0.15840399
8564	0.15512262
8565	0.15186085
8566	0.14879170
8567	0.14585680
8568	0.14306396
8569	0.14046139
8570	0.13807057
8571	0.13586891
8572	0.13382399
8573	0.13200071
8574	0.13057825
8575	0.12897702
8576	0.12774028
8577	0.12666330
8578	0.12564810
8579	0.12502044
8580	0.12428495
8581	0.12400012
8582	0.12365597
8583	0.12350765
8584	0.12340764
8585	0.12351581
8586	0.12407658
8587	0.12447914
8588	0.12491775
8589	0.12536277
8590	0.12622418
8591	0.12694223
8592	0.12756692
8593	0.12834650
8594	0.12908483
8595	0.12982044
8596	0.13058054
8597	0.13146564
8598	0.13221997
8599	0.13345945
8600	0.13432068
8601	0.13564992
8602	0.13723023
8603	0.13904864
8604	0.14153953
8605	0.14365450
8606	0.14607228
8607	0.14865807
8608	0.15122803
8609	0.15364575
8610	0.15580411
8611	0.15779121
8612	0.15923385
8613	0.16025859
8614	0.16082893
8615	0.16100249
8616	0.16089049
8617	0.16060069
8618	0.16046284
8619	0.15987399
8620	0.15740436
8621	0.15795310
8622	0.16238625
8623	0.16680869
8624	0.16896638
8625	0.17020267
8626	0.16922222
8627	0.16868156
8628	0.16871639
8629	0.16837209
8630	0.16804779
8631	0.16740859
8632	0.16684780
8633	0.16650556
8634	0.16634642
8635	0.16627936
8636	0.16619340
8637	0.16617936
8638	0.16613576
8639	0.16606659
8640	0.16600588
8641	0.16557895
8642	0.16561425
8643	0.16526464
8644	0.16505393
8645	0.16482703
8646	0.16467281
8647	0.16442730
8648	0.16422415
8649	0.16430244
8650	0.16389257
8651	0.16305003
8652	0.16242500
8653	0.16174302
8654	0.16104846
8655	0.16023330
8656	0.15943012
8657	0.15885247
8658	0.15775546
8659	0.15661192
8660	0.15552212
8661	0.15448259
8662	0.15368243
8663	0.15331377
8664	0.15294982
8665	0.15287232
8666	0.15316954
8667	0.15364435
8668	0.15436280
8669	0.15523122
8670	0.15642892
8671	0.15789957
8672	0.15950684
8673	0.16121022
8674	0.16277425
8675	0.16419469
8676	0.16535063
8677	0.16612335
8678	0.16652274
8679	0.16644104
8680	0.16583946
8681	0.16477230
8682	0.16361186
8683	0.16196772
8684	0.16008182
8685	0.15795450
8686	0.15568820
8687	0.15324539
8688	0.15073821
8689	0.14818035
8690	0.14559601
8691	0.14298558
8692	0.14027801
8693	0.13753083
8694	0.13479988
8695	0.13201010
8696	0.12932378
8697	0.12676096
8698	0.12438338
8699	0.12222324
8700	0.12026463
8701	0.11838920
8702	0.11681814
8703	0.11546163
8704	0.11435764
8705	0.11347762
8706	0.11283739
8707	0.11237852
8708	0.11214305
8709	0.11200576
8710	0.11224758
8711	0.11247376
8712	0.11314258
8713	0.11369630
8714	0.11458624
8715	0.11584049
8716	0.11690428
8717	0.11820567
8718	0.11959226
8719	0.12107771
8720	0.12262357
8721	0.12419347
8722	0.12579092
8723	0.12746188
8724	0.12906571
8725	0.13067421
8726	0.13224092
8727	0.13395265
8728	0.13578331
8729	0.13736703
8730	0.13920157
8731	0.14125627
8732	0.14349502
8733	0.14617200
8734	0.14885040
8735	0.15182841
8736	0.15497720
8737	0.15829033
8738	0.16160999
8739	0.16495107
8740	0.16812298
8741	0.17110686
8742	0.17372809
8743	0.17599010
8744	0.17783974
8745	0.17935060
8746	0.18053697
8747	0.18137567
8748	0.18193898
8749	0.18222462
8750	0.18234995
8751	0.18255118
8752	0.18211575
8753	0.17964119
8754	0.18159452
8755	0.18649064
8756	0.19028553
8757	0.19264609
8758	0.19309060
8759	0.19274798
8760	0.19339286
8761	0.19383283
8762	0.19411460
8763	0.19401759
8764	0.19361661
8765	0.19264103
8766	0.19245166
8767	0.19243725
8768	0.19215000
8769	0.19281225
8770	0.19294047
8771	0.19305229
8772	0.19275922
8773	0.19277401
8774	0.19277783
8775	0.19272713
8776	0.19243319
8777	0.19218850
8778	0.19201852
8779	0.19177808
8780	0.19187751
8781	0.19151267
8782	0.19109993
8783	0.19021264
8784	0.18955207
8785	0.18879230
8786	0.18793334
8787	0.18702926
8788	0.18595594
8789	0.18521073
8790	0.18395066
8791	0.18257070
8792	0.18103711
8793	0.17930086
8794	0.17752618
8795	0.17581527
8796	0.17438684
8797	0.17305247
8798	0.17225280
8799	0.17212348
8800	0.17238578
8801	0.17296617
8802	0.17373943
8803	0.17468378
8804	0.17586339
8805	0.17705519
8806	0.17820203
8807	0.17915353
8808	0.17975888
8809	0.17999479
8810	0.17981291
8811	0.17913190
8812	0.17789862
8813	0.17622957
8814	0.17393740
8815	0.17167389
8816	0.16895999
8817	0.16604967
8818	0.16292171
8819	0.15975159
8820	0.15655583
8821	0.15330671
8822	0.15012442
8823	0.14694068
8824	0.14385219
8825	0.14073151
8826	0.13768373
8827	0.13463069
8828	0.13165252
8829	0.12880462
8830	0.12600015
8831	0.12333441
8832	0.12102102
8833	0.11871087
8834	0.11660270
8835	0.11470556
8836	0.11308193
8837	0.11162183
8838	0.11045953
8839	0.10952780
8840	0.10881898
8841	0.10832016
8842	0.10804921
8843	0.10786916
8844	0.10806004
8845	0.10849734
8846	0.10893172
8847	0.10962920
8848	0.11072292
8849	0.11175200
8850	0.11298836
8851	0.11425427
8852	0.11547577
8853	0.11702155
8854	0.11850287
8855	0.11991255
8856	0.12143648
8857	0.12288576
8858	0.12438963
8859	0.12577334
8860	0.12736467
8861	0.12863050
8862	0.13011472
8863	0.13157381
8864	0.13334082
8865	0.13523105
8866	0.13746698
8867	0.14009504
8868	0.14273129
8869	0.14569831
8870	0.14882956
8871	0.15209012
8872	0.15533033
8873	0.15850601
8874	0.16153863
8875	0.16427557
8876	0.16667496
8877	0.16869153
8878	0.17039017
8879	0.17174551
8880	0.17280191
8881	0.17355075
8882	0.17407313
8883	0.17457856
8884	0.17499198
8885	0.17380764
8886	0.17228326
8887	0.17553025
8888	0.18015975
8889	0.18270759
8890	0.18441571
8891	0.18431289
8892	0.18421665
8893	0.18436457
8894	0.18449920
8895	0.18446995
8896	0.18412539
8897	0.18357667
8898	0.18270802
8899	0.18237630
8900	0.18204987
8901	0.18232851
8902	0.18245552
8903	0.18254921
8904	0.18252194
8905	0.18246251
8906	0.18215838
8907	0.18216665
8908	0.18204525
8909	0.18199052
8910	0.18167925
8911	0.18162781
8912	0.18150723
8913	0.18202472
8914	0.18172908
8915	0.18152709
8916	0.18081717
8917	0.18042494
8918	0.17988549
8919	0.17925964
8920	0.17857188
8921	0.17781916
8922	0.17721534
8923	0.17627612
8924	0.17522550
8925	0.17418945
8926	0.17326641
8927	0.17261989
8928	0.17228809
8929	0.17219666
8930	0.17280471
8931	0.17368329
8932	0.17478085
8933	0.17600456
8934	0.17719400
8935	0.17854439
8936	0.18011139
8937	0.18164259
8938	0.18323626
8939	0.18470757
8940	0.18595852
8941	0.18698515
8942	0.18764053
8943	0.18790728
8944	0.18760100
8945	0.18667868
8946	0.18580157
8947	0.18432805
8948	0.18246193
8949	0.18031792
8950	0.17793648
8951	0.17541358
8952	0.17270134
8953	0.16985522
8954	0.16701223
8955	0.16415055
8956	0.16116653
8957	0.15823704
8958	0.15522373
8959	0.15214007
8960	0.14909974
8961	0.14612791
8962	0.14329627
8963	0.14063326
8964	0.13811409
8965	0.13572919
8966	0.13358475
8967	0.13172704
8968	0.13024189
8969	0.12896828
8970	0.12791383
8971	0.12705702
8972	0.12658374
8973	0.12636058
8974	0.12637688
8975	0.12679768
8976	0.12744285
8977	0.12825386
8978	0.12929784
8979	0.13051030
8980	0.13177049
8981	0.13394146
8982	0.13559395
8983	0.13764158
8984	0.13968199
8985	0.14182304
8986	0.14397775
8987	0.14620563
8988	0.14843975
8989	0.15063246
8990	0.15270135
8991	0.15499172
8992	0.15708457
8993	0.15895097
8994	0.16070640
8995	0.16254635
8996	0.16464670
8997	0.16644017
8998	0.16848838
8999	0.17067261
9000	0.17294388
9001	0.17526512
9002	0.17762251
9003	0.17992498
9004	0.18204466
9005	0.18381326
9006	0.18519925
9007	0.18683608
9008	0.18778752
9009	0.18846239
9010	0.18892093
9011	0.18920456
9012	0.18940035
9013	0.18950063
9014	0.18975091
9015	0.19043210
9016	0.19047360
9017	0.18870836
9018	0.19179428
9019	0.19664906
9020	0.19963065
9021	0.20169474
9022	0.20192936
9023	0.20148036
9024	0.20158859
9025	0.20162670
9026	0.20134100
9027	0.20109059
9028	0.20058562
9029	0.20000558
9030	0.19933945
9031	0.19919194
9032	0.19917586
9033	0.19888440
9034	0.19905829
9035	0.19905227
9036	0.19872971
9037	0.19864893
9038	0.19859648
9039	0.19845666
9040	0.19817567
9041	0.19800708
9042	0.19780968
9043	0.19815317
9044	0.19784009
9045	0.19767046
9046	0.19710493
9047	0.19670415
9048	0.19628407
9049	0.19571018
9050	0.19503257
9051	0.19416228
9052	0.19323206
9053	0.19250187
9054	0.19127619
9055	0.18990296
9056	0.18831936
9057	0.18667106
9058	0.18501313
9059	0.18350354
9060	0.18239346
9061	0.18189289
9062	0.18205251
9063	0.18241753
9064	0.18289232
9065	0.18338890
9066	0.18399990
9067	0.18481827
9068	0.18566231
9069	0.18656084
9070	0.18740003
9071	0.18802787
9072	0.18846613
9073	0.18850325
9074	0.18811215
9075	0.18722291
9076	0.18588954
9077	0.18420348
9078	0.18203937
9079	0.17950287
9080	0.17664960
9081	0.17363580
9082	0.17044325
9083	0.16715142
9084	0.16377907
9085	0.16046530
9086	0.15711121
9087	0.15378836
9088	0.15047958
9089	0.14718132
9090	0.14388587
9091	0.14064908
9092	0.13745360
9093	0.13443157
9094	0.13163698
9095	0.12905522
9096	0.12660712
9097	0.12437887
9098	0.12242100
9099	0.12068627
9100	0.11899561
9101	0.11773297
9102	0.11667470
9103	0.11582707
9104	0.11528099
9105	0.11482244
9106	0.11476505
9107	0.11484671
9108	0.11513873
9109	0.11562973
9110	0.11620843
9111	0.11698218
9112	0.11812806
9113	0.11921234
9114	0.12037910
9115	0.12168696
9116	0.12318353
9117	0.12462538
9118	0.12602317
9119	0.12743640
9120	0.12882738
9121	0.13010386
9122	0.13122320
9123	0.13229218
9124	0.13328280
9125	0.13355085
9126	0.13486391
9127	0.13559525
9128	0.13640307
9129	0.13729137
9130	0.13826048
9131	0.13977478
9132	0.14095154
9133	0.14235187
9134	0.14395043
9135	0.14556654
9136	0.14714482
9137	0.14845231
9138	0.14958230
9139	0.15062919
9140	0.15181904
9141	0.15251163
9142	0.15301383
9143	0.15341194
9144	0.15368469
9145	0.15405834
9146	0.15457951
9147	0.15442580
9148	0.15224493
9149	0.15385900
9150	0.15775643
9151	0.16020769
9152	0.16214383
9153	0.16273832
9154	0.16198941
9155	0.16185427
9156	0.16185470
9157	0.16183406
9158	0.16163695
9159	0.16093320
9160	0.16068621
9161	0.16035151
9162	0.16005629
9163	0.15988290
9164	0.15975581
9165	0.15971398
9166	0.15971392
9167	0.15968557
9168	0.15971091
9169	0.15936719
9170	0.15914313
9171	0.15913782
9172	0.15886571
9173	0.15873063
9174	0.15862623
9175	0.15848027
9176	0.15835753
9177	0.15851586
9178	0.15783276
9179	0.15740955
9180	0.15690054
9181	0.15631975
9182	0.15560688
9183	0.15481015
9184	0.15433778
9185	0.15334298
9186	0.15231206
9187	0.15118897
9188	0.15005752
9189	0.14903522
9190	0.14819199
9191	0.14756270
9192	0.14723767
9193	0.14692728
9194	0.14690053
9195	0.14727664
9196	0.14774984
9197	0.14834093
9198	0.14903380
9199	0.14995153
9200	0.15093584
9201	0.15192193
9202	0.15278859
9203	0.15353392
9204	0.15409902
9205	0.15439472
9206	0.15442996
9207	0.15422414
9208	0.15369128
9209	0.15284984
9210	0.15190876
9211	0.15077536
9212	0.14938448
9213	0.14774331
9214	0.14606459
9215	0.14429818
9216	0.14232461
9217	0.14028586
9218	0.13814098
9219	0.13586941
9220	0.13354531
9221	0.13119097
9222	0.12878363
9223	0.12644494
9224	0.12418671
9225	0.12210530
9226	0.12036552
9227	0.11873270
9228	0.11715682
9229	0.11605145
9230	0.11519644
9231	0.11468612
9232	0.11453009
9233	0.11458299
9234	0.11489501
9235	0.11549008
9236	0.11644432
9237	0.11770292
9238	0.11910015
9239	0.12054861
9240	0.12242672
9241	0.12454187
9242	0.12671970
9243	0.12889679
9244	0.13105200
9245	0.13350961
9246	0.13573554
9247	0.13784708
9248	0.13994113
9249	0.14188625
9250	0.14379312
9251	0.14554577
9252	0.14715029
9253	0.14947551
9254	0.15118976
9255	0.15328474
9256	0.15554079
9257	0.15815058
9258	0.16121778
9259	0.16452187
9260	0.16818690
9261	0.17221268
9262	0.17648768
9263	0.18102737
9264	0.18564287
9265	0.19017747
9266	0.19428302
9267	0.19815007
9268	0.20204039
9269	0.20497783
9270	0.20738098
9271	0.20929509
9272	0.21078467
9273	0.21182740
9274	0.21252319
9275	0.21283679
9276	0.21310504
9277	0.21339631
9278	0.21297459
9279	0.21110740
9280	0.21430840
9281	0.21984205
9282	0.22406733
9283	0.22718221
9284	0.22764686
9285	0.22727887
9286	0.22758679
9287	0.22763826
9288	0.22749339
9289	0.22717595
9290	0.22640148
9291	0.22534542
9292	0.22490004
9293	0.22472557
9294	0.22461037
9295	0.22413030
9296	0.22414896
9297	0.22379202
9298	0.22423138
9299	0.22441359
9300	0.22461604
9301	0.22461888
9302	0.22475919
9303	0.22471035
9304	0.22456911
9305	0.22437753
9306	0.22413217
9307	0.22381006
9308	0.22338799
9309	0.22262038
9310	0.22186288
9311	0.22112270
9312	0.22021344
9313	0.21925579
9314	0.21818236
9315	0.21740521
9316	0.21616276
9317	0.21480142
9318	0.21334021
9319	0.21191728
9320	0.21051624
9321	0.20927338
9322	0.20820993
9323	0.20746276
9324	0.20684382
9325	0.20656598
9326	0.20662020
9327	0.20686947
9328	0.20753589
9329	0.20854793
9330	0.20958231
9331	0.21079467
9332	0.21200731
9333	0.21309930
9334	0.21394971
9335	0.21441227
9336	0.21453734
9337	0.21416517
9338	0.21329461
9339	0.21191691
9340	0.21000233
9341	0.20759334
9342	0.20519868
9343	0.20236717
9344	0.19922517
9345	0.19589484
9346	0.19246900
9347	0.18882924
9348	0.18518075
9349	0.18147086
9350	0.17764747
9351	0.17376849
9352	0.16988599
9353	0.16603322
9354	0.16221455
9355	0.15852943
9356	0.15503447
9357	0.15177712
9358	0.14893030
9359	0.14627573
9360	0.14388917
9361	0.14170840
9362	0.13991490
9363	0.13839608
9364	0.13734825
9365	0.13658282
9366	0.13607168
9367	0.13603148
9368	0.13617781
9369	0.13670872
9370	0.13738303
9371	0.13813603
9372	0.13926452
9373	0.14070357
9374	0.14234602
9375	0.14396453
9376	0.14606866
9377	0.14788358
9378	0.15018065
9379	0.15227403
9380	0.15426545
9381	0.15641545
9382	0.15847640
9383	0.16046013
9384	0.16235456
9385	0.16455926
9386	0.16648833
9387	0.16840599
9388	0.17012700
9389	0.17209099
9390	0.17429824
9391	0.17643471
9392	0.17873687
9393	0.18119332
9394	0.18369149
9395	0.18621498
9396	0.18864639
9397	0.19090217
9398	0.19298519
9399	0.19463840
9400	0.19582246
9401	0.19656189
9402	0.19681457
9403	0.19671161
9404	0.19626969
9405	0.19549818
9406	0.19455554
9407	0.19377986
9408	0.19347282
9409	0.19075164
9410	0.19073254
9411	0.19541883
9412	0.20123564
9413	0.20489179
9414	0.20734820
9415	0.20713675
9416	0.20664975
9417	0.20679593
9418	0.20680267
9419	0.20655747
9420	0.20599888
9421	0.20561625
9422	0.20512155
9423	0.20493513
9424	0.20445144
9425	0.20498323
9426	0.20487691
9427	0.20510495
9428	0.20519860
9429	0.20516202
9430	0.20494416
9431	0.20506287
9432	0.20497976
9433	0.20516731
9434	0.20489353
9435	0.20472908
9436	0.20450772
9437	0.20421809
9438	0.20391935
9439	0.20316702
9440	0.20274229
9441	0.20218730
9442	0.20148949
9443	0.20067032
9444	0.19975869
9445	0.19909137
9446	0.19797231
9447	0.19678207
9448	0.19550776
9449	0.19403940
9450	0.19246043
9451	0.19087008
9452	0.18939044
9453	0.18822952
9454	0.18728022
9455	0.18644503
9456	0.18621683
9457	0.18625385
9458	0.18651359
9459	0.18699062
9460	0.18757091
9461	0.18841861
9462	0.18938173
9463	0.19028762
9464	0.19109614
9465	0.19174902
9466	0.19212279
9467	0.19214953
9468	0.19178128
9469	0.19094746
9470	0.18954983
9471	0.18770817
9472	0.18585597
9473	0.18349661
9474	0.18090291
9475	0.17805387
9476	0.17510952
9477	0.17193416
9478	0.16881514
9479	0.16559431
9480	0.16229998
9481	0.15899506
9482	0.15557502
9483	0.15207689
9484	0.14853536
9485	0.14501680
9486	0.14155321
9487	0.13814877
9488	0.13493389
9489	0.13199107
9490	0.12918173
9491	0.12653795
9492	0.12413874
9493	0.12198778
9494	0.12001706
9495	0.11829518
9496	0.11684073
9497	0.11553556
9498	0.11435000
9499	0.11352913
9500	0.11276930
9501	0.11220010
9502	0.11157354
9503	0.11136514
9504	0.11114228
9505	0.11122135
9506	0.11117028
9507	0.11119674
9508	0.11124934
9509	0.11120450
9510	0.11154900
9511	0.11175843
9512	0.11180642
9513	0.11197703
9514	0.11213276
9515	0.11233863
9516	0.11269274
9517	0.11339721
9518	0.11423021
9519	0.11507218
9520	0.11663958
9521	0.11859462
9522	0.12090532
9523	0.12361101
9524	0.12664528
9525	0.13033646
9526	0.13363625
9527	0.13720588
9528	0.14065549
9529	0.14399245
9530	0.14697991
9531	0.14943933
9532	0.15140671
9533	0.15274532
9534	0.15359059
9535	0.15400532
9536	0.15396534
9537	0.15355474
9538	0.15283158
9539	0.15212333
9540	0.15126830
9541	0.14901167
9542	0.14858179
9543	0.15172386
9544	0.15626414
9545	0.15931581
9546	0.16086149
9547	0.16048969
9548	0.15977797
9549	0.15994433
9550	0.15974203
9551	0.15987809
9552	0.15987413
9553	0.15940282
9554	0.15886581
9555	0.15854584
9556	0.15856387
9557	0.15874878
9558	0.15893024
9559	0.15909028
9560	0.15920286
9561	0.15921018
9562	0.15915105
9563	0.15921432
9564	0.15916704
9565	0.15911900
9566	0.15897861
9567	0.15891212
9568	0.15929884
9569	0.15912838
9570	0.15900882
9571	0.15840055
9572	0.15804689
9573	0.15762338
9574	0.15704551
9575	0.15649079
9576	0.15578584
9577	0.15533604
9578	0.15452452
9579	0.15355097
9580	0.15252574
9581	0.15140812
9582	0.15028833
9583	0.14932765
9584	0.14859007
9585	0.14811260
9586	0.14789420
9587	0.14769121
9588	0.14790604
9589	0.14845838
9590	0.14916766
9591	0.15006194
9592	0.15093760
9593	0.15205134
9594	0.15314448
9595	0.15422304
9596	0.15520221
9597	0.15602468
9598	0.15657082
9599	0.15685116
9600	0.15678565
9601	0.15637200
9602	0.15555531
9603	0.15421416
9604	0.15282655
9605	0.15126085
9606	0.14940275
9607	0.14732049
9608	0.14510232
9609	0.14269027
9610	0.14025588
9611	0.13769232
9612	0.13507269
9613	0.13234660
9614	0.12955216
9615	0.12667485
9616	0.12380753
9617	0.12092698
9618	0.11811362
9619	0.11545772
9620	0.11300786
9621	0.11076143
9622	0.10864545
9623	0.10676797
9624	0.10522546
9625	0.10388998
9626	0.10285091
9627	0.10208663
9628	0.10159800
9629	0.10126356
9630	0.10136955
9631	0.10160334
9632	0.10212687
9633	0.10272148
9634	0.10347307
9635	0.10460249
9636	0.10575356
9637	0.10760435
9638	0.10916505
9639	0.11076837
9640	0.11249004
9641	0.11435774
9642	0.11634551
9643	0.11810750
9644	0.11992879
9645	0.12170096
9646	0.12347002
9647	0.12522328
9648	0.12701629
9649	0.12879030
9650	0.13074405
9651	0.13215718
9652	0.13488561
9653	0.13730729
9654	0.14004481
9655	0.14311454
9656	0.14645261
9657	0.15023760
9658	0.15395780
9659	0.15788363
9660	0.16183305
9661	0.16570842
9662	0.16937314
9663	0.17273477
9664	0.17577277
9665	0.17837788
9666	0.18050365
9667	0.18218115
9668	0.18334740
9669	0.18407939
9670	0.18431965
9671	0.18468180
9672	0.18415645
9673	0.18148957
9674	0.18382497
9675	0.18841152
9676	0.19209796
9677	0.19491012
9678	0.19598158
9679	0.19561334
9680	0.19583592
9681	0.19580109
9682	0.19593246
9683	0.19563785
9684	0.19516078
9685	0.19432332
9686	0.19392239
9687	0.19380970
9688	0.19368455
9689	0.19371551
9690	0.19370970
9691	0.19375376
9692	0.19366667
9693	0.19361463
9694	0.19360636
9695	0.19359532
9696	0.19382206
9697	0.19365615
9698	0.19355159
9699	0.19355115
9700	0.19347374
9701	0.19343476
9702	0.19333366
9703	0.19271010
9704	0.19233875
9705	0.19181131
9706	0.19119449
9707	0.19109163
9708	0.18963391
9709	0.18903878
9710	0.18803588
9711	0.18690686
9712	0.18576053
9713	0.18452452
9714	0.18344979
9715	0.18265961
9716	0.18214513
9717	0.18184279
9718	0.18220399
9719	0.18282148
9720	0.18372348
9721	0.18463892
9722	0.18559773
9723	0.18664041
9724	0.18777245
9725	0.18895443
9726	0.19005062
9727	0.19107790
9728	0.19198459
9729	0.19266453
9730	0.19307005
9731	0.19316192
9732	0.19289905
9733	0.19215998
9734	0.19112241
9735	0.18994901
9736	0.18857393
9737	0.18685722
9738	0.18499959
9739	0.18300956
9740	0.18091846
9741	0.17874493
9742	0.17656365
9743	0.17434236
9744	0.17208499
9745	0.16974762
9746	0.16739355
9747	0.16496889
9748	0.16257183
9749	0.16023797
9750	0.15806724
9751	0.15596315
9752	0.15413548
9753	0.15222681
9754	0.15071991
9755	0.14928542
9756	0.14798944
9757	0.14674622
9758	0.14581075
9759	0.14506195
9760	0.14446525
9761	0.14408617
9762	0.14377786
9763	0.14382513
9764	0.14400147
9765	0.14469454
9766	0.14471471
9767	0.14529644
9768	0.14614749
9769	0.14710256
9770	0.14813745
9771	0.14921109
9772	0.15043029
9773	0.15179659
9774	0.15314128
9775	0.15441731
9776	0.15556684
9777	0.15666971
9778	0.15774354
9779	0.15867878
9780	0.15941224
9781	0.16039900
9782	0.16106047
9783	0.16175835
9784	0.16229454
9785	0.16310360
9786	0.16415796
9787	0.16553038
9788	0.16686244
9789	0.16851141
9790	0.17028587
9791	0.17211407
9792	0.17394611
9793	0.17575343
9794	0.17741850
9795	0.17878997
9796	0.17988721
9797	0.18068723
9798	0.18126784
9799	0.18161821
9800	0.18182565
9801	0.18185526
9802	0.18180540
9803	0.18200059
9804	0.18175329
9805	0.18067363
9806	0.18035470
9807	0.18399547
9808	0.18816569
9809	0.19075489
9810	0.19219625
9811	0.19172867
9812	0.19119084
9813	0.19110985
9814	0.19095053
9815	0.19039236
9816	0.19008660
9817	0.18899834
9818	0.18881655
9819	0.18851249
9820	0.18833867
9821	0.18824147
9822	0.18784109
9823	0.18781337
9824	0.18774250
9825	0.18765540
9826	0.18758743
9827	0.18755266
9828	0.18736793
9829	0.18770255
9830	0.18728517
9831	0.18703681
9832	0.18679583
9833	0.18651789
9834	0.18623334
9835	0.18557379
9836	0.18511559
9837	0.18453853
9838	0.18386725
9839	0.18348782
9840	0.18230818
9841	0.18165319
9842	0.18059261
9843	0.17939305
9844	0.17800952
9845	0.17657939
9846	0.17522343
9847	0.17381516
9848	0.17279738
9849	0.17199650
9850	0.17162015
9851	0.17169805
9852	0.17188245
9853	0.17215160
9854	0.17243645
9855	0.17294809
9856	0.17358369
9857	0.17420541
9858	0.17489441
9859	0.17553994
9860	0.17600097
9861	0.17629051
9862	0.17640547
9863	0.17624319
9864	0.17569137
9865	0.17471994
9866	0.17373227
9867	0.17258346
9868	0.17098445
9869	0.16920081
9870	0.16718553
9871	0.16502278
9872	0.16268447
9873	0.16033423
9874	0.15787345
9875	0.15531002
9876	0.15266474
9877	0.14989044
9878	0.14701965
9879	0.14407173
9880	0.14107807
9881	0.13813971
9882	0.13521804
9883	0.13244478
9884	0.12976593
9885	0.12716559
9886	0.12464628
9887	0.12235242
9888	0.12023563
9889	0.11845487
9890	0.11679995
9891	0.11515152
9892	0.11389282
9893	0.11283261
9894	0.11190379
9895	0.11137708
9896	0.11106782
9897	0.11095218
9898	0.11106242
9899	0.11144862
9900	0.11203381
9901	0.11320844
9902	0.11431190
9903	0.11553836
9904	0.11693428
9905	0.11837062
9906	0.12024008
9907	0.12202122
9908	0.12377264
9909	0.12570548
9910	0.12770189
9911	0.12974215
9912	0.13199183
9913	0.13431221
9914	0.13621403
9915	0.13939565
9916	0.14225896
9917	0.14542821
9918	0.14883326
9919	0.15270744
9920	0.15640901
9921	0.16031772
9922	0.16431749
9923	0.16819215
9924	0.17166817
9925	0.17480639
9926	0.17801151
9927	0.18038143
9928	0.18219219
9929	0.18356623
9930	0.18459377
9931	0.18529993
9932	0.18571866
9933	0.18601942
9934	0.18648292
9935	0.18716283
9936	0.18482646
9937	0.18597846
9938	0.19107707
9939	0.19590262
9940	0.19842027
9941	0.20062530
9942	0.20034893
9943	0.20007360
9944	0.20043054
9945	0.20050913
9946	0.20049325
9947	0.20012034
9948	0.19980139
9949	0.19944651
9950	0.19873592
9951	0.19917729
9952	0.19935991
9953	0.19917086
9954	0.19925457
9955	0.19917662
9956	0.19907196
9957	0.19889522
9958	0.19896232
9959	0.19886611
9960	0.19914944
9961	0.19885205
9962	0.19870101
9963	0.19856185
9964	0.19826996
9965	0.19789001
9966	0.19737548
9967	0.19646089
9968	0.19575246
9969	0.19492982
9970	0.19396590
9971	0.19290569
9972	0.19214255
9973	0.19091009
9974	0.18961991
9975	0.18817486
9976	0.18668105
9977	0.18514019
9978	0.18387756
9979	0.18281427
9980	0.18212420
9981	0.18145512
9982	0.18110918
9983	0.18125869
9984	0.18164936
9985	0.18222345
9986	0.18288901
9987	0.18364726
9988	0.18458766
9989	0.18548435
9990	0.18632197
9991	0.18700291
9992	0.18746422
9993	0.18760347
9994	0.18733963
9995	0.18668766
9996	0.18555821
9997	0.18388242
9998	0.18214959
9999	0.17995769
10000	0.17747046
10001	0.17476048
10002	0.17184170
10003	0.16881795
10004	0.16569956
10005	0.16243999
10006	0.15919855
10007	0.15586264
10008	0.15244527
10009	0.14899124
10010	0.14555371
10011	0.14212473
10012	0.13882405
10013	0.13565333
10014	0.13278340
10015	0.13010664
10016	0.12760940
10017	0.12535587
10018	0.12349390
10019	0.12190643
10020	0.12040806
10021	0.11937756
10022	0.11863854
10023	0.11819951
10024	0.11795283
10025	0.11808854
10026	0.11839292
10027	0.11894916
10028	0.11969493
10029	0.12060089
10030	0.12168928
10031	0.12287611
10032	0.12458885
10033	0.12612271
10034	0.12764540
10035	0.12935413
10036	0.13108417
10037	0.13274096
10038	0.13440453
10039	0.13614427
10040	0.13774796
10041	0.13936192
10042	0.14094736
10043	0.14241239
10044	0.14419931
10045	0.14568524
10046	0.14728732
10047	0.14905638
10048	0.15089801
10049	0.15312110
10050	0.15524654
10051	0.15756522
10052	0.15999696
10053	0.16237974
10054	0.16477388
10055	0.16692325
10056	0.16886424
10057	0.17042013
10058	0.17153925
10059	0.17225218
10060	0.17248672
10061	0.17236929
10062	0.17195682
10063	0.17129904
10064	0.17047024
10065	0.16957729
10066	0.16882345
10067	0.16851631
10068	0.16739534
10069	0.16564709
10070	0.16943179
10071	0.17474321
10072	0.17810071
10073	0.18011357
10074	0.18006070
10075	0.17945312
10076	0.17968580
10077	0.17990524
10078	0.17951402
10079	0.17920239
10080	0.17865065
10081	0.17774573
10082	0.17692547
10083	0.17717081
10084	0.17724906
10085	0.17737560
10086	0.17725474
10087	0.17720161
10088	0.17708269
10089	0.17678294
10090	0.17670672
10091	0.17645326
10092	0.17612837
10093	0.17573628
10094	0.17545867
10095	0.17504683
10096	0.17462741
10097	0.17451102
10098	0.17395987
10099	0.17299606
10100	0.17230542
10101	0.17152871
10102	0.17072161
10103	0.16976938
10104	0.16883951
10105	0.16804397
10106	0.16679928
10107	0.16538049
10108	0.16389440
10109	0.16237746
10110	0.16082303
10111	0.15948763
10112	0.15836735
10113	0.15759410
10114	0.15750584
10115	0.15774502
10116	0.15821332
10117	0.15888402
10118	0.15963085
10119	0.16054374
10120	0.16157892
10121	0.16263908
10122	0.16365020
10123	0.16445923
10124	0.16501711
10125	0.16522692
10126	0.16495708
10127	0.16415143
10128	0.16292807
10129	0.16136335
10130	0.15928069
10131	0.15685453
10132	0.15408032
10133	0.15106575
10134	0.14787298
10135	0.14452067
10136	0.14111918
10137	0.13762558
10138	0.13409723
10139	0.13057117
10140	0.12702540
10141	0.12341200
10142	0.11972651
10143	0.11601752
10144	0.11230668
10145	0.10860568
10146	0.10502518
10147	0.10159913
10148	0.09836477
10149	0.09516411
10150	0.09221871
10151	0.08947676
10152	0.08697934
10153	0.08468568
10154	0.08265001
10155	0.08079957
10156	0.07913683
10157	0.07767230
10158	0.07627515
10159	0.07529509
10160	0.07433487
10161	0.07360891
10162	0.07344344
10163	0.07292435
10164	0.07290845
10165	0.07252476
10166	0.07305227
10167	0.07335857
10168	0.07394393
10169	0.07473792
10170	0.07568160
10171	0.07676875
10172	0.07790897
10173	0.07917257
10174	0.08056027
10175	0.08197866
10176	0.08349126
10177	0.08528807
10178	0.08703928
10179	0.08882798
10180	0.09076551
10181	0.09297306
10182	0.09541801
10183	0.09804756
10184	0.10083619
10185	0.10374219
10186	0.10700405
10187	0.10967937
10188	0.11232505
10189	0.11474517
10190	0.11668691
10191	0.11817376
10192	0.11914024
10193	0.11958520
10194	0.11951918
10195	0.11905166
10196	0.11823972
10197	0.11750863
10198	0.11651103
10199	0.11452559
10200	0.11389701
10201	0.11771724
10202	0.12283225
10203	0.12522493
10204	0.12667879
10205	0.12580897
10206	0.12522998
10207	0.12528674
10208	0.12515189
10209	0.12469311
10210	0.12439481
10211	0.12383263
10212	0.12304242
10213	0.12283333
10214	0.12281273
10215	0.12268299
10216	0.12288167
10217	0.12306147
10218	0.12315171
10219	0.12324433
10220	0.12329088
10221	0.12325895
10222	0.12306670
10223	0.12277041
10224	0.12261850
10225	0.12223383
10226	0.12190343
10227	0.12136293
10228	0.12101083
10229	0.12055265
10230	0.12000905
10231	0.11933432
10232	0.11866083
10233	0.11790235
10234	0.11711847
10235	0.11627782
10236	0.11532805
10237	0.11455606
10238	0.11337446
10239	0.11206535
10240	0.11065038
10241	0.10928188
10242	0.10805757
10243	0.10711873
10244	0.10629413
10245	0.10571302
10246	0.10551640
10247	0.10555007
10248	0.10565794
10249	0.10589390
10250	0.10626648
10251	0.10688129
10252	0.10760538
10253	0.10842194
10254	0.10923049
10255	0.10988874
10256	0.11045728
10257	0.11080006
10258	0.11088708
10259	0.11057369
10260	0.11009409
10261	0.10957787
10262	0.10874943
10263	0.10774036
10264	0.10643803
10265	0.10507988
10266	0.10359991
10267	0.10209149
10268	0.10043782
10269	0.09869650
10270	0.09682573
10271	0.09488670
10272	0.09277645
10273	0.09062692
10274	0.08833998
10275	0.08602490
10276	0.08380799
10277	0.08156689
10278	0.07948435
10279	0.07750490
10280	0.07558897
10281	0.07384943
10282	0.07232130
10283	0.07101113
10284	0.06990919
10285	0.06904472
10286	0.06838644
10287	0.06794669
10288	0.06758659
10289	0.06762987
10290	0.06777930
10291	0.06808139
10292	0.06905552
10293	0.06976403
10294	0.07061140
10295	0.07154081
10296	0.07269337
10297	0.07389201
10298	0.07551021
10299	0.07704676
10300	0.07879654
10301	0.08057659
10302	0.08255237
10303	0.08467233
10304	0.08660223
10305	0.08901171
10306	0.09135858
10307	0.09378650
10308	0.09631194
10309	0.09916484
10310	0.10219247
10311	0.10553489
10312	0.10910992
10313	0.11339497
10314	0.11739157
10315	0.12186132
10316	0.12660310
10317	0.13142739
10318	0.13633552
10319	0.14113359
10320	0.14569467
10321	0.15000352
10322	0.15393463
10323	0.15732490
10324	0.16011058
10325	0.16232319
10326	0.16386746
10327	0.16487259
10328	0.16529068
10329	0.16528760
10330	0.16496973
10331	0.16410939
10332	0.16232418
10333	0.16154413
10334	0.16508172
10335	0.16962810
10336	0.17217244
10337	0.17319454
10338	0.17237155
10339	0.17211074
10340	0.17264509
10341	0.17287213
10342	0.17248209
10343	0.17190017
10344	0.17130233
10345	0.17102572
10346	0.17081895
10347	0.17098369
10348	0.17081404
10349	0.17048216
10350	0.17101212
10351	0.17112228
10352	0.17126039
10353	0.17126511
10354	0.17130888
10355	0.17131574
10356	0.17114295
10357	0.17083201
10358	0.17068410
10359	0.17057221
10360	0.17028640
10361	0.17018870
10362	0.16993490
10363	0.16958508
10364	0.16912636
10365	0.16856883
10366	0.16789190
10367	0.16720539
10368	0.16673887
10369	0.16584522
10370	0.16483732
10371	0.16373946
10372	0.16250829
10373	0.16149259
10374	0.16006655
10375	0.15917723
10376	0.15854309
10377	0.15807328
10378	0.15806940
10379	0.15833020
10380	0.15881513
10381	0.15929738
10382	0.15986155
10383	0.16065495
10384	0.16166772
10385	0.16265604
10386	0.16370301
10387	0.16463037
10388	0.16549727
10389	0.16614120
10390	0.16659454
10391	0.16668387
10392	0.16648035
10393	0.16577241
10394	0.16490848
10395	0.16389261
10396	0.16272837
10397	0.16129385
10398	0.15966244
10399	0.15790319
10400	0.15603720
10401	0.15406032
10402	0.15199910
10403	0.14986780
10404	0.14768855
10405	0.14540817
10406	0.14310482
10407	0.14074641
10408	0.13849184
10409	0.13619389
10410	0.13396387
10411	0.13185796
10412	0.12997712
10413	0.12802447
10414	0.12631853
10415	0.12471861
10416	0.12338075
10417	0.12217407
10418	0.12121596
10419	0.12041727
10420	0.11985438
10421	0.11942416
10422	0.11937228
10423	0.11944926
10424	0.11975364
10425	0.12044780
10426	0.12128692
10427	0.12217864
10428	0.12304097
10429	0.12435951
10430	0.12573136
10431	0.12717509
10432	0.12870651
10433	0.13031545
10434	0.13199282
10435	0.13371220
10436	0.13539807
10437	0.13710253
10438	0.13811238
10439	0.14044452
10440	0.14198405
10441	0.14356485
10442	0.14524008
10443	0.14729270
10444	0.14893878
10445	0.15097561
10446	0.15316929
10447	0.15550351
10448	0.15793967
10449	0.16042474
10450	0.16290762
10451	0.16519451
10452	0.16725631
10453	0.16888385
10454	0.17004703
10455	0.17129676
10456	0.17174792
10457	0.17175174
10458	0.17143340
10459	0.17078856
10460	0.16990025
10461	0.16898903
10462	0.16800913
10463	0.16763969
10464	0.16681501
10465	0.16446608
10466	0.16763213
10467	0.17320080
10468	0.17638171
10469	0.17853335
10470	0.17860387
10471	0.17810240
10472	0.17852680
10473	0.17888293
10474	0.17870221
10475	0.17875363
10476	0.17885004
10477	0.17835818
10478	0.17809071
10479	0.17806597
10480	0.17790541
10481	0.17767467
10482	0.17796308
10483	0.17810988
10484	0.17820597
10485	0.17807885
10486	0.17806709
10487	0.17797548
10488	0.17746422
10489	0.17722303
10490	0.17697115
10491	0.17677498
10492	0.17657903
10493	0.17630799
10494	0.17595474
10495	0.17550460
10496	0.17494547
10497	0.17427300
10498	0.17343390
10499	0.17255901
10500	0.17190957
10501	0.17083065
10502	0.16970004
10503	0.16848031
10504	0.16716771
10505	0.16578396
10506	0.16436762
10507	0.16304806
10508	0.16198862
10509	0.16121717
10510	0.16054128
10511	0.16044538
10512	0.16057311
10513	0.16076066
10514	0.16096434
10515	0.16133541
10516	0.16191812
10517	0.16252637
10518	0.16314244
10519	0.16370597
10520	0.16406102
10521	0.16423026
10522	0.16406654
10523	0.16353840
10524	0.16248824
10525	0.16105792
10526	0.15967672
10527	0.15774859
10528	0.15554141
10529	0.15312617
10530	0.15048528
10531	0.14772549
10532	0.14477572
10533	0.14179790
10534	0.13874418
10535	0.13557780
10536	0.13232800
10537	0.12896810
10538	0.12556837
10539	0.12213916
10540	0.11874742
10541	0.11543829
10542	0.11227049
10543	0.10923164
10544	0.10626879
10545	0.10344869
10546	0.10084724
10547	0.09844045
10548	0.09626604
10549	0.09432276
10550	0.09266176
10551	0.09122023
10552	0.08998788
10553	0.08908038
10554	0.08833323
10555	0.08774035
10556	0.08811843
10557	0.08787657
10558	0.08823302
10559	0.08855835
10560	0.08923664
10561	0.09004837
10562	0.09107769
10563	0.09221379
10564	0.09342264
10565	0.09477291
10566	0.09617066
10567	0.09762246
10568	0.09909225
10569	0.10076725
10570	0.10235780
10571	0.10379256
10572	0.10553411
10573	0.10737610
10574	0.10935063
10575	0.11155718
10576	0.11401150
10577	0.11688975
10578	0.11979451
10579	0.12296266
10580	0.12629317
10581	0.12971026
10582	0.13317166
10583	0.13648240
10584	0.13963400
10585	0.14248730
10586	0.14494994
10587	0.14702925
10588	0.14873703
10589	0.15002929
10590	0.15102613
10591	0.15174881
10592	0.15217829
10593	0.15252736
10594	0.15278348
10595	0.15257606
10596	0.15050024
10597	0.15137568
10598	0.15517904
10599	0.15888166
10600	0.16103864
10601	0.16178262
10602	0.16129252
10603	0.16140769
10604	0.16157983
10605	0.16158079
10606	0.16139160
10607	0.16111198
10608	0.16074651
10609	0.16033283
10610	0.16004919
10611	0.15934499
10612	0.15986021
10613	0.16008070
10614	0.16016178
10615	0.16017467
10616	0.16010116
10617	0.16004172
10618	0.15994248
10619	0.15984048
10620	0.15968417
10621	0.15943134
10622	0.15912642
10623	0.15887058
10624	0.15869643
10625	0.15851110
10626	0.15823732
10627	0.15784921
10628	0.15738490
10629	0.15684050
10630	0.15655231
10631	0.15550245
10632	0.15466499
10633	0.15407816
10634	0.15306677
10635	0.15206051
10636	0.15097226
10637	0.15009601
10638	0.14934085
10639	0.14886822
10640	0.14853245
10641	0.14881022
10642	0.14944790
10643	0.15021949
10644	0.15103592
10645	0.15182869
10646	0.15269868
10647	0.15366128
10648	0.15468012
10649	0.15565486
10650	0.15653326
10651	0.15723699
10652	0.15769570
10653	0.15793519
10654	0.15777594
10655	0.15731512
10656	0.15636729
10657	0.15517542
10658	0.15395407
10659	0.15242474
10660	0.15064661
10661	0.14875536
10662	0.14668797
10663	0.14451416
10664	0.14235447
10665	0.14015768
10666	0.13788937
10667	0.13557489
10668	0.13323995
10669	0.13078561
10670	0.12834625
10671	0.12578242
10672	0.12330751
10673	0.12095602
10674	0.11876141
10675	0.11659467
10676	0.11447024
10677	0.11266582
10678	0.11101036
10679	0.10956725
10680	0.10830708
10681	0.10726572
10682	0.10639210
10683	0.10571472
10684	0.10507535
10685	0.10478658
10686	0.10454916
10687	0.10503847
10688	0.10510053
10689	0.10550071
10690	0.10606050
10691	0.10662357
10692	0.10723769
10693	0.10843802
10694	0.10952579
10695	0.11061644
10696	0.11187091
10697	0.11324126
10698	0.11468880
10699	0.11620156
10700	0.11791790
10701	0.11964773
10702	0.12141019
10703	0.12344451
10704	0.12580290
10705	0.12835883
10706	0.13126354
10707	0.13448831
10708	0.13827358
10709	0.14217477
10710	0.14634328
10711	0.15074529
10712	0.15523630
10713	0.15970041
10714	0.16393952
10715	0.16783707
10716	0.17129126
10717	0.17422436
10718	0.17641044
10719	0.17787619
10720	0.17855076
10721	0.17859337
10722	0.17806923
10723	0.17707349
10724	0.17568848
10725	0.17408192
10726	0.17246875
10727	0.17091839
10728	0.16953641
10729	0.16854374
10730	0.17174920
10731	0.17634585
10732	0.17954567
10733	0.18143347
10734	0.18107949
10735	0.18050142
10736	0.18084063
10737	0.18119751
10738	0.18112013
10739	0.18090828
10740	0.18037470
10741	0.17938158
10742	0.17888874
10743	0.17850789
10744	0.17832328
10745	0.17833857
10746	0.17812809
10747	0.17799507
10748	0.17789093
10749	0.17750992
10750	0.17734404
10751	0.17708050
10752	0.17682083
10753	0.17646571
10754	0.17628981
10755	0.17600246
10756	0.17569785
10757	0.17578356
10758	0.17508388
10759	0.17464790
10760	0.17406443
10761	0.17349829
10762	0.17279576
10763	0.17232926
10764	0.17146717
10765	0.17042837
10766	0.16924912
10767	0.16799119
10768	0.16662808
10769	0.16528971
10770	0.16413413
10771	0.16325845
10772	0.16277951
10773	0.16250889
10774	0.16267647
10775	0.16308463
10776	0.16363291
10777	0.16422527
10778	0.16490071
10779	0.16573597
10780	0.16661920
10781	0.16750841
10782	0.16828656
10783	0.16880287
10784	0.16906759
10785	0.16894856
10786	0.16841020
10787	0.16745889
10788	0.16594577
10789	0.16428582
10790	0.16224054
10791	0.15990078
10792	0.15730546
10793	0.15451208
10794	0.15153135
10795	0.14844191
10796	0.14522421
10797	0.14190647
10798	0.13849477
10799	0.13503742
10800	0.13154016
10801	0.12800734
10802	0.12449772
10803	0.12106790
10804	0.11773773
10805	0.11463226
10806	0.11173607
10807	0.10895933
10808	0.10630246
10809	0.10394744
10810	0.10186766
10811	0.10003489
10812	0.09846771
10813	0.09717412
10814	0.09613883
10815	0.09522965
10816	0.09484554
10817	0.09445452
10818	0.09463329
10819	0.09498151
10820	0.09566752
10821	0.09631318
10822	0.09716258
10823	0.09834052
10824	0.09956403
10825	0.10099489
10826	0.10269953
10827	0.10441282
10828	0.10610431
10829	0.10793877
10830	0.10971697
10831	0.11149493
10832	0.11324644
10833	0.11509898
10834	0.11676449
10835	0.11821346
10836	0.12013985
10837	0.12195423
10838	0.12395271
10839	0.12609485
10840	0.12849450
10841	0.13128559
10842	0.13396117
10843	0.13681376
10844	0.13964267
10845	0.14237429
10846	0.14490634
10847	0.14714481
10848	0.14901718
10849	0.15043992
10850	0.15139322
10851	0.15185462
10852	0.15190433
10853	0.15154296
10854	0.15118788
10855	0.15064412
10856	0.14895234
10857	0.14715923
10858	0.15049204
10859	0.15543015
10860	0.15838970
10861	0.16083241
10862	0.16039117
10863	0.15935911
10864	0.15916784
10865	0.15920748
10866	0.15923285
10867	0.15897758
10868	0.15853222
10869	0.15721115
10870	0.15729742
10871	0.15742837
10872	0.15728672
10873	0.15731202
10874	0.15745886
10875	0.15757772
10876	0.15759875
10877	0.15759498
10878	0.15751891
10879	0.15742095
10880	0.15673736
10881	0.15655445
10882	0.15640143
10883	0.15616596
10884	0.15589359
10885	0.15563476
10886	0.15528679
10887	0.15478970
10888	0.15427174
10889	0.15360022
10890	0.15288770
10891	0.15199427
10892	0.15117036
10893	0.15049256
10894	0.14943065
10895	0.14827931
10896	0.14696653
10897	0.14556992
10898	0.14411797
10899	0.14257610
10900	0.14130385
10901	0.14038610
10902	0.13963325
10903	0.13915551
10904	0.13915218
10905	0.13930213
10906	0.13949308
10907	0.13985483
10908	0.14045693
10909	0.14122529
10910	0.14203061
10911	0.14281505
10912	0.14344519
10913	0.14385448
10914	0.14398205
10915	0.14382686
10916	0.14330702
10917	0.14236465
10918	0.14104339
10919	0.13965227
10920	0.13800599
10921	0.13616155
10922	0.13420650
10923	0.13213518
10924	0.13001855
10925	0.12776151
10926	0.12558064
10927	0.12332693
10928	0.12102341
10929	0.11863780
10930	0.11629769
10931	0.11391285
10932	0.11155009
10933	0.10932818
10934	0.10714326
10935	0.10513995
10936	0.10324877
10937	0.10152782
10938	0.09983532
10939	0.09837953
10940	0.09709299
10941	0.09603544
10942	0.09511530
10943	0.09440775
10944	0.09386983
10945	0.09339385
10946	0.09324896
10947	0.09316372
10948	0.09335163
10949	0.09350890
10950	0.09403248
10951	0.09478888
10952	0.09539141
10953	0.09603365
10954	0.09690767
10955	0.09775706
10956	0.09865419
10957	0.09958107
10958	0.10054689
10959	0.10150084
10960	0.10244896
10961	0.10353253
10962	0.10459627
10963	0.10565444
10964	0.10649427
10965	0.10826191
10966	0.11004898
10967	0.11210803
10968	0.11456212
10969	0.11781990
10970	0.12076062
10971	0.12425105
10972	0.12800689
10973	0.13186093
10974	0.13569184
10975	0.13928318
10976	0.14265010
10977	0.14555079
10978	0.14790671
10979	0.14960556
10980	0.15069199
10981	0.15105318
10982	0.15079771
10983	0.14998613
10984	0.14874920
10985	0.14714105
10986	0.14554946
10987	0.14408997
10988	0.14172630
10989	0.14016469
10990	0.14381599
10991	0.14903069
10992	0.15241137
10993	0.15420404
10994	0.15322436
10995	0.15225649
10996	0.15236753
10997	0.15255922
10998	0.15241414
10999	0.15239008
11000	0.15194608
11001	0.15140185
11002	0.15078281
11003	0.15062623
11004	0.15080403
11005	0.15080549
11006	0.15097730
11007	0.15119685
11008	0.15135659
11009	0.15146439
11010	0.15147819
11011	0.15137008
11012	0.15112114
11013	0.15095049
11014	0.15035306
11015	0.15017070
11016	0.14983742
11017	0.14939874
11018	0.14892341
11019	0.14832276
11020	0.14762257
11021	0.14682247
11022	0.14597602
11023	0.14497936
11024	0.14402908
11025	0.14327396
11026	0.14211416
11027	0.14084302
11028	0.13941345
11029	0.13787761
11030	0.13627578
11031	0.13465872
11032	0.13320725
11033	0.13205609
11034	0.13090771
11035	0.13006468
11036	0.12964012
11037	0.12927799
11038	0.12889765
11039	0.12858939
11040	0.12838055
11041	0.12819089
11042	0.12780407
11043	0.12728412
11044	0.12658961
11045	0.12559424
11046	0.12435192
11047	0.12285499
11048	0.12106288
11049	0.11900019
11050	0.11682395
11051	0.11453704
11052	0.11216146
11053	0.10971926
11054	0.10723548
11055	0.10466334
11056	0.10213406
11057	0.09965315
11058	0.09708269
11059	0.09453869
11060	0.09200918
11061	0.08950443
11062	0.08704665
11063	0.08479606
11064	0.08260609
11065	0.08059101
11066	0.07882643
11067	0.07725273
11068	0.07595512
11069	0.07496349
11070	0.07425351
11071	0.07383536
11072	0.07375319
11073	0.07400434
11074	0.07449570
11075	0.07521018
11076	0.07644373
11077	0.07774781
11078	0.07942053
11079	0.08156409
11080	0.08360476
11081	0.08577581
11082	0.08802932
11083	0.09051806
11084	0.09319806
11085	0.09594000
11086	0.09865107
11087	0.10155604
11088	0.10440408
11089	0.10721532
11090	0.11001235
11091	0.11286770
11092	0.11555822
11093	0.11800979
11094	0.12058065
11095	0.12301587
11096	0.12550981
11097	0.12797119
11098	0.13089146
11099	0.13326852
11100	0.13604991
11101	0.13897696
11102	0.14197442
11103	0.14501403
11104	0.14802706
11105	0.15087107
11106	0.15348428
11107	0.15557805
11108	0.15739639
11109	0.15885238
11110	0.16041763
11111	0.16115452
11112	0.16155374
11113	0.16165189
11114	0.16153459
11115	0.16128047
11116	0.16108936
11117	0.16106993
11118	0.16108347
11119	0.15917939
11120	0.16039735
11121	0.16497871
11122	0.16892862
11123	0.17123364
11124	0.17181166
11125	0.17134646
11126	0.17169353
11127	0.17227201
11128	0.17215839
11129	0.17205288
11130	0.17182203
11131	0.17147706
11132	0.17099017
11133	0.17078483
11134	0.17043014
11135	0.16998431
11136	0.17034204
11137	0.17034908
11138	0.17033486
11139	0.17021972
11140	0.17016876
11141	0.17009175
11142	0.16983211
11143	0.16948147
11144	0.16896331
11145	0.16866979
11146	0.16813824
11147	0.16800261
11148	0.16760914
11149	0.16716681
11150	0.16656773
11151	0.16588597
11152	0.16511898
11153	0.16423549
11154	0.16327673
11155	0.16249965
11156	0.16136111
11157	0.16006881
11158	0.15869716
11159	0.15719591
11160	0.15571035
11161	0.15440305
11162	0.15332498
11163	0.15235977
11164	0.15161212
11165	0.15129499
11166	0.15125816
11167	0.15158504
11168	0.15226465
11169	0.15324664
11170	0.15448441
11171	0.15589596
11172	0.15734465
11173	0.15858415
11174	0.15960264
11175	0.16030395
11176	0.16055790
11177	0.16035192
11178	0.15957397
11179	0.15837632
11180	0.15646203
11181	0.15434454
11182	0.15216643
11183	0.14961123
11184	0.14683878
11185	0.14397351
11186	0.14105049
11187	0.13802002
11188	0.13508663
11189	0.13210584
11190	0.12915087
11191	0.12613787
11192	0.12316862
11193	0.12018839
11194	0.11722407
11195	0.11434318
11196	0.11159316
11197	0.10920439
11198	0.10675219
11199	0.10455113
11200	0.10270130
11201	0.10114610
11202	0.09980826
11203	0.09879003
11204	0.09805543
11205	0.09757570
11206	0.09730248
11207	0.09718666
11208	0.09745301
11209	0.09783612
11210	0.09847738
11211	0.09953945
11212	0.10063475
11213	0.10172689
11214	0.10296889
11215	0.10438170
11216	0.10586625
11217	0.10736182
11218	0.10899190
11219	0.11064392
11220	0.11227845
11221	0.11395389
11222	0.11567964
11223	0.11729897
11224	0.11865089
11225	0.12048762
11226	0.12220513
11227	0.12401431
11228	0.12606697
11229	0.12864462
11230	0.13090689
11231	0.13369352
11232	0.13675047
11233	0.14006305
11234	0.14355172
11235	0.14712863
11236	0.15066497
11237	0.15406147
11238	0.15721133
11239	0.15995121
11240	0.16219530
11241	0.16388983
11242	0.16505663
11243	0.16565169
11244	0.16580015
11245	0.16551019
11246	0.16491251
11247	0.16438338
11248	0.16362016
11249	0.16159324
11250	0.16048297
11251	0.16419886
11252	0.16904590
11253	0.17206389
11254	0.17396165
11255	0.17341256
11256	0.17266113
11257	0.17270805
11258	0.17269941
11259	0.17219211
11260	0.17171860
11261	0.17116159
11262	0.17073129
11263	0.17027593
11264	0.17022647
11265	0.17012106
11266	0.17007776
11267	0.17043196
11268	0.17066340
11269	0.17070484
11270	0.17065962
11271	0.17067635
11272	0.17060755
11273	0.17043068
11274	0.16994414
11275	0.16968112
11276	0.16965902
11277	0.16938673
11278	0.16914406
11279	0.16885579
11280	0.16840905
11281	0.16789392
11282	0.16725035
11283	0.16649395
11284	0.16570912
11285	0.16511488
11286	0.16410761
11287	0.16304010
11288	0.16185826
11289	0.16061591
11290	0.15927382
11291	0.15799142
11292	0.15689760
11293	0.15606721
11294	0.15550743
11295	0.15509863
11296	0.15499771
11297	0.15524535
11298	0.15567105
11299	0.15627258
11300	0.15695541
11301	0.15789200
11302	0.15895158
11303	0.16016167
11304	0.16136073
11305	0.16246003
11306	0.16340043
11307	0.16409472
11308	0.16447340
11309	0.16445264
11310	0.16395357
11311	0.16330071
11312	0.16245776
11313	0.16114877
11314	0.15957339
11315	0.15777399
11316	0.15579177
11317	0.15367229
11318	0.15136439
11319	0.14896342
11320	0.14649367
11321	0.14388670
11322	0.14114532
11323	0.13832518
11324	0.13541386
11325	0.13247867
11326	0.12951639
11327	0.12659478
11328	0.12375342
11329	0.12125660
11330	0.11864854
11331	0.11615139
11332	0.11388540
11333	0.11185845
11334	0.10999987
11335	0.10832565
11336	0.10687434
11337	0.10565712
11338	0.10454603
11339	0.10383122
11340	0.10323564
11341	0.10319845
11342	0.10291376
11343	0.10307118
11344	0.10320260
11345	0.10361955
11346	0.10418796
11347	0.10495749
11348	0.10564188
11349	0.10651708
11350	0.10744224
11351	0.10843858
11352	0.10928039
11353	0.11033922
11354	0.11126611
11355	0.11208110
11356	0.11323835
11357	0.11451058
11358	0.11603590
11359	0.11783080
11360	0.12011828
11361	0.12304725
11362	0.12623751
11363	0.12999505
11364	0.13420565
11365	0.13881744
11366	0.14375253
11367	0.14884676
11368	0.15397742
11369	0.15903871
11370	0.16381495
11371	0.16810113
11372	0.17187311
11373	0.17509417
11374	0.17771445
11375	0.17979237
11376	0.18139550
11377	0.18251425
11378	0.18322895
11379	0.18372002
11380	0.18375148
11381	0.18327639
11382	0.18205960
11383	0.18436013
11384	0.18861359
11385	0.19219421
11386	0.19481531
11387	0.19540071
11388	0.19499417
11389	0.19521901
11390	0.19575006
11391	0.19584849
11392	0.19558057
11393	0.19535369
11394	0.19474755
11395	0.19433101
11396	0.19391036
11397	0.19406720
11398	0.19429575
11399	0.19386522
11400	0.19435401
11401	0.19442366
11402	0.19444810
11403	0.19423428
11404	0.19426349
11405	0.19424744
11406	0.19406901
11407	0.19395359
11408	0.19393545
11409	0.19378875
11410	0.19359381
11411	0.19326799
11412	0.19282602
11413	0.19224587
11414	0.19159080
11415	0.19084120
11416	0.19029385
11417	0.18929636
11418	0.18826160
11419	0.18709514
11420	0.18586515
11421	0.18453950
11422	0.18320200
11423	0.18186888
11424	0.18073428
11425	0.17976706
11426	0.17916024
11427	0.17856579
11428	0.17818215
11429	0.17825180
11430	0.17844808
11431	0.17880458
11432	0.17922454
11433	0.17984226
11434	0.18044846
11435	0.18103667
11436	0.18156825
11437	0.18185532
11438	0.18192387
11439	0.18157250
11440	0.18090773
11441	0.17975011
11442	0.17813721
11443	0.17613931
11444	0.17405045
11445	0.17175132
11446	0.16910829
11447	0.16627298
11448	0.16332068
11449	0.16027220
11450	0.15703842
11451	0.15379034
11452	0.15042843
11453	0.14695399
11454	0.14344776
11455	0.13986672
11456	0.13629572
11457	0.13280080
11458	0.12941805
11459	0.12616596
11460	0.12339804
11461	0.12052829
11462	0.11776280
11463	0.11540469
11464	0.11331882
11465	0.11149610
11466	0.10995571
11467	0.10864414
11468	0.10759682
11469	0.10672168
11470	0.10619524
11471	0.10577302
11472	0.10564734
11473	0.10583861
11474	0.10618284
11475	0.10640565
11476	0.10690127
11477	0.10753506
11478	0.10829288
11479	0.10910600
11480	0.10996944
11481	0.11082960
11482	0.11171107
11483	0.11252974
11484	0.11325304
11485	0.11382169
11486	0.11451329
11487	0.11492870
11488	0.11514124
11489	0.11568002
11490	0.11610571
11491	0.11674636
11492	0.11756235
11493	0.11874326
11494	0.12049139
11495	0.12213624
11496	0.12416433
11497	0.12640911
11498	0.12874603
11499	0.13100721
11500	0.13313954
11501	0.13504538
11502	0.13657741
11503	0.13773786
11504	0.13851754
11505	0.13885309
11506	0.13885586
11507	0.13850668
11508	0.13783213
11509	0.13713737
11510	0.13673404
11511	0.13471049
11512	0.13307883
11513	0.13648236
11514	0.14134140
11515	0.14374973
11516	0.14585279
11517	0.14557204
11518	0.14489450
11519	0.14488868
11520	0.14493798
11521	0.14487366
11522	0.14456022
11523	0.14385888
11524	0.14319853
11525	0.14281526
11526	0.14270364
11527	0.14271051
11528	0.14285645
11529	0.14304969
11530	0.14326900
11531	0.14334370
11532	0.14340788
11533	0.14341006
11534	0.14333338
11535	0.14309426
11536	0.14247645
11537	0.14240336
11538	0.14229791
11539	0.14215054
11540	0.14195327
11541	0.14169081
11542	0.14127570
11543	0.14075516
11544	0.14011386
11545	0.13936882
11546	0.13858591
11547	0.13779210
11548	0.13720398
11549	0.13624084
11550	0.13514748
11551	0.13400693
11552	0.13277932
11553	0.13150854
11554	0.13047969
11555	0.12947670
11556	0.12877841
11557	0.12830812
11558	0.12794997
11559	0.12802207
11560	0.12830840
11561	0.12865195
11562	0.12912379
11563	0.12980494
11564	0.13058983
11565	0.13140546
11566	0.13222657
11567	0.13294505
11568	0.13350298
11569	0.13385636
11570	0.13395032
11571	0.13381851
11572	0.13332854
11573	0.13246304
11574	0.13150081
11575	0.13046826
11576	0.12919343
11577	0.12773253
11578	0.12620340
11579	0.12455037
11580	0.12288157
11581	0.12116858
11582	0.11938816
11583	0.11754610
11584	0.11560807
11585	0.11365809
11586	0.11163783
11587	0.10960851
11588	0.10766857
11589	0.10579366
11590	0.10413793
11591	0.10257479
11592	0.10111737
11593	0.09986291
11594	0.09876809
11595	0.09791890
11596	0.09727553
11597	0.09680600
11598	0.09659974
11599	0.09648841
11600	0.09675620
11601	0.09714085
11602	0.09777833
11603	0.09857633
11604	0.09977549
11605	0.10105563
11606	0.10229447
11607	0.10389896
11608	0.10538654
11609	0.10712022
11610	0.10911107
11611	0.11102979
11612	0.11290611
11613	0.11489966
11614	0.11691225
11615	0.11889331
11616	0.12085911
11617	0.12293185
11618	0.12484194
11619	0.12688826
11620	0.12898053
11621	0.13130294
11622	0.13385525
11623	0.13658880
11624	0.13976264
11625	0.14304644
11626	0.14665541
11627	0.15049402
11628	0.15448608
11629	0.15852784
11630	0.16248940
11631	0.16631633
11632	0.16982259
11633	0.17290835
11634	0.17559342
11635	0.17777537
11636	0.17950442
11637	0.18083309
11638	0.18172719
11639	0.18226257
11640	0.18248658
11641	0.18284874
11642	0.18266751
11643	0.18053682
11644	0.18164638
11645	0.18606821
11646	0.19024511
11647	0.19305897
11648	0.19452782
11649	0.19408876
11650	0.19417340
11651	0.19444744
11652	0.19449782
11653	0.19437183
11654	0.19393897
11655	0.19323578
11656	0.19243611
11657	0.19220306
11658	0.19222665
11659	0.19219515
11660	0.19232516
11661	0.19238812
11662	0.19234166
11663	0.19201697
11664	0.19202684
11665	0.19197473
11666	0.19173045
11667	0.19152358
11668	0.19127925
11669	0.19112913
11670	0.19140159
11671	0.19102508
11672	0.19068235
11673	0.18993090
11674	0.18945758
11675	0.18887112
11676	0.18817256
11677	0.18739516
11678	0.18656068
11679	0.18590020
11680	0.18491508
11681	0.18377154
11682	0.18256029
11683	0.18122195
11684	0.17976432
11685	0.17825443
11686	0.17695893
11687	0.17589499
11688	0.17487477
11689	0.17395283
11690	0.17331254
11691	0.17293625
11692	0.17275415
11693	0.17285730
11694	0.17323801
11695	0.17386027
11696	0.17454432
11697	0.17528126
11698	0.17594732
11699	0.17640740
11700	0.17662613
11701	0.17653428
11702	0.17608120
11703	0.17524897
11704	0.17394701
11705	0.17221524
11706	0.17048690
11707	0.16837738
11708	0.16602363
11709	0.16354226
11710	0.16092747
11711	0.15823051
11712	0.15541698
11713	0.15259700
11714	0.14968471
11715	0.14675322
11716	0.14372075
11717	0.14058353
11718	0.13746133
11719	0.13435858
11720	0.13131617
11721	0.12850018
11722	0.12578362
11723	0.12320250
11724	0.12085262
11725	0.11861239
11726	0.11670195
11727	0.11503335
11728	0.11366258
11729	0.11247045
11730	0.11158434
11731	0.11097985
11732	0.11045421
11733	0.11033312
11734	0.11037166
11735	0.11049107
11736	0.11086717
11737	0.11160460
11738	0.11235496
11739	0.11343592
11740	0.11462108
11741	0.11578679
11742	0.11714621
11743	0.11879884
11744	0.12047654
11745	0.12214249
11746	0.12397161
11747	0.12580022
11748	0.12767370
11749	0.12959735
11750	0.13155754
11751	0.13295189
11752	0.13535498
11753	0.13725214
11754	0.13914406
11755	0.14113015
11756	0.14341517
11757	0.14526591
11758	0.14725615
11759	0.14925496
11760	0.15121816
11761	0.15294807
11762	0.15441298
11763	0.15534276
11764	0.15588254
11765	0.15652946
11766	0.15640467
11767	0.15589035
11768	0.15527573
11769	0.15465768
11770	0.15406518
11771	0.15363786
11772	0.15342250
11773	0.15358369
11774	0.15434626
11775	0.15484634
11776	0.15306295
11777	0.15578736
11778	0.16027676
11779	0.16236225
11780	0.16385566
11781	0.16378316
11782	0.16360976
11783	0.16396596
11784	0.16423805
11785	0.16449629
11786	0.16455075
11787	0.16428795
11788	0.16339670
11789	0.16309045
11790	0.16309507
11791	0.16320333
11792	0.16333862
11793	0.16350965
11794	0.16359736
11795	0.16360267
11796	0.16358864
11797	0.16359827
11798	0.16328961
11799	0.16309823
11800	0.16283408
11801	0.16278411
11802	0.16260307
11803	0.16235408
11804	0.16199285
11805	0.16157137
11806	0.16141814
11807	0.16032423
11808	0.15956676
11809	0.15869257
11810	0.15775619
11811	0.15677960
11812	0.15608379
11813	0.15494627
11814	0.15377636
11815	0.15248087
11816	0.15109897
11817	0.14963669
11818	0.14827570
11819	0.14720342
11820	0.14630914
11821	0.14572780
11822	0.14519852
11823	0.14526367
11824	0.14568709
11825	0.14622109
11826	0.14697674
11827	0.14787544
11828	0.14897804
11829	0.15009521
11830	0.15121901
11831	0.15220359
11832	0.15296629
11833	0.15351696
11834	0.15376721
11835	0.15367818
11836	0.15323061
11837	0.15226635
11838	0.15115008
11839	0.15000162
11840	0.14851572
11841	0.14680648
11842	0.14498524
11843	0.14304011
11844	0.14098929
11845	0.13884129
11846	0.13666773
11847	0.13432181
11848	0.13196453
11849	0.12952499
11850	0.12711620
11851	0.12475859
11852	0.12247258
11853	0.12035287
11854	0.11844175
11855	0.11673894
11856	0.11511741
11857	0.11379097
11858	0.11268786
11859	0.11187381
11860	0.11136810
11861	0.11113483
11862	0.11118376
11863	0.11155208
11864	0.11209556
11865	0.11309685
11866	0.11428621
11867	0.11580380
11868	0.11746615
11869	0.11950312
11870	0.12190228
11871	0.12423809
11872	0.12693463
11873	0.12955633
11874	0.13247332
11875	0.13532880
11876	0.13812104
11877	0.14086807
11878	0.14361338
11879	0.14625381
11880	0.14872564
11881	0.15092850
11882	0.15353966
11883	0.15567282
11884	0.15746109
11885	0.15937321
11886	0.16112366
11887	0.16297254
11888	0.16461939
11889	0.16625822
11890	0.16784288
11891	0.16932854
11892	0.17062064
11893	0.17168243
11894	0.17236587
11895	0.17252700
11896	0.17245533
11897	0.17217170
11898	0.17204387
11899	0.17133239
11900	0.17049566
11901	0.16977701
11902	0.16913752
11903	0.16868161
11904	0.16862702
11905	0.16879457
11906	0.16968632
11907	0.16959746
11908	0.16884488
11909	0.17253795
11910	0.17628808
11911	0.17819542
11912	0.17922239
11913	0.17942584
11914	0.17940895
11915	0.17941581
11916	0.17915678
11917	0.17904283
11918	0.17888825
11919	0.17838080
11920	0.17757288
11921	0.17728986
11922	0.17688216
11923	0.17666602
11924	0.17655754
11925	0.17646253
11926	0.17626351
11927	0.17613141
11928	0.17598660
11929	0.17552491
11930	0.17517242
11931	0.17491962
11932	0.17460996
11933	0.17441215
11934	0.17406969
11935	0.17374897
11936	0.17391588
11937	0.17324930
11938	0.17270735
11939	0.17168480
11940	0.17092399
11941	0.17007045
11942	0.16916817
11943	0.16826656
11944	0.16724007
11945	0.16637248
11946	0.16518317
11947	0.16390949
11948	0.16270533
11949	0.16175929
11950	0.16114888
11951	0.16090429
11952	0.16065015
11953	0.16083306
11954	0.16132919
11955	0.16211517
11956	0.16307199
11957	0.16420634
11958	0.16568391
11959	0.16736075
11960	0.16915926
11961	0.17097044
11962	0.17265494
11963	0.17420791
11964	0.17549086
11965	0.17649995
11966	0.17710799
11967	0.17721358
11968	0.17688863
11969	0.17645541
11970	0.17576367
11971	0.17459205
11972	0.17321377
11973	0.17163880
11974	0.16981737
11975	0.16793816
11976	0.16593142
11977	0.16380957
11978	0.16160187
11979	0.15925775
11980	0.15681317
11981	0.15427686
11982	0.15168676
11983	0.14910364
11984	0.14660786
11985	0.14419590
11986	0.14215447
11987	0.14003274
11988	0.13815464
11989	0.13654794
11990	0.13516909
11991	0.13410211
11992	0.13329606
11993	0.13277876
11994	0.13253000
11995	0.13248539
11996	0.13261621
11997	0.13311885
11998	0.13368264
11999	0.13469900
12000	0.13563760