	C:\Users\jkuzm\OneDrive - University of Massachusetts\HRSL x UMILL-PUMA Fatigue - Fatigue\Data\F01\FR3_Metabolic2.c3d
	LCAL1
	TARGET
	ORIGINAL
ITEM	X
1	0.18798591
2	0.18541762
3	0.18287396
4	0.18056341
5	0.17839774
6	0.17709382
7	0.17602582
8	0.17563742
9	0.17571342
10	0.17588870
11	0.17607124
12	0.17617753
13	0.17575330
14	0.17463323
15	0.17443863
16	0.17397374
17	0.17330125
18	0.17268334
19	0.17222838
20	0.17176338
21	0.17148614
22	0.17154622
23	0.17185786
24	0.17249909
25	0.17329089
26	0.17430146
27	0.17544475
28	0.17660706
29	0.17768474
30	0.17854176
31	0.17908750
32	0.17905489
33	0.17866471
34	0.17802079
35	0.17705578
36	0.17554286
37	0.17384110
38	0.17196164
39	0.16982134
40	0.16761877
41	0.16543072
42	0.16328417
43	0.16125113
44	0.15932398
45	0.15748331
46	0.15575321
47	0.15409692
48	0.15261047
49	0.15131678
50	0.15018252
51	0.14922488
52	0.14864065
53	0.14868817
54	0.14870365
55	0.14899364
56	0.14966157
57	0.15051568
58	0.15171042
59	0.15395306
60	0.15478928
61	0.15715033
62	0.15943560
63	0.16244000
64	0.16637717
65	0.17001517
66	0.17390722
67	0.17768858
68	0.18412782
69	0.18858209
70	0.19218247
71	0.19644052
72	0.20047964
73	0.20364389
74	0.20716192
75	0.21063463
76	0.21378632
77	0.21680005
78	0.21961492
79	0.22228132
80	0.22463402
81	0.22654529
82	0.22789162
83	0.22801933
84	0.22839421
85	0.22850487
86	0.22865058
87	0.22887434
88	0.22941548
89	0.23052065
90	0.23259854
91	0.23590644
92	0.23867501
93	0.24055122
94	0.24232171
95	0.24499904
96	0.24839699
97	0.25198722
98	0.25576568
99	0.25821561
100	0.25948212
101	0.25979769
102	0.25932425
103	0.25860104
104	0.25773221
105	0.25723451
106	0.25673378
107	0.25620404
108	0.25536105
109	0.25524580
110	0.25514728
111	0.25505060
112	0.25484633
113	0.25444150
114	0.25385037
115	0.25315258
116	0.25233611
117	0.25138012
118	0.25027156
119	0.24921735
120	0.24800423
121	0.24641567
122	0.24497175
123	0.24336649
124	0.24166687
125	0.23988348
126	0.23805453
127	0.23623680
128	0.23405842
129	0.23219350
130	0.22966997
131	0.22674771
132	0.22376496
133	0.22112833
134	0.21856356
135	0.21667103
136	0.21471484
137	0.21320568
138	0.21224618
139	0.21184014
140	0.21163106
141	0.21161073
142	0.21100213
143	0.21051113
144	0.20817043
145	0.20780963
146	0.20670256
147	0.20559710
148	0.20432034
149	0.20314431
150	0.20213306
151	0.20136185
152	0.20078765
153	0.20058756
154	0.20071904
155	0.20118469
156	0.20190589
157	0.20282081
158	0.20379993
159	0.20478389
160	0.20552510
161	0.20590679
162	0.20590317
163	0.20545484
164	0.20476581
165	0.20390637
166	0.20231582
167	0.20051385
168	0.19858000
169	0.19647355
170	0.19429736
171	0.19215617
172	0.19003890
173	0.18802564
174	0.18610266
175	0.18422586
176	0.18245399
177	0.18076898
178	0.17916287
179	0.17774144
180	0.17651241
181	0.17540939
182	0.17454287
183	0.17429419
184	0.17408247
185	0.17408437
186	0.17428178
187	0.17488183
188	0.17557546
189	0.17685178
190	0.17818438
191	0.18009205
192	0.18115844
193	0.18433687
194	0.18931039
195	0.19282974
196	0.19606797
197	0.20117110
198	0.20508081
199	0.21028824
200	0.21348821
201	0.21762347
202	0.22113541
203	0.22391346
204	0.22701913
205	0.22966518
206	0.23208384
207	0.23433806
208	0.23631711
209	0.23819456
210	0.23964126
211	0.24072815
212	0.24118645
213	0.24044180
214	0.24011979
215	0.23941338
216	0.23883218
217	0.23832175
218	0.23826556
219	0.23867063
220	0.24012177
221	0.24182145
222	0.24506648
223	0.24670863
224	0.24755019
225	0.25039130
226	0.25289249
227	0.25539386
228	0.25875548
229	0.26126280
230	0.26261324
231	0.26333708
232	0.26327169
233	0.26287538
234	0.26226434
235	0.26191151
236	0.26151243
237	0.26082748
238	0.26058078
239	0.26029524
240	0.26039124
241	0.26049396
242	0.26051185
243	0.26024818
244	0.25979349
245	0.25923648
246	0.25856978
247	0.25771523
248	0.25678423
249	0.25578982
250	0.25459555
251	0.25308299
252	0.25167757
253	0.25010824
254	0.24836543
255	0.24654503
256	0.24493200
257	0.24300608
258	0.24092741
259	0.23915376
260	0.23682387
261	0.23429453
262	0.23133226
263	0.22850321
264	0.22595389
265	0.22385447
266	0.22170573
267	0.21988817
268	0.21871532
269	0.21781363
270	0.21755715
271	0.21745947
272	0.21737552
273	0.21702433
274	0.21557331
275	0.21528970
276	0.21506478
277	0.21377376
278	0.21290138
279	0.21207848
280	0.21135095
281	0.21085711
282	0.21053179
283	0.21053886
284	0.21087581
285	0.21152478
286	0.21227872
287	0.21334076
288	0.21451524
289	0.21556611
290	0.21660165
291	0.21740276
292	0.21787134
293	0.21790105
294	0.21755074
295	0.21716803
296	0.21610606
297	0.21511061
298	0.21374193
299	0.21226642
300	0.21064503
301	0.20905155
302	0.20746133
303	0.20589785
304	0.20444612
305	0.20300741
306	0.20168544
307	0.20035365
308	0.19914669
309	0.19790831
310	0.19692358
311	0.19598697
312	0.19536549
313	0.19506393
314	0.19528340
315	0.19546512
316	0.19606823
317	0.19662389
318	0.19739364
319	0.19914584
320	0.20058027
321	0.20283119
322	0.20476259
323	0.20649129
324	0.20972419
325	0.21307565
326	0.21351850
327	0.22127996
328	0.22509761
329	0.22926562
330	0.23313144
331	0.23724505
332	0.24093227
333	0.24437977
334	0.24731299
335	0.25022119
336	0.25336981
337	0.25615785
338	0.25884736
339	0.26144031
340	0.26380154
341	0.26604530
342	0.26782122
343	0.26898411
344	0.26966491
345	0.26988825
346	0.26920673
347	0.26928672
348	0.26959473
349	0.26999879
350	0.27125716
351	0.27416375
352	0.27661890
353	0.27859661
354	0.27992451
355	0.28323594
356	0.28702450
357	0.29134879
358	0.29547894
359	0.29905397
360	0.30124316
361	0.30215210
362	0.30303663
363	0.30232912
364	0.30165699
365	0.30095381
366	0.30036819
367	0.30015111
368	0.30018735
369	0.30063501
370	0.30066848
371	0.29999459
372	0.29991230
373	0.29952642
374	0.29888189
375	0.29807729
376	0.29735515
377	0.29628590
378	0.29538155
379	0.29442853
380	0.29340905
381	0.29226589
382	0.29083350
383	0.28942510
384	0.28793386
385	0.28628835
386	0.28456971
387	0.28270724
388	0.28114519
389	0.27904379
390	0.27699697
391	0.27506852
392	0.27195859
393	0.26915234
394	0.26624602
395	0.26355264
396	0.26166445
397	0.25937220
398	0.25776568
399	0.25679371
400	0.25632662
401	0.25623220
402	0.25586876
403	0.25508606
404	0.25418594
405	0.25303093
406	0.25084266
407	0.24971606
408	0.24820124
409	0.24646015
410	0.24486306
411	0.24342971
412	0.24217384
413	0.24122523
414	0.24053408
415	0.24015495
416	0.24021697
417	0.24053325
418	0.24108467
419	0.24182889
420	0.24255022
421	0.24326368
422	0.24384992
423	0.24418424
424	0.24407169
425	0.24358869
426	0.24284908
427	0.24189113
428	0.24021190
429	0.23836416
430	0.23637879
431	0.23424712
432	0.23198991
433	0.22968060
434	0.22736418
435	0.22504970
436	0.22277303
437	0.22050561
438	0.21831001
439	0.21617866
440	0.21412858
441	0.21214180
442	0.21042423
443	0.20887898
444	0.20763364
445	0.20662333
446	0.20622170
447	0.20592928
448	0.20551613
449	0.20553291
450	0.20651434
451	0.20736434
452	0.20873132
453	0.20998719
454	0.21171574
455	0.21284646
456	0.21525347
457	0.21518201
458	0.21818075
459	0.22488251
460	0.22740582
461	0.23048714
462	0.23329270
463	0.23582652
464	0.23820151
465	0.24033871
466	0.24216923
467	0.24402381
468	0.24589592
469	0.24774230
470	0.24963132
471	0.25154719
472	0.25335434
473	0.25488970
474	0.25585636
475	0.25624454
476	0.25623214
477	0.25547501
478	0.25550514
479	0.25652230
480	0.25726378
481	0.25815681
482	0.25950742
483	0.26137570
484	0.26296249
485	0.26499948
486	0.26591131
487	0.26812235
488	0.27125126
489	0.27393103
490	0.27742794
491	0.28040406
492	0.28324354
493	0.28533393
494	0.28649247
495	0.28675348
496	0.28679797
497	0.28627571
498	0.28556722
499	0.28501073
500	0.28488833
501	0.28493354
502	0.28490749
503	0.28473511
504	0.28478017
505	0.28476173
506	0.28432438
507	0.28381965
508	0.28317186
509	0.28243691
510	0.28146917
511	0.28043407
512	0.27927798
513	0.27800187
514	0.27633139
515	0.27475789
516	0.27314433
517	0.27141926
518	0.26957628
519	0.26775479
520	0.26608747
521	0.26401111
522	0.26215687
523	0.25975230
524	0.25714692
525	0.25395757
526	0.25120836
527	0.24860737
528	0.24629298
529	0.24420889
530	0.24205631
531	0.24089845
532	0.23999842
533	0.23906910
534	0.23840901
535	0.23755106
536	0.23669246
537	0.23396026
538	0.23325680
539	0.23193718
540	0.23040542
541	0.22890249
542	0.22753291
543	0.22616041
544	0.22507320
545	0.22420326
546	0.22366251
547	0.22340207
548	0.22342245
549	0.22376813
550	0.22432192
551	0.22505848
552	0.22586910
553	0.22658016
554	0.22709839
555	0.22735618
556	0.22712584
557	0.22651738
558	0.22568592
559	0.22456436
560	0.22336297
561	0.22124429
562	0.21933238
563	0.21720511
564	0.21507664
565	0.21291032
566	0.21081159
567	0.20877856
568	0.20686828
569	0.20498653
570	0.20316783
571	0.20142558
572	0.19973893
573	0.19816910
574	0.19666541
575	0.19535531
576	0.19430508
577	0.19350328
578	0.19291514
579	0.19259384
580	0.19255194
581	0.19295762
582	0.19327836
583	0.19415894
584	0.19542295
585	0.19668803
586	0.19790980
587	0.19861037
588	0.20139675
589	0.20362416
590	0.20690586
591	0.21048276
592	0.21341357
593	0.21648280
594	0.21965995
595	0.22243495
596	0.22523649
597	0.22770441
598	0.22959550
599	0.23194173
600	0.23450416
601	0.23680873
602	0.23892990
603	0.24104576
604	0.24298318
605	0.24456766
606	0.24575014
607	0.24633005
608	0.24639273
609	0.24504228
610	0.24578585
611	0.24578413
612	0.24607876
613	0.24667734
614	0.24792422
615	0.24976118
616	0.25181609
617	0.25366521
618	0.25512931
619	0.25720769
620	0.25975546
621	0.26246959
622	0.26592720
623	0.26913020
624	0.27127501
625	0.27277806
626	0.27351743
627	0.27355498
628	0.27370965
629	0.27306345
630	0.27260759
631	0.27232471
632	0.27186051
633	0.27145803
634	0.27146888
635	0.27144521
636	0.27126205
637	0.27095571
638	0.27033177
639	0.26959032
640	0.26891050
641	0.26779407
642	0.26675788
643	0.26561567
644	0.26436529
645	0.26302758
646	0.26136541
647	0.25983208
648	0.25818878
649	0.25651011
650	0.25474897
651	0.25307381
652	0.25135979
653	0.24932964
654	0.24762514
655	0.24536128
656	0.24273360
657	0.24070457
658	0.23872863
659	0.23733366
660	0.23609912
661	0.23473956
662	0.23416531
663	0.23395102
664	0.23382583
665	0.23382549
666	0.23364951
667	0.23332652
668	0.23242141
669	0.23031962
670	0.22921379
671	0.22764647
672	0.22606480
673	0.22441083
674	0.22283813
675	0.22155562
676	0.22020695
677	0.21933386
678	0.21870811
679	0.21850422
680	0.21864535
681	0.21909225
682	0.21953270
683	0.22013220
684	0.22072877
685	0.22102652
686	0.22108030
687	0.22087154
688	0.22048950
689	0.21981713
690	0.21872965
691	0.21757832
692	0.21617389
693	0.21465328
694	0.21303587
695	0.21144639
696	0.20992450
697	0.20850250
698	0.20716390
699	0.20596921
700	0.20489833
701	0.20390049
702	0.20300663
703	0.20231083
704	0.20177630
705	0.20137103
706	0.20111896
707	0.20114212
708	0.20132381
709	0.20168141
710	0.20255502
711	0.20332402
712	0.20417111
713	0.20569688
714	0.20753531
715	0.20914681
716	0.21126896
717	0.21328481
718	0.21576896
719	0.21836062
720	0.21884681
721	0.22215156
722	0.22831994
723	0.23238784
724	0.23570293
725	0.23849788
726	0.24101709
727	0.24288306
728	0.24490778
729	0.24685381
730	0.24852188
731	0.25000429
732	0.25145501
733	0.25264814
734	0.25371397
735	0.25450647
736	0.25484875
737	0.25471923
738	0.25410405
739	0.25312215
740	0.25213793
741	0.25108662
742	0.25025779
743	0.25002015
744	0.25076044
745	0.25194561
746	0.25364789
747	0.25498095
748	0.25633276
749	0.25900307
750	0.26191729
751	0.26490319
752	0.26818553
753	0.27089584
754	0.27236241
755	0.27316564
756	0.27339512
757	0.27324370
758	0.27309731
759	0.27251866
760	0.27208012
761	0.27151936
762	0.27085483
763	0.27037871
764	0.27028021
765	0.27028900
766	0.27031511
767	0.27010462
768	0.26972052
769	0.26917863
770	0.26856315
771	0.26767164
772	0.26666230
773	0.26552102
774	0.26421633
775	0.26254758
776	0.26093245
777	0.25927109
778	0.25745809
779	0.25556877
780	0.25370482
781	0.25207385
782	0.25004643
783	0.24781662
784	0.24606140
785	0.24359548
786	0.24062274
787	0.23780222
788	0.23490903
789	0.23253781
790	0.23012242
791	0.22812290
792	0.22701114
793	0.22612661
794	0.22570096
795	0.22542064
796	0.22449467
797	0.22332259
798	0.22045313
799	0.21962924
800	0.21816999
801	0.21648383
802	0.21500240
803	0.21373373
804	0.21270300
805	0.21197116
806	0.21153921
807	0.21152659
808	0.21187234
809	0.21252315
810	0.21340092
811	0.21448195
812	0.21562642
813	0.21674421
814	0.21764898
815	0.21826398
816	0.21849307
817	0.21806708
818	0.21727070
819	0.21613842
820	0.21437211
821	0.21238106
822	0.21009576
823	0.20752566
824	0.20479602
825	0.20196190
826	0.19918643
827	0.19647215
828	0.19388230
829	0.19129227
830	0.18874972
831	0.18625684
832	0.18386704
833	0.18156396
834	0.17944975
835	0.17748612
836	0.17586169
837	0.17451254
838	0.17352478
839	0.17293462
840	0.17310064
841	0.17327262
842	0.17385958
843	0.17475663
844	0.17663081
845	0.17792158
846	0.17955068
847	0.18186869
848	0.18406159
849	0.18630062
850	0.19058557
851	0.19344617
852	0.19636181
853	0.20087527
854	0.20497896
855	0.20916310
856	0.21349487
857	0.21680094
858	0.22018293
859	0.22359845
860	0.22711553
861	0.23049554
862	0.23360083
863	0.23674223
864	0.23982050
865	0.24273770
866	0.24541087
867	0.24763544
868	0.24923089
869	0.25012207
870	0.25029734
871	0.24993570
872	0.24951629
873	0.24871752
874	0.24919552
875	0.25012475
876	0.25172770
877	0.25365335
878	0.25545540
879	0.25638640
880	0.25942636
881	0.26376504
882	0.26705647
883	0.27063301
884	0.27423111
885	0.27633500
886	0.27784944
887	0.27818906
888	0.27782089
889	0.27720696
890	0.27653626
891	0.27619082
892	0.27599514
893	0.27629390
894	0.27611491
895	0.27597782
896	0.27541417
897	0.27523747
898	0.27488434
899	0.27418303
900	0.27354527
901	0.27278179
902	0.27200603
903	0.27100411
904	0.27006635
905	0.26871082
906	0.26753750
907	0.26621526
908	0.26476789
909	0.26319805
910	0.26143283
911	0.26001912
912	0.25800940
913	0.25587764
914	0.25359166
915	0.25147194
916	0.24879298
917	0.24534053
918	0.24193443
919	0.23849937
920	0.23505647
921	0.23221327
922	0.22957125
923	0.22719955
924	0.22552213
925	0.22423001
926	0.22272585
927	0.22099112
928	0.21925172
929	0.21642002
930	0.21474558
931	0.21237436
932	0.21047473
933	0.20911637
934	0.20754255
935	0.20638593
936	0.20537476
937	0.20490767
938	0.20479964
939	0.20515817
940	0.20594816
941	0.20713024
942	0.20858207
943	0.21021806
944	0.21194854
945	0.21362622
946	0.21517536
947	0.21647501
948	0.21740827
949	0.21770485
950	0.21759333
951	0.21720907
952	0.21594541
953	0.21468472
954	0.21306381
955	0.21117194
956	0.20923337
957	0.20720699
958	0.20520410
959	0.20328717
960	0.20149052
961	0.19979492
962	0.19819605
963	0.19663538
964	0.19521077
965	0.19387279
966	0.19269451
967	0.19164565
968	0.19086687
969	0.19031678
970	0.19007716
971	0.19015537
972	0.19098613
973	0.19176003
974	0.19240779
975	0.19324815
976	0.19510126
977	0.19731747
978	0.19902514
979	0.20153524
980	0.20378512
981	0.20701319
982	0.21170439
983	0.21481328
984	0.21791022
985	0.22145988
986	0.22409593
987	0.22672690
988	0.22865748
989	0.23010571
990	0.23099990
991	0.23165980
992	0.23167782
993	0.23163384
994	0.23145674
995	0.23114227
996	0.23069084
997	0.23009999
998	0.22919500
999	0.22807416
1000	0.22661431
1001	0.22492991
1002	0.22299522
1003	0.22116798
1004	0.21952239
1005	0.21790966
1006	0.21753539
1007	0.21800692
1008	0.21955642
1009	0.22051068
1010	0.22160012
1011	0.22486728
1012	0.22763218
1013	0.23071881
1014	0.23319237
1015	0.23561834
1016	0.23706962
1017	0.23803434
1018	0.23890008
1019	0.23942471
1020	0.23946811
1021	0.23945776
1022	0.23943514
1023	0.23976654
1024	0.24023159
1025	0.23987509
1026	0.23970883
1027	0.23966998
1028	0.23953348
1029	0.23909396
1030	0.23854356
1031	0.23777619
1032	0.23710802
1033	0.23636991
1034	0.23505343
1035	0.23399937
1036	0.23292966
1037	0.23173831
1038	0.23022106
1039	0.22888072
1040	0.22737576
1041	0.22583382
1042	0.22423346
1043	0.22294082
1044	0.22109652
1045	0.21931076
1046	0.21781416
1047	0.21599333
1048	0.21421275
1049	0.21264219
1050	0.21124354
1051	0.21023984
1052	0.21006267
1053	0.20962414
1054	0.20940115
1055	0.20935126
1056	0.20999479
1057	0.21030813
1058	0.21001852
1059	0.20944367
1060	0.20670851
1061	0.20539650
1062	0.20388983
1063	0.20210546
1064	0.20022029
1065	0.19843948
1066	0.19686884
1067	0.19558021
1068	0.19453953
1069	0.19391926
1070	0.19361167
1071	0.19373620
1072	0.19424346
1073	0.19506010
1074	0.19609357
1075	0.19728985
1076	0.19853099
1077	0.19971605
1078	0.20081641
1079	0.20142207
1080	0.20169231
1081	0.20155205
1082	0.20109922
1083	0.20033573
1084	0.19887002
1085	0.19728488
1086	0.19544160
1087	0.19340178
1088	0.19126906
1089	0.18911314
1090	0.18698527
1091	0.18492959
1092	0.18297067
1093	0.18104587
1094	0.17918362
1095	0.17742157
1096	0.17572787
1097	0.17418866
1098	0.17283911
1099	0.17154948
1100	0.17062946
1101	0.16998497
1102	0.16995806
1103	0.16983204
1104	0.17005067
1105	0.17065786
1106	0.17174347
1107	0.17264526
1108	0.17467630
1109	0.17637460
1110	0.17858656
1111	0.18250550
1112	0.18464175
1113	0.18767409
1114	0.19087861
1115	0.19447628
1116	0.19767311
1117	0.20203927
1118	0.20481175
1119	0.20810112
1120	0.21107148
1121	0.21347587
1122	0.21597803
1123	0.21818465
1124	0.22021343
1125	0.22201763
1126	0.22372702
1127	0.22535819
1128	0.22676294
1129	0.22791488
1130	0.22858094
1131	0.22879526
1132	0.22854275
1133	0.22801365
1134	0.22733130
1135	0.22659110
1136	0.22568795
1137	0.22487047
1138	0.22480859
1139	0.22503282
1140	0.22655609
1141	0.22676769
1142	0.22771305
1143	0.22995482
1144	0.23313414
1145	0.23636809
1146	0.23927519
1147	0.24132116
1148	0.24288931
1149	0.24393195
1150	0.24435273
1151	0.24432121
1152	0.24401696
1153	0.24389966
1154	0.24397168
1155	0.24331670
1156	0.24183311
1157	0.24139175
1158	0.24104038
1159	0.24077664
1160	0.24049206
1161	0.24011934
1162	0.23957086
1163	0.23910220
1164	0.23815323
1165	0.23702484
1166	0.23589741
1167	0.23469076
1168	0.23333125
1169	0.23157841
1170	0.22993897
1171	0.22817284
1172	0.22629194
1173	0.22425459
1174	0.22216235
1175	0.22002518
1176	0.21800391
1177	0.21599087
1178	0.21322493
1179	0.21001998
1180	0.20703121
1181	0.20397444
1182	0.20229161
1183	0.19942650
1184	0.19690767
1185	0.19477889
1186	0.19329017
1187	0.19188358
1188	0.19049111
1189	0.18890674
1190	0.18697721
1191	0.18385379
1192	0.18050903
1193	0.17827240
1194	0.17535780
1195	0.17292634
1196	0.17108992
1197	0.16908965
1198	0.16747342
1199	0.16635962
1200	0.16568217
1201	0.16547114
1202	0.16575754
1203	0.16642299
1204	0.16746788
1205	0.16876303
1206	0.17012309
1207	0.17152371
1208	0.17273174
1209	0.17358944
1210	0.17402756
1211	0.17401382
1212	0.17350197
1213	0.17274085
1214	0.17103674
1215	0.16929919
1216	0.16726726
1217	0.16485360
1218	0.16234197
1219	0.15980329
1220	0.15732482
1221	0.15490758
1222	0.15262552
1223	0.15044178
1224	0.14836650
1225	0.14646357
1226	0.14470698
1227	0.14307399
1228	0.14178973
1229	0.14056548
1230	0.13978033
1231	0.13927723
1232	0.13950168
1233	0.13980886
1234	0.13944383
1235	0.14148185
1236	0.13833275
1237	0.14394565
1238	0.14635359
1239	0.14921661
1240	0.15151772
1241	0.15399885
1242	0.15983246
1243	0.16274537
1244	0.16768768
1245	0.17215949
1246	0.17641728
1247	0.18076509
1248	0.18482296
1249	0.18885776
1250	0.19179133
1251	0.19537479
1252	0.19864768
1253	0.20186950
1254	0.20475645
1255	0.20749365
1256	0.21002886
1257	0.21240547
1258	0.21460474
1259	0.21645202
1260	0.21781839
1261	0.21850726
1262	0.21844575
1263	0.21783599
1264	0.21693929
1265	0.21581355
1266	0.21485218
1267	0.21387832
1268	0.21318305
1269	0.21336989
1270	0.21386345
1271	0.21566467
1272	0.21587811
1273	0.21626239
1274	0.21902844
1275	0.22166270
1276	0.22476211
1277	0.22805396
1278	0.23093422
1279	0.23248692
1280	0.23376897
1281	0.23431355
1282	0.23440404
1283	0.23423515
1284	0.23431119
1285	0.23385403
1286	0.23357579
1287	0.23289421
1288	0.23281144
1289	0.23273875
1290	0.23276137
1291	0.23281334
1292	0.23274574
1293	0.23253636
1294	0.23232007
1295	0.23168899
1296	0.23103209
1297	0.23025610
1298	0.22939904
1299	0.22839017
1300	0.22708173
1301	0.22585747
1302	0.22452399
1303	0.22304648
1304	0.22152579
1305	0.22002502
1306	0.21841832
1307	0.21654756
1308	0.21492095
1309	0.21277274
1310	0.21045105
1311	0.20758490
1312	0.20518214
1313	0.20285504
1314	0.20106901
1315	0.19921099
1316	0.19765645
1317	0.19657029
1318	0.19654053
1319	0.19575924
1320	0.19476569
1321	0.19291325
1322	0.18995078
1323	0.18846647
1324	0.18730357
1325	0.18495516
1326	0.18285201
1327	0.18105647
1328	0.17943659
1329	0.17826453
1330	0.17749409
1331	0.17717318
1332	0.17730550
1333	0.17788231
1334	0.17886981
1335	0.18016683
1336	0.18170941
1337	0.18335254
1338	0.18503219
1339	0.18658325
1340	0.18776651
1341	0.18853274
1342	0.18896858
1343	0.18949339
1344	0.18881008
1345	0.18781210
1346	0.18658572
1347	0.18511078
1348	0.18340147
1349	0.18161853
1350	0.17976743
1351	0.17797321
1352	0.17625913
1353	0.17456862
1354	0.17303778
1355	0.17152870
1356	0.17008798
1357	0.16877422
1358	0.16757341
1359	0.16660909
1360	0.16562255
1361	0.16510940
1362	0.16357286
1363	0.16171992
1364	0.16212992
1365	0.16270350
1366	0.16642646
1367	0.16877243
1368	0.17127724
1369	0.17320944
1370	0.17453372
1371	0.17686974
1372	0.17877841
1373	0.18150812
1374	0.18561642
1375	0.18842399
1376	0.19238818
1377	0.19634053
1378	0.19983700
1379	0.20450194
1380	0.20747831
1381	0.21112885
1382	0.21389775
1383	0.21703056
1384	0.21980824
1385	0.22227925
1386	0.22469279
1387	0.22702613
1388	0.22928509
1389	0.23156095
1390	0.23353349
1391	0.23532416
1392	0.23650579
1393	0.23703657
1394	0.23703951
1395	0.23677398
1396	0.23623687
1397	0.23571913
1398	0.23525538
1399	0.23583873
1400	0.23695159
1401	0.23891789
1402	0.24051730
1403	0.24226558
1404	0.24557708
1405	0.24849759
1406	0.25147584
1407	0.25425276
1408	0.25688407
1409	0.25831217
1410	0.25917798
1411	0.25933281
1412	0.25907907
1413	0.25853348
1414	0.25794944
1415	0.25778574
1416	0.25730512
1417	0.25714552
1418	0.25636393
1419	0.25624689
1420	0.25616369
1421	0.25606024
1422	0.25578666
1423	0.25518155
1424	0.25449219
1425	0.25382093
1426	0.25278515
1427	0.25175017
1428	0.25055844
1429	0.24936803
1430	0.24767920
1431	0.24633603
1432	0.24489129
1433	0.24332054
1434	0.24171822
1435	0.24001612
1436	0.23863600
1437	0.23677130
1438	0.23470572
1439	0.23296040
1440	0.23060930
1441	0.22807483
1442	0.22538903
1443	0.22280078
1444	0.22132601
1445	0.21915746
1446	0.21729773
1447	0.21613348
1448	0.21549384
1449	0.21464251
1450	0.21409526
1451	0.21375376
1452	0.21263854
1453	0.21156135
1454	0.20924422
1455	0.20838143
1456	0.20706689
1457	0.20570098
1458	0.20445785
1459	0.20342463
1460	0.20265301
1461	0.20223659
1462	0.20203449
1463	0.20223093
1464	0.20275821
1465	0.20359129
1466	0.20465189
1467	0.20586731
1468	0.20710823
1469	0.20831122
1470	0.20927712
1471	0.20988290
1472	0.21011642
1473	0.20970693
1474	0.20893319
1475	0.20792581
1476	0.20627473
1477	0.20447829
1478	0.20236357
1479	0.20005475
1480	0.19758223
1481	0.19526099
1482	0.19301651
1483	0.19087172
1484	0.18894309
1485	0.18708405
1486	0.18530571
1487	0.18370219
1488	0.18222797
1489	0.18087134
1490	0.17961274
1491	0.17861341
1492	0.17783019
1493	0.17721544
1494	0.17696394
1495	0.17749679
1496	0.17782360
1497	0.17848362
1498	0.17867373
1499	0.18069276
1500	0.18289356
1501	0.18372092
1502	0.18563960
1503	0.18746851
1504	0.18931901
1505	0.19198488
1506	0.19554941
1507	0.19946271
1508	0.20266339
1509	0.20641178
1510	0.21037580
1511	0.21471906
1512	0.21776667
1513	0.22124752
1514	0.22404599
1515	0.22725651
1516	0.22999223
1517	0.23288062
1518	0.23545700
1519	0.23786481
1520	0.24012943
1521	0.24212359
1522	0.24367096
1523	0.24467087
1524	0.24493346
1525	0.24457717
1526	0.24392663
1527	0.24307810
1528	0.24248736
1529	0.24208240
1530	0.24227990
1531	0.24331735
1532	0.24477038
1533	0.24662471
1534	0.24754603
1535	0.24936754
1536	0.25203025
1537	0.25537083
1538	0.25784746
1539	0.26128700
1540	0.26395068
1541	0.26536900
1542	0.26607874
1543	0.26613453
1544	0.26581436
1545	0.26536706
1546	0.26510298
1547	0.26453459
1548	0.26463971
1549	0.26424828
1550	0.26392794
1551	0.26422060
1552	0.26438910
1553	0.26438600
1554	0.26407892
1555	0.26359406
1556	0.26310858
1557	0.26222289
1558	0.26124895
1559	0.26004809
1560	0.25884947
1561	0.25749350
1562	0.25573069
1563	0.25417763
1564	0.25238389
1565	0.25041288
1566	0.24834764
1567	0.24627700
1568	0.24431531
1569	0.24193449
1570	0.24000630
1571	0.23741443
1572	0.23470129
1573	0.23154208
1574	0.22838543
1575	0.22520119
1576	0.22315504
1577	0.22033978
1578	0.21788381
1579	0.21616068
1580	0.21471940
1581	0.21408962
1582	0.21369223
1583	0.21343386
1584	0.21292131
1585	0.21059987
1586	0.20999476
1587	0.20934412
1588	0.20861110
1589	0.20764406
1590	0.20661587
1591	0.20590241
1592	0.20524727
1593	0.20467153
1594	0.20445795
1595	0.20446815
1596	0.20472036
1597	0.20523246
1598	0.20588204
1599	0.20663850
1600	0.20743306
1601	0.20805460
1602	0.20841710
1603	0.20843457
1604	0.20803854
1605	0.20732497
1606	0.20624125
1607	0.20475131
1608	0.20298208
1609	0.20100018
1610	0.19871272
1611	0.19639295
1612	0.19417098
1613	0.19195472
1614	0.18987076
1615	0.18792933
1616	0.18615225
1617	0.18450110
1618	0.18302804
1619	0.18168503
1620	0.18048798
1621	0.17942461
1622	0.17860050
1623	0.17788173
1624	0.17728344
1625	0.17702244
1626	0.17738864
1627	0.17766996
1628	0.17818150
1629	0.17887798
1630	0.17986804
1631	0.18188640
1632	0.18231034
1633	0.18415749
1634	0.18572226
1635	0.18736754
1636	0.19011894
1637	0.19367348
1638	0.19601093
1639	0.20001803
1640	0.20372075
1641	0.20734565
1642	0.21099174
1643	0.21442316
1644	0.21763797
1645	0.22048441
1646	0.22268692
1647	0.22518621
1648	0.22732973
1649	0.22937794
1650	0.23127061
1651	0.23302795
1652	0.23458563
1653	0.23584980
1654	0.23666114
1655	0.23689358
1656	0.23677224
1657	0.23633051
1658	0.23595384
1659	0.23546842
1660	0.23515557
1661	0.23546062
1662	0.23664299
1663	0.23814124
1664	0.24017757
1665	0.24150345
1666	0.24374525
1667	0.24702434
1668	0.25001588
1669	0.25302106
1670	0.25592545
1671	0.25822827
1672	0.25973481
1673	0.26034793
1674	0.26024929
1675	0.25978756
1676	0.25906205
1677	0.25891453
1678	0.25836343
1679	0.25816390
1680	0.25766712
1681	0.25734511
1682	0.25731090
1683	0.25723633
1684	0.25707507
1685	0.25666717
1686	0.25613248
1687	0.25541630
1688	0.25459656
1689	0.25357756
1690	0.25250095
1691	0.25139078
1692	0.24983597
1693	0.24847595
1694	0.24708010
1695	0.24553095
1696	0.24391572
1697	0.24220176
1698	0.24075183
1699	0.23869373
1700	0.23658474
1701	0.23476431
1702	0.23234092
1703	0.22963707
1704	0.22643298
1705	0.22367269
1706	0.22106063
1707	0.21870022
1708	0.21634014
1709	0.21433419
1710	0.21287042
1711	0.21189874
1712	0.21106471
1713	0.21086995
1714	0.20986699
1715	0.20867491
1716	0.20602405
1717	0.20468035
1718	0.20380948
1719	0.20213905
1720	0.20099467
1721	0.20007496
1722	0.19939579
1723	0.19905336
1724	0.19902101
1725	0.19938329
1726	0.19998495
1727	0.20093517
1728	0.20219885
1729	0.20363714
1730	0.20519277
1731	0.20667328
1732	0.20801333
1733	0.20904002
1734	0.20962648
1735	0.20971465
1736	0.20929289
1737	0.20863609
1738	0.20768639
1739	0.20604636
1740	0.20406376
1741	0.20186596
1742	0.19948331
1743	0.19700271
1744	0.19448192
1745	0.19203177
1746	0.18962078
1747	0.18724784
1748	0.18494074
1749	0.18266171
1750	0.18052618
1751	0.17844327
1752	0.17655645
1753	0.17485105
1754	0.17339632
1755	0.17203395
1756	0.17112352
1757	0.17087495
1758	0.17063254
1759	0.17072360
1760	0.17114244
1761	0.17178087
1762	0.17338946
1763	0.17480116
1764	0.17578420
1765	0.17803383
1766	0.17932688
1767	0.18160105
1768	0.18482392
1769	0.18848574
1770	0.19100222
1771	0.19406626
1772	0.19862348
1773	0.20338891
1774	0.20683368
1775	0.20985058
1776	0.21323471
1777	0.21587397
1778	0.21885395
1779	0.22157536
1780	0.22439678
1781	0.22692959
1782	0.22930419
1783	0.23154092
1784	0.23343867
1785	0.23491277
1786	0.23581241
1787	0.23611651
1788	0.23588930
1789	0.23546970
1790	0.23486917
1791	0.23471154
1792	0.23458102
1793	0.23487246
1794	0.23625128
1795	0.23763332
1796	0.23948707
1797	0.24080767
1798	0.24219599
1799	0.24535696
1800	0.24812786
1801	0.25116721
1802	0.25394180
1803	0.25613916
1804	0.25736901
1805	0.25789639
1806	0.25775948
1807	0.25720567
1808	0.25664389
1809	0.25607780
1810	0.25618321
1811	0.25612977
1812	0.25579458
1813	0.25560963
1814	0.25571403
1815	0.25575811
1816	0.25557715
1817	0.25497460
1818	0.25466508
1819	0.25399339
1820	0.25313535
1821	0.25217471
1822	0.25111029
1823	0.24990009
1824	0.24823773
1825	0.24678046
1826	0.24521403
1827	0.24353905
1828	0.24168447
1829	0.23980646
1830	0.23822258
1831	0.23617767
1832	0.23400389
1833	0.23217794
1834	0.22977667
1835	0.22709110
1836	0.22364599
1837	0.22055277
1838	0.21746698
1839	0.21481794
1840	0.21203186
1841	0.20960377
1842	0.20841303
1843	0.20684783
1844	0.20531672
1845	0.20370227
1846	0.20096570
1847	0.19876558
1848	0.19538468
1849	0.19239981
1850	0.19003731
1851	0.18753725
1852	0.18546569
1853	0.18411683
1854	0.18280198
1855	0.18193993
1856	0.18159519
1857	0.18168016
1858	0.18223383
1859	0.18316615
1860	0.18450481
1861	0.18628892
1862	0.18822546
1863	0.19026713
1864	0.19236407
1865	0.19434518
1866	0.19607125
1867	0.19743134
1868	0.19824344
1869	0.19844304
1870	0.19824070
1871	0.19732340
1872	0.19603381
1873	0.19436955
1874	0.19243436
1875	0.19029419
1876	0.18801795
1877	0.18573935
1878	0.18344492
1879	0.18125628
1880	0.17912821
1881	0.17705992
1882	0.17509657
1883	0.17313676
1884	0.17125569
1885	0.16950530
1886	0.16782619
1887	0.16643105
1888	0.16515937
1889	0.16413377
1890	0.16353433
1891	0.16324118
1892	0.16366270
1893	0.16407758
1894	0.16463473
1895	0.16473065
1896	0.16615386
1897	0.16745844
1898	0.16771193
1899	0.16995978
1900	0.16997136
1901	0.17492627
1902	0.17742440
1903	0.18001832
1904	0.18259333
1905	0.18523619
1906	0.18856524
1907	0.19050132
1908	0.19292006
1909	0.19502519
1910	0.19694479
1911	0.19825567
1912	0.19982958
1913	0.20165034
1914	0.20308985
1915	0.20463479
1916	0.20604862
1917	0.20739087
1918	0.20851053
1919	0.20925677
1920	0.20945482
1921	0.20924591
1922	0.20862086
1923	0.20777085
1924	0.20699695
1925	0.20635752
1926	0.20588437
1927	0.20612802
1928	0.20734826
1929	0.20883609
1930	0.21008548
1931	0.21072851
1932	0.21187915
1933	0.21482183
1934	0.21770424
1935	0.22071786
1936	0.22365013
1937	0.22545348
1938	0.22711435
1939	0.22824472
1940	0.22897066
1941	0.22934644
1942	0.22966476
1943	0.22940715
1944	0.22900535
1945	0.22835356
1946	0.22819650
1947	0.22807661
1948	0.22808765
1949	0.22805023
1950	0.22810706
1951	0.22778153
1952	0.22751886
1953	0.22709806
1954	0.22662967
1955	0.22574371
1956	0.22491135
1957	0.22378802
1958	0.22229435
1959	0.22082323
1960	0.21920787
1961	0.21748522
1962	0.21561600
1963	0.21363574
1964	0.21193565
1965	0.20990585
1966	0.20782149
1967	0.20618808
1968	0.20404971
1969	0.20153157
1970	0.19923773
1971	0.19685331
1972	0.19504528
1973	0.19277316
1974	0.19086511
1975	0.18955423
1976	0.18835293
1977	0.18787162
1978	0.18765055
1979	0.18714544
1980	0.18632759
1981	0.18370146
1982	0.18305427
1983	0.18173403
1984	0.18028511
1985	0.17888550
1986	0.17758159
1987	0.17616358
1988	0.17532568
1989	0.17489976
1990	0.17484584
1991	0.17506535
1992	0.17557937
1993	0.17637579
1994	0.17735858
1995	0.17853397
1996	0.17968504
1997	0.18075073
1998	0.18162403
1999	0.18219975
2000	0.18239290
2001	0.18235625
2002	0.18216322
2003	0.18142404
2004	0.18027590
2005	0.17915256
2006	0.17765021
2007	0.17612393
2008	0.17451401
2009	0.17289309
2010	0.17125872
2011	0.16963612
2012	0.16804828
2013	0.16644369
2014	0.16487503
2015	0.16329361
2016	0.16179942
2017	0.16037047
2018	0.15909083
2019	0.15781312
2020	0.15683791
2021	0.15608054
2022	0.15554631
2023	0.15558051
2024	0.15559164
2025	0.15556286
2026	0.15573147
2027	0.15637963
2028	0.15721820
2029	0.15875344
2030	0.15950094
2031	0.16174863
2032	0.16316850
2033	0.16561963
2034	0.16764668
2035	0.17094603
2036	0.17369476
2037	0.17737161
2038	0.18101454
2039	0.18421742
2040	0.18671039
2041	0.18975545
2042	0.19243471
2043	0.19501169
2044	0.19724390
2045	0.19956717
2046	0.20187026
2047	0.20409399
2048	0.20621198
2049	0.20805900
2050	0.20952988
2051	0.21042809
2052	0.21079965
2053	0.21076658
2054	0.21046859
2055	0.21000548
2056	0.20952658
2057	0.20936415
2058	0.21010014
2059	0.21108691
2060	0.21287340
2061	0.21425478
2062	0.21501835
2063	0.21793169
2064	0.22108933
2065	0.22350582
2066	0.22648779
2067	0.22879986
2068	0.23033561
2069	0.23104101
2070	0.23122495
2071	0.23102415
2072	0.23082945
2073	0.23040357
2074	0.23052056
2075	0.23048945
2076	0.23114505
2077	0.23060153
2078	0.23071738
2079	0.23064204
2080	0.23041373
2081	0.22985122
2082	0.22949520
2083	0.22892115
2084	0.22823577
2085	0.22724685
2086	0.22644761
2087	0.22556520
2088	0.22458375
2089	0.22330230
2090	0.22210017
2091	0.22084251
2092	0.21948075
2093	0.21801610
2094	0.21652825
2095	0.21536760
2096	0.21364650
2097	0.21190220
2098	0.21044204
2099	0.20841295
2100	0.20606036
2101	0.20383389
2102	0.20205079
2103	0.20074102
2104	0.19968756
2105	0.19896236
2106	0.19871865
2107	0.19901086
2108	0.19944642
2109	0.20001937
2110	0.19987366
2111	0.19982782
2112	0.19928682
2113	0.19701409
2114	0.19681373
2115	0.19595395
2116	0.19524792
2117	0.19438468
2118	0.19399641
2119	0.19367491
2120	0.19369970
2121	0.19410606
2122	0.19486095
2123	0.19591436
2124	0.19724850
2125	0.19883287
2126	0.20056249
2127	0.20232280
2128	0.20402971
2129	0.20555438
2130	0.20682269
2131	0.20769699
2132	0.20816492
2133	0.20800467
2134	0.20774250
2135	0.20728026
2136	0.20593764
2137	0.20476978
2138	0.20331180
2139	0.20182966
2140	0.20027739
2141	0.19874933
2142	0.19728331
2143	0.19584036
2144	0.19452524
2145	0.19327199
2146	0.19210877
2147	0.19102928
2148	0.19007552
2149	0.18928388
2150	0.18869948
2151	0.18822789
2152	0.18796402
2153	0.18806468
2154	0.18912271
2155	0.18987615
2156	0.19097017
2157	0.19206084
2158	0.19456854
2159	0.19462021
2160	0.19587971
2161	0.19910292
2162	0.20012851
2163	0.20108059
2164	0.20408332
2165	0.21083091
2166	0.21112077
2167	0.21488169
2168	0.22249606
2169	0.22618860
2170	0.22966208
2171	0.23248966
2172	0.23481557
2173	0.23695184
2174	0.23880962
2175	0.24053851
2176	0.24189207
2177	0.24308471
2178	0.24418034
2179	0.24516107
2180	0.24603279
2181	0.24668656
2182	0.24695951
2183	0.24675675
2184	0.24627198
2185	0.24556738
2186	0.24460472
2187	0.24383785
2188	0.24297741
2189	0.24253708
2190	0.24351858
2191	0.24406506
2192	0.24548212
2193	0.24620296
2194	0.24781747
2195	0.25071979
2196	0.25466079
2197	0.25851208
2198	0.26216635
2199	0.26492891
2200	0.26669356
2201	0.26770687
2202	0.26847953
2203	0.26841635
2204	0.26854992
2205	0.26801682
2206	0.26746899
2207	0.26620552
2208	0.26595393
2209	0.26580134
2210	0.26565644
2211	0.26557428
2212	0.26517755
2213	0.26504329
2214	0.26449636
2215	0.26395193
2216	0.26304421
2217	0.26194543
2218	0.26104519
2219	0.25992563
2220	0.25869250
2221	0.25715277
2222	0.25574350
2223	0.25419128
2224	0.25253332
2225	0.25072330
2226	0.24878302
2227	0.24724980
2228	0.24517643
2229	0.24331661
2230	0.24112287
2231	0.23808624
2232	0.23567443
2233	0.23321618
2234	0.23098354
2235	0.22920188
2236	0.22733790
2237	0.22583939
2238	0.22497132
2239	0.22423883
2240	0.22328101
2241	0.22194578
2242	0.22064807
2243	0.21854469
2244	0.21494755
2245	0.21342096
2246	0.21112642
2247	0.20880549
2248	0.20652969
2249	0.20449600
2250	0.20279144
2251	0.20146531
2252	0.20053430
2253	0.20006081
2254	0.19999099
2255	0.20030290
2256	0.20097472
2257	0.20184416
2258	0.20284735
2259	0.20387061
2260	0.20475414
2261	0.20538740
2262	0.20567007
2263	0.20559947
2264	0.20510241
2265	0.20438990
2266	0.20310761
2267	0.20149380
2268	0.19955647
2269	0.19734281
2270	0.19493988
2271	0.19254941
2272	0.19013946
2273	0.18780518
2274	0.18553977
2275	0.18332183
2276	0.18113877
2277	0.17904802
2278	0.17699306
2279	0.17500168
2280	0.17317544
2281	0.17138134
2282	0.16986077
2283	0.16848683
2284	0.16737832
2285	0.16683789
2286	0.16634835
2287	0.16559947
2288	0.16514713
2289	0.16532464
2290	0.16609499
2291	0.16672847
2292	0.16716537
2293	0.16781099
2294	0.16880094
2295	0.17213036
2296	0.17309356
2297	0.17646515
2298	0.17911159
2299	0.18181248
2300	0.18526262
2301	0.18798409
2302	0.19005276
2303	0.19261132
2304	0.19497716
2305	0.19710161
2306	0.19948758
2307	0.20188656
2308	0.20427711
2309	0.20656699
2310	0.20877521
2311	0.21061729
2312	0.21187054
2313	0.21244742
2314	0.21261728
2315	0.21218841
2316	0.21168900
2317	0.21102594
2318	0.21143700
2319	0.21301082
2320	0.21476570
2321	0.21596977
2322	0.21665096
2323	0.21858640
2324	0.22176860
2325	0.22552124
2326	0.22890823
2327	0.23187903
2328	0.23404266
2329	0.23539932
2330	0.23579104
2331	0.23552397
2332	0.23512711
2333	0.23497170
2334	0.23439391
2335	0.23451303
2336	0.23402891
2337	0.23422652
2338	0.23440650
2339	0.23455821
2340	0.23462474
2341	0.23426536
2342	0.23402189
2343	0.23351231
2344	0.23306109
2345	0.23212169
2346	0.23154487
2347	0.23077047
2348	0.22986747
2349	0.22884993
2350	0.22742644
2351	0.22614309
2352	0.22466603
2353	0.22311109
2354	0.22145262
2355	0.21985239
2356	0.21822734
2357	0.21613055
2358	0.21445535
2359	0.21197209
2360	0.20909362
2361	0.20647524
2362	0.20419763
2363	0.20218815
2364	0.20041206
2365	0.19858058
2366	0.19735052
2367	0.19683988
2368	0.19618945
2369	0.19586305
2370	0.19493188
2371	0.19396172
2372	0.19154173
2373	0.19086330
2374	0.18965752
2375	0.18848370
2376	0.18719031
2377	0.18605769
2378	0.18515955
2379	0.18456066
2380	0.18424262
2381	0.18430187
2382	0.18470100
2383	0.18543287
2384	0.18641448
2385	0.18762548
2386	0.18891586
2387	0.19017416
2388	0.19133125
2389	0.19224577
2390	0.19275981
2391	0.19288857
2392	0.19258882
2393	0.19211294
2394	0.19084464
2395	0.18936603
2396	0.18775649
2397	0.18585658
2398	0.18377182
2399	0.18167597
2400	0.17958590
2401	0.17757660
2402	0.17566118
2403	0.17383055
2404	0.17206907
2405	0.17041452
2406	0.16890442
2407	0.16756253
2408	0.16638827
2409	0.16546240
2410	0.16468006
2411	0.16426536
2412	0.16414574
2413	0.16472705
2414	0.16515073
2415	0.16599390
2416	0.16714691
2417	0.16916803
2418	0.16949476
2419	0.17143284
2420	0.17372991
2421	0.17772385
2422	0.18059915
2423	0.18362872
2424	0.18611602
2425	0.19025758
2426	0.19384211
2427	0.19776121
2428	0.20248194
2429	0.20609552
2430	0.20894971
2431	0.21182787
2432	0.21469714
2433	0.21743244
2434	0.22018281
2435	0.22271687
2436	0.22509022
2437	0.22736588
2438	0.22955406
2439	0.23149057
2440	0.23292732
2441	0.23391615
2442	0.23421913
2443	0.23407464
2444	0.23278674
2445	0.23221317
2446	0.23165764
2447	0.23221768
2448	0.23230854
2449	0.23386179
2450	0.23579183
2451	0.23889409
2452	0.24018839
2453	0.24119277
2454	0.24411598
2455	0.24632756
2456	0.24949333
2457	0.25325042
2458	0.25624183
2459	0.25784984
2460	0.25865132
2461	0.25864941
2462	0.25823146
2463	0.25794724
2464	0.25744644
2465	0.25672755
2466	0.25620314
2467	0.25564194
2468	0.25538111
2469	0.25539237
2470	0.25540900
2471	0.25535962
2472	0.25516602
2473	0.25476041
2474	0.25424105
2475	0.25351787
2476	0.25259224
2477	0.25155783
2478	0.25040996
2479	0.24879685
2480	0.24739189
2481	0.24584904
2482	0.24413712
2483	0.24232216
2484	0.24033567
2485	0.23828442
2486	0.23654173
2487	0.23426998
2488	0.23186751
2489	0.22986989
2490	0.22713628
2491	0.22390601
2492	0.22113028
2493	0.21842521
2494	0.21639805
2495	0.21379580
2496	0.21182168
2497	0.20992748
2498	0.20851181
2499	0.20716414
2500	0.20593140
2501	0.20448466
2502	0.20270884
2503	0.19909295
2504	0.19753514
2505	0.19517450
2506	0.19268243
2507	0.19028571
2508	0.18808119
2509	0.18612725
2510	0.18451568
2511	0.18335183
2512	0.18259105
2513	0.18224470
2514	0.18229435
2515	0.18269774
2516	0.18340324
2517	0.18430549
2518	0.18533581
2519	0.18621069
2520	0.18696058
2521	0.18740334
2522	0.18747647
2523	0.18715784
2524	0.18671928
2525	0.18549795
2526	0.18412311
2527	0.18224786
2528	0.18029127
2529	0.17806761
2530	0.17581435
2531	0.17355104
2532	0.17131494
2533	0.16915135
2534	0.16702937
2535	0.16499916
2536	0.16301648
2537	0.16115044
2538	0.15937757
2539	0.15774211
2540	0.15632123
2541	0.15497270
2542	0.15397000
2543	0.15361749
2544	0.15319008
2545	0.15304308
2546	0.15342277
2547	0.15377545
2548	0.15548375
2549	0.15650599
2550	0.15748468
2551	0.15871072
2552	0.16120428
2553	0.16475977
2554	0.16752166
2555	0.16875285
2556	0.17291652
2557	0.17719652
2558	0.18050596
2559	0.18362141
2560	0.18679474
2561	0.18911101
2562	0.19182456
2563	0.19457255
2564	0.19730671
2565	0.20019422
2566	0.20262864
2567	0.20500638
2568	0.20723048
2569	0.20915525
2570	0.21062121
2571	0.21150808
2572	0.21172564
2573	0.21080290
2574	0.21028107
2575	0.20977581
2576	0.20969246
2577	0.20989138
2578	0.21141341
2579	0.21348278
2580	0.21545742
2581	0.21763383
2582	0.21901475
2583	0.21987486
2584	0.22285080
2585	0.22515544
2586	0.22854951
2587	0.23204736
2588	0.23477146
2589	0.23611520
2590	0.23692492
2591	0.23692152
2592	0.23648638
2593	0.23600666
2594	0.23546618
2595	0.23525234
2596	0.23480588
2597	0.23499621
2598	0.23444848
2599	0.23462889
2600	0.23482290
2601	0.23485367
2602	0.23452176
2603	0.23395945
2604	0.23329268
2605	0.23257865
2606	0.23164119
2607	0.23047870
2608	0.22939792
2609	0.22808474
2610	0.22638810
2611	0.22482875
2612	0.22314635
2613	0.22133780
2614	0.21940053
2615	0.21786939
2616	0.21568760
2617	0.21351190
2618	0.21173379
2619	0.20927776
2620	0.20664406
2621	0.20330346
2622	0.20012231
2623	0.19688860
2624	0.19395265
2625	0.19086267
2626	0.18812245
2627	0.18592274
2628	0.18436307
2629	0.18341619
2630	0.18283680
2631	0.18250316
2632	0.18201271
2633	0.18158302
2634	0.17983811
2635	0.17991143
2636	0.17950617
2637	0.17909589
2638	0.17868745
2639	0.17838661
2640	0.17801374
2641	0.17795002
2642	0.17802376
2643	0.17834941
2644	0.17889383
2645	0.17967808
2646	0.18061113
2647	0.18178771
2648	0.18294770
2649	0.18420386
2650	0.18541288
2651	0.18642253
2652	0.18710253
2653	0.18737689
2654	0.18723360
2655	0.18679936
2656	0.18635608
2657	0.18499734
2658	0.18378630
2659	0.18232720
2660	0.18075323
2661	0.17894503
2662	0.17721477
2663	0.17551062
2664	0.17383982
2665	0.17225131
2666	0.17076777
2667	0.16924512
2668	0.16783154
2669	0.16650747
2670	0.16530503
2671	0.16426156
2672	0.16341391
2673	0.16286108
2674	0.16236751
2675	0.16226940
2676	0.16249016
2677	0.16349141
2678	0.16420412
2679	0.16507493
2680	0.16601139
2681	0.16759650
2682	0.16956475
2683	0.17193155
2684	0.17390363
2685	0.17552310
2686	0.17887139
2687	0.18316956
2688	0.18761109
2689	0.19016473
2690	0.19381689
2691	0.19728674
2692	0.20162201
2693	0.20483728
2694	0.20737386
2695	0.20985202
2696	0.21249455
2697	0.21493317
2698	0.21721198
2699	0.21939781
2700	0.22153042
2701	0.22353856
2702	0.22556275
2703	0.22732322
2704	0.22888000
2705	0.22991018
2706	0.23054986
2707	0.23077171
2708	0.23064651
2709	0.23059008
2710	0.23059464
2711	0.23092853
2712	0.23194356
2713	0.23374680
2714	0.23604597
2715	0.23875961
2716	0.24003009
2717	0.24313997
2718	0.24613382
2719	0.24984729
2720	0.25424758
2721	0.25802523
2722	0.26042244
2723	0.26176947
2724	0.26197654
2725	0.26158902
2726	0.26084432
2727	0.26027569
2728	0.25972933
2729	0.25900856
2730	0.25854623
2731	0.25770295
2732	0.25749651
2733	0.25740919
2734	0.25731087
2735	0.25709069
2736	0.25674987
2737	0.25625929
2738	0.25554448
2739	0.25497076
2740	0.25397170
2741	0.25302112
2742	0.25187856
2743	0.25034785
2744	0.24891579
2745	0.24737710
2746	0.24575333
2747	0.24401897
2748	0.24219534
2749	0.24042656
2750	0.23880109
2751	0.23685175
2752	0.23529401
2753	0.23314318
2754	0.23038082
2755	0.22780357
2756	0.22519110
2757	0.22266857
2758	0.22066441
2759	0.21899344
2760	0.21737200
2761	0.21654779
2762	0.21637253
2763	0.21628486
2764	0.21625605
2765	0.21594119
2766	0.21577016
2767	0.21412334
2768	0.21398139
2769	0.21386884
2770	0.21275069
2771	0.21225534
2772	0.21179217
2773	0.21151030
2774	0.21152522
2775	0.21180090
2776	0.21237583
2777	0.21327592
2778	0.21443437
2779	0.21590236
2780	0.21740644
2781	0.21901467
2782	0.22053212
2783	0.22190574
2784	0.22290787
2785	0.22337270
2786	0.22353050
2787	0.22337118
2788	0.22260004
2789	0.22170301
2790	0.22040302
2791	0.21888292
2792	0.21719010
2793	0.21535362
2794	0.21343148
2795	0.21159711
2796	0.20984925
2797	0.20811288
2798	0.20648505
2799	0.20491323
2800	0.20349126
2801	0.20209779
2802	0.20088090
2803	0.19986050
2804	0.19904229
2805	0.19837569
2806	0.19795123
2807	0.19791710
2808	0.19816022
2809	0.19921693
2810	0.20022097
2811	0.20159294
2812	0.20307685
2813	0.20506325
2814	0.20741209
2815	0.20980613
2816	0.21181785
2817	0.21430272
2818	0.21739724
2819	0.22077507
2820	0.22444037
2821	0.22493464
2822	0.22926660
2823	0.23646577
2824	0.24098338
2825	0.24417710
2826	0.24758232
2827	0.24996352
2828	0.25251737
2829	0.25507507
2830	0.25740719
2831	0.25976029
2832	0.26212680
2833	0.26454368
2834	0.26693535
2835	0.26908979
2836	0.27078170
2837	0.27225533
2838	0.27330801
2839	0.27423483
2840	0.27517605
2841	0.27660969
2842	0.27867472
2843	0.28137788
2844	0.28436229
2845	0.28629586
2846	0.28984907
2847	0.29466349
2848	0.29930493
2849	0.30342117
2850	0.30719674
2851	0.30919376
2852	0.31032297
2853	0.31010991
2854	0.30893826
2855	0.30770761
2856	0.30653879
2857	0.30555105
2858	0.30495879
2859	0.30486098
2860	0.30488890
2861	0.30442256
2862	0.30417073
2863	0.30409318
2864	0.30391496
2865	0.30348688
2866	0.30293828
2867	0.30210745
2868	0.30131343
2869	0.30048615
2870	0.29938334
2871	0.29812166
2872	0.29655147
2873	0.29505029
2874	0.29346719
2875	0.29165858
2876	0.28982788
2877	0.28794122
2878	0.28623122
2879	0.28406727
2880	0.28210095
2881	0.28012875
2882	0.27774498
2883	0.27471754
2884	0.27198189
2885	0.26916179
2886	0.26635528
2887	0.26409420
2888	0.26140621
2889	0.25957006
2890	0.25781342
2891	0.25679675
2892	0.25615710
2893	0.25524011
2894	0.25468433
2895	0.25376666
2896	0.25198177
2897	0.25172952
2898	0.25086665
2899	0.24953635
2900	0.24869035
2901	0.24797520
2902	0.24744390
2903	0.24710828
2904	0.24716930
2905	0.24733794
2906	0.24782865
2907	0.24857679
2908	0.24962737
2909	0.25093716
2910	0.25234798
2911	0.25383398
2912	0.25514385
2913	0.25622553
2914	0.25693390
2915	0.25721624
2916	0.25712779
2917	0.25670218
2918	0.25594729
2919	0.25489995
2920	0.25365904
2921	0.25139579
2922	0.24947858
2923	0.24743024
2924	0.24537225
2925	0.24334656
2926	0.24137534
2927	0.23952542
2928	0.23772852
2929	0.23603776
2930	0.23448439
2931	0.23299599
2932	0.23167089
2933	0.23052377
2934	0.22950894
2935	0.22869231
2936	0.22802238
2937	0.22757171
2938	0.22737360
2939	0.22767375
2940	0.22797450
2941	0.22818306
2942	0.22932634
2943	0.23019698
2944	0.23124997
2945	0.23197290
2946	0.23260336
2947	0.23401593
2948	0.23552825
2949	0.23670806
2950	0.23571163
2951	0.23802455
2952	0.23982663
2953	0.24565554
2954	0.24754080
2955	0.24950977
2956	0.25103995
2957	0.25236419
2958	0.25339401
2959	0.25402379
2960	0.25525886
2961	0.25634596
2962	0.25746530
2963	0.25870711
2964	0.25985542
2965	0.26068977
2966	0.26110134
2967	0.26108673
2968	0.26069465
2969	0.25990772
2970	0.25914657
2971	0.25894040
2972	0.25958320
2973	0.26092407
2974	0.26278013
2975	0.26367807
2976	0.26609260
2977	0.27012578
2978	0.27422369
2979	0.27841976
2980	0.28119868
2981	0.28357476
2982	0.28468692
2983	0.28504559
2984	0.28400120
2985	0.28321144
2986	0.28245676
2987	0.28169966
2988	0.28148964
2989	0.28145382
2990	0.28107283
2991	0.28112853
2992	0.28099146
2993	0.28085414
2994	0.28018090
2995	0.27987543
2996	0.27903080
2997	0.27807954
2998	0.27723816
2999	0.27634808
3000	0.27528417
3001	0.27405593
3002	0.27244994
3003	0.27101323
3004	0.26931408
3005	0.26759845
3006	0.26571643
3007	0.26410186
3008	0.26199105
3009	0.25973123
3010	0.25783262
3011	0.25536191
3012	0.25250283
3013	0.24930824
3014	0.24628431
3015	0.24315293
3016	0.24056137
3017	0.23727816
3018	0.23439161
3019	0.23183878
3020	0.22986202
3021	0.22843800
3022	0.22720540
3023	0.22612973
3024	0.22506303
3025	0.22352766
3026	0.22136237
3027	0.22032905
3028	0.21919116
3029	0.21799605
3030	0.21680175
3031	0.21573690
3032	0.21487720
3033	0.21421306
3034	0.21379910
3035	0.21364999
3036	0.21382645
3037	0.21424824
3038	0.21486969
3039	0.21576448
3040	0.21666756
3041	0.21771349
3042	0.21855015
3043	0.21928599
3044	0.21971782
3045	0.21972683
3046	0.21916007
3047	0.21810985
3048	0.21673644
3049	0.21512194
3050	0.21319674
3051	0.21075074
3052	0.20810312
3053	0.20537150
3054	0.20263427
3055	0.19981091
3056	0.19695184
3057	0.19417407
3058	0.19142663
3059	0.18866131
3060	0.18601254
3061	0.18339147
3062	0.18086228
3063	0.17854908
3064	0.17638746
3065	0.17445037
3066	0.17263281
3067	0.17122249
3068	0.17049356
3069	0.16982748
3070	0.16943198
3071	0.16943190
3072	0.16907880
3073	0.17129561
3074	0.17213078
3075	0.17246820
3076	0.17475460
3077	0.17654333
3078	0.17832895
3079	0.18157756
3080	0.18388039
3081	0.18762483
3082	0.19169843
3083	0.19422998
3084	0.19744605
3085	0.20057397
3086	0.20349453
3087	0.20591015
3088	0.20801519
3089	0.20958887
3090	0.21145216
3091	0.21272008
3092	0.21374561
3093	0.21458970
3094	0.21509652
3095	0.21495953
3096	0.21430475
3097	0.21297620
3098	0.21145850
3099	0.20970646
3100	0.20833783
3101	0.20707780
3102	0.20629761
3103	0.20563112
3104	0.20524999
3105	0.20500785
3106	0.20477670
3107	0.20500796
3108	0.20505224
3109	0.20453614
3110	0.20607397
3111	0.20950270
3112	0.21265803
3113	0.21547186
3114	0.21846916
3115	0.22090150
3116	0.22311872
3117	0.22450383
3118	0.22527499
3119	0.22511046
3120	0.22510837
3121	0.22499458
3122	0.22511058
3123	0.22601104
3124	0.22615890
3125	0.22637206
3126	0.22662494
3127	0.22633913
3128	0.22608867
3129	0.22571565
3130	0.22523974
3131	0.22483532
3132	0.22407247
3133	0.22329284
3134	0.22241095
3135	0.22139934
3136	0.22024767
3137	0.21866249
3138	0.21723568
3139	0.21575415
3140	0.21413833
3141	0.21252608
3142	0.21125780
3143	0.20960511
3144	0.20794694
3145	0.20658985
3146	0.20486020
3147	0.20281036
3148	0.20113511
3149	0.19939688
3150	0.19823335
3151	0.19699313
3152	0.19599736
3153	0.19523226
3154	0.19481337
3155	0.19461364
3156	0.19417381
3157	0.19359769
3158	0.19227949
3159	0.19077538
3160	0.18833780
3161	0.18709479
3162	0.18477184
3163	0.18260147
3164	0.18134852
3165	0.18007265
3166	0.17896233
3167	0.17836097
3168	0.17815317
3169	0.17840885
3170	0.17903934
3171	0.18006887
3172	0.18139684
3173	0.18298626
3174	0.18475288
3175	0.18656603
3176	0.18832220
3177	0.18994620
3178	0.19131872
3179	0.19226381
3180	0.19302097
3181	0.19302540
3182	0.19260040
3183	0.19211608
3184	0.19128816
3185	0.19022058
3186	0.18896516
3187	0.18757956
3188	0.18619740
3189	0.18477912
3190	0.18342134
3191	0.18206669
3192	0.18072464
3193	0.17944111
3194	0.17815492
3195	0.17689811
3196	0.17573188
3197	0.17471407
3198	0.17364661
3199	0.17294122
3200	0.17243543
3201	0.17220961
3202	0.17267282
3203	0.17302664
3204	0.17386422
3205	0.17411026
3206	0.17566733
3207	0.17721196
3208	0.17902286
3209	0.18064293
3210	0.18283634
3211	0.18560036
3212	0.18934874
3213	0.19242498
3214	0.19595222
3215	0.19929364
3216	0.20405419
3217	0.20699282
3218	0.21057077
3219	0.21389674
3220	0.21703558
3221	0.21928954
3222	0.22192286
3223	0.22426957
3224	0.22648652
3225	0.22862750
3226	0.23072837
3227	0.23274709
3228	0.23445666
3229	0.23597531
3230	0.23698689
3231	0.23744725
3232	0.23755753
3233	0.23752977
3234	0.23723197
3235	0.23726860
3236	0.23792565
3237	0.23925097
3238	0.24152240
3239	0.24321680
3240	0.24480130
3241	0.24845237
3242	0.25228724
3243	0.25637627
3244	0.25974435
3245	0.26174042
3246	0.26356196
3247	0.26442152
3248	0.26445124
3249	0.26398593
3250	0.26330113
3251	0.26263347
3252	0.26192564
3253	0.26177108
3254	0.26183772
3255	0.26140344
3256	0.26127112
3257	0.26095563
3258	0.26096943
3259	0.26063377
3260	0.26011264
3261	0.25950372
3262	0.25883698
3263	0.25784391
3264	0.25676057
3265	0.25562078
3266	0.25433725
3267	0.25293240
3268	0.25100631
3269	0.24924554
3270	0.24740404
3271	0.24536943
3272	0.24324484
3273	0.24108925
3274	0.23920202
3275	0.23687431
3276	0.23488186
3277	0.23207641
3278	0.22934826
3279	0.22615938
3280	0.22325076
3281	0.22050633
3282	0.21849899
3283	0.21599779
3284	0.21433318
3285	0.21273912
3286	0.21180885
3287	0.21101345
3288	0.21016887
3289	0.20929806
3290	0.20782140
3291	0.20564872
3292	0.20453882
3293	0.20306957
3294	0.20167010
3295	0.20037819
3296	0.19943009
3297	0.19851622
3298	0.19809009
3299	0.19799010
3300	0.19823886
3301	0.19886850
3302	0.19981442
3303	0.20100060
3304	0.20232180
3305	0.20374045
3306	0.20507552
3307	0.20625934
3308	0.20711310
3309	0.20755406
3310	0.20762905
3311	0.20732376
3312	0.20677775
3313	0.20568980
3314	0.20444910
3315	0.20294087
3316	0.20122074
3317	0.19944917
3318	0.19762777
3319	0.19585684
3320	0.19415440
3321	0.19249611
3322	0.19092239
3323	0.18945903
3324	0.18801707
3325	0.18670376
3326	0.18545111
3327	0.18435420
3328	0.18341833
3329	0.18258208
3330	0.18198270
3331	0.18168731
3332	0.18221985
3333	0.18210161
3334	0.18256651
3335	0.18344763
3336	0.18432066
3337	0.18550622
3338	0.18635939
3339	0.18781039
3340	0.18913929
3341	0.19214186
3342	0.19528180
3343	0.19686717
3344	0.19936308
3345	0.20195025
3346	0.20474193
3347	0.20763099
3348	0.20945360
3349	0.21160531
3350	0.21344538
3351	0.21485209
3352	0.21656875
3353	0.21806543
3354	0.21953310
3355	0.22096744
3356	0.22235489
3357	0.22357914
3358	0.22465928
3359	0.22547927
3360	0.22575501
3361	0.22569884
3362	0.22535431
3363	0.22497804
3364	0.22465923
3365	0.22464134
3366	0.22487836
3367	0.22539982
3368	0.22686940
3369	0.22838268
3370	0.23016213
3371	0.23166926
3372	0.23339996
3373	0.23696834
3374	0.24029085
3375	0.24376146
3376	0.24694774
3377	0.24985133
3378	0.25200531
3379	0.25308117
3380	0.25344974
3381	0.25337124
3382	0.25298434
3383	0.25248295
3384	0.25252521
3385	0.25193986
3386	0.25187418
3387	0.25160453
3388	0.25163218
3389	0.25152510
3390	0.25129393
3391	0.25092065
3392	0.25031823
3393	0.24978358
3394	0.24901302
3395	0.24806720
3396	0.24711420
3397	0.24602422
3398	0.24478878
3399	0.24323641
3400	0.24178028
3401	0.24015976
3402	0.23845965
3403	0.23674819
3404	0.23491611
3405	0.23348485
3406	0.23156780
3407	0.22955081
3408	0.22792433
3409	0.22559406
3410	0.22277124
3411	0.22040309
3412	0.21817319
3413	0.21649058
3414	0.21478273
3415	0.21347782
3416	0.21270557
3417	0.21243705
3418	0.21233755
3419	0.21220420
3420	0.21180128
3421	0.21110679
3422	0.20900270
3423	0.20859191
3424	0.20763899
3425	0.20659435
3426	0.20540978
3427	0.20439033
3428	0.20351650
3429	0.20287415
3430	0.20253332
3431	0.20239136
3432	0.20262697
3433	0.20324712
3434	0.20419796
3435	0.20540552
3436	0.20679079
3437	0.20823902
3438	0.20971127
3439	0.21108954
3440	0.21210904
3441	0.21276233
3442	0.21315786
3443	0.21311536
3444	0.21291175
3445	0.21262386
3446	0.21139225
3447	0.21030277
3448	0.20887989
3449	0.20739439
3450	0.20575438
3451	0.20408793
3452	0.20234847
3453	0.20064203
3454	0.19892573
3455	0.19722678
3456	0.19554511
3457	0.19391528
3458	0.19240583
3459	0.19107294
3460	0.18993072
3461	0.18884076
3462	0.18857266
3463	0.18829779
3464	0.18833207
3465	0.18870035
3466	0.18925872
3467	0.18978652
3468	0.18989851
3469	0.19122061
3470	0.19401073
3471	0.19604242
3472	0.19709617
3473	0.20185947
3474	0.20258683
3475	0.20538370
3476	0.20927073
3477	0.21241604
3478	0.21506131
3479	0.21830603
3480	0.22002241
3481	0.22223212
3482	0.22407702
3483	0.22577128
3484	0.22701740
3485	0.22859697
3486	0.23052420
3487	0.23236167
3488	0.23437397
3489	0.23657794
3490	0.23877455
3491	0.24078627
3492	0.24251205
3493	0.24336047
3494	0.24529099
3495	0.24661279
3496	0.24782024
3497	0.24924360
3498	0.25059786
3499	0.25186789
3500	0.25399196
3501	0.25642356
3502	0.25898430
3503	0.26029143
3504	0.26260805
3505	0.26480144
3506	0.26887339
3507	0.27317223
3508	0.27714229
3509	0.27995411
3510	0.28203654
3511	0.28373367
3512	0.28418270
3513	0.28412864
3514	0.28399393
3515	0.28417349
3516	0.28402686
3517	0.28373280
3518	0.28345737
3519	0.28349289
3520	0.28340486
3521	0.28328955
3522	0.28293446
3523	0.28246456
3524	0.28200930
3525	0.28165933
3526	0.28085798
3527	0.28009960
3528	0.27929848
3529	0.27828753
3530	0.27714300
3531	0.27545565
3532	0.27387026
3533	0.27213809
3534	0.27023247
3535	0.26815617
3536	0.26598087
3537	0.26432797
3538	0.26198193
3539	0.26018846
3540	0.25786695
3541	0.25505102
3542	0.25235412
3543	0.24991480
3544	0.24749385
3545	0.24575043
3546	0.24336335
3547	0.24153033
3548	0.24001665
3549	0.23880829
3550	0.23761982
3551	0.23620175
3552	0.23452486
3553	0.23252110
3554	0.22935943
3555	0.22732300
3556	0.22497298
3557	0.22259066
3558	0.22027369
3559	0.21810819
3560	0.21622118
3561	0.21469510
3562	0.21359912
3563	0.21266806
3564	0.21223761
3565	0.21216758
3566	0.21241172
3567	0.21286418
3568	0.21346766
3569	0.21409653
3570	0.21461216
3571	0.21484578
3572	0.21473019
3573	0.21422081
3574	0.21340744
3575	0.21214662
3576	0.21082218
3577	0.20890303
3578	0.20674485
3579	0.20448497
3580	0.20219694
3581	0.19986756
3582	0.19759628
3583	0.19542174
3584	0.19330148
3585	0.19127968
3586	0.18928099
3587	0.18746389
3588	0.18565485
3589	0.18399021
3590	0.18234774
3591	0.18099925
3592	0.17986117
3593	0.17903532
3594	0.17872533
3595	0.17842382
3596	0.17842196
3597	0.17864460
3598	0.17928766
3599	0.17958982
3600	0.18122995
3601	0.18278356
3602	0.18403931
3603	0.18578050
3604	0.18808186
3605	0.19144866
3606	0.19420137
3607	0.19892815
3608	0.20267008
3609	0.20624095
3610	0.21044756
3611	0.21301748
3612	0.21600048
3613	0.21862011
3614	0.22093396
3615	0.22255751
3616	0.22476655
3617	0.22657740
3618	0.22834769
3619	0.23001137
3620	0.23150118
3621	0.23280026
3622	0.23362817
3623	0.23398620
3624	0.23381144
3625	0.23343480
3626	0.23306008
3627	0.23288687
3628	0.23270440
3629	0.23315960
3630	0.23467201
3631	0.23699106
3632	0.23828177
3633	0.23842087
3634	0.23898086
3635	0.24093264
3636	0.24335349
3637	0.24533181
3638	0.24764636
3639	0.24969555
3640	0.25080696
3641	0.25138795
3642	0.25145271
3643	0.25115293
3644	0.25120893
3645	0.25021896
3646	0.24923722
3647	0.24781671
3648	0.24720638
3649	0.24667706
3650	0.24625644
3651	0.24597898
3652	0.24585719
3653	0.24515755
3654	0.24458997
3655	0.24405289
3656	0.24311759
3657	0.24217544
3658	0.24108250
3659	0.23992029
3660	0.23828901
3661	0.23695083
3662	0.23540723
3663	0.23382854
3664	0.23222832
3665	0.23064972
3666	0.22933729
3667	0.22756603
3668	0.22582704
3669	0.22439729
3670	0.22234316
3671	0.22005105
3672	0.21735825
3673	0.21495700
3674	0.21259147
3675	0.21083449
3676	0.20910875
3677	0.20815074
3678	0.20765497
3679	0.20729312
3680	0.20738611
3681	0.20682712
3682	0.20620430
3683	0.20554662
3684	0.20370300
3685	0.20245880
3686	0.20078394
3687	0.19988680
3688	0.19864823
3689	0.19760665
3690	0.19685222
3691	0.19641557
3692	0.19630277
3693	0.19658346
3694	0.19714664
3695	0.19803074
3696	0.19912234
3697	0.20039652
3698	0.20169526
3699	0.20293367
3700	0.20399079
3701	0.20462601
3702	0.20492984
3703	0.20497610
3704	0.20427696
3705	0.20314012
3706	0.20185831
3707	0.20037431
3708	0.19859894
3709	0.19666122
3710	0.19469646
3711	0.19275881
3712	0.19095317
3713	0.18924725
3714	0.18774791
3715	0.18640065
3716	0.18523255
3717	0.18420011
3718	0.18333350
3719	0.18259723
3720	0.18205673
3721	0.18168844
3722	0.18153770
3723	0.18133466
3724	0.18157542
3725	0.18258899
3726	0.18323088
3727	0.18412805
3728	0.18551716
3729	0.18723667
3730	0.18793651
3731	0.18967199
3732	0.19078131
3733	0.19264844
3734	0.19392699
3735	0.19655186
3736	0.19863382
3737	0.20282225
3738	0.20555143
3739	0.20839971
3740	0.21132030
3741	0.21425319
3742	0.21606475
3743	0.21817151
3744	0.22002475
3745	0.22177750
3746	0.22283787
3747	0.22448388
3748	0.22581227
3749	0.22691958
3750	0.22781993
3751	0.22845383
3752	0.22874333
3753	0.22873588
3754	0.22839530
3755	0.22785045
3756	0.22733697
3757	0.22689500
3758	0.22658381
3759	0.22659366
3760	0.22738642
3761	0.22856900
3762	0.23010463
3763	0.23123501
3764	0.23248243
3765	0.23545349
3766	0.23899209
3767	0.24232960
3768	0.24525568
3769	0.24720803
3770	0.24879618
3771	0.24938846
3772	0.24919437
3773	0.24864206
3774	0.24781020
3775	0.24691886
3776	0.24734412
3777	0.24666449
3778	0.24562825
3779	0.24441940
3780	0.24385260
3781	0.24325386
3782	0.24257739
3783	0.24179907
3784	0.24081300
3785	0.23969904
3786	0.23879649
3787	0.23754209
3788	0.23639724
3789	0.23520599
3790	0.23361403
3791	0.23234822
3792	0.23101740
3793	0.22960988
3794	0.22804117
3795	0.22644132
3796	0.22464837
3797	0.22308142
3798	0.22136079
3799	0.21880676
3800	0.21568209
3801	0.21272883
3802	0.20979699
3803	0.20716882
3804	0.20460406
3805	0.20237011
3806	0.20080084
3807	0.19939287
3808	0.19876999
3809	0.19772202
3810	0.19676037
3811	0.19552770
3812	0.19430234
3813	0.19255646
3814	0.19036640
3815	0.18885998
3816	0.18706751
3817	0.18611208
3818	0.18505505
3819	0.18429558
3820	0.18395270
3821	0.18392670
3822	0.18431012
3823	0.18501769
3824	0.18601257
3825	0.18729456
3826	0.18873496
3827	0.19032812
3828	0.19188179
3829	0.19333796
3830	0.19465706
3831	0.19564815
3832	0.19627002
3833	0.19642223
3834	0.19584119
3835	0.19506268
3836	0.19385375
3837	0.19247977
3838	0.19060467
3839	0.18868235
3840	0.18666615
3841	0.18460815
3842	0.18260261
3843	0.18072480
3844	0.17895238
3845	0.17728972
3846	0.17574538
3847	0.17428620
3848	0.17287101
3849	0.17162509
3850	0.17049263
3851	0.16953948
3852	0.16873278
3853	0.16813757
3854	0.16777840
3855	0.16778518
3856	0.16858244
3857	0.16903873
3858	0.16978633
3859	0.17005530
3860	0.17125790
3861	0.17264844
3862	0.17484832
3863	0.17617907
3864	0.17750321
3865	0.18120418
3866	0.18499099
3867	0.18793254
3868	0.19037162
3869	0.19387299
3870	0.19788049
3871	0.20249832
3872	0.20634225
3873	0.20941168
3874	0.21349341
3875	0.21717167
3876	0.22034141
3877	0.22416142
3878	0.22775111
3879	0.23139594
3880	0.23491839
3881	0.23823529
3882	0.24119768
3883	0.24358304
3884	0.24534076
3885	0.24632429
3886	0.24681033
3887	0.24720222
3888	0.24745046
3889	0.24798584
3890	0.24915197
3891	0.25135553
3892	0.25376967
3893	0.25668949
3894	0.25882161
3895	0.26058421
3896	0.26339909
3897	0.26640749
3898	0.27030307
3899	0.27410051
3900	0.27685189
3901	0.27835813
3902	0.27888587
3903	0.27915075
3904	0.27832189
3905	0.27755216
3906	0.27671170
3907	0.27650407
3908	0.27566752
3909	0.27500507
3910	0.27477652
3911	0.27450493
3912	0.27424434
3913	0.27397373
3914	0.27360645
3915	0.27290773
3916	0.27224690
3917	0.27137423
3918	0.27059925
3919	0.26924682
3920	0.26811510
3921	0.26706678
3922	0.26563272
3923	0.26444504
3924	0.26321822
3925	0.26203457
3926	0.26077205
3927	0.25946358
3928	0.25853914
3929	0.25707063
3930	0.25550374
3931	0.25417691
3932	0.25221786
3933	0.24965879
3934	0.24762930
3935	0.24561396
3936	0.24409705
3937	0.24293831
3938	0.24229221
3939	0.24218184
3940	0.24263208
3941	0.24233045
3942	0.24238053
3943	0.24179052
3944	0.24101847
3945	0.23982674
3946	0.23757185
3947	0.23696308
3948	0.23572433
3949	0.23437972
3950	0.23324931
3951	0.23236147
3952	0.23171557
3953	0.23139106
3954	0.23148969
3955	0.23173442
3956	0.23240507
3957	0.23338108
3958	0.23461515
3959	0.23597328
3960	0.23740618
3961	0.23878203
3962	0.24002348
3963	0.24095027
3964	0.24140480
3965	0.24139039
3966	0.24100456
3967	0.24047555
3968	0.23914428
3969	0.23758174
3970	0.23594417
3971	0.23413014
3972	0.23226483
3973	0.23028262
3974	0.22848672
3975	0.22671005
3976	0.22508904
3977	0.22359468
3978	0.22221787
3979	0.22102398
3980	0.21993063
3981	0.21900834
3982	0.21823399
3983	0.21764621
3984	0.21723039
3985	0.21708810
3986	0.21707374
3987	0.21744409
3988	0.21872553
3989	0.21954162
3990	0.22020625
3991	0.22163618
3992	0.22321485
3993	0.22469473
3994	0.22652029
3995	0.22781564
3996	0.23296629
3997	0.23290899
3998	0.23542187
3999	0.23490331
4000	0.23776159
4001	0.24098031
4002	0.24702857
4003	0.24856989
4004	0.25189751
4005	0.25406206
4006	0.25654027
4007	0.25851658
4008	0.26029226
4009	0.26196462
4010	0.26353884
4011	0.26510409
4012	0.26665089
4013	0.26819676
4014	0.26942280
4015	0.27026084
4016	0.27066126
4017	0.27051914
4018	0.27008900
4019	0.26953647
4020	0.26896754
4021	0.26859638
4022	0.26855302
4023	0.26939332
4024	0.27113697
4025	0.27276763
4026	0.27251139
4027	0.27455482
4028	0.27801749
4029	0.28216240
4030	0.28580672
4031	0.28912500
4032	0.29211587
4033	0.29333550
4034	0.29377842
4035	0.29361650
4036	0.29317462
4037	0.29304454
4038	0.29233825
4039	0.29160368
4040	0.29054242
4041	0.28998211
4042	0.28973573
4043	0.28961912
4044	0.28957230
4045	0.28958103
4046	0.28938565
4047	0.28904605
4048	0.28855297
4049	0.28809595
4050	0.28743002
4051	0.28639957
4052	0.28555471
4053	0.28448570
4054	0.28343788
4055	0.28210282
4056	0.28087953
4057	0.27950573
4058	0.27809575
4059	0.27664489
4060	0.27511695
4061	0.27353883
4062	0.27188471
4063	0.27050090
4064	0.26844943
4065	0.26627192
4066	0.26414356
4067	0.26235262
4068	0.26098096
4069	0.25977024
4070	0.25909314
4071	0.25919282
4072	0.25903866
4073	0.25896356
4074	0.25860852
4075	0.25810298
4076	0.25708002
4077	0.25396055
4078	0.25277221
4079	0.25106946
4080	0.24885865
4081	0.24673948
4082	0.24460474
4083	0.24266279
4084	0.24111894
4085	0.23971988
4086	0.23851636
4087	0.23802225
4088	0.23782201
4089	0.23811054
4090	0.23875286
4091	0.23966421
4092	0.24069801
4093	0.24172400
4094	0.24259070
4095	0.24324034
4096	0.24351616
4097	0.24361639
4098	0.24293493
4099	0.24218847
4100	0.24112444
4101	0.23973225
4102	0.23805350
4103	0.23629980
4104	0.23455109
4105	0.23261096
4106	0.23080842
4107	0.22905354
4108	0.22738585
4109	0.22575042
4110	0.22419645
4111	0.22265947
4112	0.22123577
4113	0.21992761
4114	0.21862647
4115	0.21760200
4116	0.21686372
4117	0.21632409
4118	0.21606100
4119	0.21650805
4120	0.21704662
4121	0.21722949
4122	0.21776263
4123	0.21937904
4124	0.22096451
4125	0.22210397
4126	0.22410148
4127	0.22679108
4128	0.22768161
4129	0.22750767
4130	0.23037970
4131	0.23349623
4132	0.23653725
4133	0.24368985
4134	0.24559972
4135	0.24957202
4136	0.25248319
4137	0.25527754
4138	0.25826961
4139	0.26064083
4140	0.26200134
4141	0.26364082
4142	0.26513088
4143	0.26655820
4144	0.26785457
4145	0.26902595
4146	0.26985320
4147	0.27020714
4148	0.27007392
4149	0.26959759
4150	0.26901025
4151	0.26852652
4152	0.26801628
4153	0.26830408
4154	0.26930568
4155	0.27079597
4156	0.27247828
4157	0.27305520
4158	0.27496141
4159	0.27887610
4160	0.28215283
4161	0.28551707
4162	0.28889072
4163	0.29136515
4164	0.29313841
4165	0.29353178
4166	0.29334944
4167	0.29290748
4168	0.29247969
4169	0.29251277
4170	0.29208162
4171	0.29215088
4172	0.29130915
4173	0.29138130
4174	0.29143384
4175	0.29147312
4176	0.29144308
4177	0.29132915
4178	0.29066867
4179	0.29010099
4180	0.28954175
4181	0.28893518
4182	0.28798226
4183	0.28693637
4184	0.28562999
4185	0.28390592
4186	0.28227466
4187	0.28040019
4188	0.27839401
4189	0.27624905
4190	0.27400801
4191	0.27179596
4192	0.26966956
4193	0.26732430
4194	0.26526818
4195	0.26272547
4196	0.25953916
4197	0.25640729
4198	0.25320226
4199	0.24992576
4200	0.24697119
4201	0.24384890
4202	0.24117078
4203	0.23909742
4204	0.23736647
4205	0.23567939
4206	0.23415065
4207	0.23185937
4208	0.22814770
4209	0.22656819
4210	0.22442326
4211	0.22199172
4212	0.21931273
4213	0.21755913
4214	0.21556251
4215	0.21374026
4216	0.21227047
4217	0.21119757
4218	0.21015956
4219	0.20962127
4220	0.20943448
4221	0.20946346
4222	0.20976017
4223	0.21021129
4224	0.21072096
4225	0.21125767
4226	0.21148492
4227	0.21148324
4228	0.21096939
4229	0.21026620
4230	0.20880628
4231	0.20722941
4232	0.20546335
4233	0.20321836
4234	0.20099267
4235	0.19850484
4236	0.19590139
4237	0.19345237
4238	0.19107729
4239	0.18867750
4240	0.18645392
4241	0.18427137
4242	0.18222927
4243	0.18029550
4244	0.17854969
4245	0.17699188
4246	0.17561665
4247	0.17457511
4248	0.17376381
4249	0.17341822
4250	0.17312013
4251	0.17342675
4252	0.17407955
4253	0.17560200
4254	0.17699443
4255	0.17842972
4256	0.17955159
4257	0.18228328
4258	0.18455619
4259	0.18726887
4260	0.18993908
4261	0.19273627
4262	0.19593629
4263	0.19939938
4264	0.19982097
4265	0.20373428
4266	0.21154229
4267	0.21577272
4268	0.21901350
4269	0.22141303
4270	0.22417086
4271	0.22619881
4272	0.22832228
4273	0.23021069
4274	0.23186070
4275	0.23340926
4276	0.23478507
4277	0.23609985
4278	0.23718970
4279	0.23789254
4280	0.23817337
4281	0.23813227
4282	0.23788653
4283	0.23757371
4284	0.23715694
4285	0.23676178
4286	0.23682259
4287	0.23752539
4288	0.23859562
4289	0.23896956
4290	0.23902909
4291	0.24087806
4292	0.24417374
4293	0.24717279
4294	0.25015542
4295	0.25298622
4296	0.25497922
4297	0.25618273
4298	0.25684479
4299	0.25707099
4300	0.25775883
4301	0.25796542
4302	0.25763187
4303	0.25739700
4304	0.25640708
4305	0.25628462
4306	0.25611830
4307	0.25607580
4308	0.25604987
4309	0.25605476
4310	0.25552362
4311	0.25487500
4312	0.25431544
4313	0.25373295
4314	0.25264826
4315	0.25167632
4316	0.25055718
4317	0.24938075
4318	0.24768248
4319	0.24621989
4320	0.24456973
4321	0.24275360
4322	0.24086641
4323	0.23881018
4324	0.23709047
4325	0.23465659
4326	0.23271537
4327	0.23017593
4328	0.22700568
4329	0.22385842
4330	0.22073293
4331	0.21794656
4332	0.21497576
4333	0.21239024
4334	0.21025425
4335	0.20873794
4336	0.20803107
4337	0.20738310
4338	0.20669296
4339	0.20620269
4340	0.20586249
4341	0.20366791
4342	0.20372759
4343	0.20339325
4344	0.20292249
4345	0.20247446
4346	0.20214476
4347	0.20200618
4348	0.20207652
4349	0.20234704
4350	0.20300594
4351	0.20390449
4352	0.20512734
4353	0.20663777
4354	0.20831865
4355	0.21011150
4356	0.21199524
4357	0.21364914
4358	0.21515808
4359	0.21627702
4360	0.21697336
4361	0.21716207
4362	0.21705201
4363	0.21639903
4364	0.21562406
4365	0.21456730
4366	0.21316534
4367	0.21142142
4368	0.20966694
4369	0.20781133
4370	0.20600253
4371	0.20417437
4372	0.20233788
4373	0.20059912
4374	0.19888455
4375	0.19726151
4376	0.19568177
4377	0.19424781
4378	0.19297610
4379	0.19185732
4380	0.19094309
4381	0.19020334
4382	0.18990843
4383	0.19029745
4384	0.19057970
4385	0.19115122
4386	0.19209884
4387	0.19407646
4388	0.19539315
4389	0.19579571
4390	0.19825132
4391	0.19973968
4392	0.20128998
4393	0.20452087
4394	0.20826933
4395	0.21120241
4396	0.21247819
4397	0.21517828
4398	0.21894901
4399	0.22779375
4400	0.23133740
4401	0.23504540
4402	0.23819800
4403	0.24145298
4404	0.24465400
4405	0.24792087
4406	0.25088045
4407	0.25377494
4408	0.25651553
4409	0.25907728
4410	0.26137829
4411	0.26319504
4412	0.26435685
4413	0.26447824
4414	0.26483309
4415	0.26503009
4416	0.26536360
4417	0.26585823
4418	0.26747295
4419	0.26912704
4420	0.27166536
4421	0.27450970
4422	0.27598408
4423	0.27734634
4424	0.27980161
4425	0.28297246
4426	0.28698826
4427	0.29088876
4428	0.29514202
4429	0.29719704
4430	0.29842249
4431	0.29865628
4432	0.29836345
4433	0.29758766
4434	0.29714435
4435	0.29637340
4436	0.29567969
4437	0.29488382
4438	0.29463303
4439	0.29412812
4440	0.29392555
4441	0.29371670
4442	0.29344648
4443	0.29283616
4444	0.29216731
4445	0.29133177
4446	0.29050347
4447	0.28954825
4448	0.28845111
4449	0.28728345
4450	0.28569371
4451	0.28423381
4452	0.28257781
4453	0.28081524
4454	0.27899340
4455	0.27710998
4456	0.27566722
4457	0.27376211
4458	0.27173802
4459	0.27018556
4460	0.26801962
4461	0.26527196
4462	0.26244861
4463	0.25968719
4464	0.25689569
4465	0.25453624
4466	0.25218049
4467	0.25030935
4468	0.24900764
4469	0.24829657
4470	0.24714381
4471	0.24604359
4472	0.24465971
4473	0.24214013
4474	0.24109060
4475	0.23856528
4476	0.23633318
4477	0.23502797
4478	0.23350252
4479	0.23225170
4480	0.23128675
4481	0.23079295
4482	0.23064089
4483	0.23096870
4484	0.23168491
4485	0.23279066
4486	0.23422921
4487	0.23593201
4488	0.23780143
4489	0.23975033
4490	0.24170601
4491	0.24348725
4492	0.24509360
4493	0.24627388
4494	0.24717325
4495	0.24745488
4496	0.24739204
4497	0.24726583
4498	0.24667661
4499	0.24573848
4500	0.24468946
4501	0.24354999
4502	0.24226391
4503	0.24092263
4504	0.23960471
4505	0.23832121
4506	0.23707464
4507	0.23580039
4508	0.23452318
4509	0.23328042
4510	0.23201670
4511	0.23085955
4512	0.22980186
4513	0.22888012
4514	0.22816087
4515	0.22743595
4516	0.22712840
4517	0.22726832
4518	0.22738348
4519	0.22751291
4520	0.22861032
4521	0.22952676
4522	0.23054592
4523	0.23166516
4524	0.23292337
4525	0.23534524
4526	0.23644637
4527	0.23843105
4528	0.23742168
4529	0.23983014
4530	0.24245238
4531	0.24758725
4532	0.24973835
4533	0.25132215
4534	0.25307867
4535	0.25554150
4536	0.25764391
4537	0.25968164
4538	0.26176962
4539	0.26355410
4540	0.26597217
4541	0.26854795
4542	0.27112398
4543	0.27356333
4544	0.27559406
4545	0.27728561
4546	0.27846453
4547	0.27932191
4548	0.27982056
4549	0.28016061
4550	0.28038853
4551	0.28145278
4552	0.28258848
4553	0.28535330
4554	0.28726548
4555	0.28921390
4556	0.29172173
4557	0.29527405
4558	0.29956588
4559	0.30268076
4560	0.30505148
4561	0.30652380
4562	0.30724099
4563	0.30726004
4564	0.30689219
4565	0.30700654
4566	0.30657983
4567	0.30629221
4568	0.30557397
4569	0.30526364
4570	0.30504140
4571	0.30474749
4572	0.30441579
4573	0.30400628
4574	0.30353698
4575	0.30241710
4576	0.30138883
4577	0.30029595
4578	0.29905635
4579	0.29765117
4580	0.29627728
4581	0.29482743
4582	0.29302934
4583	0.29137787
4584	0.28965145
4585	0.28782806
4586	0.28589538
4587	0.28390440
4588	0.28218451
4589	0.27992406
4590	0.27795553
4591	0.27545822
4592	0.27261537
4593	0.26935756
4594	0.26660895
4595	0.26401585
4596	0.26207203
4597	0.25959966
4598	0.25772232
4599	0.25625023
4600	0.25506240
4601	0.25314710
4602	0.25127688
4603	0.24874604
4604	0.24558210
4605	0.24166352
4606	0.23809195
4607	0.23504187
4608	0.23238182
4609	0.23001769
4610	0.22773796
4611	0.22585401
4612	0.22442332
4613	0.22334525
4614	0.22272402
4615	0.22248867
4616	0.22266579
4617	0.22309750
4618	0.22381178
4619	0.22464028
4620	0.22552288
4621	0.22623679
4622	0.22672206
4623	0.22680768
4624	0.22663592
4625	0.22611654
4626	0.22510952
4627	0.22369984
4628	0.22205313
4629	0.22018947
4630	0.21800843
4631	0.21574330
4632	0.21346831
4633	0.21111070
4634	0.20885050
4635	0.20667744
4636	0.20454089
4637	0.20250911
4638	0.20048161
4639	0.19850065
4640	0.19655271
4641	0.19467871
4642	0.19292037
4643	0.19114520
4644	0.18962486
4645	0.18829288
4646	0.18714279
4647	0.18657069
4648	0.18578722
4649	0.18541321
4650	0.18493591
4651	0.18454252
4652	0.18469775
4653	0.18554406
4654	0.18623553
4655	0.18663357
4656	0.18709601
4657	0.18856373
4658	0.18996200
4659	0.19097389
4660	0.19358318
4661	0.19779639
4662	0.20094091
4663	0.20408973
4664	0.20702901
4665	0.21066530
4666	0.21305592
4667	0.21603139
4668	0.21838678
4669	0.22130392
4670	0.22399357
4671	0.22664879
4672	0.22903201
4673	0.23115502
4674	0.23262769
4675	0.23333932
4676	0.23341009
4677	0.23296154
4678	0.23208544
4679	0.23132534
4680	0.23159754
4681	0.23279941
4682	0.23484068
4683	0.23659682
4684	0.23780952
4685	0.23978569
4686	0.24331875
4687	0.24581757
4688	0.24863224
4689	0.25128910
4690	0.25304136
4691	0.25365362
4692	0.25360942
4693	0.25298592
4694	0.25227141
4695	0.25167519
4696	0.25164557
4697	0.25096723
4698	0.25064018
4699	0.24978612
4700	0.24964942
4701	0.24947497
4702	0.24933381
4703	0.24908614
4704	0.24865898
4705	0.24784990
4706	0.24704942
4707	0.24601929
4708	0.24516530
4709	0.24389058
4710	0.24266928
4711	0.24099545
4712	0.23946509
4713	0.23793404
4714	0.23625328
4715	0.23452023
4716	0.23285806
4717	0.23126708
4718	0.22932309
4719	0.22726184
4720	0.22564244
4721	0.22330013
4722	0.22071338
4723	0.21759492
4724	0.21486786
4725	0.21232124
4726	0.21025428
4727	0.20802371
4728	0.20604725
4729	0.20511480
4730	0.20429954
4731	0.20387879
4732	0.20360729
4733	0.20312108
4734	0.20251626
4735	0.20021044
4736	0.20003147
4737	0.19922574
4738	0.19819175
4739	0.19708498
4740	0.19592212
4741	0.19480927
4742	0.19383588
4743	0.19305132
4744	0.19242686
4745	0.19209531
4746	0.19202785
4747	0.19214392
4748	0.19247982
4749	0.19291079
4750	0.19342777
4751	0.19390176
4752	0.19420120
4753	0.19423202
4754	0.19389687
4755	0.19314030
4756	0.19195764
4757	0.19071253
4758	0.18860053
4759	0.18666221
4760	0.18441878
4761	0.18206643
4762	0.17959891
4763	0.17725150
4764	0.17495705
4765	0.17275526
4766	0.17069927
4767	0.16872160
4768	0.16685237
4769	0.16516471
4770	0.16357331
4771	0.16209589
4772	0.16079894
4773	0.15951969
4774	0.15857011
4775	0.15789953
4776	0.15778014
4777	0.15761587
4778	0.15770037
4779	0.15827601
4780	0.15886198
4781	0.16036429
4782	0.16149481
4783	0.16226363
4784	0.16351773
4785	0.16569179
4786	0.16856141
4787	0.17290953
4788	0.17470098
4789	0.18012875
4790	0.18397029
4791	0.18773906
4792	0.19147541
4793	0.19527578
4794	0.19881457
4795	0.20149994
4796	0.20416710
4797	0.20685109
4798	0.20948289
4799	0.21169361
4800	0.21358435
4801	0.21526885
4802	0.21672276
4803	0.21781330
4804	0.21847120
4805	0.21860623
4806	0.21833417
4807	0.21769679
4808	0.21700156
4809	0.21633269
4810	0.21602409
4811	0.21585830
4812	0.21601313
4813	0.21709971
4814	0.21812905
4815	0.22033061
4816	0.22077523
4817	0.22207856
4818	0.22452769
4819	0.22813365
4820	0.23135595
4821	0.23493522
4822	0.23747651
4823	0.23954636
4824	0.24089801
4825	0.24145153
4826	0.24148643
4827	0.24129309
4828	0.24123834
4829	0.24100074
4830	0.24047738
4831	0.23975244
4832	0.23970979
4833	0.23970650
4834	0.23973785
4835	0.23967433
4836	0.23932959
4837	0.23882067
4838	0.23815541
4839	0.23740391
4840	0.23643130
4841	0.23540360
4842	0.23423459
4843	0.23289226
4844	0.23119952
4845	0.22964211
4846	0.22797599
4847	0.22615063
4848	0.22423972
4849	0.22262113
4850	0.22042088
4851	0.21817075
4852	0.21614392
4853	0.21353620
4854	0.21056215
4855	0.20736139
4856	0.20466365
4857	0.20185943
4858	0.19956402
4859	0.19715691
4860	0.19509223
4861	0.19362535
4862	0.19248168
4863	0.19131657
4864	0.19003746
4865	0.18845475
4866	0.18665132
4867	0.18381043
4868	0.18218748
4869	0.18035923
4870	0.17855652
4871	0.17688073
4872	0.17545374
4873	0.17433557
4874	0.17352472
4875	0.17307599
4876	0.17300496
4877	0.17328463
4878	0.17387812
4879	0.17472416
4880	0.17578374
4881	0.17693275
4882	0.17805299
4883	0.17907940
4884	0.17982303
4885	0.18017592
4886	0.17999937
4887	0.17930834
4888	0.17826043
4889	0.17702368
4890	0.17488962
4891	0.17266437
4892	0.17006500
4893	0.16736397
4894	0.16453855
4895	0.16163419
4896	0.15880521
4897	0.15596551
4898	0.15322112
4899	0.15051825
4900	0.14787981
4901	0.14530751
4902	0.14286202
4903	0.14061528
4904	0.13860010
4905	0.13671385
4906	0.13518018
4907	0.13427828
4908	0.13338621
4909	0.13282055
4910	0.13269186
4911	0.13287343
4912	0.13432023
4913	0.13531367
4914	0.13603114
4915	0.13784961
4916	0.13988517
4917	0.14201142
4918	0.14654016
4919	0.14940053
4920	0.15208390
4921	0.15621990
4922	0.16153406
4923	0.16534421
4924	0.16884698
4925	0.17323424
4926	0.17660153
4927	0.17992106
4928	0.18380916
4929	0.18755534
4930	0.19128686
4931	0.19485439
4932	0.19830853
4933	0.20149843
4934	0.20426832
4935	0.20572084
4936	0.20726621
4937	0.20822449
4938	0.20870788
4939	0.20890620
4940	0.20928146
4941	0.20995916
4942	0.21087575
4943	0.21318048
4944	0.21618198
4945	0.21975248
4946	0.22232099
4947	0.22363409
4948	0.22474101
4949	0.22662954
4950	0.23008898
4951	0.23337850
4952	0.23621836
4953	0.23872373
4954	0.24011360
4955	0.24062030
4956	0.24041976
4957	0.23990729
4958	0.23928641
4959	0.23899630
4960	0.23865199
4961	0.23788378
4962	0.23772196
4963	0.23726274
4964	0.23704576
4965	0.23673564
4966	0.23635067
4967	0.23562890
4968	0.23522611
4969	0.23430617
4970	0.23344623
4971	0.23222099
4972	0.23105240
4973	0.22970559
4974	0.22828750
4975	0.22679669
4976	0.22487573
4977	0.22320440
4978	0.22149514
4979	0.21970734
4980	0.21792848
4981	0.21644720
4982	0.21445304
4983	0.21241546
4984	0.21053822
4985	0.20811918
4986	0.20544374
4987	0.20285396
4988	0.20098904
4989	0.19937342
4990	0.19784014
4991	0.19667950
4992	0.19616912
4993	0.19617313
4994	0.19618553
4995	0.19606197
4996	0.19549111
4997	0.19465007
4998	0.19356929
4999	0.19102342
5000	0.19008188
5001	0.18857831
5002	0.18698603
5003	0.18542619
5004	0.18403937
5005	0.18285495
5006	0.18192671
5007	0.18126091
5008	0.18094938
5009	0.18097529
5010	0.18124805
5011	0.18180168
5012	0.18249653
5013	0.18328983
5014	0.18402116
5015	0.18463261
5016	0.18486634
5017	0.18475512
5018	0.18423608
5019	0.18345448
5020	0.18206850
5021	0.18053824
5022	0.17859657
5023	0.17652823
5024	0.17420100
5025	0.17185137
5026	0.16960506
5027	0.16732374
5028	0.16513689
5029	0.16298880
5030	0.16104090
5031	0.15914361
5032	0.15730955
5033	0.15558481
5034	0.15398936
5035	0.15247475
5036	0.15113170
5037	0.14982447
5038	0.14889905
5039	0.14818107
5040	0.14802352
5041	0.14786254
5042	0.14794876
5043	0.14831211
5044	0.14967693
5045	0.14960316
5046	0.15154740
5047	0.15321781
5048	0.15487295
5049	0.15680535
5050	0.16144224
5051	0.16392821
5052	0.16639182
5053	0.17068936
5054	0.17623210
5055	0.18045884
5056	0.18452269
5057	0.18887423
5058	0.19217926
5059	0.19626135
5060	0.20020744
5061	0.20412390
5062	0.20806119
5063	0.21171962
5064	0.21518958
5065	0.21844842
5066	0.22120701
5067	0.22354327
5068	0.22498007
5069	0.22571214
5070	0.22590022
5071	0.22505733
5072	0.22482023
5073	0.22469133
5074	0.22645321
5075	0.22840108
5076	0.23178424
5077	0.23365569
5078	0.23480086
5079	0.23767594
5080	0.24025156
5081	0.24412097
5082	0.24742903
5083	0.25082090
5084	0.25264096
5085	0.25349358
5086	0.25350061
5087	0.25292394
5088	0.25222397
5089	0.25242680
5090	0.25153521
5091	0.25106251
5092	0.25051934
5093	0.25055113
5094	0.25027722
5095	0.25031707
5096	0.25038064
5097	0.25028205
5098	0.24999629
5099	0.24962753
5100	0.24913213
5101	0.24862848
5102	0.24787775
5103	0.24698165
5104	0.24599740
5105	0.24487315
5106	0.24342798
5107	0.24215934
5108	0.24076137
5109	0.23926567
5110	0.23766695
5111	0.23603144
5112	0.23472065
5113	0.23297830
5114	0.23153669
5115	0.22962065
5116	0.22719096
5117	0.22498502
5118	0.22255854
5119	0.22064236
5120	0.21884376
5121	0.21697898
5122	0.21575508
5123	0.21509431
5124	0.21485160
5125	0.21488589
5126	0.21511604
5127	0.21553248
5128	0.21564552
5129	0.21561129
5130	0.21399635
5131	0.21477622
5132	0.21518186
5133	0.21477982
5134	0.21460737
5135	0.21459490
5136	0.21469121
5137	0.21492863
5138	0.21537942
5139	0.21601930
5140	0.21686627
5141	0.21790659
5142	0.21910462
5143	0.22041012
5144	0.22167940
5145	0.22283150
5146	0.22374159
5147	0.22426534
5148	0.22436690
5149	0.22406912
5150	0.22341157
5151	0.22275159
5152	0.22115377
5153	0.21965411
5154	0.21772802
5155	0.21584131
5156	0.21391046
5157	0.21199894
5158	0.21010269
5159	0.20830040
5160	0.20658074
5161	0.20490628
5162	0.20334210
5163	0.20185792
5164	0.20048851
5165	0.19924332
5166	0.19812945
5167	0.19713917
5168	0.19633722
5169	0.19555071
5170	0.19513884
5171	0.19538999
5172	0.19550107
5173	0.19589891
5174	0.19681118
5175	0.19705081
5176	0.19831876
5177	0.19993645
5178	0.20033227
5179	0.20350519
5180	0.20493591
5181	0.20758538
5182	0.21135955
5183	0.21488598
5184	0.21543898
5185	0.22273239
5186	0.22751442
5187	0.23207439
5188	0.23566085
5189	0.23888658
5190	0.24165678
5191	0.24390860
5192	0.24529001
5193	0.24688415
5194	0.24822108
5195	0.24944869
5196	0.25056398
5197	0.25145826
5198	0.25220752
5199	0.25261009
5200	0.25265637
5201	0.25230640
5202	0.25191450
5203	0.25143319
5204	0.25102544
5205	0.25127319
5206	0.25207010
5207	0.25430942
5208	0.25643715
5209	0.25779301
5210	0.26087824
5211	0.26353598
5212	0.26789042
5213	0.27137434
5214	0.27435672
5215	0.27616483
5216	0.27732587
5217	0.27855477
5218	0.27870852
5219	0.27880731
5220	0.27911955
5221	0.27894351
5222	0.27924907
5223	0.27810594
5224	0.27796546
5225	0.27764112
5226	0.27728295
5227	0.27687752
5228	0.27632540
5229	0.27567807
5230	0.27501845
5231	0.27423924
5232	0.27351540
5233	0.27271953
5234	0.27137187
5235	0.27018023
5236	0.26879290
5237	0.26694617
5238	0.26533318
5239	0.26351127
5240	0.26152676
5241	0.25939646
5242	0.25724149
5243	0.25526169
5244	0.25295854
5245	0.25059351
5246	0.24841976
5247	0.24574637
5248	0.24250092
5249	0.23971742
5250	0.23708463
5251	0.23476954
5252	0.23248322
5253	0.23073773
5254	0.22893584
5255	0.22810335
5256	0.22721158
5257	0.22648838
5258	0.22595271
5259	0.22468904
5260	0.22338648
5261	0.22091544
5262	0.21968661
5263	0.21819460
5264	0.21655293
5265	0.21506716
5266	0.21389800
5267	0.21291767
5268	0.21213813
5269	0.21188289
5270	0.21187006
5271	0.21223444
5272	0.21294765
5273	0.21392141
5274	0.21512069
5275	0.21639928
5276	0.21769227
5277	0.21877933
5278	0.21957996
5279	0.21996704
5280	0.21996495
5281	0.21968451
5282	0.21902941
5283	0.21815275
5284	0.21662480
5285	0.21503125
5286	0.21332128
5287	0.21136424
5288	0.20948075
5289	0.20750692
5290	0.20560119
5291	0.20372444
5292	0.20187820
5293	0.20000240
5294	0.19822149
5295	0.19644931
5296	0.19473657
5297	0.19317317
5298	0.19163297
5299	0.19041286
5300	0.18938211
5301	0.18861862
5302	0.18848535
5303	0.18803707
5304	0.18802902
5305	0.18771677
5306	0.18889788
5307	0.18992636
5308	0.19126007
5309	0.19289489
5310	0.19418114
5311	0.19655637
5312	0.19901261
5313	0.19848087
5314	0.20152472
5315	0.20469822
5316	0.20827073
5317	0.21529236
5318	0.21906978
5319	0.22252373
5320	0.22586878
5321	0.22859764
5322	0.23172285
5323	0.23483525
5324	0.23797868
5325	0.24118353
5326	0.24462782
5327	0.24763733
5328	0.25067481
5329	0.25335598
5330	0.25552359
5331	0.25713313
5332	0.25837106
5333	0.25883147
5334	0.25999331
5335	0.26125163
5336	0.26405692
5337	0.26564959
5338	0.26670966
5339	0.26900211
5340	0.27129450
5341	0.27304530
5342	0.27409428
5343	0.27691248
5344	0.28052983
5345	0.28479034
5346	0.28984612
5347	0.29351428
5348	0.29593056
5349	0.29719183
5350	0.29734203
5351	0.29729518
5352	0.29598206
5353	0.29500514
5354	0.29384121
5355	0.29329416
5356	0.29289377
5357	0.29267278
5358	0.29245964
5359	0.29233190
5360	0.29231724
5361	0.29184070
5362	0.29138365
5363	0.29085824
5364	0.28993416
5365	0.28896260
5366	0.28795359
5367	0.28680643
5368	0.28547779
5369	0.28379735
5370	0.28236040
5371	0.28079110
5372	0.27913442
5373	0.27732527
5374	0.27544945
5375	0.27394190
5376	0.27188712
5377	0.26963475
5378	0.26766536
5379	0.26495507
5380	0.26148090
5381	0.25846785
5382	0.25517228
5383	0.25237381
5384	0.24939285
5385	0.24683425
5386	0.24487753
5387	0.24342184
5388	0.24146502
5389	0.23957595
5390	0.23739143
5391	0.23508009
5392	0.23112112
5393	0.22888374
5394	0.22631340
5395	0.22400288
5396	0.22239879
5397	0.22041740
5398	0.21900678
5399	0.21777980
5400	0.21703736
5401	0.21673447
5402	0.21683142
5403	0.21728274
5404	0.21807407
5405	0.21910892
5406	0.22034554
5407	0.22157837
5408	0.22272828
5409	0.22366475
5410	0.22411966
5411	0.22412300
5412	0.22359885
5413	0.22284126
5414	0.22132002
5415	0.21953681
5416	0.21746756
5417	0.21498236
5418	0.21254164
5419	0.20996249
5420	0.20735615
5421	0.20497973
5422	0.20258996
5423	0.20031373
5424	0.19814146
5425	0.19609733
5426	0.19409651
5427	0.19219945
5428	0.19045225
5429	0.18883723
5430	0.18741687
5431	0.18607421
5432	0.18515025
5433	0.18447970
5434	0.18466161
5435	0.18460165
5436	0.18493977
5437	0.18557136
5438	0.18648808
5439	0.18848866
5440	0.18986231
5441	0.19097979
5442	0.19235337
5443	0.19396375
5444	0.19691215
5445	0.19967203
5446	0.20178050
5447	0.20259470
5448	0.20648211
5449	0.21054560
5450	0.21780995
5451	0.22237483
5452	0.22534810
5453	0.22801869
5454	0.23066939
5455	0.23329169
5456	0.23566766
5457	0.23786917
5458	0.23989293
5459	0.24155080
5460	0.24307996
5461	0.24397457
5462	0.24435569
5463	0.24411431
5464	0.24339248
5465	0.24239837
5466	0.24153949
5467	0.24093015
5468	0.24197976
5469	0.24335027
5470	0.24559888
5471	0.24703221
5472	0.24804552
5473	0.25018364
5474	0.25302276
5475	0.25627145
5476	0.25919271
5477	0.26161087
5478	0.26240274
5479	0.26252401
5480	0.26221716
5481	0.26188838
5482	0.26160255
5483	0.26085767
5484	0.26017183
5485	0.25900704
5486	0.25863302
5487	0.25811723
5488	0.25794536
5489	0.25776052
5490	0.25768581
5491	0.25747019
5492	0.25696582
5493	0.25640392
5494	0.25563559
5495	0.25474837
5496	0.25363669
5497	0.25213748
5498	0.25076884
5499	0.24926753
5500	0.24732515
5501	0.24552849
5502	0.24362850
5503	0.24164295
5504	0.23966432
5505	0.23765609
5506	0.23559965
5507	0.23384981
5508	0.23167881
5509	0.22979237
5510	0.22733118
5511	0.22422659
5512	0.22182590
5513	0.21945995
5514	0.21769848
5515	0.21587224
5516	0.21438231
5517	0.21332379
5518	0.21273634
5519	0.21226598
5520	0.21191923
5521	0.21098225
5522	0.20999342
5523	0.20882133
5524	0.20630501
5525	0.20580114
5526	0.20473252
5527	0.20352301
5528	0.20254816
5529	0.20185676
5530	0.20148070
5531	0.20142695
5532	0.20177308
5533	0.20245950
5534	0.20344450
5535	0.20467038
5536	0.20607463
5537	0.20750500
5538	0.20893873
5539	0.21026094
5540	0.21142001
5541	0.21231128
5542	0.21280950
5543	0.21288812
5544	0.21244237
5545	0.21192497
5546	0.21049158
5547	0.20901436
5548	0.20741101
5549	0.20549752
5550	0.20356368
5551	0.20140140
5552	0.19933382
5553	0.19729105
5554	0.19530867
5555	0.19336486
5556	0.19146389
5557	0.18967026
5558	0.18794385
5559	0.18632013
5560	0.18480921
5561	0.18349247
5562	0.18236162
5563	0.18128133
5564	0.18055482
5565	0.18044932
5566	0.18018934
5567	0.18028139
5568	0.18009782
5569	0.18022378
5570	0.18100700
5571	0.18246295
5572	0.18309693
5573	0.18449630
5574	0.18551075
5575	0.18717360
5576	0.18948299
5577	0.18947071
5578	0.19074428
5579	0.19351992
5580	0.20007569
5581	0.20401368
5582	0.20623954
5583	0.20881282
5584	0.21139374
5585	0.21412954
5586	0.21674353
5587	0.21933021
5588	0.22147505
5589	0.22413783
5590	0.22687593
5591	0.22929470
5592	0.23157893
5593	0.23344222
5594	0.23475750
5595	0.23541112
5596	0.23563416
5597	0.23580250
5598	0.23598388
5599	0.23714915
5600	0.23831762
5601	0.24059631
5602	0.24318080
5603	0.24596716
5604	0.24684049
5605	0.24801660
5606	0.25082862
5607	0.25443959
5608	0.25764489
5609	0.26060304
5610	0.26267537
5611	0.26363170
5612	0.26432261
5613	0.26357287
5614	0.26315263
5615	0.26207480
5616	0.26109725
5617	0.25946063
5618	0.25901517
5619	0.25848091
5620	0.25834250
5621	0.25820327
5622	0.25809753
5623	0.25802767
5624	0.25797647
5625	0.25736684
5626	0.25680235
5627	0.25626406
5628	0.25537568
5629	0.25436237
5630	0.25334993
5631	0.25216317
5632	0.25086561
5633	0.24912918
5634	0.24761032
5635	0.24595593
5636	0.24423696
5637	0.24239260
5638	0.24068232
5639	0.23894063
5640	0.23686843
5641	0.23527876
5642	0.23304875
5643	0.23020147
5644	0.22803085
5645	0.22605792
5646	0.22462450
5647	0.22323772
5648	0.22222953
5649	0.22175223
5650	0.22181897
5651	0.22212949
5652	0.22252735
5653	0.22240034
5654	0.22244872
5655	0.22049811
5656	0.22094193
5657	0.22054540
5658	0.21988039
5659	0.21947230
5660	0.21904115
5661	0.21855386
5662	0.21840988
5663	0.21844342
5664	0.21871486
5665	0.21924709
5666	0.22011515
5667	0.22121222
5668	0.22253419
5669	0.22398883
5670	0.22552131
5671	0.22700506
5672	0.22834601
5673	0.22943868
5674	0.23007433
5675	0.23047565
5676	0.23071164
5677	0.23021992
5678	0.22983161
5679	0.22898376
5680	0.22794315
5681	0.22674532
5682	0.22533850
5683	0.22389364
5684	0.22241022
5685	0.22099558
5686	0.21951251
5687	0.21807802
5688	0.21668261
5689	0.21529721
5690	0.21400139
5691	0.21278691
5692	0.21166447
5693	0.21058251
5694	0.20976621
5695	0.20916304
5696	0.20881574
5697	0.20916136
5698	0.20939548
5699	0.20986910
5700	0.21088479
5701	0.21168692
5702	0.21257213
5703	0.21408953
5704	0.21643727
5705	0.21867824
5706	0.22060271
5707	0.22219507
5708	0.22309212
5709	0.22726497
5710	0.23169738
5711	0.23505656
5712	0.24009903
5713	0.24200901
5714	0.24604827
5715	0.24917181
5716	0.25231487
5717	0.25564009
5718	0.25868115
5719	0.26148048
5720	0.26424369
5721	0.26687843
5722	0.26962277
5723	0.27233106
5724	0.27496025
5725	0.27726001
5726	0.27914119
5727	0.28054151
5728	0.28162596
5729	0.28252110
5730	0.28338107
5731	0.28428811
5732	0.28593668
5733	0.28757799
5734	0.29041672
5735	0.29269433
5736	0.29487726
5737	0.29861003
5738	0.30325285
5739	0.30818564
5740	0.31174666
5741	0.31415811
5742	0.31510392
5743	0.31526294
5744	0.31476527
5745	0.31400225
5746	0.31326100
5747	0.31316605
5748	0.31273407
5749	0.31250802
5750	0.31196994
5751	0.31182003
5752	0.31177413
5753	0.31168345
5754	0.31147888
5755	0.31099921
5756	0.31066185
5757	0.30975947
5758	0.30870667
5759	0.30782047
5760	0.30687818
5761	0.30550793
5762	0.30408970
5763	0.30255359
5764	0.30049145
5765	0.29881370
5766	0.29683447
5767	0.29469892
5768	0.29249316
5769	0.29016936
5770	0.28802508
5771	0.28566191
5772	0.28398079
5773	0.28119969
5774	0.27825361
5775	0.27500868
5776	0.27181023
5777	0.26838872
5778	0.26526201
5779	0.26230544
5780	0.25981763
5781	0.25809738
5782	0.25698468
5783	0.25612065
5784	0.25529656
5785	0.25460380
5786	0.25355029
5787	0.25088495
5788	0.25026119
5789	0.24908476
5790	0.24770391
5791	0.24636543
5792	0.24513949
5793	0.24379072
5794	0.24291387
5795	0.24211513
5796	0.24165763
5797	0.24159975
5798	0.24195044
5799	0.24259697
5800	0.24349341
5801	0.24459711
5802	0.24558400
5803	0.24658567
5804	0.24736463
5805	0.24783911
5806	0.24789996
5807	0.24760227
5808	0.24697608
5809	0.24610230
5810	0.24509239
5811	0.24368279
5812	0.24203189
5813	0.24043599
5814	0.23876920
5815	0.23707503
5816	0.23555878
5817	0.23407060
5818	0.23269232
5819	0.23143908
5820	0.23021854
5821	0.22907603
5822	0.22802249
5823	0.22712927
5824	0.22633812
5825	0.22577015
5826	0.22531343
5827	0.22501911
5828	0.22506741
5829	0.22584827
5830	0.22665589
5831	0.22706789
5832	0.22779021
5833	0.22955827
5834	0.23121151
5835	0.23238069
5836	0.23433037
5837	0.23687917
5838	0.24077855
5839	0.24360129
5840	0.24046278
5841	0.24347086
5842	0.24650344
5843	0.25458565
5844	0.25749531
5845	0.25926277
5846	0.26181895
5847	0.26397857
5848	0.26658958
5849	0.26930365
5850	0.27177170
5851	0.27388513
5852	0.27585742
5853	0.27778527
5854	0.27947074
5855	0.28084755
5856	0.28176588
5857	0.28215912
5858	0.28214207
5859	0.28180292
5860	0.28143138
5861	0.28139147
5862	0.28214636
5863	0.28360572
5864	0.28622964
5865	0.28750828
5866	0.28897592
5867	0.29274091
5868	0.29718205
5869	0.30083254
5870	0.30416337
5871	0.30746228
5872	0.30858910
5873	0.30879283
5874	0.30841118
5875	0.30773026
5876	0.30709407
5877	0.30651644
5878	0.30663848
5879	0.30631036
5880	0.30617338
5881	0.30550417
5882	0.30520141
5883	0.30519736
5884	0.30517414
5885	0.30501801
5886	0.30440944
5887	0.30394155
5888	0.30283824
5889	0.30168846
5890	0.30090740
5891	0.29954803
5892	0.29817060
5893	0.29665744
5894	0.29503840
5895	0.29298589
5896	0.29136324
5897	0.28953943
5898	0.28757212
5899	0.28556693
5900	0.28361085
5901	0.28139395
5902	0.27948451
5903	0.27686840
5904	0.27411148
5905	0.27118951
5906	0.26818338
5907	0.26553342
5908	0.26268658
5909	0.26018268
5910	0.25844467
5911	0.25689462
5912	0.25594276
5913	0.25512499
5914	0.25466374
5915	0.25383416
5916	0.25283647
5917	0.25148368
5918	0.25013757
5919	0.24770796
5920	0.24668093
5921	0.24543341
5922	0.24398977
5923	0.24272542
5924	0.24164109
5925	0.24078923
5926	0.24021332
5927	0.23990810
5928	0.23984581
5929	0.24000663
5930	0.24032184
5931	0.24078096
5932	0.24126141
5933	0.24159540
5934	0.24167410
5935	0.24134478
5936	0.24051890
5937	0.23922314
5938	0.23758262
5939	0.23583989
5940	0.23317970
5941	0.23052150
5942	0.22763465
5943	0.22452398
5944	0.22119196
5945	0.21800049
5946	0.21486005
5947	0.21187210
5948	0.20894277
5949	0.20620666
5950	0.20352620
5951	0.20100848
5952	0.19861092
5953	0.19633493
5954	0.19424969
5955	0.19231893
5956	0.19060844
5957	0.18911894
5958	0.18768735
5959	0.18667525
5960	0.18582100
5961	0.18561852
5962	0.18527316
5963	0.18536741
5964	0.18467210
5965	0.18498001
5966	0.18589488
5967	0.18667150
5968	0.18710560
5969	0.18783931
5970	0.18983601
5971	0.19104029
5972	0.19474539
5973	0.19677758
5974	0.19913985
5975	0.20267718
5976	0.20516860
5977	0.20757914
5978	0.20967604
5979	0.21198225
5980	0.21417300
5981	0.21636857
5982	0.21846724
5983	0.22059283
5984	0.22272636
5985	0.22454229
5986	0.22644617
5987	0.22785743
5988	0.22876804
5989	0.22916730
5990	0.22913402
5991	0.22866514
5992	0.22851524
5993	0.22834820
5994	0.22880530
5995	0.22943170
5996	0.23129761
5997	0.23336038
5998	0.23632242
5999	0.23744124
6000	0.23837942
6001	0.24177052
6002	0.24475083
6003	0.24804218
6004	0.25165325
6005	0.25452828
6006	0.25650668
6007	0.25751790
6008	0.25756294
6009	0.25724292
6010	0.25700384
6011	0.25719258
6012	0.25662532
6013	0.25695908
6014	0.25662413
6015	0.25665760
6016	0.25648633
6017	0.25631163
6018	0.25562626
6019	0.25523999
6020	0.25458065
6021	0.25384256
6022	0.25287399
6023	0.25179058
6024	0.25083220
6025	0.24970111
6026	0.24848305
6027	0.24704312
6028	0.24529766
6029	0.24374637
6030	0.24216130
6031	0.24055463
6032	0.23896272
6033	0.23731430
6034	0.23597197
6035	0.23425548
6036	0.23288335
6037	0.23073608
6038	0.22823258
6039	0.22594197
6040	0.22394860
6041	0.22248876
6042	0.22107279
6043	0.21997935
6044	0.21929336
6045	0.21901901
6046	0.21889697
6047	0.21870705
6048	0.21839646
6049	0.21775350
6050	0.21686834
6051	0.21576431
6052	0.21364644
6053	0.21275842
6054	0.21172576
6055	0.21069765
6056	0.20997149
6057	0.20926322
6058	0.20890750
6059	0.20882998
6060	0.20898122
6061	0.20933060
6062	0.20981425
6063	0.21057624
6064	0.21138792
6065	0.21219532
6066	0.21295761
6067	0.21354690
6068	0.21385072
6069	0.21383098
6070	0.21346749
6071	0.21294929
6072	0.21190764
6073	0.21035831
6074	0.20875607
6075	0.20708883
6076	0.20517384
6077	0.20325783
6078	0.20128667
6079	0.19935922
6080	0.19745462
6081	0.19558355
6082	0.19387026
6083	0.19225882
6084	0.19071151
6085	0.18930563
6086	0.18809976
6087	0.18689066
6088	0.18600877
6089	0.18527579
6090	0.18485443
6091	0.18504250
6092	0.18513021
6093	0.18553449
6094	0.18618016
6095	0.18720958
6096	0.18888313
6097	0.19040924
6098	0.19142401
6099	0.19349252
6100	0.19511615
6101	0.19683503
6102	0.19998261
6103	0.20299053
6104	0.20494163
6105	0.20631360
6106	0.21048650
6107	0.21396609
6108	0.22104719
6109	0.22577855
6110	0.23014364
6111	0.23389558
6112	0.23753832
6113	0.24056208
6114	0.24392994
6115	0.24765638
6116	0.25108549
6117	0.25451806
6118	0.25761148
6119	0.26060051
6120	0.26315874
6121	0.26514855
6122	0.26658851
6123	0.26756614
6124	0.26821375
6125	0.26940486
6126	0.27017578
6127	0.27167651
6128	0.27274778
6129	0.27578008
6130	0.27775905
6131	0.28020987
6132	0.28454313
6133	0.28923404
6134	0.29439434
6135	0.29843411
6136	0.30094358
6137	0.30222002
6138	0.30256999
6139	0.30223283
6140	0.30218610
6141	0.30158803
6142	0.30107945
6143	0.30013976
6144	0.29983494
6145	0.29958203
6146	0.29891610
6147	0.29862174
6148	0.29828882
6149	0.29773614
6150	0.29697341
6151	0.29613781
6152	0.29496369
6153	0.29380068
6154	0.29242626
6155	0.29123175
6156	0.28980586
6157	0.28812674
6158	0.28666055
6159	0.28507406
6160	0.28338692
6161	0.28156823
6162	0.27968463
6163	0.27766511
6164	0.27593043
6165	0.27370811
6166	0.27177751
6167	0.26917925
6168	0.26583451
6169	0.26277009
6170	0.25938940
6171	0.25602224
6172	0.25319925
6173	0.25028703
6174	0.24810769
6175	0.24614328
6176	0.24476609
6177	0.24378568
6178	0.24251698
6179	0.24128518
6180	0.24015857
6181	0.23722547
6182	0.23641078
6183	0.23497282
6184	0.23352642
6185	0.23200668
6186	0.23070899
6187	0.22959767
6188	0.22882822
6189	0.22830319
6190	0.22817622
6191	0.22849789
6192	0.22899145
6193	0.22985671
6194	0.23093599
6195	0.23216717
6196	0.23340279
6197	0.23451877
6198	0.23541360
6199	0.23598248
6200	0.23614132
6201	0.23582245
6202	0.23520496
6203	0.23430125
6204	0.23264405
6205	0.23097181
6206	0.22905859
6207	0.22683802
6208	0.22466075
6209	0.22245343
6210	0.22023523
6211	0.21802866
6212	0.21595506
6213	0.21391457
6214	0.21190716
6215	0.20997900
6216	0.20808454
6217	0.20625785
6218	0.20456058
6219	0.20299657
6220	0.20147283
6221	0.20026518
6222	0.19930972
6223	0.19892794
6224	0.19819848
6225	0.19788451
6226	0.19752984
6227	0.19773000
6228	0.19805697
6229	0.19915909
6230	0.19952534
6231	0.19998071
6232	0.20341544
6233	0.20285869
6234	0.20222542
6235	0.20340706
6236	0.20570938
6237	0.20817775
6238	0.21355608
6239	0.21813457
6240	0.22128516
6241	0.22339009
6242	0.22592142
6243	0.22800645
6244	0.23065516
6245	0.23325877
6246	0.23596005
6247	0.23860596
6248	0.24126780
6249	0.24366464
6250	0.24562071
6251	0.24697021
6252	0.24781826
6253	0.24820313
6254	0.24848080
6255	0.24798563
6256	0.24915323
6257	0.25112709
6258	0.25284395
6259	0.25536504
6260	0.25696969
6261	0.25723177
6262	0.25999236
6263	0.26381984
6264	0.26776361
6265	0.27173164
6266	0.27497655
6267	0.27711862
6268	0.27859700
6269	0.27860260
6270	0.27804738
6271	0.27744657
6272	0.27666977
6273	0.27594784
6274	0.27527860
6275	0.27528563
6276	0.27493080
6277	0.27487314
6278	0.27477217
6279	0.27449667
6280	0.27407876
6281	0.27334699
6282	0.27285248
6283	0.27213973
6284	0.27128646
6285	0.27031326
6286	0.26916537
6287	0.26770943
6288	0.26632810
6289	0.26491427
6290	0.26337788
6291	0.26171762
6292	0.25984070
6293	0.25830597
6294	0.25630650
6295	0.25413024
6296	0.25243813
6297	0.25002366
6298	0.24740644
6299	0.24423242
6300	0.24099372
6301	0.23785616
6302	0.23532358
6303	0.23219773
6304	0.22974904
6305	0.22737786
6306	0.22603200
6307	0.22463955
6308	0.22391221
6309	0.22282769
6310	0.22193375
6311	0.22045107
6312	0.21826139
6313	0.21692114
6314	0.21509421
6315	0.21399768
6316	0.21265413
6317	0.21150213
6318	0.21065819
6319	0.21001048
6320	0.20984796
6321	0.20992559
6322	0.21043922
6323	0.21127357
6324	0.21240017
6325	0.21372652
6326	0.21521197
6327	0.21661165
6328	0.21791966
6329	0.21905145
6330	0.21975785
6331	0.22005476
6332	0.21999547
6333	0.21968944
6334	0.21874513
6335	0.21769439
6336	0.21627067
6337	0.21453591
6338	0.21261519
6339	0.21063074
6340	0.20858662
6341	0.20650330
6342	0.20441088
6343	0.20233141
6344	0.20019065
6345	0.19805996
6346	0.19594856
6347	0.19391674
6348	0.19197635
6349	0.19023252
6350	0.18855758
6351	0.18726885
6352	0.18626422
6353	0.18558325
6354	0.18522991
6355	0.18520813
6356	0.18551511
6357	0.18618433
6358	0.18712795
6359	0.18841182
6360	0.19001473
6361	0.19190130
6362	0.19344310
6363	0.19623159
6364	0.19858088
6365	0.20197734
6366	0.20193106
6367	0.20941016
6368	0.21313317
6369	0.21758771
6370	0.22096220
6371	0.22416964
6372	0.22677252
6373	0.22976239
6374	0.23222755
6375	0.23516433
6376	0.23846938
6377	0.24151267
6378	0.24471596
6379	0.24777186
6380	0.25069863
6381	0.25315458
6382	0.25511330
6383	0.25614503
6384	0.25753397
6385	0.25880125
6386	0.26065648
6387	0.26187429
6388	0.26401955
6389	0.26621294
6390	0.27001664
6391	0.27198115
6392	0.27307683
6393	0.27736154
6394	0.28143698
6395	0.28587195
6396	0.29031059
6397	0.29374141
6398	0.29622886
6399	0.29683992
6400	0.29641375
6401	0.29560429
6402	0.29474375
6403	0.29399148
6404	0.29370344
6405	0.29360914
6406	0.29351139
6407	0.29353103
6408	0.29355535
6409	0.29341939
6410	0.29312328
6411	0.29248828
6412	0.29169655
6413	0.29077372
6414	0.28991249
6415	0.28890699
6416	0.28780389
6417	0.28672850
6418	0.28544977
6419	0.28379306
6420	0.28235102
6421	0.28075054
6422	0.27897581
6423	0.27711129
6424	0.27511069
6425	0.27346209
6426	0.27130696
6427	0.26897672
6428	0.26705363
6429	0.26424527
6430	0.26125932
6431	0.25770268
6432	0.25448900
6433	0.25134698
6434	0.24865796
6435	0.24610060
6436	0.24344260
6437	0.24159509
6438	0.24018484
6439	0.23888458
6440	0.23758508
6441	0.23625147
6442	0.23435290
6443	0.23145632
6444	0.23018305
6445	0.22860970
6446	0.22699195
6447	0.22551638
6448	0.22421691
6449	0.22313775
6450	0.22238639
6451	0.22186495
6452	0.22172353
6453	0.22192538
6454	0.22236128
6455	0.22313018
6456	0.22394665
6457	0.22492166
6458	0.22587922
6459	0.22670130
6460	0.22722875
6461	0.22735962
6462	0.22709779
6463	0.22632411
6464	0.22534397
6465	0.22393613
6466	0.22219720
6467	0.22030641
6468	0.21789978
6469	0.21543661
6470	0.21305381
6471	0.21048483
6472	0.20807619
6473	0.20568891
6474	0.20340744
6475	0.20110326
6476	0.19889121
6477	0.19666871
6478	0.19452141
6479	0.19247359
6480	0.19053780
6481	0.18875706
6482	0.18719552
6483	0.18568982
6484	0.18451175
6485	0.18391341
6486	0.18345720
6487	0.18267588
6488	0.18245535
6489	0.18347318
6490	0.18360551
6491	0.18399976
6492	0.18376283
6493	0.18427478
6494	0.18457040
6495	0.18609080
6496	0.18767306
6497	0.18627031
6498	0.19394258
6499	0.19474533
6500	0.19717701
6501	0.19975765
6502	0.20228213
6503	0.20369101
6504	0.20520435
6505	0.20673257
6506	0.20769489
6507	0.20872954
6508	0.20962632
6509	0.21031305
6510	0.21087475
6511	0.21119575
6512	0.21110378
6513	0.21045113
6514	0.20928714
6515	0.20782308
6516	0.20624848
6517	0.20472424
6518	0.20363033
6519	0.20318784
6520	0.20468298
6521	0.20603283
6522	0.20740215
6523	0.20798866
6524	0.20873617
6525	0.21159427
6526	0.21514334
6527	0.21833360
6528	0.22132206
6529	0.22313686
6530	0.22454557
6531	0.22525162
6532	0.22525978
6533	0.22509468
6534	0.22488165
6535	0.22408207
6536	0.22262125
6537	0.22281012
6538	0.22256376
6539	0.22240654
6540	0.22229350
6541	0.22218649
6542	0.22170612
6543	0.22149400
6544	0.22099076
6545	0.22040093
6546	0.21995579
6547	0.21854764
6548	0.21752796
6549	0.21635845
6550	0.21483698
6551	0.21343783
6552	0.21195631
6553	0.21036728
6554	0.20874907
6555	0.20702498
6556	0.20572865
6557	0.20389371
6558	0.20202875
6559	0.20046431
6560	0.19852448
6561	0.19613332
6562	0.19398952
6563	0.19221926
6564	0.19086348
6565	0.18949741
6566	0.18836606
6567	0.18752633
6568	0.18707165
6569	0.18739183
6570	0.18741474
6571	0.18747717
6572	0.18760557
6573	0.18721074
6574	0.18525442
6575	0.18511946
6576	0.18437214
6577	0.18361481
6578	0.18286461
6579	0.18215151
6580	0.18164739
6581	0.18135059
6582	0.18137698
6583	0.18171859
6584	0.18238463
6585	0.18339309
6586	0.18460716
6587	0.18603757
6588	0.18753640
6589	0.18904175
6590	0.19032468
6591	0.19131252
6592	0.19194916
6593	0.19235925
6594	0.19241939
6595	0.19230618
6596	0.19151780
6597	0.19062230
6598	0.18954630
6599	0.18816327
6600	0.18674916
6601	0.18530674
6602	0.18385997
6603	0.18244642
6604	0.18109976
6605	0.17971405
6606	0.17841865
6607	0.17713249
6608	0.17596932
6609	0.17489694
6610	0.17395680
6611	0.17320731
6612	0.17249689
6613	0.17216691
6614	0.17204428
6615	0.17277096
6616	0.17324588
6617	0.17461547
6618	0.17454125
6619	0.17585517
6620	0.17615524
6621	0.17924723
6622	0.18099041
6623	0.18242121
6624	0.18502982
6625	0.18871303
6626	0.19336762
6627	0.19515333
6628	0.19989812
6629	0.20306522
6630	0.20634018
6631	0.20905475
6632	0.21204652
6633	0.21489352
6634	0.21703927
6635	0.21950944
6636	0.22200274
6637	0.22428863
6638	0.22653891
6639	0.22869715
6640	0.23088364
6641	0.23278815
6642	0.23432474
6643	0.23541886
6644	0.23602167
6645	0.23622997
6646	0.23630919
6647	0.23657432
6648	0.23680335
6649	0.23721454
6650	0.23827772
6651	0.23979615
6652	0.24178256
6653	0.24398667
6654	0.24503773
6655	0.24816713
6656	0.25146195
6657	0.25491977
6658	0.25887159
6659	0.26246941
6660	0.26471660
6661	0.26603645
6662	0.26624772
6663	0.26583835
6664	0.26518008
6665	0.26481518
6666	0.26444116
6667	0.26354802
6668	0.26374674
6669	0.26300085
6670	0.26311135
6671	0.26301163
6672	0.26286674
6673	0.26224208
6674	0.26204696
6675	0.26162475
6676	0.26097542
6677	0.26059970
6678	0.25924161
6679	0.25822473
6680	0.25697389
6681	0.25536498
6682	0.25384647
6683	0.25231162
6684	0.25064889
6685	0.24888258
6686	0.24700056
6687	0.24506657
6688	0.24315365
6689	0.24137394
6690	0.23898464
6691	0.23590383
6692	0.23320231
6693	0.23045370
6694	0.22772527
6695	0.22565643
6696	0.22293013
6697	0.22067951
6698	0.21873073
6699	0.21731576
6700	0.21636844
6701	0.21555722
6702	0.21479321
6703	0.21384963
6704	0.21158595
6705	0.21125652
6706	0.21081160
6707	0.20984729
6708	0.20859802
6709	0.20786719
6710	0.20723808
6711	0.20691428
6712	0.20667268
6713	0.20681065
6714	0.20736027
6715	0.20825145
6716	0.20956576
6717	0.21105196
6718	0.21280628
6719	0.21460694
6720	0.21643132
6721	0.21794578
6722	0.21908331
6723	0.21988523
6724	0.22032970
6725	0.22053537
6726	0.22034670
6727	0.22001928
6728	0.21872042
6729	0.21750280
6730	0.21605462
6731	0.21445574
6732	0.21274178
6733	0.21095806
6734	0.20917034
6735	0.20732936
6736	0.20548952
6737	0.20371673
6738	0.20193964
6739	0.20027000
6740	0.19874613
6741	0.19723874
6742	0.19606599
6743	0.19512545
6744	0.19445510
6745	0.19447058
6746	0.19448267
6747	0.19495369
6748	0.19537506
6749	0.19622752
6750	0.19698520
6751	0.19897705
6752	0.20075016
6753	0.20225027
6754	0.20377573
6755	0.20708534
6756	0.21019915
6757	0.21070272
6758	0.21414220
6759	0.21818514
6760	0.22653374
6761	0.23101394
6762	0.23464271
6763	0.23753308
6764	0.24024253
6765	0.24310194
6766	0.24602607
6767	0.24865189
6768	0.25115427
6769	0.25361118
6770	0.25597250
6771	0.25825584
6772	0.26018140
6773	0.26170358
6774	0.26274276
6775	0.26336005
6776	0.26378801
6777	0.26394075
6778	0.26423889
6779	0.26483497
6780	0.26668215
6781	0.26900658
6782	0.27270794
6783	0.27483445
6784	0.27638876
6785	0.28059497
6786	0.28429618
6787	0.28822368
6788	0.29196191
6789	0.29454297
6790	0.29608139
6791	0.29611444
6792	0.29549870
6793	0.29460612
6794	0.29376143
6795	0.29337963
6796	0.29318807
6797	0.29292083
6798	0.29234535
6799	0.29188827
6800	0.29159868
6801	0.29122230
6802	0.29070422
6803	0.29022425
6804	0.28907573
6805	0.28791523
6806	0.28711674
6807	0.28593850
6808	0.28458738
6809	0.28319088
6810	0.28167564
6811	0.28008628
6812	0.27802658
6813	0.27620643
6814	0.27429125
6815	0.27236271
6816	0.27045766
6817	0.26849958
6818	0.26661187
6819	0.26473269
6820	0.26293841
6821	0.26051661
6822	0.25743330
6823	0.25479051
6824	0.25222024
6825	0.24987988
6826	0.24805364
6827	0.24583088
6828	0.24418974
6829	0.24323004
6830	0.24198000
6831	0.24099007
6832	0.23992792
6833	0.23860741
6834	0.23716265
6835	0.23427036
6836	0.23391715
6837	0.23237458
6838	0.23033057
6839	0.22894278
6840	0.22789147
6841	0.22687076
6842	0.22622012
6843	0.22586730
6844	0.22581317
6845	0.22595641
6846	0.22646491
6847	0.22717446
6848	0.22800867
6849	0.22888857
6850	0.22965117
6851	0.23013741
6852	0.23022896
6853	0.23000287
6854	0.22935934
6855	0.22856069
6856	0.22726817
6857	0.22563016
6858	0.22371593
6859	0.22150731
6860	0.21916491
6861	0.21680269
6862	0.21434508
6863	0.21196240
6864	0.20958094
6865	0.20729737
6866	0.20501471
6867	0.20274462
6868	0.20055357
6869	0.19843775
6870	0.19649157
6871	0.19471316
6872	0.19303796
6873	0.19165243
6874	0.19056736
6875	0.18979125
6876	0.18955284
6877	0.18934724
6878	0.18948504
6879	0.19003119
6880	0.19027199
6881	0.19166198
6882	0.19225669
6883	0.19375303
6884	0.19520161
6885	0.19311367
6886	0.19525629
6887	0.19775888
6888	0.20009431
6889	0.20303482
6890	0.21038592
6891	0.21258119
6892	0.21450205
6893	0.21565415
6894	0.21663335
6895	0.21768275
6896	0.21877776
6897	0.21961726
6898	0.22045204
6899	0.22098142
6900	0.22146817
6901	0.22175896
6902	0.22158457
6903	0.22099404
6904	0.21991412
6905	0.21849203
6906	0.21692699
6907	0.21532130
6908	0.21389528
6909	0.21301694
6910	0.21358298
6911	0.21435839
6912	0.21526417
6913	0.21567497
6914	0.21733290
6915	0.22083254
6916	0.22458772
6917	0.22830275
6918	0.23074298
6919	0.23247358
6920	0.23368005
6921	0.23412456
6922	0.23396267
6923	0.23370793
6924	0.23359773
6925	0.23328143
6926	0.23259856
6927	0.23293675
6928	0.23328881
6929	0.23365794
6930	0.23393238
6931	0.23410776
6932	0.23396967
6933	0.23366863
6934	0.23337315
6935	0.23308831
6936	0.23254292
6937	0.23143631
6938	0.23045205
6939	0.22928357
6940	0.22800137
6941	0.22657257
6942	0.22474433
6943	0.22298744
6944	0.22108759
6945	0.21898137
6946	0.21679462
6947	0.21463099
6948	0.21236418
6949	0.21079540
6950	0.20805609
6951	0.20540056
6952	0.20280461
6953	0.20017457
6954	0.19793515
6955	0.19556345
6956	0.19348282
6957	0.19169019
6958	0.19023433
6959	0.18915221
6960	0.18817016
6961	0.18680176
6962	0.18515080
6963	0.18341486
6964	0.18012178
6965	0.17810276
6966	0.17601311
6967	0.17350730
6968	0.17162207
6969	0.17039566
6970	0.16918601
6971	0.16843052
6972	0.16817977
6973	0.16854642
6974	0.16923326
6975	0.17045259
6976	0.17211279
6977	0.17413704
6978	0.17633338
6979	0.17868337
6980	0.18100840
6981	0.18311271
6982	0.18487008
6983	0.18628527
6984	0.18720570
6985	0.18798470
6986	0.18778226
6987	0.18761793
6988	0.18709311
6989	0.18620886
6990	0.18516319
6991	0.18378989
6992	0.18231733
6993	0.18078971
6994	0.17921722
6995	0.17759597
6996	0.17594430
6997	0.17441051
6998	0.17278910
6999	0.17122079
7000	0.16970371
7001	0.16831863
7002	0.16710582
7003	0.16609350
7004	0.16530930
7005	0.16446586
7006	0.16441396
7007	0.16448404
7008	0.16481082
7009	0.16537353
7010	0.16639766
7011	0.16821329
7012	0.16929311
7013	0.17115252
7014	0.17229655
7015	0.17514268
7016	0.17833063
7017	0.18264723
7018	0.18567473
7019	0.18765727
7020	0.19155562
7021	0.19413491
7022	0.19760239
7023	0.20005770
7024	0.20241326
7025	0.20507029
7026	0.20792735
7027	0.21068455
7028	0.21352199
7029	0.21632959
7030	0.21925220
7031	0.22215119
7032	0.22485353
7033	0.22734296
7034	0.22921632
7035	0.23073262
7036	0.23183547
7037	0.23282622
7038	0.23373054
7039	0.23494031
7040	0.23667862
7041	0.23970559
7042	0.24210985
7043	0.24502654
7044	0.24668537
7045	0.24774785
7046	0.25011569
7047	0.25334516
7048	0.25673321
7049	0.25983793
7050	0.26224032
7051	0.26362377
7052	0.26449671
7053	0.26489514
7054	0.26467258
7055	0.26445204
7056	0.26401183
7057	0.26361066
7058	0.26314712
7059	0.26327831
7060	0.26325595
7061	0.26344505
7062	0.26356289
7063	0.26351762
7064	0.26303223
7065	0.26279676
7066	0.26227480
7067	0.26169339
7068	0.26094764
7069	0.26018289
7070	0.25937447
7071	0.25837630
7072	0.25700986
7073	0.25570524
7074	0.25428158
7075	0.25272658
7076	0.25099155
7077	0.24925636
7078	0.24769470
7079	0.24576445
7080	0.24380960
7081	0.24205092
7082	0.23982035
7083	0.23713650
7084	0.23480089
7085	0.23247987
7086	0.23087321
7087	0.22921933
7088	0.22792442
7089	0.22720966
7090	0.22650757
7091	0.22620517
7092	0.22585276
7093	0.22536311
7094	0.22462688
7095	0.22358130
7096	0.22167279
7097	0.22062050
7098	0.21922439
7099	0.21793936
7100	0.21668440
7101	0.21561958
7102	0.21476223
7103	0.21427441
7104	0.21397360
7105	0.21406727
7106	0.21441205
7107	0.21501155
7108	0.21580715
7109	0.21676505
7110	0.21771277
7111	0.21852694
7112	0.21926442
7113	0.21973415
7114	0.21986789
7115	0.21991996
7116	0.22002631
7117	0.21934286
7118	0.21856725
7119	0.21767411
7120	0.21669191
7121	0.21564226
7122	0.21462888
7123	0.21364413
7124	0.21270399
7125	0.21180482
7126	0.21097256
7127	0.21014845
7128	0.20931478
7129	0.20844758
7130	0.20761901
7131	0.20680718
7132	0.20606616
7133	0.20539491
7134	0.20459686
7135	0.20416830
7136	0.20390034
7137	0.20414639
7138	0.20420325
7139	0.20439459
7140	0.20487016
7141	0.20563954
7142	0.20649317
7143	0.20759898
7144	0.20846522
7145	0.20943889
7146	0.21090510
7147	0.21362843
7148	0.21615805
7149	0.21909083
7150	0.22194681
7151	0.22400153
7152	0.22787650
7153	0.23300153
7154	0.23516290
7155	0.23806776
7156	0.24042138
7157	0.24259833
7158	0.24443123
7159	0.24633025
7160	0.24814317
7161	0.24996980
7162	0.25175723
7163	0.25338012
7164	0.25477538
7165	0.25583589
7166	0.25646126
7167	0.25688609
7168	0.25686827
7169	0.25697106
7170	0.25722253
7171	0.25835490
7172	0.26007476
7173	0.26292202
7174	0.26470432
7175	0.26763543
7176	0.27133229
7177	0.27550179
7178	0.27902535
7179	0.28251651
7180	0.28530112
7181	0.28669235
7182	0.28705364
7183	0.28714621
7184	0.28608140
7185	0.28508645
7186	0.28424168
7187	0.28362468
7188	0.28375968
7189	0.28313085
7190	0.28289017
7191	0.28226188
7192	0.28205395
7193	0.28179529
7194	0.28146189
7195	0.28058562
7196	0.27976978
7197	0.27882552
7198	0.27795365
7199	0.27678573
7200	0.27547866
7201	0.27407783
7202	0.27224767
7203	0.27051750
7204	0.26866844
7205	0.26669422
7206	0.26458317
7207	0.26252478
7208	0.26056057
7209	0.25805408
7210	0.25610888
7211	0.25351065
7212	0.25047347
7213	0.24684832
7214	0.24352731
7215	0.24011096
7216	0.23706639
7217	0.23404145
7218	0.23086029
7219	0.22832346
7220	0.22651188
7221	0.22485012
7222	0.22367202
7223	0.22299284
7224	0.22170496
7225	0.22053184
7226	0.21795759
7227	0.21738788
7228	0.21603818
7229	0.21479321
7230	0.21357262
7231	0.21237817
7232	0.21141529
7233	0.21057639
7234	0.21001004
7235	0.20973496
7236	0.20977400
7237	0.20988290
7238	0.21023805
7239	0.21075314
7240	0.21130513
7241	0.21167274
7242	0.21198016
7243	0.21183212
7244	0.21144347
7245	0.21058355
7246	0.20947751
7247	0.20814176
7248	0.20673229
7249	0.20438024
7250	0.20214204
7251	0.19979127
7252	0.19735278
7253	0.19486570
7254	0.19238047
7255	0.18996997
7256	0.18756756
7257	0.18520010
7258	0.18289486
7259	0.18066072
7260	0.17853068
7261	0.17654784
7262	0.17480940
7263	0.17319395
7264	0.17192376
7265	0.17094135
7266	0.17023678
7267	0.17024380
7268	0.17017110
7269	0.17030956
7270	0.17015454
7271	0.17169495
7272	0.17304659
7273	0.17522484
7274	0.17653051
7275	0.17812549
7276	0.18120164
7277	0.18514065
7278	0.18691280
7279	0.19111519
7280	0.19439064
7281	0.19671103
7282	0.20099562
7283	0.20453791
7284	0.20771123
7285	0.21138044
7286	0.21504045
7287	0.21878947
7288	0.22184534
7289	0.22575460
7290	0.22951373
7291	0.23329198
7292	0.23703966
7293	0.24058372
7294	0.24369238
7295	0.24629126
7296	0.24825831
7297	0.24973801
7298	0.25072259
7299	0.25169909
7300	0.25264370
7301	0.25450748
7302	0.25635141
7303	0.25952899
7304	0.26178822
7305	0.26452813
7306	0.26987603
7307	0.27436125
7308	0.27802056
7309	0.28243056
7310	0.28593856
7311	0.28753006
7312	0.28835014
7313	0.28799233
7314	0.28722063
7315	0.28657678
7316	0.28583884
7317	0.28530824
7318	0.28525618
7319	0.28585395
7320	0.28556007
7321	0.28551918
7322	0.28515145
7323	0.28469369
7324	0.28410107
7325	0.28338787
7326	0.28256205
7327	0.28178254
7328	0.28082138
7329	0.27977335
7330	0.27874154
7331	0.27726325
7332	0.27597618
7333	0.27448258
7334	0.27284205
7335	0.27108639
7336	0.26929426
7337	0.26725039
7338	0.26532218
7339	0.26304370
7340	0.26112461
7341	0.25853223
7342	0.25535393
7343	0.25214851
7344	0.24829476
7345	0.24479680
7346	0.24112797
7347	0.23816262
7348	0.23504373
7349	0.23268183
7350	0.23051849
7351	0.22909418
7352	0.22790557
7353	0.22667798
7354	0.22540605
7355	0.22222620
7356	0.22123817
7357	0.21962887
7358	0.21759737
7359	0.21647838
7360	0.21480727
7361	0.21345732
7362	0.21210837
7363	0.21125187
7364	0.21041928
7365	0.21016122
7366	0.21005107
7367	0.21026173
7368	0.21072401
7369	0.21127322
7370	0.21183945
7371	0.21236162
7372	0.21267226
7373	0.21266040
7374	0.21229179
7375	0.21149679
7376	0.21046811
7377	0.20895056
7378	0.20721892
7379	0.20512708
7380	0.20278341
7381	0.20045970
7382	0.19808346
7383	0.19582342
7384	0.19356567
7385	0.19144486
7386	0.18951151
7387	0.18763435
7388	0.18587981
7389	0.18416749
7390	0.18261120
7391	0.18114880
7392	0.17983329
7393	0.17869721
7394	0.17755732
7395	0.17678754
7396	0.17631242
7397	0.17599098
7398	0.17647690
7399	0.17688091
7400	0.17734139
7401	0.17868111
7402	0.17829673
7403	0.18000668
7404	0.18138757
7405	0.18252243
7406	0.18450958
7407	0.18714054
7408	0.19046605
7409	0.19184947
7410	0.19477165
7411	0.19920550
7412	0.20222384
7413	0.20510429
7414	0.20760424
7415	0.21051978
7416	0.21315619
7417	0.21530065
7418	0.21705128
7419	0.21896799
7420	0.22048545
7421	0.22175948
7422	0.22277465
7423	0.22346102
7424	0.22365336
7425	0.22334297
7426	0.22237138
7427	0.22090635
7428	0.21904828
7429	0.21725157
7430	0.21547796
7431	0.21451476
7432	0.21466172
7433	0.21556708
7434	0.21698071
7435	0.21734685
7436	0.21903294
7437	0.22304219
7438	0.22669245
7439	0.22997928
7440	0.23298098
7441	0.23446766
7442	0.23526941
7443	0.23553231
7444	0.23496006
7445	0.23443763
7446	0.23389296
7447	0.23328847
7448	0.23270503
7449	0.23279916
7450	0.23248744
7451	0.23226108
7452	0.23152998
7453	0.23145567
7454	0.23130116
7455	0.23091641
7456	0.23040016
7457	0.22977513
7458	0.22906660
7459	0.22768931
7460	0.22703660
7461	0.22597964
7462	0.22466533
7463	0.22300866
7464	0.22153719
7465	0.21992882
7466	0.21827768
7467	0.21649066
7468	0.21460982
7469	0.21267158
7470	0.21106961
7471	0.20920542
7472	0.20658362
7473	0.20397942
7474	0.20117550
7475	0.19823422
7476	0.19575137
7477	0.19336496
7478	0.19085659
7479	0.18923545
7480	0.18778779
7481	0.18730427
7482	0.18688415
7483	0.18634588
7484	0.18592423
7485	0.18521854
7486	0.18465255
7487	0.18201920
7488	0.18191577
7489	0.18116497
7490	0.18021610
7491	0.17942774
7492	0.17877579
7493	0.17829874
7494	0.17811731
7495	0.17825425
7496	0.17866445
7497	0.17935473
7498	0.18037604
7499	0.18150878
7500	0.18272287
7501	0.18400331
7502	0.18518740
7503	0.18596748
7504	0.18644705
7505	0.18640023
7506	0.18592073
7507	0.18501072
7508	0.18379307
7509	0.18196094
7510	0.17990443
7511	0.17749289
7512	0.17489100
7513	0.17211653
7514	0.16930783
7515	0.16652349
7516	0.16378807
7517	0.16112174
7518	0.15851851
7519	0.15593874
7520	0.15342508
7521	0.15100136
7522	0.14880396
7523	0.14677736
7524	0.14507911
7525	0.14349677
7526	0.14237733
7527	0.14163712
7528	0.14160341
7529	0.14166981
7530	0.14205191
7531	0.14334112
7532	0.14441879
7533	0.14601199
7534	0.14767720
7535	0.14915501
7536	0.15184259
7537	0.15421385
7538	0.15869686
7539	0.16143440
7540	0.16413476
7541	0.17016199
7542	0.17424868
7543	0.17826894
7544	0.18234408
7545	0.18662292
7546	0.18991545
7547	0.19321273
7548	0.19697376
7549	0.20046808
7550	0.20377386
7551	0.20699842
7552	0.21001828
7553	0.21282195
7554	0.21522778
7555	0.21710537
7556	0.21811436
7557	0.21854994
7558	0.21837449
7559	0.21827619
7560	0.21849617
7561	0.21901417
7562	0.22025356
7563	0.22249064
7564	0.22510877
7565	0.22798577
7566	0.22948523
7567	0.23162732
7568	0.23462296
7569	0.23785232
7570	0.24100661
7571	0.24360117
7572	0.24593593
7573	0.24675794
7574	0.24729225
7575	0.24705566
7576	0.24634704
7577	0.24545516
7578	0.24455726
7579	0.24374267
7580	0.24375363
7581	0.24352461
7582	0.24340002
7583	0.24284731
7584	0.24298513
7585	0.24310778
7586	0.24278459
7587	0.24269907
7588	0.24221262
7589	0.24175048
7590	0.24069510
7591	0.23979639
7592	0.23886640
7593	0.23778839
7594	0.23657951
7595	0.23525308
7596	0.23358519
7597	0.23211375
7598	0.23056996
7599	0.22893021
7600	0.22718206
7601	0.22530295
7602	0.22364064
7603	0.22200784
7604	0.21958923
7605	0.21688047
7606	0.21467628
7607	0.21275896
7608	0.21137370
7609	0.20987722
7610	0.20868807
7611	0.20791088
7612	0.20763516
7613	0.20752667
7614	0.20721860
7615	0.20666939
7616	0.20575638
7617	0.20462674
7618	0.20179121
7619	0.20115153
7620	0.19982545
7621	0.19862534
7622	0.19719036
7623	0.19604696
7624	0.19514544
7625	0.19447856
7626	0.19412433
7627	0.19409391
7628	0.19438706
7629	0.19500814
7630	0.19584678
7631	0.19684400
7632	0.19790843
7633	0.19889438
7634	0.19973198
7635	0.20023708
7636	0.20034800
7637	0.20004107
7638	0.19931968
7639	0.19833830
7640	0.19710146
7641	0.19518147
7642	0.19320293
7643	0.19102135
7644	0.18872038
7645	0.18643604
7646	0.18414220
7647	0.18192795
7648	0.17974137
7649	0.17767411
7650	0.17570031
7651	0.17381352
7652	0.17204522
7653	0.17040774
7654	0.16896552
7655	0.16766201
7656	0.16640887
7657	0.16557023
7658	0.16493911
7659	0.16497083
7660	0.16482526
7661	0.16518457
7662	0.16603102
7663	0.16705669
7664	0.16806895
7665	0.16876806
7666	0.17039573
7667	0.17158769
7668	0.17411582
7669	0.17674974
7670	0.17957094
7671	0.18165073
7672	0.18566686
7673	0.19039913
7674	0.19360906
7675	0.19704814
7676	0.19978434
7677	0.20297231
7678	0.20539406
7679	0.20792200
7680	0.21037526
7681	0.21283928
7682	0.21481943
7683	0.21668878
7684	0.21826173
7685	0.21944965
7686	0.22008187
7687	0.22012928
7688	0.21974386
7689	0.21897374
7690	0.21800523
7691	0.21727513
7692	0.21669488
7693	0.21668367
7694	0.21783313
7695	0.21961820
7696	0.22164011
7697	0.22317287
7698	0.22402939
7699	0.22671984
7700	0.22988549
7701	0.23268662
7702	0.23586825
7703	0.23803040
7704	0.23862164
7705	0.23905650
7706	0.23875065
7707	0.23807396
7708	0.23726010
7709	0.23647703
7710	0.23618840
7711	0.23583253
7712	0.23573156
7713	0.23509473
7714	0.23503214
7715	0.23488125
7716	0.23472132
7717	0.23406170
7718	0.23379742
7719	0.23315002
7720	0.23244591
7721	0.23130730
7722	0.23011719
7723	0.22879192
7724	0.22730903
7725	0.22536676
7726	0.22355567
7727	0.22161920
7728	0.21946996
7729	0.21723491
7730	0.21489762
7731	0.21262874
7732	0.21044762
7733	0.20837617
7734	0.20539914
7735	0.20248123
7736	0.19903021
7737	0.19600202
7738	0.19325848
7739	0.19075429
7740	0.18822905
7741	0.18591778
7742	0.18387716
7743	0.18224856
7744	0.18103752
7745	0.17999096
7746	0.17891669
7747	0.17772961
7748	0.17636655
7749	0.17397444
7750	0.17266309
7751	0.17121445
7752	0.16979288
7753	0.16844743
7754	0.16726397
7755	0.16629021
7756	0.16554262
7757	0.16507718
7758	0.16489333
7759	0.16498807
7760	0.16528976
7761	0.16577721
7762	0.16639465
7763	0.16708957
7764	0.16772585
7765	0.16829821
7766	0.16858022
7767	0.16846733
7768	0.16810325
7769	0.16731465
7770	0.16648474
7771	0.16504590
7772	0.16330390
7773	0.16152254
7774	0.15957366
7775	0.15753748
7776	0.15545700
7777	0.15343416
7778	0.15149304
7779	0.14965788
7780	0.14798474
7781	0.14639224
7782	0.14493278
7783	0.14364202
7784	0.14247276
7785	0.14153092
7786	0.14080493
7787	0.14016534
7788	0.13993104
7789	0.13996227
7790	0.14071420
7791	0.14128558
7792	0.14155559
7793	0.14212225
7794	0.14395827
7795	0.14559639
7796	0.14817892
7797	0.15036136
7798	0.15214787
7799	0.15454677
7800	0.15949698
7801	0.16254435
7802	0.16590774
7803	0.16941677
7804	0.17297347
7805	0.17630944
7806	0.17977294
7807	0.18308558
7808	0.18543372
7809	0.18839917
7810	0.19126470
7811	0.19418845
7812	0.19662292
7813	0.19914931
7814	0.20161361
7815	0.20400047
7816	0.20628804
7817	0.20830896
7818	0.20988469
7819	0.21089883
7820	0.21115828
7821	0.21044262
7822	0.21020474
7823	0.20977525
7824	0.20965393
7825	0.20977286
7826	0.21139251
7827	0.21349181
7828	0.21546850
7829	0.21792133
7830	0.21972571
7831	0.22197549
7832	0.22585933
7833	0.22945361
7834	0.23378299
7835	0.23808885
7836	0.24075149
7837	0.24280447
7838	0.24370676
7839	0.24369614
7840	0.24345697
7841	0.24313959
7842	0.24285533
7843	0.24309875
7844	0.24351282
7845	0.24366292
7846	0.24366766
7847	0.24381201
7848	0.24369229
7849	0.24336457
7850	0.24292493
7851	0.24226770
7852	0.24162088
7853	0.24089341
7854	0.23998325
7855	0.23909184
7856	0.23821034
7857	0.23709308
7858	0.23565035
7859	0.23436196
7860	0.23292258
7861	0.23140213
7862	0.22981493
7863	0.22809073
7864	0.22674233
7865	0.22489339
7866	0.22302482
7867	0.22144870
7868	0.21928971
7869	0.21672021
7870	0.21414000
7871	0.21204913
7872	0.21042407
7873	0.20848048
7874	0.20737226
7875	0.20645931
7876	0.20663704
7877	0.20714177
7878	0.20767841
7879	0.20836329
7880	0.20919070
7881	0.20937337
7882	0.20953241
7883	0.20831847
7884	0.20869425
7885	0.20833509
7886	0.20788617
7887	0.20746382
7888	0.20682225
7889	0.20616119
7890	0.20569341
7891	0.20519333
7892	0.20492457
7893	0.20479713
7894	0.20479296
7895	0.20493867
7896	0.20500574
7897	0.20509142
7898	0.20504402
7899	0.20483875
7900	0.20418751
7901	0.20331667
7902	0.20226628
7903	0.20121227
7904	0.19923997
7905	0.19764079
7906	0.19590259
7907	0.19414075
7908	0.19240899
7909	0.19071512
7910	0.18917531
7911	0.18772623
7912	0.18639901
7913	0.18522286
7914	0.18415760
7915	0.18325172
7916	0.18243334
7917	0.18178396
7918	0.18127485
7919	0.18094276
7920	0.18069670
7921	0.18059531
7922	0.18086767
7923	0.18136284
7924	0.18247601
7925	0.18340896
7926	0.18476191
7927	0.18483645
7928	0.18678170
7929	0.18890268
7930	0.19012745
7931	0.19204167
7932	0.19325897
7933	0.19606815
7934	0.19859858
7935	0.20363024
7936	0.20553125
7937	0.20958674
7938	0.21227658
7939	0.21505007
7940	0.21696343
7941	0.21964276
7942	0.22178878
7943	0.22315778
7944	0.22483668
7945	0.22623044
7946	0.22766547
7947	0.22893703
7948	0.23022151
7949	0.23134960
7950	0.23228724
7951	0.23296562
7952	0.23318803
7953	0.23316075
7954	0.23303969
7955	0.23273937
7956	0.23245597
7957	0.23254472
7958	0.23271745
7959	0.23393081
7960	0.23545504
7961	0.23844396
7962	0.24003358
7963	0.24163236
7964	0.24509996
7965	0.24789275
7966	0.25114173
7967	0.25450271
7968	0.25721523
7969	0.25914896
7970	0.26028574
7971	0.26059821
7972	0.26048473
7973	0.26076236
7974	0.26025164
7975	0.25980163
7976	0.25956336
7977	0.25892770
7978	0.25894946
7979	0.25885010
7980	0.25877112
7981	0.25856319
7982	0.25822467
7983	0.25777540
7984	0.25723606
7985	0.25669855
7986	0.25582802
7987	0.25478381
7988	0.25365785
7989	0.25222719
7990	0.25035119
7991	0.24870546
7992	0.24700062
7993	0.24517125
7994	0.24336289
7995	0.24143714
7996	0.23997742
7997	0.23801263
7998	0.23603165
7999	0.23439080
8000	0.23203769
8001	0.22924541
8002	0.22648184
8003	0.22412446
8004	0.22200541
8005	0.22018021
8006	0.21818365
8007	0.21680613
8008	0.21581730
8009	0.21511364
8010	0.21427627
8011	0.21354605
8012	0.21227384
8013	0.20990217
8014	0.20922539
8015	0.20718010
8016	0.20528944
8017	0.20436017
8018	0.20334567
8019	0.20228486
8020	0.20184903
8021	0.20165229
8022	0.20166256
8023	0.20218784
8024	0.20305033
8025	0.20420146
8026	0.20557287
8027	0.20708503
8028	0.20865357
8029	0.21015470
8030	0.21153124
8031	0.21258841
8032	0.21326225
8033	0.21364909
8034	0.21395113
8035	0.21328118
8036	0.21270730
8037	0.21181196
8038	0.21071149
8039	0.20941968
8040	0.20802227
8041	0.20661856
8042	0.20518199
8043	0.20374727
8044	0.20234855
8045	0.20094408
8046	0.19954486
8047	0.19816452
8048	0.19682173
8049	0.19553371
8050	0.19419685
8051	0.19315538
8052	0.19224574
8053	0.19158360
8054	0.19116031
8055	0.19159915
8056	0.19126907
8057	0.19123709
8058	0.19187348
8059	0.19257568
8060	0.19410241
8061	0.19485292
8062	0.19637699
8063	0.19748643
8064	0.19983558
8065	0.20182429
8066	0.20559011
8067	0.21028367
8068	0.21199270
8069	0.21641481
8070	0.21962272
8071	0.22239657
8072	0.22562194
8073	0.22878018
8074	0.23198745
8075	0.23480386
8076	0.23787785
8077	0.24102749
8078	0.24425806
8079	0.24749056
8080	0.25059137
8081	0.25348958
8082	0.25597596
8083	0.25801909
8084	0.25946376
8085	0.26062432
8086	0.26182741
8087	0.26289764
8088	0.26437110
8089	0.26600105
8090	0.26841822
8091	0.27121881
8092	0.27420914
8093	0.27682179
8094	0.27911678
8095	0.28121674
8096	0.28491533
8097	0.28851616
8098	0.29138118
8099	0.29421899
8100	0.29622000
8101	0.29763183
8102	0.29782143
8103	0.29746303
8104	0.29675889
8105	0.29603153
8106	0.29537264
8107	0.29511058
8108	0.29459703
8109	0.29445696
8110	0.29419068
8111	0.29415014
8112	0.29400447
8113	0.29374713
8114	0.29310063
8115	0.29249656
8116	0.29182523
8117	0.29097933
8118	0.29001477
8119	0.28899655
8120	0.28790358
8121	0.28641459
8122	0.28501076
8123	0.28344753
8124	0.28179345
8125	0.28005704
8126	0.27821481
8127	0.27650779
8128	0.27452484
8129	0.27244735
8130	0.27050194
8131	0.26810166
8132	0.26524928
8133	0.26272300
8134	0.26018131
8135	0.25777048
8136	0.25612873
8137	0.25269622
8138	0.25234628
8139	0.25115547
8140	0.25060678
8141	0.24958153
8142	0.24863802
8143	0.24775533
8144	0.24541825
8145	0.24394877
8146	0.24279386
8147	0.24055505
8148	0.23950092
8149	0.23823094
8150	0.23713988
8151	0.23641989
8152	0.23609188
8153	0.23610768
8154	0.23660316
8155	0.23743202
8156	0.23868071
8157	0.24024579
8158	0.24201462
8159	0.24391139
8160	0.24573649
8161	0.24713780
8162	0.24811183
8163	0.24837002
8164	0.24810986
8165	0.24719511
8166	0.24586874
8167	0.24324165
8168	0.24057031
8169	0.23757458
8170	0.23447399
8171	0.23146394
8172	0.22855620
8173	0.22598736
8174	0.22374801
8175	0.22186229
8176	0.22039102
8177	0.21930122
8178	0.21853305
8179	0.21809405
8180	0.21791442
8181	0.21802315
8182	0.21830156
8183	0.21884839
8184	0.21954191
8185	0.22071116
8186	0.22165278
8187	0.22265477
8188	0.22346777
8189	0.22444424
8190	0.22507513
8191	0.22608033
8192	0.22702765
8193	0.22802812
8194	0.22812569
8195	0.22967242
8196	0.23070107
8197	0.22942978
8198	0.23186150
8199	0.23374507
8200	0.24016975
8201	0.24236867
8202	0.24490638
8203	0.24713038
8204	0.24932748
8205	0.25164852
8206	0.25339949
8207	0.25552148
8208	0.25768444
8209	0.25970396
8210	0.26152563
8211	0.26299787
8212	0.26395699
8213	0.26428986
8214	0.26391983
8215	0.26295280
8216	0.26169169
8217	0.26065880
8218	0.25974756
8219	0.25936887
8220	0.25964376
8221	0.26135859
8222	0.26327673
8223	0.26589856
8224	0.26742086
8225	0.26903510
8226	0.27121451
8227	0.27402213
8228	0.27710742
8229	0.27989006
8230	0.28249848
8231	0.28395426
8232	0.28478140
8233	0.28479093
8234	0.28456050
8235	0.28388882
8236	0.28313583
8237	0.28256989
8238	0.28236261
8239	0.28189695
8240	0.28135335
8241	0.28131974
8242	0.28109732
8243	0.28076500
8244	0.28026307
8245	0.27965268
8246	0.27884328
8247	0.27788317
8248	0.27689320
8249	0.27566239
8250	0.27425575
8251	0.27242431
8252	0.27075085
8253	0.26900604
8254	0.26708791
8255	0.26509437
8256	0.26313967
8257	0.26122251
8258	0.25890639
8259	0.25647572
8260	0.25433838
8261	0.25136158
8262	0.24792719
8263	0.24422285
8264	0.24033342
8265	0.23651446
8266	0.23288326
8267	0.22761200
8268	0.22372195
8269	0.22254568
8270	0.22033653
8271	0.21848494
8272	0.21671879
8273	0.21508662
8274	0.21315134
8275	0.20974553
8276	0.20768686
8277	0.20557900
8278	0.20364791
8279	0.20208538
8280	0.20089707
8281	0.19961622
8282	0.19885582
8283	0.19848235
8284	0.19847412
8285	0.19887882
8286	0.19963822
8287	0.20077656
8288	0.20219886
8289	0.20380192
8290	0.20545448
8291	0.20708832
8292	0.20850241
8293	0.20961072
8294	0.21027254
8295	0.21044289
8296	0.21008578
8297	0.20934209
8298	0.20834085
8299	0.20690118
8300	0.20504200
8301	0.20304079
8302	0.20092131
8303	0.19870807
8304	0.19649339
8305	0.19429554
8306	0.19215965
8307	0.19011547
8308	0.18814290
8309	0.18624139
8310	0.18439616
8311	0.18267603
8312	0.18114281
8313	0.17976826
8314	0.17847532
8315	0.17753749
8316	0.17623371
8317	0.17577776
8318	0.17598267
8319	0.17708193
8320	0.17747205
8321	0.17822619
8322	0.17910592
8323	0.17994849
8324	0.18206875
8325	0.18323629
8326	0.18469693
8327	0.18660337
8328	0.19191103
8329	0.19352449
8330	0.19708206
8331	0.20058872
8332	0.20442618
8333	0.20892467
8334	0.21239443
8335	0.21531497
8336	0.21858619
8337	0.22158270
8338	0.22402078
8339	0.22705007
8340	0.22978398
8341	0.23247281
8342	0.23507722
8343	0.23763950
8344	0.23995142
8345	0.24186043
8346	0.24330610
8347	0.24431971
8348	0.24481805
8349	0.24517849
8350	0.24548660
8351	0.24632584
8352	0.24788874
8353	0.25012442
8354	0.25292158
8355	0.25521892
8356	0.25742090
8357	0.26091671
8358	0.26364306
8359	0.26654366
8360	0.26954067
8361	0.27137518
8362	0.27201822
8363	0.27218515
8364	0.27171654
8365	0.27117583
8366	0.27096736
8367	0.27038369
8368	0.27040082
8369	0.27003548
8370	0.26981822
8371	0.26874819
8372	0.26865113
8373	0.26850209
8374	0.26827663
8375	0.26782933
8376	0.26698336
8377	0.26645234
8378	0.26559997
8379	0.26484603
8380	0.26348725
8381	0.26225692
8382	0.26082841
8383	0.25903624
8384	0.25740594
8385	0.25572494
8386	0.25394484
8387	0.25204530
8388	0.25008449
8389	0.24820267
8390	0.24606863
8391	0.24464439
8392	0.24178930
8393	0.23925748
8394	0.23656856
8395	0.23396289
8396	0.23184510
8397	0.22957559
8398	0.22754158
8399	0.22585310
8400	0.22446920
8401	0.22360173
8402	0.22286227
8403	0.22201906
8404	0.22111075
8405	0.22017471
8406	0.21883553
8407	0.21645263
8408	0.21577574
8409	0.21387328
8410	0.21256614
8411	0.21131656
8412	0.21037197
8413	0.20943664
8414	0.20891802
8415	0.20871659
8416	0.20884113
8417	0.20931993
8418	0.21011241
8419	0.21113524
8420	0.21237086
8421	0.21373007
8422	0.21510337
8423	0.21641335
8424	0.21756482
8425	0.21829969
8426	0.21872379
8427	0.21865347
8428	0.21854527
8429	0.21752359
8430	0.21664660
8431	0.21530934
8432	0.21378882
8433	0.21213569
8434	0.21041207
8435	0.20862989
8436	0.20691416
8437	0.20528814
8438	0.20375581
8439	0.20228337
8440	0.20094414
8441	0.19968398
8442	0.19857308
8443	0.19761468
8444	0.19684197
8445	0.19630195
8446	0.19573438
8447	0.19570267
8448	0.19592802
8449	0.19682936
8450	0.19746634
8451	0.19864047
8452	0.19903930
8453	0.20050128
8454	0.20222244
8455	0.20482130
8456	0.20640418
8457	0.20882638
8458	0.21037550
8459	0.21387918
8460	0.21656606
8461	0.21692643
8462	0.22586770
8463	0.22793734
8464	0.23239173
8465	0.23562585
8466	0.23800127
8467	0.24082822
8468	0.24301580
8469	0.24541974
8470	0.24790345
8471	0.25013587
8472	0.25236374
8473	0.25457481
8474	0.25664085
8475	0.25865325
8476	0.26038271
8477	0.26163736
8478	0.26242116
8479	0.26273236
8480	0.26260579
8481	0.26254663
8482	0.26225916
8483	0.26232862
8484	0.26250899
8485	0.26346084
8486	0.26506072
8487	0.26690170
8488	0.26830098
8489	0.26928264
8490	0.27277347
8491	0.27554005
8492	0.27948743
8493	0.28321859
8494	0.28616738
8495	0.28835514
8496	0.28963491
8497	0.29006973
8498	0.29040822
8499	0.29003701
8500	0.28957057
8501	0.28902921
8502	0.28875619
8503	0.28878433
8504	0.28847116
8505	0.28767961
8506	0.28723982
8507	0.28677270
8508	0.28646889
8509	0.28559801
8510	0.28451535
8511	0.28368887
8512	0.28245342
8513	0.28138423
8514	0.28018835
8515	0.27895668
8516	0.27759042
8517	0.27591610
8518	0.27449459
8519	0.27298939
8520	0.27147228
8521	0.26979887
8522	0.26806992
8523	0.26665154
8524	0.26457435
8525	0.26266003
8526	0.26009274
8527	0.25703120
8528	0.25421739
8529	0.25146693
8530	0.24929295
8531	0.24708383
8532	0.24546722
8533	0.24483661
8534	0.24416670
8535	0.24328223
8536	0.24247101
8537	0.24130695
8538	0.23986313
8539	0.23845020
8540	0.23502861
8541	0.23374370
8542	0.23197632
8543	0.23004209
8544	0.22829135
8545	0.22686662
8546	0.22553146
8547	0.22453399
8548	0.22399279
8549	0.22377180
8550	0.22390260
8551	0.22434317
8552	0.22501695
8553	0.22588515
8554	0.22687458
8555	0.22787647
8556	0.22870377
8557	0.22936295
8558	0.22952236
8559	0.22925052
8560	0.22846653
8561	0.22709589
8562	0.22557248
8563	0.22291821
8564	0.22041038
8565	0.21755919
8566	0.21460813
8567	0.21146932
8568	0.20821552
8569	0.20512962
8570	0.20214923
8571	0.19922373
8572	0.19645941
8573	0.19379479
8574	0.19122012
8575	0.18879680
8576	0.18645184
8577	0.18428802
8578	0.18235864
8579	0.18059620
8580	0.17913078
8581	0.17794739
8582	0.17710890
8583	0.17655931
8584	0.17679463
8585	0.17684571
8586	0.17784192
8587	0.17774433
8588	0.17923741
8589	0.17911741
8590	0.18017644
8591	0.18182237
8592	0.18213657
8593	0.18375027
8594	0.18600859
8595	0.18860175
8596	0.19302212
8597	0.19557001
8598	0.19823800
8599	0.20064619
8600	0.20333694
8601	0.20591100
8602	0.20789786
8603	0.21075489
8604	0.21298790
8605	0.21520782
8606	0.21766697
8607	0.22006515
8608	0.22232966
8609	0.22433238
8610	0.22592686
8611	0.22687036
8612	0.22721937
8613	0.22699581
8614	0.22641213
8615	0.22581832
8616	0.22565793
8617	0.22674601
8618	0.22869736
8619	0.23177926
8620	0.23399578
8621	0.23516525
8622	0.23815313
8623	0.24081038
8624	0.24392422
8625	0.24622975
8626	0.24860787
8627	0.24957715
8628	0.24972622
8629	0.24940284
8630	0.24888751
8631	0.24833670
8632	0.24793270
8633	0.24848536
8634	0.24811916
8635	0.24702558
8636	0.24687368
8637	0.24678215
8638	0.24670208
8639	0.24658182
8640	0.24655588
8641	0.24602565
8642	0.24514736
8643	0.24419910
8644	0.24342439
8645	0.24237429
8646	0.24110851
8647	0.23987010
8648	0.23849143
8649	0.23679167
8650	0.23523495
8651	0.23363884
8652	0.23205975
8653	0.23036323
8654	0.22868976
8655	0.22732823
8656	0.22545965
8657	0.22384284
8658	0.22126038
8659	0.21883142
8660	0.21653000
8661	0.21432325
8662	0.21257532
8663	0.21070617
8664	0.20916836
8665	0.20809111
8666	0.20754623
8667	0.20717189
8668	0.20670217
8669	0.20633444
8670	0.20508632
8671	0.20389874
8672	0.20152357
8673	0.20046656
8674	0.19925463
8675	0.19764325
8676	0.19625747
8677	0.19500230
8678	0.19402809
8679	0.19339028
8680	0.19307552
8681	0.19318768
8682	0.19377559
8683	0.19458221
8684	0.19572285
8685	0.19718391
8686	0.19875814
8687	0.20034035
8688	0.20185983
8689	0.20308703
8690	0.20401815
8691	0.20449454
8692	0.20447513
8693	0.20427462
8694	0.20316330
8695	0.20181920
8696	0.20027792
8697	0.19837351
8698	0.19614695
8699	0.19387500
8700	0.19162092
8701	0.18935186
8702	0.18718471
8703	0.18505439
8704	0.18295768
8705	0.18097819
8706	0.17897242
8707	0.17709011
8708	0.17535992
8709	0.17370760
8710	0.17233513
8711	0.17112224
8712	0.17005496
8713	0.16945453
8714	0.16947316
8715	0.16934101
8716	0.16953090
8717	0.17054452
8718	0.17126456
8719	0.17226538
8720	0.17218255
8721	0.17424026
8722	0.17534259
8723	0.17718743
8724	0.18129052
8725	0.18310983
8726	0.18492906
8727	0.18886818
8728	0.19320983
8729	0.19620077
8730	0.19955626
8731	0.20277956
8732	0.20568447
8733	0.20903651
8734	0.21224551
8735	0.21503025
8736	0.21854338
8737	0.22181299
8738	0.22509158
8739	0.22819558
8740	0.23105553
8741	0.23347862
8742	0.23538277
8743	0.23653920
8744	0.23734412
8745	0.23780213
8746	0.23760387
8747	0.23905048
8748	0.24010226
8749	0.24145666
8750	0.24349424
8751	0.24548441
8752	0.24794956
8753	0.24989061
8754	0.25073624
8755	0.25358555
8756	0.25621241
8757	0.25904647
8758	0.26294571
8759	0.26610750
8760	0.26807883
8761	0.26923975
8762	0.26936784
8763	0.26894021
8764	0.26837742
8765	0.26795477
8766	0.26748437
8767	0.26757947
8768	0.26778895
8769	0.26715544
8770	0.26722589
8771	0.26718891
8772	0.26692367
8773	0.26657522
8774	0.26583722
8775	0.26504555
8776	0.26418230
8777	0.26309067
8778	0.26197633
8779	0.26078320
8780	0.25904256
8781	0.25744838
8782	0.25573429
8783	0.25380787
8784	0.25179791
8785	0.24964885
8786	0.24784635
8787	0.24552761
8788	0.24308209
8789	0.24117427
8790	0.23844521
8791	0.23536499
8792	0.23180218
8793	0.22834732
8794	0.22487977
8795	0.22188631
8796	0.21837355
8797	0.21551502
8798	0.21330720
8799	0.21162266
8800	0.21017642
8801	0.20866664
8802	0.20710433
8803	0.20513268
8804	0.20166051
8805	0.19975458
8806	0.19776864
8807	0.19583018
8808	0.19409671
8809	0.19300413
8810	0.19182944
8811	0.19115962
8812	0.19072536
8813	0.19084173
8814	0.19131266
8815	0.19226170
8816	0.19361095
8817	0.19515704
8818	0.19702624
8819	0.19902748
8820	0.20107153
8821	0.20289378
8822	0.20449711
8823	0.20570090
8824	0.20637920
8825	0.20652191
8826	0.20623371
8827	0.20542741
8828	0.20409961
8829	0.20259205
8830	0.20062764
8831	0.19848843
8832	0.19609334
8833	0.19376747
8834	0.19141801
8835	0.18919592
8836	0.18700425
8837	0.18480052
8838	0.18269017
8839	0.18058373
8840	0.17846423
8841	0.17653559
8842	0.17465721
8843	0.17293443
8844	0.17133550
8845	0.17007509
8846	0.16916969
8847	0.16854161
8848	0.16853768
8849	0.16851871
8850	0.16943991
8851	0.16941346
8852	0.16981357
8853	0.17103083
8854	0.17313890
8855	0.17427398
8856	0.17562595
8857	0.18033892
8858	0.18192111
8859	0.18509114
8860	0.18917693
8861	0.19241695
8862	0.19564579
8863	0.19878539
8864	0.20195992
8865	0.20528078
8866	0.20759605
8867	0.21013613
8868	0.21303877
8869	0.21589845
8870	0.21878269
8871	0.22163032
8872	0.22443531
8873	0.22690924
8874	0.22902396
8875	0.23053755
8876	0.23137295
8877	0.23152938
8878	0.23118921
8879	0.23082916
8880	0.23060527
8881	0.23077729
8882	0.23155709
8883	0.23340343
8884	0.23547575
8885	0.23744804
8886	0.23913561
8887	0.24123244
8888	0.24401432
8889	0.24759966
8890	0.25074136
8891	0.25365540
8892	0.25599512
8893	0.25739732
8894	0.25775659
8895	0.25748444
8896	0.25694397
8897	0.25635061
8898	0.25622493
8899	0.25583169
8900	0.25537607
8901	0.25531751
8902	0.25509670
8903	0.25510451
8904	0.25509107
8905	0.25513750
8906	0.25468662
8907	0.25413808
8908	0.25346264
8909	0.25280708
8910	0.25166485
8911	0.25103763
8912	0.25009170
8913	0.24898063
8914	0.24758424
8915	0.24637201
8916	0.24518193
8917	0.24390557
8918	0.24263813
8919	0.24148250
8920	0.24032620
8921	0.23874556
8922	0.23746727
8923	0.23558892
8924	0.23315658
8925	0.23085108
8926	0.22893381
8927	0.22701512
8928	0.22605033
8929	0.22476681
8930	0.22435215
8931	0.22442156
8932	0.22456653
8933	0.22459657
8934	0.22457896
8935	0.22368114
8936	0.22275887
8937	0.22017676
8938	0.21958609
8939	0.21832889
8940	0.21694449
8941	0.21544610
8942	0.21417056
8943	0.21316548
8944	0.21235295
8945	0.21193141
8946	0.21184942
8947	0.21209390
8948	0.21275441
8949	0.21356796
8950	0.21463166
8951	0.21583986
8952	0.21718439
8953	0.21826184
8954	0.21928476
8955	0.21987736
8956	0.22006544
8957	0.21985961
8958	0.21897003
8959	0.21789199
8960	0.21661671
8961	0.21477750
8962	0.21281682
8963	0.21068345
8964	0.20848720
8965	0.20628884
8966	0.20412482
8967	0.20203310
8968	0.19999167
8969	0.19804744
8970	0.19616018
8971	0.19436923
8972	0.19261853
8973	0.19106971
8974	0.18959729
8975	0.18816084
8976	0.18712142
8977	0.18624251
8978	0.18579549
8979	0.18592778
8980	0.18607567
8981	0.18655804
8982	0.18794055
8983	0.18827072
8984	0.19050902
8985	0.19201891
8986	0.19335580
8987	0.19484538
8988	0.19668046
8989	0.19893587
8990	0.20277652
8991	0.20653857
8992	0.21111195
8993	0.21622853
8994	0.21997866
8995	0.22380809
8996	0.22793780
8997	0.23101892
8998	0.23451279
8999	0.23784064
9000	0.24062772
9001	0.24355203
9002	0.24629019
9003	0.24897730
9004	0.25134456
9005	0.25347075
9006	0.25512287
9007	0.25616285
9008	0.25660840
9009	0.25639784
9010	0.25580132
9011	0.25513378
9012	0.25438735
9013	0.25420904
9014	0.25513685
9015	0.25643176
9016	0.25829041
9017	0.25912270
9018	0.26159486
9019	0.26475799
9020	0.26805618
9021	0.27144381
9022	0.27434242
9023	0.27666479
9024	0.27776465
9025	0.27794561
9026	0.27757940
9027	0.27695587
9028	0.27658528
9029	0.27577373
9030	0.27552202
9031	0.27518031
9032	0.27510098
9033	0.27500182
9034	0.27456337
9035	0.27444822
9036	0.27422720
9037	0.27379692
9038	0.27324718
9039	0.27250412
9040	0.27180734
9041	0.27056307
9042	0.26959592
9043	0.26843259
9044	0.26711813
9045	0.26545101
9046	0.26400620
9047	0.26237759
9048	0.26058334
9049	0.25872070
9050	0.25670743
9051	0.25500473
9052	0.25263995
9053	0.25015986
9054	0.24770761
9055	0.24468014
9056	0.24144618
9057	0.23774953
9058	0.23440771
9059	0.23136693
9060	0.22889496
9061	0.22631371
9062	0.22467923
9063	0.22366004
9064	0.22223069
9065	0.22100109
9066	0.21948680
9067	0.21767075
9068	0.21440540
9069	0.21293330
9070	0.21041365
9071	0.20836778
9072	0.20704004
9073	0.20527485
9074	0.20402195
9075	0.20311172
9076	0.20255007
9077	0.20248623
9078	0.20278277
9079	0.20346966
9080	0.20449714
9081	0.20576631
9082	0.20714125
9083	0.20862140
9084	0.20987798
9085	0.21094103
9086	0.21165165
9087	0.21194927
9088	0.21158639
9089	0.21072552
9090	0.20973931
9091	0.20757636
9092	0.20567921
9093	0.20333710
9094	0.20072894
9095	0.19806892
9096	0.19543482
9097	0.19288738
9098	0.19051717
9099	0.18823175
9100	0.18605049
9101	0.18399641
9102	0.18196645
9103	0.18010306
9104	0.17823085
9105	0.17654356
9106	0.17496248
9107	0.17359363
9108	0.17244504
9109	0.17131747
9110	0.17066082
9111	0.17068569
9112	0.17043187
9113	0.17073111
9114	0.17144772
9115	0.17220007
9116	0.17289099
9117	0.17373493
9118	0.17379375
9119	0.17526737
9120	0.17629051
9121	0.18071774
9122	0.18192555
9123	0.18585919
9124	0.18882215
9125	0.19056088
9126	0.19474599
9127	0.19796057
9128	0.20106387
9129	0.20358109
9130	0.20640582
9131	0.20908427
9132	0.21128008
9133	0.21368371
9134	0.21593001
9135	0.21804151
9136	0.21982193
9137	0.22121945
9138	0.22208905
9139	0.22232254
9140	0.22184862
9141	0.22093482
9142	0.21978050
9143	0.21859869
9144	0.21790037
9145	0.21834032
9146	0.21957982
9147	0.22225848
9148	0.22323743
9149	0.22430401
9150	0.22615880
9151	0.22918747
9152	0.23224269
9153	0.23475698
9154	0.23665331
9155	0.23779835
9156	0.23834836
9157	0.23841418
9158	0.23826295
9159	0.23798181
9160	0.23797911
9161	0.23754635
9162	0.23717795
9163	0.23625506
9164	0.23607834
9165	0.23596981
9166	0.23589355
9167	0.23585819
9168	0.23556240
9169	0.23514438
9170	0.23449269
9171	0.23385881
9172	0.23284303
9173	0.23182990
9174	0.23077241
9175	0.22951956
9176	0.22789632
9177	0.22652483
9178	0.22509149
9179	0.22353044
9180	0.22191688
9181	0.22026156
9182	0.21891017
9183	0.21702994
9184	0.21516794
9185	0.21343899
9186	0.21123077
9187	0.20856856
9188	0.20620848
9189	0.20417577
9190	0.20266065
9191	0.20129554
9192	0.19980709
9193	0.19890605
9194	0.19847208
9195	0.19878067
9196	0.19864243
9197	0.19873849
9198	0.19858040
9199	0.19702639
9200	0.19703770
9201	0.19661371
9202	0.19599894
9203	0.19547920
9204	0.19495964
9205	0.19467670
9206	0.19440399
9207	0.19449724
9208	0.19489960
9209	0.19568707
9210	0.19664805
9211	0.19796878
9212	0.19950365
9213	0.20120990
9214	0.20296541
9215	0.20452654
9216	0.20585836
9217	0.20696361
9218	0.20757523
9219	0.20795144
9220	0.20808586
9221	0.20813018
9222	0.20716654
9223	0.20635107
9224	0.20526269
9225	0.20397742
9226	0.20255008
9227	0.20094360
9228	0.19923690
9229	0.19741286
9230	0.19547760
9231	0.19356824
9232	0.19142286
9233	0.18919967
9234	0.18701309
9235	0.18455924
9236	0.18244924
9237	0.18041937
9238	0.17856362
9239	0.17737642
9240	0.17609073
9241	0.17515513
9242	0.17476648
9243	0.17437245
9244	0.17541842
9245	0.17612191
9246	0.17727116
9247	0.17903842
9248	0.17987400
9249	0.18227145
9250	0.18770051
9251	0.19118844
9252	0.19461021
9253	0.20118436
9254	0.20635307
9255	0.21153641
9256	0.21702895
9257	0.22270373
9258	0.22819258
9259	0.23214588
9260	0.23738253
9261	0.24226722
9262	0.24681956
9263	0.25121191
9264	0.25537342
9265	0.25923640
9266	0.26280323
9267	0.26575556
9268	0.26819131
9269	0.26987004
9270	0.27113491
9271	0.27183554
9272	0.27264553
9273	0.27340618
9274	0.27453712
9275	0.27580929
9276	0.27783775
9277	0.28016379
9278	0.28310820
9279	0.28497210
9280	0.28653160
9281	0.29062736
9282	0.29492128
9283	0.29926118
9284	0.30308598
9285	0.30596167
9286	0.30773777
9287	0.30785233
9288	0.30705461
9289	0.30589584
9290	0.30472317
9291	0.30374429
9292	0.30298525
9293	0.30316895
9294	0.30249277
9295	0.30218840
9296	0.30153167
9297	0.30140617
9298	0.30135271
9299	0.30093250
9300	0.30045229
9301	0.29996711
9302	0.29939145
9303	0.29856619
9304	0.29772869
9305	0.29677010
9306	0.29559797
9307	0.29400128
9308	0.29243231
9309	0.29081339
9310	0.28899318
9311	0.28696200
9312	0.28482187
9313	0.28275973
9314	0.28055856
9315	0.27803603
9316	0.27583438
9317	0.27280667
9318	0.26956934
9319	0.26668227
9320	0.26390579
9321	0.26164579
9322	0.25951934
9323	0.25712138
9324	0.25543776
9325	0.25400791
9326	0.25279075
9327	0.25191808
9328	0.25037730
9329	0.24870786
9330	0.24552587
9331	0.24368647
9332	0.24184166
9333	0.23976713
9334	0.23770379
9335	0.23581488
9336	0.23435991
9337	0.23317139
9338	0.23235877
9339	0.23182406
9340	0.23177804
9341	0.23210764
9342	0.23270127
9343	0.23356068
9344	0.23460345
9345	0.23565944
9346	0.23665667
9347	0.23749119
9348	0.23795912
9349	0.23800103
9350	0.23767875
9351	0.23690251
9352	0.23579544
9353	0.23432525
9354	0.23208523
9355	0.22988515
9356	0.22723350
9357	0.22454461
9358	0.22175691
9359	0.21894433
9360	0.21621108
9361	0.21355677
9362	0.21097055
9363	0.20845293
9364	0.20605293
9365	0.20380288
9366	0.20168872
9367	0.19970238
9368	0.19795692
9369	0.19657430
9370	0.19550978
9371	0.19515511
9372	0.19475518
9373	0.19482921
9374	0.19513200
9375	0.19549821
9376	0.19726314
9377	0.19733989
9378	0.19959973
9379	0.20097494
9380	0.20324704
9381	0.20559816
9382	0.20841599
9383	0.20967986
9384	0.21144335
9385	0.21529070
9386	0.21950443
9387	0.22583836
9388	0.23225406
9389	0.23583703
9390	0.23833120
9391	0.24145296
9392	0.24437933
9393	0.24728394
9394	0.24991988
9395	0.25238582
9396	0.25471267
9397	0.25696519
9398	0.25884396
9399	0.26048392
9400	0.26145044
9401	0.26185432
9402	0.26172671
9403	0.26121402
9404	0.26038811
9405	0.25971594
9406	0.25966126
9407	0.26044962
9408	0.26271495
9409	0.26480699
9410	0.26603752
9411	0.26807705
9412	0.27176777
9413	0.27608329
9414	0.28042516
9415	0.28436834
9416	0.28675750
9417	0.28813246
9418	0.28816667
9419	0.28764445
9420	0.28694394
9421	0.28644437
9422	0.28649306
9423	0.28619096
9424	0.28559580
9425	0.28575194
9426	0.28544554
9427	0.28553608
9428	0.28547814
9429	0.28532261
9430	0.28466150
9431	0.28436476
9432	0.28358412
9433	0.28273284
9434	0.28145605
9435	0.28023830
9436	0.27900782
9437	0.27773935
9438	0.27621529
9439	0.27441052
9440	0.27273625
9441	0.27092716
9442	0.26898640
9443	0.26697606
9444	0.26474041
9445	0.26265216
9446	0.26056927
9447	0.25841361
9448	0.25537857
9449	0.25202724
9450	0.24872248
9451	0.24556361
9452	0.24270776
9453	0.23980533
9454	0.23713720
9455	0.23501725
9456	0.23360103
9457	0.23250605
9458	0.23142843
9459	0.23050541
9460	0.22874428
9461	0.22709259
9462	0.22377837
9463	0.22281848
9464	0.22076261
9465	0.21939620
9466	0.21785875
9467	0.21624990
9468	0.21504830
9469	0.21424057
9470	0.21376938
9471	0.21374686
9472	0.21410477
9473	0.21480146
9474	0.21577822
9475	0.21692847
9476	0.21814753
9477	0.21938843
9478	0.22041525
9479	0.22124335
9480	0.22172582
9481	0.22167361
9482	0.22114819
9483	0.22023320
9484	0.21893518
9485	0.21753190
9486	0.21522708
9487	0.21287458
9488	0.21024574
9489	0.20758007
9490	0.20469606
9491	0.20179218
9492	0.19888008
9493	0.19588001
9494	0.19295633
9495	0.18998688
9496	0.18704651
9497	0.18417494
9498	0.18138376
9499	0.17873536
9500	0.17632155
9501	0.17415994
9502	0.17261215
9503	0.17097576
9504	0.16967297
9505	0.16885421
9506	0.16718605
9507	0.16843009
9508	0.16738862
9509	0.16824639
9510	0.16838747
9511	0.16943382
9512	0.17063160
9513	0.17206515
9514	0.17644370
9515	0.17767376
9516	0.18120879
9517	0.18348798
9518	0.18587931
9519	0.18821356
9520	0.19054808
9521	0.19207901
9522	0.19361283
9523	0.19527057
9524	0.19712177
9525	0.19900534
9526	0.20088096
9527	0.20246235
9528	0.20406990
9529	0.20527856
9530	0.20597599
9531	0.20575377
9532	0.20564027
9533	0.20518626
9534	0.20479514
9535	0.20443572
9536	0.20486644
9537	0.20589603
9538	0.20824090
9539	0.21061549
9540	0.21303758
9541	0.21390162
9542	0.21459179
9543	0.21660957
9544	0.21938364
9545	0.22219867
9546	0.22521986
9547	0.22850594
9548	0.23077069
9549	0.23210494
9550	0.23269434
9551	0.23299333
9552	0.23258473
9553	0.23227315
9554	0.23105994
9555	0.23095560
9556	0.23070951
9557	0.23093121
9558	0.23121338
9559	0.23156820
9560	0.23183721
9561	0.23163126
9562	0.23155646
9563	0.23110539
9564	0.23072305
9565	0.22971499
9566	0.22909194
9567	0.22815338
9568	0.22718012
9569	0.22594897
9570	0.22445877
9571	0.22313432
9572	0.22165476
9573	0.22013673
9574	0.21862033
9575	0.21738419
9576	0.21580879
9577	0.21416202
9578	0.21231571
9579	0.21089238
9580	0.20879988
9581	0.20628375
9582	0.20411947
9583	0.20208579
9584	0.20073494
9585	0.19898644
9586	0.19772297
9587	0.19706336
9588	0.19639476
9589	0.19654545
9590	0.19623366
9591	0.19621432
9592	0.19562343
9593	0.19452661
9594	0.19249186
9595	0.19166197
9596	0.19044900
9597	0.18924485
9598	0.18817747
9599	0.18730241
9600	0.18667290
9601	0.18638921
9602	0.18641101
9603	0.18679723
9604	0.18746766
9605	0.18848012
9606	0.18953933
9607	0.19081399
9608	0.19212385
9609	0.19339396
9610	0.19447821
9611	0.19531086
9612	0.19573121
9613	0.19579856
9614	0.19557396
9615	0.19473401
9616	0.19390784
9617	0.19264738
9618	0.19102709
9619	0.18935096
9620	0.18760325
9621	0.18567975
9622	0.18378484
9623	0.18188402
9624	0.17998978
9625	0.17808184
9626	0.17621721
9627	0.17433356
9628	0.17251927
9629	0.17074102
9630	0.16898590
9631	0.16749109
9632	0.16614456
9633	0.16510598
9634	0.16457702
9635	0.16405448
9636	0.16376697
9637	0.16390496
9638	0.16474842
9639	0.16536424
9640	0.16629203
9641	0.16700289
9642	0.16799709
9643	0.16981471
9644	0.17164949
9645	0.17418268
9646	0.17561589
9647	0.17662463
9648	0.18449463
9649	0.18950720
9650	0.19300641
9651	0.19685878
9652	0.20065235
9653	0.20364559
9654	0.20707124
9655	0.21071494
9656	0.21414243
9657	0.21757293
9658	0.22099921
9659	0.22438005
9660	0.22765532
9661	0.23043385
9662	0.23291241
9663	0.23474699
9664	0.23607150
9665	0.23604064
9666	0.23653112
9667	0.23714024
9668	0.23724952
9669	0.23749232
9670	0.23955952
9671	0.24135421
9672	0.24392663
9673	0.24452041
9674	0.24531388
9675	0.24886003
9676	0.25258601
9677	0.25656125
9678	0.26054794
9679	0.26398000
9680	0.26656401
9681	0.26724166
9682	0.26738340
9683	0.26677626
9684	0.26601967
9685	0.26494288
9686	0.26441905
9687	0.26417503
9688	0.26425228
9689	0.26391461
9690	0.26384196
9691	0.26379979
9692	0.26365316
9693	0.26317140
9694	0.26287937
9695	0.26230776
9696	0.26173207
9697	0.26082733
9698	0.26003456
9699	0.25912723
9700	0.25819871
9701	0.25689644
9702	0.25570416
9703	0.25441632
9704	0.25310323
9705	0.25156423
9706	0.24995808
9707	0.24864526
9708	0.24701108
9709	0.24503230
9710	0.24350071
9711	0.24138340
9712	0.23904426
9713	0.23636387
9714	0.23405538
9715	0.23209086
9716	0.23074569
9717	0.22954108
9718	0.22897227
9719	0.22886918
9720	0.22901788
9721	0.22915168
9722	0.22929136
9723	0.22854196
9724	0.22815095
9725	0.22571571
9726	0.22519535
9727	0.22451243
9728	0.22346756
9729	0.22251795
9730	0.22185150
9731	0.22120236
9732	0.22094624
9733	0.22094788
9734	0.22128759
9735	0.22189595
9736	0.22280058
9737	0.22391503
9738	0.22518846
9739	0.22639422
9740	0.22767556
9741	0.22867624
9742	0.22943600
9743	0.22977346
9744	0.22960296
9745	0.22903979
9746	0.22805828
9747	0.22691411
9748	0.22473882
9749	0.22277360
9750	0.22056118
9751	0.21821988
9752	0.21579723
9753	0.21343644
9754	0.21119672
9755	0.20903899
9756	0.20698868
9757	0.20504048
9758	0.20320718
9759	0.20149207
9760	0.19989765
9761	0.19842683
9762	0.19707686
9763	0.19592479
9764	0.19491066
9765	0.19405633
9766	0.19400644
9767	0.19377445
9768	0.19433203
9769	0.19451435
9770	0.19435911
9771	0.19580963
9772	0.19657491
9773	0.19763106
9774	0.19893770
9775	0.19855247
9776	0.19974904
9777	0.20207888
9778	0.20260315
9779	0.20308596
9780	0.20577809
9781	0.20890665
9782	0.21538168
9783	0.22056295
9784	0.22422573
9785	0.22691491
9786	0.22983365
9787	0.23253101
9788	0.23536700
9789	0.23811899
9790	0.24082784
9791	0.24329314
9792	0.24558450
9793	0.24745257
9794	0.24877316
9795	0.24943230
9796	0.24937038
9797	0.24874096
9798	0.24801105
9799	0.24722873
9800	0.24681637
9801	0.24706838
9802	0.24889879
9803	0.25074777
9804	0.25306156
9805	0.25451177
9806	0.25459018
9807	0.25681496
9808	0.26020533
9809	0.26337597
9810	0.26640007
9811	0.26911691
9812	0.27057040
9813	0.27168250
9814	0.27121899
9815	0.27054584
9816	0.27032238
9817	0.26961383
9818	0.26891834
9819	0.26786080
9820	0.26726750
9821	0.26707557
9822	0.26694816
9823	0.26689675
9824	0.26691198
9825	0.26697433
9826	0.26649356
9827	0.26582223
9828	0.26515692
9829	0.26424184
9830	0.26289815
9831	0.26173684
9832	0.26044184
9833	0.25911716
9834	0.25755632
9835	0.25560167
9836	0.25389916
9837	0.25207663
9838	0.25019181
9839	0.24823239
9840	0.24616368
9841	0.24428710
9842	0.24200703
9843	0.23960847
9844	0.23667420
9845	0.23323666
9846	0.23037311
9847	0.22760585
9848	0.22531059
9849	0.22341537
9850	0.22163418
9851	0.22077160
9852	0.22051755
9853	0.21990822
9854	0.21946371
9855	0.21869661
9856	0.21781509
9857	0.21672603
9858	0.21450855
9859	0.21366049
9860	0.21241237
9861	0.21129866
9862	0.21017472
9863	0.20917602
9864	0.20831802
9865	0.20769060
9866	0.20736592
9867	0.20729348
9868	0.20751415
9869	0.20796701
9870	0.20860712
9871	0.20925951
9872	0.20990136
9873	0.21039462
9874	0.21048117
9875	0.21025066
9876	0.20943734
9877	0.20831068
9878	0.20696467
9879	0.20496491
9880	0.20268591
9881	0.20034266
9882	0.19793046
9883	0.19528313
9884	0.19270295
9885	0.19014658
9886	0.18776913
9887	0.18553002
9888	0.18352433
9889	0.18171047
9890	0.18010756
9891	0.17866139
9892	0.17748824
9893	0.17652369
9894	0.17588283
9895	0.17520846
9896	0.17507352
9897	0.17515823
9898	0.17548789
9899	0.17654887
9900	0.17711905
9901	0.17818184
9902	0.17876069
9903	0.18097809
9904	0.18328278
9905	0.18452066
9906	0.18742241
9907	0.18910684
9908	0.19254838
9909	0.19549370
9910	0.19874083
9911	0.20181426
9912	0.20519166
9913	0.21132094
9914	0.21463792
9915	0.21779700
9916	0.22039552
9917	0.22266446
9918	0.22507484
9919	0.22746745
9920	0.22977470
9921	0.23200406
9922	0.23417576
9923	0.23631099
9924	0.23829836
9925	0.24014892
9926	0.24162234
9927	0.24266973
9928	0.24330616
9929	0.24367340
9930	0.24401256
9931	0.24430060
9932	0.24502257
9933	0.24640635
9934	0.24910584
9935	0.25167716
9936	0.25426525
9937	0.25587374
9938	0.25752217
9939	0.26199305
9940	0.26641816
9941	0.27032131
9942	0.27377325
9943	0.27595332
9944	0.27708307
9945	0.27789381
9946	0.27777228
9947	0.27754036
9948	0.27773735
9949	0.27744320
9950	0.27719086
9951	0.27635351
9952	0.27637056
9953	0.27624100
9954	0.27601206
9955	0.27573621
9956	0.27557608
9957	0.27485737
9958	0.27412644
9959	0.27346492
9960	0.27276236
9961	0.27177146
9962	0.27092049
9963	0.26982096
9964	0.26859820
9965	0.26699215
9966	0.26541236
9967	0.26364878
9968	0.26167735
9969	0.25959179
9970	0.25735191
9971	0.25541124
9972	0.25292793
9973	0.25073612
9974	0.24766169
9975	0.24434367
9976	0.24135335
9977	0.23837176
9978	0.23586148
9979	0.23319542
9980	0.23102857
9981	0.22881529
9982	0.22728859
9983	0.22602750
9984	0.22465499
9985	0.22309706
9986	0.22134565
9987	0.21768419
9988	0.21639489
9989	0.21381523
9990	0.21174105
9991	0.21010296
9992	0.20820370
9993	0.20649029
9994	0.20506357
9995	0.20404811
9996	0.20336732
9997	0.20312321
9998	0.20323274
9999	0.20367871
10000	0.20445430
10001	0.20541425
10002	0.20658481
10003	0.20775343
10004	0.20883937
10005	0.20966382
10006	0.21011961
10007	0.21021736
10008	0.20995030
10009	0.20946683
10010	0.20885172
10011	0.20723739
10012	0.20578267
10013	0.20392239
10014	0.20207931
10015	0.20001279
10016	0.19802104
10017	0.19600527
10018	0.19401230
10019	0.19210078
10020	0.19015986
10021	0.18820807
10022	0.18636931
10023	0.18454422
10024	0.18281025
10025	0.18126827
10026	0.17976493
10027	0.17859781
10028	0.17777723
10029	0.17715593
10030	0.17725927
10031	0.17729481
10032	0.17826757
10033	0.17821154
10034	0.17994380
10035	0.18074387
10036	0.18231171
10037	0.18339640
10038	0.18539345
10039	0.18738227
10040	0.18995346
10041	0.19393228
10042	0.19835201
10043	0.20166939
10044	0.20504944
10045	0.20742834
10046	0.21141967
10047	0.21433493
10048	0.21699660
10049	0.21922797
10050	0.22175694
10051	0.22425160
10052	0.22678262
10053	0.22908536
10054	0.23135854
10055	0.23344620
10056	0.23539676
10057	0.23687552
10058	0.23785126
10059	0.23825313
10060	0.23807871
10061	0.23759638
10062	0.23688212
10063	0.23638327
10064	0.23602952
10065	0.23617023
10066	0.23744169
10067	0.23917955
10068	0.24072154
10069	0.24215998
10070	0.24417934
10071	0.24761155
10072	0.25105837
10073	0.25342467
10074	0.25657791
10075	0.25871029
10076	0.25964543
10077	0.25974211
10078	0.25921670
10079	0.25842375
10080	0.25767350
10081	0.25753197
10082	0.25727439
10083	0.25643557
10084	0.25625560
10085	0.25550205
10086	0.25536540
10087	0.25517952
10088	0.25475043
10089	0.25412619
10090	0.25333288
10091	0.25237483
10092	0.25125054
10093	0.25000355
10094	0.24849036
10095	0.24685301
10096	0.24464925
10097	0.24277979
10098	0.24080962
10099	0.23879586
10100	0.23670307
10101	0.23457029
10102	0.23253676
10103	0.23063700
10104	0.22842930
10105	0.22647589
10106	0.22371611
10107	0.22086316
10108	0.21764033
10109	0.21448584
10110	0.21143976
10111	0.20892482
10112	0.20623279
10113	0.20390604
10114	0.20217173
10115	0.20073895
10116	0.19953083
10117	0.19780520
10118	0.19603699
10119	0.19427024
10120	0.18981257
10121	0.18859577
10122	0.18670356
10123	0.18476041
10124	0.18336786
10125	0.18176423
10126	0.18044458
10127	0.17944545
10128	0.17884737
10129	0.17852744
10130	0.17862155
10131	0.17906471
10132	0.17978349
10133	0.18077126
10134	0.18197949
10135	0.18321623
10136	0.18435039
10137	0.18535407
10138	0.18602535
10139	0.18632782
10140	0.18603519
10141	0.18527494
10142	0.18406606
10143	0.18248612
10144	0.18063866
10145	0.17777248
10146	0.17501663
10147	0.17206299
10148	0.16905434
10149	0.16596071
10150	0.16298312
10151	0.16012253
10152	0.15738922
10153	0.15475312
10154	0.15219878
10155	0.14980236
10156	0.14755917
10157	0.14546467
10158	0.14352793
10159	0.14185426
10160	0.14038807
10161	0.13924755
10162	0.13825847
10163	0.13756762
10164	0.13712262
10165	0.13742925
10166	0.13745764
10167	0.13692871
10168	0.13830435
10169	0.13842224
10170	0.13987735
10171	0.14037710
10172	0.14114437
10173	0.14263579
10174	0.14619191
10175	0.14792967
10176	0.14921886
10177	0.15237592
10178	0.15453908
10179	0.15687478
10180	0.15900443
10181	0.16123283
10182	0.16291389
10183	0.16497540
10184	0.16696881
10185	0.16854414
10186	0.17079438
10187	0.17286785
10188	0.17484239
10189	0.17671949
10190	0.17833389
10191	0.17937300
10192	0.17986329
10193	0.17989908
10194	0.17964852
10195	0.17946006
10196	0.18019375
10197	0.18154484
10198	0.18404581
10199	0.18572715
10200	0.18672216
10201	0.19016026
10202	0.19310164
10203	0.19666570
10204	0.19959527
10205	0.20238617
10206	0.20366202
10207	0.20412707
10208	0.20389733
10209	0.20315175
10210	0.20234400
10211	0.20164245
10212	0.20089410
10213	0.20102151
10214	0.20092593
10215	0.20060380
10216	0.20012131
10217	0.20025876
10218	0.20021731
10219	0.20049894
10220	0.19979642
10221	0.19921526
10222	0.19841456
10223	0.19768193
10224	0.19673967
10225	0.19543612
10226	0.19380280
10227	0.19240689
10228	0.19087201
10229	0.18925591
10230	0.18750812
10231	0.18563806
10232	0.18429509
10233	0.18229109
10234	0.18028122
10235	0.17867501
10236	0.17649081
10237	0.17414016
10238	0.17110834
10239	0.16831271
10240	0.16541474
10241	0.16288640
10242	0.16038017
10243	0.15767889
10244	0.15559915
10245	0.15410379
10246	0.15325020
10247	0.15279792
10248	0.15259267
10249	0.15241140
10250	0.15219833
10251	0.15016745
10252	0.15057676
10253	0.15051152
10254	0.15085123
10255	0.15086894
10256	0.15090440
10257	0.15105326
10258	0.15146694
10259	0.15190025
10260	0.15253992
10261	0.15350167
10262	0.15471946
10263	0.15615985
10264	0.15777865
10265	0.15947755
10266	0.16113585
10267	0.16266453
10268	0.16395012
10269	0.16488275
10270	0.16518012
10271	0.16514267
10272	0.16470343
10273	0.16392595
10274	0.16289981
10275	0.16117470
10276	0.15938161
10277	0.15742053
10278	0.15524991
10279	0.15305473
10280	0.15084597
10281	0.14865886
10282	0.14649090
10283	0.14439543
10284	0.14236218
10285	0.14045565
10286	0.13860925
10287	0.13692731
10288	0.13544178
10289	0.13423374
10290	0.13312194
10291	0.13241953
10292	0.13203792
10293	0.13194329
10294	0.13251668
10295	0.13307311
10296	0.13374484
10297	0.13504778
10298	0.13685049
10299	0.13708359
10300	0.13954310
10301	0.14158861
10302	0.14307065
10303	0.14642392
10304	0.14996107
10305	0.15197910
10306	0.15464707
10307	0.15945503
10308	0.16287334
10309	0.16593567
10310	0.16981322
10311	0.17234942
10312	0.17672086
10313	0.17964508
10314	0.18208553
10315	0.18519811
10316	0.18832429
10317	0.19184364
10318	0.19510750
10319	0.19835679
10320	0.20119867
10321	0.20341523
10322	0.20452926
10323	0.20585352
10324	0.20669375
10325	0.20737128
10326	0.20798244
10327	0.20891644
10328	0.21026005
10329	0.21241914
10330	0.21604756
10331	0.21890453
10332	0.22041281
10333	0.22113006
10334	0.22326896
10335	0.22643234
10336	0.22969569
10337	0.23296620
10338	0.23596025
10339	0.23782404
10340	0.23864700
10341	0.23813972
10342	0.23748718
10343	0.23663987
10344	0.23597129
10345	0.23560068
10346	0.23565295
10347	0.23550802
10348	0.23574787
10349	0.23622347
10350	0.23625922
10351	0.23609842
10352	0.23562601
10353	0.23526599
10354	0.23472750
10355	0.23429076
10356	0.23345880
10357	0.23257482
10358	0.23149846
10359	0.23016700
10360	0.22898299
10361	0.22768602
10362	0.22638497
10363	0.22514816
10364	0.22376724
10365	0.22272278
10366	0.22121605
10367	0.21968114
10368	0.21808174
10369	0.21682304
10370	0.21489666
10371	0.21270023
10372	0.20993145
10373	0.20737734
10374	0.20499495
10375	0.20206700
10376	0.19987704
10377	0.19825613
10378	0.19752942
10379	0.19871156
10380	0.19905905
10381	0.19902208
10382	0.19892512
10383	0.19864787
10384	0.19747858
10385	0.19717182
10386	0.19627285
10387	0.19608141
10388	0.19552442
10389	0.19499271
10390	0.19464175
10391	0.19449049
10392	0.19455481
10393	0.19487207
10394	0.19551766
10395	0.19643122
10396	0.19753942
10397	0.19890717
10398	0.20022051
10399	0.20168871
10400	0.20303324
10401	0.20412943
10402	0.20502338
10403	0.20540446
10404	0.20535913
10405	0.20483479
10406	0.20420158
10407	0.20281778
10408	0.20134652
10409	0.19956067
10410	0.19763821
10411	0.19566761
10412	0.19363672
10413	0.19160627
10414	0.18969515
10415	0.18786146
10416	0.18621649
10417	0.18468596
10418	0.18331011
10419	0.18202882
10420	0.18088879
10421	0.17993091
10422	0.17919271
10423	0.17848949
10424	0.17811593
10425	0.17808984
10426	0.17873223
10427	0.17918476
10428	0.17997263
10429	0.18077457
10430	0.18118772
10431	0.18430761
10432	0.18483019
10433	0.18675730
10434	0.18890390
10435	0.19035420
10436	0.19484822
10437	0.19854552
10438	0.20183121
10439	0.20508169
10440	0.20835473
10441	0.21186633
10442	0.21497171
10443	0.21812771
10444	0.22105743
10445	0.22339457
10446	0.22502929
10447	0.22699420
10448	0.22908928
10449	0.23077920
10450	0.23240806
10451	0.23390919
10452	0.23528470
10453	0.23638274
10454	0.23707990
10455	0.23725845
10456	0.23691541
10457	0.23622067
10458	0.23521161
10459	0.23429246
10460	0.23353444
10461	0.23309360
10462	0.23376048
10463	0.23500271
10464	0.23700780
10465	0.23798886
10466	0.23936163
10467	0.24272682
10468	0.24639784
10469	0.25005105
10470	0.25387543
10471	0.25623170
10472	0.25755858
10473	0.25749192
10474	0.25781095
10475	0.25778866
10476	0.25773528
10477	0.25756010
10478	0.25733534
10479	0.25715989
10480	0.25773668
10481	0.25798604
10482	0.25795308
10483	0.25788671
10484	0.25731513
10485	0.25711170
10486	0.25651079
10487	0.25587654
10488	0.25540724
10489	0.25431594
10490	0.25330317
10491	0.25218081
10492	0.25099835
10493	0.24959540
10494	0.24782239
10495	0.24623440
10496	0.24452171
10497	0.24265628
10498	0.24070226
10499	0.23862365
10500	0.23682980
10501	0.23449405
10502	0.23235750
10503	0.22966951
10504	0.22652256
10505	0.22352485
10506	0.22046494
10507	0.21789818
10508	0.21516120
10509	0.21273075
10510	0.21110012
10511	0.20956528
10512	0.20862707
10513	0.20795320
10514	0.20674340
10515	0.20548381
10516	0.20405622
10517	0.20136595
10518	0.20016576
10519	0.19867586
10520	0.19690673
10521	0.19529825
10522	0.19390814
10523	0.19271465
10524	0.19178843
10525	0.19123845
10526	0.19104977
10527	0.19122569
10528	0.19171305
10529	0.19246882
10530	0.19335687
10531	0.19431347
10532	0.19515547
10533	0.19575858
10534	0.19599618
10535	0.19579902
10536	0.19507641
10537	0.19403508
10538	0.19264525
10539	0.19109581
10540	0.18850474
10541	0.18599926
10542	0.18332645
10543	0.18048136
10544	0.17762503
10545	0.17484531
10546	0.17205885
10547	0.16928264
10548	0.16657050
10549	0.16389497
10550	0.16129738
10551	0.15876718
10552	0.15633506
10553	0.15406530
10554	0.15200742
10555	0.14996158
10556	0.14835379
10557	0.14703095
10558	0.14634067
10559	0.14561330
10560	0.14514241
10561	0.14568059
10562	0.14587638
10563	0.14656191
10564	0.14744996
10565	0.14870116
10566	0.14890461
10567	0.15177184
10568	0.15395179
10569	0.15663382
10570	0.15854736
10571	0.16274069
10572	0.16712070
10573	0.17049420
10574	0.17401083
10575	0.17756179
10576	0.18035881
10577	0.18409497
10578	0.18682656
10579	0.18977818
10580	0.19293196
10581	0.19612551
10582	0.19916074
10583	0.20211768
10584	0.20461015
10585	0.20669116
10586	0.20807052
10587	0.20881164
10588	0.20900983
10589	0.20880775
10590	0.20852903
10591	0.20868002
10592	0.20903395
10593	0.21055187
10594	0.21241294
10595	0.21464118
10596	0.21582770
10597	0.21661253
10598	0.21970323
10599	0.22287925
10600	0.22663957
10601	0.22998534
10602	0.23263200
10603	0.23417394
10604	0.23471735
10605	0.23478144
10606	0.23443504
10607	0.23378065
10608	0.23333773
10609	0.23282869
10610	0.23270507
10611	0.23243302
10612	0.23295227
10613	0.23301750
10614	0.23341098
10615	0.23253347
10616	0.23226450
10617	0.23186448
10618	0.23125446
10619	0.23075514
10620	0.22990151
10621	0.22900662
10622	0.22807845
10623	0.22710133
10624	0.22596487
10625	0.22451887
10626	0.22319704
10627	0.22185150
10628	0.22040874
10629	0.21897043
10630	0.21790399
10631	0.21625817
10632	0.21449584
10633	0.21254069
10634	0.21093108
10635	0.20870972
10636	0.20593812
10637	0.20391746
10638	0.20213956
10639	0.20096800
10640	0.19982770
10641	0.19947493
10642	0.19914934
10643	0.19935679
10644	0.19950278
10645	0.19964129
10646	0.19896173
10647	0.19830839
10648	0.19606969
10649	0.19571526
10650	0.19470966
10651	0.19372830
10652	0.19271718
10653	0.19188757
10654	0.19132665
10655	0.19100940
10656	0.19091117
10657	0.19121593
10658	0.19178177
10659	0.19263594
10660	0.19371618
10661	0.19486156
10662	0.19595081
10663	0.19702677
10664	0.19794044
10665	0.19864424
10666	0.19892871
10667	0.19876714
10668	0.19797473
10669	0.19681691
10670	0.19556189
10671	0.19323382
10672	0.19104286
10673	0.18864772
10674	0.18603851
10675	0.18346307
10676	0.18073456
10677	0.17813136
10678	0.17555916
10679	0.17311779
10680	0.17078672
10681	0.16858877
10682	0.16649678
10683	0.16461104
10684	0.16288134
10685	0.16144909
10686	0.16005659
10687	0.15911889
10688	0.15888205
10689	0.15863955
10690	0.15865815
10691	0.15898283
10692	0.15954740
10693	0.15973747
10694	0.16266051
10695	0.16423820
10696	0.16624989
10697	0.16799025
10698	0.17055735
10699	0.17408794
10700	0.17751932
10701	0.18001400
10702	0.18390073
10703	0.18847775
10704	0.19190256
10705	0.19563079
10706	0.19849855
10707	0.20192979
10708	0.20582059
10709	0.20826107
10710	0.21142721
10711	0.21458258
10712	0.21767315
10713	0.22062218
10714	0.22336243
10715	0.22567445
10716	0.22757490
10717	0.22814777
10718	0.22873679
10719	0.22879539
10720	0.22867040
10721	0.22867317
10722	0.22898817
10723	0.23004146
10724	0.23243280
10725	0.23493923
10726	0.23798752
10727	0.24084546
10728	0.24283221
10729	0.24433985
10730	0.24487434
10731	0.24786362
10732	0.25055322
10733	0.25264999
10734	0.25513870
10735	0.25711784
10736	0.25825936
10737	0.25886843
10738	0.25881499
10739	0.25831059
10740	0.25765890
10741	0.25737947
10742	0.25667349
10743	0.25580975
10744	0.25540587
10745	0.25494197
10746	0.25479409
10747	0.25466248
10748	0.25439382
10749	0.25387827
10750	0.25308982
10751	0.25234157
10752	0.25121140
10753	0.24989925
10754	0.24860209
10755	0.24706335
10756	0.24549110
10757	0.24356014
10758	0.24194436
10759	0.24022764
10760	0.23843977
10761	0.23671587
10762	0.23491314
10763	0.23345713
10764	0.23139578
10765	0.22964774
10766	0.22701457
10767	0.22439088
10768	0.22153439
10769	0.21885335
10770	0.21647371
10771	0.21468908
10772	0.21298251
10773	0.21120098
10774	0.21053454
10775	0.20967548
10776	0.20904650
10777	0.20829807
10778	0.20733990
10779	0.20568861
10780	0.20278750
10781	0.20150070
10782	0.19970079
10783	0.19777511
10784	0.19594739
10785	0.19426575
10786	0.19287974
10787	0.19182791
10788	0.19111919
10789	0.19075626
10790	0.19076461
10791	0.19111806
10792	0.19174755
10793	0.19250549
10794	0.19326533
10795	0.19402404
10796	0.19436260
10797	0.19439404
10798	0.19405663
10799	0.19332486
10800	0.19219334
10801	0.19094791
10802	0.18887988
10803	0.18669960
10804	0.18424112
10805	0.18169422
10806	0.17914402
10807	0.17659810
10808	0.17409573
10809	0.17170560
10810	0.16940610
10811	0.16723228
10812	0.16509582
10813	0.16309041
10814	0.16120136
10815	0.15944740
10816	0.15787098
10817	0.15634705
10818	0.15520230
10819	0.15429652
10820	0.15406814
10821	0.15369074
10822	0.15363547
10823	0.15380308
10824	0.15346034
10825	0.15579699
10826	0.15681934
10827	0.15810071
10828	0.15909092
10829	0.16117600
10830	0.16338246
10831	0.16690058
10832	0.16908166
10833	0.17117395
10834	0.17673427
10835	0.18030910
10836	0.18373224
10837	0.18731910
10838	0.19089019
10839	0.19411552
10840	0.19591919
10841	0.19871849
10842	0.20154023
10843	0.20397218
10844	0.20624746
10845	0.20842300
10846	0.21031274
10847	0.21186112
10848	0.21280791
10849	0.21314298
10850	0.21283314
10851	0.21236433
10852	0.21169564
10853	0.21185574
10854	0.21280476
10855	0.21499006
10856	0.21708067
10857	0.21850799
10858	0.22163859
10859	0.22450672
10860	0.22780155
10861	0.23101503
10862	0.23403609
10863	0.23577088
10864	0.23617102
10865	0.23601170
10866	0.23553571
10867	0.23487149
10868	0.23424058
10869	0.23370309
10870	0.23349586
10871	0.23343872
10872	0.23334958
10873	0.23281622
10874	0.23290013
10875	0.23285128
10876	0.23263395
10877	0.23227517
10878	0.23176953
10879	0.23102570
10880	0.23009583
10881	0.22926106
10882	0.22809738
10883	0.22678266
10884	0.22515227
10885	0.22368197
10886	0.22199063
10887	0.22024818
10888	0.21832305
10889	0.21640030
10890	0.21459541
10891	0.21241833
10892	0.21019122
10893	0.20843777
10894	0.20599903
10895	0.20339319
10896	0.20006074
10897	0.19711833
10898	0.19418511
10899	0.19136132
10900	0.18904693
10901	0.18670414
10902	0.18479553
10903	0.18344954
10904	0.18260339
10905	0.18196195
10906	0.18144110
10907	0.18076754
10908	0.17982587
10909	0.17817603
10910	0.17728332
10911	0.17619328
10912	0.17474505
10913	0.17418388
10914	0.17337388
10915	0.17285511
10916	0.17262596
10917	0.17270935
10918	0.17316954
10919	0.17399034
10920	0.17513217
10921	0.17655703
10922	0.17817138
10923	0.17991856
10924	0.18149327
10925	0.18298742
10926	0.18415432
10927	0.18489617
10928	0.18529817
10929	0.18517050
10930	0.18478079
10931	0.18447319
10932	0.18277054
10933	0.18120478
10934	0.17947808
10935	0.17760117
10936	0.17565048
10937	0.17358491
10938	0.17156273
10939	0.16957580
10940	0.16759667
10941	0.16566958
10942	0.16376613
10943	0.16192934
10944	0.16023053
10945	0.15868738
10946	0.15710615
10947	0.15590616
10948	0.15488066
10949	0.15408808
10950	0.15395539
10951	0.15376337
10952	0.15454631
10953	0.15359442
10954	0.15472060
10955	0.15580367
10956	0.15784237
10957	0.15885343
10958	0.16028005
10959	0.16330859
10960	0.16725580
10961	0.16905718
10962	0.17311700
10963	0.17621909
10964	0.17932123
10965	0.18241213
10966	0.18580380
10967	0.18820918
10968	0.19204108
10969	0.19347490
10970	0.19611205
10971	0.19871180
10972	0.20121330
10973	0.20356132
10974	0.20574655
10975	0.20761979
10976	0.20912518
10977	0.20995642
10978	0.21015435
10979	0.20973966
10980	0.20879042
10981	0.20712945
10982	0.20624606
10983	0.20647152
10984	0.20665185
10985	0.20802745
10986	0.21011318
10987	0.21260102
10988	0.21445756
10989	0.21525252
10990	0.21710369
10991	0.22004530
10992	0.22319116
10993	0.22641473
10994	0.22938533
10995	0.23105532
10996	0.23156328
10997	0.23177703
10998	0.23138647
10999	0.23059897
11000	0.23004667
11001	0.22942348
11002	0.22884399
11003	0.22860080
11004	0.22891624
11005	0.22893630
11006	0.22908188
11007	0.22884363
11008	0.22875886
11009	0.22811309
11010	0.22787592
11011	0.22720744
11012	0.22657339
11013	0.22556444
11014	0.22437806
11015	0.22299790
11016	0.22111021
11017	0.21943994
11018	0.21756411
11019	0.21559462
11020	0.21350627
11021	0.21147519
11022	0.20956743
11023	0.20730744
11024	0.20506465
11025	0.20319439
11026	0.20069426
11027	0.19772959
11028	0.19435211
11029	0.19114853
11030	0.18786602
11031	0.18503837
11032	0.18191832
11033	0.17915700
11034	0.17684726
11035	0.17506675
11036	0.17372587
11037	0.17245254
11038	0.17118427
11039	0.16869314
11040	0.16738150
11041	0.16533586
11042	0.16370286
11043	0.16250014
11044	0.16098003
11045	0.15978512
11046	0.15862954
11047	0.15793607
11048	0.15756723
11049	0.15758982
11050	0.15797468
11051	0.15869853
11052	0.15974522
11053	0.16103329
11054	0.16228209
11055	0.16352485
11056	0.16461447
11057	0.16531268
11058	0.16566935
11059	0.16579276
11060	0.16554926
11061	0.16493201
11062	0.16408204
11063	0.16275683
11064	0.16133898
11065	0.15984806
11066	0.15823087
11067	0.15662128
11068	0.15506761
11069	0.15353693
11070	0.15204401
11071	0.15054990
11072	0.14909552
11073	0.14767687
11074	0.14636728
11075	0.14515878
11076	0.14397481
11077	0.14318712
11078	0.14260370
11079	0.14227951
11080	0.14272802
11081	0.14309666
11082	0.14371528
11083	0.14549634
11084	0.14592248
11085	0.14825882
11086	0.15029863
11087	0.15246946
11088	0.15507878
11089	0.15644374
11090	0.15991580
11091	0.16507962
11092	0.16813718
11093	0.17180318
11094	0.17645225
11095	0.18171856
11096	0.18635429
11097	0.19085354
11098	0.19520071
11099	0.19873212
11100	0.20206314
11101	0.20566165
11102	0.20931280
11103	0.21261440
11104	0.21577770
11105	0.21881080
11106	0.22173046
11107	0.22416423
11108	0.22602783
11109	0.22719316
11110	0.22770904
11111	0.22771172
11112	0.22747125
11113	0.22702017
11114	0.22666383
11115	0.22647287
11116	0.22715299
11117	0.22834599
11118	0.23042451
11119	0.23135483
11120	0.23220482
11121	0.23521304
11122	0.23820218
11123	0.24199677
11124	0.24529397
11125	0.24802552
11126	0.24966908
11127	0.25060299
11128	0.25047246
11129	0.25007969
11130	0.24976143
11131	0.24921469
11132	0.24868877
11133	0.24833888
11134	0.24834740
11135	0.24785477
11136	0.24810895
11137	0.24779138
11138	0.24749832
11139	0.24712069
11140	0.24637094
11141	0.24561505
11142	0.24491724
11143	0.24381307
11144	0.24271578
11145	0.24146293
11146	0.24014910
11147	0.23836143
11148	0.23674458
11149	0.23511910
11150	0.23335621
11151	0.23148525
11152	0.22950983
11153	0.22788227
11154	0.22566141
11155	0.22385722
11156	0.22116989
11157	0.21841268
11158	0.21512270
11159	0.21204512
11160	0.20889214
11161	0.20629372
11162	0.20340626
11163	0.20077467
11164	0.19861929
11165	0.19695121
11166	0.19543242
11167	0.19387273
11168	0.19211003
11169	0.19011454
11170	0.18682607
11171	0.18537019
11172	0.18357258
11173	0.18138796
11174	0.17999887
11175	0.17897825
11176	0.17782524
11177	0.17719430
11178	0.17695114
11179	0.17731972
11180	0.17791151
11181	0.17913873
11182	0.18073258
11183	0.18262374
11184	0.18473275
11185	0.18693686
11186	0.18911372
11187	0.19113594
11188	0.19296463
11189	0.19445503
11190	0.19539326
11191	0.19582586
11192	0.19582266
11193	0.19514650
11194	0.19417264
11195	0.19280998
11196	0.19099614
11197	0.18901794
11198	0.18679480
11199	0.18450525
11200	0.18214822
11201	0.17985529
11202	0.17756988
11203	0.17531267
11204	0.17312999
11205	0.17101270
11206	0.16893262
11207	0.16689542
11208	0.16514675
11209	0.16364512
11210	0.16240391
11211	0.16137449
11212	0.16099603
11213	0.16065815
11214	0.16047108
11215	0.16102476
11216	0.16214508
11217	0.16322863
11218	0.16393080
11219	0.16558446
11220	0.16684979
11221	0.16963425
11222	0.17209472
11223	0.17591721
11224	0.17871337
11225	0.18361276
11226	0.18715733
11227	0.19063076
11228	0.19436082
11229	0.19788523
11230	0.20129734
11231	0.20409389
11232	0.20711252
11233	0.21017398
11234	0.21324356
11235	0.21621473
11236	0.21903792
11237	0.22161093
11238	0.22379422
11239	0.22537032
11240	0.22634919
11241	0.22671449
11242	0.22650728
11243	0.22617762
11244	0.22612262
11245	0.22619034
11246	0.22749183
11247	0.22960673
11248	0.23254512
11249	0.23464611
11250	0.23601006
11251	0.23828836
11252	0.24165575
11253	0.24538195
11254	0.24904078
11255	0.25203794
11256	0.25353518
11257	0.25406769
11258	0.25391459
11259	0.25222522
11260	0.25134495
11261	0.25059289
11262	0.24996635
11263	0.24949808
11264	0.24964769
11265	0.24945837
11266	0.25004381
11267	0.25025025
11268	0.25033343
11269	0.24984826
11270	0.24965934
11271	0.24914248
11272	0.24856611
11273	0.24799851
11274	0.24715249
11275	0.24618065
11276	0.24515906
11277	0.24396044
11278	0.24240255
11279	0.24097863
11280	0.23942706
11281	0.23778206
11282	0.23598661
11283	0.23412886
11284	0.23226100
11285	0.23051606
11286	0.22832833
11287	0.22649278
11288	0.22365746
11289	0.22064397
11290	0.21788673
11291	0.21524049
11292	0.21311712
11293	0.21087392
11294	0.20886953
11295	0.20721412
11296	0.20605856
11297	0.20539670
11298	0.20481865
11299	0.20415643
11300	0.20348419
11301	0.20208079
11302	0.19990020
11303	0.19888677
11304	0.19765072
11305	0.19650532
11306	0.19536549
11307	0.19452564
11308	0.19369622
11309	0.19330111
11310	0.19320664
11311	0.19335465
11312	0.19392101
11313	0.19475703
11314	0.19583507
11315	0.19706661
11316	0.19836023
11317	0.19956188
11318	0.20061214
11319	0.20129921
11320	0.20160788
11321	0.20130554
11322	0.20065670
11323	0.19960342
11324	0.19824886
11325	0.19632700
11326	0.19422528
11327	0.19186537
11328	0.18934710
11329	0.18680398
11330	0.18420690
11331	0.18160936
11332	0.17905861
11333	0.17654885
11334	0.17411543
11335	0.17170762
11336	0.16938402
11337	0.16715474
11338	0.16507077
11339	0.16318424
11340	0.16127260
11341	0.15978977
11342	0.15884309
11343	0.15793173
11344	0.15715122
11345	0.15668315
11346	0.15655297
11347	0.15763280
11348	0.15821017
11349	0.15905455
11350	0.15975863
11351	0.16073330
11352	0.16380438
11353	0.16721588
11354	0.16939871
11355	0.17276137
11356	0.17807038
11357	0.18251325
11358	0.18682757
11359	0.19143276
11360	0.19586641
11361	0.20040309
11362	0.20411521
11363	0.20757732
11364	0.21139613
11365	0.21508273
11366	0.21853255
11367	0.22182241
11368	0.22484772
11369	0.22741205
11370	0.22950909
11371	0.23097959
11372	0.23184887
11373	0.23173040
11374	0.23234923
11375	0.23325300
11376	0.23463678
11377	0.23718989
11378	0.23955129
11379	0.24251011
11380	0.24543168
11381	0.24876331
11382	0.25058293
11383	0.25245830
11384	0.25561967
11385	0.25893095
11386	0.26248598
11387	0.26589742
11388	0.26839557
11389	0.26946601
11390	0.27026242
11391	0.27017987
11392	0.26968226
11393	0.26902431
11394	0.26834747
11395	0.26823068
11396	0.26768968
11397	0.26798517
11398	0.26802701
11399	0.26811311
11400	0.26787585
11401	0.26797774
11402	0.26776841
11403	0.26738343
11404	0.26705304
11405	0.26629624
11406	0.26557073
11407	0.26470435
11408	0.26379487
11409	0.26262793
11410	0.26112100
11411	0.25969210
11412	0.25821772
11413	0.25655383
11414	0.25479460
11415	0.25291449
11416	0.25138614
11417	0.24922706
11418	0.24697307
11419	0.24505976
11420	0.24215768
11421	0.23907091
11422	0.23624267
11423	0.23350812
11424	0.23155457
11425	0.22890121
11426	0.22696033
11427	0.22491275
11428	0.22378187
11429	0.22252424
11430	0.22161829
11431	0.22007778
11432	0.21848910
11433	0.21554068
11434	0.21432450
11435	0.21194786
11436	0.21053414
11437	0.20875703
11438	0.20719175
11439	0.20586507
11440	0.20483981
11441	0.20418864
11442	0.20392397
11443	0.20387594
11444	0.20423850
11445	0.20487913
11446	0.20571181
11447	0.20665643
11448	0.20770161
11449	0.20846307
11450	0.20905897
11451	0.20929506
11452	0.20899421
11453	0.20842025
11454	0.20754020
11455	0.20624372
11456	0.20471667
11457	0.20259924
11458	0.20037436
11459	0.19793446
11460	0.19544582
11461	0.19291072
11462	0.19035141
11463	0.18781491
11464	0.18527874
11465	0.18281931
11466	0.18032989
11467	0.17788245
11468	0.17547300
11469	0.17318846
11470	0.17091782
11471	0.16891430
11472	0.16713573
11473	0.16557373
11474	0.16456819
11475	0.16362046
11476	0.16302580
11477	0.16253582
11478	0.16272479
11479	0.16288762
11480	0.16315114
11481	0.16383646
11482	0.16362596
11483	0.16538268
11484	0.16672581
11485	0.16927952
11486	0.17084645
11487	0.17559817
11488	0.17832284
11489	0.18094866
11490	0.18373451
11491	0.18658890
11492	0.18840574
11493	0.19067280
11494	0.19281596
11495	0.19417801
11496	0.19581330
11497	0.19743298
11498	0.19903547
11499	0.20049959
11500	0.20189293
11501	0.20286609
11502	0.20346372
11503	0.20345573
11504	0.20303887
11505	0.20224918
11506	0.20127800
11507	0.20031287
11508	0.20005754
11509	0.20080540
11510	0.20209657
11511	0.20370625
11512	0.20530620
11513	0.20720875
11514	0.21024291
11515	0.21312805
11516	0.21616322
11517	0.21932787
11518	0.22141647
11519	0.22233634
11520	0.22259839
11521	0.22206657
11522	0.22146289
11523	0.22079889
11524	0.22020289
11525	0.22035632
11526	0.21963823
11527	0.21971987
11528	0.21937124
11529	0.21991213
11530	0.22012457
11531	0.22012265
11532	0.21965386
11533	0.21951170
11534	0.21894155
11535	0.21831399
11536	0.21743473
11537	0.21653210
11538	0.21548316
11539	0.21435271
11540	0.21275447
11541	0.21122558
11542	0.20956944
11543	0.20779198
11544	0.20589142
11545	0.20408589
11546	0.20231488
11547	0.20025678
11548	0.19814560
11549	0.19644192
11550	0.19405834
11551	0.19105291
11552	0.18846874
11553	0.18596239
11554	0.18386802
11555	0.18164803
11556	0.17969537
11557	0.17813380
11558	0.17705864
11559	0.17644924
11560	0.17610495
11561	0.17574166
11562	0.17545959
11563	0.17450567
11564	0.17302161
11565	0.17296329
11566	0.17207532
11567	0.17097172
11568	0.17030646
11569	0.16985476
11570	0.16974474
11571	0.16967678
11572	0.16999881
11573	0.17066388
11574	0.17167698
11575	0.17292272
11576	0.17442885
11577	0.17608732
11578	0.17778094
11579	0.17939997
11580	0.18081811
11581	0.18188873
11582	0.18249951
11583	0.18277511
11584	0.18273434
11585	0.18237679
11586	0.18119611
11587	0.17997541
11588	0.17849180
11589	0.17687754
11590	0.17510772
11591	0.17332888
11592	0.17155966
11593	0.16988708
11594	0.16829684
11595	0.16674621
11596	0.16527468
11597	0.16385770
11598	0.16254926
11599	0.16135989
11600	0.16030510
11601	0.15946895
11602	0.15859379
11603	0.15815184
11604	0.15800580
11605	0.15863472
11606	0.15897301
11607	0.16021860
11608	0.16046898
11609	0.16249710
11610	0.16403107
11611	0.16509314
11612	0.16652428
11613	0.16894947
11614	0.17250083
11615	0.17653550
11616	0.17840044
11617	0.18374169
11618	0.18758638
11619	0.19148889
11620	0.19534996
11621	0.19934043
11622	0.20341949
11623	0.20726019
11624	0.20963095
11625	0.21344493
11626	0.21682909
11627	0.22026494
11628	0.22363530
11629	0.22688138
11630	0.22997658
11631	0.23272419
11632	0.23516285
11633	0.23691769
11634	0.23800758
11635	0.23877451
11636	0.23921204
11637	0.23968673
11638	0.24050446
11639	0.24150607
11640	0.24361478
11641	0.24609596
11642	0.24928179
11643	0.25139439
11644	0.25372592
11645	0.25694185
11646	0.25989199
11647	0.26324421
11648	0.26649413
11649	0.26975468
11650	0.27161995
11651	0.27253845
11652	0.27251521
11653	0.27189249
11654	0.27104095
11655	0.27056348
11656	0.26984930
11657	0.26966238
11658	0.26957816
11659	0.26917937
11660	0.26893601
11661	0.26889071
11662	0.26879457
11663	0.26855290
11664	0.26805595
11665	0.26745859
11666	0.26669696
11667	0.26591009
11668	0.26487577
11669	0.26372680
11670	0.26253071
11671	0.26084653
11672	0.25940979
11673	0.25785393
11674	0.25624067
11675	0.25447088
11676	0.25267354
11677	0.25084421
11678	0.24932407
11679	0.24731000
11680	0.24559106
11681	0.24294677
11682	0.23993145
11683	0.23705280
11684	0.23403032
11685	0.23088534
11686	0.22842689
11687	0.22514932
11688	0.22250408
11689	0.22067404
11690	0.21871041
11691	0.21729816
11692	0.21589497
11693	0.21428138
11694	0.21249399
11695	0.20981258
11696	0.20837714
11697	0.20699774
11698	0.20460388
11699	0.20355126
11700	0.20213327
11701	0.20089309
11702	0.19992845
11703	0.19927216
11704	0.19892415
11705	0.19900669
11706	0.19947129
11707	0.20031407
11708	0.20150015
11709	0.20285858
11710	0.20436692
11711	0.20572928
11712	0.20693201
11713	0.20778482
11714	0.20823644
11715	0.20820898
11716	0.20781969
11717	0.20715158
11718	0.20557801
11719	0.20391198
11720	0.20190643
11721	0.19960874
11722	0.19713092
11723	0.19459847
11724	0.19200204
11725	0.18942927
11726	0.18692470
11727	0.18442971
11728	0.18199667
11729	0.17966077
11730	0.17748161
11731	0.17545238
11732	0.17361639
11733	0.17202437
11734	0.17068562
11735	0.16959915
11736	0.16861825
11737	0.16817114
11738	0.16801688
11739	0.16878626
11740	0.16934663
11741	0.17025970
11742	0.17243855
11743	0.17307366
11744	0.17413951
11745	0.17605181
11746	0.17758492
11747	0.18182665
11748	0.18536225
11749	0.18864441
11750	0.19195339
11751	0.19530563
11752	0.19854268
11753	0.20157473
11754	0.20484631
11755	0.20775962
11756	0.20980950
11757	0.21233723
11758	0.21350199
11759	0.21510042
11760	0.21649051
11761	0.21784744
11762	0.21899925
11763	0.22004725
11764	0.22097069
11765	0.22144268
11766	0.22160237
11767	0.22145949
11768	0.22109342
11769	0.22084656
11770	0.22055991
11771	0.22025660
11772	0.22017866
11773	0.22050142
11774	0.22091319
11775	0.22187069
11776	0.22268048
11777	0.22358185
11778	0.22685011
11779	0.23001818
11780	0.23283660
11781	0.23603532
11782	0.23866844
11783	0.24010909
11784	0.24181660
11785	0.24216789
11786	0.24209495
11787	0.24181254
11788	0.24120373
11789	0.24103434
11790	0.24041601
11791	0.24046867
11792	0.24052876
11793	0.24050909
11794	0.24028356
11795	0.24010681
11796	0.23957019
11797	0.23938687
11798	0.23892014
11799	0.23840930
11800	0.23818332
11801	0.23672669
11802	0.23575851
11803	0.23448332
11804	0.23278432
11805	0.23117153
11806	0.22933930
11807	0.22734249
11808	0.22516255
11809	0.22303072
11810	0.22102420
11811	0.21862556
11812	0.21677959
11813	0.21433412
11814	0.21179010
11815	0.20855784
11816	0.20575762
11817	0.20291883
11818	0.20051126
11819	0.19794670
11820	0.19591829
11821	0.19394526
11822	0.19293211
11823	0.19206937
11824	0.19156060
11825	0.19105174
11826	0.19034296
11827	0.18946186
11828	0.18774378
11829	0.18682204
11830	0.18537883
11831	0.18444468
11832	0.18350346
11833	0.18317217
11834	0.18252902
11835	0.18229771
11836	0.18241906
11837	0.18281907
11838	0.18363710
11839	0.18475661
11840	0.18622218
11841	0.18785623
11842	0.18954331
11843	0.19119738
11844	0.19262131
11845	0.19370982
11846	0.19440617
11847	0.19473486
11848	0.19463201
11849	0.19452570
11850	0.19373956
11851	0.19243202
11852	0.19102542
11853	0.18953553
11854	0.18801282
11855	0.18645097
11856	0.18501176
11857	0.18363148
11858	0.18234377
11859	0.18109865
11860	0.17996624
11861	0.17883603
11862	0.17781121
11863	0.17682619
11864	0.17597578
11865	0.17525849
11866	0.17451288
11867	0.17421481
11868	0.17410147
11869	0.17471662
11870	0.17516012
11871	0.17648932
11872	0.17751391
11873	0.17903695
11874	0.18065239
11875	0.18238799
11876	0.18465470
11877	0.18579094
11878	0.18792464
11879	0.19167633
11880	0.19547896
11881	0.20039952
11882	0.20547304
11883	0.20948550
11884	0.21323988
11885	0.21632722
11886	0.22075066
11887	0.22397757
11888	0.22617359
11889	0.22919731
11890	0.23164876
11891	0.23442899
11892	0.23670548
11893	0.23884192
11894	0.24068071
11895	0.24229172
11896	0.24327578
11897	0.24366665
11898	0.24336852
11899	0.24251068
11900	0.24133256
11901	0.24006489
11902	0.23912126
11903	0.23821369
11904	0.23824163
11905	0.23915219
11906	0.24037449
11907	0.24129203
11908	0.24184173
11909	0.24410690
11910	0.24821237
11911	0.25148061
11912	0.25431240
11913	0.25599930
11914	0.25769657
11915	0.25836048
11916	0.25852627
11917	0.25834894
11918	0.25787866
11919	0.25731689
11920	0.25663441
11921	0.25666019
11922	0.25563863
11923	0.25506908
11924	0.25441146
11925	0.25415546
11926	0.25409240
11927	0.25391752
11928	0.25315100
11929	0.25225562
11930	0.25141579
11931	0.25058287
11932	0.24951650
11933	0.24835508
11934	0.24704862
11935	0.24532498
11936	0.24386147
11937	0.24225642
11938	0.24058884
11939	0.23878197
11940	0.23687647
11941	0.23508427
11942	0.23335648
11943	0.23175907
11944	0.22956814
11945	0.22703512
11946	0.22432806
11947	0.22190274
11948	0.21973088
11949	0.21782894
11950	0.21594808
11951	0.21467787
11952	0.21340014
11953	0.21296623
11954	0.21291633
11955	0.21292002
11956	0.21293533
11957	0.21272004
11958	0.21259907
11959	0.21091890
11960	0.21083988
11961	0.21038783
11962	0.20984045
11963	0.20948793
11964	0.20902753
11965	0.20874979
11966	0.20868094
11967	0.20883369
11968	0.20929727
11969	0.21009870
11970	0.21119466
11971	0.21255121
11972	0.21409924
11973	0.21573085
11974	0.21733770
11975	0.21893813
11976	0.22020076
11977	0.22105674
11978	0.22156148
11979	0.22158739
11980	0.22124340
11981	0.22063874
11982	0.21949680
11983	0.21821462
11984	0.21650209
11985	0.21473932
11986	0.21282582
11987	0.21089210
11988	0.20892829
11989	0.20696722
11990	0.20506252
11991	0.20318286
11992	0.20133637
11993	0.19953032
11994	0.19778848
11995	0.19614454
11996	0.19465350
11997	0.19335009
11998	0.19210462
11999	0.19126102
12000	0.19065849