	C:\Users\jkuzm\OneDrive - University of Massachusetts\HRSL x UMILL-PUMA Fatigue - Fatigue\Data\F01\FR3_Metabolic2.c3d
	LMT5H
	TARGET
	ORIGINAL
ITEM	Y
1	0.14335652
2	0.12872684
3	0.11472107
4	0.10107630
5	0.08756597
6	0.07406864
7	0.06070567
8	0.04739780
9	0.03422730
10	0.02135945
11	0.00966896
12	-0.00098401
13	-0.01061064
14	-0.01929129
15	-0.02707346
16	-0.03409118
17	-0.04032104
18	-0.04562886
19	-0.04997200
20	-0.05318483
21	-0.05521617
22	-0.05602881
23	-0.05558039
24	-0.05398681
25	-0.05088213
26	-0.04648262
27	-0.04093248
28	-0.03432412
29	-0.02674857
30	-0.01800259
31	-0.00862364
32	0.00152378
33	0.01250835
34	0.02439201
35	0.03705741
36	0.05042933
37	0.06443879
38	0.07874797
39	0.09370706
40	0.10892726
41	0.12467179
42	0.14079182
43	0.15740024
44	0.17423737
45	0.19136666
46	0.20889874
47	0.22676496
48	0.24512048
49	0.26399446
50	0.28334734
51	0.30320701
52	0.32360208
53	0.34486625
54	0.36618850
55	0.38736191
56	0.40976140
57	0.43265826
58	0.45592657
59	0.47952616
60	0.50362164
61	0.52792519
62	0.55234796
63	0.57700485
64	0.60178876
65	0.62671375
66	0.65158910
67	0.67655689
68	0.70109081
69	0.72534209
70	0.74906856
71	0.77218741
72	0.79449683
73	0.81576836
74	0.83586472
75	0.85445476
76	0.87130785
77	0.88629657
78	0.89909297
79	0.90957946
80	0.91776031
81	0.92335272
82	0.92647225
83	0.92722315
84	0.92562675
85	0.92184150
86	0.91593593
87	0.90806723
88	0.89839488
89	0.88696605
90	0.87261647
91	0.85744292
92	0.84098822
93	0.82726544
94	0.80988234
95	0.79071397
96	0.77292764
97	0.75540584
98	0.73896569
99	0.72301292
100	0.70680785
101	0.68974942
102	0.67215252
103	0.65429085
104	0.63583189
105	0.61785573
106	0.59918052
107	0.58078003
108	0.56224507
109	0.54382765
110	0.52524495
111	0.50688988
112	0.48852345
113	0.47001499
114	0.45153263
115	0.43310887
116	0.41442212
117	0.39633769
118	0.37805369
119	0.35989624
120	0.34163946
121	0.32369393
122	0.30598745
123	0.28828412
124	0.27074599
125	0.25344270
126	0.23633951
127	0.21950449
128	0.20281842
129	0.18656811
130	0.17067209
131	0.15522961
132	0.14035298
133	0.12602922
134	0.11232236
135	0.09872906
136	0.08508158
137	0.07174646
138	0.05851777
139	0.04567089
140	0.03312841
141	0.02145263
142	0.01074440
143	0.00104065
144	-0.00781866
145	-0.01580947
146	-0.02297099
147	-0.02924807
148	-0.03456655
149	-0.03882814
150	-0.04184833
151	-0.04364096
152	-0.04413319
153	-0.04340568
154	-0.04166225
155	-0.03853789
156	-0.03421411
157	-0.02876719
158	-0.02237424
159	-0.01497118
160	-0.00638707
161	0.00293160
162	0.01307010
163	0.02413964
164	0.03612139
165	0.04886322
166	0.06234986
167	0.07649075
168	0.09117120
169	0.10616035
170	0.12170268
171	0.13752398
172	0.15385690
173	0.17065306
174	0.18763582
175	0.20488633
176	0.22243246
177	0.24035707
178	0.25869814
179	0.27769655
180	0.29679319
181	0.31666872
182	0.33749184
183	0.35839272
184	0.38017532
185	0.40153542
186	0.42407477
187	0.44721809
188	0.47062147
189	0.49462849
190	0.51870209
191	0.54293025
192	0.56741840
193	0.59207010
194	0.61685205
195	0.64169383
196	0.66664213
197	0.69153595
198	0.71600729
199	0.74007767
200	0.76364803
201	0.78654051
202	0.80865782
203	0.82952243
204	0.84922224
205	0.86745429
206	0.88397390
207	0.89855987
208	0.91092992
209	0.92103112
210	0.92876428
211	0.93395382
212	0.93669444
213	0.93706304
214	0.93524241
215	0.93123376
216	0.92514420
217	0.91709864
218	0.90730184
219	0.89590907
220	0.88199675
221	0.86691141
222	0.85101175
223	0.83622378
224	0.82049489
225	0.80081838
226	0.78261995
227	0.76494122
228	0.74815798
229	0.73198235
230	0.71575707
231	0.69878107
232	0.68137574
233	0.66358244
234	0.64550573
235	0.62703478
236	0.60868603
237	0.59016347
238	0.57147628
239	0.55296570
240	0.53446817
241	0.51600003
242	0.49765503
243	0.47905743
244	0.46068341
245	0.44211319
246	0.42411792
247	0.40570539
248	0.38742417
249	0.36917925
250	0.35097697
251	0.33300844
252	0.31531996
253	0.29761878
254	0.28005451
255	0.26263997
256	0.24543147
257	0.22847012
258	0.21163502
259	0.19523849
260	0.17915541
261	0.16347522
262	0.14832725
263	0.13377924
264	0.11989222
265	0.10637199
266	0.09299456
267	0.07962918
268	0.06675078
269	0.05386823
270	0.04135233
271	0.02921513
272	0.01820312
273	0.00822850
274	-0.00076738
275	-0.00879768
276	-0.01592574
277	-0.02224099
278	-0.02762022
279	-0.03198629
280	-0.03522573
281	-0.03728191
282	-0.03806423
283	-0.03749853
284	-0.03565116
285	-0.03277434
286	-0.02849900
287	-0.02307930
288	-0.01658867
289	-0.00916975
290	-0.00066058
291	0.00852212
292	0.01854205
293	0.02930335
294	0.04090161
295	0.05337496
296	0.06661476
297	0.08044604
298	0.09482893
299	0.10967333
300	0.12473914
301	0.14016041
302	0.15599428
303	0.17236014
304	0.18883358
305	0.20563871
306	0.22252905
307	0.24013336
308	0.25783855
309	0.27595133
310	0.29452711
311	0.31356212
312	0.33345401
313	0.35357940
314	0.37388867
315	0.39536887
316	0.41667071
317	0.43892133
318	0.46154261
319	0.48462626
320	0.50795496
321	0.53151590
322	0.55526185
323	0.57928270
324	0.60341865
325	0.62763101
326	0.65225250
327	0.67675978
328	0.70167941
329	0.72543269
330	0.74942350
331	0.77302611
332	0.79585791
333	0.81788236
334	0.83885866
335	0.85846633
336	0.87654537
337	0.89281583
338	0.90713173
339	0.91919470
340	0.92890406
341	0.93626577
342	0.94107622
343	0.94353735
344	0.94366741
345	0.94170898
346	0.93765175
347	0.93165505
348	0.92376322
349	0.91419977
350	0.90263200
351	0.88829714
352	0.87360191
353	0.85756129
354	0.84418082
355	0.82489091
356	0.80605930
357	0.78844762
358	0.77127045
359	0.75511336
360	0.73911852
361	0.72206748
362	0.70457691
363	0.68688011
364	0.66908532
365	0.65125763
366	0.63284034
367	0.61409873
368	0.59566051
369	0.57722473
370	0.55880946
371	0.54024446
372	0.52185112
373	0.50320458
374	0.48496112
375	0.46643671
376	0.44799814
377	0.42957017
378	0.41112930
379	0.39284173
380	0.37456948
381	0.35638672
382	0.33854476
383	0.32060796
384	0.30293795
385	0.28550348
386	0.26828840
387	0.25126147
388	0.23427820
389	0.21766093
390	0.20131741
391	0.18538988
392	0.16974555
393	0.15472139
394	0.14023380
395	0.12636733
396	0.11260895
397	0.09870309
398	0.08499858
399	0.07115352
400	0.05754655
401	0.04424468
402	0.03203651
403	0.02100816
404	0.01097170
405	0.00191993
406	-0.00632595
407	-0.01386500
408	-0.02062285
409	-0.02651298
410	-0.03135407
411	-0.03509647
412	-0.03756174
413	-0.03867318
414	-0.03843267
415	-0.03709819
416	-0.03422725
417	-0.03017832
418	-0.02501124
419	-0.01882028
420	-0.01166975
421	-0.00361356
422	0.00556952
423	0.01527255
424	0.02575215
425	0.03690977
426	0.04875688
427	0.06123696
428	0.07430264
429	0.08786398
430	0.10197920
431	0.11632659
432	0.13126457
433	0.14641735
434	0.16229215
435	0.17841211
436	0.19487309
437	0.21171929
438	0.22900085
439	0.24647790
440	0.26465783
441	0.28364113
442	0.30260634
443	0.32228115
444	0.34276459
445	0.36336678
446	0.38454792
447	0.40667793
448	0.42887220
449	0.45177624
450	0.47506341
451	0.49869937
452	0.52256125
453	0.54667658
454	0.57101732
455	0.59558535
456	0.62027937
457	0.64485568
458	0.67043215
459	0.69545519
460	0.72010177
461	0.74463946
462	0.76898116
463	0.79232752
464	0.81496572
465	0.83648831
466	0.85666960
467	0.87531275
468	0.89214659
469	0.90693319
470	0.91952288
471	0.92989451
472	0.93763632
473	0.94282913
474	0.94576091
475	0.94640273
476	0.94495338
477	0.94140458
478	0.93583834
479	0.92841280
480	0.91931963
481	0.90866297
482	0.89665020
483	0.88240016
484	0.86784524
485	0.85222322
486	0.83784842
487	0.82124442
488	0.80180746
489	0.78379762
490	0.76624960
491	0.74973196
492	0.73365074
493	0.71712005
494	0.69983059
495	0.68275166
496	0.66459578
497	0.64664418
498	0.62834924
499	0.60973585
500	0.59123921
501	0.57268137
502	0.55425060
503	0.53563154
504	0.51748985
505	0.49917549
506	0.48079026
507	0.46241486
508	0.44396380
509	0.42553559
510	0.40727171
511	0.38891250
512	0.37074757
513	0.35265383
514	0.33467013
515	0.31705064
516	0.29930103
517	0.28178895
518	0.26450101
519	0.24747117
520	0.23064813
521	0.21389933
522	0.19761701
523	0.18164285
524	0.16607253
525	0.15101080
526	0.13658272
527	0.12266608
528	0.10888104
529	0.09511189
530	0.08159677
531	0.06811285
532	0.05485975
533	0.04186624
534	0.02979632
535	0.01889665
536	0.00887804
537	-0.00024192
538	-0.00864431
539	-0.01634687
540	-0.02340785
541	-0.02958180
542	-0.03474180
543	-0.03886149
544	-0.04166130
545	-0.04322616
546	-0.04360418
547	-0.04294090
548	-0.04082799
549	-0.03740741
550	-0.03286038
551	-0.02723339
552	-0.02070023
553	-0.01323220
554	-0.00467632
555	0.00448498
556	0.01440490
557	0.02522769
558	0.03687390
559	0.04928178
560	0.06242134
561	0.07614756
562	0.09035024
563	0.10481335
564	0.11982919
565	0.13490574
566	0.15049747
567	0.16656019
568	0.18277954
569	0.19931220
570	0.21600117
571	0.23324914
572	0.25103498
573	0.26910296
574	0.28769141
575	0.30678660
576	0.32680103
577	0.34672245
578	0.36743614
579	0.38897064
580	0.41039848
581	0.43271285
582	0.45539102
583	0.47858891
584	0.50209212
585	0.52592003
586	0.54986292
587	0.57406807
588	0.59844959
589	0.62301314
590	0.64751136
591	0.67242372
592	0.69699407
593	0.72111708
594	0.74506521
595	0.76842302
596	0.79114002
597	0.81262654
598	0.83297390
599	0.85179967
600	0.86884969
601	0.88393760
602	0.89686567
603	0.90749389
604	0.91580766
605	0.92172551
606	0.92515230
607	0.92631686
608	0.92525268
609	0.92191672
610	0.91674584
611	0.90968150
612	0.90088862
613	0.89048237
614	0.87835068
615	0.86384392
616	0.84899449
617	0.83280414
618	0.81900984
619	0.80051506
620	0.78146809
621	0.76360971
622	0.74626327
623	0.72993445
624	0.71394384
625	0.69722271
626	0.67988765
627	0.66208106
628	0.64415908
629	0.62574810
630	0.60753590
631	0.58909440
632	0.57052481
633	0.55181795
634	0.53329116
635	0.51485211
636	0.49652207
637	0.47805256
638	0.45964527
639	0.44127911
640	0.42280594
641	0.40433609
642	0.38599801
643	0.36759385
644	0.34950253
645	0.33150664
646	0.31379268
647	0.29602405
648	0.27841109
649	0.26096472
650	0.24376893
651	0.22683607
652	0.21005501
653	0.19367500
654	0.17764497
655	0.16204828
656	0.14691706
657	0.13228647
658	0.11816285
659	0.10426309
660	0.09032745
661	0.07651419
662	0.06297539
663	0.04968116
664	0.03669785
665	0.02426126
666	0.01306937
667	0.00284223
668	-0.00635085
669	-0.01463848
670	-0.02203339
671	-0.02855875
672	-0.03416109
673	-0.03868137
674	-0.04208575
675	-0.04429242
676	-0.04516194
677	-0.04472424
678	-0.04299373
679	-0.03996937
680	-0.03598816
681	-0.03073084
682	-0.02443355
683	-0.01727705
684	-0.00916309
685	-0.00020949
686	0.00956570
687	0.02031956
688	0.03179966
689	0.04399090
690	0.05685254
691	0.07015108
692	0.08408622
693	0.09842243
694	0.11317284
695	0.12818541
696	0.14376090
697	0.15990502
698	0.17625321
699	0.19302191
700	0.21008004
701	0.22730413
702	0.24504702
703	0.26344445
704	0.28220513
705	0.30119434
706	0.32117042
707	0.34139273
708	0.36228618
709	0.38373730
710	0.40558195
711	0.42833447
712	0.45093718
713	0.47420248
714	0.49767172
715	0.52135783
716	0.54525018
717	0.56943887
718	0.59382653
719	0.61830997
720	0.64269751
721	0.66773540
722	0.69227105
723	0.71643841
724	0.74020302
725	0.76366538
726	0.78594494
727	0.80741620
728	0.82772595
729	0.84666741
730	0.86400861
731	0.87932891
732	0.89259642
733	0.90357590
734	0.91208971
735	0.91826493
736	0.92189014
737	0.92321461
738	0.92227304
739	0.91925651
740	0.91425955
741	0.90739858
742	0.89879441
743	0.88849664
744	0.87534529
745	0.86110425
746	0.84515095
747	0.83024508
748	0.81396580
749	0.79388958
750	0.77576816
751	0.75837010
752	0.74174154
753	0.72558546
754	0.70949787
755	0.69253039
756	0.67517734
757	0.65733540
758	0.63941246
759	0.62094867
760	0.60264212
761	0.58418912
762	0.56537694
763	0.54706419
764	0.52872699
765	0.51043320
766	0.49214435
767	0.47349849
768	0.45504245
769	0.43650460
770	0.41837603
771	0.40010098
772	0.38183719
773	0.36347136
774	0.34528306
775	0.32721093
776	0.30934638
777	0.29173845
778	0.27422085
779	0.25685745
780	0.23971128
781	0.22275074
782	0.20591149
783	0.18949705
784	0.17335832
785	0.15760316
786	0.14234763
787	0.12757735
788	0.11344638
789	0.09971709
790	0.08612631
791	0.07260674
792	0.05932718
793	0.04596708
794	0.03268510
795	0.01995121
796	0.00828931
797	-0.00249666
798	-0.01235348
799	-0.02135237
800	-0.02956545
801	-0.03706693
802	-0.04370682
803	-0.04935078
804	-0.05392467
805	-0.05723014
806	-0.05921150
807	-0.05987141
808	-0.05914004
809	-0.05725160
810	-0.05389142
811	-0.04916859
812	-0.04312005
813	-0.03615378
814	-0.02811503
815	-0.01909067
816	-0.00910185
817	0.00180671
818	0.01355994
819	0.02601628
820	0.03927774
821	0.05305874
822	0.06724653
823	0.08177412
824	0.09645271
825	0.11138839
826	0.12688190
827	0.14252527
828	0.15837643
829	0.17449199
830	0.19070266
831	0.20752957
832	0.22451356
833	0.24194661
834	0.25984669
835	0.27826610
836	0.29743233
837	0.31674039
838	0.33712241
839	0.35722199
840	0.37816119
841	0.39976850
842	0.42138883
843	0.44375959
844	0.46658322
845	0.48973653
846	0.51318395
847	0.53692544
848	0.56098270
849	0.58536887
850	0.60997492
851	0.63478404
852	0.65980577
853	0.68487513
854	0.71013075
855	0.73419106
856	0.75844067
857	0.78203398
858	0.80495322
859	0.82664096
860	0.84720963
861	0.86636835
862	0.88390368
863	0.89959550
864	0.91319484
865	0.92452681
866	0.93349779
867	0.94018668
868	0.94440341
869	0.94637889
870	0.94612265
871	0.94372171
872	0.93922007
873	0.93273014
874	0.92447901
875	0.91403717
876	0.90062773
877	0.88628954
878	0.87037414
879	0.85732234
880	0.83742005
881	0.81826895
882	0.80053449
883	0.78354645
884	0.76747215
885	0.75156033
886	0.73450804
887	0.71695673
888	0.69933367
889	0.68175882
890	0.66375160
891	0.64554226
892	0.62676960
893	0.60842991
894	0.58993381
895	0.57142842
896	0.55297053
897	0.53439724
898	0.51602370
899	0.49764439
900	0.47914696
901	0.46070561
902	0.44227585
903	0.42391261
904	0.40572703
905	0.38738480
906	0.36931565
907	0.35135439
908	0.33373019
909	0.31613216
910	0.29875740
911	0.28163821
912	0.26470408
913	0.24810953
914	0.23157826
915	0.21548469
916	0.19978896
917	0.18449098
918	0.16981281
919	0.15581189
920	0.14226252
921	0.12872094
922	0.11521008
923	0.10136633
924	0.08733428
925	0.07339440
926	0.06004389
927	0.04797269
928	0.03709693
929	0.02725903
930	0.01832951
931	0.01003045
932	0.00234250
933	-0.00460006
934	-0.01069156
935	-0.01579558
936	-0.01971383
937	-0.02228327
938	-0.02338411
939	-0.02348211
940	-0.02196162
941	-0.01908995
942	-0.01504844
943	-0.00988986
944	-0.00365165
945	0.00355642
946	0.01196003
947	0.02103159
948	0.03099049
949	0.04175185
950	0.05319511
951	0.06538835
952	0.07831622
953	0.09180302
954	0.10580171
955	0.11992806
956	0.13462748
957	0.14944038
958	0.16490822
959	0.18048659
960	0.19628568
961	0.21235113
962	0.22861974
963	0.24515620
964	0.26204580
965	0.27932397
966	0.29727614
967	0.31536344
968	0.33416766
969	0.35371226
970	0.37357807
971	0.39445707
972	0.41584322
973	0.43705443
974	0.45945039
975	0.48222977
976	0.50545901
977	0.52886075
978	0.55246627
979	0.57634199
980	0.60034484
981	0.62457031
982	0.64858890
983	0.67332315
984	0.69775552
985	0.72188979
986	0.74582607
987	0.76928043
988	0.79208118
989	0.81412274
990	0.83491564
991	0.85450470
992	0.87259096
993	0.88906974
994	0.90359813
995	0.91594827
996	0.92602330
997	0.93371022
998	0.93905294
999	0.94205517
1000	0.94288689
1001	0.94151586
1002	0.93810856
1003	0.93289477
1004	0.92601418
1005	0.91752189
1006	0.90694213
1007	0.89373779
1008	0.87904847
1009	0.86298549
1010	0.84889859
1011	0.82864046
1012	0.80894786
1013	0.79103893
1014	0.77376515
1015	0.75731760
1016	0.74107498
1017	0.72408658
1018	0.70655096
1019	0.68883306
1020	0.67068064
1021	0.65250093
1022	0.63397998
1023	0.61548436
1024	0.59699941
1025	0.57848209
1026	0.55995315
1027	0.54142457
1028	0.52294457
1029	0.50454086
1030	0.48622254
1031	0.46794102
1032	0.44945028
1033	0.43108246
1034	0.41268802
1035	0.39441594
1036	0.37616795
1037	0.35805807
1038	0.33999813
1039	0.32200184
1040	0.30442044
1041	0.28688219
1042	0.26954067
1043	0.25248930
1044	0.23563226
1045	0.21896952
1046	0.20276205
1047	0.18697453
1048	0.17159232
1049	0.15665667
1050	0.14219871
1051	0.12795986
1052	0.11365885
1053	0.09931153
1054	0.08533188
1055	0.07166859
1056	0.05866319
1057	0.04625416
1058	0.03486856
1059	0.02473360
1060	0.01553670
1061	0.00715922
1062	-0.00058285
1063	-0.00767469
1064	-0.01406379
1065	-0.01959633
1066	-0.02419092
1067	-0.02760525
1068	-0.02978216
1069	-0.03059660
1070	-0.03011804
1071	-0.02863372
1072	-0.02562976
1073	-0.02156127
1074	-0.01646382
1075	-0.01045941
1076	-0.00362378
1077	0.00395189
1078	0.01235649
1079	0.02166189
1080	0.03154887
1081	0.04224326
1082	0.05375683
1083	0.06605428
1084	0.07909384
1085	0.09271093
1086	0.10688546
1087	0.12129700
1088	0.13601057
1089	0.15128490
1090	0.16697365
1091	0.18282022
1092	0.19894564
1093	0.21535365
1094	0.23205319
1095	0.24910273
1096	0.26660433
1097	0.28474835
1098	0.30302039
1099	0.32203740
1100	0.34203255
1101	0.36179975
1102	0.38287929
1103	0.40386084
1104	0.42576337
1105	0.44817370
1106	0.47104526
1107	0.49412519
1108	0.51754403
1109	0.54107642
1110	0.56485206
1111	0.58884299
1112	0.61303711
1113	0.63743210
1114	0.66203737
1115	0.68624032
1116	0.71129638
1117	0.73508459
1118	0.75871742
1119	0.78172588
1120	0.80382413
1121	0.82490480
1122	0.84449154
1123	0.86256564
1124	0.87886333
1125	0.89300036
1126	0.90478951
1127	0.91407496
1128	0.92090607
1129	0.92506176
1130	0.92675245
1131	0.92609519
1132	0.92328888
1133	0.91831988
1134	0.91138750
1135	0.90270358
1136	0.89250952
1137	0.88106042
1138	0.86741954
1139	0.85279220
1140	0.83709484
1141	0.82268077
1142	0.80655926
1143	0.78726608
1144	0.76904678
1145	0.75137568
1146	0.73466074
1147	0.71838886
1148	0.70226860
1149	0.68491805
1150	0.66736412
1151	0.64951801
1152	0.63101822
1153	0.61279386
1154	0.59435064
1155	0.57587469
1156	0.55739081
1157	0.53882909
1158	0.52030396
1159	0.50173825
1160	0.48327467
1161	0.46492413
1162	0.44671473
1163	0.42793956
1164	0.40985328
1165	0.39155406
1166	0.37317571
1167	0.35492754
1168	0.33677527
1169	0.31879812
1170	0.30104184
1171	0.28340796
1172	0.26591298
1173	0.24858065
1174	0.23146744
1175	0.21459728
1176	0.19782783
1177	0.18149137
1178	0.16553229
1179	0.15009528
1180	0.13516434
1181	0.12078875
1182	0.10696170
1183	0.09342632
1184	0.07999202
1185	0.06679280
1186	0.05355365
1187	0.04057947
1188	0.02800606
1189	0.01630175
1190	0.00567189
1191	-0.00403306
1192	-0.01292474
1193	-0.02112456
1194	-0.02870918
1195	-0.03554073
1196	-0.04148711
1197	-0.04632974
1198	-0.05005835
1199	-0.05244874
1200	-0.05344953
1201	-0.05343137
1202	-0.05198187
1203	-0.04928957
1204	-0.04541633
1205	-0.04051313
1206	-0.03460756
1207	-0.02773686
1208	-0.01960859
1209	-0.01071209
1210	-0.00079781
1211	0.01003637
1212	0.02178553
1213	0.03440998
1214	0.04787233
1215	0.06195231
1216	0.07660044
1217	0.09155321
1218	0.10656625
1219	0.12217693
1220	0.13828240
1221	0.15448086
1222	0.17096031
1223	0.18775895
1224	0.20488672
1225	0.22236957
1226	0.24017476
1227	0.25839743
1228	0.27709541
1229	0.29623812
1230	0.31631017
1231	0.33607170
1232	0.35669976
1233	0.37771633
1234	0.39950156
1235	0.42178404
1236	0.44430885
1237	0.46711865
1238	0.48992899
1239	0.51361901
1240	0.53751969
1241	0.56118172
1242	0.58530164
1243	0.60955298
1244	0.63408446
1245	0.65862828
1246	0.68334830
1247	0.70777667
1248	0.73171073
1249	0.75557709
1250	0.77872181
1251	0.80111754
1252	0.82243878
1253	0.84275109
1254	0.86109698
1255	0.87789023
1256	0.89260781
1257	0.90505522
1258	0.91501522
1259	0.92255521
1260	0.92743433
1261	0.92993838
1262	0.93002850
1263	0.92805868
1264	0.92395705
1265	0.91801047
1266	0.91029692
1267	0.90091509
1268	0.89016914
1269	0.87733799
1270	0.86300498
1271	0.84800798
1272	0.83287060
1273	0.81832582
1274	0.79832345
1275	0.77987421
1276	0.76228517
1277	0.74557328
1278	0.72940481
1279	0.71322614
1280	0.69624406
1281	0.67875838
1282	0.66090810
1283	0.64296818
1284	0.62437618
1285	0.60625708
1286	0.58751833
1287	0.56894231
1288	0.55037653
1289	0.53184235
1290	0.51337171
1291	0.49489170
1292	0.47649822
1293	0.45803860
1294	0.43954462
1295	0.42108491
1296	0.40281123
1297	0.38461712
1298	0.36639550
1299	0.34824920
1300	0.33026323
1301	0.31249416
1302	0.29486826
1303	0.27751571
1304	0.26029646
1305	0.24331874
1306	0.22660391
1307	0.21000122
1308	0.19374393
1309	0.17801547
1310	0.16260923
1311	0.14777650
1312	0.13352285
1313	0.11964777
1314	0.10590557
1315	0.09228373
1316	0.07895327
1317	0.06576864
1318	0.05306806
1319	0.04069437
1320	0.02907874
1321	0.01848947
1322	0.00903238
1323	0.00054656
1324	-0.00701065
1325	-0.01372927
1326	-0.01957304
1327	-0.02451641
1328	-0.02844422
1329	-0.03124780
1330	-0.03285095
1331	-0.03310354
1332	-0.03215389
1333	-0.03003252
1334	-0.02691623
1335	-0.02243693
1336	-0.01687705
1337	-0.01032438
1338	-0.00279578
1339	0.00594174
1340	0.01540481
1341	0.02580230
1342	0.03704591
1343	0.04913063
1344	0.06196370
1345	0.07550603
1346	0.08953081
1347	0.10375276
1348	0.11852563
1349	0.13338336
1350	0.14883864
1351	0.16432223
1352	0.18011232
1353	0.19612411
1354	0.21237954
1355	0.22890723
1356	0.24568129
1357	0.26281363
1358	0.28050026
1359	0.29826984
1360	0.31689504
1361	0.33600071
1362	0.35503343
1363	0.37487906
1364	0.39557806
1365	0.41584092
1366	0.43710899
1367	0.45890379
1368	0.48107967
1369	0.50375813
1370	0.52685946
1371	0.55011743
1372	0.57367724
1373	0.59747064
1374	0.62141371
1375	0.64548510
1376	0.66968304
1377	0.69401908
1378	0.71798879
1379	0.74169433
1380	0.76505768
1381	0.78781104
1382	0.80970800
1383	0.83045000
1384	0.84992570
1385	0.86783415
1386	0.88390440
1387	0.89788407
1388	0.90956587
1389	0.91885996
1390	0.92571771
1391	0.92995989
1392	0.93178737
1393	0.93136245
1394	0.92869413
1395	0.92394030
1396	0.91721058
1397	0.90863079
1398	0.89825934
1399	0.88519073
1400	0.87055689
1401	0.85483181
1402	0.83937693
1403	0.82404494
1404	0.80455470
1405	0.78637135
1406	0.76903123
1407	0.75249553
1408	0.73657274
1409	0.72035557
1410	0.70326674
1411	0.68569410
1412	0.66775644
1413	0.64962554
1414	0.63111293
1415	0.61287874
1416	0.59416574
1417	0.57581770
1418	0.55732405
1419	0.53891337
1420	0.52046376
1421	0.50200212
1422	0.48377395
1423	0.46522224
1424	0.44679505
1425	0.42841381
1426	0.40981025
1427	0.39157739
1428	0.37330940
1429	0.35517189
1430	0.33705220
1431	0.31915250
1432	0.30153060
1433	0.28394514
1434	0.26655900
1435	0.24943164
1436	0.23253688
1437	0.21595056
1438	0.19951151
1439	0.18347865
1440	0.16785568
1441	0.15267944
1442	0.13799991
1443	0.12382625
1444	0.10989461
1445	0.09588888
1446	0.08194445
1447	0.06778149
1448	0.05378857
1449	0.04013834
1450	0.02738802
1451	0.01582706
1452	0.00520345
1453	-0.00466035
1454	-0.01385146
1455	-0.02236599
1456	-0.03041994
1457	-0.03747614
1458	-0.04422292
1459	-0.04951022
1460	-0.05347079
1461	-0.05608976
1462	-0.05758766
1463	-0.05745179
1464	-0.05594742
1465	-0.05309507
1466	-0.04905868
1467	-0.04388850
1468	-0.03782003
1469	-0.03049286
1470	-0.02246276
1471	-0.01359566
1472	-0.00372664
1473	0.00701485
1474	0.01860211
1475	0.03099736
1476	0.04422612
1477	0.05807737
1478	0.07241008
1479	0.08700296
1480	0.10205299
1481	0.11719376
1482	0.13277878
1483	0.14879754
1484	0.16491897
1485	0.18131208
1486	0.19800270
1487	0.21502656
1488	0.23240614
1489	0.25022158
1490	0.26849627
1491	0.28747690
1492	0.30658835
1493	0.32685578
1494	0.34679538
1495	0.36766291
1496	0.38929692
1497	0.41078645
1498	0.43304262
1499	0.45593661
1500	0.47927657
1501	0.50299078
1502	0.52708596
1503	0.55138499
1504	0.57598341
1505	0.60079038
1506	0.62582135
1507	0.65074360
1508	0.67626816
1509	0.70142168
1510	0.72606611
1511	0.75050187
1512	0.77437842
1513	0.79752493
1514	0.81959480
1515	0.84045559
1516	0.85989517
1517	0.87760270
1518	0.89333612
1519	0.90684861
1520	0.91793072
1521	0.92656648
1522	0.93252981
1523	0.93599188
1524	0.93706286
1525	0.93584251
1526	0.93241441
1527	0.92686218
1528	0.91929549
1529	0.90992421
1530	0.89879680
1531	0.88487846
1532	0.87020296
1533	0.85416925
1534	0.83941507
1535	0.82360584
1536	0.80410707
1537	0.78622442
1538	0.76893800
1539	0.75235033
1540	0.73638624
1541	0.72043926
1542	0.70323718
1543	0.68583357
1544	0.66795659
1545	0.64989036
1546	0.63106155
1547	0.61294192
1548	0.59447289
1549	0.57573628
1550	0.55724919
1551	0.53873074
1552	0.52026039
1553	0.50193292
1554	0.48335525
1555	0.46493956
1556	0.44655371
1557	0.42820293
1558	0.40982795
1559	0.39154184
1560	0.37330317
1561	0.35505292
1562	0.33703628
1563	0.31930792
1564	0.30157489
1565	0.28395021
1566	0.26651350
1567	0.24927750
1568	0.23224579
1569	0.21533310
1570	0.19880314
1571	0.18262982
1572	0.16683581
1573	0.15153582
1574	0.13680285
1575	0.12277273
1576	0.10933239
1577	0.09599833
1578	0.08275326
1579	0.06968184
1580	0.05662221
1581	0.04371794
1582	0.03126894
1583	0.01996118
1584	0.00965939
1585	0.00031842
1586	-0.00806664
1587	-0.01574349
1588	-0.02255595
1589	-0.02858609
1590	-0.03364916
1591	-0.03760915
1592	-0.04031076
1593	-0.04171310
1594	-0.04186112
1595	-0.04066246
1596	-0.03842419
1597	-0.03475218
1598	-0.02991941
1599	-0.02401055
1600	-0.01712758
1601	-0.00902809
1602	-0.00017946
1603	0.00958779
1604	0.02019372
1605	0.03161009
1606	0.04383374
1607	0.05678998
1608	0.07034533
1609	0.08441512
1610	0.09872944
1611	0.11359175
1612	0.12869225
1613	0.14434321
1614	0.16050114
1615	0.17673196
1616	0.19332683
1617	0.21015187
1618	0.22725874
1619	0.24467894
1620	0.26242244
1621	0.28055960
1622	0.29914057
1623	0.31822082
1624	0.33815056
1625	0.35777557
1626	0.37827229
1627	0.39959165
1628	0.42073280
1629	0.44258311
1630	0.46507370
1631	0.48811448
1632	0.51155585
1633	0.53543204
1634	0.55963802
1635	0.58411431
1636	0.60872674
1637	0.63347507
1638	0.65830886
1639	0.68257606
1640	0.70759493
1641	0.73168838
1642	0.75547379
1643	0.77871865
1644	0.80133677
1645	0.82257622
1646	0.84282070
1647	0.86160916
1648	0.87879050
1649	0.89408338
1650	0.90722954
1651	0.91804773
1652	0.92651445
1653	0.93237960
1654	0.93604606
1655	0.93716967
1656	0.93592060
1657	0.93234169
1658	0.92669803
1659	0.91908425
1660	0.90968049
1661	0.89849317
1662	0.88471723
1663	0.86985248
1664	0.85358167
1665	0.83976328
1666	0.82223719
1667	0.80257165
1668	0.78460407
1669	0.76692873
1670	0.75032073
1671	0.73429126
1672	0.71758932
1673	0.70038897
1674	0.68286097
1675	0.66502994
1676	0.64703035
1677	0.62859172
1678	0.61022609
1679	0.59135950
1680	0.57307386
1681	0.55462521
1682	0.53621501
1683	0.51783574
1684	0.49931157
1685	0.48078460
1686	0.46231362
1687	0.44372094
1688	0.42576060
1689	0.40733799
1690	0.38904092
1691	0.37081915
1692	0.35247868
1693	0.33461168
1694	0.31708133
1695	0.29930365
1696	0.28185016
1697	0.26459441
1698	0.24757399
1699	0.23074727
1700	0.21416627
1701	0.19776757
1702	0.18182231
1703	0.16632634
1704	0.15131186
1705	0.13686246
1706	0.12294597
1707	0.10926967
1708	0.09566837
1709	0.08233755
1710	0.06916103
1711	0.05631385
1712	0.04378055
1713	0.03193148
1714	0.02115408
1715	0.01132249
1716	0.00222783
1717	-0.00613666
1718	-0.01394824
1719	-0.02103266
1720	-0.02733238
1721	-0.03267288
1722	-0.03687709
1723	-0.03998639
1724	-0.04178866
1725	-0.04243159
1726	-0.04189810
1727	-0.04040617
1728	-0.03755448
1729	-0.03359466
1730	-0.02862681
1731	-0.02261814
1732	-0.01538998
1733	-0.00729140
1734	0.00174929
1735	0.01180439
1736	0.02273539
1737	0.03464890
1738	0.04728543
1739	0.06067428
1740	0.07453831
1741	0.08879909
1742	0.10333388
1743	0.11825874
1744	0.13365258
1745	0.14949684
1746	0.16554582
1747	0.18183266
1748	0.19840516
1749	0.21524708
1750	0.23236422
1751	0.24990053
1752	0.26789886
1753	0.28633997
1754	0.30527097
1755	0.32517320
1756	0.34513462
1757	0.36524585
1758	0.38661298
1759	0.40771741
1760	0.42951941
1761	0.45196751
1762	0.47488141
1763	0.49818379
1764	0.52205545
1765	0.54565358
1766	0.56974483
1767	0.59398729
1768	0.61840451
1769	0.64288855
1770	0.66749996
1771	0.69217968
1772	0.71637267
1773	0.74027854
1774	0.76380098
1775	0.78657037
1776	0.80853164
1777	0.82934660
1778	0.84891063
1779	0.86697119
1780	0.88329363
1781	0.89765245
1782	0.90981048
1783	0.91969287
1784	0.92724955
1785	0.93233603
1786	0.93513787
1787	0.93564945
1788	0.93392795
1789	0.93005484
1790	0.92412335
1791	0.91621369
1792	0.90654832
1793	0.89522648
1794	0.88107395
1795	0.86630535
1796	0.85008752
1797	0.83605313
1798	0.81926709
1799	0.79986149
1800	0.78202343
1801	0.76471847
1802	0.74823034
1803	0.73232132
1804	0.71598017
1805	0.69889182
1806	0.68119466
1807	0.66325635
1808	0.64511669
1809	0.62651443
1810	0.60809958
1811	0.58929735
1812	0.57072955
1813	0.55223930
1814	0.53383017
1815	0.51542079
1816	0.49707708
1817	0.47863236
1818	0.46022239
1819	0.44185668
1820	0.42347002
1821	0.40516990
1822	0.38695949
1823	0.36878601
1824	0.35044166
1825	0.33241609
1826	0.31449407
1827	0.29685709
1828	0.27936104
1829	0.26199627
1830	0.24484685
1831	0.22800069
1832	0.21130982
1833	0.19484918
1834	0.17880747
1835	0.16323732
1836	0.14812458
1837	0.13367316
1838	0.11980186
1839	0.10633504
1840	0.09292562
1841	0.07944528
1842	0.06581222
1843	0.05237620
1844	0.03932205
1845	0.02687648
1846	0.01549646
1847	0.00516072
1848	-0.00424737
1849	-0.01295846
1850	-0.02092993
1851	-0.02836470
1852	-0.03507414
1853	-0.04090693
1854	-0.04572544
1855	-0.04937423
1856	-0.05177238
1857	-0.05285505
1858	-0.05300250
1859	-0.05173583
1860	-0.04925623
1861	-0.04569131
1862	-0.04105715
1863	-0.03544355
1864	-0.02880532
1865	-0.02100103
1866	-0.01242102
1867	-0.00289944
1868	0.00746973
1869	0.01858903
1870	0.03047111
1871	0.04303127
1872	0.05629738
1873	0.07007080
1874	0.08425963
1875	0.09864579
1876	0.11331992
1877	0.12838866
1878	0.14378811
1879	0.15923001
1880	0.17490004
1881	0.19079927
1882	0.20687138
1883	0.22325665
1884	0.23996672
1885	0.25703102
1886	0.27470249
1887	0.29252186
1888	0.31102887
1889	0.33043396
1890	0.34958655
1891	0.36969370
1892	0.39063054
1893	0.41139781
1894	0.43320814
1895	0.45547259
1896	0.47788781
1897	0.50132793
1898	0.52475584
1899	0.54848123
1900	0.57252443
1901	0.59680295
1902	0.62124336
1903	0.64575875
1904	0.67037416
1905	0.69470572
1906	0.71901643
1907	0.74255884
1908	0.76571524
1909	0.78811085
1910	0.80946320
1911	0.82955927
1912	0.84815693
1913	0.86493474
1914	0.87977576
1915	0.89242566
1916	0.90277362
1917	0.91064465
1918	0.91609108
1919	0.91919106
1920	0.91992754
1921	0.91844529
1922	0.91489697
1923	0.90936857
1924	0.90196997
1925	0.89287072
1926	0.88230860
1927	0.86987466
1928	0.85516089
1929	0.84016460
1930	0.82385713
1931	0.81003731
1932	0.79076564
1933	0.77161926
1934	0.75360787
1935	0.73632401
1936	0.71996325
1937	0.70401394
1938	0.68735522
1939	0.67022032
1940	0.65204698
1941	0.63441849
1942	0.61640877
1943	0.59814489
1944	0.57959980
1945	0.56100160
1946	0.54240006
1947	0.52387828
1948	0.50541693
1949	0.48693025
1950	0.46847332
1951	0.44999966
1952	0.43153912
1953	0.41309506
1954	0.39484805
1955	0.37656194
1956	0.35842934
1957	0.34029844
1958	0.32224822
1959	0.30414191
1960	0.28655925
1961	0.26898119
1962	0.25159213
1963	0.23435941
1964	0.21732260
1965	0.20047016
1966	0.18371581
1967	0.16740867
1968	0.15145448
1969	0.13594700
1970	0.12092441
1971	0.10645275
1972	0.09247734
1973	0.07890551
1974	0.06557142
1975	0.05262329
1976	0.04029235
1977	0.02814970
1978	0.01622568
1979	0.00451745
1980	-0.00640191
1981	-0.01613000
1982	-0.02466511
1983	-0.03195034
1984	-0.03804378
1985	-0.04315118
1986	-0.04730566
1987	-0.05059623
1988	-0.05292409
1989	-0.05417304
1990	-0.05431399
1991	-0.05326716
1992	-0.05121725
1993	-0.04765812
1994	-0.04281081
1995	-0.03677909
1996	-0.02957446
1997	-0.02111267
1998	-0.01190098
1999	-0.00174604
2000	0.00924493
2001	0.02106572
2002	0.03361428
2003	0.04678963
2004	0.06048186
2005	0.07455666
2006	0.08900005
2007	0.10353798
2008	0.11832916
2009	0.13366729
2010	0.14904919
2011	0.16472480
2012	0.18067999
2013	0.19696617
2014	0.21359079
2015	0.23051096
2016	0.24783778
2017	0.26574311
2018	0.28377053
2019	0.30246052
2020	0.32162344
2021	0.34159520
2022	0.36160734
2023	0.38240317
2024	0.40377834
2025	0.42581213
2026	0.44831777
2027	0.47131407
2028	0.49491021
2029	0.51876420
2030	0.54301810
2031	0.56732088
2032	0.59187448
2033	0.61651486
2034	0.64126635
2035	0.66616452
2036	0.69090694
2037	0.71532416
2038	0.73945612
2039	0.76300973
2040	0.78585523
2041	0.80779672
2042	0.82866865
2043	0.84833068
2044	0.86622834
2045	0.88251072
2046	0.89676440
2047	0.90885127
2048	0.91860372
2049	0.92613983
2050	0.93115759
2051	0.93385953
2052	0.93422973
2053	0.93238664
2054	0.92841917
2055	0.92239195
2056	0.91461307
2057	0.90498310
2058	0.89247090
2059	0.87842286
2060	0.86282098
2061	0.84817207
2062	0.83267224
2063	0.81253040
2064	0.79434377
2065	0.77675921
2066	0.76002902
2067	0.74394900
2068	0.72752410
2069	0.71019918
2070	0.69255263
2071	0.67459083
2072	0.65651608
2073	0.63782382
2074	0.61956036
2075	0.60104698
2076	0.58245569
2077	0.56388140
2078	0.54537570
2079	0.52691513
2080	0.50852984
2081	0.49010423
2082	0.47174519
2083	0.45333487
2084	0.43489045
2085	0.41637704
2086	0.39809722
2087	0.37976623
2088	0.36160055
2089	0.34352177
2090	0.32555118
2091	0.30772921
2092	0.29005635
2093	0.27258590
2094	0.25534377
2095	0.23837747
2096	0.22166763
2097	0.20511195
2098	0.18907671
2099	0.17345580
2100	0.15838528
2101	0.14382105
2102	0.12976402
2103	0.11579311
2104	0.10173380
2105	0.08765657
2106	0.07344387
2107	0.05951246
2108	0.04589131
2109	0.03314706
2110	0.02159921
2111	0.01112799
2112	0.00162610
2113	-0.00700902
2114	-0.01495811
2115	-0.02211716
2116	-0.02852945
2117	-0.03391841
2118	-0.03827180
2119	-0.04146453
2120	-0.04332061
2121	-0.04388693
2122	-0.04317962
2123	-0.04127302
2124	-0.03830486
2125	-0.03394676
2126	-0.02858108
2127	-0.02219026
2128	-0.01466257
2129	-0.00651840
2130	0.00251439
2131	0.01221801
2132	0.02265704
2133	0.03374342
2134	0.04560024
2135	0.05806225
2136	0.07123429
2137	0.08488244
2138	0.09869917
2139	0.11323564
2140	0.12809643
2141	0.14326005
2142	0.15869689
2143	0.17434634
2144	0.19028676
2145	0.20666285
2146	0.22317275
2147	0.24000499
2148	0.25728616
2149	0.27521569
2150	0.29322430
2151	0.31229874
2152	0.33117664
2153	0.35082567
2154	0.37127361
2155	0.39161810
2156	0.41264799
2157	0.43439960
2158	0.45656252
2159	0.47916824
2160	0.50225687
2161	0.52567905
2162	0.54929137
2163	0.57307267
2164	0.59688765
2165	0.62077093
2166	0.64408851
2167	0.66866875
2168	0.69226974
2169	0.71547043
2170	0.73828495
2171	0.76045305
2172	0.78190023
2173	0.80219865
2174	0.82131279
2175	0.83889055
2176	0.85469341
2177	0.86843938
2178	0.87990516
2179	0.88895452
2180	0.89559615
2181	0.89958143
2182	0.90102071
2183	0.90018296
2184	0.89706296
2185	0.89179122
2186	0.88448846
2187	0.87543523
2188	0.86467046
2189	0.85243332
2190	0.83778733
2191	0.82286787
2192	0.80651480
2193	0.79275042
2194	0.77409500
2195	0.75501186
2196	0.73697275
2197	0.71964067
2198	0.70335203
2199	0.68726832
2200	0.67071670
2201	0.65357262
2202	0.63586771
2203	0.61774784
2204	0.59963483
2205	0.58128363
2206	0.56273466
2207	0.54428554
2208	0.52576256
2209	0.50724012
2210	0.48854688
2211	0.47003970
2212	0.45159364
2213	0.43317407
2214	0.41471377
2215	0.39628190
2216	0.37786263
2217	0.35929817
2218	0.34104714
2219	0.32283297
2220	0.30476707
2221	0.28686324
2222	0.26919696
2223	0.25155982
2224	0.23402882
2225	0.21672472
2226	0.19967423
2227	0.18280984
2228	0.16611749
2229	0.14984071
2230	0.13396844
2231	0.11856936
2232	0.10362975
2233	0.08926247
2234	0.07525569
2235	0.06143351
2236	0.04758307
2237	0.03394965
2238	0.02044033
2239	0.00725803
2240	-0.00541670
2241	-0.01716691
2242	-0.02767793
2243	-0.03709953
2244	-0.04554624
2245	-0.05321712
2246	-0.06023707
2247	-0.06654459
2248	-0.07207457
2249	-0.07667540
2250	-0.08016315
2251	-0.08238260
2252	-0.08324713
2253	-0.08305505
2254	-0.08137594
2255	-0.07842622
2256	-0.07428387
2257	-0.06908564
2258	-0.06289337
2259	-0.05574226
2260	-0.04762321
2261	-0.03836340
2262	-0.02833687
2263	-0.01744892
2264	-0.00567754
2265	0.00693231
2266	0.02027277
2267	0.03422888
2268	0.04865731
2269	0.06347875
2270	0.07848192
2271	0.09377398
2272	0.10950281
2273	0.12575938
2274	0.14203563
2275	0.15869169
2276	0.17563994
2277	0.19294430
2278	0.21070926
2279	0.22917978
2280	0.24770597
2281	0.26705843
2282	0.28727561
2283	0.30739269
2284	0.32861489
2285	0.35017481
2286	0.37188873
2287	0.39447311
2288	0.41747272
2289	0.44085014
2290	0.46451470
2291	0.48855317
2292	0.51275784
2293	0.53725147
2294	0.56184125
2295	0.58666468
2296	0.61154586
2297	0.63657308
2298	0.66122389
2299	0.68615943
2300	0.71035534
2301	0.73407698
2302	0.75700039
2303	0.77885419
2304	0.79945385
2305	0.81866091
2306	0.83626300
2307	0.85146421
2308	0.86467278
2309	0.87550396
2310	0.88390392
2311	0.88980037
2312	0.89317834
2313	0.89414889
2314	0.89276129
2315	0.88904029
2316	0.88315308
2317	0.87518704
2318	0.86458158
2319	0.85081691
2320	0.83578992
2321	0.81965202
2322	0.80608195
2323	0.78612125
2324	0.76710427
2325	0.74956697
2326	0.73250484
2327	0.71633780
2328	0.70060784
2329	0.68396568
2330	0.66652256
2331	0.64880091
2332	0.63050038
2333	0.61261004
2334	0.59431201
2335	0.57579166
2336	0.55720943
2337	0.53865159
2338	0.52009219
2339	0.50162119
2340	0.48322627
2341	0.46479589
2342	0.44653672
2343	0.42763805
2344	0.40945140
2345	0.39120764
2346	0.37292629
2347	0.35474810
2348	0.33665398
2349	0.31860369
2350	0.30057821
2351	0.28284997
2352	0.26527724
2353	0.24784490
2354	0.23063067
2355	0.21366566
2356	0.19693246
2357	0.18030106
2358	0.16420425
2359	0.14854544
2360	0.13336650
2361	0.11872369
2362	0.10466531
2363	0.09094343
2364	0.07735836
2365	0.06408370
2366	0.05090282
2367	0.03813556
2368	0.02555318
2369	0.01348182
2370	0.00237959
2371	-0.00781286
2372	-0.01701134
2373	-0.02529855
2374	-0.03279311
2375	-0.03936376
2376	-0.04503093
2377	-0.04967716
2378	-0.05323511
2379	-0.05558044
2380	-0.05660409
2381	-0.05634452
2382	-0.05480433
2383	-0.05224781
2384	-0.04831534
2385	-0.04332604
2386	-0.03736811
2387	-0.03045523
2388	-0.02243856
2389	-0.01375045
2390	-0.00412565
2391	0.00628753
2392	0.01747081
2393	0.02945370
2394	0.04216193
2395	0.05548957
2396	0.06934618
2397	0.08352040
2398	0.09825611
2399	0.11321744
2400	0.12891245
2401	0.14478253
2402	0.16098437
2403	0.17750888
2404	0.19429228
2405	0.21138945
2406	0.22879747
2407	0.24654840
2408	0.26492003
2409	0.28335890
2410	0.30252561
2411	0.32266778
2412	0.34238744
2413	0.36315817
2414	0.38426110
2415	0.40615362
2416	0.42840144
2417	0.45098022
2418	0.47378570
2419	0.49711362
2420	0.52052492
2421	0.54410779
2422	0.56793678
2423	0.59192979
2424	0.61603624
2425	0.64017344
2426	0.66443592
2427	0.68831640
2428	0.71229267
2429	0.73531383
2430	0.75805908
2431	0.77998531
2432	0.80092520
2433	0.82066095
2434	0.83886355
2435	0.85540050
2436	0.87006402
2437	0.88273180
2438	0.89307648
2439	0.90116304
2440	0.90667737
2441	0.90981829
2442	0.91063005
2443	0.90918583
2444	0.90562302
2445	0.90000731
2446	0.89248765
2447	0.88320798
2448	0.87232828
2449	0.85885239
2450	0.84374046
2451	0.82763964
2452	0.81254637
2453	0.79712701
2454	0.77742034
2455	0.75933897
2456	0.74178356
2457	0.72488546
2458	0.70881665
2459	0.69342321
2460	0.67626339
2461	0.65880013
2462	0.64091742
2463	0.62259537
2464	0.60445076
2465	0.58596784
2466	0.56753629
2467	0.54907608
2468	0.53036100
2469	0.51179308
2470	0.49333155
2471	0.47482222
2472	0.45633242
2473	0.43786943
2474	0.41929156
2475	0.40100318
2476	0.38266617
2477	0.36430925
2478	0.34590444
2479	0.32788071
2480	0.30989900
2481	0.29205397
2482	0.27440009
2483	0.25676250
2484	0.23930925
2485	0.22200552
2486	0.20502092
2487	0.18824784
2488	0.17167613
2489	0.15551363
2490	0.13982339
2491	0.12456673
2492	0.10987892
2493	0.09573240
2494	0.08208562
2495	0.06855103
2496	0.05511514
2497	0.04203413
2498	0.02914631
2499	0.01662244
2500	0.00462664
2501	-0.00636618
2502	-0.01612374
2503	-0.02482109
2504	-0.03255960
2505	-0.03962496
2506	-0.04593525
2507	-0.05153412
2508	-0.05636559
2509	-0.06018958
2510	-0.06289341
2511	-0.06433680
2512	-0.06438553
2513	-0.06319656
2514	-0.06088853
2515	-0.05713497
2516	-0.05218950
2517	-0.04614834
2518	-0.03912552
2519	-0.03109175
2520	-0.02217905
2521	-0.01211852
2522	-0.00140483
2523	0.01015584
2524	0.02254774
2525	0.03571773
2526	0.04949612
2527	0.06391042
2528	0.07880528
2529	0.09406430
2530	0.10995758
2531	0.12602460
2532	0.14259921
2533	0.15954299
2534	0.17676045
2535	0.19449209
2536	0.21241906
2537	0.23073497
2538	0.24951580
2539	0.26902452
2540	0.28874820
2541	0.30924749
2542	0.33074665
2543	0.35255125
2544	0.37421489
2545	0.39686742
2546	0.42004567
2547	0.44348073
2548	0.46730405
2549	0.49153951
2550	0.51604229
2551	0.54089433
2552	0.56594020
2553	0.59119195
2554	0.61662203
2555	0.64208531
2556	0.66768271
2557	0.69302696
2558	0.71813601
2559	0.74279082
2560	0.76692617
2561	0.79030347
2562	0.81258708
2563	0.83388382
2564	0.85328120
2565	0.87104678
2566	0.88685393
2567	0.90048254
2568	0.91185600
2569	0.92059195
2570	0.92688841
2571	0.93069470
2572	0.93227935
2573	0.93158150
2574	0.92885202
2575	0.92408437
2576	0.91739821
2577	0.90896618
2578	0.89877486
2579	0.88575971
2580	0.87130129
2581	0.85545743
2582	0.84031379
2583	0.82512850
2584	0.80548835
2585	0.78765368
2586	0.77034801
2587	0.75380689
2588	0.73791850
2589	0.72190988
2590	0.70486653
2591	0.68723667
2592	0.66946101
2593	0.65133768
2594	0.63258445
2595	0.61423713
2596	0.59569061
2597	0.57710510
2598	0.55859196
2599	0.54005438
2600	0.52160317
2601	0.50306094
2602	0.48465282
2603	0.46625587
2604	0.44796303
2605	0.42944336
2606	0.41114733
2607	0.39289606
2608	0.37460500
2609	0.35645348
2610	0.33836430
2611	0.32047936
2612	0.30271813
2613	0.28512514
2614	0.26771709
2615	0.25054047
2616	0.23347570
2617	0.21674955
2618	0.20007974
2619	0.18387389
2620	0.16801308
2621	0.15269904
2622	0.13789022
2623	0.12365519
2624	0.10999641
2625	0.09660625
2626	0.08335441
2627	0.07040209
2628	0.05743225
2629	0.04450899
2630	0.03174180
2631	0.01993947
2632	0.00901274
2633	-0.00097328
2634	-0.01023748
2635	-0.01887198
2636	-0.02689050
2637	-0.03424714
2638	-0.04079387
2639	-0.04640215
2640	-0.05093801
2641	-0.05428987
2642	-0.05632446
2643	-0.05709795
2644	-0.05657406
2645	-0.05507948
2646	-0.05218019
2647	-0.04812336
2648	-0.04312206
2649	-0.03690826
2650	-0.03008202
2651	-0.02237752
2652	-0.01383928
2653	-0.00453568
2654	0.00555831
2655	0.01644166
2656	0.02817915
2657	0.04067042
2658	0.05377804
2659	0.06739025
2660	0.08134560
2661	0.09577790
2662	0.11037086
2663	0.12545677
2664	0.14082141
2665	0.15650754
2666	0.17268552
2667	0.18890758
2668	0.20539872
2669	0.22218058
2670	0.23931374
2671	0.25683531
2672	0.27478263
2673	0.29324606
2674	0.31255361
2675	0.33161113
2676	0.35155857
2677	0.37245950
2678	0.39319408
2679	0.41491011
2680	0.43724963
2681	0.45980167
2682	0.48283544
2683	0.50608182
2684	0.52967834
2685	0.55304158
2686	0.57675737
2687	0.60064769
2688	0.62460309
2689	0.64856654
2690	0.67262590
2691	0.69638902
2692	0.71999639
2693	0.74303746
2694	0.76552999
2695	0.78723663
2696	0.80788970
2697	0.82742494
2698	0.84515280
2699	0.86133128
2700	0.87555015
2701	0.88769639
2702	0.89744323
2703	0.90495121
2704	0.90998900
2705	0.91247773
2706	0.91267699
2707	0.91065031
2708	0.90645456
2709	0.90027708
2710	0.89221984
2711	0.88242626
2712	0.87063307
2713	0.85609442
2714	0.84099597
2715	0.82492799
2716	0.81093556
2717	0.79117733
2718	0.77232111
2719	0.75446492
2720	0.73737198
2721	0.72117954
2722	0.70528942
2723	0.68857270
2724	0.67122591
2725	0.65337336
2726	0.63497108
2727	0.61698675
2728	0.59858692
2729	0.57992148
2730	0.56143910
2731	0.54298258
2732	0.52443010
2733	0.50591248
2734	0.48744857
2735	0.46874422
2736	0.45025340
2737	0.43187666
2738	0.41327828
2739	0.39512148
2740	0.37680393
2741	0.35853082
2742	0.34017831
2743	0.32207462
2744	0.30412900
2745	0.28638193
2746	0.26886109
2747	0.25138873
2748	0.23405543
2749	0.21695870
2750	0.20007606
2751	0.18322103
2752	0.16684930
2753	0.15084487
2754	0.13528265
2755	0.12029239
2756	0.10597232
2757	0.09228604
2758	0.07888307
2759	0.06569006
2760	0.05284665
2761	0.04001363
2762	0.02730466
2763	0.01465003
2764	0.00289802
2765	-0.00800621
2766	-0.01810090
2767	-0.02751935
2768	-0.03631979
2769	-0.04444740
2770	-0.05184531
2771	-0.05818090
2772	-0.06341162
2773	-0.06732475
2774	-0.06983712
2775	-0.07096931
2776	-0.07067448
2777	-0.06913698
2778	-0.06655596
2779	-0.06261137
2780	-0.05756338
2781	-0.05123054
2782	-0.04417376
2783	-0.03605819
2784	-0.02702840
2785	-0.01709576
2786	-0.00632437
2787	0.00525837
2788	0.01750547
2789	0.03046107
2790	0.04380403
2791	0.05761325
2792	0.07166202
2793	0.08609682
2794	0.10094275
2795	0.11631651
2796	0.13179144
2797	0.14757884
2798	0.16359088
2799	0.17971523
2800	0.19632730
2801	0.21357112
2802	0.23111743
2803	0.24918146
2804	0.26781732
2805	0.28722119
2806	0.30685258
2807	0.32729176
2808	0.34832686
2809	0.36943057
2810	0.39138141
2811	0.41388446
2812	0.43692935
2813	0.46009627
2814	0.48437694
2815	0.50910765
2816	0.53345990
2817	0.55837190
2818	0.58340478
2819	0.60850388
2820	0.63345581
2821	0.65903097
2822	0.68415767
2823	0.70893854
2824	0.73329055
2825	0.75718236
2826	0.78003573
2827	0.80187035
2828	0.82238239
2829	0.84134883
2830	0.85842961
2831	0.87343651
2832	0.88616610
2833	0.89635992
2834	0.90415633
2835	0.90925586
2836	0.91185790
2837	0.91198730
2838	0.90960377
2839	0.90496767
2840	0.89821452
2841	0.88892585
2842	0.87608141
2843	0.86167556
2844	0.84498292
2845	0.83156240
2846	0.81184298
2847	0.79203212
2848	0.77441347
2849	0.75720710
2850	0.74114048
2851	0.72555655
2852	0.70926112
2853	0.69205344
2854	0.67475563
2855	0.65657747
2856	0.63885611
2857	0.62049282
2858	0.60193592
2859	0.58352381
2860	0.56507564
2861	0.54635137
2862	0.52780700
2863	0.50931996
2864	0.49055186
2865	0.47214621
2866	0.45368814
2867	0.43507224
2868	0.41660810
2869	0.39828023
2870	0.37999779
2871	0.36191180
2872	0.34388918
2873	0.32599476
2874	0.30817011
2875	0.29051310
2876	0.27309588
2877	0.25584692
2878	0.23883520
2879	0.22201674
2880	0.20543249
2881	0.18898913
2882	0.17299776
2883	0.15735433
2884	0.14225318
2885	0.12772468
2886	0.11382852
2887	0.10035377
2888	0.08706819
2889	0.07416365
2890	0.06123820
2891	0.04836140
2892	0.03548878
2893	0.02333476
2894	0.01223673
2895	0.00210819
2896	-0.00716219
2897	-0.01568060
2898	-0.02364597
2899	-0.03093785
2900	-0.03750599
2901	-0.04315123
2902	-0.04774304
2903	-0.05116687
2904	-0.05330656
2905	-0.05413757
2906	-0.05373459
2907	-0.05207422
2908	-0.04943029
2909	-0.04541886
2910	-0.04035525
2911	-0.03422901
2912	-0.02689172
2913	-0.01884919
2914	-0.00985401
2915	0.00014525
2916	0.01103795
2917	0.02280341
2918	0.03530004
2919	0.04844828
2920	0.06216821
2921	0.07631362
2922	0.09080880
2923	0.10555211
2924	0.12050374
2925	0.13612834
2926	0.15186268
2927	0.16785754
2928	0.18416172
2929	0.20078650
2930	0.21764034
2931	0.23516154
2932	0.25298989
2933	0.27145663
2934	0.29022405
2935	0.30959010
2936	0.32948989
2937	0.34986058
2938	0.37088743
2939	0.39248627
2940	0.41448298
2941	0.43707895
2942	0.46021432
2943	0.48375082
2944	0.50770074
2945	0.53198904
2946	0.55668652
2947	0.58161348
2948	0.60683626
2949	0.63218600
2950	0.65795904
2951	0.68365937
2952	0.70917439
2953	0.73468989
2954	0.75960064
2955	0.78408813
2956	0.80780405
2957	0.83050603
2958	0.85188484
2959	0.87177169
2960	0.88996172
2961	0.90600699
2962	0.91982150
2963	0.93118036
2964	0.93999147
2965	0.94650555
2966	0.95043671
2967	0.95202035
2968	0.95137274
2969	0.94846207
2970	0.94346267
2971	0.93601704
2972	0.92502904
2973	0.91177565
2974	0.89563727
2975	0.88167012
2976	0.86418450
2977	0.84344655
2978	0.82570481
2979	0.80854326
2980	0.79220688
2981	0.77656341
2982	0.76018482
2983	0.74281138
2984	0.72523177
2985	0.70734811
2986	0.68960291
2987	0.67119950
2988	0.65282178
2989	0.63422185
2990	0.61550492
2991	0.59703624
2992	0.57858574
2993	0.56013530
2994	0.54149514
2995	0.52327651
2996	0.50486642
2997	0.48689514
2998	0.46822396
2999	0.44992781
3000	0.43166369
3001	0.41362754
3002	0.39561346
3003	0.37761784
3004	0.35990435
3005	0.34250137
3006	0.32515410
3007	0.30795056
3008	0.29098055
3009	0.27424541
3010	0.25777605
3011	0.24142011
3012	0.22555202
3013	0.21014646
3014	0.19526741
3015	0.18094955
3016	0.16716120
3017	0.15359417
3018	0.14008300
3019	0.12687223
3020	0.11371037
3021	0.10082725
3022	0.08838458
3023	0.07691117
3024	0.06634769
3025	0.05659230
3026	0.04744314
3027	0.03894445
3028	0.03093535
3029	0.02347956
3030	0.01679414
3031	0.01105327
3032	0.00636827
3033	0.00293347
3034	0.00081352
3035	-0.00014228
3036	-0.00002268
3037	0.00148898
3038	0.00422046
3039	0.00811400
3040	0.01307885
3041	0.01904320
3042	0.02616371
3043	0.03403191
3044	0.04283115
3045	0.05247600
3046	0.06293942
3047	0.07425286
3048	0.08642912
3049	0.09932540
3050	0.11282401
3051	0.12688930
3052	0.14123127
3053	0.15590099
3054	0.17080633
3055	0.18618491
3056	0.20204000
3057	0.21798702
3058	0.23424309
3059	0.25080588
3060	0.26772210
3061	0.28505546
3062	0.30280837
3063	0.32131696
3064	0.33999184
3065	0.35940468
3066	0.37941256
3067	0.39991257
3068	0.42119503
3069	0.44323403
3070	0.46525571
3071	0.48793390
3072	0.51145405
3073	0.53550059
3074	0.56000733
3075	0.58495617
3076	0.61023319
3077	0.63569415
3078	0.66132182
3079	0.68687510
3080	0.71300280
3081	0.73790538
3082	0.76319122
3083	0.78820753
3084	0.81271267
3085	0.83655816
3086	0.85951310
3087	0.88148493
3088	0.90217870
3089	0.92145360
3090	0.93900257
3091	0.95456350
3092	0.96798790
3093	0.97915745
3094	0.98771429
3095	0.99373257
3096	0.99737144
3097	0.99854100
3098	0.99743390
3099	0.99414831
3100	0.98873138
3101	0.98135871
3102	0.97215152
3103	0.96139437
3104	0.94916260
3105	0.93576539
3106	0.92067856
3107	0.90588653
3108	0.89032513
3109	0.87693328
3110	0.85801375
3111	0.83913720
3112	0.82122946
3113	0.80431104
3114	0.78793246
3115	0.77125603
3116	0.75395250
3117	0.73638368
3118	0.71862650
3119	0.70108461
3120	0.68236977
3121	0.66393352
3122	0.64483178
3123	0.62649101
3124	0.60792160
3125	0.58926934
3126	0.57070327
3127	0.55218452
3128	0.53369945
3129	0.51529652
3130	0.49691918
3131	0.47854993
3132	0.46021178
3133	0.44198725
3134	0.42350078
3135	0.40530568
3136	0.38722765
3137	0.36934048
3138	0.35157800
3139	0.33405086
3140	0.31663740
3141	0.29946673
3142	0.28253368
3143	0.26583463
3144	0.24935517
3145	0.23315978
3146	0.21756752
3147	0.20240498
3148	0.18769325
3149	0.17339669
3150	0.15946200
3151	0.14570425
3152	0.13211134
3153	0.11872638
3154	0.10544401
3155	0.09253113
3156	0.07992276
3157	0.06819431
3158	0.05764947
3159	0.04814040
3160	0.03963233
3161	0.03184709
3162	0.02471121
3163	0.01829827
3164	0.01259103
3165	0.00775336
3166	0.00391002
3167	0.00121904
3168	-0.00017497
3169	-0.00019783
3170	0.00109915
3171	0.00359969
3172	0.00702553
3173	0.01174043
3174	0.01738040
3175	0.02395676
3176	0.03136213
3177	0.03986536
3178	0.04901913
3179	0.05894639
3180	0.06969017
3181	0.08117799
3182	0.09340018
3183	0.10630608
3184	0.11974205
3185	0.13344005
3186	0.14753442
3187	0.16202712
3188	0.17706606
3189	0.19215214
3190	0.20753777
3191	0.22320902
3192	0.23906702
3193	0.25528359
3194	0.27184117
3195	0.28878832
3196	0.30636245
3197	0.32400367
3198	0.34237236
3199	0.36162496
3200	0.38060549
3201	0.40093875
3202	0.42143491
3203	0.44192237
3204	0.46351621
3205	0.48564568
3206	0.50821996
3207	0.53120548
3208	0.55442679
3209	0.57794142
3210	0.60165447
3211	0.62548059
3212	0.64941275
3213	0.67349422
3214	0.69766814
3215	0.72146362
3216	0.74512488
3217	0.76850194
3218	0.79132366
3219	0.81363720
3220	0.83465987
3221	0.85466945
3222	0.87337017
3223	0.89051020
3224	0.90572238
3225	0.91886228
3226	0.92975509
3227	0.93821794
3228	0.94430161
3229	0.94791418
3230	0.94911873
3231	0.94791698
3232	0.94445878
3233	0.93895596
3234	0.93145317
3235	0.92209977
3236	0.90990031
3237	0.89550525
3238	0.87986457
3239	0.86394900
3240	0.84898096
3241	0.82906419
3242	0.81074351
3243	0.79318416
3244	0.77632648
3245	0.76009744
3246	0.74420863
3247	0.72749096
3248	0.71019840
3249	0.69295508
3250	0.67461884
3251	0.65644538
3252	0.63810503
3253	0.61935955
3254	0.60084748
3255	0.58214229
3256	0.56368655
3257	0.54533714
3258	0.52686411
3259	0.50833440
3260	0.48988399
3261	0.47133470
3262	0.45287967
3263	0.43450969
3264	0.41620332
3265	0.39790022
3266	0.37965414
3267	0.36142740
3268	0.34315544
3269	0.32520959
3270	0.30760568
3271	0.28999496
3272	0.27259809
3273	0.25536308
3274	0.23833731
3275	0.22152770
3276	0.20513839
3277	0.18907063
3278	0.17352779
3279	0.15843782
3280	0.14406691
3281	0.13027218
3282	0.11688226
3283	0.10353578
3284	0.09031957
3285	0.07706159
3286	0.06397273
3287	0.05121373
3288	0.03924477
3289	0.02844333
3290	0.01871409
3291	0.01003386
3292	0.00223259
3293	-0.00483657
3294	-0.01110705
3295	-0.01654331
3296	-0.02094687
3297	-0.02427233
3298	-0.02628797
3299	-0.02695248
3300	-0.02638948
3301	-0.02465705
3302	-0.02145080
3303	-0.01702361
3304	-0.01154555
3305	-0.00503062
3306	0.00236699
3307	0.01085575
3308	0.01994747
3309	0.02988290
3310	0.04062960
3311	0.05219243
3312	0.06458063
3313	0.07768239
3314	0.09141977
3315	0.10573146
3316	0.12040512
3317	0.13511467
3318	0.15045135
3319	0.16625862
3320	0.18208109
3321	0.19824043
3322	0.21468529
3323	0.23141663
3324	0.24859430
3325	0.26620498
3326	0.28443211
3327	0.30287072
3328	0.32195911
3329	0.34191784
3330	0.36171001
3331	0.38230348
3332	0.40359578
3333	0.42476338
3334	0.44675878
3335	0.46938628
3336	0.49245581
3337	0.51594120
3338	0.53972000
3339	0.56377649
3340	0.58800596
3341	0.61234981
3342	0.63672280
3343	0.66125125
3344	0.68529510
3345	0.71044660
3346	0.73402905
3347	0.75778317
3348	0.78088295
3349	0.80323869
3350	0.82462305
3351	0.84473222
3352	0.86336857
3353	0.88036871
3354	0.89544809
3355	0.90845174
3356	0.91922653
3357	0.92766666
3358	0.93383503
3359	0.93755716
3360	0.93887490
3361	0.93808699
3362	0.93524414
3363	0.93048733
3364	0.92392910
3365	0.91571301
3366	0.90592468
3367	0.89478034
3368	0.88091105
3369	0.86647290
3370	0.85055923
3371	0.83682775
3372	0.81958544
3373	0.79947007
3374	0.78144526
3375	0.76395667
3376	0.74761933
3377	0.73168868
3378	0.71521038
3379	0.69793308
3380	0.68024117
3381	0.66230661
3382	0.64422566
3383	0.62564743
3384	0.60694814
3385	0.58852303
3386	0.56993014
3387	0.55150998
3388	0.53289872
3389	0.51445240
3390	0.49605992
3391	0.47768983
3392	0.45914343
3393	0.44075963
3394	0.42221159
3395	0.40380922
3396	0.38552389
3397	0.36732367
3398	0.34921202
3399	0.33098793
3400	0.31305489
3401	0.29543123
3402	0.27788591
3403	0.26053801
3404	0.24337800
3405	0.22652665
3406	0.20967895
3407	0.19324261
3408	0.17717947
3409	0.16148572
3410	0.14626007
3411	0.13159898
3412	0.11746990
3413	0.10350396
3414	0.08959695
3415	0.07597218
3416	0.06239319
3417	0.04913300
3418	0.03601574
3419	0.02378975
3420	0.01273612
3421	0.00255522
3422	-0.00670304
3423	-0.01524821
3424	-0.02317452
3425	-0.03043898
3426	-0.03686681
3427	-0.04239984
3428	-0.04681334
3429	-0.05004951
3430	-0.05192836
3431	-0.05259727
3432	-0.05195758
3433	-0.05029351
3434	-0.04726480
3435	-0.04311409
3436	-0.03799930
3437	-0.03201087
3438	-0.02493579
3439	-0.01718239
3440	-0.00862830
3441	0.00071904
3442	0.01097629
3443	0.02191101
3444	0.03362776
3445	0.04604835
3446	0.05901021
3447	0.07237440
3448	0.08609561
3449	0.09982138
3450	0.11405458
3451	0.12849359
3452	0.14349529
3453	0.15864049
3454	0.17417097
3455	0.19010673
3456	0.20642914
3457	0.22323531
3458	0.24050999
3459	0.25845772
3460	0.27665573
3461	0.29558259
3462	0.31552503
3463	0.33536381
3464	0.35621423
3465	0.37788513
3466	0.39954773
3467	0.42212570
3468	0.44510800
3469	0.46860427
3470	0.49263015
3471	0.51686341
3472	0.54124933
3473	0.56599563
3474	0.59093976
3475	0.61606073
3476	0.64126980
3477	0.66656590
3478	0.69175637
3479	0.71655172
3480	0.74081331
3481	0.76457971
3482	0.78737450
3483	0.80904174
3484	0.82909477
3485	0.84739780
3486	0.86367100
3487	0.87770408
3488	0.88928747
3489	0.89837033
3490	0.90483695
3491	0.90878904
3492	0.91030717
3493	0.90938777
3494	0.90616274
3495	0.90076166
3496	0.89347702
3497	0.88444275
3498	0.87392300
3499	0.86198306
3500	0.84792656
3501	0.83277142
3502	0.81642294
3503	0.80253756
3504	0.78449333
3505	0.76470846
3506	0.74649227
3507	0.72860211
3508	0.71219039
3509	0.69639522
3510	0.68004155
3511	0.66285712
3512	0.64527869
3513	0.62688845
3514	0.60917437
3515	0.59098852
3516	0.57260406
3517	0.55402201
3518	0.53530973
3519	0.51678354
3520	0.49829251
3521	0.47975048
3522	0.46127272
3523	0.44278336
3524	0.42423320
3525	0.40585026
3526	0.38725325
3527	0.36883885
3528	0.35052976
3529	0.33230811
3530	0.31417933
3531	0.29645944
3532	0.27843541
3533	0.26071340
3534	0.24321519
3535	0.22589134
3536	0.20884274
3537	0.19185089
3538	0.17521667
3539	0.15891686
3540	0.14296623
3541	0.12749524
3542	0.11249061
3543	0.09806813
3544	0.08412628
3545	0.07056496
3546	0.05718504
3547	0.04421267
3548	0.03164632
3549	0.01935017
3550	0.00714287
3551	-0.00443597
3552	-0.01502138
3553	-0.02453409
3554	-0.03294261
3555	-0.04040445
3556	-0.04696218
3557	-0.05275486
3558	-0.05780127
3559	-0.06189824
3560	-0.06502856
3561	-0.06707394
3562	-0.06795765
3563	-0.06762210
3564	-0.06617928
3565	-0.06382081
3566	-0.06005801
3567	-0.05526622
3568	-0.04945112
3569	-0.04272525
3570	-0.03500685
3571	-0.02610234
3572	-0.01643624
3573	-0.00585099
3574	0.00575781
3575	0.01826173
3576	0.03157800
3577	0.04562725
3578	0.06028017
3579	0.07525117
3580	0.09080902
3581	0.10671227
3582	0.12290686
3583	0.13935766
3584	0.15605983
3585	0.17298386
3586	0.19018535
3587	0.20769456
3588	0.22550103
3589	0.24395189
3590	0.26247561
3591	0.28170425
3592	0.30147845
3593	0.32221484
3594	0.34275368
3595	0.36432496
3596	0.38604325
3597	0.40830737
3598	0.43114710
3599	0.45444396
3600	0.47807181
3601	0.50182122
3602	0.52586406
3603	0.54984981
3604	0.57415527
3605	0.59854841
3606	0.62299329
3607	0.64738292
3608	0.67168182
3609	0.69612157
3610	0.71988648
3611	0.74315172
3612	0.76569390
3613	0.78733605
3614	0.80785513
3615	0.82678282
3616	0.84404409
3617	0.85939962
3618	0.87245899
3619	0.88318360
3620	0.89139742
3621	0.89719242
3622	0.90048110
3623	0.90139335
3624	0.90010130
3625	0.89666122
3626	0.89129478
3627	0.88402361
3628	0.87501872
3629	0.86425656
3630	0.85104728
3631	0.83646429
3632	0.82117343
3633	0.80568331
3634	0.79010737
3635	0.77065516
3636	0.75245047
3637	0.73517346
3638	0.71830183
3639	0.70199633
3640	0.68567008
3641	0.66860253
3642	0.65106899
3643	0.63289189
3644	0.61486840
3645	0.59640354
3646	0.57804328
3647	0.55964142
3648	0.54104453
3649	0.52246433
3650	0.50385928
3651	0.48525339
3652	0.46666729
3653	0.44791523
3654	0.42967486
3655	0.41117716
3656	0.39296687
3657	0.37467489
3658	0.35638365
3659	0.33797821
3660	0.31998456
3661	0.30200386
3662	0.28440973
3663	0.26684764
3664	0.24942088
3665	0.23224147
3666	0.21522190
3667	0.19848588
3668	0.18182702
3669	0.16574800
3670	0.14998411
3671	0.13469973
3672	0.12000869
3673	0.10587218
3674	0.09228245
3675	0.07883927
3676	0.06546631
3677	0.05228963
3678	0.03907189
3679	0.02595626
3680	0.01311075
3681	0.00105801
3682	-0.00988910
3683	-0.01981691
3684	-0.02881960
3685	-0.03707175
3686	-0.04455575
3687	-0.05136735
3688	-0.05725872
3689	-0.06212790
3690	-0.06584451
3691	-0.06823837
3692	-0.06915519
3693	-0.06903725
3694	-0.06724115
3695	-0.06401882
3696	-0.05941857
3697	-0.05361599
3698	-0.04671746
3699	-0.03877287
3700	-0.02986688
3701	-0.02007356
3702	-0.00947329
3703	0.00212139
3704	0.01426634
3705	0.02693546
3706	0.04032975
3707	0.05425949
3708	0.06858758
3709	0.08326729
3710	0.09820147
3711	0.11363830
3712	0.12958050
3713	0.14574550
3714	0.16218475
3715	0.17887866
3716	0.19611946
3717	0.21315011
3718	0.23081245
3719	0.24895099
3720	0.26774305
3721	0.28671622
3722	0.30661342
3723	0.32715163
3724	0.34772441
3725	0.36928362
3726	0.39080143
3727	0.41315302
3728	0.43581840
3729	0.45910415
3730	0.48304388
3731	0.50736362
3732	0.53214371
3733	0.55727214
3734	0.58246267
3735	0.60786206
3736	0.63331497
3737	0.65874237
3738	0.68430382
3739	0.70961761
3740	0.73387706
3741	0.75789613
3742	0.78101277
3743	0.80309439
3744	0.82379252
3745	0.84297490
3746	0.86053777
3747	0.87617648
3748	0.88971990
3749	0.90102869
3750	0.90989685
3751	0.91645366
3752	0.92051870
3753	0.92225677
3754	0.92162728
3755	0.91874039
3756	0.91377914
3757	0.90696365
3758	0.89849883
3759	0.88839114
3760	0.87573385
3761	0.86151493
3762	0.84579480
3763	0.83219022
3764	0.81547970
3765	0.79517454
3766	0.77728260
3767	0.75968730
3768	0.74329042
3769	0.72717494
3770	0.71057433
3771	0.69311589
3772	0.67538315
3773	0.65737146
3774	0.63899201
3775	0.62065476
3776	0.60240638
3777	0.58390331
3778	0.56528646
3779	0.54675603
3780	0.52831477
3781	0.50992382
3782	0.49153954
3783	0.47314647
3784	0.45482659
3785	0.43624049
3786	0.41776261
3787	0.39948592
3788	0.38120633
3789	0.36306134
3790	0.34499371
3791	0.32703894
3792	0.30922726
3793	0.29156974
3794	0.27416894
3795	0.25695661
3796	0.24001849
3797	0.22338656
3798	0.20699303
3799	0.19107419
3800	0.17566456
3801	0.16077904
3802	0.14654292
3803	0.13276289
3804	0.11907911
3805	0.10551868
3806	0.09174342
3807	0.07795575
3808	0.06417729
3809	0.05080359
3810	0.03840401
3811	0.02696671
3812	0.01653024
3813	0.00690651
3814	-0.00207189
3815	-0.01046691
3816	-0.01820838
3817	-0.02509574
3818	-0.03099220
3819	-0.03567699
3820	-0.03904470
3821	-0.04111865
3822	-0.04211142
3823	-0.04151471
3824	-0.03961989
3825	-0.03648286
3826	-0.03215563
3827	-0.02678839
3828	-0.02028203
3829	-0.01305028
3830	-0.00485845
3831	0.00410542
3832	0.01388132
3833	0.02427051
3834	0.03538448
3835	0.04717461
3836	0.05954653
3837	0.07247586
3838	0.08591417
3839	0.09915098
3840	0.11337267
3841	0.12784854
3842	0.14306952
3843	0.15786986
3844	0.17306131
3845	0.18834402
3846	0.20426494
3847	0.22031079
3848	0.23675752
3849	0.25355464
3850	0.27083701
3851	0.28874016
3852	0.30701602
3853	0.32592529
3854	0.34475011
3855	0.36437777
3856	0.38446736
3857	0.40519544
3858	0.42651379
3859	0.44834477
3860	0.47049254
3861	0.49310538
3862	0.51604223
3863	0.53914553
3864	0.56247705
3865	0.58601767
3866	0.60969758
3867	0.63355345
3868	0.65757483
3869	0.68130398
3870	0.70521015
3871	0.72835839
3872	0.75119412
3873	0.77324283
3874	0.79441106
3875	0.81446439
3876	0.83300692
3877	0.84995234
3878	0.86504751
3879	0.87816870
3880	0.88911599
3881	0.89773095
3882	0.90413368
3883	0.90826416
3884	0.91004723
3885	0.90973824
3886	0.90724605
3887	0.90269893
3888	0.89627451
3889	0.88795722
3890	0.87792242
3891	0.86489075
3892	0.85043669
3893	0.83449775
3894	0.81977266
3895	0.80378610
3896	0.78394157
3897	0.76611948
3898	0.74856049
3899	0.73182744
3900	0.71588326
3901	0.69964510
3902	0.68257469
3903	0.66494769
3904	0.64699215
3905	0.62899107
3906	0.61051673
3907	0.59222943
3908	0.57376355
3909	0.55522501
3910	0.53658009
3911	0.51815575
3912	0.49965242
3913	0.48107865
3914	0.46264321
3915	0.44418854
3916	0.42569035
3917	0.40724814
3918	0.38877493
3919	0.37029630
3920	0.35203609
3921	0.33388460
3922	0.31580499
3923	0.29795578
3924	0.28017014
3925	0.26267815
3926	0.24525347
3927	0.22809380
3928	0.21124388
3929	0.19466023
3930	0.17823943
3931	0.16226368
3932	0.14669043
3933	0.13162728
3934	0.11705392
3935	0.10275570
3936	0.08847158
3937	0.07406626
3938	0.05929482
3939	0.04457994
3940	0.03001078
3941	0.01589750
3942	0.00294114
3943	-0.00902892
3944	-0.01997999
3945	-0.03038147
3946	-0.04025975
3947	-0.04959476
3948	-0.05835718
3949	-0.06626166
3950	-0.07306826
3951	-0.07875327
3952	-0.08303163
3953	-0.08574630
3954	-0.08715460
3955	-0.08716772
3956	-0.08558027
3957	-0.08261543
3958	-0.07842503
3959	-0.07318632
3960	-0.06699141
3961	-0.05991435
3962	-0.05178427
3963	-0.04308220
3964	-0.03363850
3965	-0.02345589
3966	-0.01260853
3967	-0.00106906
3968	0.01112097
3969	0.02392290
3970	0.03723442
3971	0.05080975
3972	0.06494690
3973	0.07934479
3974	0.09419495
3975	0.10924105
3976	0.12459826
3977	0.14017633
3978	0.15589155
3979	0.17207947
3980	0.18868656
3981	0.20589444
3982	0.22344950
3983	0.24174979
3984	0.26025987
3985	0.27989009
3986	0.29942390
3987	0.31996405
3988	0.34111911
3989	0.36263499
3990	0.38484094
3991	0.40745428
3992	0.43025455
3993	0.45353490
3994	0.47713736
3995	0.50101769
3996	0.52477980
3997	0.54910958
3998	0.57362586
3999	0.59833890
4000	0.62298793
4001	0.64781731
4002	0.67226517
4003	0.69624341
4004	0.71962416
4005	0.74232680
4006	0.76393503
4007	0.78432798
4008	0.80325329
4009	0.82039952
4010	0.83557612
4011	0.84860712
4012	0.85928255
4013	0.86764473
4014	0.87345272
4015	0.87677461
4016	0.87791109
4017	0.87692720
4018	0.87380540
4019	0.86884063
4020	0.86198175
4021	0.85349685
4022	0.84329009
4023	0.83044571
4024	0.81648195
4025	0.80056775
4026	0.78688818
4027	0.76951623
4028	0.74937540
4029	0.73140842
4030	0.71395504
4031	0.69769210
4032	0.68227625
4033	0.66587436
4034	0.64877605
4035	0.63110530
4036	0.61293870
4037	0.59489232
4038	0.57654786
4039	0.55818516
4040	0.53969139
4041	0.52104521
4042	0.50244534
4043	0.48423153
4044	0.46535268
4045	0.44677895
4046	0.42826921
4047	0.40992153
4048	0.39135677
4049	0.37288871
4050	0.35445550
4051	0.33610228
4052	0.31783569
4053	0.29969341
4054	0.28174654
4055	0.26396537
4056	0.24642038
4057	0.22891824
4058	0.21158475
4059	0.19441056
4060	0.17753471
4061	0.16089882
4062	0.14452642
4063	0.12841928
4064	0.11285454
4065	0.09772419
4066	0.08307641
4067	0.06869450
4068	0.05453813
4069	0.04056054
4070	0.02667303
4071	0.01292188
4072	-0.00059913
4073	-0.01383905
4074	-0.02564021
4075	-0.03654459
4076	-0.04665176
4077	-0.05628206
4078	-0.06555867
4079	-0.07430206
4080	-0.08230735
4081	-0.08936398
4082	-0.09518559
4083	-0.09968446
4084	-0.10279942
4085	-0.10451022
4086	-0.10477084
4087	-0.10372482
4088	-0.10138906
4089	-0.09809324
4090	-0.09356295
4091	-0.08802454
4092	-0.08152140
4093	-0.07408384
4094	-0.06576066
4095	-0.05625474
4096	-0.04606390
4097	-0.03487277
4098	-0.02283366
4099	-0.01009591
4100	0.00345756
4101	0.01743098
4102	0.03190272
4103	0.04649857
4104	0.06142348
4105	0.07677276
4106	0.09248815
4107	0.10830021
4108	0.12430228
4109	0.14056088
4110	0.15703668
4111	0.17384726
4112	0.19099964
4113	0.20893253
4114	0.22688623
4115	0.24569200
4116	0.26500964
4117	0.28495684
4118	0.30548757
4119	0.32714102
4120	0.34867087
4121	0.37103784
4122	0.39390501
4123	0.41719836
4124	0.44084013
4125	0.46498957
4126	0.48927093
4127	0.51385933
4128	0.53866625
4129	0.56375384
4130	0.58890396
4131	0.61423141
4132	0.63954878
4133	0.66459090
4134	0.68933886
4135	0.71334696
4136	0.73677433
4137	0.75915569
4138	0.78041619
4139	0.80029404
4140	0.81852078
4141	0.83491451
4142	0.84922022
4143	0.86120015
4144	0.87082964
4145	0.87786758
4146	0.88248211
4147	0.88478637
4148	0.88505793
4149	0.88304937
4150	0.87925839
4151	0.87355494
4152	0.86620158
4153	0.85688108
4154	0.84440076
4155	0.83084863
4156	0.81525064
4157	0.80099773
4158	0.78394026
4159	0.76379865
4160	0.74594474
4161	0.72910976
4162	0.71295178
4163	0.69732958
4164	0.68102008
4165	0.66387331
4166	0.64628589
4167	0.62838620
4168	0.61008835
4169	0.59184152
4170	0.57344073
4171	0.55490845
4172	0.53645462
4173	0.51769358
4174	0.49925619
4175	0.48080438
4176	0.46238390
4177	0.44390243
4178	0.42542127
4179	0.40694526
4180	0.38873333
4181	0.37047437
4182	0.35222450
4183	0.33397231
4184	0.31579956
4185	0.29778403
4186	0.27988711
4187	0.26252130
4188	0.24481167
4189	0.22737662
4190	0.21019885
4191	0.19316143
4192	0.17630354
4193	0.15963152
4194	0.14331827
4195	0.12732379
4196	0.11177881
4197	0.09667047
4198	0.08213194
4199	0.06809493
4200	0.05436453
4201	0.04084554
4202	0.02774535
4203	0.01464986
4204	0.00177642
4205	-0.01075436
4206	-0.02219603
4207	-0.03275383
4208	-0.04264213
4209	-0.05201782
4210	-0.06081299
4211	-0.06910299
4212	-0.07670947
4213	-0.08343513
4214	-0.08908705
4215	-0.09353768
4216	-0.09673602
4217	-0.09864515
4218	-0.09933146
4219	-0.09880813
4220	-0.09734692
4221	-0.09442957
4222	-0.09041747
4223	-0.08536857
4224	-0.07924199
4225	-0.07187949
4226	-0.06386504
4227	-0.05478227
4228	-0.04490944
4229	-0.03419388
4230	-0.02272421
4231	-0.01047126
4232	0.00237904
4233	0.01571582
4234	0.02952433
4235	0.04346155
4236	0.05775261
4237	0.07247139
4238	0.08751012
4239	0.10292511
4240	0.11837190
4241	0.13396816
4242	0.14974871
4243	0.16576380
4244	0.18213615
4245	0.19897074
4246	0.21656512
4247	0.23423700
4248	0.25277448
4249	0.27238771
4250	0.29178196
4251	0.31224746
4252	0.33361408
4253	0.35490298
4254	0.37720948
4255	0.39982507
4256	0.42298058
4257	0.44665992
4258	0.47051913
4259	0.49523333
4260	0.52026713
4261	0.54491639
4262	0.57021546
4263	0.59575725
4264	0.62142473
4265	0.64695466
4266	0.67259192
4267	0.69770879
4268	0.72205776
4269	0.74580014
4270	0.76858336
4271	0.79018867
4272	0.81019831
4273	0.82849658
4274	0.84485978
4275	0.85891986
4276	0.87042564
4277	0.87936783
4278	0.88552749
4279	0.88907647
4280	0.89018565
4281	0.88895845
4282	0.88569105
4283	0.88040406
4284	0.87345999
4285	0.86499035
4286	0.85491502
4287	0.84217352
4288	0.82866418
4289	0.81287551
4290	0.79936832
4291	0.78038955
4292	0.76046801
4293	0.74273014
4294	0.72602862
4295	0.70997655
4296	0.69463378
4297	0.67760110
4298	0.66014671
4299	0.64246559
4300	0.62436384
4301	0.60630524
4302	0.58786899
4303	0.56938875
4304	0.55094886
4305	0.53222007
4306	0.51372373
4307	0.49527627
4308	0.47690591
4309	0.45824784
4310	0.43981370
4311	0.42133635
4312	0.40294671
4313	0.38469484
4314	0.36641309
4315	0.34814298
4316	0.32980192
4317	0.31169939
4318	0.29377896
4319	0.27608818
4320	0.25869650
4321	0.24132141
4322	0.22410871
4323	0.20708534
4324	0.19027925
4325	0.17367066
4326	0.15726313
4327	0.14129157
4328	0.12578484
4329	0.11075778
4330	0.09637836
4331	0.08255649
4332	0.06903236
4333	0.05579280
4334	0.04286594
4335	0.02995441
4336	0.01705851
4337	0.00436616
4338	-0.00754273
4339	-0.01844353
4340	-0.02840202
4341	-0.03765606
4342	-0.04624334
4343	-0.05422192
4344	-0.06157895
4345	-0.06820813
4346	-0.07392032
4347	-0.07862028
4348	-0.08208767
4349	-0.08430079
4350	-0.08521929
4351	-0.08480535
4352	-0.08339167
4353	-0.08050521
4354	-0.07655565
4355	-0.07152986
4356	-0.06533311
4357	-0.05844134
4358	-0.05062984
4359	-0.04198469
4360	-0.03243886
4361	-0.02201386
4362	-0.01079033
4363	0.00130711
4364	0.01412688
4365	0.02753171
4366	0.04141266
4367	0.05571445
4368	0.07004940
4369	0.08497664
4370	0.10012701
4371	0.11555832
4372	0.13122854
4373	0.14738755
4374	0.16360636
4375	0.18023215
4376	0.19713050
4377	0.21446647
4378	0.23221436
4379	0.25062343
4380	0.26911098
4381	0.28872508
4382	0.30801600
4383	0.32816464
4384	0.34917313
4385	0.37000158
4386	0.39164981
4387	0.41415793
4388	0.43677765
4389	0.45999312
4390	0.48378983
4391	0.50777936
4392	0.53191209
4393	0.55619925
4394	0.58065647
4395	0.60524786
4396	0.62973869
4397	0.65446895
4398	0.67863023
4399	0.70247591
4400	0.72556740
4401	0.74805665
4402	0.76968181
4403	0.79003054
4404	0.80906212
4405	0.82651901
4406	0.84216976
4407	0.85581177
4408	0.86722577
4409	0.87647581
4410	0.88322484
4411	0.88760936
4412	0.88971156
4413	0.88952661
4414	0.88722295
4415	0.88278812
4416	0.87641221
4417	0.86814684
4418	0.85812175
4419	0.84632736
4420	0.83177733
4421	0.81677848
4422	0.80053121
4423	0.78693378
4424	0.76891601
4425	0.74954706
4426	0.73185927
4427	0.71447283
4428	0.69817770
4429	0.68244684
4430	0.66579342
4431	0.64860445
4432	0.63096261
4433	0.61283958
4434	0.59484035
4435	0.57657611
4436	0.55815172
4437	0.53954697
4438	0.52098286
4439	0.50233060
4440	0.48392040
4441	0.46529990
4442	0.44684240
4443	0.42799729
4444	0.40967309
4445	0.39131775
4446	0.37299499
4447	0.35471025
4448	0.33648399
4449	0.31823722
4450	0.30009043
4451	0.28210592
4452	0.26437843
4453	0.24680705
4454	0.22949407
4455	0.21219213
4456	0.19511901
4457	0.17825328
4458	0.16169597
4459	0.14521046
4460	0.12924606
4461	0.11369185
4462	0.09873182
4463	0.08438417
4464	0.07066282
4465	0.05722627
4466	0.04380644
4467	0.03052007
4468	0.01742532
4469	0.00452160
4470	-0.00829813
4471	-0.02035355
4472	-0.03137830
4473	-0.04142926
4474	-0.05053668
4475	-0.05868565
4476	-0.06599866
4477	-0.07249559
4478	-0.07815586
4479	-0.08284541
4480	-0.08642637
4481	-0.08882408
4482	-0.08980045
4483	-0.08954243
4484	-0.08815392
4485	-0.08527091
4486	-0.08119951
4487	-0.07604799
4488	-0.06992958
4489	-0.06295470
4490	-0.05504477
4491	-0.04608498
4492	-0.03654275
4493	-0.02630542
4494	-0.01536068
4495	-0.00364831
4496	0.00859911
4497	0.02146239
4498	0.03475033
4499	0.04846719
4500	0.06247620
4501	0.07668151
4502	0.09109889
4503	0.10591122
4504	0.12124801
4505	0.13665140
4506	0.15230873
4507	0.16809560
4508	0.18457168
4509	0.20131214
4510	0.21845794
4511	0.23638955
4512	0.25447726
4513	0.27339509
4514	0.29273859
4515	0.31286156
4516	0.33324376
4517	0.35541704
4518	0.37731490
4519	0.39989117
4520	0.42291790
4521	0.44611761
4522	0.47003406
4523	0.49376893
4524	0.51773173
4525	0.54186642
4526	0.56609339
4527	0.59046006
4528	0.61478585
4529	0.63926744
4530	0.66337925
4531	0.68713957
4532	0.71002740
4533	0.73224944
4534	0.75330430
4535	0.77312618
4536	0.79137498
4537	0.80796915
4538	0.82264572
4539	0.83523387
4540	0.84558731
4541	0.85366476
4542	0.85950631
4543	0.86305618
4544	0.86449796
4545	0.86403912
4546	0.86157447
4547	0.85736412
4548	0.85154104
4549	0.84423727
4550	0.83551282
4551	0.82448202
4552	0.81101781
4553	0.79578459
4554	0.78000307
4555	0.76499707
4556	0.74444520
4557	0.72562921
4558	0.70800334
4559	0.69097966
4560	0.67460722
4561	0.65805906
4562	0.64095819
4563	0.62313157
4564	0.60502446
4565	0.58710223
4566	0.56897563
4567	0.55053639
4568	0.53204006
4569	0.51354456
4570	0.49478275
4571	0.47691354
4572	0.45820484
4573	0.43979853
4574	0.42117220
4575	0.40288857
4576	0.38447541
4577	0.36602733
4578	0.34775603
4579	0.32945067
4580	0.31127012
4581	0.29314044
4582	0.27510875
4583	0.25714523
4584	0.23954304
4585	0.22198793
4586	0.20462301
4587	0.18754807
4588	0.17048046
4589	0.15405540
4590	0.13764350
4591	0.12180051
4592	0.10637925
4593	0.09149536
4594	0.07720402
4595	0.06342249
4596	0.04974937
4597	0.03596039
4598	0.02228766
4599	0.00890678
4600	-0.00419326
4601	-0.01647312
4602	-0.02787115
4603	-0.03816077
4604	-0.04742327
4605	-0.05589145
4606	-0.06374288
4607	-0.07087390
4608	-0.07741980
4609	-0.08316638
4610	-0.08798191
4611	-0.09161940
4612	-0.09406782
4613	-0.09525830
4614	-0.09547112
4615	-0.09422197
4616	-0.09175763
4617	-0.08815002
4618	-0.08351783
4619	-0.07791623
4620	-0.07127569
4621	-0.06374904
4622	-0.05529159
4623	-0.04565307
4624	-0.03529222
4625	-0.02402245
4626	-0.01196114
4627	0.00079494
4628	0.01417938
4629	0.02800085
4630	0.04223198
4631	0.05681144
4632	0.07150035
4633	0.08640502
4634	0.10175560
4635	0.11751339
4636	0.13339286
4637	0.14958522
4638	0.16605704
4639	0.18274674
4640	0.20023990
4641	0.21813883
4642	0.23617955
4643	0.25495529
4644	0.27459401
4645	0.29434898
4646	0.31438509
4647	0.33528331
4648	0.35630259
4649	0.37810704
4650	0.40051645
4651	0.42297131
4652	0.44598705
4653	0.46911395
4654	0.49313444
4655	0.51747674
4656	0.54132503
4657	0.56572545
4658	0.59032512
4659	0.61508739
4660	0.63983738
4661	0.66444129
4662	0.68926531
4663	0.71314681
4664	0.73642069
4665	0.75897586
4666	0.78054398
4667	0.80090785
4668	0.81968850
4669	0.83681321
4670	0.85202098
4671	0.86511570
4672	0.87593514
4673	0.88455188
4674	0.89070642
4675	0.89467949
4676	0.89647216
4677	0.89615852
4678	0.89368033
4679	0.88917071
4680	0.88180572
4681	0.87096620
4682	0.85739648
4683	0.84126616
4684	0.82661492
4685	0.80874389
4686	0.78846598
4687	0.77088994
4688	0.75400043
4689	0.73778409
4690	0.72209698
4691	0.70571595
4692	0.68839425
4693	0.67082816
4694	0.65296882
4695	0.63468629
4696	0.61663496
4697	0.59820843
4698	0.57971436
4699	0.56123668
4700	0.54260737
4701	0.52405906
4702	0.50555068
4703	0.48712704
4704	0.46869323
4705	0.45036143
4706	0.43225604
4707	0.41341010
4708	0.39534023
4709	0.37700149
4710	0.35883868
4711	0.34078357
4712	0.32277969
4713	0.30506727
4714	0.28751996
4715	0.27025905
4716	0.25311211
4717	0.23611832
4718	0.21941839
4719	0.20293410
4720	0.18663925
4721	0.17086555
4722	0.15557621
4723	0.14076957
4724	0.12651266
4725	0.11264657
4726	0.09905167
4727	0.08562407
4728	0.07224409
4729	0.05898385
4730	0.04582230
4731	0.03306871
4732	0.02139818
4733	0.01051316
4734	0.00036318
4735	-0.00917069
4736	-0.01812010
4737	-0.02653589
4738	-0.03426374
4739	-0.04116207
4740	-0.04703180
4741	-0.05170493
4742	-0.05512880
4743	-0.05722727
4744	-0.05804684
4745	-0.05764470
4746	-0.05608850
4747	-0.05356570
4748	-0.04980214
4749	-0.04501279
4750	-0.03930843
4751	-0.03257615
4752	-0.02477487
4753	-0.01629383
4754	-0.00689757
4755	0.00333317
4756	0.01439720
4757	0.02623411
4758	0.03887323
4759	0.05218754
4760	0.06615654
4761	0.08050082
4762	0.09545521
4763	0.11065884
4764	0.12652607
4765	0.14250951
4766	0.15881343
4767	0.17537020
4768	0.19224729
4769	0.20942605
4770	0.22700922
4771	0.24504165
4772	0.26371235
4773	0.28256834
4774	0.30212757
4775	0.32269695
4776	0.34293124
4777	0.36413050
4778	0.38577554
4779	0.40813345
4780	0.43104133
4781	0.45445156
4782	0.47805920
4783	0.50253850
4784	0.52737027
4785	0.55176753
4786	0.57670146
4787	0.60173154
4788	0.62685919
4789	0.65193516
4790	0.67706794
4791	0.70177317
4792	0.72630316
4793	0.75008303
4794	0.77326846
4795	0.79552996
4796	0.81661105
4797	0.83650577
4798	0.85460132
4799	0.87087810
4800	0.88509786
4801	0.89703661
4802	0.90664399
4803	0.91389555
4804	0.91861790
4805	0.92109960
4806	0.92123663
4807	0.91930628
4808	0.91537809
4809	0.90955490
4810	0.90200031
4811	0.89286613
4812	0.88225085
4813	0.86892635
4814	0.85469943
4815	0.83888674
4816	0.82520050
4817	0.80815077
4818	0.78798497
4819	0.76997983
4820	0.75237983
4821	0.73580426
4822	0.71982670
4823	0.70352763
4824	0.68617284
4825	0.66854292
4826	0.65067399
4827	0.63234097
4828	0.61394417
4829	0.59560323
4830	0.57706589
4831	0.55838543
4832	0.53983170
4833	0.52128679
4834	0.50272506
4835	0.48427656
4836	0.46579280
4837	0.44741839
4838	0.42907724
4839	0.41068426
4840	0.39234996
4841	0.37403250
4842	0.35572007
4843	0.33755517
4844	0.31934714
4845	0.30174309
4846	0.28409570
4847	0.26662567
4848	0.24934772
4849	0.23230819
4850	0.21554759
4851	0.19886951
4852	0.18266106
4853	0.16682670
4854	0.15146388
4855	0.13665242
4856	0.12232868
4857	0.10844802
4858	0.09458902
4859	0.08079300
4860	0.06710330
4861	0.05361780
4862	0.04056813
4863	0.02793093
4864	0.01638863
4865	0.00591241
4866	-0.00381109
4867	-0.01278057
4868	-0.02111040
4869	-0.02867976
4870	-0.03551488
4871	-0.04137902
4872	-0.04611988
4873	-0.04960702
4874	-0.05171286
4875	-0.05251415
4876	-0.05214902
4877	-0.05071581
4878	-0.04788790
4879	-0.04399433
4880	-0.03905103
4881	-0.03315392
4882	-0.02618350
4883	-0.01848217
4884	-0.00994543
4885	-0.00059228
4886	0.00962996
4887	0.02054368
4888	0.03231536
4889	0.04480264
4890	0.05806876
4891	0.07195918
4892	0.08635461
4893	0.10126593
4894	0.11627441
4895	0.13198307
4896	0.14806318
4897	0.16443065
4898	0.18112774
4899	0.19833121
4900	0.21569803
4901	0.23357598
4902	0.25194737
4903	0.27112514
4904	0.29052824
4905	0.31069449
4906	0.33144203
4907	0.35287580
4908	0.37516981
4909	0.39721328
4910	0.42007977
4911	0.44299060
4912	0.46641991
4913	0.49000934
4914	0.51421523
4915	0.53848517
4916	0.56293374
4917	0.58761710
4918	0.61237431
4919	0.63736665
4920	0.66183734
4921	0.68656558
4922	0.71083921
4923	0.73450744
4924	0.75730687
4925	0.77995479
4926	0.80119085
4927	0.82125503
4928	0.83992362
4929	0.85707033
4930	0.87219083
4931	0.88546914
4932	0.89669091
4933	0.90561157
4934	0.91233253
4935	0.91674286
4936	0.91895479
4937	0.91892314
4938	0.91673827
4939	0.91249764
4940	0.90627849
4941	0.89827478
4942	0.88867271
4943	0.87755996
4944	0.86371398
4945	0.84900683
4946	0.83288193
4947	0.81803912
4948	0.80223715
4949	0.78256297
4950	0.76425999
4951	0.74695468
4952	0.73027724
4953	0.71414566
4954	0.69776762
4955	0.68050373
4956	0.66287696
4957	0.64494270
4958	0.62642974
4959	0.60831314
4960	0.58985204
4961	0.57119024
4962	0.55257535
4963	0.53400773
4964	0.51553005
4965	0.49712041
4966	0.47869280
4967	0.46029586
4968	0.44184008
4969	0.42316908
4970	0.40496671
4971	0.38663074
4972	0.36832875
4973	0.35005796
4974	0.33178943
4975	0.31343338
4976	0.29555401
4977	0.27785489
4978	0.26022881
4979	0.24281499
4980	0.22565840
4981	0.20868818
4982	0.19201322
4983	0.17546321
4984	0.15946139
4985	0.14392123
4986	0.12886041
4987	0.11441749
4988	0.10028259
4989	0.08617269
4990	0.07195023
4991	0.05779835
4992	0.04370570
4993	0.03007639
4994	0.01686821
4995	0.00461833
4996	-0.00668574
4997	-0.01721054
4998	-0.02706441
4999	-0.03630450
5000	-0.04486703
5001	-0.05262767
5002	-0.05946687
5003	-0.06523485
5004	-0.06980203
5005	-0.07304440
5006	-0.07503454
5007	-0.07575506
5008	-0.07549936
5009	-0.07382315
5010	-0.07092003
5011	-0.06690840
5012	-0.06193925
5013	-0.05605100
5014	-0.04933489
5015	-0.04150148
5016	-0.03313012
5017	-0.02396069
5018	-0.01397306
5019	-0.00326733
5020	0.00823439
5021	0.02051674
5022	0.03342983
5023	0.04701427
5024	0.06114626
5025	0.07557508
5026	0.09038600
5027	0.10590063
5028	0.12154111
5029	0.13750204
5030	0.15351884
5031	0.17003317
5032	0.18709044
5033	0.20432241
5034	0.22203310
5035	0.24040200
5036	0.25889668
5037	0.27851838
5038	0.29786342
5039	0.31801453
5040	0.33904600
5041	0.35981718
5042	0.38148278
5043	0.40365016
5044	0.42617047
5045	0.44900250
5046	0.47216710
5047	0.49577990
5048	0.51963705
5049	0.54370642
5050	0.56792325
5051	0.59231174
5052	0.61683792
5053	0.64139944
5054	0.66601330
5055	0.69014782
5056	0.71386135
5057	0.73697942
5058	0.75936270
5059	0.78072631
5060	0.80085164
5061	0.81983322
5062	0.83672333
5063	0.85195553
5064	0.86509520
5065	0.87591863
5066	0.88442755
5067	0.89044124
5068	0.89399791
5069	0.89515114
5070	0.89396286
5071	0.89041632
5072	0.88476747
5073	0.87711495
5074	0.86668152
5075	0.85311347
5076	0.83797204
5077	0.82156163
5078	0.80791599
5079	0.78827792
5080	0.76935762
5081	0.75199896
5082	0.73480773
5083	0.71863365
5084	0.70301706
5085	0.68661642
5086	0.66920054
5087	0.65145689
5088	0.63316792
5089	0.61513013
5090	0.59678733
5091	0.57836020
5092	0.55987924
5093	0.54122764
5094	0.52269149
5095	0.50417817
5096	0.48573032
5097	0.46715069
5098	0.44846365
5099	0.43023506
5100	0.41166833
5101	0.39340132
5102	0.37503514
5103	0.35672101
5104	0.33842081
5105	0.32046840
5106	0.30262062
5107	0.28495690
5108	0.26740393
5109	0.25010088
5110	0.23288360
5111	0.21596636
5112	0.19923964
5113	0.18286134
5114	0.16665976
5115	0.15076709
5116	0.13536386
5117	0.12041956
5118	0.10599501
5119	0.09199148
5120	0.07830335
5121	0.06498043
5122	0.05201197
5123	0.03900339
5124	0.02600189
5125	0.01279134
5126	0.00015554
5127	-0.01166525
5128	-0.02267426
5129	-0.03269855
5130	-0.04158836
5131	-0.04943752
5132	-0.05621961
5133	-0.06202067
5134	-0.06678688
5135	-0.07048836
5136	-0.07306769
5137	-0.07446049
5138	-0.07457268
5139	-0.07361902
5140	-0.07134495
5141	-0.06782407
5142	-0.06320555
5143	-0.05730017
5144	-0.05065440
5145	-0.04312635
5146	-0.03467136
5147	-0.02540315
5148	-0.01536893
5149	-0.00453310
5150	0.00701042
5151	0.01928702
5152	0.03209492
5153	0.04532756
5154	0.05883984
5155	0.07283850
5156	0.08710964
5157	0.10148301
5158	0.11635106
5159	0.13163859
5160	0.14705023
5161	0.16266231
5162	0.17864648
5163	0.19479552
5164	0.21156180
5165	0.22900957
5166	0.24703418
5167	0.26513401
5168	0.28388056
5169	0.30325010
5170	0.32317069
5171	0.34362206
5172	0.36436102
5173	0.38519508
5174	0.40687412
5175	0.42897305
5176	0.45135477
5177	0.47444403
5178	0.49790788
5179	0.52172089
5180	0.54559761
5181	0.56963331
5182	0.59369791
5183	0.61770296
5184	0.64154434
5185	0.66493785
5186	0.68867773
5187	0.71151561
5188	0.73380983
5189	0.75549388
5190	0.77634609
5191	0.79620451
5192	0.81467187
5193	0.83159101
5194	0.84665239
5195	0.85962057
5196	0.87020564
5197	0.87846994
5198	0.88392943
5199	0.88689464
5200	0.88739616
5201	0.88556230
5202	0.88153410
5203	0.87545884
5204	0.86756229
5205	0.85725385
5206	0.84420311
5207	0.82961553
5208	0.81329846
5209	0.79918581
5210	0.77978015
5211	0.76033789
5212	0.74233848
5213	0.72485155
5214	0.70841956
5215	0.69241697
5216	0.67569262
5217	0.65823579
5218	0.64041090
5219	0.62221158
5220	0.60410160
5221	0.58576787
5222	0.56738383
5223	0.54877847
5224	0.53051847
5225	0.51215911
5226	0.49377537
5227	0.47516641
5228	0.45669615
5229	0.43788651
5230	0.41984388
5231	0.40143961
5232	0.38285899
5233	0.36454779
5234	0.34617165
5235	0.32788634
5236	0.30970016
5237	0.29174387
5238	0.27387083
5239	0.25628304
5240	0.23870784
5241	0.22129735
5242	0.20404141
5243	0.18698737
5244	0.17017438
5245	0.15355714
5246	0.13742089
5247	0.12171706
5248	0.10646707
5249	0.09182656
5250	0.07767417
5251	0.06406543
5252	0.05056913
5253	0.03717151
5254	0.02377754
5255	0.01046938
5256	-0.00271166
5257	-0.01535035
5258	-0.02694261
5259	-0.03725734
5260	-0.04639957
5261	-0.05460900
5262	-0.06205579
5263	-0.06883293
5264	-0.07495750
5265	-0.08031774
5266	-0.08479591
5267	-0.08835351
5268	-0.09077084
5269	-0.09197883
5270	-0.09201723
5271	-0.09115663
5272	-0.08886737
5273	-0.08544374
5274	-0.08103614
5275	-0.07559343
5276	-0.06926439
5277	-0.06168183
5278	-0.05335890
5279	-0.04409119
5280	-0.03389337
5281	-0.02273458
5282	-0.01075092
5283	0.00191313
5284	0.01515431
5285	0.02892803
5286	0.04316577
5287	0.05773824
5288	0.07270074
5289	0.08739068
5290	0.10302199
5291	0.11938270
5292	0.13546020
5293	0.15174460
5294	0.16856687
5295	0.18589389
5296	0.20370068
5297	0.22221436
5298	0.24103987
5299	0.26050690
5300	0.28087166
5301	0.30107921
5302	0.32220066
5303	0.34411365
5304	0.36588421
5305	0.38827759
5306	0.41081312
5307	0.43370306
5308	0.45682767
5309	0.48045328
5310	0.50420547
5311	0.52824146
5312	0.55231601
5313	0.57661271
5314	0.60094291
5315	0.62510043
5316	0.64883488
5317	0.67281264
5318	0.69589305
5319	0.71811157
5320	0.73945004
5321	0.75978553
5322	0.77882677
5323	0.79613495
5324	0.81176633
5325	0.82537413
5326	0.83687758
5327	0.84619290
5328	0.85308331
5329	0.85769314
5330	0.86011809
5331	0.86029613
5332	0.85835946
5333	0.85432333
5334	0.84831893
5335	0.84043533
5336	0.83084995
5337	0.81975526
5338	0.80702949
5339	0.79199892
5340	0.77691656
5341	0.76082194
5342	0.74704337
5343	0.72797257
5344	0.70918643
5345	0.69136322
5346	0.67416298
5347	0.65809411
5348	0.64164448
5349	0.62473309
5350	0.60709709
5351	0.58945799
5352	0.57162613
5353	0.55346507
5354	0.53508729
5355	0.51626247
5356	0.49802208
5357	0.47980136
5358	0.46098962
5359	0.44245616
5360	0.42381331
5361	0.40529439
5362	0.38680857
5363	0.36838412
5364	0.34994984
5365	0.33152679
5366	0.31317332
5367	0.29483327
5368	0.27663270
5369	0.25854474
5370	0.24076514
5371	0.22304359
5372	0.20550808
5373	0.18808173
5374	0.17086044
5375	0.15387967
5376	0.13700777
5377	0.12059028
5378	0.10450184
5379	0.08884868
5380	0.07363163
5381	0.05901108
5382	0.04496771
5383	0.03121439
5384	0.01744371
5385	0.00363997
5386	-0.01024630
5387	-0.02402842
5388	-0.03739678
5389	-0.04991372
5390	-0.06125228
5391	-0.07165030
5392	-0.08125344
5393	-0.09021588
5394	-0.09861347
5395	-0.10645506
5396	-0.11356684
5397	-0.11971550
5398	-0.12473118
5399	-0.12848270
5400	-0.13088670
5401	-0.13215241
5402	-0.13196374
5403	-0.13047390
5404	-0.12769230
5405	-0.12367143
5406	-0.11857663
5407	-0.11230516
5408	-0.10475574
5409	-0.09633871
5410	-0.08693865
5411	-0.07654746
5412	-0.06531792
5413	-0.05325200
5414	-0.04041013
5415	-0.02695660
5416	-0.01305906
5417	0.00107536
5418	0.01569645
5419	0.03050034
5420	0.04566238
5421	0.06108543
5422	0.07697496
5423	0.09294961
5424	0.10917127
5425	0.12566356
5426	0.14251295
5427	0.15971358
5428	0.17740013
5429	0.19572984
5430	0.21421798
5431	0.23346426
5432	0.25304037
5433	0.27354345
5434	0.29438141
5435	0.31607527
5436	0.33757833
5437	0.35985106
5438	0.38285863
5439	0.40624100
5440	0.42995355
5441	0.45413250
5442	0.47873282
5443	0.50356424
5444	0.52859616
5445	0.55381560
5446	0.57922834
5447	0.60466284
5448	0.62995607
5449	0.65534043
5450	0.68007970
5451	0.70421934
5452	0.72732991
5453	0.74958861
5454	0.77067083
5455	0.78995210
5456	0.80759901
5457	0.82327533
5458	0.83670789
5459	0.84775329
5460	0.85630763
5461	0.86225230
5462	0.86578113
5463	0.86697412
5464	0.86582631
5465	0.86254644
5466	0.85723770
5467	0.84982854
5468	0.83929616
5469	0.82606858
5470	0.81053746
5471	0.79448617
5472	0.77992278
5473	0.76052237
5474	0.74166542
5475	0.72455227
5476	0.70792109
5477	0.69193864
5478	0.67616087
5479	0.65936923
5480	0.64189208
5481	0.62387699
5482	0.60597754
5483	0.58772838
5484	0.56945109
5485	0.55111808
5486	0.53236794
5487	0.51379567
5488	0.49525955
5489	0.47694167
5490	0.45840371
5491	0.44001064
5492	0.42147127
5493	0.40302223
5494	0.38464886
5495	0.36627477
5496	0.34801027
5497	0.32965431
5498	0.31147081
5499	0.29331785
5500	0.27520418
5501	0.25725234
5502	0.23942596
5503	0.22191820
5504	0.20451531
5505	0.18725130
5506	0.17018904
5507	0.15338232
5508	0.13686968
5509	0.12055497
5510	0.10492627
5511	0.08980866
5512	0.07538066
5513	0.06138868
5514	0.04771564
5515	0.03420522
5516	0.02089025
5517	0.00761778
5518	-0.00534738
5519	-0.01812511
5520	-0.03043866
5521	-0.04189749
5522	-0.05252168
5523	-0.06232922
5524	-0.07126829
5525	-0.07951412
5526	-0.08708273
5527	-0.09377576
5528	-0.09953105
5529	-0.10418958
5530	-0.10763414
5531	-0.10977293
5532	-0.11055888
5533	-0.11005174
5534	-0.10838661
5535	-0.10524899
5536	-0.10092234
5537	-0.09558159
5538	-0.08899315
5539	-0.08173107
5540	-0.07354716
5541	-0.06452724
5542	-0.05475845
5543	-0.04426543
5544	-0.03312702
5545	-0.02135725
5546	-0.00882728
5547	0.00425573
5548	0.01789564
5549	0.03198233
5550	0.04653856
5551	0.06150272
5552	0.07644433
5553	0.09225128
5554	0.10812625
5555	0.12432543
5556	0.14074908
5557	0.15746570
5558	0.17454484
5559	0.19201653
5560	0.21013045
5561	0.22836024
5562	0.24730642
5563	0.26684335
5564	0.28693309
5565	0.30763525
5566	0.32879531
5567	0.35038707
5568	0.37251499
5569	0.39481276
5570	0.41729775
5571	0.44016501
5572	0.46319717
5573	0.48665249
5574	0.51033849
5575	0.53418922
5576	0.55829978
5577	0.58252305
5578	0.60678512
5579	0.63096631
5580	0.65468240
5581	0.67839676
5582	0.70159787
5583	0.72357291
5584	0.74470997
5585	0.76481396
5586	0.78352672
5587	0.80098307
5588	0.81623346
5589	0.82972699
5590	0.84109700
5591	0.85036546
5592	0.85739189
5593	0.86198258
5594	0.86436868
5595	0.86460739
5596	0.86268783
5597	0.85868204
5598	0.85272062
5599	0.84481251
5600	0.83509755
5601	0.82247764
5602	0.80793780
5603	0.79209518
5604	0.77675015
5605	0.76122713
5606	0.74136502
5607	0.72302383
5608	0.70579940
5609	0.68939143
5610	0.67346507
5611	0.65747774
5612	0.64052671
5613	0.62283033
5614	0.60510087
5615	0.58690393
5616	0.56877899
5617	0.55050308
5618	0.53192258
5619	0.51321226
5620	0.49457607
5621	0.47589749
5622	0.45740646
5623	0.43895236
5624	0.42015728
5625	0.40187356
5626	0.38343459
5627	0.36498386
5628	0.34633231
5629	0.32817009
5630	0.30995545
5631	0.29183567
5632	0.27381921
5633	0.25591299
5634	0.23852646
5635	0.22073126
5636	0.20340948
5637	0.18631017
5638	0.16944648
5639	0.15277974
5640	0.13646276
5641	0.12036417
5642	0.10478679
5643	0.08977539
5644	0.07523374
5645	0.06130974
5646	0.04761430
5647	0.03398374
5648	0.02060075
5649	0.00737300
5650	-0.00550348
5651	-0.01804838
5652	-0.02982677
5653	-0.04041783
5654	-0.05005745
5655	-0.05894264
5656	-0.06723300
5657	-0.07493431
5658	-0.08203214
5659	-0.08842420
5660	-0.09392407
5661	-0.09834515
5662	-0.10163090
5663	-0.10366635
5664	-0.10448420
5665	-0.10399638
5666	-0.10231015
5667	-0.09971586
5668	-0.09581452
5669	-0.09092154
5670	-0.08506910
5671	-0.07806614
5672	-0.07044046
5673	-0.06189936
5674	-0.05247460
5675	-0.04211520
5676	-0.03096173
5677	-0.01899740
5678	-0.00624768
5679	0.00705853
5680	0.02079013
5681	0.03493560
5682	0.04931163
5683	0.06389561
5684	0.07894423
5685	0.09450229
5686	0.11016155
5687	0.12615058
5688	0.14246365
5689	0.15911618
5690	0.17613202
5691	0.19353785
5692	0.21157782
5693	0.22964285
5694	0.24852249
5695	0.26733655
5696	0.28695837
5697	0.30733475
5698	0.32821748
5699	0.34907308
5700	0.37076652
5701	0.39300761
5702	0.41567796
5703	0.43890610
5704	0.46252561
5705	0.48626059
5706	0.51022977
5707	0.53429824
5708	0.55853993
5709	0.58284932
5710	0.60696715
5711	0.63147676
5712	0.65581363
5713	0.67954212
5714	0.70263541
5715	0.72498316
5716	0.74657112
5717	0.76690704
5718	0.78588122
5719	0.80323094
5720	0.81879443
5721	0.83218777
5722	0.84336597
5723	0.85209668
5724	0.85846728
5725	0.86238778
5726	0.86389798
5727	0.86325085
5728	0.86030841
5729	0.85533762
5730	0.84842020
5731	0.83962953
5732	0.82822949
5733	0.81436110
5734	0.79921210
5735	0.78368115
5736	0.76857531
5737	0.74837279
5738	0.72992224
5739	0.71236193
5740	0.69562817
5741	0.67991668
5742	0.66402024
5743	0.64708138
5744	0.62975740
5745	0.61164087
5746	0.59376240
5747	0.57570291
5748	0.55740821
5749	0.53899896
5750	0.52047157
5751	0.50193030
5752	0.48333466
5753	0.46473947
5754	0.44630575
5755	0.42779544
5756	0.40930167
5757	0.39093989
5758	0.37247190
5759	0.35399270
5760	0.33558175
5761	0.31727201
5762	0.29904312
5763	0.28094408
5764	0.26296607
5765	0.24510689
5766	0.22734486
5767	0.20989716
5768	0.19259223
5769	0.17542182
5770	0.15850353
5771	0.14186831
5772	0.12544748
5773	0.10917702
5774	0.09350350
5775	0.07833620
5776	0.06384564
5777	0.05006127
5778	0.03669200
5779	0.02354299
5780	0.01068704
5781	-0.00228521
5782	-0.01536700
5783	-0.02850720
5784	-0.04090699
5785	-0.05230727
5786	-0.06291603
5787	-0.07287315
5788	-0.08237670
5789	-0.09137347
5790	-0.09973664
5791	-0.10721259
5792	-0.11368794
5793	-0.11876193
5794	-0.12248891
5795	-0.12467962
5796	-0.12542535
5797	-0.12477846
5798	-0.12294649
5799	-0.11961392
5800	-0.11501925
5801	-0.10927913
5802	-0.10246374
5803	-0.09464747
5804	-0.08556152
5805	-0.07585005
5806	-0.06516921
5807	-0.05368636
5808	-0.04143395
5809	-0.02843341
5810	-0.01486313
5811	-0.00083531
5812	0.01364097
5813	0.02833509
5814	0.04352602
5815	0.05884254
5816	0.07464053
5817	0.09086198
5818	0.10713857
5819	0.12372175
5820	0.14061645
5821	0.15792990
5822	0.17567730
5823	0.19394799
5824	0.21295628
5825	0.23214020
5826	0.25242904
5827	0.27248150
5828	0.29355237
5829	0.31524682
5830	0.33752671
5831	0.36083081
5832	0.38441381
5833	0.40858334
5834	0.43309873
5835	0.45813248
5836	0.48329490
5837	0.50850302
5838	0.53391403
5839	0.55958617
5840	0.58547521
5841	0.61129278
5842	0.63720554
5843	0.66268921
5844	0.68814629
5845	0.71213788
5846	0.73567843
5847	0.75824440
5848	0.77954459
5849	0.79928970
5850	0.81728083
5851	0.83322978
5852	0.84693348
5853	0.85821009
5854	0.86706388
5855	0.87330115
5856	0.87708437
5857	0.87853795
5858	0.87781066
5859	0.87498808
5860	0.87021935
5861	0.86352843
5862	0.85388887
5863	0.84133190
5864	0.82651794
5865	0.81035793
5866	0.79657906
5867	0.77631432
5868	0.75703955
5869	0.73959422
5870	0.72286397
5871	0.70680863
5872	0.69118959
5873	0.67447877
5874	0.65716821
5875	0.63933444
5876	0.62128401
5877	0.60296804
5878	0.58464557
5879	0.56623387
5880	0.54777527
5881	0.52907497
5882	0.51028502
5883	0.49209294
5884	0.47349235
5885	0.45500103
5886	0.43656889
5887	0.41795948
5888	0.39973778
5889	0.38137302
5890	0.36307579
5891	0.34476092
5892	0.32652292
5893	0.30838344
5894	0.29049352
5895	0.27275753
5896	0.25524950
5897	0.23800392
5898	0.22075813
5899	0.20376210
5900	0.18694037
5901	0.17040177
5902	0.15394031
5903	0.13805038
5904	0.12248605
5905	0.10745759
5906	0.09293336
5907	0.07887170
5908	0.06505107
5909	0.05139993
5910	0.03812737
5911	0.02472737
5912	0.01128446
5913	-0.00227656
5914	-0.01523745
5915	-0.02740830
5916	-0.03868701
5917	-0.04899604
5918	-0.05845550
5919	-0.06703337
5920	-0.07472406
5921	-0.08155134
5922	-0.08742180
5923	-0.09222398
5924	-0.09590872
5925	-0.09848133
5926	-0.10003097
5927	-0.10005939
5928	-0.09865513
5929	-0.09588903
5930	-0.09178787
5931	-0.08617771
5932	-0.07971830
5933	-0.07221073
5934	-0.06366268
5935	-0.05416064
5936	-0.04368874
5937	-0.03236972
5938	-0.02023723
5939	-0.00738756
5940	0.00605183
5941	0.02001708
5942	0.03429050
5943	0.04889480
5944	0.06355923
5945	0.07859436
5946	0.09364135
5947	0.10911418
5948	0.12499499
5949	0.14091460
5950	0.15718608
5951	0.17361584
5952	0.19060200
5953	0.20806655
5954	0.22619951
5955	0.24492188
5956	0.26372477
5957	0.28335232
5958	0.30392784
5959	0.32440749
5960	0.34561461
5961	0.36782524
5962	0.38995051
5963	0.41293916
5964	0.43641874
5965	0.46028247
5966	0.48467001
5967	0.50929153
5968	0.53411424
5969	0.55904055
5970	0.58424467
5971	0.60958838
5972	0.63492322
5973	0.66035396
5974	0.68532026
5975	0.71006912
5976	0.73383415
5977	0.75706375
5978	0.77936804
5979	0.80060923
5980	0.82089764
5981	0.83939683
5982	0.85638911
5983	0.87150204
5984	0.88453782
5985	0.89538413
5986	0.90385520
5987	0.91003484
5988	0.91372365
5989	0.91506618
5990	0.91410416
5991	0.91100293
5992	0.90577978
5993	0.89868331
5994	0.88979423
5995	0.87930346
5996	0.86635053
5997	0.85186893
5998	0.83656198
5999	0.82203060
6000	0.80684900
6001	0.78689313
6002	0.76885021
6003	0.75130063
6004	0.73487049
6005	0.71911442
6006	0.70269030
6007	0.68526542
6008	0.66763860
6009	0.64987332
6010	0.63162321
6011	0.61347908
6012	0.59490526
6013	0.57643145
6014	0.55793661
6015	0.53946501
6016	0.52090120
6017	0.50246572
6018	0.48407266
6019	0.46548450
6020	0.44678912
6021	0.42882696
6022	0.41011947
6023	0.39173880
6024	0.37329385
6025	0.35489112
6026	0.33647946
6027	0.31840879
6028	0.30051857
6029	0.28290993
6030	0.26540965
6031	0.24801090
6032	0.23080648
6033	0.21387669
6034	0.19715568
6035	0.18054615
6036	0.16451345
6037	0.14886978
6038	0.13375875
6039	0.11919089
6040	0.10500357
6041	0.09094689
6042	0.07702930
6043	0.06317789
6044	0.04927414
6045	0.03553234
6046	0.02203778
6047	0.00923178
6048	-0.00220769
6049	-0.01228708
6050	-0.02115472
6051	-0.02896383
6052	-0.03591419
6053	-0.04216403
6054	-0.04773080
6055	-0.05260451
6056	-0.05667655
6057	-0.05989532
6058	-0.06212864
6059	-0.06320596
6060	-0.06310940
6061	-0.06184566
6062	-0.05938913
6063	-0.05598893
6064	-0.05116158
6065	-0.04563539
6066	-0.03919599
6067	-0.03201994
6068	-0.02404344
6069	-0.01534889
6070	-0.00598337
6071	0.00406273
6072	0.01486938
6073	0.02636931
6074	0.03855362
6075	0.05117346
6076	0.06441648
6077	0.07754397
6078	0.09176731
6079	0.10608010
6080	0.12067425
6081	0.13552298
6082	0.15074602
6083	0.16608235
6084	0.18174310
6085	0.19770196
6086	0.21429925
6087	0.23098013
6088	0.24832042
6089	0.26652506
6090	0.28444597
6091	0.30321318
6092	0.32257840
6093	0.34208375
6094	0.36227953
6095	0.38295671
6096	0.40391904
6097	0.42510059
6098	0.44668409
6099	0.46861324
6100	0.49088269
6101	0.51367521
6102	0.53601444
6103	0.55888933
6104	0.58195317
6105	0.60506213
6106	0.62810904
6107	0.65124714
6108	0.67392367
6109	0.69603789
6110	0.71734262
6111	0.73776299
6112	0.75724536
6113	0.77512038
6114	0.79149497
6115	0.80607450
6116	0.81859010
6117	0.82890248
6118	0.83698940
6119	0.84274590
6120	0.84609288
6121	0.84717751
6122	0.84605718
6123	0.84269404
6124	0.83726490
6125	0.82982010
6126	0.82037449
6127	0.80756205
6128	0.79300088
6129	0.77636611
6130	0.76273870
6131	0.74401981
6132	0.72416830
6133	0.70642757
6134	0.68895727
6135	0.67262679
6136	0.65705729
6137	0.64042658
6138	0.62302542
6139	0.60521483
6140	0.58739525
6141	0.56956655
6142	0.55142850
6143	0.53296131
6144	0.51451653
6145	0.49598667
6146	0.47755930
6147	0.45911619
6148	0.44064537
6149	0.42210391
6150	0.40361431
6151	0.38511115
6152	0.36665660
6153	0.34827879
6154	0.33003169
6155	0.31180477
6156	0.29369593
6157	0.27554825
6158	0.25762391
6159	0.23980160
6160	0.22225288
6161	0.20485236
6162	0.18762572
6163	0.17064892
6164	0.15383673
6165	0.13730565
6166	0.12091026
6167	0.10502876
6168	0.08955171
6169	0.07465274
6170	0.06037613
6171	0.04678082
6172	0.03340201
6173	0.02025951
6174	0.00712814
6175	-0.00615261
6176	-0.01928912
6177	-0.03222564
6178	-0.04416134
6179	-0.05496299
6180	-0.06484470
6181	-0.07393987
6182	-0.08238754
6183	-0.09038555
6184	-0.09769394
6185	-0.10420089
6186	-0.10976109
6187	-0.11420939
6188	-0.11729039
6189	-0.11899359
6190	-0.11939355
6191	-0.11865032
6192	-0.11637189
6193	-0.11285698
6194	-0.10818426
6195	-0.10257931
6196	-0.09605660
6197	-0.08827887
6198	-0.07995805
6199	-0.07076330
6200	-0.06074022
6201	-0.04994014
6202	-0.03841716
6203	-0.02616077
6204	-0.01320108
6205	0.00032920
6206	0.01440571
6207	0.02883407
6208	0.04373018
6209	0.05838596
6210	0.07438947
6211	0.08997655
6212	0.10607702
6213	0.12237785
6214	0.13902144
6215	0.15600483
6216	0.17338416
6217	0.19119629
6218	0.20971261
6219	0.22845697
6220	0.24834454
6221	0.26851672
6222	0.28873390
6223	0.31013289
6224	0.33200762
6225	0.35441366
6226	0.37745202
6227	0.40094498
6228	0.42495394
6229	0.44889712
6230	0.47337401
6231	0.49818325
6232	0.52311236
6233	0.54821587
6234	0.57360542
6235	0.59907216
6236	0.62436634
6237	0.64930540
6238	0.67454898
6239	0.69884050
6240	0.72204864
6241	0.74446356
6242	0.76567388
6243	0.78540331
6244	0.80336624
6245	0.81940073
6246	0.83332855
6247	0.84493190
6248	0.85422647
6249	0.86121398
6250	0.86575115
6251	0.86803895
6252	0.86801291
6253	0.86577415
6254	0.86137897
6255	0.85496724
6256	0.84669834
6257	0.83568335
6258	0.82185799
6259	0.80674589
6260	0.79131502
6261	0.77691525
6262	0.75640357
6263	0.73795027
6264	0.72029126
6265	0.70325130
6266	0.68762898
6267	0.67136389
6268	0.65429109
6269	0.63679838
6270	0.61876953
6271	0.60086584
6272	0.58278787
6273	0.56446666
6274	0.54585999
6275	0.52744722
6276	0.50901508
6277	0.49067327
6278	0.47202829
6279	0.45351371
6280	0.43482766
6281	0.41668350
6282	0.39827901
6283	0.37980127
6284	0.36142385
6285	0.34311327
6286	0.32492724
6287	0.30683950
6288	0.28886062
6289	0.27101183
6290	0.25344059
6291	0.23587592
6292	0.21848670
6293	0.20127746
6294	0.18435495
6295	0.16771318
6296	0.15113676
6297	0.13503963
6298	0.11933322
6299	0.10402442
6300	0.08927848
6301	0.07524384
6302	0.06173189
6303	0.04841234
6304	0.03512749
6305	0.02193132
6306	0.00876186
6307	-0.00429936
6308	-0.01691976
6309	-0.02857146
6310	-0.03894916
6311	-0.04829705
6312	-0.05664202
6313	-0.06430358
6314	-0.07120756
6315	-0.07741097
6316	-0.08286489
6317	-0.08733256
6318	-0.09070514
6319	-0.09287651
6320	-0.09376092
6321	-0.09338667
6322	-0.09182734
6323	-0.08925802
6324	-0.08535219
6325	-0.08034719
6326	-0.07444960
6327	-0.06763335
6328	-0.05962441
6329	-0.05096213
6330	-0.04146427
6331	-0.03114156
6332	-0.02001978
6333	-0.00813493
6334	0.00455182
6335	0.01782772
6336	0.03173091
6337	0.04609118
6338	0.06087319
6339	0.07554915
6340	0.09091415
6341	0.10691838
6342	0.12286463
6343	0.13900198
6344	0.15536670
6345	0.17213589
6346	0.18930021
6347	0.20685856
6348	0.22515324
6349	0.24364807
6350	0.26287004
6351	0.28311694
6352	0.30312219
6353	0.32455167
6354	0.34592378
6355	0.36814183
6356	0.39102328
6357	0.41422421
6358	0.43799293
6359	0.46211380
6360	0.48666674
6361	0.51135427
6362	0.53615940
6363	0.56126857
6364	0.58649933
6365	0.61188823
6366	0.63720226
6367	0.66222900
6368	0.68759412
6369	0.71200371
6370	0.73571044
6371	0.75869322
6372	0.78068179
6373	0.80106735
6374	0.81989986
6375	0.83695257
6376	0.85194623
6377	0.86473501
6378	0.87513095
6379	0.88320941
6380	0.88876534
6381	0.89191908
6382	0.89292300
6383	0.89162946
6384	0.88818336
6385	0.88269991
6386	0.87546629
6387	0.86654454
6388	0.85496068
6389	0.84095752
6390	0.82572162
6391	0.81000388
6392	0.79523236
6393	0.77470160
6394	0.75608003
6395	0.73851055
6396	0.72157925
6397	0.70549715
6398	0.68949848
6399	0.67250687
6400	0.65512198
6401	0.63736838
6402	0.61905509
6403	0.60102403
6404	0.58270991
6405	0.56434482
6406	0.54591858
6407	0.52743012
6408	0.50890011
6409	0.49054551
6410	0.47206420
6411	0.45357883
6412	0.43519008
6413	0.41680846
6414	0.39843524
6415	0.38009360
6416	0.36177218
6417	0.34344530
6418	0.32524782
6419	0.30717766
6420	0.28923479
6421	0.27165535
6422	0.25406677
6423	0.23658799
6424	0.21935506
6425	0.20230941
6426	0.18552926
6427	0.16881590
6428	0.15254316
6429	0.13661395
6430	0.12121079
6431	0.10629966
6432	0.09203032
6433	0.07821085
6434	0.06449594
6435	0.05063464
6436	0.03706111
6437	0.02357628
6438	0.01054938
6439	-0.00205916
6440	-0.01359273
6441	-0.02418532
6442	-0.03395725
6443	-0.04292719
6444	-0.05122757
6445	-0.05889938
6446	-0.06584812
6447	-0.07198744
6448	-0.07722659
6449	-0.08137759
6450	-0.08427346
6451	-0.08599086
6452	-0.08680109
6453	-0.08620631
6454	-0.08438343
6455	-0.08145184
6456	-0.07744778
6457	-0.07245209
6458	-0.06623909
6459	-0.05938303
6460	-0.05159866
6461	-0.04294369
6462	-0.03337875
6463	-0.02294237
6464	-0.01169442
6465	0.00035270
6466	0.01306846
6467	0.02637704
6468	0.04015871
6469	0.05436873
6470	0.06901724
6471	0.08338664
6472	0.09886811
6473	0.11459800
6474	0.13025254
6475	0.14654447
6476	0.16292624
6477	0.17946689
6478	0.19676988
6479	0.21434130
6480	0.23258916
6481	0.25104702
6482	0.27011776
6483	0.29003477
6484	0.30987909
6485	0.33054885
6486	0.35179469
6487	0.37346625
6488	0.39577949
6489	0.41857117
6490	0.44188496
6491	0.46560472
6492	0.48983300
6493	0.51424009
6494	0.53888017
6495	0.56370300
6496	0.58868790
6497	0.61376894
6498	0.63876319
6499	0.66377085
6500	0.68816274
6501	0.71266329
6502	0.73594499
6503	0.75861388
6504	0.78019339
6505	0.80044681
6506	0.81923187
6507	0.83635181
6508	0.85134041
6509	0.86422247
6510	0.87478286
6511	0.88285518
6512	0.88863021
6513	0.89191461
6514	0.89284068
6515	0.89147949
6516	0.88784927
6517	0.88207686
6518	0.87438446
6519	0.86451417
6520	0.85139483
6521	0.83701944
6522	0.82085150
6523	0.80694270
6524	0.78893822
6525	0.76867408
6526	0.75082678
6527	0.73351234
6528	0.71715140
6529	0.70125329
6530	0.68482840
6531	0.66691655
6532	0.64963907
6533	0.63163936
6534	0.61386085
6535	0.59526551
6536	0.57682979
6537	0.55825359
6538	0.53965044
6539	0.52109903
6540	0.50260812
6541	0.48418343
6542	0.46572146
6543	0.44732773
6544	0.42876017
6545	0.41048592
6546	0.39224839
6547	0.37402105
6548	0.35586205
6549	0.33781758
6550	0.31981164
6551	0.30188647
6552	0.28415376
6553	0.26659769
6554	0.24924904
6555	0.23211052
6556	0.21513136
6557	0.19840199
6558	0.18177308
6559	0.16565852
6560	0.14994411
6561	0.13469231
6562	0.12002172
6563	0.10582481
6564	0.09199201
6565	0.07824484
6566	0.06455765
6567	0.05115449
6568	0.03792864
6569	0.02524181
6570	0.01273002
6571	0.00114504
6572	-0.00923478
6573	-0.01849130
6574	-0.02671625
6575	-0.03399205
6576	-0.04051971
6577	-0.04626993
6578	-0.05123054
6579	-0.05533943
6580	-0.05846485
6581	-0.06040798
6582	-0.06113500
6583	-0.06062131
6584	-0.05908647
6585	-0.05601724
6586	-0.05170576
6587	-0.04623021
6588	-0.03964218
6589	-0.03210647
6590	-0.02338750
6591	-0.01391973
6592	-0.00358260
6593	0.00753277
6594	0.01954764
6595	0.03224236
6596	0.04549569
6597	0.05934296
6598	0.07364938
6599	0.08817262
6600	0.10324825
6601	0.11844029
6602	0.13411331
6603	0.15009108
6604	0.16649850
6605	0.18302283
6606	0.19988596
6607	0.21712443
6608	0.23477708
6609	0.25291994
6610	0.27152246
6611	0.29062268
6612	0.31031570
6613	0.33046508
6614	0.35123169
6615	0.37234434
6616	0.39386553
6617	0.41610065
6618	0.43852666
6619	0.46171284
6620	0.48541778
6621	0.50932890
6622	0.53354901
6623	0.55781800
6624	0.58235013
6625	0.60696185
6626	0.63173211
6627	0.65635043
6628	0.68143761
6629	0.70621663
6630	0.73035294
6631	0.75413465
6632	0.77724850
6633	0.79941583
6634	0.82054776
6635	0.84017032
6636	0.85822457
6637	0.87439144
6638	0.88846749
6639	0.90030259
6640	0.90975535
6641	0.91682029
6642	0.92130327
6643	0.92340225
6644	0.92317015
6645	0.92074162
6646	0.91613859
6647	0.90960073
6648	0.90125829
6649	0.89126700
6650	0.87920809
6651	0.86476314
6652	0.84999692
6653	0.83418876
6654	0.82073480
6655	0.80122519
6656	0.78247857
6657	0.76478744
6658	0.74786490
6659	0.73204434
6660	0.71611470
6661	0.69916558
6662	0.68181896
6663	0.66397411
6664	0.64601231
6665	0.62762910
6666	0.60937256
6667	0.59067398
6668	0.57227319
6669	0.55379510
6670	0.53527117
6671	0.51685679
6672	0.49840349
6673	0.47994077
6674	0.46150860
6675	0.44289631
6676	0.42467809
6677	0.40607634
6678	0.38771871
6679	0.36946577
6680	0.35115597
6681	0.33325508
6682	0.31542879
6683	0.29774892
6684	0.28033829
6685	0.26302671
6686	0.24589138
6687	0.22903061
6688	0.21237765
6689	0.19597712
6690	0.17982063
6691	0.16411380
6692	0.14886083
6693	0.13411777
6694	0.11993458
6695	0.10611705
6696	0.09245515
6697	0.07890934
6698	0.06586244
6699	0.05313946
6700	0.04090838
6701	0.02906239
6702	0.01811900
6703	0.00819050
6704	-0.00087876
6705	-0.00909572
6706	-0.01658954
6707	-0.02331472
6708	-0.02934608
6709	-0.03448645
6710	-0.03874749
6711	-0.04194060
6712	-0.04397172
6713	-0.04486523
6714	-0.04449034
6715	-0.04299715
6716	-0.04055755
6717	-0.03683304
6718	-0.03202963
6719	-0.02626171
6720	-0.01945685
6721	-0.01156080
6722	-0.00284333
6723	0.00683458
6724	0.01747944
6725	0.02903080
6726	0.04137401
6727	0.05441227
6728	0.06796676
6729	0.08201299
6730	0.09648094
6731	0.11135894
6732	0.12590155
6733	0.14207381
6734	0.15793110
6735	0.17399116
6736	0.19053672
6737	0.20744385
6738	0.22467278
6739	0.24230428
6740	0.26055253
6741	0.27887464
6742	0.29790202
6743	0.31777495
6744	0.33753109
6745	0.35787529
6746	0.37899777
6747	0.40017274
6748	0.42206058
6749	0.44423214
6750	0.46707028
6751	0.49014288
6752	0.51381373
6753	0.53715372
6754	0.56091040
6755	0.58473331
6756	0.60865808
6757	0.63256723
6758	0.65675455
6759	0.68047380
6760	0.70414084
6761	0.72671998
6762	0.74905187
6763	0.77066654
6764	0.79111296
6765	0.81044233
6766	0.82835066
6767	0.84455252
6768	0.85881174
6769	0.87092364
6770	0.88073033
6771	0.88812476
6772	0.89322388
6773	0.89581454
6774	0.89608449
6775	0.89411110
6776	0.88989264
6777	0.88365602
6778	0.87557101
6779	0.86551118
6780	0.85233790
6781	0.83771271
6782	0.82129616
6783	0.80556738
6784	0.78937984
6785	0.76975262
6786	0.75197685
6787	0.73492646
6788	0.71827787
6789	0.70211279
6790	0.68615401
6791	0.66887057
6792	0.65131867
6793	0.63346058
6794	0.61519802
6795	0.59701717
6796	0.57867068
6797	0.56023878
6798	0.54182601
6799	0.52325219
6800	0.50486255
6801	0.48667049
6802	0.46802786
6803	0.44956127
6804	0.43099883
6805	0.41285476
6806	0.39436424
6807	0.37608686
6808	0.35778874
6809	0.33949003
6810	0.32128429
6811	0.30319411
6812	0.28531620
6813	0.26764718
6814	0.25030231
6815	0.23298638
6816	0.21583585
6817	0.19890338
6818	0.18223873
6819	0.16565390
6820	0.14948262
6821	0.13375308
6822	0.11839188
6823	0.10356507
6824	0.08924449
6825	0.07529219
6826	0.06153798
6827	0.04783503
6828	0.03452495
6829	0.02135512
6830	0.00844541
6831	-0.00394636
6832	-0.01531331
6833	-0.02589596
6834	-0.03558566
6835	-0.04457939
6836	-0.05292638
6837	-0.06051742
6838	-0.06735510
6839	-0.07327496
6840	-0.07820162
6841	-0.08205519
6842	-0.08481461
6843	-0.08643635
6844	-0.08690917
6845	-0.08623169
6846	-0.08463881
6847	-0.08167356
6848	-0.07765835
6849	-0.07223664
6850	-0.06597275
6851	-0.05858811
6852	-0.05008863
6853	-0.04057092
6854	-0.02988827
6855	-0.01837277
6856	-0.00608048
6857	0.00689385
6858	0.02032999
6859	0.03432342
6860	0.04870588
6861	0.06355034
6862	0.07812086
6863	0.09364167
6864	0.10976475
6865	0.12594160
6866	0.14241003
6867	0.15931387
6868	0.17659737
6869	0.19439505
6870	0.21268559
6871	0.23174646
6872	0.25106651
6873	0.27116030
6874	0.29209754
6875	0.31293067
6876	0.33496583
6877	0.35703680
6878	0.37987158
6879	0.40326378
6880	0.42705014
6881	0.45127961
6882	0.47595793
6883	0.50087321
6884	0.52610946
6885	0.55150402
6886	0.57716292
6887	0.60299122
6888	0.62877709
6889	0.65450603
6890	0.68017751
6891	0.70517123
6892	0.72933924
6893	0.75282168
6894	0.77516615
6895	0.79612148
6896	0.81564695
6897	0.83307588
6898	0.84845126
6899	0.86140722
6900	0.87177598
6901	0.87956625
6902	0.88471162
6903	0.88727617
6904	0.88739091
6905	0.88505101
6906	0.88053566
6907	0.87399584
6908	0.86552644
6909	0.85472578
6910	0.84112024
6911	0.82638270
6912	0.80988693
6913	0.79698521
6914	0.77752560
6915	0.75845015
6916	0.74088067
6917	0.72370583
6918	0.70761341
6919	0.69193161
6920	0.67523813
6921	0.65747225
6922	0.63982761
6923	0.62189800
6924	0.60372531
6925	0.58536887
6926	0.56691724
6927	0.54834342
6928	0.52972221
6929	0.51108092
6930	0.49257103
6931	0.47407421
6932	0.45568404
6933	0.43730855
6934	0.41874430
6935	0.40037882
6936	0.38202971
6937	0.36368260
6938	0.34548900
6939	0.32742745
6940	0.30939668
6941	0.29129905
6942	0.27350527
6943	0.25593686
6944	0.23839375
6945	0.22101018
6946	0.20384893
6947	0.18689623
6948	0.17017406
6949	0.15359885
6950	0.13762887
6951	0.12205260
6952	0.10702599
6953	0.09247272
6954	0.07851768
6955	0.06495267
6956	0.05155408
6957	0.03858977
6958	0.02592096
6959	0.01357870
6960	0.00156490
6961	-0.01001776
6962	-0.02055811
6963	-0.03004848
6964	-0.03860854
6965	-0.04631855
6966	-0.05333161
6967	-0.05972382
6968	-0.06547036
6969	-0.07034776
6970	-0.07420045
6971	-0.07690064
6972	-0.07826994
6973	-0.07827332
6974	-0.07695246
6975	-0.07448649
6976	-0.07102823
6977	-0.06629378
6978	-0.06058346
6979	-0.05392341
6980	-0.04636087
6981	-0.03777005
6982	-0.02840762
6983	-0.01820127
6984	-0.00708546
6985	0.00483982
6986	0.01751184
6987	0.03093535
6988	0.04484263
6989	0.05926410
6990	0.07390628
6991	0.08876693
6992	0.10342292
6993	0.11860125
6994	0.13427879
6995	0.15023485
6996	0.16646427
6997	0.18319121
6998	0.20090005
6999	0.21840055
7000	0.23637635
7001	0.25468326
7002	0.27372250
7003	0.29376218
7004	0.31376052
7005	0.33501643
7006	0.35650307
7007	0.37825942
7008	0.40073624
7009	0.42339373
7010	0.44630492
7011	0.46949339
7012	0.49311250
7013	0.51692551
7014	0.54103982
7015	0.56528622
7016	0.58966506
7017	0.61406142
7018	0.63843381
7019	0.66278887
7020	0.68677676
7021	0.71004671
7022	0.73319429
7023	0.75535804
7024	0.77641594
7025	0.79625690
7026	0.81465036
7027	0.83144832
7028	0.84621334
7029	0.85891771
7030	0.86936289
7031	0.87759632
7032	0.88327801
7033	0.88661498
7034	0.88770700
7035	0.88658780
7036	0.88327688
7037	0.87799364
7038	0.87072712
7039	0.86176026
7040	0.85091972
7041	0.83725905
7042	0.82240605
7043	0.80606699
7044	0.79145026
7045	0.77450007
7046	0.75482124
7047	0.73687708
7048	0.71932936
7049	0.70235276
7050	0.68634343
7051	0.67019868
7052	0.65338957
7053	0.63593906
7054	0.61783612
7055	0.59985292
7056	0.58163506
7057	0.56316334
7058	0.54472762
7059	0.52621996
7060	0.50779134
7061	0.48926225
7062	0.47076666
7063	0.45223495
7064	0.43374816
7065	0.41532308
7066	0.39694175
7067	0.37858975
7068	0.36009625
7069	0.34178945
7070	0.32358050
7071	0.30547681
7072	0.28753144
7073	0.26971197
7074	0.25218323
7075	0.23462161
7076	0.21719675
7077	0.20008193
7078	0.18309516
7079	0.16639894
7080	0.14985470
7081	0.13387822
7082	0.11830448
7083	0.10329611
7084	0.08885730
7085	0.07506194
7086	0.06156090
7087	0.04823840
7088	0.03509273
7089	0.02232323
7090	0.00964065
7091	-0.00282128
7092	-0.01516184
7093	-0.02662939
7094	-0.03695741
7095	-0.04594989
7096	-0.05369059
7097	-0.06015410
7098	-0.06564865
7099	-0.07017794
7100	-0.07380610
7101	-0.07648615
7102	-0.07811196
7103	-0.07859484
7104	-0.07785407
7105	-0.07594516
7106	-0.07299042
7107	-0.06868094
7108	-0.06328414
7109	-0.05683472
7110	-0.04945260
7111	-0.04122669
7112	-0.03183490
7113	-0.02178621
7114	-0.01091649
7115	0.00085614
7116	0.01333350
7117	0.02651107
7118	0.04024321
7119	0.05439912
7120	0.06875814
7121	0.08358078
7122	0.09848668
7123	0.11378559
7124	0.12951174
7125	0.14527756
7126	0.16126102
7127	0.17752799
7128	0.19399580
7129	0.21073429
7130	0.22781348
7131	0.24537954
7132	0.26299277
7133	0.28130338
7134	0.30045155
7135	0.31934249
7136	0.33917657
7137	0.35974908
7138	0.38023356
7139	0.40156725
7140	0.42340514
7141	0.44565877
7142	0.46854144
7143	0.49186939
7144	0.51566470
7145	0.53969455
7146	0.56403047
7147	0.58847946
7148	0.61305594
7149	0.63759089
7150	0.66232514
7151	0.68662846
7152	0.71053821
7153	0.73385566
7154	0.75657737
7155	0.77839530
7156	0.79915953
7157	0.81859070
7158	0.83656216
7159	0.85279518
7160	0.86705893
7161	0.87916368
7162	0.88907343
7163	0.89659625
7164	0.90184629
7165	0.90490538
7166	0.90571123
7167	0.90416986
7168	0.90052617
7169	0.89487678
7170	0.88707662
7171	0.87592596
7172	0.86247146
7173	0.84645993
7174	0.83145136
7175	0.81505370
7176	0.79438603
7177	0.77630180
7178	0.75894082
7179	0.74240369
7180	0.72653389
7181	0.71045101
7182	0.69347399
7183	0.67612731
7184	0.65831763
7185	0.64040703
7186	0.62198418
7187	0.60379028
7188	0.58532751
7189	0.56681919
7190	0.54808199
7191	0.52985138
7192	0.51149791
7193	0.49313337
7194	0.47454062
7195	0.45606819
7196	0.43763953
7197	0.41927794
7198	0.40099224
7199	0.38256818
7200	0.36444509
7201	0.34638706
7202	0.32842201
7203	0.31055185
7204	0.29296529
7205	0.27542031
7206	0.25814015
7207	0.24098121
7208	0.22401766
7209	0.20729001
7210	0.19061683
7211	0.17442003
7212	0.15866794
7213	0.14342287
7214	0.12869129
7215	0.11465167
7216	0.10107651
7217	0.08774722
7218	0.07460547
7219	0.06174839
7220	0.04903318
7221	0.03659454
7222	0.02446294
7223	0.01332582
7224	0.00327486
7225	-0.00584802
7226	-0.01411432
7227	-0.02154622
7228	-0.02833248
7229	-0.03433117
7230	-0.03941233
7231	-0.04352934
7232	-0.04645763
7233	-0.04819319
7234	-0.04863755
7235	-0.04779726
7236	-0.04589498
7237	-0.04252257
7238	-0.03796683
7239	-0.03208827
7240	-0.02540351
7241	-0.01774614
7242	-0.00907888
7243	0.00041548
7244	0.01083834
7245	0.02194914
7246	0.03387438
7247	0.04644854
7248	0.05959223
7249	0.07328846
7250	0.08745251
7251	0.10198508
7252	0.11700702
7253	0.13186915
7254	0.14748010
7255	0.16400222
7256	0.18032329
7257	0.19686674
7258	0.21362841
7259	0.23071158
7260	0.24822491
7261	0.26642001
7262	0.28484032
7263	0.30401582
7264	0.32378596
7265	0.34410354
7266	0.36534593
7267	0.38603860
7268	0.40762189
7269	0.42976552
7270	0.45212173
7271	0.47462505
7272	0.49758029
7273	0.52076572
7274	0.54415679
7275	0.56790298
7276	0.59186387
7277	0.61603040
7278	0.64027345
7279	0.66471934
7280	0.68889153
7281	0.71330893
7282	0.73646051
7283	0.75963038
7284	0.78210843
7285	0.80378950
7286	0.82441044
7287	0.84363621
7288	0.86144173
7289	0.87745148
7290	0.89161599
7291	0.90360779
7292	0.91339874
7293	0.92091835
7294	0.92623311
7295	0.92925817
7296	0.93008423
7297	0.92880648
7298	0.92549962
7299	0.92022318
7300	0.91304338
7301	0.90274644
7302	0.88978428
7303	0.87436861
7304	0.86034608
7305	0.84314907
7306	0.82214844
7307	0.80381531
7308	0.78587717
7309	0.76903915
7310	0.75308079
7311	0.73713356
7312	0.71998924
7313	0.70245153
7314	0.68476206
7315	0.66678804
7316	0.64867216
7317	0.63029557
7318	0.61166179
7319	0.59325343
7320	0.57478535
7321	0.55641687
7322	0.53809130
7323	0.51952475
7324	0.50116140
7325	0.48312029
7326	0.46443126
7327	0.44604096
7328	0.42759979
7329	0.40933889
7330	0.39101920
7331	0.37293354
7332	0.35496077
7333	0.33707833
7334	0.31944191
7335	0.30176461
7336	0.28425822
7337	0.26699534
7338	0.24965893
7339	0.23315066
7340	0.21646318
7341	0.20027176
7342	0.18449944
7343	0.16911717
7344	0.15443692
7345	0.14035435
7346	0.12680824
7347	0.11342424
7348	0.09994135
7349	0.08633447
7350	0.07283792
7351	0.05961509
7352	0.04692314
7353	0.03555202
7354	0.02526109
7355	0.01583178
7356	0.00719836
7357	-0.00075550
7358	-0.00815303
7359	-0.01473295
7360	-0.02050386
7361	-0.02521052
7362	-0.02878358
7363	-0.03095281
7364	-0.03176839
7365	-0.03134399
7366	-0.02980492
7367	-0.02677857
7368	-0.02262696
7369	-0.01736874
7370	-0.01110759
7371	-0.00365984
7372	0.00449667
7373	0.01355823
7374	0.02355599
7375	0.03431774
7376	0.04590697
7377	0.05822359
7378	0.07119874
7379	0.08470491
7380	0.09857742
7381	0.11278361
7382	0.12720907
7383	0.14219852
7384	0.15766048
7385	0.17324512
7386	0.18914355
7387	0.20528783
7388	0.22158065
7389	0.23816518
7390	0.25500053
7391	0.27217844
7392	0.28998134
7393	0.30787370
7394	0.32668725
7395	0.34607023
7396	0.36540246
7397	0.38586783
7398	0.40648258
7399	0.42776769
7400	0.44971436
7401	0.47188208
7402	0.49484041
7403	0.51790869
7404	0.54124588
7405	0.56494236
7406	0.58895594
7407	0.61324453
7408	0.63770545
7409	0.66237080
7410	0.68713355
7411	0.71172673
7412	0.73586828
7413	0.75980449
7414	0.78319198
7415	0.80611253
7416	0.82758439
7417	0.84802687
7418	0.86714417
7419	0.88469428
7420	0.90034401
7421	0.91394013
7422	0.92521876
7423	0.93413901
7424	0.94048804
7425	0.94437498
7426	0.94579136
7427	0.94498026
7428	0.94182926
7429	0.93662328
7430	0.92940378
7431	0.91997844
7432	0.90748268
7433	0.89355481
7434	0.87737966
7435	0.86297041
7436	0.84670991
7437	0.82703203
7438	0.80935377
7439	0.79220128
7440	0.77574980
7441	0.75992316
7442	0.74372876
7443	0.72648233
7444	0.70897365
7445	0.69116217
7446	0.67304152
7447	0.65446961
7448	0.63604271
7449	0.61764693
7450	0.59908116
7451	0.58057219
7452	0.56209773
7453	0.54356796
7454	0.52506381
7455	0.50661737
7456	0.48816368
7457	0.46987709
7458	0.45153633
7459	0.43340921
7460	0.41496626
7461	0.39684871
7462	0.37871912
7463	0.36070058
7464	0.34290648
7465	0.32531264
7466	0.30787081
7467	0.29062462
7468	0.27353913
7469	0.25665674
7470	0.23991637
7471	0.22358763
7472	0.20762585
7473	0.19210406
7474	0.17708945
7475	0.16260062
7476	0.14863485
7477	0.13492407
7478	0.12138766
7479	0.10788555
7480	0.09447342
7481	0.08125646
7482	0.06809828
7483	0.05567276
7484	0.04411884
7485	0.03329695
7486	0.02336102
7487	0.01424520
7488	0.00584750
7489	-0.00174235
7490	-0.00843505
7491	-0.01416733
7492	-0.01867828
7493	-0.02191741
7494	-0.02387459
7495	-0.02464098
7496	-0.02418842
7497	-0.02223082
7498	-0.01905956
7499	-0.01453874
7500	-0.00923827
7501	-0.00285345
7502	0.00449798
7503	0.01281223
7504	0.02212741
7505	0.03232466
7506	0.04336430
7507	0.05524278
7508	0.06773292
7509	0.08084085
7510	0.09444182
7511	0.10836063
7512	0.12263042
7513	0.13671839
7514	0.15168051
7515	0.16697417
7516	0.18248354
7517	0.19834633
7518	0.21456069
7519	0.23108858
7520	0.24796011
7521	0.26528901
7522	0.28306094
7523	0.30153525
7524	0.32014492
7525	0.33949357
7526	0.35929793
7527	0.37959039
7528	0.40057135
7529	0.42208055
7530	0.44417280
7531	0.46681249
7532	0.48948899
7533	0.51316661
7534	0.53714937
7535	0.56069529
7536	0.58477271
7537	0.60895592
7538	0.63339126
7539	0.65785706
7540	0.68270850
7541	0.70733923
7542	0.73162174
7543	0.75572097
7544	0.77933687
7545	0.80222005
7546	0.82417512
7547	0.84503478
7548	0.86459565
7549	0.88255680
7550	0.89868659
7551	0.91282988
7552	0.92467123
7553	0.93413943
7554	0.94114989
7555	0.94553185
7556	0.94752693
7557	0.94722784
7558	0.94459385
7559	0.93966746
7560	0.93261898
7561	0.92357141
7562	0.91259587
7563	0.89869690
7564	0.88364255
7565	0.86734658
7566	0.85187048
7567	0.83657348
7568	0.81739199
7569	0.79959965
7570	0.78238326
7571	0.76576877
7572	0.74948835
7573	0.73322642
7574	0.71617597
7575	0.69910622
7576	0.68087614
7577	0.66290426
7578	0.64475214
7579	0.62602335
7580	0.60772258
7581	0.58915067
7582	0.57049990
7583	0.55199695
7584	0.53351516
7585	0.51503366
7586	0.49653372
7587	0.47818366
7588	0.45975184
7589	0.44121850
7590	0.42257115
7591	0.40444431
7592	0.38624024
7593	0.36800200
7594	0.34988105
7595	0.33184808
7596	0.31398547
7597	0.29636431
7598	0.27895620
7599	0.26171702
7600	0.24473009
7601	0.22800229
7602	0.21142684
7603	0.19531386
7604	0.17958568
7605	0.16434875
7606	0.14954993
7607	0.13520454
7608	0.12103182
7609	0.10684127
7610	0.09284152
7611	0.07904317
7612	0.06568526
7613	0.05281710
7614	0.04051965
7615	0.02934847
7616	0.01912970
7617	0.00976879
7618	0.00113587
7619	-0.00678890
7620	-0.01402272
7621	-0.02043349
7622	-0.02590155
7623	-0.03030303
7624	-0.03351449
7625	-0.03547348
7626	-0.03623381
7627	-0.03611107
7628	-0.03450305
7629	-0.03171540
7630	-0.02785154
7631	-0.02303704
7632	-0.01728695
7633	-0.01070180
7634	-0.00306918
7635	0.00525434
7636	0.01433506
7637	0.02424495
7638	0.03502190
7639	0.04659908
7640	0.05897052
7641	0.07199328
7642	0.08558372
7643	0.09981053
7644	0.11428823
7645	0.12921876
7646	0.14479001
7647	0.16084322
7648	0.17707810
7649	0.19360867
7650	0.21042207
7651	0.22758697
7652	0.24509050
7653	0.26310137
7654	0.28180742
7655	0.30064467
7656	0.32021794
7657	0.34081331
7658	0.36103874
7659	0.38221860
7660	0.40390640
7661	0.42598563
7662	0.44840214
7663	0.47106290
7664	0.49419048
7665	0.51753366
7666	0.54117244
7667	0.56516498
7668	0.58939677
7669	0.61390907
7670	0.63849229
7671	0.66324347
7672	0.68773925
7673	0.71259856
7674	0.73603302
7675	0.75959742
7676	0.78236073
7677	0.80432123
7678	0.82529652
7679	0.84469861
7680	0.86271060
7681	0.87896693
7682	0.89322031
7683	0.90529704
7684	0.91507733
7685	0.92243427
7686	0.92728925
7687	0.92974198
7688	0.92983556
7689	0.92759717
7690	0.92317593
7691	0.91657138
7692	0.90803558
7693	0.89760482
7694	0.88417363
7695	0.86936271
7696	0.85294992
7697	0.83782727
7698	0.82241684
7699	0.80324507
7700	0.78523755
7701	0.76794660
7702	0.75122035
7703	0.73516524
7704	0.71922338
7705	0.70273489
7706	0.68487942
7707	0.66696155
7708	0.64836973
7709	0.63026828
7710	0.61222881
7711	0.59353578
7712	0.57497215
7713	0.55634922
7714	0.53781074
7715	0.51934773
7716	0.50096375
7717	0.48257837
7718	0.46430674
7719	0.44595417
7720	0.42758903
7721	0.40940374
7722	0.39112499
7723	0.37292874
7724	0.35481492
7725	0.33682227
7726	0.31892386
7727	0.30116203
7728	0.28349492
7729	0.26602542
7730	0.24874242
7731	0.23169409
7732	0.21471918
7733	0.19811943
7734	0.18189447
7735	0.16612685
7736	0.15089913
7737	0.13623272
7738	0.12217166
7739	0.10863549
7740	0.09537765
7741	0.08224864
7742	0.06941669
7743	0.05691343
7744	0.04480307
7745	0.03306984
7746	0.02202979
7747	0.01211479
7748	0.00315368
7749	-0.00480611
7750	-0.01184212
7751	-0.01808717
7752	-0.02356585
7753	-0.02818169
7754	-0.03190135
7755	-0.03460811
7756	-0.03620601
7757	-0.03662894
7758	-0.03590554
7759	-0.03424083
7760	-0.03116988
7761	-0.02694740
7762	-0.02171142
7763	-0.01546991
7764	-0.00829630
7765	-0.00012178
7766	0.00869656
7767	0.01830792
7768	0.02872087
7769	0.03987227
7770	0.05174007
7771	0.06429050
7772	0.07751437
7773	0.09118861
7774	0.10518082
7775	0.11970018
7776	0.13443626
7777	0.14967032
7778	0.16523200
7779	0.18109323
7780	0.19725084
7781	0.21387909
7782	0.23060459
7783	0.24763060
7784	0.26501980
7785	0.28301522
7786	0.30113330
7787	0.31996849
7788	0.33931872
7789	0.35919490
7790	0.37965420
7791	0.40056771
7792	0.42193857
7793	0.44358155
7794	0.46546072
7795	0.48742855
7796	0.50990641
7797	0.53246313
7798	0.55544329
7799	0.57851386
7800	0.60198021
7801	0.62563217
7802	0.64935678
7803	0.67339462
7804	0.69726855
7805	0.72107244
7806	0.74444330
7807	0.76761431
7808	0.79018497
7809	0.81197929
7810	0.83286136
7811	0.85251158
7812	0.87086684
7813	0.88746792
7814	0.90223402
7815	0.91478533
7816	0.92503500
7817	0.93291855
7818	0.93824482
7819	0.94118166
7820	0.94169629
7821	0.93989694
7822	0.93584925
7823	0.92959970
7824	0.92134935
7825	0.91129160
7826	0.89940453
7827	0.88470823
7828	0.86958951
7829	0.85319924
7830	0.84011978
7831	0.82164210
7832	0.80226892
7833	0.78457254
7834	0.76711398
7835	0.75074703
7836	0.73489159
7837	0.71831775
7838	0.70096922
7839	0.68332332
7840	0.66545582
7841	0.64741927
7842	0.62890351
7843	0.61043108
7844	0.59193391
7845	0.57343644
7846	0.55504507
7847	0.53640133
7848	0.51788813
7849	0.49949995
7850	0.48114452
7851	0.46275863
7852	0.44444808
7853	0.42579553
7854	0.40733200
7855	0.38903114
7856	0.37075278
7857	0.35267341
7858	0.33469087
7859	0.31687829
7860	0.29918417
7861	0.28166023
7862	0.26433915
7863	0.24703762
7864	0.23040235
7865	0.21368572
7866	0.19732922
7867	0.18139620
7868	0.16581072
7869	0.15067673
7870	0.13613829
7871	0.12211364
7872	0.10829900
7873	0.09459835
7874	0.08109353
7875	0.06744738
7876	0.05379036
7877	0.04010135
7878	0.02729691
7879	0.01562625
7880	0.00498283
7881	-0.00476500
7882	-0.01362857
7883	-0.02176708
7884	-0.02910844
7885	-0.03567794
7886	-0.04127794
7887	-0.04582236
7888	-0.04918117
7889	-0.05123649
7890	-0.05199222
7891	-0.05134345
7892	-0.04964754
7893	-0.04638936
7894	-0.04190408
7895	-0.03620259
7896	-0.02943343
7897	-0.02184954
7898	-0.01352414
7899	-0.00440694
7900	0.00545391
7901	0.01602909
7902	0.02722243
7903	0.03916647
7904	0.05166964
7905	0.06468516
7906	0.07826143
7907	0.09223584
7908	0.10640933
7909	0.12116665
7910	0.13638449
7911	0.15182294
7912	0.16751848
7913	0.18355636
7914	0.19963577
7915	0.21629481
7916	0.23343699
7917	0.25077322
7918	0.26845872
7919	0.28679138
7920	0.30524912
7921	0.32470292
7922	0.34388873
7923	0.36387205
7924	0.38473025
7925	0.40538618
7926	0.42713642
7927	0.44937053
7928	0.47183332
7929	0.49536216
7930	0.51890868
7931	0.54261559
7932	0.56655049
7933	0.59066862
7934	0.61487240
7935	0.63913012
7936	0.66356283
7937	0.68743324
7938	0.71191412
7939	0.73515522
7940	0.75813770
7941	0.78038502
7942	0.80174083
7943	0.82202625
7944	0.84089106
7945	0.85829222
7946	0.87387145
7947	0.88733858
7948	0.89860517
7949	0.90743834
7950	0.91383070
7951	0.91786242
7952	0.91927350
7953	0.91827297
7954	0.91496885
7955	0.90948498
7956	0.90201175
7957	0.89270312
7958	0.88174516
7959	0.86841971
7960	0.85337859
7961	0.83783114
7962	0.82262444
7963	0.80736506
7964	0.78735930
7965	0.76894122
7966	0.75112033
7967	0.73458856
7968	0.71834189
7969	0.70212609
7970	0.68514979
7971	0.66762412
7972	0.64972925
7973	0.63139421
7974	0.61325765
7975	0.59466988
7976	0.57638228
7977	0.55797625
7978	0.53957838
7979	0.52117062
7980	0.50271928
7981	0.48444483
7982	0.46582931
7983	0.44743696
7984	0.42908430
7985	0.41067350
7986	0.39241365
7987	0.37409160
7988	0.35582450
7989	0.33760151
7990	0.31961554
7991	0.30182996
7992	0.28433269
7993	0.26684916
7994	0.24948280
7995	0.23235384
7996	0.21543115
7997	0.19872552
7998	0.18213341
7999	0.16611263
8000	0.15056519
8001	0.13551487
8002	0.12104104
8003	0.10710401
8004	0.09367891
8005	0.08048045
8006	0.06748207
8007	0.05498292
8008	0.04258202
8009	0.03047796
8010	0.01864887
8011	0.00777827
8012	-0.00191480
8013	-0.01052500
8014	-0.01812778
8015	-0.02494504
8016	-0.03102296
8017	-0.03637454
8018	-0.04087730
8019	-0.04440264
8020	-0.04687655
8021	-0.04815175
8022	-0.04810211
8023	-0.04672811
8024	-0.04411290
8025	-0.04047086
8026	-0.03554009
8027	-0.02951322
8028	-0.02251881
8029	-0.01447320
8030	-0.00565601
8031	0.00397111
8032	0.01437995
8033	0.02559610
8034	0.03761524
8035	0.05032909
8036	0.06369091
8037	0.07755274
8038	0.09185655
8039	0.10656515
8040	0.12107494
8041	0.13649429
8042	0.15212779
8043	0.16860625
8044	0.18478386
8045	0.20114574
8046	0.21796697
8047	0.23520277
8048	0.25280371
8049	0.27100673
8050	0.28947988
8051	0.30856547
8052	0.32856491
8053	0.34839067
8054	0.36924708
8055	0.39033738
8056	0.41163200
8057	0.43381768
8058	0.45652121
8059	0.47964823
8060	0.50309098
8061	0.52695829
8062	0.55090386
8063	0.57508820
8064	0.59940642
8065	0.62380236
8066	0.64802259
8067	0.67271209
8068	0.69694299
8069	0.72082216
8070	0.74431044
8071	0.76712173
8072	0.78923309
8073	0.81011087
8074	0.82977194
8075	0.84790623
8076	0.86430711
8077	0.87873018
8078	0.89105499
8079	0.90115750
8080	0.90904140
8081	0.91471457
8082	0.91809136
8083	0.91937530
8084	0.91856390
8085	0.91573733
8086	0.91098255
8087	0.90440732
8088	0.89607435
8089	0.88617861
8090	0.87451255
8091	0.86016726
8092	0.84552622
8093	0.82932293
8094	0.81530923
8095	0.79639935
8096	0.77715063
8097	0.75941545
8098	0.74205846
8099	0.72563338
8100	0.70954156
8101	0.69292551
8102	0.67573363
8103	0.65822279
8104	0.64055598
8105	0.62255234
8106	0.60404402
8107	0.58573526
8108	0.56728387
8109	0.54868144
8110	0.53013694
8111	0.51160938
8112	0.49305934
8113	0.47448251
8114	0.45597970
8115	0.43747023
8116	0.41887403
8117	0.40067822
8118	0.38235542
8119	0.36412120
8120	0.34596759
8121	0.32785493
8122	0.30995697
8123	0.29237825
8124	0.27486187
8125	0.25752428
8126	0.24037519
8127	0.22340557
8128	0.20665227
8129	0.19004577
8130	0.17386927
8131	0.15806238
8132	0.14278394
8133	0.12798767
8134	0.11384316
8135	0.10025417
8136	0.08681033
8137	0.07347488
8138	0.06031428
8139	0.04729436
8140	0.03459921
8141	0.02227916
8142	0.01078637
8143	0.00061598
8144	-0.00836709
8145	-0.01629012
8146	-0.02339452
8147	-0.02971856
8148	-0.03530530
8149	-0.04010766
8150	-0.04394125
8151	-0.04658724
8152	-0.04800744
8153	-0.04799732
8154	-0.04663987
8155	-0.04406065
8156	-0.04020374
8157	-0.03547683
8158	-0.02946246
8159	-0.02252096
8160	-0.01466960
8161	-0.00607420
8162	0.00355951
8163	0.01373314
8164	0.02471501
8165	0.03649113
8166	0.04887082
8167	0.06185667
8168	0.07513520
8169	0.08909240
8170	0.10349503
8171	0.11836522
8172	0.13342960
8173	0.14924566
8174	0.16524491
8175	0.18153881
8176	0.19819574
8177	0.21503295
8178	0.23261353
8179	0.25047785
8180	0.26902863
8181	0.28763607
8182	0.30695111
8183	0.32654259
8184	0.34693298
8185	0.36760640
8186	0.38895968
8187	0.41035932
8188	0.43244067
8189	0.45505485
8190	0.47799596
8191	0.50176287
8192	0.52535194
8193	0.54964978
8194	0.57413197
8195	0.59878165
8196	0.62354106
8197	0.64859200
8198	0.67342544
8199	0.69825774
8200	0.72219616
8201	0.74595088
8202	0.76909536
8203	0.79125023
8204	0.81230217
8205	0.83205318
8206	0.85032451
8207	0.86689830
8208	0.88150549
8209	0.89408249
8210	0.90445751
8211	0.91253287
8212	0.91846138
8213	0.92204654
8214	0.92344779
8215	0.92265153
8216	0.91974336
8217	0.91469097
8218	0.90771168
8219	0.89884233
8220	0.88825560
8221	0.87499422
8222	0.86015856
8223	0.84434360
8224	0.82892716
8225	0.81377512
8226	0.79442149
8227	0.77644885
8228	0.75921208
8229	0.74264103
8230	0.72664660
8231	0.71066636
8232	0.69370592
8233	0.67633641
8234	0.65855139
8235	0.64053869
8236	0.62214226
8237	0.60399139
8238	0.58557147
8239	0.56701756
8240	0.54851019
8241	0.52998811
8242	0.51160020
8243	0.49333572
8244	0.47480160
8245	0.45637882
8246	0.43791744
8247	0.41948003
8248	0.40120938
8249	0.38281104
8250	0.36464816
8251	0.34658346
8252	0.32862711
8253	0.31081602
8254	0.29322910
8255	0.27563483
8256	0.25823930
8257	0.24106739
8258	0.22413115
8259	0.20744517
8260	0.19089937
8261	0.17482579
8262	0.15921092
8263	0.14401625
8264	0.12937140
8265	0.11535783
8266	0.10189426
8267	0.08852020
8268	0.07527062
8269	0.06214248
8270	0.04912283
8271	0.03632987
8272	0.02411374
8273	0.01328074
8274	0.00369404
8275	-0.00489504
8276	-0.01271427
8277	-0.01983425
8278	-0.02638961
8279	-0.03236854
8280	-0.03744503
8281	-0.04162801
8282	-0.04472633
8283	-0.04665443
8284	-0.04733449
8285	-0.04688289
8286	-0.04546000
8287	-0.04260511
8288	-0.03864237
8289	-0.03368488
8290	-0.02773623
8291	-0.02085873
8292	-0.01285462
8293	-0.00428846
8294	0.00529492
8295	0.01549865
8296	0.02660712
8297	0.03833841
8298	0.05078424
8299	0.06378380
8300	0.07727182
8301	0.09124418
8302	0.10540467
8303	0.11983349
8304	0.13469610
8305	0.14992870
8306	0.16524588
8307	0.18077907
8308	0.19656004
8309	0.21263702
8310	0.22905025
8311	0.24577066
8312	0.26316449
8313	0.28056392
8314	0.29862806
8315	0.31730491
8316	0.33658224
8317	0.35661101
8318	0.37702161
8319	0.39742684
8320	0.41901433
8321	0.44102904
8322	0.46348277
8323	0.48657238
8324	0.50985807
8325	0.53348649
8326	0.55731875
8327	0.58135372
8328	0.60563797
8329	0.63005239
8330	0.65459710
8331	0.67867291
8332	0.70320857
8333	0.72681069
8334	0.75003231
8335	0.77249241
8336	0.79398507
8337	0.81434840
8338	0.83323526
8339	0.85057741
8340	0.86605579
8341	0.87943929
8342	0.89059830
8343	0.89937490
8344	0.90574390
8345	0.90976572
8346	0.91141593
8347	0.91058266
8348	0.90755212
8349	0.90241367
8350	0.89529938
8351	0.88584471
8352	0.87331539
8353	0.85894126
8354	0.84234041
8355	0.82767367
8356	0.81048065
8357	0.79056019
8358	0.77267557
8359	0.75529522
8360	0.73871940
8361	0.72293550
8362	0.70680261
8363	0.69041461
8364	0.67266059
8365	0.65476024
8366	0.63673085
8367	0.61828595
8368	0.60004586
8369	0.58141392
8370	0.56305939
8371	0.54467189
8372	0.52618033
8373	0.50781018
8374	0.48938373
8375	0.47075638
8376	0.45241347
8377	0.43410996
8378	0.41567364
8379	0.39735347
8380	0.37902176
8381	0.36083078
8382	0.34267381
8383	0.32478532
8384	0.30705389
8385	0.28961962
8386	0.27217194
8387	0.25492889
8388	0.23787521
8389	0.22103406
8390	0.20449436
8391	0.18805735
8392	0.17211419
8393	0.15674190
8394	0.14182405
8395	0.12749435
8396	0.11364403
8397	0.10012145
8398	0.08668821
8399	0.07359531
8400	0.06077809
8401	0.04818794
8402	0.03591682
8403	0.02422012
8404	0.01370028
8405	0.00413974
8406	-0.00448174
8407	-0.01245055
8408	-0.01975564
8409	-0.02648647
8410	-0.03262461
8411	-0.03792168
8412	-0.04230082
8413	-0.04555868
8414	-0.04765328
8415	-0.04845226
8416	-0.04798353
8417	-0.04657057
8418	-0.04375935
8419	-0.03978763
8420	-0.03485380
8421	-0.02893699
8422	-0.02217427
8423	-0.01431108
8424	-0.00579717
8425	0.00358851
8426	0.01375457
8427	0.02476430
8428	0.03660069
8429	0.04921629
8430	0.06252131
8431	0.07635325
8432	0.09065740
8433	0.10516810
8434	0.12001023
8435	0.13524123
8436	0.15074429
8437	0.16666131
8438	0.18261848
8439	0.19882071
8440	0.21530600
8441	0.23203085
8442	0.24915940
8443	0.26662025
8444	0.28476962
8445	0.30301276
8446	0.32217023
8447	0.34188640
8448	0.36160094
8449	0.38233313
8450	0.40356457
8451	0.42512518
8452	0.44723815
8453	0.46964940
8454	0.49240753
8455	0.51563936
8456	0.53869665
8457	0.56230807
8458	0.58607858
8459	0.61007929
8460	0.63417286
8461	0.65864456
8462	0.68294787
8463	0.70709354
8464	0.73094541
8465	0.75450134
8466	0.77751213
8467	0.79965395
8468	0.82086420
8469	0.84089124
8470	0.85945332
8471	0.87634867
8472	0.89130175
8473	0.90416133
8474	0.91474497
8475	0.92299199
8476	0.92890579
8477	0.93250340
8478	0.93368012
8479	0.93286312
8480	0.93002564
8481	0.92529184
8482	0.91878283
8483	0.91067982
8484	0.90113151
8485	0.88970506
8486	0.87572759
8487	0.86136448
8488	0.84558707
8489	0.83239883
8490	0.81296301
8491	0.79395020
8492	0.77627534
8493	0.75927955
8494	0.74309623
8495	0.72694725
8496	0.70982438
8497	0.69235837
8498	0.67483598
8499	0.65697134
8500	0.63886625
8501	0.62036246
8502	0.60211462
8503	0.58370304
8504	0.56521267
8505	0.54671919
8506	0.52822495
8507	0.50967842
8508	0.49134469
8509	0.47290385
8510	0.45455962
8511	0.43622035
8512	0.41779664
8513	0.39943603
8514	0.38096985
8515	0.36263511
8516	0.34460098
8517	0.32671112
8518	0.30916157
8519	0.29164436
8520	0.27429780
8521	0.25715849
8522	0.24031134
8523	0.22373518
8524	0.20734669
8525	0.19138262
8526	0.17582425
8527	0.16077709
8528	0.14622773
8529	0.13202141
8530	0.11783620
8531	0.10344112
8532	0.08886508
8533	0.07413351
8534	0.05944448
8535	0.04540606
8536	0.03241168
8537	0.02041688
8538	0.00918499
8539	-0.00151186
8540	-0.01180538
8541	-0.02167128
8542	-0.03108406
8543	-0.03971124
8544	-0.04738097
8545	-0.05377903
8546	-0.05882730
8547	-0.06243587
8548	-0.06488491
8549	-0.06584556
8550	-0.06541068
8551	-0.06379108
8552	-0.06102222
8553	-0.05714788
8554	-0.05225911
8555	-0.04623302
8556	-0.03947770
8557	-0.03182970
8558	-0.02332839
8559	-0.01405400
8560	-0.00403842
8561	0.00667531
8562	0.01809366
8563	0.03012281
8564	0.04267490
8565	0.05572897
8566	0.06899000
8567	0.08279829
8568	0.09696101
8569	0.11142435
8570	0.12615377
8571	0.14114647
8572	0.15630542
8573	0.17164277
8574	0.18707433
8575	0.20312761
8576	0.21937542
8577	0.23604484
8578	0.25339231
8579	0.27079532
8580	0.28915986
8581	0.30801886
8582	0.32672223
8583	0.34675536
8584	0.36656243
8585	0.38731390
8586	0.40849975
8587	0.43026930
8588	0.45238307
8589	0.47467875
8590	0.49780914
8591	0.52100408
8592	0.54431349
8593	0.56792319
8594	0.59176046
8595	0.61589271
8596	0.64010805
8597	0.66443610
8598	0.68842447
8599	0.71243513
8600	0.73511916
8601	0.75734347
8602	0.77856106
8603	0.79849887
8604	0.81741023
8605	0.83422494
8606	0.84948772
8607	0.86279494
8608	0.87392682
8609	0.88278919
8610	0.88934666
8611	0.89367926
8612	0.89557576
8613	0.89519322
8614	0.89255875
8615	0.88784516
8616	0.88092244
8617	0.87089431
8618	0.85783482
8619	0.84226751
8620	0.82594424
8621	0.81170070
8622	0.79137790
8623	0.77271712
8624	0.75526834
8625	0.73837656
8626	0.72211701
8627	0.70629776
8628	0.68979734
8629	0.67252654
8630	0.65473056
8631	0.63647604
8632	0.61826587
8633	0.60002667
8634	0.58162355
8635	0.56298399
8636	0.54448384
8637	0.52604300
8638	0.50760257
8639	0.48918208
8640	0.47078094
8641	0.45226046
8642	0.43400577
8643	0.41567364
8644	0.39741123
8645	0.37919146
8646	0.36095309
8647	0.34277946
8648	0.32475483
8649	0.30678996
8650	0.28912222
8651	0.27181894
8652	0.25457972
8653	0.23748341
8654	0.22059180
8655	0.20395741
8656	0.18758973
8657	0.17149296
8658	0.15591839
8659	0.14082184
8660	0.12627609
8661	0.11212296
8662	0.09825485
8663	0.08446501
8664	0.07096353
8665	0.05775566
8666	0.04485879
8667	0.03227218
8668	0.02032975
8669	0.00925468
8670	-0.00112574
8671	-0.01079811
8672	-0.01994504
8673	-0.02853582
8674	-0.03654674
8675	-0.04374614
8676	-0.04998795
8677	-0.05505211
8678	-0.05880871
8679	-0.06129446
8680	-0.06244869
8681	-0.06235653
8682	-0.06132984
8683	-0.05880937
8684	-0.05520474
8685	-0.05046548
8686	-0.04475306
8687	-0.03808886
8688	-0.03028009
8689	-0.02175897
8690	-0.01236621
8691	-0.00207790
8692	0.00900873
8693	0.02087277
8694	0.03346365
8695	0.04668299
8696	0.06043900
8697	0.07456621
8698	0.08889131
8699	0.10345040
8700	0.11849558
8701	0.13392910
8702	0.14946507
8703	0.16523512
8704	0.18127926
8705	0.19760840
8706	0.21428505
8707	0.23139401
8708	0.24902925
8709	0.26740390
8710	0.28598902
8711	0.30552658
8712	0.32536453
8713	0.34589130
8714	0.36710545
8715	0.38883352
8716	0.41119158
8717	0.43408746
8718	0.45750481
8719	0.48124486
8720	0.50528437
8721	0.52964818
8722	0.55403888
8723	0.57874405
8724	0.60362339
8725	0.62868673
8726	0.65374410
8727	0.67904258
8728	0.70414412
8729	0.72872198
8730	0.75296038
8731	0.77651304
8732	0.79914856
8733	0.82075417
8734	0.84085721
8735	0.85943437
8736	0.87621599
8737	0.89102077
8738	0.90369499
8739	0.91404569
8740	0.92207336
8741	0.92758775
8742	0.93086880
8743	0.93187290
8744	0.93065065
8745	0.92734534
8746	0.92194599
8747	0.91460425
8748	0.90547365
8749	0.89473295
8750	0.88171750
8751	0.86684251
8752	0.85150731
8753	0.83633125
8754	0.82185096
8755	0.80262107
8756	0.78471744
8757	0.76721150
8758	0.75037849
8759	0.73450333
8760	0.71847546
8761	0.70140076
8762	0.68406433
8763	0.66630727
8764	0.64836508
8765	0.62979972
8766	0.61163294
8767	0.59309536
8768	0.57422775
8769	0.55590540
8770	0.53750420
8771	0.51915044
8772	0.50088435
8773	0.48216629
8774	0.46371502
8775	0.44527894
8776	0.42693260
8777	0.40865710
8778	0.39042461
8779	0.37222943
8780	0.35397354
8781	0.33590701
8782	0.31805986
8783	0.30047423
8784	0.28294098
8785	0.26556078
8786	0.24838899
8787	0.23140080
8788	0.21462978
8789	0.19805080
8790	0.18196605
8791	0.16625406
8792	0.15105373
8793	0.13651639
8794	0.12261721
8795	0.10929490
8796	0.09607703
8797	0.08293504
8798	0.06961691
8799	0.05617879
8800	0.04280756
8801	0.02992726
8802	0.01817194
8803	0.00739888
8804	-0.00257247
8805	-0.01195824
8806	-0.02090519
8807	-0.02936083
8808	-0.03717580
8809	-0.04407520
8810	-0.04983473
8811	-0.05432418
8812	-0.05747985
8813	-0.05927272
8814	-0.05979030
8815	-0.05928458
8816	-0.05744033
8817	-0.05442157
8818	-0.05032521
8819	-0.04525586
8820	-0.03907445
8821	-0.03176435
8822	-0.02360733
8823	-0.01436902
8824	-0.00435139
8825	0.00650492
8826	0.01821660
8827	0.03065456
8828	0.04379115
8829	0.05738745
8830	0.07147220
8831	0.08604897
8832	0.10049914
8833	0.11563174
8834	0.13116251
8835	0.14678751
8836	0.16260821
8837	0.17869337
8838	0.19503537
8839	0.21167481
8840	0.22867848
8841	0.24616115
8842	0.26409838
8843	0.28276691
8844	0.30171710
8845	0.32157815
8846	0.34121940
8847	0.36183444
8848	0.38280293
8849	0.40461978
8850	0.42701259
8851	0.44987524
8852	0.47298869
8853	0.49669892
8854	0.52057785
8855	0.54458457
8856	0.56894034
8857	0.59349924
8858	0.61824393
8859	0.64306158
8860	0.66809529
8861	0.69280463
8862	0.71737599
8863	0.74143636
8864	0.76506257
8865	0.78785580
8866	0.80970931
8867	0.83035159
8868	0.84945732
8869	0.86688048
8870	0.88247687
8871	0.89592016
8872	0.90709418
8873	0.91584384
8874	0.92228603
8875	0.92630011
8876	0.92807913
8877	0.92756784
8878	0.92492813
8879	0.92020595
8880	0.91348636
8881	0.90494579
8882	0.89444798
8883	0.88088244
8884	0.86654073
8885	0.85041434
8886	0.83673280
8887	0.81903213
8888	0.79929358
8889	0.78156275
8890	0.76434654
8891	0.74796969
8892	0.73230892
8893	0.71553344
8894	0.69808978
8895	0.68055558
8896	0.66263974
8897	0.64457381
8898	0.62606961
8899	0.60760975
8900	0.58884919
8901	0.57042539
8902	0.55202121
8903	0.53365588
8904	0.51525760
8905	0.49685621
8906	0.47834101
8907	0.45991513
8908	0.44152778
8909	0.42310643
8910	0.40480855
8911	0.38663897
8912	0.36846098
8913	0.35014364
8914	0.33224717
8915	0.31446314
8916	0.29700306
8917	0.27968240
8918	0.26257262
8919	0.24572219
8920	0.22906069
8921	0.21273562
8922	0.19659661
8923	0.18093568
8924	0.16565794
8925	0.15098508
8926	0.13666900
8927	0.12254632
8928	0.10836203
8929	0.09413645
8930	0.07978141
8931	0.06568153
8932	0.05193161
8933	0.03907989
8934	0.02747400
8935	0.01680448
8936	0.00689102
8937	-0.00247389
8938	-0.01129562
8939	-0.01954261
8940	-0.02702717
8941	-0.03351909
8942	-0.03889773
8943	-0.04286470
8944	-0.04543081
8945	-0.04656352
8946	-0.04656251
8947	-0.04498061
8948	-0.04216283
8949	-0.03810201
8950	-0.03299709
8951	-0.02693309
8952	-0.01986799
8953	-0.01171617
8954	-0.00286878
8955	0.00673779
8956	0.01716204
8957	0.02826119
8958	0.04013168
8959	0.05272482
8960	0.06591855
8961	0.07970499
8962	0.09373591
8963	0.10809292
8964	0.12284813
8965	0.13804200
8966	0.15325981
8967	0.16868196
8968	0.18410504
8969	0.19990557
8970	0.21599251
8971	0.23260380
8972	0.24943624
8973	0.26680794
8974	0.28481594
8975	0.30296198
8976	0.32223877
8977	0.34154350
8978	0.36096215
8979	0.38158283
8980	0.40213099
8981	0.42328042
8982	0.44504210
8983	0.46749592
8984	0.49031177
8985	0.51342988
8986	0.53687656
8987	0.56064254
8988	0.58466905
8989	0.60885310
8990	0.63310593
8991	0.65767843
8992	0.68212938
8993	0.70640761
8994	0.73004407
8995	0.75350511
8996	0.77657330
8997	0.79852086
8998	0.81956643
8999	0.83940804
9000	0.85774279
9001	0.87434196
9002	0.88899130
9003	0.90138477
9004	0.91138983
9005	0.91888189
9006	0.92397362
9007	0.92646831
9008	0.92667878
9009	0.92467660
9010	0.92058343
9011	0.91441888
9012	0.90634823
9013	0.89643043
9014	0.88337898
9015	0.86929119
9016	0.85342771
9017	0.83885837
9018	0.82285106
9019	0.80306077
9020	0.78510803
9021	0.76796705
9022	0.75149375
9023	0.73565167
9024	0.71949828
9025	0.70246434
9026	0.68485922
9027	0.66697186
9028	0.64889508
9029	0.63070661
9030	0.61209422
9031	0.59359515
9032	0.57500434
9033	0.55613196
9034	0.53775334
9035	0.51944727
9036	0.50115335
9037	0.48268330
9038	0.46427867
9039	0.44591740
9040	0.42745528
9041	0.40905213
9042	0.39078555
9043	0.37242579
9044	0.35431793
9045	0.33626434
9046	0.31839648
9047	0.30054837
9048	0.28291169
9049	0.26551810
9050	0.24836032
9051	0.23144718
9052	0.21480802
9053	0.19836393
9054	0.18248147
9055	0.16694033
9056	0.15186548
9057	0.13740923
9058	0.12349705
9059	0.10970068
9060	0.09585016
9061	0.08161686
9062	0.06720533
9063	0.05296908
9064	0.03933641
9065	0.02691624
9066	0.01561253
9067	0.00527775
9068	-0.00440413
9069	-0.01344682
9070	-0.02201089
9071	-0.03000510
9072	-0.03715609
9073	-0.04336269
9074	-0.04833234
9075	-0.05195909
9076	-0.05419561
9077	-0.05527391
9078	-0.05474571
9079	-0.05279388
9080	-0.04956437
9081	-0.04519171
9082	-0.03979288
9083	-0.03342577
9084	-0.02596590
9085	-0.01783126
9086	-0.00880755
9087	0.00095022
9088	0.01144039
9089	0.02261909
9090	0.03452034
9091	0.04701200
9092	0.06012969
9093	0.07348069
9094	0.08714184
9095	0.10103519
9096	0.11537140
9097	0.12994307
9098	0.14481793
9099	0.15998207
9100	0.17562813
9101	0.19136347
9102	0.20748067
9103	0.22386393
9104	0.24067114
9105	0.25807452
9106	0.27556604
9107	0.29375193
9108	0.31276652
9109	0.33157268
9110	0.35126379
9111	0.37188700
9112	0.39235184
9113	0.41379800
9114	0.43576875
9115	0.45827413
9116	0.48124245
9117	0.50440568
9118	0.52789891
9119	0.55150658
9120	0.57538784
9121	0.59940475
9122	0.62361175
9123	0.64783907
9124	0.67205912
9125	0.69561648
9126	0.71962297
9127	0.74263155
9128	0.76489818
9129	0.78626764
9130	0.80643600
9131	0.82547837
9132	0.84255904
9133	0.85793674
9134	0.87128937
9135	0.88242131
9136	0.89118123
9137	0.89750695
9138	0.90150034
9139	0.90321743
9140	0.90257353
9141	0.89980149
9142	0.89493400
9143	0.88808143
9144	0.87910408
9145	0.86690575
9146	0.85269254
9147	0.83649111
9148	0.82085067
9149	0.80523175
9150	0.78522158
9151	0.76670861
9152	0.74937546
9153	0.73256713
9154	0.71634215
9155	0.70058882
9156	0.68369651
9157	0.66645795
9158	0.64872473
9159	0.63028300
9160	0.61224693
9161	0.59397668
9162	0.57546699
9163	0.55695206
9164	0.53844523
9165	0.51990432
9166	0.50141835
9167	0.48291701
9168	0.46447429
9169	0.44607937
9170	0.42749378
9171	0.40936276
9172	0.39102304
9173	0.37276447
9174	0.35453615
9175	0.33644649
9176	0.31844482
9177	0.30049273
9178	0.28295919
9179	0.26542878
9180	0.24802880
9181	0.23085180
9182	0.21390811
9183	0.19718723
9184	0.18062572
9185	0.16458571
9186	0.14893739
9187	0.13377039
9188	0.11910184
9189	0.10503615
9190	0.09137326
9191	0.07781949
9192	0.06443223
9193	0.05139145
9194	0.03866217
9195	0.02617407
9196	0.01379469
9197	0.00224698
9198	-0.00825041
9199	-0.01782018
9200	-0.02630086
9201	-0.03371476
9202	-0.04011462
9203	-0.04553340
9204	-0.04992156
9205	-0.05323706
9206	-0.05547616
9207	-0.05655133
9208	-0.05645357
9209	-0.05518338
9210	-0.05292736
9211	-0.04930204
9212	-0.04448459
9213	-0.03833155
9214	-0.03136468
9215	-0.02335019
9216	-0.01436266
9217	-0.00449513
9218	0.00624862
9219	0.01787756
9220	0.03021702
9221	0.04336521
9222	0.05701152
9223	0.07129842
9224	0.08596586
9225	0.10108398
9226	0.11602475
9227	0.13170891
9228	0.14818764
9229	0.16439711
9230	0.18111061
9231	0.19816217
9232	0.21562600
9233	0.23375267
9234	0.25240868
9235	0.27182075
9236	0.29146069
9237	0.31181169
9238	0.33267716
9239	0.35413325
9240	0.37631357
9241	0.39839578
9242	0.42138866
9243	0.44481003
9244	0.46852717
9245	0.49282908
9246	0.51713288
9247	0.54151499
9248	0.56608433
9249	0.59073198
9250	0.61541080
9251	0.64005762
9252	0.66459697
9253	0.68934518
9254	0.71328574
9255	0.73672837
9256	0.75950140
9257	0.78143913
9258	0.80242491
9259	0.82211846
9260	0.84053969
9261	0.85744065
9262	0.87261939
9263	0.88595653
9264	0.89723879
9265	0.90634221
9266	0.91323048
9267	0.91772300
9268	0.91973662
9269	0.91960758
9270	0.91734958
9271	0.91301131
9272	0.90678048
9273	0.89876366
9274	0.88911664
9275	0.87803197
9276	0.86433977
9277	0.84986264
9278	0.83408529
9279	0.81958771
9280	0.80367690
9281	0.78474277
9282	0.76694840
9283	0.74972916
9284	0.73317641
9285	0.71722049
9286	0.70099151
9287	0.68391973
9288	0.66658360
9289	0.64926356
9290	0.63134319
9291	0.61318028
9292	0.59509140
9293	0.57682592
9294	0.55854732
9295	0.54007268
9296	0.52171731
9297	0.50316405
9298	0.48501146
9299	0.46645838
9300	0.44802910
9301	0.42970476
9302	0.41124001
9303	0.39300948
9304	0.37475774
9305	0.35654843
9306	0.33837229
9307	0.32034332
9308	0.30244222
9309	0.28468621
9310	0.26724711
9311	0.24986027
9312	0.23260146
9313	0.21556078
9314	0.19870538
9315	0.18206987
9316	0.16586553
9317	0.15001720
9318	0.13464126
9319	0.11979918
9320	0.10555237
9321	0.09184972
9322	0.07832045
9323	0.06481635
9324	0.05168591
9325	0.03876062
9326	0.02640425
9327	0.01472691
9328	0.00369576
9329	-0.00609998
9330	-0.01479560
9331	-0.02235227
9332	-0.02917186
9333	-0.03524619
9334	-0.04066481
9335	-0.04532417
9336	-0.04906194
9337	-0.05183378
9338	-0.05354948
9339	-0.05411998
9340	-0.05350552
9341	-0.05195211
9342	-0.04944466
9343	-0.04584544
9344	-0.04118100
9345	-0.03560778
9346	-0.02911927
9347	-0.02161131
9348	-0.01336436
9349	-0.00426046
9350	0.00570884
9351	0.01657691
9352	0.02829385
9353	0.04081736
9354	0.05397090
9355	0.06767408
9356	0.08192056
9357	0.09661715
9358	0.11120995
9359	0.12657215
9360	0.14221793
9361	0.15847985
9362	0.17475858
9363	0.19145462
9364	0.20822957
9365	0.22531359
9366	0.24283199
9367	0.26051530
9368	0.27875406
9369	0.29751030
9370	0.31678057
9371	0.33662078
9372	0.35680717
9373	0.37743822
9374	0.39869681
9375	0.42022866
9376	0.44192588
9377	0.46372178
9378	0.48638272
9379	0.50898433
9380	0.53175229
9381	0.55485088
9382	0.57812929
9383	0.60158283
9384	0.62510228
9385	0.64888167
9386	0.67241687
9387	0.69566548
9388	0.71833825
9389	0.74060971
9390	0.76217568
9391	0.78262484
9392	0.80193883
9393	0.81977260
9394	0.83591843
9395	0.85009164
9396	0.86208814
9397	0.87177372
9398	0.87911117
9399	0.88380474
9400	0.88603961
9401	0.88593572
9402	0.88352615
9403	0.87889463
9404	0.87216938
9405	0.86359322
9406	0.85261148
9407	0.83846420
9408	0.82358158
9409	0.80686343
9410	0.79345942
9411	0.77453339
9412	0.75576133
9413	0.73850900
9414	0.72150004
9415	0.70509911
9416	0.68959957
9417	0.67322320
9418	0.65588111
9419	0.63817555
9420	0.61997110
9421	0.60201532
9422	0.58377528
9423	0.56545794
9424	0.54672569
9425	0.52846020
9426	0.50996768
9427	0.49161449
9428	0.47315913
9429	0.45479679
9430	0.43617529
9431	0.41812760
9432	0.39976087
9433	0.38121134
9434	0.36283886
9435	0.34459493
9436	0.32642484
9437	0.30841184
9438	0.29043472
9439	0.27267617
9440	0.25494391
9441	0.23734710
9442	0.21992351
9443	0.20268700
9444	0.18571796
9445	0.16885389
9446	0.15235905
9447	0.13614580
9448	0.12038963
9449	0.10502520
9450	0.09029286
9451	0.07617702
9452	0.06246889
9453	0.04887185
9454	0.03533178
9455	0.02196887
9456	0.00878911
9457	-0.00417924
9458	-0.01670250
9459	-0.02832850
9460	-0.03894901
9461	-0.04871683
9462	-0.05751716
9463	-0.06552978
9464	-0.07282540
9465	-0.07936058
9466	-0.08489686
9467	-0.08943750
9468	-0.09279356
9469	-0.09486242
9470	-0.09552906
9471	-0.09498749
9472	-0.09333985
9473	-0.09020948
9474	-0.08601505
9475	-0.08067491
9476	-0.07445765
9477	-0.06705187
9478	-0.05891638
9479	-0.04987708
9480	-0.03997007
9481	-0.02930719
9482	-0.01791644
9483	-0.00580694
9484	0.00703526
9485	0.02045243
9486	0.03444243
9487	0.04884657
9488	0.06365907
9489	0.07836045
9490	0.09412375
9491	0.11011532
9492	0.12645862
9493	0.14325105
9494	0.16047262
9495	0.17813531
9496	0.19622274
9497	0.21479513
9498	0.23407865
9499	0.25344169
9500	0.27361929
9501	0.29444239
9502	0.31585503
9503	0.33805311
9504	0.36045173
9505	0.38346389
9506	0.40701464
9507	0.43082210
9508	0.45498201
9509	0.47907311
9510	0.50393486
9511	0.52892637
9512	0.55355728
9513	0.57850289
9514	0.60340679
9515	0.62831694
9516	0.65296495
9517	0.67765403
9518	0.70179337
9519	0.72521877
9520	0.74803418
9521	0.76989603
9522	0.79057693
9523	0.80975938
9524	0.82730597
9525	0.84325659
9526	0.85671026
9527	0.86808646
9528	0.87712598
9529	0.88343811
9530	0.88727105
9531	0.88860756
9532	0.88753092
9533	0.88408643
9534	0.87842804
9535	0.87064070
9536	0.86086100
9537	0.84922743
9538	0.83558702
9539	0.81982535
9540	0.80423492
9541	0.78776771
9542	0.77376270
9543	0.75542974
9544	0.73691517
9545	0.71947962
9546	0.70261687
9547	0.68615574
9548	0.67028171
9549	0.65373468
9550	0.63596487
9551	0.61850691
9552	0.60075253
9553	0.58252650
9554	0.56419647
9555	0.54579550
9556	0.52726924
9557	0.50876969
9558	0.49027875
9559	0.47183710
9560	0.45343509
9561	0.43505692
9562	0.41664219
9563	0.39835104
9564	0.38000193
9565	0.36166716
9566	0.34336865
9567	0.32510352
9568	0.30680993
9569	0.28886360
9570	0.27096686
9571	0.25340468
9572	0.23585127
9573	0.21844625
9574	0.20113803
9575	0.18410291
9576	0.16723445
9577	0.15051566
9578	0.13420638
9579	0.11826076
9580	0.10273878
9581	0.08772011
9582	0.07321246
9583	0.05924594
9584	0.04560395
9585	0.03200682
9586	0.01848766
9587	0.00523391
9588	-0.00774517
9589	-0.02012156
9590	-0.03214570
9591	-0.04314191
9592	-0.05302485
9593	-0.06165222
9594	-0.06918186
9595	-0.07569139
9596	-0.08124416
9597	-0.08594871
9598	-0.08975103
9599	-0.09264717
9600	-0.09450361
9601	-0.09522980
9602	-0.09474920
9603	-0.09317747
9604	-0.09045244
9605	-0.08688375
9606	-0.08209141
9607	-0.07629849
9608	-0.06956697
9609	-0.06175818
9610	-0.05323852
9611	-0.04396473
9612	-0.03389004
9613	-0.02297916
9614	-0.01136061
9615	0.00112480
9616	0.01418657
9617	0.02796319
9618	0.04223557
9619	0.05690202
9620	0.07160121
9621	0.08682066
9622	0.10264234
9623	0.11838055
9624	0.13433614
9625	0.15053843
9626	0.16705681
9627	0.18396465
9628	0.20126644
9629	0.21910572
9630	0.23715937
9631	0.25583923
9632	0.27533740
9633	0.29462156
9634	0.31463355
9635	0.33546165
9636	0.35655099
9637	0.37815878
9638	0.40006065
9639	0.42219836
9640	0.44464836
9641	0.46712893
9642	0.49014762
9643	0.51336515
9644	0.53671277
9645	0.56006408
9646	0.58346778
9647	0.60701543
9648	0.63047647
9649	0.65376604
9650	0.67684770
9651	0.69886082
9652	0.72099793
9653	0.74174154
9654	0.76145965
9655	0.77985716
9656	0.79672104
9657	0.81205189
9658	0.82527727
9659	0.83653009
9660	0.84555280
9661	0.85236466
9662	0.85686976
9663	0.85903352
9664	0.85900331
9665	0.85675269
9666	0.85238153
9667	0.84594244
9668	0.83762687
9669	0.82750112
9670	0.81471282
9671	0.80001348
9672	0.78420061
9673	0.76933753
9674	0.75361824
9675	0.73376095
9676	0.71584779
9677	0.69829744
9678	0.68166530
9679	0.66560048
9680	0.64956480
9681	0.63203001
9682	0.61486864
9683	0.59715211
9684	0.57924259
9685	0.56086975
9686	0.54256099
9687	0.52410895
9688	0.50566113
9689	0.48698938
9690	0.46849343
9691	0.45004290
9692	0.43157297
9693	0.41310540
9694	0.39468277
9695	0.37627420
9696	0.35783106
9697	0.33949441
9698	0.32132441
9699	0.30312851
9700	0.28501973
9701	0.26693577
9702	0.24909617
9703	0.23152299
9704	0.21412617
9705	0.19690262
9706	0.17984830
9707	0.16273493
9708	0.14639959
9709	0.12994492
9710	0.11403562
9711	0.09843611
9712	0.08338191
9713	0.06889454
9714	0.05504086
9715	0.04131150
9716	0.02749840
9717	0.01364041
9718	-0.00044320
9719	-0.01438028
9720	-0.02806351
9721	-0.04080784
9722	-0.05227068
9723	-0.06267997
9724	-0.07209818
9725	-0.08073789
9726	-0.08871260
9727	-0.09599756
9728	-0.10256861
9729	-0.10815193
9730	-0.11276063
9731	-0.11612460
9732	-0.11826745
9733	-0.11903050
9734	-0.11857764
9735	-0.11686678
9736	-0.11407667
9737	-0.10997366
9738	-0.10481615
9739	-0.09868947
9740	-0.09167662
9741	-0.08351956
9742	-0.07477397
9743	-0.06520016
9744	-0.05488580
9745	-0.04381912
9746	-0.03197614
9747	-0.01940007
9748	-0.00625088
9749	0.00747566
9750	0.02139421
9751	0.03585356
9752	0.05044431
9753	0.06563400
9754	0.08070518
9755	0.09628956
9756	0.11214446
9757	0.12857413
9758	0.14517011
9759	0.16215289
9760	0.17957285
9761	0.19745535
9762	0.21602035
9763	0.23472346
9764	0.25454676
9765	0.27384347
9766	0.29434222
9767	0.31538066
9768	0.33665910
9769	0.35867211
9770	0.38114315
9771	0.40407014
9772	0.42741686
9773	0.45092925
9774	0.47491908
9775	0.49923536
9776	0.52373356
9777	0.54839188
9778	0.57327527
9779	0.59816873
9780	0.62299490
9781	0.64782929
9782	0.67214376
9783	0.69590396
9784	0.71873158
9785	0.74081749
9786	0.76176220
9787	0.78149509
9788	0.79957080
9789	0.81594026
9790	0.83026516
9791	0.84248078
9792	0.85234630
9793	0.85997462
9794	0.86511934
9795	0.86803889
9796	0.86873531
9797	0.86727947
9798	0.86375403
9799	0.85822898
9800	0.85085076
9801	0.84165353
9802	0.83000261
9803	0.81588638
9804	0.80093127
9805	0.78520507
9806	0.77016073
9807	0.75180775
9808	0.73342919
9809	0.71624839
9810	0.69976234
9811	0.68366557
9812	0.66772544
9813	0.65092337
9814	0.63350940
9815	0.61560762
9816	0.59780449
9817	0.57937586
9818	0.56126118
9819	0.54284251
9820	0.52431142
9821	0.50585991
9822	0.48725188
9823	0.46882358
9824	0.45041433
9825	0.43200552
9826	0.41356185
9827	0.39518660
9828	0.37683272
9829	0.35827073
9830	0.33998263
9831	0.32175997
9832	0.30355322
9833	0.28544807
9834	0.26739332
9835	0.24963771
9836	0.23193909
9837	0.21446644
9838	0.19725893
9839	0.18007267
9840	0.16349579
9841	0.14689428
9842	0.13076368
9843	0.11502378
9844	0.09973094
9845	0.08502519
9846	0.07095751
9847	0.05723383
9848	0.04355739
9849	0.02986957
9850	0.01617498
9851	0.00249170
9852	-0.01099999
9853	-0.02380655
9854	-0.03554717
9855	-0.04637315
9856	-0.05628915
9857	-0.06545092
9858	-0.07386743
9859	-0.08156414
9860	-0.08830599
9861	-0.09411580
9862	-0.09874997
9863	-0.10228927
9864	-0.10451262
9865	-0.10543571
9866	-0.10517833
9867	-0.10372470
9868	-0.10075505
9869	-0.09656771
9870	-0.09125002
9871	-0.08488964
9872	-0.07738634
9873	-0.06919555
9874	-0.06015645
9875	-0.05035519
9876	-0.03977735
9877	-0.02845715
9878	-0.01645024
9879	-0.00374193
9880	0.00960838
9881	0.02342133
9882	0.03777358
9883	0.05236832
9884	0.06738141
9885	0.08299776
9886	0.09912656
9887	0.11549505
9888	0.13212179
9889	0.14883469
9890	0.16596749
9891	0.18357636
9892	0.20133588
9893	0.21956904
9894	0.23840921
9895	0.25740463
9896	0.27750209
9897	0.29735440
9898	0.31809828
9899	0.33958274
9900	0.36099723
9901	0.38307601
9902	0.40555894
9903	0.42827612
9904	0.45137438
9905	0.47462681
9906	0.49864596
9907	0.52269930
9908	0.54683590
9909	0.57132101
9910	0.59590054
9911	0.62049419
9912	0.64497441
9913	0.66945964
9914	0.69304287
9915	0.71700823
9916	0.73985535
9917	0.76186728
9918	0.78284448
9919	0.80258995
9920	0.82054681
9921	0.83669817
9922	0.85080904
9923	0.86252147
9924	0.87186229
9925	0.87867790
9926	0.88283032
9927	0.88455546
9928	0.88398755
9929	0.88117748
9930	0.87626189
9931	0.86943460
9932	0.86088282
9933	0.85008061
9934	0.83628452
9935	0.82153684
9936	0.80522412
9937	0.79174191
9938	0.77196360
9939	0.75267690
9940	0.73474461
9941	0.71740395
9942	0.70134395
9943	0.68548936
9944	0.66915518
9945	0.65196425
9946	0.63425887
9947	0.61610055
9948	0.59812558
9949	0.57989031
9950	0.56128937
9951	0.54301065
9952	0.52456814
9953	0.50612998
9954	0.48767677
9955	0.46934268
9956	0.45101339
9957	0.43262401
9958	0.41433644
9959	0.39593956
9960	0.37746212
9961	0.35927668
9962	0.34110022
9963	0.32310197
9964	0.30517429
9965	0.28732160
9966	0.26959291
9967	0.25213087
9968	0.23467758
9969	0.21744499
9970	0.20044872
9971	0.18373923
9972	0.16716279
9973	0.15097389
9974	0.13525724
9975	0.12001579
9976	0.10537694
9977	0.09132798
9978	0.07777363
9979	0.06441197
9980	0.05111659
9981	0.03809143
9982	0.02513283
9983	0.01256265
9984	0.00024708
9985	-0.01108622
9986	-0.02119562
9987	-0.03023073
9988	-0.03841720
9989	-0.04584496
9990	-0.05260738
9991	-0.05876463
9992	-0.06421614
9993	-0.06869689
9994	-0.07217925
9995	-0.07442754
9996	-0.07532671
9997	-0.07512216
9998	-0.07378184
9999	-0.07105990
10000	-0.06712544
10001	-0.06219435
10002	-0.05627300
10003	-0.04948370
10004	-0.04175743
10005	-0.03296633
10006	-0.02344688
10007	-0.01308188
10008	-0.00182776
10009	0.01033018
10010	0.02318576
10011	0.03675523
10012	0.05086949
10013	0.06542510
10014	0.08024085
10015	0.09535640
10016	0.11092654
10017	0.12674676
10018	0.14282642
10019	0.15914191
10020	0.17593664
10021	0.19282706
10022	0.20997968
10023	0.22756413
10024	0.24578318
10025	0.26407003
10026	0.28311014
10027	0.30299315
10028	0.32263443
10029	0.34315154
10030	0.36452228
10031	0.38578758
10032	0.40781796
10033	0.43043411
10034	0.45333603
10035	0.47670048
10036	0.50034225
10037	0.52429575
10038	0.54825628
10039	0.57258046
10040	0.59699661
10041	0.62159443
10042	0.64620376
10043	0.67080861
10044	0.69544089
10045	0.71957606
10046	0.74331433
10047	0.76658005
10048	0.78910244
10049	0.81073105
10050	0.83106077
10051	0.84992129
10052	0.86711830
10053	0.88230431
10054	0.89536101
10055	0.90602815
10056	0.91440189
10057	0.92015094
10058	0.92351776
10059	0.92454129
10060	0.92333621
10061	0.91999459
10062	0.91462547
10063	0.90738392
10064	0.89845186
10065	0.88763207
10066	0.87383419
10067	0.85950464
10068	0.84340113
10069	0.82918799
10070	0.81226099
10071	0.79313678
10072	0.77559084
10073	0.75882667
10074	0.74271894
10075	0.72690618
10076	0.71058834
10077	0.69388270
10078	0.67588484
10079	0.65802038
10080	0.64000905
10081	0.62160063
10082	0.60309434
10083	0.58480525
10084	0.56636918
10085	0.54800451
10086	0.52940577
10087	0.51102799
10088	0.49266228
10089	0.47431210
10090	0.45600218
10091	0.43768764
10092	0.41928035
10093	0.40092409
10094	0.38263682
10095	0.36445194
10096	0.34639135
10097	0.32834190
10098	0.31055400
10099	0.29303417
10100	0.27556428
10101	0.25825086
10102	0.24113062
10103	0.22426675
10104	0.20768005
10105	0.19125724
10106	0.17544079
10107	0.16002722
10108	0.14516641
10109	0.13088708
10110	0.11715352
10111	0.10364752
10112	0.09006886
10113	0.07651190
10114	0.06271670
10115	0.04917429
10116	0.03612137
10117	0.02416752
10118	0.01340120
10119	0.00353618
10120	-0.00570169
10121	-0.01454580
10122	-0.02304715
10123	-0.03117005
10124	-0.03865511
10125	-0.04531176
10126	-0.05082894
10127	-0.05514695
10128	-0.05814063
10129	-0.06004025
10130	-0.06043788
10131	-0.05956100
10132	-0.05748911
10133	-0.05423896
10134	-0.05000516
10135	-0.04474338
10136	-0.03860103
10137	-0.03122478
10138	-0.02317902
10139	-0.01422553
10140	-0.00440336
10141	0.00623247
10142	0.01762338
10143	0.02985087
10144	0.04267765
10145	0.05599490
10146	0.06981453
10147	0.08385121
10148	0.09815496
10149	0.11302420
10150	0.12801632
10151	0.14320481
10152	0.15860534
10153	0.17422906
10154	0.19008586
10155	0.20626208
10156	0.22285324
10157	0.23994321
10158	0.25774574
10159	0.27577710
10160	0.29467764
10161	0.31470892
10162	0.33439985
10163	0.35506496
10164	0.37654573
10165	0.39869952
10166	0.42092308
10167	0.44376981
10168	0.46703130
10169	0.49062994
10170	0.51459247
10171	0.53888708
10172	0.56345665
10173	0.58838528
10174	0.61367631
10175	0.63926101
10176	0.66480213
10177	0.69072402
10178	0.71631378
10179	0.74143517
10180	0.76608229
10181	0.79007655
10182	0.81303102
10183	0.83487898
10184	0.85522985
10185	0.87387747
10186	0.89084256
10187	0.90516418
10188	0.91719973
10189	0.92669725
10190	0.93371409
10191	0.93803966
10192	0.93978536
10193	0.93900877
10194	0.93585682
10195	0.93022001
10196	0.92144227
10197	0.90901077
10198	0.89403772
10199	0.87729180
10200	0.86334658
10201	0.84363717
10202	0.82420981
10203	0.80685920
10204	0.78997618
10205	0.77379519
10206	0.75827044
10207	0.74189425
10208	0.72469598
10209	0.70692253
10210	0.68910629
10211	0.67109281
10212	0.65250415
10213	0.63431764
10214	0.61580002
10215	0.59721184
10216	0.57882553
10217	0.56041968
10218	0.54200268
10219	0.52353561
10220	0.50512540
10221	0.48676887
10222	0.46840039
10223	0.45015153
10224	0.43189901
10225	0.41382086
10226	0.39584297
10227	0.37788841
10228	0.36002317
10229	0.34235594
10230	0.32483339
10231	0.30753866
10232	0.29038066
10233	0.27338278
10234	0.25659969
10235	0.24009290
10236	0.22388119
10237	0.20787880
10238	0.19248104
10239	0.17754693
10240	0.16324000
10241	0.14950664
10242	0.13610148
10243	0.12288273
10244	0.11004676
10245	0.09744529
10246	0.08506658
10247	0.07268485
10248	0.06091528
10249	0.05015308
10250	0.04023351
10251	0.03097243
10252	0.02234154
10253	0.01425569
10254	0.00674387
10255	0.00002672
10256	-0.00584329
10257	-0.01060418
10258	-0.01410072
10259	-0.01631755
10260	-0.01722609
10261	-0.01689178
10262	-0.01549639
10263	-0.01267229
10264	-0.00843016
10265	-0.00330794
10266	0.00279116
10267	0.00985892
10268	0.01782594
10269	0.02672024
10270	0.03650673
10271	0.04708840
10272	0.05848096
10273	0.07067434
10274	0.08351281
10275	0.09704687
10276	0.11105651
10277	0.12550303
10278	0.14021465
10279	0.15523322
10280	0.17094190
10281	0.18672702
10282	0.20277941
10283	0.21917273
10284	0.23578660
10285	0.25273836
10286	0.26997456
10287	0.28762466
10288	0.30590361
10289	0.32422927
10290	0.34326896
10291	0.36284590
10292	0.38285500
10293	0.40348473
10294	0.42470223
10295	0.44648418
10296	0.46881485
10297	0.49142629
10298	0.51468277
10299	0.53810996
10300	0.56183577
10301	0.58586454
10302	0.61031890
10303	0.63506305
10304	0.65966529
10305	0.68493176
10306	0.71013343
10307	0.73524773
10308	0.76013279
10309	0.78482974
10310	0.80903149
10311	0.83263975
10312	0.85539782
10313	0.87739050
10314	0.89773786
10315	0.91680789
10316	0.93421948
10317	0.94966125
10318	0.96303695
10319	0.97408783
10320	0.98294312
10321	0.98930597
10322	0.99337900
10323	0.99515164
10324	0.99465692
10325	0.99195671
10326	0.98711842
10327	0.98029900
10328	0.97167343
10329	0.96053535
10330	0.94670016
10331	0.93181074
10332	0.91607332
10333	0.90156204
10334	0.88292128
10335	0.86414468
10336	0.84681064
10337	0.83012027
10338	0.81407541
10339	0.79818141
10340	0.78102177
10341	0.76351202
10342	0.74586689
10343	0.72799647
10344	0.70989645
10345	0.69173455
10346	0.67312336
10347	0.65451384
10348	0.63573658
10349	0.61697787
10350	0.59877861
10351	0.58043510
10352	0.56209928
10353	0.54357851
10354	0.52517593
10355	0.50677073
10356	0.48840529
10357	0.47022387
10358	0.45182970
10359	0.43370283
10360	0.41542727
10361	0.39774692
10362	0.38004571
10363	0.36253959
10364	0.34523606
10365	0.32814118
10366	0.31125060
10367	0.29462284
10368	0.27812243
10369	0.26198027
10370	0.24623761
10371	0.23095384
10372	0.21612984
10373	0.20201144
10374	0.18806599
10375	0.17432413
10376	0.16046786
10377	0.14670807
10378	0.13304082
10379	0.11965690
10380	0.10679637
10381	0.09489829
10382	0.08397213
10383	0.07393724
10384	0.06472171
10385	0.05618789
10386	0.04830746
10387	0.04106542
10388	0.03460905
10389	0.02897149
10390	0.02434486
10391	0.02086384
10392	0.01861384
10393	0.01768478
10394	0.01794611
10395	0.01929754
10396	0.02164823
10397	0.02523052
10398	0.02984416
10399	0.03540774
10400	0.04194519
10401	0.04954503
10402	0.05789403
10403	0.06711020
10404	0.07714720
10405	0.08804119
10406	0.09970549
10407	0.11209374
10408	0.12497611
10409	0.13848390
10410	0.15241832
10411	0.16678384
10412	0.18134092
10413	0.19655333
10414	0.21191856
10415	0.22756451
10416	0.24341074
10417	0.25955623
10418	0.27591199
10419	0.29260623
10420	0.30967584
10421	0.32739228
10422	0.34508547
10423	0.36346486
10424	0.38274309
10425	0.40145668
10426	0.42129841
10427	0.44150791
10428	0.46220711
10429	0.48355988
10430	0.50522166
10431	0.52730429
10432	0.54950559
10433	0.57211667
10434	0.59514153
10435	0.61842161
10436	0.64191753
10437	0.66574323
10438	0.68928003
10439	0.71373683
10440	0.73756021
10441	0.76133722
10442	0.78487319
10443	0.80824447
10444	0.83055729
10445	0.85224026
10446	0.87287831
10447	0.89227998
10448	0.91016030
10449	0.92623329
10450	0.94037229
10451	0.95227534
10452	0.96173179
10453	0.96870124
10454	0.97327542
10455	0.97532445
10456	0.97505295
10457	0.97250348
10458	0.96781981
10459	0.96108502
10460	0.95255226
10461	0.94211006
10462	0.92886454
10463	0.91427326
10464	0.89793640
10465	0.88373411
10466	0.86729711
10467	0.84734476
10468	0.82927954
10469	0.81167519
10470	0.79486650
10471	0.77881658
10472	0.76276326
10473	0.74585485
10474	0.72822642
10475	0.71038544
10476	0.69285715
10477	0.67433852
10478	0.65592867
10479	0.63740265
10480	0.61862725
10481	0.59990317
10482	0.58160210
10483	0.56329501
10484	0.54503012
10485	0.52643269
10486	0.50801843
10487	0.48963770
10488	0.47117278
10489	0.45284632
10490	0.43468022
10491	0.41630927
10492	0.39822248
10493	0.38017914
10494	0.36226907
10495	0.34449327
10496	0.32689014
10497	0.30949828
10498	0.29230279
10499	0.27535933
10500	0.25850338
10501	0.24205735
10502	0.22592509
10503	0.21018340
10504	0.19489053
10505	0.18006000
10506	0.16583608
10507	0.15194093
10508	0.13820146
10509	0.12448850
10510	0.11107019
10511	0.09764910
10512	0.08440060
10513	0.07171654
10514	0.06015201
10515	0.04942917
10516	0.03955720
10517	0.03046101
10518	0.02198596
10519	0.01426803
10520	0.00733747
10521	0.00140917
10522	-0.00335723
10523	-0.00679558
10524	-0.00894341
10525	-0.00982146
10526	-0.00959279
10527	-0.00782968
10528	-0.00481750
10529	-0.00057663
10530	0.00480953
10531	0.01115502
10532	0.01880817
10533	0.02726545
10534	0.03664714
10535	0.04698994
10536	0.05819013
10537	0.07031084
10538	0.08306817
10539	0.09655123
10540	0.11055022
10541	0.12489811
10542	0.13955516
10543	0.15451244
10544	0.16996622
10545	0.18592878
10546	0.20204106
10547	0.21849513
10548	0.23523928
10549	0.25231886
10550	0.26977995
10551	0.28754249
10552	0.30578712
10553	0.32455397
10554	0.34384537
10555	0.36382961
10556	0.38396424
10557	0.40481862
10558	0.42643449
10559	0.44858676
10560	0.47133550
10561	0.49456966
10562	0.51821911
10563	0.54225379
10564	0.56629044
10565	0.59079045
10566	0.61550540
10567	0.64047641
10568	0.66549921
10569	0.69097239
10570	0.71629268
10571	0.74143440
10572	0.76651078
10573	0.79127151
10574	0.81553519
10575	0.83903456
10576	0.86164021
10577	0.88308895
10578	0.90304774
10579	0.92137808
10580	0.93781590
10581	0.95226514
10582	0.96437055
10583	0.97417843
10584	0.98158485
10585	0.98642147
10586	0.98893243
10587	0.98924428
10588	0.98733085
10589	0.98331606
10590	0.97732329
10591	0.96941227
10592	0.95975953
10593	0.94744635
10594	0.93323690
10595	0.91814959
10596	0.90279961
10597	0.88850582
10598	0.86903191
10599	0.85055089
10600	0.83296895
10601	0.81595922
10602	0.79985631
10603	0.78391629
10604	0.76678210
10605	0.74923390
10606	0.73142254
10607	0.71341681
10608	0.69536102
10609	0.67703927
10610	0.65846521
10611	0.63932377
10612	0.62108147
10613	0.60257006
10614	0.58412141
10615	0.56570399
10616	0.54733104
10617	0.52900511
10618	0.51064342
10619	0.49222416
10620	0.47381270
10621	0.45546174
10622	0.43720302
10623	0.41900271
10624	0.40104052
10625	0.38309771
10626	0.36528862
10627	0.34762779
10628	0.33019805
10629	0.31294194
10630	0.29585892
10631	0.27919707
10632	0.26269788
10633	0.24644777
10634	0.23072171
10635	0.21545072
10636	0.20077458
10637	0.18656763
10638	0.17256273
10639	0.15848580
10640	0.14429733
10641	0.13000639
10642	0.11593249
10643	0.10227289
10644	0.08941429
10645	0.07775231
10646	0.06699198
10647	0.05707040
10648	0.04784921
10649	0.03927955
10650	0.03137081
10651	0.02431150
10652	0.01824719
10653	0.01332708
10654	0.00961857
10655	0.00729319
10656	0.00627380
10657	0.00653317
10658	0.00800729
10659	0.01059253
10660	0.01448234
10661	0.01943988
10662	0.02537908
10663	0.03238597
10664	0.04010499
10665	0.04862359
10666	0.05789429
10667	0.06787043
10668	0.07853326
10669	0.08992401
10670	0.10195173
10671	0.11468466
10672	0.12801270
10673	0.14174013
10674	0.15585604
10675	0.17060861
10676	0.18590140
10677	0.20138335
10678	0.21717967
10679	0.23333165
10680	0.24976557
10681	0.26656297
10682	0.28371307
10683	0.30132395
10684	0.31959307
10685	0.33795258
10686	0.35727462
10687	0.37659106
10688	0.39662057
10689	0.41720545
10690	0.43832508
10691	0.45988530
10692	0.48156348
10693	0.50412470
10694	0.52660185
10695	0.54926401
10696	0.57219017
10697	0.59541464
10698	0.61876279
10699	0.64235997
10700	0.66612989
10701	0.68991125
10702	0.71355468
10703	0.73706949
10704	0.76038021
10705	0.78326511
10706	0.80554461
10707	0.82694900
10708	0.84742492
10709	0.86657321
10710	0.88426489
10711	0.90029627
10712	0.91441667
10713	0.92646700
10714	0.93625104
10715	0.94381124
10716	0.94879878
10717	0.95140964
10718	0.95175648
10719	0.94974637
10720	0.94556779
10721	0.93922037
10722	0.93085974
10723	0.92046177
10724	0.90834749
10725	0.89439094
10726	0.87826186
10727	0.86231518
10728	0.84569907
10729	0.83069384
10730	0.81410974
10731	0.79562426
10732	0.77799356
10733	0.76096433
10734	0.74449801
10735	0.72825718
10736	0.71192044
10737	0.69512254
10738	0.67742604
10739	0.65950161
10740	0.64134043
10741	0.62272406
10742	0.60433012
10743	0.58565539
10744	0.56711119
10745	0.54879457
10746	0.53009933
10747	0.51165760
10748	0.49324816
10749	0.47487661
10750	0.45650864
10751	0.43819776
10752	0.41974497
10753	0.40134528
10754	0.38311598
10755	0.36483660
10756	0.34678593
10757	0.32875228
10758	0.31107154
10759	0.29348308
10760	0.27601629
10761	0.25876498
10762	0.24169630
10763	0.22477816
10764	0.20832564
10765	0.19215703
10766	0.17643616
10767	0.16119741
10768	0.14649588
10769	0.13226978
10770	0.11851490
10771	0.10472233
10772	0.09085261
10773	0.07718438
10774	0.06355549
10775	0.05045153
10776	0.03784976
10777	0.02637037
10778	0.01588652
10779	0.00636022
10780	-0.00243665
10781	-0.01046958
10782	-0.01786245
10783	-0.02440325
10784	-0.02994068
10785	-0.03438744
10786	-0.03754298
10787	-0.03942166
10788	-0.03997567
10789	-0.03957171
10790	-0.03780947
10791	-0.03480986
10792	-0.03061387
10793	-0.02536252
10794	-0.01898272
10795	-0.01157972
10796	-0.00304156
10797	0.00640161
10798	0.01675574
10799	0.02806335
10800	0.04015689
10801	0.05302248
10802	0.06645421
10803	0.08046970
10804	0.09486188
10805	0.10949411
10806	0.12444880
10807	0.13985051
10808	0.15578130
10809	0.17178451
10810	0.18805671
10811	0.20464161
10812	0.22149956
10813	0.23868130
10814	0.25623217
10815	0.27442649
10816	0.29269403
10817	0.31183323
10818	0.33111396
10819	0.35088980
10820	0.37138295
10821	0.39226359
10822	0.41373667
10823	0.43575770
10824	0.45820898
10825	0.48102418
10826	0.50426912
10827	0.52777284
10828	0.55143142
10829	0.57541960
10830	0.59956634
10831	0.62391114
10832	0.64831710
10833	0.67296576
10834	0.69732755
10835	0.72140431
10836	0.74527371
10837	0.76858735
10838	0.79122084
10839	0.81295580
10840	0.83357024
10841	0.85290807
10842	0.87043446
10843	0.88627261
10844	0.89990878
10845	0.91119850
10846	0.92004353
10847	0.92636645
10848	0.93006879
10849	0.93133700
10850	0.93019211
10851	0.92666608
10852	0.92080963
10853	0.91199553
10854	0.89962119
10855	0.88491178
10856	0.86794186
10857	0.85355431
10858	0.83481401
10859	0.81507528
10860	0.79749477
10861	0.78066081
10862	0.76414734
10863	0.74836504
10864	0.73243243
10865	0.71536511
10866	0.69793451
10867	0.68002051
10868	0.66200662
10869	0.64311337
10870	0.62529308
10871	0.60709500
10872	0.58823419
10873	0.56964660
10874	0.55119050
10875	0.53280109
10876	0.51436436
10877	0.49595010
10878	0.47762313
10879	0.45930991
10880	0.44102487
10881	0.42257854
10882	0.40432855
10883	0.38626960
10884	0.36823750
10885	0.35023174
10886	0.33233395
10887	0.31456494
10888	0.29692367
10889	0.27948925
10890	0.26225808
10891	0.24517289
10892	0.22837140
10893	0.21162069
10894	0.19541804
10895	0.17957895
10896	0.16420613
10897	0.14937213
10898	0.13517508
10899	0.12158313
10900	0.10824699
10901	0.09504692
10902	0.08204214
10903	0.06906219
10904	0.05618371
10905	0.04347102
10906	0.03160074
10907	0.02079934
10908	0.01088229
10909	0.00180862
10910	-0.00660880
10911	-0.01430481
10912	-0.02138016
10913	-0.02754201
10914	-0.03272033
10915	-0.03671122
10916	-0.03939470
10917	-0.04067674
10918	-0.04055005
10919	-0.03903665
10920	-0.03641490
10921	-0.03232605
10922	-0.02707737
10923	-0.02072639
10924	-0.01333929
10925	-0.00475896
10926	0.00457004
10927	0.01479860
10928	0.02595252
10929	0.03794286
10930	0.05066073
10931	0.06402042
10932	0.07800721
10933	0.09242645
10934	0.10734604
10935	0.12244972
10936	0.13812652
10937	0.15397465
10938	0.17043670
10939	0.18714119
10940	0.20413081
10941	0.22147016
10942	0.23915362
10943	0.25728631
10944	0.27591819
10945	0.29534498
10946	0.31509125
10947	0.33564359
10948	0.35737419
10949	0.37891874
10950	0.40160963
10951	0.42444813
10952	0.44790888
10953	0.47157109
10954	0.49568322
10955	0.52006739
10956	0.54479730
10957	0.56979489
10958	0.59509873
10959	0.62054884
10960	0.64612377
10961	0.67191064
10962	0.69763952
10963	0.72326130
10964	0.74820507
10965	0.77327931
10966	0.79756075
10967	0.82106316
10968	0.84362876
10969	0.86536270
10970	0.88519412
10971	0.90372473
10972	0.92054665
10973	0.93546474
10974	0.94821882
10975	0.95869535
10976	0.96684444
10977	0.97248608
10978	0.97571456
10979	0.97657394
10980	0.97516161
10981	0.97154701
10982	0.96585256
10983	0.95817232
10984	0.94868767
10985	0.93695122
10986	0.92238539
10987	0.90718871
10988	0.89072347
10989	0.87636226
10990	0.85867125
10991	0.84005326
10992	0.82260394
10993	0.80563593
10994	0.78917974
10995	0.77344352
10996	0.75718969
10997	0.73991781
10998	0.72227216
10999	0.70461214
11000	0.68629938
11001	0.66796160
11002	0.64923644
11003	0.63067001
11004	0.61245441
11005	0.59367520
11006	0.57514745
11007	0.55676591
11008	0.53841144
11009	0.52009869
11010	0.50178653
11011	0.48349941
11012	0.46517590
11013	0.44683713
11014	0.42851865
11015	0.41056666
11016	0.39264902
11017	0.37476513
11018	0.35706240
11019	0.33940098
11020	0.32189271
11021	0.30453444
11022	0.28737980
11023	0.27043402
11024	0.25374711
11025	0.23716311
11026	0.22108607
11027	0.20545414
11028	0.19034930
11029	0.17582022
11030	0.16195349
11031	0.14867988
11032	0.13567902
11033	0.12297940
11034	0.11080915
11035	0.09880146
11036	0.08687062
11037	0.07518062
11038	0.06444027
11039	0.05470715
11040	0.04593614
11041	0.03800448
11042	0.03098742
11043	0.02483258
11044	0.01957373
11045	0.01531181
11046	0.01211718
11047	0.01007248
11048	0.00924713
11049	0.00962515
11050	0.01124580
11051	0.01386791
11052	0.01789815
11053	0.02307105
11054	0.02941979
11055	0.03699156
11056	0.04545002
11057	0.05488723
11058	0.06531625
11059	0.07668191
11060	0.08884422
11061	0.10173716
11062	0.11528851
11063	0.12918039
11064	0.14364766
11065	0.15846005
11066	0.17367987
11067	0.18916720
11068	0.20500357
11069	0.22115561
11070	0.23755731
11071	0.25424734
11072	0.27115095
11073	0.28835538
11074	0.30590329
11075	0.32403266
11076	0.34224474
11077	0.36115128
11078	0.38064569
11079	0.40039790
11080	0.42079759
11081	0.44169196
11082	0.46315131
11083	0.48504812
11084	0.50743240
11085	0.53023481
11086	0.55332094
11087	0.57671547
11088	0.60033804
11089	0.62415421
11090	0.64815074
11091	0.67242956
11092	0.69672060
11093	0.72105736
11094	0.74510467
11095	0.76909274
11096	0.79278052
11097	0.81596875
11098	0.83878994
11099	0.86023128
11100	0.88091618
11101	0.90036488
11102	0.91834283
11103	0.93464917
11104	0.94893116
11105	0.96105021
11106	0.97083974
11107	0.97821224
11108	0.98324549
11109	0.98579514
11110	0.98593551
11111	0.98400348
11112	0.97996515
11113	0.97391236
11114	0.96605331
11115	0.95651424
11116	0.94443804
11117	0.93035477
11118	0.91521448
11119	0.89968854
11120	0.88550448
11121	0.86619031
11122	0.84799266
11123	0.83065641
11124	0.81380588
11125	0.79764026
11126	0.78166938
11127	0.76458389
11128	0.74700797
11129	0.72926891
11130	0.71126562
11131	0.69320399
11132	0.67479181
11133	0.65627617
11134	0.63732874
11135	0.61879539
11136	0.60063457
11137	0.58221632
11138	0.56388706
11139	0.54536510
11140	0.52694958
11141	0.50856209
11142	0.49023879
11143	0.47196525
11144	0.45365438
11145	0.43539172
11146	0.41696972
11147	0.39909267
11148	0.38116539
11149	0.36339766
11150	0.34586507
11151	0.32851312
11152	0.31135249
11153	0.29438084
11154	0.27778408
11155	0.26128611
11156	0.24525250
11157	0.22966681
11158	0.21456052
11159	0.20005095
11160	0.18604173
11161	0.17249186
11162	0.15900521
11163	0.14576380
11164	0.13261373
11165	0.11978594
11166	0.10749244
11167	0.09599108
11168	0.08549188
11169	0.07574093
11170	0.06653371
11171	0.05783824
11172	0.04962167
11173	0.04198559
11174	0.03514031
11175	0.02932816
11176	0.02472072
11177	0.02145386
11178	0.01952060
11179	0.01900117
11180	0.01979705
11181	0.02169624
11182	0.02445283
11183	0.02847639
11184	0.03349667
11185	0.03934132
11186	0.04610483
11187	0.05389334
11188	0.06238562
11189	0.07173472
11190	0.08192582
11191	0.09289052
11192	0.10458241
11193	0.11709860
11194	0.13026713
11195	0.14410500
11196	0.15844128
11197	0.17273034
11198	0.18830110
11199	0.20402808
11200	0.21991669
11201	0.23612016
11202	0.25251362
11203	0.26919445
11204	0.28619784
11205	0.30358368
11206	0.32147226
11207	0.34000820
11208	0.35884291
11209	0.37834612
11210	0.39889058
11211	0.41889539
11212	0.44009933
11213	0.46178859
11214	0.48393494
11215	0.50648975
11216	0.52936399
11217	0.55251849
11218	0.57604897
11219	0.59989136
11220	0.62395024
11221	0.64820039
11222	0.67276788
11223	0.69735664
11224	0.72184366
11225	0.74639487
11226	0.77074128
11227	0.79476261
11228	0.81833017
11229	0.84148782
11230	0.86319768
11231	0.88412338
11232	0.90376651
11233	0.92191935
11234	0.93837208
11235	0.95285475
11236	0.96519470
11237	0.97519302
11238	0.98289466
11239	0.98792607
11240	0.99054945
11241	0.99079430
11242	0.98860407
11243	0.98414993
11244	0.97753304
11245	0.96892101
11246	0.95765358
11247	0.94354659
11248	0.92825621
11249	0.91183686
11250	0.89744210
11251	0.87924486
11252	0.86066377
11253	0.84325099
11254	0.82623923
11255	0.80977887
11256	0.79403275
11257	0.77758545
11258	0.76028615
11259	0.74255556
11260	0.72452801
11261	0.70649147
11262	0.68840951
11263	0.66992897
11264	0.65142447
11265	0.63267672
11266	0.61400425
11267	0.59562916
11268	0.57720375
11269	0.55885017
11270	0.54036820
11271	0.52190107
11272	0.50348699
11273	0.48516029
11274	0.46688652
11275	0.44840050
11276	0.43028960
11277	0.41220626
11278	0.39426315
11279	0.37638357
11280	0.35860622
11281	0.34105119
11282	0.32368416
11283	0.30649468
11284	0.28951672
11285	0.27257657
11286	0.25607938
11287	0.23989758
11288	0.22407506
11289	0.20867325
11290	0.19377129
11291	0.17945381
11292	0.16555946
11293	0.15179038
11294	0.13804540
11295	0.12456666
11296	0.11136867
11297	0.09874894
11298	0.08655911
11299	0.07532369
11300	0.06517565
11301	0.05593833
11302	0.04746239
11303	0.03967860
11304	0.03244843
11305	0.02594664
11306	0.02020184
11307	0.01546186
11308	0.01182228
11309	0.00950627
11310	0.00844104
11311	0.00853914
11312	0.00983839
11313	0.01254896
11314	0.01646803
11315	0.02150750
11316	0.02754565
11317	0.03448253
11318	0.04258624
11319	0.05136729
11320	0.06096376
11321	0.07150459
11322	0.08286231
11323	0.09509673
11324	0.10808407
11325	0.12179700
11326	0.13610783
11327	0.15098996
11328	0.16635709
11329	0.18172239
11330	0.19775759
11331	0.21423540
11332	0.23082149
11333	0.24761425
11334	0.26475170
11335	0.28224543
11336	0.30015224
11337	0.31852183
11338	0.33761370
11339	0.35693213
11340	0.37740004
11341	0.39740747
11342	0.41838875
11343	0.44004750
11344	0.46221337
11345	0.48490727
11346	0.50804090
11347	0.53187591
11348	0.55536264
11349	0.57946157
11350	0.60385227
11351	0.62834060
11352	0.65320742
11353	0.67825425
11354	0.70320582
11355	0.72808886
11356	0.75281066
11357	0.77726656
11358	0.80112106
11359	0.82430953
11360	0.84672493
11361	0.86818719
11362	0.88832992
11363	0.90713841
11364	0.92433929
11365	0.93976933
11366	0.95308757
11367	0.96426725
11368	0.97302711
11369	0.97946697
11370	0.98336792
11371	0.98482162
11372	0.98385429
11373	0.98060054
11374	0.97506213
11375	0.96740592
11376	0.95774716
11377	0.94641572
11378	0.93341088
11379	0.91822881
11380	0.90272194
11381	0.88634169
11382	0.87140459
11383	0.85548300
11384	0.83684015
11385	0.81907421
11386	0.80135924
11387	0.78434497
11388	0.76804227
11389	0.75183308
11390	0.73479980
11391	0.71737868
11392	0.69970423
11393	0.68179828
11394	0.66365141
11395	0.64543641
11396	0.62677449
11397	0.60832161
11398	0.58982044
11399	0.57104337
11400	0.55276567
11401	0.53442645
11402	0.51613593
11403	0.49781057
11404	0.47927365
11405	0.46088594
11406	0.44248876
11407	0.42416030
11408	0.40586925
11409	0.38778225
11410	0.36980867
11411	0.35196421
11412	0.33428013
11413	0.31673858
11414	0.29932606
11415	0.28214031
11416	0.26508176
11417	0.24838005
11418	0.23197052
11419	0.21588612
11420	0.20019512
11421	0.18497752
11422	0.17026688
11423	0.15614600
11424	0.14237949
11425	0.12873010
11426	0.11507330
11427	0.10176881
11428	0.08876736
11429	0.07642183
11430	0.06450127
11431	0.05370383
11432	0.04396680
11433	0.03519741
11434	0.02731678
11435	0.02026472
11436	0.01400357
11437	0.00857768
11438	0.00400477
11439	0.00049578
11440	-0.00194010
11441	-0.00313634
11442	-0.00313600
11443	-0.00201570
11444	0.00012448
11445	0.00329847
11446	0.00758789
11447	0.01283669
11448	0.01900393
11449	0.02605511
11450	0.03419702
11451	0.04307204
11452	0.05283191
11453	0.06346907
11454	0.07500565
11455	0.08745480
11456	0.10050637
11457	0.11418767
11458	0.12832887
11459	0.14288458
11460	0.15719505
11461	0.17242186
11462	0.18842599
11463	0.20418847
11464	0.22018933
11465	0.23639750
11466	0.25292128
11467	0.26975220
11468	0.28706154
11469	0.30501428
11470	0.32313815
11471	0.34198996
11472	0.36188102
11473	0.38123977
11474	0.40168449
11475	0.42261487
11476	0.44409728
11477	0.46608874
11478	0.48854813
11479	0.51143885
11480	0.53473318
11481	0.55809259
11482	0.58177000
11483	0.60562748
11484	0.62963718
11485	0.65366983
11486	0.67789513
11487	0.70189750
11488	0.72565746
11489	0.74920195
11490	0.77228135
11491	0.79471618
11492	0.81630540
11493	0.83688259
11494	0.85648292
11495	0.87416458
11496	0.89033335
11497	0.90467960
11498	0.91687280
11499	0.92677349
11500	0.93429434
11501	0.93948805
11502	0.94210106
11503	0.94239527
11504	0.94038177
11505	0.93611068
11506	0.92972732
11507	0.92144072
11508	0.91097510
11509	0.89724845
11510	0.88250905
11511	0.86579442
11512	0.85208029
11513	0.83387983
11514	0.81454033
11515	0.79658204
11516	0.77924472
11517	0.76273137
11518	0.74679935
11519	0.73071641
11520	0.71376538
11521	0.69643062
11522	0.67850238
11523	0.66025847
11524	0.64190888
11525	0.62361789
11526	0.60504794
11527	0.58644044
11528	0.56788284
11529	0.54939789
11530	0.53094864
11531	0.51246029
11532	0.49397761
11533	0.47553122
11534	0.45723024
11535	0.43900824
11536	0.42089859
11537	0.40261543
11538	0.38451186
11539	0.36643484
11540	0.34838682
11541	0.33052731
11542	0.31281292
11543	0.29530603
11544	0.27789092
11545	0.26073089
11546	0.24366078
11547	0.22683044
11548	0.21014529
11549	0.19390042
11550	0.17802928
11551	0.16263573
11552	0.14778084
11553	0.13354321
11554	0.11988534
11555	0.10647413
11556	0.09311266
11557	0.08001965
11558	0.06715834
11559	0.05454873
11560	0.04203045
11561	0.03031229
11562	0.01962966
11563	0.00983099
11564	0.00090084
11565	-0.00729035
11566	-0.01474364
11567	-0.02139854
11568	-0.02713522
11569	-0.03186210
11570	-0.03542050
11571	-0.03770755
11572	-0.03869021
11573	-0.03837707
11574	-0.03674692
11575	-0.03413383
11576	-0.03011059
11577	-0.02496427
11578	-0.01873513
11579	-0.01137741
11580	-0.00323551
11581	0.00579713
11582	0.01572973
11583	0.02655656
11584	0.03815588
11585	0.05047926
11586	0.06347615
11587	0.07712991
11588	0.09130041
11589	0.10585383
11590	0.12063123
11591	0.13572903
11592	0.15156506
11593	0.16749327
11594	0.18375739
11595	0.20024465
11596	0.21710593
11597	0.23428433
11598	0.25185272
11599	0.27005869
11600	0.28836334
11601	0.30733865
11602	0.32728294
11603	0.34687543
11604	0.36716437
11605	0.38825199
11606	0.40981197
11607	0.43194079
11608	0.45454755
11609	0.47749478
11610	0.50090814
11611	0.52451289
11612	0.54823774
11613	0.57225710
11614	0.59647471
11615	0.62086141
11616	0.64534277
11617	0.66996193
11618	0.69437456
11619	0.71867287
11620	0.74254298
11621	0.76604784
11622	0.78887850
11623	0.81079525
11624	0.83171862
11625	0.85110784
11626	0.86904621
11627	0.88523006
11628	0.89936721
11629	0.91143376
11630	0.92117637
11631	0.92858177
11632	0.93340349
11633	0.93588626
11634	0.93601459
11635	0.93385786
11636	0.92955869
11637	0.92309427
11638	0.91462761
11639	0.90438288
11640	0.89175659
11641	0.87677038
11642	0.86127490
11643	0.84532809
11644	0.83100760
11645	0.81178194
11646	0.79350293
11647	0.77601576
11648	0.75893927
11649	0.74272704
11650	0.72680002
11651	0.70991480
11652	0.69254887
11653	0.67493147
11654	0.65699583
11655	0.63897115
11656	0.62049967
11657	0.60211372
11658	0.58359849
11659	0.56492466
11660	0.54650718
11661	0.52815348
11662	0.50983447
11663	0.49131796
11664	0.47281274
11665	0.45434198
11666	0.43586543
11667	0.41746166
11668	0.39914027
11669	0.38087437
11670	0.36257115
11671	0.34452876
11672	0.32657012
11673	0.30886194
11674	0.29118031
11675	0.27373227
11676	0.25653329
11677	0.23952766
11678	0.22273558
11679	0.20611839
11680	0.18991050
11681	0.17407465
11682	0.15861225
11683	0.14363855
11684	0.12913974
11685	0.11513551
11686	0.10143783
11687	0.08781257
11688	0.07450020
11689	0.06140681
11690	0.04861678
11691	0.03607533
11692	0.02427726
11693	0.01323128
11694	0.00278363
11695	-0.00703644
11696	-0.01616452
11697	-0.02461086
11698	-0.03217728
11699	-0.03885727
11700	-0.04454474
11701	-0.04905462
11702	-0.05235507
11703	-0.05432826
11704	-0.05499798
11705	-0.05446171
11706	-0.05290807
11707	-0.04994200
11708	-0.04587629
11709	-0.04077000
11710	-0.03478044
11711	-0.02787956
11712	-0.01990927
11713	-0.01120585
11714	-0.00162611
11715	0.00883876
11716	0.02012187
11717	0.03218512
11718	0.04492284
11719	0.05817392
11720	0.07192523
11721	0.08586760
11722	0.10010692
11723	0.11475198
11724	0.12962966
11725	0.14498386
11726	0.16037135
11727	0.17598720
11728	0.19186945
11729	0.20806956
11730	0.22466344
11731	0.24173751
11732	0.25955918
11733	0.27751079
11734	0.29627678
11735	0.31586027
11736	0.33588442
11737	0.35680708
11738	0.37771106
11739	0.39959317
11740	0.42219317
11741	0.44537184
11742	0.46905819
11743	0.49337626
11744	0.51803625
11745	0.54289240
11746	0.56814277
11747	0.59353286
11748	0.61915952
11749	0.64485723
11750	0.67078060
11751	0.69606739
11752	0.72192842
11753	0.74692863
11754	0.77137429
11755	0.79511797
11756	0.81803751
11757	0.83942187
11758	0.85951275
11759	0.87787831
11760	0.89420474
11761	0.90831429
11762	0.91988772
11763	0.92896116
11764	0.93538785
11765	0.93907440
11766	0.94038415
11767	0.93938375
11768	0.93611866
11769	0.93087131
11770	0.92371291
11771	0.91494411
11772	0.90462577
11773	0.89161515
11774	0.87768346
11775	0.86233926
11776	0.84787130
11777	0.83207983
11778	0.81208396
11779	0.79406416
11780	0.77688569
11781	0.76042086
11782	0.74469513
11783	0.72854972
11784	0.71146446
11785	0.69396687
11786	0.67612338
11787	0.65807003
11788	0.63939369
11789	0.62117398
11790	0.60279316
11791	0.58414847
11792	0.56542361
11793	0.54686213
11794	0.52842242
11795	0.50998485
11796	0.49162748
11797	0.47333872
11798	0.45513391
11799	0.43664375
11800	0.41828251
11801	0.40012792
11802	0.38206604
11803	0.36405289
11804	0.34613338
11805	0.32826760
11806	0.31036898
11807	0.29291373
11808	0.27549544
11809	0.25828764
11810	0.24125500
11811	0.22443548
11812	0.20767431
11813	0.19139065
11814	0.17544557
11815	0.16001128
11816	0.14516842
11817	0.13089284
11818	0.11728033
11819	0.10407969
11820	0.09102387
11821	0.07817069
11822	0.06555308
11823	0.05298474
11824	0.04042662
11825	0.02853132
11826	0.01774067
11827	0.00785614
11828	-0.00129209
11829	-0.00979969
11830	-0.01774516
11831	-0.02499405
11832	-0.03157863
11833	-0.03706649
11834	-0.04151766
11835	-0.04462928
11836	-0.04639236
11837	-0.04678476
11838	-0.04585479
11839	-0.04384737
11840	-0.04043562
11841	-0.03586872
11842	-0.03022504
11843	-0.02352506
11844	-0.01560299
11845	-0.00685995
11846	0.00288169
11847	0.01365158
11848	0.02531000
11849	0.03788653
11850	0.05119025
11851	0.06505535
11852	0.07934753
11853	0.09407453
11854	0.10897043
11855	0.12414165
11856	0.13989308
11857	0.15571515
11858	0.17179269
11859	0.18809916
11860	0.20463552
11861	0.22147647
11862	0.23869705
11863	0.25629106
11864	0.27455100
11865	0.29299122
11866	0.31213272
11867	0.33225280
11868	0.35207492
11869	0.37325293
11870	0.39434394
11871	0.41608548
11872	0.43858287
11873	0.46152103
11874	0.48503712
11875	0.50876671
11876	0.53273970
11877	0.55693477
11878	0.58133757
11879	0.60590446
11880	0.63063800
11881	0.65531510
11882	0.68029106
11883	0.70510340
11884	0.72911400
11885	0.75299764
11886	0.77628034
11887	0.79877728
11888	0.82018238
11889	0.84031260
11890	0.85904163
11891	0.87593013
11892	0.89091682
11893	0.90367389
11894	0.91406024
11895	0.92206419
11896	0.92759305
11897	0.93066585
11898	0.93151599
11899	0.93034250
11900	0.92726827
11901	0.92228347
11902	0.91547680
11903	0.90708822
11904	0.89665580
11905	0.88349599
11906	0.86960077
11907	0.85394514
11908	0.83991617
11909	0.82226688
11910	0.80248648
11911	0.78476614
11912	0.76789844
11913	0.75175512
11914	0.73597276
11915	0.71959203
11916	0.70234060
11917	0.68470353
11918	0.66673946
11919	0.64850605
11920	0.62994754
11921	0.61157697
11922	0.59290868
11923	0.57428348
11924	0.55568987
11925	0.53708005
11926	0.51860458
11927	0.50020885
11928	0.48189119
11929	0.46350220
11930	0.44513497
11931	0.42676657
11932	0.40844572
11933	0.39021140
11934	0.37206784
11935	0.35405955
11936	0.33600092
11937	0.31842238
11938	0.30085963
11939	0.28362098
11940	0.26644650
11941	0.24950927
11942	0.23281440
11943	0.21643095
11944	0.20036031
11945	0.18453830
11946	0.16932598
11947	0.15465599
11948	0.14054173
11949	0.12680228
11950	0.11316224
11951	0.09966517
11952	0.08650766
11953	0.07347050
11954	0.06075822
11955	0.04849544
11956	0.03730980
11957	0.02693024
11958	0.01724882
11959	0.00810339
11960	-0.00057419
11961	-0.00868813
11962	-0.01612302
11963	-0.02266653
11964	-0.02819845
11965	-0.03246943
11966	-0.03542361
11967	-0.03703476
11968	-0.03738623
11969	-0.03653828
11970	-0.03458363
11971	-0.03123849
11972	-0.02680367
11973	-0.02137102
11974	-0.01481518
11975	-0.00755203
11976	0.00070461
11977	0.00972864
11978	0.01962128
11979	0.03034555
11980	0.04191370
11981	0.05423730
11982	0.06730276
11983	0.08104167
11984	0.09520105
11985	0.10980407
11986	0.12417445
11987	0.13950334
11988	0.15509056
11989	0.17068955
11990	0.18656124
11991	0.20261307
11992	0.21900836
11993	0.23579086
11994	0.25299343
11995	0.27060235
11996	0.28898570
11997	0.30750006
11998	0.32690194
11999	0.34699208
12000	0.36695078