	C:\Users\jkuzm\OneDrive - University of Massachusetts\HRSL x UMILL-PUMA Fatigue - Fatigue\Data\F01\FR3_Metabolic2.c3d
	LCAL1
	TARGET
	ORIGINAL
ITEM	Y
1	0.05069968
2	0.04264219
3	0.03524714
4	0.02865723
5	0.02281181
6	0.01704942
7	0.01154891
8	0.00656266
9	0.00235818
10	-0.00171057
11	-0.00636084
12	-0.01083019
13	-0.01573984
14	-0.02006120
15	-0.02232400
16	-0.02327693
17	-0.02296386
18	-0.02140619
19	-0.01822814
20	-0.01362659
21	-0.00782400
22	-0.00103404
23	0.00660288
24	0.01511209
25	0.02399447
26	0.03344077
27	0.04332012
28	0.05372726
29	0.06472840
30	0.07621843
31	0.08808210
32	0.10069975
33	0.11337934
34	0.12593076
35	0.13853902
36	0.15142308
37	0.16431373
38	0.17666875
39	0.18924594
40	0.20130859
41	0.21310417
42	0.22459798
43	0.23573920
44	0.24667545
45	0.25735363
46	0.26791897
47	0.27845797
48	0.28876910
49	0.29900262
50	0.30929372
51	0.31943855
52	0.32994878
53	0.34063980
54	0.35169432
55	0.36328283
56	0.37525284
57	0.38763860
58	0.40057692
59	0.41423663
60	0.42439935
61	0.44336113
62	0.45414051
63	0.47382107
64	0.49075714
65	0.50750464
66	0.52528489
67	0.54317445
68	0.56366634
69	0.58243442
70	0.60045534
71	0.61931479
72	0.63737494
73	0.65469074
74	0.67168897
75	0.68699419
76	0.70207876
77	0.71527684
78	0.72662288
79	0.73624301
80	0.74348426
81	0.74861115
82	0.75151646
83	0.75225735
84	0.75054717
85	0.74696475
86	0.74130410
87	0.73367459
88	0.72472966
89	0.71422958
90	0.70242625
91	0.68973368
92	0.67598218
93	0.66190535
94	0.64489877
95	0.62678254
96	0.60899979
97	0.59389961
98	0.58011317
99	0.56718159
100	0.55347526
101	0.53835517
102	0.52194899
103	0.50458932
104	0.48737293
105	0.46972793
106	0.45203978
107	0.43390012
108	0.41479531
109	0.39696598
110	0.37900674
111	0.36116290
112	0.34334511
113	0.32574740
114	0.30813128
115	0.29062554
116	0.27339029
117	0.25624841
118	0.23916996
119	0.22243708
120	0.20601907
121	0.18945451
122	0.17385310
123	0.15867382
124	0.14398025
125	0.12988353
126	0.11638061
127	0.10355458
128	0.09138924
129	0.08031920
130	0.06978405
131	0.06006317
132	0.05181608
133	0.04427638
134	0.03726250
135	0.03131495
136	0.02548052
137	0.01993089
138	0.01474383
139	0.01006031
140	0.00595099
141	0.00172794
142	-0.00321025
143	-0.00723537
144	-0.01219601
145	-0.01407089
146	-0.01497283
147	-0.01436583
148	-0.01249147
149	-0.00930858
150	-0.00468925
151	0.00110785
152	0.00791452
153	0.01555419
154	0.02390289
155	0.03292241
156	0.04240976
157	0.05236202
158	0.06292135
159	0.07386881
160	0.08556278
161	0.09783737
162	0.11035420
163	0.12311143
164	0.13572511
165	0.14854303
166	0.16125400
167	0.17408675
168	0.18660797
169	0.19889656
170	0.21085884
171	0.22249764
172	0.23381652
173	0.24494818
174	0.25585127
175	0.26658633
176	0.27721044
177	0.28771657
178	0.29833061
179	0.30880377
180	0.31933481
181	0.32969591
182	0.34045935
183	0.35137647
184	0.36259887
185	0.37432775
186	0.38639316
187	0.39916503
188	0.41183043
189	0.42580527
190	0.44027087
191	0.45502806
192	0.46986088
193	0.48650655
194	0.50366867
195	0.52062547
196	0.53847003
197	0.55726814
198	0.57536614
199	0.59586787
200	0.61344820
201	0.63264573
202	0.65091980
203	0.66823912
204	0.68473059
205	0.70045024
206	0.71492463
207	0.72789979
208	0.73883861
209	0.74809748
210	0.75508660
211	0.75971287
212	0.76213586
213	0.76259190
214	0.76057923
215	0.75637275
216	0.75049782
217	0.74277538
218	0.73346996
219	0.72232878
220	0.71084619
221	0.69796097
222	0.68325835
223	0.66954976
224	0.65250868
225	0.63472754
226	0.61748683
227	0.60139394
228	0.58708000
229	0.57369065
230	0.55978936
231	0.54477549
232	0.52856767
233	0.51181585
234	0.49464297
235	0.47691754
236	0.45932472
237	0.44077802
238	0.42262197
239	0.40442485
240	0.38645333
241	0.36851612
242	0.35064512
243	0.33304346
244	0.31552243
245	0.29818085
246	0.28117090
247	0.26410356
248	0.24698764
249	0.23013823
250	0.21361983
251	0.19700691
252	0.18134359
253	0.16612183
254	0.15128905
255	0.13694942
256	0.12326740
257	0.11016706
258	0.09772065
259	0.08633624
260	0.07543663
261	0.06541572
262	0.05652024
263	0.04839390
264	0.04144678
265	0.03540593
266	0.02967074
267	0.02423235
268	0.01932966
269	0.01412387
270	0.01009714
271	0.00624599
272	0.00200645
273	-0.00232781
274	-0.00698607
275	-0.00944747
276	-0.01046347
277	-0.01074850
278	-0.00930668
279	-0.00656724
280	-0.00231680
281	0.00320999
282	0.00977994
283	0.01717222
284	0.02535026
285	0.03403901
286	0.04344834
287	0.05328334
288	0.06350735
289	0.07453733
290	0.08603727
291	0.09808782
292	0.11034010
293	0.12305543
294	0.13599397
295	0.14871565
296	0.16155675
297	0.17407076
298	0.18688035
299	0.19933568
300	0.21153302
301	0.22347613
302	0.23508956
303	0.24638164
304	0.25745749
305	0.26828909
306	0.27896115
307	0.28957093
308	0.30002600
309	0.31070113
310	0.32117563
311	0.33152348
312	0.34214112
313	0.35285681
314	0.36378396
315	0.37493959
316	0.38646996
317	0.39866015
318	0.41080743
319	0.42409676
320	0.43413836
321	0.45226091
322	0.46277258
323	0.48041639
324	0.49682346
325	0.51399678
326	0.53052968
327	0.54988021
328	0.56745553
329	0.58639270
330	0.60455990
331	0.62371653
332	0.64206910
333	0.66009802
334	0.67758167
335	0.69385755
336	0.70884335
337	0.72321945
338	0.73609978
339	0.74734694
340	0.75625074
341	0.76307970
342	0.76758534
343	0.76994491
344	0.77007490
345	0.76787549
346	0.76420760
347	0.75837916
348	0.75049120
349	0.74167627
350	0.73116899
351	0.71910012
352	0.70559031
353	0.69192207
354	0.67649674
355	0.65943658
356	0.64243811
357	0.62753493
358	0.61261016
359	0.59953701
360	0.58649093
361	0.56942034
362	0.55284232
363	0.53590816
364	0.51891297
365	0.50136209
366	0.48365086
367	0.46576342
368	0.44771564
369	0.43013275
370	0.41222605
371	0.39329070
372	0.37583196
373	0.35761824
374	0.33990240
375	0.32221898
376	0.30498859
377	0.28769004
378	0.27019769
379	0.25299862
380	0.23605122
381	0.21942052
382	0.20266923
383	0.18698350
384	0.17176665
385	0.15713778
386	0.14300545
387	0.12941404
388	0.11655394
389	0.10427700
390	0.09285720
391	0.08254015
392	0.07257701
393	0.06391308
394	0.05614999
395	0.04924646
396	0.04348205
397	0.03712039
398	0.03129970
399	0.02590161
400	0.02112932
401	0.01705311
402	0.01214022
403	0.00670651
404	0.00187253
405	-0.00211102
406	-0.00564727
407	-0.00668749
408	-0.00656450
409	-0.00511701
410	-0.00232214
411	0.00197283
412	0.00758238
413	0.01401119
414	0.02135758
415	0.02954727
416	0.03828071
417	0.04740818
418	0.05698957
419	0.06693491
420	0.07763684
421	0.08867146
422	0.10025942
423	0.11221947
424	0.12456286
425	0.13703115
426	0.14943655
427	0.16192815
428	0.17447573
429	0.18726251
430	0.19943269
431	0.21114205
432	0.22270469
433	0.23383209
434	0.24457042
435	0.25489792
436	0.26490763
437	0.27475300
438	0.28449839
439	0.29415303
440	0.30382806
441	0.31380162
442	0.32364970
443	0.33368847
444	0.34392792
445	0.35457218
446	0.36542627
447	0.37657368
448	0.38860723
449	0.40064976
450	0.41391894
451	0.42745721
452	0.44212121
453	0.45307761
454	0.47182977
455	0.48719090
456	0.50393462
457	0.52210647
458	0.54047149
459	0.56065059
460	0.57910609
461	0.59897858
462	0.61844736
463	0.63758749
464	0.65641075
465	0.67478567
466	0.69089949
467	0.70730209
468	0.72267753
469	0.73618633
470	0.74787152
471	0.75753897
472	0.76499724
473	0.77009153
474	0.77293104
475	0.77358204
476	0.77206802
477	0.76837069
478	0.76274323
479	0.75539482
480	0.74626756
481	0.73602813
482	0.72457123
483	0.71208096
484	0.69939512
485	0.68504119
486	0.67062914
487	0.65410322
488	0.63715708
489	0.62003535
490	0.60440880
491	0.58986086
492	0.57651502
493	0.56244296
494	0.54707235
495	0.53061545
496	0.51359105
497	0.49638614
498	0.47885138
499	0.46100196
500	0.44270125
501	0.42470524
502	0.40668705
503	0.38862973
504	0.37088275
505	0.35339078
506	0.33564207
507	0.31808668
508	0.30067304
509	0.28347930
510	0.26635048
511	0.24918988
512	0.23234598
513	0.21585271
514	0.19940919
515	0.18356004
516	0.16840641
517	0.15377097
518	0.13964045
519	0.12618075
520	0.11335859
521	0.10120023
522	0.09004835
523	0.07943197
524	0.06977815
525	0.06094896
526	0.05330474
527	0.04660020
528	0.04037479
529	0.03476440
530	0.02876507
531	0.02376571
532	0.01897413
533	0.01439227
534	0.00961870
535	0.00447074
536	-0.00013464
537	-0.00571191
538	-0.00841044
539	-0.01024254
540	-0.01072293
541	-0.01000629
542	-0.00784775
543	-0.00432847
544	0.00042990
545	0.00620625
546	0.01291605
547	0.02038251
548	0.02850687
549	0.03727806
550	0.04647144
551	0.05617366
552	0.06624755
553	0.07707364
554	0.08857676
555	0.10032073
556	0.11272851
557	0.12509830
558	0.13739254
559	0.14997278
560	0.16229558
561	0.17472154
562	0.18690108
563	0.19889979
564	0.21051590
565	0.22185189
566	0.23285849
567	0.24359150
568	0.25409317
569	0.26433098
570	0.27443498
571	0.28446165
572	0.29439217
573	0.30422837
574	0.31441808
575	0.32416868
576	0.33431646
577	0.34469360
578	0.35534078
579	0.36644241
580	0.37768576
581	0.38996062
582	0.40167353
583	0.41227946
584	0.42927787
585	0.44367337
586	0.45494092
587	0.47252074
588	0.48543093
589	0.50652766
590	0.52475476
591	0.54348725
592	0.56187105
593	0.58049804
594	0.59972298
595	0.61790764
596	0.63598830
597	0.65367460
598	0.67039454
599	0.68675369
600	0.70064503
601	0.71398067
602	0.72560799
603	0.73555201
604	0.74321127
605	0.74869466
606	0.75194389
607	0.75307101
608	0.75190037
609	0.74916840
610	0.74342281
611	0.73678666
612	0.72833812
613	0.71842623
614	0.70730168
615	0.69514191
616	0.68159562
617	0.66802794
618	0.65305746
619	0.63569224
620	0.61783683
621	0.60062557
622	0.58545607
623	0.57187605
624	0.55837673
625	0.54394108
626	0.52819031
627	0.51162440
628	0.49421257
629	0.47665024
630	0.45931593
631	0.44135341
632	0.42277625
633	0.40429020
634	0.38631409
635	0.36844122
636	0.35046515
637	0.33269206
638	0.31476963
639	0.29715124
640	0.27990824
641	0.26258796
642	0.24515809
643	0.22812496
644	0.21140726
645	0.19485708
646	0.17871742
647	0.16330922
648	0.14841339
649	0.13405645
650	0.12027944
651	0.10713176
652	0.09480995
653	0.08317775
654	0.07260343
655	0.06266769
656	0.05360473
657	0.04592168
658	0.03861985
659	0.03246251
660	0.02697473
661	0.02097865
662	0.01592378
663	0.01090861
664	0.00620261
665	0.00189738
666	-0.00274280
667	-0.00691006
668	-0.01100520
669	-0.01486685
670	-0.01624715
671	-0.01638585
672	-0.01519102
673	-0.01266561
674	-0.00867402
675	-0.00349514
676	0.00306152
677	0.01035945
678	0.01837321
679	0.02698548
680	0.03621349
681	0.04576887
682	0.05609475
683	0.06682640
684	0.07801062
685	0.08998318
686	0.10220052
687	0.11466723
688	0.12704419
689	0.13971516
690	0.15230486
691	0.16478644
692	0.17714812
693	0.18936421
694	0.20130384
695	0.21295083
696	0.22422799
697	0.23515743
698	0.24580623
699	0.25625029
700	0.26646566
701	0.27659655
702	0.28690884
703	0.29700840
704	0.30717134
705	0.31713045
706	0.32754564
707	0.33819139
708	0.34906745
709	0.36012429
710	0.37202486
711	0.38408780
712	0.39591664
713	0.40648350
714	0.42414343
715	0.43464589
716	0.44967487
717	0.46426061
718	0.48464763
719	0.50119132
720	0.51921308
721	0.53739089
722	0.55736166
723	0.57566780
724	0.59536070
725	0.61367661
726	0.63191885
727	0.64950782
728	0.66695201
729	0.68241721
730	0.69752204
731	0.71120518
732	0.72317773
733	0.73306859
734	0.74105746
735	0.74685848
736	0.75040239
737	0.75149357
738	0.75050092
739	0.74746132
740	0.74199557
741	0.73532790
742	0.72681701
743	0.71634364
744	0.70525450
745	0.69255704
746	0.67806047
747	0.66370916
748	0.64657307
749	0.62819487
750	0.61162448
751	0.59528250
752	0.58124244
753	0.56793839
754	0.55413872
755	0.53919303
756	0.52305931
757	0.50634497
758	0.48900226
759	0.47154602
760	0.45396748
761	0.43599325
762	0.41741127
763	0.39915174
764	0.38121548
765	0.36335614
766	0.34552550
767	0.32775533
768	0.31027195
769	0.29285452
770	0.27576289
771	0.25864825
772	0.24150512
773	0.22454853
774	0.20796545
775	0.19139330
776	0.17538628
777	0.16006628
778	0.14524496
779	0.13093840
780	0.11723705
781	0.10421237
782	0.09177418
783	0.08001545
784	0.06937795
785	0.05930489
786	0.05013982
787	0.04208717
788	0.03464208
789	0.02833259
790	0.02224250
791	0.01642684
792	0.01126112
793	0.00591617
794	0.00150934
795	-0.00280198
796	-0.00826718
797	-0.01347444
798	-0.01946566
799	-0.02255228
800	-0.02470598
801	-0.02557072
802	-0.02485648
803	-0.02278656
804	-0.01914224
805	-0.01410746
806	-0.00782154
807	-0.00058541
808	0.00767897
809	0.01651655
810	0.02597851
811	0.03604295
812	0.04659518
813	0.05772609
814	0.06939698
815	0.08157076
816	0.09396049
817	0.10694722
818	0.11983259
819	0.13299666
820	0.14587131
821	0.15868694
822	0.17144665
823	0.18400139
824	0.19629936
825	0.20831873
826	0.21992145
827	0.23118231
828	0.24199790
829	0.25266498
830	0.26306969
831	0.27324131
832	0.28326344
833	0.29308751
834	0.30276668
835	0.31265804
836	0.32237121
837	0.33199862
838	0.34201252
839	0.35232365
840	0.36295283
841	0.37402377
842	0.38556474
843	0.39762077
844	0.41060266
845	0.42390770
846	0.43804362
847	0.45256239
848	0.46289971
849	0.48169062
850	0.49965215
851	0.51643926
852	0.53430837
853	0.55244523
854	0.57174224
855	0.59146798
856	0.61107117
857	0.62939072
858	0.64807945
859	0.66641665
860	0.68445659
861	0.70027417
862	0.71592683
863	0.73013163
864	0.74266118
865	0.75330824
866	0.76150560
867	0.76759118
868	0.77127624
869	0.77278602
870	0.77220619
871	0.76944762
872	0.76472479
873	0.75815862
874	0.75002891
875	0.74041623
876	0.72887039
877	0.71706784
878	0.70369101
879	0.68771923
880	0.67003208
881	0.65211648
882	0.63538700
883	0.62142342
884	0.60824203
885	0.59430271
886	0.57955956
887	0.56329352
888	0.54651600
889	0.52959722
890	0.51247311
891	0.49462217
892	0.47683346
893	0.45923281
894	0.44076678
895	0.42276692
896	0.40429777
897	0.38676259
898	0.36937186
899	0.35133311
900	0.33373728
901	0.31641820
902	0.29894391
903	0.28198573
904	0.26502472
905	0.24809533
906	0.23187272
907	0.21586531
908	0.20047829
909	0.18560846
910	0.17125262
911	0.15761967
912	0.14451562
913	0.13216159
914	0.12045366
915	0.10974591
916	0.09963743
917	0.09054187
918	0.08195628
919	0.07450217
920	0.06757502
921	0.06137709
922	0.05551806
923	0.04945998
924	0.04438714
925	0.04020211
926	0.03538543
927	0.02965738
928	0.02425673
929	0.01838988
930	0.01455018
931	0.01186149
932	0.01045214
933	0.01023473
934	0.01158775
935	0.01437459
936	0.01855986
937	0.02380164
938	0.03003693
939	0.03711065
940	0.04487723
941	0.05339622
942	0.06235270
943	0.07183483
944	0.08185507
945	0.09240016
946	0.10346746
947	0.11503829
948	0.12687513
949	0.13927656
950	0.15166664
951	0.16383550
952	0.17645581
953	0.18881398
954	0.20128247
955	0.21334437
956	0.22502869
957	0.23656875
958	0.24775565
959	0.25860253
960	0.26918292
961	0.27955484
962	0.28977898
963	0.29987255
964	0.30987415
965	0.31990194
966	0.32982075
967	0.34008858
968	0.35021821
969	0.36023736
970	0.37069491
971	0.38143492
972	0.39245871
973	0.40428457
974	0.41620791
975	0.42835867
976	0.44155708
977	0.45594707
978	0.46967289
979	0.48499867
980	0.50013953
981	0.51683104
982	0.53541678
983	0.55301517
984	0.57057017
985	0.58978564
986	0.60829669
987	0.62720370
988	0.64561039
989	0.66359717
990	0.68098462
991	0.69681144
992	0.71164346
993	0.72574192
994	0.73860252
995	0.74939907
996	0.75814974
997	0.76475126
998	0.76937610
999	0.77178067
1000	0.77201194
1001	0.76996911
1002	0.76582277
1003	0.76081592
1004	0.75360006
1005	0.74433643
1006	0.73493165
1007	0.72313350
1008	0.71037877
1009	0.69686574
1010	0.68117636
1011	0.66234946
1012	0.64381111
1013	0.62680459
1014	0.61140567
1015	0.59743512
1016	0.58347064
1017	0.56861287
1018	0.55244625
1019	0.53572589
1020	0.51825690
1021	0.50087994
1022	0.48332098
1023	0.46589512
1024	0.44754222
1025	0.42921051
1026	0.41088030
1027	0.39297095
1028	0.37513545
1029	0.35725245
1030	0.33950132
1031	0.32196978
1032	0.30477229
1033	0.28739005
1034	0.27008638
1035	0.25287661
1036	0.23596044
1037	0.21935846
1038	0.20265536
1039	0.18690243
1040	0.17160520
1041	0.15687917
1042	0.14265341
1043	0.12911904
1044	0.11621391
1045	0.10416123
1046	0.09316093
1047	0.08285717
1048	0.07345827
1049	0.06514733
1050	0.05765101
1051	0.05111140
1052	0.04528720
1053	0.04006562
1054	0.03470993
1055	0.02918647
1056	0.02480728
1057	0.02057020
1058	0.01549792
1059	0.01058156
1060	0.00553554
1061	0.00185888
1062	-0.00046545
1063	-0.00146506
1064	-0.00117325
1065	0.00052866
1066	0.00360921
1067	0.00787567
1068	0.01323971
1069	0.01954019
1070	0.02657083
1071	0.03423293
1072	0.04242840
1073	0.05118862
1074	0.06045695
1075	0.07027385
1076	0.08066756
1077	0.09161241
1078	0.10302795
1079	0.11514242
1080	0.12745884
1081	0.13989082
1082	0.15210651
1083	0.16439317
1084	0.17685948
1085	0.18899998
1086	0.20092832
1087	0.21263352
1088	0.22401267
1089	0.23497659
1090	0.24562646
1091	0.25598186
1092	0.26603922
1093	0.27598995
1094	0.28581804
1095	0.29556426
1096	0.30532017
1097	0.31506610
1098	0.32491091
1099	0.33470160
1100	0.34481385
1101	0.35509059
1102	0.36577037
1103	0.37703937
1104	0.38847157
1105	0.40036893
1106	0.41279376
1107	0.42511058
1108	0.43999544
1109	0.45024416
1110	0.46531507
1111	0.48587349
1112	0.50164157
1113	0.51873529
1114	0.53621536
1115	0.55429769
1116	0.57218677
1117	0.59238249
1118	0.61021852
1119	0.62879342
1120	0.64702171
1121	0.66328239
1122	0.68101698
1123	0.69641870
1124	0.71095890
1125	0.72415692
1126	0.73495680
1127	0.74406248
1128	0.75081670
1129	0.75537419
1130	0.75745618
1131	0.75734109
1132	0.75494605
1133	0.75036412
1134	0.74358380
1135	0.73525465
1136	0.72578549
1137	0.71477866
1138	0.70212746
1139	0.68913227
1140	0.67611992
1141	0.66135883
1142	0.64464110
1143	0.62668157
1144	0.60884506
1145	0.59309578
1146	0.57911485
1147	0.56577498
1148	0.55181634
1149	0.53669298
1150	0.52056319
1151	0.50388217
1152	0.48687339
1153	0.47224519
1154	0.45194173
1155	0.43359473
1156	0.41415697
1157	0.39612919
1158	0.37815377
1159	0.36024117
1160	0.34236985
1161	0.32478175
1162	0.30732042
1163	0.29036072
1164	0.27292749
1165	0.25592342
1166	0.23879254
1167	0.22188076
1168	0.20488612
1169	0.18832272
1170	0.17268421
1171	0.15759096
1172	0.14294806
1173	0.12877479
1174	0.11520251
1175	0.10235462
1176	0.09011686
1177	0.07894194
1178	0.06813391
1179	0.05851026
1180	0.04993283
1181	0.04223169
1182	0.03551814
1183	0.02909347
1184	0.02285953
1185	0.01695633
1186	0.01160256
1187	0.00643043
1188	0.00187512
1189	-0.00321286
1190	-0.00845545
1191	-0.01326378
1192	-0.01800046
1193	-0.02058830
1194	-0.02158303
1195	-0.02143682
1196	-0.02007782
1197	-0.01717327
1198	-0.01302481
1199	-0.00780259
1200	-0.00163120
1201	0.00543523
1202	0.01322685
1203	0.02166442
1204	0.03079310
1205	0.04043125
1206	0.05067340
1207	0.06154318
1208	0.07300372
1209	0.08497127
1210	0.09730984
1211	0.10961466
1212	0.12216065
1213	0.13468392
1214	0.14731586
1215	0.15971179
1216	0.17186902
1217	0.18421631
1218	0.19616884
1219	0.20780766
1220	0.21911331
1221	0.23007806
1222	0.24071877
1223	0.25110793
1224	0.26141953
1225	0.27159080
1226	0.28167629
1227	0.29170898
1228	0.30177492
1229	0.31179780
1230	0.32211387
1231	0.33262709
1232	0.34343010
1233	0.35457832
1234	0.36618072
1235	0.37824708
1236	0.38877472
1237	0.40308756
1238	0.41800317
1239	0.43229371
1240	0.44643617
1241	0.46135157
1242	0.48002625
1243	0.49585569
1244	0.51490837
1245	0.53308052
1246	0.55174404
1247	0.57074547
1248	0.58991957
1249	0.60895723
1250	0.62697005
1251	0.64526552
1252	0.66323245
1253	0.67924231
1254	0.69568110
1255	0.71045303
1256	0.72389650
1257	0.73502016
1258	0.74438810
1259	0.75124544
1260	0.75578827
1261	0.75816178
1262	0.75833499
1263	0.75614649
1264	0.75203836
1265	0.74597520
1266	0.73805457
1267	0.72913444
1268	0.71871090
1269	0.70664215
1270	0.69420445
1271	0.68152064
1272	0.66728407
1273	0.65068626
1274	0.63266176
1275	0.61414659
1276	0.59822381
1277	0.58405530
1278	0.57087433
1279	0.55731320
1280	0.54239792
1281	0.52627647
1282	0.50966871
1283	0.49271011
1284	0.47605252
1285	0.45810086
1286	0.44009843
1287	0.42063394
1288	0.40261281
1289	0.38460186
1290	0.36670941
1291	0.34888878
1292	0.33123294
1293	0.31358153
1294	0.29639789
1295	0.27888682
1296	0.26177800
1297	0.24471663
1298	0.22797674
1299	0.21151713
1300	0.19502991
1301	0.17945668
1302	0.16440386
1303	0.14985523
1304	0.13587834
1305	0.12240509
1306	0.10974602
1307	0.09774484
1308	0.08675502
1309	0.07636965
1310	0.06691448
1311	0.05834932
1312	0.05087059
1313	0.04413770
1314	0.03817882
1315	0.03246262
1316	0.02698806
1317	0.02190129
1318	0.01732261
1319	0.01353246
1320	0.00950133
1321	0.00584245
1322	0.00091866
1323	-0.00220383
1324	-0.00366163
1325	-0.00440474
1326	-0.00423933
1327	-0.00226283
1328	0.00114504
1329	0.00581012
1330	0.01166849
1331	0.01858032
1332	0.02643318
1333	0.03510041
1334	0.04443014
1335	0.05433992
1336	0.06472395
1337	0.07563487
1338	0.08707610
1339	0.09883974
1340	0.11136594
1341	0.12398361
1342	0.13676526
1343	0.14911310
1344	0.16180764
1345	0.17472002
1346	0.18747424
1347	0.19992192
1348	0.21209754
1349	0.22393781
1350	0.23533128
1351	0.24636661
1352	0.25702178
1353	0.26737544
1354	0.27750990
1355	0.28750947
1356	0.29733098
1357	0.30702627
1358	0.31668654
1359	0.32629359
1360	0.33601511
1361	0.34571829
1362	0.35640904
1363	0.36749917
1364	0.37794363
1365	0.38890672
1366	0.39839378
1367	0.41012830
1368	0.42292419
1369	0.43587959
1370	0.44926515
1371	0.46342352
1372	0.47709072
1373	0.49202859
1374	0.50878507
1375	0.52539212
1376	0.54261881
1377	0.56093675
1378	0.57848316
1379	0.59834343
1380	0.61573792
1381	0.63390082
1382	0.65130270
1383	0.66734844
1384	0.68472320
1385	0.69974214
1386	0.71401131
1387	0.72677547
1388	0.73784065
1389	0.74689823
1390	0.75353003
1391	0.75794107
1392	0.75988811
1393	0.75968015
1394	0.75704974
1395	0.75205749
1396	0.74546421
1397	0.73656964
1398	0.72664797
1399	0.71482313
1400	0.70159966
1401	0.68743718
1402	0.67273545
1403	0.65651631
1404	0.63899934
1405	0.62155557
1406	0.60537171
1407	0.59148175
1408	0.57832789
1409	0.56443846
1410	0.54926366
1411	0.53282928
1412	0.51584703
1413	0.49857119
1414	0.48110968
1415	0.46337995
1416	0.44538623
1417	0.42725793
1418	0.40863195
1419	0.39061025
1420	0.37270337
1421	0.35479379
1422	0.33690900
1423	0.31936437
1424	0.30186778
1425	0.28465572
1426	0.26720956
1427	0.25012958
1428	0.23307823
1429	0.21640083
1430	0.19982682
1431	0.18387024
1432	0.16856101
1433	0.15373006
1434	0.13941246
1435	0.12565987
1436	0.11265678
1437	0.10030878
1438	0.08863480
1439	0.07808274
1440	0.06809822
1441	0.05913730
1442	0.05076059
1443	0.04341507
1444	0.03691237
1445	0.03055309
1446	0.02439723
1447	0.01861258
1448	0.01333168
1449	0.00893429
1450	0.00319995
1451	-0.00230066
1452	-0.00833642
1453	-0.01341852
1454	-0.01827135
1455	-0.02043781
1456	-0.02141210
1457	-0.02105419
1458	-0.01930151
1459	-0.01612195
1460	-0.01170791
1461	-0.00620373
1462	0.00032214
1463	0.00755604
1464	0.01545205
1465	0.02403581
1466	0.03319741
1467	0.04287917
1468	0.05313655
1469	0.06403385
1470	0.07537117
1471	0.08751452
1472	0.09979971
1473	0.11272214
1474	0.12546901
1475	0.13828945
1476	0.15095420
1477	0.16353671
1478	0.17604762
1479	0.18836926
1480	0.20062469
1481	0.21232349
1482	0.22366913
1483	0.23464227
1484	0.24519990
1485	0.25554809
1486	0.26568043
1487	0.27562675
1488	0.28543875
1489	0.29516160
1490	0.30511901
1491	0.31486219
1492	0.32470807
1493	0.33452278
1494	0.34475952
1495	0.35533386
1496	0.36633191
1497	0.37774101
1498	0.39078143
1499	0.40230846
1500	0.41598490
1501	0.42978621
1502	0.44431132
1503	0.45476919
1504	0.46878693
1505	0.48977965
1506	0.50819242
1507	0.52619851
1508	0.54387665
1509	0.56276762
1510	0.58249879
1511	0.60281616
1512	0.62126350
1513	0.64029378
1514	0.65855521
1515	0.67700547
1516	0.69384462
1517	0.70858419
1518	0.72298038
1519	0.73572505
1520	0.74625254
1521	0.75430381
1522	0.76016730
1523	0.76364541
1524	0.76453561
1525	0.76321590
1526	0.75954330
1527	0.75427079
1528	0.74676371
1529	0.73769510
1530	0.72646642
1531	0.71433973
1532	0.70126802
1533	0.68712807
1534	0.67290229
1535	0.65657437
1536	0.63878030
1537	0.62170029
1538	0.60601318
1539	0.59224379
1540	0.57930344
1541	0.56552404
1542	0.55049896
1543	0.53422052
1544	0.51737076
1545	0.50017405
1546	0.48240182
1547	0.46479169
1548	0.44694197
1549	0.42843565
1550	0.40986797
1551	0.39213181
1552	0.37421674
1553	0.35636705
1554	0.33855057
1555	0.32124126
1556	0.30409145
1557	0.28678572
1558	0.26965380
1559	0.25243169
1560	0.23551562
1561	0.21900259
1562	0.20223044
1563	0.18645921
1564	0.17111094
1565	0.15617090
1566	0.14176227
1567	0.12795272
1568	0.11466622
1569	0.10202147
1570	0.09045912
1571	0.07929168
1572	0.06899314
1573	0.05956053
1574	0.05128592
1575	0.04399205
1576	0.03770043
1577	0.03171486
1578	0.02610207
1579	0.02104542
1580	0.01578494
1581	0.01165428
1582	0.00752260
1583	0.00294814
1584	-0.00162205
1585	-0.00630666
1586	-0.00949224
1587	-0.01121028
1588	-0.01152308
1589	-0.01061581
1590	-0.00826132
1591	-0.00452832
1592	0.00054454
1593	0.00681932
1594	0.01403264
1595	0.02207186
1596	0.03084161
1597	0.04025314
1598	0.05024092
1599	0.06075934
1600	0.07165476
1601	0.08320882
1602	0.09537032
1603	0.10782015
1604	0.12062665
1605	0.13338687
1606	0.14634372
1607	0.15929131
1608	0.17238630
1609	0.18515012
1610	0.19796677
1611	0.21032569
1612	0.22211018
1613	0.23372653
1614	0.24497695
1615	0.25586385
1616	0.26650447
1617	0.27697963
1618	0.28721017
1619	0.29735097
1620	0.30742678
1621	0.31742039
1622	0.32742026
1623	0.33749047
1624	0.34763795
1625	0.35786495
1626	0.36872342
1627	0.37966824
1628	0.39116737
1629	0.40298593
1630	0.41527340
1631	0.42872280
1632	0.43825701
1633	0.45643893
1634	0.46669459
1635	0.48500037
1636	0.50145334
1637	0.51858813
1638	0.53554285
1639	0.55327529
1640	0.57219160
1641	0.59088129
1642	0.61004955
1643	0.62850142
1644	0.64689052
1645	0.66473389
1646	0.68188900
1647	0.69744211
1648	0.71242553
1649	0.72578323
1650	0.73790956
1651	0.74776095
1652	0.75554854
1653	0.76118863
1654	0.76426095
1655	0.76506883
1656	0.76356924
1657	0.75978512
1658	0.75384313
1659	0.74619222
1660	0.73738807
1661	0.72633767
1662	0.71442854
1663	0.70148301
1664	0.68819517
1665	0.67338711
1666	0.65579575
1667	0.63788837
1668	0.62100458
1669	0.60509199
1670	0.59128392
1671	0.57767034
1672	0.56335020
1673	0.54776919
1674	0.53127271
1675	0.51438820
1676	0.49728230
1677	0.47965729
1678	0.46194884
1679	0.44396290
1680	0.42543498
1681	0.40725723
1682	0.38932374
1683	0.37149167
1684	0.35365960
1685	0.33590922
1686	0.31829384
1687	0.30084071
1688	0.28371653
1689	0.26673260
1690	0.24965230
1691	0.23294875
1692	0.21621543
1693	0.20025340
1694	0.18455037
1695	0.16957021
1696	0.15504275
1697	0.14101200
1698	0.12764253
1699	0.11478873
1700	0.10267702
1701	0.09161837
1702	0.08095717
1703	0.07111382
1704	0.06213725
1705	0.05422572
1706	0.04736475
1707	0.04090645
1708	0.03487131
1709	0.02908265
1710	0.02365088
1711	0.01884037
1712	0.01471327
1713	0.01005997
1714	0.00513069
1715	0.00015266
1716	-0.00451165
1717	-0.00792251
1718	-0.00961261
1719	-0.01050295
1720	-0.00979854
1721	-0.00773225
1722	-0.00436014
1723	0.00021907
1724	0.00592587
1725	0.01242557
1726	0.01997376
1727	0.02806362
1728	0.03686022
1729	0.04616250
1730	0.05603674
1731	0.06647584
1732	0.07752329
1733	0.08911911
1734	0.10117416
1735	0.11334946
1736	0.12592418
1737	0.13817365
1738	0.15074641
1739	0.16307843
1740	0.17566212
1741	0.18791230
1742	0.19992562
1743	0.21157299
1744	0.22291097
1745	0.23389260
1746	0.24457169
1747	0.25505874
1748	0.26533514
1749	0.27549887
1750	0.28553352
1751	0.29547301
1752	0.30536565
1753	0.31524724
1754	0.32515529
1755	0.33506811
1756	0.34534243
1757	0.35584086
1758	0.36669824
1759	0.37790930
1760	0.38960966
1761	0.40175340
1762	0.41479796
1763	0.42807212
1764	0.44180956
1765	0.45645449
1766	0.47038049
1767	0.48622775
1768	0.50251240
1769	0.52057338
1770	0.53701812
1771	0.55464107
1772	0.57372272
1773	0.59336746
1774	0.61197281
1775	0.62958521
1776	0.64782101
1777	0.66517651
1778	0.68254548
1779	0.69849372
1780	0.71225947
1781	0.72577864
1782	0.73729241
1783	0.74649698
1784	0.75379986
1785	0.75877714
1786	0.76158845
1787	0.76191872
1788	0.76024246
1789	0.75640720
1790	0.75060040
1791	0.74264860
1792	0.73373234
1793	0.72295660
1794	0.71053702
1795	0.69754231
1796	0.68383855
1797	0.66977501
1798	0.65284526
1799	0.63500232
1800	0.61774629
1801	0.60214162
1802	0.58866060
1803	0.57550114
1804	0.56157076
1805	0.54616547
1806	0.52960581
1807	0.51258236
1808	0.49525771
1809	0.47767493
1810	0.45980403
1811	0.44144681
1812	0.42301658
1813	0.40475166
1814	0.38689849
1815	0.36918369
1816	0.35146284
1817	0.33349937
1818	0.31637812
1819	0.29900393
1820	0.28191900
1821	0.26484481
1822	0.24780141
1823	0.23104310
1824	0.21413752
1825	0.19801661
1826	0.18208855
1827	0.16684514
1828	0.15210219
1829	0.13788696
1830	0.12428860
1831	0.11128437
1832	0.09892531
1833	0.08760046
1834	0.07702168
1835	0.06705529
1836	0.05775633
1837	0.04976052
1838	0.04265585
1839	0.03634569
1840	0.03026265
1841	0.02450865
1842	0.01915238
1843	0.01452333
1844	0.01046389
1845	0.00667556
1846	0.00194853
1847	-0.00251566
1848	-0.00769985
1849	-0.01142481
1850	-0.01400673
1851	-0.01542598
1852	-0.01552534
1853	-0.01459092
1854	-0.01224517
1855	-0.00870244
1856	-0.00407135
1857	0.00159006
1858	0.00813501
1859	0.01553842
1860	0.02370966
1861	0.03252058
1862	0.04198435
1863	0.05212927
1864	0.06267293
1865	0.07384900
1866	0.08549586
1867	0.09762056
1868	0.10999005
1869	0.12247761
1870	0.13500875
1871	0.14744020
1872	0.16015090
1873	0.17272687
1874	0.18482988
1875	0.19668056
1876	0.20822062
1877	0.21920805
1878	0.23001009
1879	0.24046579
1880	0.25071472
1881	0.26073143
1882	0.27064854
1883	0.28048179
1884	0.29016569
1885	0.29974014
1886	0.30937186
1887	0.31892902
1888	0.32891342
1889	0.33856356
1890	0.34867659
1891	0.35910195
1892	0.36982542
1893	0.38104650
1894	0.39277738
1895	0.40474790
1896	0.41780260
1897	0.43152976
1898	0.44616511
1899	0.45887038
1900	0.47368312
1901	0.49105060
1902	0.50777102
1903	0.52490407
1904	0.54256195
1905	0.56060821
1906	0.57992321
1907	0.59749788
1908	0.61589497
1909	0.63357359
1910	0.65107363
1911	0.66757870
1912	0.68350166
1913	0.69772869
1914	0.71089965
1915	0.72246051
1916	0.73189056
1917	0.73941922
1918	0.74466258
1919	0.74752986
1920	0.74816251
1921	0.74651682
1922	0.74285465
1923	0.73745322
1924	0.73010260
1925	0.72109973
1926	0.71076226
1927	0.69857717
1928	0.68647569
1929	0.67292118
1930	0.65848207
1931	0.64269841
1932	0.62336099
1933	0.60591793
1934	0.58898240
1935	0.57389867
1936	0.56028223
1937	0.54699063
1938	0.53280717
1939	0.51755488
1940	0.50138825
1941	0.48484948
1942	0.46820095
1943	0.45063573
1944	0.43264639
1945	0.41319808
1946	0.39512643
1947	0.37707281
1948	0.35920450
1949	0.34142342
1950	0.32414031
1951	0.30638066
1952	0.28900245
1953	0.27171549
1954	0.25463316
1955	0.23781224
1956	0.22108008
1957	0.20458132
1958	0.18808426
1959	0.17199516
1960	0.15657789
1961	0.14161851
1962	0.12714344
1963	0.11315381
1964	0.09976059
1965	0.08695917
1966	0.07480142
1967	0.06371304
1968	0.05313057
1969	0.04342656
1970	0.03466395
1971	0.02682322
1972	0.02057759
1973	0.01429538
1974	0.00898748
1975	0.00452585
1976	-0.00031935
1977	-0.00437014
1978	-0.00740899
1979	-0.00972811
1980	-0.01245663
1981	-0.01637233
1982	-0.01837353
1983	-0.01999942
1984	-0.02077558
1985	-0.02026977
1986	-0.01832649
1987	-0.01464178
1988	-0.00982307
1989	-0.00373803
1990	0.00313170
1991	0.01115444
1992	0.02000191
1993	0.02941215
1994	0.03933794
1995	0.04974731
1996	0.06064505
1997	0.07201191
1998	0.08384364
1999	0.09583838
2000	0.10819542
2001	0.12064390
2002	0.13317333
2003	0.14576031
2004	0.15856427
2005	0.17084478
2006	0.18332092
2007	0.19540113
2008	0.20717068
2009	0.21862693
2010	0.22972982
2011	0.24058561
2012	0.25117224
2013	0.26150215
2014	0.27165565
2015	0.28161976
2016	0.29155925
2017	0.30144614
2018	0.31136546
2019	0.32122543
2020	0.33135548
2021	0.34167409
2022	0.35230753
2023	0.36329213
2024	0.37462917
2025	0.38666293
2026	0.39862129
2027	0.41090560
2028	0.42423677
2029	0.43904108
2030	0.45288163
2031	0.46900889
2032	0.48447713
2033	0.50094658
2034	0.51854551
2035	0.53661358
2036	0.55440891
2037	0.57422489
2038	0.59360534
2039	0.61239934
2040	0.63029051
2041	0.64846653
2042	0.66617537
2043	0.68309528
2044	0.69792271
2045	0.71244413
2046	0.72553259
2047	0.73685211
2048	0.74621063
2049	0.75322318
2050	0.75799799
2051	0.76055098
2052	0.76087129
2053	0.75882232
2054	0.75478899
2055	0.74851006
2056	0.74110043
2057	0.73141611
2058	0.72082114
2059	0.70871603
2060	0.69542724
2061	0.68134326
2062	0.66478050
2063	0.64614844
2064	0.62845534
2065	0.61235958
2066	0.59825265
2067	0.58485383
2068	0.57078493
2069	0.55538595
2070	0.53875357
2071	0.52175748
2072	0.50452006
2073	0.48675850
2074	0.46942091
2075	0.45149273
2076	0.43320781
2077	0.41458309
2078	0.39656389
2079	0.37871909
2080	0.36085138
2081	0.34271917
2082	0.32552955
2083	0.30801839
2084	0.29066506
2085	0.27335677
2086	0.25593311
2087	0.23883373
2088	0.22202274
2089	0.20509176
2090	0.18903853
2091	0.17346700
2092	0.15837473
2093	0.14378381
2094	0.12978908
2095	0.11649550
2096	0.10392466
2097	0.09210317
2098	0.08148203
2099	0.07152148
2100	0.06279712
2101	0.05447087
2102	0.04736546
2103	0.04100574
2104	0.03473876
2105	0.02878509
2106	0.02301295
2107	0.01773647
2108	0.01296872
2109	0.00824433
2110	0.00255452
2111	-0.00237380
2112	-0.00705651
2113	-0.01190722
2114	-0.01353136
2115	-0.01418467
2116	-0.01333816
2117	-0.01125224
2118	-0.00785665
2119	-0.00319287
2120	0.00254920
2121	0.00921288
2122	0.01660854
2123	0.02462537
2124	0.03325628
2125	0.04236675
2126	0.05195524
2127	0.06209089
2128	0.07276359
2129	0.08397222
2130	0.09560949
2131	0.10772473
2132	0.11988347
2133	0.13246392
2134	0.14470069
2135	0.15714845
2136	0.16950940
2137	0.18155867
2138	0.19355385
2139	0.20498283
2140	0.21579397
2141	0.22640018
2142	0.23664992
2143	0.24659930
2144	0.25635388
2145	0.26596555
2146	0.27551594
2147	0.28498003
2148	0.29444236
2149	0.30394590
2150	0.31347340
2151	0.32345560
2152	0.33292934
2153	0.34332404
2154	0.35380960
2155	0.36479324
2156	0.37612909
2157	0.38779110
2158	0.40062284
2159	0.41351247
2160	0.42802855
2161	0.44009024
2162	0.45392013
2163	0.46905902
2164	0.48504776
2165	0.50221586
2166	0.51901549
2167	0.53679460
2168	0.55576110
2169	0.57415748
2170	0.59279197
2171	0.61024517
2172	0.62799418
2173	0.64481711
2174	0.66093832
2175	0.67541540
2176	0.68908149
2177	0.70103925
2178	0.71141785
2179	0.71977961
2180	0.72591555
2181	0.72970998
2182	0.73111993
2183	0.73030126
2184	0.72688246
2185	0.72151661
2186	0.71450895
2187	0.70519048
2188	0.69500476
2189	0.68277496
2190	0.67056632
2191	0.65674937
2192	0.64230126
2193	0.62666523
2194	0.60794258
2195	0.59091336
2196	0.57373965
2197	0.55866498
2198	0.54516727
2199	0.53186971
2200	0.51782805
2201	0.50258493
2202	0.48588225
2203	0.46914211
2204	0.45241818
2205	0.43474424
2206	0.41688603
2207	0.39741161
2208	0.37939295
2209	0.36123964
2210	0.34313118
2211	0.32512313
2212	0.30658686
2213	0.28962451
2214	0.27208441
2215	0.25497371
2216	0.23743023
2217	0.22046444
2218	0.20273630
2219	0.18596037
2220	0.16951631
2221	0.15306821
2222	0.13755791
2223	0.12247539
2224	0.10790870
2225	0.09384329
2226	0.08042756
2227	0.06767102
2228	0.05561867
2229	0.04462678
2230	0.03444821
2231	0.02451610
2232	0.01630800
2233	0.00862127
2234	0.00196010
2235	-0.00393089
2236	-0.00968904
2237	-0.01513621
2238	-0.01994723
2239	-0.02447182
2240	-0.02848778
2241	-0.03322392
2242	-0.03763353
2243	-0.04260001
2244	-0.04759576
2245	-0.04970479
2246	-0.05082619
2247	-0.05064585
2248	-0.04910224
2249	-0.04604378
2250	-0.04170750
2251	-0.03620630
2252	-0.02967187
2253	-0.02228877
2254	-0.01412313
2255	-0.00536810
2256	0.00398486
2257	0.01390890
2258	0.02437334
2259	0.03542607
2260	0.04703663
2261	0.05917445
2262	0.07166883
2263	0.08413303
2264	0.09691276
2265	0.10946841
2266	0.12187332
2267	0.13427037
2268	0.14662169
2269	0.15872726
2270	0.17075351
2271	0.18231411
2272	0.19345947
2273	0.20434369
2274	0.21495447
2275	0.22535390
2276	0.23553726
2277	0.24563690
2278	0.25563988
2279	0.26564759
2280	0.27561483
2281	0.28558904
2282	0.29587355
2283	0.30632186
2284	0.31716901
2285	0.32827073
2286	0.33997110
2287	0.35206589
2288	0.36429933
2289	0.37706083
2290	0.39161322
2291	0.40616095
2292	0.42051584
2293	0.43568844
2294	0.45172140
2295	0.47058892
2296	0.48780033
2297	0.50641978
2298	0.52510679
2299	0.54400563
2300	0.56401223
2301	0.58283812
2302	0.60066450
2303	0.61910206
2304	0.63637960
2305	0.65142751
2306	0.66686440
2307	0.68089122
2308	0.69384551
2309	0.70382535
2310	0.71192318
2311	0.71761680
2312	0.72082156
2313	0.72167367
2314	0.71995521
2315	0.71607935
2316	0.71003270
2317	0.70247811
2318	0.69239563
2319	0.68212199
2320	0.66830820
2321	0.65416044
2322	0.63815743
2323	0.61947805
2324	0.60104191
2325	0.58473498
2326	0.57026047
2327	0.55725175
2328	0.54416120
2329	0.52988112
2330	0.51414847
2331	0.49738652
2332	0.48051438
2333	0.46379369
2334	0.44576862
2335	0.42773023
2336	0.40891033
2337	0.39091739
2338	0.37292939
2339	0.35500681
2340	0.33714533
2341	0.31901336
2342	0.30177602
2343	0.28429517
2344	0.26709878
2345	0.24974695
2346	0.23259817
2347	0.21570045
2348	0.19912313
2349	0.18279046
2350	0.16632888
2351	0.15084867
2352	0.13578896
2353	0.12130319
2354	0.10738769
2355	0.09400540
2356	0.08173544
2357	0.06946559
2358	0.05902003
2359	0.04866342
2360	0.03960567
2361	0.03146280
2362	0.02464302
2363	0.01827599
2364	0.01271560
2365	0.00677830
2366	0.00132594
2367	-0.00332686
2368	-0.00788050
2369	-0.01171534
2370	-0.01640374
2371	-0.02062349
2372	-0.02518969
2373	-0.02750422
2374	-0.02869511
2375	-0.02844078
2376	-0.02708252
2377	-0.02430709
2378	-0.02018432
2379	-0.01486097
2380	-0.00853390
2381	-0.00128048
2382	0.00665547
2383	0.01527584
2384	0.02440013
2385	0.03404064
2386	0.04422813
2387	0.05490068
2388	0.06612023
2389	0.07781222
2390	0.08993275
2391	0.10236813
2392	0.11493495
2393	0.12742777
2394	0.13993819
2395	0.15262516
2396	0.16480373
2397	0.17702767
2398	0.18911785
2399	0.20065375
2400	0.21184503
2401	0.22274493
2402	0.23334828
2403	0.24375637
2404	0.25406778
2405	0.26426169
2406	0.27445331
2407	0.28456095
2408	0.29464704
2409	0.30483100
2410	0.31492987
2411	0.32536647
2412	0.33597171
2413	0.34692347
2414	0.35815513
2415	0.36983687
2416	0.38205653
2417	0.39484495
2418	0.40695000
2419	0.42070737
2420	0.43512148
2421	0.45127228
2422	0.46701622
2423	0.48371553
2424	0.49932894
2425	0.51649052
2426	0.53402102
2427	0.55206686
2428	0.57181889
2429	0.59000170
2430	0.60719043
2431	0.62463832
2432	0.64166903
2433	0.65806633
2434	0.67239088
2435	0.68707705
2436	0.69995511
2437	0.71115088
2438	0.72053772
2439	0.72786635
2440	0.73290282
2441	0.73573893
2442	0.73647171
2443	0.73493409
2444	0.73166353
2445	0.72609472
2446	0.71888584
2447	0.70944130
2448	0.69964445
2449	0.68769109
2450	0.67552322
2451	0.66237754
2452	0.64810121
2453	0.63151348
2454	0.61353558
2455	0.59511292
2456	0.57919985
2457	0.56490439
2458	0.55196118
2459	0.53874534
2460	0.52428269
2461	0.50811023
2462	0.49117362
2463	0.47387549
2464	0.45665073
2465	0.43883497
2466	0.42088738
2467	0.40243864
2468	0.38401157
2469	0.36598173
2470	0.34805965
2471	0.33031094
2472	0.31252179
2473	0.29493946
2474	0.27747938
2475	0.26026627
2476	0.24308801
2477	0.22584516
2478	0.20895059
2479	0.19206554
2480	0.17590103
2481	0.15994100
2482	0.14459062
2483	0.12967402
2484	0.11521212
2485	0.10141955
2486	0.08826842
2487	0.07566956
2488	0.06384701
2489	0.05316757
2490	0.04303750
2491	0.03371978
2492	0.02557715
2493	0.01839885
2494	0.01256476
2495	0.00638293
2496	0.00132539
2497	-0.00378071
2498	-0.00845326
2499	-0.01279040
2500	-0.01618055
2501	-0.02017567
2502	-0.02446418
2503	-0.02967608
2504	-0.03241009
2505	-0.03424817
2506	-0.03481619
2507	-0.03396174
2508	-0.03167691
2509	-0.02800665
2510	-0.02296571
2511	-0.01681965
2512	-0.00975922
2513	-0.00181600
2514	0.00676285
2515	0.01596567
2516	0.02565335
2517	0.03588348
2518	0.04655702
2519	0.05802722
2520	0.06992309
2521	0.08227453
2522	0.09472858
2523	0.10758606
2524	0.12023541
2525	0.13286869
2526	0.14557339
2527	0.15835740
2528	0.17060156
2529	0.18305483
2530	0.19496928
2531	0.20659317
2532	0.21798924
2533	0.22910504
2534	0.24005270
2535	0.25080684
2536	0.26142189
2537	0.27201486
2538	0.28259036
2539	0.29319337
2540	0.30390173
2541	0.31466416
2542	0.32578608
2543	0.33721915
2544	0.34898785
2545	0.36118874
2546	0.37406701
2547	0.38706833
2548	0.40135533
2549	0.41576788
2550	0.43085322
2551	0.44576168
2552	0.46246880
2553	0.48057413
2554	0.49831039
2555	0.51488501
2556	0.53431326
2557	0.55443877
2558	0.57383257
2559	0.59335691
2560	0.61269301
2561	0.63084745
2562	0.64933187
2563	0.66734487
2564	0.68456137
2565	0.69994718
2566	0.71412164
2567	0.72709572
2568	0.73758823
2569	0.74611557
2570	0.75225616
2571	0.75613332
2572	0.75767541
2573	0.75721991
2574	0.75445944
2575	0.74987704
2576	0.74305469
2577	0.73508137
2578	0.72547328
2579	0.71381265
2580	0.70150948
2581	0.68850595
2582	0.67412686
2583	0.65755165
2584	0.63979632
2585	0.62193316
2586	0.60647655
2587	0.59291518
2588	0.58021110
2589	0.56693292
2590	0.55177295
2591	0.53542411
2592	0.51860178
2593	0.50137126
2594	0.48388290
2595	0.46653312
2596	0.44829714
2597	0.42962316
2598	0.41088036
2599	0.39295173
2600	0.37507865
2601	0.35722080
2602	0.33948568
2603	0.32196552
2604	0.30456656
2605	0.28741091
2606	0.27007157
2607	0.25322384
2608	0.23638651
2609	0.21977556
2610	0.20328584
2611	0.18735960
2612	0.17203337
2613	0.15721375
2614	0.14284730
2615	0.12914318
2616	0.11590890
2617	0.10333401
2618	0.09191857
2619	0.08073278
2620	0.07047385
2621	0.06104520
2622	0.05273598
2623	0.04533831
2624	0.03888427
2625	0.03257296
2626	0.02655660
2627	0.02069619
2628	0.01505468
2629	0.01009206
2630	0.00534512
2631	0.00004999
2632	-0.00566319
2633	-0.01108995
2634	-0.01674674
2635	-0.01982350
2636	-0.02201275
2637	-0.02265970
2638	-0.02222523
2639	-0.02045582
2640	-0.01747001
2641	-0.01324594
2642	-0.00801316
2643	-0.00188143
2644	0.00504163
2645	0.01263624
2646	0.02087542
2647	0.02967463
2648	0.03909370
2649	0.04901228
2650	0.05934004
2651	0.07038641
2652	0.08190081
2653	0.09404863
2654	0.10632705
2655	0.11874548
2656	0.13091263
2657	0.14361100
2658	0.15594807
2659	0.16827540
2660	0.18012902
2661	0.19213814
2662	0.20356341
2663	0.21459739
2664	0.22524734
2665	0.23559122
2666	0.24566495
2667	0.25553241
2668	0.26526278
2669	0.27490216
2670	0.28449148
2671	0.29402980
2672	0.30366811
2673	0.31341466
2674	0.32336497
2675	0.33330378
2676	0.34370190
2677	0.35444933
2678	0.36542377
2679	0.37721792
2680	0.38882238
2681	0.40080720
2682	0.41094050
2683	0.42865953
2684	0.43905190
2685	0.45661497
2686	0.47293660
2687	0.49040028
2688	0.50896257
2689	0.52568614
2690	0.54372233
2691	0.56157684
2692	0.58141512
2693	0.59960783
2694	0.61698431
2695	0.63419664
2696	0.65008694
2697	0.66631007
2698	0.68206000
2699	0.69596541
2700	0.70832378
2701	0.71873188
2702	0.72756636
2703	0.73395455
2704	0.73831075
2705	0.74035478
2706	0.74014658
2707	0.73776680
2708	0.73363739
2709	0.72721010
2710	0.71960789
2711	0.70994884
2712	0.69904882
2713	0.68718779
2714	0.67484289
2715	0.66101593
2716	0.64495319
2717	0.62686521
2718	0.60812503
2719	0.59178472
2720	0.57742512
2721	0.56437278
2722	0.55128640
2723	0.53696340
2724	0.52127916
2725	0.50450140
2726	0.48701185
2727	0.46940011
2728	0.45178077
2729	0.43367770
2730	0.41557539
2731	0.39682218
2732	0.37886629
2733	0.36095205
2734	0.34308729
2735	0.32530177
2736	0.30769798
2737	0.29016593
2738	0.27270305
2739	0.25563031
2740	0.23862383
2741	0.22165591
2742	0.20490779
2743	0.18817411
2744	0.17221324
2745	0.15648879
2746	0.14132303
2747	0.12664887
2748	0.11252814
2749	0.09894700
2750	0.08605541
2751	0.07380208
2752	0.06256431
2753	0.05188257
2754	0.04191164
2755	0.03320630
2756	0.02554186
2757	0.01867853
2758	0.01264004
2759	0.00698351
2760	0.00067832
2761	-0.00518317
2762	-0.01045245
2763	-0.01546313
2764	-0.02115669
2765	-0.02695001
2766	-0.03201766
2767	-0.03754176
2768	-0.04007215
2769	-0.04120809
2770	-0.04166213
2771	-0.04004992
2772	-0.03727485
2773	-0.03318551
2774	-0.02787808
2775	-0.02153557
2776	-0.01415318
2777	-0.00594653
2778	0.00292210
2779	0.01241174
2780	0.02277965
2781	0.03354374
2782	0.04493554
2783	0.05673742
2784	0.06914860
2785	0.08210114
2786	0.09511004
2787	0.10812243
2788	0.12128004
2789	0.13429606
2790	0.14750750
2791	0.16035971
2792	0.17275009
2793	0.18510637
2794	0.19733582
2795	0.20881867
2796	0.22014514
2797	0.23111916
2798	0.24186075
2799	0.25238127
2800	0.26271898
2801	0.27293792
2802	0.28303891
2803	0.29312959
2804	0.30320308
2805	0.31363153
2806	0.32370749
2807	0.33426347
2808	0.34480944
2809	0.35594711
2810	0.36738145
2811	0.37933907
2812	0.39200777
2813	0.40508828
2814	0.41891086
2815	0.43330562
2816	0.44725910
2817	0.46227375
2818	0.47871646
2819	0.49592200
2820	0.51368421
2821	0.53143847
2822	0.54962897
2823	0.57006907
2824	0.58999276
2825	0.60777164
2826	0.62647605
2827	0.64374620
2828	0.66089797
2829	0.67601967
2830	0.69058877
2831	0.70338702
2832	0.71473211
2833	0.72421408
2834	0.73115414
2835	0.73589766
2836	0.73829019
2837	0.73815501
2838	0.73595232
2839	0.73135287
2840	0.72456014
2841	0.71616888
2842	0.70554060
2843	0.69283456
2844	0.67899561
2845	0.66325414
2846	0.64809060
2847	0.62798494
2848	0.61289060
2849	0.59790039
2850	0.58481127
2851	0.57041132
2852	0.55607539
2853	0.54051101
2854	0.52365220
2855	0.50649148
2856	0.48920962
2857	0.47172937
2858	0.45406115
2859	0.43629783
2860	0.41813299
2861	0.39965102
2862	0.38144559
2863	0.36365557
2864	0.34585413
2865	0.32808039
2866	0.31052563
2867	0.29293367
2868	0.27542728
2869	0.25841090
2870	0.24173386
2871	0.22508559
2872	0.20851079
2873	0.19270296
2874	0.17721595
2875	0.16201976
2876	0.14764997
2877	0.13345647
2878	0.12004045
2879	0.10733516
2880	0.09554688
2881	0.08404373
2882	0.07331827
2883	0.06325222
2884	0.05434750
2885	0.04636996
2886	0.03921084
2887	0.03327493
2888	0.02689166
2889	0.02154145
2890	0.01567139
2891	0.01086796
2892	0.00702557
2893	0.00204039
2894	-0.00284372
2895	-0.00839263
2896	-0.01414661
2897	-0.01757545
2898	-0.02020366
2899	-0.02180604
2900	-0.02172701
2901	-0.02021923
2902	-0.01734032
2903	-0.01314478
2904	-0.00774087
2905	-0.00134003
2906	0.00591718
2907	0.01408580
2908	0.02288590
2909	0.03231456
2910	0.04231315
2911	0.05276302
2912	0.06411260
2913	0.07591219
2914	0.08820150
2915	0.10074192
2916	0.11342482
2917	0.12619083
2918	0.13870925
2919	0.15167385
2920	0.16425861
2921	0.17712544
2922	0.18942429
2923	0.20152712
2924	0.21329597
2925	0.22470011
2926	0.23565674
2927	0.24650216
2928	0.25707313
2929	0.26742554
2930	0.27764893
2931	0.28776631
2932	0.29777756
2933	0.30781841
2934	0.31791136
2935	0.32816151
2936	0.33891359
2937	0.34937498
2938	0.36050221
2939	0.37204906
2940	0.38403818
2941	0.39619511
2942	0.40955538
2943	0.42311478
2944	0.43744677
2945	0.45195469
2946	0.46633402
2947	0.48265928
2948	0.49977025
2949	0.51667225
2950	0.53548086
2951	0.55378503
2952	0.57378107
2953	0.59429902
2954	0.61388713
2955	0.63398397
2956	0.65313739
2957	0.67213255
2958	0.69004625
2959	0.70659649
2960	0.72183025
2961	0.73630226
2962	0.74904275
2963	0.76005626
2964	0.76838529
2965	0.77465355
2966	0.77856833
2967	0.78002578
2968	0.77911222
2969	0.77624559
2970	0.77094239
2971	0.76373661
2972	0.75440401
2973	0.74348575
2974	0.73029375
2975	0.71518213
2976	0.69764078
2977	0.67860371
2978	0.66170204
2979	0.64751363
2980	0.63624018
2981	0.62385702
2982	0.61040562
2983	0.59255707
2984	0.57506990
2985	0.55804658
2986	0.54077291
2987	0.52325243
2988	0.50520331
2989	0.48709857
2990	0.46890709
2991	0.45107776
2992	0.43317956
2993	0.41536030
2994	0.39744559
2995	0.38015857
2996	0.36248609
2997	0.34506926
2998	0.32777193
2999	0.31096494
3000	0.29437888
3001	0.27786663
3002	0.26137382
3003	0.24561796
3004	0.23014708
3005	0.21530861
3006	0.20092379
3007	0.18722464
3008	0.17398380
3009	0.16137514
3010	0.14978170
3011	0.13853057
3012	0.12784877
3013	0.11826465
3014	0.10960330
3015	0.10184574
3016	0.09556028
3017	0.08874440
3018	0.08268374
3019	0.07691027
3020	0.07143120
3021	0.06668183
3022	0.06207930
3023	0.05685259
3024	0.05163852
3025	0.04586162
3026	0.04046030
3027	0.03704211
3028	0.03487229
3029	0.03384461
3030	0.03402704
3031	0.03558793
3032	0.03845146
3033	0.04249953
3034	0.04752695
3035	0.05359290
3036	0.06047873
3037	0.06815976
3038	0.07656188
3039	0.08545743
3040	0.09522440
3041	0.10529540
3042	0.11617580
3043	0.12748340
3044	0.13930024
3045	0.15138921
3046	0.16387874
3047	0.17669003
3048	0.18926619
3049	0.20183396
3050	0.21431750
3051	0.22678806
3052	0.23916452
3053	0.25114363
3054	0.26261312
3055	0.27384424
3056	0.28478479
3057	0.29543370
3058	0.30592576
3059	0.31623134
3060	0.32635546
3061	0.33642414
3062	0.34629923
3063	0.35619691
3064	0.36616358
3065	0.37628397
3066	0.38645062
3067	0.39698520
3068	0.40789747
3069	0.41922718
3070	0.43097779
3071	0.44319463
3072	0.45513037
3073	0.46992570
3074	0.48409769
3075	0.49890047
3076	0.51434565
3077	0.53021711
3078	0.54650486
3079	0.56444520
3080	0.58201736
3081	0.60131484
3082	0.62137800
3083	0.64016837
3084	0.65989643
3085	0.67951137
3086	0.69919515
3087	0.71787167
3088	0.73557049
3089	0.75247407
3090	0.76795715
3091	0.78204823
3092	0.79459441
3093	0.80515760
3094	0.81354070
3095	0.81947309
3096	0.82295269
3097	0.82418722
3098	0.82305324
3099	0.81994665
3100	0.81449908
3101	0.80774099
3102	0.79866779
3103	0.78877419
3104	0.77698672
3105	0.76481915
3106	0.75136644
3107	0.73736602
3108	0.72352123
3109	0.70831609
3110	0.69188702
3111	0.67400628
3112	0.65746659
3113	0.64295375
3114	0.62924016
3115	0.61492318
3116	0.59973472
3117	0.58375430
3118	0.56734061
3119	0.55018908
3120	0.53257442
3121	0.51467848
3122	0.49665555
3123	0.47933266
3124	0.46086884
3125	0.44265813
3126	0.42383713
3127	0.40582064
3128	0.38792437
3129	0.37018269
3130	0.35261378
3131	0.33541730
3132	0.31812990
3133	0.30072096
3134	0.28358921
3135	0.26672837
3136	0.25000715
3137	0.23371609
3138	0.21823318
3139	0.20321129
3140	0.18875283
3141	0.17480108
3142	0.16153014
3143	0.14894482
3144	0.13704601
3145	0.12622227
3146	0.11602474
3147	0.10676698
3148	0.09843123
3149	0.09086727
3150	0.08441002
3151	0.07826941
3152	0.07247435
3153	0.06692943
3154	0.06167896
3155	0.05704641
3156	0.05297289
3157	0.04860869
3158	0.04342498
3159	0.03866182
3160	0.03409829
3161	0.03175134
3162	0.02993586
3163	0.02996010
3164	0.03097199
3165	0.03338782
3166	0.03713857
3167	0.04193816
3168	0.04769496
3169	0.05429404
3170	0.06163969
3171	0.06961367
3172	0.07811688
3173	0.08717149
3174	0.09673363
3175	0.10690331
3176	0.11761475
3177	0.12888364
3178	0.14049773
3179	0.15255341
3180	0.16466881
3181	0.17688102
3182	0.18960181
3183	0.20185114
3184	0.21403404
3185	0.22613582
3186	0.23788790
3187	0.24939680
3188	0.26053056
3189	0.27128503
3190	0.28168815
3191	0.29181096
3192	0.30175549
3193	0.31159374
3194	0.32127208
3195	0.33087239
3196	0.34043261
3197	0.34998667
3198	0.35951075
3199	0.36928883
3200	0.37929946
3201	0.38954946
3202	0.40016732
3203	0.41123724
3204	0.42295924
3205	0.43470493
3206	0.44749886
3207	0.46118549
3208	0.47456840
3209	0.48476514
3210	0.50313962
3211	0.51853037
3212	0.53577977
3213	0.55272985
3214	0.57024407
3215	0.58761823
3216	0.60731173
3217	0.62489277
3218	0.64316863
3219	0.66106838
3220	0.67887461
3221	0.69501090
3222	0.71035314
3223	0.72551543
3224	0.73904252
3225	0.75095534
3226	0.76082546
3227	0.76884460
3228	0.77441931
3229	0.77776736
3230	0.77866137
3231	0.77745527
3232	0.77391934
3233	0.76796889
3234	0.76073235
3235	0.75117183
3236	0.74064738
3237	0.72774756
3238	0.71447080
3239	0.69923890
3240	0.68272656
3241	0.66541398
3242	0.64738828
3243	0.63152719
3244	0.61729318
3245	0.60408193
3246	0.59063506
3247	0.57612920
3248	0.56029320
3249	0.54366517
3250	0.52661151
3251	0.50879359
3252	0.49113637
3253	0.47307962
3254	0.45503229
3255	0.43666473
3256	0.41859958
3257	0.40045488
3258	0.38274094
3259	0.36479461
3260	0.34677988
3261	0.32937121
3262	0.31218812
3263	0.29468638
3264	0.27753553
3265	0.26037428
3266	0.24343796
3267	0.22680177
3268	0.20998782
3269	0.19420807
3270	0.17885837
3271	0.16397889
3272	0.14957750
3273	0.13579386
3274	0.12269360
3275	0.11021575
3276	0.09886257
3277	0.08778166
3278	0.07791841
3279	0.06908897
3280	0.06118215
3281	0.05415016
3282	0.04833912
3283	0.04189140
3284	0.03645742
3285	0.03066586
3286	0.02580710
3287	0.02167492
3288	0.01734783
3289	0.01307855
3290	0.00831745
3291	0.00391267
3292	0.00180747
3293	0.00075285
3294	0.00118597
3295	0.00304095
3296	0.00618753
3297	0.01077805
3298	0.01651083
3299	0.02321579
3300	0.03075194
3301	0.03898010
3302	0.04786346
3303	0.05727440
3304	0.06723391
3305	0.07772067
3306	0.08883654
3307	0.10049441
3308	0.11270467
3309	0.12521602
3310	0.13775533
3311	0.15061343
3312	0.16321421
3313	0.17583683
3314	0.18823558
3315	0.20050997
3316	0.21251123
3317	0.22430478
3318	0.23572916
3319	0.24685051
3320	0.25769687
3321	0.26825485
3322	0.27859074
3323	0.28877509
3324	0.29877976
3325	0.30873793
3326	0.31867030
3327	0.32859540
3328	0.33864328
3329	0.34915087
3330	0.35919032
3331	0.37019351
3332	0.38124365
3333	0.39286390
3334	0.40488344
3335	0.41739219
3336	0.43042660
3337	0.44401172
3338	0.45744711
3339	0.47225785
3340	0.48714614
3341	0.50416112
3342	0.52248013
3343	0.53901529
3344	0.55686069
3345	0.57516086
3346	0.59433419
3347	0.61322355
3348	0.63092321
3349	0.64901727
3350	0.66652107
3351	0.68339151
3352	0.69821173
3353	0.71336329
3354	0.72653681
3355	0.73855513
3356	0.74830896
3357	0.75619560
3358	0.76181459
3359	0.76532543
3360	0.76659077
3361	0.76567364
3362	0.76277041
3363	0.75797576
3364	0.75139624
3365	0.74295706
3366	0.73348737
3367	0.72314024
3368	0.71117228
3369	0.69789475
3370	0.68424660
3371	0.67009163
3372	0.65235621
3373	0.63468057
3374	0.61705041
3375	0.60137779
3376	0.58794630
3377	0.57481605
3378	0.56104654
3379	0.54527438
3380	0.52881348
3381	0.51186281
3382	0.49458474
3383	0.47700992
3384	0.45910385
3385	0.44035330
3386	0.42216831
3387	0.40385756
3388	0.38589689
3389	0.36793342
3390	0.35006490
3391	0.33232358
3392	0.31472018
3393	0.29744306
3394	0.27992508
3395	0.26267144
3396	0.24542542
3397	0.22850969
3398	0.21189223
3399	0.19513366
3400	0.17930758
3401	0.16394687
3402	0.14913221
3403	0.13486524
3404	0.12116534
3405	0.10815072
3406	0.09578903
3407	0.08408392
3408	0.07356176
3409	0.06359582
3410	0.05449456
3411	0.04655701
3412	0.03946252
3413	0.03322901
3414	0.02717568
3415	0.02134223
3416	0.01570885
3417	0.01053939
3418	0.00599497
3419	0.00107781
3420	-0.00414382
3421	-0.00932851
3422	-0.01469968
3423	-0.01768805
3424	-0.01963750
3425	-0.02017621
3426	-0.01948166
3427	-0.01745576
3428	-0.01411401
3429	-0.00959573
3430	-0.00410940
3431	0.00233587
3432	0.00941322
3433	0.01717682
3434	0.02547109
3435	0.03434438
3436	0.04370588
3437	0.05359498
3438	0.06405634
3439	0.07491646
3440	0.08654074
3441	0.09840249
3442	0.11030525
3443	0.12260743
3444	0.13475981
3445	0.14680800
3446	0.15904078
3447	0.17086171
3448	0.18287064
3449	0.19445227
3450	0.20566206
3451	0.21657923
3452	0.22719161
3453	0.23758233
3454	0.24782223
3455	0.25792673
3456	0.26799235
3457	0.27800590
3458	0.28802040
3459	0.29817259
3460	0.30839977
3461	0.31857646
3462	0.32936436
3463	0.34020898
3464	0.35140032
3465	0.36295077
3466	0.37492964
3467	0.38651335
3468	0.39934233
3469	0.41285181
3470	0.42780125
3471	0.44193590
3472	0.45619652
3473	0.47475433
3474	0.48985425
3475	0.50748336
3476	0.52693129
3477	0.54520380
3478	0.56354839
3479	0.58269292
3480	0.60000700
3481	0.61796772
3482	0.63520825
3483	0.65182143
3484	0.66725552
3485	0.68206859
3486	0.69471627
3487	0.70624864
3488	0.71629506
3489	0.72414345
3490	0.72998935
3491	0.73361397
3492	0.73509181
3493	0.73459142
3494	0.73131865
3495	0.72616726
3496	0.71976960
3497	0.71115935
3498	0.70144272
3499	0.69098210
3500	0.67871666
3501	0.66663378
3502	0.65293205
3503	0.63713908
3504	0.61994398
3505	0.60170144
3506	0.58370417
3507	0.56802875
3508	0.55426943
3509	0.54126650
3510	0.52755564
3511	0.51197290
3512	0.49566606
3513	0.47888434
3514	0.46196154
3515	0.44511554
3516	0.42728105
3517	0.40844950
3518	0.38969043
3519	0.37155402
3520	0.35349834
3521	0.33551577
3522	0.31725287
3523	0.29963323
3524	0.28196871
3525	0.26505652
3526	0.24736783
3527	0.22987485
3528	0.21268897
3529	0.19583668
3530	0.17947650
3531	0.16288365
3532	0.14698535
3533	0.13171060
3534	0.11701602
3535	0.10281983
3536	0.08929831
3537	0.07685187
3538	0.06434688
3539	0.05354399
3540	0.04300188
3541	0.03343824
3542	0.02441487
3543	0.01681518
3544	0.01014803
3545	0.00475643
3546	-0.00102255
3547	-0.00599477
3548	-0.01069186
3549	-0.01485094
3550	-0.01813493
3551	-0.02127453
3552	-0.02496290
3553	-0.02870007
3554	-0.03296947
3555	-0.03524061
3556	-0.03655211
3557	-0.03671478
3558	-0.03550858
3559	-0.03304286
3560	-0.02920362
3561	-0.02422117
3562	-0.01820264
3563	-0.01106529
3564	-0.00322082
3565	0.00530751
3566	0.01441797
3567	0.02410078
3568	0.03433914
3569	0.04510422
3570	0.05645810
3571	0.06836314
3572	0.08045520
3573	0.09295476
3574	0.10559712
3575	0.11795053
3576	0.13038948
3577	0.14284860
3578	0.15541118
3579	0.16761541
3580	0.17958464
3581	0.19127177
3582	0.20271657
3583	0.21386872
3584	0.22479202
3585	0.23556194
3586	0.24617307
3587	0.25668186
3588	0.26714319
3589	0.27758744
3590	0.28794056
3591	0.29847851
3592	0.30918661
3593	0.32002854
3594	0.33117399
3595	0.34257638
3596	0.35440612
3597	0.36658934
3598	0.37920064
3599	0.39187148
3600	0.40652332
3601	0.42098361
3602	0.43511343
3603	0.45007151
3604	0.46616757
3605	0.48341268
3606	0.50191605
3607	0.51919389
3608	0.53792858
3609	0.55628639
3610	0.57577032
3611	0.59329790
3612	0.61151308
3613	0.62890559
3614	0.64590770
3615	0.66167927
3616	0.67617387
3617	0.68934560
3618	0.70111722
3619	0.71103215
3620	0.71879423
3621	0.72436142
3622	0.72762573
3623	0.72839141
3624	0.72734606
3625	0.72387618
3626	0.71846813
3627	0.71105587
3628	0.70247942
3629	0.69161791
3630	0.67983758
3631	0.66742176
3632	0.65312916
3633	0.63809365
3634	0.62186038
3635	0.60406476
3636	0.58691114
3637	0.57127690
3638	0.55653298
3639	0.54255223
3640	0.52841449
3641	0.51334012
3642	0.49716297
3643	0.48049575
3644	0.46338513
3645	0.44562057
3646	0.42773715
3647	0.40899581
3648	0.39092454
3649	0.37274653
3650	0.35456783
3651	0.33648184
3652	0.31881100
3653	0.30079550
3654	0.28330186
3655	0.26620570
3656	0.24896689
3657	0.23198350
3658	0.21502157
3659	0.19841126
3660	0.18181252
3661	0.16604555
3662	0.15053192
3663	0.13567400
3664	0.12144166
3665	0.10769893
3666	0.09463636
3667	0.08214589
3668	0.07039173
3669	0.05968022
3670	0.04950819
3671	0.04026409
3672	0.03201550
3673	0.02478951
3674	0.01804906
3675	0.01228770
3676	0.00671312
3677	0.00170256
3678	-0.00319148
3679	-0.00773214
3680	-0.01136212
3681	-0.01639877
3682	-0.02130489
3683	-0.02564524
3684	-0.03025409
3685	-0.03281479
3686	-0.03373608
3687	-0.03346299
3688	-0.03149713
3689	-0.02807911
3690	-0.02323142
3691	-0.01719379
3692	-0.01013229
3693	-0.00215252
3694	0.00653600
3695	0.01582504
3696	0.02572994
3697	0.03619200
3698	0.04722331
3699	0.05878036
3700	0.07084039
3701	0.08362888
3702	0.09661552
3703	0.10953002
3704	0.12299786
3705	0.13651699
3706	0.14971855
3707	0.16273721
3708	0.17562735
3709	0.18818663
3710	0.20036706
3711	0.21202335
3712	0.22308566
3713	0.23390166
3714	0.24437302
3715	0.25460553
3716	0.26462662
3717	0.27447179
3718	0.28422633
3719	0.29392508
3720	0.30357853
3721	0.31328547
3722	0.32313573
3723	0.33307067
3724	0.34343338
3725	0.35423547
3726	0.36546230
3727	0.37720603
3728	0.38974449
3729	0.40276256
3730	0.41616631
3731	0.43042788
3732	0.44435605
3733	0.45990792
3734	0.47522664
3735	0.49255553
3736	0.51069868
3737	0.52949810
3738	0.54799932
3739	0.56688255
3740	0.58653253
3741	0.60591519
3742	0.62389112
3743	0.64227587
3744	0.65998590
3745	0.67720997
3746	0.69210070
3747	0.70558625
3748	0.71849418
3749	0.72896755
3750	0.73755848
3751	0.74390036
3752	0.74806994
3753	0.74991637
3754	0.74938536
3755	0.74678344
3756	0.74248248
3757	0.73626643
3758	0.72842580
3759	0.71895236
3760	0.70842087
3761	0.69676310
3762	0.68400848
3763	0.67031312
3764	0.65250617
3765	0.63433456
3766	0.61653668
3767	0.60118425
3768	0.58760661
3769	0.57446694
3770	0.56016761
3771	0.54441053
3772	0.52770102
3773	0.51071602
3774	0.49343592
3775	0.47610658
3776	0.45875886
3777	0.44044825
3778	0.42179406
3779	0.40304157
3780	0.38518217
3781	0.36741093
3782	0.34971699
3783	0.33226457
3784	0.31443429
3785	0.29681107
3786	0.27959546
3787	0.26250696
3788	0.24557789
3789	0.22888064
3790	0.21235955
3791	0.19635065
3792	0.18089634
3793	0.16599320
3794	0.15157221
3795	0.13781060
3796	0.12478314
3797	0.11253314
3798	0.10133255
3799	0.09053242
3800	0.08090802
3801	0.07236295
3802	0.06481101
3803	0.05780855
3804	0.05107801
3805	0.04459731
3806	0.03876245
3807	0.03261223
3808	0.02783348
3809	0.02217397
3810	0.01629495
3811	0.01018668
3812	0.00493400
3813	-0.00015587
3814	-0.00402856
3815	-0.00600067
3816	-0.00613843
3817	-0.00540204
3818	-0.00310090
3819	0.00050925
3820	0.00521940
3821	0.01090164
3822	0.01748414
3823	0.02478960
3824	0.03283060
3825	0.04160115
3826	0.05082595
3827	0.06063829
3828	0.07095628
3829	0.08178466
3830	0.09304334
3831	0.10472322
3832	0.11672251
3833	0.12881447
3834	0.14109042
3835	0.15329264
3836	0.16554628
3837	0.17722295
3838	0.18917215
3839	0.20064080
3840	0.21185267
3841	0.22272299
3842	0.23315136
3843	0.24312648
3844	0.25291422
3845	0.26243556
3846	0.27173403
3847	0.28089413
3848	0.28994936
3849	0.29887721
3850	0.30785289
3851	0.31683952
3852	0.32625577
3853	0.33533329
3854	0.34494022
3855	0.35470754
3856	0.36481789
3857	0.37543878
3858	0.38651577
3859	0.39782816
3860	0.40937459
3861	0.42212507
3862	0.43647423
3863	0.44971755
3864	0.46360916
3865	0.48059729
3866	0.49754390
3867	0.51439577
3868	0.53059798
3869	0.54761887
3870	0.56589979
3871	0.58475953
3872	0.60248923
3873	0.61897981
3874	0.63649440
3875	0.65312159
3876	0.66859221
3877	0.68293393
3878	0.69635516
3879	0.70825619
3880	0.71833014
3881	0.72632122
3882	0.73226130
3883	0.73592663
3884	0.73738748
3885	0.73679656
3886	0.73408681
3887	0.72900927
3888	0.72267723
3889	0.71408200
3890	0.70422643
3891	0.69284135
3892	0.68025178
3893	0.66684496
3894	0.65264356
3895	0.63608438
3896	0.61828268
3897	0.60054892
3898	0.58477217
3899	0.57074863
3900	0.55750781
3901	0.54358327
3902	0.52800763
3903	0.51130712
3904	0.49415433
3905	0.47689679
3906	0.45915487
3907	0.44194806
3908	0.42340261
3909	0.40493479
3910	0.38709944
3911	0.36901537
3912	0.35104990
3913	0.33307940
3914	0.31526938
3915	0.29753703
3916	0.28011003
3917	0.26258516
3918	0.24525692
3919	0.22781648
3920	0.21070448
3921	0.19397561
3922	0.17714719
3923	0.16134635
3924	0.14592800
3925	0.13104691
3926	0.11666988
3927	0.10292454
3928	0.08986529
3929	0.07759677
3930	0.06603865
3931	0.05558277
3932	0.04577379
3933	0.03680742
3934	0.02909094
3935	0.02159492
3936	0.01500115
3937	0.00831403
3938	0.00186852
3939	-0.00422768
3940	-0.00947591
3941	-0.01600417
3942	-0.02228402
3943	-0.02913908
3944	-0.03550744
3945	-0.04115688
3946	-0.04604572
3947	-0.04800949
3948	-0.04901292
3949	-0.04868294
3950	-0.04692957
3951	-0.04380396
3952	-0.03945598
3953	-0.03403531
3954	-0.02779803
3955	-0.02065554
3956	-0.01295982
3957	-0.00471411
3958	0.00401638
3959	0.01337463
3960	0.02325718
3961	0.03372167
3962	0.04468352
3963	0.05625848
3964	0.06842863
3965	0.08070675
3966	0.09340387
3967	0.10552099
3968	0.11787903
3969	0.13030452
3970	0.14229411
3971	0.15408653
3972	0.16526632
3973	0.17655163
3974	0.18695493
3975	0.19739020
3976	0.20723763
3977	0.21696158
3978	0.22649337
3979	0.23590550
3980	0.24514201
3981	0.25436264
3982	0.26360476
3983	0.27278516
3984	0.28245267
3985	0.29198420
3986	0.30124933
3987	0.31166542
3988	0.32216117
3989	0.33319676
3990	0.34478927
3991	0.35692692
3992	0.36980817
3993	0.38306960
3994	0.39670005
3995	0.41057828
3996	0.42841470
3997	0.44284537
3998	0.45979568
3999	0.47695199
4000	0.49496108
4001	0.51281267
4002	0.53388810
4003	0.55043757
4004	0.57088178
4005	0.58771062
4006	0.60434544
4007	0.62207770
4008	0.63820183
4009	0.65324092
4010	0.66757071
4011	0.67953998
4012	0.68964237
4013	0.69753414
4014	0.70338833
4015	0.70703965
4016	0.70835763
4017	0.70749742
4018	0.70430022
4019	0.69928396
4020	0.69252175
4021	0.68429488
4022	0.67455500
4023	0.66348708
4024	0.65182573
4025	0.63856542
4026	0.62567300
4027	0.60803288
4028	0.58721954
4029	0.56973451
4030	0.55437469
4031	0.54074126
4032	0.52755475
4033	0.51398218
4034	0.49899736
4035	0.48257515
4036	0.46572316
4037	0.44915834
4038	0.43158183
4039	0.41363797
4040	0.39482021
4041	0.37608516
4042	0.35797524
4043	0.33988771
4044	0.32189509
4045	0.30401137
4046	0.28618950
4047	0.26857600
4048	0.25096309
4049	0.23373368
4050	0.21615233
4051	0.19920558
4052	0.18220772
4053	0.16551201
4054	0.14932021
4055	0.13281453
4056	0.11759908
4057	0.10284869
4058	0.08857858
4059	0.07467062
4060	0.06162699
4061	0.04933464
4062	0.03779166
4063	0.02761730
4064	0.01762200
4065	0.00849043
4066	0.00054500
4067	-0.00638182
4068	-0.01312438
4069	-0.01950913
4070	-0.02584930
4071	-0.03139095
4072	-0.03733962
4073	-0.04321368
4074	-0.04972637
4075	-0.05604053
4076	-0.06216184
4077	-0.06869222
4078	-0.07173691
4079	-0.07347417
4080	-0.07416791
4081	-0.07312563
4082	-0.07088620
4083	-0.06739653
4084	-0.06260759
4085	-0.05672802
4086	-0.04987080
4087	-0.04232455
4088	-0.03397910
4089	-0.02507563
4090	-0.01553833
4091	-0.00544838
4092	0.00526080
4093	0.01658528
4094	0.02847804
4095	0.04088778
4096	0.05352652
4097	0.06622682
4098	0.07916773
4099	0.09172449
4100	0.10417647
4101	0.11654957
4102	0.12888519
4103	0.14070396
4104	0.15204135
4105	0.16341595
4106	0.17411372
4107	0.18462218
4108	0.19486044
4109	0.20482080
4110	0.21460615
4111	0.22421668
4112	0.23375705
4113	0.24330567
4114	0.25275174
4115	0.26243752
4116	0.27229491
4117	0.28251448
4118	0.29303461
4119	0.30399889
4120	0.31571624
4121	0.32783166
4122	0.34003884
4123	0.35353485
4124	0.36754742
4125	0.38121417
4126	0.39656833
4127	0.41285741
4128	0.42824921
4129	0.44578284
4130	0.46388412
4131	0.48261428
4132	0.50188243
4133	0.52344257
4134	0.54091525
4135	0.56230623
4136	0.58211702
4137	0.60098851
4138	0.61958271
4139	0.63599521
4140	0.65202588
4141	0.66765618
4142	0.68097991
4143	0.69238454
4144	0.70163810
4145	0.70861018
4146	0.71318454
4147	0.71557236
4148	0.71553051
4149	0.71353191
4150	0.70947623
4151	0.70320433
4152	0.69591999
4153	0.68614352
4154	0.67506760
4155	0.66287959
4156	0.64965361
4157	0.63509429
4158	0.61965805
4159	0.59972030
4160	0.58228040
4161	0.56751889
4162	0.55436647
4163	0.54180789
4164	0.52774435
4165	0.51230371
4166	0.49588251
4167	0.47891474
4168	0.46179518
4169	0.44491586
4170	0.42689508
4171	0.40866938
4172	0.38942307
4173	0.37127620
4174	0.35331288
4175	0.33530590
4176	0.31746978
4177	0.30016160
4178	0.28230917
4179	0.26492694
4180	0.24786028
4181	0.23100376
4182	0.21374178
4183	0.19685455
4184	0.18022363
4185	0.16368671
4186	0.14766233
4187	0.13228077
4188	0.11732561
4189	0.10290834
4190	0.08900174
4191	0.07565629
4192	0.06290037
4193	0.05083365
4194	0.03982601
4195	0.02928211
4196	0.01966310
4197	0.01079082
4198	0.00305293
4199	-0.00379066
4200	-0.00987041
4201	-0.01595879
4202	-0.02192225
4203	-0.02751894
4204	-0.03250246
4205	-0.03742156
4206	-0.04250837
4207	-0.04855038
4208	-0.05509628
4209	-0.05901264
4210	-0.06198265
4211	-0.06400251
4212	-0.06421064
4213	-0.06358629
4214	-0.06150214
4215	-0.05824881
4216	-0.05383512
4217	-0.04845466
4218	-0.04208998
4219	-0.03497969
4220	-0.02703446
4221	-0.01845844
4222	-0.00925936
4223	0.00051685
4224	0.01083144
4225	0.02157549
4226	0.03310576
4227	0.04483654
4228	0.05722949
4229	0.06945670
4230	0.08202243
4231	0.09479396
4232	0.10719641
4233	0.12021545
4234	0.13246313
4235	0.14477229
4236	0.15703012
4237	0.16858612
4238	0.17978844
4239	0.19102448
4240	0.20180932
4241	0.21240990
4242	0.22287530
4243	0.23316933
4244	0.24338962
4245	0.25347471
4246	0.26350930
4247	0.27359414
4248	0.28396246
4249	0.29395443
4250	0.30417940
4251	0.31480220
4252	0.32572743
4253	0.33713523
4254	0.34889641
4255	0.36136836
4256	0.37447682
4257	0.38804305
4258	0.40154821
4259	0.41231638
4260	0.42682397
4261	0.44705743
4262	0.46399933
4263	0.48159066
4264	0.49911517
4265	0.51706946
4266	0.53793591
4267	0.55775023
4268	0.57646197
4269	0.59423065
4270	0.61171371
4271	0.62858015
4272	0.64533484
4273	0.66100395
4274	0.67613024
4275	0.68868762
4276	0.69906539
4277	0.70766354
4278	0.71378446
4279	0.71761501
4280	0.71914601
4281	0.71854776
4282	0.71564639
4283	0.71065468
4284	0.70442277
4285	0.69641310
4286	0.68642288
4287	0.67585361
4288	0.66364861
4289	0.64978814
4290	0.63398957
4291	0.61455530
4292	0.59677911
4293	0.58071613
4294	0.56624895
4295	0.55324113
4296	0.54030246
4297	0.52603453
4298	0.51033443
4299	0.49384066
4300	0.47696805
4301	0.46043772
4302	0.44277278
4303	0.42484227
4304	0.40538681
4305	0.38722080
4306	0.36915946
4307	0.35115564
4308	0.33327344
4309	0.31576678
4310	0.29786226
4311	0.28001702
4312	0.26278520
4313	0.24583937
4314	0.22905518
4315	0.21207665
4316	0.19543907
4317	0.17863849
4318	0.16247092
4319	0.14693557
4320	0.13204570
4321	0.11759603
4322	0.10375661
4323	0.09040929
4324	0.07809553
4325	0.06571680
4326	0.05469812
4327	0.04418509
4328	0.03463343
4329	0.02564714
4330	0.01790633
4331	0.01114697
4332	0.00470845
4333	-0.00141695
4334	-0.00730731
4335	-0.01290396
4336	-0.01746461
4337	-0.02202568
4338	-0.02757185
4339	-0.03311788
4340	-0.03815742
4341	-0.04432365
4342	-0.04746605
4343	-0.04956562
4344	-0.05052575
4345	-0.05004888
4346	-0.04825795
4347	-0.04508793
4348	-0.04068046
4349	-0.03523198
4350	-0.02883933
4351	-0.02173966
4352	-0.01394551
4353	-0.00553487
4354	0.00346087
4355	0.01301339
4356	0.02310983
4357	0.03394475
4358	0.04529098
4359	0.05716455
4360	0.06921382
4361	0.08186769
4362	0.09433652
4363	0.10682291
4364	0.11926843
4365	0.13147663
4366	0.14371340
4367	0.15600637
4368	0.16775982
4369	0.17913415
4370	0.19009432
4371	0.20065244
4372	0.21091296
4373	0.22095643
4374	0.23083967
4375	0.24053310
4376	0.25018373
4377	0.25975698
4378	0.26935440
4379	0.27898699
4380	0.28897527
4381	0.29868275
4382	0.30882618
4383	0.31917581
4384	0.32983765
4385	0.34104174
4386	0.35270298
4387	0.36518732
4388	0.37768820
4389	0.39002982
4390	0.40483093
4391	0.41907313
4392	0.43229020
4393	0.44847685
4394	0.46617997
4395	0.48298141
4396	0.50024235
4397	0.51726693
4398	0.53555137
4399	0.55654955
4400	0.57384664
4401	0.59189093
4402	0.60924923
4403	0.62626791
4404	0.64267665
4405	0.65664351
4406	0.67142892
4407	0.68376338
4408	0.69437355
4409	0.70278090
4410	0.70931983
4411	0.71341187
4412	0.71550435
4413	0.71536762
4414	0.71288645
4415	0.70874345
4416	0.70206666
4417	0.69444191
4418	0.68428105
4419	0.67338425
4420	0.66132903
4421	0.64878041
4422	0.63703364
4423	0.62243950
4424	0.60512459
4425	0.58474416
4426	0.56805235
4427	0.55298424
4428	0.53910249
4429	0.52583051
4430	0.51174611
4431	0.49622837
4432	0.47965139
4433	0.46248382
4434	0.44545335
4435	0.42772865
4436	0.40970033
4437	0.39130184
4438	0.37318346
4439	0.35463861
4440	0.33661506
4441	0.31867203
4442	0.30086806
4443	0.28319681
4444	0.26571310
4445	0.24829069
4446	0.23100300
4447	0.21401311
4448	0.19730394
4449	0.18063727
4450	0.16392018
4451	0.14795324
4452	0.13245833
4453	0.11733127
4454	0.10285459
4455	0.08890378
4456	0.07564416
4457	0.06289516
4458	0.05086142
4459	0.04024223
4460	0.02976246
4461	0.02015474
4462	0.01120591
4463	0.00363196
4464	-0.00312206
4465	-0.00901238
4466	-0.01459558
4467	-0.01970892
4468	-0.02440183
4469	-0.02815324
4470	-0.03198014
4471	-0.03603894
4472	-0.04026541
4473	-0.04516791
4474	-0.04801251
4475	-0.05062153
4476	-0.05205083
4477	-0.05208299
4478	-0.05050782
4479	-0.04750321
4480	-0.04322002
4481	-0.03782645
4482	-0.03151675
4483	-0.02438331
4484	-0.01657512
4485	-0.00816685
4486	0.00072284
4487	0.01010449
4488	0.02000946
4489	0.03046824
4490	0.04145945
4491	0.05294769
4492	0.06484387
4493	0.07701925
4494	0.08935350
4495	0.10190581
4496	0.11443155
4497	0.12641551
4498	0.13853745
4499	0.15071392
4500	0.16239615
4501	0.17350531
4502	0.18470070
4503	0.19515589
4504	0.20545226
4505	0.21539295
4506	0.22513597
4507	0.23469678
4508	0.24412045
4509	0.25354502
4510	0.26289454
4511	0.27223742
4512	0.28164873
4513	0.29125452
4514	0.30099970
4515	0.31081310
4516	0.32118064
4517	0.33225462
4518	0.34341717
4519	0.35474196
4520	0.36733702
4521	0.38029242
4522	0.39373761
4523	0.40741357
4524	0.42197159
4525	0.43769264
4526	0.45348176
4527	0.47013855
4528	0.48677835
4529	0.50426167
4530	0.52134699
4531	0.54088134
4532	0.55886894
4533	0.57559878
4534	0.59273279
4535	0.60859209
4536	0.62277967
4537	0.63712811
4538	0.65013152
4539	0.66219890
4540	0.67182589
4541	0.67952037
4542	0.68524611
4543	0.68893278
4544	0.69069183
4545	0.69043130
4546	0.68827748
4547	0.68430978
4548	0.67870981
4549	0.67177230
4550	0.66355431
4551	0.65469038
4552	0.64552265
4553	0.63302493
4554	0.61954999
4555	0.60306901
4556	0.58170944
4557	0.56405896
4558	0.54753047
4559	0.53256065
4560	0.51863045
4561	0.50430489
4562	0.48871845
4563	0.47211137
4564	0.45528969
4565	0.43872413
4566	0.42125827
4567	0.40352681
4568	0.38489583
4569	0.36643878
4570	0.34857020
4571	0.33072531
4572	0.31282476
4573	0.29501423
4574	0.27790737
4575	0.25954625
4576	0.24190286
4577	0.22459960
4578	0.20715988
4579	0.19018130
4580	0.17329009
4581	0.15674944
4582	0.14027004
4583	0.12435354
4584	0.10913946
4585	0.09446371
4586	0.08038501
4587	0.06697574
4588	0.05429539
4589	0.04237162
4590	0.03147157
4591	0.02154291
4592	0.01200071
4593	0.00370048
4594	-0.00352845
4595	-0.00997108
4596	-0.01520795
4597	-0.02091370
4598	-0.02591049
4599	-0.03046167
4600	-0.03410497
4601	-0.03778377
4602	-0.04138308
4603	-0.04557744
4604	-0.05002571
4605	-0.05414415
4606	-0.05647282
4607	-0.05759446
4608	-0.05746576
4609	-0.05622178
4610	-0.05344413
4611	-0.04950423
4612	-0.04446232
4613	-0.03839945
4614	-0.03149763
4615	-0.02377517
4616	-0.01535860
4617	-0.00634523
4618	0.00321605
4619	0.01335827
4620	0.02407057
4621	0.03530143
4622	0.04707901
4623	0.05915866
4624	0.07135503
4625	0.08353325
4626	0.09552512
4627	0.10802374
4628	0.11995535
4629	0.13149631
4630	0.14314690
4631	0.15444732
4632	0.16534930
4633	0.17630613
4634	0.18678206
4635	0.19696748
4636	0.20701663
4637	0.21674867
4638	0.22643100
4639	0.23599915
4640	0.24549520
4641	0.25492421
4642	0.26440319
4643	0.27385381
4644	0.28360972
4645	0.29360393
4646	0.30391628
4647	0.31462911
4648	0.32570091
4649	0.33746099
4650	0.34922937
4651	0.36136180
4652	0.37451959
4653	0.38916057
4654	0.40368053
4655	0.41803658
4656	0.43306693
4657	0.44965655
4658	0.46798572
4659	0.48559499
4660	0.50360817
4661	0.52193356
4662	0.54148340
4663	0.56098896
4664	0.57959509
4665	0.59922826
4666	0.61704040
4667	0.63474011
4668	0.65137863
4669	0.66574371
4670	0.68090898
4671	0.69322038
4672	0.70410693
4673	0.71260434
4674	0.71871388
4675	0.72269183
4676	0.72439754
4677	0.72381121
4678	0.72106922
4679	0.71671206
4680	0.70996797
4681	0.70032102
4682	0.68942297
4683	0.67576742
4684	0.66075063
4685	0.64260459
4686	0.62383938
4687	0.60633379
4688	0.59223700
4689	0.57924527
4690	0.56633246
4691	0.55222917
4692	0.53652006
4693	0.51960927
4694	0.50269037
4695	0.48558509
4696	0.46859577
4697	0.45042422
4698	0.43245259
4699	0.41353089
4700	0.39553210
4701	0.37748623
4702	0.35953507
4703	0.34166127
4704	0.32422438
4705	0.30656838
4706	0.28908786
4707	0.27162698
4708	0.25459772
4709	0.23775837
4710	0.22110532
4711	0.20442030
4712	0.18861616
4713	0.17324494
4714	0.15813737
4715	0.14370278
4716	0.12985770
4717	0.11660609
4718	0.10399420
4719	0.09197623
4720	0.08105299
4721	0.07057908
4722	0.06097285
4723	0.05222705
4724	0.04454295
4725	0.03784587
4726	0.03183048
4727	0.02581233
4728	0.01958749
4729	0.01431159
4730	0.00886751
4731	0.00356840
4732	-0.00233106
4733	-0.00840842
4734	-0.01402240
4735	-0.02004367
4736	-0.02314480
4737	-0.02527462
4738	-0.02619855
4739	-0.02563889
4740	-0.02395842
4741	-0.02105756
4742	-0.01700382
4743	-0.01194761
4744	-0.00601611
4745	0.00072303
4746	0.00810905
4747	0.01618887
4748	0.02491363
4749	0.03421544
4750	0.04410809
4751	0.05457027
4752	0.06559156
4753	0.07709646
4754	0.08909071
4755	0.10105442
4756	0.11351096
4757	0.12569638
4758	0.13813484
4759	0.15017942
4760	0.16235982
4761	0.17433426
4762	0.18621644
4763	0.19756141
4764	0.20858096
4765	0.21932380
4766	0.22975709
4767	0.24009059
4768	0.25023800
4769	0.26030749
4770	0.27030942
4771	0.28032503
4772	0.29042172
4773	0.30038652
4774	0.31066588
4775	0.32120788
4776	0.33211029
4777	0.34333697
4778	0.35505086
4779	0.36747155
4780	0.38020337
4781	0.39362013
4782	0.40735909
4783	0.42192963
4784	0.43619803
4785	0.45214796
4786	0.46908361
4787	0.48768917
4788	0.50396907
4789	0.52407140
4790	0.54306430
4791	0.56239426
4792	0.58185488
4793	0.60117465
4794	0.62024003
4795	0.63811231
4796	0.65593231
4797	0.67319322
4798	0.68832123
4799	0.70292103
4800	0.71594334
4801	0.72705221
4802	0.73602599
4803	0.74280411
4804	0.74717772
4805	0.74941307
4806	0.74922621
4807	0.74700850
4808	0.74294078
4809	0.73719877
4810	0.72944564
4811	0.72080672
4812	0.71064401
4813	0.69914782
4814	0.68688393
4815	0.67345285
4816	0.65870750
4817	0.64145589
4818	0.62236160
4819	0.60494435
4820	0.58954871
4821	0.57590795
4822	0.56288230
4823	0.54893416
4824	0.53347987
4825	0.51711935
4826	0.50036114
4827	0.48319960
4828	0.46617559
4829	0.44781914
4830	0.42951170
4831	0.41056335
4832	0.39251497
4833	0.37449148
4834	0.35652375
4835	0.33853886
4836	0.32087675
4837	0.30322936
4838	0.28574100
4839	0.26861858
4840	0.25144130
4841	0.23428036
4842	0.21738321
4843	0.20080079
4844	0.18418962
4845	0.16858219
4846	0.15347427
4847	0.13885435
4848	0.12477299
4849	0.11142249
4850	0.09869541
4851	0.08674354
4852	0.07586973
4853	0.06559400
4854	0.05615686
4855	0.04790783
4856	0.04076720
4857	0.03388241
4858	0.02792430
4859	0.02204968
4860	0.01634639
4861	0.01097558
4862	0.00631947
4863	0.00188339
4864	-0.00306962
4865	-0.00802553
4866	-0.01267932
4867	-0.01726133
4868	-0.01952703
4869	-0.02052714
4870	-0.02032747
4871	-0.01881256
4872	-0.01590919
4873	-0.01180177
4874	-0.00660693
4875	-0.00042555
4876	0.00655188
4877	0.01426424
4878	0.02260035
4879	0.03152579
4880	0.04096273
4881	0.05092502
4882	0.06138901
4883	0.07238098
4884	0.08384092
4885	0.09571943
4886	0.10785154
4887	0.12007800
4888	0.13237663
4889	0.14449847
4890	0.15654457
4891	0.16860683
4892	0.18071924
4893	0.19241220
4894	0.20378944
4895	0.21491329
4896	0.22574519
4897	0.23630050
4898	0.24670611
4899	0.25697154
4900	0.26718375
4901	0.27737316
4902	0.28749171
4903	0.29770783
4904	0.30795982
4905	0.31828991
4906	0.32890293
4907	0.33992675
4908	0.35132298
4909	0.36304307
4910	0.37530571
4911	0.38807875
4912	0.40184924
4913	0.41573769
4914	0.43024555
4915	0.44547552
4916	0.46035162
4917	0.47189349
4918	0.49493620
4919	0.51205742
4920	0.52926195
4921	0.54821974
4922	0.56732905
4923	0.58595103
4924	0.60390109
4925	0.62239408
4926	0.63932610
4927	0.65598863
4928	0.67088866
4929	0.68591225
4930	0.70022941
4931	0.71255231
4932	0.72274721
4933	0.73097193
4934	0.73697227
4935	0.74130392
4936	0.74317986
4937	0.74293679
4938	0.74065912
4939	0.73644030
4940	0.73057926
4941	0.72263169
4942	0.71423304
4943	0.70393151
4944	0.69223863
4945	0.68079782
4946	0.66765147
4947	0.65354002
4948	0.63663298
4949	0.61792064
4950	0.60024023
4951	0.58457768
4952	0.57097304
4953	0.55770218
4954	0.54367572
4955	0.52829880
4956	0.51181871
4957	0.49486515
4958	0.47727811
4959	0.46013522
4960	0.44161195
4961	0.42284140
4962	0.40478942
4963	0.38627338
4964	0.36824787
4965	0.35030454
4966	0.33235845
4967	0.31438297
4968	0.29664066
4969	0.27899981
4970	0.26164830
4971	0.24430606
4972	0.22686160
4973	0.20965523
4974	0.19270976
4975	0.17617463
4976	0.15955280
4977	0.14401972
4978	0.12906148
4979	0.11465232
4980	0.10085540
4981	0.08771143
4982	0.07524528
4983	0.06366967
4984	0.05327322
4985	0.04359959
4986	0.03474040
4987	0.02708995
4988	0.02041263
4989	0.01390582
4990	0.00767266
4991	0.00162476
4992	-0.00429297
4993	-0.00962896
4994	-0.01492343
4995	-0.02061113
4996	-0.02650429
4997	-0.03211019
4998	-0.03669521
4999	-0.04109582
5000	-0.04263829
5001	-0.04314050
5002	-0.04208342
5003	-0.03986025
5004	-0.03631934
5005	-0.03174321
5006	-0.02611448
5007	-0.01969035
5008	-0.01255724
5009	-0.00478147
5010	0.00357172
5011	0.01243472
5012	0.02184857
5013	0.03181975
5014	0.04242999
5015	0.05340075
5016	0.06516204
5017	0.07716925
5018	0.08937963
5019	0.10149650
5020	0.11399214
5021	0.12627220
5022	0.13876715
5023	0.15059234
5024	0.16264878
5025	0.17411591
5026	0.18510649
5027	0.19587478
5028	0.20632029
5029	0.21652019
5030	0.22643715
5031	0.23625563
5032	0.24590908
5033	0.25548404
5034	0.26498458
5035	0.27447283
5036	0.28406340
5037	0.29389510
5038	0.30364496
5039	0.31399989
5040	0.32442471
5041	0.33531657
5042	0.34668818
5043	0.35851201
5044	0.37103182
5045	0.38318571
5046	0.39760345
5047	0.41211382
5048	0.42230436
5049	0.44134769
5050	0.45883593
5051	0.47529837
5052	0.49189591
5053	0.50950849
5054	0.52923727
5055	0.54777837
5056	0.56636441
5057	0.58479613
5058	0.60231286
5059	0.62001681
5060	0.63685691
5061	0.65323812
5062	0.66710335
5063	0.68175697
5064	0.69361693
5065	0.70354700
5066	0.71129966
5067	0.71703511
5068	0.72022611
5069	0.72127676
5070	0.71973354
5071	0.71667510
5072	0.71113116
5073	0.70383507
5074	0.69418150
5075	0.68269992
5076	0.67065889
5077	0.65678096
5078	0.64093077
5079	0.62294006
5080	0.60415983
5081	0.58760595
5082	0.57322186
5083	0.56012821
5084	0.54723907
5085	0.53315377
5086	0.51748186
5087	0.50040925
5088	0.48335725
5089	0.46645275
5090	0.44856545
5091	0.43068618
5092	0.41233557
5093	0.39434958
5094	0.37580499
5095	0.35779449
5096	0.33984587
5097	0.32202214
5098	0.30428323
5099	0.28673565
5100	0.26924232
5101	0.25195652
5102	0.23460220
5103	0.21775812
5104	0.20103656
5105	0.18475494
5106	0.16850305
5107	0.15289114
5108	0.13793583
5109	0.12344195
5110	0.10946447
5111	0.09619408
5112	0.08363857
5113	0.07170210
5114	0.06080158
5115	0.05038486
5116	0.04084669
5117	0.03232825
5118	0.02435635
5119	0.01765908
5120	0.01176137
5121	0.00545863
5122	-0.00013673
5123	-0.00546688
5124	-0.01006466
5125	-0.01400301
5126	-0.01828575
5127	-0.02237326
5128	-0.02668520
5129	-0.03064778
5130	-0.03513652
5131	-0.03636068
5132	-0.03674971
5133	-0.03647136
5134	-0.03447986
5135	-0.03111850
5136	-0.02645915
5137	-0.02065640
5138	-0.01371717
5139	-0.00601151
5140	0.00240133
5141	0.01131671
5142	0.02074399
5143	0.03069775
5144	0.04109591
5145	0.05196936
5146	0.06333854
5147	0.07518107
5148	0.08740354
5149	0.09958240
5150	0.11213767
5151	0.12428531
5152	0.13694464
5153	0.14930904
5154	0.16164543
5155	0.17351820
5156	0.18512186
5157	0.19613166
5158	0.20693177
5159	0.21745071
5160	0.22761343
5161	0.23755828
5162	0.24727307
5163	0.25676665
5164	0.26613766
5165	0.27533931
5166	0.28454787
5167	0.29378235
5168	0.30307680
5169	0.31248116
5170	0.32223737
5171	0.33236048
5172	0.34296241
5173	0.35397252
5174	0.36569488
5175	0.37746859
5176	0.38955390
5177	0.40393567
5178	0.41666767
5179	0.43187609
5180	0.44482219
5181	0.46082762
5182	0.47793365
5183	0.49526298
5184	0.51261568
5185	0.53153592
5186	0.55162370
5187	0.57042080
5188	0.58800936
5189	0.60596371
5190	0.62354493
5191	0.64033300
5192	0.65567774
5193	0.67053378
5194	0.68350524
5195	0.69471389
5196	0.70402998
5197	0.71096218
5198	0.71566927
5199	0.71788013
5200	0.71777785
5201	0.71571666
5202	0.71107596
5203	0.70482647
5204	0.69681567
5205	0.68735212
5206	0.67616576
5207	0.66428214
5208	0.65020162
5209	0.63406938
5210	0.61651278
5211	0.59718305
5212	0.58039087
5213	0.56537354
5214	0.55136257
5215	0.53771281
5216	0.52306664
5217	0.50667256
5218	0.48995164
5219	0.47301245
5220	0.45657110
5221	0.43827477
5222	0.42111978
5223	0.40172735
5224	0.38405895
5225	0.36612922
5226	0.34813783
5227	0.33018199
5228	0.31229004
5229	0.29440966
5230	0.27679566
5231	0.25926021
5232	0.24204704
5233	0.22485922
5234	0.20774044
5235	0.19085197
5236	0.17426023
5237	0.15772058
5238	0.14179623
5239	0.12649216
5240	0.11162710
5241	0.09720336
5242	0.08361235
5243	0.07022636
5244	0.05766367
5245	0.04614363
5246	0.03509218
5247	0.02490566
5248	0.01551941
5249	0.00726576
5250	0.00012153
5251	-0.00644684
5252	-0.01249366
5253	-0.01781873
5254	-0.02344709
5255	-0.02794646
5256	-0.03233636
5257	-0.03614877
5258	-0.04014603
5259	-0.04516913
5260	-0.04972098
5261	-0.05440973
5262	-0.05679419
5263	-0.05802725
5264	-0.05806277
5265	-0.05678599
5266	-0.05416596
5267	-0.05027496
5268	-0.04527712
5269	-0.03943703
5270	-0.03266494
5271	-0.02527128
5272	-0.01723864
5273	-0.00870256
5274	0.00036073
5275	0.00986411
5276	0.01996516
5277	0.03063191
5278	0.04176955
5279	0.05329409
5280	0.06496199
5281	0.07653692
5282	0.08842749
5283	0.10007262
5284	0.11209850
5285	0.12384235
5286	0.13524169
5287	0.14679705
5288	0.15768327
5289	0.16867134
5290	0.17916246
5291	0.18947032
5292	0.19955172
5293	0.20952518
5294	0.21935907
5295	0.22909181
5296	0.23878914
5297	0.24853450
5298	0.25814801
5299	0.26811743
5300	0.27833265
5301	0.28879499
5302	0.29979700
5303	0.31130657
5304	0.32301557
5305	0.33386260
5306	0.34730324
5307	0.36071494
5308	0.37561783
5309	0.39039105
5310	0.40413970
5311	0.42027617
5312	0.43694675
5313	0.45364362
5314	0.47122887
5315	0.48923209
5316	0.50758505
5317	0.52779776
5318	0.54569000
5319	0.56359375
5320	0.58146369
5321	0.59777319
5322	0.61258793
5323	0.62759554
5324	0.64135772
5325	0.65367717
5326	0.66481173
5327	0.67332637
5328	0.67973232
5329	0.68396717
5330	0.68608904
5331	0.68609279
5332	0.68395829
5333	0.68016285
5334	0.67429912
5335	0.66675514
5336	0.65773386
5337	0.64736027
5338	0.63729894
5339	0.62511986
5340	0.61171901
5341	0.59578252
5342	0.58010244
5343	0.56269211
5344	0.54459876
5345	0.52791768
5346	0.51276523
5347	0.49918774
5348	0.48558894
5349	0.47100288
5350	0.45523626
5351	0.43926406
5352	0.42158094
5353	0.40408555
5354	0.38588363
5355	0.36795518
5356	0.34958455
5357	0.33161059
5358	0.31365919
5359	0.29573730
5360	0.27807501
5361	0.26016682
5362	0.24254946
5363	0.22515395
5364	0.20771398
5365	0.19043219
5366	0.17309985
5367	0.15605085
5368	0.13936071
5369	0.12276979
5370	0.10683583
5371	0.09154139
5372	0.07681427
5373	0.06251889
5374	0.04888118
5375	0.03595553
5376	0.02363231
5377	0.01215169
5378	0.00173344
5379	-0.00801124
5380	-0.01696466
5381	-0.02451037
5382	-0.03171319
5383	-0.03786274
5384	-0.04397912
5385	-0.04984304
5386	-0.05532265
5387	-0.05986267
5388	-0.06461288
5389	-0.06968651
5390	-0.07520676
5391	-0.08064467
5392	-0.08675203
5393	-0.09002884
5394	-0.09248864
5395	-0.09359831
5396	-0.09345103
5397	-0.09183776
5398	-0.08884787
5399	-0.08455544
5400	-0.07918788
5401	-0.07282072
5402	-0.06549728
5403	-0.05743528
5404	-0.04866591
5405	-0.03935454
5406	-0.02944533
5407	-0.01899055
5408	-0.00800843
5409	0.00337052
5410	0.01555378
5411	0.02777397
5412	0.04045999
5413	0.05292304
5414	0.06542902
5415	0.07824171
5416	0.09077912
5417	0.10339408
5418	0.11535038
5419	0.12728240
5420	0.13908584
5421	0.15004665
5422	0.16097288
5423	0.17180803
5424	0.18213420
5425	0.19223568
5426	0.20221521
5427	0.21195839
5428	0.22163068
5429	0.23120928
5430	0.24084811
5431	0.25048378
5432	0.26069719
5433	0.27064121
5434	0.28140256
5435	0.29228386
5436	0.30378103
5437	0.31586245
5438	0.32844570
5439	0.34189022
5440	0.35587087
5441	0.37027913
5442	0.38453653
5443	0.39954045
5444	0.41653869
5445	0.43392345
5446	0.45303181
5447	0.47012001
5448	0.48927346
5449	0.50816381
5450	0.53043610
5451	0.55040669
5452	0.56908715
5453	0.58761245
5454	0.60568660
5455	0.62124079
5456	0.63737702
5457	0.65202147
5458	0.66487455
5459	0.67608589
5460	0.68438286
5461	0.69053751
5462	0.69415343
5463	0.69559348
5464	0.69467926
5465	0.69155151
5466	0.68626451
5467	0.67932266
5468	0.67101961
5469	0.65998673
5470	0.64724058
5471	0.63305342
5472	0.61672795
5473	0.59811878
5474	0.58064300
5475	0.56410044
5476	0.55004197
5477	0.53751427
5478	0.52453196
5479	0.51006269
5480	0.49402958
5481	0.47688940
5482	0.46049848
5483	0.44315493
5484	0.42560592
5485	0.40681717
5486	0.38875687
5487	0.36989015
5488	0.35180196
5489	0.33383921
5490	0.31602064
5491	0.29822409
5492	0.28051579
5493	0.26287964
5494	0.24553040
5495	0.22837520
5496	0.21099079
5497	0.19417465
5498	0.17669487
5499	0.15998982
5500	0.14324899
5501	0.12707698
5502	0.11156915
5503	0.09647728
5504	0.08193341
5505	0.06797782
5506	0.05463449
5507	0.04201457
5508	0.03007716
5509	0.01934798
5510	0.00961867
5511	0.00026698
5512	-0.00744180
5513	-0.01479756
5514	-0.02109915
5515	-0.02709693
5516	-0.03278888
5517	-0.03830327
5518	-0.04331224
5519	-0.04761890
5520	-0.05175535
5521	-0.05703737
5522	-0.06204137
5523	-0.06671724
5524	-0.07151007
5525	-0.07339699
5526	-0.07430085
5527	-0.07386517
5528	-0.07199427
5529	-0.06866716
5530	-0.06408861
5531	-0.05844700
5532	-0.05198524
5533	-0.04478449
5534	-0.03698528
5535	-0.02859371
5536	-0.01960579
5537	-0.01005812
5538	0.00001505
5539	0.01066046
5540	0.02182135
5541	0.03342255
5542	0.04540499
5543	0.05749705
5544	0.07002926
5545	0.08217465
5546	0.09463693
5547	0.10714476
5548	0.11914152
5549	0.13129789
5550	0.14281890
5551	0.15442330
5552	0.16538678
5553	0.17598335
5554	0.18636131
5555	0.19645458
5556	0.20650271
5557	0.21639770
5558	0.22620766
5559	0.23595947
5560	0.24571232
5561	0.25545058
5562	0.26522380
5563	0.27492389
5564	0.28503975
5565	0.29546401
5566	0.30623361
5567	0.31760609
5568	0.32939425
5569	0.34137323
5570	0.35380542
5571	0.36808324
5572	0.38135037
5573	0.39608979
5574	0.41058514
5575	0.42645848
5576	0.44318405
5577	0.46057248
5578	0.47724134
5579	0.49521488
5580	0.51481509
5581	0.53405166
5582	0.55162555
5583	0.56908292
5584	0.58653355
5585	0.60278976
5586	0.61872905
5587	0.63392985
5588	0.64748490
5589	0.66000038
5590	0.67082632
5591	0.67986709
5592	0.68637633
5593	0.69072592
5594	0.69281095
5595	0.69283897
5596	0.69066739
5597	0.68630326
5598	0.68033004
5599	0.67326170
5600	0.66399932
5601	0.65315193
5602	0.64079702
5603	0.62720066
5604	0.61207777
5605	0.59520090
5606	0.57708842
5607	0.56010771
5608	0.54423070
5609	0.53028411
5610	0.51743996
5611	0.50402671
5612	0.48897281
5613	0.47286114
5614	0.45672643
5615	0.43956590
5616	0.42211637
5617	0.40322822
5618	0.38523075
5619	0.36659747
5620	0.34853446
5621	0.33040860
5622	0.31237575
5623	0.29443422
5624	0.27716592
5625	0.25906891
5626	0.24146912
5627	0.22438976
5628	0.20655604
5629	0.18954453
5630	0.17262192
5631	0.15609218
5632	0.13990453
5633	0.12382567
5634	0.10831795
5635	0.09351987
5636	0.07927290
5637	0.06564949
5638	0.05269806
5639	0.04035403
5640	0.02870657
5641	0.01857254
5642	0.00864500
5643	-0.00073758
5644	-0.00862458
5645	-0.01566938
5646	-0.02187154
5647	-0.02771397
5648	-0.03333727
5649	-0.03867303
5650	-0.04366313
5651	-0.04809644
5652	-0.05266728
5653	-0.05836265
5654	-0.06324211
5655	-0.06933717
5656	-0.07204068
5657	-0.07412542
5658	-0.07502494
5659	-0.07428873
5660	-0.07234419
5661	-0.06917084
5662	-0.06475578
5663	-0.05929654
5664	-0.05295561
5665	-0.04586956
5666	-0.03807768
5667	-0.02965464
5668	-0.02064778
5669	-0.01106243
5670	-0.00095483
5671	0.00981657
5672	0.02116823
5673	0.03286940
5674	0.04521246
5675	0.05758223
5676	0.06990693
5677	0.08234849
5678	0.09440055
5679	0.10672763
5680	0.11876554
5681	0.13038145
5682	0.14210559
5683	0.15331636
5684	0.16418809
5685	0.17454454
5686	0.18497755
5687	0.19488694
5688	0.20456649
5689	0.21408412
5690	0.22349691
5691	0.23286442
5692	0.24226893
5693	0.25159043
5694	0.26119339
5695	0.27128664
5696	0.28116691
5697	0.29182860
5698	0.30257398
5699	0.31383976
5700	0.32583031
5701	0.33816814
5702	0.35017431
5703	0.36359292
5704	0.37866032
5705	0.39313900
5706	0.40777892
5707	0.41880834
5708	0.43856326
5709	0.45672044
5710	0.47682482
5711	0.49509278
5712	0.51513404
5713	0.52731061
5714	0.55181658
5715	0.56970334
5716	0.58810359
5717	0.60499078
5718	0.62006032
5719	0.63546205
5720	0.64953321
5721	0.66261214
5722	0.67311770
5723	0.68148941
5724	0.68762445
5725	0.69152093
5726	0.69312429
5727	0.69250047
5728	0.68980390
5729	0.68482810
5730	0.67826736
5731	0.66993880
5732	0.66012353
5733	0.65086389
5734	0.63768870
5735	0.62407076
5736	0.60731894
5737	0.58688521
5738	0.56897593
5739	0.55253911
5740	0.53840303
5741	0.52563924
5742	0.51249897
5743	0.49781758
5744	0.48161343
5745	0.46460351
5746	0.44757387
5747	0.43091771
5748	0.41333643
5749	0.39558113
5750	0.37677705
5751	0.35814506
5752	0.34007227
5753	0.32210809
5754	0.30423528
5755	0.28647915
5756	0.26931417
5757	0.25130376
5758	0.23349097
5759	0.21616678
5760	0.19924337
5761	0.18247800
5762	0.16569215
5763	0.14921039
5764	0.13262504
5765	0.11656825
5766	0.10119662
5767	0.08643524
5768	0.07227875
5769	0.05860412
5770	0.04573009
5771	0.03340235
5772	0.02218683
5773	0.01104048
5774	0.00139405
5775	-0.00793222
5776	-0.01565484
5777	-0.02286016
5778	-0.02943285
5779	-0.03562716
5780	-0.04175197
5781	-0.04767192
5782	-0.05303281
5783	-0.05825748
5784	-0.06426071
5785	-0.07013288
5786	-0.07625057
5787	-0.08290406
5788	-0.08638109
5789	-0.08874874
5790	-0.08976449
5791	-0.08909587
5792	-0.08715944
5793	-0.08379243
5794	-0.07902420
5795	-0.07305189
5796	-0.06608532
5797	-0.05829375
5798	-0.04971625
5799	-0.04042660
5800	-0.03052893
5801	-0.02005699
5802	-0.00875899
5803	0.00300868
5804	0.01541705
5805	0.02829994
5806	0.04151407
5807	0.05479262
5808	0.06847955
5809	0.08169193
5810	0.09459272
5811	0.10752606
5812	0.12049675
5813	0.13268645
5814	0.14470449
5815	0.15652364
5816	0.16768929
5817	0.17839161
5818	0.18895465
5819	0.19919907
5820	0.20931095
5821	0.21920618
5822	0.22900927
5823	0.23882414
5824	0.24870753
5825	0.25866851
5826	0.26913601
5827	0.27907139
5828	0.29003614
5829	0.30095026
5830	0.31272429
5831	0.32492888
5832	0.33719847
5833	0.35080445
5834	0.36483988
5835	0.37857094
5836	0.39404407
5837	0.41038224
5838	0.42863426
5839	0.44625485
5840	0.46198571
5841	0.48084745
5842	0.50008398
5843	0.52230132
5844	0.54188251
5845	0.56062901
5846	0.57977837
5847	0.59359330
5848	0.61209714
5849	0.63338906
5850	0.64810598
5851	0.66348964
5852	0.67625982
5853	0.68707937
5854	0.69572389
5855	0.70201784
5856	0.70608658
5857	0.70779532
5858	0.70709795
5859	0.70436162
5860	0.69974309
5861	0.69325674
5862	0.68477058
5863	0.67435110
5864	0.66230428
5865	0.65142691
5866	0.63527656
5867	0.61684239
5868	0.59866649
5869	0.57975572
5870	0.56549990
5871	0.55246186
5872	0.53963459
5873	0.52510256
5874	0.50895810
5875	0.49198693
5876	0.47485366
5877	0.45759624
5878	0.44070980
5879	0.42274204
5880	0.40477034
5881	0.38578570
5882	0.36705408
5883	0.34909233
5884	0.33119243
5885	0.31323132
5886	0.29544097
5887	0.27831623
5888	0.26031747
5889	0.24255516
5890	0.22587159
5891	0.20897233
5892	0.19229248
5893	0.17572507
5894	0.15977348
5895	0.14391418
5896	0.12831850
5897	0.11388243
5898	0.09998397
5899	0.08671223
5900	0.07411472
5901	0.06214871
5902	0.05118112
5903	0.04049466
5904	0.03082498
5905	0.02214245
5906	0.01431775
5907	0.00753815
5908	0.00114546
5909	-0.00487002
5910	-0.01015386
5911	-0.01569059
5912	-0.02013667
5913	-0.02402753
5914	-0.02814129
5915	-0.03308922
5916	-0.03809936
5917	-0.04323956
5918	-0.04723817
5919	-0.05091453
5920	-0.05213267
5921	-0.05244572
5922	-0.05137760
5923	-0.04879964
5924	-0.04477812
5925	-0.03943314
5926	-0.03282784
5927	-0.02524329
5928	-0.01679747
5929	-0.00770730
5930	0.00192114
5931	0.01207185
5932	0.02278121
5933	0.03397259
5934	0.04571416
5935	0.05800989
5936	0.07064201
5937	0.08347105
5938	0.09672335
5939	0.10957438
5940	0.12260450
5941	0.13553885
5942	0.14810054
5943	0.16065381
5944	0.17308514
5945	0.18494441
5946	0.19642062
5947	0.20742102
5948	0.21811265
5949	0.22843097
5950	0.23856883
5951	0.24852146
5952	0.25827050
5953	0.26795253
5954	0.27745891
5955	0.28703344
5956	0.29667261
5957	0.30643237
5958	0.31629580
5959	0.32656899
5960	0.33722875
5961	0.34835643
5962	0.36000514
5963	0.37242278
5964	0.38494074
5965	0.39796907
5966	0.41291666
5967	0.42779273
5968	0.44240823
5969	0.45796028
5970	0.47583270
5971	0.49287605
5972	0.51174980
5973	0.53004605
5974	0.54823041
5975	0.56882834
5976	0.58778560
5977	0.60657656
5978	0.62360507
5979	0.64158857
5980	0.65895748
5981	0.67542416
5982	0.69101208
5983	0.70424861
5984	0.71619815
5985	0.72625965
5986	0.73395365
5987	0.73929721
5988	0.74253124
5989	0.74341667
5990	0.74201423
5991	0.73824489
5992	0.73286366
5993	0.72606522
5994	0.71709377
5995	0.70744669
5996	0.69604677
5997	0.68331516
5998	0.67085558
5999	0.65669173
6000	0.63961571
6001	0.62186831
6002	0.60439086
6003	0.58909440
6004	0.57549417
6005	0.56262904
6006	0.54875422
6007	0.53313100
6008	0.51657820
6009	0.49979782
6010	0.48274130
6011	0.46497104
6012	0.44635653
6013	0.42878136
6014	0.41010302
6015	0.39217025
6016	0.37414402
6017	0.35621187
6018	0.33754867
6019	0.32010335
6020	0.30220550
6021	0.28483230
6022	0.26718104
6023	0.24976701
6024	0.23220117
6025	0.21488348
6026	0.19792770
6027	0.18109258
6028	0.16477653
6029	0.14923802
6030	0.13424796
6031	0.11978028
6032	0.10595732
6033	0.09271327
6034	0.08019590
6035	0.06843195
6036	0.05810021
6037	0.04791091
6038	0.03903884
6039	0.03094850
6040	0.02393408
6041	0.01767333
6042	0.01169835
6043	0.00603111
6044	0.00077392
6045	-0.00398536
6046	-0.00802352
6047	-0.01214230
6048	-0.01670665
6049	-0.02148418
6050	-0.02595377
6051	-0.02966367
6052	-0.03303075
6053	-0.03406661
6054	-0.03394311
6055	-0.03245726
6056	-0.02990276
6057	-0.02607599
6058	-0.02120035
6059	-0.01558261
6060	-0.00911108
6061	-0.00211989
6062	0.00545818
6063	0.01339231
6064	0.02177943
6065	0.03061119
6066	0.03998406
6067	0.04981399
6068	0.06018621
6069	0.07099245
6070	0.08202968
6071	0.09319617
6072	0.10417495
6073	0.11567228
6074	0.12714134
6075	0.13809188
6076	0.14928922
6077	0.16009182
6078	0.17067380
6079	0.18098113
6080	0.19100350
6081	0.20086293
6082	0.21045126
6083	0.21994661
6084	0.22930232
6085	0.23857720
6086	0.24780726
6087	0.25686032
6088	0.26613232
6089	0.27570370
6090	0.28489980
6091	0.29477882
6092	0.30460396
6093	0.31493825
6094	0.32562593
6095	0.33690158
6096	0.34842163
6097	0.36054689
6098	0.37317973
6099	0.38639569
6100	0.39919621
6101	0.41259846
6102	0.42776483
6103	0.44333503
6104	0.46025804
6105	0.47543696
6106	0.49183813
6107	0.50951099
6108	0.52743012
6109	0.54599768
6110	0.56287736
6111	0.57891905
6112	0.59507358
6113	0.60970432
6114	0.62383288
6115	0.63545811
6116	0.64685351
6117	0.65652031
6118	0.66485214
6119	0.67025083
6120	0.67348707
6121	0.67454088
6122	0.67345506
6123	0.67014641
6124	0.66481930
6125	0.65804911
6126	0.64937967
6127	0.63904685
6128	0.62844193
6129	0.61506766
6130	0.60012770
6131	0.57951391
6132	0.56083834
6133	0.54380268
6134	0.52817202
6135	0.51465946
6136	0.50165141
6137	0.48761415
6138	0.47206727
6139	0.45553973
6140	0.43932778
6141	0.42231837
6142	0.40484872
6143	0.38627139
6144	0.36833921
6145	0.35050771
6146	0.33192769
6147	0.31400019
6148	0.29609090
6149	0.27828303
6150	0.26054746
6151	0.24297100
6152	0.22535828
6153	0.20783889
6154	0.19074163
6155	0.17381740
6156	0.15715924
6157	0.14055993
6158	0.12471386
6159	0.10909376
6160	0.09419204
6161	0.07970240
6162	0.06591681
6163	0.05267863
6164	0.04008348
6165	0.02819807
6166	0.01737891
6167	0.00695852
6168	-0.00272863
6169	-0.01106024
6170	-0.01888129
6171	-0.02571732
6172	-0.03165426
6173	-0.03758606
6174	-0.04286042
6175	-0.04840294
6176	-0.05299984
6177	-0.05715324
6178	-0.06269157
6179	-0.06823356
6180	-0.07325359
6181	-0.07899980
6182	-0.08185182
6183	-0.08374770
6184	-0.08418265
6185	-0.08330769
6186	-0.08100561
6187	-0.07727010
6188	-0.07231457
6189	-0.06632132
6190	-0.05949213
6191	-0.05195809
6192	-0.04360240
6193	-0.03477389
6194	-0.02541592
6195	-0.01547797
6196	-0.00506928
6197	0.00593145
6198	0.01747701
6199	0.02951355
6200	0.04185229
6201	0.05435676
6202	0.06665304
6203	0.07927871
6204	0.09173299
6205	0.10401169
6206	0.11592609
6207	0.12799175
6208	0.13961814
6209	0.15063025
6210	0.16148429
6211	0.17225640
6212	0.18256511
6213	0.19266158
6214	0.20263270
6215	0.21249633
6216	0.22230765
6217	0.23214747
6218	0.24201776
6219	0.25193796
6220	0.26188007
6221	0.27241167
6222	0.28280714
6223	0.29394424
6224	0.30544990
6225	0.31736624
6226	0.32942638
6227	0.34196633
6228	0.35556281
6229	0.37071365
6230	0.38497084
6231	0.39990857
6232	0.41851625
6233	0.43365812
6234	0.45197037
6235	0.46946722
6236	0.48830962
6237	0.50746483
6238	0.52650559
6239	0.54781461
6240	0.56707692
6241	0.58467734
6242	0.60288197
6243	0.61935592
6244	0.63388813
6245	0.64845520
6246	0.66141289
6247	0.67307824
6248	0.68181509
6249	0.68847436
6250	0.69278514
6251	0.69485450
6252	0.69464231
6253	0.69220752
6254	0.68745106
6255	0.68141127
6256	0.67295158
6257	0.66353655
6258	0.65194201
6259	0.63910526
6260	0.62532943
6261	0.61153245
6262	0.59059882
6263	0.57213694
6264	0.55600095
6265	0.54179811
6266	0.52857113
6267	0.51510322
6268	0.49991313
6269	0.48368290
6270	0.46689907
6271	0.45007581
6272	0.43269286
6273	0.41499677
6274	0.39684242
6275	0.37875253
6276	0.36060381
6277	0.34272134
6278	0.32487887
6279	0.30713782
6280	0.28952739
6281	0.27157649
6282	0.25454158
6283	0.23723891
6284	0.22006389
6285	0.20321663
6286	0.18651171
6287	0.16972716
6288	0.15369175
6289	0.13789253
6290	0.12270167
6291	0.10796990
6292	0.09364729
6293	0.08000881
6294	0.06696709
6295	0.05448516
6296	0.04346973
6297	0.03217469
6298	0.02197135
6299	0.01298043
6300	0.00426555
6301	-0.00313796
6302	-0.00915479
6303	-0.01561232
6304	-0.02092528
6305	-0.02661310
6306	-0.03114770
6307	-0.03561368
6308	-0.03917018
6309	-0.04393126
6310	-0.04833478
6311	-0.05324669
6312	-0.05773591
6313	-0.06025262
6314	-0.06142372
6315	-0.06157986
6316	-0.06019693
6317	-0.05751461
6318	-0.05350157
6319	-0.04834091
6320	-0.04225248
6321	-0.03520536
6322	-0.02745341
6323	-0.01910020
6324	-0.01016087
6325	-0.00071583
6326	0.00910393
6327	0.01976541
6328	0.03082738
6329	0.04247549
6330	0.05452758
6331	0.06686458
6332	0.07931712
6333	0.09180731
6334	0.10433604
6335	0.11655595
6336	0.12897779
6337	0.14121655
6338	0.15345883
6339	0.16517031
6340	0.17661174
6341	0.18778153
6342	0.19871262
6343	0.20948705
6344	0.22013974
6345	0.23070940
6346	0.24126348
6347	0.25179389
6348	0.26229152
6349	0.27283084
6350	0.28336036
6351	0.29418641
6352	0.30521101
6353	0.31649002
6354	0.32810476
6355	0.34006944
6356	0.35246733
6357	0.36486438
6358	0.37826896
6359	0.39234975
6360	0.40708369
6361	0.42255205
6362	0.43784761
6363	0.45504236
6364	0.47286135
6365	0.49047393
6366	0.50838244
6367	0.52870858
6368	0.54670638
6369	0.56705081
6370	0.58542186
6371	0.60342634
6372	0.62024188
6373	0.63707614
6374	0.65261734
6375	0.66741186
6376	0.68016934
6377	0.69155788
6378	0.70125222
6379	0.70858520
6380	0.71396130
6381	0.71707988
6382	0.71802628
6383	0.71713722
6384	0.71390229
6385	0.70870078
6386	0.70115978
6387	0.69308156
6388	0.68255681
6389	0.67110926
6390	0.65872407
6391	0.64481914
6392	0.63045216
6393	0.61213320
6394	0.59150892
6395	0.57557893
6396	0.56128770
6397	0.54825264
6398	0.53439254
6399	0.51931751
6400	0.50300670
6401	0.48611879
6402	0.46904185
6403	0.45158762
6404	0.43397525
6405	0.41614273
6406	0.39775425
6407	0.37986860
6408	0.36203992
6409	0.34424224
6410	0.32638347
6411	0.30829290
6412	0.29072329
6413	0.27323556
6414	0.25610346
6415	0.23868218
6416	0.22156249
6417	0.20448771
6418	0.18771903
6419	0.17097683
6420	0.15487200
6421	0.13940640
6422	0.12444580
6423	0.10990748
6424	0.09591953
6425	0.08262801
6426	0.06990888
6427	0.05787247
6428	0.04723974
6429	0.03654736
6430	0.02717146
6431	0.01851854
6432	0.01098921
6433	0.00421730
6434	-0.00176077
6435	-0.00717734
6436	-0.01310156
6437	-0.01820724
6438	-0.02266838
6439	-0.02688603
6440	-0.03155412
6441	-0.03600472
6442	-0.04087235
6443	-0.04577481
6444	-0.04829811
6445	-0.04978880
6446	-0.05020146
6447	-0.04925384
6448	-0.04706100
6449	-0.04357433
6450	-0.03909660
6451	-0.03363628
6452	-0.02730685
6453	-0.02021944
6454	-0.01248467
6455	-0.00428783
6456	0.00460773
6457	0.01391977
6458	0.02380938
6459	0.03421903
6460	0.04520776
6461	0.05666713
6462	0.06828452
6463	0.08039732
6464	0.09226861
6465	0.10445518
6466	0.11646520
6467	0.12821469
6468	0.14008179
6469	0.15190759
6470	0.16305900
6471	0.17435181
6472	0.18516749
6473	0.19564213
6474	0.20591757
6475	0.21594547
6476	0.22587413
6477	0.23562217
6478	0.24529043
6479	0.25485501
6480	0.26450074
6481	0.27420592
6482	0.28410831
6483	0.29408127
6484	0.30452982
6485	0.31537127
6486	0.32681566
6487	0.33864045
6488	0.35081553
6489	0.36365169
6490	0.37682930
6491	0.39073113
6492	0.40518412
6493	0.41986847
6494	0.43494347
6495	0.45197865
6496	0.46949023
6497	0.48713568
6498	0.50839388
6499	0.52579087
6500	0.54513627
6501	0.56529820
6502	0.58479214
6503	0.60307395
6504	0.62118459
6505	0.63876539
6506	0.65359968
6507	0.66887730
6508	0.68324935
6509	0.69477248
6510	0.70455766
6511	0.71233928
6512	0.71760702
6513	0.72043246
6514	0.72112781
6515	0.71942300
6516	0.71563017
6517	0.70977545
6518	0.70202082
6519	0.69303042
6520	0.68222630
6521	0.66990632
6522	0.65626043
6523	0.64092875
6524	0.62176704
6525	0.60372728
6526	0.58680981
6527	0.57181805
6528	0.55833429
6529	0.54536146
6530	0.53129417
6531	0.51588064
6532	0.49943197
6533	0.48280883
6534	0.46606988
6535	0.44800004
6536	0.42906591
6537	0.41112971
6538	0.39300600
6539	0.37494713
6540	0.35706031
6541	0.33921394
6542	0.32116666
6543	0.30398044
6544	0.28651369
6545	0.26937220
6546	0.25235435
6547	0.23513292
6548	0.21834472
6549	0.20185001
6550	0.18529414
6551	0.16928092
6552	0.15395045
6553	0.13905564
6554	0.12471164
6555	0.11087450
6556	0.09774874
6557	0.08515678
6558	0.07329706
6559	0.06247595
6560	0.05233538
6561	0.04303579
6562	0.03462644
6563	0.02739385
6564	0.02110683
6565	0.01528095
6566	0.00981089
6567	0.00463880
6568	-0.00020295
6569	-0.00424903
6570	-0.00825926
6571	-0.01233969
6572	-0.01628867
6573	-0.02054077
6574	-0.02548215
6575	-0.02749232
6576	-0.02865600
6577	-0.02820943
6578	-0.02657926
6579	-0.02348214
6580	-0.01901339
6581	-0.01325018
6582	-0.00633438
6583	0.00149637
6584	0.01009759
6585	0.01924552
6586	0.02908849
6587	0.03931163
6588	0.05001251
6589	0.06117262
6590	0.07283883
6591	0.08498481
6592	0.09736347
6593	0.10982910
6594	0.12265044
6595	0.13532569
6596	0.14805864
6597	0.16062236
6598	0.17281677
6599	0.18522564
6600	0.19700700
6601	0.20850523
6602	0.21965632
6603	0.23050007
6604	0.24104111
6605	0.25140482
6606	0.26153424
6607	0.27151936
6608	0.28139526
6609	0.29121375
6610	0.30106854
6611	0.31099081
6612	0.32096362
6613	0.33125567
6614	0.34194592
6615	0.35302573
6616	0.36449206
6617	0.37681597
6618	0.38884118
6619	0.40135360
6620	0.41498262
6621	0.43038210
6622	0.44486040
6623	0.45885628
6624	0.47572792
6625	0.49413595
6626	0.51274103
6627	0.52942735
6628	0.54962742
6629	0.56868356
6630	0.58782196
6631	0.60617799
6632	0.62450552
6633	0.64271492
6634	0.65987217
6635	0.67688203
6636	0.69159269
6637	0.70573640
6638	0.71841896
6639	0.72900301
6640	0.73778933
6641	0.74437875
6642	0.74864811
6643	0.75061917
6644	0.75032014
6645	0.74805886
6646	0.74359649
6647	0.73704094
6648	0.72934920
6649	0.71991789
6650	0.70915830
6651	0.69714451
6652	0.68382585
6653	0.67090458
6654	0.65534031
6655	0.63702512
6656	0.61949044
6657	0.60291368
6658	0.58874303
6659	0.57585567
6660	0.56284624
6661	0.54830766
6662	0.53227180
6663	0.51541823
6664	0.49838561
6665	0.48062557
6666	0.46356836
6667	0.44441047
6668	0.42696282
6669	0.40802392
6670	0.39026871
6671	0.37231454
6672	0.35445115
6673	0.33612573
6674	0.31891611
6675	0.30161172
6676	0.28413323
6677	0.26755214
6678	0.24963449
6679	0.23273826
6680	0.21618150
6681	0.19977491
6682	0.18394938
6683	0.16878095
6684	0.15407296
6685	0.13985294
6686	0.12623115
6687	0.11325778
6688	0.10087828
6689	0.08959970
6690	0.07853241
6691	0.06817824
6692	0.05880680
6693	0.05041052
6694	0.04284094
6695	0.03657306
6696	0.02988977
6697	0.02403953
6698	0.01855833
6699	0.01338170
6700	0.00882961
6701	0.00478417
6702	0.00020791
6703	-0.00449245
6704	-0.00985969
6705	-0.01292919
6706	-0.01501510
6707	-0.01638207
6708	-0.01655444
6709	-0.01509674
6710	-0.01238989
6711	-0.00844965
6712	-0.00335875
6713	0.00263580
6714	0.00940014
6715	0.01680803
6716	0.02471838
6717	0.03340749
6718	0.04252601
6719	0.05226520
6720	0.06247168
6721	0.07344233
6722	0.08500281
6723	0.09684534
6724	0.10880899
6725	0.12069316
6726	0.13290863
6727	0.14482492
6728	0.15722790
6729	0.16923408
6730	0.18109716
6731	0.19267014
6732	0.20399833
6733	0.21501118
6734	0.22567888
6735	0.23613992
6736	0.24643683
6737	0.25651139
6738	0.26654473
6739	0.27652174
6740	0.28646886
6741	0.29632178
6742	0.30641791
6743	0.31670117
6744	0.32730314
6745	0.33817402
6746	0.34935614
6747	0.36123380
6748	0.37308243
6749	0.38589695
6750	0.39812443
6751	0.41260433
6752	0.42685249
6753	0.44070515
6754	0.45510522
6755	0.47167611
6756	0.48841894
6757	0.50476062
6758	0.52308071
6759	0.54121470
6760	0.56113178
6761	0.58021295
6762	0.59809446
6763	0.61500978
6764	0.63170725
6765	0.64806342
6766	0.66232139
6767	0.67716557
6768	0.68983102
6769	0.70075154
6770	0.70960706
6771	0.71663594
6772	0.72132564
6773	0.72375321
6774	0.72407848
6775	0.72200930
6776	0.71757340
6777	0.71183342
6778	0.70356214
6779	0.69446856
6780	0.68283498
6781	0.67032075
6782	0.65714943
6783	0.64244747
6784	0.62772900
6785	0.61002475
6786	0.59032774
6787	0.57477933
6788	0.56090426
6789	0.54777169
6790	0.53352261
6791	0.51816136
6792	0.50169843
6793	0.48459101
6794	0.46733642
6795	0.45052141
6796	0.43289453
6797	0.41489741
6798	0.39611301
6799	0.37763554
6800	0.35974050
6801	0.34184459
6802	0.32385206
6803	0.30628052
6804	0.28778106
6805	0.27015290
6806	0.25332394
6807	0.23585007
6808	0.21882997
6809	0.20164600
6810	0.18475817
6811	0.16775580
6812	0.15125114
6813	0.13585022
6814	0.12096048
6815	0.10663299
6816	0.09282871
6817	0.07962821
6818	0.06712334
6819	0.05524474
6820	0.04447389
6821	0.03408275
6822	0.02442097
6823	0.01591013
6824	0.00827354
6825	0.00154253
6826	-0.00468133
6827	-0.01121483
6828	-0.01701328
6829	-0.02198741
6830	-0.02700505
6831	-0.03156898
6832	-0.03661137
6833	-0.04182632
6834	-0.04682197
6835	-0.05202255
6836	-0.05390344
6837	-0.05540284
6838	-0.05596649
6839	-0.05482127
6840	-0.05239313
6841	-0.04861006
6842	-0.04367887
6843	-0.03779459
6844	-0.03095643
6845	-0.02321490
6846	-0.01493028
6847	-0.00601098
6848	0.00344600
6849	0.01348500
6850	0.02417489
6851	0.03541107
6852	0.04706125
6853	0.05877755
6854	0.07092355
6855	0.08280026
6856	0.09506638
6857	0.10724996
6858	0.11950671
6859	0.13143526
6860	0.14350078
6861	0.15538952
6862	0.16723429
6863	0.17856751
6864	0.18956602
6865	0.20027165
6866	0.21075216
6867	0.22100374
6868	0.23102872
6869	0.24096876
6870	0.25085288
6871	0.26074350
6872	0.27055603
6873	0.28076959
6874	0.29119644
6875	0.30207223
6876	0.31368133
6877	0.32556602
6878	0.33795518
6879	0.35094297
6880	0.36369598
6881	0.37878832
6882	0.39323449
6883	0.40948901
6884	0.42546713
6885	0.44119170
6886	0.45922458
6887	0.47789976
6888	0.49700800
6889	0.51604939
6890	0.53910005
6891	0.55894065
6892	0.57852811
6893	0.59731781
6894	0.61590499
6895	0.63378334
6896	0.64946175
6897	0.66521579
6898	0.68002790
6899	0.69186062
6900	0.70166129
6901	0.70924348
6902	0.71426654
6903	0.71691656
6904	0.71720594
6905	0.71517712
6906	0.71093005
6907	0.70470083
6908	0.69646651
6909	0.68680376
6910	0.67622542
6911	0.66352665
6912	0.64987862
6913	0.63397712
6914	0.61500579
6915	0.59660929
6916	0.58037001
6917	0.56630778
6918	0.55383891
6919	0.54101926
6920	0.52699310
6921	0.51132637
6922	0.49468666
6923	0.47869661
6924	0.46357417
6925	0.44544765
6926	0.42359447
6927	0.40588284
6928	0.38780940
6929	0.36966079
6930	0.35168046
6931	0.33385155
6932	0.31604737
6933	0.29810444
6934	0.28067330
6935	0.26360315
6936	0.24634801
6937	0.22931555
6938	0.21220167
6939	0.19542564
6940	0.17892934
6941	0.16278388
6942	0.14619368
6943	0.13079953
6944	0.11564786
6945	0.10123508
6946	0.08746506
6947	0.07449700
6948	0.06171768
6949	0.05027630
6950	0.03929210
6951	0.02912907
6952	0.02012643
6953	0.01208794
6954	0.00522891
6955	-0.00114045
6956	-0.00696089
6957	-0.01236994
6958	-0.01757214
6959	-0.02228320
6960	-0.02625197
6961	-0.03011477
6962	-0.03465499
6963	-0.03879687
6964	-0.04404122
6965	-0.04706983
6966	-0.04854605
6967	-0.04922642
6968	-0.04830015
6969	-0.04626630
6970	-0.04275680
6971	-0.03803847
6972	-0.03225769
6973	-0.02563601
6974	-0.01803301
6975	-0.00980152
6976	-0.00091757
6977	0.00848024
6978	0.01845338
6979	0.02898394
6980	0.04014503
6981	0.05186557
6982	0.06405346
6983	0.07638448
6984	0.08914823
6985	0.10171326
6986	0.11442218
6987	0.12697756
6988	0.13944678
6989	0.15182105
6990	0.16368729
6991	0.17566384
6992	0.18708001
6993	0.19810165
6994	0.20881785
6995	0.21927078
6996	0.22953925
6997	0.23977593
6998	0.24985449
6999	0.25987414
7000	0.26988295
7001	0.27991968
7002	0.29014504
7003	0.30044976
7004	0.31104299
7005	0.32166308
7006	0.33305401
7007	0.34461340
7008	0.35637081
7009	0.36852446
7010	0.38176930
7011	0.39647514
7012	0.41020742
7013	0.42536515
7014	0.44004875
7015	0.45681974
7016	0.47479266
7017	0.49320763
7018	0.51085520
7019	0.52789646
7020	0.54716486
7021	0.56494170
7022	0.58330262
7023	0.60057020
7024	0.61751896
7025	0.63383418
7026	0.64817840
7027	0.66268510
7028	0.67575169
7029	0.68767357
7030	0.69732976
7031	0.70477200
7032	0.71017164
7033	0.71328777
7034	0.71435326
7035	0.71305287
7036	0.70987552
7037	0.70422798
7038	0.69739431
7039	0.68871725
7040	0.67819494
7041	0.66692877
7042	0.65418833
7043	0.64021403
7044	0.62529129
7045	0.60767949
7046	0.59005398
7047	0.57225519
7048	0.55628419
7049	0.54187119
7050	0.52842438
7051	0.51464015
7052	0.49986503
7053	0.48361331
7054	0.46684733
7055	0.44989628
7056	0.43249172
7057	0.41472095
7058	0.39648080
7059	0.37851933
7060	0.36011273
7061	0.34219959
7062	0.32426777
7063	0.30634391
7064	0.28821322
7065	0.27106720
7066	0.25361493
7067	0.23642953
7068	0.21927138
7069	0.20210224
7070	0.18522732
7071	0.16870514
7072	0.15218985
7073	0.13625537
7074	0.12099943
7075	0.10622525
7076	0.09185103
7077	0.07838517
7078	0.06501282
7079	0.05260018
7080	0.04105204
7081	0.03061235
7082	0.02083171
7083	0.01208375
7084	0.00435806
7085	-0.00257051
7086	-0.00828463
7087	-0.01359121
7088	-0.01832337
7089	-0.02236293
7090	-0.02641743
7091	-0.02930755
7092	-0.03150563
7093	-0.03400592
7094	-0.03678945
7095	-0.03953502
7096	-0.04235182
7097	-0.04339319
7098	-0.04364591
7099	-0.04253133
7100	-0.04008786
7101	-0.03630481
7102	-0.03123635
7103	-0.02512896
7104	-0.01792469
7105	-0.00997047
7106	-0.00133400
7107	0.00782620
7108	0.01752661
7109	0.02765072
7110	0.03844138
7111	0.04984776
7112	0.06160050
7113	0.07360790
7114	0.08611955
7115	0.09854975
7116	0.11072139
7117	0.12325196
7118	0.13572590
7119	0.14832833
7120	0.16049139
7121	0.17254007
7122	0.18419753
7123	0.19564755
7124	0.20682958
7125	0.21774986
7126	0.22848499
7127	0.23902912
7128	0.24947216
7129	0.25980768
7130	0.27009699
7131	0.28037700
7132	0.29067439
7133	0.30113095
7134	0.31150422
7135	0.32234052
7136	0.33339441
7137	0.34491518
7138	0.35674882
7139	0.36931500
7140	0.38199678
7141	0.39515483
7142	0.40879333
7143	0.42279345
7144	0.43666461
7145	0.45103005
7146	0.46630889
7147	0.47880882
7148	0.49565145
7149	0.51277012
7150	0.53658682
7151	0.55229694
7152	0.57015032
7153	0.59202993
7154	0.60853744
7155	0.62662745
7156	0.64346153
7157	0.65958017
7158	0.67401814
7159	0.68782759
7160	0.69998395
7161	0.71083242
7162	0.71985698
7163	0.72669280
7164	0.73150510
7165	0.73404270
7166	0.73454279
7167	0.73261601
7168	0.72901332
7169	0.72303832
7170	0.71572232
7171	0.70637226
7172	0.69471431
7173	0.68155509
7174	0.66693997
7175	0.65025294
7176	0.63154209
7177	0.61692095
7178	0.60081387
7179	0.58485752
7180	0.57199776
7181	0.55848831
7182	0.54344273
7183	0.52687788
7184	0.50986314
7185	0.49272266
7186	0.47541159
7187	0.45799136
7188	0.44074315
7189	0.42199978
7190	0.40389207
7191	0.38533086
7192	0.36745885
7193	0.34971106
7194	0.33239046
7195	0.31412899
7196	0.29661179
7197	0.27914059
7198	0.26210755
7199	0.24523064
7200	0.22840697
7201	0.21194543
7202	0.19541693
7203	0.17951164
7204	0.16421562
7205	0.14937586
7206	0.13510172
7207	0.12139394
7208	0.10825294
7209	0.09561969
7210	0.08415758
7211	0.07335971
7212	0.06285097
7213	0.05326037
7214	0.04497762
7215	0.03767221
7216	0.03141558
7217	0.02586126
7218	0.02014548
7219	0.01504292
7220	0.01066587
7221	0.00621418
7222	0.00243491
7223	-0.00156029
7224	-0.00641650
7225	-0.01076002
7226	-0.01539236
7227	-0.01707605
7228	-0.01810647
7229	-0.01749847
7230	-0.01575765
7231	-0.01264789
7232	-0.00811591
7233	-0.00241436
7234	0.00426282
7235	0.01179008
7236	0.01995409
7237	0.02892505
7238	0.03837650
7239	0.04833612
7240	0.05874342
7241	0.06988578
7242	0.08130041
7243	0.09343354
7244	0.10557573
7245	0.11826640
7246	0.13083035
7247	0.14344443
7248	0.15569277
7249	0.16848825
7250	0.18082437
7251	0.19292593
7252	0.20479228
7253	0.21628465
7254	0.22748393
7255	0.23836905
7256	0.24902661
7257	0.25953344
7258	0.26989177
7259	0.28020582
7260	0.29037526
7261	0.30044734
7262	0.31050664
7263	0.32048765
7264	0.33072940
7265	0.34117016
7266	0.35189214
7267	0.36304322
7268	0.37457734
7269	0.38685018
7270	0.39778352
7271	0.41148484
7272	0.42515817
7273	0.44034675
7274	0.45422533
7275	0.46886322
7276	0.48590338
7277	0.50363988
7278	0.51932883
7279	0.53830689
7280	0.55625999
7281	0.57348269
7282	0.59286308
7283	0.61106271
7284	0.62837017
7285	0.64613760
7286	0.66327274
7287	0.68005604
7288	0.69489080
7289	0.70831239
7290	0.72094631
7291	0.73169261
7292	0.74077040
7293	0.74767697
7294	0.75261116
7295	0.75530136
7296	0.75582641
7297	0.75429136
7298	0.75094342
7299	0.74550730
7300	0.73897660
7301	0.73037970
7302	0.72008079
7303	0.70796931
7304	0.69302338
7305	0.67552960
7306	0.65715110
7307	0.63920712
7308	0.62326092
7309	0.60921109
7310	0.59640056
7311	0.58245093
7312	0.56720155
7313	0.55062610
7314	0.53351235
7315	0.51601452
7316	0.49856523
7317	0.48082703
7318	0.46310461
7319	0.44547674
7320	0.42711487
7321	0.40926608
7322	0.39126736
7323	0.37355530
7324	0.35588542
7325	0.33821106
7326	0.32077998
7327	0.30357897
7328	0.28617820
7329	0.26919657
7330	0.25236607
7331	0.23545249
7332	0.21928596
7333	0.20331533
7334	0.18789275
7335	0.17290373
7336	0.15843689
7337	0.14449289
7338	0.13117138
7339	0.11852366
7340	0.10694218
7341	0.09603191
7342	0.08521722
7343	0.07590900
7344	0.06765524
7345	0.06052253
7346	0.05356726
7347	0.04760708
7348	0.04170876
7349	0.03652514
7350	0.03108404
7351	0.02667202
7352	0.02211477
7353	0.01699213
7354	0.01212042
7355	0.00587886
7356	0.00255115
7357	0.00009869
7358	-0.00063654
7359	-0.00049371
7360	0.00123188
7361	0.00430125
7362	0.00868478
7363	0.01406461
7364	0.02059116
7365	0.02779496
7366	0.03595497
7367	0.04469016
7368	0.05399180
7369	0.06380501
7370	0.07416814
7371	0.08508730
7372	0.09651890
7373	0.10839798
7374	0.12073352
7375	0.13324134
7376	0.14564249
7377	0.15824810
7378	0.17083488
7379	0.18364154
7380	0.19629785
7381	0.20843746
7382	0.22025244
7383	0.23154901
7384	0.24258381
7385	0.25327653
7386	0.26364172
7387	0.27369824
7388	0.28362229
7389	0.29338300
7390	0.30302384
7391	0.31260762
7392	0.32214081
7393	0.33172852
7394	0.34145704
7395	0.35099778
7396	0.36116946
7397	0.37135735
7398	0.38210830
7399	0.39350110
7400	0.40523809
7401	0.41768172
7402	0.42954355
7403	0.44395703
7404	0.45811245
7405	0.47208881
7406	0.48786679
7407	0.50377333
7408	0.52211142
7409	0.53809083
7410	0.55613166
7411	0.57614106
7412	0.59503913
7413	0.61400241
7414	0.63202626
7415	0.65079105
7416	0.66920525
7417	0.68606597
7418	0.70388049
7419	0.71894103
7420	0.73335385
7421	0.74572206
7422	0.75667840
7423	0.76512563
7424	0.77137637
7425	0.77524310
7426	0.77663177
7427	0.77564836
7428	0.77248925
7429	0.76726091
7430	0.76035815
7431	0.75115573
7432	0.74044216
7433	0.72884220
7434	0.71477282
7435	0.69992065
7436	0.68266505
7437	0.66545039
7438	0.64884841
7439	0.63376683
7440	0.62030137
7441	0.60696888
7442	0.59321827
7443	0.57807976
7444	0.56204957
7445	0.54518247
7446	0.52804315
7447	0.51055938
7448	0.49275133
7449	0.47780094
7450	0.45970443
7451	0.44167826
7452	0.41964775
7453	0.40175948
7454	0.38398048
7455	0.36610392
7456	0.34873837
7457	0.33124736
7458	0.31420907
7459	0.29736874
7460	0.27957991
7461	0.26272583
7462	0.24617177
7463	0.22965205
7464	0.21374644
7465	0.19852854
7466	0.18378304
7467	0.16955531
7468	0.15588434
7469	0.14286400
7470	0.13060614
7471	0.11917900
7472	0.10846972
7473	0.09864599
7474	0.08989439
7475	0.08208454
7476	0.07534731
7477	0.06928207
7478	0.06275929
7479	0.05722288
7480	0.05118806
7481	0.04645917
7482	0.04193918
7483	0.03639025
7484	0.03097709
7485	0.02553784
7486	0.02115249
7487	0.01585726
7488	0.01415354
7489	0.01324305
7490	0.01374233
7491	0.01551711
7492	0.01872985
7493	0.02323221
7494	0.02892824
7495	0.03553668
7496	0.04302514
7497	0.05122718
7498	0.05993549
7499	0.06930139
7500	0.07922627
7501	0.08955342
7502	0.10016522
7503	0.11148965
7504	0.12310562
7505	0.13505062
7506	0.14713322
7507	0.15935063
7508	0.17159685
7509	0.18387420
7510	0.19611931
7511	0.20826462
7512	0.22021294
7513	0.23187995
7514	0.24322645
7515	0.25422883
7516	0.26483521
7517	0.27507600
7518	0.28515932
7519	0.29491952
7520	0.30463189
7521	0.31416002
7522	0.32363111
7523	0.33305028
7524	0.34257856
7525	0.35210314
7526	0.36198401
7527	0.37214768
7528	0.38266665
7529	0.39362812
7530	0.40504479
7531	0.41731724
7532	0.42977694
7533	0.44277105
7534	0.45667967
7535	0.47111261
7536	0.48614717
7537	0.50149024
7538	0.51927364
7539	0.53601468
7540	0.55294615
7541	0.57257223
7542	0.59128726
7543	0.61025137
7544	0.62896204
7545	0.64771414
7546	0.66537088
7547	0.68278742
7548	0.69896454
7549	0.71519780
7550	0.72977930
7551	0.74265856
7552	0.75352067
7553	0.76255190
7554	0.76904374
7555	0.77321494
7556	0.77487916
7557	0.77435213
7558	0.77161282
7559	0.76672626
7560	0.75961351
7561	0.75135118
7562	0.74121898
7563	0.72950059
7564	0.71668714
7565	0.70278305
7566	0.68833244
7567	0.67238033
7568	0.65490127
7569	0.63782030
7570	0.62192589
7571	0.60724038
7572	0.59405166
7573	0.58061719
7574	0.56559402
7575	0.54931468
7576	0.53243375
7577	0.51524532
7578	0.49784511
7579	0.48031187
7580	0.46560228
7581	0.44363177
7582	0.42544195
7583	0.40672153
7584	0.38875377
7585	0.37080112
7586	0.35225937
7587	0.33494592
7588	0.31749076
7589	0.30033001
7590	0.28314021
7591	0.26565629
7592	0.24784690
7593	0.23085910
7594	0.21428216
7595	0.19785032
7596	0.18182918
7597	0.16663581
7598	0.15201433
7599	0.13799848
7600	0.12464494
7601	0.11196183
7602	0.10010114
7603	0.08936717
7604	0.07933506
7605	0.06998841
7606	0.06187821
7607	0.05467485
7608	0.04835027
7609	0.04220028
7610	0.03635949
7611	0.03072201
7612	0.02547750
7613	0.02089995
7614	0.01626756
7615	0.01117211
7616	0.00614976
7617	0.00159105
7618	-0.00311339
7619	-0.00470972
7620	-0.00537100
7621	-0.00461286
7622	-0.00265028
7623	0.00060607
7624	0.00502989
7625	0.01057023
7626	0.01695600
7627	0.02406647
7628	0.03182879
7629	0.04018871
7630	0.04902968
7631	0.05835092
7632	0.06823435
7633	0.07865267
7634	0.08960096
7635	0.10107748
7636	0.11293976
7637	0.12502646
7638	0.13717562
7639	0.14912081
7640	0.16127285
7641	0.17343338
7642	0.18537110
7643	0.19703902
7644	0.20851143
7645	0.21957698
7646	0.23031677
7647	0.24073371
7648	0.25097081
7649	0.26094916
7650	0.27084014
7651	0.28064612
7652	0.29035234
7653	0.30008256
7654	0.30985180
7655	0.31969547
7656	0.32951874
7657	0.33974132
7658	0.35027784
7659	0.36118367
7660	0.37252399
7661	0.38454458
7662	0.39703470
7663	0.41000360
7664	0.42339858
7665	0.43761781
7666	0.45239875
7667	0.46675247
7668	0.48306328
7669	0.49933788
7670	0.51720572
7671	0.53416306
7672	0.55214989
7673	0.57223868
7674	0.59089839
7675	0.60949922
7676	0.62718439
7677	0.64547509
7678	0.66272604
7679	0.67958975
7680	0.69565600
7681	0.70944625
7682	0.72233599
7683	0.73347980
7684	0.74259090
7685	0.74948180
7686	0.75414354
7687	0.75660586
7688	0.75669998
7689	0.75453341
7690	0.75044215
7691	0.74394667
7692	0.73624533
7693	0.72639078
7694	0.71536410
7695	0.70320231
7696	0.68990272
7697	0.67630613
7698	0.65973359
7699	0.64160436
7700	0.62484825
7701	0.60849023
7702	0.59470052
7703	0.58189958
7704	0.56878084
7705	0.55402339
7706	0.53795576
7707	0.52097100
7708	0.50364381
7709	0.48627487
7710	0.47164148
7711	0.45370132
7712	0.43195581
7713	0.41298091
7714	0.39497182
7715	0.37705934
7716	0.35934004
7717	0.34106803
7718	0.32432580
7719	0.30701026
7720	0.29009899
7721	0.27256948
7722	0.25539109
7723	0.23839630
7724	0.22175658
7725	0.20491281
7726	0.18900250
7727	0.17348459
7728	0.15837412
7729	0.14378858
7730	0.12973218
7731	0.11636344
7732	0.10357425
7733	0.09183162
7734	0.08031881
7735	0.06998144
7736	0.06060712
7737	0.05236127
7738	0.04525252
7739	0.03871519
7740	0.03284077
7741	0.02750190
7742	0.02248296
7743	0.01783477
7744	0.01374107
7745	0.01031982
7746	0.00672678
7747	0.00288681
7748	-0.00078147
7749	-0.00456408
7750	-0.00652542
7751	-0.00722591
7752	-0.00678149
7753	-0.00507404
7754	-0.00207646
7755	0.00217743
7756	0.00751755
7757	0.01383553
7758	0.02104309
7759	0.02900780
7760	0.03759263
7761	0.04669975
7762	0.05633625
7763	0.06647834
7764	0.07706799
7765	0.08801932
7766	0.09962635
7767	0.11178832
7768	0.12389190
7769	0.13648860
7770	0.14883800
7771	0.16126303
7772	0.17391403
7773	0.18629923
7774	0.19850090
7775	0.21047349
7776	0.22211315
7777	0.23346466
7778	0.24442938
7779	0.25511613
7780	0.26558167
7781	0.27582920
7782	0.28593633
7783	0.29591921
7784	0.30579528
7785	0.31558713
7786	0.32534939
7787	0.33512774
7788	0.34499463
7789	0.35508069
7790	0.36538690
7791	0.37601411
7792	0.38714373
7793	0.39771959
7794	0.41056985
7795	0.42341810
7796	0.43789241
7797	0.45199320
7798	0.46564388
7799	0.48033351
7800	0.49834225
7801	0.51485485
7802	0.53200418
7803	0.54956162
7804	0.56759471
7805	0.58594000
7806	0.60429716
7807	0.62259513
7808	0.63980752
7809	0.65639848
7810	0.67357236
7811	0.69088870
7812	0.70568025
7813	0.71987987
7814	0.73285270
7815	0.74351382
7816	0.75259405
7817	0.75936568
7818	0.76403886
7819	0.76642871
7820	0.76645505
7821	0.76457816
7822	0.76011372
7823	0.75399303
7824	0.74582767
7825	0.73663765
7826	0.72514135
7827	0.71247077
7828	0.69932693
7829	0.68630123
7830	0.67139512
7831	0.65382087
7832	0.63551319
7833	0.61768812
7834	0.60277969
7835	0.58934814
7836	0.57649887
7837	0.56222612
7838	0.54656279
7839	0.52990133
7840	0.51290733
7841	0.49566635
7842	0.47820574
7843	0.46078593
7844	0.44232443
7845	0.42378563
7846	0.40566054
7847	0.38764322
7848	0.36964872
7849	0.35174680
7850	0.33400699
7851	0.31637546
7852	0.29899022
7853	0.28163978
7854	0.26437965
7855	0.24705082
7856	0.23002683
7857	0.21342510
7858	0.19662318
7859	0.18085833
7860	0.16556303
7861	0.15072049
7862	0.13640912
7863	0.12276467
7864	0.10974362
7865	0.09741148
7866	0.08584273
7867	0.07538992
7868	0.06555095
7869	0.05695201
7870	0.04867468
7871	0.04196780
7872	0.03589685
7873	0.02952544
7874	0.02412857
7875	0.01819251
7876	0.01350502
7877	0.00895540
7878	0.00345232
7879	-0.00200347
7880	-0.00703166
7881	-0.01223930
7882	-0.01593667
7883	-0.01929285
7884	-0.01965996
7885	-0.01907711
7886	-0.01684750
7887	-0.01346680
7888	-0.00872464
7889	-0.00271013
7890	0.00420501
7891	0.01193816
7892	0.02022770
7893	0.02910612
7894	0.03850447
7895	0.04818238
7896	0.05866638
7897	0.06956840
7898	0.08104327
7899	0.09285161
7900	0.10541424
7901	0.11810306
7902	0.13068897
7903	0.14371336
7904	0.15683292
7905	0.16951784
7906	0.18213345
7907	0.19446932
7908	0.20649759
7909	0.21810016
7910	0.22924218
7911	0.23990007
7912	0.25006130
7913	0.26003411
7914	0.26979241
7915	0.27928352
7916	0.28869182
7917	0.29806712
7918	0.30740011
7919	0.31680435
7920	0.32666248
7921	0.33607844
7922	0.34606981
7923	0.35636297
7924	0.36681876
7925	0.37784833
7926	0.38958207
7927	0.40017760
7928	0.41337833
7929	0.42748255
7930	0.44039226
7931	0.45486793
7932	0.46899173
7933	0.48544043
7934	0.50223428
7935	0.52189976
7936	0.53868353
7937	0.55785233
7938	0.57625163
7939	0.59471405
7940	0.61177564
7941	0.62953168
7942	0.64707768
7943	0.66354501
7944	0.68011808
7945	0.69482189
7946	0.70828408
7947	0.71980906
7948	0.72972012
7949	0.73758721
7950	0.74319774
7951	0.74651378
7952	0.74753308
7953	0.74621385
7954	0.74241126
7955	0.73680383
7956	0.72966957
7957	0.72013241
7958	0.70953017
7959	0.69801533
7960	0.68521249
7961	0.67154449
7962	0.65711707
7963	0.64082313
7964	0.62235242
7965	0.60461169
7966	0.58861560
7967	0.57440394
7968	0.56122845
7969	0.54753554
7970	0.53250599
7971	0.51644641
7972	0.49915668
7973	0.48191732
7974	0.46472919
7975	0.44677946
7976	0.42887136
7977	0.41007712
7978	0.39238057
7979	0.37448350
7980	0.35659388
7981	0.33876830
7982	0.32102630
7983	0.30363020
7984	0.28625765
7985	0.26916626
7986	0.25201336
7987	0.23475550
7988	0.21778283
7989	0.20108947
7990	0.18449610
7991	0.16852616
7992	0.15324561
7993	0.13838461
7994	0.12414347
7995	0.11039244
7996	0.09738900
7997	0.08499239
7998	0.07334662
7999	0.06285083
8000	0.05293563
8001	0.04424924
8002	0.03591702
8003	0.02923558
8004	0.02299198
8005	0.01773252
8006	0.01209167
8007	0.00716922
8008	0.00265835
8009	-0.00111913
8010	-0.00447513
8011	-0.00801422
8012	-0.01218861
8013	-0.01696910
8014	-0.01923521
8015	-0.02101553
8016	-0.02149345
8017	-0.02057838
8018	-0.01804929
8019	-0.01417798
8020	-0.00908922
8021	-0.00279875
8022	0.00443997
8023	0.01245480
8024	0.02113985
8025	0.03038410
8026	0.04013309
8027	0.05038860
8028	0.06121954
8029	0.07247303
8030	0.08430487
8031	0.09647781
8032	0.10890629
8033	0.12138879
8034	0.13363610
8035	0.14635062
8036	0.15872014
8037	0.17103773
8038	0.18320504
8039	0.19512312
8040	0.20669033
8041	0.21802105
8042	0.22902179
8043	0.23973863
8044	0.25022939
8045	0.26050308
8046	0.27065507
8047	0.28074932
8048	0.29076791
8049	0.30079725
8050	0.31069952
8051	0.32087380
8052	0.33122322
8053	0.34185582
8054	0.35280648
8055	0.36434940
8056	0.37613660
8057	0.38792673
8058	0.40007117
8059	0.41317675
8060	0.42777836
8061	0.44127277
8062	0.45629200
8063	0.47110695
8064	0.48767012
8065	0.50387609
8066	0.52289999
8067	0.54242057
8068	0.55904758
8069	0.57920569
8070	0.59767264
8071	0.61512554
8072	0.63300389
8073	0.65040118
8074	0.66715258
8075	0.68205822
8076	0.69646382
8077	0.70918304
8078	0.72067535
8079	0.73035175
8080	0.73770529
8081	0.74301982
8082	0.74615449
8083	0.74701357
8084	0.74612623
8085	0.74282271
8086	0.73757619
8087	0.73115259
8088	0.72254181
8089	0.71322489
8090	0.70212263
8091	0.68944234
8092	0.67627108
8093	0.66235173
8094	0.64781338
8095	0.63267553
8096	0.61271667
8097	0.59573561
8098	0.57980812
8099	0.56584334
8100	0.55224133
8101	0.53748333
8102	0.52168602
8103	0.50517505
8104	0.48831344
8105	0.47115588
8106	0.45364839
8107	0.43602714
8108	0.41744351
8109	0.39935139
8110	0.38119379
8111	0.36320028
8112	0.34519297
8113	0.32769692
8114	0.30964860
8115	0.29203945
8116	0.27482679
8117	0.25743046
8118	0.24048916
8119	0.22359958
8120	0.20694304
8121	0.19034864
8122	0.17452069
8123	0.15898117
8124	0.14411750
8125	0.12982862
8126	0.11610322
8127	0.10292116
8128	0.09040138
8129	0.07891891
8130	0.06787363
8131	0.05763422
8132	0.04842647
8133	0.04030671
8134	0.03284575
8135	0.02610907
8136	0.02084772
8137	0.01418351
8138	0.01000779
8139	0.00532863
8140	0.00160481
8141	-0.00212039
8142	-0.00587096
8143	-0.00943925
8144	-0.01424867
8145	-0.01740312
8146	-0.01882322
8147	-0.01986268
8148	-0.01939772
8149	-0.01748873
8150	-0.01432802
8151	-0.00992508
8152	-0.00444585
8153	0.00199101
8154	0.00926071
8155	0.01718520
8156	0.02572292
8157	0.03481324
8158	0.04451563
8159	0.05470856
8160	0.06540947
8161	0.07696002
8162	0.08872701
8163	0.10112039
8164	0.11331378
8165	0.12578468
8166	0.13816813
8167	0.15094241
8168	0.16329378
8169	0.17549327
8170	0.18745257
8171	0.19917302
8172	0.21063745
8173	0.22178295
8174	0.23275098
8175	0.24350969
8176	0.25411859
8177	0.26454535
8178	0.27493531
8179	0.28522515
8180	0.29547688
8181	0.30583233
8182	0.31630215
8183	0.32694304
8184	0.33787403
8185	0.34912044
8186	0.36077902
8187	0.37290290
8188	0.38518599
8189	0.39854968
8190	0.41136342
8191	0.42559621
8192	0.44035447
8193	0.45575643
8194	0.47062150
8195	0.48777199
8196	0.50443083
8197	0.52272934
8198	0.54051435
8199	0.55922425
8200	0.58042085
8201	0.59867811
8202	0.61789459
8203	0.63632309
8204	0.65431255
8205	0.67098767
8206	0.68677580
8207	0.70136523
8208	0.71506912
8209	0.72655517
8210	0.73646504
8211	0.74391448
8212	0.74921238
8213	0.75229424
8214	0.75300145
8215	0.75154686
8216	0.74787706
8217	0.74212164
8218	0.73481822
8219	0.72638124
8220	0.71619904
8221	0.70393527
8222	0.69110948
8223	0.67742050
8224	0.66339183
8225	0.64716423
8226	0.62994659
8227	0.61336941
8228	0.59958285
8229	0.58292741
8230	0.56982458
8231	0.55634189
8232	0.54150742
8233	0.52500969
8234	0.50798297
8235	0.49082431
8236	0.47349930
8237	0.45612982
8238	0.43830231
8239	0.41978356
8240	0.40129173
8241	0.38360679
8242	0.36574265
8243	0.34801525
8244	0.33036989
8245	0.31288651
8246	0.29544380
8247	0.27817059
8248	0.26100641
8249	0.24419783
8250	0.22752596
8251	0.21078391
8252	0.19480917
8253	0.17910115
8254	0.16402294
8255	0.14937428
8256	0.13532284
8257	0.12182979
8258	0.10879040
8259	0.09655093
8260	0.08563253
8261	0.07451437
8262	0.06425088
8263	0.05552619
8264	0.04717483
8265	0.04013225
8266	0.03365459
8267	0.02673697
8268	0.02094845
8269	0.01716453
8270	0.01279623
8271	0.00923706
8272	0.00569995
8273	0.00165112
8274	-0.00287725
8275	-0.00794437
8276	-0.01143315
8277	-0.01394159
8278	-0.01506813
8279	-0.01493405
8280	-0.01370613
8281	-0.01091065
8282	-0.00688397
8283	-0.00181250
8284	0.00422949
8285	0.01103892
8286	0.01854039
8287	0.02664347
8288	0.03529604
8289	0.04443178
8290	0.05414029
8291	0.06444304
8292	0.07528598
8293	0.08651920
8294	0.09821601
8295	0.11037814
8296	0.12230662
8297	0.13467202
8298	0.14672299
8299	0.15894014
8300	0.17126983
8301	0.18324412
8302	0.19494878
8303	0.20638582
8304	0.21745540
8305	0.22826354
8306	0.23880717
8307	0.24915832
8308	0.25939214
8309	0.26955813
8310	0.27970618
8311	0.28974015
8312	0.29984149
8313	0.30999231
8314	0.32007721
8315	0.33042204
8316	0.34110194
8317	0.35196352
8318	0.36296517
8319	0.37429422
8320	0.38598230
8321	0.39811453
8322	0.41091397
8323	0.42318010
8324	0.43783244
8325	0.45116949
8326	0.46532711
8327	0.48063639
8328	0.49971896
8329	0.51520884
8330	0.53205526
8331	0.54955959
8332	0.56794685
8333	0.58688498
8334	0.60470647
8335	0.62150979
8336	0.63876039
8337	0.65530789
8338	0.67077732
8339	0.68523437
8340	0.69865984
8341	0.71073276
8342	0.72070587
8343	0.72914374
8344	0.73517764
8345	0.73902923
8346	0.74067926
8347	0.73985678
8348	0.73722374
8349	0.73229671
8350	0.72555369
8351	0.71693099
8352	0.70660990
8353	0.69416624
8354	0.68055677
8355	0.66614205
8356	0.64862388
8357	0.63053012
8358	0.61564159
8359	0.59730065
8360	0.58332503
8361	0.57010579
8362	0.55653870
8363	0.54173893
8364	0.52556193
8365	0.50873822
8366	0.49129504
8367	0.47392854
8368	0.45716670
8369	0.43940520
8370	0.42139947
8371	0.40194398
8372	0.38409135
8373	0.36614957
8374	0.34828570
8375	0.33053598
8376	0.31226295
8377	0.29527402
8378	0.27801469
8379	0.26103047
8380	0.24414852
8381	0.22728825
8382	0.21077229
8383	0.19381632
8384	0.17804216
8385	0.16291280
8386	0.14827895
8387	0.13421862
8388	0.12070611
8389	0.10789859
8390	0.09573160
8391	0.08473127
8392	0.07419755
8393	0.06456254
8394	0.05564712
8395	0.04800312
8396	0.04147286
8397	0.03537583
8398	0.02983502
8399	0.02459137
8400	0.01960820
8401	0.01507553
8402	0.01127895
8403	0.00708941
8404	0.00218429
8405	-0.00251845
8406	-0.00723650
8407	-0.01198117
8408	-0.01386140
8409	-0.01547540
8410	-0.01523813
8411	-0.01368394
8412	-0.01085748
8413	-0.00669143
8414	-0.00136507
8415	0.00487706
8416	0.01189514
8417	0.01964674
8418	0.02799547
8419	0.03701914
8420	0.04653518
8421	0.05661926
8422	0.06723350
8423	0.07846890
8424	0.09009373
8425	0.10246682
8426	0.11480191
8427	0.12755069
8428	0.13997777
8429	0.15256561
8430	0.16495846
8431	0.17739664
8432	0.18942440
8433	0.20120429
8434	0.21250065
8435	0.22370347
8436	0.23457390
8437	0.24513163
8438	0.25544718
8439	0.26554596
8440	0.27547795
8441	0.28529140
8442	0.29503420
8443	0.30468553
8444	0.31433547
8445	0.32401860
8446	0.33371931
8447	0.34380269
8448	0.35418129
8449	0.36494899
8450	0.37605006
8451	0.38780966
8452	0.39956868
8453	0.41159689
8454	0.42492861
8455	0.43988851
8456	0.45347503
8457	0.46873635
8458	0.48341471
8459	0.50047237
8460	0.51679283
8461	0.53480577
8462	0.55565876
8463	0.57224160
8464	0.59233904
8465	0.61076534
8466	0.62826902
8467	0.64627528
8468	0.66341311
8469	0.68036652
8470	0.69548941
8471	0.71005791
8472	0.72295845
8473	0.73474723
8474	0.74424076
8475	0.75196528
8476	0.75745571
8477	0.76076019
8478	0.76194435
8479	0.76095605
8480	0.75808609
8481	0.75313479
8482	0.74701816
8483	0.73870224
8484	0.72984850
8485	0.71947372
8486	0.70742339
8487	0.69534409
8488	0.68146574
8489	0.66618103
8490	0.64912903
8491	0.63156730
8492	0.61498457
8493	0.60206127
8494	0.58650964
8495	0.57281458
8496	0.55780560
8497	0.54160219
8498	0.52447379
8499	0.50750840
8500	0.49017033
8501	0.47250924
8502	0.45495105
8503	0.43688384
8504	0.41885355
8505	0.39989361
8506	0.38216963
8507	0.36424908
8508	0.34692249
8509	0.32869238
8510	0.31086886
8511	0.29364765
8512	0.27615324
8513	0.25891474
8514	0.24161188
8515	0.22468117
8516	0.20827596
8517	0.19181664
8518	0.17641917
8519	0.16154744
8520	0.14716443
8521	0.13344218
8522	0.12045036
8523	0.10825468
8524	0.09675976
8525	0.08643474
8526	0.07641184
8527	0.06762917
8528	0.05971278
8529	0.05247583
8530	0.04577020
8531	0.03900437
8532	0.03238766
8533	0.02644693
8534	0.02038426
8535	0.01349003
8536	0.00633836
8537	-0.00104130
8538	-0.00795382
8539	-0.01356891
8540	-0.01961106
8541	-0.02256288
8542	-0.02422753
8543	-0.02472989
8544	-0.02389196
8545	-0.02178135
8546	-0.01849965
8547	-0.01420495
8548	-0.00895046
8549	-0.00285463
8550	0.00402917
8551	0.01167836
8552	0.02000614
8553	0.02889172
8554	0.03838243
8555	0.04849233
8556	0.05914672
8557	0.07021856
8558	0.08205676
8559	0.09410968
8560	0.10655688
8561	0.11913506
8562	0.13139296
8563	0.14393529
8564	0.15614064
8565	0.16814783
8566	0.17959832
8567	0.19091205
8568	0.20200229
8569	0.21233706
8570	0.22221486
8571	0.23179762
8572	0.24103796
8573	0.25008467
8574	0.25905344
8575	0.26783824
8576	0.27649623
8577	0.28513360
8578	0.29368991
8579	0.30259579
8580	0.31133169
8581	0.31996906
8582	0.32905105
8583	0.33816457
8584	0.34791833
8585	0.35807312
8586	0.36921522
8587	0.38014156
8588	0.39235914
8589	0.40135905
8590	0.41442367
8591	0.43281496
8592	0.44526657
8593	0.46059510
8594	0.47707230
8595	0.49490276
8596	0.51340967
8597	0.53118312
8598	0.54920220
8599	0.56753016
8600	0.58571345
8601	0.60362470
8602	0.62070334
8603	0.63662142
8604	0.65256298
8605	0.66759437
8606	0.68215346
8607	0.69440615
8608	0.70455599
8609	0.71295136
8610	0.71923906
8611	0.72299701
8612	0.72453183
8613	0.72386831
8614	0.72097647
8615	0.71637821
8616	0.70973802
8617	0.70122719
8618	0.69072855
8619	0.67788196
8620	0.66432792
8621	0.64757985
8622	0.62872231
8623	0.61034846
8624	0.59404790
8625	0.57998592
8626	0.56664366
8627	0.55326390
8628	0.53895253
8629	0.52312952
8630	0.50644499
8631	0.48944056
8632	0.47280788
8633	0.45511165
8634	0.43717849
8635	0.41741210
8636	0.39969108
8637	0.38177925
8638	0.36385956
8639	0.34596023
8640	0.32872576
8641	0.31109580
8642	0.29306632
8643	0.27530384
8644	0.25854549
8645	0.24123260
8646	0.22403605
8647	0.20739381
8648	0.19100302
8649	0.17483565
8650	0.15934984
8651	0.14456353
8652	0.13031720
8653	0.11663210
8654	0.10361037
8655	0.09129506
8656	0.07967469
8657	0.06922997
8658	0.05943588
8659	0.05029428
8660	0.04251385
8661	0.03560076
8662	0.02952164
8663	0.02370115
8664	0.01798458
8665	0.01240851
8666	0.00719840
8667	0.00249912
8668	-0.00277067
8669	-0.00798449
8670	-0.01411435
8671	-0.01923327
8672	-0.02410702
8673	-0.02655924
8674	-0.02766082
8675	-0.02765616
8676	-0.02621937
8677	-0.02350358
8678	-0.01944965
8679	-0.01428647
8680	-0.00808608
8681	-0.00097356
8682	0.00683762
8683	0.01557840
8684	0.02484716
8685	0.03472779
8686	0.04512664
8687	0.05609329
8688	0.06756283
8689	0.07958392
8690	0.09198198
8691	0.10464408
8692	0.11743116
8693	0.13041097
8694	0.14288290
8695	0.15561841
8696	0.16769274
8697	0.17984448
8698	0.19193704
8699	0.20348053
8700	0.21462655
8701	0.22535770
8702	0.23568191
8703	0.24588829
8704	0.25581759
8705	0.26562998
8706	0.27528647
8707	0.28484192
8708	0.29430550
8709	0.30374232
8710	0.31326008
8711	0.32321271
8712	0.33267111
8713	0.34305489
8714	0.35339290
8715	0.36438403
8716	0.37588179
8717	0.38830602
8718	0.40088922
8719	0.41397130
8720	0.42710739
8721	0.44286072
8722	0.45730895
8723	0.47378078
8724	0.49175841
8725	0.50874168
8726	0.52591187
8727	0.54465014
8728	0.56442672
8729	0.58354908
8730	0.60251206
8731	0.62110817
8732	0.63911104
8733	0.65730035
8734	0.67469287
8735	0.69072509
8736	0.70517939
8737	0.71890384
8738	0.73109561
8739	0.74081236
8740	0.74853659
8741	0.75391787
8742	0.75708830
8743	0.75810134
8744	0.75662851
8745	0.75323367
8746	0.74846363
8747	0.74103284
8748	0.73235863
8749	0.72232383
8750	0.71089470
8751	0.69840175
8752	0.68468887
8753	0.67157519
8754	0.65572691
8755	0.63831025
8756	0.62093806
8757	0.60494822
8758	0.59094691
8759	0.57794195
8760	0.56441861
8761	0.54944223
8762	0.53324646
8763	0.51645976
8764	0.49942428
8765	0.48168802
8766	0.46396661
8767	0.44613761
8768	0.42805779
8769	0.40913856
8770	0.39141041
8771	0.37355706
8772	0.35575387
8773	0.33839288
8774	0.32050550
8775	0.30301371
8776	0.28591305
8777	0.26883620
8778	0.25172704
8779	0.23488165
8780	0.21804892
8781	0.20186068
8782	0.18592474
8783	0.17060311
8784	0.15578224
8785	0.14148410
8786	0.12784585
8787	0.11467519
8788	0.10214469
8789	0.09102712
8790	0.07963914
8791	0.06921594
8792	0.06006636
8793	0.05183811
8794	0.04466772
8795	0.03836839
8796	0.03160896
8797	0.02543887
8798	0.01958128
8799	0.01425195
8800	0.00949489
8801	0.00423033
8802	-0.00156239
8803	-0.00762347
8804	-0.01399757
8805	-0.01822293
8806	-0.02131193
8807	-0.02300441
8808	-0.02333819
8809	-0.02267837
8810	-0.02052846
8811	-0.01730361
8812	-0.01294354
8813	-0.00765209
8814	-0.00142386
8815	0.00565747
8816	0.01341430
8817	0.02210445
8818	0.03133901
8819	0.04122788
8820	0.05158718
8821	0.06276040
8822	0.07434931
8823	0.08640043
8824	0.09872492
8825	0.11121496
8826	0.12377050
8827	0.13637753
8828	0.14910336
8829	0.16129422
8830	0.17350855
8831	0.18551277
8832	0.19745305
8833	0.20875645
8834	0.21966442
8835	0.23015097
8836	0.24049938
8837	0.25064468
8838	0.26062393
8839	0.27046990
8840	0.28018835
8841	0.28983107
8842	0.29946253
8843	0.30912101
8844	0.31895030
8845	0.32896367
8846	0.33910245
8847	0.34973428
8848	0.36052445
8849	0.37201372
8850	0.38431531
8851	0.39634216
8852	0.40883428
8853	0.42256275
8854	0.43800882
8855	0.45214427
8856	0.46701002
8857	0.48600304
8858	0.50258422
8859	0.52023119
8860	0.53936028
8861	0.55804491
8862	0.57702595
8863	0.59607071
8864	0.61492157
8865	0.63367957
8866	0.65105921
8867	0.66699088
8868	0.68401742
8869	0.69948804
8870	0.71352577
8871	0.72604030
8872	0.73656178
8873	0.74469864
8874	0.75064492
8875	0.75427496
8876	0.75562537
8877	0.75471920
8878	0.75170487
8879	0.74672675
8880	0.73964483
8881	0.73106408
8882	0.72134787
8883	0.70985240
8884	0.69676787
8885	0.68319041
8886	0.66902006
8887	0.65166241
8888	0.63338238
8889	0.61642140
8890	0.60096759
8891	0.58752424
8892	0.57429034
8893	0.55988681
8894	0.54402286
8895	0.52734077
8896	0.51042026
8897	0.49319497
8898	0.47552216
8899	0.45767602
8900	0.43906337
8901	0.42101672
8902	0.40292478
8903	0.38506454
8904	0.36730877
8905	0.34986323
8906	0.33173880
8907	0.31414297
8908	0.29664677
8909	0.27949312
8910	0.26241043
8911	0.24526562
8912	0.22843286
8913	0.21201396
8914	0.19566566
8915	0.17996030
8916	0.16497740
8917	0.15054342
8918	0.13671042
8919	0.12343950
8920	0.11117518
8921	0.09946054
8922	0.08887894
8923	0.07880403
8924	0.06977578
8925	0.06148104
8926	0.05455513
8927	0.04762804
8928	0.04199142
8929	0.03550074
8930	0.02966907
8931	0.02439750
8932	0.01931092
8933	0.01358595
8934	0.00783107
8935	0.00132470
8936	-0.00398059
8937	-0.00924335
8938	-0.01140825
8939	-0.01241694
8940	-0.01218564
8941	-0.01058997
8942	-0.00758950
8943	-0.00330098
8944	0.00207674
8945	0.00839749
8946	0.01552321
8947	0.02344567
8948	0.03191161
8949	0.04115409
8950	0.05086379
8951	0.06108945
8952	0.07172287
8953	0.08320256
8954	0.09493519
8955	0.10736922
8956	0.11993854
8957	0.13300040
8958	0.14572826
8959	0.15832828
8960	0.17054655
8961	0.18307206
8962	0.19514774
8963	0.20691656
8964	0.21834739
8965	0.22937626
8966	0.23997462
8967	0.25016403
8968	0.26007697
8969	0.26974404
8970	0.27926755
8971	0.28857672
8972	0.29772651
8973	0.30683285
8974	0.31590849
8975	0.32494572
8976	0.33443242
8977	0.34379482
8978	0.35390481
8979	0.36393780
8980	0.37466130
8981	0.38586590
8982	0.39796948
8983	0.40969846
8984	0.42282429
8985	0.43634632
8986	0.45036367
8987	0.46409851
8988	0.47871974
8989	0.49396095
8990	0.51241136
8991	0.53028476
8992	0.54859400
8993	0.56794631
8994	0.58651727
8995	0.60512561
8996	0.62370443
8997	0.64117622
8998	0.65898496
8999	0.67633438
9000	0.69112587
9001	0.70638961
9002	0.71948755
9003	0.73142904
9004	0.74081314
9005	0.74810040
9006	0.75314802
9007	0.75571686
9008	0.75580013
9009	0.75390816
9010	0.74966300
9011	0.74307305
9012	0.73530924
9013	0.72559732
9014	0.71371019
9015	0.70154607
9016	0.68715435
9017	0.67256778
9018	0.65650249
9019	0.63826668
9020	0.62415439
9021	0.60856646
9022	0.59229910
9023	0.57928133
9024	0.56554556
9025	0.55022621
9026	0.53376073
9027	0.51636344
9028	0.49889982
9029	0.48099005
9030	0.46345216
9031	0.44540578
9032	0.42731640
9033	0.40919778
9034	0.39078182
9035	0.37293380
9036	0.35511714
9037	0.33712530
9038	0.31985494
9039	0.30234733
9040	0.28524107
9041	0.26797780
9042	0.25068879
9043	0.23367028
9044	0.21697274
9045	0.20034119
9046	0.18421133
9047	0.16875136
9048	0.15377530
9049	0.13936165
9050	0.12559615
9051	0.11254279
9052	0.10008467
9053	0.08850138
9054	0.07770983
9055	0.06789420
9056	0.05898839
9057	0.05111526
9058	0.04388301
9059	0.03726855
9060	0.03110101
9061	0.02448214
9062	0.01863226
9063	0.01382065
9064	0.00818122
9065	0.00228778
9066	-0.00369842
9067	-0.00940929
9068	-0.01522183
9069	-0.01833295
9070	-0.02013522
9071	-0.02074239
9072	-0.02017254
9073	-0.01804401
9074	-0.01455019
9075	-0.00998796
9076	-0.00438327
9077	0.00214379
9078	0.00938717
9079	0.01732860
9080	0.02591277
9081	0.03505425
9082	0.04478665
9083	0.05495011
9084	0.06599329
9085	0.07748219
9086	0.08940321
9087	0.10151022
9088	0.11403602
9089	0.12679933
9090	0.13957779
9091	0.15220870
9092	0.16436772
9093	0.17652835
9094	0.18864465
9095	0.20011584
9096	0.21119174
9097	0.22179018
9098	0.23181403
9099	0.24165492
9100	0.25119591
9101	0.26053953
9102	0.26974323
9103	0.27883828
9104	0.28784257
9105	0.29693434
9106	0.30596760
9107	0.31515256
9108	0.32449228
9109	0.33383584
9110	0.34384108
9111	0.35374340
9112	0.36425322
9113	0.37550312
9114	0.38721359
9115	0.39924306
9116	0.41182482
9117	0.42530441
9118	0.43835729
9119	0.45310172
9120	0.46763155
9121	0.48607531
9122	0.50214356
9123	0.52016377
9124	0.53794152
9125	0.55450284
9126	0.57462358
9127	0.59296006
9128	0.61105245
9129	0.62822747
9130	0.64556050
9131	0.66217631
9132	0.67592502
9133	0.69041884
9134	0.70291948
9135	0.71374214
9136	0.72210473
9137	0.72822773
9138	0.73194349
9139	0.73337287
9140	0.73250318
9141	0.72911835
9142	0.72376722
9143	0.71692991
9144	0.70793992
9145	0.69717085
9146	0.68437111
9147	0.67098331
9148	0.65582621
9149	0.63873649
9150	0.61935580
9151	0.60166246
9152	0.58595669
9153	0.57173121
9154	0.55857068
9155	0.54497069
9156	0.53011334
9157	0.51432467
9158	0.49781358
9159	0.48088115
9160	0.46416536
9161	0.44651571
9162	0.42804998
9163	0.40910977
9164	0.39107221
9165	0.37301391
9166	0.35500425
9167	0.33707646
9168	0.31924525
9169	0.30164924
9170	0.28410739
9171	0.26702526
9172	0.24976481
9173	0.23261470
9174	0.21564193
9175	0.19908614
9176	0.18250075
9177	0.16651946
9178	0.15122853
9179	0.13639924
9180	0.12201921
9181	0.10819623
9182	0.09504113
9183	0.08240765
9184	0.07062542
9185	0.05987316
9186	0.04966535
9187	0.04046151
9188	0.03206987
9189	0.02477164
9190	0.01849533
9191	0.01285565
9192	0.00692922
9193	0.00158614
9194	-0.00341232
9195	-0.00723048
9196	-0.01120239
9197	-0.01496928
9198	-0.01883073
9199	-0.02329005
9200	-0.02603463
9201	-0.02769869
9202	-0.02814708
9203	-0.02709519
9204	-0.02486337
9205	-0.02131047
9206	-0.01634888
9207	-0.01026105
9208	-0.00309353
9209	0.00475043
9210	0.01341766
9211	0.02261680
9212	0.03233881
9213	0.04258239
9214	0.05316949
9215	0.06452911
9216	0.07624272
9217	0.08814359
9218	0.10065570
9219	0.11309662
9220	0.12554000
9221	0.13777331
9222	0.15049975
9223	0.16281556
9224	0.17502415
9225	0.18691710
9226	0.19852647
9227	0.20988436
9228	0.22095805
9229	0.23182207
9230	0.24243185
9231	0.25301686
9232	0.26324418
9233	0.27344972
9234	0.28362161
9235	0.29361495
9236	0.30397311
9237	0.31452847
9238	0.32540783
9239	0.33663344
9240	0.34821850
9241	0.36021432
9242	0.37293991
9243	0.38566160
9244	0.39967111
9245	0.41379750
9246	0.42874432
9247	0.44428572
9248	0.45880088
9249	0.47509849
9250	0.49458167
9251	0.51199722
9252	0.52943051
9253	0.54909664
9254	0.56771243
9255	0.58676761
9256	0.60547763
9257	0.62406063
9258	0.64220279
9259	0.65697891
9260	0.67451960
9261	0.68994623
9262	0.70403916
9263	0.71648777
9264	0.72689527
9265	0.73557919
9266	0.74190885
9267	0.74604571
9268	0.74784881
9269	0.74745202
9270	0.74485213
9271	0.74062997
9272	0.73413968
9273	0.72664112
9274	0.71702075
9275	0.70647222
9276	0.69536346
9277	0.68232423
9278	0.66910321
9279	0.65575862
9280	0.64202321
9281	0.62472022
9282	0.60751933
9283	0.59175664
9284	0.57599390
9285	0.56308627
9286	0.54906380
9287	0.53376997
9288	0.51742017
9289	0.50072372
9290	0.48367852
9291	0.46649238
9292	0.44924566
9293	0.43222287
9294	0.41369176
9295	0.39579365
9296	0.37725359
9297	0.35959920
9298	0.34216279
9299	0.32443488
9300	0.30663586
9301	0.28940117
9302	0.27201375
9303	0.25490791
9304	0.23774749
9305	0.22086383
9306	0.20424086
9307	0.18755475
9308	0.17144272
9309	0.15597357
9310	0.14090770
9311	0.12627696
9312	0.11223549
9313	0.09888684
9314	0.08592317
9315	0.07382672
9316	0.06281114
9317	0.05199714
9318	0.04247395
9319	0.03390833
9320	0.02627084
9321	0.01963421
9322	0.01375316
9323	0.00770907
9324	0.00277947
9325	-0.00199264
9326	-0.00674872
9327	-0.01006647
9328	-0.01394904
9329	-0.01781358
9330	-0.02248865
9331	-0.02543926
9332	-0.02724046
9333	-0.02802396
9334	-0.02772300
9335	-0.02620342
9336	-0.02356384
9337	-0.01983698
9338	-0.01504109
9339	-0.00921284
9340	-0.00261091
9341	0.00476378
9342	0.01275748
9343	0.02135155
9344	0.03055554
9345	0.04028837
9346	0.05054842
9347	0.06142549
9348	0.07280491
9349	0.08453353
9350	0.09622842
9351	0.10810995
9352	0.11991521
9353	0.13178870
9354	0.14360836
9355	0.15495749
9356	0.16654563
9357	0.17759602
9358	0.18838002
9359	0.19880304
9360	0.20902804
9361	0.21906993
9362	0.22895774
9363	0.23881131
9364	0.24864733
9365	0.25839093
9366	0.26819047
9367	0.27793455
9368	0.28774071
9369	0.29771933
9370	0.30785632
9371	0.31833076
9372	0.32890660
9373	0.34020853
9374	0.35170418
9375	0.36347395
9376	0.37629187
9377	0.38851044
9378	0.40318274
9379	0.41651335
9380	0.43133879
9381	0.44618225
9382	0.46224514
9383	0.47968793
9384	0.49559778
9385	0.51324159
9386	0.53068012
9387	0.54922754
9388	0.57032549
9389	0.58819860
9390	0.60492772
9391	0.62191659
9392	0.63837379
9393	0.65253145
9394	0.66766953
9395	0.68039602
9396	0.69120395
9397	0.70051003
9398	0.70726693
9399	0.71192312
9400	0.71424043
9401	0.71424234
9402	0.71179491
9403	0.70707101
9404	0.70087367
9405	0.69219846
9406	0.68208671
9407	0.67061752
9408	0.65848678
9409	0.64469260
9410	0.62933344
9411	0.61390525
9412	0.59310031
9413	0.57641512
9414	0.56170106
9415	0.54858816
9416	0.53585231
9417	0.52157825
9418	0.50600082
9419	0.48934713
9420	0.47222394
9421	0.45535591
9422	0.43838060
9423	0.42062590
9424	0.40187287
9425	0.38381591
9426	0.36538556
9427	0.34741899
9428	0.32961720
9429	0.31193846
9430	0.29363447
9431	0.27677962
9432	0.25928888
9433	0.24221772
9434	0.22511829
9435	0.20789088
9436	0.19091134
9437	0.17368089
9438	0.15720451
9439	0.14100426
9440	0.12555805
9441	0.11052017
9442	0.09596477
9443	0.08204190
9444	0.06860535
9445	0.05600829
9446	0.04399367
9447	0.03298898
9448	0.02236457
9449	0.01307436
9450	0.00461846
9451	-0.00267448
9452	-0.00952741
9453	-0.01605138
9454	-0.02214716
9455	-0.02795930
9456	-0.03328171
9457	-0.03794931
9458	-0.04250395
9459	-0.04715251
9460	-0.05252212
9461	-0.05713545
9462	-0.06207459
9463	-0.06391717
9464	-0.06459825
9465	-0.06443720
9466	-0.06265221
9467	-0.05951813
9468	-0.05508566
9469	-0.04951756
9470	-0.04297801
9471	-0.03560369
9472	-0.02746036
9473	-0.01872642
9474	-0.00943161
9475	0.00036627
9476	0.01064988
9477	0.02150542
9478	0.03285320
9479	0.04471134
9480	0.05675699
9481	0.06942967
9482	0.08206443
9483	0.09453464
9484	0.10734473
9485	0.11966889
9486	0.13215218
9487	0.14434746
9488	0.15655087
9489	0.16789234
9490	0.17931494
9491	0.19010876
9492	0.20057192
9493	0.21082717
9494	0.22092953
9495	0.23098581
9496	0.24102733
9497	0.25110316
9498	0.26129603
9499	0.27148125
9500	0.28200603
9501	0.29274052
9502	0.30374795
9503	0.31511143
9504	0.32679108
9505	0.33917707
9506	0.35052076
9507	0.36534244
9508	0.37861076
9509	0.39428166
9510	0.40886676
9511	0.42505142
9512	0.44205341
9513	0.45863864
9514	0.47879294
9515	0.49633306
9516	0.51630598
9517	0.53551215
9518	0.55473542
9519	0.57380402
9520	0.59223926
9521	0.60978818
9522	0.62671685
9523	0.64274049
9524	0.65828425
9525	0.67233169
9526	0.68496686
9527	0.69539118
9528	0.70348513
9529	0.70921135
9530	0.71264279
9531	0.71374828
9532	0.71238142
9533	0.70872211
9534	0.70279497
9535	0.69548994
9536	0.68697107
9537	0.67680264
9538	0.66273910
9539	0.64919955
9540	0.63509685
9541	0.61997801
9542	0.60441452
9543	0.58661795
9544	0.56896156
9545	0.55307502
9546	0.53845292
9547	0.52488089
9548	0.51155895
9549	0.49726719
9550	0.48182434
9551	0.46604058
9552	0.44900766
9553	0.43119398
9554	0.41255599
9555	0.39509302
9556	0.37669125
9557	0.35872290
9558	0.34085467
9559	0.32305539
9560	0.30521864
9561	0.28706169
9562	0.26995301
9563	0.25247720
9564	0.23546961
9565	0.21826348
9566	0.20100209
9567	0.18389180
9568	0.16710629
9569	0.15070428
9570	0.13421154
9571	0.11869369
9572	0.10364123
9573	0.08901677
9574	0.07483003
9575	0.06124220
9576	0.04822317
9577	0.03594184
9578	0.02422540
9579	0.01363756
9580	0.00366222
9581	-0.00535764
9582	-0.01340773
9583	-0.02052549
9584	-0.02636379
9585	-0.03247068
9586	-0.03767080
9587	-0.04205954
9588	-0.04675654
9589	-0.04992585
9590	-0.05313767
9591	-0.05600172
9592	-0.05933559
9593	-0.06265669
9594	-0.06585646
9595	-0.06678676
9596	-0.06703713
9597	-0.06602079
9598	-0.06367256
9599	-0.06006090
9600	-0.05529679
9601	-0.04948610
9602	-0.04266481
9603	-0.03500590
9604	-0.02658710
9605	-0.01769567
9606	-0.00805000
9607	0.00197459
9608	0.01245979
9609	0.02345582
9610	0.03494108
9611	0.04688746
9612	0.05908525
9613	0.07144568
9614	0.08379325
9615	0.09615227
9616	0.10822666
9617	0.12036193
9618	0.13263598
9619	0.14438109
9620	0.15560363
9621	0.16699141
9622	0.17786457
9623	0.18847457
9624	0.19888239
9625	0.20912516
9626	0.21917470
9627	0.22916293
9628	0.23903026
9629	0.24879555
9630	0.25852898
9631	0.26839769
9632	0.27862617
9633	0.28883424
9634	0.29920813
9635	0.30983692
9636	0.32095239
9637	0.33265090
9638	0.34465951
9639	0.35716140
9640	0.37045604
9641	0.38416812
9642	0.39757237
9643	0.41245744
9644	0.42735970
9645	0.44344255
9646	0.46084300
9647	0.47644600
9648	0.49485382
9649	0.51408368
9650	0.53190249
9651	0.54960173
9652	0.56699693
9653	0.58315420
9654	0.59982032
9655	0.61483938
9656	0.62881303
9657	0.64233786
9658	0.65449178
9659	0.66487247
9660	0.67337310
9661	0.67995018
9662	0.68398070
9663	0.68580568
9664	0.68535060
9665	0.68309796
9666	0.67853695
9667	0.67329717
9668	0.66521776
9669	0.65544140
9670	0.64210981
9671	0.62945968
9672	0.61562246
9673	0.60053933
9674	0.58439082
9675	0.56648898
9676	0.54852039
9677	0.53260046
9678	0.51846039
9679	0.50532442
9680	0.49157593
9681	0.47650453
9682	0.46071103
9683	0.44378579
9684	0.42672017
9685	0.40873665
9686	0.39106700
9687	0.37305456
9688	0.35500547
9689	0.33659813
9690	0.31857780
9691	0.30071592
9692	0.28285632
9693	0.26465201
9694	0.24747217
9695	0.22999513
9696	0.21289402
9697	0.19581129
9698	0.17865655
9699	0.16179544
9700	0.14519291
9701	0.12861605
9702	0.11261640
9703	0.09740058
9704	0.08292517
9705	0.06836243
9706	0.05467965
9707	0.04159853
9708	0.02968537
9709	0.01766975
9710	0.00720735
9711	-0.00260225
9712	-0.01149739
9713	-0.01930245
9714	-0.02637717
9715	-0.03266770
9716	-0.03832064
9717	-0.04396880
9718	-0.04916627
9719	-0.05387514
9720	-0.05821017
9721	-0.06308953
9722	-0.06805254
9723	-0.07371442
9724	-0.07809206
9725	-0.08308311
9726	-0.08513713
9727	-0.08577246
9728	-0.08529734
9729	-0.08348154
9730	-0.08032980
9731	-0.07589301
9732	-0.07039034
9733	-0.06388868
9734	-0.05660545
9735	-0.04863783
9736	-0.04006829
9737	-0.03107112
9738	-0.02150654
9739	-0.01128829
9740	-0.00062228
9741	0.01058954
9742	0.02232570
9743	0.03442564
9744	0.04687228
9745	0.05912767
9746	0.07158957
9747	0.08422626
9748	0.09685400
9749	0.10873989
9750	0.12065516
9751	0.13229558
9752	0.14365116
9753	0.15478705
9754	0.16507921
9755	0.17534660
9756	0.18558715
9757	0.19548611
9758	0.20517792
9759	0.21475901
9760	0.22430214
9761	0.23382017
9762	0.24338256
9763	0.25309145
9764	0.26327378
9765	0.27290466
9766	0.28353116
9767	0.29420874
9768	0.30589458
9769	0.31766135
9770	0.32959807
9771	0.34288466
9772	0.35617715
9773	0.37030980
9774	0.38513562
9775	0.39895231
9776	0.41448361
9777	0.43165576
9778	0.45000160
9779	0.46655598
9780	0.48505482
9781	0.50397795
9782	0.52365029
9783	0.54485196
9784	0.56362319
9785	0.58164716
9786	0.59933621
9787	0.61517400
9788	0.63157219
9789	0.64678645
9790	0.66050297
9791	0.67281848
9792	0.68244839
9793	0.68973798
9794	0.69483912
9795	0.69762892
9796	0.69812661
9797	0.69636995
9798	0.69235498
9799	0.68665922
9800	0.67938524
9801	0.67072612
9802	0.66056776
9803	0.64863485
9804	0.63537586
9805	0.62143230
9806	0.60488713
9807	0.58721179
9808	0.57038528
9809	0.55423135
9810	0.54001749
9811	0.52694780
9812	0.51380235
9813	0.49896398
9814	0.48286793
9815	0.46635267
9816	0.45006898
9817	0.43273804
9818	0.41511345
9819	0.39634806
9820	0.37764189
9821	0.35953900
9822	0.34149203
9823	0.32356620
9824	0.30580378
9825	0.28847739
9826	0.27022919
9827	0.25257784
9828	0.23543730
9829	0.21803853
9830	0.20094700
9831	0.18373202
9832	0.16674127
9833	0.14955476
9834	0.13311759
9835	0.11706579
9836	0.10185193
9837	0.08723568
9838	0.07313738
9839	0.05980769
9840	0.04713870
9841	0.03515396
9842	0.02439907
9843	0.01428251
9844	0.00480750
9845	-0.00331199
9846	-0.01030824
9847	-0.01699303
9848	-0.02324471
9849	-0.02876944
9850	-0.03483447
9851	-0.03991223
9852	-0.04407113
9853	-0.04943839
9854	-0.05482589
9855	-0.06012434
9856	-0.06492366
9857	-0.06868636
9858	-0.07196750
9859	-0.07267973
9860	-0.07217199
9861	-0.07018485
9862	-0.06687171
9863	-0.06234910
9864	-0.05665702
9865	-0.05004569
9866	-0.04256238
9867	-0.03435635
9868	-0.02556006
9869	-0.01623024
9870	-0.00644800
9871	0.00382885
9872	0.01462396
9873	0.02589762
9874	0.03792286
9875	0.05009604
9876	0.06284527
9877	0.07562957
9878	0.08838523
9879	0.10102746
9880	0.11419380
9881	0.12681155
9882	0.13891499
9883	0.15095194
9884	0.16262640
9885	0.17413856
9886	0.18492940
9887	0.19549333
9888	0.20585275
9889	0.21603031
9890	0.22603796
9891	0.23595609
9892	0.24581933
9893	0.25570622
9894	0.26558489
9895	0.27542341
9896	0.28586602
9897	0.29606432
9898	0.30710107
9899	0.31803575
9900	0.32966840
9901	0.34170535
9902	0.35303852
9903	0.36694622
9904	0.38159147
9905	0.39525530
9906	0.41057765
9907	0.42531359
9908	0.44239223
9909	0.45959964
9910	0.47744855
9911	0.49490091
9912	0.51364172
9913	0.53562367
9914	0.55443496
9915	0.57315564
9916	0.59009343
9917	0.60811770
9918	0.62447846
9919	0.64081413
9920	0.65598476
9921	0.66978317
9922	0.68250799
9923	0.69260460
9924	0.70056891
9925	0.70646888
9926	0.71015608
9927	0.71157277
9928	0.71076566
9929	0.70796371
9930	0.70284235
9931	0.69647914
9932	0.68808854
9933	0.67827618
9934	0.66764152
9935	0.65523249
9936	0.64149714
9937	0.62574291
9938	0.60747200
9939	0.58848530
9940	0.57166463
9941	0.55658334
9942	0.54309469
9943	0.53012717
9944	0.51625413
9945	0.50051516
9946	0.48395208
9947	0.46708786
9948	0.45063302
9949	0.43322766
9950	0.41554323
9951	0.39634892
9952	0.37838939
9953	0.36039764
9954	0.34246737
9955	0.32468930
9956	0.30768010
9957	0.28963107
9958	0.27195469
9959	0.25479794
9960	0.23747925
9961	0.22048393
9962	0.20358643
9963	0.18708239
9964	0.17086829
9965	0.15468732
9966	0.13903290
9967	0.12405794
9968	0.10952206
9969	0.09556911
9970	0.08229973
9971	0.06977113
9972	0.05791111
9973	0.04724409
9974	0.03681482
9975	0.02776043
9976	0.01968539
9977	0.01256317
9978	0.00636769
9979	0.00058607
9980	-0.00441158
9981	-0.00981143
9982	-0.01446303
9983	-0.01841326
9984	-0.02196601
9985	-0.02611346
9986	-0.03046099
9987	-0.03597350
9988	-0.03886778
9989	-0.04120367
9990	-0.04238688
9991	-0.04244925
9992	-0.04102019
9993	-0.03832804
9994	-0.03434251
9995	-0.02922994
9996	-0.02317948
9997	-0.01618810
9998	-0.00845233
9999	-0.00009471
10000	0.00885065
10001	0.01837471
10002	0.02841780
10003	0.03913376
10004	0.05042399
10005	0.06231314
10006	0.07470078
10007	0.08734965
10008	0.10013758
10009	0.11277103
10010	0.12545793
10011	0.13851206
10012	0.15088949
10013	0.16361713
10014	0.17559268
10015	0.18763109
10016	0.19911040
10017	0.21023537
10018	0.22106428
10019	0.23165667
10020	0.24200554
10021	0.25226253
10022	0.26238635
10023	0.27241895
10024	0.28241435
10025	0.29245889
10026	0.30240157
10027	0.31288555
10028	0.32321435
10029	0.33401883
10030	0.34524015
10031	0.35679957
10032	0.36918610
10033	0.38119286
10034	0.39451262
10035	0.40827867
10036	0.42249134
10037	0.43257546
10038	0.44720244
10039	0.46225059
10040	0.48399648
10041	0.50325334
10042	0.52157903
10043	0.53997773
10044	0.55862349
10045	0.57666713
10046	0.59645778
10047	0.61471635
10048	0.63277072
10049	0.65037227
10050	0.66759628
10051	0.68423104
10052	0.69823396
10053	0.71208531
10054	0.72444123
10055	0.73435569
10056	0.74241698
10057	0.74799722
10058	0.75142550
10059	0.75249869
10060	0.75132853
10061	0.74805593
10062	0.74312001
10063	0.73585701
10064	0.72725195
10065	0.71764904
10066	0.70571244
10067	0.69323307
10068	0.67969722
10069	0.66557521
10070	0.64854854
10071	0.63078105
10072	0.61425519
10073	0.59899980
10074	0.58603871
10075	0.57338887
10076	0.55964094
10077	0.54412603
10078	0.52768344
10079	0.51071328
10080	0.49351102
10081	0.47574729
10082	0.45873412
10083	0.43993428
10084	0.42196068
10085	0.40319470
10086	0.38531545
10087	0.36754051
10088	0.34958956
10089	0.33193508
10090	0.31446281
10091	0.29702923
10092	0.27981845
10093	0.26248226
10094	0.24549779
10095	0.22864345
10096	0.21180421
10097	0.19579467
10098	0.18002148
10099	0.16492096
10100	0.15031788
10101	0.13625090
10102	0.12281679
10103	0.11001626
10104	0.09786837
10105	0.08673906
10106	0.07591137
10107	0.06630648
10108	0.05787498
10109	0.04984384
10110	0.04277639
10111	0.03651569
10112	0.03030029
10113	0.02441888
10114	0.01892353
10115	0.01409107
10116	0.00974016
10117	0.00381008
10118	-0.00236537
10119	-0.00804069
10120	-0.01491159
10121	-0.01842767
10122	-0.02082794
10123	-0.02205286
10124	-0.02215640
10125	-0.02076234
10126	-0.01805987
10127	-0.01422197
10128	-0.00931940
10129	-0.00350058
10130	0.00316690
10131	0.01060190
10132	0.01870336
10133	0.02750389
10134	0.03680352
10135	0.04658334
10136	0.05710634
10137	0.06812281
10138	0.07961216
10139	0.09162619
10140	0.10390227
10141	0.11638264
10142	0.12916249
10143	0.14168356
10144	0.15407011
10145	0.16668200
10146	0.17903346
10147	0.19122112
10148	0.20316449
10149	0.21478595
10150	0.22611527
10151	0.23707597
10152	0.24772829
10153	0.25832275
10154	0.26874560
10155	0.27897844
10156	0.28907886
10157	0.29910231
10158	0.30901864
10159	0.31890175
10160	0.32898897
10161	0.33894333
10162	0.34881824
10163	0.35893095
10164	0.36961257
10165	0.38077781
10166	0.39242682
10167	0.40342826
10168	0.41751924
10169	0.43033141
10170	0.44549873
10171	0.45938262
10172	0.47426087
10173	0.48552409
10174	0.50941223
10175	0.52689278
10176	0.54406071
10177	0.56339610
10178	0.58210593
10179	0.60102564
10180	0.61997765
10181	0.63865942
10182	0.65631628
10183	0.67403907
10184	0.69115907
10185	0.70666623
10186	0.72081965
10187	0.73378068
10188	0.74471432
10189	0.75339419
10190	0.76005262
10191	0.76430476
10192	0.76608402
10193	0.76528007
10194	0.76229441
10195	0.75727177
10196	0.74931395
10197	0.73978394
10198	0.72766286
10199	0.71313101
10200	0.69685668
10201	0.67919165
10202	0.66031051
10203	0.64390570
10204	0.62925780
10205	0.61635345
10206	0.60349745
10207	0.58932805
10208	0.57373887
10209	0.55716097
10210	0.54025143
10211	0.52320576
10212	0.50592875
10213	0.48885661
10214	0.47090968
10215	0.45236787
10216	0.43393910
10217	0.41609198
10218	0.39834780
10219	0.38056105
10220	0.36291590
10221	0.34550124
10222	0.32808551
10223	0.31106868
10224	0.29406509
10225	0.27749881
10226	0.26067433
10227	0.24455047
10228	0.22878097
10229	0.21339227
10230	0.19852172
10231	0.18417105
10232	0.17051712
10233	0.15718351
10234	0.14452545
10235	0.13289407
10236	0.12155685
10237	0.11100334
10238	0.10112735
10239	0.09243541
10240	0.08472637
10241	0.07816044
10242	0.07229880
10243	0.06610791
10244	0.06048521
10245	0.05508235
10246	0.05009309
10247	0.04574814
10248	0.04094214
10249	0.03560196
10250	0.03030815
10251	0.02447611
10252	0.02113823
10253	0.01879134
10254	0.01749063
10255	0.01791776
10256	0.01944032
10257	0.02234651
10258	0.02643429
10259	0.03162516
10260	0.03779907
10261	0.04471048
10262	0.05233337
10263	0.06061715
10264	0.06946234
10265	0.07893462
10266	0.08904663
10267	0.09976099
10268	0.11107440
10269	0.12275501
10270	0.13515535
10271	0.14766288
10272	0.16026723
10273	0.17294599
10274	0.18556885
10275	0.19828932
10276	0.21083349
10277	0.22319739
10278	0.23531352
10279	0.24715096
10280	0.25859687
10281	0.26982698
10282	0.28076252
10283	0.29150471
10284	0.30203867
10285	0.31244847
10286	0.32269895
10287	0.33287972
10288	0.34298822
10289	0.35309610
10290	0.36313406
10291	0.37349290
10292	0.38399392
10293	0.39489123
10294	0.40608847
10295	0.41767025
10296	0.42962888
10297	0.44189221
10298	0.45545956
10299	0.46818325
10300	0.48357764
10301	0.49860218
10302	0.51317036
10303	0.53043401
10304	0.54797632
10305	0.56494874
10306	0.58282399
10307	0.60245460
10308	0.62143028
10309	0.64021689
10310	0.65982640
10311	0.67732698
10312	0.69781160
10313	0.71535099
10314	0.73216456
10315	0.74856782
10316	0.76351357
10317	0.77690291
10318	0.78889579
10319	0.79907298
10320	0.80723184
10321	0.81291860
10322	0.81677181
10323	0.81813502
10324	0.81732565
10325	0.81452632
10326	0.80996978
10327	0.80343390
10328	0.79483384
10329	0.78547436
10330	0.77286500
10331	0.75990611
10332	0.74641484
10333	0.73081619
10334	0.71336329
10335	0.69503379
10336	0.67927414
10337	0.66464144
10338	0.65154630
10339	0.63799077
10340	0.62284946
10341	0.60634911
10342	0.58969665
10343	0.57287639
10344	0.55574244
10345	0.53809673
10346	0.51997077
10347	0.50172180
10348	0.48385695
10349	0.46633813
10350	0.44844788
10351	0.42994484
10352	0.41178939
10353	0.39430296
10354	0.37673327
10355	0.35962725
10356	0.34225419
10357	0.32523474
10358	0.30820975
10359	0.29117721
10360	0.27501059
10361	0.25891915
10362	0.24356583
10363	0.22881857
10364	0.21448879
10365	0.20081159
10366	0.18760552
10367	0.17510825
10368	0.16320324
10369	0.15236212
10370	0.14195919
10371	0.13243510
10372	0.12389532
10373	0.11606638
10374	0.10917270
10375	0.10229865
10376	0.09609698
10377	0.09033531
10378	0.08501256
10379	0.08128587
10380	0.07717534
10381	0.07164472
10382	0.06635304
10383	0.06127698
10384	0.05620128
10385	0.05293055
10386	0.05105026
10387	0.04996334
10388	0.05030062
10389	0.05191489
10390	0.05479045
10391	0.05876361
10392	0.06361526
10393	0.06933238
10394	0.07576133
10395	0.08282004
10396	0.09051070
10397	0.09870128
10398	0.10763320
10399	0.11683350
10400	0.12679349
10401	0.13744010
10402	0.14856176
10403	0.16016142
10404	0.17188925
10405	0.18412760
10406	0.19599228
10407	0.20830195
10408	0.22035515
10409	0.23257236
10410	0.24441580
10411	0.25577822
10412	0.26706338
10413	0.27802485
10414	0.28866941
10415	0.29900160
10416	0.30909741
10417	0.31907776
10418	0.32885945
10419	0.33845180
10420	0.34797770
10421	0.35743073
10422	0.36682993
10423	0.37615150
10424	0.38569424
10425	0.39559567
10426	0.40583053
10427	0.41637707
10428	0.42739311
10429	0.43880811
10430	0.44963267
10431	0.46379739
10432	0.47270858
10433	0.48625121
10434	0.50057811
10435	0.51793802
10436	0.53586358
10437	0.55321121
10438	0.57035697
10439	0.58803946
10440	0.60619253
10441	0.62461770
10442	0.64331514
10443	0.66184020
10444	0.68026096
10445	0.69766927
10446	0.71402919
10447	0.73043501
10448	0.74503654
10449	0.75903976
10450	0.77184147
10451	0.78224248
10452	0.79106158
10453	0.79746073
10454	0.80153781
10455	0.80342460
10456	0.80305362
10457	0.80032414
10458	0.79590660
10459	0.78932184
10460	0.78076774
10461	0.77142155
10462	0.76023453
10463	0.74733359
10464	0.73434091
10465	0.71900237
10466	0.70135182
10467	0.68334931
10468	0.66667157
10469	0.65083402
10470	0.63684624
10471	0.62386966
10472	0.61053163
10473	0.59518152
10474	0.57897538
10475	0.56177688
10476	0.54471582
10477	0.52735215
10478	0.50963622
10479	0.49127898
10480	0.47326556
10481	0.45576635
10482	0.43777597
10483	0.41996998
10484	0.40137145
10485	0.38375223
10486	0.36581749
10487	0.34826198
10488	0.33149636
10489	0.31383604
10490	0.29658622
10491	0.27954036
10492	0.26280874
10493	0.24623929
10494	0.22992484
10495	0.21443360
10496	0.19943820
10497	0.18495533
10498	0.17106099
10499	0.15779939
10500	0.14527890
10501	0.13341150
10502	0.12244477
10503	0.11221636
10504	0.10304996
10505	0.09487508
10506	0.08755082
10507	0.08110642
10508	0.07477207
10509	0.06859615
10510	0.06303876
10511	0.05716850
10512	0.05234964
10513	0.04759951
10514	0.04164849
10515	0.03607384
10516	0.03104460
10517	0.02620052
10518	0.02395377
10519	0.02311784
10520	0.02342735
10521	0.02519472
10522	0.02840080
10523	0.03295992
10524	0.03867430
10525	0.04540009
10526	0.05303260
10527	0.06141195
10528	0.07047421
10529	0.08010188
10530	0.09028356
10531	0.10101863
10532	0.11232402
10533	0.12419578
10534	0.13655037
10535	0.14902127
10536	0.16197851
10537	0.17483598
10538	0.18770674
10539	0.20069472
10540	0.21348609
10541	0.22607157
10542	0.23839693
10543	0.25042355
10544	0.26202935
10545	0.27319366
10546	0.28412107
10547	0.29471406
10548	0.30511695
10549	0.31533054
10550	0.32547894
10551	0.33549121
10552	0.34550071
10553	0.35556445
10554	0.36565197
10555	0.37576091
10556	0.38632822
10557	0.39714026
10558	0.40835142
10559	0.41995466
10560	0.43199500
10561	0.44500721
10562	0.45809561
10563	0.47184792
10564	0.48655018
10565	0.50178033
10566	0.51650691
10567	0.53396022
10568	0.55113411
10569	0.56896502
10570	0.58663225
10571	0.60584366
10572	0.62591231
10573	0.64526743
10574	0.66457438
10575	0.68368810
10576	0.70193368
10577	0.72043359
10578	0.73734218
10579	0.75266123
10580	0.76770335
10581	0.78072238
10582	0.79226935
10583	0.80178702
10584	0.80866975
10585	0.81340486
10586	0.81569690
10587	0.81564355
10588	0.81344110
10589	0.80918914
10590	0.80334353
10591	0.79511464
10592	0.78572601
10593	0.77458018
10594	0.76244617
10595	0.74969488
10596	0.73568118
10597	0.71991432
10598	0.70151109
10599	0.68457842
10600	0.66854233
10601	0.65396386
10602	0.64053857
10603	0.62688553
10604	0.61149943
10605	0.59519774
10606	0.57841849
10607	0.56145430
10608	0.54400486
10609	0.52627683
10610	0.50821209
10611	0.49000233
10612	0.47252232
10613	0.45445538
10614	0.43618855
10615	0.41773680
10616	0.39997703
10617	0.38224924
10618	0.36474350
10619	0.34751558
10620	0.32997367
10621	0.31271371
10622	0.29549673
10623	0.27867466
10624	0.26214695
10625	0.24545445
10626	0.22973248
10627	0.21449877
10628	0.19968311
10629	0.18549949
10630	0.17200550
10631	0.15916167
10632	0.14704370
10633	0.13578846
10634	0.12577733
10635	0.11648006
10636	0.10805620
10637	0.10064078
10638	0.09375156
10639	0.08740029
10640	0.08106044
10641	0.07552370
10642	0.06952143
10643	0.06448356
10644	0.05901856
10645	0.05370829
10646	0.04758383
10647	0.04263481
10648	0.03771042
10649	0.03596914
10650	0.03505983
10651	0.03567278
10652	0.03747789
10653	0.04059179
10654	0.04492887
10655	0.05034880
10656	0.05667019
10657	0.06375897
10658	0.07146738
10659	0.07974067
10660	0.08839867
10661	0.09761857
10662	0.10745451
10663	0.11771580
10664	0.12841827
10665	0.13966589
10666	0.15133169
10667	0.16301164
10668	0.17535554
10669	0.18745749
10670	0.19942017
10671	0.21182075
10672	0.22367047
10673	0.23533554
10674	0.24672569
10675	0.25768068
10676	0.26842120
10677	0.27879050
10678	0.28887051
10679	0.29870912
10680	0.30838150
10681	0.31793079
10682	0.32739341
10683	0.33681852
10684	0.34624988
10685	0.35573760
10686	0.36519179
10687	0.37500569
10688	0.38502622
10689	0.39541295
10690	0.40616649
10691	0.41738766
10692	0.42903161
10693	0.44010660
10694	0.45454010
10695	0.46818039
10696	0.48235613
10697	0.49675176
10698	0.51206928
10699	0.52835071
10700	0.54504663
10701	0.56128931
10702	0.57934493
10703	0.59745675
10704	0.61547589
10705	0.63344032
10706	0.65044272
10707	0.66792786
10708	0.68575752
10709	0.69999272
10710	0.71510452
10711	0.72945613
10712	0.74172157
10713	0.75290692
10714	0.76167524
10715	0.76864117
10716	0.77326357
10717	0.77572876
10718	0.77588409
10719	0.77389836
10720	0.76947325
10721	0.76358491
10722	0.75579464
10723	0.74631900
10724	0.73505718
10725	0.72270387
10726	0.70905519
10727	0.69535971
10728	0.68122083
10729	0.66690212
10730	0.64982539
10731	0.63263214
10732	0.61581475
10733	0.59994239
10734	0.58628207
10735	0.57290053
10736	0.55892700
10737	0.54369575
10738	0.52754796
10739	0.51062220
10740	0.49327141
10741	0.47499895
10742	0.45726264
10743	0.43854731
10744	0.42043847
10745	0.40205914
10746	0.38412178
10747	0.36613619
10748	0.34831697
10749	0.33054230
10750	0.31295598
10751	0.29583070
10752	0.27843255
10753	0.26113361
10754	0.24389231
10755	0.22692552
10756	0.21041653
10757	0.19386192
10758	0.17834418
10759	0.16332130
10760	0.14877577
10761	0.13482888
10762	0.12148950
10763	0.10882802
10764	0.09690773
10765	0.08607750
10766	0.07551688
10767	0.06623934
10768	0.05829320
10769	0.05063876
10770	0.04392366
10771	0.03791238
10772	0.03232395
10773	0.02620860
10774	0.02127255
10775	0.01620974
10776	0.01160997
10777	0.00657657
10778	0.00182546
10779	-0.00328664
10780	-0.00800076
10781	-0.00996399
10782	-0.01085601
10783	-0.01025273
10784	-0.00837202
10785	-0.00508286
10786	-0.00053424
10787	0.00509688
10788	0.01175955
10789	0.01929080
10790	0.02753684
10791	0.03644943
10792	0.04599403
10793	0.05606854
10794	0.06672335
10795	0.07780606
10796	0.08967153
10797	0.10184115
10798	0.11406208
10799	0.12660109
10800	0.13925138
10801	0.15176688
10802	0.16417490
10803	0.17668454
10804	0.18923098
10805	0.20132945
10806	0.21312463
10807	0.22457062
10808	0.23570199
10809	0.24648133
10810	0.25700372
10811	0.26728776
10812	0.27734017
10813	0.28729692
10814	0.29715955
10815	0.30696467
10816	0.31681672
10817	0.32660028
10818	0.33683833
10819	0.34697697
10820	0.35755220
10821	0.36842555
10822	0.37975636
10823	0.39151475
10824	0.40252852
10825	0.41685718
10826	0.43026459
10827	0.44455081
10828	0.45922866
10829	0.47450361
10830	0.49054301
10831	0.50794888
10832	0.52483070
10833	0.54191750
10834	0.56168538
10835	0.58047390
10836	0.59942490
10837	0.61815339
10838	0.63667035
10839	0.65491533
10840	0.67123342
10841	0.68792880
10842	0.70298320
10843	0.71703947
10844	0.72943902
10845	0.73984468
10846	0.74798942
10847	0.75379384
10848	0.75727814
10849	0.75836706
10850	0.75703692
10851	0.75331926
10852	0.74741042
10853	0.73929513
10854	0.72943997
10855	0.71672577
10856	0.70326936
10857	0.68768919
10858	0.66964048
10859	0.65092945
10860	0.63364869
10861	0.61802065
10862	0.60478961
10863	0.59210521
10864	0.57848096
10865	0.56346953
10866	0.54708421
10867	0.53013188
10868	0.51294100
10869	0.49566153
10870	0.47847232
10871	0.46075073
10872	0.44268259
10873	0.42307231
10874	0.40527198
10875	0.38754615
10876	0.36987191
10877	0.35220855
10878	0.33477557
10879	0.31733108
10880	0.29990071
10881	0.28290299
10882	0.26598653
10883	0.24923256
10884	0.23234072
10885	0.21612068
10886	0.20007877
10887	0.18460481
10888	0.16954277
10889	0.15500113
10890	0.14102234
10891	0.12753442
10892	0.11472416
10893	0.10303890
10894	0.09160355
10895	0.08111428
10896	0.07142790
10897	0.06290401
10898	0.05538680
10899	0.04869068
10900	0.04280885
10901	0.03707168
10902	0.03158079
10903	0.02642895
10904	0.02198930
10905	0.01795430
10906	0.01340197
10907	0.00830948
10908	0.00320608
10909	-0.00177478
10910	-0.00457914
10911	-0.00646322
10912	-0.00700373
10913	-0.00618359
10914	-0.00365829
10915	0.00028894
10916	0.00553952
10917	0.01187770
10918	0.01908212
10919	0.02707162
10920	0.03576142
10921	0.04498859
10922	0.05482103
10923	0.06502777
10924	0.07605711
10925	0.08756265
10926	0.09948402
10927	0.11192109
10928	0.12443706
10929	0.13740321
10930	0.15027951
10931	0.16279508
10932	0.17583254
10933	0.18879181
10934	0.20136100
10935	0.21368532
10936	0.22569858
10937	0.23742269
10938	0.24886945
10939	0.26004264
10940	0.27102157
10941	0.28185540
10942	0.29257390
10943	0.30316427
10944	0.31375921
10945	0.32432634
10946	0.33480564
10947	0.34561610
10948	0.35660896
10949	0.36801177
10950	0.37979984
10951	0.39210489
10952	0.40541044
10953	0.41722843
10954	0.43202931
10955	0.44682735
10956	0.46336266
10957	0.47847822
10958	0.49448651
10959	0.51288676
10960	0.53221351
10961	0.55011618
10962	0.56993234
10963	0.58951300
10964	0.60940623
10965	0.62912959
10966	0.64913636
10967	0.66685933
10968	0.68790781
10969	0.70456278
10970	0.72200298
10971	0.73795295
10972	0.75325096
10973	0.76662380
10974	0.77805007
10975	0.78727287
10976	0.79450607
10977	0.79953080
10978	0.80220473
10979	0.80269927
10980	0.80071467
10981	0.79729265
10982	0.79187858
10983	0.78421003
10984	0.77541792
10985	0.76455468
10986	0.75278300
10987	0.74055189
10988	0.72636741
10989	0.71173328
10990	0.69401717
10991	0.67684144
10992	0.66019356
10993	0.64529413
10994	0.63200438
10995	0.61916244
10996	0.60485840
10997	0.58947939
10998	0.57297426
10999	0.55612427
11000	0.53873426
11001	0.52119482
11002	0.50325871
11003	0.48537329
11004	0.46749738
11005	0.44942814
11006	0.43154091
11007	0.41289276
11008	0.39523846
11009	0.37737501
11010	0.36048806
11011	0.34325898
11012	0.32625732
11013	0.30923733
11014	0.29222351
11015	0.27560940
11016	0.25890502
11017	0.24298622
11018	0.22715566
11019	0.21198408
11020	0.19725297
11021	0.18311228
11022	0.16943237
11023	0.15640250
11024	0.14392583
11025	0.13260733
11026	0.12165035
11027	0.11137075
11028	0.10237160
11029	0.09441848
11030	0.08737748
11031	0.08144747
11032	0.07571988
11033	0.07043365
11034	0.06532475
11035	0.06058265
11036	0.05669417
11037	0.05313080
11038	0.04918046
11039	0.04423537
11040	0.04079375
11041	0.03824887
11042	0.03705527
11043	0.03687497
11044	0.03826247
11045	0.04100239
11046	0.04514064
11047	0.05047314
11048	0.05691785
11049	0.06430941
11050	0.07246602
11051	0.08136689
11052	0.09083015
11053	0.10072016
11054	0.11134461
11055	0.12245066
11056	0.13385624
11057	0.14605938
11058	0.15843487
11059	0.17092414
11060	0.18337385
11061	0.19605736
11062	0.20874086
11063	0.22159687
11064	0.23413572
11065	0.24650189
11066	0.25855643
11067	0.27024350
11068	0.28162435
11069	0.29261127
11070	0.30328023
11071	0.31372935
11072	0.32400629
11073	0.33416015
11074	0.34424937
11075	0.35427374
11076	0.36411083
11077	0.37420970
11078	0.38436672
11079	0.39482197
11080	0.40554690
11081	0.41659623
11082	0.42803350
11083	0.44038951
11084	0.45235252
11085	0.46570969
11086	0.47916326
11087	0.49336228
11088	0.50815284
11089	0.52216429
11090	0.53791845
11091	0.55635041
11092	0.57296354
11093	0.59038281
11094	0.60840195
11095	0.62763560
11096	0.64664525
11097	0.66532201
11098	0.68381137
11099	0.70176196
11100	0.71883279
11101	0.73570156
11102	0.75107419
11103	0.76581359
11104	0.77871954
11105	0.79046154
11106	0.79987168
11107	0.80714750
11108	0.81193900
11109	0.81439817
11110	0.81462580
11111	0.81254274
11112	0.80822462
11113	0.80212259
11114	0.79508883
11115	0.78587103
11116	0.77505791
11117	0.76313967
11118	0.74950391
11119	0.73599404
11120	0.72019982
11121	0.70227069
11122	0.68511021
11123	0.66946465
11124	0.65520048
11125	0.64203298
11126	0.62840348
11127	0.61351109
11128	0.59690887
11129	0.58020610
11130	0.56313396
11131	0.54563636
11132	0.52779418
11133	0.50982636
11134	0.49181882
11135	0.47358242
11136	0.45557332
11137	0.43762118
11138	0.41973379
11139	0.40211526
11140	0.38415807
11141	0.36657697
11142	0.34947523
11143	0.33207202
11144	0.31503680
11145	0.29798532
11146	0.28127718
11147	0.26446733
11148	0.24837725
11149	0.23299287
11150	0.21815942
11151	0.20380524
11152	0.19001098
11153	0.17704001
11154	0.16458541
11155	0.15330280
11156	0.14219186
11157	0.13223360
11158	0.12330182
11159	0.11526332
11160	0.10801947
11161	0.10175138
11162	0.09544829
11163	0.08944041
11164	0.08371417
11165	0.07850971
11166	0.07381458
11167	0.06862808
11168	0.06311712
11169	0.05775265
11170	0.05238948
11171	0.04927609
11172	0.04721022
11173	0.04631017
11174	0.04702724
11175	0.04877737
11176	0.05201913
11177	0.05631766
11178	0.06153571
11179	0.06754820
11180	0.07444868
11181	0.08201345
11182	0.09022339
11183	0.09898336
11184	0.10839763
11185	0.11833229
11186	0.12888205
11187	0.14001788
11188	0.15165246
11189	0.16354552
11190	0.17601679
11191	0.18849777
11192	0.20086348
11193	0.21334139
11194	0.22559813
11195	0.23770903
11196	0.24956670
11197	0.26120558
11198	0.27250442
11199	0.28348827
11200	0.29415205
11201	0.30457851
11202	0.31481341
11203	0.32496095
11204	0.33498314
11205	0.34495434
11206	0.35493642
11207	0.36482835
11208	0.37489495
11209	0.38513726
11210	0.39550692
11211	0.40622646
11212	0.41731620
11213	0.42877886
11214	0.44066381
11215	0.45324478
11216	0.46668440
11217	0.48019898
11218	0.49464282
11219	0.50963503
11220	0.52411610
11221	0.54068154
11222	0.55690306
11223	0.57547700
11224	0.59312934
11225	0.61243123
11226	0.63115424
11227	0.65015239
11228	0.66908431
11229	0.68784028
11230	0.70597053
11231	0.72321928
11232	0.73892176
11233	0.75526446
11234	0.76997328
11235	0.78285789
11236	0.79455870
11237	0.80372190
11238	0.81087250
11239	0.81553608
11240	0.81791592
11241	0.81787151
11242	0.81545651
11243	0.81101936
11244	0.80431283
11245	0.79638994
11246	0.78639114
11247	0.77486318
11248	0.76146281
11249	0.74762654
11250	0.73225290
11251	0.71521163
11252	0.69738847
11253	0.68112600
11254	0.66695720
11255	0.65353864
11256	0.64062601
11257	0.62659526
11258	0.61122751
11259	0.59347808
11260	0.57623011
11261	0.55895144
11262	0.54145116
11263	0.52365184
11264	0.50562745
11265	0.48735720
11266	0.46994510
11267	0.45141408
11268	0.43355748
11269	0.41523960
11270	0.39764524
11271	0.38005495
11272	0.36257088
11273	0.34543762
11274	0.32817808
11275	0.31086117
11276	0.29387149
11277	0.27723509
11278	0.26035559
11279	0.24444211
11280	0.22890556
11281	0.21383487
11282	0.19926676
11283	0.18523970
11284	0.17194785
11285	0.15914939
11286	0.14708191
11287	0.13604400
11288	0.12528628
11289	0.11571355
11290	0.10710323
11291	0.09939285
11292	0.09272040
11293	0.08635526
11294	0.08041217
11295	0.07488628
11296	0.06962300
11297	0.06488899
11298	0.06068760
11299	0.05593926
11300	0.05137569
11301	0.04626556
11302	0.04149877
11303	0.03895292
11304	0.03762424
11305	0.03778783
11306	0.03923546
11307	0.04202446
11308	0.04616550
11309	0.05149635
11310	0.05775588
11311	0.06501205
11312	0.07294323
11313	0.08144145
11314	0.09049725
11315	0.10013962
11316	0.11030766
11317	0.12108381
11318	0.13245055
11319	0.14437465
11320	0.15647796
11321	0.16914280
11322	0.18176311
11323	0.19431768
11324	0.20680502
11325	0.21926267
11326	0.23149210
11327	0.24349761
11328	0.25533062
11329	0.26683837
11330	0.27811813
11331	0.28911361
11332	0.29992741
11333	0.31054145
11334	0.32100078
11335	0.33138585
11336	0.34160885
11337	0.35187030
11338	0.36210078
11339	0.37242854
11340	0.38277984
11341	0.39347672
11342	0.40454090
11343	0.41597131
11344	0.42772987
11345	0.44002008
11346	0.45278960
11347	0.46659425
11348	0.48064324
11349	0.49544373
11350	0.51069546
11351	0.52559543
11352	0.54310602
11353	0.56093711
11354	0.57821709
11355	0.59656221
11356	0.61631089
11357	0.63549888
11358	0.65484822
11359	0.67408752
11360	0.69287497
11361	0.71069539
11362	0.72763652
11363	0.74387598
11364	0.75918663
11365	0.77295458
11366	0.78492141
11367	0.79485977
11368	0.80240905
11369	0.80780619
11370	0.81084305
11371	0.81138551
11372	0.80993152
11373	0.80620396
11374	0.80066210
11375	0.79296774
11376	0.78325331
11377	0.77201694
11378	0.75994074
11379	0.74728835
11380	0.73314667
11381	0.71904165
11382	0.70465577
11383	0.68858957
11384	0.67156476
11385	0.65469885
11386	0.63861966
11387	0.62410772
11388	0.61104929
11389	0.59636748
11390	0.58131832
11391	0.56513286
11392	0.54831272
11393	0.53117150
11394	0.51377225
11395	0.49605376
11396	0.47762161
11397	0.46016076
11398	0.44194993
11399	0.42400473
11400	0.40580723
11401	0.38813379
11402	0.37056157
11403	0.35300589
11404	0.33587122
11405	0.31869817
11406	0.30122820
11407	0.28391233
11408	0.26695627
11409	0.25008366
11410	0.23351322
11411	0.21769564
11412	0.20233160
11413	0.18747272
11414	0.17307967
11415	0.15921222
11416	0.14609967
11417	0.13359688
11418	0.12174208
11419	0.11108505
11420	0.10064703
11421	0.09144655
11422	0.08325528
11423	0.07592016
11424	0.07003637
11425	0.06354726
11426	0.05827888
11427	0.05262307
11428	0.04812037
11429	0.04357881
11430	0.04033152
11431	0.03607976
11432	0.03219712
11433	0.02767734
11434	0.02555527
11435	0.02416945
11436	0.02369422
11437	0.02463523
11438	0.02678655
11439	0.03020466
11440	0.03468561
11441	0.04022488
11442	0.04657201
11443	0.05388548
11444	0.06184276
11445	0.07038684
11446	0.07957898
11447	0.08932044
11448	0.09946880
11449	0.11049840
11450	0.12203775
11451	0.13381359
11452	0.14616138
11453	0.15846984
11454	0.17057712
11455	0.18300647
11456	0.19513297
11457	0.20716865
11458	0.21899968
11459	0.23055322
11460	0.24178374
11461	0.25274912
11462	0.26348105
11463	0.27394676
11464	0.28431448
11465	0.29449004
11466	0.30456486
11467	0.31453809
11468	0.32444447
11469	0.33433640
11470	0.34408993
11471	0.35404584
11472	0.36416852
11473	0.37451246
11474	0.38523293
11475	0.39630359
11476	0.40796739
11477	0.41995275
11478	0.43252519
11479	0.44534141
11480	0.45900655
11481	0.47327855
11482	0.48706517
11483	0.50282860
11484	0.51818585
11485	0.53603333
11486	0.55271345
11487	0.57183123
11488	0.58984447
11489	0.60829633
11490	0.62650847
11491	0.64464706
11492	0.66154045
11493	0.67873985
11494	0.69477057
11495	0.70977473
11496	0.72358167
11497	0.73630017
11498	0.74755156
11499	0.75640690
11500	0.76351362
11501	0.76809406
11502	0.77042264
11503	0.77055025
11504	0.76816803
11505	0.76395631
11506	0.75758076
11507	0.74945492
11508	0.73905021
11509	0.72746062
11510	0.71471983
11511	0.70128816
11512	0.68715805
11513	0.66870153
11514	0.64979190
11515	0.63272917
11516	0.61718047
11517	0.60350549
11518	0.59050667
11519	0.57681817
11520	0.56186634
11521	0.54580879
11522	0.52895415
11523	0.51177788
11524	0.49438015
11525	0.47735536
11526	0.45876428
11527	0.44067568
11528	0.42196354
11529	0.40378091
11530	0.38595289
11531	0.36819002
11532	0.35007864
11533	0.33294538
11534	0.31551853
11535	0.29848525
11536	0.28143632
11537	0.26437214
11538	0.24759366
11539	0.23100591
11540	0.21438152
11541	0.19825159
11542	0.18278201
11543	0.16772962
11544	0.15316829
11545	0.13919851
11546	0.12569024
11547	0.11278116
11548	0.10057772
11549	0.08951452
11550	0.07889795
11551	0.06906085
11552	0.06046807
11553	0.05287040
11554	0.04631510
11555	0.04004237
11556	0.03415244
11557	0.02844211
11558	0.02287435
11559	0.01784953
11560	0.01349978
11561	0.00868500
11562	0.00408519
11563	-0.00115995
11564	-0.00577787
11565	-0.00803004
11566	-0.00958776
11567	-0.00984471
11568	-0.00846871
11569	-0.00565515
11570	-0.00159498
11571	0.00371886
11572	0.01007386
11573	0.01733059
11574	0.02536956
11575	0.03404658
11576	0.04336691
11577	0.05319240
11578	0.06359985
11579	0.07455184
11580	0.08599281
11581	0.09799250
11582	0.11031811
11583	0.12284821
11584	0.13529345
11585	0.14775176
11586	0.16089085
11587	0.17353767
11588	0.18606320
11589	0.19834606
11590	0.21037965
11591	0.22205783
11592	0.23342595
11593	0.24445194
11594	0.25514585
11595	0.26561731
11596	0.27589014
11597	0.28603336
11598	0.29604155
11599	0.30601025
11600	0.31600496
11601	0.32606483
11602	0.33632943
11603	0.34648529
11604	0.35714859
11605	0.36821824
11606	0.37963316
11607	0.39185789
11608	0.40380564
11609	0.41697508
11610	0.43046403
11611	0.44468763
11612	0.45835450
11613	0.47384545
11614	0.49089232
11615	0.50834471
11616	0.52459210
11617	0.54370606
11618	0.56212664
11619	0.58071804
11620	0.59953880
11621	0.61820507
11622	0.63662410
11623	0.65469569
11624	0.67083549
11625	0.68718153
11626	0.70236772
11627	0.71672720
11628	0.72960061
11629	0.74067026
11630	0.74981916
11631	0.75651073
11632	0.76096785
11633	0.76293045
11634	0.76293653
11635	0.76054925
11636	0.75586742
11637	0.74977654
11638	0.74119657
11639	0.73185956
11640	0.72062862
11641	0.70819736
11642	0.69422704
11643	0.68024135
11644	0.66536778
11645	0.64808547
11646	0.63032258
11647	0.61666912
11648	0.59932131
11649	0.58609015
11650	0.57273000
11651	0.55810493
11652	0.54218531
11653	0.52535337
11654	0.50832772
11655	0.49034795
11656	0.47268078
11657	0.45505783
11658	0.43719926
11659	0.41860917
11660	0.40044245
11661	0.38255134
11662	0.36471686
11663	0.34686175
11664	0.32919744
11665	0.31154457
11666	0.29399961
11667	0.27671576
11668	0.25953299
11669	0.24239767
11670	0.22564214
11671	0.20876224
11672	0.19272152
11673	0.17689304
11674	0.16174591
11675	0.14709826
11676	0.13306472
11677	0.11968693
11678	0.10704312
11679	0.09506580
11680	0.08435774
11681	0.07337835
11682	0.06381502
11683	0.05522338
11684	0.04751404
11685	0.04054474
11686	0.03489402
11687	0.02838687
11688	0.02263667
11689	0.01763856
11690	0.01239909
11691	0.00791966
11692	0.00278511
11693	-0.00260851
11694	-0.00798390
11695	-0.01356267
11696	-0.01679767
11697	-0.01921067
11698	-0.02077562
11699	-0.02089580
11700	-0.01933098
11701	-0.01640867
11702	-0.01218168
11703	-0.00684911
11704	-0.00054663
11705	0.00652554
11706	0.01432894
11707	0.02280867
11708	0.03184260
11709	0.04142458
11710	0.05140534
11711	0.06231439
11712	0.07371420
11713	0.08567674
11714	0.09811650
11715	0.11069342
11716	0.12338704
11717	0.13606989
11718	0.14920948
11719	0.16192110
11720	0.17456283
11721	0.18698554
11722	0.19917880
11723	0.21100079
11724	0.22236386
11725	0.23351732
11726	0.24438475
11727	0.25495374
11728	0.26532558
11729	0.27557802
11730	0.28569853
11731	0.29572180
11732	0.30577317
11733	0.31579936
11734	0.32586768
11735	0.33610788
11736	0.34634823
11737	0.35704336
11738	0.36812025
11739	0.37960899
11740	0.39149874
11741	0.40396851
11742	0.41749653
11743	0.43102300
11744	0.44435295
11745	0.45933428
11746	0.47416580
11747	0.49269137
11748	0.51055104
11749	0.52850866
11750	0.54695606
11751	0.56587732
11752	0.58518285
11753	0.60463142
11754	0.62390852
11755	0.64287931
11756	0.65949994
11757	0.67836088
11758	0.69456249
11759	0.70984846
11760	0.72427517
11761	0.73733383
11762	0.74773335
11763	0.75632524
11764	0.76261771
11765	0.76653677
11766	0.76811802
11767	0.76739585
11768	0.76449603
11769	0.75957716
11770	0.75285196
11771	0.74448931
11772	0.73415256
11773	0.72310829
11774	0.71057391
11775	0.69679755
11776	0.68256652
11777	0.66520393
11778	0.64737600
11779	0.63030171
11780	0.61457497
11781	0.60112864
11782	0.58856046
11783	0.57532483
11784	0.56114376
11785	0.54494053
11786	0.52821052
11787	0.51104927
11788	0.49312782
11789	0.47555152
11790	0.45716408
11791	0.43841827
11792	0.42011160
11793	0.40198112
11794	0.38387528
11795	0.36618364
11796	0.34813306
11797	0.33112705
11798	0.31382120
11799	0.29682541
11800	0.27999580
11801	0.26284423
11802	0.24618389
11803	0.22978640
11804	0.21314839
11805	0.19741394
11806	0.18198799
11807	0.16698566
11808	0.15244959
11809	0.13854356
11810	0.12514943
11811	0.11228931
11812	0.10050855
11813	0.08904338
11814	0.07834585
11815	0.06837117
11816	0.05966602
11817	0.05190621
11818	0.04529360
11819	0.03904000
11820	0.03358232
11821	0.02756367
11822	0.02249322
11823	0.01707622
11824	0.01268299
11825	0.00772466
11826	0.00239580
11827	-0.00287996
11828	-0.00818847
11829	-0.01160584
11830	-0.01365083
11831	-0.01413059
11832	-0.01344440
11833	-0.01170670
11834	-0.00845145
11835	-0.00393248
11836	0.00165739
11837	0.00808774
11838	0.01531149
11839	0.02320719
11840	0.03186448
11841	0.04109090
11842	0.05104400
11843	0.06163147
11844	0.07287852
11845	0.08467498
11846	0.09690257
11847	0.10916184
11848	0.12188289
11849	0.13421300
11850	0.14667675
11851	0.15949653
11852	0.17226367
11853	0.18467182
11854	0.19683667
11855	0.20868373
11856	0.22024998
11857	0.23153685
11858	0.24253808
11859	0.25333542
11860	0.26392466
11861	0.27437407
11862	0.28465357
11863	0.29488468
11864	0.30505729
11865	0.31527260
11866	0.32538214
11867	0.33583000
11868	0.34657073
11869	0.35762995
11870	0.36895916
11871	0.38109440
11872	0.39329782
11873	0.40598115
11874	0.41915479
11875	0.43292916
11876	0.44735721
11877	0.46118444
11878	0.47587073
11879	0.49269444
11880	0.51072162
11881	0.52846909
11882	0.54742759
11883	0.56580240
11884	0.58459526
11885	0.60250062
11886	0.62217861
11887	0.64054441
11888	0.65636796
11889	0.67481530
11890	0.69169164
11891	0.70636392
11892	0.72032970
11893	0.73268044
11894	0.74298370
11895	0.75127017
11896	0.75712872
11897	0.76054186
11898	0.76172662
11899	0.76082283
11900	0.75772554
11901	0.75276446
11902	0.74571681
11903	0.73782218
11904	0.72746944
11905	0.71601743
11906	0.70338798
11907	0.68963146
11908	0.67456788
11909	0.65757114
11910	0.64036077
11911	0.62363720
11912	0.60908610
11913	0.59546131
11914	0.58245784
11915	0.56838650
11916	0.55287403
11917	0.53640819
11918	0.51942056
11919	0.50198781
11920	0.48426801
11921	0.46683124
11922	0.44720015
11923	0.42885512
11924	0.41031292
11925	0.39229113
11926	0.37496373
11927	0.35731238
11928	0.33927217
11929	0.32149053
11930	0.30418649
11931	0.28715125
11932	0.26995403
11933	0.25326613
11934	0.23670629
11935	0.22014217
11936	0.20440298
11937	0.18914160
11938	0.17408518
11939	0.15975280
11940	0.14596663
11941	0.13292898
11942	0.12046218
11943	0.10908033
11944	0.09795314
11945	0.08754372
11946	0.07829821
11947	0.06999098
11948	0.06283954
11949	0.05616172
11950	0.04995464
11951	0.04445826
11952	0.03820569
11953	0.03266324
11954	0.02765446
11955	0.02231873
11956	0.01634612
11957	0.01026633
11958	0.00505487
11959	-0.00082455
11960	-0.00372084
11961	-0.00562076
11962	-0.00608329
11963	-0.00501108
11964	-0.00278530
11965	0.00075291
11966	0.00543225
11967	0.01110223
11968	0.01766192
11969	0.02498734
11970	0.03307275
11971	0.04183625
11972	0.05119007
11973	0.06117516
11974	0.07174788
11975	0.08278784
11976	0.09451763
11977	0.10693634
11978	0.11943828
11979	0.13213140
11980	0.14481722
11981	0.15739675
11982	0.16975453
11983	0.18239814
11984	0.19480330
11985	0.20670441
11986	0.21830402
11987	0.22953433
11988	0.24027050
11989	0.25086364
11990	0.26113027
11991	0.27115497
11992	0.28103441
11993	0.29071501
11994	0.30032188
11995	0.30984452
11996	0.31937066
11997	0.32898358
11998	0.33856860
11999	0.34887612
12000	0.35892996