"Total Time (s)","Cycle Elapsed Time (s)","Total Cycles","Elapsed Cycles","Step","Total Cycle Count","Total Cycle Count(ElectroPuls (10.0.0.2 : 1) Waveform)","Position (mm)","Force (N)","Cycle Energy(Energy Calculation) (J)","Velocity(Velocity Calculation) (m/s)","Acceleration(Acceleration Calculation) (m/s²)",
5.284,0,1,1,2,0,0,13.6088419795054,-20.08114053677,0,1.75081555E-06,0.002128780776,
5.285,0.00100000000000033,1,1,2,0,0,13.6088364475235,-20.1593383918743,1.11304800372658E-07,-1.511697E-07,0.002237055011,
5.286,0.00200000000000067,1,1,2,0,0,13.6088345249071,-20.1906120846806,1.50093538273661E-07,-2.77975508E-06,-0.000463254415,
5.287,0.00300000000000011,1,1,2,0,0,13.60884395451,-20.1517611175703,-4.01127417236916E-08,4.0023974E-07,-0.000668031281,
5.288,0.00400000000000045,1,1,2,0,0,13.6088581366455,-20.1198407750631,-3.25681398390926E-07,7.44969689E-06,0.002598259459,
5.289,0.00499999999999989,1,1,2,0,0,13.6088617687608,-20.0483904859156,-3.98629222676396E-07,9.59136966E-06,0.004416283137,
5.29,0.00600000000000023,1,1,2,0,0,13.6088520147795,-20.0271231343054,-2.03181316419098E-07,2.78129238E-06,0.000928483069,
5.291,0.00700000000000056,1,1,2,0,0,13.6088369383344,-20.1452271103111,9.96467999626427E-08,-7.33489146E-06,-0.005116384233,
5.292,0.00800000000000001,1,1,2,0,0,13.6088270264425,-20.1557951302376,2.99376487622075E-07,-1.193034E-05,-0.007468131282,
5.293,0.00900000000000034,1,1,2,0,0,13.6088188885059,-20.015094107396,4.6283056161968E-07,-1.092907127E-05,-0.004572653949,
5.294,0.0100000000000007,1,1,2,0,0,13.6088028387206,-19.8385223223295,7.8265155610385E-07,-1.10436778E-05,-0.001012509029,
5.295,0.0110000000000001,1,1,2,0,0,13.6087824092586,-19.8007212352423,1.18755576623666E-06,-1.49901337E-05,-0.000929398763,
5.296,0.0120000000000005,1,1,2,0,0,13.6087610758675,-19.8909963616588,1.61093523343466E-06,-1.938673772E-05,-0.002931945525,
5.297,0.0129999999999999,1,1,2,0,0,13.6087380946043,-20.0836997787565,2.07026974075951E-06,-2.1556574E-05,-0.003593529262,
5.298,0.0140000000000002,1,1,2,0,0,13.6087099563434,-20.2001089021037,2.63702789941721E-06,-2.403400088E-05,-0.002930143782,
5.299,0.0150000000000006,1,1,2,0,0,13.6086737533097,-20.1205210377642,3.36689246229297E-06,-2.901059343E-05,-0.003134899401,
5.3,0.016,1,1,2,0,0,13.6086303601998,-20.0076702406771,4.23753596868795E-06,-3.594062472E-05,-0.004812874471,
5.301,0.0170000000000003,1,1,2,0,0,13.6085739835619,-19.9986961455412,5.36524818527477E-06,-4.513114547E-05,-0.007022146506,
5.302,0.0180000000000007,1,1,2,0,0,13.6085022584671,-20.0122982809983,6.80014436929822E-06,-5.708611658E-05,-0.00934170902,
5.303,0.0190000000000001,1,1,2,0,0,13.6084191913163,-19.9268847891197,8.45896143954742E-06,-7.052317452E-05,-0.011570262051,
5.304,0.0200000000000005,1,1,2,0,0,13.6083291380094,-19.8835936485548,1.02514940554945E-05,-8.17603808E-05,-0.012332476393,
5.305,0.0209999999999999,1,1,2,0,0,13.6082367185038,-19.9034129068895,1.20900417946373E-05,-8.866731968E-05,-0.010598081558,
5.306,0.0220000000000002,1,1,2,0,0,13.6081439036186,-19.898712537849,1.39371566451446E-05,-9.182825987E-05,-0.007082219493,
5.307,0.0230000000000006,1,1,2,0,0,13.6080482952394,-19.8468855717424,1.58371627531428E-05,-9.353431952E-05,-0.003848275635,
5.308,0.024,1,1,2,0,0,13.6079471114938,-19.7536298957884,1.78406269941315E-05,-9.644294092E-05,-0.002503292337,
5.309,0.0250000000000004,1,1,2,0,0,13.6078423768117,-19.6666147651202,1.99049603920468E-05,-0.00010057641663,-0.002915309168,
5.31,0.0260000000000007,1,1,2,0,0,13.6077377281514,-19.7479093387562,2.1967298963174E-05,-0.00010364359461,-0.003446130098,
5.311,0.0270000000000001,1,1,2,0,0,13.6076339248892,-19.8569082963894,2.40228535973971E-05,-0.00010442084741,-0.002700089745,
5.312,0.0280000000000005,1,1,2,0,0,13.6075331550847,-19.8620745166082,2.60240906647076E-05,-0.00010314684432,-0.000848853587,
5.313,0.0289999999999999,1,1,2,0,0,13.6074372786907,-19.8032040721417,2.79255726024346E-05,-0.00010021181863,0.001156933103,
5.314,0.0300000000000002,1,1,2,0,0,13.607344635057,-19.7851239730008,2.97593758836141E-05,-9.637458905E-05,0.002707380077,
5.315,0.0310000000000006,1,1,2,0,0,13.6072468716487,-19.8387977526349,3.16962607035161E-05,-9.514939418E-05,0.002782958,
5.316,0.032,1,1,2,0,0,13.6071307694727,-19.9842767189256,3.40080335043361E-05,-0.00010172910626,-0.000332666802,
5.317,0.0330000000000004,1,1,2,0,0,13.6069844997372,-20.2134106828662,3.69478860562679E-05,-0.00011965081354,-0.007640838555,
5.318,0.0340000000000007,1,1,2,0,0,13.6068080175874,-20.3591666979328,4.05280538961707E-05,-0.00014628319194,-0.017132310056,
5.319,0.0350000000000001,1,1,2,0,0,13.6066128034613,-20.3583803409363,4.45023740770633E-05,-0.0001730380184,-0.024055911482,
5.32,0.0360000000000005,1,1,2,0,0,13.6064127350755,-20.2590196040326,4.85655028978884E-05,-0.00019105081112,-0.02409548192,
5.321,0.0369999999999999,1,1,2,0,0,13.6062158193724,-20.1935416214543,5.25483751666031E-05,-0.00019766630308,-0.017216212614,
5.322,0.0380000000000003,1,1,2,0,0,13.606029148728,-20.2369951545181,5.63219723425784E-05,-0.0001947879903,-0.007186540766,
5.323,0.0390000000000006,1,1,2,0,0,13.6058643644203,-20.373921847427,5.96679932635392E-05,-0.000183178261,0.002649596314,
5.324,0.04,1,1,2,0,0,13.605733320903,-20.4347551343445,6.23418495491134E-05,-0.00016122797159,0.012092472377,
5.325,0.0410000000000004,1,1,2,0,0,13.6056388325612,-20.3764465477096,6.42699409357694E-05,-0.00013019920177,0.0215716655,
5.326,0.0420000000000007,1,1,2,0,0,13.6055780573073,-20.2624242944776,6.55048597815467E-05,-9.534096808E-05,0.029454064858,
5.327,0.0430000000000001,1,1,2,0,0,13.6055422431613,-20.1900569545451,6.62292453157334E-05,-6.34008479E-05,0.032833960476,
5.328,0.0440000000000005,1,1,2,0,0,13.6055182960605,-20.2035434374235,6.67129001262266E-05,-3.974236481E-05,0.030331063106,
5.329,0.0449999999999999,1,1,2,0,0,13.6054890808679,-20.2276501859937,6.73035026806437E-05,-2.90876419E-05,0.022241846163,
5.33,0.0460000000000003,1,1,2,0,0,13.6054409811714,-20.1223697789488,6.82739145386665E-05,-3.330011623E-05,0.010095691792,
5.331,0.0470000000000006,1,1,2,0,0,13.6053767618857,-20.0168856940103,6.95627716952626E-05,-4.727022209E-05,-0.002679604617,
5.332,0.048,1,1,2,0,0,13.6053046934792,-20.0046420673643,7.10049155621266E-05,-6.173814518E-05,-0.01119216157,
5.333,0.0490000000000004,1,1,2,0,0,13.605226968647,-20.0668631265527,7.25621910691734E-05,-7.141059797E-05,-0.012879936831,
5.334,0.0500000000000007,1,1,2,0,0,13.6051370918667,-20.1314122411801,7.43686368525277E-05,-7.967348892E-05,-0.010688225328,
5.335,0.0510000000000002,1,1,2,0,0,13.6050351625244,-20.2594649669801,7.64271446263043E-05,-8.984696447E-05,-0.009258934882,
5.336,0.0520000000000005,1,1,2,0,0,13.6049321881735,-20.3179431817989,7.85163607582005E-05,-9.862707628E-05,-0.009182291048,
5.337,0.0529999999999999,1,1,2,0,0,13.6048353480032,-20.280488898252,8.04821402975883E-05,-0.00010082059414,-0.007222142747,
5.338,0.0540000000000003,1,1,2,0,0,13.6047454571487,-20.2679506492833,8.23046072366954E-05,-9.659562974E-05,-0.002243951367,
5.339,0.0550000000000006,1,1,2,0,0,13.6046603477334,-20.2446584389033,8.40286094727948E-05,-9.054121748E-05,0.00284825408,
5.34,0.0560000000000001,1,1,2,0,0,13.6045811083301,-20.1482247209783,8.56289634532347E-05,-8.478284346E-05,0.00541676643,
5.341,0.0570000000000004,1,1,2,0,0,13.6045140933904,-20.0370879151679,8.69754716044187E-05,-7.733306782E-05,0.006354605978,
5.342,0.0580000000000007,1,1,2,0,0,13.6044654710575,-19.9613440850082,8.79478801412206E-05,-6.516449674E-05,0.008357993786,
5.343,0.0590000000000002,1,1,2,0,0,13.6044346201448,-19.9830396334476,8.8564040490281E-05,-4.880868888E-05,0.012009103482,
5.344,0.0600000000000005,1,1,2,0,0,13.6044065999653,-20.024027745096,8.91245430946719E-05,-3.53331188E-05,0.014235565492,
5.345,0.0609999999999999,1,1,2,0,0,13.6043670917302,-20.051007518418,8.99161900512213E-05,-3.231581614E-05,0.011202161188,
5.346,0.0620000000000003,1,1,2,0,0,13.6043129758974,-20.0381643217669,9.10009195109518E-05,-4.044409773E-05,0.002811107611,
5.347,0.0630000000000006,1,1,2,0,0,13.6042500082867,-19.9463645261112,9.22597846348386E-05,-5.238908686E-05,-0.005929618577,
5.348,0.0640000000000001,1,1,2,0,0,13.6041881231007,-19.9372766620351,9.34938879107551E-05,-5.998734989E-05,-0.009495959038,
5.349,0.0650000000000004,1,1,2,0,0,13.6041305043921,-20.0486896262565,9.46458577809532E-05,-6.092997018E-05,-0.006905588038,
5.35,0.0660000000000007,1,1,2,0,0,13.6040724216786,-20.0921731847917,9.58116028983442E-05,-5.90378533E-05,-0.002088891961,
5.351,0.0670000000000002,1,1,2,0,0,13.6040080909759,-20.0964641194171,9.71042845373845E-05,-5.981790882E-05,0.000240044009,
5.352,0.0680000000000005,1,1,2,0,0,13.6039378214006,-20.0825594103415,9.85159659977672E-05,-6.423796772E-05,-0.001070404814,
5.353,0.069,1,1,2,0,0,13.603863591984,-19.9977894088612,0.000100003536452362,-6.967586591E-05,-0.003633409673,
5.354,0.0700000000000003,1,1,2,0,0,13.6037848524989,-19.8774687622381,0.000101573415100094,-7.439448476E-05,-0.004916762601,
5.355,0.0710000000000006,1,1,2,0,0,13.6037023451795,-19.7328032080172,0.000103207483781753,-7.851681484E-05,-0.004755516021,
5.356,0.0720000000000001,1,1,2,0,0,13.6036194878463,-19.7263318712558,0.000104842223133333,-8.148197325E-05,-0.00395406521,
5.357,0.0730000000000004,1,1,2,0,0,13.6035416121766,-19.905259108412,0.000106385391476423,-8.125783001E-05,-0.002355519416,
5.358,0.0740000000000007,1,1,2,0,0,13.6034698710626,-20.0860274562066,0.000107819901201109,-7.752980204E-05,0.000318518164,
5.359,0.0750000000000002,1,1,2,0,0,13.6033954628483,-20.1773654052073,0.000109317864782931,-7.43816108E-05,0.002502911532,
5.36,0.0760000000000005,1,1,2,0,0,13.6033107982978,-20.3240158201693,0.000111032380401051,-7.668498507E-05,0.001686672606,
5.361,0.077,1,1,2,0,0,13.6032201604566,-20.4688640839054,0.000112881069686529,-8.337963685E-05,-0.00198528787,
5.362,0.0780000000000003,1,1,2,0,0,13.6031320632544,-20.5420255699976,0.000114687542006253,-8.808366229E-05,-0.004780080625,
5.363,0.0790000000000006,1,1,2,0,0,13.6030571604105,-20.5543050322906,0.000116226658023514,-8.490108641E-05,-0.002935232946,
5.364,0.0800000000000001,1,1,2,0,0,13.6029996277097,-20.5355075898002,0.000117408661972761,-7.365010846E-05,0.003237116105,
5.365,0.0810000000000004,1,1,2,0,0,13.6029590216155,-20.5059482855271,0.000118241928584143,-5.766576175E-05,0.010250467957,
5.366,0.0820000000000007,1,1,2,0,0,13.6029302342074,-20.4155905608045,0.000118830941103561,-4.213847035E-05,0.014427219489,
5.367,0.0830000000000002,1,1,2,0,0,13.6029031422559,-20.3706801434916,0.000119383430937169,-3.182437695E-05,0.014100448593,
5.368,0.0840000000000005,1,1,2,0,0,13.6028706920299,-20.3044748905017,0.000120043389923381,-2.920807083E-05,0.009568716616,
5.369,0.085,1,1,2,0,0,13.6028334408919,-20.2580847862025,0.000120798890678489,-3.228301725E-05,0.003218266542,
5.37,0.0860000000000003,1,1,2,0,0,13.6027990400695,-20.2660972289129,0.000121495923272532,-3.495576972E-05,-0.001246912473,
5.371,0.0870000000000006,1,1,2,0,0,13.6027704084692,-20.3161593461383,0.000122076890747381,-3.352515045E-05,-0.001562399133,
5.372,0.0880000000000001,1,1,2,0,0,13.6027422313396,-20.343476165884,0.000122649726656509,-3.022602572E-05,0.000760159386,
5.373,0.0890000000000004,1,1,2,0,0,13.602714238566,-20.2469472847614,0.000123217845924221,-2.825816401E-05,0.002339194186,
5.374,0.0900000000000007,1,1,2,0,0,13.6026928417235,-20.0917678392982,0.000123649406490761,-2.606930107E-05,0.002433540985,
5.375,0.0910000000000002,1,1,2,0,0,13.6026860015325,-20.0493643704557,0.000123786692996266,-1.900862638E-05,0.003584106096,
5.376,0.0920000000000005,1,1,2,0,0,13.602690831462,-20.087379003198,0.00012368976417647,-7.7061503E-06,0.006871671582,
5.377,0.093,1,1,2,0,0,13.6026930298337,-20.1882583521212,0.000123645493764812,5.3942601E-07,0.009112865732,
5.378,0.0940000000000003,1,1,2,0,0,13.602681229655,-20.2753266737324,0.000123884232532107,-1.21172608E-06,0.006163627721,
5.379,0.0950000000000006,1,1,2,0,0,13.6026605291786,-20.2913718882529,0.000124304107525049,-1.027070289E-05,-0.000944480986,
5.38,0.0960000000000001,1,1,2,0,0,13.6026417901323,-20.2699146335478,0.000124684147439216,-1.744195806E-05,-0.006300312902,
5.381,0.0970000000000004,1,1,2,0,0,13.6026279736257,-20.2081720919986,0.000124963780314052,-1.785071342E-05,-0.005708821719,
5.382,0.0979999999999999,1,1,2,0,0,13.6026178954605,-20.1304425292808,0.000125167049926601,-1.417176609E-05,-0.001211194496,
5.383,0.0990000000000002,1,1,2,0,0,13.602610346004,-20.1752928036165,0.000125319193124103,-1.044105501E-05,0.002468165648,
5.384,0.100000000000001,1,1,2,0,0,13.602607707782,-20.2644185929737,0.000125372537591722,-6.83469876E-06,0.003677875506,
5.385,0.101,1,1,2,0,0,13.6026091140421,-20.228191030287,0.000125344066021205,-2.89824772E-06,0.003742691136,
5.386,0.102,1,1,2,0,0,13.6026118563752,-20.1083607050426,0.000125288757890789,5.9373737E-07,0.003704082818,
5.387,0.103000000000001,1,1,2,0,0,13.6026131268676,-20.0351412777935,0.000125263256883202,1.89995899E-06,0.002969595834,
5.388,0.104,1,1,2,0,0,13.6026024494611,-20.0501846149066,0.000125477260543496,-1.87232506E-06,0.00043839896,
5.389,0.105,1,1,2,0,0,13.6025716894255,-20.1474498336047,0.000126095500875407,-1.311782556E-05,-0.004490697284,
5.39,0.106,1,1,2,0,0,13.6025288295007,-20.1721196894687,0.000126959547734765,-2.836521363E-05,-0.010204101836,
5.391,0.107,1,1,2,0,0,13.6024898045002,-20.0201858024398,0.000127743800105484,-3.807948075E-05,-0.012386885514,
5.392,0.108000000000001,1,1,2,0,0,13.6024687273831,-19.9338186448211,0.000128164857721287,-3.479111277E-05,-0.007473412875,
5.393,0.109,1,1,2,0,0,13.6024667887706,-19.9836057727925,0.000128203549930738,-2.071993074E-05,0.002622421665,
5.394,0.11,1,1,2,0,0,13.6024703743213,-20.0609461947061,0.00012813175904406,-6.02291492E-06,0.011024087952,
5.395,0.111000000000001,1,1,2,0,0,13.6024614918576,-20.02732177771,0.000128309800338022,-1.81210258E-06,0.011363404639,
5.396,0.112,1,1,2,0,0,13.6024335938862,-19.9546708570412,0.000128867508579912,-1.084671169E-05,0.003383046949,
5.397,0.113,1,1,2,0,0,13.6023953246089,-19.9057207512952,0.000129630222771221,-2.530471086E-05,-0.006687999693,
5.398,0.114,1,1,2,0,0,13.6023590882274,-19.8985701838106,0.000130351404507113,-3.454801679E-05,-0.01126657418,
5.399,0.115,1,1,2,0,0,13.6023269851472,-19.902184787986,0.000130990267920333,-3.560625985E-05,-0.008352195041,
5.4,0.116000000000001,1,1,2,0,0,13.6022925414882,-19.9568864441634,0.000131676714050323,-3.404524423E-05,-0.002727984317,
5.401,0.117,1,1,2,0,0,13.602254952354,-20.0831145659545,0.000132429248536222,-3.468512792E-05,0.000114968223,
5.402,0.118,1,1,2,0,0,13.6022150215308,-20.3106250796111,0.000133235726174276,-3.734799834E-05,-0.000586509916,
5.403,0.119000000000001,1,1,2,0,0,13.6021695532449,-20.435646092905,0.000134162057726559,-4.088955531E-05,-0.002319580366,
5.404,0.12,1,1,2,0,0,13.6021170701817,-20.3612646524665,0.000135232631148802,-4.591148028E-05,-0.003722061405,
5.405,0.121,1,1,2,0,0,13.6020620666503,-20.2757441416951,0.000136350220643119,-5.113477047E-05,-0.004638224136,
5.406,0.122,1,1,2,0,0,13.6020118573302,-20.3231869019692,0.000137369443005769,-5.280912755E-05,-0.004098200691,
5.407,0.123,1,1,2,0,0,13.6019682534889,-20.4024380443516,0.000138257339850644,-4.966593985E-05,-0.001293773579,
5.408,0.124000000000001,1,1,2,0,0,13.6019287292187,-20.3975383174204,0.000139063634493999,-4.436161361E-05,0.002346265828,
5.409,0.125,1,1,2,0,0,13.6018954488217,-20.3771996230779,0.000139742134228367,-3.887497957E-05,0.004710677018,
5.41,0.126,1,1,2,0,0,13.6018753400559,-20.3513979361131,0.000140151635141937,-3.12020696E-05,0.006087824479,
5.411,0.127000000000001,1,1,2,0,0,13.6018681179942,-20.338245245263,0.000140298566700337,-2.019424393E-05,0.008017501901,
5.412,0.128,1,1,2,0,0,13.601864644547,-20.3043981694818,0.000140369151736489,-9.96348858E-06,0.009774229864,
5.413,0.129,1,1,2,0,0,13.6018545722144,-20.3050070866699,0.000140573667456356,-6.57769717E-06,0.008410387264,
5.414,0.13,1,1,2,0,0,13.6018351689966,-20.3425146189142,0.000140968013813285,-1.089193254E-05,0.003129272558,
5.415,0.131,1,1,2,0,0,13.6018165400593,-20.322352751315,0.000141346785446105,-1.637166809E-05,-0.00235387739,
5.416,0.132000000000001,1,1,2,0,0,13.6018113493091,-20.3344687190922,0.000141452305147866,-1.482976532E-05,-0.003023594,
5.417,0.133,1,1,2,0,0,13.601818194689,-20.335895585727,0.00014131310310126,-5.6113673E-06,0.001738359849,
5.418,0.134,1,1,2,0,0,13.6018245150731,-20.2564719184478,0.000141184823423836,3.07704213E-06,0.006756452868,
5.419,0.135000000000001,1,1,2,0,0,13.6018180597025,-20.2295074355298,0.000141315499424622,2.64515643E-06,0.006111317468,
5.42,0.136,1,1,2,0,0,13.6018015255693,-20.2631782681939,0.000141650255154564,-5.64627297E-06,-5.3660271E-05,
5.421,0.137,1,1,2,0,0,13.6017850626145,-20.2598262811115,0.000141983819350335,-1.34891509E-05,-0.005799000849,
5.422,0.138,1,1,2,0,0,13.6017720526957,-20.2223503648947,0.000142247154264933,-1.544839752E-05,-0.006212353978,
5.423,0.139,1,1,2,0,0,13.6017617185844,-20.1931199055656,0.000142455983248858,-1.324308735E-05,-0.002474968976,
5.424,0.140000000000001,1,1,2,0,0,13.6017553129224,-20.1493091433543,0.000142585193231877,-9.95831876E-06,0.001279780659,
5.425,0.141,1,1,2,0,0,13.6017496917072,-20.1554940394823,0.000142698474217214,-7.34886275E-06,0.00275833729,
5.426,0.142,1,1,2,0,0,13.6017452715363,-20.1582144077503,0.000142787570958691,-5.49623595E-06,0.002585001021,
5.427,0.143000000000001,1,1,2,0,0,13.6017447486473,-20.128463947943,0.000142798103689754,-3.61129962E-06,0.002089368422,
5.428,0.144,1,1,2,0,0,13.6017468021835,-20.0913666404795,0.000142756807250325,-9.1914601E-07,0.002117408655,
5.429,0.145,1,1,2,0,0,13.6017459960209,-20.0780996967962,0.00014277299881118,4.22699E-07,0.002044895846,
5.43,0.146,1,1,2,0,0,13.6017292242013,-20.0158465354222,0.000143109223027006,-4.73795006E-06,-0.000203810631,
5.431,0.147,1,1,2,0,0,13.6016880646347,-20.0243589907499,0.000143933241780935,-1.92984466E-05,-0.006029855083,
5.432,0.148000000000001,1,1,2,0,0,13.6016334493494,-20.0930726529444,0.000145028754267277,-3.787995811E-05,-0.012946846787,
5.433,0.149,1,1,2,0,0,13.6015806446388,-20.1750008618681,0.000146091926251788,-5.003539728E-05,-0.015447385317,
5.434,0.15,1,1,2,0,0,13.6015417959156,-20.1930455525626,0.000146876049782151,-4.916108679E-05,-0.010174335974,
5.435,0.151000000000001,1,1,2,0,0,13.6015191400726,-20.1546885865109,0.000147333105748587,-3.817765536E-05,-1.878126E-06,
5.436,0.152,1,1,2,0,0,13.6015040881528,-20.0836364220415,0.000147635937767805,-2.52325301E-05,0.008539203297,
5.437,0.153,1,1,2,0,0,13.6014871555825,-19.9902795993705,0.000147975214968977,-1.789729191E-05,0.01067365099,
5.438,0.154,1,1,2,0,0,13.6014643994837,-19.9168875206772,0.000148429280687096,-1.81154337E-05,0.006752190317,
5.439,0.155,1,1,2,0,0,13.6014397551094,-19.8367944643492,0.000148919132996278,-2.15755229E-05,0.001075287981,
5.44,0.156000000000001,1,1,2,0,0,13.601418051553,-19.8239151853317,0.000149349522219928,-2.319564628E-05,-0.001935515231,
5.441,0.157,1,1,2,0,0,13.6013977465972,-19.8250582133531,0.000149752057547597,-2.216622159E-05,-0.001377248705,
5.442,0.158,1,1,2,0,0,13.6013756031105,-19.7906801667584,0.000150190672834369,-2.127609525E-05,0.000192770764,
5.443,0.159000000000001,1,1,2,0,0,13.6013554207217,-19.7868966673692,0.000150590057857322,-2.100359806E-05,0.0007466271,
5.444,0.16,1,1,2,0,0,13.6013408427897,-19.7927396731355,0.000150878552479707,-1.908938113E-05,0.000950301857,
5.445,0.161,1,1,2,0,0,13.6013279839138,-19.9923862733814,0.000151134348477896,-1.574355221E-05,0.001851184605,
5.446,0.162,1,1,2,0,0,13.6013045293175,-20.3527534739473,0.000151607487962084,-1.655330885E-05,0.001669669655,
5.447,0.163,1,1,2,0,0,13.6012598491671,-20.6115843920092,0.000152522634349653,-2.664354641E-05,-0.002347225248,
5.448,0.164000000000001,1,1,2,0,0,13.6011999770359,-20.6787916619796,0.000153758705756048,-4.287007841E-05,-0.009146981616,
5.449,0.165,1,1,2,0,0,13.6011353109904,-20.5955331324538,0.000155093229438567,-5.675271125E-05,-0.01368247392,
5.45,0.166,1,1,2,0,0,13.6010688297893,-20.489040852323,0.000156458905352262,-6.377241789E-05,-0.012526924728,
5.451,0.167000000000001,1,1,2,0,0,13.601001887469,-20.4184587836207,0.000157828126822987,-6.607499018E-05,-0.007663444195,
5.452,0.168,1,1,2,0,0,13.6009356316748,-20.3329518235617,0.000159178135360545,-6.659802671E-05,-0.003183851867,
5.453,0.169,1,1,2,0,0,13.6008782768276,-20.3359753524293,0.000160344415411605,-6.379146793E-05,-5.8018665E-05,
5.454,0.17,1,1,2,0.25,0,13.6008445456611,-20.341052855074,0.000161030457218201,-5.293802709E-05,0.004221744805,
5.455,0.171,1,1,2,0.25,0,13.6008351326362,-20.3463854216477,0.000161221953152399,-3.352282823E-05,0.011007903628,
5.456,0.172000000000001,1,1,2,0.25,0,13.600839923366,-20.3443976569114,0.000161124483879903,-1.244734097E-05,0.017344757974,
5.457,0.173,1,1,2,0.25,0,13.600846989452,-20.3742453573517,0.000160980623162081,1.21221025E-06,0.018352619928,
5.458,0.174,1,1,2,0.25,0,13.6008461100741,-20.4553081941138,0.000160998575465052,3.99983997E-06,0.012622755582,
5.459,0.175000000000001,1,1,2,0.25,0,13.6008399834418,-20.4164055055465,0.000161123778446566,-6.991505E-08,0.003991990748,
5.46,0.176,1,1,2,0.25,0,13.6008326922386,-20.2954337646883,0.000161272197592458,-4.90182725E-06,-0.002241186752,
5.461,0.177,1,1,2,0.25,0,13.6008216675464,-20.1837166122473,0.000161495332678871,-8.06187863E-06,-0.0041017068,
5.462,0.178,1,1,2,0.25,0,13.6008110654507,-20.2003444840282,0.000161709410520758,-9.77786655E-06,-0.003228390588,
5.463,0.179,1,1,2,0.25,0,13.6008021771611,-20.1657306729197,0.00016188880320259,-1.021473282E-05,-0.001765470463,
5.464,0.180000000000001,1,1,2,0.25,0,13.6007975021962,-20.199174714765,0.000161983155461257,-8.13843402E-06,-6.6653244E-05,
5.465,0.181,1,1,2,0.25,0,13.6007965845598,-20.3108369172088,0.000162001742191507,-4.81176376E-06,0.001697460717,
5.466,0.182,1,1,2,0.25,0,13.6007942274458,-20.3799193303256,0.000162049698566422,-2.47667823E-06,0.002654083403,
5.467,0.183000000000001,1,1,2,0.25,0,13.600790861572,-20.2727202773763,0.000162118114394797,-2.22789866E-06,0.002006669161,
5.468,0.184,1,1,2,0.25,0,13.6007852035652,-20.1388994051986,0.000162232439003246,-3.75088576E-06,0.000343141357,
5.469,0.185,1,1,2,0.25,0,13.6007752182342,-20.1382079113882,0.00016243352912797,-6.26856416E-06,-0.001289864489,
5.47,0.186,1,1,2,0.25,0,13.6007639637955,-20.1838285465759,0.000162660430071976,-9.06786605E-06,-0.002303758057,
5.471,0.187,1,1,2,0.25,0,13.6007531333388,-20.1825428783708,0.000162879023191741,-1.074651179E-05,-0.002378617998,
5.472,0.188000000000001,1,1,2,0.25,0,13.6007394728838,-20.1224597302221,0.000163154315528837,-1.180665079E-05,-0.001829290563,
5.473,0.189,1,1,2,0.25,0,13.6007235572824,-20.0086106213693,0.000163473670587236,-1.348799943E-05,-0.001432053914,
5.474,0.19,1,1,2,0.25,0,13.6007090321225,-19.9672030226909,0.000163763998129709,-1.482192503E-05,-0.001390758836,
5.475,0.191000000000001,1,1,2,0.25,0,13.6006999138998,-19.9817272594686,0.000163946129752069,-1.332021119E-05,-0.00058746068,
5.476,0.192,1,1,2,0.25,0,13.6006933041812,-20.0677872799311,0.000164078487763152,-9.98775263E-06,0.001200245424,
5.477,0.193000000000001,1,1,2,0.25,0,13.6006843590258,-20.1012878977262,0.000164258147072975,-8.06290087E-06,0.002360953104,
5.478,0.194,1,1,2,0.25,0,13.6006759630715,-20.085452869852,0.000164426850092133,-8.07976403E-06,0.001764619324,
5.479,0.195,1,1,2,0.25,0,13.6006738257957,-20.0926595662573,0.000164469785944594,-6.68311108E-06,0.000989706149,
5.48,0.196000000000001,1,1,2,0.25,0,13.6006756755448,-20.0896152084454,0.000164432622383028,-2.81877188E-06,0.001712903992,
5.481,0.197,1,1,2,0.25,0,13.6006719046863,-20.096204012298,0.000164508389900428,-1.03254065E-06,0.002500600934,
5.482,0.198,1,1,2,0.25,0,13.6006522019574,-20.0662500008238,0.000164904044872636,-6.86423734E-06,0.000124285245,
5.483,0.199000000000001,1,1,2,0.25,0,13.6006179500038,-20.0507335180625,0.000165591087402427,-1.928793519E-05,-0.005523918662,
5.484,0.2,1,1,2,0.25,0,13.6005807057297,-20.0844538168595,0.000166338490360751,-3.078488234E-05,-0.010168072292,
5.485,0.201000000000001,1,1,2,0.25,0,13.600549173224,-20.064796804186,0.000166971493597717,-3.463304743E-05,-0.009480337742,
5.486,0.202,1,1,2,0.25,0,13.6005258973679,-19.954716382948,0.000167437237812371,-3.076904134E-05,-0.003829148354,
5.487,0.203,1,1,2,0.25,0,13.6005068080689,-19.9114532709729,0.000167817746429473,-2.449688385E-05,0.002272800156,
5.488,0.204000000000001,1,1,2,0.25,0,13.6004838196868,-20.0887871717434,0.00016827751683584,-2.151499106E-05,0.00456263266,
5.489,0.205,1,1,2,0.25,0,13.6004533975528,-20.3718980935826,0.000168892967029985,-2.404878274E-05,0.002314266859,
5.49,0.206,1,1,2,0.25,0,13.6004200556247,-20.4599000638254,0.000169573672467791,-2.906794666E-05,-0.001624698011,
5.491,0.207000000000001,1,1,2,0.25,0,13.6003895399514,-20.4403494469701,0.000170197721794248,-3.161811343E-05,-0.003532853103,
5.492,0.208,1,1,2,0.25,0,13.6003689015848,-20.465022250837,0.000170619831822662,-2.840035773E-05,-0.001560489174,
5.493,0.209000000000001,1,1,2,0.25,0,13.6003580139374,-20.5200821501961,0.000170842947506271,-2.067634285E-05,0.002839256713,
5.494,0.21,1,1,2,0.25,0,13.6003512049739,-20.4935163871169,0.000170982577554149,-1.258925799E-05,0.00648105812,
5.495,0.211,1,1,2,0.25,0,13.6003477258107,-20.3792371306559,0.000171053679043164,-7.03362858E-06,0.007218727231,
5.496,0.212000000000001,1,1,2,0.25,0,13.6003497808254,-20.2867466331423,0.000171011894447326,-2.81784992E-06,0.00591311082,
5.497,0.213,1,1,2,0.25,0,13.6003512760418,-20.3648094780481,0.000170981503010592,2.2682184E-07,0.004266401815,
5.498,0.214,1,1,2,0.25,0,13.6003476977795,-20.4500623992428,0.000171054526167892,1.4111228E-07,0.002456889434,
5.499,0.215000000000001,1,1,2,0.25,0,13.6003359961283,-20.4209753504799,0.000171293655481327,-4.49323536E-06,-0.000511186588,
5.5,0.216,1,1,2,0.25,0,13.6003163775287,-20.4079332882244,0.000171694158486686,-1.163971905E-05,-0.004023397031,
5.501,0.217000000000001,1,1,2,0.25,0,13.6002943657572,-20.4094044375768,0.000172143389444106,-1.796146665E-05,-0.006145422048,
5.502,0.218,1,1,2,0.25,0,13.6002811565528,-20.3692605764411,0.000172412716303082,-1.86530498E-05,-0.004880119092,
5.503,0.219,1,1,2,0.25,0,13.6002841696857,-20.3865333445429,0.000172351314991753,-1.098327334E-05,0.000127775398,
5.504,0.220000000000001,1,1,2,0.25,0,13.600294605826,-20.4124807167432,0.000172138422874914,3.7333393E-07,0.00626741782,
5.505,0.221,1,1,2,0.25,0,13.6003022568316,-20.4010163237098,0.000171982290726683,7.37369767E-06,0.008943684968,
5.506,0.222,1,1,2,0.25,0,13.600305418377,-20.3524674425925,0.000171917868733555,7.13970795E-06,0.006136930761,
5.507,0.223,1,1,2,0.25,0,13.6002999936215,-20.3342671677256,0.000172028226526505,1.93249319E-06,0.000444348806,
5.508,0.224,1,1,2,0.25,0,13.6002896650027,-20.2927973687461,0.000172238037257444,-4.32002422E-06,-0.004028838043,
5.509,0.225000000000001,1,1,2,0.25,0,13.6002828161516,-20.172635701406,0.000172376608120428,-7.8135295E-06,-0.005111222976,
5.51,0.226,1,1,2,0.25,0,13.600284011624,-20.1689455477864,0.000172352494497372,-5.47948436E-06,-0.002572943793,
5.511,0.227,1,1,2,0.25,0,13.6002900254513,-20.2682239294462,0.000172230903419612,2.2768182E-07,0.001597716326,
5.512,0.228000000000001,1,1,2,0.25,0,13.6002930106647,-20.3280161269166,0.000172170309199686,3.65973666E-06,0.004012696466,
5.513,0.229,1,1,2,0.25,0,13.6002867128737,-20.3204622989361,0.000172298307011551,1.10889625E-06,0.002319719667,
5.514,0.23,1,1,2,0.25,0,13.600269143365,-20.3307027978766,0.000172655417510975,-6.89440499E-06,-0.002391710084,
5.515,0.231,1,1,2,0.25,0,13.6002410171994,-20.3729757806328,0.000173227836713859,-1.735499046E-05,-0.00710474826,
5.516,0.232,1,1,2,0.25,0,13.6002004911596,-20.3364107438096,0.000174052731821462,-2.867913079E-05,-0.009982466659,
5.517,0.233000000000001,1,1,2,0.25,0,13.6001318704028,-20.15653186778,0.000175442060006169,-4.523449264E-05,-0.012634440328,
5.518,0.234,1,1,2,0.25,0,13.5999961044108,-19.9092843373076,0.000178161847647059,-8.033591226E-05,-0.020549812725,
5.519,0.235,1,1,2,0.25,0,13.5997237337618,-19.6223517259645,0.000183545476332355,-0.00015660381854,-0.041887548287,
5.52,0.236000000000001,1,1,2,0.25,0,13.599211237765,-19.2882366539107,0.000193516236720393,-0.00030342685624,-0.085084499708,
5.521,0.237,1,1,2,0.25,0,13.5983246309627,-18.9492152957304,0.000210467029221967,-0.00055269163411,-0.156389020325,
5.522,0.238,1,1,2,0.25,0,13.5968989480325,-18.5153277403409,0.000237173308968542,-0.00093609639902,-0.258774251931,
5.523,0.239,1,1,2,0.25,0,13.5947432923744,-18.1077764879592,0.000276646709891511,-0.0014829519102,-0.392197992679,
5.524,0.24,1,1,2,0.25,0,13.5916527756839,-17.8031810968428,0.00033213841678647,-0.00221712214945,-0.55401470572,
5.525,0.241000000000001,1,1,2,0.25,0,13.5874042953771,-17.389028401827,0.000406895121289609,-0.00315744746567,-0.73982234392,
5.526,0.242,1,1,2,0.25,0,13.5817452315188,-16.8403808875904,0.000503748327790323,-0.00432426628736,-0.94642684477,
5.527,0.243,1,1,2,0.25,0,13.5744000270397,-16.3047535990717,0.000625477222936039,-0.00574173097909,-1.174064531061,
5.528,0.244000000000001,1,1,2,0.25,0,13.5650836556397,-15.7893214186438,0.000774977384238286,-0.00743071236913,-1.423725940211,
5.529,0.245,1,1,2,0.25,0,13.553485070923,-15.399970884862,0.000955853208757031,-0.00940968531874,-1.694523848418,
5.53,0.246,1,1,2,0.25,0,13.5392749743558,-15.1593508441474,0.0011729786651548,-0.01169737427684,-1.984590284286,
5.531,0.247,1,1,2,0.25,0,13.5221025335212,-15.1413579564656,0.00143314722971787,-0.01431534629227,-2.294159072752,
5.532,0.248,1,1,2,0.25,0,13.5015881553979,-15.1670263092296,0.00174402605728337,-0.01728631874099,-2.624787228218,
5.533,0.249000000000001,1,1,2,0.25,0,13.4773372350961,-15.1029752628053,0.00211106375511352,-0.02063275959024,-2.977712838892,
5.534,0.25,1,1,2,0.25,0,13.4489460844431,-14.888247425844,0.00253680641592444,-0.02437202675361,-3.351648223327,
5.535,0.251,1,1,2,0.25,0,13.4159938934792,-14.8712267545301,0.0030271263540118,-0.02851739364091,-3.743249186313,
5.536,0.252000000000001,1,1,2,0.25,0,13.3780475416797,-15.0937834734476,0.00359565776390533,-0.03308212712131,-4.149346948051,
5.537,0.253,1,1,2,0.25,0,13.3346639371704,-15.416858680626,0.00425748858017412,-0.03807927936176,-4.568649130485,
5.538,0.254,1,1,2,0.25,0,13.2853962878813,-15.9196992101389,0.00502942785221959,-0.0435176421303,-4.999789770862,
5.539,0.255,1,1,2,0.25,0,13.2298089082128,-16.6345865251316,0.00593423157272044,-0.04939835496898,-5.438704631155,
5.54,0.256,1,1,2,0.25,0,13.1674689675011,-17.5637388299773,0.00700019236025992,-0.05571722886764,-5.879456135632,
5.541,0.257000000000001,1,1,2,0.25,0,13.0979490102041,-18.8408201952163,0.00826561405468281,-0.06246817737433,-6.317047963075,
5.542,0.258,1,1,2,0.25,0,13.0208548529951,-20.5458157861775,0.00978385380782553,-0.06963821229501,-6.747052048478,
5.543,0.259,1,1,2,0.25,0,12.9358685213843,-22.7075076919582,0.0116218244540162,-0.07718954955594,-7.158699698558,
5.544,0.260000000000001,1,1,2,0.25,0,12.8427709292308,-25.2365182230648,0.0138535611394318,-0.08505205745307,-7.530297749715,
5.545,0.261,1,1,2,0.25,0,12.7413904411678,-27.9488189495607,0.0165495388596102,-0.09314908276354,-7.839511930272,
5.546,0.262,1,1,2,0.25,0,12.6315084084188,-30.6915998526144,0.0197713030692278,-0.10144608269595,-8.08666247305,
5.547,0.263,1,1,2,0.25,0,12.5128255826361,-33.4731990143508,0.0235789328918822,-0.10997180725331,-8.305624933313,
5.548,0.264,1,1,2,0.25,0,12.3850073931692,-36.4954295741179,0.0280505646047126,-0.11878319697785,-8.542806720029,
5.549,0.265000000000001,1,1,2,0.25,0,12.24777647133,-39.9256209005997,0.0332942302069963,-0.12790140007333,-8.817734185668,
5.55,0.266,1,1,2,0.25,0,12.1009472247199,-43.7379907948863,0.0394363627439607,-0.13728659955878,-9.106258001189,
5.551,0.267,1,1,2,0.25,0,11.9443823285837,-47.8242255449702,0.0466040771895871,-0.14687044403666,-9.364694066188,
5.552,0.268000000000001,1,1,2,0.25,0,11.7779320380038,-52.2267934684112,0.054930837783382,-0.15660981961148,-9.570910309233,
5.553,0.269,1,1,2,0.25,0,11.6014042714006,-56.794856104783,0.064553511938656,-0.16650791505378,-9.740332205982,
5.554,0.27,1,1,2,0.25,0,11.4146047187343,-61.5998905488224,0.0756115547951229,-0.17658605961514,-9.904494217774,
5.555,0.271,1,1,2,0.25,0,11.2174014696059,-66.7991489915431,0.0882719086862908,-0.186839125786,-10.076606308492,
5.556,0.272,1,1,2,0.25,0,11.0097032244018,-72.4375483874515,0.102731517543105,-0.19723063901248,-10.242123804696,
5.557,0.273000000000001,1,1,2,0.25,0,10.791405902935,-78.4669458781768,0.11920254099085,-0.2077294692602,-10.382174216166,
5.558,0.274,1,1,2,0.25,0,10.5624242530056,-84.8529356366895,0.137901168958624,-0.21832289712677,-10.495014427003,
5.559,0.275,1,1,2,0.25,0,10.3227445845308,-91.5697817620854,0.159043638167406,-0.22898575695424,-10.585878169185,
5.56,0.276000000000001,1,1,2,0.25,0,10.0724088833077,-98.6604554082892,0.182854348075347,-0.23966707273567,-10.647567025388,
5.561,0.277,1,1,2,0.25,0,9.81151042993374,-106.334109499872,0.209595730542646,-0.250307717043868,-10.6635775532724,
5.562,0.278,1,1,2,0.25,0,9.54020628983488,-114.719647137112,0.239582130222656,-0.260851333746172,-10.6237374683994,
5.563,0.279,1,1,2,0.25,0,9.25870541012998,-123.763224844829,0.273148699351389,-0.271241455963202,-10.52667663849,
5.564,0.28,1,1,2,0.25,0,8.96728696573929,-133.270464864627,0.310600878356954,-0.281417127228825,-10.3718352771901,
5.565,0.281000000000001,1,1,2,0.25,0,8.66632094758405,-142.700267221977,0.352129784538699,-0.291307447114315,-10.1544011370052,
5.566,0.282,1,1,2,0.25,0,8.35618850419058,-152.72290769082,0.397939940074082,-0.300851673597343,-9.8720972787913,
5.567,0.283,1,1,2,0.25,0,8.03715533460789,-162.91141807773,0.448288849763599,-0.310052733678768,-9.5451045832857,
5.568,0.284000000000001,1,1,2,0.25,0,7.70936545295884,-173.12630128788,0.503363731893835,-0.318989965345835,-9.2248614775985,
5.569,0.285,1,1,2,0.25,0,7.37289670986781,-182.87926522349,0.56325610464258,-0.327766526461736,-8.9681790260246,
5.57,0.286,1,1,2,0.25,0,7.02775189505482,-193.076822076522,0.628135751707069,-0.336467906175024,-8.8022078604669,
5.571,0.287,1,1,2,0.25,0,6.67383939783586,-204.325915301393,0.698458649300604,-0.345172298018193,-8.7248377730362,
5.572,0.288,1,1,2,0.25,0,6.31114133149524,-216.320856705016,0.774742534710177,-0.353917863233667,-8.7158402158962,
5.573,0.289000000000001,1,1,2,0.25,0,5.93991284115651,-228.575819993677,0.857321695533965,-0.362621522803555,-8.7206415101067,
5.574,0.29,1,1,2,0.25,0,5.56059300259685,-240.736661285493,0.946331462850389,-0.371096767605576,-8.6477068332037,
5.575,0.291,1,1,2,0.25,0,5.17367190501321,-251.702082206019,1.04159893241261,-0.379172811800575,-8.4240090502745,
5.576,0.292000000000001,1,1,2,0.25,0,4.77975184460454,-265.461643621651,1.14345951547221,-0.386740408723955,-8.0432701956199,
5.577,0.293,1,1,2,0.25,0,4.37950961353517,-280.983977077572,1.25281482266559,-0.393717022759371,-7.5428362384765,
5.578,0.294,1,1,2,0.25,0,3.97361961851608,-297.040126901481,1.37012192300807,-0.400039909056076,-6.9577905801919,
5.579,0.295,1,1,2,0.5,0,3.56278794548064,-312.122078179677,1.4952534869398,-0.405678169239079,-6.3136167842077,
5.58,0.296,1,1,2,0.5,0,3.14779856555409,-326.810376342618,1.62782857849838,-0.410596481697871,-5.6276636998503,
5.581,0.297000000000001,1,1,2,0.5,0,2.72952128240857,-342.023335420696,1.76770755241462,-0.414728438824909,-4.8983901765291,
5.582,0.298,1,1,2,0.5,0,2.30881369909773,-358.386944823434,1.91504151057841,-0.418020002229424,-4.1157456098073,
5.583,0.299,1,1,2,0.5,0,1.88640033065602,-374.957745480714,2.06992881100852,-0.420490228800502,-3.2972804712408,
5.584,0.300000000000001,1,1,2,0.5,0,1.46293568378017,-391.439241112693,2.23219982565576,-0.422217016432691,-2.4935959394424,
5.585,0.301,1,1,2,0.5,0,1.03915085268339,-408.02839845603,2.40160095495675,-0.423245318611887,-1.7402736779578,
5.586,0.302,1,1,2,0.5,0,0.615813271482961,-424.914003331959,2.57790886578285,-0.423554600861596,-1.0221418362478,
5.587,0.303,1,1,2,0.5,0,0.193611745276125,-442.549361439688,2.76103104405041,-0.423130939671256,-0.3051051965404,
5.588,0.304,1,1,2,0.5,0,-0.226877382775918,-460.994202733581,2.95099616677853,-0.422028623258476,0.4073747250573,
5.589,0.305000000000001,1,1,2,0.5,0,-0.644936241705492,-479.915404081592,3.14767396506905,-0.42027376676174,1.0944818712348,
5.59,0.306,1,1,2,0.5,0,-1.0594501645762,-498.588197491015,3.35047564828454,-0.417724458848655,1.7974298964539,
5.591,0.307,1,1,2,0.5,0,-1.46909529561752,-518.610470169002,3.55882088903886,-0.414116766139551,2.628487926986,
5.592,0.308000000000001,1,1,2,0.5,0,-1.87271751640641,-538.963880683641,3.77225114310911,-0.409298895514407,3.6532306451103,
5.593,0.309,1,1,2,0.5,0,-2.2694856251752,-558.500228881801,3.98997052270607,-0.403372860258589,4.7872666395342,
5.594,0.310000000000001,1,1,2,0.5,0,-2.65883187043127,-577.556057830987,4.21113014752165,-0.396597783321004,5.8482983711459,
5.595,0.311,1,1,2,0.5,0,-3.04024548066485,-597.213291356104,4.43516665685426,-0.389193013803142,6.709272207138,
5.596,0.312,1,1,2,0.5,0,-3.41309396581813,-617.066967916621,4.66153793446494,-0.381223863216238,7.3851760644915,
5.597,0.313000000000001,1,1,2,0.5,0,-3.77667166680281,-637.593544061913,4.88962122669565,-0.372636787426789,7.9852138269549,
5.598,0.314,1,1,2,0.5,0,-4.13017641910411,-659.398115048671,5.11886758429102,-0.363337051630243,8.6154962308146,
5.599,0.315,1,1,2,0.5,0,-4.47274711756803,-681.713680407653,5.34858038653485,-0.3532464207551,9.323206317996,
5.6,0.316000000000001,1,1,2,0.5,0,-4.80349783932035,-703.723621781632,5.5776975803557,-0.342304921601657,10.1086228350539,
5.601,0.317,1,1,2,0.5,0,-5.1215433468948,-725.397031215111,5.80496028208944,-0.33048515051244,10.9497202506852,
5.602,0.318000000000001,1,1,2,0.5,0,-5.42600722094531,-746.718877231417,6.02906333835794,-0.317782581770625,11.8211288042642,
5.603,0.319,1,1,2,0.5,0,-5.7160011127193,-767.880610280738,6.24867563828922,-0.304197369424732,12.702522527259,
5.604,0.32,1,1,2,0.5,0,-5.99065793764876,-788.745822096645,6.46244467504824,-0.289733766403588,13.5839364672449,
5.605,0.321000000000001,1,1,2,0.5,0,-6.2491842210885,-809.491667128117,6.66903787411991,-0.274418782535906,14.4555000725301,
5.606,0.322,1,1,2,0.5,0,-6.49084627467582,-829.759199589936,6.86711023951784,-0.25830617693093,15.2988561349088,
5.607,0.323,1,1,2,0.5,0,-6.71492951367613,-849.115194343851,7.05521404555153,-0.241447678166943,16.0970870314911,
5.608,0.324000000000001,1,1,2,0.5,0,-6.92078557613986,-867.260042802172,7.2318771695661,-0.223888730415439,16.8448655125388,
5.609,0.325,1,1,2,0.5,0,-7.10786958881068,-884.058969549793,7.39569906371485,-0.205692600486831,17.5399677083801,
5.61,0.326000000000001,1,1,2,0.5,0,-7.27568285352403,-899.350824606734,7.54533897365443,-0.186934403221452,18.1735954765081,
5.611,0.327,1,1,2,0.5,0,-7.42370067521252,-912.968002723716,7.67946671616768,-0.167655856193133,18.7456819932297,
5.612,0.328,1,1,2,0.5,0,-7.55140013369251,-924.80181790857,7.79680782162049,-0.147860945633398,19.2773511588618,
5.613,0.329000000000001,1,1,2,0.5,0,-7.65831882220676,-934.67736349829,7.89621435931827,-0.127560736452818,19.7915910865637,
5.614,0.33,1,1,2,0.5,0,-7.74407657882927,-942.516724055134,7.97670633616508,-0.10680463993645,20.2853857950629,
5.615,0.331,1,1,2,0.5,0,-7.80839039975089,-948.128708854576,8.0375036520643,-0.085672855479765,20.7320366977267,
5.616,0.332000000000001,1,1,2,0.5,0,-7.85108044161616,-951.402114567747,8.07804917725243,-0.064259867914982,21.1034390070193,
5.617,0.333,1,1,2,0.5,0,-7.87204934172018,-952.322902916749,8.09800868711101,-0.0426608330538,21.3844408212733,
5.618,0.334000000000001,1,1,2,0.5,0,-7.87131815894133,-950.542083320036,8.09731301605681,-0.020975217767537,21.5691947997866,
5.619,0.335,1,1,2,0.5,0,-7.84911540836236,-945.83413350284,8.07626063198381,0.000662628254024,21.6453103793281,
5.62,0.336,1,1,2,0.5,0,-7.80576541902053,-938.472443105384,8.03541829697745,0.022105451867793,21.593670078634,
5.621,0.337000000000001,1,1,2,0.5,0,-7.74153987152198,-928.565439912037,7.97546253185878,0.043268485159991,21.4173932396353,
5.622,0.338,1,1,2,0.5,0,-7.65670995101363,-915.974962855858,7.89722642398817,0.064144191954474,21.1607724393548,
5.623,0.339,1,1,2,0.5,0,-7.5516553498095,-901.459356934659,7.80176150514802,0.084716012814144,20.8707389633536,
5.624,0.340000000000001,1,1,2,0.5,0,-7.42684629110982,-885.137499523031,7.69026976918287,0.104913534244061,20.550696811188,
5.625,0.341,1,1,2,0.5,0,-7.28282064622214,-866.971451610536,7.56409545838263,0.124647697307415,20.170803748874,
5.626,0.342000000000001,1,1,2,0.5,0,-7.12024418827364,-847.106534893036,7.42476109453601,0.143825912949526,19.70638634695,
5.627,0.343,1,1,2,0.5,0,-6.93990131155643,-825.925071755656,7.27390142814508,0.162341139660867,19.1461031892529,
5.628,0.344,1,1,2,0.5,0,-6.74265684747659,-803.645789886528,7.11318951250272,0.180083427295386,18.4822416675254,
5.629,0.345000000000001,1,1,2,0.5,0,-6.52943198589315,-780.286505508217,6.94432264028118,0.196968107122131,17.7168870152334,
5.63,0.346,1,1,2,0.5,0,-6.30123025854403,-755.972321767565,6.76903418126134,0.212923802062064,16.8632667030336,
5.631,0.347,1,1,2,0.5,0,-6.05907753207133,-732.024416916163,6.58887294763397,0.227893967356487,15.9387315123236,
5.632,0.348,1,1,2,0.5,0,-5.8039541734091,-708.686535470248,6.40509343911683,0.241858616392484,14.9641693105482,
5.633,0.349,1,1,2,0.5,0,-5.5368141706214,-685.686903648712,6.21884697691016,0.254837162243013,13.9704729578844,
5.634,0.350000000000001,1,1,2,0.5,0,-5.25859151585529,-662.860696696567,6.03124873018689,0.266859805143585,12.9876059211823,
5.635,0.351,1,1,2,0.5,0,-4.97016026045318,-640.20180689186,5.84332675329818,0.277960439363387,12.0328111813281,
5.636,0.352,1,1,2,0.5,0,-4.67237243611952,-617.869550164014,5.6560075871611,0.288175645890775,11.1116085163088,
5.637,0.353000000000001,1,1,2,0.5,0,-4.36615074153862,-595.983415455728,5.47015353110903,0.297511014728367,10.2168835281734,
5.638,0.354,1,1,2,0.5,0,-4.0524710002435,-574.79491014783,5.2865288099644,0.305928947520994,9.3240893310413,
5.639,0.355,1,1,2,0.5,0,-3.73226934148611,-553.770275798041,5.10584458768655,0.313398902519535,8.4087702678907,
5.64,0.356,1,1,2,0.5,0,-3.40645027353662,-532.944560731038,4.92880838010416,0.319930306276339,7.4727829642457,
5.641,0.357,1,1,2,0.5,0,-3.07583879140369,-514.155116666533,4.7557167919615,0.325571569446889,6.5459269534489,
5.642,0.358000000000001,1,1,2,0.5,0,-2.7410864075555,-496.638148024589,4.58653406449497,0.330416028392475,5.669264078937,
5.643,0.359,1,1,2,0.5,0,-2.40272868213127,-479.078322250342,4.42146346172438,0.334591715806425,4.8828687535844,
5.644,0.36,1,1,2,0.5,0,-2.06125768770709,-461.963807994889,4.26079416571943,0.338210103651409,4.209129002751,
5.645,0.361000000000001,1,1,2,0.5,0,-1.71712693043339,-445.031175706729,4.10473173042709,0.341334942579052,3.6375130404715,
5.646,0.362,1,1,2,0.5,0,-1.37079651461927,-428.272418844409,3.95350593191066,0.343992725980969,3.1327869451275,
5.647,0.363,1,1,2,0.5,0,-1.0228343201589,-411.59184084762,3.80738542648502,0.346160051845866,2.6507627985288,
5.648,0.364,1,1,2,0.5,0,-0.67398973011671,-395.570654005261,3.66659829167783,0.347737379541041,2.1374636750864,
5.649,0.365,1,1,2,0.5,0,-0.325128798713272,-380.13774461883,3.5312911144571,0.348584773776018,1.5353471080322,
5.65,0.366000000000001,1,1,2,0.5,0,0.0229718487342774,-366.373710218679,3.40136055407912,0.348627943808297,0.825107012227,
5.651,0.367,1,1,2,0.5,0,0.369785959136098,-353.139754346506,3.27659184301147,0.347942771520597,0.0659345970947,
5.652,0.368,1,1,2,0.5,0,0.715024941429759,-339.542352519682,3.15702141019771,0.346727533083091,-0.6256894366481,
5.653,0.369000000000001,1,1,2,0.5,0,1.0585175230788,-326.482507707766,3.04263411085673,0.345187600532723,-1.1536268264228,
5.654,0.37,1,1,2,0.5,0,1.40008452790507,-314.34484800054,2.93319137060672,0.343438828795596,-1.5051760725371,
5.655,0.371,1,1,2,0.5,0,1.73949384013593,-302.628788325754,2.82848807182168,0.341497370094478,-1.7439260702966,
5.656,0.372,1,1,2,0.5,0,2.07644243021285,-291.24180575171,2.7284361421404,0.339318403363301,-1.9549050209384,
5.657,0.373,1,1,2,0.5,0,2.4105800627781,-279.647175734855,2.63305839577465,0.336843519469601,-2.1964894709162,
5.658,0.374000000000001,1,1,2,0.5,0,2.74149967006904,-268.184178033349,2.54241432754933,0.334015512236458,-2.492045746776,
5.659,0.375,1,1,2,0.5,0,3.06877804117594,-257.08071270831,2.45646040862855,0.330792644018021,-2.8405285268983,
5.66,0.376,1,1,2,0.5,0,3.3920289636224,-246.57989651534,2.3750560303628,0.32716250736398,-3.22659045353,
5.661,0.377000000000001,1,1,2,0.5,0,3.71091726695957,-236.737773477363,2.29799385448438,0.323150371311805,-3.6225559428,
5.662,0.378,1,1,2,0.5,0,4.02513277758594,-227.350550739618,2.22508197959959,0.318795251256717,-4.0004314336087,
5.663,0.379,1,1,2,0.5,0,4.33438933391113,-218.220592500598,2.15618408092142,0.314129662149256,-4.345365569926,
5.664,0.38,1,1,2,0.5,0,4.63850149352152,-209.407364393196,2.09116065018104,0.309200923601104,-4.6513932239564,
5.665,0.381,1,1,2,0.5,0,4.93736786333506,-201.005129654805,2.02983140406992,0.304081741685775,-4.9069267260978,
5.666,0.382000000000001,1,1,2,0.5,0,5.23091514691948,-192.940347958075,1.9720105916531,0.298844380883859,-5.097502571152,
5.667,0.383,1,1,2,0.5,0,5.51909416680654,-185.162272477197,1.91752997036622,0.293532530343948,-5.2242540573384,
5.668,0.384,1,1,2,0.5,0,5.80186003669241,-177.559936740214,1.86624723985808,0.288165553995914,-5.3060413609494,
5.669,0.385000000000001,1,1,2,0.5,0,6.0791747601894,-170.211574835761,1.81802615957167,0.282754470969564,-5.3636706090919,
5.67,0.386,1,1,2,0.5,0,6.35101016358685,-163.222715087574,1.77270653721774,0.277306271383788,-5.408985990683,
5.671,0.387,1,1,2,0.5,0,6.61736211117188,-156.315586523174,1.73015171273672,0.271834162683582,-5.4442373522772,
5.672,0.388,1,1,2,0.5,0,6.87824586795035,-149.485321869853,1.6902624678328,0.266356527086792,-5.4665940348522,
5.673,0.389,1,1,2,0.5,0,7.13367297493588,-142.801160862461,1.65293352248516,0.26088721908256,-5.4734792500474,
5.674,0.390000000000001,1,1,2,0.5,0,7.38369425532732,-136.521470475223,1.61801522152048,0.255442353945184,-5.4644734219426,
5.675,0.391,1,1,2,0.5,0,7.6284046197231,-130.499887467739,1.58534377461864,0.250049753570966,-5.4365185684854,
5.676,0.392,1,1,2,0.5,0,7.86785553695418,-124.472071811064,1.55481713985988,0.244725805045068,-5.3876842486694,
5.677,0.393000000000001,1,1,2,0.5,0,8.10198332926779,-118.258894606834,1.5264021072131,0.239431813905249,-5.3355568645703,
5.678,0.394,1,1,2,0.5,0,8.33060193674563,-112.089823101152,1.50007110567474,0.23407197433812,-5.3227328838357,
5.679,0.395,1,1,2,0.5,0,8.55348354703262,-106.14540644947,1.47575079598295,0.228550263771316,-5.3886463388385,
5.68,0.396,1,1,2,0.5,0,8.77039958622956,-100.47229732132,1.45334144901798,0.22281303811723,-5.5378037930861,
5.681,0.397,1,1,2,0.5,0,8.98113762333652,-95.0932005721051,1.43273490444203,0.216852309896961,-5.7396218977563,
5.682,0.398000000000001,1,1,2,0.5,0,9.18554353185502,-89.9230700590446,1.4138256949975,0.210691799157416,-5.9536122061969,
5.683,0.399,1,1,2,0.5,0,9.38354057893326,-85.098703968445,1.39649879778158,0.20438288866296,-6.1450959102355,
5.684,0.4,1,1,2,0.5,0,9.5751167922545,-80.7157269787127,1.38061574738414,0.197993455383218,-6.2885474035685,
5.685,0.401000000000001,1,1,2,0.5,0,9.76035091225393,-76.8322668068081,1.36602411539087,0.191599835451797,-6.3665324396599,
5.686,0.402,1,1,2,0.5,0,9.93939877794484,-73.3050050794803,1.35258323634493,0.185280871703417,-6.369967081005,
5.687,0.403,1,1,2,0.5,0,10.112465601443,-70.0163800578142,1.34018114791239,0.179109429325641,-6.2971041921111,
5.688,0.404,1,1,2,0.5,0,10.2797560567897,-66.810450277181,1.3287362365372,0.173128225710547,-6.1586271601526,
5.689,0.405,1,1,2,0.5,0,10.4414597622866,-63.6603228798652,1.31818743279793,0.167347340837198,-5.9781796213751,
5.69,0.406000000000001,1,1,2,0.5,0,10.5977937290523,-60.5918285976509,1.3084750169381,0.16176880883248,-5.7802746352832,
5.691,0.407,1,1,2,0.5,0,10.7489931522797,-57.7136879791987,1.29953115400258,0.15640452532357,-5.5749633165649,
5.692,0.408,1,1,2,0.5,0,10.8952505446046,-54.9770747192672,1.29129022545689,0.15125717701814,-5.3634774966084,
5.693,0.409000000000001,1,1,2,0.5,0,11.0367083025637,-52.3041253609404,1.28370234643964,0.14630011128591,-5.155344094514,
5.694,0.41,1,1,2,0.5,0,11.1734911930967,-49.7290595045038,1.27672414946155,0.14149518804101,-4.968507757991,
5.695,0.411,1,1,2,0.5,0,11.3056973311583,-47.1586980245321,1.27031957133736,0.13681232501941,-4.813947924109,
5.696,0.412,1,1,2,0.5,0,11.4333933367878,-44.529536548782,1.26446546067825,0.13222612407339,-4.690482465916,
5.697,0.413,1,1,2,0.5,0,11.5566027451779,-42.0775945764952,1.25913005398409,0.12770306618731,-4.596256650712,
5.698,0.414000000000001,1,1,2,0.5,0,11.6753107618201,-39.7608433435906,1.2542726146588,0.12320497003755,-4.534512283166,
5.699,0.415,1,1,2,0.5,0,11.7895000897393,-37.5611357600406,1.24985794224519,0.11870282754967,-4.506798572092,
5.7,0.416,1,1,2,0.5,0,11.89919994583,-35.4176686759047,1.24585506007304,0.11419809298755,-4.501706208716,
5.701,0.417000000000001,1,1,2,0.5,0,12.0044966976739,-33.2893731025595,1.242237745909,0.10972576636521,-4.494234557914,
5.702,0.418,1,1,2,0.5,0,12.1055002989078,-31.280368170316,1.23897685770935,0.10532973793494,-4.459159546653,
5.703,0.419,1,1,2,0.5,0,12.2023041535029,-29.6519436740881,1.23602761638138,0.10103162242526,-4.389544011714,
5.704,0.42,1,1,2,0.75,0,12.2950021596665,-28.2162722820576,1.2333454822617,0.09683202405729,-4.297934243344,
5.705,0.421,1,1,2,0.75,0,12.3837291510828,-26.7543044215029,1.23090679531803,0.09273845626886,-4.197344336621,
5.706,0.422000000000001,1,1,2,0.75,0,12.4686609584043,-25.3233882385416,1.22869526903866,0.08877974061205,-4.084921322806,
5.707,0.423,1,1,2,0.75,0,12.5499824773238,-24.0213652329507,1.22668887388715,0.08498727602934,-3.949295974066,
5.708,0.424,1,1,2,0.75,0,12.6278716407495,-22.870405395268,1.22486269349426,0.08137489879196,-3.788313701341,
5.709,0.425000000000001,1,1,2,0.75,0,12.7024846861825,-21.7765524914442,1.22319707074564,0.07793603467603,-3.614349504544,
5.71,0.426,1,1,2,0.75,0,12.7739478061016,-20.5628316614324,1.22168421850213,0.07465090317664,-3.444798267403,
5.711,0.427,1,1,2,0.75,0,12.8423455761734,-19.2344617076103,1.22032319544146,0.07148849261908,-3.294435001803,
5.712,0.428,1,1,2,0.75,0,12.9077102756843,-17.7975868335036,1.21911290107888,0.06840745385772,-3.174815301249,
5.713,0.429,1,1,2,0.75,0,12.9700226256644,-16.4910414931669,1.21804459857457,0.06535891581993,-3.095700083149,
5.714,0.430000000000001,1,1,2,0.75,0,13.0292567247461,-15.3480673993584,1.21710161810916,0.06230457956982,-3.060027718557,
5.715,0.431,1,1,2,0.75,0,13.0854572147871,-14.3741797079652,1.21626641568288,0.05924749163901,-3.053422290624,
5.716,0.432,1,1,2,0.75,0,13.1387506052427,-13.4406649659596,1.21552524199405,0.05623844287759,-3.041850675783,
5.717,0.433000000000001,1,1,2,0.75,0,13.1892883432806,-12.6814018809741,1.21486516690839,0.05333882460591,-2.990631365315,
5.718,0.434,1,1,2,0.75,0,13.2372060842743,-11.9568833481971,1.21427486142332,0.05057843464995,-2.890678923886,
5.719,0.435000000000001,1,1,2,0.75,0,13.2826121720762,-11.2818845763798,1.21374727065492,0.04795024414942,-2.762498614047,
5.72,0.436,1,1,2,0.75,0,13.3255990786787,-10.6462889204946,1.21327595848189,0.04543382939962,-2.63431761194,
5.721,0.437,1,1,2,0.75,0,13.3662621053474,-9.95107065918689,1.21285718299094,0.04301549698218,-2.520522775311,
5.722,0.438000000000001,1,1,2,0.75,0,13.4046850847282,-9.25100100284021,1.21248828258917,0.04068817646247,-2.420453547829,
5.723,0.439,1,1,2,0.75,0,13.4409262983878,-8.66504518302555,1.21216363296029,0.03844046385081,-2.330741716614,
5.724,0.44,1,1,2,0.75,0,13.4750128934998,-8.20754013472403,1.21187606846818,0.03624935781168,-2.254613012316,
5.725,0.441000000000001,1,1,2,0.75,0,13.5069533920811,-7.69529298222479,1.21162209625888,0.03408915171707,-2.198818027533,
5.726,0.442,1,1,2,0.75,0,13.5367607143724,-7.04983717462039,1.21140233983547,0.03194437465351,-2.164847368651,
5.727,0.443000000000001,1,1,2,0.75,0,13.5644440991789,-6.50815359137577,1.21121467429768,0.02981009393286,-2.146256870002,
5.728,0.444,1,1,2,0.75,0,13.5900052025159,-6.06332417661887,1.21105400387652,0.02768388161109,-2.135009103859,
5.729,0.445,1,1,2,0.75,0,13.6134680611525,-5.78402601826494,1.2109150175251,0.02556831436773,-2.125439317911,
5.73,0.446000000000001,1,1,2,0.75,0,13.6349052642379,-5.68677788963834,1.21079206654864,0.02348463538136,-2.109194289786,
5.731,0.447,1,1,2,0.75,0,13.6544393917373,-5.78481238692872,1.21068002279509,0.02147397707496,-2.071339259476,
5.732,0.448,1,1,2,0.75,0,13.672230436971,-5.9427001730444,1.21057570044188,0.01958212549549,-1.996922492312,
5.733,0.449000000000001,1,1,2,0.75,0,13.6884518773207,-6.14172208986432,1.21047768707443,0.01784308844821,-1.881649237892,
5.734,0.45,1,1,2,0.75,0,13.7032799582226,-6.26845895308619,1.21038567749017,0.01627431398056,-1.733802633048,
5.735,0.451000000000001,1,1,2,0.75,0,13.716855787788,-6.28414165975429,1.21030047150691,0.01487041333529,-1.570391094825,
5.736,0.452,1,1,2,0.75,0,13.729270289522,-6.26081781735685,1.21022260179632,0.01360310661693,-1.412384613911,
5.737,0.453,1,1,2,0.75,0,13.7405841142434,-6.27558631080708,1.21015168445685,0.01243269697964,-1.279215772112,
5.738,0.454000000000001,1,1,2,0.75,0,13.7508323208484,-6.31415013554896,1.21008717334675,0.01132434239026,-1.180862247238,
5.739,0.455,1,1,2,0.75,0,13.7600396326165,-6.30113069997157,1.2100290969349,0.01025562358885,-1.115080367362,
5.74,0.456,1,1,2,0.75,0,13.7682344804898,-6.22497277449314,1.20997777217869,0.00921584105073,-1.071928658814,
5.741,0.457000000000001,1,1,2,0.75,0,13.7754422954016,-6.18684912468899,1.20993304112121,0.00820247715329,-1.040537824903,
5.742,0.458,1,1,2,0.75,0,13.7817072571262,-6.22486938427958,1.20989416165051,0.00722106884409,-1.011702813172,
5.743,0.459000000000001,1,1,2,0.75,0,13.7870964030489,-6.41321560818959,1.2098601074084,0.00628507294019,-0.977371264082,
5.744,0.46,1,1,2,0.75,0,13.7916663489604,-6.65404726792918,1.20983024906613,0.00540613065991,-0.932503538404,
5.745,0.461,1,1,2,0.75,0,13.7954544670885,-6.78912760659834,1.20980478689891,0.00458115757984,-0.879867607303,
5.746,0.462000000000001,1,1,2,0.75,0,13.7984810093696,-6.91532324271561,1.20978404834894,0.00379419370902,-0.829761077358,
5.747,0.463,1,1,2,0.75,0,13.8007657659851,-7.22742689454269,1.20976789197797,0.00303247933552,-0.790791784399,
5.748,0.464,1,1,2,0.75,0,13.8023422618773,-7.47137090731355,1.20975630568079,0.00229481409819,-0.762074481845,
5.749,0.465000000000001,1,1,2,0.75,0,13.8032488836477,-7.70708736201826,1.20974942512044,0.00158801187265,-0.735621074644,
5.75,0.466,1,1,2,0.75,0,13.8035330621316,-8.08012970371384,1.20974718192673,0.00092085102099,-0.704168716913,
5.751,0.467000000000001,1,1,2,0.75,0,13.8032890158892,-8.55896099838186,1.20974921228051,0.00031244405196,-0.661427099035,
5.752,0.468,1,1,2,0.75,0,13.8026570402462,-9.00837799197957,1.20975476334569,-0.00020195764469,-0.597831552105,
5.753,0.469,1,1,2,0.75,0,13.8017558281304,-9.20114124888829,1.20976296866537,-0.00059636776466,-0.50660580536,
5.754,0.470000000000001,1,1,2,0.75,0,13.8006352982668,-9.168030422108,1.20977326026809,-0.0008862364983,-0.399045177075,
5.755,0.471,1,1,2,0.75,0,13.7992888308543,-9.14770444669682,1.20978559103815,-0.00112251580393,-0.305154321136,
5.756,0.472,1,1,2,0.75,0,13.797704955365,-9.3095592162033,1.20980020804191,-0.00134990857087,-0.249690172426,
5.757,0.473000000000001,1,1,2,0.75,0,13.7958782846051,-9.41559140827606,1.20981731038447,-0.00158549164744,-0.232515821436,
5.758,0.474,1,1,2,0.75,0,13.7938042098236,-9.49475722987085,1.20983692112308,-0.0018280533852,-0.235219582038,
5.759,0.475000000000001,1,1,2,0.75,0,13.7914831284631,-9.62056727857645,1.20985910523479,-0.00207395554872,-0.241470267131,
5.76,0.476,1,1,2,0.75,0,13.7889082475294,-9.80934701954017,1.20988412009273,-0.00232311925876,-0.245878499748,
5.761,0.477,1,1,2,0.75,0,13.7860679683566,-9.95730171114677,1.20991219149308,-0.00257836053347,-0.250008515485,
5.762,0.478000000000001,1,1,2,0.75,0,13.7829678373048,-10.0670582875382,1.20994323056319,-0.00283861526477,-0.254922042286,
5.763,0.479,1,1,2,0.75,0,13.7796185119471,-10.2797090744865,1.20997730453513,-0.00309693377987,-0.258169829463,
5.764,0.48,1,1,2,0.75,0,13.7760265905856,-10.4982055719391,1.21001462085286,-0.00334734586707,-0.25652745159,
5.765,0.481,1,1,2,0.75,0,13.7721993492074,-10.5843223983645,1.21005496481456,-0.00358973856537,-0.2503781989,
5.766,0.482,1,1,2,0.75,0,13.7681473646965,-10.7172570524212,1.21009812164956,-0.003824068313,-0.242379629769,
5.767,0.483000000000001,1,1,2,0.75,0,13.7638948559939,-10.9543179598164,1.21014420093023,-0.0040447188286,-0.232644863222,
5.768,0.484,1,1,2,0.75,0,13.7594684149074,-11.2652334049653,1.21019337769777,-0.00424453116026,-0.218502830027,
5.769,0.485,1,1,2,0.75,0,13.7548851253763,-11.4306132792505,1.21024538851602,-0.00442131590471,-0.199155510679,
5.77,0.486000000000001,1,1,2,0.75,0,13.750156784444,-11.5421362603215,1.21029970001201,-0.00457975041808,-0.178187951289,
5.771,0.487,1,1,2,0.75,0,13.7452983367655,-11.6560391575336,1.21035605357276,-0.0047238575358,-0.159641363999,
5.772,0.488,1,1,2,0.75,0,13.7403335709491,-11.7779315008712,1.210414225661,-0.00485131109601,-0.143409269162,
5.773,0.489,1,1,2,0.75,0,13.7352942384577,-11.9874911804392,1.21047410659434,-0.00495524037753,-0.125392343856,
5.774,0.49,1,1,2,0.75,0,13.7302082375607,-12.2042792579794,1.21053562627742,-0.00503096301058,-0.102524570586,
5.775,0.491000000000001,1,1,2,0.75,0,13.7250810819501,-12.3969280296198,1.2105986933864,-0.0050843467894,-0.077482971322,
5.776,0.492,1,1,2,0.75,0,13.7198937458964,-12.6163445278548,1.21066356951168,-0.00513286332945,-0.058625263458,
5.777,0.493,1,1,2,0.75,0,13.7146240359205,-12.8761644631825,1.21073073857615,-0.00519399409743,-0.05376098006,
5.778,0.494000000000001,1,1,2,0.75,0,13.7092593636808,-13.1654366685379,1.21080059090349,-0.00527348647838,-0.062854983492,
5.779,0.495,1,1,2,0.75,0,13.7038026095262,-13.4084295656862,1.21087309443098,-0.00536380813503,-0.077232679769,
5.78,0.496,1,1,2,0.75,0,13.6982760452136,-13.5154548734801,1.21094749272043,-0.00545007262753,-0.085855724695,
5.781,0.497,1,1,2,0.75,0,13.6927109381193,-13.6896494761002,1.21102319238003,-0.00551718409971,-0.081735735649,
5.782,0.498,1,1,2,0.75,0,13.6871325828127,-13.9875470120584,1.21110038899799,-0.00555751872348,-0.064824323753,
5.783,0.499000000000001,1,1,2,0.75,0,13.6815543185127,-14.3369976798973,1.21117938989622,-0.00557435354093,-0.041317736397,
5.784,0.5,1,1,2,0.75,0,13.6759859453915,-14.5376063374802,1.21125978218067,-0.00557532424834,-0.019125526334,
5.785,0.501,1,1,2,0.75,0,13.6704428744244,-14.6390222142612,1.21134064624199,-0.00556374982861,-0.00196640228,
5.786,0.502000000000001,1,1,2,0.75,0,13.6649404160209,-14.8277427488118,1.21142171606624,-0.00553847784425,0.011920150977,
5.787,0.503,1,1,2,0.75,0,13.6594818991035,-15.0398236517603,1.21150323237447,-0.00550145972675,0.024686554913,
5.788,0.504,1,1,2,0.75,0,13.6540541128078,-15.1758531426645,1.21158523449269,-0.00546248017672,0.034082707317,
5.789,0.505,1,1,2,0.75,0,13.6486436877201,-15.4229961705915,1.21166801088367,-0.00543179711981,0.035902172335,
5.79,0.506,1,1,2,0.75,0,13.6432539897986,-15.8634468724062,1.2117523231222,-0.00540941530024,0.030681633644,
5.791,0.507000000000001,1,1,2,0.75,0,13.6378983489195,-16.2351079632003,1.21183827728841,-0.00538569895864,0.025272547381,
5.792,0.508,1,1,2,0.75,0,13.6325943710593,-16.5178933385026,1.21192513788529,-0.00535035908615,0.026803044258,
5.793,0.509,1,1,2,0.75,0,13.6273688726889,-16.8010423316737,1.21201219190732,-0.00529593291893,0.037578701642,
5.794,0.510000000000001,1,1,2,0.75,0,13.6222515459718,-16.9905918081222,1.21209865332342,-0.00521659072135,0.056175087909,
5.795,0.511,1,1,2,0.75,0,13.6172653045698,-17.1207113156415,1.21218369691937,-0.00511045261856,0.079906160035,
5.796,0.512,1,1,2,0.75,0,13.6124265264532,-17.2744300612704,1.21226691214808,-0.00498132801091,0.104995282685,
5.797,0.513,1,1,2,0.75,0,13.6077471498955,-17.4814549065848,1.21234823008476,-0.00483519663455,0.127330686805,
5.798,0.514,1,1,2,0.75,0,13.6032380524712,-17.6735623988531,1.21242748878375,-0.00467611328535,0.144914937599,
5.799,0.515000000000001,1,1,2,0.75,0,13.5989129114636,-17.8201316394683,1.21250424639955,-0.00450499423931,0.1588084664,
5.8,0.516,1,1,2,0.75,0,13.5947759860013,-17.9782226675198,1.21257829396127,-0.00432386326902,0.170511914263,
5.801,0.517,1,1,2,0.75,0,13.5908187278099,-18.1379579862984,1.21264975448714,-0.00413948994462,0.179100099248,
5.802,0.518000000000001,1,1,2,0.75,0,13.5870214128574,-18.2131059631547,1.21271877270647,-0.003963175401,0.180982983933,
5.803,0.519,1,1,2,0.75,0,13.5833638808128,-18.2899280465661,1.21278552821478,-0.0038033630518,0.173781519528,
5.804,0.52,1,1,2,0.75,0,13.5798405070999,-18.3900765664649,1.2128501468968,-0.00365921941746,0.160062393068,
5.805,0.521,1,1,2,0.75,0,13.5764548597241,-18.4951315927245,1.21291258705091,-0.00352230331128,0.14667599035,
5.806,0.522,1,1,2,0.75,0,13.5732158199479,-18.5337677373977,1.21297255608981,-0.00338298299705,0.139805627043,
5.807,0.523000000000001,1,1,2,0.75,0,13.5701329479379,-18.5436375309996,1.21302970853726,-0.00323617172622,0.140846338795,
5.808,0.524,1,1,2,0.75,0,13.5672149471752,-18.596745279253,1.21308389636994,-0.00308026096567,0.147293830766,
5.809,0.525,1,1,2,0.75,0,13.5644640131366,-18.7804100548588,1.21313530741438,-0.00291734211966,0.155283339272,
5.81,0.526000000000001,1,1,2,0.75,0,13.5618688836534,-19.0231407293809,1.21318435996899,-0.00275431268921,0.160849595704,
5.811,0.527,1,1,2,0.75,0,13.5594128828404,-19.092400317465,1.21323116586889,-0.00260013224876,0.160341558118,
5.812,0.528,1,1,2,0.75,0,13.5570906010375,-19.1000200893233,1.21327551265034,-0.00245762371103,0.153333566634,
5.813,0.529,1,1,2,0.75,0,13.5549010984396,-19.1407104084378,1.21331737673973,-0.00232256374443,0.143775537207,
5.814,0.53,1,1,2,0.75,0,13.5528343506498,-19.2419235507071,1.21335704035168,-0.00219250991697,0.135792696197,
5.815,0.531000000000001,1,1,2,0.75,0,13.5508753807894,-19.2899672747493,1.21339478175808,-0.00207124085341,0.128920240032,
5.816,0.532,1,1,2,0.75,0,13.5490161740619,-19.3069239428915,1.21343066155798,-0.00196137429935,0.12048373988,
5.817,0.533,1,1,2,0.75,0,13.5472585583205,-19.3336757664951,1.21346461922114,-0.00185865837157,0.111142119026,
5.818,0.534000000000001,1,1,2,0.75,0,13.5456075349435,-19.3608361621373,1.21349656199302,-0.00175611532792,0.104809250425,
5.819,0.535,1,1,2,0.75,0,13.5440599352223,-19.3274738759166,1.21352649900193,-0.00165197398957,0.103074397299,
5.82,0.536,1,1,2,0.75,0,13.5426111377476,-19.2806512440713,1.21355446667902,-0.00154898614396,0.103315802118,
5.821,0.537,1,1,2,0.75,0,13.5412589404371,-19.2388062852403,1.21358050963245,-0.00144945809939,0.10229595312,
5.822,0.538,1,1,2,0.75,0,13.54000030856,-19.2422966251658,1.21360472640385,-0.00135310772974,0.099612682406,
5.823,0.539000000000001,1,1,2,0.75,0,13.5388370125783,-19.2671737582459,1.21362712535993,-0.0012581007385,0.096900658603,
5.824,0.54,1,1,2,0.75,0,13.5377656108921,-19.4025644653022,1.21364784077129,-0.00116432846167,0.09503959044,
5.825,0.541,1,1,2,0.75,0,13.5367806449075,-19.4977694572405,1.21366699852415,-0.00107303926437,0.093397767294,
5.826,0.542000000000001,1,1,2,0.75,0,13.535877920684,-19.4922354872628,1.21368459713512,-0.00098622416675,0.090691891255,
5.827,0.543,1,1,2,0.75,0,13.5350459551785,-19.4832218392381,1.21370081025314,-0.00090616913643,0.086129307334,
5.828,0.544,1,1,2,0.75,0,13.5342757991211,-19.4949789542558,1.21371581990187,-0.00083465028647,0.079522196402,
5.829,0.545,1,1,2,1,0,13.5335630196621,-19.4140089707153,1.21372968666555,-0.00077148591231,0.071573361328,
49.917,0,90,90,2,89,0,12.628393350433,-34.4365966956662,0,-0.00063599530258,0.093339219895,
49.918,0.000999999999997669,90,90,2,89,0,12.6279426295687,-34.4802825525373,1.55311376914824E-05,-0.0005387595969,0.099056366106,
49.919,0.00200000000000244,90,90,2,89,0,12.6275525997966,-34.4285414936946,2.89693841608596E-05,-0.00045748863213,0.094147925419,
49.92,0.00300000000000011,90,90,2,89,0,12.6272015136549,-34.215265529875,4.10193288331584E-05,-0.00039655401064,0.079959484059,
49.921,0.00399999999999778,90,90,2,89,0,12.6268764285358,-34.0745010621922,5.21193222908778E-05,-0.00035496892404,0.061230664007,
49.922,0.00500000000000256,90,90,2,89,0,12.6265708215172,-34.001763736812,6.25216144527485E-05,-0.00032704199573,0.04329249958,
49.923,0.00600000000000023,90,90,2,89,0,12.6262821401103,-34.0407519840865,7.23429190401248E-05,-0.00030637276524,0.029847066451,
49.924,0.0069999999999979,90,90,2,89,0,12.6260101974322,-34.0801362706858,8.16054074306294E-05,-0.00028873747177,0.02193635873,
49.925,0.00800000000000267,90,90,2,89,0,12.6257639472984,-34.1035464733072,9.00005279333982E-05,-0.00026925653345,0.019099168031,
49.926,0.00900000000000034,90,90,2,89,0,12.6255549220051,-34.0301288575682,9.71213586637987E-05,-0.00024279044494,0.021022789922,
49.927,0.00999999999999801,90,90,2,89,0,12.6253869451879,-34.0794739135372,0.000102841775813545,-0.00020787820262,0.026904389596,
49.928,0.0110000000000028,90,90,2,89,0,12.6252599028677,-34.2038781837686,0.000107179213557629,-0.00016801101093,0.033864880988,
49.929,0.0120000000000005,90,90,2,89,0,12.6251711056944,-34.3359063715354,0.000110222283126404,-0.00012784912523,0.038469115082,
49.93,0.0129999999999981,90,90,2,89,0,12.625112323617,-34.3906494651151,0.000112242227984893,-9.12661886E-05,0.038999792776,
49.931,0.0140000000000029,90,90,2,89,0,12.6250744720493,-34.3587145273082,0.00011354336358238,-6.150745326E-05,0.035609360964,
49.932,0.0150000000000006,90,90,2,89,0,12.6250559579428,-34.3038952002039,0.00011417897701449,-3.832948225E-05,0.029831766428,
49.933,0.0159999999999982,90,90,2,89,0,12.6250531438719,-34.2470802485709,0.000114275430675548,-1.960533418E-05,0.023816053427,
49.934,0.0169999999999959,90,90,2,89,0,12.6250645590364,-34.1543550841404,0.000113885023850457,-3.25531096E-06,0.019348057497,
49.935,0.0180000000000007,90,90,2,89,0,12.6250811697487,-33.9805174405193,0.000113319139472878,8.70505822E-06,0.015745364463,
49.936,0.0189999999999984,90,90,2,89,0,12.6250930334332,-33.8942756991466,0.00011291651691181,1.362793962E-05,0.011166019058,
49.937,0.019999999999996,90,90,2,89,0,12.6250904917106,-33.908890594061,0.00011300268533887,8.96617071E-06,0.004158732641,
49.938,0.0210000000000008,90,90,2,89,0,12.6250683692354,-34.0473170561864,0.000113754365102636,-4.09432625E-06,-0.004305992232,
49.939,0.0219999999999985,90,90,2,89,0,12.6250462994043,-34.1452499210317,0.000114506864321129,-1.623245619E-05,-0.010264168439,
49.94,0.0229999999999961,90,90,2,89,0,12.6250432333501,-34.0816282900392,0.000114611457973979,-1.638449126E-05,-0.008819011585,
49.941,0.0240000000000009,90,90,2,89,0,12.6250643140107,-34.0458407336287,0.000113893371946006,-1.52317283E-06,0.000756142519,
49.942,0.0249999999999986,90,90,2,89,0,12.6250973531568,-34.0006801889601,0.000112769272476498,1.742419181E-05,0.011583126243,
49.943,0.0259999999999962,90,90,2,89,0,12.6251147500148,-33.9716597414109,0.000112178019904263,2.475891402E-05,0.014237758048,
49.944,0.027000000000001,90,90,2,89,0,12.6251014005454,-33.9638824125268,0.000112631471623104,1.286564621E-05,0.005050117933,
49.945,0.0279999999999987,90,90,2,89,0,12.6250747404407,-34.0137282515232,0.000113537616726944,-8.11876177E-06,-0.008852212855,
49.946,0.0289999999999964,90,90,2,89,0,12.6250610741121,-34.0405442634869,0.000114002642760624,-1.876878128E-05,-0.015156749388,
49.947,0.0300000000000011,90,90,2,89,0,12.6250749379699,-34.0106996706149,0.00011353091638,-9.30540551E-06,-0.007716317467,
49.948,0.0309999999999988,90,90,2,89,0,12.6251103468469,-34.017505804094,0.000112326515193217,1.206830764E-05,0.0070024584,
49.949,0.0319999999999965,90,90,2,89,0,12.6251498860443,-34.0257486996842,0.000110981327352988,3.018446736E-05,0.016823345907,
49.95,0.0330000000000013,90,90,2,89,0,12.6251803343288,-34.0086312166033,0.000109945562272173,3.557282741E-05,0.015275085848,
49.951,0.0339999999999989,90,90,2,89,0,12.6251928962468,-34.0179424456251,0.000109518290145161,2.780964842E-05,0.005261238239,
49.952,0.0349999999999966,90,90,2,89,0,12.625184265666,-34.1046778044333,0.000109812259040609,1.157007831E-05,-0.006360634614,
49.953,0.0360000000000014,90,90,2,89,0,12.6251631484842,-34.2279936804461,0.000110533755758979,-6.01881146E-06,-0.014101448672,
49.954,0.036999999999999,90,90,2,89,0,12.6251466629883,-34.3843665688157,0.000111099310146301,-1.598169573E-05,-0.014896292222,
49.955,0.0379999999999967,90,90,2,89,0,12.6251474936165,-34.5445972884082,0.000111070682976333,-1.268016444E-05,-0.008271361252,
49.956,0.0390000000000015,90,90,2,89,0,12.6251655303646,-34.6501337889435,0.000110446659007835,7.9762694E-07,0.002375084649,
49.957,0.0399999999999991,90,90,2,89,0,12.6251915905418,-34.6832594239914,0.000109543238750121,1.528194086E-05,0.010726870115,
49.958,0.0409999999999968,90,90,2,89,0,12.6252220828933,-34.6629388856531,0.000108485974422479,2.498280076E-05,0.012747320952,
49.959,0.0420000000000016,90,90,2,89,0,12.6252527638642,-34.5524781003437,0.000107424176320592,2.921928503E-05,0.009496583417,
49.96,0.0429999999999993,90,90,2,89,0,12.6252719679156,-34.4988791646655,0.000106761143413792,2.718130923E-05,0.003993458938,
49.961,0.0439999999999969,90,90,2,89,0,12.6252758727316,-34.5702845109,0.000106626292222245,1.805735663E-05,-0.002281430819,
49.962,0.0450000000000017,90,90,2,89,0,12.6252751482713,-34.620816596252,0.000106651355324061,7.10580373E-06,-0.00754643965,
49.963,0.0459999999999994,90,90,2,89,0,12.6252813643615,-34.6506324757354,0.000106436056540815,2.74648774E-06,-0.008425601737,
49.964,0.046999999999997,90,90,2,89,0,12.6253038011224,-34.618334826093,0.000105658970909417,9.00012626E-06,-0.00315310071,
49.965,0.0480000000000018,90,90,2,89,0,12.6253399828902,-34.5137702140655,0.000104408310022563,2.169406176E-05,0.005001841261,
49.966,0.0489999999999995,90,90,2,89,0,12.6253768973046,-34.5819169184379,0.000103132996613908,3.227805971E-05,0.010128865141,
49.967,0.0499999999999972,90,90,2,89,0,12.6254015613373,-34.7105356492162,0.000102278480952123,3.301950591E-05,0.00826421369,
49.968,0.0510000000000019,90,90,2,89,0,12.6254112559516,-34.7847743442905,0.000101941615838541,2.384832169E-05,0.000720422599,
49.969,0.0519999999999996,90,90,2,89,0,12.625405546128,-34.7060847737313,0.00010214000610631,9.56410845E-06,-0.0077313038,
49.97,0.0529999999999973,90,90,2,89,0,12.6253910139898,-34.5731912108182,0.000102643394114921,-3.73518661E-06,-0.01245482908,
49.971,0.054000000000002,90,90,2,89,0,12.6253813289296,-34.4102275635353,0.000102977448392494,-1.043132042E-05,-0.011613822139,
49.972,0.0549999999999997,90,90,2,89,0,12.6253858485364,-34.3868953666595,0.000102821980419776,-6.8777835E-06,-0.005602180966,
49.973,0.0559999999999974,90,90,2,89,0,12.6254007729129,-34.5251113694079,0.000102307746047359,3.37963761E-06,0.002489800958,
49.974,0.0570000000000022,90,90,2,89,0,12.6254205634569,-34.6160798597979,0.000101623575147869,1.326279584E-05,0.008133976989,
49.975,0.0579999999999998,90,90,2,89,0,12.6254450089222,-34.6260271044435,0.000100777247382666,1.972717014E-05,0.008969801915,
49.976,0.0589999999999975,90,90,2,89,0,12.6254754146718,-34.5028227623157,9.97262901307749E-05,2.48370742E-05,0.007083668407,
49.977,0.0600000000000023,90,90,2,89,0,12.6255016268264,-34.3806887255634,9.88234975096702E-05,2.735958581E-05,0.004740027397,
49.978,0.0609999999999999,90,90,2,89,0,12.625514031014,-34.4362867579684,9.83966881733522E-05,2.3327843E-05,0.001332453019,
49.979,0.0619999999999976,90,90,2,89,0,12.6255165251673,-34.5154698145878,9.83107000536165E-05,1.357356741E-05,-0.003782226318,
49.98,0.0630000000000024,90,90,2,89,0,12.6255209026678,-34.4368209301,9.81597807054868E-05,6.03216775E-06,-0.007373652977,
49.981,0.0640000000000001,90,90,2,89,0,12.6255348385123,-34.3499205531316,9.76804800387754E-05,6.67999954E-06,-0.005748493004,
49.982,0.0649999999999977,90,90,2,89,0,12.6255578643567,-34.4448153475953,9.68884515941681E-05,1.379534127E-05,0.000131315337,
49.983,0.0660000000000025,90,90,2,89,0,12.6255831793718,-34.4354998303133,9.6016598490678E-05,2.098559564E-05,0.00519756254,
49.984,0.0670000000000002,90,90,2,89,0,12.625608653553,-34.3431054278722,9.51405591678167E-05,2.467601372E-05,0.006117829691,
49.985,0.0679999999999978,90,90,2,89,0,12.6256373569546,-34.3663374947761,9.41544618058288E-05,2.639519749E-05,0.004148998674,
49.986,0.0690000000000026,90,90,2,89,0,12.6256749999632,-34.4282273658089,9.28596446101437E-05,3.041651758E-05,0.003001194959,
49.987,0.0700000000000003,90,90,2,89,0,12.6257166004199,-34.3678509058698,9.14286704727374E-05,3.614836093E-05,0.003843836172,
49.988,0.070999999999998,90,90,2,89,0,12.6257505168422,-34.2117536303669,9.02656830561455E-05,3.810801195E-05,0.004087028673,
49.989,0.0720000000000027,90,90,2,89,0,12.625769685945,-34.0924214967793,8.96110181827225E-05,3.179743677E-05,0.000610240859,
49.99,0.0730000000000004,90,90,2,89,0,12.6257790863243,-34.0357365903772,8.92908029186401E-05,2.06626816E-05,-0.005276761317,
49.991,0.0739999999999981,90,90,2,89,0,12.6257898204861,-34.0122535856394,8.89255838529834E-05,1.27311311E-05,-0.008726539772,
49.992,0.0750000000000028,90,90,2,89,0,12.6258112096183,-33.9722691863931,8.81985188811996E-05,1.353051817E-05,-0.00627323063,
49.993,0.0760000000000005,90,90,2,89,0,12.625835000356,-33.9545815534498,8.73905039355805E-05,1.891312273E-05,-0.000444928954,
49.994,0.0769999999999982,90,90,2,89,0,12.6258483586118,-33.9923165686364,8.69366779170377E-05,1.994051148E-05,0.00270107457,
49.995,0.078000000000003,90,90,2,89,0,12.6258556661635,-33.9583373380014,8.66884014527614E-05,1.467278914E-05,0.000445420166,
49.996,0.0790000000000006,90,90,2,89,0,12.6258680199628,-33.8931826901527,8.62692894258998E-05,1.063663721E-05,-0.00300971789,
49.997,0.0799999999999983,90,90,2,89,0,12.625889678224,-33.9555644649926,8.55345464856327E-05,1.363126359E-05,-0.00229638956,
49.998,0.080999999999996,90,90,2,89,0,12.6259116452015,-34.3088384715189,8.47847651783695E-05,1.895953755E-05,0.001585487161,
49.999,0.0820000000000007,90,90,2,89,0,12.6259248137381,-34.7776368705988,8.4329881289591E-05,1.923483035E-05,0.003112285338,
50,0.0829999999999984,90,90,2,89,0,12.62592891848,-34.9802596990421,8.41867122147733E-05,1.308893045E-05,-0.000135170662,
50.001,0.0839999999999961,90,90,2,89,0,12.6259292935353,-34.8920072595061,8.41736092382916E-05,5.7049743E-06,-0.004590958965,
50.002,0.0850000000000009,90,90,2,89,0,12.6259247190863,-34.7227172850696,8.43328337367666E-05,9.10999E-09,-0.006506111723,
50.003,0.0859999999999985,90,90,2,89,0,12.6259137869885,-34.6928160134835,8.4712262435005E-05,-4.99689235E-06,-0.005995333271,
50.004,0.0869999999999962,90,90,2,89,0,12.6259093825641,-34.7788228030533,8.48652537257522E-05,-7.06650114E-06,-0.004332042866,
50.005,0.088000000000001,90,90,2,89,0,12.6259263221614,-34.826174619548,8.42757134051908E-05,4.048009E-08,-0.000197549849,
50.006,0.0889999999999986,90,90,2,89,0,12.6259679269265,-34.7738248092064,8.28278675868432E-05,1.793594113E-05,0.007590548167,
50.007,0.0899999999999963,90,90,2,89,0,12.6260252709407,-34.6607088250874,8.08370401443881E-05,3.892698949E-05,0.015587593293,
50.008,0.0910000000000011,90,90,2,89,0,12.6260816416066,-34.468894270805,7.88885992619726E-05,5.233023498E-05,0.017786031303,
50.009,0.0919999999999987,90,90,2,89,0,12.6261306986481,-34.3700998179162,7.72000805682183E-05,5.446858307E-05,0.012300117131,
50.01,0.0929999999999964,90,90,2,89,0,12.6261684211686,-34.4616649315556,7.59018267473266E-05,4.785077252E-05,0.002890969718,
50.011,0.0940000000000012,90,90,2,89,0,12.6261978295048,-34.6368517791794,7.48857905392697E-05,3.862862151E-05,-0.004772265096,
50.012,0.0949999999999989,90,90,2,89,0,12.6262299532055,-34.6396595674429,7.37730815814075E-05,3.271720084E-05,-0.00744762977,
50.013,0.0959999999999965,90,90,2,89,0,12.626269426532,-34.5491785325152,7.24075247831024E-05,3.351397909E-05,-0.004892180096,
50.014,0.0970000000000013,90,90,2,89,0,12.626312074019,-34.5077417803648,7.09349727259223E-05,3.822068691E-05,-4.2702555E-05,
50.015,0.097999999999999,90,90,2,89,0,12.6263540138107,-34.5307863850674,6.94872419728654E-05,4.148293026E-05,0.003100389608,
50.016,0.0989999999999966,90,90,2,89,0,12.6263996274083,-34.5158852605821,6.79125084275256E-05,4.325424206E-05,0.003248303226,
50.017,0.100000000000001,90,90,2,89,0,12.6264438623113,-34.495962545898,6.63861422367518E-05,4.409784745E-05,0.001940279342,
50.018,0.100999999999999,90,90,2,89,0,12.6264855908687,-34.5533297812878,6.49454785559556E-05,4.38966077E-05,0.000808463771,
50.019,0.101999999999997,90,90,2,89,0,12.6265274360316,-34.612602614032,6.34983487088903E-05,4.251544273E-05,-0.000241763774,
50.02,0.103000000000002,90,90,2,89,0,12.6265639641707,-34.5866767909367,6.22344882543757E-05,4.021507411E-05,-0.001302948499,
50.021,0.103999999999999,90,90,2,89,0,12.6265893714145,-34.5207161066376,6.13565740650301E-05,3.478697765E-05,-0.002962925877,
50.022,0.104999999999997,90,90,2,89,0,12.6266015275225,-34.4500392487091,6.09373660864776E-05,2.476817165E-05,-0.00586699097,
50.023,0.106000000000002,90,90,2,89,0,12.6266059271756,-34.4499376508085,6.07857980838844E-05,1.380451227E-05,-0.008925049152,
50.024,0.106999999999999,90,90,2,89,0,12.6266103664712,-34.4149424553844,6.06329423078478E-05,6.73848232E-06,-0.009510914537,
50.025,0.107999999999997,90,90,2,89,0,12.6266215730514,-34.419147597905,6.02472449315883E-05,6.45758823E-06,-0.006199778021,
50.026,0.109000000000002,90,90,2,89,0,12.6266497256953,-34.4693629625307,5.92775480754426E-05,1.426021393E-05,0.000108621089,
50.027,0.109999999999999,90,90,2,89,0,12.6266910316534,-34.4464636370736,5.78542309597196E-05,2.701481905E-05,0.006863163589,
50.028,0.110999999999997,90,90,2,89,0,12.6267313647438,-34.438754242482,5.64650541008405E-05,3.706810353E-05,0.010458615102,
50.029,0.112000000000002,90,90,2,89,0,12.6267664973536,-34.4828668377886,5.52543558853813E-05,3.906480653E-05,0.008446706228,
50.03,0.113,90,90,2,89,0,12.6267958261768,-34.6065808127939,5.42411997912495E-05,3.4951618E-05,0.002580709985,
50.031,0.113999999999997,90,90,2,89,0,12.6268177672943,-34.6383237550852,5.34815444979131E-05,2.885364747E-05,-0.002875655671,
50.032,0.115000000000002,90,90,2,89,0,12.6268314829616,-34.5684546483726,5.3006935928579E-05,2.168979415E-05,-0.005822300767,
50.033,0.116,90,90,2,89,0,12.6268427682195,-34.4920422098187,5.2617253174958E-05,1.545417954E-05,-0.00656561687,
50.034,0.116999999999997,90,90,2,89,0,12.6268685437533,-34.4465129953398,5.17287891454998E-05,1.636146349E-05,-0.004371216655,
50.035,0.118000000000002,90,90,2,89,0,12.6269174027642,-34.3916770614393,5.00471062139241E-05,2.835349416E-05,0.002089838398,
50.036,0.119,90,90,2,89,0,12.6269795489321,-34.3828969713982,4.79100681047839E-05,4.592011487E-05,0.010338983666,
50.037,0.119999999999997,90,90,2,89,0,12.6270333663083,-34.3086723044196,4.60616680868498E-05,5.566138329E-05,0.013546638011,
50.038,0.121000000000002,90,90,2,89,0,12.627065342409,-34.3249941426166,4.49643495699092E-05,4.976363106E-05,0.007397167912,
50.039,0.122,90,90,2,89,0,12.6270800797201,-34.4147422170472,4.44578301284082E-05,3.335684647E-05,-0.004358755743,
50.04,0.122999999999998,90,90,2,89,0,12.6270847343926,-34.4648459981548,4.42975241696786E-05,1.68841564E-05,-0.013273846526,
50.041,0.124000000000002,90,90,2,89,0,12.6270847139295,-34.5659965610221,4.42982304633688E-05,6.2769234E-06,-0.014693281305,
50.042,0.125,90,90,2,89,0,12.6270834078656,-34.7261294734393,4.43434804395793E-05,9.9639734E-07,-0.010768858039,
50.043,0.125999999999998,90,90,2,89.25,0,12.6270809209076,-34.8602333428859,4.44300096233974E-05,-1.27465189E-06,-0.005975695093,
50.044,0.127000000000002,90,90,2,89.25,0,12.6270830231094,-34.876583104029,4.43567091963359E-05,-7.5594183E-07,-0.002336964492,
50.045,0.128,90,90,2,89.25,0,12.6271004398538,-34.8569038909272,4.37494440319597E-05,5.31981664E-06,0.001348896796,
50.046,0.128999999999998,90,90,2,89.25,0,12.6271354403187,-34.8790317578798,4.25290489545205E-05,1.809749777E-05,0.006419220745,
50.047,0.130000000000003,90,90,2,89.25,0,12.6271849665495,-34.9026276820741,4.0801037670235E-05,3.408307852E-05,0.011729474218,
50.048,0.131,90,90,2,89.25,0,12.6272433024737,-34.8705223068971,3.87658970737448E-05,4.781140905E-05,0.014346035798,
50.049,0.131999999999998,90,90,2,89.25,0,12.6273041454134,-34.8123931107826,3.66460403711244E-05,5.644512083E-05,0.012877119971,
50.05,0.133000000000003,90,90,2,89.25,0,12.62735951733,-34.7905169294724,3.47190171083867E-05,5.844952812E-05,0.008173306058,
50.051,0.134,90,90,2,89.25,0,12.6274150007955,-34.7868622886903,3.27888200502002E-05,5.70466882E-05,0.002971024474,
50.052,0.134999999999998,90,90,2,89.25,0,12.6274836380573,-34.7444597192734,3.04026002737601E-05,5.939613972E-05,0.000745021675,
50.053,0.136000000000003,90,90,2,89.25,0,12.6275681632296,-34.6698337970693,2.74689727177702E-05,6.945749606E-05,0.003537335534,
50.054,0.137,90,90,2,89.25,0,12.6276619193447,-34.6755474470896,2.4218195946446E-05,8.252808199E-05,0.008650553771,
50.055,0.137999999999998,90,90,2,89.25,0,12.6277547455928,-34.6958139866208,2.09984543459996E-05,9.070787216E-05,0.010700578325,
50.056,0.139000000000003,90,90,2,89.25,0,12.6278320702182,-34.5533647484025,1.83211209474621E-05,8.845472139E-05,0.006517146616,
50.057,0.140000000000001,90,90,2,89.25,0,12.6278855398657,-34.4943931108186,1.64751413080921E-05,7.481861884E-05,-0.002538154022,
50.058,0.140999999999998,90,90,2,89.25,0,12.627925673638,-34.5386903729702,1.50898622734985E-05,5.662537831E-05,-0.01158835841,
50.059,0.141999999999996,90,90,2,89.25,0,12.6279628106631,-34.6367646771462,1.38053769660473E-05,4.32355107E-05,-0.01538508726,
50.06,0.143000000000001,90,90,2,89.25,0,12.6280002004597,-34.7399410738719,1.25083865043507E-05,3.811188071E-05,-0.0123510082,
50.061,0.143999999999998,90,90,2,89.25,0,12.628038429897,-34.8715046062321,1.11777833069482E-05,3.756585736E-05,-0.006230219284,
50.062,0.144999999999996,90,90,2,89.25,0,12.6280822843014,-35.0055900697435,9.64557412430622E-06,3.966503522E-05,-0.001125744979,
50.063,0.146000000000001,90,90,2,89.25,0,12.6281392099521,-34.992067766355,7.6532430171028E-06,4.608828816E-05,0.002602840021,
50.064,0.146999999999998,90,90,2,89.25,0,12.6282095163489,-34.8050306180879,5.19965176692949E-06,5.701850064E-05,0.006478118278,
50.065,0.147999999999996,90,90,2,89.25,0,12.628285178179,-34.5905408669904,2.57435380035531E-06,6.789880296E-05,0.00956315157,
50.066,0.149000000000001,90,90,2,89.25,0,12.6283643517847,-34.5770866542345,-1.63771431971327E-07,7.510873279E-05,0.009794163621,
50.067,0.149999999999999,90,90,2,89.25,0,12.6284542188722,-34.7317578508201,-3.27806343136672E-06,8.132811756E-05,0.008013878059,
50.068,0.150999999999996,90,90,2,89.25,0,12.6285583526271,-34.8526112773965,-6.90110425694002E-06,9.093904318E-05,0.007534010543,
50.069,0.152000000000001,90,90,2,89.25,0,12.628672475153,-34.8260912304493,-1.08770590259155E-05,0.00010285038598,0.009283588519,
50.07,0.152999999999999,90,90,2,89.25,0,12.6287837582669,-34.7384680627196,-1.47477394136786E-05,0.000110274071,0.009874920312,
50.071,0.153999999999996,90,90,2,89.25,0,12.6288802134389,-34.6829887032408,-1.80957686950478E-05,0.00010768655493,0.005766622027,
50.072,0.155000000000001,90,90,2,89.25,0,12.6289558246002,-34.6835021474557,-2.07182091571667E-05,9.465035136E-05,-0.002718761993,
50.073,0.155999999999999,90,90,2,89.25,0,12.6290109817999,-34.658429591516,-2.26305625403711E-05,7.572817603E-05,-0.011667388848,
50.074,0.156999999999996,90,90,2,89.25,0,12.6290527900636,-34.6490398312337,-2.4079375023689E-05,5.728870738E-05,-0.017011571798,
50.075,0.158000000000001,90,90,2,89.25,0,12.6290919860355,-34.6520520255734,-2.54375368484716E-05,4.502925696E-05,-0.016730275185,
50.076,0.158999999999999,90,90,2,89.25,0,12.6291311955856,-34.6886090850401,-2.67969449083694E-05,3.99837329E-05,-0.011949277981,
50.077,0.159999999999997,90,90,2,89.25,0,12.6291696205787,-34.6274778839768,-2.81286799861391E-05,3.897010954E-05,-0.006000131758,
50.078,0.161000000000001,90,90,2,89.25,0,12.6292039406397,-34.5589477957208,-2.93159211679495E-05,3.742888057E-05,-0.002381475253,
50.079,0.161999999999999,90,90,2,89.25,0,12.6292331900435,-34.5138350284249,-3.03260900267333E-05,3.403034347E-05,-0.001940139726,
50.08,0.162999999999997,90,90,2,89.25,0,12.6292593267295,-34.5111403561487,-3.12281320731245E-05,2.983678562E-05,-0.003079850886,
50.081,0.164000000000001,90,90,2,89.25,0,12.6292874851409,-34.6357315197732,-3.22016651068679E-05,2.767701896E-05,-0.003344914268,
50.082,0.164999999999999,90,90,2,89.25,0,12.6293230713528,-34.6826509586166,-3.34350544335393E-05,2.978023393E-05,-0.001491009528,
50.083,0.165999999999997,90,90,2,89.25,0,12.6293701144088,-34.6164944200469,-3.50650762186433E-05,3.679492498E-05,0.002297763305,
50.084,0.167000000000002,90,90,2,89.25,0,12.6294333706449,-34.555961807984,-3.72528708254549E-05,4.84699568E-05,0.006939350457,
50.085,0.167999999999999,90,90,2,89.25,0,12.6295076009229,-34.6986058966136,-3.98232637337514E-05,6.168449464E-05,0.010738781395,
50.086,0.168999999999997,90,90,2,89.25,0,12.6295771246838,-34.9991480547335,-4.22460887250509E-05,6.95261103E-05,0.01114080938,
50.087,0.170000000000002,90,90,2,89.25,0,12.6296315390438,-35.1050639758389,-4.41534266428789E-05,6.640289576E-05,0.006164043254,
50.088,0.170999999999999,90,90,2,89.25,0,12.6296744370798,-35.0391880856647,-4.5657951972089E-05,5.549228307E-05,-0.002169984925,
50.089,0.171999999999997,90,90,2,89.25,0,12.6297125028533,-34.9133298776586,-4.69893503236563E-05,4.490325445E-05,-0.008477918024,
50.09,0.173000000000002,90,90,2,89.25,0,12.629745172515,-34.8718378973438,-4.8129279235809E-05,3.789661871E-05,-0.009610785977,
50.091,0.173999999999999,90,90,2,89.25,0,12.6297711554144,-34.8490648438394,-4.90350548432161E-05,3.228246655E-05,-0.00766360853,
50.092,0.174999999999997,90,90,2,89.25,0,12.6297996279586,-34.9035691915269,-5.00280723230162E-05,2.873582153E-05,-0.005411645092,
50.093,0.176000000000002,90,90,2,89.25,0,12.6298476638574,-34.9572516307385,-5.17059859816982E-05,3.359465714E-05,-0.001645252973,
50.094,0.177,90,90,2,89.25,0,12.629922019628,-34.9590114370684,-5.4305324795223E-05,5.006285396E-05,0.005819999784,
50.095,0.177999999999997,90,90,2,89.25,0,12.6300126300374,-34.9996562371124,-5.74748165576011E-05,7.13362007E-05,0.014426933433,
50.096,0.179000000000002,90,90,2,89.25,0,12.6301027010683,-35.0360015387351,-6.06289084998934E-05,8.557220421E-05,0.017720598795,
50.097,0.18,90,90,2,89.25,0,12.6301827064478,-35.0585260601431,-6.34328781359272E-05,8.721314903E-05,0.012568688872,
50.098,0.180999999999997,90,90,2,89.25,0,12.6302541143434,-35.0379669289755,-6.59355996646127E-05,8.044582975E-05,0.002896983197,
50.099,0.182000000000002,90,90,2,89.25,0,12.6303225072547,-35.0322049489183,-6.83317511942505E-05,7.308264548E-05,-0.004423599547,
50.1,0.183,90,90,2,89.25,0,12.6303930765649,-35.038165477785,-7.08041600461229E-05,6.995032626E-05,-0.005915165258,
50.101,0.183999999999997,90,90,2,89.25,0,12.6304686074693,-35.0234616563943,-7.34500690811046E-05,7.140486879E-05,-0.00302552021,
50.102,0.185000000000002,90,90,2,89.25,0,12.6305508291556,-35.0287365287864,-7.63299740071943E-05,7.604966071E-05,0.001035558822,
50.103,0.186,90,90,2,89.25,0,12.6306439209436,-35.0494710220894,-7.95918268323703E-05,8.347548224E-05,0.004522025986,
50.104,0.186999999999998,90,90,2,89.25,0,12.6307430535671,-35.0126999994426,-8.30645502389871E-05,9.164300814E-05,0.006814023958,
50.105,0.188000000000002,90,90,2,89.25,0,12.6308257568827,-34.9044183174137,-8.59557389958354E-05,9.239158048E-05,0.005719328521,
50.106,0.189,90,90,2,89.25,0,12.6308524770725,-34.7877504484272,-8.68868329888528E-05,7.083717023E-05,-0.003716636369,
50.107,0.189999999999998,90,90,2,89.25,0,12.630783898689,-34.7058156400751,-8.45039547812121E-05,1.492555555E-05,-0.025170676802,
50.108,0.191000000000003,90,90,2,89.25,0,12.6305945278591,-34.670534446622,-7.79350262831713E-05,-7.622654543E-05,-0.056176599241,
50.109,0.192,90,90,2,89.25,0,12.6302380314739,-34.5149342181538,-6.56028415448873E-05,-0.00020327076257,-0.091347589938,
50.11,0.192999999999998,90,90,2,89.25,0,12.629592937182,-34.1653910723126,-4.34501986461555E-05,-0.00039293809062,-0.135063515565,
50.111,0.194000000000003,90,90,2,89.25,0,12.6284685123411,-33.6564709425858,-5.319905440615E-06,-0.00070231408459,-0.206792994553,
50.112,0.195,90,90,2,89.25,0,12.6266272264706,-33.1013679678153,5.61402273291378E-05,-0.00119568398508,-0.32866156615,
50.113,0.195999999999998,90,90,2,89.25,0,12.623795094624,-32.4918916204457,0.000149024607026149,-0.00192348135445,-0.508499969198,
50.114,0.197000000000003,90,90,2,89.25,0,12.6196746235992,-31.7747626305961,0.000281429050374982,-0.00292137980723,-0.738499453729,
50.115,0.198,90,90,2,89.25,0,12.6139343514295,-30.9536039904742,0.000461467998960075,-0.00421990961481,-1.007057534197,
50.116,0.198999999999998,90,90,2,89.25,0,12.6062065942726,-30.2662184492457,0.000698013959464561,-0.00585057732239,-1.30798177114,
50.117,0.200000000000003,90,90,2,89.25,0,12.5961126854561,-29.698131132875,0.00100065129792881,-0.00784135715862,-1.639059976175,
50.118,0.201000000000001,90,90,2,89.25,0,12.5832548926905,-29.1213466548383,0.00137879562591081,-0.01021322850335,-1.997073650185,
50.119,0.201999999999998,90,90,2,89.25,0,12.5672144740241,-28.5344814234434,0.00184120743638516,-0.01298341535111,-2.377038543089,
50.12,0.203000000000003,90,90,2,89.25,0,12.5475585910861,-28.0518762409247,0.00239733484745841,-0.01617027017764,-2.775692590482,
50.121,0.204000000000001,90,90,2,89.25,0,12.5238433345511,-27.7421796618639,0.00305892002188557,-0.01978905573562,-3.191433652334,
50.122,0.204999999999998,90,90,2,89.25,0,12.4956300755649,-27.592074251557,0.00383949984012588,-0.02384684519126,-3.620907507843,
50.123,0.205999999999996,90,90,2,89.25,0,12.4624905290983,-27.4673372680395,0.00475182180336731,-0.02834174449496,-4.05722124076,
50.124,0.207000000000001,90,90,2,89.25,0,12.4240008384023,-27.5697064320794,0.00581100119778455,-0.0332667034913,-4.492784257074,
50.125,0.207999999999998,90,90,2,89.25,0,12.3797420764585,-27.9039844378978,0.00703859963697084,-0.03861536880152,-4.923052982712,
50.126,0.208999999999996,90,90,2,89.25,0,12.3293070738381,-28.4119247944883,0.00845874615181685,-0.04438091277244,-5.346617014266,
50.127,0.210000000000001,90,90,2,89.25,0,12.2723062578049,-29.2215947455688,0.0101013249741442,-0.05055187444126,-5.76210568208,
50.128,0.210999999999999,90,90,2,89.25,0,12.2083747731253,-30.2889989871988,0.0120036252798883,-0.05711027260328,-6.16556730741,
50.129,0.211999999999996,90,90,2,89.25,0,12.1371743917168,-31.6884941842219,0.0142100358561663,-0.06403295310435,-6.551451915775,
50.13,0.213000000000001,90,90,2,89.25,0,12.0583968436384,-33.437269527914,0.0167752598471509,-0.0712928623908,-6.914564434969,
50.131,0.213999999999999,90,90,2,89.25,0,11.9717454913173,-35.3778441374219,0.019756721176762,-0.07886653935024,-7.252870952733,
50.132,0.214999999999996,90,90,2,89.25,0,11.8768971232344,-37.2282546126007,0.0232000061664195,-0.08674831577683,-7.571976497688,
50.133,0.216000000000001,90,90,2,89.25,0,11.7734992256793,-39.2141913463318,0.0271520002644792,-0.09495412219602,-7.886555584225,
50.134,0.216999999999999,90,90,2,89.25,0,11.6611796515716,-41.4733100655917,0.0316833931616856,-0.10350954167922,-8.213481340613,
50.135,0.217999999999996,90,90,2,89.25,0,11.5395677476328,-44.0449444726763,0.0368834120396428,-0.11243077009125,-8.560278242646,
50.136,0.219000000000001,90,90,2,89.25,0,11.4083241480813,-46.9173518910479,0.0428525216387641,-0.12171371367328,-8.920000284381,
50.137,0.219999999999999,90,90,2,89.25,0,11.2671278606465,-49.9783811778593,0.0496931805275693,-0.13133989723268,-9.277401024241,
50.138,0.220999999999997,90,90,2,89.25,0,11.1156883209181,-53.3731362043482,0.0575189336388604,-0.14128345675789,-9.618424355932,
50.139,0.222000000000001,90,90,2,89.25,0,10.9537356763399,-57.1037573034187,0.066464946173042,-0.15152049549526,-9.936390499115,
50.14,0.222999999999999,90,90,2,89.25,0,10.7810090139605,-61.2223903834647,0.0766839864541282,-0.16203091846362,-10.231010243019,
50.141,0.223999999999997,90,90,2,89.25,0,10.597292241826,-65.7646872911976,0.0883488144607156,-0.17279148996557,-10.50345225914,
50.142,0.225000000000001,90,90,2,89.25,0,10.4024239334307,-70.6338841700508,0.101638693904818,-0.18376520008621,-10.74946852748,
50.143,0.225999999999999,90,90,2,89.25,0,10.1962632843132,-75.9141153019924,0.116744909253825,-0.19491054973372,-10.961260393094,
50.144,0.226999999999997,90,90,2,89.25,0,9.97868564571541,-81.6775463294628,0.133889120054064,-0.206198043744927,-11.1365010985581,
50.145,0.228000000000002,90,90,2,89.25,0,9.74961911117664,-88.0481803470036,0.153328362069985,-0.217599210535997,-11.2789525360568,
50.146,0.228999999999999,90,90,2,89.25,0,9.50906937423758,-94.9147372766525,0.175334202921974,-0.229064826476563,-11.3863997019599,
50.147,0.229999999999997,90,90,2,89.25,0,9.25711070853026,-102.262874628022,0.200174506923403,-0.240527454849451,-11.4453849254138,
50.148,0.231000000000002,90,90,2,89.25,0,8.99386740965005,-110.014699350977,0.228114831349657,-0.251921377028709,-11.4429127851024,
50.149,0.231999999999999,90,90,2,89.25,0,8.71949555590159,-118.177159088712,0.259419542954859,-0.263196475388818,-11.3788868916023,
50.15,0.232999999999997,90,90,2,89.25,0,8.43418399840986,-126.766457130895,0.294362165275501,-0.274315198410966,-11.2638329044654,
50.151,0.234000000000002,90,90,2,89.25,0,8.13812680861752,-135.40522646274,0.333171071219425,-0.285253336058932,-11.1114600112817,
50.152,0.234999999999999,90,90,2,89.25,0,7.83142513995271,-143.341758794294,0.375917153976232,-0.296026843763898,-10.9429242773206,
50.153,0.235999999999997,90,90,2,89.25,0,7.51404785220877,-151.86311932683,0.422762815749664,-0.306711010726808,-10.7960944652492,
50.154,0.237000000000002,90,90,2,89.25,0,7.18585811887047,-161.413932034034,0.474169971723228,-0.317418335698509,-10.7179165881641,
50.155,0.238,90,90,2,89.25,0,6.84664756024472,-171.143107234523,0.530573401255836,-0.328252247246227,-10.7383535418688,
50.156,0.238999999999997,90,90,2,89.25,0,6.49628607364481,-182.127676448342,0.592459639727565,-0.339249589431763,-10.8449647662583,
50.157,0.240000000000002,90,90,2,89.25,0,6.1348467687678,-193.96592223618,0.660427144166178,-0.350339553690792,-10.9760996162385,
50.158,0.241,90,90,2,89.25,0,5.76259607009421,-207.711609179892,0.73518951502173,-0.361359377532854,-11.041135511891,
50.159,0.241999999999997,90,90,2,89.25,0,5.37997020904381,-220.564372471142,0.81712424814495,-0.372119829247659,-10.963054328975,
50.16,0.243000000000002,90,90,2,89.25,0,4.98749363055572,-232.10278817916,0.905954877347924,-0.382468527568664,-10.7147373348421,
50.161,0.244,90,90,2,89.25,0,4.58575132633686,-244.030794824091,1.00159637872378,-0.392301080976014,-10.3173808650485,
50.162,0.244999999999997,90,90,2,89.25,0,4.17534933837329,-258.117808622767,1.10463777127764,-0.401560491623042,-9.8154540533499,
50.163,0.246000000000002,90,90,2,89.25,0,3.75690454656275,-273.379059424153,1.21583881942657,-0.410216923994248,-9.250459992378,
50.164,0.247,90,90,2,89.25,0,3.33112210341253,-288.952450790646,1.33555426156637,-0.418233246058353,-8.6452927618223,
50.165,0.247999999999998,90,90,2,89.25,0,2.89875718136816,-304.285364173695,1.46380187237679,-0.425555891416561,-8.0002521444662,
50.166,0.249000000000002,90,90,2,89.25,0,2.46052201883217,-319.267800529283,1.60043333361851,-0.432151250523611,-7.3125624946297,
50.167,0.25,90,90,2,89.25,0,2.01713003905348,-336.150472284151,1.74573693640146,-0.438021135561314,-6.5959027615933,
50.168,0.250999999999998,90,90,2,89.5,0,1.56926794775973,-353.588593363365,1.9001909265954,-0.443185968060398,-5.8760114969214,
50.169,0.252000000000002,90,90,2,89.5,0,1.1176089638389,-371.359650098333,2.06390562011396,-0.447660125627356,-5.1691457810319,
50.17,0.253,90,90,2,89.5,0,0.662891043245984,-389.099600054383,2.2368028445765,-0.451437597134332,-4.4723542286012,
50.171,0.253999999999998,90,90,2,89.5,0,0.205818738323453,-407.590255181137,2.41887527879695,-0.454506554890175,-3.7739231996307,
50.172,0.255000000000003,90,90,2,89.5,0,-0.252998590414326,-426.956136580611,2.61032745188488,-0.456889496768221,-3.0757071178438,
50.173,0.256,90,90,2,89.5,0,-0.712794588775169,-445.954445223957,2.81100784810518,-0.458587422480124,-2.3832417915422,
50.174,0.256999999999998,90,90,2,89.5,0,-1.1724035614002,-467.72759396676,3.02097607977437,-0.45944628975318,-1.6517130300918,
50.175,0.258000000000003,90,90,2,89.5,0,-1.63051156361452,-491.832829761641,3.24076723413344,-0.459214789222561,-0.7834744636076,
50.176,0.259,90,90,2,89.5,0,-2.08592736693893,-516.134239897479,3.47028930051012,-0.45775063367056,0.2741866959311,
50.177,0.259999999999998,90,90,2,89.5,0,-2.5377378527128,-539.215324410685,3.70869830016578,-0.455141867726221,1.4377421632878,
50.178,0.261000000000003,90,90,2,89.5,0,-2.98520865958578,-562.369049962071,3.95516172458539,-0.451590177368765,2.5482601505727,
50.179,0.262,90,90,2,89.5,0,-3.42759813164783,-586.680931115379,4.20932553183629,-0.447248310099968,3.5058661069232,
50.18,0.262999999999998,90,90,2,89.5,0,-3.86411562884572,-612.081744934361,4.47096597337803,-0.442152280046081,4.3310630309217,
50.181,0.264000000000003,90,90,2,89.5,0,-4.29384562657969,-638.677210359768,4.73971029489017,-0.436242839817962,5.1138042706296,
50.182,0.265000000000001,90,90,2,89.5,0,-4.71575941213916,-666.180794859723,5.01497908519003,-0.429421383920796,5.9390218765635,
50.183,0.265999999999998,90,90,2,89.5,0,-5.12879026635805,-695.041689308793,5.29609252789908,-0.421593769809646,6.8496986606471,
50.184,0.266999999999996,90,90,2,89.5,0,-5.53187531301109,-724.59193240044,5.58220907021752,-0.412711991351309,7.8420159511109,
50.185,0.268000000000001,90,90,2,89.5,0,-5.92394583115402,-754.702329309119,5.87220290405469,-0.402764430369762,8.8852639111439,
50.186,0.268999999999998,90,90,2,89.5,0,-6.30391718371211,-785.46280402577,6.16481221849271,-0.391745127020511,9.9493489348952,
50.187,0.269999999999996,90,90,2,89.5,0,-6.67066477724712,-817.311919649029,6.45871910493595,-0.379633974526618,11.0253353823324,
50.188,0.271000000000001,90,90,2,89.5,0,-7.02302463070354,-849.939912901781,6.75245541063222,-0.366398399218357,12.1209245948108,
50.189,0.271999999999998,90,90,2,89.5,0,-7.35985501783273,-882.649383222778,7.04424977230698,-0.352017335581828,13.241894962431,
50.19,0.272999999999996,90,90,2,89.5,0,-7.68010485935513,-915.300663243803,7.33214638103004,-0.336515063345322,14.3737797180417,
50.191,0.274000000000001,90,90,2,89.5,0,-7.9827676759468,-947.614362008994,7.61406393533703,-0.319947897725218,15.4853776715923,
50.192,0.274999999999999,90,90,2,89.5,0,-8.2667659628837,-979.761571171904,7.88774966699042,-0.302339565174458,16.5600476842214,
50.193,0.275999999999996,90,90,2,89.5,0,-8.53096427649024,-1011.43438354509,8.15078497363861,-0.283657653834223,17.6180561084057,
50.194,0.277000000000001,90,90,2,89.5,0,-8.77428832436505,-1042.30833482985,8.40064746940281,-0.263876025886129,18.6897526857502,
50.195,0.277999999999999,90,90,2,89.5,0,-8.99571455912383,-1071.80855773231,8.63470794108279,-0.24301698365952,19.7749372492908,
50.196,0.278999999999996,90,90,2,89.5,0,-9.19417376724778,-1099.65098466954,8.85018101171192,-0.22110547070314,20.8515591619858,
50.197,0.280000000000001,90,90,2,89.5,0,-9.36857651679946,-1125.38234699504,9.04420697715514,-0.198132378542718,21.9142454986613,
50.198,0.280999999999999,90,90,2,89.5,0,-9.51792578169712,-1148.217406555,9.21398720308723,-0.174103641727155,22.9713117957517,
50.199,0.281999999999996,90,90,2,89.5,0,-9.64140235913383,-1167.29181095991,9.35694277968818,-0.149103504055581,24.003463675824,
50.2,0.283000000000001,90,90,2,89.5,0,-9.73831039962911,-1182.18425182361,9.47078434040564,-0.123267822592566,24.959380552203,
50.201,0.283999999999999,90,90,2,89.5,0,-9.80806081558739,-1192.86086885936,9.55361453294931,-0.096731314216609,25.7952663994653,
50.202,0.284999999999997,90,90,2,89.5,0,-9.85025025894968,-1198.66023764596,9.60406300508562,-0.069629411540583,26.4958785920951,
50.203,0.286000000000001,90,90,2,89.5,0,-9.86472661327428,-1199.18573714753,9.62141903905909,-0.04214380842978,27.0473945164384,
50.204,0.286999999999999,90,90,2,89.5,0,-9.85164431109245,-1194.20470682106,9.60576351054554,-0.014522684083978,27.4111493508696,
50.205,0.287999999999997,90,90,2,89.5,0,-9.8114103083791,-1184.29185109945,9.557915292063,0.012960215389357,27.5390005135622,
50.206,0.289000000000001,90,90,2,89.5,0,-9.74457273738153,-1169.54421988256,9.47925294930755,0.040069563039163,27.4123013880164,
50.207,0.289999999999999,90,90,2,89.5,0,-9.65179862947684,-1150.35050635234,9.37163986747794,0.066637461584441,27.0589784655063,
50.208,0.290999999999997,90,90,2,89.5,0,-9.53388876613711,-1127.28560961817,9.23736198589208,0.092533873463068,26.5288872766411,
50.209,0.292000000000002,90,90,2,89.5,0,-9.39175263136495,-1100.70036812356,9.07902332829069,0.117637018138945,25.8598777177973,
50.21,0.292999999999999,90,90,2,89.5,0,-9.22640384039445,-1071.27144851085,8.89945687133944,0.141832050201932,25.068691052835,
50.211,0.293999999999997,90,90,2,89.5,0,-9.03895063226795,-1040.17139295407,8.70155850413526,0.165016319257795,24.1642369447168,
50.212,0.295000000000002,90,90,2,89.5,0,-8.83060188714231,-1007.58706188113,8.4882345519426,0.187090544079442,23.1544846877354,
50.213,0.295999999999999,90,90,2,89.5,0,-8.6026208790058,-973.446555392636,8.2624155313334,0.207969762929159,22.0487363003328,
50.214,0.296999999999997,90,90,2,89.5,0,-8.35626852827608,-938.318736852499,8.02693159443936,0.227602732011212,20.8638457109968,
50.215,0.298000000000002,90,90,2,89.5,0,-8.09285794906618,-903.114986538621,7.78440503261182,0.245958416495811,19.623658633116,
50.216,0.298999999999999,90,90,2,89.5,0,-7.81380163103724,-868.502282612194,7.53721453656897,0.262986832311558,18.3406892631796,
50.217,0.299999999999997,90,90,2,89.5,0,-7.52050845212167,-834.564961997047,7.28746553352975,0.278633654649217,17.0121183729762,
50.218,0.301000000000002,90,90,2,89.5,0,-7.21430856033443,-800.983874540288,7.03706309514951,0.292894134511082,15.6453976383472,
50.219,0.302,90,90,2,89.5,0,-6.8964818907685,-767.901086313087,6.78774635412945,0.305815911259346,14.2747716705229,
50.22,0.302999999999997,90,90,2,89.5,0,-6.56830603887335,-735.569915921522,6.54104491565045,0.317443390931089,12.935098559388,
50.221,0.304000000000002,90,90,2,89.5,0,-6.23110672450304,-704.229107109059,6.29829529395197,0.327778135938932,11.6279483955293,
50.222,0.305,90,90,2,89.5,0,-5.88613254859971,-674.482161066028,6.0604854021783,0.336824734087668,10.3361213492809,
50.223,0.305999999999997,90,90,2,89.5,0,-5.53452241398429,-646.227951633563,5.82829787192118,0.344632505057051,9.0613940526622,
50.224,0.307000000000002,90,90,2,89.5,0,-5.1774050548057,-619.521782242646,5.60228727074974,0.351271514370744,7.8287906264819,
50.225,0.308,90,90,2,89.5,0,-4.81586461093736,-594.155843557105,5.38289049697738,0.356792117216564,6.6541158700381,
50.226,0.308999999999998,90,90,2,89.5,0,-4.45084985073808,-569.982202987618,5.17042671202819,0.361255813360697,5.5390527756758,
50.227,0.310000000000002,90,90,2,89.5,0,-4.08320102092787,-546.701058563413,4.96515306483924,0.36476268618328,4.4937211581741,
50.228,0.311,90,90,2,89.5,0,-3.71365242580942,-523.930917805725,4.76732779346119,0.367428538519404,3.5416136731103,
50.229,0.311999999999998,90,90,2,89.5,0,-3.34293065832373,-501.570911988918,4.57723986801055,0.369330617236149,2.689026396248,
50.23,0.313000000000002,90,90,2,89.5,0,-2.97164292506404,-481.327212554056,4.39477085966718,0.370539605507715,1.923283669005,
50.231,0.314,90,90,2,89.5,0,-2.60017721207075,-462.945616562872,4.21938836980311,0.37117133744757,1.2437385056064,
50.232,0.314999999999998,90,90,2,89.5,0,-2.22878862498485,-445.582775769932,4.05067983182516,0.371389181300993,0.6807424134387,
50.233,0.316000000000003,90,90,2,89.5,0,-1.85777638306106,-428.544951375702,3.88852378793715,0.371298821309484,0.249549125873,
50.234,0.317,90,90,2,89.5,0,-1.48761469680916,-411.802520564396,3.73299156931171,0.370869978770856,-0.0994436021651,
50.235,0.317999999999998,90,90,2,89.5,0,-1.11891484785356,-395.09355804388,3.58424033815884,0.369978301764577,-0.4661481147876,
50.236,0.319000000000003,90,90,2,89.5,0,-0.752318818280579,-378.750152466855,3.44239632226721,0.368507254329704,-0.9266377945619,
50.237,0.32,90,90,2,89.5,0,-0.388458068625237,-363.222398090421,3.30740897803248,0.366406591412475,-1.4861209510016,
50.238,0.320999999999998,90,90,2,89.5,0,-0.0279017931238763,-348.712610164419,3.17906266054479,0.363689991384439,-2.0965594057643,
50.239,0.322000000000003,90,90,2,89.5,0,0.329002343708239,-335.179087447413,3.05702077253339,0.360451976146781,-2.6882434576805,
50.24,0.323,90,90,2,89.5,0,0.682166182311339,-321.88352104642,2.94099539602426,0.356877688964184,-3.1824722582531,
50.241,0.323999999999998,90,90,2,89.5,0,1.03165787179023,-310.097199073972,2.83055939122778,0.353184283334542,-3.5091411332288,
50.242,0.325000000000003,90,90,2,89.5,0,1.37752709979905,-298.883729861991,2.72524550934619,0.349506595775132,-3.6529546744589,
50.243,0.326000000000001,90,90,2,89.5,0,1.71966542509148,-288.376671277111,2.62478336426805,0.345836695634925,-3.6800667547187,
50.244,0.326999999999998,90,90,2,89.5,0,2.05787837248082,-277.524781458808,2.5290857651372,0.34207998273642,-3.6982801934573,
50.245,0.328000000000003,90,90,2,89.5,0,2.39197456775639,-266.039914901866,2.43828431666708,0.338155535126136,-3.7809894845493,
50.246,0.329000000000001,90,90,2,89.5,0,2.72170984087931,-254.676348545845,2.35243505699334,0.334022944263906,-3.9365701723341,
50.247,0.329999999999998,90,90,2,89.5,0,3.04674078062356,-243.923828669205,2.27140481491492,0.329632249755114,-4.1475789806148,
50.248,0.330999999999996,90,90,2,89.5,0,3.36667054377432,-233.984992866846,2.19495618687407,0.324911886779804,-4.4121639547788,
50.249,0.332000000000001,90,90,2,89.5,0,3.68114768025301,-224.677346684943,2.12283677729764,0.319824328127186,-4.731621138547,
50.25,0.332999999999998,90,90,2,89.5,0,3.98991919416569,-215.762130796189,2.05483919517326,0.314401237710508,-5.0780594786436,
50.251,0.333999999999996,90,90,2,89.5,0,4.29274065961368,-207.071934189501,1.9908175795731,0.308698186143076,-5.4064192326862,
50.252,0.335000000000001,90,90,2,89.5,0,4.58942357575207,-198.744708270492,1.93061814712185,0.302764915194517,-5.6881290365439,
50.253,0.335999999999999,90,90,2,89.5,0,4.87988361867844,-190.739608508607,1.87405333143644,0.296657618967664,-5.9164127177091,
50.254,0.336999999999996,90,90,2,89.5,0,5.1640683671168,-183.205025710183,1.82091865053377,0.290444316543573,-6.0868905025362,
50.255,0.338000000000001,90,90,2,89.5,0,5.44199576721196,-176.143535885972,1.7709822448076,0.284190132281803,-6.1937651162233,
50.256,0.338999999999999,90,90,2,89.5,0,5.71376795106346,-169.11462871958,1.7240664621139,0.277958039725022,-6.2352921989696,
50.257,0.339999999999996,90,90,2,89.5,0,5.97950983997346,-162.074628843685,1.68006103266812,0.271809660242148,-6.2136061461056,
50.258,0.341000000000001,90,90,2,89.5,0,6.23931983289802,-155.252789404909,1.63883861552316,0.265771408596818,-6.1404550537829,
50.259,0.341999999999999,90,90,2,89.5,0,6.49325596472827,-148.844403952843,1.6002279830323,0.259827403391902,-6.043016064469,
50.26,0.342999999999996,90,90,2,89.5,0,6.74137260515511,-142.981218497834,1.56402458651583,0.253952442737521,-5.9515657718797,
50.261,0.344000000000001,90,90,2,89.5,0,6.98373034156714,-137.499652981798,1.53003623195649,0.248134816643419,-5.8784736514578,
50.262,0.344999999999999,90,90,2,89.5,0,7.22036894050693,-132.017826356322,1.4981471126063,0.242369666374798,-5.8190837145414,
50.263,0.345999999999997,90,90,2,89.5,0,7.45131581415468,-126.367423298946,1.46831047980402,0.23664682259385,-5.7682010699634,
50.264,0.347000000000001,90,90,2,89.5,0,7.67657763741658,-120.720591656311,1.44048073142652,0.230948876119607,-5.7280665352384,
50.265,0.347999999999999,90,90,2,89.5,0,7.89614201656101,-115.294411038901,1.41457048765875,0.225258105142414,-5.7032630171395,
50.266,0.348999999999997,90,90,2,89.5,0,8.10996731060304,-109.929237110317,1.39049123126338,0.219551886848951,-5.697557821189,
50.267,0.350000000000001,90,90,2,89.5,0,8.31794252418513,-104.626847942524,1.36818005745629,0.213791995434768,-5.717686034798,
50.268,0.350999999999999,90,90,2,89.5,0,8.51993224119025,-99.5059838352382,1.34756369099516,0.207934588746978,-5.7730440600491,
50.269,0.351999999999997,90,90,2,89.5,0,8.7158333091904,-94.5390189931781,1.32855687934807,0.201958771276719,-5.8636753404486,
50.27,0.353000000000002,90,90,2,89.5,0,8.90558899408799,-89.8129902999193,1.31106595845525,0.195884047770874,-5.9699660461941,
50.271,0.353999999999999,90,90,2,89.5,0,9.0891582373293,-85.2593860334147,1.29499700663726,0.189743367331477,-6.0648387752348,
50.272,0.354999999999997,90,90,2,89.5,0,9.26652675817728,-80.9907134042481,1.28025323952322,0.183564959020195,-6.1322117208969,
50.273,0.356000000000002,90,90,2,89.5,0,9.43771214506384,-77.2287770688646,1.2667108071784,0.177373797377553,-6.1709159491245,
50.274,0.356999999999999,90,90,2,89.5,0,9.60279380361546,-74.0071815452076,1.25422766573807,0.171209208574504,-6.1793637913561,
50.275,0.357999999999997,90,90,2,89.5,0,9.76188407430002,-71.0683337755681,1.24268761423703,0.165115360691984,-6.1513383787682,
50.276,0.359000000000002,90,90,2,89.5,0,9.91508516382701,-68.1300352757704,1.23202494333751,0.159120932697407,-6.0852441922958,
50.277,0.359999999999999,90,90,2,89.5,0,10.0625042366013,-65.2806320895739,1.22219130489691,0.153233238848451,-5.9922337172736,
50.278,0.360999999999997,90,90,2,89.5,0,10.2042676564906,-62.5411707255521,1.21313107694516,0.147456981934603,-5.8862830121099,
50.279,0.362000000000002,90,90,2,89.5,0,10.3405227100015,-60.1806715673969,1.20477034135087,0.141807605841277,-5.7716237482238,
50.28,0.363,90,90,2,89.5,0,10.4714971700194,-57.869047573161,1.19703959224101,0.13632338537652,-5.6378936509119,
50.281,0.363999999999997,90,90,2,89.5,0,10.597478664508,-55.7650425287405,1.18988169599307,0.13106074840701,-5.4672921047536,
50.282,0.365000000000002,90,90,2,89.5,0,10.7187270035269,-53.8424531753274,1.18323683259399,0.12605943750648,-5.2507141973901,
50.283,0.366,90,90,2,89.5,0,10.8354232434978,-51.8716261258206,1.17706861481078,0.12130265594541,-5.006349919386,
50.284,0.366999999999997,90,90,2,89.5,0,10.9477115418959,-49.7226779254586,1.17136468904636,0.11673948721346,-4.772056514172,
50.285,0.368000000000002,90,90,2,89.5,0,11.0557330481825,-47.5550978434536,1.16611064311297,0.11233064323649,-4.574955154192,
50.286,0.369,90,90,2,89.5,0,11.1596067566441,-45.5453465043931,1.16127529890606,0.10805720457255,-4.414519809555,
50.287,0.369999999999997,90,90,2,89.5,0,11.2594228304743,-43.7396301694666,1.15681926099425,0.10390075741968,-4.278962804528,
50.288,0.371000000000002,90,90,2,89.5,0,11.3552266736635,-42.0713265569689,1.1527087512732,0.09982969502732,-4.165929178038,
50.289,0.372,90,90,2,89.5,0,11.4470467882783,-40.4938866681362,1.14891817760244,0.09581239380918,-4.080549468247,
50.29,0.372999999999998,90,90,2,89.5,0,11.5349274668381,-38.952713653663,1.14542726702966,0.09183340237062,-4.021936636532,
50.291,0.374000000000002,90,90,2,89.5,0,11.6189414080548,-37.449808598821,1.142217828523,0.08790248817337,-3.976061200041,
50.292,0.375,90,90,2,89.5,0,11.6991698939283,-36.0012035675564,1.139271396777,0.08403832581667,-3.925311817478,
50.293,0.375999999999998,90,90,2,89.75,0,11.7756938721635,-34.8422614353779,1.13656078489001,0.08025277018497,-3.860605891365,
50.294,0.377000000000002,90,90,2,89.75,0,11.8486270937784,-33.7307201694143,1.13406016065792,0.0765581035406,-3.781870953001,
50.295,0.378,90,90,2,89.75,0,11.9181207455834,-32.5400047023823,1.13175746331837,0.07297857765802,-3.687391112032,
50.296,0.378999999999998,90,90,2,89.75,0,11.9843309123098,-31.2688319774804,1.12964506646077,0.06954047722439,-3.571640476432,
50.297,0.380000000000003,90,90,2,89.75,0,12.0473812548126,-30.2714870553012,1.12770499736439,0.0662472649829,-3.437061610673,
50.298,0.381,90,90,2,89.75,0,12.1073519634533,-29.4357543482303,1.12591465457541,0.06307439961125,-3.30057463818,
50.299,0.381999999999998,90,90,2,89.75,0,12.1643052911306,-28.5145827645082,1.12426442230611,0.05998938451031,-3.182614351389,
50.3,0.383000000000003,90,90,2,89.75,0,12.2183011279485,-27.4762859387318,1.12275278540122,0.0569712947085,-3.091292592414,
50.301,0.384,90,90,2,89.75,0,12.2693914455201,-26.5429633125388,1.1213728551016,0.05401142830183,-3.020700373007,
50.302,0.384999999999998,90,90,2,89.75,0,12.3176281394005,-25.8466560813753,1.12010930408499,0.05110588623813,-2.961036122321,
50.303,0.386000000000003,90,90,2,89.75,0,12.3630658684208,-25.2749186093714,1.11894787995605,0.04825309152973,-2.906015160001,
50.304,0.387,90,90,2,89.75,0,12.4057915105617,-24.9487306389097,1.11787496112366,0.04546379241451,-2.849570237036,
50.305,0.387999999999998,90,90,2,89.75,0,12.4459408536237,-24.7540927180798,1.11687719327061,0.04276637848105,-2.780782238646,
50.306,0.389000000000003,90,90,2,89.75,0,12.4836763745066,-24.4709459610145,1.11594842703309,0.04019808613194,-2.686243012683,
50.307,0.390000000000001,90,90,2,89.75,0,12.519166275491,-23.9941371505518,1.11508841653267,0.03778598156708,-2.56017248914,
50.308,0.390999999999998,90,90,2,89.75,0,12.5525782344911,-23.5879533996238,1.11429351110337,0.03554020435866,-2.409062693203,
50.309,0.391999999999996,90,90,2,89.75,0,12.5840706793863,-23.3381367881102,1.11355460244867,0.03345948736392,-2.246157351248,
50.31,0.393000000000001,90,90,2,89.75,0,12.6137695239669,-23.2145229447907,1.11286332234556,0.03153021903229,-2.084800459911,
50.311,0.393999999999998,90,90,2,89.75,0,12.6417729252309,-22.8608254124838,1.11221818911135,0.02972829168,-1.936500636761,
50.312,0.394999999999996,90,90,2,89.75,0,12.6681562372222,-22.3388207391158,1.11162193092819,0.02802600747717,-1.810236701254,
50.313,0.396000000000001,90,90,2,89.75,0,12.6929510388779,-21.7889850113141,1.11107486083264,0.02639278567243,-1.711458428241,
50.314,0.396999999999998,90,90,2,89.75,0,12.7161435340955,-21.2565838867082,1.11057569375724,0.02479066282495,-1.644610836989,
50.315,0.397999999999996,90,90,2,89.75,0,12.7376970662018,-20.8494984819899,1.11012192635813,0.02318149821564,-1.613565063207,
50.316,0.399000000000001,90,90,2,89.75,0,12.7575985391489,-20.590195194483,1.10970957088682,0.02154960329193,-1.613871175081,
50.317,0.399999999999999,90,90,2,89.75,0,12.7758546827444,-20.4477565571498,1.10933497351679,0.01990349188938,-1.629340773042,
50.318,0.400999999999996,90,90,2,89.75,0,12.792484408814,-20.3227632144843,1.10899597222904,0.01826181714321,-1.640515461984,
50.319,0.402000000000001,90,90,2,89.75,0,12.8075147555176,-20.2646088717047,1.10869095109192,0.01663783751757,-1.637697206925,
50.32,0.402999999999999,90,90,2,89.75,0,12.8210026074563,-20.282323095807,1.10841750558444,0.01504741208393,-1.619221904199,
50.321,0.403999999999996,90,90,2,89.75,0,12.8330333668843,-20.3410005532175,1.10817314086745,0.01351347261496,-1.583545901839,
50.322,0.405000000000001,90,90,2,89.75,0,12.8437180719491,-20.4789460753177,1.10795506632221,0.01206407087225,-1.525523940493,
50.323,0.405999999999999,90,90,2,89.75,0,12.853185109513,-20.6197312019944,1.10776052496139,0.01072322112349,-1.442197462403,
50.324,0.406999999999996,90,90,2,89.75,0,12.8615356999101,-20.7161674084811,1.1075879353824,0.00949740366413,-1.338905660125,
50.325,0.408000000000001,90,90,2,89.75,0,12.8688302947667,-20.6758589704791,1.10743696635103,0.00836872588499,-1.231185242114,
50.326,0.408999999999999,90,90,2,89.75,0,12.8751239957815,-20.6858457270899,1.10730680724961,0.00731112536621,-1.136496505098,
50.327,0.409999999999997,90,90,2,89.75,0,12.8804656145215,-20.7043883976664,1.10719626182448,0.0063083444849,-1.062477805647,
50.328,0.411000000000001,90,90,2,89.75,0,12.8848856885763,-20.7692641495066,1.10710460351669,0.00535078001688,-1.005661848564,
50.329,0.411999999999999,90,90,2,89.75,0,12.8883978242474,-20.8962376320413,1.10703143606916,0.00442415594525,-0.96184727309,
50.33,0.412999999999997,90,90,2,89.75,0,12.8910092786814,-21.0906254678003,1.10697661267926,0.00351431281508,-0.930871908109,
50.331,0.414000000000001,90,90,2,89.75,0,12.8927425731223,-21.2980200488348,1.10693987667744,0.0026182108072,-0.910755075921,
50.332,0.414999999999999,90,90,2,89.75,0,12.8936461200026,-21.4676532624297,1.10692055628209,0.00174781817065,-0.892511533168,
50.333,0.415999999999997,90,90,2,89.75,0,12.8937980657383,-21.8877559043889,1.10691726244733,0.0009269908051,-0.863235866649,
50.334,0.417000000000002,90,90,2,89.75,0,12.8933481976732,-22.4777306419006,1.10692724175512,0.00019688193884,-0.808481397063,
50.335,0.417999999999999,90,90,2,89.75,0,12.8924908357702,-22.9395530403913,1.10694671127951,-0.00039157207623,-0.71482796069,
50.336,0.418999999999997,90,90,2,89.75,0,12.8913716666377,-23.2008954015575,1.10697253076233,-0.00081365592048,-0.581039419181,
50.337,0.420000000000002,90,90,2,89.75,0,12.8900638343775,-23.3143705120505,1.10700294784502,-0.00109722590196,-0.430440736665,
50.338,0.420999999999999,90,90,2,89.75,0,12.8885681289131,-23.295458122019,1.10703780513271,-0.00130759528315,-0.303163960224,
50.339,0.421999999999997,90,90,2,89.75,0,12.8868454319011,-23.3051614924475,1.10707794450678,-0.00150744096742,-0.229172452201,
50.34,0.423000000000002,90,90,2,89.75,0,12.8848548447024,-23.40703078883,1.10712443685277,-0.00173496660373,-0.211306778958,
50.341,0.423999999999999,90,90,2,89.75,0,12.882555249447,-23.681757412359,1.10717857942974,-0.0020029225597,-0.231350746596,
50.342,0.424999999999997,90,90,2,89.75,0,12.8799196677812,-23.9252696732778,1.10724131553361,-0.00230768876151,-0.266869933824,
50.343,0.426000000000002,90,90,2,89.75,0,12.876944298329,-24.0741418305297,1.10731272352497,-0.0026367220786,-0.301003262642,
50.344,0.427,90,90,2,89.75,0,12.8736297936376,-24.2196798843549,1.10739275857429,-0.00297517368804,-0.324578670211,
50.345,0.427999999999997,90,90,2,89.75,0,12.8699832046639,-24.3755394097055,1.10748136196972,-0.00331238940433,-0.33525535379,
50.346,0.429000000000002,90,90,2,89.75,0,12.866027361094,-24.6425910519393,1.10757831599781,-0.00363974006787,-0.33462696841,
50.347,0.43,90,90,2,89.75,0,12.8618121389501,-25.0920256975131,1.10768313722673,-0.00394088076324,-0.322447188914,
50.348,0.430999999999997,90,90,2,89.75,0,12.8574050901248,-25.6503075663583,1.10779494919683,-0.00419495657612,-0.294884221074,
50.349,0.432000000000002,90,90,2,89.75,0,12.8528616939461,-26.0906224526881,1.10791248896869,-0.0043904050269,-0.250607068997,
50.35,0.433,90,90,2,89.75,0,12.8482187268389,-26.3551814201408,1.10803424103985,-0.00453236325123,-0.196989591475,
50.351,0.433999999999998,90,90,2,89.75,0,12.8435065380933,-26.4758572820575,1.10815871595284,-0.00463386232017,-0.145867545648,
50.352,0.435000000000002,90,90,2,89.75,0,12.8387478178965,-26.522378737813,1.10828481784091,-0.00470538168944,-0.104642905656,
50.353,0.436,90,90,2,89.75,0,12.833951274056,-26.623870871209,1.10841227699902,-0.00475610785455,-0.074275317923,
50.354,0.436999999999998,90,90,2,89.75,0,12.8291120135509,-26.7980299131713,1.1085415382463,-0.00479801174677,-0.054317444491,
50.355,0.438000000000002,90,90,2,89.75,0,12.8242022500636,-27.077417169185,1.10867379609778,-0.00484759640038,-0.046854802504,
50.356,0.439,90,90,2,89.75,0,12.8191998456592,-27.3953419046402,1.10881004348273,-0.00491640486777,-0.053047569327,
50.357,0.439999999999998,90,90,2,89.75,0,12.8141148340456,-27.5765349247985,1.10894980979879,-0.00499939429203,-0.067295610317,
50.358,0.441000000000003,90,90,2,89.75,0,12.8089776563808,-27.7566910518534,1.1090919381051,-0.0050758792662,-0.076783802172,
50.359,0.442,90,90,2,89.75,0,12.8038205285754,-27.9316001029446,1.10923553392247,-0.00512751289162,-0.070980904572,
50.36,0.442999999999998,90,90,2,89.75,0,12.7986517648886,-28.1048783474567,1.10938035357995,-0.00515463352764,-0.051735133225,
50.361,0.444000000000003,90,90,2,89.75,0,12.793467393244,-28.3156944004431,1.10952660618871,-0.00516995530972,-0.030934876658,
50.362,0.445,90,90,2,89.75,0,12.7882733628296,-28.5293877847307,1.1096742337316,-0.0051825868882,-0.018054377182,
50.363,0.445999999999998,90,90,2,89.75,0,12.7830910068601,-28.7271437446282,1.10982259559557,-0.00518763044999,-0.011162234553,
50.364,0.447000000000003,90,90,2,89.75,0,12.7779481966373,-28.8638017433726,1.10997068524718,-0.00517399457896,-0.001716136951,
50.365,0.448,90,90,2,89.75,0,12.7728723755949,-28.9945078894151,1.11011752445994,-0.00513457719269,0.015766495756,
50.366,0.448999999999998,90,90,2,89.75,0,12.7678761421545,-29.1253392407119,1.11026271462183,-0.00507204151592,0.038618418848,
50.367,0.450000000000003,90,90,2,89.75,0,12.7629490780969,-29.2127861666874,1.11040643246227,-0.00499935890616,0.058644269517,
50.368,0.451000000000001,90,90,2,89.75,0,12.7580678419234,-29.3353791366662,1.11054932617346,-0.00493406650721,0.06742146662,
50.369,0.451999999999998,90,90,2,89.75,0,12.753216600221,-29.5869172817807,1.11069224932425,-0.0048859861974,0.062345835451,
50.37,0.453000000000003,90,90,2,89.75,0,12.7483990047386,-29.8505603077307,1.110835422186,-0.00485014617773,0.04957184951,
50.371,0.454000000000001,90,90,2,89.75,0,12.7436143959737,-30.0598715734814,1.11097874617474,-0.00481779333315,0.038465954185,
50.372,0.454999999999998,90,90,2,89.75,0,12.738850377091,-30.2391644601373,1.11112237904787,-0.00478832781549,0.032532799031,
50.373,0.455999999999996,90,90,2,89.75,0,12.7341000365651,-30.3634270052593,1.11126632052098,-0.00476609234032,0.028162702989,
50.374,0.457000000000001,90,90,2,89.75,0,12.7293818743013,-30.5074230828905,1.11140991979491,-0.00474479055431,0.024124381169,
50.375,0.457999999999998,90,90,2,89.75,0,12.7247313513209,-30.6781203303458,1.11155219218277,-0.00470752395741,0.026371336025,
50.376,0.458999999999996,90,90,2,89.75,0,12.7201736290912,-30.7858083385343,1.11169225993979,-0.00464297454021,0.040661999723,
50.377,0.460000000000001,90,90,2,89.75,0,12.7157268847983,-30.9136705869224,1.11182944084268,-0.00455226907387,0.064211385852,
50.378,0.460999999999999,90,90,2,89.75,0,12.7114106362911,-31.0826364280512,1.11196323657649,-0.00444088893823,0.089061052388,
50.379,0.461999999999996,90,90,2,89.75,0,12.7072420414583,-31.2805302213935,1.11209321996361,-0.00431110114059,0.11070003345,
50.38,0.463000000000001,90,90,2,89.75,0,12.703209400681,-31.5072643121062,1.11221982027389,-0.00417210471847,0.127028086384,
50.381,0.463999999999999,90,90,2,89.75,0,12.6992806803241,-31.6493125162598,1.11234388253843,-0.00404225086783,0.133491063332,
50.382,0.464999999999996,90,90,2,89.75,0,12.695429933652,-31.7248683295677,1.11246590149642,-0.00393650437758,0.125364413967,
50.383,0.466000000000001,90,90,2,89.75,0,12.6916491569588,-31.6857244132015,1.112585772142,-0.00385314778387,0.106261729405,
50.384,0.466999999999999,90,90,2,89.75,0,12.6879329769997,-31.6915816919207,1.11270353287941,-0.00378238866664,0.086294319728,
50.385,0.467999999999996,90,90,2,89.75,0,12.6842791324988,-31.8369993612864,1.11281959465768,-0.00371685834187,0.072969722436,
50.386,0.469000000000001,90,90,2,89.75,0,12.6806937880112,-32.083064174348,1.11293418238139,-0.00365199513437,0.066898827327,
50.387,0.469999999999999,90,90,2,89.75,0,12.6771931193635,-32.2942870853738,1.11304686426898,-0.00358049173962,0.067055398856,
50.388,0.470999999999997,90,90,2,89.75,0,12.6737955372742,-32.3916393467696,1.11315675214152,-0.00349514543215,0.073664212391,
50.389,0.472000000000001,90,90,2,89.75,0,12.6705154801716,-32.4318926210687,1.11326306458474,-0.00339325056081,0.086158002815,
50.39,0.472999999999999,90,90,2,89.75,0,12.6673588351826,-32.4652184284879,1.11336549315494,-0.00327829096453,0.100849719661,
50.391,0.473999999999997,90,90,2,89.75,0,12.6643253340277,-32.6636867250623,1.11346427745944,-0.00315672547285,0.113021947418,
50.392,0.475000000000001,90,90,2,89.75,0,12.661415183755,-33.0755321403427,1.11355993296229,-0.00303343904047,0.12010000527,
50.393,0.475999999999999,90,90,2,89.75,0,12.6586197058607,-33.4474716332185,1.11365291475555,-0.00291275382384,0.121989785445,
50.394,0.476999999999997,90,90,2,89.75,0,12.655917957992,-33.5938711055915,1.11374347915798,-0.00280176060014,0.118557983476,
50.395,0.478000000000002,90,90,2,89.75,0,12.6533008714161,-33.6112784630644,1.11383142000535,-0.00270446848854,0.109790487949,
50.396,0.478999999999999,90,90,2,89.75,0,12.6507707577252,-33.7116652205947,1.11391658735612,-0.00261639309824,0.09863742884,
50.397,0.479999999999997,90,90,2,89.75,0,12.6483242539097,-33.942423650952,1.1139993453494,-0.00253112259378,0.089998940938,
50.398,0.481000000000002,90,90,2,89.75,0,12.6459651064947,-34.1432998563185,1.11407965747871,-0.00244537985797,0.086253639617,
50.399,0.481999999999999,90,90,2,89.75,0,12.643708554198,-34.1901992334359,1.11415675653586,-0.00235457579966,0.087119463155,
50.4,0.482999999999997,90,90,2,89.75,0,12.6415617621014,-34.1824909881635,1.11423014751136,-0.00225440277216,0.092096352317,
50.401,0.484000000000002,90,90,2,89.75,0,12.6395236194053,-34.240424252251,1.11429987534383,-0.00214712533648,0.099493659197,
50.402,0.484999999999999,90,90,2,89.75,0,12.6375994225969,-34.291335746668,1.11436580964076,-0.00203655374994,0.106134358484,
50.403,0.485999999999997,90,90,2,89.75,0,12.6358009938655,-34.2474825416083,1.11442744073076,-0.00192065015161,0.111182944819,
50.404,0.487000000000002,90,90,2,89.75,0,12.6341304942651,-34.2146671340999,1.11448462372761,-0.0017977804152,0.116393836217,
50.405,0.488,90,90,2,89.75,0,12.6325790469751,-34.1993300235792,1.11453769408286,-0.00167316264658,0.121304304649,
50.406,0.488999999999997,90,90,2,89.75,0,12.631133006432,-34.3016938071055,1.1145872217117,-0.00155554095905,0.12199453463,
50.407,0.490000000000002,90,90,2,89.75,0,12.62978317534,-34.4554974632678,1.114633627009,-0.00144879973184,0.116456373761,
50.408,0.491,90,90,2,89.75,0,12.6285322717912,-34.4370639334936,1.11467671598376,-0.00134901566437,0.107918217384,
50.409,0.491999999999997,90,90,2,89.75,0,12.6273753413923,-34.2579820872606,1.11471645367726,-0.00125238986679,0.100923734425,
50.41,0.493000000000002,90,90,2,89.75,0,12.6262943605156,-34.1430671462924,1.11475342379035,-0.00116233748721,0.095601253147,
50.411,0.494,90,90,2,89.75,0,12.6252652292554,-34.2310383446252,1.11478860675501,-0.00108821084841,0.087246682746,
50.412,0.494999999999997,90,90,2,89.75,0,12.6242791936674,-34.4492953783995,1.11482246738164,-0.00103175744349,0.07360239087,
50.413,0.496000000000002,90,90,2,89.75,0,12.6233521948055,-34.620742051291,1.11485448130469,-0.00098125327183,0.059970605106,
50.414,0.497,90,90,2,89.75,0,12.6225047225507,-34.6395261767836,1.11488382938253,-0.0009208518976,0.055258102409,
50.415,0.497999999999998,90,90,2,89.75,0,12.6217465423947,-34.624690931706,1.11491008676001,-0.00084454260729,0.062204588283,
50.416,0.499000000000002,90,90,2,89.75,0,12.6210719890872,-34.5795662348645,1.11493342774028,-0.00075987973109,0.074042991253,
50.417,0.5,90,90,2,89.75,0,12.6204664083835,-34.4941687290001,1.1149543426008,-0.00067894958091,0.081036982627,
50.418,0.500999999999998,90,90,2,90,0,12.6199271267152,-34.4869274616446,1.11497294272111,-0.00060638277422,0.079540964939,
50.419,0.00100000000000477,91,91,2,90,0,12.6194596621963,-34.4900242072234,1.61221387600108E-05,-0.0005376262341,0.073932729766,
50.42,0.00200000000000244,91,91,2,90,0,12.619063924485,-34.4334931551984,2.97599562628648E-05,-0.00046749162144,0.070313041853,
50.421,0.00300000000000011,91,91,2,90,0,12.6187337848242,-34.3326249580296,4.11111677180998E-05,-0.00039757633843,0.069655392003,
50.422,0.00400000000000489,91,91,2,90,0,12.6184582519862,-34.2443363877597,5.05587701127297E-05,-0.00033343702911,0.068248289798,
50.423,0.00500000000000256,91,91,2,90,0,12.6182253109477,-34.2078350553595,5.85314300565187E-05,-0.00027913734499,0.062920213867,
50.424,0.00600000000000023,91,91,2,90,0,12.6180290452376,-34.1844958181716,6.52429647516328E-05,-0.00023471597983,0.054288075992,
50.425,0.007000000000005,91,91,2,90,0,12.6178586369854,-34.0754312364176,7.10589921908422E-05,-0.00019951107125,0.044619923874,
50.426,0.00800000000000267,91,91,2,90,0,12.6177032828179,-33.9104842041736,7.63399398380216E-05,-0.00017364926416,0.035166915107,
50.427,0.00900000000000034,91,91,2,90,0,12.6175564812431,-33.9000648538768,8.13172875240298E-05,-0.0001573046151,0.025809590128,
50.428,0.0100000000000051,91,91,2,90,0,12.6174271249817,-34.0592319824853,8.57127678131064E-05,-0.00014413375859,0.018247658704,
50.429,0.0110000000000028,91,91,2,90,0,12.6173265977046,-34.1623706260142,8.91418337829464E-05,-0.00012594116013,0.01562951686,
50.43,0.0120000000000005,91,91,2,90,0,12.6172505628202,-34.0773340871224,9.17361328163224E-05,-0.00010182825458,0.018462168002,
50.431,0.0130000000000052,91,91,2,90,0,12.617182271848,-33.9775262626527,9.40598991121533E-05,-8.105942855E-05,0.021333589567,
50.432,0.0140000000000029,91,91,2,90,0,12.6171129421561,-34.0870429010858,9.64193469172869E-05,-7.092576177E-05,0.018581502111,
50.433,0.0150000000000006,91,91,2,90,0,12.617055301709,-34.2674555017903,9.83893388450952E-05,-6.551130255E-05,0.011908452287,
50.434,0.0159999999999982,91,91,2,90,0,12.6170211716186,-34.2745776694746,9.9559011744077E-05,-5.409411353E-05,0.008631040428,
50.435,0.017000000000003,91,91,2,90,0,12.6170035313526,-34.2777665728577,0.00010016365253307,-3.623625009E-05,0.011548572406,
50.436,0.0180000000000007,91,91,2,90,0,12.6169838275064,-34.4118397500006,0.000100840377257327,-2.320628738E-05,0.014477290895,
50.437,0.0189999999999984,91,91,2,90,0,12.6169542287161,-34.5038233456757,0.000101860287387012,-2.205325537E-05,0.010915253719,
50.438,0.0200000000000031,91,91,2,90,0,12.616920235502,-34.4752846161039,0.000103032698177685,-2.794863421E-05,0.002601587965,
50.439,0.0210000000000008,91,91,2,90,0,12.616890605809,-34.4515499829965,0.00010405383865475,-3.136583063E-05,-0.003037400859,
50.44,0.0219999999999985,91,91,2,90,0,12.6168771511716,-34.4485434634307,0.000104517351545041,-2.608623265E-05,-0.001551612826,
50.441,0.0230000000000032,91,91,2,90,0,12.6168820195981,-34.4456932928338,0.000104349648282209,-1.281023491E-05,0.005069479588,
50.442,0.0240000000000009,91,91,2,90,0,12.6168930045913,-34.3844404034221,0.000103971599003216,1.20647734E-06,0.011099292165,
50.443,0.0249999999999986,91,91,2,90,0,12.6168978952028,-34.3646168466532,0.000103803486538823,7.32170868E-06,0.011424053624,
50.444,0.0260000000000034,91,91,2,90,0,12.6168980923286,-34.4516006117397,0.000103796703811554,5.3108803E-06,0.006047857697,
50.445,0.027000000000001,91,91,2,90,0,12.6168951464943,-34.5357840239502,0.000103898316510254,6.6228348E-07,-0.000364340996,
50.446,0.0279999999999987,91,91,2,90,0,12.6168900914156,-34.6166278133989,0.000104073101951485,-2.63571959E-06,-0.003452088163,
50.447,0.0290000000000035,91,91,2,90,0,12.616896406178,-34.6358129614014,0.000103854445598017,-1.01135305E-06,-0.002226470312,
50.448,0.0300000000000011,91,91,2,90,0,12.6169238502607,-34.5683959738455,0.000102904822583127,9.24260616E-06,0.002736533458,
50.449,0.0309999999999988,91,91,2,90,0,12.6169647873858,-34.5411445915334,0.000101490249633684,2.515319933E-05,0.009362071597,
50.45,0.0320000000000036,91,91,2,90,0,12.6170010927912,-34.5997547987613,0.000100235155443329,3.549969647E-05,0.012544374173,
50.451,0.0330000000000013,91,91,2,90,0,12.6170096524452,-34.5709960786413,9.99391165947827E-05,2.937119589E-05,0.007073226633,
50.452,0.0339999999999989,91,91,2,90,0,12.6169897500259,-34.5286454023366,0.000100626741613041,8.34475743E-06,-0.005655382628,
50.453,0.0350000000000037,91,91,2,90,0,12.6169726944581,-34.5923705921881,0.000101216190699915,-1.050974186E-05,-0.015905475345,
50.454,0.0360000000000014,91,91,2,90,0,12.6169839949852,-34.5963609008466,0.000100825256126313,-9.40279478E-06,-0.01351764713,
50.455,0.036999999999999,91,91,2,90,0,12.6170239394822,-34.550868443475,9.94442304858012E-05,1.13868896E-05,0.001023334359,
50.456,0.0380000000000038,91,91,2,90,0,12.6170685600396,-34.617303657827,9.79010692816473E-05,3.275412415E-05,0.015058128241,
50.457,0.0390000000000015,91,91,2,90,0,12.6171010493406,-34.6660466213333,9.67755854759389E-05,3.957836236E-05,0.016831070597,
50.458,0.0399999999999991,91,91,2,90,0,12.6171257508321,-34.5700447820916,9.59204681123538E-05,3.379233507E-05,0.007404057462,
50.459,0.0410000000000039,91,91,2,90,0,12.6171481951145,-34.4651125560984,9.51457458313598E-05,2.636067162E-05,-0.002496638488,
50.46,0.0420000000000016,91,91,2,90,0,12.6171671430144,-34.476915411014,9.44925925097095E-05,2.207253038E-05,-0.005994915939,
50.461,0.0429999999999993,91,91,2,90,0,12.6171737013037,-34.5558439569935,9.42662241101289E-05,1.627993147E-05,-0.005682535204,
50.462,0.044000000000004,91,91,2,90,0,12.6171608635757,-34.5540220254578,9.47098309467265E-05,4.45636729E-06,-0.00715055119,
50.463,0.0450000000000017,91,91,2,90,0,12.6171371549956,-34.5070537742296,9.55285009638374E-05,-1.028017844E-05,-0.010888169064,
50.464,0.0459999999999994,91,91,2,90,0,12.6171229332849,-34.6059231030812,9.60199533466266E-05,-1.760126365E-05,-0.011638013109,
50.465,0.0470000000000042,91,91,2,90,0,12.6171343800039,-34.73731897608,9.5623077044138E-05,-9.36724261E-06,-0.004879191491,
50.466,0.0480000000000018,91,91,2,90,0,12.617170224632,-34.7419535193672,9.43778477022761E-05,1.106556282E-05,0.007227124482,
50.467,0.0489999999999995,91,91,2,90,0,12.6172089392271,-34.6641237374364,9.30343336165151E-05,2.938624547E-05,0.016139533279,
50.468,0.0500000000000043,91,91,2,90,0,12.6172319220259,-34.6062621658191,9.22383199508658E-05,3.313406611E-05,0.014582460881,
50.469,0.0510000000000019,91,91,2,90,0,12.6172371218672,-34.5677768445259,9.20584729442453E-05,2.236745044E-05,0.00376534835,
50.47,0.0519999999999996,91,91,2,90,0,12.6172279005027,-34.5055440542685,9.2376948074957E-05,6.20836681E-06,-0.008030025165,
50.471,0.0530000000000044,91,91,2,90,0,12.6172136757108,-34.4818327805699,9.28676136169315E-05,-6.39603098E-06,-0.01347493749,
50.472,0.054000000000002,91,91,2,90,0,12.6172036524843,-34.4294256340316,9.32129701851636E-05,-1.146329406E-05,-0.011409663129,
50.473,0.0549999999999997,91,91,2,90,0,12.6172012871828,-34.4259579350558,9.32944020632931E-05,-8.98631862E-06,-0.005065131937,
50.474,0.0560000000000045,91,91,2,90,0,12.6172129775916,-34.4628679015005,9.28917327911449E-05,-4.4596591E-07,0.002032717065,
50.475,0.0570000000000022,91,91,2,90,0,12.6172354900657,-34.3610228595421,9.211703476808E-05,1.07203153E-05,0.007509118079,
50.476,0.0579999999999998,91,91,2,90,0,12.6172589452123,-34.1902620859983,9.13130945434659E-05,1.954865626E-05,0.009677120585,
50.477,0.0590000000000046,91,91,2,90,0,12.6172720461969,-34.1180488801255,9.08656414821962E-05,2.006609625E-05,0.007036452744,
50.478,0.0600000000000023,91,91,2,90,0,12.617262680014,-34.2349468978214,9.11857448073761E-05,9.46708295E-06,-0.000324225706,
50.479,0.0609999999999999,91,91,2,90,0,12.617242179073,-34.530555736176,9.18906235654049E-05,-5.96646008E-06,-0.008714436232,
50.48,0.0620000000000047,91,91,2,90,0,12.6172289616382,-34.8382758834774,9.23490625694967E-05,-1.497546171E-05,-0.012055821691,
50.481,0.0630000000000024,91,91,2,90,0,12.6172311890218,-34.9831978804482,9.22713029609668E-05,-1.076904114E-05,-0.00697173739,
50.482,0.0640000000000001,91,91,2,90,0,12.617249988786,-34.9291908685132,9.16141347460098E-05,2.56565226E-06,0.002980275759,
50.483,0.0650000000000048,91,91,2,90,0,12.617278234714,-34.863448199052,9.06284558226389E-05,1.666189916E-05,0.010824677601,
50.484,0.0660000000000025,91,91,2,90,0,12.6173053988973,-34.7349738506683,8.96831636794104E-05,2.508755545E-05,0.012166603667,
50.485,0.0670000000000002,91,91,2,90,0,12.6173253195198,-34.6919344455301,8.8991650059711E-05,2.531563847E-05,0.007667561492,
50.486,0.0680000000000049,91,91,2,90,0,12.6173345448903,-34.696054882876,8.86715851038389E-05,1.888511514E-05,0.000689773096,
50.487,0.0690000000000026,91,91,2,90,0,12.6173363441075,-34.7221923165083,8.86091358580643E-05,1.020610011E-05,-0.005107488935,
50.488,0.0700000000000003,91,91,2,90,0,12.617337808275,-34.6523257842947,8.85583478975605E-05,3.92654828E-06,-0.00728462856,
50.489,0.0710000000000051,91,91,2,90,0,12.6173433317375,-34.6408681687513,8.8366978715726E-05,2.78247091E-06,-0.005458748452,
50.49,0.0720000000000027,91,91,2,90,0,12.6173511153004,-34.6766409300164,8.80972101100497E-05,4.98370412E-06,-0.001681126534,
50.491,0.0730000000000004,91,91,2,90,0,12.6173568930753,-34.7303562284567,8.78967011033183E-05,6.50379638E-06,0.000993297751,
50.492,0.0740000000000052,91,91,2,90,0,12.6173655348754,-34.7276175321484,8.75965801441225E-05,7.23871886E-06,0.001488883611,
50.493,0.0750000000000028,91,91,2,90,0,12.6173872006744,-34.6054807026269,8.684550165583E-05,1.168979221E-05,0.002085318675,
50.494,0.0760000000000005,91,91,2,90,0,12.6174233694012,-34.5375823357793,8.559509338113E-05,2.210947767E-05,0.005126811722,
50.495,0.0770000000000053,91,91,2,90,0,12.6174666233603,-34.5391125341833,8.4101173115414E-05,3.394341815E-05,0.009053378333,
50.496,0.078000000000003,91,91,2,90,0,12.6175030600822,-34.5921220220765,8.28417153257988E-05,3.908321825E-05,0.00940142186,
50.497,0.0790000000000006,91,91,2,90,0,12.6175248487568,-34.6072786204155,8.2087833717992E-05,3.408747887E-05,0.00410738037,
50.498,0.0799999999999983,91,91,2,90,0,12.6175378883525,-34.5899457548284,8.16366817986136E-05,2.355836512E-05,-0.003615089847,
50.499,0.0810000000000031,91,91,2,90,0,12.6175548034535,-34.5527508380522,8.10519039475821E-05,1.682697096E-05,-0.007729785562,
50.5,0.0820000000000007,91,91,2,90,0,12.6175798561431,-34.5477588212417,8.01863271391312E-05,1.819372599E-05,-0.00544126528,
50.501,0.0829999999999984,91,91,2,90,0,12.6176087834434,-34.6139915470482,7.91859957729457E-05,2.377379623E-05,0.000201304836,
50.502,0.0840000000000032,91,91,2,90,0,12.6176333601279,-34.6860271701766,7.83344134305253E-05,2.645973235E-05,0.003447835441,
50.503,0.0850000000000009,91,91,2,90,0,12.6176512883449,-34.7009597405066,7.77124209463409E-05,2.388732899E-05,0.001976674512,
50.504,0.0859999999999985,91,91,2,90,0,12.6176623374631,-34.6082480508432,7.73295181346612E-05,1.785902761E-05,-0.002031670922,
50.505,0.0870000000000033,91,91,2,90,0,12.6176697647055,-34.5803563538413,7.70725778664882E-05,1.20262851E-05,-0.004932864313,
50.506,0.088000000000001,91,91,2,90,0,12.6176808689302,-34.608301359481,7.66884346603547E-05,9.61689983E-06,-0.004864402999,
50.507,0.0889999999999986,91,91,2,90,0,12.6176978868106,-34.5893260330587,7.6099636189042E-05,1.177522672E-05,-0.002066078794,
50.508,0.0900000000000034,91,91,2,90,0,12.6177159717974,-34.371500962201,7.54760583703273E-05,1.556391561E-05,0.001277121842,
50.509,0.0910000000000011,91,91,2,90,0,12.6177321621771,-34.2773235399459,7.49203331054105E-05,1.719647275E-05,0.002652740765,
50.51,0.0919999999999987,91,91,2,90,0,12.6177490503471,-34.4137294206607,7.43403000171838E-05,1.696809892E-05,0.001721117374,
50.511,0.0930000000000035,91,91,2,90,0,12.6177703609179,-34.6229765611074,7.36046942080293E-05,1.800555315E-05,0.000709653879,
50.512,0.0940000000000012,91,91,2,90,0,12.6177975669604,-34.722727250911,7.26613831290024E-05,2.175249207E-05,0.001470551219,
50.513,0.0949999999999989,91,91,2,90,0,12.6178278953948,-34.664042486241,7.1609187074273E-05,2.637411856E-05,0.003196499784,
50.514,0.0960000000000036,91,91,2,90,0,12.6178548943885,-34.5920226592195,7.06742650464776E-05,2.839288462E-05,0.00357836209,
50.515,0.0970000000000013,91,91,2,90,0,12.617869038345,-34.5889003736417,7.01850190694131E-05,2.414131475E-05,0.00091852341,
50.516,0.097999999999999,91,91,2,90,0,12.6178731206517,-34.5554613749614,7.00438848326712E-05,1.498197272E-05,-0.003842800739,
50.517,0.0990000000000038,91,91,2,90,0,12.6178779690427,-34.4429193832379,6.98766192641642E-05,7.33062693E-06,-0.00723461151,
50.518,0.100000000000001,91,91,2,90,0,12.6178869436675,-34.3769886600312,6.95678028392877E-05,5.85643585E-06,-0.006250598249,
50.519,0.100999999999999,91,91,2,90,0,12.6178912138745,-34.4118618158089,6.94209315241778E-05,6.32542932E-06,-0.002744382128,
50.52,0.102000000000004,91,91,2,90,0,12.6178840909707,-34.4743266781349,6.96662663699499E-05,2.2635991E-06,-0.001473209002,
50.521,0.103000000000002,91,91,2,90,0,12.6178705235982,-34.4694086120175,7.01339590420957E-05,-5.63831117E-06,-0.003854607128,
50.522,0.103999999999999,91,91,2,90,0,12.6178599756883,-34.4956717323731,7.04976777683441E-05,-1.072819311E-05,-0.005906277756,
50.523,0.105000000000004,91,91,2,90,0,12.6178580571212,-34.6940581353735,7.05640503326777E-05,-8.86494584E-06,-0.003847551676,
50.524,0.106000000000002,91,91,2,90,0,12.6178623265247,-34.9055906271546,7.04154758466302E-05,-2.65097876E-06,0.00108252445,
50.525,0.106999999999999,91,91,2,90,0,12.6178653208025,-35.0347776995398,7.03107653947654E-05,2.03047461E-06,0.004448997024,
50.526,0.108000000000004,91,91,2,90,0,12.6178665079662,-35.0431056939347,7.02691684324463E-05,2.83468128E-06,0.003978033473,
50.527,0.109000000000002,91,91,2,90,0,12.6178685282528,-35.0569094153165,7.01983573776488E-05,1.9792348E-06,0.001469484735,
50.528,0.109999999999999,91,91,2,90,0,12.6178753632477,-35.0157910311654,6.9958884097332E-05,3.21476219E-06,0.000269741626,
50.529,0.111000000000004,91,91,2,90,0,12.6178936223514,-34.979144799277,6.93198616943391E-05,8.81781504E-06,0.001918492867,
50.53,0.112000000000002,91,91,2,90,0,12.6179317274585,-34.9648097883531,6.79872507589607E-05,2.078567209E-05,0.006202236472,
50.531,0.113,91,91,2,90,0,12.6179881498518,-35.007179545512,6.60132572107841E-05,3.764649197E-05,0.011526304639,
50.532,0.114000000000004,91,91,2,90,0,12.6180491351462,-34.9552619667909,6.38799171639448E-05,5.229607777E-05,0.014729560807,
50.533,0.115000000000002,91,91,2,90,0,12.6181040490271,-34.8296658257478,6.19638365577657E-05,5.779500002E-05,0.012567756959,
50.534,0.116,91,91,2,90,0,12.6181600780029,-34.7857592758372,6.00135960695525E-05,5.706983342E-05,0.00637689466,
50.535,0.117000000000004,91,91,2,90,0,12.6182207470323,-34.7751264902158,5.79035003624995E-05,5.708646341E-05,0.001364599032,
50.536,0.118000000000002,91,91,2,90,0,12.6182834520223,-34.7592813365775,5.57234231877146E-05,5.98878015E-05,0.000629503443,
50.537,0.119,91,91,2,90,0,12.6183423099769,-34.7372634298133,5.36782109463729E-05,6.09400912E-05,0.001441211143,
50.538,0.120000000000005,91,91,2,90,0,12.6183995352252,-34.740099929449,5.16902812677245E-05,5.952225333E-05,0.000835965946,
50.539,0.121000000000002,91,91,2,90,0,12.6184648364631,-34.7188734792873,4.94224027960399E-05,6.013785707E-05,-6.6767116E-05,
50.54,0.122,91,91,2,90,0,12.6185381176939,-34.7780907629004,4.68759912592986E-05,6.527243889E-05,0.001361264681,
50.541,0.123000000000005,91,91,2,90,0,12.6186117542557,-34.793580598214,4.43144819257668E-05,7.099383223E-05,0.003954931852,
50.542,0.124000000000002,91,91,2,90,0,12.618680766458,-34.7266914180135,4.19156083921735E-05,7.214265465E-05,0.004173578608,
50.543,0.125,91,91,2,90,0,12.6187424535338,-34.679321851032,3.97748813867338E-05,6.82019722E-05,0.000993742235,
50.544,0.126000000000005,91,91,2,90.25,0,12.6188022118038,-34.6080103062799,3.77046358295274E-05,6.330597201E-05,-0.002700426311,
50.545,0.127000000000002,91,91,2,90.25,0,12.6188645441202,-34.646023282561,3.55462536703044E-05,6.110912566E-05,-0.003799658716,
50.546,0.128,91,91,2,90.25,0,12.6189283517504,-34.6920053141454,3.33341060212433E-05,6.200269662E-05,-0.002079467309,
50.547,0.129000000000005,91,91,2,90.25,0,12.6189916571645,-34.690284226868,3.11379687332192E-05,6.321437123E-05,6.1876862E-05,
50.548,0.130000000000003,91,91,2,90.25,0,12.6190545038233,-34.716459284992,2.89569777720544E-05,6.331845234E-05,0.000783965465,
50.549,0.131,91,91,2,90.25,0,12.6191122486887,-34.7053742390437,2.69526005496346E-05,6.145374737E-05,-0.000154276664,
50.55,0.132000000000005,91,91,2,90.25,0,12.6191603908947,-34.6678361924991,2.52827108511156E-05,5.63946056E-05,-0.002232400186,
50.551,0.133000000000003,91,91,2,90.25,0,12.6192025006785,-34.665366817601,2.38229077496044E-05,4.921327716E-05,-0.004737466731,
50.552,0.134,91,91,2,90.25,0,12.6192440835501,-34.7275216645491,2.23801299625848E-05,4.37614368E-05,-0.006025826015,
50.553,0.135000000000005,91,91,2,90.25,0,12.619288767105,-34.7599097426474,2.08276572379873E-05,4.267115025E-05,-0.004662220641,
50.554,0.136000000000003,91,91,2,90.25,0,12.6193287592013,-34.7245984213152,1.94382416651706E-05,4.234591233E-05,-0.002169238104,
50.555,0.137,91,91,2,90.25,0,12.6193566834749,-34.5893043828738,1.84704714740747E-05,3.777918707E-05,-0.001827198711,
50.556,0.138000000000005,91,91,2,90.25,0,12.6193837584374,-34.4643103154976,1.75356594525056E-05,3.128982708E-05,-0.003871069477,
50.557,0.139000000000003,91,91,2,90.25,0,12.6194207520003,-34.4192872753954,1.62615346113171E-05,3.030533595E-05,-0.004261108913,
50.558,0.140000000000001,91,91,2,90.25,0,12.6194618271074,-34.4887692611369,1.48463317088954E-05,3.524244604E-05,-0.000859471422,
50.559,0.141000000000005,91,91,2,90.25,0,12.6194937943314,-34.6031493577719,1.37419932855209E-05,3.711827891E-05,0.002242246558,
50.56,0.142000000000003,91,91,2,90.25,0,12.6195152270032,-34.632862788321,1.30000369296113E-05,3.153922327E-05,0.000557749483,
50.561,0.143000000000001,91,91,2,90.25,0,12.6195302067487,-34.5804241366952,1.2481638222539E-05,2.265715957E-05,-0.004333491505,
50.562,0.143999999999998,91,91,2,90.25,0,12.6195371007586,-34.4899652156511,1.22435522484921E-05,1.448990271E-05,-0.00767671923,
50.563,0.145000000000003,91,91,2,90.25,0,12.6195314640662,-34.5122842618354,1.24380244699296E-05,5.56051989E-06,-0.0086103367,
50.564,0.146000000000001,91,91,2,90.25,0,12.6195182364264,-34.6565820128253,1.28954948905857E-05,-4.15476593E-06,-0.008936515932,
50.565,0.146999999999998,91,91,2,90.25,0,12.6195087992649,-34.8081998375054,1.32232700735813E-05,-9.81321209E-06,-0.008262463022,
50.566,0.148000000000003,91,91,2,90.25,0,12.6195168028951,-34.9821204672248,1.29439821137112E-05,-5.34206748E-06,-0.003836620827,
50.567,0.149000000000001,91,91,2,90.25,0,12.6195494479765,-35.1239151912623,1.17996734871895E-05,1.016382805E-05,0.004742692655,
50.568,0.149999999999999,91,91,2,90.25,0,12.6195965303463,-35.1568273863034,1.01451815339715E-05,2.958383256E-05,0.013369702948,
50.569,0.151000000000003,91,91,2,90.25,0,12.619639876526,-35.1446231655529,8.62153187597414E-06,4.163032625E-05,0.01603371857,
50.57,0.152000000000001,91,91,2,90.25,0,12.6196694783154,-35.068983429536,7.5823076741699E-06,4.034371964E-05,0.010258616846,
50.571,0.152999999999999,91,91,2,90.25,0,12.6196908286514,-35.0242522438903,6.83405060897258E-06,3.124967047E-05,0.000371090712,
50.572,0.154000000000003,91,91,2,90.25,0,12.619716879622,-35.0599856413414,5.9211694036776E-06,2.52359624E-05,-0.005827714072,
50.573,0.155000000000001,91,91,2,90.25,0,12.6197521976304,-35.1662689534761,4.68104367712385E-06,2.742089156E-05,-0.004478219231,
50.574,0.155999999999999,91,91,2,90.25,0,12.6197957427707,-35.1187484573251,3.15075820367383E-06,3.500603663E-05,0.001345402764,
50.575,0.157000000000004,91,91,2,90.25,0,12.6198447325875,-34.9948776020769,1.43333134872137E-06,4.271040368E-05,0.006000846891,
50.576,0.158000000000001,91,91,2,90.25,0,12.6198912832651,-34.9636192942396,-1.94976365719413E-07,4.662467209E-05,0.006531570864,
50.577,0.158999999999999,91,91,2,90.25,0,12.6199357318272,-35.0320005118878,-1.75057869000739E-06,4.665178471E-05,0.003885151265,
50.578,0.160000000000004,91,91,2,90.25,0,12.6199849093957,-35.0196435709766,-3.47306345815923E-06,4.649789867E-05,0.001138959759,
50.579,0.161000000000001,91,91,2,90.25,0,12.6200442814884,-35.0167487769798,-5.55216703901351E-06,5.081722384E-05,0.001242376921,
50.58,0.161999999999999,91,91,2,90.25,0,12.6201174490798,-35.099684989079,-8.11729232452763E-06,6.045238505E-05,0.004572112619,
50.581,0.163000000000004,91,91,2,90.25,0,12.6202057352307,-35.0944723885579,-1.12158783025507E-05,7.356450964E-05,0.009083499412,
50.582,0.164000000000001,91,91,2,90.25,0,12.6203080189449,-35.0503751063576,-1.48032160751654E-05,8.794985204E-05,0.012451000919,
50.583,0.164999999999999,91,91,2,90.25,0,12.6204157670932,-35.040853282167,-1.85793161051606E-05,9.972377544E-05,0.013219951357,
50.584,0.166000000000004,91,91,2,90.25,0,12.6205156369429,-35.0606423131448,-2.20798290229141E-05,0.00010374532849,0.010231637995,
50.585,0.167000000000002,91,91,2,90.25,0,12.6206036157814,-35.1008818562745,-2.51661937227254E-05,9.866603592E-05,0.003617010469,
50.586,0.167999999999999,91,91,2,90.25,0,12.6206896159922,-35.1218435113369,-2.81857783193118E-05,9.095255355E-05,-0.003139295824,
50.587,0.169000000000004,91,91,2,90.25,0,12.6207823357399,-35.0857553754519,-3.14405937444917E-05,8.860966018E-05,-0.00531204873,
50.588,0.170000000000002,91,91,2,90.25,0,12.6208794094712,-35.0440172241507,-3.48444730917663E-05,9.201008171E-05,-0.0022310756,
50.589,0.170999999999999,91,91,2,90.25,0,12.6209825468027,-35.0245919766305,-3.84578177801131E-05,9.758661628E-05,0.002330260972,
50.59,0.172000000000004,91,91,2,90.25,0,12.6210935472502,-34.9693932142831,-4.23424996256472E-05,0.00010367718624,0.005077911275,
50.591,0.173000000000002,91,91,2,90.25,0,12.6212143409034,-34.8466337966638,-4.65591661082954E-05,0.00011157947441,0.006479874806,
50.592,0.173999999999999,91,91,2,90.25,0,12.6213447251761,-34.7939482410388,-5.10991844180353E-05,0.00012073287734,0.007734107135,
50.593,0.175000000000004,91,91,2,90.25,0,12.6214851276967,-34.7989364686709,-5.59846926364571E-05,0.00013051256122,0.008965952787,
50.594,0.176000000000002,91,91,2,90.25,0,12.6216364546473,-34.745109787366,-6.12466368608011E-05,0.00014067437523,0.009706438634,
50.595,0.177,91,91,2,90.25,0,12.6217866647433,-34.7556239306941,-6.64664927967351E-05,0.00014771456522,0.009110687765,
50.596,0.178000000000004,91,91,2,90.25,0,12.6219253789766,-34.8719456033686,-7.12956602626491E-05,0.00014709639357,0.005679168704,
50.597,0.179000000000002,91,91,2,90.25,0,12.6220469809217,-34.9730413688954,-7.55423033922398E-05,0.00013702930565,-0.001155338039,
50.598,0.18,91,91,2,90.25,0,12.6221513816574,-34.9874359277879,-7.91942660498535E-05,0.00012157526874,-0.008848497736,
50.599,0.181000000000004,91,91,2,90.25,0,12.6222526384561,-34.9430675327166,-8.27347354999119E-05,0.00010861791742,-0.013088946536,
50.6,0.182000000000002,91,91,2,90.25,0,12.6223584099791,-34.8802089161657,-8.64273926453052E-05,0.00010355439709,-0.0113382077,
50.601,0.183,91,91,2,90.25,0,12.6224594969114,-34.8640789017361,-8.99525106916599E-05,0.0001030117285,-0.006075414105,
50.602,0.184000000000005,91,91,2,90.25,0,12.6225509036625,-34.8319228710615,-9.31378532413873E-05,9.958825515E-05,-0.00276316554,
50.603,0.185000000000002,91,91,2,90.25,0,12.6226296766413,-34.8518354123808,-9.58824518448864E-05,9.052067377E-05,-0.004252464331,
50.604,0.186,91,91,2,90.25,0,12.6226902023088,-34.895445415332,-9.79932022033836E-05,7.70889171E-05,-0.008683601558,
50.605,0.187000000000005,91,91,2,90.25,0,12.6227272386022,-34.9571659606,-9.92867431079958E-05,5.895304866E-05,-0.013533737614,
50.606,0.188000000000002,91,91,2,90.25,0,12.6227289850893,-34.9067321258196,-9.9347751302048E-05,3.349616374E-05,-0.018920939853,
50.607,0.189,91,91,2,90.25,0,12.6226855779522,-34.7128370115819,-9.78367582149531E-05,-1.21265827E-06,-0.026036161103,
50.608,0.190000000000005,91,91,2,90.25,0,12.6225779610438,-34.5260115055666,-9.41111228058844E-05,-4.912398123E-05,-0.035893991168,
50.609,0.191000000000003,91,91,2,90.25,0,12.6223680728495,-34.4200934545402,-8.68756360716816E-05,-0.00011903536278,-0.050550590252,
50.61,0.192,91,91,2,90.25,0,12.6219930985613,-34.3810199397515,-7.39763118104975E-05,-0.0002287326367,-0.075247131684,
50.611,0.193000000000005,91,91,2,90.25,0,12.6213289433824,-34.3224901254708,-5.11614157971962E-05,-0.00041220272724,-0.119893351195,
50.612,0.194000000000003,91,91,2,90.25,0,12.6201792805534,-34.0319363801453,-1.18691441173269E-05,-0.00072305320672,-0.199552362236,
50.613,0.195,91,91,2,90.25,0,12.6182907792241,-33.4398222535023,5.18411088137327E-05,-0.00122566208409,-0.330163882165,
50.614,0.196000000000005,91,91,2,90.25,0,12.6153834418558,-32.7757280529531,0.000148096580701917,-0.00197250059092,-0.518350246841,
50.615,0.197000000000003,91,91,2,90.25,0,12.6111677987856,-32.0598312969511,0.00028475836893449,-0.00299417826716,-0.756021368815,
50.616,0.198,91,91,2,90.25,0,12.6053252454898,-31.3555952851845,0.000470012373725126,-0.00431122442728,-1.027836470581,
50.617,0.199000000000005,91,91,2,90.25,0,12.5975067822048,-30.6676194238977,0.000712475487233633,-0.00594725322488,-1.3241304062,
50.618,0.200000000000003,91,91,2,90.25,0,12.5873291854472,-29.9667755694457,0.00102103169817269,-0.00793343033002,-1.645378498618,
50.619,0.201000000000001,91,91,2,90.25,0,12.5743747585672,-29.3876296016217,0.00140548284906572,-0.01030290575254,-1.996122108092,
50.62,0.202000000000005,91,91,2,90.25,0,12.5582369806704,-28.9252713941256,0.00187600317146064,-0.01307638314832,-2.375686519284,
50.621,0.203000000000003,91,91,2,90.25,0,12.5385091351841,-28.4897726197063,0.00244234072991389,-0.01625979286861,-2.775256501155,
50.622,0.204000000000001,91,91,2,90.25,0,12.5147565823382,-28.1786426920078,0.00311535049461042,-0.01985823741733,-3.184940471466,
50.623,0.204999999999998,91,91,2,90.25,0,12.4865201246457,-28.0392196930767,0.0039090471410077,-0.023890312092,-3.604023137976,
50.624,0.206000000000003,91,91,2,90.25,0,12.4533582033355,-28.0834965055151,0.00483961569015889,-0.02836892532383,-4.035947204033,
50.625,0.207000000000001,91,91,2,90.25,0,12.4148637132996,-28.1916183571784,0.00592275661433916,-0.0332840528426,-4.475605950764,
50.626,0.207999999999998,91,91,2,90.25,0,12.3706365543579,-28.4616965742311,0.00717556419635912,-0.03861452008993,-4.908775151256,
50.627,0.209000000000003,91,91,2,90.25,0,12.3202675177035,-28.9614634861707,0.00862173882330808,-0.04434992158377,-5.327345602715,
50.628,0.210000000000001,91,91,2,90.25,0,12.2633626225685,-29.7110881884801,0.0102911165234758,-0.05048723088477,-5.734493562035,
50.629,0.210999999999999,91,91,2,90.25,0,12.1995630027284,-30.7609093232003,0.0122201617495818,-0.05701255500235,-6.133141403826,
50.63,0.212000000000003,91,91,2,90.25,0,12.1285435854954,-32.094790974139,0.0144521493520244,-0.06389714164644,-6.516698430559,
50.631,0.213000000000001,91,91,2,90.25,0,12.0500003005106,-33.7507601395759,0.0170380122950746,-0.07111063834067,-6.875480901179,
50.632,0.213999999999999,91,91,2,90.25,0,11.96361758005,-35.5742797353206,0.0200322550652885,-0.078637955302,-7.208969759318,
50.633,0.215000000000003,91,91,2,90.25,0,11.8690376792268,-37.4110541607594,0.0234837278860027,-0.08649004392664,-7.530602380193,
50.634,0.216000000000001,91,91,2,90.25,0,11.7658847179101,-39.2469126486417,0.027437476028453,-0.09469266486247,-7.859816819004,
50.635,0.216999999999999,91,91,2,90.25,0,11.6537837464748,-41.3176044921344,0.0319531563457929,-0.10326544620423,-8.208509364252,
50.636,0.218000000000004,91,91,2,90.25,0,11.5323765656139,-43.8057953187823,0.0371204523439701,-0.1122084312274,-8.572794324404,
50.637,0.219000000000001,91,91,2,90.25,0,11.4013300580257,-46.7024285073474,0.0430508456641832,-0.12150711605141,-8.938633858999,
50.638,0.219999999999999,91,91,2,90.25,0,11.2603194912764,-49.8925382916043,0.0498613011709068,-0.13114392731834,-9.293412816634,
50.639,0.221000000000004,91,91,2,90.25,0,11.1090545589179,-53.2658584551449,0.0576634251239625,-0.14109765868373,-9.630449363592,
50.64,0.222000000000001,91,91,2,90.25,0,10.9472620034311,-56.9350412266942,0.0665782677122024,-0.15134690961423,-9.947311205385,
50.641,0.222999999999999,91,91,2,90.25,0,10.7746865305571,-61.1455722573563,0.0767671765668325,-0.16186914376447,-10.242490026889,
50.642,0.224000000000004,91,91,2,90.25,0,10.5911228665287,-65.8534262973448,0.0884233773181506,-0.17263705500413,-10.514042311144,
50.643,0.225000000000001,91,91,2,90.25,0,10.3964058718399,-70.716209773358,0.101719591868871,-0.18361320588019,-10.756680003754,
50.644,0.225999999999999,91,91,2,90.25,0,10.1903878097552,-75.8502019711083,0.116817255926023,-0.19476131570946,-10.965266671103,
50.645,0.227000000000004,91,91,2,90.25,0,9.97294875193842,-81.5010198267597,0.133924406633042,-0.206054040585584,-11.1399066573632,
50.646,0.228000000000002,91,91,2,90.25,0,9.74403353281552,-87.7533524621808,0.153296857493061,-0.217455607488992,-11.281992970253,
50.647,0.228999999999999,91,91,2,90.25,0,9.5036475243746,-94.6533518759335,0.175220867277417,-0.22891360752647,-11.3858442354438,
50.648,0.230000000000004,91,91,2,90.25,0,9.25184279701833,-102.143722797218,0.199998084143715,-0.240370387320119,-11.4407040241083,
50.649,0.231000000000002,91,91,2,90.25,0,8.98872937492022,-109.992700522199,0.227906054289321,-0.251771720104217,-11.4405117639324,
50.65,0.231999999999999,91,91,2,90.25,0,8.7144577113432,-118.06359030806,0.259180743426924,-0.263068286119231,-11.3865368562381,
50.651,0.233000000000004,91,91,2,90.25,0,8.42921619879838,-126.531007192991,0.294065009902667,-0.274215145823687,-11.2830841525718,
50.652,0.234000000000002,91,91,2,90.25,0,8.13320236162748,-135.473692608868,0.332843518175252,-0.285182255242304,-11.1378465118717,
50.653,0.234999999999999,91,91,2,90.25,0,7.82653594908057,-145.388386677579,0.375909001312877,-0.295977912395882,-10.969598824857,
50.654,0.236000000000004,91,91,2,90.25,0,7.50920400818583,-154.473958886146,0.423486951372368,-0.306670298438454,-10.8161114997879,
50.655,0.237000000000002,91,91,2,90.25,0,7.18108574673165,-163.288083399513,0.475618715807826,-0.317368178558221,-10.7250155990323,
50.656,0.238,91,91,2,90.25,0,6.84199454857355,-172.997762649401,0.53263450103799,-0.328174246297522,-10.7286881824687,
50.657,0.239000000000004,91,91,2,90.25,0,6.49179298537649,-184.138387512373,0.595169320068408,-0.339132426658615,-10.8192452399784,
50.658,0.240000000000002,91,91,2,90.25,0,6.13056107863743,-195.058620940598,0.66365834926502,-0.350177556747972,-10.9386314930346,
50.659,0.241,91,91,2,90.25,0,5.75857123215425,-206.103765497984,0.738272516538075,-0.361150185599696,-10.9972947995879,
50.66,0.242000000000004,91,91,2,90.25,0,5.37622048772892,-216.515121873979,0.819066839635511,-0.371870733942589,-10.9187550703646,
50.661,0.243000000000002,91,91,2,90.25,0,4.98401481205658,-227.828503030923,0.906203885453778,-0.382198954416788,-10.6784741349341,
50.662,0.244,91,91,2,90.25,0,4.58253493070298,-242.786121080405,1.00067503717952,-0.392031458002615,-10.2972037682956,
50.663,0.245000000000005,91,91,2,90.25,0,4.17240207926079,-258.73587691368,1.10352036072867,-0.401293510675799,-9.8100833785457,
50.664,0.246000000000002,91,91,2,90.25,0,3.75422943184266,-274.291709292472,1.21496913916403,-0.409948899208395,-9.2511887048005,
50.665,0.247,91,91,2,90.25,0,3.32866308157331,-289.236096394375,1.33487837493475,-0.417978819480714,-8.6497472966893,
50.666,0.248000000000005,91,91,2,90.25,0,2.8964194319028,-304.272986161267,1.46314864091296,-0.425351429234332,-8.0203675947918,
50.667,0.249000000000002,91,91,2,90.25,0,2.45825432448963,-319.71591126656,1.59985372204601,-0.43201689717296,-7.3576603647313,
50.668,0.25,91,91,2,90.25,0,2.0149170560399,-335.830850748965,1.74516787745252,-0.43794031840134,-6.6549964700506,
50.669,0.251000000000005,91,91,2,90.5,0,1.56710430223948,-353.426287255638,1.89949694597573,-0.443128265743969,-5.9253930757291,
50.67,0.252000000000002,91,91,2,90.5,0,1.11546395267888,-371.573984007352,2.0632166339481,-0.447618386923267,-5.199241659355,
50.671,0.253,91,91,2,90.5,0,0.660721565316978,-389.572360576202,2.23627938688196,-0.451422682172937,-4.4937212494089,
50.672,0.254000000000005,91,91,2,90.5,0,0.203617869269544,-408.196168992859,2.41861085861014,-0.454520168627171,-3.7980003899276,
50.673,0.255000000000003,91,91,2,90.5,0,-0.255195722013304,-426.945163830732,2.6101979556809,-0.456908272012399,-3.096714172163,
50.674,0.256,91,91,2,90.5,0,-0.714935570244591,-446.893263923823,2.81106712875818,-0.458578499796756,-2.3855556256685,
50.675,0.257000000000005,91,91,2,90.5,0,-1.17446386796848,-469.134367159238,3.02153743774801,-0.459398505994536,-1.6305239886452,
50.676,0.258000000000003,91,91,2,90.5,0,-1.63249274700162,-492.855225349717,3.24184694509722,-0.459141937268884,-0.7521001967235,
50.677,0.259,91,91,2,90.5,0,-2.08784590881241,-516.173657567965,3.47157919119471,-0.457675989473659,0.2964099694943,
50.678,0.260000000000005,91,91,2,90.5,0,-2.53961601961691,-538.941573442771,3.70991395360733,-0.455080961675608,1.4418580752009,
50.679,0.261000000000003,91,91,2,90.5,0,-2.98706090032548,-562.321419578111,3.95629119787783,-0.451547457077608,2.5378468371879,
50.68,0.262,91,91,2,90.5,0,-3.42941866378682,-586.806860418587,4.21045410581259,-0.44721631456318,3.4912529329437,
50.681,0.263000000000005,91,91,2,90.5,0,-3.8658887785224,-612.325122886389,4.4721467429807,-0.442117604017781,4.3221215487909,
50.682,0.264000000000003,91,91,2,90.5,0,-4.29554457161796,-638.931540252539,4.74095157996423,-0.436192112861302,5.1164743194317,
50.683,0.265000000000001,91,91,2,90.5,0,-4.71736003103169,-666.373884166925,5.0162505836026,-0.429347989483017,5.9530466396968,
50.684,0.266000000000005,91,91,2,90.5,0,-5.1302691257908,-694.789962752396,5.29726904952774,-0.421495650121893,6.8709985065949,
50.685,0.267000000000003,91,91,2,90.5,0,-5.5331956128156,-724.079641578723,5.58311912213745,-0.412586221835203,7.8670012439421,
50.686,0.268000000000001,91,91,2,90.5,0,-5.92507128838101,-754.20509741612,5.87277103752326,-0.402606025907276,8.9135319013913,
50.687,0.268999999999998,91,91,2,90.5,0,-6.30483756313539,-785.349306232151,6.16510645785087,-0.391558098759918,9.9792850013852,
50.688,0.270000000000003,91,91,2,90.5,0,-6.6713941842358,-817.433044987801,6.45886169936215,-0.379436198901498,11.0497995948473,
50.689,0.271000000000001,91,91,2,90.5,0,-7.02360443740234,-849.903181157043,6.75248815652425,-0.36621560681644,12.1293157130928,
50.69,0.271999999999998,91,91,2,90.5,0,-7.36033129617744,-882.426082847504,7.04414905224047,-0.351869145229269,13.2287452677005,
50.691,0.273000000000003,91,91,2,90.5,0,-7.68049389330657,-914.77655483603,7.33184758426451,-0.336402598598741,14.3447262495442,
50.692,0.274000000000001,91,91,2,90.5,0,-7.98307025018165,-946.999879702827,7.61351234970384,-0.319856003546706,15.454535643973,
50.693,0.274999999999999,91,91,2,90.5,0,-8.26699073467729,-979.28824113515,7.88696867797709,-0.302255467237463,16.5387629027453,
50.694,0.276000000000003,91,91,2,90.5,0,-8.53113292076836,-1011.30613761101,8.1498686533884,-0.283583756688101,17.6057062041163,
50.695,0.277000000000001,91,91,2,90.5,0,-8.77442039390599,-1042.34853539533,8.39968288143488,-0.263819261726409,18.6781936010253,
50.696,0.277999999999999,91,91,2,90.5,0,-8.99580782092749,-1071.74932569679,8.63370022440431,-0.242973873188823,19.7609277107612,
50.697,0.279000000000003,91,91,2,90.5,0,-9.19421484787038,-1099.45181846514,8.84909100635838,-0.221063320832756,20.8406696103621,
50.698,0.280000000000001,91,91,2,90.5,0,-9.36855927051189,-1125.21490701117,9.04302012426986,-0.198082365676059,21.9121240507117,
50.699,0.280999999999999,91,91,2,90.5,0,-9.51785293641196,-1148.11119358685,9.21271671794216,-0.174047976909492,22.975864399469,
50.7,0.282000000000004,91,91,2,90.5,0,-9.64128734012026,-1167.34892765546,9.35562043763009,-0.149051114264971,24.0071008469922,
50.701,0.283000000000001,91,91,2,90.5,0,-9.73818402058296,-1182.53387714123,9.46946835926069,-0.123230865392151,24.9551363496245,
50.702,0.283999999999999,91,91,2,90.5,0,-9.80796576081437,-1193.33423415784,9.55236446494408,-0.096723515366996,25.7793633500308,
50.703,0.285000000000004,91,91,2,90.5,0,-9.85023904582678,-1199.19289512789,9.60293445556218,-0.069663685735098,26.4669635614774,
50.704,0.286000000000001,91,91,2,90.5,0,-9.86483022030895,-1199.62739025245,9.62043525822986,-0.042221188419037,27.008886055124,
50.705,0.286999999999999,91,91,2,90.5,0,-9.85184308223419,-1194.50673619547,9.60488878299502,-0.01462231387416,27.3746101794569,
50.706,0.288000000000004,91,91,2,90.5,0,-9.81165793587093,-1184.47624313842,9.5570888933849,0.012873046794231,27.5209072132864,
50.707,0.289000000000001,91,91,2,90.5,0,-9.74481440642886,-1169.9591969136,9.4783995060566,0.040023258800353,27.4228702326561,
50.708,0.289999999999999,91,91,2,90.5,0,-9.65197725393068,-1150.64326928717,9.37068044353543,0.06664410143526,27.0949457934382,
50.709,0.291000000000004,91,91,2,90.5,0,-9.53395312349563,-1127.45243937137,9.23624531100431,0.092595158962408,26.5787179139438,
50.71,0.292000000000002,91,91,2,90.5,0,-9.39166002192738,-1100.80401164314,9.07771255025214,0.117748728393949,25.9127466307936,
50.711,0.292999999999999,91,91,2,90.5,0,-9.22613890940887,-1071.56462037586,8.89792611386611,0.141980813513365,25.1163705665856,
50.712,0.294000000000004,91,91,2,90.5,0,-9.03851809966515,-1040.62086908607,8.69978113793522,0.165182618400994,24.1994463435174,
50.713,0.295000000000002,91,91,2,90.5,0,-8.83000277761824,-1008.0542212609,8.48619106481863,0.187259254267115,23.1733382507127,
50.714,0.295999999999999,91,91,2,90.5,0,-8.60186120671721,-973.573330249,8.26014525354751,0.208134843012192,22.0538724362602,
50.715,0.297000000000004,91,91,2,90.5,0,-8.35536095102811,-938.412477519598,8.02449275830307,0.227761301681215,20.861163858574,
50.716,0.298000000000002,91,91,2,90.5,0,-8.09181187871973,-903.366173434797,7.78179323087485,0.246107295238463,19.6170581583067,
50.717,0.298999999999999,91,91,2,90.5,0,-7.81261825076008,-868.31240992795,7.53447254524113,0.263127794017977,18.3324846574603,
50.718,0.300000000000004,91,91,2,90.5,0,-7.51918355979255,-834.201805118082,7.2846841789612,0.278772580166633,17.0054334235768,
50.719,0.301000000000002,91,91,2,90.5,0,-7.21284150017768,-800.541449302862,7.03428887121079,0.293034582659368,15.6426648411371,
50.72,0.302,91,91,2,90.5,0,-6.89486959384631,-767.647924128299,6.78496878893154,0.305958803035621,14.2755029545667,
50.721,0.303000000000004,91,91,2,90.5,0,-6.56652662929727,-735.314344444505,6.53822524549727,0.317594269781722,12.938928922152,
50.722,0.304000000000002,91,91,2,90.5,0,-6.22912410596622,-704.031614261243,6.29540576629043,0.327949514718341,11.638026292302,
50.723,0.305,91,91,2,90.5,0,-5.88392361512892,-674.347545754311,6.05749718499179,0.337024045948319,10.3550973674713,
50.724,0.306000000000004,91,91,2,90.5,0,-5.53209168820426,-646.036287057393,5.82522059090263,0.344850531411633,9.0843316119711,
50.725,0.307000000000002,91,91,2,90.5,0,-5.17477770736637,-619.222169822227,5.5991733228944,0.351487112272421,7.8439278125554,
50.726,0.308,91,91,2,90.5,0,-4.81308204338137,-593.76394725408,5.37980741338416,0.356983869608054,6.6516051839993,
50.727,0.309000000000005,91,91,2,90.5,0,-4.4479584677388,-569.563561648924,5.16742826353715,0.361409532538138,5.5173760715148,
50.728,0.310000000000002,91,91,2,90.5,0,-4.0802379676189,-546.265572643576,4.96227163988195,0.364874279488498,4.4587164578315,
50.729,0.311,91,91,2,90.5,0,-3.7106539590243,-524.128989430994,4.76447128336726,0.367500475319111,3.5014564083531,
50.73,0.312000000000005,91,91,2,90.5,0,-3.33991927390929,-502.885872818222,4.57409626758505,0.369370159008313,2.6508075241138,
50.731,0.313000000000002,91,91,2,90.5,0,-2.96862214575155,-482.457203347363,4.39116874036985,0.370558215071706,1.8921490438826,
50.732,0.314,91,91,2,90.5,0,-2.59713544918378,-462.982734805542,4.21555956065602,0.37118526576793,1.224242740985,
50.733,0.315000000000005,91,91,2,90.5,0,-2.22572367890707,-445.103104799768,4.0469226760305,0.371407348157443,0.6738618143614,
50.734,0.316000000000003,91,91,2,90.5,0,-1.8547262143826,-428.001292746185,3.88496291715315,0.371309956438356,0.2477306489463,
50.735,0.317,91,91,2,90.5,0,-1.4846326100928,-411.413997890464,3.7296318019493,0.370850598179741,-0.1101394483654,
50.736,0.318000000000005,91,91,2,90.5,0,-1.11600923389879,-394.87110600849,3.58102403336221,0.369923693931464,-0.4910320936552,
50.737,0.319000000000003,91,91,2,90.5,0,-0.749437271048012,-378.558416867195,3.43926524419857,0.368449020619777,-0.9509711704014,
50.738,0.32,91,91,2,90.5,0,-0.385544785503623,-362.965735552861,3.3043477107409,0.366383543661831,-1.4875836865417,
50.739,0.321000000000005,91,91,2,90.5,0,-0.0249416834187196,-348.375030339088,3.17609186733085,0.36370951369846,-2.0708017656958,
50.74,0.322000000000003,91,91,2,90.5,0,0.33198154413404,-335.369774109825,3.05406966611768,0.360485954763106,-2.6563227533384,
50.741,0.323,91,91,2,90.5,0,0.68513533448644,-323.104098799859,2.93779839408464,0.356896358752295,-3.1685113663962,
50.742,0.324000000000005,91,91,2,90.5,0,1.03460476588805,-311.206524404195,2.82696230767307,0.353179313827271,-3.5180195624378,
50.743,0.325000000000003,91,91,2,90.5,0,1.38044208456052,-299.401718343215,2.72137674895754,0.349485105268105,-3.6719593410027,
50.744,0.326000000000001,91,91,2,90.5,0,1.72253150887438,-288.506913462097,2.62081808625582,0.345802584183629,-3.6975532265164,
50.745,0.327000000000005,91,91,2,90.5,0,2.06068758836886,-277.728228618829,2.52508015839678,0.342033789175629,-3.7119095039402,
50.746,0.328000000000003,91,91,2,90.5,0,2.3947510167991,-266.625006039552,2.43415590447324,0.338108287621022,-3.7899247949249,
50.747,0.329000000000001,91,91,2,90.5,0,2.72448748073684,-255.283562865313,2.34810976146849,0.333993134401762,-3.9353850900208,
50.748,0.329999999999998,91,91,2,90.5,0,3.04954793010832,-244.468354317382,2.26688497008166,0.329631748915612,-4.1321273999311,
50.749,0.331000000000003,91,91,2,90.5,0,3.36955096835754,-234.349818250976,2.19027333508626,0.32494603040468,-4.3848157135176,
50.75,0.332000000000001,91,91,2,90.5,0,3.68415036536416,-224.885822971897,2.11803570717993,0.319899169213118,-4.6967614076864,
50.751,0.332999999999998,91,91,2,90.5,0,3.99307097414362,-215.977404860651,2.04993983881468,0.314516852911252,-5.0391549204642,
50.752,0.334000000000003,91,91,2,90.5,0,4.29605018847599,-207.334026262249,1.98581255640492,0.308841826913481,-5.3694926775463,
50.753,0.335000000000001,91,91,2,90.5,0,4.59289011945343,-198.968991979915,1.92550907645946,0.302919847660018,-5.6612990657071,
50.754,0.335999999999999,91,91,2,90.5,0,4.88349151815754,-190.986133151046,1.86884832406201,0.29681015630192,-5.9042069081459,
50.755,0.337000000000003,91,91,2,90.5,0,5.16779918445294,-183.421856255938,1.81562479320669,0.290584838663496,-6.0880656108053,
50.756,0.338000000000001,91,91,2,90.5,0,5.4458364425409,-176.11792995974,1.76564206504023,0.284314663555781,-6.2040869951135,
50.757,0.338999999999999,91,91,2,90.5,0,5.71771338350865,-168.856540956877,1.71874676310783,0.278070285414129,-6.2489787771088,
50.758,0.340000000000003,91,91,2,90.5,0,5.98355316902837,-161.865677964783,1.67478720123546,0.271913889469404,-6.2257225723928,
50.759,0.341000000000001,91,91,2,90.5,0,6.24343763056343,-155.27962666687,1.63357663287418,0.265864334958731,-6.1507381735875,
50.76,0.341999999999999,91,91,2,90.5,0,6.49742245760377,-149.103199076291,1.59492232319897,0.259901168382042,-6.0556905606934,
50.761,0.343000000000004,91,91,2,90.5,0,6.74557104886,-143.143028925303,1.55866207830969,0.254003846653523,-5.9693295024332,
50.762,0.344000000000001,91,91,2,90.5,0,6.98793974955807,-137.279651511653,1.52467923795781,0.248165494824015,-5.8993842132667,
50.763,0.344999999999999,91,91,2,90.5,0,7.22456303363318,-131.555017737831,1.49287296680228,0.24237904287863,-5.8404728339744,
50.764,0.346000000000004,91,91,2,90.5,0,7.45546646874258,-126.013030338062,1.46313629326471,0.236630954372285,-5.7905128789099,
50.765,0.347000000000001,91,91,2,90.5,0,7.68066389291796,-120.500907021462,1.43537914140636,0.230907586518907,-5.7521813421669,
50.766,0.347999999999999,91,91,2,90.5,0,7.90016331300851,-115.118537499923,1.40951997568911,0.225199826230137,-5.7261017798857,
50.767,0.349000000000004,91,91,2,90.5,0,8.11395382539868,-109.787073906133,1.38547863273814,0.219496149005885,-5.711217638797,
50.768,0.350000000000001,91,91,2,90.5,0,8.32195915997932,-104.457396531969,1.36319663636037,0.213767631357425,-5.7123542708698,
50.769,0.350999999999999,91,91,2,90.5,0,8.52405342242024,-99.2208234015518,1.342615536544,0.207967566281583,-5.7425297494122,
50.77,0.352000000000004,91,91,2,90.5,0,8.72010271018849,-94.226139534656,1.32365296689171,0.202054091681035,-5.8126237050392,
50.771,0.353000000000002,91,91,2,90.5,0,8.91000409059272,-89.433268398671,1.30621437934633,0.196018407960845,-5.9161144790288,
50.772,0.353999999999999,91,91,2,90.5,0,9.09368921977181,-84.8944965926427,1.29020367033036,0.189880877245894,-6.0295750827257,
50.773,0.355000000000004,91,91,2,90.5,0,9.27114031526413,-80.7561313138966,1.27550622763485,0.183679794440601,-6.1260422436253,
50.774,0.356000000000002,91,91,2,90.5,0,9.44237374287625,-77.0358009277955,1.26199660093121,0.177456005234291,-6.1888290984955,
50.775,0.356999999999999,91,91,2,90.5,0,9.60744558585231,-73.6293978092235,1.24956130991727,0.171250252585362,-6.2115663187906,
50.776,0.358000000000004,91,91,2,90.5,0,9.76643875142563,-70.498623732841,1.23810362472088,0.165096715146056,-6.1954990532564,
50.777,0.359000000000002,91,91,2,90.5,0,9.91946584666691,-67.5413449435664,1.227541697004,0.15902694769453,-6.1440710058589,
50.778,0.359999999999999,91,91,2,90.5,0,10.0666667074337,-64.8013278078588,1.21780121933141,0.153069045998545,-6.0613387211977,
50.779,0.361000000000004,91,91,2,90.5,0,10.2082031094383,-62.2505248164107,1.20880998828719,0.14724939348048,-5.9499866692713,
50.78,0.362000000000002,91,91,2,90.5,0,10.3442789622562,-59.9788182107611,1.20049375724129,0.141597574877247,-5.8107770969914,
50.781,0.363,91,91,2,90.5,0,10.4751588212083,-58.0158411167907,1.19277219505635,0.13615521941417,-5.6393298356358,
50.782,0.364000000000004,91,91,2,90.5,0,10.6011234841597,-55.9107986747807,1.18559682966509,0.13096409831163,-5.4298240969627,
50.783,0.365000000000002,91,91,2,90.5,0,10.7224023853318,-53.6345703320846,1.17895405867426,0.12603349321782,-5.1883366080821,
50.784,0.366,91,91,2,90.5,0,10.8391627735694,-51.4053528808732,1.17282180756686,0.12132907582554,-4.94090358597,
50.785,0.367000000000004,91,91,2,90.5,0,10.9515414414935,-49.5728271643561,1.16714791088542,0.1168014260239,-4.719243425547,
50.786,0.368000000000002,91,91,2,90.5,0,11.0596624427051,-47.9272744889331,1.16187700658092,0.1124158840044,-4.53804774419,
50.787,0.369,91,91,2,90.5,0,11.1636362165588,-46.0213059637853,1.15699291235198,0.10815413301798,-4.391037044218,
50.788,0.370000000000005,91,91,2,90.5,0,11.263551765639,-43.947049450379,1.15249829353645,0.10400047462902,-4.266460517106,
50.789,0.371000000000002,91,91,2,90.5,0,11.3594506849432,-42.1795247070754,1.14836857084391,0.09992802757945,-4.161722766381,
50.79,0.372,91,91,2,90.5,0,11.451345304177,-40.7491547303556,1.14455822113368,0.09590261821588,-4.082699145587,
50.791,0.373000000000005,91,91,2,90.5,0,11.539257574407,-39.3291450934123,1.14103828856685,0.09190120455378,-4.032321958929,
50.792,0.374000000000002,91,91,2,90.5,0,11.6232501199063,-37.7203234709496,1.1378024980698,0.08793105751193,-3.999232386466,
50.793,0.375,91,91,2,90.5,0,11.703420851138,-36.3170244341714,1.1348346839098,0.08402191863823,-3.96122457748,
50.794,0.376000000000005,91,91,2,90.75,0,11.7798785341535,-35.0743848767893,1.13210547303824,0.08020336104712,-3.900266939368,
50.795,0.377000000000002,91,91,2,90.75,0,11.8527675901885,-33.9070085634471,1.12959147871231,0.07650100938621,-3.810870196827,
50.796,0.378,91,91,2,90.75,0,11.9222555487279,-32.8067831798977,1.12727357611497,0.07293931488047,-3.695016293419,
50.797,0.379000000000005,91,91,2,90.75,0,11.9885056098591,-31.6819049141077,1.12513738635073,0.06953691856562,-3.556102195024,
50.798,0.380000000000003,91,91,2,90.75,0,12.051644337242,-30.6469949954648,1.12316970264099,0.06628803022917,-3.404133378597,
50.799,0.381,91,91,2,90.75,0,12.111751728906,-29.6603043880915,1.12135724540887,0.06316272679172,-3.25786526027,
50.8,0.382000000000005,91,91,2,90.75,0,12.1688862285868,-28.6686058037785,1.1196909488585,0.06012492478471,-3.136128478018,
50.801,0.383000000000003,91,91,2,90.75,0,12.2230991993968,-27.5654758490421,1.11816664054493,0.05714990861452,-3.045216685096,
50.802,0.384,91,91,2,90.75,0,12.2744328546552,-26.687783192843,1.11677413149678,0.05422563480576,-2.978629212807,
50.803,0.385000000000005,91,91,2,90.75,0,12.3229272137995,-26.0635740798,1.11549505986432,0.05134566108965,-2.926206489394,
50.804,0.386000000000003,91,91,2,90.75,0,12.3686327002222,-25.4605005077286,1.11431759341856,0.04850948616205,-2.880124107352,
50.805,0.387,91,91,2,90.75,0,12.4116393074159,-24.8280994243394,1.11323622238676,0.04573248447048,-2.831562593344,
50.806,0.388000000000005,91,91,2,90.75,0,12.4520808075777,-24.2843645111398,1.11224313152766,0.04304673885283,-2.767376840203,
50.807,0.389000000000003,91,91,2,90.75,0,12.4901003526615,-23.8834708318807,1.11132747193396,0.04048444574797,-2.676086685989,
50.808,0.390000000000001,91,91,2,90.75,0,12.5258444369403,-23.5305701969249,1.1104800861947,0.0380634933657,-2.55692664192,
50.809,0.391000000000005,91,91,2,90.75,0,12.5594805581698,-23.2436580861019,1.10969343438823,0.03579433360551,-2.417816812423,
50.81,0.392000000000003,91,91,2,90.75,0,12.5911760111465,-22.930968141754,1.10896167154107,0.03368630966845,-2.266356799875,
50.811,0.393000000000001,91,91,2,90.75,0,12.6210595878181,-22.6199281077367,1.1082810596908,0.03173409056101,-2.109623235113,
50.812,0.393999999999998,91,91,2,90.75,0,12.6492209372209,-22.2561840799722,1.10764917375322,0.02991047138249,-1.96038057765,
50.813,0.395000000000003,91,91,2,90.75,0,12.6757168489705,-21.8462394491442,1.10706490679233,0.02817838628748,-1.834738932143,
50.814,0.396000000000001,91,91,2,90.75,0,12.7005667586196,-21.4707486705107,1.10652669517181,0.02650174241541,-1.742912953181,
50.815,0.396999999999998,91,91,2,90.75,0,12.7237635280866,-21.0266118324051,1.10603379443454,0.02484776822462,-1.686475334568,
50.816,0.398000000000003,91,91,2,90.75,0,12.7452914577649,-20.562687539324,1.10558612867841,0.02319205958502,-1.661295429817,
50.817,0.399000000000001,91,91,2,90.75,0,12.7651585912171,-20.1770248934749,1.10518143802656,0.02153034274708,-1.656990764459,
50.818,0.399999999999999,91,91,2,90.75,0,12.7833827142421,-19.9432059505392,1.10481586001522,0.01987246919187,-1.658761393619,
50.819,0.401000000000003,91,91,2,90.75,0,12.799971937456,-19.8216861399335,1.10448602567973,0.01822655620983,-1.655438368078,
50.82,0.402000000000001,91,91,2,90.75,0,12.8149485645883,-19.7779953444271,1.10418949084766,0.01659591433275,-1.644919822503,
50.821,0.402999999999999,91,91,2,90.75,0,12.8283655923175,-19.8162043425273,1.1039238726101,0.01499252613585,-1.627047104514,
50.822,0.404000000000003,91,91,2,90.75,0,12.8403074210023,-19.9215935063119,1.10368660162298,0.01344234783681,-1.595601331596,
50.823,0.405000000000001,91,91,2,90.75,0,12.8508894581351,-20.0194899170422,1.10347527260903,0.01197645093252,-1.540856849973,
50.824,0.405999999999999,91,91,2,90.75,0,12.8602194906094,-20.0064392781022,1.10328855099942,0.01061437320085,-1.460035570929,
50.825,0.407000000000004,91,91,2,90.75,0,12.8683828866353,-20.072534514522,1.10312496073173,0.00935564293733,-1.362219243011,
50.826,0.408000000000001,91,91,2,90.75,0,12.8754719221509,-20.2134346872579,1.1029821663985,0.00819107880733,-1.261484663909,
50.827,0.408999999999999,91,91,2,90.75,0,12.8815794461061,-20.2583398309774,1.10285857523232,0.00711689020057,-1.165701313084,
50.828,0.410000000000004,91,91,2,90.75,0,12.886758750903,-20.3717438663208,1.10275335743862,0.00612351167583,-1.077058239126,
50.829,0.411000000000001,91,91,2,90.75,0,12.8910181835612,-20.6896532576052,1.10266590831067,0.00518180890278,-1.002118823839,
50.83,0.411999999999999,91,91,2,90.75,0,12.8943542183678,-21.0571607303879,1.1025962738984,0.00425837494433,-0.951724854177,
50.831,0.413000000000004,91,91,2,90.75,0,12.8967774001258,-21.3522561570437,1.10254489103572,0.0033391982475,-0.927637424344,
50.832,0.414000000000001,91,91,2,90.75,0,12.8983246594403,-21.6061895017643,1.10251165710812,0.00243426093953,-0.916182058658,
50.833,0.414999999999999,91,91,2,90.75,0,12.8990489202193,-21.8044694430575,1.1024959367893,0.0015631364869,-0.899065268026,
50.834,0.416000000000004,91,91,2,90.75,0,12.899037014049,-22.1530827390873,1.10249619847235,0.00075031025486,-0.863778843055,
50.835,0.417000000000002,91,91,2,90.75,0,12.8984580130951,-22.7269325318373,1.10250919125818,3.881547941E-05,-0.79991626124,
50.836,0.417999999999999,91,91,2,90.75,0,12.8975099364399,-23.2287095236079,1.10253097599389,-0.00051959522918,-0.695968992369,
50.837,0.419000000000004,91,91,2,90.75,0,12.8963294553602,-23.5179218499427,1.10255856775082,-0.00090707527215,-0.553056728962,
50.838,0.420000000000002,91,91,2,90.75,0,12.8949705615234,-23.5989040373666,1.10259058113297,-0.00116428357949,-0.399677721967,
50.839,0.420999999999999,91,91,2,90.75,0,12.8934244830941,-23.597320433653,1.10262706566527,-0.00136152538745,-0.278299878215,
50.84,0.422000000000004,91,91,2,90.75,0,12.8916506128436,-23.548605029264,1.10266888104258,-0.00155826059791,-0.215079778524,
50.841,0.423000000000002,91,91,2,90.75,0,12.889611150304,-23.5601399093824,1.10271691930286,-0.00178521039087,-0.20595156446,
50.842,0.423999999999999,91,91,2,90.75,0,12.8872783038045,-23.7233594703315,1.10277207187588,-0.00204780004084,-0.228577375313,
50.843,0.425000000000004,91,91,2,90.75,0,12.8846270177503,-24.0099523838503,1.10283534920789,-0.00234036317794,-0.260889739006,
50.844,0.426000000000002,91,91,2,90.75,0,12.8816321961375,-24.2410852122651,1.10290760083301,-0.00265881485537,-0.29133765306,
50.845,0.427,91,91,2,90.75,0,12.878285777594,-24.3248548964231,1.10298886181428,-0.00299724002443,-0.31667716282,
50.846,0.428000000000004,91,91,2,90.75,0,12.8746137083306,-24.484530737227,1.10307847753666,-0.00333863468026,-0.333323967602,
50.847,0.429000000000002,91,91,2,90.75,0,12.8706623854055,-24.8150817409055,1.10317587688115,-0.00365815014594,-0.333940052754,
50.848,0.43,91,91,2,90.75,0,12.8664810321233,-25.2863899635181,1.10328062285772,-0.00393655593372,-0.313746319355,
50.849,0.431000000000004,91,91,2,90.75,0,12.8621104120071,-25.6912905533005,1.1033920248957,-0.00416912422527,-0.276987442281,
50.85,0.432000000000002,91,91,2,90.75,0,12.8575862600963,-25.9358949740516,1.10350880951073,-0.00435989960438,-0.233781666687,
50.851,0.433,91,91,2,90.75,0,12.8529489205492,-26.1153692283531,1.10362949920371,-0.00451204866331,-0.191725356788,
50.852,0.434000000000005,91,91,2,90.75,0,12.8482337549515,-26.2739852116581,1.10375301144458,-0.00462673107139,-0.152496959729,
50.853,0.435000000000002,91,91,2,90.75,0,12.8434577872442,-26.4393968234426,1.10387889014976,-0.0047100584154,-0.116515884114,
50.854,0.436,91,91,2,90.75,0,12.8386248678758,-26.4558415811115,1.10400670936085,-0.00477481257275,-0.087161907233,
50.855,0.437000000000005,91,91,2,90.75,0,12.8337301284972,-26.5218178562289,1.10413636527876,-0.00483437987313,-0.068770056257,
50.856,0.438000000000002,91,91,2,90.75,0,12.8287613406204,-26.6815655890085,1.10426854344209,-0.004898407925,-0.062461582918,
50.857,0.439,91,91,2,90.75,0,12.8237145354946,-26.8514212142862,1.10440362871819,-0.00496997850204,-0.064952583974,
50.858,0.440000000000005,91,91,2,90.75,0,12.8185931177424,-26.9852397044391,1.10454148873366,-0.00504578373902,-0.070578217471,
50.859,0.441000000000003,91,91,2,90.75,0,12.8134110419871,-27.1601664051746,1.1046817815318,-0.00511723136521,-0.073227555761,
50.86,0.442,91,91,2,90.75,0,12.8081873241171,-27.3881691042207,1.10482425408928,-0.00517637098878,-0.069062508641,
50.861,0.443000000000005,91,91,2,90.75,0,12.8029313159484,-27.6874441400958,1.10496899302584,-0.0052209123252,-0.058452538211,
50.862,0.444000000000003,91,91,2,90.75,0,12.7976582450236,-27.990267203921,1.10511578928626,-0.00525143990592,-0.044716695855,
50.863,0.445,91,91,2,90.75,0,12.792382683902,-28.1851676236062,1.10526396775624,-0.00526869915701,-0.030751208541,
50.864,0.446000000000005,91,91,2,90.75,0,12.7871146499311,-28.3299117752571,1.10541282943531,-0.00527255591735,-0.017219002754,
50.865,0.447000000000003,91,91,2,90.75,0,12.7818670330514,-28.5462431534682,1.10556206157064,-0.00526416698875,-0.004203800883,
50.866,0.448,91,91,2,90.75,0,12.7766569017785,-28.7518223348602,1.10571132679208,-0.00524249632502,0.008699742457,
50.867,0.449000000000005,91,91,2,90.75,0,12.7714983482404,-28.9106976705054,1.10586005439036,-0.0052059036345,0.022162751228,
50.868,0.450000000000003,91,91,2,90.75,0,12.7663942185535,-29.0647750173108,1.106008011556,-0.00515769970318,0.035599454723,
50.869,0.451000000000001,91,91,2,90.75,0,12.761333262678,-29.2668665962016,1.10615561848817,-0.00510750469884,0.045317880986,
50.87,0.452000000000005,91,91,2,90.75,0,12.7563048469851,-29.4147730486653,1.10630315632702,-0.00506414596414,0.047546801542,
50.871,0.453000000000003,91,91,2,90.75,0,12.7513096434712,-29.5185393428555,1.10645034827159,-0.00502821409398,0.04318155623,
50.872,0.454000000000001,91,91,2,90.75,0,12.7463560106744,-29.7993211967687,1.1065972677213,-0.00499269595247,0.038035810927,
50.873,0.454999999999998,91,91,2,90.75,0,12.7414497248043,-30.2128946536193,1.10674448626463,-0.00495189993392,0.037225623217,
50.874,0.456000000000003,91,91,2,90.75,0,12.7365930451454,-30.509560952081,1.10689194102213,-0.00490560808475,0.040861404624,
50.875,0.457000000000001,91,91,2,90.75,0,12.7317902601003,-30.620302575084,1.10703873781931,-0.00485539313812,0.045820029222,
50.876,0.457999999999998,91,91,2,90.75,0,12.7270556746265,-30.6982707676478,1.10718389683262,-0.00479849355785,0.051043407484,
50.877,0.459000000000003,91,91,2,90.75,0,12.7224165090404,-30.8244698051926,1.10732660392304,-0.00472641937888,0.059446569788,
50.878,0.460000000000001,91,91,2,90.75,0,12.7178935808087,-31.0013644933282,1.10746642082874,-0.00463292034609,0.073949255506,
50.879,0.460999999999999,91,91,2,90.75,0,12.7135048135233,-31.2486722271459,1.10760302129108,-0.00451755115413,0.093632624395,
50.88,0.462000000000003,91,91,2,90.75,0,12.7092621664959,-31.4578114756886,1.10773604202943,-0.00438517949189,0.113908885293,
50.881,0.463000000000001,91,91,2,90.75,0,12.705160490496,-31.5982118211543,1.10786535971813,-0.00424419179655,0.129855731086,
50.882,0.463999999999999,91,91,2,90.75,0,12.7011849012728,-31.7425817859816,1.10799126820636,-0.00410614127514,0.137521733231,
50.883,0.465000000000003,91,91,2,90.75,0,12.6973026301303,-31.8085529611332,1.10811462957462,-0.003985419832,0.133732950108,
50.884,0.466000000000001,91,91,2,90.75,0,12.6934809453876,-31.9332086328853,1.10823643003349,-0.00389209064677,0.117702489248,
50.885,0.466999999999999,91,91,2,90.75,0,12.6897141234562,-32.1121960877244,1.10835705385104,-0.00382340181925,0.09415475529,
50.886,0.468000000000004,91,91,2,90.75,0,12.686013280204,-32.3086746762668,1.10847625962347,-0.00376348717103,0.073448681043,
50.887,0.469000000000001,91,91,2,90.75,0,12.6824015040945,-32.5030401480395,1.10859330232508,-0.00369391671315,0.065443644908,
50.888,0.469999999999999,91,91,2,90.75,0,12.6788992114739,-32.6731291263552,1.10870743533341,-0.00360565120564,0.072282229871,
50.889,0.471000000000004,91,91,2,90.75,0,12.6755189382544,-32.698795134061,1.10881792281586,-0.00349853184694,0.088313147978,
50.89,0.472000000000001,91,91,2,90.75,0,12.672269101312,-32.6928984861152,1.10892417898668,-0.0033777481567,0.105562502805,
50.891,0.472999999999999,91,91,2,90.75,0,12.6691515511682,-32.7683656385021,1.10902621837337,-0.00324928178595,0.118989194931,
50.892,0.474000000000004,91,91,2,90.75,0,12.666156922349,-33.0122281128598,1.10912471260427,-0.003120359786,0.126298255357,
50.893,0.475000000000001,91,91,2,90.75,0,12.6632752659854,-33.219079806159,1.10922014053924,-0.0029976134799,0.126932603035,
50.894,0.475999999999999,91,91,2,90.75,0,12.6605042755883,-33.2243501933723,1.10931219759247,-0.00288234831033,0.122354673296,
50.895,0.477000000000004,91,91,2,90.75,0,12.6578375308494,-33.1443912767507,1.10940069183854,-0.00277291648959,0.11575950588,
50.896,0.478000000000002,91,91,2,90.75,0,12.6552612706939,-33.1543522665928,1.10948609324421,-0.00267087306134,0.108965307642,
50.897,0.478999999999999,91,91,2,90.75,0,12.6527699709524,-33.305991176046,1.10956887956243,-0.00257791740632,0.101533614028,
50.898,0.480000000000004,91,91,2,90.75,0,12.6503730496591,-33.6193166591355,1.10964908691014,-0.00248847433124,0.094628213007,
50.899,0.481000000000002,91,91,2,90.75,0,12.648080225743,-33.8472848502188,1.10972643142888,-0.0023940056146,0.09200454153,
50.9,0.481999999999999,91,91,2,90.75,0,12.6458925915629,-33.893501576327,1.10980052745877,-0.00229249620846,0.095073231022,
50.901,0.483000000000004,91,91,2,90.75,0,12.6438100551861,-33.8707785939247,1.10987108824803,-0.00218766175991,0.100394712013,
50.902,0.484000000000002,91,91,2,90.75,0,12.6418284346486,-33.8061808520171,1.10993814327441,-0.002083790966,0.103547839435,
50.903,0.484999999999999,91,91,2,90.75,0,12.6399385917671,-33.7825257253906,1.1100020092924,-0.00198436199249,0.102827344182,
50.904,0.486000000000004,91,91,2,90.75,0,12.6381400183389,-33.8122481836473,1.11006279637452,-0.00188999534231,0.099242822631,
50.905,0.487000000000002,91,91,2,90.75,0,12.6364402334461,-33.7653911543295,1.11012023009974,-0.00179631770357,0.095678643747,
50.906,0.488,91,91,2,90.75,0,12.6348379816075,-33.7005212991126,1.11017427879088,-0.00170016153716,0.094627900473,
50.907,0.489000000000004,91,91,2,90.75,0,12.6333214974002,-33.7657740129527,1.11022543457656,-0.00160578146547,0.094879779693,
50.908,0.490000000000002,91,91,2,90.75,0,12.6318802710679,-33.9028116237984,1.11027419745031,-0.00151963713419,0.092442177983,
50.909,0.491,91,91,2,90.75,0,12.6305133543131,-34.0311454366702,1.11032062748237,-0.00144151082155,0.086209647811,
50.91,0.492000000000004,91,91,2,90.75,0,12.6292297064365,-34.1120068404751,1.11036436338873,-0.00136422896459,0.080278381528,
50.911,0.493000000000002,91,91,2,90.75,0,12.6280353155714,-34.1364417361804,1.11040512105049,-0.00128185143661,0.07906389497,
50.912,0.494,91,91,2,90.75,0,12.6269162187352,-34.1184223760007,1.11044331295173,-0.00119857975988,0.081117071299,
50.913,0.495000000000005,91,91,2,90.75,0,12.625853636769,-34.1573210339872,1.11047958723857,-0.00112473058387,0.080176681889,
50.914,0.496000000000002,91,91,2,90.75,0,12.6248379927586,-34.2560582654762,1.11051432905803,-0.00106545504046,0.072303836446,
50.915,0.497,91,91,2,90.75,0,12.6238825200065,-34.3556813907093,1.11054710738189,-0.00101167401965,0.06199927641,
50.916,0.498000000000005,91,91,2,90.75,0,12.6230085540595,-34.4802997484801,1.11057718753361,-0.00094907208806,0.058075650824,
50.917,0.499000000000002,91,91,2,90.75,0,12.622212871164,-34.5269784240663,1.11060464148906,-0.00087493307308,0.063416783373,
50.918,0.5,91,91,2,90.75,0,12.6214824070209,-34.4950208984375,1.11062985053685,-0.00079960218523,0.071035451824,
50.919,0.501000000000005,91,91,2,91,0,12.6208186982509,-34.4922549313063,1.11065274426684,-0.00073000315689,0.073253768136,
50.92,0.000999999999997669,92,92,2,91,0,12.6202245679244,-34.5382400721361,2.05065552734141E-05,-0.00066286184888,0.070581270094,
50.921,0.00199999999999534,92,92,2,91,0,12.6196966427013,-34.567977610074,3.87480129688811E-05,-0.00059514232853,0.068052087811,
50.922,0.00300000000000011,92,92,2,91,0,12.6192297572948,-34.5952849329827,5.48936719440007E-05,-0.00052947480914,0.06693045636,
50.923,0.00399999999999778,92,92,2,91,0,12.6188164296238,-34.5650056160426,6.9186602857485E-05,-0.00046913003083,0.064686297354,
50.924,0.00499999999999545,92,92,2,91,0,12.618456006986,-34.470644865994,8.16276084805168E-05,-0.00041352348169,0.060520131883,
50.925,0.00600000000000023,92,92,2,91,0,12.6181421881433,-34.2898547628863,9.24167786848784E-05,-0.00036231300923,0.055709194887,
50.926,0.0069999999999979,92,92,2,91,0,12.6178706271271,-34.2189181285579,0.00010171893467259,-0.00031512263328,0.051323266511,
50.927,0.00799999999999557,92,92,2,91,0,12.6176498769827,-34.3351598975537,0.000109285595982556,-0.00026899510261,0.048077551319,
50.928,0.00900000000000034,92,92,2,91,0,12.6174810226448,-34.4449697329358,0.000115092507599002,-0.00022042466399,0.047179256639,
50.929,0.00999999999999801,92,92,2,91,0,12.6173611029486,-34.4559386313446,0.000119223795593371,-0.00016974268734,0.048471027644,
50.93,0.0109999999999957,92,92,2,91,0,12.6172819607281,-34.4349166975382,0.000121949883222783,-0.000122366846,0.049056674648,
50.931,0.0120000000000005,92,92,2,91,0,12.6172285812438,-34.4665602124296,0.000123788845868944,-8.364664235E-05,0.045770990626,
50.932,0.0129999999999981,92,92,2,91,0,12.6171953510935,-34.5086211635371,0.000124934873696247,-5.506350496E-05,0.038275775079,
50.933,0.0139999999999958,92,92,2,91,0,12.6171807071958,-34.4700710182392,0.000125439932148197,-3.369907472E-05,0.029458645123,
50.934,0.0150000000000006,92,92,2,91,0,12.6171801539662,-34.4605166475435,0.000125458999363559,-1.599257305E-05,0.022432663814,
50.935,0.0159999999999982,92,92,2,91,0,12.6171862158665,-34.4339678507348,0.000125250183614867,-2.79589106E-06,0.017450934337,
50.936,0.0169999999999959,92,92,2,91,0,12.6171824679727,-34.3971556182127,0.000125379169489293,1.1344231E-06,0.011769717545,
50.937,0.0179999999999936,92,92,2,91,0,12.6171603246463,-34.3366009654839,0.000126140166500477,-6.32358535E-06,0.003293727726,
50.938,0.0189999999999984,92,92,2,91,0,12.617133257851,-34.2817684162844,0.000127068806179409,-1.810173729E-05,-0.005337554714,
50.939,0.019999999999996,92,92,2,91,0,12.617115554325,-34.3224286547112,0.000127676074271221,-2.278077384E-05,-0.008352374276,
50.94,0.0209999999999937,92,92,2,91,0,12.6171181717908,-34.3973133377024,0.000127586138489733,-1.441620925E-05,-0.002895690825,
50.941,0.0219999999999985,92,92,2,91,0,12.6171386054261,-34.4301777101193,0.000126882940563178,1.86601911E-06,0.006826783379,
50.942,0.0229999999999961,92,92,2,91,0,12.6171579646061,-34.396171553717,0.000126216729711359,1.476644786E-05,0.012892389346,
50.943,0.0239999999999938,92,92,2,91,0,12.6171706597109,-34.3280221166333,0.000125780499288908,1.768229403E-05,0.010919593859,
50.944,0.0249999999999986,92,92,2,91,0,12.6171819488443,-34.2913729040746,0.000125393172538679,1.427253594E-05,0.004013539666,
50.945,0.0259999999999962,92,92,2,91,0,12.6171930433204,-34.3158246193447,0.000125012592079088,1.165252763E-05,-0.001275151878,
50.946,0.0269999999999939,92,92,2,91,0,12.6172040800435,-34.3096114265401,0.000124633892113479,1.113554742E-05,-0.002226024814,
50.947,0.0279999999999987,92,92,2,91,0,12.6172128389048,-34.2533395503961,0.000124333625421968,1.037069047E-05,-0.001222251662,
50.948,0.0289999999999964,92,92,2,91,0,12.6172178962742,-34.2360571540559,0.00012416043732344,8.33177226E-06,-0.001072712306,
50.949,0.029999999999994,92,92,2,91,0,12.6172212510809,-34.2873394397925,0.000124045495951464,5.65704813E-06,-0.001847441608,
50.95,0.0309999999999988,92,92,2,91,0,12.6172247680155,-34.2850176435374,0.000123924913694395,3.91421388E-06,-0.00220441539,
50.951,0.0319999999999965,92,92,2,91,0,12.6172307988141,-34.3076033983802,0.000123718079549917,4.22245543E-06,-0.001407078474,
50.952,0.0329999999999941,92,92,2,91,0,12.6172385498345,-34.2683647013131,0.000123452312692507,5.79270594E-06,7.1521498E-05,
50.953,0.0339999999999989,92,92,2,91,0,12.6172485246877,-34.1915262587738,0.000123110874014287,7.9021037E-06,0.001353391997,
50.954,0.0349999999999966,92,92,2,91,0,12.6172638419837,-34.2043152678113,0.000122587054335099,1.09104362E-05,0.002217334007,
50.955,0.0359999999999943,92,92,2,91,0,12.6172786595177,-34.2905673501641,0.00012207959170496,1.356463456E-05,0.002632411836,
50.956,0.036999999999999,92,92,2,91,0,12.6172915375447,-34.3334704908653,0.000121637720596368,1.43856105E-05,0.002210471876,
50.957,0.0379999999999967,92,92,2,91,0,12.6173020276216,-34.2530577396953,0.000121277981619983,1.274349407E-05,0.000632014955,
50.958,0.0389999999999944,92,92,2,91,0,12.6173097524701,-34.1641312311693,0.00012101372540485,1.037689341E-05,-0.001120533988,
50.959,0.0399999999999991,92,92,2,91,0,12.6173175401061,-34.2817674469331,0.000120747209535921,8.57325327E-06,-0.001980367235,
50.96,0.0409999999999968,92,92,2,91,0,12.6173274165435,-34.642590171302,0.000120406845979915,8.39544017E-06,-0.001484780184,
50.961,0.0419999999999945,92,92,2,91,0,12.6173382506985,-34.9427289116296,0.000120029896919505,9.53711226E-06,-0.000269715655,
50.962,0.0429999999999993,92,92,2,91,0,12.6173468514368,-34.9535795339478,0.000119729316992334,9.87681471E-06,0.000505235641,
50.963,0.0439999999999969,92,92,2,91,0,12.6173543546001,-34.8705894432349,0.000119467365919945,8.94149081E-06,0.000197785437,
50.964,0.0449999999999946,92,92,2,91,0,12.6173692030076,-34.8813487778376,0.000118949513321809,1.003600906E-05,5.613665E-05,
50.965,0.0459999999999994,92,92,2,91,0,12.6173934573261,-34.9388842854702,0.00011810279224278,1.546660754E-05,0.001786389674,
50.966,0.046999999999997,92,92,2,91,0,12.6174203085468,-34.9007795380788,0.000117165152133225,2.221161586E-05,0.004524097363,
50.967,0.0479999999999947,92,92,2,91,0,12.6174419506256,-34.7435715958983,0.000116411527869786,2.450940747E-05,0.005016520355,
50.968,0.0489999999999995,92,92,2,91,0,12.6174581415488,-34.6773127691029,0.000115849533770529,2.156947469E-05,0.002060639306,
50.969,0.0499999999999972,92,92,2,91,0,12.6174744430181,-34.7430956090083,0.000115283706449532,1.785943371E-05,-0.001599647923,
50.97,0.0509999999999948,92,92,2,91,0,12.6174915325437,-34.8213837732284,0.000114689294477444,1.650472236E-05,-0.002772409631,
50.971,0.0519999999999996,92,92,2,91,0,12.617501286015,-34.7937970801286,0.000114349799645197,1.465229242E-05,-0.002210625816,
50.972,0.0529999999999973,92,92,2,91,0,12.6175013463234,-34.6917967951747,0.000114347704368356,9.04633872E-06,-0.002829171491,
50.973,0.0539999999999949,92,92,2,91,0,12.6174981649513,-34.6363862140289,0.000114457983741545,1.99575312E-06,-0.004913286142,
50.974,0.0549999999999997,92,92,2,91,0,12.6174983913092,-34.661858836261,0.00011445014064293,-1.18654895E-06,-0.005456710971,
50.975,0.0559999999999974,92,92,2,91,0,12.6175084906369,-34.6240979667467,0.000114100269854589,2.16592984E-06,-0.002382352871,
50.976,0.0569999999999951,92,92,2,91,0,12.6175295617031,-34.6583173518801,0.000113370342674557,1.042895831E-05,0.002865209436,
50.977,0.0579999999999998,92,92,2,91,0,12.6175622331071,-34.734077490265,0.000112236769197693,2.125964599E-05,0.007560161329,
50.978,0.0589999999999975,92,92,2,91,0,12.617601089378,-34.7618213864322,0.000110886593461146,3.104676273E-05,0.009747318635,
50.979,0.0599999999999952,92,92,2,91,0,12.6176375008066,-34.7152763632195,0.000109621713264119,3.626735814E-05,0.008730231623,
50.98,0.0609999999999999,92,92,2,91,0,12.6176711089199,-34.6541928223645,0.00010845602477616,3.63038867E-05,0.005035331754,
50.981,0.0619999999999976,92,92,2,91,0,12.6177054024378,-34.6240416521574,0.000107268127592874,3.465472927E-05,0.001086042818,
50.982,0.0629999999999953,92,92,2,91,0,12.6177441969545,-34.5672783039282,0.000105926005687706,3.543819616E-05,-0.000413664337,
50.983,0.0640000000000001,92,92,2,91,0,12.6177856622997,-34.5490268855074,0.000104493039955855,3.824546561E-05,0.000660820362,
50.984,0.0649999999999977,92,92,2,91,0,12.617823482909,-34.599760760745,0.000103185415312623,3.957067588E-05,0.001755510928,
50.985,0.0659999999999954,92,92,2,91,0,12.6178560162379,-34.6392422164887,0.000102059127684129,3.732784595E-05,0.000699415964,
50.986,0.0670000000000002,92,92,2,91,0,12.6178841742002,-34.5882067425363,0.000101084475730318,3.280690304E-05,-0.001855851764,
50.987,0.0679999999999978,92,92,2,91,0,12.6179072930505,-34.5070295014322,0.000100285774522035,2.795883868E-05,-0.003935645451,
50.988,0.0689999999999955,92,92,2,91,0,12.6179217646243,-34.4602650994923,9.97867418845999E-05,2.203640095E-05,-0.005072239936,
50.989,0.0700000000000003,92,92,2,91,0,12.6179313211583,-34.4474598530981,9.94574823778294E-05,1.559124481E-05,-0.005756941242,
50.99,0.070999999999998,92,92,2,91,0,12.6179498819346,-34.3770789807195,9.88187639450189E-05,1.373231863E-05,-0.004912471629,
50.991,0.0719999999999956,92,92,2,91,0,12.6179876641686,-34.3613250955462,9.75202187163404E-05,2.162594092E-05,-0.000309030627,
50.992,0.0730000000000004,92,92,2,91,0,12.6180390365068,-34.4233273897136,9.57534044943031E-05,3.609282795E-05,0.006939837171,
50.993,0.0739999999999981,92,92,2,91,0,12.6180923544896,-34.4772115227586,9.391658562663E-05,4.787900032E-05,0.01169069321,
50.994,0.0749999999999957,92,92,2,91,0,12.6181361670631,-34.4197477514407,9.2407309082887E-05,4.988266663E-05,0.00965563495,
50.995,0.0760000000000005,92,92,2,91,0,12.6181658541251,-34.3086580559054,9.13871368624086E-05,4.242654284E-05,0.002100481098,
50.996,0.0769999999999982,92,92,2,91,0,12.6181849166413,-34.3111097231051,9.07331041446469E-05,3.073735171E-05,-0.005888106962,
50.997,0.0779999999999959,92,92,2,91,0,12.6181976211556,-34.3599341287548,9.02968880183153E-05,2.034247937E-05,-0.010030975291,
50.998,0.0789999999999935,92,92,2,91,0,12.6182106629865,-34.4140968904325,8.98484183835535E-05,1.471310985E-05,-0.009353517131,
50.999,0.0799999999999983,92,92,2,91,0,12.6182307181519,-34.4364909616488,8.91580134236847E-05,1.504463627E-05,-0.005270751584,
51,0.080999999999996,92,92,2,91,0,12.618262142026,-34.4323063959267,8.80759512114082E-05,2.136177766E-05,0.000338942129,
51.001,0.0819999999999936,92,92,2,91,0,12.6183011418655,-34.383978391851,8.67340391863536E-05,3.028605111E-05,0.005303596517,
51.002,0.0829999999999984,92,92,2,91,0,12.6183361953425,-34.2523804385271,8.55310676683985E-05,3.554314113E-05,0.007041978803,
51.003,0.0839999999999961,92,92,2,91,0,12.6183585544808,-34.2846403860594,8.47648532982248E-05,3.242908414E-05,0.003845900946,
51.004,0.0849999999999937,92,92,2,91,0,12.6183638330948,-34.5391991094532,8.45832060605289E-05,2.104328262E-05,-0.003084236246,
51.005,0.0859999999999985,92,92,2,91,0,12.6183563906871,-34.8345636122802,8.48413599783271E-05,6.58646478E-06,-0.009825583057,
51.006,0.0869999999999962,92,92,2,91,0,12.6183506566891,-34.8769621788558,8.50412228459163E-05,-3.11357828E-06,-0.01210848051,
51.007,0.0879999999999939,92,92,2,91,0,12.6183638152748,-34.7757851768613,8.45829570295109E-05,-5.787458E-07,-0.007456612832,
51.008,0.0889999999999986,92,92,2,91,0,12.6184021837719,-34.8033922994453,8.32481327961432E-05,1.505378401E-05,0.002793679017,
51.009,0.0899999999999963,92,92,2,91,0,12.6184572314486,-34.9240250686922,8.13289666297123E-05,3.580927756E-05,0.013240109733,
51.01,0.090999999999994,92,92,2,91,0,12.6185095527665,-34.9033023295474,7.95022377246823E-05,4.922601518E-05,0.017016977649,
51.011,0.0919999999999987,92,92,2,91,0,12.6185418237327,-34.8002239828265,7.83775376618223E-05,4.712412003E-05,0.010962774568,
51.012,0.0929999999999964,92,92,2,91,0,12.6185544917113,-34.7850099919177,7.79367855301416E-05,3.240517543E-05,-0.001231420154,
51.013,0.0939999999999941,92,92,2,91,0,12.6185630133039,-34.8034021199967,7.76402834787859E-05,1.730495908E-05,-0.01104821129,
51.014,0.0949999999999989,92,92,2,91,0,12.6185792276536,-34.7777103332562,7.70761772344031E-05,1.207333553E-05,-0.012025256985,
51.015,0.0959999999999965,92,92,2,91,0,12.6186106982782,-34.792483662388,7.59814685125093E-05,1.848340504E-05,-0.004699693472,
51.016,0.0969999999999942,92,92,2,91,0,12.6186581817468,-34.8120317771727,7.43289366056388E-05,3.169759533E-05,0.004958797826,
51.017,0.097999999999999,92,92,2,91,0,12.6187200689452,-34.7987092374253,7.2174929726998E-05,4.700073434E-05,0.011799638672,
51.018,0.0989999999999966,92,92,2,91,0,12.6187916382991,-34.8096729191537,6.96840162532908E-05,6.047072611E-05,0.014126510222,
51.019,0.0999999999999943,92,92,2,91,0,12.6188574889554,-34.812621389527,6.73916793658691E-05,6.694909797E-05,0.011922449969,
51.02,0.100999999999999,92,92,2,91,0,12.6189036591539,-34.7462741207168,6.57859053632137E-05,6.166212824E-05,0.005046255356,
51.021,0.101999999999997,92,92,2,91,0,12.6189274560777,-34.6931431831275,6.49596831010513E-05,4.536235343E-05,-0.005061208777,
51.022,0.102999999999994,92,92,2,91,0,12.6189378558677,-34.7211603181115,6.4598736017274E-05,2.648976607E-05,-0.013767777051,
51.023,0.103999999999999,92,92,2,91,0,12.6189492900572,-34.7101116581845,6.42017908631942E-05,1.472924999E-05,-0.015967122211,
51.024,0.104999999999997,92,92,2,91,0,12.6189717960563,-34.7256940518662,6.34204297682572E-05,1.444541253E-05,-0.010451133878,
51.025,0.105999999999995,92,92,2,91,0,12.6190080719555,-34.6613966824774,6.21618902130194E-05,2.331542625E-05,-0.000980685692,
51.026,0.106999999999999,92,92,2,91,0,12.6190523806799,-34.6082938486545,6.06272644034789E-05,3.455477673E-05,0.006834659394,
51.027,0.107999999999997,92,92,2,91,0,12.6190959237885,-34.6608401185804,5.91191676875269E-05,4.16691921E-05,0.009291068919,
51.028,0.108999999999995,92,92,2,91,0,12.6191345789016,-34.7028676329752,5.77785366999706E-05,4.230639469E-05,0.006408732069,
51.029,0.109999999999999,92,92,2,91,0,12.619172592925,-34.7176616936174,5.64590598912673E-05,3.992918484E-05,0.001676042692,
51.03,0.110999999999997,92,92,2,91,0,12.6192141316027,-34.7159498006211,5.50169696822422E-05,3.92637466E-05,-0.000959354635,
51.031,0.111999999999995,92,92,2,91,0,12.6192552613826,-34.6834307411684,5.35897790570061E-05,4.035861207E-05,-0.00065087861,
51.032,0.113,92,92,2,91,0,12.6192938610429,-34.6605887725117,5.22514512510952E-05,4.049341336E-05,0.000278755103,
51.033,0.113999999999997,92,92,2,91,0,12.61932750897,-34.734069528455,5.10839580556421E-05,3.787317622E-05,-0.000403690985,
51.034,0.114999999999995,92,92,2,91,0,12.6193524252757,-34.7797568589701,5.02179441781436E-05,3.251396064E-05,-0.002615419143,
51.035,0.116,92,92,2,91,0,12.6193695417895,-34.6450163559914,4.96237891383089E-05,2.519585455E-05,-0.005125189201,
51.036,0.116999999999997,92,92,2,91,0,12.6193880559624,-34.5106970397994,4.8983608721187E-05,1.98757491E-05,-0.006131038745,
51.037,0.117999999999995,92,92,2,91,0,12.6194200424331,-34.4427650647533,4.78808197783565E-05,2.213656451E-05,-0.003645229384,
51.038,0.119,92,92,2,91,0,12.6194678059524,-34.5000854132307,4.62343431877343E-05,3.267789594E-05,0.002470693958,
51.039,0.119999999999997,92,92,2,91,0,12.6195201165633,-34.5623354903076,4.44279944673553E-05,4.43945322E-05,0.008409768073,
51.04,0.120999999999995,92,92,2,91,0,12.6195605748468,-34.5542851234749,4.30298245532867E-05,4.73907852E-05,0.008747929833,
51.041,0.122,92,92,2,91,0,12.6195833906205,-34.5070841258819,4.22419802674767E-05,3.872122878E-05,0.002112625152,
51.042,0.122999999999998,92,92,2,91,0,12.6195981341923,-34.5324485041124,4.17330356157208E-05,2.568686607E-05,-0.006479255481,
51.043,0.123999999999995,92,92,2,91,0,12.619611743369,-34.6191227323188,4.12624876418022E-05,1.682491384E-05,-0.010473197679,
51.044,0.125,92,92,2,91,0,12.619626168098,-34.6860425794592,4.07626335316991E-05,1.419416092E-05,-0.008244315581,
51.045,0.125999999999998,92,92,2,91.25,0,12.6196454866478,-34.5885699342103,4.00934910089745E-05,1.564820955E-05,-0.003274672248,
51.046,0.126999999999995,92,92,2,91.25,0,12.6196742663933,-34.4657043835587,3.90998087880234E-05,2.068876227E-05,0.001304559392,
51.047,0.128,92,92,2,91.25,0,12.6197081346321,-34.6087457923958,3.79300937964899E-05,2.746793478E-05,0.00448618743,
51.048,0.128999999999998,92,92,2,91.25,0,12.6197368322809,-34.8933051264163,3.69328210751974E-05,3.079051381E-05,0.005220608529,
51.049,0.129999999999995,92,92,2,91.25,0,12.6197574958158,-35.0891969864022,3.62097781305692E-05,2.783859163E-05,0.002477206711,
51.05,0.131,92,92,2,91.25,0,12.6197702033111,-35.1008122358586,3.57638085262124E-05,2.068695719E-05,-0.002329485495,
51.051,0.131999999999998,92,92,2,91.25,0,12.6197808389385,-35.0265414698967,3.53908843209183E-05,1.447274681E-05,-0.005610493544,
51.052,0.132999999999996,92,92,2,91.25,0,12.6198046534584,-34.965907982772,3.45574660229886E-05,1.521085552E-05,-0.004409741871,
51.053,0.134,92,92,2,91.25,0,12.6198519877534,-34.9896515905346,3.2901817476727E-05,2.691678468E-05,0.001942759118,
51.054,0.134999999999998,92,92,2,91.25,0,12.6199207024674,-35.0465571077682,3.04955584482514E-05,4.669248817E-05,0.010836515324,
51.055,0.135999999999996,92,92,2,91.25,0,12.6199955590771,-35.0343956441879,2.78725471787311E-05,6.414315701E-05,0.016657260796,
51.056,0.137,92,92,2,91.25,0,12.6200727581072,-35.0268099820413,2.5168218613203E-05,7.371676711E-05,0.015785061613,
51.057,0.137999999999998,92,92,2,91.25,0,12.6201573712884,-34.9633655720581,2.22071729183426E-05,7.872054931E-05,0.010565779352,
51.058,0.138999999999996,92,92,2,91.25,0,12.6202465623103,-34.9095718997539,1.90911535611349E-05,8.376228808E-05,0.006386117541,
51.059,0.140000000000001,92,92,2,91.25,0,12.6203373177789,-34.9480895129842,1.59211711689977E-05,8.82870037E-05,0.004875244854,
51.06,0.140999999999998,92,92,2,91.25,0,12.6204267231841,-34.9923372268587,1.27946450731997E-05,8.988111557E-05,0.00380064144,
51.061,0.141999999999996,92,92,2,91.25,0,12.6205118948248,-35.0383503778507,9.81233078789501E-06,8.854029487E-05,0.001592813224,
51.062,0.142999999999994,92,92,2,91.25,0,12.6205896347948,-34.9896199882417,7.09034462431646E-06,8.421226884E-05,-0.001356502528,
51.063,0.143999999999998,92,92,2,91.25,0,12.6206617268733,-34.9351079253843,4.56983514141029E-06,7.827510376E-05,-0.003914606146,
51.064,0.144999999999996,92,92,2,91.25,0,12.6207361997831,-34.864096129757,1.97076022345755E-06,7.450069534E-05,-0.004805596367,
51.065,0.145999999999994,92,92,2,91.25,0,12.6208204579228,-34.8004545415727,-9.64142500947673E-07,7.669422938E-05,-0.00263285268,
51.066,0.146999999999998,92,92,2,91.25,0,12.6209228420921,-34.7872060252036,-4.52647991266986E-06,8.676037961E-05,0.002764936159,
51.067,0.147999999999996,92,92,2,91.25,0,12.6210479933189,-34.9172621809305,-8.88827976552875E-06,0.00010377647767,0.009789349722,
51.068,0.148999999999994,92,92,2,91.25,0,12.6211908553788,-34.9793975180306,-1.38810701599823E-05,0.00012363435948,0.015783648836,
51.069,0.149999999999999,92,92,2,91.25,0,12.6213404717434,-34.8989437327082,-1.91085418492776E-05,0.00013957510138,0.017830204712,
51.07,0.150999999999996,92,92,2,91.25,0,12.6214821019447,-34.8706086976558,-2.40492797303205E-05,0.0001451942242,0.014019398149,
51.071,0.151999999999994,92,92,2,91.25,0,12.6215981725101,-34.9194004946941,-2.80995626411595E-05,0.00013635815952,0.004379052294,
51.072,0.152999999999999,92,92,2,91.25,0,12.6216879323435,-34.9030422829457,-3.12331880536476E-05,0.00011584523657,-0.008002565911,
51.073,0.153999999999996,92,92,2,91.25,0,12.6217687894214,-34.8400839285835,-3.40528007427565E-05,9.498222635E-05,-0.01711489165,
51.074,0.154999999999994,92,92,2,91.25,0,12.6218486755564,-34.8041636090115,-3.68346056234259E-05,8.323662168E-05,-0.018022762374,
51.075,0.155999999999999,92,92,2,91.25,0,12.6219151466031,-34.8046083372436,-3.91480895842733E-05,7.615289138E-05,-0.013082264024,
51.076,0.156999999999996,92,92,2,91.25,0,12.621963935341,-34.7904040464253,-4.08458159881775E-05,6.519088055E-05,-0.00964577677,
51.077,0.157999999999994,92,92,2,91.25,0,12.6220083274724,-34.7877042623496,-4.23901762474088E-05,5.277444859E-05,-0.01023485301,
51.078,0.158999999999999,92,92,2,91.25,0,12.6220692230434,-34.7703814753417,-4.45080659261521E-05,5.066214523E-05,-0.008888867041,
51.079,0.159999999999997,92,92,2,91.25,0,12.6221515064301,-34.7377675944953,-4.73677488770363E-05,6.236088383E-05,-0.001060229352,
51.08,0.160999999999994,92,92,2,91.25,0,12.6222447656595,-34.7632138338197,-5.06085528542144E-05,7.91597948E-05,0.009085477723,
51.081,0.161999999999999,92,92,2,91.25,0,12.6223405444987,-34.8173198566124,-5.39407242285961E-05,9.072235953E-05,0.013697955387,
51.082,0.162999999999997,92,92,2,91.25,0,12.6224414761544,-34.8011090629998,-5.74540758719877E-05,9.656880121E-05,0.011418631687,
51.083,0.163999999999994,92,92,2,91.25,0,12.622548502377,-34.8135284358659,-6.1179371712683E-05,0.00010121418082,0.007200959974,
51.084,0.164999999999999,92,92,2,91.25,0,12.6226592624181,-34.8311449944484,-6.50362951546413E-05,0.00010631799808,0.005143229526,
51.085,0.165999999999997,92,92,2,91.25,0,12.6227653997302,-34.7939918942641,-6.87312076053104E-05,0.00010825307685,0.004015664418,
51.086,0.166999999999994,92,92,2,91.25,0,12.6228519642879,-34.7792550943034,-7.17424962743962E-05,0.00010165230448,0.000324944975,
51.087,0.167999999999999,92,92,2,91.25,0,12.6229114093079,-34.7625261243339,-7.38094525587485E-05,8.430052271E-05,-0.007265319848,
51.088,0.168999999999997,92,92,2,91.25,0,12.6229525168447,-34.6382238477957,-7.52358995015356E-05,6.207963635E-05,-0.015587210327,
51.089,0.169999999999995,92,92,2,91.25,0,12.6229864554345,-34.528123854697,-7.6409603650518E-05,4.445809766E-05,-0.019380350682,
51.09,0.170999999999999,92,92,2,91.25,0,12.623019378509,-34.6905264334674,-7.7549049038339E-05,3.578461931E-05,-0.016316924889,
51.091,0.171999999999997,92,92,2,91.25,0,12.6230536235979,-35.1413504837889,-7.87447484498216E-05,3.362433341E-05,-0.009403938717,
51.092,0.172999999999995,92,92,2,91.25,0,12.6230938594553,-35.4108298083921,-8.01641121768171E-05,3.564571513E-05,-0.002859743349,
51.093,0.173999999999999,92,92,2,91.25,0,12.6231492048186,-35.3074536878033,-8.21210767156799E-05,4.297147862E-05,0.002358195965,
51.094,0.174999999999997,92,92,2,91.25,0,12.623223645573,-35.1405270874982,-8.47431771262563E-05,5.654112886E-05,0.007607614984,
51.095,0.175999999999995,92,92,2,91.25,0,12.6233194706707,-35.1016282668293,-8.81086578203849E-05,7.512744006E-05,0.013201482503,
51.096,0.177,92,92,2,91.25,0,12.623430076924,-35.1529774940774,-9.19939571843997E-05,9.384414139E-05,0.017120429951,
51.097,0.177999999999997,92,92,2,91.25,0,12.6235502147869,-35.2294487927404,-9.62217543190036E-05,0.0001090313895,0.017618748325,
51.098,0.178999999999995,92,92,2,91.25,0,12.6236751681804,-35.3005605435732,-0.000100628236324951,0.0001187230392,0.014597404553,
51.099,0.18,92,92,2,91.25,0,12.6237904713143,-35.2440105101936,-0.000104695241390118,0.00012061365644,0.009000019485,
51.1,0.180999999999997,92,92,2,91.25,0,12.6238880777386,-35.2364289706176,-0.000108134913233471,0.0001128891989,0.001346404544,
51.101,0.181999999999995,92,92,2,91.25,0,12.6239764242192,-35.2567841523798,-0.000111248826868859,0.00010013745407,-0.006348121293,
51.102,0.183,92,92,2,91.25,0,12.624065592581,-35.2374261912489,-0.000114391753498921,9.137102807E-05,-0.010047962994,
51.103,0.183999999999997,92,92,2,91.25,0,12.6241551190876,-35.1896713751842,-0.000117544299499173,8.902924088E-05,-0.008034630006,
51.104,0.184999999999995,92,92,2,91.25,0,12.624239418277,-35.1796064838969,-0.000120510336046209,8.7850868E-05,-0.00392015454,
51.105,0.186,92,92,2,91.25,0,12.6243195673768,-35.1516522402782,-0.000123328829587876,8.462235768E-05,-0.002142438405,
51.106,0.186999999999998,92,92,2,91.25,0,12.6243953228605,-35.0187564398132,-0.000125986726217775,8.007604185E-05,-0.003008810741,
51.107,0.187999999999995,92,92,2,91.25,0,12.6244565026094,-34.9152884721722,-0.000128125999879103,7.270084809E-05,-0.004999637556,
51.108,0.189,92,92,2,91.25,0,12.6244724183246,-34.8183389298134,-0.000128680930160385,5.197325923E-05,-0.010532248911,
51.109,0.189999999999998,92,92,2,91.25,0,12.6244042853046,-34.7202951383631,-0.000126311991593298,4.28030475E-06,-0.024811480016,
51.11,0.190999999999995,92,92,2,91.25,0,12.6242210314888,-34.6534931887035,-0.000119955485885725,-7.745463818E-05,-0.049815941329,
51.111,0.192,92,92,2,91.25,0,12.6238657329311,-34.5563345330751,-0.000107660409895516,-0.00020033099963,-0.083864771951,
51.112,0.192999999999998,92,92,2,91.25,0,12.6232172203717,-34.3012112893872,-8.53329182604057E-05,-0.00039164933564,-0.131066528262,
51.113,0.193999999999996,92,92,2,91.25,0,12.6220901865023,-33.7854532978347,-4.69649297372143E-05,-0.00070410475189,-0.207126867714,
51.114,0.195,92,92,2,91.25,0,12.6202549559677,-33.1400725834938,1.4446954580194E-05,-0.00119593647596,-0.329927184524,
51.115,0.195999999999998,92,92,2,91.25,0,12.6174416473737,-32.4602215653632,0.00010672389022659,-0.00191619495286,-0.506546857573,
51.116,0.196999999999996,92,92,2,91.25,0,12.6133392617681,-31.7968230586155,0.000238527477691264,-0.00290660827966,-0.732776906021,
51.117,0.198,92,92,2,91.25,0,12.6076093493912,-31.1752475394762,0.000418939701049226,-0.00420392053351,-1.001436549945,
51.118,0.198999999999998,92,92,2,91.25,0,12.5999004391578,-30.59302351431,0.000657022729470214,-0.00583535370246,-1.305478850265,
51.119,0.199999999999996,92,92,2,91.25,0,12.5898421431646,-29.9519644587976,0.000961512434443534,-0.00782002660439,-1.637168814314,
51.12,0.201000000000001,92,92,2,91.25,0,12.5770258285564,-29.3208680250089,0.00134134206885506,-0.01018088584976,-1.991556885068,
51.121,0.201999999999998,92,92,2,91.25,0,12.5610281009332,-28.7443696440541,0.0018057979971644,-0.0129433329282,-2.368479692259,
51.122,0.202999999999996,92,92,2,91.25,0,12.5414221533283,-28.2831592331876,0.00236483736875925,-0.01612576971321,-2.76796764049,
51.123,0.203999999999994,92,92,2,91.25,0,12.5177751524663,-27.9365405784429,0.00302955101371083,-0.01973579758752,-3.184717199829,
51.124,0.204999999999998,92,92,2,91.25,0,12.4896419231185,-27.821809251116,0.00381388223561885,-0.02378055343061,-3.612168938154,
51.125,0.205999999999996,92,92,2,91.25,0,12.4565885192182,-27.8060777670136,0.00473322774448093,-0.02826341316781,-4.045768620689,
51.126,0.206999999999994,92,92,2,91.25,0,12.4182019921859,-27.8686702646655,0.00580180785465245,-0.03317728847415,-4.480733239709,
51.127,0.207999999999998,92,92,2,91.25,0,12.3740768279401,-28.1629598083584,0.0070380102946217,-0.03850818125675,-4.909675878476,
51.128,0.208999999999996,92,92,2,91.25,0,12.3238112841638,-28.6974657501932,0.00846707039964656,-0.0442456869409,-5.327771410187,
51.129,0.209999999999994,92,92,2,91.25,0,12.2670163979067,-29.4048820902401,0.0101170285180814,-0.05038223266139,-5.735233824587,
51.13,0.210999999999999,92,92,2,91.25,0,12.2033192875301,-30.2486058943092,0.0120169059223372,-0.05690675074871,-6.133225419637,
51.131,0.211999999999996,92,92,2,91.25,0,12.1323776927861,-31.4170098637466,0.0142042344837137,-0.06379978845097,-6.518682261753,
51.132,0.212999999999994,92,92,2,91.25,0,12.0538795570894,-33.0264386014758,0.0167335797649031,-0.07103521171959,-6.885197487686,
51.133,0.213999999999999,92,92,2,91.25,0,11.9675097371504,-34.8669828675358,0.0196655510585657,-0.07859267868358,-7.229320707323,
51.134,0.214999999999996,92,92,2,91.25,0,11.8729267199733,-37.0046455969109,0.0230644687933648,-0.08647227383774,-7.55749231243,
51.135,0.215999999999994,92,92,2,91.25,0,11.7697629267636,-39.2608775329099,0.0269983891219567,-0.09469329081545,-7.885383244174,
51.136,0.216999999999999,92,92,2,91.25,0,11.6576410400378,-41.5167303004372,0.0315268580196886,-0.10327698845475,-8.227394629122,
51.137,0.217999999999996,92,92,2,91.25,0,11.5361948442375,-43.9231203405336,0.0367150304347348,-0.11223175139332,-8.586213030604,
51.138,0.218999999999994,92,92,2,91.25,0,11.4050770392821,-46.7137493122521,0.0426570841331824,-0.12155038582448,-8.952604796566,
51.139,0.219999999999999,92,92,2,91.25,0,11.2639734199808,-49.8611421390755,0.0494706174918917,-0.13121206651264,-9.312386860483,
51.14,0.220999999999997,92,92,2,91.25,0,11.1126144794245,-53.2571908127439,0.0572745583056502,-0.14118447137403,-9.651984063029,
51.141,0.221999999999994,92,92,2,91.25,0,10.9507359505659,-57.0461406710743,0.0662024288200485,-0.15143822067049,-9.963590939942,
51.142,0.222999999999999,92,92,2,91.25,0,10.778089949346,-61.3353975287518,0.0764214784142752,-0.1619528940763,-10.247623198744,
51.143,0.223999999999997,92,92,2,91.25,0,10.5944723470433,-65.9573284138571,0.0881080709783504,-0.17270723983635,-10.508297879277,
51.144,0.224999999999994,92,92,2,91.25,0,10.3997154220493,-70.7493502166392,0.101420357156456,-0.18366791878525,-10.744344010433,
51.145,0.225999999999999,92,92,2,91.25,0,10.1936739344474,-75.9853944408649,0.11653707969252,-0.19480049696898,-10.950348762694,
51.146,0.226999999999997,92,92,2,91.25,0,9.97622805190759,-81.7509282552728,0.133686636641144,-0.206077437300903,-11.1243170577389,
51.147,0.227999999999994,92,92,2,91.25,0,9.74730432450817,-88.0739883090592,0.153125113093751,-0.217467917516317,-11.2676936525124,
51.148,0.228999999999999,92,92,2,91.25,0,9.50690492892976,-94.8540843344336,0.17511301214266,-0.228923074395233,-11.3758212494173,
51.149,0.229999999999997,92,92,2,91.25,0,9.25508519411579,-102.18625246827,0.199922334823313,-0.240382796895382,-11.4371235662353,
51.15,0.230999999999995,92,92,2,91.25,0,8.99194853134418,-110.018862928237,0.227841807767561,-0.251788711430597,-11.4422104242989,
51.151,0.231999999999999,92,92,2,91.25,0,8.71766147153596,-118.234274656777,0.259145248767652,-0.263086703495301,-11.3896801835419,
51.152,0.232999999999997,92,92,2,91.25,0,8.43243189084169,-126.703436867285,0.294076989144756,-0.274224696963052,-11.2823692267714,
51.153,0.233999999999995,92,92,2,91.25,0,8.13645546774047,-135.402091291881,0.332865517494554,-0.28517087715054,-11.128449062758,
51.154,0.234999999999999,92,92,2,91.25,0,7.82982993027345,-143.850872287123,0.375678562517891,-0.295947104688875,-10.952738376821,
51.155,0.235999999999997,92,92,2,91.25,0,7.51253100216104,-152.747974332095,0.422733810573718,-0.306632820350897,-10.800059770187,
51.156,0.236999999999995,92,92,2,91.25,0,7.18443443492934,-162.093563855513,0.474383024524371,-0.31733620265458,-10.7181692174142,
51.157,0.238,92,92,2,91.25,0,6.84532086937599,-172.118752125665,0.531050989586475,-0.328162374992408,-10.7349193214282,
51.158,0.238999999999997,92,92,2,91.25,0,6.49500885839807,-182.17386959476,0.593107469981234,-0.339167999684226,-10.8431710337815,
51.159,0.239999999999995,92,92,2,91.25,0,6.13358478979732,-193.19317587485,0.660940812377362,-0.350286094637398,-10.9855300640272,
51.16,0.241,92,92,2,91.25,0,5.7613886319635,-203.819099421518,0.734824034116443,-0.361322078083822,-11.0597204227414,
51.161,0.241999999999997,92,92,2,91.25,0,5.37885269037056,-215.288759932373,0.814985943919908,-0.372066466191635,-10.9731382968651,
51.162,0.242999999999995,92,92,2,91.25,0,4.98644531608516,-229.238900327242,0.902203909899768,-0.382395436272942,-10.7072413014445,
51.163,0.244,92,92,2,91.25,0,4.58472540506293,-244.540442370868,0.997367207596199,-0.392239705498711,-10.3081852325974,
51.164,0.244999999999997,92,92,2,91.25,0,4.17433137168647,-259.165372519667,1.10072613810026,-0.40152838670745,-9.8230030773214,
51.165,0.245999999999995,92,92,2,91.25,0,3.75590781592506,-273.735324565003,1.21221524037121,-0.410200653385676,-9.2704332546941,
51.166,0.247,92,92,2,91.25,0,3.33009634662994,-288.243230984606,1.33186369759667,-0.418231073106038,-8.6646369500207,
51.167,0.247999999999998,92,92,2,91.25,0,2.89757557828877,-303.524791269606,1.45983967742923,-0.425607884948822,-8.0268914444478,
51.168,0.248999999999995,92,92,2,91.25,0,2.45906869997238,-319.236080136816,1.59638214025824,-0.432303811619921,-7.3686286545519,
51.169,0.25,92,92,2,91.25,0,2.01534256006892,-336.284457541325,1.74181793916392,-0.438276823799945,-6.683317875282,
51.17,0.250999999999998,92,92,2,91.5,0,1.56712179033264,-353.636905480173,1.89643648135942,-0.443508750377185,-5.9675608465113,
51.171,0.251999999999995,92,92,2,91.5,0,1.11510276363143,-371.07424382061,2.06022809553264,-0.448011857875913,-5.2356065345216,
51.172,0.253,92,92,2,91.5,0,0.660010081827849,-388.943943651958,2.23316745311084,-0.451801646142442,-4.5077574526219,
51.173,0.253999999999998,92,92,2,91.5,0,0.202537775554244,-407.416801798619,2.41532394653436,-0.454884472613877,-3.7916954976605,
51.174,0.254999999999995,92,92,2,91.5,0,-0.256686749130725,-427.712915433944,2.60707997025757,-0.457284084456007,-3.0899506211717,
51.175,0.256,92,92,2,91.5,0,-0.716880128913415,-451.900826028362,2.80947618055099,-0.458989515690876,-2.3963220487432,
51.176,0.256999999999998,92,92,2,91.5,0,-1.17685301173386,-475.923396207145,3.02286317167714,-0.4598365741647,-1.6561735887338,
51.177,0.257999999999996,92,92,2,91.5,0,-1.63521617375274,-496.585108907915,3.24574420842454,-0.459556115668649,-0.766315211175,
51.178,0.259,92,92,2,91.5,0,-2.09071964371768,-516.231804142771,3.47641501759142,-0.457988170643167,0.3284493639175,
51.179,0.259999999999998,92,92,2,91.5,0,-2.54244231828639,-538.207337323725,3.71457205216801,-0.455227138962253,1.5396250632822,
51.18,0.260999999999996,92,92,2,91.5,0,-2.98971327442713,-562.194496975769,3.96066094245109,-0.451521397659188,2.6865185709298,
51.181,0.262,92,92,2,91.5,0,-3.43184965849149,-587.700419898937,4.21486613275157,-0.447066100046217,3.6471953093918,
51.182,0.262999999999998,92,92,2,91.5,0,-3.86804958387691,-613.350786218895,4.4768153559979,-0.441895818083592,4.4449260248954,
51.183,0.263999999999996,92,92,2,91.5,0,-4.29736664555865,-639.57011651478,4.74576551623854,-0.435916003877998,5.1986463306195,
51.184,0.265000000000001,92,92,2,91.5,0,-4.71878289388536,-667.016702087372,5.02107397384276,-0.429011676786335,6.014308398524,
51.185,0.265999999999998,92,92,2,91.5,0,-5.13125819413702,-695.182707593278,5.3020107790981,-0.421104207910704,6.9279157610327,
51.186,0.266999999999996,92,92,2,91.5,0,-5.53375770107865,-724.665361903795,5.5877548530504,-0.412164846681166,7.9160940466127,
51.187,0.267999999999994,92,92,2,91.5,0,-5.92523008033281,-754.659745569428,5.87731231280688,-0.402184106628398,8.9422071703349,
51.188,0.268999999999998,92,92,2,91.5,0,-6.30459131368191,-785.691878386196,6.16948715873443,-0.391147173788883,9.9851842418231,
51.189,0.269999999999996,92,92,2,91.5,0,-6.67070085317522,-817.52247837924,6.46296319366665,-0.379019068963881,11.047426599137,
51.19,0.270999999999994,92,92,2,91.5,0,-7.02240956121816,-849.93566476254,6.75619296828668,-0.365764798214936,12.1386030065388,
51.191,0.271999999999998,92,92,2,91.5,0,-7.35861731821656,-882.471163365396,7.04741727523349,-0.351378672164689,13.2559775621527,
51.192,0.272999999999996,92,92,2,91.5,0,-7.67829542699296,-914.809739405869,7.33469295520243,-0.335899147845162,14.3745889406404,
51.193,0.273999999999994,92,92,2,91.5,0,-7.98042884538843,-947.230154426029,7.6159851943585,-0.319373596128721,15.4653130578172,
51.194,0.274999999999999,92,92,2,91.5,0,-8.26394151673341,-979.338904408013,7.88908856455882,-0.301810601394602,16.5229764026702,
51.195,0.275999999999996,92,92,2,91.5,0,-8.52773207684156,-1011.17266372687,8.15162764528884,-0.283182262089078,17.5713652002371,
51.196,0.276999999999994,92,92,2,91.5,0,-8.77073553552459,-1041.97011235278,8.40108804316756,-0.263471063051663,18.6335938536698,
51.197,0.277999999999999,92,92,2,91.5,0,-8.99190529084002,-1071.2285465015,8.63477585832342,-0.242689478100286,19.7074568920363,
51.198,0.278999999999996,92,92,2,91.5,0,-9.19015768993625,-1098.8854610778,8.84989101248088,-0.22084465945995,20.7794392838761,
51.199,0.279999999999994,92,92,2,91.5,0,-9.36438762905047,-1124.58015209104,9.04358815168337,-0.197920867967387,21.8495403893164,
51.2,0.280999999999999,92,92,2,91.5,0,-9.51357700310687,-1147.38409319759,9.21306461349992,-0.173924507591474,22.9218703018999,
51.201,0.281999999999996,92,92,2,91.5,0,-9.63687809443579,-1166.54319693605,9.35571949356456,-0.148935058755501,23.972516248926,
51.202,0.282999999999994,92,92,2,91.5,0,-9.73359093670505,-1181.73805736521,9.46927397084011,-0.123091101429267,24.9478748450333,
51.203,0.283999999999999,92,92,2,91.5,0,-9.80316062332082,-1192.35853575099,9.55185654882943,-0.096546370291114,25.7978369227314,
51.204,0.284999999999997,92,92,2,91.5,0,-9.84523157380669,-1198.02936721503,9.60213949438329,-0.069463012472847,26.4960869986115,
51.205,0.285999999999994,92,92,2,91.5,0,-9.8596633254482,-1198.33304529342,9.61943134797347,-0.042028811671532,27.0270227091472,
51.206,0.286999999999999,92,92,2,91.5,0,-9.8465739930462,-1193.24676589177,9.60377925641622,-0.014467186081765,27.3671753429362,
51.207,0.287999999999997,92,92,2,91.5,0,-9.80632477724045,-1183.3034748161,9.55595211466049,0.012980972210072,27.4893579638524,
51.208,0.288999999999994,92,92,2,91.5,0,-9.73944889192899,-1168.64119904179,9.47730792352658,0.040089251636338,27.3802348215447,
51.209,0.289999999999999,92,92,2,91.5,0,-9.64663066006055,-1149.57216822185,9.36972169060499,0.066670588426841,27.0521602952084,
51.21,0.290999999999997,92,92,2,91.5,0,-9.52869030088901,-1126.29160883217,9.23551359495936,0.092572166092276,26.5354918437115,
51.211,0.291999999999994,92,92,2,91.5,0,-9.38655665842486,-1099.58109427736,9.07732789748211,0.117661705968393,25.86189406616,
51.212,0.292999999999999,92,92,2,91.5,0,-9.22126765177658,-1070.12844689677,8.89801333009412,0.141822266731606,25.0544574790412,
51.213,0.293999999999997,92,92,2,91.5,0,-9.03394862789394,-1039.05360350787,8.70046836865782,0.164951402563349,24.1298270176432,
51.214,0.294999999999995,92,92,2,91.5,0,-8.8258137946448,-1006.68183728815,8.48757396623685,0.186954761522282,23.100830249341,
51.215,0.295999999999999,92,92,2,91.5,0,-8.59812593869481,-972.581684412004,8.26224683242889,0.207755997249445,21.980455051245,
51.216,0.296999999999997,92,92,2,91.5,0,-8.35212245057798,-937.675846547542,8.02728182452014,0.227316638789787,20.7896944406477,
51.217,0.297999999999995,92,92,2,91.5,0,-8.08909054687002,-902.58910401192,7.78525762788379,0.245617323144117,19.5548326405847,
51.218,0.298999999999999,92,92,2,91.5,0,-7.81040811410512,-867.856746291515,7.53856154956326,0.262618537747703,18.2888305849104,
51.219,0.299999999999997,92,92,2,91.5,0,-7.51745378829505,-833.792275222507,7.28930882863176,0.278268841961369,16.9857824118332,
51.22,0.300999999999995,92,92,2,91.5,0,-7.21156579529306,-800.067790017368,7.03941974053059,0.292552858054095,15.64569089436,
51.221,0.302,92,92,2,91.5,0,-6.89405099450711,-767.215939834498,6.79060184990109,0.305495935179602,14.2916208388423,
51.222,0.302999999999997,92,92,2,91.5,0,-6.56620382288424,-735.361714729387,6.54429393280485,0.317126469701838,12.9515960346914,
51.223,0.303999999999995,92,92,2,91.5,0,-6.22932829882114,-704.495095518026,6.30176767404089,0.327455966103863,11.633985867154,
51.224,0.305,92,92,2,91.5,0,-5.88464565200612,-674.617398735996,6.06408960165332,0.336509155156607,10.336915633304,
51.225,0.305999999999997,92,92,2,91.5,0,-5.53330321755309,-646.316661163045,5.83203950747489,0.344338446280847,9.0689118789771,
51.226,0.306999999999995,92,92,2,91.5,0,-5.17644794101651,-619.80463015302,5.60612847570417,0.350998350786692,7.8456445172727,
51.227,0.308,92,92,2,91.5,0,-4.81517467865785,-594.472613533023,5.38678552508701,0.356526819658139,6.6712898010441,
51.228,0.308999999999998,92,92,2,91.5,0,-4.45043398830783,-570.10447943859,5.17440119865886,0.360988095009444,5.5477415057238,
51.229,0.309999999999995,92,92,2,91.5,0,-4.08304570919001,-546.714819000878,4.96924803858923,0.364494738582952,4.4950438740085,
51.23,0.311,92,92,2,91.5,0,-3.71374406964635,-524.678108864874,4.77141445616108,0.367168010615232,3.5430216444787,
51.231,0.311999999999998,92,92,2,91.5,0,-3.34326831692944,-504.483534818681,4.58077473885557,0.369079865367883,2.6948583107597,
51.232,0.312999999999995,92,92,2,91.5,0,-2.97221923160693,-484.266931776426,4.3973372607344,0.370295518546615,1.931419464364,
51.233,0.314,92,92,2,91.5,0,-2.60094728904556,-464.637388100303,4.22118648566165,0.370943942712488,1.25434494705,
51.234,0.314999999999998,92,92,2,91.5,0,-2.22967612333421,-445.804379726067,4.05217609743505,0.371204852334706,0.7023385066342,
51.235,0.315999999999995,92,92,2,91.5,0,-1.85873214333309,-428.318461978525,3.89005079447915,0.371173243053287,0.2894083142234,
51.236,0.317,92,92,2,91.5,0,-1.48866163555224,-411.562587178464,3.73464319131062,0.370780094048108,-0.0523155274559,
51.237,0.317999999999998,92,92,2,91.5,0,-1.12007551603614,-395.262723664967,3.58595088608504,0.369887232967506,-0.4346007106779,
51.238,0.318999999999996,92,92,2,91.5,0,-0.753536969394228,-379.301270692202,3.44399710569863,0.368417164133269,-0.9161097840656,
51.239,0.32,92,92,2,91.5,0,-0.389622816087591,-363.614303180579,3.30881835967651,0.366365500503586,-1.4713849467803,
51.24,0.320999999999998,92,92,2,91.5,0,-0.0289103107441066,-348.737454763631,3.18034126602956,0.363740976918274,-2.0490431777379,
51.241,0.321999999999996,92,92,2,91.5,0,0.328211829611174,-334.936403876079,3.05826373017837,0.360595890235969,-2.6088345277212,
51.242,0.323,92,92,2,91.5,0,0.681637373848278,-322.791994646234,2.94203472157439,0.357090271016289,-3.0970775144196,
51.243,0.323999999999998,92,92,2,91.5,0,1.03141037937149,-311.06235469948,2.83118215115708,0.353438761458389,-3.4412265599335,
51.244,0.324999999999996,92,92,2,91.5,0,1.37751601069696,-299.350372740644,2.72554850995719,0.349768554878057,-3.6133515631636,
51.245,0.326000000000001,92,92,2,91.5,0,1.71980768952567,-287.7386060186,2.62507067387652,0.346061657835765,-3.6756046121904,
51.246,0.326999999999998,92,92,2,91.5,0,2.0580945775463,-276.32939350536,2.52966226978103,0.342234427335314,-3.7319899411517,
51.247,0.327999999999996,92,92,2,91.5,0,2.3921886743733,-265.476835057285,2.43915513848759,0.338230487904965,-3.8441431419727,
51.248,0.328999999999994,92,92,2,91.5,0,2.72186918344398,-254.841923813091,2.35338566183589,0.334027857858193,-4.0105339363065,
51.249,0.329999999999998,92,92,2,91.5,0,3.04684497066558,-244.546555880453,2.27224107967699,0.329593168842852,-4.2126405524158,
51.25,0.330999999999996,92,92,2,91.5,0,3.36676998086523,-234.530978678339,2.19560663711191,0.324871970669739,-4.4510240721019,
51.251,0.331999999999994,92,92,2,91.5,0,3.68130757608773,-224.936813437123,2.12334668990482,0.31982401881309,-4.7332715308422,
51.252,0.332999999999998,92,92,2,91.5,0,3.9901650493332,-215.803960590366,2.05528364899362,0.314449783122536,-5.0478109017597,
51.253,0.333999999999996,92,92,2,91.5,0,4.29306490863736,-207.160371222985,1.99122573069515,0.308774225656186,-5.3667470731213,
51.254,0.334999999999994,92,92,2,91.5,0,4.58982191971915,-198.896492652201,1.93097562006872,0.302844289019842,-5.6614746846094,
51.255,0.335999999999999,92,92,2,91.5,0,4.88033979802115,-190.807296754245,1.87436766103642,0.296728125714564,-5.909490886026,
51.256,0.336999999999996,92,92,2,91.5,0,5.164559328448,-183.261477357211,1.82120883537377,0.290500113773392,-6.093849895366,
51.257,0.337999999999994,92,92,2,91.5,0,5.44250505312006,-176.072001627501,1.77127123326609,0.284226893062958,-6.2080199811824,
51.258,0.338999999999999,92,92,2,91.5,0,5.71428837743307,-168.969005843367,1.72438303724871,0.277979146290785,-6.2520158981771,
51.259,0.339999999999996,92,92,2,91.5,0,5.98004460855004,-162.013679951652,1.68040268167779,0.271823916461914,-6.2276338706607,
51.26,0.340999999999994,92,92,2,91.5,0,6.23985895731135,-155.316740965871,1.63917918335137,0.265781794369083,-6.1490525910496,
51.261,0.341999999999999,92,92,2,91.5,0,6.4937610216025,-148.883542029652,1.60056064344612,0.259823228126957,-6.0509876584315,
51.262,0.342999999999996,92,92,2,91.5,0,6.74180166747424,-142.880328019297,1.56437599406162,0.253917324106375,-5.9678343308743,
51.263,0.343999999999994,92,92,2,91.5,0,6.98405378040593,-137.165845688594,1.53045510541203,0.248062511515548,-5.9063752581187,
51.264,0.344999999999999,92,92,2,91.5,0,7.22058610451115,-131.649381037266,1.49866336024586,0.242272736165764,-5.8506288474406,
51.265,0.345999999999997,92,92,2,91.5,0,7.45144782569754,-126.212339987554,1.46889815987392,0.236547079877512,-5.7900508036373,
51.266,0.346999999999994,92,92,2,91.5,0,7.67663800435292,-120.893977876831,1.44107520194054,0.230861439302736,-5.7328872926688,
51.267,0.347999999999999,92,92,2,91.5,0,7.89614722997009,-115.586924920572,1.41512033201738,0.22518735550322,-5.6941782562408,
51.268,0.348999999999997,92,92,2,91.5,0,8.10994503204657,-110.123134776358,1.39099217468251,0.219500084466426,-5.6815070032774,
51.269,0.349999999999994,92,92,2,91.5,0,8.3179166127888,-104.689831334541,1.36865467861951,0.213763362738415,-5.6981500729757,
51.27,0.350999999999999,92,92,2,91.5,0,8.51991442170919,-99.4709606545652,1.34803466229488,0.207927315595954,-5.7516841449809,
51.271,0.351999999999997,92,92,2,91.5,0,8.71582503631663,-94.620112179276,1.32902241161054,0.201963782173056,-5.8444954022571,
51.272,0.352999999999994,92,92,2,91.5,0,8.905603471969,-89.9869188613241,1.31150519482988,0.195897119214801,-5.956226399374,
51.273,0.353999999999999,92,92,2,91.5,0,9.08923554230752,-85.6484540264539,1.29537905125585,0.189774179744736,-6.0526070511909,
51.274,0.354999999999997,92,92,2,91.5,0,9.26671864392956,-81.4971525663684,1.28054629091555,0.183631289317731,-6.112041803604,
51.275,0.355999999999995,92,92,2,91.5,0,9.43804391769687,-77.5559142198944,1.26692138581021,0.177480443880565,-6.1392916429713,
51.276,0.356999999999999,92,92,2,91.5,0,9.60323838094474,-74.0716227823509,1.25439737101587,0.171333378967897,-6.1473247767683,
51.277,0.357999999999997,92,92,2,91.5,0,9.76237996030105,-70.9888526552469,1.24285479443421,0.165217841236234,-6.1387409157159,
51.278,0.358999999999995,92,92,2,91.5,0,9.91559389320959,-68.0838390958956,1.23220085740252,0.159179150589447,-6.1019417605017,
51.279,0.359999999999999,92,92,2,91.5,0,10.0630412405119,-65.3169900548601,1.22236605820942,0.153262251161002,-6.0252074067472,
51.28,0.360999999999997,92,92,2,91.5,0,10.2048791790239,-62.6633949330006,1.2132898212211,0.147494500347086,-5.9086922095889,
51.281,0.361999999999995,92,92,2,91.5,0,10.3412626256574,-60.1266643088693,1.20491655547522,0.141884413585543,-5.7651961825628,
51.282,0.363,92,92,2,91.5,0,10.4724058440499,-57.9632307927954,1.1971732110236,0.13644772572475,-5.6053663070299,
51.283,0.363999999999997,92,92,2,91.5,0,10.5985758971163,-55.9861996309179,1.18998470818187,0.13122333726697,-5.4250177101141,
51.284,0.364999999999995,92,92,2,91.5,0,10.720018715513,-53.8395017731551,1.18331593682642,0.12624383226332,-5.2146132424449,
51.285,0.366,92,92,2,91.5,0,10.8368998465924,-51.6163041056679,1.17715303989141,0.12149248260242,-4.984523437064,
51.286,0.366999999999997,92,92,2,91.5,0,10.9493509786747,-49.4800561401324,1.17146883981189,0.11692063757546,-4.765944873543,
51.287,0.367999999999995,92,92,2,91.5,0,11.0575146790152,-47.4641712647089,1.16622591663051,0.11249390225889,-4.582163504025,
51.288,0.369,92,92,2,91.5,0,11.1615298349627,-45.5777878328174,1.16138702968792,0.10820536654514,-4.428808348841,
51.289,0.369999999999997,92,92,2,91.5,0,11.2615135628539,-43.8947665989129,1.1569141299199,0.10405029084851,-4.28995758946,
51.29,0.370999999999995,92,92,2,91.5,0,11.3575281942023,-42.2830910013478,1.15277696230595,0.10000242734525,-4.162950043755,
51.291,0.372,92,92,2,91.5,0,11.4495903964556,-40.6251883228359,1.14896060291613,0.09601963158271,-4.060506839055,
51.292,0.372999999999998,92,92,2,91.5,0,11.5377187883186,-39.0902820228942,1.14544800481205,0.09206778786474,-3.993030471385,
51.293,0.373999999999995,92,92,2,91.5,0,11.6219585856873,-37.5278212164231,1.14222085806622,0.0881419566318,-3.953325585832,
51.294,0.375,92,92,2,91.5,0,11.7023840391708,-36.12200085623,1.13925919789664,0.08426207255143,-3.919850832678,
51.295,0.375999999999998,92,92,2,91.75,0,11.7790916549589,-34.7867225311979,1.13653957834183,0.08045440534044,-3.872003165327,
51.296,0.376999999999995,92,92,2,91.75,0,11.8522115508125,-33.5974062201533,1.13403945815566,0.07674665111637,-3.799358375728,
51.297,0.378,92,92,2,91.75,0,11.9218900917582,-32.442881516986,1.13173866270908,0.07316380536158,-3.700255579362,
51.298,0.378999999999998,92,92,2,91.75,0,11.9882589761794,-31.391145103136,1.12962036614164,0.06971805046072,-3.579191039395,
51.299,0.379999999999995,92,92,2,91.75,0,12.0514270645015,-30.2710698624919,1.12767282402109,0.06640154254882,-3.448108060351,
51.3,0.381,92,92,2,91.75,0,12.1114780626442,-29.1559062913591,1.12588849940377,0.06319320009801,-3.322832370261,
51.301,0.381999999999998,92,92,2,91.75,0,12.1684848545459,-28.1073547829619,1.12425630199994,0.06007286332422,-3.214390386031,
51.302,0.382999999999996,92,92,2,91.75,0,12.2225133384301,-27.2093284048915,1.12276196373686,0.05702656136875,-3.1245280314,
51.303,0.384,92,92,2,91.75,0,12.2736204227063,-26.3981300706237,1.12139210328779,0.05404555640705,-3.048923302835,
51.304,0.384999999999998,92,92,2,91.75,0,12.3218683812301,-25.7075381182957,1.12013510722898,0.05112576643288,-2.982229563572,
51.305,0.385999999999996,92,92,2,91.75,0,12.3673263438301,-25.1043051069565,1.11898020579449,0.04826869747238,-2.919338166328,
51.306,0.387,92,92,2,91.75,0,12.4100919288336,-24.5450611340658,1.11791856369831,0.04548724809819,-2.853199388708,
51.307,0.387999999999998,92,92,2,91.75,0,12.4502983199997,-24.1012260161969,1.11694061787334,0.04280554013123,-2.774212827914,
51.308,0.388999999999996,92,92,2,91.75,0,12.4881034995698,-23.7265463345717,1.11603654911227,0.04025378583852,-2.672644286854,
51.309,0.390000000000001,92,92,2,91.75,0,12.5236715767667,-23.5436760040247,1.11519589365363,0.03785441233694,-2.545026157646,
51.31,0.390999999999998,92,92,2,91.75,0,12.5571647179414,-23.5563813554965,1.11440712921839,0.0356167271022,-2.396581258867,
51.311,0.391999999999996,92,92,2,91.75,0,12.5887365892312,-23.4728986140675,1.11366472803137,0.03353924101589,-2.238131970263,
51.312,0.392999999999994,92,92,2,91.75,0,12.6185207443012,-23.1232689815583,1.1129708142907,0.03161193738933,-2.080491092914,
51.313,0.393999999999998,92,92,2,91.75,0,12.6466093379879,-22.6260281407775,1.11232829758154,0.02981180152095,-1.934208037031,
51.314,0.394999999999996,92,92,2,91.75,0,12.6730518724128,-22.08368954792,1.11173717845699,0.02810344432315,-1.81075259466,
51.315,0.395999999999994,92,92,2,91.75,0,12.6978699491099,-21.5588205014756,1.11119561687616,0.0264490148851,-1.719712471049,
51.316,0.396999999999998,92,92,2,91.75,0,12.7210603091387,-21.1355136457543,1.11070056838612,0.02481709901495,-1.663853695605,
51.317,0.397999999999996,92,92,2,91.75,0,12.7426042791199,-20.8384214754423,1.11024842578701,0.02318475801501,-1.638797479457,
51.318,0.398999999999994,92,92,2,91.75,0,12.7624930704676,-20.5956594076746,1.10983638889232,0.02154133340543,-1.635538543895,
51.319,0.399999999999999,92,92,2,91.75,0,12.780729274215,-20.412573212436,1.10946247164964,0.01988956865766,-1.642601568145,
51.32,0.400999999999996,92,92,2,91.75,0,12.7973308218988,-20.3359099731977,1.1091242277063,0.01824158320841,-1.648128916757,
51.321,0.401999999999994,92,92,2,91.75,0,12.8123306369835,-20.2729050775486,1.10881966534802,0.01661142472315,-1.643771149609,
51.322,0.402999999999999,92,92,2,91.75,0,12.8257878221115,-20.2350532539809,1.10854710380082,0.01501754587742,-1.624622682598,
51.323,0.403999999999996,92,92,2,91.75,0,12.8377940590634,-20.25389397134,1.10830404385365,0.01348468966218,-1.586455948442,
51.324,0.404999999999994,92,92,2,91.75,0,12.8484640263318,-20.254911036105,1.10808793004189,0.01204064049968,-1.524520888565,
51.325,0.405999999999999,92,92,2,91.75,0,12.857914580894,-20.3639719927358,1.10789599455673,0.01070502436159,-1.438161370999,
51.326,0.406999999999996,92,92,2,91.75,0,12.8662367566624,-20.4500420595091,1.10772616385735,0.00947786473592,-1.335609091687,
51.327,0.407999999999994,92,92,2,91.75,0,12.8734928902606,-20.4573469797245,1.10757774911734,0.00834087675548,-1.232645085827,
51.328,0.408999999999999,92,92,2,91.75,0,12.8797400853106,-20.4531485163271,1.10744996119486,0.0072732646848,-1.143226701081,
51.329,0.409999999999997,92,92,2,91.75,0,12.8850248523705,-20.5631731944068,1.10734158034191,0.0062611482174,-1.071776162624,
51.33,0.410999999999994,92,92,2,91.75,0,12.8893744518251,-20.7534173307988,1.1072517250321,0.00529294517533,-1.015591120785,
51.331,0.411999999999999,92,92,2,91.75,0,12.8928057627672,-21.0089996732739,1.10718007511288,0.00435466318245,-0.972400754912,
51.332,0.412999999999997,92,92,2,91.75,0,12.8953294402476,-21.2410722215944,1.10712676233538,0.00343450745737,-0.941820427297,
51.333,0.413999999999994,92,92,2,91.75,0,12.8969724306305,-21.5176597617018,1.10709163624267,0.00253176138966,-0.920370708209,
51.334,0.414999999999999,92,92,2,91.75,0,12.8978033666151,-21.7655945481703,1.1070736534359,0.00166358019266,-0.897599503708,
51.335,0.415999999999997,92,92,2,91.75,0,12.8979250262862,-22.0467579002806,1.10707098833771,0.00086176941004,-0.858639533899,
51.336,0.416999999999994,92,92,2,91.75,0,12.897473958896,-22.4665172780296,1.10708102758115,0.00016262444676,-0.790922161132,
51.337,0.417999999999999,92,92,2,91.75,0,12.8966112882846,-22.9014173551553,1.1071005963731,-0.00040273023817,-0.689807625577,
51.338,0.418999999999997,92,92,2,91.75,0,12.895467230992,-23.2543449075844,1.1071269987913,-0.0008236056494,-0.562147986325,
51.339,0.419999999999995,92,92,2,91.75,0,12.8941091610043,-23.4484811758134,1.10715871164453,-0.00112384509677,-0.428028404182,
51.34,0.420999999999999,92,92,2,91.75,0,12.8925485327929,-23.485511987866,1.10719533490143,-0.00135463364628,-0.31559496717,
51.341,0.421999999999997,92,92,2,91.75,0,12.8907589665903,-23.4964980824147,1.1072373736101,-0.00156854214165,-0.246559802626,
51.342,0.422999999999995,92,92,2,91.75,0,12.8887106854394,-23.5769697645367,1.10728558345855,-0.00179849928973,-0.223787107425,
51.343,0.423999999999999,92,92,2,91.75,0,12.886374866464,-23.7418805245057,1.10734084759275,-0.00205692801376,-0.233684025052,
51.344,0.424999999999997,92,92,2,91.75,0,12.8837227561888,-23.8461813874848,1.10740395198674,-0.00234444501799,-0.258613735305,
51.345,0.425999999999995,92,92,2,91.75,0,12.8807408813775,-24.0001108689759,1.10747528781359,-0.00265615224609,-0.286047587331,
51.346,0.427,92,92,2,91.75,0,12.8774280994068,-24.2315783178275,1.10755517834876,-0.00298221759829,-0.308757598169,
51.347,0.427999999999997,92,92,2,91.75,0,12.8737913709885,-24.5175435692854,1.10764382200723,-0.00331069375716,-0.322481156971,
51.348,0.428999999999995,92,92,2,91.75,0,12.8698619968663,-24.7811921908937,1.1077406785955,-0.00362733819519,-0.324203400617,
51.349,0.43,92,92,2,91.75,0,12.8656847251948,-24.9863966119127,1.10784462496494,-0.00391594967582,-0.311784067062,
51.35,0.430999999999997,92,92,2,91.75,0,12.8613069385753,-25.2142354780354,1.10795450879266,-0.00416305689111,-0.284570088248,
51.351,0.431999999999995,92,92,2,91.75,0,12.856776211413,-25.4740100362658,1.10806933609804,-0.00436351429794,-0.245563552354,
51.352,0.433,92,92,2,91.75,0,12.8521300974055,-25.7356369665048,1.10818829902718,-0.00451946105302,-0.201099153843,
51.353,0.433999999999998,92,92,2,91.75,0,12.8474038824029,-26.0738992297132,1.1083107305308,-0.00463552825247,-0.157336083916,
51.354,0.434999999999995,92,92,2,91.75,0,12.8426148038818,-26.3760761297358,1.10843632405602,-0.00472104375962,-0.118865558449,
51.355,0.436,92,92,2,91.75,0,12.8377549109001,-26.6059657048278,1.10856506758265,-0.00479146380373,-0.090152375928,
51.356,0.436999999999998,92,92,2,91.75,0,12.8328153203021,-26.6992627072318,1.10869672058519,-0.00486255792841,-0.075150907193,
51.357,0.437999999999995,92,92,2,91.75,0,12.8277849963656,-26.8401932041625,1.10883138098849,-0.00494290131466,-0.07366667898,
51.358,0.439,92,92,2,91.75,0,12.8226582984655,-27.1122117272382,1.10896967982903,-0.00503201612403,-0.080200034715,
51.359,0.439999999999998,92,92,2,91.75,0,12.8174483589886,-27.3638611475998,1.10911158835034,-0.00512275818406,-0.086971557632,
51.36,0.440999999999995,92,92,2,91.75,0,12.8121790144403,-27.6320514668723,1.1092564845565,-0.00520278852528,-0.087040369189,
51.361,0.442,92,92,2,91.75,0,12.8068784592843,-27.8689583301764,1.10940357763832,-0.00526088620919,-0.07666405967,
51.362,0.442999999999998,92,92,2,91.75,0,12.8015621219854,-28.1029117386555,1.10955236030858,-0.00529592661656,-0.057760298141,
51.363,0.443999999999996,92,92,2,91.75,0,12.7962296624133,-28.3559910387275,1.10970289271685,-0.00531643933799,-0.03759928455,
51.364,0.445,92,92,2,91.75,0,12.7908953020024,-28.6722769319651,1.10985499738433,-0.00532819314178,-0.02224335192,
51.365,0.445999999999998,92,92,2,91.75,0,12.7855852828492,-28.9178217141891,1.11000789964775,-0.00532648778195,-0.010343729996,
51.366,0.446999999999996,92,92,2,91.75,0,12.7803300906661,-29.0565605561206,1.11016023290802,-0.00530087343948,0.004840305536,
51.367,0.448,92,92,2,91.75,0,12.7751630222361,-29.1471021482863,1.11031060406205,-0.0052452031482,0.027458432321,
51.368,0.448999999999998,92,92,2,91.75,0,12.7700941903121,-29.2842710462435,1.11045869346695,-0.00516403460413,0.054302982474,
51.369,0.449999999999996,92,92,2,91.75,0,12.7651043143266,-29.4419405326252,1.1106052117234,-0.00507461609425,0.075994057976,
51.37,0.451000000000001,92,92,2,91.75,0,12.760170634916,-29.4673151574157,1.11075053141434,-0.00499670379458,0.083491657074,
51.371,0.451999999999998,92,92,2,91.75,0,12.7552815362147,-29.4938371415846,1.11089466486091,-0.00493716417028,0.075852360122,
51.372,0.452999999999996,92,92,2,91.75,0,12.7504309708284,-29.6090337123495,1.11103800603071,-0.00489091291959,0.061064914828,
51.373,0.453999999999994,92,92,2,91.75,0,12.7456164637322,-29.8229738034037,1.11118107394168,-0.00485130789377,0.048243895312,
51.374,0.454999999999998,92,92,2,91.75,0,12.7408399658145,-30.0609844168023,1.11132409174255,-0.00481392182968,0.040933204762,
51.375,0.455999999999996,92,92,2,91.75,0,12.7361110248661,-30.2618635293274,1.11146672333544,-0.00477363358046,0.038922408148,
51.376,0.456999999999994,92,92,2,91.75,0,12.7314483005149,-30.3889051143694,1.11160812224338,-0.00472334306003,0.042418275044,
51.377,0.457999999999998,92,92,2,91.75,0,12.7268685337678,-30.5531717477741,1.11174767249193,-0.00465770204913,0.051894986208,
51.378,0.458999999999996,92,92,2,91.75,0,12.7223883579831,-30.8446637143442,1.11188520903977,-0.00457477673961,0.066221153345,
51.379,0.459999999999994,92,92,2,91.75,0,12.7180218158457,-31.0694333480263,1.11202038429663,-0.00447596297923,0.082506555192,
51.38,0.460999999999999,92,92,2,91.75,0,12.7137685257529,-31.115942698123,1.11215263051855,-0.00436665661821,0.097195005314,
51.381,0.461999999999996,92,92,2,91.75,0,12.7096219643819,-31.1328779257311,1.11228168979605,-0.00425524708964,0.106789531093,
51.382,0.462999999999994,92,92,2,91.75,0,12.7055673205043,-31.1829572234911,1.11240802405578,-0.00415100473952,0.10862842477,
51.383,0.463999999999999,92,92,2,91.75,0,12.7015832303605,-31.264417675057,1.1125324220412,-0.00406105300548,0.102105318831,
51.384,0.464999999999996,92,92,2,91.75,0,12.6976635567112,-31.478674764863,1.11265538826426,-0.00398593131559,0.089789905619,
51.385,0.465999999999994,92,92,2,91.75,0,12.6938162052781,-31.7444298101208,1.11277700901526,-0.00391730193279,0.077623011008,
51.386,0.466999999999999,92,92,2,91.75,0,12.6900491706612,-31.9276843609835,1.11289693654437,-0.0038449530531,0.071692923994,
51.387,0.467999999999996,92,92,2,91.75,0,12.6863645072969,-32.0297918103983,1.11301476742904,-0.00376641828598,0.073088796852,
51.388,0.468999999999994,92,92,2,91.75,0,12.6827625860642,-32.1017971326546,1.11313026589498,-0.0036845521006,0.077678426369,
51.389,0.469999999999999,92,92,2,91.75,0,12.6792470182147,-32.2311246361505,1.1132433492707,-0.00360083785722,0.081421177302,
51.39,0.470999999999997,92,92,2,91.75,0,12.6758318447773,-32.342090465727,1.1133536136352,-0.00351135554083,0.084890247883,
51.391,0.471999999999994,92,92,2,91.75,0,12.6725226116762,-32.3502314736953,1.11346065462178,-0.00341350966014,0.090260963777,
51.392,0.472999999999999,92,92,2,91.75,0,12.6693227828974,-32.423684958266,1.11356428734273,-0.0033081939053,0.097577773645,
51.393,0.473999999999997,92,92,2,91.75,0,12.6662395319653,-32.6264006831775,1.11366457021131,-0.00319767672148,0.104635221289,
51.394,0.474999999999994,92,92,2,91.75,0,12.6632719636918,-32.8745427676596,1.11376175947215,-0.00308351948853,0.110048769865,
51.395,0.475999999999999,92,92,2,91.75,0,12.6604228337781,-33.0195489431604,1.11385562988607,-0.00296674156314,0.113851425943,
51.396,0.476999999999997,92,92,2,91.75,0,12.6576913129918,-33.1614087435921,1.11394601721686,-0.00284937868342,0.116167203957,
51.397,0.477999999999994,92,92,2,91.75,0,12.6550591282503,-33.524502065141,1.11403378203532,-0.00273700271108,0.115691321207,
51.398,0.478999999999999,92,92,2,91.75,0,12.652516732448,-33.8875036229528,1.11411947603546,-0.00263504887318,0.110745404222,
51.399,0.479999999999997,92,92,2,91.75,0,12.6500623887314,-34.0267470176625,1.11420281849261,-0.00254291685835,0.102133931311,
51.4,0.480999999999995,92,92,2,91.75,0,12.6476889269793,-34.0055577110567,1.11428355452921,-0.00245649475296,0.093365588919,
51.401,0.481999999999999,92,92,2,91.75,0,12.645401945267,-33.9719788657963,1.11436128622071,-0.00237178232951,0.08762217364,
51.402,0.482999999999997,92,92,2,91.75,0,12.6432141976384,-34.0364346760205,1.11443567884344,-0.00228315549913,0.086399650111,
51.403,0.483999999999995,92,92,2,91.75,0,12.6411344420245,-34.1502020342009,1.11450658461368,-0.0021851202493,0.090275034136,
51.404,0.484999999999999,92,92,2,91.75,0,12.6391695379636,-34.19562309907,1.11457373110835,-0.00207769775241,0.098028898113,
51.405,0.485999999999997,92,92,2,91.75,0,12.6373232422351,-34.1806983361255,1.11463685256345,-0.00196377702708,0.106555791304,
51.406,0.486999999999995,92,92,2,91.75,0,12.6356037997383,-34.1953951501747,1.11469563694391,-0.00184382225871,0.11378146971,
51.407,0.488,92,92,2,91.75,0,12.6340164743867,-34.2915789958734,1.11474999249907,-0.00171786332275,0.119945805735,
51.408,0.488999999999997,92,92,2,91.75,0,12.6325457957756,-34.3169376836052,1.11480044303808,-0.00159196647301,0.124139059817,
51.409,0.489999999999995,92,92,2,91.75,0,12.6311746620618,-34.2997497194751,1.11484748436479,-0.00147580916406,0.122993613369,
51.41,0.491,92,92,2,91.75,0,12.6298959406175,-34.2852703710695,1.11489133493276,-0.00137327350214,0.114992677078,
51.411,0.491999999999997,92,92,2,91.75,0,12.6287060593338,-34.318015419156,1.11493214981564,-0.00127979307697,0.103905585004,
51.412,0.492999999999995,92,92,2,91.75,0,12.6276065201058,-34.3793976603001,1.11496991756592,-0.00118943071517,0.095261577184,
51.413,0.494,92,92,2,91.75,0,12.6265874497555,-34.3462920034703,1.11500493572224,-0.0011025011814,0.090267932402,
51.414,0.494999999999997,92,92,2,91.75,0,12.625633648556,-34.220733389358,1.11503763537777,-0.00102363026837,0.085541795957,
51.415,0.495999999999995,92,92,2,91.75,0,12.6247519466922,-34.1439888099713,1.11506777402927,-0.00095175214403,0.079190662645,
51.416,0.497,92,92,2,91.75,0,12.6239570505848,-34.2336487743346,1.11509495058824,-0.00087728993759,0.074751185577,
51.417,0.497999999999998,92,92,2,91.75,0,12.6232543412555,-34.3611737411843,1.1151190516991,-0.00079328180089,0.076550760888,
51.418,0.498999999999995,92,92,2,91.75,0,12.6226319573819,-34.4082490310949,1.11514045218897,-0.00070626772599,0.082046139082,
51.419,0.5,92,92,2,91.75,0,12.6220712247614,-34.3087602249483,1.11515971812331,-0.00062798613437,0.083492548456,
51.42,0.500999999999998,92,92,2,92,0,12.621563985022,-34.1498864951587,1.11517708059637,-0.00056318013211,0.076858659796,
51.421,0.000999999999997669,93,93,2,92,0,12.6211110096157,-34.1661941245031,1.54727521817222E-05,-0.00050700830383,0.066258426874,
51.422,0.00200000000000244,93,93,2,92,0,12.6207062485272,-34.2361962373565,2.93160651665403E-05,-0.00045479041089,0.057575899872,
51.423,0.00300000000000011,93,93,2,92,0,12.6203396631451,-34.189679006036,4.18580279841763E-05,-0.00040777267192,0.051844027351,
51.424,0.00399999999999778,93,93,2,92,0,12.6200025480567,-34.1169404195872,5.33716240056492E-05,-0.00036919700591,0.046045163273,
51.425,0.00500000000000256,93,93,2,92,0,12.6196915755376,-34.1202127711821,6.39815637129004E-05,-0.00033811340572,0.038860668152,
51.426,0.00600000000000023,93,93,2,92,0,12.6194155910496,-34.1442066770904,7.34015241334873E-05,-0.00030831888056,0.032944497427,
51.427,0.0069999999999979,93,93,2,92,0,12.6191750819636,-34.1001936341944,8.16082233114912E-05,-0.00027583827673,0.03098707127,
51.428,0.00800000000000267,93,93,2,92,0,12.6189655687353,-34.1250132535458,8.87552649828649E-05,-0.00024185294929,0.032126197312,
51.429,0.00900000000000034,93,93,2,92,0,12.6187893090253,-34.1954252222154,9.47763353167375E-05,-0.00020883593012,0.033243417876,
51.43,0.00999999999999801,93,93,2,92,0,12.6186470425552,-34.2744504724016,9.96468190805899E-05,-0.00017603779352,0.03324184688,
51.431,0.0110000000000028,93,93,2,92,0,12.6185384288873,-34.3117796091892,0.000103371520097539,-0.00014236860141,0.033125118024,
51.432,0.0120000000000005,93,93,2,92,0,12.6184612491244,-34.2567801639582,0.000106017572690575,-0.00010927933706,0.033233897129,
51.433,0.0129999999999981,93,93,2,92,0,12.6184052383794,-34.1460257849739,0.000107933218757239,-8.025922903E-05,0.032042495782,
51.434,0.0140000000000029,93,93,2,92,0,12.6183591626823,-34.041842745338,0.000109504120544557,-5.9380936E-05,0.027798310426,
51.435,0.0150000000000006,93,93,2,92,0,12.6183203199097,-34.00244008536,0.000110825634848766,-4.688633412E-05,0.020805730185,
51.436,0.0159999999999982,93,93,2,92,0,12.6182898001937,-33.99481766078,0.000111863263342116,-3.851573297E-05,0.013772509006,
51.437,0.0169999999999959,93,93,2,92,0,12.6182680118619,-33.9736827847023,0.000112603723465554,-3.039721772E-05,0.009532175599,
51.438,0.0180000000000007,93,93,2,92,0,12.6182500493987,-33.9727756462537,0.000113213966344006,-2.325998648E-05,0.007899755817,
51.439,0.0189999999999984,93,93,2,92,0,12.6182322416931,-33.9721073606907,0.000113818937578003,-1.90637965E-05,0.006549304065,
51.44,0.019999999999996,93,93,2,92,0,12.6182155419494,-34.1291598180046,0.00011438757442761,-1.752174431E-05,0.004282261021,
51.441,0.0210000000000008,93,93,2,92,0,12.6181989011868,-34.3110954121632,0.000114957023455986,-1.701443794E-05,0.002027869781,
51.442,0.0219999999999985,93,93,2,92,0,12.6181811324372,-34.4570889444032,0.000115567985773168,-1.699685303E-05,0.000670813678,
51.443,0.0229999999999961,93,93,2,92,0,12.6181675984869,-34.475920465816,0.000116034453739644,-1.615991371E-05,0.000410307671,
51.444,0.0240000000000009,93,93,2,92,0,12.618158518041,-34.4527762935068,0.000116347405395345,-1.346833877E-05,0.001147523683,
51.445,0.0249999999999986,93,93,2,92,0,12.6181563125203,-34.5615088892942,0.000116423511613561,-8.35401966E-06,0.002862007505,
51.446,0.0259999999999962,93,93,2,92,0,12.6181687690516,-34.6509965308181,0.000115992437741852,1.3061734E-07,0.005398591226,
51.447,0.027000000000001,93,93,2,92,0,12.6181912238943,-34.5858771370815,0.000115215086182729,1.105740912E-05,0.008206188067,
51.448,0.0279999999999987,93,93,2,92,0,12.6182127716547,-34.5777258013406,0.000114469925804883,1.918322459E-05,0.009353852453,
51.449,0.0289999999999964,93,93,2,92,0,12.6182233795266,-34.5801895349735,0.000114103116658271,1.853791854E-05,0.006334771907,
51.45,0.0300000000000011,93,93,2,92,0,12.6182274959087,-34.605736993499,0.000113960718806538,1.194239151E-05,0.000200964112,
51.451,0.0309999999999988,93,93,2,92,0,12.6182396018177,-34.5748208540326,0.000113541972041276,8.46068711E-06,-0.003876313947,
51.452,0.0319999999999965,93,93,2,92,0,12.6182648485574,-34.5018572865698,0.000112669991580105,1.365130014E-05,-0.00181415596,
51.453,0.0330000000000013,93,93,2,92,0,12.6182953692103,-34.5736280096664,0.000111615877131044,2.288666445E-05,0.003802343185,
51.454,0.0339999999999989,93,93,2,92,0,12.6183142330369,-34.6357127059616,0.000110963100624417,2.544143105E-05,0.006017759613,
51.455,0.0349999999999966,93,93,2,92,0,12.6183117767513,-34.613064313157,0.000111048148013992,1.596484083E-05,0.000949538867,
51.456,0.0360000000000014,93,93,2,92,0,12.6182994954546,-34.601943810434,0.000111473173035392,9.9224473E-07,-0.007515984938,
51.457,0.036999999999999,93,93,2,92,0,12.6182944943485,-34.6294039108993,0.000111646289695955,-7.14973619E-06,-0.011274609782,
51.458,0.0379999999999967,93,93,2,92,0,12.6183054357182,-34.6430674173137,0.000111267321841524,-2.40242054E-06,-0.006324376503,
51.459,0.0390000000000015,93,93,2,92,0,12.618337468414,-34.6512931097932,0.00011015747925569,1.248602479E-05,0.003922865583,
51.46,0.0399999999999991,93,93,2,92,0,12.6183830478666,-34.5556799759312,0.000108580271273695,2.976932501E-05,0.012564562893,
51.461,0.0409999999999968,93,93,2,92,0,12.6184259794726,-34.415388393925,0.00010709975191503,4.072107158E-05,0.014665377658,
51.462,0.0420000000000016,93,93,2,92,0,12.6184563929203,-34.435124409375,0.000106052761182696,3.997051249E-05,0.009340520967,
51.463,0.0429999999999993,93,93,2,92,0,12.6184744706792,-34.5710336924422,0.000105429022838166,3.046818855E-05,0.000134603153,
51.464,0.0439999999999969,93,93,2,92,0,12.6184853492431,-34.722621365739,0.000105052115117132,1.961870704E-05,-0.007280941756,
51.465,0.0450000000000017,93,93,2,92,0,12.6184995597899,-34.7292277005912,0.00010455864074288,1.403791727E-05,-0.008864726717,
51.466,0.0459999999999994,93,93,2,92,0,12.6185227738607,-34.6657951294254,0.000103753170250798,1.591200913E-05,-0.004924932803,
51.467,0.046999999999997,93,93,2,92,0,12.618547352627,-34.644436983622,0.000102901390249599,2.092242225E-05,0.000578523749,
51.468,0.0480000000000018,93,93,2,92,0,12.6185635167459,-34.6286883944857,0.000102341520729965,2.164496343E-05,0.00278315516,
51.469,0.0489999999999995,93,93,2,92,0,12.6185641100378,-34.5853086741498,0.00010232098867391,1.401726502E-05,-0.000496169115,
51.47,0.0499999999999972,93,93,2,92,0,12.6185532430572,-34.4917319438567,0.000102696318108997,1.82645825E-06,-0.006491559041,
51.471,0.0510000000000019,93,93,2,92,0,12.6185435792888,-34.4242376230018,0.000103029312086278,-7.06793519E-06,-0.009832950263,
51.472,0.0519999999999996,93,93,2,92,0,12.61854011558,-34.4043260452944,0.000103148513133533,-8.16471418E-06,-0.007544033104,
51.473,0.0529999999999973,93,93,2,92,0,12.6185412681613,-34.3629646327811,0.00010310888318088,-3.93883965E-06,-0.001839267269,
51.474,0.054000000000002,93,93,2,92,0,12.618540656466,-34.3305478767406,0.000103129892934817,-7.6158871E-07,0.002314491397,
51.475,0.0549999999999997,93,93,2,92,0,12.6185340555786,-34.2887150849696,0.00010335636694947,-1.87916995E-06,0.002203388363,
51.476,0.0559999999999974,93,93,2,92,0,12.6185285072627,-34.3032379572165,0.0001035466518573,-4.48835832E-06,-0.000276613725,
51.477,0.0570000000000022,93,93,2,92,0,12.6185302704605,-34.3873232514003,0.000103486094332084,-3.67063324E-06,-0.001133632196,
51.478,0.0579999999999998,93,93,2,92,0,12.6185383659041,-34.4796650173624,0.000103207339918754,1.46941743E-06,0.001086348722,
51.479,0.0589999999999975,93,93,2,92,0,12.6185463430153,-34.5228868840613,0.000102932119403931,6.16027014E-06,0.003708593605,
51.48,0.0600000000000023,93,93,2,92,0,12.6185451026782,-34.505372082315,0.000102974928566368,5.24737643E-06,0.003144488172,
51.481,0.0609999999999999,93,93,2,92,0,12.6185329699026,-34.469724539478,0.00010339335824483,-1.74283416E-06,-0.001054964848,
51.482,0.0619999999999976,93,93,2,92,0,12.6185232639701,-34.3972824371623,0.000103727567505985,-8.13699112E-06,-0.004988199437,
51.483,0.0630000000000024,93,93,2,92,0,12.6185268069869,-34.4200384982056,0.000103605657045591,-6.45930064E-06,-0.004151418817,
51.484,0.0640000000000001,93,93,2,92,0,12.6185430034784,-34.6927474000456,0.000103045964721105,3.36437442E-06,0.001699931622,
51.485,0.0649999999999977,93,93,2,92,0,12.6185654640023,-34.9539867701503,0.000102263813644754,1.427965881E-05,0.007707362485,
51.486,0.0660000000000025,93,93,2,92,0,12.6185890557398,-34.9970521984238,0.000101438680374599,2.092067826E-05,0.009305522109,
51.487,0.0670000000000002,93,93,2,92,0,12.6186113406419,-34.8800079543163,0.000100660078643955,2.28603228E-05,0.006512886459,
51.488,0.0679999999999978,93,93,2,92,0,12.6186311725664,-34.8123229499914,9.99690121261665E-05,2.194105944E-05,0.002492384643,
51.489,0.0690000000000026,93,93,2,92,0,12.6186487842583,-34.7751705321505,9.93562353812649E-05,1.9901748E-05,-0.000397605414,
51.49,0.0700000000000003,93,93,2,92,0,12.6186641872844,-34.6756066683719,9.88213593160481E-05,1.761516194E-05,-0.001777479402,
51.491,0.070999999999998,93,93,2,92,0,12.6186812992128,-34.6123675485373,9.82285338864131E-05,1.657829653E-05,-0.001837487479,
51.492,0.0720000000000027,93,93,2,92,0,12.6187003367255,-34.5690728791474,9.75700126133461E-05,1.7176933E-05,-0.000921131041,
51.493,0.0730000000000004,93,93,2,92,0,12.6187194250904,-34.6079013588262,9.69097749532466E-05,1.847509307E-05,0.000317842986,
51.494,0.0739999999999981,93,93,2,92,0,12.6187440528881,-34.6828060870714,9.60565361936006E-05,2.073493908E-05,0.001376808772,
51.495,0.0750000000000028,93,93,2,92,0,12.6187820554183,-34.6500479031593,9.47391242505091E-05,2.697838761E-05,0.003166420984,
51.496,0.0760000000000005,93,93,2,92,0,12.6188312218403,-34.5260986450501,9.30385524497979E-05,3.733927799E-05,0.006283600329,
51.497,0.0769999999999982,93,93,2,92,0,12.6188796050664,-34.4442208749477,9.13700491622649E-05,4.558229569E-05,0.008490296021,
51.498,0.0779999999999959,93,93,2,92,0,12.6189262595977,-34.5134541831077,8.97614551575998E-05,4.809957643E-05,0.007160658416,
51.499,0.0790000000000006,93,93,2,92,0,12.6189705993498,-34.6487456152855,8.82281377698746E-05,4.647870598E-05,0.002993556471,
51.5,0.0799999999999983,93,93,2,92,0,12.6190162323203,-34.7720235740446,8.66441998113032E-05,4.542215138E-05,-0.000210130338,
51.501,0.080999999999996,93,93,2,92,0,12.619076895234,-34.8011409205021,8.45339443742432E-05,4.975398794E-05,0.000390667993,
51.502,0.0820000000000007,93,93,2,92,0,12.6191522977398,-34.6790372121753,8.19144546113648E-05,6.057580837E-05,0.004662314373,
51.503,0.0829999999999984,93,93,2,92,0,12.6192281514452,-34.5149814378576,7.92901432618009E-05,7.111598805E-05,0.008790333044,
51.504,0.0839999999999961,93,93,2,92,0,12.619287098143,-34.4942414594616,7.72562103605878E-05,7.064624324E-05,0.007321694558,
51.505,0.0850000000000009,93,93,2,92,0,12.6193297426324,-34.5746553688346,7.57835064462142E-05,5.912813756E-05,-0.000481275724,
51.506,0.0859999999999985,93,93,2,92,0,12.6193671133924,-34.5582462517896,7.44917319082106E-05,4.59530331E-05,-0.008700697053,
51.507,0.0869999999999962,93,93,2,92,0,12.619405021865,-34.492413988192,7.31829293840747E-05,3.91141926E-05,-0.010777125638,
51.508,0.088000000000001,93,93,2,92,0,12.6194381944523,-34.4439800880363,7.20395301101462E-05,3.632639323E-05,-0.007524407349,
51.509,0.0889999999999986,93,93,2,92,0,12.6194591942787,-34.4724537646554,7.13159135301566E-05,3.094152462E-05,-0.004782232481,
51.51,0.0899999999999963,93,93,2,92,0,12.619470534617,-34.5205943459621,7.09247112808953E-05,2.175380824E-05,-0.005746602169,
51.511,0.0910000000000011,93,93,2,92,0,12.619483075889,-34.5848973821653,7.04913758937664E-05,1.459846484E-05,-0.007437150155,
51.512,0.0919999999999987,93,93,2,92,0,12.6195088102486,-34.5424766375741,6.96019015435922E-05,1.613891817E-05,-0.005156316275,
51.513,0.0929999999999964,93,93,2,92,0,12.6195407092923,-34.4608656979765,6.85013312278215E-05,2.362583855E-05,0.000715654426,
51.514,0.0940000000000012,93,93,2,92,0,12.6195620049259,-34.4323785530433,6.77677685843037E-05,2.686861544E-05,0.004429737218,
51.515,0.0949999999999989,93,93,2,92,0,12.6195686238608,-34.3943961967499,6.75399886205241E-05,2.007364702E-05,0.001504696344,
51.516,0.0959999999999965,93,93,2,92,0,12.619565442385,-34.4814030143336,6.76495519655873E-05,8.0818213E-06,-0.005342702017,
51.517,0.0970000000000013,93,93,2,92,0,12.6195602716947,-34.6662326475849,6.78283224715415E-05,-8.3811694E-07,-0.009511202286,
51.518,0.097999999999999,93,93,2,92,0,12.6195585257855,-34.7659812680663,6.78889336427346E-05,-3.54649162E-06,-0.007978035416,
51.519,0.0989999999999966,93,93,2,92,0,12.6195586494446,-34.6984730282766,6.78846386819032E-05,-2.21247304E-06,-0.00335912577,
51.52,0.100000000000001,93,93,2,92,0,12.6195626657905,-34.5929107904462,6.7745489602089E-05,7.3059465E-07,0.000604015335,
51.521,0.100999999999999,93,93,2,92,0,12.6195742443093,-34.5432030686172,6.73452427122356E-05,5.11719173E-06,0.002893411774,
51.522,0.101999999999997,93,93,2,92,0,12.6195921491645,-34.5100936968994,6.67270480789739E-05,1.120776785E-05,0.004464731975,
51.523,0.103000000000002,93,93,2,92,0,12.6196079811586,-34.5190727532312,6.61806134019116E-05,1.538509595E-05,0.005005408002,
51.524,0.103999999999999,93,93,2,92,0,12.6196119143662,-34.5473551229328,6.6044787104147E-05,1.288421648E-05,0.002747840235,
51.525,0.104999999999997,93,93,2,92,0,12.6196003461169,-34.523652810875,6.64443024191996E-05,2.85240648E-06,-0.002756696358,
51.526,0.106000000000002,93,93,2,92,0,12.6195836206565,-34.5443011787193,6.7021899084807E-05,-8.46497556E-06,-0.008158202453,
51.527,0.106999999999999,93,93,2,92,0,12.6195782724737,-34.8123204053339,6.72073650349603E-05,-1.176511379E-05,-0.008526537285,
51.528,0.107999999999997,93,93,2,92,0,12.6195885133963,-35.1134858049516,6.6849312645445E-05,-4.08463446E-06,-0.002411126105,
51.529,0.109000000000002,93,93,2,92,0,12.6196031416452,-35.1570162239043,6.63353454513071E-05,6.88038887E-06,0.005371657262,
51.53,0.109999999999999,93,93,2,92,0,12.6196124559254,-35.1148613372437,6.60080794716578E-05,1.17178604E-05,0.00814139459,
51.531,0.110999999999997,93,93,2,92,0,12.619625822793,-35.0891506562887,6.55388756030106E-05,1.212424703E-05,0.0053464116,
51.532,0.112000000000002,93,93,2,92,0,12.6196632561878,-35.0872201403677,6.42254057083846E-05,1.937104954E-05,0.003787836864,
51.533,0.113,93,93,2,92,0,12.619729864324,-35.0100175316586,6.18908825344988E-05,3.896585906E-05,0.008899079849,
51.534,0.113999999999997,93,93,2,92,0,12.6198148072693,-34.9825547565958,5.89181949095519E-05,6.335615654E-05,0.017329053805,
51.535,0.115000000000002,93,93,2,92,0,12.6199075965831,-34.9439367229812,5.56739793324823E-05,8.179641313E-05,0.021166638825,
51.536,0.116,93,93,2,92,0,12.6200078320878,-34.9297369850136,5.21720678534621E-05,9.266926051E-05,0.017955046094,
51.537,0.116999999999997,93,93,2,92,0,12.6201160774301,-34.9059416519919,4.83923743814785E-05,0.00010040459868,0.01220181738,
51.538,0.118000000000002,93,93,2,92,0,12.6202185153191,-34.8775913203745,4.48181354784083E-05,0.00010410015503,0.007464656387,
51.539,0.119,93,93,2,92,0,12.6203092557414,-34.7770420176669,4.16578900512832E-05,0.00010067088498,0.002770042976,
51.54,0.119999999999997,93,93,2,92,0,12.6204013320109,-34.7726072574654,3.84559539270413E-05,9.465041647E-05,-0.002069181668,
51.541,0.121000000000002,93,93,2,92,0,12.620507354381,-34.783331654087,3.47687111741379E-05,9.585934552E-05,-0.003074289704,
51.542,0.122,93,93,2,92,0,12.6206238634459,-34.7585236591886,3.07175829021844E-05,0.00010498454836,0.001414991919,
51.543,0.122999999999998,93,93,2,92,0,12.6207391718629,-34.8025953028413,2.6707091649314E-05,0.00011300286209,0.00641825397,
51.544,0.124000000000002,93,93,2,92,0,12.6208483970664,-34.8831549432952,2.29013715227211E-05,0.00011384364732,0.006197121913,
51.545,0.125,93,93,2,92,0,12.6209532459582,-34.93978001275,1.92409428478868E-05,0.00010973727404,0.001509896227,
51.546,0.125999999999998,93,93,2,92.25,0,12.6210487216973,-34.9334965399006,1.59053414847676E-05,0.0001033498395,-0.003306544105,
51.547,0.127000000000002,93,93,2,92.25,0,12.6211349358662,-34.889295259132,1.28954845024509E-05,9.550921385E-05,-0.006139073495,
51.548,0.128,93,93,2,92.25,0,12.6212192038899,-34.8546222092225,9.95689346439121E-06,8.84087964E-05,-0.007182605857,
51.549,0.128999999999998,93,93,2,92.25,0,12.6213057363622,-34.7820639547837,6.94397616030074E-06,8.553120184E-05,-0.006055633043,
51.55,0.130000000000003,93,93,2,92.25,0,12.6213908633828,-34.649487352834,3.9887256093607E-06,8.543150221E-05,-0.003311072948,
51.551,0.131,93,93,2,92.25,0,12.6214708977563,-34.658352793129,1.21522081997227E-06,8.402086198E-05,-0.001326350289,
51.552,0.131999999999998,93,93,2,92.25,0,12.6215494258211,-34.7189375666051,-1.5088113514139E-06,8.111027502E-05,-0.001467342069,
51.553,0.133000000000003,93,93,2,92.25,0,12.6216321406718,-34.6937554145121,-4.37954162180176E-06,8.023599318E-05,-0.001849711405,
51.554,0.134,93,93,2,92.25,0,12.6217227308667,-34.6784290830291,-7.5217614750045E-06,8.382141819E-05,-0.000147261321,
51.555,0.134999999999998,93,93,2,92.25,0,12.6218171357148,-34.6593162102938,-1.07946711267459E-05,8.93719876E-05,0.002837056275,
51.556,0.136000000000003,93,93,2,92.25,0,12.6219090098776,-34.6648814882284,-1.39792224445046E-05,9.250124655E-05,0.004234632952,
51.557,0.137,93,93,2,92.25,0,12.621988315106,-34.7315123510473,-1.67309708700714E-05,8.886268807E-05,0.001825306859,
51.558,0.137999999999998,93,93,2,92.25,0,12.6220520778988,-34.8092966170389,-1.89480289662924E-05,7.841317804E-05,-0.003651498716,
51.559,0.139000000000003,93,93,2,92.25,0,12.6221091271114,-34.8133022396744,-2.09339861925173E-05,6.641144942E-05,-0.008871890142,
51.56,0.140000000000001,93,93,2,92.25,0,12.622163455659,-34.7374947985937,-2.28232830892239E-05,5.824708716E-05,-0.010384853135,
51.561,0.140999999999998,93,93,2,92.25,0,12.6222102088151,-34.6843601287081,-2.44461284921726E-05,5.287212965E-05,-0.008478750743,
51.562,0.141999999999996,93,93,2,92.25,0,12.6222405459926,-34.6782219711946,-2.54982609817489E-05,4.410097997E-05,-0.007230636586,
51.563,0.143000000000001,93,93,2,92.25,0,12.6222527119944,-34.6801313345802,-2.59201679000398E-05,2.981061837E-05,-0.009408055605,
51.564,0.143999999999998,93,93,2,92.25,0,12.6222595442182,-34.6932709951553,-2.6157155204487E-05,1.601722111E-05,-0.012485508722,
51.565,0.144999999999996,93,93,2,92.25,0,12.622282843835,-34.6795740047078,-2.6965335564455E-05,1.33725751E-05,-0.010597861187,
51.566,0.146000000000001,93,93,2,92.25,0,12.6223248142529,-34.691955358421,-2.84211116081678E-05,2.396063923E-05,-0.002019458343,
51.567,0.146999999999998,93,93,2,92.25,0,12.6223749441299,-34.800168017988,-3.01629274019888E-05,3.88170153E-05,0.00789874467,
51.568,0.147999999999996,93,93,2,92.25,0,12.622426211596,-34.9150972658591,-3.19499899035236E-05,4.8023316E-05,0.011880859877,
51.569,0.149000000000001,93,93,2,92.25,0,12.6224773718326,-34.9150778354238,-3.37362540392405E-05,5.089402052E-05,0.009000644457,
51.57,0.149999999999999,93,93,2,92.25,0,12.6225227491954,-34.9585819849124,-3.53215952486607E-05,4.945754331E-05,0.003479228855,
51.571,0.150999999999996,93,93,2,92.25,0,12.6225598337212,-35.1202820992036,-3.66210159654656E-05,4.462437384E-05,-0.001163330369,
51.572,0.152000000000001,93,93,2,92.25,0,12.6225933088043,-35.2727108906342,-3.77992216158418E-05,3.848954409E-05,-0.004204659876,
51.573,0.152999999999999,93,93,2,92.25,0,12.6226339774422,-35.2764815207656,-3.9233791397919E-05,3.671598235E-05,-0.004435951263,
51.574,0.153999999999996,93,93,2,92.25,0,12.6226840042348,-35.1519598590406,-4.09954459144046E-05,4.131801787E-05,-0.001169262965,
51.575,0.155000000000001,93,93,2,92.25,0,12.6227351366423,-35.0147895224253,-4.27893433254667E-05,4.755103066E-05,0.003178649523,
51.576,0.155999999999999,93,93,2,92.25,0,12.6227870397221,-35.0243811942052,-4.46069676627303E-05,5.103192472E-05,0.00491808399,
51.577,0.156999999999996,93,93,2,92.25,0,12.6228438223888,-35.1006537631918,-4.65979109094405E-05,5.313575418E-05,0.003893410299,
51.578,0.158000000000001,93,93,2,92.25,0,12.6229086527832,-35.1236000806517,-4.88742439443968E-05,5.773310894E-05,0.00326500643,
51.579,0.158999999999999,93,93,2,92.25,0,12.6229791495467,-35.1640154927629,-5.13517686471232E-05,6.411598682E-05,0.004384954106,
51.58,0.159999999999997,93,93,2,92.25,0,12.6230574782316,-35.209155612074,-5.41078876210577E-05,7.114642919E-05,0.006041490291,
51.581,0.161000000000001,93,93,2,92.25,0,12.6231575490896,-35.2914600307898,-5.76354161694326E-05,8.250176041E-05,0.008133639678,
51.582,0.161999999999999,93,93,2,92.25,0,12.6232897440298,-35.2878795722656,-6.23005319653203E-05,0.00010318543073,0.012856366295,
51.583,0.162999999999997,93,93,2,92.25,0,12.6234518696134,-35.1952656617137,-6.8014092491353E-05,0.00013153690856,0.020185510843,
51.584,0.164000000000001,93,93,2,92.25,0,12.623633255428,-35.1019891706604,-7.4389554910681E-05,0.00015892445988,0.025761957624,
51.585,0.164999999999999,93,93,2,92.25,0,12.6238235316456,-35.0742166025272,-8.1065986407225E-05,0.0001782748662,0.025265585773,
51.586,0.165999999999997,93,93,2,92.25,0,12.6240158633831,-35.1024319074184,-8.78145847735823E-05,0.00018822575267,0.018941693865,
51.587,0.167000000000002,93,93,2,92.25,0,12.6242097819364,-35.0373892331988,-9.46152910898945E-05,0.00019219112627,0.010975088564,
51.588,0.167999999999999,93,93,2,92.25,0,12.6244036666873,-35.000814473867,-0.000101404960929585,0.00019343236787,0.004943787861,
51.589,0.168999999999997,93,93,2,92.25,0,12.6246014079631,-34.9751558067409,-0.000108323529744325,0.0001950518491,0.002171953089,
51.59,0.170000000000002,93,93,2,92.25,0,12.6248026237526,-34.8756733619033,-0.000115351074612136,0.00019762667243,0.001792611971,
51.591,0.170999999999999,93,93,2,92.25,0,12.6249999360191,-34.8026836727654,-0.000122225271880438,0.00019900237846,0.00192848551,
51.592,0.171999999999997,93,93,2,92.25,0,12.625189562489,-34.7704051851992,-0.000128821721503414,0.00019617758442,0.000475291199,
51.593,0.173000000000002,93,93,2,92.25,0,12.6253664390939,-34.7907891536204,-0.00013497359545056,0.00018810724938,-0.003138306319,
51.594,0.173999999999999,93,93,2,92.25,0,12.6255302790799,-34.8154687301387,-0.000140675739615403,0.00017679057873,-0.007470573423,
51.595,0.174999999999997,93,93,2,92.25,0,12.6256811643818,-34.9196012534675,-0.00014593673816421,0.00016386456644,-0.010825572459,
51.596,0.176000000000002,93,93,2,92.25,0,12.6258190034507,-34.9575460583656,-0.000150752638631957,0.00015085783723,-0.012467424874,
51.597,0.177,93,93,2,92.25,0,12.6259490231235,-34.8709203559366,-0.000155292175804789,0.00013940711997,-0.012515710549,
51.598,0.177999999999997,93,93,2,92.25,0,12.6260767323093,-34.8230222145424,-0.000159742454130196,0.00013167234553,-0.010802737999,
51.599,0.179000000000002,93,93,2,92.25,0,12.6262049585259,-34.8049182090411,-0.000164206517808907,0.00012855744114,-0.007463596271,
51.6,0.18,93,93,2,92.25,0,12.6263310139694,-34.7921018620772,-0.000168593059427735,0.00012741987543,-0.003907663801,
51.601,0.180999999999997,93,93,2,92.25,0,12.6264502043587,-34.7939607663984,-0.000172740054381393,0.00012464715917,-0.002221312479,
51.602,0.182000000000002,93,93,2,92.25,0,12.6265570021314,-34.8915655264407,-0.000176461183883703,0.00011753212058,-0.003584867794,
51.603,0.183,93,93,2,92.25,0,12.6266499886525,-34.9346803289848,-0.000179707633719772,0.0001063721822,-0.007025811828,
51.604,0.183999999999997,93,93,2,92.25,0,12.6267304398168,-34.9325021072152,-0.000182518081800254,9.336928954E-05,-0.010499354727,
51.605,0.185000000000002,93,93,2,92.25,0,12.6268032832855,-34.8689770823171,-0.00018506037272914,8.192946266E-05,-0.011981086642,
51.606,0.186,93,93,2,92.25,0,12.6268758918795,-34.8419042439667,-0.000187591177265745,7.505531497E-05,-0.010539042857,
51.607,0.186999999999998,93,93,2,92.25,0,12.6269473673061,-34.8120703095902,-0.000190080451034191,7.233910619E-05,-0.006996469774,
51.608,0.188000000000002,93,93,2,92.25,0,12.6269962121853,-34.75024925372,-0.000191779332581632,6.50262126E-05,-0.005342595896,
51.609,0.189,93,93,2,92.25,0,12.6269921300162,-34.6433780694546,-0.000191637694328506,3.975592893E-05,-0.011321105171,
51.61,0.189999999999998,93,93,2,92.25,0,12.6269087505826,-34.5286566834775,-0.000188753931794849,-1.199323396E-05,-0.027826730412,
51.611,0.191000000000003,93,93,2,92.25,0,12.6267169610767,-34.4072922838606,-0.00018214333600497,-9.211327594E-05,-0.052316762851,
51.612,0.192,93,93,2,92.25,0,12.626352772571,-34.2176285900171,-0.000169647132310047,-0.00021098618415,-0.083234638122,
51.613,0.192999999999998,93,93,2,92.25,0,12.6256842907378,-33.8851473519405,-0.000146884398048996,-0.00040375680401,-0.129416361836,
51.614,0.194000000000003,93,93,2,92.25,0,12.6245212973885,-33.5610672292022,-0.000107664648552941,-0.00072554728978,-0.209307266138,
51.615,0.195,93,93,2,92.25,0,12.6226267316685,-33.3086447480853,-4.43201165438722E-05,-0.00123411160568,-0.339116675036,
51.616,0.195999999999998,93,93,2,92.25,0,12.6197377393982,-32.7770290009277,5.11403837748503E-05,-0.00197342197388,-0.521755982551,
51.617,0.197000000000003,93,93,2,92.25,0,12.6155591404297,-32.0175492081478,0.000186515662605302,-0.00297754631467,-0.749530744287,
51.618,0.198,93,93,2,92.25,0,12.6097596649427,-31.2612394148633,0.000370007554337803,-0.00427797991459,-1.013572926752,
51.619,0.198999999999998,93,93,2,92.25,0,12.6019797712591,-30.5897569977291,0.000610604642488966,-0.00590733799043,-1.310218164957,
51.62,0.200000000000003,93,93,2,92.25,0,12.5918489188719,-30.0040945958219,0.000917538325523992,-0.0078910558357,-1.636988663893,
51.621,0.201000000000001,93,93,2,92.25,0,12.5789758474687,-29.502350686245,0.00130055368505566,-0.01024823048092,-1.989446954426,
51.622,0.201999999999998,93,93,2,92.25,0,12.5629519720233,-29.051029441624,0.00176967972009834,-0.01299564691106,-2.362210140711,
51.623,0.202999999999996,93,93,2,92.25,0,12.5433486164643,-28.545130707451,0.00233421872322026,-0.01615247826685,-2.753168372359,
51.624,0.204000000000001,93,93,2,92.25,0,12.5197218612058,-28.1741150315149,0.00300426459197922,-0.01973653143478,-3.162173421737,
51.625,0.204999999999998,93,93,2,92.25,0,12.4916275580926,-27.9223445319088,0.00379226006126032,-0.02375999970505,-3.58771115499,
51.626,0.205999999999996,93,93,2,92.25,0,12.4586290288691,-27.7340116261858,0.00471054900883416,-0.02822530658985,-4.024195323927,
51.627,0.207000000000001,93,93,2,92.25,0,12.4202928256548,-27.6756145310629,0.0057726463530372,-0.03312856358765,-4.464140334341,
51.628,0.207999999999998,93,93,2,92.25,0,12.3761788894589,-27.9730943348162,0.00700008814918363,-0.03846822091154,-4.902792061727,
51.629,0.208999999999996,93,93,2,92.25,0,12.3258568279824,-28.6630108529412,0.00842511093270559,-0.0442430538856,-5.339289921114,
51.63,0.210000000000001,93,93,2,92.25,0,12.2689376752185,-29.6185583284382,0.0100837797024838,-0.05043875127854,-5.770539604673,
51.631,0.210999999999999,93,93,2,92.25,0,12.2050753353697,-30.7523049090834,0.012011491994997,-0.05702298150315,-6.185997916777,
51.632,0.211999999999996,93,93,2,92.25,0,12.1339547725785,-32.1474059775675,0.0142482234138299,-0.06395685060605,-6.572562038596,
51.633,0.213000000000001,93,93,2,92.25,0,12.0552710762221,-33.712139786153,0.0168392596643514,-0.07121203597804,-6.92537232014,
51.634,0.213999999999999,93,93,2,92.25,0,11.9687165627619,-35.3373479038376,0.0198275320701953,-0.07877600141798,-7.251424511648,
51.635,0.214999999999996,93,93,2,92.25,0,11.8739691432517,-37.0748182672144,0.0232579650131157,-0.08665114014406,-7.564683405397,
51.636,0.216000000000001,93,93,2,92.25,0,11.77067768808,-39.0279952145936,0.0271883501867194,-0.09485275839365,-7.879730597291,
51.637,0.216999999999999,93,93,2,92.25,0,11.6584658214448,-41.2041287196897,0.0316898483821006,-0.1034043679123,-8.208671773255,
51.638,0.217999999999996,93,93,2,92.25,0,11.536952627886,-43.6966902559243,0.0368481332068455,-0.11232614127323,-8.557661290616,
51.639,0.219000000000001,93,93,2,92.25,0,11.4057902592789,-46.5922092976734,0.0427693861690273,-0.12161754799621,-8.921614216861,
51.64,0.219999999999999,93,93,2,92.25,0,11.2646676201475,-49.727534025791,0.0495658343581624,-0.1312556972499,-9.284539473578,
51.641,0.220999999999997,93,93,2,92.25,0,11.1133005476669,-53.0356777474716,0.0573433176205782,-0.14120788797887,-9.628338937061,
51.642,0.222000000000001,93,93,2,92.25,0,10.9513953265246,-56.7573244101447,0.0662313477676832,-0.15145518707435,-9.946510796339,
51.643,0.222999999999999,93,93,2,92.25,0,10.7786747937049,-60.952217416519,0.0763967751588126,-0.16198837004701,-10.244531748681,
51.644,0.223999999999997,93,93,2,92.25,0,10.5949102127073,-65.459352360237,0.0880117597354513,-0.17278915376985,-10.52769803456,
51.645,0.225000000000001,93,93,2,92.25,0,10.3999302702761,-70.4065525146539,0.101257322890888,-0.18381597497431,-10.788314742272,
51.646,0.225999999999999,93,93,2,92.25,0,10.1936063039582,-75.7453844047605,0.116334646546022,-0.19501854116713,-11.011733456482,
51.647,0.226999999999997,93,93,2,92.25,0,9.97583360191427,-81.5841187480315,0.133465682052432,-0.206355379869699,-11.1901244492367,
51.648,0.228000000000002,93,93,2,92.25,0,9.74655907344825,-87.8746022647056,0.15289196622976,-0.217788629252748,-11.3254801537883,
51.649,0.228999999999999,93,93,2,92.25,0,9.50579295251085,-94.7146930268623,0.174872624405779,-0.229271458280807,-11.419200072408,
51.65,0.229999999999997,93,93,2,92.25,0,9.25360225585592,-102.087643745623,0.199688483612761,-0.240746015911245,-11.4654737152697,
51.651,0.231000000000002,93,93,2,92.25,0,8.99011995165099,-109.925056574084,0.227619281013233,-0.252150806204671,-11.4561088486207,
51.652,0.231999999999999,93,93,2,92.25,0,8.71551041537919,-118.024328066298,0.258917818417999,-0.263432991559991,-11.3889390130978,
51.653,0.232999999999997,93,93,2,92.25,0,8.42994218616186,-126.330130102059,0.293807753378246,-0.274558974535398,-11.2721061227779,
51.654,0.234000000000002,93,93,2,92.25,0,8.13358575508486,-135.029425796144,0.332535545985181,-0.285517081891572,-11.122481003611,
51.655,0.234999999999999,93,93,2,92.25,0,7.82655705626889,-144.384238043655,0.375429552805244,-0.29632165084079,-10.9624085198571,
51.656,0.235999999999997,93,93,2,92.25,0,7.50883154831697,-153.319483107991,0.422723585816286,-0.307036061235064,-10.8235829048216,
51.657,0.237000000000002,93,93,2,92.25,0,7.18028551845432,-163.048610450422,0.474694326373196,-0.317762621784354,-10.745103007262,
51.658,0.238,93,93,2,92.25,0,6.84074490979484,-174.179383828473,0.531945625590438,-0.32859824692848,-10.755634881236,
51.659,0.238999999999997,93,93,2,92.25,0,6.49008570121394,-184.142141340015,0.594769996806974,-0.339577814996857,-10.8460886429505,
51.66,0.240000000000002,93,93,2,92.25,0,6.12837708931348,-194.483770061747,0.663246123228319,-0.350638449600342,-10.9607051516341,
51.661,0.241,93,93,2,92.25,0,5.75586802278795,-205.823689975438,0.737805202359141,-0.361633927292113,-11.0167675694384,
51.662,0.241999999999997,93,93,2,92.25,0,5.37293340981904,-218.17341991817,0.818986786947661,-0.372396594071023,-10.9451814914269,
51.663,0.243000000000002,93,93,2,92.25,0,4.98006959890667,-230.081496533211,0.907038354316313,-0.382785708418934,-10.7204443234686,
51.664,0.244,93,93,2,92.25,0,4.57788824875389,-243.376135945872,1.0022462692516,-0.392680313301455,-10.3528272375937,
51.665,0.244999999999997,93,93,2,92.25,0,4.16707281519716,-258.538629312324,1.10534343520064,-0.401976313401842,-9.8633762874978,
51.666,0.246000000000002,93,93,2,92.25,0,3.74830575650236,-274.051023102001,1.21685893631705,-0.410610696076966,-9.2770963074483,
51.667,0.247,93,93,2,92.25,0,3.322228471611,-289.042822696595,1.3368196847955,-0.418574639012347,-8.63173598078,
51.668,0.247999999999998,93,93,2,92.25,0,2.88949598593355,-304.821732256509,1.46531192730579,-0.425880777268219,-7.9677334534512,
51.669,0.249000000000002,93,93,2,92.25,0,2.45082850856538,-322.439603180938,1.60289150113925,-0.432516422948839,-7.3023318871491,
51.67,0.25,93,93,2,92.25,0,2.00699537054594,-339.273799763651,1.74973666918847,-0.438436678056335,-6.6221762812584,
51.671,0.250999999999998,93,93,2,92.5,0,1.55869385751138,-355.345719091147,1.90543615983144,-0.443623952328595,-5.9149780288624,
51.672,0.252000000000002,93,93,2,92.5,0,1.1065987654835,-371.677099777976,2.06977788393294,-0.44809907422802,-5.1935228109803,
51.673,0.253,93,93,2,92.5,0,0.651450531673482,-389.440351561666,2.24298851578256,-0.451872960864525,-4.4783970323995,
51.674,0.253999999999998,93,93,2,92.5,0,0.193967865847174,-408.261149314716,2.42545582035984,-0.454932620880264,-3.7699892291512,
51.675,0.255000000000003,93,93,2,92.5,0,-0.265205452138547,-428.193722609473,2.61749469980322,-0.457289531869245,-3.0631032939414,
51.676,0.256,93,93,2,92.5,0,-0.725330155403333,-449.721803532085,2.81947001028193,-0.458951537921617,-2.3592642160257,
51.677,0.256999999999998,93,93,2,92.5,0,-1.18528425633963,-473.888190693587,3.03187911253686,-0.45978810698252,-1.622846435914,
51.678,0.258000000000003,93,93,2,92.5,0,-1.64370784217165,-496.595968723829,3.25432552671352,-0.459546127103561,-0.7606354763851,
51.679,0.259,93,93,2,92.5,0,-2.09933702970281,-518.094045341294,3.48548672006575,-0.458044420873045,0.2963331024675,
51.68,0.259999999999998,93,93,2,92.5,0,-2.55119795179632,-539.688594268188,3.72447203951998,-0.455337027390123,1.4854945007707,
51.681,0.261000000000003,93,93,2,92.5,0,-2.9985711294213,-562.656106412384,3.97105176531075,-0.451645078384246,2.6410539640867,
51.682,0.262,93,93,2,92.5,0,-3.44077890996549,-587.649748716035,4.2253888648824,-0.447169881841302,3.6315566101106,
51.683,0.262999999999998,93,93,2,92.5,0,-3.8770373314971,-613.24215879767,4.48733846888342,-0.441972591964653,4.4568502819354,
51.684,0.264000000000003,93,93,2,92.5,0,-4.30643051328002,-639.787651446599,4.75635969742824,-0.435983657310777,5.2181553097056,
51.685,0.265000000000001,93,93,2,92.5,0,-4.72796826557527,-666.934295524744,5.03177601362883,-0.429096124861226,6.0210205594104,
51.686,0.265999999999998,93,93,2,92.5,0,-5.14060366130207,-695.564822990295,5.31288369510176,-0.421223674171016,6.9134285830462,
51.687,0.266999999999996,93,93,2,92.5,0,-5.5432909725599,-724.94928999162,5.598895199482,-0.412321677356644,7.8858390552609,
51.688,0.268000000000001,93,93,2,92.5,0,-5.93495687075182,-754.937526843612,5.88870579915108,-0.402365312678748,8.9094433361806,
51.689,0.268999999999998,93,93,2,92.5,0,-6.31449799522063,-786.088471533657,6.18114716928098,-0.39133488999476,9.9622717206664,
51.69,0.269999999999996,93,93,2,92.5,0,-6.68081497723092,-817.847201029395,6.47492160673694,-0.379211313848187,11.0361513209359,
51.691,0.271000000000001,93,93,2,92.5,0,-7.03279945692948,-850.393670441882,6.76851905431529,-0.365984474054327,12.1266092019836,
51.692,0.271999999999998,93,93,2,92.5,0,-7.36933263055713,-882.921124903056,7.06017801880189,-0.351648838570806,13.2284994065722,
51.693,0.272999999999996,93,93,2,92.5,0,-7.68934905077246,-915.656446973125,7.34796519681758,-0.336213539425227,14.3328958752401,
51.694,0.274000000000001,93,93,2,92.5,0,-7.99182210839322,-948.269337414889,7.62985886240858,-0.319708437460655,15.4263408926595,
51.695,0.274999999999999,93,93,2,92.5,0,-8.27570418052771,-980.638121032356,7.90364998553842,-0.30215877075325,16.497530541724,
51.696,0.275999999999996,93,93,2,92.5,0,-8.53987923687318,-1012.42852815653,8.16690923271329,-0.283547263043665,17.5548495852091,
51.697,0.277000000000001,93,93,2,92.5,0,-8.78321678257358,-1043.10596692845,8.41700359228155,-0.263835907888655,18.6229096425585,
51.698,0.277999999999999,93,93,2,92.5,0,-9.00463582806248,-1072.6609727795,8.6512391404151,-0.243013248830471,19.7147920923347,
51.699,0.278999999999996,93,93,2,92.5,0,-9.20304405939723,-1100.66845910195,8.86684236475877,-0.221091351306105,20.8190394270864,
51.7,0.280000000000001,93,93,2,92.5,0,-9.37733586896512,-1126.48963668206,9.06093007211275,-0.198076549050937,21.919997403752,
51.701,0.280999999999999,93,93,2,92.5,0,-9.52649800458038,-1149.35992720772,9.23066536275718,-0.173987833912159,23.0091047010104,
51.702,0.281999999999996,93,93,2,92.5,0,-9.64972297276562,-1168.54867581125,9.37347746968884,-0.148919887572043,24.0603106340964,
51.703,0.283000000000001,93,93,2,92.5,0,-9.74635257861686,-1183.81217847416,9.48713132077359,-0.123027509714046,25.0215064350789,
51.704,0.283999999999999,93,93,2,92.5,0,-9.81583055600157,-1194.46938579672,9.56975041714202,-0.096462726011481,25.8467701560031,
51.705,0.284999999999997,93,93,2,92.5,0,-9.85775443426496,-1200.22981454003,9.61994795601819,-0.069357236188273,26.5252737853875,
51.706,0.286000000000001,93,93,2,92.5,0,-9.87195945890129,-1200.45118271003,9.63699882237314,-0.041874451911668,27.0564663230342,
51.707,0.286999999999999,93,93,2,92.5,0,-9.85857720627348,-1195.41683111745,9.62096776686117,-0.014244497545206,27.413746967543,
51.708,0.287999999999997,93,93,2,92.5,0,-9.81798581254993,-1185.67125048185,9.57264192495585,0.01326881177729,27.5508098263151,
51.709,0.289000000000001,93,93,2,92.5,0,-9.75072536065633,-1170.98102872069,9.49338717632823,0.040429368845843,27.4424771595029,
51.71,0.289999999999999,93,93,2,92.5,0,-9.65746419896183,-1151.65822735384,9.38508115871885,0.067059947382855,27.1073891852736,
51.711,0.290999999999997,93,93,2,92.5,0,-9.53901685239606,-1128.11491819326,9.25006461878787,0.093016804215611,26.5874555851975,
51.712,0.292000000000002,93,93,2,92.5,0,-9.39633225480725,-1101.34126695768,9.09101008947781,0.118162666411301,25.915674952913,
51.713,0.292999999999999,93,93,2,92.5,0,-9.23045354890179,-1072.08019614911,8.91074791963415,0.142371654776893,25.1080984377804,
51.714,0.293999999999997,93,93,2,92.5,0,-9.04248041646176,-1041.37179394229,8.7121118242146,0.165548801370836,24.1804979831267,
51.715,0.295000000000002,93,93,2,92.5,0,-8.83361459013721,-1008.38986120027,8.49804924327974,0.187612612645015,23.1526985295085,
51.716,0.295999999999999,93,93,2,92.5,0,-8.60514140426309,-973.934096841729,8.27159530821552,0.208480226024065,22.0389525015695,
51.717,0.296999999999997,93,93,2,92.5,0,-8.35833237931785,-938.770037166622,8.03555898705386,0.228091729730582,20.8496398458288,
51.718,0.298000000000002,93,93,2,92.5,0,-8.0944819473059,-903.625307440037,7.79250058324821,0.246420695343916,19.603575180322,
51.719,0.298999999999999,93,93,2,92.5,0,-7.81497044723901,-869.126924099512,7.54474826550594,0.26343633030842,18.3197278466399,
51.72,0.299999999999997,93,93,2,92.5,0,-7.52122077262759,-834.826135095195,7.29448043716015,0.27908463201377,16.9994341814068,
51.721,0.301000000000002,93,93,2,92.5,0,-7.21460202900985,-801.059687575877,7.04368380933542,0.293338942949957,15.6403044523473,
51.722,0.302,93,93,2,92.5,0,-6.89637900237333,-767.715160836457,6.7940736691489,0.306239307821478,14.2663243475361,
51.723,0.302999999999997,93,93,2,92.5,0,-6.56778279677433,-735.416081171325,6.54711205782837,0.31785369541963,12.9207555089101,
51.724,0.304000000000002,93,93,2,92.5,0,-6.2300978694583,-704.30075981063,6.30402671942704,0.328210868425365,11.6230164024376,
51.725,0.305,93,93,2,92.5,0,-5.88458966073534,-674.334187623729,6.06586187384158,0.337305295223,10.3555135210301,
51.726,0.305999999999997,93,93,2,92.5,0,-5.53245051086908,-645.708098660223,5.83344258960182,0.345150506643871,9.0984860470358,
51.727,0.307000000000002,93,93,2,92.5,0,-5.17483525127213,-618.792384677125,5.60734025529725,0.351792700442477,7.8590707472207,
51.728,0.308,93,93,2,92.5,0,-4.81284619627602,-593.641721044222,5.38789631720968,0.357284565297491,6.6580004022079,
51.729,0.308999999999998,93,93,2,92.5,0,-4.44743241684147,-569.432456275316,5.17539465176115,0.361704333707894,5.5153346047083,
51.73,0.310000000000002,93,93,2,92.5,0,-4.07943158852245,-546.135294582,4.97012972358041,0.365162476768359,4.4529097388049,
51.731,0.311,93,93,2,92.5,0,-3.70960956039106,-523.84144034213,4.77227924049889,0.36777107359739,3.4917667960162,
51.732,0.311999999999998,93,93,2,92.5,0,-3.3386988236936,-503.760847232512,4.58170487974074,0.3696022807575,2.6302437977849,
51.733,0.313000000000002,93,93,2,92.5,0,-2.96727682065034,-484.513513380357,4.39817145845318,0.370737504031379,1.855628894917,
51.734,0.314,93,93,2,92.5,0,-2.59568520892752,-464.570093158199,4.22183570494649,0.371319505743388,1.1780519711873,
51.735,0.314999999999998,93,93,2,92.5,0,-2.22417108423816,-445.171480934564,4.05284478265018,0.371517483008914,0.6327608466251,
51.736,0.316000000000003,93,93,2,92.5,0,-1.85308184644802,-427.482359574885,3.89092855838554,0.371409904729632,0.2215179360285,
51.737,0.317,93,93,2,92.5,0,-1.48294273133972,-410.828522609979,3.73578273432676,0.370931667055354,-0.1271094343384,
51.738,0.317999999999998,93,93,2,92.5,0,-1.11434057437424,-394.482611738217,3.58736302375223,0.369963064470006,-0.5141493291002,
51.739,0.319000000000003,93,93,2,92.5,0,-0.747832455915335,-378.389571165069,3.44573105896967,0.368435032856353,-0.9893218205182,
51.74,0.32,93,93,2,92.5,0,-0.383988541396826,-362.508309215058,3.31094546644168,0.366337068828759,-1.5311826293437,
51.741,0.320999999999998,93,93,2,92.5,0,-0.02335517144351,-347.788661291201,3.18286707137104,0.36368001233107,-2.0947120444403,
51.742,0.322000000000003,93,93,2,92.5,0,0.333726483233077,-334.559883691474,3.06103999761675,0.360531018739855,-2.6369098847186,
51.743,0.323,93,93,2,92.5,0,0.687155226097075,-322.519262260219,2.94492466935881,0.357051295715829,-3.1006312930005,
51.744,0.323999999999998,93,93,2,92.5,0,1.03694661733185,-310.625874670544,2.83419031020854,0.353433410919008,-3.4219527260212,
51.745,0.325000000000003,93,93,2,92.5,0,1.38306845009059,-299.077330636083,2.72867451477873,0.349781729180731,-3.5865753474193,
51.746,0.326000000000001,93,93,2,92.5,0,1.72536649266444,-287.8187844623,2.62822781908254,0.346075563246084,-3.6578879147512,
51.747,0.326999999999998,93,93,2,92.5,0,2.06365422450091,-276.831983001377,2.53272060538004,0.342242086408103,-3.7280139467362,
51.748,0.327999999999996,93,93,2,92.5,0,2.39776349905878,-265.981803771736,2.44204104512065,0.338237287874104,-3.8466800757862,
51.749,0.329000000000001,93,93,2,92.5,0,2.72745680299589,-255.055245176475,2.35614983204995,0.334038020555222,-4.0117426606585,
51.75,0.329999999999998,93,93,2,92.5,0,3.05241342998364,-244.499912228808,2.27498295257757,0.32959709203853,-4.2134250427601,
51.751,0.330999999999996,93,93,2,92.5,0,3.37229464450705,-234.405565256219,2.19838651968766,0.324855006333256,-4.4587773139236,
51.752,0.332000000000001,93,93,2,92.5,0,3.68676417028814,-224.904452912477,2.12616701788765,0.319780331640016,-4.7515152450892,
51.753,0.332999999999998,93,93,2,92.5,0,3.99554188362099,-215.934327760925,2.05810642256526,0.314385488669314,-5.0709484800888,
51.754,0.333999999999996,93,93,2,92.5,0,4.29837548166293,-207.247994858333,1.99402950987199,0.308702022480049,-5.3853794530323,
51.755,0.335000000000001,93,93,2,92.5,0,4.59508169244824,-198.857696135358,1.93378246949545,0.302778616452224,-5.6688611752641,
51.756,0.335999999999999,93,93,2,92.5,0,4.88556697520217,-190.884325695754,1.87717530878911,0.296678148552888,-5.9045426377103,
51.757,0.336999999999996,93,93,2,92.5,0,5.16978392235867,-183.416745166458,1.82398395495018,0.290471060484116,-6.0793353887135,
51.758,0.338000000000001,93,93,2,92.5,0,5.44777165363194,-176.126910756985,1.77400959234825,0.284228683070759,-6.1856888213167,
51.759,0.338999999999999,93,93,2,92.5,0,5.71964531442756,-168.975647125532,1.72709744446752,0.278022274894941,-6.2209998387198,
51.76,0.339999999999996,93,93,2,92.5,0,5.98551916153385,-161.970831308003,1.68310243776382,0.271907937832116,-6.1895776131818,
51.761,0.341000000000001,93,93,2,92.5,0,6.24546585889504,-155.301631354892,1.64186547334738,0.265895646289559,-6.1113447406425,
51.762,0.341999999999999,93,93,2,92.5,0,6.49951411798356,-148.983976363937,1.60321385889405,0.259955310802919,-6.0213183818623,
51.763,0.342999999999996,93,93,2,92.5,0,6.74769739042279,-142.920556831686,1.56699094774989,0.254058294575534,-5.9489265256386,
51.764,0.344000000000001,93,93,2,92.5,0,6.99006718955176,-137.164753795115,1.53304883751208,0.248198726440939,-5.8987775773245,
51.765,0.344999999999999,93,93,2,92.5,0,7.22667595530601,-131.608127221699,1.50125182768929,0.242385531109632,-5.8568907214456,
51.766,0.345999999999997,93,93,2,92.5,0,7.45758556019981,-126.059984267397,1.47150280678045,0.236627327508531,-5.8106096532316,
51.767,0.347000000000001,93,93,2,92.5,0,7.68284116868728,-120.674238344948,1.44371367305584,0.230923154230036,-5.758492023381,
51.768,0.347999999999999,93,93,2,92.5,0,7.90243795644269,-115.16871911245,1.41781849511965,0.225254161189751,-5.7098283038138,
51.769,0.348999999999997,93,93,2,92.5,0,8.11631333346297,-109.649171528969,1.39377698955873,0.219578010754489,-5.6816943302411,
51.77,0.350000000000001,93,93,2,92.5,0,8.32433303399587,-104.210976425902,1.37153342759198,0.213835097294605,-5.6940321241555,
51.771,0.350999999999999,93,93,2,92.5,0,8.5263559809386,-99.0057413636724,1.35100620749404,0.207977377402063,-5.7573264822948,
51.772,0.351999999999997,93,93,2,92.5,0,8.72228126744167,-93.9880827452273,1.3321000223531,0.20199267488788,-5.8613727492369,
51.773,0.353000000000002,93,93,2,92.5,0,8.91205603101492,-89.3103243922114,1.31470731641417,0.195909427756021,-5.9761711129935,
51.774,0.353999999999999,93,93,2,92.5,0,9.09564635091966,-84.9839696087669,1.29870794381756,0.189764587351644,-6.0721617283116,
51.775,0.354999999999997,93,93,2,92.5,0,9.27304438791525,-80.9427524706829,1.28399040642655,0.183587968132551,-6.1358960670364,
51.776,0.356000000000002,93,93,2,92.5,0,9.44426171894592,-77.2012351300345,1.27045191068878,0.177401510078859,-6.1700372250579,
51.777,0.356999999999999,93,93,2,92.5,0,9.6093401709134,-73.7237841125115,1.25799467641892,0.171229879101189,-6.1790582805057,
51.778,0.357999999999997,93,93,2,92.5,0,9.76835941385204,-70.5289703861632,1.24652519451283,0.165102352977785,-6.1628476441968,
51.779,0.359000000000002,93,93,2,92.5,0,9.92144793095776,-67.4969068073948,1.23596010608193,0.159057787897416,-6.1158692667733,
51.78,0.359999999999999,93,93,2,92.5,0,10.0687560957784,-64.8349113770893,1.22621332743987,0.153133629170072,-6.033331487372,
51.781,0.360999999999997,93,93,2,92.5,0,10.2104359523088,-62.4394988172927,1.2171972173517,0.147353778019092,-5.9169883603423,
51.782,0.362000000000002,93,93,2,92.5,0,10.3466576324099,-60.0239656832234,1.20885612790906,0.141730896088682,-5.7760526577182,
51.783,0.363,93,93,2,92.5,0,10.4776438069429,-57.6666058316799,1.20114820903839,0.13628848135946,-5.6158325362246,
51.784,0.363999999999997,93,93,2,92.5,0,10.6036595745548,-55.4743143410289,1.19401943908645,0.1310657041271,-5.4306636405198,
51.785,0.365000000000002,93,93,2,92.5,0,10.724934806427,-53.3551255006388,1.18742028131078,0.12608472896632,-5.2161278599446,
51.786,0.366,93,93,2,92.5,0,10.8416245413444,-51.24692416357,1.18131728858721,0.12132174350767,-4.988118871615,
51.787,0.366999999999997,93,93,2,92.5,0,10.953865897446,-49.3405133305841,1.17567225339164,0.1167308703591,-4.776748676265,
51.788,0.368000000000002,93,93,2,92.5,0,11.0618148369436,-47.5924771423666,1.1704403466297,0.11228814476514,-4.598062575211,
51.789,0.369,93,93,2,92.5,0,11.1656251773381,-45.9525251739921,1.16558487736337,0.10799508474787,-4.442270187336,
51.79,0.369999999999997,93,93,2,92.5,0,11.2654080578594,-44.226913172405,1.16108569530238,0.10384368216347,-4.295462460416,
51.791,0.371000000000002,93,93,2,92.5,0,11.3612065150668,-42.4371940753664,1.15693455141758,0.09979579148909,-4.162846241255,
51.792,0.372,93,93,2,92.5,0,11.4530447778034,-40.7550962853722,1.15311443370767,0.09580572586033,-4.0615967337,
51.793,0.372999999999998,93,93,2,92.5,0,11.5409724969485,-39.2260165314417,1.14959815529534,0.09185315800039,-3.9961638118,
51.794,0.374000000000002,93,93,2,92.5,0,11.6250669835266,-38.1865479413359,1.14634317036332,0.08795091245245,-3.948720496986,
51.795,0.375,93,93,2,92.5,0,11.7054113460196,-36.9840045633999,1.1433234053037,0.08411941912267,-3.896116576092,
51.796,0.375999999999998,93,93,2,92.75,0,11.7820928463774,-35.495526342514,1.14054448571616,0.08037054107797,-3.827934409704,
51.797,0.377000000000002,93,93,2,92.75,0,11.8552280198211,-34.0009234934054,1.13800316825993,0.07671646092413,-3.745223262966,
51.798,0.378,93,93,2,92.75,0,11.924950937398,-32.7314249058459,1.13567678124636,0.07317539475789,-3.648615324818,
51.799,0.378999999999998,93,93,2,92.75,0,11.9913953555404,-31.6198938500471,1.13353888828064,0.06976304450659,-3.536355588038,
51.8,0.380000000000003,93,93,2,92.75,0,12.0546803656153,-30.5367966206079,1.13157209488931,0.0664801455525,-3.412129636619,
51.801,0.381,93,93,2,92.75,0,12.1149089565004,-29.4403852197306,1.12976592431555,0.06331590673821,-3.286136301313,
51.802,0.381999999999998,93,93,2,92.75,0,12.1721702707007,-28.339551804114,1.12811164675135,0.06025533363657,-3.168737142435,
51.803,0.383000000000003,93,93,2,92.75,0,12.226519564182,-27.3959748002316,1.12659705350497,0.05727789099003,-3.066733678905,
51.804,0.384,93,93,2,92.75,0,12.2779894062658,-26.5565053095784,1.12520859068933,0.05435906427776,-2.984797002789,
51.805,0.384999999999998,93,93,2,92.75,0,12.3266136684018,-25.9748121957874,1.12393144241297,0.05148000351874,-2.924481706576,
51.806,0.386000000000003,93,93,2,92.75,0,12.3724365406267,-25.4602878473101,1.12275299040439,0.04863751914701,-2.880017628808,
51.807,0.387,93,93,2,92.75,0,12.4155462065597,-24.8565412686964,1.12166841955739,0.04584932731066,-2.837169527303,
51.808,0.387999999999998,93,93,2,92.75,0,12.4560773815206,-24.2907479672549,1.12067242086796,0.04315008052894,-2.777796080575,
51.809,0.389000000000003,93,93,2,92.75,0,12.494191873591,-23.9206955275066,1.11975364352757,0.04057971738538,-2.687265206661,
51.81,0.390000000000001,93,93,2,92.75,0,12.5300538372316,-23.6792171614771,1.1189001303585,0.03816373840861,-2.562712984971,
51.811,0.390999999999998,93,93,2,92.75,0,12.5638159059217,-23.3900228076082,1.11810555290198,0.03590775368439,-2.414295951042,
51.812,0.391999999999996,93,93,2,92.75,0,12.5956191522171,-23.0361274498688,1.11736730175639,0.03380439045684,-2.258196550984,
51.813,0.393000000000001,93,93,2,92.75,0,12.6255894812333,-22.4615052201477,1.11668551224611,0.03184101783005,-2.107152496323,
51.814,0.393999999999998,93,93,2,92.75,0,12.6538176461307,-21.9365475876153,1.11605887446822,0.02999755496432,-1.9693968787,
51.815,0.394999999999996,93,93,2,92.75,0,12.6803576526073,-21.5311518980338,1.11548205795529,0.0282443666068,-1.852353441585,
51.816,0.396000000000001,93,93,2,92.75,0,12.7052348389689,-21.2526295957834,1.11494988790255,0.02654760796834,-1.763341794265,
51.817,0.396999999999998,93,93,2,92.75,0,12.7284461641676,-21.0030535105762,1.11445948270152,0.02487627404723,-1.706060138973,
51.818,0.397999999999996,93,93,2,92.75,0,12.7499816217562,-20.6231881293841,1.11401126262082,0.02320832326454,-1.677946394789,
51.819,0.399000000000001,93,93,2,92.75,0,12.7698493804752,-20.1868668646785,1.11360586045785,0.02153790821075,-1.669705005546,
51.82,0.399999999999999,93,93,2,92.75,0,12.7880637020025,-19.9490115256294,1.11324033656096,0.01987203722237,-1.668312552837,
51.821,0.400999999999996,93,93,2,92.75,0,12.8046419340432,-19.9535121748252,1.11290957991251,0.01821952583883,-1.663226326551,
51.822,0.402000000000001,93,93,2,92.75,0,12.8196142822731,-19.9071141486967,1.11261117632353,0.01658729374344,-1.650435478547,
51.823,0.402999999999999,93,93,2,92.75,0,12.8330256586368,-19.8325370820807,1.11234469461391,0.01498582181328,-1.629087832266,
51.824,0.403999999999996,93,93,2,92.75,0,12.8449595147018,-19.7671183740268,1.11210840631969,0.01343641183395,-1.59508139448,
51.825,0.405000000000001,93,93,2,92.75,0,12.8555290057366,-19.8186360566778,1.11189920568141,0.01196780264555,-1.5407883273,
51.826,0.405999999999999,93,93,2,92.75,0,12.864845660742,-19.8935293819781,1.11171421340896,0.01060294973504,-1.461722542312,
51.827,0.406999999999996,93,93,2,92.75,0,12.8730086868369,-19.9970397604807,1.11155139953054,0.00934641714107,-1.363483698915,
51.828,0.408000000000001,93,93,2,92.75,0,12.8801039929922,-20.0509753787057,1.11140932306638,0.00818879878617,-1.259354417211,
51.829,0.408999999999999,93,93,2,92.75,0,12.8862026267417,-20.0183858187605,1.11128713888712,0.00711662041544,-1.16166063137,
51.83,0.409999999999997,93,93,2,92.75,0,12.8913463617076,-20.055049162914,1.11118407532277,0.00611116583616,-1.077793228546,
51.831,0.411000000000001,93,93,2,92.75,0,12.8955527459267,-20.172915406576,1.1110994681851,0.00514899937694,-1.012485280697,
51.832,0.411999999999999,93,93,2,92.75,0,12.8988317584467,-20.5409641380936,1.11103271752472,0.00420937793341,-0.968389390531,
51.833,0.412999999999997,93,93,2,92.75,0,12.9011960313178,-20.9814966790985,1.11098363231089,0.00328280213506,-0.942471254683,
51.834,0.414000000000001,93,93,2,92.75,0,12.9026763380411,-21.4386983100004,1.11095223486096,0.00237350492143,-0.925305916488,
51.835,0.414999999999999,93,93,2,92.75,0,12.903329909335,-21.8789069912841,1.11093807928928,0.00149747593882,-0.90450031974,
51.836,0.415999999999997,93,93,2,92.75,0,12.9032605075453,-22.3860328155412,1.11093961532231,0.00068469999764,-0.867033539487,
51.837,0.417000000000002,93,93,2,92.75,0,12.9026389983066,-22.9130805595913,1.11095369223105,-1.814209932E-05,-0.798771700343,
51.838,0.417999999999999,93,93,2,92.75,0,12.90164742125,-23.1880411979566,1.11097654863836,-0.00056689734937,-0.689596196153,
51.839,0.418999999999997,93,93,2,92.75,0,12.9004026617888,-23.3660630892576,1.11100552296925,-0.00095651143261,-0.54723895408,
51.84,0.420000000000002,93,93,2,92.75,0,12.8989466228449,-23.4400256372369,1.11103959871325,-0.00123218858463,-0.403175353917,
51.841,0.420999999999999,93,93,2,92.75,0,12.8972814937996,-23.536902508524,1.11107871003701,-0.00145538212951,-0.294113149244,
51.842,0.421999999999997,93,93,2,92.75,0,12.8953990800315,-23.5766655770491,1.11112305365162,-0.00166758743172,-0.235642154221,
51.843,0.423000000000002,93,93,2,92.75,0,12.8932776300182,-23.6696909059779,1.11117316904343,-0.00188893922482,-0.218245722278,
51.844,0.423999999999999,93,93,2,92.75,0,12.8908815930336,-23.7609084487047,1.11122999177856,-0.00213211523113,-0.225155109796,
51.845,0.424999999999997,93,93,2,92.75,0,12.8881804258605,-23.887132918936,1.11129434444116,-0.00240519994976,-0.245601356043,
51.846,0.426000000000002,93,93,2,92.75,0,12.8851473599331,-24.0796150380364,1.1113670875956,-0.00270919774284,-0.273386027269,
51.847,0.427,93,93,2,92.75,0,12.8817756100618,-24.3480054388662,1.11144873050715,-0.00303510148428,-0.301295655253,
51.848,0.427999999999997,93,93,2,92.75,0,12.8780827902563,-24.7002312259643,1.11153929365705,-0.00336646566839,-0.320970089733,
51.849,0.429000000000002,93,93,2,92.75,0,12.8741058506624,-24.9570180084237,1.11163803559735,-0.00368173476176,-0.324897524087,
51.85,0.43,93,93,2,92.75,0,12.8698970149076,-25.2642031865561,1.11174372203305,-0.00396127250565,-0.309378215748,
51.851,0.430999999999997,93,93,2,92.75,0,12.8655090298828,-25.5010741071267,1.11185510067132,-0.00419301168753,-0.275917580131,
51.852,0.432000000000002,93,93,2,92.75,0,12.8609803558511,-25.7092613691164,1.11197105812954,-0.00437644694587,-0.231587573421,
51.853,0.433,93,93,2,92.75,0,12.856343283753,-25.9080171945951,1.11209073465065,-0.00451898674955,-0.185657799004,
51.854,0.433999999999998,93,93,2,92.75,0,12.8516289251976,-26.0112956681146,1.11221311777904,-0.00462773861537,-0.14467205872,
51.855,0.435000000000002,93,93,2,92.75,0,12.8468602973017,-26.1179549658684,1.11233741027841,-0.00470745342036,-0.110177128929,
51.856,0.436,93,93,2,92.75,0,12.8420467686991,-26.1859899380653,1.11246329354583,-0.00476581730576,-0.082020647362,
51.857,0.436999999999998,93,93,2,92.75,0,12.8371762763027,-26.3255977292651,1.11259117219005,-0.00481714752873,-0.062659062548,
51.858,0.438000000000002,93,93,2,92.75,0,12.8322205842444,-26.4926514531297,1.11272204767906,-0.00487896315683,-0.056585943238,
51.859,0.439,93,93,2,92.75,0,12.8271629422298,-26.6975313258408,1.11285655613065,-0.00496071714662,-0.064651515068,
51.86,0.439999999999998,93,93,2,92.75,0,12.8220062339628,-26.9473718502961,1.1129948716885,-0.00505677690343,-0.080064211389,
51.861,0.441000000000003,93,93,2,92.75,0,12.8167650927226,-27.2559247815767,1.11313691525517,-0.00515231828324,-0.091612513604,
51.862,0.442,93,93,2,92.75,0,12.8114612253186,-27.591046156706,1.11328236578585,-0.00523462919738,-0.091727753209,
51.863,0.442999999999998,93,93,2,92.75,0,12.8061231926675,-27.9191703846008,1.11343052346004,-0.00529529912899,-0.079787759082,
51.864,0.444000000000003,93,93,2,92.75,0,12.8007787036894,-28.1584161626948,1.11358037648165,-0.00532971997507,-0.05928750071,
51.865,0.445,93,93,2,92.75,0,12.7954470081261,-28.1869134298827,1.11373058455355,-0.00533871405556,-0.034667542062,
51.866,0.445999999999998,93,93,2,92.75,0,12.7901398255416,-28.3361528803219,1.11388057367012,-0.0053281796941,-0.010763577582,
51.867,0.447000000000003,93,93,2,92.75,0,12.7848715870992,-28.6038498893239,1.11403056042587,-0.00530285323551,0.009113458014,
51.868,0.448,93,93,2,92.75,0,12.7796603584658,-28.8340351409356,1.11418022140143,-0.00526281874233,0.025301239828,
51.869,0.448999999999998,93,93,2,92.75,0,12.7745197491042,-28.9088763058374,1.114328638277,-0.00520714579456,0.04031361918,
51.87,0.450000000000003,93,93,2,92.75,0,12.7694441557547,-28.98218841038,1.11447555402853,-0.00514229033951,0.053736163577,
51.871,0.451000000000001,93,93,2,92.75,0,12.7644032565258,-29.1653152244959,1.11462211188164,-0.00508468991695,0.059924193119,
51.872,0.451999999999998,93,93,2,92.75,0,12.759372546167,-29.364165303318,1.11476933431364,-0.00504825080405,0.053428539409,
51.873,0.452999999999996,93,93,2,92.75,0,12.7543574132516,-29.5256780995679,1.11491700450965,-0.00502909378681,0.0376028771,
51.874,0.454000000000001,93,93,2,92.75,0,12.7493775114912,-29.593576272603,1.11506420854911,-0.00500923680192,0.024551636233,
51.875,0.454999999999998,93,93,2,92.75,0,12.7444544593938,-29.7547992356217,1.11521029612138,-0.004973416208,0.024436077304,
51.876,0.455999999999996,93,93,2,92.75,0,12.7396037413202,-30.1067649106706,1.11535548190693,-0.00491840678916,0.036788158687,
51.877,0.457000000000001,93,93,2,92.75,0,12.7348296506432,-30.4989241028837,1.11550015043439,-0.00484943006176,0.053442963932,
51.878,0.457999999999998,93,93,2,92.75,0,12.7301426571771,-30.8650773968716,1.11564395677142,-0.00477094973271,0.067637615327,
51.879,0.458999999999996,93,93,2,92.75,0,12.7255552640813,-31.1099320945691,1.11578610863675,-0.00468324251828,0.078397314169,
51.88,0.460000000000001,93,93,2,92.75,0,12.7210748118665,-31.1536021665885,1.11592559303175,-0.00458519094259,0.088042457194,
51.881,0.460999999999999,93,93,2,92.75,0,12.7167061427277,-31.1512046497254,1.11606168757511,-0.0044789995563,0.097390210492,
51.882,0.461999999999996,93,93,2,92.75,0,12.7124452633348,-31.2469872221994,1.11619462316006,-0.00436986713783,0.104631752764,
51.883,0.463000000000001,93,93,2,92.75,0,12.7082883579022,-31.4595140352978,1.11632495565792,-0.00426202412858,0.10786328605,
51.884,0.463999999999999,93,93,2,92.75,0,12.7042297788007,-31.6595517017901,1.11645304251847,-0.00415859972136,0.106904251407,
51.885,0.464999999999996,93,93,2,92.75,0,12.7002620650675,-31.8226042819079,1.11657898202952,-0.00406081739034,0.103057364969,
51.886,0.466000000000001,93,93,2,92.75,0,12.6963805625224,-31.9301127240131,1.11670271019618,-0.00396910998726,0.097652475498,
51.887,0.466999999999999,93,93,2,92.75,0,12.6925854488519,-32.0441633721251,1.11682410502107,-0.00388144923915,0.092315884971,
51.888,0.467999999999996,93,93,2,92.75,0,12.6888758561341,-32.1545486333676,1.11694318055834,-0.00379537404707,0.088399077792,
51.889,0.469000000000001,93,93,2,92.75,0,12.6852605780851,-32.3305975836158,1.11705974642514,-0.00370695460297,0.087254134495,
51.89,0.469999999999999,93,93,2,92.75,0,12.6817505482464,-32.527564289762,1.11717357346687,-0.00361199798655,0.08967732019,
51.891,0.470999999999997,93,93,2,92.75,0,12.6783568525873,-32.6141422412653,1.11728410903021,-0.00350670404791,0.09609666139,
51.892,0.472000000000001,93,93,2,92.75,0,12.6750975584261,-32.6567900197018,1.11739047761442,-0.00338827546361,0.106133135672,
51.893,0.472999999999999,93,93,2,92.75,0,12.6719698161093,-32.7372033582571,1.1174927453946,-0.00326014905725,0.11739753722,
51.894,0.473999999999997,93,93,2,92.75,0,12.6689712011613,-32.7991692877756,1.11759100456793,-0.00312846965948,0.126282957165,
51.895,0.475000000000001,93,93,2,92.75,0,12.6661043118619,-32.9201603047477,1.11768520958931,-0.00299783546406,0.130299939642,
51.896,0.475999999999999,93,93,2,92.75,0,12.6633558148671,-33.118248733694,1.11777596277371,-0.0028708893026,0.129841345937,
51.897,0.476999999999997,93,93,2,92.75,0,12.6607115290983,-33.3053977338258,1.11786378432524,-0.00275275131838,0.125410118476,
51.898,0.478000000000002,93,93,2,92.75,0,12.658160108404,-33.4863665501056,1.11794899127004,-0.00264768961425,0.116857553365,
51.899,0.478999999999999,93,93,2,92.75,0,12.6556942681079,-33.6026322964056,1.11803170664844,-0.00255360609719,0.105691132036,
51.9,0.479999999999997,93,93,2,92.75,0,12.6533161984243,-33.6005601844973,1.11811161358578,-0.00246518323181,0.095678777677,
51.901,0.481000000000002,93,93,2,92.75,0,12.6510268229675,-33.5506418240577,1.11818848074267,-0.00237779259931,0.08981139102,
51.902,0.481999999999999,93,93,2,92.75,0,12.6488157552035,-33.5592593677557,1.11826267301225,-0.002292491417,0.087073467307,
51.903,0.482999999999997,93,93,2,92.75,0,12.6466853992435,-33.697231565818,1.11833431314541,-0.00221034653064,0.084981128582,
51.904,0.484000000000002,93,93,2,92.75,0,12.6446592792497,-33.8395467478154,1.11840273195384,-0.00212329871134,0.084562655027,
51.905,0.484999999999999,93,93,2,92.75,0,12.6427589690524,-33.9339409536,1.11846712727873,-0.00201964784471,0.090557853617,
51.906,0.485999999999997,93,93,2,92.75,0,12.6409853193703,-33.8941529308492,1.11852727891731,-0.00190005498169,0.103452551348,
51.907,0.487000000000002,93,93,2,92.75,0,12.6393269976119,-33.8525130407457,1.11858345180244,-0.00177704945955,0.115834061839,
51.908,0.488,93,93,2,92.75,0,12.6377846422674,-33.8704218707886,1.11863567821774,-0.00165813021134,0.120755842225,
51.909,0.488999999999997,93,93,2,92.75,0,12.6363671736021,-33.9195645893539,1.11868372330855,-0.00153967926491,0.120004639855,
51.91,0.490000000000002,93,93,2,92.75,0,12.6350652121015,-33.9886064204287,1.11872793022067,-0.00142028251965,0.118875176613,
51.911,0.491,93,93,2,92.75,0,12.6338511531234,-33.9955776671543,1.1187691986252,-0.00131024289326,0.11630586995,
51.912,0.491999999999997,93,93,2,92.75,0,12.6326985380555,-33.9441906731977,1.11880835282555,-0.00122199656179,0.106308773575,
51.913,0.493000000000002,93,93,2,92.75,0,12.6315923995862,-33.8837347434974,1.11884586636435,-0.00115710526138,0.087777810628,
51.914,0.494,93,93,2,92.75,0,12.6305373514888,-33.9220481272782,1.11888163554546,-0.00110475433731,0.068135696826,
51.915,0.494999999999997,93,93,2,92.75,0,12.6295430304096,-34.0069974020277,1.11891540718639,-0.00105215710351,0.056186929891,
51.916,0.496000000000002,93,93,2,92.75,0,12.6286097115932,-34.0901834993048,1.11894718537653,-0.00099423850582,0.054119750048,
51.917,0.497,93,93,2,92.75,0,12.627739172735,-34.1193533432409,1.11897687490269,-0.00093278550778,0.057382508628,
51.918,0.497999999999998,93,93,2,92.75,0,12.6269379889177,-34.0771578828216,1.11900419387328,-0.00086856633339,0.06122253084,
51.919,0.499000000000002,93,93,2,92.75,0,12.6262103497801,-34.0589425782099,1.11902898311997,-0.00079992692566,0.064715391487,
51.92,0.5,93,93,2,92.75,0,12.625555693907,-34.1991241570551,1.11905132589212,-0.00072780756216,0.068357324459,
51.921,0.500999999999998,93,93,2,93,0,12.6249636950363,-34.5274047031023,1.11907166890585,-0.00065775375173,0.070455710848,
51.922,0.00100000000000477,94,94,2,93,0,12.6244291784603,-34.7303092149489,1.85096980516164E-05,-0.00059355128301,0.068918073838,
51.923,0.00200000000000244,94,94,2,93,0,12.6239571296646,-34.7224177097022,3.49022361092466E-05,-0.00053302093032,0.064856236424,
51.924,0.00300000000000011,94,94,2,93,0,12.6235506336082,-34.6073217940967,4.89933689635791E-05,-0.000471123308,0.062042168388,
51.925,0.00400000000000489,94,94,2,93,0,12.623203164366,-34.4387646726591,6.0989064635919E-05,-0.00040845383393,0.061718996956,
51.926,0.00500000000000256,94,94,2,93,0,12.6229007088046,-34.4007361233897,7.13995095651399E-05,-0.00035167318222,0.060671271837,
51.927,0.00600000000000023,94,94,2,93,0,12.6226302259447,-34.4187652865954,8.07067573447284E-05,-0.00030636785519,0.055104701014,
51.928,0.007000000000005,94,94,2,93,0,12.6223942969187,-34.3608613077244,8.88203124986831E-05,-0.00026970852018,0.046154126828,
51.929,0.00800000000000267,94,94,2,93,0,12.6222013945051,-34.2340774842372,9.54363771228373E-05,-0.00023338719245,0.039151730432,
51.93,0.00900000000000034,94,94,2,93,0,12.622057044045,-34.2229938691899,0.000100377281995634,-0.00019124481127,0.038169045949,
51.931,0.0100000000000051,94,94,2,93,0,12.6219580166409,-34.2983787673256,0.000103770028829331,-0.00014531912935,0.041531055367,
51.932,0.0110000000000028,94,94,2,93,0,12.621895379873,-34.4404088429982,0.000105922816572956,-0.00010170713004,0.044096586915,
51.933,0.0120000000000005,94,94,2,93,0,12.6218649167423,-34.5188971166223,0.000106973174752056,-6.39018676E-05,0.042564083032,
51.934,0.0130000000000052,94,94,2,93,0,12.6218599197841,-34.4550121839317,0.000107145504614437,-3.247537011E-05,0.037633654016,
51.935,0.0140000000000029,94,94,2,93,0,12.6218654303555,-34.3146048613867,0.000106956024680471,-9.48455107E-06,0.03080942344,
51.936,0.0150000000000006,94,94,2,93,0,12.6218681506201,-34.2201940483598,0.000106862808280539,1.52122048E-06,0.021926008328,
51.937,0.0159999999999982,94,94,2,93,0,12.6218671058183,-34.2037698109969,0.000106898553013934,2.42783672E-06,0.011571539204,
51.938,0.017000000000003,94,94,2,93,0,12.6218709226934,-34.2261054763425,0.000106767958868659,1.54322119E-06,0.003398993302,
51.939,0.0180000000000007,94,94,2,93,0,12.6218848863738,-34.2544138243274,0.000106289838825546,5.40241362E-06,0.001075896389,
51.94,0.0189999999999984,94,94,2,93,0,12.6218988577983,-34.2068513853871,0.000105811588127835,1.092196201E-05,0.00293415683,
51.941,0.0200000000000031,94,94,2,93,0,12.6219000745878,-34.1656340520514,0.000105769990668136,1.014271076E-05,0.00313180171,
51.942,0.0210000000000008,94,94,2,93,0,12.6218942632022,-34.2240062619515,0.000105968709959825,2.93472748E-06,-0.000818230967,
51.943,0.0219999999999985,94,94,2,93,0,12.6218936735064,-34.2748996974663,0.000105988906724974,-2.1364261E-06,-0.004638314761,
51.944,0.0230000000000032,94,94,2,93,0,12.6219057440843,-34.1839426731133,0.000105575737833874,1.64187937E-06,-0.003057364775,
51.945,0.0240000000000009,94,94,2,93,0,12.6219245257753,-34.0762751049989,0.000104934716674165,1.028582972E-05,0.002583161219,
51.946,0.0249999999999986,94,94,2,93,0,12.6219432634671,-34.0988891733818,0.000104295994063364,1.675515731E-05,0.006531870058,
51.947,0.0260000000000034,94,94,2,93,0,12.6219551474042,-34.1759652250367,0.000103890307030952,1.669476515E-05,0.005162798493,
51.948,0.027000000000001,94,94,2,93,0,12.6219539168805,-34.200699223553,0.000103932376575244,1.000572527E-05,-9.0070551E-05,
51.949,0.0279999999999987,94,94,2,93,0,12.6219464290484,-34.1666326331162,0.000104188338127642,8.2662202E-07,-0.005447464575,
51.95,0.0290000000000035,94,94,2,93,0,12.621941577621,-34.1877456661283,0.000104354146287733,-4.81971817E-06,-0.007372255321,
51.951,0.0300000000000011,94,94,2,93,0,12.6219424246738,-34.2374109177809,0.000104325166432773,-3.93280475E-06,-0.004746193025,
51.952,0.0309999999999988,94,94,2,93,0,12.6219530449468,-34.2340226378771,0.000103961573771016,2.0694748E-06,0.000461547176,
51.953,0.0320000000000036,94,94,2,93,0,12.6219745770726,-34.1852189071812,0.000103224967915594,1.096186278E-05,0.00533470224,
51.954,0.0330000000000013,94,94,2,93,0,12.6220013705952,-34.1506905982807,0.000102309488042351,1.9836989E-05,0.008020176923,
51.955,0.0339999999999989,94,94,2,93,0,12.6220255355078,-34.1001089801578,0.000101484850745237,2.442652056E-05,0.00759462635,
51.956,0.0350000000000037,94,94,2,93,0,12.6220361399919,-34.0834327385788,0.000101123325094932,2.088536705E-05,0.003436004437,
51.957,0.0360000000000014,94,94,2,93,0,12.6220371963996,-34.1490459368865,0.000101087284434698,1.180818973E-05,-0.002762755132,
51.958,0.036999999999999,94,94,2,93,0,12.6220452374181,-34.2225240077818,0.000100812395899652,6.01621386E-06,-0.006430809742,
51.959,0.0380000000000038,94,94,2,93,0,12.6220648438744,-34.2880825192016,0.000100140770797452,9.4152666E-06,-0.004020227722,
51.96,0.0390000000000015,94,94,2,93,0,12.622085745155,-34.3223675865948,9.94237476561466E-05,1.652527225E-05,0.00175503003,
51.961,0.0399999999999991,94,94,2,93,0,12.6220899229659,-34.2950730705897,9.92804123143287E-05,1.54957924E-05,0.003554874127,
51.962,0.0410000000000039,94,94,2,93,0,12.6220767866311,-34.2426375245178,9.97305794641079E-05,4.0006081E-06,-0.001727345535,
51.963,0.0420000000000016,94,94,2,93,0,12.6220690565285,-34.3056960450683,9.99955222908966E-05,-6.32022143E-06,-0.008003166534,
51.964,0.0429999999999993,94,94,2,93,0,12.6220806455484,-34.555443218226,9.95965057342119E-05,-3.55623551E-06,-0.006747691326,
51.965,0.044000000000004,94,94,2,93,0,12.6221044208693,-34.8145695483342,9.87718585747643E-05,9.44917345E-06,0.001910968197,
51.966,0.0450000000000017,94,94,2,93,0,12.6221268895454,-34.9106538283298,9.79885418388449E-05,1.972743716E-05,0.009114838473,
51.967,0.0459999999999994,94,94,2,93,0,12.6221436845619,-34.8028883126589,9.74031217992888E-05,2.115857166E-05,0.008442268522,
51.968,0.0470000000000042,94,94,2,93,0,12.6221562447288,-34.6494171895337,9.69669555246355E-05,1.72266595E-05,0.002476359265,
51.969,0.0480000000000018,94,94,2,93,0,12.6221655997402,-34.6433196358545,9.66428383577522E-05,1.286907513E-05,-0.002450699825,
51.97,0.0489999999999995,94,94,2,93,0,12.6221710638391,-34.7131830279676,9.64533529668188E-05,9.1492843E-06,-0.004038544645,
51.971,0.0500000000000043,94,94,2,93,0,12.6221770443245,-34.7507169957366,9.62456390425359E-05,6.7862886E-06,-0.003504090353,
51.972,0.0510000000000019,94,94,2,93,0,12.6221897888161,-34.6478630830937,9.58034142399811E-05,7.85477131E-06,-0.001740590716,
51.973,0.0519999999999996,94,94,2,93,0,12.6222151636067,-34.5445220610111,9.49255430953144E-05,1.450437944E-05,0.001713376813,
51.974,0.0530000000000044,94,94,2,93,0,12.6222476205736,-34.5205066547761,9.38047224252614E-05,2.371035379E-05,0.00574218037,
51.975,0.054000000000002,94,94,2,93,0,12.6222774328599,-34.6247525742039,9.27740332912208E-05,2.953890983E-05,0.007425838991,
51.976,0.0549999999999997,94,94,2,93,0,12.6222988199333,-34.6414001046596,9.20333331464462E-05,2.807812661E-05,0.004654979755,
51.977,0.0560000000000045,94,94,2,93,0,12.622308398035,-34.5450793183916,9.17019955721798E-05,2.037194576E-05,-0.001147600731,
51.978,0.0570000000000022,94,94,2,93,0,12.6223062349624,-34.4302058443929,9.17765948429405E-05,9.59844092E-06,-0.006752758758,
51.979,0.0579999999999998,94,94,2,93,0,12.6222985987851,-34.403570142739,9.20394083010478E-05,-2.8265172E-07,-0.009585583983,
51.98,0.0590000000000046,94,94,2,93,0,12.6222986485855,-34.5084338425712,9.20376923829735E-05,-3.68845258E-06,-0.008206228766,
51.981,0.0600000000000023,94,94,2,93,0,12.6223164814186,-34.6693486693656,9.14208744546841E-05,3.0789169E-06,-0.002296437292,
51.982,0.0609999999999999,94,94,2,93,0,12.6223466797306,-34.6456726521202,9.03742761266813E-05,1.620756696E-05,0.005623802552,
51.983,0.0620000000000047,94,94,2,93,0,12.6223712860066,-34.5825075863063,8.95225522725696E-05,2.481105753E-05,0.009862718039,
51.984,0.0630000000000024,94,94,2,93,0,12.6223781679427,-34.4832936958755,8.92848990616812E-05,2.096658483E-05,0.006226649436,
51.985,0.0640000000000001,94,94,2,93,0,12.6223723123709,-34.3642195963533,8.94864698466336E-05,8.3779857E-06,-0.002733321648,
51.986,0.0650000000000048,94,94,2,93,0,12.6223679399072,-34.3088454841436,8.96366050824327E-05,-1.589387E-06,-0.009178993272,
51.987,0.0660000000000025,94,94,2,93,0,12.6223726714655,-34.3351834769566,8.94742084653899E-05,-2.08618953E-06,-0.007912569578,
51.988,0.0670000000000002,94,94,2,93,0,12.6223868343013,-34.4352416638125,8.89872163440941E-05,4.82973495E-06,-0.001114155478,
51.989,0.0680000000000049,94,94,2,93,0,12.6224108127468,-34.51709768717,8.8160531390713E-05,1.427813546E-05,0.005451849186,
51.99,0.0690000000000026,94,94,2,93,0,12.6224386912133,-34.5605648650517,8.71976417471387E-05,2.220376889E-05,0.008231827577,
51.991,0.0700000000000003,94,94,2,93,0,12.6224686736538,-34.4859857905466,8.61625497066143E-05,2.73396524E-05,0.007545538578,
51.992,0.0710000000000051,94,94,2,93,0,12.6225004815336,-34.40702199068,8.50668794498688E-05,2.989888009E-05,0.00519981174,
51.993,0.0720000000000027,94,94,2,93,0,12.6225285883896,-34.3460146879444,8.4100663599429E-05,3.014994087E-05,0.002639774363,
51.994,0.0730000000000004,94,94,2,93,0,12.6225491452031,-34.2897801075496,8.33951969809732E-05,2.695215039E-05,-9.1144525E-05,
51.995,0.0740000000000052,94,94,2,93,0,12.6225617882258,-34.2019800651233,8.29622255338336E-05,2.044768901E-05,-0.003155136372,
51.996,0.0750000000000028,94,94,2,93,0,12.6225717971041,-34.2386164876271,8.26197187393518E-05,1.422691662E-05,-0.005427353413,
51.997,0.0760000000000005,94,94,2,93,0,12.6225887838347,-34.3319360656586,8.20373239918126E-05,1.289247731E-05,-0.004839979163,
51.998,0.0769999999999982,94,94,2,93,0,12.6226142920252,-34.2797739325136,8.11622437026926E-05,1.744981288E-05,-0.00103280677,
51.999,0.078000000000003,94,94,2,93,0,12.6226454552723,-34.1886858697995,8.00953939403826E-05,2.464826951E-05,0.003582139424,
52,0.0790000000000006,94,94,2,93,0,12.6226729512731,-34.1029846308607,7.91565200302102E-05,2.836655623E-05,0.005362069339,
52.001,0.0799999999999983,94,94,2,93,0,12.622688986437,-34.1174502189544,7.86095571072565E-05,2.515792362E-05,0.002684261894,
52.002,0.0810000000000031,94,94,2,93,0,12.6227030617783,-34.1648600347952,7.81290086990794E-05,1.888546819E-05,-0.002049703657,
52.003,0.0820000000000007,94,94,2,93,0,12.6227197740634,-34.2211628359562,7.75575653477745E-05,1.545437122E-05,-0.004500901046,
52.004,0.0829999999999984,94,94,2,93,0,12.6227339776865,-34.2974978803399,7.70709587385454E-05,1.516860336E-05,-0.003339905775,
52.005,0.0840000000000032,94,94,2,93,0,12.6227409097361,-34.2861315658751,7.68332461831278E-05,1.277474965E-05,-0.001861792348,
52.006,0.0850000000000009,94,94,2,93,0,12.6227362086467,-34.2459171623529,7.69943338241319E-05,5.62357995E-06,-0.003188622752,
52.007,0.0859999999999985,94,94,2,93,0,12.6227291183731,-34.32788929088,7.72374373525508E-05,-1.92790296E-06,-0.005844068866,
52.008,0.0870000000000033,94,94,2,93,0,12.6227357857917,-34.6558651032061,7.70074655633834E-05,-2.24621068E-06,-0.00526143639,
52.009,0.088000000000001,94,94,2,93,0,12.6227618154657,-34.9102064171552,7.61020744874941E-05,8.34878756E-06,0.000785731511,
52.01,0.0889999999999986,94,94,2,93,0,12.6227964472486,-34.9398279451998,7.48925588709426E-05,2.280163005E-05,0.008478359727,
52.011,0.0900000000000034,94,94,2,93,0,12.6228217779983,-34.8971904313343,7.4008046851759E-05,2.926084027E-05,0.010897399534,
52.012,0.0910000000000011,94,94,2,93,0,12.622829224606,-34.8479024546664,7.37483646844339E-05,2.275581706E-05,0.004968029872,
52.013,0.0919999999999987,94,94,2,93,0,12.622828613482,-34.776069120243,7.37696391297504E-05,1.039453079E-05,-0.004372632099,
52.014,0.0930000000000035,94,94,2,93,0,12.6228293057648,-34.7653429957751,7.37455679740151E-05,2.19721755E-06,-0.009355215443,
52.015,0.0940000000000012,94,94,2,93,0,12.622841751714,-34.8535065576363,7.33123316365436E-05,3.82736068E-06,-0.006498268238,
52.016,0.0949999999999989,94,94,2,93,0,12.6228659279597,-34.8703624527431,7.24695009495235E-05,1.243893823E-05,0.000776336545,
52.017,0.0960000000000036,94,94,2,93,0,12.6228969809875,-34.8320860836856,7.13872649100722E-05,2.272019138E-05,0.007018049904,
52.018,0.0970000000000013,94,94,2,93,0,12.6229399076244,-34.699561535483,6.98948850157421E-05,3.25520759E-05,0.009645539881,
52.019,0.097999999999999,94,94,2,93,0,12.6229955339242,-34.6155339342882,6.79670138765687E-05,4.317445304E-05,0.010203842895,
52.02,0.0990000000000038,94,94,2,93,0,12.6230583644683,-34.6656825087603,6.57905256105096E-05,5.397767422E-05,0.010439482566,
52.021,0.100000000000001,94,94,2,93,0,12.6231225613582,-34.7221149669465,6.35632852095114E-05,6.107917455E-05,0.009638451713,
52.022,0.100999999999999,94,94,2,93,0,12.6231811310848,-34.7657683363961,6.15283420444257E-05,6.209883717E-05,0.006387465272,
52.023,0.102000000000004,94,94,2,93,0,12.623229927932,-34.7236428687908,5.98329099545936E-05,5.732601177E-05,0.001106467527,
52.024,0.103000000000002,94,94,2,93,0,12.6232672163899,-34.7021977543875,5.85385186866461E-05,4.827619423E-05,-0.004318176636,
52.025,0.103999999999999,94,94,2,93,0,12.623292167502,-34.6949002839375,5.76727512964226E-05,3.703977095E-05,-0.00842270162,
52.026,0.105000000000004,94,94,2,93,0,12.6233208032858,-34.6591648780965,5.66797472885128E-05,2.975771735E-05,-0.009394130654,
52.027,0.106000000000002,94,94,2,93,0,12.6233633418853,-34.6104208895973,5.52064317105305E-05,3.1701227E-05,-0.005700695529,
52.028,0.106999999999999,94,94,2,93,0,12.6234173380924,-34.6224253790027,5.33372761566397E-05,4.180503707E-05,0.001623930801,
52.029,0.108000000000004,94,94,2,93,0,12.6234816308327,-34.6750975187813,5.11096123290145E-05,5.364788478E-05,0.008177431236,
52.03,0.109000000000002,94,94,2,93,0,12.6235579181628,-34.6853232011185,4.84639516713514E-05,6.480215728E-05,0.011114563855,
52.031,0.109999999999999,94,94,2,93,0,12.6236464962125,-34.6518636286695,4.53930752826182E-05,7.637616904E-05,0.011486766841,
52.032,0.111000000000004,94,94,2,93,0,12.6237423889328,-34.6244343796454,4.20715289521922E-05,8.7085235E-05,0.011188606242,
52.033,0.112000000000002,94,94,2,93,0,12.6238339070746,-34.5922776022896,3.89042365185333E-05,9.238594557E-05,0.009346043083,
52.034,0.113,94,94,2,93,0,12.6239089466378,-34.6086295543497,3.63078335965383E-05,8.788694177E-05,0.003983302876,
52.035,0.114000000000004,94,94,2,93,0,12.6239631233696,-34.57113161085,3.44338669151512E-05,7.372428736E-05,-0.004458184672,
52.036,0.115000000000002,94,94,2,93,0,12.6239947437994,-34.4133149876266,3.33432079884233E-05,5.366869062E-05,-0.013031441926,
52.037,0.116,94,94,2,93,0,12.6240068106604,-34.3989530230926,3.29280339457227E-05,3.252124976E-05,-0.018615267277,
52.038,0.117000000000004,94,94,2,93,0,12.6240098610491,-34.5119672325725,3.28229314021655E-05,1.522798995E-05,-0.019663633309,
52.039,0.118000000000002,94,94,2,93,0,12.6240151998362,-34.598856375303,3.26384474220731E-05,6.44184991E-06,-0.015897378194,
52.04,0.119,94,94,2,93,0,12.6240351122945,-34.5865390604112,3.19496217713322E-05,9.02436894E-06,-0.00792767825,
52.041,0.120000000000005,94,94,2,93,0,12.624071622224,-34.4895259005552,3.06886406349349E-05,2.05195983E-05,0.001845734408,
52.042,0.121000000000002,94,94,2,93,0,12.6241165806199,-34.4342603410347,2.9139289196678E-05,3.406522806E-05,0.009436536381,
52.043,0.122,94,94,2,93,0,12.6241693321656,-34.4829425458952,2.73215447066377E-05,4.476180092E-05,0.01207579257,
52.044,0.123000000000005,94,94,2,93,0,12.6242315849675,-34.5161652577574,2.51738508154631E-05,5.326397762E-05,0.010892971082,
52.045,0.124000000000002,94,94,2,93,0,12.6242996703995,-34.4803283475805,2.28250227820581E-05,6.115221407E-05,0.008976313473,
52.046,0.125,94,94,2,93,0,12.6243638423432,-34.3841264921892,2.06154398227909E-05,6.516159648E-05,0.006908762313,
52.047,0.126000000000005,94,94,2,93.25,0,12.6244112077941,-34.2654540607566,1.89896306608262E-05,6.030404235E-05,0.00251295766,
52.048,0.127000000000002,94,94,2,93.25,0,12.6244382563632,-34.2584856545617,1.80628934032256E-05,4.63123342E-05,-0.004937719374,
52.049,0.128,94,94,2,93.25,0,12.6244533345536,-34.2595330964967,1.75463295448708E-05,2.955252003E-05,-0.01208189375,
52.05,0.129000000000005,94,94,2,93.25,0,12.6244662716214,-34.2947066615768,1.7102884115161E-05,1.802696723E-05,-0.014359103953,
52.051,0.130000000000003,94,94,2,93.25,0,12.6244840219665,-34.5130388974112,1.64922034997517E-05,1.502338777E-05,-0.010539239209,
52.052,0.131,94,94,2,93.25,0,12.6244983071162,-34.856687503538,1.59967250397131E-05,1.526680329E-05,-0.004586072968,
52.053,0.132000000000005,94,94,2,93.25,0,12.6244948006576,-35.0109935855712,1.6119219097277E-05,9.98722583E-06,-0.002387580868,
52.054,0.133000000000003,94,94,2,93.25,0,12.6244813269361,-34.9044651326395,1.65902298050469E-05,-1.15915498E-06,-0.005382720571,
52.055,0.134,94,94,2,93.25,0,12.6244757805724,-34.8448177614842,1.67836572444457E-05,-8.10533529E-06,-0.008126279655,
52.056,0.135000000000005,94,94,2,93.25,0,12.624486231071,-34.9070501091626,1.64191863518681E-05,-3.12551235E-06,-0.004628439485,
52.057,0.136000000000003,94,94,2,93.25,0,12.6245136196055,-34.9673717020359,1.5462307345615E-05,1.073285068E-05,0.004065583992,
52.058,0.137,94,94,2,93.25,0,12.6245544531579,-34.8739574645004,1.40363725620318E-05,2.63406291E-05,0.01171962562,
52.059,0.138000000000005,94,94,2,93.25,0,12.6246050566005,-34.6928880425285,1.22762116205877E-05,3.973101409E-05,0.014417735774,
52.06,0.139000000000003,94,94,2,93.25,0,12.6246607547897,-34.6254462656191,1.03457587670164E-05,4.920089952E-05,0.012879453151,
52.061,0.140000000000001,94,94,2,93.25,0,12.624719457683,-34.7336976224673,8.30996755496471E-06,5.507117645E-05,0.009566152748,
52.062,0.140999999999998,94,94,2,93.25,0,12.6247868235881,-34.8829574433783,5.9650730577232E-06,6.040038561E-05,0.006787839149,
52.063,0.142000000000003,94,94,2,93.25,0,12.6248577859072,-34.9051079929618,3.48891157386788E-06,6.584592576E-05,0.005526428788,
52.064,0.143000000000001,94,94,2,93.25,0,12.6249243054118,-34.8770647792766,1.16797379234868E-06,6.855055055E-05,0.004588366245,
52.065,0.143999999999998,94,94,2,93.25,0,12.6249894928646,-34.9094714901268,-1.10662948316076E-06,6.745273341E-05,0.002386166819,
52.066,0.145000000000003,94,94,2,93.25,0,12.6250589897595,-34.9476901970381,-3.53405739872414E-06,6.687990097E-05,0.000200410849,
52.067,0.146000000000001,94,94,2,93.25,0,12.6251311093403,-35.0161483625658,-6.0569387585474E-06,6.899086804E-05,7.4812003E-05,
52.068,0.146999999999998,94,94,2,93.25,0,12.625204163735,-35.0740825526485,-8.61713846234125E-06,7.16132192E-05,0.001459242444,
52.069,0.148000000000003,94,94,2,93.25,0,12.6252805558772,-35.0546605382313,-1.12957809221825E-05,7.377527478E-05,0.002330847259,
52.07,0.149000000000001,94,94,2,93.25,0,12.6253609970087,-34.9251425801844,-1.41104082018728E-05,7.660551474E-05,0.002500599568,
52.071,0.149999999999999,94,94,2,93.25,0,12.6254481701605,-34.8614058630235,-1.71521648866246E-05,8.124604083E-05,0.003172870485,
52.072,0.151000000000003,94,94,2,93.25,0,12.6255400574993,-34.8227634449922,-2.03537113208085E-05,8.656780182E-05,0.004301810721,
52.073,0.152000000000001,94,94,2,93.25,0,12.6256294310211,-34.8971290655457,-2.34692674894177E-05,8.971893759E-05,0.004466202954,
52.074,0.152999999999999,94,94,2,93.25,0,12.6257195505626,-35.000836593712,-2.66188537949574E-05,9.035147278E-05,0.003046743162,
52.075,0.154000000000003,94,94,2,93.25,0,12.6258138471309,-34.9085236107144,-2.9914960165911E-05,9.114884363E-05,0.001437566062,
52.076,0.155000000000001,94,94,2,93.25,0,12.6259050016577,-34.7900603193157,-3.3091630882609E-05,9.210084781E-05,0.000794310151,
52.077,0.155999999999999,94,94,2,93.25,0,12.6259917652865,-34.787047062088,-3.61100120471747E-05,9.077986985E-05,0.000223719539,
52.078,0.157000000000004,94,94,2,93.25,0,12.6260831042141,-34.8227006841277,-3.92890518980948E-05,8.945348784E-05,-0.000640704533,
52.079,0.158000000000001,94,94,2,93.25,0,12.6261926933624,-34.8368704784382,-4.31060184382659E-05,9.544140417E-05,0.000869528707,
52.08,0.158999999999999,94,94,2,93.25,0,12.6263235457768,-34.7170288640775,-4.76566662683808E-05,0.00011049306192,0.006512749254,
52.081,0.160000000000004,94,94,2,93.25,0,12.6264702998005,-34.6925747358147,-5.27497355733431E-05,0.00012924391736,0.013442294631,
52.082,0.161000000000001,94,94,2,93.25,0,12.6266263390076,-34.8237452169223,-5.81733713005406E-05,0.00014476909593,0.016673393072,
52.083,0.161999999999999,94,94,2,93.25,0,12.6267820466958,-34.8823282672548,-6.36002570786331E-05,0.00015315419641,0.014350858204,
52.084,0.163000000000004,94,94,2,93.25,0,12.626933908137,-34.7815918631559,-6.88898887375444E-05,0.00015465326977,0.008461315771,
52.085,0.164000000000001,94,94,2,93.25,0,12.6270794136706,-34.6148396281521,-7.39386711359202E-05,0.00015110854302,0.002051741463,
52.086,0.164999999999999,94,94,2,93.25,0,12.6272015927234,-34.5611267298201,-7.81645981646761E-05,0.00014041436164,-0.004176423106,
52.087,0.166000000000004,94,94,2,93.25,0,12.6272878772995,-34.597580086437,-8.11482630211913E-05,0.00011840865403,-0.01194280286,
52.088,0.167000000000002,94,94,2,93.25,0,12.6273509036352,-34.7105641592479,-8.33323822035936E-05,9.007544699E-05,-0.02051049957,
52.089,0.167999999999999,94,94,2,93.25,0,12.6274114167989,-34.774953674292,-8.54347764658314E-05,6.924985622E-05,-0.02418267233,
52.09,0.169000000000004,94,94,2,93.25,0,12.6274838525198,-34.7486895157318,-8.79527740806907E-05,6.484388246E-05,-0.018151990548,
52.091,0.170000000000002,94,94,2,93.25,0,12.6275660721248,-34.66372738267,-9.08063048257191E-05,7.179411897E-05,-0.005924995782,
52.092,0.170999999999999,94,94,2,93.25,0,12.627651079653,-34.6319665647477,-9.37516326615651E-05,8.012081673E-05,0.003956311804,
52.093,0.172000000000004,94,94,2,93.25,0,12.6277413455703,-34.650939602242,-9.68785751922496E-05,8.574866797E-05,0.007104105429,
52.094,0.173000000000002,94,94,2,93.25,0,12.6278380455868,-34.7368187060582,-0.00010023347387289,9.061863033E-05,0.006210138532,
52.095,0.173999999999999,94,94,2,93.25,0,12.627933567864,-34.8949412373256,-0.000103559166007017,9.441646495E-05,0.004775690702,
52.096,0.175000000000004,94,94,2,93.25,0,12.6280196483789,-34.9802679573104,-0.000106566612998904,9.30430703E-05,0.002568104161,
52.097,0.176000000000002,94,94,2,93.25,0,12.6280931443308,-35.0457751313971,-0.000109139928341051,8.513767469E-05,-0.001781626157,
52.098,0.177,94,94,2,93.25,0,12.6281617416178,-35.0656895534677,-0.000111544656476781,7.580172133E-05,-0.006374962647,
52.099,0.178000000000004,94,94,2,93.25,0,12.6282342989433,-35.0067240122673,-0.000114086789935186,7.125489802E-05,-0.00747004702,
52.1,0.179000000000002,94,94,2,93.25,0,12.6283078688067,-34.978972837539,-0.000116661209020208,7.167307532E-05,-0.004494062142,
52.101,0.18,94,94,2,93.25,0,12.6283751195844,-34.9720606524956,-0.000119013339713092,7.137037632E-05,-0.001287585773,
52.102,0.181000000000004,94,94,2,93.25,0,12.628435260618,-35.0617147218296,-0.00012111929153491,6.701358018E-05,-0.001302665252,
52.103,0.182000000000002,94,94,2,93.25,0,12.6284947347908,-35.182079276236,-0.000123208137310371,6.207389859E-05,-0.003315432633,
52.104,0.183,94,94,2,93.25,0,12.6285573857441,-35.1966793091883,-0.000125412785465073,6.062726519E-05,-0.003716901498,
52.105,0.184000000000005,94,94,2,93.25,0,12.6286269803101,-35.1463828103699,-0.000127860532899149,6.378100296E-05,-0.001114436506,
52.106,0.185000000000002,94,94,2,93.25,0,12.6287041840701,-35.1417755271135,-0.000130573787956223,6.979424039E-05,0.002631476317,
52.107,0.186,94,94,2,93.25,0,12.6287888370011,-35.2067667208108,-0.000133551393105336,7.71557531E-05,0.005559870116,
52.108,0.187000000000005,94,94,2,93.25,0,12.6288791227089,-35.1745336091535,-0.000136728605866665,8.410801274E-05,0.006834254205,
52.109,0.188000000000002,94,94,2,93.25,0,12.6289557615188,-34.998515807116,-0.000139417595363511,8.450180539E-05,0.005107495464,
52.11,0.189,94,94,2,93.25,0,12.6289853040014,-34.8094331363888,-0.000140448745426625,6.660398108E-05,-0.003126152341,
52.111,0.190000000000005,94,94,2,93.25,0,12.6289299470938,-34.7350397065339,-0.000138523861949125,1.820156373E-05,-0.021561717134,
52.112,0.191000000000003,94,94,2,93.25,0,12.6287559219041,-34.7183461319035,-0.000132480542632152,-6.548757517E-05,-0.049837055903,
52.113,0.192,94,94,2,93.25,0,12.6284188166161,-34.5625270207007,-0.000120803068284658,-0.00018734873456,-0.084554728582,
52.114,0.193000000000005,94,94,2,93.25,0,12.6278098652953,-34.1870043731927,-9.98705093167018E-05,-0.00036973506835,-0.128567105563,
52.115,0.194000000000003,94,94,2,93.25,0,12.6267419526251,-33.6146341266837,-6.36673949117039E-05,-0.00066508591578,-0.198118135562,
52.116,0.195,94,94,2,93.25,0,12.6249632242952,-32.9733942158129,-4.44638868657421E-06,-0.00114346896329,-0.316371153362,
52.117,0.196000000000005,94,94,2,93.25,0,12.6221803331061,-32.3620542379938,8.64643332363357E-05,-0.00186673248975,-0.496937531171,
52.118,0.197000000000003,94,94,2,93.25,0,12.6180937571496,-31.8451857531823,0.000217658214822336,-0.00287274776156,-0.73462490638,
52.119,0.198,94,94,2,93.25,0,12.612390136015,-31.2810308413532,0.000397682226378038,-0.00418058407971,-1.011736062107,
52.12,0.199000000000005,94,94,2,93.25,0,12.6047190933625,-30.5753295324866,0.00063493361575695,-0.00580873403654,-1.313384095852,
52.121,0.200000000000003,94,94,2,93.25,0,12.5947014460883,-29.8968580883425,0.00093782813850396,-0.00778479758364,-1.636429942307,
52.122,0.201000000000001,94,94,2,93.25,0,12.5819293139842,-29.2603123598358,0.0013156097364373,-0.01014001133666,-1.985434531795,
52.123,0.201999999999998,94,94,2,93.25,0,12.5659813098173,-28.6693822292374,0.00177754124177909,-0.01289854827397,-2.362465646531,
52.124,0.203000000000003,94,94,2,93.25,0,12.5464401631896,-28.1252591030803,0.00233245744874466,-0.0160731852863,-2.762370004529,
52.125,0.204000000000001,94,94,2,93.25,0,12.5228810474597,-27.7266666214952,0.00299036843968281,-0.01966859462012,-3.176038686271,
52.126,0.204999999999998,94,94,2,93.25,0,12.4948652049587,-27.4868937037001,0.003763795644673,-0.02369074303057,-3.597199360362,
52.127,0.206000000000003,94,94,2,93.25,0,12.4619478051042,-27.3925266671644,0.00466703955673609,-0.02814929167572,-4.025046757871,
52.128,0.207000000000001,94,94,2,93.25,0,12.4236909369535,-27.5743373822154,0.00571846959203981,-0.03304877313731,-4.459908419672,
52.129,0.207999999999998,94,94,2,93.25,0,12.3796726411215,-27.9720014167522,0.00694099717885877,-0.03838345596623,-4.897762026857,
52.13,0.209000000000003,94,94,2,93.25,0,12.3294924484209,-28.5516786386573,0.00835918175752681,-0.04413843658819,-5.330211756633,
52.131,0.210000000000001,94,94,2,93.25,0,12.272764530425,-29.2760971113562,0.00999940641784747,-0.05029594122861,-5.749648489586,
52.132,0.210999999999999,94,94,2,93.25,0,12.2091258032605,-30.2794615050394,0.0118944263908105,-0.05683684315789,-6.15176662154,
52.133,0.212000000000003,94,94,2,93.25,0,12.1382416816777,-31.586423545116,0.0140870808496771,-0.06373910273941,-6.534290038294,
52.134,0.213000000000001,94,94,2,93.25,0,12.0598065186796,-33.147984153998,0.0166258077594108,-0.0709758156819,-6.894188294139,
52.135,0.213999999999999,94,94,2,93.25,0,11.9735022559331,-34.7496132571029,0.0195557338028181,-0.07853058049803,-7.231792496291,
52.136,0.215000000000003,94,94,2,93.25,0,11.8789598006834,-36.3939062826346,0.0229187753090088,-0.08641499057294,-7.558242831672,
52.137,0.216000000000001,94,94,2,93.25,0,11.7757842928236,-38.2975625966673,0.0267719404262152,-0.09466091328177,-7.893970287452,
52.138,0.216999999999999,94,94,2,93.25,0,11.6635832504553,-40.6224707233526,0.0311993954273362,-0.10329325242932,-8.25339385027,
52.139,0.218000000000004,94,94,2,93.25,0,11.5420002980019,-43.5011055350482,0.0363133918135503,-0.11230795504128,-8.631123255257,
52.14,0.219000000000001,94,94,2,93.25,0,11.4107152320458,-46.6279935041133,0.0422296941695066,-0.12167901347868,-9.006900320269,
52.141,0.219999999999999,94,94,2,93.25,0,11.2694272966552,-49.7984425970497,0.0490416402064113,-0.13137529273564,-9.361717935636,
52.142,0.221000000000004,94,94,2,93.25,0,11.1178594367847,-53.1713164883418,0.0568450932143776,-0.14137105190422,-9.688556984578,
52.143,0.222000000000001,94,94,2,93.25,0,10.9557386871825,-56.9531978920994,0.0657718276248431,-0.15164974944604,-9.990796707066,
52.144,0.222999999999999,94,94,2,93.25,0,10.782806026894,-61.2337608173902,0.0759910202153691,-0.16219845588858,-10.274818700064,
52.145,0.224000000000004,94,94,2,93.25,0,10.5988530544769,-65.7931526777044,0.0876745093725617,-0.17299518072119,-10.542109289345,
52.146,0.225000000000001,94,94,2,93.25,0,10.4037309734936,-70.6721735258797,0.100988208588021,-0.18399761134838,-10.784031053963,
52.147,0.225999999999999,94,94,2,93.25,0,10.1973215161206,-76.0203446286368,0.11612757012449,-0.19515756133035,-10.98797469525,
52.148,0.227000000000004,94,94,2,93.25,0,9.97952450636591,-81.8772731915375,0.133322384628798,-0.206439510170597,-11.1492938330191,
52.149,0.228000000000002,94,94,2,93.25,0,9.75027345889975,-88.1618743975415,0.152813210976319,-0.217816955353624,-11.2739980855979,
52.15,0.228999999999999,94,94,2,93.25,0,9.5095645685907,-94.9407202599466,0.174850422162677,-0.229252189005586,-11.3661328208735,
52.151,0.230000000000004,94,94,2,93.25,0,9.2574501924661,-102.253681733988,0.19970819397966,-0.240693183200848,-11.4196252742715,
52.152,0.231000000000002,94,94,2,93.25,0,8.99403152923002,-110.009197483501,0.227665195928722,-0.252084016513379,-11.4242177674527,
52.153,0.231999999999999,94,94,2,93.25,0,8.71945904470238,-118.172458279468,0.258991398001953,-0.263373523490104,-11.3754836766085,
52.154,0.233000000000004,94,94,2,93.25,0,8.43389874954795,-126.552675777894,0.293933288758524,-0.274522681328209,-11.2778001358808,
52.155,0.234000000000002,94,94,2,93.25,0,8.13751021561481,-134.736134134491,0.332654792410054,-0.285512423600006,-11.1434379097986,
52.156,0.234999999999999,94,94,2,93.25,0,7.83042675228331,-143.113388128866,0.375316289200867,-0.296348541119035,-10.991479515859,
52.157,0.236000000000004,94,94,2,93.25,0,7.51266486596585,-152.644134987782,0.422306523419934,-0.30707851140778,-10.8503607757742,
52.158,0.237000000000002,94,94,2,93.25,0,7.1841284923039,-162.470009369546,0.474069752558307,-0.317790705625019,-10.7564816363784,
52.159,0.238,94,94,2,93.25,0,6.84463346643306,-172.232624488577,0.530884692228653,-0.32859162312127,-10.7441440223944,
52.16,0.239000000000004,94,94,2,93.25,0,6.49400547997309,-181.926169593599,0.592973684656712,-0.339547318384912,-10.8207338427647,
52.161,0.240000000000002,94,94,2,93.25,0,6.13231311172403,-193.29028834394,0.660830149295435,-0.350607412819958,-10.9405816848459,
52.162,0.241,94,94,2,93.25,0,5.75983456155872,-205.603893622756,0.735119912579606,-0.361608908287208,-11.011194993286,
52.163,0.242000000000004,94,94,2,93.25,0,5.37694090290151,-218.355275902247,0.816285551349949,-0.372367228138005,-10.9461224726529,
52.164,0.243000000000002,94,94,2,93.25,0,4.98411235027299,-230.918568194026,0.904529348305047,-0.382749594301033,-10.7184864294022,
52.165,0.244,94,94,2,93.25,0,4.58192900732116,-243.756137997191,0.999982478380375,-0.39265452153412,-10.3519205903764,
52.166,0.245000000000005,94,94,2,93.25,0,4.17103933123287,-258.353209536114,1.10313825196481,-0.401988805795775,-9.8769660206397,
52.167,0.246000000000002,94,94,2,93.25,0,3.75213181241761,-273.595977413598,1.21455700898525,-0.410683128965443,-9.3134888254885,
52.168,0.247,94,94,2,93.25,0,3.32587578518548,-288.792831090499,1.33441781862163,-0.41870671852223,-8.6850914133998,
52.169,0.248000000000005,94,94,2,93.25,0,2.89294301355683,-304.259547730324,1.46279372366357,-0.426054498026025,-8.0220666247537,
52.17,0.249000000000002,94,94,2,93.25,0,2.45404993790572,-319.773546049111,1.59973562558203,-0.432717839516432,-7.3451911156762,
52.171,0.25,94,94,2,93.25,0,2.0099629115001,-335.39806826744,1.74521223257562,-0.438663169670725,-6.6532694935892,
52.172,0.251000000000005,94,94,2,93.5,0,1.56144642373232,-352.794825964457,1.89954516248945,-0.443857679587915,-5.9354874839963,
52.173,0.252000000000002,94,94,2,93.5,0,1.10920286408563,-371.028918713987,2.06321747591453,-0.448305770922805,-5.1958304136309,
52.174,0.253,94,94,2,93.5,0,0.653908043170213,-389.315738459147,2.23630796817534,-0.452040816463635,-4.458103171362,
52.175,0.254000000000005,94,94,2,93.5,0,0.19623022587806,-407.981336751956,2.41876056073336,-0.45509434144782,-3.7445031120545,
52.176,0.255000000000003,94,94,2,93.5,0,-0.263197187981134,-427.840244168544,2.61076023441836,-0.457487797349245,-3.0599604263502,
52.177,0.256,94,94,2,93.5,0,-0.723611378876293,-447.6556265619,2.81230559589557,-0.459198567999871,-2.3866710510132,
52.178,0.257000000000005,94,94,2,93.5,0,-1.18389770689942,-470.282999589786,3.02356289568654,-0.46007979892276,-1.6667143075447,
52.179,0.258000000000003,94,94,2,93.5,0,-1.64272189170724,-493.777344272872,3.24472999637571,-0.459886043920144,-0.8075970635589,
52.18,0.259,94,94,2,93.5,0,-2.09883300667428,-516.724653306889,3.47518059277198,-0.458448906820178,0.2442738541695,
52.181,0.260000000000005,94,94,2,93.5,0,-2.55125977275595,-538.945174361251,3.71398723586292,-0.455819731253663,1.4217340107257,
52.182,0.261000000000003,94,94,2,93.5,0,-2.99930400010133,-562.612454155669,3.96076050413555,-0.452217309126394,2.5635379947765,
52.183,0.262,94,94,2,93.5,0,-3.44229978413429,-587.727270099166,4.21555832816081,-0.447844455972541,3.541577467018,
52.184,0.263000000000005,94,94,2,93.5,0,-3.87943339903595,-613.570678489227,4.47812218558101,-0.442751666287296,4.3577048052954,
52.185,0.264000000000003,94,94,2,93.5,0,-4.30971813315269,-640.338279413406,4.74789112685988,-0.436837601405574,5.1231912847705,
52.186,0.265000000000001,94,94,2,93.5,0,-4.73209364400613,-667.991495091514,5.02419435529552,-0.429966631373226,5.9547538679667,
52.187,0.265999999999998,94,94,2,93.5,0,-5.14549352021405,-696.572455229807,5.30624963936583,-0.422055587438774,6.8959206577914,
52.188,0.267000000000003,94,94,2,93.5,0,-5.54887101920996,-725.511391158595,5.59306795202515,-0.413085853437973,7.9166287837255,
52.189,0.268000000000001,94,94,2,93.5,0,-5.94115194966462,-755.375507904807,5.8835297973565,-0.403055241597138,8.9703903329065,
52.19,0.268999999999998,94,94,2,93.5,0,-6.32123849088194,-786.542439832626,6.17656092715471,-0.391951584245833,10.0342621419658,
52.191,0.270000000000003,94,94,2,93.5,0,-6.68802663376753,-818.83273526172,6.47097721670846,-0.379755338489003,11.1095202198215,
52.192,0.271000000000001,94,94,2,93.5,0,-7.04040053706643,-851.61842197387,6.7652889139811,-0.366453390509102,12.2001799020938,
52.193,0.271999999999998,94,94,2,93.5,0,-7.37726248493042,-884.30325897587,7.05767189337313,-0.352044588544434,13.3022935084098,
52.194,0.273000000000003,94,94,2,93.5,0,-7.69758745076127,-916.999031007393,7.34617294061809,-0.336554439884521,14.4011497778114,
52.195,0.274000000000001,94,94,2,93.5,0,-8.00036655876158,-949.614864799905,7.62875878579484,-0.32002230309163,15.4783410912329,
52.196,0.274999999999999,94,94,2,93.5,0,-8.28451296574414,-981.956408640436,7.90318330438424,-0.302453055044147,16.5306737293752,
52.197,0.276000000000003,94,94,2,93.5,0,-8.54885825919367,-1013.8868120658,8.16697918531267,-0.283795883227976,17.5844918017118,
52.198,0.277000000000001,94,94,2,93.5,0,-8.79225083183311,-1044.90493674453,8.41752649544857,-0.263999811266412,18.6724647291825,
52.199,0.277999999999999,94,94,2,93.5,0,-9.01361992536662,-1074.58816779914,8.65212162910025,-0.243071345150688,19.7941201641941,
52.2,0.279000000000003,94,94,2,93.5,0,-9.2118766022853,-1102.45254214381,8.86792805743524,-0.22104241228084,20.9188878957132,
52.201,0.280000000000001,94,94,2,93.5,0,-9.38591078738394,-1128.07653374148,9.06202221246549,-0.197923654357117,22.0257403597733,
52.202,0.280999999999999,94,94,2,93.5,0,-9.53471961701798,-1150.71696456058,9.2315745091955,-0.173733326005272,23.1132815359971,
52.203,0.282000000000004,94,94,2,93.5,0,-9.65750572433308,-1169.81059933618,9.37403878243963,-0.148569619577738,24.1608706461151,
52.204,0.283000000000001,94,94,2,93.5,0,-9.753630409559,-1184.81582264303,9.48720764425832,-0.122594497384028,25.1151177346801,
52.205,0.283999999999999,94,94,2,93.5,0,-9.82257251054412,-1195.35628300934,9.56925467709324,-0.095968336580434,25.9270090468224,
52.206,0.285000000000004,94,94,2,93.5,0,-9.86396832776266,-1200.86592543051,9.61885146537104,-0.068832991127386,26.583604615465,
52.207,0.286000000000001,94,94,2,93.5,0,-9.87767865570993,-1200.92878655112,9.63531616195269,-0.041354055567133,27.0856670903733,
52.208,0.286999999999999,94,94,2,93.5,0,-9.86383909349872,-1195.66982741276,9.61873222414606,-0.013751007681107,27.4130922258234,
52.209,0.288000000000004,94,94,2,93.5,0,-9.82282690599866,-1185.62064377122,9.56990125849791,0.013726382750321,27.5281169519147,
52.21,0.289000000000001,94,94,2,93.5,0,-9.75518158754216,-1170.88608403133,9.49019793447437,0.040850339200337,27.4090574733838,
52.211,0.289999999999999,94,94,2,93.5,0,-9.66155490729479,-1151.63108623789,9.38147314823945,0.067449787706829,27.0726342613824,
52.212,0.291000000000004,94,94,2,93.5,0,-9.54272363965891,-1128.4302487343,9.2460018588783,0.093393647926662,26.5601244035515,
52.213,0.292000000000002,94,94,2,93.5,0,-9.39958841074836,-1101.7510655047,9.08639310241549,0.118561079801728,25.9076082024006,
52.214,0.292999999999999,94,94,2,93.5,0,-9.23315996654685,-1072.32067057574,8.90547941410631,0.142832005115437,25.131408410089,
52.215,0.294000000000004,94,94,2,93.5,0,-9.04456196043267,-1039.77139336184,8.70631123811221,0.166091348188023,24.2364026097792,
52.216,0.295000000000002,94,94,2,93.5,0,-8.83504908399474,-1005.70775505793,8.49203412807259,0.188221598637504,23.2240899579914,
52.217,0.295999999999999,94,94,2,93.5,0,-8.6059675770313,-971.886729282959,8.26551896575489,0.209109004498458,22.0961248598544,
52.218,0.297000000000004,94,94,2,93.5,0,-8.3586568465274,-937.973720560046,8.02935447424932,0.228679684867925,20.865241590066,
52.219,0.298000000000002,94,94,2,93.5,0,-8.09445455062863,-903.289325703471,7.78612151216112,0.246909433060223,19.5634183637624,
52.22,0.298999999999999,94,94,2,93.5,0,-7.81474406693525,-868.029316496087,7.53839331506875,0.263787282618692,18.2264582553,
52.221,0.300000000000004,94,94,2,93.5,0,-7.52092681354542,-833.336404123516,7.28844801354671,0.279290058263932,16.870896974649,
52.222,0.301000000000002,94,94,2,93.5,0,-7.21433869775229,-799.721623253325,7.03810992174955,0.293416481201885,15.5023920070226,
52.223,0.302,94,94,2,93.5,0,-6.89622053954572,-767.056537622354,6.78889963032152,0.306215869796172,14.1412184470393,
52.224,0.303000000000004,94,94,2,93.5,0,-6.5677833050115,-735.154290660519,6.54220864525723,0.317754868380833,12.819381894499,
52.225,0.304000000000002,94,94,2,93.5,0,-6.23029130164457,-704.134022915566,6.29933449707154,0.328057942285735,11.5463381836211,
52.226,0.305,94,94,2,93.5,0,-5.88498613504245,-674.336289620311,6.0613380366084,0.337119521687673,10.3014029579405,
52.227,0.306000000000004,94,94,2,93.5,0,-5.53304434231165,-646.152650815094,5.82897041411938,0.344952205470168,9.0653590669943,
52.228,0.307000000000002,94,94,2,93.5,0,-5.17560409773877,-619.593029657458,5.60275619132179,0.351600340444823,7.8459878259759,
52.229,0.308,94,94,2,93.5,0,-4.81373795209736,-594.276636182224,5.38312702267757,0.357118479340815,6.6645007934081,
52.23,0.309000000000005,94,94,2,93.5,0,-4.44838939484622,-569.870113192891,5.17046735502117,0.36158309880377,5.5410818896798,
52.231,0.310000000000002,94,94,2,93.5,0,-4.08041821424845,-546.404674923243,4.96508887919386,0.36509062077221,4.4935460445116,
52.232,0.311,94,94,2,93.5,0,-3.7106151991806,-524.072074153522,4.76715611450955,0.367733943934805,3.535391575041,
52.233,0.312000000000005,94,94,2,93.5,0,-3.33973013482359,-502.5667805355,4.57677360566318,0.369578079513574,2.6628265292007,
52.234,0.313000000000002,94,94,2,93.5,0,-2.96834251273064,-482.557482473677,4.39384212691066,0.370711216891044,1.8705923935271,
52.235,0.314,94,94,2,93.5,0,-2.59680635740095,-463.869854691491,4.21802613983603,0.37128141474319,1.1775549802625,
52.236,0.315000000000005,94,94,2,93.5,0,-2.22537299761359,-446.029283370778,4.04904269287698,0.371460756695969,0.6218229399331,
52.237,0.316000000000003,94,94,2,93.5,0,-1.85437613996527,-428.41195775425,3.88683521654924,0.371333247808347,0.2045434704688,
52.238,0.317,94,94,2,93.5,0,-1.48431602027762,-411.199175859803,3.73148191825109,0.370846786901831,-0.1431392411699,
52.239,0.318000000000005,94,94,2,93.5,0,-1.11575645343546,-394.727759711684,3.58296587711077,0.369890975222204,-0.5195805327811,
52.24,0.319000000000003,94,94,2,93.5,0,-0.749250959949062,-378.512483454841,3.44126747865812,0.368393510689078,-0.9775023037434,
52.241,0.32,94,94,2,93.5,0,-0.385386379274049,-363.033718931614,3.30635627966687,0.366329441649711,-1.5049500289486,
52.242,0.321000000000005,94,94,2,93.5,0,-0.0247303734128685,-348.457060858077,3.17805456824387,0.363694282074279,-2.0654148483142,
52.243,0.322000000000003,94,94,2,93.5,0,0.332346634637965,-335.150185615102,3.05600435311761,0.360544878962226,-2.6181054755988,
52.244,0.323,94,94,2,93.5,0,0.685739538393034,-322.745389549317,2.93975653928013,0.357045476105208,-3.1001299745562,
52.245,0.324000000000005,94,94,2,93.5,0,1.0354809095543,-310.973656886657,2.82893765516437,0.353402675265657,-3.4374223282884,
52.246,0.325000000000003,94,94,2,93.5,0,1.38155308803716,-299.446307505525,2.72331297173105,0.349736073135885,-3.6069218318574,
52.247,0.326000000000001,94,94,2,93.5,0,1.72382429463641,-288.077351951805,2.62276675581701,0.346032644721299,-3.6705096281499,
52.248,0.326999999999998,94,94,2,93.5,0,2.06213380659174,-276.884816489707,2.52720071807768,0.342222989771157,-3.7242484898086,
52.249,0.328000000000003,94,94,2,93.5,0,2.39633095530618,-265.822633112593,2.4365150769561,0.338264311376239,-3.822494022908,
52.25,0.329000000000001,94,94,2,93.5,0,2.72619586874531,-254.919989052778,2.35062771696377,0.334131187104114,-3.9663051246473,
52.251,0.329999999999998,94,94,2,93.5,0,3.05137556155514,-244.244070475356,2.26946870919424,0.329759017832933,-4.1525040086797,
52.252,0.331000000000003,94,94,2,93.5,0,3.37147042613829,-234.163182896111,2.19290085670248,0.325059810530616,-4.398567180805,
52.253,0.332000000000001,94,94,2,93.5,0,3.68611325588242,-224.672193891646,2.12071622603287,0.319984702599448,-4.7138660816315,
52.254,0.332999999999998,94,94,2,93.5,0,3.99501331177129,-215.632225589179,2.05271119614,0.314555608039258,-5.0685337312193,
52.255,0.334000000000003,94,94,2,93.5,0,4.29792003513794,-206.944125984583,1.98871058712628,0.308824888288782,-5.4133861285692,
52.256,0.335000000000001,94,94,2,93.5,0,4.59465591792006,-198.578430271549,1.92854404026691,0.302853470947957,-5.7124414704949,
52.257,0.335999999999999,94,94,2,93.5,0,4.88515486188796,-190.54649899396,1.87202384975531,0.296716053313213,-5.949008151896,
52.258,0.337000000000003,94,94,2,93.5,0,5.16941475006035,-182.897271320427,1.81894630756119,0.290498308873513,-6.1117155880551,
52.259,0.338000000000001,94,94,2,93.5,0,5.44748929964971,-175.629307856839,1.76909774905093,0.284276003336134,-6.1950147275169,
52.26,0.338999999999999,94,94,2,93.5,0,5.71946770192265,-168.537390399721,1.72229479469725,0.278101306969343,-6.2066544568989,
52.261,0.340000000000003,94,94,2,93.5,0,5.9854212819211,-161.650383151946,1.67838748447336,0.271999799785519,-6.1670223630773,
52.262,0.341000000000001,94,94,2,93.5,0,6.24538511219874,-154.958170064378,1.63723409837698,0.265964101764554,-6.1037211898564,
52.263,0.341999999999999,94,94,2,93.5,0,6.49938401244785,-148.63818823802,1.59867752781275,0.259971276185324,-6.0425790373022,
52.264,0.343000000000004,94,94,2,93.5,0,6.74747080422373,-142.811150178147,1.56252516214631,0.2540147467157,-5.9947984788687,
52.265,0.344000000000001,94,94,2,93.5,0,6.98972006523728,-137.226771288387,1.52860567238079,0.24810916508915,-5.9521339495836,
52.266,0.344999999999999,94,94,2,93.5,0,7.22621311291088,-131.582359830096,1.49681992705044,0.242273656240264,-5.899844146173,
52.267,0.346000000000004,94,94,2,93.5,0,7.45703422033431,-125.948977270198,1.46709809283757,0.236518329600534,-5.8324760194384,
52.268,0.347000000000001,94,94,2,93.5,0,7.6822247953651,-120.406049718404,1.43935967774293,0.230833529780689,-5.7582232565113,
52.269,0.347999999999999,94,94,2,93.5,0,7.90176509900584,-114.832756287163,1.41353747829365,0.225184653331567,-5.6951808545936,
52.27,0.349000000000004,94,94,2,93.5,0,8.11558811564307,-109.525753768803,1.38955097157945,0.219520198956702,-5.6643268380618,
52.271,0.350000000000001,94,94,2,93.5,0,8.3235742783487,-104.44881263855,1.36729909708762,0.213787146558803,-5.6803604040523,
52.272,0.350999999999999,94,94,2,93.5,0,8.52559470375865,-99.4577194886194,1.34670245490553,0.207947497696403,-5.7444519303391,
52.273,0.352000000000004,94,94,2,93.5,0,8.7215434569766,-94.4512405994004,1.32770434542201,0.201988644941053,-5.8434310909347,
52.274,0.353000000000002,94,94,2,93.5,0,8.91134856562823,-89.7357279792645,1.31022453163037,0.195927161505655,-5.9538807914794,
52.275,0.353999999999999,94,94,2,93.5,0,9.0949518745308,-85.379507860319,1.29414866326067,0.189787662096811,-6.0540990234174,
52.276,0.355000000000004,94,94,2,93.5,0,9.27232215213173,-81.2699723825745,1.2793693309743,0.183593939436799,-6.1323615921606,
52.277,0.356000000000002,94,94,2,93.5,0,9.44346835516964,-77.429022910134,1.26578896573916,0.177372964622517,-6.1856313309426,
52.278,0.356999999999999,94,94,2,93.5,0,9.60845869254274,-73.9231735584359,1.25330314076041,0.171166665707372,-6.2083963982599,
52.279,0.358000000000004,94,94,2,93.5,0,9.76739460488252,-70.777900016427,1.24180404218782,0.165020769562544,-6.192580853791,
52.28,0.359000000000002,94,94,2,93.5,0,9.92040679724145,-67.8595815709973,1.23119742968741,0.158975123855521,-6.1339418445816,
52.281,0.359999999999999,94,94,2,93.5,0,10.0676557636574,-65.2324537828252,1.22139859736539,0.153060340570291,-6.0364621118266,
52.282,0.361000000000004,94,94,2,93.5,0,10.2093129292476,-62.7561599056932,1.21233334524393,0.147300393951119,-5.9075910119505,
52.283,0.362000000000002,94,94,2,93.5,0,10.3455712092747,-60.4308891862807,1.2039407175285,0.141715040168995,-5.754019767875,
52.284,0.363,94,94,2,93.5,0,10.4766653635688,-58.1403518940262,1.19616871924198,0.13632870797613,-5.5780251564607,
52.285,0.364000000000004,94,94,2,93.5,0,10.6028448588846,-55.8876499597693,1.18897472137908,0.13116899432051,-5.3780531084692,
52.286,0.365000000000002,94,94,2,93.5,0,10.7243221568189,-53.7032747659251,1.18231831667218,0.12624323379484,-5.1575132778085,
52.287,0.366,94,94,2,93.5,0,10.8412462204034,-51.6517677151293,1.17615904682918,0.12152198684381,-4.934592392263,
52.288,0.367000000000004,94,94,2,93.5,0,10.9537492287859,-49.6755567559553,1.17045923241201,0.11696371732884,-4.733707792604,
52.289,0.368000000000002,94,94,2,93.5,0,11.0619745088273,-47.6343347946753,1.16519353728008,0.11254600644077,-4.564995157718,
52.29,0.369,94,94,2,93.5,0,11.1660465926495,-45.6106297182086,1.16034143839869,0.10826263967797,-4.419575238559,
52.291,0.370000000000005,94,94,2,93.5,0,11.2660546647034,-43.7518214941352,1.1558729551688,0.10409883915747,-4.287800127691,
52.292,0.371000000000002,94,94,2,93.5,0,11.3620355651158,-42.0288580842248,1.15175630173684,0.10001912409194,-4.174444756699,
52.293,0.372,94,94,2,93.5,0,11.4540139677689,-40.3682592385477,1.14796692411956,0.09598830257706,-4.090272636826,
52.294,0.373000000000005,94,94,2,93.5,0,11.5420363211396,-38.8671963478475,1.144479678484,0.09199233719617,-4.035032739878,
52.295,0.374000000000002,94,94,2,93.5,0,11.6261746551188,-37.462194335154,1.14126856460115,0.08804396233797,-3.99214506428,
52.296,0.375,94,94,2,93.5,0,11.7065227251567,-36.0604427775483,1.1383148636031,0.08416646061426,-3.94139007466,
52.297,0.376000000000005,94,94,2,93.75,0,11.7831858116015,-34.5688709623315,1.13560753301071,0.08037965414236,-3.871555088514,
52.298,0.377000000000002,94,94,2,93.75,0,11.85628548526,-33.4159374697592,1.13312269935565,0.07669955768684,-3.782002042529,
52.299,0.378,94,94,2,93.75,0,11.9259483210743,-32.3605076602196,1.13083161250688,0.07313764614113,-3.676653987491,
52.3,0.379000000000005,94,94,2,93.75,0,11.9923026558317,-31.3241935633958,1.12871873451492,0.06970133685049,-3.559686342132,
52.301,0.380000000000003,94,94,2,93.75,0,12.0554693936551,-30.1630357179369,1.12677676066917,0.06639060599427,-3.436316436835,
52.302,0.381,94,94,2,93.75,0,12.1155340667169,-29.0694203722933,1.12499787161433,0.06319239747512,-3.314647685425,
52.303,0.382000000000005,94,94,2,93.75,0,12.1725470698032,-28.0633054420816,1.12336921747773,0.06007979149763,-3.206284457773,
52.304,0.383000000000003,94,94,2,93.75,0,12.2265468037532,-27.190508535484,1.12187737185047,0.05702452333806,-3.121085394612,
52.305,0.384,94,94,2,93.75,0,12.2775897270529,-26.3827026357384,1.1205101051961,0.0540166714958,-3.058244609753,
52.306,0.385000000000005,94,94,2,93.75,0,12.3257581086297,-25.6178635766663,1.11925771363833,0.05106760397792,-3.004441440139,
52.307,0.386000000000003,94,94,2,93.75,0,12.3711469836354,-25.0115734541589,1.11810870704383,0.04819689212234,-2.943196116504,
52.308,0.387,94,94,2,93.75,0,12.4138731943678,-24.5431191558208,1.11705006492421,0.04542392769504,-2.864894325786,
52.309,0.388000000000005,94,94,2,93.75,0,12.4540804924101,-24.1918778558236,1.11607031364925,0.04276933620736,-2.766776773898,
52.31,0.389000000000003,94,94,2,93.75,0,12.4919171080352,-23.8813673051513,1.11516084919974,0.04025176712417,-2.648996648219,
52.311,0.390000000000001,94,94,2,93.75,0,12.5275186763585,-23.5222363371297,1.11431702788282,0.03787730615972,-2.515743368915,
52.312,0.390999999999998,94,94,2,93.75,0,12.5610214604165,-23.1676204757151,1.11353490778757,0.03564244723425,-2.375512788378,
52.313,0.392000000000003,94,94,2,93.75,0,12.5925710027194,-22.9253481953512,1.1128078017551,0.03354644681106,-2.23508198648,
52.314,0.393000000000001,94,94,2,93.75,0,12.622297170284,-22.8160560427713,1.11212794343159,0.03158850240794,-2.096241167853,
52.315,0.393999999999998,94,94,2,93.75,0,12.6502924268383,-22.5789624859775,1.11149252083659,0.029753906683,-1.962356605687,
52.316,0.395000000000003,94,94,2,93.75,0,12.6766133127653,-22.1708578334019,1.11090359337865,0.0280122186692,-1.843728015052,
52.317,0.396000000000001,94,94,2,93.75,0,12.701283356097,-21.6755694432591,1.11036274674822,0.0263279443366,-1.752336222782,
52.318,0.396999999999998,94,94,2,93.75,0,12.7242935932649,-21.1951219203767,1.10986951436031,0.02466735426115,-1.694393159815,
52.319,0.398000000000003,94,94,2,93.75,0,12.745626176164,-20.7929194332944,1.10942165767383,0.0230048827364,-1.668259787385,
52.32,0.399000000000001,94,94,2,93.75,0,12.7652913628772,-20.5212323117168,1.10901543241985,0.02133566032397,-1.663932356264,
52.321,0.399999999999999,94,94,2,93.75,0,12.7833140913984,-20.3642843073601,1.10864699813662,0.01967266811137,-1.665328086177,
52.322,0.401000000000003,94,94,2,93.75,0,12.799730060317,-20.2616404696711,1.10831354117741,0.01803343809802,-1.657732612774,
52.323,0.402000000000001,94,94,2,93.75,0,12.8145942457571,-20.288781980089,1.10801216667792,0.01643246175583,-1.634882571777,
52.324,0.402999999999999,94,94,2,93.75,0,12.8279746415094,-20.3995084631623,1.10773995396362,0.01488458357731,-1.596522994437,
52.325,0.404000000000003,94,94,2,93.75,0,12.839951994859,-20.475659046578,1.10749516580137,0.01340461993783,-1.543433265909,
52.326,0.405000000000001,94,94,2,93.75,0,12.8506209219928,-20.4847566674274,1.10727666395606,0.01200573820567,-1.476013428996,
52.327,0.405999999999999,94,94,2,93.75,0,12.8600632816531,-20.4838675276386,1.10708324371383,0.01069348475649,-1.397217819462,
52.328,0.407000000000004,94,94,2,93.75,0,12.8683403457897,-20.5428296809358,1.10691345341178,0.00946074124524,-1.314388952695,
52.329,0.408000000000001,94,94,2,93.75,0,12.8755232804966,-20.6153490292049,1.10676563515661,0.0082984139648,-1.235471623386,
52.33,0.408999999999999,94,94,2,93.75,0,12.8816951083625,-20.6945014028753,1.1066381565136,0.00720784148351,-1.161925709938,
52.331,0.410000000000004,94,94,2,93.75,0,12.8869199951343,-20.6886223539537,1.10653004544565,0.00619107758997,-1.08995634471,
52.332,0.411000000000001,94,94,2,93.75,0,12.8912244777146,-20.6891160646672,1.10644099056853,0.00523284784258,-1.02134622602,
52.333,0.411999999999999,94,94,2,93.75,0,12.894626488578,-20.871231629436,1.10637029619136,0.00430986232268,-0.965216722988,
52.334,0.413000000000004,94,94,2,93.75,0,12.8971602557657,-21.1675219030779,1.1063170379842,0.00341227927576,-0.925938046253,
52.335,0.414000000000001,94,94,2,93.75,0,12.8988677671885,-21.4133152891146,1.10628068435125,0.00254636356094,-0.895703589184,
52.336,0.414999999999999,94,94,2,93.75,0,12.8997896914001,-21.5408571709163,1.10626088410545,0.00171971198891,-0.863636671613,
52.337,0.416000000000004,94,94,2,93.75,0,12.8999819372714,-21.820349211779,1.106256716099,0.00093869687287,-0.82473987807,
52.338,0.417000000000002,94,94,2,93.75,0,12.8995750538678,-22.3632348548347,1.10626570488253,0.00023141059092,-0.77258740261,
52.339,0.417999999999999,94,94,2,93.75,0,12.898751859317,-22.9993804618992,1.1062843760114,-0.00035203796529,-0.692253614455,
52.34,0.419000000000004,94,94,2,93.75,0,12.8976549456398,-23.3288442644254,1.10630978504307,-0.00078041694456,-0.57407900085,
52.341,0.420000000000002,94,94,2,93.75,0,12.8963415601925,-23.3824559260457,1.10634046001401,-0.00107973947031,-0.436182916296,
52.342,0.420999999999999,94,94,2,93.75,0,12.8948041214652,-23.287897478222,1.10637633641838,-0.00131565990027,-0.319018833069,
52.343,0.422000000000004,94,94,2,93.75,0,12.8930201760129,-23.3270466313921,1.10641791567716,-0.0015441747608,-0.252719387868,
52.344,0.423000000000002,94,94,2,93.75,0,12.8909718068603,-23.5271198791128,1.10646590299183,-0.00178932054489,-0.235725808427,
52.345,0.423999999999999,94,94,2,93.75,0,12.8886342170561,-23.7475811712311,1.10652115742141,-0.00205580823799,-0.246559079725,
52.346,0.425000000000004,94,94,2,93.75,0,12.8859824755375,-23.9310703319543,1.10658437315128,-0.00234506912304,-0.266917077982,
52.347,0.426000000000002,94,94,2,93.75,0,12.8830056523095,-24.0997073064966,1.10665586271854,-0.0026550205171,-0.288636080168,
52.348,0.427,94,94,2,93.75,0,12.8797050194724,-24.2986637174361,1.10673573534487,-0.00297644159791,-0.307185147382,
52.349,0.428000000000004,94,94,2,93.75,0,12.8760976270034,-24.448274204994,1.10682366001325,-0.00329551784394,-0.317276724351,
52.35,0.429000000000002,94,94,2,93.75,0,12.8722152111955,-24.6975547780992,1.10691906228492,-0.0035978715811,-0.314762943803,
52.351,0.43,94,94,2,93.75,0,12.8680930771245,-24.9905520365883,1.10702147280392,-0.00387182428516,-0.298850179891,
52.352,0.431000000000004,94,94,2,93.75,0,12.8637736343104,-25.2272099578,1.10712992917952,-0.004109411215,-0.271563281724,
52.353,0.432000000000002,94,94,2,93.75,0,12.8592953749645,-25.4035655070832,1.10724329805123,-0.00430789515071,-0.236765763867,
52.354,0.433,94,94,2,93.75,0,12.8546876665176,-25.5987945398502,1.10736080005383,-0.00446944911666,-0.199135843021,
52.355,0.434000000000005,94,94,2,93.75,0,12.8499726971853,-25.8197002790911,1.10748201836692,-0.00460105198222,-0.163647626761,
52.356,0.435000000000002,94,94,2,93.75,0,12.8451602098866,-26.0146872538973,1.10760674453275,-0.0047120464566,-0.134405678323,
52.357,0.436,94,94,2,93.75,0,12.8402593518647,-26.1640344457004,1.10773460478615,-0.00480974312574,-0.113187650162,
52.358,0.437000000000005,94,94,2,93.75,0,12.8352830855498,-26.4402141210869,1.10786549116122,-0.00489696929284,-0.0985448601,
52.359,0.438000000000002,94,94,2,93.75,0,12.8302339614213,-26.7451119628751,1.10799976081783,-0.00497550117108,-0.087759031054,
52.36,0.439,94,94,2,93.75,0,12.8251026933181,-27.0303345895755,1.10813772893465,-0.00505190997683,-0.080503243151,
52.361,0.440000000000005,94,94,2,93.75,0,12.8198875464548,-27.3942966232605,1.10827964515703,-0.00513178853882,-0.078086654369,
52.362,0.441000000000003,94,94,2,93.75,0,12.8146096693361,-27.8024799566785,1.10842530605909,-0.00520880231189,-0.077978198442,
52.363,0.442,94,94,2,93.75,0,12.8093091251092,-28.0945840923895,1.10857344848917,-0.00526585817454,-0.07188583662,
52.364,0.443000000000005,94,94,2,93.75,0,12.8040151358547,-28.2195296606349,1.10872251164571,-0.00529177760272,-0.053702305435,
52.365,0.444000000000003,94,94,2,93.75,0,12.7987346467662,-28.3229644815124,1.10887179765739,-0.00529190569642,-0.027522958177,
52.366,0.445,94,94,2,93.75,0,12.7934746243918,-28.5101502844957,1.10902126938502,-0.00527839912407,-0.003775094229,
52.367,0.446000000000005,94,94,2,93.75,0,12.7882469543925,-28.7012686018419,1.10917081059409,-0.0052564566761,0.011946935221,
52.368,0.447000000000003,94,94,2,93.75,0,12.7830620122132,-28.864443272422,1.10932004803789,-0.00522455736583,0.022398743974,
52.369,0.448,94,94,2,93.75,0,12.7779274117517,-28.9612192776634,1.10946850387469,-0.00518265800996,0.03191226526,
52.37,0.449000000000005,94,94,2,93.75,0,12.7728414932223,-28.9765182681815,1.10961583718117,-0.00513509839721,0.040597419254,
52.371,0.450000000000003,94,94,2,93.75,0,12.767794153091,-29.0881282496966,1.10976237319146,-0.0050889495896,0.045438294144,
52.372,0.451000000000001,94,94,2,93.75,0,12.7627742205416,-29.2236575825985,1.10990873380732,-0.00505069137616,0.044204870901,
52.373,0.451999999999998,94,94,2,93.75,0,12.7577778847029,-29.3579634735078,1.1100550805337,-0.00502107581076,0.038032597279,
52.374,0.453000000000003,94,94,2,93.75,0,12.7528162882886,-29.5931243615448,1.11020132628671,-0.00499299302459,0.031748526043,
52.375,0.454000000000001,94,94,2,93.75,0,12.7479134489248,-29.8699594455424,1.11034709526071,-0.00495439112647,0.031698353524,
52.376,0.454999999999998,94,94,2,93.75,0,12.7430824125536,-30.1409611775164,1.11049205273081,-0.00489892558117,0.040505258689,
52.377,0.456000000000003,94,94,2,93.75,0,12.7383193619098,-30.3368562578275,1.11063608218444,-0.00483218155076,0.053789996679,
52.378,0.457000000000001,94,94,2,93.75,0,12.7336130659702,-30.514737168594,1.11077927498798,-0.00476641995076,0.063065755754,
52.379,0.457999999999998,94,94,2,93.75,0,12.7289719694955,-30.6672511849461,1.1109212507432,-0.00470376251139,0.065125080934,
52.38,0.459000000000003,94,94,2,93.75,0,12.7244249100023,-30.7736330841213,1.11106093842125,-0.00463244521972,0.066186643249,
52.381,0.460000000000001,94,94,2,93.75,0,12.7199887056161,-30.8837291242095,1.11119770075159,-0.00454201405555,0.07445349773,
52.382,0.460999999999999,94,94,2,93.75,0,12.7156695065795,-30.9274628958359,1.1113311881721,-0.00443435931342,0.089864075808,
52.383,0.462000000000003,94,94,2,93.75,0,12.711466351958,-31.016924272593,1.1114613690907,-0.00431948731695,0.104652845044,
52.384,0.463000000000001,94,94,2,93.75,0,12.707369752771,-31.1280009519888,1.11158866051578,-0.00420600131568,0.112291021608,
52.385,0.463999999999999,94,94,2,93.75,0,12.7033647689612,-31.3546729929785,1.11171378156455,-0.00410108120419,0.111332032896,
52.386,0.465000000000003,94,94,2,93.75,0,12.6994371674155,-31.6071942302549,1.11183742612806,-0.00400925374373,0.103562083115,
52.387,0.466000000000001,94,94,2,93.75,0,12.695574566615,-31.7870293616627,1.11195985941747,-0.00393131600137,0.091588340339,
52.388,0.466999999999999,94,94,2,93.75,0,12.6917820654819,-31.8822658387603,1.11208059235456,-0.00386107112384,0.079796798341,
52.389,0.468000000000004,94,94,2,93.75,0,12.6880690630945,-31.8992778812716,1.11219900286662,-0.00378968140961,0.072896187989,
52.39,0.469000000000001,94,94,2,93.75,0,12.6844412549671,-32.0033990070996,1.11231491619191,-0.00371129373311,0.073145651901,
52.391,0.469999999999999,94,94,2,93.75,0,12.6809060392493,-32.2245501416514,1.11242844601958,-0.00362558868252,0.078483500046,
52.392,0.471000000000004,94,94,2,93.75,0,12.6774745677959,-32.3831894458395,1.11253929582661,-0.00353187016136,0.085913879534,
52.393,0.472000000000001,94,94,2,93.75,0,12.6741517470992,-32.4073270542308,1.1126469394612,-0.00342999950571,0.093760120336,
52.394,0.472999999999999,94,94,2,93.75,0,12.6709331593835,-32.502296477098,1.11275139811967,-0.00332414602941,0.100619861498,
52.395,0.474000000000004,94,94,2,93.75,0,12.6678193887093,-32.7419217494919,1.11285297588636,-0.00321841249755,0.104622646773,
52.396,0.475000000000001,94,94,2,93.75,0,12.6648144734193,-32.9457031751163,1.1129516687606,-0.00311255917139,0.105805453482,
52.397,0.475999999999999,94,94,2,93.75,0,12.6619257091892,-33.0773577383464,1.11304703128897,-0.00300272658729,0.107011165252,
52.398,0.477000000000004,94,94,2,93.75,0,12.6591597861391,-33.146511701891,1.11313861635244,-0.00288675719407,0.110479849454,
52.399,0.478000000000002,94,94,2,93.75,0,12.6565137383838,-33.2305303734612,1.11322643476403,-0.00276681281566,0.115320846041,
52.4,0.478999999999999,94,94,2,93.75,0,12.6539731043228,-33.2501757404882,1.1133108863372,-0.00265038623545,0.117696543393,
52.401,0.480000000000004,94,94,2,93.75,0,12.6515250795587,-33.4817251698386,1.11339256701019,-0.00254447538022,0.114327202176,
52.402,0.481000000000002,94,94,2,93.75,0,12.6491590160346,-33.8948453169021,1.1134722756331,-0.00245121918117,0.10526917587,
52.403,0.481999999999999,94,94,2,93.75,0,12.6468745506858,-34.1098740201169,1.11354995284555,-0.00236617244351,0.094589757487,
52.404,0.483000000000004,94,94,2,93.75,0,12.6446805731408,-34.0916665599705,1.11362476916983,-0.00228179846025,0.087307749757,
52.405,0.484000000000002,94,94,2,93.75,0,12.6425830974199,-34.0500686145035,1.11369623198739,-0.00219217333891,0.086151151004,
52.406,0.484999999999999,94,94,2,93.75,0,12.6405853395564,-34.0964758994059,1.11376430213498,-0.00209651091091,0.089860971914,
52.407,0.486000000000004,94,94,2,93.75,0,12.6386930534216,-34.2230122498475,1.11382894214506,-0.00199603170211,0.095296270242,
52.408,0.487000000000002,94,94,2,93.75,0,12.6369129376836,-34.3011446967768,1.11388993261018,-0.00189027653437,0.100616962242,
52.409,0.488,94,94,2,93.75,0,12.6352440352901,-34.272092596078,1.11394715363011,-0.00178040285369,0.10540793394,
52.41,0.489000000000004,94,94,2,93.75,0,12.6336806617152,-34.2744470798706,1.1140007355545,-0.00167060775127,0.10861455332,
52.411,0.490000000000002,94,94,2,93.75,0,12.632215968601,-34.3470796404018,1.11405099029334,-0.00156542808227,0.108434045872,
52.412,0.491,94,94,2,93.75,0,12.6308412766499,-34.3940462779836,1.11409823922959,-0.00146729690348,0.104449751963,
52.413,0.492000000000004,94,94,2,93.75,0,12.6295565617805,-34.3995982210999,1.1141424293386,-0.00137469917552,0.098585690604,
52.414,0.493000000000002,94,94,2,93.75,0,12.6283775255715,-34.366422301638,1.11418296815268,-0.00128000439579,0.09488687874,
52.415,0.494,94,94,2,93.75,0,12.6273196044373,-34.3488945756858,1.11421931584566,-0.00117440528468,0.097336963613,
52.416,0.495000000000005,94,94,2,93.75,0,12.6263792400999,-34.3857468078828,1.11425163364841,-0.0010589886176,0.105273078487,
52.417,0.496000000000002,94,94,2,93.75,0,12.6255341005376,-34.4426686550054,1.11428071845687,-0.00094706394391,0.111423802272,
52.418,0.497,94,94,2,93.75,0,12.624767937328,-34.4331864336942,1.11430710352997,-0.00085001408902,0.108509826067,
52.419,0.498000000000005,94,94,2,93.75,0,12.6240739889668,-34.3690594699018,1.11433097613286,-0.00076819166089,0.096944072502,
52.42,0.499000000000002,94,94,2,93.75,0,12.6234411886447,-34.3895683713102,1.11435273137378,-0.00069726840399,0.083120904789,
52.421,0.5,94,94,2,93.75,0,12.6228510473255,-34.4565483297486,1.11437304584285,-0.00063834703296,0.070592442508,
52.422,0.501000000000005,94,94,2,94,0,12.622294776434,-34.4752791964339,1.11439221822742,-0.00059277789176,0.058516267842,
52.423,0.000999999999997669,95,95,2,94,0,12.6217774596978,-34.3280060412806,1.7796545478177E-05,-0.00055474577322,0.047313703351,
52.424,0.00199999999999534,95,95,2,94,0,12.6213099839259,-34.2169041496677,3.38180878856065E-05,-0.0005140506935,0.041092113692,
52.425,0.00300000000000011,95,95,2,94,0,12.6209006977141,-34.241460616524,4.782762027844E-05,-0.00046497119316,0.042411517552,
52.426,0.00399999999999778,95,95,2,94,0,12.6205480974077,-34.2871006873469,5.99092161337467E-05,-0.00040973730821,0.048410489537,
52.427,0.00499999999999545,95,95,2,94,0,12.6202416198428,-34.2452305540582,7.04110271385616E-05,-0.00035576925557,0.053007819874,
52.428,0.00600000000000023,95,95,2,94,0,12.61997719232,-34.1972288786533,7.94600621389918E-05,-0.00030769937472,0.052578350796,
52.429,0.0069999999999979,95,95,2,94,0,12.61976802069,-34.175860698997,8.66109174353369E-05,-0.00026046576759,0.049588450271,
52.43,0.00799999999999557,95,95,2,94,0,12.6196208941336,-34.1535399681257,9.16374521438001E-05,-0.00020713487576,0.049313674656,
52.431,0.00900000000000034,95,95,2,94,0,12.6195208846671,-34.2169398843048,9.50562997559246E-05,-0.00015160495151,0.052161416146,
52.432,0.00999999999999801,95,95,2,94,0,12.61944837975,-34.2668682047655,9.75390061768167E-05,-0.00010589322865,0.051924754107,
52.433,0.0109999999999957,95,95,2,94,0,12.6193941551615,-34.3159169692019,9.93984428276917E-05,-7.527218334E-05,0.044129980012,
52.434,0.0120000000000005,95,95,2,94,0,12.6193593361523,-34.2661859042155,0.000100592423265766,-5.388701329E-05,0.032377485997,
52.435,0.0129999999999981,95,95,2,94,0,12.6193379669497,-34.1591038460294,0.000101323520212304,-3.660574101E-05,0.022924763297,
52.436,0.0139999999999958,95,95,2,94,0,12.6193171259475,-34.0678396254466,0.000102034479155577,-2.524568446E-05,0.016736076892,
52.437,0.0149999999999935,95,95,2,94,0,12.6192871832479,-34.0305539116026,0.000103054004028991,-2.372997154E-05,0.01018311818,
52.438,0.0159999999999982,95,95,2,94,0,12.6192459007918,-33.9638000561731,0.000104457490991194,-3.061411733E-05,0.001949058396,
52.439,0.0169999999999959,95,95,2,94,0,12.6191963796671,-33.9400015856467,0.000106138827305813,-4.035212973E-05,-0.00522034816,
52.44,0.0179999999999936,95,95,2,94,0,12.6191473168494,-34.0079500743874,0.000107805686283768,-4.691203202E-05,-0.007928419384,
52.441,0.0189999999999984,95,95,2,94,0,12.6191066238349,-34.0468512973758,0.000109190363787093,-4.668936884E-05,-0.005478565682,
52.442,0.019999999999996,95,95,2,94,0,12.6190758924006,-34.0062228105454,0.00011023604807292,-4.02154814E-05,6.3260817E-05,
52.443,0.0209999999999937,95,95,2,94,0,12.6190589386804,-34.008038240968,0.000110812595451648,-2.958659413E-05,0.005845020111,
52.444,0.0219999999999985,95,95,2,94,0,12.6190626956406,-34.01469630684,0.000110684816092999,-1.487383031E-05,0.010607550286,
52.445,0.0229999999999961,95,95,2,94,0,12.6190818029995,-34.0676334910662,0.000110034379332546,2.14887569E-06,0.014180583509,
52.446,0.0239999999999938,95,95,2,94,0,12.6191006097568,-34.2881256949363,0.000109391604240727,1.441205881E-05,0.014901866482,
52.447,0.0249999999999986,95,95,2,94,0,12.6191049813669,-34.5181772717576,0.000109241207070454,1.456639362E-05,0.010058385491,
52.448,0.0259999999999962,95,95,2,94,0,12.6190957882286,-34.6231774003524,0.000109559020089023,4.63272974E-06,0.000760589696,
52.449,0.0269999999999939,95,95,2,94,0,12.6190934424044,-34.5649520657696,0.000109640171686465,-3.06951955E-06,-0.006237839896,
52.45,0.0279999999999987,95,95,2,94,0,12.6191044926119,-34.4470278236543,0.000109258873337126,-3.8120892E-07,-0.005254505691,
52.451,0.0289999999999964,95,95,2,94,0,12.6191168066087,-34.3800681669874,0.00010883510501003,7.41053478E-06,0.001102172575,
52.452,0.029999999999994,95,95,2,94,0,12.619124147084,-34.398987774197,0.000108582669525958,1.044280356E-05,0.004832871303,
52.453,0.0309999999999988,95,95,2,94,0,12.6191265517864,-34.4543055300213,0.000108499883680224,7.35179988E-06,0.002623129518,
52.454,0.0319999999999965,95,95,2,94,0,12.6191330324791,-34.455345901207,0.000108276592541756,5.10823136E-06,-0.000999791394,
52.455,0.0329999999999941,95,95,2,94,0,12.6191485212948,-34.4420088467871,0.00010774302332095,7.96033251E-06,-0.000969098167,
52.456,0.0339999999999989,95,95,2,94,0,12.6191686810028,-34.4368457367086,0.000107048734520276,1.418764649E-05,0.002335964098,
52.457,0.0349999999999966,95,95,2,94,0,12.6191904049016,-34.3954585706614,0.00010630108151588,1.922769755E-05,0.004858571255,
52.458,0.0359999999999943,95,95,2,94,0,12.6192099604334,-34.4514041503748,0.000105627913015383,2.060413146E-05,0.004297144791,
52.459,0.036999999999999,95,95,2,94,0,12.6192225866018,-34.5497630000523,0.000105192302839896,1.812723288E-05,0.001319519308,
52.46,0.0379999999999967,95,95,2,94,0,12.6192318406813,-34.7380208238862,0.000104871705502774,1.369335075E-05,-0.001907993898,
52.461,0.0389999999999944,95,95,2,94,0,12.6192413122883,-34.8451091348274,0.000104542173474442,1.033096442E-05,-0.003525338325,
52.462,0.0399999999999991,95,95,2,94,0,12.6192521186999,-34.7476724281547,0.000104166149355933,9.80679013E-06,-0.002832371458,
52.463,0.0409999999999968,95,95,2,94,0,12.6192687954526,-34.6468099101094,0.000103587512043646,1.216707255E-05,-0.000510300889,
52.464,0.0419999999999945,95,95,2,94,0,12.61929408322,-34.6280517747505,0.000102711608747086,1.749895478E-05,0.00238642535,
52.465,0.0429999999999993,95,95,2,94,0,12.6193192025384,-34.5960900025598,0.000101842177116396,2.265392829E-05,0.004387329671,
52.466,0.0439999999999969,95,95,2,94,0,12.6193353887173,-34.6083479029393,0.00010128209940774,2.248991125E-05,0.003612348961,
52.467,0.0449999999999946,95,95,2,94,0,12.619339404432,-34.5740803011713,0.000101143190960329,1.521498149E-05,-0.000701593691,
52.468,0.0459999999999994,95,95,2,94,0,12.6193395678077,-34.4904244845953,0.000101137549236796,6.51115226E-06,-0.005570325785,
52.469,0.046999999999997,95,95,2,94,0,12.6193486655089,-34.5029005779775,0.000100823708905295,3.99937505E-06,-0.006417543783,
52.47,0.0479999999999947,95,95,2,94,0,12.619371106266,-34.5171829901304,0.000100049277435232,1.042032032E-05,-0.001689576072,
52.471,0.0489999999999995,95,95,2,94,0,12.6194032359805,-34.4660389354417,9.89410718261752E-05,2.134452755E-05,0.005092107114,
52.472,0.0499999999999972,95,95,2,94,0,12.6194390228402,-34.425195586348,9.77083713564753E-05,3.032017084E-05,0.00898865946,
52.473,0.0509999999999948,95,95,2,94,0,12.6194663404393,-34.3740074806219,9.6768656831614E-05,3.214893796E-05,0.007416149621,
52.474,0.0519999999999996,95,95,2,94,0,12.6194741306575,-34.3444203132256,9.65009910629533E-05,2.400016301E-05,0.00097956735,
52.475,0.0529999999999973,95,95,2,94,0,12.6194663269533,-34.3983030302655,9.67692150055655E-05,8.97025575E-06,-0.007219852022,
52.476,0.0539999999999949,95,95,2,94,0,12.6194557275563,-34.4606378731953,9.71341466282638E-05,-3.96423535E-06,-0.012336942719,
52.477,0.0549999999999997,95,95,2,94,0,12.6194519018696,-34.4999544302782,9.72660574376505E-05,-7.72857608E-06,-0.010812070837,
52.478,0.0559999999999974,95,95,2,94,0,12.6194550751593,-34.4606448291519,9.71566414591507E-05,-3.75810686E-06,-0.004194942856,
52.479,0.0569999999999951,95,95,2,94,0,12.6194562041441,-34.3371575080191,9.71178056232702E-05,4.6030534E-07,0.001724409129,
52.48,0.0579999999999998,95,95,2,94,0,12.6194537177123,-34.3454191634716,9.72031928938577E-05,6.5765129E-07,0.002937709431,
52.481,0.0589999999999975,95,95,2,94,0,12.619452507395,-34.4801382983734,9.72448432747797E-05,-1.01897247E-06,0.000841474912,
52.482,0.0599999999999952,95,95,2,94,0,12.619453067349,-34.5153969558545,9.72255261046939E-05,-1.06207026E-06,-0.000624375056,
52.483,0.0609999999999999,95,95,2,94,0,12.6194524459426,-34.3835983487081,9.72469332367609E-05,-3.2553551E-07,-0.000299265819,
52.484,0.0619999999999976,95,95,2,94,0,12.6194438939055,-34.2259005122912,9.7540308729549E-05,-2.64618749E-06,-0.000414511031,
52.485,0.0629999999999953,95,95,2,94,0,12.619432601478,-34.2629754461563,9.79270115664121E-05,-6.99496501E-06,-0.002011933623,
52.486,0.0640000000000001,95,95,2,94,0,12.619428404929,-34.3456609426411,9.80709713189754E-05,-8.34154683E-06,-0.002839681148,
52.487,0.0649999999999977,95,95,2,94,0,12.6194347921523,-34.3378390230397,9.78516228968829E-05,-3.15018086E-06,-0.000285856193,
52.488,0.0659999999999954,95,95,2,94,0,12.6194536085763,-34.2195094321815,9.72066208362321E-05,6.94085182E-06,0.004699881646,
52.489,0.0670000000000002,95,95,2,94,0,12.6194744696501,-34.2561352082103,9.64923830935049E-05,1.570105873E-05,0.008221884936,
52.49,0.0679999999999978,95,95,2,94,0,12.619481796451,-34.5501257045942,9.62403182143134E-05,1.618739699E-05,0.006677294046,
52.491,0.0689999999999955,95,95,2,94,0,12.6194713131944,-34.796000060398,9.66038048346718E-05,6.04406552E-06,-0.000220402064,
52.492,0.0700000000000003,95,95,2,94,0,12.6194542938889,-34.9550872724165,9.71973623649092E-05,-7.10105402E-06,-0.007854966972,
52.493,0.070999999999998,95,95,2,94,0,12.619449266302,-34.8981757194406,9.73729590327821E-05,-1.146097525E-05,-0.009609023626,
52.494,0.0719999999999956,95,95,2,94,0,12.619464485455,-34.7213336745579,9.68431840533412E-05,-2.55108051E-06,-0.003014535932,
52.495,0.0730000000000004,95,95,2,94,0,12.6194927045188,-34.5204696683372,9.58662146217648E-05,1.304510427E-05,0.006934836961,
52.496,0.0739999999999981,95,95,2,94,0,12.6195242955536,-34.5168512569197,9.47757344249567E-05,2.533068186E-05,0.012597115611,
52.497,0.0749999999999957,95,95,2,94,0,12.6195542278852,-34.6274434219145,9.37409094490249E-05,3.008183254E-05,0.011018431674,
52.498,0.0759999999999934,95,95,2,94,0,12.6195852673678,-34.6265675587538,9.26661051181554E-05,3.076208786E-05,0.005790210145,
52.499,0.0769999999999982,95,95,2,94,0,12.6196182892848,-34.5541548744706,9.15238650804895E-05,3.130206762E-05,0.00185944126,
52.5,0.0779999999999959,95,95,2,94,0,12.6196515412999,-34.5449952951897,9.0375022082867E-05,3.249621611E-05,0.000778313047,
52.501,0.0789999999999935,95,95,2,94,0,12.6196885534146,-34.6182072983339,8.90950838936533E-05,3.431101555E-05,0.001184093156,
52.502,0.0799999999999983,95,95,2,94,0,12.6197255893575,-34.6196338566573,8.78129395260885E-05,3.589123328E-05,0.001558229642,
52.503,0.080999999999996,95,95,2,94,0,12.6197499634333,-34.6370948862497,8.69689051512523E-05,3.323023431E-05,0.000378227233,
52.504,0.0819999999999936,95,95,2,94,0,12.6197624428517,-34.6899732498853,8.65363244031414E-05,2.460423871E-05,-0.003178132949,
52.505,0.0829999999999984,95,95,2,94,0,12.6197786234872,-34.7052429967563,8.59748950574613E-05,1.715818075E-05,-0.006482515319,
52.506,0.0839999999999961,95,95,2,94,0,12.6198121328513,-34.6265024351323,8.48132637116805E-05,2.026888895E-05,-0.004633009404,
52.507,0.0849999999999937,95,95,2,94,0,12.6198647508242,-34.4782731852637,8.29951870997547E-05,3.404332816E-05,0.003142797655,
52.508,0.0859999999999985,95,95,2,94,0,12.6199324082064,-34.4529789137117,8.06633330654449E-05,5.139721305E-05,0.011649153611,
52.509,0.0869999999999962,95,95,2,94,0,12.6200114524711,-34.5422289854034,7.79364953302775E-05,6.656162416E-05,0.015623209052,
52.51,0.0879999999999939,95,95,2,94,0,12.6201000379752,-34.6127781054237,7.48734297530973E-05,7.849057177E-05,0.014850614194,
52.511,0.0889999999999986,95,95,2,94,0,12.6201881756928,-34.6402966741824,7.18215257791144E-05,8.558879633E-05,0.011450369745,
52.512,0.0899999999999963,95,95,2,94,0,12.6202615622682,-34.5592898860713,6.92823654446784E-05,8.384671089E-05,0.005895348475,
52.513,0.090999999999994,95,95,2,94,0,12.6203083210813,-34.4798737750655,6.76682707734244E-05,6.982358937E-05,-0.002774303264,
52.514,0.0919999999999987,95,95,2,94,0,12.6203292974292,-34.3955760111369,6.69458930815381E-05,4.701240223E-05,-0.012975230382,
52.515,0.0929999999999964,95,95,2,94,0,12.6203294334422,-34.4203945267976,6.69412131486524E-05,2.245898699E-05,-0.020697435884,
52.516,0.0939999999999941,95,95,2,94,0,12.6203202036222,-34.4434706743014,6.72590136900908E-05,3.57836357E-06,-0.022328909264,
52.517,0.0949999999999989,95,95,2,94,0,12.6203209106455,-34.5299064529138,6.72346307908356E-05,-3.43901711E-06,-0.017023488144,
52.518,0.0959999999999965,95,95,2,94,0,12.6203385203416,-34.5719448654437,6.66261994979322E-05,2.79677215E-06,-0.00660040252,
52.519,0.0969999999999942,95,95,2,94,0,12.6203696785596,-34.5470310422196,6.55493874432977E-05,1.660345083E-05,0.004531105104,
52.52,0.097999999999999,95,95,2,94,0,12.6204062004941,-34.4908636084416,6.42886887050054E-05,2.870277638E-05,0.011023205915,
52.521,0.0989999999999966,95,95,2,94,0,12.6204363896927,-34.4998275667493,6.32473018669089E-05,3.301299878E-05,0.010274800544,
52.522,0.0999999999999943,95,95,2,94,0,12.6204571070372,-34.5720027127923,6.25318094193972E-05,2.924746314E-05,0.004224225933,
52.523,0.100999999999999,95,95,2,94,0,12.6204653210162,-34.6573848498367,6.22474850473509E-05,1.980789108E-05,-0.003045019154,
52.524,0.101999999999997,95,95,2,94,0,12.6204652790483,-34.6563904785642,6.2248939528331E-05,9.48820458E-06,-0.008001395466,
52.525,0.102999999999994,95,95,2,94,0,12.6204662117757,-34.5494328378509,6.22166644461686E-05,2.72722476E-06,-0.008988040164,
52.526,0.103999999999999,95,95,2,94,0,12.6204663222863,-34.4549365697302,6.22128515885834E-05,3.9365377E-07,-0.006500369175,
52.527,0.104999999999997,95,95,2,94,0,12.6204719926084,-34.4546555620084,6.20174817953512E-05,2.02511909E-06,-0.002472282746,
52.528,0.105999999999995,95,95,2,94,0,12.620493150405,-34.4765103624011,6.12882659964953E-05,8.648621E-06,0.001939565404,
52.529,0.106999999999999,95,95,2,94,0,12.6205234240284,-34.4575257020336,6.02448244677589E-05,1.924630229E-05,0.006318144747,
52.53,0.107999999999997,95,95,2,94,0,12.6205512694264,-34.4898642483788,5.92848907103871E-05,2.681040774E-05,0.008495354724,
52.531,0.108999999999995,95,95,2,94,0,12.6205677042505,-34.5444322651687,5.87176074446916E-05,2.515069345E-05,0.00570703228,
52.532,0.109999999999999,95,95,2,94,0,12.6205756683618,-34.5868035863058,5.84423230094444E-05,1.731678243E-05,-0.000744827387,
52.533,0.110999999999997,95,95,2,94,0,12.6205871876495,-34.6716388564942,5.80434190453616E-05,1.157187806E-05,-0.005354950006,
52.534,0.111999999999995,95,95,2,94,0,12.6206032764607,-34.8170298856033,5.74844240048833E-05,1.182359183E-05,-0.004572620923,
52.535,0.113,95,95,2,94,0,12.6206183334206,-34.8795144719342,5.69597149677747E-05,1.440839876E-05,-0.000847343724,
52.536,0.113999999999997,95,95,2,94,0,12.620631007499,-34.8735638974908,5.65176869713468E-05,1.465165084E-05,0.001182412527,
52.537,0.114999999999995,95,95,2,94,0,12.6206425048358,-34.8832349938213,5.61166782659939E-05,1.303592037E-05,0.00038802377,
52.538,0.116,95,95,2,94,0,12.6206634542238,-34.9648881711322,5.53850405538014E-05,1.468597464E-05,-7.8300283E-05,
52.539,0.116999999999997,95,95,2,94,0,12.6206961572142,-34.9611918312782,5.42416445910021E-05,2.163985336E-05,0.002261466183,
52.54,0.117999999999995,95,95,2,94,0,12.6207322820407,-34.9670053623639,5.29785725973397E-05,3.020346051E-05,0.005845649914,
52.541,0.119,95,95,2,94,0,12.6207685292586,-34.9788476217617,5.17109013031813E-05,3.513499309E-05,0.00699106625,
52.542,0.119999999999997,95,95,2,94,0,12.6208074910259,-34.8973762766035,5.03496507207046E-05,3.70248653E-05,0.00510865684,
52.543,0.120999999999995,95,95,2,94,0,12.6208574309372,-34.7678794808464,4.86101123726712E-05,4.144084568E-05,0.003560202772,
52.544,0.122,95,95,2,94,0,12.6209265852753,-34.6446389271357,4.621002398153E-05,5.241079614E-05,0.005624338953,
52.545,0.122999999999998,95,95,2,94,0,12.6210086550139,-34.7077354260628,4.33641583583722E-05,6.726463021E-05,0.010168924519,
52.546,0.123999999999995,95,95,2,94,0,12.6210946023199,-34.7438621313964,4.03795694978726E-05,7.935838867E-05,0.012860646304,
52.547,0.125,95,95,2,94,0,12.6211848586828,-34.6796403982757,3.72466130755811E-05,8.607675285E-05,0.011309162859,
52.548,0.125999999999998,95,95,2,94.25,0,12.6212817904323,-34.5898577781364,3.38894062537065E-05,9.096626181E-05,0.007782325898,
52.549,0.126999999999995,95,95,2,94.25,0,12.6213849301358,-34.6846202285279,3.03169316850926E-05,9.679151972E-05,0.005718890211,
52.55,0.128,95,95,2,94.25,0,12.6214890789426,-34.8494546997697,2.66959862216254E-05,0.00010158004829,0.005233514423,
52.551,0.128999999999998,95,95,2,94.25,0,12.6215859100831,-34.9026539205055,2.33188981013654E-05,0.00010165077592,0.00368420709,
52.552,0.129999999999995,95,95,2,94.25,0,12.6216690827148,-34.823399757845,2.04192484147825E-05,9.492888775E-05,-0.000551716828,
52.553,0.131,95,95,2,94.25,0,12.6217303042222,-34.7151637341861,1.82906205736799E-05,8.068484705E-05,-0.006940749189,
52.554,0.131999999999998,95,95,2,94.25,0,12.621765444728,-34.7311608942987,1.70704310846759E-05,5.998254421E-05,-0.013924873583,
52.555,0.132999999999996,95,95,2,94.25,0,12.6217904140755,-34.746006165461,1.6203031321993E-05,3.991345879E-05,-0.018574858972,
52.556,0.134,95,95,2,94.25,0,12.6218243796132,-34.7065362994807,1.50235348428396E-05,3.071955205E-05,-0.016996497042,
52.557,0.134999999999998,95,95,2,94.25,0,12.6218748488363,-34.6303772598928,1.32738447575775E-05,3.621778626E-05,-0.008048818059,
52.558,0.135999999999996,95,95,2,94.25,0,12.6219332359898,-34.5861472281154,1.12531668321481E-05,4.78934966E-05,0.002943834764,
52.559,0.137,95,95,2,94.25,0,12.6219889254187,-34.6235230613083,9.32604332604114E-06,5.5202457E-05,0.008512442519,
52.56,0.137999999999998,95,95,2,94.25,0,12.6220399381275,-34.7508403140338,7.55655622697304E-06,5.509573025E-05,0.006394279237,
52.561,0.138999999999996,95,95,2,94.25,0,12.6220908357833,-34.8766477354213,5.78461826705734E-06,5.238120893E-05,0.001335641024,
52.562,0.139999999999993,95,95,2,94.25,0,12.6221474209083,-34.9475046912228,3.80911406239193E-06,5.263841246E-05,-0.001040665494,
52.563,0.140999999999998,95,95,2,94.25,0,12.6222143592873,-34.9204648734842,1.47068975309139E-06,5.798486044E-05,0.00089245941,
52.564,0.141999999999996,95,95,2,94.25,0,12.6222935146299,-34.7544799767811,-1.28688230915941E-06,6.749749188E-05,0.005069529683,
52.565,0.142999999999994,95,95,2,94.25,0,12.622385868704,-34.6517716235012,-4.49185736783875E-06,7.944987297E-05,0.008994701297,
52.566,0.143999999999998,95,95,2,94.25,0,12.6224920428924,-34.63743540538,-8.17022002763679E-06,9.254048894E-05,0.011561926659,
52.567,0.144999999999996,95,95,2,94.25,0,12.6226046230197,-34.6419986773351,-1.20699637875532E-05,0.00010394993578,0.012244794767,
52.568,0.145999999999994,95,95,2,94.25,0,12.6227163558721,-34.6140752425091,-1.59390531280224E-05,0.00011040416316,0.010427231741,
52.569,0.146999999999998,95,95,2,94.25,0,12.6228220861474,-34.5927767742645,-1.95976828933908E-05,0.00011018626174,0.005939154578,
52.57,0.147999999999996,95,95,2,94.25,0,12.6229151665562,-34.5889859662425,-2.28174162657524E-05,0.00010373608848,-8.5944332E-05,
52.571,0.148999999999994,95,95,2,94.25,0,12.6229913412325,-34.505942282775,-2.54490581710343E-05,9.1803649E-05,-0.006225171574,
52.572,0.149999999999999,95,95,2,94.25,0,12.6230488045969,-34.4350623204429,-2.74298492115577E-05,7.563300248E-05,-0.011559221726,
52.573,0.150999999999996,95,95,2,94.25,0,12.623089553862,-34.4930329400186,-2.88342338166103E-05,5.806252818E-05,-0.015319132742,
52.574,0.151999999999994,95,95,2,94.25,0,12.6231226030203,-34.6062995417429,-2.99760712039188E-05,4.345346285E-05,-0.016262103275,
52.575,0.152999999999999,95,95,2,94.25,0,12.6231555643475,-34.7141521816866,-3.11185182511053E-05,3.533284101E-05,-0.013550954974,
52.576,0.153999999999996,95,95,2,94.25,0,12.6231885329472,-34.79258824306,-3.22642881940283E-05,3.298985828E-05,-0.008333863154,
52.577,0.154999999999994,95,95,2,94.25,0,12.6232128818234,-34.9855705290888,-3.31137980680296E-05,3.03805009E-05,-0.004156186858,
52.578,0.155999999999999,95,95,2,94.25,0,12.6232278422135,-35.2464486017217,-3.36391472757214E-05,2.411824742E-05,-0.003625313815,
52.579,0.156999999999996,95,95,2,94.25,0,12.6232418144286,-35.4024158429027,-3.41327078388076E-05,1.748048343E-05,-0.005279037803,
52.58,0.157999999999994,95,95,2,94.25,0,12.623263675925,-35.4187179523226,-3.49068358218574E-05,1.663545199E-05,-0.004787291072,
52.581,0.158999999999999,95,95,2,94.25,0,12.6233019567739,-35.2739105095398,-3.62599227372584E-05,2.442051776E-05,6.177958E-06,
52.582,0.159999999999997,95,95,2,94.25,0,12.6233663842562,-35.0803803717913,-3.85262976578815E-05,4.119903317E-05,0.007894071499,
52.583,0.160999999999994,95,95,2,94.25,0,12.6234584898287,-34.9200436653089,-4.17500122296133E-05,6.488691934E-05,0.016153291746,
52.584,0.161999999999999,95,95,2,94.25,0,12.6235703469253,-34.974825613355,-4.56591308051202E-05,8.972760264E-05,0.021960914081,
52.585,0.162999999999997,95,95,2,94.25,0,12.6236946986013,-35.1049980740233,-5.0016402568076E-05,0.00010968001318,0.023028362333,
52.586,0.163999999999994,95,95,2,94.25,0,12.6238260865262,-35.1280688119641,-5.46302910322538E-05,0.00012271417686,0.01934341831,
52.587,0.164999999999999,95,95,2,94.25,0,12.6239605001914,-35.0094864836987,-5.9344013962459E-05,0.00013018477235,0.013440567281,
52.588,0.165999999999997,95,95,2,94.25,0,12.6240960499479,-34.9104943189782,-6.40828321536446E-05,0.0001338467705,0.007997086745,
52.589,0.166999999999994,95,95,2,94.25,0,12.6242268387295,-34.8686605961002,-6.86459974730269E-05,0.00013378063664,0.003686137749,
52.59,0.167999999999999,95,95,2,94.25,0,12.6243438123157,-34.8616763314482,-7.27243012619283E-05,0.00012807251545,-0.000640290456,
52.591,0.168999999999997,95,95,2,94.25,0,12.6244430569501,-34.8423019222071,-7.61831741868946E-05,0.00011579945928,-0.005985005485,
52.592,0.169999999999995,95,95,2,94.25,0,12.6245268034437,-34.830726754684,-7.91006101081848E-05,9.99138777E-05,-0.011387333299,
52.593,0.170999999999999,95,95,2,94.25,0,12.6246042026265,-34.8746480703564,-8.17981796359391E-05,8.64917426E-05,-0.014062790013,
52.594,0.171999999999997,95,95,2,94.25,0,12.6246919745674,-34.9792555121187,-8.48637859860446E-05,8.241520347E-05,-0.011357490253,
52.595,0.172999999999995,95,95,2,94.25,0,12.6247963886817,-35.0437657756138,-8.85194818636137E-05,8.965276549E-05,-0.003485987576,
52.596,0.173999999999999,95,95,2,94.25,0,12.6249029117239,-35.0636739906841,-9.22535107434896E-05,0.00010005414065,0.004792475617,
52.597,0.174999999999997,95,95,2,94.25,0,12.6250018897514,-35.0828593761538,-9.57249934998572E-05,0.00010362685942,0.007403634301,
52.598,0.175999999999995,95,95,2,94.25,0,12.6251049423311,-35.0933055699047,-9.93409109213417E-05,0.00010246389757,0.004200611501,
52.599,0.177,95,95,2,94.25,0,12.6252273739106,-35.0494283768005,-0.000103634753770621,0.00010764391398,0.002160635814,
52.6,0.177999999999997,95,95,2,94.25,0,12.6253721333777,-35.0361695850319,-0.000108707530671381,0.00012331624584,0.006424817567,
52.601,0.178999999999995,95,95,2,94.25,0,12.6255238436045,-34.9639047326588,-0.000114017394238886,0.00014014632873,0.012871962534,
52.602,0.18,95,95,2,94.25,0,12.6256707965668,-34.864117277294,-0.000119148111579648,0.00014819781954,0.013849179957,
52.603,0.180999999999997,95,95,2,94.25,0,12.6258111594962,-34.813980974245,-0.000124038222566014,0.00014640313178,0.007731214863,
52.604,0.181999999999995,95,95,2,94.25,0,12.62593858983,-34.7649730365555,-0.000128471457230717,0.00013846016059,-0.000685319218,
52.605,0.183,95,95,2,94.25,0,12.6260485810293,-34.8379515972328,-0.000132299311800921,0.00012607837213,-0.007430131342,
52.606,0.183999999999997,95,95,2,94.25,0,12.6261436403288,-34.8543286544993,-0.000135611761464816,0.00011074336971,-0.011936107467,
52.607,0.184999999999995,95,95,2,94.25,0,12.6262295292481,-34.7937400471865,-0.000138602760145545,9.678775538E-05,-0.014035221805,
52.608,0.186,95,95,2,94.25,0,12.6263093102386,-34.7545179649756,-0.000141377074598381,8.680765472E-05,-0.013176776656,
52.609,0.186999999999998,95,95,2,94.25,0,12.6263750594967,-34.8056996181609,-0.000143663840944441,7.740384942E-05,-0.010999866153,
52.61,0.187999999999995,95,95,2,94.25,0,12.626404118204,-34.7931531615961,-0.000144675067289768,5.895161258E-05,-0.01229122337,
52.611,0.189,95,95,2,94.25,0,12.6263764561637,-34.652675424064,-0.000143714560635999,2.304964826E-05,-0.020972625622,
52.612,0.189999999999998,95,95,2,94.25,0,12.6262737241925,-34.5831527955608,-0.000140158194085416,-3.316679529E-05,-0.036761389845,
52.613,0.190999999999995,95,95,2,94.25,0,12.626072895222,-34.4991536263203,-0.000133221329846833,-0.00010964009172,-0.056199155645,
52.614,0.192,95,95,2,94.25,0,12.6257134146892,-34.3116016398762,-0.000120853266366794,-0.0002189953394,-0.080260825941,
52.615,0.192999999999998,95,95,2,94.25,0,12.6250567951802,-33.9408140317031,-9.84453325258983E-05,-0.00040102675697,-0.121293513272,
52.616,0.193999999999996,95,95,2,94.25,0,12.6238995186849,-33.3049931554574,-5.9534336486422E-05,-0.00071767491203,-0.20061358785,
52.617,0.195,95,95,2,94.25,0,12.6219979036724,-32.7404912010652,3.26220579438541E-06,-0.00123038095457,-0.335080500057,
52.618,0.195999999999998,95,95,2,94.25,0,12.6190822150031,-32.2176838391075,9.79611132692071E-05,-0.00198253555438,-0.525723243477,
52.619,0.196999999999996,95,95,2,94.25,0,12.6148580560182,-31.6556110925974,0.000232866589612968,-0.00300400766694,-0.761115286454,
52.62,0.198,95,95,2,94.25,0,12.6090035867673,-30.9943051661036,0.000416257593769842,-0.00432071097002,-1.029246215891,
52.621,0.198999999999998,95,95,2,94.25,0,12.6011681702132,-30.4690724068872,0.000657053176823297,-0.00595966036206,-1.324807772612,
52.622,0.199999999999996,95,95,2,94.25,0,12.5909793276394,-29.9973216933825,0.000965094462074489,-0.00794716016905,-1.646840689837,
52.623,0.200999999999993,95,95,2,94.25,0,12.5780287990403,-29.3831002293277,0.001349598388245,-0.01031132057548,-1.995932862337,
52.624,0.201999999999998,95,95,2,94.25,0,12.5618962230744,-28.8444684851484,0.00181927872604604,-0.01307663700155,-2.37150903249,
52.625,0.202999999999996,95,95,2,94.25,0,12.5421581896158,-28.4257601774458,0.00238447957080723,-0.01625959900367,-2.770263292993,
52.626,0.203999999999994,95,95,2,94.25,0,12.5183873637955,-28.1174525204914,0.00305651900099235,-0.0198662339193,-3.184770203358,
52.627,0.204999999999998,95,95,2,94.25,0,12.4901473677326,-27.9788798733038,0.00384859910396074,-0.02390173918457,-3.608194146469,
52.628,0.205999999999996,95,95,2,94.25,0,12.4570029298728,-28.0514743011437,0.004777146400059,-0.02837057752919,-4.036844084183,
52.629,0.206999999999994,95,95,2,94.25,0,12.4185249510864,-28.2980155055596,0.00586125363676615,-0.03327316759871,-4.468963938285,
52.63,0.207999999999998,95,95,2,94.25,0,12.3742959130418,-28.6372018246909,0.00712034858345589,-0.03860323428588,-4.900707537345,
52.631,0.208999999999996,95,95,2,94.25,0,12.3239135250614,-29.1797886671194,0.00857682760685918,-0.04434972524788,-5.326750984324,
52.632,0.209999999999994,95,95,2,94.25,0,12.2669946696522,-29.9048342701669,0.0102583421617908,-0.0504973232283,-5.741895785077,
52.633,0.210999999999999,95,95,2,94.25,0,12.203186241997,-30.7759329972863,0.0121943143359147,-0.05702478685436,-6.141225568586,
52.634,0.211999999999996,95,95,2,94.25,0,12.1321628138598,-32.0214823201487,0.0144243581929118,-0.063906056126,-6.519645626042,
52.635,0.212999999999994,95,95,2,94.25,0,12.0536130145739,-33.5815369334686,0.0170009101903759,-0.07111683933721,-6.873981759837,
52.636,0.213999999999999,95,95,2,94.25,0,11.9672211764716,-35.2464700923188,0.0199739992103076,-0.07864449958621,-7.206992140676,
52.637,0.214999999999996,95,95,2,94.25,0,11.8726399586803,-37.0733449777065,0.0233940473001866,-0.08649604036408,-7.529761296324,
52.638,0.215999999999994,95,95,2,94.25,0,11.7694920183531,-39.1076481245053,0.0273230035654706,-0.09469442064537,-7.858428470235,
52.639,0.216999999999999,95,95,2,94.25,0,11.6573871542272,-41.3412640808697,0.0318323607514088,-0.10326500070604,-8.205988364078,
52.64,0.217999999999996,95,95,2,94.25,0,11.5359596861769,-43.8777235205408,0.0370063236985345,-0.11221456816361,-8.572616345926,
52.641,0.218999999999994,95,95,2,94.25,0,11.4048822894771,-46.6705067071065,0.0429407368455372,-0.12152566546783,-8.944330192495,
52.642,0.219999999999999,95,95,2,94.25,0,11.2638479501741,-49.690184220352,0.0497358200354086,-0.13116950088591,-9.302459784383,
52.643,0.220999999999997,95,95,2,94.25,0,11.1125788031223,-53.0305679266774,0.0575050603163021,-0.14111769884668,-9.635322746729,
52.644,0.221999999999994,95,95,2,94.25,0,10.9508017949726,-56.8196286685578,0.0663906783912154,-0.15135106305653,-9.942439072687,
52.645,0.222999999999999,95,95,2,94.25,0,10.7782494500257,-61.0821639153319,0.0765627937831113,-0.16185725085949,-10.229661413059,
52.646,0.223999999999997,95,95,2,94.25,0,10.5946849570925,-65.6981811247779,0.0881989786586956,-0.17262338830363,-10.502325617381,
52.647,0.224999999999994,95,95,2,94.25,0,10.3999146037408,-70.4272678369585,0.101455579555918,-0.18362260666286,-10.758076826313,
52.648,0.225999999999999,95,95,2,94.25,0,10.1937912133314,-75.5734838948163,0.116502664530543,-0.19481450634346,-10.987098481114,
52.649,0.226999999999997,95,95,2,94.25,0,9.97620657320001,-81.400930087641,0.133580275218648,-0.206155854208687,-11.1789297395771,
52.65,0.227999999999994,95,95,2,94.25,0,9.7471013105927,-87.8096022668591,0.152963786944156,-0.217602451957569,-11.3280883749354,
52.651,0.228999999999999,95,95,2,94.25,0,9.50647307614614,-94.6966864112701,0.174921869954161,-0.229105967416309,-11.4320980967429,
52.652,0.229999999999997,95,95,2,94.25,0,9.25437498064455,-102.022329655592,0.199718114603868,-0.240612301211294,-11.4872856466561,
52.653,0.230999999999995,95,95,2,94.25,0,8.99093092827368,-109.765036504912,0.227615175595005,-0.252060924245865,-11.4881750659873,
52.654,0.231999999999999,95,95,2,94.25,0,8.71632075339821,-117.798735092908,0.258860839151907,-0.263390102061466,-11.4301026970042,
52.655,0.232999999999997,95,95,2,94.25,0,8.43074639292291,-126.327428269395,0.293718925640647,-0.274549593804039,-11.3141055593836,
52.656,0.233999999999995,95,95,2,94.25,0,8.13440814093837,-135.195072566408,0.332468486016793,-0.285514272248123,-11.1519535749347,
52.657,0.234999999999999,95,95,2,94.25,0,7.82741871989123,-143.404191742799,0.375231999444011,-0.296304435250548,-10.970767801133,
52.658,0.235999999999997,95,95,2,94.25,0,7.50976381874838,-151.822566483796,0.422122112793602,-0.306993714357073,-10.8122524661527,
52.659,0.236999999999995,95,95,2,94.25,0,7.18134353592969,-161.598079646293,0.473588961415231,-0.317684871616889,-10.7201077212823,
52.66,0.238,95,95,2,94.25,0,6.8419464406028,-173.391942941881,0.530436281730189,-0.328483712068398,-10.7228987713366,
52.661,0.238999999999997,95,95,2,94.25,0,6.49138318267554,-184.204288732359,0.593116331729306,-0.339453900354541,-10.8179398443913,
52.662,0.239999999999995,95,95,2,94.25,0,6.12967488280109,-194.531418971063,0.661612256196889,-0.350556921731306,-10.9586338629394,
52.663,0.241,95,95,2,94.25,0,5.75707915240497,-205.16478029984,0.73607480484884,-0.361631016446794,-11.0544934511953,
52.664,0.241999999999997,95,95,2,94.25,0,5.37402725686772,-217.049767715858,0.816939846319244,-0.372466350781958,-11.0111445997739,
52.665,0.242999999999995,95,95,2,94.25,0,4.98106570918532,-228.370030268522,0.904456272911403,-0.382887941638456,-10.7828394056614,
52.666,0.244,95,95,2,94.25,0,4.57882659672836,-242.469370115876,0.999151284171603,-0.392771921471223,-10.3844305929785,
52.667,0.244999999999997,95,95,2,94.25,0,4.16795901233185,-258.276060927799,1.10202131699685,-0.402044384606457,-9.8618081306264,
52.668,0.245999999999995,95,95,2,94.25,0,3.74908347395431,-274.220031119187,1.21354611061692,-0.410681429008954,-9.2652925246728,
52.669,0.247,95,95,2,94.25,0,3.32284106005352,-289.343050904098,1.3336533548504,-0.418683214840206,-8.6370924509446,
52.67,0.247999999999998,95,95,2,94.25,0,2.88995622269888,-304.524766611381,1.46219154164807,-0.42602507827997,-7.9943866851791,
52.671,0.248999999999995,95,95,2,94.25,0,2.45119884169318,-319.9654707602,1.59919139215445,-0.432653873413803,-7.3259196654311,
52.672,0.25,95,95,2,94.25,0,2.00732238352276,-335.281313895409,1.74461570315469,-0.438531341059798,-6.6173173792609,
52.673,0.250999999999998,95,95,2,94.5,0,1.55897919019694,-352.991077200929,1.89890682400576,-0.443680755567624,-5.8844499508957,
52.674,0.251999999999995,95,95,2,94.5,0,1.10677258105904,-371.343346609653,2.06268123084239,-0.448162197522824,-5.1674386834889,
52.675,0.253,95,95,2,94.5,0,0.651391013388858,-389.802770048008,2.2359871867572,-0.452000071953961,-4.4887634637689,
52.676,0.253999999999998,95,95,2,94.5,0,0.193555076761666,-408.514390775158,2.41873632928272,-0.4551653907976,-3.8291780121065,
52.677,0.254999999999995,95,95,2,94.5,0,-0.266052680147838,-429.125125847142,2.6112291389495,-0.457631172024783,-3.1572242349516,
52.678,0.256,95,95,2,94.5,0,-0.726612653388561,-452.474486086301,2.81424388579005,-0.459361875724176,-2.4551192537828,
52.679,0.256999999999998,95,95,2,94.5,0,-1.1869769906011,-474.340940787025,3.0275802706455,-0.460215617532902,-1.6881383905299,
52.68,0.257999999999996,95,95,2,94.5,0,-1.6458079954232,-495.160006811787,3.24999881762687,-0.459963028303862,-0.7849310645963,
52.681,0.259,95,95,2,94.5,0,-2.10181059202607,-516.492991150514,3.48065701459282,-0.458442482073463,0.3010770181179,
52.682,0.259999999999998,95,95,2,94.5,0,-2.55398820720587,-539.696706680159,3.71944968396409,-0.455703624641718,1.5056524903951,
52.683,0.260999999999996,95,95,2,94.5,0,-3.00164614869593,-563.889009862953,3.96646413902685,-0.451969207499799,2.6720319843934,
52.684,0.262,95,95,2,94.5,0,-3.44414701026373,-588.520985087328,4.22143534684928,-0.447466719620304,3.6661704501396,
52.685,0.262999999999998,95,95,2,94.5,0,-3.88071176895539,-613.809855545559,4.48388298350349,-0.442267154681636,4.4811897759741,
52.686,0.263999999999996,95,95,2,94.5,0,-4.31037980590686,-639.718993820738,4.75318362348813,-0.436276573032445,5.227746834073,
52.687,0.264999999999993,95,95,2,94.5,0,-4.73213259576842,-667.227861845352,5.02878786477712,-0.429362479346554,6.0303302470441,
52.688,0.265999999999998,95,95,2,94.5,0,-5.14497032859824,-695.829029268023,5.31014852309977,-0.421452846879011,6.9357017093766,
52.689,0.266999999999996,95,95,2,94.5,0,-5.54787284469873,-725.331406480687,5.59644308077257,-0.412531684920543,7.9144296803249,
52.69,0.267999999999994,95,95,2,94.5,0,-5.93973909270279,-755.551162058596,5.88659702870663,-0.40257220069036,8.929199792705,
52.691,0.268999999999998,95,95,2,94.5,0,-6.31944467884589,-786.566916172678,6.17937245310497,-0.391528929874701,9.9731235243113,
52.692,0.269999999999996,95,95,2,94.5,0,-6.685874679738,-818.504567584836,6.47344562571756,-0.379371109126091,11.0524998199015,
52.693,0.270999999999994,95,95,2,94.5,0,-7.03792033572484,-850.907854745159,6.76730032138343,-0.366097372995826,12.1582303832212,
52.694,0.271999999999998,95,95,2,94.5,0,-7.37448619820946,-883.497425997186,7.0591711259889,-0.351717021407755,13.2709461531103,
52.695,0.272999999999996,95,95,2,94.5,0,-7.69453178411108,-916.141879529543,7.34715443396334,-0.336253717560386,14.3732526285186,
52.696,0.273999999999994,95,95,2,94.5,0,-7.99702173597051,-948.760213379818,7.62921150611669,-0.319734978663863,15.4550486843258,
52.697,0.274999999999999,95,95,2,94.5,0,-8.28085394798402,-981.125014419986,7.903093302686,-0.302159320118311,16.5191842764855,
52.698,0.275999999999996,95,95,2,94.5,0,-8.54489006897175,-1013.05575949629,8.16636118073258,-0.283490706659552,17.5864691248054,
52.699,0.276999999999994,95,95,2,94.5,0,-8.78804371270195,-1044.06584136844,8.41645948715576,-0.263710205118205,18.6742934095733,
52.7,0.277999999999999,95,95,2,94.5,0,-9.00925651781452,-1073.63005018742,8.65069021142898,-0.24283613532217,19.775005592977,
52.701,0.278999999999996,95,95,2,94.5,0,-9.20742331193398,-1101.38877594619,8.86619846539116,-0.220881253399926,20.8702429574913,
52.702,0.279999999999994,95,95,2,94.5,0,-9.3814587875994,-1126.83674178911,9.06009360932561,-0.197841201881181,21.9561891633316,
52.703,0.280999999999999,95,95,2,94.5,0,-9.53039468256353,-1149.44086209142,9.22960333038597,-0.173744996991245,23.031346651152,
52.704,0.281999999999996,95,95,2,94.5,0,-9.65342478288317,-1168.59500055793,9.37219742274911,-0.14869403078117,24.0657872746204,
52.705,0.282999999999994,95,95,2,94.5,0,-9.74986839961774,-1183.78723139709,9.48563354794506,-0.122825893637466,25.009689094122,
52.706,0.283999999999999,95,95,2,94.5,0,-9.81916383569267,-1194.53152064115,9.5680368654689,-0.096275107612199,25.8277805280842,
52.707,0.284999999999997,95,95,2,94.5,0,-9.86092281203683,-1200.2987110688,9.61803969496602,-0.069178952353591,26.5096021308004,
52.708,0.285999999999994,95,95,2,94.5,0,-9.87497104073373,-1200.64909575551,9.6349042269058,-0.041706689969213,27.0453766263367,
52.709,0.286999999999999,95,95,2,94.5,0,-9.86141262606181,-1195.51686348013,9.61866012105678,-0.014079459980432,27.4059205279679,
52.71,0.287999999999997,95,95,2,94.5,0,-9.82062574244016,-1185.6574025676,9.57009978222071,0.013444962346193,27.5498974088133,
52.711,0.288999999999994,95,95,2,94.5,0,-9.7531607055323,-1171.03914027549,9.49060247259894,0.040621788922594,27.4509859002046,
52.712,0.289999999999999,95,95,2,94.5,0,-9.65969116371165,-1151.74907003671,9.38204749771678,0.067262942395834,27.1204033705199,
52.713,0.290999999999997,95,95,2,94.5,0,-9.54103157127695,-1128.2221825064,9.24677726792198,0.093225205531025,26.5981883027736,
52.714,0.291999999999994,95,95,2,94.5,0,-9.39812013431674,-1101.5418740947,9.08744787521644,0.118378130608137,25.923128819182,
52.715,0.292999999999999,95,95,2,94.5,0,-9.23200916775123,-1072.28375668569,8.90689973687954,0.142595742484151,25.1151325342063,
52.716,0.293999999999997,95,95,2,94.5,0,-9.04382654430943,-1041.13992585071,8.70804493036768,0.165772604746811,24.1859809523372,
52.717,0.294999999999995,95,95,2,94.5,0,-8.83477008408565,-1008.55795493912,8.49379363862462,0.187823277413506,23.1512302678767,
52.718,0.295999999999999,95,95,2,94.5,0,-8.60609735423943,-974.06055798391,8.26710824482774,0.208679190075915,22.0301015441987,
52.719,0.296999999999997,95,95,2,94.5,0,-8.35906932876664,-938.755118812184,8.03084870496157,0.228294437647459,20.8421411364353,
52.72,0.297999999999995,95,95,2,94.5,0,-8.09499749637391,-903.426359116317,7.7876145857233,0.246634578860801,19.6049151913429,
52.721,0.298999999999999,95,95,2,94.5,0,-7.81529479075971,-868.428035976169,7.53981835159242,0.263647952283189,18.3246427835164,
52.722,0.299999999999997,95,95,2,94.5,0,-7.52138394030257,-834.372512283292,7.2895825729435,0.279275887100641,16.9957721781934,
52.723,0.300999999999995,95,95,2,94.5,0,-7.21460429589035,-800.775269981394,7.0387675453412,0.293509045190782,15.6251333807395,
52.724,0.302,95,95,2,94.5,0,-6.89622987001468,-767.782149202866,6.78907326144829,0.306397440664731,14.2481623234767,
52.725,0.302999999999997,95,95,2,94.5,0,-6.56752875704193,-735.317330562374,6.54203802549449,0.317993997565759,12.9042726869303,
52.726,0.303999999999995,95,95,2,94.5,0,-6.22979478319036,-704.006600329441,6.29898373007462,0.328312965107272,11.6008316650498,
52.727,0.305,95,95,2,94.5,0,-5.88427115893822,-674.122209123361,6.06089569961041,0.337361010708095,10.3209677671605,
52.728,0.305999999999997,95,95,2,94.5,0,-5.53213918304829,-645.68661159435,5.82852225569226,0.345169234623306,9.0573756773464,
52.729,0.306999999999995,95,95,2,94.5,0,-5.17454576106519,-619.136386505361,5.60237606364556,0.351787904226544,7.8233041273027,
52.73,0.308,95,95,2,94.5,0,-4.81257285638571,-593.796522448378,5.38285163952791,0.357268832964063,6.6342136371142,
52.731,0.308999999999998,95,95,2,94.5,0,-4.44716377760729,-569.374019487523,5.17033510143241,0.361689912100248,5.5042961168345,
52.732,0.309999999999995,95,95,2,94.5,0,-4.07915642671389,-545.91852842259,4.96511717341865,0.365157708183232,4.4530491006249,
52.733,0.311,95,95,2,94.5,0,-3.7092969414972,-523.712784928395,4.76731052995483,0.367783509555893,3.5011825858474,
52.734,0.311999999999998,95,95,2,94.5,0,-3.3382992562641,-503.197734722406,4.57681981708885,0.369645304924626,2.6491979845795,
52.735,0.312999999999995,95,95,2,94.5,0,-2.96675535873944,-483.762690021216,4.39347025563293,0.370820088915645,1.8848937565972,
52.736,0.314,95,95,2,94.5,0,-2.59504205383158,-464.334518656081,4.21726008222726,0.371430856052152,1.2116823479796,
52.737,0.314999999999998,95,95,2,94.5,0,-2.22340877977382,-445.447637178011,4.04820742160128,0.37163847343787,0.6590272676239,
52.738,0.315999999999995,95,95,2,94.5,0,-1.85218049687249,-427.762484602615,3.88612727454094,0.371535785965861,0.2354708536366,
52.739,0.317,95,95,2,94.5,0,-1.48187850474638,-410.745091624624,3.73087676159605,0.371071893015693,-0.1179576581386,
52.74,0.317999999999998,95,95,2,94.5,0,-1.1130934235645,-394.152804796923,3.58245959355858,0.370124806075407,-0.5004895037557,
52.741,0.318999999999996,95,95,2,94.5,0,-0.746378704107966,-378.009360796716,3.44087797759327,0.368619045947545,-0.9697306995234,
52.742,0.32,95,95,2,94.5,0,-0.382307877456931,-362.606669790007,3.30605963234991,0.366542660132488,-1.5093458777477,
52.743,0.320999999999998,95,95,2,94.5,0,-0.021473558583155,-348.18625951224,3.17782039109738,0.363893042159507,-2.0771677562757,
52.744,0.321999999999996,95,95,2,94.5,0,0.335720772270317,-335.060243621458,3.05579450234998,0.360713274800863,-2.636693141303,
52.745,0.323,95,95,2,94.5,0,0.689165213664343,-323.363637862205,2.93943637185424,0.357161360421729,-3.1323666490922,
52.746,0.323999999999998,95,95,2,94.5,0,1.03892471000839,-311.288417465867,2.82844858024161,0.353463924716866,-3.4839266707056,
52.747,0.324999999999996,95,95,2,94.5,0,1.38502860271817,-299.126759428214,2.72281504579553,0.349768298768761,-3.6532363801166,
52.748,0.325999999999993,95,95,2,94.5,0,1.72734801113996,-287.190238425064,2.62246120186914,0.346065228513663,-3.6984021672303,
52.749,0.326999999999998,95,95,2,94.5,0,2.0656967211861,-276.033172176647,2.52717824464671,0.342263544195492,-3.730421181922,
52.75,0.327999999999996,95,95,2,94.5,0,2.39990347011246,-265.238366911671,2.43672994396417,0.338297331222901,-3.8214586955751,
52.751,0.328999999999994,95,95,2,94.5,0,2.72974047358557,-254.372885815469,2.35103643467895,0.334138413626319,-3.9746657634623,
52.752,0.329999999999998,95,95,2,94.5,0,3.05485382159152,-243.921647467554,2.2700353326746,0.329730830468937,-4.1757058776247,
52.753,0.330999999999996,95,95,2,94.5,0,3.37484536185209,-234.026074687205,2.19356571878643,0.324993902322484,-4.4317869858633,
52.754,0.331999999999994,95,95,2,94.5,0,3.68936675426291,-224.858592764524,2.12140119650499,0.319887038229259,-4.7491054337633,
52.755,0.332999999999998,95,95,2,94.5,0,3.99814892474764,-215.890621825901,2.05335344694466,0.314440670187918,-5.0977344936282,
52.756,0.333999999999996,95,95,2,94.5,0,4.3009303736884,-207.106527796319,1.98931560201444,0.308703720599366,-5.4316913210695,
52.757,0.334999999999994,95,95,2,94.5,0,4.5975072205163,-198.735828817015,1.92913387879764,0.302720284770093,-5.723720996605,
52.758,0.335999999999999,95,95,2,94.5,0,4.88779639255584,-190.864241068503,1.87258553794084,0.29655192502525,-5.9649671317277,
52.759,0.336999999999996,95,95,2,94.5,0,5.17181497991831,-183.453199486984,1.81942898259499,0.290294299072927,-6.139662432416,
52.76,0.337999999999994,95,95,2,94.5,0,5.44965509041026,-176.24246874835,1.76946004049199,0.284046219704435,-6.2279821149297,
52.761,0.338999999999999,95,95,2,94.5,0,5.72142976214337,-169.111301011028,1.72253083678793,0.277874021925454,-6.228178866788,
52.762,0.339999999999996,95,95,2,94.5,0,5.98723570191587,-162.020536109597,1.6785224322107,0.271803683772576,-6.1644043680034,
52.763,0.340999999999994,95,95,2,94.5,0,6.24714554955313,-155.359407016874,1.63727734588014,0.26582773172011,-6.0725802105853,
52.764,0.341999999999999,95,95,2,94.5,0,6.50120578890427,-149.150755126643,1.59859538354061,0.259923792791997,-5.9826639452837,
52.765,0.342999999999996,95,95,2,94.5,0,6.74947360897289,-143.109147182687,1.56231601912071,0.254077396052223,-5.9082802089172,
52.766,0.343999999999994,95,95,2,94.5,0,6.99198069252391,-137.112864337484,1.52833810774044,0.248277324898096,-5.8497617205816,
52.767,0.344999999999999,95,95,2,94.5,0,7.22874498154829,-131.368216730986,1.49655474160261,0.242512466148308,-5.8034051085194,
52.768,0.345999999999997,95,95,2,94.5,0,7.45980696131137,-125.768902884702,1.46684743563812,0.236776434603985,-5.7667743094502,
52.769,0.346999999999994,95,95,2,94.5,0,7.68517301299662,-120.196741958518,1.43913128252385,0.231063894118122,-5.7376323884245,
52.77,0.347999999999999,95,95,2,94.5,0,7.90482432286798,-114.899286921968,1.41331170717928,0.225360407564431,-5.7168716237494,
52.771,0.348999999999997,95,95,2,94.5,0,8.11872996699562,-109.692466930213,1.38929098529252,0.219642032692408,-5.7106692288422,
52.772,0.349999999999994,95,95,2,94.5,0,8.32679872312401,-104.369432931857,1.36702118867314,0.213878277450978,-5.7275224873455,
52.773,0.350999999999999,95,95,2,94.5,0,8.5288960243846,-98.9670891020218,1.34647430749776,0.208028386067821,-5.775981973126,
52.774,0.351999999999997,95,95,2,94.5,0,8.72488305266522,-93.9435690757985,1.3275703141878,0.202055655826939,-5.8609021979564,
52.775,0.352999999999994,95,95,2,94.5,0,8.91467006857926,-89.3023306047501,1.31018146794837,0.195960106464641,-5.9727243199893,
52.776,0.353999999999999,95,95,2,94.5,0,9.09822235333579,-84.8516929257463,1.29419828348908,0.189776600276764,-6.0850906735469,
52.777,0.354999999999997,95,95,2,94.5,0,9.27555226805237,-80.7743560003325,1.27951305692363,0.183555993091798,-6.16824943933,
52.778,0.355999999999995,95,95,2,94.5,0,9.44670815391496,-77.086829538643,1.26600362139651,0.177344417072368,-6.2067675361785,
52.779,0.356999999999999,95,95,2,94.5,0,9.61177183399648,-73.697118925235,1.25355914468118,0.171180432784466,-6.2000078496324,
52.78,0.357999999999997,95,95,2,94.5,0,9.77081993050418,-70.4119742438743,1.24209900620218,0.165086666743695,-6.1571963332211,
52.781,0.358999999999995,95,95,2,94.5,0,9.92395579608374,-67.4157149891347,1.23154582495641,0.159079102301404,-6.0889710353663,
52.782,0.359999999999999,95,95,2,94.5,0,10.0713175112182,-64.7965121414158,1.22180431468055,0.153177289724472,-6.0016993622273,
52.783,0.360999999999997,95,95,2,94.5,0,10.2130500984453,-62.3690309534562,1.21279256396606,0.147405221895782,-5.8946147120671,
52.784,0.361999999999995,95,95,2,94.5,0,10.3493445057771,-59.9475860966173,1.20445702855223,0.141789871630718,-5.7639759840748,
52.785,0.363,95,95,2,94.5,0,10.4804392875606,-57.6131424236223,1.19675122952638,0.1363659736359,-5.604929853078,
52.786,0.363999999999997,95,95,2,94.5,0,10.6065774780467,-55.4356500585975,1.18962134446622,0.13116769205877,-5.4136487505854,
52.787,0.364999999999995,95,95,2,94.5,0,10.7279693458098,-53.3896504488777,1.18301609122197,0.12620127105842,-5.1964083294024,
52.788,0.366,95,95,2,94.5,0,10.8447722897155,-51.1938456039455,1.17690826111051,0.12143908742278,-4.974707963971,
52.789,0.366999999999997,95,95,2,94.5,0,10.9571327671622,-49.013914021531,1.17127856525282,0.11684688112522,-4.772461643629,
52.79,0.367999999999995,95,95,2,94.5,0,11.0652035974076,-47.0662001842618,1.16608683639667,0.11240632322401,-4.597704980079,
52.791,0.369,95,95,2,94.5,0,11.1691086646359,-45.2656679598113,1.16128996191325,0.10810799550066,-4.443383366757,
52.792,0.369999999999997,95,95,2,94.5,0,11.2689347155939,-43.4550242141687,1.15686164374426,0.10393109125234,-4.304569734199,
52.793,0.370999999999995,95,95,2,94.5,0,11.3647180993169,-41.6443840687562,1.15278608910519,0.09983695566859,-4.188500691458,
52.794,0.372,95,95,2,94.5,0,11.4564599952001,-40.1049569835582,1.14903616933752,0.09578373754156,-4.106690946105,
52.795,0.372999999999998,95,95,2,94.5,0,11.544182204517,-38.5939925629216,1.14558434647495,0.09174843626525,-4.06011830883,
52.796,0.373999999999995,95,95,2,94.5,0,11.6279426788943,-37.2227192528261,1.14240912460124,0.08773959480491,-4.032738386735,
52.797,0.375,95,95,2,94.5,0,11.7078314777654,-36.0852737860662,1.13948088084548,0.08378749220732,-3.999757746306,
52.798,0.375999999999998,95,95,2,94.75,0,11.7839809477437,-35.0612524048098,1.13677199571536,0.07992850285512,-3.941190282798,
52.799,0.376999999999995,95,95,2,94.75,0,11.8565623882605,-33.7998735218511,1.13427297585768,0.07620085980769,-3.847519434386,
52.8,0.378,95,95,2,94.75,0,11.9257630533874,-32.6857256342476,1.13197255201621,0.07263761673828,-3.717726945455,
52.801,0.378999999999998,95,95,2,94.75,0,11.9917612006077,-31.7075886438449,1.12984763229835,0.06925414237189,-3.55863245191,
52.802,0.379999999999995,95,95,2,94.75,0,12.0546863955698,-30.7172041040589,1.12788358617128,0.06603701691482,-3.3875003045,
52.803,0.381,95,95,2,94.75,0,12.1146166399125,-29.6078484795654,1.12607593860062,0.06294859545374,-3.228418931069,
52.804,0.381999999999998,95,95,2,94.75,0,12.1715992767413,-28.417817255487,1.12442271088196,0.05994444727435,-3.10175067537,
52.805,0.382999999999996,95,95,2,94.75,0,12.2256625031253,-27.3049230450765,1.12291643532015,0.05699109594953,-3.014191107526,
52.806,0.384,95,95,2,94.75,0,12.2768222347338,-26.4513747865934,1.12154135643549,0.05406800108479,-2.959513443167,
52.807,0.384999999999998,95,95,2,94.75,0,12.3250970441362,-25.775812864881,1.12028072767073,0.05116530337932,-2.926052654983,
52.808,0.385999999999996,95,95,2,94.75,0,12.370531509685,-25.2147755617007,1.11912236260414,0.04828818290815,-2.901143682961,
52.809,0.387,95,95,2,94.75,0,12.413234478376,-24.7489051939905,1.11805556385664,0.04546711964754,-2.867976478292,
52.81,0.387999999999998,95,95,2,94.75,0,12.4533649000425,-24.3861451360593,1.11706965871247,0.04275065364099,-2.80650124756,
52.811,0.388999999999996,95,95,2,94.75,0,12.4910925704193,-24.195542023239,1.11615322177272,0.04018136038694,-2.703693357018,
52.812,0.389999999999993,95,95,2,94.75,0,12.5265858971742,-23.9599790938378,1.11529862194969,0.03777819267714,-2.563607416525,
52.813,0.390999999999998,95,95,2,94.75,0,12.5600192917967,-23.5989744515798,1.11450359331883,0.03554565020175,-2.401817802752,
52.814,0.391999999999996,95,95,2,94.75,0,12.5915614696756,-23.2292378235722,1.11376506141816,0.03348400923914,-2.232459591879,
52.815,0.392999999999994,95,95,2,94.75,0,12.6213549074135,-22.7669572449179,1.11307986903118,0.03158492085968,-2.064145641499,
52.816,0.393999999999998,95,95,2,94.75,0,12.6495028286223,-22.2725086200154,1.11244598536295,0.02982440482147,-1.90628245203,
52.817,0.394999999999996,95,95,2,94.75,0,12.6760546237292,-21.8279293260543,1.11186051246672,0.02816273833696,-1.772432874475,
52.818,0.395999999999994,95,95,2,94.75,0,12.7010057627023,-21.3833110401191,1.11132142763493,0.02655043609733,-1.676512077156,
52.819,0.396999999999998,95,95,2,94.75,0,12.7243218359983,-20.9513804587102,1.11082788824996,0.02494081611011,-1.626306837371,
52.82,0.397999999999996,95,95,2,94.75,0,12.7459727258071,-20.5542011120583,1.11037857186344,0.02330703795297,-1.617672113919,
52.821,0.398999999999994,95,95,2,94.75,0,12.76595386303,-20.2645009549251,1.10997076981981,0.02164951907919,-1.633652921156,
52.822,0.399999999999999,95,95,2,94.75,0,12.784266792946,-20.0160373405791,1.10960194248241,0.0199816008066,-1.653516478431,
52.823,0.400999999999996,95,95,2,94.75,0,12.8009265068231,-19.831516904484,1.10927001805621,0.0183174272964,-1.66367502423,
52.824,0.401999999999994,95,95,2,94.75,0,12.8159855248876,-19.7637442449353,1.10897188517974,0.01667546994499,-1.65863209128,
52.825,0.402999999999999,95,95,2,94.75,0,12.8295213443414,-19.8382933126262,1.10870386216455,0.01508226722507,-1.6339958096,
52.826,0.403999999999996,95,95,2,94.75,0,12.8416297892392,-19.9515674968908,1.10846296549599,0.01356456667021,-1.585178459849,
52.827,0.404999999999994,95,95,2,94.75,0,12.8524205524379,-20.0087630663764,1.10824736426376,0.01214135275487,-1.512005212522,
52.828,0.405999999999999,95,95,2,94.75,0,12.861998868584,-20.1270344029631,1.10805514758529,0.01082233359265,-1.42030148126,
52.829,0.406999999999996,95,95,2,94.75,0,12.8704582520505,-20.188189208896,1.10788462661725,0.009606370458,-1.319360779885,
52.83,0.407999999999994,95,95,2,94.75,0,12.877874446303,-20.166339854049,1.107734988104,0.00848210650618,-1.219370188072,
52.831,0.408999999999999,95,95,2,94.75,0,12.884298114472,-20.1194903342893,1.10760559670148,0.00743139319165,-1.129708515482,
52.832,0.409999999999997,95,95,2,94.75,0,12.8897508635937,-20.1738230723787,1.10749574203683,0.00643015027986,-1.057937384895,
52.833,0.410999999999994,95,95,2,94.75,0,12.8942410974558,-20.3442106814947,1.10740477431324,0.00545527025801,-1.00817516563,
52.834,0.411999999999999,95,95,2,94.75,0,12.8977771656584,-20.5582021641891,1.1073324574525,0.00449273874213,-0.979084337041,
52.835,0.412999999999997,95,95,2,94.75,0,12.9003758425005,-20.7539989108667,1.10727877892239,0.0035411004923,-0.962968087856,
52.836,0.413999999999994,95,95,2,94.75,0,12.9020615975901,-20.898766100272,1.10724367074208,0.0026060177245,-0.949939585036,
52.837,0.414999999999999,95,95,2,94.75,0,12.9028884149878,-21.1685474973672,1.1072262797487,0.00170195030778,-0.930744807085,
52.838,0.415999999999997,95,95,2,94.75,0,12.9029616724427,-21.5854584599872,1.10722471372387,0.00085843072246,-0.895207672624,
52.839,0.416999999999994,95,95,2,94.75,0,12.9024492633063,-22.0723172284853,1.10723589904543,0.00012362546036,-0.829069637774,
52.84,0.417999999999999,95,95,2,94.75,0,12.9015394709576,-22.6768150463872,1.10725625525451,-0.00045592412271,-0.720842855357,
52.841,0.418999999999997,95,95,2,94.75,0,12.9003680347359,-23.183750532735,1.10728311661835,-0.00086907054694,-0.576205339127,
52.842,0.419999999999995,95,95,2,94.75,0,12.8989984636437,-23.4325665465326,1.10731503879849,-0.00115238352095,-0.424117336816,
52.843,0.420999999999999,95,95,2,94.75,0,12.8974402840538,-23.5806666259348,1.10735166632868,-0.00136671318036,-0.301568014696,
52.844,0.421999999999997,95,95,2,94.75,0,12.8956639333632,-23.6781470431046,1.10739364044183,-0.0015670483708,-0.230826313099,
52.845,0.422999999999995,95,95,2,94.75,0,12.8936219630536,-23.6437942121111,1.10744195544135,-0.00179058524609,-0.211494036586,
52.846,0.423999999999999,95,95,2,94.75,0,12.8912673466951,-23.6465423108922,1.10749763074134,-0.00205607823857,-0.229163204992,
52.847,0.424999999999997,95,95,2,94.75,0,12.8885726514949,-23.7910389581593,1.10756154565262,-0.00236284619634,-0.26528864691,
52.848,0.425999999999995,95,95,2,94.75,0,12.885529422717,-24.0033657611249,1.10763427030655,-0.002697231621,-0.30267070825,
52.849,0.427,95,95,2,94.75,0,12.8821409270666,-24.2467983347345,1.10771601804213,-0.00304224876634,-0.329289700797,
52.85,0.427999999999997,95,95,2,94.75,0,12.8784351498722,-24.5596544285167,1.10780645096192,-0.00338010005185,-0.339677871187,
52.851,0.428999999999995,95,95,2,94.75,0,12.874462189302,-24.9093868005329,1.10790472023704,-0.00369074774394,-0.331839965433,
52.852,0.43,95,95,2,94.75,0,12.8702733997024,-25.2531685398471,1.1080097804321,-0.00395755426628,-0.305656419191,
52.853,0.430999999999997,95,95,2,94.75,0,12.8659102174193,-25.5410535961412,1.10812059265716,-0.00417635869583,-0.265558245428,
52.854,0.431999999999995,95,95,2,94.75,0,12.8614095487566,-25.7434159149606,1.10823599985956,-0.00435211039193,-0.220289237352,
52.855,0.433,95,95,2,94.75,0,12.8568078385075,-25.8570354511529,1.10835472502251,-0.00448973522474,-0.177229457148,
52.856,0.433999999999998,95,95,2,94.75,0,12.8521395337313,-25.9135265532402,1.10847556540344,-0.00459137613131,-0.138267713925,
52.857,0.434999999999995,95,95,2,94.75,0,12.847427902317,-26.015078595829,1.1085978996271,-0.0046613244095,-0.102928295928,
52.858,0.436,95,95,2,94.75,0,12.8426793239142,-26.2042820958699,1.1087218834913,-0.00470971751942,-0.072989516223,
52.859,0.436999999999998,95,95,2,94.75,0,12.8378807863296,-26.4695000875065,1.10884826205306,-0.00475248206079,-0.053171089836,
52.86,0.437999999999995,95,95,2,94.75,0,12.8330085038272,-26.6491846808633,1.10897766667223,-0.0048056733054,-0.047581122907,
52.861,0.439,95,95,2,94.75,0,12.828036252784,-26.8546886484593,1.10911068401722,-0.0048801495893,-0.056448745425,
52.862,0.439999999999998,95,95,2,94.75,0,12.8229519771652,-27.0817991874099,1.10924779800226,-0.00497586785364,-0.074463366245,
52.863,0.440999999999995,95,95,2,94.75,0,12.8177692912693,-27.3578376522837,1.10938886977127,-0.00508019132925,-0.091927233589,
52.864,0.442,95,95,2,94.75,0,12.81252292961,-27.6720434116051,1.10953322310033,-0.00517226554179,-0.098067133308,
52.865,0.442999999999998,95,95,2,94.75,0,12.80725283332,-27.9073126121594,1.10967967737932,-0.00523437931949,-0.086760861009,
52.866,0.443999999999996,95,95,2,94.75,0,12.8019863280805,-27.9899659548241,1.10982686903455,-0.00526189858564,-0.060723554687,
52.867,0.445,95,95,2,94.75,0,12.796737099089,-28.1284140220365,1.10997415814812,-0.00526239968025,-0.029792168153,
52.868,0.445999999999998,95,95,2,94.75,0,12.791521095486,-28.3912256659994,1.11012156147025,-0.00524444424935,-0.003069588419,
52.869,0.446999999999996,95,95,2,94.75,0,12.7863598482355,-28.5014991703742,1.11026838018007,-0.0052095443138,0.017501824642,
52.87,0.448,95,95,2,94.75,0,12.781267935897,-28.5590673584324,1.11041365388145,-0.00515687368265,0.035147792835,
52.871,0.448999999999998,95,95,2,94.75,0,12.7762482048109,-28.5999994295049,1.11055711545366,-0.00509105843638,0.051282807006,
52.872,0.449999999999996,95,95,2,94.75,0,12.7712826713555,-28.6449716634559,1.11069924136322,-0.00502512617261,0.061906966984,
52.873,0.450999999999993,95,95,2,94.75,0,12.7663500357616,-28.8021676949315,1.1108409242654,-0.00497192338616,0.062078315324,
52.874,0.451999999999998,95,95,2,94.75,0,12.7614324163992,-29.085805780223,1.11098325977501,-0.0049380000829,0.051237784689,
52.875,0.452999999999996,95,95,2,94.75,0,12.7565158637248,-29.3435687673441,1.11112689532386,-0.00492180422545,0.034388914474,
52.876,0.453999999999994,95,95,2,94.75,0,12.751607999174,-29.6192055097301,1.11127158597871,-0.00491426624372,0.018916728477,
52.877,0.454999999999998,95,95,2,94.75,0,12.7467332763623,-29.8268475036979,1.11141647749406,-0.00490052846615,0.011995283198,
52.878,0.455999999999996,95,95,2,94.75,0,12.7419155377686,-30.0096928413401,1.11156061589892,-0.00486757006803,0.017644024983,
52.879,0.456999999999994,95,95,2,94.75,0,12.7371682511171,-30.2182895690711,1.1117035756474,-0.00481369827644,0.033466229996,
52.88,0.457999999999998,95,95,2,94.75,0,12.7324920729823,-30.446775658424,1.11184541597318,-0.00474708967915,0.051418815259,
52.881,0.458999999999996,95,95,2,94.75,0,12.7278962621608,-30.5153946408623,1.11198550127416,-0.00467340049582,0.064911731392,
52.882,0.459999999999994,95,95,2,94.75,0,12.723394316831,-30.4991098448039,1.11212284325592,-0.00459176136798,0.073949990871,
52.883,0.460999999999999,95,95,2,94.75,0,12.7189986551092,-30.5468050136114,1.11225701185153,-0.00449821989491,0.082824848056,
52.884,0.461999999999996,95,95,2,94.75,0,12.7147335801161,-30.9136184348697,1.11238807850908,-0.00438837078559,0.094863060376,
52.885,0.462999999999994,95,95,2,94.75,0,12.7106024846814,-31.4184730946442,1.11251682841846,-0.00426405714419,0.109296178069,
52.886,0.463999999999999,95,95,2,94.75,0,12.7065698046271,-31.7091560544364,1.11264411518394,-0.0041417646881,0.119367926183,
52.887,0.464999999999996,95,95,2,94.75,0,12.7025958298991,-31.8230280338473,1.11277035283094,-0.00404459307053,0.115362560127,
52.888,0.465999999999994,95,95,2,94.75,0,12.6986685125384,-31.8700625783903,1.1128954243212,-0.0039775891157,0.095657570304,
52.889,0.466999999999999,95,95,2,94.75,0,12.694804010893,-31.9135694924009,1.11301867029674,-0.0039224698563,0.072488845023,
52.89,0.467999999999996,95,95,2,94.75,0,12.6910257959277,-32.0487773214002,1.11313950204472,-0.00385746035596,0.061651740311,
52.891,0.468999999999994,95,95,2,94.75,0,12.6873410816892,-32.2239419195113,1.11325791534658,-0.00377605075129,0.066962459357,
52.892,0.469999999999999,95,95,2,94.75,0,12.6837657121349,-32.416174930151,1.11337347149947,-0.00367996105128,0.080893601973,
52.893,0.470999999999997,95,95,2,94.75,0,12.6803217459544,-32.557121890103,1.11348535441792,-0.00356875194742,0.096221492563,
52.894,0.471999999999994,95,95,2,94.75,0,12.6770256328889,-32.6939589130036,1.1135928918879,-0.00343903125814,0.112226758331,
52.895,0.472999999999999,95,95,2,94.75,0,12.6738818064309,-32.7203548573517,1.11369571751308,-0.00329478301775,0.128525478987,
52.896,0.473999999999997,95,95,2,94.75,0,12.6708839651465,-32.798200486778,1.11379392462814,-0.00314571688817,0.141335341814,
52.897,0.474999999999994,95,95,2,94.75,0,12.6680282854215,-32.9167850320791,1.11388775510403,-0.00299898836866,0.146919479802,
52.898,0.475999999999999,95,95,2,94.75,0,12.6652997309134,-33.0798577995181,1.11397779282269,-0.00286019062775,0.145050568951,
52.899,0.476999999999997,95,95,2,94.75,0,12.6626714784004,-33.1963496225219,1.11406488812705,-0.00273660147464,0.13661439815,
52.9,0.477999999999994,95,95,2,94.75,0,12.6601240484328,-33.2821673476671,1.11414956281021,-0.00263409634791,0.121826521536,
52.901,0.478999999999999,95,95,2,94.75,0,12.6576499941683,-33.3389233995275,1.11423197490704,-0.00254966402029,0.103408494911,
52.902,0.479999999999997,95,95,2,94.75,0,12.6552524105499,-33.3910873154611,1.11431197029732,-0.0024731257816,0.087485940674,
52.903,0.480999999999995,95,95,2,94.75,0,12.6529423763914,-33.4787478250309,1.11438920609899,-0.00239425997426,0.079604735964,
52.904,0.481999999999999,95,95,2,94.75,0,12.6507216091339,-33.6268281759738,1.11446371903197,-0.00230951892617,0.07993010897,
52.905,0.482999999999997,95,95,2,94.75,0,12.6485861630759,-33.7972729295483,1.11453570929743,-0.00222195096795,0.083826548904,
52.906,0.483999999999995,95,95,2,94.75,0,12.6465463990117,-33.8550229408725,1.11460470665841,-0.00213233781971,0.087333442187,
52.907,0.484999999999999,95,95,2,94.75,0,12.6446283009774,-33.8893180397807,1.11466967680205,-0.00203196885337,0.092226336664,
52.908,0.485999999999997,95,95,2,94.75,0,12.642850125818,-33.9170374032089,1.1147299625905,-0.0019126209808,0.102835892779,
52.909,0.486999999999995,95,95,2,94.75,0,12.641209066751,-33.9129818628392,1.11478561912456,-0.00177901719415,0.117930974925,
52.91,0.488,95,95,2,94.75,0,12.6396794483739,-33.9249478654022,1.11483750219655,-0.00164876168775,0.128322528351,
52.911,0.488999999999997,95,95,2,94.75,0,12.638233802864,-33.9406422647306,1.11488655698938,-0.00153785872391,0.125454227707,
52.912,0.489999999999995,95,95,2,94.75,0,12.6368641761822,-33.9629735914149,1.11493305829141,-0.00144803172163,0.11038593814,
52.913,0.491,95,95,2,94.75,0,12.6355729433149,-33.9861314873715,1.1149769273503,-0.00136891418588,0.092936950789,
52.914,0.491999999999997,95,95,2,94.75,0,12.634350942614,-34.0145725703549,1.11501847580431,-0.00129398136173,0.081074962229,
52.915,0.492999999999995,95,95,2,94.75,0,12.6331826378636,-33.9905360644003,1.11505820115003,-0.00122666156567,0.073904329203,
52.916,0.494,95,95,2,94.75,0,12.6320612110197,-33.9693499758463,1.11509630717029,-0.0011703501636,0.06630118629,
52.917,0.494999999999997,95,95,2,94.75,0,12.6309952138632,-34.0635849698447,1.1151325686279,-0.00111886130963,0.058167155837,
52.918,0.495999999999995,95,95,2,94.75,0,12.6300048218107,-34.1223974568334,1.11516633405544,-0.00105994453152,0.055163995642,
52.919,0.497,95,95,2,94.75,0,12.6291075470287,-34.1084548304168,1.115196944967,-0.00098513840255,0.061455206126,
52.92,0.497999999999998,95,95,2,94.75,0,12.6283058447474,-34.098748117438,1.1152242859021,-0.00089653821294,0.074177541904,
52.921,0.498999999999995,95,95,2,94.75,0,12.6275923587471,-34.0361429127232,1.11524859254754,-0.00080390914721,0.085670634254,
52.922,0.5,95,95,2,94.75,0,12.6269592098129,-33.9620768220163,1.11527011904772,-0.00071584976477,0.090049497907,
52.923,0.500999999999998,95,95,2,95,0,12.6263978320502,-33.9609441126227,1.11528918428449,-0.00063571870258,0.087051791352,
52.924,0.000999999999997669,96,96,2,95,0,12.6259023179199,-33.9782857482124,1.68324241940354E-05,-0.00056315002443,0.080240843053,
52.925,0.00200000000000244,96,96,2,95,0,12.6254601737029,-33.8468514694537,3.18266702947767E-05,-0.00049926224603,0.072233123437,
52.926,0.00300000000000011,96,96,2,95,0,12.6250534003924,-33.6859034861032,4.55619314436717E-05,-0.00044754391904,0.062841212902,
52.927,0.00399999999999778,96,96,2,95,0,12.6246764770799,-33.751691754993,5.82713323353801E-05,-0.00040842958305,0.051587965113,
52.928,0.00500000000000256,96,96,2,95,0,12.6243289764032,-34.1059417093671,7.00616191124936E-05,-0.00037705152116,0.04057465106,
52.929,0.00600000000000023,96,96,2,95,0,12.6240146844121,-34.4537317798033,8.08354972576808E-05,-0.00034636486176,0.033491523373,
52.93,0.0069999999999979,96,96,2,95,0,12.6237343191701,-34.6225395363646,9.05187900173132E-05,-0.00031407657205,0.03137456924,
52.931,0.00800000000000267,96,96,2,95,0,12.6234890458599,-34.5630018332688,9.90034733945322E-05,-0.00028001568719,0.032339579162,
52.932,0.00900000000000034,96,96,2,95,0,12.6232866858823,-34.4219345521257,0.000105983368484885,-0.00024292688996,0.034437480026,
52.933,0.00999999999999801,96,96,2,95,0,12.6231303553397,-34.3734611566485,0.000111360779257552,-0.00020142514688,0.037504307274,
52.934,0.0110000000000028,96,96,2,95,0,12.6230145395156,-34.3313290888603,0.000115339330207576,-0.00015798495755,0.0407593932,
52.935,0.0120000000000005,96,96,2,95,0,12.6229339038846,-34.3062948158261,0.000118106649267702,-0.00011741618172,0.041997231405,
52.936,0.0129999999999981,96,96,2,95,0,12.6228812154985,-34.2870988376935,0.000119913686873474,-8.280551546E-05,0.039642767009,
52.937,0.0139999999999958,96,96,2,95,0,12.6228503469708,-34.2088791188848,0.000120970871861914,-5.452660205E-05,0.034498573276,
52.938,0.0150000000000006,96,96,2,95,0,12.6228367105048,-34.2170908287179,0.000121437416069625,-3.224486671E-05,0.028379285844,
52.939,0.0159999999999982,96,96,2,95,0,12.6228350311928,-34.2525690896302,0.000121494907034503,-1.521893831E-05,0.022504146679,
52.94,0.0169999999999959,96,96,2,95,0,12.6228440457343,-34.2152397026674,0.000121186304085086,-2.05830215E-06,0.01744308281,
52.941,0.0180000000000007,96,96,2,95,0,12.6228571385808,-34.0683989009023,0.000120739290480287,7.02987695E-06,0.013098486714,
52.942,0.0189999999999984,96,96,2,95,0,12.6228686551353,-33.9721089248019,0.000120347494373618,1.13964674E-05,0.008893439623,
52.943,0.019999999999996,96,96,2,95,0,12.6228716985902,-34.0219729525184,0.000120244025907823,9.44751222E-06,0.003888403356,
52.944,0.0210000000000008,96,96,2,95,0,12.6228595549761,-34.218078571436,0.000120658366327575,1.02926408E-06,-0.001995079379,
52.945,0.0219999999999985,96,96,2,95,0,12.6228368907399,-34.4209020525268,0.000121436191363955,-1.074368003E-05,-0.007483869043,
52.946,0.0229999999999961,96,96,2,95,0,12.6228195155631,-34.5685686974329,0.000122035543483889,-1.792133175E-05,-0.009387947602,
52.947,0.0240000000000009,96,96,2,95,0,12.6228188346041,-34.4119035589952,0.000122059029919797,-1.395362928E-05,-0.00521263318,
52.948,0.0249999999999986,96,96,2,95,0,12.622832633895,-34.1308450545575,0.000121586109258942,-1.34514937E-06,0.003216329445,
52.949,0.0259999999999962,96,96,2,95,0,12.6228508636583,-34.0414305488375,0.000120964727031492,1.078435765E-05,0.009872554811,
52.95,0.027000000000001,96,96,2,95,0,12.622866161517,-34.1452084941343,0.000120443172249907,1.60210502E-05,0.010205354546,
52.951,0.0279999999999987,96,96,2,95,0,12.6228850188953,-34.2383884586763,0.000119798404568883,1.724528596E-05,0.006100799854,
52.952,0.0289999999999964,96,96,2,95,0,12.6229102777159,-34.2071382493738,0.000118933977930169,1.970995511E-05,0.002800102814,
52.953,0.0300000000000011,96,96,2,95,0,12.6229338992795,-34.1732740000568,0.000118126351807746,2.284721081E-05,0.002294315098,
52.954,0.0309999999999988,96,96,2,95,0,12.6229474053086,-34.2407642316603,0.000117664350810287,2.107808035E-05,0.001463563887,
52.955,0.0319999999999965,96,96,2,95,0,12.6229522669741,-34.3305391687642,0.000117497665442556,1.394738037E-05,-0.001905685468,
52.956,0.0330000000000013,96,96,2,95,0,12.6229618781894,-34.3505529151145,0.000117167611065838,8.87983952E-06,-0.004903281385,
52.957,0.0339999999999989,96,96,2,95,0,12.6229877641957,-34.2732772796973,0.000116279412608833,1.306878766E-05,-0.002909541892,
52.958,0.0349999999999966,96,96,2,95,0,12.6230184903188,-34.1521745602816,0.000115228188178662,2.245560404E-05,0.002971361915,
52.959,0.0360000000000014,96,96,2,95,0,12.6230345142994,-34.0063300916308,0.000114682102903885,2.486344531E-05,0.005733763375,
52.96,0.036999999999999,96,96,2,95,0,12.6230284648393,-33.980075608299,0.000114887743436043,1.381259114E-05,0.000463925171,
52.961,0.0379999999999967,96,96,2,95,0,12.6230139090858,-34.1043823942197,0.000115383253728396,-1.97931591E-06,-0.008435561402,
52.962,0.0390000000000015,96,96,2,95,0,12.6230119649543,-34.3524213954685,0.000115449798244072,-8.22037888E-06,-0.011504337962,
52.963,0.0399999999999991,96,96,2,95,0,12.6230248334284,-34.4439928604051,0.000115007145808477,-1.28383642E-06,-0.005153034565,
52.964,0.0409999999999968,96,96,2,95,0,12.6230381403722,-34.3328070395192,0.000114549541308406,8.55623333E-06,0.003854319018,
52.965,0.0420000000000016,96,96,2,95,0,12.6230481259445,-34.1830195183156,0.000114207456434201,1.217899144E-05,0.007103818071,
52.966,0.0429999999999993,96,96,2,95,0,12.6230544371863,-34.2077140023758,0.000113991641200073,9.8796846E-06,0.003711332117,
52.967,0.0439999999999969,96,96,2,95,0,12.6230650164188,-34.2629467678507,0.00011362945768667,8.69393816E-06,-0.000188619235,
52.968,0.0450000000000017,96,96,2,95,0,12.6230822344831,-34.2059845116632,0.000113040006453957,1.129048483E-05,-0.000385126627,
52.969,0.0459999999999994,96,96,2,95,0,12.6230970848422,-34.1929672502365,0.000112532131950616,1.45161032E-05,0.001650580247,
52.97,0.046999999999997,96,96,2,95,0,12.6231026275204,-34.2010250033408,0.000112342589005721,1.276836639E-05,0.001544890306,
52.971,0.0480000000000018,96,96,2,95,0,12.6231011281866,-34.3661429429899,0.000112393991543058,6.22237887E-06,-0.001695205469,
52.972,0.0489999999999995,96,96,2,95,0,12.6230940193929,-34.5910573044706,0.000112639092790801,-1.06956817E-06,-0.005330300163,
52.973,0.0499999999999972,96,96,2,95,0,12.6230836056783,-34.7252367562842,0.000113000012845532,-6.417432E-06,-0.006484934221,
52.974,0.0510000000000019,96,96,2,95,0,12.6230755867219,-34.6904193331783,0.000113278333401468,-8.70381084E-06,-0.005012643296,
52.975,0.0519999999999996,96,96,2,95,0,12.6230785232677,-34.6778423852676,0.000113176481860933,-5.45073319E-06,-0.00154298739,
52.976,0.0529999999999973,96,96,2,95,0,12.6231033536011,-34.6876291469346,0.000112315297968735,6.21803141E-06,0.004115946788,
52.977,0.054000000000002,96,96,2,95,0,12.6231429216108,-34.573758250896,0.000110945030343146,2.268349998E-05,0.010583069706,
52.978,0.0549999999999997,96,96,2,95,0,12.6231794774688,-34.4954933682052,0.000109682587464022,3.42430613E-05,0.013554685204,
52.979,0.0559999999999974,96,96,2,95,0,12.6231993649244,-34.431361027774,0.000108997197585836,3.245898279E-05,0.009028241546,
52.98,0.0570000000000022,96,96,2,95,0,12.623200796751,-34.4313270272568,0.000108947897871303,1.935128762E-05,-0.001178071559,
52.981,0.0579999999999998,96,96,2,95,0,12.6231913473058,-34.5037721192109,0.000109273597090009,3.70413376E-06,-0.010472447779,
52.982,0.0589999999999975,96,96,2,95,0,12.6231825073844,-34.5785062114943,0.000109578938037203,-6.00220652E-06,-0.013103072179,
52.983,0.0600000000000023,96,96,2,95,0,12.6231831116973,-34.5377079036336,0.000109558054134595,-6.18950825E-06,-0.008632872789,
52.984,0.0609999999999999,96,96,2,95,0,12.6231939390749,-34.4341613317613,0.000109184661894801,8.3796202E-07,-0.000878581695,
52.985,0.0619999999999976,96,96,2,95,0,12.6232049284616,-34.3545509283883,0.000108806689013363,7.80906092E-06,0.004846127259,
52.986,0.0630000000000024,96,96,2,95,0,12.6232056941534,-34.3341173443462,0.000108780391840924,7.8736755E-06,0.004916065015,
52.987,0.0640000000000001,96,96,2,95,0,12.6231995166552,-34.4004214932753,0.000108992695587062,1.74984327E-06,0.000280025833,
52.988,0.0649999999999977,96,96,2,95,0,12.6232003917292,-34.442991286695,0.000108962574046245,-1.97876954E-06,-0.003548732361,
52.989,0.0660000000000025,96,96,2,95,0,12.6232197516908,-34.3948132850077,0.00010829622542019,4.30476862E-06,-0.001443533345,
52.99,0.0670000000000002,96,96,2,95,0,12.6232527482631,-34.3422550767628,0.000107162181592457,1.790547853E-05,0.005475044394,
52.991,0.0679999999999978,96,96,2,95,0,12.6232829160139,-34.3251778303859,0.000106126410585716,2.805694264E-05,0.010370784645,
52.992,0.0690000000000026,96,96,2,95,0,12.6233052701108,-34.3334703529657,0.00010535900955233,2.867230108E-05,0.008325406149,
52.993,0.0700000000000003,96,96,2,95,0,12.6233219129008,-34.3345554864711,0.000104787595788025,2.2984801E-05,0.001585332585,
52.994,0.070999999999998,96,96,2,95,0,12.6233302314088,-34.2991332914104,0.000104502130838569,1.585889747E-05,-0.004228163559,
52.995,0.0720000000000027,96,96,2,95,0,12.6233290299992,-34.2206309753221,0.000104543290987635,7.95981732E-06,-0.006926335481,
52.996,0.0730000000000004,96,96,2,95,0,12.6233181144279,-34.1917619915765,0.000104916671162414,-1.25968283E-06,-0.008063253164,
52.997,0.0739999999999981,96,96,2,95,0,12.623308309173,-34.234479793972,0.000105252139533718,-7.66822787E-06,-0.007980087617,
52.998,0.0749999999999957,96,96,2,95,0,12.6233173989793,-34.1961709812958,0.000104941128853397,-4.46983146E-06,-0.004369749138,
52.999,0.0760000000000005,96,96,2,95,0,12.623350939408,-34.0563324848583,0.000103796519738353,1.075647466E-05,0.003924686888,
53,0.0769999999999982,96,96,2,95,0,12.6233942652897,-34.0285639660338,0.000102321600650157,2.914087788E-05,0.012565362337,
53.001,0.0779999999999959,96,96,2,95,0,12.6234326250151,-34.1680586474253,0.000101013598793998,3.890039891E-05,0.014849509433,
53.002,0.0790000000000006,96,96,2,95,0,12.6234593407488,-34.2434943615457,0.000100099766385142,3.635637478E-05,0.008655922139,
53.003,0.0799999999999983,96,96,2,95,0,12.6234685135015,-34.2021698495817,9.97858488034353E-05,2.494603691E-05,-0.001512854704,
53.004,0.080999999999996,96,96,2,95,0,12.6234586605439,-34.2202129396998,0.000100122930220437,8.72793391E-06,-0.010192773287,
53.005,0.0820000000000007,96,96,2,95,0,12.6234436454257,-34.288406330982,0.000100637262733017,-5.69389269E-06,-0.014236890541,
53.006,0.0829999999999984,96,96,2,95,0,12.6234436362411,-34.3144866172647,0.000100637577773455,-8.96468994E-06,-0.011615400715,
53.007,0.0839999999999961,96,96,2,95,0,12.6234659544687,-34.2757768939018,9.98721712193174E-05,2.18725898E-06,-0.002289282204,
53.008,0.0850000000000009,96,96,2,95,0,12.6234999848728,-34.1769381985451,9.870743444651E-05,1.913365689E-05,0.008563459766,
53.009,0.0859999999999985,96,96,2,95,0,12.6235254369697,-34.1138468942685,9.78383626062396E-05,2.794325899E-05,0.01276702447,
53.01,0.0869999999999962,96,96,2,95,0,12.6235340662202,-34.1828487652853,9.75436879571134E-05,2.297873514E-05,0.007118403058,
53.011,0.088000000000001,96,96,2,95,0,12.6235369476272,-34.2245066660997,9.74451332496074E-05,1.195175137E-05,-0.002651024041,
53.012,0.0889999999999986,96,96,2,95,0,12.6235425691927,-34.1421892079157,9.72529693115121E-05,5.4278076E-06,-0.007857333794,
53.013,0.0899999999999963,96,96,2,95,0,12.6235531090535,-34.0504467108654,9.6893598865222E-05,6.27500654E-06,-0.005663512957,
53.014,0.0910000000000011,96,96,2,95,0,12.6235627351266,-34.0873414007622,9.65656492013522E-05,8.7902359E-06,-0.000863734747,
53.015,0.0919999999999987,96,96,2,95,0,12.6235660251882,-34.3290570446817,9.64531021168114E-05,7.99940596E-06,0.001023002444,
53.016,0.0929999999999964,96,96,2,95,0,12.6235645570288,-34.5604838234107,9.65036725233404E-05,3.76339875E-06,-0.000832565331,
53.017,0.0940000000000012,96,96,2,95,0,12.6235531347078,-34.6158503616413,9.68987496747786E-05,-3.02694158E-06,-0.003968753965,
53.018,0.0949999999999989,96,96,2,95,0,12.6235352793139,-34.6071395066045,9.7516751552007E-05,-1.036599439E-05,-0.006188654138,
53.019,0.0959999999999965,96,96,2,95,0,12.6235260423974,-34.6043591625425,9.78364019772471E-05,-1.333992881E-05,-0.005864903549,
53.02,0.0970000000000013,96,96,2,95,0,12.6235288828804,-34.5926904179008,9.77381254614329E-05,-8.19923987E-06,-0.001849082929,
53.021,0.097999999999999,96,96,2,95,0,12.6235420285962,-34.5978836550381,9.72833456529543E-05,2.30883299E-06,0.004316517108,
53.022,0.0989999999999966,96,96,2,95,0,12.6235555321908,-34.6570722803205,9.68157502256872E-05,1.01615096E-05,0.008101238809,
53.023,0.100000000000001,96,96,2,95,0,12.6235631419676,-34.7036497755665,9.65518404143495E-05,1.162808562E-05,0.006733465308,
53.024,0.100999999999999,96,96,2,95,0,12.6235690300146,-34.6863613583726,9.63475545887604E-05,8.8614032E-06,0.002112428665,
53.025,0.101999999999997,96,96,2,95,0,12.6235776436261,-34.6437087758428,9.60489634422856E-05,7.22223529E-06,-0.001158450535,
53.026,0.103000000000002,96,96,2,95,0,12.6235932439917,-34.6506755691373,9.55084545779528E-05,9.89196838E-06,-0.000684751963,
53.027,0.103999999999999,96,96,2,95,0,12.6236157823623,-34.6914616831669,9.4727025185648E-05,1.558574087E-05,0.00228427461,
53.028,0.104999999999997,96,96,2,95,0,12.623634238294,-34.7478076445715,9.40862419724908E-05,1.923223743E-05,0.004172377891,
53.029,0.106000000000002,96,96,2,95,0,12.6236506989293,-34.8029531664508,9.35138171200833E-05,1.908207445E-05,0.003121681477,
53.03,0.106999999999999,96,96,2,95,0,12.6236751478405,-34.7823217839902,9.26631750104434E-05,1.945570699E-05,0.001145973538,
53.031,0.107999999999997,96,96,2,95,0,12.6237063121577,-34.8028997939258,9.15788870514689E-05,2.406705023E-05,0.001487807094,
53.032,0.109000000000002,96,96,2,95,0,12.6237398244168,-34.7670373047924,9.0413164173242E-05,2.985407797E-05,0.00369273538,
53.033,0.109999999999999,96,96,2,95,0,12.6237818347902,-34.6944162628062,8.89541133801686E-05,3.535731082E-05,0.005349183923,
53.034,0.110999999999997,96,96,2,95,0,12.6238345636786,-34.6150921400183,8.71268067044184E-05,4.267649361E-05,0.006133156299,
53.035,0.112000000000002,96,96,2,95,0,12.6238952978334,-34.573483514425,8.50257518720809E-05,5.191491382E-05,0.007350169034,
53.036,0.113,96,96,2,95,0,12.6239527299262,-34.5639310042641,8.30403986640249E-05,5.734195628E-05,0.007519235659,
53.037,0.113999999999997,96,96,2,95,0,12.6239999296803,-34.5185505353704,8.14100605879275E-05,5.535300979E-05,0.0043456591,
53.038,0.115000000000002,96,96,2,95,0,12.6240435629748,-34.4130248205323,7.99062047320831E-05,4.919951783E-05,-0.001013513446,
53.039,0.116,96,96,2,95,0,12.6240908140513,-34.3310231506478,7.82820896034764E-05,4.578856698E-05,-0.004081365986,
53.04,0.116999999999997,96,96,2,95,0,12.6241500873088,-34.3766212484923,7.62458266478916E-05,4.97723962E-05,-0.002015279162,
53.041,0.118000000000002,96,96,2,95,0,12.6242241802205,-34.530477751992,7.36930628448818E-05,6.011249946E-05,0.003672277411,
53.042,0.119,96,96,2,95,0,12.6243080459458,-34.6559077564016,7.07918796507556E-05,7.257885952E-05,0.009071098088,
53.043,0.119999999999997,96,96,2,95,0,12.6244015831453,-34.6558429751202,6.7550266123817E-05,8.383532348E-05,0.01146551419,
53.044,0.121000000000002,96,96,2,95,0,12.6244997646553,-34.6470550698069,6.41481345269312E-05,9.202905039E-05,0.010700611675,
53.045,0.122,96,96,2,95,0,12.6245902263856,-34.5756026561634,6.10171338308874E-05,9.447228294E-05,0.007387399717,
53.046,0.122999999999998,96,96,2,95,0,12.6246634077711,-34.4681660466294,5.84907745064811E-05,8.759356077E-05,0.001371794442,
53.047,0.124000000000002,96,96,2,95,0,12.6247142421583,-34.467109454127,5.67386332619435E-05,7.166138945E-05,-0.006798170499,
53.048,0.125,96,96,2,95,0,12.6247477989744,-34.5236466461212,5.55810782003618E-05,5.235521536E-05,-0.014228337406,
53.049,0.125999999999998,96,96,2,95.25,0,12.6247737400602,-34.5589006821344,5.46850400553467E-05,3.645536834E-05,-0.017272075138,
53.05,0.127000000000002,96,96,2,95.25,0,12.6248003488186,-34.5310739512238,5.3765840831943E-05,2.842610667E-05,-0.014560569536,
53.051,0.128,96,96,2,95.25,0,12.6248389429891,-34.5357110527909,5.24330531987971E-05,3.000408025E-05,-0.0075082667,
53.052,0.128999999999998,96,96,2,95.25,0,12.6248997624567,-34.5199862736761,5.03330878274255E-05,4.1666136E-05,0.001721027656,
53.053,0.130000000000003,96,96,2,95.25,0,12.6249791080883,-34.5089828304959,4.75945142426326E-05,5.970972767E-05,0.010551291875,
53.054,0.131,96,96,2,95.25,0,12.6250618365318,-34.4877914097824,4.47405163725989E-05,7.480262597E-05,0.015243922883,
53.055,0.131999999999998,96,96,2,95.25,0,12.6251380314477,-34.4220300571863,4.21152273446523E-05,7.975354165E-05,0.012935511525,
53.056,0.133000000000003,96,96,2,95.25,0,12.6252005802409,-34.3293504216115,3.99650694049569E-05,7.406113737E-05,0.004800514478,
53.057,0.134,96,96,2,95.25,0,12.6252522962399,-34.321591127216,3.81898933881075E-05,6.339279175E-05,-0.003992190694,
53.058,0.134999999999998,96,96,2,95.25,0,12.6253000395009,-34.3622326525432,3.65502985317789E-05,5.377401586E-05,-0.008860692299,
53.059,0.136000000000003,96,96,2,95.25,0,12.6253482238309,-34.5205428439322,3.48907633451745E-05,4.90674031E-05,-0.00845999787,
53.06,0.137,96,96,2,95.25,0,12.6253977580304,-34.7943782599701,3.31740337742303E-05,4.845697015E-05,-0.004951407756,
53.061,0.137999999999998,96,96,2,95.25,0,12.6254450852133,-34.9949643310177,3.15225672835595E-05,4.846713367E-05,-0.001653107952,
53.062,0.138999999999996,96,96,2,95.25,0,12.6254833633972,-34.9778482303243,3.01833511855421E-05,4.527458818E-05,-0.001136828124,
53.063,0.140000000000001,96,96,2,95.25,0,12.6255052815514,-34.898541330198,2.94175704453892E-05,3.608487469E-05,-0.004030883187,
53.064,0.140999999999998,96,96,2,95.25,0,12.6255083755966,-34.9037448502373,2.93095847325731E-05,2.117893041E-05,-0.009105432327,
53.065,0.141999999999996,96,96,2,95.25,0,12.6255063964639,-34.9325281033865,2.93786923606376E-05,7.21932453E-06,-0.012907173523,
53.066,0.143000000000001,96,96,2,95.25,0,12.6255225549005,-35.0172329006908,2.88135529729061E-05,4.98409146E-06,-0.010726195557,
53.067,0.143999999999998,96,96,2,95.25,0,12.625562175114,-35.0391768936531,2.74257280210577E-05,1.775569888E-05,-0.001250492766,
53.068,0.144999999999996,96,96,2,95.25,0,12.6256223457998,-35.0327219408456,2.5317590910845E-05,3.874682212E-05,0.010735410019,
53.069,0.146000000000001,96,96,2,95.25,0,12.6257089931134,-34.9745561910589,2.22846196180626E-05,6.194853245E-05,0.019188444621,
53.07,0.146999999999998,96,96,2,95.25,0,12.6258211023808,-34.9476407408901,1.83651564782394E-05,8.63429114E-05,0.022896334789,
53.071,0.147999999999996,96,96,2,95.25,0,12.6259434380497,-34.8654405358616,1.40948414752984E-05,0.00010753860171,0.023076971772,
53.072,0.149000000000001,96,96,2,95.25,0,12.6260601771114,-34.7725676293863,1.00301036098926E-05,0.00011758876629,0.018811639183,
53.073,0.149999999999999,96,96,2,95.25,0,12.6261701935765,-34.7881850309475,6.20368955139838E-06,0.00011640126488,0.010022522502,
53.074,0.150999999999996,96,96,2,95.25,0,12.6262872306078,-34.7809734611208,2.13260565828932E-06,0.00011413941394,0.001861493528,
53.075,0.152000000000001,96,96,2,95.25,0,12.6264177424039,-34.7523819007747,-2.40485589131367E-06,0.00011897329088,0.000189172283,
53.076,0.152999999999999,96,96,2,95.25,0,12.6265545693293,-34.6734255234096,-7.15451577093518E-06,0.00012836390545,0.004072179865,
53.077,0.153999999999996,96,96,2,95.25,0,12.6266822654744,-34.6498819343375,-1.1580675334244E-05,0.00013219315252,0.006355183031,
53.078,0.155000000000001,96,96,2,95.25,0,12.6267922161027,-34.6236792210864,-1.53890111249666E-05,0.00012511172415,0.002224454688,
53.079,0.155999999999999,96,96,2,95.25,0,12.6268894621423,-34.6205269925757,-1.87558735404991E-05,0.00011146290673,-0.005778442453,
53.08,0.156999999999996,96,96,2,95.25,0,12.6269839851183,-34.699945773091,-2.20320622332792E-05,0.00010024049713,-0.010950678359,
53.081,0.158000000000001,96,96,2,95.25,0,12.6270777722432,-34.7713068255484,-2.52898167616422E-05,9.511913975E-05,-0.01012001628,
53.082,0.158999999999999,96,96,2,95.25,0,12.6271614790322,-34.785744123422,-2.82010154535328E-05,9.098377946E-05,-0.006655873919,
53.083,0.159999999999997,96,96,2,95.25,0,12.6272216472864,-34.795101430276,-3.02942944472306E-05,7.966932933E-05,-0.006584886369,
53.084,0.161000000000001,96,96,2,95.25,0,12.6272609202154,-34.826682995835,-3.1661420152318E-05,6.096121708E-05,-0.011378821814,
53.085,0.161999999999999,96,96,2,95.25,0,12.6273006335615,-34.7437831739084,-3.30428581492015E-05,4.567365169E-05,-0.015463849556,
53.086,0.162999999999997,96,96,2,95.25,0,12.6273575799133,-34.6153119090459,-3.50177318608758E-05,4.475112268E-05,-0.012004218534,
53.087,0.164000000000001,96,96,2,95.25,0,12.6274339348925,-34.5663230451013,-3.76589130013372E-05,5.759903831E-05,-0.001100906532,
53.088,0.164999999999999,96,96,2,95.25,0,12.6275235172469,-34.6682459219817,-4.07600108474071E-05,7.450060354E-05,0.009932877118,
53.089,0.165999999999997,96,96,2,95.25,0,12.6276110923857,-34.7166476774869,-4.37982066898712E-05,8.501197716E-05,0.013768412867,
53.09,0.167000000000002,96,96,2,95.25,0,12.6276831659102,-34.6817920122188,-4.62991017684544E-05,8.352681919E-05,0.008829471626,
53.091,0.167999999999999,96,96,2,95.25,0,12.6277455706144,-34.6351237786567,-4.84619525735752E-05,7.38233627E-05,-0.000351688049,
53.092,0.168999999999997,96,96,2,95.25,0,12.6278112007391,-34.5318021615304,-5.07316695603777E-05,6.627297644E-05,-0.006592045865,
53.093,0.170000000000002,96,96,2,95.25,0,12.6278843158305,-34.4277010017453,-5.32526597538663E-05,6.690798856E-05,-0.005740687815,
53.094,0.170999999999999,96,96,2,95.25,0,12.6279579477074,-34.4252033321224,-5.57875440421185E-05,7.102463704E-05,-0.000776116486,
53.095,0.171999999999997,96,96,2,95.25,0,12.6280258294062,-34.5832465885135,-5.8129749447744E-05,7.175178782E-05,0.002055308262,
53.096,0.173000000000002,96,96,2,95.25,0,12.6280860741076,-34.7281336780472,-6.02175711463815E-05,6.731565301E-05,0.000195014413,
53.097,0.173999999999999,96,96,2,95.25,0,12.6281410150724,-34.8207743104869,-6.2128113199833E-05,6.094467964E-05,-0.003467600701,
53.098,0.174999999999997,96,96,2,95.25,0,12.6281907578873,-34.7994771091498,-6.38596668380842E-05,5.497264081E-05,-0.00567084144,
53.099,0.176000000000002,96,96,2,95.25,0,12.6282348001135,-34.7701377583798,-6.53916671922161E-05,4.959208326E-05,-0.005914274808,
53.1,0.177,96,96,2,95.25,0,12.6282815514589,-34.708779333635,-6.70157836140106E-05,4.656513857E-05,-0.004851918076,
53.101,0.177999999999997,96,96,2,95.25,0,12.6283358693381,-34.5345692168643,-6.88963595365522E-05,4.820856978E-05,-0.002331915778,
53.102,0.179000000000002,96,96,2,95.25,0,12.6283908920534,-34.3972434942683,-7.07927672891628E-05,5.225936989E-05,0.00096452911,
53.103,0.18,96,96,2,95.25,0,12.628429511733,-34.6047688370619,-7.21251850848148E-05,4.989035376E-05,0.001402644568,
53.104,0.180999999999997,96,96,2,95.25,0,12.6284493048377,-34.9294004553619,-7.28133336309611E-05,3.789261784E-05,-0.003331687195,
53.105,0.182000000000002,96,96,2,95.25,0,12.6284665214137,-35.1040989858152,-7.34162021558404E-05,2.466811856E-05,-0.009477148991,
53.106,0.183,96,96,2,95.25,0,12.6284925260357,-35.1418221107472,-7.43295614711315E-05,2.062594841E-05,-0.010101771533,
53.107,0.183999999999997,96,96,2,95.25,0,12.6285268939863,-35.1532638268366,-7.553751049727E-05,2.587720678E-05,-0.004008840333,
53.108,0.185000000000002,96,96,2,95.25,0,12.6285687354416,-35.1652667866651,-7.70086253254476E-05,3.410100343E-05,0.003354991298,
53.109,0.186,96,96,2,95.25,0,12.6286175599913,-35.168496039651,-7.87256324770169E-05,4.169433221E-05,0.007142894805,
53.11,0.186999999999998,96,96,2,95.25,0,12.6286685749216,-35.1591702432945,-8.05195129771619E-05,4.738673556E-05,0.007212191512,
53.111,0.188000000000002,96,96,2,95.25,0,12.6287021626358,-35.0681358078819,-8.1698900316951E-05,4.512965129E-05,0.003877834693,
53.112,0.189,96,96,2,95.25,0,12.6286855096607,-34.8835566036893,-8.1116448427565E-05,2.374367224E-05,-0.005610906418,
53.113,0.189999999999998,96,96,2,95.25,0,12.6285962439312,-34.7994665038747,-7.8006295481714E-05,-2.336459463E-05,-0.023363996962,
53.114,0.191000000000003,96,96,2,95.25,0,12.6284186702013,-34.7425985929866,-7.18318735408729E-05,-9.39743033E-05,-0.046442013064,
53.115,0.192,96,96,2,95.25,0,12.6281004947567,-34.5532840195825,-6.08077494064219E-05,-0.00019326184419,-0.072162625796,
53.116,0.192999999999998,96,96,2,95.25,0,12.6275194000022,-34.1503875116334,-4.08460778373865E-05,-0.00035487072316,-0.109380592648,
53.117,0.194000000000003,96,96,2,95.25,0,12.6264723531067,-33.5433342563011,-5.40682722771635E-06,-0.00064200460383,-0.180569978056,
53.118,0.195,96,96,2,95.25,0,12.6246936930593,-32.8230334680415,5.36147761494021E-05,-0.00112674519877,-0.308758394441,
53.119,0.195999999999998,96,96,2,95.25,0,12.6218897006257,-32.129555167196,0.000144678059683656,-0.00186677581769,-0.502045587853,
53.12,0.197000000000003,96,96,2,95.25,0,12.6177577226827,-31.4860361466565,0.000276107169753459,-0.00289478837056,-0.749838191911,
53.121,0.198,96,96,2,95.25,0,12.6119835359455,-30.9300934630209,0.000456308363638414,-0.00422624492844,-1.032651174188,
53.122,0.198999999999998,96,96,2,95.25,0,12.6042249557788,-30.3729812333268,0.000694120773388818,-0.00587684212779,-1.336165548818,
53.123,0.199999999999996,96,96,2,95.25,0,12.5941031059555,-29.7630604784419,0.000998464764975893,-0.00787224303483,-1.658296119216,
53.124,0.201000000000001,96,96,2,95.25,0,12.5812063129635,-29.1592894855869,0.00137841944001593,-0.01024535187693,-2.005272175251,
53.125,0.201999999999998,96,96,2,95.25,0,12.5651180555051,-28.6125195526539,0.0018431433088324,-0.01302174938131,-2.380783060266,
53.126,0.202999999999996,96,96,2,95.25,0,12.5454236989086,-28.0658467504687,0.00240126528747453,-0.01621264785991,-2.779761197962,
53.127,0.204000000000001,96,96,2,95.25,0,12.5216901123521,-27.7073026976282,0.0030631137224475,-0.01982429584307,-3.192773037702,
53.128,0.204999999999998,96,96,2,95.25,0,12.4934667831616,-27.5818345158296,0.00384333548255711,-0.0238687403587,-3.615262091533,
53.129,0.205999999999996,96,96,2,95.25,0,12.4603109683352,-27.6351698224336,0.0047587178681141,-0.02835615209107,-4.047495720911,
53.13,0.207000000000001,96,96,2,95.25,0,12.4218066219018,-27.7136871483733,0.00582430364985953,-0.03328062861773,-4.485641005635,
53.131,0.207999999999998,96,96,2,95.25,0,12.3775506450554,-27.9551447556826,0.00705614291776158,-0.0386252760752,-4.919408367616,
53.132,0.208999999999996,96,96,2,95.25,0,12.3271303288988,-28.6136697025875,0.00848225167256089,-0.04437978951556,-5.341555973094,
53.133,0.210000000000001,96,96,2,95.25,0,12.2701432903398,-29.6057411575972,0.0101411275783505,-0.05054103108426,-5.753572083995,
53.134,0.210999999999999,96,96,2,95.25,0,12.20622065976,-30.6505699730912,0.0120669985366106,-0.05709769944452,-6.157851167666,
53.135,0.211999999999996,96,96,2,95.25,0,12.135028641599,-31.7461202696777,0.0142880716890801,-0.06402276924792,-6.548560755734,
53.136,0.213000000000001,96,96,2,95.25,0,12.0562573601045,-33.0832912321692,0.0168414196003539,-0.07128498088669,-6.915691921069,
53.137,0.213999999999999,96,96,2,95.25,0,11.9695855277352,-34.7103647996621,0.019779319796001,-0.07886766775689,-7.257211657588,
53.138,0.214999999999996,96,96,2,95.25,0,11.8746753425068,-36.6395965206862,0.0231652388184784,-0.08677317296459,-7.583389802021,
53.139,0.216000000000001,96,96,2,95.25,0,11.7711782798896,-38.8132092929196,0.027069810702443,-0.09501474258731,-7.909479030956,
53.14,0.216999999999999,96,96,2,95.25,0,11.658727420161,-41.1205066947026,0.0315641182445034,-0.10360713853398,-8.245998195399,
53.141,0.217999999999996,96,96,2,95.25,0,11.5369670503888,-43.5777873155896,0.0367205660433854,-0.11255757360826,-8.594559787768,
53.142,0.219000000000001,96,96,2,95.25,0,11.4055735447684,-46.3450519325863,0.0426282045854691,-0.12185745751358,-8.947857985309,
53.143,0.219999999999999,96,96,2,95.25,0,11.2642437108575,-49.5045407213851,0.0494014080905743,-0.13148446335309,-9.293185836265,
53.144,0.220999999999997,96,96,2,95.25,0,11.1126958616804,-53.0042358687435,0.0571689003975848,-0.14141434000361,-9.619730502556,
53.145,0.222000000000001,96,96,2,95.25,0,10.950637028543,-56.8456514608119,0.0660699726780365,-0.15163573978533,-9.926472346577,
53.146,0.222999999999999,96,96,2,95.25,0,10.7777824056771,-61.1128539352945,0.0762648091600653,-0.16214427486786,-10.220083432603,
53.147,0.223999999999997,96,96,2,95.25,0,10.5939057103995,-65.8804088538968,0.0879403599021629,-0.17292250767086,-10.503303808428,
53.148,0.225000000000001,96,96,2,95.25,0,10.3988462694927,-70.9097764202529,0.101281468432717,-0.18392489724285,-10.764570517556,
53.149,0.225999999999999,96,96,2,95.25,0,10.1924909831911,-76.3237503086555,0.116472676713386,-0.19509337083648,-10.984967747785,
53.15,0.226999999999997,96,96,2,95.25,0,9.97475932853024,-82.1239298100989,0.133722214498107,-0.206379443190938,-11.1539280153864,
53.151,0.228000000000002,96,96,2,95.25,0,9.74560905054889,-88.3219208906911,0.153251071532537,-0.217744331149229,-11.2744374073595,
53.152,0.228999999999999,96,96,2,95.25,0,9.50503644958372,-95.0112938889377,0.175303545693964,-0.229151387880349,-11.3538939089898,
53.153,0.229999999999997,96,96,2,95.25,0,9.25306589667556,-102.297652538233,0.200161567856455,-0.240565289652921,-11.3964596117069,
53.154,0.231000000000002,96,96,2,95.25,0,8.98976898845218,-110.08153242587,0.228120959242474,-0.251949073919829,-11.4028130084372,
53.155,0.231999999999999,96,96,2,95.25,0,8.71527014856117,-118.204118100771,0.259453032359133,-0.263259581129103,-11.370836401317,
53.156,0.232999999999997,96,96,2,95.25,0,8.42975738075249,-126.679971481316,0.294411799463575,-0.274442438766022,-11.2941954548577,
53.157,0.234000000000002,96,96,2,95.25,0,8.13344444467615,-135.61922055392,0.33327312132478,-0.285448639913677,-11.1681555618463,
53.158,0.234999999999999,96,96,2,95.25,0,7.82645705479003,-145.659125587896,0.376447573981565,-0.296275221738979,-11.0053122977283,
53.159,0.235999999999997,96,96,2,95.25,0,7.50880634007394,-154.925222393018,0.424187990465867,-0.306984051192178,-10.845141910377,
53.16,0.237000000000002,96,96,2,95.25,0,7.18043157371775,-164.268369539854,0.47659555105254,-0.317668932759128,-10.7369707989552,
53.161,0.238,96,96,2,95.25,0,6.84117544125184,-174.112838517688,0.533994501024907,-0.328421960697073,-10.7125098441232,
53.162,0.238999999999997,96,96,2,95.25,0,6.49088501070385,-183.860622438752,0.596691839906498,-0.339302012057618,-10.7706910534265,
53.163,0.240000000000002,96,96,2,95.25,0,6.12957739220683,-194.210046884359,0.664991746484844,-0.350285297508075,-10.8729145607386,
53.164,0.241,96,96,2,95.25,0,5.75749800697782,-205.816081060469,0.739412484365474,-0.361233992131908,-10.9419379754962,
53.165,0.241999999999997,96,96,2,95.25,0,5.37504128330641,-217.704342824007,0.820401601228866,-0.371961056742133,-10.8925828677378,
53.166,0.243000000000002,96,96,2,95.25,0,4.98270878802498,-229.50812662067,0.908129593257968,-0.382306253621696,-10.6789932951088,
53.167,0.244,96,96,2,95.25,0,4.58107647074514,-243.34482309293,1.00308610622101,-0.392159710397947,-10.312235167768,
53.168,0.244999999999997,96,96,2,95.25,0,4.17076266471926,-258.146356768181,1.10597048356962,-0.401446817304129,-9.8310738462239,
53.169,0.246000000000002,96,96,2,95.25,0,3.75239656108641,-273.431684169245,1.2171676004515,-0.410125048684162,-9.274349209358,
53.17,0.247,96,96,2,95.25,0,3.32665160276886,-288.650167350372,1.33681935767464,-0.41816407075617,-8.6691312454702,
53.171,0.247999999999998,96,96,2,95.25,0,2.89423831469587,-304.128620545959,1.46498207006172,-0.425531800838771,-8.0293972675934,
53.172,0.249000000000002,96,96,2,95.25,0,2.45588239959548,-319.815158513519,1.60173679318213,-0.432195577254575,-7.357931579384,
53.173,0.25,96,96,2,95.25,0,2.0123180854319,-335.236491540253,1.74701556113104,-0.438135646711127,-6.6578504280675,
53.174,0.250999999999998,96,96,2,95.5,0,1.56426565786548,-352.830516499509,1.90116060777133,-0.443348228465475,-5.9389352336664,
53.175,0.252000000000002,96,96,2,95.5,0,1.11240087213032,-371.063209172742,2.0647116493943,-0.44784970099619,-5.2174952979193,
53.176,0.253,96,96,2,95.5,0,0.657437255033728,-389.479532507893,2.23772128775009,-0.451650727692968,-4.5046715476238,
53.177,0.253999999999998,96,96,2,95.5,0,0.200098959894801,-408.068522740344,2.42009592168939,-0.454746371100863,-3.7995454602942,
53.178,0.255000000000003,96,96,2,95.5,0,-0.258936780206601,-427.668380710097,2.61191247569211,-0.457135125214969,-3.0951916064232,
53.179,0.256,96,96,2,95.5,0,-0.718879912509386,-447.834362485859,2.81325321271473,-0.458798724273074,-2.3832743854424,
53.18,0.256999999999998,96,96,2,95.5,0,-1.17863728561579,-469.325182582455,3.02408864429476,-0.459615186883456,-1.6270046405884,
53.181,0.258000000000003,96,96,2,95.5,0,-1.63696116750565,-492.661385202063,3.24453935333121,-0.459383053500355,-0.756024746654,
53.182,0.259,96,96,2,95.5,0,-2.09263149194395,-515.997635674567,3.47434734497644,-0.457957862019355,0.2754720144258,
53.183,0.259999999999998,96,96,2,95.5,0,-2.54467201704849,-539.078312728495,3.71281588784709,-0.45537745187364,1.4138396510448,
53.184,0.261000000000003,96,96,2,95.5,0,-2.99236192299215,-562.683456173443,3.9594396991931,-0.451824279156404,2.5256733177568,
53.185,0.262,96,96,2,95.5,0,-3.4349899321743,-587.048968972442,4.21389158641034,-0.447476522663471,3.4997190784888,
53.186,0.262999999999998,96,96,2,95.5,0,-3.87174816313263,-612.746249544857,4.47590180498628,-0.442385644743457,4.3323177883482,
53.187,0.263999999999996,96,96,2,95.5,0,-4.30168024669891,-639.152162709312,4.74501745138316,-0.436471320207861,5.1149754765643,
53.188,0.265000000000001,96,96,2,95.5,0,-4.72373524637305,-666.65061187346,5.02057774618368,-0.429616802616253,5.949348467725,
53.189,0.265999999999998,96,96,2,95.5,0,-5.13685279578806,-694.931438119786,5.30182446609402,-0.421736889764043,6.880078252985,
53.19,0.266999999999996,96,96,2,95.5,0,-5.5399818464173,-724.42978627491,5.58791733753911,-0.412802234857018,7.8887168904739,
53.191,0.268000000000001,96,96,2,95.5,0,-5.93205115573668,-754.858058353107,5.87790901930303,-0.402807677872013,8.9362029139745,
53.192,0.268999999999998,96,96,2,95.5,0,-6.31197509175636,-786.12407581572,6.17063701817774,-0.391743619722428,9.997436710985,
53.193,0.269999999999996,96,96,2,95.5,0,-6.67863128623883,-818.262687677476,6.46476619076797,-0.379587225548427,11.0709086075358,
53.194,0.271000000000001,96,96,2,95.5,0,-7.03088501460802,-850.729240664756,6.7587205054563,-0.366315777109649,12.1632096461093,
53.195,0.271999999999998,96,96,2,95.5,0,-7.36766454932631,-883.390754543368,7.05072856802224,-0.351932210107904,13.270567728235,
53.196,0.272999999999996,96,96,2,95.5,0,-7.68797048308171,-915.894371805461,7.33888941926593,-0.336479712524693,14.3706106072947,
53.197,0.274000000000001,96,96,2,95.5,0,-7.99077427177159,-948.396582859754,7.62114660141238,-0.319997370524611,15.4407717338325,
53.198,0.274999999999999,96,96,2,95.5,0,-8.27494649852698,-980.651122897222,7.89523749244356,-0.302464963629192,16.4884081436218,
53.199,0.275999999999996,96,96,2,95.5,0,-8.53932015663322,-1012.45261982742,8.15869955616823,-0.283822124740993,17.5505170246519,
53.2,0.277000000000001,96,96,2,95.5,0,-8.78278061080336,-1043.56685405553,8.40897927361533,-0.264039267520154,18.651714790157,
53.201,0.277999999999999,96,96,2,95.5,0,-9.00425120231402,-1073.22734198308,8.64338310496684,-0.243137456553123,19.7765378449046,
53.202,0.278999999999996,96,96,2,95.5,0,-9.20262750450511,-1101.0471147295,8.85904536830243,-0.221139263512633,20.8950394652111,
53.203,0.280000000000001,96,96,2,95.5,0,-9.37682680853049,-1126.47373569833,9.05306165922572,-0.198051489537248,21.9961526989208,
53.204,0.280999999999999,96,96,2,95.5,0,-9.52588068408163,-1149.11444427623,9.2226542779175,-0.173908774932821,23.0773818836291,
53.205,0.281999999999996,96,96,2,95.5,0,-9.64900249218472,-1168.18569988884,9.36530936975107,-0.148817883858997,24.1106853565335,
53.206,0.283000000000001,96,96,2,95.5,0,-9.74554099345049,-1183.32680747704,9.47881511633548,-0.122926436286309,25.0466050826641,
53.207,0.283999999999999,96,96,2,95.5,0,-9.81494703526378,-1194.09440406074,9.56131881434338,-0.096373755481222,25.8496505927485,
53.208,0.284999999999997,96,96,2,95.5,0,-9.85683579496614,-1199.87034434781,9.6114589213844,-0.069290595015755,26.5134547334813,
53.209,0.286000000000001,96,96,2,95.5,0,-9.8710509242294,-1200.22098393811,9.628517725622,-0.041841855203909,27.0336903712667,
53.21,0.286999999999999,96,96,2,95.5,0,-9.85771076691207,-1195.11786734372,9.61254062706979,-0.01425063242081,27.3818108993082,
53.211,0.287999999999997,96,96,2,95.5,0,-9.81719546977867,-1184.84475200739,9.5643281807251,0.013226113287972,27.514134769428,
53.212,0.289000000000001,96,96,2,95.5,0,-9.75005419760089,-1169.96314979234,9.48527578159452,0.040350547701891,27.4053954426182,
53.213,0.289999999999999,96,96,2,95.5,0,-9.65694934767241,-1150.85543221837,9.37723604869986,0.066942552989674,27.0703990645371,
53.214,0.290999999999997,96,96,2,95.5,0,-9.53866924402194,-1127.79953276709,9.24247627597879,0.09286835271987,26.5518723583477,
53.215,0.292000000000002,96,96,2,95.5,0,-9.39611251112017,-1101.01648235796,9.0836099113011,0.118010516309266,25.8905705552321,
53.216,0.292999999999999,96,96,2,95.5,0,-9.23029393913003,-1071.6212627561,8.90347806712776,0.142252295852889,25.1071392179041,
53.217,0.293999999999997,96,96,2,95.5,0,-9.04233798404801,-1040.33831980328,8.70500037691048,0.165481235191191,24.2080426957586,
53.218,0.295000000000002,96,96,2,95.5,0,-8.83346710210015,-1008.30512180178,8.49104939568809,0.187589218214209,23.1965045053131,
53.219,0.295999999999999,96,96,2,95.5,0,-8.60496736902655,-974.160541271539,8.26455295826818,0.208485059225834,22.0806273141853,
53.22,0.296999999999997,96,96,2,95.5,0,-8.35812316703381,-938.870836415498,8.02844260636206,0.228114418411619,20.8795390672909,
53.221,0.298000000000002,96,96,2,95.5,0,-8.09426604416312,-903.322508561824,7.78540468847343,0.24644473758038,19.6195917284298,
53.222,0.298999999999999,96,96,2,95.5,0,-7.81481786192132,-868.387478217731,7.53785412084083,0.263430564418638,18.3166834747173,
53.223,0.299999999999997,96,96,2,95.5,0,-7.52120320857262,-833.965861385193,7.28793617799859,0.279020805762537,16.9704988891012,
53.224,0.301000000000002,96,96,2,95.5,0,-7.21476404607524,-800.314944080873,7.0375323573423,0.293212064761234,15.5892222886461,
53.225,0.302,96,96,2,95.5,0,-6.89676623566186,-767.489062993778,6.78825323663877,0.306059404127576,14.2077778125511,
53.226,0.302999999999997,96,96,2,95.5,0,-6.56845503187117,-735.390771621852,6.54154709281106,0.317624234051776,12.8657624234059,
53.227,0.304000000000002,96,96,2,95.5,0,-6.23109409340144,-704.076881201341,6.29873701368443,0.32793210618121,11.5724954184128,
53.228,0.305,96,96,2,95.5,0,-5.88588865734808,-673.969730859724,6.06088242287524,0.336999367341106,10.3127761770024,
53.229,0.305999999999997,96,96,2,95.5,0,-5.53398875922701,-645.753883350684,5.82867712018093,0.344860425398581,9.0775835200311,
53.23,0.307000000000002,96,96,2,95.5,0,-5.17656743809889,-619.289869123713,5.60260031553379,0.351547986402872,7.8708698722461,
53.231,0.308,96,96,2,95.5,0,-4.81475976267393,-594.061097018857,5.38310046926645,0.357080800515057,6.6931860526144,
53.232,0.308999999999998,96,96,2,95.5,0,-4.44952611351671,-569.646904431625,5.17058780930485,0.361519561255586,5.55102216832,
53.233,0.310000000000002,96,96,2,95.5,0,-4.08167487747034,-546.160929959327,4.96536216376938,0.364991133104287,4.4768200844774,
53.234,0.311,96,96,2,95.5,0,-3.71192578274561,-523.722850355047,4.76756788415342,0.367635317583133,3.5135123052929,
53.235,0.311999999999998,96,96,2,95.5,0,-3.34102458611035,-502.305924519385,4.57729023396185,0.369525367694381,2.6661603795231,
53.236,0.313000000000002,96,96,2,95.5,0,-2.96961531972683,-482.955657974366,4.39432259318691,0.370707986986579,1.9040611758124,
53.237,0.314,96,96,2,95.5,0,-2.59808193108155,-464.490827392699,4.21831859155267,0.37129408213757,1.2158912955509,
53.238,0.314999999999998,96,96,2,95.5,0,-2.22663981751364,-446.575223196706,4.04911444183722,0.371468769443541,0.6416300398471,
53.239,0.316000000000003,96,96,2,95.5,0,-1.85559882914402,-428.723204021358,3.88672864506054,0.371349158531634,0.2098201941136,
53.24,0.317,96,96,2,95.5,0,-1.48549302732711,-411.63152715706,3.73121856426383,0.370880769963294,-0.1359547434735,
53.241,0.317999999999998,96,96,2,95.5,0,-1.11690494074153,-394.91029811758,3.58257771019922,0.369931043213324,-0.5081567258991,
53.242,0.319000000000003,96,96,2,95.5,0,-0.750358798000929,-378.578750404988,3.44081799660519,0.368430818001485,-0.9704748340417,
53.243,0.32,96,96,2,95.5,0,-0.386403308147617,-363.248055528829,3.30582202733521,0.366381530027908,-1.4997945017997,
53.244,0.320999999999998,96,96,2,95.5,0,-0.0256250071366865,-348.732458366658,3.17738846725716,0.363779529066784,-2.0503830413197,
53.245,0.322000000000003,96,96,2,95.5,0,0.331537878044534,-335.619895177921,3.05517583672089,0.360646832914732,-2.5953956221383,
53.246,0.323,96,96,2,95.5,0,0.684948793913619,-323.520038376029,2.9387022129193,0.357121919136493,-3.0911528826297,
53.247,0.323999999999998,96,96,2,95.5,0,1.03466862671454,-311.465975073448,2.82766861169206,0.353429181742276,-3.4575955751763,
53.248,0.325000000000003,96,96,2,95.5,0,1.38071052732826,-299.641139509997,2.72193427798754,0.34972377806521,-3.6461901942783,
53.249,0.326000000000001,96,96,2,95.5,0,1.72293295647592,-288.174574190662,2.62135241727064,0.345999438830062,-3.7072844596359,
53.25,0.326999999999998,96,96,2,95.5,0,2.06116648560219,-277.13078678189,2.52574980363276,0.342171600581061,-3.7497082718793,
53.251,0.327999999999996,96,96,2,95.5,0,2.39528489715583,-266.136527411148,2.43499199759917,0.338195663860898,-3.8412180861937,
53.252,0.329000000000001,96,96,2,95.5,0,2.72507997665944,-255.141005432761,2.34903461490532,0.33405594721042,-3.9806411579089,
53.253,0.329999999999998,96,96,2,95.5,0,3.05018353150095,-244.445244961732,2.26782598192872,0.329684621719989,-4.1600653233694,
53.254,0.330999999999996,96,96,2,95.5,0,3.37020221728019,-234.376839065503,2.19120997490249,0.324985551521459,-4.4001662508748,
53.255,0.332000000000001,96,96,2,95.5,0,3.68483690172067,-224.856565884666,2.11896459617698,0.319928946096293,-4.7080073540911,
53.256,0.332999999999998,96,96,2,95.5,0,3.99385817558046,-215.629678038422,2.05090478606957,0.314565861667901,-5.041288558143,
53.257,0.333999999999996,96,96,2,95.5,0,4.29697828841548,-206.778593802571,1.98688456455812,0.308934948726566,-5.3514892813071,
53.258,0.335000000000001,96,96,2,95.5,0,4.59393437602385,-198.426476349018,1.92672050840248,0.303041253574456,-5.6293990506846,
53.259,0.335999999999999,96,96,2,95.5,0,4.88460567805766,-190.629690072106,1.87017677717353,0.296919859503997,-5.8831701643822,
53.26,0.336999999999996,96,96,2,95.5,0,5.16897990318571,-183.223457482065,1.81701967759983,0.29066761463445,-6.0923396346807,
53.261,0.338000000000001,96,96,2,95.5,0,5.44710874748726,-176.038670887621,1.76705909731744,0.284389733951828,-6.2206803737431,
53.262,0.338999999999999,96,96,2,95.5,0,5.71906420333043,-168.848796661334,1.72016208309151,0.278150442011986,-6.2586133158655,
53.263,0.339999999999996,96,96,2,95.5,0,5.98492433392833,-161.797869549226,1.67620920016125,0.271978874807103,-6.2305511421883,
53.264,0.341000000000001,96,96,2,95.5,0,6.24476450954224,-155.138179888141,1.63503284078917,0.265882741676284,-6.1692544031515,
53.265,0.341999999999999,96,96,2,95.5,0,6.49867066624177,-148.984618369244,1.59642351535405,0.259865956434793,-6.0949589862398,
53.266,0.342999999999996,96,96,2,95.5,0,6.74675769745837,-143.121566697589,1.56018963722742,0.253940624728962,-6.0131535475914,
53.267,0.344000000000001,96,96,2,95.5,0,6.98909462740724,-137.345301614456,1.52620589731787,0.248107738481159,-5.9250341291206,
53.268,0.344999999999999,96,96,2,95.5,0,7.22569153606542,-131.514359264297,1.49440021500446,0.242339953941983,-5.8410893726233,
53.269,0.345999999999997,96,96,2,95.5,0,7.45657714441354,-125.810512743937,1.4646939101961,0.236605524952372,-5.7773083868946,
53.27,0.347000000000001,96,96,2,95.5,0,7.68179289935537,-120.216281330086,1.43698935511445,0.230898042419251,-5.7363517175335,
53.271,0.347999999999999,96,96,2,95.5,0,7.90135958588611,-114.764692175639,1.41119235823923,0.22522199044039,-5.70613730379,
53.272,0.348999999999997,96,96,2,95.5,0,8.11523847190302,-109.367767318627,1.3872237578608,0.219555066899918,-5.6827426136223,
53.273,0.350000000000001,96,96,2,95.5,0,8.32330926233967,-104.019379301536,1.36502394172766,0.213842797496981,-5.6832658307282,
53.274,0.350999999999999,96,96,2,95.5,0,8.52543572692223,-98.7608926426173,1.34453031200007,0.208029921354501,-5.7288476660604,
53.275,0.351999999999997,96,96,2,95.5,0,8.72148084996255,-93.7929879350631,1.3256556873952,0.202085359876115,-5.8221997213889,
53.276,0.353000000000002,96,96,2,95.5,0,8.91132981450482,-89.1514400458827,1.30828978228472,0.196010677953577,-5.9440920108598,
53.277,0.353999999999999,96,96,2,95.5,0,9.0949051922159,-84.7709837499766,1.29232584496434,0.189825736042328,-6.0687237859057,
53.278,0.354999999999997,96,96,2,95.5,0,9.27217764030978,-80.7882001335471,1.2776513040486,0.183566574875277,-6.1741296913763,
53.279,0.356000000000002,96,96,2,95.5,0,9.44317414713706,-77.2563300515464,1.2641387727562,0.17728054459906,-6.2449561230602,
53.28,0.356999999999999,96,96,2,95.5,0,9.60798556357737,-74.0760955598368,1.25166811704702,0.171023762091169,-6.2691952129694,
53.281,0.357999999999997,96,96,2,95.5,0,9.76674116674284,-71.0291249223866,1.24014998364696,0.164850199573949,-6.2405908411875,
53.282,0.359000000000002,96,96,2,95.5,0,9.91960152944485,-68.0930686784519,1.22951684916009,0.158803775008881,-6.1603871287757,
53.283,0.359999999999999,96,96,2,95.5,0,10.0667241661143,-65.3381097111128,1.2197014757708,0.152907617031279,-6.0394859744738,
53.284,0.360999999999997,96,96,2,95.5,0,10.2082569367954,-62.9261156660936,1.21062468017236,0.147166994682714,-5.8945772651307,
53.285,0.362000000000002,96,96,2,95.5,0,10.3443793768622,-60.662571920143,1.20221308331291,0.141586631293318,-5.7392053495254,
53.286,0.363,96,96,2,95.5,0,10.475328969425,-58.2998106747777,1.19442404554736,0.13619368499989,-5.5722159483563,
53.287,0.363999999999997,96,96,2,95.5,0,10.6013643526698,-55.8364971438734,1.18723143889832,0.1310271840186,-5.381237828577,
53.288,0.365000000000002,96,96,2,95.5,0,10.7227013963936,-53.6623412870254,1.18058830622513,0.1261001441839,-5.1625962309544,
53.289,0.366,96,96,2,95.5,0,10.8394868003589,-51.6534158212027,1.17443863460623,0.12138105365255,-4.936493387672,
53.29,0.366999999999997,96,96,2,95.5,0,10.951842897422,-49.6056248006794,1.16875009930791,0.11682210382219,-4.733433112058,
53.291,0.368000000000002,96,96,2,95.5,0,11.0598972788751,-47.5051772770486,1.16350347548246,0.11239437445076,-4.567625902978,
53.292,0.369,96,96,2,95.5,0,11.163761164587,-45.5243152870458,1.1586722731907,0.10808774741374,-4.430764808786,
53.293,0.369999999999997,96,96,2,95.5,0,11.2635305755569,-43.7463588538963,1.15421903190274,0.10389269201166,-4.309486246861,
53.294,0.371000000000002,96,96,2,95.5,0,11.3592819549863,-42.1329051966776,1.15010750290412,0.09979234393035,-4.200114696331,
53.295,0.372,96,96,2,95.5,0,11.4510722471664,-40.5224561577592,1.14631402301964,0.09576846271676,-4.105820217225,
53.296,0.372999999999998,96,96,2,95.5,0,11.5389511270451,-38.9118704314408,1.14282372319735,0.09180519466447,-4.028637325516,
53.297,0.374000000000002,96,96,2,95.5,0,11.6229684421867,-37.4372927147697,1.13961639734693,0.08789383414799,-3.965879739937,
53.298,0.375,96,96,2,95.5,0,11.7031825500579,-36.1113907320164,1.13666657633303,0.08403482238161,-3.911228152193,
53.299,0.375999999999998,96,96,2,95.75,0,11.7796708914998,-34.827108084339,1.13395359227361,0.08023734012353,-3.85625753892,
53.3,0.377000000000002,96,96,2,95.75,0,11.8525595778672,-33.6589452881736,1.1314576630412,0.07652617484834,-3.790046015703,
53.301,0.378,96,96,2,95.75,0,11.9219942853946,-32.5581232940511,1.12915878164604,0.07293238923775,-3.701846470677,
53.302,0.378999999999998,96,96,2,95.75,0,11.9881073264449,-31.5042007141514,1.12704110411758,0.06947440123627,-3.588260227237,
53.303,0.380000000000003,96,96,2,95.75,0,12.0510089723487,-30.4350344579725,1.12509306419841,0.06614612244948,-3.459814519806,
53.304,0.381,96,96,2,95.75,0,12.1107949059379,-29.3498905667147,1.12330591541983,0.06293035075337,-3.333439423993,
53.305,0.381999999999998,96,96,2,95.75,0,12.1675519232114,-28.3287794135002,1.12166908078564,0.05981197238887,-3.220305823831,
53.306,0.383000000000003,96,96,2,95.75,0,12.2213592950582,-27.3821413220058,1.12017025167167,0.0567807985402,-3.121435009234,
53.307,0.384,96,96,2,95.75,0,12.2722764383211,-26.565282147496,1.11879682732693,0.05382519689964,-3.034663540986,
53.308,0.384999999999998,96,96,2,95.75,0,12.3203545914237,-25.8992404104134,1.11753562865293,0.05093251478998,-2.959397443723,
53.309,0.386000000000003,96,96,2,95.75,0,12.3656612959451,-25.3638265902288,1.1163743483382,0.04809841557633,-2.893983100127,
53.31,0.387,96,96,2,95.75,0,12.4083064040737,-24.8657097393234,1.11530332633419,0.04533966017792,-2.829070937881,
53.311,0.387999999999998,96,96,2,95.75,0,12.4484253157115,-24.3564273182167,1.11431595705056,0.0426857280992,-2.749911547075,
53.312,0.388999999999996,96,96,2,95.75,0,12.4861738355632,-23.9186698840771,1.11340480031802,0.04016565304921,-2.645221966008,
53.313,0.390000000000001,96,96,2,95.75,0,12.521714916486,-23.5920787910706,1.11256050863634,0.03779740570886,-2.514683845717,
53.314,0.390999999999998,96,96,2,95.75,0,12.5552073705085,-23.3101134618683,1.11177507387754,0.03558872453138,-2.365925804381,
53.315,0.391999999999996,96,96,2,95.75,0,12.5867911670868,-22.9524763463446,1.1110444997647,0.03353444485933,-2.210230574712,
53.316,0.393000000000001,96,96,2,95.75,0,12.6165768938234,-22.5585698283286,1.11036670997227,0.03161697285905,-2.059557822148,
53.317,0.393999999999998,96,96,2,95.75,0,12.644647294674,-22.1435447703918,1.10973930683444,0.02981054992331,-1.925199582449,
53.318,0.394999999999996,96,96,2,95.75,0,12.6710482800343,-21.696229683178,1.10916060021268,0.02808417396931,-1.81572356058,
53.319,0.396000000000001,96,96,2,95.75,0,12.695788139284,-21.2305406471351,1.10862959908467,0.02640347217421,-1.736687800852,
53.32,0.396999999999998,96,96,2,95.75,0,12.7188501457,-20.7529562845075,1.10814548724686,0.02473484123277,-1.690782786672,
53.321,0.397999999999996,96,96,2,95.75,0,12.7402133719744,-20.4116272512723,1.10770578309058,0.02305572822363,-1.675396817848,
53.322,0.399000000000001,96,96,2,95.75,0,12.7598864221692,-20.2861491050831,1.10730545839205,0.021365807493,-1.679210705277,
53.323,0.399999999999999,96,96,2,95.75,0,12.7778990128709,-20.3960065119514,1.10693906288306,0.01968196517075,-1.684854891669,
53.324,0.400999999999996,96,96,2,95.75,0,12.7942853932879,-20.3581869413093,1.1066051560243,0.01802286546422,-1.678243060048,
53.325,0.402000000000001,96,96,2,95.75,0,12.8090869363193,-20.2667707453506,1.10630449999462,0.01639879228673,-1.656014532534,
53.326,0.402999999999999,96,96,2,95.75,0,12.8223631116978,-20.3194119345735,1.10603508535502,0.01481938395121,-1.621181683611,
53.327,0.403999999999996,96,96,2,95.75,0,12.8341894667968,-20.4641069669981,1.10579392516667,0.01329883959052,-1.575148595662,
53.328,0.405000000000001,96,96,2,95.75,0,12.8446649996367,-20.5492486028605,1.10557910679009,0.01185605450512,-1.514875770552,
53.329,0.405999999999999,96,96,2,95.75,0,12.8539010934168,-20.6906430050595,1.1053886590369,0.01050894779969,-1.437409353996,
53.33,0.406999999999996,96,96,2,95.75,0,12.8619957327815,-20.8560752826008,1.10522050618624,0.00926548917342,-1.344715795673,
53.331,0.408000000000001,96,96,2,95.75,0,12.8690298323118,-20.9224567639991,1.10507356900992,0.008118913739,-1.245488092463,
53.332,0.408999999999999,96,96,2,95.75,0,12.8750832376528,-20.946628359404,1.10494684373816,0.00705805322383,-1.1499259162,
53.333,0.409999999999997,96,96,2,95.75,0,12.8802218026009,-20.9607669399477,1.10483917180188,0.00607316147992,-1.063784359567,
53.334,0.411000000000001,96,96,2,95.75,0,12.884483422504,-21.0212211571809,1.10474971616387,0.00514993355247,-0.98918323035,
53.335,0.411999999999999,96,96,2,95.75,0,12.8878764927169,-21.0827709845299,1.10467828526308,0.00426413850954,-0.930497207032,
53.336,0.412999999999997,96,96,2,95.75,0,12.8904045154462,-21.1591165178588,1.1046248910372,0.00339412087488,-0.892291685805,
53.337,0.414000000000001,96,96,2,95.75,0,12.8920765711905,-21.3634833516642,1.10458934095851,0.00253074687888,-0.872757765543,
53.338,0.414999999999999,96,96,2,95.75,0,12.8929178908324,-21.7316637141636,1.10457121256167,0.00167962500908,-0.861691449738,
53.339,0.415999999999997,96,96,2,95.75,0,12.8930067113517,-22.2252324012176,1.1045692604245,0.00086479073584,-0.843911228692,
53.34,0.417000000000002,96,96,2,95.75,0,12.8925104029368,-22.8023686429195,1.10458043421315,0.00013903157582,-0.798998018242,
53.341,0.417999999999999,96,96,2,95.75,0,12.8916389037535,-23.2479384092963,1.10460050061565,-0.00043332696516,-0.706461508274,
53.342,0.418999999999997,96,96,2,95.75,0,12.8905463608188,-23.4649432394198,1.10462601853006,-0.0008252550782,-0.56424959831,
53.343,0.420000000000002,96,96,2,95.75,0,12.8892929155509,-23.4402701076091,1.10465541508891,-0.00107450050924,-0.403252436822,
53.344,0.420999999999999,96,96,2,95.75,0,12.8878655598422,-23.4382777176008,1.10468887127034,-0.00125734770018,-0.27213076361,
53.345,0.421999999999997,96,96,2,95.75,0,12.8862228409781,-23.5966685370481,1.10472750386708,-0.00143979152308,-0.202645652558,
53.346,0.423000000000002,96,96,2,95.75,0,12.8843283304632,-23.831633907647,1.10477243057592,-0.00165364741272,-0.191988453334,
53.347,0.423999999999999,96,96,2,95.75,0,12.8821503805677,-23.99383685683,1.10482451131546,-0.00190400483384,-0.215382729062,
53.348,0.424999999999997,96,96,2,95.75,0,12.8796601065143,-24.1298410508348,1.10488443188868,-0.00218661532869,-0.249082883795,
53.349,0.426000000000002,96,96,2,95.75,0,12.8768338633809,-24.2886212264698,1.10495285306195,-0.00249736753003,-0.281377084678,
53.35,0.427,96,96,2,95.75,0,12.8736610927037,-24.5133152206895,1.10503027173843,-0.00282941067254,-0.308696971744,
53.351,0.427999999999997,96,96,2,95.75,0,12.8701548863226,-24.6819481300351,1.10511651611156,-0.00316884312523,-0.327872653213,
53.352,0.429000000000002,96,96,2,95.75,0,12.8663451961824,-24.8458841959614,1.1052108589588,-0.00349722079766,-0.333899225558,
53.353,0.43,96,96,2,95.75,0,12.8622739334932,-25.0489827317126,1.10531242651385,-0.00379711677717,-0.323149598632,
53.354,0.430999999999997,96,96,2,95.75,0,12.8579939284958,-25.2980752385993,1.1054201693437,-0.00405541361696,-0.29596074547,
53.355,0.432000000000002,96,96,2,95.75,0,12.8535544709747,-25.4897449786999,1.10553290452893,-0.00426521806205,-0.256228863296,
53.356,0.433,96,96,2,95.75,0,12.8489992939413,-25.6829539423707,1.10564945488036,-0.00442633761768,-0.209746696662,
53.357,0.433999999999998,96,96,2,95.75,0,12.8443705089569,-25.8511900065592,1.10576872511621,-0.00454254356501,-0.162250939978,
53.358,0.435000000000002,96,96,2,95.75,0,12.8396870551575,-26.1108523685041,1.10589040602861,-0.0046231032436,-0.118986149198,
53.359,0.436,96,96,2,95.75,0,12.8349457460374,-26.4537754479924,1.10601501860323,-0.00468440975111,-0.085477607888,
53.36,0.436999999999998,96,96,2,95.75,0,12.8301313150514,-26.6967244414312,1.10614296331002,-0.00474588908366,-0.067134306346,
53.361,0.438000000000002,96,96,2,95.75,0,12.825220994934,-26.8034308134617,1.10627431475434,-0.00482126116565,-0.06559530987,
53.362,0.439,96,96,2,95.75,0,12.8202057839235,-26.9394819872424,1.10640908077835,-0.00491302064591,-0.076120476639,
53.363,0.439999999999998,96,96,2,95.75,0,12.8150924599827,-27.1720600594056,1.10654742570006,-0.00501317762166,-0.089362509426,
53.364,0.441000000000003,96,96,2,95.75,0,12.8099120400017,-27.3734384554388,1.10668870999525,-0.00510401887377,-0.094843010011,
53.365,0.442,96,96,2,95.75,0,12.8047034066092,-27.4702927294693,1.10683154044007,-0.00516875519239,-0.085804489155,
53.366,0.442999999999998,96,96,2,95.75,0,12.7994856306363,-27.7451746125485,1.10697559140948,-0.00520291214317,-0.063393988315,
53.367,0.444000000000003,96,96,2,95.75,0,12.7942621185931,-28.2470336815037,1.10712182939666,-0.00521675401987,-0.037236238908,
53.368,0.445,96,96,2,95.75,0,12.7890407915275,-28.7011099578877,1.10727050183851,-0.00522113572883,-0.017098348602,
53.369,0.445999999999998,96,96,2,95.75,0,12.7838362975796,-28.9448384694738,1.10742051083336,-0.00521693262357,-0.004644315016,
53.37,0.447000000000003,96,96,2,95.75,0,12.7786734249579,-29.0501849245022,1.1075702212926,-0.00519705748535,0.006329270882,
53.371,0.448,96,96,2,95.75,0,12.7735714459217,-29.0772107314616,1.10771850366963,-0.00515709094391,0.021200949298,
53.372,0.448999999999998,96,96,2,95.75,0,12.7685306190797,-29.096514819977,1.10786512550825,-0.00510190145359,0.038506005138,
53.373,0.450000000000003,96,96,2,95.75,0,12.7635405295684,-29.1939397336025,1.1080105628012,-0.00504395130105,0.051450804322,
53.374,0.451000000000001,96,96,2,95.75,0,12.7585991806036,-29.3836192059395,1.10815528888131,-0.00499068854656,0.055715734459,
53.375,0.451999999999998,96,96,2,95.75,0,12.7537102920341,-29.7395813255956,1.10829981225095,-0.00494023301016,0.053826808478,
53.376,0.452999999999996,96,96,2,95.75,0,12.7488730046119,-29.9934141489878,1.1084442850848,-0.0048891463439,0.051487040785,
53.377,0.454000000000001,96,96,2,95.75,0,12.7440731233152,-30.0838396769827,1.1085884669283,-0.00484154592874,0.049851451972,
53.378,0.454999999999998,96,96,2,95.75,0,12.7393051731259,-30.1984274806324,1.10873217835184,-0.00480152380213,0.046372803925,
53.379,0.455999999999996,96,96,2,95.75,0,12.7345803045252,-30.4546020546633,1.10887546714923,-0.00476460504494,0.041364602349,
53.38,0.457000000000001,96,96,2,95.75,0,12.729914154423,-30.752035604667,1.10901826682851,-0.00472017752773,0.040102396022,
53.381,0.457999999999998,96,96,2,95.75,0,12.7253276604761,-30.9234529727942,1.10915970395604,-0.00465986880516,0.046939250812,
53.382,0.458999999999996,96,96,2,95.75,0,12.7208444535381,-31.0041726949717,1.10929852113657,-0.00457940469082,0.061590978493,
53.383,0.460000000000001,96,96,2,95.75,0,12.716495045798,-31.0098592567865,1.10943338329184,-0.0044740532813,0.081883685363,
53.384,0.460999999999999,96,96,2,95.75,0,12.7122969918709,-31.0717683868356,1.10956369430221,-0.00434414135557,0.105253375829,
53.385,0.461999999999996,96,96,2,95.75,0,12.7082468950889,-31.2250367000581,1.10968984834712,-0.00419907292747,0.127090721578,
53.386,0.463000000000001,96,96,2,95.75,0,12.7043212864865,-31.3970758570917,1.10981276329899,-0.00405713747165,0.139581585705,
53.387,0.463999999999999,96,96,2,95.75,0,12.7004958042507,-31.5205045961158,1.10993310834216,-0.0039329171463,0.137560808363,
53.388,0.464999999999996,96,96,2,95.75,0,12.6967527195718,-31.7068520987055,1.11005144101723,-0.00383080087871,0.122903647163,
53.389,0.466000000000001,96,96,2,95.75,0,12.6930792010168,-31.8578058963707,1.11016819399252,-0.0037469341088,0.103272635614,
53.39,0.466999999999999,96,96,2,95.75,0,12.6894629269036,-32.0121299341771,1.1102836795903,-0.00367721505963,0.085097302992,
53.391,0.467999999999996,96,96,2,95.75,0,12.685906673004,-32.1640088615669,1.11039779291222,-0.00361544138166,0.071579754032,
53.392,0.469000000000001,96,96,2,95.75,0,12.6824271612181,-32.2494029741023,1.11050985652506,-0.00355123732957,0.064886401566,
53.393,0.469999999999999,96,96,2,95.75,0,12.6790363489982,-32.3108896502932,1.11061931243964,-0.00347592455021,0.066807558035,
53.394,0.470999999999997,96,96,2,95.75,0,12.6757494169192,-32.3334120891057,1.1107255531542,-0.00338625804743,0.076286278205,
53.395,0.472000000000001,96,96,2,95.75,0,12.6725745487736,-32.4280518318151,1.11082835770863,-0.00328447694125,0.088994766774,
53.396,0.472999999999999,96,96,2,95.75,0,12.6695197819918,-32.597050868216,1.11092767597049,-0.00317245691648,0.101218400737,
53.397,0.473999999999997,96,96,2,95.75,0,12.6665924291452,-32.8681893191264,1.11102349589909,-0.00305257301038,0.111307513592,
53.398,0.475000000000001,96,96,2,95.75,0,12.6637830150447,-33.063924697143,1.11111611120448,-0.00293019540333,0.118272851986,
53.399,0.475999999999999,96,96,2,95.75,0,12.6610819991399,-33.1519597520913,1.11120553628301,-0.00281227626562,0.120291955963,
53.4,0.476999999999997,96,96,2,95.75,0,12.658476600528,-33.149930779406,1.11129190770978,-0.00270485017564,0.116108764193,
53.401,0.478000000000002,96,96,2,95.75,0,12.6559484685428,-33.156159995696,1.11137572298423,-0.00261090381176,0.106530086469,
53.402,0.478999999999999,96,96,2,95.75,0,12.653496994115,-33.2684537030719,1.11145714210517,-0.00252831470599,0.094583104277,
53.403,0.479999999999997,96,96,2,95.75,0,12.65113036906,-33.3040697817734,1.11153591820619,-0.00244901688318,0.085008898315,
53.404,0.481000000000002,96,96,2,95.75,0,12.64883647647,-33.2930372678286,1.11161230151137,-0.00237026012734,0.080122887607,
53.405,0.481999999999999,96,96,2,95.75,0,12.6466079144086,-33.3551275139199,1.11168656629712,-0.00229611317092,0.077536136105,
53.406,0.482999999999997,96,96,2,95.75,0,12.6444599456211,-33.5355710294809,1.11175840586344,-0.00222398323781,0.074924789253,
53.407,0.484000000000002,96,96,2,95.75,0,12.6424206197311,-33.7255040024731,1.11182698948929,-0.00213955390042,0.076424861387,
53.408,0.484999999999999,96,96,2,95.75,0,12.6405075584332,-33.7259587168336,1.11189150888069,-0.00203403938162,0.087065070529,
53.409,0.485999999999997,96,96,2,95.75,0,12.6387138170766,-33.7309803227954,1.11195200903136,-0.00191514469314,0.103203015281,
53.41,0.487000000000002,96,96,2,95.75,0,12.6370358933995,-34.0154459007937,1.11200884569766,-0.00179479203514,0.115318028432,
53.411,0.488,96,96,2,95.75,0,12.6354775058996,-34.3784609904916,1.11206213780244,-0.00167680812779,0.119204641949,
53.412,0.488999999999997,96,96,2,95.75,0,12.6340273223286,-34.4293090213497,1.11211202975126,-0.00156178717439,0.11780564636,
53.413,0.490000000000002,96,96,2,95.75,0,12.632675696706,-34.2456903421033,1.11215844119565,-0.00145307736515,0.114016496337,
53.414,0.491,96,96,2,95.75,0,12.6314125956989,-34.1271273471674,1.11220162208309,-0.00135463562247,0.10752273252,
53.415,0.491999999999997,96,96,2,95.75,0,12.6302216074706,-34.1261840500395,1.1122422665283,-0.00126802455811,0.097972959152,
53.416,0.493000000000002,96,96,2,95.75,0,12.6290977843128,-34.235409865073,1.11228067969947,-0.00119247254079,0.086842553744,
53.417,0.494,96,96,2,95.75,0,12.6280365451298,-34.3223402071994,1.11231705778481,-0.00112519748651,0.07638664252,
53.418,0.494999999999997,96,96,2,95.75,0,12.6270319194295,-34.3345118677053,1.11235154500386,-0.00106303033063,0.068225773672,
53.419,0.496000000000002,96,96,2,95.75,0,12.6260762044593,-34.3277000326448,1.11238435575576,-0.00100693652608,0.061877520001,
53.42,0.497,96,96,2,95.75,0,12.6251685711429,-34.3825507334707,1.11241553761215,-0.00095596369309,0.056379518481,
53.421,0.497999999999998,96,96,2,95.75,0,12.6243283319229,-34.4694928064612,1.11244446370583,-0.00090183958362,0.053454507402,
53.422,0.499000000000002,96,96,2,95.75,0,12.6235744977964,-34.498190789727,1.11247045880259,-0.00083453592087,0.05713259251,
53.423,0.5,96,96,2,95.75,0,12.6229150511399,-34.5608453462963,1.11249322917783,-0.00075143941355,0.068087650137,
53.424,0.500999999999998,96,96,2,96,0,12.6223569199449,-34.4927220146082,1.11251249965287,-0.00065736825905,0.081651048103,
53.425,0.00100000000000477,97,97,2,96,0,12.6219026422444,-34.4200268251509,1.56527625421177E-05,-0.0005573697851,0.092556956181,
53.426,0.00200000000000244,97,97,2,96,0,12.6215413246174,-34.3383139212643,2.80745628060686E-05,-0.0004575457268,0.09816795342,
53.427,0.00300000000000011,97,97,2,96,0,12.6212467885168,-34.243282610351,3.8174440817329E-05,-0.00036917119113,0.096441526206,
53.428,0.00400000000000489,97,97,2,96,0,12.6209801905666,-34.2059906024386,4.72986587851665E-05,-0.0003061891134,0.084191655077,
53.429,0.00500000000000256,97,97,2,96,0,12.6207192489624,-34.2996785389829,5.62366483904952E-05,-0.00027328249152,0.061577178357,
53.43,0.00600000000000023,97,97,2,96,0,12.620471913517,-34.3140324105893,6.47219497693641E-05,-0.00025855666036,0.036475021419,
53.431,0.007000000000005,97,97,2,96,0,12.6202540398453,-34.2636843197517,7.21925892435138E-05,-0.00024257876093,0.020555688857,
53.432,0.00800000000000267,97,97,2,96,0,12.6200711248995,-34.2610199420758,7.84596855254449E-05,-0.00021622458604,0.018715161587,
53.433,0.00900000000000034,97,97,2,96,0,12.6199226595799,-34.2775039503884,8.35474824611993E-05,-0.00018306767571,0.025282112884,
53.434,0.0100000000000051,97,97,2,96,0,12.6198084342322,-34.2782944501426,8.74628874214523E-05,-0.00014852821589,0.031530854545,
53.435,0.0110000000000028,97,97,2,96,0,12.6197256550007,-34.2802308940558,9.03004984422751E-05,-0.00011506350441,0.033802270471,
53.436,0.0120000000000005,97,97,2,96,0,12.6196711229357,-34.2789612180705,9.21698355966782E-05,-8.373891641E-05,0.033145098938,
53.437,0.0129999999999981,97,97,2,96,0,12.619637253856,-34.1650358856676,9.33289031905815E-05,-5.680731936E-05,0.030648727759,
53.438,0.0140000000000029,97,97,2,96,0,12.6196125753463,-34.052811070556,9.41706605885884E-05,-3.731080429E-05,0.026018969741,
53.439,0.0150000000000006,97,97,2,96,0,12.6195925082361,-33.9738602101273,9.485320994429E-05,-2.605226085E-05,0.019255648175,
53.44,0.0159999999999982,97,97,2,96,0,12.6195732165162,-33.9493457212354,9.55083876732488E-05,-2.121791296E-05,0.011802676264,
53.441,0.017000000000003,97,97,2,96,0,12.6195548713906,-33.9982819996983,9.61316415555302E-05,-1.92403587E-05,0.005904568466,
53.442,0.0180000000000007,97,97,2,96,0,12.619542306892,-33.9871710444229,9.65587431238646E-05,-1.689491579E-05,0.002944958944,
53.443,0.0189999999999984,97,97,2,96,0,12.6195402710022,-33.9130469696639,9.66278618079741E-05,-1.114010406E-05,0.003257886961,
53.444,0.0200000000000031,97,97,2,96,0,12.6195494127647,-33.8334307186023,9.63182007041041E-05,-1.84117675E-06,0.005795235758,
53.445,0.0210000000000008,97,97,2,96,0,12.6195596578207,-33.8086939858937,9.59717020236894E-05,6.11945486E-06,0.007834203926,
53.446,0.0219999999999985,97,97,2,96,0,12.6195587788715,-33.8716759633105,9.60014458257774E-05,6.57686639E-06,0.006111154296,
53.447,0.0230000000000032,97,97,2,96,0,12.6195411610902,-33.9727329649874,9.65990798107441E-05,-2.56339727E-06,-0.000170925003,
53.448,0.0240000000000009,97,97,2,96,0,12.6195179678665,-34.0482053417541,9.73878922252425E-05,-1.426876439E-05,-0.007030492141,
53.449,0.0249999999999986,97,97,2,96,0,12.6195081804748,-34.0157611068371,9.77209765693488E-05,-1.749884138E-05,-0.008393249043,
53.45,0.0260000000000034,97,97,2,96,0,12.619515016898,-33.9459379801291,9.74886690983112E-05,-8.82199683E-06,-0.002200587567,
53.451,0.027000000000001,97,97,2,96,0,12.6195272077813,-33.9254556240911,9.70749629800594E-05,3.45561676E-06,0.0061849988,
53.452,0.0279999999999987,97,97,2,96,0,12.6195377191334,-33.9632356044122,9.67181620126212E-05,1.008068591E-05,0.009501619546,
53.453,0.0290000000000035,97,97,2,96,0,12.6195449493445,-34.062238008912,9.6472242745449E-05,1.003086916E-05,0.006318366712,
53.454,0.0300000000000011,97,97,2,96,0,12.6195476001102,-34.2128237819854,9.63817521437704E-05,6.84071978E-06,0.001010549231,
53.455,0.0309999999999988,97,97,2,96,0,12.6195420051685,-34.3573558258042,9.65735752203045E-05,1.5508871E-06,-0.002877954581,
53.456,0.0320000000000036,97,97,2,96,0,12.6195309484768,-34.4306286136682,9.69538589856711E-05,-4.75975448E-06,-0.00496617036,
53.457,0.0330000000000013,97,97,2,96,0,12.6195290701177,-34.4979939284529,9.70185953406144E-05,-6.66466692E-06,-0.004682680168,
53.458,0.0339999999999989,97,97,2,96,0,12.619546729066,-34.5761450791927,9.6408707022988E-05,1.22933334E-06,-0.000286957372,
53.459,0.0350000000000037,97,97,2,96,0,12.6195797078782,-34.569653885036,9.52685338688752E-05,1.639371525E-05,0.007135440945,
53.46,0.0360000000000014,97,97,2,96,0,12.6196081871424,-34.5296532568773,9.42845851596985E-05,2.703298863E-05,0.011625734856,
53.461,0.036999999999999,97,97,2,96,0,12.6196192995325,-34.5225593602989,9.39009176050831E-05,2.461906637E-05,0.008080847247,
53.462,0.0380000000000038,97,97,2,96,0,12.6196186742494,-34.511986008237,9.39225006675315E-05,1.280115037E-05,-0.00131916169,
53.463,0.0390000000000015,97,97,2,96,0,12.6196193592239,-34.5045823526514,9.38988633691906E-05,3.28909614E-06,-0.008304959347,
53.464,0.0399999999999991,97,97,2,96,0,12.6196329401894,-34.5273770900096,9.343010303553E-05,4.16069452E-06,-0.007088716978,
53.465,0.0410000000000039,97,97,2,96,0,12.6196614930023,-34.5138975198858,9.2444441733619E-05,1.420372242E-05,0.000507931453,
53.466,0.0420000000000016,97,97,2,96,0,12.6196984350731,-34.5189587067107,9.11693334018082E-05,2.657803605E-05,0.007990984763,
53.467,0.0429999999999993,97,97,2,96,0,12.619733526601,-34.5980543905041,8.99566226024717E-05,3.387013056E-05,0.010150262175,
53.468,0.044000000000004,97,97,2,96,0,12.619751793384,-34.6251896084098,8.93243796156185E-05,3.05992673E-05,0.005647872915,
53.469,0.0450000000000017,97,97,2,96,0,12.6197554029451,-34.6751253233093,8.91993077516418E-05,1.89170399E-05,-0.002625385171,
53.47,0.0459999999999994,97,97,2,96,0,12.6197613029154,-34.672876927218,8.89947321809359E-05,8.69385043E-06,-0.008721106779,
53.471,0.0470000000000042,97,97,2,96,0,12.6197684959475,-34.6499262750673,8.8745411602531E-05,5.60076608E-06,-0.008521869313,
53.472,0.0480000000000018,97,97,2,96,0,12.6197716316435,-34.6375890836835,8.86367793100362E-05,5.58791273E-06,-0.004308046586,
53.473,0.0489999999999995,97,97,2,96,0,12.6197708606379,-34.5605491024598,8.86634553864951E-05,3.18088635E-06,-0.001655174559,
53.474,0.0500000000000043,97,97,2,96,0,12.6197652078976,-34.5192627788897,8.88587005078989E-05,-1.06351553E-06,-0.002239987121,
53.475,0.0510000000000019,97,97,2,96,0,12.6197656094837,-34.5437778501276,8.88448331295422E-05,-2.37192197E-06,-0.002812390598,
53.476,0.0519999999999996,97,97,2,96,0,12.6197779773313,-34.5402935248307,8.84176224928979E-05,2.17516663E-06,-0.00043255656,
53.477,0.0530000000000044,97,97,2,96,0,12.6197941228292,-34.4933900140402,8.78603308933634E-05,9.91126424E-06,0.003747142791,
53.478,0.054000000000002,97,97,2,96,0,12.6198047417702,-34.3719391470115,8.74946924653841E-05,1.335423574E-05,0.005491457074,
53.479,0.0549999999999997,97,97,2,96,0,12.6198040011611,-34.3521309305145,8.75201413066407E-05,8.86904304E-06,0.002352460073,
53.48,0.0560000000000045,97,97,2,96,0,12.619802026136,-34.4732204385788,8.75881072062157E-05,2.29693113E-06,-0.002732819203,
53.481,0.0570000000000022,97,97,2,96,0,12.619812764378,-34.5280667584897,8.7217630948544E-05,2.20927983E-06,-0.004000697964,
53.482,0.0579999999999998,97,97,2,96,0,12.6198258318914,-34.4744472476641,8.67667853015064E-05,7.62304329E-06,-0.000382565055,
53.483,0.0590000000000046,97,97,2,96,0,12.6198303720809,-34.4502677823485,8.66103196699441E-05,9.81053481E-06,0.00279545745,
53.484,0.0600000000000023,97,97,2,96,0,12.6198260261692,-34.4124506435831,8.67599553089349E-05,4.43255631E-06,0.000885732096,
53.485,0.0609999999999999,97,97,2,96,0,12.6198113771056,-34.3964904172938,8.72639485862692E-05,-4.77102691E-06,-0.00425601891,
53.486,0.0620000000000047,97,97,2,96,0,12.6197964305948,-34.3642065973547,8.7777814840706E-05,-1.164735219E-05,-0.007357724422,
53.487,0.0630000000000024,97,97,2,96,0,12.6197909835451,-34.3376863125868,8.79649261520399E-05,-1.200743831E-05,-0.005619630914,
53.488,0.0640000000000001,97,97,2,96,0,12.6197962117513,-34.344876947557,8.77853828455955E-05,-5.09431126E-06,-0.000132993917,
53.489,0.0650000000000048,97,97,2,96,0,12.6198074753733,-34.3388298983456,8.73985691924872E-05,3.83625417E-06,0.005336394613,
53.49,0.0660000000000025,97,97,2,96,0,12.6198137407103,-34.2634208669639,8.71836610798482E-05,7.95351176E-06,0.006881341564,
53.491,0.0670000000000002,97,97,2,96,0,12.6198097545736,-34.1047296009481,8.73199234803224E-05,4.68938039E-06,0.003346833254,
53.492,0.0680000000000049,97,97,2,96,0,12.6198073369485,-33.9624348658896,8.74022039170086E-05,-4.4014111E-07,-0.001609331721,
53.493,0.0690000000000026,97,97,2,96,0,12.619818603198,-34.0101837132109,8.70193056812241E-05,1.2169838E-06,-0.002533910538,
53.494,0.0700000000000003,97,97,2,96,0,12.619836786076,-34.0853698297442,8.64002191036661E-05,9.23607567E-06,0.001529721075,
53.495,0.0710000000000051,97,97,2,96,0,12.619849036405,-34.1255982153764,8.59824156975719E-05,1.432812475E-05,0.005232388945,
53.496,0.0720000000000027,97,97,2,96,0,12.6198504708121,-34.1434239200284,8.59334529081934E-05,1.078531713E-05,0.003379704907,
53.497,0.0730000000000004,97,97,2,96,0,12.6198473593364,-34.1816283861691,8.60397487798537E-05,3.31541883E-06,-0.002130477814,
53.498,0.0740000000000052,97,97,2,96,0,12.6198474269341,-34.3463965435908,8.6037432609487E-05,-7.9398884E-07,-0.005283623907,
53.499,0.0750000000000028,97,97,2,96,0,12.6198500030722,-34.5181209125497,8.59487303586093E-05,-1.335622E-07,-0.003686604566,
53.5,0.0760000000000005,97,97,2,96,0,12.6198516677446,-34.6063969485807,8.58911955248232E-05,1.55013627E-06,-0.000463542104,
53.501,0.0769999999999982,97,97,2,96,0,12.6198520592602,-34.5646142053111,8.58776547545403E-05,1.55616507E-06,0.00087341602,
53.502,0.078000000000003,97,97,2,96,0,12.6198528759111,-34.4683516481419,8.58494668420917E-05,9.0100323E-07,0.000310972509,
53.503,0.0790000000000006,97,97,2,96,0,12.6198565162003,-34.4890927543136,8.57239543137212E-05,1.5362018E-06,-6.9696525E-05,
53.504,0.0799999999999983,97,97,2,96,0,12.6198625404803,-34.6047774007655,8.551583390215E-05,3.50839495E-06,0.000649188821,
53.505,0.0810000000000031,97,97,2,96,0,12.6198720528724,-34.6129285491295,8.51866209217178E-05,6.35551639E-06,0.001833573263,
53.506,0.0820000000000007,97,97,2,96,0,12.6198864974498,-34.5414819798298,8.46871677993022E-05,9.94561406E-06,0.002807535822,
53.507,0.0829999999999984,97,97,2,96,0,12.6199016092563,-34.5468257442476,8.41651432352819E-05,1.316509054E-05,0.003256018444,
53.508,0.0840000000000032,97,97,2,96,0,12.6199076780207,-34.6444901457594,8.39551903339952E-05,1.219872514E-05,0.002074910273,
53.509,0.0850000000000009,97,97,2,96,0,12.6199071694951,-34.6965858182382,8.39728211872171E-05,6.80849003E-06,-0.001037773749,
53.51,0.0859999999999985,97,97,2,96,0,12.6199159861537,-34.6259622001167,8.36672245725367E-05,4.26221666E-06,-0.003209885675,
53.511,0.0870000000000033,97,97,2,96,0,12.6199450815419,-34.5998599434775,8.26601484931189E-05,1.210272222E-05,-0.000283428213,
53.512,0.088000000000001,97,97,2,96,0,12.6199843489709,-34.6314107908761,8.1300881490165E-05,2.606338156E-05,0.006560518015,
53.513,0.0889999999999986,97,97,2,96,0,12.6200124404548,-34.6875001953237,8.03272459535265E-05,3.286303323E-05,0.009976310905,
53.514,0.0900000000000034,97,97,2,96,0,12.6200216582382,-34.7094430461881,8.00074029569942E-05,2.578215728E-05,0.004783795685,
53.515,0.0910000000000011,97,97,2,96,0,12.6200190324244,-34.6011074549438,8.00984012556683E-05,1.132681439E-05,-0.005129057746,
53.516,0.0919999999999987,97,97,2,96,0,12.6200154956269,-34.535926637248,8.02206631078661E-05,6.5397025E-07,-0.011108253183,
53.517,0.0930000000000035,97,97,2,96,0,12.6200151463885,-34.6043688323502,8.02327363231825E-05,-2.30723466E-06,-0.009494101996,
53.518,0.0940000000000012,97,97,2,96,0,12.6200143467797,-34.6861822182148,8.0260438991786E-05,-1.44061725E-06,-0.004126349983,
53.519,0.0949999999999989,97,97,2,96,0,12.6200097013728,-34.7252130245509,8.04216610816866E-05,-1.81823711E-06,-0.000655000467,
53.52,0.0960000000000036,97,97,2,96,0,12.620005206213,-34.7296883921585,8.05777665249252E-05,-3.44659334E-06,-0.00037956959,
53.521,0.0970000000000013,97,97,2,96,0,12.620008462234,-34.7420905589378,8.0464665742852E-05,-2.21487969E-06,-0.000395114355,
53.522,0.097999999999999,97,97,2,96,0,12.6200238237452,-34.7467175897455,7.99309391936731E-05,4.56231382E-06,0.002037336644,
53.523,0.0990000000000038,97,97,2,96,0,12.62004834752,-34.6334789940046,7.90802070298469E-05,1.447854322E-05,0.006055260319,
53.524,0.100000000000001,97,97,2,96,0,12.6200723104385,-34.5972711979251,7.82507216143813E-05,2.160683883E-05,0.008138138496,
53.525,0.100999999999999,97,97,2,96,0,12.6200901144029,-34.6225328664652,7.76345281536805E-05,2.228348916E-05,0.006029182163,
53.526,0.102000000000004,97,97,2,96,0,12.6200972782867,-34.6382680294066,7.73864399832291E-05,1.645962645E-05,0.000661990002,
53.527,0.103000000000002,97,97,2,96,0,12.620094466405,-34.5718217813138,7.74837452723887E-05,7.36317833E-06,-0.004855484421,
53.528,0.103999999999999,97,97,2,96,0,12.6200864382327,-34.4715016288014,7.77608911164407E-05,-1.38403923E-06,-0.008009903329,
53.529,0.105000000000004,97,97,2,96,0,12.6200819038447,-34.448878463883,7.79171469815765E-05,-5.41514983E-06,-0.00743715464,
53.53,0.106000000000002,97,97,2,96,0,12.6200892864895,-34.5171668908639,7.76625710727785E-05,-2.00741345E-06,-0.003214288594,
53.531,0.106999999999999,97,97,2,96,0,12.6201157088655,-34.5465348294068,7.67501575182905E-05,9.51945432E-06,0.003611821703,
53.532,0.108000000000004,97,97,2,96,0,12.6201628484622,-34.4988826446893,7.51227709514524E-05,2.692562285E-05,0.010854918581,
53.533,0.109000000000002,97,97,2,96,0,12.6202258577616,-34.4151410114942,7.29516587796297E-05,4.56853413E-05,0.016048443278,
53.534,0.109999999999999,97,97,2,96,0,12.6202881198081,-34.3952509058303,7.08095208779014E-05,5.802421272E-05,0.016427399365,
53.535,0.111000000000004,97,97,2,96,0,12.6203298448661,-34.4974024392537,6.93722459033097E-05,5.632512582E-05,0.010053738033,
53.536,0.112000000000002,97,97,2,96,0,12.6203466928371,-34.485286730177,6.87911367265315E-05,4.042302845E-05,-0.001748602545,
53.537,0.113,97,97,2,96,0,12.6203446212657,-34.3826199298121,6.88624691207451E-05,1.863523438E-05,-0.013406903239,
53.538,0.114000000000004,97,97,2,96,0,12.6203298122734,-34.4037002708118,6.93717971671504E-05,-2.1693495E-07,-0.019141397638,
53.539,0.115000000000002,97,97,2,96,0,12.6203108948346,-34.6018458002627,7.00245012694722E-05,-1.222029998E-05,-0.017678215462,
53.54,0.116,97,97,2,96,0,12.6203045276241,-34.5827112541785,7.02447575946508E-05,-1.391983636E-05,-0.010966857725,
53.541,0.117000000000004,97,97,2,96,0,12.6203198721347,-34.4653073238817,6.97150035620098E-05,-3.61876266E-06,-0.001190501951,
53.542,0.118000000000002,97,97,2,96,0,12.6203571443847,-34.6173494752896,6.84275705395976E-05,1.540931609E-05,0.009318992191,
53.543,0.119,97,97,2,96,0,12.620401988371,-34.8496754013379,6.6869981381501E-05,3.296544907E-05,0.015968393504,
53.544,0.120000000000005,97,97,2,96,0,12.6204375711437,-34.8830441016468,6.56293396303909E-05,3.979410133E-05,0.014779472495,
53.545,0.121000000000002,97,97,2,96,0,12.6204540723935,-34.7568352422532,6.50547671057211E-05,3.263667991E-05,0.005851074372,
53.546,0.122,97,97,2,96,0,12.6204519640262,-34.7246467467136,6.51280133467935E-05,1.664282154E-05,-0.005612530401,
53.547,0.123000000000005,97,97,2,96,0,12.62044621888,-34.7984275973082,6.53277234619054E-05,2.38348416E-06,-0.012822570988,
53.548,0.124000000000002,97,97,2,96,0,12.6204564744046,-34.9001293919418,6.49703258233103E-05,1.4608871E-07,-0.011173111098,
53.549,0.125,97,97,2,96,0,12.6204913980624,-34.9110502954466,6.37512949452912E-05,1.285576332E-05,-0.001359857011,
53.55,0.126000000000005,97,97,2,96.25,0,12.6205374021012,-34.9408078610762,6.21445611557192E-05,3.084733214E-05,0.009810121855,
53.551,0.127000000000002,97,97,2,96.25,0,12.6205753879545,-34.9958854638244,6.08162586672734E-05,4.027446885E-05,0.013837670924,
53.552,0.128,97,97,2,96.25,0,12.6206025555098,-34.9416173740468,5.98662431769981E-05,3.714581955E-05,0.00822973054,
53.553,0.129000000000005,97,97,2,96.25,0,12.6206262648054,-34.8602803313938,5.90387662668945E-05,2.937556679E-05,-0.000754394535,
53.554,0.130000000000003,97,97,2,96.25,0,12.6206600257837,-34.8571973701751,5.78619011406545E-05,2.776227832E-05,-0.004530682435,
53.555,0.131,97,97,2,96.25,0,12.6207086017102,-34.8660548126232,5.61684653490602E-05,3.518995795E-05,-0.000748087327,
53.556,0.132000000000005,97,97,2,96.25,0,12.620766270457,-34.8114365289463,5.41593585410283E-05,4.685928813E-05,0.005987884365,
53.557,0.133000000000003,97,97,2,96.25,0,12.6208278618393,-34.7795932607341,5.20162546848724E-05,5.611769136E-05,0.00967355693,
53.558,0.134,97,97,2,96.25,0,12.6208896150819,-34.7424920963712,4.98696475830229E-05,6.046314974E-05,0.00850779786,
53.559,0.135000000000005,97,97,2,96.25,0,12.6209477920251,-34.750876960471,4.78481916843521E-05,6.063179469E-05,0.004566297806,
53.56,0.136000000000003,97,97,2,96.25,0,12.6210022028712,-34.8325399008765,4.59551453957374E-05,5.812000389E-05,0.000617558254,
53.561,0.137,97,97,2,96.25,0,12.6210575910786,-34.8875380531516,4.40243103270177E-05,5.583388362E-05,-0.001639958916,
53.562,0.137999999999998,97,97,2,96.25,0,12.6211228098678,-34.8620147668194,4.17498196441102E-05,5.804417355E-05,-0.001004898369,
53.563,0.139000000000003,97,97,2,96.25,0,12.621204824009,-34.8288474766271,3.88920015410577E-05,6.730822026E-05,0.002977493904,
53.564,0.140000000000001,97,97,2,96.25,0,12.6213008667215,-34.871903194896,3.55448769653322E-05,8.118410699E-05,0.008531471682,
53.565,0.140999999999998,97,97,2,96.25,0,12.6214069887049,-34.8783905748868,3.18438572008972E-05,9.485792238E-05,0.012431713322,
53.566,0.142000000000003,97,97,2,96.25,0,12.621518092996,-34.8461213529966,2.79705109704764E-05,0.00010459289444,0.012552783793,
53.567,0.143000000000001,97,97,2,96.25,0,12.6216248401331,-34.8766577217595,2.42491574482528E-05,0.00010830245259,0.009109000886,
53.568,0.143999999999998,97,97,2,96.25,0,12.6217157471874,-34.8807078278762,2.10784391470042E-05,0.00010330225846,0.002904256639,
53.569,0.145000000000003,97,97,2,96.25,0,12.6217899995348,-34.8701624733792,1.848885622735E-05,9.066266707E-05,-0.004679087624,
53.57,0.146000000000001,97,97,2,96.25,0,12.6218573335368,-34.7630433823595,1.61445150155259E-05,7.717325585E-05,-0.010602718161,
53.571,0.146999999999998,97,97,2,96.25,0,12.6219232674626,-34.6423040655469,1.38564314937639E-05,6.898948276E-05,-0.011642773832,
53.572,0.148000000000003,97,97,2,96.25,0,12.6219864152218,-34.4818986988477,1.16739122404397E-05,6.551809868E-05,-0.008361747826,
53.573,0.149000000000001,97,97,2,96.25,0,12.6220425172638,-34.4743849408139,9.73961807915202E-06,6.186989402E-05,-0.004938146957,
53.574,0.149999999999999,97,97,2,96.25,0,12.6220874013152,-34.5883704354612,8.18970994487245E-06,5.485035998E-05,-0.0046065573,
53.575,0.151000000000003,97,97,2,96.25,0,12.6221210080063,-34.6034166218174,7.02705644073376E-06,4.486624049E-05,-0.006897510861,
53.576,0.152000000000001,97,97,2,96.25,0,12.6221481096755,-34.6133148988302,6.08911196309236E-06,3.503839262E-05,-0.009047862369,
53.577,0.152999999999999,97,97,2,96.25,0,12.6221687059731,-34.616236700531,5.37617573570515E-06,2.710156429E-05,-0.009307423494,
53.578,0.154000000000003,97,97,2,96.25,0,12.6221786125604,-34.5913761471366,5.03337010115956E-06,1.934099599E-05,-0.008451256183,
53.579,0.155000000000001,97,97,2,96.25,0,12.6221796717861,-34.6260193670674,4.99671168086024E-06,1.045929191E-05,-0.008149787043,
53.58,0.155999999999999,97,97,2,96.25,0,12.6221876863673,-34.6711596114494,4.71901775256356E-06,5.80004083E-06,-0.007278627446,
53.581,0.157000000000004,97,97,2,96.25,0,12.6222048610098,-34.6858084821444,4.12342718902892E-06,8.67599294E-06,-0.003665426023,
53.582,0.158000000000001,97,97,2,96.25,0,12.6222228707009,-34.7556092792758,3.49811794819743E-06,1.467713869E-05,0.001552949245,
53.583,0.158999999999999,97,97,2,96.25,0,12.6222346334073,-34.8233243626581,3.08889966049719E-06,1.588508111E-05,0.003625626659,
53.584,0.160000000000004,97,97,2,96.25,0,12.6222432104914,-34.8264192101167,2.79020380844486E-06,1.268111512E-05,0.001322330896,
53.585,0.161000000000001,97,97,2,96.25,0,12.6222486487652,-34.8523616673712,2.6007376590087E-06,8.5911277E-06,-0.002146199896,
53.586,0.161999999999999,97,97,2,96.25,0,12.6222473949467,-35.0335013857102,2.64454975251738E-06,4.3722892E-06,-0.003862836315,
53.587,0.163000000000004,97,97,2,96.25,0,12.6222503653097,-35.2777242029311,2.54012482514554E-06,2.02106364E-06,-0.003619899294,
53.588,0.164000000000001,97,97,2,96.25,0,12.6222757770305,-35.3198609385626,1.64312176309522E-06,8.43551589E-06,-0.000281806099,
53.589,0.164999999999999,97,97,2,96.25,0,12.6223266612283,-35.1490897842496,-1.49756246514698E-07,2.632105656E-05,0.007226075433,
53.59,0.166000000000004,97,97,2,96.25,0,12.6223913643332,-35.0221999778451,-2.41990640859058E-06,4.738812683E-05,0.015398673024,
53.591,0.167000000000002,97,97,2,96.25,0,12.6224575276969,-35.0599186066507,-4.73834076331059E-06,6.099551041E-05,0.017874705383,
53.592,0.167999999999999,97,97,2,96.25,0,12.6225196869068,-35.1711931448055,-6.92109597366652E-06,6.452403992E-05,0.012821633366,
53.593,0.169000000000004,97,97,2,96.25,0,12.6225848427343,-35.1671484138481,-9.21257239383522E-06,6.425944132E-05,0.005414247298,
53.594,0.170000000000002,97,97,2,96.25,0,12.6226614598784,-35.1110387483181,-1.19048293925061E-05,6.76952372E-05,0.001983458177,
53.595,0.170999999999999,97,97,2,96.25,0,12.6227560170985,-35.0644340499258,-1.52226282068568E-05,7.856077192E-05,0.004554599188,
53.596,0.172000000000004,97,97,2,96.25,0,12.6228725658424,-35.0286899240585,-1.93072609846467E-05,9.577265444E-05,0.010540517408,
53.597,0.173000000000002,97,97,2,96.25,0,12.6230009071516,-35.0367623999405,-2.38034069326432E-05,0.00011348905635,0.015459333997,
53.598,0.173999999999999,97,97,2,96.25,0,12.6231272676342,-35.030207196412,-2.82302549834412E-05,0.00012420929163,0.015466196104,
53.599,0.175000000000004,97,97,2,96.25,0,12.6232488242179,-34.9525762991683,-3.24836890257529E-05,0.00012551356091,0.009994295469,
53.6,0.176000000000002,97,97,2,96.25,0,12.6233672414068,-34.8740643005481,-3.66180262716398E-05,0.00012205593493,0.002700490502,
53.601,0.177,97,97,2,96.25,0,12.6234799426232,-34.8812680763627,-4.05487816834693E-05,0.00011764421559,-0.00231528541,
53.602,0.178000000000004,97,97,2,96.25,0,12.623586716959,-34.9340230383341,-4.42760223506866E-05,0.00011263794397,-0.004303857016,
53.603,0.179000000000002,97,97,2,96.25,0,12.6236872081916,-35.0440955446475,-4.77921160495498E-05,0.00010666746902,-0.005117166935,
53.604,0.18,97,97,2,96.25,0,12.6237845907239,-35.1194150250979,-5.12084662176449E-05,0.00010144355347,-0.005457246131,
53.605,0.181000000000004,97,97,2,96.25,0,12.623882318457,-35.1154683325626,-5.46404141914536E-05,9.841870263E-05,-0.004788163957,
53.606,0.182000000000002,97,97,2,96.25,0,12.6239767621931,-35.0079475843158,-5.79517728880319E-05,9.663897376E-05,-0.003311033662,
53.607,0.183,97,97,2,96.25,0,12.6240622407298,-34.9279732697944,-6.0940782972807E-05,9.273937538E-05,-0.002789226314,
53.608,0.184000000000005,97,97,2,96.25,0,12.6241380750168,-34.923311051076,-6.35893441511826E-05,8.527482161E-05,-0.004333124144,
53.609,0.185000000000002,97,97,2,96.25,0,12.6242089169543,-34.9560047855195,-6.60645372079216E-05,7.722985706E-05,-0.006569190387,
53.61,0.186,97,97,2,96.25,0,12.6242860051284,-34.8575489314478,-6.8755436899437E-05,7.421351333E-05,-0.00636225507,
53.611,0.187000000000005,97,97,2,96.25,0,12.6243651235888,-34.7575677929086,-7.15093573262493E-05,7.582338901E-05,-0.003137064153,
53.612,0.188000000000002,97,97,2,96.25,0,12.6244195706765,-34.7941726047326,-7.34028021867061E-05,7.11079627E-05,-0.00167558074,
53.613,0.189,97,97,2,96.25,0,12.6244177644613,-34.8776495938048,-7.33398810268682E-05,4.497250864E-05,-0.009243844038,
53.614,0.190000000000005,97,97,2,96.25,0,12.6243268155193,-34.8697068124753,-7.01681568955337E-05,-1.167304237E-05,-0.02886247482,
53.615,0.191000000000003,97,97,2,96.25,0,12.6241292689554,-34.6847754415311,-6.32980324155596E-05,-9.618541053E-05,-0.05585256707,
53.616,0.192,97,97,2,96.25,0,12.6237846370159,-34.3507255772885,-5.14021131152731E-05,-0.00020969289001,-0.084850856411,
53.617,0.193000000000005,97,97,2,96.25,0,12.6231726070753,-33.9685908907735,-3.04953795193796E-05,-0.00038072572715,-0.122066553382,
53.618,0.194000000000003,97,97,2,96.25,0,12.6221031947041,-33.4758789987105,5.56759570713439E-06,-0.00066902526945,-0.18895524139,
53.619,0.195,97,97,2,96.25,0,12.6203379209766,-32.9051894649905,6.41579737958864E-05,-0.00114095604891,-0.3082089019,
53.62,0.196000000000005,97,97,2,96.25,0,12.6175954931646,-32.3108884285021,0.000153583166692783,-0.00184966154596,-0.487873823589,
53.621,0.197000000000003,97,97,2,96.25,0,12.6135621432737,-31.670167457577,0.000282612159082873,-0.00283655821032,-0.721130431966,
53.622,0.198,97,97,2,96.25,0,12.6078882810002,-31.0234306927207,0.000460469579749656,-0.00413822698201,-0.997870946366,
53.623,0.199000000000005,97,97,2,96.25,0,12.6002100267835,-30.3028261315473,0.000695908874774887,-0.00578302614168,-1.310176255885,
53.624,0.200000000000003,97,97,2,96.25,0,12.5901615982064,-29.5511120179474,0.000996627886053147,-0.00778798894186,-1.649909135429,
53.625,0.201000000000001,97,97,2,96.25,0,12.5773335559741,-28.8703699983823,0.00137134450534404,-0.01017126036554,-2.010406295077,
53.626,0.201999999999998,97,97,2,96.25,0,12.5612944258745,-28.3731226502779,0.00183041241831461,-0.01295748449593,-2.390664648643,
53.627,0.203000000000003,97,97,2,96.25,0,12.5416122916689,-27.9479980639942,0.00238467234656525,-0.01616870497121,-2.792837221844,
53.628,0.204000000000001,97,97,2,96.25,0,12.5178641711676,-27.6179251412348,0.0030444654665871,-0.01980902886251,-3.212452596619,
53.629,0.204999999999998,97,97,2,96.25,0,12.4896287184003,-27.4950015532844,0.00382253468586669,-0.02387452429239,-3.639144328068,
53.63,0.206000000000003,97,97,2,96.25,0,12.4564732065056,-27.6852100404027,0.0047372987667984,-0.02836527082572,-4.065519299341,
53.631,0.207000000000001,97,97,2,96.25,0,12.4179660670942,-28.0532856268212,0.00581046377841687,-0.03328498241149,-4.491860718027,
53.632,0.207999999999998,97,97,2,96.25,0,12.3736874456081,-28.4358465286293,0.00706109422881696,-0.0386330957788,-4.9195426045,
53.633,0.209000000000003,97,97,2,96.25,0,12.3232272596451,-28.8636921015089,0.00850676691625551,-0.04440164620676,-5.345723951043,
53.634,0.210000000000001,97,97,2,96.25,0,12.2662060874518,-29.6597664097727,0.0101753050188194,-0.05057401248902,-5.763564066055,
53.635,0.210999999999999,97,97,2,96.25,0,12.2022830284287,-30.847227861899,0.0121092011018931,-0.05712344237315,-6.164340606531,
53.636,0.212000000000003,97,97,2,96.25,0,12.1311383895874,-32.2044194678062,0.0143520944407101,-0.06401896691962,-6.540139202271,
53.637,0.213000000000001,97,97,2,96.25,0,12.0524527560832,-33.6137091862454,0.0169415650153155,-0.07124046329471,-6.889487696354,
53.638,0.213999999999999,97,97,2,96.25,0,11.9658919089509,-35.2211923109878,0.0199207687082463,-0.07878589919376,-7.220886683692,
53.639,0.215000000000003,97,97,2,96.25,0,11.8710962072916,-37.0781522179517,0.0233476022553134,-0.08666873940197,-7.54947533461,
53.64,0.216000000000001,97,97,2,96.25,0,11.7677034161691,-39.1187536235097,0.0272867076402292,-0.09490437214016,-7.887456674456,
53.641,0.216999999999999,97,97,2,96.25,0,11.655356321684,-41.4043450964664,0.0318099757302974,-0.10349995529232,-8.237780103387,
53.642,0.218000000000004,97,97,2,96.25,0,11.5337069463254,-43.9922470759816,0.0370041967780566,-0.11245148773837,-8.594382816136,
53.643,0.219000000000001,97,97,2,96.25,0,11.4024242539057,-46.7799379266458,0.0429626052000458,-0.12174868621488,-8.948447467021,
53.644,0.219999999999999,97,97,2,96.25,0,11.2611878378561,-49.8283182652009,0.0497849071327181,-0.13137881439034,-9.293377577057,
53.645,0.221000000000004,97,97,2,96.25,0,11.1097126953916,-53.2830968331074,0.0575943152785783,-0.1413219168851,-9.624141561565,
53.646,0.222000000000001,97,97,2,96.25,0,10.9477211027291,-57.1833418935804,0.0665416324511199,-0.15155845959943,-9.937242264841,
53.647,0.222999999999999,97,97,2,96.25,0,10.7749515481203,-61.3928896020837,0.0767848138024618,-0.16207004618699,-10.231023810428,
53.648,0.224000000000004,97,97,2,96.25,0,10.5911844264043,-65.810534049177,0.0884727173208688,-0.17283543615707,-10.505214440347,
53.649,0.225000000000001,97,97,2,96.25,0,10.3962453072077,-70.6025452157042,0.101768840080268,-0.18381945082802,-10.754836365585,
53.65,0.225999999999999,97,97,2,96.25,0,10.1900026324726,-75.9080031301794,0.116877203764147,-0.19497858661397,-10.970963595189,
53.651,0.227000000000004,97,97,2,96.25,0,9.97234859460617,-81.6621963410003,0.134025098845314,-0.206275017012949,-11.1477878353587,
53.652,0.228000000000002,97,97,2,96.25,0,9.74321752248721,-87.9048355394099,0.153451636750702,-0.21767373920279,-11.2859295523289,
53.653,0.228999999999999,97,97,2,96.25,0,9.50260560872552,-94.7005176191301,0.175420148493998,-0.22913221433602,-11.3859605355991,
53.654,0.230000000000004,97,97,2,96.25,0,9.25056214073308,-101.994997103827,0.20020805832867,-0.240597127538096,-11.4424806708671,
53.655,0.231000000000002,97,97,2,96.25,0,8.98719584845844,-109.834586532306,0.228102444346831,-0.252010849007875,-11.4476242617331,
53.656,0.231999999999999,97,97,2,96.25,0,8.71267169748193,-118.122462449628,0.259392302012273,-0.263316802600541,-11.3967486263342,
53.657,0.233000000000004,97,97,2,96.25,0,8.42718509134704,-126.743783433981,0.294345318759426,-0.274465529913463,-11.2911160718767,
53.658,0.234000000000002,97,97,2,96.25,0,8.1309211920898,-135.551856309337,0.333199683253696,-0.285431057524081,-11.140935286154,
53.659,0.234999999999999,97,97,2,96.25,0,7.82398350635464,-144.787250333055,0.376223001560632,-0.296232847263911,-10.9713661600728,
53.66,0.236000000000004,97,97,2,96.25,0,7.50636012500382,-154.043118607749,0.423680757677275,-0.306941258476482,-10.8228975428887,
53.661,0.237000000000002,97,97,2,96.25,0,7.17794629407901,-162.941047301382,0.475731749811644,-0.317654807538319,-10.7379661255285,
53.662,0.238,97,97,2,96.25,0,6.83855222985058,-172.462744926615,0.532648777912584,-0.328470766043699,-10.7427305401201,
53.663,0.239000000000004,97,97,2,96.25,0,6.48802910157188,-183.202347682929,0.594983198353106,-0.339438713452425,-10.8308323433209,
53.664,0.240000000000002,97,97,2,96.25,0,6.12646070345559,-194.103403220451,0.663194116330203,-0.350497990014893,-10.9497494838448,
53.665,0.241,97,97,2,96.25,0,5.75411977182886,-205.609658964067,0.737608883308781,-0.361486577218144,-11.0106710085803,
53.666,0.242000000000004,97,97,2,96.25,0,5.3713813600647,-217.754465635363,0.818627739632333,-0.372228415614828,-10.935769369046,
53.667,0.243000000000002,97,97,2,96.25,0,4.97873421236797,-229.542192790456,0.906442618184926,-0.382591788502705,-10.702323386012,
53.668,0.244,97,97,2,96.25,0,4.57678859894677,-243.328162563174,1.00147670071058,-0.3924640666343,-10.3295841136345,
53.669,0.245000000000005,97,97,2,96.25,0,4.16618129837212,-258.167440506399,1.10443557862381,-0.401754579849894,-9.8450770836793,
53.67,0.246000000000002,97,97,2,96.25,0,3.74756023551654,-273.673561359569,1.21575550135947,-0.410412923112894,-9.2753917046161,
53.671,0.247,97,97,2,96.25,0,3.3216077460174,-288.55643274693,1.33549713418984,-0.418416362164369,-8.6515229853207,
53.672,0.248000000000005,97,97,2,96.25,0,2.88901529380634,-303.806709082903,1.46362304625164,-0.425745050319648,-7.9974850460737,
53.673,0.249000000000002,97,97,2,96.25,0,2.45047343862932,-318.949989839809,1.60017548528639,-0.432385284287272,-7.3245771678413,
53.674,0.25,97,97,2,96.25,0,2.00673265416642,-335.606954822676,1.74540229133648,-0.438316713072996,-6.6341286693505,
53.675,0.251000000000005,97,97,2,96.5,0,1.55849485939759,-353.749835717737,1.89990017513685,-0.443530208768915,-5.9286904133525,
53.676,0.252000000000002,97,97,2,96.5,0,1.10641841901244,-371.841310851181,2.06391150649478,-0.448040285361947,-5.2178498919944,
53.677,0.253,97,97,2,96.5,0,0.651208147014951,-389.723566514619,2.23724758397948,-0.451864996183956,-4.5154925925912,
53.678,0.254000000000005,97,97,2,96.5,0,0.193571453039756,-408.318760843642,2.41985431015173,-0.454998049107099,-3.8228231836561,
53.679,0.255000000000003,97,97,2,96.5,0,-0.265813809168592,-426.964139986192,2.61171263735966,-0.457433337851829,-3.1312210392789,
53.68,0.256,97,97,2,96.5,0,-0.726133519319989,-446.74225923402,2.81280477558289,-0.459141026121317,-2.4263378556813,
53.681,0.257000000000005,97,97,2,96.5,0,-1.18625877565871,-470.17522977812,3.02375322291948,-0.45998103962468,-1.6656659822231,
53.682,0.258000000000003,97,97,2,96.5,0,-1.64489329087902,-493.939399031412,3.24484134561992,-0.459736370147,-0.7749110388876,
53.683,0.259,97,97,2,96.5,0,-2.10079729394845,-517.161101744923,3.47532372852464,-0.458262583910569,0.2879996109924,
53.684,0.260000000000005,97,97,2,96.5,0,-2.55298604981435,-539.569217884944,3.71424451278425,-0.455608582553635,1.4591157449566,
53.685,0.261000000000003,97,97,2,96.5,0,-3.00072955049324,-562.712993078186,3.9610143607206,-0.451969753470856,2.5953851385366,
53.686,0.262,97,97,2,96.5,0,-3.44336218290725,-587.336560859392,4.21553909145356,-0.447543816755529,3.5795130547899,
53.687,0.262999999999998,97,97,2,96.5,0,-3.88012224941755,-612.98109911197,4.47766450195486,-0.442404123122361,4.4039315009149,
53.688,0.264000000000003,97,97,2,96.5,0,-4.310064585904,-639.691516197831,4.7469529974943,-0.436476517274258,5.1619402222962,
53.689,0.265000000000001,97,97,2,96.5,0,-4.73215393495753,-667.253206662619,5.02277672115487,-0.429631759263729,5.9663778323503,
53.69,0.265999999999998,97,97,2,96.5,0,-5.14532181338759,-695.892868140911,5.30438080701329,-0.421768804096365,6.8750715088517,
53.691,0.267000000000003,97,97,2,96.5,0,-5.54850244830453,-725.171139417348,5.59085355142577,-0.412848146563165,7.8748067300643,
53.692,0.268000000000001,97,97,2,96.5,0,-5.94062601564933,-755.302812888487,5.88111791519538,-0.402859687699234,8.9236872226685,
53.693,0.268999999999998,97,97,2,96.5,0,-6.32061600353338,-786.450243082565,6.17404327772469,-0.391800613778217,9.9893029818375,
53.694,0.270000000000003,97,97,2,96.5,0,-6.68736657479836,-818.547326168166,6.46836016542549,-0.379658236736554,11.062880340085,
53.695,0.271000000000001,97,97,2,96.5,0,-7.03971948266386,-851.371688752548,6.7625605758291,-0.366403097230857,12.1512148446794,
53.696,0.271999999999998,97,97,2,96.5,0,-7.37654190760102,-884.0462686627,7.05482441817715,-0.352013062006842,13.2617794819822,
53.697,0.273000000000003,97,97,2,96.5,0,-7.69681532264257,-916.553931373597,7.34316660577221,-0.336516866846976,14.3814144892749,
53.698,0.274000000000001,97,97,2,96.5,0,-7.99954580769807,-948.927861462266,7.62553570977592,-0.319975239014417,15.4779769809186,
53.699,0.274999999999999,97,97,2,96.5,0,-8.28362335151233,-981.204859058485,7.89968939101645,-0.302397481678944,16.5388368816253,
53.7,0.276000000000003,97,97,2,96.5,0,-8.54786483987872,-1013.2513390672,8.16319842815361,-0.283722609552274,17.5960529219579,
53.701,0.277000000000001,97,97,2,96.5,0,-8.79115745475423,-1044.29895688763,8.41349182402396,-0.263907642953487,18.687766030946,
53.702,0.277999999999999,97,97,2,96.5,0,-9.01245879805239,-1073.92606288618,8.64787484516582,-0.242979895449569,19.8067725286912,
53.703,0.279000000000003,97,97,2,96.5,0,-9.21067356372028,-1101.80636241784,8.86350599158466,-0.220972751482284,20.9177321713888,
53.704,0.280000000000001,97,97,2,96.5,0,-9.3846960017506,-1127.40497680756,9.05747238765308,-0.1978830406657,22.0080950830646,
53.705,0.280999999999999,97,97,2,96.5,0,-9.53355157746132,-1150.11962663873,9.22698350567374,-0.173730077625711,23.0839164288158,
53.706,0.282000000000004,97,97,2,96.5,0,-9.65646176596747,-1169.20161991416,9.36951761148381,-0.148622018245229,24.1205162751154,
53.707,0.283000000000001,97,97,2,96.5,0,-9.75276696322594,-1184.35226649988,9.48284734712858,-0.122712307293217,25.0620259497931,
53.708,0.283999999999999,97,97,2,96.5,0,-9.82188505114303,-1195.05321003797,9.56507732558747,-0.096130561830363,25.8708258338056,
53.709,0.285000000000004,97,97,2,96.5,0,-9.8634068075787,-1200.83055028394,9.61481797655959,-0.068995321275079,26.5461836373304,
53.71,0.286000000000001,97,97,2,96.5,0,-9.87718213814001,-1201.02332221481,9.63136114208642,-0.041476728117787,27.0841978081574,
53.711,0.286999999999999,97,97,2,96.5,0,-9.86336382563896,-1195.66829411189,9.61480202522489,-0.013821165404907,27.444678243366,
53.712,0.288000000000004,97,97,2,96.5,0,-9.8223517448297,-1185.48293756954,9.5659740418585,0.013698350074805,27.5736576762532,
53.713,0.289000000000001,97,97,2,96.5,0,-9.75468046779197,-1170.67575410263,9.48625190807398,0.040851709185338,27.4504827389087,
53.714,0.289999999999999,97,97,2,96.5,0,-9.66100978066881,-1151.43048395288,9.37749526462817,0.067473341194818,27.1036878909708,
53.715,0.291000000000004,97,97,2,96.5,0,-9.54216610864541,-1128.00221693575,9.24204718847625,0.093422759567603,26.5794860487874,
53.716,0.292000000000002,97,97,2,96.5,0,-9.39909893452942,-1101.32520206374,9.08257540146847,0.118558827181105,25.9070772360086,
53.717,0.292999999999999,97,97,2,96.5,0,-9.2328437057474,-1071.93238292619,8.90191768297109,0.142756539888022,25.0985663693114,
53.718,0.294000000000004,97,97,2,96.5,0,-9.04451355284305,-1040.51584301581,8.702998834274,0.16592128961891,24.1693302860838,
53.719,0.295000000000002,97,97,2,96.5,0,-8.83532905950339,-1007.72418807721,8.4887688077029,0.187963977798244,23.1380201582305,
53.72,0.295999999999999,97,97,2,96.5,0,-8.60657985039992,-973.821368970725,8.26213031821429,0.20879760593821,22.0165886329898,
53.721,0.297000000000004,97,97,2,96.5,0,-8.35951536675827,-939.037680581672,8.02583055153583,0.228374376735778,20.819288949057,
53.722,0.298000000000002,97,97,2,96.5,0,-8.09540464682228,-903.60933155081,7.78249913705473,0.246683772168497,19.5736153908327,
53.723,0.298999999999999,97,97,2,96.5,0,-7.81565794064963,-868.165634569396,7.53467503162908,0.263687644918687,18.297951237415,
53.724,0.300000000000004,97,97,2,96.5,0,-7.52171678819083,-833.795385440574,7.28453683979824,0.2793142441875,16.9823475105356,
53.725,0.301000000000002,97,97,2,96.5,0,-7.21492771904369,-800.496275155949,7.03384543116356,0.293537193579457,15.6186863501693,
53.726,0.302,97,97,2,96.5,0,-6.89655435782311,-767.821801397209,6.78419008241595,0.30640998176267,14.2389959923906,
53.727,0.303000000000004,97,97,2,96.5,0,-6.56784245398095,-735.722856456945,6.53707356891847,0.317999636385022,12.8928964775779,
53.728,0.304000000000002,97,97,2,96.5,0,-6.23009116072059,-704.300925095662,6.29388862164593,0.328322157881146,11.5944547527419,
53.729,0.305,97,97,2,96.5,0,-5.88455248929639,-674.137139968278,6.05573679282456,0.337375689884052,10.321964586027,
53.73,0.306000000000004,97,97,2,96.5,0,-5.53241160540992,-645.669104335919,5.82335792411048,0.345183121713729,9.0603987989027,
53.731,0.307000000000002,97,97,2,96.5,0,-5.17483577489879,-619.051583495036,5.59724114895261,0.351790704135187,7.82130705918,
53.732,0.308,97,97,2,96.5,0,-4.81291293767899,-593.983178267147,5.377728657641,0.357249448536333,6.6228858378301,
53.733,0.309000000000005,97,97,2,96.5,0,-4.44756612242044,-569.677414422299,5.16515881185052,0.361645928618824,5.4847165116431,
53.734,0.310000000000002,97,97,2,96.5,0,-4.07959866936257,-546.180861199365,4.95985904802349,0.365105813186721,4.4341807237093,
53.735,0.311,97,97,2,96.5,0,-3.70972839622775,-523.806124407852,4.76198085871486,0.367752107741159,3.4967862182375,
53.736,0.312000000000005,97,97,2,96.5,0,-3.33866678106549,-502.005412221655,4.57166121589795,0.369656829719967,2.6678997857867,
53.737,0.313000000000002,97,97,2,96.5,0,-2.96702915832456,-481.583926417977,4.38889181411527,0.370877014827629,1.9218326901532,
53.738,0.314,97,97,2,96.5,0,-2.59522682273928,-462.528697187317,4.21338017485927,0.371514234320634,1.2506564846087,
53.739,0.315000000000005,97,97,2,96.5,0,-2.22353197095801,-444.928686534313,4.04473155598916,0.371720676590772,0.682876010542,
53.74,0.316000000000003,97,97,2,96.5,0,-1.85229283239364,-427.91251639329,3.88271514784999,0.371590382957403,0.234654665946,
53.741,0.317,97,97,2,96.5,0,-1.48204957735868,-411.020513901133,3.72741049990371,0.371077087470617,-0.144173418342,
53.742,0.318000000000005,97,97,2,96.5,0,-1.11337344743921,-394.560264244977,3.5789112980915,0.370071882559136,-0.5459677581694,
53.743,0.319000000000003,97,97,2,96.5,0,-0.746812211830927,-378.345951797696,3.43725256931053,0.368511799160761,-1.0240956301407,
53.744,0.32,97,97,2,96.5,0,-0.382951629639642,-362.892321372494,3.30239887450145,0.36638550787654,-1.5634822180606,
53.745,0.321000000000005,97,97,2,96.5,0,-0.022383969433035,-348.17617025078,3.17420472336583,0.363682901620981,-2.1293234098686,
53.746,0.322000000000003,97,97,2,96.5,0,0.334494093474121,-334.658863213499,3.0523603013519,0.360448657612175,-2.6892030901317,
53.747,0.323,97,97,2,96.5,0,0.68760512380711,-322.182778836095,2.93639128685703,0.356854832324741,-3.1826270664203,
53.748,0.324000000000005,97,97,2,96.5,0,1.03702936402567,-310.493733692734,2.82585503200977,0.35313510307091,-3.5237220937647,
53.749,0.325000000000003,97,97,2,96.5,0,1.38279194370319,-299.264162106588,2.72043930049462,0.349431779090577,-3.6770364818625,
53.75,0.326000000000001,97,97,2,96.5,0,1.72479361756529,-287.983322612781,2.62001948912196,0.345732806095206,-3.7069402668938,
53.751,0.326999999999998,97,97,2,96.5,0,2.06287646515989,-276.815871763604,2.524545029145,0.341954297726476,-3.7241389028673,
53.752,0.328000000000003,97,97,2,96.5,0,2.39686265375698,-265.666531903865,2.43395421395405,0.338029497775597,-3.798535231367,
53.753,0.329000000000001,97,97,2,96.5,0,2.7264897699566,-254.756272777499,2.34818147979824,0.333907464577102,-3.9400824505191,
53.754,0.329999999999998,97,97,2,96.5,0,3.05138922403603,-244.067587100043,2.26714767992024,0.329516539282804,-4.1435308529511,
53.755,0.331000000000003,97,97,2,96.5,0,3.37118700174844,-233.98481816547,2.19070763150324,0.324787249805381,-4.4117669204946,
53.756,0.332000000000001,97,97,2,96.5,0,3.68555695103377,-224.48923611134,2.11864239890743,0.319699932094392,-4.7351886925553,
53.757,0.332999999999998,97,97,2,96.5,0,3.99421369137466,-215.365000487521,2.05076041146056,0.314284335130122,-5.0783930169035,
53.758,0.334000000000003,97,97,2,96.5,0,4.29687584957452,-206.547287816971,1.98691196958592,0.308572328381913,-5.4060361234674,
53.759,0.335000000000001,97,97,2,96.5,0,4.59335303465109,-198.138346062049,1.92692194079923,0.302605040905182,-5.6996680315839,
53.76,0.335999999999999,97,97,2,96.5,0,4.88357453533771,-190.435093556577,1.8705357574127,0.296455971696572,-5.9452377777381,
53.761,0.337000000000003,97,97,2,96.5,0,5.16755378419478,-183.395010631759,1.81745576131891,0.29022553045474,-6.1189462990129,
53.762,0.338000000000001,97,97,2,96.5,0,5.44536542770826,-176.494343074846,1.76746503490079,0.284001642802858,-6.2040635548804,
53.763,0.338999999999999,97,97,2,96.5,0,5.717091883734,-169.366005572619,1.7204753314919,0.277836368870235,-6.2082696130893,
53.764,0.340000000000003,97,97,2,96.5,0,5.98280832340402,-162.225646457433,1.67642065489103,0.271749007365346,-6.1594843200805,
53.765,0.341000000000001,97,97,2,96.5,0,6.24258123265426,-155.49986220163,1.63515241502735,0.265736385450802,-6.0883133561057,
53.766,0.341999999999999,97,97,2,96.5,0,6.4964703318898,-149.278096868373,1.59646251427978,0.259790825371764,-6.0149252409957,
53.767,0.343000000000004,97,97,2,96.5,0,6.74455453728023,-143.360882651519,1.56016295992954,0.253912774086417,-5.9454259915825,
53.768,0.344000000000001,97,97,2,96.5,0,6.98686495687916,-137.500719013024,1.52613511365526,0.248093537806513,-5.8806594218214,
53.769,0.344999999999999,97,97,2,96.5,0,7.22338913510062,-131.763919253575,1.4942913150102,0.242306682923139,-5.8271663625779,
53.77,0.346000000000004,97,97,2,96.5,0,7.45415911876695,-126.221478987259,1.46452367194111,0.236533792268162,-5.7923800338139,
53.771,0.347000000000001,97,97,2,96.5,0,7.67921703133938,-120.763980732161,1.43673065594101,0.230782620704699,-5.7705641960419,
53.772,0.347999999999999,97,97,2,96.5,0,7.89860206144064,-115.401706249559,1.41082504776732,0.225069669159249,-5.7462212855133,
53.773,0.349000000000004,97,97,2,96.5,0,8.11231413108595,-109.961775375989,1.38674359972698,0.219385006705826,-5.7159308232458,
53.774,0.350000000000001,97,97,2,96.5,0,8.3202444877067,-104.593119338417,1.36443736184064,0.213679443874727,-5.6994192943339,
53.775,0.350999999999999,97,97,2,96.5,0,8.52223927484425,-99.2715695386801,1.34384755962334,0.207884199683158,-5.7261971259372,
53.776,0.352000000000004,97,97,2,96.5,0,8.7181590608021,-94.1223617743402,1.32490271080914,0.2019529576286,-5.8091391423247,
53.777,0.353000000000002,97,97,2,96.5,0,8.90791475086066,-89.3536127030645,1.30749490573608,0.195893057541973,-5.929040105282,
53.778,0.353999999999999,97,97,2,96.5,0,9.09146786116307,-84.9728470151756,1.29149582379144,0.189744144901502,-6.0480064431595,
53.779,0.355000000000004,97,97,2,96.5,0,9.26880623068722,-80.974512610267,1.27678140670002,0.183549461995777,-6.135939953894,
53.78,0.356000000000002,97,97,2,96.5,0,9.43994103791755,-77.2633435425522,1.2632414041954,0.177341723069482,-6.1848686323198,
53.781,0.356999999999999,97,97,2,96.5,0,9.6049471900891,-73.9325184177328,1.25076728049224,0.171157279400842,-6.1968335428275,
53.782,0.358000000000004,97,97,2,96.5,0,9.76392286429935,-70.8956200327131,1.23925520501486,0.165035605300794,-6.1726013753589,
53.783,0.359000000000002,97,97,2,96.5,0,9.91697270983009,-67.9952712242392,1.2286265902886,0.159007068994784,-6.1125636324142,
53.784,0.359999999999999,97,97,2,96.5,0,10.0642199233502,-65.0714028664535,1.21882974180248,0.153086804531403,-6.0239960914327,
53.785,0.361000000000004,97,97,2,96.5,0,10.2058050624363,-62.3877573799922,1.20980658033683,0.147289380793097,-5.9158937986472,
53.786,0.362000000000002,97,97,2,96.5,0,10.3419167605865,-59.9826822339819,1.2014785561672,0.141641729135536,-5.789344331605,
53.787,0.363,97,97,2,96.5,0,10.4728163106083,-57.811916225813,1.19376892620051,0.13619008599245,-5.633780727442,
53.788,0.364000000000004,97,97,2,96.5,0,10.5987669955135,-55.6375016110814,1.18662441026117,0.13097853492534,-5.4384180746357,
53.789,0.365000000000002,97,97,2,96.5,0,10.7199836785064,-53.5124985592614,1.18000900977651,0.12601514386649,-5.2091306874248,
53.79,0.366,97,97,2,96.5,0,10.8366221942147,-51.373914244735,1.1738921120228,0.12126343338121,-4.974334889257,
53.791,0.367000000000004,97,97,2,96.5,0,10.9488247566235,-49.2408151354317,1.16824749679654,0.11668117990383,-4.764377554981,
53.792,0.368000000000002,97,97,2,96.5,0,11.0567408264236,-47.2558140804048,1.16304072830957,0.11224740061604,-4.588548322873,
53.793,0.369,97,97,2,96.5,0,11.1604862025946,-45.3841633547362,1.15823524365582,0.10795080949398,-4.437165094948,
53.794,0.370000000000005,97,97,2,96.5,0,11.2601371952588,-43.5218915090419,1.15380545534531,0.10376826920769,-4.303532321048,
53.795,0.371000000000002,97,97,2,96.5,0,11.355744697572,-41.8568639954532,1.14972403056311,0.09966626061094,-4.192596030159,
53.796,0.372,97,97,2,96.5,0,11.4473553853851,-40.4579056761293,1.14595357422971,0.09562150506847,-4.108992187328,
53.797,0.373000000000005,97,97,2,96.5,0,11.5350262028706,-39.0083539634898,1.14247013825714,0.09162777106485,-4.046624997099,
53.798,0.374000000000002,97,97,2,96.5,0,11.6188279280024,-37.534435535294,1.13926292935395,0.08769205087767,-3.991636320343,
53.799,0.375,97,97,2,96.5,0,11.6988297439596,-36.0691780717438,1.13631871797917,0.08382248008553,-3.9332795136,
53.8,0.376000000000005,97,97,2,96.75,0,11.7751079372852,-34.8144689263461,1.13361527971449,0.0800247019201,-3.867877822639,
53.801,0.377000000000002,97,97,2,96.75,0,11.8477921559565,-33.5890026607698,1.13112935327113,0.07631708771879,-3.792266764207,
53.802,0.378,97,97,2,96.75,0,11.9170473608232,-32.3353889126871,1.12884654964907,0.07273370692621,-3.697393367927,
53.803,0.379000000000005,97,97,2,96.75,0,11.9830324323848,-31.1682358374118,1.12675140403729,0.06930286901655,-3.574887950323,
53.804,0.380000000000003,97,97,2,96.75,0,12.045872888534,-30.2001070064977,1.12482319670858,0.06602272692941,-3.43139202778,
53.805,0.381,97,97,2,96.75,0,12.1056559754051,-29.4340147075424,1.12304064076912,0.06286662998949,-3.28813728973,
53.806,0.382000000000005,97,97,2,96.75,0,12.1624522147262,-28.6364845128573,1.12139154778352,0.05980424338953,-3.165197382098,
53.807,0.383000000000003,97,97,2,96.75,0,12.2163179298089,-27.8111378263686,1.1198712520125,0.05681313631458,-3.069115844445,
53.808,0.384,97,97,2,96.75,0,12.267303886906,-27.0178723824515,1.11847349723141,0.05388094495854,-2.99481621678,
53.809,0.385000000000005,97,97,2,96.75,0,12.3154650933999,-26.356315596766,1.11718821458705,0.05100245931182,-2.933754358917,
53.81,0.386000000000003,97,97,2,96.75,0,12.3608611951679,-25.7727545029794,1.11600498630139,0.04817910025709,-2.878059381919,
53.811,0.387,97,97,2,96.75,0,12.4035886459234,-25.204375340612,1.11491592489887,0.04542503788202,-2.819108028429,
53.812,0.387999999999998,97,97,2,96.75,0,12.4437932640941,-24.7281040558009,1.11391216676465,0.04277119628381,-2.74478514591,
53.813,0.389000000000003,97,97,2,96.75,0,12.4816367753654,-24.3567357441692,1.11298339542054,0.04025313587632,-2.643173474052,
53.814,0.390000000000001,97,97,2,96.75,0,12.5172768109929,-24.0024558226898,1.11212163376537,0.03789080064798,-2.512077210961,
53.815,0.390999999999998,97,97,2,96.75,0,12.5508646808531,-23.6259500695729,1.11132176541599,0.03568542859045,-2.361963830842,
53.816,0.392000000000003,97,97,2,96.75,0,12.5825490251258,-23.3342554094549,1.11057781375723,0.03363246191414,-2.206739394407,
53.817,0.393000000000001,97,97,2,96.75,0,12.6124559561001,-23.0005148946542,1.10988494836863,0.03172217795943,-2.055883474196,
53.818,0.393999999999998,97,97,2,96.75,0,12.6406726641888,-22.5615359184448,1.10924214282477,0.02993308809814,-1.916730543164,
53.819,0.395000000000003,97,97,2,96.75,0,12.667237207475,-22.0827560399665,1.10864916521166,0.02822812551363,-1.800209906282,
53.82,0.396000000000001,97,97,2,96.75,0,12.6921459779947,-21.6107056004162,1.10810499000705,0.026563460897,-1.71811137718,
53.821,0.396999999999998,97,97,2,96.75,0,12.715375729161,-21.1124301555038,1.10760876610073,0.02490179654363,-1.675853928016,
53.822,0.398000000000003,97,97,2,96.75,0,12.7369034704438,-20.6772403250413,1.10715894749353,0.02322285400727,-1.667747887245,
53.823,0.399000000000001,97,97,2,96.75,0,12.75673704255,-20.4943707076213,1.10675065743546,0.02153009349487,-1.677904474275,
53.824,0.399999999999999,97,97,2,96.75,0,12.7749012149915,-20.4349564295631,1.10637893375744,0.01984100295977,-1.687514126398,
53.825,0.401000000000003,97,97,2,96.75,0,12.7914323516726,-20.3264015440086,1.10604201796745,0.01817508161279,-1.683240771854,
53.826,0.402000000000001,97,97,2,96.75,0,12.8063791280941,-20.2167861244593,1.10573902298671,0.01654573933134,-1.661898383757,
53.827,0.402999999999999,97,97,2,96.75,0,12.8198129203999,-20.171000654896,1.10546774241708,0.01496818926467,-1.624778336675,
53.828,0.404000000000003,97,97,2,96.75,0,12.8318150295698,-20.2174223013667,1.10522536928632,0.01345818259974,-1.572824710582,
53.829,0.405000000000001,97,97,2,96.75,0,12.8424841253588,-20.3574301158382,1.10500892079278,0.0120317100964,-1.505209436975,
53.83,0.405999999999999,97,97,2,96.75,0,12.8519283513717,-20.5333057149715,1.10481583011727,0.01070153887044,-1.422642368603,
53.831,0.407000000000004,97,97,2,96.75,0,12.8602329316118,-20.6470731259127,1.10464483723707,0.00946979321389,-1.329533938351,
53.832,0.408000000000001,97,97,2,96.75,0,12.8674581850542,-20.7015482286824,1.10449546010268,0.00832267593263,-1.235884814786,
53.833,0.408999999999999,97,97,2,96.75,0,12.8736673961869,-20.6771296876354,1.10436699562889,0.0072442387888,-1.151901752618,
53.834,0.410000000000004,97,97,2,96.75,0,12.8789230657968,-20.6467557935561,1.10425840328435,0.00622796136877,-1.080393267919,
53.835,0.411000000000001,97,97,2,96.75,0,12.8832596984669,-20.6901636683537,1.10416877176664,0.0052660209848,-1.018624226352,
53.836,0.411999999999999,97,97,2,96.75,0,12.8866784553372,-20.9070726500051,1.10409766634791,0.0043369810121,-0.968371371407,
53.837,0.413000000000004,97,97,2,96.75,0,12.8891846729896,-21.1794688568883,1.10404492733129,0.00342035784487,-0.93518505444,
53.838,0.414000000000001,97,97,2,96.75,0,12.890812430071,-21.40489615119,1.10401026883044,0.00251644124647,-0.916536238222,
53.839,0.414999999999999,97,97,2,96.75,0,12.8916181601826,-21.5408794363389,1.10399296747816,0.00164468716176,-0.898079814942,
53.84,0.416000000000004,97,97,2,96.75,0,12.8916865958133,-21.8986893101159,1.10399148107102,0.00083114985827,-0.863937804451,
53.841,0.417000000000002,97,97,2,96.75,0,12.8911680887877,-22.5267486248604,1.10400299852186,0.00011354117808,-0.802223750866,
53.842,0.417999999999999,97,97,2,96.75,0,12.8902563543961,-22.9455342572393,1.10402372784395,-0.00046039243851,-0.7032847481,
53.843,0.419000000000004,97,97,2,96.75,0,12.8891019802479,-23.0565442889596,1.10405027964907,-0.00086655810878,-0.566705751774,
53.844,0.420000000000002,97,97,2,96.75,0,12.8877562390633,-23.0426069751956,1.10408129841228,-0.00113899233214,-0.416376620093,
53.845,0.420999999999999,97,97,2,96.75,0,12.8862075306982,-23.1105745845181,1.10411703732146,-0.00134922122783,-0.293892059132,
53.846,0.422000000000004,97,97,2,96.75,0,12.8844250072701,-23.2534855611643,1.10415835983318,-0.00155796272985,-0.22844427589,
53.847,0.423000000000002,97,97,2,96.75,0,12.8823749228055,-23.4765340304539,1.10420626007678,-0.00179264722015,-0.216970616605,
53.848,0.423999999999999,97,97,2,96.75,0,12.8800252768811,-23.8298508759462,1.10426183670403,-0.00205968459159,-0.236607458158,
53.849,0.425000000000004,97,97,2,96.75,0,12.8773490814741,-24.2703825468723,1.10432619951591,-0.00235774233124,-0.266637617561,
53.85,0.426000000000002,97,97,2,96.75,0,12.8743308269074,-24.6085713018067,1.10439996407874,-0.00268084831013,-0.296266100959,
53.851,0.427,97,97,2,96.75,0,12.8709719808087,-24.8227297927466,1.10448298014515,-0.00301781427839,-0.319749503929,
53.852,0.428000000000004,97,97,2,96.75,0,12.8672891947278,-25.0376332964987,1.10457479267073,-0.00335385063376,-0.332529087582,
53.853,0.429000000000002,97,97,2,96.75,0,12.8633196990042,-25.3072940465094,1.10467471465763,-0.00367161697905,-0.330834236213,
53.854,0.43,97,97,2,96.75,0,12.8591129589112,-25.6275025888801,1.1047818493832,-0.00395465614161,-0.312829193495,
53.855,0.431000000000004,97,97,2,96.75,0,12.8547262643161,-25.8305447355079,1.10489471475223,-0.00418955313281,-0.279014665971,
53.856,0.432000000000002,97,97,2,96.75,0,12.8502154395228,-25.8749010531481,1.10501133185564,-0.00436994730393,-0.232988796584,
53.857,0.433,97,97,2,96.75,0,12.8456297711636,-25.9866825259621,1.10513024186707,-0.00449603880361,-0.180454215712,
53.858,0.434000000000005,97,97,2,96.75,0,12.8410111941563,-26.2384733839752,1.10525084481922,-0.00457308788389,-0.127669575292,
53.859,0.435000000000002,97,97,2,96.75,0,12.8363755659062,-26.5141017077969,1.10537311548291,-0.00461381978572,-0.080866652565,
53.86,0.436,97,97,2,96.75,0,12.8317049078738,-26.7762311791933,1.10549756594358,-0.00464102181194,-0.047568092682,
53.861,0.437000000000005,97,97,2,96.75,0,12.826969376864,-26.9694602399963,1.10562482313776,-0.0046796109909,-0.034677134725,
53.862,0.438000000000002,97,97,2,96.75,0,12.8221422533466,-27.0820610280171,1.10575527982249,-0.00474354686886,-0.042777042838,
53.863,0.439,97,97,2,96.75,0,12.817211650406,-27.2602822221176,1.1058892500812,-0.00483068959208,-0.063293921838,
53.864,0.440000000000005,97,97,2,96.75,0,12.8121906753024,-27.5372401761616,1.10602681857905,-0.00492667076254,-0.082832203814,
53.865,0.441000000000003,97,97,2,96.75,0,12.8071144599573,-27.8272929517878,1.10616733972537,-0.00501043552715,-0.089664714533,
53.866,0.442,97,97,2,96.75,0,12.8020172884921,-27.9575623090735,1.1063095122116,-0.00506593010868,-0.078948631441,
53.867,0.443000000000005,97,97,2,96.75,0,12.7969162958733,-28.0706740865911,1.10645241202174,-0.00509203097525,-0.055157521966,
53.868,0.444000000000003,97,97,2,96.75,0,12.7918166187192,-28.2425792413718,1.10659600172748,-0.00509945163331,-0.029314918505,
53.869,0.445,97,97,2,96.75,0,12.7867307614297,-28.5172872803044,1.10674033801793,-0.00509592583413,-0.009740783441,
53.87,0.446000000000005,97,97,2,96.75,0,12.7816807154465,-28.7818039260599,1.10688501954063,-0.00507925985699,0.004183915396,
53.871,0.447000000000003,97,97,2,96.75,0,12.776684544801,-28.9267874362325,1.1070291805257,-0.00504462677378,0.018114055573,
53.872,0.448,97,97,2,96.75,0,12.7717466766909,-28.8901048106262,1.10717192661993,-0.00499484248619,0.033788312703,
53.873,0.449000000000005,97,97,2,96.75,0,12.7668626296629,-28.8650939287201,1.10731296617331,-0.00493921254609,0.046992622029,
53.874,0.450000000000003,97,97,2,96.75,0,12.7620182076907,-29.0199763635162,1.1074531760265,-0.00488830583589,0.052459275377,
53.875,0.451000000000001,97,97,2,96.75,0,12.7571984712352,-29.2594827387094,1.10759362184332,-0.00484890383393,0.048872266698,
53.876,0.451999999999998,97,97,2,96.75,0,12.7524006568471,-29.4922794252355,1.10773456186824,-0.00482056549029,0.039534316936,
53.877,0.453000000000003,97,97,2,96.75,0,12.7476267804469,-29.7089718539934,1.10787587159642,-0.00479720961195,0.030162701546,
53.878,0.454000000000001,97,97,2,96.75,0,12.7428820751328,-29.8907372679754,1.10801726312472,-0.00477230647074,0.025314796791,
53.879,0.454999999999998,97,97,2,96.75,0,12.7381686592412,-30.0214013718133,1.1081584585379,-0.00474406981318,0.025439017254,
53.88,0.456000000000003,97,97,2,96.75,0,12.7334887414421,-30.1553183777761,1.10829926958883,-0.0047127532906,0.028160562161,
53.881,0.457000000000001,97,97,2,96.75,0,12.7288479723221,-30.2986439343081,1.10843954602957,-0.00467822262312,0.031356806544,
53.882,0.457999999999998,97,97,2,96.75,0,12.724269346129,-30.4396662288644,1.10857859503849,-0.00463387084566,0.036512757004,
53.883,0.459000000000003,97,97,2,96.75,0,12.7197925428325,-30.61737364442,1.10871526521719,-0.00456672220219,0.048244504269,
53.884,0.460000000000001,97,97,2,96.75,0,12.7154546603966,-30.8201323339797,1.10884851955623,-0.0044656739073,0.070479479093,
53.885,0.460999999999999,97,97,2,96.75,0,12.7112611211537,-31.0540967390316,1.1089782555601,-0.00433625573618,0.099389362333,
53.886,0.462000000000003,97,97,2,96.75,0,12.7071908961572,-31.2229860551884,1.10910499642965,-0.00419984792688,0.123004099705,
53.887,0.463000000000001,97,97,2,96.75,0,12.7032140913029,-31.4086328568325,1.10922953329272,-0.00407919322776,0.129584984792,
53.888,0.463999999999999,97,97,2,96.75,0,12.6993138285632,-31.4851251905351,1.10935218438325,-0.00398186826258,0.118381711992,
53.889,0.465000000000003,97,97,2,96.75,0,12.6954817341499,-31.5512230728918,1.10947296500227,-0.00390277487616,0.098854411734,
53.89,0.466000000000001,97,97,2,96.75,0,12.6917147992601,-31.5594852822087,1.10959183196688,-0.00383299705417,0.081768190719,
53.891,0.466999999999999,97,97,2,96.75,0,12.6879998292086,-31.5876030347554,1.10970912673785,-0.00377089329536,0.070270272365,
53.892,0.468000000000004,97,97,2,96.75,0,12.6843276044197,-31.8435012046186,1.10982559337454,-0.00371773592421,0.061722061466,
53.893,0.469000000000001,97,97,2,96.75,0,12.6807108829603,-32.1983660485169,1.10994140417233,-0.00366839736883,0.054695642717,
53.894,0.469999999999999,97,97,2,96.75,0,12.6771785450525,-32.5132617287778,1.11005569584027,-0.00360805739277,0.053784626315,
53.895,0.471000000000004,97,97,2,96.75,0,12.6737560632423,-32.6469868329757,1.110167200723,-0.003524696144,0.063945931669,
53.896,0.472000000000001,97,97,2,96.75,0,12.6704571750818,-32.7483154979742,1.11027506661731,-0.00341836054457,0.083347172155,
53.897,0.472999999999999,97,97,2,96.75,0,12.6672903158032,-32.8673192468591,1.11037896435816,-0.00329635759084,0.104143500522,
53.898,0.474000000000004,97,97,2,96.75,0,12.6642619374623,-33.1104118479682,1.11047886712407,-0.00316492366186,0.120132040015,
53.899,0.475000000000001,97,97,2,96.75,0,12.6613861374666,-33.4065085983946,1.11057451180383,-0.00302414911865,0.131406820674,
53.9,0.475999999999999,97,97,2,96.75,0,12.6586724604427,-33.598769108944,1.11066542714514,-0.00287293660772,0.141103749257,
53.901,0.477000000000004,97,97,2,96.75,0,12.656104022503,-33.6666501935282,1.11075181067262,-0.00271874219018,0.148975692597,
53.902,0.478000000000002,97,97,2,96.75,0,12.6536430626541,-33.6487763946218,1.11083464095364,-0.00257976623772,0.148734306033,
53.903,0.478999999999999,97,97,2,96.75,0,12.6512618440538,-33.6789931326131,1.11091480202219,-0.00246928090156,0.134994307094,
53.904,0.480000000000004,97,97,2,96.75,0,12.6489569443111,-33.7523843789425,1.11099251330454,-0.0023822453176,0.11199759539,
53.905,0.481000000000002,97,97,2,96.75,0,12.6467393826067,-33.8372996820311,1.11106745545203,-0.00230159398849,0.092155233165,
53.906,0.481999999999999,97,97,2,96.75,0,12.6446223200824,-33.8818641248,1.11113913830397,-0.00221361336186,0.084765394821,
53.907,0.483000000000004,97,97,2,96.75,0,12.6426102674246,-33.9428145244261,1.11120737171645,-0.00211570931838,0.088758862429,
53.908,0.484000000000002,97,97,2,96.75,0,12.640703527775,-33.9894010687312,1.11127213624093,-0.00201196171529,0.096680086308,
53.909,0.484999999999999,97,97,2,96.75,0,12.6389032306615,-34.0056870242008,1.11133334192134,-0.00190640079123,0.102538531498,
53.91,0.486000000000004,97,97,2,96.75,0,12.637211633654,-34.0380948632687,1.11139089325025,-0.00179961984253,0.105382935161,
53.911,0.487000000000002,97,97,2,96.75,0,12.6356298086995,-34.0895307931852,1.11144477623942,-0.00169127542343,0.106883982428,
53.912,0.488,97,97,2,96.75,0,12.6341626639265,-34.0932510057008,1.11149479324538,-0.00158035251596,0.108648924491,
53.913,0.489000000000004,97,97,2,96.75,0,12.6328137634951,-34.1328422515278,1.11154080834869,-0.00146607552496,0.111155586018,
53.914,0.490000000000002,97,97,2,96.75,0,12.6315714771206,-34.1833731653393,1.11158324250047,-0.00135238951678,0.113093471095,
53.915,0.491,97,97,2,96.75,0,12.6304124334347,-34.2167447557573,1.11162288186287,-0.00124929778499,0.110685020109,
53.916,0.492000000000004,97,97,2,96.75,0,12.6293207565912,-34.2418626706454,1.11166024920111,-0.00116380643976,0.100989898739,
53.917,0.493000000000002,97,97,2,96.75,0,12.6282974673892,-34.2012053167905,1.11169526772733,-0.00109137060377,0.086854808426,
53.918,0.494,97,97,2,96.75,0,12.6273435630471,-34.0886087643208,1.11172783870241,-0.00102299003648,0.075135908152,
53.919,0.495000000000005,97,97,2,96.75,0,12.6264469486958,-34.1042524445083,1.11175841005142,-0.00095753280283,0.068720147808,
53.92,0.496000000000002,97,97,2,96.75,0,12.625605148935,-34.2085877333275,1.11178716291768,-0.00089735697139,0.064749813079,
53.921,0.497,97,97,2,96.75,0,12.6248337540751,-34.3048617703672,1.11181358837906,-0.00083712266768,0.061777793784,
53.922,0.498000000000005,97,97,2,96.75,0,12.6241521283246,-34.243971690505,1.11183695070409,-0.00076558559735,0.063607592015,
53.923,0.499000000000002,97,97,2,96.75,0,12.6235652350454,-34.0680570380013,1.11185699663936,-0.00068013674193,0.072319775871,
53.924,0.5,97,97,2,96.75,0,12.6230579665115,-34.0743612217782,1.11187427989167,-0.000591425597,0.082254006746,
53.925,0.501000000000005,97,97,2,97,0,12.6226121848689,-34.1861452162563,1.11188949453201,-0.0005127098901,0.084733826668,
53.926,0.000999999999997669,98,98,2,97,0,12.622221758294,-34.1880817053038,1.33475576120645E-05,-0.00044762118968,0.077626236365,
53.927,0.00199999999999534,98,98,2,97,0,12.6218798399491,-34.0956771277342,2.50212925152482E-05,-0.00039248062621,0.066192361279,
53.928,0.00300000000000011,98,98,2,97,0,12.6215734662577,-34.026972110157,3.54567862785871E-05,-0.00034580741785,0.055584798022,
53.929,0.00399999999999778,98,98,2,97,0,12.6212901894008,-33.9750749658464,4.5088489358136E-05,-0.0003101080371,0.04592126661,
53.93,0.00499999999999545,98,98,2,97,0,12.6210284692234,-33.9287844712487,5.39743944329985E-05,-0.0002837389034,0.036192454918,
53.931,0.00600000000000023,98,98,2,97,0,12.620787530236,-33.954229753668,6.21522267891805E-05,-0.00026195282425,0.02779329145,
53.932,0.0069999999999979,98,98,2,97,0,12.620563902873,-34.0233033354576,6.97530450253225E-05,-0.00024197985708,0.022617061921,
53.933,0.00799999999999557,98,98,2,97,0,12.6203623802991,-34.0894002615358,7.66161686982514E-05,-0.00022218941359,0.02046214366,
53.934,0.00900000000000034,98,98,2,97,0,12.6201939258763,-34.1038856560618,8.23598990109531E-05,-0.0001982335653,0.021094822034,
53.935,0.00999999999999801,98,98,2,97,0,12.6200640490035,-34.025995784813,8.6784146986929E-05,-0.00016680160313,0.024949061014,
53.936,0.0109999999999957,98,98,2,97,0,12.6199675571611,-34.0705348670211,9.00695268342133E-05,-0.00013143462868,0.03036963169,
53.937,0.0119999999999933,98,98,2,97,0,12.6198887238649,-34.2716674564998,9.27633473679634E-05,-0.00010120978766,0.032643830737,
53.938,0.0129999999999981,98,98,2,97,0,12.6198185713189,-34.4451597379144,9.51736775647305E-05,-8.1526635E-05,0.028604974541,
53.939,0.0139999999999958,98,98,2,97,0,12.619757817555,-34.515803096167,9.72684965887538E-05,-6.993713643E-05,0.020417562941,
53.94,0.0149999999999935,98,98,2,97,0,12.6197085415075,-34.4530399758867,9.89677525780053E-05,-6.013008361E-05,0.013482861072,
53.941,0.0159999999999982,98,98,2,97,0,12.6196703123302,-34.3507762314125,0.000100282909230032,-4.940530136E-05,0.010617105374,
53.942,0.0169999999999959,98,98,2,97,0,12.6196392478161,-34.3101094169013,0.000101349367753301,-3.93938394E-05,0.010235467334,
53.943,0.0179999999999936,98,98,2,97,0,12.6196142741385,-34.2734777068559,0.000102205759944241,-3.138666211E-05,0.009624172646,
53.944,0.0189999999999984,98,98,2,97,0,12.6196004970266,-34.2464485360849,0.000102677763294423,-2.344195884E-05,0.008589720485,
53.945,0.019999999999996,98,98,2,97,0,12.6196029265658,-34.2222633478475,0.00010259458957762,-1.227408628E-05,0.008930396263,
53.946,0.0209999999999937,98,98,2,97,0,12.6196212460512,-34.2967765971887,0.000101966972806622,2.33452773E-06,0.011233144208,
53.947,0.0219999999999985,98,98,2,97,0,12.6196419124825,-34.345728000868,0.000101257674998578,1.425658531E-05,0.012770424646,
53.948,0.0229999999999961,98,98,2,97,0,12.6196527805024,-34.3626832872514,0.000100884312814742,1.702282411E-05,0.009981278875,
53.949,0.0239999999999938,98,98,2,97,0,12.6196507384767,-34.2817803703631,0.000100954399698594,9.93452964E-06,0.002556624453,
53.95,0.0249999999999986,98,98,2,97,0,12.6196402965093,-34.2083308021135,0.000101311985446273,-6.8899453E-07,-0.005192503399,
53.951,0.0259999999999962,98,98,2,97,0,12.6196321088033,-34.2020870165782,0.00010159204764193,-7.24570647E-06,-0.008342911591,
53.952,0.0269999999999939,98,98,2,97,0,12.6196312492525,-34.3207321109284,0.000101621497066162,-6.66553786E-06,-0.005635691444,
53.953,0.0279999999999987,98,98,2,97,0,12.6196426585226,-34.4412702588733,0.000101229234942934,6.2264891E-07,0.000451509893,
53.954,0.0289999999999964,98,98,2,97,0,12.6196692574561,-34.4331092917029,0.000100313242427319,1.228552285E-05,0.006588187473,
53.955,0.029999999999994,98,98,2,97,0,12.6197019819337,-34.3640100138036,9.91875675282472E-05,2.387969771E-05,0.010329858065,
53.956,0.0309999999999988,98,98,2,97,0,12.6197313001194,-34.3266893559259,9.81806241924232E-05,2.98649268E-05,0.009932100853,
53.957,0.0319999999999965,98,98,2,97,0,12.6197514926497,-34.3634680060699,9.74871101533381E-05,2.760237665E-05,0.005193579049,
53.958,0.0329999999999941,98,98,2,97,0,12.6197542253758,-34.424287376109,9.73931211092349E-05,1.769228566E-05,-0.00208247863,
53.959,0.0339999999999989,98,98,2,97,0,12.6197442863746,-34.5201097983172,9.77357403399992E-05,4.16914917E-06,-0.008699742388,
53.96,0.0349999999999966,98,98,2,97,0,12.6197338865412,-34.5025435052,9.80946523867487E-05,-6.27573267E-06,-0.011515746445,
53.961,0.0359999999999943,98,98,2,97,0,12.6197336830164,-34.496433143201,9.81016738847984E-05,-7.20269116E-06,-0.00851298123,
53.962,0.036999999999999,98,98,2,97,0,12.6197565540204,-34.4866183663271,9.73128180561389E-05,3.65994126E-06,-0.000245458222,
53.963,0.0379999999999967,98,98,2,97,0,12.6197980576545,-34.4547079226638,9.58821602665694E-05,2.153843439E-05,0.00943051336,
53.964,0.0389999999999944,98,98,2,97,0,12.6198376612101,-34.4183705551966,9.45183508775926E-05,3.534382152E-05,0.014551803117,
53.965,0.0399999999999991,98,98,2,97,0,12.619858147279,-34.3804500252333,9.3813642195073E-05,3.443833314E-05,0.010614056277,
53.966,0.0409999999999968,98,98,2,97,0,12.6198554053328,-34.3429177565663,9.39078600765697E-05,1.925291038E-05,-0.000776206041,
53.967,0.0419999999999945,98,98,2,97,0,12.6198454377425,-34.3571934304718,9.42502473577633E-05,2.0587651E-06,-0.011504059202,
53.968,0.0429999999999993,98,98,2,97,0,12.6198469061849,-34.3710171568933,9.4199785650062E-05,-4.36908726E-06,-0.013361640648,
53.969,0.0439999999999969,98,98,2,97,0,12.6198665530705,-34.3224987129505,9.35249788227566E-05,3.49116555E-06,-0.005371308685,
53.97,0.0449999999999946,98,98,2,97,0,12.6198950504674,-34.2488004048878,9.25479270534879E-05,1.684850603E-05,0.00522294756,
53.971,0.0459999999999994,98,98,2,97,0,12.6199143753934,-34.1520784127579,9.18870060928612E-05,2.309050224E-05,0.009573610898,
53.972,0.046999999999997,98,98,2,97,0,12.6199172389391,-34.1637684003869,9.17891933198689E-05,1.713825318E-05,0.00471832591,
53.973,0.0479999999999947,98,98,2,97,0,12.6199170324777,-34.267273461182,9.17962575073261E-05,6.88095766E-06,-0.003585489417,
53.974,0.0489999999999995,98,98,2,97,0,12.6199231043118,-34.2886004455009,9.15881275602715E-05,2.59802938E-06,-0.00717347141,
53.975,0.0499999999999972,98,98,2,97,0,12.6199299504379,-34.173955827753,9.13537759146266E-05,4.42063305E-06,-0.004243578867,
53.976,0.0509999999999948,98,98,2,97,0,12.6199256630391,-34.0968721660787,9.15001280503702E-05,3.27378103E-06,-0.000899892622,
53.977,0.0519999999999996,98,98,2,97,0,12.6199055686738,-34.1111662751397,9.21854266664468E-05,-5.68943128E-06,-0.0026009234,
53.978,0.0529999999999973,98,98,2,97,0,12.6198818582176,-34.2457431221027,9.29958134179287E-05,-1.643710262E-05,-0.007153641932,
53.979,0.0539999999999949,98,98,2,97,0,12.6198666896109,-34.4788984153545,9.35170419467113E-05,-2.006307408E-05,-0.008075823667,
53.98,0.0549999999999997,98,98,2,97,0,12.6198673830834,-34.6574676324162,9.34930698548442E-05,-1.297253779E-05,-0.002547529099,
53.981,0.0559999999999974,98,98,2,97,0,12.6198882885474,-34.8094943859516,9.27669503170137E-05,1.99844619E-06,0.006239718272,
53.982,0.0569999999999951,98,98,2,97,0,12.6199183191656,-34.8086047252497,9.17216130460474E-05,1.757941281E-05,0.012789844465,
53.983,0.0579999999999998,98,98,2,97,0,12.6199411167197,-34.8199826366576,9.09279323053624E-05,2.512315271E-05,0.012986803812,
53.984,0.0589999999999975,98,98,2,97,0,12.6199463795828,-34.8773909845108,9.07445284354935E-05,1.970706603E-05,0.006066959942,
53.985,0.0599999999999952,98,98,2,97,0,12.6199318573329,-34.877201885979,9.12510252533139E-05,4.5877365E-06,-0.004439111561,
53.986,0.0609999999999999,98,98,2,97,0,12.6199088149946,-34.8307743023211,9.20541426410182E-05,-1.114274252E-05,-0.012391701522,
53.987,0.0619999999999976,98,98,2,97,0,12.619891943199,-34.8051833020005,9.26415844588746E-05,-1.863514897E-05,-0.013075712402,
53.988,0.0629999999999953,98,98,2,97,0,12.6198927007212,-34.7929769944591,9.26152233802213E-05,-1.343416307E-05,-0.006155810516,
53.989,0.0640000000000001,98,98,2,97,0,12.619913669124,-34.7179732434967,9.18864565733202E-05,1.53199104E-06,0.004322518658,
53.99,0.0649999999999977,98,98,2,97,0,12.6199459552542,-34.6144342240471,9.07672190066933E-05,1.830045684E-05,0.012577297154,
53.991,0.0659999999999954,98,98,2,97,0,12.6199855215889,-34.5030279464589,8.93998566908749E-05,3.107487333E-05,0.0150295575,
53.992,0.0670000000000002,98,98,2,97,0,12.6200273285724,-34.4452327477536,8.7958597291049E-05,3.805446799E-05,0.012234184734,
53.993,0.0679999999999978,98,98,2,97,0,12.6200610133458,-34.537723641472,8.67967596605013E-05,3.869812583E-05,0.006817260163,
53.994,0.0689999999999955,98,98,2,97,0,12.6200770003948,-34.5957149630906,8.6244139822611E-05,3.081211911E-05,-1.4460482E-05,
53.995,0.0700000000000003,98,98,2,97,0,12.6200737585722,-34.5637043333682,8.63562411126395E-05,1.552770484E-05,-0.007546629617,
53.996,0.070999999999998,98,98,2,97,0,12.6200622309922,-34.5123370715513,8.67543809022209E-05,4.111166E-08,-0.013125545678,
53.997,0.0719999999999956,98,98,2,97,0,12.6200573938874,-34.5087433444824,8.69213120040513E-05,-7.03471022E-06,-0.012902708117,
53.998,0.0730000000000004,98,98,2,97,0,12.6200732756076,-34.5827357213148,8.63726662316822E-05,-6.2859986E-07,-0.005554473598,
53.999,0.0739999999999981,98,98,2,97,0,12.6201143517408,-34.6310228756128,8.49511494465105E-05,1.72243966E-05,0.005795596518,
54,0.0749999999999957,98,98,2,97,0,12.6201669038511,-34.5390098254444,8.31336338507072E-05,3.696060243E-05,0.014983893441,
54.001,0.0759999999999934,98,98,2,97,0,12.6202144472905,-34.4370901924362,8.14939533313463E-05,4.76067159E-05,0.016444215311,
54.002,0.0769999999999982,98,98,2,97,0,12.6202485898693,-34.3402462655014,8.03198355185941E-05,4.502578249E-05,0.009405027114,
54.003,0.0779999999999959,98,98,2,97,0,12.6202660504193,-34.2665238084861,7.97208795546567E-05,3.315822834E-05,-0.001398805568,
54.004,0.0789999999999935,98,98,2,97,0,12.6202739639504,-34.3320056258474,7.94494512632582E-05,1.960105297E-05,-0.009588454294,
54.005,0.0799999999999983,98,98,2,97,0,12.6202847633063,-34.3489339288965,7.907859631473E-05,1.164338421E-05,-0.011370437021,
54.006,0.080999999999996,98,98,2,97,0,12.6202956400282,-34.3407334276648,7.87050371116038E-05,9.95681826E-06,-0.0077561899,
54.007,0.0819999999999936,98,98,2,97,0,12.6203061094181,-34.3357679893046,7.83455365791497E-05,1.07313125E-05,-0.002829578736,
54.008,0.0829999999999984,98,98,2,97,0,12.6203169882737,-34.3831533502345,7.79717449717054E-05,1.071442921E-05,-0.000201237076,
54.009,0.0839999999999961,98,98,2,97,0,12.6203230880049,-34.4492365213759,7.77618154330639E-05,9.32227857E-06,-0.000192050236,
54.01,0.0849999999999937,98,98,2,97,0,12.6203216380987,-34.5146301327909,7.78118109963089E-05,5.2685773E-06,-0.001778035624,
54.011,0.0859999999999985,98,98,2,97,0,12.6203166844739,-34.529358089876,7.79828200023758E-05,-2.3613056E-07,-0.003690538058,
54.012,0.0869999999999962,98,98,2,97,0,12.6203233268967,-34.4857126705728,7.77536063623074E-05,-4.2369494E-07,-0.003474262839,
54.013,0.0879999999999939,98,98,2,97,0,12.6203524629727,-34.3947027557612,7.675015385189E-05,9.91170448E-06,0.001374181716,
54.014,0.0889999999999986,98,98,2,97,0,12.6203922827317,-34.3691396145194,7.53810740405925E-05,2.559308494E-05,0.008782304592,
54.015,0.0899999999999963,98,98,2,97,0,12.6204318632959,-34.4177957886634,7.40197611861504E-05,3.654289566E-05,0.012658115226,
54.016,0.090999999999994,98,98,2,97,0,12.6204603193435,-34.4575053469244,7.30398017623202E-05,3.631496766E-05,0.009015960026,
54.017,0.0919999999999987,98,98,2,97,0,12.6204718039818,-34.3711526006033,7.26445656482611E-05,2.670197979E-05,0.000309875655,
54.018,0.0929999999999964,98,98,2,97,0,12.6204700051065,-34.240727488247,7.27062777627907E-05,1.259100701E-05,-0.008146865382,
54.019,0.0939999999999941,98,98,2,97,0,12.6204569170135,-34.144302395108,7.3153792584435E-05,-1.20058653E-06,-0.012665763535,
54.02,0.0949999999999989,98,98,2,97,0,12.620434628882,-34.1444670025615,7.39148071176032E-05,-1.246133924E-05,-0.013128155063,
54.021,0.0959999999999965,98,98,2,97,0,12.6204110020717,-34.2661502345436,7.47229694582074E-05,-1.992972359E-05,-0.010882294451,
54.022,0.0969999999999942,98,98,2,97,0,12.6203945267315,-34.355788655687,7.52882543508804E-05,-2.107976563E-05,-0.006710592165,
54.023,0.097999999999999,98,98,2,97,0,12.6203934066816,-34.4080515413019,7.53267638202715E-05,-1.401419414E-05,-0.000580860674,
54.024,0.0989999999999966,98,98,2,97,0,12.6204059477681,-34.4799223485904,7.48947988000737E-05,-1.62829607E-06,0.006196985405,
54.025,0.0999999999999943,98,98,2,97,0,12.6204211602305,-34.6328035688049,7.43691114308831E-05,9.24415835E-06,0.010335767001,
54.026,0.100999999999999,98,98,2,97,0,12.6204299150264,-34.7558586758814,7.40653696453819E-05,1.247374968E-05,0.009033628588,
54.027,0.101999999999997,98,98,2,97,0,12.6204287434141,-34.8139288681608,7.41061240461249E-05,7.71417339E-06,0.003125699971,
54.028,0.102999999999994,98,98,2,97,0,12.6204214775126,-34.8742691684076,7.43592978409424E-05,-2.19766E-08,-0.003255798114,
54.029,0.103999999999999,98,98,2,97,0,12.6204184015815,-34.8623873804942,7.44665504157638E-05,-4.18062362E-06,-0.005769926989,
54.03,0.104999999999997,98,98,2,97,0,12.620423017554,-34.8105337082326,7.43057462671004E-05,-2.02535114E-06,-0.003337722061,
54.031,0.105999999999995,98,98,2,97,0,12.6204380380462,-34.8964372930002,7.3782229762287E-05,5.42975733E-06,0.001851047427,
54.032,0.106999999999999,98,98,2,97,0,12.6204594182189,-34.9948743863405,7.30350856059658E-05,1.380704044E-05,0.006141810065,
54.033,0.107999999999997,98,98,2,97,0,12.6204772744799,-34.9006788297262,7.24110489898067E-05,1.841509504E-05,0.006969862165,
54.034,0.108999999999995,98,98,2,97,0,12.6204901938146,-34.7336793894934,7.19612341981701E-05,1.743235662E-05,0.004061585247,
54.035,0.109999999999999,98,98,2,97,0,12.620500324097,-34.6994910890445,7.16095453867638E-05,1.35636969E-05,-0.000171276904,
54.036,0.110999999999997,98,98,2,97,0,12.6205118547018,-34.7641581493797,7.12090664478637E-05,1.138709481E-05,-0.002495266041,
54.037,0.111999999999995,98,98,2,97,0,12.6205338666192,-34.8509967726775,7.04428849331862E-05,1.425490186E-05,-0.001170896637,
54.038,0.113,98,98,2,97,0,12.6205703013509,-34.8410308476619,6.91732797690747E-05,2.319436791E-05,0.003175982008,
54.039,0.113999999999997,98,98,2,97,0,12.6206151240971,-34.7380300623462,6.76139174800028E-05,3.462429176E-05,0.00786510569,
54.04,0.114999999999995,98,98,2,97,0,12.6206580972442,-34.6998206624269,6.61219359869847E-05,4.175146212E-05,0.009391960463,
54.041,0.116,98,98,2,97,0,12.6206993791712,-34.666519970495,6.4690147880242E-05,4.30206608E-05,0.006660604903,
54.042,0.116999999999997,98,98,2,97,0,12.6207492711704,-34.6070728872532,6.29620488581395E-05,4.437231469E-05,0.003051326747,
54.043,0.117999999999995,98,98,2,97,0,12.6208123296656,-34.5372766940975,6.07819795419573E-05,5.125892634E-05,0.002987404655,
54.044,0.119,98,98,2,97,0,12.6208772769289,-34.5792949816595,5.85375134534161E-05,5.967517683E-05,0.005685015974,
54.045,0.119999999999997,98,98,2,97,0,12.620933373732,-34.6667371743739,5.6595272937443E-05,6.172549481E-05,0.006047579085,
54.046,0.120999999999995,98,98,2,97,0,12.6209777648191,-34.7397150372585,5.50547590023598E-05,5.524022636E-05,0.001399421804,
54.047,0.122,98,98,2,97,0,12.6210182593635,-34.8223355978371,5.36463172267077E-05,4.673383909E-05,-0.004530928167,
54.048,0.122999999999998,98,98,2,97,0,12.6210648605958,-34.7880233806917,5.20243529678055E-05,4.349551358E-05,-0.006319633096,
54.049,0.123999999999995,98,98,2,97,0,12.6211186824363,-34.7364113061794,5.01533864536441E-05,4.693540839E-05,-0.002815277942,
54.05,0.125,98,98,2,97,0,12.621176777136,-34.7065376243831,4.81362528148566E-05,5.29375158E-05,0.002205092494,
54.051,0.125999999999998,98,98,2,97.25,0,12.6212402000396,-34.6854991589302,4.59357305828689E-05,5.841130311E-05,0.0050749476,
54.052,0.126999999999995,98,98,2,97.25,0,12.6213092855812,-34.61896103003,4.35417624942147E-05,6.352323383E-05,0.005523726363,
54.053,0.128,98,98,2,97.25,0,12.6213805769312,-34.5945864416421,4.10745988688177E-05,6.804849272E-05,0.005044486148,
54.054,0.128999999999998,98,98,2,97.25,0,12.6214479233527,-34.5584340871881,3.87459946296076E-05,6.944612893E-05,0.003762973635,
54.055,0.129999999999995,98,98,2,97.25,0,12.6215083476463,-34.4768136908017,3.6660291584667E-05,6.645326168E-05,0.001018771976,
54.056,0.131,98,98,2,97.25,0,12.6215616767442,-34.3671812957448,3.48245975061445E-05,6.037237326E-05,-0.002602122563,
54.057,0.131999999999998,98,98,2,97.25,0,12.6216033770282,-34.3576846987913,3.33916742931706E-05,5.196901244E-05,-0.005851223789,
54.058,0.132999999999996,98,98,2,97.25,0,12.621631795038,-34.4832755668265,3.24135127556247E-05,4.120424591E-05,-0.008415040813,
54.059,0.134,98,98,2,97.25,0,12.6216539371964,-34.5284079403947,3.16494789416311E-05,3.051993664E-05,-0.010032207639,
54.06,0.134999999999998,98,98,2,97.25,0,12.6216712171083,-34.4763129823608,3.1053281190907E-05,2.256623987E-05,-0.009889262698,
54.061,0.135999999999996,98,98,2,97.25,0,12.6216839439147,-34.4220230469907,3.06148533013584E-05,1.73726542E-05,-0.00794484719,
54.062,0.136999999999993,98,98,2,97.25,0,12.6216923492108,-34.4754119580218,3.03253016369354E-05,1.279628496E-05,-0.005836454071,
54.063,0.137999999999998,98,98,2,97.25,0,12.6217020403385,-34.5555384617902,2.99908077607824E-05,1.008749867E-05,-0.004201259284,
54.064,0.138999999999996,98,98,2,97.25,0,12.6217160693544,-34.5809514799818,2.95058492980615E-05,1.060674468E-05,-0.002300651485,
54.065,0.139999999999993,98,98,2,97.25,0,12.621734200375,-34.6170759695242,2.88785338682374E-05,1.395825085E-05,0.000400514368,
54.066,0.140999999999998,98,98,2,97.25,0,12.6217551865973,-34.6939406144215,2.81512456723476E-05,1.77569797E-05,0.002635994926,
54.067,0.141999999999996,98,98,2,97.25,0,12.6217728700644,-34.8703796804408,2.75361764892068E-05,1.913883523E-05,0.00293950005,
54.068,0.142999999999994,98,98,2,97.25,0,12.6217854585448,-35.084356758124,2.70958645813835E-05,1.714579765E-05,0.001094449593,
54.069,0.143999999999998,98,98,2,97.25,0,12.6218004608366,-35.174387044433,2.65688434950562E-05,1.484111983E-05,-0.001074061719,
54.07,0.144999999999996,98,98,2,97.25,0,12.6218195547219,-35.0382812760802,2.58985271841539E-05,1.550562643E-05,-0.001320430422,
54.071,0.145999999999994,98,98,2,97.25,0,12.621836689308,-34.9323575042842,2.52990682128029E-05,1.727861749E-05,0.000106296612,
54.072,0.146999999999998,98,98,2,97.25,0,12.6218510128448,-34.9264659903466,2.47987554899964E-05,1.687906107E-05,0.000788681478,
54.073,0.147999999999996,98,98,2,97.25,0,12.6218697792725,-35.0338000554574,2.41423033600086E-05,1.649971886E-05,0.000258272087,
54.074,0.148999999999994,98,98,2,97.25,0,12.6219032441577,-35.097725302517,2.2968831643766E-05,2.184309768E-05,0.001331409836,
54.075,0.149999999999999,98,98,2,97.25,0,12.6219575067055,-35.093230727624,2.10644615918909E-05,3.529464673E-05,0.00605901358,
54.076,0.150999999999996,98,98,2,97.25,0,12.6220312380328,-35.0451699688385,1.84787628967342E-05,5.386388287E-05,0.012554404108,
54.077,0.151999999999994,98,98,2,97.25,0,12.6221155211551,-35.074921285393,1.55237927828011E-05,7.105623195E-05,0.016620863895,
54.078,0.152999999999999,98,98,2,97.25,0,12.622199228654,-35.1637635242854,1.25840404621158E-05,8.094489678E-05,0.015414309923,
54.079,0.153999999999996,98,98,2,97.25,0,12.6222774642197,-35.2392938358605,9.83002895793561E-06,8.223860596E-05,0.00950128341,
54.08,0.154999999999994,98,98,2,97.25,0,12.622353170289,-35.1963407409078,7.16382643872748E-06,7.911829674E-05,0.002547990355,
54.081,0.155999999999999,98,98,2,97.25,0,12.6224350663327,-35.0730302723955,4.28643470229417E-06,7.832191054E-05,-0.001098926794,
54.082,0.156999999999996,98,98,2,97.25,0,12.6225286497639,-35.0315622158212,1.00612054154681E-06,8.354526763E-05,0.000312359881,
54.083,0.157999999999994,98,98,2,97.25,0,12.6226340216779,-35.033057529761,-2.68530099845066E-06,9.361375979E-05,0.004870974624,
54.084,0.158999999999999,98,98,2,97.25,0,12.6227479397219,-35.0740826636051,-6.67853512936745E-06,0.00010439920816,0.008830038502,
54.085,0.159999999999997,98,98,2,97.25,0,12.6228702083921,-35.0456865298446,-1.09652605999599E-05,0.00011385939286,0.010172782406,
54.086,0.160999999999994,98,98,2,97.25,0,12.6229935831389,-34.9870710638684,-1.52853974668687E-05,0.00012009530532,0.008890482129,
54.087,0.161999999999999,98,98,2,97.25,0,12.6231058215423,-34.9635468953212,-1.92109703078813E-05,0.0001197020208,0.005214435038,
54.088,0.162999999999997,98,98,2,97.25,0,12.6232101677129,-34.9569753595875,-2.28589396726875E-05,0.00011321163658,-0.000233655336,
54.089,0.163999999999994,98,98,2,97.25,0,12.6233231728316,-34.9043960888387,-2.68062859589691E-05,0.00010931152487,-0.003884172557,
54.09,0.164999999999999,98,98,2,97.25,0,12.6234505655162,-34.8075441663189,-3.12466815728385E-05,0.00011472370404,-0.001883506199,
54.091,0.165999999999997,98,98,2,97.25,0,12.6235853682843,-34.8051635265792,-3.59386744150925E-05,0.00012529943988,0.004167558907,
54.092,0.166999999999994,98,98,2,97.25,0,12.6237213482018,-34.7770338089688,-4.06695651378186E-05,0.00013293288787,0.008143982484,
54.093,0.167999999999999,98,98,2,97.25,0,12.6238555598505,-34.6954055185804,-4.53315704476154E-05,0.00013509629204,0.006875121199,
54.094,0.168999999999997,98,98,2,97.25,0,12.6239862611515,-34.7057037270599,-4.98669780881755E-05,0.00013368902503,0.002733215962,
54.095,0.169999999999995,98,98,2,97.25,0,12.6241160968535,-34.7350294115693,-5.43749212624789E-05,0.00013149472561,-0.000572175379,
54.096,0.170999999999999,98,98,2,97.25,0,12.6242442101103,-34.76487110487,-5.88268505623546E-05,0.00012957864814,-0.001874723112,
54.097,0.171999999999997,98,98,2,97.25,0,12.6243631361807,-34.7504826709509,-6.29604444952747E-05,0.00012587383444,-0.002536164924,
54.098,0.172999999999995,98,98,2,97.25,0,12.6244710493502,-34.7175471203299,-6.67087021355428E-05,0.00011837835605,-0.004305392238,
54.099,0.173999999999999,98,98,2,97.25,0,12.6245746921869,-34.7306209680087,-7.03076047017248E-05,0.00010993593993,-0.006642360302,
54.1,0.174999999999997,98,98,2,97.25,0,12.6246849855432,-34.7751306218877,-7.41406160074121E-05,0.00010691909242,-0.006530664218,
54.101,0.175999999999995,98,98,2,97.25,0,12.6247995882396,-34.7236582093984,-7.81229903026315E-05,0.00010959100245,-0.002937890831,
54.102,0.177,98,98,2,97.25,0,12.6249033045527,-34.6488425535928,-8.17205203134108E-05,0.00011004397938,0.000299602838,
54.103,0.177999999999997,98,98,2,97.25,0,12.6249844555659,-34.6623040228974,-8.45328551974944E-05,0.00010021263812,-0.001966638597,
54.104,0.178999999999995,98,98,2,97.25,0,12.6250458111968,-34.7318950892989,-8.66617176313866E-05,8.198198848E-05,-0.009265838317,
54.105,0.18,98,98,2,97.25,0,12.6250972784019,-34.749812330198,-8.84497322743982E-05,6.432771785E-05,-0.015537943423,
54.106,0.180999999999997,98,98,2,97.25,0,12.6251390211008,-34.684486873877,-8.98989197963829E-05,5.151638098E-05,-0.016374304205,
54.107,0.181999999999995,98,98,2,97.25,0,12.6251717659133,-34.6531885663559,-9.10341443898233E-05,4.196068484E-05,-0.013287524779,
54.108,0.183,98,98,2,97.25,0,12.6252018114912,-34.654871675161,-9.20753447530842E-05,3.463440804E-05,-0.009863562557,
54.109,0.183999999999997,98,98,2,97.25,0,12.6252269321849,-34.7617343110342,-9.29472413986332E-05,2.937788302E-05,-0.007374177068,
54.11,0.184999999999995,98,98,2,97.25,0,12.6252407461689,-34.8737353566065,-9.34282130344855E-05,2.320614605E-05,-0.006152014139,
54.111,0.186,98,98,2,97.25,0,12.6252406759791,-35.0091135649885,-9.3425760496757E-05,1.304074477E-05,-0.007095272678,
54.112,0.186999999999998,98,98,2,97.25,0,12.6252306636592,-35.1540277254109,-9.3074512591329E-05,1.11242331E-06,-0.009496178041,
54.113,0.187999999999995,98,98,2,97.25,0,12.6252105087197,-35.1767041419664,-9.23657567710734E-05,-1.007246675E-05,-0.011176415986,
54.114,0.189,98,98,2,97.25,0,12.6251740076043,-35.1410232797563,-9.1082419032773E-05,-2.201600639E-05,-0.011635514354,
54.115,0.189999999999998,98,98,2,97.25,0,12.625097097945,-35.0959862750186,-8.8381466795795E-05,-4.37198258E-05,-0.014644028697,
54.116,0.190999999999995,98,98,2,97.25,0,12.6249376564791,-35.0598434220277,-8.27885926355521E-05,-8.954663811E-05,-0.026012633349,
54.117,0.192,98,98,2,97.25,0,12.6246220183056,-34.8260559603492,-7.17592638181941E-05,-0.0001815409362,-0.052440160174,
54.118,0.192999999999998,98,98,2,97.25,0,12.6240262540537,-34.3375777899212,-5.11566535550401E-05,-0.00035281698474,-0.101928577491,
54.119,0.193999999999996,98,98,2,97.25,0,12.6229564964377,-33.6777602278645,-1.47766906337665E-05,-0.00065392443761,-0.186440944704,
54.12,0.195,98,98,2,97.25,0,12.6211624349682,-33.1070671881814,4.51313521665497E-05,-0.00114485076282,-0.319103693273,
54.121,0.195999999999998,98,98,2,97.25,0,12.6183650260904,-32.5371143793069,0.000136948160317729,-0.00187777453594,-0.506579897881,
54.122,0.196999999999996,98,98,2,97.25,0,12.6142636675164,-31.9377066212448,0.000269165340270661,-0.00288758956417,-0.74339191528,
54.123,0.198,98,98,2,97.25,0,12.6085360338904,-31.2764906566537,0.000450199221248226,-0.00419805618074,-1.016943128199,
54.124,0.198999999999998,98,98,2,97.25,0,12.6008376463135,-30.5114657911103,0.000688033039409675,-0.00583097729567,-1.317007489576,
54.125,0.199999999999996,98,98,2,97.25,0,12.5908012352266,-29.8493639775176,0.000990936089962702,-0.00780856844463,-1.639585775631,
54.126,0.200999999999993,98,98,2,97.25,0,12.5780195118495,-29.2610566844629,0.00136870261276556,-0.01015859772096,-1.985921576962,
54.127,0.201999999999998,98,98,2,97.25,0,12.5620696635735,-28.7521053816086,0.00183135317924155,-0.01290856715971,-2.358279886845,
54.128,0.202999999999996,98,98,2,97.25,0,12.5425203549886,-28.3014550826176,0.00238903200893503,-0.016079248899,-2.756201080186,
54.129,0.203999999999994,98,98,2,97.25,0,12.5189373295117,-28.0019300522217,0.0030529340919685,-0.01967958555983,-3.17336452559,
54.13,0.204999999999998,98,98,2,97.25,0,12.4908859382409,-27.8373332024874,0.00383611860289079,-0.02371342014747,-3.601489562411,
54.131,0.205999999999996,98,98,2,97.25,0,12.4579308241284,-27.7991693626671,0.00475287224831789,-0.02818199838514,-4.034208304606,
54.132,0.206999999999994,98,98,2,97.25,0,12.4196423151345,-27.9422964122779,0.00582000105514169,-0.03308401572441,-4.468186873141,
54.133,0.207999999999998,98,98,2,97.25,0,12.375598185477,-28.2376154485171,0.00705719871621113,-0.03841517672856,-4.900728708254,
54.134,0.208999999999996,98,98,2,97.25,0,12.325373807195,-28.7142285494677,0.00848738419460915,-0.04417151804577,-5.329971998604,
54.135,0.209999999999994,98,98,2,97.25,0,12.2685679341327,-29.4958997186176,0.0101407227732722,-0.05034475212874,-5.75385505302,
54.136,0.210999999999999,98,98,2,97.25,0,12.20481681897,-30.4819980280634,0.0120525517065033,-0.05691499725833,-6.167269567228,
54.137,0.211999999999996,98,98,2,97.25,0,12.1337791067077,-31.7486755582396,0.0142629140485582,-0.06385352166246,-6.561625597966,
54.138,0.212999999999994,98,98,2,97.25,0,12.0551322586331,-33.2548245272768,0.0168190742463281,-0.07113447387611,-6.930768964624,
54.139,0.213999999999999,98,98,2,97.25,0,11.9685628559105,-34.9403151592833,0.0197708805019516,-0.07874087372531,-7.275858161459,
54.14,0.214999999999996,98,98,2,97.25,0,11.873743917048,-36.7743735289244,0.0231708358430893,-0.08666749717017,-7.604832637233,
54.141,0.215999999999994,98,98,2,97.25,0,11.7703278935144,-38.8200958290246,0.0270796755541625,-0.09492320342186,-7.929281208211,
54.142,0.216999999999999,98,98,2,97.25,0,11.6579526217402,-41.1275392106392,0.0315717441618091,-0.10352467260445,-8.260710288911,
54.143,0.217999999999996,98,98,2,97.25,0,11.5362714626118,-43.7780936672782,0.0367374520743624,-0.11247926350828,-8.603676819692,
54.144,0.218999999999994,98,98,2,97.25,0,11.4049608657724,-46.5724571137579,0.0426694444482791,-0.12177822423544,-8.951965334457,
54.145,0.219999999999999,98,98,2,97.25,0,11.2637069446279,-49.6109670354709,0.0494625873533607,-0.13140476281763,-9.29392313667,
54.146,0.220999999999997,98,98,2,97.25,0,11.1122120339135,-52.94752249883,0.0572311319608616,-0.14134322072394,-9.621841022917,
54.147,0.221999999999994,98,98,2,97.25,0,10.950181053212,-56.715199040104,0.0661155111195342,-0.15158343483956,-9.935408971867,
54.148,0.222999999999999,98,98,2,97.25,0,10.7773371103072,-60.9809044038848,0.0762870404114295,-0.16211404836636,-10.236807076181,
54.149,0.223999999999997,98,98,2,97.25,0,10.5934655164799,-65.5492293121017,0.0879196890881957,-0.17290834952056,-10.522599991666,
54.15,0.224999999999994,98,98,2,97.25,0,10.398400564188,-70.4772476736242,0.101186688210021,-0.18392130608993,-10.780791490531,
54.151,0.225999999999999,98,98,2,97.25,0,10.1920108592874,-75.7514661474505,0.116276738756781,-0.19510437053513,-10.998392307568,
54.152,0.226999999999997,98,98,2,97.25,0,9.97420014323618,-81.5688572080195,0.133409764896513,-0.206418582463176,-11.1713763273048,
54.153,0.227999999999994,98,98,2,97.25,0,9.7449177371748,-87.816165558846,0.152828267681883,-0.217825919709082,-11.3028052785502,
54.154,0.228999999999999,98,98,2,97.25,0,9.50416975022486,-94.5647494633982,0.17478218675673,-0.2292805733249,-11.3935945615216,
54.155,0.229999999999997,98,98,2,97.25,0,9.2520115787512,-101.927771504646,0.199555784154512,-0.240731368040488,-11.4393010347754,
54.156,0.230999999999995,98,98,2,97.25,0,8.98854998214516,-109.931738182089,0.227464206493636,-0.252126143656258,-11.4351466557116,
54.157,0.231999999999999,98,98,2,97.25,0,8.71393270721837,-118.28801747563,0.25880075018523,-0.263417272562551,-11.3804873328723,
54.158,0.232999999999997,98,98,2,97.25,0,8.42833211204512,-126.865169707904,0.293808698269345,-0.274565567504503,-11.2793727298338,
54.159,0.233999999999995,98,98,2,97.25,0,8.13192441677927,-135.693422945172,0.332720891929611,-0.285547729127092,-11.1413051354454,
54.16,0.234999999999999,98,98,2,97.25,0,7.82483866322047,-145.241919986627,0.375856512672371,-0.296368982725958,-10.983729211281,
54.161,0.235999999999997,98,98,2,97.25,0,7.50708955897275,-154.272030063161,0.423441657341371,-0.307081341277589,-10.8368574918124,
54.162,0.236999999999995,98,98,2,97.25,0,7.17858715071839,-162.515510867554,0.475474392391732,-0.317776090243034,-10.7397441899457,
54.163,0.238,98,98,2,97.25,0,6.83915030138959,-171.083054037922,0.532092215297794,-0.328556749374698,-10.7258048911665,
54.164,0.238999999999997,98,98,2,97.25,0,6.4886507002769,-182.146623091542,0.593995645765318,-0.339475342541638,-10.7962662923811,
54.165,0.239999999999995,98,98,2,97.25,0,6.12713085638509,-194.153712993094,0.662015665144196,-0.350486848411259,-10.9050867671615,
54.166,0.241,98,98,2,97.25,0,5.75481647749146,-206.182917552639,0.736541207119203,-0.36145213155862,-10.9697652421387,
54.167,0.241999999999997,98,98,2,97.25,0,5.37207446888328,-218.687265908459,0.817849040827014,-0.372204307307449,-10.9152177444794,
54.168,0.242999999999995,98,98,2,97.25,0,4.97938869548045,-232.116539173353,0.906361161252761,-0.38259684913221,-10.7082177911682,
54.169,0.244,98,98,2,97.25,0,4.57736857871997,-245.638857381582,1.00239480140574,-0.39250294697173,-10.3544988064091,
54.17,0.244999999999997,98,98,2,97.25,0,4.16668953968734,-259.672181210794,1.10615512727659,-0.40181749043483,-9.8745647221663,
54.171,0.245999999999995,98,98,2,97.25,0,3.74801881062304,-274.08474667448,1.21788932834701,-0.410478869360486,-9.2960604147928,
54.172,0.247,98,98,2,97.25,0,3.32202152283512,-288.90115064556,1.3378045610076,-0.418471189671885,-8.6566107026121,
54.173,0.247999999999998,98,98,2,97.25,0,2.88938371647985,-304.452765371117,1.46615822931649,-0.425791475741039,-7.9914276230026,
54.174,0.248999999999995,98,98,2,97.25,0,2.45084002079675,-320.245065590723,1.6031368770541,-0.432417417583414,-7.3135930737938,
54.175,0.25,98,98,2,97.25,0,2.00716848687614,-336.81947639167,1.74889729366718,-0.438310280356004,-6.6143213894732,
54.176,0.250999999999998,98,98,2,97.5,0,1.55907555149757,-353.98583224803,1.90366978292892,-0.443459602886745,-5.8897244209708,
54.177,0.251999999999995,98,98,2,97.5,0,1.10721741517306,-371.582513692698,2.06759676321533,-0.447896075224964,-5.1585295455391,
54.178,0.253,98,98,2,97.5,0,0.652305295296754,-389.410661622862,2.24068927251244,-0.451644771106267,-4.4439944589008,
54.179,0.253999999999998,98,98,2,97.5,0,0.195020241680081,-408.148807558442,2.42304528482597,-0.454707804932877,-3.7493302019699,
54.18,0.254999999999995,98,98,2,97.5,0,-0.264003706271427,-427.205839237666,2.61476917878197,-0.457094841795013,-3.0659333536757,
54.181,0.256,98,98,2,97.5,0,-0.723997285221495,-447.107566102778,2.81585845500526,-0.458793168950626,-2.3832230395213,
54.182,0.256999999999998,98,98,2,97.5,0,-1.18385951705224,-472.004406839501,3.02719089659506,-0.459663285514703,-1.6564768901091,
54.183,0.257999999999996,98,98,2,97.5,0,-1.64226724403336,-495.933876856122,3.24904609083852,-0.459465284511654,-0.7981444714,
54.184,0.259,98,98,2,97.5,0,-2.09794670327328,-517.909767085773,3.48003995255115,-0.458025598113648,0.2500713513983,
54.185,0.259999999999998,98,98,2,97.5,0,-2.54990899155899,-539.082945690297,3.71890037513495,-0.455382788276017,1.4281178114064,
54.186,0.260999999999996,98,98,2,97.5,0,-2.99744886159942,-562.012708460858,3.9652924781154,-0.451750714098389,2.5786521077426,
54.187,0.261999999999993,98,98,2,97.5,0,-3.43989443078039,-586.97092430846,4.21947383680552,-0.447338305256176,3.5693952750044,
54.188,0.262999999999998,98,98,2,97.5,0,-3.87643009901536,-612.786272854485,4.48134224169713,-0.442200889155008,4.395810620524,
54.189,0.263999999999996,98,98,2,97.5,0,-4.30606748405054,-639.759365974131,4.7504124581489,-0.436239153558833,5.1672097719836,
54.19,0.264999999999993,98,98,2,97.5,0,-4.72778881984037,-667.102477828861,5.02597821937958,-0.429332055221512,5.9980485700167,
54.191,0.265999999999998,98,98,2,97.5,0,-5.140557205412,-695.506320300917,5.30719913626444,-0.421410265497975,6.927896930842,
54.192,0.266999999999996,98,98,2,97.5,0,-5.54330943623422,-724.496391161282,5.59315376617195,-0.412449424212267,7.9290977763235,
54.193,0.267999999999994,98,98,2,97.5,0,-5.93499817723096,-754.577030244927,5.88282196930813,-0.402438030299399,8.9642916052047,
54.194,0.268999999999998,98,98,2,97.5,0,-6.31460288373027,-785.728963757239,6.17517567169429,-0.391382577595155,10.0094457621328,
54.195,0.269999999999996,98,98,2,97.5,0,-6.68106056925672,-817.705004789849,6.46897102219842,-0.379285810556681,11.0546293671002,
54.196,0.270999999999994,98,98,2,97.5,0,-7.03324349949226,-850.282238172932,6.76268933960948,-0.366119365231035,12.1052762243566,
54.197,0.271999999999998,98,98,2,97.5,0,-7.37000281256196,-882.842937392885,7.05451236140316,-0.351838271673061,13.1799363091928,
54.198,0.272999999999996,98,98,2,97.5,0,-7.6902749579027,-915.723189661176,7.34252767742755,-0.336440247900764,14.2817781525725,
54.199,0.273999999999994,98,98,2,97.5,0,-7.99303810203444,-948.489492528966,7.62473512392263,-0.319965595296728,15.3859333575218,
54.2,0.274999999999999,98,98,2,97.5,0,-8.27717750583478,-981.093176955221,7.89887035856799,-0.30242872239502,16.4703300438159,
54.201,0.275999999999996,98,98,2,97.5,0,-8.54150876739487,-1013.00757809858,8.16242194269863,-0.283784083227682,17.5505366920954,
54.202,0.276999999999994,98,98,2,97.5,0,-8.78491020180332,-1043.93109650893,8.41275285464347,-0.263994756086672,18.6557156797506,
54.203,0.277999999999999,98,98,2,97.5,0,-9.00633084517636,-1073.48134415845,8.6471722670928,-0.24308614524332,19.781705859611,
54.204,0.278999999999996,98,98,2,97.5,0,-9.20468924266054,-1101.20795235961,8.86285620903446,-0.221096206917008,20.8972239775374,
54.205,0.279999999999994,98,98,2,97.5,0,-9.3788867422228,-1126.86135288289,9.0569182599468,-0.198028801874262,21.9887800963542,
54.206,0.280999999999999,98,98,2,97.5,0,-9.5279328242883,-1149.3890536864,9.22655136239636,-0.173900343689808,23.0624809703282,
54.207,0.281999999999996,98,98,2,97.5,0,-9.65104654054567,-1168.53994194547,9.36923578873285,-0.148811797572089,24.0981686219211,
54.208,0.282999999999994,98,98,2,97.5,0,-9.74756873385076,-1183.75512834221,9.48276012847531,-0.122915969114125,25.042704439813,
54.209,0.283999999999999,98,98,2,97.5,0,-9.81692824295873,-1194.56650539733,9.56523973898383,-0.096350844931641,25.8544324732465,
54.21,0.284999999999997,98,98,2,97.5,0,-9.85872890382082,-1200.25033096915,9.61529220218573,-0.069240659893343,26.5278537218722,
54.211,0.285999999999994,98,98,2,97.5,0,-9.87280946090869,-1200.42110081085,9.63219359775792,-0.041752284203587,27.0601239769912,
54.212,0.286999999999999,98,98,2,97.5,0,-9.85932021690903,-1195.24262828885,9.61603575146644,-0.014125647893877,27.4163966803048,
54.213,0.287999999999997,98,98,2,97.5,0,-9.81865703898413,-1185.08443570745,9.56763992000506,0.013370483850972,27.5460067542655,
54.214,0.288999999999994,98,98,2,97.5,0,-9.75134009232252,-1170.39187160272,9.48835818353412,0.040507128368342,27.4274369460636,
54.215,0.289999999999999,98,98,2,97.5,0,-9.65801569089576,-1151.04690988161,9.38003474116867,0.067123052470145,27.0882745609436,
54.216,0.290999999999997,98,98,2,97.5,0,-9.53949738180642,-1127.74329127225,9.24499556046362,0.093080337295989,26.5745484436854,
54.217,0.291999999999994,98,98,2,97.5,0,-9.3967396856794,-1100.92897377079,9.08591550147375,0.11823195290187,25.9131758426428,
54.218,0.292999999999999,98,98,2,97.5,0,-9.23079026514996,-1071.56796238618,8.90565319764512,0.142443397336442,25.1112650204772,
54.219,0.293999999999997,98,98,2,97.5,0,-9.04275273642352,-1040.44153721014,8.70708467416969,0.165618335667814,24.1825439550047,
54.22,0.294999999999995,98,98,2,97.5,0,-8.8338404120119,-1007.40150275858,8.49317484941469,0.187673534972894,23.1499684544444,
54.221,0.295999999999999,98,98,2,97.5,0,-8.60535576251162,-973.113630349919,8.26691619640553,0.208521583232664,22.0289756993746,
54.222,0.296999999999997,98,98,2,97.5,0,-8.35857162159556,-937.787398348789,8.03112616203403,0.228102799398416,20.8301439451576,
54.223,0.297999999999995,98,98,2,97.5,0,-8.09477323975416,-902.668008746753,7.78837158291249,0.246398565768928,19.5756308553854,
54.224,0.298999999999999,98,98,2,97.5,0,-7.8153423480441,-867.689866090942,7.54102524310659,0.263383862524396,18.2882604245708,
54.225,0.299999999999997,98,98,2,97.5,0,-7.5216863638003,-833.746527836713,7.29120675366306,0.279008666509584,16.9702898088972,
54.226,0.300999999999995,98,98,2,97.5,0,-7.21516468417893,-800.397979561138,7.04075639408725,0.293248165096949,15.6173601969251,
54.227,0.302,98,98,2,97.5,0,-6.89707381888894,-767.556477783697,6.79138039905119,0.306132726708685,14.2486091140232,
54.228,0.302999999999997,98,98,2,97.5,0,-6.5686768513899,-735.386864834983,6.54459938103177,0.317711940252119,12.8994382839341,
54.229,0.303999999999995,98,98,2,97.5,0,-6.2312512867419,-704.081643396987,6.30174264394017,0.328013715981013,11.5875866195626,
54.23,0.305,98,98,2,97.5,0,-5.88601214298131,-674.18429009126,6.06382696856423,0.337061059237089,10.3086773314106,
54.231,0.305999999999997,98,98,2,97.5,0,-5.53412528747146,-645.80848909231,5.83158291438292,0.344889383551591,9.0579673154492,
54.232,0.306999999999995,98,98,2,97.5,0,-5.17675334915338,-619.192392279121,5.60554500590803,0.351538066827541,7.8401376854086,
54.233,0.308,98,98,2,97.5,0,-4.81499797149203,-593.83925083038,5.3861346458239,0.357041445278592,6.6589841400459,
54.234,0.308999999999998,98,98,2,97.5,0,-4.44980919356701,-569.415493559916,5.17373085656422,0.36147036593747,5.5246325608688,
54.235,0.309999999999995,98,98,2,97.5,0,-4.08200939159704,-545.99182095391,4.9686075618672,0.364942065059404,4.4640915354467,
54.236,0.311,98,98,2,97.5,0,-3.71231922915231,-523.808295614333,4.77086027242845,0.367583602898913,3.5098171982897,
54.237,0.311999999999998,98,98,2,97.5,0,-3.34147377012162,-503.810599011082,4.58031637208546,0.36946964327809,2.6639369861369,
54.238,0.312999999999995,98,98,2,97.5,0,-2.97011408887053,-484.104783758662,4.39688040126126,0.370653136721022,1.9019255364031,
54.239,0.314,98,98,2,97.5,0,-2.59863084858829,-464.616624539201,4.22066334982145,0.371242482294315,1.2160131629138,
54.24,0.314999999999998,98,98,2,97.5,0,-2.2272524075861,-445.586917751427,4.05164836355617,0.37141473278888,0.6424614105663,
54.241,0.315999999999995,98,98,2,97.5,0,-1.8562935607792,-427.946190469242,3.88962594631957,0.371284002527618,0.2064847914353,
54.242,0.317,98,98,2,97.5,0,-1.48627038704996,-411.239711278046,3.73436683096288,0.370804023142189,-0.144610771764,
54.243,0.317999999999998,98,98,2,97.5,0,-1.11774426463435,-395.032946056645,3.58580056295425,0.369854760258449,-0.5159896976722,
54.244,0.318999999999996,98,98,2,97.5,0,-0.751259296907849,-378.989389127535,3.44396678768946,0.368362891402966,-0.9712596257696,
54.245,0.32,98,98,2,97.5,0,-0.387404209016545,-363.421043376877,3.3089018811043,0.366308350182675,-1.4978887734025,
54.246,0.320999999999998,98,98,2,97.5,0,-0.0267740685118752,-348.815744829463,3.18047485460258,0.363676567625873,-2.0589119118019,
54.247,0.321999999999996,98,98,2,97.5,0,0.330238082608267,-335.358279887811,3.05834563445016,0.360512227905302,-2.6183773049794,
54.248,0.323,98,98,2,97.5,0,0.68353675666676,-323.209519448475,2.94201006930859,0.356983504817006,-3.1138875817578,
54.249,0.323999999999998,98,98,2,97.5,0,1.03318146115432,-311.311403465934,2.83108162901681,0.353316526305708,-3.4608847048791,
54.25,0.324999999999996,98,98,2,97.5,0,1.37917636550969,-299.645798701538,2.72538758965223,0.349645955319183,-3.6265796269655,
54.251,0.325999999999993,98,98,2,97.5,0,1.72137676804909,-288.114777318033,2.62482163679688,0.345951493850236,-3.6766603886835,
54.252,0.326999999999998,98,98,2,97.5,0,2.05960637354712,-277.039679885925,2.52924565224411,0.34214751397178,-3.7201498470731,
54.253,0.327999999999996,98,98,2,97.5,0,2.39372600243672,-266.195477062471,2.43849288772442,0.338187851627912,-3.8178290952269,
54.254,0.328999999999994,98,98,2,97.5,0,2.72351431297244,-255.241393062412,2.35251099549966,0.334053226365965,-3.9654464796681,
54.255,0.329999999999998,98,98,2,97.5,0,3.04863080035492,-244.546123221005,2.27126641463381,0.329686159095912,-4.1518689889551,
54.256,0.330999999999996,98,98,2,97.5,0,3.36868534277889,-234.322707282076,2.19463434241993,0.324999450840899,-4.3932269631092,
54.257,0.331999999999994,98,98,2,97.5,0,3.68331673326268,-224.801738176174,2.12240686108012,0.319946180329469,-4.7007846364501,
54.258,0.332999999999998,98,98,2,97.5,0,3.9922462092664,-215.76571366742,2.05435472505896,0.314547761721823,-5.0468462633697,
54.259,0.333999999999996,98,98,2,97.5,0,4.29520862785435,-207.065586243723,1.99030372842107,0.30884993312301,-5.3846971761313,
54.26,0.334999999999994,98,98,2,97.5,0,4.59200752680154,-198.642660705738,1.93009684792688,0.302903479920453,-5.6825929825861,
54.261,0.335999999999999,98,98,2,97.5,0,4.88256604620992,-190.62335777493,1.87354456893401,0.296775840977775,-5.9262215434701,
54.262,0.336999999999996,98,98,2,97.5,0,5.16686874641634,-183.238283763477,1.82039963183752,0.290553887509435,-6.1015775783403,
54.263,0.337999999999994,98,98,2,97.5,0,5.44495835577075,-176.173664544063,1.77042526768645,0.284315518711405,-6.1985837095484,
54.264,0.338999999999999,98,98,2,97.5,0,5.71692877131087,-169.142557800483,1.72346736944455,0.278117778465726,-6.2212556334177,
54.265,0.339999999999996,98,98,2,97.5,0,5.98288093052905,-162.126143188488,1.67941655628984,0.272000696787825,-6.1857312410509,
54.266,0.340999999999994,98,98,2,97.5,0,6.24290362671004,-155.374051440353,1.63813792796715,0.265978797203605,-6.1127246201301,
54.267,0.341999999999999,98,98,2,97.5,0,6.49705364206102,-149.037852683595,1.59945478291409,0.260039730843144,-6.0256042451966,
54.268,0.342999999999996,98,98,2,97.5,0,6.74538029103847,-142.980336286982,1.56319683376033,0.254164809687924,-5.9446727660164,
54.269,0.343999999999994,98,98,2,97.5,0,6.98789971779566,-137.102441032475,1.52923407646028,0.248331492223431,-5.8816836095742,
54.27,0.344999999999999,98,98,2,97.5,0,7.22460269179515,-131.387958160655,1.49745783847062,0.242516657595958,-5.8402537206051,
54.271,0.345999999999997,98,98,2,97.5,0,7.45552435746931,-125.766197715561,1.46776660546564,0.236713517329201,-5.8168711703642,
54.272,0.346999999999994,98,98,2,97.5,0,7.68073793010081,-120.303795484169,1.44005745432268,0.230943630258961,-5.7966726160167,
54.273,0.347999999999999,98,98,2,97.5,0,7.90029373215587,-115.061786857468,1.41421951471909,0.225228669371366,-5.7633851744016,
54.274,0.348999999999997,98,98,2,97.5,0,8.11415965745578,-109.648151734692,1.39019061524854,0.219546170201447,-5.7217002270857,
54.275,0.349999999999994,98,98,2,97.5,0,8.32221518271456,-104.210140375053,1.36794341560062,0.213829768314116,-5.7024085004454,
54.276,0.350999999999999,98,98,2,97.5,0,8.52432077717984,-98.8298816280812,1.34742565342702,0.208013666033069,-5.7361411902222,
54.277,0.351999999999997,98,98,2,97.5,0,8.72033261760863,-93.744951885845,1.32855217965836,0.202062447492383,-5.8267270408239,
54.278,0.352999999999994,98,98,2,97.5,0,8.91014345969036,-89.0735400663451,1.31120171370559,0.195979667135619,-5.9501522076177,
54.279,0.353999999999999,98,98,2,97.5,0,9.09370339603229,-84.708127319774,1.29525203780419,0.189795869863911,-6.0736168864238,
54.28,0.354999999999997,98,98,2,97.5,0,9.27101336575109,-80.7101096128269,1.28058688651346,0.183560218076932,-6.1690485518061,
54.281,0.355999999999995,98,98,2,97.5,0,9.44210259420538,-77.040064889611,1.26709220869138,0.177318737326385,-6.2218441214681,
54.282,0.356999999999999,98,98,2,97.5,0,9.60704189117166,-73.7421206171527,1.25465725485512,0.171110471387237,-6.2297676180569,
54.283,0.357999999999997,98,98,2,97.5,0,9.76593129099953,-70.5513978230322,1.24319389958312,0.16496930727116,-6.1980998356464,
54.284,0.358999999999995,98,98,2,97.5,0,9.91889508220409,-67.5335570301415,1.23263290048179,0.1589266863824,-6.1317316948032,
54.285,0.359999999999999,98,98,2,97.5,0,10.0660647861398,-64.7934686557969,1.22289563588534,0.153003247610898,-6.0364292217777,
54.286,0.360999999999997,98,98,2,97.5,0,10.207576641201,-62.4168361225785,1.2138947527793,0.147210575454012,-5.9199634222946,
54.287,0.361999999999995,98,98,2,97.5,0,10.3436163892857,-60.2837916966686,1.20554867153011,0.141567577630603,-5.7869998412277,
54.288,0.363,98,98,2,97.5,0,10.4744380116883,-58.1277603712227,1.19780327585374,0.13611594247302,-5.6304913237043,
54.289,0.363999999999997,98,98,2,97.5,0,10.6003144587424,-56.0011496476258,1.19062020500408,0.13090350750268,-5.4372839011579,
54.29,0.364999999999995,98,98,2,97.5,0,10.7214627160117,-53.8454886431354,1.18396634060618,0.12594154272321,-5.2090539692519,
54.291,0.366,98,98,2,97.5,0,10.8380278715771,-51.7818750898574,1.17781010556342,0.12119178369357,-4.973444111782,
54.292,0.366999999999997,98,98,2,97.5,0,10.9501511751208,-49.6845386211244,1.17212173081141,0.11660753047006,-4.76376901275,
54.293,0.367999999999995,98,98,2,97.5,0,11.0579871206496,-47.6521908792974,1.16687353168123,0.11216965174574,-4.589992615592,
54.294,0.369,98,98,2,97.5,0,11.1616625193448,-45.7469573004595,1.16203193471857,0.10787398888319,-4.439126315546,
54.295,0.369999999999997,98,98,2,97.5,0,11.2612643847276,-43.988645065021,1.15756301802514,0.10370150275156,-4.301374601805,
54.296,0.370999999999995,98,98,2,97.5,0,11.3568383398865,-42.3030597295453,1.15343939826283,0.09961555230935,-4.18347844408,
54.297,0.372,98,98,2,97.5,0,11.448429168645,-40.7325345659269,1.14963674881385,0.09558739030595,-4.094574617393,
54.298,0.372999999999998,98,98,2,97.5,0,11.536100036987,-39.3606580214665,1.14612582894264,0.09160977855367,-4.030333459707,
54.299,0.373999999999995,98,98,2,97.5,0,11.6199198035052,-38.18461936099,1.14287591542025,0.08769152591981,-3.97496909209,
54.3,0.375,98,98,2,97.5,0,11.699963077122,-36.8288439115849,1.13987375383741,0.08384214919492,-3.915397596695,
54.301,0.375999999999998,98,98,2,97.75,0,11.7763242474518,-35.3479150469493,1.13711800294506,0.08007159050112,-3.846394088254,
54.302,0.376999999999995,98,98,2,97.75,0,11.8491333188908,-33.8947764737484,1.13459725490829,0.07640017164866,-3.764462150725,
54.303,0.378,98,98,2,97.75,0,11.9185402109205,-32.6352441574018,1.13228843392895,0.07285404728345,-3.663572458687,
54.304,0.378999999999998,98,98,2,97.75,0,11.9846869630974,-31.6097521182633,1.13016363500532,0.06944950389665,-3.541238417862,
54.305,0.379999999999995,98,98,2,97.75,0,12.0476940100604,-30.5023305543141,1.12820688555036,0.06618288256857,-3.405641062707,
54.306,0.381,98,98,2,97.75,0,12.1076517596907,-29.4497659774932,1.12640958915352,0.06303416932736,-3.272625519635,
54.307,0.381999999999998,98,98,2,97.75,0,12.1646272372757,-28.4678621468786,1.12475964689203,0.05997785721652,-3.15636532816,
54.308,0.382999999999996,98,98,2,97.75,0,12.2186765849778,-27.6198796104248,1.123243893964,0.05699232023372,-3.062799911539,
54.309,0.384,98,98,2,97.75,0,12.2698488299427,-26.7428026659746,1.1218529637168,0.05406405584581,-2.989587742745,
54.31,0.384999999999998,98,98,2,97.75,0,12.3181912411522,-25.9633243154595,1.12057899308491,0.05118642565944,-2.930255905915,
54.311,0.385999999999996,98,98,2,97.75,0,12.3637541136943,-25.2785085435855,1.11941163053521,0.0483574997359,-2.878209167983,
54.312,0.386999999999993,98,98,2,97.75,0,12.4066251023049,-24.7799249657998,1.11833860326878,0.04558916896287,-2.825358657236,
54.313,0.387999999999998,98,98,2,97.75,0,12.4469480090913,-24.3816710188785,1.1173474340426,0.04291412924279,-2.758522002298,
54.314,0.388999999999996,98,98,2,97.75,0,12.4848863459699,-24.0252472639541,1.11642919505607,0.04037196036132,-2.663165784382,
54.315,0.389999999999993,98,98,2,97.75,0,12.5205837170787,-23.6999467501876,1.11557736307509,0.03798141812,-2.536542141008,
54.316,0.390999999999998,98,98,2,97.75,0,12.5541923810569,-23.371115828388,1.11478636531244,0.03574304870056,-2.390378386801,
54.317,0.391999999999996,98,98,2,97.75,0,12.5858735804138,-23.1061224304877,1.11405013798702,0.03365703673099,-2.238314031043,
54.318,0.392999999999994,98,98,2,97.75,0,12.6157458722696,-22.7266993201429,1.11336557227307,0.03171676649296,-2.087996685069,
54.319,0.393999999999998,98,98,2,97.75,0,12.6438744895804,-22.2953840716567,1.11273236779594,0.02989186174263,-1.949383111182,
54.32,0.394999999999996,98,98,2,97.75,0,12.6703013684855,-21.8333866154943,1.11214927495635,0.02814119815259,-1.837242048553,
54.321,0.395999999999994,98,98,2,97.75,0,12.6950523337755,-21.3127990872835,1.11161532008398,0.02643462634228,-1.759708404208,
54.322,0.396999999999998,98,98,2,97.75,0,12.7181284994263,-20.8318063888817,1.11112905213535,0.02475129948277,-1.712825858989,
54.323,0.397999999999996,98,98,2,97.75,0,12.7395072750623,-20.4092776918613,1.11068821019359,0.02306938853812,-1.689875570292,
54.324,0.398999999999994,98,98,2,97.75,0,12.759187223986,-20.1216857977202,1.11028938654793,0.02137834462675,-1.685075609124,
54.325,0.399999999999999,98,98,2,97.75,0,12.7771923092693,-19.9724465869392,1.10992843741145,0.01968713784527,-1.688352882387,
54.326,0.400999999999996,98,98,2,97.75,0,12.7935570575472,-19.9205295693254,1.10960201815503,0.0180154432738,-1.685304257444,
54.327,0.401999999999994,98,98,2,97.75,0,12.8083222805379,-19.981577343062,1.10930743640185,0.01637699179336,-1.667575307164,
54.328,0.402999999999999,98,98,2,97.75,0,12.8215625200025,-20.0526470468682,1.109042405043,0.01478758551903,-1.633710845916,
54.329,0.403999999999996,98,98,2,97.75,0,12.8333736393059,-20.2232363630105,1.10880455341099,0.01326899847407,-1.582874067352,
54.33,0.404999999999994,98,98,2,97.75,0,12.8438639045527,-20.467476622221,1.10859112522485,0.01184359913478,-1.51187650207,
54.331,0.405999999999999,98,98,2,97.75,0,12.8531349698316,-20.6700275552489,1.10840043098153,0.01052076147341,-1.422587147615,
54.332,0.406999999999996,98,98,2,97.75,0,12.861260989647,-20.7649181493097,1.10823208038661,0.00929331163022,-1.324989819292,
54.333,0.407999999999994,98,98,2,97.75,0,12.8683106080418,-20.882653297458,1.10808528064373,0.00814661302827,-1.231840816272,
54.334,0.408999999999999,98,98,2,97.75,0,12.8743585373937,-20.9526129145811,1.1079587722765,0.00707203210811,-1.149288669785,
54.335,0.409999999999997,98,98,2,97.75,0,12.8794615661158,-20.9745676830252,1.10785179447309,0.00606496587583,-1.075961818333,
54.336,0.410999999999994,98,98,2,97.75,0,12.8836444530573,-21.101369768238,1.10776379502843,0.00511045637686,-1.011553618651,
54.337,0.411999999999999,98,98,2,97.75,0,12.8869123531233,-21.299472641779,1.10769451417057,0.00418443341303,-0.961730558421,
54.338,0.412999999999997,98,98,2,97.75,0,12.8892759789405,-21.4683741994812,1.1076439705771,0.00327111385401,-0.930757902929,
54.339,0.413999999999994,98,98,2,97.75,0,12.890771857692,-21.5917124682278,1.10761176424276,0.00237458397213,-0.912093677321,
54.34,0.414999999999999,98,98,2,97.75,0,12.8914572721492,-21.846215286782,1.10759687775092,0.00151306358292,-0.891063937221,
54.341,0.415999999999997,98,98,2,97.75,0,12.8914252882621,-22.3567229304196,1.10759758464181,0.0007133342422,-0.853485922464,
54.342,0.416999999999994,98,98,2,97.75,0,12.8908509424887,-22.9698905849347,1.10761060121625,2.05270503E-05,-0.786190010621,
54.343,0.417999999999999,98,98,2,97.75,0,12.8899370007944,-23.3571936726522,1.10763177134319,-0.00051351598378,-0.6772545892,
54.344,0.418999999999997,98,98,2,97.75,0,12.8888108462258,-23.5549200677721,1.10765818648881,-0.00087572678032,-0.530122610164,
54.345,0.419999999999995,98,98,2,97.75,0,12.8875000872576,-23.6259704907428,1.10768910787652,-0.00111787202619,-0.377740802601,
54.346,0.420999999999999,98,98,2,97.75,0,12.8859803597387,-23.7459538403092,1.10772510408503,-0.00131806821353,-0.265580193512,
54.347,0.421999999999997,98,98,2,97.75,0,12.8842219256076,-23.8851992774993,1.10776698220771,-0.00152864893735,-0.215896265843,
54.348,0.422999999999995,98,98,2,97.75,0,12.8822030878377,-23.9437786677528,1.1078152616813,-0.00176494323908,-0.215179436249,
54.349,0.423999999999999,98,98,2,97.75,0,12.8799014428226,-23.9355107576936,1.10787036224521,-0.00202555885182,-0.23587662166,
54.35,0.424999999999997,98,98,2,97.75,0,12.8772922411587,-23.9359728260486,1.10793281542252,-0.00230906983618,-0.260187830923,
54.351,0.425999999999995,98,98,2,97.75,0,12.8743507692179,-24.0705074631776,1.10800342027989,-0.00261661575233,-0.283852852411,
54.352,0.427,98,98,2,97.75,0,12.8710640918367,-24.4434686674276,1.10808314517389,-0.00294535248985,-0.306692683024,
54.353,0.427999999999997,98,98,2,97.75,0,12.8674447498577,-24.8307500439491,1.10817231529802,-0.00328291512842,-0.325027261424,
54.354,0.428999999999995,98,98,2,97.75,0,12.8635260947116,-25.1032684748915,1.10827015239734,-0.00360933654979,-0.331572503095,
54.355,0.43,98,98,2,97.75,0,12.8593529445828,-25.3112191915173,1.10837534601019,-0.00390520969078,-0.320599302416,
54.356,0.430999999999997,98,98,2,97.75,0,12.854976864887,-25.5317669171359,1.10848659248978,-0.00415768050409,-0.2920169268,
54.357,0.431999999999995,98,98,2,97.75,0,12.8504469530602,-25.7621488548832,1.10860277094763,-0.004361350465,-0.250851255894,
54.358,0.433,98,98,2,97.75,0,12.8458162986702,-26.0256219786966,1.10872267658181,-0.00451398495646,-0.202999575795,
54.359,0.433999999999998,98,98,2,97.75,0,12.8411262428533,-26.2982567058868,1.10884537753761,-0.00461825204911,-0.153434912652,
54.36,0.434999999999995,98,98,2,97.75,0,12.8363912149376,-26.4233384653281,1.10897019665005,-0.00468572701847,-0.107739675306,
54.361,0.436,98,98,2,97.75,0,12.8316032047962,-26.4634496176093,1.10909680788889,-0.00473743095377,-0.073781296129,
54.362,0.436999999999998,98,98,2,97.75,0,12.8267441151818,-26.528572613838,1.10922555438133,-0.00479343931559,-0.057726573474,
54.363,0.437999999999995,98,98,2,97.75,0,12.8217978533148,-26.7198338589552,1.10935724466253,-0.00486391744828,-0.059057965125,
54.364,0.439,98,98,2,97.75,0,12.8167528663008,-26.9758647198494,1.10949269171356,-0.00494972773532,-0.070736847734,
54.365,0.439999999999998,98,98,2,97.75,0,12.8116211406032,-27.2195185980264,1.10963174963419,-0.00504139107498,-0.082966556521,
54.366,0.440999999999995,98,98,2,97.75,0,12.8064331391511,-27.4230441308284,1.10977349248158,-0.00512258681887,-0.086767145143,
54.367,0.442,98,98,2,97.75,0,12.8012142555963,-27.6188525529909,1.10991712110629,-0.00518038335656,-0.077316260761,
54.368,0.442999999999998,98,98,2,97.75,0,12.795973778468,-27.9074684343938,1.11006261331387,-0.00521609699604,-0.058191430087,
54.369,0.443999999999996,98,98,2,97.75,0,12.7907146978562,-28.1912171972645,1.11021012706885,-0.0052395801013,-0.038669348677,
54.37,0.445,98,98,2,97.75,0,12.785443574457,-28.3154599951112,1.11035905390304,-0.00525711240297,-0.025367024449,
54.371,0.445999999999998,98,98,2,97.75,0,12.7801774633875,-28.4262039308294,1.11050845785529,-0.00526600686407,-0.016726190576,
54.372,0.446999999999996,98,98,2,97.75,0,12.7749385914012,-28.5958086131719,1.11065782336735,-0.00525944304345,-0.006848328755,
54.373,0.448,98,98,2,97.75,0,12.7697490079883,-28.9413680695708,1.11080712035621,-0.00523225713924,0.008112961181,
54.374,0.448999999999998,98,98,2,97.75,0,12.7646183548552,-29.3454984940427,1.11095664520349,-0.00518669090098,0.026513379348,
54.375,0.449999999999996,98,98,2,97.75,0,12.7595370719031,-29.5851328270318,1.11110636680964,-0.00513352116274,0.042333188039,
54.376,0.450999999999993,98,98,2,97.75,0,12.7544947730639,-29.7463340574375,1.11125595030293,-0.00508439877253,0.049674483837,
54.377,0.451999999999998,98,98,2,97.75,0,12.74949790898,-29.913052838302,1.11140500522676,-0.00504036364648,0.048810415371,
54.378,0.452999999999996,98,98,2,97.75,0,12.7445552547902,-30.0714562936433,1.11155324656944,-0.00499423154226,0.046190398749,
54.379,0.453999999999994,98,98,2,97.75,0,12.7396689466662,-30.26039270925,1.11170064657141,-0.00494201333829,0.047328840694,
54.38,0.454999999999998,98,98,2,97.75,0,12.7348407834032,-30.4820125529781,1.11184728369621,-0.00488576848544,0.051600368709,
54.381,0.455999999999996,98,98,2,97.75,0,12.7300719891889,-30.7401143844752,1.11199326155857,-0.00482779600669,0.055555145956,
54.382,0.456999999999994,98,98,2,97.75,0,12.7253738723121,-30.9457362415067,1.11213816522651,-0.00476540172766,0.058780731064,
54.383,0.457999999999998,98,98,2,97.75,0,12.7207654234808,-30.991315684955,1.1122808820938,-0.0046924196644,0.064244074215,
54.384,0.458999999999996,98,98,2,97.75,0,12.7162757634689,-31.0196617889395,1.11242008619674,-0.00459971259913,0.075723228594,
54.385,0.459999999999994,98,98,2,97.75,0,12.711925997885,-31.1180699964188,1.11255522848033,-0.00448332832932,0.093892726029,
54.386,0.460999999999999,98,98,2,97.75,0,12.7077160641043,-31.2784042091392,1.11268657099261,-0.00434978437134,0.114429014899,
54.387,0.461999999999996,98,98,2,97.75,0,12.7036292122327,-31.5051417382677,1.11281486451874,-0.00421495874893,0.128780550858,
54.388,0.462999999999994,98,98,2,97.75,0,12.6996550096489,-31.6719183032244,1.11294040373636,-0.00408998165799,0.13148656364,
54.389,0.463999999999999,98,98,2,97.75,0,12.6957891790869,-31.7275462577294,1.11306294953022,-0.0039754857636,0.124787291416,
54.39,0.464999999999996,98,98,2,97.75,0,12.6920228068982,-31.7545257030256,1.11318249808538,-0.00386850465655,0.115385817153,
54.391,0.465999999999994,98,98,2,97.75,0,12.688333976374,-31.8596308170086,1.11329982900655,-0.00377294720134,0.1058084477,
54.392,0.466999999999999,98,98,2,97.75,0,12.6847072498763,-32.064494101618,1.1134157466654,-0.0036934618156,0.094162929921,
54.393,0.467999999999996,98,98,2,97.75,0,12.6811495149205,-32.1466433519862,1.11352996976953,-0.00362466024308,0.081101862615,
54.394,0.468999999999994,98,98,2,97.75,0,12.6776794355297,-32.2955531846136,1.11364177953858,-0.00355213574887,0.073123592993,
54.395,0.469999999999999,98,98,2,97.75,0,12.6743106926166,-32.4258827689361,1.11375079447792,-0.00346597511699,0.075498459004,
54.396,0.470999999999997,98,98,2,97.75,0,12.6710450416471,-32.4769673935714,1.1138567695057,-0.00336821627333,0.085549254113,
54.397,0.471999999999994,98,98,2,97.75,0,12.6678843945985,-32.4790202010015,1.11395942098095,-0.00326507737631,0.095893396134,
54.398,0.472999999999999,98,98,2,97.75,0,12.664832402955,-32.636465242304,1.11405878693967,-0.00315955160334,0.102240943797,
54.399,0.473999999999997,98,98,2,97.75,0,12.6618947330043,-32.858211606064,1.11415498781172,-0.00305029175719,0.105929932139,
54.4,0.474999999999994,98,98,2,97.75,0,12.6590784745038,-33.076903277681,1.11424783297561,-0.00293554302348,0.109786290464,
54.401,0.475999999999999,98,98,2,97.75,0,12.6563788022877,-33.2221930162459,1.11433732588972,-0.00281770605024,0.114028539301,
54.402,0.476999999999997,98,98,2,97.75,0,12.6537863514128,-33.2776626807143,1.11442352469426,-0.00270248169906,0.116126714763,
54.403,0.477999999999994,98,98,2,97.75,0,12.6512875213838,-33.359446896085,1.11450678209948,-0.00259653102349,0.113226035115,
54.404,0.478999999999999,98,98,2,97.75,0,12.6488524389654,-33.4185521979905,1.11458808706524,-0.00250779199959,0.103569282752,
54.405,0.479999999999997,98,98,2,97.75,0,12.6464592933863,-33.4385999315073,1.11466808651427,-0.00244162564979,0.087130717171,
54.406,0.480999999999995,98,98,2,97.75,0,12.6441255568521,-33.4621879299471,1.11474615092067,-0.00238790391742,0.069204766801,
54.407,0.481999999999999,98,98,2,97.75,0,12.6418786373143,-33.6156098235836,1.11482151012783,-0.00232551414875,0.060055528489,
54.408,0.482999999999997,98,98,2,97.75,0,12.6397285627686,-33.7220673812061,1.11489390064069,-0.00224391113909,0.065553330077,
54.409,0.483999999999995,98,98,2,97.75,0,12.6376827709768,-33.8201168113845,1.1149629892637,-0.00214784321716,0.080178511044,
54.41,0.484999999999999,98,98,2,97.75,0,12.6357539239976,-33.8006806522261,1.11502820434916,-0.00204199317419,0.094663084561,
54.411,0.485999999999997,98,98,2,97.75,0,12.6339472417606,-33.7152304291097,1.11508919424779,-0.00192728100032,0.105574045928,
54.412,0.486999999999995,98,98,2,97.75,0,12.6322581018036,-33.8324193599821,1.11514624296491,-0.00180806897566,0.113403489837,
54.413,0.488,98,98,2,97.75,0,12.6306820836376,-34.0097428751388,1.11519970320496,-0.0016904661037,0.117379323613,
54.414,0.488999999999997,98,98,2,97.75,0,12.6292201257044,-34.1787910635799,1.11524954758903,-0.00157573663346,0.117223597254,
54.415,0.489999999999995,98,98,2,97.75,0,12.6278606324077,-34.1959210241285,1.11529602507041,-0.00146543661209,0.114262656095,
54.416,0.491,98,98,2,97.75,0,12.6265790391129,-34.1417167170097,1.11533981559957,-0.00136686268708,0.108111027123,
54.417,0.491999999999997,98,98,2,97.75,0,12.6253540793236,-34.2138857236759,1.11538168203175,-0.00128797324372,0.096186409423,
54.418,0.492999999999995,98,98,2,97.75,0,12.6241764661754,-34.3984348746971,1.11542208141718,-0.00122774584862,0.079196173377,
54.419,0.494,98,98,2,97.75,0,12.6230525333127,-34.475218237886,1.11546078609823,-0.00117571305488,0.06336762917,
54.42,0.494999999999997,98,98,2,97.75,0,12.6219852369007,-34.4576587930205,1.11549757200439,-0.00112304601314,0.054681448548,
54.421,0.495999999999995,98,98,2,97.75,0,12.6209750840255,-34.5065158176549,1.11553240418402,-0.00106714428617,0.053447172909,
54.422,0.497,98,98,2,97.75,0,12.6200328115867,-34.5307637761432,1.11556493014693,-0.00100693180535,0.056224547556,
54.423,0.497999999999998,98,98,2,97.75,0,12.6191769825367,-34.4989311826679,1.11559446895606,-0.00093670355309,0.061923986097,
54.424,0.498999999999995,98,98,2,97.75,0,12.6184214031927,-34.4999549846593,1.11562053602263,-0.00085168715483,0.071659964628,
54.425,0.5,98,98,2,97.75,0,12.6177725187007,-34.5259592172954,1.11564293094527,-0.00075364580017,0.08448744138,
54.426,0.500999999999998,98,98,2,98,0,12.6172216964279,-34.5128968082355,1.11566194501506,-0.00065147428184,0.095372916841,
54.427,0.000999999999997669,99,99,2,98,0,12.6167484111171,-34.4913494814182,1.63293480710536E-05,-0.00055697984996,0.098629343294,
54.428,0.00200000000000244,99,99,2,98,0,12.6163337969458,-34.5014573247618,3.06320457781339E-05,-0.00047894505755,0.091859665974,
54.429,0.00300000000000011,99,99,2,98,0,12.6159636494433,-34.5165468872629,4.34054667266537E-05,-0.00041887551251,0.07758311004,
54.43,0.00399999999999778,99,99,2,98,0,12.6156307430311,-34.5221001635701,5.48971708695944E-05,-0.00037231517605,0.061406356677,
54.431,0.00500000000000256,99,99,2,98,0,12.6153317407015,-34.5661617015359,6.52259464857252E-05,-0.00033390751451,0.048167296558,
54.432,0.00600000000000023,99,99,2,98,0,12.6150697479107,-34.5361598241549,7.42781015219407E-05,-0.00029807069274,0.040082212085,
54.433,0.0069999999999979,99,99,2,98,0,12.6148509019698,-34.3871988651254,8.18199001599851E-05,-0.00026015159747,0.037232755751,
54.434,0.00800000000000267,99,99,2,98,0,12.6146787739485,-34.2812411197556,8.77297815122802E-05,-0.00021777461999,0.038631777883,
54.435,0.00900000000000034,99,99,2,98,0,12.6145530770563,-34.2207377112106,9.20350244371093E-05,-0.00017221405845,0.041994688035,
54.436,0.00999999999999801,99,99,2,98,0,12.6144634985485,-34.2328152976183,9.51010080001424E-05,-0.00012879071561,0.043964320712,
54.437,0.0109999999999957,99,99,2,98,0,12.6144026211894,-34.3052976719058,9.71872176620536E-05,-9.180367851E-05,0.042133616728,
54.438,0.0120000000000005,99,99,2,98,0,12.6143676749295,-34.3276683382762,9.83864504036092E-05,-6.170837395E-05,0.03685040906,
54.439,0.0129999999999981,99,99,2,98,0,12.6143550011186,-34.2533893943192,9.88210420871383E-05,-3.604385496E-05,0.030833588651,
54.44,0.0139999999999958,99,99,2,98,0,12.6143556532981,-34.1042479810095,9.87987513667576E-05,-1.535774848E-05,0.025500230908,
54.441,0.0150000000000006,99,99,2,98,0,12.614353339787,-34.0080955975187,9.88775406938203E-05,-4.2353248E-06,0.019310525393,
54.442,0.0159999999999982,99,99,2,98,0,12.6143434248233,-34.0558630091486,9.92149665393072E-05,-3.7042397E-06,0.010814126946,
54.443,0.0169999999999959,99,99,2,98,0,12.6143362928279,-34.2021758978444,9.94583745494992E-05,-6.79963743E-06,0.002620541825,
54.444,0.0180000000000007,99,99,2,98,0,12.61434011124,-34.2587495454835,9.93276685363753E-05,-4.68176364E-06,-0.000443471425,
54.445,0.0189999999999984,99,99,2,98,0,12.6143499762469,-34.1699167749028,9.89901438970264E-05,2.34726829E-06,0.002027239776,
54.446,0.019999999999996,99,99,2,98,0,12.6143487245361,-34.1346458996256,9.90328926775419E-05,4.71601315E-06,0.004157598367,
54.447,0.0210000000000008,99,99,2,98,0,12.6143343352738,-34.205074679002,9.95245717660964E-05,-1.85796094E-06,0.001084015296,
54.448,0.0219999999999985,99,99,2,98,0,12.614321833391,-34.2473827918136,9.99524640690197E-05,-9.881783E-06,-0.004326112796,
54.449,0.0229999999999961,99,99,2,98,0,12.6143200878537,-34.2341722130594,0.000100012232621793,-9.841193E-06,-0.005169544051,
54.45,0.0240000000000009,99,99,2,98,0,12.6143256506947,-34.1772626546898,9.98219516503696E-05,-2.77992746E-06,-0.000272530956,
54.451,0.0249999999999986,99,99,2,98,0,12.6143277404348,-34.1353219139081,9.97505738808968E-05,2.32839724E-06,0.004369180626,
54.452,0.0259999999999962,99,99,2,98,0,12.6143171215214,-34.1156140963827,0.00010011294926926,-6.8092568E-07,0.003258912666,
54.453,0.027000000000001,99,99,2,98,0,12.61430042414,-34.1107378400029,0.000100682549984299,-8.62985775E-06,-0.002055911379,
54.454,0.0279999999999987,99,99,2,98,0,12.614296121579,-34.1466246517325,0.000100829390717649,-1.115539488E-05,-0.004840030843,
54.455,0.0289999999999964,99,99,2,98,0,12.614315648863,-34.1710188364745,0.000100162361704292,-8.7205362E-07,-0.000309892095,
54.456,0.0300000000000011,99,99,2,98,0,12.614352378981,-34.0663401528024,9.8909178589679E-05,1.75391807E-05,0.008879045661,
54.457,0.0309999999999988,99,99,2,98,0,12.6143815855382,-33.9388656050815,9.79160796248379E-05,2.931219956E-05,0.013981401764,
54.458,0.0319999999999965,99,99,2,98,0,12.6143809228924,-33.9247303095831,9.79385643944397E-05,2.250286454E-05,0.008189777334,
54.459,0.0330000000000013,99,99,2,98,0,12.6143509035391,-34.0793095003818,9.89592830364927E-05,-5.0889715E-07,-0.006095356857,
54.46,0.0339999999999989,99,99,2,98,0,12.61432099382,-34.3563068547473,9.99827280736554E-05,-2.117945079E-05,-0.017448671274,
54.461,0.0349999999999966,99,99,2,98,0,12.6143277599499,-34.7546428705783,9.97489212437586E-05,-1.893985466E-05,-0.014499871124,
54.462,0.0360000000000014,99,99,2,98,0,12.6143762793884,-34.8452356953859,9.80604477263114E-05,8.28936778E-06,0.002863439092,
54.463,0.036999999999999,99,99,2,98,0,12.6144375355048,-34.7319106054117,9.59294348348294E-05,3.981444929E-05,0.021021092268,
54.464,0.0379999999999967,99,99,2,98,0,12.6144750671493,-34.692113124579,9.46266359420633E-05,5.031777146E-05,0.023929795987,
54.465,0.0390000000000015,99,99,2,98,0,12.6144745038492,-34.7808400308001,9.46462029958184E-05,3.322050269E-05,0.00852967269,
54.466,0.0399999999999991,99,99,2,98,0,12.6144518534274,-34.8692477001918,9.5435004922706E-05,4.23904677E-06,-0.012382347633,
54.467,0.0409999999999968,99,99,2,98,0,12.6144378538426,-34.9292838461648,9.59235801474279E-05,-1.342903419E-05,-0.022022187287,
54.468,0.0420000000000016,99,99,2,98,0,12.6144514713939,-34.9740716732597,9.5447623877476E-05,-8.30969507E-06,-0.014225867424,
54.469,0.0429999999999993,99,99,2,98,0,12.6144900069278,-34.8953371504961,9.41013963853266E-05,1.280780525E-05,0.003082561456,
54.47,0.0439999999999969,99,99,2,98,0,12.614531648647,-34.8315702046171,9.26496222319884E-05,3.199199471E-05,0.015738058702,
54.471,0.0450000000000017,99,99,2,98,0,12.6145619923345,-34.8376636164585,9.15926114970489E-05,3.73204541E-05,0.015607463697,
54.472,0.0459999999999994,99,99,2,98,0,12.6145782037532,-34.9322342379432,9.1027076976502E-05,2.949341637E-05,0.005538529275,
54.473,0.046999999999997,99,99,2,98,0,12.6145828131717,-34.8976329554373,9.08661394305454E-05,1.697049928E-05,-0.005289152402,
54.474,0.0480000000000018,99,99,2,98,0,12.6145876706017,-34.818632199142,9.06968184892776E-05,8.16442201E-06,-0.009999101336,
54.475,0.0489999999999995,99,99,2,98,0,12.6146020319271,-34.8197401245063,9.01967688236027E-05,7.63419517E-06,-0.007438374087,
54.476,0.0499999999999972,99,99,2,98,0,12.6146209453776,-34.7703719578478,8.95386742598703E-05,1.287579431E-05,-0.001281434175,
54.477,0.0510000000000019,99,99,2,98,0,12.6146310848618,-34.6214502074008,8.91868756127678E-05,1.491562308E-05,0.002549520235,
54.478,0.0519999999999996,99,99,2,98,0,12.6146332464409,-34.5006651058903,8.911216914953E-05,1.037830256E-05,0.001027215094,
54.479,0.0529999999999973,99,99,2,98,0,12.6146403321198,-34.5251874585886,8.88676216419526E-05,6.03218057E-06,-0.002506816174,
54.48,0.054000000000002,99,99,2,98,0,12.6146607273414,-34.5855242666348,8.81628575086779E-05,9.60131177E-06,-0.002028905592,
54.481,0.0549999999999997,99,99,2,98,0,12.6146883824867,-34.5422003105178,8.72069888799842E-05,1.85803359E-05,0.002817523122,
54.482,0.0559999999999974,99,99,2,98,0,12.6147078474237,-34.4833868495614,8.65351995287256E-05,2.30201057E-05,0.005994279952,
54.483,0.0570000000000022,99,99,2,98,0,12.6147088900885,-34.5286290822154,8.64992213251981E-05,1.639531783E-05,0.002482178798,
54.484,0.0579999999999998,99,99,2,98,0,12.6146927830609,-34.6241283930757,8.70561440109441E-05,1.42443874E-06,-0.005809247935,
54.485,0.0589999999999975,99,99,2,98,0,12.6146706069887,-34.5899868675409,8.78235926222715E-05,-1.278283326E-05,-0.012237969597,
54.486,0.0600000000000023,99,99,2,98,0,12.6146504370317,-34.5015091602328,8.8520378881185E-05,-1.975352426E-05,-0.012265379827,
54.487,0.0609999999999999,99,99,2,98,0,12.6146345539631,-34.4296357275782,8.90677979299426E-05,-1.948572504E-05,-0.006970118234,
54.488,0.0619999999999976,99,99,2,98,0,12.6146272913015,-34.4185453561004,8.93178084453439E-05,-1.458301302E-05,-0.000513274006,
54.489,0.0630000000000024,99,99,2,98,0,12.6146383852432,-34.4166593322196,8.89359815658963E-05,-4.34180271E-06,0.005113787667,
54.49,0.0640000000000001,99,99,2,98,0,12.6146705707646,-34.4673790022216,8.7827447217137E-05,1.191443462E-05,0.010444168929,
54.491,0.0649999999999977,99,99,2,98,0,12.6147119977252,-34.5019196403911,8.63988530142024E-05,2.863047925E-05,0.014589671414,
54.492,0.0660000000000025,99,99,2,98,0,12.6147500791543,-34.4255827583131,8.50864241215277E-05,3.765086939E-05,0.014269406093,
54.493,0.0670000000000002,99,99,2,98,0,12.6147779566234,-34.3009747764104,8.41284628734229E-05,3.602390055E-05,0.008134878793,
54.494,0.0679999999999978,99,99,2,98,0,12.6147887183172,-34.240977946062,8.37596491152226E-05,2.580392451E-05,-0.001010663306,
54.495,0.0690000000000026,99,99,2,98,0,12.6147807928521,-34.2557798813903,8.40310834462343E-05,1.029027872E-05,-0.009230174805,
54.496,0.0700000000000003,99,99,2,98,0,12.6147644350321,-34.2789947055003,8.45916231924093E-05,-4.8490239E-06,-0.013813241914,
54.497,0.070999999999998,99,99,2,98,0,12.6147570843949,-34.2957206762653,8.48436571203592E-05,-1.112595869E-05,-0.012592895222,
54.498,0.0720000000000027,99,99,2,98,0,12.6147661152645,-34.316597004909,8.4533842667156E-05,-5.13834E-06,-0.005256279095,
54.499,0.0730000000000004,99,99,2,98,0,12.6147862074414,-34.3050215678789,8.38444638162628E-05,7.43480975E-06,0.004283911964,
54.5,0.0739999999999981,99,99,2,98,0,12.6148075856668,-34.3163810106354,8.31109619099379E-05,1.715959926E-05,0.00974298236,
54.501,0.0749999999999957,99,99,2,98,0,12.6148228910135,-34.2937887674811,8.25859106896587E-05,1.917054724E-05,0.008265145123,
54.502,0.0760000000000005,99,99,2,98,0,12.6148315607271,-34.241178680363,8.22888214173645E-05,1.513652038E-05,0.002511607987,
54.503,0.0769999999999982,99,99,2,98,0,12.6148329937174,-34.1861859244073,8.22397935422714E-05,8.48938654E-06,-0.003004466502,
54.504,0.0779999999999959,99,99,2,98,0,12.6148294121443,-34.3202015016629,8.23624738615081E-05,2.09963827E-06,-0.005785986075,
54.505,0.0790000000000006,99,99,2,98,0,12.6148253803826,-34.6369726224024,8.25014833054638E-05,-2.21226066E-06,-0.005843609139,
54.506,0.0799999999999983,99,99,2,98,0,12.6148294960714,-34.8502769851219,8.23584893652196E-05,-1.45246997E-06,-0.003413746846,
54.507,0.080999999999996,99,99,2,98,0,12.614853656842,-34.7978354484591,8.15171133297099E-05,7.68497819E-06,0.001751581045,
54.508,0.0820000000000007,99,99,2,98,0,12.6148901407843,-34.5992783622185,8.02511731876621E-05,2.184419757E-05,0.008130682285,
54.509,0.0829999999999984,99,99,2,98,0,12.6149203012366,-34.5261425796847,7.92087462002655E-05,3.088994379E-05,0.011118646066,
54.51,0.0839999999999961,99,99,2,98,0,12.6149338020582,-34.6193109439398,7.87419859875627E-05,2.705961009E-05,0.006716964192,
54.511,0.0850000000000009,99,99,2,98,0,12.6149312553901,-34.6932740021851,7.88302440639654E-05,1.36844639E-05,-0.002830953471,
54.512,0.0859999999999985,99,99,2,98,0,12.6149189137475,-34.7494877225107,7.9258762937684E-05,-6.7091354E-07,-0.010805771818,
54.513,0.0869999999999962,99,99,2,98,0,12.6149096577589,-34.8041303957698,7.95806566884494E-05,-8.47745405E-06,-0.012096656986,
54.514,0.088000000000001,99,99,2,98,0,12.6149163013628,-34.8109125981429,7.9349409304541E-05,-5.41180705E-06,-0.006509535336,
54.515,0.0889999999999986,99,99,2,98,0,12.6149421434223,-34.6972590888335,7.84512921541136E-05,7.63326283E-06,0.002797817611,
54.516,0.0899999999999963,99,99,2,98,0,12.6149778510802,-34.6231636545094,7.72136571782767E-05,2.304220234E-05,0.010760403905,
54.517,0.0910000000000011,99,99,2,98,0,12.6150131343027,-34.6900916215759,7.59908596705827E-05,3.262064776E-05,0.012950630394,
54.518,0.0919999999999987,99,99,2,98,0,12.6150380852574,-34.7786662959572,7.5124203760879E-05,3.231087278E-05,0.008361127527,
54.519,0.0929999999999964,99,99,2,98,0,12.6150503126558,-34.8751218337375,7.46983614448027E-05,2.423356815E-05,0.000326432245,
54.52,0.0940000000000012,99,99,2,98,0,12.6150572686281,-34.8476614283541,7.44558665672912E-05,1.446303746E-05,-0.006255013553,
54.521,0.0949999999999989,99,99,2,98,0,12.6150698682726,-34.7799531600601,7.40172249749094E-05,1.023050179E-05,-0.007601164366,
54.522,0.0959999999999965,99,99,2,98,0,12.6150942992921,-34.6750166742042,7.3168797115386E-05,1.445595534E-05,-0.00335653741,
54.523,0.0970000000000013,99,99,2,98,0,12.6151281512689,-34.5988889499891,7.19962677919739E-05,2.370789419E-05,0.003196002374,
54.524,0.097999999999999,99,99,2,98,0,12.6151593206011,-34.5872627950204,7.09180247184804E-05,3.022089623E-05,0.006922312217,
54.525,0.0989999999999966,99,99,2,98,0,12.6151767958675,-34.6119249776016,7.03133875958883E-05,2.786590584E-05,0.004674285354,
54.526,0.100000000000001,99,99,2,98,0,12.615182955627,-34.6689917065206,7.01000107028449E-05,1.818883407E-05,-0.001891217075,
54.527,0.100999999999999,99,99,2,98,0,12.6151943272501,-34.7469057341342,6.97053249893997E-05,1.111797065E-05,-0.006698584851,
54.528,0.101999999999997,99,99,2,98,0,12.6152236127657,-34.7493040165642,6.86877088185156E-05,1.518223177E-05,-0.004512188563,
54.529,0.103000000000002,99,99,2,98,0,12.6152616220447,-34.704392075551,6.73677663627359E-05,2.652847687E-05,0.002908318952,
54.53,0.103999999999999,99,99,2,98,0,12.6152918338865,-34.7265362902631,6.63189482423832E-05,3.305291882E-05,0.007715108961,
54.531,0.104999999999997,99,99,2,98,0,12.6153169992326,-34.7439622886954,6.54448236758753E-05,3.103712425E-05,0.005408911939,
54.532,0.106000000000002,99,99,2,98,0,12.6153542287432,-34.7028607625245,6.41520880577673E-05,3.029854416E-05,0.00092944073,
54.533,0.106999999999999,99,99,2,98,0,12.6154114430144,-34.6200372406059,6.21689585074137E-05,3.960568943E-05,0.001891973174,
54.534,0.107999999999997,99,99,2,98,0,12.6154769627996,-34.5377407285372,5.99033571262453E-05,5.371049722E-05,0.007732726418,
54.535,0.109000000000002,99,99,2,98,0,12.615530130598,-34.5126276822794,5.80677290855647E-05,5.932253496E-05,0.010117678019,
54.536,0.109999999999999,99,99,2,98,0,12.6155618148101,-34.4994435664191,5.69744325389365E-05,5.042831855E-05,0.00380799251,
54.537,0.110999999999997,99,99,2,98,0,12.6155721221222,-34.5556826584155,5.6618546167897E-05,3.171621799E-05,-0.00748770541,
54.538,0.112000000000002,99,99,2,98,0,12.6155707026794,-34.6221978013331,5.66676431930091E-05,1.320235563E-05,-0.015707263855,
54.539,0.113,99,99,2,98,0,12.6155648942676,-34.6083960715909,5.68687030977344E-05,7.8189297E-07,-0.01674531391,
54.54,0.113999999999997,99,99,2,98,0,12.6155590669348,-34.5386590348786,5.70701745488122E-05,-4.4973974E-06,-0.012106130883,
54.541,0.115000000000002,99,99,2,98,0,12.6155619680529,-34.5027269605302,5.69700259376305E-05,-3.20312123E-06,-0.005449572095,
54.542,0.116,99,99,2,98,0,12.6155779842917,-34.5626930413535,5.6416941802695E-05,4.21711904E-06,0.001159995438,
54.543,0.116999999999997,99,99,2,98,0,12.6156071970792,-34.5901724026991,5.54068678155772E-05,1.60406672E-05,0.006903443407,
54.544,0.118000000000002,99,99,2,98,0,12.6156460490826,-34.5720330207785,5.40633226933096E-05,2.814558766E-05,0.010586967483,
54.545,0.119,99,99,2,98,0,12.6156850374124,-34.5108222321832,5.27166101136345E-05,3.600113655E-05,0.010745697299,
54.546,0.119999999999997,99,99,2,98,0,12.6157167472993,-34.4725902780421,5.16228820117703E-05,3.676389901E-05,0.007002524432,
54.547,0.121000000000002,99,99,2,98,0,12.6157407035791,-34.4990167534371,5.07967304486101E-05,3.156733764E-05,0.00110280124,
54.548,0.122,99,99,2,98,0,12.6157577842941,-34.695877321536,5.02057813207557E-05,2.421969249E-05,-0.004054089355,
54.549,0.122999999999998,99,99,2,98,0,12.6157659611149,-34.9675491250693,4.99209686495306E-05,1.647221618E-05,-0.006822269364,
54.55,0.124000000000002,99,99,2,98,0,12.6157667437013,-35.1002633452582,4.98935515906851E-05,8.62971874E-06,-0.007656033301,
54.551,0.125,99,99,2,98,0,12.6157682493773,-35.0644271435179,4.98407289484248E-05,3.2177836E-06,-0.007084822411,
54.552,0.125999999999998,99,99,2,98.25,0,12.615775447908,-34.9708513108272,4.95886533968815E-05,2.99660553E-06,-0.004583876709,
54.553,0.127000000000002,99,99,2,98.25,0,12.615785465893,-34.9763558260701,4.92382883550135E-05,6.33651058E-06,-0.000710080255,
54.554,0.128,99,99,2,98.25,0,12.6157960509864,-35.021785859905,4.88678199275228E-05,9.34228123E-06,0.002171339794,
54.555,0.128999999999998,99,99,2,98.25,0,12.6158061368032,-35.0019552435705,4.8514696615598E-05,1.02651779E-05,0.002481148776,
54.556,0.130000000000003,99,99,2,98.25,0,12.6158207335899,-34.9536877628814,4.80041328216885E-05,1.158889075E-05,0.001668003718,
54.557,0.131,99,99,2,98.25,0,12.6158472015909,-34.9102076505393,4.70795539939672E-05,1.680486002E-05,0.002371144922,
54.558,0.131999999999998,99,99,2,98.25,0,12.6158924638336,-34.8444836972167,4.5500927114972E-05,2.854490922E-05,0.006005516323,
54.559,0.133000000000003,99,99,2,98.25,0,12.6159590798724,-34.7828296448458,4.3181779204815E-05,4.603010902E-05,0.011506370401,
54.56,0.134,99,99,2,98.25,0,12.6160447942001,-34.869202962298,4.01966906338203E-05,6.593938664E-05,0.016488877966,
54.561,0.134999999999998,99,99,2,98.25,0,12.6161511632171,-34.874649247257,3.64873981339997E-05,8.618124782E-05,0.019281829342,
54.562,0.135999999999996,99,99,2,98.25,0,12.616271854338,-34.8116710900082,3.22821380791538E-05,0.00010446924138,0.019555925826,
54.563,0.137,99,99,2,98.25,0,12.6163905622869,-34.7943091950005,2.81507465018649E-05,0.00011579953813,0.016786844803,
54.564,0.137999999999998,99,99,2,98.25,0,12.6164908865764,-34.8989597697502,2.46547826634469E-05,0.00011378780268,0.009414996133,
54.565,0.138999999999996,99,99,2,98.25,0,12.6165690565491,-34.9690906413522,2.19239908716418E-05,9.919309228E-05,-0.001784018275,
54.566,0.140000000000001,99,99,2,98.25,0,12.6166321779306,-34.954783592141,1.9717145093523E-05,8.030169038E-05,-0.012108825365,
54.567,0.140999999999998,99,99,2,98.25,0,12.6166864236544,-34.8958015021371,1.78225973144208E-05,6.497326155E-05,-0.016533502529,
54.568,0.141999999999996,99,99,2,98.25,0,12.6167350429666,-34.8766131978832,1.61264539144668E-05,5.522049763E-05,-0.014724621278,
54.569,0.143000000000001,99,99,2,98.25,0,12.6167849876987,-34.8228880749263,1.43858924559481E-05,5.070486165E-05,-0.009854325011,
54.57,0.143999999999998,99,99,2,98.25,0,12.6168326329811,-34.8135205442926,1.27269692882237E-05,4.885727122E-05,-0.005286360697,
54.571,0.144999999999996,99,99,2,98.25,0,12.6168719173709,-34.9222230612396,1.13572062190315E-05,4.582684953E-05,-0.003002853473,
54.572,0.146000000000001,99,99,2,98.25,0,12.6169075274336,-34.9043501055371,1.01139418973162E-05,4.069035945E-05,-0.003307392829,
54.573,0.146999999999998,99,99,2,98.25,0,12.6169532674538,-34.8369786975368,8.51895700293426E-06,3.975134808E-05,-0.00324542595,
54.574,0.147999999999996,99,99,2,98.25,0,12.6170208341194,-34.8182263547007,6.16577202094959E-06,4.924902657E-05,0.000932751975,
54.575,0.149000000000001,99,99,2,98.25,0,12.6171089450543,-34.8634762649773,3.09591203517812E-06,6.718195277E-05,0.008897245845,
54.576,0.149999999999999,99,99,2,98.25,0,12.6172110416067,-34.8931043806761,-4.65041154029677E-07,8.614333936E-05,0.015710890004,
54.577,0.150999999999996,99,99,2,98.25,0,12.6173231943977,-34.8097876819529,-4.37372810324632E-06,0.00010091773873,0.017396752307,
54.578,0.152000000000001,99,99,2,98.25,0,12.6174411590551,-34.7183129641933,-8.47465739184372E-06,0.00011087947934,0.014586697908,
54.579,0.152999999999999,99,99,2,98.25,0,12.617556513081,-34.7139590982053,-1.24793034501636E-05,0.00011543790803,0.009784544662,
54.58,0.153999999999996,99,99,2,98.25,0,12.6176585882641,-34.8005198590494,-1.60271550413427E-05,0.00011215356251,0.003826590003,
54.581,0.155000000000001,99,99,2,98.25,0,12.6177409096506,-34.9071299506133,-1.88963702356659E-05,0.00010013269696,-0.003552469266,
54.582,0.155999999999999,99,99,2,98.25,0,12.6178060216285,-34.9277926567807,-2.1169915200403E-05,8.30847029E-05,-0.010908048094,
54.583,0.156999999999996,99,99,2,98.25,0,12.6178590539926,-34.913093479654,-2.30218288521655E-05,6.665091634E-05,-0.015355593257,
54.584,0.158000000000001,99,99,2,98.25,0,12.6179083210481,-34.869439905623,-2.47408188300824E-05,5.552665566E-05,-0.015025191046,
54.585,0.158999999999999,99,99,2,98.25,0,12.6179507473794,-34.7531445898063,-2.62177342449377E-05,4.834443082E-05,-0.011534507692,
54.586,0.159999999999997,99,99,2,98.25,0,12.6179738947058,-34.6521301680121,-2.70210075115074E-05,3.869484709E-05,-0.009105043259,
54.587,0.161000000000001,99,99,2,98.25,0,12.6179805922119,-34.6710111513982,-2.72531535898679E-05,2.399608178E-05,-0.010424130537,
54.588,0.161999999999999,99,99,2,98.25,0,12.6179877142812,-34.7345798462566,-2.75003093008763E-05,1.175982115E-05,-0.012445259432,
54.589,0.162999999999997,99,99,2,98.25,0,12.6180061414047,-34.7341805403839,-2.81403640087774E-05,1.03862166E-05,-0.00971621521,
54.59,0.164000000000001,99,99,2,98.25,0,12.6180383480887,-34.6976306932367,-2.92584482082248E-05,1.916947539E-05,-0.001585342372,
54.591,0.164999999999999,99,99,2,98.25,0,12.6180763930104,-34.685177313734,-3.05782799614462E-05,2.982428716E-05,0.006297665682,
54.592,0.165999999999997,99,99,2,98.25,0,12.6181117795782,-34.843930573858,-3.18084781980588E-05,3.549594422E-05,0.008598399463,
54.593,0.167000000000002,99,99,2,98.25,0,12.618145193476,-35.0456425655731,-3.29761197264133E-05,3.559227297E-05,0.00549400498,
54.594,0.167999999999999,99,99,2,98.25,0,12.6181811527487,-35.1577483965065,-3.42383511622302E-05,3.476931127E-05,0.001493140108,
54.595,0.168999999999997,99,99,2,98.25,0,12.618222022809,-35.1263287271957,-3.56746083980397E-05,3.666889651E-05,0.000269589517,
54.596,0.170000000000002,99,99,2,98.25,0,12.6182653255487,-35.1293850656761,-3.71957408447088E-05,4.012662784E-05,0.001550264985,
54.597,0.170999999999999,99,99,2,98.25,0,12.6183134228924,-35.0813782545633,-3.88842164511516E-05,4.401131708E-05,0.003118374876,
54.598,0.171999999999997,99,99,2,98.25,0,12.6183710490662,-35.004017169034,-4.09035930459822E-05,4.951761153E-05,0.00424308343,
54.599,0.173000000000002,99,99,2,98.25,0,12.6184403824343,-34.9695650084587,-4.33293451038708E-05,5.827968306E-05,0.005996546011,
54.6,0.173999999999999,99,99,2,98.25,0,12.618515140345,-35.0374933882682,-4.5946135813324E-05,6.744857259E-05,0.007907383806,
54.601,0.174999999999997,99,99,2,98.25,0,12.6185902973394,-35.138503962817,-4.85832443359868E-05,7.325027303E-05,0.008036687403,
54.602,0.176000000000002,99,99,2,98.25,0,12.6186608657613,-35.1995343205637,-5.1065066514866E-05,7.366069754E-05,0.005194474388,
54.603,0.177,99,99,2,98.25,0,12.6187306492322,-35.1855130766235,-5.352092296107E-05,7.170950835E-05,0.001319323179,
54.604,0.177999999999997,99,99,2,98.25,0,12.6188137423678,-35.0782493697972,-5.64401411367044E-05,7.401185561E-05,3.3355855E-05,
54.605,0.179000000000002,99,99,2,98.25,0,12.6189178726096,-35.0541121730369,-6.00915910240474E-05,8.541136805E-05,0.003755435879,
54.606,0.18,99,99,2,98.25,0,12.6190377444796,-35.0808907148241,-6.42951980012185E-05,0.0001025415984,0.010389578259,
54.607,0.180999999999997,99,99,2,98.25,0,12.6191572271405,-35.0573730943753,-6.84853511927486E-05,0.00011503261881,0.014019251995,
54.608,0.182000000000002,99,99,2,98.25,0,12.619263993772,-35.0025537317994,-7.22253823823849E-05,0.00011578461481,0.010361076069,
54.609,0.183,99,99,2,98.25,0,12.6193607526864,-35.007451044819,-7.56124284038151E-05,0.00010757912519,0.001586457637,
54.61,0.183999999999997,99,99,2,98.25,0,12.6194502156261,-35.1211019751597,-7.8749381657417E-05,9.757243712E-05,-0.006058603469,
54.611,0.185000000000002,99,99,2,98.25,0,12.6195258734597,-35.1691245401917,-8.14083847870961E-05,8.751020028E-05,-0.009482993166,
54.612,0.186,99,99,2,98.25,0,12.6195882347015,-35.0540877048682,-8.35979881514959E-05,7.581038789E-05,-0.010536844874,
54.613,0.186999999999998,99,99,2,98.25,0,12.6196455183519,-34.941747057006,-8.56027966165129E-05,6.482694192E-05,-0.010993629799,
54.614,0.188000000000002,99,99,2,98.25,0,12.6196941772506,-34.9974303651277,-8.73043782831928E-05,5.621950231E-05,-0.010485553988,
54.615,0.189,99,99,2,98.25,0,12.6197049070452,-35.0017044927951,-8.76799164473141E-05,3.986759298E-05,-0.011643582434,
54.616,0.189999999999998,99,99,2,98.25,0,12.6196343248131,-34.8843545964007,-8.52135594300307E-05,-2.28508218E-06,-0.021768798163,
54.617,0.191000000000003,99,99,2,98.25,0,12.6194472105512,-34.6829202846085,-7.87050447854654E-05,-8.114823303E-05,-0.045425588118,
54.618,0.192,99,99,2,98.25,0,12.6190932018547,-34.4696307612808,-6.64647425594467E-05,-0.00020222298334,-0.080513487981,
54.619,0.192999999999998,99,99,2,98.25,0,12.6184643468072,-34.137180730663,-4.48928727081466E-05,-0.00038639427142,-0.127340231803,
54.62,0.194000000000003,99,99,2,98.25,0,12.6173770772992,-33.6337876062052,-8.05021900873726E-06,-0.00068392548035,-0.199250303004,
54.621,0.195,99,99,2,98.25,0,12.6155865379682,-33.0032587489018,5.16079071957165E-05,-0.00116072611675,-0.317304060916,
54.622,0.195999999999998,99,99,2,98.25,0,12.6128072887354,-32.293872249603,0.000142346407812965,-0.00187617135464,-0.494613188606,
54.623,0.197000000000003,99,99,2,98.25,0,12.608727806051,-31.6340703501226,0.000272742875253584,-0.00287270629774,-0.728178769006,
54.624,0.198,99,99,2,98.25,0,12.6030134042959,-30.977591410496,0.000451636970183245,-0.00417988837013,-1.005402170324,
54.625,0.198999999999998,99,99,2,98.25,0,12.5953179526938,-30.300688687964,0.000687418989556932,-0.00581824098799,-1.313339097244,
54.626,0.199999999999996,99,99,2,98.25,0,12.5852696742473,-29.6260863901263,0.000988499450755853,-0.00780698470132,-1.64411878286,
54.627,0.201000000000001,99,99,2,98.25,0,12.5724561864115,-29.0024408891583,0.00136411741131326,-0.01017199320997,-1.996505823285,
54.628,0.201999999999998,99,99,2,98.25,0,12.5564520297595,-28.3950478263298,0.00182341661172813,-0.01294112566387,-2.373366253629,
54.629,0.202999999999996,99,99,2,98.25,0,12.5368249673573,-27.8857614966837,0.00237573009003711,-0.0161338277322,-2.774966154654,
54.63,0.204000000000001,99,99,2,98.25,0,12.5131345829104,-27.5538773211193,0.0030324232686354,-0.01975918729055,-3.195428431007,
54.631,0.204999999999998,99,99,2,98.25,0,12.4849337811974,-27.47792904236,0.00380839379822362,-0.02382451301332,-3.62755216067,
54.632,0.205999999999996,99,99,2,98.25,0,12.451787846973,-27.4968188799243,0.00471948848753811,-0.02833121628659,-4.065749138594,
54.633,0.207000000000001,99,99,2,98.25,0,12.4132816237617,-27.6990731448511,0.00578218115686013,-0.03327048116705,-4.504058490277,
54.634,0.207999999999998,99,99,2,98.25,0,12.3690060211561,-28.064598832899,0.00701666624701147,-0.03862895033352,-4.935257684106,
54.635,0.208999999999996,99,99,2,98.25,0,12.3185540890673,-28.6561900451101,0.00844750294126584,-0.04439768763227,-5.355788320351,
54.636,0.210000000000001,99,99,2,98.25,0,12.2615445724033,-29.6724459380825,0.0101101466137976,-0.0505663086164,-5.76562196468,
54.637,0.210999999999999,99,99,2,98.25,0,12.1976268046618,-30.9611699055551,0.0120479293012039,-0.05711471661469,-6.162591982764,
54.638,0.211999999999996,99,99,2,98.25,0,12.1264691883083,-32.3176237705392,0.0142993133630682,-0.06401724700185,-6.540708610703,
54.639,0.213000000000001,99,99,2,98.25,0,12.0477539261337,-33.7807634298628,0.016900789301971,-0.07125295551623,-6.896247108665,
54.64,0.213999999999999,99,99,2,98.25,0,11.96116201943,-35.3418383279804,0.0198935182432365,-0.078810961787,-7.232444403131,
54.641,0.214999999999996,99,99,2,98.25,0,11.866352229412,-37.1207208158529,0.0233285982515383,-0.08669427833926,-7.5589100283,
54.642,0.216000000000001,99,99,2,98.25,0,11.7629629705518,-39.2031126808029,0.0272741305408317,-0.09491826567637,-7.887924703268,
54.643,0.216999999999999,99,99,2,98.25,0,11.6506265352598,-41.4955233623663,0.0318068290938385,-0.10349957113708,-8.228981538735,
54.644,0.217999999999996,99,99,2,98.25,0,11.5289897603083,-43.9530693292059,0.0370036747134037,-0.11244238426031,-8.582562322386,
54.645,0.219000000000001,99,99,2,98.25,0,11.3977175097162,-46.645842977821,0.0429502362732705,-0.12173731574583,-8.939996333161,
54.646,0.219999999999999,99,99,2,98.25,0,11.2564907041476,-49.8036731191148,0.0497608648017831,-0.13136797439287,-9.290014125289,
54.647,0.220999999999997,99,99,2,98.25,0,11.105022553958,-53.4211075558629,0.0575784980930649,-0.14131284246195,-9.624203325196,
54.648,0.222000000000001,99,99,2,98.25,0,10.9430430898283,-57.2902998918969,0.0665449853187852,-0.15154914098533,-9.938034378758,
54.649,0.222999999999999,99,99,2,98.25,0,10.7702991217832,-61.4176183543009,0.0767980237368988,-0.16205542112229,-10.229863871164,
54.65,0.223999999999997,99,99,2,98.25,0,10.5865788389156,-65.9491140986491,0.0884979497939895,-0.17280751131723,-10.49902867028,
54.651,0.225000000000001,99,99,2,98.25,0,10.3917146663577,-70.9106023717056,0.10183247749724,-0.18377055532794,-10.741633322277,
54.652,0.225999999999999,99,99,2,98.25,0,10.1855623612153,-76.2350712020091,0.116999687396714,-0.19490744542616,-10.951911692232,
54.653,0.226999999999997,99,99,2,98.25,0,9.96800419826353,-81.9718577533536,0.134209291811601,-0.206187622709858,-11.1277224276104,
54.654,0.228000000000002,99,99,2,98.25,0,9.73898518523862,-88.2040212604959,0.153696047737796,-0.2175746606309,-11.2692493192578,
54.655,0.228999999999999,99,99,2,98.25,0,9.49852689200881,-94.9442235089612,0.175715804910439,-0.229012542064439,-11.3702327835879,
54.656,0.229999999999997,99,99,2,98.25,0,9.24669167019421,-102.137772928723,0.20053189905471,-0.24043958774378,-11.4193776535305,
54.657,0.231000000000002,99,99,2,98.25,0,8.98356865341433,-109.887616247845,0.228426279071741,-0.251808481728747,-11.4128508972882,
54.658,0.231999999999999,99,99,2,98.25,0,8.70928273326846,-118.042111258664,0.259685236590599,-0.263085549300093,-11.3587915691929,
54.659,0.232999999999997,99,99,2,98.25,0,8.42401275342563,-126.62671536224,0.29458357220976,-0.274232267045161,-11.2655105475489,
54.66,0.234000000000002,99,99,2,98.25,0,8.12796518582847,-135.527654180846,0.333388653928864,-0.285208038260041,-11.134538733895,
54.661,0.234999999999999,99,99,2,98.25,0,7.82125313304329,-145.105312903077,0.376425410635619,-0.296013636827267,-10.9760033796402,
54.662,0.235999999999997,99,99,2,98.25,0,7.50385509196858,-154.376982598392,0.42395295759998,-0.306718503715633,-10.8264308578642,
54.663,0.237000000000002,99,99,2,98.25,0,7.17567718711599,-163.042605885179,0.476038005353828,-0.317426203721215,-10.7359363271888,
54.664,0.238,99,99,2,98.25,0,6.83652347759712,-172.411557333463,0.532923267268401,-0.32823668711911,-10.7376850881111,
54.665,0.238999999999997,99,99,2,98.25,0,6.48624451087138,-184.267596281616,0.595391869958846,-0.339198545281047,-10.8250608094137,
54.666,0.240000000000002,99,99,2,98.25,0,6.12493314401468,-195.533472964638,0.664005091690342,-0.350251109602967,-10.9436575807193,
54.667,0.241,99,99,2,98.25,0,5.75287760754022,-206.550089265908,0.738803799416971,-0.36122489770274,-11.001719607281,
54.668,0.241999999999997,99,99,2,98.25,0,5.37047030719318,-217.174780257126,0.819821541139078,-0.371937814750906,-10.919159650935,
54.669,0.243000000000002,99,99,2,98.25,0,4.97816586643024,-227.495890946354,0.907044680634158,-0.382270913310036,-10.6772328169373,
54.67,0.244,99,99,2,98.25,0,4.57649035025075,-241.381606108695,1.00121298596143,-0.392146621263135,-10.3098269240315,
54.671,0.244999999999997,99,99,2,98.25,0,4.16606408006531,-257.326521377293,1.10355444429905,-0.401489419756313,-9.853052296932,
54.672,0.246000000000002,99,99,2,98.25,0,3.74757745503054,-273.97581879314,1.21472590590454,-0.410219150438455,-9.3187509878435,
54.673,0.247,99,99,2,98.25,0,3.32174623107146,-289.197878372213,1.33463437828729,-0.418271898257263,-8.7105561664526,
54.674,0.247999999999998,99,99,2,98.25,0,2.88929990164939,-304.50452988691,1.46300659189764,-0.425612375920681,-8.0421616311912,
54.675,0.249000000000002,99,99,2,98.25,0,2.45094085861811,-321.087836494521,1.60012362742496,-0.432235611865936,-7.3389861945861,
54.676,0.25,99,99,2,98.25,0,2.00738916571011,-338.603733925952,1.74642728385354,-0.438143023911533,-6.6236612908065,
54.677,0.250999999999998,99,99,2,98.5,0,1.55934486915498,-355.254967571964,1.90186700076418,-0.443341679039123,-5.9095321400923,
54.678,0.252000000000002,99,99,2,98.5,0,1.10748702807944,-371.513142921029,2.06606493544913,-0.447840578817114,-5.2013555981124,
54.679,0.253,99,99,2,98.5,0,0.652550428050534,-389.091218061163,2.23907831642533,-0.451637405405427,-4.4982044259673,
54.68,0.253999999999998,99,99,2,98.5,0,0.195248310607312,-407.8054785224,2.42128958979092,-0.454722627567191,-3.7939672172517,
54.681,0.255000000000003,99,99,2,98.5,0,-0.263789084550809,-428.313293006572,2.61319448125364,-0.457113045533397,-3.0902622310613,
54.682,0.256,99,99,2,98.5,0,-0.723780673680113,-450.430176871016,2.81530178382664,-0.458803070035006,-2.3887411854943,
54.683,0.256999999999998,99,99,2,98.5,0,-1.18360283489104,-470.466105056039,3.02702604313005,-0.459654502562436,-1.6485649487344,
54.684,0.258000000000003,99,99,2,98.5,0,-1.64191351228146,-491.244964582283,3.24740726901994,-0.459419544440288,-0.7770929248103,
54.685,0.259,99,99,2,98.5,0,-2.09742799565174,-513.451429595135,3.4762341484888,-0.45792526433053,0.2868375235576,
54.686,0.259999999999998,99,99,2,98.5,0,-2.54917384409212,-538.061131871587,3.71374236560155,-0.455222751097352,1.478953450501,
54.687,0.260999999999996,99,99,2,98.5,0,-2.99646472749741,-562.648225620193,3.95991099604403,-0.451539949408823,2.6341298327573,
54.688,0.262,99,99,2,98.5,0,-3.43865385870124,-587.69399211896,4.21424540896861,-0.447096847255379,3.6168052913982,
54.689,0.262999999999998,99,99,2,98.5,0,-3.87500391582679,-612.875155837414,4.47617961711558,-0.441967934640784,4.4207551523148,
54.69,0.263999999999996,99,99,2,98.5,0,-4.30457184899075,-639.165032139206,4.74509777500924,-0.436067142160557,5.1547334359393,
54.691,0.265000000000001,99,99,2,98.5,0,-4.72630985153815,-667.063877710082,5.02054096066399,-0.429253591167469,5.9430560743957,
54.692,0.265999999999998,99,99,2,98.5,0,-5.13914865789856,-695.333668044906,5.30176624895292,-0.421417222876271,6.8465686286627,
54.693,0.266999999999996,99,99,2,98.5,0,-5.54202371849694,-724.626786450038,5.58779957602889,-0.412519441487898,7.8479470309175,
54.694,0.268000000000001,99,99,2,98.5,0,-5.9338853349598,-754.489038006734,5.8776039349826,-0.402560151086333,8.8978101631781,
54.695,0.268999999999998,99,99,2,98.5,0,-6.31367661936869,-785.926473631405,6.17012212782682,-0.391544550087325,9.9577308768403,
54.696,0.269999999999996,99,99,2,98.5,0,-6.68027929259292,-818.199151907494,6.46416049908184,-0.379455800669683,11.0206523453653,
54.697,0.271000000000001,99,99,2,98.5,0,-7.03253294838222,-850.849018183254,6.75812465888329,-0.366254551349149,12.1005548629194,
54.698,0.271999999999998,99,99,2,98.5,0,-7.36928812145421,-883.468729727247,7.05014489556301,-0.351908816204586,13.2108450968751,
54.699,0.272999999999996,99,99,2,98.5,0,-7.68950604428392,-915.752551022979,7.33821634617942,-0.336443542814499,14.3382508710115,
54.7,0.274000000000001,99,99,2,98.5,0,-7.99220029630459,-948.303681516699,7.62033589969596,-0.319921996659682,15.4462937458488,
54.701,0.274999999999999,99,99,2,98.5,0,-8.27627399543669,-980.549870319009,7.89430418147299,-0.302365187396811,16.5152432578142,
54.702,0.275999999999996,99,99,2,98.5,0,-8.54054837745142,-1012.39847801885,8.15764677804513,-0.28372006986346,17.5727228115988,
54.703,0.277000000000001,99,99,2,98.5,0,-8.78391035330192,-1043.29140233394,8.4077851535544,-0.263940455300672,18.6589741610381,
54.704,0.277999999999999,99,99,2,98.5,0,-9.00530866479865,-1072.95844804822,8.6420522253443,-0.243046598393638,19.7735381572307,
54.705,0.278999999999996,99,99,2,98.5,0,-9.20364066390862,-1100.9342237872,8.85762846507212,-0.221067517086833,20.8851515236915,
54.706,0.280000000000001,99,99,2,98.5,0,-9.37779356005932,-1126.57771286449,9.0515922925612,-0.197998161938217,21.980596139417,
54.707,0.280999999999999,99,99,2,98.5,0,-9.52677615000345,-1149.22045830159,9.22111944542641,-0.173855535176513,23.0642544799991,
54.708,0.281999999999996,99,99,2,98.5,0,-9.64980991476046,-1168.15409581722,9.36367710329907,-0.148749034249966,24.1098075272305,
54.709,0.283000000000001,99,99,2,98.5,0,-9.74624309081471,-1183.18869858483,9.47705083012731,-0.122838235702317,25.0586279634247,
54.71,0.283999999999999,99,99,2,98.5,0,-9.81551970588377,-1193.86319675264,9.55938788470354,-0.096266384369518,25.8678250968634,
54.711,0.284999999999997,99,99,2,98.5,0,-9.8572533722448,-1199.71880149523,9.60933436096487,-0.069160698752208,26.5336857826073,
54.712,0.286000000000001,99,99,2,98.5,0,-9.87128713730844,-1199.99965604657,9.62617290349088,-0.041686580584222,27.0560650971595,
54.713,0.286999999999999,99,99,2,98.5,0,-9.85777773950096,-1194.71942516909,9.60999729713822,-0.014080786591521,27.4030911501977,
54.714,0.287999999999997,99,99,2,98.5,0,-9.8171463722712,-1184.49579115828,9.5616619135516,0.013383039772828,27.5237009567809,
54.715,0.289000000000001,99,99,2,98.5,0,-9.74993213880563,-1169.64415088805,9.48254605771395,0.040469636273819,27.3932476938472,
54.716,0.289999999999999,99,99,2,98.5,0,-9.65676507324336,-1150.53934859326,9.37446371360761,0.067025223223837,27.0404625947065,
54.717,0.290999999999997,99,99,2,98.5,0,-9.53843742637975,-1127.22301143008,9.23970258351957,0.092929390323662,26.519463860252,
54.718,0.292000000000002,99,99,2,98.5,0,-9.39589771896416,-1100.54890003647,9.08092960529503,0.118043090638802,25.8624530194774,
54.719,0.292999999999999,99,99,2,98.5,0,-9.23019573567337,-1071.85444746039,8.90094383370113,0.142224772012559,25.0712346681306,
54.72,0.293999999999997,99,99,2,98.5,0,-9.04243602488972,-1041.18806545382,8.70257170815196,0.165370618776089,24.1505366731038,
54.721,0.295000000000002,99,99,2,98.5,0,-8.83380114897513,-1007.83626425385,8.4888227397647,0.187404942075073,23.1231401072343,
54.722,0.295999999999999,99,99,2,98.5,0,-8.60555846104906,-972.959741995028,8.26277163741497,0.208254669978749,22.0124017197554,
54.723,0.296999999999997,99,99,2,98.5,0,-8.35897208852189,-938.096036796879,8.02715148132027,0.227863449702956,20.8328220684277,
54.724,0.298000000000002,99,99,2,98.5,0,-8.09533320241005,-903.517297377065,7.7843910372851,0.246199021222241,19.5991017165711,
54.725,0.298999999999999,99,99,2,98.5,0,-7.81603713835339,-869.039843802508,7.53685692086161,0.263220285419885,18.3232417842693,
54.726,0.299999999999997,99,99,2,98.5,0,-7.52250058851554,-834.669236421855,7.28680647819337,0.278871056407571,17.0044084311489,
54.727,0.301000000000002,99,99,2,98.5,0,-7.21606922231569,-800.899571055289,7.03621168609882,0.293132849012093,15.6452254357242,
54.728,0.302,99,99,2,98.5,0,-6.89801814781048,-767.919269046571,6.78672942719962,0.306048833782858,14.2747437693441,
54.729,0.302999999999997,99,99,2,98.5,0,-6.56960181058671,-735.741863841411,6.53981598635521,0.31767474082917,12.9327038035562,
54.73,0.304000000000002,99,99,2,98.5,0,-6.23210960615455,-704.634108649932,6.2967581552716,0.328029518570719,11.631591572219,
54.731,0.305,99,99,2,98.5,0,-5.88678416707479,-674.652826549835,6.05860672201419,0.337119414663923,10.3566520384744,
54.732,0.305999999999997,99,99,2,98.5,0,-5.53479775191434,-646.156150857311,5.82615331347955,0.344973761509687,9.0986958134755,
54.733,0.307000000000002,99,99,2,98.5,0,-5.17730774087124,-619.187621193786,5.59997943395761,0.351639201101038,7.8683394436721,
54.734,0.308,99,99,2,98.5,0,-4.81542739269455,-593.944895344449,5.38047502522296,0.357156033418382,6.6775295854728,
54.735,0.308999999999998,99,99,2,98.5,0,-4.45013258298246,-569.933391064132,5.16789567664213,0.361587585497233,5.5358304279982,
54.736,0.310000000000002,99,99,2,98.5,0,-4.08224968036205,-546.548790630877,4.96252832377917,0.365046899123966,4.4654646147635,
54.737,0.311,99,99,2,98.5,0,-3.71248323132454,-524.163536795428,4.7645715761526,0.367671538673044,3.5005829390719,
54.738,0.311999999999998,99,99,2,98.5,0,-3.34154893902864,-502.88723192237,4.57408740112946,0.369551738089897,2.651709732707,
54.739,0.313000000000002,99,99,2,98.5,0,-2.97007865380035,-482.244823964996,4.39111375823546,0.3707447371981,1.8973713639255,
54.74,0.314,99,99,2,98.5,0,-2.59846663888016,-463.316724180153,4.21542274216682,0.371352006256143,1.22344018575,
54.741,0.314999999999998,99,99,2,98.5,0,-2.22693795769146,-445.459563920767,4.04660451425997,0.371544495893173,0.6585542467871,
54.742,0.316000000000003,99,99,2,98.5,0,-1.85580286452745,-428.343298650369,3.88445506085631,0.37143560490074,0.226509274495,
54.743,0.317,99,99,2,98.5,0,-1.48559179821838,-411.577532777893,3.72898106754718,0.370975961514935,-0.1237025216057,
54.744,0.317999999999998,99,99,2,98.5,0,-1.11689972923619,-394.894784097253,3.5803110940044,0.370032575167488,-0.499540556286,
54.745,0.319000000000003,99,99,2,98.5,0,-0.750289877934091,-378.836740766322,3.43848229436541,0.368523102876227,-0.9680892420986,
54.746,0.32,99,99,2,98.5,0,-0.386339208056257,-363.200268184464,3.30344986112452,0.366436762178847,-1.5127070299525,
54.747,0.320999999999998,99,99,2,98.5,0,-0.025639695777085,-348.477813807127,3.17509889258744,0.363773077025515,-2.0864835123299,
54.748,0.322000000000003,99,99,2,98.5,0,0.331392005455317,-334.99883415001,3.05308747740106,0.36057451624474,-2.6509445047793,
54.749,0.323,99,99,2,98.5,0,0.684650557975954,-323.642852294806,2.93675207300944,0.357000099932903,-3.1508547518604,
54.75,0.323999999999998,99,99,2,98.5,0,1.03421907779332,-312.563050841075,2.8255532950803,0.353283487323185,-3.5043185418826,
54.751,0.324999999999996,99,99,2,98.5,0,1.38013169419753,-300.382024506763,2.71954057771747,0.349578758604401,-3.6703885530739,
54.752,0.326000000000001,99,99,2,98.5,0,1.72228277161474,-287.76456530746,2.61892308302536,0.345880925732057,-3.7062251321326,
54.753,0.326999999999998,99,99,2,98.5,0,2.06049869812399,-275.967286706037,2.52359153770961,0.342098993840922,-3.7251313319132,
54.754,0.327999999999996,99,99,2,98.5,0,2.3946038728113,-265.021580279143,2.43321794775562,0.338163246235056,-3.8028468999167,
54.755,0.329000000000001,99,99,2,98.5,0,2.72436127735497,-254.620711657993,2.34754000101546,0.3340340691908,-3.9476317229637,
54.756,0.329999999999998,99,99,2,98.5,0,3.04940541027065,-244.267238910239,2.2664597003582,0.329647754098365,-4.1482896271927,
54.757,0.330999999999996,99,99,2,98.5,0,3.36934789789575,-234.076491932347,2.18993845876537,0.324927620816903,-4.4093191346894,
54.758,0.332000000000001,99,99,2,98.5,0,3.68385604855386,-224.439472171395,2.11783495480663,0.319842680122177,-4.7294300487331,
54.759,0.332999999999998,99,99,2,98.5,0,3.9926522730118,-215.418689800239,2.04992168494969,0.314424873888156,-5.0753581325353,
54.76,0.333999999999996,99,99,2,98.5,0,4.29545760024961,-206.88201318941,1.98598423366893,0.308712533151952,-5.4063069228874,
54.761,0.335000000000001,99,99,2,98.5,0,4.59206026148893,-198.567765859185,1.92585549193657,0.302741796604302,-5.7014991289829,
54.762,0.335999999999999,99,99,2,98.5,0,4.88237886612018,-190.633768195517,1.86935926879302,0.296578244056446,-5.951062604278,
54.763,0.336999999999996,99,99,2,98.5,0,5.16643476438469,-183.157231817556,1.81627049965707,0.290325009703649,-6.1326122892765,
54.764,0.338000000000001,99,99,2,98.5,0,5.44430319501216,-175.974641054876,1.76637479470538,0.28407846988342,-6.2243214515443,
54.765,0.338999999999999,99,99,2,98.5,0,5.71606409089587,-168.822443340723,1.71952361242866,0.277892410495454,-6.2304040503205,
54.766,0.339999999999996,99,99,2,98.5,0,5.9818003226925,-161.817680054896,1.67559208219269,0.271785757080714,-6.1803817256771,
54.767,0.341000000000001,99,99,2,98.5,0,6.24159483444366,-155.366861658325,1.634390680618,0.265761115009113,-6.1058718037661,
54.768,0.341999999999999,99,99,2,98.5,0,6.49552970266455,-149.424869861277,1.59569205652888,0.25981913470572,-6.0244469440803,
54.769,0.342999999999996,99,99,2,98.5,0,6.74368111654687,-143.670480994175,1.55932604367032,0.2539577249784,-5.9426076610335,
54.77,0.344000000000001,99,99,2,98.5,0,6.9860759204812,-137.761160050454,1.52521725994436,0.248159467199494,-5.8666353156177,
54.771,0.344999999999999,99,99,2,98.5,0,7.22272761007266,-131.858772088622,1.49331425370023,0.242398852615866,-5.8059104048468,
54.772,0.345999999999997,99,99,2,98.5,0,7.45367084613539,-126.096001655505,1.46352779859708,0.236662087835702,-5.7647526011722,
54.773,0.347000000000001,99,99,2,98.5,0,7.67892125622096,-120.538339451592,1.43575055535931,0.230947924328201,-5.7371393394043,
54.774,0.347999999999999,99,99,2,98.5,0,7.8984719936932,-115.158542431657,1.40987684324062,0.225248356094719,-5.7165653070942,
54.775,0.348999999999997,99,99,2,98.5,0,8.11229097479838,-109.830058826141,1.38582342650001,0.219541112346121,-5.7062494702225,
54.776,0.350000000000001,99,99,2,98.5,0,8.32028465719117,-104.562945831439,1.36352723124102,0.213790918401581,-5.7178261528458,
54.777,0.350999999999999,99,99,2,98.5,0,8.52233763365921,-99.3945749027091,1.34292211917233,0.207959060229082,-5.7618081541451,
54.778,0.351999999999997,99,99,2,98.5,0,8.71832685221613,-94.4380877534439,1.32392756312994,0.202016060872129,-5.8407012594475,
54.779,0.353000000000002,99,99,2,98.5,0,8.90815756002975,-89.7518114278894,1.30644511366309,0.195960792707266,-5.9433376439898,
54.78,0.353999999999999,99,99,2,98.5,0,9.09178288522766,-85.3870334242397,1.29036514999271,0.189816646251897,-6.0482510096418,
54.781,0.354999999999997,99,99,2,98.5,0,9.2691943197838,-81.2581739129298,1.27558276734491,0.183622772790092,-6.132401070148,
54.782,0.356000000000002,99,99,2,98.5,0,9.44041041576684,-77.3568075962263,1.26200404839571,0.177417000176741,-6.182525105338,
54.783,0.356999999999999,99,99,2,98.5,0,9.60549662755696,-73.7456034909551,1.24953158607634,0.171235732297094,-6.194851447776,
54.784,0.357999999999997,99,99,2,98.5,0,9.76453468730573,-70.6184933298265,1.23805189314847,0.165110731435591,-6.171739194315,
54.785,0.359000000000002,99,99,2,98.5,0,9.91764160164928,-67.8400554705639,1.22745241256281,0.159073161739609,-6.1156516172899,
54.786,0.359999999999999,99,99,2,98.5,0,10.0649695009957,-65.0877124640391,1.21766042815551,0.153152553465977,-6.0287106189333,
54.787,0.360999999999997,99,99,2,98.5,0,10.2066684245921,-62.399797741301,1.20862800667147,0.147372911120553,-5.9134069218746,
54.788,0.362000000000002,99,99,2,98.5,0,10.3429172377982,-59.8809727891757,1.20029770174013,0.141752583204316,-5.7741377951303,
54.789,0.363,99,99,2,98.5,0,10.4739482489655,-57.6229659208605,1.19259937178747,0.13631850571155,-5.6122471179518,
54.79,0.363999999999997,99,99,2,98.5,0,10.6000097715812,-55.4406231533173,1.18547288769192,0.13110550521346,-5.4236295214045,
54.791,0.365000000000002,99,99,2,98.5,0,10.7213106882281,-53.4171656979683,1.17887061290601,0.12612418739054,-5.2098187939418,
54.792,0.366,99,99,2,98.5,0,10.8379974544252,-51.4679472935679,1.17275126057741,0.1213448533026,-4.990227504977,
54.793,0.366999999999997,99,99,2,98.5,0,10.950215862686,-49.4727643074555,1.16708755758512,0.11673050395115,-4.790433787487,
54.794,0.368000000000002,99,99,2,98.5,0,11.0581272762861,-47.4664875384569,1.1618571317351,0.11226681724348,-4.618645979263,
54.795,0.369,99,99,2,98.5,0,11.1618580660712,-45.5385695008721,1.15703338772475,0.10794932485381,-4.465027205404,
54.796,0.369999999999997,99,99,2,98.5,0,11.2615084854841,-43.8391935736996,1.15258012193647,0.10376086581794,-4.32264067893,
54.797,0.371000000000002,99,99,2,98.5,0,11.3571474103202,-42.137676369074,1.14846875423541,0.09967108215152,-4.197566431175,
54.798,0.372,99,99,2,98.5,0,11.4488108068497,-40.3275540399937,1.14468923267798,0.09564971471716,-4.098861407637,
54.799,0.372999999999998,99,99,2,98.5,0,11.536541353015,-38.5704995656144,1.14122834801087,0.09167619991222,-4.027536515152,
54.8,0.374000000000002,99,99,2,98.5,0,11.620396031887,-37.1558502658807,1.13805334363724,0.08774764108657,-3.974383799979,
54.801,0.375,99,99,2,98.5,0,11.7004383509799,-35.9076448552118,1.13512925784198,0.08387373112626,-3.925650959835,
54.802,0.375999999999998,99,99,2,98.75,0,11.7767637500174,-34.724347467121,1.13243375034257,0.08007095101001,-3.868965666694,
54.803,0.377000000000002,99,99,2,98.75,0,11.8495128140071,-33.5103464160146,1.12995174528676,0.07636757453978,-3.794297975662,
54.804,0.378,99,99,2,98.75,0,11.9188393548632,-32.2903173967409,1.12767087908267,0.07279520756396,-3.693894715713,
54.805,0.378999999999998,99,99,2,98.75,0,11.9848933372891,-31.2247752056355,1.1255731666774,0.06937153026712,-3.567062920449,
54.806,0.380000000000003,99,99,2,98.75,0,12.0477974466689,-30.1827075447875,1.12364177517156,0.06609078804113,-3.425403679279,
54.807,0.381,99,99,2,98.75,0,12.1076411950621,-29.1647369068537,1.12186598840479,0.06293096299765,-3.287347592492,
54.808,0.381999999999998,99,99,2,98.75,0,12.164492550641,-28.1546215521048,1.12023664679015,0.05986413884489,-3.168199931017,
54.809,0.383000000000003,99,99,2,98.75,0,12.2183989360841,-27.2135963169352,1.11874429654327,0.05686558238245,-3.07424411288,
54.81,0.384,99,99,2,98.75,0,12.2694126827892,-26.3720139266372,1.11737749516926,0.05392208486244,-3.002519086807,
54.811,0.384999999999998,99,99,2,98.75,0,12.3175989956667,-25.7867565100172,1.11612082575348,0.05103330817822,-2.943598952002,
54.812,0.385999999999996,99,99,2,98.75,0,12.3630288298348,-25.4304474937743,1.11495743121127,0.04820759941296,-2.886272559269,
54.813,0.387,99,99,2,98.75,0,12.4057996500166,-25.1018776892201,1.11387677671438,0.04545907358503,-2.821474259749,
54.814,0.387999999999998,99,99,2,98.75,0,12.4460399334781,-24.7640564834455,1.11287346705129,0.0428093633616,-2.742036027779,
54.815,0.388999999999996,99,99,2,98.75,0,12.4839064986744,-24.3909456706484,1.11194280150438,0.04028732899803,-2.641052146822,
54.816,0.390000000000001,99,99,2,98.75,0,12.5195614173624,-23.9994542319384,1.11108012361748,0.03791518672337,-2.515369494855,
54.817,0.390999999999998,99,99,2,98.75,0,12.5531570702357,-23.5895798169063,1.11028073128324,0.03570063289608,-2.369833367122,
54.818,0.391999999999996,99,99,2,98.75,0,12.5848258648884,-23.1993535122289,1.10953985672244,0.03363537515153,-2.217041536679,
54.819,0.393000000000001,99,99,2,98.75,0,12.6146605822214,-22.771263174817,1.1088540965452,0.03169662892297,-2.072093114575,
54.82,0.393999999999998,99,99,2,98.75,0,12.6427286292808,-22.2900011657974,1.10822170570117,0.02985493944683,-1.947582657631,
54.821,0.394999999999996,99,99,2,98.75,0,12.6690865189536,-21.801080678122,1.10764063176578,0.0280850009255,-1.849281215423,
54.822,0.396000000000001,99,99,2,98.75,0,12.6937620796205,-21.3422393867678,1.10710833895996,0.02636623818701,-1.776111072921,
54.823,0.396999999999998,99,99,2,98.75,0,12.7167529242776,-20.9467499610403,1.10662220916757,0.02467484456573,-1.725904738179,
54.824,0.397999999999996,99,99,2,98.75,0,12.7380425323926,-20.5804859669647,1.10618015987806,0.02298588849741,-1.698873090555,
54.825,0.399000000000001,99,99,2,98.75,0,12.7576410652249,-20.3568325228253,1.10577900418782,0.02129265649282,-1.690970115089,
54.826,0.399999999999999,99,99,2,98.75,0,12.7755865404456,-20.2825090128267,1.10541435803957,0.01960993813363,-1.688795130089,
54.827,0.400999999999996,99,99,2,98.75,0,12.7919298824022,-20.2657060125423,1.10508301136763,0.01796075252495,-1.675812627657,
54.828,0.402000000000001,99,99,2,98.75,0,12.8067219593521,-20.2323431901747,1.10478348623757,0.01635860243382,-1.645134778568,
54.829,0.402999999999999,99,99,2,98.75,0,12.8200231371484,-20.1648824113227,1.10451482089746,0.01481018670583,-1.600140437453,
54.83,0.403999999999996,99,99,2,98.75,0,12.8318994548118,-20.177289931761,1.10427526267047,0.01332098950251,-1.546770479531,
54.831,0.405000000000001,99,99,2,98.75,0,12.8424421879316,-20.2779052218827,1.10406200850757,0.01190370034019,-1.485390348421,
54.832,0.405999999999999,99,99,2,98.75,0,12.8517572123719,-20.3959777147679,1.10387256940075,0.01057449587903,-1.412436164272,
54.833,0.406999999999996,99,99,2,98.75,0,12.8599239149595,-20.4943570204788,1.1037055997995,0.00933884048834,-1.327565150367,
54.834,0.408000000000001,99,99,2,98.75,0,12.8669997168159,-20.600985820714,1.10356020854792,0.00818392892405,-1.239496963911,
54.835,0.408999999999999,99,99,2,98.75,0,12.8730429547054,-20.6540055763453,1.10343555168434,0.00709330288569,-1.159849054431,
54.836,0.409999999999997,99,99,2,98.75,0,12.8781069856342,-20.6701940484435,1.10333091817184,0.00605924499136,-1.09294125293,
54.837,0.411000000000001,99,99,2,98.75,0,12.8822255345097,-20.6795606691386,1.10324576767894,0.00507414840102,-1.036339946342,
54.838,0.411999999999999,99,99,2,98.75,0,12.8854172101759,-20.8039301064499,1.10317956675492,0.0041241315287,-0.989261066131,
54.839,0.412999999999997,99,99,2,98.75,0,12.8877040621485,-21.0535015201302,1.10313170587987,0.00319829052091,-0.953288028367,
54.84,0.414000000000001,99,99,2,98.75,0,12.8891186089165,-21.38752413948,1.10310168847204,0.0022966075193,-0.925846365295,
54.841,0.414999999999999,99,99,2,98.75,0,12.8897139030997,-21.682620924017,1.10308886876862,0.00143046255394,-0.898268992589,
54.842,0.415999999999997,99,99,2,98.75,0,12.889602321886,-22.0988025430333,1.1030913113608,0.00062900733957,-0.857399450938,
54.843,0.417000000000002,99,99,2,98.75,0,12.8889671544959,-22.6496960819565,1.10310552275435,-5.659444755E-05,-0.786106111492,
54.844,0.417999999999999,99,99,2,98.75,0,12.8879830332065,-23.0405947752889,1.10312800514832,-0.00058277770697,-0.672532256985,
54.845,0.418999999999997,99,99,2,98.75,0,12.8867535850171,-23.1826246703514,1.10315641967505,-0.00095303318961,-0.527230484696,
54.846,0.420000000000002,99,99,2,98.75,0,12.8853130485008,-23.2425774700598,1.10318985827452,-0.00121917661747,-0.38580019924,
54.847,0.420999999999999,99,99,2,98.75,0,12.8836501293897,-23.3688279178417,1.10322861377293,-0.00144392479667,-0.284958469696,
54.848,0.421999999999997,99,99,2,98.75,0,12.8817417813018,-23.5206996707491,1.10327335454309,-0.0016698330257,-0.237514768747,
54.849,0.423000000000002,99,99,2,98.75,0,12.8795650486364,-23.6041463633028,1.10332464363894,-0.00191523476811,-0.231408268095,
54.85,0.423999999999999,99,99,2,98.75,0,12.8770930469328,-23.6709286063474,1.10338307567187,-0.00218479800361,-0.246802136323,
54.851,0.424999999999997,99,99,2,98.75,0,12.874303045143,-23.8095214497777,1.1034493109422,-0.002478821018,-0.26965272124,
54.852,0.426000000000002,99,99,2,98.75,0,12.8711846691123,-23.9937280831073,1.10352384519597,-0.00279311403621,-0.292766081869,
54.853,0.427,99,99,2,98.75,0,12.8677358017462,-24.1900971235253,1.10360693500714,-0.00311901115905,-0.311693248453,
54.854,0.427999999999997,99,99,2,98.75,0,12.8639701537868,-24.4858941478621,1.10369858333074,-0.00344475414347,-0.322369649925,
54.855,0.429000000000002,99,99,2,98.75,0,12.8599173088749,-24.8885843318073,1.10379863688269,-0.00375677286716,-0.321671947727,
54.856,0.43,99,99,2,98.75,0,12.8556252546104,-25.3912576566881,1.1039065387878,-0.00403844863193,-0.307033114233,
54.857,0.430999999999997,99,99,2,98.75,0,12.8511450476107,-25.8576531501331,1.10402134165226,-0.00427673727928,-0.27776251722,
54.858,0.432000000000002,99,99,2,98.75,0,12.8465139633724,-26.1168417678491,1.10414169078436,-0.00446902435072,-0.237504309803,
54.859,0.433,99,99,2,98.75,0,12.8417718314829,-26.2722576144303,1.10426590879378,-0.00461913536208,-0.193434726189,
54.86,0.433999999999998,99,99,2,98.75,0,12.8369576519672,-26.4408304981898,1.10439279392828,-0.004730431882,-0.151119481952,
54.861,0.435000000000002,99,99,2,98.75,0,12.8320869038466,-26.6512585060983,1.10452209302466,-0.00480953580931,-0.113283089569,
54.862,0.436,99,99,2,98.75,0,12.8271545308749,-26.838032461145,1.10465400759118,-0.00487226499449,-0.083849282454,
54.863,0.436999999999998,99,99,2,98.75,0,12.8221481650711,-26.9563537345044,1.10478866477892,-0.00493608336601,-0.067968363721,
54.864,0.438000000000002,99,99,2,98.75,0,12.8170590411311,-27.1354514176073,1.1049263047292,-0.00500899539502,-0.066219712865,
54.865,0.439,99,99,2,98.75,0,12.8118913332751,-27.4439806593133,1.10506733000916,-0.00508787167391,-0.071973206727,
54.866,0.439999999999998,99,99,2,98.75,0,12.806671579343,-27.7740579864396,1.10521144229634,-0.00515974650403,-0.074986569295,
54.867,0.441000000000003,99,99,2,98.75,0,12.8014343217563,-28.0556129097581,1.10535763948008,-0.00520939120565,-0.067306226201,
54.868,0.442,99,99,2,98.75,0,12.7961940504182,-28.2799876450401,1.10550524639653,-0.00523291061574,-0.048476152711,
54.869,0.442999999999998,99,99,2,98.75,0,12.7909457470003,-28.499780367746,1.1056542451218,-0.00524177683662,-0.026961040786,
54.87,0.444000000000003,99,99,2,98.75,0,12.7856936831628,-28.6896852341247,1.10580442648389,-0.00524702191984,-0.012175836345,
54.871,0.445,99,99,2,98.75,0,12.7804666579823,-28.7351285175088,1.10595450695762,-0.00524342411452,-0.003678557956,
54.872,0.445999999999998,99,99,2,98.75,0,12.7752911556823,-28.6851656844429,1.10610309638997,-0.00521907991345,0.007168857483,
54.873,0.447000000000003,99,99,2,98.75,0,12.770170534618,-28.7890858378364,1.10625024832147,-0.00517449479344,0.024192558027,
54.874,0.448,99,99,2,98.75,0,12.7650935444061,-28.9989076375396,1.10639694286009,-0.00512399617929,0.04028689257,
54.875,0.448999999999998,99,99,2,98.75,0,12.7600463528699,-29.1397625651264,1.10654366136217,-0.00508113986491,0.046431875977,
54.876,0.449999999999996,99,99,2,98.75,0,12.755030665977,-29.2134186276964,1.10669000200519,-0.00504667974592,0.042630145694,
54.877,0.451000000000001,99,99,2,98.75,0,12.7500637054184,-29.3427560390441,1.10683542511021,-0.0050105203856,0.037488750006,
54.878,0.451999999999998,99,99,2,98.75,0,12.7451543079158,-29.5445593912346,1.10697997572986,-0.00496430954209,0.038665032878,
54.879,0.452999999999996,99,99,2,98.75,0,12.7402889277878,-29.8023074425292,1.10712434826313,-0.00491346120702,0.044586646021,
54.88,0.454000000000001,99,99,2,98.75,0,12.735444405767,-29.9903659235638,1.10726918172453,-0.00487232790822,0.046542576721,
54.881,0.454999999999998,99,99,2,98.75,0,12.7306218828444,-30.1230141640327,1.10741413080125,-0.0048441797235,0.040152275457,
54.882,0.455999999999996,99,99,2,98.75,0,12.7258491272828,-30.2327542201687,1.10755816246586,-0.00481419244376,0.03259544745,
54.883,0.457000000000001,99,99,2,98.75,0,12.721153914922,-30.3891635058016,1.10770047885458,-0.00476442280966,0.035370257542,
54.884,0.457999999999998,99,99,2,98.75,0,12.7165595908395,-30.6407340716288,1.10784067441868,-0.00468820883755,0.051768229195,
54.885,0.458999999999996,99,99,2,98.75,0,12.7120842515308,-30.8412309234217,1.10797825074604,-0.00458889513385,0.075210590184,
54.886,0.460000000000001,99,99,2,98.75,0,12.7077311822335,-31.0026440793199,1.1081128560828,-0.00447435373742,0.096952092042,
54.887,0.460999999999999,99,99,2,98.75,0,12.7034869485182,-31.0942652813186,1.10824463298096,-0.00435709962612,0.110786903072,
54.888,0.461999999999996,99,99,2,98.75,0,12.6993395409151,-31.1345657513721,1.10837367714443,-0.00424783655624,0.114042984413,
54.889,0.463000000000001,99,99,2,98.75,0,12.6952851208954,-31.1941575675617,1.10850003055624,-0.00414855916174,0.108664679692,
54.89,0.463999999999999,99,99,2,98.75,0,12.6913198462823,-31.3422979257265,1.10862401766592,-0.00405557267274,0.100385825464,
54.891,0.464999999999996,99,99,2,98.75,0,12.6874339711778,-31.5228816176893,1.10874616078398,-0.0039681983825,0.093190101022,
54.892,0.466000000000001,99,99,2,98.75,0,12.6836154937301,-31.6365678502853,1.10886674725069,-0.00388947566004,0.086462479534,
54.893,0.466999999999999,99,99,2,98.75,0,12.6798521899216,-31.7281646890657,1.10898597762034,-0.00382214465298,0.077900678174,
54.894,0.467999999999996,99,99,2,98.75,0,12.6761438324919,-31.8493150211624,1.10910386162996,-0.00376337198662,0.06818101947,
54.895,0.469000000000001,99,99,2,98.75,0,12.6724988694416,-32.0190367513285,1.10922026052111,-0.00370582302952,0.060973055792,
54.896,0.469999999999999,99,99,2,98.75,0,12.6689390481062,-32.260354848128,1.10933467209594,-0.00363843884965,0.060866636709,
54.897,0.470999999999997,99,99,2,98.75,0,12.6654879593483,-32.5064524923057,1.10944643009628,-0.00355274407662,0.069926790987,
54.898,0.472000000000001,99,99,2,98.75,0,12.6621591211073,-32.6788646305902,1.10955492578448,-0.00344703337608,0.086206373335,
54.899,0.472999999999999,99,99,2,98.75,0,12.6589675321879,-32.971481213185,1.10965969024265,-0.00332433859959,0.104801145072,
54.9,0.473999999999997,99,99,2,98.75,0,12.6559180278792,-33.3901353767135,1.10976087526051,-0.00319013833267,0.121051200834,
54.901,0.475000000000001,99,99,2,98.75,0,12.6530106880428,-33.5750230293866,1.10985822049685,-0.00304948035022,0.13268593445,
54.902,0.475999999999999,99,99,2,98.75,0,12.6502405129802,-33.6097242736224,1.10995127725263,-0.00290883974595,0.138715454337,
54.903,0.476999999999997,99,99,2,98.75,0,12.6475795848102,-33.6992062406825,1.11004082936728,-0.00277855042696,0.13754043214,
54.904,0.478000000000002,99,99,2,98.75,0,12.6450068807083,-33.8526526069886,1.11012772483946,-0.00266723501735,0.12770253176,
54.905,0.478999999999999,99,99,2,98.75,0,12.6425190351955,-33.8689190522373,1.11021196524355,-0.0025737137456,0.111669341066,
54.906,0.479999999999997,99,99,2,98.75,0,12.6401178861622,-33.8892415226215,1.11029331396443,-0.00248729414568,0.096729011559,
54.907,0.481000000000002,99,99,2,98.75,0,12.637811275618,-33.9255143893584,1.11037152507996,-0.00239879643042,0.089173536071,
54.908,0.481999999999999,99,99,2,98.75,0,12.6356168181099,-33.9877079505789,1.11044604142029,-0.0023013261801,0.090566041176,
54.909,0.482999999999997,99,99,2,98.75,0,12.6335488569906,-34.048055546059,1.11051638907711,-0.00219015450229,0.098888918049,
54.91,0.484000000000002,99,99,2,98.75,0,12.6316146834552,-34.0483782746808,1.11058224423718,-0.00206577376077,0.111023968676,
54.911,0.484999999999999,99,99,2,98.75,0,12.6298094263553,-34.1050161752431,1.11064376143679,-0.00193563487992,0.122145464206,
54.912,0.485999999999997,99,99,2,98.75,0,12.62812564934,-34.1799049432937,1.11070124972713,-0.00180748800517,0.127813837221,
54.913,0.487000000000002,99,99,2,98.75,0,12.6265534602171,-34.253488824149,1.11075504484579,-0.00168674467296,0.126523413818,
54.914,0.488,99,99,2,98.75,0,12.6250866538189,-34.2853835471573,1.11080531147405,-0.00157405067321,0.120549595234,
54.915,0.488999999999997,99,99,2,98.75,0,12.6237185187556,-34.3300687023029,1.11085224907711,-0.00146881981514,0.112869856984,
54.916,0.490000000000002,99,99,2,98.75,0,12.6224385866661,-34.2467598776996,1.11089613591886,-0.00137127557163,0.105163816206,
54.917,0.491,99,99,2,98.75,0,12.6212353163381,-34.1540329863009,1.11093728824109,-0.00128339445319,0.096951290357,
54.918,0.491999999999997,99,99,2,98.75,0,12.620097706113,-34.1414906917623,1.11097613508412,-0.00120657082558,0.087462808712,
54.919,0.493000000000002,99,99,2,98.75,0,12.6190222649517,-34.2087978388864,1.11101288844095,-0.00113865753683,0.077467773201,
54.92,0.494,99,99,2,98.75,0,12.6180112731073,-34.2890073727889,1.11104751380216,-0.00107475708537,0.069382539221,
54.921,0.494999999999997,99,99,2,98.75,0,12.6170651424757,-34.3137685585389,1.11107996739602,-0.00101086827563,0.065100810131,
54.922,0.496000000000002,99,99,2,98.75,0,12.6161851378788,-34.3944423705272,1.11111019916676,-0.00094575118503,0.064260786514,
54.923,0.497,99,99,2,98.75,0,12.6153740466251,-34.4804299489582,1.11113813107002,-0.00087916840435,0.065188313366,
54.924,0.497999999999998,99,99,2,98.75,0,12.614637958999,-34.4788685178949,1.11116351111318,-0.00080926416838,0.067139510243,
54.925,0.499000000000002,99,99,2,98.75,0,12.6139885613168,-34.4253762039032,1.11118588424159,-0.00073258173121,0.070941259743,
54.926,0.5,99,99,2,98.75,0,12.6134329237325,-34.3988273460342,1.11120500489869,-0.000647276636,0.077235774222,
54.927,0.500999999999998,99,99,2,99,0,12.6129725620635,-34.404474713975,1.11122084210018,-0.00055518283908,0.084754908311,
54.928,0.00100000000000477,100,100,2,99,0,12.6125916432405,-34.4653280839831,1.31169021102551E-05,-0.00046511158979,0.089450422118,
54.929,0.00200000000000244,100,100,2,99,0,12.6122629375992,-34.4523300871225,2.444371362742E-05,-0.00038908772229,0.086463799042,
54.93,0.00300000000000011,100,100,2,99,0,12.6119701712532,-34.3722739900656,3.45184775483176E-05,-0.00033358780722,0.074080896308,
54.931,0.00400000000000489,100,100,2,99,0,12.6117080589794,-34.3131722152473,4.35201267947605E-05,-0.00029435191293,0.056777894565,
54.932,0.00500000000000256,100,100,2,99,0,12.6114762204084,-34.2181596936803,5.14642298270473E-05,-0.00026222638462,0.04198199073,
54.933,0.00600000000000023,100,100,2,99,0,12.611278415575,-34.1376332595717,5.82247829470361E-05,-0.00023071056056,0.034075726829,
54.934,0.007000000000005,100,100,2,99,0,12.6111159862074,-34.1014922113607,6.37668019436433E-05,-0.00019740231494,0.032236461803,
54.935,0.00800000000000267,100,100,2,99,0,12.6109834587592,-34.110778747956,6.82868010528637E-05,-0.00016407143152,0.032777310492,
54.936,0.00900000000000034,100,100,2,99,0,12.610865708183,-34.1929869695312,7.23082049347568E-05,-0.00013706496242,0.031426767784,
54.937,0.00999999999999801,100,100,2,99,0,12.6107523519481,-34.2759454687644,7.61888951217315E-05,-0.00012086533541,0.025661740769,
54.938,0.0110000000000028,100,100,2,99,0,12.610651459039,-34.2867309014833,7.96476390547696E-05,-0.00011093553955,0.017560730292,
54.939,0.0120000000000005,100,100,2,99,0,12.6105787779008,-34.2094587641817,8.21368295760294E-05,-9.616837557E-05,0.013261955641,
54.94,0.0129999999999981,100,100,2,99,0,12.6105387739548,-34.0785525187463,8.35027245358333E-05,-7.134151181E-05,0.016333863478,
54.941,0.0140000000000029,100,100,2,99,0,12.6105241196425,-34.013537101695,8.40016459022763E-05,-4.220221355E-05,0.023102684176,
54.942,0.0150000000000006,100,100,2,99,0,12.6105244906303,-34.0825186825385,8.39890144987976E-05,-1.775161238E-05,0.026438958783,
54.943,0.0159999999999982,100,100,2,99,0,12.6105300789382,-34.3211967851887,8.3797883988268E-05,-2.5714062E-06,0.0230760918,
54.944,0.017000000000003,100,100,2,99,0,12.6105352084424,-34.4476253445468,8.36215090060932E-05,3.88547076E-06,0.015344325911,
54.945,0.0180000000000007,100,100,2,99,0,12.6105358349437,-34.4630609179052,8.35999226893591E-05,3.91624444E-06,0.007146044742,
54.946,0.0189999999999984,100,100,2,99,0,12.6105331675935,-34.4878388350002,8.36918807891607E-05,9.8924672E-07,0.001071273244,
54.947,0.0200000000000031,100,100,2,99,0,12.6105304027672,-34.5253492679162,8.37872855328214E-05,-1.70843758E-06,-0.001970872274,
54.948,0.0210000000000008,100,100,2,99,0,12.6105297055882,-34.5677364366733,8.3811370657827E-05,-2.11528928E-06,-0.002079228546,
54.949,0.0219999999999985,100,100,2,99,0,12.6105329992743,-34.5497034611625,8.36975450795308E-05,-1.2021366E-07,-0.000373523284,
54.95,0.0230000000000032,100,100,2,99,0,12.6105351735945,-34.6024167921382,8.36223656506263E-05,1.7606168E-06,0.001240223876,
54.951,0.0240000000000009,100,100,2,99,0,12.6105364943819,-34.5779334903194,8.35766793869652E-05,2.25407013E-06,0.001498890869,
54.952,0.0249999999999986,100,100,2,99,0,12.6105476247616,-34.4930174081269,8.31922864392709E-05,4.51972493E-06,0.00144132691,
54.953,0.0260000000000034,100,100,2,99,0,12.610571900979,-34.3725481748139,8.23563887166756E-05,1.213125332E-05,0.003337756436,
54.954,0.027000000000001,100,100,2,99,0,12.6105995611886,-34.2640742588684,8.14071370314196E-05,2.134766375E-05,0.006489230925,
54.955,0.0279999999999987,100,100,2,99,0,12.6106131093304,-34.2790971913997,8.09428207304563E-05,2.24113916E-05,0.006289141044,
54.956,0.0290000000000035,100,100,2,99,0,12.6106060350625,-34.4437878148953,8.11859027862738E-05,1.159503923E-05,-5.4491442E-05,
54.957,0.0300000000000011,100,100,2,99,0,12.6105930592319,-34.5950423399693,8.16338208693423E-05,-2.6580138E-06,-0.008283338502,
54.958,0.0309999999999988,100,100,2,99,0,12.610587051421,-34.5447866507442,8.18415103793768E-05,-9.11495588E-06,-0.010883209547,
54.959,0.0320000000000036,100,100,2,99,0,12.6105898126772,-34.5440736107803,8.17461243514117E-05,-5.46749668E-06,-0.005764454981,
54.96,0.0330000000000013,100,100,2,99,0,12.6106034418035,-34.6103800623883,8.12748669574148E-05,3.3908971E-06,0.00217941919,
54.961,0.0339999999999989,100,100,2,99,0,12.6106271730562,-34.5938691440889,8.0453715199269E-05,1.339940319E-05,0.007640147099,
54.962,0.0350000000000037,100,100,2,99,0,12.6106621376097,-34.4672049492185,7.92463703902513E-05,2.407060502E-05,0.009862281119,
54.963,0.0360000000000014,100,100,2,99,0,12.6107061477594,-34.3944265215838,7.77310650335039E-05,3.430824212E-05,0.010342323689,
54.964,0.036999999999999,100,100,2,99,0,12.6107518501534,-34.4685191563836,7.61574642922369E-05,4.180414413E-05,0.009545185992,
54.965,0.0380000000000038,100,100,2,99,0,12.6107930990937,-34.496629152259,7.47350946568304E-05,4.38586846E-05,0.006686014075,
54.966,0.0390000000000015,100,100,2,99,0,12.6108229236464,-34.5431218254807,7.3705554811454E-05,3.915766013E-05,0.00166027945,
54.967,0.0399999999999991,100,100,2,99,0,12.6108372843723,-34.6020736115319,7.32090672102004E-05,2.861272094E-05,-0.004427529404,
54.968,0.0410000000000039,100,100,2,99,0,12.6108379554053,-34.5949705217268,7.31858504536831E-05,1.489296607E-05,-0.009744209478,
54.969,0.0420000000000016,100,100,2,99,0,12.6108329849466,-34.4461985880758,7.33574335924914E-05,3.08549336E-06,-0.012193625518,
54.97,0.0429999999999993,100,100,2,99,0,12.6108306904232,-34.3441558338653,7.34363541283756E-05,-2.4752306E-06,-0.010507132733,
54.971,0.044000000000004,100,100,2,99,0,12.610833635316,-34.4470429987347,7.33350627797336E-05,-1.52547913E-06,-0.005481605956,
54.972,0.0450000000000017,100,100,2,99,0,12.6108413108618,-34.5940567971302,7.30700987219279E-05,2.79226384E-06,7.006291E-06,
54.973,0.0459999999999994,100,100,2,99,0,12.6108485857966,-34.689983045788,7.28180802838097E-05,6.1361666E-06,0.003015193457,
54.974,0.0470000000000042,100,100,2,99,0,12.6108559514133,-34.6261411168773,7.25628022877345E-05,7.42232267E-06,0.003018730816,
54.975,0.0480000000000018,100,100,2,99,0,12.6108672295243,-34.4637409312599,7.21732006070397E-05,8.51216042E-06,0.001844584581,
54.976,0.0489999999999995,100,100,2,99,0,12.6108805256488,-34.3700788891013,7.17155890868071E-05,1.070976676E-05,0.001481063823,
54.977,0.0500000000000043,100,100,2,99,0,12.6108891343014,-34.3569296558308,7.14197656179749E-05,1.128447888E-05,0.001378407497,
54.978,0.0510000000000019,100,100,2,99,0,12.6108846697256,-34.2970204471927,7.15730210032461E-05,6.09292565E-06,-0.000668299219,
54.979,0.0519999999999996,100,100,2,99,0,12.6108672026319,-34.2861638946048,7.21719954555056E-05,-4.44336265E-06,-0.005065094146,
54.98,0.0530000000000044,100,100,2,99,0,12.6108504370656,-34.3914323331312,7.27477048485525E-05,-1.335588011E-05,-0.008445736527,
54.981,0.054000000000002,100,100,2,99,0,12.6108476442366,-34.4615041312488,7.28438520809505E-05,-1.278420333E-05,-0.00655439044,
54.982,0.0549999999999997,100,100,2,99,0,12.6108588155511,-34.4399190717537,7.24589923493113E-05,-2.79540714E-06,0.000551554331,
54.983,0.0560000000000045,100,100,2,99,0,12.6108739481004,-34.4385902579319,7.1937838626468E-05,8.17044189E-06,0.007456776219,
54.984,0.0570000000000022,100,100,2,99,0,12.6108761144975,-34.4003595219015,7.18632723817336E-05,1.00543332E-05,0.007948145862,
54.985,0.0579999999999998,100,100,2,99,0,12.610860876983,-34.4056862468479,7.2387488941672E-05,8.3506928E-07,0.001277532057,
54.986,0.0590000000000046,100,100,2,99,0,12.6108388095073,-34.5226714004736,7.31480263738149E-05,-1.206532938E-05,-0.006992657773,
54.987,0.0600000000000023,100,100,2,99,0,12.6108238207931,-34.8220789206802,7.36677206987224E-05,-1.789485889E-05,-0.009674797493,
54.988,0.0609999999999999,100,100,2,99,0,12.6108290487247,-34.949592804862,7.34853399393387E-05,-1.104734891E-05,-0.004147678408,
54.989,0.0620000000000047,100,100,2,99,0,12.610848594282,-34.8301761216354,7.28033976997722E-05,3.45822557E-06,0.005341817483,
54.99,0.0630000000000024,100,100,2,99,0,12.610863177107,-34.7947304868372,7.22957337870866E-05,1.37614499E-05,0.010947450085,
54.991,0.0640000000000001,100,100,2,99,0,12.6108641090638,-34.8429295077034,7.22632841387849E-05,1.197638423E-05,0.007937442375,
54.992,0.0650000000000048,100,100,2,99,0,12.6108615535177,-34.8687914643136,7.23523598935572E-05,3.98096639E-06,-2.1684321E-05,
54.993,0.0660000000000025,100,100,2,99,0,12.6108762457016,-34.8012534890954,7.18405573394421E-05,3.66502377E-06,-0.003828469623,
54.994,0.0670000000000002,100,100,2,99,0,12.6109191304649,-34.6886392467693,7.03505285457595E-05,1.797563872E-05,0.001768182085,
54.995,0.0680000000000049,100,100,2,99,0,12.6109779432231,-34.5964708589293,6.83131043359708E-05,3.920538795E-05,0.011998387963,
54.996,0.0690000000000026,100,100,2,99,0,12.6110265316221,-34.5763258523447,6.66326066181E-05,5.096705197E-05,0.016313583383,
54.997,0.0700000000000003,100,100,2,99,0,12.6110527640382,-34.678886001665,6.57242408550474E-05,4.494891189E-05,0.009268148353,
54.998,0.0710000000000051,100,100,2,99,0,12.6110664046406,-34.760697581569,6.52506419811516E-05,2.916166686E-05,-0.003614930335,
54.999,0.0720000000000027,100,100,2,99,0,12.6110827050158,-34.7012808264568,6.46845138305707E-05,1.821607835E-05,-0.011404016589,
55,0.0730000000000004,100,100,2,99,0,12.6111064726717,-34.5289545065317,6.386179362039E-05,1.774262757E-05,-0.009256444147,
55.001,0.0739999999999981,100,100,2,99,0,12.6111441293872,-34.44706461677,6.25630884627526E-05,2.569418957E-05,-0.001087588265,
55.002,0.0750000000000028,100,100,2,99,0,12.6111963979039,-34.4318877628129,6.07629881272942E-05,3.787353798E-05,0.006692394089,
55.003,0.0760000000000005,100,100,2,99,0,12.6112474358353,-34.4519756524036,5.90051431856864E-05,4.751580075E-05,0.010149886795,
55.004,0.0769999999999982,100,100,2,99,0,12.611285594203,-34.476524034838,5.76900436755068E-05,4.754323788E-05,0.00751894077,
55.005,0.078000000000003,100,100,2,99,0,12.6113084108491,-34.514215672063,5.6902975032358E-05,3.741972033E-05,-0.000133401582,
55.006,0.0790000000000006,100,100,2,99,0,12.6113234151725,-34.5552205774957,5.63848049495164E-05,2.507546577E-05,-0.007744452249,
55.007,0.0799999999999983,100,100,2,99,0,12.6113441992268,-34.6296115765854,5.56658342958372E-05,1.908193948E-05,-0.009772814976,
55.008,0.0810000000000031,100,100,2,99,0,12.6113707032572,-34.5794646595404,5.47486745574588E-05,2.076612786E-05,-0.00559543037,
55.009,0.0820000000000007,100,100,2,99,0,12.611390779456,-34.4783658178435,5.40554651990988E-05,2.285968809E-05,-0.000496314466,
55.01,0.0829999999999984,100,100,2,99,0,12.6113978749412,-34.4552575212836,5.38109064507353E-05,1.81103342E-05,-8.2125561E-05,
55.011,0.0840000000000032,100,100,2,99,0,12.6113947147121,-34.5143487685535,5.39198863265256E-05,7.91298499E-06,-0.00433087825,
55.012,0.0850000000000009,100,100,2,99,0,12.6113923508188,-34.654329181968,5.40016400094601E-05,1.5538593E-07,-0.007831025569,
55.013,0.0859999999999985,100,100,2,99,0,12.6114046823542,-34.7496164246906,5.3573711397803E-05,1.80583457E-06,-0.005667109795,
55.014,0.0870000000000033,100,100,2,99,0,12.6114320924263,-34.7077726265582,5.26217953762398E-05,1.24464678E-05,0.001525089707,
55.015,0.088000000000001,100,100,2,99,0,12.6114638341252,-34.5495629705478,5.1522622626976E-05,2.418599913E-05,0.008273247283,
55.016,0.0889999999999986,100,100,2,99,0,12.6114934421411,-34.4251629166603,5.05015202350023E-05,2.980210596E-05,0.00957283455,
55.017,0.0900000000000034,100,100,2,99,0,12.6115194380137,-34.3542502541832,4.96075298030974E-05,2.916447781E-05,0.005577013686,
55.018,0.0910000000000011,100,100,2,99,0,12.6115391538514,-34.299214259549,4.89307495143976E-05,2.519550512E-05,0.000239088982,
55.019,0.0919999999999987,100,100,2,99,0,12.6115453130212,-34.2974021222704,4.87195004126306E-05,1.75328478E-05,-0.004077674717,
55.02,0.0930000000000035,100,100,2,99,0,12.6115352785676,-34.3886310419176,4.90641138242154E-05,5.36808315E-06,-0.00790518413,
55.021,0.0940000000000012,100,100,2,99,0,12.6115148768238,-34.5331329527282,4.976717590921E-05,-8.28655364E-06,-0.011261094093,
55.022,0.0949999999999989,100,100,2,99,0,12.6114940538843,-34.5593252242536,5.04865299433277E-05,-1.741791545E-05,-0.011850692654,
55.023,0.0960000000000036,100,100,2,99,0,12.6114859507168,-34.5551985822904,5.07665532296642E-05,-1.688064919E-05,-0.007587755883,
55.024,0.0970000000000013,100,100,2,99,0,12.6114974967169,-34.5207171074468,5.03677779590817E-05,-6.02434882E-06,0.000732388072,
55.025,0.097999999999999,100,100,2,99,0,12.6115230575912,-34.467826527189,4.94860742179526E-05,9.85571208E-06,0.009267718296,
55.026,0.0990000000000038,100,100,2,99,0,12.611546401251,-34.5088951995725,4.86809896642626E-05,2.069124769E-05,0.012859575154,
55.027,0.100000000000001,100,100,2,99,0,12.6115546195088,-34.614398798233,4.83969531330786E-05,1.947120355E-05,0.008732219272,
55.028,0.100999999999999,100,100,2,99,0,12.6115494079473,-34.676593716849,4.85775102703201E-05,8.72693261E-06,-0.000460638255,
55.029,0.102000000000004,100,100,2,99,0,12.6115442277868,-34.5603264396341,4.87568394476057E-05,-1.17319541E-06,-0.007633760024,
55.03,0.103000000000002,100,100,2,99,0,12.6115469310872,-34.5101046129093,4.86634803849029E-05,-2.82454253E-06,-0.007678736626,
55.031,0.103999999999999,100,100,2,99,0,12.6115508932277,-34.7057906105255,4.85263588387852E-05,7.1591416E-07,-0.002568440247,
55.032,0.105000000000004,100,100,2,99,0,12.6115486186703,-34.9466086431025,4.86055730277712E-05,1.7134791E-06,0.001220048022,
55.033,0.106000000000002,100,100,2,99,0,12.6115410893792,-35.0245948172744,4.88689898077155E-05,-1.97996814E-06,0.000353128811,
55.034,0.106999999999999,100,100,2,99,0,12.6115319890866,-34.8661653954807,4.91870030003838E-05,-6.42417144E-06,-0.002511370404,
55.035,0.108000000000004,100,100,2,99,0,12.6115275899063,-34.8498823744924,4.93403497330291E-05,-7.21865846E-06,-0.003124061598,
55.036,0.109000000000002,100,100,2,99,0,12.6115332761505,-35.0116075868583,4.9141724986157E-05,-2.78388661E-06,-0.000320624243,
55.037,0.109999999999999,100,100,2,99,0,12.6115503340854,-35.1014486869899,4.85437330155492E-05,6.07212407E-06,0.004192365838,
55.038,0.111000000000004,100,100,2,99,0,12.6115837836598,-35.0933657766766,4.73697396756734E-05,1.856391953E-05,0.008620374465,
55.039,0.112000000000002,100,100,2,99,0,12.6116407218059,-35.0357030134694,4.53732300940146E-05,3.557865403E-05,0.012757941738,
55.04,0.113,100,100,2,99,0,12.6117171028412,-34.9755256497702,4.26994650268853E-05,5.572444135E-05,0.016597168634,
55.041,0.114000000000004,100,100,2,99,0,12.6118029053348,-35.0108700163074,3.96969613944975E-05,7.337460603E-05,0.018457784682,
55.042,0.115000000000002,100,100,2,99,0,12.6118950513311,-35.0471419615941,3.64691787382299E-05,8.487910692E-05,0.016555152335,
55.043,0.116,100,100,2,99,0,12.6119997734397,-34.9738966372515,3.2802803332288E-05,9.401577918E-05,0.012637851438,
55.044,0.117000000000004,100,100,2,99,0,12.612117315513,-34.8907705553032,2.86967844118635E-05,0.00010479526432,0.010339864713,
55.045,0.118000000000002,100,100,2,99,0,12.6122319509542,-34.8528327440823,2.46992400434465E-05,0.00011282409426,0.009461444716,
55.046,0.119,100,100,2,99,0,12.6123319421871,-34.8759271216184,2.1213107714857E-05,0.00011111416834,0.005932399742,
55.047,0.120000000000005,100,100,2,99,0,12.6124162841163,-34.9155549197964,1.82699335908865E-05,9.968970428E-05,-0.001702660604,
55.048,0.121000000000002,100,100,2,99,0,12.6124915422671,-34.9262801873058,1.5641849913095E-05,8.631158679E-05,-0.009096198647,
55.049,0.122,100,100,2,99,0,12.6125639402197,-34.9622877386188,1.31119552975179E-05,7.712522486E-05,-0.011534494793,
55.05,0.123000000000005,100,100,2,99,0,12.6126354963951,-34.8985886577409,1.06124667382801E-05,7.30034789E-05,-0.008924503807,
55.051,0.124000000000002,100,100,2,99,0,12.612706320266,-34.8224940405362,8.1435082677217E-06,7.158901721E-05,-0.00482894547,
55.052,0.125,100,100,2,99,0,12.6127785138454,-34.8658782892374,5.62798174996715E-06,7.14544748E-05,-0.001842671187,
55.053,0.126000000000005,100,100,2,99.25,0,12.6128578320459,-34.9565562752337,2.85888681617053E-06,7.392005318E-05,0.000261518043,
55.054,0.127000000000002,100,100,2,99.25,0,12.6129505623336,-34.9089715520155,-3.80438436309305E-07,8.120444033E-05,0.003131184774,
55.055,0.128,100,100,2,99.25,0,12.6130607268113,-34.7673163115439,-4.21836436714784E-06,9.393691854E-05,0.007473171837,
55.056,0.129000000000005,100,100,2,99.25,0,12.613182626625,-34.6817067941101,-8.45127586046601E-06,0.0001084548215,0.011633678317,
55.057,0.130000000000003,100,100,2,99.25,0,12.6133078090226,-34.7031131650043,-1.27941549266097E-05,0.00011936398807,0.012899654618,
55.058,0.131,100,100,2,99.25,0,12.6134270702628,-34.713320645931,-1.69334999213788E-05,0.00012242127521,0.009636223658,
55.059,0.132000000000005,100,100,2,99.25,0,12.6135278006522,-34.6050664680841,-2.04247339894437E-05,0.00011547833218,0.002412781918,
55.06,0.133000000000003,100,100,2,99.25,0,12.6136036994204,-34.5761250840157,-2.30501176048392E-05,9.884015828E-05,-0.00685144324,
55.061,0.134,100,100,2,99.25,0,12.6136591111595,-34.6747896259226,-2.49687744116045E-05,7.720214583E-05,-0.015229556204,
55.062,0.134999999999998,100,100,2,99.25,0,12.6137031475233,-34.8198922590136,-2.64989209597388E-05,5.814523524E-05,-0.019363730327,
55.063,0.136000000000003,100,100,2,99.25,0,12.6137425559699,-34.8166385009611,-2.78710547121364E-05,4.606060123E-05,-0.017739558174,
55.064,0.137,100,100,2,99.25,0,12.6137755588268,-34.7619164879977,-2.90192002552203E-05,3.887514485E-05,-0.012706563695,
55.065,0.137999999999998,100,100,2,99.25,0,12.6138065324166,-34.7043350329902,-3.00950098477415E-05,3.431575368E-05,-0.007867390106,
55.066,0.139000000000003,100,100,2,99.25,0,12.6138432383522,-34.6393993275782,-3.13676731735768E-05,3.330207367E-05,-0.004283497385,
55.067,0.140000000000001,100,100,2,99.25,0,12.6138865644968,-34.6170609157608,-3.28679808774268E-05,3.697229456E-05,-0.000672223088,
55.068,0.140999999999998,100,100,2,99.25,0,12.6139319023951,-34.6361457533896,-3.44378782983767E-05,4.194360801E-05,0.002655378388,
55.069,0.142000000000003,100,100,2,99.25,0,12.6139699428702,-34.6448931807482,-3.57556201180387E-05,4.254514523E-05,0.003270052813,
55.07,0.143000000000001,100,100,2,99.25,0,12.6139955073397,-34.6218845592608,-3.66410043284304E-05,3.648690038E-05,-8.5464532E-05,
55.071,0.143999999999998,100,100,2,99.25,0,12.6140132367149,-34.629687558865,-3.72548978759824E-05,2.695674289E-05,-0.005101884021,
55.072,0.145000000000003,100,100,2,99.25,0,12.6140299685464,-34.5882271670072,-3.78339691167184E-05,1.978064038E-05,-0.007782367204,
55.073,0.146000000000001,100,100,2,99.25,0,12.6140516567868,-34.5260281816947,-3.85834524081474E-05,1.851801728E-05,-0.006108275181,
55.074,0.146999999999998,100,100,2,99.25,0,12.6140795321643,-34.5246677151935,-3.9545859507939E-05,2.205745886E-05,-0.001596047519,
55.075,0.148000000000003,100,100,2,99.25,0,12.6141109267299,-34.7630224348799,-4.06334879698989E-05,2.70749928E-05,0.002542249884,
55.076,0.149000000000001,100,100,2,99.25,0,12.6141473316006,-35.0584254725867,-4.19044083628251E-05,3.18419007E-05,0.00449891842,
55.077,0.149999999999999,100,100,2,99.25,0,12.614181117445,-35.1626477873879,-4.30906474946369E-05,3.411607128E-05,0.004094274516,
55.078,0.151000000000003,100,100,2,99.25,0,12.6141957983998,-35.205070130936,-4.36071801317439E-05,2.884008541E-05,0.000756944841,
55.079,0.152000000000001,100,100,2,99.25,0,12.6141947317114,-35.2563316768374,-4.35695999527752E-05,1.568812872E-05,-0.005373730181,
55.08,0.152999999999999,100,100,2,99.25,0,12.6142006632283,-35.3209377562757,-4.37789150851131E-05,5.75706615E-06,-0.009822897208,
55.081,0.154000000000003,100,100,2,99.25,0,12.6142308042166,-35.2782445614556,-4.48428796460121E-05,1.109489673E-05,-0.006316662861,
55.082,0.155000000000001,100,100,2,99.25,0,12.6142844131096,-35.2512040899099,-4.67333824758498E-05,2.991851829E-05,0.004802899929,
55.083,0.155999999999999,100,100,2,99.25,0,12.6143514180013,-35.2778930477983,-4.90962797385919E-05,5.05873212E-05,0.015331438671,
55.084,0.157000000000004,100,100,2,99.25,0,12.6144286945772,-35.2924863882219,-5.18229983867968E-05,6.606759735E-05,0.018558690477,
55.085,0.158000000000001,100,100,2,99.25,0,12.6145160207293,-35.2390200154906,-5.49026209171188E-05,7.72099435E-05,0.015735455178,
55.086,0.158999999999999,100,100,2,99.25,0,12.6146066793322,-35.1512625577147,-5.80933632505776E-05,8.531101448E-05,0.011531342599,
55.087,0.160000000000004,100,100,2,99.25,0,12.6146929263912,-35.0852738737273,-6.11222105959541E-05,8.833540449E-05,0.00749044924,
55.088,0.161000000000001,100,100,2,99.25,0,12.6147783922698,-35.0742018203934,-6.41203312170546E-05,8.733616805E-05,0.003340306366,
55.089,0.161999999999999,100,100,2,99.25,0,12.6148723474355,-35.0632800030209,-6.74152205846212E-05,8.824701885E-05,0.000780877667,
55.09,0.163000000000004,100,100,2,99.25,0,12.6149795920783,-35.0056276727688,-7.11724780728673E-05,9.53952227E-05,0.002209030543,
55.091,0.164000000000001,100,100,2,99.25,0,12.6151030520187,-34.9275384429152,-7.54894503387504E-05,0.00010812238895,0.006950686655,
55.092,0.164999999999999,100,100,2,99.25,0,12.6152377213853,-34.9361488580079,-8.01936996026598E-05,0.00012195817898,0.011386064664,
55.093,0.166000000000004,100,100,2,99.25,0,12.6153746677911,-35.0232652613386,-8.4984044761427E-05,0.0001319896505,0.012361907343,
55.094,0.167000000000002,100,100,2,99.25,0,12.6155122392291,-35.0969431951646,-8.98073137136635E-05,0.0001364508037,0.009501671577,
55.095,0.167999999999999,100,100,2,99.25,0,12.6156540293465,-35.0553765342424,-9.47807665454548E-05,0.00013864953216,0.005453521274,
55.096,0.169000000000004,100,100,2,99.25,0,12.615798590907,-35.0365954846732,-9.98470689665965E-05,0.00014135594651,0.003029761649,
55.097,0.170000000000002,100,100,2,99.25,0,12.6159437017812,-35.0445165485242,-0.000104931834684407,0.00014389492168,0.002503876829,
55.098,0.170999999999999,100,100,2,99.25,0,12.6160883734706,-35.0198685873369,-0.000110000001157573,0.00014481432465,0.002103335264,
55.099,0.172000000000004,100,100,2,99.25,0,12.616237693509,-34.9357061112021,-0.000115222885710864,0.00014619794954,0.001544541206,
55.1,0.173000000000002,100,100,2,99.25,0,12.6164005569579,-34.918804690214,-0.000120911258989054,0.00015198855685,0.00256645304,
55.101,0.173999999999999,100,100,2,99.25,0,12.6165812356722,-34.9602223251862,-0.000127224085360922,0.00016414500537,0.006378264947,
55.102,0.175000000000004,100,100,2,99.25,0,12.6167779564209,-34.9157091883499,-0.000134097108144715,0.000180146745,0.01140028349,
55.103,0.176000000000002,100,100,2,99.25,0,12.6169750985348,-34.8660355251065,-0.000140975568470481,0.00019203454794,0.01361397129,
55.104,0.177,100,100,2,99.25,0,12.6171508751912,-34.8176030354072,-0.000147099946971707,0.00019060606709,0.00912709881,
55.105,0.178000000000004,100,100,2,99.25,0,12.617291410184,-34.8068632319476,-0.000151992283903724,0.00017161379457,-0.002702733214,
55.106,0.179000000000002,100,100,2,99.25,0,12.6173985538295,-34.7919243342299,-0.000155720817815563,0.00014109008769,-0.017182565327,
55.107,0.18,100,100,2,99.25,0,12.6174894165138,-34.8681614944336,-0.000158885569007339,0.00011227676133,-0.026551162416,
55.108,0.181000000000004,100,100,2,99.25,0,12.6175800876712,-34.9010342932344,-0.000162048595868214,9.568951459E-05,-0.02565861663,
55.109,0.182000000000002,100,100,2,99.25,0,12.6176694876878,-34.8048809607341,-0.000165164450862676,9.034727323E-05,-0.016881569012,
55.11,0.183,100,100,2,99.25,0,12.6177545636004,-34.6880469112688,-0.000168120537992422,8.848412764E-05,-0.007672014243,
55.111,0.184000000000005,100,100,2,99.25,0,12.6178344308858,-34.6964860304967,-0.000170891315136146,8.481055564E-05,-0.003450002244,
55.112,0.185000000000002,100,100,2,99.25,0,12.617908078833,-34.7617327209236,-0.000173449042748075,7.95640721E-05,-0.003602317539,
55.113,0.186,100,100,2,99.25,0,12.617968254798,-34.7435044952036,-0.000175540315112244,7.1472154E-05,-0.005628240446,
55.114,0.187000000000005,100,100,2,99.25,0,12.6180016525683,-34.7872654752704,-0.000176701401457535,5.618410125E-05,-0.009397128127,
55.115,0.188000000000002,100,100,2,99.25,0,12.6179932089716,-34.8826388692574,-0.000176407269165679,2.887881861E-05,-0.016734381322,
55.116,0.189,100,100,2,99.25,0,12.6179366448448,-34.9749203551677,-0.0001744315532477,-1.032734563E-05,-0.027270378153,
55.117,0.190000000000005,100,100,2,99.25,0,12.6178252387787,-34.8917483972129,-0.000170539767893274,-5.858054956E-05,-0.038350011667,
55.118,0.191000000000003,100,100,2,99.25,0,12.6176302924983,-34.714768731697,-0.000163755002091648,-0.0001200155486,-0.049493630556,
55.119,0.192,100,100,2,99.25,0,12.6172722556798,-34.5823290807815,-0.000151349545873813,-0.00021881137754,-0.068688709477,
55.12,0.193000000000005,100,100,2,99.25,0,12.6166151608925,-34.4113141387755,-0.000128681864211444,-0.00039882704771,-0.111953532339,
55.121,0.194000000000003,100,100,2,99.25,0,12.6154697772014,-33.9812549185237,-8.95139976080372E-05,-0.0007138640678,-0.196156122777,
55.122,0.195,100,100,2,99.25,0,12.6135929713029,-33.3624730016744,-2.63184447106823E-05,-0.00121832368218,-0.331357393401,
55.123,0.196000000000005,100,100,2,99.25,0,12.6107068881938,-32.7627741993043,6.91030348036747E-05,-0.00196016239946,-0.518846566963,
55.124,0.197000000000003,100,100,2,99.25,0,12.6065116387638,-32.1490748510485,0.000205263733661809,-0.00297604984219,-0.752839604045,
55.125,0.198,100,100,2,99.25,0,12.6006967634467,-31.4647993470923,0.000390217107110402,-0.00428838729986,-1.022607829577,
55.126,0.198999999999998,100,100,2,99.25,0,12.592925063175,-30.7714064773521,0.000632057675971964,-0.00591603503735,-1.317995537134,
55.127,0.200000000000003,100,100,2,99.25,0,12.5828104385007,-30.1120754816369,0.000939964460414444,-0.0078875301061,-1.636208852922,
55.128,0.201000000000001,100,100,2,99.25,0,12.5699406382174,-29.5312469484977,0.00132376328436123,-0.01023830003622,-1.982123327783,
55.129,0.201999999999998,100,100,2,99.25,0,12.5539123585833,-29.0310197685975,0.00179308947784307,-0.01299079140584,-2.357503903559,
55.13,0.203000000000003,100,100,2,99.25,0,12.5343133307997,-28.6071420358427,0.00235791544514541,-0.01615196027371,-2.754578187245,
55.131,0.204000000000001,100,100,2,99.25,0,12.5107145139966,-28.2776259228157,0.00302912205411587,-0.0197277400446,-3.162948889301,
55.132,0.204999999999998,100,100,2,99.25,0,12.482678157025,-28.0651265583446,0.00381894481478184,-0.0237301421478,-3.579383199677,
55.133,0.206000000000003,100,100,2,99.25,0,12.4497693307342,-28.0204265947996,0.00474179967784494,-0.02816683571681,-4.00470284325,
55.134,0.207000000000001,100,100,2,99.25,0,12.4115521430539,-28.1901066396592,0.0058159039269583,-0.03303959391189,-4.437225517088,
55.135,0.207999999999998,100,100,2,99.25,0,12.367589516365,-28.5003157079364,0.00706203386421578,-0.03834831096603,-4.872726464977,
55.136,0.209000000000003,100,100,2,99.25,0,12.3174538964844,-28.9299868930887,0.00850168577463251,-0.04409089294383,-5.30808887352,
55.137,0.210000000000001,100,100,2,99.25,0,12.2607564243303,-29.564867191474,0.0101599409549351,-0.05025227760514,-5.738063305755,
55.138,0.210999999999999,100,100,2,99.25,0,12.197142882932,-30.4723231070959,0.0120695301001774,-0.05680373724531,-6.152766349915,
55.139,0.212000000000003,100,100,2,99.25,0,12.126271446829,-31.7065527062334,0.0142728832122572,-0.06371608903645,-6.542704791803,
55.14,0.213000000000001,100,100,2,99.25,0,12.047807635668,-33.3365513248264,0.0168246481282637,-0.07097178020899,-6.907085960269,
55.141,0.213999999999999,100,100,2,99.25,0,11.9614289585389,-35.1491982746397,0.019782502354559,-0.07856055843403,-7.25261547387,
55.142,0.215000000000003,100,100,2,99.25,0,11.8668028716195,-36.9785987564914,0.0231950879501426,-0.08647844027576,-7.587583194297,
55.143,0.216000000000001,100,100,2,99.25,0,11.763575316991,-38.9061614560976,0.0271117870653086,-0.09473230429504,-7.919945409988,
55.144,0.216999999999999,100,100,2,99.25,0,11.6513754865264,-41.133847680623,0.0316020247930737,-0.1033387970666,-8.258857991699,
55.145,0.218000000000004,100,100,2,99.25,0,11.5298430882674,-43.6445475655367,0.0367536856404769,-0.11230791805209,-8.609492610055,
55.146,0.219000000000001,100,100,2,99.25,0,11.3986434609563,-46.4086460130456,0.0426611583583139,-0.12163279663631,-8.96705980093,
55.147,0.219999999999999,100,100,2,99.25,0,11.2574670260437,-49.4644133629818,0.0494286667217523,-0.13129250087592,-9.318599001218,
55.148,0.221000000000004,100,100,2,99.25,0,11.1060336330185,-52.9685774812485,0.057184554402383,-0.14126048006593,-9.651739028113,
55.149,0.222000000000001,100,100,2,99.25,0,10.9440768072219,-56.8145334284075,0.0660746164868868,-0.15151333542284,-9.96095955496,
55.15,0.222999999999999,100,100,2,99.25,0,10.7713421819506,-60.9984456924699,0.0762498068871622,-0.16203313580759,-10.247476015192,
55.151,0.224000000000004,100,100,2,99.25,0,10.5875947385375,-65.5829718562773,0.0878793128162556,-0.17280513087143,-10.515375280125,
55.152,0.225000000000001,100,100,2,99.25,0,10.3926472660622,-70.4986793519957,0.101143699792914,-0.18380360668922,-10.764280886298,
55.153,0.225999999999999,100,100,2,99.25,0,10.1863575179589,-75.8508569105106,0.116238904278219,-0.19499014644504,-10.986950773014,
55.154,0.227000000000004,100,100,2,99.25,0,9.96862504126796,-81.7368874206412,0.133394889212894,-0.206319883991192,-11.1730799115106,
55.155,0.228000000000002,100,100,2,99.25,0,9.7394200191322,-88.1842822152228,0.152868281936762,-0.217741421748094,-11.3143182722774,
55.156,0.228999999999999,100,100,2,99.25,0,9.49878311733916,-95.039034492406,0.174913427571141,-0.229192822399498,-11.4029565620276,
55.157,0.230000000000004,100,100,2,99.25,0,9.24679441650769,-102.266477797818,0.199772807425589,-0.240612877607385,-11.4330381499983,
55.158,0.231000000000002,100,100,2,99.25,0,8.98356418703102,-109.93018456711,0.227701095489834,-0.251955619713501,-11.4062649104108,
55.159,0.231999999999999,100,100,2,99.25,0,8.70922598483094,-118.030695089445,0.258970284438306,-0.263190162700133,-11.3334763008021,
55.16,0.233000000000004,100,100,2,99.25,0,8.42392927721506,-126.509157174166,0.293853491804143,-0.274293362007797,-11.2275996187868,
55.161,0.234000000000002,100,100,2,99.25,0,8.12782000712433,-135.32803885396,0.33261970230339,-0.285252924733595,-11.0995114367946,
55.162,0.234999999999999,100,100,2,99.25,0,7.82097207633202,-144.682790329391,0.375580074070569,-0.296087099558749,-10.9650373301646,
55.163,0.236000000000004,100,100,2,99.25,0,7.50338710280496,-154.519631927226,0.423091170746375,-0.306847445402261,-10.8496425008546,
55.164,0.237000000000002,100,100,2,99.25,0,7.17503467703078,-163.662949893855,0.47532918203639,-0.317594096380771,-10.778386078504,
55.165,0.238,100,100,2,99.25,0,6.83576696712496,-173.147785871887,0.532463685533855,-0.328396775339536,-10.7675678320871,
55.166,0.239000000000004,100,100,2,99.25,0,6.4854504170913,-182.976428597337,0.59484178863201,-0.33930777670468,-10.8183672866022,
55.167,0.240000000000002,100,100,2,99.25,0,6.12415864151837,-193.869356631998,0.662917430063345,-0.350294465657089,-10.9012109194098,
55.168,0.241,100,100,2,99.25,0,5.75212745058671,-205.747170678906,0.737252336349073,-0.361221032518771,-10.9459460490114,
55.169,0.242000000000004,100,100,2,99.25,0,5.3697081844151,-218.333486887407,0.818340643281118,-0.371925788896027,-10.8780603435723,
55.17,0.243000000000002,100,100,2,99.25,0,4.97735395839334,-230.403097054618,0.906372490821227,-0.382283331554669,-10.6671354069996,
55.171,0.244,100,100,2,99.25,0,4.57564004520518,-243.484686489038,1.00155614879093,-0.392181644216632,-10.3239377752225,
55.172,0.245000000000005,100,100,2,99.25,0,4.1652231921932,-258.280662240251,1.1045226264789,-0.401516888985386,-9.867161293004,
55.173,0.246000000000002,100,100,2,99.25,0,3.74676427093578,-273.732845678619,1.21583552578795,-0.410218591538466,-9.3141024720145,
55.174,0.247,100,100,2,99.25,0,3.32093815124944,-288.927535748733,1.33563326925018,-0.418256460312464,-8.6926150840576,
55.175,0.248000000000005,100,100,2,99.25,0,2.88847761534885,-304.332859206724,1.46391412341569,-0.425606285021939,-8.0306056883657,
55.176,0.249000000000002,100,100,2,99.25,0,2.45012250149293,-319.977516933638,1.60074894642291,-0.432238584422914,-7.3409803362819,
55.177,0.25,100,100,2,99.25,0,2.0066096026456,-336.898882443668,1.74641552445902,-0.438134075966744,-6.6265146363815,
55.178,0.251000000000005,100,100,2,99.5,0,1.55864086971714,-354.126828281477,1.9011944804863,-0.443302313574246,-5.8983577200751,
55.179,0.252000000000002,100,100,2,99.5,0,1.10687852519882,-371.50940276578,2.06510204298897,-0.447770066181079,-5.1762682881997,
55.18,0.253,100,100,2,99.5,0,0.652026361355012,-389.131552403293,2.23809163517241,-0.451551206839008,-4.4719145223625,
55.181,0.254000000000005,100,100,2,99.5,0,0.194793682200648,-407.755111780734,2.42027294739603,-0.454639372639328,-3.7792317853175,
55.182,0.255000000000003,100,100,2,99.5,0,-0.264185029917836,-428.168329108339,2.61210847956049,-0.457042334450433,-3.0904970608382,
55.183,0.256,100,100,2,99.5,0,-0.724149979690667,-450.262860522852,2.81413225856929,-0.458750773525552,-2.4001661870737,
55.184,0.257000000000005,100,100,2,99.5,0,-1.18398419184406,-473.282028301066,3.02647102673961,-0.459629857190695,-1.667989272922,
55.185,0.258000000000003,100,100,2,99.5,0,-1.64234301305758,-494.914119073235,3.24836164914659,-0.459430816157263,-0.8044528785633,
55.186,0.259,100,100,2,99.5,0,-2.09794049548818,-516.796897886718,3.47882814528371,-0.457973036860606,0.253225102827,
55.187,0.259999999999998,100,100,2,99.5,0,-2.54978191267188,-538.747046139487,3.71729738106795,-0.455299064491406,1.4450157394524,
55.188,0.261000000000003,100,100,2,99.5,0,-2.99713972804326,-562.546457832705,3.96363350907779,-0.451623156214074,2.6096952198767,
55.189,0.262,100,100,2,99.5,0,-3.43932133270807,-587.043228254297,4.21779721512783,-0.447150032703105,3.6144920749835,
55.19,0.262999999999998,100,100,2,99.5,0,-3.87556083048656,-612.620501273061,4.47946756656387,-0.441951835810885,4.4514809552532,
55.191,0.264000000000003,100,100,2,99.5,0,-4.30494000080925,-639.219631317979,4.74822460531816,-0.435964031607646,5.2175570711504,
55.192,0.265000000000001,100,100,2,99.5,0,-4.72644605292984,-666.631984733727,5.02343678498679,-0.4290753330988,6.0211903016154,
55.193,0.265999999999998,100,100,2,99.5,0,-5.13902028711472,-695.120899647673,5.30434886169814,-0.421188442200507,6.917887933998,
55.194,0.267000000000003,100,100,2,99.5,0,-5.54160411844897,-724.035591059351,5.590013590344,-0.412256658710404,7.9009009590019,
55.195,0.268000000000001,100,100,2,99.5,0,-5.93315193987214,-754.251370536928,5.87942360996965,-0.402270149216115,8.9347335138158,
55.196,0.268999999999998,100,100,2,99.5,0,-6.3126183193594,-785.392779491336,6.17154520562464,-0.391234191815721,9.9849260648647,
55.197,0.270000000000003,100,100,2,99.5,0,-6.67891291505528,-817.651869469139,6.46513850141135,-0.379139276930619,11.0388102739749,
55.198,0.271000000000001,100,100,2,99.5,0,-7.03089367560577,-850.237266687276,6.75867094474046,-0.365951980289677,12.1049421664416,
55.199,0.271999999999998,100,100,2,99.5,0,-7.36741630456341,-882.699507690973,7.05025716430603,-0.351637471616252,13.1977457239349,
55.2,0.273000000000003,100,100,2,99.5,0,-7.68742568786115,-915.175416039274,7.33792558710073,-0.336206094737525,14.3114055252707,
55.201,0.274000000000001,100,100,2,99.5,0,-7.98990666749543,-947.476446123062,7.61963396709297,-0.319704835896675,15.4172810057733,
55.202,0.274999999999999,100,100,2,99.5,0,-8.27378797087261,-979.799341793619,7.8931927484135,-0.302159597856189,16.4934880121039,
55.203,0.276000000000003,100,100,2,99.5,0,-8.53793066997949,-1011.7280955486,8.15621646473598,-0.283539624973219,17.5544647333404,
55.204,0.277000000000001,100,100,2,99.5,0,-8.78122922605182,-1042.85728657874,8.40615529313543,-0.263811037477602,18.6301368140189,
55.205,0.277999999999999,100,100,2,99.5,0,-9.0026245972496,-1072.36476180938,8.64030547841973,-0.24298084352033,19.7264850503194,
55.206,0.279000000000003,100,100,2,99.5,0,-9.20101035394958,-1100.14460798357,8.85580293605182,-0.221063442310805,20.8258741944514,
55.207,0.280000000000001,100,100,2,99.5,0,-9.37526590901922,-1126.0397361014,9.04976543033474,-0.198049580560218,21.9201771961677,
55.208,0.280999999999999,100,100,2,99.5,0,-9.52438671268743,-1149.0330160041,9.21939576893355,-0.17395419013831,23.0093821896647,
55.209,0.282000000000004,100,100,2,99.5,0,-9.64757146099443,-1168.37206761106,9.3621302499088,-0.148880412480275,24.0644479913498,
55.21,0.283000000000001,100,100,2,99.5,0,-9.74415558165087,-1183.3602093359,9.47570024690295,-0.122985376620193,25.026638947811,
55.211,0.283999999999999,100,100,2,99.5,0,-9.81357871801231,-1193.9497960048,9.55822040524004,-0.09641601366311,25.8509565285682,
55.212,0.285000000000004,100,100,2,99.5,0,-9.85545811519197,-1199.68326585389,9.60834236009001,-0.069308309895407,26.5285670711687,
55.213,0.286000000000001,100,100,2,99.5,0,-9.86965424336531,-1200.06342390677,9.6253759158857,-0.041837538232301,27.0551218931379,
55.214,0.286999999999999,100,100,2,99.5,0,-9.85632280143759,-1194.96077719336,9.60941135285948,-0.014242837844918,27.3990299117682,
55.215,0.288000000000004,100,100,2,99.5,0,-9.81585053537428,-1184.90584040944,9.56125205538807,0.013215418138079,27.5165884487841,
55.216,0.289000000000001,100,100,2,99.5,0,-9.74876237175447,-1170.18312468287,9.48225275847341,0.040314788089583,27.3915234948649,
55.217,0.289999999999999,100,100,2,99.5,0,-9.65570065492253,-1150.69643656695,9.37426024020837,0.066895460316499,27.0514264435755,
55.218,0.291000000000004,100,100,2,99.5,0,-9.53745558730793,-1127.27856073191,9.23958058641838,0.092824656103099,26.5408386121976,
55.219,0.292000000000002,100,100,2,99.5,0,-9.39497397195245,-1100.83263205683,9.0808481454483,0.117961026702066,25.8867911624049,
55.22,0.292999999999999,100,100,2,99.5,0,-9.22930166486154,-1071.8154538355,8.90087433500509,0.142167858553845,25.0953565311005,
55.221,0.294000000000004,100,100,2,99.5,0,-9.04153810713913,-1040.82803102187,8.70253560654714,0.165342474759734,24.1760287821684,
55.222,0.295000000000002,100,100,2,99.5,0,-8.83286505988736,-1008.06095213208,8.48876165274949,0.187409029391769,23.1518624274998,
55.223,0.295999999999999,100,100,2,99.5,0,-8.60453952760462,-974.051092218646,8.26247825896429,0.208295945902252,22.0450816677256,
55.224,0.297000000000004,100,100,2,99.5,0,-8.35784855623684,-939.15524438103,8.0264928941629,0.227939418498958,20.8677747728155,
55.225,0.298000000000002,100,100,2,99.5,0,-8.09412655790452,-903.627541034291,7.78350171483184,0.24629064773163,19.6288327616289,
55.226,0.298999999999999,100,100,2,99.5,0,-7.81477942244463,-868.203454781318,7.53602375823178,0.263300231381229,18.3364085669603,
55.227,0.300000000000004,100,100,2,99.5,0,-7.52121404379832,-833.914607391933,7.28618229152048,0.278925067277545,16.996652998536,
55.228,0.301000000000002,100,100,2,99.5,0,-7.21475827353456,-800.404561845879,7.03575902158767,0.293167023175619,15.6253962228283,
55.229,0.302,100,100,2,99.5,0,-6.89668027080837,-767.684278563912,6.78637173836029,0.306075322517254,14.2567229306149,
55.23,0.303000000000004,100,100,2,99.5,0,-6.56825606176982,-735.630127114788,6.53950931604965,0.317695194881169,12.9218682152507,
55.231,0.304000000000002,100,100,2,99.5,0,-6.23078580043914,-704.361415646315,6.29653215492486,0.328034162832481,11.6221291334501,
55.232,0.305,100,100,2,99.5,0,-5.88549525241481,-674.293374987559,6.05851392082769,0.337102531651139,10.3420595352967,
55.233,0.306000000000004,100,100,2,99.5,0,-5.53353879650271,-645.801641973321,5.82620593900931,0.344944234382567,9.0815487322852,
55.234,0.307000000000002,100,100,2,99.5,0,-5.17608394956131,-619.231958486141,5.60010974299533,0.351606200854558,7.8557816797659,
55.235,0.308,100,100,2,99.5,0,-4.81427043592876,-593.99451724986,5.38062887598629,0.357112929639952,6.669316043843,
55.236,0.309000000000005,100,100,2,99.5,0,-4.44906692226995,-569.600999679033,5.16815429035626,0.361522913633083,5.5242766536942,
55.237,0.310000000000002,100,100,2,99.5,0,-4.08127930295132,-545.974715246147,4.96300682217525,0.364961745348878,4.4476617476091,
55.238,0.311,100,100,2,99.5,0,-3.7116075708604,-523.792016085847,4.76527556192288,0.367577621452371,3.4832907153052,
55.239,0.312000000000005,100,100,2,99.5,0,-3.34076252596625,-503.115302896173,4.57486381651788,0.369458492100202,2.642261150485,
55.24,0.313000000000002,100,100,2,99.5,0,-2.96936858152983,-482.458892107478,4.39184567260929,0.370657720915862,1.8968797348783,
55.241,0.314,100,100,2,99.5,0,-2.59782559298371,-463.105453979027,4.21618677110547,0.371273987806649,1.2288327878494,
55.242,0.315000000000005,100,100,2,99.5,0,-2.22638399150065,-444.69967977285,4.0475884747478,0.371467859194292,0.6644368173057,
55.243,0.316000000000003,100,100,2,99.5,0,-1.85539273768892,-427.589332158746,3.88578267763644,0.371336913300579,0.2231448541794,
55.244,0.317,100,100,2,99.5,0,-1.48539265983697,-411.005785960508,3.73064254814125,0.370829005325195,-0.1465893338075,
55.245,0.318000000000005,100,100,2,99.5,0,-1.11695829666928,-394.419727443669,3.58226933008621,0.369827716234606,-0.5428336854442,
55.246,0.319000000000003,100,100,2,99.5,0,-0.750620837532449,-377.845592740722,3.44081447249829,0.36827500636371,-1.0187009901196,
55.247,0.32,100,100,2,99.5,0,-0.386936355760732,-362.037798026354,3.30627241872698,0.366170637136555,-1.5527814436819,
55.248,0.321000000000005,100,100,2,99.5,0,-0.0264810456139157,-348.004318978044,3.17830319297592,0.363511623493781,-2.1052647449631,
55.249,0.322000000000003,100,100,2,99.5,0,0.330363019311473,-335.114052290263,3.05641982476162,0.360340688067858,-2.6461968530329,
55.25,0.323,100,100,2,99.5,0,0.683503028244503,-322.956499776927,2.94022430444383,0.356816221694109,-3.1234181753258,
55.251,0.323999999999998,100,100,2,99.5,0,1.03299162318649,-311.161759578551,2.82941575469923,0.353155801533425,-3.4591932254817,
55.252,0.325000000000003,100,100,2,99.5,0,1.37882901494982,-299.549926910935,2.72381228631177,0.349488658185703,-3.6216509807149,
55.253,0.326000000000001,100,100,2,99.5,0,1.72086241229636,-288.142052718324,2.62330714411881,0.34579155439189,-3.6741145254379,
55.254,0.326999999999998,100,100,2,99.5,0,2.05889297482601,-276.948218426377,2.52779825300127,0.34197374522651,-3.7243272714558,
55.255,0.328000000000003,100,100,2,99.5,0,2.39275053856587,-265.972605128884,2.43716914127337,0.33797951333778,-3.8345243709149,
55.256,0.329000000000001,100,100,2,99.5,0,2.72220197966115,-255.094169608825,2.35133604135127,0.333787626583423,-4.0006015314131,
55.257,0.329999999999998,100,100,2,99.5,0,3.04690998645141,-244.477233727167,2.27022862403796,0.329350247597148,-4.2062379642443,
55.258,0.331000000000003,100,100,2,99.5,0,3.36651258641295,-234.456802928301,2.19369434237538,0.32459941503315,-4.4577673900165,
55.259,0.332000000000001,100,100,2,99.5,0,3.68069780327933,-224.971280870472,2.12152158630397,0.319509007081608,-4.7586691069443,
55.26,0.332999999999998,100,100,2,99.5,0,3.98921499527538,-215.96748639499,2.0535029911445,0.314110024333829,-5.0811077741499,
55.261,0.334000000000003,100,100,2,99.5,0,4.29179156170462,-207.252967868977,1.98947469519759,0.308435411787106,-5.3890992485911,
55.262,0.335000000000001,100,100,2,99.5,0,4.58823559022008,-199.01773946704,1.92925643262232,0.302518992725149,-5.66446556161,
55.263,0.335999999999999,100,100,2,99.5,0,4.87848902966963,-191.23152460809,1.8726208370521,0.296426613169821,-5.8966652553981,
55.264,0.337000000000003,100,100,2,99.5,0,5.1625339984254,-183.706516100885,1.81937120502283,0.290248074961189,-6.0654390033079,
55.265,0.338000000000001,100,100,2,99.5,0,5.4403874508862,-176.377169992706,1.76934595734487,0.284050055075413,-6.158535115784,
55.266,0.338999999999999,100,100,2,99.5,0,5.71211701115202,-169.231803753998,1.72238987011481,0.277873739690797,-6.1856640322848,
55.267,0.340000000000003,100,100,2,99.5,0,5.97782568392957,-162.367358718055,1.67833548343751,0.271760461677833,-6.1639155234684,
55.268,0.341000000000001,100,100,2,99.5,0,6.23762339639607,-155.804843089832,1.63700527833745,0.265741650930716,-6.1038490447055,
55.269,0.341999999999999,100,100,2,99.5,0,6.49159284632948,-149.588522536612,1.59822498579672,0.259822521799888,-6.0172464419844,
55.27,0.343000000000004,100,100,2,99.5,0,6.7397977938582,-143.498446739102,1.5618521678815,0.25398857797193,-5.9234780248537,
55.271,0.344000000000001,100,100,2,99.5,0,6.98225870688494,-137.411644162461,1.52779730932228,0.248211087899533,-5.8425632921507,
55.272,0.344999999999999,100,100,2,99.5,0,7.21896097951312,-131.518397381727,1.49596913331654,0.242456531257766,-5.7875461698763,
55.273,0.346000000000004,100,100,2,99.5,0,7.44991779497828,-125.882631159886,1.46624487239183,0.236706227598842,-5.7601607761031,
55.274,0.347000000000001,100,100,2,99.5,0,7.6751590353642,-120.54234047496,1.43849233925528,0.230965780090294,-5.7486227086641,
55.275,0.347999999999999,100,100,2,99.5,0,7.89470373821059,-115.230960319105,1.41261094962431,0.225246951647833,-5.7369186338347,
55.276,0.349000000000004,100,100,2,99.5,0,8.10853769612569,-109.812641369126,1.38854996759808,0.219540440628862,-5.7216189352401,
55.277,0.350000000000001,100,100,2,99.5,0,8.31657156022553,-104.367697296059,1.36627158586471,0.213807153249909,-5.7182391540126,
55.278,0.350999999999999,100,100,2,99.5,0,8.51866552738726,-99.0976821032553,1.34571202301328,0.207991923162985,-5.7498372833497,
55.279,0.352000000000004,100,100,2,99.5,0,8.71467756919506,-94.1157626129479,1.32677594211151,0.202051358636984,-5.8282476062558,
55.28,0.353000000000002,100,100,2,99.5,0,8.90450439942674,-89.458397642624,1.30935229163462,0.195981055941143,-5.9418856452299,
55.281,0.353999999999999,100,100,2,99.5,0,9.08809372003577,-85.1488390539185,1.29332427965535,0.189811140817721,-6.0612649731633,
55.282,0.355000000000004,100,100,2,99.5,0,9.26544758519981,-81.0798299361959,1.27858363118212,0.183589936862328,-6.155418044739,
55.283,0.356000000000002,100,100,2,99.5,0,9.43659441188735,-77.2384777116664,1.26503579320187,0.177362390254587,-6.2077201015061,
55.284,0.356999999999999,100,100,2,99.5,0,9.60160426342821,-73.7319310159019,1.25257999083628,0.171167845686486,-6.2157432001446,
55.285,0.358000000000004,100,100,2,99.5,0,9.76056722735799,-70.6180930754602,1.24110683699983,0.16503687780154,-6.1853721750465,
55.286,0.359000000000002,100,100,2,99.5,0,9.91358277440211,-67.7076897358674,1.23052383933624,0.158992805147406,-6.1239723206489,
55.287,0.359999999999999,100,100,2,99.5,0,10.0607864542327,-64.8571426471618,1.22076682376479,0.153056211945759,-6.0378973876315,
55.288,0.361000000000004,100,100,2,99.5,0,10.2023361456387,-62.2354066256079,1.2117718682,0.147251043467272,-5.9294096204451,
55.289,0.362000000000002,100,100,2,99.5,0,10.3384205822354,-59.9026154676894,1.2034613262382,0.141606311490587,-5.7964649448944,
55.29,0.363,100,100,2,99.5,0,10.4692856211237,-57.6887757917756,1.19576702524316,0.13615819372697,-5.6338786633052,
55.291,0.364000000000004,100,100,2,99.5,0,10.5951953654834,-55.5131356294335,1.18864041337912,0.13094426984224,-5.4368438638713,
55.292,0.365000000000002,100,100,2,99.5,0,10.7163801903247,-53.4009780396037,1.18204104448526,0.12597885686276,-5.2096287768211,
55.293,0.366,100,100,2,99.5,0,10.8330043883617,-51.4363710514556,1.17592775860422,0.12123411265553,-4.97376561938,
55.294,0.367000000000004,100,100,2,99.5,0,10.94519223857,-49.5419315535739,1.17026348926075,0.11666148172968,-4.759310854491,
55.295,0.368000000000002,100,100,2,99.5,0,11.0530713332532,-47.7270370832968,1.1650168451221,0.11222612789938,-4.583081781599,
55.296,0.369,100,100,2,99.5,0,11.1567690200983,-45.9334776348147,1.1601606557596,0.1079172989893,-4.438579482899,
55.297,0.370000000000005,100,100,2,99.5,0,11.2563932124976,-44.1685731426548,1.15567248373848,0.10373006086279,-4.310309151075,
55.298,0.371000000000002,100,100,2,99.5,0,11.3520052400033,-42.5009892541368,1.15152915744659,0.09964259126496,-4.193784802977,
55.299,0.372,100,100,2,99.5,0,11.4436431891122,-40.8566724261362,1.14770979486714,0.09562345345474,-4.096900620151,
55.3,0.373000000000005,100,100,2,99.5,0,11.5313666560782,-39.2339406272057,1.1441968817429,0.09165582798507,-4.024183644338,
55.301,0.374000000000002,100,100,2,99.5,0,11.6152536480113,-37.7158894652057,1.14096933685479,0.087746869099,-3.965479196755,
55.302,0.375,100,100,2,99.5,0,11.6953684222573,-36.3027462964102,1.13800434370778,0.08390626913684,-3.906051183977,
55.303,0.376000000000005,100,100,2,99.75,0,11.7717787099992,-35.1511484022532,1.13527443738067,0.0801350936009,-3.840280311467,
55.304,0.377000000000002,100,100,2,99.75,0,11.8446139105475,-34.1086136378774,1.13275216305162,0.07644910753505,-3.766446022779,
55.305,0.378,100,100,2,99.75,0,11.9140382887308,-32.9721049017419,1.13042364446527,0.07288447999688,-3.675135348573,
55.306,0.379000000000005,100,100,2,99.75,0,11.9801990603872,-31.7689683839339,1.12828198478205,0.06946854293473,-3.556427953668,
55.307,0.380000000000003,100,100,2,99.75,0,12.0432123654601,-30.6770442379093,1.12631451996009,0.06619561363942,-3.417641874904,
55.308,0.381,100,100,2,99.75,0,12.1031723445378,-29.7168337917809,1.12450391212855,0.06304154724939,-3.280172753778,
55.309,0.382000000000005,100,100,2,99.75,0,12.160159090061,-28.693892761026,1.12283959352361,0.05998400680991,-3.160767476449,
55.31,0.383000000000003,100,100,2,99.75,0,12.2142262310112,-27.6864542652721,1.12131543143886,0.05700283421765,-3.063587870479,
55.311,0.384,100,100,2,99.75,0,12.2654147090871,-26.8251541185336,1.11992024830354,0.05407942345981,-2.9867543961,
55.312,0.384999999999998,100,100,2,99.75,0,12.3137801165979,-26.0984009532115,1.11864041364956,0.05120515576866,-2.925996388159,
55.313,0.386000000000003,100,100,2,99.75,0,12.3593867425227,-25.4637167441152,1.1174646265427,0.04838469420453,-2.872868773051,
55.314,0.387,100,100,2,99.75,0,12.4023197859172,-24.8845740712493,1.11638382386549,0.04563218564151,-2.816217501903,
55.315,0.387999999999998,100,100,2,99.75,0,12.442692781925,-24.3984973813393,1.11538897124198,0.04296710393758,-2.746666405626,
55.316,0.389000000000003,100,100,2,99.75,0,12.4806437602608,-24.1103408711824,1.11446849230718,0.04041440492221,-2.657594955089,
55.317,0.390000000000001,100,100,2,99.75,0,12.5163306070284,-23.8693412256896,1.1136123705257,0.03799834416694,-2.545422343908,
55.318,0.390999999999998,100,100,2,99.75,0,12.5499099457784,-23.5920519239028,1.11281550942664,0.03573383383278,-2.411587106967,
55.319,0.392000000000003,100,100,2,99.75,0,12.5815320169405,-23.2740369669552,1.11207450802765,0.03362441087891,-2.263449246406,
55.32,0.393000000000001,100,100,2,99.75,0,12.6113293006071,-22.8973052592396,1.11138661773685,0.03166181518982,-2.111900988523,
55.321,0.393999999999998,100,100,2,99.75,0,12.6393992545887,-22.4620820776601,1.11074999977926,0.02982652100975,-1.968453415818,
55.322,0.395000000000003,100,100,2,99.75,0,12.6657974597061,-22.0052937927473,1.11016307032463,0.02808662822784,-1.844864213328,
55.323,0.396000000000001,100,100,2,99.75,0,12.6905405017683,-21.5450888589413,1.10962428584975,0.0264031808601,-1.751579577107,
55.324,0.396999999999998,100,100,2,99.75,0,12.7136271923744,-21.0384383500021,1.10913272949095,0.02474268554193,-1.69349537712,
55.325,0.398000000000003,100,100,2,99.75,0,12.7350555922916,-20.6178793620935,1.10868641537344,0.02308610883626,-1.666205349291,
55.326,0.399000000000001,100,100,2,99.75,0,12.7548378467167,-20.2449388981678,1.10828223603977,0.02143204347624,-1.656998885725,
55.327,0.399999999999999,100,100,2,99.75,0,12.7729879339947,-20.0552881301189,1.10791650972082,0.0197864479286,-1.652277820001,
55.328,0.401000000000003,100,100,2,99.75,0,12.7895258749868,-20.0303822568859,1.10758504249507,0.01815609353636,-1.643564144734,
55.329,0.402000000000001,100,100,2,99.75,0,12.8044884619867,-20.0595094137922,1.10728511824911,0.01654897868021,-1.627954878033,
55.33,0.402999999999999,100,100,2,99.75,0,12.8179397553299,-20.0333961485498,1.10701546753226,0.01498180510055,-1.60210433403,
55.331,0.404000000000003,100,100,2,99.75,0,12.8299526517832,-20.025480113703,1.10677485596598,0.01347316237324,-1.561596706902,
55.332,0.405000000000001,100,100,2,99.75,0,12.8405990220993,-20.0771647309456,1.10656138216214,0.01203445767911,-1.505220573061,
55.333,0.405999999999999,100,100,2,99.75,0,12.8499683159307,-20.2226956039022,1.10637259154572,0.01067320521185,-1.436450436023,
55.334,0.407000000000004,100,100,2,99.75,0,12.8581560830327,-20.430274705258,1.10620616301928,0.00939795875799,-1.358686331301,
55.335,0.408000000000001,100,100,2,99.75,0,12.8652410470781,-20.5335501262636,1.10606104940624,0.00821138420384,-1.274446687967,
55.336,0.408999999999999,100,100,2,99.75,0,12.8712947840251,-20.5915710904108,1.10593656907335,0.00710643683286,-1.188687969112,
55.337,0.410000000000004,100,100,2,99.75,0,12.8763841297941,-20.6363391830274,1.10583165752799,0.00607378772312,-1.107746047559,
55.338,0.411000000000001,100,100,2,99.75,0,12.8805584075414,-20.7827271493493,1.10574521018454,0.00510414271589,-1.035437357359,
55.339,0.411999999999999,100,100,2,99.75,0,12.8838498542151,-21.0636458173545,1.10567634263198,0.00418394883173,-0.973710901062,
55.34,0.413000000000004,100,100,2,99.75,0,12.8862748531861,-21.3435562509522,1.1056249239213,0.00329636168497,-0.925247199861,
55.341,0.414000000000001,100,100,2,99.75,0,12.8878420213298,-21.5864792667156,1.10559128462926,0.00242758403362,-0.891726319357,
55.342,0.414999999999999,100,100,2,99.75,0,12.8885826245728,-21.9161823092571,1.10557517552313,0.00157654792168,-0.86909803815,
55.343,0.416000000000004,100,100,2,99.75,0,12.8885826532664,-22.4260373630097,1.10557517488697,0.00076640034839,-0.844092012168,
55.344,0.417000000000002,100,100,2,99.75,0,12.8880044212962,-22.9891127315654,1.10558830513283,4.872285928E-05,-0.794673109631,
55.345,0.417999999999999,100,100,2,99.75,0,12.8870333864832,-23.4160528484655,1.10561083564846,-0.0005225946239,-0.701510512585,
55.346,0.419000000000004,100,100,2,99.75,0,12.8858009135805,-23.6949425250888,1.10563986716107,-0.00093162538707,-0.566539468956,
55.347,0.420000000000002,100,100,2,99.75,0,12.8843647182371,-23.8216968648887,1.10567398874919,-0.001215158208,-0.420067396501,
55.348,0.420999999999999,100,100,2,99.75,0,12.8827342109894,-23.9043585945442,1.10571289758886,-0.00143337218248,-0.301586549667,
55.349,0.422000000000004,100,100,2,99.75,0,12.8808966246556,-23.8886337184674,1.10575680946363,-0.00163433740224,-0.232635001999,
55.35,0.423000000000002,100,100,2,99.75,0,12.8788286277141,-23.9317662616476,1.10580625568407,-0.00184458579028,-0.20892479666,
55.351,0.423999999999999,100,100,2,99.75,0,12.8765010572101,-24.0964555099194,1.10586215022025,-0.00207674582794,-0.214036932442,
55.352,0.425000000000004,100,100,2,99.75,0,12.8738851518679,-24.284682641984,1.10592543045912,-0.00233619888671,-0.233774449107,
55.353,0.426000000000002,100,100,2,99.75,0,12.870960210946,-24.5104480025037,1.10599679189633,-0.00262211556465,-0.259204238188,
55.354,0.427,100,100,2,99.75,0,12.8677134224011,-24.7294658066639,1.10607672769038,-0.00292878453489,-0.284203279879,
55.355,0.428000000000004,100,100,2,99.75,0,12.8641459785971,-24.8782267393723,1.10616521401808,-0.00324643083573,-0.30373648173,
55.356,0.429000000000002,100,100,2,99.75,0,12.8602803413819,-25.0283391074235,1.10626167435719,-0.00356070524963,-0.313341535578,
55.357,0.43,100,100,2,99.75,0,12.8561567048531,-25.2269727052541,1.10636529167697,-0.00385357898592,-0.308865776699,
55.358,0.431000000000004,100,100,2,99.75,0,12.851825429802,-25.3885971201111,1.10647490665436,-0.00410852829141,-0.287916610333,
55.359,0.432000000000002,100,100,2,99.75,0,12.8473407038635,-25.6210629799057,1.10658928882724,-0.00431501876063,-0.251788983849,
55.36,0.433,100,100,2,99.75,0,12.8427534672965,-25.9297930175095,1.10670752681308,-0.00446944386083,-0.205408509395,
55.361,0.434000000000005,100,100,2,99.75,0,12.8380994332065,-26.1875998872544,1.10682880487471,-0.00457652263535,-0.155840813202,
55.362,0.435000000000002,100,100,2,99.75,0,12.8333862650413,-26.3092808249777,1.10695251818818,-0.00465173505566,-0.111722765961,
55.363,0.436,100,100,2,99.75,0,12.8286028296777,-26.4528789507391,1.10707871037864,-0.00471650810216,-0.08164051443,
55.364,0.437000000000005,100,100,2,99.75,0,12.8237369618011,-26.6924709974167,1.10720800950419,-0.00478708495798,-0.069646001439,
55.365,0.438000000000002,100,100,2,99.75,0,12.8187768446047,-27.0064958279117,1.10734118608858,-0.00486941291864,-0.072361044476,
55.366,0.439,100,100,2,99.75,0,12.8137200826717,-27.2734856318221,1.10747842656056,-0.00496083582144,-0.08153111185,
55.367,0.440000000000005,100,100,2,99.75,0,12.8085791758874,-27.4370465615069,1.10761905743362,-0.00505301196741,-0.088920393109,
55.368,0.441000000000003,100,100,2,99.75,0,12.8033694342993,-27.5125908348013,1.10776219413923,-0.00513631377005,-0.08928787002,
55.369,0.442,100,100,2,99.75,0,12.7981029255462,-27.6514161902972,1.10790745500215,-0.00520612129646,-0.08191582277,
55.37,0.443000000000005,100,100,2,99.75,0,12.7927906768294,-27.9057086544179,1.10805502163473,-0.00526320059271,-0.070037340231,
55.371,0.444000000000003,100,100,2,99.75,0,12.7874497531567,-28.1094887376608,1.10820460808162,-0.00530712921446,-0.056952562948,
55.372,0.445,100,100,2,99.75,0,12.7821053569789,-28.1808297785533,1.10835502696318,-0.00533336293746,-0.042565354475,
55.373,0.446000000000005,100,100,2,99.75,0,12.7767881847,-28.3366619500578,1.10850528358333,-0.0053351872566,-0.024219371467,
55.374,0.447000000000003,100,100,2,99.75,0,12.7715298980867,-28.6689392359966,1.10865515947813,-0.00530767374889,-0.000345792243,
55.375,0.448,100,100,2,99.75,0,12.766345420352,-29.0254758260135,1.10880471718329,-0.0052538096494,0.026617337189,
55.376,0.448999999999998,100,100,2,99.75,0,12.7612297447703,-29.2154369139749,1.10895368799088,-0.00518597975238,0.050148661215,
55.377,0.450000000000003,100,100,2,99.75,0,12.7561691351057,-29.2614352664814,1.10910165230314,-0.00511979645247,0.063146178628,
55.378,0.451000000000001,100,100,2,99.75,0,12.751155512271,-29.3206442615409,1.10924850652896,-0.00506303339076,0.063851207583,
55.379,0.451999999999998,100,100,2,99.75,0,12.7461875301332,-29.387326947174,1.10939433660511,-0.0050140266746,0.057262229505,
55.38,0.453000000000003,100,100,2,99.75,0,12.7412581535461,-29.4614286230474,1.10953938044405,-0.00497009268166,0.049811802859,
55.381,0.454000000000001,100,100,2,99.75,0,12.7363483876043,-29.6829125564846,1.10968457288004,-0.00493507505872,0.042780898906,
55.382,0.454999999999998,100,100,2,99.75,0,12.7314493864993,-30.1304687101445,1.1098310857905,-0.00491241968435,0.033983859369,
55.383,0.456000000000003,100,100,2,99.75,0,12.7265748186335,-30.5158048086268,1.10997889797854,-0.00489490058428,0.024823166651,
55.384,0.457000000000001,100,100,2,99.75,0,12.7217558277168,-30.7768829519676,1.11012658243132,-0.00486522475283,0.022707001774,
55.385,0.457999999999998,100,100,2,99.75,0,12.7170360491218,-31.0017217409799,1.11027237309935,-0.00480590030492,0.034923396974,
55.386,0.459000000000003,100,100,2,99.75,0,12.7124523860694,-31.2008694787659,1.11041493095891,-0.00470870762873,0.061790331456,
55.387,0.460000000000001,100,100,2,99.75,0,12.7080175198249,-31.3898972054027,1.1105537217981,-0.00457985867281,0.095329091625,
55.388,0.460999999999999,100,100,2,99.75,0,12.7037190814439,-31.4065484819077,1.11068868512426,-0.00443857692782,0.123081908722,
55.389,0.462000000000003,100,100,2,99.75,0,12.6995373047368,-31.4121505478955,1.11082003201045,-0.00430436823788,0.135429991754,
55.39,0.463000000000001,100,100,2,99.75,0,12.6954611090905,-31.5796514868858,1.11094841546506,-0.00418510089103,0.131848203528,
55.391,0.463999999999999,100,100,2,99.75,0,12.6914886324057,-31.8855549242476,1.11107447249144,-0.00407675427609,0.120473530204,
55.392,0.465000000000003,100,100,2,99.75,0,12.6876127702595,-32.0956673734448,1.11119846369023,-0.00397460801167,0.109762729357,
55.393,0.466000000000001,100,100,2,99.75,0,12.6838256108968,-32.1312013609466,1.11132008238386,-0.00387823567273,0.102274191932,
55.394,0.466999999999999,100,100,2,99.75,0,12.6801090609066,-32.2192806137386,1.11143966327543,-0.003792587386,0.094887300921,
55.395,0.468000000000004,100,100,2,99.75,0,12.676447745227,-32.3848990344995,1.11155793142339,-0.00372116250877,0.084598479543,
55.396,0.469000000000001,100,100,2,99.75,0,12.672851339772,-32.5665995055474,1.11167472738522,-0.0036584129054,0.073089317922,
55.397,0.469999999999999,100,100,2,99.75,0,12.6693417778657,-32.6544834718818,1.11178917609938,-0.00358982545777,0.067103538806,
55.398,0.471000000000004,100,100,2,99.75,0,12.6659341364533,-32.7777415915409,1.1119006608793,-0.00350503882274,0.071695850572,
55.399,0.472000000000001,100,100,2,99.75,0,12.662640853069,-32.9895730788282,1.11200895608161,-0.00340391015214,0.084829489481,
55.4,0.472999999999999,100,100,2,99.75,0,12.6594858387905,-33.2072022157732,1.11211338196723,-0.00328611006099,0.101227486094,
55.401,0.474000000000004,100,100,2,99.75,0,12.6564798055282,-33.2857048806374,1.11221332191245,-0.00315180070538,0.117751444323,
55.402,0.475000000000001,100,100,2,99.75,0,12.6536147398992,-33.3479280529306,1.11230877677818,-0.00300843727717,0.132072798052,
55.403,0.475999999999999,100,100,2,99.75,0,12.6508731127138,-33.3304974641129,1.11240018047022,-0.00287032438591,0.139072045345,
55.404,0.477000000000004,100,100,2,99.75,0,12.6482355432,-33.3256980465999,1.11248808564481,-0.002747441417,0.13511907564,
55.405,0.478000000000002,100,100,2,99.75,0,12.645690038657,-33.4166398160841,1.11257303210694,-0.00264116732404,0.12246928283,
55.406,0.478999999999999,100,100,2,99.75,0,12.6432336355977,-33.5107249428817,1.11265523239871,-0.00254639358913,0.10780664833,
55.407,0.480000000000004,100,100,2,99.75,0,12.6408649691611,-33.5968606063772,1.11273471014148,-0.0024568125176,0.096666043311,
55.408,0.481000000000002,100,100,2,99.75,0,12.6385828279806,-33.6514047134288,1.11281144515928,-0.00236902984658,0.090599350391,
55.409,0.481999999999999,100,100,2,99.75,0,12.6363964375336,-33.7710644384261,1.11288515108052,-0.00227937353728,0.088884282657,
55.41,0.483000000000004,100,100,2,99.75,0,12.634319563443,-33.8993033766208,1.11295542249732,-0.00218226076013,0.091331158171,
55.411,0.484000000000002,100,100,2,99.75,0,12.6323588861362,-33.966978816941,1.11302195443702,-0.00207486996238,0.097959242975,
55.412,0.484999999999999,100,100,2,99.75,0,12.6305124720498,-33.8576457582293,1.11308457060812,-0.00196125737582,0.106173928213,
55.413,0.486000000000004,100,100,2,99.75,0,12.6287817590073,-33.7966251029989,1.1131431156726,-0.00184598273935,0.11224466489,
55.414,0.487000000000002,100,100,2,99.75,0,12.6271670385286,-33.8809425481683,1.11319775584982,-0.00173062558653,0.114800776402,
55.415,0.488,100,100,2,99.75,0,12.6256546990232,-33.9545371311402,1.11324905098772,-0.00161880395585,0.114271741273,
55.416,0.489000000000004,100,100,2,99.75,0,12.6242293212416,-34.0396890862816,1.11329750971738,-0.00151696528025,0.109887400798,
55.417,0.490000000000002,100,100,2,99.75,0,12.6228790617535,-34.0603294299054,1.11334348606546,-0.00142893081069,0.100692300312,
55.418,0.491,100,100,2,99.75,0,12.621595351389,-34.0432409476252,1.11338719869504,-0.00135283023907,0.08859556199,
55.419,0.492000000000004,100,100,2,99.75,0,12.6203695624354,-33.976793039634,1.11342888779818,-0.00128629867831,0.076810037744,
55.42,0.493000000000002,100,100,2,99.75,0,12.6191953853687,-33.9721167205894,1.11346877982395,-0.0012276818108,0.067027856043,
55.421,0.494,100,100,2,99.75,0,12.6180751211673,-34.0154979852801,1.1135068618694,-0.00117348677318,0.059664726518,
55.422,0.495000000000005,100,100,2,99.75,0,12.6170157251839,-34.0830660244208,1.11354293354199,-0.00111817759559,0.055855828578,
55.423,0.496000000000002,100,100,2,99.75,0,12.6160234189205,-34.116549350805,1.11357677099474,-0.0010575295328,0.056576601159,
55.424,0.497,100,100,2,99.75,0,12.6151056415294,-34.1006569788926,1.11360807509956,-0.00099007451771,0.06108848292,
55.425,0.498000000000005,100,100,2,99.75,0,12.6142685863267,-34.1401973125567,1.11363663578062,-0.00091591939627,0.067422961305,
55.426,0.499000000000002,100,100,2,99.75,0,12.6135098132417,-34.3570105118346,1.11366262269947,-0.00083778722391,0.073338204811,
55.427,0.5,100,100,2,99.75,0,12.612825541851,-34.6440464594977,1.11368623042407,-0.00075990721202,0.076863408943,
55.428,0.501000000000005,100,100,2,100,0,12.6122103932899,-34.7354283766844,1.11370756976612,-0.00068588505011,0.076798305037,
55.429,0.000999999999997669,101,101,2,100,0,12.6116592938183,-34.6333236118576,1.91145412884453E-05,-0.00061667068313,0.073737178425,
55.43,0.00199999999999534,101,101,2,100,0,12.6111624799109,-34.4988261357952,3.62874480117625E-05,-0.00055402852919,0.068685041547,
55.431,0.00300000000000011,101,101,2,100,0,12.610708870125,-34.5524355306441,5.19486120253987E-05,-0.00050013834021,0.061988228364,
55.432,0.00399999999999778,101,101,2,100,0,12.6102898717186,-34.6537207464088,6.64472466240795E-05,-0.0004561876085,0.053533941287,
55.433,0.00499999999999545,101,101,2,100,0,12.6099012663462,-34.6438735103964,7.99119553391847E-05,-0.00042026391005,0.044524458913,
55.434,0.00600000000000023,101,101,2,100,0,12.609544910478,-34.5841671543038,9.22468646109564E-05,-0.00038804843134,0.037219342506,
55.435,0.0069999999999979,101,101,2,100,0,12.6092298057518,-34.5533825617844,0.000103139648942374,-0.00035365537686,0.033981217363,
55.436,0.00799999999999557,101,101,2,100,0,12.6089660017207,-34.5544921874463,0.00011225511690327,-0.00031208986027,0.035891520382,
55.437,0.00899999999999324,101,101,2,100,0,12.6087539356857,-34.5279324887303,0.000119580134850139,-0.0002636728408,0.041469228821,
55.438,0.00999999999999801,101,101,2,100,0,12.6085882884902,-34.5771861146636,0.000125303669392451,-0.00021366178198,0.046839780411,
55.439,0.0109999999999957,101,101,2,100,0,12.6084642794301,-34.6633934492275,0.000129596898986506,-0.00016708140673,0.048503641944,
55.44,0.0119999999999933,101,101,2,100,0,12.6083804242967,-34.6081888238452,0.00013250128787945,-0.00012445432271,0.046423592952,
55.441,0.0129999999999981,101,101,2,100,0,12.6083352054331,-34.4789286114935,0.000134063308351529,-8.431043047E-05,0.043068113855,
55.442,0.0139999999999958,101,101,2,100,0,12.6083199018512,-34.3638568856395,0.000134590078957331,-4.783516003E-05,0.039788263234,
55.443,0.0149999999999935,101,101,2,100,0,12.6083251952105,-34.2545872662795,0.000134408467914682,-1.809908405E-05,0.035554098642,
55.444,0.0159999999999982,101,101,2,100,0,12.6083371118459,-34.1952456433625,0.000134000622068697,1.10125977E-06,0.02859711467,
55.445,0.0169999999999959,101,101,2,100,0,12.6083414695189,-34.190182141545,0.000133851621399117,7.66196385E-06,0.018569171546,
55.446,0.0179999999999936,101,101,2,100,0,12.6083350422191,-34.2473166070187,0.000134071555564219,3.38986988E-06,0.007102756587,
55.447,0.0189999999999984,101,101,2,100,0,12.6083182095827,-34.3208806964779,0.000134648647332369,-6.31340894E-06,-0.00265161001,
55.448,0.019999999999996,101,101,2,100,0,12.6082928563196,-34.3698033029143,0.000135519413817065,-1.626722343E-05,-0.008149084066,
55.449,0.0209999999999937,101,101,2,100,0,12.6082733588321,-34.3899301110198,0.000136189734845971,-2.104034241E-05,-0.008324445136,
55.45,0.0219999999999985,101,101,2,100,0,12.6082755575595,-34.3344308122436,0.000136114181785274,-1.474535571E-05,-0.003006895929,
55.451,0.0229999999999961,101,101,2,100,0,12.6082982585741,-34.379924046258,0.000135334238990481,1.84054909E-06,0.006061830426,
55.452,0.0239999999999938,101,101,2,100,0,12.6083221952184,-34.3818116837078,0.000134511276385751,1.692101735E-05,0.013046998408,
55.453,0.0249999999999986,101,101,2,100,0,12.6083302261194,-34.3892714281682,0.000134235129507942,1.87942324E-05,0.011569923259,
55.454,0.0259999999999962,101,101,2,100,0,12.6083244567761,-34.3817406735028,0.000134433511291832,8.6625507E-06,0.002233921988,
55.455,0.0269999999999939,101,101,2,100,0,12.6083213598309,-34.3247299430041,0.000134539901381459,-8.2755058E-07,-0.006337738549,
55.456,0.0279999999999987,101,101,2,100,0,12.6083345496966,-34.2265925895948,0.000134087810010897,9.8737864E-07,-0.006291066256,
55.457,0.0289999999999964,101,101,2,100,0,12.6083566622814,-34.1698965170273,0.000133331598419772,1.098063816E-05,0.00087691916,
55.458,0.029999999999994,101,101,2,100,0,12.6083720415309,-34.1834813688749,0.000132805986595486,1.741576848E-05,0.00647232167,
55.459,0.0309999999999988,101,101,2,100,0,12.6083741692093,-34.2523489372712,0.000132733181885669,1.342377876E-05,0.004374433068,
55.46,0.0319999999999965,101,101,2,100,0,12.6083655579904,-34.3604764793684,0.000133028601908336,2.88148054E-06,-0.002828946258,
55.461,0.0329999999999941,101,101,2,100,0,12.6083591927351,-34.3634210473789,0.000133247324484387,-4.71576063E-06,-0.007693688555,
55.462,0.0339999999999989,101,101,2,100,0,12.608365656317,-34.4396131924001,0.000133024967468032,-3.19039322E-06,-0.005743975711,
55.463,0.0349999999999966,101,101,2,100,0,12.6083872075902,-34.4962191669764,0.000132282139986728,7.14123813E-06,0.001430464018,
55.464,0.0359999999999943,101,101,2,100,0,12.6084207936807,-34.4683576547699,0.000131124014728812,2.0635411E-05,0.008638514624,
55.465,0.036999999999999,101,101,2,100,0,12.60844982468,-34.3965497955425,0.00013012440618354,2.860911795E-05,0.010889270638,
55.466,0.0379999999999967,101,101,2,100,0,12.6084546979282,-34.3804296436158,0.000129956822533472,2.315020133E-05,0.005600059655,
55.467,0.0389999999999944,101,101,2,100,0,12.6084383286457,-34.416289726492,0.000130519899002479,5.74781432E-06,-0.005012170666,
55.468,0.0399999999999991,101,101,2,100,0,12.6084231479686,-34.4624854257854,0.000131042712226304,-9.63994167E-06,-0.013214956587,
55.469,0.0409999999999968,101,101,2,100,0,12.6084371168777,-34.5347060022349,0.000130560804478819,-6.79238286E-06,-0.010521550856,
55.47,0.0419999999999945,101,101,2,100,0,12.6084795522799,-34.7718975043603,0.000129090277681598,1.376398117E-05,0.002689605936,
55.471,0.0429999999999993,101,101,2,100,0,12.6085221128803,-34.9440538156347,0.000127606701312288,3.393301373E-05,0.015127523023,
55.472,0.0439999999999969,101,101,2,100,0,12.6085472535983,-34.9899269703412,0.000126727606058807,3.729707622E-05,0.01524374098,
55.473,0.0449999999999946,101,101,2,100,0,12.6085526976017,-35.0022475285895,0.000126537087240308,2.445766834E-05,0.0035445124,
55.474,0.0459999999999994,101,101,2,100,0,12.6085466644683,-34.9890834713343,0.000126748220750983,7.90987674E-06,-0.009090881885,
55.475,0.046999999999997,101,101,2,100,0,12.6085459438919,-34.9195595315842,0.000126773408013037,-9.9622529E-07,-0.013142769613,
55.476,0.0479999999999947,101,101,2,100,0,12.608556783443,-34.8332504008305,0.000126395363437837,1.15369474E-06,-0.007881802283,
55.477,0.0489999999999995,101,101,2,100,0,12.6085754769292,-34.7456357234088,0.000125745027460766,9.72769339E-06,0.000760336998,
55.478,0.0499999999999972,101,101,2,100,0,12.6085941869301,-34.712284386707,0.000125095248591833,1.634226011E-05,0.006058945485,
55.479,0.0509999999999948,101,101,2,100,0,12.60859930005,-34.7714152370563,0.00012491760935518,1.462598219E-05,0.004703142907,
55.48,0.0519999999999996,101,101,2,100,0,12.6085940520501,-34.8373100318842,0.000125100262650335,6.08384826E-06,-0.001264781331,
55.481,0.0529999999999973,101,101,2,100,0,12.6085959253696,-34.8455646726899,0.000125034993502027,-3.26814E-09,-0.005757871868,
55.482,0.0539999999999949,101,101,2,100,0,12.6086107146379,-34.9126287454545,0.00012451915718259,3.61170832E-06,-0.003912993801,
55.483,0.0549999999999997,101,101,2,100,0,12.6086316945135,-34.9555268989425,0.000123786244571988,1.277166585E-05,0.002367842923,
55.484,0.0559999999999974,101,101,2,100,0,12.6086438470711,-34.9411436018132,0.000123361532914146,1.647449801E-05,0.005859325598,
55.485,0.0569999999999951,101,101,2,100,0,12.6086424488102,-34.889232480493,0.000123410353452869,1.073550745E-05,0.002507422955,
55.486,0.0579999999999998,101,101,2,100,0,12.6086373312655,-34.8325751847313,0.000123588755684523,1.55119951E-06,-0.003940038958,
55.487,0.0589999999999975,101,101,2,100,0,12.6086377368735,-34.7651660819349,0.000123574640980451,-2.34481375E-06,-0.006564224322,
55.488,0.0599999999999952,101,101,2,100,0,12.6086476530373,-34.7525194007938,0.000123229966604299,1.60182893E-06,-0.003129704882,
55.489,0.0609999999999999,101,101,2,100,0,12.6086683413081,-34.7674051672441,0.000122510843098667,1.029462916E-05,0.003017693163,
55.49,0.0619999999999976,101,101,2,100,0,12.6086963249051,-34.7452250468458,0.000121538236385277,1.964523656E-05,0.007466295116,
55.491,0.0629999999999953,101,101,2,100,0,12.608731878903,-34.687465698546,0.00012030393151008,2.806611941E-05,0.008874347884,
55.492,0.0640000000000001,101,101,2,100,0,12.6087736850668,-34.6226734866305,0.000118855135994522,3.51585274E-05,0.008301257757,
55.493,0.0649999999999977,101,101,2,100,0,12.6088141133038,-34.5126094851948,0.000117457627197837,3.951713599E-05,0.006670810628,
55.494,0.0659999999999954,101,101,2,100,0,12.6088457253852,-34.3820852710362,0.000116368674852652,3.819676836E-05,0.003475055544,
55.495,0.0670000000000002,101,101,2,100,0,12.6088640219827,-34.3143971762259,0.00011574021890226,3.026228291E-05,-0.00160091011,
55.496,0.0679999999999978,101,101,2,100,0,12.6088762357111,-34.3492803508956,0.000115320899141125,2.046638194E-05,-0.00650867476,
55.497,0.0689999999999955,101,101,2,100,0,12.6088918797869,-34.4791726619544,0.000114782520370227,1.506769335E-05,-0.0079183126,
55.498,0.0700000000000003,101,101,2,100,0,12.6089118987252,-34.607792759561,0.000114090996518712,1.592743033E-05,-0.004840324633,
55.499,0.070999999999998,101,101,2,100,0,12.6089307914973,-34.6347831998094,0.000113436904413788,1.836862969E-05,-0.000543351977,
55.5,0.0719999999999956,101,101,2,100,0,12.6089431547112,-34.5573388179655,0.000113009185909618,1.72717545E-05,0.000905338281,
55.501,0.0729999999999933,101,101,2,100,0,12.6089509177361,-34.518773502677,0.00011274106611836,1.294202466E-05,-0.00100530922,
55.502,0.0739999999999981,101,101,2,100,0,12.6089549243103,-34.5553942239345,0.00011260269073432,8.01614639E-06,-0.003538717974,
55.503,0.0749999999999957,101,101,2,100,0,12.608957316883,-34.5524021206563,0.0001125200180212,4.64930896E-06,-0.004279321489,
55.504,0.0759999999999934,101,101,2,100,0,12.6089605485581,-34.5013393194191,0.000112408438397438,3.12850387E-06,-0.00328073998,
55.505,0.0769999999999982,101,101,2,100,0,12.6089709740635,-34.4501034230288,0.000112049011576687,5.13809347E-06,-0.001015496385,
55.506,0.0779999999999959,101,101,2,100,0,12.6089948493165,-34.4362881971853,0.000111226671563713,1.230228059E-05,0.002496850449,
55.507,0.0789999999999935,101,101,2,100,0,12.6090308205904,-34.4563518802273,0.000109987593546634,2.346913499E-05,0.006818608048,
55.508,0.0799999999999983,101,101,2,100,0,12.6090718398297,-34.3661375852205,0.000108576070459776,3.385685725E-05,0.009732314574,
55.509,0.080999999999996,101,101,2,100,0,12.6091101918145,-34.2601488330565,0.000107260093315631,3.870467333E-05,0.008959490048,
55.51,0.0819999999999936,101,101,2,100,0,12.6091355468522,-34.2258076716351,0.000106391861308452,3.525307702E-05,0.004019964217,
55.511,0.0829999999999984,101,101,2,100,0,12.6091411763247,-34.2553008624021,0.000106199105047722,2.333645227E-05,-0.003501281125,
55.512,0.0839999999999961,101,101,2,100,0,12.6091319347594,-34.3840696286927,0.000106516272651902,7.08583072E-06,-0.010677315258,
55.513,0.0849999999999937,101,101,2,100,0,12.6091193512643,-34.5529516700928,0.000106950006980355,-5.7828329E-06,-0.013935835131,
55.514,0.0859999999999985,101,101,2,100,0,12.6091131064418,-34.8217048960857,0.000107166623180888,-9.67931438E-06,-0.011191596357,
55.515,0.0869999999999962,101,101,2,100,0,12.6091228821665,-35.0902652471904,0.000106824903099323,-3.34026012E-06,-0.0035174754,
55.516,0.0879999999999939,101,101,2,100,0,12.60914859371,-35.1643899374754,0.000105921725293001,9.75030618E-06,0.00529384715,
55.517,0.0889999999999986,101,101,2,100,0,12.609182511667,-35.0674419006729,0.000104730665157149,2.339272191E-05,0.011230667517,
55.518,0.0899999999999963,101,101,2,100,0,12.6092140309663,-34.9611824699533,0.000103627038569698,3.073643564E-05,0.011587250301,
55.519,0.090999999999994,101,101,2,100,0,12.6092337434397,-34.9037861814046,0.000102938432902988,2.869684884E-05,0.006418334171,
55.52,0.0919999999999987,101,101,2,100,0,12.6092357382974,-34.8543573589791,0.000102868854114035,1.793923646E-05,-0.001840004315,
55.521,0.0929999999999964,101,101,2,100,0,12.6092257699818,-34.8051772026823,0.000103216048231047,3.72119042E-06,-0.009180334804,
55.522,0.0939999999999941,101,101,2,100,0,12.609218795393,-34.8160584730203,0.000103458837969583,-5.48124557E-06,-0.011675232927,
55.523,0.0949999999999989,101,101,2,100,0,12.6092307706203,-34.8067375389247,0.000103041963569694,-2.18776201E-06,-0.00695834314,
55.524,0.0959999999999965,101,101,2,100,0,12.6092692548506,-34.8437971799477,0.00010170173996471,1.424298337E-05,0.003485886241,
55.525,0.0969999999999942,101,101,2,100,0,12.6093257272834,-34.8517204024815,9.97338022443728E-05,3.592799015E-05,0.014065845254,
55.526,0.097999999999999,101,101,2,100,0,12.6093862913627,-34.7747883906151,9.7625369548382E-05,5.2303466E-05,0.018515869081,
55.527,0.0989999999999966,101,101,2,100,0,12.6094384319146,-34.6993096360265,9.58141606446361E-05,5.680952713E-05,0.014407510713,
55.528,0.0999999999999943,101,101,2,100,0,12.6094721093726,-34.7533182255381,9.46446666603151E-05,4.912868195E-05,0.004410813653,
55.529,0.100999999999999,101,101,2,100,0,12.6094898621114,-34.8588849541929,9.40267630227254E-05,3.443897041E-05,-0.006127433195,
55.53,0.101999999999997,101,101,2,100,0,12.6095034952645,-34.8990738966172,9.35512525614968E-05,2.129427885E-05,-0.012123545638,
55.531,0.102999999999994,101,101,2,100,0,12.6095234515863,-34.8664569952301,9.28551208687622E-05,1.676597942E-05,-0.011023279915,
55.532,0.103999999999999,101,101,2,100,0,12.6095579736102,-34.8124303855449,9.16523927543267E-05,2.242908182E-05,-0.00405579652,
55.533,0.104999999999997,101,101,2,100,0,12.6096002738844,-34.8141598208501,9.01797808268157E-05,3.248578836E-05,0.003923763093,
55.534,0.105999999999995,101,101,2,100,0,12.6096350728486,-34.850226423287,8.89676565805075E-05,3.771640611E-05,0.007290798661,
55.535,0.106999999999999,101,101,2,100,0,12.6096595475803,-34.8853810476076,8.81142764370679E-05,3.395208745E-05,0.003979963464,
55.536,0.107999999999997,101,101,2,100,0,12.6096770237868,-34.8414531198482,8.75049961592822E-05,2.547244389E-05,-0.002480435207,
55.537,0.108999999999995,101,101,2,100,0,12.6096959589757,-34.8158818950839,8.68455087612574E-05,2.001345878E-05,-0.006158848555,
55.538,0.109999999999999,101,101,2,100,0,12.6097269096168,-34.8413106761303,8.57675413783454E-05,2.210212984E-05,-0.004100885794,
55.539,0.110999999999997,101,101,2,100,0,12.6097781793585,-34.902258088234,8.39796740024212E-05,3.344173562E-05,0.002599654625,
55.54,0.111999999999995,101,101,2,100,0,12.6098520387275,-34.8867490980224,8.14023879769366E-05,5.195089971E-05,0.010715192857,
55.541,0.113,101,101,2,100,0,12.6099411568209,-34.7405377672552,7.82998624515585E-05,7.166009813E-05,0.016718306896,
55.542,0.113999999999997,101,101,2,100,0,12.6100411323145,-34.5544027332595,7.48359645115215E-05,8.779769614E-05,0.018277707998,
55.543,0.114999999999995,101,101,2,100,0,12.6101451534392,-34.5180754488249,7.12434660812278E-05,9.793196287E-05,0.015408078749,
55.544,0.116,101,101,2,100,0,12.6102392033848,-34.5626821721063,6.79949453399331E-05,9.981608164E-05,0.009460221726,
55.545,0.116999999999997,101,101,2,100,0,12.6103156984683,-34.6089467463806,6.53493005700057E-05,9.17748407E-05,0.001381555245,
55.546,0.117999999999995,101,101,2,100,0,12.6103709736523,-34.6437480095322,6.34353228434748E-05,7.539557228E-05,-0.007565041271,
55.547,0.119,101,101,2,100,0,12.6104007453172,-34.5778134162429,6.24049022803774E-05,5.399009812E-05,-0.015385721898,
55.548,0.119999999999997,101,101,2,100,0,12.6104057665621,-34.6025464273393,6.22312165177163E-05,2.999759463E-05,-0.020673721237,
55.549,0.120999999999995,101,101,2,100,0,12.6103950744164,-34.7358035611658,6.26019043892256E-05,7.73235372E-06,-0.022698215917,
55.55,0.122,101,101,2,100,0,12.6103829926451,-34.8254836456699,6.30221161657119E-05,-6.3950162E-06,-0.020342058387,
55.551,0.122999999999998,101,101,2,100,0,12.6103866615519,-34.8156672499352,6.28943627134504E-05,-6.93968019E-06,-0.012493919438,
55.552,0.123999999999995,101,101,2,100,0,12.6104085699962,-34.7018221143358,6.21328526904108E-05,4.41556462E-06,-0.001049503129,
55.553,0.125,101,101,2,100,0,12.610439248552,-34.5832647327734,6.10700694920752E-05,1.90676165E-05,0.008774314291,
55.554,0.125999999999998,101,101,2,100.25,0,12.6104665860927,-34.5090952504587,6.01256618892876E-05,2.704521782E-05,0.011660674591,
55.555,0.126999999999995,101,101,2,100.25,0,12.6104843059672,-34.4366716973264,5.95148067219498E-05,2.545454537E-05,0.007109454357,
55.556,0.128,101,101,2,100.25,0,12.6104996116563,-34.4681490356153,5.89874888419217E-05,1.988091874E-05,8.4923427E-05,
55.557,0.128999999999998,101,101,2,100.25,0,12.6105231731008,-34.7121926323354,5.81724944481721E-05,1.850667134E-05,-0.003118926607,
55.558,0.129999999999995,101,101,2,100.25,0,12.6105577421565,-35.0233021659833,5.69671493479973E-05,2.438700124E-05,-0.000457687979,
55.559,0.131,101,101,2,100.25,0,12.6105945061653,-35.0627718801204,5.56788268255559E-05,3.192525827E-05,0.004201334849,
55.56,0.131999999999998,101,101,2,100.25,0,12.6106164069131,-34.9432953863517,5.49122342192732E-05,3.164654457E-05,0.004695787672,
55.561,0.132999999999996,101,101,2,100.25,0,12.610620179508,-34.9697740179807,5.47803573738292E-05,2.092128023E-05,-0.001067587673,
55.562,0.133999999999993,101,101,2,100.25,0,12.6106174431694,-35.101665308828,5.48762269687586E-05,7.25836072E-06,-0.008472595699,
55.563,0.134999999999998,101,101,2,100.25,0,12.6106225821035,-35.1800014976693,5.46956405429455E-05,1.57892326E-06,-0.010386578344,
55.564,0.135999999999996,101,101,2,100.25,0,12.6106468718428,-35.1553161073092,5.38414272739374E-05,8.52159385E-06,-0.00428784966,
55.565,0.136999999999993,101,101,2,100.25,0,12.6106921040513,-35.0211982208246,5.22543079171101E-05,2.48272385E-05,0.005964930393,
55.566,0.137999999999998,101,101,2,100.25,0,12.6107541574603,-34.9620429367803,5.00829585661222E-05,4.399582789E-05,0.014355635854,
55.567,0.138999999999996,101,101,2,100.25,0,12.6108347829094,-34.9733839218989,4.72636709645258E-05,6.257866088E-05,0.018133979048,
55.568,0.139999999999993,101,101,2,100.25,0,12.6109342987777,-34.9268882487031,4.37855778301355E-05,8.072096283E-05,0.018626400598,
55.569,0.140999999999998,101,101,2,100.25,0,12.611037946841,-34.8663666091749,4.0168609984903E-05,9.508840104E-05,0.01714200214,
55.57,0.141999999999996,101,101,2,100.25,0,12.6111257304376,-34.9118983076327,3.71059164478993E-05,9.764906479E-05,0.011957864994,
55.571,0.142999999999994,101,101,2,100.25,0,12.6111939362056,-35.0183317110433,3.47210939253273E-05,8.666958803E-05,0.002040653935,
55.572,0.143999999999998,101,101,2,100.25,0,12.6112510379112,-35.069701717969,3.2720020797683E-05,7.074789786E-05,-0.00840009863,
55.573,0.144999999999996,101,101,2,100.25,0,12.6113013957732,-35.0399874923375,3.09547337735694E-05,5.840977124E-05,-0.013363957082,
55.574,0.145999999999994,101,101,2,100.25,0,12.6113463341603,-34.9652924170996,2.9381771597059E-05,5.075517261E-05,-0.012008137288,
55.575,0.146999999999998,101,101,2,100.25,0,12.6113930137608,-34.9160982020699,2.77507539010458E-05,4.708659359E-05,-0.007863851144,
55.576,0.147999999999996,101,101,2,100.25,0,12.611454202099,-35.0076928976967,2.56114936121321E-05,5.050985779E-05,-0.002736831937,
55.577,0.148999999999994,101,101,2,100.25,0,12.611534796808,-35.0244137330052,2.27893849853444E-05,6.265762813E-05,0.003913063076,
55.578,0.149999999999999,101,101,2,100.25,0,12.6116314256353,-34.9941267162527,1.94064802627736E-05,7.958303325E-05,0.010963708932,
55.579,0.150999999999996,101,101,2,100.25,0,12.6117374838485,-34.9374677874415,1.56980702854526E-05,9.464740758E-05,0.014933805449,
55.58,0.151999999999994,101,101,2,100.25,0,12.6118467250978,-34.9354245770892,1.18815692644603E-05,0.00010418430826,0.013964441472,
55.581,0.152999999999999,101,101,2,100.25,0,12.6119550238397,-34.9821515203846,8.0955765042745E-06,0.00010800358625,0.009479855968,
55.582,0.153999999999996,101,101,2,100.25,0,12.6120552943944,-34.9774720291215,4.58813137527159E-06,0.00010617303796,0.003839616913,
55.583,0.154999999999994,101,101,2,100.25,0,12.6121392477243,-34.9756460108549,1.65173277366648E-06,9.778384342E-05,-0.002103194281,
55.584,0.155999999999999,101,101,2,100.25,0,12.6122046929832,-34.9734258968704,-6.37184783158773E-07,8.329607604E-05,-0.008251172517,
55.585,0.156999999999996,101,101,2,100.25,0,12.6122551607867,-35.0191971563935,-2.40337175227978E-06,6.650444358E-05,-0.013349355052,
55.586,0.157999999999994,101,101,2,100.25,0,12.6123041981094,-35.0609802831213,-4.12164389729242E-06,5.453189588E-05,-0.014654747508,
55.587,0.158999999999999,101,101,2,100.25,0,12.6123692687785,-35.0722247128189,-6.40345118085861E-06,5.427647086E-05,-0.009903136324,
55.588,0.159999999999997,101,101,2,100.25,0,12.6124507672022,-34.9557633356346,-9.25703649556908E-06,6.518899156E-05,-0.000420178108,
55.589,0.160999999999994,101,101,2,100.25,0,12.6125350513398,-34.8569032034499,-1.2199086697251E-05,7.740581149E-05,0.007953426753,
55.59,0.161999999999999,101,101,2,100.25,0,12.6126178680862,-34.8654379732565,-1.50861754235621E-05,8.300820607E-05,0.009841202556,
55.591,0.162999999999997,101,101,2,100.25,0,12.6127045523627,-34.8583198497342,-1.81081521759552E-05,8.441722279E-05,0.006328708827,
55.592,0.163999999999994,101,101,2,100.25,0,12.6128014521665,-34.8756540007568,-2.14867563670396E-05,8.858867566E-05,0.003495760923,
55.593,0.164999999999999,101,101,2,100.25,0,12.6129064682836,-34.8429777766338,-2.51475463670658E-05,9.62700396E-05,0.004395695346,
55.594,0.165999999999997,101,101,2,100.25,0,12.6130081403671,-34.7625890760258,-2.86860178704273E-05,0.00010157801303,0.005916373466,
55.595,0.166999999999994,101,101,2,100.25,0,12.6130952093288,-34.7502325804283,-3.17122224799959E-05,9.829435704E-05,0.003442501757,
55.596,0.167999999999999,101,101,2,100.25,0,12.6131657927486,-34.7738579865167,-3.41658465146111E-05,8.650423567E-05,-0.003258106778,
55.597,0.168999999999997,101,101,2,100.25,0,12.6132284144197,-34.7493457774229,-3.63426761111896E-05,7.314055776E-05,-0.009710248718,
55.598,0.169999999999995,101,101,2,100.25,0,12.613297474781,-34.7679292149039,-3.87431201716026E-05,6.694180277E-05,-0.010742134072,
55.599,0.170999999999999,101,101,2,100.25,0,12.6133781583114,-34.8210015647387,-4.15504604802663E-05,7.061570497E-05,-0.005386434709,
55.6,0.171999999999997,101,101,2,100.25,0,12.6134565727762,-34.9088185315538,-4.42843737431531E-05,7.651585999E-05,0.001379980889,
55.601,0.172999999999995,101,101,2,100.25,0,12.6135165813245,-35.0463484751484,-4.63833277564163E-05,7.357340953E-05,0.00257949753,
55.602,0.173999999999999,101,101,2,100.25,0,12.6135560561819,-35.2591339250152,-4.7770977204209E-05,5.937021598E-05,-0.003667891743,
55.603,0.174999999999997,101,101,2,100.25,0,12.6135884455705,-35.4407402768862,-4.89159400558492E-05,4.350932403E-05,-0.011322280143,
55.604,0.175999999999995,101,101,2,100.25,0,12.6136245744721,-35.4555417406314,-5.01966424479861E-05,3.563688314E-05,-0.012967047112,
55.605,0.177,101,101,2,100.25,0,12.6136664175339,-35.3203508776344,-5.16773824728034E-05,3.672129576E-05,-0.007581920155,
55.606,0.177999999999997,101,101,2,100.25,0,12.6137148859192,-35.1721457143101,-5.33857112117175E-05,4.211641079E-05,-0.00030943271,
55.607,0.178999999999995,101,101,2,100.25,0,12.6137726776941,-35.1281139156306,-5.54170996025505E-05,4.927780513E-05,0.0046317881,
55.608,0.18,101,101,2,100.25,0,12.6138435338386,-35.2309443894433,-5.79097854114252E-05,5.89140689E-05,0.007373971376,
55.609,0.180999999999997,101,101,2,100.25,0,12.6139305603354,-35.3281789528497,-6.09800420647844E-05,7.178793931E-05,0.009865084933,
55.61,0.181999999999995,101,101,2,100.25,0,12.6140285167117,-35.3660202662125,-6.44425158498052E-05,8.545435496E-05,0.01214035199,
55.611,0.183,101,101,2,100.25,0,12.6141375654366,-35.3144644625677,-6.82963242155665E-05,9.800511703E-05,0.013093956004,
55.612,0.183999999999997,101,101,2,100.25,0,12.6142614439206,-35.2084663606996,-7.26644611006577E-05,0.00011016994805,0.012769678829,
55.613,0.184999999999995,101,101,2,100.25,0,12.614396848684,-35.1997223235828,-7.74312631648399E-05,0.00012288744009,0.012446408641,
55.614,0.186,101,101,2,100.25,0,12.6145432594709,-35.2895107899941,-8.25914552109452E-05,0.00013524868663,0.012444820084,
55.615,0.186999999999998,101,101,2,100.25,0,12.6146964703103,-35.3148617904767,-8.80001328056323E-05,0.0001451489956,0.011729838919,
55.616,0.187999999999995,101,101,2,100.25,0,12.6148446198526,-35.236393970692,-9.322620093144E-05,0.00014965243452,0.009019529226,
55.617,0.189,101,101,2,100.25,0,12.6149746537329,-35.1905959276889,-9.78051483144782E-05,0.00014423323283,0.003145707752,
55.618,0.189999999999998,101,101,2,100.25,0,12.615070746835,-35.1205715026717,-0.00010118335741538,0.00012528634544,-0.006500715217,
55.619,0.190999999999995,101,101,2,100.25,0,12.6151193577809,-35.14054194719,-0.000102891087010448,9.20306887E-05,-0.019181212485,
55.62,0.192,101,101,2,100.25,0,12.6151185834725,-35.2649740745427,-0.000102863829212652,4.804001647E-05,-0.032183530582,
55.621,0.192999999999998,101,101,2,100.25,0,12.6150715047403,-35.3783753735526,-0.00010120092954935,1.4994075E-07,-0.04193998863,
55.622,0.193999999999996,101,101,2,100.25,0,12.6149914081479,-35.3398785895253,-9.83687839664071E-05,-4.309276312E-05,-0.045326043118,
55.623,0.195,101,101,2,100.25,0,12.6148980232166,-35.2352345193675,-9.50734579276968E-05,-7.417773601E-05,-0.040989596131,
55.624,0.195999999999998,101,101,2,100.25,0,12.6147863362148,-35.0934439224216,-9.11460583097323E-05,-9.488905078E-05,-0.031620194748,
55.625,0.196999999999996,101,101,2,100.25,0,12.6146257564027,-35.053108326807,-8.55139982149922E-05,-0.00012086422374,-0.025402569663,
55.626,0.197999999999993,101,101,2,100.25,0,12.6143699855456,-35.0384207706284,-7.65503129827039E-05,-0.00017446928251,-0.032684981246,
55.627,0.198999999999998,101,101,2,100.25,0,12.6139665252917,-35.026422465066,-6.24161232565257E-05,-0.00027152036264,-0.058349899435,
55.628,0.199999999999996,101,101,2,100.25,0,12.6133634499277,-34.931451314588,-4.13211881635789E-05,-0.00041903796789,-0.099157231258,
55.629,0.200999999999993,101,101,2,100.25,0,12.6125056170236,-34.7103440689865,-1.14506763679856E-05,-0.000619618093,-0.148296403672,
55.63,0.201999999999998,101,101,2,100.25,0,12.6113344233668,-34.5307214138356,2.90966719660446E-05,-0.00087541386788,-0.201226064083,
55.631,0.202999999999996,101,101,2,100.25,0,12.6098049427557,-34.4998908109803,8.18871634464813E-05,-0.00118467151728,-0.255269642305,
55.632,0.203999999999994,101,101,2,100.25,0,12.6078892084898,-34.5280820583432,0.000148006789913779,-0.00153787062125,-0.306401523415,
55.633,0.204999999999998,101,101,2,100.25,0,12.6055702259236,-34.5368529952683,0.000228086980072817,-0.00192083265955,-0.348945547898,
55.634,0.205999999999996,101,101,2,100.25,0,12.6028326021325,-34.5021371745988,0.000322588371076904,-0.00232360044358,-0.37997488172,
55.635,0.206999999999994,101,101,2,100.25,0,12.5996476150361,-34.5051613448534,0.000432482048751126,-0.00274624041522,-0.402787716594,
55.636,0.207999999999998,101,101,2,100.25,0,12.5959867355466,-34.6701169580171,0.000559103227516289,-0.00319354582274,-0.424077946121,
55.637,0.208999999999996,101,101,2,100.25,0,12.5918342149287,-34.8737037435259,0.000703494302172203,-0.00366560411009,-0.447331640705,
55.638,0.209999999999994,101,101,2,100.25,0,12.5871845029267,-35.0926596305113,0.000866156021928077,-0.00415418569461,-0.469589412552,
55.639,0.210999999999999,101,101,2,100.25,0,12.5820424508724,-35.2728969582729,0.00104706769933216,-0.00464825660246,-0.485271392368,
55.64,0.211999999999996,101,101,2,100.25,0,12.5764144569751,-35.4482188217728,0.00124607670333887,-0.00514013259151,-0.491765635211,
55.641,0.212999999999994,101,101,2,100.25,0,12.5703196563239,-35.6447430855732,0.00146272541860526,-0.00562225337057,-0.489607901693,
55.642,0.213999999999999,101,101,2,100.25,0,12.5637863589713,-35.8709950230566,0.00169634220982573,-0.00608630763545,-0.479627387803,
55.643,0.214999999999996,101,101,2,100.25,0,12.5568396067006,-36.1458213609193,0.00194648370120376,-0.00652578481761,-0.462101094318,
55.644,0.215999999999994,101,101,2,100.25,0,12.5495002108821,-36.4891661952922,0.00221303216316926,-0.00694050885961,-0.439424364928,
55.645,0.216999999999999,101,101,2,100.25,0,12.5418006242342,-36.9214905503251,0.00249564801941915,-0.00732966000298,-0.414478114459,
55.646,0.217999999999996,101,101,2,100.25,0,12.5338087370104,-37.4929595559313,0.00279300396594806,-0.00767921957185,-0.384945540609,
55.647,0.218999999999994,101,101,2,100.25,0,12.5255983930439,-37.9612364852685,0.00310275641754743,-0.00796973407384,-0.343723521156,
55.648,0.219999999999999,101,101,2,100.25,0,12.5172263254329,-38.3741932753803,0.00342229910708625,-0.00819332403704,-0.288150660417,
55.649,0.220999999999997,101,101,2,100.25,0,12.508751574848,-38.7930418489168,0.00374928564259847,-0.00835435540982,-0.224899747711,
55.65,0.221999999999994,101,101,2,100.25,0,12.5002560212422,-39.2789678563818,0.00408091811438283,-0.008450186599,-0.160238894826,
55.651,0.222999999999999,101,101,2,100.25,0,12.4918321492661,-39.72237162002,0.00441366669922161,-0.00846780821062,-0.091928370992,
55.652,0.223999999999997,101,101,2,100.25,0,12.48356844091,-40.1705329732748,0.00474377253085834,-0.00839732737901,-0.014653751919,
55.653,0.224999999999994,101,101,2,100.25,0,12.4755638235326,-40.6750363059361,0.00506734145523069,-0.00823403014849,0.071895018314,
55.654,0.225999999999999,101,101,2,100.25,0,12.4679245187409,-41.1587914233409,0.00537991823138384,-0.0079727508953,0.164846917648,
55.655,0.226999999999997,101,101,2,100.25,0,12.4607335401265,-41.6398792870908,0.00567761996657623,-0.00761440071422,0.261005924756,
55.656,0.227999999999994,101,101,2,100.25,0,12.4540570578076,-41.9161729994717,0.00595655021943742,-0.00717112757894,0.354705788973,
55.657,0.228999999999999,101,101,2,100.25,0,12.4479489398511,-42.0690101197612,0.00621304592198157,-0.00666032189883,0.438056012469,
55.658,0.229999999999997,101,101,2,100.25,0,12.4424531508594,-42.1408820241346,0.00644444582110282,-0.00609492857578,0.506922209543,
55.659,0.230999999999995,101,101,2,100.25,0,12.4375934369416,-42.2647596743527,0.00664953945695856,-0.00548866515897,0.561278058296,
55.66,0.231999999999999,101,101,2,100.25,0,12.4333589667587,-42.4227495865299,0.00682884282336715,-0.0048629633195,0.59983391548,
55.661,0.232999999999997,101,101,2,100.25,0,12.4297149589842,-42.5007919612858,0.00698357384618475,-0.00424490458085,0.617577382426,
55.662,0.233999999999995,101,101,2,100.25,0,12.4266194622551,-42.5003612569092,0.00711513424207055,-0.0036565931834,0.611427466536,
55.663,0.234999999999999,101,101,2,100.25,0,12.4240459596883,-42.4567652803187,0.00722445293367002,-0.00310345179403,0.586684597386,
55.664,0.235999999999997,101,101,2,100.25,0,12.4219741809833,-42.3971853589889,0.0073123522376477,-0.00257958365695,0.554910416107,
55.665,0.236999999999995,101,101,2,100.25,0,12.4203723501139,-42.2624148462332,0.00738015741814024,-0.00208131151286,0.52497131487,
55.666,0.238,101,101,2,100.25,0,12.4192099864696,-42.2018579431124,0.00742924651810029,-0.00161097505255,0.497570236853,
55.667,0.238999999999997,101,101,2,100.25,0,12.4184627991329,-42.1734584485147,0.00746076860207268,-0.00116965091955,0.470013467251,
55.668,0.239999999999995,101,101,2,100.25,0,12.4181041750493,-42.0945746759821,0.00747587887515522,-0.00075517125305,0.441974491243,
55.669,0.241,101,101,2,100.25,0,12.4180862823168,-41.8746581862239,0.00747663009465782,-0.0003729736542,0.412848386155,
55.67,0.241999999999997,101,101,2,100.25,0,12.4183262827051,-41.5930676657551,0.00746661395135106,-4.274420159E-05,0.376291775273,
55.671,0.242999999999995,101,101,2,100.25,0,12.418731551612,-41.3934627456285,0.00744979802111345,0.00021221300764,0.323238223468,
55.672,0.244,101,101,2,100.25,0,12.4192465923948,-41.2474784914892,0.00742851629358654,0.00038861991409,0.25397379141,
55.673,0.244999999999997,101,101,2,100.25,0,12.4198627807056,-41.1840997530828,0.00740311960610995,0.00051245347843,0.184199994651,
55.674,0.245999999999995,101,101,2,100.25,0,12.4205963945601,-41.131282654854,0.00737292575361437,0.00062107171551,0.135040968795,
55.675,0.247,101,101,2,100.25,0,12.4214650678812,-41.1646612960443,0.00733718160815044,0.00073890403137,0.115947058892,
55.676,0.247999999999998,101,101,2,100.25,0,12.4224807714454,-41.165149884831,0.00729537026681726,0.00087226455405,0.119726554272,
55.677,0.248999999999995,101,101,2,100.25,0,12.4236463536064,-41.0665696607402,0.00724744635412833,0.00101655807031,0.131981958708,
55.678,0.25,101,101,2,100.25,0,12.4249571863298,-41.016241322395,0.00719364793680199,0.00116419375068,0.142016267419,
55.679,0.250999999999998,101,101,2,100.25,0,12.4264049800333,-40.995819297252,0.00713427966431368,0.00130834584871,0.145587956435,
55.68,0.251999999999995,101,101,2,100.25,0,12.4279864177347,-40.9749325506533,0.00706946384562457,0.00144679860884,0.143487371362,
55.681,0.253,101,101,2,100.25,0,12.4297015492446,-40.9788975417035,0.00699918304745495,0.00158145264458,0.139022944183,
55.682,0.253999999999998,101,101,2,100.25,0,12.4315429349945,-40.8952493425131,0.00692380210377053,0.00171289963935,0.134831540766,
55.683,0.254999999999995,101,101,2,100.25,0,12.4334941139049,-40.7122858682825,0.00684418665295539,0.00183644742605,0.13003934464,
55.684,0.256,101,101,2,100.25,0,12.4355429204711,-40.5366453856913,0.0067609549810328,0.00194752925899,0.122177762993,
55.685,0.256999999999998,101,101,2,100.25,0,12.4376776173137,-40.3372107888539,0.00667463439832261,0.00204528535238,0.110823897203,
55.686,0.257999999999996,101,101,2,100.25,0,12.4398891737945,-40.2224706972749,0.00658555325547638,0.00213198765114,0.098437676866,
55.687,0.258999999999993,101,101,2,100.25,0,12.4421849823926,-40.1114413142839,0.00649333761252535,0.00221377422453,0.088543719538,
55.688,0.259999999999998,101,101,2,100.25,0,12.4445627715353,-40.0915908035453,0.00639798466303887,0.00229512712629,0.083131189512,
55.689,0.260999999999996,101,101,2,100.25,0,12.44700803296,-40.207910046882,0.00629980802710861,0.00237343666392,0.08056999401,
55.69,0.261999999999993,101,101,2,100.25,0,12.4495123228846,-40.3437456266423,0.0061989456772551,0.00244272829007,0.076517173425,
55.691,0.262999999999998,101,101,2,100.25,0,12.4520685216247,-40.3004141705074,0.00609587442741599,0.00250215401928,0.069037230512,
55.692,0.263999999999996,101,101,2,100.25,0,12.4546570806874,-40.1695884513559,0.00599172375014234,0.00255033419223,0.059011831414,
55.693,0.264999999999993,101,101,2,100.25,0,12.4572673314784,-40.0174986926442,0.00588706954631846,0.00258535848441,0.047607075597,
55.694,0.265999999999998,101,101,2,100.25,0,12.459904647246,-39.8625432094945,0.0057817350993048,0.00261186276549,0.036415053081,
55.695,0.266999999999996,101,101,2,100.25,0,12.4625640644916,-39.7414296122274,0.00567588501023408,0.00263582671802,0.028298185845,
55.696,0.267999999999994,101,101,2,100.25,0,12.4652269043617,-39.6091568337293,0.00557023605757934,0.00265381358955,0.022932926795,
55.697,0.268999999999998,101,101,2,100.25,0,12.4678931331223,-39.5704100018137,0.00546468063841132,0.0026628297499,0.017088782476,
55.698,0.269999999999996,101,101,2,100.25,0,12.4705801049235,-39.5229610977151,0.00535841980951091,0.00267143500563,0.011584102318,
55.699,0.270999999999994,101,101,2,100.25,0,12.4733050488808,-39.4168278937807,0.00525086655900964,0.00269214053585,0.012358609463,
55.7,0.271999999999998,101,101,2,100.25,0,12.4760677023249,-39.3478746397446,0.00514206677064522,0.00272486515651,0.020681175005,
55.701,0.272999999999996,101,101,3,100.25,0,12.4788455536848,-39.2839347567788,0.00503285303130951,0.0027558999728,0.028611952217,
