"Total Time (s)","Cycle Elapsed Time (s)","Total Cycles","Elapsed Cycles","Step","Total Cycle Count","Total Cycle Count(ElectroPuls (10.0.0.2 : 1) Waveform)","Position (mm)","Force (N)","Cycle Energy(Energy Calculation) (J)","Velocity(Velocity Calculation) (m/s)","Acceleration(Acceleration Calculation) (m/s²)",
5.242,0,1,1,2,0,0,-0.466327865435159,-19.8159384518765,0,-8.097455897E-07,0.00761410741381,
5.243,0.00100000000000033,1,1,2,0,0,-0.466303935839084,-19.8490527854301,-4.74583609316997E-07,1.44505293792E-05,0.01429805012516,
5.244,0.00199999999999978,1,1,2,0,0,-0.466289504661152,-19.9269026347312,-7.61590554346041E-07,1.90331881041E-05,0.01266574333274,
5.245,0.00300000000000011,1,1,2,0,0,-0.466289395552383,-20.064866340613,-7.63772280703776E-07,1.2984082626E-05,0.0045964143372,
5.246,0.00400000000000045,1,1,2,0,0,-0.466291318298288,-20.0775949605733,-7.25180404150417E-07,3.7961731157E-06,-0.00380121742686,
5.247,0.00499999999999989,1,1,2,0,0,-0.466296178404038,-19.9829366506355,-6.27831194138263E-07,-2.1943974563E-06,-0.00728706661915,
5.248,0.00600000000000023,1,1,2,0,0,-0.466314649155917,-19.8138864819188,-2.60292571315456E-07,-8.0620916352E-06,-0.00691290933556,
5.249,0.00699999999999967,1,1,2,0,0,-0.466347249121547,-19.6962052598491,3.83721245099519E-07,-1.86263221656E-05,-0.00731351800228,
5.25,0.00800000000000001,1,1,2,0,0,-0.466383520441842,-19.715004394828,1.09846954939605E-06,-2.94626079042E-05,-0.00923688618741,
5.251,0.00900000000000034,1,1,2,0,0,-0.466412873949471,-19.8488308904275,1.67913821983649E-06,-3.30945700957E-05,-0.00859337211201,
5.252,0.00999999999999979,1,1,2,0,0,-0.466429372018818,-19.8888247700035,2.00693551922581E-06,-2.75722199442E-05,-0.00304696555273,
5.253,0.0110000000000001,1,1,2,0,0,-0.466442304376735,-19.828563614883,2.26375526028288E-06,-1.92849874026E-05,0.00360552116563,
5.254,0.0120000000000005,1,1,2,0,0,-0.466456958834728,-19.8437468309484,2.554443363741E-06,-1.45187013688E-05,0.00640148387223,
5.255,0.0129999999999999,1,1,2,0,0,-0.466470696887589,-19.8421115964579,2.8270465741928E-06,-1.38629064306E-05,0.00458942265746,
5.256,0.0140000000000002,1,1,2,0,0,-0.466482123148991,-19.8266843545074,3.05367959021314E-06,-1.33194369629E-05,0.00185524462573,
5.257,0.0149999999999997,1,1,2,0,0,-0.466496374452488,-19.8446019019133,3.33636336049257E-06,-1.29673114682E-05,0.00051976391695,
5.258,0.016,1,1,2,0,0,-0.466519320918412,-19.90387711406,3.79240692013872E-06,-1.60123395966E-05,-0.00060961740033,
5.259,0.0170000000000003,1,1,2,0,0,-0.466543571027276,-19.7982997365582,4.27379797550962E-06,-2.07290100779E-05,-0.00252737474734,
5.26,0.0179999999999998,1,1,2,0,0,-0.466565297620407,-19.7266916480992,4.70316967866977E-06,-2.31019612621E-05,-0.0035120619863,
5.261,0.0190000000000001,1,1,2,0,0,-0.46659424004446,-19.8052506499199,5.27524479749619E-06,-2.46483971275E-05,-0.00282811237769,
5.262,0.0200000000000005,1,1,2,0,0,-0.466624650312991,-19.92461951086,5.8793428076233E-06,-2.72180281198E-05,-0.00210134899911,
5.263,0.0209999999999999,1,1,2,0,0,-0.466638856765944,-19.9735732814534,6.16274870703006E-06,-2.51087705142E-05,-0.00085900587486,
5.264,0.0220000000000002,1,1,2,0,0,-0.466634025704143,-19.8363983398496,6.06658649043444E-06,-1.33563432002E-05,0.00359854193875,
5.265,0.0229999999999997,1,1,2,0,0,-0.466625588886128,-19.6541015214729,5.89999941012385E-06,2.01534239E-07,0.00940111143904,
5.266,0.024,1,1,2,0,0,-0.466636621014745,-19.6711556636288,6.11692005769563E-06,1.5144071612E-06,0.00934274104654,
5.267,0.0250000000000004,1,1,2,0,0,-0.466662734546072,-20.0476995891359,6.63551984314819E-06,-9.7158654404E-06,0.00122343062016,
5.268,0.0259999999999998,1,1,2,0,0,-0.46667860943944,-20.3537217720406,6.9562039711681E-06,-1.85175191263E-05,-0.00673874326975,
5.269,0.0270000000000001,1,1,2,0,0,-0.466670602415164,-20.3057698450851,6.79342320295331E-06,-1.17819094625E-05,-0.0048690603557,
5.27,0.0280000000000005,1,1,2,0,0,-0.466654116279784,-20.2906047485323,6.4587845392055E-06,3.386182314E-06,0.0046041752927,
5.271,0.0289999999999999,1,1,2,0,0,-0.466651261729991,-20.2687474544287,6.40089519399678E-06,9.8529263727E-06,0.01002794282735,
5.272,0.0300000000000002,1,1,2,0,0,-0.466670928684788,-20.2574297244153,6.79940844131879E-06,1.875740921E-07,0.00423751947225,
5.273,0.0309999999999997,1,1,2,0,0,-0.466702646649789,-20.2206365179463,7.44134938552004E-06,-1.65258064812E-05,-0.00694013186662,
5.274,0.032,1,1,2,0,0,-0.466735068931357,-20.1238508430461,8.09537954998677E-06,-2.83139569099E-05,-0.01312140304211,
5.275,0.0330000000000004,1,1,2,0,0,-0.466763415985714,-20.0977735546241,8.66546183654615E-06,-3.09884184346E-05,-0.01053161280088,
5.276,0.0339999999999998,1,1,2,0,0,-0.466781119845123,-20.1814999793998,9.02201113442565E-06,-2.63766640359E-05,-0.00322270341888,
5.277,0.0350000000000001,1,1,2,0,0,-0.466790589590345,-20.3004345837493,9.21368793763296E-06,-1.84265836373E-05,0.00342738742165,
5.278,0.0360000000000005,1,1,2,0,0,-0.466799740287661,-20.1406635029965,9.39872006148752E-06,-1.18442651063E-05,0.00653825403835,
5.279,0.0369999999999999,1,1,2,0,0,-0.466814742369555,-20.0082772538148,9.69987891007813E-06,-1.10018270612E-05,0.00527068294551,
5.28,0.0380000000000003,1,1,2,0,0,-0.466821139164681,-20.1294706233192,9.82825538507455E-06,-1.06650804902E-05,0.00241269474864,
5.281,0.0389999999999997,1,1,2,0,0,-0.466802724949282,-20.2524066299969,9.45645509208481E-06,-1.5350779989E-06,0.00312643078932,
5.282,0.04,1,1,2,0,0,-0.466769758131404,-20.2474381264837,8.78887958900539E-06,1.53366929852E-05,0.00881455626305,
5.283,0.0410000000000004,1,1,2,0,0,-0.466741143641791,-20.1875990167374,8.21036561384934E-06,2.72953386545E-05,0.01307530284182,
5.284,0.0419999999999998,1,1,2,0,0,-0.466727574281236,-20.0676503670409,7.93724661727626E-06,2.5406649375E-05,0.0092783827791,
5.285,0.0430000000000001,1,1,2,0,0,-0.466731308295716,-20.0395055192795,8.01212696769607E-06,1.2891886762E-05,-0.00092231079491,
5.286,0.0440000000000005,1,1,2,0,0,-0.466745620820233,-20.0373509982565,8.29892746343646E-06,-1.7165549803E-06,-0.00995504435174,
5.287,0.0449999999999999,1,1,2,0,0,-0.466764803653867,-20.002604233114,8.68296736339239E-06,-1.2600064241E-05,-0.01286285825903,
5.288,0.0460000000000003,1,1,2,0,0,-0.466781391855243,-19.9110022937267,9.01401483473403E-06,-1.69433512212E-05,-0.01003892232103,
5.289,0.0469999999999997,1,1,2,0,0,-0.466799560383863,-19.8437073723281,9.37515712490884E-06,-1.78406892265E-05,-0.00527156897188,
5.29,0.048,1,1,2,0,0,-0.466829721249264,-19.8139521612545,9.97321179058174E-06,-2.12921314812E-05,-0.00269735397259,
5.291,0.0490000000000004,1,1,2,0,0,-0.466865953299499,-19.8312080763976,1.06914245092259E-05,-2.83845198172E-05,-0.00377749480427,
5.292,0.0499999999999998,1,1,2,0,0,-0.466896764375378,-19.8969321520379,1.13034578807835E-05,-3.2784402478E-05,-0.00519235280905,
5.293,0.0510000000000002,1,1,2,0,0,-0.466909577492349,-19.9426442500433,1.15586924570447E-05,-2.70379805134E-05,-0.00216374297574,
5.294,0.0520000000000005,1,1,2,0,0,-0.466898033698229,-19.873663585382,1.13288768269074E-05,-1.09054313161E-05,0.00581836874679,
5.295,0.0529999999999999,1,1,2,0,0,-0.466881763394784,-19.7496278457676,1.10065353393675E-05,5.6546735902E-06,0.01314497774019,
5.296,0.0540000000000003,1,1,2,0,0,-0.466887315453023,-19.7757906441137,1.1116259052044E-05,8.3056421426E-06,0.01225909728743,
5.297,0.0549999999999997,1,1,2,0,0,-0.466912239414339,-19.8881015576455,1.16105497094874E-05,-4.8169206568E-06,0.00209165005303,
5.298,0.0560000000000001,1,1,2,0,0,-0.46693556095411,-19.9371862130187,1.20749432258205E-05,-1.86316639295E-05,-0.00859815753585,
5.299,0.0570000000000004,1,1,2,0,0,-0.466942351697967,-20.0166005703817,1.22106011918879E-05,-1.88430274606E-05,-0.00952607520823,
5.3,0.0579999999999998,1,1,2,0,0,-0.466934363627793,-20.1531083757417,1.20501619649308E-05,-7.3163384219E-06,-0.00077096168264,
5.301,0.0590000000000002,1,1,2,0,0,-0.466921144304727,-20.1170866478945,1.1783989605945E-05,5.1238018323E-06,0.00827930863241,
5.302,0.0600000000000005,1,1,2,0,0,-0.466905957281607,-19.855510422614,1.14804572280177E-05,1.22402572146E-05,0.01056899942798,
5.303,0.0609999999999999,1,1,2,0,0,-0.466888755249665,-19.7050041448113,1.11401966104055E-05,1.52012157504E-05,0.00746691178992,
5.304,0.0620000000000003,1,1,2,0,0,-0.466879814448494,-19.7242840368493,1.09639318974231E-05,1.41191600641E-05,0.00299470332312,
5.305,0.0629999999999997,1,1,2,0,0,-0.466886368693677,-19.8610484249064,1.109365788472E-05,6.7706564961E-06,-0.00174908578418,
5.306,0.0640000000000001,1,1,2,0,0,-0.46690628136207,-19.8873093487537,1.14894058184751E-05,-5.9132582398E-06,-0.00706919255386,
5.307,0.0650000000000004,1,1,2,0,0,-0.466934310635353,-19.7693303629002,1.20451792144649E-05,-1.8340122897E-05,-0.01100617636192,
5.308,0.0659999999999998,1,1,2,0,0,-0.466959800579184,-19.6452275553336,1.25475166482035E-05,-2.48324929804E-05,-0.01072363130867,
5.309,0.0670000000000002,1,1,2,0,0,-0.466979651057239,-19.6207008647286,1.29372403734015E-05,-2.45599029338E-05,-0.00624323041654,
5.31,0.0680000000000005,1,1,2,0,0,-0.466991739301271,-19.6560029602356,1.31746335637146E-05,-1.92136475809E-05,-0.00023479840051,
5.311,0.069,1,1,2,0,0,-0.466987393907265,-19.6854763544727,1.30891564495013E-05,-9.4868228275E-06,0.00513832658116,
5.312,0.0700000000000003,1,1,2,0,0,-0.466972666652358,-19.6971569634455,1.27991574096144E-05,2.5298608649E-06,0.00909961161495,
5.313,0.0709999999999997,1,1,2,0,0,-0.466958697543606,-19.6905476871217,1.25240518447419E-05,1.13852527902E-05,0.01038133848057,
5.314,0.0720000000000001,1,1,2,0,0,-0.466956291354232,-19.7326622411268,1.2476621990321E-05,1.07276767851E-05,0.00694988907631,
5.315,0.0730000000000004,1,1,2,0,0,-0.466967024471373,-19.8840021619796,1.26892271402231E-05,1.9332732329E-06,-0.00024473389011,
5.316,0.0739999999999998,1,1,2,0,0,-0.466982792696381,-20.0734682180252,1.30042563320728E-05,-8.3018575466E-06,-0.00678557345626,
5.317,0.0750000000000002,1,1,2,0,0,-0.467018329205826,-20.1669113551528,1.3719257646444E-05,-2.0188177979E-05,-0.01029826950718,
5.318,0.0760000000000005,1,1,2,0,0,-0.467085067726263,-20.1633692418564,1.50650492743846E-05,-3.89666274115E-05,-0.01345860223656,
5.319,0.077,1,1,2,0,0,-0.467173203017616,-20.0896164168574,1.68389035838177E-05,-6.37969484142E-05,-0.01852637220353,
5.32,0.0780000000000003,1,1,2,0,0,-0.467274285101129,-19.9630429972527,1.88632067157223E-05,-8.56002977262E-05,-0.02210666802443,
5.321,0.0789999999999997,1,1,2,0,0,-0.467379694387941,-19.9312437571884,2.09658208730505E-05,-9.84962068547E-05,-0.02003920876416,
5.322,0.0800000000000001,1,1,2,0,0,-0.467471975876953,-20.0296590906117,2.28096466815852E-05,-0.0001001727864826,-0.01220234233337,
5.323,0.0810000000000004,1,1,2,0,0,-0.467523972952668,-20.2454270847728,2.38567400342202E-05,-8.4134504363E-05,0.00027208004617,
5.324,0.0819999999999999,1,1,2,0,0,-0.467518789081362,-20.1212753827735,2.37521121389025E-05,-4.69281155977E-05,0.01707425558906,
5.325,0.0830000000000002,1,1,2,0,0,-0.467480765114577,-20.0054593350819,2.29892233248592E-05,-2.1183841566E-06,0.03313695957433,
5.326,0.0840000000000005,1,1,2,0,0,-0.467445198547181,-20.0775747385378,2.22764153584355E-05,2.74347183245E-05,0.03795173995036,
5.327,0.085,1,1,2,0,0,-0.467430158254434,-20.0948508422269,2.19743128379033E-05,3.01459048181E-05,0.02607751637285,
5.328,0.0860000000000003,1,1,2,0,0,-0.467439883875635,-20.0633032347598,2.21695943352458E-05,1.37684009576E-05,0.00503715418362,
5.329,0.0869999999999997,1,1,2,0,0,-0.467464903868055,-19.9643540612697,2.26703401762982E-05,-6.8841583823E-06,-0.01193341339809,
5.33,0.0880000000000001,1,1,2,0,0,-0.467495674968735,-19.9371235083332,2.32842463680865E-05,-2.21570135323E-05,-0.01775613143911,
5.331,0.0890000000000004,1,1,2,0,0,-0.46752175800822,-19.9786341446634,2.38048085095535E-05,-2.76393498435E-05,-0.01394961075533,
5.332,0.0899999999999999,1,1,2,0,0,-0.467531130028517,-20.0139449077484,2.39922141408758E-05,-2.24761520871E-05,-0.00522583174256,
5.333,0.0910000000000002,1,1,2,0,0,-0.467517740297268,-20.0610440847729,2.37239174746568E-05,-7.5568005896E-06,0.00489638365845,
5.334,0.0920000000000005,1,1,2,0,0,-0.467493217616944,-20.1238520771312,2.32311967934369E-05,9.9010905077E-06,0.01275406725511,
5.335,0.093,1,1,2,0,0,-0.46747716794784,-20.109704395401,2.29083291593108E-05,1.86408922355E-05,0.01408090240651,
5.336,0.0940000000000003,1,1,2,0,0,-0.467480390149806,-20.0068013644919,2.29729609011679E-05,1.2810011149E-05,0.00698402369436,
5.337,0.0949999999999998,1,1,2,0,0,-0.467508406194739,-19.9086871017276,2.35320979603795E-05,-4.8787935351E-06,-0.00501705332149,
5.338,0.0960000000000001,1,1,2,0,0,-0.467547683405279,-19.9556552240997,2.43149780436531E-05,-2.3956241725E-05,-0.01454802065656,
5.339,0.0970000000000004,1,1,2,0,0,-0.46757268117122,-20.0981990536698,2.48156064807871E-05,-3.16150274782E-05,-0.01523525640715,
5.34,0.0979999999999999,1,1,2,0,0,-0.467571748043277,-20.0742957230377,2.47968634420829E-05,-2.15023311555E-05,-0.00575293986144,
5.341,0.0990000000000002,1,1,2,0,0,-0.467554254714656,-19.9526447425018,2.44467612304565E-05,-1.8780800188E-06,0.00763471814413,
5.342,0.100000000000001,1,1,2,0,0,-0.467537488531523,-19.8272224711887,2.41132829611056E-05,1.23071247712E-05,0.01513907078849,
5.343,0.101,1,1,2,0,0,-0.467533991010475,-19.7471961046474,2.40440767801343E-05,1.30037281539E-05,0.01177033827182,
5.344,0.102,1,1,2,0,0,-0.46753695243929,-19.8121564922544,2.41026528834793E-05,5.5404347146E-06,0.00229521475829,
5.345,0.103,1,1,2,0,0,-0.467543718882312,-19.9026341588149,2.42370168175049E-05,-2.1652481182E-06,-0.00508804121075,
5.346,0.104,1,1,2,0,0,-0.467554295328808,-19.8889203907886,2.44474434413612E-05,-6.7679398021E-06,-0.00670206867008,
5.347,0.105,1,1,2,0,0,-0.467569543845738,-19.9556793634072,2.4751228968315E-05,-1.0835066584E-05,-0.00537291955797,
5.348,0.106,1,1,2,0,0,-0.467582905787312,-20.0543066776842,2.50185345162519E-05,-1.3280923193E-05,-0.00374141520063,
5.349,0.107,1,1,2,0,0,-0.467582176484611,-20.0063159127155,2.50039263561134E-05,-9.7005408983E-06,-0.00112436598976,
5.35,0.108000000000001,1,1,2,0,0,-0.467569792817157,-19.8642355301003,2.47570545309787E-05,-1.7611556E-09,0.00360802985799,
5.351,0.109,1,1,2,0,0,-0.467560856554451,-19.7014661592388,2.45802697787551E-05,7.8531366037E-06,0.00731009591328,
5.352,0.11,1,1,2,0,0,-0.467573278668221,-19.6074108615837,2.48244194500267E-05,3.5629711876E-06,0.0047645434017,
5.353,0.111,1,1,2,0,0,-0.467613068553454,-19.6668699345539,2.56057790127666E-05,-1.42249322661E-05,-0.00469596787476,
5.354,0.112,1,1,2,0,0,-0.467676099499233,-19.7444351230302,2.68478449288389E-05,-3.85518719579E-05,-0.01570029291385,
5.355,0.113,1,1,2,0,0,-0.46774362533295,-19.6842941977408,2.81790738387447E-05,-5.74070939966E-05,-0.02072371352444,
5.356,0.114,1,1,2,0,0,-0.46780138056836,-19.6322582640934,2.93144422102065E-05,-6.32461878435E-05,-0.01659189887709,
5.357,0.115,1,1,2,0,0,-0.467839542343072,-19.7612209574696,3.00661047498039E-05,-5.48083766927E-05,-0.00546086080513,
5.358,0.116000000000001,1,1,2,0,0,-0.467852207560213,-19.8278742039034,3.03168069931224E-05,-3.63908456504E-05,0.00714865561894,
5.359,0.117,1,1,2,0,0,-0.467849625095549,-19.7538434629498,3.0265697799499E-05,-1.57398798709E-05,0.01609364549601,
5.36,0.118,1,1,2,0,0,-0.467848901345815,-19.710651802176,3.02514165905253E-05,-2.5494543564E-06,0.01774277327884,
5.361,0.119,1,1,2,0,0,-0.467857970612149,-19.7208137456041,3.04302238220179E-05,-1.6565406071E-06,0.01173933406444,
5.362,0.12,1,1,2,0,0,-0.467871392844654,-19.731649441406,3.06949938889214E-05,-7.4372513649E-06,0.00258007992673,
5.363,0.121,1,1,2,0,0,-0.467881867189316,-19.8176235833456,3.09021202473127E-05,-1.12319763008E-05,-0.0031828276591,
5.364,0.122,1,1,2,0,0,-0.467892995686992,-20.1082257814751,3.11242776082567E-05,-1.15549569191E-05,-0.00334899738719,
5.365,0.123,1,1,2,0,0,-0.467902375024503,-20.3523024020812,3.13140240831053E-05,-1.04075037223E-05,-0.00092337376905,
5.366,0.124000000000001,1,1,2,0,0,-0.467902357301377,-20.3189425729656,3.13136636723029E-05,-7.0849673694E-06,0.0013588479991,
5.367,0.125,1,1,2,0,0,-0.467895676326398,-20.1765488497029,3.11783889898293E-05,-8.024195092E-07,0.00355801485826,
5.368,0.126,1,1,2,0,0,-0.467907710820576,-20.0751261268706,3.14205932639181E-05,-9.32641324E-07,0.00347071350551,
5.369,0.127,1,1,2,0,0,-0.467956376139194,-20.0810428409586,3.23976996425552E-05,-1.74091007629E-05,-0.00311026219953,
5.37,0.128,1,1,2,0,0,-0.468026244017308,-20.1051610149999,3.38015620389926E-05,-4.40368391348E-05,-0.01461797183157,
5.371,0.129,1,1,2,0,0,-0.46808360337682,-20.0502169858932,3.4953205420531E-05,-5.97545546846E-05,-0.02030934784537,
5.372,0.13,1,1,2,0,0,-0.468104150254393,-20.0872257513254,3.53655549815526E-05,-5.00681705109E-05,-0.01136949247938,
5.373,0.131,1,1,2,0,0,-0.468091692674325,-20.1474228076778,3.51149418035728E-05,-2.16892848624E-05,0.00767290469909,
5.374,0.132000000000001,1,1,2,0,0,-0.468062768096783,-20.1509995670712,3.45321343821871E-05,7.4963420179E-06,0.0230131575756,
5.375,0.133,1,1,2,0,0,-0.468030239019832,-20.0689878226743,3.38779748498036E-05,2.50658281225E-05,0.02545876227805,
5.376,0.134,1,1,2,0,0,-0.468005897928775,-20.0130780320785,3.3390154242426E-05,2.89913313604E-05,0.0169611334773,
5.377,0.135,1,1,2,0,0,-0.468008445844559,-20.12411792972,3.34412873399866E-05,1.8730784773E-05,0.00376288315032,
5.378,0.136,1,1,2,0,0,-0.468046362640712,-20.2330458252578,3.42063945156916E-05,-5.0918778425E-06,-0.01007336644824,
5.379,0.137,1,1,2,0,0,-0.468101530811619,-20.2137830792107,3.53220833005199E-05,-3.24815444688E-05,-0.02082412901031,
5.38,0.138,1,1,2,0,0,-0.468142480135009,-20.1239849219591,3.61479854538852E-05,-4.57271042257E-05,-0.02207633336224,
5.381,0.139,1,1,2,0,0,-0.468151620558773,-20.0883437632734,3.63317643162456E-05,-3.56723077573E-05,-0.01049868495013,
5.382,0.14,1,1,2,0,0,-0.468134005689295,-20.1786501620465,3.5977115395111E-05,-1.06565056792E-05,0.00755299128372,
5.383,0.141,1,1,2,0,0,-0.468103289564338,-20.132076997769,3.53580207288224E-05,1.35186581491E-05,0.02027530892025,
5.384,0.142,1,1,2,0,0,-0.468083227741385,-19.9847706764474,3.49556121810991E-05,2.35894577121E-05,0.02019604602365,
5.385,0.143,1,1,2,0,0,-0.468096952610442,-19.8967048913712,3.52292961960825E-05,1.31221059512E-05,0.00814066344542,
5.386,0.144,1,1,2,0,0,-0.468138833693517,-19.9545202073763,3.60638024305721E-05,-1.20357256594E-05,-0.00871305031864,
5.387,0.145,1,1,2,0,0,-0.468178327217715,-20.0331540579713,3.68534295211872E-05,-3.27179512065E-05,-0.01940800583664,
5.388,0.146,1,1,2,0,0,-0.46818722134942,-20.0937217051388,3.70318763801597E-05,-3.10299741132E-05,-0.01531384657403,
5.389,0.147,1,1,2,0,0,-0.468171395894007,-20.0086672603741,3.67145570959048E-05,-1.06580733175E-05,0.0005820934119,
5.39,0.148,1,1,2,0,0,-0.468157109198336,-19.9927955521781,3.6428812733107E-05,7.947951355E-06,0.01423696084802,
5.391,0.149,1,1,2,0,0,-0.468153726079361,-20.0191749551596,3.63611301047663E-05,1.14772505851E-05,0.01461276987674,
5.392,0.15,1,1,2,0,0,-0.468157983595247,-19.9327080304825,3.64461779930208E-05,4.3620015256E-06,0.00485895237594,
5.393,0.151,1,1,2,0,0,-0.46816032445798,-19.7445044489116,3.64926174470383E-05,-1.3903294819E-06,-0.00351300915702,
5.394,0.152,1,1,2,0,0,-0.468160639610706,-19.6760955997254,3.64988292018142E-05,-2.3081456771E-06,-0.00471085197941,
5.395,0.153,1,1,2,0,0,-0.468163510937217,-19.8999333686382,3.65556470524107E-05,-1.6897178636E-06,-0.00190729743628,
5.396,0.154,1,1,2,0,0,-0.468171860952432,-20.2559045775116,3.67232979813306E-05,-3.7480809867E-06,-0.00064548267009,
5.397,0.155,1,1,2,0,0,-0.468184323637685,-20.3750748025468,3.69764835350867E-05,-7.9402096152E-06,-0.00189545549374,
5.398,0.156,1,1,2,0,0,-0.468191590011282,-20.3558732494019,3.71244666778462E-05,-9.6699907448E-06,-0.00281329472721,
5.399,0.157,1,1,2,0,0,-0.468191698715152,-20.1836192358494,3.71266700777135E-05,-6.6779661757E-06,-0.00105194366966,
5.4,0.158,1,1,2,0,0,-0.468187883933593,-20.0218411127055,3.70499825533537E-05,-1.0789591594E-06,0.00235757759365,
5.401,0.159,1,1,2,0,0,-0.468179015820569,-19.7978227670932,3.68734199134191E-05,4.1537353698E-06,0.00470701853601,
5.402,0.16,1,1,2,0,0,-0.468167548995102,-19.610152494861,3.66474777262419E-05,8.1317273174E-06,0.00496617750085,
5.403,0.161,1,1,2,0,0,-0.468166329189462,-19.6205223143461,3.66235508270536E-05,7.613105786E-06,0.00300541867838,
5.404,0.162,1,1,2,0,0,-0.468183659675295,-19.7634206393131,3.6964822259751E-05,-1.2711758538E-06,-0.00167933552022,
5.405,0.163,1,1,2,0,0,-0.468213700490235,-19.9210062476471,3.75608985218195E-05,-1.55784971232E-05,-0.00800149549616,
5.406,0.164,1,1,2,0,0,-0.468241414121513,-19.902735852113,3.81127287741429E-05,-2.55295611093E-05,-0.01137353219553,
5.407,0.165,1,1,2,0,0,-0.468253183185894,-19.8117679245532,3.83464300500471E-05,-2.36284163075E-05,-0.00770227853472,
5.408,0.166,1,1,2,0,0,-0.468242488420279,-19.70778231869,3.8135103886523E-05,-9.8132854513E-06,0.00191967798175,
5.409,0.167,1,1,2,0,0,-0.468216963482057,-19.7008541351805,3.76321523810764E-05,8.404668398E-06,0.01156178193781,
5.41,0.168,1,1,2,0.25,0,-0.468196779294053,-19.7481569610175,3.723402925279E-05,1.94736613744E-05,0.0147524186895,
5.411,0.169,1,1,2,0.25,0,-0.468191413525476,-19.8721242128562,3.71277326229223E-05,1.73408872414E-05,0.00925315110545,
5.412,0.17,1,1,2,0.25,0,-0.468186301841793,-20.0060056391157,3.70258104301E-05,9.7350689372E-06,0.00018584274846,
5.413,0.171,1,1,2,0.25,0,-0.468183451527714,-20.1235077395987,3.69686195716068E-05,4.50949827E-06,-0.00524983076174,
5.414,0.172,1,1,2,0.25,0,-0.468202926476423,-20.1209867001533,3.73604993041253E-05,-3.1688538762E-06,-0.006675479402,
5.415,0.173,1,1,2,0.25,0,-0.46825941248486,-20.148052505277,3.8497817948285E-05,-2.3880687791E-05,-0.01085256223308,
5.416,0.174,1,1,2,0.25,0,-0.46834104203138,-20.2958364925221,4.0148526107489E-05,-5.29257519435E-05,-0.01930175845553,
5.417,0.175,1,1,2,0.25,0,-0.468413412932443,-20.3963551514602,4.1620991395232E-05,-7.1308891458E-05,-0.02334651768979,
5.418,0.176,1,1,2,0.25,0,-0.468452057847164,-20.3754001985489,4.24088018994957E-05,-6.50306987975E-05,-0.0141833172534,
5.419,0.177,1,1,2,0.25,0,-0.468454788306251,-20.3072860947299,4.24643431047294E-05,-3.79883739334E-05,0.00510903266908,
5.42,0.178,1,1,2,0.25,0,-0.468430722020436,-20.1726742245327,4.19772419573145E-05,-5.4657723066E-06,0.02245716823183,
5.421,0.179,1,1,2,0.25,0,-0.468402965235292,-20.0290237719362,4.14193070104568E-05,1.71344121431E-05,0.02790179344486,
5.422,0.18,1,1,2,0.25,0,-0.468396871312069,-20.0215705627624,4.1297274387006E-05,2.0150776769E-05,0.01970176365569,
5.423,0.181,1,1,2,0.25,0,-0.468411057714384,-20.1421792622393,4.15821639437547E-05,6.5086841379E-06,0.00389397339594,
5.424,0.182,1,1,2,0.25,0,-0.468431342519712,-20.2443405240097,4.19917802896182E-05,-9.9318255575E-06,-0.00948408057329,
5.425,0.183,1,1,2,0.25,0,-0.468439476783302,-20.1984630622328,4.21562665019718E-05,-1.48101219027E-05,-0.01213232057105,
5.426,0.184,1,1,2,0.25,0,-0.468425955046898,-20.1673243005734,4.18833587337482E-05,-5.2826261132E-06,-0.00402522270985,
5.427,0.185,1,1,2,0.25,0,-0.46841079113269,-20.1108559729375,4.15779712986738E-05,7.517589747E-06,0.0061875741703,
5.428,0.186,1,1,2,0.25,0,-0.46841159439923,-20.0926738781696,4.15941183738461E-05,9.8811066424E-06,0.00868739014955,
5.429,0.187,1,1,2,0.25,0,-0.46842528834315,-20.1408614060618,4.18695962617803E-05,1.196844704E-07,0.00185704486462,
5.43,0.188,1,1,2,0.25,0,-0.468439202018189,-20.2454936277006,4.21505575717571E-05,-9.8926600417E-06,-0.00619921715381,
5.431,0.189,1,1,2,0.25,0,-0.46843838220184,-20.1983100488295,4.2133979326025E-05,-9.4277082869E-06,-0.00679387893,
5.432,0.19,1,1,2,0.25,0,-0.468425271768777,-20.0464376645612,4.18701662905088E-05,8.69539468E-08,3.66760184E-05,
5.433,0.191,1,1,2,0.25,0,-0.468411260233331,-19.9707803992826,4.15898149558318E-05,9.6935787637E-06,0.00682733786499,
5.434,0.192,1,1,2,0.25,0,-0.468396320961173,-19.9152760925059,4.1291880629201E-05,1.40195257447E-05,0.00799483269117,
5.435,0.193000000000001,1,1,2,0.25,0,-0.468382035275596,-19.9348528769797,4.10072374228709E-05,1.44648751701E-05,0.00474597106509,
5.436,0.194,1,1,2,0.25,0,-0.468377851077243,-19.9612284740637,4.092377086394E-05,1.14513153841E-05,0.00057185592866,
5.437,0.195,1,1,2,0.25,0,-0.468388613789547,-20.0205588785126,4.11389271012725E-05,2.7305713231E-06,-0.00368804230508,
5.438,0.196,1,1,2,0.25,0,-0.468418030403043,-19.9519290242732,4.17268547148221E-05,-1.18748094645E-05,-0.00877397979648,
5.439,0.197,1,1,2,0.25,0,-0.468461118329363,-19.7819987019446,4.25828809899633E-05,-2.79218369856E-05,-0.01327248378967,
5.44,0.198,1,1,2,0.25,0,-0.468497980897366,-19.7155769091361,4.33108720234207E-05,-3.71189249777E-05,-0.01355955164235,
5.441,0.199,1,1,2,0.25,0,-0.468516938789394,-19.8545841486463,4.36859554438522E-05,-3.33587727056E-05,-0.00736489777154,
5.442,0.2,1,1,2,0.25,0,-0.468507825325632,-19.9612868341348,4.35045251951888E-05,-1.59078880835E-05,0.00398019989784,
5.443,0.201000000000001,1,1,2,0.25,0,-0.468475361324486,-19.9474598965517,4.28567263953896E-05,7.6972182402E-06,0.01518993142758,
5.444,0.202,1,1,2,0.25,0,-0.468449225845642,-19.8530956042256,4.23366231072503E-05,2.35602832402E-05,0.01943622741611,
5.445,0.203,1,1,2,0.25,0,-0.468463864151243,-19.7580557486903,4.2626543176596E-05,1.58019002011E-05,0.01109924298538,
5.446,0.204,1,1,2,0.25,0,-0.468528707255445,-19.8381998039964,4.39103152390017E-05,-1.74676098478E-05,-0.00832528673031,
5.447,0.205,1,1,2,0.25,0,-0.468609938645716,-19.9451406695068,4.55261432671563E-05,-5.46981504424E-05,-0.02680448110967,
5.448,0.206,1,1,2,0.25,0,-0.468664130949081,-20.0028144243273,4.66085791177803E-05,-6.82031783785E-05,-0.02892457763334,
5.449,0.207,1,1,2,0.25,0,-0.468682166455548,-19.9841431884614,4.69691716340828E-05,-5.14569903674E-05,-0.01154731694949,
5.45,0.208,1,1,2,0.25,0,-0.46868747175066,-19.9273857009154,4.70750428536609E-05,-2.50634821299E-05,0.01056501929486,
5.451,0.209000000000001,1,1,2,0.25,0,-0.46871437514701,-19.7548087080514,4.76088357557656E-05,-1.56037888899E-05,0.01841916767033,
5.452,0.21,1,1,2,0.25,0,-0.468815408090462,-19.4872868220001,4.95912079650788E-05,-4.26628301092E-05,0.00358421740146,
5.453,0.211,1,1,2,0.25,0,-0.469060551945614,-19.3558108890853,5.43522813245543E-05,-0.0001220273528314,-0.03179506533238,
5.454,0.212,1,1,2,0.25,0,-0.469537404204348,-19.2694474910411,6.35615521759245E-05,-0.0002714231027166,-0.08468224642023,
5.455,0.213,1,1,2,0.25,0,-0.470322553217501,-19.059004045948,7.8608325125891E-05,-0.0004998287639851,-0.15208935515129,
5.456,0.214,1,1,2,0.25,0,-0.471482932817534,-18.6595621062495,0.000100492252478642,-0.0008052291628913,-0.22780110914482,
5.457,0.215,1,1,2,0.25,0,-0.47310037862571,-18.2407696642543,0.0001303343959499,-0.0011849302864119,-0.30459219499921,
5.458,0.216,1,1,2,0.25,0,-0.475282659474227,-18.057695325269,0.000169941118438509,-0.0016497764578354,-0.38295442050715,
5.459,0.217000000000001,1,1,2,0.25,0,-0.478161208092626,-17.9072332205128,0.000221704516126643,-0.0022217106673793,-0.47142906848875,
5.46,0.218,1,1,2,0.25,0,-0.481879782197899,-17.7059490376882,0.000287919644802503,-0.0029216759334966,-0.5782171150798,
5.461,0.219,1,1,2,0.25,0,-0.486596223633481,-17.5666969580336,0.000371100329360916,-0.0037659266583035,-0.70484158675216,
5.462,0.22,1,1,2,0.25,0,-0.492479447610668,-17.6336055863175,0.000474645961327505,-0.0047671159989708,-0.84804667195814,
5.463,0.221,1,1,2,0.25,0,-0.499690601972334,-17.7094685676914,0.000602078142997684,-0.0059315683300492,-1.00308665303251,
5.464,0.222,1,1,2,0.25,0,-0.508369765372264,-17.6871905379284,0.000755684837092328,-0.0072531779578015,-1.16262062295724,
5.465,0.223,1,1,2,0.25,0,-0.518658730998877,-17.6439561327344,0.000937445313913967,-0.0087217013564557,-1.3185365700207,
5.466,0.224,1,1,2,0.25,0,-0.53072624526711,-17.5491388001991,0.00114979190153719,-0.0103395895510941,-1.46925870617889,
5.467,0.225000000000001,1,1,2,0.25,0,-0.544767729692308,-17.446594321156,0.00139548792232314,-0.0121261407228365,-1.62367764897434,
5.468,0.226,1,1,2,0.25,0,-0.560975067719659,-17.4206878759135,0.0016780408366546,-0.0140990494587544,-1.79185954786385,
5.469,0.227,1,1,2,0.25,0,-0.579528734637507,-17.5669385048234,0.00200261521971176,-0.0162614806138542,-1.97385819241982,
5.47,0.228,1,1,2,0.25,0,-0.600605787327295,-17.841384634547,0.00237576676594454,-0.0186067839822809,-2.1604360933433,
5.471,0.229,1,1,2,0.25,0,-0.624401659614221,-18.2889882021518,0.0028056436347951,-0.0211356828373477,-2.34552035042066,
5.472,0.23,1,1,2,0.25,0,-0.651096016822334,-18.8347626121734,0.00330114096736637,-0.0238497718841408,-2.52937726659266,
5.473,0.231,1,1,2,0.25,0,-0.680850478358099,-19.4955928694894,0.00387139051128205,-0.0267428430300524,-2.71222661901076,
5.474,0.232,1,1,2,0.25,0,-0.713834165813711,-20.3366463407615,0.00452829757566608,-0.0298051980134229,-2.89016166741372,
5.475,0.233000000000001,1,1,2,0.25,0,-0.750222015507955,-21.2650217684364,0.00528519519875974,-0.0330361683512471,-3.06215443846894,
5.476,0.234,1,1,2,0.25,0,-0.790193101253755,-22.2221768557503,0.00615431047128575,-0.0364415718381212,-3.23271567620306,
5.477,0.235,1,1,2,0.25,0,-0.833919515903477,-23.2810753663831,0.00714915750857369,-0.0400227136015102,-3.4057950251136,
5.478,0.236,1,1,2,0.25,0,-0.881571751999636,-24.5993868492813,0.00828996305352071,-0.0437775624124768,-3.58053239470781,
5.479,0.237,1,1,2,0.25,0,-0.933332464187364,-26.2780080567354,0.00960668815081658,-0.0477070324896986,-3.75512307656988,
5.48,0.238,1,1,2,0.25,0,-0.989380242653293,-28.2264585669339,0.0111341152861801,-0.0518142892437176,-3.9304197003844,
5.481,0.239,1,1,2,0.25,0,-1.04986001486715,-30.2949568333391,0.0129037962227006,-0.0560912567068471,-4.10483396371299,
5.482,0.24,1,1,2,0.25,0,-1.1149070535335,-32.5604954883294,0.0149480767414797,-0.0605203540252265,-4.27169320697132,
5.483,0.241000000000001,1,1,2,0.25,0,-1.18467453439102,-35.1532545199606,0.0173101856202272,-0.0650929913879531,-4.42652037510859,
5.484,0.242,1,1,2,0.25,0,-1.2593375055087,-38.2251426587883,0.0200495101948364,-0.069819995278217,-4.57588530768363,
5.485,0.243,1,1,2,0.25,0,-1.3390480212413,-41.8014790311237,0.0232389918384566,-0.074708587424108,-4.72917040869084,
5.486,0.244,1,1,2,0.25,0,-1.42393234963045,-45.7692362042234,0.0269556825131113,-0.079748396145089,-4.88548064172987,
5.487,0.245,1,1,2,0.25,0,-1.51412473739728,-50.2658880566366,0.0312865010963973,-0.084924602405489,-5.0353630102797,
5.488,0.246,1,1,2,0.25,0,-1.60975534966788,-55.537921542067,0.0363455426426399,-0.090231437304657,-5.1744755902047,
5.489,0.247,1,1,2,0.25,0,-1.71091439369884,-61.5879493225787,0.0422697132066207,-0.095657674447577,-5.3034669806632,
5.49,0.248,1,1,2,0.25,0,-1.81765131149753,-68.294661479121,0.0492013479829306,-0.101173876633171,-5.4174059825966,
5.491,0.249000000000001,1,1,2,0.25,0,-1.92996807772488,-75.6601029138942,0.0572856147927528,-0.106737510196969,-5.503442086253,
5.492,0.25,1,1,2,0.25,0,-2.04786453581413,-83.6618227389898,0.0666773601579695,-0.112316719257322,-5.5540767993033,
5.493,0.251,1,1,2,0.25,0,-2.17133731473359,-92.5509062845475,0.0775560978247282,-0.117895446779743,-5.5743919500069,
5.494,0.252,1,1,2,0.25,0,-2.30032719041668,-102.492631137502,0.0901354186471583,-0.123455011699486,-5.5731232029972,
5.495,0.253,1,1,2,0.25,0,-2.43471919142964,-113.351743693139,0.1046392973676,-0.128955384252962,-5.5475559906663,
5.496,0.254,1,1,2,0.25,0,-2.57437855058195,-125.09094814384,0.121289674135852,-0.134351570855804,-5.4868744781659,
5.497,0.255,1,1,2,0.25,0,-2.71915239769857,-137.874222795856,0.140324913863161,-0.139613498099798,-5.3871645803778,
5.498,0.256,1,1,2,0.25,0,-2.86885256972586,-151.785037317498,0.162005934397294,-0.144717398200528,-5.2547969086692,
5.499,0.257000000000001,1,1,2,0.25,0,-3.02324122105671,-166.773755312425,0.186596865579153,-0.149628818345157,-5.0935642568789,
5.5,0.258,1,1,2,0.25,0,-3.18204058342419,-182.539827147083,0.214332252659588,-0.154305320850771,-4.8986888397548,
5.501,0.259,1,1,2,0.25,0,-3.34497470832529,-198.938416182371,0.245410164532434,-0.158716577816577,-4.6674041353761,
5.502,0.26,1,1,2,0.25,0,-3.51179547340094,-216.030093317898,0.280022846651004,-0.162859688193379,-4.4103866510472,
5.503,0.261,1,1,2,0.25,0,-3.68224608680853,-234.363183348412,0.318407751792217,-0.166743727522867,-4.145833039309,
5.504,0.262,1,1,2,0.25,0,-3.85602798641992,-253.905334594089,0.360833867076459,-0.170361044769148,-3.8817440187201,
5.505,0.263,1,1,2,0.25,0,-4.03280035154612,-274.379854638037,0.407526978257312,-0.173679653404693,-3.6077212880223,
5.506,0.264,1,1,2,0.25,0,-4.2122012832099,-295.312167479808,0.458628618021996,-0.176663795433031,-3.3078812366037,
5.507,0.265,1,1,2,0.25,0,-4.39384037582997,-316.975779510495,0.514236331578757,-0.179283809989393,-2.9752437689073,
5.508,0.266,1,1,2,0.25,0,-4.57730740211511,-339.142576276228,0.574424373392398,-0.181516024432704,-2.6129127640395,
5.509,0.267,1,1,2,0.25,0,-4.76218576782287,-361.330405064457,0.639175523398752,-0.183342048012405,-2.2266972181433,
5.51,0.268,1,1,2,0.25,0,-4.94806009528548,-383.399269393271,0.708388587089393,-0.184753752407429,-1.8235850833809,
5.511,0.269,1,1,2,0.25,0,-5.13453453666695,-405.28490839707,0.781923307829321,-0.185755573111813,-1.4130350432351,
5.512,0.27,1,1,2,0.25,0,-5.32127164641898,-426.342296911938,0.859571138184602,-0.18637320771698,-1.0095299818109,
5.513,0.271,1,1,2,0.25,0,-5.50801646838232,-447.10404382866,0.94112692888267,-0.186660622904255,-0.6338246095645,
5.514,0.272,1,1,2,0.25,0,-5.69452256531208,-467.891436646813,1.0264530467686,-0.186670890789873,-0.3033368221455,
5.515,0.273,1,1,2,0.25,0,-5.88053515263306,-488.12743635716,1.11536881881617,-0.1864296615572,-0.0179629406278,
5.516,0.274,1,1,2,0.25,0,-6.06584639230348,-507.78335762214,1.2076455507329,-0.185950235908446,0.23723902201,
5.517,0.275,1,1,2,0.25,0,-6.25030214859603,-527.020871175727,1.30308334905172,-0.185264998952227,0.4697101161692,
5.518,0.276,1,1,2,0.25,0,-6.43374679845716,-546.371704432107,1.40153741164968,-0.184409069376485,0.6747013498364,
5.519,0.277,1,1,2,0.25,0,-6.61596513006774,-565.542942258296,1.50284302755632,-0.183380086315391,0.8566378354907,
5.52,0.278,1,1,2,0.25,0,-6.79674240441429,-584.241510339618,1.60677047726967,-0.182153909906536,1.0362250198167,
5.521,0.279,1,1,2,0.25,0,-6.97594267840642,-602.415033136212,1.71309506613238,-0.180736491419433,1.2243910280011,
5.522,0.28,1,1,2,0.25,0,-7.15345628284492,-619.988161291977,1.82159166469242,-0.179167373232367,1.4055557736175,
5.523,0.281,1,1,2,0.25,0,-7.32915097628462,-637.196267810059,1.93203198112654,-0.177473932004949,1.5609051891827,
5.524,0.282,1,1,2,0.25,0,-7.50286672000232,-654.058957902787,2.04418766205859,-0.17564668182274,1.6962870017497,
5.525,0.283,1,1,2,0.25,0,-7.67446926130603,-670.737432508189,2.15785687571084,-0.173675467910103,1.8302966149001,
5.526,0.284,1,1,2,0.25,0,-7.84386970288306,-687.054115761431,2.27286211963405,-0.171575872109903,1.9665393597775,
5.527,0.285,1,1,2,0.25,0,-8.01098127213852,-703.097713575644,2.38901734648599,-0.169374409798563,2.0916411872731,
5.528,0.286,1,1,2,0.25,0,-8.17567620932576,-718.932947837246,2.50611797171585,-0.167073241331465,2.2008142047254,
5.529,0.287,1,1,2,0.25,0,-8.33779416110558,-734.421904315749,2.623925427636,-0.16464683118548,2.3088291240367,
5.53,0.288,1,1,2,0.25,0,-8.49714692736251,-749.417910948308,2.74215241725825,-0.162061491745179,2.4365164306137,
5.531,0.289,1,1,2,0.25,0,-8.6535628496447,-764.09277517035,2.86052100218485,-0.159301268721375,2.5901257270571,
5.532,0.29,1,1,2,0.25,0,-8.80693663667701,-778.530563181299,2.97881999386856,-0.156384334899648,2.75477118813,
5.533,0.291,1,1,2,0.25,0,-8.95719982085236,-792.835528354863,3.09687923007826,-0.153353246750186,2.9041668806706,
5.534,0.292,1,1,2,0.25,0,-9.10426410593747,-807.061278198435,3.21452307011111,-0.150236695305363,3.0224808397498,
5.535,0.293,1,1,2,0.5,0,-9.24805358182326,-820.964221716604,3.33156953679186,-0.147041512052385,3.1145019986612,
5.536,0.294,1,1,2,0.5,0,-9.38851918328011,-834.333202187476,3.44782571091119,-0.143774756316905,3.1930654552821,
5.537,0.295,1,1,2,0.5,0,-9.52553468500604,-847.267958314699,3.56302842426574,-0.140427733866259,3.2693640052792,
5.538,0.296,1,1,2,0.5,0,-9.65888581199096,-859.966663315047,3.67685925467675,-0.136951219222903,3.3617900939092,
5.539,0.297,1,1,2,0.5,0,-9.78833412190495,-872.27775345483,3.78897731073114,-0.133279594285941,3.4962000736248,
5.54,0.298,1,1,2,0.5,0,-9.91364632086269,-884.363942132813,3.89904162755862,-0.129378321748393,3.681986129056,
5.541,0.299,1,1,2,0.5,0,-10.0346031672466,-896.057286398355,4.00671869607768,-0.125246426472467,3.9015650788856,
5.542,0.3,1,1,2,0.5,0,-10.1510189329121,-907.208198570395,4.11168296214308,-0.120901127940539,4.1267294312132,
5.543,0.301,1,1,2,0.5,0,-10.2627727072179,-917.8736358812,4.21366285385155,-0.116379492473113,4.3341786357768,
5.544,0.302,1,1,2,0.5,0,-10.3698086949359,-928.1807543348,4.3124599813705,-0.11173703573737,4.5049807672717,
5.545,0.303,1,1,2,0.5,0,-10.4720847012155,-937.847445798822,4.40788493732791,-0.10702332926282,4.62758527689,
5.546,0.304,1,1,2,0.5,0,-10.5695739162194,-947.044429932111,4.49976325199399,-0.10226796332841,4.7048293908659,
5.547,0.305,1,1,2,0.5,0,-10.6622373237342,-955.806201541109,4.58792556374602,-0.09747751013988,4.753394272688,
5.548,0.306,1,1,2,0.5,0,-10.7499770743217,-964.106129575065,4.672151878287,-0.09263405268334,4.795828292697,
5.549,0.307,1,1,2,0.5,0,-10.8326638069791,-971.872330314105,4.75219174495863,-0.08770094228666,4.854452058179,
5.55,0.308,1,1,2,0.5,0,-10.9101741817143,-979.107991064015,4.82780235286416,-0.08264973065977,4.941644883701,
5.551,0.309,1,1,2,0.5,0,-10.9824048334315,-985.762671323872,4.89876429710636,-0.07747936520646,5.051527405753,
5.552,0.310000000000001,1,1,2,0.5,0,-11.049289385143,-991.744484819337,4.96489663692873,-0.07221073862089,5.164097645062,
5.553,0.311,1,1,2,0.5,0,-11.1108031875946,-997.244493236236,5.02607177446603,-0.06687715693524,5.258634775916,
5.554,0.312,1,1,2,0.5,0,-11.1669345390984,-1002.07182805676,5.08218393806497,-0.06151029194523,5.324080146934,
5.555,0.313,1,1,2,0.5,0,-11.2176711037079,-1006.26011484085,5.13313186975402,-0.05612765071985,5.361612869313,
5.556,0.314,1,1,2,0.5,0,-11.2629917397122,-1009.93405785921,5.17881947086147,-0.05073022209623,5.382344574241,
5.557,0.315,1,1,2,0.5,0,-11.3028580439672,-1013.03616297926,5.21914364402281,-0.04530911506107,5.40009592761,
5.558,0.316,1,1,2,0.5,0,-11.3372176227325,-1015.63701354264,5.25399582192173,-0.03985058613288,5.425230079607,
5.559,0.317,1,1,2,0.5,0,-11.3660121936727,-1017.67791648768,5.28327003742001,-0.03434209406468,5.462291302284,
5.56,0.318000000000001,1,1,2,0.5,0,-11.3891978237775,-1018.95415173357,5.3068803363167,-0.02878139103711,5.509166414008,
5.561,0.319,1,1,2,0.5,0,-11.4067707350626,-1019.70692962957,5.32479294147822,-0.02318449670951,5.555897129768,
5.562,0.32,1,1,2,0.5,0,-11.4187431299697,-1019.75050267826,5.33700153636612,-0.01757657201761,5.589346046881,
5.563,0.321,1,1,2,0.5,0,-11.4251428613899,-1019.10058646937,5.34352558605431,-0.01198075077443,5.600984547994,
5.564,0.322,1,1,2,0.5,0,-11.4260279842301,-1017.63724021269,5.34442696763924,-0.00641714789227,5.58978676949,
5.565,0.323,1,1,2,0.5,0,-11.4215282856714,-1015.45386501274,5.33985281908134,-0.00092405899453,5.55211419514,
5.566,0.324,1,1,2,0.5,0,-11.4117922320448,-1012.76405449804,5.32997939986592,0.0044551586594,5.480081719923,
5.567,0.325,1,1,2,0.5,0,-11.3969038927858,-1009.59274015959,5.31492463283507,0.00971083279595,5.376315971859,
5.568,0.326000000000001,1,1,2,0.5,0,-11.3768836998071,-1005.93016221127,5.29474905410585,0.01488220968519,5.267448017571,
5.569,0.327,1,1,2,0.5,0,-11.3517260584919,-1001.76928590577,5.2694945628137,0.02002187136374,5.187151500226,
5.57,0.328,1,1,2,0.5,0,-11.3214373482712,-996.956301667225,5.23922515274734,0.0251557274859,5.14743457484,
5.571,0.329,1,1,2,0.5,0,-11.2860531941792,-991.479076995471,5.20404560082706,0.03027802271044,5.132129519791,
5.572,0.33,1,1,2,0.5,0,-11.2456296247517,-985.411574201584,5.16408911258245,0.03536734553126,5.11587177271,
5.573,0.331,1,1,2,0.5,0,-11.2002303958848,-978.831137737656,5.11950156036771,0.04040444265867,5.083546833913,
5.574,0.332,1,1,2,0.5,0,-11.1499080562355,-971.727916127042,5.07042321276036,0.0453834642698,5.035342180549,
5.575,0.333,1,1,2,0.5,0,-11.0947173735969,-963.977848936697,5.01700675147975,0.05030590931137,4.979471295146,
5.576,0.334000000000001,1,1,2,0.5,0,-11.034728356545,-955.577991695827,4.95943061745181,0.0551696800658,4.921815726296,
5.577,0.335,1,1,2,0.5,0,-10.9700128442678,-946.591906136984,4.89788066776351,0.0599674652955,4.861577383153,
5.578,0.336,1,1,2,0.5,0,-10.9006359451745,-937.256851140991,4.8325328751932,0.06469597975444,4.796799655891,
5.579,0.337,1,1,2,0.5,0,-10.8266877615368,-927.545194328918,4.76358351314002,0.06934986841179,4.726907949691,
5.58,0.338,1,1,2,0.5,0,-10.7482970323861,-917.421778428452,4.6912693600133,0.07390956192828,4.648017855569,
5.581,0.339,1,1,2,0.5,0,-10.6655977147202,-906.817647227183,4.61583768213283,0.07835054205136,4.552338040725,
5.582,0.34,1,1,2,0.5,0,-10.5787217294164,-895.81088474098,4.53753511720709,0.08265974140271,4.437059909584,
5.583,0.341,1,1,2,0.5,0,-10.4877944733981,-884.418679379592,4.45659942253298,0.08683836622681,4.309561224694,
5.584,0.342000000000001,1,1,2,0.5,0,-10.3928996127825,-872.722103428214,4.37322760769978,0.09090215618315,4.183346721947,
5.585,0.343,1,1,2,0.5,0,-10.2941135317109,-860.710715264484,4.28760809021995,0.0948719453732,4.070040186781,
5.586,0.344,1,1,2,0.5,0,-10.1915443863145,-848.329500787267,4.19996069301571,0.09875363423221,3.971559320625,
5.587,0.345,1,1,2,0.5,0,-10.0853167259838,-835.53794329701,4.11052404356966,0.10253178057925,3.877056204731,
5.588,0.346,1,1,2,0.5,0,-9.97556460264267,-822.561121657509,4.01953409702532,0.106187444753542,3.7724644488066,
5.589,0.347,1,1,2,0.5,0,-9.86241665609461,-809.40841999003,3.92720709579212,0.109713531400081,3.6535355677905,
5.59,0.348,1,1,2,0.5,0,-9.74599054430621,-796.037609097811,3.83374917636572,0.113112649158082,3.5268692383035,
5.591,0.349,1,1,2,0.5,0,-9.62639970820156,-782.387898574338,3.73936656327,0.11639207951117,3.4013022030885,
5.592,0.350000000000001,1,1,2,0.5,0,-9.5037557281133,-768.462948429641,3.6442653030701,0.119557362004858,3.2810922167419,
5.593,0.351,1,1,2,0.5,0,-9.37817574197129,-754.330673987037,3.54864910206998,0.122608838709302,3.1653851147348,
5.594,0.352,1,1,2,0.5,0,-9.24978134226469,-740.013622145015,3.45271638264156,0.125543508395262,3.050576335672,
5.595,0.353,1,1,2,0.5,0,-9.11867536983094,-725.565155239441,3.35664331724793,0.128363547455368,2.935322603749,
5.596,0.354,1,1,2,0.5,0,-8.98491527524172,-711.164868837077,3.2605547452881,0.131088737262246,2.8259734718938,
5.597,0.355,1,1,2,0.5,0,-8.8485489263222,-696.639558859115,3.16456617038927,0.133745734241669,2.7331867346099,
5.598,0.356,1,1,2,0.5,0,-8.70965026224008,-681.79253909544,3.06883498192237,0.13634416716921,2.6598856120949,
5.599,0.357,1,1,2,0.5,0,-8.56834403250942,-666.657341310944,2.97356279763188,0.138861239227902,2.5915938824509,
5.6,0.358000000000001,1,1,2,0.5,0,-8.4247784500605,-651.468598637593,2.878944038477,0.141261765851576,2.5065166888413,
5.601,0.359,1,1,2,0.5,0,-8.27911614645596,-636.161113579246,2.78516448344142,0.143516792980128,2.3918404056428,
5.602,0.36,1,1,2,0.5,0,-8.13155404531759,-620.763669209404,2.69242725248084,0.145603226518003,2.2480988998855,
5.603,0.361,1,1,2,0.5,0,-7.98229711065287,-605.212808914558,2.60093450693292,0.147500611936126,2.0802971791525,
5.604,0.362,1,1,2,0.5,0,-7.83151706712999,-589.478713657708,2.51086668704799,0.149205417264263,1.8963258270528,
5.605,0.363,1,1,2,0.5,0,-7.67934128096389,-573.651648781056,2.4223665483891,0.150741833658398,1.7120626749322,
5.606,0.364,1,1,2,0.5,0,-7.52588674046093,-557.71529917354,2.33555985081979,0.152140689674192,1.5456649608333,
5.607,0.365,1,1,2,0.5,0,-7.37128923315363,-541.959944067779,2.25055632509347,0.153413804243204,1.4024016952617,
5.608,0.366000000000001,1,1,2,0.5,0,-7.21570906774014,-526.225925511134,2.16746205795275,0.154549414697855,1.2695857687383,
5.609,0.367,1,1,2,0.5,0,-7.05930221964251,-510.227665719736,2.0864078382508,0.155533372786875,1.13136597927,
5.61,0.368,1,1,2,0.5,0,-6.90221927686489,-493.933490426749,2.00753954353557,0.156361671696385,0.9827560448563,
5.611,0.369,1,1,2,0.5,0,-6.74467300165606,-477.418361030135,1.93102311047845,0.157019114102986,0.8237397124903,
5.612,0.37,1,1,2,0.5,0,-6.5869116347632,-460.942854692011,1.85700453646267,0.157471802984676,0.6472733000004,
5.613,0.371,1,1,2,0.5,0,-6.42915729749513,-444.460461254534,1.78558888642893,0.157694730500214,0.4451865293177,
5.614,0.372,1,1,2,0.5,0,-6.27162379010769,-427.925199518577,1.71687389996089,0.157690197191318,0.2236176780534,
5.615,0.373,1,1,2,0.5,0,-6.11456231264312,-411.229219043475,1.65097448356075,0.157458147374768,-0.004550013862,
5.616,0.374000000000001,1,1,2,0.5,0,-5.9582269747646,-394.771488781775,1.58797128706665,0.156985244565616,-0.2360507620344,
5.617,0.375,1,1,2,0.5,0,-5.8028204990285,-378.586396551923,1.52787887534544,0.156274521111609,-0.4719931048279,
5.618,0.376,1,1,2,0.5,0,-5.64852533588033,-362.409755428481,1.47071281426445,0.155351740602447,-0.702994377097,
5.619,0.377,1,1,2,0.5,0,-5.49554474920573,-346.05959004093,1.41652178620901,0.154234183982478,-0.9175962258576,
5.62,0.378,1,1,2,0.5,0,-5.34413289359263,-329.882419089997,1.36534896926433,0.152904340298221,-1.1228099060133,
5.621,0.379,1,1,2,0.5,0,-5.19453761294613,-314.05470098403,1.31718399216624,0.15133750244157,-1.3372558166888,
5.622,0.38,1,1,2,0.5,0,-5.04693869736175,-298.394222465779,1.27198559369023,0.149541343617844,-1.5645358950553,
5.623,0.381,1,1,2,0.5,0,-4.90153018997864,-282.819468785603,1.22972888603249,0.147540702642635,-1.7887071790484,
5.624,0.382000000000001,1,1,2,0.5,0,-4.75856007521975,-267.538753584558,1.19038649692711,0.145334112056225,-2.0010812131244,
5.625,0.383,1,1,2,0.5,0,-4.61826869191544,-252.720446395646,1.1538925555061,0.142898013109782,-2.2136582110596,
5.626,0.384,1,1,2,0.5,0,-4.48087839370957,-238.361554331146,1.1201576042444,0.140224677211152,-2.4384175240892,
5.627,0.385,1,1,2,0.5,0,-4.34658720478687,-224.301114317244,1.08909184432293,0.137330890950454,-2.6682999215943,
5.628,0.386,1,1,2,0.5,0,-4.21558585543957,-210.679009939262,1.0606003527145,0.134233969835032,-2.8885916084948,
5.629,0.387,1,1,2,0.5,0,-4.08806706126339,-197.783308123612,1.03455704158161,0.130943534668583,-3.0940348743129,
5.63,0.388,1,1,2,0.5,0,-3.96418669755931,-185.690652697307,1.01080459471284,0.127472031585883,-3.2867013260162,
5.631,0.389,1,1,2,0.5,0,-3.84406750052577,-174.303505724626,0.989183490089639,0.123843542844548,-3.4642784054152,
5.632,0.39,1,1,2,0.5,0,-3.72780000545196,-163.801931208714,0.969528153978102,0.120092036446783,-3.6182983406735,
5.633,0.391,1,1,2,0.5,0,-3.61543475741941,-153.987228022259,0.951673925128579,0.116252331549351,-3.7410606507361,
5.634,0.392,1,1,2,0.5,0,-3.50699470795826,-144.814997196849,0.935472861087648,0.112358362573508,-3.8295245710552,
5.635,0.393,1,1,2,0.5,0,-3.40249766974323,-136.218511300708,0.920789276449062,0.108434705658734,-3.886596133999,
5.636,0.394,1,1,2,0.5,0,-3.30196294501918,-128.228536267487,0.907496220883384,0.104491247541572,-3.9206908938111,
5.637,0.395,1,1,2,0.5,0,-3.2053947835936,-120.794317438928,0.895472381315694,0.100533449781803,-3.9418196492277,
5.638,0.396,1,1,2,0.5,0,-3.11276943234687,-113.849711682855,0.884605388508017,0.096575287361466,-3.9536052651573,
5.639,0.397,1,1,2,0.5,0,-3.02405144099082,-107.3398377415,0.874793642241078,0.092635986333181,-3.952394604551,
5.64,0.398,1,1,2,0.5,0,-2.93922249187326,-101.378342103146,0.865940970312103,0.088723486651707,-3.9369190418573,
5.641,0.399,1,1,2,0.5,0,-2.85828087357403,-95.99471574637,0.857953122956599,0.084829462543608,-3.9149974135048,
5.642,0.4,1,1,2,0.5,0,-2.7811857551946,-91.0083405653601,0.850744611574765,0.080953867568789,-3.8940380401275,
5.643,0.401,1,1,2,0.5,0,-2.70784453321973,-86.5245781591872,0.844234370974753,0.077122899434002,-3.8677356627934,
5.644,0.402,1,1,2,0.5,0,-2.63812489579271,-82.400134132987,0.838345686128016,0.073380915531883,-3.8176609169962,
5.645,0.403,1,1,2,0.5,0,-2.57189335995936,-78.5513230889567,0.833015655024803,0.069759682313274,-3.7324539668664,
5.646,0.404,1,1,2,0.5,0,-2.50903476689938,-75.0645992677153,0.828187614649327,0.06626608347944,-3.6191681082295,
5.647,0.405,1,1,2,0.5,0,-2.44941452011629,-72.0799668648365,0.823801216976521,0.062898972008921,-3.493942940272,
5.648,0.406,1,1,2,0.5,0,-2.3928706608552,-69.4092252833521,0.819801044492624,0.059668834409556,-3.3639655181673,
5.649,0.407,1,1,2,0.5,0,-2.33923569676262,-66.9395687805317,0.816144513155783,0.056594106967138,-3.2246067136271,
5.65,0.408,1,1,2,0.5,0,-2.28836809282254,-64.5762414876473,0.812799566081493,0.053677424597386,-3.0739369677023,
5.651,0.409,1,1,2,0.5,0,-2.24016061359863,-62.45307645774,0.809737684478653,0.050899774570979,-2.9223861885483,
5.652,0.41,1,1,2,0.5,0,-2.19449573201445,-60.5263952393474,0.806929762972486,0.048242737346842,-2.7831758887295,
5.653,0.411,1,1,2,0.5,0,-2.15124762889628,-58.8037220350228,0.804349362363994,0.045702627336296,-2.6581429007407,
5.654,0.412,1,1,2,0.5,0,-2.11032458944524,-57.1034948966346,0.801977724558417,0.043275617557834,-2.5412581049981,
5.655,0.413,1,1,2,0.5,0,-2.07163898223891,-55.6098984807811,0.799797531526871,0.040949328877766,-2.430723518569,
5.656,0.414,1,1,2,0.5,0,-2.03506078054605,-54.4831757789677,0.797784028189241,0.038724615225702,-2.326032501185,
5.657,0.415,1,1,2,0.5,0,-2.00044963802096,-53.5979819248968,0.795913622012459,0.03662030559657,-2.2190649535856,
5.658,0.416,1,1,2,0.5,0,-1.96766363675872,-52.6397912575198,0.79417206612963,0.034653717896566,-2.0991142572732,
5.659,0.417,1,1,2,0.5,0,-1.93657129714273,-51.6416162702547,0.792550889660387,0.03282544514722,-1.966409793545,
5.66,0.418,1,1,2,0.75,0,-1.90704084010964,-50.7457753725018,0.791039116425568,0.031131873334995,-1.8293569534071,
5.661,0.419,1,1,2,0.75,0,-1.87895050832097,-49.8339020181294,0.789626458171019,0.029566984234634,-1.6953772798021,
5.662,0.42,1,1,2,0.75,0,-1.85221211362151,-48.9470261596931,0.788305836447819,0.028116788235233,-1.5690859836322,
5.663,0.421,1,1,2,0.75,0,-1.82675473260198,-48.0487310760839,0.787071207473205,0.026759671722244,-1.4566800837654,
5.664,0.422,1,1,2,0.75,0,-1.80250860767266,-47.2278678165364,0.785916163313409,0.025478308296446,-1.3623144327553,
5.665,0.423,1,1,2,0.75,0,-1.77940238916157,-46.5970472400923,0.784832193818868,0.024267529830914,-1.2829138638755,
5.666,0.424,1,1,2,0.75,0,-1.75736417766114,-46.1665084541988,0.783810022388907,0.023127788333361,-1.2106428632181,
5.667,0.425,1,1,2,0.75,0,-1.73633769100411,-45.6887092637519,0.782844326134044,0.022055096150608,-1.1409377935067,
5.668,0.426,1,1,2,0.75,0,-1.71627956916271,-45.0395824601541,0.781934406569114,0.021039494665361,-1.0756797679412,
5.669,0.427,1,1,2,0.75,0,-1.69712696460518,-44.4376569896111,0.781077545477074,0.020076976100928,-1.0168038182546,
5.67,0.428,1,1,2,0.75,0,-1.67882213116495,-43.8378984175921,0.780269610807787,0.019169928407501,-0.9618021793754,
5.671,0.429,1,1,2,0.75,0,-1.66134440659061,-43.2695113828873,0.779508391149349,0.018311032115653,-0.9092435342551,
5.672,0.43,1,1,2,0.75,0,-1.64468763606894,-42.7684187950362,0.778791834119782,0.017479571018306,-0.8651111539714,
5.673,0.431,1,1,2,0.75,0,-1.62880823418366,-42.4030261163645,0.778115598318333,0.016669846146554,-0.8331707880188,
5.674,0.432,1,1,2,0.75,0,-1.61361900630505,-42.0625893909727,0.777474114577409,0.015905560274196,-0.8026140396123,
5.675,0.433,1,1,2,0.75,0,-1.59903701528729,-41.5996656155023,0.776864133451894,0.015214109022356,-0.7560671860208,
5.676,0.434,1,1,2,0.75,0,-1.58502158426848,-41.2391271813756,0.776283622758831,0.01459419407633,-0.6918407462512,
5.677,0.435000000000001,1,1,2,0.75,0,-1.57154590078215,-40.9973895281412,0.775729526123733,0.014023474758751,-0.6266171492361,
5.678,0.436,1,1,2,0.75,0,-1.55858040546657,-40.7147865107012,0.775199806705905,0.013484551294849,-0.57593925001,
5.679,0.437,1,1,2,0.75,0,-1.54608293195039,-40.3316262297363,0.774693369007502,0.012978145226985,-0.5387070011937,
5.68,0.438,1,1,2,0.75,0,-1.5340305633555,-39.9872006094419,0.774209352954415,0.012504348579613,-0.5063784605278,
5.681,0.439,1,1,2,0.75,0,-1.52239271416748,-39.8061235158804,0.773745041618224,0.012061544249216,-0.4742817784271,
5.682,0.44,1,1,2,0.75,0,-1.51113654721137,-39.697992912326,0.773297585814117,0.011647700340508,-0.4434138989828,
5.683,0.441,1,1,2,0.75,0,-1.50026698801742,-39.4744393248301,0.772867301094751,0.011254689297035,-0.4162821756442,
5.684,0.442,1,1,2,0.75,0,-1.48978333767924,-39.1702999195602,0.772455059121164,0.010869768865867,-0.396833719352,
5.685,0.443000000000001,1,1,2,0.75,0,-1.4796624337161,-38.9062553629698,0.77205995646227,0.010490599082399,-0.3856224205495,
5.686,0.444,1,1,2,0.75,0,-1.46987795861247,-38.646110463903,0.77168055186594,0.010128799217799,-0.3756840021176,
5.687,0.445,1,1,2,0.75,0,-1.4603841702251,-38.3827634532465,0.771314903951596,0.009798197746605,-0.3576513222386,
5.688,0.446,1,1,2,0.75,0,-1.45113669730228,-38.1605461522656,0.770960987860096,0.009507099762883,-0.3281099429742,
5.689,0.447,1,1,2,0.75,0,-1.44211972265932,-37.868766353181,0.770618210668605,0.009252218078227,-0.2920841402438,
5.69,0.448,1,1,2,0.75,0,-1.43333077255316,-37.473006375052,0.770287123127895,0.009017716765878,-0.2596324626837,
5.691,0.449,1,1,2,0.75,0,-1.42475369410111,-37.1954140552899,0.769966904677935,0.008793795970967,-0.2374412688097,
5.692,0.45,1,1,2,0.75,0,-1.41636519177929,-37.1950677579811,0.769654892313229,0.008584067109214,-0.222837370195,
5.693,0.451000000000001,1,1,2,0.75,0,-1.40815780961407,-37.1005389780587,0.769350006094389,0.008390739113909,-0.209066181766,
5.694,0.452,1,1,2,0.75,0,-1.40013822925573,-36.8841323800978,0.769053343085768,0.008205377670136,-0.1958582897798,
5.695,0.453,1,1,2,0.75,0,-1.39229572091732,-36.7016395868695,0.768764794570648,0.008022799294425,-0.186916488814,
5.696,0.454,1,1,2,0.75,0,-1.38462949088734,-36.6220271624198,0.768483736522677,0.00784274645186,-0.1826556361858,
5.697,0.455,1,1,2,0.75,0,-1.37715702011515,-36.5509607025466,0.76821034501611,0.007660985745172,-0.1813228617457,
5.698,0.456,1,1,2,0.75,0,-1.36986703005016,-36.3832754143471,0.767944500087765,0.007475854337367,-0.1822595577862,
5.699,0.457,1,1,2,0.75,0,-1.3627228742174,-36.0825244876248,0.767685646604242,0.007300984007481,-0.1810418740942,
5.7,0.458,1,1,2,0.75,0,-1.35571002227963,-35.79641791884,0.767433608413973,0.007148514933932,-0.1712282763606,
5.701,0.459000000000001,1,1,2,0.75,0,-1.34883267130694,-35.6089684053181,0.767188068462427,0.007011592816743,-0.1545253635421,
5.702,0.46,1,1,2,0.75,0,-1.34208335109647,-35.523922148486,0.766948019134505,0.006879592033548,-0.1401098038988,
5.703,0.461,1,1,2,0.75,0,-1.33543367237814,-35.4471797561359,0.766712051621529,0.006757836991494,-0.1304034610509,
5.704,0.462,1,1,2,0.75,0,-1.32886419341934,-35.4266309671118,0.766479249617391,0.006655511238113,-0.1189999777944,
5.705,0.463,1,1,2,0.75,0,-1.32238431047137,-35.4754606956061,0.76624953099002,0.00656666008341,-0.1041121603795,
5.706,0.464,1,1,2,0.75,0,-1.31599333723753,-35.563409078781,0.766022527232375,0.00648008883698,-0.0922095618245,
5.707,0.465,1,1,2,0.75,0,-1.30966840706321,-35.4360060392442,0.765797994060856,0.006397833230223,-0.08596052701,
5.708,0.466,1,1,2,0.75,0,-1.30339398068819,-35.1687240419103,0.765576491970544,0.006329591952386,-0.0793459999829,
5.709,0.467000000000001,1,1,2,0.75,0,-1.29717581507028,-34.9616796472769,0.765358450738049,0.006272699287677,-0.0690409925746,
5.71,0.468,1,1,2,0.75,0,-1.29103549926123,-34.8073485102619,0.76514424880476,0.006211688902385,-0.0615325648223,
5.711,0.469,1,1,2,0.75,0,-1.28497578197247,-34.5833728370017,0.764934004727847,0.006139491195621,-0.0631312655587,
5.712,0.47,1,1,2,0.75,0,-1.27898215553797,-34.3453278490676,0.764727438286583,0.006064069588569,-0.0698086804088,
5.713,0.471,1,1,2,0.75,0,-1.27305125376134,-34.0770362282312,0.764524535126249,0.005994636293417,-0.0726579433956,
5.714,0.472,1,1,2,0.75,0,-1.26718823976993,-33.8477898669304,0.764325413023369,0.005929352838425,-0.069984836674,
5.715,0.473,1,1,2,0.75,0,-1.26139584066824,-33.6980287571933,0.764129786853808,0.00586219586006,-0.0670904640519,
5.716,0.474,1,1,2,0.75,0,-1.25567007761799,-33.6719069235374,0.763936914709599,0.005793592753174,-0.0670287599094,
5.717,0.475000000000001,1,1,2,0.75,0,-1.2499966992556,-33.6443140235633,0.76374595951392,0.005730038459324,-0.0666546244189,
5.718,0.476,1,1,2,0.75,0,-1.24435717772801,-33.4953316391022,0.763556641775385,0.005678936718308,-0.0613331719106,
5.719,0.477,1,1,2,0.75,0,-1.23875920010216,-33.1722728561819,0.763370039896218,0.005637215407508,-0.0520233778014,
5.72,0.478,1,1,2,0.75,0,-1.23323905883857,-32.9318302840933,0.7631875879025,0.005587089887694,-0.047056702569,
5.721,0.479,1,1,2,0.75,0,-1.22782275710151,-32.8978540476552,0.763009311185701,0.005512340314312,-0.0549914731802,
5.722,0.48,1,1,2,0.75,0,-1.22249675506175,-32.9253126755836,0.762834024025586,0.00542036368583,-0.0725304738416,
5.723,0.481,1,1,2,0.75,0,-1.2172268129128,-32.7937527131095,0.762660856189245,0.005336273981706,-0.0844424346446,
5.724,0.482,1,1,2,0.75,0,-1.2119884700496,-32.6217068153586,0.762489521886463,0.005277280330465,-0.0789269655665,
5.725,0.483000000000001,1,1,2,0.75,0,-1.20677239114534,-32.5619394327046,0.762319520365414,0.005241143461243,-0.0596654325002,
5.726,0.484,1,1,2,0.75,0,-1.20157457021844,-32.3683530342138,0.762150772348927,0.005217280698734,-0.0393116718138,
5.727,0.485,1,1,2,0.75,0,-1.19640209158052,-32.150839058605,0.761983910277509,0.005195695633414,-0.0268616853662,
5.728,0.486,1,1,2,0.75,0,-1.19127625552577,-31.8123611624616,0.761819977838574,0.005166088549663,-0.024674980006,
5.729,0.487,1,1,2,0.75,0,-1.18620847159406,-31.6332448079372,0.761659213527337,0.005122413192789,-0.0314209601586,
5.73,0.488,1,1,2,0.75,0,-1.18119516077077,-31.5736052475448,0.761500775734592,0.005068857636096,-0.0424189348828,
5.731,0.489,1,1,2,0.75,0,-1.17622885609944,-31.4837657351747,0.761344194676556,0.005015550910228,-0.0505168474998,
5.732,0.49,1,1,2,0.75,0,-1.17131526342053,-31.2903866605604,0.761189971368737,0.004964592919192,-0.0526767546659,
5.733,0.491000000000001,1,1,2,0.75,0,-1.16647299610558,-31.1311925284487,0.76103884038241,0.004908008667448,-0.053350489698,
5.734,0.492,1,1,2,0.75,0,-1.16170037826665,-31.0878894886085,0.760890366432032,0.004842770081332,-0.0574926738432,
5.735,0.493,1,1,2,0.75,0,-1.15698067154993,-31.0006408036239,0.760743846605306,0.004777639345073,-0.0626099308473,
5.736,0.494,1,1,2,0.75,0,-1.1523186477672,-30.8874902856292,0.760599584635803,0.004718275173186,-0.0634331219045,
5.737,0.495,1,1,2,0.75,0,-1.14772358704566,-30.6600111849055,0.760458177382545,0.00465923974457,-0.0609955182173,
5.738,0.496,1,1,2,0.75,0,-1.14319676000066,-30.4888452340518,0.760319772234041,0.004594679536935,-0.060791485303,
5.739,0.497,1,1,2,0.75,0,-1.13872810730135,-30.4247154548796,0.760183671460342,0.004529844844255,-0.0629851194428,
5.74,0.498,1,1,2,0.75,0,-1.13430489270376,-30.4339237433123,0.760049076049697,0.004472473572501,-0.0625133208887,
5.741,0.499000000000001,1,1,2,0.75,0,-1.12991352504427,-30.3440728552723,0.759915626785361,0.004427291946676,-0.0559534042531,
5.742,0.5,1,1,2,0.75,0,-1.12554232335199,-30.1481151107563,0.759783415008157,0.00439487195076,-0.045010030631,
5.743,0.501,1,1,2,0.75,0,-1.12119398441207,-30.0471635015417,0.759652540271163,0.004370392656736,-0.0338662743211,
5.744,0.502,1,1,2,0.75,0,-1.11688459566174,-29.9473292410836,0.759523270475109,0.00434351270875,-0.0275817007802,
5.745,0.503,1,1,2,0.75,0,-1.11262866305845,-29.7704140413784,0.759396193129794,0.004305036963092,-0.029638491099,
5.746,0.504,1,1,2,0.75,0,-1.10842192401721,-29.4859940543612,0.759271555007104,0.004257211378787,-0.0378019579505,
5.747,0.505,1,1,2,0.75,0,-1.10425422648116,-29.2977187643252,0.759149058639567,0.004209784658298,-0.0449009735661,
5.748,0.506,1,1,2,0.75,0,-1.10012750526172,-29.3215252773927,0.75902810600044,0.004167117092624,-0.0461186331893,
5.749,0.507000000000001,1,1,2,0.75,0,-1.09604772614493,-29.3118346862677,0.758908500421676,0.004124931483628,-0.0439507251151,
5.75,0.508,1,1,2,0.75,0,-1.09201691517458,-29.3254821890643,0.75879032245161,0.004079171303653,-0.0434025672931,
5.751,0.509,1,1,2,0.75,0,-1.08803272914905,-29.2156816018223,0.758673703008263,0.004031513930836,-0.0452569665339,
5.752,0.51,1,1,2,0.75,0,-1.08409621821033,-29.0301828166516,0.758559060267053,0.003983870982933,-0.0470838874902,
5.753,0.511,1,1,2,0.75,0,-1.0802135763897,-29.0660723356942,0.758446276792115,0.003934652729336,-0.0481198670854,
5.754,0.512,1,1,2,0.75,0,-1.07638673148703,-29.1898536173744,0.758334808595473,0.003882063480669,-0.0497569604098,
5.755,0.513,1,1,2,0.75,0,-1.07261362711814,-29.1568939095182,0.758224734411471,0.003827461817924,-0.0521816743694,
5.756,0.514,1,1,2,0.75,0,-1.06888276139061,-29.0230604587851,0.75811620361258,0.003776554936616,-0.0528895040905,
5.757,0.515000000000001,1,1,2,0.75,0,-1.06517480987719,-28.9113999907151,0.758008794527429,0.003736663055705,-0.04871081562,
5.758,0.516,1,1,2,0.75,0,-1.06147138873955,-28.8507222540655,0.757901835795191,0.003713466664919,-0.0381877339926,
5.759,0.517,1,1,2,0.75,0,-1.05776864971716,-28.8812215811903,0.757794952634552,0.003704575615799,-0.0239134353237,
5.76,0.518,1,1,2,0.75,0,-1.05408376754655,-28.8255254665514,0.757688631352892,0.003697586601431,-0.0126120411942,
5.761,0.519,1,1,2,0.75,0,-1.05043100999135,-28.7393548432195,0.757583496077159,0.003680601841521,-0.0105583484562,
5.762,0.52,1,1,2,0.75,0,-1.0468042999346,-28.5026834116159,0.757479695939255,0.003654580690288,-0.0166969536443,
5.763,0.521,1,1,2,0.75,0,-1.04318013644708,-28.3279281846122,0.757376714225495,0.003633760335516,-0.0217499948978,
5.764,0.522,1,1,2,0.75,0,-1.03954284756128,-28.2073565577755,0.75727389664407,0.003628865077773,-0.0176030646016,
5.765,0.523,1,1,2,0.75,0,-1.03589712931023,-28.1709311941553,0.75717112696776,0.003635880075891,-0.0060997100934,
5.766,0.524,1,1,2,0.75,0,-1.03225921245548,-28.0220946539375,0.757068914189834,0.003640849022585,0.0028281059325,
5.767,0.525,1,1,2,0.75,0,-1.02864879046086,-27.7624184521373,0.756968211373296,0.003632008815601,0.0014400160178,
5.768,0.526,1,1,2,0.75,0,-1.02507927870777,-27.7093486882667,0.756869207810909,0.0036063973802,-0.0097288294057,
5.769,0.527,1,1,2,0.75,0,-1.02156146233067,-27.695372128895,0.75677175599378,0.003566276212752,-0.02493298649,
5.77,0.528,1,1,2,0.75,0,-1.01811245693271,-27.6766246742602,0.756676266835845,0.003512681696155,-0.0398102525786,
5.771,0.529,1,1,2,0.75,0,-1.01472732889031,-27.5868552310762,0.756582729858071,0.003450485485034,-0.0521330202095,
5.772,0.53,1,1,2,0.75,0,-1.01136956124528,-27.5719295487414,0.756490124666634,0.003396083129857,-0.0572775459806,
5.773,0.531,1,1,2,0.75,0,-1.00801303098235,-27.4535243785377,0.756397777365965,0.003365604549611,-0.0495633794809,
5.774,0.532,1,1,2,0.75,0,-1.0046707066499,-27.256273092828,0.756306348422309,0.003352639698416,-0.03240159401,
5.775,0.533,1,1,2,0.75,0,-1.00138243035399,-27.0306795354473,0.756217093172557,0.003330371700632,-0.021009913887,
5.776,0.534,1,1,2,0.75,0,-0.998174681466876,-27.0327737598342,0.756130382181486,0.0032803324842332,-0.02780841939174,
5.777,0.535,1,1,2,0.75,0,-0.995023635726791,-27.1815800034917,0.756044966227247,0.0032148961656444,-0.04632698147136,
5.778,0.536,1,1,2,0.75,0,-0.99189299823269,-27.1449562603475,0.755959927881571,0.0031619342103986,-0.0570748789289,
5.779,0.537,1,1,2,0.75,0,-0.988762478592802,-26.9719130660571,0.755875220920433,0.0031367246116322,-0.04837855730488,
5.78,0.538,1,1,2,0.75,0,-0.985632148733069,-26.7472368697879,0.755791141590891,0.0031304980621051,-0.02784039093843,
5.781,0.539,1,1,2,0.75,0,-0.982522853663785,-26.6347253834176,0.75570815145488,0.0031240763566448,-0.01198001107885,
5.782,0.54,1,1,2,0.75,0,-0.979451486088669,-26.5878399097256,0.755626418424227,0.0031042272581683,-0.0103913765852,
5.783,0.541,1,1,2,0.75,0,-0.976412308674054,-26.5863641471055,0.755545615504222,0.0030730887752161,-0.01920769591435,
5.784,0.542,1,1,2,0.75,0,-0.973389937002608,-26.4587225205536,0.755465454520596,0.0030437927398146,-0.02719893334428,
5.785,0.543,1,1,2,1,0,-0.970388271547297,-26.2612063713302,0.755386330725915,0.0030212015295562,-0.02783732212378,
49.873,0,90,90,2,89,0,-1.57577263402549,-31.8117016377167,0,0.002430078678913,-0.0064557084361,
49.874,0.00100000000000477,90,90,2,89,0,-1.57333412757423,-31.7784097762559,-7.75324484720841E-05,0.002433839722849,-0.0018166377623,
49.875,0.00200000000000244,90,90,2,89,0,-1.57089163762261,-31.7192990810464,-0.000155078706399081,0.002438671853533,0.0026077974408,
49.876,0.00300000000000011,90,90,2,89,0,-1.56844680075567,-31.6734985791254,-0.000232571230810663,0.002441998976108,0.0040593022269,
49.877,0.00400000000000489,90,90,2,89,0,-1.56601314423848,-31.6358880836007,-0.000309607881547436,0.002440778687419,0.0024144016285,
49.878,0.00500000000000256,90,90,2,89,0,-1.5635939363035,-31.4967865411236,-0.000385973415262697,0.002432676047452,-0.0019207706932,
49.879,0.00600000000000023,90,90,2,89,0,-1.56119390007529,-31.3653448684917,-0.000461409111636613,0.002417790997612,-0.0080726575455,
49.88,0.007000000000005,90,90,2,89,0,-1.55881682592118,-31.2093528206801,-0.000535781459916507,0.002398899118011,-0.0140523758064,
49.881,0.00800000000000267,90,90,2,89,0,-1.55646017332776,-31.2028966267418,-0.000609323454682453,0.002377836308133,-0.0183411097558,
49.882,0.00900000000000034,90,90,2,89,0,-1.55412348172522,-31.1018280553801,-0.00068211691817055,0.002356790764363,-0.0204063509625,
49.883,0.0100000000000051,90,90,2,89,0,-1.55181821393297,-30.9245333003091,-0.000753610604732557,0.002333252756717,-0.0217984627652,
49.884,0.0110000000000028,90,90,2,89,0,-1.54955491767828,-30.8226238484585,-0.00082348665949894,0.002302103474069,-0.0250736509838,
49.885,0.0120000000000005,90,90,2,89,0,-1.54732496246333,-30.8199893595304,-0.000892216792891531,0.002265885404036,-0.0303865363629,
49.886,0.0130000000000052,90,90,2,89,0,-1.54510727688296,-30.799034248418,-0.000960542602967962,0.002236276636498,-0.032714643069,
49.887,0.0140000000000029,90,90,2,89,0,-1.54289078319395,-30.676685045626,-0.00102867287489516,0.002221008903336,-0.0272892479737,
49.888,0.0150000000000006,90,90,2,89,0,-1.54067392167065,-30.6113034978333,-0.0010966063667297,0.002216961606705,-0.0162039125155,
49.889,0.0160000000000053,90,90,2,89,0,-1.53844965623869,-30.6639917881915,-0.00116475262728954,0.002218972345611,-0.0055960169292,
49.89,0.017000000000003,90,90,2,89,0,-1.53621749570237,-30.6984029906025,-0.0012332379853035,0.00222441279067,0.0012222400908,
49.891,0.0180000000000007,90,90,2,89,0,-1.53398553549229,-30.4841937753794,-0.00130151654607857,0.00222973190714,0.0043751346364,
49.892,0.0190000000000055,90,90,2,89,0,-1.53175827157152,-30.3270753733296,-0.00136923791896493,0.002230611421159,0.0040236343114,
49.893,0.0200000000000031,90,90,2,89,0,-1.52954022855307,-30.2576633103984,-0.00143642769728558,0.002225906536867,0.000536075261,
49.894,0.0210000000000008,90,90,2,89,0,-1.52734896053918,-30.1527507339397,-0.00150261540127872,0.002212776787778,-0.0055570242378,
49.895,0.0220000000000056,90,90,2,89,0,-1.52519532489732,-30.0840842561595,-0.00156747949867508,0.002188010803649,-0.0140931601619,
49.896,0.0230000000000032,90,90,2,89,0,-1.52307267629525,-30.011212349864,-0.00163126009735493,0.002155629241532,-0.0235597870134,
49.897,0.0240000000000009,90,90,2,89,0,-1.52097055913105,-29.9824715851123,-0.00169431697372602,0.002125785282643,-0.0293356077522,
49.898,0.0250000000000057,90,90,2,89,0,-1.51888527544678,-29.8977778582389,-0.00175675062732239,0.002103226551581,-0.0284196715093,
49.899,0.0260000000000034,90,90,2,89,0,-1.51682626730696,-29.9709843319721,-0.00181838576165205,0.002082451064915,-0.0242093260913,
49.9,0.027000000000001,90,90,2,89,0,-1.51481188507998,-30.2486764946591,-0.00187903846889981,0.002053503029306,-0.0237622246677,
49.901,0.0280000000000058,90,90,2,89,0,-1.51284445156328,-30.4984325567959,-0.00193879641810213,0.002013685387748,-0.0297571527108,
49.902,0.0290000000000035,90,90,2,89,0,-1.51091770076923,-30.4590522820997,-0.00199752135927156,0.001969313312989,-0.0379230897336,
49.903,0.0300000000000011,90,90,2,89,0,-1.50902001950733,-30.2382091082233,-0.00205511338705833,0.0019302347512,-0.0414176909077,
49.904,0.0310000000000059,90,90,2,89,0,-1.50713143878058,-30.1397786866086,-0.00211212773908187,0.001903671961,-0.0369118842033,
49.905,0.0320000000000036,90,90,2,89,0,-1.50524402486135,-30.2034616216438,-0.00216907407491362,0.001890960845039,-0.026162019405,
49.906,0.0330000000000013,90,90,2,89,0,-1.50336632086401,-30.2208756457609,-0.00222580358473579,0.001884850984919,-0.0148862414804,
49.907,0.034000000000006,90,90,2,89,0,-1.50149747107491,-30.0563623902465,-0.00228212813652817,0.001877960711438,-0.0083243608806,
49.908,0.0350000000000037,90,90,2,89,0,-1.49962127351303,-29.989070384321,-0.00233845668381605,0.001873710383407,-0.0058641658377,
49.909,0.0360000000000014,90,90,2,89,0,-1.49771572868452,-30.1138677769805,-0.00239572110530162,0.001882797410034,-0.0010411052686,
49.91,0.0370000000000061,90,90,2,89,0,-1.49576820513002,-30.0452311220875,-0.00245430173634986,0.001909334266315,0.0103207691258,
49.911,0.0380000000000038,90,90,2,89,0,-1.49378912972238,-29.8553009177086,-0.00251357557127108,0.001944395492645,0.0238592183995,
49.912,0.0390000000000015,90,90,2,89,0,-1.491794230864,-29.6922348700028,-0.00257297122684008,0.00197435688692,0.0309739656988,
49.913,0.0400000000000063,90,90,2,89,0,-1.48980048498104,-29.5484765350731,-0.0026320266890707,0.001989805930532,0.0271376386926,
49.914,0.0410000000000039,90,90,2,89,0,-1.4878216371864,-29.3804036920354,-0.00269033233141158,0.00198962234909,0.0151129612947,
49.915,0.0420000000000016,90,90,2,89,0,-1.48586748588129,-29.24922088662,-0.00274761791010292,0.001975908274277,0.0004470580629,
49.916,0.0430000000000064,90,90,2,89,0,-1.48394775692689,-29.1889248878149,-0.00280371061035112,0.001951233546756,-0.0129431226141,
49.917,0.044000000000004,90,90,2,89,0,-1.48206697182365,-29.1870874794693,-0.00285860697758267,0.001918372504265,-0.0238424261996,
49.918,0.0450000000000017,90,90,2,89,0,-1.4802057070603,-29.1643463379066,-0.00291291071141586,0.001886612156621,-0.0300749395459,
49.919,0.0460000000000065,90,90,2,89,0,-1.47835126201439,-29.0955866752061,-0.00296693063350517,0.001865074950085,-0.0290236137657,
49.92,0.0470000000000042,90,90,2,89,0,-1.47650793110279,-28.9546331377046,-0.0030204335158146,0.001853156720849,-0.0217184556784,
49.921,0.0480000000000018,90,90,2,89,0,-1.47468837174611,-28.9196117417946,-0.00307308632770287,0.001839533685417,-0.0153153642848,
49.922,0.0490000000000066,90,90,2,89,0,-1.47289802588747,-28.9614845167996,-0.0031248999181912,0.001817926773744,-0.0155067564455,
49.923,0.0500000000000043,90,90,2,89,0,-1.47113315225647,-28.9076056976931,-0.00317596573387391,0.00179146823976,-0.020667235494,
49.924,0.0510000000000019,90,90,2,89,0,-1.46939279401347,-28.8847439655506,-0.00322625542992228,0.001765160682892,-0.0249577541559,
49.925,0.0520000000000067,90,90,2,89,0,-1.46767570504083,-28.8580207429214,-0.00327583016218114,0.001740732078292,-0.0257891643224,
49.926,0.0530000000000044,90,90,2,89,0,-1.46597645873955,-28.7902155496745,-0.00332480943833957,0.00171871695234,-0.024268246686,
49.927,0.054000000000002,90,90,2,89,0,-1.46427849525687,-28.5993864846666,-0.00337353216261249,0.001704214257108,-0.0204854403304,
49.928,0.0550000000000068,90,90,2,89,0,-1.46257404150825,-28.5722953550111,-0.00342225540632057,0.001700295408042,-0.0135812705982,
49.929,0.0560000000000045,90,90,2,89,0,-1.46086483055828,-28.6137983249055,-0.0034711269550769,0.001703933829243,-0.0048268218357,
49.93,0.0570000000000022,90,90,2,89,0,-1.4591526638943,-28.513775733726,-0.00352003291902747,0.001708670503768,0.0017007161181,
49.931,0.0580000000000069,90,90,2,89,0,-1.45743398193443,-28.4138024754172,-0.00356895311986705,0.001713234538544,0.0043554066031,
49.932,0.0590000000000046,90,90,2,89,0,-1.45570719844952,-28.3682376875373,-0.00361797826445809,0.001719157828615,0.0050236032892,
49.933,0.0600000000000023,90,90,2,89,0,-1.45398634381284,-28.3815906043812,-0.00366680736703984,0.001722574372929,0.0047634897554,
49.934,0.0609999999999999,90,90,2,89,0,-1.45228012380717,-28.3464142071592,-0.00371520259537306,0.001718242901846,0.001844163422,
49.935,0.0620000000000047,90,90,2,89,0,-1.4505811697029,-28.1790347507869,-0.00376321966712112,0.001708430624553,-0.0036513083269,
49.936,0.0630000000000024,90,90,2,89,0,-1.44888278617864,-27.9681796586845,-0.00381089941905088,0.001700962700687,-0.0074647294019,
49.937,0.0640000000000001,90,90,2,89,0,-1.44719885002502,-27.7321311525493,-0.00385779730262925,0.001694220487071,-0.0079535168191,
49.938,0.0650000000000048,90,90,2,89,0,-1.44555994356652,-27.7125615554972,-0.00390323163512107,0.001674761456276,-0.0107749718447,
49.939,0.0660000000000025,90,90,2,89,0,-1.44398151663385,-27.7218271782229,-0.00394698120121006,0.001634271509287,-0.0219532604995,
49.94,0.0670000000000002,90,90,2,89,0,-1.4424559882728,-27.7225176494642,-0.00398927216144784,0.001580701218933,-0.0381047751403,
49.941,0.0680000000000049,90,90,2,89,0,-1.4409675284696,-27.797457214712,-0.00403059178688636,0.001530277365181,-0.0487022563639,
49.942,0.0690000000000026,90,90,2,89,0,-1.43950081653685,-27.7951502086747,-0.00407136095722649,0.00149305600942,-0.0474070353353,
49.943,0.0700000000000003,90,90,2,89,0,-1.43804931759169,-27.7793336733866,-0.00411169410958223,0.001468672397608,-0.0373307819736,
49.944,0.0710000000000051,90,90,2,89,0,-1.43660738262793,-27.797359561463,-0.00415176309815024,0.001453193647017,-0.0255634766304,
49.945,0.0720000000000027,90,90,2,89,0,-1.43516138191871,-27.8582156030918,-0.00419200209873338,0.001446023881818,-0.0156575133397,
49.946,0.0730000000000004,90,90,2,89,0,-1.43370911262477,-27.809053122571,-0.00423242403124391,0.001446661560998,-0.0073202275029,
49.947,0.0740000000000052,90,90,2,89,0,-1.43226697748903,-27.800625992995,-0.00427252236730169,0.001447348471064,-0.0016897848679,
49.948,0.0750000000000028,90,90,2,89,0,-1.43084788332177,-27.9502975334799,-0.00431208027251273,0.001438263092656,-0.002259545742,
49.949,0.0760000000000005,90,90,2,89,0,-1.42946112706239,-28.040537705565,-0.00435090309312614,0.00141630508544,-0.0100154805082,
49.95,0.0770000000000053,90,90,2,89,0,-1.42809759497629,-28.0497133803531,-0.00438914352164943,0.00138949037976,-0.0195532281128,
49.951,0.078000000000003,90,90,2,89,0,-1.42674264150137,-28.0785066584155,-0.00442716908503371,0.00136792575473,-0.0237826719458,
49.952,0.0790000000000006,90,90,2,89,0,-1.42539077236872,-28.0477314243328,-0.00446510674942147,0.001356601755593,-0.0200674614571,
49.953,0.0800000000000054,90,90,2,89,0,-1.42403229629149,-27.9075653640186,-0.00450311371545808,0.001354776518705,-0.0115465582302,
49.954,0.0810000000000031,90,90,2,89,0,-1.42266340416122,-27.783675200211,-0.00454123136591988,0.001359618809768,-0.0026746071774,
49.955,0.0820000000000007,90,90,2,89,0,-1.42128823602425,-27.718705472053,-0.0045793939186467,0.001367650116368,0.0037987373388,
49.956,0.0830000000000055,90,90,2,89,0,-1.41990813956854,-27.8508114013785,-0.00461773956527622,0.001374763830582,0.0067993242231,
49.957,0.0840000000000032,90,90,2,89,0,-1.41852138334279,-27.9119698416987,-0.00465640425730385,0.0013806158911,0.007010495821,
49.958,0.0850000000000009,90,90,2,89,0,-1.41712101146774,-27.8754750252484,-0.00469546584167801,0.001388842989528,0.0069430679998,
49.959,0.0860000000000056,90,90,2,89,0,-1.41569787896378,-27.792044483761,-0.00473507696989373,0.001403115368933,0.0093281713481,
49.96,0.0870000000000033,90,90,2,89,0,-1.41425765783289,-27.6739076636841,-0.00477501858804885,0.001421430903366,0.0136717416203,
49.961,0.088000000000001,90,90,2,89,0,-1.41281202408858,-27.566795215452,-0.00481494750010825,0.001436718326837,0.016194154636,
49.962,0.0890000000000057,90,90,2,89,0,-1.41135812750315,-27.4656664182167,-0.00485495325412444,0.00144648881262,0.0145407754532,
49.963,0.0900000000000034,90,90,2,89,0,-1.40989816122887,-27.3668300857815,-0.00489498005194378,0.001453238639749,0.0105193694932,
49.964,0.0910000000000011,90,90,2,89,0,-1.40844283928902,-27.2875145842875,-0.00493474988539333,0.001456752067296,0.0066851048506,
49.965,0.0920000000000059,90,90,2,89,0,-1.40701186269677,-27.1411719540682,-0.00497369297357864,0.001449411635899,0.0012281897384,
49.966,0.0930000000000035,90,90,2,89,0,-1.40562277438445,-27.0330035499755,-0.00501131933057763,0.001425713712551,-0.0089915212991,
49.967,0.0940000000000012,90,90,2,89,0,-1.40427624268532,-27.0403537167987,-0.00504772507539997,0.001388887812342,-0.022729068821,
49.968,0.095000000000006,90,90,2,89,0,-1.40295314133029,-27.0323412558047,-0.0050834969033815,0.001352269579857,-0.0328252068335,
49.969,0.0960000000000036,90,90,2,89,0,-1.40162897448561,-27.0621261066126,-0.00511931195345028,0.001330450105155,-0.0322409054673,
49.97,0.0970000000000013,90,90,2,89,0,-1.40029027121398,-27.0335877431528,-0.00515552100799255,0.00132820812587,-0.0203858534118,
49.971,0.0980000000000061,90,90,2,89,0,-1.39894753093313,-26.9561051358344,-0.00519176807569011,0.001335553446311,-0.0052390379923,
49.972,0.0990000000000038,90,90,2,89,0,-1.39762755686817,-26.7883348753993,-0.00522723870915343,0.001334699313317,0.0020092944927,
49.973,0.100000000000001,90,90,2,89,0,-1.39634522470861,-26.7647001946006,-0.00526157509870018,0.001315511358107,-0.0038944436283,
49.974,0.101000000000006,90,90,2,89,0,-1.39509342004823,-26.7553444564372,-0.00529507341934732,0.001284466481426,-0.0172448849865,
49.975,0.102000000000004,90,90,2,89,0,-1.39385926600661,-26.7820034132088,-0.00532811008648082,0.001255667724506,-0.0268139643114,
49.976,0.103000000000002,90,90,2,89,0,-1.39263589690311,-26.8702099131922,-0.00536092831654855,0.001236213745812,-0.0266691593805,
49.977,0.104000000000006,90,90,2,89,0,-1.39142045863987,-27.0333579639325,-0.00539368654600025,0.001224225332858,-0.0200177424398,
49.978,0.105000000000004,90,90,2,89,0,-1.39020709892558,-26.9973982337641,-0.00542646591745211,0.001217193950633,-0.0127409734573,
49.979,0.106000000000002,90,90,2,89,0,-1.3889991194372,-26.9141661116704,-0.00545902794939934,0.001212369211202,-0.0078564986055,
49.98,0.107000000000006,90,90,2,89,0,-1.38780342298166,-26.8440306907829,-0.00549116719207632,0.001205908646301,-0.0059774799102,
49.981,0.108000000000004,90,90,2,89,0,-1.38661254605443,-26.8228572119999,-0.00552312252136744,0.001197935506899,-0.0064235896103,
49.982,0.109000000000002,90,90,2,89,0,-1.38541466268248,-26.9115272181284,-0.00555530628417955,0.001194424719139,-0.0061806615591,
49.983,0.110000000000007,90,90,2,89,0,-1.38421780317911,-26.7850673155897,-0.00558743992391442,0.00119547427796,-0.0034813892783,
49.984,0.111000000000004,90,90,2,89,0,-1.38303846859543,-26.5750217617536,-0.00561890462313386,0.001191909188037,-0.0017029397765,
49.985,0.112000000000002,90,90,2,89,0,-1.38188243072763,-26.3816976906366,-0.0056495146096438,0.001177603044823,-0.0054030112871,
49.986,0.113000000000007,90,90,2,89,0,-1.38074462568346,-26.2737597434021,-0.00567947043217032,0.001157557035475,-0.0128057870669,
49.987,0.114000000000004,90,90,2,89,0,-1.37962007426086,-26.2761698392802,-0.00570901798121781,0.001139298804788,-0.0177877159095,
49.988,0.115000000000002,90,90,2,89,0,-1.37851657649615,-26.4085642838976,-0.00573808672439213,0.001122211411704,-0.0184433130044,
49.989,0.116000000000007,90,90,2,89,0,-1.37743455026319,-26.5709975024586,-0.00576674936223753,0.001103372402552,-0.0179641291853,
49.99,0.117000000000004,90,90,2,89,0,-1.37635512788874,-26.6235883431805,-0.00579545907532975,0.001087686534932,-0.017367581872,
49.991,0.118000000000002,90,90,2,89,0,-1.37525908405754,-26.6240764891541,-0.0058246399626114,0.001085189969028,-0.0126750195648,
49.992,0.119000000000007,90,90,2,89,0,-1.37414683121036,-26.44192836312,-0.00585415137010159,0.001095920098969,-0.0024853476653,
49.993,0.120000000000005,90,90,2,89,0,-1.37303306719794,-26.2859588123585,-0.0058835145816829,0.001107843491958,0.0071201001019,
49.994,0.121000000000002,90,90,2,89,0,-1.37192901455496,-26.2495467433948,-0.00591251556355132,0.001110397252016,0.0087545241953,
49.995,0.122000000000007,90,90,2,89,0,-1.37082613242619,-26.2543693373148,-0.0059414683789214,0.001106614899549,0.0034638161798,
49.996,0.123000000000005,90,90,2,89,0,-1.36971482720881,-26.3180118851538,-0.00597068035969528,0.001105760209616,-0.0010032199493,
49.997,0.124000000000002,90,90,2,89,0,-1.36860856281308,-26.4625190357705,-0.00599987497076881,0.001107266044302,-0.0010248313075,
49.998,0.125,90,90,2,89,0,-1.36752609718633,-26.59332548356,-0.00602859053475413,0.001100637011531,-0.0016427829368,
49.999,0.126000000000005,90,90,2,89.25,0,-1.36647479271067,-26.5437710533556,-0.00605652216844987,0.001080256912117,-0.0083138925268,
50,0.127000000000002,90,90,2,89.25,0,-1.36544343963112,-26.4851450950896,-0.00608386793643945,0.001054667402154,-0.0178176025858,
50.001,0.128,90,90,2,89.25,0,-1.36441506860852,-26.4531253409346,-0.00611108802809213,0.001036443881298,-0.0218168900662,
50.002,0.129000000000005,90,90,2,89.25,0,-1.36338011232682,-26.5428601312398,-0.00613851229212514,0.001031241217415,-0.0165270604962,
50.003,0.130000000000003,90,90,2,89.25,0,-1.36232256754819,-26.6264888626007,-0.0061666267758369,0.001039757253049,-0.0049933111198,
50.004,0.131,90,90,2,89.25,0,-1.36123094682739,-26.5538264814974,-0.00619565314292458,0.001060991012202,0.0082157428346,
50.005,0.132000000000005,90,90,2,89.25,0,-1.36011872294166,-26.4940384919787,-0.00622515369417442,0.001087578887628,0.0190246769792,
50.006,0.133000000000003,90,90,2,89.25,0,-1.35900779170076,-26.5272001965038,-0.00625460516943122,0.001105655142802,0.0224281544685,
50.007,0.134,90,90,2,89.25,0,-1.35790546573593,-26.5579511761713,-0.00628386373978174,0.001108737451528,0.0161315573152,
50.008,0.135000000000005,90,90,2,89.25,0,-1.35681367966463,-26.3854489590886,-0.00631276517319179,0.001101745579592,0.0045582384618,
50.009,0.136000000000003,90,90,2,89.25,0,-1.35572496507419,-26.1820057934619,-0.00634138065066736,0.001094026595101,-0.0041877515039,
50.01,0.137,90,90,2,89.25,0,-1.35463137586404,-26.0749771652147,-0.00636995448701327,0.001091098420611,-0.0060636077242,
50.011,0.138000000000005,90,90,2,89.25,0,-1.35353967942018,-26.0129500114762,-0.00639838658943859,0.00109155899435,-0.0033487930216,
50.012,0.139000000000003,90,90,2,89.25,0,-1.35246336828915,-26.0587777768314,-0.0064264092795554,0.001087648679898,-0.001867317187,
50.013,0.140000000000001,90,90,2,89.25,0,-1.35141448906001,-26.0233261687855,-0.0064537231980637,0.001072697154312,-0.0059114113349,
50.014,0.141000000000005,90,90,2,89.25,0,-1.35039029215137,-25.9930005948137,-0.00648036067860858,0.001049704103557,-0.0140516197965,
50.015,0.142000000000003,90,90,2,89.25,0,-1.34937972981438,-26.0593269795733,-0.00650666173950754,0.001027511233295,-0.0203405390564,
50.016,0.143000000000001,90,90,2,89.25,0,-1.34837490632659,-26.0115355430494,-0.00653282275234801,0.001012931053725,-0.0201491172023,
50.017,0.144000000000005,90,90,2,89.25,0,-1.34736710810098,-25.9133062188824,-0.00655898763403684,0.001007437563896,-0.0141379798553,
50.018,0.145000000000003,90,90,2,89.25,0,-1.3463598572652,-25.7360864029602,-0.00658499958097991,0.001006741587315,-0.0067802427769,
50.019,0.146000000000001,90,90,2,89.25,0,-1.34537425067235,-25.662320424846,-0.00661032888530144,0.00100092177985,-0.0036723798206,
50.02,0.147000000000006,90,90,2,89.25,0,-1.34442821905554,-25.667631235381,-0.00663460876387489,0.000980227372917,-0.0087450380402,
50.021,0.148000000000003,90,90,2,89.25,0,-1.34351898817881,-25.7935068272614,-0.00665800379172765,0.000946863887598,-0.0200327506084,
50.022,0.149000000000001,90,90,2,89.25,0,-1.34262851798284,-25.9449396733753,-0.00668103956402888,0.000914642894526,-0.0292200141291,
50.023,0.150000000000006,90,90,2,89.25,0,-1.34174593590154,-25.9069112505031,-0.00670392132127517,0.000893731965797,-0.0291707214432,
50.024,0.151000000000003,90,90,2,89.25,0,-1.34087704437367,-25.7769980047117,-0.0067263751767257,0.000880841349672,-0.0218978542507,
50.025,0.152000000000001,90,90,2,89.25,0,-1.3400193810595,-25.6850604109149,-0.0067484437365124,0.000869630229789,-0.0147928610336,
50.026,0.153000000000006,90,90,2,89.25,0,-1.3391490012343,-25.7375276105554,-0.00677082232809312,0.000864846731589,-0.0097866822507,
50.027,0.154000000000003,90,90,2,89.25,0,-1.33824068495507,-25.9176689043226,-0.00679428195604714,0.0008779458081,-0.0013470122916,
50.028,0.155000000000001,90,90,2,89.25,0,-1.33728592616135,-25.985551629787,-0.00681905948417239,0.000910868097368,0.0136812679248,
50.029,0.156000000000006,90,90,2,89.25,0,-1.33630048860002,-25.8517646559346,-0.00684460070345949,0.000950029669656,0.0288471103469,
50.03,0.157000000000004,90,90,2,89.25,0,-1.33531038257439,-25.612033923633,-0.00687007801198547,0.000977634470337,0.0338227558999,
50.031,0.158000000000001,90,90,2,89.25,0,-1.33433740733606,-25.4729834110157,-0.00689493024043486,0.00098356625015,0.0245699259027,
50.032,0.159000000000006,90,90,2,89.25,0,-1.33338452099491,-25.5592888750798,-0.00691924421803947,0.000972087805366,0.0072106186943,
50.033,0.160000000000004,90,90,2,89.25,0,-1.33244015419139,-25.5465948956531,-0.00694337556808478,0.000956357149015,-0.007531040875,
50.034,0.161000000000001,90,90,2,89.25,0,-1.33150785377475,-25.3621093945892,-0.0069671066711976,0.000943302748745,-0.0136521160566,
50.035,0.162000000000006,90,90,2,89.25,0,-1.33060199163735,-25.1848369849764,-0.00699000095363544,0.000927988848932,-0.0145351269572,
50.036,0.163000000000004,90,90,2,89.25,0,-1.32973641561166,-25.1704206306521,-0.00701179410552299,0.000901707787659,-0.0179261983881,
50.037,0.164000000000001,90,90,2,89.25,0,-1.32891927918493,-25.2009120663091,-0.00703237423093128,0.000863129979515,-0.0266799368963,
50.038,0.165000000000006,90,90,2,89.25,0,-1.32815822541145,-25.280111170991,-0.00705158361753888,0.000814843510443,-0.0378013823611,
50.039,0.166000000000004,90,90,2,89.25,0,-1.3274727226764,-25.2290126705617,-0.00706889568880342,0.000755213257926,-0.0487770058271,
50.04,0.167000000000002,90,90,2,89.25,0,-1.32690911454776,-24.9208650146017,-0.00708302812816441,0.000671599664656,-0.0634221197094,
50.041,0.168000000000006,90,90,2,89.25,0,-1.32654567393032,-24.4785915371236,-0.00709200501265173,0.000540126257203,-0.090776535299,
50.042,0.169000000000004,90,90,2,89.25,0,-1.32646968544196,-24.2389831814222,-0.0070938560000684,0.000337255232076,-0.1385347485003,
50.043,0.170000000000002,90,90,2,89.25,0,-1.32672984987077,-24.3606048234807,-0.00708753405803009,6.1378251933E-05,-0.2033535263296,
50.044,0.171000000000006,90,90,2,89.25,0,-1.3273328031127,-24.5203740143442,-0.00707279758569257,-0.000262155197595,-0.2682721344537,
50.045,0.172000000000004,90,90,2,89.25,0,-1.32833773123885,-24.4223940068521,-0.00704820560360986,-0.00062070906326,-0.3197426335536,
50.046,0.173000000000002,90,90,2,89.25,0,-1.32993927334292,-23.9684610997981,-0.00700945560765831,-0.00106331985426,-0.3732648184244,
50.047,0.174000000000007,90,90,2,89.25,0,-1.33245053394458,-23.2452229774576,-0.00695017267531739,-0.001695473459971,-0.4742565578128,
50.048,0.175000000000004,90,90,2,89.25,0,-1.33623243032007,-22.337984364582,-0.00686397719201182,-0.002619535784532,-0.6628633769527,
50.049,0.176000000000002,90,90,2,89.25,0,-1.3416348793409,-21.5667969873438,-0.00674538052049911,-0.003886871436943,-0.939471707261,
50.05,0.177000000000007,90,90,2,89.25,0,-1.34900437566804,-21.0157160826023,-0.0065884746836673,-0.005506397419121,-1.2700107529861,
50.051,0.178000000000004,90,90,2,89.25,0,-1.35870898681061,-20.6399844023082,-0.00638634849613595,-0.007479916579876,-1.620066836821,
50.052,0.179000000000002,90,90,2,89.25,0,-1.37111452305243,-20.2538063003648,-0.00613269379482517,-0.009814354227716,-1.9755967533074,
50.053,0.180000000000007,90,90,2,89.25,0,-1.38657411541164,-20.0618452018622,-0.00582106202585919,-0.012511475547262,-2.3349672032263,
50.054,0.181000000000004,90,90,2,89.25,0,-1.40543756576213,-20.052987300145,-0.00544270995024476,-0.015564532921377,-2.6950970344049,
50.055,0.182000000000002,90,90,2,89.25,0,-1.42804551454378,-20.2687304775066,-0.00498691428509801,-0.018965642482454,-3.0506922138329,
50.056,0.183000000000007,90,90,2,89.25,0,-1.45472342472248,-20.6971757307157,-0.00444047190200081,-0.022705587671417,-3.3983445933542,
50.057,0.184000000000005,90,90,2,89.25,0,-1.48578728613655,-21.3769229402534,-0.00378697991689592,-0.026772707130196,-3.736446781542,
50.058,0.185000000000002,90,90,2,89.25,0,-1.5215555792613,-22.3341178714693,-0.00300524525661672,-0.031159405556663,-4.0648408681406,
50.059,0.186,90,90,2,89.25,0,-1.56234658201598,-23.4886379221777,-0.00207066717771909,-0.035863776500525,-4.3861264913791,
50.06,0.187000000000005,90,90,2,89.25,0,-1.60847415354217,-24.9757281417582,-0.000952895421676203,-0.040885160497154,-4.7041731044736,
50.061,0.188000000000002,90,90,2,89.25,0,-1.66025272264501,-26.853164718909,0.000388917533570066,-0.046221900167732,-5.0208867829836,
50.062,0.189,90,90,2,89.25,0,-1.717994851753,-29.1536198980144,0.00200589302770027,-0.05187233783139,-5.3362423663173,
50.063,0.190000000000005,90,90,2,89.25,0,-1.78199702868307,-31.9460211128646,0.00396114804487979,-0.057831075453069,-5.6488182531403,
50.064,0.191000000000003,90,90,2,89.25,0,-1.85252865204396,-35.2655627673879,0.00633141910475388,-0.064082996512692,-5.9542026656559,
50.065,0.192,90,90,2,89.25,0,-1.92984399536323,-39.0735103199937,0.00920519458364311,-0.070607905419158,-6.2458623822927,
50.066,0.193000000000005,90,90,2,89.25,0,-2.01421851200143,-43.5536897551996,0.0126910096174129,-0.077397979327435,-6.5225620529564,
50.067,0.194000000000003,90,90,2,89.25,0,-2.10592653232143,-48.6753263833413,0.0169200798604834,-0.084456815747061,-6.7911531611384,
50.068,0.195,90,90,2,89.25,0,-2.205214967796,-54.5430277389299,0.0220442743070066,-0.091782093761831,-7.0581401447645,
50.069,0.196000000000005,90,90,2,89.25,0,-2.31229798880429,-61.2645425793967,0.0282447865496636,-0.099352686588315,-7.318939979741,
50.07,0.197000000000003,90,90,2,89.25,0,-2.42736766328379,-68.9048393970809,0.0357340607552885,-0.107140641389537,-7.5622069753912,
50.071,0.198,90,90,2,89.25,0,-2.55061446489945,-77.3385511211088,0.0447460758246905,-0.115126816578982,-7.7822123252675,
50.072,0.199000000000005,90,90,2,89.25,0,-2.68221177616944,-86.8704789680434,0.0555508092476771,-0.12329881637111,-7.982456453783,
50.073,0.200000000000003,90,90,2,89.25,0,-2.82227869798478,-97.6957988472969,0.0684766244499428,-0.131633041537297,-8.1649200235408,
50.074,0.201000000000001,90,90,2,89.25,0,-2.97085351688715,-109.865295275066,0.0838958004351582,-0.140078407777847,-8.3188998762782,
50.075,0.202000000000005,90,90,2,89.25,0,-3.12791153909765,-123.239723326103,0.102201307029588,-0.1485674107687,-8.425114943332,
50.076,0.203000000000003,90,90,2,89.25,0,-3.29340376259163,-137.887776998331,0.123808592351651,-0.157043321603105,-8.4719843188277,
50.077,0.204000000000001,90,90,2,89.25,0,-3.46729476111062,-153.88141274737,0.149176610222639,-0.165481595616439,-8.4685474350181,
50.078,0.205000000000005,90,90,2,89.25,0,-3.64952988051672,-171.156096045325,0.17879323483578,-0.17387460227762,-8.4359848540094,
50.079,0.206000000000003,90,90,2,89.25,0,-3.84000414576008,-190.021124863764,0.213190717723421,-0.182203626891145,-8.3873922525301,
50.08,0.207000000000001,90,90,2,89.25,0,-4.03858361654067,-210.289128280443,0.25293741683214,-0.190434083153351,-8.3186487224261,
50.081,0.208000000000006,90,90,2,89.25,0,-4.24511501301361,-232.137732699381,0.298624935549782,-0.198533486827126,-8.2207109910724,
50.082,0.209000000000003,90,90,2,89.25,0,-4.45939735432755,-255.602532028689,0.350881998489285,-0.206471102217535,-8.0901829652945,
50.083,0.210000000000001,90,90,2,89.25,0,-4.68115374708206,-280.393545393263,0.410312276819127,-0.214199273293811,-7.9233185811789,
50.084,0.211000000000006,90,90,2,89.25,0,-4.9100328561113,-305.744184309381,0.477389617490502,-0.221650992204758,-7.7080687209172,
50.085,0.212000000000003,90,90,2,89.25,0,-5.14567044543905,-331.278615463954,0.552442875933195,-0.228769838236374,-7.4347926967464,
50.086,0.213000000000001,90,90,2,89.25,0,-5.38774055267542,-357.23688381994,0.635777386305961,-0.235539800610783,-7.1140427982532,
50.087,0.214000000000006,90,90,2,89.25,0,-5.63593179349513,-383.57415396494,0.727708791646336,-0.241976691938786,-6.7747061576493,
50.088,0.215000000000003,90,90,2,89.25,0,-5.88992372150136,-410.107805387482,0.828503197186194,-0.248095106900664,-6.4412697320873,
50.089,0.216000000000001,90,90,2,89.25,0,-6.14942308687237,-436.732841911407,0.938380502458415,-0.253903953059708,-6.1210872308653,
50.09,0.217000000000006,90,90,2,89.25,0,-6.41417823869197,-463.436328747232,1.05754271517895,-0.259423870096153,-5.8150380631145,
50.091,0.218000000000004,90,90,2,89.25,0,-6.68399692381272,-490.148465782493,1.18619021288453,-0.264697475875368,-5.5327023960557,
50.092,0.219000000000001,90,90,2,89.25,0,-6.95872428520131,-517.843449552035,1.32465169248496,-0.269772228010757,-5.2878430632362,
50.093,0.220000000000006,90,90,2,89.25,0,-7.23819549870831,-545.386289723493,1.47322274522099,-0.274677914143761,-5.0836884278213,
50.094,0.221000000000004,90,90,2,89.25,0,-7.52223865371685,-572.249595936716,1.63195115677783,-0.279419640321942,-4.9072179472726,
50.095,0.222000000000001,90,90,2,89.25,0,-7.81065282712238,-598.848561040258,1.80083181023846,-0.283982878077176,-4.7373676377438,
50.096,0.223000000000006,90,90,2,89.25,0,-8.10322390488319,-625.928427947844,1.97999897208092,-0.288349939193016,-4.5579312902999,
50.097,0.224000000000004,90,90,2,89.25,0,-8.39973303573185,-653.554910833284,2.1696882184396,-0.292505422380581,-4.3624407291757,
50.098,0.225000000000001,90,90,2,89.25,0,-8.69990385621442,-681.415751536034,2.37004783796138,-0.296426221812479,-4.1485514393474,
50.099,0.226000000000006,90,90,2,89.25,0,-9.00347080798703,-709.260540099493,2.5811295193385,-0.300091152979408,-3.9144440791074,
50.1,0.227000000000004,90,90,2,89.25,0,-9.31016662616014,-737.610065088749,2.80300410136292,-0.303486772305745,-3.6608980942421,
50.101,0.228000000000002,90,90,2,89.25,0,-9.61963917208614,-766.572994844044,3.03575578191101,-0.306590176578827,-3.3887483625381,
50.102,0.229000000000006,90,90,2,89.25,0,-9.93146326152598,-796.287404574614,3.27942454239616,-0.309344990654285,-3.0864917297713,
50.103,0.230000000000004,90,90,2,89.25,0,-10.2452046491046,-825.909180394625,3.53389964614291,-0.311693815827322,-2.7375944640189,
50.104,0.231000000000002,90,90,2,89.25,0,-10.5604263301141,-855.457796052711,3.79890130849776,-0.31361028616625,-2.3409153935306,
50.105,0.232000000000006,90,90,2,89.25,0,-10.8766990054043,-885.249270061928,4.074170348846,-0.315092891264446,-1.9160172169411,
50.106,0.233000000000004,90,90,2,89.25,0,-11.1936534944978,-915.584776703783,4.35956156646344,-0.31616192114698,-1.488692105717,
50.107,0.234000000000002,90,90,2,89.25,0,-11.5109518973453,-946.386942025652,4.65496189271352,-0.31685311907871,-1.0797528619914,
50.108,0.235000000000007,90,90,2,89.25,0,-11.8281857152161,-977.545433584056,4.96013009913341,-0.31717585322829,-0.6940083823262,
50.109,0.236000000000004,90,90,2,89.25,0,-12.1448582136436,-1009.43824570014,5.27474164216025,-0.31708479753082,-0.30913633011,
50.11,0.237000000000002,90,90,2,89.25,0,-12.460476075916,-1041.78329564678,5.59844272112375,-0.31652450341396,0.107690269172,
50.111,0.238000000000007,90,90,2,89.25,0,-12.7746495490256,-1074.33284008788,5.9308564990572,-0.31550093637009,0.558504469146,
50.112,0.239000000000004,90,90,2,89.25,0,-13.0870414232509,-1106.92149358459,6.27155956378624,-0.31407231019315,1.006102905688,
50.113,0.240000000000002,90,90,2,89.25,0,-13.3972455495874,-1140.14786390081,6.62008465721436,-0.31227002952395,1.419204784697,
50.114,0.241000000000007,90,90,2,89.25,0,-13.7048046953114,-1173.79375377419,6.97592161080806,-0.31006695651939,1.81042202213,
50.115,0.242000000000004,90,90,2,89.25,0,-14.0092807222358,-1207.91267289861,7.33850786585481,-0.30742770426787,2.21368907804,
50.116,0.243000000000002,90,90,2,89.25,0,-14.3102271092127,-1242.49550646554,7.70722860995394,-0.30434207058003,2.642312908328,
50.117,0.244000000000007,90,90,2,89.25,0,-14.6072233293368,-1277.50344744084,8.08144369196745,-0.30082022890531,3.082581653008,
50.118,0.245000000000005,90,90,2,89.25,0,-14.8998478247772,-1313.15646239036,8.46048896645348,-0.29686975277483,3.519569615384,
50.119,0.246000000000002,90,90,2,89.25,0,-15.1875680467911,-1349.75768036408,8.8435760906321,-0.29246473081756,3.958249541789,
50.12,0.247000000000007,90,90,2,89.25,0,-15.469735469791,-1387.27737693162,9.22972715502081,-0.28752566433765,4.428871566025,
50.121,0.248000000000005,90,90,2,89.25,0,-15.7456759322949,-1425.13297675299,9.61775606189414,-0.2819651745553,4.96528011385,
50.122,0.249000000000002,90,90,2,89.25,0,-16.0147549806331,-1462.81097659115,10.006298667204,-0.27575012640299,5.570430302606,
50.123,0.25,90,90,2,89.25,0,-16.2763704991462,-1500.30432052044,10.3938971396379,-0.26889841364038,6.209680024412,
50.124,0.251000000000005,90,90,2,89.5,0,-16.5299134437742,-1537.80084743762,10.7790422048249,-0.2614328052951,6.844882054321,
50.125,0.252000000000002,90,90,2,89.5,0,-16.774751870334,-1575.27200960459,11.1601421348669,-0.25335336137307,7.465590343504,
50.126,0.253,90,90,2,89.5,0,-17.0102396549827,-1612.08021494626,11.5354333919942,-0.24464458940693,8.084091662238,
50.127,0.254000000000005,90,90,2,89.5,0,-17.235790080803,-1647.90411231967,11.9030788185853,-0.23531176957351,8.707187913091,
50.128,0.255000000000003,90,90,2,89.5,0,-17.4509676289254,-1682.71930323695,12.2614165087247,-0.22541977015945,9.313359347428,
50.129,0.256,90,90,2,89.5,0,-17.6554457126369,-1716.65295032959,12.6089650708402,-0.21507957210847,9.858705130944,
50.13,0.257000000000005,90,90,2,89.5,0,-17.8489184893002,-1749.49271331754,12.944267483773,-0.2043863309203,10.311651401061,
50.131,0.258000000000003,90,90,2,89.5,0,-18.03109099085,-1781.19440090633,13.2658645356669,-0.19338428624372,10.679969293536,
50.132,0.259,90,90,2,89.5,0,-18.201688306691,-1811.43672235667,13.5723111488847,-0.18209002837124,10.997067588827,
50.133,0.260000000000005,90,90,2,89.5,0,-18.3604509480632,-1840.30937070711,13.8621915765623,-0.170519469213,11.289484299438,
50.134,0.261000000000003,90,90,2,89.5,0,-18.5070904824302,-1867.06470106017,14.1340153803664,-0.15867611161128,11.569508305556,
50.135,0.262,90,90,2,89.5,0,-18.6412520670629,-1891.80839846263,14.386163566099,-0.14653308154827,11.851419807063,
50.136,0.263000000000005,90,90,2,89.5,0,-18.7625896591832,-1914.52200706543,14.6170890492096,-0.13405777179927,12.15281223042,
50.137,0.264000000000003,90,90,2,89.5,0,-18.870856161879,-1934.8384388743,14.8254674457582,-0.12126346304667,12.471325544283,
50.138,0.265000000000001,90,90,2,89.5,0,-18.9658654658189,-1952.51968132959,15.0101350403412,-0.10821066989638,12.776154370827,
50.139,0.266000000000005,90,90,2,89.5,0,-19.0474591549004,-1967.50952172746,15.1700598623334,-0.09496177910915,13.034077122065,
50.14,0.267000000000003,90,90,2,89.5,0,-19.1155603958181,-1979.67682735535,15.3044640065865,-0.08157063908988,13.23273626576,
50.141,0.268000000000001,90,90,2,89.5,0,-19.170233426693,-1989.04732412279,15.4129550956204,-0.068120512354,13.366161264641,
50.142,0.269000000000005,90,90,2,89.5,0,-19.2116509370009,-1995.83636629977,15.4954770762823,-0.05472483771764,13.416095091041,
50.143,0.270000000000003,90,90,2,89.5,0,-19.2400348495434,-1999.73018466649,15.5521819820524,-0.04148408714838,13.365533046086,
50.144,0.271000000000001,90,90,2,89.5,0,-19.2556609091617,-2000.47826197897,15.5834357298889,-0.02846663599486,13.220237964668,
50.145,0.272000000000006,90,90,2,89.5,0,-19.2589097578364,-1998.03738575753,15.5899310160204,-0.01574025221248,12.9971207669,
50.146,0.273000000000003,90,90,2,89.5,0,-19.2502820868884,-1992.89995605215,15.5727147689407,-0.00339905607097,12.698147701461,
50.147,0.274000000000001,90,90,2,89.5,0,-19.230323613029,-1985.45860408785,15.5330137862778,0.00846395593461,12.313297192992,
50.148,0.275000000000006,90,90,2,89.5,0,-19.1995383602669,-1975.68387800398,15.4720414000088,0.01980726665679,11.850556861339,
50.149,0.276000000000003,90,90,2,89.5,0,-19.1583586464451,-1963.7160432793,15.3909297193148,0.0306555574092,11.350715116269,
50.15,0.277000000000001,90,90,2,89.5,0,-19.1071611859238,-1949.56670398332,15.2907546498339,0.04106669951374,10.86565214898,
50.151,0.278000000000006,90,90,2,89.5,0,-19.0463465345484,-1933.24956556603,15.1726885909403,0.05107729376768,10.422122343721,
50.152,0.279000000000003,90,90,2,89.5,0,-18.976363855922,-1915.26816918334,15.0380238010307,0.06067990229447,10.008362890975,
50.153,0.280000000000001,90,90,2,89.5,0,-18.8976843578668,-1895.70715166696,14.8881009883582,0.06984131627974,9.592645882479,
50.154,0.281000000000006,90,90,2,89.5,0,-18.8107906567481,-1874.0865576515,14.7243153244298,0.07853471314561,9.153367211906,
50.155,0.282000000000004,90,90,2,89.5,0,-18.7161964132487,-1850.83480112236,14.5481372654158,0.08673960291386,8.687249872404,
50.156,0.283000000000001,90,90,2,89.5,0,-18.6144496446829,-1827.12034662417,14.3610272398093,0.09442983830511,8.197045584436,
50.157,0.284000000000006,90,90,2,89.5,0,-18.5060887399831,-1802.75030067284,14.1643592061672,0.10158525188608,7.684185161266,
50.158,0.285000000000004,90,90,2,89.5,0,-18.3916254096264,-1777.50649747563,13.959455147843,0.10820739155667,7.15587795094,
50.159,0.286000000000001,90,90,2,89.5,0,-18.2715967887463,-1751.36590489166,13.747672303984,0.11430218981665,6.623919420521,
50.16,0.287000000000006,90,90,2,89.5,0,-18.1465566768735,-1724.93354776403,13.5303338677523,0.11986248102089,6.092648566441,
50.161,0.288000000000004,90,90,2,89.5,0,-18.0169975311889,-1698.37154278462,13.3085736262777,0.12489237471853,5.561524068982,
50.162,0.289000000000001,90,90,2,89.5,0,-17.8833181193366,-1671.76275251377,13.0833148410483,0.12943951539137,5.04418704218,
50.163,0.290000000000006,90,90,2,89.5,0,-17.7458122496001,-1645.18591844794,12.8552648851123,0.13359126936725,4.573350571192,
50.164,0.291000000000004,90,90,2,89.5,0,-17.604735516016,-1618.31158225854,12.6250631013826,0.13742919152552,4.176220439685,
50.165,0.292000000000002,90,90,2,89.5,0,-17.4603433700749,-1591.70933242306,12.3933121971893,0.14100009813692,3.851967039492,
50.166,0.293000000000006,90,90,2,89.5,0,-17.3128611677196,-1565.55480903471,12.1604920626894,0.14432453915826,3.577071598443,
50.167,0.294000000000004,90,90,2,89.5,0,-17.1624524695935,-1539.77117803243,11.9269580432035,0.14743313416228,3.333626893162,
50.168,0.295000000000002,90,90,2,89.5,0,-17.0091999278003,-1513.88011908387,11.6929681316869,0.15038390249499,3.126000807823,
50.169,0.296000000000006,90,90,2,89.5,0,-16.8531864158013,-1487.94999281585,11.458805102596,0.15322767975481,2.966019012236,
50.17,0.297000000000004,90,90,2,89.5,0,-16.6945906952243,-1462.07298375003,11.2248745927524,0.15595988351066,2.842402530496,
50.171,0.298000000000002,90,90,2,89.5,0,-16.5336805348808,-1436.50599896411,10.991669188314,0.15851538993355,2.712666607153,
50.172,0.299000000000007,90,90,2,89.5,0,-16.3707411112996,-1411.39870950859,10.7596512125076,0.16082460738486,2.534628931304,
50.173,0.300000000000004,90,90,2,89.5,0,-16.2059646674425,-1386.72579129179,10.5291187101519,0.16288175069266,2.307481899731,
50.174,0.301000000000002,90,90,2,89.5,0,-16.0394144016909,-1362.31513778006,10.3001919615024,0.16475748434268,2.078342653519,
50.175,0.302000000000007,90,90,2,89.5,0,-15.8711015953882,-1338.39815950793,10.0729096444597,0.16654688134858,1.904255554118,
50.176,0.303000000000004,90,90,2,89.5,0,-15.700972004032,-1314.94934482742,9.84720318114037,0.16832907965342,1.813138388818,
50.177,0.304000000000002,90,90,2,89.5,0,-15.5289426315204,-1291.62983735955,9.62299909058373,0.17015449018677,1.797321583711,
50.178,0.305000000000007,90,90,2,89.5,0,-15.3549657721528,-1268.33858905108,9.40031145713013,0.17204368422178,1.831581915295,
50.179,0.306000000000004,90,90,2,89.5,0,-15.1790439049881,-1245.30129148672,9.17920934654819,0.17397611564993,1.883030202454,
50.18,0.307000000000002,90,90,2,89.5,0,-15.0011774056461,-1222.5007479592,8.95973969163552,0.17592175447876,1.923422430412,
50.181,0.308000000000007,90,90,2,89.5,0,-14.82133392332,-1200.03739805775,8.7419008435117,0.17787620458404,1.944319991561,
50.182,0.309000000000005,90,90,2,89.5,0,-14.6394674219659,-1177.86228962421,8.52567069512685,0.17985729313927,1.95979825733,
50.183,0.310000000000002,90,90,2,89.5,0,-14.4555060207901,-1155.93738736797,8.31100616580531,0.18188806559221,1.988002189558,
50.184,0.311,90,90,2,89.5,0,-14.269303404734,-1134.35404620377,8.09777703757439,0.18400529569338,2.041804578096,
50.185,0.312000000000005,90,90,2,89.5,0,-14.0806658235806,-1112.89290280713,7.88581942321647,0.1862607411212,2.132757404696,
50.186,0.313000000000002,90,90,2,89.5,0,-13.8894458855572,-1091.1787504543,7.67508820074852,0.18868179868521,2.263664470682,
50.187,0.314,90,90,2,89.5,0,-13.6955574857051,-1069.36977324634,7.46563555271698,0.19124576951101,2.41424790169,
50.188,0.315000000000005,90,90,2,89.5,0,-13.4989218664413,-1047.47893824166,7.25751162408142,0.193912027127,2.55178288432,
50.189,0.316000000000003,90,90,2,89.5,0,-13.2994593048996,-1025.4355647182,7.05077720577273,0.19665953612366,2.659946993134,
50.19,0.317,90,90,2,89.5,0,-13.0971416382025,-1003.69230775516,6.84551299747827,0.19947101040495,2.742323167848,
50.191,0.318000000000005,90,90,2,89.5,0,-12.8920144340109,-982.319305635413,6.64182049260486,0.20230399639883,2.798738209678,
50.192,0.319000000000003,90,90,2,89.5,0,-12.6841535342842,-960.804552271869,6.43987075591232,0.20510445160378,2.816773243424,
50.193,0.32,90,90,2,89.5,0,-12.4736442676645,-938.802769494632,6.23992828382714,0.20783530113407,2.789332739231,
50.194,0.321000000000005,90,90,2,89.5,0,-12.2606162559606,-916.555360743706,6.04230665708548,0.21047038007706,2.723000056498,
50.195,0.322000000000003,90,90,2,89.5,0,-12.0452427013514,-894.585284272061,5.84727075777838,0.21297605105023,2.624987728234,
50.196,0.323,90,90,2,89.5,0,-11.8276795616705,-872.845983174714,5.65500680992039,0.21532676725912,2.498006934832,
50.197,0.324000000000005,90,90,2,89.5,0,-11.6080894311888,-851.240435903992,5.46571062905682,0.21751436139963,2.34826601766,
50.198,0.325000000000003,90,90,2,89.5,0,-11.3866627651686,-829.703314882188,5.27960774380477,0.21953299390301,2.185842269885,
50.199,0.326000000000001,90,90,2,89.5,0,-11.1635920801062,-808.238754644732,5.09691931403378,0.22136891107131,2.014506393995,
50.2,0.327000000000005,90,90,2,89.5,0,-10.9390189731658,-786.90490848496,4.91780612981117,0.22302820591314,1.837745070883,
50.201,0.328000000000003,90,90,2,89.5,0,-10.7130314164133,-765.630145446994,4.7423793280058,0.22454671532063,1.670045909469,
50.202,0.329000000000001,90,90,2,89.5,0,-10.4857335267698,-744.290560817561,4.57077843297432,0.22595632167617,1.528074122207,
50.203,0.330000000000005,90,90,2,89.5,0,-10.2572605949949,-722.95983388645,4.40316493331142,0.22725730241559,1.409689586289,
50.204,0.331000000000003,90,90,2,89.5,0,-10.0277361918879,-701.820691821632,4.23965398345058,0.2284358605351,1.296841638283,
50.205,0.332000000000001,90,90,2,89.5,0,-9.79729671442061,-680.620193595401,4.08036950581811,0.229483484015467,1.1760045137401,
50.206,0.333000000000006,90,90,2,89.5,0,-9.56611585294555,-659.38432231832,3.92547780663341,0.230387370361561,1.043782731828,
50.207,0.334000000000003,90,90,2,89.5,0,-9.33436640203218,-638.259124035807,3.77511372854644,0.231129023104221,0.8983374053457,
50.208,0.335000000000001,90,90,2,89.5,0,-9.10224501219769,-617.069077296227,3.62941946515065,0.231690455758214,0.7362567970901,
50.209,0.336000000000006,90,90,2,89.5,0,-8.86999897945388,-595.964346062747,3.48855836507028,0.232047201030953,0.5540924662169,
50.21,0.337000000000003,90,90,2,89.5,0,-8.63787975974316,-575.106938673872,3.35264428865094,0.232170595961087,0.3481463843337,
50.211,0.338000000000001,90,90,2,89.5,0,-8.40612159091725,-554.322221875508,3.22176707161719,0.232048948355204,0.1198872721104,
50.212,0.339000000000006,90,90,2,89.5,0,-8.17499292634588,-533.300649189716,3.0960766607439,0.231677632814991,-0.1230352253769,
50.213,0.340000000000003,90,90,2,89.5,0,-7.94481193149075,-512.112657294994,2.97575952328319,0.23103321493286,-0.3783458624894,
50.214,0.341000000000001,90,90,2,89.5,0,-7.7158940161775,-491.096297368221,2.86093327202065,0.230086371907438,-0.6532147225429,
50.215,0.342000000000006,90,90,2,89.5,0,-7.48851850676088,-470.218027733021,2.75164360483095,0.228834117406825,-0.947738924992,
50.216,0.343000000000004,90,90,2,89.5,0,-7.26295361833514,-449.351994679162,2.64793225007841,0.227295044888345,-1.2466764634158,
50.217,0.344000000000001,90,90,2,89.5,0,-7.03948955356271,-428.266912830635,2.54987410588177,0.225477827627011,-1.5364705359761,
50.218,0.345000000000006,90,90,2,89.5,0,-6.8184492482403,-407.006915643281,2.45755951484492,0.223367184033417,-1.8218017381558,
50.219,0.346000000000004,90,90,2,89.5,0,-6.60021817165093,-385.994891032363,2.37103069584086,0.220924664537504,-2.1221784646117,
50.22,0.347000000000001,90,90,2,89.5,0,-6.38521196462794,-365.313369514964,2.2902627261382,0.218106384339368,-2.4556849358842,
50.221,0.348000000000006,90,90,2,89.5,0,-6.17385059206324,-344.871483105856,2.2152099035259,0.214880217555417,-2.8279179632136,
50.222,0.349000000000004,90,90,2,89.5,0,-5.96660801274947,-324.536903280105,2.14584494322145,0.211219184926908,-3.2342605615739,
50.223,0.350000000000001,90,90,2,89.5,0,-5.76401637227052,-304.706192570591,2.08210524769723,0.207082935638603,-3.6731378730804,
50.224,0.351000000000006,90,90,2,89.5,0,-5.56658476757736,-285.373626020194,2.02385504495652,0.202438911393659,-4.1460167773579,
50.225,0.352000000000004,90,90,2,89.5,0,-5.3747152379924,-266.601920142519,1.97090140076421,0.197310992896437,-4.6368600336357,
50.226,0.353000000000002,90,90,2,89.5,0,-5.18869345379465,-248.45160983952,1.92299581246189,0.191783828501257,-5.102523990926,
50.227,0.354000000000006,90,90,2,89.5,0,-5.00871686020182,-231.169667643449,1.87983551059389,0.185962550632437,-5.4956246678846,
50.228,0.355000000000004,90,90,2,89.5,0,-4.83496305680947,-214.589316146283,1.841109351179,0.179923313714162,-5.7984315415645,
50.229,0.356000000000002,90,90,2,89.5,0,-4.66758101187525,-198.688409242012,1.80652171577836,0.173709112915055,-6.0263383676881,
50.23,0.357000000000006,90,90,2,89.5,0,-4.50668486832108,-183.534581917784,1.77577261315068,0.167347802057644,-6.2058446523486,
50.231,0.358000000000004,90,90,2,89.5,0,-4.3523865407821,-169.274282117329,1.7485537043199,0.160862569163628,-6.3543544509013,
50.232,0.359000000000002,90,90,2,89.5,0,-4.20478882875998,-156.027495833824,1.72454680524874,0.154267487688479,-6.4810108573744,
50.233,0.360000000000007,90,90,2,89.5,0,-4.06397468620296,-143.975070906394,1.70342450314851,0.147572825837648,-6.5920010135137,
50.234,0.361000000000004,90,90,2,89.5,0,-3.92995371280098,-133.289028944085,1.68484490087283,0.140811262650038,-6.6848581391601,
50.235,0.362000000000002,90,90,2,89.5,0,-3.80263694977661,-123.727599994525,1.66848363825289,0.134047661035206,-6.7421043147429,
50.236,0.363000000000007,90,90,2,89.5,0,-3.68185604062949,-114.985608197951,1.65406763909743,0.127367269974477,-6.7380269204345,
50.237,0.364000000000004,90,90,2,89.5,0,-3.56743592488663,-107.023360695911,1.64136649313903,0.120833427289018,-6.6613897143789,
50.238,0.365000000000002,90,90,2,89.5,0,-3.45920112491522,-99.9205967580202,1.63016722421887,0.114472759032706,-6.5258548692959,
50.239,0.366000000000007,90,90,2,89.5,0,-3.35695924042995,-93.6160072795082,1.62027345066204,0.108292520057003,-6.3584918008734,
50.24,0.367000000000004,90,90,2,89.5,0,-3.26048188402723,-88.0568841623901,1.61150979051388,0.102310400706347,-6.1749318723716,
50.241,0.368000000000002,90,90,2,89.5,0,-3.16950003452442,-83.0256077287057,1.60372708974899,0.096558062757512,-5.9726208176238,
50.242,0.369000000000007,90,90,2,89.5,0,-3.08375255072795,-78.3493486214898,1.59680834152158,0.091060191860881,-5.7449322537201,
50.243,0.370000000000005,90,90,2,89.5,0,-3.00300875595118,-73.9786789015958,1.59065857002506,0.085816686802462,-5.4979012608286,
50.244,0.371000000000002,90,90,2,89.5,0,-2.92705735045624,-70.0161537723516,1.58519026506227,0.080807184698131,-5.2496139236562,
50.245,0.372000000000007,90,90,2,89.5,0,-2.85571256098102,-66.6632305872285,1.58031458411091,0.076007137473573,-5.0168665266255,
50.246,0.373000000000005,90,90,2,89.5,0,-2.78878873443015,-63.5841783780249,1.57595625660775,0.071400485403831,-4.8048651420451,
50.247,0.374000000000002,90,90,2,89.5,0,-2.72607321173276,-60.8298927739591,1.57205490985615,0.066987624272131,-4.6065333347742,
50.248,0.375,90,90,2,89.5,0,-2.66733334037444,-58.2615274508093,1.56855720250419,0.062785318451713,-4.407831819728,
50.249,0.376000000000005,90,90,2,89.75,0,-2.61234611537411,-56.1187968312039,1.56541247419074,0.058806772852644,-4.1983443473979,
50.25,0.377000000000002,90,90,2,89.75,0,-2.56091504832821,-54.3321425440484,1.5625721693566,0.055046171521398,-3.9802903851268,
50.251,0.378,90,90,2,89.75,0,-2.51284878067399,-52.5937291313175,1.56000240557304,0.051488474614725,-3.765113284221,
50.252,0.379000000000005,90,90,2,89.75,0,-2.46794608170412,-50.9448075050458,1.55767782570186,0.048126636866419,-3.5598104865348,
50.253,0.380000000000003,90,90,2,89.75,0,-2.42600217142446,-49.5787023582408,1.5555696511625,0.044964132968112,-3.3607953408164,
50.254,0.381,90,90,2,89.75,0,-2.38681380657189,-48.5397833795203,1.55364709965357,0.042004883258596,-3.1613277966694,
50.255,0.382000000000005,90,90,2,89.75,0,-2.35018491095952,-47.4556041828423,1.55188899713843,0.039247187708637,-2.9597597182862,
50.256,0.383000000000003,90,90,2,89.75,0,-2.31592939592371,-46.3927183643247,1.55028158582638,0.036684722211462,-2.7595927819909,
50.257,0.384,90,90,2,89.75,0,-2.28388870337887,-45.3919356516078,1.54881116388654,0.03430308246149,-2.5667867888493,
50.258,0.385000000000005,90,90,2,89.75,0,-2.25392584380305,-44.5412492667861,1.54746383619107,0.032081789401426,-2.3877834671605,
50.259,0.386000000000003,90,90,2,89.75,0,-2.22591267432038,-43.9102327889929,1.54622493301216,0.03000130243858,-2.227155237871,
50.26,0.387,90,90,2,89.75,0,-2.19972280010006,-43.3050348798516,1.545082854567,0.028051087931907,-2.0836470551595,
50.261,0.388000000000005,90,90,2,89.75,0,-2.17522840542964,-42.8629892534774,1.54402753777146,0.026228218934055,-1.9510925908786,
50.262,0.389000000000003,90,90,2,89.75,0,-2.15232023789678,-42.3955071188115,1.54305097981222,0.024527170394122,-1.8245265131226,
50.263,0.390000000000001,90,90,2,89.75,0,-2.13091486999268,-41.9541126376973,1.5421482124905,0.0229331957855,-1.7054724979154,
50.264,0.391000000000005,90,90,2,89.75,0,-2.1109376655033,-41.5619110482131,1.54131400414886,0.021427758768312,-1.5995355105851,
50.265,0.392000000000003,90,90,2,89.75,0,-2.09230294108557,-41.1047454733958,1.54054376896744,0.020002909492301,-1.5078219722651,
50.266,0.393000000000001,90,90,2,89.75,0,-2.07490317678275,-40.6148877381719,1.53983281778903,0.018666980404752,-1.4223495418255,
50.267,0.394000000000005,90,90,2,89.75,0,-2.05860908145861,-40.2621097032973,1.53917390903612,0.017438551643689,-1.3303550461418,
50.268,0.395000000000003,90,90,2,89.75,0,-2.04330093494329,-40.0927382224538,1.53855886714348,0.016330011375098,-1.2247123112672,
50.269,0.396000000000001,90,90,2,89.75,0,-2.02888480505357,-39.9221048376997,1.53798211495814,0.015336326170286,-1.1100502971989,
50.27,0.397000000000006,90,90,2,89.75,0,-2.01528829666949,-39.748932664617,1.53744049099345,0.014437848425708,-0.9995794858755,
50.271,0.398000000000003,90,90,2,89.75,0,-2.00245375028721,-39.5677748864707,1.53693149401246,0.013613806235232,-0.9047093164176,
50.272,0.399000000000001,90,90,2,89.75,0,-1.9903482771489,-39.3300488363523,1.5364539462696,0.012844413009629,-0.8299781672447,
50.273,0.400000000000006,90,90,2,89.75,0,-1.97893709148941,-39.1411046521645,1.53600622181892,0.012115908867855,-0.7735211899162,
50.274,0.401000000000003,90,90,2,89.75,0,-1.96818116580175,-38.8949702277774,1.53558654670775,0.011422893911587,-0.7301241112709,
50.275,0.402000000000001,90,90,2,89.75,0,-1.9580527611117,-38.687148398919,1.53519365516067,0.010764247379926,-0.6933511845377,
50.276,0.403000000000006,90,90,2,89.75,0,-1.94851024824031,-38.6462432476033,1.53482467771809,0.010140893443735,-0.6583692804021,
50.277,0.404000000000003,90,90,2,89.75,0,-1.93950410242722,-38.7560892100355,1.53447612937191,0.009557370299498,-0.6219924772458,
50.278,0.405000000000001,90,90,2,89.75,0,-1.9309870532905,-38.6244886234425,1.53414660228009,0.009020326927669,-0.5815284501008,
50.279,0.406000000000006,90,90,2,89.75,0,-1.92290116380265,-38.2864507522847,1.53383565560199,0.00853443024497,-0.5356432968124,
50.28,0.407000000000004,90,90,2,89.75,0,-1.91519049801677,-38.0030149798704,1.53354153431536,0.00810267027192,-0.4849996765433,
50.281,0.408000000000001,90,90,2,89.75,0,-1.90782240759672,-37.926103796167,1.53326180800903,0.007720460286722,-0.4331359895891,
50.282,0.409000000000006,90,90,2,89.75,0,-1.9007991508971,-37.9494670793919,1.53299536120329,0.00736741291367,-0.3883261979098,
50.283,0.410000000000004,90,90,2,89.75,0,-1.89411911872588,-37.8686516530759,1.53274212746715,0.007023739457229,-0.3589839817125,
50.284,0.411000000000001,90,90,2,89.75,0,-1.88774785193483,-37.7301990484953,1.5325012972437,0.006690369915689,-0.343394456954,
50.285,0.412000000000006,90,90,2,89.75,0,-1.88164646110053,-37.7799061301094,1.53227093891189,0.006382933618076,-0.3286807428322,
50.286,0.413000000000004,90,90,2,89.75,0,-1.87578147756843,-37.914779928426,1.5320489648683,0.006111431430665,-0.3044360377305,
50.287,0.414000000000001,90,90,2,89.75,0,-1.8701306481259,-37.8977407331861,1.53183476305637,0.005871659495889,-0.2727633446811,
50.288,0.415000000000006,90,90,2,89.75,0,-1.86468376282275,-37.9378508476479,1.53162822917176,0.005653892427587,-0.2426895506243,
50.289,0.416000000000004,90,90,2,89.75,0,-1.85942318059741,-38.0505968023608,1.53142835743324,0.005452177621621,-0.2195528495434,
50.29,0.417000000000002,90,90,2,89.75,0,-1.85432321767317,-38.0124743506583,1.53123439801186,0.005268287358353,-0.2011831218574,
50.291,0.418000000000006,90,90,2,89.75,0,-1.84936138046583,-37.9262956686085,1.53104600010457,0.0051067109995,-0.1825434547529,
50.292,0.419000000000004,90,90,2,89.75,0,-1.84452569659087,-37.8740085618144,1.53086272695012,0.004965428922696,-0.1621822455628,
50.293,0.420000000000002,90,90,2,89.75,0,-1.83981896364978,-37.8100439977805,1.53068461463846,0.004834844594513,-0.1441610368324,
50.294,0.421000000000006,90,90,2,89.75,0,-1.83523759126792,-37.7888255401803,1.53051144135196,0.004707810053482,-0.1327287166237,
50.295,0.422000000000004,90,90,2,89.75,0,-1.83076387236306,-37.6448843500475,1.53034270674496,0.004586684506529,-0.1263267789532,
50.296,0.423000000000002,90,90,2,89.75,0,-1.82638980737249,-37.4748560710056,1.53017841743161,0.004476118773673,-0.1197303009473,
50.297,0.424000000000007,90,90,2,89.75,0,-1.82210702795002,-37.497689087474,1.53001787199477,0.004376575494427,-0.1104269410021,
50.298,0.425000000000004,90,90,2,89.75,0,-1.81790682977612,-37.5085784167048,1.52986035140088,0.004285390718329,-0.1003424643846,
50.299,0.426000000000002,90,90,2,89.75,0,-1.81378070518574,-37.4599414440173,1.52970568667425,0.004202750473415,-0.0911289676872,
50.3,0.427000000000007,90,90,2,89.75,0,-1.8097243907607,-37.2553201793651,1.5295541523775,0.004127403615834,-0.0830155880693,
50.301,0.428000000000004,90,90,2,89.75,0,-1.80574202477289,-36.9999968181264,1.52940629645309,0.004055072943473,-0.0766300182149,
50.302,0.429000000000002,90,90,2,89.75,0,-1.8018357362049,-36.9325930416897,1.5292618954378,0.003981727293033,-0.0735400213507,
50.303,0.430000000000007,90,90,2,89.75,0,-1.79799397855428,-37.0471213908033,1.52911978937084,0.003909752518725,-0.0726298941767,
50.304,0.431000000000004,90,90,2,89.75,0,-1.79420593802539,-37.0612898350639,1.5289794265382,0.003845001789312,-0.0702188236791,
50.305,0.432000000000002,90,90,2,89.75,0,-1.7904678896293,-36.9487509494249,1.52884109998107,0.003789158025569,-0.0642458531805,
50.306,0.433000000000007,90,90,2,89.75,0,-1.78677392402829,-36.8756220707256,1.52870474763384,0.003739821197406,-0.05656377277,
50.307,0.434000000000005,90,90,2,89.75,0,-1.78310809410353,-36.8595488703107,1.52856959733577,0.003698749736659,-0.0488092986122,
50.308,0.435000000000002,90,90,2,89.75,0,-1.77946509191522,-36.814166974813,1.52843540058174,0.0036674223067,-0.0406278617354,
50.309,0.436,90,90,2,89.75,0,-1.77583372647914,-36.6312086323264,1.52830204708252,0.003646359483576,-0.0311712571449,
50.31,0.437000000000005,90,90,2,89.75,0,-1.77220805376685,-36.4345600323364,1.5281695908007,0.003633148644612,-0.0217866099265,
50.311,0.438000000000002,90,90,2,89.75,0,-1.76858566043671,-36.3981906920405,1.52803767636547,0.003626396714782,-0.0136287614718,
50.312,0.439,90,90,2,89.75,0,-1.76495867594712,-36.4212071739504,1.52790561895216,0.00362475449262,-0.0071566902698,
50.313,0.440000000000005,90,90,2,89.75,0,-1.76135103277,-36.4309091042285,1.52777420673203,0.003619804748014,-0.0041673911956,
50.314,0.441000000000003,90,90,2,89.75,0,-1.75779558024061,-36.273128233323,1.52764495885532,0.003597788376542,-0.0090774759326,
50.315,0.442,90,90,2,89.75,0,-1.75430812859899,-36.0236841582631,1.52751889303678,0.003550709457378,-0.0244151477198,
50.316,0.443000000000005,90,90,2,89.75,0,-1.75088776335159,-35.8490142743913,1.5273959775968,0.003487725989685,-0.0443315194151,
50.317,0.444000000000003,90,90,2,89.75,0,-1.74752278962292,-35.7969310908092,1.52727543423484,0.003423873710047,-0.0584727467178,
50.318,0.445,90,90,2,89.75,0,-1.74420786153584,-35.8378628563211,1.52715670213959,0.003366577491812,-0.0616248176336,
50.319,0.446000000000005,90,90,2,89.75,0,-1.74091708852712,-35.7722828866467,1.52703887577221,0.003322695256049,-0.0552388419143,
50.32,0.447000000000003,90,90,2,89.75,0,-1.73760437746635,-35.7321751548629,1.52692043896769,0.003304600947843,-0.0401700522375,
50.321,0.448,90,90,2,89.75,0,-1.73424634212861,-35.63333505599,1.52680061501511,0.003319726928246,-0.0158645998904,
50.322,0.449000000000005,90,90,2,89.75,0,-1.73086072727273,-35.431741044616,1.52668031552642,0.003352711910091,0.0105175942529,
50.323,0.450000000000003,90,90,2,89.75,0,-1.7274824716345,-35.2342779634987,1.52656095158784,0.003375133235143,0.0244581843745,
50.324,0.451000000000001,90,90,2,89.75,0,-1.72414111843077,-35.1998590800599,1.5264432789231,0.003369392673175,0.0171418559839,
50.325,0.452000000000005,90,90,2,89.75,0,-1.7208483759814,-35.2212638309859,1.52632733961272,0.003337840707772,-0.0050354168925,
50.326,0.453000000000003,90,90,2,89.75,0,-1.71760962181985,-35.0867916220869,1.52621348435912,0.003291129189332,-0.0283564102836,
50.327,0.454000000000001,90,90,2,89.75,0,-1.71443837509198,-34.7696811246954,1.5261027183038,0.003234698417792,-0.0450794284589,
50.328,0.455000000000005,90,90,2,89.75,0,-1.7113191187257,-34.5309154759054,1.52599463514025,0.003175901849497,-0.0542247346365,
50.329,0.456000000000003,90,90,2,89.75,0,-1.70821940889301,-34.5956420673848,1.52588749900519,0.00312898951468,-0.0545215592251,
50.33,0.457000000000001,90,90,2,89.75,0,-1.70512472147078,-34.8011153135517,1.52578011836908,0.003104067069629,-0.0438806379306,
50.331,0.458000000000006,90,90,2,89.75,0,-1.70203661314102,-34.9063369701083,1.52567248628705,0.003094220417627,-0.0269966740661,
50.332,0.459000000000003,90,90,2,89.75,0,-1.69896150764368,-34.8469601992102,1.52556523691325,0.003086181207775,-0.0138271572717,
50.333,0.460000000000001,90,90,2,89.75,0,-1.69589812517312,-34.5915992090416,1.52545887848041,0.003075489439032,-0.0093772101643,
50.334,0.461000000000006,90,90,2,89.75,0,-1.69283971626685,-34.3428301896667,1.525353463644,0.003065407309307,-0.0097131093703,
50.335,0.462000000000003,90,90,2,89.75,0,-1.68979136109202,-34.2656948569429,1.52524889206782,0.003056884856125,-0.0097971184675,
50.336,0.463000000000001,90,90,2,89.75,0,-1.68675681770709,-34.3379688057079,1.52514480167093,0.003047227757292,-0.0093307498402,
50.337,0.464000000000006,90,90,2,89.75,0,-1.68373810922132,-34.4552790768562,1.52504096829037,0.003033936452152,-0.0104069670298,
50.338,0.465000000000003,90,90,2,89.75,0,-1.68074261496713,-34.5970623794034,1.52493754534433,0.003016494686044,-0.0134461815383,
50.339,0.466000000000001,90,90,2,89.75,0,-1.67776736045045,-34.6107768134024,1.52483458987626,0.002996386602411,-0.0169965230751,
50.34,0.467000000000006,90,90,2,89.75,0,-1.67480056756428,-34.4659476310345,1.52473212170892,0.00297878794878,-0.0185553593749,
50.341,0.468000000000004,90,90,2,89.75,0,-1.67183459535193,-34.325948742073,1.52463010428238,0.002969085173177,-0.0159827192232,
50.342,0.469000000000001,90,90,2,89.75,0,-1.66887895201502,-34.1545672618161,1.52452890229196,0.002963119751864,-0.0109503327244,
50.343,0.470000000000006,90,90,2,89.75,0,-1.66594968448496,-34.0835840280432,1.52442895839152,0.002950829257487,-0.0089841495192,
50.344,0.471000000000004,90,90,2,89.75,0,-1.66306319743934,-34.1345050803065,1.52433050307627,0.002924346126783,-0.0146507633559,
50.345,0.472000000000001,90,90,2,89.75,0,-1.6602001771248,-34.2081430058307,1.52423266988137,0.002892281171628,-0.0238998871412,
50.346,0.473000000000006,90,90,2,89.75,0,-1.65732950243362,-34.0580420617935,1.52413468487651,0.002872356646856,-0.0267482787048,
50.347,0.474000000000004,90,90,2,89.75,0,-1.65444296272317,-33.792189190256,1.52403675868308,0.002873137883969,-0.0173549253214,
50.348,0.475000000000001,90,90,2,89.75,0,-1.65155034210923,-33.7616167923793,1.52393905491721,0.002883604475716,-0.0025248850623,
50.349,0.476000000000006,90,90,2,89.75,0,-1.6486779247769,-33.7985691722656,1.52384202439265,0.00288473535841,0.0047602726409,
50.35,0.477000000000004,90,90,2,89.75,0,-1.645829501044,-33.7473579760809,1.52374582468167,0.002871280236984,-0.0004442058261,
50.351,0.478000000000002,90,90,2,89.75,0,-1.64298444871461,-33.5082476377392,1.52365015182295,0.002854610391676,-0.0100437373546,
50.352,0.479000000000006,90,90,2,89.75,0,-1.6401351457666,-33.3330705083257,1.52355492624054,0.002847338936029,-0.0128859112451,
50.353,0.480000000000004,90,90,2,89.75,0,-1.63727853776384,-33.3419769548511,1.52345969400346,0.002850219278849,-0.0070454330052,
50.354,0.481000000000002,90,90,2,89.75,0,-1.63441096568558,-33.3949051765799,1.52336400759356,0.002857705708985,0.0012166294747,
50.355,0.482000000000006,90,90,2,89.75,0,-1.63155515160336,-33.3041480267537,1.52326876754586,0.002860755456798,0.0047735992443,
50.356,0.483000000000004,90,90,2,89.75,0,-1.62873397953987,-33.0049032812338,1.5231752329243,0.002848948875413,-7.61462495E-05,
50.357,0.484000000000002,90,90,2,89.75,0,-1.62595843479626,-32.9069384776454,1.52308376229132,0.002817876473145,-0.0131294288905,
50.358,0.485000000000007,90,90,2,89.75,0,-1.62322647960577,-32.9626126759692,1.52299378596024,0.002776156073638,-0.0284870551748,
50.359,0.486000000000004,90,90,2,89.75,0,-1.6205228681329,-33.0388292828918,1.52290456483237,0.00273652894114,-0.0378980202326,
50.36,0.487000000000002,90,90,2,89.75,0,-1.61783917360788,-32.9038633646965,1.52281607981075,0.002706139503801,-0.037483804053,
50.361,0.488000000000007,90,90,2,89.75,0,-1.61517756238615,-32.7395603238756,1.52272872117419,0.002683044618388,-0.0309723803089,
50.362,0.489000000000004,90,90,2,89.75,0,-1.61252281638342,-32.6531104951018,1.52264192070845,0.002666176647017,-0.0234151767782,
50.363,0.490000000000002,90,90,2,89.75,0,-1.60986639257349,-32.5237534628809,1.52255535202181,0.00265730891059,-0.0163359751004,
50.364,0.491000000000007,90,90,2,89.75,0,-1.60721607811649,-32.4027224125936,1.52246931423298,0.002654087661894,-0.0095738605909,
50.365,0.492000000000004,90,90,2,89.75,0,-1.60457885111302,-32.1661403957289,1.52238417285869,0.002648221026821,-0.0057088109284,
50.366,0.493000000000002,90,90,2,89.75,0,-1.6019637580625,-32.0255713587994,1.52230023920905,0.002634513053643,-0.0074254205914,
50.367,0.494000000000007,90,90,2,89.75,0,-1.59937614067263,-31.9088051183335,1.52221752035686,0.002613490538207,-0.0135499344239,
50.368,0.495000000000005,90,90,2,89.75,0,-1.59681799045651,-31.9724382106795,1.52213581144863,0.00258701993594,-0.0204625788079,
50.369,0.496000000000002,90,90,2,89.75,0,-1.59429578606364,-31.9964989394046,1.52205514008151,0.00255620662127,-0.0261389899386,
50.37,0.497000000000007,90,90,2,89.75,0,-1.59179846471111,-31.9768858260156,1.52197525903162,0.002525523227743,-0.0294715246062,
50.371,0.498000000000005,90,90,2,89.75,0,-1.58930017817844,-31.8515636240212,1.52189552815378,0.002505075818674,-0.0276515745325,
50.372,0.499000000000002,90,90,2,89.75,0,-1.58679167116913,-31.7403414416895,1.52181576778398,0.00250106312162,-0.0185877908019,
50.373,0.5,90,90,2,89.75,0,-1.58430021733471,-31.6723162897184,1.52173677292936,0.002500324913851,-0.007960763873,
50.374,0.501000000000005,90,90,2,90,0,-1.58186009253279,-31.6122733556979,1.52165956178098,0.002481171077137,-0.007245243238,
50.375,0.000999999999997669,91,91,2,90,0,-1.57947144948467,-31.6250669520754,-7.55257166531464E-05,0.00244007898553,-0.0202106244984,
50.376,0.00199999999999534,91,91,2,90,0,-1.57711115367055,-31.6614374139507,-0.000150213152323886,0.00239558340406,-0.035531662098,
50.377,0.00300000000000011,91,91,2,90,0,-1.57477069144616,-31.5621130372076,-0.000224199318097362,0.002362849907401,-0.0399459090678,
50.378,0.00399999999999778,91,91,2,90,0,-1.57245851772481,-31.5204911222093,-0.000297128287911619,0.002337925750397,-0.0339193202058,
50.379,0.00499999999999545,91,91,2,90,0,-1.57016933459067,-31.5452268844436,-0.000369312776911102,0.002313763096099,-0.0270385080887,
50.38,0.00600000000000023,91,91,2,90,0,-1.56789985210897,-31.5334283636284,-0.000440890728441445,0.002290170114571,-0.0242202032788,
50.381,0.0069999999999979,91,91,2,90,0,-1.56564245878397,-31.3810318508495,-0.000511902069717962,0.002271765930422,-0.0222072441453,
50.382,0.00799999999999557,91,91,2,90,0,-1.56339314696801,-31.245944802229,-0.00058233586901224,0.002258595619298,-0.0183906614552,
50.383,0.00900000000000034,91,91,2,90,0,-1.56116150619665,-31.120920035116,-0.000651926088181654,0.002246434955292,-0.0144375788961,
50.384,0.00999999999999801,91,91,2,90,0,-1.55895969844884,-30.9474966333253,-0.000720257448534767,0.002227992177675,-0.0143481922247,
50.385,0.0109999999999957,91,91,2,90,0,-1.5567866452637,-31.0180002750219,-0.000787584608758607,0.002202131286074,-0.0187835777289,
50.386,0.0120000000000005,91,91,2,90,0,-1.55462349791184,-31.2051923065334,-0.000854883575897247,0.002178707803957,-0.0229042345606,
50.387,0.0129999999999981,91,91,2,90,0,-1.55246061978228,-31.3441701239996,-0.000922526899898912,0.002166038335154,-0.020928500968,
50.388,0.0139999999999958,91,91,2,90,0,-1.55030543138968,-31.3717516355101,-0.000990109213205415,0.002160651975162,-0.0137107401539,
50.389,0.0150000000000006,91,91,2,90,0,-1.54816366522158,-31.2002331566091,-0.00105711649325713,0.002153468646338,-0.0081103832849,
50.39,0.0159999999999982,91,91,2,90,0,-1.54603412537178,-31.0149336404256,-0.00112336133173585,0.00214212493996,-0.0078923514406,
50.391,0.0169999999999959,91,91,2,90,0,-1.54391032651947,-30.9714870593823,-0.00118918467632056,0.002131485446043,-0.0098843293735,
50.392,0.0180000000000007,91,91,2,90,0,-1.54178353763536,-31.0020232323455,-0.00125508696271481,0.002126418161097,-0.009179094964,
50.393,0.0189999999999984,91,91,2,90,0,-1.53965565122501,-30.915131099878,-0.00132096329835463,0.002126221132442,-0.00527787075,
50.394,0.019999999999996,91,91,2,90,0,-1.53753404361736,-30.8142729781958,-0.00138644608500726,0.002125673511668,-0.001763283178,
50.395,0.0210000000000008,91,91,2,90,0,-1.53542444210904,-30.8007349829722,-0.00145143764186173,0.002119889418661,-0.0020133848082,
50.396,0.0219999999999985,91,91,2,90,0,-1.5333113603024,-30.9602681850044,-0.00151669066792692,0.002114247427615,-0.0041705207488,
50.397,0.0229999999999961,91,91,2,90,0,-1.53116765351705,-31.0046612575469,-0.00158310798778416,0.002121225210757,-0.0018986893779,
50.398,0.0240000000000009,91,91,2,90,0,-1.52899649898274,-30.809750738151,-0.00165021230822049,0.002142753616425,0.0075570376434,
50.399,0.0249999999999986,91,91,2,90,0,-1.52683205160437,-30.4708573691265,-0.00171653163400265,0.00216090806284,0.0161510311343,
50.4,0.0259999999999962,91,91,2,90,0,-1.52470128739671,-30.2087538105865,-0.00178117860582461,0.002156354573939,0.0123542535961,
50.401,0.027000000000001,91,91,2,90,0,-1.52260793199855,-30.2526555783961,-0.00184446221467738,0.002129646516023,-0.0043874790107,
50.402,0.0279999999999987,91,91,2,90,0,-1.52053494970071,-30.390067407594,-0.00190731786028664,0.002098466110914,-0.0214033913694,
50.403,0.0289999999999964,91,91,2,90,0,-1.51846490849676,-30.3878689749451,-0.00197022427659022,0.002078211899769,-0.0265608427619,
50.404,0.0300000000000011,91,91,2,90,0,-1.51639314093816,-30.2926777051142,-0.00203308227062848,0.002071441438512,-0.0194869443678,
50.405,0.0309999999999988,91,91,2,90,0,-1.51433401910062,-30.2561128858988,-0.00209542093909931,0.002067455935887,-0.0099800986338,
50.406,0.0319999999999965,91,91,2,90,0,-1.51231522197605,-30.1690453961772,-0.00215641400700406,0.002050818139967,-0.0086166782031,
50.407,0.0330000000000013,91,91,2,90,0,-1.51034876849255,-30.1254611768017,-0.00221569717825787,0.00201519144614,-0.0185387773036,
50.408,0.0339999999999989,91,91,2,90,0,-1.5084088257291,-30.0939880461643,-0.00227410832061992,0.001974203359806,-0.031538442207,
50.409,0.0349999999999966,91,91,2,90,0,-1.50646364275964,-29.9709289892645,-0.00233252694746966,0.001949468041268,-0.0345038382431,
50.41,0.0360000000000014,91,91,2,90,0,-1.50449733718681,-29.7496789379076,-0.00239124142956371,0.001949947688668,-0.0220466590954,
50.411,0.036999999999999,91,91,2,90,0,-1.50252096988874,-29.5643798529593,-0.00244985461262104,0.001962987309391,-0.0033168503845,
50.412,0.0379999999999967,91,91,2,90,0,-1.50056104181323,-29.4176337752325,-0.00250765486484283,0.00196841701373,0.0069886538109,
50.413,0.0390000000000015,91,91,2,90,0,-1.49863541436171,-29.4184793897444,-0.00256430308218114,0.001954569655081,0.0019295603578,
50.414,0.0399999999999991,91,91,2,90,0,-1.49675009437197,-29.5720475977585,-0.00261991109204018,0.001923825400183,-0.0131333086273,
50.415,0.0409999999999968,91,91,2,90,0,-1.4948998034151,-29.6092592522977,-0.00267466241047032,0.001886903518413,-0.0275284740849,
50.416,0.0420000000000016,91,91,2,90,0,-1.49306751916863,-29.5610382480195,-0.00272887081246154,0.001855397653611,-0.033443788618,
50.417,0.0429999999999993,91,91,2,90,0,-1.49124280991079,-29.4553455584828,-0.00278271468340563,0.001835413763001,-0.0296740776348,
50.418,0.0439999999999969,91,91,2,90,0,-1.48941576425018,-29.2891004373736,-0.00283637907597267,0.00182768267526,-0.0197646420069,
50.419,0.0450000000000017,91,91,2,90,0,-1.48758000913706,-29.0634246232235,-0.00288993954910666,0.001828957575532,-0.0087051321978,
50.42,0.0459999999999994,91,91,2,90,0,-1.48574313227686,-28.9733381204541,-0.00294324274236146,0.001833478801491,-0.0004529984258,
50.421,0.046999999999997,91,91,2,90,0,-1.48389896403802,-28.9510610192689,-0.00299665391094095,0.001838727749668,0.0037656449183,
50.422,0.0480000000000018,91,91,2,90,0,-1.48205398172917,-28.8712508170951,-0.00304999448212584,0.001842225046251,0.0045051360334,
50.423,0.0489999999999995,91,91,2,90,0,-1.48023793931511,-28.7802106414991,-0.00310234323174541,0.00183605611941,0.001122925034,
50.424,0.0499999999999972,91,91,2,90,0,-1.47847647420708,-28.6797519863965,-0.00315295009139049,0.001808351190688,-0.0097298603781,
50.425,0.0510000000000019,91,91,2,90,0,-1.47677796165732,-28.7593587192588,-0.00320173061658124,0.001758952532358,-0.0277522470401,
50.426,0.0519999999999996,91,91,2,90,0,-1.47511969474906,-28.9182954852875,-0.00324955308923336,0.001705324624791,-0.0441593142187,
50.427,0.0529999999999973,91,91,2,90,0,-1.47346292560859,-28.984250219976,-0.00329751866468087,0.001669891270373,-0.0469007668512,
50.428,0.054000000000002,91,91,2,90,0,-1.47179789688369,-28.8362816033942,-0.00334565508785545,0.001659696346136,-0.0333201913084,
50.429,0.0549999999999997,91,91,2,90,0,-1.47014572398208,-28.5660252234527,-0.0033930743557562,0.001658694102584,-0.0150086490858,
50.43,0.0559999999999974,91,91,2,90,0,-1.46853980011636,-28.4107984868168,-0.00343882457625,0.00164215493783,-0.0084211241181,
50.431,0.0570000000000022,91,91,2,90,0,-1.46699199621266,-28.3817223469612,-0.00348277641896289,0.001602362587881,-0.0188540439519,
50.432,0.0579999999999998,91,91,2,90,0,-1.46547605613022,-28.4170458368312,-0.00352582818362635,0.001555680745928,-0.0348832419917,
50.433,0.0589999999999975,91,91,2,90,0,-1.46396954297916,-28.5436809047534,-0.00356873422558124,0.001522671149404,-0.0405133207231,
50.434,0.0599999999999952,91,91,2,90,0,-1.46247589887019,-28.6467311243269,-0.00361144528659452,0.001505480517847,-0.0323655806626,
50.435,0.0609999999999999,91,91,2,90,0,-1.46099972787154,-28.7242334500652,-0.00365378996363575,0.001492262888501,-0.0207444203838,
50.436,0.0619999999999976,91,91,2,90,0,-1.45952756356329,-28.7644628452959,-0.00369610636704465,0.001480210924626,-0.014059830368,
50.437,0.0629999999999953,91,91,2,90,0,-1.45803235321175,-28.7902719933994,-0.00373913458469133,0.001480280128357,-0.0087653132345,
50.438,0.0640000000000001,91,91,2,90,0,-1.45649724012662,-28.8182304307024,-0.00378335236763405,0.00150026735863,0.0024082614118,
50.439,0.0649999999999977,91,91,2,90,0,-1.45493568995329,-28.7173900751817,-0.00382827474672354,0.001531073391513,0.0172574630934,
50.44,0.0659999999999954,91,91,2,90,0,-1.45337092237253,-28.641365609996,-0.00387315130740262,0.001554584269099,0.0253718455109,
50.441,0.0670000000000002,91,91,2,90,0,-1.45181581642526,-28.5292444891464,-0.00391760448528089,0.001560903868484,0.0205420407148,
50.442,0.0679999999999978,91,91,2,90,0,-1.45028030102995,-28.4059636531812,-0.00396131692960466,0.001552127271729,0.0069481240033,
50.443,0.0689999999999955,91,91,2,90,0,-1.44875868882057,-28.3290581320181,-0.00400448128053199,0.001537221605119,-0.0060864588695,
50.444,0.0700000000000003,91,91,2,90,0,-1.44723473813629,-28.2788504107816,-0.0040476151110056,0.001526484707629,-0.0118163149175,
50.445,0.070999999999998,91,91,2,90,0,-1.445698573807,-28.2595165108534,-0.00409104122226722,0.001526913235313,-0.0086379006738,
50.446,0.0719999999999956,91,91,2,90,0,-1.44415092483274,-28.2933951095299,-0.00413480325011051,0.001535945629278,-0.0003399399839,
50.447,0.0730000000000004,91,91,2,90,0,-1.4426028865372,-28.2864109620613,-0.0041785971033903,0.001544320377153,0.0062539402537,
50.448,0.0739999999999981,91,91,2,90,0,-1.44105621759483,-28.2875342579645,-0.0042223476854133,0.001547510693205,0.0070167121551,
50.449,0.0749999999999957,91,91,2,90,0,-1.43950911484596,-28.1188239470633,-0.00426598090132302,0.001547209890271,0.0036983099031,
50.45,0.0760000000000005,91,91,2,90,0,-1.43796988495568,-27.8837775761094,-0.00430908134040919,0.001544610749343,5.70313636E-05,
50.451,0.0769999999999982,91,91,2,90,0,-1.43645100834137,-27.8012452344973,-0.00435137067987057,0.001535485765066,-0.0038673925345,
50.452,0.0779999999999959,91,91,2,90,0,-1.43496052633329,-27.8192316438294,-0.00439282133990559,0.001516464215232,-0.0101362009394,
50.453,0.0790000000000006,91,91,2,90,0,-1.43349156366648,-27.8409263870954,-0.00443370268698118,0.001492544587568,-0.0175220035159,
50.454,0.0799999999999983,91,91,2,90,0,-1.43202251374951,-27.8425013521944,-0.00447460355442786,0.001475444644239,-0.0204042990145,
50.455,0.080999999999996,91,91,2,90,0,-1.43055140748128,-27.7568519648026,-0.00451549983301902,0.0014696406473,-0.0157570647125,
50.456,0.0820000000000007,91,91,2,90,0,-1.42909181297767,-27.6205234261557,-0.00455591408939426,0.001467035833466,-0.0082330259245,
50.457,0.0829999999999984,91,91,2,90,0,-1.42765795641699,-27.5212773530218,-0.00459544680580848,0.001455326650117,-0.00629587962,
50.458,0.0839999999999961,91,91,2,90,0,-1.42626133930106,-27.5068329192733,-0.00463387340613508,0.001430406110134,-0.0129412794847,
50.459,0.0850000000000009,91,91,2,90,0,-1.42490662374797,-27.6223887602362,-0.00467121561314343,0.001395218480503,-0.0240372598872,
50.46,0.0859999999999985,91,91,2,90,0,-1.42359463261936,-27.6277088979299,-0.00470745943212592,0.001354468694598,-0.0337761496188,
50.461,0.0869999999999962,91,91,2,90,0,-1.42231350082413,-27.546061303109,-0.00474280186776355,0.00131555065594,-0.0385316148487,
50.462,0.088000000000001,91,91,2,90,0,-1.42104930216078,-27.4739053242536,-0.00477757995190586,0.00128530965568,-0.0368644513127,
50.463,0.0889999999999986,91,91,2,90,0,-1.41980192544649,-27.4584789151859,-0.00481184064040008,0.001264232018196,-0.0300951029466,
50.464,0.0899999999999963,91,91,2,90,0,-1.41856875492761,-27.4364542971097,-0.0048456880470269,0.001248161440385,-0.0223245284149,
50.465,0.0910000000000011,91,91,2,90,0,-1.41735030265494,-27.4136565218717,-0.00487910416811133,0.00123301690364,-0.0172948833931,
50.466,0.0919999999999987,91,91,2,90,0,-1.41614216314483,-27.4442742761182,-0.00491224218492903,0.001219773917765,-0.0148518838038,
50.467,0.0929999999999964,91,91,2,90,0,-1.41493300800897,-27.399277729247,-0.00494539936622118,0.001211538026603,-0.0123113227221,
50.468,0.0940000000000012,91,91,2,90,0,-1.41372649241662,-27.3461527536242,-0.00497842497395595,0.001208058585082,-0.0083110846836,
50.469,0.0949999999999989,91,91,2,90,0,-1.4125249426263,-27.2553080352466,-0.00501122816083921,0.001205817714794,-0.0045348050434,
50.47,0.0959999999999965,91,91,2,90,0,-1.41132559706081,-27.1594812935837,-0.00504385922897654,0.00120237826348,-0.0029720159657,
50.471,0.0970000000000013,91,91,2,90,0,-1.41012537462591,-27.2366178405253,-0.005076502938266,0.001200269893762,-0.0026805525274,
50.472,0.097999999999999,91,91,2,90,0,-1.40891728786775,-27.2829866828549,-0.00510943514441919,0.001202318671055,-0.0012605500935,
50.473,0.0989999999999966,91,91,2,90,0,-1.40769787353248,-27.233741044425,-0.00514267438407501,0.001209125734315,0.0022291189798,
50.474,0.100000000000001,91,91,2,90,0,-1.40646332299258,-27.0492601846885,-0.00517618193831026,0.001220556923526,0.0067668152552,
50.475,0.100999999999999,91,91,2,90,0,-1.40521786973918,-26.9208181777087,-0.00520979054314807,0.001233280492561,0.0104316653729,
50.476,0.101999999999997,91,91,2,90,0,-1.40397242405178,-26.885953186836,-0.00524329724882477,0.00124218016955,0.011188687474,
50.477,0.103000000000002,91,91,2,90,0,-1.40273183295487,-26.8465000645124,-0.0052766272503959,0.001243991580053,0.007920364657,
50.478,0.103999999999999,91,91,2,90,0,-1.40150512798731,-26.7965770220388,-0.00530952936495055,0.001237881635252,0.0015614838576,
50.479,0.104999999999997,91,91,2,90,0,-1.4002970601195,-26.835727162164,-0.00534192509664422,0.00122527967644,-0.0056811424131,
50.48,0.106000000000002,91,91,2,90,0,-1.39910981361853,-26.892726475493,-0.00537381955592764,0.001207412587683,-0.0122338935922,
50.481,0.106999999999999,91,91,2,90,0,-1.39795472407369,-26.8271908812702,-0.00540484521337703,0.001183845824183,-0.0179974521964,
50.482,0.107999999999997,91,91,2,90,0,-1.39683488061097,-26.841738521356,-0.0054348956132344,0.001154162807043,-0.0236917371691,
50.483,0.109000000000002,91,91,2,90,0,-1.39574425467177,-26.9470833684706,-0.00546422735541796,0.0011216520303,-0.0286964689289,
50.484,0.109999999999999,91,91,2,90,0,-1.39467795582233,-27.0977312179158,-0.00549304131723716,0.001092093069328,-0.0307769041308,
50.485,0.110999999999997,91,91,2,90,0,-1.39361801439183,-27.2763403617325,-0.00552185798284199,0.001071689750686,-0.0276978130043,
50.486,0.112000000000002,91,91,2,90,0,-1.39254894735203,-27.3353221345943,-0.00555104974702658,0.001064586338972,-0.0191600392626,
50.487,0.113,91,91,2,90,0,-1.39146202888147,-27.3071666135738,-0.00558074571216594,0.001071684786238,-0.0068328260984,
50.488,0.113999999999997,91,91,2,90,0,-1.39035719586539,-27.1920087664366,-0.00561085195633382,0.001086937404988,0.0052841410172,
50.489,0.115000000000002,91,91,2,90,0,-1.38925534688208,-27.2129402318266,-0.00564082497521667,0.001098563442593,0.0117183929613,
50.49,0.116,91,91,2,90,0,-1.38816194524707,-27.2642174230921,-0.00567060768185002,0.001100209988651,0.0097201644844,
50.491,0.116999999999997,91,91,2,90,0,-1.38706231301297,-27.1326881258115,-0.00570051597722454,0.001097805019227,0.0034249388775,
50.492,0.118000000000002,91,91,2,90,0,-1.38594265119814,-27.0825677479251,-0.00573086735312245,0.001103771928592,0.0013220488573,
50.493,0.119,91,91,2,90,0,-1.38479419338979,-27.1042408968849,-0.00576198298486474,0.001122291738667,0.0072212159413,
50.494,0.119999999999997,91,91,2,90,0,-1.3836199345013,-27.038639051917,-0.00579377186389252,0.001147559334336,0.0167782755402,
50.495,0.121000000000002,91,91,2,90,0,-1.38243098759816,-26.9491268619846,-0.00582586615743708,0.001170924968843,0.0226726716422,
50.496,0.122,91,91,2,90,0,-1.3812358782384,-26.9096079812144,-0.00585804969648507,0.001186389235731,0.0215658125699,
50.497,0.122999999999998,91,91,2,90,0,-1.38004559368065,-26.8946594230506,-0.00589007089081406,0.001191813182171,0.0148225810393,
50.498,0.123999999999995,91,91,2,90,0,-1.3788689565553,-26.7192888055131,-0.0059216129717754,0.001187637768633,0.005556234581,
50.499,0.125,91,91,2,90,0,-1.37769272574952,-26.635988580409,-0.00595299203223476,0.001180609459199,-0.0021514743134,
50.5,0.125999999999998,91,91,2,90.25,0,-1.3765082117123,-26.6334983933089,-0.0059845412597781,0.001178837671083,-0.0045954842698,
50.501,0.126999999999995,91,91,2,90.25,0,-1.37532855102216,-26.5885321386586,-0.00601593322841154,0.001180573063664,-0.0022965903023,
50.502,0.128,91,91,2,90.25,0,-1.37416523079002,-26.5713451596773,-0.00604685420881879,0.001176214556864,-0.0011449314424,
50.503,0.128999999999998,91,91,2,90.25,0,-1.37301342502477,-26.6207034265555,-0.00607748766293525,0.001164768029473,-0.004656743163,
50.504,0.129999999999995,91,91,2,90.25,0,-1.37186291926811,-26.6100160795366,-0.00610810878754364,0.00115487010274,-0.0088555410163,
50.505,0.131,91,91,2,90.25,0,-1.37071093024938,-26.5005961097677,-0.00613870020856666,0.001151340737858,-0.0084519383751,
50.506,0.131999999999998,91,91,2,90.25,0,-1.36957150609257,-26.3701397786744,-0.0061688213054083,0.001147774581533,-0.0054509708702,
50.507,0.132999999999996,91,91,2,90.25,0,-1.3684558186597,-26.4553965141464,-0.00619828969888658,0.001136072598204,-0.0059958669933,
50.508,0.134,91,91,2,90.25,0,-1.36737026653674,-26.5538708586078,-0.00622706186024402,0.001113767857079,-0.0124420625666,
50.509,0.134999999999998,91,91,2,90.25,0,-1.36631773391089,-26.6341799803507,-0.00625505293965034,0.0010846868668,-0.0211567885324,
50.51,0.135999999999996,91,91,2,90.25,0,-1.36529176610532,-26.5773396066862,-0.00628234959265228,0.001054469028899,-0.0273891698194,
50.511,0.137,91,91,2,90.25,0,-1.36427759121678,-26.4769214274422,-0.00630925274228389,0.001030399376545,-0.0280323279503,
50.512,0.137999999999998,91,91,2,90.25,0,-1.36325524467192,-26.2954596863812,-0.0063362285730193,0.001020164260545,-0.0217637471119,
50.513,0.138999999999996,91,91,2,90.25,0,-1.36221681597955,-26.2638562400139,-0.00636351812386238,0.00102471969222,-0.0099483126037,
50.514,0.140000000000001,91,91,2,90.25,0,-1.36116265023749,-26.3426154298241,-0.00639124609398323,0.001038325163025,0.0028332791115,
50.515,0.140999999999998,91,91,2,90.25,0,-1.36009959167661,-26.3422342565424,-0.00641924963423435,0.001052112472798,0.0109450107564,
50.516,0.141999999999996,91,91,2,90.25,0,-1.35903614833521,-26.1924942501654,-0.00644718348783613,0.001060506149387,0.0121146681274,
50.517,0.143000000000001,91,91,2,90.25,0,-1.35798153417577,-26.0404477079913,-0.00647472628793366,0.001060679152656,0.0075455645482,
50.518,0.143999999999998,91,91,2,90.25,0,-1.35694121039143,-25.9273950762503,-0.00650175797937891,0.001052975801498,0.0002762989369,
50.519,0.144999999999996,91,91,2,90.25,0,-1.35592089346138,-25.8777755818461,-0.00652818682573297,0.001038608840583,-0.007339527757,
50.52,0.146000000000001,91,91,2,90.25,0,-1.35492583957992,-26.006147794701,-0.00655400047540411,0.00101874007176,-0.0140184203603,
50.521,0.146999999999998,91,91,2,90.25,0,-1.35396200812956,-26.0436523606268,-0.00657908409257857,0.000993266066707,-0.0198997973196,
50.522,0.147999999999996,91,91,2,90.25,0,-1.35302344269342,-25.9413270715515,-0.00660347974502429,0.000965618375424,-0.024444540053,
50.523,0.149000000000001,91,91,2,90.25,0,-1.35209818061727,-25.8308596550424,-0.00662743116552633,0.000942154232409,-0.0257405209336,
50.524,0.149999999999999,91,91,2,90.25,0,-1.35118307329436,-25.8109459243558,-0.00665106006275096,0.000926206658175,-0.0224642368611,
50.525,0.150999999999996,91,91,2,90.25,0,-1.35028655573469,-25.836861754742,-0.00667421164601478,0.00091257681991,-0.0175072240776,
50.526,0.152000000000001,91,91,2,90.25,0,-1.3494105818774,-25.9412923483342,-0.0066968898007076,0.000895931377928,-0.0152298401708,
50.527,0.152999999999999,91,91,2,90.25,0,-1.34854960061142,-25.9624139260841,-0.00671923386008189,0.000877639190611,-0.0162347844674,
50.528,0.153999999999996,91,91,2,90.25,0,-1.34768245081977,-25.8509829334588,-0.00674169884823073,0.000867329601074,-0.0154033843825,
50.529,0.155000000000001,91,91,2,90.25,0,-1.34679368591743,-25.7493856409773,-0.00676462914648823,0.000871783767156,-0.0082752421853,
50.53,0.155999999999999,91,91,2,90.25,0,-1.34589984854662,-25.8699394674547,-0.00678769878740582,0.000883802109674,0.0022942923271,
50.531,0.156999999999996,91,91,2,90.25,0,-1.34502138496331,-26.1554425320385,-0.00681054998915442,0.000887703494019,0.0073140021353,
50.532,0.158000000000001,91,91,2,90.25,0,-1.34416175977005,-26.2952737778379,-0.00683309396771392,0.000877424202545,0.0020822690512,
50.533,0.158999999999999,91,91,2,90.25,0,-1.34331766631555,-26.1382882157225,-0.00685522338093847,0.000860617188647,-0.0079834054555,
50.534,0.159999999999997,91,91,2,90.25,0,-1.3424892396331,-26.0174028729792,-0.00687682696400316,0.000844052944513,-0.0147758662416,
50.535,0.161000000000001,91,91,2,90.25,0,-1.3416745250077,-26.0209700385544,-0.00689802517575799,0.00082901309695,-0.0161797560919,
50.536,0.161999999999999,91,91,2,90.25,0,-1.34086932904381,-26.1089417773323,-0.00691901257306426,0.000815972644062,-0.0148973481318,
50.537,0.162999999999997,91,91,2,90.25,0,-1.34006579915378,-26.2156899375243,-0.0069400347758517,0.000807551740185,-0.0122544065872,
50.538,0.164000000000001,91,91,2,90.25,0,-1.33925820442952,-26.1612795118882,-0.00696118445796401,0.000805249162457,-0.0079712707356,
50.539,0.164999999999999,91,91,2,90.25,0,-1.33846006529696,-25.9875622386331,-0.00698199547363743,0.000803538596481,-0.0039604720471,
50.54,0.165999999999997,91,91,2,90.25,0,-1.33771625930981,-25.7800320798875,-0.00700124799692503,0.000784675866447,-0.007033818719,
50.541,0.167000000000002,91,91,2,90.25,0,-1.33709596642844,-25.5724379290901,-0.00701717478273167,0.000723051999039,-0.0265454220288,
50.542,0.167999999999999,91,91,2,90.25,0,-1.33667363744058,-25.3037882979358,-0.00702791803530545,0.000597957645051,-0.0678366721698,
50.543,0.168999999999997,91,91,2,90.25,0,-1.33653049467724,-25.143517593101,-0.00703152861868261,0.000397962288557,-0.1285235087658,
50.544,0.170000000000002,91,91,2,90.25,0,-1.33673163434938,-25.1002373951128,-0.00702647561249137,0.000123613900052,-0.1998309653455,
50.545,0.170999999999999,91,91,2,90.25,0,-1.33730685699718,-25.0747058315433,-0.00701204473062944,-0.000210079834194,-0.269846082624,
50.546,0.171999999999997,91,91,2,90.25,0,-1.33831954146795,-24.6741199035779,-0.00698685479900973,-0.000594236301993,-0.3310289505896,
50.547,0.173000000000002,91,91,2,90.25,0,-1.33995109484549,-23.9052521770111,-0.00694722487972399,-0.00106710659591,-0.3956317955685,
50.548,0.173999999999999,91,91,2,90.25,0,-1.34249196344411,-23.1605215968659,-0.00688743090640287,-0.001718687271833,-0.4998692606834,
50.549,0.174999999999997,91,91,2,90.25,0,-1.34627629154525,-22.5755234983804,-0.00680089080606194,-0.002641111883052,-0.67922074191,
50.55,0.176000000000002,91,91,2,90.25,0,-1.35164931368118,-21.9344590874632,-0.00668131424521334,-0.003887898460821,-0.9384800205952,
50.551,0.177,91,91,2,90.25,0,-1.358977326109,-21.2103686816733,-0.00652323132817401,-0.00548291101306,-1.253945780145,
50.552,0.177999999999997,91,91,2,90.25,0,-1.36864124663532,-20.5829821872115,-0.00632128751752248,-0.007442287769803,-1.5998540212492,
50.553,0.179000000000002,91,91,2,90.25,0,-1.38100916420716,-20.1913381075065,-0.00606914080128718,-0.009774347210426,-1.9618723005558,
50.554,0.18,91,91,2,90.25,0,-1.39643123387933,-20.1012104738635,-0.00575844355554977,-0.012472964088283,-2.3302218666292,
50.555,0.180999999999997,91,91,2,90.25,0,-1.41524910476155,-20.1988706166524,-0.005379262694305,-0.015524564405086,-2.6945446783706,
50.556,0.182000000000002,91,91,2,90.25,0,-1.43780194490339,-20.3668847552955,-0.00492182619623804,-0.018919621297091,-3.0487422576798,
50.557,0.183,91,91,2,90.25,0,-1.46441731913006,-20.7696297287747,-0.00437439433255804,-0.022651109589403,-3.3929493395365,
50.558,0.183999999999997,91,91,2,90.25,0,-1.49541057242981,-21.4843614158551,-0.00371960000731519,-0.026709977723145,-3.7287728246489,
50.559,0.185000000000002,91,91,2,90.25,0,-1.53110217311086,-22.3793777631154,-0.00293681647573862,-0.031089393792216,-4.0568185619117,
50.56,0.186,91,91,2,90.25,0,-1.57183906926562,-23.5755665273004,-0.00200078557907091,-0.035795685108773,-4.3813142627181,
50.561,0.186999999999998,91,91,2,90.25,0,-1.6179762700722,-25.1157356262936,-0.000877545386572365,-0.040843398908193,-4.7106554871701,
50.562,0.187999999999995,91,91,2,90.25,0,-1.66982891361371,-27.0429457012699,0.00047473736867687,-0.046231742231513,-5.0474759117311,
50.563,0.189,91,91,2,90.25,0,-1.72767023787804,-29.3615837534727,0.00210599370777231,-0.051934614937877,-5.3805132810632,
50.564,0.189999999999998,91,91,2,90.25,0,-1.79176515413685,-32.1725795209111,0.00407800722882712,-0.057920797645828,-5.6935068919269,
50.565,0.190999999999995,91,91,2,90.25,0,-1.86238107920551,-35.4633702806926,0.00646609481040628,-0.064175141303421,-5.9816379923675,
50.566,0.192,91,91,2,90.25,0,-1.93977227634124,-39.2654608675394,0.00935777166196772,-0.070692204045826,-6.252711098144,
50.567,0.192999999999998,91,91,2,90.25,0,-2.02419525176607,-43.6336415207958,0.0128570661038054,-0.077468149002339,-6.5159116811938,
50.568,0.193999999999996,91,91,2,90.25,0,-2.1159219379463,-48.6901489427711,0.0170913437812033,-0.08450455516472,-6.776418654041,
50.569,0.195,91,91,2,90.25,0,-2.21521669690128,-54.6426533475148,0.0222215466289697,-0.091805994786035,-7.0377778383008,
50.57,0.195999999999998,91,91,2,90.25,0,-2.32231042969484,-61.4771177186009,0.0284393964962817,-0.099364029274129,-7.2989080436685,
50.571,0.196999999999996,91,91,2,90.25,0,-2.4373979209823,-69.1459456784384,0.0359559368316127,-0.107152168190156,-7.5500873564402,
50.572,0.198,91,91,2,90.25,0,-2.56066225502608,-77.7061635456512,0.0450067505548191,-0.115142416566186,-7.779740425648,
50.573,0.198999999999998,91,91,2,90.25,0,-2.69227306102323,-87.3395434665782,0.0558676498179409,-0.123315222802895,-7.9843828962328,
50.574,0.199999999999996,91,91,2,90.25,0,-2.83236423033051,-98.1154040929027,0.0688579500466631,-0.131650973404178,-8.1669221878775,
50.575,0.201000000000001,91,91,2,90.25,0,-2.98099902004638,-110.425099319749,0.0843561369826489,-0.140110146436818,-8.3238940213179,
50.576,0.201999999999998,91,91,2,90.25,0,-3.13815640271292,-124.001138214574,0.102777043942268,-0.148628481478494,-8.4398949059437,
50.577,0.202999999999996,91,91,2,90.25,0,-3.3037674843413,-138.64296779177,0.12452543118178,-0.157136714469891,-8.4975558238815,
50.578,0.204000000000001,91,91,2,90.25,0,-3.47777363639498,-154.369615261283,0.150018427221966,-0.165593493067418,-8.4958272883197,
50.579,0.204999999999998,91,91,2,90.25,0,-3.66011179756712,-171.586762875811,0.179735570527896,-0.173987233661628,-8.4533035146929,
50.58,0.205999999999996,91,91,2,90.25,0,-3.85067185110528,-190.68106947175,0.214252459291544,-0.182305126146408,-8.3898975623761,
50.581,0.207000000000001,91,91,2,90.25,0,-4.04930484404048,-211.384959302678,0.25418424861806,-0.190515367647466,-8.3083516224924,
50.582,0.207999999999998,91,91,2,90.25,0,-4.25584840517291,-233.657182609259,0.300144543040318,-0.198584281575257,-8.2001385241945,
50.583,0.208999999999996,91,91,2,90.25,0,-4.47009029875322,-257.186516893678,0.352724184857067,-0.206479890407625,-8.0593206711442,
50.584,0.210000000000001,91,91,2,90.25,0,-4.69173027265449,-281.786130045358,0.412453126557608,-0.214151817942234,-7.8804959716672,
50.585,0.210999999999999,91,91,2,90.25,0,-4.92041044799952,-307.063297398522,0.479782221717443,-0.22153261023811,-7.6516913523168,
50.586,0.211999999999996,91,91,2,90.25,0,-5.15579803770865,-332.549790965347,0.555060713325645,-0.228580339221132,-7.3682138736397,
50.587,0.213000000000001,91,91,2,90.25,0,-5.39759454549121,-358.363263424792,0.638590895192095,-0.235298040821929,-7.0486397622107,
50.588,0.213999999999999,91,91,2,90.25,0,-5.64548697037484,-384.699667073386,0.730690731033263,-0.241702607490852,-6.7227693359023,
50.589,0.214999999999996,91,91,2,90.25,0,-5.89915011745416,-411.227003573121,0.831639363093529,-0.247794866412016,-6.4048148241575,
50.59,0.216000000000001,91,91,2,90.25,0,-6.15829891726579,-437.878817975247,0.941661740377185,-0.253577626240306,-6.0931015176295,
50.591,0.216999999999999,91,91,2,90.25,0,-6.42270363114206,-464.471873226198,1.06095462853878,-0.259079878211329,-5.7914571989721,
50.592,0.217999999999996,91,91,2,90.25,0,-6.6921812121617,-491.04360933789,1.18969962897287,-0.264349799799889,-5.5167052134642,
50.593,0.219000000000001,91,91,2,90.25,0,-6.96659365935694,-517.424749377672,1.32806776408992,-0.269436180729309,-5.2845585055569,
50.594,0.219999999999999,91,91,2,90.25,0,-7.24578247182196,-544.430226818453,1.47629677899707,-0.274364896923494,-5.0941437065915,
50.595,0.220999999999997,91,91,2,90.25,0,-7.52958383283219,-571.805170805404,1.63469134152379,-0.279139667447649,-4.9298319137465,
50.596,0.222000000000001,91,91,2,90.25,0,-7.8178255881271,-599.228296869941,1.80346171263972,-0.283749714732071,-4.7715372532441,
50.597,0.222999999999999,91,91,2,90.25,0,-8.11029401644837,-626.401721135012,1.98269075517436,-0.288177638917417,-4.6048273266191,
50.598,0.223999999999997,91,91,2,90.25,0,-8.40673779409424,-653.806170698226,2.17244558698792,-0.292393031210743,-4.4188015474628,
50.599,0.225000000000001,91,91,2,90.25,0,-8.70687101935087,-681.424910018911,2.37281919234718,-0.296358007131717,-4.2040269492264,
50.6,0.225999999999999,91,91,2,90.25,0,-9.0104018345925,-709.430932628328,2.58390299624833,-0.300045667968899,-3.956906307542,
50.601,0.226999999999997,91,91,2,90.25,0,-9.31702539221376,-738.251445329455,2.80584975676584,-0.303439360960019,-3.682665008501,
50.602,0.228000000000002,91,91,2,90.25,0,-9.62639079444036,-768.086243819189,3.03885413931212,-0.306518288288973,-3.3874536462888,
50.603,0.228999999999999,91,91,2,90.25,0,-9.93811033996663,-797.307788461489,3.28283609746816,-0.309249091834899,-3.0689198926954,
50.604,0.229999999999997,91,91,2,90.25,0,-10.251771050002,-826.195875488645,3.53745075345793,-0.311595651889099,-2.7199676333166,
50.605,0.231000000000002,91,91,2,90.25,0,-10.5669144389105,-855.42325981324,3.80242633003422,-0.313523164344579,-2.3361188221018,
50.606,0.231999999999999,91,91,2,90.25,0,-10.8831001630707,-885.422518452828,4.07764162156036,-0.315011285822071,-1.9214094416996,
50.607,0.232999999999997,91,91,2,90.25,0,-11.1999617391858,-916.04937171389,4.36305023278297,-0.31607577917116,-1.4928503323675,
50.608,0.234000000000002,91,91,2,90.25,0,-11.5171486013777,-946.841927311025,4.65849255565408,-0.31675640635167,-1.0764219370362,
50.609,0.234999999999999,91,91,2,90.25,0,-11.83422766851,-977.918889485082,4.96364323777539,-0.31705693785098,-0.6817583267237,
50.61,0.235999999999997,91,91,2,90.25,0,-12.1507062532282,-1009.47453977697,5.27812696766091,-0.31693126092595,-0.286697676368,
50.611,0.237000000000002,91,91,2,90.25,0,-12.4661376083328,-1041.70974564774,5.60163088702129,-0.31634456055835,0.136121430499,
50.612,0.238,91,91,2,90.25,0,-12.7801539777311,-1074.32209582719,5.93386520521685,-0.31532102827679,0.579442909017,
50.613,0.238999999999997,91,91,2,90.25,0,-13.0924001319724,-1107.13010855312,6.27444023595635,-0.31390980056309,1.008791337014,
50.614,0.240000000000002,91,91,2,90.25,0,-13.4024508553913,-1140.40978792846,6.62286592136482,-0.31211858954168,1.408914076371,
50.615,0.241,91,91,2,90.25,0,-13.709851875951,-1174.04598791491,6.9785989551321,-0.30991444180786,1.80109704282,
50.616,0.241999999999997,91,91,2,90.25,0,-14.0141930079511,-1208.02692606854,7.34108033870629,-0.30727796484955,2.209965487444,
50.617,0.243000000000002,91,91,2,90.25,0,-14.3150625046951,-1242.55283647087,7.7097326886495,-0.30421760799114,2.633942160993,
50.618,0.244,91,91,2,90.25,0,-14.6120301534494,-1277.70136772002,8.08394967129033,-0.30074043292393,3.05823835102,
50.619,0.244999999999997,91,91,2,90.25,0,-14.9046255123746,-1313.42126011708,8.46302489894597,-0.29682651620251,3.483152100833,
50.62,0.246000000000002,91,91,2,90.25,0,-15.1922863398367,-1349.87908170247,8.84608848899987,-0.292426686435,3.928668138984,
50.621,0.247,91,91,2,90.25,0,-15.4743752531329,-1387.20508835783,9.2321390385662,-0.28746961265126,4.421229058552,
50.622,0.247999999999998,91,91,2,90.25,0,-15.7502418662201,-1424.90652750942,9.6200228921125,-0.28189379748327,4.975522994146,
50.623,0.248999999999995,91,91,2,90.25,0,-16.0192523742329,-1462.8561921348,10.0084421502284,-0.27567647162758,5.582645959025,
50.624,0.25,91,91,2,90.25,0,-16.2807911150714,-1500.66226084436,10.3959795925503,-0.26882580938283,6.214873566098,
50.625,0.250999999999998,91,91,2,90.5,0,-16.53424023033,-1538.22270885098,10.7810809460213,-0.26135338331682,6.84719047441,
50.626,0.251999999999995,91,91,2,90.5,0,-16.7789783369247,-1575.56857546192,11.1621126376481,-0.2532627003334,7.471373994855,
50.627,0.253,91,91,2,90.5,0,-17.0143827004199,-1612.50107312493,11.5373553908502,-0.24455128626402,8.091425233985,
50.628,0.253999999999998,91,91,2,90.5,0,-17.2398680838916,-1648.59694693127,11.9050203596458,-0.235228792418,8.708518676584,
50.629,0.254999999999995,91,91,2,90.5,0,-17.4549939530331,-1683.64909548193,12.2634465226795,-0.22535322317969,9.305092530715,
50.63,0.256,91,91,2,90.5,0,-17.6594399982659,-1717.74350450204,12.611147155355,-0.21502977626795,9.844009922652,
50.631,0.256999999999998,91,91,2,90.5,0,-17.8528943890594,-1750.47388531511,12.9466180964981,-0.20435249607362,10.295233594488,
50.632,0.257999999999996,91,91,2,90.5,0,-18.0350401793201,-1781.93705224642,13.268324987372,-0.19335930696545,10.665902883705,
50.633,0.259,91,91,2,90.5,0,-18.2055672395828,-1812.33431243506,13.5747852521747,-0.18205275142114,10.99242636486,
50.634,0.259999999999998,91,91,2,90.5,0,-18.3642034101746,-1841.12788577243,13.8645708784376,-0.17044541236083,11.302780668268,
50.635,0.260999999999996,91,91,2,90.5,0,-18.5106767453418,-1868.02345049557,14.1362167618691,-0.15855458686569,11.602149935959,
50.636,0.262,91,91,2,90.5,0,-18.6446470312409,-1892.88513631785,14.388141761177,-0.14637127101415,11.893526671611,
50.637,0.262999999999998,91,91,2,90.5,0,-18.7657747640692,-1915.37035902389,14.6187844382678,-0.13386843475829,12.191424865916,
50.638,0.263999999999996,91,91,2,90.5,0,-18.8738213269674,-1935.60232351408,14.8268266193492,-0.12105614777051,12.49981535414,
50.639,0.265000000000001,91,91,2,90.5,0,-18.9686168632406,-1953.33114479649,15.011153386179,-0.10799560588973,12.793928236104,
50.64,0.265999999999998,91,91,2,90.5,0,-19.0500179174558,-1968.45105231092,15.1707719888025,-0.0947524996433,13.040834722575,
50.641,0.266999999999996,91,91,2,90.5,0,-19.1179468217297,-1980.75204950862,15.3049045085332,-0.08137775385021,13.227828800733,
50.642,0.268000000000001,91,91,2,90.5,0,-19.1724483139121,-1990.04812570227,15.4131117758869,-0.06794232562884,13.353458657576,
50.643,0.268999999999998,91,91,2,90.5,0,-19.2136747412471,-1996.33559290216,15.4952839552391,-0.05454719635563,13.405133808438,
50.644,0.269999999999996,91,91,2,90.5,0,-19.2418414779395,-1999.8073442752,15.5515631081875,-0.04129103959644,13.365527203452,
50.645,0.271000000000001,91,91,2,90.5,0,-19.2572326890292,-2000.45069681403,15.5823475161493,-0.02825198620437,13.23271750326,
50.646,0.271999999999998,91,91,2,90.5,0,-19.2602438224814,-1997.99741366237,15.5883674465804,-0.01550984547926,13.015110602118,
50.647,0.272999999999996,91,91,2,90.5,0,-19.251375085774,-1992.80592205914,15.5706707545627,-0.00316119569557,12.713167242772,
50.648,0.274000000000001,91,91,2,90.5,0,-19.2311619579687,-1985.21473341444,15.5304666346021,0.00870809298889,12.322888736347,
50.649,0.274999999999999,91,91,2,90.5,0,-19.20012204567,-1975.51386803377,15.4689963003882,0.02005784582395,11.857236259409,
50.65,0.275999999999996,91,91,2,90.5,0,-19.1587070127778,-1963.60302534347,15.3874269725355,0.03090441312873,11.354657930796,
50.651,0.277000000000001,91,91,2,90.5,0,-19.107299249808,-1949.29593852203,15.2868502813059,0.04130031573743,10.86232355504,
50.652,0.277999999999999,91,91,2,90.5,0,-19.0462916262738,-1932.94798481801,15.1684270434342,0.05128990211584,10.409207148437,
50.653,0.278999999999996,91,91,2,90.5,0,-18.9761293895091,-1915.11426066155,15.0334327162579,0.06087404933403,9.989849499431,
50.654,0.280000000000001,91,91,2,90.5,0,-18.8973000017135,-1895.23506784642,14.8832489638312,0.07001599810482,9.573119432036,
50.655,0.280999999999999,91,91,2,90.5,0,-18.8102950940656,-1873.3805382271,14.7193049374477,0.07868189844202,9.131793774933,
50.656,0.281999999999996,91,91,2,90.5,0,-18.7156193177628,-1850.35896113735,14.5430309735218,0.08685351228868,8.660428920115,
50.657,0.283000000000001,91,91,2,90.5,0,-18.6137998755504,-1826.37797378342,14.3558493215841,0.09451761547921,8.167646596983,
50.658,0.283999999999999,91,91,2,90.5,0,-18.5053739169853,-1801.93783432494,14.1591475118487,0.10165829734533,7.659329990046,
50.659,0.284999999999997,91,91,2,90.5,0,-18.390870794327,-1776.77424020124,13.9542606580345,0.10826715288725,7.138160366183,
50.66,0.286000000000001,91,91,2,90.5,0,-18.2708381402137,-1750.98938337929,13.7425372426231,0.11433883286684,6.607250770481,
50.661,0.286999999999999,91,91,2,90.5,0,-18.1458281292552,-1724.52259143797,13.525300347594,0.11986700173036,6.069779313468,
50.662,0.287999999999997,91,91,2,90.5,0,-18.0163358056904,-1697.91800893248,13.3037104547919,0.12486149768683,5.531120326226,
50.663,0.289000000000001,91,91,2,90.5,0,-17.8827544342042,-1671.22242578849,13.0786832547921,0.12937434415933,5.010102983394,
50.664,0.289999999999999,91,91,2,90.5,0,-17.7453688269612,-1644.5450825581,12.8509138884866,0.13349592783682,4.539962479188,
50.665,0.290999999999997,91,91,2,90.5,0,-17.6044202180655,-1618.03411156216,12.620985889075,0.13731323701177,4.147680165231,
50.666,0.292000000000002,91,91,2,90.5,0,-17.4601447902905,-1591.35413678908,12.3894679578615,0.14087775406368,3.8327538888,
50.667,0.292999999999999,91,91,2,90.5,0,-17.3127599267919,-1565.11707073999,12.156859918832,0.14421021282829,3.570737202632,
50.668,0.293999999999997,91,91,2,90.5,0,-17.1624475099711,-1539.24442382976,11.9235478793649,0.14733029877818,3.338364406384,
50.669,0.295000000000002,91,91,2,90.5,0,-17.009319084589,-1513.5582210632,11.6898124483574,0.15027895339253,3.132368393644,
50.67,0.295999999999999,91,91,2,90.5,0,-16.8534679109717,-1487.69182721675,11.4559382771858,0.15310044728427,2.961935798229,
50.671,0.296999999999997,91,91,2,90.5,0,-16.695058268472,-1461.84130255951,11.2223210328714,0.15580188981146,2.823626699158,
50.672,0.298000000000002,91,91,2,90.5,0,-16.5343411388024,-1436.2832703926,10.9894319014764,0.15833434798595,2.686762630745,
50.673,0.298999999999999,91,91,2,90.5,0,-16.3715830373618,-1411.11984470127,10.7577129389521,0.16063717504993,2.514264147147,
50.674,0.299999999999997,91,91,2,90.5,0,-16.2069654507477,-1386.49665741473,10.527444500527,0.16270365546135,2.300812401365,
50.675,0.301000000000002,91,91,2,90.5,0,-16.0405561910847,-1362.2729053445,10.2987341465655,0.16459724297672,2.085516538373,
50.676,0.302,91,91,2,90.5,0,-15.8723681355577,-1338.61291664187,10.0716057792653,0.16640539650753,1.919825188817,
50.677,0.302999999999997,91,91,2,90.5,0,-15.7023461889957,-1315.33956764352,9.84599069553477,0.1682045840783,1.831093938166,
50.678,0.304000000000002,91,91,2,90.5,0,-15.530411633455,-1292.17215515516,9.62183001097145,0.17004556194511,1.814414447594,
50.679,0.305,91,91,2,90.5,0,-15.3565320830026,-1268.89877293611,9.39917108014478,0.1719442713206,1.845760230602,
50.68,0.305999999999997,91,91,2,90.5,0,-15.1807189903677,-1245.74445216544,9.17811747900558,0.17387611463364,1.891330104151,
50.681,0.307000000000002,91,91,2,90.5,0,-15.0029650837315,-1222.98846729574,8.95870401856774,0.17581527418054,1.924098001933,
50.682,0.308,91,91,2,90.5,0,-14.8232130494762,-1200.54102649894,8.74088684027416,0.17777110072154,1.941964774972,
50.683,0.308999999999998,91,91,2,90.5,0,-14.6413969038959,-1178.34945404565,8.52462649130902,0.17977182936707,1.964297074129,
50.684,0.310000000000002,91,91,2,90.5,0,-14.457434808023,-1156.43734216198,8.30987035508559,0.18184069727058,2.007699791565,
50.685,0.311,91,91,2,90.5,0,-14.2711824850201,-1134.76708514372,8.09649928155548,0.18400537892412,2.077170251125,
50.686,0.311999999999998,91,91,2,90.5,0,-14.0824525259103,-1113.44522553511,7.88434677282319,0.18630854569597,2.177483064024,
50.687,0.312999999999995,91,91,2,90.5,0,-13.8910933704199,-1091.82999215134,7.67334697118309,0.18877542719191,2.310735653584,
50.688,0.314,91,91,2,90.5,0,-13.6970345630907,-1069.86222511524,7.46359926443526,0.19138029212786,2.459162110716,
50.689,0.314999999999998,91,91,2,90.5,0,-13.5002340811513,-1047.82676301003,7.2552181577048,0.19407141416065,2.589347032999,
50.69,0.315999999999995,91,91,2,90.5,0,-13.3006293241013,-1026.12012061969,7.04823332578405,0.19681926208953,2.682262672565,
50.691,0.317,91,91,2,90.5,0,-13.0981899423291,-1004.53907023316,6.84269063019093,0.19961386193347,2.744855734571,
50.692,0.317999999999998,91,91,2,90.5,0,-12.8929576202207,-982.549470082793,6.6387832325089,0.20242687645637,2.78609867311,
50.693,0.318999999999996,91,91,2,90.5,0,-12.685008463574,-960.508039422932,6.43675464730001,0.20520949036903,2.79836993614,
50.694,0.32,91,91,2,90.5,0,-12.4744248663601,-938.549243772129,6.2367994902948,0.20792443845537,2.771434347836,
50.695,0.320999999999998,91,91,2,90.5,0,-12.2613141711687,-916.595641108076,6.03912388224606,0.21055139443699,2.70885020282,
50.696,0.321999999999996,91,91,2,90.5,0,-12.0458337656162,-894.597777012926,5.84398553611067,0.21306347890648,2.618892159397,
50.697,0.323,91,91,2,90.5,0,-11.8281543111276,-872.662576890497,5.65163740122213,0.215429207125,2.502639047838,
50.698,0.323999999999998,91,91,2,90.5,0,-11.6084617982427,-851.010249138113,5.46229839395133,0.21762365732666,2.358251688753,
50.699,0.324999999999996,91,91,2,90.5,0,-11.3869720968578,-829.393387966218,5.27620234405717,0.21962775191601,2.188726923025,
50.7,0.326000000000001,91,91,2,90.5,0,-11.1638790476532,-807.866049526919,5.09357174393244,0.22143154918081,2.001112075678,
50.701,0.326999999999998,91,91,2,90.5,0,-10.9392988843982,-786.613426520159,4.91452751341376,0.22305817907381,1.810736250625,
50.702,0.327999999999996,91,91,2,90.5,0,-10.7132960786305,-765.463114090183,4.73914068694171,0.22456082179369,1.642583952604,
50.703,0.329000000000001,91,91,2,90.5,0,-10.4859647864748,-744.217513352279,4.56754186305224,0.22597455893029,1.513167196832,
50.704,0.329999999999998,91,91,2,90.5,0,-10.257432143889,-722.967823830636,4.39989199191746,0.22729315136833,1.411865402016,
50.705,0.330999999999996,91,91,2,90.5,0,-10.0278425249388,-701.749351909485,4.23634185517247,0.22848933036609,1.310411815524,
50.706,0.332000000000001,91,91,2,90.5,0,-9.79735593169138,-680.473001647593,4.07704999448157,0.229541618330046,1.1897357197028,
50.707,0.332999999999998,91,91,2,90.5,0,-9.56615692131531,-659.220347279237,3.92218210624193,0.230431226096849,1.0466512149513,
50.708,0.333999999999996,91,91,2,90.5,0,-9.33441115352092,-638.111990752964,3.77185646686104,0.231149312462971,0.8869554057446,
50.709,0.335000000000001,91,91,2,90.5,0,-9.10229701599878,-617.042409125985,3.62618692636852,0.231692251487219,0.7169985837641,
50.71,0.335999999999999,91,91,2,90.5,0,-8.87004338530915,-595.924215590153,3.48532897512069,0.232045474554062,0.5385684395887,
50.711,0.336999999999996,91,91,2,90.5,0,-8.63791161491351,-574.933334785318,3.34943235709582,0.232175224651186,0.3430959631488,
50.712,0.338000000000001,91,91,2,90.5,0,-8.4061436257792,-554.066502760771,3.2185993460553,0.232059194105438,0.1230577951781,
50.713,0.338999999999999,91,91,2,90.5,0,-8.17502480651021,-533.07354502243,3.09297008394344,0.231682372553113,-0.1205336548595,
50.714,0.339999999999996,91,91,2,90.5,0,-7.94488945749479,-511.924106873433,2.97272463427376,0.231018529152515,-0.3846908048338,
50.715,0.341000000000001,91,91,2,90.5,0,-7.71605018231744,-490.806088846187,2.85799260868029,0.23004156794007,-0.6716721896702,
50.716,0.341999999999999,91,91,2,90.5,0,-7.48877481641937,-469.788601840194,2.74883285377754,0.228758924544987,-0.9747305236823,
50.717,0.342999999999996,91,91,2,90.5,0,-7.26330755084722,-448.821530527033,2.64527459644168,0.227202108584078,-1.2731905100394,
50.718,0.344000000000001,91,91,2,90.5,0,-7.03990786795275,-427.846463766957,2.54735092047719,0.225389420866622,-1.5513257181253,
50.719,0.344999999999999,91,91,2,90.5,0,-6.81887574362441,-406.832608524542,2.4551054762367,0.223309690127935,-1.8160390968612,
50.72,0.345999999999997,91,91,2,90.5,0,-6.60058453984822,-385.913117540616,2.36858076682111,0.220920115732534,-2.0925709293319,
50.721,0.347000000000001,91,91,2,90.5,0,-6.38546067851301,-365.282007156732,2.28778076890057,0.218163277209544,-2.4068005366635,
50.722,0.347999999999999,91,91,2,90.5,0,-6.17398101266515,-344.689059539135,2.21270854692733,0.2149808054213,-2.7743492642895,
50.723,0.348999999999997,91,91,2,90.5,0,-5.96668723251112,-324.28365190623,2.14337160583963,0.211317158785915,-3.1991342628101,
50.724,0.350000000000001,91,91,2,90.5,0,-5.76412420126766,-304.456622092631,2.0796918379566,0.207130321189005,-3.6762514697002,
50.725,0.350999999999999,91,91,2,90.5,0,-5.56675844262655,-285.325389571766,2.0214904508741,0.202423074135926,-4.1860031453032,
50.726,0.351999999999997,91,91,2,90.5,0,-5.37495450225124,-266.824078659779,1.96853822903262,0.197256394942075,-4.6889538584599,
50.727,0.353000000000002,91,91,2,90.5,0,-5.18900488694023,-248.861476094866,1.92059246376857,0.19171618833576,-5.1409077753586,
50.728,0.353999999999999,91,91,2,90.5,0,-5.00912494988216,-231.613125950718,1.87737859318159,0.185885009354418,-5.5154400950839,
50.729,0.354999999999997,91,91,2,90.5,0,-4.83547023734452,-214.938374293005,1.83860570697755,0.179833273177823,-5.8100544274098,
50.73,0.356000000000002,91,91,2,90.5,0,-4.66815897050473,-198.872593304007,1.80398808836711,0.173619246184414,-6.0342562630633,
50.731,0.356999999999999,91,91,2,90.5,0,-4.50732548123867,-183.449796323601,1.77324296639293,0.167270967277026,-6.2056153225585,
50.732,0.357999999999997,91,91,2,90.5,0,-4.3531246159473,-169.228335423726,1.74605132985053,0.160787035345772,-6.3486992403541,
50.733,0.359000000000002,91,91,2,90.5,0,-4.20565403293859,-156.491837941488,1.72203425791861,0.154171567798979,-6.4826967087559,
50.734,0.359999999999999,91,91,2,90.5,0,-4.06493878595541,-144.787398519371,1.70083696683386,0.147463066885849,-6.6039168720324,
50.735,0.360999999999997,91,91,2,90.5,0,-3.93093657251562,-133.942476867763,1.68216175670702,0.140727937727822,-6.688579376698,
50.736,0.362000000000002,91,91,2,90.5,0,-3.80356519314764,-124.111348132937,1.66572742088624,0.134026873281264,-6.7169212711172,
50.737,0.363,91,91,2,90.5,0,-3.68268919605337,-115.371117355415,1.651253579985,0.12741201490741,-6.6854220381875,
50.738,0.363999999999997,91,91,2,90.5,0,-3.56814109453922,-107.56460811114,1.63848514792906,0.120926243102347,-6.6019942250279,
50.739,0.365000000000002,91,91,2,90.5,0,-3.45974378940327,-100.432180408437,1.62721200225283,0.114601231274726,-6.4762697824677,
50.74,0.366,91,91,2,90.5,0,-3.35731739801784,-93.9232110033961,1.61725844155853,0.108451269924254,-6.3207246777089,
50.741,0.366999999999997,91,91,2,90.5,0,-3.26064856355233,-88.0629090373448,1.60846224850192,0.10249039843461,-6.1457495353683,
50.742,0.368000000000002,91,91,2,90.5,0,-3.16948646524026,-82.7858956486902,1.60067478073728,0.096744080695454,-5.953232322746,
50.743,0.369,91,91,2,90.5,0,-3.08358405718085,-78.0080602252736,1.59376848673179,0.091236212082304,-5.7391491265006,
50.744,0.369999999999997,91,91,2,90.5,0,-3.0027182138766,-73.6737365717584,1.58763554852584,0.08596934570866,-5.5071026791,
50.745,0.371000000000002,91,91,2,90.5,0,-2.92667232873524,-69.8381450611858,1.58217880449229,0.080930825281931,-5.2706632614213,
50.746,0.372,91,91,2,90.5,0,-2.85523698881554,-66.3888232320409,1.57731309459916,0.076108709023729,-5.0421029602454,
50.747,0.372999999999998,91,91,2,90.5,0,-2.78821433878276,-63.2343713990664,1.57296924959422,0.071494696520122,-4.8246063823816,
50.748,0.373999999999995,91,91,2,90.5,0,-2.72540557382154,-60.4372848475308,1.56908541759944,0.067082291477388,-4.6159613917236,
50.749,0.375,91,91,2,90.5,0,-2.66660085121516,-57.9610458588587,1.56560422710231,0.062871717776236,-4.4123378785213,
50.75,0.375999999999998,91,91,2,90.75,0,-2.61157854420977,-55.837029907709,1.56247351077158,0.058871210632535,-4.2081031363913,
50.751,0.376999999999995,91,91,2,90.75,0,-2.56011680879922,-53.9677689402436,1.55964813801901,0.055088860207235,-3.998080095416,
50.752,0.378,91,91,2,90.75,0,-2.5120006825717,-52.4146654019574,1.55708878269942,0.051526224134093,-3.7818831351729,
50.753,0.378999999999998,91,91,2,90.75,0,-2.46702803652175,-50.8412717802785,1.55476693634171,0.048176764929158,-3.5645973183273,
50.754,0.379999999999995,91,91,2,90.75,0,-2.42500439126839,-49.4494672449981,1.55265964512222,0.045030989864244,-3.3523070233908,
50.755,0.381,91,91,2,90.75,0,-2.38573319913436,-48.2618141197291,1.55074102587014,0.042082609556538,-3.1476618797579,
50.756,0.381999999999998,91,91,2,90.75,0,-2.34903409058273,-47.0298738516814,1.54899246586967,0.039325302995109,-2.9502766109853,
50.757,0.382999999999996,91,91,2,90.75,0,-2.31474035558184,-46.0241786159992,1.54739688036162,0.036749121561128,-2.7602911470777,
50.758,0.384,91,91,2,90.75,0,-2.28268890503653,-45.200926420716,1.54593493189034,0.034342661729438,-2.5796024915281,
50.759,0.384999999999998,91,91,2,90.75,0,-2.25271239333638,-44.4797467941582,1.54459077501539,0.032101654228436,-2.4077406131709,
50.76,0.385999999999996,91,91,2,90.75,0,-2.22464943611827,-43.7291994539103,1.54335307307298,0.030024927009086,-2.2413591157128,
50.761,0.387,91,91,2,90.75,0,-2.19837579167576,-42.9486582845669,1.54221440146534,0.028100229730042,-2.0804023217538,
50.762,0.387999999999998,91,91,2,90.75,0,-2.17379563876774,-42.3610004064945,1.54116593923777,0.026302390814843,-1.9322487519823,
50.763,0.388999999999996,91,91,2,90.75,0,-2.15081345587945,-41.9529993300495,1.54019707935677,0.024608809362448,-1.8046191855113,
50.764,0.390000000000001,91,91,2,90.75,0,-2.12933630854683,-41.6283511119246,1.53929953486792,0.023010063227508,-1.6964080959997,
50.765,0.390999999999998,91,91,2,90.75,0,-2.10928174465859,-41.2168042317172,1.53846882313758,0.021501882966007,-1.6000269681448,
50.766,0.391999999999996,91,91,2,90.75,0,-2.0905646368905,-40.8019213554342,1.53770124647468,0.020080102085509,-1.5094302092318,
50.767,0.393000000000001,91,91,2,90.75,0,-2.07307975879037,-40.3687672829613,1.5369916166766,0.018748675703747,-1.4205943451781,
50.768,0.393999999999998,91,91,2,90.75,0,-2.05670859544636,-40.0349925398586,1.53633346513382,0.017520432573682,-1.3275777558737,
50.769,0.394999999999996,91,91,2,90.75,0,-2.04135100549649,-39.8097722050674,1.53572035355552,0.016401205752604,-1.226493212878,
50.77,0.396000000000001,91,91,2,90.75,0,-2.026926093293,-39.6270526906899,1.5351474189431,0.015381858644198,-1.1219677999725,
50.771,0.396999999999998,91,91,2,90.75,0,-2.01335563396868,-39.5037721284908,1.53461049812336,0.014448379663653,-1.0235505838493,
50.772,0.397999999999996,91,91,2,90.75,0,-2.00056481667222,-39.3318262506618,1.53410631225569,0.013592902579713,-0.9358388499218,
50.773,0.399000000000001,91,91,2,90.75,0,-1.98850374260975,-39.1197540942967,1.53363320709525,0.012805786934621,-0.8583692212671,
50.774,0.399999999999999,91,91,2,90.75,0,-1.97711848654251,-39.0593893912556,1.5331881623114,0.012077251634098,-0.7900499733757,
50.775,0.400999999999996,91,91,2,90.75,0,-1.96636764683394,-39.2089415125291,1.53276743717151,0.011397676558208,-0.7314213365038,
50.776,0.402000000000001,91,91,2,90.75,0,-1.95623455430371,-39.1939709687929,1.5323702051881,0.010755840462669,-0.6829414491746,
50.777,0.402999999999999,91,91,2,90.75,0,-1.94669520158272,-38.9172259933703,1.53199764005845,0.01014029474096,-0.6452706774953,
50.778,0.403999999999996,91,91,2,90.75,0,-1.93772768162806,-38.6697068578942,1.53164975887418,0.009545924833863,-0.6170800894744,
50.779,0.405000000000001,91,91,2,90.75,0,-1.92930869914257,-38.6443460361692,1.53132430604558,0.008974508543808,-0.593836566368,
50.78,0.405999999999999,91,91,2,90.75,0,-1.92137509602366,-38.6696007006212,1.53101761696109,0.008437929916267,-0.5678510764134,
50.781,0.406999999999996,91,91,2,90.75,0,-1.91384387282761,-38.6461583996595,1.5307264758419,0.007958502952026,-0.5298844273052,
50.782,0.408000000000001,91,91,2,90.75,0,-1.90664508880494,-38.5377472586168,1.53044866070846,0.007552205420894,-0.4746336332983,
50.783,0.408999999999999,91,91,2,90.75,0,-1.8997314311515,-38.4443508961416,1.53018254677241,0.007212977863915,-0.4081153688188,
50.784,0.409999999999997,91,91,2,90.75,0,-1.89307593056668,-38.2172203440643,1.52992743620629,0.006921748443623,-0.3449491082188,
50.785,0.411000000000001,91,91,2,90.75,0,-1.8866579116208,-38.0422979113489,1.5296827186898,0.006661703213724,-0.2962736041802,
50.786,0.411999999999999,91,91,2,90.75,0,-1.88046668247806,-37.9854253268343,1.52944736616192,0.00642122649662,-0.2635299331784,
50.787,0.412999999999997,91,91,2,90.75,0,-1.87450361348919,-38.030036734532,1.52922072343966,0.006190818037521,-0.243326793541,
50.788,0.414000000000001,91,91,2,90.75,0,-1.868766281956,-37.9957336637779,1.52900263091473,0.005963795798327,-0.232413070529,
50.789,0.414999999999999,91,91,2,90.75,0,-1.86323907123346,-37.8730880659914,1.52879295943225,0.005742016526699,-0.2264652148957,
50.79,0.415999999999997,91,91,2,90.75,0,-1.85789337467527,-37.7176209335801,1.5285909169358,0.00553579271643,-0.2186855234901,
50.791,0.417000000000002,91,91,2,90.75,0,-1.85270775386805,-37.5895917426463,1.52839565961131,0.005352128082204,-0.2041226958638,
50.792,0.417999999999999,91,91,2,90.75,0,-1.84767635343551,-37.5077030987126,1.52820673733044,0.005187377420107,-0.1847581954002,
50.793,0.418999999999997,91,91,2,90.75,0,-1.84279668039041,-37.3937400822457,1.52802399005378,0.005032148328712,-0.1675683825251,
50.794,0.420000000000002,91,91,2,90.75,0,-1.83806281858489,-37.2962861329481,1.52784720392262,0.004881447889458,-0.1567269669633,
50.795,0.420999999999999,91,91,2,90.75,0,-1.8334681852565,-37.2980467077188,1.52767583711872,0.004735836634255,-0.150532279681,
50.796,0.421999999999997,91,91,2,90.75,0,-1.82900888853386,-37.3563280755192,1.52750938411432,0.004595800889804,-0.1454653571927,
50.797,0.423000000000002,91,91,2,90.75,0,-1.82468217121625,-37.3330093684767,1.52734780428943,0.004460123882856,-0.1404007764257,
50.798,0.423999999999999,91,91,2,90.75,0,-1.82047620247863,-37.2036850410642,1.52719105478619,0.004330266565122,-0.1352387214347,
50.799,0.424999999999997,91,91,2,90.75,0,-1.8163698923361,-36.9739832002455,1.52703875653046,0.00421229573309,-0.1280372787876,
50.8,0.426000000000002,91,91,2,90.75,0,-1.81235050004128,-36.8509193265102,1.52689039090828,0.004110132366744,-0.1167945380368,
50.801,0.427,91,91,2,90.75,0,-1.80840570411251,-36.8400487688735,1.52674504299281,0.004023088739321,-0.1023696843749,
50.802,0.427999999999997,91,91,2,90.75,0,-1.8045179795116,-36.8779247515642,1.52660174540321,0.003950053440228,-0.0873770506009,
50.803,0.429000000000002,91,91,2,90.75,0,-1.80067412438752,-36.8143325338675,1.52646011422283,0.003891685156218,-0.0728376930671,
50.804,0.43,91,91,2,90.75,0,-1.79687323956526,-36.7012335635624,1.52632040212313,0.00384412487658,-0.0595259872233,
50.805,0.430999999999997,91,91,2,90.75,0,-1.79311479158597,-36.6313369104709,1.52618259379747,0.003801044859915,-0.0494586020577,
50.806,0.432000000000002,91,91,2,90.75,0,-1.78939881313483,-36.6833545210616,1.52604637589073,0.003758438173736,-0.0442820964111,
50.807,0.433,91,91,2,90.75,0,-1.7857344643357,-36.6319844614462,1.52591204940356,0.003713230413982,-0.0435290073973,
50.808,0.433999999999998,91,91,2,90.75,0,-1.78212274436025,-36.5068820864213,1.52577997085092,0.003664049047629,-0.0456195196612,
50.809,0.435000000000002,91,91,2,90.75,0,-1.77855448778044,-36.4333057497781,1.52564983619834,0.003614469603862,-0.0481087075975,
50.81,0.436,91,91,2,90.75,0,-1.77500297749442,-36.3919728185023,1.52552051633538,0.003576271710365,-0.0460455554618,
50.811,0.436999999999998,91,91,2,90.75,0,-1.77145286584401,-36.2594443611392,1.52539155601411,0.003556114583474,-0.0362001285962,
50.812,0.437999999999995,91,91,2,90.75,0,-1.76791325320589,-36.1109153250817,1.52526347449424,0.003547381537406,-0.0221421326259,
50.813,0.439,91,91,2,90.75,0,-1.76439984421452,-36.0450554641858,1.52513671777595,0.003534901247782,-0.0132844433817,
50.814,0.439999999999998,91,91,2,90.75,0,-1.76091968389587,-35.9862842743863,1.52501137747083,0.003511295483579,-0.0146937589309,
50.815,0.440999999999995,91,91,2,90.75,0,-1.75747010058688,-35.9025594129051,1.52488738419319,0.003480961817568,-0.0222864923717,
50.816,0.442,91,91,2,90.75,0,-1.75406378480168,-35.7289710234901,1.52476538438677,0.003445776154751,-0.0297708945104,
50.817,0.442999999999998,91,91,2,90.75,0,-1.7507210147854,-35.5183155644989,1.52464630274008,0.003400232311661,-0.0368375178571,
50.818,0.443999999999996,91,91,2,90.75,0,-1.74745261790708,-35.4659457167781,1.52453030037108,0.003339521805568,-0.046986387909,
50.819,0.445,91,91,2,90.75,0,-1.7442425578491,-35.5501599593888,1.52441631738893,0.003273207773606,-0.0578415649528,
50.82,0.445999999999998,91,91,2,90.75,0,-1.74106002855724,-35.5490458198482,1.52430317973642,0.003219301874246,-0.0609105344207,
50.821,0.446999999999996,91,91,2,90.75,0,-1.73788543730345,-35.5265223736744,1.52419036179785,0.003188407110275,-0.0507249985239,
50.822,0.448,91,91,2,90.75,0,-1.73470269351734,-35.4801846635886,1.52407736372004,0.003179418424907,-0.0312262810068,
50.823,0.448999999999998,91,91,2,90.75,0,-1.7315064862178,-35.6194724465337,1.52396373909852,0.003184337080443,-0.0113883066777,
50.824,0.449999999999996,91,91,2,90.75,0,-1.72830413166765,-35.7953229620322,1.52384939135101,0.003194012420694,0.0021734586793,
50.825,0.451000000000001,91,91,2,90.75,0,-1.72510462516997,-35.7485010551946,1.52373493888609,0.003199655959226,0.0070387943208,
50.826,0.451999999999998,91,91,2,90.75,0,-1.72192019482065,-35.706373696023,1.5236211673502,0.003195838068913,0.0040146503942,
50.827,0.452999999999996,91,91,2,90.75,0,-1.71874213707482,-35.6078587133158,1.52350784697586,0.003187041412781,-0.0024730914052,
50.828,0.454000000000001,91,91,2,90.75,0,-1.71555485853543,-35.4394891434307,1.5233946231323,0.003182735764945,-0.0059557238975,
50.829,0.454999999999998,91,91,2,90.75,0,-1.71236079432795,-35.1458259992331,1.52328189611796,0.003186548001749,-0.0032175849328,
50.83,0.455999999999996,91,91,2,90.75,0,-1.70916789865928,-35.0325982791421,1.52316985992451,0.00319167794541,0.0017721834691,
50.831,0.457000000000001,91,91,2,90.75,0,-1.70598636258792,-35.0343022112077,1.52305839973886,0.00318983835112,0.0026437702186,
50.832,0.457999999999998,91,91,2,90.75,0,-1.70282057543417,-35.0282767046469,1.52294749813271,0.00318021927527,-0.0020825773727,
50.833,0.458999999999996,91,91,2,90.75,0,-1.69966637563927,-34.8687127802501,1.52283726359775,0.003167035621378,-0.0083546047946,
50.834,0.460000000000001,91,91,2,90.75,0,-1.6965297590651,-34.7139357247725,1.52272813655347,0.003152401036336,-0.0125495598244,
50.835,0.460999999999999,91,91,2,90.75,0,-1.69341911094417,-34.720977590009,1.52262014276215,0.003134101004417,-0.0152989397601,
50.836,0.461999999999996,91,91,2,90.75,0,-1.69034625932753,-34.6778070000276,1.52251351667843,0.003107099705618,-0.0198107779199,
50.837,0.463000000000001,91,91,2,90.75,0,-1.68730760344398,-34.6779736391269,1.52240814250297,0.003073931848001,-0.0262408863804,
50.838,0.463999999999999,91,91,2,90.75,0,-1.68428255122822,-34.6595916815058,1.52230326762518,0.003044833503139,-0.0300970361451,
50.839,0.464999999999996,91,91,2,90.75,0,-1.68126308389041,-34.6162414001921,1.52219867956754,0.003027457852709,-0.0268023903589,
50.84,0.466000000000001,91,91,2,90.75,0,-1.67824301462637,-34.4176764420401,1.52209443596081,0.003021323379064,-0.0175201057241,
50.841,0.466999999999999,91,91,2,90.75,0,-1.67522646009225,-34.2565904763967,1.52199085612517,0.003018834267195,-0.0084132181477,
50.842,0.467999999999996,91,91,2,90.75,0,-1.67222445527699,-34.1298145408995,1.52188820796658,0.003013244037438,-0.0045130557682,
50.843,0.469000000000001,91,91,2,90.75,0,-1.66924270154145,-33.9950051605699,1.52178664224877,0.003000294407002,-0.0068677145943,
50.844,0.469999999999999,91,91,2,90.75,0,-1.66628243452046,-34.0262145782908,1.52168596176202,0.002981383045091,-0.0125303296748,
50.845,0.470999999999997,91,91,2,90.75,0,-1.66333840445982,-34.0080736562872,1.52158581426716,0.00296184194725,-0.0173117632475,
50.846,0.472000000000001,91,91,2,90.75,0,-1.66040393337022,-33.9174915653905,1.52148615146345,0.002946033457433,-0.0182323946548,
50.847,0.472999999999999,91,91,2,90.75,0,-1.65748699114665,-33.6182443341874,1.52138765254364,0.002932080121103,-0.0163717261781,
50.848,0.473999999999997,91,91,2,90.75,0,-1.6546041566253,-33.4215728882748,1.52129102019393,0.002911968572713,-0.0163573459941,
50.849,0.475000000000001,91,91,2,90.75,0,-1.65176260549903,-33.4177855251395,1.52119605646683,0.002880681813492,-0.0216166480213,
50.85,0.475999999999999,91,91,2,90.75,0,-1.64895718956407,-33.4511442043431,1.52110225888632,0.002843095587401,-0.0298240360327,
50.851,0.476999999999997,91,91,2,90.75,0,-1.64617027627408,-33.4380329552589,1.52100905171793,0.002810705698862,-0.0341374847644,
50.852,0.478000000000002,91,91,2,90.75,0,-1.64338177309734,-33.3191620242582,1.5209159753928,0.002792941049506,-0.0295612180497,
50.853,0.478999999999999,91,91,2,90.75,0,-1.64058853491791,-33.1329999594513,1.52082316703482,0.002789446711522,-0.0178711276993,
50.854,0.479999999999997,91,91,2,90.75,0,-1.63780012488687,-33.012147125864,1.52073094713901,0.002790369234106,-0.0064503732252,
50.855,0.481000000000002,91,91,2,90.75,0,-1.63503182666281,-33.0020794840387,1.52063957360588,0.002783824933463,-0.0026425825545,
50.856,0.481999999999999,91,91,2,90.75,0,-1.63229316815868,-33.0136645442656,1.52054917631648,0.002765439850175,-0.0078564884684,
50.857,0.482999999999997,91,91,2,90.75,0,-1.62957404921722,-32.9944829705394,1.52045943431438,0.002741688551308,-0.0164427131682,
50.858,0.484000000000002,91,91,2,90.75,0,-1.62686782156838,-32.797749858291,1.5203704099346,0.002721113422475,-0.0211885831831,
50.859,0.484999999999999,91,91,2,90.75,0,-1.62418057538984,-32.6224671319397,1.52028250982056,0.002704400595536,-0.020369289275,
50.86,0.485999999999997,91,91,2,90.75,0,-1.62152268172725,-32.551652457245,1.52019589688086,0.002684134864845,-0.0189373886328,
50.861,0.487000000000002,91,91,2,90.75,0,-1.61889378646104,-32.4764449554675,1.52011042085215,0.002657999898461,-0.0209606302733,
50.862,0.488,91,91,2,90.75,0,-1.61628557358842,-32.464593119789,1.5200257308264,0.002631390067047,-0.0245166551851,
50.863,0.488999999999997,91,91,2,90.75,0,-1.61369051989031,-32.3706239956675,1.51994160539144,0.002610469838344,-0.0247604910917,
50.864,0.490000000000002,91,91,2,90.75,0,-1.61110614453662,-32.2074940413914,1.51985815834311,0.002595797947137,-0.0207526082675,
50.865,0.491,91,91,2,90.75,0,-1.60855458193537,-32.0401132190111,1.51977619244715,0.002577735031287,-0.0175636998487,
50.866,0.491999999999997,91,91,2,90.75,0,-1.6060606355437,-31.9666267467385,1.51969637775807,0.002544121564109,-0.0217107738555,
50.867,0.493000000000002,91,91,2,90.75,0,-1.60361771759602,-32.0114634674082,1.51961823114564,0.002495922721346,-0.0333239144551,
50.868,0.494,91,91,2,90.75,0,-1.60120999181077,-32.0036737424843,1.51954116569738,0.002447668832145,-0.0438397440189,
50.869,0.494999999999997,91,91,2,90.75,0,-1.59883070256507,-31.9768229209338,1.51946505164355,0.002409752472114,-0.0451361165186,
50.87,0.496000000000002,91,91,2,90.75,0,-1.5964631550856,-32.0031589942987,1.51938931382108,0.002384297677696,-0.0372791490981,
50.871,0.497,91,91,2,90.75,0,-1.59409373123103,-32.0794650471688,1.51931339437203,0.002371632921869,-0.0253562525246,
50.872,0.497999999999998,91,91,2,90.75,0,-1.59172924690644,-32.2225341506565,1.51923737383746,0.002367379083046,-0.0139784923031,
50.873,0.498999999999995,91,91,2,90.75,0,-1.5893814957179,-32.2916998951242,1.51916164215262,0.002360946242769,-0.0074308143604,
50.874,0.5,91,91,2,90.75,0,-1.58704664412392,-32.2620113291482,1.51908628048486,0.002348901250987,-0.0074627852923,
50.875,0.500999999999998,91,91,2,91,0,-1.58471301393908,-32.0846718610716,1.51901119980377,0.002338355049606,-0.0099117092102,
50.876,0.000999999999997669,92,92,2,91,0,-1.58238136513737,-31.9422042169673,-7.46440944396909E-05,0.002333402192643,-0.0093178351759,
50.877,0.00200000000000244,92,92,2,91,0,-1.58006358930029,-31.9937179709885,-0.000148738662232972,0.00232808132726,-0.0067412628144,
50.878,0.00300000000000011,92,92,2,91,0,-1.57776544837525,-32.0841810548269,-0.000222368683296281,0.002316047252857,-0.007224425563,
50.879,0.00399999999999778,92,92,2,91,0,-1.57547905355713,-31.9848403212741,-0.00029561222254415,0.002300507566576,-0.0110717952604,
50.88,0.00500000000000256,92,92,2,91,0,-1.57320286049082,-31.7051131521282,-0.000368097537801759,0.002286858124653,-0.0139209294102,
50.881,0.00600000000000023,92,92,2,91,0,-1.57095138577133,-31.4650443931823,-0.000439210544158186,0.002271838087804,-0.0146276937082,
50.882,0.0069999999999979,92,92,2,91,0,-1.56873706575049,-31.4882362604077,-0.000508909899025412,0.00224774381394,-0.0173311294757,
50.883,0.00800000000000267,92,92,2,91,0,-1.56654721415953,-31.6147498127231,-0.000578002986259207,0.002218125901472,-0.0230290943407,
50.884,0.00900000000000034,92,92,2,91,0,-1.56435291433615,-31.628818995726,-0.000647390662180669,0.002198526589653,-0.0249552406921,
50.885,0.00999999999999801,92,92,2,91,0,-1.56213336605086,-31.5488034871792,-0.000717503554000132,0.002200539892227,-0.0161211076958,
50.886,0.0110000000000028,92,92,2,91,0,-1.55988740859336,-31.4766180300421,-0.000788279761735566,0.00221989649838,0.0007325093298,
50.887,0.0120000000000005,92,92,2,91,0,-1.55761713873427,-31.2936858982423,-0.000859532526249041,0.002245328426311,0.0159762116127,
50.888,0.0129999999999981,92,92,2,91,0,-1.55533554909228,-31.1489238183443,-0.000930766732011534,0.002266372073482,0.0222928471696,
50.889,0.0140000000000029,92,92,2,91,0,-1.55306799642309,-31.1720344222229,-0.00100142475960752,0.002273982615281,0.0183301997874,
50.89,0.0150000000000006,92,92,2,91,0,-1.55082501368052,-31.2116192704421,-0.00107138748893476,0.002264392783047,0.0064803612007,
50.891,0.0159999999999982,92,92,2,91,0,-1.54859789956618,-31.1121203871479,-0.00114078852905664,0.002245593132087,-0.0071926656419,
50.892,0.017000000000003,92,92,2,91,0,-1.54637405479012,-30.9725003700802,-0.00120982180882834,0.002230893901325,-0.0148065792828,
50.893,0.0180000000000007,92,92,2,91,0,-1.54415221300167,-30.8577201294418,-0.00127851029267845,0.002224224681261,-0.013520353612,
50.894,0.0189999999999984,92,92,2,91,0,-1.54194006180265,-30.8376517880311,-0.00134675003815232,0.002219535507904,-0.0084842092613,
50.895,0.0200000000000031,92,92,2,91,0,-1.53974148839867,-30.8958715589706,-0.00141461287944367,0.002210985037337,-0.0064415765321,
50.896,0.0210000000000008,92,92,2,91,0,-1.53755227341867,-30.8528146968247,-0.00148220345391792,0.002199839215298,-0.0081706868456,
50.897,0.0219999999999985,92,92,2,91,0,-1.53537510372694,-30.7223789162233,-0.0015492332765632,0.002188408920713,-0.0104525583612,
50.898,0.0230000000000032,92,92,2,91,0,-1.53321352593863,-30.6564433481005,-0.00161557082600439,0.002176105707185,-0.0116068285041,
50.899,0.0240000000000009,92,92,2,91,0,-1.53107834145049,-30.5862348318536,-0.00168095303422433,0.002158337369285,-0.0136808751567,
50.9,0.0249999999999986,92,92,2,91,0,-1.52896952872248,-30.4638773344159,-0.00174532466101596,0.002135190950152,-0.0177422249583,
50.901,0.0260000000000034,92,92,2,91,0,-1.52687804337809,-30.3011287603939,-0.00180886922086643,0.002111526040963,-0.0216885417799,
50.902,0.027000000000001,92,92,2,91,0,-1.52479508506078,-30.0840413995793,-0.00187175911707982,0.002094125451352,-0.0216300662988,
50.903,0.0279999999999987,92,92,2,91,0,-1.52271725652053,-30.1280656894976,-0.00193431433436331,0.002083977492316,-0.0171040963119,
50.904,0.0290000000000035,92,92,2,91,0,-1.52064409579361,-30.2633654204601,-0.0019969149059591,0.002077967129369,-0.0110824693818,
50.905,0.0300000000000011,92,92,2,91,0,-1.51858343385695,-30.1723378527101,-0.00205918368263269,0.002070811433841,-0.007595241548,
50.906,0.0309999999999988,92,92,2,91,0,-1.51654153961836,-29.9546240474475,-0.00212057013118283,0.002058781264317,-0.0082744379525,
50.907,0.0320000000000036,92,92,2,91,0,-1.51451868658806,-29.7622028344632,-0.0021809693132866,0.002041812185524,-0.0120495001059,
50.908,0.0330000000000013,92,92,2,91,0,-1.51251267000744,-29.8195405829156,-0.00224073029588112,0.002023514457883,-0.0158860006667,
50.909,0.0339999999999989,92,92,2,91,0,-1.51052171413,-29.9645221086747,-0.00230024401136575,0.00200654930457,-0.0174993606882,
50.91,0.0350000000000037,92,92,2,91,0,-1.50854818474586,-29.9384321735131,-0.00235935413161315,0.001990246140404,-0.0171663288673,
50.911,0.0360000000000014,92,92,2,91,0,-1.50659732878092,-29.6610727161508,-0.00241748915641438,0.00197195530637,-0.0170980618705,
50.912,0.036999999999999,92,92,2,91,0,-1.50466140341568,-29.4516102278705,-0.00247470802756311,0.00195317881079,-0.0178402315374,
50.913,0.0380000000000038,92,92,2,91,0,-1.50273736965608,-29.4203693889677,-0.00253134386571219,0.001936837063458,-0.0179003726418,
50.914,0.0390000000000015,92,92,2,91,0,-1.50083436276784,-29.4042090618797,-0.00258731565469361,0.001921293179884,-0.016832812679,
50.915,0.0399999999999991,92,92,2,91,0,-1.49896945993947,-29.3726078682322,-0.00264212218075954,0.001897883731687,-0.0181429120883,
50.916,0.0410000000000039,92,92,2,91,0,-1.49715319432727,-29.3585396575241,-0.00269545786255776,0.00186174288148,-0.0248691994131,
50.917,0.0420000000000016,92,92,2,91,0,-1.49537539476372,-29.2406170958449,-0.00274754664019383,0.001819316962456,-0.0342069502491,
50.918,0.0429999999999993,92,92,2,91,0,-1.49362290773065,-29.0649554335881,-0.00279863652011159,0.001781745619001,-0.0390840257082,
50.919,0.044000000000004,92,92,2,91,0,-1.49189048608373,-28.9261493971994,-0.00284886904279347,0.001754061176369,-0.0360616458788,
50.92,0.0450000000000017,92,92,2,91,0,-1.49017177964361,-29.0671128662058,-0.0028987057394545,0.001734326700725,-0.0282655227825,
50.921,0.0459999999999994,92,92,2,91,0,-1.48845230936743,-29.367769551089,-0.00294894426116343,0.001723050152978,-0.0195820873713,
50.922,0.0470000000000042,92,92,2,91,0,-1.4867309337263,-29.5634687553109,-0.00299966566021226,0.001719812734847,-0.0114021872313,
50.923,0.0480000000000018,92,92,2,91,0,-1.48501392075732,-29.5555036939302,-0.00305041968141495,0.00171949523,-0.0047731830306,
50.924,0.0489999999999995,92,92,2,91,0,-1.48330843758366,-29.4804782043178,-0.00310076211829369,0.001714862832029,-0.0024879467694,
50.925,0.0500000000000043,92,92,2,91,0,-1.4816147397251,-29.5097155222999,-0.0031507179006951,0.001705406517726,-0.0047851049334,
50.926,0.0510000000000019,92,92,2,91,0,-1.4799225797361,-29.4806250249522,-0.00320062844770064,0.001696772092222,-0.0077625727637,
50.927,0.0519999999999996,92,92,2,91,0,-1.47823284586351,-29.4180935482369,-0.00325039002760263,0.001691893514945,-0.0077542376756,
50.928,0.0530000000000044,92,92,2,91,0,-1.47654648284046,-29.3860040148478,-0.00329997255548165,0.001689450452651,-0.0052746772502,
50.929,0.054000000000002,92,92,2,91,0,-1.47486714837382,-29.3521945715167,-0.0033492930961927,0.001685265710989,-0.0036962205993,
50.93,0.0549999999999997,92,92,2,91,0,-1.47319082792016,-29.1953907031533,-0.00339836535354721,0.001680538829669,-0.003824879749,
50.931,0.0560000000000045,92,92,2,91,0,-1.4715117884215,-29.0011452554055,-0.00344722249482743,0.001678040371054,-0.0038957126111,
50.932,0.0570000000000022,92,92,2,91,0,-1.46983837322847,-28.8631532800736,-0.0034956379929838,0.001676536493471,-0.0028686111169,
50.933,0.0579999999999998,92,92,2,91,0,-1.46817821904531,-28.826360157598,-0.0035435247365001,0.001671124181758,-0.0029747821316,
50.934,0.0590000000000046,92,92,2,91,0,-1.4665320132049,-28.7640341642186,-0.00359092755823553,0.001659947983296,-0.0059689474987,
50.935,0.0600000000000023,92,92,2,91,0,-1.46490113083998,-28.6181016266486,-0.00363771931489509,0.001645793300588,-0.0103405777111,
50.936,0.0609999999999999,92,92,2,91,0,-1.4632822716792,-28.591508684264,-0.00368402646577692,0.001631872446325,-0.0131909889007,
50.937,0.0619999999999976,92,92,2,91,0,-1.4616776115592,-28.5426122389989,-0.0037298668884489,0.001618206409788,-0.0139145574787,
50.938,0.0630000000000024,92,92,2,91,0,-1.46009113261248,-28.4913778585967,-0.00377510850071872,0.00160346548025,-0.0140649497551,
50.939,0.0640000000000001,92,92,2,91,0,-1.45851596762697,-28.4673978836327,-0.00381996823529107,0.001588539110341,-0.014474093749,
50.94,0.0649999999999977,92,92,2,91,0,-1.45694505558051,-28.3895266541215,-0.00386462684912203,0.001577283292158,-0.0137695722799,
50.941,0.0660000000000025,92,92,2,91,0,-1.4553811592227,-28.3401506992241,-0.00390898651701832,0.00157008322158,-0.0111402594193,
50.942,0.0670000000000002,92,92,2,91,0,-1.45382286683085,-28.3054929296206,-0.00395312175476192,0.001564319874617,-0.007985777775,
50.943,0.0679999999999978,92,92,2,91,0,-1.45226517133367,-28.371313816155,-0.00399726435810521,0.001559794513237,-0.0058229683726,
50.944,0.0690000000000026,92,92,2,91,0,-1.45070270264546,-28.4808392841177,-0.00404167921263365,0.00155930652289,-0.003685545745,
50.945,0.0700000000000003,92,92,2,91,0,-1.44913239766883,-28.3742018195594,-0.0040863190896232,0.001563387617427,-0.0003284761917,
50.946,0.070999999999998,92,92,2,91,0,-1.44756570877136,-28.1003199185612,-0.00413055809272578,0.001566869266356,0.0025305353894,
50.947,0.0720000000000027,92,92,2,91,0,-1.44602244542899,-27.9775271173171,-0.00417382953554579,0.001560746054688,0.0007800244323,
50.948,0.0730000000000004,92,92,2,91,0,-1.44451219080826,-28.0870040937953,-0.00421616539421166,0.001540388392408,-0.0075120886725,
50.949,0.0739999999999981,92,92,2,91,0,-1.4430282936662,-28.1293321752701,-0.00425787502456387,0.001512249993621,-0.0184215480485,
50.95,0.0750000000000028,92,92,2,91,0,-1.44155964422211,-27.9343274095718,-0.00429904395579683,0.00148723007627,-0.0248686334041,
50.951,0.0760000000000005,92,92,2,91,0,-1.44009981161141,-27.7782519001528,-0.00433970947585749,0.001470578703464,-0.0234448984183,
50.952,0.0769999999999982,92,92,2,91,0,-1.43865594882699,-27.7132112576175,-0.00437977050512472,0.001457686712833,-0.018034121517,
50.953,0.078000000000003,92,92,2,91,0,-1.43723291258768,-27.8112211761232,-0.00441927714487633,0.001442405768771,-0.0147364913128,
50.954,0.0790000000000006,92,92,2,91,0,-1.43582945736646,-27.9777804147332,-0.00445842582766431,0.001423409897416,-0.0156787362206,
50.955,0.0799999999999983,92,92,2,91,0,-1.4344495007198,-27.9218460601563,-0.00449699535820969,0.001402279954279,-0.0185216147017,
50.956,0.0810000000000031,92,92,2,91,0,-1.43309286844229,-27.7576766619016,-0.0045347636770714,0.001380008908283,-0.0208320524601,
50.957,0.0820000000000007,92,92,2,91,0,-1.43175380047638,-27.6427824341787,-0.00457185616710376,0.001358360294775,-0.0217419853919,
50.958,0.0829999999999984,92,92,2,91,0,-1.43043079353054,-27.7064294987345,-0.00460846986302954,0.001339518953369,-0.0209931616238,
50.959,0.0840000000000032,92,92,2,91,0,-1.42912152463601,-27.5979177993488,-0.00464467399385171,0.001323703836468,-0.0187756556851,
50.96,0.0850000000000009,92,92,2,91,0,-1.42782498277494,-27.4545168787607,-0.00468036288691565,0.001309572199885,-0.0162179401571,
50.961,0.0859999999999985,92,92,2,91,0,-1.42653205892896,-27.479105707593,-0.00471587538220319,0.001299274566581,-0.0134864796947,
50.962,0.0870000000000033,92,92,2,91,0,-1.42523545503256,-27.5846623897781,-0.00475157333033849,0.001295113265633,-0.0096069345809,
50.963,0.088000000000001,92,92,2,91,0,-1.42393335014723,-27.6073481386171,-0.00478750622360735,0.001297150177953,-0.0041427366744,
50.964,0.0889999999999986,92,92,2,91,0,-1.42263142897379,-27.399193637408,-0.00482331331431851,0.001300399475084,0.0005411637829,
50.965,0.0900000000000034,92,92,2,91,0,-1.42134149397254,-27.1841462803835,-0.00485851779464497,0.00129838043535,0.0013050806282,
50.966,0.0910000000000011,92,92,2,91,0,-1.42007461638727,-27.0404778473275,-0.00489286577507642,0.001286613628113,-0.0033628689254,
50.967,0.0919999999999987,92,92,2,91,0,-1.41883683124259,-27.0690757354939,-0.00492635377588613,0.00126506707789,-0.0117763998819,
50.968,0.0930000000000035,92,92,2,91,0,-1.4176191307077,-27.2227102737576,-0.00495940934430905,0.001240487493921,-0.019522537451,
50.969,0.0940000000000012,92,92,2,91,0,-1.41640421088124,-27.4412577770494,-0.00499261551360064,0.001222891705297,-0.0215745352417,
50.97,0.0949999999999989,92,92,2,91,0,-1.41518503767671,-27.6591790632711,-0.0050262040016662,0.001217030052407,-0.0161706865073,
50.971,0.0960000000000036,92,92,2,91,0,-1.41396736125592,-27.6338708003261,-0.00505986852320461,0.001217448155987,-0.0074979666692,
50.972,0.0970000000000013,92,92,2,91,0,-1.41275927382145,-27.4323995383061,-0.00509313095784592,0.001215248760016,-0.0022510732263,
50.973,0.097999999999999,92,92,2,91,0,-1.41155245993174,-27.3314544476036,-0.00512617584766417,0.001210582066938,-0.0021543352378,
50.974,0.0990000000000038,92,92,2,91,0,-1.41033864717105,-27.3696086378917,-0.00515937427186941,0.001209295614432,-0.0029124317743,
50.975,0.100000000000001,92,92,2,91,0,-1.40913214723814,-27.3983436206104,-0.00519241303723561,0.001209519251062,-0.0018474979368,
50.976,0.100999999999999,92,92,2,91,0,-1.40793817382993,-27.4781533044453,-0.00522517357626384,0.001204935823834,-0.0016715092682,
50.977,0.102000000000004,92,92,2,91,0,-1.40674355110344,-27.5420370534751,-0.00525803776116618,0.001197926161104,-0.0038691787212,
50.978,0.103000000000002,92,92,2,91,0,-1.40554969622391,-27.364547010797,-0.00529081300780376,0.001194197576918,-0.0052974685162,
50.979,0.103999999999999,92,92,2,91,0,-1.40436669855878,-27.1502392745986,-0.00532305844023995,0.001190828069298,-0.0046051847794,
50.98,0.105000000000004,92,92,2,91,0,-1.40319966679892,-27.2510023673178,-0.00535480242862718,0.001181465057869,-0.0052752817325,
50.981,0.106000000000002,92,92,2,91,0,-1.4020406882879,-27.4934896628052,-0.00538652627355418,0.001169405556789,-0.0083739071816,
50.982,0.106999999999999,92,92,2,91,0,-1.40088158740853,-27.4501419235884,-0.00541836887938985,0.001161431196177,-0.0100250120443,
50.983,0.108000000000004,92,92,2,91,0,-1.39972390932996,-27.3482853895356,-0.00545008834839678,0.001158637328625,-0.0076457548344,
50.984,0.109000000000002,92,92,2,91,0,-1.39856643003312,-27.3760831258334,-0.00548175951018948,0.001158045284291,-0.0036874685046,
50.985,0.109999999999999,92,92,2,91,0,-1.39740836046195,-27.3633338048299,-0.00551345553674309,0.001157716013658,-0.0011737591891,
50.986,0.111000000000004,92,92,2,91,0,-1.39624921593068,-27.2451773080931,-0.00554510511526018,0.001158214976901,-0.0001596325805,
50.987,0.112000000000002,92,92,2,91,0,-1.39508229695242,-27.071503737267,-0.00557679669822164,0.001161154377337,0.0009826242381,
50.988,0.113,92,92,2,91,0,-1.39389837680303,-27.0132768670689,-0.00560881272897973,0.001169686995502,0.0038852345968,
50.989,0.114000000000004,92,92,2,91,0,-1.39269382355612,-26.9948809171365,-0.00564134057989918,0.001185009727307,0.0088916869383,
50.99,0.115000000000002,92,92,2,91,0,-1.39147667046697,-26.9351713703391,-0.00567416114478192,0.001202143270326,0.0138289410772,
50.991,0.116,92,92,2,91,0,-1.39026232536775,-26.8311215205895,-0.0057068065619319,0.001212530739499,0.014566477501,
50.992,0.117000000000004,92,92,2,91,0,-1.38905932616314,-26.8023112203263,-0.00573906705039917,0.001211783727816,0.00907094707,
50.993,0.118000000000002,92,92,2,91,0,-1.38786883678326,-26.7978732678832,-0.00577097227559875,0.001202650025574,7.73254061E-05,
50.994,0.119,92,92,2,91,0,-1.38668848393982,-26.7595760630988,-0.00580258061938821,0.001191201366367,-0.0073121821638,
50.995,0.120000000000005,92,92,2,91,0,-1.38552736728484,-26.767260748597,-0.00583365607025144,0.001177622947834,-0.0113930999153,
50.996,0.121000000000002,92,92,2,91,0,-1.38439958087176,-26.7639283179488,-0.00586384194409106,0.001156888438948,-0.0150863178411,
50.997,0.122,92,92,2,91,0,-1.38330220553415,-26.7495860190286,-0.00589320414951544,0.001128662163009,-0.020835211896,
50.998,0.122999999999998,92,92,2,91,0,-1.38221646509706,-26.7470888003692,-0.00592224590107548,0.001103008190095,-0.0252070549156,
50.999,0.124000000000002,92,92,2,91,0,-1.3811269801432,-26.7989389513253,-0.00595141469685245,0.001090354262277,-0.0225256502927,
51,0.125,92,92,2,91,0,-1.38003540626559,-26.8373494038641,-0.00598068868248447,0.001088988275954,-0.0131675588983,
51.001,0.125999999999998,92,92,2,91.25,0,-1.37894545545897,-26.8569399210569,-0.00600995074947264,0.001090460279188,-0.0039009719044,
51.002,0.127000000000002,92,92,2,91.25,0,-1.37785712127257,-26.6794500879474,-0.00603908349120275,0.001089952741848,2.67441947E-05,
51.003,0.128,92,92,2,91.25,0,-1.37677508723947,-26.4541482904601,-0.00606782967207664,0.001086929126475,-0.0006684985777,
51.004,0.128999999999998,92,92,2,91.25,0,-1.37569935934651,-26.2700709056673,-0.00609618812868007,0.001082032237049,-0.002830774179,
51.005,0.130000000000003,92,92,2,91.25,0,-1.37462361551405,-26.2892408543213,-0.0061244583064024,0.001077624516855,-0.0041881564405,
51.006,0.131,92,92,2,91.25,0,-1.37355189240959,-26.4512543973165,-0.00615271991006239,0.00107453283221,-0.0041596602989,
51.007,0.131999999999998,92,92,2,91.25,0,-1.37248654260354,-26.5370200144019,-0.00618094543398229,0.001071017333337,-0.0036136395781,
51.008,0.133000000000003,92,92,2,91.25,0,-1.371421578874,-26.5645179078758,-0.00620922103991006,0.00106714597262,-0.0034951131578,
51.009,0.134,92,92,2,91.25,0,-1.37035395874711,-26.4912275866313,-0.00623754273078703,0.001065876471698,-0.0029840442253,
51.01,0.134999999999998,92,92,2,91.25,0,-1.36929925654373,-26.4317429202363,-0.00626545171758153,0.001062947830632,-0.0025478009037,
51.011,0.136000000000003,92,92,2,91.25,0,-1.36826939060713,-26.3003690959087,-0.0062926052205512,0.001051126700399,-0.0050986457729,
51.012,0.137,92,92,2,91.25,0,-1.36726508068933,-26.100652357787,-0.006318918653335,0.001029650010994,-0.0120500512345,
51.013,0.137999999999998,92,92,2,91.25,0,-1.36629123576986,-26.0395822353238,-0.00634430690462295,0.001002837223941,-0.0201808509478,
51.014,0.139000000000003,92,92,2,91.25,0,-1.36536892309642,-26.0533854654658,-0.00636832990676339,0.00096752474516,-0.027761865277,
51.015,0.140000000000001,92,92,2,91.25,0,-1.3645058904623,-26.0886030947518,-0.00639083002562302,0.000919988335453,-0.0364297505404,
51.016,0.140999999999998,92,92,2,91.25,0,-1.36367111832851,-26.166033120633,-0.00641264038270606,0.000872338495817,-0.0439032594079,
51.017,0.142000000000003,92,92,2,91.25,0,-1.36282565840065,-26.1566551541482,-0.006434758750828,0.00084645662211,-0.0410854208786,
51.018,0.143000000000001,92,92,2,91.25,0,-1.36195406810157,-26.2290990326607,-0.0064575882084057,0.000850092701005,-0.0235568777051,
51.019,0.143999999999998,92,92,2,91.25,0,-1.3610701433362,-26.3810311028737,-0.00648083990688519,0.000867451527601,-0.0011024825753,
51.02,0.145000000000003,92,92,2,91.25,0,-1.36018874791051,-26.4352191325811,-0.00650411590757471,0.000879465623579,0.0116385831003,
51.021,0.146000000000001,92,92,2,91.25,0,-1.35929662088759,-26.3833779443349,-0.00652767635645546,0.000885373706763,0.0117857113252,
51.022,0.146999999999998,92,92,2,91.25,0,-1.35839036669785,-26.3622453565573,-0.00655157682751906,0.000893145693797,0.0082990581772,
51.023,0.148000000000003,92,92,2,91.25,0,-1.35748797526848,-26.3760373097235,-0.00657537211466774,0.000900857211583,0.0071946751046,
51.024,0.149000000000001,92,92,2,91.25,0,-1.3566041629128,-26.4250162136431,-0.00659870522642336,0.000897976535374,0.0045520003619,
51.025,0.149999999999999,92,92,2,91.25,0,-1.35574764741709,-26.4655428960055,-0.00662135601814384,0.000881197019796,-0.0038726698212,
51.026,0.151000000000003,92,92,2,91.25,0,-1.35490929105319,-26.5334940904265,-0.00664357205812394,0.000859256814158,-0.0141580707853,
51.027,0.152000000000001,92,92,2,91.25,0,-1.35406112052271,-26.5348277545214,-0.00666607755147197,0.000846748353417,-0.0175624751509,
51.028,0.152999999999999,92,92,2,91.25,0,-1.35316841871276,-26.4335525028043,-0.00668972003592216,0.000858585664347,-0.0080342527088,
51.029,0.154000000000003,92,92,2,91.25,0,-1.35221333293053,-26.2931139323752,-0.00671489928063806,0.000898057617793,0.0128239721835,
51.03,0.155000000000001,92,92,2,91.25,0,-1.35121285578893,-26.1046656306132,-0.00674111067098693,0.000949987998357,0.0349190888266,
51.031,0.155999999999999,92,92,2,91.25,0,-1.35020253873303,-26.1009574323422,-0.00676748278667105,0.000989811708079,0.044560851176,
51.032,0.157000000000004,92,92,2,91.25,0,-1.34920452352903,-26.2570737268697,-0.00679360984224786,0.00100367452604,0.0356674434463,
51.033,0.158000000000001,92,92,2,91.25,0,-1.34823090976237,-26.2766703710444,-0.00681918363048339,0.000994385328368,0.0147054807994,
51.034,0.158999999999999,92,92,2,91.25,0,-1.34728747930651,-26.1648353059677,-0.00684392108729526,0.000971879204625,-0.0063086708034,
51.035,0.160000000000004,92,92,2,91.25,0,-1.34637416816612,-26.1655864169786,-0.00686781806587078,0.00094344965446,-0.0203180738483,
51.036,0.161000000000001,92,92,2,91.25,0,-1.34548129418284,-26.231684628324,-0.00689121014593752,0.000916215787897,-0.0262938171578,
51.037,0.161999999999999,92,92,2,91.25,0,-1.34459609572109,-26.136014586395,-0.00691438804932432,0.000896702473951,-0.0252764058585,
51.038,0.163000000000004,92,92,2,91.25,0,-1.34370915070365,-25.993246593039,-0.00693750594356857,0.000888025084916,-0.0185787022578,
51.039,0.164000000000001,92,92,2,91.25,0,-1.34282209391232,-25.9089622743392,-0.00696052604700981,0.0008864545829,-0.0097961004026,
51.04,0.164999999999999,92,92,2,91.25,0,-1.3419586247431,-25.9006023153353,-0.0069828940278569,0.00087994697253,-0.0051837006279,
51.041,0.166000000000004,92,92,2,91.25,0,-1.34116423931542,-25.7848197801427,-0.00700342310091173,0.000849820333391,-0.0121121864945,
51.042,0.167000000000002,92,92,2,91.25,0,-1.34049286370921,-25.5481007912243,-0.00702065493624104,0.000778207603701,-0.0354867576736,
51.043,0.167999999999999,92,92,2,91.25,0,-1.34001458227703,-25.1672816363499,-0.00703278304911237,0.000650350300442,-0.0760402745954,
51.044,0.169000000000004,92,92,2,91.25,0,-1.33982351828064,-24.7974894794486,-0.0070375562835352,0.000450044453652,-0.1327184942476,
51.045,0.170000000000002,92,92,2,91.25,0,-1.33999636042395,-24.8157773709077,-0.0070332686518384,0.000168057385217,-0.2030756502242,
51.046,0.170999999999999,92,92,2,91.25,0,-1.340557617505,-24.8668128953018,-0.00701932629903013,-0.000180194782722,-0.2773622317927,
51.047,0.172000000000004,92,92,2,91.25,0,-1.34155753975569,-24.5037847440269,-0.00699464291946583,-0.00057633215062,-0.3427381980755,
51.048,0.173000000000002,92,92,2,91.25,0,-1.34317305216896,-23.7568210267196,-0.006955660115608,-0.001052999748572,-0.4059308769265,
51.049,0.173999999999999,92,92,2,91.25,0,-1.34570206431342,-22.934413373966,-0.0068966187661772,-0.001704885283853,-0.5050739101345,
51.05,0.175000000000004,92,92,2,91.25,0,-1.34950490548078,-22.1949533937298,-0.00681080885928509,-0.002637110931973,-0.683422187934,
51.051,0.176000000000002,92,92,2,91.25,0,-1.35495805190895,-21.6444904121064,-0.00669127740607678,-0.003915784038733,-0.9520578518603,
51.052,0.177,92,92,2,91.25,0,-1.36242905754454,-21.1501259328,-0.00653141799614332,-0.005563412612153,-1.285425509166,
51.053,0.178000000000004,92,92,2,91.25,0,-1.3722550434173,-20.6551862216897,-0.00632602879281308,-0.007572141944515,-1.6452721611046,
51.054,0.179000000000002,92,92,2,91.25,0,-1.38475371643521,-20.313836855247,-0.00606999958117171,-0.009921297945154,-2.0025271051625,
51.055,0.18,92,92,2,91.25,0,-1.40025781781835,-20.1726202482195,-0.00575614651339151,-0.012598495383934,-2.3454404315982,
51.056,0.181000000000004,92,92,2,91.25,0,-1.41911911376012,-20.1528174812454,-0.00537585150590303,-0.01560963124116,-2.6789665328715,
51.057,0.182000000000002,92,92,2,91.25,0,-1.44167999234891,-20.31387297485,-0.00491936946076521,-0.018964012368287,-3.0139279126625,
51.058,0.183,92,92,2,91.25,0,-1.46826389729118,-20.7829406381629,-0.0043731125674924,-0.022657911700728,-3.3532630077509,
51.059,0.184000000000005,92,92,2,91.25,0,-1.4991994027643,-21.5109416625958,-0.00371892125380668,-0.026682477195481,-3.6912437195404,
51.06,0.185000000000002,92,92,2,91.25,0,-1.53483477033908,-22.3118721644019,-0.00293810021435092,-0.031039983944363,-4.0252480222981,
51.061,0.186,92,92,2,91.25,0,-1.57552793940555,-23.3353469723358,-0.00200933521148272,-0.035742749391789,-4.3612019822065,
51.062,0.186999999999998,92,92,2,91.25,0,-1.62161368107129,-24.7644812877646,-0.000900977081812471,-0.040793600398744,-4.7036135057215,
51.063,0.188000000000002,92,92,2,91.25,0,-1.67339340058087,-26.6633418167094,0.000430482045857161,-0.046176163239111,-5.0459388891199,
51.064,0.189,92,92,2,91.25,0,-1.7311546824539,-28.952134222469,0.00203669263984807,-0.051865994865463,-5.3752299261389,
51.065,0.189999999999998,92,92,2,91.25,0,-1.79518517950318,-31.7912520193692,0.00398140724661289,-0.05784757771687,-5.685176358073,
51.066,0.191000000000003,92,92,2,91.25,0,-1.86575642542011,-35.1449335555637,0.00634329225309216,-0.0641119571567,-5.9788964604174,
51.067,0.192,92,92,2,91.25,0,-1.94312463919788,-39.1907766727149,0.0092189028132168,-0.070648111614887,-6.2610729688102,
51.068,0.192999999999998,92,92,2,91.25,0,-2.02755853040843,-43.9187841747919,0.0127275346227975,-0.077448826649352,-6.5339901255633,
51.069,0.194000000000003,92,92,2,91.25,0,-2.11931435356392,-49.2722434407627,0.0170029443475812,-0.084510767564198,-6.7997146256959,
51.07,0.195,92,92,2,91.25,0,-2.21861391858346,-55.3524264769199,0.0221975364541436,-0.091822366131223,-7.0584704463854,
51.071,0.195999999999998,92,92,2,91.25,0,-2.32565330559806,-62.1786461245187,0.0284877634373686,-0.099358389058843,-7.3040285795498,
51.072,0.197000000000003,92,92,2,91.25,0,-2.44063475901598,-69.7137185900134,0.036070351332171,-0.107100060337078,-7.530390124626,
51.073,0.198,92,92,2,91.25,0,-2.56377784506309,-78.2997712146501,0.0451837702877356,-0.115047323285681,-7.7416542741609,
51.074,0.198999999999998,92,92,2,91.25,0,-2.69525709205287,-88.2050506503345,0.0561297345872163,-0.123195444541154,-7.9458429395536,
51.075,0.200000000000003,92,92,2,91.25,0,-2.83519407371831,-99.0100283735106,0.0692288911276364,-0.131515719109677,-8.139509757327,
51.076,0.201000000000001,92,92,2,91.25,0,-2.98364790927067,-111.031016983808,0.0848195905309979,-0.139954717428818,-8.3042456997934,
51.077,0.201999999999998,92,92,2,91.25,0,-3.14059772787033,-124.387745783909,0.103294056586662,-0.148447574300474,-8.4195387597101,
51.078,0.203000000000003,92,92,2,91.25,0,-3.30599206763176,-139.110569929356,0.125084621564497,-0.156934380034001,-8.4748839644628,
51.079,0.204000000000001,92,92,2,91.25,0,-3.47978612073597,-155.126772225072,0.150652971698321,-0.165380897415733,-8.4765345694272,
51.08,0.204999999999998,92,92,2,91.25,0,-3.6619233199174,-172.221673196988,0.180464136201095,-0.173777082924542,-8.4435043253936,
51.081,0.206000000000003,92,92,2,91.25,0,-3.85229705132526,-190.789244770764,0.215018007698745,-0.182105215026193,-8.3908690485385,
51.082,0.207000000000001,92,92,2,91.25,0,-4.0507530441504,-211.254396805633,0.254911992722782,-0.190327450165115,-8.3167790349797,
51.083,0.207999999999998,92,92,2,91.25,0,-4.25712377833099,-233.405673411423,0.300794405298518,-0.198405736806591,-8.2108196785069,
51.084,0.209000000000003,92,92,2,91.25,0,-4.47121999092711,-256.917426599913,0.353282564628927,-0.206313955298614,-8.0704507458739,
51.085,0.210000000000001,92,92,2,91.25,0,-4.69277855804592,-281.534988755767,0.412931937432859,-0.214017275428268,-7.8977694281482,
51.086,0.210999999999999,92,92,2,91.25,0,-4.92146087847074,-306.845620189139,0.480208058906101,-0.221456986753806,-7.6857069971299,
51.087,0.212000000000003,92,92,2,91.25,0,-5.15691556875761,-332.483277159016,0.555474552664379,-0.228576905391632,-7.4228561604592,
51.088,0.213000000000001,92,92,2,91.25,0,-5.39879502109009,-358.408388401519,0.639030801507801,-0.235350407941938,-7.1119316178836,
51.089,0.213999999999999,92,92,2,91.25,0,-5.64676080427034,-384.580208417327,0.731148676159876,-0.241777922973128,-6.7736311208272,
51.09,0.215000000000003,92,92,2,91.25,0,-5.90048306914287,-411.002540437553,0.832077204626358,-0.247866828433603,-6.4297284157103,
51.091,0.216000000000001,92,92,2,91.25,0,-6.15966833485814,-437.51994893726,0.942039468063371,-0.253634220617668,-6.0940343487665,
51.092,0.216999999999999,92,92,2,91.25,0,-6.42407706751889,-464.201484074216,1.06125097872118,-0.259113405546092,-5.7773839902957,
51.093,0.218000000000004,92,92,2,91.25,0,-6.69352312269754,-490.943128008182,1.18993095264653,-0.264352889332476,-5.4937367625043,
51.094,0.219000000000001,92,92,2,91.25,0,-6.96787387706635,-518.211805748717,1.32836216132213,-0.269406268180328,-5.2555626474364,
51.095,0.219999999999999,92,92,2,91.25,0,-7.24701375087263,-545.974136387578,1.47689052611932,-0.274316080443003,-5.0661403538585,
51.096,0.221000000000004,92,92,2,91.25,0,-7.53078818069009,-572.68045046234,1.63561330989234,-0.279093504778393,-4.9131658600426,
51.097,0.222000000000001,92,92,2,91.25,0,-7.81901412216973,-599.131426722458,1.80448660066165,-0.28371951651276,-4.7717169332686,
51.098,0.222999999999999,92,92,2,91.25,0,-8.11149038208269,-625.944603303793,1.9836394283472,-0.288165583510982,-4.6174520938304,
51.099,0.224000000000004,92,92,2,91.25,0,-8.40796800777191,-653.527953705141,2.17330692126546,-0.292401574115842,-4.4370275010569,
51.1,0.225000000000001,92,92,2,91.25,0,-8.70814045395639,-681.455205156317,2.37366950147072,-0.29638566210492,-4.223442738134,
51.101,0.225999999999999,92,92,2,91.25,0,-9.01170210329156,-709.387547745408,2.58477276148906,-0.300080760981109,-3.9729620399459,
51.102,0.227000000000004,92,92,2,91.25,0,-9.31834446796221,-737.925637432088,2.80667653024997,-0.303469102990607,-3.6897685500484,
51.103,0.228000000000002,92,92,2,91.25,0,-9.62772445814299,-766.880965833316,3.03945505632109,-0.306539437723045,-3.3849668863873,
51.104,0.228999999999999,92,92,2,91.25,0,-9.9394500326543,-795.952549632777,3.28304264405818,-0.3092623778269,-3.0615185269811,
51.105,0.230000000000004,92,92,2,91.25,0,-10.2530659800963,-825.575363923316,3.53731115051497,-0.311589011091358,-2.7082664406108,
51.106,0.231000000000002,92,92,2,91.25,0,-10.5681172044886,-855.314804464654,3.80209440332482,-0.313479418647883,-2.3146576038972,
51.107,0.231999999999999,92,92,2,91.25,0,-10.8842019078842,-885.383053587918,4.07719838640676,-0.3149306850082,-1.8895329100425,
51.108,0.233000000000004,92,92,2,91.25,0,-11.2009770020367,-915.720959311145,4.36247083303903,-0.31598177692168,-1.4629563851283,
51.109,0.234000000000002,92,92,2,91.25,0,-11.5181120687549,-946.361111489865,4.65773659391809,-0.31667596869514,-1.0640742055251,
51.11,0.234999999999999,92,92,2,91.25,0,-11.8351571639026,-977.581527116461,4.96272488237594,-0.31700008347734,-0.690238718088,
51.111,0.236000000000004,92,92,2,91.25,0,-12.151600995848,-1009.52458377077,5.27712861848161,-0.31689170765816,-0.305390699164,
51.112,0.237000000000002,92,92,2,91.25,0,-12.4670187554548,-1041.76793332936,5.60063566350257,-0.31631638920451,0.118711429107,
51.113,0.238,92,92,2,91.25,0,-12.7810328096082,-1074.01827618496,5.93282896618825,-0.31530446967236,0.566215986859,
51.114,0.239000000000004,92,92,2,91.25,0,-13.0932849060134,-1106.58729992376,6.27327829747469,-0.31390657846496,0.996730711175,
51.115,0.240000000000002,92,92,2,91.25,0,-13.4033762441544,-1139.91647763785,6.62158897873604,-0.3121324562504,1.394969006973,
51.116,0.241,92,92,2,91.25,0,-13.7108604582036,-1173.9737237562,6.97733133372196,-0.30995742839272,1.781524605348,
51.117,0.242000000000004,92,92,2,91.25,0,-14.0153074783893,-1208.41025941129,7.33998618602877,-0.30735519311769,2.182918389949,
51.118,0.243000000000002,92,92,2,91.25,0,-14.3162698485534,-1243.1586981301,7.70890118806997,-0.30431278333827,2.606125401142,
51.119,0.244,92,92,2,91.25,0,-14.6133001083216,-1278.20834062347,8.08336234131585,-0.30082813205181,3.043029880215,
51.12,0.245000000000005,92,92,2,91.25,0,-14.9059701788295,-1313.76949387161,8.46265950910416,-0.29690183610888,3.484472231289,
51.121,0.246000000000002,92,92,2,91.25,0,-15.1937621302926,-1350.46820337615,8.84603259213037,-0.29251469157255,3.932057124009,
51.122,0.247,92,92,2,91.25,0,-15.476018666845,-1387.91737091495,9.23249620610258,-0.28759476270333,4.408725258177,
51.123,0.247999999999998,92,92,2,91.25,0,-15.7520482511558,-1425.68250634408,9.62081460837103,-0.28204907535313,4.947821113647,
51.124,0.249000000000002,92,92,2,91.25,0,-16.0211940093093,-1463.51366434972,10.0096220552788,-0.27583252213609,5.559219565958,
51.125,0.25,92,92,2,91.25,0,-16.2828548696162,-1501.2764419758,10.397506820204,-0.26896543664671,6.21045313869,
51.126,0.250999999999998,92,92,2,91.5,0,-16.5364393981886,-1538.95226637774,10.7829843020841,-0.26148343014053,6.856402112718,
51.127,0.252000000000002,92,92,2,91.5,0,-16.7813006366793,-1576.43033003702,11.1644025225493,-0.25339044106821,7.480824970982,
51.128,0.253,92,92,2,91.5,0,-17.0167721785244,-1613.27818139234,11.5399453131608,-0.24466131652152,8.100534944789,
51.129,0.253999999999998,92,92,2,91.5,0,-17.2422645722008,-1649.15382449631,11.9077721142679,-0.23529470638818,8.729529580374,
51.13,0.255000000000003,92,92,2,91.5,0,-17.4573412462053,-1684.00942780315,12.2662149473772,-0.22536142222547,9.345366666156,
51.131,0.256,92,92,2,91.5,0,-17.6616771474004,-1717.9182531098,12.6137829266171,-0.21497915806325,9.897975953752,
51.132,0.256999999999998,92,92,2,91.5,0,-17.8549574639529,-1750.57849509993,12.9489790013448,-0.20424145764514,10.354201039134,
51.133,0.258000000000003,92,92,2,91.5,0,-18.0368724708587,-1781.96675440499,13.2702904980741,-0.19318739905127,10.725976994071,
51.134,0.259,92,92,2,91.5,0,-18.2071582455929,-1812.19203150194,13.5763075547622,-0.18183583014833,11.048404233863,
51.135,0.259999999999998,92,92,2,91.5,0,-18.3655789494313,-1841.06545024191,13.8656833655425,-0.17021502311694,11.343087248754,
51.136,0.261000000000003,92,92,2,91.5,0,-18.5118521940982,-1867.98520528027,14.136950802551,-0.15833598735569,11.617504211813,
51.137,0.262,92,92,2,91.5,0,-18.6456372534778,-1892.78851215048,14.3885184701009,-0.14617102683216,11.887344570976,
51.138,0.262999999999998,92,92,2,91.5,0,-18.76659668898,-1915.60273231314,14.6188488976518,-0.13368382780257,12.175854646664,
51.139,0.264000000000003,92,92,2,91.5,0,-18.8744894620451,-1935.29690007909,14.8265910177188,-0.12088712393429,12.483378929379,
51.14,0.265000000000001,92,92,2,91.5,0,-18.9691523865144,-1952.7431106409,15.0106176366532,-0.10784381721749,12.777833271229,
51.141,0.265999999999998,92,92,2,91.5,0,-19.0504441752436,-1967.59486245461,15.169963279781,-0.09462053832601,13.023317514648,
51.142,0.267000000000003,92,92,2,91.5,0,-19.1183052668872,-1980.1492197455,15.3039123912549,-0.08127392032555,13.20628897177,
51.143,0.268000000000001,92,92,2,91.5,0,-19.1727994278916,-1989.56908088056,15.4120756253631,-0.06788022157752,13.323740492037,
51.144,0.268999999999998,92,92,2,91.5,0,-19.2140634428635,-1996.17000098385,15.4943094239371,-0.05453519638641,13.364972456683,
51.145,0.270000000000003,92,92,2,91.5,0,-19.2422859371839,-1999.8199761837,15.5506978261547,-0.0413206025862,13.320497840916,
51.146,0.271000000000001,92,92,2,91.5,0,-19.2577405018526,-2000.57257076188,15.5816099888132,-0.02830457162034,13.194154367175,
51.147,0.271999999999998,92,92,2,91.5,0,-19.2608084334423,-1998.20997801511,15.5877439844641,-0.01556895364051,12.991475920356,
51.148,0.273000000000003,92,92,2,91.5,0,-19.2519866222515,-1992.76491845766,15.5701401709621,-0.00321699867925,12.704642970068,
51.149,0.274000000000001,92,92,2,91.5,0,-19.2318117972382,-1984.97970231985,15.5300150201261,0.0086607925034,12.324804733248,
51.15,0.274999999999999,92,92,2,91.5,0,-19.2007838234928,-1975.12787147785,15.4685779632118,0.02002486548618,11.865924856272,
51.151,0.276000000000003,92,92,2,91.5,0,-19.1593598713078,-1963.17827646909,15.3870078604305,0.03089082265765,11.368753699348,
51.152,0.277000000000001,92,92,2,91.5,0,-19.1079475219921,-1949.03447977068,15.2864398360201,0.04130167779233,10.878861303826,
51.153,0.277999999999999,92,92,2,91.5,0,-19.0469572514903,-1932.79132040413,15.1680630332233,0.05128920653232,10.42038782731,
51.154,0.279000000000003,92,92,2,91.5,0,-18.9768450662248,-1914.84802087687,15.0331798320578,0.06085346857508,9.987546649228,
51.155,0.280000000000001,92,92,2,91.5,0,-18.8980808160258,-1894.91414065301,14.8831433020131,0.06997123031644,9.557291961509,
51.156,0.280999999999999,92,92,2,91.5,0,-18.8111474194591,-1873.36512242111,14.7193486442377,0.07861937462926,9.110826603218,
51.157,0.282000000000004,92,92,2,91.5,0,-18.716562928057,-1850.60725807076,14.5432336274356,0.08677798110701,8.642168190861,
51.158,0.283000000000001,92,92,2,91.5,0,-18.6148521933303,-1827.20368979802,14.3561972005887,0.09442703594889,8.15260233751,
51.159,0.283999999999999,92,92,2,91.5,0,-18.506530901271,-1802.53475705792,14.1596082213885,0.10155602892911,7.645901774143,
51.16,0.285000000000004,92,92,2,91.5,0,-18.3920999159919,-1776.94575107103,13.9548064807221,0.10817103282545,7.130814813554,
51.161,0.286000000000001,92,92,2,91.5,0,-18.2720899006836,-1750.76499373764,13.7431261704783,0.11427178632189,6.614925501534,
51.162,0.286999999999999,92,92,2,91.5,0,-18.1470659249525,-1724.26656529121,13.5258950398278,0.11984049442638,6.095414998825,
51.163,0.288000000000004,92,92,2,91.5,0,-18.017538521473,-1697.79398439044,13.3042697310528,0.12487081592878,5.566805741448,
51.164,0.289000000000001,92,92,2,91.5,0,-17.8839002488164,-1671.31523160888,13.0791487630442,0.12940963590811,5.044387026106,
51.165,0.289999999999999,92,92,2,91.5,0,-17.7464427796011,-1644.76023513726,12.8512390923512,0.13355077087108,4.566964931343,
51.166,0.291000000000004,92,92,2,91.5,0,-17.6054226190859,-1618.12180874927,12.6211730175657,0.13738051763766,4.167024008961,
51.167,0.292000000000002,92,92,2,91.5,0,-17.4610984866586,-1591.78197498125,12.3895397281847,0.14094254469886,3.842847313883,
51.168,0.292999999999999,92,92,2,91.5,0,-17.3137040881963,-1565.7023751653,12.1568419749628,0.14425402066414,3.567177644038,
51.169,0.294000000000004,92,92,2,91.5,0,-17.1633983767085,-1539.76479085064,11.9234572490176,0.14734671255944,3.321006073062,
51.17,0.295000000000002,92,92,2,91.5,0,-17.0102641553394,-1514.02882949961,11.6896370948805,0.15028087054455,3.110766943237,
51.171,0.295999999999999,92,92,2,91.5,0,-16.8543835710505,-1488.1965351034,11.4556427728799,0.15310957728068,2.950082783473,
51.172,0.297000000000004,92,92,2,91.5,0,-16.6959260089689,-1462.30489695001,11.2218781409592,0.15582976875077,2.827787531012,
51.173,0.298000000000002,92,92,2,91.5,0,-16.5351590705007,-1436.6796803775,10.9888477033774,0.15837728165977,2.700942481575,
51.174,0.298999999999999,92,92,2,91.5,0,-16.3723614477716,-1411.6115340633,10.7570001841019,0.16068333083049,2.526877355843,
51.175,0.300000000000004,92,92,2,91.5,0,-16.2077140906876,-1387.00541753992,10.5266077418159,0.1627433377573,2.304675619031,
51.176,0.301000000000002,92,92,2,91.5,0,-16.0412716139403,-1362.81121647548,10.2977645962326,0.16463097267652,2.082107997706,
51.177,0.302,92,92,2,91.5,0,-15.8730396473507,-1339.01640124124,10.0704977094753,0.166440787801,1.916000583075,
51.178,0.303000000000004,92,92,2,91.5,0,-15.7029680017956,-1315.35322094552,9.84478120469703,0.16824702332656,1.832087183226,
51.179,0.304000000000002,92,92,2,91.5,0,-15.5309800615835,-1291.87369996449,9.62057541080051,0.17009463026255,1.819720828365,
51.18,0.305,92,92,2,91.5,0,-15.3570208389105,-1268.52934722171,9.39787254889151,0.17200443655327,1.85385531928,
51.181,0.306000000000004,92,92,2,91.5,0,-15.1810836988117,-1245.52967235012,9.17671437192001,0.17396121316247,1.905237579845,
51.182,0.307000000000002,92,92,2,91.5,0,-15.0031774916893,-1222.76735762341,8.95715169059295,0.17593448497814,1.947634075597,
51.183,0.308,92,92,2,91.5,0,-14.8232700402281,-1200.19110386681,8.73919754969145,0.17791586031696,1.970754310674,
51.184,0.309000000000005,92,92,2,91.5,0,-14.6413065118563,-1178.02228750346,8.52282349973407,0.17992390123274,1.986943954963,
51.185,0.310000000000002,92,92,2,91.5,0,-14.457208383144,-1156.2566646718,8.30795530624002,0.18198708540077,2.016584218367,
51.186,0.311,92,92,2,91.5,0,-14.270838315068,-1134.79483127773,8.09446359460725,0.18413933041926,2.073359447493,
51.187,0.311999999999998,92,92,2,91.5,0,-14.0820284421205,-1113.11235243977,7.8822500597295,0.18642042772834,2.164182450529,
51.188,0.313000000000002,92,92,2,91.5,0,-13.8906488972482,-1091.24907196206,7.67131521666138,0.18884883306349,2.286634029724,
51.189,0.314,92,92,2,91.5,0,-13.6966277504144,-1069.22459176324,7.46172642769127,0.19140112388331,2.42137857273,
51.19,0.314999999999998,92,92,2,91.5,0,-13.4999010289165,-1047.47112894689,7.25352112291932,0.19404033864458,2.541202356854,
51.191,0.316000000000003,92,92,2,91.5,0,-13.3003808794798,-1025.91732049527,7.04667973628281,0.19675307748031,2.635194801173,
51.192,0.317,92,92,2,91.5,0,-13.0980171904319,-1004.26649867413,6.84126199273663,0.19953518293842,2.711491600106,
51.193,0.317999999999998,92,92,2,91.5,0,-12.8928441481484,-982.266430830019,6.63747049036527,0.20235343313522,2.772138893003,
51.194,0.319000000000003,92,92,2,91.5,0,-12.68495142267,-960.156352594756,6.43556270712648,0.20514614127129,2.799744156974,
51.195,0.32,92,92,2,91.5,0,-12.4744469307451,-938.15244529093,6.2357614426187,0.20786035045388,2.776821068245,
51.196,0.320999999999998,92,92,2,91.5,0,-12.2614546612934,-916.18115351167,6.03828208185402,0.21046729524899,2.70557955239,
51.197,0.322000000000003,92,92,2,91.5,0,-12.0461123651843,-894.350253210456,5.84334008670342,0.21295094419088,2.602135355388,
51.198,0.323,92,92,2,91.5,0,-11.8285554375683,-872.610145695479,5.65113284890086,0.21530167756395,2.48076302721,
51.199,0.323999999999998,92,92,2,91.5,0,-11.6089537310088,-850.904513155858,5.46188946871879,0.21750597184698,2.346676316704,
51.2,0.325000000000003,92,92,2,91.5,0,-11.3875278995912,-829.147568794283,5.27588600418352,0.21953551033388,2.195799271203,
51.201,0.326000000000001,92,92,2,91.5,0,-11.1645004338891,-807.600304318409,5.09336613911665,0.22135908424552,2.020175853161,
51.202,0.326999999999998,92,92,2,91.5,0,-10.9400068145934,-786.41708379467,4.91444277277779,0.22298682149483,1.826612285519,
51.203,0.328000000000003,92,92,2,91.5,0,-10.7141076606507,-765.332869945842,4.73917327193749,0.22447543361172,1.644750708283,
51.204,0.329000000000001,92,92,2,91.5,0,-10.4868847479127,-744.031692726819,4.5676921657805,0.22587462118719,1.50352229419,
51.205,0.329999999999998,92,92,2,91.5,0,-10.258459327559,-722.691566358601,4.40017372728093,0.22718653738412,1.399833524334,
51.206,0.331000000000003,92,92,2,91.5,0,-10.0289678673672,-701.536631918503,4.23674962284645,0.22838448002042,1.303905542303,
51.207,0.332000000000001,92,92,2,91.5,0,-9.7985634714957,-680.500562468634,4.0775359004241,0.22944552894428,1.191066590757,
51.208,0.332999999999998,92,92,2,91.5,0,-9.56742534290088,-659.414100605404,3.92268321657426,0.230350634984586,1.0553341725258,
51.209,0.334000000000003,92,92,2,91.5,0,-9.33573648916353,-638.133581569124,3.77236954899797,0.231083226320583,0.9001344940795,
51.21,0.335000000000001,92,92,2,91.5,0,-9.10369065301253,-616.766287907993,3.62677240424867,0.231630730918686,0.7288197259215,
51.211,0.335999999999999,92,92,2,91.5,0,-8.87151539710072,-595.716359046095,3.48601816982608,0.231977567355148,0.5428301709789,
51.212,0.337000000000003,92,92,2,91.5,0,-8.63946416765375,-574.912938137321,3.35019518600706,0.232099222044115,0.3394823607058,
51.213,0.338000000000001,92,92,2,91.5,0,-8.40777820264348,-554.024616390635,3.21941569262847,0.231978858055412,0.1166036099145,
51.214,0.338999999999999,92,92,2,91.5,0,-8.17673303655311,-533.13550012933,3.09382414778437,0.23160330466531,-0.1243152058217,
51.215,0.340000000000003,92,92,2,91.5,0,-7.94664928186978,-512.334155426379,2.9735513559055,0.230948982344228,-0.3826272489763,
51.216,0.341000000000001,92,92,2,91.5,0,-7.71782453971342,-491.435503699635,2.85870768918855,0.229994474347351,-0.6607473445265,
51.217,0.341999999999999,92,92,2,91.5,0,-7.49051788142621,-470.569887581833,2.74937257381532,0.228747020753706,-0.9523359731689,
51.218,0.343000000000004,92,92,2,91.5,0,-7.2649797413936,-449.659566629774,2.64559915406227,0.227231527971575,-1.2399816711604,
51.219,0.344000000000001,92,92,2,91.5,0,-7.04149630743439,-428.493381793776,2.54747283583472,0.22545228368697,-1.5142064763274,
51.22,0.344999999999999,92,92,2,91.5,0,-6.82041011133601,-407.275483494227,2.45508435621272,0.223380674422978,-1.7878283276789,
51.221,0.346000000000004,92,92,2,91.5,0,-6.6021226184574,-386.363333067508,2.36846364245352,0.220965756490697,-2.0868923706626,
51.222,0.347000000000001,92,92,2,91.5,0,-6.38706709512582,-365.6435604143,2.28760202444019,0.218157512980433,-2.4299230051892,
51.223,0.347999999999999,92,92,2,91.5,0,-6.17569135742084,-345.034713795742,2.21249195219917,0.214921178507712,-2.8186731256062,
51.224,0.349000000000004,92,92,2,91.5,0,-5.96848048213478,-324.829943000519,2.1430903312702,0.211230214667284,-3.244295994296,
51.225,0.350000000000001,92,92,2,91.5,0,-5.76594811429163,-305.077415963912,2.07930201680375,0.207056781778863,-3.6993157445138,
51.226,0.350999999999999,92,92,2,91.5,0,-5.56857680428996,-285.755152936831,2.02099531774596,0.202387602723579,-4.177416024082,
51.227,0.352000000000004,92,92,2,91.5,0,-5.37675491702086,-266.884142435877,1.96799116143723,0.197254800534343,-4.6595421454107,
51.228,0.353000000000002,92,92,2,91.5,0,-5.19076311793716,-248.732841375337,1.92004089620866,0.191737687633251,-5.1090084626072,
51.229,0.353999999999999,92,92,2,91.5,0,-5.01080132191402,-231.456720830998,1.87683300818554,0.185931824621152,-5.4884447208373,
51.23,0.355000000000004,92,92,2,91.5,0,-4.83704911319441,-214.783737163661,1.83806537558723,0.179907920750249,-5.7846502364381,
51.231,0.356000000000002,92,92,2,91.5,0,-4.66967335085625,-198.848125305763,1.80344940143314,0.173702150996234,-6.0130513781954,
51.232,0.356999999999999,92,92,2,91.5,0,-4.50881359821656,-183.703876381447,1.77268079125153,0.167333893343054,-6.1999563588309,
51.233,0.358000000000004,92,92,2,91.5,0,-4.35458839030693,-169.462519799162,1.7454472108127,0.16082419213021,-6.3619443513297,
51.234,0.359000000000002,92,92,2,91.5,0,-4.2070664525287,-156.418885540892,1.72140988261188,0.154204590289227,-6.5002383333865,
51.235,0.359999999999999,92,92,2,91.5,0,-4.06627720359397,-144.568954480334,1.70022195664436,0.147513112164601,-6.6081945376342,
51.236,0.361000000000004,92,92,2,91.5,0,-3.93220635872386,-133.73495561675,1.68156573646567,0.140793534368397,-6.6783451410065,
51.237,0.362000000000002,92,92,2,91.5,0,-3.80478517910677,-123.929905022346,1.66514975622141,0.13409146651359,-6.7058949123115,
51.238,0.363,92,92,2,91.5,0,-3.68388849262588,-115.301013232152,1.65068864356104,0.127458731252136,-6.6865210592202,
51.239,0.364000000000004,92,92,2,91.5,0,-3.56936782157032,-107.467301632844,1.63793285510692,0.120941229794151,-6.6189648984192,
51.24,0.365000000000002,92,92,2,91.5,0,-3.46105739367766,-100.370431719417,1.6266773581911,0.114570402734289,-6.5080692795888,
51.241,0.366,92,92,2,91.5,0,-3.35875689248377,-93.8104643002374,1.61674495669857,0.108370522831899,-6.3635452320573,
51.242,0.367000000000004,92,92,2,91.5,0,-3.26221666084846,-87.9967085589346,1.60796910340818,0.102375398335947,-6.1897374277002,
51.243,0.368000000000002,92,92,2,91.5,0,-3.17114936140261,-82.8091674298637,1.60019168848029,0.096626432846046,-5.9827034160681,
51.244,0.369,92,92,2,91.5,0,-3.08529756333462,-78.0332493524113,1.59328738313712,0.09114452868933,-5.7426947917608,
51.245,0.370000000000005,92,92,2,91.5,0,-3.00444458612485,-73.6301811639062,1.58715616319157,0.085916802223882,-5.4857692492911,
51.246,0.371000000000002,92,92,2,91.5,0,-2.92838154326681,-69.8115775416518,1.58170085487154,0.080915643161717,-5.2360095518435,
51.247,0.372,92,92,2,91.5,0,-2.85692463774851,-66.3161021425009,1.57683722349873,0.076118181961637,-5.0080199245244,
51.248,0.372999999999998,92,92,2,91.5,0,-2.78989746663878,-63.2021605950169,1.57249660211957,0.071509826397651,-4.8018388678773,
51.249,0.374000000000002,92,92,2,91.5,0,-2.72709320549566,-60.4158387319847,1.56861473356372,0.067089218442318,-4.6087629722183,
51.25,0.375,92,92,2,91.5,0,-2.66828474815751,-58.0085936388684,1.56513255447427,0.062872392991612,-4.4157974865408,
51.251,0.375999999999998,92,92,2,91.75,0,-2.61325149909322,-55.9098786463762,1.56199790264512,0.058874635997483,-4.212239665121,
51.252,0.377000000000002,92,92,2,91.75,0,-2.56179441263148,-53.9891820383183,1.55917035991126,0.055092962765683,-3.9986524024034,
51.253,0.378,92,92,2,91.75,0,-2.51370977466219,-52.3229087063228,1.55661437071365,0.05151820069477,-3.7844250122326,
51.254,0.378999999999998,92,92,2,91.75,0,-2.46878471796551,-50.7730647876703,1.55429857448644,0.048148498135242,-3.5753175657636,
51.255,0.380000000000003,92,92,2,91.75,0,-2.42681656386021,-49.4748017411999,1.55219496553084,0.044985860301049,-3.369100995343,
51.256,0.381,92,92,2,91.75,0,-2.38760859976277,-48.2200655591763,1.55027975710604,0.042027167880356,-3.1635736277435,
51.257,0.381999999999998,92,92,2,91.75,0,-2.35097146922777,-47.0907899810802,1.54853379897813,0.039264771031066,-2.9609873733221,
51.258,0.383000000000003,92,92,2,91.75,0,-2.31671818459131,-46.0129947937554,1.54693924375781,0.03669322683417,-2.7640297249927,
51.259,0.384,92,92,2,91.75,0,-2.28467494900976,-45.0334505458549,1.54548053240936,0.034305423689549,-2.5736776769317,
51.26,0.384999999999998,92,92,2,91.75,0,-2.25468837394337,-44.204137374443,1.54414256759489,0.032089252143475,-2.3914359807394,
51.261,0.386000000000003,92,92,2,91.75,0,-2.22662680091494,-43.5938825987508,1.54291069232028,0.03002607260955,-2.2217634219934,
51.262,0.387,92,92,2,91.75,0,-2.20037954468754,-43.1531919011805,1.54177225597459,0.028094778599509,-2.0695114804045,
51.263,0.387999999999998,92,92,2,91.75,0,-2.17584398350409,-42.8289698880479,1.54071744567895,0.026278042754524,-1.9364922176894,
51.264,0.389000000000003,92,92,2,91.75,0,-2.15292365233546,-42.43848159398,1.53974026656601,0.024564500692189,-1.8201451597068,
51.265,0.390000000000001,92,92,2,91.75,0,-2.13151818769106,-41.8994937089235,1.53883761979176,0.022950440215807,-1.7146557213441,
51.266,0.390999999999998,92,92,2,91.75,0,-2.11154132195336,-41.544787096652,1.53800414219464,0.021431344929659,-1.6154153950977,
51.267,0.392000000000003,92,92,2,91.75,0,-2.09291413705469,-41.2653659715952,1.5372328821783,0.020000541158001,-1.5210973888712,
51.268,0.393000000000001,92,92,2,91.75,0,-2.07552664460474,-41.0829442045236,1.53651696686757,0.018660181415763,-1.430158017179,
51.269,0.393999999999998,92,92,2,91.75,0,-2.05924128938676,-40.9162247676796,1.53584927407042,0.017428759014975,-1.334811748629,
51.27,0.395000000000003,92,92,2,91.75,0,-2.04393739787004,-40.6169413712535,1.5352253867056,0.016321557277193,-1.2268374043212,
51.271,0.396000000000001,92,92,2,91.75,0,-2.02952673657401,-40.294011211622,1.5346423965392,0.015330361560891,-1.1096661302398,
51.272,0.396999999999998,92,92,2,91.75,0,-2.01594380038804,-39.9482741678577,1.53409743361834,0.014430312829219,-0.998653427357,
51.273,0.398000000000003,92,92,2,91.75,0,-2.003120812187,-39.732762027489,1.53358655912484,0.013603269323509,-0.9054912592724,
51.274,0.399000000000001,92,92,2,91.75,0,-1.99101342265661,-39.4914440006728,1.53310695996353,0.012836292995324,-0.8309249202411,
51.275,0.399999999999999,92,92,2,91.75,0,-1.9795712216486,-39.4071560873108,1.53265557314279,0.012122512574871,-0.7690377091229,
51.276,0.401000000000003,92,92,2,91.75,0,-1.96873620202452,-39.3301902109875,1.53222901279665,0.011459603149545,-0.7144778942345,
51.277,0.402000000000001,92,92,2,91.75,0,-1.95848940500108,-39.1238106125825,1.53182706168559,0.010840707259067,-0.6649666634097,
51.278,0.402999999999999,92,92,2,91.75,0,-1.94881643889151,-39.0103503207215,1.53144916714024,0.010251114529471,-0.6233090026678,
51.279,0.404000000000003,92,92,2,91.75,0,-1.93967913110548,-38.8651300842553,1.53109338102351,0.009684417886669,-0.5915148518224,
51.28,0.405000000000001,92,92,2,91.75,0,-1.93102543056169,-38.8321685025056,1.53075719644599,0.00915292311042,-0.5630049088743,
51.281,0.405999999999999,92,92,2,91.75,0,-1.92279453149977,-38.705447837828,1.5304380942992,0.008671942271901,-0.5269011548959,
51.282,0.407000000000004,92,92,2,91.75,0,-1.91492820314773,-38.5693923732066,1.53013415966598,0.008248368293517,-0.4789129617975,
51.283,0.408000000000001,92,92,2,91.75,0,-1.90740639523643,-38.3100332373488,1.5298450235301,0.007872343432782,-0.4265313011298,
51.284,0.408999999999999,92,92,2,91.75,0,-1.90022826793005,-38.1750805434849,1.52957051358823,0.007522059862046,-0.38256720903,
51.285,0.410000000000004,92,92,2,91.75,0,-1.89336976456427,-38.0768749211899,1.52930902644164,0.007185344305676,-0.3539355534259,
51.286,0.411000000000001,92,92,2,91.75,0,-1.88679556727487,-38.01656599112,1.52905889979513,0.006869098725046,-0.3346449679578,
51.287,0.411999999999999,92,92,2,91.75,0,-1.88048336560489,-37.9160118479267,1.52881924892282,0.006580890426488,-0.3139753887304,
51.288,0.413000000000004,92,92,2,91.75,0,-1.87443767674445,-37.7915512745007,1.52859039673731,0.006310846512944,-0.2911701676754,
51.289,0.414000000000001,92,92,2,91.75,0,-1.86867046529522,-37.6583492517484,1.52837282897224,0.006042099479939,-0.2751041648865,
51.29,0.414999999999999,92,92,2,91.75,0,-1.86317432307984,-37.5109100233787,1.52816625850264,0.005769433902438,-0.2703116605155,
51.291,0.416000000000004,92,92,2,91.75,0,-1.85791125739473,-37.5692539687416,1.52796868258525,0.005507540026454,-0.2682585036971,
51.292,0.417000000000002,92,92,2,91.75,0,-1.85281120164904,-37.6728820176836,1.52777681304127,0.005284085662365,-0.2535935328706,
51.293,0.417999999999999,92,92,2,91.75,0,-1.84781923400257,-37.6315929430006,1.52758885428995,0.00511653229775,-0.2182159178153,
51.294,0.419000000000004,92,92,2,91.75,0,-1.842925193724,-37.4704906488745,1.5274050779789,0.004995015865866,-0.1705125846379,
51.295,0.420000000000002,92,92,2,91.75,0,-1.83814372456767,-37.3118923581842,1.52722629314999,0.004889647152268,-0.1304831962175,
51.296,0.420999999999999,92,92,2,91.75,0,-1.83349362770897,-37.2429814622527,1.52705294945773,0.004775828803713,-0.1127479195709,
51.297,0.422000000000004,92,92,2,91.75,0,-1.82898463685723,-37.0986476913989,1.52688534659484,0.004647176745901,-0.115733570845,
51.298,0.423000000000002,92,92,2,91.75,0,-1.82461165990518,-36.9243654301767,1.52672349612968,0.004510518483921,-0.1266038062853,
51.299,0.423999999999999,92,92,2,91.75,0,-1.82037103604347,-36.7489008605459,1.52656728582417,0.004374075194855,-0.1341919088554,
51.3,0.425000000000004,92,92,2,91.75,0,-1.81625031439138,-36.7205783474283,1.5264159121873,0.004244359125926,-0.1344896148991,
51.301,0.426000000000002,92,92,2,91.75,0,-1.81222512937205,-36.8712976349612,1.52626780172892,0.004128031325148,-0.1277177545248,
51.302,0.427,92,92,2,91.75,0,-1.80827713166494,-36.9638294849476,1.52612205127264,0.004030689815492,-0.1146483938867,
51.303,0.428000000000004,92,92,2,91.75,0,-1.80439457285442,-36.8430943889744,1.52597877141136,0.003951522231799,-0.0975852192037,
51.304,0.429000000000002,92,92,2,91.75,0,-1.80056383447706,-36.7653803115922,1.52583778400688,0.003886644349549,-0.080332851049,
51.305,0.43,92,92,2,91.75,0,-1.79677817149376,-36.7179717436389,1.52569869240401,0.00383276188909,-0.0658661661456,
51.306,0.431000000000004,92,92,2,91.75,0,-1.79302907563338,-36.5862216464999,1.52556128018,0.003788215464642,-0.054380276193,
51.307,0.432000000000002,92,92,2,91.75,0,-1.78931153469092,-36.5084951909614,1.52542541387874,0.00375059952188,-0.0452680907455,
51.308,0.433,92,92,2,91.75,0,-1.78563332829282,-36.4679281776485,1.52529120270506,0.003715207054528,-0.0390280446448,
51.309,0.434000000000005,92,92,2,91.75,0,-1.78199645623231,-36.4473170946712,1.5251586109959,0.003677606460131,-0.0367219480885,
51.31,0.435000000000002,92,92,2,91.75,0,-1.77840444348782,-36.4682997956225,1.52502765408332,0.003635814566981,-0.0381955459094,
51.311,0.436,92,92,2,91.75,0,-1.77485098241179,-36.4562357494303,1.52489808683404,0.003593905038758,-0.040569794046,
51.312,0.436999999999998,92,92,2,91.75,0,-1.77132488771924,-36.5036007848988,1.52476945518785,0.003556816661524,-0.0404278924044,
51.313,0.438000000000002,92,92,2,91.75,0,-1.76782980873895,-36.4483285429323,1.52464196881047,0.003524999893916,-0.0369532396429,
51.314,0.439,92,92,2,91.75,0,-1.76437605288069,-36.3799848658863,1.52451620320343,0.003491986757359,-0.0337571611805,
51.315,0.439999999999998,92,92,2,91.75,0,-1.760968500506,-36.2678895387841,1.52439242748497,0.003452291749798,-0.0346587871735,
51.316,0.441000000000003,92,92,2,91.75,0,-1.7576024789658,-36.2349755477207,1.52427040438218,0.003408954169414,-0.0387832181067,
51.317,0.442,92,92,2,91.75,0,-1.75425677235319,-36.3024497310599,1.52414905991046,0.00337238631227,-0.0402138915651,
51.318,0.442999999999998,92,92,2,91.75,0,-1.75090757495864,-36.2885700853769,1.52402749908325,0.003352848325469,-0.0334898130131,
51.319,0.444000000000003,92,92,2,91.75,0,-1.7475579278699,-36.1155936879287,1.52390623488506,0.003348285068225,-0.0201545290368,
51.32,0.445,92,92,2,91.75,0,-1.74422395501529,-35.8709712362676,1.52378623425838,0.003344809910244,-0.0087292463322,
51.321,0.445999999999998,92,92,2,91.75,0,-1.74090717522892,-35.8195056951176,1.52366734349599,0.003333517204377,-0.0061468521257,
51.322,0.447000000000003,92,92,2,91.75,0,-1.73760064830643,-35.8498995273421,1.52354885508706,0.003318861847678,-0.0099562367508,
51.323,0.448,92,92,2,91.75,0,-1.73429903823157,-35.8322324362509,1.52343052186251,0.003308127727365,-0.0124701905336,
51.324,0.448999999999998,92,92,2,91.75,0,-1.73101197943467,-35.6794352292221,1.52331299033438,0.003298719745764,-0.0115126496152,
51.325,0.450000000000003,92,92,2,91.75,0,-1.72775799761241,-35.5363475238144,1.5231971229031,0.0032815010879,-0.0121490260935,
51.326,0.451000000000001,92,92,2,91.75,0,-1.72454842596168,-35.4100677618081,1.52308326910148,0.003250581863193,-0.018985625038,
51.327,0.451999999999998,92,92,2,91.75,0,-1.72138637460768,-35.1979339912065,1.52297163603771,0.003208638613166,-0.0301162622501,
51.328,0.453000000000003,92,92,2,91.75,0,-1.71825110691492,-35.0873995732983,1.52286145436992,0.003168272344644,-0.0381629479795,
51.329,0.454000000000001,92,92,2,91.75,0,-1.71512702911923,-35.0616718337542,1.52275187879172,0.003139945822011,-0.0372274392068,
51.33,0.454999999999998,92,92,2,91.75,0,-1.71201945184959,-35.0773476501785,1.5226428975804,0.003122484606996,-0.0286788541143,
51.331,0.456000000000003,92,92,2,91.75,0,-1.70893444678873,-35.0120507229696,1.52253478450606,0.003105755764821,-0.0205010954484,
51.332,0.457000000000001,92,92,2,91.75,0,-1.70586949598977,-34.9245912586026,1.52242760832272,0.003085760444924,-0.0179284973436,
51.333,0.457999999999998,92,92,2,91.75,0,-1.70280636738365,-34.7478395143885,1.52232090051484,0.003070420419678,-0.0176187881851,
51.334,0.459000000000003,92,92,2,91.75,0,-1.6997293204498,-34.5220504769503,1.52221432716354,0.003067850762291,-0.0129055032836,
51.335,0.460000000000001,92,92,2,91.75,0,-1.69664585682476,-34.4325548922109,1.52210801765483,0.003074796442888,-0.0035461663495,
51.336,0.460999999999999,92,92,2,91.75,0,-1.69356759403483,-34.5075597731591,1.52200190975998,0.00307997836715,0.0035619523013,
51.337,0.462000000000003,92,92,2,91.75,0,-1.69050545832128,-34.5075600804386,1.52189624292834,0.003074984917549,0.0026584390036,
51.338,0.463000000000001,92,92,2,91.75,0,-1.68746802560491,-34.4173963512119,1.52179156546953,0.00305956293731,-0.0050693966335,
51.339,0.463999999999999,92,92,2,91.75,0,-1.68445668957853,-34.2077183176912,1.52168823882948,0.003037014608524,-0.0144313256117,
51.34,0.465000000000003,92,92,2,91.75,0,-1.68147583659873,-34.0385297789287,1.52158652281349,0.003010020119402,-0.0217442723227,
51.341,0.466000000000001,92,92,2,91.75,0,-1.67852031032317,-33.9638444128401,1.52148603141163,0.002982399882503,-0.0258483653543,
51.342,0.466999999999999,92,92,2,91.75,0,-1.67557942812029,-33.9833790644576,1.52138611902149,0.002958731065031,-0.0262470867378,
51.343,0.468000000000004,92,92,2,91.75,0,-1.67265719151992,-34.0181233166028,1.52128676078192,0.002939681743931,-0.0234683943885,
51.344,0.469000000000001,92,92,2,91.75,0,-1.66975117228386,-34.1157651990024,1.52118776158659,0.00292296507183,-0.0197353753119,
51.345,0.469999999999999,92,92,2,91.75,0,-1.66684847987821,-34.0374798320547,1.52108884763319,0.00290988639623,-0.0163250678504,
51.346,0.471000000000004,92,92,2,91.75,0,-1.66395113286943,-33.7794629629096,1.52099060302501,0.002902086835712,-0.0125863400257,
51.347,0.472000000000001,92,92,2,91.75,0,-1.66107100740424,-33.538716807442,1.5208936606231,0.002893784164764,-0.0095342281716,
51.348,0.472999999999999,92,92,2,91.75,0,-1.65822575039079,-33.4119584025805,1.52079841468401,0.002874831392745,-0.0113467681403,
51.349,0.474000000000004,92,92,2,91.75,0,-1.65542651623979,-33.443189291116,1.52070484307771,0.002841910690237,-0.0199481208444,
51.35,0.475000000000001,92,92,2,91.75,0,-1.65266038553396,-33.514581489249,1.52061223610482,0.002803109976184,-0.0304943268248,
51.351,0.475999999999999,92,92,2,91.75,0,-1.6499079367092,-33.4530869058715,1.52052007356474,0.00277195717506,-0.0347423367108,
51.352,0.477000000000004,92,92,2,91.75,0,-1.6471587677933,-33.2620952411467,1.52042836791225,0.002755569416423,-0.0290176622566,
51.353,0.478000000000002,92,92,2,91.75,0,-1.64440748201375,-33.156722229941,1.52033699933824,0.002750787947653,-0.017335384423,
51.354,0.478999999999999,92,92,2,91.75,0,-1.64165664136909,-33.1693646953135,1.52024577309038,0.002750517179988,-0.0069101453986,
51.355,0.480000000000004,92,92,2,91.75,0,-1.63891131241039,-33.0925831955407,1.52015481766819,0.002749320679339,-0.0019016978917,
51.356,0.481000000000002,92,92,2,91.75,0,-1.63617701875683,-32.9703416955363,1.52006449995005,0.002743671872946,-0.002254472477,
51.357,0.481999999999999,92,92,2,91.75,0,-1.63347117256151,-32.8647328094849,1.51997543015713,0.00272907000763,-0.0069990323467,
51.358,0.483000000000004,92,92,2,91.75,0,-1.63081092047757,-32.8083302832503,1.51988807670566,0.002700702199378,-0.0160457305199,
51.359,0.484000000000002,92,92,2,91.75,0,-1.62819770801231,-32.7751257588088,1.51980238495324,0.00265981843175,-0.027992813184,
51.36,0.484999999999999,92,92,2,91.75,0,-1.6256203868849,-32.9516165392813,1.51971768549245,0.002616556949509,-0.0378422941991,
51.361,0.486000000000004,92,92,2,91.75,0,-1.62306397797869,-33.1776655621092,1.5196331587496,0.002581814862405,-0.039992349316,
51.362,0.487000000000002,92,92,2,91.75,0,-1.62051429686513,-33.218361260686,1.51954851440181,0.002560664234775,-0.0332204678029,
51.363,0.488,92,92,2,91.75,0,-1.61796616373332,-33.0917319237154,1.5194640309291,0.00255123505683,-0.0217116305667,
51.364,0.489000000000004,92,92,2,91.75,0,-1.61542412858267,-32.963467184392,1.51938007361008,0.002546768131987,-0.0114569369199,
51.365,0.490000000000002,92,92,2,91.75,0,-1.61288675401313,-32.82311141131,1.51929661101431,0.002542466370665,-0.0059060517173,
51.366,0.491,92,92,2,91.75,0,-1.61034752802224,-32.730178905189,1.51921338370502,0.002539328170278,-0.0040022420978,
51.367,0.492000000000004,92,92,2,91.75,0,-1.60781074268337,-32.6791151320804,1.51913041903595,0.002537938368879,-0.0029627489711,
51.368,0.493000000000002,92,92,2,91.75,0,-1.60529036455453,-32.6519463041671,1.51904808954674,0.002532595371467,-0.0031002798993,
51.369,0.494,92,92,2,91.75,0,-1.60278094122868,-32.5896999417841,1.5189662300923,0.002522013850952,-0.005728595539,
51.37,0.495000000000005,92,92,2,91.75,0,-1.60026367153585,-32.431029327638,1.51888439273671,0.002515063676841,-0.0079205596629,
51.371,0.496000000000002,92,92,2,91.75,0,-1.5977272535693,-32.3948781672611,1.51880217993846,0.002520660264852,-0.0042755493956,
51.372,0.497,92,92,2,91.75,0,-1.59517438552251,-32.3290839543366,1.51871956407109,0.002535608508506,0.0046380560673,
51.373,0.497999999999998,92,92,2,91.75,0,-1.59262627448971,-32.2169042173108,1.51863732889879,0.002546505918521,0.0109274968694,
51.374,0.499000000000002,92,92,2,91.75,0,-1.59010272373536,-32.1045360354098,1.51855616968925,0.002542170053462,0.0075426775845,
51.375,0.5,92,92,2,91.75,0,-1.5876012949063,-32.0218757750947,1.51847596586165,0.002524282260298,-0.0038314609683,
51.376,0.500999999999998,92,92,2,92,0,-1.58511326187284,-31.8987325262945,1.51839644756916,0.002504046667967,-0.0145265544826,
51.377,0.00100000000000477,93,93,2,92,0,-1.58264569948615,-31.8034167019965,-7.85945136954069E-05,0.002485910578109,-0.018901401839,
51.378,0.00200000000000244,93,93,2,92,0,-1.58021010557783,-31.7397899254575,-0.000155977237170646,0.00246411303721,-0.0198643759122,
51.379,0.00300000000000011,93,93,2,92,0,-1.57781108115932,-31.826791923882,-0.000232226128190405,0.002434213604888,-0.0231296730136,
51.38,0.00400000000000489,93,93,2,92,0,-1.57545427124976,-31.7673685646175,-0.000307165802013287,0.002397330912768,-0.0295638428345,
51.381,0.00500000000000256,93,93,2,92,0,-1.57313771296675,-31.5294517662206,-0.000380481188727799,0.002357398774277,-0.0357025480919,
51.382,0.00600000000000023,93,93,2,92,0,-1.57085899939756,-31.4266816799141,-0.000452210686489707,0.002317280356828,-0.0390731882671,
51.383,0.007000000000005,93,93,2,92,0,-1.56861942001596,-31.3688711010337,-0.00052252849911838,0.00227832672706,-0.0397130974573,
51.384,0.00800000000000267,93,93,2,92,0,-1.56641295054926,-31.4008708681849,-0.000591778258666409,0.00224138666341,-0.0386989962369,
51.385,0.00900000000000034,93,93,2,92,0,-1.56420659579752,-31.4452289078484,-0.000661108654099962,0.002216368026682,-0.0339677054088,
51.386,0.0100000000000051,93,93,2,92,0,-1.56196124768894,-31.4068778310525,-0.000731671083599394,0.00221808717328,-0.0205737298068,
51.387,0.0110000000000028,93,93,2,92,0,-1.55966871425523,-31.2675912546178,-0.00080351274149848,0.002247805699067,0.0020976253569,
51.388,0.0120000000000005,93,93,2,92,0,-1.55735984320076,-31.0554551065929,-0.000875460680390461,0.002283279122399,0.0230451812938,
51.389,0.0130000000000052,93,93,2,92,0,-1.55507317523711,-31.0552744205209,-0.00094647398810821,0.002297308840996,0.027313842648,
51.39,0.0140000000000029,93,93,2,92,0,-1.55281674776375,-31.0600379637406,-0.00101655333679673,0.002284256743812,0.0123382852832,
51.391,0.0150000000000006,93,93,2,92,0,-1.550593177141,-30.9205651582603,-0.0010854624609351,0.002255642565265,-0.0095961768586,
51.392,0.0160000000000053,93,93,2,92,0,-1.54840075430891,-30.8228290713691,-0.00115314627456087,0.002224083340734,-0.0248290679333,
51.393,0.017000000000003,93,93,2,92,0,-1.54622879607389,-30.7899015598863,-0.00122005641338774,0.002195627790164,-0.0297446085475,
51.394,0.0180000000000007,93,93,2,92,0,-1.54406690114936,-30.7647676724487,-0.00128659377688223,0.002175078620994,-0.0270147383383,
51.395,0.0190000000000055,93,93,2,92,0,-1.54190351199341,-30.6470068686216,-0.00135302256043701,0.002165362187103,-0.0196712630063,
51.396,0.0200000000000031,93,93,2,92,0,-1.53974091757016,-30.6081787389092,-0.00141925762181927,0.002162702466714,-0.0108492404241,
51.397,0.0210000000000008,93,93,2,92,0,-1.53759660201049,-30.6422283106228,-0.0014849277222595,0.002157349183986,-0.0055848031413,
51.398,0.0220000000000056,93,93,2,92,0,-1.53548904902847,-30.6275423904479,-0.00154949236622315,0.002138770445449,-0.008512850769,
51.399,0.0230000000000032,93,93,2,92,0,-1.53341500378048,-30.4952590033672,-0.00161287809410737,0.002108529435106,-0.0181097833361,
51.4,0.0240000000000009,93,93,2,92,0,-1.53135555933631,-30.3368989994441,-0.00167551831901847,0.002079717327053,-0.0263136581142,
51.401,0.0250000000000057,93,93,2,92,0,-1.52930625330099,-30.1745725660947,-0.00173752158096363,0.002060783162661,-0.0262773956417,
51.402,0.0260000000000034,93,93,2,92,0,-1.52728641870408,-30.1840642500531,-0.0017984788123897,0.002043506126452,-0.0214004090354,
51.403,0.027000000000001,93,93,2,92,0,-1.52529361118538,-30.2203637553612,-0.00185866601154316,0.00202056790497,-0.0194725302458,
51.404,0.0280000000000058,93,93,2,92,0,-1.52331931710959,-30.1825768658284,-0.00191829259546239,0.00199536160929,-0.0219202881595,
51.405,0.0290000000000035,93,93,2,92,0,-1.52135788239272,-30.1650429889323,-0.00197747655380454,0.001975990300987,-0.0227753772075,
51.406,0.0300000000000011,93,93,2,92,0,-1.51940765122572,-30.1188584110424,-0.00203626032549664,0.001961931459585,-0.0195280644458,
51.407,0.0310000000000059,93,93,2,92,0,-1.51746556360963,-30.0919678589469,-0.00209472767551233,0.001951149166688,-0.0146696169208,
51.408,0.0320000000000036,93,93,2,92,0,-1.51552202255493,-30.0902334038991,-0.00215321096496268,0.001944966712946,-0.010385305702,
51.409,0.0330000000000013,93,93,2,92,0,-1.51356724499242,-30.2195731674502,-0.00221215709331091,0.00194647597546,-0.0052548906117,
51.41,0.034000000000006,93,93,2,92,0,-1.51161314704835,-30.3707618772023,-0.00227135681788582,0.001951202724635,0.0001669936355,
51.411,0.0350000000000037,93,93,2,92,0,-1.50967586618717,-30.368753907765,-0.00233019156860337,0.001949256704735,0.0017596724542,
51.412,0.0360000000000014,93,93,2,92,0,-1.50775703193423,-30.1685493805896,-0.00238827209417991,0.001936792003575,-0.0030997935555,
51.413,0.0370000000000061,93,93,2,92,0,-1.50584484601232,-30.0430536911449,-0.00244583998403414,0.001922373736103,-0.0098951666756,
51.414,0.0380000000000038,93,93,2,92,0,-1.50393164289717,-30.0270083933984,-0.00250330309899027,0.001914485579191,-0.0118731644104,
51.415,0.0390000000000015,93,93,2,92,0,-1.50202527229558,-29.9649556035827,-0.00256048655722907,0.00191084820311,-0.0085719558307,
51.416,0.0400000000000063,93,93,2,92,0,-1.50013229541297,-29.8109538348162,-0.00261706376457482,0.001904402239964,-0.0057551864498,
51.417,0.0410000000000039,93,93,2,92,0,-1.49824913797734,-29.5744900599317,-0.00267297983469916,0.00189404916421,-0.0067755208089,
51.418,0.0420000000000016,93,93,2,92,0,-1.49636860620917,-29.4917101379021,-0.00272851776765037,0.001885315569486,-0.0086950976626,
51.419,0.0430000000000064,93,93,2,92,0,-1.49448678683209,-29.5882364860896,-0.00278410666183504,0.001881705751081,-0.0076823061373,
51.42,0.044000000000004,93,93,2,92,0,-1.49260856720571,-29.6058144443337,-0.0028396963759576,0.001880353169197,-0.0044697803444,
51.421,0.0450000000000017,93,93,2,92,0,-1.49073827466334,-29.4781861262971,-0.00289494855877592,0.001876921426387,-0.0026535011181,
51.422,0.0460000000000065,93,93,2,92,0,-1.48888044311411,-29.3716924908336,-0.00294961513935732,0.001868932369631,-0.004175188716,
51.423,0.0470000000000042,93,93,2,92,0,-1.48704019667476,-29.3230805624653,-0.00300362156292522,0.001856294314208,-0.0080165621723,
51.424,0.0480000000000018,93,93,2,92,0,-1.48520943306708,-29.2095209119305,-0.00305720124123354,0.001842677122813,-0.0115370966145,
51.425,0.0490000000000066,93,93,2,92,0,-1.48337564189758,-29.2132519872802,-0.0031107688237455,0.001834516725727,-0.0116864123107,
51.426,0.0500000000000043,93,93,2,92,0,-1.48154099376041,-29.3409023848935,-0.0031644819588621,0.001833139991255,-0.0077623365945,
51.427,0.0510000000000019,93,93,2,92,0,-1.47972869244471,-29.3366890325524,-0.00321765269691809,0.001827687000428,-0.0046347101627,
51.428,0.0520000000000067,93,93,2,92,0,-1.47795202762724,-29.2580003372767,-0.0032697042584573,0.001808314412672,-0.0084059929992,
51.429,0.0530000000000044,93,93,2,92,0,-1.47618914977147,-29.0690876533766,-0.00332111602435248,0.001783219678429,-0.0169133526234,
51.43,0.054000000000002,93,93,2,92,0,-1.47442419527022,-28.9436717910348,-0.0033723109648065,0.001767636937924,-0.0205244921755,
51.431,0.0550000000000068,93,93,2,92,0,-1.4726663743139,-28.9059631894227,-0.00342315561513828,0.001762191444127,-0.015395164614,
51.432,0.0560000000000045,93,93,2,92,0,-1.47092608961257,-28.855483575956,-0.00347341629620246,0.001754700143302,-0.0091004099178,
51.433,0.0570000000000022,93,93,2,92,0,-1.46921674735117,-28.7005011413683,-0.00352260773473745,0.001736262845848,-0.0101613577053,
51.434,0.0580000000000069,93,93,2,92,0,-1.46753978318662,-28.6616621621157,-0.00357070488087174,0.001708911564324,-0.0178276936863,
51.435,0.0590000000000046,93,93,2,92,0,-1.46587560784071,-28.5905325900597,-0.00361834372637304,0.001682840948013,-0.0242928867391,
51.436,0.0600000000000023,93,93,2,92,0,-1.46420131373363,-28.5346621991606,-0.00366616591486491,0.001671047619853,-0.0221716294296,
51.437,0.0609999999999999,93,93,2,92,0,-1.46251778286405,-28.5502310193115,-0.00371421800483063,0.001674029507479,-0.0116439498695,
51.438,0.0620000000000047,93,93,2,92,0,-1.46085052157214,-28.4951575686055,-0.00376177278897671,0.001675878967529,-0.0017904053826,
51.439,0.0630000000000024,93,93,2,92,0,-1.4592175921168,-28.3436266665425,-0.00380817965145752,0.00166184261424,-0.0025765556789,
51.44,0.0640000000000001,93,93,2,92,0,-1.45761608864963,-28.2721136909626,-0.00385351480369422,0.00163380120986,-0.0134721246146,
51.441,0.0650000000000048,93,93,2,92,0,-1.45603680767605,-28.2346828119393,-0.00389813485799095,0.001604264515544,-0.0242884760335,
51.442,0.0660000000000025,93,93,2,92,0,-1.45449417324561,-28.196093556318,-0.00394166088727843,0.001574953758715,-0.0290203260891,
51.443,0.0670000000000002,93,93,2,92,0,-1.4529923094146,-28.2622336486991,-0.00398405724706663,0.001541397213553,-0.030652274575,
51.444,0.0680000000000049,93,93,2,92,0,-1.45150742611244,-28.2691488176566,-0.00402602849999312,0.001509000852184,-0.0319347535242,
51.445,0.0690000000000026,93,93,2,92,0,-1.4500132584669,-28.1963418202097,-0.00406821295459281,0.001492762763829,-0.0278969346027,
51.446,0.0700000000000003,93,93,2,92,0,-1.44849931987821,-28.1310299956033,-0.00411085104548192,0.001497313625468,-0.014848885261,
51.447,0.0710000000000051,93,93,2,92,0,-1.44699452207624,-27.9359513646974,-0.00415303578063231,0.001505265069728,-0.0006656485729,
51.448,0.0720000000000027,93,93,2,92,0,-1.44553681307562,-27.7068710484997,-0.0041935913021689,0.001493413397582,0.0009903345519,
51.449,0.0730000000000004,93,93,2,92,0,-1.44412228336421,-27.7037181124387,-0.00423278126450555,0.001458881854265,-0.0127146985755,
51.45,0.0740000000000052,93,93,2,92,0,-1.44272917576709,-27.8255796757491,-0.00427146040780713,0.001421056863886,-0.0287156160843,
51.451,0.0750000000000028,93,93,2,92,0,-1.44133917773668,-27.8185109481471,-0.00431013299598249,0.001398601361394,-0.0322261098943,
51.452,0.0760000000000005,93,93,2,92,0,-1.43994991075805,-27.7802441342126,-0.00434875375322008,0.001390711584889,-0.022696631062,
51.453,0.0770000000000053,93,93,2,92,0,-1.43857407071302,-27.7650451355797,-0.00438696446985887,0.001385458214084,-0.0114685725911,
51.454,0.078000000000003,93,93,2,92,0,-1.4372180878506,-27.7184239976211,-0.00442458178650895,0.001373910970327,-0.0079324544006,
51.455,0.0790000000000006,93,93,2,92,0,-1.435883060848,-27.547452826314,-0.00446147250545437,0.001355653259257,-0.0116722220653,
51.456,0.0800000000000054,93,93,2,92,0,-1.43456981907041,-27.5309647808247,-0.00449763814498283,0.001334778193043,-0.0170297774193,
51.457,0.0810000000000031,93,93,2,92,0,-1.43327856605236,-27.6545598276957,-0.00453326738258397,0.001313180717231,-0.0203065825502,
51.458,0.0820000000000007,93,93,2,92,0,-1.43200397607053,-27.9194543440547,-0.00456868442344671,0.001292850735046,-0.0210005048445,
51.459,0.0830000000000055,93,93,2,92,0,-1.43074015761876,-28.1833014647935,-0.00460413627243383,0.001276357433678,-0.019559226028,
51.46,0.0840000000000032,93,93,2,92,0,-1.42947785650579,-28.3021474631585,-0.00463978709495905,0.001266594709148,-0.0156251325617,
51.461,0.0850000000000009,93,93,2,92,0,-1.42819879164973,-28.2898043732067,-0.00467597948332354,0.001267785437537,-0.0084958617057,
51.462,0.0860000000000056,93,93,2,92,0,-1.42688804826164,-28.1209184736516,-0.00471294947431034,0.001283539292742,0.0022736305581,
51.463,0.0870000000000033,93,93,2,92,0,-1.42555721822693,-27.9221037925132,-0.00475024134294699,0.001307265822467,0.0137767195162,
51.464,0.088000000000001,93,93,2,92,0,-1.42423741438141,-27.7758787466162,-0.00478699654871662,0.001321496183967,0.0184858769015,
51.465,0.0890000000000057,93,93,2,92,0,-1.42294829219809,-27.7354386549423,-0.00482277698407074,0.001313907203617,0.0105334094125,
51.466,0.0900000000000034,93,93,2,92,0,-1.4216860430717,-27.7095643839941,-0.0048577696873906,0.001290264764901,-0.0058592153048,
51.467,0.0910000000000011,93,93,2,92,0,-1.42043041452586,-27.6735673615622,-0.00489254000797246,0.001268324869304,-0.0183156382705,
51.468,0.0920000000000059,93,93,2,92,0,-1.41915723574761,-27.6496177786435,-0.00492775816061908,0.001262879789731,-0.0175022137255,
51.469,0.0930000000000035,93,93,2,92,0,-1.41785379477007,-27.6380644079612,-0.00496379027586613,0.001276992368315,-0.0045262269331,
51.47,0.0940000000000012,93,93,2,92,0,-1.41652112229613,-27.6850841611692,-0.0050006540944878,0.001303131766672,0.0118533270688,
51.471,0.095000000000006,93,93,2,92,0,-1.41516225173458,-27.6920379673541,-0.00503827926502254,0.0013317624513,0.0232787383064,
51.472,0.0960000000000036,93,93,2,92,0,-1.41378761230552,-27.5445220177097,-0.00507624444165344,0.00135574179552,0.0264878966243,
51.473,0.0970000000000013,93,93,2,92,0,-1.41241634794831,-27.4661996616783,-0.00511396156261412,0.001368896247252,0.022127278596,
51.474,0.0980000000000061,93,93,2,92,0,-1.41106120983487,-27.4210508107379,-0.00515115146515654,0.001367439005634,0.0120184114734,
51.475,0.0990000000000038,93,93,2,92,0,-1.40972939294517,-27.4261128479647,-0.00518767465462133,0.001352979619449,-0.0009743769831,
51.476,0.100000000000001,93,93,2,92,0,-1.40843188993231,-27.3445036561249,-0.00522320717459479,0.00132851909377,-0.0135590846631,
51.477,0.101000000000006,93,93,2,92,0,-1.40717713452102,-27.3322778295689,-0.00525751016832032,0.001294972895441,-0.0241858856258,
51.478,0.102000000000004,93,93,2,92,0,-1.40595260734694,-27.4275523355319,-0.00529103761834904,0.001258511220598,-0.0316951394882,
51.479,0.103000000000002,93,93,2,92,0,-1.4047343733662,-27.3539009141404,-0.00532440593227079,0.001231707687241,-0.032689589443,
51.48,0.104000000000006,93,93,2,92,0,-1.4035121253332,-27.0893805629403,-0.00535767752910488,0.00122132615442,-0.024774375642,
51.481,0.105000000000004,93,93,2,92,0,-1.40229586656308,-27.0183747313724,-0.00539058204506659,0.001219247038458,-0.0128174079241,
51.482,0.106000000000002,93,93,2,92,0,-1.40109204935122,-27.1793177588192,-0.00542320410258412,0.001214323081506,-0.0054232933167,
51.483,0.107000000000006,93,93,2,92,0,-1.39988070456509,-27.1233083561829,-0.00545609370408329,0.001209807951619,-0.0039478565355,
51.484,0.108000000000004,93,93,2,92,0,-1.39864496310203,-27.0458058189788,-0.00548956321429728,0.001216405516928,-0.0013039694477,
51.485,0.109000000000002,93,93,2,92,0,-1.39739637214549,-27.1084847825771,-0.00552337149304094,0.001232277308025,0.0060460244866,
51.486,0.110000000000007,93,93,2,92,0,-1.39614879354083,-27.2396736007048,-0.00555727329285105,0.001244432402932,0.0119745145036,
51.487,0.111000000000004,93,93,2,92,0,-1.39490083955103,-27.2017533974844,-0.00559124349086915,0.001247994925766,0.0106923321421,
51.488,0.112000000000002,93,93,2,92,0,-1.39364686465908,-26.9682993137648,-0.00562520743386585,0.001249647644903,0.0055673533468,
51.489,0.113000000000007,93,93,2,92,0,-1.39239683042098,-26.8389287718759,-0.00565883787254506,0.00125098642515,0.0021314785791,
51.49,0.114000000000004,93,93,2,92,0,-1.39116974780621,-26.7276845454663,-0.00569170320250123,0.001244330947256,-0.0009653155283,
51.491,0.115000000000002,93,93,2,92,0,-1.38998243680117,-26.6534191563274,-0.00572339318844683,0.00122203661885,-0.0089488556053,
51.492,0.116000000000007,93,93,2,92,0,-1.38884004768376,-26.6550113504372,-0.00575384267389722,0.00118576592167,-0.0217955838846,
51.493,0.117000000000004,93,93,2,92,0,-1.38772454383034,-26.7165391762705,-0.00578361075903899,0.001147800104502,-0.0325863225442,
51.494,0.118000000000002,93,93,2,92,0,-1.38661413954258,-26.6757739440995,-0.00581325428575497,0.001122039562919,-0.0337956984961,
51.495,0.119000000000007,93,93,2,92,0,-1.38550946803699,-26.6068336793355,-0.00584268417495082,0.001110214322807,-0.0252415338172,
51.496,0.120000000000005,93,93,2,92,0,-1.38442561614723,-26.5891529855333,-0.00587151246028839,0.001100145455492,-0.0154789187142,
51.497,0.121000000000002,93,93,2,92,0,-1.38336268690603,-26.6701824200184,-0.00589981791276273,0.001083820979941,-0.0124724616249,
51.498,0.122,93,93,2,92,0,-1.38230759565144,-26.6889558961291,-0.00592796729284828,0.001066854639785,-0.0146403524617,
51.499,0.123000000000005,93,93,2,92,0,-1.38126020804607,-26.5758501769746,-0.00595586174168261,0.001055131555807,-0.0152008039211,
51.5,0.124000000000002,93,93,2,92,0,-1.38022260768873,-26.5555020798085,-0.00598342629672288,0.001046762525727,-0.012289844662,
51.501,0.125,93,93,2,92,0,-1.37918677330522,-26.4764859191893,-0.00601089247501818,0.0010400067396,-0.0088912730635,
51.502,0.126000000000005,93,93,2,92.25,0,-1.37813945170854,-26.3739026480216,-0.00603856815169479,0.00103981033961,-0.0052719434718,
51.503,0.127000000000002,93,93,2,92.25,0,-1.37708175510491,-26.2487015820846,-0.00606639752658111,0.001046987934814,4.79827271E-05,
51.504,0.128,93,93,2,92.25,0,-1.37604296605031,-26.1588173236924,-0.00609361770509054,0.001048911836836,0.0033892886912,
51.505,0.129000000000005,93,93,2,92.25,0,-1.37504014738038,-26.1599299889791,-0.00611985081337707,0.001033670203908,-0.0016496505084,
51.506,0.130000000000003,93,93,2,92.25,0,-1.37406886604829,-26.2341933817526,-0.00614529553035936,0.001004148583979,-0.0143759685433,
51.507,0.131,93,93,2,92.25,0,-1.37312418572174,-26.3881109110365,-0.00617015115815889,0.00097276223178,-0.0257970435097,
51.508,0.132000000000005,93,93,2,92.25,0,-1.37220434348206,-26.5619148817661,-0.00619450399332777,0.000945209202151,-0.029676935747,
51.509,0.133000000000003,93,93,2,92.25,0,-1.37129748571159,-26.6810495431859,-0.00621864589132315,0.000923398324978,-0.0269803806632,
51.51,0.134,93,93,2,92.25,0,-1.37039417748053,-26.68561083004,-0.00624274916310696,0.00090968824941,-0.0211032824283,
51.511,0.135000000000005,93,93,2,92.25,0,-1.3694902852785,-26.6644481762385,-0.00626686051427328,0.000904548284174,-0.0135692829499,
51.512,0.136000000000003,93,93,2,92.25,0,-1.36858912756635,-26.638080490515,-0.00629087750667168,0.000902896663775,-0.0066644948845,
51.513,0.137,93,93,2,92.25,0,-1.3676890412062,-26.5431626776026,-0.00631481136247203,0.000901656653514,-0.0025746408087,
51.514,0.138000000000005,93,93,2,92.25,0,-1.36677600611256,-26.546509184552,-0.00633904772922733,0.000904292385797,-0.0002007705392,
51.515,0.139000000000003,93,93,2,92.25,0,-1.36585028504134,-26.5690780283163,-0.00636363283837227,0.000912956266867,0.0032814541559,
51.516,0.140000000000001,93,93,2,92.25,0,-1.36491780599465,-26.5332493799021,-0.00638839124218293,0.000923942670587,0.0075521932289,
51.517,0.141000000000005,93,93,2,92.25,0,-1.36397091291482,-26.4968884966197,-0.00641349817746573,0.000934775863991,0.0102436838302,
51.518,0.142000000000003,93,93,2,92.25,0,-1.36300083222297,-26.5046491738457,-0.00643920606162851,0.000949525153494,0.0120539853285,
51.519,0.143000000000001,93,93,2,92.25,0,-1.36200936960752,-26.3814248988747,-0.00646542334428091,0.000969538985324,0.0151538233714,
51.52,0.144000000000005,93,93,2,92.25,0,-1.36101097634373,-26.2174828170625,-0.00649168054184202,0.000987127232872,0.0177067938473,
51.521,0.145000000000003,93,93,2,92.25,0,-1.36002439065414,-26.234502286329,-0.00651755473077742,0.000992771797028,0.014732817815,
51.522,0.146000000000001,93,93,2,92.25,0,-1.35905502980602,-26.364233294938,-0.00654304830823094,0.000984960509409,0.0051909136411,
51.523,0.147000000000006,93,93,2,92.25,0,-1.35810246657616,-26.4646608019427,-0.00656820973921413,0.000969489015083,-0.0060725940986,
51.524,0.148000000000003,93,93,2,92.25,0,-1.35716114973083,-26.4956839597309,-0.0065931359715421,0.000954228599979,-0.0131101085473,
51.525,0.149000000000001,93,93,2,92.25,0,-1.3562144380912,-26.4915189602199,-0.00661821777242722,0.000946309198979,-0.0131214346394,
51.526,0.150000000000006,93,93,2,92.25,0,-1.3552535201601,-26.5051657270948,-0.0066436805047374,0.000949355088781,-0.0068321179906,
51.527,0.151000000000003,93,93,2,92.25,0,-1.35428060543184,-26.3484412479385,-0.00666939153106227,0.000960255082807,0.0021125338286,
51.528,0.152000000000001,93,93,2,92.25,0,-1.35330283813569,-26.2167388292358,-0.00669508978805311,0.000970771459482,0.0084286775535,
51.529,0.153000000000006,93,93,2,92.25,0,-1.35233039759062,-26.1449244708428,-0.00672054909026087,0.00097471350046,0.0086591611712,
51.53,0.154000000000003,93,93,2,92.25,0,-1.35136673149287,-26.1863966449281,-0.00674576405026528,0.000971406236197,0.0037395501148,
51.531,0.155000000000001,93,93,2,92.25,0,-1.35041454013539,-26.1716563239622,-0.00677069149301701,0.000962856009862,-0.0027053613123,
51.532,0.156000000000006,93,93,2,92.25,0,-1.34948863964649,-26.1215042800326,-0.00679490062449872,0.000947746518987,-0.0089451170754,
51.533,0.157000000000004,93,93,2,92.25,0,-1.34859691446775,-25.9978983572472,-0.00681813871631221,0.000923535156426,-0.0158722730188,
51.534,0.158000000000001,93,93,2,92.25,0,-1.34773628379184,-25.8459794455802,-0.00684044793212024,0.000892649420939,-0.023483112933,
51.535,0.159000000000006,93,93,2,92.25,0,-1.34689620726268,-25.9214444160258,-0.00686219223101148,0.000863792782734,-0.0282746944246,
51.536,0.160000000000004,93,93,2,92.25,0,-1.34605866909679,-26.0281104235055,-0.00688394709845852,0.000845481264204,-0.0263018314871,
51.537,0.161000000000001,93,93,2,92.25,0,-1.34520412465421,-26.0378109047467,-0.00690619342032051,0.000843401557878,-0.0166055107713,
51.538,0.162000000000006,93,93,2,92.25,0,-1.34432205063039,-25.9476171872638,-0.00692912091818698,0.000857701433945,-0.0020353752693,
51.539,0.163000000000004,93,93,2,92.25,0,-1.34341777312541,-25.8739735684143,-0.00695255146757745,0.000880476193796,0.0119284664843,
51.54,0.164000000000001,93,93,2,92.25,0,-1.3425151909414,-25.854498542414,-0.00697589606625115,0.000897107864341,0.018389367924,
51.541,0.165000000000006,93,93,2,92.25,0,-1.34164174469183,-25.7271037368412,-0.00699842294477548,0.000894349999969,0.0126577368617,
51.542,0.166000000000004,93,93,2,92.25,0,-1.340836017475,-25.5252592310897,-0.00701907065666774,0.00086187132008,-0.005857248552,
51.543,0.167000000000002,93,93,2,92.25,0,-1.34015170688543,-25.2577084817585,-0.00703644631795441,0.000789617938474,-0.035494845749,
51.544,0.168000000000006,93,93,2,92.25,0,-1.3396651725665,-24.9773583110481,-0.00704866685995853,0.000661402696556,-0.0771095291845,
51.545,0.169000000000004,93,93,2,92.25,0,-1.33948157053742,-24.7395542425786,-0.00705323092296339,0.000454987513167,-0.1348866662657,
51.546,0.170000000000002,93,93,2,92.25,0,-1.33968375318754,-24.6669906604918,-0.00704823634987406,0.000158746312275,-0.2099030061986,
51.547,0.171000000000006,93,93,2,92.25,0,-1.34029572804549,-24.5464962111912,-0.00703317764154576,-0.000209384908709,-0.2908604016687,
51.548,0.172000000000004,93,93,2,92.25,0,-1.34137169608896,-24.1805333916158,-0.00700696327820083,-0.000628235151257,-0.3617799214256,
51.549,0.173000000000002,93,93,2,92.25,0,-1.34308575540197,-23.5358636045025,-0.00696606891088436,-0.001128197468676,-0.4279681585401,
51.55,0.174000000000007,93,93,2,92.25,0,-1.34572096485918,-22.8669705301353,-0.0069049283171978,-0.001798976975408,-0.5268738517516,
51.551,0.175000000000004,93,93,2,92.25,0,-1.34962376312214,-22.2120462467884,-0.00681696116302533,-0.002739141055675,-0.7003497219986,
51.552,0.176000000000002,93,93,2,92.25,0,-1.35515667645386,-21.5192673632641,-0.00669598037899277,-0.004011556141863,-0.9590240099828,
51.553,0.177000000000007,93,93,2,92.25,0,-1.36268367791308,-20.9149682615186,-0.00653627910224941,-0.005642105249342,-1.280179990799,
51.554,0.178000000000004,93,93,2,92.25,0,-1.37255782881824,-20.5292074824127,-0.00633166607951807,-0.007632919854752,-1.631188550471,
51.555,0.179000000000002,93,93,2,92.25,0,-1.38511128275074,-20.3352611624964,-0.00607517096722177,-0.00997379697958,-1.9877537118561,
51.556,0.180000000000007,93,93,2,92.25,0,-1.40066624201634,-20.4103327620388,-0.0057582729403407,-0.012650114624228,-2.3364905249486,
51.557,0.181000000000004,93,93,2,92.25,0,-1.41957065606538,-20.5704117446703,-0.00537091445923465,-0.015659344100702,-2.6755590382498,
51.558,0.182000000000002,93,93,2,92.25,0,-1.44218793934323,-20.9338473079208,-0.00490155766712519,-0.019013438382651,-3.0128153685687,
51.559,0.183000000000007,93,93,2,92.25,0,-1.46886295700286,-21.3882695696634,-0.0043370860595644,-0.022720742823741,-3.3565978880488,
51.56,0.184000000000005,93,93,2,92.25,0,-1.49991721193872,-22.009916437189,-0.00366323689357273,-0.026771468527965,-3.7043677722879,
51.561,0.185000000000002,93,93,2,92.25,0,-1.53565950032107,-22.8072147306564,-0.00286230348024219,-0.031146893786938,-4.0451091917085,
51.562,0.186,93,93,2,92.25,0,-1.57641692646394,-23.8655313282351,-0.00191117298004428,-0.035840419676559,-4.3734455817427,
51.563,0.187000000000005,93,93,2,92.25,0,-1.62252913753348,-25.373340439065,-0.000775916356161588,-0.040859320292715,-4.6957081183871,
51.564,0.188000000000002,93,93,2,92.25,0,-1.67431222282265,-27.3572471699281,0.000589359901596254,-0.046207037857428,-5.0199332827626,
51.565,0.189,93,93,2,92.25,0,-1.73204753693026,-29.7558027868796,0.00223807984104951,-0.051867491668813,-5.3428933541475,
51.566,0.190000000000005,93,93,2,92.25,0,-1.79599596816977,-32.5375304112369,0.00422986030838501,-0.057813580601648,-5.6523234738184,
51.567,0.191000000000003,93,93,2,92.25,0,-1.86641958101904,-35.8283894825658,0.00663714784573699,-0.064027050582868,-5.9406127109155,
51.568,0.192,93,93,2,92.25,0,-1.94358322121195,-39.707868108327,0.00955147414686053,-0.070503066569434,-6.2120194683083,
51.569,0.193000000000005,93,93,2,92.25,0,-2.02776341782345,-44.2090303489788,0.0130835446524316,-0.077246598915395,-6.4775070927807,
51.57,0.194000000000003,93,93,2,92.25,0,-2.11923329859407,-49.424155767715,0.0173658528375711,-0.084262134933659,-6.7448785398334,
51.571,0.195,93,93,2,92.25,0,-2.2182487870274,-55.3139565871452,0.0225512005137603,-0.091546657821697,-7.0146309775053,
51.572,0.196000000000005,93,93,2,92.25,0,-2.32504769690767,-61.922241751855,0.0288115496043133,-0.099086832568599,-7.280522384765,
51.573,0.197000000000003,93,93,2,92.25,0,-2.43984754889636,-69.4066394886085,0.0363498176684232,-0.106864166078714,-7.5346268182067,
51.574,0.198,93,93,2,92.25,0,-2.56285162738189,-77.9040402284022,0.0454097248732523,-0.114860837305216,-7.7719871960672,
51.575,0.199000000000005,93,93,2,92.25,0,-2.69422028255087,-87.6462319990083,0.0562837831859326,-0.123052183541513,-7.9892724145244,
51.576,0.200000000000003,93,93,2,92.25,0,-2.83406630702442,-98.6255318506765,0.0693084660089482,-0.131402492955316,-8.1806326866103,
51.577,0.201000000000001,93,93,2,92.25,0,-2.98243040758412,-110.89662317867,0.0848512490480857,-0.139858236508024,-8.3342507022227,
51.578,0.202000000000005,93,93,2,92.25,0,-3.13927184468298,-124.212374402235,0.103288665575803,-0.148351878695603,-8.4354829014978,
51.579,0.203000000000003,93,93,2,92.25,0,-3.30454138170779,-138.674414669786,0.125012254535733,-0.156826666114897,-8.4766161666322,
51.58,0.204000000000001,93,93,2,92.25,0,-3.4782175054074,-154.472132248809,0.150468532508114,-0.165263083049465,-8.4689327043617,
51.581,0.205000000000005,93,93,2,92.25,0,-3.66025606437783,-171.908354855702,0.180175449282387,-0.173662878278416,-8.4369415683007,
51.582,0.206000000000003,93,93,2,92.25,0,-3.85054502685619,-190.910652081932,0.214695675481181,-0.182004949441563,-8.3934645208949,
51.583,0.207000000000001,93,93,2,92.25,0,-4.04891792616504,-211.072323240743,0.254566939624965,-0.190239022475128,-8.3269889440136,
51.584,0.208000000000006,93,93,2,92.25,0,-4.25520478473052,-232.804336278395,0.30034990046633,-0.198321906036692,-8.2211156308393,
51.585,0.209000000000003,93,93,2,92.25,0,-4.46921301528701,-256.242706352729,0.352679946592502,-0.206229082385794,-8.0755282394257,
51.586,0.210000000000001,93,93,2,92.25,0,-4.69068137664254,-281.000159208649,0.41217109513542,-0.213929858198899,-7.8979683520415,
51.587,0.211000000000006,93,93,2,92.25,0,-4.91927956938127,-306.540120179339,0.479326418150066,-0.221369271530778,-7.6842872295363,
51.588,0.212000000000003,93,93,2,92.25,0,-5.15465293700744,-332.303384201056,0.55450979165613,-0.228491795790002,-7.4227553544503,
51.589,0.213000000000001,93,93,2,92.25,0,-5.39645695078405,-358.153106377368,0.637987367036118,-0.23527000900507,-7.1142976677737,
51.59,0.214000000000006,93,93,2,92.25,0,-5.64436500509323,-384.286050497987,0.730015690448084,-0.241706032091252,-6.778849489649,
51.591,0.215000000000003,93,93,2,92.25,0,-5.898059788607,-410.648914586592,0.830851117385407,-0.247812860910787,-6.4399218448537,
51.592,0.216000000000001,93,93,2,92.25,0,-6.1572535636249,-437.163680478093,0.940724990896683,-0.253608462203631,-6.1122188415218,
51.593,0.217000000000006,93,93,2,92.25,0,-6.42169658525257,-463.846756952066,1.05985795219274,-0.259118851549589,-5.8034059667855,
51.594,0.218000000000004,93,93,2,92.25,0,-6.6911793444314,-490.601474222778,1.18846162360791,-0.264380168910087,-5.5212313343858,
51.595,0.219000000000001,93,93,2,92.25,0,-6.96555236005405,-517.165526131393,1.32671365907399,-0.269437914846628,-5.2749675289489,
51.596,0.220000000000006,93,93,2,92.25,0,-7.24469610260233,-544.239789066162,1.47485598509644,-0.274337156767193,-5.0712661589353,
51.597,0.221000000000004,93,93,2,92.25,0,-7.52848280277551,-571.302695174497,1.63314404534927,-0.279105411758061,-4.9074970464487,
51.598,0.222000000000001,93,93,2,92.25,0,-7.8167557459852,-598.461067178083,1.80174966666598,-0.283739685796663,-4.7673567840973,
51.599,0.223000000000006,93,93,2,92.25,0,-8.1093041763372,-625.644049502644,1.98080468190139,-0.28820971644143,-4.6251953061313,
51.6,0.224000000000004,93,93,2,92.25,0,-8.40586228871143,-653.187952914294,2.17042868424164,-0.292468688815973,-4.4559861818503,
51.601,0.225000000000001,93,93,2,92.25,0,-8.70611794596755,-680.988405894057,2.37072568399643,-0.296464471232127,-4.2433328680935,
51.602,0.226000000000006,93,93,2,92.25,0,-9.00977052100726,-709.048876107261,2.58176988403687,-0.300165469126631,-3.9863040471757,
51.603,0.227000000000004,93,93,2,92.25,0,-9.31651403600815,-737.624753880479,2.80364876119765,-0.30356078169299,-3.6977276525555,
51.604,0.228000000000002,93,93,2,92.25,0,-9.62599513692535,-767.124460159168,3.0364944828803,-0.306637508787432,-3.3914425232274,
51.605,0.229000000000006,93,93,2,92.25,0,-9.93781047767457,-797.460493721784,3.28042527814304,-0.309360097091911,-3.0660610990282,
51.606,0.230000000000004,93,93,2,92.25,0,-10.2515098330772,-826.851863466822,3.53519814785435,-0.311680273195635,-2.7081062812414,
51.607,0.231000000000002,93,93,2,92.25,0,-10.5666410715658,-855.97818985809,3.80035430728944,-0.313563715932396,-2.3098797538616,
51.608,0.232000000000006,93,93,2,92.25,0,-10.8828107782767,-885.572599687054,4.07566710846572,-0.315013214029502,-1.8842793549534,
51.609,0.233000000000004,93,93,2,92.25,0,-11.1996841084725,-915.896936091978,4.36108593399001,-0.31606925328968,-1.4616438379241,
51.61,0.234000000000002,93,93,2,92.25,0,-11.5169208526982,-946.684749340837,4.65652560886059,-0.3167712673593,-1.067869354089,
51.611,0.235000000000007,93,93,2,92.25,0,-11.8340776818022,-977.935930804435,4.96172890493207,-0.31710374548022,-0.6973608421774,
51.612,0.236000000000004,93,93,2,92.25,0,-12.1506584347622,-1009.81575925421,5.27637086830021,-0.31700798079731,-0.314866064381,
51.613,0.237000000000002,93,93,2,92.25,0,-12.4662195135292,-1042.04810224579,5.60011505510914,-0.3164476735453,0.106654612491,
51.614,0.238000000000007,93,93,2,92.25,0,-12.7803635771675,-1074.59888779858,5.93258109847932,-0.31544187648629,0.55459142338,
51.615,0.239000000000004,93,93,2,92.25,0,-13.0927145173723,-1107.278433698,6.27333681486979,-0.31403123114686,0.993604601036,
51.616,0.240000000000002,93,93,2,92.25,0,-13.4028566932887,-1140.41977305381,6.6218898211925,-0.31222624794833,1.407492213034,
51.617,0.241000000000007,93,93,2,92.25,0,-13.7103326847357,-1174.20392379573,6.97773542920024,-0.3100049498621,1.81157630711,
51.618,0.242000000000004,93,93,2,92.25,0,-14.0147154954203,-1208.44833568125,7.34035462501205,-0.3073478925591,2.227131384951,
51.619,0.243000000000002,93,93,2,92.25,0,-14.3155749738564,-1243.12571428782,7.7091442700227,-0.30425376523877,2.657450543168,
51.62,0.244000000000007,93,93,2,92.25,0,-14.6124733843488,-1278.10918350038,8.08341958683826,-0.30072815772754,3.092450372401,
51.621,0.245000000000005,93,93,2,92.25,0,-14.9049594306479,-1313.62175545223,8.46244215454098,-0.29676302161752,3.528022033597,
51.622,0.246000000000002,93,93,2,92.25,0,-15.1924989575177,-1350.13454595488,8.84540976784257,-0.2923257997283,3.974903264143,
51.623,0.247,93,93,2,92.25,0,-15.4744674109827,-1387.4762974237,9.2313697156907,-0.28735216067715,4.456521304039,
51.624,0.248000000000005,93,93,2,92.25,0,-15.7502162553107,-1425.22306127009,9.61916901449175,-0.28177389274534,4.994102566769,
51.625,0.249000000000002,93,93,2,92.25,0,-16.0191105504394,-1462.91679459928,10.0074711798803,-0.27555836230931,5.588058018878,
51.626,0.25,93,93,2,92.25,0,-16.280557739505,-1500.55734150086,10.3948671712562,-0.26871652806956,6.21224282588,
51.627,0.251000000000005,93,93,2,92.5,0,-16.5339655754385,-1538.22037492389,10.7798922137573,-0.2612695149449,6.835496764107,
51.628,0.252000000000002,93,93,2,92.5,0,-16.7786818340976,-1575.72366420172,11.1609085812216,-0.25321216869081,7.448559398016,
51.629,0.253,93,93,2,92.5,0,-17.0140312392416,-1612.56434483527,11.5360894243989,-0.24451367578689,8.06659031021,
51.63,0.254000000000005,93,93,2,92.5,0,-17.2394179896935,-1648.27609092277,11.9035645391777,-0.2351706647909,8.699504336592,
51.631,0.255000000000003,93,93,2,92.5,0,-17.4544151724532,-1683.05287296347,12.2616777102185,-0.22525867655187,9.320348741281,
51.632,0.256,93,93,2,92.5,0,-17.6587136257094,-1716.96346868105,12.6089867500404,-0.21490443421631,9.873971295077,
51.633,0.257000000000005,93,93,2,92.5,0,-17.8519991488741,-1749.57830710632,12.944002920393,-0.2042041930798,10.325365746886,
51.634,0.258000000000003,93,93,2,92.5,0,-18.0339654819511,-1780.5358733878,13.2651838867769,-0.19319364516584,10.68953352946,
51.635,0.259,93,93,2,92.5,0,-18.2043475809844,-1810.7695923359,13.5711309685367,-0.1818868198902,11.006339089229,
51.636,0.260000000000005,93,93,2,92.5,0,-18.3628993343204,-1839.80588777494,13.8605335400652,-0.17030826553722,11.299460790338,
51.637,0.261000000000003,93,93,2,92.5,0,-18.5093414024105,-1867.02337443053,14.1319514116722,-0.15846795147142,11.575563543624,
51.638,0.262,93,93,2,92.5,0,-18.6433231171951,-1892.2647837957,14.3837893485765,-0.14633686767222,11.849017071974,
51.639,0.263000000000005,93,93,2,92.5,0,-18.7644924472881,-1915.2949888099,14.6144690820445,-0.13387610536877,12.142756430455,
51.64,0.264000000000003,93,93,2,92.5,0,-18.8725946765264,-1935.47327582725,14.8226073988882,-0.12109291524407,12.45858709855,
51.641,0.265000000000001,93,93,2,92.5,0,-18.9674379201759,-1952.98303026238,15.0070043033176,-0.10804466381807,12.765980168715,
51.642,0.266000000000005,93,93,2,92.5,0,-19.0488644115771,-1967.63805795939,15.1666255129814,-0.09479591365165,13.028882657736,
51.643,0.267000000000003,93,93,2,92.5,0,-19.1168088316114,-1979.68140752404,15.3007246788675,-0.08140689566562,13.230680890177,
51.644,0.268000000000001,93,93,2,92.5,0,-19.1713385322685,-1989.13977963264,15.4089339945162,-0.06796462563121,13.362913254661,
51.645,0.269000000000005,93,93,2,92.5,0,-19.2126167048694,-1995.73462157851,15.4911781611792,-0.0545786580534,13.409403682916,
51.646,0.270000000000003,93,93,2,92.5,0,-19.2408539564679,-1999.28290226735,15.5475823186598,-0.04134135471704,13.358259042355,
51.647,0.271000000000001,93,93,2,92.5,0,-19.2563259734918,-1999.86840485051,15.5785197872123,-0.02831995752684,13.217130764947,
51.648,0.272000000000006,93,93,2,92.5,0,-19.2594285703262,-1997.3739003097,15.5847207028734,-0.01559076133943,12.998508733211,
51.649,0.273000000000003,93,93,2,92.5,0,-19.2506735988398,-1992.14867217104,15.5672566246901,-0.00325615239501,12.69848031535,
51.65,0.274000000000001,93,93,2,92.5,0,-19.2306005301314,-1984.64243051132,15.5273434241685,0.00859313015676,12.307387199522,
51.651,0.275000000000006,93,93,2,92.5,0,-19.1997093213724,-1974.74915017021,15.4661882282298,0.01992308155698,11.8390811241,
51.652,0.276000000000003,93,93,2,92.5,0,-19.1584381589605,-1962.15140548343,15.3849479971139,0.03075975283969,11.337766710432,
51.653,0.277000000000001,93,93,2,92.5,0,-19.1071702292912,-1948.08734535605,15.2847130744798,0.04115620649328,10.852590029227,
51.654,0.278000000000006,93,93,2,92.5,0,-19.0463150165284,-1932.5436794287,15.1666347611463,0.05114508442014,10.406246224307,
51.655,0.279000000000003,93,93,2,92.5,0,-18.9763318488852,-1915.25472129717,15.0319942008786,0.06071741429886,9.986186230437,
51.656,0.280000000000001,93,93,2,92.5,0,-18.8976968516062,-1895.60289853436,14.8821608115956,0.06984033006979,9.562470060825,
51.657,0.281000000000006,93,93,2,92.5,0,-18.810892313171,-1874.48315060482,14.7185305219173,0.07849031073512,9.115859471587,
51.658,0.282000000000004,93,93,2,92.5,0,-18.7164163098614,-1851.71117776523,14.5425125480677,0.08665511555066,8.646308442073,
51.659,0.283000000000001,93,93,2,92.5,0,-18.6147803364559,-1827.54917475755,14.3555399443972,0.09432255487605,8.161147923432,
51.66,0.284000000000006,93,93,2,92.5,0,-18.5065001392903,-1802.12359783078,14.1590291026659,0.10148124950476,7.664025563431,
51.661,0.285000000000004,93,93,2,92.5,0,-18.3920960727317,-1776.74696476018,13.9543104296422,0.10812409085547,7.156562054314,
51.662,0.286000000000001,93,93,2,92.5,0,-18.2721235426565,-1750.99393682771,13.7426944289357,0.11423744479568,6.63875111096,
51.663,0.287000000000006,93,93,2,92.5,0,-18.147151797479,-1724.84551899567,13.5255035675601,0.11980175555091,6.107487207866,
51.664,0.288000000000004,93,93,2,92.5,0,-18.017668417362,-1698.28729170751,13.3038841641005,0.12482547112866,5.56684515748,
51.665,0.289000000000001,93,93,2,92.5,0,-17.8840511399102,-1671.81390595906,13.0787322907159,0.12937005883559,5.042155769748,
51.666,0.290000000000006,93,93,2,92.5,0,-17.7465871586454,-1645.30574352737,12.8507400540409,0.13353111939526,4.573267923998,
51.667,0.291000000000004,93,93,2,92.5,0,-17.6055269827515,-1618.63713829328,12.6205338755323,0.13738882850963,4.185113270258,
51.668,0.292000000000002,93,93,2,92.5,0,-17.4611175716743,-1591.87880068423,12.3887195175314,0.14098608806016,3.870579678808,
51.669,0.293000000000006,93,93,2,92.5,0,-17.3135950163232,-1565.48344600215,12.1558284441313,0.14433858380438,3.601965277789,
51.67,0.294000000000004,93,93,2,92.5,0,-17.1631418874127,-1539.60487213331,11.9222433176277,0.14746778413675,3.358936262558,
51.671,0.295000000000002,93,93,2,92.5,0,-17.0098588840748,-1513.84307590948,11.6882224816218,0.1504229191709,3.143969366459,
51.672,0.296000000000006,93,93,2,92.5,0,-16.8538355469071,-1487.99088260132,11.4540444057068,0.15325614115862,2.970780709687,
51.673,0.297000000000004,93,93,2,92.5,0,-16.6952484761011,-1462.09467067972,11.2201216924458,0.15597035711025,2.834094090822,
51.674,0.298000000000002,93,93,2,92.5,0,-16.5343704521178,-1436.52689252725,10.9869594377637,0.1585052366677,2.696116844203,
51.675,0.299000000000007,93,93,2,92.5,0,-16.3714754965038,-1411.40264834619,10.7550027596875,0.16079581751932,2.515390863955,
51.676,0.300000000000004,93,93,2,92.5,0,-16.2067357012692,-1386.64697863111,10.5245276983853,0.16284332801097,2.290949355378,
51.677,0.301000000000002,93,93,2,92.5,0,-16.04020384936,-1362.40150139489,10.2956256312018,0.1647239603508,2.070368154095,
51.678,0.302000000000007,93,93,2,92.5,0,-15.8718751375347,-1338.51626525457,10.0683046269988,0.16653329288165,1.909305842682,
51.679,0.303000000000004,93,93,2,92.5,0,-15.7016968456832,-1314.79506730096,9.84253663183645,0.16834452785833,1.831293207293,
51.68,0.304000000000002,93,93,2,92.5,0,-15.5295991317359,-1291.29246505809,9.61828577850363,0.17019924447241,1.823708734151,
51.681,0.305000000000007,93,93,2,92.5,0,-15.3555327598602,-1268.12316343684,9.39553168221664,0.17211248469709,1.85922920604,
51.682,0.306000000000004,93,93,2,92.5,0,-15.1795030273526,-1245.12628657726,9.1743283680112,0.17406478268674,1.907400470991,
51.683,0.307000000000002,93,93,2,92.5,0,-15.0015193561718,-1222.25435240545,8.954751635848,0.17602690591996,1.94352823323,
51.684,0.308000000000007,93,93,2,92.5,0,-14.8215478999162,-1199.67829277604,8.73681226329487,0.17799382510128,1.960614444579,
51.685,0.309000000000005,93,93,2,92.5,0,-14.6395408215875,-1177.49314045935,8.52048124967001,0.17998580735509,1.972999318637,
51.686,0.310000000000002,93,93,2,92.5,0,-14.4554273887417,-1155.68880705181,8.30569618076498,0.1820282980619,1.999615867963,
51.687,0.311,93,93,2,92.5,0,-14.2690850649924,-1133.63187865871,8.0923975125736,0.18415019376172,2.051159668813,
51.688,0.312000000000005,93,93,2,92.5,0,-14.0803382686519,-1111.88895339479,7.88048008099068,0.18639499825561,2.134946840138,
51.689,0.313000000000002,93,93,2,92.5,0,-13.8890321702346,-1090.48062968384,7.66981671488483,0.18879324518618,2.253964586673,
51.69,0.314,93,93,2,92.5,0,-13.6950796139389,-1069.09350133886,7.46038925327383,0.19133224515778,2.394440111875,
51.691,0.315000000000005,93,93,2,92.5,0,-13.4984039284242,-1047.47759416949,7.25225021769896,0.19397555769788,2.528067829841,
51.692,0.316000000000003,93,93,2,92.5,0,-13.2989141427672,-1025.74522420469,7.0454568298706,0.19670297679169,2.637250735663,
51.693,0.317,93,93,2,92.5,0,-13.0965822649261,-1003.85078291108,6.84013084418137,0.19949818326954,2.722523342909,
51.694,0.318000000000005,93,93,2,92.5,0,-12.8914702917406,-981.792111627114,6.63649127811115,0.20231327878919,2.780836975178,
51.695,0.319000000000003,93,93,2,92.5,0,-12.6836742824546,-959.712085625482,6.43477286601055,0.20508315541233,2.795563138157,
51.696,0.32,93,93,2,92.5,0,-12.473283268425,-937.809491025776,6.23516212168323,0.20776929987893,2.758322645131,
51.697,0.321000000000005,93,93,2,92.5,0,-12.260399300992,-916.007221124456,6.03783819339517,0.21036039862754,2.682750398165,
51.698,0.322000000000003,93,93,2,92.5,0,-12.0451723586837,-894.121661212495,5.84304394113047,0.21283897387457,2.585855413533,
51.699,0.323,93,93,2,92.5,0,-11.8277788770293,-872.272127271582,5.65104269330487,0.21517401164954,2.469271055886,
51.7,0.324000000000005,93,93,2,92.5,0,-11.6083779917047,-850.67149290849,5.46203501548888,0.21734574095163,2.329106474724,
51.701,0.325000000000003,93,93,2,92.5,0,-11.3871373883743,-829.079280366996,5.27622047822683,0.21935057962528,2.170654655422,
51.702,0.326000000000001,93,93,2,92.5,0,-11.1642310216962,-807.655195106886,5.09380121065453,0.22118841693297,2.004805452394,
51.703,0.327000000000005,93,93,2,92.5,0,-10.9398032210244,-786.633662541055,4.91489983967574,0.2228630678719,1.83898180685,
51.704,0.328000000000003,93,93,2,92.5,0,-10.7139639078844,-765.696944416324,4.73961120065499,0.22439482421415,1.680738470554,
51.705,0.329000000000001,93,93,2,92.5,0,-10.4868128624755,-744.603532919994,4.56807803450079,0.22580937908021,1.539464278397,
51.706,0.330000000000005,93,93,2,92.5,0,-10.2584601461803,-723.253849166926,4.40048342433406,0.22711802699412,1.417943223272,
51.707,0.331000000000003,93,93,2,92.5,0,-10.029048383047,-701.873587891973,4.23701292532135,0.22830992908074,1.305396251368,
51.708,0.332000000000001,93,93,2,92.5,0,-9.79874055552544,-680.673072235251,4.0778072664508,0.229362868398348,1.1852370041034,
51.709,0.333000000000006,93,93,2,92.5,0,-9.56771247103383,-659.565624137004,3.9229908770586,0.230255085296094,1.046411422353,
51.71,0.334000000000003,93,93,2,92.5,0,-9.33614110921599,-638.459848083494,3.77269811392043,0.230974990598463,0.8887401450915,
51.711,0.335000000000001,93,93,2,92.5,0,-9.10420842301662,-617.239950615768,3.62707920023428,0.231516775934431,0.7181627910618,
51.712,0.336000000000006,93,93,2,92.5,0,-8.8721366518333,-596.236406577583,3.4862723964828,0.231866014380099,0.5374572587983,
51.713,0.337000000000003,93,93,2,92.5,0,-8.64016620626154,-575.495207826642,3.35036884414086,0.231999648004667,0.342321066428,
51.714,0.338000000000001,93,93,2,92.5,0,-8.40852405700058,-554.722135359746,3.21946585688701,0.231902354361988,0.1290368907239,
51.715,0.339000000000006,93,93,2,92.5,0,-8.17747981091625,-533.649733961642,3.09373482788365,0.231561267201211,-0.1011535179343,
51.716,0.340000000000003,93,93,2,92.5,0,-7.94736325465788,-512.443260588853,2.97337316916767,0.230945310089531,-0.3504100906185,
51.717,0.341000000000001,93,93,2,92.5,0,-7.71849628938601,-491.342181415275,2.85850650521988,0.230019985910208,-0.626306246702,
51.718,0.342000000000006,93,93,2,92.5,0,-7.49116266420861,-470.383739033597,2.74919018525853,0.228781840539479,-0.9263604164519,
51.719,0.343000000000004,93,93,2,92.5,0,-7.26562263662772,-449.351104874595,2.64547167422745,0.227255547926788,-1.2307431858958,
51.72,0.344000000000001,93,93,2,92.5,0,-7.04217543834866,-428.245104262837,2.54742346715142,0.225450258069294,-1.5235476135433,
51.721,0.345000000000006,93,93,2,92.5,0,-6.82117766548917,-407.217649522416,2.45510576320461,0.223340219443738,-1.8130153144717,
51.722,0.346000000000004,93,93,2,92.5,0,-6.60300518418522,-386.422354770093,2.36853055870532,0.220885013018699,-2.1221643349823,
51.723,0.347000000000001,93,93,2,92.5,0,-6.38804651743606,-365.93279273821,2.2876679289902,0.218055924404175,-2.4638207420396,
51.724,0.348000000000006,93,93,2,92.5,0,-6.17671349172605,-345.43670437606,2.21249999487873,0.214835118803852,-2.8344390534182,
51.725,0.349000000000004,93,93,2,92.5,0,-5.96947635531033,-325.008835085964,2.14302938801833,0.211191951233468,-3.2299990956016,
51.726,0.350000000000001,93,93,2,92.5,0,-5.76685470071714,-304.966498675744,2.07920606577849,0.207081258657248,-3.6567164811165,
51.727,0.351000000000006,93,93,2,92.5,0,-5.56934319843364,-285.695246934141,2.02087482142008,0.202473253447042,-4.119628864665,
51.728,0.352000000000004,93,93,2,92.5,0,-5.37733786074232,-266.968303355147,1.9678176456186,0.197392698598753,-4.6005763114351,
51.729,0.353000000000002,93,93,2,92.5,0,-5.19114027273875,-248.809085673212,1.91979939272667,0.191914862162649,-5.0579744332086,
51.73,0.354000000000006,93,93,2,92.5,0,-5.01096851041956,-231.360115892864,1.87654292709789,0.186132165204581,-5.4501101163487,
51.731,0.355000000000004,93,93,2,92.5,0,-4.83700093346387,-214.689006733363,1.83774388456465,0.180118254415454,-5.7606029507965,
51.732,0.356000000000002,93,93,2,92.5,0,-4.66937886917431,-198.669485777716,1.80309988266148,0.173925178764901,-5.9982960982371,
51.733,0.357000000000006,93,93,2,92.5,0,-4.50822272933282,-183.440576271929,1.77231019136423,0.167585940754978,-6.1831748999362,
51.734,0.358000000000004,93,93,2,92.5,0,-4.3536822639686,-169.067335675394,1.74507182298578,0.16111121483273,-6.3360356758095,
51.735,0.359000000000002,93,93,2,92.5,0,-4.20589406974885,-155.906034042417,1.72105820924574,0.15449948636406,-6.4751803124771,
51.736,0.360000000000007,93,93,2,92.5,0,-4.06491831492832,-143.983745521855,1.69991961522723,0.147770143743325,-6.6059119503629,
51.737,0.361000000000004,93,93,2,92.5,0,-3.93072969919544,-133.177785360096,1.6813236541455,0.140983344914001,-6.7112952376922,
51.738,0.362000000000002,93,93,2,92.5,0,-3.80323581251658,-123.469005097182,1.66496320573597,0.134216338742969,-6.7636241692597,
51.739,0.363000000000007,93,93,2,92.5,0,-3.68228576481918,-114.715715576247,1.65055897907285,0.127539153700628,-6.7459976299123,
51.74,0.364000000000004,93,93,2,92.5,0,-3.56771923395126,-106.802830561416,1.6378696733959,0.120998144342994,-6.6632786755362,
51.741,0.365000000000002,93,93,2,92.5,0,-3.45936055610338,-99.7224344491197,1.62668027106653,0.114619230010752,-6.5332335554285,
51.742,0.366000000000007,93,93,2,92.5,0,-3.35702106807366,-93.3524311292652,1.61680067961919,0.108415276808444,-6.3750545008794,
51.743,0.367000000000004,93,93,2,92.5,0,-3.26047983505059,-87.6295451010807,1.60806456804909,0.102405768473173,-6.1981080811771,
51.744,0.368000000000002,93,93,2,92.5,0,-3.1694591338702,-82.3907216047104,1.60032688610386,0.096624549972261,-5.9993548450744,
51.745,0.369000000000007,93,93,2,92.5,0,-3.08368385658201,-77.6235589766675,1.59346425146038,0.091103233565534,-5.7717348229642,
51.746,0.370000000000005,93,93,2,92.5,0,-3.00292204873616,-73.3458220456523,1.58736797139002,0.085844863623148,-5.5204030956802,
51.747,0.371000000000002,93,93,2,92.5,0,-2.92696569102562,-69.5093176216002,1.58194259334533,0.080824213637959,-5.2659378945292,
51.748,0.372,93,93,2,92.5,0,-2.85564445484883,-66.0245056861933,1.5771093734343,0.076007456291008,-5.0307981808767,
51.749,0.373000000000005,93,93,2,92.5,0,-2.78879645921245,-62.8450485450233,1.57280203773485,0.071369800474792,-4.8241946792019,
51.75,0.374000000000002,93,93,2,92.5,0,-2.72621531019066,-60.0117647007039,1.56895777746581,0.066909913814126,-4.6380555287715,
51.751,0.375,93,93,2,92.5,0,-2.66765032570864,-57.6757909215753,1.56551159253144,0.062656353644236,-4.4513194600982,
51.752,0.376000000000005,93,93,2,92.75,0,-2.61284248988033,-55.8616108551777,1.56240022289296,0.058642689247838,-4.2434893850752,
51.753,0.377000000000002,93,93,2,92.75,0,-2.56156609264211,-54.2741445262707,1.55957654052142,0.054875548847396,-4.0116759296588,
51.754,0.378,93,93,2,92.75,0,-2.51363076432793,-52.6650324555462,1.5570134582423,0.051333508138035,-3.7735676919045,
51.755,0.379000000000005,93,93,2,92.75,0,-2.46884421479709,-51.0886366852427,1.55469007382129,0.04799301535639,-3.5491062383705,
51.756,0.380000000000003,93,93,2,92.75,0,-2.42701242104559,-49.6497130713752,1.55258304088636,0.04484475643204,-3.3432870027713,
51.757,0.381,93,93,2,92.75,0,-2.38794430029461,-48.3985224235734,1.55066776073448,0.041889118585146,-3.1481427583017,
51.758,0.382000000000005,93,93,2,92.75,0,-2.35144616899176,-47.4252247338791,1.54891906688164,0.039126225816697,-2.9556006465973,
51.759,0.383000000000003,93,93,2,92.75,0,-2.31733233065043,-46.463247028166,1.54731761880774,0.036553840248833,-2.763564131807,
51.76,0.384,93,93,2,92.75,0,-2.28542810780213,-45.5070084199304,1.54585049904512,0.034166241581877,-2.5741016577671,
51.761,0.385000000000005,93,93,2,92.75,0,-2.2555755488635,-44.5546517385391,1.54450621353612,0.031951608323308,-2.3911451147123,
51.762,0.386000000000003,93,93,2,92.75,0,-2.2276510789383,-43.7959519046919,1.54327264164897,0.029889631407502,-2.2207259782562,
51.763,0.387,93,93,2,92.75,0,-2.20154502594181,-43.2581974947248,1.54213632153008,0.027957371550616,-2.0688587009589,
51.764,0.388000000000005,93,93,2,92.75,0,-2.17712878374154,-42.7805740841758,1.54108594978734,0.026144634836237,-1.9353180318099,
51.765,0.389000000000003,93,93,2,92.75,0,-2.15428227638667,-42.3191086865309,1.5401138345232,0.024452264985516,-1.8124835980337,
51.766,0.390000000000001,93,93,2,92.75,0,-2.13291248630614,-41.7924651785634,1.53921511118477,0.022874412626188,-1.6941246624005,
51.767,0.391000000000005,93,93,2,92.75,0,-2.1129639275438,-41.3454864911398,1.53838587002764,0.021386435867375,-1.5852449265914,
51.768,0.392000000000003,93,93,2,92.75,0,-2.09438172599535,-41.070010983748,1.53762013933525,0.01996502099363,-1.4949708734471,
51.769,0.393000000000001,93,93,2,92.75,0,-2.07704980058737,-40.8375401490575,1.53691033155195,0.018617025870476,-1.4193575140881,
51.77,0.394000000000005,93,93,2,92.75,0,-2.06082684709622,-40.4860198115417,1.53625067738648,0.017374316675072,-1.3384352700063,
51.771,0.395000000000003,93,93,2,92.75,0,-2.04561037689812,-40.1836309876631,1.53563692371785,0.016253700078284,-1.2376671941442,
51.772,0.396000000000001,93,93,2,92.75,0,-2.0313196622282,-40.0810576698926,1.53506340383601,0.015240688527561,-1.1249628625533,
51.773,0.397000000000006,93,93,2,92.75,0,-2.01788387912748,-40.0686519579481,1.53452496677895,0.014311961857614,-1.0200076003097,
51.774,0.398000000000003,93,93,2,92.75,0,-2.00521546089461,-39.867137469738,1.53401863677283,0.013462053111125,-0.9303667571424,
51.775,0.399000000000001,93,93,2,92.75,0,-1.99324077508419,-39.5979719286899,1.53354285191386,0.01269050796649,-0.8500450429702,
51.776,0.400000000000006,93,93,2,92.75,0,-1.9819193341381,-39.2874632246709,1.53309630351606,0.011986832077856,-0.7746934483909,
51.777,0.401000000000003,93,93,2,92.75,0,-1.97120315864698,-39.1401917320856,1.53267608125913,0.011335834768898,-0.7082330915315,
51.778,0.402000000000001,93,93,2,92.75,0,-1.96106480483713,-38.8889819493017,1.532280537574,0.01072440862323,-0.6549295338738,
51.779,0.403000000000006,93,93,2,92.75,0,-1.95150061065892,-38.7245484540497,1.53190938213618,0.010139452424739,-0.6153565105019,
51.78,0.404000000000003,93,93,2,92.75,0,-1.94249214711731,-38.6532588656784,1.53156085455808,0.009569722876722,-0.5883291875019,
51.781,0.405000000000001,93,93,2,92.75,0,-1.93400819807591,-38.6362304702637,1.5312329945136,0.009017828382527,-0.5689470270126,
51.782,0.406000000000006,93,93,2,92.75,0,-1.92598300931023,-38.6336900180907,1.5309229416647,0.008503675308747,-0.5459225842171,
51.783,0.407000000000004,93,93,2,92.75,0,-1.91832672591985,-38.4787667786504,1.53062774425362,0.008052145235806,-0.5066885996528,
51.784,0.408000000000001,93,93,2,92.75,0,-1.91099226146948,-38.1942427277047,1.53034656652235,0.007670409320967,-0.4493787257621,
51.785,0.409000000000006,93,93,2,92.75,0,-1.9039685974571,-37.9073377161767,1.53007931055643,0.007337770000976,-0.3879451838152,
51.786,0.410000000000004,93,93,2,92.75,0,-1.89723112733051,-37.8099498777752,1.52982423907483,0.00703104597804,-0.3395937093289,
51.787,0.411000000000001,93,93,2,92.75,0,-1.89075060462232,-37.9119432637628,1.52957888035081,0.006746244066807,-0.3079219785416,
51.788,0.412000000000006,93,93,2,92.75,0,-1.88450811392535,-38.0218609327962,1.52934187231767,0.006486197330347,-0.283951992312,
51.789,0.413000000000004,93,93,2,92.75,0,-1.87850934338286,-37.9195497445922,1.529114094769,0.006240784253993,-0.2630831908601,
51.79,0.414000000000001,93,93,2,92.75,0,-1.87276809531058,-37.6680061121635,1.52889711131434,0.00599462984777,-0.2500255733465,
51.791,0.415000000000006,93,93,2,92.75,0,-1.86727416659558,-37.4667928233764,1.52869071869966,0.005744309006156,-0.2471819378796,
51.792,0.416000000000004,93,93,2,92.75,0,-1.86201801893566,-37.5324963576953,1.5284936150305,0.00549679020566,-0.2482302986613,
51.793,0.417000000000002,93,93,2,92.75,0,-1.85698070098033,-37.6880954947767,1.52830416001152,0.005261833065067,-0.2445909148605,
51.794,0.418000000000006,93,93,2,92.75,0,-1.85211585696174,-37.6347747690531,1.52812094300407,0.005051224685685,-0.2314210102006,
51.795,0.419000000000004,93,93,2,92.75,0,-1.84739650359339,-37.4884339733154,1.52794367651995,0.00487293900454,-0.2082161982742,
51.796,0.420000000000002,93,93,2,92.75,0,-1.84281929298758,-37.4208518418443,1.52777223873119,0.00472035773466,-0.1802711672366,
51.797,0.421000000000006,93,93,2,92.75,0,-1.83837718044499,-37.3876502700587,1.52760608483842,0.004579324015606,-0.1568283280117,
51.798,0.422000000000004,93,93,2,92.75,0,-1.83405965960974,-37.2862216367193,1.52744488183953,0.004445264449354,-0.1424057384612,
51.799,0.423000000000002,93,93,2,92.75,0,-1.82983860609514,-37.1212116575112,1.52728784296062,0.004325958151257,-0.1317258316461,
51.8,0.424000000000007,93,93,2,92.75,0,-1.82569547242909,-37.0469084120032,1.52713419874303,0.00422661775623,-0.1177425076225,
51.801,0.425000000000004,93,93,2,92.75,0,-1.82163177790634,-37.2764826663053,1.52698318496442,0.004142677877625,-0.1007100110214,
51.802,0.426000000000002,93,93,2,92.75,0,-1.81764795197776,-37.5631204501586,1.52683411098874,0.004063565687489,-0.0871117269909,
51.803,0.427000000000007,93,93,2,92.75,0,-1.81374083122715,-37.622059714666,1.52668723219998,0.00398477495344,-0.0804640598506,
51.804,0.428000000000004,93,93,2,92.75,0,-1.80989961169046,-37.5023683722095,1.52654294748956,0.003910361939825,-0.0775738547449,
51.805,0.429000000000002,93,93,2,92.75,0,-1.80610163200637,-37.3054920451908,1.52640088812251,0.003848017945086,-0.0721056240824,
51.806,0.430000000000007,93,93,2,92.75,0,-1.80233449321353,-37.159007866909,1.52626062906936,0.003801699372495,-0.0611570737574,
51.807,0.431000000000004,93,93,2,92.75,0,-1.79858786372216,-37.1073099820405,1.52612150488102,0.003770238269774,-0.0466689582744,
51.808,0.432000000000002,93,93,2,92.75,0,-1.79485196306868,-37.1463280405144,1.52598280277363,0.003749563630444,-0.0326824046647,
51.809,0.433000000000007,93,93,2,92.75,0,-1.79112119731867,-37.1146508858977,1.52584427761525,0.003737578833806,-0.0213036255397,
51.81,0.434000000000005,93,93,2,92.75,0,-1.78740462421976,-36.9759307765839,1.52570659608389,0.003728048425721,-0.0138554328797,
51.811,0.435000000000002,93,93,2,92.75,0,-1.78372144704145,-36.846784367376,1.52557064501406,0.00371081211806,-0.0125784945237,
51.812,0.436,93,93,2,92.75,0,-1.78008281492196,-36.743219826761,1.52543676153758,0.003679832436844,-0.0190475498547,
51.813,0.437000000000005,93,93,2,92.75,0,-1.77647313307416,-36.588768411265,1.52530440896416,0.003643310555629,-0.0285193291492,
51.814,0.438000000000002,93,93,2,92.75,0,-1.77288390612937,-36.4156165412459,1.52517339431139,0.003612230458404,-0.0332266860183,
51.815,0.439,93,93,2,92.75,0,-1.76933501983874,-36.398653470223,1.5250441895291,0.003583261219445,-0.0320793749422,
51.816,0.440000000000005,93,93,2,92.75,0,-1.76583132122446,-36.4432478524236,1.52491658149472,0.003547432183973,-0.0316604353927,
51.817,0.441000000000003,93,93,2,92.75,0,-1.76235228951276,-36.4053545351114,1.5247898601958,0.003509854846411,-0.0342955871451,
51.818,0.442,93,93,2,92.75,0,-1.75888271956547,-36.26783189318,1.52466378784399,0.003483593253151,-0.0336581236444,
51.819,0.443000000000005,93,93,2,92.75,0,-1.75542469568414,-36.0877849544847,1.52453868411848,0.003468944656825,-0.0261724174704,
51.82,0.444000000000003,93,93,2,92.75,0,-1.75198423147122,-35.883378279412,1.52441487701276,0.003456219800595,-0.0175553733774,
51.821,0.445,93,93,2,92.75,0,-1.74857679473925,-35.6591964429183,1.52429298861426,0.003435823869158,-0.0156033008209,
51.822,0.446000000000005,93,93,2,92.75,0,-1.74521767480542,-35.5571481621079,1.52417337649288,0.003402849936813,-0.0218680091473,
51.823,0.447000000000003,93,93,2,92.75,0,-1.74190436057783,-35.538309318448,1.52405559569749,0.0033598732614,-0.032201354993,
51.824,0.448,93,93,2,92.75,0,-1.73861260297857,-35.4989041131208,1.52393867705391,0.003320588950963,-0.0388681429998,
51.825,0.449000000000005,93,93,2,92.75,0,-1.73531636255496,-35.4698365460481,1.52382171203803,0.003299569435064,-0.0349125815684,
51.826,0.450000000000003,93,93,2,92.75,0,-1.73201497584295,-35.3710533493269,1.52370477545173,0.003296439462825,-0.0211320911624,
51.827,0.451000000000001,93,93,2,92.75,0,-1.72871994314976,-35.2395334141408,1.52358844335581,0.003297936619844,-0.0071086965596,
51.828,0.452000000000005,93,93,2,92.75,0,-1.72543499109221,-35.2469453861116,1.52347267100401,0.003293914708144,-0.0015467023741,
51.829,0.453000000000003,93,93,2,92.75,0,-1.72217799498583,-35.1151940455485,1.52335808639694,0.003279589462891,-0.0054571911502,
51.83,0.454000000000001,93,93,2,92.75,0,-1.71897577436963,-34.9678571492126,1.52324587570124,0.00324895024468,-0.0161284370745,
51.831,0.455000000000005,93,93,2,92.75,0,-1.71584141244783,-34.8325402669677,1.52313648584735,0.003198295654935,-0.0317496377838,
51.832,0.456000000000003,93,93,2,92.75,0,-1.71277353174327,-34.7618042779475,1.52302973227395,0.003134775164947,-0.0485097483577,
51.833,0.457000000000001,93,93,2,92.75,0,-1.70974677471569,-34.7910945943911,1.52292447241123,0.003075487966635,-0.0583907324123,
51.834,0.458000000000006,93,93,2,92.75,0,-1.70673370663368,-34.7933737064205,1.52281964104102,0.003034987447003,-0.0549211822108,
51.835,0.459000000000003,93,93,2,92.75,0,-1.70372564083715,-34.7048898026246,1.52271511336633,0.003015674080037,-0.0397803774362,
51.836,0.460000000000001,93,93,2,92.75,0,-1.70072053034979,-34.5614758161986,1.52261103682545,0.003008679889423,-0.0219737598602,
51.837,0.461000000000006,93,93,2,92.75,0,-1.69772587432641,-34.5481629258147,1.5225075570275,0.003002860740917,-0.0103374308872,
51.838,0.462000000000003,93,93,2,92.75,0,-1.69474203772682,-34.5727345318059,1.52240443429568,0.002994546535437,-0.0069201782306,
51.839,0.463000000000001,93,93,2,92.75,0,-1.69176173364243,-34.5294300257729,1.52230146156404,0.002986022672167,-0.0076285857248,
51.84,0.464000000000006,93,93,2,92.75,0,-1.68879628797693,-34.3485361790878,1.52219933463087,0.002976906313283,-0.0086387146172,
51.841,0.465000000000003,93,93,2,92.75,0,-1.68585429770794,-34.1867887561775,1.52209851950136,0.002962866572214,-0.0104156248553,
51.842,0.466000000000001,93,93,2,92.75,0,-1.68292327510118,-34.0671547477913,1.52199849257565,0.002945736589274,-0.0134897989748,
51.843,0.467000000000006,93,93,2,92.75,0,-1.67999574896023,-34.0802862994024,1.5218987408681,0.002933263965686,-0.0148057025731,
51.844,0.468000000000004,93,93,2,92.75,0,-1.67707506348914,-34.1627927656321,1.52179908258333,0.002926522879735,-0.0121503701025,
51.845,0.469000000000001,93,93,2,92.75,0,-1.6741670873999,-34.1261354515415,1.52169979129812,0.002918924857493,-0.0087176281294,
51.846,0.470000000000006,93,93,2,92.75,0,-1.67127258179224,-33.9354334406263,1.52160128900169,0.002907747759321,-0.0084146641337,
51.847,0.471000000000004,93,93,2,92.75,0,-1.6683819832515,-33.6857065232775,1.52150355621745,0.002897374632058,-0.0098621841203,
51.848,0.472000000000001,93,93,2,92.75,0,-1.66549756545723,-33.4944088352215,1.52140666845736,0.002889916436875,-0.0097398389117,
51.849,0.473000000000006,93,93,2,92.75,0,-1.66262837999336,-33.5514510869111,1.521310484954,0.002881702319091,-0.0085594515873,
51.85,0.474000000000004,93,93,2,92.75,0,-1.65977911263555,-33.7873366066286,1.52121455184917,0.002867779731172,-0.0096998820442,
51.851,0.475000000000001,93,93,2,92.75,0,-1.65696607894864,-33.9015219987919,1.52111934632941,0.002844372688358,-0.015055383347,
51.852,0.476000000000006,93,93,2,92.75,0,-1.65419813698039,-33.8084777353013,1.52102563765445,0.002810376272582,-0.0237385182341,
51.853,0.477000000000004,93,93,2,92.75,0,-1.65145753727893,-33.6727433700487,1.52093316814725,0.002773266803811,-0.0317535197859,
51.854,0.478000000000002,93,93,2,92.75,0,-1.64872376578576,-33.5571944012659,1.52084127250356,0.00274675391901,-0.0329965776815,
51.855,0.479000000000006,93,93,2,92.75,0,-1.64598562242256,-33.5180717627551,1.52074944165611,0.002737131516666,-0.0246247152549,
51.856,0.480000000000004,93,93,2,92.75,0,-1.64324235199178,-33.4221110625126,1.52065762414401,0.002738369922465,-0.0114313046382,
51.857,0.481000000000002,93,93,2,92.75,0,-1.64050702510895,-33.3502730135387,1.52056630199542,0.002739349246121,-0.0020975612868,
51.858,0.482000000000006,93,93,2,92.75,0,-1.63777842127516,-33.4249579472695,1.52047520041981,0.002735693032503,-0.0003336128833,
51.859,0.483000000000004,93,93,2,92.75,0,-1.63505525495169,-33.4440799138781,1.52038415266381,0.002728989495406,-0.0031797494795,
51.86,0.484000000000002,93,93,2,92.75,0,-1.63234602064983,-33.3777357330277,1.52029363468628,0.002720617970083,-0.0062897365211,
51.861,0.485000000000007,93,93,2,92.75,0,-1.62964520725799,-33.2278574954394,1.5202036900472,0.002710887635337,-0.0082787716821,
51.862,0.486000000000004,93,93,2,92.75,0,-1.62694605848588,-33.1529194041082,1.52011410425098,0.002702840278927,-0.0088177984183,
51.863,0.487000000000002,93,93,2,92.75,0,-1.62426041849659,-33.0979001619344,1.52002514132582,0.002695595523183,-0.008311469711,
51.864,0.488000000000007,93,93,2,92.75,0,-1.62159475917126,-32.9423782507993,1.51993712088381,0.002683698424948,-0.0088812386911,
51.865,0.489000000000004,93,93,2,92.75,0,-1.61894827902367,-32.822286954105,1.51985009844338,0.002665899771196,-0.0122718621428,
51.866,0.490000000000002,93,93,2,92.75,0,-1.61632653983299,-32.6693602654082,1.5197642474343,0.002644811613842,-0.0170150381775,
51.867,0.491000000000007,93,93,2,92.75,0,-1.61372729583838,-32.5072473238078,1.51967954248136,0.002622412918933,-0.0204944675399,
51.868,0.492000000000004,93,93,2,92.75,0,-1.61114018232639,-32.4321893276995,1.51959553963434,0.002602353408644,-0.0213037782565,
51.869,0.493000000000002,93,93,2,92.75,0,-1.60855789100857,-32.5037498417827,1.51951169787839,0.002589305998522,-0.0186576356249,
51.87,0.494000000000007,93,93,2,92.75,0,-1.60597392325309,-32.4403794049225,1.51942779111045,0.002584240907369,-0.0127563444814,
51.871,0.495000000000005,93,93,2,92.75,0,-1.60339507831219,-32.3437619606417,1.51934425698283,0.002581927979808,-0.0066341377661,
51.872,0.496000000000002,93,93,2,92.75,0,-1.60083031422811,-32.2124006971215,1.51926147131914,0.002576157528228,-0.0041758338443,
51.873,0.497,93,93,2,92.75,0,-1.59828125837307,-31.99486743542,1.51917963736275,0.002564275872414,-0.0065665556445,
51.874,0.498000000000005,93,93,2,92.75,0,-1.59574332790941,-31.9356091881861,1.51909851181065,0.002550430706338,-0.0106373476224,
51.875,0.499000000000002,93,93,2,92.75,0,-1.59320047406975,-31.9391933921182,1.51901729966715,0.002542745093874,-0.0114082469138,
51.876,0.5,93,93,2,92.75,0,-1.59064932666159,-31.9358883442866,1.51893582229255,0.002543864897407,-0.0068918537485,
51.877,0.501000000000005,93,93,2,93,0,-1.58810026856698,-31.8948143133231,1.51885446820791,0.002548032543544,-0.0006074684849,
51.878,0.000999999999997669,94,94,2,93,0,-1.5855740721798,-31.8230059154467,-8.04818636197524E-05,0.002542826376447,0.0004411493856,
51.879,0.00199999999999534,94,94,2,93,0,-1.58310301392081,-31.6015439187472,-0.000158844742458086,0.002516513460955,-0.0087260476453,
51.88,0.00300000000000011,94,94,2,93,0,-1.58070474612941,-31.5033444673755,-0.000234515953110304,0.00246576255717,-0.0273122874614,
51.881,0.00399999999999778,94,94,2,93,0,-1.5783691870387,-31.4047795988602,-0.000307978773633977,0.00240129232147,-0.0475353068716,
51.882,0.00499999999999545,94,94,2,93,0,-1.57608482753751,-31.4023462913768,-0.000379715801017255,0.002339011824064,-0.0596975146373,
51.883,0.00600000000000023,94,94,2,93,0,-1.57383944106232,-31.553006431149,-0.000450395349787414,0.002288027470247,-0.0595485758175,
51.884,0.0069999999999979,94,94,2,93,0,-1.57161861046158,-31.4409781295974,-0.000520344834086472,0.002249711620654,-0.0505726456265,
51.885,0.00799999999999557,94,94,2,93,0,-1.56941257042098,-31.2872417619768,-0.000589535316464662,0.00222376019503,-0.0384070736695,
51.886,0.00900000000000034,94,94,2,93,0,-1.56720998717493,-31.1495230746093,-0.000658296402548331,0.002209440170277,-0.0261713325534,
51.887,0.00999999999999801,94,94,2,93,0,-1.56500185939911,-31.0913571985739,-0.000727014310797358,0.002205283643346,-0.0147603956677,
51.888,0.0109999999999957,94,94,2,93,0,-1.56278869859153,-31.0174142184905,-0.000795742660159249,0.002207974326417,-0.005151413277,
51.889,0.0120000000000005,94,94,2,93,0,-1.56057548661722,-30.9502233684717,-0.000864316418926592,0.002211666248071,0.0009368916453,
51.89,0.0129999999999981,94,94,2,93,0,-1.55836851508987,-31.0511309176277,-0.000932734030698157,0.002211324490203,0.0021814462225,
51.891,0.0139999999999958,94,94,2,93,0,-1.55617175310524,-31.0849015712203,-0.00100098306771201,0.002205780798622,-0.0006922341253,
51.892,0.0150000000000006,94,94,2,93,0,-1.55397414977811,-30.9646679832693,-0.00106916323795758,0.002200077250196,-0.0040310685206,
51.893,0.0159999999999982,94,94,2,93,0,-1.55176862063402,-30.7639977836402,-0.00113723542364141,0.002199728669468,-0.0040491010631,
51.894,0.0169999999999959,94,94,2,93,0,-1.54956037771233,-30.6580494743286,-0.00120505282419003,0.002203965532282,-0.0005794379748,
51.895,0.0180000000000007,94,94,2,93,0,-1.54735499830691,-30.5772535264334,-0.00127257636225409,0.002206569733529,0.0023714312813,
51.896,0.0189999999999984,94,94,2,93,0,-1.5451534477401,-30.5588734994392,-0.00133987349980202,0.002205089808718,0.0018687618997,
51.897,0.019999999999996,94,94,2,93,0,-1.54297102370307,-30.5341986749123,-0.00140653899441645,0.002196961259459,-0.002249274328,
51.898,0.0210000000000008,94,94,2,93,0,-1.54082752287191,-30.6279095250479,-0.00147208950929212,0.002176485034203,-0.0098382647237,
51.899,0.0219999999999985,94,94,2,93,0,-1.53873084523963,-30.8443903402468,-0.00153653330735892,0.002141130833257,-0.0212353151639,
51.9,0.0229999999999961,94,94,2,93,0,-1.53667565235564,-30.8888893567664,-0.00159997020591618,0.002098279167457,-0.0331400476952,
51.901,0.0240000000000009,94,94,2,93,0,-1.53465411048555,-30.7326523150404,-0.00166225546919918,0.002057543004307,-0.0399677755488,
51.902,0.0249999999999986,94,94,2,93,0,-1.53265862995092,-30.522757598194,-0.00172337245825815,0.002023818773622,-0.0392672342055,
51.903,0.0259999999999962,94,94,2,93,0,-1.5306794273011,-30.4148729097921,-0.00178367641814248,0.001998415569825,-0.0333315023581,
51.904,0.027000000000001,94,94,2,93,0,-1.52870625729899,-30.4016635831583,-0.00184367710085098,0.00198227622095,-0.0251203553868,
51.905,0.0279999999999987,94,94,2,93,0,-1.52673456953232,-30.5739119846801,-0.00190378949906744,0.001974535125791,-0.0163990292368,
51.906,0.0289999999999964,94,94,2,93,0,-1.52475740920131,-30.7129032988337,-0.00196437642907199,0.001973774206604,-0.0081665184822,
51.907,0.0300000000000011,94,94,2,93,0,-1.52276018160289,-30.6671619518534,-0.00202567140922838,0.001981538741931,-0.0002973356244,
51.908,0.0309999999999988,94,94,2,93,0,-1.52073049585385,-30.4530154849188,-0.00208769878580028,0.002000944863383,0.0086993748103,
51.909,0.0319999999999965,94,94,2,93,0,-1.5186771866945,-30.2528904785389,-0.00215002278216048,0.002027035326947,0.0179189482481,
51.91,0.0330000000000013,94,94,2,93,0,-1.51662767509918,-30.1837360610649,-0.00221195556559906,0.002045082867048,0.0216722838915,
51.911,0.0339999999999989,94,94,2,93,0,-1.51460985105169,-30.2180580477433,-0.00227289566191757,0.00204114460018,0.0138646750492,
51.912,0.0349999999999966,94,94,2,93,0,-1.51263313559697,-30.253402248946,-0.0023326630969791,0.002014997734008,-0.0040051045685,
51.913,0.0360000000000014,94,94,2,93,0,-1.51067833934576,-30.2132313393022,-0.00239176307130151,0.001982472271498,-0.0213978652822,
51.914,0.036999999999999,94,94,2,93,0,-1.50872235380192,-30.0268953785355,-0.00245067747979988,0.001961728800052,-0.0270772862894,
51.915,0.0379999999999967,94,94,2,93,0,-1.50676356880214,-29.7803874564606,-0.00250925228405663,0.001956468592833,-0.0196330894971,
51.916,0.0390000000000015,94,94,2,93,0,-1.50481284829066,-29.5408064544429,-0.00256711181893365,0.001955525816508,-0.0086099572189,
51.917,0.0399999999999991,94,94,2,93,0,-1.50288076934659,-29.4573798746101,-0.00262410639570021,0.001947547387747,-0.004348701324,
51.918,0.0409999999999968,94,94,2,93,0,-1.50095960435305,-29.4682067557371,-0.00268070928282782,0.001934397229134,-0.0074192519858,
51.919,0.0420000000000016,94,94,2,93,0,-1.49904631061155,-29.5165838484099,-0.00273713689819033,0.001922077803087,-0.0113494198876,
51.92,0.0429999999999993,94,94,2,93,0,-1.497147341554,-29.479896474057,-0.00279315314350015,0.001911357711927,-0.0120888453507,
51.921,0.0439999999999969,94,94,2,93,0,-1.49527793498366,-29.3214505964088,-0.00284811495578197,0.001894397716572,-0.0130718628846,
51.922,0.0450000000000017,94,94,2,93,0,-1.4934514190907,-29.2014161775459,-0.00290156142892783,0.001865408113289,-0.0186969064749,
51.923,0.0459999999999994,94,94,2,93,0,-1.49165752098053,-29.0624458542806,-0.00295382114492782,0.001829597761337,-0.0274269455053,
51.924,0.046999999999997,94,94,2,93,0,-1.48987188928756,-29.0066189509773,-0.00300566612617104,0.001801203519847,-0.0315392942127,
51.925,0.0480000000000018,94,94,2,93,0,-1.48808204882327,-29.1108265506689,-0.00305767660398715,0.001789374249526,-0.0256495832779,
51.926,0.0489999999999995,94,94,2,93,0,-1.4862883947008,-29.1381858051412,-0.00310991589455512,0.001789721930348,-0.0131456763288,
51.927,0.0499999999999972,94,94,2,93,0,-1.48448816234097,-29.0306286642688,-0.0031622745856339,0.001794483496224,-0.0019812390047,
51.928,0.0510000000000019,94,94,2,93,0,-1.48267750876174,-28.8899994723527,-0.00321471168194876,0.001801385254442,0.0040794580624,
51.929,0.0519999999999996,94,94,2,93,0,-1.48086478461731,-28.6948198696331,-0.00326690437813681,0.00180814838297,0.0062181116084,
51.93,0.0529999999999973,94,94,2,93,0,-1.47907799409059,-28.497592517997,-0.00331799980847336,0.001804322889557,0.0036281308527,
51.931,0.054000000000002,94,94,2,93,0,-1.47733873211679,-28.3899674491668,-0.00336747099339618,0.001780312046157,-0.0067045118268,
51.932,0.0549999999999997,94,94,2,93,0,-1.47563885134126,-28.4551002997564,-0.00341578591232405,0.001741706180195,-0.0223337451725,
51.933,0.0559999999999974,94,94,2,93,0,-1.47395564655537,-28.4630177934417,-0.00346368833672273,0.001706692338119,-0.0331497520276,
51.934,0.0570000000000022,94,94,2,93,0,-1.47227151449802,-28.4645336043612,-0.00351162509386427,0.00168848576422,-0.0310492687887,
51.935,0.0579999999999998,94,94,2,93,0,-1.47058674080617,-28.4432585186579,-0.00355956346936637,0.001684046366262,-0.0191186015698,
51.936,0.0589999999999975,94,94,2,93,0,-1.46890305837793,-28.5066038440264,-0.00360750621064199,0.001684253822417,-0.0071754945064,
51.937,0.0599999999999952,94,94,2,93,0,-1.46722297471399,-28.4860810200995,-0.00365538245003449,0.001682930178033,-0.0016459302406,
51.938,0.0609999999999999,94,94,2,93,0,-1.4655654704449,-28.4065428138994,-0.00370253233347739,0.001674389474775,-0.0030294318845,
51.939,0.0619999999999976,94,94,2,93,0,-1.46393434502401,-28.3317833896158,-0.00374880599659377,0.001656364433085,-0.0092208871254,
51.94,0.0629999999999953,94,94,2,93,0,-1.46231373257745,-28.1659171703435,-0.00379458643496378,0.001635885183051,-0.0159160026636,
51.941,0.0640000000000001,94,94,2,93,0,-1.46070358750152,-28.0479906830865,-0.0038398427084303,0.00162062612767,-0.0181769291349,
51.942,0.0649999999999977,94,94,2,93,0,-1.45911807175448,-28.0171116741586,-0.00388428875976388,0.001605896488452,-0.016666288928,
51.943,0.0659999999999954,94,94,2,93,0,-1.45756479337732,-28.0556491624335,-0.0039278370632303,0.001583233334743,-0.0172685184142,
51.944,0.0670000000000002,94,94,2,93,0,-1.45603782493993,-27.9668703398178,-0.00397060937277161,0.001555056606193,-0.021937171814,
51.945,0.0679999999999978,94,94,2,93,0,-1.45453099981362,-27.8324153848021,-0.0040126492556567,0.001528818425997,-0.0259410915915,
51.946,0.0689999999999955,94,94,2,93,0,-1.45304581740775,-27.8281729724686,-0.00405398231890786,0.001506375303502,-0.0256812273919,
51.947,0.0700000000000003,94,94,2,93,0,-1.45158195702979,-28.0491539452779,-0.0040948806213521,0.001485278613629,-0.0231777100187,
51.948,0.070999999999998,94,94,2,93,0,-1.45012812529622,-28.264122363571,-0.00413581563540788,0.001467248393016,-0.0205806788816,
51.949,0.0719999999999956,94,94,2,93,0,-1.44867753001527,-28.2746602292805,-0.00417682308102485,0.001455869391101,-0.0169547957816,
51.95,0.0730000000000004,94,94,2,93,0,-1.44723951889218,-28.1669386099475,-0.00421740490449452,0.001447790969378,-0.0123841934668,
51.951,0.0739999999999981,94,94,2,93,0,-1.4458203950281,-28.0203403201192,-0.00425727325870184,0.001436120192745,-0.0101463022536,
51.952,0.0749999999999957,94,94,2,93,0,-1.4444226010474,-27.9357507932971,-0.00429638080237282,0.001418391076769,-0.0124105719629,
51.953,0.0760000000000005,94,94,2,93,0,-1.44304570397684,-27.9371591822373,-0.00433484642539383,0.001397923872672,-0.0167330406094,
51.954,0.0769999999999982,94,94,2,93,0,-1.44169462919928,-27.9936459104118,-0.00437262977541764,0.001375419455702,-0.0202569415226,
51.955,0.0779999999999959,94,94,2,93,0,-1.44036732976066,-28.0636712119291,-0.00440983219817781,0.001351688863778,-0.0222611055943,
51.956,0.0790000000000006,94,94,2,93,0,-1.43904754081615,-28.0209153607894,-0.00444684210683022,0.001332178892069,-0.0220965533733,
51.957,0.0799999999999983,94,94,2,93,0,-1.43772488350682,-27.9800706353384,-0.00448387716355114,0.001322902602189,-0.0177060532248,
51.958,0.080999999999996,94,94,2,93,0,-1.43638623280419,-28.064377136326,-0.00452138913325939,0.001326594817874,-0.0084558427592,
51.959,0.0820000000000007,94,94,2,93,0,-1.43501442856587,-28.0884706162524,-0.00455990449052024,0.001343798745347,0.0038551775519,
51.96,0.0829999999999984,94,94,2,93,0,-1.43360533788562,-27.999153547585,-0.0045994207647766,0.001373044110192,0.0167628451482,
51.961,0.0839999999999961,94,94,2,93,0,-1.43215885954895,-27.9564972072431,-0.00463989008309795,0.001409121044597,0.0276824045014,
51.962,0.0850000000000009,94,94,2,93,0,-1.4306854454719,-27.7817588651073,-0.00468095284867331,0.001443342761858,0.0334708983938,
51.963,0.0859999999999985,94,94,2,93,0,-1.42921323042791,-27.6445687072402,-0.00472175258531138,0.001464973645018,0.0310010321739,
51.964,0.0869999999999962,94,94,2,93,0,-1.42775930463879,-27.6039500061842,-0.00476191620839472,0.001467087977447,0.019553168171,
51.965,0.088000000000001,94,94,2,93,0,-1.42632358214724,-27.5460256179373,-0.00480150623860709,0.00145395157631,0.0033940775785,
51.966,0.0889999999999986,94,94,2,93,0,-1.42490538111874,-27.5105630390531,-0.00484054689394497,0.001435927041906,-0.0100276210473,
51.967,0.0899999999999963,94,94,2,93,0,-1.42350668366321,-27.5695633087572,-0.00487906711023811,0.001417606395524,-0.0166469280173,
51.968,0.0910000000000011,94,94,2,93,0,-1.42213116903602,-27.6688058418478,-0.00491705770261319,0.001397593678919,-0.0187394338555,
51.969,0.0919999999999987,94,94,2,93,0,-1.42077192293054,-27.6608177872028,-0.00495466099033592,0.001377588919179,-0.0195027084786,
51.97,0.0929999999999964,94,94,2,93,0,-1.41941906859998,-27.5266004900275,-0.00499199125923155,0.001362209129517,-0.0186196557761,
51.971,0.0940000000000012,94,94,2,93,0,-1.41808040271667,-27.2243690918478,-0.00502863788676677,0.001350515328861,-0.0156614839836,
51.972,0.0949999999999989,94,94,2,93,0,-1.41676886225998,-27.0574027798386,-0.00506423425670732,0.001334784789499,-0.0140106189696,
51.973,0.0959999999999965,94,94,2,93,0,-1.41547753465086,-27.0317829266437,-0.00509915768614633,0.001313614230405,-0.0161515236698,
51.974,0.0970000000000013,94,94,2,93,0,-1.41419727641217,-27.073820394121,-0.00513379225836275,0.001294070652262,-0.0190504588891,
51.975,0.097999999999999,94,94,2,93,0,-1.41292085795149,-27.0981854519887,-0.00516836533250853,0.001282427116416,-0.0176616597392,
51.976,0.0989999999999966,94,94,2,93,0,-1.41163840611665,-27.1683888735835,-0.00520316246641528,0.001279380406331,-0.0114345008068,
51.977,0.100000000000001,94,94,2,93,0,-1.41034310510389,-27.2308829428506,-0.00523839418235639,0.001284496575968,-0.0031768938967,
51.978,0.100999999999999,94,94,2,93,0,-1.40903245285839,-27.2110823394834,-0.00527407142436687,0.001296051629206,0.0045989708007,
51.979,0.101999999999997,94,94,2,93,0,-1.40771939893198,-27.074060642018,-0.00530971108443623,0.001306767379951,0.0093715974098,
51.98,0.103000000000002,94,94,2,93,0,-1.40643668765093,-27.0589839360422,-0.0053444296179066,0.001303230628529,0.0066917908428,
51.981,0.103999999999999,94,94,2,93,0,-1.40520086785034,-27.0679925705025,-0.0053778752125595,0.00127774663052,-0.005845174748,
51.982,0.104999999999997,94,94,2,93,0,-1.40400426131409,-26.9800595120479,-0.00541021233874517,0.001238123265426,-0.0231416341584,
51.983,0.106000000000002,94,94,2,93,0,-1.40281953025788,-26.8937264921778,-0.0054421253124417,0.00120480787154,-0.0334891636061,
51.984,0.106999999999999,94,94,2,93,0,-1.40163358742466,-26.8235807491156,-0.00547397814020201,0.001188657233325,-0.0300583585471,
51.985,0.107999999999997,94,94,2,93,0,-1.40045497230807,-26.7956330641646,-0.0055055763481846,0.001183380985128,-0.0180377479109,
51.986,0.109000000000002,94,94,2,93,0,-1.39928683584947,-26.8140412929001,-0.00553688805575803,0.001177669834182,-0.0086690360271,
51.987,0.109999999999999,94,94,2,93,0,-1.39812596334639,-26.8814302645222,-0.00556805485399536,0.001169100869341,-0.0064380242898,
51.988,0.110999999999997,94,94,2,93,0,-1.39697449649142,-26.7915410886544,-0.00559895617774941,0.001160229995303,-0.0078021934316,
51.989,0.112000000000002,94,94,2,93,0,-1.3958313223094,-26.686725475378,-0.0056295236645667,0.001151800747518,-0.008647813403,
51.99,0.113,94,94,2,93,0,-1.39469595267744,-26.7544348143202,-0.00565986139980623,0.001143320618887,-0.0085769999147,
51.991,0.113999999999997,94,94,2,93,0,-1.39356255526187,-26.8819777659238,-0.00569025708551862,0.001137119332061,-0.0077812118357,
51.992,0.115000000000002,94,94,2,93,0,-1.39242074225698,-26.8235542068898,-0.00572091792292895,0.001136513757283,-0.0052062257531,
51.993,0.116,94,94,2,93,0,-1.3912705608995,-26.6164727171949,-0.00575165078427631,0.001141798833871,-0.0005170929826,
51.994,0.116999999999997,94,94,2,93,0,-1.39012675775153,-26.4803707708961,-0.00578201695265079,0.00114575738885,0.0031199246955,
51.995,0.118000000000002,94,94,2,93,0,-1.38900300622284,-26.5582110996811,-0.00581181804636799,0.001139701125039,0.0013520658247,
51.996,0.119,94,94,2,93,0,-1.38789639648954,-26.7229051774428,-0.00584129874729911,0.001124624475857,-0.0057579337853,
51.997,0.119999999999997,94,94,2,93,0,-1.38680719675905,-26.7513843962676,-0.00587042083819256,0.001106529271074,-0.013276100251,
51.998,0.120999999999995,94,94,2,93,0,-1.38574533504767,-26.768899198595,-0.00589883640816424,0.0010862213256,-0.01785346031,
51.999,0.122,94,94,2,93,0,-1.38471097541178,-26.7782847283668,-0.00592652993100273,0.001061812494466,-0.0208743889647,
52,0.122999999999998,94,94,2,93,0,-1.38368230348792,-26.7408766924182,-0.00595405676037331,0.001040903944928,-0.0221284809572,
52.001,0.123999999999995,94,94,2,93,0,-1.38262812297165,-26.6940782405088,-0.00598222180457242,0.001038030815192,-0.0165480080762,
52.002,0.125,94,94,2,93,0,-1.38153953161242,-26.7307346348806,-0.00601130069941291,0.001056851191435,-0.0017757038829,
52.003,0.125999999999998,94,94,2,93.25,0,-1.38043014860327,-26.7702430281182,-0.00604097723720542,0.001084505601318,0.0149625345413,
52.004,0.126999999999995,94,94,2,93.25,0,-1.37930757028574,-26.6876330929371,-0.00607098256352856,0.001107104106688,0.0234874284371,
52.005,0.128,94,94,2,93.25,0,-1.3781772911081,-26.5110634655561,-0.00610104725302563,0.001120929983049,0.0214834880212,
52.006,0.128999999999998,94,94,2,93.25,0,-1.37705697809853,-26.453872794353,-0.00613071590660752,0.001124979069186,0.0135246279965,
52.007,0.129999999999995,94,94,2,93.25,0,-1.37596081660198,-26.4163137718657,-0.00615969303802899,0.001116057406085,0.0030908984328,
52.008,0.131,94,94,2,93.25,0,-1.37488650165106,-26.3962826329746,-0.0061880617189729,0.001096852986767,-0.0081152651947,
52.009,0.131999999999998,94,94,2,93.25,0,-1.37382780475857,-26.3028343100939,-0.00621595791463392,0.00107618349708,-0.0165591135636,
52.01,0.132999999999996,94,94,2,93.25,0,-1.37278086488486,-26.3659152977661,-0.00624352842166331,0.001059855204385,-0.0189276094787,
52.011,0.134,94,94,2,93.25,0,-1.3717341833774,-26.5444813585996,-0.0062712185885232,0.001050389469469,-0.0155718844589,
52.012,0.134999999999998,94,94,2,93.25,0,-1.37066922453679,-26.6617505767493,-0.00629954981206993,0.00105224221728,-0.0081289574316,
52.013,0.135999999999996,94,94,2,93.25,0,-1.36957549460704,-26.5772020566264,-0.00632866433002732,0.001068106967407,0.0026608036877,
52.014,0.137,94,94,2,93.25,0,-1.36845811509156,-26.3735008625022,-0.00635824734541757,0.001092193478727,0.0141276777901,
52.015,0.137999999999998,94,94,2,93.25,0,-1.36733651657275,-26.2127237979619,-0.00638773766127088,0.00111155034076,0.020201088176,
52.016,0.138999999999996,94,94,2,93.25,0,-1.36623170111316,-25.944947818586,-0.00641654996223906,0.001115297900045,0.0160929659947,
52.017,0.140000000000001,94,94,2,93.25,0,-1.3651622115899,-25.8256476134009,-0.00644423401695349,0.001099252596457,0.0024924912475,
52.018,0.140999999999998,94,94,2,93.25,0,-1.36412664349292,-25.8858533085699,-0.00647100940724954,0.001069910876275,-0.0140963697043,
52.019,0.141999999999996,94,94,2,93.25,0,-1.36311003049861,-26.0301848155337,-0.00649739866673826,0.001040057994063,-0.0255061438128,
52.02,0.143000000000001,94,94,2,93.25,0,-1.36210065215224,-26.132271898989,-0.00652372449388849,0.001020129130729,-0.0267223279396,
52.021,0.143999999999998,94,94,2,93.25,0,-1.36109709458736,-26.2195852460178,-0.00654999354503616,0.001009802506305,-0.0200253973244,
52.022,0.144999999999996,94,94,2,93.25,0,-1.36010327722068,-26.2531919796188,-0.00657606772367103,0.001002381739867,-0.0123355387012,
52.023,0.146000000000001,94,94,2,93.25,0,-1.35911681465496,-26.2187832761019,-0.0066019485433344,0.000994532985852,-0.0084209201069,
52.024,0.146999999999998,94,94,2,93.25,0,-1.35813648180283,-26.0976240202015,-0.00662759228973187,0.000986830091931,-0.0076765997137,
52.025,0.147999999999996,94,94,2,93.25,0,-1.35716396831129,-26.0147330154001,-0.00665293227487496,0.00097982595803,-0.0075370239432,
52.026,0.149000000000001,94,94,2,93.25,0,-1.35618991442275,-26.0064419686506,-0.00667826798877513,0.000975321418817,-0.0064638835006,
52.027,0.149999999999999,94,94,2,93.25,0,-1.35520706923725,-25.9450034175696,-0.00670379810276245,0.000976229158528,-0.0036307339422,
52.028,0.150999999999996,94,94,2,93.25,0,-1.35422797400708,-25.9176659197596,-0.00672918734883865,0.000979082809813,-0.000132170494,
52.029,0.152000000000001,94,94,2,93.25,0,-1.35326804781749,-25.8725488796717,-0.00675404474060315,0.000974469504595,2.97908619E-05,
52.03,0.152999999999999,94,94,2,93.25,0,-1.35233232088191,-25.8312403687297,-0.00677823505472475,0.000958417125558,-0.0058049404128,
52.031,0.153999999999996,94,94,2,93.25,0,-1.35141226169879,-25.763678722221,-0.00680197024428253,0.000938286386044,-0.0138441650344,
52.032,0.155000000000001,94,94,2,93.25,0,-1.35050084316586,-25.7539630051392,-0.00682544731100165,0.000922167313802,-0.0177037311893,
52.033,0.155999999999999,94,94,2,93.25,0,-1.34958449244504,-25.7557265179985,-0.00684904778157147,0.000915490384357,-0.0144899295845,
52.034,0.156999999999996,94,94,2,93.25,0,-1.34864982272504,-25.7008994650896,-0.00687309525667956,0.000920366764207,-0.0060435794956,
52.035,0.158000000000001,94,94,2,93.25,0,-1.34771013105772,-25.589041415943,-0.00689719362171104,0.000930680604442,0.003041625177,
52.036,0.158999999999999,94,94,2,93.25,0,-1.34678447535347,-25.5196896928847,-0.00692084816594729,0.000933974294203,0.0065765569773,
52.037,0.159999999999997,94,94,2,93.25,0,-1.3458711990937,-25.5321399812091,-0.00694416037796941,0.000926152659827,0.0020651376621,
52.038,0.161000000000001,94,94,2,93.25,0,-1.34496518614899,-25.6333942567856,-0.00696733869614263,0.000914811098596,-0.0055430151914,
52.039,0.161999999999999,94,94,2,93.25,0,-1.34406442425628,-25.6628054331994,-0.00699044152710826,0.000906616623628,-0.0093414572956,
52.04,0.162999999999997,94,94,2,93.25,0,-1.34317835710442,-25.5521438352242,-0.00701313146922189,0.000897928786055,-0.0092866096284,
52.041,0.164000000000001,94,94,2,93.25,0,-1.34231736095159,-25.445139049032,-0.00703508570140343,0.000882954274409,-0.0104258310134,
52.042,0.164999999999999,94,94,2,93.25,0,-1.34150050345634,-25.318324898513,-0.00705581895940099,0.000855275855266,-0.0168996816732,
52.043,0.165999999999997,94,94,2,93.25,0,-1.34077510469334,-25.1509678895163,-0.00707412414067221,0.000802661472848,-0.0313480358764,
52.044,0.167000000000002,94,94,2,93.25,0,-1.34020075345679,-25.142370482687,-0.00708856716121886,0.000707522124737,-0.0578910831434,
52.045,0.167999999999999,94,94,2,93.25,0,-1.3398377394819,-25.2276162592809,-0.00709770966577139,0.000556264315987,-0.0992173965948,
52.046,0.168999999999997,94,94,2,93.25,0,-1.33975212983112,-25.2892686842954,-0.00709987203219953,0.000343193856155,-0.1529660658829,
52.047,0.170000000000002,94,94,2,93.25,0,-1.33998719081153,-25.3133333287855,-0.0070939246835735,7.2629758656E-05,-0.2117747558075,
52.048,0.170999999999999,94,94,2,93.25,0,-1.34056824579896,-25.0692871646488,-0.00707928714712125,-0.000242657993159,-0.2667331024937,
52.049,0.171999999999997,94,94,2,93.25,0,-1.34157621930562,-24.5821154002603,-0.0070542634979347,-0.000605332341093,-0.3160866343559,
52.05,0.173000000000002,94,94,2,93.25,0,-1.34319736218603,-23.8829984911781,-0.00701497906075588,-0.001063848763016,-0.377210991295,
52.051,0.173999999999999,94,94,2,93.25,0,-1.34571828009452,-23.084269791626,-0.00695577874688524,-0.001707124576709,-0.4851916172573,
52.052,0.174999999999997,94,94,2,93.25,0,-1.34947750216583,-22.3964864329242,-0.00687029261558791,-0.002622476648912,-0.669470873715,
52.053,0.176000000000002,94,94,2,93.25,0,-1.35483538345094,-21.8668641424358,-0.00675171372674299,-0.003867328586604,-0.9325791542967,
52.054,0.177,94,94,2,93.25,0,-1.36216325310639,-21.3853532408392,-0.00659324042109688,-0.005469280032072,-1.2531318303781,
52.055,0.177999999999997,94,94,2,93.25,0,-1.37182004736934,-20.846795830451,-0.00638932683366988,-0.007435550526598,-1.6041173078526,
52.056,0.179000000000002,94,94,2,93.25,0,-1.38414782539512,-20.4446688355441,-0.00613481082828571,-0.009759412009549,-1.9642520763361,
52.057,0.18,94,94,2,93.25,0,-1.39949733057984,-20.2616586849422,-0.00582239983560839,-0.012433001044613,-2.3215024520574,
52.058,0.180999999999997,94,94,2,93.25,0,-1.4182274594095,-20.2180049727496,-0.00544330517797675,-0.01545717413052,-2.673845984683,
52.059,0.182000000000002,94,94,2,93.25,0,-1.44069368259248,-20.3811559696884,-0.00498725027259184,-0.018836770042174,-3.0256247183782,
52.06,0.183,94,94,2,93.25,0,-1.46723714433334,-20.7970038427078,-0.00444074481782764,-0.022568566444348,-3.3786292110859,
52.061,0.183999999999997,94,94,2,93.25,0,-1.49818075615224,-21.4417970468045,-0.00378723428860894,-0.026640335196908,-3.7281279601338,
52.062,0.184999999999995,94,94,2,93.25,0,-1.5338428245572,-22.3614492231238,-0.00300617710618667,-0.031039103771306,-4.0678769939956,
52.063,0.186,94,94,2,93.25,0,-1.57455759473869,-23.4626175415031,-0.00207331893264495,-0.035762341962101,-4.3980095127657,
52.064,0.186999999999998,94,94,2,93.25,0,-1.62065123311156,-24.9018306470315,-0.000958672240187752,-0.040812620105945,-4.7240092917906,
52.065,0.187999999999995,94,94,2,93.25,0,-1.67243157709714,-26.8655447635435,0.000381594012793585,-0.046185989599269,-5.0490935627733,
52.066,0.189,94,94,2,93.25,0,-1.73018340519344,-29.3694639616183,0.00200543129125208,-0.051865777534983,-5.368367621197,
52.067,0.189999999999998,94,94,2,93.25,0,-1.79417085186156,-32.2159152155113,0.00397577687405715,-0.05783106843463,-5.6735132921769,
52.068,0.190999999999995,94,94,2,93.25,0,-1.86466043620665,-35.5350960701455,0.00636364718630489,-0.064067402399665,-5.9609529300835,
52.069,0.192,94,94,2,93.25,0,-1.9419238995293,-39.4011289568896,0.00925856332327157,-0.070571106735267,-6.2352321565887,
52.07,0.192999999999998,94,94,2,93.25,0,-2.02624740046067,-43.9408875858474,0.0127724086280523,-0.077349310911998,-6.5058431767706,
52.071,0.193999999999996,94,94,2,93.25,0,-2.11791599638332,-49.0704556163325,0.0170355182461606,-0.084409018146138,-6.780305141615,
52.072,0.195,94,94,2,93.25,0,-2.21718602448248,-54.9676244993555,0.0221994498143943,-0.091745497078219,-7.0582878262996,
52.073,0.195999999999998,94,94,2,93.25,0,-2.32426463949554,-61.7287893497191,0.028447295000376,-0.099332174520377,-7.3285069757218,
52.074,0.196999999999996,94,94,2,93.25,0,-2.43931744010723,-69.4225601679089,0.0359919600333853,-0.107128294618479,-7.5744506859181,
52.075,0.198,94,94,2,93.25,0,-2.56249754024037,-78.1627330159128,0.0450817456296591,-0.115098734788536,-7.7855833229053,
52.076,0.198999999999998,94,94,2,93.25,0,-2.69395605069138,-87.722173596107,0.0559852369944167,-0.123225433372066,-7.9650216725124,
52.077,0.199999999999996,94,94,2,93.25,0,-2.8338301660977,-98.4788831121236,0.0690075910418102,-0.131499668842242,-8.1240821254819,
52.078,0.201000000000001,94,94,2,93.25,0,-2.98219453517776,-110.489590646692,0.0845093289252361,-0.139896510021849,-8.2667561170115,
52.079,0.201999999999998,94,94,2,93.25,0,-3.13904937493883,-123.76678927381,0.10288145239295,-0.148364434182241,-8.3813843610132,
52.08,0.202999999999996,94,94,2,93.25,0,-3.30437500401387,-138.408680808085,0.124553614652626,-0.156848935350958,-8.451572368654,
52.081,0.204000000000001,94,94,2,93.25,0,-3.47814352543561,-154.413347612224,0.149995240111792,-0.165317259984859,-8.4746751057747,
52.082,0.204999999999998,94,94,2,93.25,0,-3.66028776690705,-171.60204004995,0.179686152858665,-0.17374836973264,-8.4620131285098,
52.083,0.205999999999996,94,94,2,93.25,0,-3.85069257505335,-190.314456529403,0.214141473406755,-0.182109695458988,-8.4213390071871,
52.084,0.207000000000001,94,94,2,93.25,0,-4.04919304409272,-210.811954672307,0.253953363790572,-0.190355336411763,-8.347555500706,
52.085,0.207999999999998,94,94,2,93.25,0,-4.25561086920508,-232.853661051432,0.29974360952798,-0.198446977593346,-8.2341464534893,
52.086,0.208999999999996,94,94,2,93.25,0,-4.46973497353164,-256.345232358118,0.352118246972424,-0.206354502054723,-8.0826060968788,
52.087,0.210000000000001,94,94,2,93.25,0,-4.69127919714237,-281.085689489072,0.411650605134952,-0.214038256347551,-7.8956284268741,
52.088,0.210999999999999,94,94,2,93.25,0,-4.91989682937738,-306.471478151137,0.478813569369265,-0.221440210412763,-7.6663452751079,
52.089,0.211999999999996,94,94,2,93.25,0,-5.15523951077794,-332.171359484615,0.553963528302489,-0.228513124397391,-7.3877821093216,
52.09,0.213000000000001,94,94,2,93.25,0,-5.39698972584447,-357.999195785079,0.637387968387003,-0.235247426750686,-7.0700425194033,
52.091,0.213999999999999,94,94,2,93.25,0,-5.6448570758446,-384.075561324297,0.729356020160338,-0.241663095446819,-6.7402957455463,
52.092,0.214999999999996,94,94,2,93.25,0,-5.89853173526039,-410.430390760133,0.830129033559757,-0.247774402344748,-6.4199502538204,
52.093,0.216000000000001,94,94,2,93.25,0,-6.15771324484806,-437.095341104346,0.93996053285926,-0.253584521642656,-6.1122591573839,
52.094,0.216999999999999,94,94,2,93.25,0,-6.42214367808971,-463.890897989148,1.0590846236334,-0.2591041316323,-5.8133227854351,
52.095,0.217999999999996,94,94,2,93.25,0,-6.69161843926729,-490.507784379437,1.18767780213312,-0.264369054526235,-5.5303566534105,
52.096,0.219000000000001,94,94,2,93.25,0,-6.96600173815574,-517.286950460475,1.32593882410703,-0.269434024110062,-5.2813430296153,
52.097,0.219999999999999,94,94,2,93.25,0,-7.24517161580433,-544.679072024263,1.47417328638903,-0.274346711203231,-5.079270829662,
52.098,0.220999999999997,94,94,2,93.25,0,-7.52899571117669,-571.958043791514,1.63263754601684,-0.279130169337679,-4.9196031527501,
52.099,0.222000000000001,94,94,2,93.25,0,-7.81729782193505,-598.845262954265,1.80141007832569,-0.283771234671029,-4.7795089817349,
52.1,0.222999999999999,94,94,2,93.25,0,-8.10983833922408,-625.931277000013,1.98055845960653,-0.288230228101761,-4.629161602894,
52.101,0.223999999999997,94,94,2,93.25,0,-8.4063440141847,-653.351974226828,2.17021583154195,-0.292458542631306,-4.4444113311613,
52.102,0.225000000000001,94,94,2,93.25,0,-8.70651939793627,-681.178818437218,2.37051247795006,-0.296417040296428,-4.2165731405742,
52.103,0.225999999999999,94,94,2,93.25,0,-9.01008675159024,-709.243133393927,2.58155583413995,-0.300092062085005,-3.9543999614854,
52.104,0.226999999999997,94,94,2,93.25,0,-9.31676075092336,-737.829886144594,2.80344566925442,-0.303481756386995,-3.6744663055644,
52.105,0.228000000000002,94,94,2,93.25,0,-9.62619734124359,-767.174010630919,3.03629730637286,-0.306570782925511,-3.3850922189239,
52.106,0.228999999999999,94,94,2,93.25,0,-9.93799440857247,-796.9058862382,3.28013506882877,-0.309315956126693,-3.076070866358,
52.107,0.229999999999997,94,94,2,93.25,0,-10.2516896580256,-826.248504926862,3.53472297964748,-0.311658378863559,-2.7275040630874,
52.108,0.231000000000002,94,94,2,93.25,0,-10.5668148384617,-855.628872887694,3.79972393572513,-0.313554774110743,-2.3294396292562,
52.109,0.231999999999999,94,94,2,93.25,0,-10.8829626169641,-885.411621918299,4.07493697808297,-0.315002980561099,-1.8957468550402,
52.11,0.232999999999997,94,94,2,93.25,0,-11.199786077742,-915.695893167123,4.36025353616415,-0.31604370376516,-1.4604181155159,
52.111,0.234000000000002,94,94,2,93.25,0,-11.5169360204918,-946.563999304095,4.65556134530544,-0.31671870068682,-1.0532502932292,
52.112,0.234999999999999,94,94,2,93.25,0,-11.8339704841813,-977.995985465456,4.96063726661029,-0.31701735444014,-0.6718118558783,
52.113,0.235999999999997,94,94,2,93.25,0,-12.1504015217596,-1009.85431927098,5.2751460338493,-0.31688807957423,-0.283178118053,
52.114,0.237000000000002,94,94,2,93.25,0,-12.4658004554658,-1041.85660916769,5.59869975340075,-0.31630243425003,0.137807417628,
52.115,0.238,94,94,2,93.25,0,-12.7797848569768,-1074.0078599842,5.93087397291328,-0.31528420520927,0.578509301681,
52.116,0.238999999999997,94,94,2,93.25,0,-13.0919844733549,-1106.59607787281,6.27126582934903,-0.31387332562969,1.006249087438,
52.117,0.240000000000002,94,94,2,93.25,0,-13.4019791407993,-1139.98391060986,6.6194797375575,-0.31207356723786,1.409748061609,
52.118,0.241,94,94,2,93.25,0,-13.7093281651775,-1173.88152446131,6.9750618795633,-0.30986245920465,1.806499640569,
52.119,0.241999999999997,94,94,2,93.25,0,-14.0136289393561,-1208.0310458322,7.33747079914636,-0.30722824223818,2.214635820774,
52.12,0.243000000000002,94,94,2,93.25,0,-14.3144530874351,-1242.49269240975,7.70605915709828,-0.3041722614086,2.633813445425,
52.121,0.244,94,94,2,93.25,0,-14.6113644896452,-1277.52516503975,8.0801701749233,-0.30069331214821,3.05634219989,
52.122,0.244999999999997,94,94,2,93.25,0,-14.9039209823065,-1313.26384822829,8.45914624839679,-0.29677875310613,3.482741665654,
52.123,0.245999999999995,94,94,2,93.25,0,-15.1915873208413,-1349.94649267417,8.84220423215453,-0.29239591928799,3.924358540391,
52.124,0.247,94,94,2,93.25,0,-15.4737082807186,-1387.41238677827,9.22833738945442,-0.2874697711755,4.405345673627,
52.125,0.247999999999998,94,94,2,93.25,0,-15.7495937775117,-1425.26017258436,9.6163251726324,-0.28191393454926,4.95206037831,
52.126,0.248999999999995,94,94,2,93.25,0,-16.0185954509884,-1462.8905175823,10.0047838570864,-0.27569098872343,5.567062831992,
52.127,0.25,94,94,2,93.25,0,-16.2801123358187,-1500.30377171742,10.3922465269287,-0.26882138387771,6.21681077192,
52.128,0.250999999999998,94,94,2,93.5,0,-16.5335544213282,-1537.75922477208,10.7772330377984,-0.26133988162801,6.859176360947,
52.129,0.251999999999995,94,94,2,93.5,0,-16.7783004507861,-1575.29005100324,11.1581862626747,-0.25325570849026,7.478734294921,
52.13,0.253,94,94,2,93.5,0,-17.0136936431498,-1612.41446187467,11.5333682334741,-0.24454899514512,8.090133933552,
52.131,0.253999999999998,94,94,2,93.5,0,-17.2391371904311,-1648.28588751456,11.9009201601679,-0.23521414996724,8.708390832745,
52.132,0.254999999999995,94,94,2,93.5,0,-17.4542018454171,-1682.79006075437,12.2591185099411,-0.2253147731174,9.315765129646,
52.133,0.256,94,94,2,93.5,0,-17.6585723611667,-1716.59881258565,12.6064859385802,-0.21497008090366,9.863611957422,
52.134,0.256999999999998,94,94,2,93.5,0,-17.8519269801204,-1749.47525015679,12.9415766534137,-0.20427398848176,10.316517667018,
52.135,0.257999999999996,94,94,2,93.5,0,-18.0339372638526,-1780.75859736954,13.2628460855283,-0.19325608742605,10.687214949595,
52.136,0.259,94,94,2,93.5,0,-18.2043280893655,-1810.99975095679,13.5688474205353,-0.18192774683286,11.014490326811,
52.137,0.259999999999998,94,94,2,93.5,0,-18.3628680742341,-1839.80250857757,13.8582464880278,-0.1703214107854,11.318607368227,
52.138,0.260999999999996,94,94,2,93.5,0,-18.5092792049196,-1866.87588492512,14.1295959753679,-0.15845658080696,11.600485590473,
52.139,0.262,94,94,2,93.5,0,-18.6432042446677,-1891.81354186239,14.3812872908095,-0.14630395965921,11.873619149939,
52.14,0.262999999999998,94,94,2,93.5,0,-18.764300290405,-1914.35472059445,14.6117432538068,-0.13382216882608,12.165034702571,
52.141,0.263999999999996,94,94,2,93.5,0,-18.8723305540634,-1934.63347643292,14.8196468586782,-0.12102500931687,12.47765053034,
52.142,0.265000000000001,94,94,2,93.5,0,-18.9671257280404,-1952.49140997704,15.003887198617,-0.10797947137765,12.777062435389,
52.143,0.265999999999998,94,94,2,93.5,0,-19.0485420828281,-1967.92017687486,15.1634800089515,-0.09475205512463,13.025587904357,
52.144,0.266999999999996,94,94,2,93.5,0,-19.1165182924695,-1980.24952734305,15.2976708147083,-0.0813979570006,13.210857320183,
52.145,0.268000000000001,94,94,2,93.5,0,-19.1711278576605,-1989.50946026479,15.4060642208215,-0.06799825985017,13.329773270647,
52.146,0.268999999999998,94,94,2,93.5,0,-19.2125242324334,-1995.9229748197,15.4885554481789,-0.05465560140069,13.368905832225,
52.147,0.269999999999996,94,94,2,93.5,0,-19.2408880891244,-1999.5026170335,15.5452182876323,-0.04145057647376,13.318480003,
52.148,0.271000000000001,94,94,2,93.5,0,-19.2564737523695,-2000.26546897339,15.5763878068559,-0.0284401540818,13.187934223204,
52.149,0.271999999999998,94,94,2,93.5,0,-19.2596576999006,-1997.94963700911,15.5827528604135,-0.01569860656467,12.988140690002,
52.15,0.272999999999996,94,94,2,93.5,0,-19.2509407334138,-1992.8887971541,15.5653588579711,-0.00333418803993,12.709071281862,
52.151,0.274000000000001,94,94,2,93.5,0,-19.2308644802935,-1985.28490989192,15.5254254468216,0.00855447827148,12.334831558458,
52.152,0.274999999999999,94,94,2,93.5,0,-19.1999300963817,-1975.44205585082,15.4641641225574,0.0199259063677,11.876220510852,
52.153,0.275999999999996,94,94,2,93.5,0,-19.158584619425,-1963.45562840785,15.3827363208378,0.03080027258782,11.377480997947,
52.154,0.277000000000001,94,94,2,93.5,0,-19.1072298960933,-1949.2179895816,15.2822691852682,0.04122492295573,10.888570027287,
52.155,0.277999999999999,94,94,2,93.5,0,-19.046283018822,-1933.03426993063,15.1639636092698,0.05122959560108,10.433571806805,
52.156,0.278999999999996,94,94,2,93.5,0,-18.9762004709436,-1915.16804361329,15.0291176978276,0.06080993227155,10.003365169654,
52.157,0.280000000000001,94,94,2,93.5,0,-18.8974553194596,-1895.10280066725,14.8790975204135,0.06994062777795,9.572745113713,
52.158,0.280999999999999,94,94,2,93.5,0,-18.8105319613144,-1873.21515273029,14.7153200948794,0.07859983240068,9.12414059052,
52.159,0.281999999999996,94,94,2,93.5,0,-18.7159421482325,-1850.55437635597,14.5392047630214,0.08676983262785,8.653890569163,
52.16,0.283000000000001,94,94,2,93.5,0,-18.614212589037,-1827.26198450366,14.3521334444251,0.09443180043497,8.164351819823,
52.161,0.283999999999999,94,94,2,93.5,0,-18.5058766394908,-1802.78564175789,14.1555011161807,0.10156955246663,7.657112800497,
52.162,0.284999999999997,94,94,2,93.5,0,-18.3914589436877,-1777.0464924477,13.9507030441018,0.10817855631806,7.136392310229,
52.163,0.286000000000001,94,94,2,93.5,0,-18.2714970762558,-1750.72237217998,13.7391041736675,0.11425642341467,6.608287279053,
52.164,0.286999999999999,94,94,2,93.5,0,-18.146535821891,-1724.3070325091,13.5219821569852,0.11979843202313,6.076450576611,
52.165,0.287999999999997,94,94,2,93.5,0,-18.0170463497133,-1697.97208546075,13.3004075986699,0.1248199036288,5.546605054068,
52.166,0.289000000000001,94,94,2,93.5,0,-17.8833992966985,-1671.51447986116,13.0752466238557,0.12937828108496,5.038704461654,
52.167,0.289999999999999,94,94,2,93.5,0,-17.7459024008975,-1644.45731539757,12.8472787096499,0.13355473159953,4.582727618536,
52.168,0.290999999999997,94,94,2,93.5,0,-17.6048376210915,-1617.81430221035,12.6171828959472,0.13741230816664,4.195366412809,
52.169,0.292000000000002,94,94,2,93.5,0,-17.4604533851294,-1591.45872843346,12.3854986786856,0.14099025145133,3.869348766622,
52.17,0.292999999999999,94,94,2,93.5,0,-17.3129686800951,-1565.38651827151,12.152705483661,0.14431853983693,3.586936799689,
52.171,0.293999999999997,94,94,2,93.5,0,-17.1625615865793,-1539.37730286125,11.9192162324662,0.14743128085709,3.338520645695,
52.172,0.295000000000002,94,94,2,93.5,0,-17.0093416297676,-1513.42520594715,11.6853410981891,0.15037423596012,3.126469454653,
52.173,0.295999999999999,94,94,2,93.5,0,-16.8533988296769,-1487.54300420927,11.4513514053515,0.15319295080663,2.956618801213,
52.174,0.296999999999997,94,94,2,93.5,0,-16.6948889324029,-1461.74493496432,11.2176057412166,0.15589607626199,2.821310106121,
52.175,0.298000000000002,94,94,2,93.5,0,-16.5340666053125,-1436.28643815706,10.9845716665134,0.15843349706393,2.688090876679,
52.176,0.298999999999999,94,94,2,93.5,0,-16.3712201882691,-1411.20293143472,10.7527199458099,0.16073582513138,2.516604377619,
52.177,0.299999999999997,94,94,2,93.5,0,-16.2065450009808,-1386.57630858717,10.5223575356389,0.16278782113097,2.297756267439,
52.178,0.301000000000002,94,94,2,93.5,0,-16.0400981623715,-1362.32804931058,10.2935843156332,0.16465805161113,2.072565964119,
52.179,0.302,94,94,2,93.5,0,-15.8718708649713,-1338.35120889322,10.0664203292569,0.16644948085027,1.901119763683,
52.18,0.302999999999997,94,94,2,93.5,0,-15.7018018746101,-1314.78480466442,9.84081224769858,0.16824566765123,1.816496879992,
52.181,0.304000000000002,94,94,2,93.5,0,-15.5298087827092,-1291.43613956756,9.61668624851094,0.17009371293481,1.8103170772,
52.182,0.305,94,94,2,93.5,0,-15.3558367179496,-1268.29434644767,9.39402544957085,0.1720095532966,1.852826262257,
52.183,0.305999999999997,94,94,2,93.5,0,-15.1798780569101,-1245.16914272923,9.17289261450722,0.17397435178596,1.910189276598,
52.184,0.307000000000002,94,94,2,93.5,0,-15.0019331645718,-1222.29840369989,8.95335599105852,0.17595855154517,1.955931432044,
52.185,0.308,94,94,2,93.5,0,-14.8219745636504,-1199.75799120268,8.73542105096877,0.17795313552359,1.981494644018,
52.186,0.308999999999998,94,94,2,93.5,0,-14.6399570374094,-1177.64723006017,8.51905634234541,0.17997216594235,1.998802644759,
52.187,0.309999999999995,94,94,2,93.5,0,-14.4558196515143,-1155.71221684639,8.30422698789192,0.18203580654135,2.02507954073,
52.188,0.311,94,94,2,93.5,0,-14.2694536406807,-1133.85083053092,8.09087862204612,0.18417001548042,2.071428046949,
52.189,0.311999999999998,94,94,2,93.5,0,-14.0806982680764,-1111.9613329395,7.87892406618849,0.18641423188326,2.14604067618,
52.19,0.312999999999995,94,94,2,93.5,0,-13.8894037264633,-1090.36903233717,7.66827717733537,0.18880031477573,2.253774110598,
52.191,0.314,94,94,2,93.5,0,-13.6954811196107,-1069.06659392869,7.45889548434749,0.19132121048231,2.383966789814,
52.192,0.314999999999998,94,94,2,93.5,0,-13.4988400689995,-1047.79350714583,7.25076468721136,0.19394972040833,2.512736128179,
52.193,0.315999999999995,94,94,2,93.5,0,-13.2993782425669,-1026.13054700295,7.0439303473498,0.19667175023004,2.624281628895,
52.194,0.317,94,94,2,93.5,0,-13.0970508190172,-1004.23586059086,6.83853094529471,0.19947527282131,2.718421683871,
52.195,0.317999999999998,94,94,2,93.5,0,-12.8919036121674,-982.302025976426,6.63476459592943,0.2023136794046,2.789539958008,
52.196,0.318999999999996,94,94,2,93.5,0,-12.6840325881571,-960.331686367643,6.43285596639848,0.20511841700792,2.817840691693,
52.197,0.32,94,94,2,93.5,0,-12.4735318764976,-938.39219880052,6.23301460186204,0.20784278515691,2.790727461012,
52.198,0.320999999999998,94,94,2,93.5,0,-12.2605205241277,-916.404115227314,6.0354682662512,0.21046499757786,2.717832266877,
52.199,0.321999999999996,94,94,2,93.5,0,-12.0451506952224,-894.372932970368,5.8404748947232,0.2129657031174,2.616407074939,
52.2,0.323,94,94,2,93.5,0,-11.8275862645837,-872.157265663427,5.64830782628729,0.2153206664647,2.493434946291,
52.201,0.323999999999998,94,94,2,93.5,0,-11.6080292099723,-850.531966122486,5.45919353941645,0.21750383731049,2.347148254519,
52.202,0.324999999999996,94,94,2,93.5,0,-11.3866905224215,-829.241751641434,5.27329408438032,0.21949375730141,2.176733339782,
52.203,0.326000000000001,94,94,2,93.5,0,-11.1637416902457,-807.98693892892,5.09078497209666,0.22128724105648,1.988964376626,
52.204,0.326999999999998,94,94,2,93.5,0,-10.9392867250814,-786.640159260408,4.9118239872096,0.22291762868485,1.803485787815,
52.205,0.327999999999996,94,94,2,93.5,0,-10.7133892793289,-765.275284912836,4.73653711977823,0.22443586944421,1.645672405677,
52.206,0.329000000000001,94,94,2,93.5,0,-10.4861658086666,-744.00691563013,4.56506494987019,0.22586250904898,1.524404473686,
52.207,0.329999999999998,94,94,2,93.5,0,-10.2577552153145,-722.831386768967,4.39754424636885,0.2271817999963,1.421915353912,
52.208,0.330999999999996,94,94,2,93.5,0,-10.0282746661334,-701.757633199507,4.23408651103901,0.22837544329386,1.313801249627,
52.209,0.332000000000001,94,94,2,93.5,0,-9.79786607141284,-680.539285603539,4.07483996576502,0.229437976094238,1.1920044433334,
52.21,0.332999999999998,94,94,2,93.5,0,-9.5667178443899,-659.163684897305,3.92000498258071,0.230352070749436,1.0573345059786,
52.211,0.333999999999996,94,94,2,93.5,0,-9.33503017024784,-637.891395046852,3.76974914522751,0.231088171467962,0.9052279177504,
52.212,0.335000000000001,94,94,2,93.5,0,-9.10299679885958,-616.814538627877,3.62418232128181,0.231629549180184,0.7310819976364,
52.213,0.335999999999999,94,94,2,93.5,0,-8.87082495976088,-595.873135849707,3.48340635746391,0.231971202527532,0.539877304651,
52.214,0.336999999999996,94,94,2,93.5,0,-8.63876516153032,-575.067069641066,3.34754228355078,0.232096686525126,0.336719851884,
52.215,0.338000000000001,94,94,2,93.5,0,-8.40708470025363,-554.27433222795,3.21671911508884,0.231979609404841,0.1175664671565,
52.216,0.338999999999999,94,94,2,93.5,0,-8.17606960105263,-533.271724788002,3.09109933496524,0.231594653740144,-0.1246723482449,
52.217,0.339999999999996,94,94,2,93.5,0,-7.94602550411784,-512.116677551571,2.9708566194841,0.230923407143844,-0.3904793808543,
52.218,0.341000000000001,94,94,2,93.5,0,-7.71723842669053,-490.874869659889,2.8561208670987,0.229958291762409,-0.6735199523596,
52.219,0.341999999999999,94,94,2,93.5,0,-7.48997593880547,-469.84985149331,2.74695252194772,0.228706806416879,-0.962865735123,
52.22,0.342999999999996,94,94,2,93.5,0,-7.26450021947075,-448.943748804362,2.64336969797409,0.227183834182633,-1.2470204229163,
52.221,0.344000000000001,94,94,2,93.5,0,-7.04109462970514,-428.004084361154,2.54541217404309,0.225390711029089,-1.5225714434206,
52.222,0.344999999999999,94,94,2,93.5,0,-6.82008764664874,-407.008211407225,2.45314039989171,0.22330704662358,-1.7992402533441,
52.223,0.345999999999997,94,94,2,93.5,0,-6.60186658693244,-386.035080624019,2.36661102609773,0.220890788067133,-2.0962802752009,
52.224,0.347000000000001,94,94,2,93.5,0,-6.38684945417797,-365.223423216738,2.2858443013711,0.218095658629781,-2.4301415754371,
52.225,0.347999999999999,94,94,2,93.5,0,-6.17548436926187,-344.547155181129,2.21083394208409,0.214882696491508,-2.8068179833568,
52.226,0.348999999999997,94,94,2,93.5,0,-5.96828327444114,-324.252096704571,2.1415459734811,0.211211502239,-3.2250819622672,
52.227,0.350000000000001,94,94,2,93.5,0,-5.76578826997765,-304.622250339362,2.07787401662529,0.207038464742169,-3.6842775915344,
52.228,0.350999999999999,94,94,2,93.5,0,-5.56847691258847,-285.484480196302,2.01965663662205,0.202351737448369,-4.1765914626248,
52.229,0.351999999999997,94,94,2,93.5,0,-5.3767105697745,-266.775474175046,1.96670420075583,0.19720294713891,-4.671239259407,
52.23,0.353000000000002,94,94,2,93.5,0,-5.19076026232615,-248.587584010951,1.91878824119723,0.191685036576847,-5.1209074805425,
52.231,0.353999999999999,94,94,2,93.5,0,-5.0108415189539,-231.045922394631,1.87564071232137,0.185885648835206,-5.4916176401552,
52.232,0.354999999999997,94,94,2,93.5,0,-4.83714347231804,-214.392180051755,1.83695484817531,0.179862003574163,-5.7822218435882,
52.233,0.356000000000002,94,94,2,93.5,0,-4.66979521562157,-198.65351487546,1.80239360968429,0.17365931867496,-6.0100798966704,
52.234,0.356999999999999,94,94,2,93.5,0,-4.50888495245331,-183.559407340571,1.77164261873423,0.167321795619824,-6.1894244545349,
52.235,0.357999999999997,94,94,2,93.5,0,-4.35452856092712,-169.139357343189,1.74442196442806,0.160875499734102,-6.3297034575319,
52.236,0.359000000000002,94,94,2,93.5,0,-4.20685103025118,-155.831038730091,1.72042655161061,0.154318894763736,-6.4467567619394,
52.237,0.359999999999999,94,94,2,93.5,0,-4.06593884382797,-143.754938012511,1.69931889410836,0.147651585655196,-6.556723486425,
52.238,0.360999999999997,94,94,2,93.5,0,-3.93180444606101,-132.98924218922,1.68075843713493,0.140908453102154,-6.6568449004384,
52.239,0.362000000000002,94,94,2,93.5,0,-3.80437264708396,-123.49751123345,1.66441615293371,0.134156954726862,-6.7228952663664,
52.24,0.363,94,94,2,93.5,0,-3.68350587021437,-115.03033371551,1.65000110702741,0.127473071981785,-6.7287039395525,
52.241,0.363999999999997,94,94,2,93.5,0,-3.56904056536333,-107.474219568888,1.63726658126618,0.120915841896263,-6.666171636275,
52.242,0.365000000000002,94,94,2,93.5,0,-3.4607846957434,-100.487603605622,1.62601003725842,0.114522915887272,-6.5459346604292,
52.243,0.366,94,94,2,93.5,0,-3.35853260008855,-93.9400991328394,1.61606971722924,0.108317567999739,-6.3859437955129,
52.244,0.366999999999997,94,94,2,93.5,0,-3.26205763532525,-88.062298350246,1.60729037978723,0.102320088576909,-6.1992607845595,
52.245,0.368000000000002,94,94,2,93.5,0,-3.17109439949377,-82.935054206511,1.59951314353364,0.096554585351222,-5.990247103098,
52.246,0.369,94,94,2,93.5,0,-3.0853874149665,-78.2022189365188,1.59260784864563,0.091039879119764,-5.7598569865612,
52.247,0.369999999999997,94,94,2,93.5,0,-3.00470546073855,-73.8470611862069,1.586474032116,0.085776350828736,-5.5145919475977,
52.248,0.370999999999995,94,94,2,93.5,0,-2.9288234717346,-69.9841845478485,1.5810169316124,0.080749473750543,-5.2678863093065,
52.249,0.372,94,94,2,93.5,0,-2.85755103210985,-66.6148470827129,1.57614905849505,0.07593911375739,-5.0329173165315,
52.25,0.372999999999998,94,94,2,93.5,0,-2.79070528119736,-63.4783192241062,1.57180097079987,0.071327297824832,-4.8157519004865,
52.251,0.373999999999995,94,94,2,93.5,0,-2.72807150475032,-60.5640509530215,1.56791634975806,0.066910165186533,-4.6129741624588,
52.252,0.375,94,94,2,93.5,0,-2.66941309163475,-58.0761410436485,1.56443672706095,0.062704759787234,-4.4120194548767,
52.253,0.375999999999998,94,94,2,93.75,0,-2.61449014291872,-55.94756610893,1.56130546795077,0.058730382795149,-4.1996150488348,
52.254,0.376999999999995,94,94,2,93.75,0,-2.56309264784971,-54.0401876153685,1.55847892043593,0.054985951941786,-3.9747016726326,
52.255,0.378,94,94,2,93.75,0,-2.51504386144205,-52.4768386876896,1.55591991351312,0.051450518564714,-3.7507154520923,
52.256,0.378999999999998,94,94,2,93.75,0,-2.47014363958733,-51.0473193147802,1.5535957846823,0.048108829640184,-3.5400092841967,
52.257,0.379999999999995,94,94,2,93.75,0,-2.42817411460375,-49.7329006469403,1.55148093570253,0.044965582159259,-3.3402798272111,
52.258,0.381,94,94,2,93.75,0,-2.38892943473304,-48.4443173063658,1.54955446895795,0.042031280511058,-3.1400961641893,
52.259,0.381999999999998,94,94,2,93.75,0,-2.35223738013772,-47.1642275664589,1.54780043198383,0.039296345821954,-2.9371753102891,
52.26,0.382999999999996,94,94,2,93.75,0,-2.31795002917956,-46.1377066947389,1.5462008939013,0.036736431086789,-2.7422387906514,
52.261,0.384,94,94,2,93.75,0,-2.28591494148634,-45.2646223778854,1.5447368530877,0.034333083069826,-2.5654507058861,
52.262,0.384999999999998,94,94,2,93.75,0,-2.25596650742561,-44.4133460772068,1.54339399572521,0.032084770582955,-2.403807373396,
52.263,0.385999999999996,94,94,2,93.75,0,-2.22794288878171,-43.5951131316795,1.54216083797607,0.029996985525428,-2.2466649170954,
52.264,0.387,94,94,2,93.75,0,-2.20170602758592,-42.9332255865745,1.54102572196985,0.028065036034516,-2.0891926163457,
52.265,0.387999999999998,94,94,2,93.75,0,-2.17715587360048,-42.3300254110742,1.5399791089992,0.026266876267118,-1.9385632438423,
52.266,0.388999999999996,94,94,2,93.75,0,-2.15422690410064,-41.8552833132673,1.53901396781117,0.024569810802865,-1.8079683935087,
52.267,0.390000000000001,94,94,2,93.75,0,-2.13284249399394,-41.3929170446774,1.53812386098264,0.022951957027578,-1.7036302485067,
52.268,0.390999999999998,94,94,2,93.75,0,-2.11290964031942,-41.1240649722993,1.53730146151852,0.021412310994988,-1.6181549591677,
52.269,0.391999999999996,94,94,2,93.75,0,-2.0943288493964,-40.9545353107079,1.53653891886296,0.019962701778724,-1.5360973105013,
52.27,0.393000000000001,94,94,2,93.75,0,-2.07698545671471,-40.7200142692226,1.53583066197024,0.018615190276071,-1.4459909470785,
52.271,0.393999999999998,94,94,2,93.75,0,-2.06076175453286,-40.4658717083471,1.5351720941525,0.017378705004137,-1.3448329475206,
52.272,0.394999999999996,94,94,2,93.75,0,-2.04554144353934,-40.1185725204257,1.5345588340013,0.016258591975303,-1.2348814682197,
52.273,0.396000000000001,94,94,2,93.75,0,-2.031216005852,-39.8716817298722,1.53398588629986,0.015252866358165,-1.1207084782552,
52.274,0.396999999999998,94,94,2,93.75,0,-2.01771339993436,-39.6109045992434,1.53344927527959,0.014347050148284,-1.0100690184697,
52.275,0.397999999999996,94,94,2,93.75,0,-2.00497309947313,-39.505036311942,1.53294529485035,0.013520763811627,-0.9119300700909,
52.276,0.399000000000001,94,94,2,93.75,0,-1.99295468787747,-39.2128994393928,1.53247226257443,0.012752425438482,-0.8327609095706,
52.277,0.399999999999999,94,94,2,93.75,0,-1.98162777636829,-38.9609691076302,1.53202952832874,0.012027528229387,-0.7726904129836,
52.278,0.400999999999996,94,94,2,93.75,0,-1.97094551755076,-38.8270322450028,1.53161405254707,0.011340965727629,-0.7264291461089,
52.279,0.402000000000001,94,94,2,93.75,0,-1.96088042648164,-38.7274193365302,1.53122375623809,0.010690504300502,-0.6872325915698,
52.28,0.402999999999999,94,94,2,93.75,0,-1.9514081007673,-38.606650660133,1.53085748948817,0.010072411787209,-0.6515810753661,
52.281,0.403999999999996,94,94,2,93.75,0,-1.94248040410393,-38.4427356252708,1.53051355271376,0.009486766605483,-0.6180689879731,
52.282,0.405000000000001,94,94,2,93.75,0,-1.93405685853862,-38.3715630676597,1.5301900283412,0.008939840049243,-0.5837637935503,
52.283,0.405999999999999,94,94,2,93.75,0,-1.92608663201118,-38.3847264752529,1.52988414583368,0.008438795183367,-0.5447776367766,
52.284,0.406999999999996,94,94,2,93.75,0,-1.91848830047717,-38.4152472689318,1.52959237000252,0.007994653740772,-0.4977383460009,
52.285,0.408000000000001,94,94,2,93.75,0,-1.91119644010917,-38.3395450633925,1.52931252738838,0.007617958682236,-0.4409785543616,
52.286,0.408999999999999,94,94,2,93.75,0,-1.90419008070706,-38.2166156628753,1.52904433740014,0.007298151428036,-0.3798626324529,
52.287,0.409999999999997,94,94,2,93.75,0,-1.89746434906314,-38.1463322473467,1.52878753905256,0.00700782136442,-0.3280304383256,
52.288,0.411000000000001,94,94,2,93.75,0,-1.8910025576631,-38.2417315326331,1.52854073718575,0.006730737898213,-0.2951992415685,
52.289,0.411999999999999,94,94,2,93.75,0,-1.88477471570128,-38.3512992648808,1.52830223254017,0.006470788641738,-0.2759171825101,
52.29,0.412999999999997,94,94,2,93.75,0,-1.87876438540774,-38.3190955564287,1.52807182534187,0.006232773292802,-0.2585093471329,
52.291,0.414000000000001,94,94,2,93.75,0,-1.87297944404381,-38.1774127907768,1.52785056143421,0.006007967115141,-0.2406327698152,
52.292,0.414999999999999,94,94,2,93.75,0,-1.86743040494214,-38.1218937157023,1.5276388675166,0.005781787364135,-0.229181001047,
52.293,0.415999999999997,94,94,2,93.75,0,-1.86210983092303,-38.0497521754191,1.52743622907653,0.00555127025558,-0.2270688862672,
52.294,0.417000000000002,94,94,2,93.75,0,-1.85698530252513,-37.9410722238318,1.52724152050772,0.005330299857515,-0.2263518881433,
52.295,0.417999999999999,94,94,2,93.75,0,-1.85201382939304,-37.8356666237461,1.52705315949711,0.00513742550452,-0.215405597691,
52.296,0.418999999999997,94,94,2,93.75,0,-1.84717010313205,-37.8459643307021,1.52686986894545,0.004979065650503,-0.1909488168226,
52.297,0.420000000000002,94,94,2,93.75,0,-1.8424419318442,-37.7616629862271,1.52669112603914,0.004847383830378,-0.1607107935428,
52.298,0.420999999999999,94,94,2,93.75,0,-1.83781308335838,-37.6263658395622,1.5265166461576,0.004733040939183,-0.1344835516136,
52.299,0.421999999999997,94,94,2,93.75,0,-1.83327163570569,-37.4688023488065,1.52634612576995,0.00463242507649,-0.1154264613234,
52.3,0.423000000000002,94,94,2,93.75,0,-1.82881833768169,-37.3450606418756,1.52617954155585,0.004541223014022,-0.1019098311761,
52.301,0.423999999999999,94,94,2,93.75,0,-1.82445329191664,-37.3308965392351,1.52601655957054,0.004453267234922,-0.0930523175251,
52.302,0.424999999999997,94,94,2,93.75,0,-1.82017629504131,-37.2164913969661,1.52585714009791,0.004365106775819,-0.0889910681113,
52.303,0.426000000000002,94,94,2,93.75,0,-1.81598313786327,-37.2035502935218,1.52570111263191,0.004278259633059,-0.0877050601992,
52.304,0.427,94,94,2,93.75,0,-1.81187041074042,-37.1695669942112,1.52554817446358,0.00419418007067,-0.0864108635516,
52.305,0.427999999999997,94,94,2,93.75,0,-1.80783091692375,-37.1629973514835,1.52539804149654,0.004114886147553,-0.0834741447187,
52.306,0.429000000000002,94,94,2,93.75,0,-1.80385376681947,-37.1117680494272,1.52525034055105,0.004042760694807,-0.0785790737873,
52.307,0.43,94,94,2,93.75,0,-1.79992507900138,-36.9995634919981,1.52510476040834,0.00398131453214,-0.0710722068336,
52.308,0.430999999999997,94,94,2,93.75,0,-1.79604174791422,-36.8653885505429,1.52496133937609,0.003929619484668,-0.0617246151322,
52.309,0.432000000000002,94,94,2,93.75,0,-1.79221119421541,-36.8013540044833,1.52482024716952,0.003881104889934,-0.0536662462091,
52.31,0.433,94,94,2,93.75,0,-1.78843737466191,-36.7465488448394,1.52468146891258,0.003829366671722,-0.0504358175988,
52.311,0.433999999999998,94,94,2,93.75,0,-1.7847043840194,-36.6272956793396,1.52454451697506,0.003778591123796,-0.0504823300828,
52.312,0.434999999999995,94,94,2,93.75,0,-1.7809975592603,-36.4580563907705,1.52440905967876,0.003737389550784,-0.0481921565376,
52.313,0.436,94,94,2,93.75,0,-1.77732364324216,-36.244520939009,1.52427550809705,0.003704801901835,-0.0414895882673,
52.314,0.436999999999998,94,94,2,93.75,0,-1.77369387209269,-36.1959843054431,1.52414403686905,0.003670545179827,-0.0356725480856,
52.315,0.437999999999995,94,94,2,93.75,0,-1.77011020058115,-36.2104588011912,1.52401429641534,0.003629184718692,-0.0358871218284,
52.316,0.439,94,94,2,93.75,0,-1.76655498938854,-36.1067333974826,1.52388574496979,0.00358896330724,-0.038887624492,
52.317,0.439999999999998,94,94,2,93.75,0,-1.76301943104184,-35.8635338262517,1.52375851743028,0.003557853434516,-0.0378296647385,
52.318,0.440999999999995,94,94,2,93.75,0,-1.75950528650594,-35.7770734547245,1.52363263970597,0.003535030057233,-0.0313573857101,
52.319,0.442,94,94,2,93.75,0,-1.75601605033316,-35.8695201448799,1.52350764376294,0.003513096170204,-0.0250424788391,
52.32,0.442999999999998,94,94,2,93.75,0,-1.75255860394027,-35.8428125393346,1.52338367298995,0.003487171747749,-0.023397894733,
52.321,0.443999999999996,94,94,2,93.75,0,-1.74913370383742,-35.5653868046077,1.52326139001531,0.003457219439845,-0.0259356274619,
52.322,0.445,94,94,2,93.75,0,-1.74574474989294,-35.3862843596413,1.52314116404239,0.003423880142351,-0.0297600391463,
52.323,0.445999999999998,94,94,2,93.75,0,-1.74239159737003,-35.40426293936,1.52302247829124,0.00338899736552,-0.0327862444181,
52.324,0.446999999999996,94,94,2,93.75,0,-1.7390715693255,-35.4820120539547,1.52290480608076,0.003353955605867,-0.0344674278765,
52.325,0.448,94,94,2,93.75,0,-1.73577618070931,-35.5237003637551,1.52278781037256,0.003322573559545,-0.0338961508071,
52.326,0.448999999999998,94,94,2,93.75,0,-1.7324914006404,-35.3735095383974,1.52267136950155,0.003299597880509,-0.0299580501355,
52.327,0.449999999999996,94,94,2,93.75,0,-1.7292329669188,-35.1280379052745,1.52255650719175,0.0032800587289,-0.0244666309937,
52.328,0.451000000000001,94,94,2,93.75,0,-1.72602675675398,-35.0270630845778,1.52244404119278,0.003250670558756,-0.0235248153976,
52.329,0.451999999999998,94,94,2,93.75,0,-1.72288246068325,-35.0882856098356,1.52233380948508,0.003203303003627,-0.031827280079,
52.33,0.452999999999996,94,94,2,93.75,0,-1.71978050958036,-35.0493134763426,1.52222502778366,0.003150166808605,-0.0437043316014,
52.331,0.454000000000001,94,94,2,93.75,0,-1.7167000948564,-34.8386186288661,1.52211738587613,0.003108193679563,-0.0480566832601,
52.332,0.454999999999998,94,94,2,93.75,0,-1.71364880927255,-34.6705678003265,1.52201133968688,0.003078136895606,-0.0417471453105,
52.333,0.455999999999996,94,94,2,93.75,0,-1.71062128989659,-34.608372630518,1.52190646801964,0.003052894463516,-0.0321873819224,
52.334,0.457000000000001,94,94,2,93.75,0,-1.70760035926426,-34.6277465137042,1.52180188926303,0.003032672615238,-0.0251805625065,
52.335,0.457999999999998,94,94,2,93.75,0,-1.70457580539929,-34.4983058456534,1.52169735152862,0.003023994225211,-0.0182649859463,
52.336,0.458999999999996,94,94,2,93.75,0,-1.70155002786873,-34.3324437365679,1.52159321826088,0.003023833994855,-0.009585979601,
52.337,0.460000000000001,94,94,2,93.75,0,-1.69854701057625,-34.3013065449529,1.5214901640914,0.003018582359459,-0.0042430997693,
52.338,0.460999999999999,94,94,2,93.75,0,-1.69557871864595,-34.5476192924911,1.52138798223592,0.002999427755253,-0.007895104527,
52.339,0.461999999999996,94,94,2,93.75,0,-1.69262592615201,-34.7439266952672,1.52128568045748,0.00297405970805,-0.0168477464621,
52.34,0.463000000000001,94,94,2,93.75,0,-1.68967488291541,-34.7655999351913,1.52118311764826,0.002956917547646,-0.0210362482642,
52.341,0.463999999999999,94,94,2,93.75,0,-1.68672271972967,-34.6989346671453,1.52108058232739,0.00295190399854,-0.0159713430543,
52.342,0.464999999999996,94,94,2,93.75,0,-1.6837711631482,-34.6592649200695,1.52097822500215,0.002951645219714,-0.0072257014114,
52.343,0.466000000000001,94,94,2,93.75,0,-1.68083020701052,-34.5313507574608,1.52087648171923,0.002948558429614,-0.0025336132922,
52.344,0.466999999999999,94,94,2,93.75,0,-1.67789202175974,-34.3568982961069,1.52077527850057,0.002943305004747,-0.0028883771479,
52.345,0.467999999999996,94,94,2,93.75,0,-1.67495101611159,-34.1639231361303,1.52067451843914,0.002939862636061,-0.0040601175826,
52.346,0.469000000000001,94,94,2,93.75,0,-1.6720201862348,-34.0792906650863,1.52057451381418,0.002937106797531,-0.0037797264935,
52.347,0.469999999999999,94,94,2,93.75,0,-1.66910564418393,-34.1377171105169,1.52047510314532,0.002928996260419,-0.0045682071514,
52.348,0.470999999999997,94,94,2,93.75,0,-1.66620730863848,-34.0820413082508,1.52037624126996,0.002914566447019,-0.0083999104238,
52.349,0.472000000000001,94,94,2,93.75,0,-1.66332071786511,-33.9706832868046,1.52027802108651,0.002899674065453,-0.0126728009634,
52.35,0.472999999999999,94,94,2,93.75,0,-1.66044010370994,-33.7771828918091,1.52018044335537,0.002888321219537,-0.0136917504212,
52.351,0.473999999999997,94,94,2,93.75,0,-1.65757556713901,-33.6235923220223,1.52008390736262,0.002877583865358,-0.0122300590899,
52.352,0.475000000000001,94,94,2,93.75,0,-1.65473055659325,-33.4762022400458,1.51998845755105,0.002863502038651,-0.0119253434585,
52.353,0.475999999999999,94,94,2,93.75,0,-1.6518873756435,-33.5060357231855,1.51989323623957,0.002850319474508,-0.0128087061794,
52.354,0.476999999999997,94,94,2,93.75,0,-1.64904328460679,-33.5271388873229,1.51979791201404,0.002844002854641,-0.0113925596294,
52.355,0.478000000000002,94,94,2,93.75,0,-1.64620728438571,-33.4567139721403,1.51970292890329,0.002841390765933,-0.0072650438021,
52.356,0.478999999999999,94,94,2,93.75,0,-1.64338605977061,-33.3886715631035,1.51960863597975,0.002833994783975,-0.0051586160307,
52.357,0.479999999999997,94,94,2,93.75,0,-1.640585910291,-33.4551581003168,1.51951504962233,0.002819334756247,-0.008140027714,
52.358,0.481000000000002,94,94,2,93.75,0,-1.63779320908854,-33.4772634941355,1.51942158849519,0.002804237537112,-0.0126119714191,
52.359,0.481999999999999,94,94,2,93.75,0,-1.63500003373861,-33.2619990367565,1.5193283812637,0.002795077929846,-0.0131847781522,
52.36,0.482999999999997,94,94,2,93.75,0,-1.63222776756963,-33.1119515694692,1.51923637813482,0.002786760351404,-0.0106882821795,
52.361,0.484000000000002,94,94,2,93.75,0,-1.6294852504063,-32.940158641283,1.51914580361185,0.00276961422157,-0.0112187525068,
52.362,0.484999999999999,94,94,2,93.75,0,-1.6267627344447,-32.8392935782211,1.51905626080753,0.002745441504506,-0.0166055405854,
52.363,0.485999999999997,94,94,2,93.75,0,-1.62405604955853,-32.7779457046764,1.51896745821261,0.00272376699949,-0.0213152772806,
52.364,0.487000000000002,94,94,2,93.75,0,-1.62136847184903,-32.6474660838029,1.51887954027345,0.002705702055798,-0.0213411002332,
52.365,0.488,94,94,2,93.75,0,-1.61870631144427,-32.4664328401787,1.5187928684517,0.002685684671079,-0.0197335443973,
52.366,0.488999999999997,94,94,2,93.75,0,-1.61606391734665,-32.279996022103,1.51870732566096,0.00266385570404,-0.0199751271069,
52.367,0.490000000000002,94,94,2,93.75,0,-1.613425646013,-32.2898613992047,1.51862214925902,0.002647087160571,-0.019767365272,
52.368,0.491,94,94,2,93.75,0,-1.61078911768122,-32.2703002901685,1.51853704191132,0.00263898526228,-0.0156866769866,
52.369,0.491999999999997,94,94,2,93.75,0,-1.60816962420422,-32.1587685537841,1.51845265614853,0.002631940775907,-0.010384668269,
52.37,0.493000000000002,94,94,2,93.75,0,-1.60558301629021,-32.0230470036679,1.51836964955251,0.002614738264537,-0.0104091174475,
52.371,0.494,94,94,2,93.75,0,-1.60303996691301,-32.0492336630549,1.51828818006578,0.002583406021864,-0.0183940232618,
52.372,0.494999999999997,94,94,2,93.75,0,-1.60054642852507,-32.0943254430773,1.5182082078523,0.002541263641465,-0.0303363645999,
52.373,0.495999999999995,94,94,2,93.75,0,-1.59809739778708,-32.0722665461717,1.51812963487424,0.002495039389733,-0.0401239004811,
52.374,0.497,94,94,2,93.75,0,-1.59567339032524,-31.9289722692449,1.51805206513401,0.00245487605013,-0.0431814166934,
52.375,0.497999999999998,94,94,2,93.75,0,-1.5932649702643,-31.8083026854599,1.51797531206819,0.002426838224415,-0.0383439590753,
52.376,0.498999999999995,94,94,2,93.75,0,-1.59087271594658,-31.6999338313529,1.51789934814167,0.002408246558244,-0.0288416320182,
52.377,0.5,94,94,2,93.75,0,-1.58848674538614,-31.6537411530984,1.51782376813998,0.002395218913502,-0.0197563076055,
52.378,0.500999999999998,94,94,2,94,0,-1.58609377701539,-31.66866958225,1.51774800387696,0.002389955030717,-0.0123677225836,
52.379,0.000999999999997669,95,95,2,94,0,-1.58370235195064,-31.6740861767415,-7.57397268955629E-05,0.002390406035857,-0.0058785449946,
52.38,0.00200000000000244,95,95,2,94,0,-1.58133613690988,-31.527651396005,-0.000150514177931882,0.002384325049353,-0.0032230587307,
52.381,0.00300000000000011,95,95,2,94,0,-1.57900532574822,-31.3271168497509,-0.000223765475624305,0.002363156884227,-0.0086475425974,
52.382,0.00399999999999778,95,95,2,94,0,-1.57671314949086,-31.1960097480219,-0.000295422488790109,0.0023298418541,-0.0202860710397,
52.383,0.00500000000000256,95,95,2,94,0,-1.57446617999612,-31.1400330881133,-0.000365456082136006,0.002290204699864,-0.0315676078594,
52.384,0.00600000000000023,95,95,2,94,0,-1.57226464540584,-31.2135502929377,-0.000434092867465097,0.002246901052188,-0.0388404650353,
52.385,0.0069999999999979,95,95,2,94,0,-1.57008652210229,-31.4269107330562,-0.000502312191429155,0.002208141675599,-0.0408404183179,
52.386,0.00800000000000267,95,95,2,94,0,-1.56790184438126,-31.6476632435767,-0.000571210999680716,0.002187113014813,-0.0348034431742,
52.387,0.00900000000000034,95,95,2,94,0,-1.56569690955615,-31.7212854045567,-0.000641073200540632,0.00218878852701,-0.019536623632,
52.388,0.00999999999999801,95,95,2,94,0,-1.56347571437921,-31.5059063018244,-0.000711293167171334,0.002203735799435,-0.0011542116295,
52.389,0.0110000000000028,95,95,2,94,0,-1.56124255922282,-31.2524966640113,-0.000781367792768606,0.002219905065226,0.0113323423664,
52.39,0.0120000000000005,95,95,2,94,0,-1.55899706789535,-31.1468181687123,-0.000851426352909357,0.002233268013879,0.0149607726398,
52.391,0.0129999999999981,95,95,2,94,0,-1.55673039131403,-31.2361109695157,-0.000922127315192256,0.002248146052301,0.0146593707251,
52.392,0.0140000000000029,95,95,2,94,0,-1.55444062100218,-31.2292051650657,-0.000993642928392546,0.002267249124324,0.0156910215716,
52.393,0.0150000000000006,95,95,2,94,0,-1.55214973564401,-31.0678325803686,-0.00106500061420434,0.002283176706587,0.0168829150147,
52.394,0.0159999999999982,95,95,2,94,0,-1.54987818310646,-31.0318926276796,-0.00113553200839078,0.002284750998088,0.0125742419624,
52.395,0.017000000000003,95,95,2,94,0,-1.54762781082684,-31.0055115234523,-0.0012053356356887,0.002270998306357,0.00128218376,
52.396,0.0180000000000007,95,95,2,94,0,-1.54539069951155,-30.9283963953837,-0.00127461215879521,0.0022527480677,-0.0105038608392,
52.397,0.0189999999999984,95,95,2,94,0,-1.54316920056947,-30.8265850933014,-0.00134320647183017,0.002236405892626,-0.0163285555043,
52.398,0.0200000000000031,95,95,2,94,0,-1.54098085457704,-30.7235897073392,-0.00141055301099868,0.002216236769148,-0.0180626786701,
52.399,0.0210000000000008,95,95,2,94,0,-1.53882986318821,-30.54807213174,-0.00147645041948863,0.002187085496245,-0.0217156837843,
52.4,0.0219999999999985,95,95,2,94,0,-1.53671233762013,-30.5046883661031,-0.0015410908101785,0.002152158023685,-0.0281894879726,
52.401,0.0230000000000032,95,95,2,94,0,-1.5346203866059,-30.5755257823808,-0.0016049792181434,0.00211989294815,-0.0323958935554,
52.402,0.0240000000000009,95,95,2,94,0,-1.53253933012535,-30.5844574509839,-0.00166861790788175,0.002096355020281,-0.0304456503427,
52.403,0.0249999999999986,95,95,2,94,0,-1.53045577915936,-30.5111893642451,-0.00173226585485509,0.002085073186286,-0.0224792440066,
52.404,0.0260000000000034,95,95,2,94,0,-1.52837026278429,-30.4819966262628,-0.00179586699891843,0.002083392243082,-0.0120783949199,
52.405,0.027000000000001,95,95,2,94,0,-1.52629011877731,-30.4349897460907,-0.00185922505099256,0.002083315041919,-0.004080087829,
52.406,0.0279999999999987,95,95,2,94,0,-1.52420963456765,-30.2630670242502,-0.00192236572533488,0.002081857778211,-0.0009723425388,
52.407,0.0290000000000035,95,95,2,94,0,-1.52212372581423,-30.1213037103441,-0.00198534386908023,0.002082009511984,-0.0005605457002,
52.408,0.0300000000000011,95,95,2,94,0,-1.52003675746933,-30.164897105668,-0.00204825156544075,0.002084599267736,0.0004004411224,
52.409,0.0309999999999988,95,95,2,94,0,-1.51796137330096,-30.1882878894385,-0.00211087958777512,0.002083175214497,0.000654206461,
52.41,0.0320000000000036,95,95,2,94,0,-1.5159113066598,-30.0545243994362,-0.00217263047770189,0.002071264163166,-0.0033660099693,
52.411,0.0330000000000013,95,95,2,94,0,-1.51388589857634,-29.993734231949,-0.00223344159192607,0.002050264332013,-0.01149158585,
52.412,0.0339999999999989,95,95,2,94,0,-1.51188023740837,-29.985735814985,-0.0022935908388888,0.002026881576123,-0.0189880746275,
52.413,0.0350000000000037,95,95,2,94,0,-1.5098929293053,-29.8511305527141,-0.00235304798357561,0.002006079323147,-0.0218937275947,
52.414,0.0360000000000014,95,95,2,94,0,-1.50792623411558,-29.5641089982269,-0.00241147381649398,0.001986630148535,-0.021170480341,
52.415,0.036999999999999,95,95,2,94,0,-1.50598703913935,-29.3533835700521,-0.0024686000693066,0.001964628999681,-0.0206206903938,
52.416,0.0380000000000038,95,95,2,94,0,-1.50407351240507,-29.2662147447299,-0.00252468515355986,0.001939744567693,-0.0221005415216,
52.417,0.0390000000000015,95,95,2,94,0,-1.50217130640973,-29.3642898407851,-0.00258044880223451,0.001917830985182,-0.0231281922047,
52.418,0.0399999999999991,95,95,2,94,0,-1.50026173472435,-29.4858657943611,-0.00263663809766967,0.001907811924031,-0.0192364809461,
52.419,0.0410000000000039,95,95,2,94,0,-1.4983368202687,-29.4581428095794,-0.00269336918478302,0.001911964809449,-0.0093358335883,
52.42,0.0420000000000016,95,95,2,94,0,-1.49641223195334,-29.2929231792593,-0.00274990499232786,0.001920213782482,0.0011301277318,
52.421,0.0429999999999993,95,95,2,94,0,-1.49452670235658,-29.1735388246347,-0.0028050251145828,0.001912968541867,0.0023718826541,
52.422,0.044000000000004,95,95,2,94,0,-1.49269897789299,-29.1822047854647,-0.00285835422468494,0.001879905672389,-0.0103422651795,
52.423,0.0450000000000017,95,95,2,94,0,-1.49091986134584,-29.085712183575,-0.00291018693229717,0.001830483628609,-0.0302253331097,
52.424,0.0459999999999994,95,95,2,94,0,-1.48917319286363,-28.8721737538252,-0.00296080353862749,0.0017839645026,-0.0436434161581,
52.425,0.0470000000000042,95,95,2,94,0,-1.48745243823743,-28.7593680968706,-0.00301038840976275,0.001748628744889,-0.0440349908509,
52.426,0.0480000000000018,95,95,2,94,0,-1.48575534337591,-28.8727319907168,-0.00305929198020749,0.001721430853599,-0.0362494082741,
52.427,0.0489999999999995,95,95,2,94,0,-1.4840696947979,-29.0394254363333,-0.00310810175312781,0.001700758905871,-0.0276814681477,
52.428,0.0500000000000043,95,95,2,94,0,-1.48238527477041,-29.0060359425004,-0.00315698822194577,0.001688713897907,-0.0200416488674,
52.429,0.0510000000000019,95,95,2,94,0,-1.48069831331407,-28.7974687916131,-0.00320574436420884,0.001685551021301,-0.0119684504858,
52.43,0.0519999999999996,95,95,2,94,0,-1.47902532403682,-28.6607634870549,-0.003253807867452,0.001682007373958,-0.0059417472345,
52.431,0.0530000000000044,95,95,2,94,0,-1.47738382473908,-28.6541398353964,-0.00330084905422723,0.001667733937124,-0.0066483529692,
52.432,0.054000000000002,95,95,2,94,0,-1.47577246111044,-28.7264169894053,-0.00334707952535496,0.001641905590863,-0.0145209728148,
52.433,0.0549999999999997,95,95,2,94,0,-1.47418213840387,-28.8958907633414,-0.00339289855756419,0.001614092052749,-0.0229574309888,
52.434,0.0560000000000045,95,95,2,94,0,-1.47259453697122,-29.0943965190099,-0.00343893128913919,0.001595818601015,-0.0243559546441,
52.435,0.0570000000000022,95,95,2,94,0,-1.47099782863912,-29.1548206276078,-0.00348543479432806,0.001591149884661,-0.017054057034,
52.436,0.0579999999999998,95,95,2,94,0,-1.46938909389713,-29.1222553388631,-0.00353231097270168,0.001597584185232,-0.0054192318905,
52.437,0.0589999999999975,95,95,2,94,0,-1.46775831542839,-28.9296865525272,-0.00357964590114079,0.001611739937048,0.005419830867,
52.438,0.0600000000000023,95,95,2,94,0,-1.46610592295267,-28.6296578634423,-0.00362720121495386,0.001630649552809,0.013265475626,
52.439,0.0609999999999999,95,95,2,94,0,-1.46444856677226,-28.5561267735304,-0.00367458982174185,0.001647397385033,0.0168349215164,
52.44,0.0619999999999976,95,95,2,94,0,-1.46280668111972,-28.5472591676977,-0.00372146843679388,0.001651225910642,0.0135205753006,
52.441,0.0630000000000024,95,95,2,94,0,-1.46119572926718,-28.5035858822734,-0.00376742151905773,0.001637246670901,0.0023619879885,
52.442,0.0640000000000001,95,95,2,94,0,-1.45961113441119,-28.4488950139159,-0.00381254482317672,0.001612324893575,-0.0119196714115,
52.443,0.0649999999999977,95,95,2,94,0,-1.45803869739037,-28.435635234268,-0.0038572684938174,0.001588854604404,-0.021203569604,
52.444,0.0660000000000025,95,95,2,94,0,-1.45646217785165,-28.4889033582376,-0.00390213981748389,0.001577309126741,-0.0203282921651,
52.445,0.0670000000000002,95,95,2,94,0,-1.45487335718551,-28.4935222818851,-0.0039474072452208,0.001578985121576,-0.011156479366,
52.446,0.0679999999999978,95,95,2,94,0,-1.45328237950631,-28.4999616481396,-0.0039927449256254,0.001585777431832,-0.0007555522881,
52.447,0.0690000000000026,95,95,2,94,0,-1.45171103071477,-28.5013138732053,-0.00403752936833257,0.001584441908984,0.0028190656985,
52.448,0.0700000000000003,95,95,2,94,0,-1.45018305022721,-28.3681524071899,-0.00408097708574928,0.001564226966644,-0.0045609987644,
52.449,0.070999999999998,95,95,2,94,0,-1.44871335304307,-28.254746482886,-0.00412258634327145,0.001523505987728,-0.0207029274652,
52.45,0.0720000000000027,95,95,2,94,0,-1.44728346246514,-28.2548998506509,-0.00416298764869794,0.001475240193303,-0.0368326125959,
52.451,0.0730000000000004,95,95,2,94,0,-1.44585965889214,-28.3607730718582,-0.00420329244738582,0.001440006458314,-0.0420927319415,
52.452,0.0739999999999981,95,95,2,94,0,-1.44441548143446,-28.1913214296946,-0.00424412807743124,0.001431741839883,-0.0310526178524,
52.453,0.0750000000000028,95,95,2,94,0,-1.44294576927258,-27.9366352988278,-0.00428537404775398,0.001445725703536,-0.0096808087732,
52.454,0.0760000000000005,95,95,2,94,0,-1.44145190589863,-27.8906465154698,-0.00432707321354542,0.001469297114241,0.0101855831434,
52.455,0.0769999999999982,95,95,2,94,0,-1.43993741202223,-27.9645821539531,-0.00436936941443378,0.001492807161067,0.0206767374257,
52.456,0.078000000000003,95,95,2,94,0,-1.43841469282774,-27.9097696609251,-0.00441190988843232,0.001510772321093,0.0218649899497,
52.457,0.0790000000000006,95,95,2,94,0,-1.43690729163388,-27.725428533304,-0.00445384217053402,0.001515656198873,0.0157042413922,
52.458,0.0799999999999983,95,95,2,94,0,-1.43544103150699,-27.6500715466207,-0.00449443961443308,0.001499654273955,0.0025425216444,
52.459,0.0810000000000031,95,95,2,94,0,-1.43402839109073,-27.7303967523262,-0.00453355595831795,0.001462516533792,-0.0160769286821,
52.46,0.0820000000000007,95,95,2,94,0,-1.4326481925711,-27.8566253187856,-0.00457191652111533,0.00141899376046,-0.0327125055402,
52.461,0.0829999999999984,95,95,2,94,0,-1.43127556651335,-27.7889816933557,-0.00461010682622032,0.001387659350055,-0.0379507545032,
52.462,0.0840000000000032,95,95,2,94,0,-1.42990641877815,-27.5352438895925,-0.004647980345311,0.001373854299549,-0.0297321113134,
52.463,0.0850000000000009,95,95,2,94,0,-1.42854041153764,-27.3399645163079,-0.00468546031132178,0.001369249083558,-0.0163039081212,
52.464,0.0859999999999985,95,95,2,94,0,-1.4271772825233,-27.3658162806435,-0.004722745829838,0.001366085921066,-0.0069325502958,
52.465,0.0870000000000033,95,95,2,94,0,-1.42581692735611,-27.4034757532108,-0.00475999867455812,0.001363160328046,-0.0035245077001,
52.466,0.088000000000001,95,95,2,94,0,-1.4244604228737,-27.419426844987,-0.00479718243110483,0.001360032115901,-0.0030576495991,
52.467,0.0889999999999986,95,95,2,94,0,-1.42311154415016,-27.4095257574601,-0.00483416123489633,0.001355371960183,-0.0035270094794,
52.468,0.0900000000000034,95,95,2,94,0,-1.42177835977119,-27.3298125200298,-0.00487065005023624,0.00134645814783,-0.0054766696366,
52.469,0.0910000000000011,95,95,2,94,0,-1.42046697544691,-27.1589341788616,-0.00490637789437187,0.001331352665934,-0.0094952162254,
52.47,0.0919999999999987,95,95,2,94,0,-1.41917694378665,-27.0684283125987,-0.00494135540159846,0.001311518541481,-0.0146665738002,
52.471,0.0930000000000035,95,95,2,94,0,-1.41789940744627,-27.0860410691713,-0.0049759475529072,0.001292688863502,-0.0181141977437,
52.472,0.0940000000000012,95,95,2,94,0,-1.41663229436865,-27.1343842504947,-0.0050102992579184,0.001278157957516,-0.0178413803233,
52.473,0.0949999999999989,95,95,2,94,0,-1.41537619137953,-27.1303196846036,-0.00504438028633558,0.001266937029898,-0.0148275440735,
52.474,0.0960000000000036,95,95,2,94,0,-1.41412977993578,-27.073832549723,-0.00507816062415145,0.001256498552059,-0.0119791861947,
52.475,0.0970000000000013,95,95,2,94,0,-1.41290357907196,-27.0322504543534,-0.00511133308700096,0.001243255733382,-0.0115145150241,
52.476,0.097999999999999,95,95,2,94,0,-1.41169940344996,-26.9848279771947,-0.00514385611151624,0.001225656465253,-0.0137084512612,
52.477,0.0990000000000038,95,95,2,94,0,-1.41051267382776,-26.9476306832631,-0.00517585773465612,0.001205549394606,-0.0170446740488,
52.478,0.100000000000001,95,95,2,94,0,-1.40933379772443,-26.9684694019874,-0.00520763793565493,0.001189607366479,-0.0181052171356,
52.479,0.100999999999999,95,95,2,94,0,-1.40815601469781,-26.9754005558779,-0.00523940502287701,0.001180904235978,-0.0150198715952,
52.48,0.102000000000004,95,95,2,94,0,-1.40698639222394,-26.917456312661,-0.00527092217117797,0.001175662783808,-0.0098362962895,
52.481,0.103000000000002,95,95,2,94,0,-1.40583417409945,-26.8454621095345,-0.00530189547569648,0.001166849334881,-0.0073515546964,
52.482,0.103999999999999,95,95,2,94,0,-1.40469861916986,-26.9840569120216,-0.00533245866353127,0.001152440470834,-0.0094204744359,
52.483,0.105000000000004,95,95,2,94,0,-1.40358227983809,-27.2362353052945,-0.00536272278591809,0.001134789208714,-0.0137029589329,
52.484,0.106000000000002,95,95,2,94,0,-1.40248288434029,-27.3661776227666,-0.00539273760938386,0.001117020860925,-0.0167136683988,
52.485,0.106999999999999,95,95,2,94,0,-1.40139509992726,-27.2870320677502,-0.0054224630642068,0.00110099532256,-0.0172103792611,
52.486,0.108000000000004,95,95,2,94,0,-1.40031573410734,-27.249236339323,-0.00545189535623081,0.001088742160528,-0.0154166682923,
52.487,0.109000000000002,95,95,2,94,0,-1.39923554201812,-27.1841156528222,-0.00548129459434676,0.001082139278643,-0.0116897908878,
52.488,0.109999999999999,95,95,2,94,0,-1.39814113200428,-27.2251795169934,-0.00551106763307985,0.001084209585816,-0.0056960092117,
52.489,0.111000000000004,95,95,2,94,0,-1.39703148701351,-27.2832960269931,-0.0055413101615045,0.001094715129533,0.0019989214188,
52.49,0.112000000000002,95,95,2,94,0,-1.39590892129864,-27.3334629050918,-0.00557196561203455,0.001108950714921,0.0090939852551,
52.491,0.113,95,95,2,94,0,-1.39477669061414,-27.3678521426251,-0.00560293286571323,0.001121588988529,0.0126373793527,
52.492,0.114000000000004,95,95,2,94,0,-1.39362696190967,-27.3504076495869,-0.00563438844267239,0.001134580599602,0.0132234683815,
52.493,0.115000000000002,95,95,2,94,0,-1.39244768095509,-27.1832970470524,-0.00566654372232733,0.001153344973512,0.0146174386846,
52.494,0.116,95,95,2,94,0,-1.39124314476323,-26.9703125035687,-0.00569915871363946,0.001177991850731,0.0187972960516,
52.495,0.117000000000004,95,95,2,94,0,-1.39003129872699,-26.828560533023,-0.00573175668915837,0.00119915257399,0.0218362800383,
52.496,0.118000000000002,95,95,2,94,0,-1.38882826422566,-26.8632549215438,-0.00576405324238749,0.001207009622453,0.0182154670082,
52.497,0.119,95,95,2,94,0,-1.38763960607998,-26.8982727796215,-0.00579600528129731,0.001201365055108,0.0077976661594,
52.498,0.119999999999997,95,95,2,94,0,-1.38647033853612,-26.7210018765994,-0.00582735292007897,0.001187153871829,-0.0041640673828,
52.499,0.121000000000002,95,95,2,94,0,-1.38533372893057,-26.570300438805,-0.0058576386231266,0.001165287342913,-0.0139378021899,
52.5,0.122,95,95,2,94,0,-1.38423463858097,-26.5690015103635,-0.00588684107009385,0.001135151210258,-0.0220508063466,
52.501,0.122999999999998,95,95,2,94,0,-1.38315166973618,-26.6441502365485,-0.00591565516282344,0.001105509674942,-0.0275068723316,
52.502,0.124000000000002,95,95,2,94,0,-1.38205721132725,-26.6695112625383,-0.00594482995538215,0.001091252165475,-0.025174706763,
52.503,0.125,95,95,2,94,0,-1.38094624474934,-26.6095838691217,-0.00597442560237482,0.001095963990382,-0.0131819169095,
52.504,0.125999999999998,95,95,2,94.25,0,-1.37983682859384,-26.3732020084259,-0.00600381558169261,0.001105549000493,0.000482980156,
52.505,0.127000000000002,95,95,2,94.25,0,-1.37874243871989,-26.2755309912288,-0.00603262470181676,0.001105373397758,0.005194870696,
52.506,0.128,95,95,2,94.25,0,-1.37766106752854,-26.2991347152234,-0.00606105106626842,0.001094992153635,-0.0003091112976,
52.507,0.128999999999998,95,95,2,94.25,0,-1.37659196856513,-26.3922580727496,-0.0060892172229785,0.001081595127748,-0.0082242862358,
52.508,0.130000000000003,95,95,2,94.25,0,-1.37552922619527,-26.4868638615007,-0.00611731566465323,0.001070873653727,-0.011689625798,
52.509,0.131,95,95,2,94.25,0,-1.37445955819829,-26.5615787833635,-0.00614568777535851,0.001066727036061,-0.0095516826743,
52.51,0.131999999999998,95,95,2,94.25,0,-1.37337836078218,-26.6284151093065,-0.00617444221734331,0.001071049134583,-0.0035784597161,
52.511,0.133000000000003,95,95,2,94.25,0,-1.37229296281269,-26.533826393945,-0.00620329331184166,0.001078998756385,0.0028697406496,
52.512,0.134,95,95,2,94.25,0,-1.3712154984949,-26.3923184777804,-0.00623180632811682,0.001081757707966,0.0053041637517,
52.513,0.134999999999998,95,95,2,94.25,0,-1.37015291251858,-26.3820149825211,-0.00625984496144838,0.001075380910859,0.0015754280409,
52.514,0.136000000000003,95,95,2,94.25,0,-1.36910077740426,-26.3565869288405,-0.00628758902891491,0.001063914220161,-0.0051630405779,
52.515,0.137,95,95,2,94.25,0,-1.36804698463493,-26.2213150113556,-0.00631529213535487,0.001055767669426,-0.0089436806318,
52.516,0.137999999999998,95,95,2,94.25,0,-1.36698739568912,-26.019669050904,-0.00634296911997012,0.001055034325772,-0.0069186305996,
52.517,0.139000000000003,95,95,2,94.25,0,-1.36593949193555,-25.9275546388101,-0.006370186965313,0.001054344535193,-0.0029442398558,
52.518,0.140000000000001,95,95,2,94.25,0,-1.36492173064407,-25.9380283162482,-0.00639658035666457,0.001042366572612,-0.0040893081021,
52.519,0.140999999999998,95,95,2,94.25,0,-1.36393113078529,-25.9348224162439,-0.00642227297598197,0.001018655600297,-0.0121114139006,
52.52,0.142000000000003,95,95,2,94.25,0,-1.36295750680083,-25.7714283118572,-0.00644744419889776,0.000993655526294,-0.0205777999012,
52.521,0.143000000000001,95,95,2,94.25,0,-1.36199953485144,-25.7658619674597,-0.00647212983810164,0.000974021136235,-0.0230036383134,
52.522,0.143999999999998,95,95,2,94.25,0,-1.3610535129586,-25.9211792480682,-0.00649657837439577,0.000959082542946,-0.0198353562112,
52.523,0.145000000000003,95,95,2,94.25,0,-1.36010726147685,-26.0669266010405,-0.00652117528548501,0.000949675786478,-0.0146877812737,
52.524,0.146000000000001,95,95,2,94.25,0,-1.35915716580016,-26.0367084548215,-0.00654592700468015,0.000947335863559,-0.0089462574496,
52.525,0.146999999999998,95,95,2,94.25,0,-1.35821559437469,-25.9100544784504,-0.00657038279848621,0.000946385142842,-0.0040432123231,
52.526,0.148000000000003,95,95,2,94.25,0,-1.3573014295434,-25.7766784913234,-0.00659400789524511,0.000935906722582,-0.0042257912405,
52.527,0.149000000000001,95,95,2,94.25,0,-1.35642752986235,-25.6467661897517,-0.00661647736120585,0.000910307264472,-0.0121564217521,
52.528,0.149999999999999,95,95,2,94.25,0,-1.35559415549901,-25.6550784326499,-0.00663785418225871,0.000873821630809,-0.0243289994209,
52.529,0.151000000000003,95,95,2,94.25,0,-1.35479061710539,-25.6982123004687,-0.00665848635262023,0.000836581167737,-0.0334462298198,
52.53,0.152000000000001,95,95,2,94.25,0,-1.3540028497676,-25.8308066350708,-0.00667878279165279,0.000807757867787,-0.0344888653127,
52.531,0.152999999999999,95,95,2,94.25,0,-1.35322633379559,-26.038439244576,-0.00669892144060213,0.000789123244805,-0.0282918457962,
52.532,0.154000000000003,95,95,2,94.25,0,-1.35245639644757,-26.2918681883792,-0.00671906696965152,0.000777917794547,-0.0194624742552,
52.533,0.155000000000001,95,95,2,94.25,0,-1.35167343403614,-26.2678674729788,-0.00673964311835107,0.00077581845424,-0.0107023690899,
52.534,0.155999999999999,95,95,2,94.25,0,-1.35086042079553,-26.0922227120956,-0.00676092784163984,0.000788070141161,-0.0005258651239,
52.535,0.157000000000004,95,95,2,94.25,0,-1.35001899620971,-25.9876961835134,-0.00678283850373873,0.000812521395419,0.0116062489537,
52.536,0.158000000000001,95,95,2,94.25,0,-1.34916654846256,-25.8901882439942,-0.00680495009657989,0.000836208130656,0.0205620283506,
52.537,0.158999999999999,95,95,2,94.25,0,-1.34831941837218,-25.9132084985931,-0.00682689220465704,0.00084754550172,0.0202112816914,
52.538,0.160000000000004,95,95,2,94.25,0,-1.34747565042119,-26.0781287186449,-0.00684882651668772,0.000847716745594,0.0116923421589,
52.539,0.161000000000001,95,95,2,94.25,0,-1.34662047078199,-26.3151480733004,-0.00687122934846229,0.00084820009927,0.0036147149716,
52.54,0.161999999999999,95,95,2,94.25,0,-1.34573714614009,-26.293737004811,-0.00689446471074007,0.000860199633547,0.0038445749157,
52.541,0.163000000000004,95,95,2,94.25,0,-1.34482498097471,-26.0996116493388,-0.00691836040451221,0.000883533298134,0.0119449191897,
52.542,0.164000000000001,95,95,2,94.25,0,-1.3439102926424,-25.8514450667308,-0.00694211991722682,0.000904269958415,0.0191543242022,
52.543,0.164999999999999,95,95,2,94.25,0,-1.34303096147993,-25.6576935927649,-0.00696476671262758,0.000903324231276,0.0150110453468,
52.544,0.166000000000004,95,95,2,94.25,0,-1.3422343159012,-25.5193220901458,-0.00698515168426184,0.000865132638299,-0.0056147706644,
52.545,0.167000000000002,95,95,2,94.25,0,-1.34158600808829,-25.3420006097209,-0.00700163858070368,0.000776949924107,-0.0420151695901,
52.546,0.167999999999999,95,95,2,94.25,0,-1.34117695438904,-25.0678483779212,-0.0070119487482998,0.000621032908561,-0.0935056682337,
52.547,0.169000000000004,95,95,2,94.25,0,-1.34110315483718,-24.8550565916519,-0.00701379089230159,0.000380253689131,-0.161055386305,
52.548,0.170000000000002,95,95,2,94.25,0,-1.34139294321252,-24.9582331873959,-0.00700657323613996,6.5299417917E-05,-0.2375730738,
52.549,0.170999999999999,95,95,2,94.25,0,-1.34201229586295,-24.9670426410212,-0.00699111256017204,-0.000279581279707,-0.3016796836018,
52.55,0.172000000000004,95,95,2,94.25,0,-1.34299947515926,-24.5294086148593,-0.00696668162422043,-0.000630831361667,-0.3378135850018,
52.551,0.173000000000002,95,95,2,94.25,0,-1.34455218857199,-23.7452186770833,-0.00692920329356639,-0.001046491537472,-0.3686622948127,
52.552,0.173999999999999,95,95,2,94.25,0,-1.34699469535652,-22.9943283734374,-0.00687212246316449,-0.001649991189344,-0.4526889904716,
52.553,0.175000000000004,95,95,2,94.25,0,-1.35070292361523,-22.2754065617276,-0.00678818720800223,-0.002555285215244,-0.6376861212603,
52.554,0.176000000000002,95,95,2,94.25,0,-1.35604823120003,-21.6461441445595,-0.00667080010893528,-0.003819635614283,-0.9224726256333,
52.555,0.177,95,95,2,94.25,0,-1.36339487021131,-20.9751156154264,-0.0065142386040975,-0.005454583214917,-1.2678126475758,
52.556,0.178000000000004,95,95,2,94.25,0,-1.37309096522337,-20.4362780612451,-0.00631347420025463,-0.00745107638357,-1.6322321105612,
52.557,0.179000000000002,95,95,2,94.25,0,-1.38546884031762,-20.1594743408191,-0.00606222962395009,-0.009795792236483,-1.9924963035253,
52.558,0.18,95,95,2,94.25,0,-1.40087431797709,-20.1471710851761,-0.00575175806113748,-0.012481621839159,-2.3425831725639,
52.559,0.181000000000004,95,95,2,94.25,0,-1.41965255939006,-20.1981695420207,-0.00537295078805755,-0.015509026015954,-2.6859678499828,
52.56,0.182000000000002,95,95,2,94.25,0,-1.44212736970742,-20.4231524849385,-0.00491647253434735,-0.018875382958237,-3.0266176342057,
52.561,0.183,95,95,2,94.25,0,-1.46862193214667,-20.8250191795142,-0.00437004640451732,-0.02257176528261,-3.3636787272636,
52.562,0.183999999999997,95,95,2,94.25,0,-1.49947071454822,-21.4306733855508,-0.00371827807194336,-0.026594902791373,-3.695401265063,
52.563,0.185000000000002,95,95,2,94.25,0,-1.53503006525359,-22.2863235571336,-0.00294100405889708,-0.030955686904006,-4.026404934607,
52.564,0.186,95,95,2,94.25,0,-1.57565726264265,-23.4114677782888,-0.00201271746448128,-0.035666534219331,-4.3645090922796,
52.565,0.186999999999998,95,95,2,94.25,0,-1.62167641028781,-24.8359721989271,-0.000902564432578856,-0.040724428460783,-4.7099424323555,
52.566,0.188000000000002,95,95,2,94.25,0,-1.67338696635401,-26.7126100338621,0.000430238493265733,-0.046108985094642,-5.051778881336,
52.567,0.189,95,95,2,94.25,0,-1.73107285051631,-29.0699589412311,0.0020391718993551,-0.051795731968718,-5.377214988202,
52.568,0.189999999999998,95,95,2,94.25,0,-1.79500728402849,-31.9533821865458,0.00398991827236728,-0.057767850538434,-5.6817013107029,
52.569,0.191000000000003,95,95,2,94.25,0,-1.86544775467906,-35.2911501997311,0.00635828652735881,-0.064011679848733,-5.9680202831989,
52.57,0.192,95,95,2,94.25,0,-1.94265075199947,-39.1179347501092,0.00923058872035654,-0.070517417510005,-6.240888593416,
52.571,0.192999999999998,95,95,2,94.25,0,-2.02690470522111,-43.5509331091626,0.0127131781831054,-0.077289526089827,-6.5070764315451,
52.572,0.194000000000003,95,95,2,94.25,0,-2.11851534032083,-48.6646099989973,0.0169371404182073,-0.084345671014695,-6.7774082077708,
52.573,0.195,95,95,2,94.25,0,-2.21775067057549,-54.6588401076032,0.0220638087654095,-0.091691039082778,-7.0577009643187,
52.574,0.195999999999998,95,95,2,94.25,0,-2.32482207764423,-61.4483629847269,0.0282796895683646,-0.099298744752402,-7.3373024055808,
52.575,0.197000000000003,95,95,2,94.25,0,-2.43990881929088,-69.0699395537905,0.0357901526505771,-0.107125184397889,-7.5946245819206,
52.576,0.198,95,95,2,94.25,0,-2.5631755066797,-77.5822285133033,0.0448288161285859,-0.115136124995928,-7.8161697384937,
52.577,0.198999999999998,95,95,2,94.25,0,-2.69475881272905,-87.2036019403737,0.0556703483091781,-0.123307689264328,-8.0037774133817,
52.578,0.200000000000003,95,95,2,94.25,0,-2.83477236974397,-98.0289668741491,0.0686378837265522,-0.131617395740862,-8.1648198297319,
52.579,0.201000000000001,95,95,2,94.25,0,-2.98327975957976,-110.312351532562,0.0841079964223184,-0.14003263157151,-8.299922620328,
52.58,0.201999999999998,95,95,2,94.25,0,-3.1402750085197,-124.171461864096,0.102514418750616,-0.148505597720774,-8.4008961199986,
52.581,0.203000000000003,95,95,2,94.25,0,-3.30571551431422,-139.134981907772,0.124295194368898,-0.156982468265069,-8.4568183721885,
52.582,0.204000000000001,95,95,2,94.25,0,-3.47954667689723,-155.065670785022,0.149865815114026,-0.165424125774693,-8.4651353153844,
52.583,0.204999999999998,95,95,2,94.25,0,-3.66169654041789,-172.22908314201,0.179674162493455,-0.173809575827758,-8.4353591830576,
52.584,0.206000000000003,95,95,2,94.25,0,-3.8520609785771,-190.975374743382,0.214244768774591,-0.18211862563093,-8.3793922150648,
52.585,0.207000000000001,95,95,2,94.25,0,-4.05051196269074,-211.200119444391,0.254150830078572,-0.190326029553974,-8.3014761141015,
52.586,0.207999999999998,95,95,2,94.25,0,-4.25689701533043,-233.014001097978,0.299990407404295,-0.198405240885123,-8.1994399095139,
52.587,0.209000000000003,95,95,2,94.25,0,-4.47099537251255,-256.485008838682,0.352390874339164,-0.206318823444603,-8.0679804772168,
52.588,0.210000000000001,95,95,2,94.25,0,-4.69251550783425,-281.357161045397,0.411962309466389,-0.214010899261266,-7.8968191681356,
52.589,0.210999999999999,95,95,2,94.25,0,-4.92112628354942,-306.942906202176,0.479208176829758,-0.22142079399787,-7.6738735154904,
52.59,0.212000000000003,95,95,2,94.25,0,-5.15649710523472,-332.685974934069,0.554483164493092,-0.228511597388168,-7.3988216567299,
52.591,0.213000000000001,95,95,2,94.25,0,-5.39829243535036,-358.559076810451,0.638053077231774,-0.235270160423363,-7.0868586876589,
52.592,0.213999999999999,95,95,2,94.25,0,-5.64617993504707,-384.701488051101,0.730175578755109,-0.241695628460859,-6.7583066424162,
52.593,0.215000000000003,95,95,2,94.25,0,-5.89983320000116,-411.178758170155,0.831114390238355,-0.247789578399603,-6.4259411071801,
52.594,0.216000000000001,95,95,2,94.25,0,-6.15895603378943,-437.667929703518,0.941092169845149,-0.25356440602713,-6.0976686750045,
52.595,0.216999999999999,95,95,2,94.25,0,-6.42330397016662,-464.09446546843,1.06028168397827,-0.259049493914692,-5.7836423989026,
52.596,0.218000000000004,95,95,2,94.25,0,-6.69269254434033,-490.826795285529,1.18890412241961,-0.26429259693947,-5.4994143507163,
52.597,0.219000000000001,95,95,2,94.25,0,-6.9670046859293,-518.577672138263,1.32735007301386,-0.269353453059332,-5.2610244121384,
52.598,0.219999999999999,95,95,2,94.25,0,-7.24612359980743,-545.621773115942,1.47586916966839,-0.27427710305114,-5.0743683529206,
52.599,0.221000000000004,95,95,2,94.25,0,-7.52991105026538,-572.095050313253,1.63446617349584,-0.279077443165328,-4.9278188669382,
52.6,0.222000000000001,95,95,2,94.25,0,-7.81819608982168,-598.563316156179,1.80320782023813,-0.283736166213509,-4.7948479576719,
52.601,0.222999999999999,95,95,2,94.25,0,-8.11076917233635,-625.744898988862,1.98230763446463,-0.288222175714306,-4.6493941037679,
52.602,0.224000000000004,95,95,2,94.25,0,-8.40735445036609,-653.476078381841,2.17200668908211,-0.29249032828168,-4.4724664849853,
52.603,0.225000000000001,95,95,2,94.25,0,-8.70760271491043,-681.332088433082,2.37239360687499,-0.296480515329599,-4.2501199915644,
52.604,0.225999999999999,95,95,2,94.25,0,-9.01117701834753,-709.33920351167,2.58347964125605,-0.300147180257788,-3.9765200678365,
52.605,0.227000000000004,95,95,2,94.25,0,-9.31776640200247,-737.791033744351,2.80531702501042,-0.303481015834627,-3.663872758703,
52.606,0.228000000000002,95,95,2,94.25,0,-9.62705088437226,-766.991977610038,3.03802004238321,-0.306493389204044,-3.3372457200174,
52.607,0.228999999999999,95,95,2,94.25,0,-9.93867259052352,-796.981532023758,3.28170408910694,-0.309177119889775,-3.0102192265378,
52.608,0.230000000000004,95,95,2,94.25,0,-10.2522027721901,-826.426996992495,3.53619787461773,-0.311493081671412,-2.6719928196086,
52.609,0.231000000000002,95,95,2,94.25,0,-10.5671924776568,-855.638717271774,3.8011145665736,-0.31339549615202,-2.3022282625565,
52.61,0.231999999999999,95,95,2,94.25,0,-10.8832362097808,-885.091961181859,4.07618807669419,-0.314868056323854,-1.8975223782845,
52.611,0.233000000000004,95,95,2,94.25,0,-11.1999946333113,-915.514074393081,4.36136664130831,-0.31594193154876,-1.4819109803878,
52.612,0.234000000000002,95,95,2,94.25,0,-11.5171331896932,-946.423014786624,4.65661266157645,-0.31665805596397,-1.0861554660756,
52.613,0.234999999999999,95,95,2,94.25,0,-11.8342053598782,-977.695526785791,4.96165488241124,-0.31700460066741,-0.7125757445878,
52.614,0.236000000000004,95,95,2,94.25,0,-12.150699955978,-1009.33298525011,5.27609677558905,-0.31691881381851,-0.327719151269,
52.615,0.237000000000002,95,95,2,94.25,0,-12.4661803129287,-1041.2573044789,5.5995572538707,-0.31636359658063,0.096916499892,
52.616,0.238,95,95,2,94.25,0,-12.7802613122181,-1073.70807819253,5.93169247429674,-0.31536482139704,0.547455504899,
52.617,0.239000000000004,95,95,2,94.25,0,-13.0925565518341,-1106.48721087356,6.27212477940103,-0.31396507868577,0.985998058181,
52.618,0.240000000000002,95,95,2,94.25,0,-13.4026323740101,-1139.90242094137,6.62040033540728,-0.31216514228602,1.39951055951,
52.619,0.241,95,95,2,94.25,0,-13.7100452556007,-1173.58508554864,6.97599826585429,-0.30994276523238,1.806610489373,
52.62,0.242000000000004,95,95,2,94.25,0,-14.014399653471,-1207.67776134151,7.33837217582231,-0.30729421865013,2.223495716056,
52.621,0.243000000000002,95,95,2,94.25,0,-14.3152806601634,-1242.3577220693,7.70695674716274,-0.30422992563302,2.645419654125,
52.622,0.244,95,95,2,94.25,0,-14.6122437558085,-1277.38344761423,8.08109181614952,-0.30074765073158,3.064963651951,
52.623,0.244999999999997,95,95,2,94.25,0,-14.9048410661423,-1313.02797352742,8.46006552339156,-0.2968287333659,3.487873075413,
52.624,0.246000000000002,95,95,2,94.25,0,-15.1925319013454,-1349.60272112914,8.84307274758316,-0.29243510338798,3.93033841008,
52.625,0.247,95,95,2,94.25,0,-15.4746550778907,-1386.97003347983,9.22909804677187,-0.28749248014497,4.415914173775,
52.626,0.247999999999998,95,95,2,94.25,0,-15.7505306679492,-1424.75658280095,9.61694141644679,-0.2819191981966,4.967122875091,
52.627,0.249000000000002,95,95,2,94.25,0,-16.0195303594728,-1462.65300885559,10.0052975611757,-0.27568709644407,5.58173027801,
52.628,0.25,95,95,2,94.25,0,-16.281080759269,-1500.55832705665,10.3928121159699,-0.26882767356585,6.222652148989,
52.629,0.250999999999998,95,95,2,94.5,0,-16.5346008204642,-1538.32288199543,10.7780207910118,-0.26137608573412,6.848876026566,
52.63,0.252000000000002,95,95,2,94.5,0,-16.779439948258,-1575.93234249342,11.1592665574574,-0.25332488275508,7.45382288987,
52.631,0.253,95,95,2,94.5,0,-17.0149082963573,-1612.89412139217,11.5347004073707,-0.24463217390587,8.063770195898,
52.632,0.253999999999998,95,95,2,94.5,0,-17.2403986435387,-1648.70913417732,11.9024304326038,-0.23528618173228,8.696242085473,
52.633,0.255000000000003,95,95,2,94.5,0,-17.4554835959823,-1683.44483990956,12.2607785221294,-0.22536212903543,9.323425333254,
52.634,0.256,95,95,2,94.5,0,-17.6598490934928,-1717.37610240816,12.6082837540399,-0.21499073438501,9.884837125943,
52.635,0.256999999999998,95,95,2,94.5,0,-17.8531705010622,-1750.20460648825,12.943462545792,-0.2042681070081,10.342561882296,
52.636,0.258000000000003,95,95,2,94.5,0,-18.0351311313686,-1781.63732534075,13.2647906378212,-0.19322640137283,10.712981036471,
52.637,0.259,95,95,2,94.5,0,-18.205464254584,-1811.80065415014,13.570831394885,-0.181880611358,11.03720747163,
52.638,0.259999999999998,95,95,2,94.5,0,-18.3639362010766,-1840.53696710636,13.8602279209293,-0.17026302232586,11.336104406155,
52.639,0.261000000000003,95,95,2,94.5,0,-18.510279678779,-1867.5416947608,14.1315544844151,-0.15839175887238,11.612151653349,
52.64,0.262,95,95,2,94.5,0,-18.6441487946652,-1892.49455624905,14.3832308487264,-0.1462397097946,11.879396814368,
52.641,0.262999999999998,95,95,2,94.5,0,-18.7651847457902,-1915.26099773068,14.6136685062902,-0.1337614750027,12.165669104726,
52.642,0.264000000000003,95,95,2,94.5,0,-18.873129712919,-1935.27316332476,14.8214913980119,-0.1209586053545,12.477769534554,
52.643,0.265000000000001,95,95,2,94.5,0,-18.9678013588505,-1952.57744111799,15.005526005941,-0.10789026596847,12.785120112659,
52.644,0.265999999999998,95,95,2,94.5,0,-19.0490453314184,-1967.39185179647,15.1647629447914,-0.09462534028161,13.04767435493,
52.645,0.267000000000003,95,95,2,94.5,0,-19.116797639272,-1979.69882479273,15.2984751961145,-0.08122477516269,13.246641626229,
52.646,0.268000000000001,95,95,2,94.5,0,-19.1711455261666,-1989.21300285241,15.4063261816664,-0.06777848098019,13.373592008376,
52.647,0.268999999999998,95,95,2,94.5,0,-19.2122740193686,-1995.77984017755,15.4882745571935,-0.05440339507452,13.411212980377,
52.648,0.270000000000003,95,95,2,94.5,0,-19.2403936693015,-1999.35971674352,15.5444455200804,-0.04119165832905,13.347443640659,
52.649,0.271000000000001,95,95,2,94.5,0,-19.2557707078615,-1999.82910738037,15.575193360459,-0.02819951950176,13.194862118076,
52.65,0.271999999999998,95,95,2,94.5,0,-19.258791724206,-1997.26927872398,15.5812310102365,-0.01549301530722,12.972327812919,
52.651,0.273000000000003,95,95,2,94.5,0,-19.2499712397604,-1992.07600657314,15.5636370312181,-0.00317537277212,12.675536086533,
52.652,0.274000000000001,95,95,2,94.5,0,-19.2298583110933,-1984.29216541259,15.5236488265194,0.00865576747502,12.288350346544,
52.653,0.274999999999999,95,95,2,94.5,0,-19.1989530698764,-1974.21145519206,15.4624795718931,0.01996288916559,11.819885366557,
52.654,0.276000000000003,95,95,2,94.5,0,-19.1577022927794,-1962.44979204744,15.3812844040849,0.03077120821599,11.31468646549,
52.655,0.277000000000001,95,95,2,94.5,0,-19.1065008047618,-1948.59997670723,15.2811586201492,0.04113232960915,10.823800545279,
52.656,0.277999999999999,95,95,2,94.5,0,-19.0457450649158,-1932.38699212628,15.1632625028372,0.05108255028994,10.372010476621,
52.657,0.279000000000003,95,95,2,94.5,0,-18.9758663595124,-1913.99453908894,15.0288724218927,0.0606263539647,9.951565792692,
52.658,0.280000000000001,95,95,2,94.5,0,-18.897319004755,-1894.3320379216,14.8793054325546,0.06974241054238,9.537404647445,
52.659,0.280999999999999,95,95,2,94.5,0,-18.8105826371316,-1873.55532371411,14.7158990008733,0.078403463811,9.107879714086,
52.66,0.282000000000004,95,95,2,94.5,0,-18.7161821082921,-1851.07254599545,14.5400955805578,0.08657891212843,8.651872775981,
52.661,0.283000000000001,95,95,2,94.5,0,-18.6146527491042,-1827.00226136391,14.3533792914398,0.09423992957919,8.166800542786,
52.662,0.283999999999999,95,95,2,94.5,0,-18.5065211753532,-1801.93989896325,14.1571776780159,0.10137137445231,7.656474937469,
52.663,0.285000000000004,95,95,2,94.5,0,-18.392300196903,-1776.501789636,13.9528111225165,0.10797773079183,7.132790086332,
52.664,0.286000000000001,95,95,2,94.5,0,-18.2725131873999,-1750.56608502769,13.7415626660064,0.11406396635631,6.607846667088,
52.665,0.286999999999999,95,95,2,94.5,0,-18.1477004832632,-1724.36808344271,13.5247047008745,0.11962490857731,6.084683793948,
52.666,0.288000000000004,95,95,2,94.5,0,-18.0183460189071,-1697.88790646426,13.3033626556425,0.12466752381244,5.563032128283,
52.667,0.289000000000001,95,95,2,94.5,0,-17.884840060852,-1671.41842767684,13.0784514205822,0.12923738439998,5.056286936614,
52.668,0.289999999999999,95,95,2,94.5,0,-17.7474865286121,-1644.93959091564,12.8506946765693,0.13341478220084,4.593948145813,
52.669,0.291000000000004,95,95,2,94.5,0,-17.6065266178938,-1618.26458505799,12.620704191919,0.13728117352798,4.201834694748,
52.67,0.292000000000002,95,95,2,94.5,0,-17.4621864870576,-1591.5926265619,12.3890485869735,0.14089206321015,3.883042775765,
52.671,0.292999999999999,95,95,2,94.5,0,-17.3147016736828,-1565.04267058998,12.1562707031272,0.14426946956241,3.617495176688,
52.672,0.294000000000004,95,95,2,94.5,0,-17.1642692970438,-1539.07731998816,11.9227906293496,0.14742567759248,3.381091854576,
52.673,0.295000000000002,95,95,2,94.5,0,-17.011010889259,-1513.31126759124,11.688888521913,0.15039591700348,3.166776941006,
52.674,0.295999999999999,95,95,2,94.5,0,-16.8550311990752,-1487.62965856702,11.454845603952,0.15322698316076,2.984278020605,
52.675,0.297000000000004,95,95,2,94.5,0,-16.6965024048916,-1461.80779686357,11.2210602222874,0.15592803666404,2.833814337196,
52.676,0.298000000000002,95,95,2,94.5,0,-16.5356862703474,-1436.21440389756,10.9880358582126,0.15845026509184,2.686409776836,
52.677,0.298999999999999,95,95,2,94.5,0,-16.3728539219198,-1411.20587895789,10.7562097924038,0.16073479660104,2.504566874864,
52.678,0.300000000000004,95,95,2,94.5,0,-16.208192683941,-1386.69969447022,10.5258564946694,0.16277615112794,2.28288749009,
52.679,0.301000000000002,95,95,2,94.5,0,-16.0417826991703,-1362.64630371855,10.2970971818255,0.16463719515101,2.060214470441,
52.68,0.302,95,95,2,94.5,0,-15.8736345522439,-1338.77193240464,10.0699779465869,0.16640680937984,1.887708235947,
52.681,0.303000000000004,95,95,2,94.5,0,-15.7036783223314,-1315.00764970961,9.8444647601894,0.16816912317552,1.794853037157,
52.682,0.304000000000002,95,95,2,94.5,0,-15.5318145237914,-1291.61961032033,9.62047232904601,0.16998607560492,1.780895515741,
52.683,0.305,95,95,2,94.5,0,-15.3579802921191,-1268.6105018535,9.39794451181905,0.17188265789144,1.82444979642,
52.684,0.306000000000004,95,95,2,94.5,0,-15.1821636016693,-1245.72613952344,9.17691333833722,0.17383783936586,1.890273085754,
52.685,0.307000000000002,95,95,2,94.5,0,-15.0043563725004,-1222.85686870289,8.95744738600416,0.17581911443228,1.94542979565,
52.686,0.308,95,95,2,94.5,0,-14.8245274878836,-1200.22615577433,8.7395772271914,0.17781656418754,1.978299395472,
52.687,0.308999999999998,95,95,2,94.5,0,-14.6426425592839,-1178.0496815551,8.52329096175984,0.1798392011773,2.000153518958,
52.688,0.310000000000002,95,95,2,94.5,0,-14.4586371296236,-1156.26970480496,8.30852724093407,0.18190426572301,2.027809086195,
52.689,0.311,95,95,2,94.5,0,-14.2723794770944,-1134.78445606268,8.0951640560238,0.18404494620279,2.075021059146,
52.69,0.311999999999998,95,95,2,94.5,0,-14.0836874291991,-1113.17237251605,7.88307826724153,0.18631230427836,2.155998978296,
52.691,0.313000000000002,95,95,2,94.5,0,-13.8923991794339,-1091.49205459328,7.67221506745076,0.18874058984644,2.277633044586,
52.692,0.314,95,95,2,94.5,0,-13.6984238950447,-1069.68450242962,7.46260764881893,0.19131549959143,2.4239945734,
52.693,0.314999999999998,95,95,2,94.5,0,-13.501698539153,-1048.0641390408,7.25430022122765,0.19399419545275,2.562058326816,
52.694,0.316000000000003,95,95,2,94.5,0,-13.3021428888534,-1026.2818269948,7.04732649212838,0.19674942276332,2.670519461196,
52.695,0.317,95,95,2,94.5,0,-13.0997264024811,-1004.3268015658,6.84181216023319,0.19956481279904,2.75031669334,
52.696,0.317999999999998,95,95,2,94.5,0,-12.8945035127251,-982.31719224291,6.63795974957026,0.2024001565656,2.803327337427,
52.697,0.319000000000003,95,95,2,94.5,0,-12.6865487175098,-960.310043224253,6.43597042510464,0.20520054037868,2.818869661264,
52.698,0.32,95,95,2,94.5,0,-12.4759353820575,-938.344059642583,6.23602948836711,0.20793278564861,2.790430236179,
52.699,0.320999999999998,95,95,2,94.5,0,-12.2627828990941,-916.299860570968,6.03836851006389,0.21057751763453,2.726432847672,
52.7,0.322000000000003,95,95,2,94.5,0,-12.0472535523985,-894.319129886452,5.84324774599997,0.21310379782973,2.635450433907,
52.701,0.323,95,95,2,94.5,0,-11.8295151435821,-872.385754460736,5.65090799081696,0.21547900621218,2.516494188591,
52.702,0.323999999999998,95,95,2,94.5,0,-11.6097506265489,-850.607602191903,5.46158158937885,0.2176835226452,2.369322341446,
52.703,0.325000000000003,95,95,2,94.5,0,-11.3881678971918,-829.058492230835,5.2754890905735,0.21970214826533,2.199956773982,
52.704,0.326000000000001,95,95,2,94.5,0,-11.1649838690135,-807.618650169732,5.09284899183939,0.22151765530629,2.013457290246,
52.705,0.326999999999998,95,95,2,94.5,0,-10.9403391217917,-786.351876223752,4.913810438849,0.22314185424499,1.819050184033,
52.706,0.328000000000003,95,95,2,94.5,0,-10.7143035872288,-765.221901479148,4.73845503472057,0.22462376771108,1.638905727595,
52.707,0.329000000000001,95,95,2,94.5,0,-10.48697804562,-743.988687042877,4.5669139775018,0.22600530047434,1.494484897024,
52.708,0.329999999999998,95,95,2,94.5,0,-10.2585021035526,-722.74484928406,4.39935731426473,0.22728365963261,1.380694892612,
52.709,0.331000000000003,95,95,2,94.5,0,-10.0290078284855,-701.590346764752,4.23591892762983,0.22843632182973,1.271602151422,
52.71,0.332000000000001,95,95,2,94.5,0,-9.79863127192689,-680.364715045072,4.07673390340062,0.229453459614643,1.1497139618029,
52.711,0.332999999999998,95,95,2,94.5,0,-9.5675296244796,-659.046474857304,3.92196383710274,0.230329399377761,1.0154357020366,
52.712,0.334000000000003,95,95,2,94.5,0,-9.33587916406852,-637.833783926016,3.77175238258013,0.231048764069823,0.8713266483397,
52.713,0.335000000000001,95,95,2,94.5,0,-9.10388428939945,-616.783594545635,3.62621998184204,0.23158914079934,0.7126408246153,
52.714,0.335999999999999,95,95,2,94.5,0,-8.87177752283194,-595.914157771725,3.48548230478499,0.231925117961205,0.5327532479849,
52.715,0.337000000000003,95,95,2,94.5,0,-8.63979483361773,-575.146382094687,3.34964941814957,0.232035975791988,0.329761232836,
52.716,0.338000000000001,95,95,2,94.5,0,-8.40815895308583,-554.20556314366,3.21885020201671,0.231915869815507,0.1091044879284,
52.717,0.338999999999999,95,95,2,94.5,0,-8.17711598334586,-533.143910201591,3.09323797628326,0.231562049899014,-0.1209310163054,
52.718,0.340000000000003,95,95,2,94.5,0,-7.94697199481797,-512.067382937259,2.97296342835457,0.230951148613925,-0.3608301450682,
52.719,0.341000000000001,95,95,2,94.5,0,-7.71805680448977,-490.954861442104,2.85815991436681,0.230045043431607,-0.6223380436789,
52.72,0.341999999999999,95,95,2,94.5,0,-7.49067676031264,-469.907919493219,2.74891940357819,0.228823285942786,-0.9122397051002,
52.721,0.343000000000004,95,95,2,94.5,0,-7.26510477228969,-448.723627031373,2.64531063147311,0.227298171176197,-1.2180689802005,
52.722,0.344000000000001,95,95,2,94.5,0,-7.04163030359191,-427.476807673699,2.54740641816386,0.22548514907165,-1.520479784646,
52.723,0.344999999999999,95,95,2,94.5,0,-6.82060081941015,-406.425187420896,2.45524795424691,0.223370229140524,-1.8172192511333,
52.724,0.346000000000004,95,95,2,94.5,0,-6.60242192381697,-385.804862885078,2.36882401553117,0.220907802959993,-2.1286024579738,
52.725,0.347000000000001,95,95,2,94.5,0,-6.38750030002425,-365.359238961617,2.28810331127934,0.218056890629619,-2.4747201506624,
52.726,0.347999999999999,95,95,2,94.5,0,-6.17624576685215,-344.956916615197,2.21307455735385,0.214798678146675,-2.8565565311921,
52.727,0.349000000000004,95,95,2,94.5,0,-5.96913839362191,-324.674683987282,2.14373173643747,0.211110512375729,-3.2650084235736,
52.728,0.350000000000001,95,95,2,94.5,0,-5.76670965420228,-304.850567141075,2.08001473492811,0.206947931069614,-3.7015044450961,
52.729,0.350999999999999,95,95,2,94.5,0,-5.56944975493009,-285.536655344488,2.02178487290857,0.202281677518578,-4.1713583190406,
52.73,0.352000000000004,95,95,2,94.5,0,-5.37773621685608,-266.989385091835,1.96882151186352,0.197146642956968,-4.6557861807319,
52.731,0.353000000000002,95,95,2,94.5,0,-5.19183045128428,-249.003248039795,1.92085850911766,0.191635114682801,-5.1073483722049,
52.732,0.353999999999999,95,95,2,94.5,0,-5.01192846812447,-231.532806276122,1.87763381454207,0.185846962598866,-5.4815673033303,
52.733,0.355000000000004,95,95,2,94.5,0,-4.838212148816,-214.734658073368,1.8388718438751,0.179847418728005,-5.7685824770824,
52.734,0.356000000000002,95,95,2,94.5,0,-4.67084510417816,-198.769931835063,1.80426832329653,0.173667236062683,-5.9903179731215,
52.735,0.356999999999999,95,95,2,94.5,0,-4.50996356673623,-183.773706649646,1.77349621894751,0.167326174880256,-6.1742545821152,
52.736,0.358000000000004,95,95,2,94.5,0,-4.35569035269446,-169.673980354297,1.74623246361264,0.160844692580655,-6.3349239624477,
52.737,0.359000000000002,95,95,2,94.5,0,-4.20812479542357,-156.625690997087,1.72215716719251,0.154243414030554,-6.4752948395988,
52.738,0.359999999999999,95,95,2,94.5,0,-4.06732345574854,-144.517793253613,1.70095646418406,0.147548589023396,-6.5934036120681,
52.739,0.361000000000004,95,95,2,94.5,0,-3.93326837126729,-133.710206203602,1.68230752519793,0.140806728395654,-6.6808717562161,
52.74,0.362000000000002,95,95,2,94.5,0,-3.80585061378524,-124.154264914588,1.66587926887584,0.134087762939624,-6.7208813900532,
52.741,0.363,95,95,2,94.5,0,-3.68490387743107,-115.500282463576,1.65138655119694,0.127467649243446,-6.696178479588,
52.742,0.364000000000004,95,95,2,94.5,0,-3.57026128467181,-107.585851839827,1.63859896477433,0.120996799614061,-6.6049900040957,
52.743,0.365000000000002,95,95,2,94.5,0,-3.46176962979741,-100.396183234085,1.62731680718969,0.114688554472275,-6.4668475031432,
52.744,0.366,95,95,2,94.5,0,-3.35925900339452,-93.9204592605159,1.61735704681837,0.108542627698405,-6.3083309776909,
52.745,0.367000000000004,95,95,2,94.5,0,-3.26251055884378,-88.0182051324755,1.60855590542653,0.102576280388698,-6.1407484449959,
52.746,0.368000000000002,95,95,2,94.5,0,-3.17127156555008,-82.6803122871813,1.60076872498348,0.096824263729273,-5.9559219538713,
52.747,0.369,95,95,2,94.5,0,-3.08530926954359,-77.8988098801045,1.59386684996738,0.091308819484649,-5.7453441300693,
52.748,0.369999999999997,95,95,2,94.5,0,-3.00441814633396,-73.6251797139765,1.58773837711166,0.086023953353595,-5.5172425349933,
52.749,0.371000000000002,95,95,2,94.5,0,-2.92838949496027,-69.6100612522229,1.58229338601174,0.080953733497906,-5.2896456825155,
52.75,0.372,95,95,2,94.5,0,-2.85702141208346,-65.9964965673531,1.57745439598318,0.076089222375408,-5.0729011183412,
52.751,0.372999999999998,95,95,2,94.5,0,-2.79012094309507,-62.9364699768112,1.57314155801825,0.071425969259348,-4.8658463405239,
52.752,0.374000000000002,95,95,2,94.5,0,-2.7274791769583,-60.2971919356005,1.56928177090342,0.06696314229943,-4.6635026711488,
52.753,0.375,95,95,2,94.5,0,-2.66884447871795,-57.9126927662863,1.56581617044415,0.06271725662333,-4.4578724216152,
52.754,0.375999999999998,95,95,2,94.75,0,-2.61394771961439,-55.8315763514085,1.56269407457356,0.058715436868239,-4.2377482849427,
52.755,0.377000000000002,95,95,2,94.75,0,-2.56255888871489,-53.8245136393216,1.55987652544073,0.054965762383379,-3.9993959503244,
52.756,0.378,95,95,2,94.75,0,-2.51449101319816,-52.0815718404406,1.55733118517406,0.051444922745887,-3.7566676117189,
52.757,0.378999999999998,95,95,2,94.75,0,-2.46956374822865,-50.6387972025655,1.5550237125552,0.048121978967395,-3.5301213340024,
52.758,0.380000000000003,95,95,2,94.75,0,-2.42759434042565,-49.4081363177251,1.55292425727902,0.044982090983723,-3.327395797746,
52.759,0.381,95,95,2,94.75,0,-2.38839277873542,-48.1280979425784,1.55101247092682,0.042026411119122,-3.1395422863967,
52.76,0.381999999999998,95,95,2,94.75,0,-2.35177879153329,-46.8841040387046,1.54927308315314,0.039255643177631,-2.9554687233893,
52.761,0.383000000000003,95,95,2,94.75,0,-2.31757289107182,-45.8479688634297,1.54768709112551,0.036667833526362,-2.7713540313574,
52.762,0.384,95,95,2,94.75,0,-2.28559307739612,-44.997456562023,1.54623448123633,0.034260500447937,-2.5885541664824,
52.763,0.384999999999998,95,95,2,94.75,0,-2.25567611997691,-44.3024523769207,1.54489869044968,0.032028782834484,-2.4087914107866,
52.764,0.386000000000003,95,95,2,94.75,0,-2.22768910104097,-43.5397444148561,1.5436694698372,0.029956832751176,-2.2364719939011,
52.765,0.387,95,95,2,94.75,0,-2.20151924356326,-42.823473040141,1.54253941329114,0.028020852043452,-2.0790895296763,
52.766,0.387999999999998,95,95,2,94.75,0,-2.17705991988802,-42.2156037034554,1.54149941413959,0.026201845774438,-1.9416791887862,
52.767,0.389000000000003,95,95,2,94.75,0,-2.15421432839873,-41.8008824818751,1.54053971097872,0.024488364160196,-1.8224412041954,
52.768,0.390000000000001,95,95,2,94.75,0,-2.13288627712883,-41.5620158629196,1.53965072689377,0.022874449079258,-1.7152690506824,
52.769,0.390999999999998,95,95,2,94.75,0,-2.11297423591048,-41.2774126542825,1.5388259758362,0.021358510320252,-1.6143921443496,
52.77,0.392000000000003,95,95,2,94.75,0,-2.09437668299496,-40.891395634247,1.53806190645614,0.019942497742966,-1.5153538010696,
52.771,0.393000000000001,95,95,2,94.75,0,-2.07699566219753,-40.5351016083576,1.53735426863511,0.018626939770945,-1.4158540502225,
52.772,0.393999999999998,95,95,2,94.75,0,-2.06071949699627,-40.3248954496514,1.53669622329997,0.017414523754007,-1.3147517670756,
52.773,0.395000000000003,95,95,2,94.75,0,-2.04543999460121,-40.1362842929429,1.53608151990568,0.01630862303825,-1.2114040131086,
52.774,0.396000000000001,95,95,2,94.75,0,-2.03106766145077,-40.0030564354751,1.53550562525399,0.015306350463531,-1.1067668637999,
52.775,0.396999999999998,95,95,2,94.75,0,-2.01753682219064,-40.013057182835,1.5349642826682,0.014392035756733,-1.0069736566541,
52.776,0.398000000000003,95,95,2,94.75,0,-2.00477788436655,-39.9557543837493,1.53445412412088,0.013551716996411,-0.9185032832315,
52.777,0.399000000000001,95,95,2,94.75,0,-1.9927379199276,-39.7343098841965,1.53397439135091,0.01277481623936,-0.8434921432835,
52.778,0.399999999999999,95,95,2,94.75,0,-1.98136891933674,-39.3815564143524,1.53352465718555,0.012054367300065,-0.7789906127055,
52.779,0.401000000000003,95,95,2,94.75,0,-1.970619218616,-39.1193578751007,1.53310272651808,0.011384499784251,-0.7222100575775,
52.78,0.402000000000001,95,95,2,94.75,0,-1.96047789784911,-39.0341605979982,1.53270643656813,0.010752976695621,-0.6735386147031,
52.781,0.402999999999999,95,95,2,94.75,0,-1.9509446486142,-39.0442215459914,1.53233426622973,0.010141413293451,-0.6370385108472,
52.782,0.404000000000003,95,95,2,94.75,0,-1.94198145357585,-38.9280740160023,1.53198482578338,0.009544654435536,-0.6131099448315,
52.783,0.405000000000001,95,95,2,94.75,0,-1.93352570541654,-38.6783647620893,1.53165671553245,0.008981977233606,-0.590975724396,
52.784,0.405999999999999,95,95,2,94.75,0,-1.92549308825249,-38.4351433274582,1.53134700388813,0.008481042924444,-0.5543788308951,
52.785,0.407000000000004,95,95,2,94.75,0,-1.91780225668157,-38.3595640125788,1.53105169630828,0.008057020784689,-0.4963835261703,
52.786,0.408000000000001,95,95,2,94.75,0,-1.91042433353385,-38.2506592077767,1.53076908413865,0.007699494721899,-0.4271469674876,
52.787,0.408999999999999,95,95,2,94.75,0,-1.90336267787191,-38.22519631569,1.53049906105957,0.007376915428946,-0.3669908549284,
52.788,0.410000000000004,95,95,2,94.75,0,-1.89661310688053,-38.2077786038898,1.53024111616443,0.007062910506506,-0.3304910127502,
52.789,0.411000000000001,95,95,2,94.75,0,-1.89015106036592,-38.102925902914,1.52999455450339,0.006756939049517,-0.3141671939586,
52.79,0.411999999999999,95,95,2,94.75,0,-1.88394340814477,-37.9930024133104,1.52975836597417,0.006471985569603,-0.3020761035018,
52.791,0.413000000000004,95,95,2,94.75,0,-1.8779778603064,-37.9162920521721,1.52953194571043,0.006211339194354,-0.283966741637,
52.792,0.414000000000001,95,95,2,94.75,0,-1.87225011023392,-37.8913363371474,1.52931484213593,0.005966839823437,-0.2630944053489,
52.793,0.414999999999999,95,95,2,94.75,0,-1.86674122124275,-37.8860922615964,1.52910611741484,0.005733431077854,-0.2460162846164,
52.794,0.416000000000004,95,95,2,94.75,0,-1.86143406798338,-37.8216875346176,1.5289052210197,0.005514026596023,-0.2325346540576,
52.795,0.417000000000002,95,95,2,94.75,0,-1.85630381659643,-37.7808335711699,1.52871129105031,0.005314603417184,-0.217611370059,
52.796,0.417999999999999,95,95,2,94.75,0,-1.8513176104538,-37.6738260676046,1.52852317480662,0.00514010837538,-0.1979391286261,
52.797,0.419000000000004,95,95,2,94.75,0,-1.84645581865703,-37.598125592876,1.52834019652806,0.004992095412168,-0.1740288593369,
52.798,0.420000000000002,95,95,2,94.75,0,-1.84171702871817,-37.5259541634557,1.5281621979114,0.004862215543155,-0.1505176585299,
52.799,0.420999999999999,95,95,2,94.75,0,-1.83711017301825,-37.329975591672,1.52798977267807,0.004736110224554,-0.1341874321491,
52.8,0.422000000000004,95,95,2,94.75,0,-1.83262913561424,-37.1540384117986,1.52782288985171,0.00460869048283,-0.1276320106615,
52.801,0.423000000000002,95,95,2,94.75,0,-1.82824867772989,-37.1375525514346,1.52766017425901,0.004488609036884,-0.1248239260537,
52.802,0.423999999999999,95,95,2,94.75,0,-1.82394596997981,-37.1948093628044,1.52750025904416,0.004387306699964,-0.1166492019716,
52.803,0.425000000000004,95,95,2,94.75,0,-1.81970719310244,-37.1537508054604,1.52734268556532,0.004306853528548,-0.1006813199766,
52.804,0.426000000000002,95,95,2,94.75,0,-1.81552627248385,-36.9466782591407,1.52718778155946,0.004240599261549,-0.0824482497421,
52.805,0.427,95,95,2,94.75,0,-1.81141323867415,-36.7850483379454,1.52703615101728,0.004177911453557,-0.069444000622,
52.806,0.428000000000004,95,95,2,94.75,0,-1.80738105913489,-36.6398410376888,1.52688811984899,0.004109143571235,-0.0655817679931,
52.807,0.429000000000002,95,95,2,94.75,0,-1.80343870715027,-36.6475211169875,1.52674365756016,0.004029487554,-0.0702103004969,
52.808,0.43,95,95,2,94.75,0,-1.79958278269238,-36.6201565690808,1.52660240024497,0.003943371992993,-0.0783274398927,
52.809,0.431000000000004,95,95,2,94.75,0,-1.79580273848315,-36.5382689914844,1.52646412920353,0.003859088641311,-0.0836280350779,
52.81,0.432000000000002,95,95,2,94.75,0,-1.79207018295769,-36.5823958567358,1.52632766573274,0.003788561678697,-0.0807060977591,
52.811,0.433,95,95,2,94.75,0,-1.78836335412662,-36.6026335647208,1.52619202354421,0.003739084122274,-0.0683390574771,
52.812,0.433999999999998,95,95,2,94.75,0,-1.7846853646727,-36.5145696473097,1.52605756139306,0.003705895026242,-0.050905840163,
52.813,0.435000000000002,95,95,2,94.75,0,-1.7810485605376,-36.3699860116928,1.52592502796637,0.003674285671419,-0.0376017117866,
52.814,0.436,95,95,2,94.75,0,-1.77746253684373,-36.2002443943634,1.52579490868351,0.003633925598377,-0.0347084926514,
52.815,0.436999999999998,95,95,2,94.75,0,-1.77392567973246,-35.9968918254492,1.52566723320618,0.003586507851459,-0.0398521597391,
52.816,0.438000000000002,95,95,2,94.75,0,-1.77043847007933,-35.892937120646,1.52554188575346,0.003536712848608,-0.0460136215351,
52.817,0.439,95,95,2,94.75,0,-1.76699162669799,-35.779521532105,1.5254183638836,0.003489994009035,-0.0481589770877,
52.818,0.439999999999998,95,95,2,94.75,0,-1.76357082894033,-35.7643656492275,1.52529599529919,0.003451139575773,-0.0452823666631,
52.819,0.441000000000003,95,95,2,94.75,0,-1.76016483388695,-35.7157957422058,1.52517426476112,0.00342417063348,-0.0376481078646,
52.82,0.442,95,95,2,94.75,0,-1.75677358784507,-35.7367978379749,1.52505310809855,0.003406011161214,-0.0278917485756,
52.821,0.442999999999998,95,95,2,94.75,0,-1.75341313740593,-35.750646359941,1.52493299309191,0.003386432064508,-0.0212282006061,
52.822,0.444000000000003,95,95,2,94.75,0,-1.75009488995612,-35.7245888371486,1.52481440683346,0.003357028223163,-0.0221006327657,
52.823,0.445,95,95,2,94.75,0,-1.74681711069371,-35.8636980634644,1.52469708153234,0.003318767890389,-0.029113365382,
52.824,0.445999999999998,95,95,2,94.75,0,-1.74356269745273,-35.9776050759677,1.52458018088825,0.003282909912201,-0.0348826789695,
52.825,0.447000000000003,95,95,2,94.75,0,-1.74031874564927,-36.0005312849509,1.52446343408562,0.003258284616153,-0.0332088799218,
52.826,0.448,95,95,2,94.75,0,-1.73707886202959,-35.9652604713051,1.52434685369067,0.003245869779582,-0.0243319628469,
52.827,0.448999999999998,95,95,2,94.75,0,-1.73382710538648,-35.8098986662114,1.52423015601539,0.003244665981843,-0.0127146627645,
52.828,0.450000000000003,95,95,2,94.75,0,-1.73056494038451,-35.5290844951541,1.52411379624832,0.003251317243739,-0.0022105914981,
52.829,0.451000000000001,95,95,2,94.75,0,-1.72730783958103,-35.4045094198599,1.52399827731546,0.003257523234765,0.0041611627445,
52.83,0.451999999999998,95,95,2,94.75,0,-1.72407687189179,-35.3739187700466,1.52388393590817,0.003250780128755,0.0024548431762,
52.831,0.453000000000003,95,95,2,94.75,0,-1.72089251350118,-35.3446907037361,1.52377133920945,0.003224824833923,-0.0086220335458,
52.832,0.454000000000001,95,95,2,94.75,0,-1.71775004078348,-35.1375844933928,1.523660594896,0.003185775478326,-0.0241198564149,
52.833,0.454999999999998,95,95,2,94.75,0,-1.7146351742147,-35.0061184520965,1.52355135075834,0.003146756574897,-0.0351120017171,
52.834,0.456000000000003,95,95,2,94.75,0,-1.71153016410535,-35.0345033007071,1.52344261233904,0.003120191475627,-0.0352918978317,
52.835,0.457000000000001,95,95,2,94.75,0,-1.70841449464864,-35.0679021994417,1.52333340437721,0.003111164851387,-0.0250396980087,
52.836,0.457999999999998,95,95,2,94.75,0,-1.70529326009726,-35.1092806976552,1.52322388465322,0.003114141180903,-0.0106872806222,
52.837,0.459000000000003,95,95,2,94.75,0,-1.70218298973328,-35.0188197595265,1.52311482597696,0.003116275766759,-0.0008770797088,
52.838,0.460000000000001,95,95,2,94.75,0,-1.69908938935985,-34.8178512416909,1.52300680260123,0.003108558623035,-0.00056840992,
52.839,0.460999999999999,95,95,2,94.75,0,-1.69601347547859,-34.6188855817178,1.5229000118899,0.003093295422944,-0.0070254417601,
52.84,0.462000000000003,95,95,2,94.75,0,-1.6929456265738,-34.618603281278,1.5227938068127,0.00307880033597,-0.0127689492458,
52.841,0.463000000000001,95,95,2,94.75,0,-1.68987451201425,-34.7386864118592,1.52268730472161,0.003071248094159,-0.0126426673602,
52.842,0.463999999999999,95,95,2,94.75,0,-1.68679355775758,-34.6389149366526,1.52258043011352,0.003073086772258,-0.0068178193869,
52.843,0.465000000000003,95,95,2,94.75,0,-1.68371064223095,-34.4514535492834,1.52247393022864,0.003078590728522,0.0001209855755,
52.844,0.466000000000001,95,95,2,94.75,0,-1.68064344277129,-34.2014040385587,1.5223686442248,0.003077612325551,0.002459665044,
52.845,0.466999999999999,95,95,2,94.75,0,-1.67759325718587,-34.1026112224214,1.52226447426341,0.003066810117479,-0.0019808367308,
52.846,0.468000000000004,95,95,2,94.75,0,-1.67455136257612,-34.0602431053774,1.52216080215382,0.003052802454991,-0.0088167028665,
52.847,0.469000000000001,95,95,2,94.75,0,-1.67151105886922,-33.9610570070977,1.52205739944839,0.003043904631596,-0.0115130744353,
52.848,0.469999999999999,95,95,2,94.75,0,-1.66847249706514,-33.7643014929787,1.52195450560464,0.003040258406909,-0.0088552955105,
52.849,0.471000000000004,95,95,2,94.75,0,-1.66545732873723,-33.6150576270621,1.52185292554987,0.003032066332075,-0.0065854593435,
52.85,0.472000000000001,95,95,2,94.75,0,-1.6624826694837,-33.720065518088,1.52175277602629,0.003010033648447,-0.0109805024281,
52.851,0.472999999999999,95,95,2,94.75,0,-1.65953672441947,-33.8010101345443,1.52165331933651,0.002978197719054,-0.0208214747193,
52.852,0.474000000000004,95,95,2,94.75,0,-1.6566071055311,-33.6691817359443,1.52155448836226,0.002949661468262,-0.0279050520832,
52.853,0.475000000000001,95,95,2,94.75,0,-1.65369158267924,-33.3301017763405,1.52145681939118,0.002930287930175,-0.0267773405608,
52.854,0.475999999999999,95,95,2,94.75,0,-1.65080734393525,-33.0746407378209,1.52136105582559,0.002910366430452,-0.0222867403893,
52.855,0.477000000000004,95,95,2,94.75,0,-1.64797930228058,-33.0996386193158,1.52126748401636,0.002876764849555,-0.0238611355844,
52.856,0.478000000000002,95,95,2,94.75,0,-1.64520090596641,-33.2032804625223,1.52117537612335,0.002830007179316,-0.0334443833474,
52.857,0.478999999999999,95,95,2,94.75,0,-1.64243968085644,-33.171535606791,1.52108373821895,0.00278813855506,-0.0413441296415,
52.858,0.480000000000004,95,95,2,94.75,0,-1.63967839853455,-32.9702843320041,1.52099242009987,0.002766393634803,-0.0372982268512,
52.859,0.481000000000002,95,95,2,94.75,0,-1.63692261134742,-32.8153063550766,1.52090177455591,0.002759616617885,-0.023291660455,
52.86,0.481999999999999,95,95,2,94.75,0,-1.63419059899103,-32.7664668990211,1.52081218944846,0.002750303278337,-0.0120282847087,
52.861,0.483000000000004,95,95,2,94.75,0,-1.63150122121183,-32.817296987367,1.52072399968984,0.002726354432458,-0.0129430946583,
52.862,0.484000000000002,95,95,2,94.75,0,-1.62886236917453,-32.8343728105123,1.52063737716853,0.002687010429787,-0.0241767410173,
52.863,0.484999999999999,95,95,2,94.75,0,-1.62626790390298,-32.7639761753564,1.52055228084936,0.002640693730145,-0.0368172647247,
52.864,0.486000000000004,95,95,2,94.75,0,-1.62370407024865,-32.549107348494,1.52046855490855,0.002598591816109,-0.0429604548689,
52.865,0.487000000000002,95,95,2,94.75,0,-1.62115960921804,-32.4122385917414,1.52038590910192,0.00256721135238,-0.0401499146257,
52.866,0.488,95,95,2,94.75,0,-1.61862139075554,-32.3790772035578,1.52030368184495,0.002548400047293,-0.0308261512285,
52.867,0.489000000000004,95,95,2,94.75,0,-1.61608358666955,-32.4128752213907,1.52022146720415,0.002539966919983,-0.0194685993465,
52.868,0.490000000000002,95,95,2,94.75,0,-1.6135358376744,-32.3881034856534,1.52013891888996,0.002540911871692,-0.0087331569374,
52.869,0.491,95,95,2,94.75,0,-1.61096318616027,-32.2692807728244,1.52005574843119,0.002552236278095,0.0012453644115,
52.87,0.492000000000004,95,95,2,94.75,0,-1.60837052627396,-32.1127342453122,1.51997228809734,0.002571183270087,0.0104973456715,
52.871,0.493000000000002,95,95,2,94.75,0,-1.60578343582027,-31.984760621186,1.51988937508881,0.00258498654487,0.0151171011526,
52.872,0.494,95,95,2,94.75,0,-1.60321402371105,-32.014051164816,1.51980715542783,0.002583457780138,0.0107467780912,
52.873,0.494999999999997,95,95,2,94.75,0,-1.60067102721586,-32.107246173571,1.51972562531063,0.002566790928353,-0.0014705789934,
52.874,0.496000000000002,95,95,2,94.75,0,-1.59816216840159,-32.2376800472765,1.51964490914298,0.002540679875122,-0.0149586861029,
52.875,0.497,95,95,2,94.75,0,-1.5956728751992,-32.3043543610718,1.51956457711921,0.002513230434979,-0.0236793088708,
52.876,0.497999999999998,95,95,2,94.75,0,-1.59319058374988,-32.1827656804319,1.51948453920588,0.002493062360033,-0.0248635145103,
52.877,0.499000000000002,95,95,2,94.75,0,-1.59071961566698,-32.052978649986,1.51940517696886,0.002480994965315,-0.0199222804367,
52.878,0.5,95,95,2,94.75,0,-1.58826791693088,-32.0185397938911,1.51932663493847,0.002468584288786,-0.0146005833297,
52.879,0.500999999999998,95,95,2,95,0,-1.58584736732173,-31.9927708294711,1.51924916366201,0.002448134802055,-0.0147193350463,
52.88,0.00100000000000477,96,96,2,95,0,-1.58346637621007,-31.9853019348488,-7.616561128998E-05,0.002418026797988,-0.0209353988712,
52.881,0.00200000000000244,96,96,2,95,0,-1.58112506498824,-31.8946452665138,-0.000150947029908366,0.002380954693958,-0.0292996788551,
52.882,0.00300000000000011,96,96,2,95,0,-1.57883330679362,-31.7303902050714,-0.000223853628114057,0.002338349280616,-0.0366428668347,
52.883,0.00400000000000489,96,96,2,95,0,-1.57658895917403,-31.6316157465795,-0.000294956811728753,0.002292400930274,-0.0419483016484,
52.884,0.00500000000000256,96,96,2,95,0,-1.57437453524099,-31.5231494455421,-0.000364882523484766,0.002249593686134,-0.0440031373814,
52.885,0.00600000000000023,96,96,2,95,0,-1.57216944034562,-31.4782445059183,-0.000434344549574917,0.002220602327704,-0.0396048102876,
52.886,0.007000000000005,96,96,2,95,0,-1.56995207396042,-31.6415193827892,-0.000504324370922404,0.00221157505362,-0.0271468988392,
52.887,0.00800000000000267,96,96,2,95,0,-1.56771489044533,-31.6882503240106,-0.000575164529323047,0.002219630077218,-0.0098918100832,
52.888,0.00900000000000034,96,96,2,95,0,-1.56546730229293,-31.5184209109821,-0.000646195812038286,0.002234359767316,0.0049327342434,
52.889,0.0100000000000051,96,96,2,95,0,-1.56321963530321,-31.2579463427143,-0.000716745996243162,0.002244490412403,0.0113475766447,
52.89,0.0110000000000028,96,96,2,95,0,-1.56098106513941,-31.0915623352656,-0.000786532871160261,0.002244914290748,0.0085983285677,
52.891,0.0120000000000005,96,96,2,95,0,-1.55874509456697,-31.0919657910331,-0.000856053140637414,0.002240519334168,0.0018902578901,
52.892,0.0130000000000052,96,96,2,95,0,-1.55650674458572,-31.0918768383288,-0.000925647742121782,0.002237464272491,-0.0025473376316,
52.893,0.0140000000000029,96,96,2,95,0,-1.55427152837682,-31.0578967152084,-0.000995106832732517,0.002236696026902,-0.0027709853215,
52.894,0.0150000000000006,96,96,2,95,0,-1.55204109771351,-30.9327547517485,-0.00106423975768166,0.002234720676928,-0.0018164217309,
52.895,0.0160000000000053,96,96,2,95,0,-1.54981179708929,-30.8806330074066,-0.0011331400696406,0.00223152731526,-0.0019786221667,
52.896,0.017000000000003,96,96,2,95,0,-1.54758030687934,-30.8472413352099,-0.00120201264329012,0.002230296511666,-0.0022391907376,
52.897,0.0180000000000007,96,96,2,95,0,-1.5453494534371,-30.8163149132326,-0.00127079382164652,0.002230642303918,-0.0013465922624,
52.898,0.0190000000000055,96,96,2,95,0,-1.54313084406751,-30.7429415567417,-0.00133908179324749,0.002227371250758,-0.0012122401254,
52.899,0.0200000000000031,96,96,2,95,0,-1.54092558921596,-30.5575625594189,-0.00140667341028688,0.002218276235973,-0.0039331880239,
52.9,0.0210000000000008,96,96,2,95,0,-1.53871987878478,-30.4549406911609,-0.00147396136770794,0.002209397880851,-0.0072828283986,
52.901,0.0220000000000056,96,96,2,95,0,-1.53650314909489,-30.4563380906797,-0.00154147328777299,0.002208879534904,-0.0064353502684,
52.902,0.0230000000000032,96,96,2,95,0,-1.5342797078951,-30.3348211801442,-0.00160905607182826,0.002215437365247,-0.0009034958125,
52.903,0.0240000000000009,96,96,2,95,0,-1.53205552410764,-30.1748897282102,-0.0016763484308342,0.002221650523121,0.0043315757153,
52.904,0.0250000000000057,96,96,2,95,0,-1.52984289798258,-30.1576017422372,-0.00174309505425185,0.002220493712439,0.0041055690479,
52.905,0.0260000000000034,96,96,2,95,0,-1.52766512887173,-30.2517765586749,-0.00180887389328177,0.002205636319517,-0.0030559947872,
52.906,0.027000000000001,96,96,2,95,0,-1.52553134326531,-30.176819065731,-0.00187334472707334,0.002175031163784,-0.0154715470933,
52.907,0.0280000000000058,96,96,2,95,0,-1.52343232695591,-30.0056615955512,-0.00193650673128332,0.002136549868643,-0.0282436687121,
52.908,0.0290000000000035,96,96,2,95,0,-1.52136113382786,-29.894299793001,-0.00199853892547708,0.002101100144101,-0.0352089821389,
52.909,0.0300000000000011,96,96,2,95,0,-1.5193106079019,-29.8433739912808,-0.00205978574990695,0.002073339921828,-0.034052345041,
52.91,0.0310000000000059,96,96,2,95,0,-1.51726896061344,-29.90465858884,-0.0021207779542749,0.002054062495337,-0.0275222342191,
52.911,0.0320000000000036,96,96,2,95,0,-1.51522666641594,-29.9286612790849,-0.00218187657526414,0.002044504952422,-0.0189063001528,
52.912,0.0330000000000013,96,96,2,95,0,-1.51319251419752,-29.784358822316,-0.00224260926142961,0.002039657531064,-0.0110604715207,
52.913,0.034000000000006,96,96,2,95,0,-1.5111893388298,-29.5980484653466,-0.00230208594919645,0.002027301756934,-0.0085129636567,
52.914,0.0350000000000037,96,96,2,95,0,-1.50922888120946,-29.3749336538256,-0.00235989296530192,0.001999653098716,-0.0146911335248,
52.915,0.0360000000000014,96,96,2,95,0,-1.5073137722581,-29.2060329296116,-0.00241598743204463,0.00195966834386,-0.026761621983,
52.916,0.0370000000000061,96,96,2,95,0,-1.50543827260748,-29.1051082243547,-0.00247066869448531,0.001916830761832,-0.0371397740162,
52.917,0.0380000000000038,96,96,2,95,0,-1.50360131646727,-29.097637480745,-0.00252412664002577,0.001875819387719,-0.0414338715019,
52.918,0.0390000000000015,96,96,2,95,0,-1.50180270153427,-29.1697557677994,-0.00257652694182298,0.00183701683117,-0.0408965912183,
52.919,0.0400000000000063,96,96,2,95,0,-1.50003081546314,-29.2186555878244,-0.00262825574822045,0.001802098636602,-0.0382998932239,
52.92,0.0410000000000039,96,96,2,95,0,-1.49827350132726,-29.2292954220125,-0.0026796114534875,0.001775533149116,-0.0335776910377,
52.921,0.0420000000000016,96,96,2,95,0,-1.49652228713512,-29.3685642505403,-0.00273092015524412,0.001759855733333,-0.0258048780997,
52.922,0.0430000000000064,96,96,2,95,0,-1.49478964703374,-29.4647199977556,-0.00278188860903583,0.001747471948034,-0.0179557481487,
52.923,0.044000000000004,96,96,2,95,0,-1.49308313378724,-29.4647198658113,-0.00283217054391116,0.001730374272144,-0.0147860416215,
52.924,0.0450000000000017,96,96,2,95,0,-1.4913945183532,-29.4284707069072,-0.00288189451919152,0.001708981959226,-0.0169718998211,
52.925,0.0460000000000065,96,96,2,95,0,-1.48970267053056,-29.2822115954642,-0.00293155928920896,0.001694954494358,-0.0178944673946,
52.926,0.0470000000000042,96,96,2,95,0,-1.48800105204357,-29.1960434709731,-0.00298131312916894,0.001693809305365,-0.0123722365205,
52.927,0.0480000000000018,96,96,2,95,0,-1.48629799307986,-29.1911729553481,-0.00303103156531392,0.001699119430701,-0.0030732774568,
52.928,0.0490000000000066,96,96,2,95,0,-1.48458974592302,-29.3271429256965,-0.00308101343867406,0.001704183278633,0.0032996478161,
52.929,0.0500000000000043,96,96,2,95,0,-1.4828705213532,-29.40531909698,-0.00313150058454426,0.001709983922795,0.0053587700222,
52.93,0.0510000000000019,96,96,2,95,0,-1.48114080252143,-29.3327764868815,-0.00318230077957082,0.001719079624511,0.0065681225592,
52.931,0.0520000000000067,96,96,2,95,0,-1.47940676176392,-29.1413767053574,-0.00323299906202124,0.001727867130907,0.0080147258538,
52.932,0.0530000000000044,96,96,2,95,0,-1.47767640660679,-28.8918333100948,-0.00328320809413185,0.001731638499674,0.0073751237033,
52.933,0.054000000000002,96,96,2,95,0,-1.47595383474227,-28.6581290770834,-0.00333277506715035,0.001729125849461,0.0033910043617,
52.934,0.0550000000000068,96,96,2,95,0,-1.47424890047949,-28.5768227826196,-0.00338156598238015,0.001719615571781,-0.0027267327591,
52.935,0.0560000000000045,96,96,2,95,0,-1.47257603186131,-28.6776151586123,-0.00342945555863139,0.001700605849922,-0.0102608226936,
52.936,0.0570000000000022,96,96,2,95,0,-1.47093799669483,-28.781996842213,-0.00347651599119558,0.00167203827605,-0.0190272442092,
52.937,0.0579999999999998,96,96,2,95,0,-1.46932002545551,-28.7824592666377,-0.0035230848083927,0.001642466023842,-0.0260016217689,
52.938,0.0590000000000046,96,96,2,95,0,-1.46770970636055,-28.7292291647241,-0.003569390893432,0.00162169477416,-0.0266305479494,
52.939,0.0600000000000023,96,96,2,95,0,-1.46610296517906,-28.7183990167435,-0.00361554262840968,0.001611541364227,-0.0202261985151,
52.94,0.0609999999999999,96,96,2,95,0,-1.46449005860929,-28.6278688665925,-0.00366178971452769,0.001609664172015,-0.0108558965414,
52.941,0.0620000000000047,96,96,2,95,0,-1.46286612500475,-28.5171694038083,-0.00370818958850805,0.001614365063717,-0.0023866323541,
52.942,0.0630000000000024,96,96,2,95,0,-1.4612361528167,-28.3853168200249,-0.00375456432348642,0.001622437069162,0.0037388006507,
52.943,0.0640000000000001,96,96,2,95,0,-1.45960989258515,-28.3391467160093,-0.00380068869307593,0.001627047026047,0.0060220567541,
52.944,0.0650000000000048,96,96,2,95,0,-1.45799244490959,-28.2386215698218,-0.00384644448297422,0.001624730051703,0.0035704920843,
52.945,0.0660000000000025,96,96,2,95,0,-1.45638920898836,-28.1148921113642,-0.00389161847169817,0.001615827916058,-0.0022144433656,
52.946,0.0670000000000002,96,96,2,95,0,-1.45481801551239,-28.013593051679,-0.00393571282654648,0.001597886713951,-0.0096383071933,
52.947,0.0680000000000049,96,96,2,95,0,-1.4532898738988,-27.9880522775855,-0.00397850204888073,0.001567890650834,-0.0188459404714,
52.948,0.0690000000000026,96,96,2,95,0,-1.45179437675692,-28.1248064306434,-0.00402046035878811,0.001531263830791,-0.0283688318918,
52.949,0.0700000000000003,96,96,2,95,0,-1.45031153071788,-28.2304804155198,-0.00406224346573936,0.001501495152541,-0.0325801504273,
52.95,0.0710000000000051,96,96,2,95,0,-1.44882797964873,-28.1259567202294,-0.00410404729203151,0.001486852878925,-0.0272881993977,
52.951,0.0720000000000027,96,96,2,95,0,-1.4473454633631,-27.8956044742293,-0.00414557373042612,0.001483029125061,-0.0159346390806,
52.952,0.0730000000000004,96,96,2,95,0,-1.44588341154395,-27.792379970704,-0.00418628308989355,0.001476687380742,-0.0078247069261,
52.953,0.0740000000000052,96,96,2,95,0,-1.44445705960349,-27.7108626805998,-0.00422586666883262,0.001457481195484,-0.0094456794642,
52.954,0.0750000000000028,96,96,2,95,0,-1.44306300147251,-27.6976951239253,-0.00426448804410029,0.001427373761222,-0.0186172276775,
52.955,0.0760000000000005,96,96,2,95,0,-1.44168259731159,-27.7405706665629,-0.0043027516504992,0.001399650082807,-0.0261219328067,
52.956,0.0770000000000053,96,96,2,95,0,-1.44030125698381,-27.7269136546753,-0.00434106138698098,0.001384781201999,-0.024582365887,
52.957,0.078000000000003,96,96,2,95,0,-1.43891837432284,-27.6438986833553,-0.00437934705513499,0.001381522177679,-0.0152423631437,
52.958,0.0790000000000006,96,96,2,95,0,-1.43753725764213,-27.6363128226945,-0.00441752126624806,0.001381890166935,-0.0056538771936,
52.959,0.0800000000000054,96,96,2,95,0,-1.43615221745776,-27.6734405311556,-0.00445582438175052,0.001382823525886,-0.0005505039083,
52.96,0.0810000000000031,96,96,2,95,0,-1.4347615392926,-27.740213268876,-0.00449435566093825,0.001385554527509,0.0013030408441,
52.961,0.0820000000000007,96,96,2,95,0,-1.43337057289287,-27.6831737750309,-0.00453290169551224,0.001389073241294,0.00242802247,
52.962,0.0830000000000055,96,96,2,95,0,-1.43198405575942,-27.441185482295,-0.00457111712981373,0.001389545149475,0.0023683584552,
52.963,0.0840000000000032,96,96,2,95,0,-1.43061658956529,-27.2680965001839,-0.00460852367660891,0.001382136631538,-0.0009781779732,
52.964,0.0850000000000009,96,96,2,95,0,-1.42927991128473,-27.2224702019025,-0.00464494185510489,0.001363945101855,-0.0082792936254,
52.965,0.0860000000000056,96,96,2,95,0,-1.42797622055851,-27.2432778786517,-0.00468044510043342,0.001336018388332,-0.0178771813112,
52.966,0.0870000000000033,96,96,2,95,0,-1.42669485716073,-27.1535937960894,-0.00471529618059208,0.001306888793991,-0.0253670226164,
52.967,0.088000000000001,96,96,2,95,0,-1.42542945534438,-27.0706861883277,-0.00474960393177071,0.001283273121882,-0.027114553426,
52.968,0.0890000000000057,96,96,2,95,0,-1.42419079111428,-27.0706972680221,-0.00478313542930664,0.001262169014901,-0.0245163792402,
52.969,0.0900000000000034,96,96,2,95,0,-1.42299178960819,-27.3300837989141,-0.00481574873850832,0.001234786688772,-0.0237410422638,
52.97,0.0910000000000011,96,96,2,95,0,-1.42182273835571,-27.6564097301725,-0.00484788975307993,0.00120191524721,-0.0271455950145,
52.971,0.0920000000000059,96,96,2,95,0,-1.42065644683085,-27.8573476329329,-0.0048802623654467,0.001177208410277,-0.0287753255434,
52.972,0.0930000000000035,96,96,2,95,0,-1.41947115903425,-27.7434090130997,-0.00491321381460352,0.001172818324668,-0.0210611929245,
52.973,0.0940000000000012,96,96,2,95,0,-1.41827200096262,-27.5357888640655,-0.00494635806276733,0.001183749997587,-0.0058885834478,
52.974,0.095000000000006,96,96,2,95,0,-1.41708296161874,-27.3592579551375,-0.00497899424800607,0.001191961370796,0.0055190554476,
52.975,0.0960000000000036,96,96,2,95,0,-1.41590740495949,-27.3358349227705,-0.00501114283832749,0.001188030156816,0.0053846869653,
52.976,0.0970000000000013,96,96,2,95,0,-1.41473520602328,-27.4745611672363,-0.00504326718231596,0.001178594147727,-0.001939876356,
52.977,0.0980000000000061,96,96,2,95,0,-1.41356102585812,-27.5511279423635,-0.00507557221868638,0.001173800621807,-0.0063918256056,
52.978,0.0990000000000038,96,96,2,95,0,-1.4123827217684,-27.4931475751728,-0.00510800166617287,0.001174822973843,-0.0044415074839,
52.979,0.100000000000001,96,96,2,95,0,-1.41120317082564,-27.3113423505634,-0.00514032401005693,0.001177440968264,-0.0002437186353,
52.98,0.101000000000006,96,96,2,95,0,-1.41002690914707,-27.1859246415192,-0.00517237553341943,0.001178190107591,0.0015786451773,
52.981,0.102000000000004,96,96,2,95,0,-1.40884705694584,-27.1932096145967,-0.00520445520405133,0.001178325614625,0.0011257061673,
52.982,0.103000000000002,96,96,2,95,0,-1.40765048032739,-27.2253158275618,-0.00523701317163727,0.001183792369598,0.0019189711036,
52.983,0.104000000000006,96,96,2,95,0,-1.40642625865884,-27.2118920669987,-0.00527033477638383,0.001199852808314,0.0070454857142,
52.984,0.105000000000004,96,96,2,95,0,-1.40517822506549,-27.1331444553655,-0.00530424699198306,0.00122307173096,0.0150298787721,
52.985,0.106000000000002,96,96,2,95,0,-1.40392032805533,-27.0710315302648,-0.00533833862743904,0.001243849040953,0.0203388936711,
52.986,0.107000000000006,96,96,2,95,0,-1.40266275534531,-27.1276037276384,-0.00537241798974719,0.001254840695075,0.0185740970276,
52.987,0.108000000000004,96,96,2,95,0,-1.40141297720472,-27.166846914118,-0.00540634599852297,0.001255331629233,0.0107771348941,
52.988,0.109000000000002,96,96,2,95,0,-1.40017747002418,-27.1307386609175,-0.00543988852695065,0.001247835223404,0.0012449481511,
52.989,0.110000000000007,96,96,2,95,0,-1.39895914368433,-27.0855097391849,-0.00547291506867964,0.001234634216348,-0.006811584201,
52.99,0.111000000000004,96,96,2,95,0,-1.39777135655811,-27.0551677949383,-0.00550506886855828,0.001214318827968,-0.0136239410851,
52.991,0.112000000000002,96,96,2,95,0,-1.39662501866177,-26.976977057703,-0.00553603841618155,0.001184514121345,-0.0210278694557,
52.992,0.113000000000007,96,96,2,95,0,-1.39550668066898,-26.9092860395947,-0.0055661699438474,0.001150372694239,-0.028258927295,
52.993,0.114000000000004,96,96,2,95,0,-1.39439161888712,-26.9208530291839,-0.00559618190925448,0.001125755100576,-0.0299832609282,
52.994,0.115000000000002,96,96,2,95,0,-1.39327445280878,-26.8452992530919,-0.0056262147699897,0.001116675934083,-0.0228132155449,
52.995,0.116000000000007,96,96,2,95,0,-1.39216395786193,-26.8027000332707,-0.00565600268603816,0.001114533449949,-0.0116596899363,
52.996,0.117000000000004,96,96,2,95,0,-1.39107046822367,-26.7349620088986,-0.00568527412539765,0.00110739469372,-0.0057223704702,
52.997,0.118000000000002,96,96,2,95,0,-1.38999356586545,-26.7752524737627,-0.00571408676347573,0.001093615046825,-0.0076321418003,
52.998,0.119,96,96,2,95,0,-1.38892698098365,-26.7789894552098,-0.00574264683586989,0.001078783299306,-0.0121030098824,
52.999,0.120000000000005,96,96,2,95,0,-1.38787100682295,-26.7691009068157,-0.00577091953576314,0.001066496908396,-0.0137525103491,
53,0.121000000000002,96,96,2,95,0,-1.38681758512033,-26.6440282291536,-0.00579905281048809,0.001058391639606,-0.0117956612567,
53.001,0.122,96,96,2,95,0,-1.38575499432928,-26.4905309538413,-0.00582728295711377,0.001056938166573,-0.0073640666989,
53.002,0.123000000000005,96,96,2,95,0,-1.38468084346069,-26.5271177933655,-0.00585575743383515,0.001063308087783,-0.0011019934872,
53.003,0.124000000000002,96,96,2,95,0,-1.38359788513541,-26.6072102809973,-0.00588452856530353,0.001073325082335,0.0051170249397,
53.004,0.125,96,96,2,95,0,-1.3825092570374,-26.6624205011883,-0.00591352397373157,0.001082017020092,0.0085253555109,
53.005,0.126000000000005,96,96,2,95.25,0,-1.3814176567132,-26.6334462006534,-0.00594261286641995,0.001087818834048,0.0082224176552,
53.006,0.127000000000002,96,96,2,95.25,0,-1.38032401586911,-26.526831853581,-0.00597168199209364,0.00109132081231,0.0059789003881,
53.007,0.128,96,96,2,95.25,0,-1.37923679892926,-26.3652331292039,-0.0060004345666016,0.001091101516851,0.0030755468539,
53.008,0.129000000000005,96,96,2,95.25,0,-1.37816594890049,-26.3346802552681,-0.00602865141848952,0.001084234037798,-0.0010973684209,
53.009,0.130000000000003,96,96,2,95.25,0,-1.37709836961899,-26.3697807094755,-0.00605678451375979,0.001074778877913,-0.0056493282244,
53.01,0.131,96,96,2,95.25,0,-1.37602088151459,-26.4009997477247,-0.00608521445786891,0.001071533152551,-0.0068160252785,
53.011,0.132000000000005,96,96,2,95.25,0,-1.3749374336563,-26.3106064476533,-0.00611376959628274,0.001076303383697,-0.0027037687665,
53.012,0.133000000000003,96,96,2,95.25,0,-1.37387266293606,-26.1827421595644,-0.006141716286578,0.001076056790708,0.0008603969531,
53.013,0.134,96,96,2,95.25,0,-1.3728527604654,-26.0639607782102,-0.00616835955727879,0.001056913386781,-0.0044105890299,
53.014,0.135000000000005,96,96,2,95.25,0,-1.37187414102579,-26.0618394550518,-0.0061938652179947,0.001020978036219,-0.0185119446361,
53.015,0.136000000000003,96,96,2,95.25,0,-1.37092021966606,-26.1966144097112,-0.00621879044567208,0.000983594924961,-0.0313320947803,
53.016,0.137,96,96,2,95.25,0,-1.36997531147006,-26.2068373145823,-0.00624354867119337,0.000958626834575,-0.0332242767876,
53.017,0.138000000000005,96,96,2,95.25,0,-1.36903187725319,-26.1782869810275,-0.00626825963055921,0.00094716995138,-0.0246392344903,
53.018,0.139000000000003,96,96,2,95.25,0,-1.36808606155316,-26.3012976811719,-0.00629307763810516,0.000944590855557,-0.0128469091407,
53.019,0.140000000000001,96,96,2,95.25,0,-1.36713118234361,-26.4482967352212,-0.00631826238361555,0.000947820307938,-0.0034998675734,
53.02,0.141000000000005,96,96,2,95.25,0,-1.3661703092575,-26.4985593588806,-0.0063436999881219,0.000953958319662,0.0023594557227,
53.021,0.142000000000003,96,96,2,95.25,0,-1.36521453414395,-26.5651921373733,-0.00636905849466984,0.000957545531371,0.0045002039166,
53.022,0.143000000000001,96,96,2,95.25,0,-1.36427218672835,-26.5766219827469,-0.00639409752025699,0.000953276195932,0.0019954875691,
53.023,0.144000000000005,96,96,2,95.25,0,-1.36333235647533,-26.5152371134707,-0.00641904618794342,0.000945620576212,-0.0029282565789,
53.024,0.145000000000003,96,96,2,95.25,0,-1.36238093878556,-26.4244433025539,-0.00644423006215789,0.000944061632822,-0.0048107315367,
53.025,0.146000000000001,96,96,2,95.25,0,-1.36141313200874,-26.5078971834768,-0.00646984420106378,0.00095285818486,-0.0002812976606,
53.026,0.147000000000006,96,96,2,95.25,0,-1.36043034309018,-26.624375587735,-0.00649595310551376,0.000967384693227,0.0074088903083,
53.027,0.148000000000003,96,96,2,95.25,0,-1.35943951511593,-26.4673832418395,-0.00652225550544472,0.000980705992745,0.0124459588136,
53.028,0.149000000000001,96,96,2,95.25,0,-1.35844764193189,-26.2289873824337,-0.00654838956390336,0.000988729820483,0.0120936206387,
53.029,0.150000000000006,96,96,2,95.25,0,-1.35745845417844,-26.1185995887649,-0.00657428035987095,0.000990753991927,0.0078131723838,
53.03,0.151000000000003,96,96,2,95.25,0,-1.35647766254662,-26.0912415783185,-0.00659988384754229,0.000987474546137,0.002232983162,
53.031,0.152000000000001,96,96,2,95.25,0,-1.35551187291242,-25.9676767346941,-0.00662502282938249,0.00097880986902,-0.0033039300179,
53.032,0.153000000000006,96,96,2,95.25,0,-1.35456660863626,-25.9317212706586,-0.00664955215282248,0.000964132626074,-0.0088528774676,
53.033,0.154000000000003,96,96,2,95.25,0,-1.35364461710375,-26.0143505539455,-0.00667349907200787,0.000944440060477,-0.0143780699926,
53.034,0.155000000000001,96,96,2,95.25,0,-1.35273113852282,-26.0964378520847,-0.00669730011654224,0.000926419470131,-0.0176863762264,
53.035,0.156000000000006,96,96,2,95.25,0,-1.35180161513486,-26.0419822103742,-0.00672153205698578,0.000920845908513,-0.0147880743029,
53.036,0.157000000000004,96,96,2,95.25,0,-1.35085012071486,-25.9765866573322,-0.00674627974598252,0.000931301255463,-0.004498997666,
53.037,0.158000000000001,96,96,2,95.25,0,-1.34989831677667,-26.0520908659451,-0.00677104029605857,0.000944995965845,0.0066184834092,
53.038,0.159000000000006,96,96,2,95.25,0,-1.34897723551166,-26.2207567707311,-0.00679511406636379,0.000942494280779,0.007863982718,
53.039,0.160000000000004,96,96,2,95.25,0,-1.34809471715532,-26.2609204078554,-0.00681827208811114,0.000918729194363,-0.0040217868366,
53.04,0.161000000000001,96,96,2,95.25,0,-1.34723461706586,-26.2040429785359,-0.00684083464796004,0.000887361748877,-0.019666773732,
53.041,0.162000000000006,96,96,2,95.25,0,-1.34637100280587,-26.0750879845018,-0.00686340914944594,0.000867879820683,-0.0255210825774,
53.042,0.163000000000004,96,96,2,95.25,0,-1.34548493088167,-26.0420134047771,-0.00688649889960402,0.000869297308094,-0.0167777587001,
53.043,0.164000000000001,96,96,2,95.25,0,-1.34457531777688,-26.0666531379478,-0.00691019826257389,0.000886396979114,-0.0001476821878,
53.044,0.165000000000006,96,96,2,95.25,0,-1.3436712489842,-25.8523143997161,-0.00693366742171975,0.00090088745698,0.0116122579911,
53.045,0.166000000000004,96,96,2,95.25,0,-1.34282985410322,-25.4301929629165,-0.00695524184129681,0.000886929912803,0.0067388291993,
53.046,0.167000000000002,96,96,2,95.25,0,-1.3421288563853,-25.0542610451913,-0.00697293658481613,0.000818077905572,-0.0218914764803,
53.047,0.168000000000006,96,96,2,95.25,0,-1.34165573221841,-24.8815297165421,-0.00698474949950878,0.000674754801529,-0.0747249973584,
53.048,0.169000000000004,96,96,2,95.25,0,-1.34149280889638,-24.7522290749931,-0.00698879274793285,0.000448425978741,-0.1458834906229,
53.049,0.170000000000002,96,96,2,95.25,0,-1.34168734272848,-24.8312901310249,-0.00698396991194272,0.000148746429249,-0.2234323251757,
53.05,0.171000000000006,96,96,2,95.25,0,-1.34223929532688,-24.9394897279045,-0.0069702343563165,-0.000194522315751,-0.2907510901332,
53.051,0.172000000000004,96,96,2,95.25,0,-1.34319545769698,-24.6744193005911,-0.00694651487989972,-0.00056598990002,-0.3386516381283,
53.052,0.173000000000002,96,96,2,95.25,0,-1.34473267431543,-23.8358726307497,-0.00690922946643013,-0.001009215713095,-0.3845354011301,
53.053,0.174000000000007,96,96,2,95.25,0,-1.34714727566406,-22.8345538563747,-0.00685288422906183,-0.001626115762999,-0.4738006154819,
53.054,0.175000000000004,96,96,2,95.25,0,-1.35079550024424,-22.1101999775223,-0.0067708999512206,-0.002521472899041,-0.6483349046967,
53.055,0.176000000000002,96,96,2,95.25,0,-1.35604914053203,-21.4846921495206,-0.00665638401039814,-0.003759762322998,-0.9146996965751,
53.056,0.177000000000007,96,96,2,95.25,0,-1.36329449802229,-20.8770383720839,-0.00650292106962524,-0.005369530736248,-1.2468534343704,
53.057,0.178000000000004,96,96,2,95.25,0,-1.37289987897998,-20.3786937996878,-0.00630478255752109,-0.007355849369748,-1.6112897825371,
53.058,0.179000000000002,96,96,2,95.25,0,-1.38520230069239,-19.9961281878658,-0.0060564285141993,-0.009706486143877,-1.9826490096137,
53.059,0.180000000000007,96,96,2,95.25,0,-1.40053838216103,-19.7389733198574,-0.00575173813726337,-0.012403407412863,-2.3452266803974,
53.06,0.181000000000004,96,96,2,95.25,0,-1.41925298195453,-19.8178825025862,-0.00538159277436989,-0.015439539039229,-2.6947990277429,
53.061,0.182000000000002,96,96,2,95.25,0,-1.44169631474269,-20.1087666950172,-0.00493354923685274,-0.01881966419444,-3.0375665778055,
53.062,0.183,96,96,2,95.25,0,-1.46821020062551,-20.502306568526,-0.00439517055579586,-0.02254587881816,-3.3807539371102,
53.063,0.184000000000005,96,96,2,95.25,0,-1.49913255185038,-21.0201227027501,-0.003753184984987,-0.026615259557037,-3.7253376177144,
53.064,0.185000000000002,96,96,2,95.25,0,-1.53479587455273,-21.8340887343411,-0.00298902319917715,-0.031022103065499,-4.0676697352054,
53.065,0.186,96,96,2,95.25,0,-1.57552758700644,-23.0484386214688,-0.0020749520999459,-0.035761548184514,-4.4053851607524,
53.066,0.187000000000005,96,96,2,95.25,0,-1.62165240341328,-24.7722492654675,-0.000972091875325987,-0.040829126714241,-4.7381046590627,
53.067,0.188000000000002,96,96,2,95.25,0,-1.6734915080883,-26.9150361237214,0.000367619423514043,-0.046221171701355,-5.0664784437295,
53.068,0.189,96,96,2,95.25,0,-1.73132648879602,-29.4439867538948,0.00199738092393886,-0.051923581004376,-5.38781434467,
53.069,0.190000000000005,96,96,2,95.25,0,-1.79540982629257,-32.3756696633707,0.00397818587700272,-0.057910724934559,-5.6947203963975,
53.07,0.191000000000003,96,96,2,95.25,0,-1.86599735568047,-35.7077495589108,0.00638110605459019,-0.064160088027306,-5.9803892908036,
53.071,0.192,96,96,2,95.25,0,-1.94335859709595,-39.5606410532785,0.00929253412314779,-0.070668385428769,-6.2483776365926,
53.072,0.193000000000005,96,96,2,95.25,0,-2.02778634681196,-44.2037359130384,0.0128285530499568,-0.077449080297365,-6.5123363489881,
53.073,0.194000000000003,96,96,2,95.25,0,-2.11955670373353,-49.4527948869761,0.0171259996797346,-0.084510579387519,-6.7832168949235,
53.074,0.195,96,96,2,95.25,0,-2.21890522505655,-55.3617307584451,0.0223325837477546,-0.091841024080337,-7.0579415044858,
53.075,0.196000000000005,96,96,2,95.25,0,-2.32602921331375,-62.1062321692219,0.0286244020883828,-0.099407712082839,-7.320634004924,
53.076,0.197000000000003,96,96,2,95.25,0,-2.44109706653567,-69.7010365551582,0.0362077918139505,-0.107174507666362,-7.5558472839031,
53.077,0.198,96,96,2,95.25,0,-2.56426638189499,-78.1688063261723,0.0453143054689349,-0.115115132373724,-7.7589120463684,
53.078,0.199000000000005,96,96,2,95.25,0,-2.6956922466477,-87.6433183692297,0.0562103064062285,-0.123215841536117,-7.9365013067196,
53.079,0.200000000000003,96,96,2,95.25,0,-2.83551834413065,-98.4995413932382,0.0692241212336739,-0.131468969753765,-8.0984095424602,
53.08,0.201000000000001,96,96,2,95.25,0,-2.98383141212417,-110.678732769976,0.0847360570330409,-0.139852118817049,-8.2464087547623,
53.081,0.202000000000005,96,96,2,95.25,0,-3.14064341031331,-124.029994771452,0.103138629312156,-0.148316655899035,-8.3685592152038,
53.082,0.203000000000003,96,96,2,95.25,0,-3.30593165409439,-138.680915022356,0.124850141763119,-0.156805192808036,-8.4473206244799,
53.083,0.204000000000001,96,96,2,95.25,0,-3.47966324040684,-154.689237365441,0.15033397273865,-0.165278372862909,-8.4767299046581,
53.084,0.205000000000005,96,96,2,95.25,0,-3.66177845583913,-171.924224685715,0.180074613240919,-0.173713672288991,-8.4664229224741,
53.085,0.206000000000003,96,96,2,95.25,0,-3.85216395507707,-190.578512783259,0.214582245564998,-0.182081211838033,-8.4263356516073,
53.086,0.207000000000001,96,96,2,95.25,0,-4.05066698811375,-210.97760829997,0.254437299549721,-0.190339674235867,-8.3551443667916,
53.087,0.208000000000006,96,96,2,95.25,0,-4.25712140991882,-233.120222340941,0.300280279974658,-0.198453189527575,-8.2477014113586,
53.088,0.209000000000003,96,96,2,95.25,0,-4.47130547296399,-256.675430219748,0.3527334914383,-0.206387897546583,-8.1033572417358,
53.089,0.210000000000001,96,96,2,95.25,0,-4.69291524451004,-281.538679776202,0.412370244417843,-0.214092883223404,-7.9194334981619,
53.09,0.211000000000006,96,96,2,95.25,0,-4.92158169828536,-306.990352907846,0.479658667841676,-0.221499063664567,-7.6842608087797,
53.091,0.212000000000003,96,96,2,95.25,0,-5.15694386754749,-332.465558889453,0.554910533115731,-0.228558163752582,-7.391697905916,
53.092,0.213000000000001,96,96,2,95.25,0,-5.3986865740201,-357.807281062482,0.638344745382994,-0.235267615779231,-7.0583297755496,
53.093,0.214000000000006,96,96,2,95.25,0,-5.64651018511968,-383.967804896935,0.730259435596082,-0.241652816697557,-6.7170711125619,
53.094,0.215000000000003,96,96,2,95.25,0,-5.90011663850389,-410.652287084345,0.831019827253698,-0.247734192396878,-6.3913286851214,
53.095,0.216000000000001,96,96,2,95.25,0,-6.15923283495342,-437.438886590641,0.94089690683623,-0.253524523618417,-6.0852099216879,
53.096,0.217000000000006,96,96,2,95.25,0,-6.42361542362235,-464.072127742935,1.06006881467775,-0.259043191195754,-5.796145471613,
53.097,0.218000000000004,96,96,2,95.25,0,-6.69307367357607,-490.607458097652,1.18869195991132,-0.264325369388547,-5.5292198552344,
53.098,0.219000000000001,96,96,2,95.25,0,-6.96748931345616,-516.749080719428,1.32690915450476,-0.269422768546194,-5.2976912976124,
53.099,0.220000000000006,96,96,2,95.25,0,-7.24674663538571,-543.157385026273,1.47490247506474,-0.274380927517017,-5.1110608121436,
53.1,0.221000000000004,96,96,2,95.25,0,-7.53067535443085,-570.782159579232,1.63304218906151,-0.279206236449386,-4.960076015334,
53.101,0.222000000000001,96,96,2,95.25,0,-7.81906934652287,-598.595024633594,1.80166286626974,-0.283866881824526,-4.8157648767365,
53.102,0.223000000000006,96,96,2,95.25,0,-8.11170546095858,-625.994955419195,1.98084249303952,-0.288327046881064,-4.6499003467281,
53.103,0.224000000000004,96,96,2,95.25,0,-8.40834435457196,-653.296347071237,2.17058627132951,-0.292564311485907,-4.4534390166101,
53.104,0.225000000000001,96,96,2,95.25,0,-8.70869989651501,-680.845944042104,2.37094478676775,-0.29655305435898,-4.2295782208205,
53.105,0.226000000000006,96,96,2,95.25,0,-9.01247554824661,-709.047594512726,2.58205269452375,-0.300266580380711,-3.9807343372014,
53.106,0.227000000000004,96,96,2,95.25,0,-9.31936500872243,-737.642333572391,2.80403964027667,-0.303683761418303,-3.7071875818919,
53.107,0.228000000000002,96,96,2,95.25,0,-9.62900597144372,-766.034651281891,3.03683963488274,-0.306780768526197,-3.4100323539243,
53.108,0.229000000000006,96,96,2,95.25,0,-9.94096591641183,-795.143865766876,3.28035221701469,-0.309511206721697,-3.0830886130852,
53.109,0.230000000000004,96,96,2,95.25,0,-10.2547791176085,-825.072115644092,3.534574798893,-0.311820227162629,-2.7139835428478,
53.11,0.231000000000002,96,96,2,95.25,0,-10.5700023176834,-855.362725518823,3.79943082296734,-0.313680223991571,-2.3007386837054,
53.111,0.232000000000006,96,96,2,95.25,0,-10.8862506315358,-885.481113846971,4.07470028740721,-0.315107734544681,-1.8649580297894,
53.112,0.233000000000004,96,96,2,95.25,0,-11.2031872430885,-915.814429815736,4.360148540414,-0.31614726902924,-1.4408636152943,
53.113,0.234000000000002,96,96,2,95.25,0,-11.5204790649733,-946.373135838781,4.65557698311284,-0.31683668534224,-1.0508918536566,
53.114,0.235000000000007,96,96,2,95.25,0,-11.8377003205193,-977.483718218533,4.96072112648022,-0.31716408888353,-0.6858479329547,
53.115,0.236000000000004,96,96,2,95.25,0,-12.1543665595904,-1009.51938065714,5.2753295256521,-0.31707592050517,-0.311335796908,
53.116,0.237000000000002,96,96,2,95.25,0,-12.4700307562523,-1042.12798477716,5.59914533437373,-0.31653213129081,0.100183053265,
53.117,0.238000000000007,96,96,2,95.25,0,-12.7842783894364,-1074.90062685918,5.93178094966859,-0.31553984034132,0.541653484099,
53.118,0.239000000000004,96,96,2,95.25,0,-13.0967183080099,-1107.64693635307,6.27273844113506,-0.31413028784426,0.982918893222,
53.119,0.240000000000002,96,96,2,95.25,0,-13.4069313590812,-1140.95193288096,6.62151079906533,-0.31231417270602,1.406342825143,
53.12,0.241000000000007,96,96,2,95.25,0,-13.7144729216238,-1174.65492290058,6.97758347439594,-0.31007966476335,1.819664187215,
53.121,0.242000000000004,96,96,2,95.25,0,-14.0189207044504,-1208.66598390346,7.34038185731643,-0.30741487518641,2.238074591622,
53.122,0.243000000000002,96,96,2,95.25,0,-14.3198405352052,-1243.18432895252,7.70928704790671,-0.30431753111986,2.665471433542,
53.123,0.244,96,96,2,95.25,0,-14.61681110543,-1278.20279050019,8.08367593321739,-0.30079343821734,3.095602370458,
53.124,0.245000000000005,96,96,2,95.25,0,-14.909396021473,-1314.10320069327,8.46291074861298,-0.29683965212926,3.524976207397,
53.125,0.246000000000002,96,96,2,95.25,0,-15.1970465390246,-1350.8015488097,8.84619136382301,-0.29242029275012,3.96455011973,
53.126,0.247,96,96,2,95.25,0,-15.4790967667681,-1388.19525334522,9.23245869974124,-0.28745075015656,4.444742356148,
53.127,0.248000000000005,96,96,2,95.25,0,-15.7548738184795,-1425.76362572175,9.62047134139442,-0.28184836187629,4.994341335247,
53.128,0.249000000000002,96,96,2,95.25,0,-16.023755622712,-1463.42297562959,10.0088961944623,-0.27559043027737,5.609197569852,
53.129,0.25,96,96,2,95.25,0,-16.2851591267521,-1501.17118477931,10.3963738452561,-0.26870688841848,6.248951681316,
53.13,0.251000000000005,96,96,2,95.5,0,-16.5384973292059,-1538.89014500267,10.7814556815743,-0.26122740362193,6.874641662197,
53.131,0.252000000000002,96,96,2,95.5,0,-16.7831389567524,-1576.35809255817,11.1625153810983,-0.2531488204575,7.480431425616,
53.132,0.253,96,96,2,95.5,0,-17.0184189876911,-1612.91695797758,11.5377017473793,-0.24444212103635,8.087288531082,
53.133,0.254000000000005,96,96,2,95.5,0,-17.2437395916537,-1648.26690476418,11.9051077061724,-0.23510068182821,8.708686480231,
53.134,0.255000000000003,96,96,2,95.5,0,-17.4586707852672,-1683.11301329265,12.2631164372564,-0.2251916089507,9.321307372854,
53.135,0.256,96,96,2,95.5,0,-17.6628873751498,-1717.37218087605,12.6103341824061,-0.21483363559896,9.873452918968,
53.136,0.257000000000005,96,96,2,95.5,0,-17.8560707075153,-1750.53692744484,12.9453053013492,-0.20412099374674,10.329703759615,
53.137,0.258000000000003,96,96,2,95.5,0,-18.0379090400781,-1782.40591927483,13.2665175194927,-0.19308980967982,10.701803966486,
53.138,0.259,96,96,2,95.5,0,-18.2081221163995,-1812.52330281419,13.5724695005175,-0.18175425563119,11.026932397023,
53.139,0.260000000000005,96,96,2,95.5,0,-18.3664602419133,-1841.01375391036,13.8617166050461,-0.17013816795154,11.328403143423,
53.14,0.261000000000003,96,96,2,95.5,0,-18.5126389284735,-1867.7438567964,14.1327872631976,-0.15825277907,11.612717950911,
53.141,0.262,96,96,2,95.5,0,-18.6463164010114,-1892.79605288447,14.3841369984497,-0.14607615403959,11.891969365634,
53.142,0.263000000000005,96,96,2,95.5,0,-18.7671709921013,-1915.59720818748,14.6142679035879,-0.13358097231019,12.184821195446,
53.143,0.264000000000003,96,96,2,95.5,0,-18.8749681970236,-1935.57171546667,14.8218405264146,-0.12078423967402,12.490079991734,
53.144,0.265000000000001,96,96,2,95.5,0,-18.9695322524899,-1952.84771398378,15.005692881716,-0.10774447593578,12.77917669476,
53.145,0.266000000000005,96,96,2,95.5,0,-19.0507129904291,-1967.73122154183,15.1648306272834,-0.09451900504497,13.02256655339,
53.146,0.267000000000003,96,96,2,95.5,0,-19.1184550628655,-1979.93484177746,15.2985421674915,-0.08116413354649,13.20857892734,
53.147,0.268000000000001,96,96,2,95.5,0,-19.1728317152892,-1989.29333089382,15.4064588378594,-0.06776404608343,13.329616105553,
53.148,0.269000000000005,96,96,2,95.5,0,-19.2139915427035,-1995.67143406978,15.4884690688483,-0.05442123092466,13.369340982399,
53.149,0.270000000000003,96,96,2,95.5,0,-19.2421245812258,-1999.18884593356,15.5446628479226,-0.04121683824951,13.318470104971,
53.15,0.271000000000001,96,96,2,95.5,0,-19.257506760997,-1999.87151751613,15.5754199806358,-0.02821581756458,13.18490782317,
53.151,0.272000000000006,96,96,2,95.5,0,-19.2605295901099,-1997.59490294375,15.5814618095727,-0.01549963219907,12.97658168617,
53.152,0.273000000000003,96,96,2,95.5,0,-19.2516881095218,-1992.95646811298,15.5638206183311,-0.00317134140009,12.685267591377,
53.153,0.274000000000001,96,96,2,95.5,0,-19.231507569645,-1985.40297958215,15.523677897592,0.00868390546441,12.302745988595,
53.154,0.275000000000006,96,96,2,95.5,0,-19.2004919439324,-1975.30671729068,15.4622559528348,0.02002934784093,11.84421869845,
53.155,0.276000000000003,96,96,2,95.5,0,-19.1591028316432,-1963.06319319857,15.3807531356039,0.03087714593484,11.349090438131,
53.156,0.277000000000001,96,96,2,95.5,0,-19.1077438984524,-1948.74174467796,15.280300071374,0.0412680125867,10.860011946078,
53.157,0.278000000000006,96,96,2,95.5,0,-19.0468190074322,-1932.24660217544,15.1620756753326,0.05123777426914,10.401614593649,
53.158,0.279000000000003,96,96,2,95.5,0,-18.9767750706299,-1914.0884595093,15.027369450342,0.06079081740601,9.971077609595,
53.159,0.280000000000001,96,96,2,95.5,0,-18.8980820372209,-1894.36517108524,14.8775200659476,0.06990295204968,9.545786152581,
53.16,0.281000000000006,96,96,2,95.5,0,-18.8112179951359,-1873.17143860908,14.713888336637,0.07854960702979,9.104763292562,
53.161,0.282000000000004,96,96,2,95.5,0,-18.7166900645835,-1850.96512671002,14.5378708753298,0.08671190602242,8.640992082934,
53.162,0.283000000000001,96,96,2,95.5,0,-18.6150185570989,-1827.01509354278,14.350897978584,0.09437183709184,8.156895411911,
53.163,0.284000000000006,96,96,2,95.5,0,-18.5067138454007,-1802.08073068201,14.1543738901001,0.10151839566902,7.656629698711,
53.164,0.285000000000004,96,96,2,95.5,0,-18.3922849139788,-1776.60271629498,13.9496214287327,0.10815201635123,7.146688956361,
53.165,0.286000000000001,96,96,2,95.5,0,-18.2722760257651,-1750.8401381676,13.737959181132,0.11426565254233,6.631506703368,
53.166,0.287000000000006,96,96,2,95.5,0,-18.1472580876043,-1724.66851834082,13.5207087179837,0.11983761616029,6.107129766491,
53.167,0.288000000000004,96,96,2,95.5,0,-18.017733554496,-1698.10324038265,13.2990422609913,0.12486720166092,5.571751954703,
53.168,0.289000000000001,96,96,2,95.5,0,-17.8840977257012,-1671.46537881539,13.0738947134375,0.12940594333,5.045045786364,
53.169,0.290000000000006,96,96,2,95.5,0,-17.7466611799125,-1644.76705797662,12.8460089478648,0.13354265518702,4.565385874927,
53.17,0.291000000000004,96,96,2,95.5,0,-17.6056803028723,-1618.18238592448,12.6160022106955,0.13735963006598,4.16139970722,
53.171,0.292000000000002,96,96,2,95.5,0,-17.4613838031578,-1591.77940349663,12.3844090854801,0.14091226446704,3.833593829008,
53.172,0.293000000000006,96,96,2,95.5,0,-17.3139870130047,-1565.65307189735,12.1517113794809,0.14423190004379,3.562036897137,
53.173,0.294000000000004,96,96,2,95.5,0,-17.1636508586595,-1539.64972056135,11.9182917395331,0.14734851227915,3.328628221626,
53.174,0.295000000000002,96,96,2,95.5,0,-17.0104595002341,-1513.66635238911,11.6844209210745,0.15031090631163,3.131253776913,
53.175,0.296000000000006,96,96,2,95.5,0,-16.8545036944418,-1487.89258431238,11.4503656497713,0.15316413141141,2.975908813534,
53.176,0.297000000000004,96,96,2,95.5,0,-16.6959653955883,-1462.01331164206,11.21652911851,0.15590121950059,2.85113467641,
53.177,0.298000000000002,96,96,2,95.5,0,-16.5351192573692,-1436.40546250438,10.9834293851283,0.15845590274482,2.717207738875,
53.178,0.299000000000007,96,96,2,95.5,0,-16.3722519444296,-1411.17239193703,10.7515407083588,0.16076013882557,2.534270548671,
53.179,0.300000000000004,96,96,2,95.5,0,-16.2075581364771,-1386.47441868138,10.5211631550853,0.16280890902732,2.302730466094,
53.18,0.301000000000002,96,96,2,95.5,0,-16.0411057497552,-1362.20689404493,10.2924008726647,0.16467343307945,2.070136120564,
53.181,0.302000000000007,96,96,2,95.5,0,-15.8728885660811,-1338.31927951748,10.0652634189873,0.16645425217674,1.894686410564,
53.182,0.303000000000004,96,96,2,95.5,0,-15.702836043299,-1314.88919913234,9.83967102135662,0.16823834632084,1.806913097785,
53.183,0.304000000000002,96,96,2,95.5,0,-15.5308704075634,-1291.56186917456,9.61556101386904,0.17007585493575,1.7991359713,
53.184,0.305000000000007,96,96,2,95.5,0,-15.3569542581121,-1268.27603040207,9.3929624385122,0.17197685596426,1.840531997747,
53.185,0.306000000000004,96,96,2,95.5,0,-15.18108535354,-1245.19576013112,9.17194167327511,0.17391682187283,1.893642768448,
53.186,0.307000000000002,96,96,2,95.5,0,-15.0032523139619,-1222.34164808622,8.9525368344872,0.17587231853766,1.93293567143,
53.187,0.308,96,96,2,95.5,0,-14.8234160034067,-1199.81990546606,8.73474053580748,0.17784478036943,1.955926988034,
53.188,0.309000000000005,96,96,2,95.5,0,-14.6415312937484,-1177.6890149247,8.51852427595981,0.179849848993,1.977154319228,
53.189,0.310000000000002,96,96,2,95.5,0,-14.4575317117061,-1155.88643216323,8.30383582249567,0.18190465164257,2.01020679383,
53.19,0.311,96,96,2,95.5,0,-14.2712910964434,-1133.74636513942,8.09062451204804,0.18403743029322,2.063275242094,
53.191,0.312000000000005,96,96,2,95.5,0,-14.0826287693033,-1111.72455942119,7.87880662697148,0.1862948188598,2.146768825105,
53.192,0.313000000000002,96,96,2,95.5,0,-13.8913909138126,-1090.35356869943,7.66824627754912,0.18870847208206,2.266884988505,
53.193,0.314,96,96,2,95.5,0,-13.6974917167048,-1069.14829279657,7.45888343900069,0.19126359947065,2.409216075455,
53.194,0.315000000000005,96,96,2,95.5,0,-13.5008651944834,-1047.71497052166,7.25076770825839,0.19391899215675,2.542764727944,
53.195,0.316000000000003,96,96,2,95.5,0,-13.3014326392613,-1026.05812093802,7.04397877496808,0.19665013458753,2.648038020251,
53.196,0.317,96,96,2,95.5,0,-13.0991601961228,-1004.12943180882,6.83865327680638,0.19944271169681,2.726847910926,
53.197,0.318000000000005,96,96,2,95.5,0,-12.8940942436008,-982.102054218351,6.6349990510007,0.20225852957863,2.781118937492,
53.198,0.319000000000003,96,96,2,95.5,0,-12.6863242897123,-960.084423660841,6.43323505352478,0.2050391001169,2.798271446993,
53.199,0.32,96,96,2,95.5,0,-12.4759427726026,-938.139549691384,6.23355943386082,0.20774222244491,2.767910278257,
53.2,0.321000000000005,96,96,2,95.5,0,-12.2630516084022,-916.015818477134,6.03619278639198,0.21035094227055,2.698036040377,
53.201,0.322000000000003,96,96,2,95.5,0,-12.047785724435,-893.773542176275,5.84139983313418,0.21285068600323,2.604347748463,
53.202,0.323,96,96,2,95.5,0,-11.8303106640477,-871.940956494973,5.6494003995216,0.21521622096319,2.492173928752,
53.203,0.324000000000005,96,96,2,95.5,0,-11.6108193131367,-850.565041626552,5.46036281528154,0.21741719461838,2.356429200345,
53.204,0.325000000000003,96,96,2,95.5,0,-11.3895160617061,-829.230633431903,5.27449069296679,0.21943003390977,2.193901737481,
53.205,0.326000000000001,96,96,2,95.5,0,-11.1665733502481,-807.786673938012,5.09201015436241,0.22125151928294,2.011873425064,
53.206,0.327000000000005,96,96,2,95.5,0,-10.9421123315494,-786.472676604954,4.91308561541607,0.22290636562199,1.8288998384,
53.207,0.328000000000003,96,96,2,95.5,0,-10.7162316203126,-765.209446902403,4.7378380845804,0.22443143428792,1.66590474735,
53.208,0.329000000000001,96,96,2,95.5,0,-10.4890516111521,-743.946627779264,4.566413039145,0.22584459285248,1.530428937455,
53.209,0.330000000000005,96,96,2,95.5,0,-10.260691324513,-722.795061392223,4.3989402628626,0.22714430302697,1.41269707795,
53.21,0.331000000000003,96,96,2,95.5,0,-10.0312762483246,-701.637655599106,4.23554709271576,0.22832264026031,1.297332809166,
53.211,0.332000000000001,96,96,2,95.5,0,-9.80095701537269,-680.354653323424,4.0763973884475,0.229369886352663,1.1754217733889,
53.212,0.333000000000006,96,96,2,95.5,0,-9.56990992706113,-659.140874660718,3.92165411767397,0.230266342530749,1.041336460369,
53.213,0.334000000000003,96,96,2,95.5,0,-9.33831692319897,-638.157885194079,3.77143145932325,0.230992506368847,0.8906054503697,
53.214,0.335000000000001,96,96,2,95.5,0,-9.10637490562075,-617.304459262126,3.62583422473992,0.2315339333118,0.7218304715509,
53.215,0.336000000000006,96,96,2,95.5,0,-8.87430467592112,-596.428114522717,3.48499862614383,0.231875777099827,0.5369730650187,
53.216,0.337000000000003,96,96,2,95.5,0,-8.64234524528451,-575.58356851665,3.34906904479519,0.231998526344298,0.335990371438,
53.217,0.338000000000001,96,96,2,95.5,0,-8.41072448083206,-554.660412439451,3.21817505735177,0.231891070500268,0.1194160809875,
53.218,0.339000000000006,96,96,2,95.5,0,-8.17970723738764,-533.561322337534,3.09247606463953,0.231541308005289,-0.1110863127644,
53.219,0.340000000000003,96,96,2,95.5,0,-7.94959813922147,-512.435285850463,2.97212939654202,0.230925856163354,-0.3567773037811,
53.22,0.341000000000001,96,96,2,95.5,0,-7.720686136433,-491.366403544297,2.85723826898112,0.230022413136335,-0.6221423933734,
53.221,0.342000000000006,96,96,2,95.5,0,-7.49325273063753,-470.404396631312,2.74786886464184,0.22882755230388,-0.9044710131246,
53.222,0.343000000000004,96,96,2,95.5,0,-7.26757942092356,-449.31668809181,2.64409061404024,0.22734895606892,-1.1925561115757,
53.223,0.344000000000001,96,96,2,95.5,0,-7.04397433590351,-428.184612433819,2.54598373758563,0.225580871130244,-1.4803222253233,
53.224,0.345000000000006,96,96,2,95.5,0,-6.8228036867289,-407.095499102489,2.45361401533006,0.223495221674594,-1.7765076826534,
53.225,0.346000000000004,96,96,2,95.5,0,-6.60447284620504,-386.379575262049,2.3669939753697,0.221049037333017,-2.0985405663359,
53.226,0.347000000000001,96,96,2,95.5,0,-6.3893909536741,-365.799657563161,2.28610390891043,0.218208098721209,-2.4564501568682,
53.227,0.348000000000006,96,96,2,95.5,0,-6.17798232996116,-345.240470533093,2.21094390146769,0.214954596283416,-2.8462814785342,
53.228,0.349000000000004,96,96,2,95.5,0,-5.97072176034033,-324.912698903889,2.14149573765232,0.211266188130707,-3.2602050044723,
53.229,0.350000000000001,96,96,2,95.5,0,-5.76813097138966,-305.009772674205,2.07768749240495,0.207104051647415,-3.7000549374091,
53.23,0.351000000000006,96,96,2,95.5,0,-5.57069699377766,-285.757081794517,2.0193687674454,0.202444679750117,-4.1691886083189,
53.231,0.352000000000004,96,96,2,95.5,0,-5.37879828848662,-267.098477339698,1.96632263443999,0.197320439317313,-4.649661833748,
53.232,0.353000000000002,96,96,2,95.5,0,-5.19272261613742,-248.888392408572,1.91831633258411,0.191812377104776,-5.0999264060721,
53.233,0.354000000000006,96,96,2,95.5,0,-5.01268358596095,-231.400431969081,1.87508096551133,0.186011589579933,-5.4807332723089,
53.234,0.355000000000004,96,96,2,95.5,0,-4.83885499761226,-214.766970815253,1.83630264061472,0.179986890279955,-5.7801434636917,
53.235,0.356000000000002,96,96,2,95.5,0,-4.67138127904373,-198.760560903963,1.80167514388097,0.173785259962976,-6.0106050725378,
53.236,0.357000000000006,96,96,2,95.5,0,-4.51038023021963,-183.618259681508,1.77089344829977,0.167438378579252,-6.1921263319022,
53.237,0.358000000000004,96,96,2,95.5,0,-4.35596949733003,-169.39818393637,1.74363868440921,0.16096575496708,-6.3410287322349,
53.238,0.359000000000002,96,96,2,95.5,0,-4.2082551372041,-156.401238216563,1.71957605782285,0.154378915840848,-6.4691655978556,
53.239,0.360000000000007,96,96,2,95.5,0,-4.06729678261734,-144.48472187217,1.69836986289667,0.147696470293277,-6.5812563984157,
53.24,0.361000000000004,96,96,2,95.5,0,-3.93309321094579,-133.588053048091,1.6797106831072,0.140958721373948,-6.6703546326967,
53.241,0.362000000000002,96,96,2,95.5,0,-3.80556639411429,-123.691709873119,1.66330564850696,0.134226980094098,-6.7193556159579,
53.242,0.363000000000007,96,96,2,95.5,0,-3.68456255729569,-115.085781271219,1.64885915221976,0.127572949279645,-6.7102304320746,
53.243,0.364000000000004,96,96,2,95.5,0,-3.56990152989191,-107.39719707907,1.636104088781,0.121057887998024,-6.6356530942225,
53.244,0.365000000000002,96,96,2,95.5,0,-3.4614038962501,-100.244304808924,1.62483978298064,0.114714852099635,-6.505144526501,
53.245,0.366000000000007,96,96,2,95.5,0,-3.35887757381377,-93.5901389720998,1.61490321663948,0.108555258408757,-6.3396108511053,
53.246,0.367000000000004,96,96,2,95.5,0,-3.26210780287601,-87.6062596833115,1.60613604964317,0.102590750348403,-6.1561006639741,
53.247,0.368000000000002,96,96,2,95.5,0,-3.17086151910948,-82.2384178453689,1.59838720182216,0.096839690235962,-5.9589993651373,
53.248,0.369000000000007,96,96,2,95.5,0,-3.08491634182234,-77.437787873181,1.59152550191766,0.091312997974082,-5.7477841416466,
53.249,0.370000000000005,96,96,2,95.5,0,-3.00405905492187,-73.171428888006,1.58543657559289,0.086009142114956,-5.5271516962221,
53.25,0.371000000000002,96,96,2,95.5,0,-2.92805635248212,-69.2893052142745,1.58002287520122,0.080927278678255,-5.3041090532247,
53.251,0.372,96,96,2,95.5,0,-2.85669482511371,-65.838878778367,1.57520139840111,0.076066725256564,-5.0820681589255,
53.252,0.373000000000005,96,96,2,95.5,0,-2.78978820858333,-62.7643280061017,1.57089919568065,0.071417406638403,-4.863575985135,
53.253,0.374000000000002,96,96,2,95.5,0,-2.72712690890648,-60.1854951339023,1.56704709782414,0.06696949472573,-4.6522670475736,
53.254,0.375,96,96,2,95.5,0,-2.66846846642258,-57.9049448988352,1.56358359718186,0.062734037575024,-4.4445974957293,
53.255,0.376000000000005,96,96,2,95.75,0,-2.61357129286412,-55.7242661439485,1.5604646359219,0.058730918964153,-4.2294920173456,
53.256,0.377000000000002,96,96,2,95.75,0,-2.56222688170314,-53.7431205525163,1.55765436666627,0.054959725516848,-4.0032426237517,
53.257,0.378,96,96,2,95.75,0,-2.51424504497198,-52.0767416067546,1.55511565099175,0.051401467551278,-3.7768903518543,
53.258,0.379000000000005,96,96,2,95.75,0,-2.46943072805489,-50.5423575469056,1.55281624857614,0.048040353115885,-3.5629955510374,
53.259,0.380000000000003,96,96,2,95.75,0,-2.42759272745125,-49.2423869293245,1.55072885147632,0.044871677967276,-3.3625257084109,
53.26,0.381,96,96,2,95.75,0,-2.38853189612654,-48.0549718827118,1.54882859361587,0.041897744713996,-3.1679843660455,
53.261,0.382000000000005,96,96,2,95.75,0,-2.35203994310325,-46.9503817451001,1.5470951281651,0.039123318617963,-2.9725036747046,
53.262,0.383000000000003,96,96,2,95.75,0,-2.31791318740987,-46.1128427569521,1.54550715520179,0.036553057314743,-2.7730288053632,
53.263,0.384,96,96,2,95.75,0,-2.28597611162594,-45.4317070637811,1.54404532258917,0.034179410919518,-2.5725262686654,
53.264,0.385000000000005,96,96,2,95.75,0,-2.25608925957671,-44.7756831100417,1.54269731512724,0.031978912636355,-2.3806864340049,
53.265,0.386000000000003,96,96,2,95.75,0,-2.22811125029509,-44.0337939267057,1.54145495894082,0.029929266339357,-2.2071871209321,
53.266,0.387,96,96,2,95.75,0,-2.2019110676619,-43.3258078606899,1.54031054018003,0.028017314117374,-2.053593670343,
53.267,0.388000000000005,96,96,2,95.75,0,-2.17739060932732,-42.5084631222244,1.53925819234738,0.026229613338136,-1.915985011664,
53.268,0.389000000000003,96,96,2,95.75,0,-2.1544808090961,-41.8230820668604,1.53829218292063,0.024541178193155,-1.7951965217844,
53.269,0.390000000000001,96,96,2,95.75,0,-2.13310848513305,-41.5212656326712,1.53740155172088,0.022931754781777,-1.6945113151772,
53.27,0.391000000000005,96,96,2,95.75,0,-2.1131722607337,-41.4051666631401,1.53657493173944,0.021402736974391,-1.6090052502613,
53.271,0.392000000000003,96,96,2,95.75,0,-2.09455582040409,-41.1992800484705,1.53580603136285,0.019971119047538,-1.5239195244237,
53.272,0.393000000000001,96,96,2,95.75,0,-2.07714823056817,-40.878127361562,1.53509164644134,0.018649720402425,-1.4277721064909,
53.273,0.394000000000005,96,96,2,95.75,0,-2.06082866939016,-40.5967399167123,1.53442682940084,0.017443836386654,-1.3198100408324,
53.274,0.395000000000003,96,96,2,95.75,0,-2.04548436917819,-40.3073642136396,1.53380612096976,0.016353391485571,-1.2059066701672,
53.275,0.396000000000001,96,96,2,95.75,0,-2.0310269292037,-40.0900635607486,1.53322495047669,0.015370820430538,-1.0927144816744,
53.276,0.397000000000006,96,96,2,95.75,0,-2.01738797355386,-39.8724084829684,1.53267964817178,0.014477952748339,-0.9880221969978,
53.277,0.398000000000003,96,96,2,95.75,0,-2.00450620942649,-39.562214386183,1.5321680191341,0.013657343490494,-0.898101166743,
53.278,0.399000000000001,96,96,2,95.75,0,-1.99233749293447,-39.1292635083559,1.53168923199169,0.012895007293506,-0.8248048668941,
53.279,0.400000000000006,96,96,2,95.75,0,-1.98085562948625,-38.9354896378598,1.53124106757383,0.012176574869485,-0.766646983355,
53.28,0.401000000000003,96,96,2,95.75,0,-1.97003726754912,-38.8758912758811,1.53082017173304,0.011488868908033,-0.7223856171404,
53.281,0.402000000000001,96,96,2,95.75,0,-1.95986876397044,-38.8601324207951,1.53042494221546,0.010822454882922,-0.6905363193204,
53.282,0.403000000000006,96,96,2,95.75,0,-1.95030906858785,-38.7600389344074,1.53005392961862,0.010180818627388,-0.6653682751402,
53.283,0.404000000000003,96,96,2,95.75,0,-1.94128450503344,-38.5957639335095,1.52970487843896,0.009581798292963,-0.6362848100744,
53.284,0.405000000000001,96,96,2,95.75,0,-1.9327362319394,-38.4769877466423,1.52937545897422,0.009042215964753,-0.5939737088932,
53.285,0.406000000000006,96,96,2,95.75,0,-1.92462331311903,-38.417260259284,1.52906354057831,0.00856055395005,-0.5400376360224,
53.286,0.407000000000004,96,96,2,95.75,0,-1.91689186879203,-38.3395010442412,1.52876682026493,0.00812908275446,-0.4839808630212,
53.287,0.408000000000001,96,96,2,95.75,0,-1.90949317400831,-38.1591850249314,1.52848382505013,0.007746061812027,-0.4319933653768,
53.288,0.409000000000006,96,96,2,95.75,0,-1.90239965292862,-37.9658018669743,1.52821382795054,0.007406967535495,-0.3843780186098,
53.289,0.410000000000004,96,96,2,95.75,0,-1.8955883061237,-37.968218788849,1.52795522147605,0.007100420908468,-0.3425079814508,
53.29,0.411000000000001,96,96,2,95.75,0,-1.88903385123901,-38.0754096150105,1.52770600921022,0.006818931511282,-0.3087937529262,
53.291,0.412000000000006,96,96,2,95.75,0,-1.88271241203948,-38.0402030621641,1.5274654291014,0.006561617755211,-0.2817538738038,
53.292,0.413000000000004,96,96,2,95.75,0,-1.87662430461373,-37.8520701410313,1.52723440894536,0.006321344372944,-0.2594543362643,
53.293,0.414000000000001,96,96,2,95.75,0,-1.87078322332547,-37.5528490437313,1.52701418581412,0.006083999116637,-0.2445070566202,
53.294,0.415000000000006,96,96,2,95.75,0,-1.86518617223591,-37.3291725630691,1.5268046265638,0.005841980069897,-0.2396258312249,
53.295,0.416000000000004,96,96,2,95.75,0,-1.85981395123454,-37.3026249480274,1.52660415730881,0.005602811122713,-0.2397618797433,
53.296,0.417000000000002,96,96,2,95.75,0,-1.85463229469067,-37.4177953916594,1.52641056953129,0.005382500690577,-0.2343664225364,
53.297,0.418000000000006,96,96,2,95.75,0,-1.84960356687798,-37.4197952200994,1.52622240059463,0.005192947261766,-0.2167408856529,
53.298,0.419000000000004,96,96,2,95.75,0,-1.84471966205469,-37.2126326089259,1.52604015175751,0.005031159535224,-0.1904508191278,
53.299,0.420000000000002,96,96,2,95.75,0,-1.83997994198467,-37.0394339887097,1.52586418475238,0.004884096294129,-0.1657000915886,
53.3,0.421000000000006,96,96,2,95.75,0,-1.83536998630492,-36.9871198643507,1.52569355518619,0.00474404617892,-0.1493766489633,
53.301,0.422000000000004,96,96,2,95.75,0,-1.83086684471693,-37.040575455543,1.52552687658945,0.004616840769303,-0.1383006412972,
53.302,0.423000000000002,96,96,2,95.75,0,-1.82645713059239,-37.0724088796721,1.52536346805255,0.004507157576483,-0.1258021562555,
53.303,0.424000000000007,96,96,2,95.75,0,-1.82213322962539,-36.9848918214969,1.5252033598355,0.004411998416313,-0.1105826480641,
53.304,0.425000000000004,96,96,2,95.75,0,-1.81790024710725,-36.9013935902878,1.52504698015827,0.004322369379604,-0.0978573329267,
53.305,0.426000000000002,96,96,2,95.75,0,-1.81376019324302,-36.813369641921,1.52489438861309,0.004232379456625,-0.0913963396283,
53.306,0.427000000000007,96,96,2,95.75,0,-1.80970527998762,-36.7036539146955,1.52474533603643,0.004142390277754,-0.0898814338656,
53.307,0.428000000000004,96,96,2,95.75,0,-1.80573070814125,-36.6025433441863,1.52459965566254,0.00405635301534,-0.0888038271663,
53.308,0.429000000000002,96,96,2,95.75,0,-1.80183325301093,-36.5042334915409,1.52445719047131,0.003975539254264,-0.0856557869497,
53.309,0.430000000000007,96,96,2,95.75,0,-1.79800387913174,-36.4562931140027,1.52431749390391,0.003900165769796,-0.080748728495,
53.31,0.431000000000004,96,96,2,95.75,0,-1.79423297964218,-36.5390381932599,1.52417986487512,0.00383225593764,-0.0747664717568,
53.311,0.432000000000002,96,96,2,95.75,0,-1.79050689769172,-36.7579414695871,1.52404330959865,0.003774996544719,-0.0669537960791,
53.312,0.433,96,96,2,95.75,0,-1.78683588791543,-36.9429253777788,1.52390803129728,0.003723005559939,-0.0588740022492,
53.313,0.434000000000005,96,96,2,95.75,0,-1.78323220075367,-36.8931560146657,1.52377499022799,0.003667334644182,-0.0546754865154,
53.314,0.435000000000002,96,96,2,95.75,0,-1.77968789740472,-36.7977193192489,1.52364439881987,0.003606068802276,-0.0562454143086,
53.315,0.436,96,96,2,95.75,0,-1.77618242699287,-36.7188959731447,1.52351554366004,0.003550468611663,-0.0578876686734,
53.316,0.437000000000005,96,96,2,95.75,0,-1.77267775973498,-36.5565384401629,1.52338714065215,0.003516879346792,-0.0506966082783,
53.317,0.438000000000002,96,96,2,95.75,0,-1.7691470014695,-36.3886231053155,1.52325836478613,0.003512735506355,-0.0313589152634,
53.318,0.439,96,96,2,95.75,0,-1.76559390888808,-36.2112186075164,1.52312938780662,0.003529631257985,-0.0066655901471,
53.319,0.440000000000005,96,96,2,95.75,0,-1.76203662247027,-36.1517410098051,1.52300067991993,0.003547650437555,0.0109209023919,
53.32,0.441000000000003,96,96,2,95.75,0,-1.75849165759535,-36.2082327995865,1.52287242313719,0.003552331804026,0.0136808072583,
53.321,0.442,96,96,2,95.75,0,-1.75497139055924,-36.1715705571743,1.52274502501928,0.003541251986144,0.0039543550948,
53.322,0.443000000000005,96,96,2,95.75,0,-1.75148202352246,-36.0352322048521,1.52261904700057,0.003518406387954,-0.0098811966685,
53.323,0.444000000000003,96,96,2,95.75,0,-1.7480388294334,-35.8547470335138,1.5224952814248,0.003484785152263,-0.0225485553479,
53.324,0.445,96,96,2,95.75,0,-1.74464888571538,-35.6578258890592,1.52237406962612,0.003441070862064,-0.0334164607931,
53.325,0.446000000000005,96,96,2,95.75,0,-1.74128880131615,-35.5872248546736,1.52225437493436,0.003396961033695,-0.0408050352976,
53.326,0.447000000000003,96,96,2,95.75,0,-1.73793816417338,-35.614541568725,1.52213508929276,0.003366208017929,-0.0399841231371,
53.327,0.448,96,96,2,95.75,0,-1.734581294171,-35.5627622657364,1.52201562281471,0.003355341177591,-0.0287942069185,
53.328,0.449000000000005,96,96,2,95.75,0,-1.73121576509355,-35.4345246791255,1.52189615109788,0.003357597867018,-0.0128956340369,
53.329,0.450000000000003,96,96,2,95.75,0,-1.72784978256504,-35.2985306613148,1.52177710798364,0.003363067390247,-0.0007165193619,
53.33,0.451000000000001,96,96,2,95.75,0,-1.72449306810438,-35.0436326004452,1.52165904870535,0.003363066072837,0.0028644208967,
53.331,0.452000000000005,96,96,2,95.75,0,-1.72117345428945,-34.845978793584,1.52154304544558,0.003348364687296,-0.0027700856576,
53.332,0.453000000000003,96,96,2,95.75,0,-1.71791818055474,-34.8299869943587,1.5214296382749,0.003311441984583,-0.0169577602533,
53.333,0.454000000000001,96,96,2,95.75,0,-1.71472119713706,-34.9984982860882,1.52131801802014,0.003257088663667,-0.0354854930223,
53.334,0.455000000000005,96,96,2,95.75,0,-1.71156221743584,-34.9839205454392,1.52120748149989,0.003203069397851,-0.0490239189251,
53.335,0.456000000000003,96,96,2,95.75,0,-1.70842499450143,-34.8739501703876,1.5210979016428,0.003163853786115,-0.049678386122,
53.336,0.457000000000001,96,96,2,95.75,0,-1.70530514717353,-34.6636187458583,1.52098942834351,0.0031385372825,-0.0394869755237,
53.337,0.458000000000006,96,96,2,95.75,0,-1.70220198468227,-34.5846486220529,1.52088198403058,0.003120054558861,-0.0274361020585,
53.338,0.459000000000003,96,96,2,95.75,0,-1.69910598120564,-34.53945525869,1.52077497979761,0.003106020237863,-0.0191983368395,
53.339,0.460000000000001,96,96,2,95.75,0,-1.69600532071066,-34.4981558312548,1.52066794870092,0.003099548286524,-0.0131001308926,
53.34,0.461000000000006,96,96,2,95.75,0,-1.69289352157425,-34.4855067139477,1.52056061705014,0.003102604981904,-0.005882068221,
53.341,0.462000000000003,96,96,2,95.75,0,-1.68978275460901,-34.3786025709563,1.52045350695201,0.00310814789263,0.0009439659681,
53.342,0.463000000000001,96,96,2,95.75,0,-1.68668699955255,-34.3569522032253,1.52034711273137,0.003106573043957,0.0026617183025,
53.343,0.464000000000006,96,96,2,95.75,0,-1.68360429129841,-34.3366141893812,1.52024123161931,0.003096344588398,-0.0020356029191,
53.344,0.465000000000003,96,96,2,95.75,0,-1.6805208532819,-34.3052826699262,1.52013540510217,0.003086841223547,-0.0074148462808,
53.345,0.466000000000001,96,96,2,95.75,0,-1.67742605373234,-34.0336999691012,1.52002965737583,0.003086627547714,-0.006933985358,
53.346,0.467000000000006,96,96,2,95.75,0,-1.67433268272889,-33.733432983675,1.51992484293379,0.003090962525812,-0.0016359863591,
53.347,0.468000000000004,96,96,2,95.75,0,-1.67126605523142,-33.4752660456041,1.51982179091152,0.003085776515489,0.0001140853924,
53.348,0.469000000000001,96,96,2,95.75,0,-1.66825146688635,-33.4577962139208,1.51972090309684,0.003059038803544,-0.0087952242833,
53.349,0.470000000000006,96,96,2,95.75,0,-1.66530492729761,-33.5600615942176,1.51962216771125,0.003009785463891,-0.0270268897708,
53.35,0.471000000000004,96,96,2,95.75,0,-1.66241253229161,-33.5944320823227,1.51952504905017,0.002950710840817,-0.0454450363669,
53.351,0.472000000000001,96,96,2,95.75,0,-1.65954493519072,-33.3857402032235,1.51942901297625,0.002901199009289,-0.0532594005839,
53.352,0.473000000000006,96,96,2,95.75,0,-1.65669499024952,-33.0136607506911,1.51933439565784,0.002869740824516,-0.0469645749653,
53.353,0.474000000000004,96,96,2,95.75,0,-1.653870064661,-32.84389688746,1.51924137430794,0.002847734783303,-0.0340386357315,
53.354,0.475000000000001,96,96,2,95.75,0,-1.6510719240136,-32.8362245201714,1.51914948319921,0.002824395911988,-0.0252415333116,
53.355,0.476000000000006,96,96,2,95.75,0,-1.64829412447508,-32.9674092254962,1.5190580885475,0.002800073797072,-0.0232339953647,
53.356,0.477000000000004,96,96,2,95.75,0,-1.64552507057177,-33.0074933670472,1.51896674451672,0.002781278180621,-0.0223691922962,
53.357,0.478000000000002,96,96,2,95.75,0,-1.64276363484781,-32.9477815713144,1.51887567889051,0.002769392140068,-0.0183806932211,
53.358,0.479000000000006,96,96,2,95.75,0,-1.64001772762486,-32.9943218875284,1.51878514344142,0.002759062627462,-0.0134919549383,
53.359,0.480000000000004,96,96,2,95.75,0,-1.63729137289476,-33.0875041978697,1.51869506219185,0.002744700025398,-0.0120063978275,
53.36,0.481000000000002,96,96,2,95.75,0,-1.63459026740813,-33.2315553063882,1.51860549480409,0.002724645704914,-0.0148601907526,
53.361,0.482000000000006,96,96,2,95.75,0,-1.63192209566108,-33.1727765813981,1.51851690572298,0.002698800137797,-0.0200841789479,
53.362,0.483000000000004,96,96,2,95.75,0,-1.62929220917588,-33.1310451113389,1.51842971996069,0.002666566290369,-0.0260246772204,
53.363,0.484000000000002,96,96,2,95.75,0,-1.62668129466404,-33.1971481140391,1.51834313133958,0.002635680471747,-0.0299129546929,
53.364,0.485000000000007,96,96,2,95.75,0,-1.62405742174109,-33.1120358042702,1.51825613790348,0.002620493627184,-0.0265805350461,
53.365,0.486000000000004,96,96,2,95.75,0,-1.62140577148991,-32.8857359012657,1.51816863639951,0.002628318598087,-0.0129929921409,
53.366,0.487000000000002,96,96,2,95.75,0,-1.61873150459457,-32.7785297880088,1.51808083451354,0.002650102045958,0.0051089693536,
53.367,0.488000000000007,96,96,2,95.75,0,-1.61604959294618,-32.6925358228344,1.51799304070678,0.002669775328004,0.0169628550331,
53.368,0.489000000000004,96,96,2,95.75,0,-1.61336800152212,-32.577231018363,1.51790552728329,0.002679522155176,0.0173283953313,
53.369,0.490000000000002,96,96,2,95.75,0,-1.61068542909005,-32.3842712070819,1.51781839531577,0.002681981793762,0.0105386070584,
53.37,0.491000000000007,96,96,2,95.75,0,-1.60800867982618,-32.2989202127177,1.51773182497325,0.002680531179207,0.0034727192195,
53.371,0.492000000000004,96,96,2,95.75,0,-1.60535521000835,-32.2272186465859,1.51764621589228,0.002671512380518,-0.0025479938529,
53.372,0.493000000000002,96,96,2,95.75,0,-1.60272917028984,-32.190883498776,1.51756163364487,0.002652224621846,-0.0098290314437,
53.373,0.494000000000007,96,96,2,95.75,0,-1.60012701341107,-32.1168415685279,1.5174779642503,0.002627103896384,-0.0179569607141,
53.374,0.495000000000005,96,96,2,95.75,0,-1.59753879467002,-32.0872688353686,1.51739487710941,0.002605140289376,-0.0224236998888,
53.375,0.496000000000002,96,96,2,95.75,0,-1.59495543001295,-32.0484447171994,1.51731203414158,0.002590943957172,-0.020580560103,
53.376,0.497,96,96,2,95.75,0,-1.59238308012364,-31.9791731391822,1.51722968342372,0.002581516451936,-0.0150958665548,
53.377,0.498000000000005,96,96,2,95.75,0,-1.58983446217296,-31.8287855802629,1.51714837236923,0.002568534738049,-0.0119244159217,
53.378,0.499000000000002,96,96,2,95.75,0,-1.58731599344469,-31.7555820465924,1.51706830474851,0.002546692765546,-0.0145735288765,
53.379,0.5,96,96,2,95.75,0,-1.58483222947109,-31.5735294022543,1.51698965746576,0.002517102068592,-0.0215085122535,
53.38,0.501000000000005,96,96,2,96,0,-1.58239003630173,-31.397945153117,1.51691276321324,0.002481704158729,-0.0290082434914,
53.381,0.000999999999997669,97,97,2,96,0,-1.57999283195206,-31.380004749113,-7.52457872863488E-05,0.002441167764725,-0.0351972912326,
53.382,0.00199999999999534,97,97,2,96,0,-1.57763289900605,-31.4032302344998,-0.000149327899634955,0.002399519574476,-0.0393283876352,
53.383,0.00300000000000011,97,97,2,96,0,-1.57529954590163,-31.3928091568181,-0.00022259056635221,0.00236314041463,-0.0397339422546,
53.384,0.00399999999999778,97,97,2,96,0,-1.57298960951946,-31.2834762838367,-0.000294979682365693,0.002334302040223,-0.0356976333352,
53.385,0.00499999999999545,97,97,2,96,0,-1.57069591034315,-31.2940184659855,-0.000366746656453643,0.00231209023709,-0.0291126386565,
53.386,0.00600000000000023,97,97,2,96,0,-1.56840111206567,-31.3420377446082,-0.000438615213397497,0.002298900068419,-0.0214932841766,
53.387,0.0069999999999979,97,97,2,96,0,-1.5660961072039,-31.2418854479569,-0.00051074333700285,0.002297530522416,-0.0123504722092,
53.388,0.00799999999999557,97,97,2,96,0,-1.56378873879003,-31.1348137076685,-0.000582706349689488,0.002302651952113,-0.0029684400934,
53.389,0.00900000000000034,97,97,2,96,0,-1.56149636694017,-31.009407045371,-0.000653935180821463,0.002302160379037,0.0014902361551,
53.39,0.00999999999999801,97,97,2,96,0,-1.55923151438704,-30.8623846220036,-0.000724000423474536,0.002288615030044,-0.0027238050192,
53.391,0.0109999999999957,97,97,2,96,0,-1.55698819936201,-30.8542411691794,-0.000793225340430581,0.002266647083719,-0.0121559954175,
53.392,0.0120000000000005,97,97,2,96,0,-1.55474810886209,-30.7887359349434,-0.00086226826414304,0.002248808925927,-0.0182022305655,
53.393,0.0129999999999981,97,97,2,96,0,-1.55250312878491,-30.6658790223953,-0.000931250457256283,0.002242524730631,-0.0156109056031,
53.394,0.0139999999999958,97,97,2,96,0,-1.55025890490836,-30.594682244845,-0.000999991664400568,0.002243286343813,-0.0076366415014,
53.395,0.0150000000000006,97,97,2,96,0,-1.54802628969224,-30.6071964662438,-0.0010683117872361,0.00224096813861,-0.0022760748769,
53.396,0.0159999999999982,97,97,2,96,0,-1.545817581919,-30.5786780678539,-0.00113588264557052,0.002228925581385,-0.0043115652941,
53.397,0.0169999999999959,97,97,2,96,0,-1.54364838023958,-30.5277616940126,-0.00120215874144947,0.002204028177958,-0.012981705479,
53.398,0.0180000000000007,97,97,2,96,0,-1.54153036046,-30.4771723641612,-0.00126676356993016,0.002165698937614,-0.0250705006415,
53.399,0.0189999999999984,97,97,2,96,0,-1.53945216799524,-30.3456235839009,-0.00132996430804155,0.002121426155086,-0.0360827519241,
53.4,0.019999999999996,97,97,2,96,0,-1.53739664963337,-30.1273650542393,-0.00139211597732469,0.002083338428339,-0.0406342031385,
53.401,0.0210000000000008,97,97,2,96,0,-1.53535135049985,-30.0732159056796,-0.00145368007537172,0.002059254824232,-0.0357420066893,
53.402,0.0219999999999985,97,97,2,96,0,-1.53329843898494,-30.1295469645488,-0.00151547554793297,0.002050648616442,-0.0236416220039,
53.403,0.0229999999999961,97,97,2,96,0,-1.53123644793205,-30.1951033692337,-0.00157766999257092,0.002053351661887,-0.0098566507146,
53.404,0.0240000000000009,97,97,2,96,0,-1.52916784259243,-30.163370539031,-0.00164009892327499,0.002061251477515,0.0008693005294,
53.405,0.0249999999999986,97,97,2,96,0,-1.52709600848084,-30.0717957891855,-0.00170249755942109,0.002067589685192,0.0058723021878,
53.406,0.0259999999999962,97,97,2,96,0,-1.52501388667778,-29.8662426705259,-0.00176489670778324,0.00207395178744,0.0068138584336,
53.407,0.027000000000001,97,97,2,96,0,-1.52292055239294,-29.7440170235182,-0.00182728880795935,0.002082399240153,0.0069805390162,
53.408,0.0279999999999987,97,97,2,96,0,-1.5208406571912,-29.8673238040609,-0.00188928147883871,0.002085938815376,0.0063494843265,
53.409,0.0289999999999964,97,97,2,96,0,-1.51880752063625,-30.0958955903018,-0.00195023818548634,0.002069899332633,-0.0008617789198,
53.41,0.0300000000000011,97,97,2,96,0,-1.51682606566901,-30.2138755936013,-0.00200998873333447,0.002031659672674,-0.016825818518,
53.411,0.0309999999999988,97,97,2,96,0,-1.51487864888269,-30.2454154169658,-0.00206885845244642,0.001986747989277,-0.0335812138256,
53.412,0.0319999999999965,97,97,2,96,0,-1.51293922808037,-30.1469999182638,-0.00212742160573498,0.001955229445396,-0.0388921345108,
53.413,0.0330000000000013,97,97,2,96,0,-1.51100011878158,-29.9376263641727,-0.00218567693451632,0.001941726146461,-0.030131912252,
53.414,0.0339999999999989,97,97,2,96,0,-1.50906149740099,-29.7739880226689,-0.00224355604066773,0.001939056374389,-0.0156578143599,
53.415,0.0349999999999966,97,97,2,96,0,-1.5071241560638,-29.7102308067836,-0.00230117665870466,0.00193838374303,-0.005320687917,
53.416,0.0360000000000014,97,97,2,96,0,-1.50519240710053,-29.7364038836003,-0.00235859464618216,0.001936047638034,-0.001770815664,
53.417,0.036999999999999,97,97,2,96,0,-1.50327734802439,-29.7536746230485,-0.00241555815358652,0.001928419709307,-0.0034246100242,
53.418,0.0379999999999967,97,97,2,96,0,-1.50138752549971,-29.6647082294581,-0.0024717032527235,0.001912495076841,-0.0085293927294,
53.419,0.0390000000000015,97,97,2,96,0,-1.49952130726854,-29.4493346198266,-0.00252686310497552,0.001890312202065,-0.0153130940373,
53.42,0.0399999999999991,97,97,2,96,0,-1.49767481300988,-29.1642789312635,-0.00258097795543222,0.00186738232747,-0.0205295020287,
53.421,0.0409999999999968,97,97,2,96,0,-1.49585718274965,-28.9961993640734,-0.00263383507808612,0.001843752250884,-0.0229158352466,
53.422,0.0420000000000016,97,97,2,96,0,-1.49407802046475,-29.0836304255393,-0.0026855017994194,0.00181474906716,-0.0250319481301,
53.423,0.0429999999999993,97,97,2,96,0,-1.49232373433081,-29.2530360226041,-0.00273667140194789,0.001783239832211,-0.0281430669501,
53.424,0.0439999999999969,97,97,2,96,0,-1.49056575168385,-29.3041212572858,-0.00278814263512572,0.001762857933134,-0.0274192188199,
53.425,0.0450000000000017,97,97,2,96,0,-1.48878600570716,-29.2035356229105,-0.00284020701860754,0.001763402691973,-0.0174421024638,
53.426,0.0459999999999994,97,97,2,96,0,-1.48699774032409,-29.0979770722205,-0.00289233630707031,0.001775772799685,-0.0021856338739,
53.427,0.046999999999997,97,97,2,96,0,-1.48520540904489,-29.0969780725856,-0.0029444886262695,0.001786929329995,0.0084584298295,
53.428,0.0480000000000018,97,97,2,96,0,-1.48339970980568,-29.0680518177875,-0.00299700290136684,0.001795121898364,0.0106314149483,
53.429,0.0489999999999995,97,97,2,96,0,-1.48158076482556,-29.0536586306081,-0.00304986299809684,0.00180566257348,0.0097861889754,
53.43,0.0499999999999972,97,97,2,96,0,-1.47976492611602,-29.0050407186506,-0.00310257561494609,0.001814039376673,0.009187081515,
53.431,0.0510000000000019,97,97,2,96,0,-1.47797798849547,-28.8163146773107,-0.00315423719254682,0.001808100264017,0.0047311900152,
53.432,0.0519999999999996,97,97,2,96,0,-1.47622166521503,-28.582878577311,-0.00320464296223122,0.001786423645214,-0.0063655897454,
53.433,0.0529999999999973,97,97,2,96,0,-1.47448599061657,-28.4985909790168,-0.00325418039059855,0.001759312977879,-0.0185855815185,
53.434,0.054000000000002,97,97,2,96,0,-1.47276625312599,-28.6284975101721,-0.00330330218849895,0.00173708807069,-0.0240147247316,
53.435,0.0549999999999997,97,97,2,96,0,-1.4710589346857,-28.5585402981913,-0.00335212043060551,0.001720792907857,-0.021911711926,
53.436,0.0559999999999974,97,97,2,96,0,-1.46937464590959,-28.438029666417,-0.00340011977215227,0.001704135256123,-0.0181828328101,
53.437,0.0569999999999951,97,97,2,96,0,-1.46772614141608,-28.4576358779583,-0.00344701615230747,0.001680462390584,-0.0186534692052,
53.438,0.0579999999999998,97,97,2,96,0,-1.46610620196979,-28.4930310811755,-0.00349314446825133,0.001650670264124,-0.0234040796738,
53.439,0.0589999999999975,97,97,2,96,0,-1.46448989487173,-28.4000245752719,-0.00353912279308588,0.001627419255987,-0.0259940126868,
53.44,0.0599999999999952,97,97,2,96,0,-1.46285855250416,-28.3226184869654,-0.00358538981851098,0.001621907383382,-0.0198916029743,
53.441,0.0609999999999999,97,97,2,96,0,-1.46120737818425,-28.1917726099613,-0.0036320473741398,0.001632781372419,-0.005917854772,
53.442,0.0619999999999976,97,97,2,96,0,-1.45954324087529,-28.1155289792523,-0.00367889891481354,0.001649113630923,0.0075957113845,
53.443,0.0629999999999953,97,97,2,96,0,-1.45788185769041,-28.2346066986465,-0.00372570849876297,0.001659422175021,0.0128876633421,
53.444,0.0640000000000001,97,97,2,96,0,-1.45623643953661,-28.180367950047,-0.00377212161046714,0.00165741991278,0.0084224165181,
53.445,0.0649999999999977,97,97,2,96,0,-1.45462860605773,-28.0417002934355,-0.00381731947226172,0.001638932260648,-0.0032546373066,
53.446,0.0659999999999954,97,97,2,96,0,-1.45307721769402,-27.8531001780624,-0.0038606767437841,0.001602175346805,-0.019022813678,
53.447,0.0670000000000002,97,97,2,96,0,-1.4515775172004,-27.8237066193191,-0.00390242601110913,0.001552815537234,-0.0350570040481,
53.448,0.0679999999999978,97,97,2,96,0,-1.45010876871422,-27.8221858359382,-0.00394329092125645,0.001505921252415,-0.044839283427,
53.449,0.0689999999999955,97,97,2,96,0,-1.44866092418568,-27.7620603775686,-0.00398352959462045,0.00147176290112,-0.0438131621874,
53.45,0.0700000000000003,97,97,2,96,0,-1.44722883060134,-27.7177689114197,-0.00402325574842166,0.001449390432572,-0.0344433665281,
53.451,0.070999999999998,97,97,2,96,0,-1.44580810899139,-27.5621800258986,-0.00406252445745281,0.001433407275283,-0.0239914399944,
53.452,0.0719999999999956,97,97,2,96,0,-1.44440415052364,-27.5115876784296,-0.00410118509870472,0.001419104259607,-0.0173959081828,
53.453,0.0730000000000004,97,97,2,96,0,-1.4430183296011,-27.544178432712,-0.00413933381500442,0.001403546146847,-0.0151835872851,
53.454,0.0739999999999981,97,97,2,96,0,-1.44165078073154,-27.6067292960909,-0.00417704459576385,0.001385780570209,-0.0158438227982,
53.455,0.0749999999999957,97,97,2,96,0,-1.44030221752748,-27.5806537447684,-0.00421425643281736,0.001367334785804,-0.0173073998047,
53.456,0.0760000000000005,97,97,2,96,0,-1.43897906766425,-27.5573837825893,-0.00425073437622814,0.001346634901461,-0.0189179520563,
53.457,0.0769999999999982,97,97,2,96,0,-1.43767373343471,-27.6706091564132,-0.00428677987102333,0.001325429175372,-0.0201754068854,
53.458,0.0779999999999959,97,97,2,96,0,-1.4363651276943,-27.8482786196714,-0.00432310603864039,0.001311660372908,-0.0188228964777,
53.459,0.0790000000000006,97,97,2,96,0,-1.43504336963712,-27.9611157160427,-0.00435998929694392,0.00131156998218,-0.0118963560307,
53.46,0.0799999999999983,97,97,2,96,0,-1.43372176846941,-28.0014434619506,-0.00439696938872203,0.001317765295308,-0.002308203092,
53.461,0.080999999999996,97,97,2,96,0,-1.43241333464648,-27.9782085152848,-0.00443359222373374,0.001317698031117,0.0024308287755,
53.462,0.0820000000000007,97,97,2,96,0,-1.4311211886643,-27.9280027881626,-0.0044697117168937,0.001307497674139,-0.0012284188314,
53.463,0.0829999999999984,97,97,2,96,0,-1.42984309996457,-27.902111905034,-0.00450538963625036,0.00129281514967,-0.0085050793892,
53.464,0.0839999999999961,97,97,2,96,0,-1.42856917446928,-27.8276827842825,-0.00454088743938996,0.001281056923133,-0.0124605848421,
53.465,0.0850000000000009,97,97,2,96,0,-1.42728823575776,-27.7328822829835,-0.00457647227869984,0.001277278421491,-0.0102415984481,
53.466,0.0859999999999985,97,97,2,96,0,-1.42599327231726,-27.5832159458433,-0.00461228844113748,0.001283042165345,-0.0033097454617,
53.467,0.0869999999999962,97,97,2,96,0,-1.42467971547057,-27.4969327668258,-0.00464846389436957,0.001296334043663,0.0051595105444,
53.468,0.088000000000001,97,97,2,96,0,-1.42334700215207,-27.5480229835201,-0.00468514346718507,0.001313725766376,0.0122633912973,
53.469,0.0889999999999986,97,97,2,96,0,-1.42199650324965,-27.6314264128241,-0.00472240336011964,0.001332302052133,0.0165171383077,
53.47,0.0899999999999963,97,97,2,96,0,-1.42063841981336,-27.5418179873199,-0.0047598682947978,0.001347438587405,0.0171889916983,
53.471,0.0910000000000011,97,97,2,96,0,-1.41929230592468,-27.3363479660464,-0.00479680442549579,0.001352217211846,0.0130610871682,
53.472,0.0919999999999987,97,97,2,96,0,-1.41796520418752,-27.2875604861792,-0.00483305016740587,0.001344001107507,0.0039875790563,
53.473,0.0929999999999964,97,97,2,96,0,-1.41665069900757,-27.3617236632324,-0.00486896855096575,0.001329026415453,-0.0063452620195,
53.474,0.0940000000000012,97,97,2,96,0,-1.41533410919438,-27.3510984312228,-0.00490498572307274,0.001318909537085,-0.0114897716337,
53.475,0.0949999999999989,97,97,2,96,0,-1.41402203233022,-27.2973238731199,-0.00494083718834304,0.001314610538509,-0.0098288585362,
53.476,0.0959999999999965,97,97,2,96,0,-1.4127306648203,-27.2437639317778,-0.00497605348272145,0.001307217942597,-0.0069724417144,
53.477,0.0970000000000013,97,97,2,96,0,-1.41145870663178,-27.1773110677793,-0.00501066414869911,0.001291757519772,-0.0088848647851,
53.478,0.097999999999999,97,97,2,96,0,-1.41018924380242,-27.1451933025974,-0.00504514434874181,0.001277032377192,-0.0128194906776,
53.479,0.0989999999999966,97,97,2,96,0,-1.40891366097828,-27.1458301983021,-0.00507977069727872,0.001272047435542,-0.0120236663745,
53.48,0.100000000000001,97,97,2,96,0,-1.40763910308519,-27.0671286789459,-0.0051143194746146,0.001273439346391,-0.0059939461793,
53.481,0.100999999999999,97,97,2,96,0,-1.40637956283839,-26.8912988305609,-0.00514830088016538,0.001270360078518,-0.0018624985173,
53.482,0.101999999999997,97,97,2,96,0,-1.40514494833009,-26.7902361392879,-0.00518143888112377,0.001256567819137,-0.0049518117088,
53.483,0.103000000000002,97,97,2,96,0,-1.40392956746883,-26.8970125377274,-0.00521406410840086,0.001236322135738,-0.012514389134,
53.484,0.103999999999999,97,97,2,96,0,-1.40271625847094,-27.030699760359,-0.00524677959768383,0.001220529396361,-0.016973772987,
53.485,0.104999999999997,97,97,2,96,0,-1.40149745693768,-26.9283840401594,-0.00527966230472998,0.001215578317512,-0.0138761244252,
53.486,0.106000000000002,97,97,2,96,0,-1.40028027675226,-26.8235061789593,-0.00531237517259342,0.001216667368297,-0.0063915381172,
53.487,0.106999999999999,97,97,2,96,0,-1.3990794976023,-26.7499094593829,-0.00534454009283536,0.001212746279134,-0.0022260300896,
53.488,0.107999999999997,97,97,2,96,0,-1.39790364451639,-26.763327581639,-0.00537600194527954,0.001198221641383,-0.005599111755,
53.489,0.109000000000002,97,97,2,96,0,-1.39674598646579,-26.7641340222705,-0.00540698519370153,0.001177872394532,-0.0130909559046,
53.49,0.109999999999999,97,97,2,96,0,-1.39559681766341,-26.828204411902,-0.00543777851538607,0.001160569786727,-0.0176878724072,
53.491,0.110999999999997,97,97,2,96,0,-1.39445959508805,-26.8954935803632,-0.00546832641649075,0.00114813170874,-0.0167572405734,
53.492,0.112000000000002,97,97,2,96,0,-1.39333833446656,-26.8787128080479,-0.00549847386653823,0.001136017857305,-0.0138001689668,
53.493,0.113,97,97,2,96,0,-1.39223191920376,-26.7844640254165,-0.00552816074548446,0.001121595600044,-0.0129036411484,
53.494,0.113999999999997,97,97,2,96,0,-1.39114071195734,-26.740464520118,-0.0055573641404294,0.001106306465493,-0.0139897987002,
53.495,0.115000000000002,97,97,2,96,0,-1.39006108504049,-26.6799856044556,-0.00558620121836384,0.001092295552463,-0.0146456049077,
53.496,0.116,97,97,2,96,0,-1.38899176166789,-26.523002405893,-0.00561464681766211,0.001080009952446,-0.0138767855824,
53.497,0.116999999999997,97,97,2,96,0,-1.3879418520793,-26.3726195896964,-0.00564241462802784,0.001066590300672,-0.013143409448,
53.498,0.118000000000002,97,97,2,96,0,-1.38691506139051,-26.3408514806318,-0.0056694774786763,0.001048798053853,-0.0143912147604,
53.499,0.119,97,97,2,96,0,-1.38591031589798,-26.4474008732801,-0.00569599685798039,0.001027112799852,-0.0176483704601,
53.5,0.119999999999997,97,97,2,96,0,-1.38490705383377,-26.5967693763148,-0.00572260545985159,0.001010914022912,-0.0188714087281,
53.501,0.120999999999995,97,97,2,96,0,-1.38388708635858,-26.6168550250702,-0.00574974354290703,0.001008718716,-0.0136436790499,
53.502,0.122,97,97,2,96,0,-1.38286099153294,-26.3527235171888,-0.00577691944812386,0.001016794057031,-0.0033151535375,
53.503,0.122999999999998,97,97,2,96,0,-1.38183862253138,-26.2640476286587,-0.00580381632602212,0.001023138873281,0.0044749892138,
53.504,0.123999999999995,97,97,2,96,0,-1.38080751957421,-26.3363092485302,-0.00583093451777472,0.001026106935467,0.0058509474651,
53.505,0.125,97,97,2,96,0,-1.3797579212857,-26.4541584471045,-0.00585863891004124,0.001034031369889,0.005468000076,
53.506,0.125999999999998,97,97,2,96.25,0,-1.37868702129911,-26.6508066974745,-0.00588707396326527,0.001050440198532,0.0089828410175,
53.507,0.126999999999995,97,97,2,96.25,0,-1.37761150763773,-26.7732881811589,-0.00591580313519557,0.001065893579603,0.0135768761051,
53.508,0.128,97,97,2,96.25,0,-1.37655106108366,-26.8417630881214,-0.00594423108339015,0.00106960942675,0.0122187551654,
53.509,0.128999999999998,97,97,2,96.25,0,-1.37550484221411,-26.8261234791567,-0.00597230526119574,0.001060698380907,0.0034490394272,
53.51,0.129999999999995,97,97,2,96.25,0,-1.37446811060227,-26.711217421773,-0.00600005718806074,0.001047640997593,-0.0063668791873,
53.511,0.131,97,97,2,96.25,0,-1.37344111920622,-26.6523805649407,-0.00602745916606295,0.001036655724416,-0.0111918490316,
53.512,0.131999999999998,97,97,2,96.25,0,-1.37241895001953,-26.6270888024582,-0.00605468948199928,0.001028466797979,-0.0107680021961,
53.513,0.132999999999996,97,97,2,96.25,0,-1.37139862425745,-26.5830725729353,-0.00608183533122997,0.001023062822115,-0.0081923452871,
53.514,0.134,97,97,2,96.25,0,-1.37038379386621,-26.4273537304949,-0.00610873362705888,0.001019230178211,-0.0057680614479,
53.515,0.134999999999998,97,97,2,96.25,0,-1.36937608593367,-26.3043977624012,-0.00613530272920571,0.001014342264882,-0.0046206243195,
53.516,0.135999999999996,97,97,2,96.25,0,-1.3683661043544,-26.3820274924901,-0.00616190888868573,0.001010526764169,-0.0042496087167,
53.517,0.137,97,97,2,96.25,0,-1.36733030636047,-26.4329609398054,-0.00618926171821954,0.001017044409649,-0.0010372806399,
53.518,0.137999999999998,97,97,2,96.25,0,-1.36625834872909,-26.3493559424153,-0.00621755192190676,0.001038900960767,0.0080193733135,
53.519,0.138999999999996,97,97,2,96.25,0,-1.36516614985918,-26.2285702470103,-0.00624626469769396,0.001067182111704,0.0191822593723,
53.52,0.140000000000001,97,97,2,96.25,0,-1.36408559120138,-26.1616944328818,-0.00627457007473708,0.001082634434718,0.0225051226144,
53.521,0.140999999999998,97,97,2,96.25,0,-1.36303703887454,-26.0870680078471,-0.00630196285544571,0.001074448822145,0.0122095907148,
53.522,0.141999999999996,97,97,2,96.25,0,-1.36201971287047,-26.0687601899023,-0.00632849259559976,0.001048786329297,-0.0063372959794,
53.523,0.143000000000001,97,97,2,96.25,0,-1.3610323357167,-26.0486480855716,-0.0063542223647346,0.001017709245811,-0.0220438059569,
53.524,0.143999999999998,97,97,2,96.25,0,-1.36007547441839,-26.0799862943503,-0.00637916230112978,0.000987207052222,-0.0292802393255,
53.525,0.144999999999996,97,97,2,96.25,0,-1.35913570765993,-26.0699313308173,-0.0064036666806544,0.000960887692993,-0.0294198102501,
53.526,0.146000000000001,97,97,2,96.25,0,-1.35819807763679,-26.1449762691737,-0.00642814581317452,0.000944254099819,-0.0246684797205,
53.527,0.146999999999998,97,97,2,96.25,0,-1.35725970860877,-26.160988481015,-0.00645268696183621,0.0009384927452,-0.016277651424,
53.528,0.147999999999996,97,97,2,96.25,0,-1.35632861186184,-26.0662293579466,-0.00647700125816186,0.000935965642229,-0.0080527506911,
53.529,0.149000000000001,97,97,2,96.25,0,-1.3554072473304,-25.9661927121022,-0.00650097167223862,0.00093035876661,-0.0044213102598,
53.53,0.149999999999999,97,97,2,96.25,0,-1.35447979751598,-25.9754280308443,-0.00652505829549455,0.000926109780981,-0.0042755768276,
53.531,0.150999999999996,97,97,2,96.25,0,-1.35353061352592,-25.9963827425517,-0.00654972370085716,0.000932144482218,-0.0015712465662,
53.532,0.152000000000001,97,97,2,96.25,0,-1.35256078896967,-25.9245249378265,-0.00657490078648948,0.000948855907225,0.0061526123082,
53.533,0.152999999999999,97,97,2,96.25,0,-1.35157874435083,-25.9141053174413,-0.00660035471042875,0.00096729840517,0.0140277297574,
53.534,0.153999999999996,97,97,2,96.25,0,-1.35058700455032,-25.8985162722651,-0.00662604702992553,0.000981287154564,0.0165870514983,
53.535,0.155000000000001,97,97,2,96.25,0,-1.34960440136553,-25.7454023254422,-0.00665141976938344,0.000986090261293,0.0125691811598,
53.536,0.155999999999999,97,97,2,96.25,0,-1.34866190469932,-25.6552315744108,-0.00667564223243744,0.000973312213932,0.0022844533015,
53.537,0.156999999999996,97,97,2,96.25,0,-1.34777112663447,-25.6925778605584,-0.00669851198358629,0.000939013041376,-0.0139600386925,
53.538,0.158000000000001,97,97,2,96.25,0,-1.34691096788843,-25.7546557177288,-0.00672063837754422,0.000897107849615,-0.030124640759,
53.539,0.158999999999999,97,97,2,96.25,0,-1.34605542324957,-25.8721796833349,-0.00674272290865474,0.000867960309529,-0.035796090497,
53.54,0.159999999999997,97,97,2,96.25,0,-1.3451852755471,-25.9311271624325,-0.00676526117285903,0.000861309790097,-0.0262257293923,
53.541,0.161000000000001,97,97,2,96.25,0,-1.34429392973851,-25.8842343994195,-0.00678835387552112,0.000872126215223,-0.0081595422608,
53.542,0.161999999999999,97,97,2,96.25,0,-1.34338049315308,-25.7630870165968,-0.00681194215198389,0.000891613609806,0.0081776325957,
53.543,0.162999999999997,97,97,2,96.25,0,-1.34244466921664,-25.6926216570833,-0.00683601889389251,0.000913525557681,0.0176134697335,
53.544,0.164000000000001,97,97,2,96.25,0,-1.34150182072814,-25.5802009905936,-0.0068601901455736,0.000931215096755,0.0199178592471,
53.545,0.164999999999999,97,97,2,96.25,0,-1.34059198972357,-25.4470589110977,-0.00688340323713987,0.000930835877703,0.0135356342765,
53.546,0.165999999999997,97,97,2,96.25,0,-1.3397751442879,-25.2260584193082,-0.00690409928944291,0.000891840579079,-0.0065434154858,
53.547,0.167000000000002,97,97,2,96.25,0,-1.33912282139626,-24.8119265269423,-0.00692041975096913,0.000795384343131,-0.0446487559496,
53.548,0.167999999999999,97,97,2,96.25,0,-1.33872311566449,-24.4098326288618,-0.00693025686061333,0.000625894506888,-0.1011280348393,
53.549,0.168999999999997,97,97,2,96.25,0,-1.3386580518342,-24.3293481712354,-0.0069318424395135,0.000375098309287,-0.1719716645619,
53.55,0.170000000000002,97,97,2,96.25,0,-1.33894028285655,-24.5712885518281,-0.00692494180117365,6.1267944942E-05,-0.2453145392168,
53.551,0.170999999999999,97,97,2,96.25,0,-1.33953531788863,-24.6483440904562,-0.00691029809831889,-0.000271883769477,-0.300716519344,
53.552,0.171999999999997,97,97,2,96.25,0,-1.34048955583924,-24.2479694891219,-0.00688696873928052,-0.00060895470472,-0.328531075644,
53.553,0.173000000000002,97,97,2,96.25,0,-1.34201530182652,-23.3867532323468,-0.00685062949574444,-0.001017929486052,-0.3574663228225,
53.554,0.173999999999999,97,97,2,96.25,0,-1.34445449020464,-22.579351022858,-0.00679456950209101,-0.001628326293531,-0.4478302353494,
53.555,0.174999999999997,97,97,2,96.25,0,-1.34818314203559,-22.1535173429212,-0.0067111728563134,-0.002551994696717,-0.643951678347,
53.556,0.176000000000002,97,97,2,96.25,0,-1.3535609474567,-21.7892763962138,-0.00659301495912246,-0.003836558872149,-0.9379556561477,
53.557,0.177,97,97,2,96.25,0,-1.36094104599511,-21.2930783744476,-0.00643403894738981,-0.005483747279252,-1.2850827132595,
53.558,0.177999999999997,97,97,2,96.25,0,-1.37068113148611,-20.8769263408382,-0.00622866922185494,-0.007487406688997,-1.6453424383943,
53.559,0.179000000000002,97,97,2,96.25,0,-1.38312906774799,-20.5938436235542,-0.00597055647122602,-0.009844444636487,-2.0027316702759,
53.56,0.18,97,97,2,96.25,0,-1.39862549857737,-20.4460558830584,-0.0056525704892465,-0.012550129400866,-2.3556184312332,
53.561,0.180999999999997,97,97,2,96.25,0,-1.41751159978609,-20.3907550007972,-0.00526694641754943,-0.015598783572932,-2.7039815416184,
53.562,0.181999999999995,97,97,2,96.25,0,-1.44011907162073,-20.5840467644405,-0.00480377807912191,-0.018985611282694,-3.0472154110687,
53.563,0.183,97,97,2,96.25,0,-1.46676609650815,-21.0573890515917,-0.00424896789084528,-0.022702926562698,-3.3845219195258,
53.564,0.183999999999997,97,97,2,96.25,0,-1.49776603798965,-21.6875419365981,-0.00358642271120857,-0.02674103394981,-3.7144066410638,
53.565,0.184999999999995,97,97,2,96.25,0,-1.53343672922709,-22.4863221658895,-0.00279856657763844,-0.031095291430058,-4.0367147829204,
53.566,0.186,97,97,2,96.25,0,-1.57411120708599,-23.5243409584499,-0.00186283672837817,-0.035770602297096,-4.3557284683442,
53.567,0.186999999999998,97,97,2,96.25,0,-1.62012376358812,-25.0162066242044,-0.000746099384230092,-0.040774765465431,-4.6776505413901,
53.568,0.187999999999995,97,97,2,96.25,0,-1.67180745418199,-26.9334237594082,0.00059637492736897,-0.046112473136683,-5.005570828821,
53.569,0.189,97,97,2,96.25,0,-1.7294746574745,-29.2591157167501,0.0022166082261208,-0.05177740417594,-5.3358113307784,
53.57,0.189999999999998,97,97,2,96.25,0,-1.79341398442572,-31.9263532324109,0.00417268707801099,-0.057753786580531,-5.6601994384557,
53.571,0.190999999999995,97,97,2,96.25,0,-1.86390124019318,-35.2595915675979,0.0065405635155571,-0.064022068498479,-5.9705168489979,
53.572,0.192,97,97,2,96.25,0,-1.94119728831373,-39.231639391978,0.00941950240195411,-0.070565514828515,-6.2632613875673,
53.573,0.192999999999998,97,97,2,96.25,0,-2.02556167792305,-44.0160904809397,0.0129310743604947,-0.077373912861254,-6.5403825172205,
53.574,0.193999999999996,97,97,2,96.25,0,-2.11723325832756,-49.3505427050757,0.0172106077710907,-0.084436044401246,-6.805032574104,
53.575,0.195,97,97,2,96.25,0,-2.21643378064837,-55.2869570125595,0.0224006550842546,-0.091738105740843,-7.0579904276976,
53.576,0.195999999999998,97,97,2,96.25,0,-2.32337895459659,-61.9323853637606,0.0286686765645072,-0.099265235234143,-7.2976028458264,
53.577,0.196999999999996,97,97,2,96.25,0,-2.43827218428133,-69.3596015654099,0.0362109567695086,-0.107006195180953,-7.5237581832421,
53.578,0.198,97,97,2,96.25,0,-2.56131298893075,-77.7591761184143,0.0452617631621308,-0.114953085453188,-7.7385899083845,
53.579,0.198999999999998,97,97,2,96.25,0,-2.69267366157822,-87.2961166241743,0.056102650301483,-0.123092492559431,-7.9428662248099,
53.58,0.199999999999996,97,97,2,96.25,0,-2.83249294294103,-98.0295397569289,0.0690587003481369,-0.131402294862657,-8.1327706151355,
53.581,0.201000000000001,97,97,2,96.25,0,-2.98085078090136,-110.170649744056,0.0845027653367936,-0.139843265727464,-8.2980343126054,
53.582,0.201999999999998,97,97,2,96.25,0,-3.13774532515958,-123.799441022247,0.1028570807172,-0.148357282870441,-8.4235341797837,
53.583,0.202999999999996,97,97,2,96.25,0,-3.30312655772725,-138.561149252364,0.124551839615606,-0.156879538861688,-8.494574914007,
53.584,0.204000000000001,97,97,2,96.25,0,-3.47691711720106,-154.500082824457,0.150017477356954,-0.165358024146677,-8.5066531248886,
53.585,0.204999999999998,97,97,2,96.25,0,-3.65900571640303,-171.680260405227,0.179714338249909,-0.173757173320416,-8.4678156634914,
53.586,0.205999999999996,97,97,2,96.25,0,-3.84927601211453,-190.265954659793,0.214148144935962,-0.182053696236381,-8.3921621297818,
53.587,0.207000000000001,97,97,2,96.25,0,-4.04762952135294,-210.451996080504,0.253890050808053,-0.190240750816714,-8.2944702926076,
53.588,0.207999999999998,97,97,2,96.25,0,-4.2539514232642,-232.487411091473,0.299584101267641,-0.198319062982192,-8.1872723565661,
53.589,0.208999999999996,97,97,2,96.25,0,-4.4680507940676,-256.185214912172,0.351896352145758,-0.206264624777047,-8.0711097787476,
53.59,0.210000000000001,97,97,2,96.25,0,-4.68963501387179,-280.897664344486,0.411400897530882,-0.214011584835995,-7.9258063852698,
53.591,0.210999999999999,97,97,2,96.25,0,-4.91834901648771,-306.121707483359,0.478530672602801,-0.221477699947472,-7.7222870954788,
53.592,0.211999999999996,97,97,2,96.25,0,-5.15384610563323,-331.716739038506,0.553635221353289,-0.228609993731281,-7.4502221974179,
53.593,0.213000000000001,97,97,2,96.25,0,-5.39579957459744,-357.676566343972,0.6370357722123,-0.235399077132247,-7.1294770672565,
53.594,0.213999999999999,97,97,2,96.25,0,-5.64388450385161,-383.932866586306,0.72902683406366,-0.241855993105591,-6.7923962875323,
53.595,0.214999999999996,97,97,2,96.25,0,-5.8977648324946,-410.386876416178,0.829857912764197,-0.247984110983828,-6.4579267730985,
53.596,0.216000000000001,97,97,2,96.25,0,-6.15712918168968,-436.96366253278,0.939744173301506,-0.253786914991971,-6.1291631457409,
53.597,0.216999999999999,97,97,2,96.25,0,-6.42172679562194,-463.645580172852,1.05889370165414,-0.259289122450607,-5.8102192043191,
53.598,0.217999999999996,97,97,2,96.25,0,-6.69136536633247,-490.242339728874,1.18749618932432,-0.264539921544587,-5.5169639140913,
53.599,0.219000000000001,97,97,2,96.25,0,-6.96592044690408,-517.333929387129,1.32581378119892,-0.269601236635373,-5.2693764024186,
53.6,0.219999999999999,97,97,2,96.25,0,-7.24527105029129,-544.76762120789,1.47416313570753,-0.274518784457963,-5.0750301112854,
53.601,0.220999999999997,97,97,2,96.25,0,-7.52926905121794,-571.742776417373,1.63270649617724,-0.279306165804361,-4.9216280601912,
53.602,0.222000000000001,97,97,2,96.25,0,-7.81773421704887,-598.481304329226,1.80149093793318,-0.283943931136103,-4.7815464848588,
53.603,0.222999999999999,97,97,2,96.25,0,-8.11044029312631,-625.593624079658,1.98063802249285,-0.288397289433602,-4.6273280258659,
53.604,0.223999999999997,97,97,2,96.25,0,-8.40713475750162,-653.211620553279,2.17034524104122,-0.292630319492848,-4.442581936296,
53.605,0.225000000000001,97,97,2,96.25,0,-8.70752615817396,-681.303740271987,2.37078371026973,-0.296607028775058,-4.2222322976111,
53.606,0.225999999999999,97,97,2,96.25,0,-9.01131195096516,-709.469669372321,2.5820323116906,-0.300300637418889,-3.9686753238071,
53.607,0.226999999999997,97,97,2,96.25,0,-9.31818799310284,-738.075600812378,2.80414079335529,-0.303694549959486,-3.6886300043745,
53.608,0.228000000000002,97,97,2,96.25,0,-9.62781191712136,-767.301993280382,3.03719125226158,-0.306773331897988,-3.3892821909387,
53.609,0.228999999999999,97,97,2,96.25,0,-9.93977592302288,-797.157104601067,3.28121871588368,-0.309501584019168,-3.0681621739339,
53.61,0.229999999999997,97,97,2,96.25,0,-10.2536185644515,-826.650522218655,3.53602875327024,-0.31182557199475,-2.7121318226972,
53.611,0.231000000000002,97,97,2,96.25,0,-10.5688767364635,-856.008236436754,3.80126471545702,-0.313703709945474,-2.311512211804,
53.612,0.231999999999999,97,97,2,96.25,0,-10.8851465704337,-885.519542376677,4.07666106618694,-0.315137011424436,-1.8784420166528,
53.613,0.232999999999997,97,97,2,96.25,0,-11.2020941826414,-915.590804426632,4.36208987805793,-0.316169668854,-1.4465592056712,
53.614,0.234000000000002,97,97,2,96.25,0,-11.5193878687884,-946.523421069512,4.65750842137513,-0.31684810091827,-1.0465830347952,
53.615,0.234999999999999,97,97,2,96.25,0,-11.8365787790896,-978.065971436337,4.96273955205757,-0.31715903121147,-0.6744491425372,
53.616,0.235999999999997,97,97,2,96.25,0,-12.1531616408032,-1010.00279591075,5.27743380188272,-0.31703932847866,-0.291990916718,
53.617,0.237000000000002,97,97,2,96.25,0,-12.4686902660142,-1042.14171951484,5.60118897072599,-0.3164490053391,0.131698947032,
53.618,0.238,97,97,2,96.25,0,-12.7827815061171,-1074.33630517631,5.93357257443884,-0.31541368062935,0.582637488592,
53.619,0.238999999999997,97,97,2,96.25,0,-13.0950820956382,-1106.94550481245,6.27418037202443,-0.31398526046079,1.019752876336,
53.62,0.240000000000002,97,97,2,96.25,0,-13.4051808323917,-1140.28818596724,6.62261253637476,-0.31217722886536,1.424374958978,
53.621,0.241,97,97,2,96.25,0,-13.7126311308187,-1174.18866042328,6.97840583493732,-0.30996476108583,1.815479022599,
53.622,0.241999999999997,97,97,2,96.25,0,-14.0170159595904,-1208.40612767007,7.34101868824038,-0.30732518902836,2.219268207682,
53.623,0.243000000000002,97,97,2,96.25,0,-14.3178865570772,-1242.91098924397,7.70978331103822,-0.30425020028282,2.642065780509,
53.624,0.244,97,97,2,96.25,0,-14.6147853580588,-1277.89201795372,8.08399500621209,-0.30073332792071,3.07692882409,
53.625,0.244999999999997,97,97,2,96.25,0,-14.9072588172197,-1313.58151807342,8.46296362091493,-0.29676273738695,3.520422728634,
53.626,0.245999999999995,97,97,2,96.25,0,-15.1947798211128,-1350.20108726757,8.84591034533528,-0.29231532512677,3.977521600191,
53.627,0.247,97,97,2,96.25,0,-15.4767193916764,-1387.62164428122,9.23186062794133,-0.28733231047459,4.465046459854,
53.628,0.247999999999998,97,97,2,96.25,0,-15.7524247437358,-1425.41407692515,9.61964512987674,-0.28174373501119,5.004002177946,
53.629,0.248999999999995,97,97,2,96.25,0,-16.0212741511019,-1463.08585041623,10.0079308766982,-0.27551883420267,5.59780482357,
53.63,0.25,97,97,2,96.25,0,-16.2826813441269,-1500.61123789845,10.3952967451145,-0.26867352647176,6.220125281701,
53.631,0.250999999999998,97,97,2,96.5,0,-16.5360558217155,-1538.21974721271,10.7802778517809,-0.26123004269641,6.838638467525,
53.632,0.251999999999995,97,97,2,96.5,0,-16.7807573720879,-1575.65076894607,11.1612623232623,-0.25318241405466,7.445274421938,
53.633,0.253,97,97,2,96.5,0,-17.0161193728788,-1612.45528253818,11.5364418327677,-0.24450156366281,8.05635170686,
53.634,0.253999999999998,97,97,2,96.5,0,-17.2415531212138,-1648.34490058151,11.9039890366939,-0.23518538992858,8.681480869534,
53.635,0.254999999999995,97,97,2,96.5,0,-17.4566253859434,-1683.12934745256,12.2622428924004,-0.22530377899015,9.295207892776,
53.636,0.256,97,97,2,96.5,0,-17.6610073606788,-1717.05739385134,12.6097113327288,-0.21497362281296,9.846543348798,
53.637,0.256999999999998,97,97,2,96.5,0,-17.8543721085525,-1749.69974409412,12.9448856426878,-0.20428389367515,10.303464493748,
53.638,0.257999999999996,97,97,2,96.5,0,-18.0364060873093,-1781.2626137678,13.2662632061088,-0.19327068519714,10.678901051684,
53.639,0.259,97,97,2,96.5,0,-18.206826925716,-1811.71437195604,13.5724222812504,-0.18194926738684,11.008627475637,
53.64,0.259999999999998,97,97,2,96.5,0,-18.3653708640162,-1840.46058877449,13.8619373820681,-0.17034171047978,11.314796739641,
53.641,0.260999999999996,97,97,2,96.5,0,-18.5117430194904,-1867.35072058687,14.1332975487897,-0.15845547348435,11.605319204543,
53.642,0.262,97,97,2,96.5,0,-18.6455875855277,-1892.30339244761,14.3849021853943,-0.14626541349093,11.893779868316,
53.643,0.262999999999998,97,97,2,96.5,0,-18.7665750871215,-1915.3010570936,14.6152384600981,-0.13374572353532,12.19780208268,
53.644,0.263999999999996,97,97,2,96.5,0,-18.8744991104321,-1935.44851863306,14.8230326535851,-0.12092557744189,12.510937808299,
53.645,0.265000000000001,97,97,2,96.5,0,-18.9692162264068,-1952.89344684662,15.0071789220319,-0.10788099459479,12.797340278185,
53.646,0.265999999999998,97,97,2,96.5,0,-19.050578008415,-1967.6476267179,15.1666700261227,-0.09467258798552,13.02639894965,
53.647,0.266999999999996,97,97,2,96.5,0,-19.1185062181368,-1979.80535921529,15.3007417332705,-0.08133831051223,13.197020739825,
53.648,0.268000000000001,97,97,2,96.5,0,-19.1730560886319,-1989.22782684253,15.4089968564154,-0.06794477963971,13.314292233853,
53.649,0.268999999999998,97,97,2,96.5,0,-19.2143889807681,-1995.71804344934,15.4913515253282,-0.05459827875544,13.361645856276,
53.65,0.269999999999996,97,97,2,96.5,0,-19.2426979072651,-1999.2162102042,15.5478976754018,-0.04139079595211,13.318904456463,
53.651,0.271000000000001,97,97,2,96.5,0,-19.258235002264,-1999.8148197901,15.57896433791,-0.02838456673933,13.188812150447,
53.652,0.271999999999998,97,97,2,96.5,0,-19.261371166987,-1997.58965994414,15.5852325973665,-0.01564836536556,12.985596938242,
53.653,0.272999999999996,97,97,2,96.5,0,-19.2526043252515,-1992.70374487717,15.5677414619872,-0.00328554186822,12.705196362544,
53.654,0.274000000000001,97,97,2,96.5,0,-19.2324901242498,-1985.36693015145,15.527733605409,0.00860014757781,12.331696644876,
53.655,0.274999999999999,97,97,2,96.5,0,-19.2015531183735,-1975.60198124778,15.4664633461651,0.01995683468422,11.870128959537,
53.656,0.275999999999996,97,97,2,96.5,0,-19.1602494751264,-1963.57479976631,15.38511216994,0.03080015562516,11.361377958655,
53.657,0.277000000000001,97,97,2,96.5,0,-19.1089707673758,-1949.60423109747,15.2847807879902,0.04118617138691,10.860139236824,
53.658,0.277999999999999,97,97,2,96.5,0,-19.048111797186,-1933.38401211605,15.1666234551196,0.05116026713131,10.399631310302,
53.659,0.278999999999996,97,97,2,96.5,0,-18.9781071353086,-1915.23211043643,15.031912919942,0.06072859896432,9.975942576188,
53.66,0.280000000000001,97,97,2,96.5,0,-18.8994299865011,-1895.31706569445,14.8820113476577,0.06986270045015,9.559791902273,
53.661,0.280999999999999,97,97,2,96.5,0,-18.8125756788943,-1873.85517660706,14.7183269249797,0.07852855036826,9.123895119668,
53.662,0.281999999999996,97,97,2,96.5,0,-18.718060190407,-1851.20878914085,14.5422888047952,0.08669951423116,8.657859571863,
53.663,0.283000000000001,97,97,2,96.5,0,-18.6164043335351,-1827.39795793144,14.355312844311,0.09435924473853,8.166059672804,
53.664,0.283999999999999,97,97,2,96.5,0,-18.5081148429465,-1802.73982623757,14.158759958604,0.10150383647153,7.658558881718,
53.665,0.284999999999997,97,97,2,96.5,0,-18.39368655689,-1777.19087339211,13.9539372915241,0.10814103911396,7.14691663814,
53.666,0.286000000000001,97,97,2,96.5,0,-18.2736448016526,-1751.19845929072,13.7421602671961,0.1142706881704,6.637153293804,
53.667,0.286999999999999,97,97,2,96.5,0,-18.148545751444,-1724.70800802231,13.5247439683587,0.11987490297449,6.124284856532,
53.668,0.287999999999997,97,97,2,96.5,0,-18.0189027026777,-1698.000738814,13.3028787698691,0.12494506128455,5.601628131586,
53.669,0.289000000000001,97,97,2,96.5,0,-17.8851458679165,-1671.34079750089,13.0775425403058,0.12951398499746,5.080004879124,
53.67,0.289999999999999,97,97,2,96.5,0,-17.7476061476893,-1644.56290401085,12.8495083066025,0.13365756460256,4.591690859712,
53.671,0.290999999999997,97,97,2,96.5,0,-17.6065391205355,-1618.1590555086,12.6193770629733,0.13746304666539,4.169753574762,
53.672,0.292000000000002,97,97,2,96.5,0,-17.4621689185137,-1591.71136416508,12.3876722424972,0.14099978753621,3.826288967908,
53.673,0.292999999999999,97,97,2,96.5,0,-17.3147041901359,-1565.53589220579,12.154880937956,0.14430760746817,3.548686946765,
53.674,0.293999999999997,97,97,2,96.5,0,-17.1643046762698,-1539.54055798667,11.9213799436429,0.14741680611749,3.316909828826,
53.675,0.295000000000002,97,97,2,96.5,0,-17.0110608356246,-1513.64785803318,11.6874387841008,0.15037237625334,3.122696480071,
53.676,0.295999999999999,97,97,2,96.5,0,-16.8550632353559,-1487.72357890278,11.4533354132624,0.15321667049852,2.96827592269,
53.677,0.296999999999997,97,97,2,96.5,0,-16.6964950020698,-1461.83432980009,11.2194823199832,0.15594266228687,2.842186275332,
53.678,0.298000000000002,97,97,2,96.5,0,-16.5356325121465,-1436.36469475806,10.9863765642914,0.15848532037204,2.706482414445,
53.679,0.298999999999999,97,97,2,96.5,0,-16.3727488340389,-1411.26131419584,10.7544606651848,0.16078056938743,2.52343547519,
53.68,0.299999999999997,97,97,2,96.5,0,-16.2080343728704,-1386.5699022034,10.52403903456,0.16282655657058,2.294693186652,
53.681,0.301000000000002,97,97,2,96.5,0,-16.0415571885239,-1362.28458357461,10.2952282570747,0.16469404320363,2.067215567792,
53.682,0.302,97,97,2,96.5,0,-15.8733167230631,-1338.41038274714,10.0680451679738,0.16647735172739,1.895783365293,
53.683,0.302999999999997,97,97,2,96.5,0,-15.7032528820516,-1314.83217300407,9.84243485789077,0.16825849379172,1.807912018718,
53.684,0.304000000000002,97,97,2,96.5,0,-15.5312768335665,-1291.27418413166,9.61834092127469,0.17009049058837,1.797048421855,
53.685,0.305,97,97,2,96.5,0,-15.3573430728568,-1267.97316105044,9.39577116360778,0.1719896999104,1.836904134568,
53.686,0.305999999999997,97,97,2,96.5,0,-15.1814749230998,-1244.95854968284,9.17479883839164,0.17392676375651,1.89040192164,
53.687,0.306999999999995,97,97,2,96.5,0,-15.0036804764596,-1222.17169072016,8.95547781045082,0.17586572210777,1.926275840431,
53.688,0.308,97,97,2,96.5,0,-14.8239092311067,-1199.69612069922,8.73778671418125,0.17780959718905,1.939865018721,
53.689,0.308999999999998,97,97,2,96.5,0,-14.6420850984407,-1177.62079790625,8.52165992078238,0.17979407193302,1.954579961081,
53.69,0.309999999999995,97,97,2,96.5,0,-14.4581108294388,-1155.81469710839,8.30701387605319,0.18185330737284,1.994723053918,
53.691,0.311,97,97,2,96.5,0,-14.271856553873,-1133.7549139545,8.09379281142029,0.1840132300703,2.067013408357,
53.692,0.311999999999998,97,97,2,96.5,0,-14.0831596924739,-1112.02408245822,7.88190708741075,0.18630304934662,2.168685493826,
53.693,0.312999999999995,97,97,2,96.5,0,-13.8918813755656,-1090.57800964728,7.67125207691234,0.18873852230187,2.294546406341,
53.694,0.314,97,97,2,96.5,0,-13.6979532590266,-1069.16549117202,7.46183458225181,0.19129882014475,2.42922431786,
53.695,0.314999999999998,97,97,2,96.5,0,-13.5013252901407,-1047.47535317864,7.25373918720891,0.19394313235386,2.54805468646,
53.696,0.315999999999995,97,97,2,96.5,0,-13.3019271092605,-1025.61072490284,7.04705439082019,0.19664907678012,2.637597564386,
53.697,0.317,97,97,2,96.5,0,-13.0997131136873,-1003.59979580614,6.84188700719432,0.19941186168981,2.704506906144,
53.698,0.317999999999998,97,97,2,96.5,0,-12.8947045864214,-981.59278328035,6.63839630370549,0.20220761067311,2.755621986744,
53.699,0.318999999999996,97,97,2,96.5,0,-12.6869797204821,-959.757299420445,6.43676296087037,0.20498506936011,2.780372672327,
53.7,0.32,97,97,2,96.5,0,-12.4766341587853,-937.965949107787,6.23717412954193,0.20769617306453,2.763039281116,
53.701,0.320999999999998,97,97,2,96.5,0,-12.2637883392093,-916.203074158971,6.03984806684713,0.21030943033331,2.701656268502,
53.702,0.321999999999996,97,97,2,96.5,0,-12.04859882299,-894.402110309675,5.8450364399921,0.21279885120523,2.605460280414,
53.703,0.323,97,97,2,96.5,0,-11.8312147545596,-872.654485957381,5.65297146397046,0.21514477288964,2.483522034725,
53.704,0.323999999999998,97,97,2,96.5,0,-11.6117921113032,-851.021313576682,5.46386471394504,0.21733727521487,2.342945632909,
53.705,0.324999999999996,97,97,2,96.5,0,-11.3905156592078,-829.600391478029,5.27792370984056,0.2193672134603,2.189758909044,
53.706,0.326000000000001,97,97,2,96.5,0,-11.1675807477241,-808.175775154525,5.09536496747137,0.22121784726019,2.024916135708,
53.707,0.326999999999998,97,97,2,96.5,0,-10.9431372742158,-786.915719787256,4.91636102962724,0.22288994227459,1.850863497905,
53.708,0.327999999999996,97,97,2,96.5,0,-10.7172743411932,-765.754831654675,4.74101566724394,0.22441674275521,1.682068289913,
53.709,0.329000000000001,97,97,2,96.5,0,-10.4900837031133,-744.471916464868,4.56946097796862,0.2258354066855,1.537947875655,
53.71,0.329999999999998,97,97,2,96.5,0,-10.2617047542561,-723.111763961713,4.40187836882075,0.2271488197959,1.419529649422,
53.711,0.330999999999996,97,97,2,96.5,0,-10.0322903848704,-701.855385046509,4.23842439887821,0.22833308178256,1.306243019245,
53.712,0.332000000000001,97,97,2,96.5,0,-9.80198681990599,-680.704764883807,4.07922013322488,0.229370501900763,1.1789547632449,
53.713,0.332999999999998,97,97,2,96.5,0,-9.57094124487996,-659.518154748426,3.92439384566015,0.230259409309283,1.0369188658352,
53.714,0.333999999999996,97,97,2,96.5,0,-9.33931964727836,-638.385825866367,3.77408254889841,0.230995778780215,0.8876998401485,
53.715,0.335000000000001,97,97,2,96.5,0,-9.10733508268101,-617.25965668859,3.62843736361884,0.231557680927654,0.7297906551605,
53.716,0.335999999999999,97,97,2,96.5,0,-8.87524002839929,-596.269350259593,3.48761032324879,0.231908821403936,0.5510138431398,
53.717,0.336999999999996,97,97,2,96.5,0,-8.64329109343943,-575.383094243106,3.35172855492604,0.232018071579848,0.3418018875181,
53.718,0.338000000000001,97,97,2,96.5,0,-8.41171997041046,-554.631014955852,3.22088923677313,0.23187942717715,0.10744889244,
53.719,0.338999999999999,97,97,2,96.5,0,-8.1807687762613,-533.679570291769,3.09521592213909,0.231498487944295,-0.1369644781621,
53.72,0.339999999999996,97,97,2,96.5,0,-7.95073462852416,-512.551693362696,2.97488146360374,0.2308620588895,-0.3848977303899,
53.721,0.341000000000001,97,97,2,96.5,0,-7.72193010635375,-491.428033630464,2.86002391275201,0.229940373990727,-0.6453588614064,
53.722,0.341999999999999,97,97,2,96.5,0,-7.49463615581595,-470.446640477822,2.75070976545186,0.228720238350646,-0.925643367972,
53.723,0.342999999999996,97,97,2,96.5,0,-7.26910648152286,-449.425020740482,2.64698058737886,0.22721783915417,-1.2152794846071,
53.724,0.344000000000001,97,97,2,96.5,0,-7.04561751248118,-428.20079147164,2.54891074339105,0.22544674559108,-1.4983284395417,
53.725,0.344999999999999,97,97,2,96.5,0,-6.82450211654069,-406.983783438026,2.45657465940877,0.223389108686746,-1.776448255479,
53.726,0.345999999999997,97,97,2,96.5,0,-6.60615445916648,-386.225986777962,2.36997691184229,0.220997146300963,-2.0719715463955,
53.727,0.347000000000001,97,97,2,96.5,0,-6.39099403155843,-365.85111503626,2.28906829643199,0.218221810014246,-2.4066769116285,
53.728,0.347999999999999,97,97,2,96.5,0,-6.17948136034816,-345.389530675855,2.21385009200804,0.215022269618564,-2.7875853491263,
53.729,0.348999999999997,97,97,2,96.5,0,-5.97213858023816,-324.904676347918,2.14435975982008,0.211356030799523,-3.2122886900002,
53.73,0.350000000000001,97,97,2,96.5,0,-5.76950484581112,-304.805944525831,2.08055945246207,0.207181033735193,-3.67885676562,
53.731,0.350999999999999,97,97,2,96.5,0,-5.57206627618431,-285.51277229753,2.02228361092531,0.202487898691859,-4.1778109844445,
53.732,0.351999999999997,97,97,2,96.5,0,-5.38018878438299,-266.900665181256,1.96928575851493,0.197328795719232,-4.6774840284207,
53.733,0.353000000000002,97,97,2,96.5,0,-5.19412663754787,-248.794327151154,1.92131009982219,0.191801211659107,-5.1298569200885,
53.734,0.353999999999999,97,97,2,96.5,0,-5.01406433392636,-231.395135777195,1.87807808938737,0.186006797360897,-5.4970888053011,
53.735,0.354999999999997,97,97,2,96.5,0,-4.84016997139002,-214.673449967657,1.83929368320457,0.180011874260042,-5.774517867578,
53.736,0.356000000000002,97,97,2,96.5,0,-4.67260561738487,-198.797856728237,1.8046521570015,0.173845742302534,-5.9861331170574,
53.737,0.356999999999999,97,97,2,96.5,0,-4.51150966020408,-183.574931062061,1.77385280187701,0.167522837517199,-6.1618011488602,
53.738,0.357999999999997,97,97,2,96.5,0,-4.3569993758817,-169.291284275561,1.74659207224721,0.161060774370575,-6.3176204453736,
53.739,0.359000000000002,97,97,2,96.5,0,-4.20917972989854,-156.091860085312,1.72254306164305,0.154478794678137,-6.4562906019815,
53.74,0.359999999999999,97,97,2,96.5,0,-4.06812682302331,-144.133245459944,1.70136924971601,0.147796815752547,-6.5760044986394,
53.741,0.360999999999997,97,97,2,96.5,0,-3.93384752866033,-133.335978452279,1.68274006391883,0.141050844853934,-6.6711767475513,
53.742,0.362000000000002,97,97,2,96.5,0,-3.8062620099394,-123.5109561,1.66635508923045,0.13430324542404,-6.7272618660904,
53.743,0.363,97,97,2,96.5,0,-3.68522442828221,-114.667253741881,1.65194083196911,0.127629270294423,-6.7250235804266,
53.744,0.363999999999997,97,97,2,96.5,0,-3.57058442373146,-106.736012186051,1.63924999626235,0.12108268964438,-6.6578440758279,
53.745,0.365000000000002,97,97,2,96.5,0,-3.46217991221209,-99.8279874055138,1.62805376152573,0.114688629773268,-6.5390427602359,
53.746,0.366,97,97,2,96.5,0,-3.35981179100476,-93.5513914857422,1.61815581967707,0.108464242335172,-6.3889143748865,
53.747,0.366999999999997,97,97,2,96.5,0,-3.26324069493554,-87.7963162920196,1.6093993462222,0.102439930759509,-6.2152664092709,
53.748,0.368000000000002,97,97,2,96.5,0,-3.17219890076593,-82.4609759904755,1.60164908154226,0.096651413040773,-6.0135961773148,
53.749,0.369,97,97,2,96.5,0,-3.08643132827134,-77.6675680183437,1.5947821632889,0.091118318236988,-5.7826290013288,
53.75,0.369999999999997,97,97,2,96.5,0,-3.00571437161291,-73.5818953400091,1.58867796509963,0.085834654246247,-5.5348924343571,
53.751,0.370999999999995,97,97,2,96.5,0,-2.9298263933563,-70.0160655906448,1.58322928563123,0.080783447888729,-5.2887559446873,
53.752,0.372,97,97,2,96.5,0,-2.85854634630972,-66.8337176830858,1.5783519561362,0.075954292414147,-5.0543283826041,
53.753,0.372999999999998,97,97,2,96.5,0,-2.79165217314515,-63.8528425601335,1.5739808714406,0.071346664244986,-4.8293125478365,
53.754,0.373999999999995,97,97,2,96.5,0,-2.72891429707988,-61.0186154652029,1.57006378641177,0.066963046199383,-4.6068833237199,
53.755,0.375,97,97,2,96.5,0,-2.67010537689005,-58.3327173172764,1.56655432490967,0.062806078432428,-4.382825999076,
53.756,0.375999999999998,97,97,2,96.75,0,-2.61500474012284,-56.1171295688383,1.56340119518902,0.058875121925676,-4.1571594724885,
53.757,0.376999999999995,97,97,2,96.75,0,-2.56341121921294,-54.2397438401586,1.56055434536114,0.055160987036803,-3.9337133994492,
53.758,0.378,97,97,2,96.75,0,-2.51513438488952,-52.4637769986581,1.55797869126252,0.051650649691149,-3.718042111271,
53.759,0.378999999999998,97,97,2,96.75,0,-2.46999365076736,-50.8925695750432,1.55564590058225,0.048331010238986,-3.5142672405724,
53.76,0.379999999999995,97,97,2,96.75,0,-2.42781517778086,-49.5306977844925,1.55352805054747,0.04519288584184,-3.3223943037052,
53.761,0.381,97,97,2,96.75,0,-2.38842382690061,-48.298259841647,1.55160124314941,0.042231014695323,-3.1397029384624,
53.762,0.381999999999998,97,97,2,96.75,0,-2.35164244726296,-47.0566937962948,1.54984759977435,0.039444496139345,-2.962141344544,
53.763,0.382999999999996,97,97,2,96.75,0,-2.31729227982131,-45.9779948302898,1.54824972120824,0.03683500735163,-2.7860154026608,
53.764,0.384,97,97,2,96.75,0,-2.28519415831273,-45.0663358610615,1.54678854521364,0.034403917320529,-2.6090780912097,
53.765,0.384999999999998,97,97,2,96.75,0,-2.25518038651282,-44.1654531902136,1.5454494539367,0.0321484303759,-2.4319287321436,
53.766,0.385999999999996,97,97,2,96.75,0,-2.22711185956102,-43.326000666688,1.54422157582138,0.030055503258078,-2.2593999225285,
53.767,0.387,97,97,2,96.75,0,-2.20087473228839,-42.7299611367696,1.54309264521018,0.028102680502482,-2.0996637571963,
53.768,0.387999999999998,97,97,2,96.75,0,-2.17635374275513,-42.3458454994234,1.54204957372815,0.02627170585457,-1.9582996319586,
53.769,0.388999999999996,97,97,2,96.75,0,-2.15343189151421,-42.025534744464,1.54108259961467,0.024556089367369,-1.8329216320039,
53.77,0.390000000000001,97,97,2,96.75,0,-2.13201943435809,-41.7001587849367,1.54018621320188,0.022948774503182,-1.7177334485101,
53.771,0.390999999999998,97,97,2,96.75,0,-2.11204516091829,-41.2950792264907,1.53935732841276,0.021433820266664,-1.6120971627905,
53.772,0.391999999999996,97,97,2,96.75,0,-2.09341809593972,-40.9359186328341,1.53859146734257,0.020001566016327,-1.5178524289644,
53.773,0.393000000000001,97,97,2,96.75,0,-2.07601298459958,-40.5144821821729,1.53788264069513,0.01866464142541,-1.4284653483653,
53.774,0.393999999999998,97,97,2,96.75,0,-2.05971038901443,-40.213814978663,1.53722460030468,0.017440942705172,-1.3315557275393,
53.775,0.394999999999996,97,97,2,96.75,0,-2.04442316583836,-40.0429261892877,1.53661114894788,0.016328738588923,-1.224218100245,
53.776,0.396000000000001,97,97,2,96.75,0,-2.03006533440873,-39.923843760486,1.53603707424642,0.015313017374862,-1.1167076267893,
53.777,0.396999999999998,97,97,2,96.75,0,-2.01655174780949,-39.7354019773959,1.53549883318857,0.014383375504445,-1.0188422816242,
53.778,0.397999999999996,97,97,2,96.75,0,-2.00380783775804,-39.4938799211971,1.53499398776759,0.01353595708402,-0.9307986385126,
53.779,0.399000000000001,97,97,2,96.75,0,-1.99179630791063,-39.2350072486898,1.53452116057855,0.012755098954575,-0.8521173681286,
53.78,0.399999999999999,97,97,2,96.75,0,-1.98048525019422,-39.0138410572575,1.53407862195883,0.012021102269322,-0.7867677834814,
53.781,0.400999999999996,97,97,2,96.75,0,-1.96983238980631,-38.870712241922,1.53366377532248,0.01132374015716,-0.7370647465833,
53.782,0.402000000000001,97,97,2,96.75,0,-1.95981486040143,-38.6599648637441,1.53327544240364,0.010659720291551,-0.6983498101234,
53.783,0.402999999999999,97,97,2,96.75,0,-1.95041268927689,-38.5225744464291,1.53291260068244,0.010023521215687,-0.6656763026514,
53.784,0.403999999999996,97,97,2,96.75,0,-1.94157116072664,-38.4988626397442,1.53257210706494,0.009418585836355,-0.6351662038279,
53.785,0.405000000000001,97,97,2,96.75,0,-1.93321578147381,-38.4783126174564,1.5322505203184,0.008863876533311,-0.5992466654052,
53.786,0.405999999999999,97,97,2,96.75,0,-1.92527151759275,-38.3303700303163,1.53194542609674,0.008377889430525,-0.549160465853,
53.787,0.406999999999996,97,97,2,96.75,0,-1.91766872575096,-38.1252302612945,1.53165478808967,0.00796515688081,-0.4846273969421,
53.788,0.408000000000001,97,97,2,96.75,0,-1.91037375840975,-38.0129025476838,1.53137707549354,0.007612886103397,-0.4165703839457,
53.789,0.408999999999999,97,97,2,96.75,0,-1.90338784946595,-38.0702683627563,1.53111132044148,0.007294597172161,-0.3602147552505,
53.79,0.409999999999997,97,97,2,96.75,0,-1.89669591192405,-38.0849274212244,1.53085650753465,0.006990435042453,-0.3242454446307,
53.791,0.411000000000001,97,97,2,96.75,0,-1.89025585289511,-37.9363187545961,1.53061171687824,0.006704565408582,-0.3029124214153,
53.792,0.411999999999999,97,97,2,96.75,0,-1.8840405815885,-37.7606314822251,1.53037647833685,0.006448186266129,-0.2825102351967,
53.793,0.412999999999997,97,97,2,96.75,0,-1.87805594406338,-37.6357026317603,1.53015086847165,0.006213517488862,-0.2587131803226,
53.794,0.414000000000001,97,97,2,96.75,0,-1.87232832290017,-37.568516762091,1.52993549783238,0.005976722750994,-0.2418196750031,
53.795,0.414999999999999,97,97,2,96.75,0,-1.8668694267893,-37.4261483420871,1.52973080378953,0.005724108556081,-0.2409027868012,
53.796,0.415999999999997,97,97,2,96.75,0,-1.861659111766,-37.3295733676969,1.52953605335958,0.005464939300301,-0.2498348760596,
53.797,0.417000000000002,97,97,2,96.75,0,-1.85665797581878,-37.2554618051105,1.52934954840933,0.005222135626747,-0.2522930628521,
53.798,0.417999999999999,97,97,2,96.75,0,-1.8518192609227,-37.3012070019139,1.52916916917735,0.005015163354702,-0.2369639277691,
53.799,0.418999999999997,97,97,2,96.75,0,-1.84711392434071,-37.3935807986152,1.5289934371186,0.004847427717195,-0.2059507021363,
53.8,0.420000000000002,97,97,2,96.75,0,-1.84254307513432,-37.517822790502,1.52882223275378,0.004705003863537,-0.1719130927137,
53.801,0.420999999999999,97,97,2,96.75,0,-1.83810977580501,-37.6228068484225,1.52865567230228,0.004569930455946,-0.1478122549926,
53.802,0.421999999999997,97,97,2,96.75,0,-1.83379715101543,-37.7028793584197,1.52849324659147,0.004438361930518,-0.1362270767622,
53.803,0.423000000000002,97,97,2,96.75,0,-1.82957205684682,-37.7500788041765,1.52833384866469,0.004322567965209,-0.1278876220412,
53.804,0.423999999999999,97,97,2,96.75,0,-1.82540250199807,-37.6744655292492,1.52817660527742,0.004234691558942,-0.1121510656321,
53.805,0.424999999999997,97,97,2,96.75,0,-1.82127115526838,-37.5070834912822,1.52802130475408,0.004174754208987,-0.087869957086,
53.806,0.426000000000002,97,97,2,96.75,0,-1.81718360511604,-37.3893954960136,1.52786823319704,0.004129670192203,-0.0638630668973,
53.807,0.427,97,97,2,96.75,0,-1.81315310171971,-37.2327498839716,1.52771785079184,0.004083575098742,-0.0498433397384,
53.808,0.427999999999997,97,97,2,96.75,0,-1.80919466124349,-37.129497049436,1.52757067152777,0.0040259985471,-0.0492362079122,
53.809,0.429000000000002,97,97,2,96.75,0,-1.80530470869536,-37.0237432686511,1.52742644523471,0.003959512973826,-0.0568048206773,
53.81,0.43,97,97,2,96.75,0,-1.80147071005458,-36.8998367861157,1.52728473378198,0.003893712754352,-0.0636072606444,
53.811,0.430999999999997,97,97,2,96.75,0,-1.79768705353621,-36.8822915362419,1.5271451506666,0.003835682176262,-0.0636749331988,
53.812,0.431999999999995,97,97,2,96.75,0,-1.79395762417912,-36.8993332507134,1.52700756898784,0.003782491006709,-0.0589096479441,
53.813,0.433,97,97,2,96.75,0,-1.7902777908676,-36.7956171413154,1.52687197642118,0.003730818691803,-0.05418733572,
53.814,0.433999999999998,97,97,2,96.75,0,-1.78665653045191,-36.6490132787286,1.52673899535475,0.003677140256442,-0.0527298074366,
53.815,0.434999999999995,97,97,2,96.75,0,-1.78309057224543,-36.5489726688806,1.5266084848754,0.003622241621676,-0.053442659046,
53.816,0.436,97,97,2,96.75,0,-1.7795624050521,-36.4267499785575,1.52647974960013,0.003571211565298,-0.0533720014281,
53.817,0.436999999999998,97,97,2,96.75,0,-1.7760479382257,-36.351314189415,1.52635186155402,0.003535394387196,-0.0476267664116,
53.818,0.437999999999995,97,97,2,96.75,0,-1.77253122647957,-36.278719977479,1.52622415210689,0.003519250412398,-0.0344790805936,
53.819,0.439,97,97,2,96.75,0,-1.76901697204032,-36.2872729806351,1.52609664442545,0.003515301078147,-0.0183875436251,
53.82,0.439999999999998,97,97,2,96.75,0,-1.76550207171673,-36.3011619972063,1.52596907386865,0.003515185396616,-0.0064576305991,
53.821,0.440999999999995,97,97,2,96.75,0,-1.76198006235209,-36.2425895960891,1.52584132398243,0.003516839270603,-0.0007349106916,
53.822,0.442,97,97,2,96.75,0,-1.75845362827906,-36.010270719227,1.52571392650819,0.003521204064842,0.0019362834072,
53.823,0.442999999999998,97,97,2,96.75,0,-1.7549489267446,-35.8225964049397,1.52558805012836,0.003518586898942,0.0014569301217,
53.824,0.443999999999996,97,97,2,96.75,0,-1.75148891090775,-35.7589595171994,1.5254642134698,0.003497815586748,-0.0059688217465,
53.825,0.445,97,97,2,96.75,0,-1.74809370603854,-35.691898952547,1.5253429183185,0.003453978255841,-0.0222448739197,
53.826,0.445999999999998,97,97,2,96.75,0,-1.74476537442956,-35.6392896909142,1.52522421139358,0.003394586181433,-0.0415839483434,
53.827,0.446999999999996,97,97,2,96.75,0,-1.74147345495972,-35.5994052541409,1.52510695537012,0.003337469945307,-0.0540428998731,
53.828,0.448,97,97,2,96.75,0,-1.73819266373244,-35.4996009826877,1.52499032487216,0.003299504638814,-0.0520537087207,
53.829,0.448999999999998,97,97,2,96.75,0,-1.73490936940246,-35.3206916395216,1.52487406293955,0.003284880630858,-0.0367081958218,
53.83,0.449999999999996,97,97,2,96.75,0,-1.73163653945562,-35.2025887248129,1.52475865758757,0.003279404084228,-0.0188821591193,
53.831,0.451000000000001,97,97,2,96.75,0,-1.72840392610751,-35.1198982550207,1.52464499488252,0.003263904282163,-0.0112277616583,
53.832,0.451999999999998,97,97,2,96.75,0,-1.72521419024219,-35.101792171532,1.5245330005603,0.003231815082892,-0.0174696445963,
53.833,0.452999999999996,97,97,2,96.75,0,-1.72205418617814,-35.051221808798,1.52442215865565,0.003193679569776,-0.0289262742627,
53.834,0.454000000000001,97,97,2,96.75,0,-1.71890889071914,-34.8728416084914,1.52431219273609,0.003164511022916,-0.0336315290857,
53.835,0.454999999999998,97,97,2,96.75,0,-1.7157669714012,-34.7687791199869,1.52420278855934,0.003148695198197,-0.0278528200945,
53.836,0.455999999999996,97,97,2,96.75,0,-1.71264125979771,-34.7733702935266,1.52409410420765,0.003138069845923,-0.0182644996278,
53.837,0.457000000000001,97,97,2,96.75,0,-1.70954678263618,-34.9125821523209,1.52398628341348,0.003121203585237,-0.0140547665311,
53.838,0.457999999999998,97,97,2,96.75,0,-1.70648320788272,-34.8386249858687,1.52387943939488,0.003094576771697,-0.0179221540186,
53.839,0.458999999999996,97,97,2,96.75,0,-1.70344346600907,-34.6397849020424,1.52377384117895,0.003065695611938,-0.0243749515495,
53.84,0.460000000000001,97,97,2,96.75,0,-1.70042623656503,-34.3593374810934,1.52366974808712,0.00304013800871,-0.027207788934,
53.841,0.460999999999999,97,97,2,96.75,0,-1.6974431929832,-34.2611289611853,1.52356739916613,0.00301372741426,-0.0268105675539,
53.842,0.461999999999996,97,97,2,96.75,0,-1.69449879337442,-34.1550055371068,1.5234666769463,0.002981706148578,-0.027837898453,
53.843,0.463000000000001,97,97,2,96.75,0,-1.69157099961185,-34.1798535276555,1.52336664175922,0.002951011046832,-0.0299402151316,
53.844,0.463999999999999,97,97,2,96.75,0,-1.68864253874143,-34.3729453528242,1.5232662646647,0.002932975648788,-0.0272950398162,
53.845,0.464999999999996,97,97,2,96.75,0,-1.68570728301501,-34.4019029157163,1.52316532878109,0.002930299194865,-0.0172256259183,
53.846,0.466000000000001,97,97,2,96.75,0,-1.68275571463442,-34.2153636148698,1.52306406450396,0.002938111065871,-0.0041376396806,
53.847,0.466999999999999,97,97,2,96.75,0,-1.67978963820344,-34.0084822063311,1.5229628859334,0.002951026999456,0.006196592301,
53.848,0.467999999999996,97,97,2,96.75,0,-1.67682450067061,-34.0367992548371,1.52286200412439,0.002961442346418,0.0106345388244,
53.849,0.469000000000001,97,97,2,96.75,0,-1.67387716412441,-33.9912512556759,1.52276175334467,0.002960078906286,0.0076318868207,
53.85,0.469999999999999,97,97,2,96.75,0,-1.6709564045467,-33.8582529824215,1.52266266729998,0.002944703751642,-0.0020333183574,
53.851,0.470999999999997,97,97,2,96.75,0,-1.66805924665347,-33.7449846242798,1.52256473867325,0.002921652162913,-0.0134745705159,
53.852,0.472000000000001,97,97,2,96.75,0,-1.66518663171733,-33.7824557159904,1.52246774850639,0.002896875511447,-0.0212661773246,
53.853,0.472999999999999,97,97,2,96.75,0,-1.66233995914845,-33.9553105426347,1.52237133488583,0.002872195113089,-0.0242302567125,
53.854,0.473999999999997,97,97,2,96.75,0,-1.65950857974206,-33.9234713805219,1.5222752395932,0.002849867330311,-0.0240034896164,
53.855,0.475000000000001,97,97,2,96.75,0,-1.65668638756139,-33.7379518589117,1.52217976282341,0.002833211187418,-0.0213320754865,
53.856,0.475999999999999,97,97,2,96.75,0,-1.65388537117334,-33.620712095501,1.52208542646261,0.002818595610599,-0.0177454650363,
53.857,0.476999999999997,97,97,2,96.75,0,-1.65110865062468,-33.7258373521718,1.52199192518876,0.00280008037402,-0.0163976445692,
53.858,0.478000000000002,97,97,2,96.75,0,-1.64833769308704,-33.8326683707764,1.52189832431341,0.002782280397174,-0.0171307607311,
53.859,0.478999999999999,97,97,2,96.75,0,-1.64554523264185,-33.786285004326,1.52180391268709,0.002779137313211,-0.013617486901,
53.86,0.479999999999997,97,97,2,96.75,0,-1.64273040435362,-33.5400683143058,1.52170915662515,0.002792719925837,-0.0025224428512,
53.861,0.481000000000002,97,97,2,96.75,0,-1.63991821524346,-33.3038383949708,1.5216151677719,0.002807326181897,0.0088719966795,
53.862,0.481999999999999,97,97,2,96.75,0,-1.63712452130959,-33.2183338707598,1.52152224647733,0.002807432310694,0.0099491248509,
53.863,0.482999999999997,97,97,2,96.75,0,-1.63434302006455,-33.2999976488534,1.52142973606635,0.002795584680108,0.000870039161,
53.864,0.484000000000002,97,97,2,96.75,0,-1.63157564966469,-33.2509001595477,1.52133765057403,0.002780919798135,-0.0091066781872,
53.865,0.484999999999999,97,97,2,96.75,0,-1.62882589158249,-33.0810285231773,1.52124645219553,0.002766325958116,-0.0137983939707,
53.866,0.485999999999997,97,97,2,96.75,0,-1.62608481128804,-32.8658915148588,1.52115606929402,0.002752438441173,-0.0144032556824,
53.867,0.487000000000002,97,97,2,96.75,0,-1.62334919762858,-32.630299013417,1.52106648315728,0.002742043640278,-0.0130515990514,
53.868,0.488,97,97,2,96.75,0,-1.62062388014255,-32.4843122656456,1.52097775416291,0.002734164797928,-0.0106878281459,
53.869,0.488999999999997,97,97,2,96.75,0,-1.6179166548313,-32.462952121299,1.5208898407239,0.002722978685625,-0.0096258108994,
53.87,0.490000000000002,97,97,2,96.75,0,-1.61523296306779,-32.4616845544988,1.52080272186754,0.002705592899362,-0.0120538335051,
53.871,0.491,97,97,2,96.75,0,-1.61256258529902,-32.4779157959035,1.520716015235,0.00268675762941,-0.0159607291817,
53.872,0.491999999999997,97,97,2,96.75,0,-1.60989319585364,-32.3505161005484,1.52062948906905,0.002674075470175,-0.0165544916302,
53.873,0.493000000000002,97,97,2,96.75,0,-1.60723900229711,-32.274704577014,1.52054372514689,0.002665127175742,-0.0134079330095,
53.874,0.494,97,97,2,96.75,0,-1.60461602768024,-32.1144295563479,1.52045927961467,0.002649386641287,-0.0121061258802,
53.875,0.494999999999997,97,97,2,96.75,0,-1.60203528155041,-31.9974171096115,1.52037655141459,0.002619671752656,-0.0178951687012,
53.876,0.495999999999995,97,97,2,96.75,0,-1.59950306128207,-31.9264191626549,1.52029561679765,0.002578856917495,-0.0288525663372,
53.877,0.497,97,97,2,96.75,0,-1.59701532940276,-31.8918965676408,1.52021623536839,0.002533431510078,-0.0388680228788,
53.878,0.497999999999998,97,97,2,96.75,0,-1.5945652985212,-31.9110649564865,1.52013807575537,0.002489768096694,-0.0435136375303,
53.879,0.498999999999995,97,97,2,96.75,0,-1.59214366567376,-31.871966609774,1.5200608462132,0.002452821770649,-0.0421768853922,
53.88,0.5,97,97,2,96.75,0,-1.58973493800044,-31.8765817387486,1.51998406976693,0.00242628070544,-0.0358398739959,
53.881,0.500999999999998,97,97,2,97,0,-1.58733177011559,-31.8058350108358,1.51990754999755,0.002410931289015,-0.0263051488246,
53.882,0.000999999999997669,98,98,2,97,0,-1.58493636602654,-31.7361275338872,-7.61043384613913E-05,0.002402506682651,-0.0166294680419,
53.883,0.00200000000000244,98,98,2,97,0,-1.58254559467761,-31.6764937172868,-0.000151906877476904,0.002396343405754,-0.0098236505422,
53.884,0.00300000000000011,98,98,2,97,0,-1.5801495263601,-31.5334608113065,-0.000227634562179446,0.00239375026154,-0.0057706359322,
53.885,0.00399999999999778,98,98,2,97,0,-1.57774060590104,-31.4549887569749,-0.000303501644594917,0.002398334869401,-0.0015108583964,
53.886,0.00500000000000256,98,98,2,97,0,-1.57533616985519,-31.2892132883013,-0.000378933855131436,0.002403719492632,0.0026712868495,
53.887,0.00600000000000023,98,98,2,97,0,-1.57296498416529,-31.0605588192058,-0.000452855298817667,0.002395806263028,0.0011552627695,
53.888,0.0069999999999979,98,98,2,97,0,-1.57064010238304,-30.9297424821341,-0.000524915359903844,0.00236726962439,-0.0101108964637,
53.889,0.00800000000000267,98,98,2,97,0,-1.5683737653414,-30.9789770052723,-0.000595068371978869,0.002321209532362,-0.0276066519448,
53.89,0.00900000000000034,98,98,2,97,0,-1.56615639071283,-31.1160406845213,-0.000663912330367111,0.002269211739902,-0.0425843661406,
53.891,0.00999999999999801,98,98,2,97,0,-1.56396113597414,-31.1775273127618,-0.00073228745554843,0.002225427385527,-0.0477524509049,
53.892,0.0110000000000028,98,98,2,97,0,-1.56176896787039,-31.1021283114114,-0.000800551192838839,0.002200964715172,-0.0404518805945,
53.893,0.0120000000000005,98,98,2,97,0,-1.55956270543142,-31.0607753079348,-0.000869125032522788,0.002197322394798,-0.0240130705667,
53.894,0.0129999999999981,98,98,2,97,0,-1.5573331185248,-30.9928133510434,-0.000938301966925792,0.002209031478699,-0.0052830040858,
53.895,0.0140000000000029,98,98,2,97,0,-1.55508710495738,-30.9119996019226,-0.001007821491811,0.002227517564565,0.009136763208,
53.896,0.0150000000000006,98,98,2,97,0,-1.55283783782862,-30.9534388113283,-0.00107739744032642,0.002242061637582,0.0152703814218,
53.897,0.0159999999999982,98,98,2,97,0,-1.55060182202804,-31.0567821424899,-0.0011467253572448,0.002244315661904,0.0120396622632,
53.898,0.017000000000003,98,98,2,97,0,-1.54838662448912,-31.0567791316832,-0.00121552226127619,0.002233745720536,0.0020938492235,
53.899,0.0180000000000007,98,98,2,97,0,-1.54619510572559,-31.0140164269485,-0.001283536917839,0.002214339384801,-0.0093736699711,
53.9,0.0189999999999984,98,98,2,97,0,-1.54402855732973,-31.0006962634315,-0.00135071585597757,0.002191131285846,-0.0178959463909,
53.901,0.0200000000000031,98,98,2,97,0,-1.54186642297931,-30.9653496572106,-0.00141770531419638,0.002172715292529,-0.0206299382976,
53.902,0.0210000000000008,98,98,2,97,0,-1.5396917202458,-30.8426004693391,-0.00148491227324143,0.002167229078979,-0.0159746910783,
53.903,0.0219999999999985,98,98,2,97,0,-1.53751696597779,-30.6270940800988,-0.00155175301352983,0.002170947678933,-0.0066037034289,
53.904,0.0230000000000032,98,98,2,97,0,-1.53536458018709,-30.5381105772284,-0.00161757857222256,0.002168028264467,-0.0010342484232,
53.905,0.0240000000000009,98,98,2,97,0,-1.53323174223762,-30.592013276145,-0.00168276889621666,0.002153231981524,-0.0044910706831,
53.906,0.0249999999999986,98,98,2,97,0,-1.53110123863058,-30.5877371751976,-0.00174794073572571,0.00213800199911,-0.0113633322412,
53.907,0.0260000000000034,98,98,2,97,0,-1.52896222879025,-30.5466032711147,-0.00181332421362868,0.002133755779756,-0.0118047436547,
53.908,0.027000000000001,98,98,2,97,0,-1.52683235072859,-30.636150787466,-0.00187848011643155,0.002133718436742,-0.00627868537,
53.909,0.0279999999999987,98,98,2,97,0,-1.52472270969748,-30.72358996505,-0.00194320362979283,0.002126546486096,-0.0034403882056,
53.91,0.0290000000000035,98,98,2,97,0,-1.52261978489187,-30.6505685719013,-0.00200773624999329,0.002113697272625,-0.0067347472039,
53.911,0.0300000000000011,98,98,2,97,0,-1.52051862288194,-30.4296592057585,-0.00207190597706131,0.002104410834556,-0.0100772020029,
53.912,0.0309999999999988,98,98,2,97,0,-1.51844601062917,-30.2159313232933,-0.00213475337406521,0.002093125921486,-0.0109548131899,
53.913,0.0320000000000036,98,98,2,97,0,-1.5164290096614,-30.1236547933448,-0.00219560587586898,0.002064493794418,-0.0158895347691,
53.914,0.0330000000000013,98,98,2,97,0,-1.51445771170643,-30.0558852193508,-0.00225492177796127,0.00201997344943,-0.0281944282446,
53.915,0.0339999999999989,98,98,2,97,0,-1.51249675757704,-30.0926380135219,-0.00231389602546983,0.001981905711136,-0.0378180976038,
53.916,0.0350000000000037,98,98,2,97,0,-1.51052919260763,-29.989486162076,-0.00237300376687699,0.00196604052907,-0.0333427534338,
53.917,0.0360000000000014,98,98,2,97,0,-1.50855211116676,-29.8425891183376,-0.00243215020967114,0.001968436658842,-0.017047555383,
53.918,0.036999999999999,98,98,2,97,0,-1.50656302746863,-29.7733888303116,-0.00249144079461416,0.00197782717661,-0.0009839473806,
53.919,0.0380000000000038,98,98,2,97,0,-1.50455558075727,-29.723276415082,-0.00255115898710301,0.001990991924921,0.0084244705321,
53.92,0.0390000000000015,98,98,2,97,0,-1.50253436026367,-29.6942576662082,-0.00261120695589057,0.002006069942063,0.0126064597974,
53.921,0.0399999999999991,98,98,2,97,0,-1.50050997694731,-29.6084329791194,-0.00267123264467273,0.002018037205756,0.013570810458,
53.922,0.0410000000000039,98,98,2,97,0,-1.49849262636487,-29.4927172733445,-0.00273084651462341,0.002021324649356,0.0102965436998,
53.923,0.0420000000000016,98,98,2,97,0,-1.49648957746067,-29.3331022426016,-0.00278976201127534,0.002015169899144,0.0030587314843,
53.924,0.0429999999999993,98,98,2,97,0,-1.49450535903029,-29.2500880448843,-0.00284788293421911,0.002001690265526,-0.0055195570902,
53.925,0.044000000000004,98,98,2,97,0,-1.49254329837108,-29.168658760761,-0.00290519349664464,0.001983220241175,-0.0127792858161,
53.926,0.0450000000000017,98,98,2,97,0,-1.49060389082038,-29.0576699516287,-0.00296165578743057,0.001961912058008,-0.0178243547759,
53.927,0.0459999999999994,98,98,2,97,0,-1.48867640297459,-28.9328027672337,-0.0030175437530886,0.001942627571783,-0.0198496264396,
53.928,0.0470000000000042,98,98,2,97,0,-1.48676036831016,-28.8245125097205,-0.00307287626219477,0.001927627802856,-0.0186061801182,
53.929,0.0480000000000018,98,98,2,97,0,-1.48486740971934,-28.6901996731929,-0.00312731274644307,0.001912547796754,-0.0163092552689,
53.93,0.0489999999999995,98,98,2,97,0,-1.48301342759158,-28.6158200999315,-0.00318043491466824,0.001888188473982,-0.0178397299505,
53.931,0.0500000000000043,98,98,2,97,0,-1.48120977346624,-28.6182068342489,-0.00323205010906236,0.001850576665952,-0.0255512733484,
53.932,0.0510000000000019,98,98,2,97,0,-1.47945642941597,-28.6218621437212,-0.00328223087626611,0.001803659503545,-0.0364276687657,
53.933,0.0519999999999996,98,98,2,97,0,-1.47774075496508,-28.6634519490568,-0.00333137235116965,0.001757136192977,-0.0440074005422,
53.934,0.0530000000000044,98,98,2,97,0,-1.47605514336808,-28.6850622650617,-0.00337970601148641,0.001717956474537,-0.0444383884813,
53.935,0.054000000000002,98,98,2,97,0,-1.47439912484593,-28.6184935826374,-0.00342715388643455,0.001685752530712,-0.0392900636939,
53.936,0.0549999999999997,98,98,2,97,0,-1.4727627513427,-28.4593381849142,-0.0034738542121886,0.001659002938929,-0.0326603705969,
53.937,0.0559999999999974,98,98,2,97,0,-1.47113435617451,-28.2997444727408,-0.00352006732015298,0.001639873508394,-0.0260998490212,
53.938,0.0570000000000022,98,98,2,97,0,-1.46951844988619,-28.2323170666249,-0.00356574257702391,0.001627042004741,-0.0195261008448,
53.939,0.0579999999999998,98,98,2,97,0,-1.46791362269309,-28.3452166395561,-0.00361114115932537,0.001616329223715,-0.0140852649295,
53.94,0.0589999999999975,98,98,2,97,0,-1.46631468804379,-28.483382631257,-0.00365657376755735,0.001606383158526,-0.011118383063,
53.941,0.0600000000000023,98,98,2,97,0,-1.46471438862402,-28.4755860363714,-0.00370214946980241,0.001601111843581,-0.0087736548669,
53.942,0.0609999999999999,98,98,2,97,0,-1.46310868665194,-28.3499243976183,-0.00374777188687858,0.001601510754322,-0.0049726723124,
53.943,0.0619999999999976,98,98,2,97,0,-1.46149753204351,-28.2260086996223,-0.00379334817455401,0.001605716997292,-0.0001599572961,
53.944,0.0630000000000024,98,98,2,97,0,-1.45988767711689,-28.2322396571437,-0.00383879296919076,0.001609128912982,0.0028257451173,
53.945,0.0640000000000001,98,98,2,97,0,-1.45829658840981,-28.3155491790155,-0.00388377924329575,0.001604614965301,0.0012724548627,
53.946,0.0649999999999977,98,98,2,97,0,-1.45674544971649,-28.4967003352887,-0.00392784108254318,0.001584733568814,-0.0067464233115,
53.947,0.0660000000000025,98,98,2,97,0,-1.45524351164521,-28.5038363374934,-0.0039706467206031,0.001548363510836,-0.0202177602925,
53.948,0.0670000000000002,98,98,2,97,0,-1.45378163257918,-28.4674698942761,-0.00401228930056163,0.001504680556317,-0.033617328493,
53.949,0.0679999999999978,98,98,2,97,0,-1.45232992577369,-28.4206121216488,-0.00405358170846171,0.001470845089443,-0.0385348392632,
53.95,0.0690000000000026,98,98,2,97,0,-1.45086573682514,-28.3816378542936,-0.00409516632180384,0.00145850312657,-0.0303416619672,
53.951,0.0700000000000003,98,98,2,97,0,-1.44939540739016,-28.3630469710282,-0.004136883011995,0.001462286451561,-0.0139524277141,
53.952,0.070999999999998,98,98,2,97,0,-1.44792928253567,-28.2778795552803,-0.00417840434707273,0.001467225914904,-0.0007074198626,
53.953,0.0720000000000027,98,98,2,97,0,-1.44647208963857,-28.2148550132847,-0.00421956475284446,0.00146470664142,0.0023550007893,
53.954,0.0730000000000004,98,98,2,97,0,-1.44502529831663,-28.1515571830066,-0.00426033997084119,0.001456752011769,-0.001912259286,
53.955,0.0739999999999981,98,98,2,97,0,-1.44358379414703,-28.1080740441536,-0.0043008892173475,0.001448325648786,-0.0064655428005,
53.956,0.0750000000000028,98,98,2,97,0,-1.44214108884719,-28.0988598668201,-0.00434143423805722,0.001443450654374,-0.0072194324121,
53.957,0.0760000000000005,98,98,2,97,0,-1.44068576674225,-28.048499828468,-0.00438229048489802,0.001446130002298,-0.0036741022825,
53.958,0.0769999999999982,98,98,2,97,0,-1.43921452013358,-27.9764184318227,-0.00442350372040323,0.001456314414529,0.0026645645153,
53.959,0.078000000000003,98,98,2,97,0,-1.43774541760147,-27.9758259423023,-0.00446460351236055,0.001465826034583,0.0077310552858,
53.96,0.0790000000000006,98,98,2,97,0,-1.43629597095159,-27.9857313692217,-0.00450516015823155,0.001463848990409,0.0062668584387,
53.961,0.0799999999999983,98,98,2,97,0,-1.43486251553745,-27.9252193871354,-0.00454523308576427,0.00145054604383,-0.0019282156271,
53.962,0.0810000000000031,98,98,2,97,0,-1.43343176050668,-27.8472877973434,-0.00458513148336692,0.001437442669852,-0.0098453040772,
53.963,0.0820000000000007,98,98,2,97,0,-1.43199515304007,-27.8882517299048,-0.00462516652947897,0.001433320876532,-0.0104687715609,
53.964,0.0829999999999984,98,98,2,97,0,-1.43056272794823,-27.8999284732977,-0.00466512272404884,0.001433597023424,-0.0054968854538,
53.965,0.0840000000000032,98,98,2,97,0,-1.42915219698223,-27.832215332047,-0.00470442868137866,0.001427111566519,-0.0030717163107,
53.966,0.0850000000000009,98,98,2,97,0,-1.42777031505557,-27.6863830639856,-0.00474278875523737,0.00140850449195,-0.0080934610651,
53.967,0.0859999999999985,98,98,2,97,0,-1.42640650376544,-27.4903838137611,-0.00478041410406149,0.001385055447503,-0.0164231802332,
53.968,0.0870000000000033,98,98,2,97,0,-1.42504968765444,-27.3908491565873,-0.00481764597461165,0.00136713392735,-0.0203381961954,
53.969,0.088000000000001,98,98,2,97,0,-1.42369102452571,-27.483187023307,-0.00485492363944218,0.001359468770058,-0.0165028685829,
53.97,0.0889999999999986,98,98,2,97,0,-1.42233334008405,-27.4766721353615,-0.00489223271227957,0.00135781541729,-0.0089385247931,
53.971,0.0900000000000034,98,98,2,97,0,-1.42098832625766,-27.3866479466056,-0.00492912867431983,0.0013541768632,-0.0040524545218,
53.972,0.0910000000000011,98,98,2,97,0,-1.41966012634654,-27.3048668375898,-0.00496544930686582,0.00134377083639,-0.0050732355094,
53.973,0.0919999999999987,98,98,2,97,0,-1.41834609951407,-27.3203140460286,-0.00500133878355769,0.001328992162106,-0.0096875792362,
53.974,0.0930000000000035,98,98,2,97,0,-1.41703646360868,-27.3227526123642,-0.00503712004459089,0.001316961477941,-0.0126424830061,
53.975,0.0940000000000012,98,98,2,97,0,-1.41572508571918,-27.2878638630082,-0.00507292762208067,0.001311475778747,-0.0108915857094,
53.976,0.0949999999999989,98,98,2,97,0,-1.41440573249557,-27.210313347683,-0.00510887879497091,0.0013132478945,-0.0052718502012,
53.977,0.0960000000000036,98,98,2,97,0,-1.41307710237653,-27.1080275968714,-0.00514496328688097,0.001319743692006,0.0010118757948,
53.978,0.0970000000000013,98,98,2,97,0,-1.4117474947184,-26.9851449927971,-0.00518092463514108,0.001326140312138,0.0050489397679,
53.979,0.097999999999999,98,98,2,97,0,-1.41042550914566,-26.9395616096977,-0.00521656847720919,0.001327027770786,0.004773624899,
53.98,0.0990000000000038,98,98,2,97,0,-1.40911412355109,-26.9754714880762,-0.00525192017607878,0.001321092204906,0.0004932997348,
53.981,0.100000000000001,98,98,2,97,0,-1.40781117000677,-26.8386977021636,-0.00528697885732754,0.001312035972946,-0.0048248583456,
53.982,0.100999999999999,98,98,2,97,0,-1.40651735243005,-26.645122321043,-0.00532157801052335,0.001302742369115,-0.0081912436973,
53.983,0.102000000000004,98,98,2,97,0,-1.4052505804657,-26.6277159943928,-0.00535532027953423,0.001288444683289,-0.0107236168682,
53.984,0.103000000000002,98,98,2,97,0,-1.40402675937443,-26.658316498348,-0.00538792656476517,0.001262000386137,-0.0164404446253,
53.985,0.103999999999999,98,98,2,97,0,-1.40284432523528,-26.711429883401,-0.00541947966982548,0.001224290267558,-0.0261800601823,
53.986,0.105000000000004,98,98,2,97,0,-1.40168864092899,-26.7303901622421,-0.00545036060617576,0.001186825274928,-0.0342568343662,
53.987,0.106000000000002,98,98,2,97,0,-1.40054485517704,-26.6872702289356,-0.00548090978560367,0.001160139689846,-0.0343047081503,
53.988,0.106999999999999,98,98,2,97,0,-1.3994050744258,-26.6318692056055,-0.00551129584999899,0.001146153818039,-0.0261094933639,
53.989,0.108000000000004,98,98,2,97,0,-1.39827093196666,-26.6080247709681,-0.00554148666213905,0.001139290763823,-0.0156589405122,
53.99,0.109000000000002,98,98,2,97,0,-1.39714246620866,-26.6690462277886,-0.00557154733729703,0.001134130936428,-0.008488931447,
53.991,0.109999999999999,98,98,2,97,0,-1.3960236281961,-26.7199097752204,-0.00560141413401993,0.00112728044471,-0.0061779947382,
53.992,0.111000000000004,98,98,2,97,0,-1.39492229038644,-26.7180969271517,-0.00563084078265774,0.001116476275322,-0.0075293957221,
53.993,0.112000000000002,98,98,2,97,0,-1.39384300217145,-26.6621804326816,-0.00565964713479161,0.001099972992129,-0.0113278002285,
53.994,0.113,98,98,2,97,0,-1.39279383731005,-26.7836322037054,-0.00568768386909824,0.001076866087314,-0.0167746355381,
53.995,0.114000000000004,98,98,2,97,0,-1.39176250342395,-27.0336901452293,-0.00571543568318589,0.001052852574887,-0.021397800612,
53.996,0.115000000000002,98,98,2,97,0,-1.39072458259783,-27.0974877815186,-0.00574352762163244,0.001038659260696,-0.0207954706726,
53.997,0.116,98,98,2,97,0,-1.38966420564206,-27.0797516399148,-0.00577225176974139,0.001042681583009,-0.0116746827106,
53.998,0.117000000000004,98,98,2,97,0,-1.3885836726878,-26.9920246295617,-0.00580146493783218,0.001059686916422,0.0024525346918,
53.999,0.118000000000002,98,98,2,97,0,-1.38749532536473,-26.8116191843635,-0.00583074346369017,0.001076830465356,0.0131518947393,
54,0.119,98,98,2,97,0,-1.38639636539203,-26.7383178276734,-0.0058601680823358,0.001089186807316,0.0156659221855,
54.001,0.119999999999997,98,98,2,97,0,-1.38527375382528,-26.7471799041066,-0.00589018980153355,0.001102871656026,0.0141910560772,
54.002,0.121000000000002,98,98,2,97,0,-1.38412981223108,-26.6279430687402,-0.00592071881317224,0.00112191509677,0.0148938742952,
54.003,0.122,98,98,2,97,0,-1.38297525072025,-26.5960534456496,-0.00595144400207914,0.001140728560954,0.0173668701658,
54.004,0.122999999999998,98,98,2,97,0,-1.38181968180778,-26.5904634661582,-0.00598217434483672,0.001151677756333,0.0165231765105,
54.005,0.124000000000002,98,98,2,97,0,-1.38067246686994,-26.6048212509795,-0.00601268755747242,0.001152760499589,0.0103485403836,
54.006,0.125,98,98,2,97,0,-1.37954268638807,-26.6781576997561,-0.00604278659230317,0.001144490793438,0.0012369440708,
54.007,0.125999999999998,98,98,2,97.25,0,-1.37843377851981,-26.7929585934345,-0.00607243386309619,0.001128749034578,-0.0077055871416,
54.008,0.127000000000002,98,98,2,97.25,0,-1.37733498147026,-26.8120449726571,-0.0061018843729812,0.00111213640673,-0.0137614037437,
54.009,0.128,98,98,2,97.25,0,-1.37622849335663,-26.6968485572753,-0.00613148785032536,0.001104137614387,-0.0137672165001,
54.01,0.128999999999998,98,98,2,97.25,0,-1.37511053811782,-26.5680384791154,-0.00616126173008524,0.00110762093196,-0.0071383100197,
54.011,0.130000000000003,98,98,2,97.25,0,-1.3739880625748,-26.5722226011514,-0.00619108605178553,0.001115871192519,0.001468767494,
54.012,0.131,98,98,2,97.25,0,-1.37286565234732,-26.6987635260274,-0.00622098200162213,0.001121099857095,0.0059136988683,
54.013,0.131999999999998,98,98,2,97.25,0,-1.3717523057582,-26.6774860935201,-0.00625069513435506,0.001119710730634,0.0041498060598,
54.014,0.133000000000003,98,98,2,97.25,0,-1.37065191437703,-26.4768541942456,-0.00627994042332602,0.001112179118243,-0.0012465349289,
54.015,0.134,98,98,2,97.25,0,-1.369547730395,-26.3846757669822,-0.00630912485064528,0.001105415723813,-0.0054584012237,
54.016,0.134999999999998,98,98,2,97.25,0,-1.3684245146221,-26.2828959893313,-0.00633870337429698,0.001108755739033,-0.0039628369233,
54.017,0.136000000000003,98,98,2,97.25,0,-1.36728767834361,-26.1849571213279,-0.00636852705372348,0.001121592387316,0.0031579822439,
54.018,0.137,98,98,2,97.25,0,-1.3661606531793,-26.1751630325468,-0.00639803264022021,0.001129806792559,0.0086009854521,
54.019,0.137999999999998,98,98,2,97.25,0,-1.36505986022114,-26.2617959133008,-0.00642689375780492,0.001122098836719,0.0048243698301,
54.02,0.139000000000003,98,98,2,97.25,0,-1.36397734881998,-26.2165670572792,-0.00645529797091626,0.001103178152905,-0.0062950659073,
54.021,0.140000000000001,98,98,2,97.25,0,-1.36289853070722,-26.162134603539,-0.00648355151696478,0.00108688788174,-0.0147677416271,
54.022,0.140999999999998,98,98,2,97.25,0,-1.36182228932435,-26.0877985372283,-0.0065116682871178,0.001079153080313,-0.0145127540383,
54.023,0.142000000000003,98,98,2,97.25,0,-1.36075501057695,-26.0679507031576,-0.00653950064847209,0.001074325611196,-0.0094292426554,
54.024,0.143000000000001,98,98,2,97.25,0,-1.35970613197804,-26.0962961570463,-0.00656685762956499,0.001064447493494,-0.0072148633855,
54.025,0.143999999999998,98,98,2,97.25,0,-1.35868088760868,-26.0528901802831,-0.00659359045940278,0.001047308374592,-0.0105412234865,
54.026,0.145000000000003,98,98,2,97.25,0,-1.35767697911639,-25.9620488345083,-0.00661969957889141,0.001025933875104,-0.0162314327178,
54.027,0.146000000000001,98,98,2,97.25,0,-1.3566970924675,-25.9158628135408,-0.00664511681537761,0.001003102702391,-0.0205408872797,
54.028,0.146999999999998,98,98,2,97.25,0,-1.3557360268977,-26.0062846275933,-0.00667006710949636,0.000981446878183,-0.022041566194,
54.029,0.148000000000003,98,98,2,97.25,0,-1.35477121982681,-26.0924263726771,-0.00669519971188492,0.000967834343854,-0.0195954417958,
54.03,0.149000000000001,98,98,2,97.25,0,-1.35378580618075,-26.0798092117908,-0.00672090532833636,0.000969866593114,-0.011332086216,
54.031,0.149999999999999,98,98,2,97.25,0,-1.35278856448083,-25.8999475920584,-0.00674682351885281,0.000982780089667,0.0006031883712,
54.032,0.151000000000003,98,98,2,97.25,0,-1.35180498402932,-25.716294299453,-0.00677220788210775,0.000989594909239,0.0078195192708,
54.033,0.152000000000001,98,98,2,97.25,0,-1.35084462784301,-25.6754457598397,-0.00679688506986054,0.000980711546473,0.0039349679649,
54.034,0.152999999999999,98,98,2,97.25,0,-1.34989647658642,-25.7212546527038,-0.00682125099291397,0.000963661986954,-0.0066237670905,
54.035,0.154000000000003,98,98,2,97.25,0,-1.34894769673093,-25.7677512089347,-0.00684567685868842,0.000952001315176,-0.0129830341708,
54.036,0.155000000000001,98,98,2,97.25,0,-1.34799913617957,-25.7437092260601,-0.00687010772833219,0.000948525484581,-0.0108218857454,
54.037,0.155999999999999,98,98,2,97.25,0,-1.34704684726803,-25.6565114134271,-0.00689458165842893,0.000949744850653,-0.0045227239498,
54.038,0.157000000000004,98,98,2,97.25,0,-1.34609309310149,-25.5944862804603,-0.00691902208473039,0.000951609979986,4.5360502E-06,
54.039,0.158000000000001,98,98,2,97.25,0,-1.34515381757526,-25.6001484131721,-0.00694306501844721,0.000948970997947,0.0003201669431,
54.04,0.158999999999999,98,98,2,97.25,0,-1.34424491990827,-25.619209390493,-0.00696634159584164,0.000934505760551,-0.0048356252345,
54.041,0.160000000000004,98,98,2,97.25,0,-1.34337169021675,-25.6284790139672,-0.00698871709741411,0.000907310632121,-0.0147363280991,
54.042,0.161000000000001,98,98,2,97.25,0,-1.34250967134963,-25.7334317712775,-0.00701085456549322,0.000880566836841,-0.0232407611748,
54.043,0.161999999999999,98,98,2,97.25,0,-1.34163743738877,-25.8578838462845,-0.00703335441428976,0.000868446642562,-0.0224921149247,
54.044,0.163000000000004,98,98,2,97.25,0,-1.34076857477744,-25.8870845553119,-0.00705583404848653,0.000868158027879,-0.0129578007005,
54.045,0.164000000000001,98,98,2,97.25,0,-1.33993576092058,-25.8595736638371,-0.00707738171550432,0.000859059389848,-0.0064810955662,
54.046,0.164999999999999,98,98,2,97.25,0,-1.3391695908733,-25.7503154630466,-0.00709715269110234,0.000823635340327,-0.0143532544736,
54.047,0.166000000000004,98,98,2,97.25,0,-1.33849695528984,-25.6338061650862,-0.00711443408542323,0.000758102851008,-0.0365589580134,
54.048,0.167000000000002,98,98,2,97.25,0,-1.33794901003048,-25.5057458438961,-0.00712844492295517,0.000663288825376,-0.0652844182735,
54.049,0.167999999999999,98,98,2,97.25,0,-1.33758662365178,-25.3126782594334,-0.00713765287528645,0.000529684692392,-0.0976665969437,
54.05,0.169000000000004,98,98,2,97.25,0,-1.33748980764063,-25.1525683272102,-0.00714009579721164,0.000338382932633,-0.1392763888109,
54.051,0.170000000000002,98,98,2,97.25,0,-1.33770302728093,-25.1332415675063,-0.00713473483605753,8.347642598E-05,-0.1930738957947,
54.052,0.170999999999999,98,98,2,97.25,0,-1.33823405253769,-24.9487379301278,-0.00712143743805882,-0.000215550629803,-0.2490612473238,
54.053,0.172000000000004,98,98,2,97.25,0,-1.33915531003276,-24.4063145129537,-0.00709870308207883,-0.000552753243315,-0.2972435583627,
54.054,0.173000000000002,98,98,2,97.25,0,-1.34066987791831,-23.6726194443392,-0.00706229367742139,-0.000982180940721,-0.3534174713615,
54.055,0.173999999999999,98,98,2,97.25,0,-1.34309580217199,-22.8959295885046,-0.00700580779113125,-0.001609981678845,-0.4612720844532,
54.056,0.175000000000004,98,98,2,97.25,0,-1.34679502681088,-22.2072322011382,-0.00692238442744042,-0.002534507458804,-0.6573063384591,
54.057,0.176000000000002,98,98,2,97.25,0,-1.35213086176794,-21.6462924273431,-0.00680538684258636,-0.003808217618778,-0.940263581413,
54.058,0.177,98,98,2,97.25,0,-1.35947165946704,-21.1876189678077,-0.00664816930347456,-0.005446340684221,-1.2782787176102,
54.059,0.178000000000004,98,98,2,97.25,0,-1.36915862326329,-20.7263780623783,-0.0064451596175843,-0.007443158705633,-1.636407680593,
54.06,0.179000000000002,98,98,2,97.25,0,-1.38151114690139,-20.3669319467926,-0.00619135657595393,-0.00978278191966,-1.9920510924058,
54.061,0.18,98,98,2,97.25,0,-1.39687116015941,-20.1703939033757,-0.00588002964471457,-0.012455102571521,-2.3365908875927,
54.062,0.180999999999997,98,98,2,97.25,0,-1.41560193976756,-20.1822124775162,-0.00550211175635695,-0.015468996277083,-2.6749833366211,
54.063,0.182000000000002,98,98,2,97.25,0,-1.43805905010713,-20.3309535826741,-0.00504720743614939,-0.018837448922537,-3.0177894714193,
54.064,0.183,98,98,2,97.25,0,-1.46457431955253,-20.5964715632274,-0.00450460658342422,-0.022556658851893,-3.367312148657,
54.065,0.183999999999997,98,98,2,97.25,0,-1.49547863623733,-21.1004961148802,-0.00386029843645019,-0.026614535885471,-3.715582875452,
54.066,0.185000000000002,98,98,2,97.25,0,-1.53111232184516,-21.969687265313,-0.00309292374961956,-0.031006413189889,-4.0564769835634,
54.067,0.186,98,98,2,97.25,0,-1.5718049901091,-23.1857558033375,-0.00217417601706416,-0.035732569727754,-4.3919609932001,
54.068,0.186999999999998,98,98,2,97.25,0,-1.6178838126171,-24.7208293446092,-0.00107043650007199,-0.040790819740325,-4.7255008102427,
54.069,0.188000000000002,98,98,2,97.25,0,-1.66966664473411,-26.6193241265537,0.000258832773965878,-0.046174179117485,-5.0561547795359,
54.07,0.189,98,98,2,97.25,0,-1.7274473566447,-28.8555372924624,0.00186152126693173,-0.051870993172381,-5.3798629711041,
54.071,0.189999999999998,98,98,2,97.25,0,-1.79149879740629,-31.676884168817,0.00380011567062866,-0.057862566627816,-5.6912054717369,
54.072,0.191000000000003,98,98,2,97.25,0,-1.86207574658302,-35.1857513633062,0.0061595960855243,-0.064127874630832,-5.9852659995476,
54.073,0.192,98,98,2,97.25,0,-1.93943929995764,-39.0393267553328,0.00903075398190367,-0.070655277911555,-6.2618162220538,
54.074,0.192999999999998,98,98,2,97.25,0,-2.0238760905314,-43.48187597455,0.0125146667382978,-0.077449543274995,-6.528833322226,
54.075,0.194000000000003,98,98,2,97.25,0,-2.11565459858147,-48.7136902443983,0.0167454524965081,-0.084517334656911,-6.7962645441677,
54.076,0.195,98,98,2,97.25,0,-2.21499482784805,-54.8334513295292,0.0218886508884282,-0.09184450917213,-7.0635485163641,
54.077,0.195999999999998,98,98,2,97.25,0,-2.32208267246196,-61.5958809310861,0.02812273400923,-0.099395997505826,-7.3166537207712,
54.078,0.197000000000003,98,98,2,97.25,0,-2.43709983202313,-69.0418385857157,0.0356355237244088,-0.107142354493889,-7.542654784463,
54.079,0.198,98,98,2,97.25,0,-2.56023271636306,-77.4681791293778,0.0446556242573877,-0.11507308251062,-7.7432077003533,
54.08,0.198999999999998,98,98,2,97.25,0,-2.69163913213859,-87.1252014279775,0.0554699373570884,-0.123180226336982,-7.9283414510199,
54.081,0.200000000000003,98,98,2,97.25,0,-2.83145966092954,-98.0008557452567,0.0684121489605616,-0.131448590249476,-8.1025851093123,
54.082,0.201000000000001,98,98,2,97.25,0,-2.97978491178412,-110.008699160139,0.0838386836663005,-0.139847711505413,-8.2592250896873,
54.083,0.201999999999998,98,98,2,97.25,0,-3.1366216070473,-123.332289970608,0.102136898468643,-0.148327267558071,-8.3840244919204,
54.084,0.203000000000003,98,98,2,97.25,0,-3.30193908482836,-138.08138195703,0.123745022918911,-0.156827496695964,-8.4616275392122,
54.085,0.204000000000001,98,98,2,97.25,0,-3.47570303700391,-154.03887994207,0.149125008527989,-0.165307185344043,-8.4878650653783,
54.086,0.204999999999998,98,98,2,97.25,0,-3.65785152976569,-171.1852345378,0.178744549659143,-0.173745372033072,-8.4734002073082,
54.087,0.206000000000003,98,98,2,97.25,0,-3.84827224839847,-189.97467702685,0.213130714609889,-0.182114798347211,-8.430009164277,
54.088,0.207000000000001,98,98,2,97.25,0,-4.04681318065287,-210.130947307694,0.252849386437703,-0.190375114957966,-8.3573215155908,
54.089,0.207999999999998,98,98,2,97.25,0,-4.25329830628962,-232.076812369845,0.29850404884499,-0.198488126182619,-8.2488579059396,
54.09,0.209000000000003,98,98,2,97.25,0,-4.46751054752629,-255.742142043626,0.350752444616319,-0.206420002302021,-8.1028623089083,
54.091,0.210000000000001,98,98,2,97.25,0,-4.68915808305239,-280.567740012761,0.410188326434366,-0.214124694843523,-7.9180615776073,
54.092,0.210999999999999,98,98,2,97.25,0,-4.9178826834138,-306.225245248919,0.477295321958792,-0.221540066689864,-7.6860514063237,
54.093,0.212000000000003,98,98,2,97.25,0,-5.15334072517619,-332.119647277388,0.552447041140425,-0.228621513331111,-7.4019904933611,
54.094,0.213000000000001,98,98,2,97.25,0,-5.39523782288757,-357.990823694602,0.635914901154592,-0.235369726126793,-7.0816540491057,
54.095,0.213999999999999,98,98,2,97.25,0,-5.64329491931252,-384.18601837421,0.7279660173933,-0.241813380540754,-6.7568154348352,
54.096,0.215000000000003,98,98,2,97.25,0,-5.89719033357117,-410.775985453868,0.828884621034206,-0.247960592160989,-6.4460890903595,
54.097,0.216000000000001,98,98,2,97.25,0,-6.15659047376793,-437.41954321997,0.938895640560332,-0.253795336689973,-6.1424043309775,
54.098,0.216999999999999,98,98,2,97.25,0,-6.42122111530021,-463.93031762432,1.05815803652047,-0.259317872815983,-5.8348221354671,
54.099,0.218000000000004,98,98,2,97.25,0,-6.69088560707991,-490.542629152767,1.18685176757552,-0.264571646205847,-5.5355698260584,
54.1,0.219000000000001,98,98,2,97.25,0,-6.96544724615825,-517.689241822782,1.32526266510857,-0.269623480895065,-5.273820600514,
54.101,0.219999999999999,98,98,2,97.25,0,-7.24477841399549,-545.505216590352,1.47375433996189,-0.274523353516419,-5.0668276790526,
54.102,0.221000000000004,98,98,2,97.25,0,-7.52871672324753,-572.387789625178,1.63246066501665,-0.279282451634013,-4.9032288905852,
54.103,0.222000000000001,98,98,2,97.25,0,-7.81707147867494,-598.837751029555,1.80132489217957,-0.283881100680211,-4.7531957473032,
54.104,0.222999999999999,98,98,2,97.25,0,-8.10963193417003,-625.53004723188,1.980425692556,-0.288291531595103,-4.590318328225,
54.105,0.224000000000004,98,98,2,97.25,0,-8.40615953506109,-653.041704654232,2.16999159963294,-0.292488889093577,-4.4029743293584,
54.106,0.225000000000001,98,98,2,97.25,0,-8.70638159948515,-680.991844638052,2.37024475272267,-0.296445796332169,-4.1891444454348,
54.107,0.225999999999999,98,98,2,97.25,0,-9.01002869273403,-709.04865829884,2.58128563183018,-0.300141234011606,-3.9506014488101,
54.108,0.227000000000004,98,98,2,97.25,0,-9.31681797738994,-737.524434281659,2.80318219396781,-0.303562242023543,-3.6915496469335,
54.109,0.228000000000002,98,98,2,97.25,0,-9.62641052039752,-766.724891851136,3.03603438106526,-0.306687604739302,-3.4146433233336,
54.11,0.228999999999999,98,98,2,97.25,0,-9.93838452547511,-796.684741189692,3.27990596346359,-0.309466004123082,-3.1099673050187,
54.111,0.230000000000004,98,98,2,97.25,0,-10.2522546731518,-826.181241459205,3.53459055628034,-0.311828409236317,-2.7576901022102,
54.112,0.231000000000002,98,98,2,97.25,0,-10.567553177662,-855.510795835833,3.79970804848324,-0.313729811947013,-2.3489026736368,
54.113,0.231999999999999,98,98,2,97.25,0,-10.8838858098054,-885.066258675583,4.07500870903428,-0.315180235750107,-1.9044097591771,
54.114,0.233000000000004,98,98,2,97.25,0,-11.2009065187787,-915.253161512503,4.36037797851745,-0.31622881690241,-1.4651646801373,
54.115,0.234000000000002,98,98,2,97.25,0,-11.5182471639776,-946.209191661267,4.65573681060229,-0.31691026679201,-1.0589945687294,
54.116,0.234999999999999,98,98,2,97.25,0,-11.835441361491,-977.630400917138,4.96085218845855,-0.31720073002557,-0.6742932715989,
54.117,0.236000000000004,98,98,2,97.25,0,-12.1519892951912,-1009.3592250315,5.2753409186474,-0.31704425267509,-0.27367705516,
54.118,0.237000000000002,98,98,2,97.25,0,-12.4674641024782,-1041.41971937025,5.59882546478411,-0.3164198749202,0.162765296591,
54.119,0.238,98,98,2,97.25,0,-12.781505811473,-1073.79915246366,5.93095893948845,-0.3153668157233,0.61261206617,
54.12,0.239000000000004,98,98,2,97.25,0,-13.0937791958116,-1106.58999573286,6.27139768872962,-0.3139411410856,1.036239396537,
54.121,0.240000000000002,98,98,2,97.25,0,-13.4038919716535,-1139.98852584959,6.61974403946698,-0.31215569918645,1.421820183895,
54.122,0.241,98,98,2,97.25,0,-13.7114094605537,-1173.70590118445,6.97549478960894,-0.3099823723084,1.793877214385,
54.123,0.242000000000004,98,98,2,97.25,0,-14.0159095344667,-1207.75439175483,7.33807220721943,-0.30739085048655,2.18241986752,
54.124,0.243000000000002,98,98,2,97.25,0,-14.3169357204892,-1242.35835638586,7.70684625516839,-0.30436313204201,2.596922325517,
54.125,0.244,98,98,2,97.25,0,-14.6140358124328,-1277.47207603689,8.08116718174585,-0.30089052416598,3.03032628718,
54.126,0.244999999999997,98,98,2,97.25,0,-14.9067693101834,-1313.18365802528,8.46035303899569,-0.29696794190937,3.474133360757,
54.127,0.246000000000002,98,98,2,97.25,0,-15.1945912066929,-1349.80504208283,8.84358626802003,-0.29256999563617,3.930199147413,
54.128,0.247,98,98,2,97.25,0,-15.4768267689221,-1387.25230052819,9.22983372699272,-0.28761947659774,4.421108897792,
54.129,0.247999999999998,98,98,2,97.25,0,-15.7527965097726,-1425.03516323184,9.61788684827815,-0.28203171609968,4.97591964675,
54.13,0.249000000000002,98,98,2,97.25,0,-16.0218879930105,-1462.86606067832,10.0064416601714,-0.27578600998033,5.593971746558,
54.131,0.25,98,98,2,97.25,0,-16.283522838814,-1500.62847596278,10.3941183782382,-0.26891796929136,6.235022803849,
54.132,0.250999999999998,98,98,2,97.5,0,-16.537095728078,-1538.18766881562,10.7793990731249,-0.26145325007197,6.86034387721,
54.133,0.252000000000002,98,98,2,97.5,0,-16.781956390748,-1575.64483465152,11.1606266182461,-0.25337780824765,7.468932441743,
54.134,0.253,98,98,2,97.5,0,-17.0174522810824,-1612.56536471208,11.5360318179824,-0.24466489894752,8.083465285584,
54.135,0.253999999999998,98,98,2,97.5,0,-17.2430065139088,-1648.34357493716,11.903787725082,-0.23532282478268,8.7104185168,
54.136,0.255000000000003,98,98,2,97.5,0,-17.4581888877614,-1683.1025783628,12.2622219708966,-0.22542517238666,9.319998174781,
54.137,0.256,98,98,2,97.5,0,-17.6626674609564,-1717.07286704425,12.6098534827414,-0.21508279134746,9.86439751962,
54.138,0.256999999999998,98,98,2,97.5,0,-17.8561251294975,-1750.28780406596,12.9452472384533,-0.20438344199611,10.316052939891,
54.139,0.258000000000003,98,98,2,97.5,0,-18.0382547408387,-1782.33062651258,13.2669444493424,-0.1933655227773,10.687829817943,
54.14,0.259,98,98,2,97.5,0,-18.2087575566362,-1812.31013783617,13.5733926353934,-0.18203998983806,11.014632374701,
54.141,0.259999999999998,98,98,2,97.5,0,-18.3673505981118,-1840.85569266548,13.8630759754305,-0.17041792216404,11.322209243545,
54.142,0.261000000000003,98,98,2,97.5,0,-18.5137336633109,-1867.79348109268,14.1345176923319,-0.15850298088922,11.620969333826,
54.143,0.262,98,98,2,97.5,0,-18.6475771095812,-1892.86518980732,14.3861874507117,-0.14628417240341,11.918239357877,
54.144,0.262999999999998,98,98,2,97.5,0,-18.7685659435133,-1915.71124993203,14.6165850619042,-0.13374894824748,12.222573023549,
54.145,0.264000000000003,98,98,2,97.5,0,-18.8764671045427,-1935.91071062564,14.8243823025995,-0.12091891576275,12.528741953534,
54.146,0.265000000000001,98,98,2,97.5,0,-18.9711055921649,-1953.48697724297,15.0084256600701,-0.10784866087805,12.813656706081,
54.147,0.265999999999998,98,98,2,97.5,0,-19.0523294729621,-1968.12080350313,15.1676897615284,-0.09459290759686,13.053837683656,
54.148,0.267000000000003,98,98,2,97.5,0,-19.1200831020056,-1980.1754678657,15.3014454619904,-0.08120718731859,13.239093861367,
54.149,0.268000000000001,98,98,2,97.5,0,-19.1744473658318,-1989.59760058222,15.4093523572021,-0.06777789500442,13.359801789916,
54.15,0.268999999999998,98,98,2,97.5,0,-19.2155907672427,-1996.20165080054,15.4913470264736,-0.0544148146668,13.396357110435,
54.151,0.270000000000003,98,98,2,97.5,0,-19.2437042881296,-1999.83838159398,15.5475184039313,-0.04120069597829,13.338255435852,
54.152,0.271000000000001,98,98,2,97.5,0,-19.2590414044411,-2000.41679401536,15.5781945933833,-0.02818956367148,13.197911268733,
54.153,0.271999999999998,98,98,2,97.5,0,-19.2619891830156,-1997.85830012686,15.5840876082121,-0.01545323636302,12.989586721815,
54.154,0.273000000000003,98,98,2,97.5,0,-19.2530707410472,-1992.45830497051,15.566293904673,-0.00310471373273,12.702427404514,
54.155,0.274000000000001,98,98,2,97.5,0,-19.2328434389915,-1984.83016282156,15.5260689970726,0.00875123383172,12.317091513989,
54.156,0.274999999999999,98,98,2,97.5,0,-19.2018067440442,-1975.12120853881,15.4646170957132,0.02007746189699,11.844804234448,
54.157,0.276000000000003,98,98,2,97.5,0,-19.1603919826574,-1963.24684185974,15.3830638091828,0.03090729701167,11.336226029847,
54.158,0.277000000000001,98,98,2,97.5,0,-19.1089888860589,-1949.08671332828,15.2825107793514,0.04129784201846,10.84696596749,
54.159,0.277999999999999,98,98,2,97.5,0,-19.0480066090404,-1932.72798857895,15.1641498296084,0.05128035016099,10.399920979879,
54.16,0.279000000000003,98,98,2,97.5,0,-18.977890579383,-1914.6139505745,15.0292696588545,0.06084864868417,9.980656316003,
54.161,0.280000000000001,98,98,2,97.5,0,-18.8991089598135,-1894.75459402416,14.879215547114,0.06997558083939,9.560151498597,
54.162,0.280999999999999,98,98,2,97.5,0,-18.8121542283279,-1873.38158792916,14.7153869121627,0.07863387617071,9.118751018438,
54.163,0.282000000000004,98,98,2,97.5,0,-18.7175412782856,-1850.71302951172,14.5392131231662,0.08680026347777,8.651313971212,
54.164,0.283000000000001,98,98,2,97.5,0,-18.6157888885484,-1826.59245588496,14.3521258126999,0.09445731638373,8.161159394008,
54.165,0.283999999999999,98,98,2,97.5,0,-18.507421784174,-1801.5002179859,14.1555428639652,0.10159497221989,7.65403410535,
54.166,0.285000000000004,98,98,2,97.5,0,-18.392967195963,-1776.22405819885,13.9507993845835,0.10820893513422,7.136367080551,
54.167,0.286000000000001,98,98,2,97.5,0,-18.2729761198009,-1750.43123232107,13.7392158028024,0.11428928944535,6.610988209919,
54.168,0.286999999999999,98,98,2,97.5,0,-18.1480013550033,-1724.17241758009,13.5220969158468,0.11982523636742,6.077114675372,
54.169,0.288000000000004,98,98,2,97.5,0,-18.0185239809792,-1697.68813925471,13.3005701562589,0.1248304409749,5.540046444411,
54.17,0.289000000000001,98,98,2,97.5,0,-17.8849369352495,-1671.07367699322,13.0755586868592,0.12935949276783,5.021581457492,
54.171,0.289999999999999,98,98,2,97.5,0,-17.7475575076249,-1644.54765260244,12.8478096066192,0.13349185878649,4.552891905014,
54.172,0.291000000000004,98,98,2,97.5,0,-17.6066465893694,-1618.08442295689,12.6179393657708,0.1373011602454,4.154452383016,
54.173,0.292000000000002,98,98,2,97.5,0,-17.4624356046882,-1591.82279720941,12.3864874252931,0.14084149099394,3.825529613724,
54.174,0.292999999999999,98,98,2,97.5,0,-17.3151371006598,-1565.48170988892,12.1539543099643,0.14414722055765,3.550641606202,
54.175,0.294000000000004,98,98,2,97.5,0,-17.1649127952779,-1539.44320984325,11.9207367152993,0.14724998863029,3.315221471838,
54.176,0.295000000000002,98,98,2,97.5,0,-17.011851470277,-1513.54598763063,11.68708942941,0.15019767086155,3.117130767547,
54.177,0.295999999999999,98,98,2,97.5,0,-16.8560452350171,-1487.62486931605,11.4532888631136,0.1530336921929,2.960709713701,
54.178,0.297000000000004,98,98,2,97.5,0,-16.6976599925422,-1461.81351429642,11.2197151063371,0.1557564643467,2.835544848058,
54.179,0.298000000000002,98,98,2,97.5,0,-16.5369521433149,-1436.2968976497,10.9868405607736,0.15830832233612,2.705472657751,
54.18,0.298999999999999,98,98,2,97.5,0,-16.3742047025341,-1411.16393954299,10.7551320787851,0.16062294466763,2.531961541361,
54.181,0.300000000000004,98,98,2,97.5,0,-16.2096144427468,-1386.41722593541,10.5249047733841,0.1626884090167,2.311045634151,
54.182,0.301000000000002,98,98,2,97.5,0,-16.0432346237167,-1362.15779421762,10.2962510661623,0.16457428185819,2.086334291528,
54.183,0.302,98,98,2,97.5,0,-15.875050000713,-1338.26739150924,10.0691660702567,0.16638439244934,1.917021618662,
54.184,0.303000000000004,98,98,2,97.5,0,-15.7050001814235,-1314.62074615664,9.84360449605404,0.16820274069736,1.835310563313,
54.185,0.304000000000002,98,98,2,97.5,0,-15.5330203272587,-1291.29113847012,9.61952232311177,0.17006927086635,1.83033152725,
54.186,0.305,98,98,2,97.5,0,-15.3590821909246,-1268.08697119545,9.39693559382704,0.171988328353,1.867833787997,
54.187,0.305999999999997,98,98,2,97.5,0,-15.1831971940566,-1245.0430905135,9.17592465731073,0.17393470984348,1.911496492501,
54.188,0.307000000000002,98,98,2,97.5,0,-15.0053818623535,-1222.25089213451,8.95656330834399,0.17588003915836,1.937868636651,
54.189,0.308,98,98,2,97.5,0,-14.8256047182516,-1199.88403194442,8.7388410587038,0.17782477497221,1.945466917251,
54.19,0.308999999999998,98,98,2,97.5,0,-14.6437939325784,-1178.05831553706,8.52267327546315,0.17979869285365,1.953668484436,
54.191,0.310000000000002,98,98,2,97.5,0,-14.4598533137375,-1156.33520678664,8.30797838090595,0.18183964315212,1.985272986272,
54.192,0.311,98,98,2,97.5,0,-14.2736442985318,-1134.2648886723,8.09471318690328,0.18398218780003,2.051318878193,
54.193,0.311999999999998,98,98,2,97.5,0,-14.08499058151,-1112.26243296988,7.88280532209387,0.18626190684109,2.153218661023,
54.194,0.313000000000002,98,98,2,97.5,0,-13.8937540310882,-1090.7515658241,7.67215692326369,0.18869515649697,2.284625907561,
54.195,0.314,98,98,2,97.5,0,-13.6998652962629,-1069.51023892543,7.46273170915651,0.19125735572285,2.425875342434,
54.196,0.314999999999998,98,98,2,97.5,0,-13.5032512965136,-1048.01610026495,7.25456404759521,0.19391065898145,2.550845564696,
54.197,0.316000000000003,98,98,2,97.5,0,-13.3038154417001,-1026.28880959927,7.04771866117389,0.19664297679136,2.649676414177,
54.198,0.317,98,98,2,97.5,0,-13.1015176556055,-1004.23992840426,6.84233292702405,0.19944787767857,2.730388367707,
54.199,0.317999999999998,98,98,2,97.5,0,-12.8964104238488,-982.158640711948,6.63862057118561,0.2022820404089,2.791904516956,
54.2,0.319000000000003,98,98,2,97.5,0,-12.6885818114993,-960.202182282552,6.43678149392318,0.20508081223591,2.814766906398,
54.201,0.32,98,98,2,97.5,0,-12.4781137417806,-938.425899463118,6.23698120018378,0.20780403538242,2.786724493856,
54.202,0.320999999999998,98,98,2,97.5,0,-12.2651083267701,-916.522545842296,6.03942416847613,0.21043743609548,2.718941020625,
54.203,0.322000000000003,98,98,2,97.5,0,-12.0497240844811,-894.6824185839,5.84437166402958,0.21295785960651,2.626454282486,
54.204,0.323,98,98,2,97.5,0,-11.8321485562019,-872.976120110991,5.65207204384268,0.21532797990251,2.50922570713,
54.205,0.323999999999998,98,98,2,97.5,0,-11.6125696750967,-851.155282405263,5.46278062172127,0.21751914832994,2.361525699938,
54.206,0.325000000000003,98,98,2,97.5,0,-11.3911706263722,-829.341931275343,5.27675037947475,0.21952392554319,2.188936623747,
54.207,0.326000000000001,98,98,2,97.5,0,-11.1681328673756,-807.843939961705,5.09417324558396,0.22134461152034,2.005467206674,
54.208,0.326999999999998,98,98,2,97.5,0,-10.9436000872779,-786.693291475043,4.91516030681203,0.2229946522453,1.824719772323,
54.209,0.328000000000003,98,98,2,97.5,0,-10.7176657674795,-765.621509087732,4.73979971252299,0.22450473567758,1.659247112813,
54.21,0.329000000000001,98,98,2,97.5,0,-10.4904232987665,-744.346688974084,4.56823526202012,0.22590630256257,1.519515655897,
54.211,0.329999999999998,98,98,2,97.5,0,-10.2619882267987,-722.99022384816,4.40063965537937,0.22720780501506,1.404102519427,
54.212,0.331000000000003,98,98,2,97.5,0,-10.0324966583357,-701.676524798808,4.23716515203736,0.22839423993992,1.297001523951,
54.213,0.332000000000001,98,98,2,97.5,0,-9.80211000716582,-680.380649391515,4.07796138999385,0.229443144326504,1.1796960216662,
54.214,0.332999999999998,98,98,2,97.5,0,-9.57099845923345,-659.05844961228,3.92318146822788,0.230335595386566,1.0432275501102,
54.215,0.334000000000003,98,98,2,97.5,0,-9.3393457889632,-637.877767610173,3.77296209928301,0.231056415604988,0.8878978055266,
54.216,0.335000000000001,98,98,2,97.5,0,-9.10736226716839,-616.933778105347,3.62741429850107,0.231589589026253,0.7160154317669,
54.217,0.335999999999999,98,98,2,97.5,0,-8.87526260124129,-596.04353028697,3.48664848447356,0.231919109577126,0.5283715992945,
54.218,0.337000000000003,98,98,2,97.5,0,-8.64327087417826,-575.264819396531,3.35078156099036,0.232032441028192,0.3257596820485,
54.219,0.338000000000001,98,98,2,97.5,0,-8.41161222448967,-554.289894914451,3.21994600105702,0.231924185509919,0.1117120902064,
54.22,0.338999999999999,98,98,2,97.5,0,-8.18054893349875,-533.212788171204,3.09430502659941,0.231579965291621,-0.1125688374788,
54.221,0.340000000000003,98,98,2,97.5,0,-7.95039501788672,-512.012388291843,2.9740236930698,0.230969085986554,-0.3534285343212,
54.222,0.341000000000001,98,98,2,97.5,0,-7.72146565710915,-490.946774943334,2.85922029300707,0.230059361775359,-0.6205350508747,
54.223,0.341999999999999,98,98,2,97.5,0,-7.49404555921855,-470.016029547209,2.74994916547385,0.228843948361817,-0.9117775000607,
54.224,0.343000000000004,98,98,2,97.5,0,-7.26839695886485,-449.09104227001,2.64625155330847,0.227341427495618,-1.209838888635,
54.225,0.344000000000001,98,98,2,97.5,0,-7.04480810385382,-428.093296709751,2.54818723231543,0.225562126011968,-1.4994228156372,
54.226,0.344999999999999,98,98,2,97.5,0,-6.82362241315674,-407.033014481877,2.45582823733531,0.223485829319647,-1.785365861016,
54.227,0.346000000000004,98,98,2,97.5,0,-6.60524127018893,-386.11461244261,2.36922399468031,0.221065275672487,-2.0904752161714,
54.228,0.347000000000001,98,98,2,97.5,0,-6.39010308721099,-365.315714603151,2.28839331708272,0.218249619289633,-2.4358073814165,
54.229,0.347999999999999,98,98,2,97.5,0,-6.17866608397175,-344.783247093462,2.21332271885052,0.215000717053292,-2.8270993181919,
54.23,0.349000000000004,98,98,2,97.5,0,-5.9714152526477,-324.585658887416,2.14395908773702,0.211291505586292,-3.2570212494926,
54.231,0.350000000000001,98,98,2,97.5,0,-5.76884394343038,-304.791505619304,2.0802122096342,0.207102826266585,-3.7149590536144,
54.232,0.350999999999999,98,98,2,97.5,0,-5.57140592790286,-285.409724367229,2.02194812982899,0.202435177742399,-4.1885297252386,
54.233,0.352000000000004,98,98,2,97.5,0,-5.37948283026292,-266.537219612751,1.96898244621821,0.197323528268186,-4.6571580478504,
54.234,0.353000000000002,98,98,2,97.5,0,-5.19336649549535,-248.302230536402,1.92107243049045,0.191835544144503,-5.0913495840459,
54.235,0.353999999999999,98,98,2,97.5,0,-5.01327938434021,-230.834587353022,1.87792924779956,0.186049596545552,-5.4644727714224,
54.236,0.355000000000004,98,98,2,97.5,0,-4.8394244440981,-214.141797183463,1.83924857642819,0.18002622696496,-5.7677851508629,
54.237,0.356000000000002,98,98,2,97.5,0,-4.67196630482691,-198.356792075353,1.80471045332357,0.173805551224743,-6.0113348339872,
54.238,0.356999999999999,98,98,2,97.5,0,-4.51101434987289,-183.538191296902,1.77397708124312,0.167425324267315,-6.2093492574928,
54.239,0.358000000000004,98,98,2,97.5,0,-4.35667247508006,-169.637533344517,1.74672217950689,0.160920786200814,-6.3696549249866,
54.24,0.359000000000002,98,98,2,97.5,0,-4.20904111339496,-156.575094734027,1.72264257226584,0.154311744908868,-6.4985957014126,
54.241,0.359999999999999,98,98,2,97.5,0,-4.06820207378584,-144.424552930171,1.70144632161598,0.147606818994625,-6.6064557110016,
54.242,0.361000000000004,98,98,2,97.5,0,-3.93416858814593,-133.515690388781,1.68281967181017,0.140835070041151,-6.6962074393232,
54.243,0.362000000000002,98,98,2,97.5,0,-3.80684452596343,-123.883491619122,1.66643311708231,0.13406232479345,-6.7520009299728,
54.244,0.363,98,98,2,97.5,0,-3.68604565498401,-115.252351110485,1.65198944717608,0.127379331858799,-6.7455206655179,
54.245,0.364000000000004,98,98,2,97.5,0,-3.57157725218825,-107.533361570848,1.6392384848279,0.120857287885246,-6.6616339402366,
54.246,0.365000000000002,98,98,2,97.5,0,-3.46326257331051,-100.452469293351,1.62797452558732,0.114521426075452,-6.5144740127547,
54.247,0.366,98,98,2,97.5,0,-3.36093163463613,-93.9828078013653,1.61802615337905,0.108365673992138,-6.3376835409777,
54.248,0.367000000000004,98,98,2,97.5,0,-3.26435909568473,-88.2364544772348,1.60922746497701,0.102398540818494,-6.153199328357,
54.249,0.368000000000002,98,98,2,97.5,0,-3.17325463046693,-83.0599712875926,1.6014245303455,0.096659636748214,-5.9552501155358,
54.25,0.369,98,98,2,97.5,0,-3.08732549953759,-78.3085811943289,1.59449140060846,0.091192287051342,-5.7259064892668,
54.251,0.369999999999997,98,98,2,97.5,0,-3.00632827031722,-73.9045676838027,1.58832697895343,0.086002160703187,-5.4656490042793,
54.252,0.371000000000002,98,98,2,97.5,0,-2.93007895982158,-69.8181781204516,1.58284759881838,0.081052424115642,-5.2011764245871,
54.253,0.372,98,98,2,97.5,0,-2.85844316157399,-66.0974900234434,1.57797938512746,0.076289632438644,-4.9657700425639,
54.254,0.372999999999998,98,98,2,97.5,0,-2.79127164797237,-62.9822345322249,1.57364414489061,0.071680566528214,-4.7727574201917,
54.255,0.374000000000002,98,98,2,97.5,0,-2.7283535813758,-60.3006560376416,1.56976578433105,0.067234764893896,-4.6062043575668,
54.256,0.375,98,98,2,97.5,0,-2.66945140270428,-57.8229645436079,1.56628691502866,0.06298933432057,-4.434669598854,
54.257,0.375999999999998,98,98,2,97.75,0,-2.61433689481742,-55.6160406418576,1.56316084755568,0.058970643813637,-4.2375198717057,
54.258,0.377000000000002,98,98,2,97.75,0,-2.56280672901844,-53.8107298143295,1.56034145774345,0.055175506495894,-4.0196465700939,
54.259,0.378,98,98,2,97.75,0,-2.51466701942142,-52.1752108541492,1.55779039154086,0.051588331564756,-3.7998145585185,
54.26,0.378999999999998,98,98,2,97.75,0,-2.46971796264982,-50.7003438186413,1.55547831196716,0.048199650609982,-3.5900154542103,
54.261,0.380000000000003,98,98,2,97.75,0,-2.42775317862586,-49.4437577107051,1.55337704917119,0.045010970794934,-3.3882288057654,
54.262,0.381,98,98,2,97.75,0,-2.38856400733322,-48.1534894100778,1.55146467155365,0.042027382028856,-3.1871528422748,
54.263,0.381999999999998,98,98,2,97.75,0,-2.35195994479148,-46.9583024095016,1.54972393256554,0.039246322486766,-2.9843573135726,
54.264,0.383000000000003,98,98,2,97.75,0,-2.31776866381848,-45.8972419611786,1.54813650756179,0.036655760696388,-2.7846689837728,
54.265,0.384,98,98,2,97.75,0,-2.28580636401153,-45.005821538146,1.54668377207733,0.034246421093807,-2.5933444595525,
54.266,0.384999999999998,98,98,2,97.75,0,-2.25590111419123,-44.0994351408422,1.54535141459669,0.03201387916077,-2.4106669580569,
54.267,0.386000000000003,98,98,2,97.75,0,-2.22792211090615,-43.3378877940246,1.54412821002387,0.029944490855729,-2.2366351455014,
54.268,0.387,98,98,2,97.75,0,-2.20176058770911,-42.7104933123861,1.54300263166468,0.028011633219234,-2.077375192876,
54.269,0.387999999999998,98,98,2,97.75,0,-2.17731473273484,-42.1307618897539,1.54196562315443,0.026192066756621,-1.9398294848942,
54.27,0.389000000000003,98,98,2,97.75,0,-2.1544830729663,-41.7426261641186,1.54100813882459,0.024476296879382,-1.8224148391654,
54.271,0.390000000000001,98,98,2,97.75,0,-2.13316718202876,-41.3402681029844,1.54012264586811,0.022861187680959,-1.7167106492064,
54.272,0.390999999999998,98,98,2,97.75,0,-2.11327939524495,-40.9721465164689,1.53930413999231,0.021342190340721,-1.6164738446123,
54.273,0.392000000000003,98,98,2,97.75,0,-2.09472393391951,-40.6862272617505,1.53854653559404,0.019916520392418,-1.519832680113,
54.274,0.393000000000001,98,98,2,97.75,0,-2.07739821714,-40.4259721095187,1.5378438720972,0.018586235599172,-1.4250526193664,
54.275,0.393999999999998,98,98,2,97.75,0,-2.06119283614559,-40.1218546589301,1.53719121798667,0.017358539407759,-1.3281237592132,
54.276,0.395000000000003,98,98,2,97.75,0,-2.04600087060331,-39.9011288940223,1.5365833647823,0.016237457094301,-1.2264886085764,
54.277,0.396000000000001,98,98,2,97.75,0,-2.03172232467035,-39.7286138401721,1.53601486631268,0.015221964295123,-1.1213896225605,
54.278,0.396999999999998,98,98,2,97.75,0,-2.01828383765375,-39.5850526188392,1.53548193847422,0.014300554140848,-1.0189448599911,
54.279,0.398000000000003,98,98,2,97.75,0,-2.00562322099961,-39.3956609558186,1.53498196620541,0.01345714358277,-0.9262350688868,
54.28,0.399000000000001,98,98,2,97.75,0,-1.99369368709164,-39.1596896055316,1.53451340184631,0.012674652939027,-0.8485344626366,
54.281,0.399999999999999,98,98,2,97.75,0,-1.98244892347921,-38.9112420304594,1.53407445726069,0.011943427643159,-0.785387013681,
54.282,0.401000000000003,98,98,2,97.75,0,-1.97184546057992,-38.7475483467046,1.5336627312094,0.01125780448715,-0.7329242582728,
54.283,0.402000000000001,98,98,2,97.75,0,-1.96187533501202,-38.5739644508819,1.53327727861355,0.010605851913815,-0.6892026231645,
54.284,0.402999999999999,98,98,2,97.75,0,-1.95251252896671,-38.5267240486144,1.53291633921737,0.00997793091054,-0.6548442771192,
54.285,0.404000000000003,98,98,2,97.75,0,-1.94368795893096,-38.6031658908937,1.53257602015955,0.009383531099219,-0.6250741167068,
54.286,0.405000000000001,98,98,2,97.75,0,-1.93533811443656,-38.6010224506097,1.53225369867607,0.008843623176213,-0.5881086024127,
54.287,0.405999999999999,98,98,2,97.75,0,-1.92740543026598,-38.6320793802613,1.5319473657739,0.008367114059659,-0.5372358475649,
54.288,0.407000000000004,98,98,2,97.75,0,-1.91982753197258,-38.491641572136,1.53165514791721,0.007951396504572,-0.4772912900495,
54.289,0.408000000000001,98,98,2,97.75,0,-1.91255499554316,-38.4688084207199,1.53137529907912,0.00759272549736,-0.4168410591646,
54.29,0.408999999999999,98,98,2,97.75,0,-1.90556354494649,-38.4924003208169,1.53110626383472,0.007279819238789,-0.3620555469822,
54.291,0.410000000000004,98,98,2,97.75,0,-1.89884060784123,-38.3949169316598,1.53084780953569,0.006995222299072,-0.3181428875071,
54.292,0.411000000000001,98,98,2,97.75,0,-1.89236794924989,-38.1795348897687,1.53059998939395,0.006728407598507,-0.2877550636276,
54.293,0.411999999999999,98,98,2,97.75,0,-1.88613402900365,-38.0513468558527,1.53036238077539,0.006476120641986,-0.2677910490974,
54.294,0.413000000000004,98,98,2,97.75,0,-1.88014567518725,-38.0817383807575,1.53013442484962,0.006231871820818,-0.2542338391283,
54.295,0.414000000000001,98,98,2,97.75,0,-1.87440487814196,-38.0326182471308,1.5299159463128,0.005987756714019,-0.2466201474632,
54.296,0.414999999999999,98,98,2,97.75,0,-1.86890270806366,-37.7270430288534,1.52970752504208,0.005743475986526,-0.2442049073179,
54.297,0.416000000000004,98,98,2,97.75,0,-1.86362838655116,-37.4797458714557,1.52950919264978,0.005505403598657,-0.2423685393976,
54.298,0.417000000000002,98,98,2,97.75,0,-1.85855520980434,-37.5288919174347,1.52931892661127,0.005282332652536,-0.2354344572318,
54.299,0.417999999999999,98,98,2,97.75,0,-1.85363905437944,-37.7245921507971,1.52913394769931,0.005086413779948,-0.2194257565855,
54.3,0.419000000000004,98,98,2,97.75,0,-1.84884736790503,-37.6917287591888,1.52895326201687,0.004925921136329,-0.1934366259572,
54.301,0.420000000000002,98,98,2,97.75,0,-1.84417896290352,-37.5332794642054,1.52877767161456,0.004792042717687,-0.1631362448166,
54.302,0.420999999999999,98,98,2,97.75,0,-1.8396426110876,-37.3673094944731,1.5286077839032,0.004665773487703,-0.1395799295377,
54.303,0.422000000000004,98,98,2,97.75,0,-1.83522349650485,-37.3485032695667,1.52844269503433,0.004540796601646,-0.1281642834033,
54.304,0.423000000000002,98,98,2,97.75,0,-1.8308733536035,-37.2780998157041,1.52828037684048,0.004433594248281,-0.1200322294275,
54.305,0.423999999999999,98,98,2,97.75,0,-1.82656183008615,-37.2997068465948,1.52811960485684,0.00435924859057,-0.1026777044764,
54.306,0.425000000000004,98,98,2,97.75,0,-1.82229515989457,-37.230878021498,1.52796060614443,0.004309653334819,-0.0767775458192,
54.307,0.426000000000002,98,98,2,97.75,0,-1.81810425339444,-37.1000413209544,1.52780484917793,0.004257397081876,-0.0578186754966,
54.308,0.427,98,98,2,97.75,0,-1.81402100283951,-36.9199578576184,1.52765372807656,0.004181338824005,-0.0585985552638,
54.309,0.428000000000004,98,98,2,97.75,0,-1.81005487933583,-36.7736181735,1.52750758916457,0.004080409223115,-0.0763790592983,
54.31,0.429000000000002,98,98,2,97.75,0,-1.8061885834371,-36.8448787830865,1.52736527371815,0.00397131333757,-0.0959180833808,
54.311,0.43,98,98,2,97.75,0,-1.80240638300589,-36.8896641942119,1.52722583430801,0.003871015539959,-0.1040065737683,
54.312,0.430999999999997,98,98,2,97.75,0,-1.79869100266443,-36.796590626003,1.52708894807671,0.003787383044541,-0.0979376333333,
54.313,0.432000000000002,98,98,2,97.75,0,-1.79503118506436,-36.6391068341386,1.52695456744769,0.003718757545968,-0.0841299870224,
54.314,0.433,98,98,2,97.75,0,-1.79142364200721,-36.543203992522,1.52682256327901,0.003660804059611,-0.0699259939617,
54.315,0.433999999999998,98,98,2,97.75,0,-1.7878629502722,-36.4166283551525,1.526692669543,0.003609170023384,-0.0592592549828,
54.316,0.435000000000002,98,98,2,97.75,0,-1.78433066342753,-36.3658613554898,1.52656412522754,0.00356622566455,-0.0509229680481,
54.317,0.436,98,98,2,97.75,0,-1.7808080615526,-36.4032352842444,1.5264359569494,0.00353790282085,-0.0411648075117,
54.318,0.436999999999998,98,98,2,97.75,0,-1.77729033013523,-36.3988105560084,1.52630790792745,0.003524046228584,-0.02836942281,
54.319,0.438000000000002,98,98,2,97.75,0,-1.77378093809655,-36.3052033499901,1.52618033448366,0.003516690741031,-0.0162461362823,
54.32,0.439,98,98,2,97.75,0,-1.77028420740842,-36.2385465905784,1.52605350150532,0.003508095447122,-0.0096777608737,
54.321,0.439999999999998,98,98,2,97.75,0,-1.76678957808544,-36.0495641844851,1.5259271914295,0.00349989868375,-0.0081037928411,
54.322,0.441000000000003,98,98,2,97.75,0,-1.76330397268949,-35.8511362055138,1.52580188269488,0.003492552554416,-0.0080611323217,
54.323,0.442,98,98,2,97.75,0,-1.75985067785274,-35.803368542008,1.52567816062924,0.003478619406299,-0.0095774251803,
54.324,0.442999999999998,98,98,2,97.75,0,-1.75644900243793,-35.9014784744238,1.52555620232164,0.003447502177928,-0.0171122665583,
54.325,0.444000000000003,98,98,2,97.75,0,-1.75310891683452,-35.8586523502483,1.5254363598317,0.003398684297972,-0.0312721997703,
54.326,0.445,98,98,2,97.75,0,-1.74981251646617,-35.606169807208,1.52531857149867,0.003345456976312,-0.0448305169917,
54.327,0.445999999999998,98,98,2,97.75,0,-1.7465498749607,-35.4168427546385,1.52520271018435,0.003299378280004,-0.0497599015432,
54.328,0.447000000000003,98,98,2,97.75,0,-1.74331470590923,-35.4040213814506,1.52508815145043,0.003264527428134,-0.0448549305822,
54.329,0.448,98,98,2,97.75,0,-1.7400902698154,-35.3441334076069,1.52497408999849,0.003240190900378,-0.0350649079672,
54.33,0.448999999999998,98,98,2,97.75,0,-1.7368758894874,-35.195192341931,1.52486071988798,0.003224639251373,-0.0248553613649,
54.331,0.450000000000003,98,98,2,97.75,0,-1.73367860996196,-34.953802079997,1.52474857691618,0.003212266816981,-0.0172333482464,
54.332,0.451000000000001,98,98,2,97.75,0,-1.73050711717836,-34.87873504409,1.5246378402224,0.003194673743656,-0.0148923904558,
54.333,0.451999999999998,98,98,2,97.75,0,-1.72735804489155,-34.9377716271051,1.52452791160923,0.003172502657115,-0.0174002856099,
54.334,0.453000000000003,98,98,2,97.75,0,-1.72422371137771,-34.9233032871046,1.52441842765501,0.003151376803956,-0.0204841125616,
54.335,0.454000000000001,98,98,2,97.75,0,-1.72111868299746,-35.001484862447,1.52430986842916,0.003129963605654,-0.0215256267165,
54.336,0.454999999999998,98,98,2,97.75,0,-1.71804451139718,-35.1065323217702,1.52420210639147,0.003104562886336,-0.0225232510639,
54.337,0.456000000000003,98,98,2,97.75,0,-1.71499144806493,-35.1999745253981,1.52409478128243,0.003077096153862,-0.02482426696,
54.338,0.457000000000001,98,98,2,97.75,0,-1.71194936613934,-35.1461773678743,1.52398778190383,0.003056101390661,-0.0249053377453,
54.339,0.457999999999998,98,98,2,97.75,0,-1.70890280597128,-34.933630192512,1.52388103072869,0.003046719820329,-0.0194523961222,
54.34,0.459000000000003,98,98,2,97.75,0,-1.70584794175235,-34.7960779006652,1.52377452333357,0.00304770791058,-0.0097546300178,
54.341,0.460000000000001,98,98,2,97.75,0,-1.70278958787954,-34.7930806992732,1.52366810919722,0.003053419899833,-0.0007056382233,
54.342,0.460999999999999,98,98,2,97.75,0,-1.69973790333546,-34.8232830447527,1.5235618856066,0.003055306178027,0.0031471062347,
54.343,0.462000000000003,98,98,2,97.75,0,-1.6966982913518,-34.8704839107609,1.52345596460199,0.003050063574573,0.0008953270173,
54.344,0.463000000000001,98,98,2,97.75,0,-1.6936650984555,-34.8481263220514,1.52335022960534,0.003041308025578,-0.0041578226219,
54.345,0.463999999999999,98,98,2,97.75,0,-1.69063397239066,-34.6682532143174,1.52324487315036,0.00303449857307,-0.0071178363866,
54.346,0.465000000000003,98,98,2,97.75,0,-1.68761222593288,-34.4499210585506,1.52314044435121,0.00302893223216,-0.0070203479747,
54.347,0.466000000000001,98,98,2,97.75,0,-1.68460147126967,-34.2624190309888,1.52303700635204,0.003021262801527,-0.0065702013063,
54.348,0.466999999999999,98,98,2,97.75,0,-1.68160483246935,-34.1840658738196,1.52293445165583,0.003009817442714,-0.0081712821701,
54.349,0.468000000000004,98,98,2,97.75,0,-1.67861994346011,-34.1222472459328,1.52283250827418,0.002997348621863,-0.0106196189704,
54.35,0.469000000000001,98,98,2,97.75,0,-1.67562914718301,-34.0506561431637,1.52273056264136,0.002990186126922,-0.0105698844666,
54.351,0.469999999999999,98,98,2,97.75,0,-1.67263644695608,-33.8441787949417,1.52262896819738,0.002989595281691,-0.006782897801,
54.352,0.471000000000004,98,98,2,97.75,0,-1.66966531679726,-33.5915077831671,1.52252878809628,0.002985658021548,-0.0035662646176,
54.353,0.472000000000001,98,98,2,97.75,0,-1.6667277427875,-33.4344030930307,1.52243034130939,0.002967534334535,-0.0071892637304,
54.354,0.472999999999999,98,98,2,97.75,0,-1.66382550112173,-33.4218764312773,1.52233332476936,0.002937041151281,-0.0175786078243,
54.355,0.474000000000004,98,98,2,97.75,0,-1.66094510066369,-33.4790446152207,1.52223697404756,0.002906289006648,-0.0268600227954,
54.356,0.475000000000001,98,98,2,97.75,0,-1.6580726454047,-33.5629856349672,1.52214068643138,0.002884569260644,-0.0279647366306,
54.357,0.475999999999999,98,98,2,97.75,0,-1.65520717681294,-33.539083855947,1.52204454699509,0.002872742818536,-0.0214614744239,
54.358,0.477000000000004,98,98,2,97.75,0,-1.65234500017509,-33.3812737566261,1.521948778053,0.002866577005756,-0.0130962444784,
54.359,0.478000000000002,98,98,2,97.75,0,-1.64950063100099,-33.1894437997445,1.52185410220454,0.002857821984898,-0.0086407640018,
54.36,0.478999999999999,98,98,2,97.75,0,-1.64668811697235,-33.1671367075185,1.52176078779775,0.002840154869587,-0.0106518867705,
54.361,0.480000000000004,98,98,2,97.75,0,-1.64389947571791,-33.1979231326729,1.52166825362588,0.002814908740018,-0.0172671912525,
54.362,0.481000000000002,98,98,2,97.75,0,-1.64113186495773,-33.2206243856289,1.52157634328248,0.002789493938422,-0.0230230268997,
54.363,0.481999999999999,98,98,2,97.75,0,-1.63838942075717,-33.2611109873251,1.52148518205766,0.002766369940572,-0.0246769588641,
54.364,0.483000000000004,98,98,2,97.75,0,-1.63567524402254,-33.2185575420533,1.52139496327283,0.002741513928667,-0.0243308431903,
54.365,0.484000000000002,98,98,2,97.75,0,-1.63299753284388,-33.1065232063778,1.52130616356774,0.002711717307618,-0.0258185904317,
54.366,0.484999999999999,98,98,2,97.75,0,-1.63034881046935,-32.8631644309639,1.52121879587389,0.002679954204212,-0.0289043830129,
54.367,0.486000000000004,98,98,2,97.75,0,-1.62770825576696,-32.5688098601646,1.52113240752018,0.002654968714127,-0.0291398747026,
54.368,0.487000000000002,98,98,2,97.75,0,-1.62505966946253,-32.489841954207,1.52104625079309,0.002645414484647,-0.0223893958998,
54.369,0.488,98,98,2,97.75,0,-1.62239306734755,-32.581384937238,1.52095949125746,0.002651581566984,-0.0094672141164,
54.37,0.489000000000004,98,98,2,97.75,0,-1.61971009325771,-32.6159229449205,1.52087202991356,0.002666108964272,0.0039587832772,
54.371,0.490000000000002,98,98,2,97.75,0,-1.61702285569551,-32.5197526735474,1.52078451239649,0.002679341539087,0.0116308560608,
54.372,0.491,98,98,2,97.75,0,-1.61434842900327,-32.2639178987826,1.52069788280758,0.002682115259504,0.0104833652375,
54.373,0.492000000000004,98,98,2,97.75,0,-1.61170543186391,-32.1353714074287,1.52061277923889,0.002668841087364,0.0010970089693,
54.374,0.493000000000002,98,98,2,97.75,0,-1.60910607397152,-32.0613845961256,1.52052934406669,0.002639334231133,-0.0133296096002,
54.375,0.494,98,98,2,97.75,0,-1.60654136229662,-32.004267611434,1.52044718910361,0.002602055801234,-0.0269685231041,
54.376,0.494999999999997,98,98,2,97.75,0,-1.60399123645783,-31.8093819107123,1.52036582268536,0.002570729789314,-0.0331612324049,
54.377,0.496000000000002,98,98,2,97.75,0,-1.60145157921443,-31.724460783653,1.52028514559348,0.002551361011006,-0.0295245672301,
54.378,0.497,98,98,2,97.75,0,-1.59893523132799,-31.7439526076687,1.52020529128953,0.002535805014929,-0.0218121137223,
54.379,0.497999999999998,98,98,2,97.75,0,-1.5964524354952,-31.7849228137187,1.52012642667594,0.002513275077433,-0.018792013172,
54.38,0.499000000000002,98,98,2,97.75,0,-1.59399622222654,-31.6778573249575,1.52004848761462,0.002484886679646,-0.0221952931576,
54.381,0.5,98,98,2,97.75,0,-1.59156149842692,-31.5596920098791,1.51997150463143,0.002457741197187,-0.0262579851013,
54.382,0.500999999999998,98,98,2,98,0,-1.58914896114757,-31.3756917927494,1.51989558765163,0.002434514684251,-0.0263426662005,
54.383,0.00100000000000477,99,99,2,98,0,-1.58675469144164,-31.3568753129296,-7.50993424958324E-05,0.002413712963405,-0.0236747661659,
54.384,0.00200000000000244,99,99,2,98,0,-1.58439094714708,-31.6290414286938,-0.000149540643150203,0.002390592354545,-0.0222248248772,
54.385,0.00300000000000011,99,99,2,98,0,-1.58206402368683,-31.9661686333931,-0.000223531236287045,0.002361855667678,-0.0241097658579,
54.386,0.00400000000000489,99,99,2,98,0,-1.57975077546576,-32.0051136705441,-0.000297521963773306,0.002333867138789,-0.0268274160715,
54.387,0.00500000000000256,99,99,2,98,0,-1.57743782349452,-31.6553262168698,-0.00037114373373015,0.002317261917875,-0.0247979838899,
54.388,0.00600000000000023,99,99,2,98,0,-1.57513422660951,-31.5040757381702,-0.000443890634528543,0.00231023432032,-0.0171469262988,
54.389,0.007000000000005,99,99,2,98,0,-1.57283480444451,-31.6065717346958,-0.000516449645346029,0.002305150994876,-0.0093176029294,
54.39,0.00800000000000267,99,99,2,98,0,-1.57052155066438,-31.8287690918572,-0.000589820666334617,0.002304824065542,-0.0042396882443,
54.391,0.00900000000000034,99,99,2,98,0,-1.5681869893557,-31.8515047719075,-0.000664153418085789,0.002315496554156,0.0015459772174,
54.392,0.0100000000000051,99,99,2,98,0,-1.56582913324747,-31.5268586475686,-0.000738871948755104,0.002335157489977,0.0100691973917,
54.393,0.0110000000000028,99,99,2,98,0,-1.56345474410733,-31.1907677243758,-0.000813329974221233,0.002355827577937,0.0172671473006,
54.394,0.0120000000000005,99,99,2,98,0,-1.5610726675217,-30.9679417158757,-0.000887363377387373,0.002371735464215,0.0189386818137,
54.395,0.0130000000000052,99,99,2,98,0,-1.55869664592746,-30.9064480593242,-0.000960870820506443,0.002377953854569,0.0144296980054,
54.396,0.0140000000000029,99,99,2,98,0,-1.55633294938351,-30.9403189679872,-0.00103396431524061,0.00237414057657,0.0061157386253,
54.397,0.0150000000000006,99,99,2,98,0,-1.55397882805818,-31.0112713228976,-0.00110688509516876,0.002364521493451,-0.0025455190291,
54.398,0.0160000000000053,99,99,2,98,0,-1.55163553366894,-30.9723668472381,-0.00117950805093869,0.002353745810089,-0.0082243216559,
54.399,0.017000000000003,99,99,2,98,0,-1.54930465292339,-30.8801399640507,-0.00125159345952852,0.00234281837696,-0.0104742282192,
54.4,0.0180000000000007,99,99,2,98,0,-1.54698650249319,-30.7326442286618,-0.00132300731061719,0.002330785744052,-0.0112134681326,
54.401,0.0190000000000055,99,99,2,98,0,-1.54469918529901,-30.5375427742612,-0.00139307948671785,0.002312719553999,-0.0135111401178,
54.402,0.0200000000000031,99,99,2,98,0,-1.54246412983608,-30.4065608521995,-0.00146118621259461,0.002280888645611,-0.02038553841,
54.403,0.0210000000000008,99,99,2,98,0,-1.54028291724713,-30.3575115636202,-0.00152745589244319,0.002234581120111,-0.0320444780211,
54.404,0.0220000000000056,99,99,2,98,0,-1.53814317238629,-30.4514523556907,-0.00159251372645031,0.002184925132711,-0.0429690789364,
54.405,0.0230000000000032,99,99,2,98,0,-1.53603036793686,-30.437475146564,-0.0016568369249228,0.00214410305585,-0.0460012756683,
54.406,0.0240000000000009,99,99,2,98,0,-1.53393516327969,-30.2714192192129,-0.0017204357040157,0.002115606635178,-0.039774553166,
54.407,0.0250000000000057,99,99,2,98,0,-1.53185473023356,-30.211187663215,-0.00178335071106517,0.002096053111537,-0.0295112484194,
54.408,0.0260000000000034,99,99,2,98,0,-1.52977773931755,-30.271014452853,-0.00184616120324677,0.002083831890405,-0.0200367019976,
54.409,0.027000000000001,99,99,2,98,0,-1.52768530644843,-30.2464014640207,-0.00190947551834597,0.002082656140976,-0.0111072703738,
54.41,0.0280000000000058,99,99,2,98,0,-1.5255772785773,-30.1202822589403,-0.00197310284423224,0.00209247878379,-0.001189873267,
54.411,0.0290000000000035,99,99,2,98,0,-1.52346838008412,-30.1406303318679,-0.00203664491812106,0.002103610557142,0.0069158643025,
54.412,0.0300000000000011,99,99,2,98,0,-1.5213796700047,-30.1461110830816,-0.00209960568034262,0.002102580782437,0.0070905697735,
54.413,0.0310000000000059,99,99,2,98,0,-1.51932641272631,-30.1139091512165,-0.00216147034291225,0.002084130763239,-0.0026073836358,
54.414,0.0320000000000036,99,99,2,98,0,-1.51729373464867,-29.995455629823,-0.00222256183693048,0.002057719358474,-0.0156123615202,
54.415,0.0330000000000013,99,99,2,98,0,-1.51526124617674,-29.7572874841671,-0.00228328521771459,0.002038794956152,-0.021776888362,
54.416,0.034000000000006,99,99,2,98,0,-1.51322688474066,-29.6021752060272,-0.00234366451860524,0.002033107242888,-0.0171994963375,
54.417,0.0350000000000037,99,99,2,98,0,-1.51120128040478,-29.5557097558948,-0.00240357975275174,0.002031172416775,-0.0085328538361,
54.418,0.0360000000000014,99,99,2,98,0,-1.50919061818324,-29.551871216372,-0.00246300244279496,0.002023748831638,-0.0047073199655,
54.419,0.0370000000000061,99,99,2,98,0,-1.50719121150949,-29.4624554946057,-0.00252199926214303,0.002011768191505,-0.0071440739286,
54.42,0.0380000000000038,99,99,2,98,0,-1.50520176442529,-29.4246917223966,-0.00258057569379844,0.001999795461222,-0.0106111506792,
54.421,0.0390000000000015,99,99,2,98,0,-1.50323207119033,-29.4267240440389,-0.00263853531154723,0.001986508806293,-0.0123692806318,
54.422,0.0400000000000063,99,99,2,98,0,-1.5012901671647,-29.2692826005317,-0.00269552631735337,0.001967282626933,-0.0146743348645,
54.423,0.0410000000000039,99,99,2,98,0,-1.49937501498656,-29.0560518503814,-0.00275137726302432,0.001942215234182,-0.019196686048,
54.424,0.0420000000000016,99,99,2,98,0,-1.49747868927913,-28.9688519026835,-0.00280639432133967,0.001917529791174,-0.0232004438108,
54.425,0.0430000000000064,99,99,2,98,0,-1.49559584018377,-29.0361370967647,-0.00286100164186109,0.001897930665022,-0.0232741328741,
54.426,0.044000000000004,99,99,2,98,0,-1.49372059459313,-29.038689373625,-0.00291545392298076,0.001884611027565,-0.0192411746003,
54.427,0.0450000000000017,99,99,2,98,0,-1.4918530538721,-28.9517700334174,-0.00296960369516341,0.001875215181173,-0.014026346746,
54.428,0.0460000000000065,99,99,2,98,0,-1.48999768369564,-28.9089078879681,-0.00302328018327103,0.001866201018542,-0.0104584785832,
54.429,0.0470000000000042,99,99,2,98,0,-1.48816822000701,-28.8298316312476,-0.00307609564694644,0.001851249393482,-0.010909906488,
54.43,0.0480000000000018,99,99,2,98,0,-1.48637251660114,-28.7901135631791,-0.00312782981285409,0.001827107550151,-0.0159274518126,
54.431,0.0490000000000066,99,99,2,98,0,-1.48460080415144,-28.6448363095279,-0.00317870892072847,0.001798634203847,-0.0226842287416,
54.432,0.0500000000000043,99,99,2,98,0,-1.4828479907495,-28.6541996525392,-0.00322892617981552,0.001773240022223,-0.0262501460081,
54.433,0.0510000000000019,99,99,2,98,0,-1.48111126603763,-28.8181540110972,-0.00327883300823828,0.001753656509247,-0.0245747304336,
54.434,0.0520000000000067,99,99,2,98,0,-1.47938399825964,-28.8988989612432,-0.00332867941116888,0.001738714238727,-0.0199343408336,
54.435,0.0530000000000044,99,99,2,98,0,-1.47766684678545,-28.8219352816652,-0.0033782371189659,0.001727069967014,-0.0153452436147,
54.436,0.054000000000002,99,99,2,98,0,-1.47596366890909,-28.6767647987283,-0.0034272023759172,0.001715994285981,-0.0124630941511,
54.437,0.0549999999999997,99,99,2,98,0,-1.47428430273133,-28.6339387006492,-0.00347532520444815,0.001700226446129,-0.0126539058827,
54.438,0.0560000000000045,99,99,2,98,0,-1.47262841125989,-28.6419786847402,-0.00352274655600127,0.001679467275444,-0.0158575914562,
54.439,0.0570000000000022,99,99,2,98,0,-1.47097588153038,-28.6787460662745,-0.00357010865687357,0.001661925360757,-0.0182965946357,
54.44,0.0579999999999998,99,99,2,98,0,-1.46930909784255,-28.6436414494821,-0.00361788066709323,0.001657814439585,-0.0144777934319,
54.441,0.0590000000000046,99,99,2,98,0,-1.46763079194947,-28.6653847004575,-0.00366597170526006,0.001665964161909,-0.0044620261777,
54.442,0.0600000000000023,99,99,2,98,0,-1.46595815942772,-28.5924232826943,-0.0037138573411255,0.001673147220106,0.0041815300371,
54.443,0.0609999999999999,99,99,2,98,0,-1.46429948866723,-28.5150858829215,-0.00376121861896195,0.001670146004771,0.0044177753755,
54.444,0.0620000000000047,99,99,2,98,0,-1.46265737853641,-28.5457296630742,-0.0038080686906028,0.001657891099967,-0.0027220401161,
54.445,0.0630000000000024,99,99,2,98,0,-1.46103058435534,-28.4478961788654,-0.00385442714005535,0.001642483534796,-0.0104245960734,
54.446,0.0640000000000001,99,99,2,98,0,-1.45941282355039,-28.324145808374,-0.00390034893223401,0.001628678953159,-0.0139808720007,
54.447,0.0650000000000048,99,99,2,98,0,-1.45779565836853,-28.1931596659846,-0.00394604784153785,0.001620292130859,-0.0126601488961,
54.448,0.0660000000000025,99,99,2,98,0,-1.4561761918061,-28.1434017010166,-0.00399166543022034,0.001618034282958,-0.0081734577814,
54.449,0.0670000000000002,99,99,2,98,0,-1.45456330333719,-28.1279425969795,-0.00403704513138337,0.001616802720203,-0.0037886546769,
54.45,0.0680000000000049,99,99,2,98,0,-1.45296777636931,-28.2285941157847,-0.0040820043184624,0.001609653446657,-0.0033147615361,
54.451,0.0690000000000026,99,99,2,98,0,-1.45139776001144,-28.1795724752087,-0.00412628519060831,0.001593082235186,-0.0082005416862,
54.452,0.0700000000000003,99,99,2,98,0,-1.44985283491494,-28.0455907429695,-0.00416971702347269,0.001570142162462,-0.0156552884694,
54.453,0.0710000000000051,99,99,2,98,0,-1.44831780164398,-27.8996361443318,-0.00421265591577935,0.001549484927249,-0.0203445630948,
54.454,0.0720000000000027,99,99,2,98,0,-1.44678478211692,-27.8716742554092,-0.00425540516971523,0.001537396695452,-0.0187713854415,
54.455,0.0730000000000004,99,99,2,98,0,-1.44525305493681,-27.9657415749531,-0.00429816901345248,0.001533235946145,-0.0122806880748,
54.456,0.0740000000000052,99,99,2,98,0,-1.44371913409322,-27.8578808006858,-0.00434098352241108,0.001532772983239,-0.0054296581337,
54.457,0.0750000000000028,99,99,2,98,0,-1.44218573057374,-27.7311188298008,-0.00438360370625901,0.001533107547313,-0.0013330407323,
54.458,0.0760000000000005,99,99,2,98,0,-1.44065359610688,-27.7148301979041,-0.00442607903104886,0.001533178000927,1.6072842E-05,
54.459,0.0770000000000053,99,99,2,98,0,-1.43913000590615,-27.7560691006359,-0.00446833649033351,0.001529951902807,-0.0008392787682,
54.46,0.078000000000003,99,99,2,98,0,-1.43762206677381,-27.6509116940534,-0.0045101116675994,0.001521458160052,-0.0038174259903,
54.461,0.0790000000000006,99,99,2,98,0,-1.43612603690425,-27.5759823757217,-0.00455142220917537,0.001509061674023,-0.0080842723467,
54.462,0.0800000000000054,99,99,2,98,0,-1.43463885934102,-27.4737476662314,-0.00459235657086765,0.001496946956495,-0.0111411324965,
54.463,0.0810000000000031,99,99,2,98,0,-1.43316756587762,-27.421326385763,-0.0046327399526831,0.00148506802518,-0.0121285122144,
54.464,0.0820000000000007,99,99,2,98,0,-1.4317146540709,-27.4636607527992,-0.00467261147559839,0.001470544196345,-0.0127431364349,
54.465,0.0830000000000055,99,99,2,98,0,-1.43028276725082,-27.4961056510992,-0.00471195955816484,0.001452118807732,-0.0149008275124,
54.466,0.0840000000000032,99,99,2,98,0,-1.4288742775939,-27.5469465704778,-0.0047507233430224,0.001431175167124,-0.0180103962781,
54.467,0.0850000000000009,99,99,2,98,0,-1.42748311414614,-27.4917896329886,-0.00478900728202802,0.00141031094312,-0.0201643400283,
54.468,0.0860000000000056,99,99,2,98,0,-1.42609579178181,-27.3742918975243,-0.0048270657530054,0.001395208985479,-0.0191593690763,
54.469,0.0870000000000033,99,99,2,98,0,-1.42470231689042,-27.2486149615103,-0.00486512357761626,0.001390320447477,-0.0137666116582,
54.47,0.088000000000001,99,99,2,98,0,-1.42331868773705,-27.1350059431505,-0.00490274695928861,0.001388675411866,-0.0069795131764,
54.471,0.0890000000000057,99,99,2,98,0,-1.42196694554776,-27.1646571099966,-0.00493944653200629,0.001377016785552,-0.0056221635392,
54.472,0.0900000000000034,99,99,2,98,0,-1.42064523942096,-27.3261397537027,-0.0049754569420486,0.001352297459767,-0.0125727589444,
54.473,0.0910000000000011,99,99,2,98,0,-1.41932460800651,-27.331755507448,-0.00501154840881668,0.001330394531842,-0.0199561965857,
54.474,0.0920000000000059,99,99,2,98,0,-1.4179891472605,-27.0427763507483,-0.0050478559352598,0.001325402627623,-0.0176745401712,
54.475,0.0930000000000035,99,99,2,98,0,-1.41664289205684,-26.8154589458913,-0.00508410940003046,0.001334250283837,-0.0059133432009,
54.476,0.0940000000000012,99,99,2,98,0,-1.41529138345859,-26.7922768957736,-0.00512033505799536,0.001344592884742,0.0051442714914,
54.477,0.095000000000006,99,99,2,98,0,-1.41393051707734,-26.9524148308324,-0.00515690473005748,0.001352739914773,0.0092354462355,
54.478,0.0960000000000036,99,99,2,98,0,-1.41255564769082,-26.9922716221101,-0.00519398817903038,0.001362259947931,0.0092176022313,
54.479,0.0970000000000013,99,99,2,98,0,-1.41117846235809,-26.8808549244652,-0.00523108481888812,0.001371363268802,0.0089831185338,
54.48,0.0980000000000061,99,99,2,98,0,-1.40982982317738,-26.7365803737804,-0.00526724010589419,0.001367926703261,0.0054663686335,
54.481,0.0990000000000038,99,99,2,98,0,-1.40853390578274,-26.7433665895601,-0.00530189290265071,0.001341386490495,-0.0066056937849,
54.482,0.100000000000001,99,99,2,98,0,-1.40729044091927,-26.84601368159,-0.00533521115835356,0.00129599817111,-0.0252635505842,
54.483,0.101000000000006,99,99,2,98,0,-1.40608984061565,-27.0839590155206,-0.0053675853291395,0.001246341254866,-0.041014466457,
54.484,0.102000000000004,99,99,2,98,0,-1.40492214254161,-27.2885514519762,-0.00539933066701792,0.001203589002701,-0.0463049379626,
54.485,0.103000000000002,99,99,2,98,0,-1.40378039607059,-27.3127503589557,-0.00543050108885268,0.001169783262008,-0.0421396979471,
54.486,0.104000000000006,99,99,2,98,0,-1.40264704010069,-27.263866288335,-0.00546142845598752,0.00114701480159,-0.0331785100521,
54.487,0.105000000000004,99,99,2,98,0,-1.40150442119613,-27.2286669316834,-0.00549256055529668,0.001138652000634,-0.0217579466619,
54.488,0.106000000000002,99,99,2,98,0,-1.40034185126539,-27.1809469025226,-0.00552418804579702,0.001145825332016,-0.0080236590932,
54.489,0.107000000000006,99,99,2,98,0,-1.39916006527704,-27.1490924096699,-0.00555629128538726,0.001162349440169,0.0053177247119,
54.49,0.108000000000004,99,99,2,98,0,-1.39796910710544,-27.1456915083912,-0.005588622693665,0.001178772826042,0.0136886584377,
54.491,0.109000000000002,99,99,2,98,0,-1.39677733006762,-27.0704804133442,-0.00562092948806026,0.001188452176491,0.0144303919298,
54.492,0.110000000000007,99,99,2,98,0,-1.39558479475269,-27.0468488713697,-0.00565319790121066,0.001191758861087,0.0097907613203,
54.493,0.111000000000004,99,99,2,98,0,-1.39438805592828,-27.0833481998961,-0.00568558775540851,0.001193568884641,0.0047694860393,
54.494,0.112000000000002,99,99,2,98,0,-1.3931836420347,-26.9992543505624,-0.00571815667436226,0.001197780292317,0.0029794371032,
54.495,0.113000000000007,99,99,2,98,0,-1.39197440199244,-26.7482735139391,-0.00575065350579962,0.001203559217433,0.0039612476714,
54.496,0.114000000000004,99,99,2,98,0,-1.3907718315,-26.5011535030563,-0.00578267160062751,0.00120579133271,0.0042446269323,
54.497,0.115000000000002,99,99,2,98,0,-1.38958756976547,-26.4603602265151,-0.0058140317476898,0.001199078730013,0.0006127428365,
54.498,0.116000000000007,99,99,2,98,0,-1.3884212604064,-26.4513213726103,-0.0058448874424073,0.001184368649265,-0.0064284307201,
54.499,0.117000000000004,99,99,2,98,0,-1.38726306820769,-26.4788217853881,-0.00587553908184191,0.0011692599236,-0.0124304308078,
54.5,0.118000000000002,99,99,2,98,0,-1.3861067373979,-26.4958290864084,-0.00590616719230752,0.001160068930142,-0.0132138125278,
54.501,0.119,99,99,2,98,0,-1.38495055711951,-26.5205230355308,-0.00593681542267177,0.001156844067046,-0.0091764740115,
54.502,0.120000000000005,99,99,2,98,0,-1.383792471953,-26.5067159822481,-0.00596752045214544,0.001156796904246,-0.0040613921158,
54.503,0.121000000000002,99,99,2,98,0,-1.38263407713138,-26.4734256752272,-0.00599820641301108,0.001157606596607,-0.0007434163405,
54.504,0.122,99,99,2,98,0,-1.38148412438826,-26.4422675651393,-0.00602863168631984,0.001155769301537,-0.0002414604166,
54.505,0.123000000000005,99,99,2,98,0,-1.38034418218452,-26.4029132646322,-0.00605875191226346,0.001149482204856,-0.002378139324,
54.506,0.124000000000002,99,99,2,98,0,-1.37921881749398,-26.4125149772046,-0.00608847022130021,0.001138572111594,-0.006339055172,
54.507,0.125,99,99,2,98,0,-1.37811015111202,-26.3779121421199,-0.0061177337072138,0.001124728451926,-0.0104032642095,
54.508,0.126000000000005,99,99,2,98.25,0,-1.37700805869048,-26.3978354181532,-0.00614681558292318,0.001111703686408,-0.0127179215012,
54.509,0.127000000000002,99,99,2,98.25,0,-1.37589913779018,-26.3814785830705,-0.00617607962513489,0.001106113153294,-0.0110401640418,
54.51,0.128,99,99,2,98.25,0,-1.37478296234804,-26.3718463195255,-0.00620552060800605,0.001109048719224,-0.005262973122,
54.511,0.129000000000005,99,99,2,98.25,0,-1.37366716175653,-26.2564961058158,-0.00623488197581423,0.001113886624399,0.0009484379903,
54.512,0.130000000000003,99,99,2,98.25,0,-1.3725639247814,-26.124768362503,-0.00626377644968557,0.001112143961785,0.0022930330648,
54.513,0.131,99,99,2,98.25,0,-1.37148590733936,-26.1505981355537,-0.00629195332811605,0.001099440200117,-0.0030568219935,
54.514,0.132000000000005,99,99,2,98.25,0,-1.37043728647052,-26.1748084990301,-0.00631938808479049,0.001076764330007,-0.0124070644844,
54.515,0.133000000000003,99,99,2,98.25,0,-1.36941203655706,-26.0866768133133,-0.00634617862644404,0.001050428554186,-0.0207822092907,
54.516,0.134,99,99,2,98.25,0,-1.3684010910861,-25.9811970254542,-0.00637249751707714,0.001027969867324,-0.02407467742,
54.517,0.135000000000005,99,99,2,98.25,0,-1.36739408483565,-25.9798059679018,-0.00639866004448209,0.001014055037557,-0.0210586564212,
54.518,0.136000000000003,99,99,2,98.25,0,-1.36638321055663,-25.9512789205574,-0.00642490794348305,0.001009348425174,-0.0137155216803,
54.519,0.137,99,99,2,98.25,0,-1.36537371832403,-25.9530581738192,-0.00645110645604063,0.001009299256523,-0.0060718444786,
54.52,0.138000000000005,99,99,2,98.25,0,-1.36437920438782,-25.9481520775322,-0.00647691469450251,0.001005413357609,-0.0025974208495,
54.521,0.139000000000003,99,99,2,98.25,0,-1.36340686035862,-25.9052209855682,-0.00650212435334652,0.000992356453024,-0.0054861815364,
54.522,0.140000000000001,99,99,2,98.25,0,-1.36244833657468,-25.8864932125333,-0.0065269461482842,0.000974848927725,-0.0116407890979,
54.523,0.141000000000005,99,99,2,98.25,0,-1.36149487362733,-25.9283266636859,-0.00655164790373419,0.000961151606541,-0.0150292778503,
54.524,0.142000000000003,99,99,2,98.25,0,-1.36054497193077,-25.9820091587422,-0.00657630276177201,0.00095391282309,-0.0129028210986,
54.525,0.143000000000001,99,99,2,98.25,0,-1.35960259430549,-25.8389043271741,-0.00660072019647373,0.000948712850413,-0.0085647015387,
54.526,0.144000000000005,99,99,2,98.25,0,-1.35867276535497,-25.7223709463071,-0.00662469177970593,0.000940870244236,-0.0066044059592,
54.527,0.145000000000003,99,99,2,98.25,0,-1.35774589138266,-25.7138432843909,-0.00664852922380987,0.000932707059485,-0.0071459896992,
54.528,0.146000000000001,99,99,2,98.25,0,-1.35681243228238,-25.7844307744563,-0.00667256499008317,0.000929736004164,-0.0065093723498,
54.529,0.147000000000006,99,99,2,98.25,0,-1.35588613062474,-25.7696937563114,-0.00669644232559108,0.000929336329097,-0.0037572800738,
54.53,0.148000000000003,99,99,2,98.25,0,-1.35498711601344,-25.9123681220889,-0.00671967378997351,0.00092026277653,-0.0037732523932,
54.531,0.149000000000001,99,99,2,98.25,0,-1.35412247069502,-26.1549657078863,-0.0067421836781989,0.000896889937338,-0.0107611753045,
54.532,0.150000000000006,99,99,2,98.25,0,-1.35328080676051,-26.310486064905,-0.00676426281748377,0.000868061691111,-0.020719675315,
54.533,0.151000000000003,99,99,2,98.25,0,-1.35244630610269,-26.219009030849,-0.00678618076659632,0.000846409366676,-0.0250388475789,
54.534,0.152000000000001,99,99,2,98.25,0,-1.35160994036195,-26.0987139238014,-0.00680805914214488,0.000837209165703,-0.020069463934,
54.535,0.153000000000006,99,99,2,98.25,0,-1.35076410807454,-25.994710114029,-0.00683009029214077,0.000838646179865,-0.0097446734711,
54.536,0.154000000000003,99,99,2,98.25,0,-1.34990830828373,-25.9434818816825,-0.00685231463907598,0.000845982574429,1.56637421E-05,
54.537,0.155000000000001,99,99,2,98.25,0,-1.34904587465002,-26.0053527014638,-0.00687471585015942,0.00085479969266,0.0060107975435,
54.538,0.156000000000006,99,99,2,98.25,0,-1.34817352031524,-26.0223626100005,-0.00689740915166226,0.000863419691161,0.0083137652119,
54.539,0.157000000000004,99,99,2,98.25,0,-1.34728954977314,-25.9671837881942,-0.00692038776543313,0.000872862986655,0.0089261235179,
54.54,0.158000000000001,99,99,2,98.25,0,-1.34639409226905,-25.9285185339758,-0.00694362296346185,0.000883931768501,0.0096839523017,
54.541,0.159000000000006,99,99,2,98.25,0,-1.34548309528584,-25.9087525301435,-0.00696723476224292,0.000896673259229,0.011082948605,
54.542,0.160000000000004,99,99,2,98.25,0,-1.3445611368317,-25.8784619765021,-0.00699110759236987,0.000909623580753,0.0123023273022,
54.543,0.161000000000001,99,99,2,98.25,0,-1.34363430570363,-25.7769184006973,-0.00701504549959964,0.00092013181504,0.0121550461141,
54.544,0.162000000000006,99,99,2,98.25,0,-1.34270884138715,-25.6733258019538,-0.00703885318213793,0.000924959282414,0.0095366303842,
54.545,0.163000000000004,99,99,2,98.25,0,-1.34178438331556,-25.616502248158,-0.00706256082989398,0.00092557248649,0.0052674184585,
54.546,0.164000000000001,99,99,2,98.25,0,-1.34085786813096,-25.5352782207266,-0.00708625728054813,0.00092537707896,0.0016348995836,
54.547,0.165000000000006,99,99,2,98.25,0,-1.33994819559661,-25.4432822239084,-0.00710944417869541,0.000920845255622,-0.0012537487906,
54.548,0.166000000000004,99,99,2,98.25,0,-1.33910399553104,-25.2585915230551,-0.00713084544125309,0.000895083588791,-0.0095998516435,
54.549,0.167000000000002,99,99,2,98.25,0,-1.3383968403491,-25.0356941094254,-0.00714862837361352,0.000822728341115,-0.0333707880366,
54.55,0.168000000000006,99,99,2,98.25,0,-1.33790976588506,-24.8244890993167,-0.00716077118462977,0.000682244431659,-0.0788157719565,
54.551,0.169000000000004,99,99,2,98.25,0,-1.33773535137319,-24.6148450931378,-0.00716508265330162,0.000459300693759,-0.1447832594552,
54.552,0.170000000000002,99,99,2,98.25,0,-1.3379387201147,-24.6990520820182,-0.00716006820070447,0.000154877521507,-0.2226496196724,
54.553,0.171000000000006,99,99,2,98.25,0,-1.33852596907529,-24.7524285596082,-0.00714554803539613,-0.00020519783122,-0.2966749960889,
54.554,0.172000000000004,99,99,2,98.25,0,-1.33953385683488,-24.4057229786786,-0.00712077508578091,-0.000598276534566,-0.3532807037702,
54.555,0.173000000000002,99,99,2,98.25,0,-1.34113965159852,-23.5632355976302,-0.00708226093453845,-0.001061068221105,-0.4040915931182,
54.556,0.174000000000007,99,99,2,98.25,0,-1.34365106158621,-22.7340547976052,-0.00702412519578388,-0.001698107229643,-0.4941519881808,
54.557,0.175000000000004,99,99,2,98.25,0,-1.34742588390819,-22.2395716123778,-0.00693924147134339,-0.002618749120763,-0.6698456767129,
54.558,0.176000000000002,99,99,2,98.25,0,-1.35280758803173,-21.6859701728525,-0.00682104433667519,-0.00387786316216,-0.9371026714285,
54.559,0.177000000000007,99,99,2,98.25,0,-1.36014277611251,-21.0605965682616,-0.00666426728324154,-0.005485684770241,-1.2621846663191,
54.56,0.178000000000004,99,99,2,98.25,0,-1.36978913576342,-20.4590363092443,-0.00646401062758173,-0.007442494364647,-1.6079057339733,
54.561,0.179000000000002,99,99,2,98.25,0,-1.38210161990994,-20.0998913992006,-0.00621432005038969,-0.009752845528554,-1.9581756693588,
54.562,0.18,99,99,2,98.25,0,-1.39744057238368,-19.8793657359839,-0.0059077000878176,-0.012420587296003,-2.3115058741193,
54.563,0.181000000000004,99,99,2,98.25,0,-1.41617751824296,-19.7663577147801,-0.00553628020088581,-0.015450409991236,-2.6691488647216,
54.564,0.182000000000002,99,99,2,98.25,0,-1.4386680060422,-19.9573526011331,-0.00508957738978211,-0.018843610425606,-3.0302117386389,
54.565,0.183,99,99,2,98.25,0,-1.46524241369003,-20.409129001976,-0.00455321972106049,-0.022589601171829,-3.3900242061848,
54.566,0.184000000000005,99,99,2,98.25,0,-1.49621908251224,-21.0514461947733,-0.00391106446753042,-0.026669910045567,-3.7404490909216,
54.567,0.185000000000002,99,99,2,98.25,0,-1.5319095473463,-21.7409558785396,-0.00314742410685653,-0.031070129273451,-4.0759865417273,
54.568,0.186,99,99,2,98.25,0,-1.57264460446377,-22.743903819123,-0.00224137745652797,-0.035789703715528,-4.4000526858981,
54.569,0.187000000000005,99,99,2,98.25,0,-1.61877079380019,-24.3031287841627,-0.00115632728974902,-0.040839019098132,-4.7226901599772,
54.57,0.188000000000002,99,99,2,98.25,0,-1.67061268741984,-26.3717636763851,0.000157213902326703,-0.046223560955704,-5.0509610429363,
54.571,0.189,99,99,2,98.25,0,-1.72845644619905,-28.7707337832143,0.00175203856309736,-0.051927741882549,-5.3798656358635,
54.572,0.190000000000005,99,99,2,98.25,0,-1.7925596482201,-31.6121524676031,0.00368740674107926,-0.057921032203894,-5.6950220244131,
54.573,0.191000000000003,99,99,2,98.25,0,-1.86318062176034,-34.9214029467789,0.0060367389692999,-0.064180700504255,-5.9864708966998,
54.574,0.192,99,99,2,98.25,0,-1.94059233570054,-38.8394721439337,0.0088917168505418,-0.070702864204471,-6.2585035266127,
54.575,0.193000000000005,99,99,2,98.25,0,-2.02507684242307,-43.3789799759499,0.012364809535967,-0.077496329654911,-6.5248056053267,
54.576,0.194000000000003,99,99,2,98.25,0,-2.11689805697899,-48.5468353561938,0.0165851795423748,-0.084563681237848,-6.7942407651219,
54.577,0.195,99,99,2,98.25,0,-2.21629763587662,-54.451899579066,0.0217041949821635,-0.091893711508416,-7.0639893494772,
54.578,0.196000000000005,99,99,2,98.25,0,-2.32349638808135,-61.3271701550074,0.0279098808856304,-0.099465821587247,-7.3238506067576,
54.579,0.197000000000003,99,99,2,98.25,0,-2.43868465197815,-69.242740492256,0.0354299415479318,-0.107255853720224,-7.5648627525959,
54.58,0.198,99,99,2,98.25,0,-2.56202975451031,-77.9989348678962,0.044510711320072,-0.115238461979788,-7.7824283547093,
54.581,0.199000000000005,99,99,2,98.25,0,-2.69367281216615,-87.5110855680843,0.0554048339015196,-0.123387437478655,-7.9747455933788,
54.582,0.200000000000003,99,99,2,98.25,0,-2.83374525212675,-98.1698455826231,0.0684092244417513,-0.131682485810161,-8.1428871768678,
54.583,0.201000000000001,99,99,2,98.25,0,-2.9823366667399,-110.375674396428,0.0839032613542088,-0.140099317664937,-8.2877615386953,
54.584,0.202000000000005,99,99,2,98.25,0,-3.13943770751102,-123.919868201491,0.102307298149299,-0.148588610064776,-8.4020349613139,
54.585,0.203000000000003,99,99,2,98.25,0,-3.30498981455686,-138.62313328974,0.124039571692805,-0.157083472806145,-8.4692253387791,
54.586,0.204000000000001,99,99,2,98.25,0,-3.47893708770298,-154.578592066373,0.14954039199651,-0.165535336993508,-8.4802920727082,
54.587,0.205000000000005,99,99,2,98.25,0,-3.66120782714324,-171.969352191679,0.179300459627825,-0.173925763204278,-8.4463323605869,
54.588,0.206000000000003,99,99,2,98.25,0,-3.85170434160983,-190.809577574046,0.213854520448962,-0.182241432059917,-8.3864303972086,
54.589,0.207000000000001,99,99,2,98.25,0,-4.05031293988207,-211.192874814666,0.253775092234434,-0.190462407100386,-8.3096879176273,
54.59,0.208000000000006,99,99,2,98.25,0,-4.25689269667127,-233.288232697904,0.299685491778092,-0.198566320685633,-8.2142647484534,
54.591,0.209000000000003,99,99,2,98.25,0,-4.47120575754788,-256.913968416844,0.352213858862768,-0.206508400460335,-8.0904818786501,
54.592,0.210000000000001,99,99,2,98.25,0,-4.69290166621529,-281.628544327242,0.411910194722196,-0.214207923987627,-7.9178630436425,
54.593,0.211000000000006,99,99,2,98.25,0,-4.92159825553541,-306.91338620466,0.479208960814447,-0.221581258525983,-7.6744337048342,
54.594,0.212000000000003,99,99,2,98.25,0,-5.15696907215884,-332.524813106333,0.554461506390481,-0.2285986533153,-7.3644093103251,
54.595,0.213000000000001,99,99,2,98.25,0,-5.39873103956303,-358.255360846045,0.637963693339742,-0.235285893666665,-7.0251303826431,
54.596,0.214000000000006,99,99,2,98.25,0,-5.64659838994994,-384.336529042686,0.7299958354225,-0.241676237064778,-6.697217596775,
54.597,0.215000000000003,99,99,2,98.25,0,-5.90026105645523,-410.712190317508,0.830832924499759,-0.247774330327608,-6.3917374435037,
54.598,0.216000000000001,99,99,2,98.25,0,-6.15942588403321,-437.213448458554,0.940709175485921,-0.253574719991583,-6.0964572237584,
54.599,0.217000000000006,99,99,2,98.25,0,-6.42384722720278,-463.690324239519,1.05981826830759,-0.25909113393365,-5.8045080270591,
54.6,0.218000000000004,99,99,2,98.25,0,-6.69332047801691,-490.253362803975,1.18834942152822,-0.264359960785458,-5.5273305315617,
54.601,0.219000000000001,99,99,2,98.25,0,-6.96768444686513,-517.364768073755,1.32657647626374,-0.269424893930988,-5.2819348670023,
54.602,0.220000000000006,99,99,2,98.25,0,-7.24680092735769,-544.705163442627,1.47479708692467,-0.274322506931296,-5.0759052138468,
54.603,0.221000000000004,99,99,2,98.25,0,-7.53053724733227,-571.608398922136,1.6331664379862,-0.279076678843867,-4.9047767175535,
54.604,0.222000000000001,99,99,2,98.25,0,-7.81873382709141,-598.293714014389,1.80174733178686,-0.283688446065342,-4.7544828315633,
54.605,0.223000000000006,99,99,2,98.25,0,-8.11119375159113,-625.386506922973,1.98068604430043,-0.288137505245946,-4.6056762165425,
54.606,0.224000000000004,99,99,2,98.25,0,-8.40768028991227,-652.926721492624,2.17018737629195,-0.292388905223972,-4.4385738320919,
54.607,0.225000000000001,99,99,2,98.25,0,-8.70789681292546,-680.708895884916,2.37037710029978,-0.296397549582329,-4.2378710528987,
54.608,0.226000000000006,99,99,2,98.25,0,-9.01154414352442,-708.716873965228,2.58132481333999,-0.300126769881306,-3.9976438264437,
54.609,0.227000000000004,99,99,2,98.25,0,-9.31830786453782,-737.314084617775,2.80311973211775,-0.303553005447561,-3.7221520969744,
54.61,0.228000000000002,99,99,2,98.25,0,-9.62783070212789,-765.998967636248,3.03577459297767,-0.306656538862069,-3.4203203405475,
54.611,0.229000000000006,99,99,2,98.25,0,-9.93971091920504,-794.639728177995,3.27914076059244,-0.309402316463193,-3.0930173160169,
54.612,0.230000000000004,99,99,2,98.25,0,-10.2535006133303,-824.538055451607,3.53318141132223,-0.311745846345459,-2.7324300294818,
54.613,0.231000000000002,99,99,2,98.25,0,-10.5687528634126,-854.834839875341,3.79789445331173,-0.313655617797939,-2.3340766689876,
54.614,0.232000000000006,99,99,2,98.25,0,-10.8850569979063,-885.134678328411,4.07307422956214,-0.315129048618608,-1.9089967918725,
54.615,0.233000000000004,99,99,2,98.25,0,-11.2020631621197,-915.402230038946,4.35846487898527,-0.31619917808619,-1.4833426042862,
54.616,0.234000000000002,99,99,2,98.25,0,-11.5194513069251,-945.982532559723,4.65385560727037,-0.31691014947509,-1.0833724499035,
54.617,0.235000000000007,99,99,2,98.25,0,-11.8367855400594,-977.392545205241,4.95903198493647,-0.31725737712647,-0.7095956912486,
54.618,0.236000000000004,99,99,2,98.25,0,-12.1535450200949,-1009.16355233843,5.27366222319611,-0.31717798070599,-0.328363551078,
54.619,0.237000000000002,99,99,2,98.25,0,-12.4692787425282,-1041.3913690355,5.59737689238571,-0.31662417868448,0.093730879231,
54.62,0.238000000000007,99,99,2,98.25,0,-12.7835995521743,-1073.72706197948,5.92978976125278,-0.3156175758778,0.547320576752,
54.621,0.239000000000004,99,99,2,98.25,0,-13.0961495263835,-1106.50342946112,6.27050525318765,-0.31421343285116,0.990024637117,
54.622,0.240000000000002,99,99,2,98.25,0,-13.4065102600513,-1139.89146806202,6.61910163743914,-0.31242445267784,1.400332104656,
54.623,0.241000000000007,99,99,2,98.25,0,-13.7142198946598,-1173.65311763955,6.97505161699755,-0.31022217611244,1.79751794694,
54.624,0.242000000000004,99,99,2,98.25,0,-14.0188755422666,-1207.77056778221,7.33780870455169,-0.30758876822581,2.207627044145,
54.625,0.243000000000002,99,99,2,98.25,0,-14.3200637936113,-1242.42994347422,7.70679450826628,-0.30453162482868,2.631189143411,
54.626,0.244,99,99,2,98.25,0,-14.6173356342292,-1277.66519701043,8.08137116873834,-0.30105354700529,3.056303071858,
54.627,0.245000000000005,99,99,2,98.25,0,-14.9102222530422,-1313.59756208512,8.46084426272219,-0.29713119729447,3.485079061741,
54.628,0.246000000000002,99,99,2,98.25,0,-15.1981622189622,-1350.49678918947,8.84439388107899,-0.29271818948657,3.936265573715,
54.629,0.247,99,99,2,98.25,0,-15.4804945611704,-1388.01766181057,9.23097948063995,-0.28774167467436,4.434862480069,
54.63,0.248000000000005,99,99,2,98.25,0,-15.7565498752949,-1425.77575489815,9.61936079340543,-0.28213152089663,4.997554400573,
54.631,0.249000000000002,99,99,2,98.25,0,-16.0256912615776,-1463.45399626154,10.0081664436636,-0.27586424419707,5.617198964623,
54.632,0.25,99,99,2,98.25,0,-16.2873249544993,-1501.22709776149,10.3959966751458,-0.26896325662694,6.260253084182,
54.633,0.251000000000005,99,99,2,98.5,0,-16.5408684523204,-1539.13611765219,10.781428837287,-0.26145894239982,6.891872306056,
54.634,0.252000000000002,99,99,2,98.5,0,-16.7856946072265,-1576.62562907916,11.1628388213149,-0.25335535347678,7.503098638799,
54.635,0.253,99,99,2,98.5,0,-17.0211370364529,-1613.40584996344,11.5383732016821,-0.24462624007669,8.111463857379,
54.636,0.254000000000005,99,99,2,98.5,0,-17.246596044491,-1649.19447555087,11.9061645181899,-0.23526252057382,8.731837887809,
54.637,0.255000000000003,99,99,2,98.5,0,-17.4616508716663,-1683.93425484835,12.2645672297243,-0.22533278013575,9.343143952596,
54.638,0.256,99,99,2,98.5,0,-17.6660001967943,-1717.82821559191,12.6121411622645,-0.21496443081995,9.891516820829,
54.639,0.257000000000005,99,99,2,98.5,0,-17.8593200520843,-1750.67982034907,12.9474068980545,-0.20425213479079,10.339950666489,
54.64,0.258000000000003,99,99,2,98.5,0,-18.0412734735256,-1782.09996758129,13.2688075828609,-0.19321876608679,10.705433817604,
54.641,0.259,99,99,2,98.5,0,-18.2115777927367,-1812.17330861557,13.5748677145416,-0.18186862092685,11.03207983833,
54.642,0.260000000000005,99,99,2,98.5,0,-18.3699982001821,-1840.89382959417,13.8642279067718,-0.17023387635045,11.340492048096,
54.643,0.261000000000003,99,99,2,98.5,0,-18.5162687236541,-1867.87280625789,14.1354695254025,-0.15834061578309,11.62691954875,
54.644,0.262,99,99,2,98.5,0,-18.6500498544074,-1892.96099863657,14.3870338248997,-0.14616867084841,11.899311080268,
54.645,0.263000000000005,99,99,2,98.5,0,-18.7709805952282,-1915.71257279487,14.6173266831686,-0.13367283158916,12.185507921855,
54.646,0.264000000000003,99,99,2,98.5,0,-18.878796316362,-1936.09842380351,14.8249695733032,-0.12085135189445,12.496363092517,
54.647,0.265000000000001,99,99,2,98.5,0,-18.9733224252529,-1953.5976541626,15.0088084908123,-0.10776334336703,12.803746213885,
54.648,0.266000000000005,99,99,2,98.5,0,-19.0544220731194,-1968.26094896736,15.1678391666603,-0.09448505425645,13.065134052555,
54.649,0.267000000000003,99,99,2,98.5,0,-19.1220375497074,-1980.32124269321,15.3013318000284,-0.08108233479027,13.258534042312,
54.65,0.268000000000001,99,99,2,98.5,0,-19.1762364567667,-1989.58190997459,15.4089140060314,-0.06763575711294,13.378547822845,
54.651,0.269000000000005,99,99,2,98.5,0,-19.2171853587815,-1995.98652642161,15.4905163317191,-0.05424887640456,13.4155111233,
54.652,0.270000000000003,99,99,2,98.5,0,-19.2451048335053,-1999.61896544887,15.5462939349873,-0.04101507534085,13.358865905664,
54.653,0.271000000000001,99,99,2,98.5,0,-19.2602769277839,-2000.37630470972,15.5766380876636,-0.02800408877754,13.212880606991,
54.654,0.272000000000006,99,99,2,98.5,0,-19.2630774242387,-1997.92528729752,15.5822367023805,-0.01528482906502,12.990312858193,
54.655,0.273000000000003,99,99,2,98.5,0,-19.2540087008751,-1992.49491477279,15.564142693922,-0.00295120985642,12.691085616581,
54.656,0.274000000000001,99,99,2,98.5,0,-19.233627858869,-1984.7475379753,15.5236129188972,0.00890159301083,12.305066457371,
54.657,0.275000000000006,99,99,2,98.5,0,-19.2024452167482,-1975.03687036446,15.4618746488568,0.02022774644776,11.839052940559,
54.658,0.276000000000003,99,99,2,98.5,0,-19.1609015173711,-1962.98512611,15.3800746478759,0.03105041926328,11.333104079603,
54.659,0.277000000000001,99,99,2,98.5,0,-19.1093870762134,-1948.68293213651,15.2793209508685,0.04142660473439,10.83977079862,
54.66,0.278000000000006,99,99,2,98.5,0,-19.0483036997724,-1932.460729255,15.1607842712232,0.05139389920851,10.387464375336,
54.661,0.279000000000003,99,99,2,98.5,0,-18.9780925810735,-1914.28307408145,15.025742178333,0.06095101853338,9.966909228442,
54.662,0.280000000000001,99,99,2,98.5,0,-18.8992326324468,-1894.57524454279,14.8755589926665,0.07006744499987,9.547964012131,
54.663,0.281000000000006,99,99,2,98.5,0,-18.8122355522472,-1873.07565390013,14.7116716789785,0.07870643912023,9.105404620165,
54.664,0.282000000000004,99,99,2,98.5,0,-18.7176290183365,-1850.46552550613,14.5355360165499,0.08683877684106,8.63022690434,
54.665,0.283000000000001,99,99,2,98.5,0,-18.6159206854541,-1826.5830190885,14.3485427778507,0.09445423748888,8.129271518786,
54.666,0.284000000000006,99,99,2,98.5,0,-18.5076108013494,-1801.70487600315,14.1520530571427,0.10155825855758,7.617091895987,
54.667,0.285000000000004,99,99,2,98.5,0,-18.3932050979821,-1776.32069644448,13.9473797910017,0.10815816451679,7.106218409589,
54.668,0.286000000000001,99,99,2,98.5,0,-18.2732348858394,-1750.39928202482,13.7358291190093,0.11424631022114,6.597612415599,
54.669,0.287000000000006,99,99,2,98.5,0,-18.148259514855,-1724.19462501398,13.518709787733,0.11980240716259,6.082059151938,
54.67,0.288000000000004,99,99,2,98.5,0,-18.0187804641547,-1697.51343926735,13.2971900317648,0.12482492724666,5.555638513106,
54.671,0.289000000000001,99,99,2,98.5,0,-17.8851956575613,-1670.85649126957,13.0722085089118,0.12935967355349,5.036261008112,
54.672,0.290000000000006,99,99,2,98.5,0,-17.7478128950769,-1644.48629840323,12.8444730333979,0.13349246659278,4.56049245974,
54.673,0.291000000000004,99,99,2,98.5,0,-17.6068787308718,-1618.17142852068,12.6145630634822,0.1373087962333,4.158439999921,
54.674,0.292000000000002,99,99,2,98.5,0,-17.4626221713379,-1591.65516574737,12.3830437928874,0.1408654622875,3.833369584255,
54.675,0.293000000000006,99,99,2,98.5,0,-17.3152644084391,-1565.2273269869,12.1504482219555,0.14419020194473,3.564987211005,
54.676,0.294000000000004,99,99,2,98.5,0,-17.1649663310592,-1539.34104976535,11.9171428928954,0.14730949623366,3.332683965831,
54.677,0.295000000000002,99,99,2,98.5,0,-17.0118160881454,-1513.66322225468,11.6833587199571,0.15027163269574,3.133780551365,
54.678,0.296000000000006,99,99,2,98.5,0,-16.8559115354485,-1487.97913708846,11.4493738652623,0.15312088618856,2.975418919357,
54.679,0.297000000000004,99,99,2,98.5,0,-16.69743883844,-1462.20334786454,11.2156121777334,0.15584870305545,2.846687395819,
54.68,0.298000000000002,99,99,2,98.5,0,-16.5366777956162,-1436.56350665617,10.9826077865155,0.15838875745961,2.70791911585,
54.681,0.299000000000007,99,99,2,98.5,0,-16.3739129147256,-1411.27759756469,10.7508435274536,0.16067569049925,2.520446733623,
54.682,0.300000000000004,99,99,2,98.5,0,-16.2093307873492,-1386.64152064223,10.5205997871028,0.1627089034163,2.286753412219,
54.683,0.301000000000002,99,99,2,98.5,0,-16.0429789974389,-1362.51231651562,10.2919364563278,0.16456785219083,2.057049711071,
54.684,0.302000000000007,99,99,2,98.5,0,-15.8748331074537,-1338.56067111186,10.064849295618,0.1663591211726,1.890924079458,
54.685,0.303000000000004,99,99,2,98.5,0,-15.7048341520104,-1314.9492178616,9.83930234092597,0.16816357960016,1.815529753335,
54.686,0.304000000000002,99,99,2,98.5,0,-15.5329203045382,-1291.58310343571,9.61525284096862,0.17001750341454,1.815341209869,
54.687,0.305,99,99,2,98.5,0,-15.3590461856911,-1268.34792562253,9.39269996497518,0.171927461276,1.855894412458,
54.688,0.306000000000004,99,99,2,98.5,0,-15.1832035511464,-1245.28897065597,9.17169769790999,0.17387659214391,1.904899549271,
54.689,0.307000000000002,99,99,2,98.5,0,-15.0053802835927,-1222.45388848585,8.95228664856248,0.17584626973812,1.943542983865,
54.69,0.308,99,99,2,98.5,0,-14.8255361956207,-1200.08896386671,8.73444664363527,0.17783532377649,1.969326509568,
54.691,0.309000000000005,99,99,2,98.5,0,-14.6436150437653,-1178.0129431014,8.5181331245627,0.17986096101153,1.994216064123,
54.692,0.310000000000002,99,99,2,98.5,0,-14.4595355396461,-1156.17748373035,8.30329481641724,0.18194553836952,2.032344312924,
54.693,0.311,99,99,2,98.5,0,-14.2731806985352,-1134.30541457771,8.0898735281265,0.18411459953757,2.092240464123,
54.694,0.312000000000005,99,99,2,98.5,0,-14.0844065430001,-1112.35558723885,7.87781776143075,0.18639803434065,2.178028115541,
54.695,0.313000000000002,99,99,2,98.5,0,-13.8930751428447,-1090.81903970272,7.66704951835095,0.18881553459393,2.289342347631,
54.696,0.314,99,99,2,98.5,0,-13.6990887255042,-1069.30663308202,7.45753199821652,0.19136073192484,2.415589741509,
54.697,0.315000000000005,99,99,2,98.5,0,-13.5023713326545,-1047.74751962448,7.24930131149554,0.19400920483773,2.537870882215,
54.698,0.316000000000003,99,99,2,98.5,0,-13.302840173759,-1026.04382334843,7.04240831651006,0.19674223001068,2.642855916314,
54.699,0.317,99,99,2,98.5,0,-13.1004569286161,-1004.10101970004,6.83697466578698,0.19954265495598,2.727879426637,
54.7,0.318000000000005,99,99,2,98.5,0,-12.8952673708874,-982.096603036539,6.63320115990138,0.20236951304442,2.788134956537,
54.701,0.319000000000003,99,99,2,98.5,0,-12.6873618738979,-960.055623678495,6.43130909793922,0.2051624457312,2.808750525,
54.702,0.32,99,99,2,98.5,0,-12.4768385347121,-938.068962286433,6.23150933492516,0.20787606787015,2.779317142929,
54.703,0.321000000000005,99,99,2,98.5,0,-12.2638158036962,-916.103522099906,6.03401889172594,0.21048780407594,2.706849523351,
54.704,0.322000000000003,99,99,2,98.5,0,-12.0484321046219,-894.174655039463,5.83906668665304,0.21298120388439,2.606801066536,
54.705,0.323,99,99,2,98.5,0,-11.8308444427934,-872.375224472744,5.64687695775976,0.21533659748304,2.487498864712,
54.706,0.324000000000005,99,99,2,98.5,0,-11.6112572715429,-850.738551921323,5.45769011780919,0.21752632582884,2.347095885735,
54.707,0.325000000000003,99,99,2,98.5,0,-11.3898924823066,-829.115786001576,5.27175981707822,0.21952060381964,2.180792815155,
54.708,0.326000000000001,99,99,2,98.5,0,-11.1669302752984,-807.549258594148,5.0893025918401,0.22131072917213,1.991667305807,
54.709,0.327000000000005,99,99,2,98.5,0,-10.9424814890959,-786.280154309846,4.91043605327008,0.22292895543492,1.799801417073,
54.71,0.328000000000003,99,99,2,98.5,0,-10.7166163327146,-765.100281076596,4.73523466094733,0.22442772349785,1.633958529742,
54.711,0.329000000000001,99,99,2,98.5,0,-10.4894488214435,-743.851253313981,4.5638422785992,0.2258309517946,1.505943593034,
54.712,0.330000000000005,99,99,2,98.5,0,-10.2611046024367,-722.602809137723,4.39641412479924,0.22712981712487,1.40058133666,
54.713,0.331000000000003,99,99,2,98.5,0,-10.0316955709699,-701.404862595621,4.23307401441247,0.22831065042409,1.294764610899,
54.714,0.332000000000001,99,99,2,98.5,0,-9.80136661202028,-680.160368532665,4.07396677370906,0.229365565973646,1.1784675836358,
54.715,0.333000000000006,99,99,2,98.5,0,-9.57029773332653,-658.921305508003,3.91925672325911,0.230274956628013,1.0490334058985,
54.716,0.334000000000003,99,99,2,98.5,0,-9.33867496624432,-637.704053448005,3.76909274650393,0.231013069287049,0.9016647243244,
54.717,0.335000000000001,99,99,2,98.5,0,-9.10669614893826,-616.548434845449,3.62361274208519,0.231563415632827,0.7331661636579,
54.718,0.336000000000006,99,99,2,98.5,0,-8.87458749809299,-595.638602818777,3.482933193143,0.231910952300671,0.5458333363752,
54.719,0.337000000000003,99,99,2,98.5,0,-8.64260969106297,-574.804409471257,3.34717479152067,0.232030447638933,0.3399671723496,
54.72,0.338000000000001,99,99,2,98.5,0,-8.41102116783736,-553.898424412215,3.21647748029085,0.231900275033271,0.1130073539594,
54.721,0.339000000000006,99,99,2,98.5,0,-8.18007130842362,-532.942486899697,3.09097460245457,0.231513709223369,-0.1321901837568,
54.722,0.340000000000003,99,99,2,98.5,0,-7.95004034181932,-511.994957606805,2.97079061725415,0.230865790714469,-0.3880536583294,
54.723,0.341000000000001,99,99,2,98.5,0,-7.72123089596433,-491.055866632372,2.85603686562487,0.229940178222342,-0.6528208941687,
54.724,0.342000000000006,99,99,2,98.5,0,-7.49393021184814,-470.086322249409,2.74680272709199,0.228723273558144,-0.9296919487802,
54.725,0.343000000000004,99,99,2,98.5,0,-7.268416067384,-449.232613151855,2.64314301548865,0.227217350742214,-1.2162224580963,
54.726,0.344000000000001,99,99,2,98.5,0,-7.04498940545019,-428.318636141225,2.54510884233594,0.225423861600653,-1.5054872680997,
54.727,0.345000000000006,99,99,2,98.5,0,-6.82399257720175,-407.317779445309,2.45277234362916,0.223323956587298,-1.7991440054099,
54.728,0.346000000000004,99,99,2,98.5,0,-6.60581951333024,-386.446845565635,2.36618331351343,0.220878649040972,-2.1116010117081,
54.729,0.347000000000001,99,99,2,98.5,0,-6.39086700184303,-365.678094371943,2.28534774111756,0.218054027469299,-2.4554809940388,
54.73,0.348000000000006,99,99,2,98.5,0,-6.179563173922,-345.109792751074,2.21025164042305,0.214824072132646,-2.8324274935629,
54.731,0.349000000000004,99,99,2,98.5,0,-5.97241593964912,-324.837876660009,2.14086273701002,0.211151454896439,-3.2411537770252,
54.732,0.350000000000001,99,99,2,98.5,0,-5.76994671456672,-305.054030697557,2.07709587382584,0.206990809610181,-3.6862270813561,
54.733,0.351000000000006,99,99,2,98.5,0,-5.57262253309676,-285.75761591426,2.01880516154054,0.202329114755812,-4.164551741676,
54.734,0.352000000000004,99,99,2,98.5,0,-5.38080973456881,-266.972215158082,1.9657948336766,0.197214279671089,-4.6473220530419,
54.735,0.353000000000002,99,99,2,98.5,0,-5.19477073233713,-248.873750924583,1.91781109925898,0.191734074521672,-5.088504035025,
54.736,0.354000000000006,99,99,2,98.5,0,-5.0147146823164,-231.568832265386,1.87455780236351,0.185976255457276,-5.4538783045025,
54.737,0.355000000000004,99,99,2,98.5,0,-4.84083712266579,-214.928992681078,1.83573982626802,0.179997388572979,-5.7408492358726,
54.738,0.356000000000002,99,99,2,98.5,0,-4.67330711855145,-198.873515419531,1.80107765832571,0.173826840100765,-5.9700570147018,
54.739,0.357000000000006,99,99,2,98.5,0,-4.51226346169477,-183.620340889336,1.7702785536531,0.167488366597923,-6.1634215050273,
54.74,0.358000000000004,99,99,2,98.5,0,-4.35781709308169,-169.524931013872,1.74300755123394,0.161010374560898,-6.3299515539085,
54.741,0.359000000000002,99,99,2,98.5,0,-4.2100545650629,-156.456557573628,1.71892362681345,0.154420402907873,-6.4697303615701,
54.742,0.360000000000007,99,99,2,98.5,0,-4.06903471388081,-144.483093160797,1.69770439443278,0.147744877146067,-6.5820440008593,
54.743,0.361000000000004,99,99,2,98.5,0,-3.93476465570617,-133.587620982591,1.67903610895044,0.141017716330865,-6.6653500451905,
54.744,0.362000000000002,99,99,2,98.5,0,-3.80718089279329,-123.7989362708,1.66261693620166,0.134289107498347,-6.712104704378,
54.745,0.363000000000007,99,99,2,98.5,0,-3.68615448986015,-114.981417347625,1.6481675725569,0.127622443497489,-6.7095909778252,
54.746,0.364000000000004,99,99,2,98.5,0,-3.57152286553476,-107.101309805375,1.63543872068283,0.121075177344738,-6.6494280959239,
54.747,0.365000000000002,99,99,2,98.5,0,-3.46310882429035,-99.9276760085977,1.62421629617941,0.11468478298342,-6.5360239697532,
54.748,0.366000000000007,99,99,2,98.5,0,-3.3607137498866,-93.3914658571469,1.6143188322219,0.108473626116503,-6.3836846504276,
54.749,0.367000000000004,99,99,2,98.5,0,-3.2641036632359,-87.7134497128872,1.60557055142885,0.102465268130033,-6.2040884511032,
54.75,0.368000000000002,99,99,2,98.5,0,-3.17300930685023,-82.615104954067,1.59781256639812,0.096690863897106,-5.9990115245412,
54.751,0.369,99,99,2,98.5,0,-3.08716749960781,-77.8264311655856,1.59092627068949,0.091173310722204,-5.7675350415824,
54.752,0.370000000000005,99,99,2,98.5,0,-3.00634748670628,-73.4477579591189,1.58481327973112,0.085911033683128,-5.5180256515617,
54.753,0.371000000000002,99,99,2,98.5,0,-2.93034235704664,-69.5089710024154,1.57938055737091,0.08088208623123,-5.2688610036704,
54.754,0.372,99,99,2,98.5,0,-2.8589759600535,-66.0433026090502,1.57454361868497,0.076057974832257,-5.0374955121739,
54.755,0.373000000000005,99,99,2,98.5,0,-2.79207606645387,-62.9394419553373,1.57022915274121,0.071418065775037,-4.8303015123246,
54.756,0.374000000000002,99,99,2,98.5,0,-2.72942200493533,-60.2661665756351,1.56636948685303,0.066966094993356,-4.6387882770842,
54.757,0.375,99,99,2,98.5,0,-2.67074933088471,-58.0028000193431,1.56289990858937,0.062733394902491,-4.4425710570979,
54.758,0.376000000000005,99,99,2,98.75,0,-2.61579286646286,-56.0002672236043,1.55976730583492,0.058752227402365,-4.2230215208881,
54.759,0.377000000000002,99,99,2,98.75,0,-2.56432261502243,-53.993288908675,1.55693660783945,0.055025463416055,-3.9803062232029,
54.76,0.378,99,99,2,98.75,0,-2.51615867414981,-52.1552144268022,1.55438034272026,0.051524222164513,-3.7354282200244,
54.761,0.379000000000005,99,99,2,98.75,0,-2.47114511629864,-50.4260030193966,1.55207156993728,0.048210719136528,-3.5125766049053,
54.762,0.380000000000003,99,99,2,98.75,0,-2.42911485208198,-49.1218100486642,1.54997955949457,0.045063684667252,-3.3198839274394,
54.763,0.381,99,99,2,98.75,0,-2.38987679621011,-47.98559552472,1.54807440659184,0.042087589803576,-3.1456931552087,
54.764,0.382000000000005,99,99,2,98.75,0,-2.35323326177434,-46.9175345012741,1.54633561353526,0.039297361944477,-2.9716166439829,
54.765,0.383000000000003,99,99,2,98.75,0,-2.3190093202431,-45.8093672210776,1.54474887350381,0.036696012995241,-2.7893242875132,
54.766,0.384,99,99,2,98.75,0,-2.28704608023067,-44.7772331565177,1.54330115287891,0.034271608946956,-2.6049291519096,
54.767,0.385000000000005,99,99,2,98.75,0,-2.25718100908647,-43.9538932093682,1.5419761721781,0.032011999807604,-2.4280490458904,
54.768,0.386000000000003,99,99,2,98.75,0,-2.2292635983093,-43.2713567400713,1.5407586206116,0.02991022369456,-2.2616977041395,
54.769,0.387,99,99,2,98.75,0,-2.20316614560113,-42.7083819836585,1.53963669452901,0.027955721466579,-2.1049438554175,
54.77,0.388000000000005,99,99,2,98.75,0,-2.17877170678572,-42.2336497973097,1.53860063793044,0.026132535961042,-1.9592893767667,
54.771,0.389000000000003,99,99,2,98.75,0,-2.15597091730624,-41.8188015517853,1.53764240680621,0.024427248182459,-1.827211204184,
54.772,0.390000000000001,99,99,2,98.75,0,-2.13466618477632,-41.408950469928,1.53675583430828,0.022830067195391,-1.7082250592147,
54.773,0.391000000000005,99,99,2,98.75,0,-2.11477661181032,-40.9561911444738,1.53593673056128,0.021329001745612,-1.6007783633358,
54.774,0.392000000000003,99,99,2,98.75,0,-2.09621184598818,-40.8442838486344,1.53517742723008,0.019916678692018,-1.5032773921102,
54.775,0.393000000000001,99,99,2,98.75,0,-2.07886248406647,-40.7736453634875,1.53446941773348,0.018597586795169,-1.410976425426,
54.776,0.394000000000005,99,99,2,98.75,0,-2.06261562968971,-40.5558912290326,1.53380874316471,0.017383230828354,-1.3156404648623,
54.777,0.395000000000003,99,99,2,98.75,0,-2.04736611884249,-40.2502077079846,1.53319261642358,0.016278403581383,-1.212918129872,
54.778,0.396000000000001,99,99,2,98.75,0,-2.03302080528644,-39.9561384097571,1.53261732383146,0.015277454718731,-1.1065223476285,
54.779,0.397000000000006,99,99,2,98.75,0,-2.01951784975544,-39.7661655669346,1.53207908046875,0.014363865335886,-1.0059045340056,
54.78,0.398000000000003,99,99,2,98.75,0,-2.00680349840952,-39.6162034827998,1.53157443280335,0.013519081682991,-0.9191555078021,
54.781,0.399000000000001,99,99,2,98.75,0,-1.99482704219372,-39.3958511849449,1.53110129059672,0.012729564062408,-0.8488455621864,
54.782,0.400000000000006,99,99,2,98.75,0,-1.98353759846908,-39.1494313126784,1.53065792432344,0.011991721007488,-0.7905950605777,
54.783,0.401000000000003,99,99,2,98.75,0,-1.97287612840591,-38.9558868971131,1.53024156556751,0.011307155373547,-0.7373621983252,
54.784,0.402000000000001,99,99,2,98.75,0,-1.96280751086254,-38.9451934165876,1.52984938747556,0.010672006405671,-0.6857238604152,
54.785,0.403000000000006,99,99,2,98.75,0,-1.95331003389137,-38.8943084801857,1.5294797480372,0.01007513112765,-0.638491860739,
54.786,0.404000000000003,99,99,2,98.75,0,-1.94434531642557,-38.6369518518908,1.52913222511538,0.009508991291219,-0.5991367525005,
54.787,0.405000000000001,99,99,2,98.75,0,-1.9358648961782,-38.4248933019868,1.5288054666994,0.008979256151882,-0.5644390597798,
54.788,0.406000000000006,99,99,2,98.75,0,-1.92782047309663,-38.4541716819808,1.52849624283698,0.008494910263159,-0.527039773281,
54.789,0.407000000000004,99,99,2,98.75,0,-1.92015520252866,-38.5179103001,1.5282012369197,0.00806147647723,-0.482689033069,
54.79,0.408000000000001,99,99,2,98.75,0,-1.91281773674431,-38.4499748312287,1.52791886230787,0.007680674886964,-0.4329177580683,
54.791,0.409000000000006,99,99,2,98.75,0,-1.90578301054513,-38.3304340888917,1.52764879773076,0.007344985343885,-0.3830576348088,
54.792,0.410000000000004,99,99,2,98.75,0,-1.89903708423584,-38.2850862212248,1.52739037640367,0.007038908107764,-0.3403394651477,
54.793,0.411000000000001,99,99,2,98.75,0,-1.89254779918148,-38.2729688180408,1.5271419728825,0.006755573899778,-0.3081380197679,
54.794,0.412000000000006,99,99,2,98.75,0,-1.8862902191698,-38.1696985962968,1.52690279982869,0.006496765918035,-0.2827992485536,
54.795,0.413000000000004,99,99,2,98.75,0,-1.88026926426931,-38.109055867821,1.52667316435844,0.006256103991127,-0.2607220331654,
54.796,0.414000000000001,99,99,2,98.75,0,-1.87450687548696,-37.9504765643346,1.52645402206019,0.006014372598405,-0.2464265831027,
54.797,0.415000000000006,99,99,2,98.75,0,-1.86900386211429,-37.6918748290164,1.52624589162457,0.005762145994888,-0.2445591162163,
54.798,0.416000000000004,99,99,2,98.75,0,-1.86372757223748,-37.5003469783501,1.52604752364519,0.005512808946816,-0.248211173645,
54.799,0.417000000000002,99,99,2,98.75,0,-1.85864201309756,-37.5643727843284,1.52585665060934,0.005287087704501,-0.2431191729784,
54.8,0.418000000000006,99,99,2,98.75,0,-1.8537200920346,-37.6424631282696,1.52567156955448,0.005093686937899,-0.2231098413282,
54.801,0.419000000000004,99,99,2,98.75,0,-1.84892573945631,-37.562749875348,1.52549128940103,0.004932741940647,-0.1933601785109,
54.802,0.420000000000002,99,99,2,98.75,0,-1.84422457754621,-37.3378863923549,1.52531522939191,0.004804665923234,-0.1608210341053,
54.803,0.421000000000006,99,99,2,98.75,0,-1.83961060417347,-37.1209661692784,1.52514345381036,0.004702962549349,-0.1300249183063,
54.804,0.422000000000004,99,99,2,98.75,0,-1.83509990511418,-37.0626931914795,1.52497614372911,0.004609147639913,-0.1072486276087,
54.805,0.423000000000002,99,99,2,98.75,0,-1.83069552798406,-37.1328021470501,1.52481275125768,0.004509784774574,-0.0978458355416,
54.806,0.424000000000007,99,99,2,98.75,0,-1.82638729507201,-37.1381652092615,1.5246527629447,0.00440743044345,-0.0985959183036,
54.807,0.425000000000004,99,99,2,98.75,0,-1.82215999661812,-37.0469414790516,1.5244959616513,0.004312795840023,-0.0991409730794,
54.808,0.426000000000002,99,99,2,98.75,0,-1.81800865619539,-36.9569891048208,1.52434235389705,0.00422879138199,-0.0937614781179,
54.809,0.427000000000007,99,99,2,98.75,0,-1.81394013707416,-37.0348722510362,1.52419183524569,0.004149281441628,-0.0858451463499,
54.81,0.428000000000004,99,99,2,98.75,0,-1.80995407056591,-37.0782920536062,1.52404412524467,0.004068629727786,-0.0812008277073,
54.811,0.429000000000002,99,99,2,98.75,0,-1.80603852478736,-36.809504689488,1.52389946971937,0.003989646073234,-0.079808764011,
54.812,0.43,99,99,2,98.75,0,-1.8021960810848,-36.482214475278,1.52375866006699,0.003914771374663,-0.0782513855447,
54.813,0.431000000000004,99,99,2,98.75,0,-1.79842740785001,-36.3896865089319,1.52362134487558,0.003842243185026,-0.0754034326851,
54.814,0.432000000000002,99,99,2,98.75,0,-1.79472479287329,-36.432709099638,1.52348652822926,0.0037709868977,-0.0728505716239,
54.815,0.433,99,99,2,98.75,0,-1.79106774066673,-36.4084087487623,1.52335333634389,0.003708763623093,-0.0689279542036,
54.816,0.434000000000005,99,99,2,98.75,0,-1.7874553444216,-36.3435541306004,1.52322193188513,0.003657324249179,-0.0616980082148,
54.817,0.435000000000002,99,99,2,98.75,0,-1.78389885027739,-36.214011172101,1.52309290660708,0.003609022403283,-0.0537332857165,
54.818,0.436,99,99,2,98.75,0,-1.78039040701108,-36.1491384888322,1.5229659656045,0.003558849511116,-0.0498044181827,
54.819,0.437000000000005,99,99,2,98.75,0,-1.7769162351547,-36.046853211115,1.52284055496324,0.003512577106701,-0.0484414319601,
54.82,0.438000000000002,99,99,2,98.75,0,-1.77347576852367,-35.956191863345,1.52271669292628,0.003474341711754,-0.0450314479002,
54.821,0.439,99,99,2,98.75,0,-1.77007667553007,-35.8781426408013,1.52259460713472,0.003438166107406,-0.0400285606077,
54.822,0.440000000000005,99,99,2,98.75,0,-1.76671450845312,-36.0131326629162,1.52247375189523,0.003400427309834,-0.0372624994949,
54.823,0.441000000000003,99,99,2,98.75,0,-1.7633646830501,-36.3402629387993,1.52235256627395,0.003369542349766,-0.0352136883536,
54.824,0.442,99,99,2,98.75,0,-1.76001318865248,-36.4201477081211,1.52223063821964,0.003354028603579,-0.0283297471549,
54.825,0.443000000000005,99,99,2,98.75,0,-1.75666986499844,-36.2730152295881,1.52210911983408,0.003348542476166,-0.0171168247191,
54.826,0.444000000000003,99,99,2,98.75,0,-1.75335740441394,-36.027430003311,1.52198937364653,0.003336515956252,-0.0104565307955,
54.827,0.445,99,99,2,98.75,0,-1.75008310831178,-35.9702141447226,1.52187150284374,0.00331027016066,-0.0143301848671,
54.828,0.446000000000005,99,99,2,98.75,0,-1.74683399224858,-35.9243827485278,1.52175470589893,0.003278191435174,-0.0237298918568,
54.829,0.447000000000003,99,99,2,98.75,0,-1.74360149313496,-35.8125316213785,1.52163876114287,0.003251684990014,-0.02865716242,
54.83,0.448,99,99,2,98.75,0,-1.74037702258352,-35.6751490037812,1.52152350618238,0.00323507562984,-0.025209003762,
54.831,0.449000000000005,99,99,2,98.75,0,-1.73714256494074,-35.6601341127495,1.52140814070654,0.003229875247496,-0.0161557923208,
54.832,0.450000000000003,99,99,2,98.75,0,-1.73387910760039,-35.6697767706557,1.52129174964591,0.003240161424649,-0.0039771078439,
54.833,0.451000000000001,99,99,2,98.75,0,-1.73059031472326,-35.6544431726268,1.52117446435264,0.003262358092113,0.0092133563972,
54.834,0.452000000000005,99,99,2,98.75,0,-1.72729546675512,-35.4995399494193,1.52105724357429,0.003283008743399,0.0181597155173,
54.835,0.453000000000003,99,99,2,98.75,0,-1.72400763532177,-35.2862008877395,1.52094087778241,0.0032909264804,0.0172945818539,
54.836,0.454000000000001,99,99,2,98.75,0,-1.72073684912526,-35.0791971585481,1.52082580269609,0.003284822822735,0.0075311928867,
54.837,0.455000000000005,99,99,2,98.75,0,-1.71750906218543,-34.8894276332385,1.52071288078943,0.003262999990558,-0.0066129916188,
54.838,0.456000000000003,99,99,2,98.75,0,-1.71434488882901,-34.7669160225041,1.52060267841608,0.003221602641811,-0.0229794347944,
54.839,0.457000000000001,99,99,2,98.75,0,-1.71123655707879,-34.7982224327436,1.52049456265181,0.003166504949583,-0.0396350968203,
54.84,0.458000000000006,99,99,2,98.75,0,-1.70815405910236,-34.8635191829261,1.52038719656304,0.003117334099943,-0.0492095364073,
54.841,0.459000000000003,99,99,2,98.75,0,-1.70506914389711,-34.9071919230056,1.52027957819925,0.003090973277213,-0.0441058943434,
54.842,0.460000000000001,99,99,2,98.75,0,-1.70197998691144,-34.7711108291334,1.5201719545914,0.00308546257073,-0.0269487959289,
54.843,0.461000000000006,99,99,2,98.75,0,-1.69890112983504,-34.6433807582448,1.5200650959421,0.003084794478763,-0.0103129570023,
54.844,0.462000000000003,99,99,2,98.75,0,-1.69583643111423,-34.4995261367879,1.51995914485295,0.003077699542504,-0.0040489296094,
54.845,0.463000000000001,99,99,2,98.75,0,-1.69277637303639,-34.4019109098329,1.51985372365345,0.003067554034596,-0.0060820544661,
54.846,0.464000000000006,99,99,2,98.75,0,-1.68971220821237,-34.311272172183,1.51974844939417,0.003062682294585,-0.0076482060442,
54.847,0.465000000000003,99,99,2,98.75,0,-1.68665082502006,-34.2472426799537,1.51964350745163,0.003062098310653,-0.0051675435564,
54.848,0.466000000000001,99,99,2,98.75,0,-1.68361148240498,-34.1844716100983,1.51953951373889,0.003055605508654,-0.0036429561758,
54.849,0.467000000000006,99,99,2,98.75,0,-1.68060542128331,-34.0559340850754,1.51943694632365,0.003035970340226,-0.0086628665076,
54.85,0.468000000000004,99,99,2,98.75,0,-1.67762993384607,-33.8394838454741,1.5193359353421,0.003006873464364,-0.0185309707295,
54.851,0.469000000000001,99,99,2,98.75,0,-1.67468177359162,-33.6703109340854,1.51923642049522,0.002976461387732,-0.0266529238628,
54.852,0.470000000000006,99,99,2,98.75,0,-1.67176385732582,-33.7456121243445,1.519138063486,0.002947285212692,-0.0296467459234,
54.853,0.471000000000004,99,99,2,98.75,0,-1.66886718504333,-33.8160172248261,1.51904021153643,0.002920616267402,-0.0287947765926,
54.854,0.472000000000001,99,99,2,98.75,0,-1.6659910943351,-33.7103711930661,1.51894310552728,0.002896871005205,-0.0265440092871,
54.855,0.473000000000006,99,99,2,98.75,0,-1.66313826622604,-33.5407094601082,1.51884717764065,0.002875286400757,-0.0239741698002,
54.856,0.474000000000004,99,99,2,98.75,0,-1.66029386249901,-33.4201637493887,1.51875194576198,0.002857279574202,-0.0211594684048,
54.857,0.475000000000001,99,99,2,98.75,0,-1.65743858516286,-33.3524315732299,1.51865661862291,0.002850193124375,-0.0158040469045,
54.858,0.476000000000006,99,99,2,98.75,0,-1.65457196181393,-33.2545493937395,1.5185611500595,0.002855419057248,-0.0066688480354,
54.859,0.477000000000004,99,99,2,98.75,0,-1.65170398516323,-33.2558935324513,1.51846577486083,0.002863625535627,0.0024263817148,
54.86,0.478000000000002,99,99,2,98.75,0,-1.64884318049941,-33.206558883149,1.5183707068139,0.002865419064105,0.0053884297569,
54.861,0.479000000000006,99,99,2,98.75,0,-1.64599529427564,-33.0915037179961,1.51827630214433,0.002859080727869,0.0012778540341,
54.862,0.480000000000004,99,99,2,98.75,0,-1.64316513212085,-32.9051827860742,1.51818291148209,0.002846444535091,-0.0057881337844,
54.863,0.481000000000002,99,99,2,98.75,0,-1.64036336807099,-32.8171835198558,1.51809084220048,0.002826959944005,-0.0128013553078,
54.864,0.482000000000006,99,99,2,98.75,0,-1.63758723574512,-32.8195471544669,1.51799973407557,0.002802593964142,-0.0188944882267,
54.865,0.483000000000004,99,99,2,98.75,0,-1.63481762595403,-32.7657630874206,1.51790891121686,0.002781865082633,-0.0218104337237,
54.866,0.484000000000002,99,99,2,98.75,0,-1.63205844986496,-32.5458791046445,1.51781880805612,0.002768436440918,-0.019629939077,
54.867,0.485000000000007,99,99,2,98.75,0,-1.6293290110671,-32.2889865820941,1.51773032665719,0.002753385012313,-0.0161055497202,
54.868,0.486000000000004,99,99,2,98.75,0,-1.6266370842919,-32.2065820652858,1.51764351798312,0.002727106378425,-0.0179327541229,
54.869,0.487000000000002,99,99,2,98.75,0,-1.62398414110828,-32.2687561082529,1.51755799327867,0.002691485304524,-0.025713204307,
54.87,0.488000000000007,99,99,2,98.75,0,-1.62136671177301,-32.3889543206905,1.51747337478466,0.002653984106589,-0.0333823791073,
54.871,0.489000000000004,99,99,2,98.75,0,-1.61877497105279,-32.5265960404732,1.51738925264704,0.00262037690526,-0.035768961743,
54.872,0.490000000000002,99,99,2,98.75,0,-1.61620616813855,-32.5441063826113,1.51730567574202,0.002592565962941,-0.0330365226078,
54.873,0.491000000000007,99,99,2,98.75,0,-1.61365462367546,-32.5726621336505,1.51722260157695,0.002570506720689,-0.0278243100019,
54.874,0.492000000000004,99,99,2,98.75,0,-1.61111858919091,-32.5162974909905,1.51714006765386,0.002552069004873,-0.0226982943413,
54.875,0.493000000000002,99,99,2,98.75,0,-1.60860167662536,-32.3936972175449,1.51705838126321,0.002534950902412,-0.0191282897403,
54.876,0.494,99,99,2,98.75,0,-1.60610341723138,-32.2212047560366,1.51697766887028,0.002517053189779,-0.0177478695191,
54.877,0.495000000000005,99,99,2,98.75,0,-1.60362236664786,-32.2224432525958,1.51689772489505,0.002498692702313,-0.0178026620313,
54.878,0.496000000000002,99,99,2,98.75,0,-1.60116022584262,-32.2389218174724,1.51681836841641,0.002480540293174,-0.018159231518,
54.879,0.497,99,99,2,98.75,0,-1.59872392564924,-32.1505198027077,1.51673993241187,0.002460061555166,-0.0189127312978,
54.88,0.498000000000005,99,99,2,98.75,0,-1.59632087507618,-31.9768336614276,1.51666288177512,0.002434077490842,-0.0214324372421,
54.881,0.499000000000002,99,99,2,98.75,0,-1.59394337653666,-31.9277986452498,1.51658691519012,0.002405359849094,-0.0251525396564,
54.882,0.5,99,99,2,98.75,0,-1.59156661774562,-32.0327500867244,1.51651090579188,0.002384942225038,-0.0254075632132,
54.883,0.501000000000005,99,99,2,99,0,-1.5891659007055,-32.0025809924044,1.51643404043662,0.002384168190308,-0.0170145525658,
54.884,0.000999999999997669,100,100,2,99,0,-1.58673310944772,-31.8498001124281,-7.76697572746343E-05,0.002403151830694,-0.000739808993,
54.885,0.00199999999999534,100,100,2,99,0,-1.58429210875385,-31.5992213494843,-0.000155109309986301,0.002425631823309,0.0141052435199,
54.886,0.00300000000000011,100,100,2,99,0,-1.58188092346859,-31.5816128459674,-0.000231279658834183,0.00242959324046,0.0158755143071,
54.887,0.00399999999999778,100,100,2,99,0,-1.57951306410489,-31.6246939951986,-0.000306111481592097,0.002407132131375,0.0015902319194,
54.888,0.00499999999999545,100,100,2,99,0,-1.5771702580505,-31.6293390374008,-0.000380207447364,0.002373341147375,-0.0179333136887,
54.889,0.00600000000000023,100,100,2,99,0,-1.57483923652502,-31.5042572970544,-0.000453790333381221,0.00234678668851,-0.028221063985,
54.89,0.0069999999999979,100,100,2,99,0,-1.57252014839035,-31.4987934225652,-0.000526845147078348,0.00233097686691,-0.025502025226,
54.891,0.00799999999999557,100,100,2,99,0,-1.57020395422452,-31.4808244876746,-0.000599781658877419,0.002321799961261,-0.0170433379942,
54.892,0.00900000000000034,100,100,2,99,0,-1.56787770762374,-31.4380622484899,-0.000672964082070848,0.002320078086967,-0.0089302710278,
54.893,0.00999999999999801,100,100,2,99,0,-1.56553536733289,-31.3019613025632,-0.000746443324572965,0.002328058977316,-0.0010475543076,
54.894,0.0109999999999957,100,100,2,99,0,-1.56318160590554,-31.1406621125507,-0.000819930843789507,0.002340938524779,0.0065396580903,
54.895,0.0120000000000005,100,100,2,99,0,-1.56083333653738,-31.014344934334,-0.000892909193339619,0.002348687468643,0.0098707692491,
54.896,0.0129999999999981,100,100,2,99,0,-1.5585176803816,-30.9259410565109,-0.000964625395624807,0.002340133022203,0.0043971078525,
54.897,0.0139999999999958,100,100,2,99,0,-1.5562449711712,-30.8485788556491,-0.0010348231558055,0.00231255603588,-0.0093701913137,
54.898,0.0150000000000006,100,100,2,99,0,-1.55400717039369,-30.7602800225209,-0.00110375733194701,0.002275120764147,-0.0248277099811,
54.899,0.0159999999999982,100,100,2,99,0,-1.55179055440055,-30.8803640315948,-0.00117207415067355,0.002241917872066,-0.0332080722144,
54.9,0.0169999999999959,100,100,2,99,0,-1.54957540124017,-30.9133611025966,-0.00124051543343739,0.002222532578623,-0.0303273263852,
54.901,0.0180000000000007,100,100,2,99,0,-1.54735329890135,-30.8474056540508,-0.0013091348055525,0.00221767676374,-0.0191717294664,
54.902,0.0189999999999984,100,100,2,99,0,-1.54511169711447,-30.6504386452844,-0.00137806164437393,0.002225867419706,-0.0053007171963,
54.903,0.019999999999996,100,100,2,99,0,-1.54284633152088,-30.562691966145,-0.00144739670435001,0.002242881094475,0.0069236203522,
54.904,0.0210000000000008,100,100,2,99,0,-1.54057485616832,-30.5181070305999,-0.00151676846905957,0.002260069379268,0.0144191521353,
54.905,0.0219999999999985,100,100,2,99,0,-1.53830529847356,-30.4114924766728,-0.00158591008977282,0.002269067127529,0.0146787408262,
54.906,0.0229999999999961,100,100,2,99,0,-1.53604590737518,-30.2691340965382,-0.00165446072352893,0.002267083013186,0.0081603504394,
54.907,0.0240000000000009,100,100,2,99,0,-1.53381917699482,-30.2106234729443,-0.00172179678031625,0.002252642861888,-0.0024263666483,
54.908,0.0249999999999986,100,100,2,99,0,-1.53163972784659,-30.1466861704901,-0.00178756962387183,0.002222344226127,-0.0154608855504,
54.909,0.0259999999999962,100,100,2,99,0,-1.52950597102399,-30.0317378582791,-0.00185177268528491,0.00217992582018,-0.0291770214779,
54.91,0.027000000000001,100,100,2,99,0,-1.5273988994293,-29.9947520182686,-0.0019150127411649,0.002139458951916,-0.0381970135863,
54.911,0.0279999999999987,100,100,2,99,0,-1.52529851314957,-29.9817242805424,-0.0019779996251259,0.002113071568575,-0.036828484092,
54.912,0.0289999999999964,100,100,2,99,0,-1.52320672190881,-29.9221139938105,-0.00204065278722965,0.002099813362527,-0.02667247563,
54.913,0.0300000000000011,100,100,2,99,0,-1.52113504111533,-29.6636612338042,-0.0021023741402928,0.002088336618267,-0.0166625206995,
54.914,0.0309999999999988,100,100,2,99,0,-1.51909786146255,-29.4543367443792,-0.00216259113159367,0.002067363585454,-0.0148600693623,
54.915,0.0319999999999965,100,100,2,99,0,-1.51709975156598,-29.4332205703051,-0.00222142303712758,0.002035809068127,-0.0212985916013,
54.916,0.0330000000000013,100,100,2,99,0,-1.51512216148379,-29.5759724516659,-0.00227977103457988,0.002003674879119,-0.0285539734771,
54.917,0.0339999999999989,100,100,2,99,0,-1.51314496549129,-29.5379020211014,-0.00233821089244657,0.0019836277996,-0.028334154657,
54.918,0.0349999999999966,100,100,2,99,0,-1.51117258466777,-29.4366936135343,-0.00239637107318913,0.001975869668714,-0.0199865277758,
54.919,0.0360000000000014,100,100,2,99,0,-1.50921902187104,-29.4206663854243,-0.00245386184758445,0.001968179966176,-0.0114242869715,
54.92,0.036999999999999,100,100,2,99,0,-1.50728707269034,-29.5799919779012,-0.0025108549843651,0.001952724119955,-0.0100400741473,
54.921,0.0379999999999967,100,100,2,99,0,-1.50536466455153,-29.7064778931144,-0.00256784138045418,0.001935570952942,-0.0136351993537,
54.922,0.0390000000000015,100,100,2,99,0,-1.50344791420846,-29.7306992404385,-0.00262480449529789,0.001923573112655,-0.0150973727576,
54.923,0.0399999999999991,100,100,2,99,0,-1.50154820271345,-29.6008106698522,-0.00268116087099202,0.001913336027374,-0.013016211803,
54.924,0.0409999999999968,100,100,2,99,0,-1.49967792152084,-29.4042283783821,-0.00273633887837832,0.001895994058708,-0.0128967767983,
54.925,0.0420000000000016,100,100,2,99,0,-1.49783433135323,-29.3359200119756,-0.00279048525837311,0.001871102975827,-0.017475237915,
54.926,0.0429999999999993,100,100,2,99,0,-1.49601023937334,-29.4573637524044,-0.00284410743705621,0.001845748018793,-0.0227655108624,
54.927,0.0439999999999969,100,100,2,99,0,-1.49419517202479,-29.6556009547503,-0.00289775444312568,0.001827234046805,-0.0231634992743,
54.928,0.0450000000000017,100,100,2,99,0,-1.49237690046045,-29.6057981402842,-0.00295163110155272,0.001818736002692,-0.0175614891393,
54.929,0.0459999999999994,100,100,2,99,0,-1.4905553747101,-29.3639335839329,-0.00300533854397145,0.001818286555406,-0.0090882434274,
54.93,0.046999999999997,100,100,2,99,0,-1.48873011031197,-29.0664351043891,-0.00305866397982868,0.001821671088881,-0.0017138321058,
54.931,0.0480000000000018,100,100,2,99,0,-1.48689942503993,-28.9310722892362,-0.00311175157114008,0.001825769065969,0.0024483723306,
54.932,0.0489999999999995,100,100,2,99,0,-1.48506435843063,-29.0836128786775,-0.00316498197693704,0.001830373411045,0.0040358544005,
54.933,0.0499999999999972,100,100,2,99,0,-1.48322893888509,-29.2963014301627,-0.00321855779483826,0.001833858088994,0.0041165345415,
54.934,0.0510000000000019,100,100,2,99,0,-1.48139544403971,-29.2429344073971,-0.00327222348840905,0.00183473625462,0.0030386243902,
54.935,0.0519999999999996,100,100,2,99,0,-1.47956517939773,-29.0100277293206,-0.0033255326568451,0.001833103194408,0.0009067515715,
54.936,0.0529999999999973,100,100,2,99,0,-1.47774282165529,-28.8055721376994,-0.00337821300988139,0.001828861633138,-0.001662242778,
54.937,0.0539999999999949,100,100,2,99,0,-1.47593490823285,-28.7009310187431,-0.00343019639933573,0.001820396516302,-0.0047260776224,
54.938,0.0549999999999997,100,100,2,99,0,-1.47414850125636,-28.6524186568969,-0.00348142461132284,0.001805794784655,-0.0090390346095,
54.939,0.0559999999999974,100,100,2,99,0,-1.47237499484626,-28.6452259516844,-0.00353223348130882,0.001788988740358,-0.0134220409987,
54.94,0.0569999999999951,100,100,2,99,0,-1.4706075192881,-28.5752665078377,-0.00358280139224121,0.001775567324435,-0.0151293619898,
54.941,0.0579999999999998,100,100,2,99,0,-1.46884856374254,-28.4810161417706,-0.00363298112463895,0.001766728809962,-0.0130619340002,
54.942,0.0589999999999975,100,100,2,99,0,-1.46709628866355,-28.4226389059307,-0.00368283655296864,0.001759507409369,-0.009728250744,
54.943,0.0599999999999952,100,100,2,99,0,-1.46534745537794,-28.3610534116329,-0.00373248915857971,0.001753246680947,-0.0074183331057,
54.944,0.0609999999999999,100,100,2,99,0,-1.46359592418229,-28.2676393922082,-0.0037820826195798,0.001750675196636,-0.00544215684,
54.945,0.0619999999999976,100,100,2,99,0,-1.46184988848171,-28.1782679390668,-0.00383136090425751,0.001749073174117,-0.0033874190067,
54.946,0.0629999999999953,100,100,2,99,0,-1.46012372662337,-28.1356283543775,-0.00387996435418358,0.001741722196429,-0.0036175476073,
54.947,0.0640000000000001,100,100,2,99,0,-1.45842285099683,-28.0266059327619,-0.00392772684190845,0.001724538141472,-0.008576214318,
54.948,0.0649999999999977,100,100,2,99,0,-1.45675116642391,-27.9917671953499,-0.00397454936700115,0.001699704179994,-0.0165291037326,
54.949,0.0659999999999954,100,100,2,99,0,-1.45511270238457,-28.019277160463,-0.00402043540799468,0.001670475728932,-0.0238573363969,
54.95,0.0670000000000002,100,100,2,99,0,-1.45349985975434,-27.941067103102,-0.00406556302240801,0.001640743776681,-0.0280611545435,
54.951,0.0679999999999978,100,100,2,99,0,-1.45190530569801,-27.741874943957,-0.00410995775297351,0.001615042480793,-0.0283717049854,
54.952,0.0689999999999955,100,100,2,99,0,-1.45034145576979,-27.6418719969013,-0.00415326368730007,0.001590829390067,-0.0264640312483,
54.953,0.0700000000000003,100,100,2,99,0,-1.44881906330115,-27.6491666100026,-0.0041953510176711,0.001560623928779,-0.0264572634432,
54.954,0.070999999999998,100,100,2,99,0,-1.44733716892376,-27.6289795986443,-0.00423630920471396,0.001522680279139,-0.030729206625,
54.955,0.0719999999999956,100,100,2,99,0,-1.44587760628619,-27.7167999046599,-0.00427669952065912,0.001487344282819,-0.0348398971384,
54.956,0.0730000000000004,100,100,2,99,0,-1.44441670585416,-27.7867803431485,-0.00431724212285189,0.001466663497854,-0.0317217289095,
54.957,0.0739999999999981,100,100,2,99,0,-1.4429487836663,-27.8022411139833,-0.00435804230184544,0.001462605620441,-0.0200904761059,
54.958,0.0749999999999957,100,100,2,99,0,-1.44148494385286,-27.6856950517522,-0.00439865502690395,0.001464590948785,-0.0072317879515,
54.959,0.0760000000000005,100,100,2,99,0,-1.44003067732875,-27.5653978998406,-0.00443882993434386,0.001462192538967,-0.0011427548317,
54.96,0.0769999999999982,100,100,2,99,0,-1.43857749201148,-27.5236933902168,-0.00447885726364916,0.001456814148857,-0.001977282457,
54.961,0.0779999999999959,100,100,2,99,0,-1.43712095318382,-27.5446426030151,-0.00451896184841871,0.001454515732439,-0.0035604039148,
54.962,0.0790000000000006,100,100,2,99,0,-1.43567835649276,-27.5474601508934,-0.00455869969098899,0.001451350133563,-0.003482563263,
54.963,0.0799999999999983,100,100,2,99,0,-1.43427110439058,-27.5119914107679,-0.00459744095547876,0.001436175955376,-0.0065080179319,
54.964,0.080999999999996,100,100,2,99,0,-1.43289821262552,-27.3740515056164,-0.00463511725365606,0.001407547377708,-0.015607924238,
54.965,0.0820000000000007,100,100,2,99,0,-1.43154579393716,-27.1640317223873,-0.00467199641514071,0.001377057943186,-0.0251505148799,
54.966,0.0829999999999984,100,100,2,99,0,-1.43021124926364,-27.059226013552,-0.00470817809502933,0.001353198406918,-0.0279422079896,
54.967,0.0839999999999961,100,100,2,99,0,-1.42888968425348,-27.1230374981639,-0.00474398078685567,0.001336012978964,-0.02384627325,
54.968,0.0850000000000009,100,100,2,99,0,-1.42757215191324,-27.2603803251427,-0.00477980674273226,0.001324249108192,-0.0175611932936,
54.969,0.0859999999999985,100,100,2,99,0,-1.42626412044541,-27.4424412051958,-0.0048155832486998,0.001315891879493,-0.0123683453047,
54.97,0.0869999999999962,100,100,2,99,0,-1.42498442141273,-27.5656171948582,-0.00485078012826534,0.001302381999008,-0.0109250168567,
54.971,0.088000000000001,100,100,2,99,0,-1.4237309305185,-27.5379313904819,-0.00488531602647413,0.00128033632169,-0.0145248239991,
54.972,0.0889999999999986,100,100,2,99,0,-1.42248047907922,-27.5306584047891,-0.00491974632515735,0.00126044149928,-0.0188396817957,
54.973,0.0899999999999963,100,100,2,99,0,-1.42121715326677,-27.6043160879494,-0.00495457304339197,0.001255225587716,-0.0161364056286,
54.974,0.0910000000000011,100,100,2,99,0,-1.41995052553281,-27.5844552921749,-0.00498952485762061,0.001260454076952,-0.0064862645778,
54.975,0.0919999999999987,100,100,2,99,0,-1.41869960372785,-27.4988300901683,-0.00502397729900395,0.001260925378807,0.0006680127817,
54.976,0.0929999999999964,100,100,2,99,0,-1.41746190789073,-27.3325697138279,-0.00505790959664409,0.001251665793308,-0.0010208081369,
54.977,0.0940000000000012,100,100,2,99,0,-1.41622522595178,-27.2960452933628,-0.0050916887074095,0.001241359458021,-0.0066543442292,
54.978,0.0949999999999989,100,100,2,99,0,-1.41498547352223,-27.2830429752313,-0.00512552098604147,0.001237907255581,-0.0079360704965,
54.979,0.0959999999999965,100,100,2,99,0,-1.41374892999905,-27.2590366202143,-0.00515924281367575,0.001237868610459,-0.0044843750987,
54.98,0.0970000000000013,100,100,2,99,0,-1.41250875522695,-27.3017739402077,-0.00519307528406898,0.001238595569767,-0.0008330309884,
54.981,0.097999999999999,100,100,2,99,0,-1.41124110255539,-27.2930988394934,-0.00522767895222387,0.001247328767262,0.0028991494351,
54.982,0.0989999999999966,100,100,2,99,0,-1.40994091897587,-27.1908490719708,-0.00526309851943552,0.00126916857411,0.0102633088448,
54.983,0.100000000000001,100,100,2,99,0,-1.40862534035736,-27.1219676647781,-0.00529882490963018,0.001295042818829,0.0191181554034,
54.984,0.100999999999999,100,100,2,99,0,-1.40730442177539,-27.2004468474798,-0.00533470265301617,0.001312562095851,0.0221574230486,
54.985,0.101999999999997,100,100,2,99,0,-1.40598210291993,-27.2171538630575,-0.00537068136276275,0.001319736674979,0.0169223579629,
54.986,0.103000000000002,100,100,2,99,0,-1.40467472856128,-27.0930032991913,-0.0054061832161949,0.00131741542437,0.0074292395751,
54.987,0.103999999999999,100,100,2,99,0,-1.40339877254014,-26.9850418300991,-0.00544068381984175,0.00130243220644,-0.0032710918842,
54.988,0.104999999999997,100,100,2,99,0,-1.40215758500432,-26.9336467537005,-0.00547414542194247,0.001274950976797,-0.0149340312476,
54.989,0.106000000000002,100,100,2,99,0,-1.40093862077582,-26.9336818695049,-0.0055069765952851,0.00124495108922,-0.0244874235093,
54.99,0.106999999999999,100,100,2,99,0,-1.39971789401994,-27.0046169159921,-0.00553989855754367,0.00122615997891,-0.0258816570167,
54.991,0.107999999999997,100,100,2,99,0,-1.39848081399478,-26.9837704297574,-0.00557329253533112,0.00122510397845,-0.0168332105351,
54.992,0.109000000000002,100,100,2,99,0,-1.39723016258628,-26.93901965635,-0.00560701184201662,0.001236245459378,-0.0027172889986,
54.993,0.109999999999999,100,100,2,99,0,-1.39597238866184,-26.9549012513935,-0.00564090502621184,0.00124871674828,0.0078811789038,
54.994,0.110999999999997,100,100,2,99,0,-1.39470466772204,-26.9178225997933,-0.00567505281625813,0.001258621274266,0.011302317635,
54.995,0.112000000000002,100,100,2,99,0,-1.39342715430313,-26.7559515020052,-0.00570933729957801,0.001267674578925,0.0104191884627,
54.996,0.113,100,100,2,99,0,-1.39215690197095,-26.5049724986524,-0.00574316470604685,0.001272397349158,0.0080095107293,
54.997,0.113999999999997,100,100,2,99,0,-1.39091120702455,-26.3809711066468,-0.00577610458239519,0.001265063442465,0.002404927483,
54.998,0.115000000000002,100,100,2,99,0,-1.38970305483547,-26.3735348824029,-0.00580797231833685,0.001241799334938,-0.0084959638654,
54.999,0.116,100,100,2,99,0,-1.3885314909315,-26.4685164553971,-0.00583892623831161,0.001208438530743,-0.0215140562772,
55,0.116999999999997,100,100,2,99,0,-1.38737951626495,-26.5248687979032,-0.00586944975697179,0.001176663618277,-0.0298560276759,
55.001,0.117999999999995,100,100,2,99,0,-1.38622777239492,-26.5669174602688,-0.00590002382665489,0.00115778219882,-0.028382632082,
55.002,0.119,100,100,2,99,0,-1.38507129675395,-26.4499578931894,-0.00593068018909548,0.001153232640268,-0.0184499090882,
55.003,0.119999999999997,100,100,2,99,0,-1.38391814167941,-26.2663851193904,-0.00596107524833656,0.001154059939759,-0.0072360594106,
55.004,0.120999999999995,100,100,2,99,0,-1.38277951091966,-26.0861473441182,-0.00599088035025375,0.001149793950032,-0.0023137446873,
55.005,0.122,100,100,2,99,0,-1.38165361030953,-26.1158891204099,-0.0060202675026062,0.001139169009301,-0.0046456882628,
55.006,0.122999999999998,100,100,2,99,0,-1.3805266809649,-26.1936820866605,-0.00604974209801412,0.001130028275366,-0.008271993391,
55.007,0.123999999999995,100,100,2,99,0,-1.37939485204151,-26.3392747355796,-0.00607947125800479,0.001128090597908,-0.0074250790307,
55.008,0.125,100,100,2,99,0,-1.37825596709457,-26.3487407190213,-0.00610947405183992,0.001132475856827,-0.002201713488,
55.009,0.125999999999998,100,100,2,99.25,0,-1.37710931121308,-26.194013759485,-0.00613959828106658,0.00113909942024,0.0031598693541,
55.01,0.126999999999995,100,100,2,99.25,0,-1.37596331272057,-25.9639699767597,-0.00616948476644552,0.001144127384431,0.0054733922982,
55.011,0.128,100,100,2,99.25,0,-1.37483122611291,-25.8651136318031,-0.00619882227215385,0.001142022143749,0.0033666824957,
55.012,0.128999999999998,100,100,2,99.25,0,-1.37374690683493,-25.7892748548404,-0.00622682719676959,0.001121929974211,-0.0053613578769,
55.013,0.129999999999995,100,100,2,99.25,0,-1.37274115667937,-25.8021358350625,-0.00625277123143064,0.001075078740158,-0.0227238102357,
55.014,0.131,100,100,2,99.25,0,-1.37179738145108,-25.9059823230161,-0.00627717165193076,0.001010728414105,-0.0440732422985,
55.015,0.131999999999998,100,100,2,99.25,0,-1.37086695719576,-25.9908325928128,-0.00630131467960382,0.00095836241458,-0.0555053004946,
55.016,0.132999999999996,100,100,2,99.25,0,-1.36991075705587,-26.0579347441461,-0.00632619919889521,0.000942162312582,-0.0451115282253,
55.017,0.134,100,100,2,99.25,0,-1.36893573828081,-25.9943033291384,-0.00635157515358742,0.00095411296507,-0.0186046449103,
55.018,0.134999999999998,100,100,2,99.25,0,-1.36797402015079,-26.1004268119663,-0.00637662537681649,0.000965382990997,0.0033012381739,
55.019,0.135999999999996,100,100,2,99.25,0,-1.36702455390655,-26.2478332356648,-0.00640147682975112,0.000962032757798,0.0070881361575,
55.02,0.137,100,100,2,99.25,0,-1.36606677333266,-26.4056411346531,-0.00642669206720825,0.000955636108869,0.0001219198198,
55.021,0.137999999999998,100,100,2,99.25,0,-1.36508590108315,-26.4410184019352,-0.00645260997811192,0.000962213777681,-0.0015904288877,
55.022,0.138999999999996,100,100,2,99.25,0,-1.36408739809376,-26.3302184880591,-0.00647895609699845,0.000979233968788,0.0058181301782,
55.023,0.140000000000001,100,100,2,99.25,0,-1.36309364277232,-26.2051989801515,-0.00650505977233706,0.000991789467041,0.0125480265623,
55.024,0.140999999999998,100,100,2,99.25,0,-1.36211351218211,-26.1562560568882,-0.00653072030425506,0.000991092202456,0.0099190772578,
55.025,0.141999999999996,100,100,2,99.25,0,-1.36114296552439,-26.1536318625294,-0.00655610489769742,0.000981342829832,0.0005629318547,
55.026,0.143000000000001,100,100,2,99.25,0,-1.36017818232193,-26.1700491910597,-0.00658134540196897,0.000971692800889,-0.007003937108,
55.027,0.143999999999998,100,100,2,99.25,0,-1.35920254026218,-26.2441868876811,-0.00660691416860004,0.000969769896225,-0.0073616947636,
55.028,0.144999999999996,100,100,2,99.25,0,-1.3581996387621,-26.3014760839757,-0.00663326323069668,0.000980562234662,-0.0004264690174,
55.029,0.146000000000001,100,100,2,99.25,0,-1.35717447780165,-26.2485646036775,-0.00666019935579243,0.001001401506092,0.0099918454046,
55.03,0.146999999999998,100,100,2,99.25,0,-1.35615990105051,-26.0995969983522,-0.00668675496964966,0.001015307859543,0.0157453161384,
55.031,0.147999999999996,100,100,2,99.25,0,-1.35517376257565,-25.9995444364551,-0.00671244345357991,0.001009220531048,0.0099881242609,
55.032,0.149000000000001,100,100,2,99.25,0,-1.35419644860138,-25.9623927989397,-0.00673783501727598,0.000992022607568,-0.0034224024067,
55.033,0.149999999999999,100,100,2,99.25,0,-1.35320634766776,-25.9329505152475,-0.00676352583121798,0.000983797412255,-0.0111729265344,
55.034,0.150999999999996,100,100,2,99.25,0,-1.35220361175791,-25.8916349961958,-0.00678950901766484,0.000990055338684,-0.0065720772405,
55.035,0.152000000000001,100,100,2,99.25,0,-1.35119815529263,-25.9033768245223,-0.00681554783241722,0.00099976158361,0.0029474854555,
55.036,0.152999999999999,100,100,2,99.25,0,-1.35019320094493,-25.9101336513753,-0.00684158293873338,0.001004489663377,0.0071782998292,
55.037,0.153999999999996,100,100,2,99.25,0,-1.3491935554739,-25.9077884481287,-0.0068674827143127,0.001003512319973,0.0045099023634,
55.038,0.155000000000001,100,100,2,99.25,0,-1.34821141277854,-25.8270877609218,-0.00689288822968592,0.00099598730133,-0.0012300190244,
55.039,0.155999999999999,100,100,2,99.25,0,-1.34725948460132,-25.8052258287461,-0.00691746335675703,0.000978329172619,-0.0086006490917,
55.04,0.156999999999996,100,100,2,99.25,0,-1.34632613095704,-25.8256442805195,-0.00694155828713861,0.00095542017278,-0.016193457029,
55.041,0.158000000000001,100,100,2,99.25,0,-1.34537965380273,-25.8826933954441,-0.00696602866727858,0.000942863057171,-0.0182281732316,
55.042,0.158999999999999,100,100,2,99.25,0,-1.34439848769305,-25.8797186352174,-0.00699142242950757,0.000952946787912,-0.008870426973,
55.043,0.159999999999997,100,100,2,99.25,0,-1.34339236754354,-25.8054275363169,-0.00701742316300624,0.000978245635018,0.0078560117455,
55.044,0.161000000000001,100,100,2,99.25,0,-1.34238813152341,-25.7306713637213,-0.00704330036643341,0.000998068698747,0.0190915771834,
55.045,0.161999999999999,100,100,2,99.25,0,-1.34140438199789,-25.6179253220065,-0.00706855744525114,0.000998655310561,0.0156948631676,
55.046,0.162999999999997,100,100,2,99.25,0,-1.34044906175445,-25.5652470885636,-0.00709300560561132,0.000981366689279,0.0009949774597,
55.047,0.164000000000001,100,100,2,99.25,0,-1.33952950941165,-25.4215952923438,-0.00711644814080614,0.000953118657872,-0.0152138743907,
55.048,0.164999999999999,100,100,2,99.25,0,-1.33866854771732,-25.2383461452864,-0.00713825627531151,0.000912705518451,-0.0286097407737,
55.049,0.165999999999997,100,100,2,99.25,0,-1.33789577552035,-25.055415376791,-0.00715768908560221,0.000852082039663,-0.0428267088269,
55.05,0.167000000000002,100,100,2,99.25,0,-1.33725440622044,-24.808191107898,-0.00717367957878423,0.00075980817706,-0.0640554921224,
55.051,0.167999999999999,100,100,2,99.25,0,-1.3368096951297,-24.468324216291,-0.00718463648522061,0.000621792706277,-0.0965012299125,
55.052,0.168999999999997,100,100,2,99.25,0,-1.33664599338636,-24.2422748529563,-0.0071886234902081,0.000419405749271,-0.1436044341959,
55.053,0.170000000000002,100,100,2,99.25,0,-1.33683083590327,-24.3340785162275,-0.00718413400250029,0.000143441269485,-0.2051487679731,
55.054,0.170999999999999,100,100,2,99.25,0,-1.33738456759759,-24.4041695986934,-0.00717064004615509,-0.000190945992058,-0.2714180574791,
55.055,0.171999999999997,100,100,2,99.25,0,-1.33836324378907,-24.107199629121,-0.00714690158511644,-0.000570548290245,-0.3304249380091,
55.056,0.173000000000002,100,100,2,99.25,0,-1.33995179371997,-23.4849361423352,-0.00710910034311496,-0.001034154964158,-0.3912390999116,
55.057,0.173999999999999,100,100,2,99.25,0,-1.34245128056808,-22.7347779443285,-0.00705133755937482,-0.001678868884237,-0.492737535045,
55.058,0.174999999999997,100,100,2,99.25,0,-1.3462170809862,-22.04992577227,-0.00696701243137454,-0.00260609984395,-0.6751368581194,
55.059,0.176000000000002,100,100,2,99.25,0,-1.35160273213628,-21.332204413462,-0.00685019192169989,-0.003871861566705,-0.9440350767354,
55.06,0.177,100,100,2,99.25,0,-1.35897306353926,-20.6939188825904,-0.00669531869357343,-0.005495100006362,-1.271445508913,
55.061,0.177999999999997,100,100,2,99.25,0,-1.36869519224612,-20.1831632948918,-0.00649661256653644,-0.007480466518274,-1.6246338462629,
55.062,0.178999999999995,100,100,2,99.25,0,-1.38110775506383,-19.7636230166344,-0.0062486915693114,-0.009823719748951,-1.984094105865,
55.063,0.18,100,100,2,99.25,0,-1.39655514470271,-19.5330966598452,-0.00594517569913933,-0.012515880630806,-2.3405595104009,
55.064,0.180999999999997,100,100,2,99.25,0,-1.41539877668422,-19.5822904840173,-0.00557663771905936,-0.015555814295318,-2.6918204212987,
55.065,0.181999999999995,100,100,2,99.25,0,-1.43798790444133,-19.9009538532381,-0.00513069169375058,-0.018948408011401,-3.0413998451862,
55.066,0.183,100,100,2,99.25,0,-1.46464241178524,-20.3750800229532,-0.00459392277338111,-0.02268509290047,-3.3900230525075,
55.067,0.183999999999997,100,100,2,99.25,0,-1.4956857209116,-21.0879961514437,-0.00395034722788523,-0.026751534002605,-3.732384401093,
55.068,0.184999999999995,100,100,2,99.25,0,-1.53145235466181,-22.0917665986207,-0.00317814984802567,-0.03114366597878,-4.0652215004272,
55.069,0.186,100,100,2,99.25,0,-1.5722781885427,-23.4239518409425,-0.00224904126804404,-0.035867396402259,-4.3939042481542,
55.07,0.186999999999998,100,100,2,99.25,0,-1.61848903101333,-25.0241939989759,-0.00112962645033576,-0.040923576418608,-4.7239857671488,
55.071,0.187999999999995,100,100,2,99.25,0,-1.67039828056262,-26.8584750875844,0.00021696875811017,-0.046304862017306,-5.0539768131927,
55.072,0.189,100,100,2,99.25,0,-1.72830946138403,-29.2079276626287,0.001840404551956,-0.052000306807328,-5.3780016813905,
55.073,0.189999999999998,100,100,2,99.25,0,-1.79251375376298,-32.1771985234156,0.00381099884663172,-0.057998534907036,-5.6920320255306,
55.074,0.190999999999995,100,100,2,99.25,0,-1.86325721592599,-35.5653522385546,0.00620717013495664,-0.064278109846906,-5.9917971588508,
55.075,0.192,100,100,2,99.25,0,-1.9407488617924,-39.4456105863546,0.00911353161862394,-0.070806166338812,-6.2697153534322,
55.076,0.192999999999998,100,100,2,99.25,0,-2.02522298209672,-43.9212106591138,0.0126347010622681,-0.077561933086763,-6.5218251031087,
55.077,0.193999999999996,100,100,2,99.25,0,-2.11696077985483,-49.0185138485344,0.0168977438875686,-0.084558481209084,-6.7596880834485,
55.078,0.195,100,100,2,99.25,0,-2.21624865624815,-54.8658009330271,0.0220549703902009,-0.091823718112536,-7.0049203443493,
55.079,0.195999999999998,100,100,2,99.25,0,-2.32331914782639,-61.6255160216468,0.0282913616756559,-0.099357637358233,-7.2652349717862,
55.08,0.196999999999996,100,100,2,99.25,0,-2.4383519240609,-69.2358043778061,0.0358180321692885,-0.107124392419645,-7.523165287738,
55.081,0.198,100,100,2,99.25,0,-2.56150910338888,-77.6701337266201,0.0448642926510274,-0.11508141176567,-7.7539836020814,
55.082,0.198999999999998,100,100,2,99.25,0,-2.69295555485888,-87.154586770281,0.0556971049629453,-0.123206640042545,-7.9504027398961,
55.083,0.199999999999996,100,100,2,99.25,0,-2.83285511292392,-97.916589448776,0.0686427928447699,-0.131495601805906,-8.1238856435658,
55.084,0.201000000000001,100,100,2,99.25,0,-2.98130437557763,-110.069857961842,0.0840805102247941,-0.139928537463129,-8.2830338855738,
55.085,0.201999999999998,100,100,2,99.25,0,-3.13828891868949,-123.629604510954,0.102424111895687,-0.148444935414557,-8.4147821773259,
55.086,0.202999999999996,100,100,2,99.25,0,-3.30374956795725,-138.387543352951,0.124100875598117,-0.156966790821186,-8.4929964997268,
55.087,0.204000000000001,100,100,2,99.25,0,-3.47763276439377,-154.182328098137,0.149537367812599,-0.165444581571617,-8.5069987732093,
55.088,0.204999999999998,100,100,2,99.25,0,-3.65987106070862,-171.342000455641,0.179198867334946,-0.173862962249388,-8.4731871254924,
55.089,0.205999999999996,100,100,2,99.25,0,-3.85035336448834,-190.215063532981,0.213633978583147,-0.182204968590812,-8.4132913986649,
55.09,0.207000000000001,100,100,2,99.25,0,-4.04891625123073,-210.710224415057,0.253438419854632,-0.19043327642906,-8.3308090913753,
55.091,0.207999999999998,100,100,2,99.25,0,-4.25536922241736,-232.69296401128,0.299209372696765,-0.198505737186861,-8.2156632650667,
55.092,0.208999999999996,100,100,2,99.25,0,-4.46948644035397,-255.882846255134,0.351515619319457,-0.206385219878352,-8.0613214620421,
55.093,0.210000000000001,100,100,2,99.25,0,-4.69098928333944,-280.518692991175,0.410922852281885,-0.214033631426274,-7.8680547683133,
55.094,0.210999999999999,100,100,2,99.25,0,-4.91955288141251,-305.985696076029,0.477949629007298,-0.221405381997092,-7.6347345978615,
55.095,0.211999999999996,100,100,2,99.25,0,-5.15484839106428,-331.825084246821,0.552986635316017,-0.2284649450204,-7.3610925996962,
55.096,0.213000000000001,100,100,2,99.25,0,-5.39655755452626,-357.696431810913,0.636318469733681,-0.235200032321223,-7.0558765708155,
55.097,0.213999999999999,100,100,2,99.25,0,-5.64438224965413,-383.757348336733,0.728193748241921,-0.241619726818684,-6.7378121765599,
55.098,0.214999999999996,100,100,2,99.25,0,-5.89803354035698,-409.913359739451,0.828851547990212,-0.247738014300597,-6.4238902338052,
55.099,0.216000000000001,100,100,2,99.25,0,-6.15724104039175,-436.423378160251,0.938539962999499,-0.253570174829932,-6.122871500804,
55.1,0.216999999999999,100,100,2,99.25,0,-6.42174905566425,-463.211053462435,1.05752022198917,-0.259130791806513,-5.8365355492822,
55.101,0.217999999999996,100,100,2,99.25,0,-6.69132695904443,-489.762910382038,1.18597058356372,-0.264438827133485,-5.5663055475245,
55.102,0.219000000000001,100,100,2,99.25,0,-6.96581928056433,-516.203129623978,1.32403556040944,-0.269531262389792,-5.3191298006552,
55.103,0.219999999999999,100,100,2,99.25,0,-7.24509733101144,-543.529566702007,1.47201560112194,-0.274453714756147,-5.1061204105209,
55.104,0.220999999999997,100,100,2,99.25,0,-7.5290150173947,-570.911129683969,1.63022031318656,-0.279234222549792,-4.9308638615276,
55.105,0.222000000000001,100,100,2,99.25,0,-7.81740057960636,-598.048867253125,1.79877590614637,-0.283866158350935,-4.7785195677074,
55.106,0.222999999999999,100,100,2,99.25,0,-8.11006250271504,-625.252322884896,1.97778274556984,-0.288328107732246,-4.625511472944,
55.107,0.223999999999997,100,100,2,99.25,0,-8.40676208435943,-652.684135519463,2.1673643518582,-0.292590312400287,-4.4530218932796,
55.108,0.225000000000001,100,100,2,99.25,0,-8.70717736629898,-680.581237179799,2.36763099827803,-0.296602994172225,-4.2472712131911,
55.109,0.225999999999999,100,100,2,99.25,0,-9.01098315582525,-708.679268182483,2.57866369062265,-0.300317724127018,-3.9981530956254,
55.11,0.226999999999997,100,100,2,99.25,0,-9.31788510438536,-737.17693681445,2.80053173394828,-0.303717484960406,-3.709624763515,
55.111,0.228000000000002,100,100,2,99.25,0,-9.62756237684125,-766.517907738631,3.03336179298188,-0.306805698018692,-3.4007872372789,
55.112,0.228999999999999,100,100,2,99.25,0,-9.93961608269304,-796.649882792061,3.27725794393351,-0.309557605305926,-3.080785659501,
55.113,0.229999999999997,100,100,2,99.25,0,-10.2535612696271,-826.045484617078,3.53197664416263,-0.311908220157701,-2.7324112879119,
55.114,0.231000000000002,100,100,2,99.25,0,-10.5689198219963,-855.108156392988,3.79705973343221,-0.313801752239921,-2.3338777515462,
55.115,0.231999999999999,100,100,2,99.25,0,-10.8853037522322,-884.750710901846,4.07229142667745,-0.315242156098668,-1.8947184460446,
55.116,0.232999999999997,100,100,2,99.25,0,-11.2023849305131,-915.322905480402,4.35767615831494,-0.31628549128939,-1.4572217253814,
55.117,0.234000000000002,100,100,2,99.25,0,-11.5198220218706,-946.511923605795,4.65318387468153,-0.31697877779038,-1.0574411842099,
55.118,0.234999999999999,100,100,2,99.25,0,-11.8371575512856,-978.006732598016,4.95854294799929,-0.31729984885177,-0.6866364760296,
55.119,0.235999999999997,100,100,2,99.25,0,-12.1538764320213,-1009.81004078386,5.27333249978588,-0.31718100339396,-0.30076073751,
55.12,0.237000000000002,100,100,2,99.25,0,-12.4695282152364,-1041.94530790366,5.59715261705304,-0.31658374608331,0.130394057902,
55.121,0.238,100,100,2,99.25,0,-12.7837110161442,-1074.35968332498,5.92960593191268,-0.31553121777909,0.590315052869,
55.122,0.238999999999997,100,100,2,99.25,0,-13.0960688159691,-1107.0018138364,6.27028857085071,-0.31407599527512,1.036755266074,
55.123,0.240000000000002,100,100,2,99.25,0,-13.4062177972373,-1140.21135224488,6.6187740079271,-0.31224265458276,1.447849700562,
55.124,0.241,100,100,2,99.25,0,-13.713727246077,-1174.07059250029,6.97460579057113,-0.31001976710666,1.836769270965,
55.125,0.241999999999997,100,100,2,99.25,0,-14.0181720377383,-1208.25784987427,7.33724953372499,-0.30738191141476,2.230513905718,
55.126,0.242999999999995,100,100,2,99.25,0,-14.3191096226083,-1242.97134650056,7.70608303088488,-0.30431202677744,2.642973910786,
55.127,0.244,100,100,2,99.25,0,-14.6161050711131,-1278.22822132976,8.08047542909387,-0.30080710599785,3.070786796375,
55.128,0.244999999999997,100,100,2,99.25,0,-14.9087374228643,-1313.7961284172,8.45973051972518,-0.29686916038826,3.504317385909,
55.129,0.245999999999995,100,100,2,99.25,0,-15.196482026788,-1350.21880244798,8.84300848028954,-0.29247495642902,3.944915665485,
55.13,0.247,100,100,2,99.25,0,-15.4786652864442,-1387.49660783677,9.22927720953211,-0.28754252499167,4.418794697778,
55.131,0.247999999999998,100,100,2,99.25,0,-15.754582649532,-1425.25750472152,9.61732105840787,-0.28197189396593,4.962423070434,
55.132,0.248999999999995,100,100,2,99.25,0,-16.0235841215015,-1463.04882155953,10.005800385042,-0.27572236472283,5.582840614431,
55.133,0.25,100,100,2,99.25,0,-16.2850890216301,-1500.80119022985,10.3933310357066,-0.26882726775272,6.239530095995,
55.134,0.250999999999998,100,100,2,99.5,0,-16.5385147457349,-1538.41025483438,10.778438216293,-0.2613301188737,6.88204222468,
55.135,0.251999999999995,100,100,2,99.5,0,-16.7832061693838,-1575.76199695666,11.1594438371824,-0.25322918677516,7.497668272203,
55.136,0.253,100,100,2,99.5,0,-17.0184963161759,-1612.58229080823,11.5345368349284,-0.24449133072864,8.110874317078,
55.137,0.253999999999998,100,100,2,99.5,0,-17.2438194089686,-1648.47036602889,11.9019320701276,-0.23512041364935,8.736697171957,
55.138,0.254999999999995,100,100,2,99.5,0,-17.4587634062248,-1683.29167675238,12.2600031958184,-0.22519948033157,9.346003641006,
55.139,0.256,100,100,2,99.5,0,-17.6630007920979,-1717.18828600051,12.6072557649718,-0.21484574250222,9.885769799704,
55.14,0.256999999999998,100,100,2,99.5,0,-17.8562136745686,-1749.92272046025,12.9422010206738,-0.20414201826731,10.328892397547,
55.141,0.257999999999996,100,100,2,99.5,0,-18.0381019606795,-1781.3410271972,13.2633487761074,-0.19312285458348,10.693360147918,
55.142,0.259,100,100,2,99.5,0,-18.2083996679927,-1811.62197138613,13.5692854566674,-0.18180849137953,11.01309170519,
55.143,0.259999999999998,100,100,2,99.5,0,-18.3668525750614,-1840.41356797152,13.858623280632,-0.17022144087916,11.30760953684,
55.144,0.260999999999996,100,100,2,99.5,0,-18.5131626309046,-1867.37965003405,14.1298669970228,-0.1583634917744,11.586513892761,
55.145,0.262,100,100,2,99.5,0,-18.6469863874484,-1892.1229208586,14.381422375409,-0.14620702142103,11.866235898026,
55.146,0.262999999999998,100,100,2,99.5,0,-18.7679936326561,-1914.6611331461,14.611746601147,-0.13372469293279,12.164671419248,
55.147,0.263999999999996,100,100,2,99.5,0,-18.8759437971504,-1935.05050410801,14.8195351033956,-0.12093507439451,12.476758062791,
55.148,0.265000000000001,100,100,2,99.5,0,-18.9706575041099,-1952.87977679009,15.0036552480476,-0.10789635144788,12.772162845773,
55.149,0.265999999999998,100,100,2,99.5,0,-19.0519802724,-1968.02417069814,15.1630846296523,-0.09466736261912,13.021071388764,
55.15,0.266999999999996,100,100,2,99.5,0,-19.1198578992117,-1980.13488309732,15.2970804630756,-0.0813065074474,13.211468967009,
55.151,0.268000000000001,100,100,2,99.5,0,-19.1743591757368,-1989.22944808127,15.4052481745968,-0.06789826416924,13.335511700764,
55.152,0.268999999999998,100,100,2,99.5,0,-19.2156399682018,-1995.54787996557,15.4874955575461,-0.05454803639305,13.376622195637,
55.153,0.269999999999996,100,100,2,99.5,0,-19.2439032474188,-1999.24264010201,15.543948497487,-0.04134168370863,13.32446989925,
55.154,0.271000000000001,100,100,2,99.5,0,-19.2594147793545,-2000.03169527473,15.5749659332734,-0.02834300900701,13.187211817111,
55.155,0.271999999999998,100,100,2,99.5,0,-19.2625418005281,-1997.77342062717,15.5812165438961,-0.01562170289146,12.977767520639,
55.156,0.272999999999996,100,100,2,99.5,0,-19.2537614994426,-1992.54800264156,15.5636984321339,-0.0032701777245,12.693582406794,
55.157,0.274000000000001,100,100,2,99.5,0,-19.2335952524024,-1984.9296495503,15.5235930336686,0.00862388819418,12.325221677053,
55.158,0.274999999999999,100,100,2,99.5,0,-19.2025376783122,-1975.47515980936,15.4620927507715,0.02001786136879,11.881275869943,
55.159,0.275999999999996,100,100,2,99.5,0,-19.1610407288773,-1963.33747523477,15.3803683963967,0.03092198857861,11.397047208394,
55.16,0.277000000000001,100,100,2,99.5,0,-19.1095207929465,-1948.75061622526,15.2795931324827,0.04137203278026,10.914856096806,
55.161,0.277999999999999,100,100,2,99.5,0,-19.0484135561753,-1932.03638731087,15.1610210473409,0.05138923023415,10.456415079773,
55.162,0.278999999999996,100,100,2,99.5,0,-18.9781882384185,-1914.13439602982,15.0259717646373,0.06096647081476,10.015064416234,
55.163,0.280000000000001,100,100,2,99.5,0,-18.8993309734024,-1894.49402175265,14.8758027543929,0.07007947763891,9.569957515656,
55.164,0.280999999999999,100,100,2,99.5,0,-18.8123470873681,-1873.46529312655,14.7119268825793,0.07870566714377,9.106231755301,
55.165,0.281999999999996,100,100,2,99.5,0,-18.7177584924018,-1850.91680669511,14.5357848476093,0.08682731240844,8.62087142859,
55.166,0.283000000000001,100,100,2,99.5,0,-18.616075301027,-1827.09404322595,14.3487889070437,0.09443556120925,8.118989597569,
55.167,0.283999999999999,100,100,2,99.5,0,-18.5077995430043,-1802.34700107978,14.1522986669083,0.10153258244662,7.608899470936,
55.168,0.284999999999997,100,100,2,99.5,0,-18.3934215515046,-1776.85030053089,13.9476079676386,0.10812865807143,7.100105822634,
55.169,0.286000000000001,100,100,2,99.5,0,-18.2734551765023,-1750.81056137474,13.7360076247186,0.11422383650738,6.59609015192,
55.17,0.286999999999999,100,100,2,99.5,0,-18.1484552774785,-1724.40402768045,13.5188068883596,0.11979991715797,6.089718257,
55.171,0.287999999999997,100,100,2,99.5,0,-18.0189277061091,-1697.91983038779,13.297164239472,0.12484814352103,5.573453699939,
55.172,0.289000000000001,100,100,2,99.5,0,-17.8852696874766,-1671.36567136536,13.0719982272863,0.12940840384465,5.060192837487,
55.173,0.289999999999999,100,100,2,99.5,0,-17.7477839982213,-1644.76588034321,12.8440379112623,0.13356718564041,4.586206577094,
55.174,0.290999999999997,100,100,2,99.5,0,-17.606733240863,-1618.02459437108,12.6139283774824,0.13740690849936,4.183507673075,
55.175,0.292000000000002,100,100,2,99.5,0,-17.4623668133505,-1591.62348381948,12.3822456641719,0.14097593797366,3.854232524598,
55.176,0.292999999999999,100,100,2,99.5,0,-17.3148998745381,-1565.52211711864,12.1494583655943,0.14430187985621,3.57731121217,
55.177,0.293999999999997,100,100,2,99.5,0,-17.1644916369334,-1539.59878434822,11.9159404844247,0.14741917506012,3.336274156483,
55.178,0.295000000000002,100,100,2,99.5,0,-17.0112420166067,-1513.62180226677,11.6819880365884,0.15037826278361,3.132426963376,
55.179,0.295999999999999,100,100,2,99.5,0,-16.8552566549116,-1487.57833157635,11.4479163923901,0.15321792792062,2.970723191672,
55.18,0.296999999999997,100,100,2,99.5,0,-16.6967058353525,-1461.66900211384,11.2141136014705,0.15593427664378,2.838496988799,
55.181,0.298000000000002,100,100,2,99.5,0,-16.5358367762696,-1436.10038246451,10.9810328843024,0.15847665405704,2.701152254345,
55.182,0.298999999999999,100,100,2,99.5,0,-16.3729235240784,-1411.06502643575,10.7491123961573,0.16078684515825,2.524912912615,
55.183,0.299999999999997,100,100,2,99.5,0,-16.2081629739189,-1386.42822044961,10.5186541329451,0.1628541836492,2.306991211747,
55.184,0.301000000000002,100,100,2,99.5,0,-16.0416393549979,-1362.10531111134,10.2898062577445,0.16473528139746,2.084322051221,
55.185,0.302,100,100,2,99.5,0,-15.8733663670396,-1338.07913234024,10.0626222055754,0.16651950900374,1.907908928473,
55.186,0.302999999999997,100,100,2,99.5,0,-15.7032854569193,-1314.43224177857,9.83705143126812,0.16829055389571,1.809333834581,
55.187,0.303999999999995,100,100,2,99.5,0,-15.5313113320581,-1291.02820089735,9.6130155415232,0.17010649789397,1.78846943815,
55.188,0.305,100,100,2,99.5,0,-15.3573969275136,-1267.79213582145,9.39050768392491,0.17198824434392,1.82221500188,
55.189,0.305999999999997,100,100,2,99.5,0,-15.1815529816264,-1244.84250208939,9.16959188927325,0.17391118304232,1.874363388978,
55.19,0.306999999999995,100,100,2,99.5,0,-15.0037756550475,-1222.21975134006,8.9502980233141,0.1758450976919,1.913873809219,
55.191,0.308,100,100,2,99.5,0,-14.8240047563535,-1199.80990730128,8.73259279911537,0.17779538400592,1.935533363558,
55.192,0.308999999999998,100,100,2,99.5,0,-14.6421676877187,-1177.59637619038,8.5164425043433,0.17979267804171,1.959477131219,
55.193,0.309999999999995,100,100,2,99.5,0,-14.4581914157002,-1155.72631079844,8.30180449965911,0.18185897866767,2.00389369631,
55.194,0.311,100,100,2,99.5,0,-14.2719581744436,-1133.67939937999,8.08862277668013,0.18401160177482,2.071495393266,
55.195,0.311999999999998,100,100,2,99.5,0,-14.0833000433608,-1111.67380176749,7.87682070740547,0.18628361743303,2.162544128111,
55.196,0.312999999999995,100,100,2,99.5,0,-13.8920657346797,-1090.19832157781,7.66628396074941,0.18870351741443,2.280563189849,
55.197,0.314,100,100,2,99.5,0,-13.6981730828669,-1068.87159025915,7.45697006542184,0.19125895834112,2.41619696803,
55.198,0.314999999999998,100,100,2,99.5,0,-13.5015673374292,-1047.30562879154,7.24894376560695,0.19390907696076,2.543181950988,
55.199,0.315999999999995,100,100,2,99.5,0,-13.3021707693304,-1025.58955891071,7.04227967237873,0.19662906414856,2.642675882203,
55.2,0.317,100,100,2,99.5,0,-13.0999354061484,-1003.71719165589,6.83708087852452,0.19941095982543,2.717599164073,
55.201,0.317999999999998,100,100,2,99.5,0,-12.8949094022512,-981.69950517824,6.63354985281319,0.2022209168716,2.771741540939,
55.202,0.318999999999996,100,100,2,99.5,0,-12.6871930707391,-959.708896763012,6.43191873720414,0.20499590996711,2.791049450182,
55.203,0.32,100,100,2,99.5,0,-12.4768771504255,-937.829674682287,6.23237745171215,0.20768910986808,2.760944322346,
55.204,0.320999999999998,100,100,2,99.5,0,-12.2640652710584,-915.888281541421,6.03513085067186,0.2102848313892,2.688494345377,
55.205,0.321999999999996,100,100,2,99.5,0,-12.0488920711763,-893.912120763966,5.84042057881589,0.21277148780555,2.592245503644,
55.206,0.323,100,100,2,99.5,0,-11.831507426794,-872.178818443522,5.64846005343267,0.21512823707766,2.480403804509,
55.207,0.323999999999998,100,100,2,99.5,0,-11.6120725248015,-850.60243558831,5.4594408856162,0.2173362883153,2.351112005041,
55.208,0.324999999999996,100,100,2,99.5,0,-11.3907667757063,-828.986213603994,5.2735895735255,0.21938107884025,2.203682434174,
55.209,0.326000000000001,100,100,2,99.5,0,-11.1677972937044,-807.432405266589,5.09115386763165,0.2212436148364,2.039092380117,
55.21,0.326999999999998,100,100,2,99.5,0,-10.9433291341661,-786.049414634805,4.91231090194611,0.22291996539081,1.861356722268,
55.211,0.327999999999996,100,100,2,99.5,0,-10.7174741200198,-764.80717505638,4.73717653344431,0.22443461265978,1.6836952013,
55.212,0.329000000000001,100,100,2,99.5,0,-10.4903371496404,-743.723921342053,4.5658549419648,0.22582354463383,1.525443666126,
55.213,0.329999999999998,100,100,2,99.5,0,-10.2620300879888,-722.795602100752,4.39844656033887,0.22710341089113,1.393926847501,
55.214,0.330999999999996,100,100,2,99.5,0,-10.0326852706718,-701.803443074629,4.23508435645604,0.22826736096956,1.277811118664,
55.215,0.332000000000001,100,100,2,99.5,0,-9.8024431233075,-680.712003448608,4.07592769387011,0.22930268963157,1.160138507165,
55.216,0.332999999999998,100,100,2,99.5,0,-9.57145478178314,-659.466421964487,3.92114489795367,0.230196806598128,1.0315515783004,
55.217,0.333999999999996,100,100,2,99.5,0,-9.33990517696942,-638.183061450677,3.77090978541793,0.23093286226315,0.8890620847328,
55.218,0.335000000000001,100,100,2,99.5,0,-9.10800198585778,-617.106778286841,3.62535692561536,0.231487301716288,0.7289891919176,
55.219,0.335999999999999,100,100,2,99.5,0,-8.87596673442534,-596.342384575655,3.48457543481271,0.231836733318504,0.5474219614266,
55.22,0.336999999999996,100,100,2,99.5,0,-8.64402952342059,-575.54929948565,3.34867279041228,0.231966221207893,0.3449508436445,
55.221,0.338000000000001,100,100,2,99.5,0,-8.41241700677016,-554.571372952263,3.21779774388128,0.231869214826761,0.1275227220808,
55.222,0.338999999999999,100,100,2,99.5,0,-8.18139826245492,-533.504641808417,3.09211476655651,0.231531793256169,-0.1011826568137,
55.223,0.339999999999996,100,100,2,99.5,0,-7.95129055338323,-512.478758482538,2.97177034457252,0.230923565442729,-0.3465388866084,
55.224,0.341000000000001,100,100,2,99.5,0,-7.72240621907972,-491.390468296893,2.85688537472294,0.2300140072143,-0.6173850650823,
55.225,0.341999999999999,100,100,2,99.5,0,-7.49503714371695,-470.358103924124,2.74754943292425,0.228796769051743,-0.9114630841707,
55.226,0.342999999999996,100,100,2,99.5,0,-7.26945087091043,-449.305496497791,2.64381769099674,0.22728881227812,-1.2121497656384,
55.227,0.344000000000001,100,100,2,99.5,0,-7.04592582087448,-428.259842446419,2.54573877284807,0.225502746742224,-1.5041738189851,
55.228,0.344999999999999,100,100,2,99.5,0,-6.82479735006421,-407.236263273654,2.45336278473516,0.223424443099417,-1.7903043392874,
55.229,0.345999999999997,100,100,2,99.5,0,-6.6064604370092,-386.300532904498,2.36673359749861,0.221009977251396,-2.0914808722979,
55.23,0.347000000000001,100,100,2,99.5,0,-6.39132364408573,-365.757777522612,2.28583589100023,0.218214344342126,-2.4279673048315,
55.231,0.347999999999999,100,100,2,99.5,0,-6.17982175915661,-345.355919487233,2.21063494734199,0.215006356564627,-2.804989251364,
55.232,0.348999999999997,100,100,2,99.5,0,-5.97245582311182,-325.008104048654,2.14112961572636,0.211351572662126,-3.2183201545309,
55.233,0.350000000000001,100,100,2,99.5,0,-5.76975329383531,-305.011360412793,2.07727634625647,0.207207698679605,-3.6674720890064,
55.234,0.350999999999999,100,100,2,99.5,0,-5.57221003370327,-285.650168324001,2.01893574424585,0.202553770563656,-4.1501631985434,
55.235,0.351999999999997,100,100,2,99.5,0,-5.38022099852773,-266.887072365469,1.96589519837659,0.197424773388432,-4.6434325937031,
55.236,0.353000000000002,100,100,2,99.5,0,-5.19405433635395,-248.711010205801,1.91790161134884,0.191908590761964,-5.1026320928147,
55.237,0.353999999999999,100,100,2,99.5,0,-5.01389123115139,-231.280802186405,1.87466320365266,0.18611230698294,-5.4840573368616,
55.238,0.354999999999997,100,100,2,99.5,0,-4.83990707566395,-214.674256959332,1.83586864647725,0.180110487379389,-5.7739141806153,
55.239,0.356000000000002,100,100,2,99.5,0,-4.67227811133899,-198.623626117223,1.80122829842833,0.173931283053229,-5.9933742729756,
55.24,0.356999999999999,100,100,2,99.5,0,-4.51115872951831,-183.393985696678,1.77045307769831,0.16758264692242,-6.176818450772,
55.241,0.357999999999997,100,100,2,99.5,0,-4.35668382953866,-169.291017096891,1.74321258743288,0.161078912019655,-6.3443362210011,
55.242,0.359000000000002,100,100,2,99.5,0,-4.20896311756813,-156.039823841746,1.71918353570817,0.154441988129223,-6.4971619674783,
55.243,0.359999999999999,100,100,2,99.5,0,-4.06806305527546,-143.952620220402,1.69804905868031,0.147700773469908,-6.6282544247968,
55.244,0.360999999999997,100,100,2,99.5,0,-3.93396645729841,-133.345626353724,1.67945668293501,0.140905217901342,-6.7262297014254,
55.245,0.362000000000002,100,100,2,99.5,0,-3.80657227960823,-123.794803433357,1.6630775861332,0.134126911185675,-6.774078639921,
55.246,0.363,100,100,2,99.5,0,-3.68571573774143,-115.039784720638,1.64864522493195,0.127443613029227,-6.754978803771,
55.247,0.363999999999997,100,100,2,99.5,0,-3.5712137477967,-107.036690207946,1.63593112578235,0.120911467037193,-6.6664550748895,
55.248,0.365000000000002,100,100,2,99.5,0,-3.46288489566003,-99.8552011670564,1.62472494522783,0.114556414178933,-6.524363701226,
55.249,0.366,100,100,2,99.5,0,-3.36052519767029,-93.4627840412326,1.61483095993688,0.108390047235009,-6.3515750240914,
55.25,0.366999999999997,100,100,2,99.5,0,-3.26388779836645,-87.7522737459818,1.60607488398725,0.102433754628049,-6.1599504171356,
55.251,0.367999999999995,100,100,2,99.5,0,-3.17270219063654,-82.4454574223395,1.59831509221183,0.096718551437431,-5.9469880831466,
55.252,0.369,100,100,2,99.5,0,-3.08673446598119,-77.5003768572289,1.59144000249128,0.091255780279721,-5.7118004056482,
55.253,0.369999999999997,100,100,2,99.5,0,-3.00579116276475,-72.9951897597881,1.58534919835057,0.086025763146045,-5.4686745603722,
55.254,0.370999999999995,100,100,2,99.5,0,-2.92968525851724,-69.1044259452093,1.57994188847735,0.080999409957434,-5.2387441573667,
55.255,0.372,100,100,2,99.5,0,-2.85823054121973,-65.7380360240313,1.5751243234775,0.076161767853189,-5.0308390468207,
55.256,0.372999999999998,100,100,2,99.5,0,-2.79122679014907,-62.6513856848743,1.57082303705135,0.071514783514455,-4.8370580999015,
55.257,0.373999999999995,100,100,2,99.5,0,-2.72845277623276,-59.9797195095117,1.56697401369934,0.06707011979241,-4.6434854833806,
55.258,0.375,100,100,2,99.5,0,-2.66967157375534,-57.5982385123588,1.56351832682066,0.062845091630948,-4.4394692388768,
55.259,0.375999999999998,100,100,2,99.75,0,-2.61464511056392,-55.3998334367937,1.56040938469724,0.058852624123287,-4.2211506334966,
55.26,0.376999999999995,100,100,2,99.75,0,-2.56315595643315,-53.5576988501009,1.55760431911042,0.055091692259025,-3.9927750107816,
55.261,0.378,100,100,2,99.75,0,-2.5150117818971,-52.0445381181505,1.55506225284643,0.051546852970549,-3.7655647845459,
55.262,0.378999999999998,100,100,2,99.75,0,-2.47003836994589,-50.7906700144892,1.5527498277572,0.048196439639014,-3.5513392741295,
55.263,0.379999999999995,100,100,2,99.75,0,-2.42806288875548,-49.5422335639337,1.55064406680373,0.045025261498422,-3.3549705613344,
55.264,0.381,100,100,2,99.75,0,-2.38889661663667,-48.1984747994634,1.54872999721331,0.04203209769717,-3.1715443960729,
55.265,0.381999999999998,100,100,2,99.75,0,-2.35235181310573,-46.9278890174484,1.54699181007516,0.039222594263929,-2.9914699926507,
55.266,0.382999999999996,100,100,2,99.75,0,-2.31824471201982,-45.9666437103704,1.54540762846611,0.036599933373792,-2.8085487807131,
55.267,0.384,100,100,2,99.75,0,-2.28639030936498,-45.2324160253971,1.54395508268084,0.034162602290098,-2.6231147111353,
55.268,0.384999999999998,100,100,2,99.75,0,-2.25662027080336,-44.4815549588701,1.54261968849298,0.031904902956195,-2.4390405006896,
55.269,0.385999999999996,100,100,2,99.75,0,-2.22878188526006,-43.654076087278,1.54139291165438,0.02981585188409,-2.2609943803009,
55.27,0.387,100,100,2,99.75,0,-2.20274255534557,-42.9071899648402,1.5402659129721,0.027878164760153,-2.094236366194,
55.271,0.387999999999998,100,100,2,99.75,0,-2.17838685405902,-42.4610718312083,1.53922631103026,0.026073958014751,-1.9430521948269,
55.272,0.388999999999996,100,100,2,99.75,0,-2.15561476637169,-42.1100541439589,1.53826338048199,0.024385705795166,-1.8094645012174,
55.273,0.390000000000001,100,100,2,99.75,0,-2.13433511705415,-41.7415938314132,1.53737121365018,0.022799440256159,-1.6924425731567,
55.274,0.390999999999998,100,100,2,99.75,0,-2.11445927937085,-41.4204611078097,1.53654475589749,0.021306237338205,-1.5889427568645,
55.275,0.391999999999996,100,100,2,99.75,0,-2.09588805518282,-41.0417987622558,1.53577904333994,0.019905597124991,-1.4933528928479,
55.276,0.393000000000001,100,100,2,99.75,0,-2.07851506322008,-40.6933598849782,1.53506905121282,0.018603138569024,-1.3989545274619,
55.277,0.393999999999998,100,100,2,99.75,0,-2.06223005319261,-40.4000113812894,1.5344087480307,0.017406067049746,-1.3002969421344,
55.278,0.394999999999996,100,100,2,99.75,0,-2.04693525309573,-40.1040003287347,1.53379310164766,0.016314341628874,-1.1970838007629,
55.279,0.396000000000001,100,100,2,99.75,0,-2.03255250003643,-39.7692761020024,1.53321870284219,0.015318248964783,-1.0946394233595,
55.28,0.396999999999998,100,100,2,99.75,0,-2.01902920382078,-39.4805947647437,1.5326828431028,0.014398530117479,-1.0018703460892,
55.281,0.397999999999996,100,100,2,99.75,0,-2.00630504237955,-39.2106369569027,1.5321822031346,0.013541392836419,-0.9238565224669,
55.282,0.399000000000001,100,100,2,99.75,0,-1.99431242179541,-39.1171595139439,1.53171252536245,0.012744439616429,-0.8578565326122,
55.283,0.399999999999999,100,100,2,99.75,0,-1.98298710550418,-39.0299346892652,1.53127000508292,0.012011891553394,-0.7956868912245,
55.284,0.400999999999996,100,100,2,99.75,0,-1.97227315855737,-38.9536036191608,1.53085224933685,0.011342096775777,-0.7330436244961,
55.285,0.402000000000001,100,100,2,99.75,0,-1.96215123317652,-38.8101704459519,1.53045868977765,0.010719751280348,-0.674385978586,
55.286,0.402999999999999,100,100,2,99.75,0,-1.95260849538943,-38.7047897158227,1.53008883730794,0.01012577557251,-0.6280693438081,
55.287,0.403999999999996,100,100,2,99.75,0,-1.94361432604801,-38.6946705100937,1.52974076538183,0.009551923531517,-0.5964495440618,
55.288,0.405000000000001,100,100,2,99.75,0,-1.93512889945455,-38.6028180973747,1.52941281429912,0.009006117050733,-0.5714754729838,
55.289,0.405999999999999,100,100,2,99.75,0,-1.92709678504201,-38.5092194385389,1.52910312794509,0.008502055763572,-0.5416965907598,
55.29,0.406999999999996,100,100,2,99.75,0,-1.91944390905612,-38.3694962601065,1.52880895630651,0.008054336538821,-0.4996822265249,
55.291,0.408000000000001,100,100,2,99.75,0,-1.91211962360369,-38.2570694956051,1.52852833888608,0.007668070353847,-0.4461859315409,
55.292,0.408999999999999,100,100,2,99.75,0,-1.90511477663013,-38.1864536198166,1.5282606012953,0.007327031068807,-0.3911340269269,
55.293,0.409999999999997,100,100,2,99.75,0,-1.89840879026861,-38.1312619073554,1.52800470851557,0.007011020333609,-0.3470987900676,
55.294,0.411000000000001,100,100,2,99.75,0,-1.89195377879068,-37.9637975334621,1.52775911127452,0.006720352080055,-0.3159165556574,
55.295,0.411999999999999,100,100,2,99.75,0,-1.88572410748808,-37.746310534943,1.52752328673074,0.006462701890408,-0.2883655788751,
55.296,0.412999999999997,100,100,2,99.75,0,-1.87973631867843,-37.5864755228318,1.52729774832406,0.006224708607314,-0.2616585368532,
55.297,0.414000000000001,100,100,2,99.75,0,-1.87401560716703,-37.5035606466052,1.52708296410691,0.00598023036806,-0.2458358419079,
55.298,0.414999999999999,100,100,2,99.75,0,-1.86856209221879,-37.3738825909298,1.52687879147891,0.005720675731927,-0.2470556714697,
55.299,0.415999999999997,100,100,2,99.75,0,-1.86334939865426,-37.3367249917262,1.52668406972722,0.005461427502075,-0.254939795185,
55.3,0.417000000000002,100,100,2,99.75,0,-1.85833074160341,-37.3588544468657,1.52649663397901,0.005226729025539,-0.2519752257415,
55.301,0.417999999999999,100,100,2,99.75,0,-1.85345376648229,-37.3159971008464,1.52631454028241,0.005034363426035,-0.2293635394212,
55.302,0.418999999999997,100,100,2,99.75,0,-1.84869088701743,-37.1306676671183,1.52613725003698,0.004885251003161,-0.1920895096246,
55.303,0.420000000000002,100,100,2,99.75,0,-1.84404089479636,-37.0551922841325,1.52596476820113,0.004763241988601,-0.1539573533688,
55.304,0.420999999999999,100,100,2,99.75,0,-1.8395024253798,-37.1186285894592,1.52579645039236,0.004650401552854,-0.1273894634103,
55.305,0.421999999999997,100,100,2,99.75,0,-1.83506060819669,-37.1398809470774,1.52563152903053,0.004542930587878,-0.1139801681596,
55.306,0.423000000000002,100,100,2,99.75,0,-1.83069956483263,-36.9194519197096,1.52547004104946,0.00444658070743,-0.1057454808489,
55.307,0.423999999999999,100,100,2,99.75,0,-1.8264221757532,-36.6165912822637,1.52531276991539,0.004360179224386,-0.0967016865852,
55.308,0.424999999999997,100,100,2,99.75,0,-1.8222467457404,-36.6415498624727,1.52515982779477,0.00427189764483,-0.0899500312188,
55.309,0.426000000000002,100,100,2,99.75,0,-1.8181859780145,-36.832516740511,1.5250106472356,0.004171619046719,-0.0913166561689,
55.31,0.427,100,100,2,99.75,0,-1.81423505083487,-37.0394777457675,1.52486471580019,0.004062214248089,-0.0994173527002,
55.311,0.427999999999997,100,100,2,99.75,0,-1.81038261557823,-37.1134100603685,1.52472188120052,0.003954331766614,-0.1062102433278,
55.312,0.428999999999995,100,100,2,99.75,0,-1.80660637179465,-37.1237274069717,1.52458171243609,0.003859125391619,-0.1045363446775,
55.313,0.43,100,100,2,99.75,0,-1.80289036124141,-37.0405998210312,1.52444391472477,0.003781031256396,-0.0938755350074,
55.314,0.430999999999997,100,100,2,99.75,0,-1.799217539783,-36.9883487816604,1.52430796716928,0.003721123793893,-0.0777718053386,
55.315,0.431999999999995,100,100,2,99.75,0,-1.79556985215022,-36.9400390223753,1.52417313333632,0.00367823803917,-0.060256951985,
55.316,0.433,100,100,2,99.75,0,-1.791938684893,-36.9474480207887,1.52403898442449,0.003650271667801,-0.0435164520508,
55.317,0.433999999999998,100,100,2,99.75,0,-1.78832194944182,-36.8450354041321,1.52390554047906,0.003631793828076,-0.029595626882,
55.318,0.434999999999995,100,100,2,99.75,0,-1.78472048728983,-36.8368845599928,1.52377285915605,0.003616483003235,-0.020374294753,
55.319,0.436,100,100,2,99.75,0,-1.78113950652879,-36.9026142864601,1.5236408292927,0.003599899724462,-0.0166426654858,
55.32,0.436999999999998,100,100,2,99.75,0,-1.77758309795385,-36.7965883943528,1.5235097770545,0.003579753522495,-0.0172704195516,
55.321,0.437999999999995,100,100,2,99.75,0,-1.77404471926106,-36.5559564736286,1.52338000251359,0.003558371266125,-0.0194481413297,
55.322,0.439,100,100,2,99.75,0,-1.77052273882879,-36.3201218896013,1.52325166845262,0.003538868179279,-0.0204476891919,
55.323,0.439999999999998,100,100,2,99.75,0,-1.76700803456561,-36.2525157451944,1.52312413277318,0.003524717059699,-0.0184612475234,
55.324,0.440999999999995,100,100,2,99.75,0,-1.76349671646704,-36.1916078668887,1.52299694559198,0.003515871264524,-0.0141651124383,
55.325,0.442,100,100,2,99.75,0,-1.76000044915214,-36.1050453568082,1.52287056137916,0.003507818712852,-0.0101994194456,
55.326,0.442999999999998,100,100,2,99.75,0,-1.75652893445049,-36.0275909718336,1.52274535662542,0.003493356766026,-0.0102133432691,
55.327,0.443999999999996,100,100,2,99.75,0,-1.75309149468935,-36.0203158081825,1.52262152645568,0.003468718003472,-0.0155921729982,
55.328,0.445,100,100,2,99.75,0,-1.74968179699673,-35.9232140353728,1.52249887361182,0.003439339622737,-0.0230076032899,
55.329,0.445999999999998,100,100,2,99.75,0,-1.74629921771019,-35.723413699063,1.52237769841236,0.003409884791352,-0.0279794304757,
55.33,0.446999999999996,100,100,2,99.75,0,-1.74294235023197,-35.5843243602257,1.52225801309893,0.003383001265868,-0.0286605044197,
55.331,0.448,100,100,2,99.75,0,-1.73959600867527,-35.4221623320891,1.52213920712032,0.00336142324426,-0.0260632660915,
55.332,0.448999999999998,100,100,2,99.75,0,-1.73624341584683,-35.4399374123807,1.52202042123662,0.003351374714678,-0.019710825163,
55.333,0.449999999999996,100,100,2,99.75,0,-1.73287574411585,-35.5550284025604,1.5219008773669,0.00335524111768,-0.0093328974146,
55.334,0.451000000000001,100,100,2,99.75,0,-1.72950246834232,-35.3939044115965,1.52178121220879,0.003364829272983,0.0014084489171,
55.335,0.451999999999998,100,100,2,99.75,0,-1.72614495725155,-35.1035216058034,1.52166286426393,0.003366865155937,0.005605947908,
55.336,0.452999999999996,100,100,2,99.75,0,-1.72282832267287,-34.8723194184417,1.52154682211693,0.003349977541971,-0.0013754844173,
55.337,0.454000000000001,100,100,2,99.75,0,-1.71956443833786,-34.7486880839441,1.52143320465905,0.003313072459206,-0.0172158055297,
55.338,0.454999999999998,100,100,2,99.75,0,-1.716339419515,-34.80059373161,1.52132105578755,0.003268049754466,-0.0333351287178,
55.339,0.455999999999996,100,100,2,99.75,0,-1.71312536884526,-34.7818121312951,1.52120923509847,0.003233388030569,-0.0394791238946,
55.34,0.457000000000001,100,100,2,99.75,0,-1.70989918637649,-34.6819485778534,1.52109718371497,0.003220980655385,-0.031093713536,
55.341,0.457999999999998,100,100,2,99.75,0,-1.70667830010379,-34.5853547815259,1.52098563266171,0.00322095407024,-0.0153694427862,
55.342,0.458999999999996,100,100,2,99.75,0,-1.70349397022107,-34.5311239599442,1.52087558782739,0.003211508214524,-0.006566603328,
55.343,0.460000000000001,100,100,2,99.75,0,-1.70035527724481,-34.4691894935978,1.5207673024278,0.003181605727775,-0.0127570638546,
55.344,0.460999999999999,100,100,2,99.75,0,-1.69725894356339,-34.3079472068048,1.52066082394535,0.003139676259747,-0.0273735918228,
55.345,0.461999999999996,100,100,2,99.75,0,-1.69418743032292,-34.1224585872058,1.52055573149661,0.00310159533759,-0.037166809883,
55.346,0.463000000000001,100,100,2,99.75,0,-1.69112506143152,-33.9817471593943,1.5204514513961,0.003076216068034,-0.035424990138,
55.347,0.463999999999999,100,100,2,99.75,0,-1.68807932156478,-33.9215449394768,1.52034804351419,0.003060123488723,-0.0264037582628,
55.348,0.464999999999996,100,100,2,99.75,0,-1.68506375095528,-33.9516043061966,1.52024570537716,0.003041677796966,-0.0195845201183,
55.349,0.466000000000001,100,100,2,99.75,0,-1.68207924535338,-33.9521847212945,1.52014437575778,0.003015301884392,-0.0201188242683,
55.35,0.466999999999999,100,100,2,99.75,0,-1.67910965413146,-33.8566538703728,1.52004369349186,0.002989350790186,-0.0238694008185,
55.351,0.467999999999996,100,100,2,99.75,0,-1.67613466519098,-33.7386246469215,1.51994314588885,0.002975684851482,-0.0223929930658,
55.352,0.469000000000001,100,100,2,99.75,0,-1.67316216271192,-33.6231662958616,1.51984302934355,0.002972623686486,-0.0141700532422,
55.353,0.469999999999999,100,100,2,99.75,0,-1.67021261948155,-33.5918576291451,1.51974390253415,0.002966360642879,-0.0072031606917,
55.354,0.470999999999997,100,100,2,99.75,0,-1.66729598203366,-33.5584095916076,1.51964597604214,0.002946559270233,-0.0093639787354,
55.355,0.472000000000001,100,100,2,99.75,0,-1.66441415227455,-33.3885114296345,1.5195495112275,0.002916066876,-0.0189471804104,
55.356,0.472999999999999,100,100,2,99.75,0,-1.6615565078084,-33.2449532523901,1.51945430385169,0.002885016477856,-0.0274524889302,
55.357,0.473999999999997,100,100,2,99.75,0,-1.65872031395008,-33.1421658633887,1.51936016048194,0.002858464871689,-0.0295333593776,
55.358,0.475000000000001,100,100,2,99.75,0,-1.65590945344718,-33.1555631475552,1.51926698364798,0.002835029034043,-0.0269665132038,
55.359,0.475999999999999,100,100,2,99.75,0,-1.6531182436272,-33.3749489774466,1.51917413333859,0.00281256530465,-0.0240789357264,
55.36,0.476999999999997,100,100,2,99.75,0,-1.65034165381562,-33.6063334099859,1.51908114356547,0.002792719022336,-0.0219701277452,
55.361,0.478000000000002,100,100,2,99.75,0,-1.64757567203163,-33.546272126677,1.51898827212364,0.002777793405823,-0.0191553166974,
55.362,0.478999999999999,100,100,2,99.75,0,-1.64481719403818,-33.3904225062003,1.51889595042408,0.002766913055105,-0.0151882365148,
55.363,0.479999999999997,100,100,2,99.75,0,-1.64207716971484,-33.1664041614658,1.51880476676212,0.002755193029579,-0.0123458328989,
55.364,0.481000000000002,100,100,2,99.75,0,-1.63936081971938,-33.1558202944348,1.51871468957506,0.002738458126009,-0.0129725864968,
55.365,0.481999999999999,100,100,2,99.75,0,-1.63665805984535,-33.2376833014002,1.51862496672635,0.002719375257395,-0.01593482967,
55.366,0.482999999999997,100,100,2,99.75,0,-1.63395741305155,-33.2452863007712,1.51853519321699,0.00270620298639,-0.0166052998181,
55.367,0.484000000000002,100,100,2,99.75,0,-1.63125842380986,-33.1253410436324,1.51844562641242,0.002700783452236,-0.0126196292324,
55.368,0.484999999999999,100,100,2,99.75,0,-1.62856269564152,-32.9261314311047,1.51835659800497,0.002698508185318,-0.0068020750385,
55.369,0.485999999999997,100,100,2,99.75,0,-1.6258656970382,-32.8458826327808,1.51826790448993,0.002697087620839,-0.0029621363571,
55.37,0.487000000000002,100,100,2,99.75,0,-1.62316126000607,-32.7383052822253,1.51817922033666,0.002698849001469,-0.000722391678,
55.371,0.488,100,100,2,99.75,0,-1.6204607592817,-32.6760466169728,1.51809089458433,0.002701024611159,0.0009310658153,
55.372,0.488999999999997,100,100,2,99.75,0,-1.61777690187244,-32.5858317090159,1.51800331779648,0.002696688622165,9.78613668E-05,
55.373,0.490000000000002,100,100,2,99.75,0,-1.61510542515094,-32.5272257956103,1.51791634378779,0.002685136197465,-0.0045474401006,
55.374,0.491,100,100,2,99.75,0,-1.61243613794463,-32.5073338813801,1.51782954582873,0.002674534073271,-0.0091024038364,
55.375,0.491999999999997,100,100,2,99.75,0,-1.60976028979367,-32.5435426510533,1.51774251269489,0.002671912344262,-0.0084930957903,
55.376,0.492999999999995,100,100,2,99.75,0,-1.60708362984965,-32.4825556078219,1.51765548631863,0.002674123405483,-0.0035660104955,
55.377,0.494,100,100,2,99.75,0,-1.60441784762445,-32.2879450527508,1.51756915429394,0.002673153090459,-0.0001931887215,
55.378,0.494999999999997,100,100,2,99.75,0,-1.60177706942017,-32.0535364874714,1.5174841985029,0.002661544334571,-0.0032074344097,
55.379,0.495999999999995,100,100,2,99.75,0,-1.59916718926605,-31.9612276092296,1.5174006630717,0.002639009995507,-0.0116948985816,
55.38,0.497,100,100,2,99.75,0,-1.59658229163928,-31.910102778651,1.51731811264654,0.00261165481096,-0.0207029177561,
55.381,0.497999999999998,100,100,2,99.75,0,-1.59401734946059,-31.6977711770128,1.51723653738713,0.002586405750551,-0.0252770936607,
55.382,0.498999999999995,100,100,2,99.75,0,-1.59147993734575,-31.5886463346276,1.51715624552588,0.002562669793956,-0.0254269665062,
55.383,0.5,100,100,2,99.75,0,-1.58897133522979,-31.550218938942,1.51707705038038,0.00253702813433,-0.0247615986485,
55.384,0.500999999999998,100,100,2,100,0,-1.58648738957675,-31.6332099763494,1.51699857827859,0.002509848176749,-0.0255314381032,
55.385,0.000999999999997669,101,101,2,100,0,-1.58403542224485,-31.6197435452798,-7.75470878409124E-05,0.002481749095577,-0.0269942052718,
55.386,0.00200000000000244,101,101,2,100,0,-1.58162709221827,-31.5126549083026,-0.000153568913276558,0.002448469636649,-0.0293774574215,
55.387,0.00300000000000011,101,101,2,100,0,-1.57925744328441,-31.4342426138739,-0.000228149937584021,0.002409816890361,-0.0333373318092,
55.388,0.00399999999999778,101,101,2,100,0,-1.576917476659,-31.4689995165209,-0.000301745681184684,0.00237234856914,-0.0366854325599,
55.389,0.00500000000000256,101,101,2,100,0,-1.5745970110075,-31.3965818852567,-0.000374684392340896,0.002343021025769,-0.0353814153861,
55.39,0.00600000000000023,101,101,2,100,0,-1.57227612445781,-31.2192207881431,-0.00044734647946143,0.00232644221313,-0.0279451575064,
55.391,0.0069999999999979,101,101,2,100,0,-1.56994331350639,-31.1830204395371,-0.000520132795315931,0.002324337600752,-0.0160611717803,
55.392,0.00800000000000267,101,101,2,100,0,-1.56760261175571,-31.2111151685953,-0.000593155826550174,0.002331600870679,-0.0036365077648,
55.393,0.00900000000000034,101,101,2,100,0,-1.56526549533694,-31.1026222133295,-0.000665973055930635,0.002337258911329,0.0039713364524,
55.394,0.00999999999999801,101,101,2,100,0,-1.56294572384855,-30.8949257127966,-0.000737883127953864,0.002332988539229,0.0031610856081,
55.395,0.0110000000000028,101,101,2,100,0,-1.56065270392496,-30.8066992514874,-0.000808624655633139,0.002316949498064,-0.0048224489945,
55.396,0.0120000000000005,101,101,2,100,0,-1.55838780477528,-30.6973961091479,-0.000878274942266444,0.002292609160857,-0.0149988292581,
55.397,0.0129999999999981,101,101,2,100,0,-1.55614156364724,-30.7431223463841,-0.000947280052002952,0.002267737975361,-0.0220092028811,
55.398,0.0140000000000029,101,101,2,100,0,-1.5539014930726,-30.7025445988837,-0.00101610136724162,0.002249987368512,-0.0225757574152,
55.399,0.0150000000000006,101,101,2,100,0,-1.55166559587397,-30.531942192399,-0.00108455837599308,0.002240669727857,-0.0173568905849,
55.4,0.0159999999999982,101,101,2,100,0,-1.54943978205368,-30.3930719390675,-0.00115236224522164,0.002234124197931,-0.0110158972945,
55.401,0.017000000000003,101,101,2,100,0,-1.54722734017092,-30.3159220362072,-0.00121951980568724,0.002224827252533,-0.0082025877863,
55.402,0.0180000000000007,101,101,2,100,0,-1.545021341332,-30.2402966143556,-0.00128631327970652,0.002214520550867,-0.0087744476368,
55.403,0.0189999999999984,101,101,2,100,0,-1.54281958908089,-30.1297896428671,-0.00135277326637606,0.002206657775729,-0.0092705968272,
55.404,0.0200000000000031,101,101,2,100,0,-1.54062898647625,-30.0821587699309,-0.00141872349189498,0.002199681333512,-0.0083300532201,
55.405,0.0210000000000008,101,101,2,100,0,-1.53846710504667,-30.1054568201852,-0.00148378273610206,0.002185331146063,-0.0094544656629,
55.406,0.0219999999999985,101,101,2,100,0,-1.53634893076742,-30.1903726703372,-0.00154764127367457,0.002157385636999,-0.0162166603639,
55.407,0.0230000000000032,101,101,2,100,0,-1.53427019595094,-30.2666331559287,-0.00161047831514338,0.002119454585518,-0.0268625753046,
55.408,0.0240000000000009,101,101,2,100,0,-1.53221066445101,-30.3813444231066,-0.00167293152526327,0.002084805660346,-0.0339507508632,
55.409,0.0249999999999986,101,101,2,100,0,-1.53016098271534,-30.3714211748006,-0.00173519344227202,0.002062337565617,-0.0319793139318,
55.41,0.0260000000000034,101,101,2,100,0,-1.52813099393031,-30.2910184833387,-0.00179676547836038,0.002046728779756,-0.0240645512015,
55.411,0.027000000000001,101,101,2,100,0,-1.52612609407037,-30.2564185991873,-0.00185746125242758,0.002028369992695,-0.0184915788814,
55.412,0.0279999999999987,101,101,2,100,0,-1.52413817421032,-30.233010818836,-0.00191758532145059,0.0020073325375,-0.0183373871412,
55.413,0.0290000000000035,101,101,2,100,0,-1.52215812050267,-30.2034823056678,-0.00197741907260252,0.001990654014297,-0.0189261751572,
55.414,0.0300000000000011,101,101,2,100,0,-1.52017781149443,-30.1070718050308,-0.00203713583940157,0.001982490143547,-0.0154318070647,
55.415,0.0309999999999988,101,101,2,100,0,-1.51819492799167,-30.0718191951684,-0.00209679970450338,0.001981004766419,-0.0087147183993,
55.416,0.0320000000000036,101,101,2,100,0,-1.51620228171227,-29.9868437588043,-0.00215663754013917,0.001985039987396,-0.0018327457831,
55.417,0.0330000000000013,101,101,2,100,0,-1.51419272008058,-29.9295315014066,-0.00221684036455372,0.001994792052095,0.0040940946621,
55.418,0.0339999999999989,101,101,2,100,0,-1.51218367367659,-29.8407488100356,-0.00227688099792545,0.002004332457693,0.0079735138521,
55.419,0.0350000000000037,101,101,2,100,0,-1.51020071568771,-29.6728378936889,-0.00233588746903024,0.002001374447767,0.0058543786711,
55.42,0.0360000000000014,101,101,2,100,0,-1.50824107137667,-29.5362210816542,-0.00239390181681642,0.001983790410061,-0.0035962936028,
55.421,0.036999999999999,101,101,2,100,0,-1.50629674639737,-29.4932560990842,-0.00245128806031403,0.00196204261487,-0.0144453566175,
55.422,0.0380000000000038,101,101,2,100,0,-1.50436913949205,-29.4692146277821,-0.00250811629317127,0.001943905356628,-0.0194155068608,
55.423,0.0390000000000015,101,101,2,100,0,-1.50245486321749,-29.4867383058652,-0.00256454528414451,0.001928623138286,-0.0183639073567,
55.424,0.0399999999999991,101,101,2,100,0,-1.50053017633221,-29.4967451886109,-0.00262130765270285,0.001921398647004,-0.013721412194,
55.425,0.0410000000000039,101,101,2,100,0,-1.49857444228846,-29.4474925630332,-0.00267894727892326,0.001930877849605,-0.0046307012351,
55.426,0.0420000000000016,101,101,2,100,0,-1.49659174894105,-29.2570432106983,-0.00273714382518619,0.001954507687307,0.0087132849664,
55.427,0.0429999999999993,101,101,2,100,0,-1.4946176595871,-29.0515232455037,-0.00279469698531898,0.001972024358274,0.0175506971512,
55.428,0.044000000000004,101,101,2,100,0,-1.49268198987325,-28.9189793559639,-0.00285080285840422,0.001965144659958,0.0120317102026,
55.429,0.0450000000000017,101,101,2,100,0,-1.49079290767948,-28.7926107804008,-0.00290531382705694,0.001933219349856,-0.0070744710669,
55.43,0.0459999999999994,101,101,2,100,0,-1.48895267670251,-28.6926976569058,-0.00295820694969962,0.001888403084754,-0.0282789130662,
55.431,0.0470000000000042,101,101,2,100,0,-1.48716247915676,-28.7655873302437,-0.00300963779008612,0.001839876312644,-0.0420621307044,
55.432,0.0480000000000018,101,101,2,100,0,-1.48541094736231,-28.8504559792923,-0.00306009595595924,0.001793607849726,-0.04673612725,
55.433,0.0489999999999995,101,101,2,100,0,-1.48367443875894,-28.8150553211855,-0.00311016428420885,0.001758624562516,-0.0435604029632,
55.434,0.0500000000000043,101,101,2,100,0,-1.48193127428165,-28.6812610640381,-0.00316027705235911,0.00174301232287,-0.0325575256532,
55.435,0.0510000000000019,101,101,2,100,0,-1.48017209121868,-28.5089247432933,-0.00321058105546967,0.001745973290818,-0.015851591637,
55.436,0.0519999999999996,101,101,2,100,0,-1.47841517912601,-28.4548762519516,-0.00326062125088811,0.001753696196176,-0.0011824131072,
55.437,0.0529999999999973,101,101,2,100,0,-1.47667409474969,-28.5116542234319,-0.00331021301897749,0.001752845068855,0.0037221143313,
55.438,0.054000000000002,101,101,2,100,0,-1.47495245323661,-28.5104046383637,-0.00335929879082641,0.001739999832253,-0.0018771503016,
55.439,0.0549999999999997,101,101,2,100,0,-1.47324406220577,-28.4316874276303,-0.00340793847050236,0.00172349922738,-0.010343614299,
55.44,0.0559999999999974,101,101,2,100,0,-1.47154522082091,-28.3959355098618,-0.00345620902933774,0.001709501281718,-0.0146531966284,
55.441,0.0570000000000022,101,101,2,100,0,-1.46985628442244,-28.4528296404778,-0.00350421600367667,0.001698734782737,-0.013779309421,
55.442,0.0579999999999998,101,101,2,100,0,-1.46817415284836,-28.3912474892358,-0.00355202561215151,0.00168986644707,-0.0111664839911,
55.443,0.0589999999999975,101,101,2,100,0,-1.4664970937262,-28.2350716311734,-0.00359950845466983,0.001682651285821,-0.0089418323358,
55.444,0.0600000000000023,101,101,2,100,0,-1.46483476002048,-28.1298554252027,-0.00364635711369488,0.001674163232804,-0.0080929811048,
55.445,0.0609999999999999,101,101,2,100,0,-1.46319897362812,-28.1731770248694,-0.0036924069808606,0.001658787136644,-0.0101725984295,
55.446,0.0619999999999976,101,101,2,100,0,-1.46159299442161,-28.1132650480387,-0.00373760440865567,0.001634808430613,-0.0158904661784,
55.447,0.0630000000000024,101,101,2,100,0,-1.4600171248761,-27.8703669183731,-0.00378171585899167,0.001605888463965,-0.0228803012548,
55.448,0.0640000000000001,101,101,2,100,0,-1.45847495915536,-27.7850602090546,-0.00382463080492812,0.001574791296379,-0.0280907487443,
55.449,0.0649999999999977,101,101,2,100,0,-1.4569635954633,-27.8491181157306,-0.00386667254349504,0.001543036259567,-0.0306413680724,
55.45,0.0660000000000025,101,101,2,100,0,-1.45547696116516,-27.8549903891248,-0.00390807836262752,0.001513185482488,-0.0309863981243,
55.451,0.0670000000000002,101,101,2,100,0,-1.45400861652357,-27.7823705035501,-0.00394892577298833,0.001488566219351,-0.0288526008163,
55.452,0.0679999999999978,101,101,2,100,0,-1.45255745310376,-27.7439373080588,-0.00398921464636715,0.001468677172021,-0.0247696525775,
55.453,0.0690000000000026,101,101,2,100,0,-1.45111933321104,-27.7526068366374,-0.0040291199884166,0.001452404728217,-0.0202231310143,
55.454,0.0700000000000003,101,101,2,100,0,-1.44968103026209,-27.6794859845672,-0.00406898405969969,0.001442087867716,-0.0155707498709,
55.455,0.070999999999998,101,101,2,100,0,-1.44823527805235,-27.4699644864981,-0.00410885027963559,0.001440482810318,-0.009489994561,
55.456,0.0720000000000027,101,101,2,100,0,-1.44679371958603,-27.4927355249776,-0.00414846625238852,0.001442259308477,-0.0032041316618,
55.457,0.0730000000000004,101,101,2,100,0,-1.44537324841796,-27.7814864855861,-0.00418772397173939,0.001436490399871,-0.0015015905376,
55.458,0.0739999999999981,101,101,2,100,0,-1.44397659565288,-28.108092943627,-0.00422675313956233,0.001419651836648,-0.0068261829616,
55.459,0.0750000000000028,101,101,2,100,0,-1.44259934702819,-28.2175532530445,-0.00426554034893911,0.00139797704386,-0.0149685357074,
55.46,0.0760000000000005,101,101,2,100,0,-1.44123199145285,-28.0998492994611,-0.00430404330612078,0.001380101952002,-0.0190840136395,
55.461,0.0769999999999982,101,101,2,100,0,-1.43986303923289,-28.0153999239911,-0.00434245285362067,0.001370802483531,-0.0164423151209,
55.462,0.078000000000003,101,101,2,100,0,-1.43848661582374,-27.9869369256308,-0.00438099431733008,0.001370714583331,-0.0091086850058,
55.463,0.0790000000000006,101,101,2,100,0,-1.43711466266535,-27.8788846690863,-0.00441931696252595,0.001372840977165,-0.0021870824711,
55.464,0.0799999999999983,101,101,2,100,0,-1.43576220981394,-27.8233597377544,-0.004456984292176,0.001367444141524,-0.0007948632187,
55.465,0.0810000000000031,101,101,2,100,0,-1.43442496385738,-27.7952755130508,-0.00449417218973736,0.001353740875049,-0.0056317960487,
55.466,0.0820000000000007,101,101,2,100,0,-1.43307923753252,-27.7449993645384,-0.00453154319473015,0.001344352135505,-0.0099169791455,
55.467,0.0829999999999984,101,101,2,100,0,-1.43171472522942,-27.6323567128624,-0.00456932473656479,0.001348818007842,-0.006526714059,
55.468,0.0840000000000032,101,101,2,100,0,-1.43033899493346,-27.6272468949294,-0.00460733589198981,0.001362241907486,0.0029968969648,
55.469,0.0850000000000009,101,101,2,100,0,-1.42896411524939,-27.6958050729712,-0.00464536716208386,0.001372109714535,0.0096696636734,
55.47,0.0859999999999985,101,101,2,100,0,-1.42759090920687,-27.7325658969251,-0.00468342444904124,0.001374632775172,0.0087312109039,
55.471,0.0870000000000033,101,101,2,100,0,-1.42620663542529,-27.670808092799,-0.00472177116805028,0.001377028456703,0.0046882708288,
55.472,0.088000000000001,101,101,2,100,0,-1.42480507825961,-27.4337357366438,-0.00476038725219041,0.001386138475092,0.0044481963202,
55.473,0.0889999999999986,101,101,2,100,0,-1.42338482784812,-27.3186260527291,-0.0047992682843585,0.001401980124193,0.0091152065452,
55.474,0.0900000000000034,101,101,2,100,0,-1.4219552045154,-27.3263202273266,-0.00483832912945559,0.001417454314116,0.013711922134,
55.475,0.0910000000000011,101,101,2,100,0,-1.42052438780141,-27.3428141998869,-0.00487743988509237,0.001427169470732,0.0138567176843,
55.476,0.0919999999999987,101,101,2,100,0,-1.41909370070804,-27.267434407583,-0.00491650497400542,0.001430419813423,0.0095034224306,
55.477,0.0930000000000035,101,101,2,100,0,-1.41768111141924,-27.0942553235118,-0.00495490034433033,0.001425296638185,0.0026777314898,
55.478,0.0940000000000012,101,101,2,100,0,-1.41630560647975,-27.0175664048073,-0.00499211588336834,0.001406893325378,-0.00659516113,
55.479,0.0949999999999989,101,101,2,100,0,-1.41496299245657,-26.9890329709697,-0.0050283708922052,0.00137676296939,-0.0179373844906,
55.48,0.0960000000000036,101,101,2,100,0,-1.41364605000308,-26.9626339723336,-0.00506389651252448,0.001344779827166,-0.0271680789045,
55.481,0.0970000000000013,101,101,2,100,0,-1.41234722009303,-26.8636842405653,-0.00509885212855465,0.001319210161365,-0.0295032634263,
55.482,0.097999999999999,101,101,2,100,0,-1.41105961674865,-26.7814632649487,-0.00513338896422511,0.001300895703381,-0.0253171463828,
55.483,0.0990000000000038,101,101,2,100,0,-1.40979954971174,-26.8415648239482,-0.00516717326928529,0.00128271042184,-0.0204522673962,
55.484,0.100000000000001,101,101,2,100,0,-1.40857095206592,-26.9542616045083,-0.00520021998212883,0.001258887111824,-0.0199154430164,
55.485,0.100999999999999,101,101,2,100,0,-1.40734646430205,-26.9766620532531,-0.00523323886017124,0.001236805498562,-0.0216093924473,
55.486,0.102000000000004,101,101,2,100,0,-1.40610704115495,-26.8463404220623,-0.00526659359772452,0.001230201343424,-0.017960884851,
55.487,0.103000000000002,101,101,2,100,0,-1.40486103785688,-26.7953024062988,-0.0053000124296716,0.001236916577422,-0.0072515758344,
55.488,0.103999999999999,101,101,2,100,0,-1.40362268201515,-26.8769280102054,-0.00533324508970168,0.001241735015877,0.0021503785943,
55.489,0.105000000000004,101,101,2,100,0,-1.40239642452046,-26.9369130713323,-0.00536623990268481,0.00123702057452,0.0025276131743,
55.49,0.106000000000002,101,101,2,100,0,-1.4011892070275,-26.9985689477234,-0.00539879583138259,0.001224174998283,-0.0042939178774,
55.491,0.106999999999999,101,101,2,100,0,-1.40000502814032,-26.9886505003713,-0.005430761094118,0.001206017911745,-0.0119996888633,
55.492,0.108000000000004,101,101,2,100,0,-1.39882894616484,-26.833837407105,-0.00546241092305877,0.001188661395404,-0.0163234623886,
55.493,0.109000000000002,101,101,2,100,0,-1.39765085280768,-26.6915534468225,-0.00549393987677149,0.001179114463494,-0.0152538120708,
55.494,0.109999999999999,101,101,2,100,0,-1.39647405722601,-26.6390049182065,-0.00552531945950818,0.001177100610009,-0.0096298837118,
55.495,0.111000000000004,101,101,2,100,0,-1.3953020642174,-26.5835625852319,-0.00555650769800309,0.001175744142399,-0.00407656125,
55.496,0.112000000000002,101,101,2,100,0,-1.394126097139,-26.5784062736635,-0.00558776606061429,0.001174626001465,-0.0014821853697,
55.497,0.113,101,101,2,100,0,-1.39294037095473,-26.5567310142681,-0.00561926792241252,0.001177702589224,6.87796711E-05,
55.498,0.114000000000004,101,101,2,100,0,-1.39174441574786,-26.4885484608432,-0.00565098781149231,0.001185867159289,0.0033445638429,
55.499,0.115000000000002,101,101,2,100,0,-1.39054501027953,-26.4713099019326,-0.00568274798334301,0.001193921578528,0.0066051301254,
55.5,0.116,101,101,2,100,0,-1.38935595464402,-26.5271784029894,-0.00571425705894058,0.001195265440046,0.0060742971705,
55.501,0.116999999999997,101,101,2,100,0,-1.38818360040434,-26.392613447227,-0.00574527743012254,0.001187150166607,0.0005192883472,
55.502,0.118000000000002,101,101,2,100,0,-1.38702522644506,-26.1593069540992,-0.00577571481818495,0.001173170574309,-0.0070368286096,
55.503,0.119,101,101,2,100,0,-1.38589200925096,-26.0321423437956,-0.0058052869420635,0.001155021013846,-0.0134712870898,
55.504,0.119999999999997,101,101,2,100,0,-1.38479660872084,-26.0650306041943,-0.00583382057749304,0.00112941922446,-0.0191342386904,
55.505,0.121000000000002,101,101,2,100,0,-1.38373987458958,-26.188761658258,-0.00586142976038673,0.001095145609656,-0.0259676683345,
55.506,0.122,101,101,2,100,0,-1.38270609191191,-26.420949797918,-0.00588862326458184,0.001061448614841,-0.0314990811819,
55.507,0.122999999999998,101,101,2,100,0,-1.38167725677375,-26.5904423690122,-0.00591589325608766,0.001039183851894,-0.0304403112513,
55.508,0.124000000000002,101,101,2,100,0,-1.38064464194292,-26.8112139095634,-0.00594346492721343,0.001031453307814,-0.0213341668473,
55.509,0.125,101,101,2,100,0,-1.37958875569853,-26.8872238310498,-0.00597181464809182,0.001038462347097,-0.0076689347312,
55.51,0.125999999999998,101,101,2,100.25,0,-1.37849896345016,-26.7437193263736,-0.0060010379411608,0.001059076621516,0.0066687348149,
55.511,0.127000000000002,101,101,2,100.25,0,-1.37739315111466,-26.4892570616125,-0.00603047078212171,0.001084426473315,0.0179533770922,
55.512,0.128,101,101,2,100.25,0,-1.37629085976134,-26.3191664011224,-0.00605957591639594,0.001099950014707,0.0209812854629,
55.513,0.128999999999998,101,101,2,100.25,0,-1.37520040101147,-26.3098423741184,-0.00608827079796015,0.001099797866939,0.0137687277661,
55.514,0.130000000000003,101,101,2,100.25,0,-1.37411860925584,-26.2817069821987,-0.00611671735020991,0.001091408432633,0.0020793730186,
55.515,0.131,101,101,2,100.25,0,-1.37304750380855,-26.3350755651196,-0.00614489641139926,0.0010811859614,-0.0064681594227,
55.516,0.131999999999998,101,101,2,100.25,0,-1.37199965626731,-26.3841984852577,-0.00617251729224222,0.001067333967977,-0.0107614168119,
55.517,0.133000000000003,101,101,2,100.25,0,-1.37097249824124,-26.4363307948795,-0.00619964480753765,0.001048618058504,-0.014222311581,
55.518,0.134,101,101,2,100.25,0,-1.36994181317862,-26.4589728978849,-0.00622690400723513,0.001034422991586,-0.0159004818915,
55.519,0.134999999999998,101,101,2,100.25,0,-1.36889929063567,-26.4367441692637,-0.00625447649596822,0.001033178195754,-0.0116662383587,
55.52,0.136000000000003,101,101,2,100.25,0,-1.3678516875871,-26.4375112606441,-0.00628217211155402,0.001040495450537,-0.0025612619733,
55.521,0.137,101,101,2,100.25,0,-1.36680549673748,-26.3913108190852,-0.0063098066266889,0.001045655237199,0.0041013991622,
55.522,0.137999999999998,101,101,2,100.25,0,-1.36575835870843,-26.2807321055432,-0.00633738407628925,0.001046898663134,0.0046321188802,
55.523,0.139000000000003,101,101,2,100.25,0,-1.36469942348191,-26.0567096119692,-0.00636509505665117,0.001050393034462,0.003093617771,
55.524,0.140000000000001,101,101,2,100.25,0,-1.36362502730526,-25.9826778876507,-0.00639305051612382,0.001060034352318,0.0046631716685,
55.525,0.140999999999998,101,101,2,100.25,0,-1.36254289211111,-26.0096367958187,-0.00642118187289498,0.001072079596861,0.0085184119037,
55.526,0.142000000000003,101,101,2,100.25,0,-1.36145693239096,-26.0747083180523,-0.00644946262332269,0.0010809608467,0.0103748681257,
55.527,0.143000000000001,101,101,2,100.25,0,-1.36037521936547,-26.1101191016868,-0.00647768712710217,0.001083538353952,0.0079393254741,
55.528,0.143999999999998,101,101,2,100.25,0,-1.35930666737035,-25.9710642045107,-0.00650551285326628,0.001079038724777,0.0023454891,
55.529,0.145000000000003,101,101,2,100.25,0,-1.35825724236929,-25.862745119362,-0.00653271070098072,0.001066762206013,-0.0047095551236,
55.53,0.146000000000001,101,101,2,100.25,0,-1.35724008647971,-25.7349070953624,-0.00655895212889845,0.001045482365834,-0.0126444483118,
55.531,0.146999999999998,101,101,2,100.25,0,-1.35625767773451,-25.6580288339643,-0.00658419656375031,0.00101641247971,-0.020915857538,
55.532,0.148000000000003,101,101,2,100.25,0,-1.35529624089961,-25.6536952557062,-0.00660886305453801,0.000986541315424,-0.0269732557891,
55.533,0.149000000000001,101,101,2,100.25,0,-1.35433970639882,-25.7808247856594,-0.00663346250101426,0.000966257707757,-0.0267545138517,
55.534,0.149999999999999,101,101,2,100.25,0,-1.35337469120708,-25.848826997361,-0.00665837420018534,0.000960549408308,-0.0187872821873,
55.535,0.151000000000003,101,101,2,100.25,0,-1.35240353653089,-25.7777112120731,-0.00668344287717559,0.00096431282979,-0.0072393756351,
55.536,0.152000000000001,101,101,2,100.25,0,-1.35143345341889,-25.6778693565974,-0.0067084009720304,0.000968991361598,0.0011964383005,
55.537,0.152999999999999,101,101,2,100.25,0,-1.35046230649155,-25.5852306068938,-0.00673329297302416,0.000970723725859,0.0035201484461,
55.538,0.154000000000003,101,101,2,100.25,0,-1.34949211025486,-25.6158172867154,-0.00675813050500551,0.000970542575543,0.002042160152,
55.539,0.155000000000001,101,101,2,100.25,0,-1.34852578025188,-25.5994380510202,-0.0067828759239319,0.000969321573772,8.09486206E-05,
55.54,0.155999999999999,101,101,2,100.25,0,-1.34756819422656,-25.4927752362754,-0.00680733851865512,0.000964866679795,-0.0018792139963,
55.541,0.157000000000004,101,101,2,100.25,0,-1.34662465751105,-25.4503564910251,-0.00683137187624538,0.000955994425675,-0.0048099343581,
55.542,0.158000000000001,101,101,2,100.25,0,-1.34568997339563,-25.5332180660672,-0.00685519864489947,0.000945095728426,-0.0081549790158,
55.543,0.158999999999999,101,101,2,100.25,0,-1.34476209991693,-25.5977684970758,-0.00687892018808611,0.000935296704428,-0.009960862335,
55.544,0.160000000000004,101,101,2,100.25,0,-1.3438506081458,-25.6007544061193,-0.00690225370425424,0.000925002157444,-0.0102775828691,
55.545,0.161000000000001,101,101,2,100.25,0,-1.34296236907429,-25.5114437448147,-0.00692495362997647,0.000909430473516,-0.0117290311714,
55.546,0.161999999999999,101,101,2,100.25,0,-1.34210096371126,-25.3889718417563,-0.00694687657545501,0.000887164768855,-0.0159967490647,
55.547,0.163000000000004,101,101,2,100.25,0,-1.34126493116361,-25.2343978002724,-0.00696803796779477,0.00086184363096,-0.0211741284113,
55.548,0.164000000000001,101,101,2,100.25,0,-1.34045301947377,-25.1491413254438,-0.00698849145999247,0.000836408134921,-0.024438815368,
55.549,0.164999999999999,101,101,2,100.25,0,-1.33965886336365,-25.1707823416258,-0.0070084723974162,0.000813821273267,-0.0245465982803,
55.55,0.166000000000004,101,101,2,100.25,0,-1.33887701004573,-25.1263235232112,-0.0070281348769754,0.000795791946376,-0.0220741915406,
55.551,0.167000000000002,101,101,2,100.25,0,-1.33811322344867,-25.067121472777,-0.00704730341723803,0.000780124139322,-0.0186881313688,
55.552,0.167999999999999,101,101,2,100.25,0,-1.33739244294207,-24.9109643523919,-0.00706531503223573,0.00075630478618,-0.0188217268315,
55.553,0.169000000000004,101,101,2,100.25,0,-1.33674691001588,-24.8558235770835,-0.0070813780823471,0.000711108059615,-0.0277871013425,
55.554,0.170000000000002,101,101,2,100.25,0,-1.3362121800349,-25.1063736528077,-0.00709473622472956,0.00063486631675,-0.0480970194281,
55.555,0.170999999999999,101,101,2,100.25,0,-1.33582799266188,-25.3826063189325,-0.00710443483902168,0.000522808082155,-0.077673185494,
55.556,0.172000000000004,101,101,2,100.25,0,-1.33562432817439,-25.3752697066122,-0.00710960362741275,0.000375193289749,-0.1119802544193,
55.557,0.173000000000002,101,101,2,100.25,0,-1.33561615238009,-25.2526134930096,-0.00710981058898597,0.000199174745192,-0.145468950708,
55.558,0.173999999999999,101,101,2,100.25,0,-1.33577910864958,-25.3743414971694,-0.00710568559912872,1.548278312E-05,-0.1697994441662,
55.559,0.175000000000004,101,101,2,100.25,0,-1.33605051853553,-25.6732033491145,-0.00709875819495664,-0.000144152735291,-0.1741730037192,
55.56,0.176000000000002,101,101,2,100.25,0,-1.33637562473793,-25.7296744127806,-0.00709040249776649,-0.000254982695947,-0.1522107841828,
55.561,0.177,101,101,2,100.25,0,-1.33675926086051,-25.4505723122251,-0.00708058520206123,-0.000326556283519,-0.1136947160573,
55.562,0.177999999999997,101,101,2,100.25,0,-1.33727574997007,-25.123108766142,-0.00706752482429351,-0.00040593304262,-0.0856914509559,
55.563,0.179000000000002,101,101,2,100.25,0,-1.33803708816355,-24.863276311657,-0.00704849655224393,-0.000550087938642,-0.0964692487186,
55.564,0.18,101,101,2,100.25,0,-1.33916291425617,-24.7213427558537,-0.00702058472327849,-0.000797229838046,-0.1556175559603,
55.565,0.180999999999997,101,101,2,100.25,0,-1.34075788349602,-24.7023542168137,-0.00698117008508348,-0.001157222667047,-0.2501010772685,
55.566,0.182000000000002,101,101,2,100.25,0,-1.34290309765113,-24.708105512965,-0.00692817207627172,-0.001619299770259,-0.3567628323852,
55.567,0.183,101,101,2,100.25,0,-1.34565572420382,-24.6906884534371,-0.00686018386031151,-0.002162364399806,-0.4557480788492,
55.568,0.183999999999997,101,101,2,100.25,0,-1.3490535933011,-24.7398554729319,-0.006776204601465,-0.002763975596793,-0.5363323418785,
55.569,0.185000000000002,101,101,2,100.25,0,-1.35313482436227,-24.8305266942623,-0.00667505050975592,-0.00340930492307,-0.597162665542,
55.57,0.186,101,101,2,100.25,0,-1.35793475617064,-24.9621001298983,-0.00655554990311202,-0.004091832696163,-0.6433734215348,
55.571,0.186999999999998,101,101,2,100.25,0,-1.36348292175868,-25.1354775895391,-0.00641657507475202,-0.004808791718111,-0.6816976137047,
55.572,0.188000000000002,101,101,2,100.25,0,-1.36979078477924,-25.4706275384666,-0.00625696688518929,-0.005551604683895,-0.7143858304423,
55.573,0.189,101,101,2,100.25,0,-1.37683351004884,-25.9192564202458,-0.00607600446801371,-0.006300412465516,-0.7368552273843,
55.574,0.189999999999998,101,101,2,100.25,0,-1.38458135359706,-26.4803660320547,-0.005873012429646,-0.007033802078474,-0.742383886271,
55.575,0.191000000000003,101,101,2,100.25,0,-1.39301508392266,-27.0119698140486,-0.00564744246213422,-0.007742074097848,-0.7304797854817,
55.576,0.192,101,101,2,100.25,0,-1.40211279766502,-27.4882051928121,-0.00539952896656359,-0.008427159317414,-0.7088512575068,
55.577,0.192999999999998,101,101,2,100.25,0,-1.41186329326609,-27.8981587875372,-0.00512950671739532,-0.009094353274945,-0.6866738808979,
55.578,0.194000000000003,101,101,2,100.25,0,-1.42226322043125,-28.318601015342,-0.00483718161368074,-0.009749490512684,-0.6689443202039,
55.579,0.195,101,101,2,100.25,0,-1.43327755594725,-28.8527509796561,-0.00452232938729935,-0.010389420201185,-0.6541919889052,
55.58,0.195999999999998,101,101,2,100.25,0,-1.44486973891248,-29.5335939603442,-0.00418391679068009,-0.011003367245517,-0.6366971600217,
55.581,0.197000000000003,101,101,2,100.25,0,-1.45701372089202,-30.3363661120266,-0.00382038693257414,-0.011584368434754,-0.6118580810542,
55.582,0.198,101,101,2,100.25,0,-1.46965826643497,-31.1308447742455,-0.00343177445884635,-0.01212861134427,-0.5798574618492,
55.583,0.198999999999998,101,101,2,100.25,0,-1.48275123869137,-31.8180322737804,-0.00301968050845858,-0.012628904487962,-0.5420854636851,
55.584,0.200000000000003,101,101,2,100.25,0,-1.4962386836448,-32.5052440881571,-0.00258590218388122,-0.013076786051474,-0.4977545993852,
55.585,0.201000000000001,101,101,2,100.25,0,-1.51005831787945,-33.3629713867175,-0.00213076486110708,-0.013468759928687,-0.4468327316763,
55.586,0.201999999999998,101,101,2,100.25,0,-1.52412055871126,-34.3441119570443,-0.00165470820510905,-0.013792759429432,-0.3883538701623,
55.587,0.203000000000003,101,101,2,100.25,0,-1.53831286321198,-35.4184835031516,-0.00115966220633368,-0.014028477953335,-0.3179075206328,
55.588,0.204000000000001,101,101,2,100.25,0,-1.55255615914454,-36.3118573240213,-0.000648823970465173,-0.014168582829599,-0.2335187226639,
55.589,0.204999999999998,101,101,2,100.25,0,-1.56678392982108,-37.1835022918835,-0.000125986409273082,-0.014223340926202,-0.1431849366574,
55.59,0.206000000000003,101,101,2,100.25,0,-1.58091461003768,-38.0271561835439,0.000405402472637206,-0.014203301115364,-0.057922758269,
55.591,0.207000000000001,101,101,2,100.25,0,-1.59485473540435,-38.888258971865,0.000941507737593383,-0.014102640899603,0.0217865600826,
55.592,0.207999999999998,101,101,2,100.25,0,-1.60851873693252,-39.8262795959757,0.00147928552522103,-0.013914454670099,0.102731898407,
55.593,0.209000000000003,101,101,2,100.25,0,-1.62181096052046,-40.7598563015068,0.00201486999344525,-0.013635305297651,0.1892173682643,
55.594,0.210000000000001,101,101,2,100.25,0,-1.63463187948157,-41.7021943718554,0.0025434896279819,-0.01326236558196,0.2799975325377,
55.595,0.210999999999999,101,101,2,100.25,0,-1.6468664461274,-42.6351201607501,0.00305940487567113,-0.012786404654575,0.3757089762263,
55.596,0.212000000000003,101,101,2,100.25,0,-1.65839042642514,-43.5673020911209,0.00355610238349868,-0.012197296435987,0.4789987512377,
55.597,0.213000000000001,101,101,2,100.25,0,-1.66909031123992,-44.2760251802689,0.0040260591252661,-0.011489927557279,0.5906422292631,
55.598,0.213999999999999,101,101,2,100.25,0,-1.67884791151127,-44.9696161929238,0.00446147077249748,-0.010664428096639,0.7073298552516,
55.599,0.215000000000003,101,101,2,100.25,0,-1.68753394280811,-45.7038325076405,0.00485526697909222,-0.009718814942026,0.8260943942523,
55.6,0.216000000000001,101,101,2,100.25,0,-1.69504059692234,-46.4303258641072,0.00520107660858571,-0.00865368883441,0.945432932322,
55.601,0.216999999999999,101,101,2,100.25,0,-1.70129537662355,-46.8597199499675,0.00549283095102737,-0.007484904945107,1.0603695562212,
55.602,0.218000000000004,101,101,2,100.25,0,-1.7062484364703,-47.0129417671568,0.0057253094067562,-0.006239826068778,1.1605750509047,
55.603,0.219000000000001,101,101,2,100.25,0,-1.70988863598058,-47.2294951401623,0.00589684004310698,-0.004949717702147,1.2356992273118,
55.604,0.219999999999999,101,101,2,100.25,0,-1.71225762881436,-47.2814253535457,0.00600878788978321,-0.003652695608271,1.2786736377139,
55.605,0.221000000000004,101,101,2,100.25,0,-1.7134343331475,-47.1857214060168,0.00606436784025277,-0.002392668286538,1.2838495440596,
55.606,0.222000000000001,101,101,2,100.25,0,-1.71354060321025,-46.6860682549012,0.00606935572074008,-0.001213260602215,1.2469398621529,
55.607,0.222999999999999,101,101,2,100.25,0,-1.71276503744232,-45.9267186859085,0.00603344206712109,-0.000162849594663,1.1648945725147,
55.608,0.224000000000004,101,101,2,100.25,0,-1.7113195782897,-45.2313867858933,0.00596755940816252,0.000711983034133,1.0364364969565,
55.609,0.225000000000001,101,101,2,100.25,0,-1.70937693286403,-44.6752773736543,0.00588023102324087,0.001393647019128,0.8695555492825,
55.61,0.225999999999999,101,101,2,100.25,0,-1.70702685559151,-44.3379060039286,0.00577563709364881,0.00191571909781,0.6917370062414,
55.611,0.227000000000004,101,101,2,100.25,0,-1.70429446846517,-44.1717859463384,0.00565471572221554,0.002342540674611,0.5413745000116,
55.612,0.228000000000002,101,101,2,100.25,0,-1.70118737141021,-43.9118978672052,0.00551787344494414,0.00273010714878,0.4436201965757,
55.613,0.228999999999999,101,101,2,100.25,0,-1.69772763173601,-43.4960930374099,0.00536666899796501,0.003100476862146,0.3941839767177,
55.614,0.230000000000004,101,101,2,100.25,0,-1.69393953468182,-43.0300172030665,0.00520278434629518,0.003452454102425,0.3700109996808,
55.615,0.231000000000002,101,101,2,100.25,0,-1.68984363662406,-42.6006093860489,0.00502741718773336,0.003781930141264,0.3507446217731,
55.616,0.231999999999999,101,101,2,100.25,0,-1.68545140665178,-42.3750123091719,0.00484080095148443,0.004092457331045,0.3305417445536,
55.617,0.233000000000004,101,101,2,100.25,0,-1.6807774043093,-42.1569105309898,0.0046432497487956,0.004387862108984,0.3116751209458,
55.618,0.234000000000002,101,101,2,100.25,0,-1.6758520021707,-41.7747945275016,0.00443655104899676,0.004664890570256,0.2944286064915,
55.619,0.234999999999999,101,101,2,100.25,0,-1.67070256373321,-41.3122956543842,0.00422262512108773,0.004917193089431,0.275123573643,
55.62,0.236000000000004,101,101,2,100.25,0,-1.66534638281741,-40.8682217566709,0.00400253826157382,0.005144250291316,0.2521467066171,
55.621,0.237000000000002,101,101,2,100.25,0,-1.65980828071355,-40.4269368023647,0.00377742781725487,0.005348734528725,0.2278589077292,
55.622,0.238,101,101,2,100.25,0,-1.65412711132868,-40.0123636343793,0.0035489331717713,0.005526445931745,0.2032242764351,
55.623,0.239000000000004,101,101,2,100.25,0,-1.64834826825791,-39.6233323162111,0.00331883207689998,0.005667551306337,0.1747614448083,
55.624,0.240000000000002,101,101,2,100.25,0,-1.64249571006386,-39.1831675907823,0.00308822226350003,0.005771655501984,0.1409868294369,
55.625,0.241,101,101,2,100.25,0,-1.63658253805947,-38.8228387157165,0.00285759079716286,0.005848627800168,0.1070649800916,
55.626,0.241999999999997,101,101,2,100.25,0,-1.63063980327653,-38.400677628712,0.00262813135884699,0.005903856694853,0.0785888463732,
55.627,0.243000000000002,101,101,2,100.25,0,-1.62471416637153,-37.9849801026756,0.00240181452261368,0.005928736585993,0.0526472146712,
55.628,0.244,101,101,2,100.25,0,-1.61883475669962,-37.585934077653,0.00217965834073652,0.005916898098455,0.0229690786001,
55.629,0.244999999999997,101,101,2,100.25,0,-1.61300864594139,-37.2125672540983,0.00196176616407229,0.005877288167733,-0.0091544068898,
55.63,0.246000000000002,101,101,2,100.25,0,-1.60723485804938,-36.7659433106532,0.0017481980497962,0.005826403572468,-0.0346608971297,
55.631,0.247,101,101,2,100.25,0,-1.60152095138994,-36.2976033404361,0.00153945890690466,0.005771520382105,-0.0487017744315,
55.632,0.247999999999998,101,101,2,100.25,0,-1.59587643081289,-35.988791077463,0.00133544788653239,0.005711055204494,-0.055358208008,
55.633,0.249000000000002,101,101,2,100.25,0,-1.59031385074986,-35.7899544342716,0.00113581037717836,0.005640754247561,-0.0617413152332,
55.634,0.25,101,101,2,100.25,0,-1.58483731092374,-35.5337342161364,0.000940506866470514,0.005561350146163,-0.0700811664759,
55.635,0.250999999999998,101,101,2,100.25,0,-1.57944038158032,-35.310896519488,0.00074933513326414,0.005478468752383,-0.0777163457731,
55.636,0.252000000000002,101,101,2,100.25,0,-1.57412569978326,-34.9969230906546,0.000562503288733751,0.005396138224322,-0.0816729463497,
55.637,0.253,101,101,2,100.25,0,-1.56891534399686,-34.7171102900192,0.000380885830111311,0.00530805825777,-0.084220619324,
55.638,0.253999999999998,101,101,2,100.25,0,-1.56382566055875,-34.5426351815495,0.000204630740370249,0.005205451885111,-0.0907130568368,
55.639,0.255000000000003,101,101,2,100.25,0,-1.55885045812068,-34.3672509283425,3.32104236804298E-05,0.005091540842585,-0.101639851787,
55.64,0.256,101,101,2,100.25,0,-1.55397075344747,-34.1751682634586,-0.000134022957951174,0.004980897408624,-0.1095393589964,
55.641,0.256999999999998,101,101,2,100.25,0,-1.54916609497767,-33.9122203432975,-0.000297591282134135,0.004885840141645,-0.1069478664359,
55.642,0.258000000000003,101,101,2,100.25,0,-1.54443539648973,-33.5947992827341,-0.000457268959962676,0.004804984336265,-0.0954726785939,
55.643,0.259,101,101,2,100.25,0,-1.5397882178877,-33.267211336396,-0.000612628812490357,0.004727830516725,-0.0840056481077,
55.644,0.259999999999998,101,101,2,100.25,0,-1.53523875022102,-33.0549377032584,-0.000763494048811708,0.004642921287198,-0.0805910382881,
55.645,0.261000000000003,101,101,2,100.25,0,-1.53080157268966,-32.8593631044103,-0.000909730776072593,0.004545093906689,-0.0864580518255,
55.646,0.262,101,101,2,100.25,0,-1.52647647203237,-32.6391584746299,-0.00105137462543325,0.004437241509735,-0.0969594401479,
55.647,0.262999999999998,101,101,2,100.25,0,-1.52225443121573,-32.4134687278605,-0.00118870204906329,0.004327805767316,-0.10531989566,
55.648,0.264000000000003,101,101,2,100.25,0,-1.51812784665611,-32.3464004078974,-0.00132232058709292,0.004224321891729,-0.1071751787299,
55.649,0.265000000000001,101,101,2,100.25,0,-1.51408513153755,-32.2311133354,-0.00145285483264956,0.004130060604408,-0.1025026591568,
55.65,0.265999999999998,101,101,2,100.25,0,-1.51011917850274,-32.0700308999477,-0.00158036249172255,0.004044847325753,-0.094313661201,
55.651,0.267000000000003,101,101,2,100.25,0,-1.5062334906603,-31.8930488429117,-0.00170463277237332,0.003964902102224,-0.086347264717,
55.652,0.268000000000001,101,101,2,100.25,0,-1.50243616935441,-31.9655521637278,-0.00182587858546412,0.003883257439186,-0.0820354719195,
55.653,0.268999999999998,101,101,2,100.25,0,-1.49871404058039,-32.053752884224,-0.00194502263417462,0.003801273507294,-0.0812366118415,
55.654,0.270000000000003,101,101,2,100.25,0,-1.49504426459517,-31.9621835552057,-0.0020624847072952,0.003728980696941,-0.0789748147741,
55.655,0.271000000000001,101,101,2,100.25,0,-1.49141403591941,-31.7346939568784,-0.00217810182294897,0.003673617629022,-0.0701212240845,
55.656,0.271999999999998,101,101,2,100.25,0,-1.4878385608192,-31.4283490648677,-0.00229102076673371,0.003625666795933,-0.0582183202002,
55.657,0.273000000000003,101,101,2,100.25,0,-1.48434579391762,-31.1716879967079,-0.00240034443547188,0.003567088713286,-0.0533626784054,
55.658,0.274000000000001,101,101,2,100.25,0,-1.48094521499508,-30.9832121304141,-0.00250602575712833,0.003489922967457,-0.0609662067342,
55.659,0.274999999999999,101,101,2,100.25,0,-1.47763923567386,-31.0037439213967,-0.00260848955457504,0.003399855435856,-0.075459982606,
55.66,0.276000000000003,101,101,2,100.25,0,-1.47442162402171,-30.9349390338297,-0.00270813686856286,0.003307848900895,-0.0867786968774,
55.661,0.277000000000001,101,101,2,100.25,0,-1.47127796467777,-30.7991945101585,-0.00280517241142775,0.003221936260408,-0.0895966656108,
55.662,0.277999999999999,101,101,2,100.25,0,-1.4681929660029,-30.653668130833,-0.00289996341132337,0.003148246835682,-0.0840738441009,
55.663,0.279000000000003,101,101,2,100.25,0,-1.46515203839026,-30.4643190309478,-0.00299289109872802,0.003089375556922,-0.0729109456645,
55.664,0.280000000000001,101,101,2,100.25,0,-1.46216542718527,-30.2292015500695,-0.00308352507303766,0.003037854009014,-0.0611118032942,
55.665,0.280999999999999,101,101,2,100.25,0,-1.45925131543976,-30.0650617087839,-0.00317137718340632,0.002981156289441,-0.0552793186631,
55.666,0.282000000000004,101,101,2,100.25,0,-1.45641353794139,-30.0293321100684,-0.00325664444267204,0.002912961309212,-0.0585940462703,
55.667,0.283000000000001,101,101,2,100.25,0,-1.45365435776487,-30.0108875811866,-0.00333947533465562,0.002837098575957,-0.06704612794,
55.668,0.283999999999999,101,101,2,100.25,0,-1.45096603698051,-29.9804139110855,-0.003420113266003,0.002761501555424,-0.0734826935306,
55.669,0.285000000000004,101,101,2,100.25,0,-1.4483288428573,-29.9321684922665,-0.0034991138211069,0.002694240603662,-0.0731759137183,
55.67,0.286000000000001,101,101,2,100.25,0,-1.44573554724831,-29.8891211804111,-0.00357668096501129,0.00263936256729,-0.0660468977763,
55.671,0.286999999999999,101,101,2,100.25,0,-1.44318623930556,-29.7830283853995,-0.0036527423074233,0.002593268863387,-0.0559576112483,
55.672,0.288000000000004,101,101,2,100.25,0,-1.4406732419422,-29.581767270722,-0.00372733409489001,0.002551611068805,-0.0473982308474,
55.673,0.289000000000001,101,101,2,100.25,0,-1.4382026974395,-29.5387879516323,-0.00380036407622697,0.002511154678979,-0.0426281459515,
55.674,0.289999999999999,101,101,2,100.25,0,-1.43578679765223,-29.4556772365972,-0.00387162643417582,0.002466886946269,-0.041960214118,
55.675,0.291000000000004,101,101,2,100.25,0,-1.43343609766975,-29.4186739251578,-0.00394082440229226,0.002412733260462,-0.0460901157739,
55.676,0.292000000000002,101,101,2,100.25,0,-1.43114925874279,-29.3995398639478,-0.00400807829274186,0.002351101607261,-0.0534312900961,
55.677,0.292999999999999,101,101,2,100.25,0,-1.42891489170292,-29.282041191472,-0.00407363638802849,0.002290255677489,-0.0591525459541,
55.678,0.294000000000004,101,101,2,100.25,0,-1.42673056694673,-29.1258215965108,-0.00413742725834254,0.002235095920893,-0.0593757948479,
55.679,0.295000000000002,101,101,2,100.25,0,-1.42459700459075,-29.0088440196037,-0.00419944422540652,0.002184108721231,-0.0556138414686,
55.68,0.295999999999999,101,101,2,100.25,0,-1.42251653895424,-28.9701063252557,-0.0042597558323223,0.002132862060202,-0.0523168051523,
55.681,0.297000000000004,101,101,3,100.25,0,-1.42049118764659,-28.8868451797905,-0.00431834615852722,0.002079860353693,-0.0516953362629,
