####
#
# OBJ File Generated by Meshlab
#
####
# Object puma-fast-r-nitro-elite-3-3d-internal-wt-LR.obj
#
# Vertices: 7780
# Faces: 15624
#
####
v -25.2136002 33.5916710 1.4218343
v 35.8699760 34.9398880 182.8500214
v 39.5868225 33.3967819 208.1163940
v -38.4451065 1.7952213 29.6372356
v 20.8056850 45.0695000 215.8971863
v -8.0529556 56.5315361 249.9856567
v 42.7090607 6.1218252 185.6613159
v 40.9927330 27.9435062 193.1300964
v -46.9997406 21.5659657 42.3548279
v -48.0181007 15.5257215 45.5395393
v -40.1667671 33.0289383 29.4967060
v -8.9409771 49.0881348 233.1637268
v 42.5360756 15.6765594 214.4009247
v 17.7935295 59.9236984 278.3688354
v -23.5502319 36.5186272 2.3019171
v 43.4959412 13.4303751 213.8951874
v 38.2108307 33.6018333 192.3383789
v 42.5777245 13.1821604 219.1283417
v -46.8900948 10.5449343 43.3907318
v -30.6062298 55.5450249 261.1210632
v 38.6179504 31.0600739 188.9311218
v -3.4301856 56.9107132 250.8240356
v 26.1512966 40.3758583 191.8841553
v 42.1986198 23.4244061 198.3753967
v -20.1321564 51.7242165 273.7306213
v 42.1365967 15.2880487 201.2736816
v 4.5674682 51.9353600 239.9480743
v 19.1015816 58.8643112 278.0474854
v -5.7147026 48.0846558 229.5607300
v 41.8460350 22.3338356 189.6773529
v 40.8129425 24.3329964 191.0672913
v 37.6822510 17.2813511 169.5434265
v -16.4940338 45.3691330 269.7010498
v 43.8817101 7.8344851 201.1406403
v 16.6489010 26.9837494 245.3604889
v 15.4447041 49.5990753 232.2603607
v 42.4534378 4.6385179 183.0789185
v 41.8606567 3.4433868 181.3630219
v -5.8064227 60.3215485 257.9400330
v -12.7028418 53.0811920 242.4907074
v 20.6758347 57.8189507 276.1159668
v -36.8008690 34.7625465 21.3778152
v -35.3588943 30.8442020 15.4591455
v -40.6275215 0.1733807 34.5818100
v -31.1737747 19.0814972 9.7907410
v 41.4393768 7.7228422 183.3644562
v -3.7117896 49.0092621 232.3199158
v 37.5867653 39.6920395 211.3468933
v 42.2210236 27.9948215 207.1177979
v 19.5250492 19.7840614 233.4482422
v -38.6520004 -0.0612367 32.0678825
v 41.5689392 29.1085930 206.6016235
v 39.2095108 24.5945835 182.6263733
v -26.7442379 44.3234978 265.4196777
v 24.6923313 7.3160548 203.5657349
v 43.8807907 8.5788374 197.9932404
v 41.7266388 22.5209427 211.7811279
v -39.3308640 -4.2763247 45.6361694
v 5.8347840 45.1139259 219.8406677
v 0.5005630 43.9982567 217.0643921
v -36.0483246 21.5094433 16.1408749
v 34.6663055 35.2662201 178.8826141
v 16.7397881 59.6129684 279.9057312
v -20.1834908 62.1924400 260.4215393
v 23.4815254 52.6537514 274.7392883
v -33.4926147 21.5294209 11.9369926
v -14.8384180 50.8348007 236.9675598
v -33.0006027 36.8222160 16.2525043
v 6.7403002 22.2404976 237.1476288
v -40.2696762 1.2845002 32.7119904
v -20.5838184 50.7933006 273.1524353
v -38.9399986 33.6046219 25.3134632
v -2.3681908 27.6398621 246.1110840
v -2.5210891 60.0239983 257.2679749
v 39.9624825 10.5562000 213.3214874
v 12.0690165 49.8514175 233.6037750
v -33.0992966 35.3141060 14.5006876
v -8.1034575 60.4941292 258.1173401
v 18.3626690 57.8794174 279.3200684
v 28.0526657 43.0787086 202.7453156
v -17.6942940 47.2669945 271.3079529
v -19.1067238 49.9025154 273.2628479
v -39.7858162 26.8198280 23.0583401
v 17.8994560 44.6352386 215.5682983
v -15.0893021 21.6729813 -4.3901300
v -25.5191498 50.1511383 269.5543518
v -49.0745430 4.1629720 68.6645050
v 38.8168144 36.0498619 210.1152802
v -15.0656919 61.6131401 268.9045105
v 20.3508606 43.4468193 210.0661469
v 30.4099064 41.9882584 195.2660217
v -27.7941799 26.5206661 5.2295227
v 41.7627792 29.3135242 212.4768066
v -15.4995298 57.9887772 273.8730774
v -35.9585114 32.9185257 17.7458878
v -28.8525715 55.3010483 263.3902283
v 38.3880997 36.0075645 201.7357178
v 25.9816113 42.3671494 202.1279297
v -11.1854486 54.1678696 278.5932312
v 4.4406981 33.0290260 254.4674988
v -21.5069656 41.1964493 264.1811523
v 31.1858597 39.6314049 177.0736084
v -29.6664658 36.0419960 8.8925962
v 2.0206332 34.1352234 255.4923706
v 26.2332096 38.8463135 180.9863892
v 31.8144073 43.9807549 201.8859406
v -31.7444267 22.4220295 9.5954771
v 42.3416977 24.1250496 208.1490021
v -12.5034285 55.9071312 248.5535736
v 32.2936668 5.4410648 195.9118805
v 17.2211361 25.8982124 244.0081329
v 36.1971741 29.5928841 176.8509064
v -11.4880953 57.2718239 251.6018066
v 17.6073189 43.3833122 211.4780579
v -37.1418190 -3.1760523 39.0443726
v 42.5097008 22.2374191 203.5938721
v -34.4165077 34.6259384 17.3792877
v 40.4945221 14.5612326 183.4343262
v -42.7522049 -4.7123423 57.0306091
v 41.9247246 21.0252571 207.2083740
v 12.9796848 39.4749336 199.1002502
v 22.5698605 55.1148262 275.0187378
v -9.9022827 22.4061108 -6.2084074
v 18.7312870 48.0945358 226.8950958
v -7.2766380 53.7909431 244.1036224
v 6.4603739 41.5327950 208.2295685
v -32.3759995 33.3398476 13.9575338
v -4.5975661 54.2981949 245.2932587
v 20.3104897 42.7311707 207.4881439
v 43.7318535 11.8067961 211.5266571
v 43.3908768 11.6919107 213.3788605
v -39.2657242 28.5181370 22.6734753
v -28.9616375 19.0299282 7.2170963
v -40.7280426 -4.5244522 49.2802048
v 41.8873177 10.3688974 212.4550018
v -36.2352905 24.4701290 17.4663658
v -36.6724663 1.0625081 28.7103786
v 34.3384438 36.7997589 180.5906219
v -20.9468021 36.1526642 -1.1642509
v 42.2139969 22.4597301 194.0100403
v -21.3493099 35.6769257 -1.6256554
v -3.6536081 52.5774498 241.4445496
v -1.8424813 50.5787697 236.4865875
v 5.2551069 43.5619202 215.1895752
v -40.7079773 29.9251709 26.3204708
v 42.5668411 12.6368370 199.6265259
v 16.7877579 57.3991203 280.5806885
v -22.5413094 28.6200066 1.4396589
v -26.7509899 59.6248283 258.7603455
v 41.8475227 18.0946217 212.5685120
v 21.7114677 20.9437580 235.7561951
v -22.0911884 31.7467060 -0.7410511
v -10.9170618 49.8210068 234.2271576
v -1.4536089 48.8865623 232.1329803
v -30.0987778 56.5615349 259.6939087
v -23.4618683 53.1759262 240.1584473
v -31.4739895 36.3502197 12.5644093
v 19.9459782 41.4522705 203.6363983
v 41.8772392 19.5819855 194.9086914
v -33.9013100 51.2918358 259.6916809
v -27.3438702 46.1773033 267.2068787
v -1.6245641 46.0455322 223.4824371
v -4.3356385 51.1173325 238.4326172
v 41.5047226 21.1618347 186.5121613
v -6.9621177 50.7496529 236.9213867
v -6.3232665 52.3806686 240.8581238
v 24.3509064 50.1299973 273.8155212
v -19.3505516 53.3614960 242.4117126
v 40.1351280 30.2514095 198.0626068
v 12.9481325 43.2286453 212.1206360
v 43.8864403 10.7251644 205.9491882
v -30.6321793 21.0764275 7.9283314
v 22.5981808 45.3228912 215.8570709
v -26.7640018 36.3813629 5.3713765
v -29.8327866 36.5914154 10.1660805
v 38.3846321 18.9527168 175.8342896
v 37.5108871 31.0656147 183.5433655
v 1.0947734 46.6068344 224.9671021
v 32.1996460 12.6890354 219.0680389
v 42.0350342 17.0375023 203.9490051
v 32.5688095 39.4308510 180.9540863
v 41.8799438 25.0669765 207.5372009
v 22.9258709 16.7705746 227.6643219
v -12.8149843 62.9200668 262.0213928
v 32.5029449 36.5850716 174.4471283
v 21.9646339 18.2631321 229.7743225
v 39.4581108 13.5917740 178.4223480
v 43.7600403 6.5151563 195.3245087
v 36.4015846 8.4060030 207.4013977
v -3.4981809 40.9626389 265.5700378
v 41.8924866 13.4756346 194.0566406
v -41.9162560 -0.6481159 37.9188271
v 41.4680824 20.2284069 215.3190613
v -40.5755959 -1.5953845 36.9319229
v 20.1227436 40.3861618 198.3251343
v -8.4671068 48.1568413 274.4520569
v 6.2401381 27.3578758 245.8506165
v 18.4359608 59.4701614 276.9898987
v -36.9027977 31.6815529 18.2820530
v 2.9728146 29.1104870 248.1155243
v 28.0640316 8.2631817 205.3078613
v -29.0991192 48.9699974 266.1080322
v -49.8135147 9.1697044 56.3103180
v 20.9727268 56.2652473 277.4204102
v -29.1957970 24.0868416 6.8267903
v -10.9449205 20.0267086 -4.6768332
v 41.4190559 28.3948822 198.6648254
v 30.7071629 46.7871284 214.7919312
v -47.7760429 11.7737322 45.0786018
v -21.3112545 34.4761925 255.8690643
v -25.6933498 38.9117584 260.6351013
v -11.0920782 21.4080811 -5.7945704
v 29.1742287 47.1347084 217.7508087
v -26.8344326 23.0096703 4.1693573
v 40.2622528 3.4730237 187.4382477
v 40.5617943 17.3718224 182.9057617
v 16.8601742 19.4317875 232.5583954
v 21.5946770 53.3599358 277.0911255
v -48.9987144 7.4207845 55.6529884
v 18.7797661 24.4806786 241.8060303
v -18.9095612 62.5412941 261.7435303
v 4.0880308 26.6965981 244.4855652
v 17.3553696 17.7361412 229.0235443
v 30.7504921 6.4472790 200.5493164
v 25.9777489 44.9979134 212.2079620
v -2.3921499 37.6656036 261.1882324
v 3.1294343 35.7737579 258.6477661
v -49.3099327 3.8156490 58.2428513
v 0.1277809 27.0607185 245.0782166
v 4.4491472 17.0915012 227.3371582
v -19.5580711 60.8246422 256.8374634
v 24.9835663 12.4909515 218.0708618
v 21.3656769 47.5820656 224.3336182
v 40.3051796 21.5165539 180.6768799
v 34.4751244 42.3482552 192.5884705
v -22.3160210 55.5373802 269.5617065
v -17.0718880 29.3455982 -2.3814375
v 42.6423225 9.5692844 209.8082428
v -17.9655781 62.7323036 261.4105835
v 3.3037362 20.5354137 233.6101990
v -45.9119339 4.1008644 43.2212639
v 34.8611984 41.4528313 191.5976257
v -20.0508118 32.3324127 -2.6424141
v 40.1423492 22.8893414 181.9613342
v -27.2593613 40.0953407 261.2755127
v 35.7921906 38.3681068 189.1439209
v -29.5061932 44.2380943 264.4678650
v -20.2524605 52.6713219 273.5878601
v -20.8528347 29.2392330 247.9553375
v 22.6803627 55.4399948 271.5167236
v 33.0984192 42.6187782 194.1532440
v 6.9256940 43.2725105 213.9801941
v 21.0841503 57.3989258 274.4013062
v -25.5394669 60.6350479 256.9761353
v -23.4715424 35.4190941 -0.0989257
v -43.6799583 -3.3375194 46.8660469
v -25.6690826 60.3662949 257.6174011
v 38.2542953 21.7246742 173.5876312
v -33.3206444 55.1003380 255.9615021
v 12.0388594 42.0588188 208.3407745
v 40.0416565 11.6947889 181.0362549
v -49.4849777 5.9363737 57.2637100
v 41.9255447 27.8249454 202.2941132
v -31.0377827 51.4776649 262.7569580
v -8.9855900 45.4156227 271.0785522
v -10.0283537 38.5936432 262.2387695
v -48.1194115 20.3174133 45.0800323
v -28.2348518 59.3952560 256.1640015
v -50.0547256 14.6630669 53.8032074
v 39.2286263 15.4868927 177.1397247
v -24.6836834 48.6946640 270.0297852
v 2.9675245 32.7668991 253.4122772
v 34.8873291 45.3162956 205.6339417
v -24.1254616 19.9894333 2.1706574
v 35.3171463 44.4975510 204.4601746
v 18.2566528 43.7670937 213.1686249
v -35.1190834 22.6537342 14.6621819
v 43.1942101 5.8857832 187.8259125
v -21.8264713 23.3918324 0.0361783
v 42.9850044 4.4504695 188.7576599
v 33.9862633 45.7556267 207.3505554
v 41.8657684 17.6752701 216.1158142
v 3.3498216 24.3096123 240.0282593
v 41.7830048 26.2835732 204.8475952
v -7.4904628 54.6086235 246.0717010
v 42.3139839 23.9285946 203.9735718
v 26.1083145 41.2018471 196.1227417
v -14.8346148 22.5059948 -4.2728715
v 35.9393120 42.3044472 204.9153900
v 6.5040665 30.6303596 251.2444305
v -14.9244127 40.0870552 204.5928802
v -34.4077072 53.0882835 236.1609955
v -5.6608181 12.6715937 200.9797668
v -6.6608496 11.8757658 201.6495056
v 25.1712456 36.6670265 161.7420959
v 26.0040245 36.7420387 161.9711914
v -27.7186832 10.8999939 17.1919212
v 21.3946590 36.4407768 155.0820770
v 36.6694031 41.4348221 209.5357513
v -3.9003606 11.2409000 198.4290009
v -28.6673431 20.3494320 231.7972107
v -32.6502419 44.2622452 213.3840332
v 21.3237438 56.7930374 276.6498108
v -49.4271126 4.0882483 65.5084915
v 21.7317963 34.6106300 149.6092529
v 22.3048286 35.2102776 151.3914795
v 22.8430119 33.9845505 150.3811493
v -46.6164742 -2.9443209 64.2323837
v -22.0282650 57.3576050 268.5416565
v 33.6496773 8.0338898 205.8811798
v -3.7909732 8.2429142 199.9135437
v -33.0590439 39.9744415 258.6367188
v -7.9375505 9.0011683 201.7915497
v 5.0065312 15.1926689 222.8866272
v 26.1432266 19.7435036 146.0341339
v 25.7770100 18.8895988 144.7981110
v 15.5059204 39.1230392 196.4336853
v 22.2808380 37.1371689 172.3933868
v 22.1460419 37.1652527 159.3936310
v 18.5719662 36.1460915 164.6071167
v -2.2401109 44.1583557 217.6318359
v 22.1863804 56.3159676 274.5623474
v 19.2184391 55.3093262 279.1643677
v 19.7408104 37.3453445 181.5015717
v -40.1864052 3.0310335 31.7029533
v -32.5883141 54.8994637 258.4290466
v 30.7446728 2.5782981 155.1492157
v -6.7105937 46.3340302 224.5798798
v -1.3294696 36.2507019 187.3775024
v -14.6067448 24.9580956 -2.7473183
v -19.0679550 59.3539810 254.1577759
v 39.1023483 17.8259392 175.8055878
v -48.0911255 10.3677216 50.1511002
v -16.8198872 60.1017303 256.3141785
v -12.9726601 50.1646767 234.8007355
v 0.9747484 38.7143631 198.5005188
v -44.0283165 4.7273431 38.5087242
v 10.7073059 34.6933174 158.3402557
v -11.4463034 45.5860939 221.6661835
v -41.6409912 24.6899719 29.6721153
v -12.1484480 46.5604210 271.7879028
v -0.2554693 23.0438156 238.1709900
v 8.7706490 60.8396301 283.1612549
v -26.1879215 18.1752205 5.6632080
v 34.9921570 45.9380302 208.3392487
v 10.9434309 59.7331085 282.9592590
v 34.9286308 1.1230028 170.3060913
v 25.2424583 37.6607323 165.8751068
v 11.5818291 58.1937866 282.8831482
v -27.4826031 49.7979164 230.9849243
v -43.5788383 26.6581898 32.6348228
v 1.2757163 62.5481110 282.3932495
v -5.6391931 49.2362480 232.6351318
v 24.1423092 17.8693771 230.0509338
v -13.8600321 20.9806461 -4.4513578
v 4.2835512 61.4340706 283.4043579
v -0.0873617 60.9749069 283.0086060
v -15.4314117 39.9487953 204.3955231
v -1.2544886 59.3547020 283.0599976
v 2.6091058 59.9392433 283.7692566
v 3.5417764 58.8976517 283.8148499
v 6.1986647 59.8544464 283.7544861
v -30.9556694 27.5297985 8.6821327
v -23.9860420 47.6105614 225.7304993
v 3.8499706 57.3996506 283.4845276
v -43.0227814 7.2794194 36.8315620
v 6.4925036 58.2860832 283.7111206
v -27.8521080 3.7581775 21.3457355
v -33.7829742 3.2331171 23.6961823
v -14.1592579 37.6793823 194.7260895
v -47.2909813 -1.6165336 66.1701889
v -22.6888256 50.6853600 234.1664276
v -3.2402885 60.4871445 282.2225342
v 42.4835014 4.4909797 191.3907166
v -2.3814051 57.0871086 282.4942627
v 28.5525608 5.5027456 195.5644684
v -42.0829811 23.9963398 30.7522202
v 8.8902149 59.1298027 283.5093079
v -33.5378189 8.8988695 23.5046978
v -3.7637870 58.6046181 282.2704468
v -15.4187107 61.3614960 258.7158508
v 9.5435019 57.4357491 283.2630615
v -21.0538502 60.6160355 265.3484497
v 43.5620880 6.5508337 191.6936493
v -8.0246773 28.1531620 246.7638702
v 25.3490906 11.3647270 147.6066895
v 15.5450869 2.1920307 180.9963379
v 43.1791840 7.8606849 191.4006958
v -17.9565258 32.5232086 -4.0771494
v -26.2878494 22.0393124 3.0892496
v -6.6192083 43.9717102 217.1411133
v -23.4669018 24.8315163 1.4290576
v -11.3140926 15.9924574 224.0643463
v 14.0818386 60.5899429 281.1075439
v -28.4701385 22.0753880 235.2617188
v 2.6947639 53.6098099 243.8282623
v 13.5081577 59.0966988 282.0220642
v 23.2181053 38.2593422 182.8728027
v 12.4606571 35.6686287 153.3853912
v -40.4434242 54.0195808 240.5430450
v 41.7988548 26.6001472 209.1553192
v -46.4476624 6.2725334 43.6128235
v -42.8626366 49.0055161 244.3496246
v -40.2656326 48.9738846 250.3284912
v -29.9603004 58.3812752 249.9913635
v -4.5620990 9.4339581 201.4451294
v -15.5465631 50.8171921 275.0024719
v -4.5197444 8.6793861 202.0818024
v 31.7628708 39.4090004 178.6855774
v -43.4837532 9.5594215 35.7064667
v -6.2271228 9.3711872 206.8224335
v 4.4791260 55.7257423 282.6475830
v -49.6609154 7.7245398 64.7794800
v -18.9645443 33.8573227 255.2203674
v -43.6186752 22.6167202 32.7668419
v -45.9342728 -3.5353043 64.3159256
v -16.3813953 49.9760208 233.7630768
v 42.1119270 27.3197041 208.8322449
v 35.1617622 15.8449984 162.4827728
v -35.8073463 53.1537857 254.9559631
v -36.0695343 52.4578171 255.5180054
v 24.2721806 32.3573685 151.3406525
v -21.6664619 54.9392815 244.7751160
v -40.6283875 37.0543747 252.2438507
v -49.4895782 7.1798701 59.3890114
v 29.2579575 38.1761246 171.4119110
v -17.4415741 20.3789940 -2.3179505
v -49.2330322 8.0936499 59.4557953
v -14.4664726 58.2330093 273.2244263
v 36.1421204 22.7942104 168.2668915
v 5.2637763 20.2199440 233.2415771
v -19.1817970 52.8753433 241.0768127
v -19.2349892 22.5421829 -1.9758338
v 9.0903635 62.9235115 281.8411865
v -8.8593254 56.3435249 280.0327454
v -10.2985983 57.0091820 279.2597961
v 3.3482723 20.2940540 232.3850403
v -46.0413208 45.3606567 239.7598724
v -49.4836960 11.3033466 61.0560265
v -12.8675900 32.8403091 253.8866119
v 21.2077923 33.2540665 147.9373322
v 32.8532410 0.6975515 163.9650421
v 36.5352478 15.7633247 166.3268280
v 41.0411644 12.6279831 186.8415375
v 11.4866266 39.7860374 200.8514709
v 24.5390205 24.7478027 148.9463196
v 40.5431862 30.7881317 208.0212860
v 7.4593678 56.4877625 283.1375122
v -0.3985458 32.8669510 254.0167999
v -2.2213910 58.0637970 253.2208099
v -16.7241821 51.5970764 238.2115631
v -45.5567627 -3.7833815 56.1991844
v 16.4917431 56.0657234 280.8881531
v -48.8261719 10.9379320 54.0009766
v 1.4261574 33.6610413 254.7014008
v -48.4258232 0.7834166 65.5190430
v -31.8619347 56.9417763 246.0243073
v 12.6433239 35.2182961 173.0453949
v 20.0184746 37.1077881 178.7137604
v -49.4620667 12.1007910 59.0064774
v 20.3548508 33.8767357 146.2581482
v -6.2186794 58.5403214 281.0132446
v -13.3581886 44.0042267 216.2532501
v 34.0718575 24.0753536 164.1825256
v 39.7847328 2.2568302 176.8316803
v 34.3614426 25.5695171 167.5849762
v 4.9244475 35.7696228 183.6136932
v -40.4538841 25.4505692 25.8328724
v -36.3221931 2.5982957 26.5856991
v 3.3996677 35.7318611 184.1352997
v -7.9523239 46.7224693 225.5445099
v -32.5602531 -4.3150845 45.8072395
v 22.8018150 26.5347290 146.4940338
v -34.5112915 49.5503502 259.3566284
v -21.9297142 36.2591705 258.5859680
v -45.6986313 11.0084658 39.9997826
v -3.0751469 37.9654427 195.9112701
v -5.3886261 40.2728310 205.5913086
v 5.7140923 39.5594711 201.1445465
v -16.8244705 49.0907059 231.3913727
v 23.8594055 24.9584885 148.0100555
v 0.3919795 39.2085266 200.8286438
v -48.5499916 2.4545853 54.7400703
v -7.7175350 41.9018631 209.5868530
v -40.8853416 27.4396248 25.9275799
v -11.6029921 41.4943733 208.0802917
v -50.3609428 15.1351690 55.7836723
v -8.6879148 47.6972961 227.8994904
v 15.6475801 35.7355423 160.2903290
v -17.6022797 45.0564232 219.3061523
v -12.3689146 55.1153831 278.4122009
v -24.6680660 9.8518496 16.4950371
v -5.2150369 39.3527527 200.4823151
v -10.5905867 40.0570030 202.8292542
v -42.1236115 10.8479300 33.4155998
v -1.2602901 40.2268333 204.0455627
v -3.7655456 41.2695122 208.1438904
v -10.1264992 41.6578941 209.5487061
v 0.6312168 58.0628052 283.3466492
v 0.9485010 56.0746994 282.5932617
v 28.2295780 12.1588421 151.1523590
v -42.1230087 -2.0666590 40.3899727
v -27.9298916 47.8185616 225.0504303
v -43.5332108 -0.6942145 41.6647911
v -29.0037651 18.8830242 228.3546906
v 7.7019687 62.2740517 282.7199402
v -48.5246162 6.7320294 51.4272919
v -22.8621159 43.5681915 214.0099182
v -4.8765321 37.0788994 191.1197510
v 25.9116173 3.1973779 186.8875275
v 11.2230930 14.0097313 220.9028625
v -37.0168037 6.5275993 27.2151585
v -38.1422348 27.7481575 19.4920578
v -48.2706909 7.4691010 49.0319710
v 1.7733468 18.9486332 229.6751862
v -42.9351349 1.8530186 37.8732262
v -33.4840469 56.5612564 250.8396454
v 9.9523821 55.6025429 282.5942688
v -15.3631086 39.9652710 203.1557312
v -16.3523273 40.2952995 204.1512909
v -47.7729683 8.3940468 48.1730614
v -20.8569794 40.9198837 204.8032227
v -49.7416534 20.0109158 52.9129295
v -35.8013916 5.6224957 25.7379761
v 36.4288902 14.4176874 167.6186218
v -34.8084831 44.5332565 260.4049683
v -31.1040955 1.9845773 25.1022625
v 37.4689713 12.3280687 171.1586456
v 24.4828072 1.9963049 180.6709137
v -49.2945786 10.5959816 57.5604897
v -39.4180374 6.9851890 30.4803982
v -5.6215224 56.6057091 281.3221130
v -6.5037346 54.3612480 280.2069397
v -3.2423568 55.1621170 281.6124268
v -46.6509705 35.6493111 245.1053925
v -30.3496571 8.5114470 20.8958054
v -49.7787209 12.2038069 54.6874237
v -27.5024433 8.8402748 18.9511814
v -42.0944633 22.1205273 28.6285915
v -0.0389962 30.9034004 251.2135468
v 31.1497192 36.9096451 170.8008423
v 3.4342113 18.0043774 228.7069855
v 1.4400046 54.2415619 245.2198486
v 24.4889317 1.0708268 173.8685913
v -37.2900772 48.2201347 223.0177612
v -30.3744984 30.5193214 8.9760580
v -21.1944981 20.3144836 232.3596191
v -10.6680260 36.5209579 187.3562469
v -36.5579643 55.5624313 244.4050903
v -40.9761543 -4.0054007 45.5676689
v -50.6772804 17.1671219 57.1881866
v 21.9694977 28.1208363 144.0973816
v -35.6012497 -4.0196328 43.4895515
v 2.2613933 15.5557375 223.0860291
v -38.3378754 51.8680229 251.7177582
v 21.6685028 0.8194535 169.0934753
v 23.1641769 1.1734012 169.9925079
v -22.0633430 27.4802513 245.0274963
v 22.5964928 0.9996433 171.4525299
v -25.9335232 20.2265358 231.9660645
v -39.3326263 48.8758163 252.3176575
v -40.0789528 54.1827431 239.5147552
v 9.1915903 39.3920059 199.9456482
v -28.2696171 34.3506737 5.3406739
v 42.1574326 16.3559952 206.6447906
v -25.1694260 8.1341991 17.6166077
v -39.9044189 22.4950695 23.8280506
v -41.2817078 52.8975372 240.0130463
v -4.1513982 12.2572002 199.2268829
v -38.1667480 38.6902390 255.1837006
v -33.9409447 47.6430588 222.7656860
v 22.9566135 24.6186466 146.3448944
v -35.3025703 55.8688049 242.6334839
v -38.0408440 24.2240105 21.2973900
v -35.2175980 56.4445305 245.0497894
v -27.6797295 47.7599602 267.6522522
v -39.6672935 51.3906174 248.2148132
v 38.9987946 7.9186058 174.8794403
v -32.9977493 34.4168739 253.4728546
v 26.6699257 17.6269035 146.1669617
v 17.8190575 45.3547287 217.9429779
v -32.5223694 31.3490372 250.5238800
v -29.0667343 9.8039608 19.4639702
v -42.9721756 51.7735214 230.1607513
v -42.7929611 -4.4066348 50.9396896
v 23.3240395 0.2819301 163.8144684
v -36.1216545 23.5522232 17.0704498
v -4.4423285 8.6071577 203.3344879
v -35.2257614 27.6719151 244.5792542
v -33.7029114 56.9408531 246.1911774
v 28.4336834 4.1668119 191.9850922
v -38.7669220 26.0084305 21.2841873
v 27.6852570 9.9060202 151.3087921
v 15.6174908 41.5010071 205.2934113
v 32.8775558 23.1949043 161.1242218
v 4.4272151 42.4991112 211.7141571
v 22.7941418 35.2785301 152.0358582
v 25.0239773 35.3795357 156.2909241
v 11.0169239 1.9066350 179.0946045
v 29.8146973 38.6604042 173.6362305
v 26.2251701 33.9503784 156.4876862
v -36.3704720 -4.5985284 49.1637306
v 26.3937283 31.2443085 154.5458832
v -26.4258614 35.4415588 256.5914307
v 28.6377239 38.8392906 174.1605835
v -26.0663757 29.8716011 4.2588892
v -43.3668289 51.0414810 237.9851685
v -40.8571434 11.7473021 30.8866692
v -36.2216682 46.3121605 257.9309998
v 29.1476173 28.7981071 158.1981049
v 31.0204372 24.5188084 157.6176758
v -34.7088470 36.5160103 254.7121887
v 29.0930729 5.6159692 153.5384674
v 37.2024307 18.2815552 170.5892639
v 31.1900845 20.1235790 156.8338318
v -37.0920143 14.9639950 22.0085316
v -3.8915851 9.1395369 198.4260254
v 6.0791750 13.8825169 219.4859772
v 36.9409523 10.2778492 169.5555725
v -38.1555748 26.4579830 19.6883144
v 16.7544422 29.0613785 249.2838898
v 41.2968254 16.8903637 189.5024109
v 26.1938076 36.1219788 159.8596039
v -34.4788246 0.6954230 28.2903271
v -38.7892914 29.2337170 246.1034088
v -3.2822218 7.8754401 201.5735474
v 35.6469688 10.9305468 214.5043488
v -37.6464081 -1.1035056 33.2462349
v 26.9590778 6.2626042 200.1246490
v -5.6238818 9.7393885 202.1842651
v 14.7316113 56.8729935 249.9034424
v -23.0413132 22.6598148 0.6161517
v 34.9484711 5.5163040 163.0478668
v -24.5998917 23.5784817 2.2310081
v 34.8592834 14.2906094 163.0170288
v 33.0094948 2.6145647 158.4911499
v -47.1791458 42.7025871 240.9756622
v 29.6609497 4.7194281 192.7378693
v 35.5530968 2.9810879 162.9999390
v 8.9801989 41.5228271 207.0926208
v 33.0596390 5.3250647 159.4495087
v 27.5713062 35.3003311 160.7231293
v 29.5838871 14.6205435 151.9574738
v -39.2645760 10.3962793 29.3206902
v -45.0683022 25.5263233 37.0076637
v 41.0872879 18.0084343 187.7080231
v -47.1529388 7.1801324 45.5049896
v -17.5056305 10.1884470 12.4506264
v 14.1131754 36.2293892 180.9269867
v 19.7703915 36.7310066 161.3763275
v 23.8851280 54.5568657 271.2538757
v -4.1835108 44.3759804 218.1827545
v 22.6185226 36.1522827 156.4939728
v -24.5581474 17.2437077 226.2230682
v 31.5277538 27.1092339 162.0418549
v 22.8095436 14.1980591 222.1797485
v -9.3297729 21.2212563 234.7047272
v 16.9463539 35.7328377 165.9650421
v -28.0781403 55.9271660 244.6138916
v 14.7314110 35.2936440 166.4369659
v 11.9399014 58.9099541 254.7586365
v -10.7144670 43.4379539 214.3713074
v 17.8836365 37.1422195 148.9244995
v 31.3342247 1.3709959 155.9808502
v -31.8902092 -1.8120234 33.7664261
v 16.1092949 36.0768051 176.4653778
v -14.4133434 48.3400383 229.6729431
v 24.9651756 25.9663563 149.7170258
v -44.7010727 8.5660372 40.2008743
v -33.9458961 37.2887001 19.6498604
v 32.6182442 3.4035854 188.5063019
v -11.8246174 37.5319138 192.4285126
v -38.6018562 11.9173965 27.3294296
v -42.2117844 3.7824080 35.0791931
v 34.3990822 1.0761279 162.3599396
v 29.9462147 4.2475662 192.1213226
v 25.8460236 51.5560760 269.0471497
v -26.7520103 -1.1738565 32.1328964
v -2.9988754 40.2537689 205.1148529
v -16.6723442 38.1317825 194.7584381
v -37.0070572 29.9755096 17.7712059
v -49.4784660 23.1830292 54.2126694
v -24.3517990 30.0559425 2.4075673
v 4.6071682 35.2783699 180.9943237
v 5.7483573 38.2753754 197.5018463
v -21.1175194 57.4102898 250.3701782
v 28.1969795 18.3752213 148.5919952
v 29.9259205 17.2459240 151.2363434
v 24.5796337 53.1780128 271.8115540
v -4.0848122 50.1365166 235.1162872
v -9.9858017 43.9410172 216.1945038
v -41.2097969 4.7878051 33.0354500
v -11.3632641 44.4705162 218.7565613
v -44.8484001 27.1496372 37.7153931
v 36.6141586 22.0645809 169.3913116
v -46.9422188 41.5375748 242.6448364
v 37.5790901 22.9833927 172.2066650
v -35.3547935 29.1876392 14.7803307
v -5.4923978 42.2571030 210.6463013
v 41.5360565 25.8777008 200.0651703
v -23.4491024 31.9612637 252.0841217
v 24.5198174 23.6790676 146.5103607
v -9.3365355 38.5035973 196.5035858
v -11.5276585 42.8793030 212.5730438
v 38.1917648 7.1766973 203.4414825
v 30.5959530 10.1198168 155.4685974
v -48.9926834 18.7765064 47.7070847
v 2.4895954 40.1358871 203.6151428
v 40.1830559 24.0035229 186.1079559
v 30.1594677 8.4214964 155.0611267
v -44.3607292 35.3971558 248.2556152
v -7.8114777 42.9597435 213.4389954
v -48.3095856 18.3455772 45.1367455
v -15.8269653 45.9702148 222.9775085
v 25.2810917 37.9077225 170.0259094
v -21.9728050 7.7728801 15.9502077
v 36.9156265 40.1094093 244.3691711
v -19.8851719 43.7656517 214.9761963
v -22.7543583 48.9520035 229.6360168
v 30.6735992 1.4262329 176.2525177
v 30.8080692 1.8232009 179.2976532
v 41.2235298 3.4642148 178.0918732
v 32.6908379 1.3322520 174.9630280
v 19.2909126 34.6815376 146.6437988
v 18.9965954 0.8770652 170.8236542
v 27.9814739 2.5549488 183.2401428
v -18.6510315 9.5709085 13.6667099
v -39.2162743 4.3160930 29.8921947
v -26.9042435 47.2595558 224.0663147
v -16.0141563 47.4358253 226.7073517
v 18.1203575 37.0443726 152.9908295
v -10.4031258 39.1427765 199.4027710
v -13.6052618 39.7854347 201.6170197
v 27.2160759 8.1343708 151.1739349
v -36.7468376 53.8630142 250.4170990
v -35.4025574 48.9151382 225.4755249
v 23.6901131 3.6373887 189.3648071
v 23.8026543 55.4506836 265.0366821
v -41.5307083 28.4333267 29.4753799
v -33.7351532 24.6804333 12.9791069
v 42.9336128 6.2921453 199.1431885
v -34.0473061 53.5175362 257.8317871
v 19.5937157 33.0700188 145.5162659
v -20.7786751 11.9015484 11.2040787
v -38.1196175 3.2079413 28.3775082
v 20.7728577 32.3876152 146.8209076
v -17.1813030 41.1168365 206.3299713
v -45.5710564 28.8581676 44.5949173
v 43.5002594 5.7414241 195.0965424
v -30.4001884 49.7906380 229.5693054
v 13.0269718 34.9774170 164.2556915
v 37.2163162 3.6040964 189.2804413
v 9.6461058 34.4796371 165.8444061
v 40.9964447 2.8172159 179.0205231
v 26.7780094 1.1134310 170.2097015
v 20.5961571 39.3681984 193.1049347
v 22.7604370 26.5617561 146.7688599
v 28.6598988 1.0346575 173.1031952
v -28.6915455 29.3456707 6.7780910
v 35.3752785 19.3024368 166.7951355
v 25.6792259 1.9628021 178.4365540
v -41.1316795 30.3540325 27.7872753
v -25.0458374 45.6390152 219.8761597
v 27.1498260 1.2698443 174.9395905
v -41.0888481 31.4758720 29.0150089
v 39.5917397 26.9262085 186.8865356
v 16.7961712 37.3225784 149.9013214
v -19.1970959 36.5511627 -1.2083621
v 22.9922447 1.8325723 179.4268341
v -31.3720303 24.0911331 9.5990734
v 28.5160484 1.4912513 176.0994263
v 5.4015856 40.4583244 204.5777283
v 7.4524555 13.9730167 220.2902374
v -36.8331871 -3.7759380 41.8624802
v -31.8241749 48.2540550 225.4728394
v 19.2087002 3.1358457 186.5630951
v 43.5647278 8.2509670 204.4920654
v 39.3552094 2.0782232 173.3698730
v 28.0759468 38.4175339 171.5172119
v 37.9826126 1.6859401 173.1253967
v 29.8989792 37.3240662 167.7031403
v -37.9163933 52.8476753 234.1140900
v 10.0502253 5.2969766 195.6286011
v -7.1860013 10.7903566 201.8545227
v -26.5894928 32.6565247 3.5068309
v -10.9569578 15.6874628 1.5258757
v 34.6679878 1.8921906 179.3821259
v 27.1017284 0.2408090 161.5796661
v -34.5335274 -3.4332497 41.1255264
v 32.6571350 2.8554165 185.7852173
v -15.6928911 39.7460365 201.3892212
v -27.0408821 34.2684059 3.7228978
v -26.9248829 15.9818106 9.1255369
v -5.9113584 43.3294334 215.5576324
v 36.7384186 39.1414032 196.9914398
v -8.9121990 44.4080009 217.8706207
v -19.1203098 41.7211037 208.8377228
v 1.5249679 14.1904678 218.9248199
v -14.2437706 46.7806396 224.9327698
v 41.3939018 2.9545870 181.8827972
v -18.2015476 49.2522736 232.0155487
v -33.2849274 11.8568087 20.8496704
v -12.0568924 20.0101490 232.3109894
v 28.7569942 39.6106949 181.4794464
v -4.3610420 14.4605103 220.9762573
v -27.9222183 53.0974922 238.5123444
v 43.3021736 13.9535074 213.1604767
v -38.6779556 32.3425713 22.2997417
v -39.2397881 54.6508789 241.6860809
v -30.6278038 58.5825653 251.3554993
v -31.2037239 57.9012604 252.8490601
v -38.3067207 50.2555122 253.0516663
v -34.6240463 50.2904816 229.2708740
v -24.0670547 16.6589031 5.9581623
v -18.0662670 40.2874527 203.0350037
v -39.2360153 48.2609825 253.4254150
v 23.8467541 53.6350670 266.9413147
v -34.3272781 51.9550056 258.4418335
v -22.4188156 41.4228935 206.3484497
v -39.8835678 52.8047981 233.3882751
v -31.2621841 45.3227119 264.3707581
v -48.6932716 24.9255772 51.0346718
v -47.1917877 22.4092655 44.9990807
v -37.1565361 53.9176178 236.9600220
v -34.4365540 56.8315239 246.6927643
v -2.2524633 42.6927567 212.6098022
v -41.1601791 53.5650330 236.3692017
v 27.5633659 15.9239655 226.5035553
v -36.8812904 54.9801788 246.6298523
v 40.4670448 2.7518141 175.9008484
v 24.2905254 21.6594315 237.3666687
v -5.9206491 44.8712730 219.4219360
v -33.1462250 5.7292180 22.9664097
v 33.1178513 38.9404831 181.4877930
v -42.9670944 47.0760765 246.0105591
v -41.3102417 49.1946220 248.4426575
v -43.0775261 25.6165161 240.9470978
v -39.5631218 27.8089542 244.4962769
v -38.2252007 46.7540741 255.2798767
v -41.9344826 46.3852119 250.0217743
v -48.5647812 21.4162960 49.2779922
v 16.6738472 37.4537430 145.4829865
v 33.3265610 19.6504536 161.5673828
v 28.6261673 37.8068619 169.0826874
v -35.3768234 55.2982178 250.0641632
v 32.3903618 24.5804176 160.5510101
v 17.4269009 35.7016068 143.9503021
v 20.8528862 26.8390408 245.8856964
v -35.8575211 51.9494095 256.0350342
v 40.6793480 10.5036955 183.3040924
v -33.3716965 29.7667999 248.2562408
v 31.6355343 21.0677700 158.6361084
v -28.3565216 6.5722194 19.2772102
v -28.1937656 33.2971153 253.9268799
v 14.6962194 1.4362863 175.6911163
v 24.7299767 33.9888191 153.7507172
v -8.8822241 20.8081951 -6.0563850
v -17.8020554 39.0709305 199.1032715
v 37.2288322 2.2433786 166.5300446
v 21.5387325 27.4163361 144.8825378
v -5.0619774 13.4026871 199.4742584
v -5.7428217 13.5135040 200.0216522
v -34.8994026 41.7376900 259.4740906
v 35.4099350 20.6321106 167.4755096
v 19.6477795 26.6398640 244.9315186
v -9.3366938 21.9160233 -6.3952298
v -29.8937454 23.2869034 7.6414685
v -38.0505371 20.1604156 19.7966309
v 35.8266487 17.5175037 164.6083069
v 2.7657425 14.8669930 220.4632874
v 26.1431961 27.1445160 150.1872559
v 28.9952679 26.8759804 155.5991974
v 43.9907951 9.1840391 203.2200012
v 30.6257477 22.6768837 157.1464539
v 27.8447247 26.1748390 152.4715271
v 16.5168171 38.2254677 190.7358704
v -35.9711800 11.8855419 23.9115143
v 38.1480865 9.2622271 172.9087524
v -31.6553040 31.7230721 11.4217777
v -35.7659035 46.6844978 220.0450439
v -44.3272133 -4.2228651 54.4565659
v -4.0009141 11.7481270 199.6587067
v -3.0097961 18.4929771 229.7929993
v -28.4802380 44.0431747 213.8754425
v -4.3696775 12.1420536 200.4951324
v 39.0465126 4.1172347 171.1139069
v -5.1743612 11.5427828 201.5191803
v 24.2883892 37.0165749 161.0279846
v 39.1622276 2.3625348 171.5462952
v 22.4850693 37.2522736 163.2697296
v 19.5551510 36.8697090 152.5934753
v 20.3127232 36.1302185 151.0932770
v -31.3140106 32.5256386 11.6379604
v -6.3994532 8.9197292 204.4185791
v -26.3624783 1.7852997 25.4056683
v -38.7300224 30.0344887 21.2746658
v 28.2115898 37.1617050 166.0814819
v 9.1106710 37.0182457 189.1113586
v -44.8033714 -4.1901226 59.4885902
v 1.3779715 42.8978615 213.6613159
v 36.8869743 3.8868692 166.0225983
v 26.2055340 29.0497761 152.2789612
v 30.3914890 33.4211807 164.9973602
v 28.6692219 36.4228973 164.6424866
v -29.6999130 57.1712189 246.9035339
v -38.9600029 28.9906521 22.1586990
v 27.2398052 23.0148239 150.8791046
v -44.3054504 40.4301491 247.1862946
v 32.5176048 32.1831474 169.2235413
v 29.8340778 18.2751045 151.3170776
v -32.6232719 57.4519806 249.4627380
v 10.4870949 2.4597721 182.5376434
v -33.0734825 57.0262489 249.8920135
v 28.6606960 21.0149231 152.2450867
v -45.5174789 35.6522980 247.0272522
v -1.0775754 38.9581451 199.5146942
v 19.9880524 36.9959831 154.9238129
v -5.0527797 12.9619694 197.0041504
v 20.5679474 37.1316566 157.8285980
v -23.3704529 18.5476589 3.0426044
v 0.9038474 37.5888901 193.8166504
v -43.1653214 29.4403114 34.5283966
v 19.3690071 36.0459290 169.4933929
v -43.5419312 29.9980316 36.3501968
v -5.8451643 13.6152925 198.9330139
v -28.5805378 4.7802072 20.0860157
v 17.0635109 35.7593727 169.1514740
v 40.2993507 8.3854523 179.7665253
v -34.9515533 15.6738100 18.1857224
v -28.8047161 5.5890126 19.5935688
v 15.0008335 35.1873055 163.6570129
v 28.7940369 40.3762550 264.2381592
v -44.3818932 27.7519360 38.5748444
v -43.0080147 28.1824360 33.8310509
v 31.3378315 3.8887527 190.8917694
v -37.1497002 49.2824745 256.3728333
v 19.4769192 36.7876930 176.9838562
v 14.5428391 35.2735443 167.6464844
v -24.7497749 5.6086512 18.1598511
v 28.8685093 2.0746489 152.8242645
v -13.7191620 42.7473717 212.2028351
v 9.4948320 34.5869560 170.2564087
v -27.7848377 12.8684416 14.2517319
v -24.7046185 6.8558326 17.3813553
v -34.1846504 43.2624054 260.8649902
v -15.0097065 32.3180313 -5.3111539
v 9.5783167 34.9305992 174.6408691
v 40.2541161 15.8669319 181.7052460
v -24.5003414 54.3738022 242.5051117
v 21.0736790 55.2105637 268.8908691
v -42.7246666 52.6389046 233.1981812
v 7.0790377 35.1843681 179.2742462
v 5.5293593 37.8880806 195.1512451
v 7.2590051 35.9008675 183.6629639
v 3.8339159 15.4883757 222.7189484
v 4.0523744 38.3588638 197.1747131
v 21.2863541 35.1356277 149.2124329
v -45.0085297 51.8282127 233.2353516
v 14.4512177 37.4112968 188.1326752
v -4.1559315 40.0010033 203.5888367
v 3.0880282 15.6704283 223.9655304
v -49.1420975 8.0647516 53.0258865
v 5.3461008 36.1765976 186.1752319
v 21.5660362 34.4875183 149.0366058
v -43.8371582 51.6904984 235.6567230
v -4.4821587 39.9983482 204.6052399
v 21.0351753 34.9335060 149.2188721
v -45.7415771 49.3450737 234.2166443
v -43.9771652 15.4608841 34.6016312
v -18.0137444 45.7093468 221.5460510
v -6.6495504 40.1368294 203.7854004
v 0.3483610 17.7780151 228.3411713
v 1.8170998 36.5611267 188.9145203
v 20.8284111 33.5353355 146.2656860
v -7.1986170 41.2191887 206.9674835
v -45.1756668 47.6762390 238.7803497
v -2.3220887 6.6959977 198.3807220
v 0.3558757 18.6883640 230.0601959
v -29.6650028 38.1661377 258.4243469
v -2.0758936 7.8702087 202.7736053
v -45.5629387 46.5148010 240.4219055
v 33.3379669 1.2610465 159.5769653
v -22.2195377 47.8245583 227.2714233
v -24.8150520 36.7551003 4.4957037
v -0.2967096 19.4145718 231.6360931
v -3.4951136 38.6554146 198.1311035
v 21.2012711 33.0314102 147.9497375
v -21.2696457 47.0557785 224.5685883
v -14.1914072 44.7446671 218.5348206
v -6.8354783 9.7049780 202.2309113
v -46.5531006 43.5003853 240.6294250
v -21.7273140 36.8408890 2.5284197
v -48.0883713 -0.5882808 60.7780647
v -30.0705204 35.2984619 8.7455692
v 38.3736534 15.4935875 173.5676575
v -15.0291023 35.0759621 -6.1617007
v -9.0344000 40.8190765 205.5210266
v -46.1588516 41.0683823 243.7955933
v 23.6248093 29.9193039 148.2240753
v -47.4752617 9.4392757 48.3363571
v 37.4680519 16.5867386 168.4262543
v -25.1766434 49.0974312 229.2577362
v -45.5601730 37.9182739 245.8166809
v -2.6990004 40.7841721 206.7580109
v -4.7014718 39.7643585 205.7631531
v 28.3329182 36.9885635 165.1195831
v -46.1206589 9.0961313 43.9188538
v -30.9798717 11.1521358 19.5149746
v -26.0242748 49.6517181 230.7298737
v -49.1750031 11.9207916 50.0656700
v 18.3480072 36.9353409 155.5520630
v -30.7205486 51.6429062 233.7598877
v 39.5486679 9.6681223 177.9485474
v -31.4089031 17.0781021 12.1555214
v 3.3023825 41.6952515 209.2011871
v -31.8365269 52.0858994 234.5653076
v -32.5093384 52.2589035 235.0771790
v -36.6505737 26.9233398 16.6486301
v -42.5599098 32.7413559 247.2710876
v -9.0061007 39.2802620 200.6634216
v -24.5574493 11.3272486 14.3528681
v -30.6902237 53.3135529 238.0159302
v -14.7856960 42.9490738 213.6884155
v -16.9158516 42.8238869 212.4673920
v -41.8472900 18.6516018 28.2277718
v 40.0083160 6.5403285 176.5597229
v 41.5116959 5.8801270 180.7006683
v -43.9200668 34.1270180 247.7358551
v -37.5130119 35.3063622 24.5604782
v 29.5748310 35.2115593 164.9047546
v 30.2873173 36.7403030 168.2686005
v -40.9974632 27.8617802 243.9044647
v -16.3297787 44.1241798 216.5343170
v -28.5116024 51.8914185 235.2166595
v 29.7285042 37.7547073 170.7873383
v -5.3224144 41.5541458 208.4372406
v 24.5641956 25.7049522 147.3939667
v -7.2157249 42.6843605 212.2811584
v -30.5062084 13.8585787 15.2473106
v -12.2425690 40.7688560 205.5794067
v -34.2901840 1.9556459 25.9273968
v -18.3394089 46.4887695 223.6117096
v -14.1220150 41.4682617 207.7877197
v -27.7335587 57.1112137 247.3097076
v -20.4731560 44.4625092 217.7858276
v -15.2920656 40.9751358 206.6631317
v -11.9039936 17.7741089 -1.4681940
v -41.0636597 28.9874992 244.9622345
v -15.7759571 41.9471016 209.1883545
v 36.4032173 38.6750183 244.5932465
v -8.5901928 43.3565102 214.4892731
v 10.5548935 40.1310081 264.7069702
v -18.8172703 42.4510956 210.8362122
v -22.3204174 46.0134430 221.3416290
v -34.9197998 36.5189781 19.7987576
v 31.0148029 2.0852230 181.6677399
v -14.8919954 45.7024994 221.6049652
v 19.1757107 35.7817192 148.1032410
v 17.5756893 36.9457626 146.7403717
v 28.4051514 16.5794201 149.1398315
v -20.4517975 45.5763359 220.6028595
v 33.7522774 27.7104111 168.4734650
v -25.6025486 46.0769157 221.4008026
v -49.8736038 8.9359055 57.9476204
v -22.2438507 44.9053040 218.6203308
v -46.1871567 12.7099009 41.4080696
v -30.4364109 20.2481899 230.7327576
v -49.3039322 8.3165808 56.9538994
v -18.0633240 47.6199570 226.7900696
v -42.6400070 5.4401460 35.5114708
v 33.4986153 34.3717308 174.2669373
v 26.3656483 38.2638741 172.1314392
v -25.7806416 51.0467644 234.2278595
v -19.8390541 48.6366005 229.5238342
v -31.1034431 20.6660595 232.2304840
v -29.9043465 54.5969009 241.2226715
v 25.8952618 2.2867632 182.4802094
v 29.5590668 54.1623497 248.3974152
v -32.7655792 48.7686081 261.5693359
v -35.5245438 35.3389244 19.6079388
v -33.3951836 20.0119228 12.1281843
v 40.1489220 2.6457772 181.7644043
v 42.7567062 11.0566797 213.5475616
v -28.4027824 47.0326538 222.9182587
v -29.2065849 37.4114342 11.3994198
v -35.7996025 54.0839424 237.6973267
v -29.9024563 48.1735573 225.6233521
v -32.8875732 42.0122871 260.8309326
v 37.8229866 2.6357317 183.4764862
v -33.9184227 27.8577156 12.3806906
v 37.3805313 1.8245016 176.7414093
v -28.6442509 49.1831017 228.7027130
v -46.1377792 50.1723480 232.0216522
v -30.6861057 41.0760956 260.8065796
v -29.1115913 53.6445999 239.8111420
v -7.2389283 37.7219048 193.4841766
v -7.4516020 38.3459396 196.1113892
v -47.8339462 1.0996776 70.2349472
v -34.2060890 52.1694031 234.0027618
v -37.0390968 51.6394005 231.7461700
v 12.7696810 6.9304700 201.5555725
v 31.8028069 4.5803208 193.4207458
v -45.3700600 21.7646980 36.9571724
v 28.9838467 1.9489592 178.1970215
v -11.2314320 38.4483147 196.6204834
v 23.4934120 26.5972195 147.5877228
v 8.1244297 38.3172531 196.0890198
v 22.6900654 50.5016365 275.5691833
v 17.3342190 57.2214813 273.2251282
v 0.3945625 48.3702393 230.4155884
v -32.9390564 30.6398315 12.1354637
v 42.6640816 22.1374416 198.9736328
v 11.6830759 8.2350616 205.6558228
v -24.6246433 34.2589684 255.5712891
v -28.3517056 37.2047997 9.9546967
v 31.3067188 38.2527122 175.4900055
v 26.8939743 3.5099556 188.7948914
v 30.9869785 0.7010932 168.2667542
v 31.0132599 5.8067918 156.2472229
v -34.1890640 35.0481071 16.9379616
v -39.8431702 5.5292878 30.9946194
v 25.1877098 0.5004474 166.5559692
v -43.1047745 19.9555817 30.6402187
v 28.4950619 0.8490076 170.2196198
v -47.0920944 38.6652336 242.3326874
v -37.2898064 4.8760371 27.3798676
v 27.1195374 1.5480710 175.5080872
v 25.8093300 1.3742542 175.6424255
v 28.0128632 19.9524879 149.7350616
v -0.0822477 13.3309784 217.8291321
v -1.6839175 13.9514341 219.6420441
v 0.7235802 16.6366978 226.2748566
v 41.2304688 22.2042694 185.7557831
v 31.5176315 34.4401474 168.8757477
v 24.0033360 24.4940910 147.8653259
v 18.2828922 4.5514750 192.9059296
v -45.3170624 -2.9741714 50.4608345
v -32.5389290 45.6494370 217.6459808
v -25.5325203 35.0304489 1.9467163
v 18.3206635 37.1431046 151.0908661
v -1.7123162 41.4779320 208.7893829
v 13.2364092 44.4400826 216.0127258
v -42.0461044 26.1352386 28.8289585
v 16.9423637 36.5881081 155.5048828
v -25.2026119 43.9843636 214.9753113
v -2.9838774 16.2389126 225.2252350
v 30.0869942 3.1283827 185.5475769
v 29.2003307 2.3263309 182.7619019
v -27.2680798 46.2017975 221.2185822
v -15.4691277 27.3662224 -1.9708914
v -6.9041409 43.3177986 215.5939789
v -49.9981155 9.9379244 63.7353363
v -39.8159599 31.6922054 247.9379272
v 13.3932581 35.2848625 159.2051392
v -34.9408188 4.0441546 24.5180721
v -33.6035004 35.9812889 16.1210861
v -40.2072678 24.1751080 26.2119579
v 13.5833368 35.1224747 161.9965057
v -29.2175941 45.7915573 219.2534485
v 8.8452311 10.9297552 212.7940979
v 16.7950497 37.4778938 147.3195496
v 23.4997234 37.7675362 176.8827362
v 1.5518978 8.0913782 204.1698761
v 1.5966558 13.0397224 217.1929169
v -3.6989014 21.4801826 235.3479767
v -30.8438549 47.3975754 223.1074371
v 0.8512094 11.4344997 213.3337402
v -0.0660092 14.1981802 219.9240112
v 5.8898592 63.5468903 281.9141235
v 7.2339125 34.1656494 167.1208954
v 37.3816147 24.0134239 173.7924194
v 19.8708267 33.2971992 144.5485840
v -25.9962597 56.4559326 246.5861359
v 41.9459419 18.4887867 199.3103638
v 3.8616810 63.8976364 281.3192139
v 17.5113258 37.6856728 186.8877106
v -1.3502957 10.1015253 209.5569458
v 15.7345753 43.5077934 212.3444061
v -20.6789627 49.2880325 231.1535645
v -4.4040599 12.9700146 217.0488739
v -31.7378063 57.9874229 249.3582916
v -32.7943382 14.9290800 16.3259811
v 19.6937199 32.4494400 144.9213715
v 11.6131172 18.1187897 229.8095856
v 2.2020934 35.1203842 180.3380585
v -33.5824509 54.0998154 238.5950470
v -23.7546844 34.3246765 -0.3163438
v 23.7975273 0.9136018 167.2652130
v 19.8447857 33.1745644 145.3122559
v -23.0863533 51.6319046 236.9705200
v 40.6847305 27.2500610 191.3246918
v -23.0149994 33.3912697 -0.9214846
v -38.0897331 54.9561806 242.6254578
v -12.2368135 13.9743681 219.4213409
v 25.9956055 0.9384893 171.4108582
v 30.5880051 0.5847222 157.0587006
v -17.8267384 22.3634949 236.3400269
v -17.0134029 16.9921551 1.6245856
v -15.9559793 34.2512703 -5.8566537
v -29.1574478 20.2668743 6.3604884
v 29.6797333 0.3777433 158.2313385
v 0.7851462 14.2768135 219.1740417
v 22.9295845 24.8985271 146.1925964
v 24.0451984 25.7411861 148.5091248
v 7.2579565 12.4591122 216.5113525
v -23.8068867 35.4792061 257.3050537
v -17.3479271 17.7963982 227.5851593
v 34.4583473 21.7813854 164.8632050
v 25.1811867 51.1840591 272.4228516
v -40.9975471 21.1202335 25.7364082
v -27.5556927 35.6423187 5.1736541
v 42.0359459 20.1564865 198.9863739
v -40.7481728 50.3119278 248.5774689
v 14.5544214 36.5899429 150.8988037
v -32.2351532 43.2436523 262.3626709
v 4.4967465 40.7957077 206.6865845
v -20.4617043 21.2374630 -1.0926672
v -39.2327576 47.4555130 254.0527191
v 1.6463712 41.7507057 209.6233215
v -33.8704300 55.5897827 242.0849152
v -14.3524685 18.8524914 229.8608398
v -20.2377548 27.9027004 0.0860889
v 19.0162010 31.1359825 252.5990906
v -39.6408081 43.7338676 253.9242706
v -36.5364342 55.0230331 239.8936462
v -44.4365959 -2.5947204 46.6640968
v -36.1634026 42.1717262 258.8437500
v 10.5127001 34.6380386 161.8995514
v -20.5691204 42.6594887 211.0953369
v -37.0719070 55.3443756 241.1212158
v -0.2785701 42.0017700 211.1112061
v -19.6421127 26.4727211 -0.2623593
v -12.7583084 25.0709782 241.3748932
v -23.4878197 42.6024246 210.2581940
v -37.5356789 22.7552528 19.0746479
v -38.4506989 54.9202576 240.7701874
v -29.1942387 31.8125687 251.8223114
v 35.8836136 34.9439735 246.4950867
v -42.6634140 -3.8345571 46.4918404
v -39.8168678 53.7053223 235.9374542
v -31.1066189 33.0210342 252.6841278
v -38.0730438 54.9676666 244.2442322
v 30.5187988 51.1706314 256.4685364
v -25.0282021 43.3092918 213.3423309
v -39.1109734 53.8736153 243.6713104
v 0.3295762 7.1487846 201.1627655
v -24.1531658 13.9365110 9.9298153
v -10.0874662 44.9056473 220.0579529
v -39.5705566 52.3025246 246.2490234
v -3.5053551 6.6025925 196.3986511
v 40.4134636 3.9619679 174.9056549
v 29.7958298 37.6305161 168.5226440
v -19.9500122 23.7492981 -1.1034263
v -19.8608894 29.6997986 -1.0701494
v -10.6036720 46.4593201 224.0267181
v 30.6020832 37.9239273 170.9195251
v -42.4441986 49.7863884 243.1850586
v -46.3164520 17.3118610 39.5030861
v -38.7477303 50.9628754 252.1043091
v -11.5116777 47.2947159 226.6257019
v -40.7749901 -2.6595016 39.4518051
v -41.2862320 53.7694817 238.3475800
v -36.7640038 50.4923744 255.5851440
v -14.1142111 15.3537045 2.8599384
v -7.6419291 13.2608967 200.6047058
v 2.8176107 34.4507599 174.9792786
v -12.5689039 47.7348747 228.6290436
v 30.6297951 29.7023392 162.4675598
v -27.5833073 44.4504280 215.6644135
v 15.9136648 14.6137857 222.5764160
v 27.5476990 37.7938957 167.7556610
v -41.9126282 29.5050449 30.2820320
v -6.2711697 8.9619789 202.9564209
v -31.1669331 46.2859879 219.7423096
v -48.0746346 5.1935077 49.5627823
v -9.2499485 8.8551540 205.1525116
v -43.4215546 44.2238922 248.4265137
v 27.7648735 3.3866010 186.7108612
v -37.2412720 35.9365501 252.9308319
v -17.4244175 61.9161720 266.3915100
v -4.5715332 35.7138786 183.9359131
v -41.1029396 44.5494461 251.6146698
v -38.1507874 41.3022041 256.5993347
v -41.0631752 46.5127602 251.6094666
v -30.6399307 55.5029678 242.9409790
v -42.4480476 46.7243690 247.7788086
v -21.1574574 52.0258675 238.1190186
v -16.1249981 62.7692795 265.0843201
v -43.7382278 42.5142975 247.8076324
v 33.1176529 21.2061443 162.0837097
v 26.9938793 38.6424370 176.1579895
v -35.1452675 56.0477524 246.7012177
v -35.8861771 55.8129005 246.2923584
v -38.6133919 39.4548111 255.4967041
v -27.4857292 54.2843895 241.4562378
v -45.1798820 -0.8477708 46.2040367
v -35.2651176 55.9632225 248.0043640
v -40.2941856 33.6765251 249.3283234
v -43.5865288 39.1971512 249.0664062
v 21.3663044 5.7203054 197.7644043
v -12.3157892 37.7754364 194.3556824
v 35.4479408 23.9343395 167.6662445
v -42.1059189 41.8349686 250.6419220
v -28.9050331 17.5971336 8.7976999
v 18.6803398 37.4298782 183.7834625
v 33.7431679 17.5362358 158.9812317
v -36.5198898 53.2757645 252.5147095
v -14.0322762 38.9453964 198.3087921
v -29.8122292 28.5489635 246.4881134
v -42.3502007 39.1130104 251.1879272
v -33.9305305 31.9757442 250.6247559
v -35.2873192 30.7831249 248.8880005
v -36.1937981 32.7052956 250.3992920
v -40.7975845 38.9745636 253.1376953
v -36.3036804 25.7096825 16.5319386
v 34.2286110 16.5797710 159.6247101
v -41.9730568 -3.1313114 42.9242630
v 34.9106293 9.6511154 164.0109406
v 41.4119759 24.5889168 196.5858765
v 37.8238297 20.0410862 173.9803467
v -29.5496368 30.3746071 249.4126282
v -28.2045574 25.9402466 242.2042084
v 36.9766159 19.5332508 171.6995544
v 16.0304737 9.6792364 210.1098175
v 38.5455246 18.4337254 175.8532257
v 19.6408138 1.1533558 173.9219971
v 38.8358994 16.9290085 173.1495819
v -15.3134298 63.2465286 263.5179749
v -38.6019745 31.4411869 21.4505749
v 38.6339684 16.4930248 172.5761261
v -38.1422844 30.4883327 247.6336212
v -48.0076218 10.9019403 46.9813004
v 27.8901329 33.5107307 159.3405457
v -39.3204918 41.5704575 255.1026764
v 15.9665165 44.9048767 216.8274689
v -35.5688171 39.8389435 257.5289612
v 29.5235195 0.9885207 153.7821045
v 35.7535095 7.2271886 165.5615845
v -44.9513435 1.6173806 42.8949699
v 38.3286247 14.2612076 174.1480103
v 30.3220425 0.7739578 155.1854553
v 5.4090381 14.0029020 218.8212128
v -25.4984608 42.6743317 210.2277832
v 36.0022697 16.6796093 164.2112122
v 28.0797558 23.9514618 152.6627197
v 12.6821470 3.1785142 186.5760956
v 22.0525894 36.1465645 155.2272339
v 9.9459162 12.4081469 216.8064423
v 14.4277611 39.6536942 264.4702148
v -25.4898071 32.4694519 252.6856537
v -24.7868118 35.8997421 2.0219772
v 29.6763573 21.8339272 154.9157715
v -26.4508953 30.4757996 249.7126312
v -34.0327263 23.6877213 13.5369568
v 37.0567970 5.7899027 167.8719940
v -33.2325211 46.7468758 220.4534760
v -29.7519188 -3.9834702 43.3824844
v 5.6783543 13.0302935 217.4933472
v 38.7471695 11.0809698 175.5197601
v -26.6555595 23.8142128 4.0999584
v 31.8035145 17.5850563 154.6422882
v 23.7737293 37.3570518 162.9122620
v -14.1452904 29.0681744 -3.4606829
v 0.2563717 15.6734772 223.9965668
v -27.4600887 43.1875114 211.4644012
v -43.3104019 48.0807266 245.0000305
v -47.9234123 13.3911877 45.9358063
v -29.5974884 44.8993225 216.8252106
v 36.2824097 1.2939067 167.2420654
v 37.3248940 7.6654940 169.8063812
v 24.6983738 36.6415215 159.7443390
v -34.2404671 25.9913521 12.9314575
v -12.7761927 22.1809311 -5.2608891
v -30.8398514 36.6461716 256.3531799
v -49.6239548 5.7761359 67.1139832
v -26.8352299 19.8066483 4.4230957
v 27.8125172 36.7498131 163.6204529
v -43.9389877 45.1083641 246.6816864
v -44.6326981 43.6485672 246.4229584
v 10.1140108 34.9044762 155.4907227
v 33.1753502 12.7628851 159.1822205
v -39.4023399 49.9834785 226.8083344
v 41.1803284 20.5015182 219.6201324
v -4.0008278 43.2343178 214.2349396
v 32.8062973 9.6269836 159.5106354
v 25.7202454 25.1807518 151.1041107
v -21.2054844 14.5858202 7.1412058
v -37.3735771 50.3690834 228.9700165
v -41.1202774 51.4389648 229.6380005
v -46.5531960 1.8471923 47.2518349
v -3.7325957 8.9912014 205.9314117
v 30.9680672 18.5766449 153.9618378
v -26.5785236 20.8080158 3.5492139
v -3.0210211 51.6087227 239.3986664
v 25.0101376 37.2508659 163.0123444
v -28.5213947 42.9143944 263.3451843
v 7.9171333 54.3831139 281.7758789
v -6.9812212 45.4750214 221.1792755
v -8.4684572 45.8440742 222.5740662
v 26.6283073 36.9942970 163.6884308
v 26.2221985 4.8415022 194.6264648
v 31.1682491 14.6327534 154.5841370
v 14.1473551 35.3258324 170.9961090
v 26.8282719 5.6472936 197.5398254
v 32.8689156 14.9340343 157.8489838
v 37.4720573 14.7658825 170.9597473
v 31.3348846 12.4705429 155.8078613
v 24.3069019 37.6264420 167.3643951
v -7.9162073 11.1602468 212.0511780
v -28.1860237 21.6838169 4.8666348
v 22.9028893 0.5332559 166.4466553
v -49.5391388 9.4923000 55.3061295
v -13.6405058 11.7347565 213.6800079
v 22.5099316 37.1357040 166.9195557
v 19.1578598 36.3658333 172.7816467
v 31.8281593 16.5974922 154.5785370
v -14.8787041 49.1716270 231.6599884
v 30.1965771 15.8022127 152.1896057
v -20.8358593 19.6305008 0.2444996
v 38.6870155 6.2301407 172.4090729
v -19.0936260 35.2084160 -3.7003613
v -46.6553040 33.6328468 245.3685760
v -17.7976074 34.4961128 -4.8824458
v 11.1177654 36.1715889 183.1574097
v -36.4486084 29.2412243 246.9768829
v -38.4203529 27.3305759 244.0471497
v 23.3253841 36.0791931 155.6050568
v 22.7396297 36.6537819 157.7795563
v 6.4492450 37.1043663 190.7624054
v 35.6837997 1.7283740 163.5162048
v 37.0976448 1.6844180 166.8992004
v 33.1698570 6.8898168 159.9787445
v -18.4430351 51.1022682 236.2794037
v 13.6648130 34.5923462 135.6106873
v -25.8334866 24.9379711 3.2463520
v -49.3597984 11.7184572 60.2490997
v 31.8950977 7.6893296 203.7498932
v -18.5608273 25.1591282 -1.1944563
v 13.6624842 36.3576202 127.9262466
v -35.7431984 -2.7521353 36.9411659
v -51.8131447 46.8220787 218.7920532
v -51.2257118 47.6755638 221.1255188
v -19.8556404 34.0958443 -3.5371723
v -50.4464455 48.9268188 223.3615417
v 12.8618994 37.1663055 120.9331360
v 12.6255274 37.3522949 115.3832245
v 13.3797560 36.6628571 125.3571167
v -48.8022995 49.3768463 226.9442749
v 35.9255905 25.6338291 172.2858429
v 5.1052690 33.8213196 163.7970123
v 19.0273724 34.0238419 144.1341248
v -32.1778679 23.6122360 10.6746140
v -50.6281548 14.0662527 57.7602654
v -5.5048552 34.1315689 171.5732880
v -25.3522949 9.0302420 17.5402412
v -21.4191017 6.8387427 16.1096458
v -5.5307679 4.3972616 179.0285339
v 12.8268347 30.7652779 129.4184723
v -39.3938713 -2.2125480 36.8444786
v 20.6753693 26.1049309 143.1080475
v -17.0129395 19.1290016 -1.2646346
v -10.2707720 52.4090843 277.7721558
v 41.3929863 23.9351654 216.2387085
v 21.4050217 25.1900673 144.0213623
v 39.4738235 30.7372189 193.6549835
v -23.9319038 40.4859543 203.5227356
v 4.0355926 35.2652969 136.8355103
v -1.1836386 34.3307915 141.5712280
v -8.6804190 34.2691307 171.6483002
v 36.3632050 32.7959061 249.8076019
v -24.8662071 55.5973206 245.5717010
v 42.0109940 26.9087143 204.2603607
v -53.8760757 37.0057259 227.8612671
v -43.5272217 27.0225334 242.1170044
v -50.2630615 19.3694077 57.5929222
v 14.0154190 7.8627820 139.1341705
v -1.6924479 52.3077469 240.7066498
v -25.6581383 39.1804695 197.0688171
v -21.6863441 34.8291550 -2.0854826
v -46.4440079 8.6516008 45.0773430
v 24.3158875 54.9649467 243.0539398
v -51.1572609 39.7461891 233.2635498
v -33.2902718 29.1252480 11.9028568
v -3.5750456 33.7772255 148.5696716
v -46.8686409 19.9908218 40.8448563
v -42.1301689 8.7600069 33.6073494
v -18.6523476 51.6417999 237.7052155
v -7.9659986 33.2689171 156.1995850
v -15.0892267 52.6048889 241.0118713
v -55.9869652 33.4213486 222.0275421
v -35.0040894 -4.7466059 51.5194206
v -14.5208750 33.6826057 155.3750610
v 15.9448042 25.7386303 135.8933411
v -24.8243351 27.8014908 3.0076034
v -17.6628723 6.0490022 16.7066956
v -33.0416145 -4.5320616 48.5910149
v -22.0293064 26.5815964 1.0155078
v 4.5091705 -0.2960607 150.6244659
v -44.2199211 -4.1444650 64.3334351
v 40.6828880 29.9268837 203.1793060
v -44.6988907 21.0064850 34.6535835
v -60.1538773 18.2712574 224.0398407
v 18.7054806 33.6128197 95.1974869
v -51.9739685 46.0776062 212.3615723
v -16.1327171 50.6668053 235.7600403
v -22.7560139 56.6231384 248.0487671
v -15.3448715 9.2554665 12.7219763
v -10.1369944 33.7317886 163.0621185
v -48.9207153 1.8631995 63.6493225
v 30.8272591 40.4219360 183.3710480
v -47.3819160 6.2529154 46.1656647
v -13.7571058 58.5692520 253.4631348
v -44.6405029 6.5973072 39.6998978
v 22.0158920 12.5209351 142.5554657
v 13.2173414 34.0918922 134.2271118
v -14.3218660 37.4696693 192.1848450
v 43.3837051 5.3395023 190.1254883
v -49.8179131 6.2431941 64.1811600
v 17.0176849 0.7762322 143.8145905
v -50.2099037 16.6466084 53.7406731
v -47.2927094 -2.2369018 62.9934006
v -27.7627544 59.8749199 254.8335876
v -19.6067829 38.3395042 195.3399963
v -40.0193825 8.2950678 30.6275024
v -29.0820179 25.1054726 6.3229403
v -48.6375732 20.6922722 47.3942451
v 33.0457153 30.5448570 251.6927795
v -12.9472666 62.9314804 267.9142456
v 26.0503159 2.4847484 149.9114380
v 27.7642803 40.7327843 191.4684906
v -46.0679932 -3.0932064 54.2168999
v -9.9683056 54.0488052 244.8866425
v -41.4080353 7.4776635 33.5728722
v -34.8041000 39.5290604 194.9645386
v -26.3054314 -2.0180023 34.8025742
v -49.4526176 9.0654516 61.5808868
v -48.7297478 50.2082100 226.7003326
v -49.8222389 18.6320190 51.7454910
v 2.4646194 34.5389938 256.6037903
v -34.7860184 -3.0645211 38.1460648
v -46.7993164 -2.6140091 56.2641830
v -43.1188812 7.8745131 36.8591766
v 34.9799843 43.1791420 196.7641449
v 33.8876266 43.4983368 197.5573883
v -43.8823013 23.7202930 35.3189278
v -22.9055614 0.5359685 28.1885204
v -50.0146790 10.3559265 60.2779579
v -46.1114044 -3.5858819 59.3716316
v -45.5884743 18.2002258 37.2036934
v -45.3448563 9.7903776 39.7651024
v -40.9221039 23.3475037 26.8979549
v -38.2651711 6.0233126 28.9204922
v 2.9048240 50.6706429 236.6549683
v 2.3582633 49.4772873 233.6273651
v -49.5669785 4.0883470 62.0815697
v -44.4154549 24.3190880 36.7872849
v 26.7444782 57.7887878 251.2500458
v -10.6486387 48.6945305 231.0506439
v 15.1937647 37.8677635 141.1446075
v -4.1810050 11.4789934 196.7205505
v -42.6778450 -4.6617293 54.1850128
v -23.5506420 21.5536709 0.7984317
v -4.5971212 12.5719824 197.8687134
v -49.8099213 6.0221934 60.5263672
v -50.3577766 13.6586285 54.9267998
v 1.4595336 35.7618179 121.4769669
v 13.4583445 36.9058914 103.5575333
v 8.3356323 4.1342440 190.6716766
v -6.4697838 4.6916656 162.3527527
v -49.6617737 42.5760078 232.0261841
v 13.8857059 34.6368523 105.1598053
v 3.2512441 43.5520515 215.9777374
v -4.4380174 4.8487573 188.2732544
v -11.6938534 8.2521133 195.9105530
v -44.5712204 -3.7739944 51.4937210
v -39.5930672 24.7338963 24.8371849
v -12.5479116 13.1992922 196.7256622
v -17.6161919 38.7419472 262.3283691
v -3.9030800 7.7818923 196.5147095
v -45.4909630 26.2837009 38.2973709
v 13.1453857 25.3724728 108.8992081
v -50.1925621 9.8891573 61.1139374
v 26.5918827 10.2244492 212.2004700
v -50.7896652 43.3008766 200.3352051
v -31.9990845 25.8555069 9.7199612
v -30.4533062 42.1290855 207.4843597
v -5.8849163 46.0295563 223.1306610
v -31.8155231 4.6169467 21.9000397
v 8.1179266 46.0740967 222.6777802
v 30.6046505 41.5359917 191.5364990
v -40.6174011 6.6864529 32.5015373
v -31.5952873 -3.3391511 39.6490974
v -34.3177528 3.6296182 23.8895893
v -21.7325649 11.1786842 212.2906342
v 14.7943220 29.3488197 106.2760239
v -46.1264954 -1.7968606 50.5100212
v -29.5489426 0.4806648 28.2909336
v -43.8231888 27.1913967 33.9019623
v 10.7943630 45.7089233 220.8812408
v 12.2274485 37.7184448 138.1249390
v -47.7655067 -0.4826132 55.4889717
v -48.8642159 1.7305837 58.7270355
v 14.5759649 32.0506058 134.9117737
v -32.4621849 7.0614033 22.3225574
v 13.4585552 25.0673409 123.2817841
v 31.7570591 47.0029640 257.3940125
v -36.6404533 13.7610426 217.5343170
v -55.3801727 42.5572281 206.5596924
v -17.9646149 7.9405828 14.3185797
v 32.2904587 40.7902908 184.3772125
v -40.8858604 28.1668987 26.6884041
v 34.3877144 39.1000443 185.4263763
v -45.2068176 8.0288534 41.7071724
v 42.2483978 8.5593567 188.3473969
v -46.3552742 27.8937092 47.3983307
v 15.6457691 30.7301941 137.3934021
v -13.3294353 44.3701782 269.3438416
v -48.9937210 4.6717858 54.5069275
v -0.5207834 45.0207825 220.7948303
v -45.4379578 51.8166962 231.7272491
v -47.2688904 50.5975533 229.6304016
v 16.7339306 26.4887810 137.5557251
v -38.1929932 24.9262199 21.4642849
v -47.2720642 45.7035255 235.4963837
v 9.3563795 42.6328468 211.4726257
v -32.4432449 10.0933399 21.9436550
v -49.0598984 11.0680017 56.4146423
v -13.8229523 10.9225664 191.9335938
v -40.3720398 28.8775387 26.0558910
v -54.0448227 23.5669403 233.1024933
v 9.2395267 35.1969032 150.7901001
v -48.9656677 38.1324654 238.7477570
v 41.4315109 9.2741394 185.6170807
v -56.4189186 19.9723339 228.8313293
v 12.8483934 41.4280777 206.2044983
v 6.9762673 52.4450912 240.9717102
v -4.7583280 2.7343268 179.7995758
v -36.6604614 7.6027465 26.5194855
v 7.9676032 37.0896721 126.3013916
v 39.5569496 36.1143990 226.8300629
v 17.6674671 43.9311180 213.6703644
v 33.5963554 41.1071739 186.5952911
v 2.6646504 6.1238928 139.7097778
v 14.8153391 34.7129326 137.3169708
v 15.5087328 33.7620621 138.3075714
v 3.8159556 3.8263495 140.1237335
v 15.6531382 32.8310051 138.2193756
v 32.8948135 40.2658005 183.0488739
v 8.3979902 7.7722125 138.2774353
v -43.5354233 30.7468700 40.0975723
v -47.2571449 0.3509214 51.4698524
v -11.3105927 13.2983856 198.4776459
v 5.1702895 0.6061508 141.3059540
v -48.7987442 8.5288076 51.4848633
v 11.9985447 37.8783875 122.4695129
v 10.8160591 32.9855652 118.0625458
v 12.9393749 35.5108871 122.7995377
v -39.8603477 31.7007484 25.0583458
v 12.8870049 1.3494202 141.7959900
v -24.3364925 46.7556038 268.6691589
v 11.8836784 37.9244270 124.3821411
v -10.9140434 7.4453735 200.2624817
v 36.3298683 29.5371513 248.8717957
v -18.6303959 9.5027161 176.5292206
v -14.1430607 36.8150482 188.4201508
v 1.8248231 61.1602135 259.8373718
v -4.2358956 3.4342804 184.0862579
v -47.7754631 2.5001400 50.9443550
v 21.2771797 27.0001850 144.7613373
v 16.8732777 40.8623428 202.4188232
v -37.6222954 28.9328098 18.9308109
v 11.6893520 33.4429016 126.6328659
v 18.9525681 25.2425556 140.4263763
v 23.9931488 0.3066927 148.6360779
v -26.5805092 -2.8336916 37.8270264
v 14.1029959 19.1069832 127.7394485
v -30.5011005 16.4171104 224.2349243
v 15.2965183 61.0220528 279.9523010
v 22.7785053 43.3763008 208.9411163
v -38.2693825 16.9413586 22.0570393
v -37.2085915 33.0390663 19.9876881
v -31.7817898 16.7085953 224.6217346
v -47.4926300 4.5159764 47.6994781
v 11.7405424 29.8821907 130.0648193
v -28.6239529 41.7314224 206.8361053
v -33.5263252 19.1208305 229.0188293
v 28.2889519 55.0039062 251.9500275
v 11.8064938 29.4779243 129.9728088
v -37.0843582 18.9757061 18.4572678
v -48.8211937 22.4125118 52.8594437
v -36.2762375 17.4107018 18.3889294
v -29.4150620 -2.1331639 34.8912659
v -34.8655891 44.8746147 214.4918671
v 23.0628395 42.9775314 206.9188538
v 12.8444681 27.5431347 131.2225647
v 21.0012627 44.2807884 212.9085388
v -12.8432617 6.7551174 193.7365723
v 8.0268860 40.4480782 203.8053131
v -25.3573189 53.6384010 267.7995300
v -12.7480745 6.4566145 195.2690125
v -40.1471100 13.5416470 28.3007545
v -49.3084869 12.8673744 50.0519066
v -50.9400940 44.9004097 206.4678497
v -21.4941101 8.7501106 15.5557737
v -7.7335005 33.8395882 148.4169617
v -41.1013908 16.0595150 28.1138229
v 25.4066353 42.7849503 204.0441589
v -7.2480865 64.0436020 268.6624756
v -16.6887360 56.2588463 274.9006042
v -16.1326675 6.1530347 196.9792023
v -19.2277660 42.6490974 266.1458130
v -48.4475403 9.9312887 52.2819519
v -33.4690781 18.1066723 13.7317028
v 23.3605461 44.3901749 211.9782867
v -43.9936066 11.8545313 36.6521988
v -21.3932362 17.4843197 3.1010175
v -18.8826313 57.3382988 271.0885620
v -22.2823868 1.4656767 26.4510193
v 26.4435844 5.3947873 150.4518433
v -15.1193619 33.7417145 151.9932556
v -46.6024513 26.6837158 47.1509171
v -20.0538464 36.1583481 183.7897797
v 11.8246841 31.7206955 131.5298615
v 15.0198402 16.4783401 226.4965973
v -48.9591942 14.1522884 49.4104271
v -21.5618382 5.6092224 17.5811062
v -49.9970970 25.3964272 237.1135101
v 40.6473160 18.5360928 184.8512115
v -43.8779984 41.2855301 197.2115784
v -33.5771027 31.9945812 13.8828011
v 10.9515314 10.8179207 129.0800323
v -33.3778572 37.7802124 19.5951462
v -49.4049797 16.7864647 49.8298645
v 16.6698818 32.6051216 139.9756470
v 6.8853226 18.7693348 230.6342163
v 23.6887264 -0.0360783 154.0536041
v 11.7490511 37.7233047 129.0836182
v 23.9106255 43.5087662 209.5520172
v -32.4987564 -2.7143030 36.7036018
v -42.6926117 12.6406546 33.6215935
v -32.5247116 34.6165009 13.2872858
v 12.2383804 38.0059891 133.1919403
v 13.5076084 27.8139591 132.2366638
v 17.4276695 11.1398706 137.0601959
v -30.5388870 32.0738945 9.8840084
v -21.0816765 59.2825546 267.4941101
v 16.3693352 32.4166451 139.8150330
v -50.4815369 40.8364258 232.3154449
v 10.9869356 34.2681694 114.7471008
v -30.4998169 37.9185715 14.3680477
v 18.2811222 27.3470860 140.4416199
v 40.3170128 19.7093773 182.9268646
v 16.4238892 8.0822544 140.3360291
v -26.6270828 0.6155617 27.6085854
v -29.0665760 31.3186398 7.5550671
v 11.9108477 32.4554138 112.5955734
v 12.6425514 29.9846478 112.4268112
v 18.6345062 37.2391586 261.6862488
v -0.9623163 5.0835319 193.6434326
v -14.1560078 33.8992233 164.3540344
v -18.5000877 13.7919264 7.0285544
v -51.7517281 30.7414474 236.2427368
v -52.2567444 29.5606785 236.6745911
v -24.1405735 37.0305214 5.8237848
v -52.1881332 27.6580620 236.8297729
v -10.4179630 12.5852299 199.7371368
v -2.1688936 34.8637810 178.8251343
v -8.9951525 34.9666214 177.9770660
v -30.0269623 34.0051956 8.3248739
v -11.9816408 33.5326157 149.6627197
v -38.4882660 35.0599136 28.9606209
v 17.6028080 13.1174965 219.1738586
v -49.6677246 49.8064156 225.3497467
v -1.0368220 35.1559448 130.8481445
v -13.5906858 34.7620773 175.5323029
v -50.0088806 47.0250893 224.7369080
v -4.0090618 34.7683105 132.9021759
v 13.1894484 37.4345055 128.9320068
v -37.5768127 35.9973640 26.0788097
v 5.2035651 18.7132530 229.4330444
v -21.6309853 9.7042780 14.9907875
v -34.2887192 6.8175807 23.9753475
v -46.8920784 25.0807037 42.2743874
v 15.4117498 39.5390205 199.1543884
v -31.3485832 3.2529559 22.8709946
v -36.0597992 10.3943005 25.4103756
v -17.3122997 7.1119723 14.7156210
v -30.9039688 5.9022627 20.9812584
v -45.8358459 23.2529736 40.7889214
v -48.7952118 23.6102562 50.3941116
v -45.8389740 24.1292534 40.7904167
v -32.3341675 37.8452377 17.4778481
v -19.3614540 39.0092163 198.7950134
v 12.9171534 23.7207642 119.7430038
v -20.6197224 39.8349648 200.9508057
v 12.2034502 23.4648170 117.2982254
v -49.0269165 24.2544556 51.0007324
v 23.4220352 41.5664787 201.0316925
v 26.4811249 14.8661137 147.4829407
v -14.4508085 13.2330198 6.3916001
v -47.1801567 25.5387459 43.3999329
v -27.7712879 30.3072472 6.1243496
v -6.1930218 9.7507229 183.6547089
v 30.0489883 53.0805779 248.6897888
v -36.2310066 9.3894825 26.0872440
v -27.2888527 41.8874855 207.2165527
v -48.2374496 22.9724693 49.5847092
v -27.7121353 39.8365593 199.3177185
v -14.5940971 26.1180897 -2.0856335
v -30.5791836 39.9137688 198.4627075
v 14.0198154 32.6139755 134.7055664
v -42.5052032 41.8897324 201.0762024
v 13.1765385 31.1279926 133.8385620
v -48.1074219 22.4407444 49.1108665
v -17.0798130 8.1143188 167.8736267
v -48.1002464 43.3931847 202.5079651
v -47.0508041 23.4399490 44.8536530
v -6.5745053 6.4517813 165.9502411
v 12.4422808 15.7035580 125.8547821
v -42.2569008 30.2897282 31.7359276
v -48.0411339 25.3322659 47.4429741
v -42.0705643 28.9298573 31.2573090
v -32.7217026 36.7917976 181.7175598
v -14.6822433 62.7976685 261.7017517
v 37.7809715 25.3333530 177.9933472
v -54.4187584 37.8177567 223.5578308
v -39.5297966 18.3660736 23.4317188
v -17.0319939 58.5158691 252.8576965
v 19.4834843 0.9530209 144.9718018
v 16.8964348 0.1886238 145.1711273
v -44.7774696 24.1485195 238.1603699
v 16.0682392 0.1176362 161.5056915
v -39.9793282 19.9787292 23.6429214
v -48.2230835 24.4801636 47.0595551
v -38.4623566 33.3690910 23.1986294
v -43.2015572 30.7582474 36.7689400
v 1.2296478 63.9991875 265.4750977
v -46.2762375 26.5026760 42.1937027
v -11.8317404 33.9954262 166.9154510
v -43.9400063 28.4939194 37.6327133
v -45.0246735 27.6415119 41.4254494
v -31.6804295 8.8260632 205.2852631
v 38.3507271 27.0783577 181.9033051
v -27.1632881 55.2202301 265.3021851
v -41.7739830 32.0759811 34.9351997
v -44.8190956 28.8623447 40.6993942
v -17.3369789 34.5266724 172.4815674
v -35.2210388 9.9393044 207.8069763
v -13.5016317 35.4510651 -6.2526708
v -26.8023453 9.5516539 207.7931671
v 34.0531273 42.7775536 194.4142761
v -5.5755973 0.6376637 158.0985718
v -5.5581613 11.5469027 191.7169037
v 1.2672565 33.6923790 161.1843872
v 14.3938951 37.9496918 141.0453033
v -28.3684216 56.7608986 262.7075195
v -17.6890125 10.3733854 180.7835236
v -20.1197262 61.7333565 258.6683960
v 24.8310375 57.7561150 256.9870911
v -38.8498993 34.4320602 28.4947109
v -38.7713509 21.4821796 21.0813217
v -57.5495415 34.6292000 214.8982086
v 23.0515881 38.8832932 187.2491913
v -56.9794769 33.3581161 218.0437012
v -35.9723282 36.1539497 21.4481277
v 6.6955738 4.9199090 139.8620453
v -41.9359283 31.4496670 32.6353951
v -11.9786205 23.5520306 -4.6889606
v 33.9977684 7.3928828 203.9312592
v -51.5692635 14.5393963 217.7816772
v -17.6471596 27.0572891 -0.8353672
v -51.0635910 47.8648453 218.5527954
v -51.7545853 48.4115372 219.0369415
v 6.3791828 3.9399214 139.8679352
v 6.1209655 7.2716622 139.5551605
v 26.4259071 8.2578154 206.1754303
v -38.2179985 -4.5283308 51.6826439
v 2.2258096 1.5826778 175.9826813
v -39.3738213 -4.8293939 54.5894012
v 30.6795845 39.6530228 178.5803375
v 7.6144199 2.2592399 140.1761627
v 31.0518970 39.5680656 177.6891937
v 33.5365944 47.8977890 244.2265930
v -46.0919189 -2.7225852 67.9084854
v -2.7817867 5.3548174 193.7670441
v -57.3421326 21.2594643 228.8687439
v 21.1392117 5.4847007 145.6780090
v 23.4353600 19.0683250 141.5051422
v -54.6926193 19.7694359 229.1328430
v -15.6875668 34.8288956 175.5783844
v -8.1005754 10.5270395 201.4322052
v 11.7256613 38.1529045 114.5854721
v -16.5704460 10.3595438 183.4230042
v -8.4709730 8.5373039 202.7574158
v 16.3473225 35.0979614 98.4244232
v 20.0492020 0.4332845 145.8460846
v -11.3924923 8.0127687 165.9846191
v -38.0216179 41.5489502 201.3209229
v 19.8095436 -0.0459801 149.3414764
v -7.0621333 8.1332092 171.7476959
v -11.3776703 9.7477436 207.8761902
v -5.7183075 2.8930457 173.2124176
v -41.3148842 42.1633377 202.3624420
v -29.7693901 37.8008080 189.2707672
v 20.3308773 33.9319725 91.1339188
v -23.4078484 61.0511436 259.8464966
v -25.4400959 14.7349062 220.9666138
v 10.6689386 33.0405350 120.7016220
v -48.0474701 45.4277458 209.8197937
v 35.1726151 39.3736305 188.8585968
v 27.9336853 45.9012184 214.7850952
v 3.1209793 25.5089130 242.6988068
v -38.6019325 44.4988861 211.6455231
v -15.1692848 11.7188549 187.9568939
v 14.7444124 36.6522713 98.8450623
v -55.6394882 25.5693150 230.9830780
v -22.8282776 -1.7283888 35.5710106
v -31.5011292 10.0535860 208.5128174
v 35.9703941 40.5538025 196.4151306
v 21.3757114 31.3398972 91.6708374
v -31.4622726 15.9463005 222.8341675
v 31.9434319 5.5130582 197.2365723
v 21.5101738 30.2973442 92.0335541
v -43.4034805 20.8068256 232.2065582
v 33.6244164 47.6395035 215.2972870
v 14.2664280 35.4296989 133.2827454
v 5.1056223 24.4700336 240.8991547
v 28.4687729 42.2651978 198.4223175
v -55.0717201 15.7692423 221.2567596
v 34.2045326 41.3149071 188.7462311
v -46.1879234 51.4681435 230.7494049
v 20.1457367 29.6326847 95.2028122
v -48.2747536 46.8192062 214.0403900
v -50.7969627 47.4742661 217.5705109
v 8.5967731 0.8243819 169.4225311
v -33.0716286 10.9920101 209.7983093
v 5.0482678 36.2044678 126.6155243
v 1.3083608 0.9745223 170.3491669
v -54.0366554 44.2239037 203.3273926
v -53.6300430 44.5099525 206.6601257
v 34.9288101 42.2130508 193.6789398
v -54.2850151 44.1983070 205.3469238
v -7.4950962 8.9750824 177.0054932
v 12.1597509 38.5730324 104.2644501
v 13.5646925 37.1738625 101.8310165
v 4.5066314 23.9397964 239.2131958
v 15.4839115 30.2354088 137.1856995
v -38.6487503 -4.1563115 70.2392960
v 26.7901745 0.8733552 150.8810577
v -43.5862465 23.6890392 77.9828873
v 2.6364956 35.3071213 135.3463898
v -21.4900169 36.1028481 47.7142296
v -6.6615520 10.5002022 186.2358856
v 16.4564533 -0.1902529 156.1060028
v -47.1534424 32.0606766 244.0301666
v 12.7490320 38.2309380 102.0293274
v -42.6497765 39.6525764 191.4304962
v 0.7277747 35.9896927 119.2256012
v 14.4054327 35.4680786 102.5031128
v -39.8469276 15.0821180 220.5059509
v -46.3633804 14.2568922 218.2100525
v -22.5237961 61.6114426 259.3751221
v 14.9273891 21.8043461 126.6271133
v -4.1956544 35.0586357 129.4478149
v 18.4407597 33.5676689 142.6566162
v 11.0189619 33.7451248 121.9856949
v -35.8939247 -4.9055314 57.7405128
v -8.6282339 9.7056055 180.5154724
v 16.5612926 31.4360638 137.7859039
v 27.9796257 51.4962959 261.6233521
v -5.0314708 33.0132370 254.3940125
v 15.0426874 33.6044312 138.1032562
v 20.3746529 53.1258736 278.1909790
v 19.0678062 32.4370384 144.0920105
v 12.2678823 9.6303082 133.1858978
v -51.5171890 48.3038483 220.7106171
v 8.3059196 28.4084129 -1.9367965
v -14.3709345 12.1273565 190.4078827
v -12.2500362 13.5659933 196.4169769
v 14.2143641 31.8103333 106.5842819
v 21.6199799 27.0230179 143.2655029
v -14.4967728 11.9185181 190.2797241
v -11.5467253 12.6003752 198.3864288
v 16.3610725 30.9114075 102.2732086
v 12.6858301 37.4065361 111.2056808
v 33.3492661 41.5531578 188.3427734
v 12.8865671 36.3804855 109.3202820
v -58.3771400 22.6963959 223.6873627
v -11.0821733 7.7152843 197.7020416
v 13.5678682 13.0679436 129.7311249
v 35.7591171 40.2025871 193.8074493
v 13.0874367 36.8139381 123.2378540
v 14.9557610 23.2725391 126.8020554
v 0.8413955 34.1050110 255.7985687
v -22.1403923 39.0169640 261.5770264
v 8.1983032 17.0462227 1.4974461
v 9.5305777 37.6205063 123.7697678
v 2.0163851 27.6723404 245.5954742
v -33.2821426 12.2299128 214.1775055
v -11.2840033 44.3178978 269.6595764
v -21.2187462 38.2593765 195.1416473
v 34.9697227 44.3015327 244.0949707
v -49.3874435 21.1283226 65.7244797
v -6.9430728 5.8193083 157.2754364
v 1.0088749 35.8556480 124.9659042
v 11.6069822 31.4705753 115.4397583
v -33.6037521 18.0138874 226.9377441
v -45.1553802 29.5353241 73.7712021
v 37.2593765 37.1961861 194.3829651
v 43.2909508 13.7548637 217.2700653
v 10.3716459 13.9619837 122.7029419
v -8.4934158 10.5505438 185.0872955
v 19.5484676 52.0656166 278.4503784
v 35.7821083 42.6458206 202.3049011
v 13.7381544 27.6944752 109.0207520
v -14.3950911 41.4496803 265.9771729
v -15.1133127 33.7231407 161.6892700
v 14.5385609 14.7283249 130.4668427
v -36.3577805 39.4021645 63.4308968
v -53.4838371 31.7805099 229.9827728
v -19.6884460 9.6252975 173.9487762
v -19.4025612 -2.5869877 63.0983658
v -19.1301060 9.2424946 174.4658661
v -47.5791779 43.2092743 237.5847626
v -4.8369293 33.8809090 168.3052521
v 1.8056719 26.5629406 244.2449951
v 11.5993643 22.4907417 114.1384583
v -45.5250053 50.3790207 225.6045380
v 12.8993645 25.3523941 119.7941589
v 30.9804878 37.9084015 173.4592285
v 12.7721939 24.5809174 118.5697784
v -50.1098785 23.5503120 235.8190918
v -49.4435158 40.3875465 238.0043030
v -11.8679647 34.5506439 173.6804199
v -5.2093143 3.5240045 180.0635376
v -9.0509577 51.2741508 238.0441742
v -49.0858803 20.4922485 65.4751740
v 37.2882805 38.0490265 241.4055939
v -47.9722290 8.5627031 76.4097214
v 41.7298851 25.6825047 205.2681580
v 23.8858013 3.4831064 147.9258575
v 13.1939163 6.8267279 140.3448792
v 19.5135326 11.1475849 214.2531433
v 24.2897243 0.8582954 148.4485474
v 14.8664942 37.1754341 137.4754791
v -5.0301843 9.9655666 189.9004059
v 36.1114120 42.5872917 210.6242065
v -48.7511978 23.0935783 235.8290405
v 30.2209511 39.4270859 176.3733673
v 18.5118027 53.7481575 279.5001831
v -18.1677952 39.9121780 263.5961609
v -26.3435211 37.9906578 191.6087036
v -37.8879700 8.5230703 203.7681580
v -4.0885468 10.1683798 195.8008270
v 12.4092541 37.7214165 126.9352417
v 16.0217247 33.5166626 139.1961517
v -16.9008522 42.2789459 266.1500244
v 13.0182753 37.4757996 126.1347122
v 30.5413551 39.2624016 175.6250610
v 8.1284666 34.3930168 158.9979401
v -5.9868708 13.1452045 196.3940430
v 31.0539017 37.8010826 171.5251312
v -10.9570541 35.6797829 31.4167137
v -33.3468781 40.9599991 202.1781921
v -3.9924703 34.0098076 145.8653870
v 6.0797195 33.7672729 162.5650940
v -48.0503807 14.7113552 218.2788086
v 9.4046497 35.6735229 147.0811768
v -10.6229620 34.3694572 136.9082794
v -52.6351357 45.5142479 210.0804596
v -5.4871564 33.8000031 148.1023407
v 12.7938833 30.3711929 132.7393951
v 12.7795897 29.0534687 131.7363892
v -5.8763032 33.6736450 151.7385712
v -9.3753471 33.4554520 156.1836548
v 4.6814818 34.2352829 153.8571320
v -13.5984249 33.9338341 146.2032776
v 12.5093927 32.8062439 130.1522980
v 16.6264591 31.3807926 139.4441223
v 17.6764240 29.6205597 140.2304993
v -49.2655563 9.8702707 66.1455612
v 13.6649694 26.8095856 132.3237152
v -39.1950455 39.5404472 192.6986237
v -3.8834009 5.2809935 191.9363556
v -16.8388100 38.5653191 8.0322199
v 16.1321354 23.7473469 130.8595428
v -11.3321915 13.7876978 198.0287476
v 37.4538307 37.0336075 240.3511353
v 9.8872833 33.4908791 -4.1366792
v -45.7985001 46.5555992 214.5369720
v 17.6817799 27.9061356 139.3052368
v 13.9152212 31.0977840 132.5921326
v -41.2333107 40.3809509 195.1174469
v 17.8092575 21.7284489 236.7782593
v -57.9736061 31.8932400 216.0041656
v 21.5213757 18.9018536 138.9176941
v 13.5653887 0.5123501 142.6024170
v 14.3019323 26.1885929 133.2462616
v 4.5556440 5.7367916 140.1352234
v -23.6844902 33.6087761 158.1081085
v 7.9079332 6.7146263 139.4138489
v -56.9712715 31.0424271 222.3470001
v -50.2080612 10.6818972 63.6163635
v 8.9834843 4.7889123 140.0308990
v -55.8246994 29.2804394 224.4386902
v 11.9945898 38.3866997 107.1485062
v -53.3464432 30.2951260 230.9315186
v -56.4119225 26.5053329 223.8878784
v 9.4303665 1.2469655 140.8836823
v -13.8658810 35.4029465 180.2146606
v -11.4823275 8.3430672 203.9927521
v -49.7103767 16.4335938 69.8423462
v 12.6371593 31.0495148 132.7555542
v -23.1256161 52.2922821 270.9895935
v -33.6912842 35.7021217 171.5709686
v 12.1356335 34.6594315 109.7885742
v -19.7278538 55.9388084 271.9576721
v 28.4763031 48.5729828 262.8066101
v -25.7375965 41.6247635 206.1904755
v -28.3674259 41.4884911 205.3536530
v -8.3490725 7.8179007 165.2086792
v -26.3183956 37.0024261 258.3183899
v -11.6182070 37.9441795 9.5931654
v -23.0731335 38.3424606 260.5243835
v -30.1972370 36.6149025 182.3942719
v -30.5732327 46.6772346 265.1371460
v -50.2298164 13.2927094 60.3782616
v 17.7277908 18.7308445 133.6585236
v -48.9766006 41.4784966 194.4619141
v -31.6847744 47.5321579 263.5173340
v 3.3023620 45.2315826 220.6318054
v -44.0702057 33.1314774 69.4882126
v 34.3879967 46.6597023 211.1324921
v -29.4421921 41.1068306 203.1603546
v 12.5378857 33.2654953 109.8280563
v -7.0323691 6.9400816 163.4921112
v -22.9795036 48.3105545 270.5068970
v -11.1376257 38.3829536 3.1012652
v -55.3427582 27.8986988 226.5812378
v -56.1455040 25.8876057 225.8097839
v -33.2731438 20.8735123 232.7565308
v -5.8936491 50.7482605 277.5915833
v -40.5367661 14.3214188 95.0293350
v 35.0503120 44.2097282 202.2715912
v -16.7084255 33.6326218 156.1557770
v 15.5395765 29.3142624 134.4990997
v -42.0431671 49.4309998 224.2496643
v 9.2632885 38.0518227 111.0016632
v -39.9817047 51.1029778 229.2293396
v -8.4810524 42.5898209 267.5543823
v 3.5963488 20.1554623 0.5831558
v -10.0682516 46.8632355 272.6965332
v -11.8619337 10.0958729 196.0858917
v -9.5348454 13.7964592 5.5221810
v -10.1937542 6.3929667 43.2753868
v 13.2959623 33.4565239 133.3978271
v -20.2810631 44.8049355 268.0221558
v -17.4134178 9.6871071 179.3228149
v -50.8174286 16.4679852 60.0261955
v -10.3179274 14.3410740 3.8527126
v 13.0610590 33.1218452 133.5385895
v -3.9578285 20.3850307 1.4093636
v -49.7182655 49.5944901 223.5331573
v -20.4921951 49.0766602 272.0908508
v 24.5988750 0.0605634 151.9610596
v -5.0928292 7.2588763 186.4291229
v -51.4564171 46.7305946 216.0223999
v -4.9041629 5.7237864 186.9033508
v 27.9096031 7.5964684 203.9895782
v -8.9268761 15.5279913 2.3527129
v 13.7055607 31.6743069 134.4806213
v -48.6980934 31.8894749 242.5260773
v -8.9267178 8.5561075 172.6289368
v -45.4675941 25.4462376 240.0219116
v 29.6841431 7.3811970 202.6410370
v -13.3417692 7.3010511 191.9024353
v -3.6114116 33.4960632 150.6784668
v -33.5282745 38.1706848 189.4032288
v 12.3878822 28.9576778 114.4723816
v -54.6757469 35.0479164 225.1316223
v 12.4303551 25.3379211 114.0561829
v -54.7152557 33.5262070 227.8275299
v 12.5602455 25.5076866 116.8443069
v -35.8239059 36.8694153 179.6840057
v 17.0027332 33.3471832 140.1824188
v -39.4894905 38.9019279 189.0909576
v -48.2156601 25.2182484 55.0100899
v -38.5723381 37.9210510 184.2319031
v -22.3722420 54.2801895 270.5426941
v -19.2819786 7.8698492 202.6136475
v -27.5305786 6.1580434 196.6326904
v 5.2135816 3.3420992 29.5213089
v -48.7440109 23.5041466 63.2816505
v -16.4606533 34.1927872 168.8704987
v -19.5418053 61.7448769 264.2325134
v -0.1438766 33.8698616 152.0166931
v -16.9543037 7.0347471 181.2149048
v -13.6970940 34.2422409 170.0052185
v -3.1433520 33.6436348 154.4501953
v -37.3379059 39.2362404 57.3230705
v -4.9588122 33.4196777 158.3468933
v -5.7822342 10.0407238 187.0267334
v -16.9813709 62.8984604 263.3858032
v 41.8788338 26.9856853 199.9145660
v 16.9043999 33.6383247 141.0946503
v -12.9694490 35.5770187 181.3535919
v -9.3328114 11.8486147 190.5897675
v -47.2259178 27.1589584 51.3604507
v 22.7963638 15.1752872 224.3937988
v 26.6311016 35.4819107 259.8151855
v -23.1563759 60.6286583 262.3763733
v -49.1356010 21.1747265 54.2882423
v -12.8849325 12.8344374 195.7968445
v -8.6436920 11.3082676 201.3024750
v -54.3075981 38.8968735 221.3773193
v -28.8109951 58.2289009 258.3111877
v -25.6365070 56.5458679 265.9451599
v -47.4449348 27.0957279 54.6564331
v -35.1763611 39.0766869 52.0130959
v -19.8254757 54.4010468 273.0830383
v -9.1377850 9.0063257 200.3775482
v -27.0531769 7.7523537 202.2697144
v -51.7625694 47.1546669 217.8848724
v -48.9467964 15.6410990 220.1374664
v 3.3655281 46.3013115 272.8894653
v -24.0560303 57.7986336 266.3303223
v -52.5839577 35.9654045 230.8075562
v 19.2435493 26.5177956 141.0619354
v 20.6431389 25.9946480 143.3528290
v -37.7271347 38.9267387 54.9808617
v 19.8039837 25.4130020 141.7071838
v 20.5753021 9.8063574 142.2828217
v -23.5730247 39.8681068 200.4033051
v -36.6152267 12.1396809 213.9559937
v -19.2043877 16.1004658 224.0455627
v -3.1911950 55.6932755 248.2264862
v -12.6748953 37.7139664 0.6117306
v 42.3177414 23.7725601 209.9137421
v -56.3321686 24.1753387 230.3458710
v -26.9216480 11.9542475 214.1700592
v 18.0387402 18.5699711 230.5823517
v -24.7881756 36.7111092 185.6403961
v -14.3613319 7.1578183 200.4640961
v -1.6298770 0.0333183 158.1927338
v -0.8771318 55.5138664 247.8542786
v -50.6274376 28.1992455 238.4451294
v -49.1564598 30.5073242 241.3791199
v 3.6320672 24.5850067 -3.6748116
v -6.5418482 7.4162946 172.0064240
v -48.1080666 15.8367720 221.6587982
v -18.8027534 8.3706236 171.8757782
v -34.0826874 40.6796799 200.2781677
v -30.5861874 44.8786545 264.5784607
v 12.8368826 36.6438675 113.4110641
v -7.8574162 7.3092752 160.7005768
v -24.4225807 58.9624100 264.4088135
v -5.4014359 1.6787727 172.1503754
v 6.6457973 3.3114123 26.9699249
v 13.9185925 37.4880104 133.2379150
v 19.0041618 17.0086708 227.6959686
v -6.7750626 6.0730882 161.8993073
v 11.9051857 -0.2601167 150.3925018
v -51.9226303 47.7069016 219.1693268
v -8.1158161 7.2190323 157.3861084
v -51.9792366 45.6537666 218.6735535
v -7.7591729 6.5814881 155.5406342
v -7.3551574 6.6453829 158.8755646
v 14.0138369 41.7373238 207.9125366
v 14.0778618 36.4153976 131.5768433
v -49.6645889 48.9166222 221.6055908
v -16.0091877 11.2253675 186.1527252
v -45.1008110 27.3316269 64.9775620
v 35.1974373 43.2686005 247.8551941
v 30.9956207 8.7665815 208.1474457
v 7.6043024 37.0793304 118.6052704
v -48.2772331 48.7897415 228.2601318
v 1.0931928 34.1974754 149.3455200
v 22.9502544 7.3529959 146.7061615
v -14.5906439 3.4757676 24.5910282
v -6.0518765 2.7547157 166.7890778
v -15.7014036 10.8826256 185.0376129
v -4.9222255 0.6883841 164.5389709
v -15.7665625 10.2680168 186.5215149
v -6.3835745 3.9177675 156.7105713
v 14.9437370 32.6254005 136.4335632
v -4.8936353 34.3226814 135.5750885
v -6.5414858 34.3787956 136.8985138
v -52.6076813 42.3221359 222.2778778
v -6.4373941 34.2861214 139.6533356
v 9.6804686 37.7125587 118.8059769
v -47.4552116 41.8948631 241.4762573
v -24.0268726 5.3159614 193.6181030
v -29.9995518 -4.4700923 48.0049515
v -45.4096336 28.3253841 92.2379761
v 8.2244883 36.4590263 138.3374634
v -3.4580827 33.5728149 164.2027588
v -12.1363506 6.9296327 16.7783432
v -47.7007751 35.4780121 242.5485992
v -5.3149424 2.3641121 176.3308105
v 38.1813431 14.2622528 222.9454346
v -20.5016556 61.6947479 261.6681519
v 14.9416761 30.2771912 135.8950653
v -2.0103488 1.0927215 172.2270508
v -16.6062355 3.9202738 186.2230225
v -6.5354857 8.3142262 175.6278534
v -20.6664658 -3.2728446 63.0348701
v -19.2556896 8.5361404 173.9670105
v -18.7449074 7.4430990 175.4978638
v -19.2391586 33.7432175 155.9607239
v 2.6275024 35.4620171 132.5970306
v -55.4560394 32.5588837 226.3107605
v 13.4783258 23.0921612 122.0270233
v -11.4514427 13.3572483 195.8769379
v -13.1548967 9.8326998 180.3183746
v 6.5510349 34.2948151 155.2566071
v 19.9570274 21.3649368 136.8797302
v -54.2950287 26.1658802 233.8493958
v -21.1355534 3.1052816 183.9519806
v -16.9055481 52.0999451 275.5181274
v -22.2607384 -3.2439911 43.6133842
v 11.6822596 29.6415291 120.8436203
v -0.2043332 3.3284132 186.2786407
v 16.2541981 37.0234833 142.6893616
v -10.5013790 10.6267805 11.7143183
v 39.8561172 18.6737766 181.0134583
v 12.8830309 36.1725273 117.0247116
v -32.6272240 6.7646708 198.6837463
v 14.9491520 36.4568596 136.4651642
v 0.0927984 13.1053152 19.6189194
v -41.2269783 32.6466866 39.2376213
v -44.0437126 12.3250580 87.3239441
v -11.5798159 9.9899635 11.5881882
v 10.8421459 37.8672333 121.7700272
v -44.9687996 31.7233543 88.5165024
v 19.0624714 32.4872093 143.7650452
v -0.9664202 33.9674606 170.1916504
v -4.8110862 36.8444214 15.2741032
v -13.1052084 58.6445770 274.3196716
v -41.4702454 33.7297478 39.9697647
v 21.3748646 29.7231750 144.1631622
v -19.4729862 -1.9283404 39.1617355
v 19.5934868 28.7214165 142.6075897
v 12.2627783 37.5155029 140.6479034
v 5.8502507 36.3549004 130.1863403
v 39.3538361 19.5453854 179.1989899
v -3.4200721 35.4182968 -8.1373434
v 24.2654476 18.1602516 142.8117676
v -39.5198517 11.1958313 211.2203217
v -15.3031206 6.2456470 186.4418335
v -43.4249840 12.4050598 214.0981750
v -38.5454025 43.5650864 208.5371704
v 16.2251682 29.7867374 138.0625458
v -44.3206520 44.6123772 209.7258453
v 11.8621187 38.4869728 100.6691208
v 1.6652569 35.0422478 138.5308533
v -31.8150539 53.7030716 260.8056641
v -14.4113569 37.2400856 18.6157112
v 19.8124161 7.4239769 143.9810028
v 11.5343370 30.8975468 123.9784241
v 16.6294079 28.1683693 137.9599457
v 25.3195438 22.1381416 146.9196320
v -53.5721703 28.3949795 233.9676208
v -49.4851837 48.1118240 218.2294617
v -45.5773048 0.5391227 77.6373520
v -53.4021187 27.8454628 235.3276367
v -42.6231155 39.0672760 187.8661957
v -31.8704338 11.5414762 212.4673615
v -58.0383148 22.7715282 226.5759888
v -43.8868980 40.7346230 194.7816772
v 39.4613495 16.5589256 176.2643127
v 36.5688210 5.4772325 197.3921661
v -58.0439606 18.6818581 226.4176178
v 18.2598724 35.4562225 93.5457382
v 12.1018972 37.7811699 120.9839706
v 8.0228329 27.8106651 246.9665985
v -54.7081566 43.1286125 206.6849365
v 15.8222389 33.5556145 101.4017334
v 12.6526928 37.5349541 108.4449234
v 13.4630098 26.4018936 0.9571704
v 20.5894451 16.3838367 138.9819641
v -55.8772202 40.9064064 210.8079071
v 12.5884209 35.3612137 110.1129150
v 9.0122137 37.2052231 129.9440765
v -31.8757820 43.1732407 209.7819214
v 10.0594101 0.5392087 141.6636353
v 6.0808654 34.9685059 146.8451843
v -31.3257561 56.5670738 257.0768127
v -40.4201241 33.4896889 36.9849434
v 37.8976479 29.2439270 181.5282135
v -37.2124596 46.1403503 217.5330505
v 11.4512825 7.6260161 138.7030029
v 9.7408562 7.2913084 138.9694977
v 4.2760735 35.7847824 133.4894104
v 3.9625638 34.3188591 151.4355774
v 18.4336433 31.3339443 97.8296661
v 25.1769218 8.9351845 148.6128235
v 1.5371127 33.5664406 156.6471100
v 43.3217659 9.7773561 209.3085938
v 18.5229893 26.7620029 96.8570786
v -48.9148254 41.2727013 238.3237762
v -24.0244846 61.1290550 257.1859131
v -31.2022057 57.6495972 253.7286530
v 12.3045034 34.4522133 -3.0048590
v 1.0771184 23.0507164 237.7389069
v 15.5254183 26.6245384 103.4688644
v -6.5673771 33.7069283 145.6118469
v -7.8876572 33.9505119 144.3341675
v 36.7520676 30.8955097 180.2586670
v 6.5785885 37.0062561 118.7353973
v 5.9034534 26.3984070 244.2895813
v 10.7820015 38.4861526 107.1664429
v 17.9475670 29.3856182 99.5945740
v 12.1878443 28.1586781 130.0430756
v -2.2731962 34.4982224 139.3131714
v 11.0420923 33.3039207 115.0520554
v -13.9083109 12.5064077 191.5509949
v 22.0460911 8.4344864 145.3408966
v -5.1165652 34.2362595 142.5612488
v -45.5606499 29.7872543 243.2637024
v 3.4781520 36.1555252 124.4643860
v 3.7580295 29.5180206 249.3223114
v -14.2116022 35.3624001 257.6349182
v -53.9857597 28.5596275 230.7218170
v 1.5426604 29.2448425 248.7188568
v 2.2340038 35.8095207 128.1683197
v 4.5164132 27.3630238 245.2242126
v 6.4685092 37.1956635 116.0674133
v -46.4406815 28.1107178 52.6353378
v 2.6870573 10.5316296 20.8825340
v -0.2358273 35.0201607 133.7032623
v 4.0577650 35.2377586 136.4530182
v 14.2880259 37.9644966 138.1083374
v 14.8791971 35.6145096 136.1665649
v 3.9989207 2.2216866 180.4920807
v 15.5091763 35.4082108 138.3412628
v 13.6577473 2.8165536 141.6009979
v 10.6790524 37.7166824 126.4581909
v 22.1001778 0.1733272 148.0586090
v 15.9457331 32.8467636 137.9637146
v -13.8590040 33.5240479 157.7890015
v 12.0771160 28.7143478 117.1405411
v -23.7292290 34.4139557 167.9215851
v 15.8059063 33.6141930 139.3929138
v -6.4510040 50.3401566 235.9147034
v 12.4697638 34.3654747 126.2463837
v 12.3569279 27.0331573 118.6314545
v -27.5438862 59.7154922 255.8726349
v 16.0649948 28.5743427 103.3500595
v -32.9311104 39.1795425 37.7820663
v 8.7032166 36.7724380 136.9949951
v -27.7628975 39.2142906 197.0326691
v -29.4186554 39.4817238 197.7134247
v -4.5001316 0.3702886 160.6786194
v -2.5950830 34.2863770 142.8045349
v 13.2641602 34.3665543 130.6600647
v -12.3098707 63.8162079 264.4173889
v 26.6206474 56.1009178 255.6433563
v -31.8471127 40.9563293 202.0412903
v 12.6787939 33.7438698 129.3871765
v 3.1548593 34.0171356 169.7059479
v 24.4073620 53.7324905 270.6436462
v -52.3027077 45.1942635 207.3382721
v -16.7973499 8.6182232 172.2286530
v -52.8139305 45.3131714 208.5738831
v 17.5350437 28.6946030 137.5393524
v -4.6733446 63.8561707 264.8641663
v 16.0949650 13.2657976 133.7826538
v -36.4912033 42.5784950 205.9893341
v -33.1853943 38.6613350 23.4591846
v -26.1796093 34.7813911 170.5120087
v 16.9329910 28.9941864 138.9358978
v 11.1002722 16.3648624 121.8056564
v -7.0134840 33.6673737 153.2977448
v -0.6965325 35.8060112 121.2086105
v -1.9071386 34.4987183 176.0713043
v -19.4051132 9.2408056 174.7278748
v 35.8749275 27.3353271 174.0248566
v 16.4164658 30.6929474 138.9834442
v 13.5830011 30.2781506 133.6983643
v 42.9060974 13.5112934 207.4509888
v -1.6337394 35.3342705 127.9530411
v 17.0643806 29.8435497 139.2012482
v -43.1117859 32.2756310 47.0374641
v 14.3801422 26.3644295 129.4815826
v -9.2671843 35.8706665 183.8846283
v -31.5758533 39.1979408 21.1894436
v 13.1495228 28.0836811 132.1736603
v 7.8273144 22.9873924 -4.4224854
v -43.0437393 30.8922501 47.1692963
v -42.0331459 31.8907127 43.7014465
v -18.2972794 4.0475430 177.4766693
v 11.7431946 13.9369144 125.6102066
v -6.8122287 34.6125908 131.8184357
v -17.7018185 3.7366393 180.2845612
v -19.3870735 34.0623970 165.5313110
v 13.0269108 27.5940495 131.3070221
v -19.8085918 2.3873072 178.6194458
v 21.1490192 22.5954666 140.1511536
v -4.3133788 48.9478989 231.9709320
v -6.7496228 34.5422935 175.1653595
v 22.5559540 20.5535583 140.6531830
v 14.5321608 27.2174053 106.3762131
v -35.8423042 16.6506748 224.1649017
v -47.7605858 49.0346794 221.3456726
v -33.4702988 15.8031673 222.2951355
v 41.1889763 6.6481204 201.2037506
v -27.7187805 58.7040939 250.7513428
v -50.1798248 49.4676666 223.4473877
v 12.9442682 26.1892452 111.1468887
v 15.4947348 25.8021984 131.8452454
v 12.1732693 32.9635887 132.4751892
v 11.0263329 32.9076805 130.6866608
v -49.7164841 45.5701561 227.6773071
v -22.6878090 34.8697281 173.8309937
v -47.5531731 42.2646904 198.4868774
v 12.1492834 23.7818680 111.3500595
v 6.2789531 36.0222473 135.9746704
v 12.4808216 33.0606842 133.9687805
v -17.2846813 9.6559696 207.8197632
v -28.8345547 39.1536751 15.6384506
v -22.5787773 38.9642105 197.2001953
v 14.5883827 6.1047578 141.4219360
v -22.2993431 12.7847834 216.4824677
v 6.1353502 35.7274666 140.1918030
v 15.3517008 4.5281115 142.1446991
v 17.2663002 20.4526215 131.9513245
v -54.5943680 43.0065384 210.7377167
v -54.9554482 42.3937302 211.7132721
v 20.0433922 24.8637772 139.6801453
v -54.2891922 42.4511452 215.1794434
v -26.0775108 36.4113579 183.3461914
v -52.3473206 38.4548416 231.5235901
v 16.4948387 21.9725723 130.2006836
v -43.4598389 42.1121063 201.0740204
v -50.9692078 37.7169113 234.3620300
v -33.2281113 -3.7677164 74.3401031
v 12.5603790 0.1592016 143.3486633
v -22.7079258 37.2773590 189.3347321
v 16.9032612 22.8355484 238.7984772
v -51.4415894 46.1015205 211.0662384
v -21.4960880 37.6831894 192.6871033
v 11.1015844 20.3332767 116.7310410
v -46.6579971 42.7692871 201.0226288
v -21.8048859 37.7276115 193.0775909
v 7.4228749 8.3367796 136.6222229
v -28.5112438 42.7749405 209.7942657
v -56.3495750 37.4847527 215.1602173
v 5.0389051 7.6460195 138.0760803
v 18.6501808 22.5436497 237.7876129
v -23.7279644 38.1195717 194.0543365
v -27.9806786 18.0817947 227.5179749
v -50.8867569 33.2127228 235.8624878
v 3.7173188 35.0394592 142.6952972
v -33.7456741 37.3862495 184.7264099
v -32.6735916 18.9643440 228.1437225
v -52.5277061 23.6242905 234.3283997
v -50.9170418 30.0270901 238.9971008
v -35.6044617 46.0912704 217.8598633
v -57.2941818 31.9482670 220.3488464
v -5.8239131 60.4726143 280.3222351
v 9.0591364 14.0506983 6.8198614
v 15.4813128 18.2258797 130.6152649
v -14.8311224 10.6355991 10.9367256
v -57.2977448 29.2118206 220.5177612
v -35.5605354 39.0656662 192.6105499
v -42.2340355 35.7828979 80.3172607
v 17.8503418 16.5519123 135.0658417
v -14.1262703 7.3392982 14.4599209
v -56.3927307 35.8641281 219.1708527
v -11.0045614 61.5140457 259.4923706
v -38.5008430 47.1330032 219.7421875
v -14.3976307 8.2756996 13.2649660
v 31.7269020 39.9367256 180.5087128
v -1.6387898 35.6766434 258.3947144
v -43.6476097 49.7779160 224.4674530
v -41.0686569 45.9468346 215.3287048
v -13.4205694 12.1564293 191.0257568
v 10.6759329 12.4336967 125.4769821
v -42.7500648 46.8992310 217.1034698
v -45.6533165 50.9924393 228.2773743
v -21.0528526 37.2245331 3.9132860
v -10.8708830 33.5582962 159.0310822
v -46.7220497 51.1666985 229.0524139
v -40.6128883 44.6835251 211.2757721
v -4.1491976 24.4960938 240.8134460
v -12.3204880 33.5900497 161.6628723
v -47.6146088 25.8189449 62.0169411
v 42.6608353 5.2446747 195.0810852
v -40.7906113 35.7543411 42.5646248
v 41.1372147 4.8551984 194.4403076
v -21.6796818 38.7378578 7.3180866
v -13.5787811 12.5904102 193.1215973
v 18.7045879 8.4579248 141.7257385
v -10.1141462 33.9082832 147.5085907
v -7.5309319 7.5058575 163.9769592
v 1.1545804 6.3140836 139.7320099
v -12.5563393 11.2052326 195.6881714
v -53.4380150 44.0840836 210.9951935
v -39.4447441 36.7492828 39.3963394
v -18.5566978 55.6533318 246.9675140
v -47.6965218 33.7394485 244.0171661
v -53.7864418 43.5729256 214.2304077
v -21.6131001 38.3996239 6.2113104
v -49.8508110 48.2631149 224.6566467
v -47.7704697 10.9051685 74.9770279
v -38.0480270 37.4195518 36.4285011
v -20.8006611 34.4624176 170.3595581
v -19.1499043 34.8965263 175.2879639
v -41.1822052 24.0859928 238.1571808
v 15.6911621 26.6651421 135.5497742
v -2.8408756 2.9361441 183.6695557
v -45.3182640 27.7680225 60.3219757
v -53.9056282 37.5420456 227.0428925
v -19.8648281 38.0128479 4.3970218
v -55.4868240 35.6688576 222.8479004
v 13.3707714 35.2385521 106.1505737
v 6.4599090 56.6946564 250.2875366
v 12.3126774 33.6249046 133.3921051
v 18.5757046 4.3662558 143.9621582
v 13.2258806 33.0671730 133.0460663
v 20.8669949 2.4552653 145.5895538
v -24.4719658 36.1049652 182.1625977
v -5.5301170 1.2825323 166.2653961
v -55.9674911 34.4124146 221.1861115
v -23.8774300 38.4862595 21.1013527
v 16.6498623 34.1595612 140.9160767
v -22.0354652 33.8977623 161.0257721
v 17.0136395 2.0958560 143.2304993
v 1.5924283 0.1551601 160.3456879
v -16.4175358 53.8093376 243.6965790
v 16.7202053 33.5066071 140.3586578
v -50.1759071 46.0495300 210.7136841
v 13.8443756 23.1829071 239.4503784
v 6.7335758 34.2433739 153.1186066
v -26.9685059 34.3214455 160.9676819
v -23.0444412 34.0367661 162.2485657
v 12.8509703 31.7861691 133.1770630
v -44.8865623 6.8216453 85.4572830
v 12.5438509 34.7052803 108.6709900
v 16.9477158 20.9350281 235.4884796
v -45.3768234 28.6310349 54.1320152
v 14.9834728 37.9188080 143.4641571
v 2.8454480 34.1105499 153.1269073
v 41.8521614 10.5262117 189.4890900
v 30.7849503 30.7887840 252.9547119
v 0.5013363 31.9418812 252.5155334
v -44.4443283 28.9421844 55.6213303
v -4.5416656 1.0439879 169.7361298
v -12.4564819 8.4100571 170.3328857
v -10.6387882 33.9562912 140.4241943
v 3.2198911 5.1221685 140.1393890
v -44.2426605 8.3509951 87.4137650
v 4.1328731 33.8480644 160.0056763
v 0.2540616 34.4120865 144.9580688
v -7.0608835 7.7271743 167.4558411
v 11.0739994 36.3434105 145.4636841
v -1.8953125 33.4471893 162.5436707
v -18.9239578 9.8315783 176.5026550
v 19.4985180 29.1698284 140.9244843
v -4.2559390 7.4805112 193.5231781
v 14.2805481 29.3606510 135.0055542
v -15.9304056 33.8109703 145.0161743
v 13.5451479 30.0311089 109.5269470
v -4.1196437 6.2840395 192.9591675
v 17.9653530 22.4125118 133.8956757
v -17.4841156 9.3992462 177.5197906
v -18.0571575 10.1563883 179.5027161
v -5.9931917 33.5246964 154.7690430
v 0.4553815 22.0710735 236.3328247
v -2.9236317 7.4055018 40.3163452
v -18.1964626 9.5769682 178.5036163
v -17.9232292 9.7799473 179.5772552
v -9.4424019 13.6532812 199.3530579
v -31.3846302 14.4429455 218.5359192
v -45.0480118 31.3399315 78.6808014
v -18.2400093 8.9108276 177.5635529
v -29.9108620 13.2845669 216.9454498
v -20.2315426 33.7769547 152.2682343
v -41.0354080 41.3977776 199.1348877
v -1.9603903 33.6698914 150.2632751
v -7.8752894 33.5265121 159.1600494
v -9.5102491 13.2254686 200.1270447
v -17.5593128 9.8160210 180.5997620
v 35.3759155 40.3552780 248.2069397
v 18.7931862 28.6390400 141.3161774
v -9.7439375 10.4385128 199.7884521
v -12.9515409 13.0594559 194.7939911
v 19.0794315 28.4282627 142.0083008
v -17.6817894 10.4985332 181.5018158
v -9.6497002 8.1648922 200.6496124
v -44.4169693 43.2535629 204.2074432
v -10.9607620 7.7676640 201.9383698
v -11.4671078 34.1382561 143.7668610
v -11.5390711 52.1878281 240.4325562
v -13.2373142 12.7465477 194.9028320
v 6.4088612 37.3708000 113.1015778
v -13.8084745 33.8751564 147.7107697
v -12.7153826 8.9211941 193.5727844
v -15.9043951 36.1377220 184.3984833
v -51.6446495 41.0641861 227.6395569
v -46.5418205 13.7265606 79.1102676
v 4.3744016 36.6141243 119.9887619
v -17.4890614 36.8875656 188.2055817
v -52.7477722 44.8663330 215.4059143
v -43.8884964 31.8545208 51.5875359
v -11.5152025 51.0423431 237.3860931
v -41.4451447 39.2191429 190.4987183
v -11.4642391 25.5090408 -3.2740977
v -0.6094763 2.2655222 180.7595520
v -32.5505981 35.2545242 167.9726105
v -18.0293159 33.4771156 154.4476013
v -5.0680122 59.5784912 256.4534302
v -17.0253067 10.1666422 181.7526398
v -52.8378487 33.6753349 231.5471344
v -16.6036682 10.6799402 184.3393860
v -51.0868340 46.8488426 213.7378235
v -37.7304459 10.3356171 208.6560364
v -30.1384315 -2.3780286 85.5965118
v -53.9891663 43.7139511 208.8872681
v -36.0092506 11.0519562 209.6152496
v -13.0974503 6.2120667 195.8958435
v -56.0923004 41.7836113 206.9138336
v -16.6726685 9.9265347 183.6651459
v -50.0994492 32.1617889 239.6413727
v 12.9589157 27.8412189 112.1030884
v 16.1956139 9.8414278 136.7863770
v -16.9048538 8.7550755 181.9577942
v 21.1212101 19.5337029 232.9450226
v -18.6246204 35.3465309 179.0309906
v 7.2616076 24.9819241 242.1468506
v -24.6986980 35.7302856 179.6428680
v -14.2370691 6.0422444 196.1166687
v -31.3238201 38.4668617 192.1497040
v 12.4782953 27.0445786 115.4160461
v -48.2802277 27.2051048 239.5825043
v -1.8163471 48.0146713 229.7260284
v -32.1863213 41.8024445 205.0004120
v -47.4419250 21.9175777 233.8322754
v -44.9293442 14.6518993 219.3212891
v -34.6237640 43.7926407 211.5820618
v -5.0911627 1.4519870 173.2995148
v -27.0723305 39.2356720 15.0801096
v -50.1293755 47.0335159 214.1003113
v -50.7927475 42.2209969 195.9171295
v -18.7188892 3.1723318 183.8048859
v -25.5478554 39.0065384 12.5291462
v -36.2038040 40.3110924 197.6676331
v 16.6745338 7.3050771 141.7038269
v 17.4371529 6.2485352 142.8573761
v -20.0880146 3.7700794 187.3763428
v -37.2556381 39.9511681 196.2610779
v 13.4322281 38.0073242 132.5857697
v 9.9073801 21.9447174 237.0664673
v 13.3890152 38.1149521 133.8062439
v -33.8534698 36.2267761 176.5928802
v -47.8002434 47.4206696 231.0706940
v -39.4951019 38.2865486 61.9822960
v 11.0355539 18.5438251 119.3141022
v 23.1619415 9.7193298 145.6921082
v -30.5744228 38.9565620 194.4121399
v 18.7075119 28.5262394 248.4976349
v -43.6553535 47.8955612 219.5808105
v -32.2774391 15.6500168 221.3000946
v -3.2755027 0.5493129 165.6887207
v -45.8842926 49.2184868 222.1575775
v -2.0896893 47.3594894 227.4167328
v -45.8240089 27.5286102 44.9110298
v -29.9014225 14.3889627 219.3436279
v -7.5469036 8.0809650 168.8540344
v 17.4220695 24.8643646 134.9636536
v -45.9794998 44.6124115 240.5847778
v -57.6547852 23.9403687 221.1611786
v -46.5856590 44.4281502 207.3148651
v -48.6681976 40.2316360 239.4672394
v 13.7050362 34.5826530 133.9127808
v 24.4640331 6.1598225 148.3999939
v 11.4691076 38.3790474 110.7534866
v -48.4569931 39.2777405 239.5665588
v 6.7536201 35.4084473 143.5812378
v 13.1040745 34.3920975 135.8034668
v 12.1852541 38.0938072 112.0224991
v 40.2494888 23.4444294 233.2705841
v 14.0787964 31.0124016 252.0416412
v -38.7664604 42.4543076 204.9859009
v -48.3144302 36.1062088 240.7054596
v -36.8777313 22.7858887 236.2382507
v -36.8339882 11.1254988 210.6894073
v -6.2149320 6.3310347 171.7222290
v -52.0469894 46.1205482 216.9836884
v -40.2091141 36.6058426 43.4703789
v -55.1335220 21.6543369 230.9285736
v 12.7450047 36.0224075 111.4811630
v -53.1246948 43.3988991 218.4025269
v 3.4715638 34.3153725 147.6452484
v 12.2551270 35.2595177 112.8987961
v -45.4236336 32.0183334 244.9267273
v 12.4881153 35.4953423 114.4874649
v 10.2840462 38.0863647 115.0433578
v 11.6950045 34.6492043 116.2811279
v -16.7255859 10.7978706 183.5701141
v 32.6919365 48.9870491 223.3702393
v -45.7482109 45.4827766 211.4033356
v -1.8962729 33.4567299 159.0917969
v 8.3535309 16.8668041 227.1118317
v -9.6104755 7.6623688 161.7915802
v 5.0704989 7.5805378 19.3639526
v 10.8596506 33.9742737 116.3200531
v -15.1594048 10.3988905 183.1947021
v 12.3372660 11.8542404 128.8814240
v 11.0034246 33.9815369 118.9970322
v 8.5375414 37.4307632 121.2643433
v -51.2932434 38.5264435 234.1608734
v 15.9129000 28.6372547 136.8440399
v 15.9808187 34.6694756 139.6026917
v 34.4256363 47.3701744 213.5124969
v -3.8104119 33.1638947 161.0497894
v -58.1329346 33.2762718 212.8240051
v -44.6721115 39.1257439 186.2309113
v -15.0840273 7.9675059 187.0037689
v 17.6772652 33.9264641 142.1652832
v -46.2575798 23.1277618 73.6759872
v 17.2270355 34.3208389 142.0867767
v -51.1227608 18.2816162 226.7578125
v 17.4094620 33.9319344 142.2275085
v 18.9982185 23.2296162 136.8042755
v -44.8306961 40.3445816 192.4226227
v 6.9756989 36.9759445 124.1731491
v -8.0358591 48.9409752 232.1896973
v 8.2237139 34.5957642 152.8302155
v 15.1689730 38.0305443 142.0810699
v -55.4461555 42.4599686 203.9467010
v -5.1700506 9.2323751 187.7460785
v -58.5313339 28.7676125 217.0289307
v 28.5978279 47.8349876 263.0446777
v 16.1892204 36.0028915 140.8526001
v 18.5285263 20.8801308 134.1522217
v -57.3507233 31.4559765 221.2495880
v 41.7902985 24.7605534 202.2434692
v 14.6843014 37.4290428 146.1079559
v -5.3486996 47.2681274 227.1143951
v -16.9502182 4.1210265 188.2821350
v -5.6640582 1.1251106 162.4580688
v 4.3269744 36.0914726 128.0807648
v -9.6420097 13.4381208 196.7594757
v 5.6102109 34.1801872 157.0262146
v 22.0298328 59.2210960 260.4424133
v -55.7427635 26.0285969 228.9343414
v -13.0767670 12.9574337 193.9770508
v -57.0796051 40.2602882 205.5916443
v 1.0425620 35.3929787 130.3340454
v -23.9228706 -4.0199976 63.8072510
v -55.8218002 22.7239342 230.8984680
v 17.3644161 32.9232597 141.2645874
v 17.7932682 32.8108025 142.0851288
v 1.6037716 33.8168716 166.1420898
v -10.2204208 10.8829660 199.5866852
v -44.5223694 24.6880360 73.4637222
v -52.2155151 21.7210884 232.6444855
v 3.9882123 8.8011904 20.7738762
v 18.4487743 31.8348217 141.1011658
v 0.6463287 34.9728394 132.0705566
v -10.4750032 9.0828600 175.9681702
v -16.7065258 9.2345638 175.9612579
v 13.9795408 38.0498772 136.1755219
v -41.8050308 12.5549316 91.7765579
v -1.3433572 34.8441582 135.7982178
v -4.1738596 46.8482895 225.7960205
v 11.9658957 38.0436058 116.7275620
v -30.0784397 10.0652771 208.9055176
v -7.1951370 6.1433158 154.2850342
v 10.9207230 38.0144157 118.0848618
v -33.9088402 11.8994274 212.0693359
v -18.4643993 5.8623743 176.2279663
v 12.4728823 35.1744347 119.0673676
v 12.5731440 26.5726624 121.5131073
v 14.3640242 35.0673523 135.3501892
v 4.7027960 6.9664907 139.5993652
v 18.6403790 12.9446573 137.6904755
v -59.0148392 30.3770084 216.2867279
v 13.9354963 34.1465988 136.6577911
v -58.6711273 29.9214859 217.6135864
v -17.2319965 38.0626831 3.0660739
v -51.6006546 48.6395416 220.2760925
v -17.2741966 4.9050341 180.6018372
v 13.4359217 24.1087952 121.4791183
v 18.6893253 18.0851707 229.1217957
v -18.2436733 3.0442061 180.5283508
v 14.8293667 32.0151443 136.3376617
v 0.5866013 21.9239769 -0.4090481
v -3.1339271 3.9589846 188.2101746
v -3.9094446 4.3244758 188.7584686
v -45.0851288 27.9066467 71.0359192
v -36.1653824 14.7491884 219.8129578
v -14.0826750 9.7201176 190.3326721
v 19.8579845 19.3782787 231.9851990
v 13.2529202 20.6441498 124.9593124
v 15.7286949 31.2886734 138.2775726
v 12.4903917 21.7899303 121.4447327
v -10.2818165 9.1392469 198.6343842
v 5.5438256 2.0637407 140.1639252
v 10.7897158 32.8429642 123.3103638
v 6.7365646 1.2175416 140.5633850
v 13.9859142 32.9462395 136.5047455
v -39.1254883 34.3576202 30.8979931
v -12.7936630 13.3055840 196.1171265
v 5.0884089 36.0759277 127.3872299
v -11.7526665 11.3901052 197.5855255
v -22.4614906 -3.9029841 52.8575096
v -3.5381947 46.4500885 224.3597260
v -41.3398094 1.5911185 89.7443771
v -4.0365067 1.3104216 173.8090515
v -11.9231415 10.9883528 186.2989655
v 8.3275948 35.6558800 143.3307037
v -46.5970268 17.0627155 224.6094208
v -3.6274464 45.4356079 221.6791992
v -38.9343758 35.6509171 31.1358833
v -11.2243805 7.3059273 198.5298309
v -19.8729458 37.5598259 191.5780029
v -39.6895027 -0.8520765 88.6199341
v -4.0282626 1.8889457 177.7119446
v -4.8122039 2.0814781 177.6094055
v -9.6548138 34.4832001 135.6876526
v -43.7354660 33.4965744 83.3514099
v 12.8730078 26.3893528 123.6159439
v -16.4839363 5.1781187 193.2216949
v -33.3946724 7.5497308 201.3061981
v -13.8303490 7.8026590 162.6445312
v -55.2151146 31.4984474 226.1626434
v 6.2720432 17.7051182 228.3779755
v -8.9973574 7.4665804 157.8269043
v -2.2535193 1.5271221 176.0463562
v 16.1034317 28.0740643 137.1401672
v -41.9498558 43.8231583 207.8898163
v -6.6729145 5.4451466 154.3890381
v 17.5196342 26.1734581 138.3675079
v -39.6529312 34.3197250 33.9763184
v 21.9509411 0.7869815 146.7327881
v -27.5468483 40.9124031 203.0845032
v 31.3759842 6.0183811 199.2875519
v -48.0837135 13.8712502 216.9663544
v -39.5068817 9.5763760 206.6543121
v 13.4189243 26.3229790 126.0996475
v -14.9546843 5.4992080 188.0772247
v 8.8208885 44.7317848 218.0048065
v -15.4756622 4.7118707 187.7622833
v 21.2627697 20.1182537 138.4561310
v -14.7055244 5.2396531 191.9407043
v -19.0538578 8.0833864 169.5634766
v -51.8892136 20.1083641 230.0971527
v 19.4873505 19.5018368 135.8661346
v 14.7610054 20.4273472 127.8221588
v 12.5056801 37.7122421 118.2362595
v -49.3107033 15.9940176 221.8681335
v -9.0481110 38.3206215 2.1902781
v 5.8931365 6.3071485 20.4122524
v -48.5775719 47.8122902 216.9848633
v -19.2223625 33.8497849 160.7799072
v -3.1446803 0.0295116 156.9992828
v -4.7390900 0.2066280 156.0693817
v -51.3602829 46.1721497 220.7451630
v 13.0561438 36.6794014 120.6270370
v -6.1660295 1.9334270 160.1241913
v -39.4941940 45.4259453 214.5782318
v 5.5776596 34.6521187 149.3503876
v 13.2734671 10.4369688 132.3107910
v 6.2234898 15.7482548 224.6279297
v 7.3896499 6.3584752 18.8434601
v -41.0332794 48.5367508 222.2104797
v -44.0632477 25.6177597 84.9650421
v -44.8728333 48.0789642 219.3832245
v 18.6762524 25.3082943 139.8487396
v 28.5261650 45.3308716 211.1047974
v -0.0364687 33.6471138 155.4547424
v -28.6754818 35.2740173 173.0487976
v -58.5149307 19.7957058 226.8824310
v -36.2429695 18.0702248 227.0917511
v -36.0172081 36.8864250 23.6363831
v -18.5436668 8.7803574 173.6452942
v 7.7593579 -0.0967108 157.9589844
v 12.5839272 38.0298080 106.5108337
v 7.2286019 36.5574646 133.1637421
v -34.8512764 14.6025839 218.7905731
v -7.5166817 26.3744049 -3.5958111
v -41.2332458 19.8595791 230.5427246
v 4.3946528 36.0095253 131.1598511
v -47.6054878 49.9742966 225.3581696
v 15.4544344 28.4709740 248.2454834
v 10.7610922 15.5053740 224.3228455
v -19.4464455 7.8752408 172.2126923
v -33.7685394 13.4572964 217.0471954
v -6.1658754 33.5426292 161.7297821
v -6.8238783 33.9015656 167.6890717
v 13.1406345 36.3008614 107.2068634
v -19.4296761 3.5385993 173.3340454
v -19.2158070 2.8435361 175.4320831
v -20.4356976 1.8872832 173.0727539
v 9.3193493 8.3964672 136.4053802
v 10.2177505 -0.1270848 146.0210724
v -53.2560768 43.8652725 201.1334076
v 7.0489268 7.7271557 138.3197479
v -54.6232414 43.5405235 199.6687775
v 11.8227482 32.0358086 127.4286652
v 5.3734856 1.4322586 175.0740662
v -13.2546062 4.2239885 27.1144886
v 11.1277304 34.2625122 112.2201004
v 19.0872574 0.4314821 166.0459137
v -34.7193527 37.5880432 23.0358410
v 28.1143932 0.4281427 153.4122009
v -35.6100998 -3.0310531 80.5718536
v -23.7576694 41.7464218 264.0521545
v -50.8436966 36.9960060 234.8212738
v 41.3456764 8.3014135 206.6650238
v -50.2502174 36.5133286 236.6350708
v 20.8563461 11.1724739 141.6922607
v -6.3696175 9.1309471 180.4364319
v -50.6868439 34.7894554 235.8156738
v -52.7005959 35.5342865 231.0816345
v -7.0418539 9.7744389 182.1277618
v -36.9128036 37.3625069 182.2511597
v 10.2551517 2.6311643 140.5875702
v -51.2616081 31.8796101 235.7532959
v -5.9015322 7.3879843 178.5596466
v 10.9895573 42.9291382 211.5764771
v 14.9687061 11.3358135 133.4018402
v -41.2704430 38.5313416 185.4351654
v 11.4984550 35.8688049 148.8026886
v -49.2319527 32.5563583 241.5968018
v -8.7239580 33.6712189 151.4756317
v -41.6356506 22.0369358 86.1178818
v -5.6191525 7.8709912 182.1562653
v -4.7847552 9.5698824 190.3636169
v -37.3979492 38.3642654 187.7034912
v -5.9979463 8.3604002 180.8102570
v -53.4438019 14.5277061 218.4645386
v -53.2316971 36.3399124 229.0720673
v -6.7047167 11.6006002 190.4892578
v 14.4093580 9.0636721 136.4108582
v -11.4513855 33.6755638 153.1796265
v 14.6960983 22.7342377 125.5004196
v 12.0245810 8.7585373 135.7187347
v -53.0099640 34.7274055 231.4392090
v -46.2172432 26.2512646 240.0857697
v -53.6495361 33.8952065 230.2880402
v 10.2590952 6.4999819 139.7434235
v -14.4390230 11.6274252 188.4816895
v -45.0397415 18.9454155 83.1979980
v 12.5496283 37.6808853 123.2888412
v -23.6319809 37.7378006 191.8576660
v -54.4326477 17.8652954 225.6106567
v -46.5728493 24.3875942 238.3426361
v -16.1285496 33.6819992 158.7184906
v 14.5256681 24.4927578 127.1075592
v 12.1566801 4.6436100 140.7549133
v 13.5117054 35.3873329 127.7533951
v -13.5959263 33.3172340 159.9262238
v -46.3719063 40.9496651 195.0078735
v -16.0801697 0.0890944 47.6501961
v 21.7314987 37.9454994 68.5434723
v 25.2462006 37.9292564 40.9660873
v 37.7112274 36.9229507 197.2188263
v 23.1443157 37.4489708 45.3712502
v 24.0084476 26.3621979 70.4925613
v 22.7703323 37.8335381 61.9025917
v 21.9398060 25.9449291 72.7909546
v 21.1547966 37.9283447 73.8458405
v -20.2433376 35.2970238 113.9947739
v -20.2235527 12.5066080 119.8752289
v -6.9684424 18.7595196 103.8099060
v -7.0814466 17.5888367 107.6375809
v -7.5826378 16.7168732 109.2513733
v -9.6940050 15.2030478 113.0691223
v -10.2299118 15.0796528 114.7097702
v 36.2303581 32.5495377 251.0214081
v 25.7991714 37.9126053 31.0069370
v -30.6050205 38.5955315 16.7083607
v -6.3119369 20.0949879 99.4525375
v -6.6032314 19.4724770 101.5020676
v 9.5841236 9.5471201 12.4348316
v 25.0878944 37.8811378 47.7461205
v -20.2077389 6.6100106 158.9342346
v 0.1858805 33.6841965 -7.5957255
v 31.9992905 34.2570305 36.4307976
v 33.4396286 9.3993673 210.2798767
v -15.0287113 1.4540318 41.4808655
v 8.1659498 11.2487392 11.0862570
v 31.4439640 15.5548563 66.8001709
v 22.3704243 32.6953316 87.5656662
v 35.6926651 4.2552824 192.5310364
v 8.0336428 42.5605698 211.9298401
v 0.0413167 36.3013153 19.3490849
v 19.8007355 28.2546482 95.7386017
v 13.0219507 38.3624420 99.0186081
v 32.8731422 30.3502655 51.7140808
v 36.3993454 40.5683250 200.3635254
v -28.3534374 53.3597641 264.9249878
v 27.9684658 6.8582339 201.9969330
v 37.3143044 39.0234489 202.4295349
v 16.4445095 36.2808113 95.8865814
v -22.0068951 34.9162598 123.4918137
v -28.8159695 38.0600624 12.9920702
v 13.3435268 38.4188042 97.4247055
v -1.3316678 36.7647018 15.6790009
v 25.6383114 37.8597679 57.2303429
v 27.0161057 47.6076851 221.5048065
v -30.3025627 53.6191292 262.8627930
v -31.1668644 35.3279419 133.8780975
v 29.0299263 31.0549469 57.9809265
v -48.9324837 7.8728380 71.9730148
v 34.2460785 25.6601639 52.6917038
v 35.0040054 11.5514660 50.1466370
v 41.9901047 3.5858569 186.2556305
v 35.1156006 20.6606903 54.8263779
v 38.8258820 28.1161652 183.8130341
v 42.7261734 3.9845614 185.5888367
v 18.5846004 40.6324196 200.7387695
v 19.8705101 59.0529099 265.0398560
v 31.0020180 45.4517670 208.7855530
v 30.7780457 40.1706161 263.0029602
v -9.1141176 33.6903610 -7.4867229
v 33.2629929 5.2701998 196.0529785
v -20.0167198 35.5981522 111.2794418
v 5.4728699 16.2517567 109.4696045
v 17.8577709 9.2722597 15.0907469
v 32.8924141 22.6841793 58.1998482
v 28.7432880 -2.0916500 68.1308670
v -6.6958342 17.9260044 1.8280197
v 33.1148949 44.6708031 203.5815125
v 11.4345493 40.6269188 203.8966217
v 40.3214264 26.4828625 190.5916138
v 6.3277788 15.3733845 86.4671707
v -45.0005646 2.4419456 81.7373428
v 43.9889946 7.5676455 197.2346497
v 40.3064346 27.8793201 189.5335846
v 42.9269333 7.1931829 202.3459167
v -1.3428236 12.4647160 121.3213882
v 14.2738543 22.0335464 92.9860153
v -14.1580248 36.8590393 22.0391598
v -7.3681178 35.5138206 85.7463760
v -17.3463612 37.0902481 1.1399372
v -20.2678127 56.9220390 249.4885864
v 39.3303299 28.9055119 186.8622131
v -17.8129196 12.8647842 120.6205368
v -6.2358718 10.7442074 130.5628357
v 35.2442284 7.2336025 42.7543793
v -63.3173637 26.1568298 195.0988922
v 35.4482422 13.4338236 52.9724808
v 22.7606010 35.3100777 82.0434036
v -64.7069244 22.8286209 193.1621704
v -3.9094534 22.9125900 -3.5990343
v 42.4929314 14.0743942 204.0544434
v 27.2385292 48.7288589 269.3796387
v -10.0282784 52.9511719 242.9775238
v 35.0776520 44.1435623 200.1058502
v -17.9707184 34.5473251 132.0752563
v -7.4649811 12.7132072 18.3507195
v 33.0969772 8.9684258 62.1019058
v 43.7471619 7.3018479 201.5160065
v 27.2992573 8.5804634 207.2707825
v 43.0189705 11.7843580 201.4229584
v -11.8599110 7.5043278 154.0646515
v 18.3324337 39.6036415 196.2603149
v 6.1201439 0.1539038 143.0001221
v -23.8663940 60.6538429 255.6487274
v -3.2478161 13.5590324 95.4895020
v -27.2542267 59.8197823 253.6355896
v 30.5315170 11.9471016 67.8240585
v 30.8379288 11.0187616 67.4644165
v 40.2233887 13.3852272 220.7576141
v -4.7417989 51.3079376 239.0870972
v 28.5943146 11.0381231 70.8190460
v 28.4452877 11.9221745 70.9502182
v -6.9442043 37.1336632 13.6848888
v 22.4444427 37.8846970 73.2202072
v -14.2401981 3.0940130 57.3352280
v -19.7023811 -2.9957981 58.5370178
v -43.8812256 15.1635647 87.5345001
v 17.0763741 37.3808365 81.6002045
v 35.5287361 44.6706314 207.2674866
v 13.1325932 38.5722008 95.4755249
v 5.1628180 36.6653900 92.3240051
v -41.9951973 36.2546730 69.6490784
v -20.4185085 33.7751656 157.2555695
v -12.8334408 4.2242842 52.9269600
v -58.5317574 39.0261612 184.5685425
v -34.5399857 3.9560771 187.3298492
v -12.0742378 54.7819748 246.1607971
v -1.4701140 25.4933434 242.5785065
v -44.6621933 31.3670006 59.7224159
v 4.6431117 38.2726746 2.8006837
v 1.2941664 36.3022842 115.5736313
v 43.1155548 10.2684097 196.9915466
v 2.3516243 24.4951744 240.8798218
v -44.8354950 28.5679626 58.5450859
v 43.5923691 11.5276241 205.1340179
v -44.4678192 16.4933681 85.3258286
v 26.3303089 39.5368423 186.2934113
v -45.4181252 17.9296455 82.7915802
v 42.4605751 10.7234087 193.9357300
v 32.1026497 41.4909019 188.7340393
v 41.9784241 20.2036400 203.1257782
v 42.1794090 21.3491611 203.0301208
v -49.4459839 20.3994751 59.6538200
v -61.5532951 16.8955936 221.1517181
v -2.9468677 15.3439331 15.2874794
v 7.0945625 38.3675690 1.6167238
v 41.6997299 18.9702778 223.6973114
v -10.0665951 15.8787603 114.8310394
v -57.6899452 40.8617439 186.7378540
v -53.7661057 42.7763786 196.0196228
v 22.6705990 8.7627573 207.7697296
v 15.8997936 25.4296513 100.8511505
v 30.8066673 33.1477394 46.6277237
v 1.1752276 63.8076324 280.5083008
v -2.9783287 19.0501976 5.6209693
v -9.2168446 18.6901665 -3.4682174
v -49.7371216 21.8585052 61.5148048
v 7.5775228 49.9254532 234.4704285
v 21.2677917 37.6502304 78.0854111
v 41.6664391 15.4152718 193.4664764
v 35.6087990 45.0852013 214.9819336
v -47.2267990 1.6394786 73.4490356
v 30.0792332 39.7481956 180.0348053
v 42.4330635 21.3847942 195.3964386
v -6.2693176 30.1490116 250.0086517
v -57.5847321 36.7121887 210.3852386
v 41.9566650 15.9223700 198.2693024
v -38.1476669 39.3449860 63.5905838
v -0.7550148 17.0786533 10.7143040
v 40.8289642 22.4084663 221.1377106
v 6.8396707 21.3170013 92.1357880
v 40.9211121 25.7250023 194.4476776
v 29.0581837 -3.6187568 64.4559860
v 12.3076372 48.2756462 229.1926270
v 12.2693672 47.3793678 226.2431335
v -15.3432388 57.3722610 250.8066711
v -48.1311913 6.5489273 75.0005493
v -1.9949393 13.4268360 118.8172607
v -44.9103165 31.7242451 71.9313507
v 13.8964624 47.7622833 227.3205566
v 12.5703335 35.3093681 -2.8581223
v -33.1559906 35.1370926 140.5859222
v 41.3883896 19.4439316 189.2103729
v 32.6974831 50.3704109 229.0722351
v 42.1319542 21.2727432 190.6371460
v 37.0040665 41.7245369 215.2888641
v 40.0033417 17.4481392 179.1320496
v -37.7086105 39.8471680 73.5654602
v -40.8399925 36.4760666 48.9696007
v -4.5522456 32.5139732 -7.2408834
v -37.2592316 1.2038696 96.7578888
v -1.0694289 14.5556841 110.6295776
v -46.6121407 10.7548485 78.9566956
v -37.5492020 39.7661324 69.4488220
v 0.0853158 12.9523249 91.9320526
v -0.0660841 12.1622925 92.8005829
v -6.6239991 11.6970596 126.5157623
v -4.4648595 10.3113585 132.2188568
v -2.1250944 37.7860222 7.6253505
v -16.9504509 57.6739044 272.3026123
v 8.6996670 2.1623223 28.7234097
v 42.1828156 22.5420151 207.4391479
v 41.6420250 27.2374382 196.6459045
v -2.4007483 8.5713940 35.2372513
v 16.2203712 46.7858887 223.4639435
v 34.0129051 27.8509521 48.9396591
v -66.6661453 12.0755644 200.7556000
v -47.4864540 12.9559116 77.4615860
v -9.4062843 24.1378822 -4.6746116
v 42.1266899 24.2856236 211.6155853
v 41.1510735 26.3554192 195.4744568
v -48.7086411 10.2074347 69.7723083
v 4.0994186 9.3733959 89.3414154
v -15.7275124 59.0767365 271.6075134
v 17.1823292 59.6257553 267.6920776
v -21.5286636 5.6935372 159.1145020
v 10.7605457 43.9410095 215.0446014
v 39.8521194 21.2467175 178.9315796
v 22.5288219 46.6118584 220.5091400
v -22.1068230 2.3561103 179.2831879
v -5.4704990 19.3556023 96.5223083
v 3.5442300 21.7250233 235.8572083
v -22.1320648 -3.8122063 61.2938423
v -47.6649704 14.3333616 75.2550735
v -11.7102728 11.9341173 125.9410019
v -12.6268044 26.9993801 -2.8672090
v -26.5175495 3.1914456 184.0432892
v -26.4494724 -3.9148161 44.4056053
v -49.0599442 12.1976614 72.0229492
v -47.2219887 15.2416782 78.2687836
v -29.3980350 4.9236870 191.6571655
v -29.1102657 -3.8072772 42.1762886
v 8.0146360 19.3345661 83.8754425
v 25.4430237 37.4374619 62.3882027
v 32.0828705 37.7092400 175.7668610
v 31.3261471 29.9109802 56.4286270
v 39.1683083 22.5074940 177.0169373
v 42.4516754 23.3168106 207.5979004
v 39.8244057 25.6084423 187.1692047
v -3.6480179 14.8871307 96.3802185
v 39.2162743 32.5704117 197.9080505
v -30.4539948 34.2959785 146.7497559
v -57.0596046 39.7252960 170.6949615
v -27.3616734 37.1833458 51.4443588
v 4.4082966 23.3910351 238.1271057
v -34.1712532 34.9794807 149.7996216
v -35.6960106 39.0021400 37.8658905
v 26.0724487 46.1196976 216.4507141
v -0.9123350 20.2406940 95.0369797
v -10.9989958 35.9228630 100.7129211
v -47.7277374 12.6913939 214.6860352
v 20.7645226 9.8236122 77.8588486
v 41.6739120 26.3174229 211.2731323
v -25.8738842 34.8220215 132.7783051
v 27.2825718 37.9668694 36.2365685
v 33.9159088 23.6273003 52.3836937
v -11.7830114 34.6765556 132.5058441
v -62.8331642 29.8363228 185.0528717
v -41.3255997 36.4159126 55.8409462
v -34.0741425 35.0386009 145.2893524
v -6.1033053 16.3772850 99.1067505
v -12.8193436 60.6775436 271.4091187
v 13.9634390 37.3779831 78.0616150
v -36.1194038 35.0783463 152.8544312
v 26.5675602 48.1085243 270.9565430
v -23.5283451 -2.7457323 39.6911469
v -38.2998428 35.6207123 154.4960938
v 14.5669880 42.7285538 210.2801514
v -63.8206596 27.1576920 192.4049377
v 0.4710505 37.9912224 0.9171714
v -29.5239677 -1.4571587 90.2989655
v -5.4309745 14.7964993 98.9333038
v 20.9340000 35.1923409 87.7479553
v -8.1412601 14.8995810 103.2401886
v 21.2474155 5.5678673 78.0101929
v -24.8372154 33.9872780 152.2704926
v 7.1210861 4.6829114 23.1703339
v 9.8419647 12.4516888 84.7152939
v -5.8371439 55.2748909 247.7579803
v 30.5179653 24.6544266 64.3402405
v -47.5906906 22.9465675 70.5284348
v 31.2978649 24.0928402 63.5310135
v -16.7397003 36.1640930 -3.5361876
v 35.3368912 22.2561550 42.8858185
v 21.7164001 28.8995342 91.6258392
v -32.5516129 39.3204651 32.7593460
v -24.8656731 0.4468668 146.5442047
v 40.2368088 29.1196384 192.5547791
v 37.0337791 27.8449802 177.8972321
v -8.6622229 17.8956394 102.2407379
v -3.6305592 4.8355198 144.5624390
v -10.1696815 16.6973095 105.5680313
v 39.8179932 31.9820023 203.0133209
v 36.0067291 43.9512596 216.0820923
v 17.6892948 36.7115936 91.5736389
v 19.3880558 36.2744789 89.1668549
v -10.4724627 17.3675766 106.0588837
v -23.0055351 5.2276540 149.8634644
v 17.2394600 36.5932503 93.0265884
v 7.1654429 32.8612099 -5.1237836
v -49.2384491 19.7001591 64.1929550
v 7.8538771 34.4007568 -5.5506821
v -9.5071039 14.3718157 106.0362167
v -11.0935669 16.6136703 107.6675568
v 12.6255388 36.4898796 64.9187851
v -28.2679062 51.6826630 265.6971741
v -11.8496256 13.9252882 116.3339920
v 35.9282494 41.5071068 199.1859741
v 17.1397743 27.4586239 100.5870590
v -0.0260675 -0.1225700 146.7492828
v -11.8245316 13.3085861 117.2437973
v -12.8008184 13.6338091 117.7194366
v -13.6043100 12.8503647 119.4116898
v -6.2761655 61.9767456 260.9610596
v -58.4092712 40.2091484 180.5038300
v -58.3991508 4.6455321 188.8920288
v -22.1276188 36.4685669 42.8943176
v -10.4810934 12.4292879 108.8686371
v 27.0752869 22.9129848 69.9892197
v -4.9397388 1.9404309 149.1309967
v 25.4438686 27.5850239 68.7344131
v -15.6484528 12.8470592 120.6025391
v 35.8578224 13.0810947 46.9944458
v -39.2950935 0.4873210 92.1880875
v 32.1157799 8.1276989 205.4221954
v -13.8313580 11.4725628 122.5218430
v -14.5142326 10.5382309 115.5271301
v 0.2412089 50.7673035 236.9176331
v 23.1187191 41.0141144 198.7082367
v 26.0652523 24.5121803 69.6545715
v 13.0830421 28.1947136 247.8354645
v 29.5491047 22.1576385 66.1914139
v 35.4194870 43.2119675 198.9689941
v -33.3563957 2.4909291 179.9735413
v -25.7961864 59.3099976 261.5338440
v 12.2712564 32.3131752 254.1511230
v 28.0664043 6.6049104 72.0750427
v 13.8303347 25.1312561 106.0686951
v 34.9539261 22.6541786 38.4731178
v 31.8970413 48.2040939 219.9989624
v -44.6464272 -3.5761993 68.2483902
v -26.7691917 39.1435280 18.6324368
v -17.3401356 36.2631989 33.9135361
v 23.0004826 12.3706112 76.3199997
v -38.0431137 -0.6312392 91.0698242
v -5.7953210 35.7758369 113.8024063
v 33.3576584 26.1566734 36.5937958
v 33.9683800 44.2284813 201.3567352
v -41.8931885 9.6671143 93.0081558
v -11.5948792 35.2576218 122.2097855
v 34.2576790 19.1154099 59.8292542
v -40.5334015 12.5851984 94.5875778
v 32.7502785 16.1466579 64.3622894
v 10.0243549 15.5428076 119.7690735
v 32.7368355 15.0754213 64.1368942
v -22.5793591 58.9548683 252.4473877
v -20.5796909 7.1197696 164.7480774
v 36.8018646 35.3403778 187.7038116
v 27.3526115 33.4490547 67.8804626
v 34.2983055 31.5396080 252.3565063
v 31.2663612 16.4994068 67.2224579
v 7.8795891 17.7905998 106.3118820
v 24.0265961 37.4316063 69.9943085
v 34.6553307 44.1388779 199.6313934
v -20.6351662 2.1864905 169.6936340
v -25.9073486 60.2775116 258.5561218
v 20.1491795 36.9610901 84.5931015
v -40.6694298 17.2903728 92.9878311
v -8.7744265 35.8761864 93.1312408
v -32.0189133 1.7555497 175.2426453
v 7.5394392 10.2064199 129.0907135
v 33.3959541 29.8680420 49.9225578
v 32.7977295 29.0282497 54.2636375
v -25.5597649 35.2305145 124.8998642
v 1.7846975 57.8947906 252.9299164
v 26.9296322 18.4622498 71.7279816
v 1.2624937 21.4624882 87.7715988
v -25.5461597 7.9380441 140.6787872
v -25.9692287 7.8677430 138.7688599
v 21.7683525 41.9192200 203.7493286
v -22.4002228 7.3997779 139.5809479
v -24.6246529 -3.4693170 43.3086586
v 5.4660888 50.4609528 236.0977631
v 30.2655106 40.8886642 187.8871460
v -9.1905117 52.6119537 241.5988007
v -28.8270073 34.4809990 138.9079132
v -21.5423470 8.7680550 132.6455688
v -40.7514076 37.7591629 79.7734146
v -18.3742561 38.5166321 9.6874733
v 5.0541406 14.6492863 7.5843372
v -1.8009130 20.9010220 92.9302750
v -16.4784222 35.1296005 121.2876434
v -64.5800552 14.0007114 213.1850128
v 21.4363785 22.4458160 237.8706970
v -63.8406105 9.5472879 205.0545654
v 37.9798393 32.3086662 238.0980225
v -24.5468388 4.4258461 142.8173676
v -18.0002766 -1.9468254 46.2201805
v -13.2839928 35.8009148 98.6585617
v -13.0380802 9.5505953 12.0695419
v -55.6156960 39.0317993 164.5522919
v 1.4710555 4.7869205 140.4917145
v 5.9370012 16.2869434 2.9284945
v 24.6400032 28.8761959 83.3583527
v -57.0176506 39.2489052 166.8799744
v -16.6317482 35.7907906 102.5483551
v 6.7257190 13.8670712 7.0795898
v 29.2475758 36.1131973 46.1521416
v 33.8455658 26.8248024 53.6055298
v 14.5313911 26.4538860 245.0294495
v -38.9136238 39.8089638 74.1887283
v -57.6112404 39.4524384 167.9272156
v 21.9994049 26.5444717 87.9270630
v 33.9873543 40.2583313 185.8996582
v 7.2889690 15.0086060 4.7250557
v -5.5736713 58.5701485 254.2001343
v -55.5059052 38.6100998 159.2408142
v -22.5000019 35.4672813 116.0820389
v -56.5397072 38.3399734 160.8736877
v -14.1768866 38.4513702 5.3951550
v 4.7130380 46.7798958 225.3139496
v -3.1268387 12.1462030 124.4253235
v -15.2379045 1.3281573 35.9474907
v -11.6715164 12.6090145 6.9696584
v 18.6959076 23.7190399 240.1881104
v 10.5023632 48.2559586 229.4651184
v -49.1735268 6.2974944 70.3986435
v -10.1515465 34.0747337 142.6171875
v 33.4134102 29.6764107 43.7731247
v -46.6847649 37.1791229 161.1670990
v 8.4452572 48.7842560 231.2863464
v -5.3826051 11.1639500 128.8335876
v -5.0855670 35.6787300 26.6615353
v 32.6698303 -0.2661973 60.6255684
v 32.7328110 27.8898430 53.9782524
v 21.0625591 23.6233463 240.5393066
v 9.0788116 50.9144516 237.0264282
v -49.5695572 7.2648506 67.9904480
v 27.5074425 37.4214516 49.8047562
v -15.1902714 33.8657417 148.4701080
v 26.3449478 37.9730110 49.0990791
v 6.2189593 45.7584381 221.8930359
v -5.4937677 35.5549545 118.8634186
v 31.5130482 -2.0656688 62.0322609
v 3.3089392 48.5539970 230.9031982
v 28.5501480 18.8947315 232.6948242
v 13.1397839 47.0202293 224.8987579
v 1.5482116 15.5310497 90.4489746
v -63.8129311 25.7579308 186.6524506
v 20.2617989 37.7903481 79.2804260
v 33.3312416 23.2593861 55.5992775
v 26.4959641 33.0445747 72.7546234
v 17.3091831 28.5257740 247.9191132
v 2.8821862 14.8971539 89.2578812
v -65.2715530 21.9262505 188.2675934
v -21.4835358 6.8704653 143.4490662
v 16.1917248 22.9653111 92.7410736
v -49.1937943 8.4404812 63.8895035
v -22.1188660 -3.4744043 67.0763474
v 4.0783792 10.9341230 89.0373230
v 25.2773457 27.7196121 78.1995926
v -5.2761240 35.2877960 123.8940277
v 11.8015757 45.5151443 220.1141510
v -6.0697293 35.0304031 128.0020599
v 10.6089249 19.8537426 104.6066360
v 12.2707748 9.8812904 83.1596451
v 7.1804852 6.9219236 86.9146805
v 9.1551142 18.3401451 107.2888870
v 13.4035959 -2.8962629 78.9725647
v 13.0057707 51.2556839 237.1269073
v -4.5817761 19.6930256 97.9986954
v 10.0684681 -2.1553926 82.0771484
v 29.5915775 14.9066696 224.3241882
v -2.4723573 35.3997993 74.1560593
v -17.2420979 57.2324448 273.2431641
v 11.0105467 36.7902145 76.0011597
v -4.1661897 26.7968864 -3.8361158
v -0.5513210 14.2231874 115.6581955
v 24.2943134 45.0903931 270.7760010
v 27.0243416 -2.6281555 70.0639572
v -19.9893761 37.0822487 29.0973301
v 1.3384421 14.2714310 15.3507900
v -18.3371601 60.3323479 268.4175415
v -47.9311447 26.2612228 55.8780212
v -7.4137011 16.9067726 111.4126129
v -49.5893402 12.8813925 62.9406624
v -13.7908535 13.9433746 114.9919052
v -9.2699099 35.9425201 90.1077194
v -1.7784336 13.5486603 118.7625351
v 14.8185644 22.0723648 78.8946991
v 9.8506117 17.4291000 115.9242249
v 19.8926220 25.5279827 75.9546814
v -56.4788551 41.7583199 202.4202423
v -12.1146107 38.2877464 6.3462100
v 25.6428814 43.6507339 207.6664276
v -1.8644195 12.8731318 120.7148972
v 0.8925732 10.0345440 125.4704056
v -17.8561077 -1.1788645 63.6854553
v 9.1617603 13.7031107 120.8351059
v -43.9729500 38.5352173 182.7834778
v -8.4466753 15.8612986 114.0170975
v 35.9283409 15.0380411 51.7499542
v 0.7886758 35.9550285 85.1293106
v 5.0062943 12.1742039 11.9309940
v -15.9632607 62.9866066 261.8934631
v -10.4385891 37.3839073 -0.9762799
v -10.4958735 14.9667482 117.4215088
v -57.4069023 40.4752769 202.1863251
v 34.4317245 14.2236691 59.0535469
v 35.4284630 10.2247047 54.2820969
v -26.8873158 -4.4232111 48.7854233
v 35.4932327 41.8117905 196.1546173
v 34.5352173 11.5226688 55.9421082
v 27.2708740 43.7483215 206.4701538
v 43.8175621 10.0684967 207.5623016
v -3.5861554 9.2698460 127.8486633
v -57.8049278 35.2580070 213.0052948
v -9.5496502 58.6722107 254.3197479
v -5.3379350 9.8102102 134.8967285
v -5.3516779 11.4270782 127.3707199
v -17.9202061 38.1414566 13.5678844
v -26.9947224 34.4299507 139.6955261
v 41.7917480 12.5271330 218.1576233
v -31.6354237 34.7960625 143.6005096
v 13.9137535 23.0846901 101.6366348
v 43.0329361 13.5663128 218.5422974
v 7.1715603 54.4182892 245.4769745
v -3.4571114 13.0143385 95.8808594
v 4.7155447 31.7166061 252.4937286
v 5.6921744 33.5330467 255.5045166
v 0.6762937 20.3775158 2.7892184
v -58.0053329 26.6334171 218.6020355
v 2.6538279 7.2040625 137.9348602
v 6.6757550 9.4339285 12.5336208
v -1.9339019 7.4797373 95.3290100
v 42.2993317 15.6774139 209.6741943
v -38.6761665 39.4471283 68.2705231
v 12.7081709 30.1143990 250.8661194
v -58.9368324 22.7674789 217.5011139
v -40.3415871 37.5840836 58.8072662
v -59.2384453 21.8108997 218.5247192
v 6.4929414 10.9473200 11.4990501
v -0.6805796 31.2843246 -6.2027907
v 32.1633377 4.0055323 64.8427582
v 41.8701706 18.3553600 209.5101166
v -5.9333215 12.2233114 100.0168304
v -5.6970468 13.0001011 99.2260284
v 33.6813545 45.8885498 249.2589264
v 33.2960167 46.9900970 212.6226349
v -7.5930405 12.4881334 102.7452545
v -20.9063702 34.6322517 131.3803711
v 30.9043846 35.1649704 28.3388596
v -49.3857269 21.4030304 59.4567909
v -7.2276926 6.2768888 151.0251312
v -21.3302460 34.4349632 133.4620209
v 31.4442310 34.9776878 32.1404915
v 29.9651451 36.1709633 29.3081932
v -6.4562793 5.6419067 151.5714264
v -42.2026100 33.5316963 43.3385773
v -43.3757095 30.8986053 43.4101868
v -11.6476145 37.4314232 13.7770386
v 42.6015472 22.9328918 202.5140381
v 25.0886536 37.8500328 35.4597282
v 2.4617047 21.5570583 -0.4928676
v -24.9282017 33.9774361 144.2106171
v -2.4074228 33.4549255 -7.7748260
v 4.2537174 38.0637741 -1.9448981
v -4.1319160 47.6988983 229.8065033
v -2.9910417 47.9890518 230.3643494
v -10.8731289 35.9546890 98.4191284
v -15.3261604 54.7944031 246.3927765
v -49.1979446 21.8774109 56.2477379
v 24.6999550 41.4610481 200.0987854
v -28.1759434 34.1515503 152.4868927
v -16.6016903 0.1560407 35.3499222
v -5.9476266 1.6696168 155.2977142
v -19.7531548 33.8230362 149.0426483
v 10.2580423 39.9053650 202.1761780
v 26.6613197 12.1723728 73.1106491
v -2.6076221 -0.1092160 152.3273315
v -5.4435415 0.6209846 155.1745911
v -14.4551716 56.1210175 276.8857117
v -13.1473217 51.2436752 238.5049591
v -6.9116874 59.5964317 256.7009583
v -9.3001995 64.1183014 265.9006042
v -9.0501022 7.2447228 154.5596008
v -15.3262939 54.5169678 276.8034668
v -17.2087212 54.6389771 275.4330750
v -11.7141361 63.7810402 266.4992981
v -8.0371971 6.5774593 153.4835358
v -41.0913734 34.7649155 39.9130554
v -11.5941849 4.9981446 54.3934555
v 6.5659862 21.2286873 -4.0425839
v 29.0395012 43.7126427 205.1286926
v 16.7898769 42.4871407 208.3866425
v 31.4350204 44.7151718 205.6423645
v 30.4478569 35.2680168 38.2500610
v 6.3992858 36.9804153 89.4175873
v -39.0154381 35.8350677 160.3646851
v 4.5689039 36.8671455 94.1554260
v -21.9675522 5.9113975 152.6029968
v 33.5649033 23.9185715 31.0137272
v 33.4615173 25.3733845 37.2628517
v -22.3242397 51.1971664 272.0700684
v -26.1867237 8.5890846 138.1039734
v -24.4944096 49.7537308 270.4607849
v -2.5526149 44.7997589 220.8301544
v -53.2959251 39.0039520 168.2050934
v -25.5199833 7.4113441 137.5710754
v 0.9184669 18.4866543 6.6273341
v 34.8146210 19.8391991 234.8126221
v -19.4167595 10.5660076 125.3308487
v -26.0417824 5.2631211 139.3814240
v 5.9883127 36.6674576 85.8115692
v -22.9608345 10.7976513 124.2692184
v 30.3102703 34.5708847 43.2749252
v 5.4608221 21.5744972 -4.1012878
v -17.6401100 34.0095367 142.8744659
v -43.0099831 38.1129723 180.9206848
v -35.6176796 -1.8705028 86.9001694
v -57.8922997 40.4715080 184.3229523
v -58.4112473 39.6539726 181.8562317
v 6.6558657 22.3842258 -4.7764454
v 1.9262065 35.9449501 87.0790100
v 34.8558502 8.8826647 40.3045349
v 30.7639027 34.2999039 42.2169304
v 8.4236889 36.1352158 69.8437271
v -56.8565941 38.4991302 163.5186920
v -57.4619102 38.3290749 165.1943359
v -37.0396843 37.4373512 31.8064690
v 29.2468910 52.5706291 235.3871765
v -8.0470715 15.0711813 111.4530258
v 9.5705109 22.1286106 89.1572800
v -56.5399895 41.7450943 198.1990662
v -56.1418648 41.8157349 201.5063019
v -6.8479900 36.0296936 102.3124084
v -24.4164524 -2.1415982 35.6280060
v -36.2482567 35.6827774 166.0112457
v -11.8231916 14.9894009 116.2083817
v -9.4034338 35.5351868 106.1891327
v 7.6432409 19.0253201 101.1646194
v -38.2464523 4.5320878 98.0707016
v -62.0750313 25.2712688 203.2899780
v -62.8732147 29.6977673 179.4770660
v -38.4870529 36.2195702 169.7642517
v -5.4959321 38.1835518 4.4059210
v -59.7136307 37.4056969 189.9669647
v -11.0993662 59.4683723 275.7889709
v -51.9919395 14.1378002 217.2490845
v 31.4847527 -2.9937663 59.8695755
v -57.8591919 17.8671074 225.2780762
v -57.5782013 39.8476753 173.8468933
v 33.9768715 -0.9258287 48.5570412
v 16.2036324 37.2995491 69.7749710
v 32.0580788 -3.2066274 54.2838554
v -23.2886581 -1.1687728 32.7788429
v -23.4240837 1.6799030 151.7642822
v -30.0629215 -3.0966127 80.1600952
v -24.9154892 37.1289139 40.5314140
v -24.3905296 0.4329363 158.3436279
v 8.8200350 10.1408005 85.3734512
v 28.8492489 -4.2073255 54.5422020
v -21.7234268 -0.4871639 31.6838036
v -39.1467209 37.7554512 47.2858810
v -62.1877556 18.6942215 208.4235077
v 5.7789021 23.5762081 -4.3269458
v -55.7546844 42.3989601 193.9982452
v -3.7717772 37.3734856 -4.3894124
v -27.3520508 9.5912476 134.5388336
v -41.9707565 34.4288254 44.4523659
v 9.3614664 23.0746803 82.2704163
v -56.6294632 41.9348946 193.4088593
v 39.9604759 21.9791203 237.1614990
v -1.7833198 13.9541101 117.3375702
v -0.3528781 17.1498413 107.8955765
v 14.9071770 52.0532227 279.5395508
v -27.2671547 8.2444277 134.4220581
v -16.7612190 7.3511243 155.5115967
v -20.5306530 6.2171388 154.4174042
v 23.1476612 30.1202106 87.7702942
v 35.8594666 13.4457750 49.5011101
v -27.1567097 7.7998338 136.1244507
v -27.3156261 4.3846579 136.2836761
v 34.6244621 47.4119301 214.9909668
v 3.3160985 63.6660194 269.1902161
v -1.3852167 0.6557341 143.6839905
v 1.5866753 28.9321671 -4.3320794
v 16.8473377 -0.1936774 79.6417084
v 32.9151344 25.1022511 59.3735046
v 27.9084892 56.5114174 246.4689484
v 15.9448233 61.8997574 261.3539124
v 20.7739601 47.1901703 274.1988525
v -2.9224355 0.4842070 146.3559723
v -21.4219952 1.3934739 167.7774200
v 36.2875214 41.7164421 246.0403900
v -64.3564529 15.1891747 211.7867432
v -41.2916107 36.1837234 146.6528320
v 3.8205440 4.7365203 30.1399651
v 14.6597281 37.5719185 95.0192566
v 15.8198404 -3.2963431 76.8823547
v -0.2020342 35.6343842 79.1925583
v -42.8908920 36.4147110 152.9371033
v 32.0086632 25.3139343 61.0893364
v -12.2964859 7.6503119 158.6054993
v -60.3211250 21.2965145 213.4510956
v -32.7467041 39.3051643 34.7399712
v -61.3321800 31.8486385 172.5269012
v 9.4602633 38.2408257 105.4911423
v -7.6225696 10.3525276 125.9885254
v -3.6268747 35.4592056 78.5178986
v -62.7474594 27.5821381 172.8105164
v -20.1193123 7.5501823 167.0631256
v 30.3033371 23.7924652 65.5128174
v -19.8393345 7.6343846 169.7152863
v 6.3157654 22.2669334 83.6663971
v -30.3757210 38.8233452 34.6438370
v 17.1474190 18.7354851 78.6282806
v -15.7522812 5.4140024 18.3136711
v 19.6443005 59.8458748 256.0518188
v 3.0986240 21.4804573 86.2238693
v 29.4514790 18.9268646 68.7929916
v -19.0387020 34.8259850 127.1730042
v 41.6064491 20.5976143 231.6091766
v 23.8969727 37.6884155 39.4161110
v -3.1873791 35.2879333 124.5780869
v -32.1581726 39.4108925 25.3841686
v -19.7740726 7.3372269 161.5996246
v 18.9778099 9.0942764 79.3479843
v -30.4490738 38.9587173 32.0301208
v 35.8615341 42.0194206 248.3390045
v -47.9338074 10.2453785 73.3944931
v 0.1580779 21.4119434 91.2433472
v 39.1139374 24.1176205 240.6831512
v -4.2621279 9.9591885 31.6015224
v -18.2323189 35.6021881 105.1671066
v -18.6000729 35.4027634 104.1230469
v 33.4088440 48.1233292 218.4540710
v 26.4027367 35.8357849 66.5491714
v -12.5124350 8.6447067 133.5671997
v 26.5519352 34.5922394 69.4351959
v -66.2327042 11.9003248 206.8587646
v -5.2340612 37.6327896 -1.3849037
v 34.5719299 22.5402145 34.6706352
v 35.5660782 21.7251034 47.9935570
v -26.4172401 35.8528519 113.4265060
v -34.4516983 34.9549217 154.4871674
v 29.2195778 55.5426407 242.8272400
v -44.7097206 30.7328968 57.1060295
v -26.0806866 35.6005249 117.3927231
v 34.1366577 24.3506775 48.0760307
v 29.8058090 35.8081703 41.7229156
v -1.1027147 37.6925659 -1.9856360
v -0.8230733 13.7791739 92.6480637
v 22.8545227 38.0042000 69.1493607
v 24.2977486 57.0498657 248.5543365
v 27.7318153 25.0646725 67.3417587
v 28.5882702 30.8832474 60.4104424
v 34.9757004 14.9189720 38.1796570
v -60.3024368 16.7868843 222.4624329
v 1.4903930 36.0720901 87.7846375
v 32.9761772 26.0997849 57.6760063
v 2.4587195 10.6305351 90.4772797
v 4.7088852 37.3058014 13.4374170
v -42.3485641 22.2941837 83.3849258
v 27.7990513 30.9567127 67.9353333
v -2.4262400 11.9076672 95.6512375
v -1.0879765 11.3297701 94.2701492
v -48.3323479 19.9137516 72.7132416
v 23.8119717 36.1327477 76.4148483
v -6.5952744 35.9236412 98.9547653
v 1.0524846 8.9172325 92.2193451
v 17.9236279 59.1061554 275.6072693
v -48.4883232 0.9326185 168.1376953
v 25.3594780 27.6195469 74.7703094
v -5.9035478 37.3790092 11.7207165
v 23.8628120 26.7782421 75.5616302
v 20.0687885 37.2987213 52.2822495
v 19.0343075 37.3644295 84.6968307
v 28.5152531 29.1258774 62.3869400
v 10.8063593 35.9542770 58.7575073
v 10.3622169 62.9461136 280.9931030
v 15.5490351 57.5377426 272.8559875
v -46.8445244 37.1628380 161.8718109
v -49.1402321 22.2606964 66.3955383
v 1.4091922 11.9608402 20.4236889
v -6.2974977 19.3501244 97.4367981
v -47.1842346 37.6049194 165.8903656
v -7.5580268 18.8215790 100.0290298
v 24.6466770 36.6758919 71.3745880
v 34.0579796 21.0399113 58.1696243
v -7.1767936 20.8549271 -5.5552502
v 18.8883705 23.2301884 75.9570999
v -66.2071075 6.1592140 193.7070923
v -8.9919024 63.5454521 263.8174438
v -18.9754257 7.3695569 140.7761078
v 31.8122787 42.7285614 257.0532837
v -55.1168175 39.5705299 171.3805237
v -19.5175762 38.6725845 6.7549810
v 32.4046021 23.2860355 59.5295944
v 23.7379131 27.3364906 84.4032822
v 31.2179432 22.5285110 62.7459602
v -28.4114742 -4.3417053 68.2339554
v -21.9846439 6.4688759 146.6808472
v 35.6078377 14.7161818 54.1180153
v 35.4098167 4.7118745 46.7364426
v 16.4831047 37.5177116 89.6260605
v -12.2041092 14.1786747 4.1536551
v 30.5480137 21.6644020 64.3171387
v 14.8680115 37.9165154 91.9091873
v -41.7366180 20.1583805 96.5041656
v -58.7068481 38.6541748 186.8833313
v -7.4395652 13.4930105 102.5269241
v -3.1153920 36.0044060 111.4535217
v -0.2672635 6.4791780 139.7619171
v -44.8459015 28.2665691 84.0925598
v 1.3700091 18.3848724 100.2972488
v -5.4317207 10.7331858 100.3955612
v 27.8887978 22.5794525 239.5746307
v 23.9122810 37.8107948 33.6639748
v 19.7579327 37.5901871 68.5667343
v 24.0307579 26.8373165 81.3707352
v -7.0464392 11.4992285 102.6257477
v 33.6396942 12.8925905 59.6923370
v 31.2400436 -3.4914131 57.8954353
v 21.3816605 25.3870296 86.3424149
v -49.8118057 23.4723282 56.2047729
v 4.0070310 1.0191978 140.8041840
v 29.6142178 -4.0041757 59.2179222
v 2.3606982 0.3738006 142.6706238
v 13.8752909 19.6416073 80.3974380
v -49.1624336 24.4472961 55.0556259
v -12.7221727 31.7456722 -5.7015386
v 19.8178558 37.1636238 47.1643639
v -8.6022692 35.2719231 121.9335175
v 4.1762347 28.6947994 -3.5957272
v -10.3262825 11.3314667 108.8881226
v 17.2137566 30.5084038 251.4286652
v 38.9759407 35.4770393 232.0095825
v -15.8723354 11.9217310 122.0823135
v 9.5317955 37.9525452 97.8949432
v -18.0448341 36.8275871 -0.0097797
v -16.8141422 11.0811262 123.9940796
v 28.9189434 21.1261902 67.3970184
v 9.6025295 31.0186729 -2.8176515
v -38.2738075 14.8984909 98.8032303
v 27.4557762 21.0621357 69.6228485
v -11.9330940 10.3659525 111.5407562
v -7.8196588 15.6676388 115.0076599
v 8.9679813 8.5258427 13.9132786
v 27.3571701 20.1841984 70.1353836
v 14.2475033 9.9159451 13.5107803
v -13.3280592 9.9443674 113.2243042
v -47.6334305 25.8240681 51.5012589
v 0.7847800 37.4699516 10.6283340
v 24.6779251 22.2464027 72.5534821
v -17.0168552 9.8780136 117.8475571
v 33.7744064 19.1358070 31.2692032
v -9.0689001 35.1160812 125.5895462
v -2.2555411 35.9515266 114.2939453
v -46.8650208 26.8168602 49.3836136
v -24.6595440 34.0379028 159.8346558
v 22.3994904 14.8510208 76.1666107
v -22.8052177 2.1121202 156.6308441
v -9.8827372 14.5348091 118.8405457
v -9.1545019 34.7463379 129.3406219
v 23.7906380 21.1138306 73.5535583
v -5.7701788 19.4131241 0.3875603
v 29.3415222 10.0470018 68.8779068
v 30.2165680 9.3359032 67.6722641
v -15.6820803 9.6025229 116.3589783
v -15.5220404 11.1168222 117.1845474
v 12.8685455 13.6314688 9.2313194
v -11.8981543 12.9677277 122.3251953
v 34.0984650 8.0391693 36.6118431
v -12.0950241 12.6368828 124.2891464
v 27.0494099 10.4840326 72.2216492
v 15.0294724 -1.8033415 79.7718735
v -1.5770187 19.1251984 5.9488006
v 34.6332932 4.4016600 41.3884392
v -11.8606358 12.6098251 123.5818176
v 3.2810369 13.2104521 117.2324905
v -29.3922997 35.8426247 119.2909622
v -12.1857777 12.3287163 124.7093124
v 9.8322134 13.4279938 84.2154007
v 15.4577370 12.3180189 81.2403717
v -42.9723549 36.6399384 145.8249207
v 0.1793886 37.5143776 -0.8728191
v -46.4658737 40.5270195 192.4241180
v 20.5614986 11.7537527 78.1940536
v 33.2155609 31.5619736 34.7995949
v -40.6948051 36.7644081 136.8422241
v -1.2949911 27.5804672 -3.9649577
v -10.8083000 35.8581924 95.0326385
v -43.2594147 3.3775258 184.0929871
v -20.5125847 -2.9485915 44.0390511
v 40.2825089 23.3737392 226.1976318
v -51.3674507 41.8507118 193.9540558
v -8.8648081 36.6257210 19.1511631
v 24.9271584 8.9054708 74.9064026
v 0.3319242 21.1542892 88.8969574
v -3.9639392 10.7217712 130.8590698
v 9.6791220 35.3721275 258.3634338
v -27.4068375 38.9429550 24.2074604
v 16.1096439 8.9868164 81.0638275
v -51.6312904 38.4114265 162.5577393
v -0.4350240 11.5887175 119.4027252
v -0.7753786 20.4845905 90.2137299
v 7.6670427 13.2104445 120.0048065
v 7.9683890 12.6080246 9.1633987
v -5.1333408 10.2665424 133.8184662
v 7.8146529 37.3223038 -3.2640553
v 22.8836269 0.9312958 76.1416855
v -3.2405469 11.8057880 125.4131317
v -50.3604927 38.0205383 148.9712067
v 4.9713211 13.2179308 118.4771423
v -3.6136920 11.3800058 127.7071686
v -3.5880330 11.5789032 126.5749512
v -15.5957222 35.7960587 101.2569351
v 9.5664978 36.4191475 -3.6015966
v -24.4233036 6.9321933 139.4881592
v -4.2766976 11.0727167 128.4766388
v 6.0023632 36.3425751 -5.4825630
v -46.4198036 20.4246712 78.6234818
v -25.0704556 5.7536469 140.2590485
v 2.9483254 36.7539139 96.5143204
v 5.2323895 34.4128914 -6.5298848
v -25.9380131 7.7316322 139.7088013
v -45.8915863 28.5429401 96.1537170
v -40.0668831 35.0130081 35.2973976
v -25.6355820 6.3125663 140.8672333
v -1.8855791 7.0802383 138.0193634
v -2.5314198 36.1777382 103.5082779
v 1.4649525 59.4372940 256.1719971
v 2.3784063 36.0029564 82.1487961
v -5.5983710 8.9667349 130.5029602
v 3.3650472 14.1065712 88.6675262
v -43.8235245 36.6852760 158.7421722
v 21.7385426 -4.3827929 65.3398514
v -23.7721558 38.7838402 16.7976608
v 26.9512653 37.3092155 55.6013107
v -3.2919040 35.8831787 91.6066589
v -27.1481895 8.3259497 135.3083191
v -14.3719177 34.0551033 142.0714874
v 23.1808548 -4.5369220 65.4553452
v -9.0763826 35.4852066 117.1095657
v 20.3337173 -4.3760142 68.9264984
v -7.6017218 35.7594185 112.3172379
v -40.9459953 37.3218956 77.9574432
v 29.0843086 32.1755905 56.6104126
v -26.6021214 7.1810017 136.8808136
v -14.7006836 35.1828842 122.8023453
v 28.3787632 37.1410370 45.6675949
v 0.3895134 14.7559366 91.5995712
v -12.4658785 35.4298172 116.2402573
v 30.8629189 54.4035797 240.4626923
v -60.0630264 34.9653473 172.4775848
v -26.7217979 6.5935283 137.1530609
v -23.8705654 34.3858147 138.6139069
v 34.4561844 26.9889317 49.7842636
v -32.0283127 34.3677673 157.5500183
v -1.3493407 15.4793787 93.4006424
v -39.1294098 39.3188515 71.4276047
v 34.2108650 25.2469673 244.3441162
v 30.1016674 33.2058029 48.6369896
v -7.2457938 8.3122272 37.5022697
v -43.2365036 3.2775149 87.2644653
v -25.9453659 33.8242035 153.4863892
v 34.6974640 26.9631233 44.8063660
v 5.7141743 8.1213617 88.1224213
v -30.0635643 34.3533211 149.7757111
v -13.3129683 35.8628960 105.1509933
v -31.8987350 34.6611404 155.0926208
v 2.5939276 12.3282623 90.1829529
v -6.2121792 35.2182617 -8.0128202
v -64.0547943 27.5689774 188.1248932
v -5.5392823 1.6551645 152.1391296
v -15.3144112 35.6304970 111.9194717
v -4.7958827 0.3498852 153.1393280
v -33.7257881 38.2101898 22.1443768
v -12.1990194 35.8467636 87.0794220
v -7.7326303 19.3782406 101.3872070
v -64.6339111 21.6637383 193.6975708
v -32.2975349 38.4068375 19.3814545
v -64.9092941 19.4214096 187.3630829
v 34.6517143 26.4830875 47.8005753
v 0.4556498 17.6468372 106.8947525
v 32.6966667 -1.8771292 58.2783966
v -44.7648506 -1.6316291 76.4294510
v -12.9115715 35.9630814 95.3983917
v -10.9586906 17.1739540 108.1148911
v 1.6942992 16.7924328 104.9159927
v -44.9942970 38.5307350 181.2857666
v -58.5284653 39.1387100 179.0464783
v -2.7107296 37.4205742 10.6942453
v -12.1667032 16.1300240 110.4985046
v -6.9144640 6.6915913 144.7058258
v -21.1902218 -3.7035286 57.9518127
v -17.0341759 35.9008827 99.7062912
v 5.1203995 63.9153328 267.1135864
v 17.6658154 37.5417137 71.5689697
v 28.6576118 -3.0587831 66.9795532
v -42.7146454 35.2319756 73.0994568
v -0.4466296 14.6782951 114.5235443
v 35.8562164 16.1159477 51.7667732
v -0.7063251 13.9725771 116.8530426
v 8.1627092 10.6337576 85.7961731
v -12.5336418 15.1864491 111.5637054
v -0.0809334 13.8741655 116.9687347
v -55.8211708 42.6329613 196.8311920
v 17.6145821 37.2710571 62.9681320
v -1.4876810 13.6299734 117.9294357
v -56.9633141 41.4524879 189.5267181
v -12.9484882 14.2397633 113.0431442
v 8.1659756 11.6589584 86.0450211
v -21.7184429 1.6248307 173.5677490
v 26.7320786 54.5196381 259.4582214
v 21.5574493 25.2402115 73.0817947
v -32.0718460 38.3029480 62.0821686
v -7.0265145 17.6038742 109.1338043
v -45.1597366 21.8873234 78.6867905
v 1.0260561 6.1261206 91.8383408
v -12.3188524 11.9728928 112.4200897
v 11.7593298 8.1921673 83.7749405
v -63.7765617 27.9178600 191.4428558
v -35.5796051 -0.2611090 149.8219910
v -39.7744484 -3.4139545 76.3273849
v -58.8880501 36.2232933 203.0287781
v 41.0221024 20.8431339 234.3602753
v -58.4836311 35.1094971 208.7620239
v -14.4102840 14.0052624 116.2338181
v -2.4998741 12.3727798 122.4907684
v 25.7129459 -3.4601169 70.6579514
v 15.4356632 23.9991627 78.3869705
v -4.5351806 12.6066885 123.2066574
v -63.8794403 20.0952129 197.5075989
v -4.3641758 8.5341873 98.7668762
v -15.3643398 13.4570818 117.7645645
v -3.9122970 62.5804520 278.0744629
v -3.3275702 10.5105591 123.1273041
v -9.2066565 15.5775499 115.0386124
v -5.1897979 12.9495029 122.7091904
v -56.2098083 40.9677048 184.3986969
v -47.3251305 1.6538037 174.7626648
v -61.4533463 26.5521240 205.6597290
v 14.4593372 23.9156227 79.9599838
v -57.3293877 41.0564575 189.8786926
v -6.4272780 8.1758108 101.5333481
v -6.6616940 12.0341015 125.9870987
v 13.1757984 57.8584442 252.2980957
v 34.9384995 15.6439362 57.8538322
v 34.6735077 12.5985804 54.7944641
v 4.4828925 0.6080662 38.4919052
v -15.0870476 6.7533555 151.3820343
v -29.6409054 35.5713310 125.0060806
v 33.2150650 11.1417828 62.8528976
v -17.1172695 6.7320299 154.0847778
v -59.9991837 19.6089649 224.5757294
v -2.8936698 1.6710767 144.7717590
v 32.2070770 11.4365807 64.9718933
v -6.6709771 10.7521801 131.0627289
v -60.0990219 30.8114567 206.5134430
v -58.7712097 16.1428757 221.7449188
v -7.7983785 8.9943361 131.4385986
v -36.1531982 39.2647820 56.0736923
v -17.3759079 7.3607359 156.8154449
v 5.1329131 37.7965927 -3.0214527
v -36.8640327 0.5397313 164.0411682
v -36.1052399 -4.7883735 61.3081436
v -11.7410965 9.0413628 109.2542191
v -11.4879408 9.7990990 128.5097351
v -66.7476044 9.9628286 203.9674225
v -26.2585487 38.5611420 11.0161505
v 33.9544067 6.4783063 60.6815643
v -37.6377907 0.8026232 167.5813751
v -45.3899078 27.2202816 63.0443802
v -21.9750614 4.0196266 159.8998260
v -10.9637527 7.2343473 151.9614716
v -9.2146034 35.7352524 97.1306229
v 18.5102997 37.1363678 87.8365860
v -49.9171410 17.4390526 67.3359909
v 39.8757629 33.1334152 217.6939850
v -26.6278534 37.9501152 10.3092442
v 33.2599449 4.0910096 62.0723572
v -45.0871658 27.9657726 61.8901825
v -22.0338535 1.1495137 168.5754852
v -1.2424557 0.1159943 145.4781036
v -3.8394074 2.0610492 146.2310791
v 29.3827324 14.1387606 68.8694916
v -21.4494915 12.7527494 121.9235001
v -21.3515091 12.0087271 122.6756287
v -17.5880928 7.6322927 161.4968414
v 29.2541695 13.2597208 68.9591141
v 27.5397358 14.4423428 71.2753372
v -21.8960876 12.9905634 121.9258270
v -15.4724541 7.5583897 156.4689789
v -22.7046070 37.4314957 5.8020916
v 23.5322266 33.4800606 83.0789032
v 32.4452171 33.7056198 33.6672859
v 27.2164192 13.1832981 71.7449493
v -21.6851940 5.7293525 156.1132355
v 32.5281601 30.0558128 31.8215313
v 22.9572468 28.1205750 87.7919693
v -18.8240700 9.2383432 118.3572540
v -20.5273075 6.6209459 166.9284058
v -19.8665543 6.8516617 170.3447418
v 40.0835152 24.5868263 239.0372620
v 26.3150749 37.9320335 34.0126457
v -22.5491524 0.9005899 164.0341339
v 4.4617701 60.0436516 257.5770569
v -42.0890961 14.6803761 91.7577820
v 22.5630302 37.6503677 36.7641907
v -54.7570267 38.8409958 161.5416260
v 20.2076225 14.3441286 77.6456604
v 13.7351055 38.3340569 95.3907089
v -42.7914352 36.4011345 158.2779694
v 19.6120090 12.6506262 78.6008835
v -11.9428101 38.2011757 1.6083148
v -37.6697807 35.7846794 143.0895538
v 10.0296612 38.3351936 100.7046661
v 16.4298916 47.5350723 274.9258728
v -20.2735023 -3.3178854 54.1365280
v 19.7643585 7.9822617 78.9792099
v -38.2003403 35.5791740 149.4358063
v 22.0670185 8.0789242 77.5064468
v -45.6231842 37.1335754 163.0087128
v 20.8400784 27.0988865 92.0165024
v -3.2695882 36.1000519 -7.4794755
v 33.0664864 28.7010803 30.8910522
v 4.3046036 36.5842934 88.1098328
v -49.1889534 11.5655308 71.8258820
v -47.4631729 37.4201431 158.2956390
v -8.5422068 16.3440075 0.5536419
v 32.7700272 25.0939426 31.0923748
v 32.6104355 25.8050308 32.2200203
v -15.0402870 6.9041686 144.9884949
v -19.5626144 6.7328525 146.0651245
v -9.5264292 17.2543697 -1.2580439
v -25.9349365 6.4239097 138.0952606
v 6.1265383 37.3817863 110.2535477
v -62.7994041 16.0257778 218.2364349
v -61.7358818 15.1409044 219.1793365
v -43.1613045 23.7027817 86.8887177
v 27.9134445 32.1671829 66.4272690
v -43.7504845 23.4849968 94.6576157
v 8.8510237 35.8314514 62.4506569
v -6.8508735 18.2623844 105.7098236
v 37.7459602 30.4970608 239.7893829
v 9.2344151 6.9764485 17.1788597
v -1.8890499 35.7728996 119.5884094
v -56.1422043 38.8128967 161.7597351
v -4.1904106 36.0504456 93.4394760
v 18.1035500 37.4464378 77.9031296
v -4.9897070 35.9586143 108.8077850
v -63.4252090 15.9920750 216.3004303
v -56.1074295 37.4235039 157.0731659
v 35.8715820 19.6527691 44.3569489
v -62.3755684 13.5389023 215.3329773
v -24.7090034 11.8397141 125.8030396
v 34.7634926 7.1097965 39.5600700
v -58.3294830 37.3811951 168.0932922
v -61.3759155 18.4410648 221.5705109
v -23.7736244 5.3563409 144.7457581
v -28.8655300 -4.0958209 44.1262131
v -24.2366180 9.9907379 126.9034882
v -58.2350235 40.6254082 181.2548523
v 34.9759941 10.3152752 43.4647636
v 17.0953865 37.3101273 83.6397705
v -58.6417885 39.0054665 182.4365845
v 28.1721172 33.6126747 62.5845299
v 34.6567802 11.0166674 40.4972534
v 40.1428337 32.1470032 213.1775970
v 28.3852901 31.8944702 62.7455330
v -11.4679480 14.5934343 116.0118332
v -57.7076759 39.5410271 172.3711548
v 20.6760063 25.0221329 82.9347153
v -5.8521304 14.0720949 16.8364525
v 33.0598412 46.0052681 253.9420929
v -63.6451111 28.6741695 184.4012299
v 12.0317230 10.5818157 12.5251999
v 11.2906885 36.6396942 72.4870148
v -36.1353798 39.0637894 41.0287857
v 21.9198685 36.8113823 80.4704056
v -61.3327522 30.4389267 198.7101593
v -27.7221260 7.5415454 134.4267578
v 23.6820793 26.5696602 78.5125122
v 18.7468529 24.1378860 87.9342957
v -62.4958038 26.2897167 200.5464325
v 34.5345802 0.7643721 53.4535713
v 32.6305847 24.2368393 60.1332016
v 33.5058441 -1.5516168 54.8334885
v -62.5974922 27.9411449 201.5945892
v 12.2823067 22.8730297 80.2772751
v 3.7332406 16.4020119 107.6073532
v 10.4923935 22.7978992 81.2751160
v 31.2288113 28.6017418 59.3166809
v 31.8867664 28.3031979 57.8975372
v 25.7510967 30.0633831 79.4723282
v -62.8389740 21.8921852 202.5554657
v 34.3696404 10.1403341 39.2066689
v -16.9431133 34.9562378 119.6199188
v 27.9716492 30.2447014 64.3673248
v -27.9344482 3.2734759 135.9807434
v -47.7894020 18.3506489 74.0254059
v -65.1615219 20.7936974 187.4675903
v -63.2769661 23.7160816 200.6821289
v -63.9342804 28.1287498 188.1150360
v 0.6959633 16.4867249 109.4120331
v -57.0316315 35.6179466 157.6924438
v 7.7122149 37.5433083 94.5325394
v -61.7899055 18.3553600 215.5235138
v 35.5200500 7.4814773 54.4745941
v -65.1504593 14.2153873 199.7481842
v -0.7442802 15.1670380 113.4015732
v 33.1635933 -2.3122823 49.0011101
v 2.1739156 36.7051468 107.5806885
v 14.5024405 38.1043549 90.1174240
v -24.7145119 35.2729721 122.2681274
v -26.0904064 1.4386292 140.1690216
v -47.6568794 19.0351849 74.8131332
v -62.9579048 28.9480534 175.9660797
v 11.8014774 38.4485054 97.3928299
v -12.0431643 34.8488045 125.6139069
v 31.2588997 23.3620567 63.3121262
v -1.1543300 14.5339098 115.3707047
v -48.4025421 24.4766541 61.4558678
v 19.9777756 -2.4963014 76.6042786
v 26.7932396 56.5661049 254.3605652
v 33.4948463 19.7379951 61.2025948
v 31.5361843 19.9138718 65.0219193
v -30.9333763 39.3833122 27.3210449
v -12.9388523 4.2818236 60.3648605
v 5.3472772 60.3193970 275.1908875
v 12.1686163 21.1161423 101.4037552
v 12.9256144 3.7733974 82.7004013
v 17.4905758 14.6759138 79.3405685
v -39.8977394 35.8224411 146.7163086
v 7.5615239 16.6548290 109.9894485
v -44.9330368 31.7182503 83.2970200
v 0.5539457 7.0411067 137.7913208
v -46.8019218 24.0125999 70.1686096
v 8.7870588 4.0687428 85.2987976
v 10.5794134 18.1486435 82.6073532
v -43.4118423 36.6319466 148.5638885
v -2.1054845 35.6157455 116.8378143
v -5.2691698 12.5474415 122.9998627
v 23.7635212 37.8469582 64.8547287
v -44.6093750 1.1608589 170.9542542
v 12.6172256 17.0544033 81.9109497
v 22.2745094 37.8275795 65.3377838
v 19.2117672 37.5786209 73.1105576
v -2.9838948 35.6124535 122.1583176
v -0.4179738 5.6593633 140.9812469
v -67.4138641 10.4822989 190.1678009
v -7.8770037 15.3686981 116.1321945
v -6.6702814 12.0242920 125.3762589
v -7.1264191 35.2808456 123.0041809
v -7.9859047 14.8966675 117.6131668
v 26.0715618 50.9018173 266.4652100
v -8.0922279 15.2479973 116.8302994
v -4.4698939 13.3767080 20.4006119
v -49.8714027 1.8306309 175.9573822
v 15.9613066 37.6289215 79.1435089
v -18.0167561 9.5893936 129.0068817
v -56.8876648 9.6884775 206.1192169
v 29.5283947 27.4134312 63.5149345
v 9.3354063 63.1128769 279.9930420
v -65.0702133 7.4341574 198.4179077
v -0.9778156 64.0704041 267.8479309
v -3.7462833 35.7130280 83.5223236
v 2.1035545 60.8721695 276.4594116
v 27.0727024 50.1002350 264.8049927
v -11.0006847 12.0391932 125.2118225
v 12.0547066 22.4324398 107.5084915
v 42.0374069 18.6653786 228.9888458
v -67.1772308 8.7454720 201.0549622
v -66.1438599 8.7664919 202.2563782
v 33.5992126 31.7290211 41.9756660
v 34.4895477 27.8199730 45.2437286
v -7.8433719 6.3008952 51.6914062
v 2.3754365 22.3434944 87.3778229
v -25.2714634 7.7134542 141.4539795
v -23.2367115 34.7273407 131.0485535
v -7.5274673 52.1381416 278.3265686
v 10.7397785 20.4207554 110.8366928
v -24.1944752 6.1632462 141.9163666
v 33.0251427 31.9817123 45.3065872
v -40.2844162 37.8623199 70.2932663
v -24.8649693 33.8958321 156.8632812
v 30.2076054 36.0149765 32.0393257
v 3.8153679 11.0179729 124.7414246
v -46.7542267 8.0897379 80.6101456
v -3.7830117 10.7850971 129.7851410
v 31.7539673 31.0060692 52.6126671
v 8.8210917 15.7116022 116.0595856
v -0.6354651 21.3024559 90.2128830
v 29.1231117 36.7070427 30.6239872
v -1.2505298 21.3435383 91.3425980
v -16.8056068 2.3630748 25.8783627
v 39.4547348 36.3451042 230.9999695
v 27.6772861 37.4507713 30.6034641
v -26.8828945 34.2700424 142.1624146
v -27.3430500 34.5193062 164.9313965
v -3.1434090 20.1650944 94.7924347
v 15.7698498 21.9842243 0.2369600
v 33.1904602 28.8189602 50.3673897
v -3.2069473 19.8921013 96.4215240
v 32.5382233 28.3593521 54.7561340
v 13.5798302 23.0645809 -1.2609684
v 28.3629513 22.2104454 68.4621429
v -0.7071735 36.1026154 88.5903549
v -11.8221178 35.8495216 100.6711197
v -31.2985382 34.5932579 145.2107086
v 33.5067444 28.8361702 46.4924622
v -13.8463697 35.4867973 100.4533157
v -57.8227730 39.5539742 170.5805206
v -20.4840946 34.9603615 125.1716995
v -3.3803110 8.0718765 133.3563080
v 33.2788925 28.3316193 50.4214363
v -6.3602328 10.1671181 134.0492249
v -58.1353455 38.8607178 170.8703766
v 28.4449635 36.5036087 51.0579605
v -16.6742115 35.8014030 104.1422958
v -22.3145466 34.9067268 128.1490936
v -13.9472380 3.1040571 41.0389023
v 29.2723045 30.0526562 59.2296143
v -36.9217262 36.2897873 173.3210144
v 32.3672867 31.3537178 29.3269997
v -58.7841606 37.5166245 172.7127380
v -6.0718603 6.8243980 46.8785667
v 26.5175743 21.9613972 70.8224335
v -18.4549408 35.6467628 109.6941833
v 11.2824936 24.4742966 -1.5710700
v 26.0989647 38.0453987 52.3827248
v 28.3068848 29.9230766 61.9077415
v 31.0812836 48.7262230 222.6328430
v -21.0152740 -1.7762681 36.6968498
v 33.9592705 26.0289879 54.9098167
v 6.0704045 11.5583115 124.2125702
v -34.5349274 38.9796295 60.6073112
v -25.9836712 34.6595917 136.1821136
v 38.7540627 25.8933716 242.9218292
v -4.7993045 7.7891822 40.7205200
v 25.3576546 38.0431442 51.2242355
v 30.1264095 34.9659500 24.9782047
v -39.6790581 37.5386429 49.0310593
v 33.1393585 32.7679062 37.3218002
v 27.2530689 43.6453285 268.1340027
v -30.0206623 34.7370872 140.4851227
v 29.8380356 31.5921764 54.2516479
v -48.3661728 12.6869822 74.5402527
v 33.8500633 28.8417664 38.4679070
v 7.0211635 57.9942818 253.1122284
v -12.2838459 8.4562998 13.0425072
v 33.0003700 27.3206940 54.4093018
v -34.6027145 35.0648117 142.6835632
v 33.4759293 29.3024712 40.7523384
v -0.2402149 9.4687519 126.8192749
v 31.8555984 27.3689880 57.8117218
v 2.8762560 21.5741596 90.6511917
v -17.8695507 34.3660545 136.0015259
v 3.9200518 17.2766285 87.4952393
v -19.5641994 34.1717262 136.9210052
v -19.2593765 -2.8406594 48.8489532
v 32.8216438 17.8510761 63.7554283
v 7.0367413 14.2247744 85.9068985
v 34.9555969 22.9907684 48.9683228
v 31.2783222 18.6060581 66.3443756
v 34.0906372 24.9044399 41.6997604
v -9.5298910 35.9508591 102.6536407
v -23.8248577 34.1790161 141.4100647
v 20.8538990 37.3677635 48.9353409
v 0.3877212 10.5701256 92.5393677
v -35.1235008 39.2341843 43.8864632
v -39.1460991 37.0623970 177.6459351
v 2.8396676 8.1986027 90.5081177
v -9.7122507 35.7132759 106.9095612
v -39.7068138 -4.8174314 60.4387932
v 5.9411616 13.2971697 86.9038620
v -9.8435278 35.8191948 109.5667191
v 4.0675035 6.4936972 89.2576981
v 35.9812279 19.3365841 49.9156799
v -42.5032806 36.2764397 156.9870758
v -16.7973995 -0.6077704 40.8204880
v -15.0055628 34.3375702 136.8554688
v 5.5187554 16.0987988 86.9490509
v -16.1684113 1.4035022 29.9367046
v -8.9498777 8.3431826 33.9251175
v -0.9796137 37.2176590 12.0166197
v -17.2723618 34.1398697 139.8897552
v -17.3576241 35.5622673 113.9188004
v 30.1554527 17.4029140 68.5830231
v 28.5665150 16.9165421 70.5708847
v 35.0109138 18.2487640 57.1129341
v 10.7765350 59.1909523 273.8360901
v -64.6933594 17.1707745 194.1025391
v 8.1711779 9.0235023 86.1611176
v 31.6893921 22.0059986 62.0633049
v 12.0270185 37.5704689 84.8587952
v -22.5907326 33.9511795 146.4706726
v 5.1939521 11.9805708 88.1772156
v 31.9533157 30.3339615 27.6997223
v -2.6313829 14.2718716 94.9936218
v 6.8129830 17.1045570 1.1819699
v 11.9548368 32.6273804 -2.4414513
v 8.4351940 37.4975357 91.6133270
v -48.5510750 19.1245022 69.4263840
v 2.4932251 20.2266769 95.1382980
v -55.2239304 39.8699036 175.1024475
v -66.9372711 11.6128731 202.4254761
v 36.0019951 14.0955410 46.1735497
v -4.9715033 13.9084196 98.3209991
v 35.8518372 15.7689619 45.1305275
v 0.9559788 4.6068649 40.4247475
v -56.2478752 40.1448364 176.6742706
v -26.9448891 34.0898056 155.3675690
v -55.5975189 40.4544334 180.4886627
v -24.7565060 1.5407981 143.9475708
v 15.9712572 52.9379082 240.6546478
v -13.5162926 4.2250352 24.4584885
v -57.4004898 40.4319305 179.4651642
v 15.1309013 36.7478218 60.8600655
v -8.3242140 18.6971455 104.5969009
v -4.3245273 18.3524265 6.1570134
v -29.7096348 34.5120544 158.4856873
v -10.0734501 62.5235558 270.4543152
v 32.6253014 43.2958603 255.0873260
v -9.6139774 17.7991009 107.4438477
v -48.7640800 20.7404633 70.7354279
v -59.3982620 37.8626289 183.9494781
v -10.8308220 16.9249783 109.6477127
v -32.5704765 35.1503029 165.7476654
v 17.9802208 52.8726578 239.8505707
v -11.0671644 16.3810234 112.0228119
v -0.2465514 36.4648247 103.1499481
v 16.8392429 24.2961617 76.8573608
v -12.5965633 15.8827057 112.7684937
v -59.0416527 38.4559708 189.4707489
v -10.3901100 7.1674981 142.5493317
v 0.2854284 6.3644009 37.0698128
v 33.3654022 49.2100067 228.8043671
v -2.5938406 36.1459732 107.8583069
v -4.6352181 36.1144180 104.1590729
v 24.1666565 27.0675316 70.7119675
v 3.7381294 50.9760666 278.3940735
v -13.5359812 14.7582617 115.5730057
v -3.2355359 10.9627991 97.1069489
v -48.3585129 22.4348679 68.6589355
v -1.2826692 9.4024696 94.7142258
v 34.9906082 12.6753826 38.6803856
v -14.0677013 14.4190998 117.0821838
v -5.3939090 5.9486599 146.1170349
v 17.2115326 21.1210537 77.9860840
v 1.8339779 37.8020554 -1.8267620
v 33.8561401 37.2073174 257.2964478
v 8.4853458 22.6103153 82.3331909
v -4.6864982 11.5701942 98.8735733
v -5.8202348 5.6533227 148.2565918
v -4.3800855 16.4219189 106.7627029
v -15.9152050 13.1580143 119.6604385
v 23.2864742 23.8428574 72.5909195
v -47.5830536 38.7439156 178.8609924
v -3.4538476 9.5483017 97.5855865
v 25.8030338 52.7729683 264.4450378
v -9.4848919 11.9863014 11.7005835
v -24.5107536 37.9819221 28.4250011
v 25.6286736 20.1162930 72.0345078
v 35.0046349 13.7680397 56.3061562
v -5.5870671 4.3015738 149.7899017
v 24.0547924 19.6562729 73.5877762
v -56.3341904 41.8894348 191.2134399
v -1.5768732 21.5090542 0.2880147
v -7.8613138 16.0323715 114.0133896
v -2.6100628 62.0450783 272.8578796
v 27.3479271 49.5312691 227.5210419
v -40.9579353 37.6534653 179.8837738
v -6.1533961 4.5167799 152.4790039
v 35.7014771 9.3289061 48.6768608
v -14.1209764 35.0119514 124.7117767
v -58.1412735 40.0274620 178.8189240
v -47.7566948 24.3018532 66.5584412
v -58.1417084 40.3785896 179.2910461
v 35.8241043 8.8638554 51.0692940
v 14.4050961 36.2035141 50.1415977
v -8.4260654 15.9835596 114.7598495
v -57.7689400 40.1164474 189.8289185
v -58.1097336 39.7751274 176.9864807
v -49.0586472 8.6211996 69.7348175
v 11.0381889 35.8189545 55.3089867
v -7.9468164 15.5401707 115.9501953
v -55.8720741 41.3246346 187.1571655
v 34.2154541 -0.4105808 51.6892281
v -56.3718491 41.5195732 188.7502441
v 21.9448280 21.9967690 74.7228699
v 31.9985027 50.7532310 230.6676025
v -63.4674149 24.1276512 198.0037994
v 20.3390789 20.5355186 76.2917023
v -9.2209787 15.1050272 116.8925934
v 35.0540085 11.0760002 52.1191902
v 35.5235062 10.1830587 51.2160645
v 34.8107605 10.8778238 57.3764496
v 33.2047119 -2.2478647 52.1803322
v -59.0535202 38.2964058 179.5815430
v -50.1361275 10.4315834 64.6730194
v -58.0033875 39.7233810 191.2720184
v 12.1357470 21.0469837 96.0917740
v 17.3177414 24.6653614 78.7928467
v -5.9591050 9.5498905 101.3402939
v -57.9786987 40.0081787 194.3588257
v 33.9011040 11.8475294 59.0264130
v 10.5038347 20.7346001 95.5886078
v -59.5609818 36.8908195 195.3995972
v -3.4405673 0.0989268 149.6821442
v 28.5871983 50.5777893 261.2114868
v 8.9197950 19.1881275 101.6648254
v -62.0148277 19.7259827 207.4322205
v 14.9479961 23.7195911 83.0408020
v 32.4929810 9.8167362 63.4544754
v -18.4645271 -1.9500887 61.9337463
v -60.5599556 31.8062096 200.3533783
v -4.6038971 0.6749166 149.8299866
v 5.3240285 4.3861237 87.8093109
v -48.1233215 24.8409805 63.1530495
v 32.5639229 7.8220153 64.5751419
v 33.8489876 15.7901115 61.6155434
v 6.5517454 17.2599125 106.7710571
v 25.9309502 -4.4264212 64.0927963
v -8.5516567 10.6522512 23.6971207
v -36.3911552 36.0545197 135.2494202
v -60.9696045 29.5750084 207.2375031
v -65.4471359 11.0321646 208.0690002
v -61.8936920 29.3828430 199.9306335
v -60.3211441 27.5140305 210.7805786
v 32.7840614 13.2176447 62.3939438
v 33.0234680 6.5345807 63.6241760
v -61.7334099 28.4978104 206.0065460
v -61.8074188 27.7104149 205.6984863
v -56.9852409 41.4420166 199.5262756
v 42.1663513 28.5288887 213.1150055
v -8.9584503 10.7049103 106.4719238
v -46.7706413 27.3494797 57.1991539
v 31.1386280 9.7975092 65.8513031
v -7.8852935 10.0314016 104.5760651
v -8.7826080 9.1578045 105.5705566
v 34.0532112 0.1682455 44.5255699
v -10.3564119 10.3156624 108.9140778
v 27.5087242 37.8837433 40.6680336
v 26.9316387 38.0333595 38.7857361
v 31.9601078 6.4050622 65.9641495
v 29.5471230 15.9511919 69.5563660
v -11.3310862 9.5365553 109.7533493
v -40.1335220 36.2728653 142.7877045
v 30.1725540 -2.1263545 65.3613358
v -63.7506218 22.6613483 198.9151611
v -15.0088987 1.7297504 48.3747063
v 23.6154480 -4.0615215 68.5790176
v -62.2861443 17.8325558 217.7748566
v 21.3395405 -3.6895185 72.9100342
v -9.3564825 11.5594292 122.0619125
v -20.1147938 4.1752033 169.9749908
v 14.5468521 43.3034248 269.5632935
v -49.4146423 12.1472435 63.7473755
v 22.7397022 17.9887924 75.5105667
v -64.6820145 15.4307384 197.9856415
v -64.0600281 17.0566330 198.8263397
v 23.0351734 13.4326410 75.7444458
v 9.7530518 16.6398315 83.8051224
v 33.9008179 28.1209564 36.6905823
v 11.4191208 14.5410709 82.9978714
v 27.1453705 9.7158766 72.0480042
v 1.3620839 16.4671860 10.4455204
v 33.9030151 26.9325676 37.9493675
v 25.9429264 15.3072252 73.2804794
v -14.7093592 10.4374866 125.8467331
v -60.1511154 28.8521271 212.8460999
v 1.0326608 11.8328848 119.5071793
v -0.3478611 13.1435423 118.9924850
v -40.9907379 33.3658104 39.1709480
v 34.7439957 20.8211594 35.0328560
v -19.4092445 12.0884781 123.1746063
v -59.8503799 24.9115562 213.0719452
v -20.8279800 11.1601486 123.8152542
v 24.9479847 10.3183804 74.4293747
v -23.8251705 3.5790975 147.0574951
v -1.0971911 13.0181637 120.0542221
v -41.1516762 32.8750534 40.0741310
v 10.3227787 1.1552935 83.6029510
v 16.9237080 -2.7351909 77.8186417
v -40.7474442 4.1895971 93.1805649
v -7.3596501 36.9519844 -5.2562795
v 13.6630316 11.2120523 82.3058548
v -26.5853195 0.0539635 154.7013702
v 33.1557350 30.0699100 38.2204170
v 18.1085472 9.9582253 79.5884705
v -50.6651573 15.0916529 62.8640327
v 33.0722122 29.6919613 37.0513000
v -43.8021660 29.8971424 51.2327423
v 15.8027630 -3.8922443 73.3656006
v -21.0738449 2.5373337 166.6387482
v 23.5669861 9.6452169 75.7771606
v -1.4204886 12.5431767 121.6783066
v -50.4822845 17.3515949 63.5335693
v -3.1914275 11.9818268 124.2749863
v 42.1056480 28.1144581 213.6766510
v -43.6818314 31.1074905 50.4104156
v 34.1194687 24.0834942 35.1932678
v -23.5216446 0.9650349 168.3320770
v 15.8937054 6.3023520 81.2744675
v -7.1369519 6.3788309 147.5414734
v -11.6429119 5.5100284 42.8410454
v 0.3931274 36.4970627 99.2537003
v -1.3938806 35.4554291 82.0133820
v 24.4027672 6.8053937 75.7423859
v -8.8107634 6.5631766 150.3956604
v -2.2108734 9.9483032 124.7867737
v -39.8684273 35.8119049 36.6631241
v 1.0093300 9.6947126 26.5121326
v -3.7309144 12.1079197 124.3429642
v 33.6513138 36.1522942 257.1353149
v -9.8657389 6.7929440 151.0436401
v -9.9384146 36.3997726 22.6651859
v -4.2290401 12.3242960 124.8477402
v -4.9787755 35.8073540 86.4718933
v 20.1153526 18.9447327 76.7143860
v -30.9088898 35.0839539 136.3847198
v 12.8469458 22.5274487 88.3881226
v 9.8870630 -2.6991363 81.0367889
v -35.8545380 36.3378906 127.4817352
v -24.3910599 7.8187666 136.7148132
v 9.5247221 -1.0924342 83.1758804
v -5.0177531 11.8155842 125.4262238
v -10.2626839 6.9401240 38.2046738
v -64.7755051 13.1450262 212.1327667
v 35.5134315 17.3858204 40.6106186
v -64.1748734 12.7456226 212.5903015
v -50.5372009 18.5207405 60.2817612
v 36.6961479 32.2537460 245.3473358
v -51.3187943 10.8021402 209.6556396
v -4.6443028 11.7769260 126.9010544
v -11.2682390 35.9080315 92.2127075
v -42.8731918 31.5226040 47.1440125
v 19.6255932 15.8781357 78.0915909
v -7.4703875 35.7375488 110.0947189
v -36.8277969 35.5074348 146.1588593
v -36.7383881 2.9821682 182.5760651
v -5.7908988 35.5911140 111.1957397
v 18.6591072 3.2310226 79.4095001
v 33.3919411 30.9490185 47.4595337
v -36.9716873 5.2530594 192.5890808
v -44.8627396 26.4298744 68.6619949
v -9.6825724 35.6737518 113.5043640
v -19.2702770 7.7806239 165.8667145
v 28.6708393 4.3488832 70.8614960
v 35.6079826 14.5432186 41.7972870
v -1.7998034 34.7294731 -8.2812500
v -11.6620979 35.3095627 115.5123215
v 35.3650894 12.4119101 41.2929688
v -6.1125541 9.6915674 32.1281128
v 33.6122169 30.3507042 45.4740677
v -2.2909341 20.7112427 92.0492935
v -25.3839417 2.7301376 140.9517975
v 1.8042557 7.3932691 30.2712898
v -8.2454357 35.8312149 87.8343124
v -40.7554893 35.9017601 156.7036591
v -2.4137795 20.8432770 92.7070236
v -3.8828962 19.5661011 94.5901260
v -40.6190910 6.9362907 198.4280701
v -46.3218346 5.9048891 194.3486786
v -26.0829010 6.7491565 139.1666718
v -48.0058937 8.0856009 201.7144775
v -3.2278924 19.7993202 93.3965759
v -12.9711351 35.6677361 89.7839203
v -2.9796536 18.5658646 93.6904526
v -4.1637263 19.8925095 95.4877472
v -16.6879749 34.9306679 126.7438889
v -4.8694663 19.8873806 96.4514313
v -50.6611786 38.0281487 151.8160248
v -5.8979940 20.1812763 97.8463898
v -6.4593463 19.9195633 97.6360397
v -57.1834717 38.9981270 165.9064789
v -7.1362758 19.8498936 99.3543625
v 29.2254791 35.3139458 50.1855621
v -47.9085083 37.4752083 161.9597321
v -57.7435074 38.5516891 167.0440674
v -54.3566055 38.5205002 155.8048706
v -17.7099552 34.5380592 130.4126740
v -2.3240659 36.1993446 94.9430923
v 21.0260925 36.1829033 85.1503677
v -63.6382790 11.6325655 210.5978546
v -6.5338912 35.9671478 95.1604233
v -7.5696082 35.7776566 96.8699036
v 6.1298079 36.0693092 74.1659241
v -25.8462181 -3.5482054 73.8042831
v -55.6994629 38.2191811 157.2658539
v -21.0994740 34.1255493 137.6376648
v -59.2248726 13.8240976 216.6473694
v 6.6272211 22.9940891 84.3545761
v 24.4575043 38.0797348 54.9097824
v 35.8544769 12.9165649 44.5928879
v 29.5235729 33.9476814 51.2748032
v 5.8212943 22.7781906 85.6196671
v 35.1076775 11.5506678 43.9275894
v 35.1520767 11.4456558 47.1500244
v -20.2248898 35.7059517 105.9860077
v -30.0799103 39.2378082 18.7177315
v -3.1092687 11.5286579 26.2077560
v -63.1643639 14.4745989 216.4292603
v 35.1977501 10.5246935 48.0306778
v 41.4633560 27.2935734 216.1110992
v -60.5374641 34.9664650 177.4100800
v -20.4120407 7.8780441 137.2571716
v 35.3848152 8.8381090 43.6679382
v 35.7126083 6.9350033 46.9017982
v -28.7276955 34.4453735 145.2215271
v 32.6925697 31.7299042 47.7241745
v -22.8111992 35.7048187 111.4112015
v 9.5745573 4.9705286 21.8572788
v -28.1297379 34.2616768 148.1836243
v -24.9489632 9.2499733 129.9775696
v 6.0443888 18.3123360 103.0294418
v 29.5392208 32.2696877 53.4113617
v 39.3553352 35.5789032 216.1324921
v -62.2662582 30.9914131 181.6344910
v 25.4286003 36.7617874 67.2188721
v -27.7150135 34.2295227 150.2412567
v 27.3486958 36.4067078 58.8289871
v -31.8469391 34.5665779 148.3927765
v 27.4006500 34.9392357 64.1396408
v 35.4835625 4.6189809 50.5202751
v 33.7070732 30.9062119 41.5632629
v 24.3445187 30.8205204 84.0129547
v -7.0157561 35.9260178 106.1176987
v -23.1792355 6.4295759 143.9658051
v -11.5524454 35.8415527 104.0933533
v -63.9603462 27.8755112 184.6395111
v 24.5731831 37.5062714 66.2321548
v -23.1071892 6.0453720 146.4031067
v -57.2039108 8.1883831 201.5371857
v -34.7928619 35.0197449 156.4102936
v -63.8796005 25.2744579 182.2464294
v -27.5288486 9.6258087 134.8411407
v 1.5483170 16.7035236 89.7671585
v 33.7402611 24.4606304 52.6682358
v 34.4490929 27.1957607 41.2049637
v 25.5593243 35.7236137 70.8124847
v -53.7576141 11.8213406 212.1419678
v 1.8652271 14.1422615 89.9276276
v -25.1236210 37.6977921 33.8384895
v -26.2077179 8.5879707 133.7317047
v 30.7854862 50.5228996 256.9207153
v 35.0557823 22.2578068 51.5145454
v -45.1809235 30.7428074 72.5909119
v 20.7040672 37.7925148 76.0328598
v 34.1492577 0.6166850 55.8361092
v 34.5147781 22.0273685 54.8306351
v 3.4519236 13.3826485 88.7540588
v -55.4016190 39.3627129 168.1685028
v -34.3239899 38.8562012 29.9756432
v -6.1906276 61.6546707 277.8907166
v -22.6642151 35.2830505 120.4746780
v 27.3836040 37.7564163 45.9000053
v 35.6449509 20.4718246 51.6834412
v -14.3088818 35.4124527 118.0892563
v -26.5485153 7.7858453 135.3794861
v 8.9316978 52.6564522 280.3186035
v 14.7766743 37.6351280 82.5317230
v 15.9001293 37.5697098 83.8563919
v 21.5662708 37.5790558 59.0176506
v -52.7054596 13.3881798 215.8728790
v -33.4603653 39.2946396 28.6124859
v -56.7420731 39.8276062 173.0448608
v -65.0052872 17.7543640 188.7865295
v 13.9920645 38.2151146 93.5019073
v -26.9433327 6.5736375 136.0535736
v 34.2437973 25.8123150 44.5292358
v 30.1599178 45.4483299 260.4404602
v 2.2026556 19.7347393 2.9467845
v 5.9712033 10.1828575 87.5457993
v -57.8844490 40.0467987 175.8994141
v 38.7128372 28.4939251 234.8045654
v 35.7000580 18.4788303 53.3794785
v 11.9188204 38.3199921 93.7195663
v 27.1692162 30.2134533 72.8934250
v -0.2507486 15.0146904 113.6115112
v -26.6999931 4.9694610 137.1609344
v 30.1876678 -3.1020298 63.5732880
v -26.4496727 4.5426111 138.1715851
v -26.6050491 4.0042820 137.4917297
v -0.8266351 18.2919025 100.4730988
v 27.3035946 29.6152782 69.6144180
v 26.8201866 28.8080177 67.3026428
v 33.2617607 24.1369286 56.1742706
v 34.1101913 24.9862747 47.8762741
v 26.4383125 -3.5644832 68.9959259
v 24.7307072 34.5765076 76.9928360
v 26.4684963 28.7975025 74.2854385
v 19.6620407 57.9272194 251.5390930
v -26.2857189 2.5994811 138.4790802
v 22.8255634 26.5396366 73.5532303
v 6.0804896 19.9773617 -2.4463539
v 10.9433041 28.7055321 -0.5841792
v -9.4473047 7.7031717 138.5285339
v 21.2115383 25.7167969 77.9331436
v 2.6585789 2.4538362 89.2121658
v 36.0120316 17.3388653 47.6582985
v 19.0226765 37.4622765 65.1116104
v 20.2036629 37.4992142 65.9428406
v -65.6934738 13.3303490 201.2169647
v -10.0151968 10.2029572 17.9624310
v -42.1222229 13.3289833 90.8984833
v 18.4249687 24.5720348 81.7157364
v 20.5857887 37.5769615 80.9184799
v -42.9794693 34.8490372 66.3577957
v 23.0373631 37.2870216 74.9897766
v 21.6938171 25.3743401 83.5202255
v -25.7109928 0.4355036 143.6317291
v -7.1449499 18.1561260 107.0790329
v -26.2778397 0.0081546 145.8659821
v 6.8738332 37.6363869 105.4840164
v -36.3471260 39.0062256 42.6941490
v 20.1595078 37.4986153 59.4635544
v 16.2062340 23.3544674 87.1205139
v 18.0809841 24.0970230 91.5608749
v 1.7665699 11.5013123 91.2075119
v 14.2155724 38.0107307 87.2570572
v 14.8116055 37.2089920 72.2956085
v 8.2232580 37.7544250 107.9124298
v -62.3878899 29.8190594 192.3171234
v -9.8388462 8.3875904 105.4952774
v 11.7557192 37.9266319 89.6158218
v 2.9445465 36.5672684 112.0632553
v -7.9414892 17.4445915 110.4605560
v -28.1690445 39.2541885 20.7328167
v 25.2940464 31.9750271 79.1576614
v -7.4687018 16.9855576 109.7369766
v -31.0645123 -0.1870551 150.6804047
v -4.5020499 13.2813768 121.2677612
v 3.3830318 22.7042446 -2.8912725
v -63.8309097 24.6707668 191.9867249
v 22.2175179 19.6149139 75.0165100
v 5.9921765 9.4900866 13.2287159
v -2.1961458 12.8116417 120.6305313
v 19.9494686 25.4684906 74.7371750
v 6.6359601 37.4526100 96.5066452
v 24.4727764 -2.6405797 73.0652084
v -63.2458496 27.5656414 176.8776855
v -4.4782472 18.3490295 95.7000809
v 19.2676525 24.6964340 75.0194244
v -8.3726158 16.6643658 112.5565186
v -38.3922768 -0.0044420 153.5889282
v 21.7079506 24.3150520 73.6092606
v -7.8882051 16.4058628 112.6131897
v -30.4595318 -4.7317753 61.9582253
v 22.1597042 -3.1397617 74.1623840
v 26.9932747 31.3906574 73.0546494
v 5.0131955 37.2164116 98.3590851
v -7.9385524 16.4424057 113.4468079
v 22.5017300 -2.1409328 75.2392654
v -9.0701704 15.6951227 113.1595612
v -0.6423721 17.4314537 91.6610489
v 8.5171680 36.3867188 75.3893280
v -63.4590416 26.3944931 177.1558533
v -0.1602645 16.3642693 105.4962463
v 20.8099728 -1.3706864 76.8996582
v 25.8458176 28.8774986 78.6849442
v -3.9907088 35.0311127 125.9405518
v 17.4028969 24.7521687 76.9572067
v 4.6867847 37.0190201 102.6934204
v 11.9298210 36.5048752 259.7927551
v 3.3033555 36.9130020 100.8512878
v -34.4463654 39.2901726 41.7720261
v -0.2573924 16.6099358 109.2623672
v 24.9634781 27.9046021 81.0966644
v -1.1250880 15.5914783 112.1007156
v -9.9248867 15.2408762 116.2850876
v -43.2375145 21.7038898 82.8142624
v -3.1380320 16.6204548 94.9461517
v -20.8911381 13.0170355 121.2206650
v -64.2595749 24.2462254 185.0406952
v -22.4850082 38.7374344 13.3153391
v -10.7491674 14.9141769 116.3619995
v -10.2252245 14.8171701 117.1621857
v -0.7783985 36.1814117 106.6825943
v -57.2200470 40.9332085 184.2970276
v -63.3972397 17.3289719 202.6880035
v 13.5496960 23.4726143 79.5851135
v 0.1269559 36.3790894 109.6692276
v 19.1946964 1.2891648 78.7920227
v -0.3363827 13.2837601 114.3347778
v 15.2317886 23.2389240 78.3509369
v -22.6103706 12.5270367 121.7935028
v 12.7133884 23.5612259 81.7988968
v 11.7166824 23.3543873 81.2419281
v 4.6255622 38.1300049 1.1183745
v 9.5421648 23.1989651 83.2271500
v -2.0461431 12.5597677 116.3284531
v 13.6268816 23.8673725 104.4093399
v 11.4050846 22.9582863 85.4323730
v -8.8393049 18.4631119 103.0319138
v 2.8030560 14.0058908 13.4514112
v -9.9125767 17.8468781 105.2081833
v -4.7601862 35.7226715 115.3770599
v -15.0795584 8.9257860 114.4009705
v 20.5149441 25.2013245 88.2999725
v -53.3993874 2.8391154 181.2143402
v 14.9464302 17.5614681 4.6997781
v -24.0522213 1.4365218 147.5885162
v 36.0612411 15.0282621 49.0926971
v -12.7878799 12.8509569 122.8780441
v -47.0726280 10.0331964 78.0320053
v 5.6193943 22.4852448 -4.7733321
v -7.4013457 35.1193695 121.0379105
v 16.6957512 37.6595726 86.7190781
v -0.7995258 35.6703377 82.9844894
v -8.9124250 35.4137955 118.9670486
v -24.2210255 0.4253441 150.3089905
v -65.2421341 14.9957800 193.0440063
v 13.0691404 38.2118797 91.8098755
v -41.2924309 21.4329472 86.7683411
v -24.8207684 0.1523146 152.8244019
v -6.9466295 12.9964590 122.3302460
v 12.9609375 19.5411892 0.8802524
v -12.4176826 34.9307251 127.8412857
v 10.1329851 18.7815590 113.4303589
v -20.0575161 38.6747093 8.9009953
v -6.0142670 35.8724785 88.8080063
v 15.0890465 22.3339939 92.3320847
v 15.6386080 22.7041225 90.8928604
v -5.6005077 21.1745319 -3.1475420
v 7.8788433 37.8228149 100.1190186
v -57.0207481 5.6043615 192.8434296
v 35.1452980 9.6217594 56.5792351
v 13.7777977 21.7693939 95.5937042
v -11.6403122 16.3522949 109.2719345
v -27.9725571 0.2548321 158.7637329
v 35.0258789 7.8070583 56.8704071
v 34.1193733 9.5061979 59.6635780
v -8.2995872 35.4343071 96.3624954
v -11.4045305 15.3351507 109.0269012
v 13.9063072 22.0031452 97.4121857
v -8.0766382 8.1715536 135.5475922
v 32.7970886 12.3013897 62.3978233
v -1.1578944 60.6048431 275.0610046
v 34.4427910 12.0866442 55.5588760
v 11.7749767 20.7060394 98.9900894
v 34.3869667 8.4574976 59.0289040
v 6.1805663 22.7914639 83.9845963
v 30.8862305 13.7406368 66.4162445
v -30.7414875 38.2414284 45.6352234
v 31.3831043 12.7519808 65.4257202
v 34.7065125 4.9169760 57.0399666
v 34.0383835 10.9767790 60.6991310
v -7.1490526 12.2734556 124.3384781
v 9.8080578 19.2954216 103.2803650
v 32.7970314 10.5334244 63.6236229
v 3.5758910 36.9636688 104.4269180
v 32.8759575 50.1036148 234.0993958
v 2.8255200 22.2264557 86.5424271
v 11.9127464 21.3910179 104.5918121
v -19.5146332 34.6543846 129.7078857
v 23.1006069 54.7576408 266.8901978
v 10.6125250 20.0517540 107.5179138
v 6.3788419 12.4115572 9.7877531
v 9.2962742 17.9947205 110.7685852
v -28.9403515 35.3372345 128.5078583
v 28.2248421 37.4988022 36.3626328
v -22.6231060 34.1839066 133.9507599
v 8.2039719 16.5696068 111.7122116
v 29.4354134 36.5242920 38.8574409
v 29.6226749 36.3455048 32.9815063
v 31.8631668 0.1735559 63.4346733
v -11.5905666 13.5757370 110.4420624
v 8.0979261 14.7424068 116.6372757
v -14.7689543 38.2484779 2.1065185
v -19.8971558 6.4063745 150.5956421
v -15.4892769 38.4229355 3.4171393
v 26.0918713 38.0499611 36.6643829
v 31.0044689 8.3439026 67.5981369
v -8.2637730 38.1121407 6.2246709
v -27.6840363 37.5108833 45.1552429
v 2.5929260 22.2033825 88.1882248
v -28.9953671 38.0142441 41.2241249
v 6.9386020 15.1300039 113.9053802
v 8.2353811 11.1572456 126.1520462
v -44.3708496 29.2913876 56.4776649
v 21.8473415 37.4283638 43.9690857
v -39.4496193 2.6266408 94.5177689
v -47.2252312 37.5116234 146.5012054
v 6.1742349 12.9640932 119.7200546
v -13.2215414 15.1024399 113.5845871
v -35.6482773 35.3782959 142.3179321
v 31.5776215 34.1983566 28.4972401
v 32.4752579 47.0342560 253.5042114
v 32.4945831 32.7803154 30.6000233
v -41.5294304 36.6460075 74.1135712
v -22.1605759 2.3048391 160.8970032
v 19.7622509 25.4707184 91.5092926
v 6.5957441 9.7756891 130.6068726
v -22.1378765 1.4516667 162.8732910
v 15.3101997 23.1651421 97.2461243
v -43.8530617 32.7052345 55.7110939
v -0.8051071 12.6076021 120.7722855
v -13.4341078 11.3223724 114.3122253
v -13.1432590 35.8010445 102.5932312
v 16.8099976 24.8699780 97.5959396
v 33.5138016 29.1322651 35.5435295
v 4.2385087 8.9854355 132.3062134
v 32.3223610 30.5625744 30.6488686
v 17.4806862 13.5681114 79.5479279
v -23.7728405 0.6640477 164.6974182
v 25.3333530 14.1540709 73.6039886
v -45.1658211 29.9395218 77.7943726
v -26.6615200 37.7020607 37.6381416
v -18.6853485 37.4807739 22.7627201
v -18.0909519 12.5211058 119.6292038
v 23.0908432 16.6951332 75.6753693
v 14.5794144 15.7121124 81.0617142
v 26.3444977 37.9906197 45.4938736
v -18.0183487 35.6781616 107.0080414
v -16.5656013 12.6445398 118.7361145
v 18.0646324 17.2333107 78.7340622
v -45.5285950 36.8595085 150.8494110
v 0.9695433 63.1483955 271.0847168
v 22.2536297 10.4982862 76.7443390
v 33.5729332 31.6944561 38.3948021
v 29.6164074 8.4339457 69.7875748
v 31.8440247 33.6529770 41.6047974
v 32.9975891 32.6674347 41.4436646
v 30.5701218 48.8698769 258.0633545
v -19.2519760 35.2739601 117.2912216
v -44.6300049 36.8769379 160.5574951
v 30.4142723 6.5194831 68.8087082
v -47.6235275 37.4273949 156.0977478
v -36.7246552 39.6041260 66.6271667
v 29.0018196 36.7117195 43.8075523
v -4.1491952 11.2838488 128.5778961
v -4.9208970 10.9429455 130.7550201
v -4.1174769 10.2400866 133.2078247
v -24.5445843 11.6050205 127.1926498
v -1.0159371 1.4902823 142.5788422
v -50.2888489 38.0903168 161.3684845
v -18.5919933 11.2869835 123.8990021
v 2.7601864 2.3297687 140.6196442
v -5.4029288 10.3560352 131.8757629
v 0.5707172 2.1884580 141.3946381
v 1.1670882 1.1268928 141.7211456
v -5.9853811 10.3019114 133.0292358
v 7.2428560 17.7542229 84.8828506
v 33.5228500 30.8963661 38.6316910
v 26.7352066 8.4800997 73.3482437
v -25.9787846 8.8950949 132.3051453
v -9.1712770 34.6240425 131.9054871
v 3.4761875 54.0016289 281.3074646
v 4.2188230 19.0032997 86.6237183
v 25.3249989 13.0878773 73.8528671
v 12.5099001 54.1809578 281.3284302
v 30.1664391 3.0180230 68.3156586
v -15.0347271 34.6583786 131.6659241
v 34.3681831 28.1139793 40.9591408
v 26.7816925 11.4306889 73.1222534
v 33.9634399 28.7635078 41.5170746
v -40.7937927 36.0085106 154.0550690
v -11.8166227 34.4436913 135.5128021
v 23.3939323 11.1744804 76.0859985
v -14.3778973 34.2784386 134.6071930
v -16.3688431 34.3955841 134.9005280
v 25.4328842 3.8757684 74.5045624
v -10.5191126 35.0070381 -7.5303297
v -23.4818859 6.8961782 141.3746490
v 17.9874306 37.0557213 56.4121284
v 23.0823021 4.0375676 76.6115112
v -27.6201725 8.9945669 133.3750305
v 22.2276802 37.5425529 52.5982780
v -39.6821671 37.1741409 44.5662918
v 13.4528666 36.3223457 57.8354225
v -9.9475765 6.0531363 48.2607346
v 20.0496235 37.1345024 42.9860458
v -61.6949768 11.6021309 211.0007324
v 28.8779182 52.9424095 255.8954620
v -19.0492115 33.9763680 145.5921326
v 3.0321505 36.2256813 85.5443802
v -5.0232148 19.2255459 99.9656830
v -3.0894918 18.9188538 99.5873947
v -41.4368477 -0.3786193 86.9217224
v -5.3445010 18.0696754 103.0634689
v 34.7146568 23.7890244 40.9093285
v -38.5717010 37.6265945 41.3376732
v -15.3178282 1.8087908 56.7017174
v -27.6243420 -3.3490524 77.6568909
v -5.9654961 17.4332218 105.0566101
v 35.5438118 20.3296242 41.1592064
v -14.5075436 38.1197090 10.1245308
v -27.2734871 2.9067149 136.1891022
v 15.9966850 36.4153061 46.8964539
v 3.2947679 36.5853958 91.2380371
v 34.8306503 23.6244621 44.8444633
v -7.6699095 18.5364113 106.1008911
v 34.0239677 25.7467537 42.0317726
v 30.4549866 38.1973648 261.4772644
v -26.0128365 -4.4662433 57.7815170
v -47.0849838 37.8935661 170.6378632
v 34.1662636 24.9718380 44.2973747
v 3.0762239 35.7706490 73.5565796
v 0.9757537 36.4465141 92.9779968
v -51.0922585 39.0562820 174.9138794
v 11.4754467 53.2587242 242.3053894
v -1.2458205 36.2715378 96.4300690
v -6.7270141 16.9129467 106.9469452
v 0.4058134 36.2702866 97.2042236
v -49.6310349 23.6544724 57.8177795
v 28.3131676 35.2150230 58.0448074
v -14.1502428 2.9806476 51.9383011
v -5.3712373 35.8874207 100.8690109
v -34.0542030 39.3438797 33.5104370
v -14.1168623 7.9784508 137.1311646
v -2.8880804 36.1975899 99.0746613
v -8.7898083 17.7828732 108.6623077
v -20.1148872 34.0810890 140.6643524
v -7.1586952 16.1183472 108.8584137
v 9.9259167 63.5590630 266.1181030
v -44.5994644 -3.1096287 71.6818314
v -1.8933531 8.7440128 129.5670319
v 28.7791386 33.9172478 57.9983711
v -58.2673798 39.0031281 174.1460571
v 33.0359802 27.4630718 31.9733238
v -58.5521736 35.2023811 163.7926788
v -58.8163643 38.5832138 179.6079865
v 32.3706856 26.5771637 30.5001259
v -9.8138733 16.8252563 111.6488495
v 8.8663425 20.6778488 95.1921005
v -41.6979828 36.5818291 65.6660385
v -2.1705048 38.1285400 0.2707791
v -8.5295496 15.7672691 111.1537476
v -59.1799202 37.7741013 177.5491943
v -59.7598839 36.3773689 175.6848602
v -24.7601395 34.0566406 147.8191681
v -59.7853470 36.9568863 179.6789703
v -6.5687232 7.6429124 41.7454529
v -21.2879295 -2.7349591 73.5704422
v 31.9181995 29.0149784 57.3344116
v -9.2508955 15.0457544 112.3167496
v -8.1463299 36.0804825 -6.8661528
v -5.3024888 63.9968872 268.8760986
v -10.3455353 14.5264435 114.1038895
v -60.6446648 35.2655182 182.7579498
v -40.0941353 38.0657883 68.3812103
v -51.7361412 38.2048454 157.1276703
v -12.9543943 34.1861801 139.7554169
v -29.8757095 34.5042000 153.9728241
v -40.8363304 36.9283562 173.7616882
v -20.3145885 -2.7548692 67.9732285
v -54.0638771 38.5753784 158.9849701
v -5.3405824 7.4374156 138.4536438
v 34.9623833 2.0753207 49.3221092
v -15.3361053 33.8768501 143.2429047
v 18.3965187 49.9152031 277.3483276
v -12.2344732 15.7079296 114.4394073
v 32.0565910 51.2979088 232.6305542
v -47.6173592 26.0769482 53.3201103
v -10.8402205 13.7696524 115.5800247
v -16.2336311 35.5594025 108.7680969
v -62.1176376 31.0520935 186.6077118
v -32.4272232 34.6401291 158.6275940
v -42.5881310 11.3142376 91.1389542
v -12.8759108 35.6450539 112.7616196
v -53.0645981 38.7907944 165.4033356
v -33.2860870 34.9587936 160.3291473
v -9.6348858 13.3355217 116.3429565
v -43.7384300 10.5503969 88.1718216
v 39.5838623 33.3911171 227.2180023
v -13.1217766 35.4691162 40.2005882
v -15.3754015 35.5545082 114.9649429
v -38.2557526 35.6826553 158.4575348
v -45.7521553 39.2539062 186.2487488
v -47.6408920 40.0419731 188.4207611
v -36.7545013 35.5878448 163.6129150
v 34.0140038 15.0698709 34.2613487
v -63.4342003 28.7035484 189.3543243
v 33.4524918 24.7875729 57.5107994
v -12.6027336 14.3224554 117.0008087
v -17.6817532 35.2983627 116.9998550
v -22.2871170 33.7435875 149.2777710
v -12.8913794 14.1314793 117.9791718
v 32.5357742 -2.7514822 56.0666237
v -23.0769901 33.9150352 151.8641968
v -13.8483515 14.0775375 118.0131073
v -39.0930176 35.9815025 163.3819122
v -63.7844772 26.5900059 186.4172974
v -63.6790085 26.2077827 190.5478821
v -46.8595123 27.8103752 50.5024261
v -43.7150002 -2.6560459 75.7095032
v -57.4744034 40.1909103 176.8749695
v -29.4840946 39.1744843 27.1145077
v -13.9507427 13.5598831 119.3493271
v -35.6457253 39.2279472 58.2598877
v -19.7240753 35.1709404 121.2540970
v -58.6127167 40.5585365 180.7935028
v -40.8099289 36.4089851 166.6610260
v -23.9594688 33.8882370 155.0800629
v -11.9240761 12.5606985 119.0470200
v 31.6696377 51.1652946 231.2549591
v -27.0003414 9.4936266 135.3229370
v -62.6351242 28.4296513 200.3707733
v -32.9272385 -4.2969961 69.3511505
v -43.8791466 37.2290192 170.4437408
v -7.7274733 9.1550331 32.4849434
v 9.4991102 21.2899742 82.1529007
v -45.7679329 38.1495628 176.5225525
v 27.4098511 28.8522453 64.8526993
v -54.5125313 43.1106110 197.5002289
v -24.8757896 8.2454109 134.9433136
v -44.7193451 29.5561180 49.2135277
v -45.8178329 28.8086948 47.3782845
v -64.6480026 19.5996685 191.5475464
v -55.0675621 43.3788986 201.5624237
v 5.2614341 19.8073616 97.3132324
v -26.3582821 8.8110533 137.0722809
v 35.2005768 12.3454962 50.0105972
v 31.7139072 26.4986668 59.2789421
v 0.3247913 8.0094318 32.2543755
v 30.6914825 26.6201267 61.4340973
v 29.8460884 25.4175854 64.2669296
v -65.0108109 19.0516853 183.1168060
v -65.1186218 19.9603424 179.6520081
v -26.4611568 7.7772045 136.4603271
v -60.5636864 35.4347649 188.2666016
v -51.8038216 40.2879829 184.5090790
v -54.5542336 40.8513603 185.1377869
v 3.9537976 17.9591141 102.7996597
v -61.8315773 31.3330078 189.9816284
v 11.0893326 5.9686718 84.1156616
v -27.1089725 9.0367975 135.9444885
v -10.7840281 6.7043052 147.3068848
v 29.5864716 26.1450272 64.0088654
v -38.8494682 -1.6878047 85.9939423
v -61.4553452 18.9042187 213.9127197
v -7.3634462 35.9809647 24.6248970
v 4.4210129 63.9131050 265.6114197
v -26.6505070 7.5461841 137.4398499
v -26.3511639 7.3544722 137.6062927
v 1.9479733 23.0123081 -2.5778553
v -3.3377612 6.8611550 140.3032684
v 35.6366959 6.3269649 52.6947212
v -26.2613544 5.8347349 138.6856079
v -26.1753521 5.0794382 138.3570404
v -44.7696037 37.7363663 174.5699005
v -27.4135666 -4.4611917 63.4001884
v -48.2386665 9.1521826 74.2528000
v 11.2289839 62.8760910 266.6951599
v -61.4893494 31.2936115 194.0264435
v -25.9788475 4.8652825 139.1588898
v 8.2609215 35.9243774 66.2248535
v -22.2527485 4.8722034 156.3936615
v -26.2999210 4.1807532 138.3192444
v -24.9281960 0.1236123 149.0352478
v -63.1796341 28.4614773 194.7889404
v -26.1484241 4.6184778 139.1004333
v -27.1954823 -0.1670642 147.9721069
v 32.8589554 47.2840233 251.7675934
v -58.2940636 39.6002350 196.7059784
v -47.1990776 38.3509560 175.9634857
v -25.7908268 4.4379277 139.4103851
v -58.0157089 39.0763206 202.4343872
v -1.8400679 16.3524323 105.7377777
v -0.4667797 49.8556328 277.0045166
v -43.3456535 37.4228935 174.0473022
v -49.0831184 9.1713715 64.9714127
v 27.3205452 -4.1383295 64.1640320
v -3.5590136 14.7165375 110.7408218
v -62.9396057 25.1952820 198.4099579
v -50.5637970 39.4917641 180.2908630
v -53.4920311 40.1029320 180.3789978
v -63.3605881 27.4554558 196.1873779
v -22.9581509 1.0542297 159.2509613
v -63.0182228 26.8575459 198.8225861
v 33.9042816 3.7889097 59.8899231
v -44.0182343 38.2512474 180.4553070
v 1.1230060 14.6514091 110.9788589
v -49.3168983 10.9076910 69.8715668
v -6.1401467 14.7166376 111.8605347
v -58.4565315 32.3358459 212.2114105
v 18.9278069 -3.3186035 75.5226135
v -63.0217590 23.4565811 202.3356934
v 9.0097103 22.4394131 -4.2007775
v -59.3512421 30.5517349 213.7331085
v -0.2989616 15.8725767 111.2242584
v -57.5544357 36.9105759 163.2090759
v -49.0508652 39.6838188 184.2191467
v -59.5578232 32.1745758 206.3013306
v 5.9250474 1.4386779 32.9183350
v -39.9460640 34.5574875 34.6894989
v 33.0805588 21.3108444 60.2387924
v 4.6837959 27.1338329 -2.7027709
v -51.1220779 40.9540482 189.5566406
v -59.5062714 26.6624756 213.7370911
v -63.1860428 19.1751842 202.1999359
v -59.7016144 34.3043060 167.9380188
v -24.4395924 1.4544927 172.9079895
v 41.6876602 29.7168350 220.6268768
v 15.8775043 1.9226346 80.7118073
v -60.7445641 26.2463284 208.9799500
v 31.5600681 50.3049812 253.2234955
v -63.4432640 16.5352535 206.2765198
v -53.0812149 41.9955101 193.0140991
v -54.9046822 41.7854996 190.8140106
v -45.6466827 10.6701078 82.3502579
v 30.3500462 0.2218507 66.7866211
v -45.3639870 2.2421734 178.1841278
v 24.4136372 37.9789009 60.3184814
v -5.4627481 37.9820633 0.0534802
v 32.0101433 -3.0446773 50.9540100
v -8.3336658 14.5900879 118.9077072
v 35.8203697 43.7600441 213.6410675
v 38.1486740 38.0829124 238.6025696
v -60.4450760 20.0415974 221.5658112
v -61.8338776 31.5216084 176.5971832
v -56.9973984 41.1572037 195.6457977
v 18.2111721 -1.6980743 78.2911148
v -46.9965401 3.5464664 76.5271759
v -2.4113889 6.2727513 141.6154938
v -23.0248127 3.9428418 152.2299500
v 30.8624878 -3.6952503 55.9668465
v -63.5502625 28.3430080 179.8859863
v 2.0924344 35.7299385 77.1384583
v -11.6956196 7.0459890 23.2963428
v -49.1371460 3.3010921 183.7346954
v -40.0736847 33.6651115 34.7912331
v 1.8960229 5.2809682 35.2435646
v -57.2453003 41.2190857 197.5298462
v 28.4300175 -4.3678951 59.3125381
v 16.4215698 37.5400543 75.3774872
v -2.0092874 13.8947105 116.8308640
v 36.6543083 41.3504410 238.0808563
v 26.8115501 -4.4741211 60.0551414
v -2.2248375 5.5039482 142.4754333
v -0.6175671 4.4882293 141.6065063
v -23.5848656 0.7991511 155.6961975
v -63.6333122 26.7337189 181.5136261
v -2.6651392 3.9550903 143.5951080
v 12.6702127 37.3722954 81.2458038
v 11.1348400 15.7318954 83.1324158
v -13.1853046 6.9098654 150.8891754
v -12.0785484 6.6862655 149.1438141
v 38.3037605 18.1819496 231.5330200
v -14.2967215 7.4891067 153.2838287
v -4.3500867 6.1518335 143.9138947
v -5.1667643 13.4108105 120.8315811
v 1.1072419 36.6882935 16.5488567
v 3.5025604 36.3853264 19.4177284
v 18.2432175 10.7540493 79.4626083
v -9.4660664 12.4466496 123.9503708
v 8.6924257 42.6097794 268.2290955
v -44.1444893 4.6214585 189.5391541
v -61.9629898 23.7619362 206.2921600
v -57.6543999 7.0323200 197.7941284
v -61.2143631 23.1375637 208.8192139
v -11.2163582 13.0366583 122.3892212
v 3.9626257 37.0201073 14.9501305
v -65.1314697 22.7765598 188.0910034
v -46.1518440 37.0570068 153.1141052
v 27.1852245 28.2276134 65.2430115
v -60.0184059 29.6150360 213.1843567
v -31.0147247 1.0263966 169.0924835
v -45.3492012 15.1333342 83.6800995
v -67.3291702 10.5706196 202.1115723
v -37.7686844 36.5998917 29.3293972
v -21.0476685 6.3467865 162.1454468
v 23.4666615 -4.4044919 67.2571182
v -6.8712773 12.6234331 123.4880676
v -20.9864540 6.2207747 164.0449982
v -36.2633133 1.4617260 173.5907745
v -66.1049957 9.6241779 204.6172791
v 25.6811218 27.0139217 68.3354416
v -6.1481261 12.5761337 118.0186615
v -46.8451157 16.1826248 79.5446396
v -21.1933117 4.1255851 164.8573456
v -4.8591347 4.5737276 147.1343994
v 28.6820984 37.0787086 42.1464348
v -42.1641960 1.8190358 175.7664795
v -46.7824898 17.2788849 78.4173737
v -65.0350342 13.8880711 211.4416351
v 28.2176208 -0.5701053 69.8206177
v 1.0549814 21.8731518 88.2919540
v 24.7169666 25.3111629 70.6461182
v -6.6155028 36.6074791 17.7516308
v 27.3772182 26.8433762 66.7156296
v 0.3905883 21.7018661 89.6574860
v -15.7608004 6.6309714 148.5777283
v 6.3363938 63.3949661 264.5866699
v -6.4502044 12.3061152 124.9172516
v 25.2252388 27.6836548 70.7654800
v 27.2103939 2.2765632 72.2434387
v -18.1044598 6.4952064 152.4388733
v 25.9637203 -1.3461652 72.3214188
v 12.7554054 -0.5714589 81.6542130
v 33.1631279 32.4993362 35.1428108
v 24.7239933 -0.8137109 73.9482651
v -20.4195290 6.3074918 157.0722046
v 1.3820587 18.2231808 89.3359451
v -66.7007980 7.4512758 198.0221252
v 33.0911751 30.8281155 34.7589417
v -48.9074364 14.1518202 69.9517517
v -44.0544052 37.6345978 106.8216324
v 15.9303236 38.8084450 3.1248562
v -49.1667175 35.0805550 128.1924438
v -50.2594490 36.5684509 133.2919617
v -48.5752525 37.1815109 126.2386856
v -47.4757004 36.5432434 121.3306274
v 16.9103050 48.6993027 229.2270660
v -33.5924644 14.6558752 108.2696228
v -43.1772728 38.3369293 103.5841904
v -34.4400940 15.9396038 106.5146103
v -41.6579056 38.2465668 91.6850891
v -43.1964302 37.6730232 102.3464813
v -29.8901958 12.7617865 114.5222092
v -6.9378891 16.1293964 7.1680593
v 14.8631191 37.5204124 1.2247839
v 17.9113102 23.5692329 1.9616362
v -46.6461487 37.2202873 118.1259384
v -32.2492561 13.5478134 110.9630737
v -33.2153397 13.7977476 112.1099930
v -0.0989106 35.4526863 -7.9127522
v 0.7381595 34.6646805 -7.9355221
v 0.4689153 37.5428162 -3.3439901
v -42.7711678 -1.6104419 81.7491989
v -5.4678140 18.0344219 5.0709596
v -58.3763237 16.4208012 141.8437195
v 13.5288420 28.6867485 1.2597926
v 26.4194374 56.6559029 246.9444427
v -22.0918770 36.1170502 65.7389297
v -58.4294701 8.8292618 145.7300110
v 35.4299469 43.8855057 241.0833740
v -63.0518074 16.2331696 155.4803772
v 20.6461201 29.5466576 7.1077256
v 22.5268536 26.2329521 7.2792501
v 8.2917776 36.5446396 21.4711990
v 42.2404976 18.0003166 223.5130157
v -8.9955797 63.3519974 269.5456238
v 1.7787193 35.5634651 26.9693546
v -45.7125740 9.6811028 83.5166779
v 34.8416290 45.4465904 240.9815521
v 2.6466284 63.7100525 268.4077148
v -29.3000603 -4.6641130 50.5357399
v 19.9006920 49.9831696 277.0247498
v -6.6590047 35.0786247 40.2943764
v 3.6657343 -2.1155276 49.8430519
v -15.4852619 3.8137479 87.7500610
v 16.9373627 -1.5807308 38.0767136
v -19.1484756 0.1113787 93.0463409
v 6.8009229 35.4951935 -5.8690786
v -2.6164272 22.4023895 -2.1093388
v -36.8057213 15.8319206 110.9893265
v -46.0577126 12.4309587 82.4474106
v -36.5789795 19.9828148 97.1641159
v 29.0829430 28.2858429 249.3193817
v -45.3614120 26.0903511 67.3791504
v 4.8138218 37.0489922 -4.6804571
v 33.2150993 40.7875519 253.7173004
v -28.4705677 7.8574882 133.3569489
v 30.8032780 52.4953308 245.1773071
v 30.5686703 53.6109467 244.6216278
v 16.8969517 22.6858444 0.9312181
v 11.9331751 59.5275764 272.3486633
v -34.1272430 0.0561843 136.8944550
v 30.9184971 33.2839088 24.4610615
v -45.4484634 13.6303616 82.3423691
v 27.7685432 37.1083298 26.3864403
v -17.0871525 35.7088089 71.5278397
v -37.6648407 14.4278584 115.3255157
v 30.6143112 28.7988071 250.0896454
v -24.9977360 -3.1525235 40.3806763
v -4.1273565 28.6824741 -4.7765150
v -5.8461161 62.2422791 272.0672302
v -42.5634918 38.9489250 101.4346848
v -27.8556862 38.7351570 13.0532150
v 10.6331234 -1.7190387 40.1139832
v 31.6053753 51.2492371 244.5194244
v -57.4111671 31.7438126 153.2002563
v 1.3416013 60.6302643 275.3697510
v -40.8280563 0.5609517 132.3483276
v 12.9846392 -4.4923658 57.4086189
v 5.3550091 -3.3518953 52.0882835
v 30.9042377 52.6700363 235.9965363
v -36.3871956 37.9229393 104.7459564
v 21.6609974 5.9146976 20.9933586
v -1.1346848 -0.4146929 86.0219193
v 27.2012634 5.2237468 24.3067627
v -17.4685249 4.7764397 110.4842148
v 0.3847027 -1.4992803 85.7309952
v 35.7712212 44.1591492 211.2928009
v -9.6579485 37.1182060 -3.1834178
v -45.6690445 16.9216442 81.8994827
v -22.1740112 7.8707466 117.1160049
v -19.1198063 7.5658579 116.7109222
v -36.1086655 36.9977684 116.7362900
v -8.4062119 7.1602674 42.7460670
v -7.9764409 6.1632571 81.5397034
v -24.0752983 38.8076591 9.7893095
v -45.2382317 29.1511497 63.3213997
v 19.1184826 0.3263186 33.4013443
v -20.2246075 3.4387105 108.5697937
v -43.3115158 35.8563004 101.5328827
v -45.1297531 30.0825462 62.9711800
v -12.0273733 37.0780907 17.5192299
v 34.0368576 10.7644815 37.2228661
v -30.7101669 9.4150400 130.8511200
v 33.8762398 10.0634708 36.7708702
v -52.6977539 3.2089713 134.2734222
v -15.8148251 4.7528410 100.3061447
v 34.2497940 6.2925534 37.4677963
v 37.3539696 23.7102795 241.3629913
v 12.0211496 38.9039917 0.7152811
v -46.7167053 19.4328957 78.8749466
v -31.0393772 13.0054102 113.0823441
v -29.2945576 3.4286494 133.4584961
v -4.1606426 4.9540715 60.7435455
v 30.7233601 54.1481438 242.5035248
v 24.7325249 55.5235329 262.7469177
v -54.2653542 36.2312546 146.6702118
v 33.5675430 48.3604660 221.5692749
v -36.1369820 17.7835445 102.8669128
v -54.1764374 35.0543709 145.7486877
v -55.7735596 2.3858845 176.0561981
v -33.5601768 -3.2256198 79.2248840
v -50.4537849 33.2599182 131.3219147
v 23.8519325 53.2629356 268.0093079
v 14.8826447 15.3791933 7.7075129
v 24.8118114 52.9078522 237.3643951
v 14.6900949 34.6909943 -1.1635461
v 15.4313202 33.7008629 256.1034851
v -67.9508667 6.6369386 194.1103210
v 27.3422565 40.9418831 265.5209351
v 14.9003572 33.0650406 -0.5350674
v -44.6408234 38.4869270 118.3265076
v 29.5893345 -3.5018625 49.2254791
v 29.9028034 33.4914169 22.1181183
v 17.2200775 36.3187294 2.1077476
v -35.3938293 1.1884681 98.9939651
v 29.3563614 55.8052788 243.7578278
v 34.3227654 48.2149696 220.0009918
v -34.0928917 7.5636315 106.3193436
v -42.6336441 36.1198235 96.5493011
v -31.2799644 1.0071762 132.2873535
v -29.8575726 -3.8701193 73.4119873
v -20.1971874 1.1781654 27.5518398
v 35.3789825 45.9082222 213.2432251
v -53.8223801 27.9832115 136.3775635
v 33.1114693 48.0058022 251.1000214
v 38.5739365 27.7546024 240.4790039
v -33.8422394 0.7123342 98.9059067
v 12.1401443 -3.4551599 76.7118530
v -9.6909752 6.2880378 82.4790497
v 31.9017963 37.2168159 259.6884460
v 32.6168633 50.1482353 237.5389404
v -65.2266312 21.2380924 174.4335632
v -48.6041794 17.5857430 121.9588699
v -47.6511307 0.5852711 162.4666901
v 11.0736523 21.3906670 -2.2867470
v -44.5768394 32.4192696 77.0801010
v 11.8911533 22.4009914 -2.5516534
v 3.0799091 -3.3746643 64.7430573
v -14.2591457 35.9030762 91.5836334
v -66.0664749 13.1764078 182.1716309
v -64.0215454 23.2286339 167.4808044
v 10.2060518 23.0523396 -3.4608822
v -39.5198174 10.7090034 126.7857971
v 0.0268024 11.2938433 24.1721439
v 40.6629677 31.2283630 219.9961090
v -51.8807182 23.6795731 124.8820114
v -1.2021247 61.9573669 282.1656494
v 33.9154739 2.3195012 40.0405922
v 20.5815868 37.8882027 9.0349922
v -16.4776421 35.8571815 97.8959122
v -67.4011536 5.0031695 188.3299561
v -1.2510681 62.9962158 281.0945435
v -20.4079514 35.7515678 102.0287247
v -1.5820997 63.4576797 280.0475159
v 31.7661858 52.0333481 239.3070068
v 32.2341461 40.3557663 261.0220947
v -20.2580452 35.5161400 103.6926422
v -8.1129313 18.2749100 -2.7980542
v 26.1227455 37.8037262 23.6367893
v -44.5405159 35.0999603 107.3189392
v -21.1831398 -2.5851762 40.4352646
v 23.3109322 38.3062096 25.8205624
v -19.4818687 -0.8994709 34.1796646
v -7.3951974 18.8228779 -3.0832062
v -0.8771961 63.5080452 279.4273071
v -7.6903658 19.4532051 -4.3292670
v 24.5937042 35.0825768 259.2863770
v 20.8522587 43.9843102 270.7033997
v 15.3328304 34.9724731 258.1116943
v 18.7251282 20.9435234 3.4731238
v 29.0961723 37.6789742 261.4523926
v 39.7571220 35.1079254 221.8146515
v -36.7986908 16.4433479 107.8162689
v -44.0343971 9.7473955 87.9224472
v -50.8127213 0.7844196 163.0362549
v -49.9629135 0.9088863 165.6913452
v -3.4217310 6.2559185 96.6363831
v -39.4250946 39.4403572 74.3137665
v 17.0662041 10.5334892 14.7229185
v -52.4620895 1.1584804 168.3840637
v -18.2375584 0.5404894 30.1620808
v -5.5045071 6.7667232 99.3430252
v -11.9898539 7.9964852 14.0215597
v -11.1508932 9.1844130 13.2433319
v -7.3902545 7.6847124 102.1922607
v -40.6907539 39.4208183 88.5504913
v -49.7385330 14.2497587 127.1859589
v 13.5569296 58.3648758 272.7475281
v 6.2559133 1.5967805 86.2891693
v 4.9619160 -0.2495291 86.2991943
v -34.0036545 39.4276619 36.0674171
v 39.5931702 29.3313046 229.8614502
v -14.7011194 4.9770250 91.8009109
v -34.4573746 14.9060001 105.8386459
v -46.2652016 14.4211102 80.0645065
v -69.0617294 6.7149334 189.7645416
v -41.7559967 -3.1343656 75.5035172
v 1.7763942 63.5546112 281.5447693
v -18.6332130 -2.3976941 53.8071136
v -38.4434586 2.0061369 95.9632950
v -47.8138809 13.1375237 124.1278229
v 29.7575855 55.4941216 244.6381989
v 15.2617607 5.6658869 20.6299820
v 15.4669170 58.5696297 270.7801208
v -10.4641027 12.1155901 8.1127310
v -40.5415802 10.2176514 95.8569641
v -0.3089628 38.0693283 4.9792671
v -63.6938858 14.8276272 161.1613617
v -13.6720219 8.8748446 111.5139008
v -9.6303663 12.6338634 7.8504763
v -67.8565063 8.2766256 179.1147461
v -20.1293354 12.9289789 120.4236526
v -22.7182026 13.9469547 120.7872467
v -38.0139656 39.1106644 59.2502251
v -37.2739372 13.2898197 118.6226578
v 35.8128052 32.1561584 251.7338867
v -37.3713036 13.0552635 119.5296783
v -22.9070721 12.3325233 120.7489929
v 21.4533749 38.5522957 22.5331860
v -56.6983604 1.1595473 165.6720123
v -8.1981630 60.0111542 278.7132263
v 8.4456673 59.7598839 275.1946411
v 8.0604115 59.8942299 274.3781738
v 27.9340897 48.2978973 267.2275696
v -44.6392441 15.2698135 114.5841904
v 13.1836414 35.8923264 43.5367661
v 41.8742294 28.5803452 217.4183655
v -16.8626537 7.9949389 115.9054718
v -46.3074989 14.9312124 118.7653961
v 12.9773741 49.8827820 277.5085144
v -18.0792332 8.2963009 117.2624969
v 34.3539085 36.8282661 253.9551544
v -10.8325348 28.6167412 -4.0700068
v 22.1754475 38.6611481 20.8657990
v -53.2290840 8.0904341 136.5954437
v -40.1850014 7.1203346 95.8968353
v -39.6767387 10.2612123 125.7188492
v -50.1107140 2.3845224 132.0207214
v -33.1211815 36.4230995 117.6370239
v -5.7455611 60.4242134 274.5827332
v -12.5104809 5.6429901 22.3148632
v 27.1876793 49.6083145 265.4286499
v -20.5669518 -1.9889764 78.3065720
v 31.8917923 22.4320774 23.9425755
v -11.6026840 59.0526085 273.7110901
v 40.8958244 28.8095341 222.8366241
v -26.4800034 -2.3382249 85.6689529
v 2.5035915 63.1639900 279.0943298
v 24.3817348 35.3773346 12.5223274
v -27.8416157 38.5958900 29.7541447
v 3.1921875 7.2147174 26.6810837
v 40.3672142 25.0204620 224.8718414
v -56.6633492 21.2094231 136.6253662
v -59.5392151 0.6252836 150.8403015
v -29.0156193 37.4328880 59.9666634
v 24.8747044 8.8588114 20.0592670
v 27.3190918 -4.0124640 51.8355522
v -59.1800117 21.1860313 146.6994476
v 4.4453945 -1.5800892 45.1378670
v 29.2032948 46.6668587 263.0988770
v 40.8693390 31.5702000 226.5827484
v 41.1484718 30.1300259 224.6988220
v 36.8081169 41.7196655 228.2634888
v -53.3831787 38.3714447 152.1538239
v 1.3477906 2.4465573 45.4948654
v 33.8537102 48.4493904 223.7380066
v -3.8978691 63.2769394 270.8175354
v -36.3866882 13.2237396 116.6482239
v -48.1650124 25.3458748 57.0766487
v 25.2890606 47.9974594 272.3547668
v 29.7408695 1.0875667 34.0006866
v 22.5913544 43.8750153 270.4246216
v -46.4851990 5.4987445 79.9756165
v 10.1929884 -3.6076696 75.6998901
v -6.5733919 12.1593208 22.2741318
v 38.9749336 34.6918106 232.0025787
v -1.3915709 52.2566414 279.5214844
v 21.8093204 58.0560150 263.5794067
v -13.1167765 34.2026405 -6.7604761
v -26.5386219 11.7248917 126.9434738
v -49.0270653 9.6867561 131.0104828
v -4.9960423 5.1073294 96.4831238
v -0.7783818 34.9208336 51.3595123
v -48.3697662 11.6395359 75.1112671
v 16.7959785 61.3569107 264.2769165
v -44.3882446 25.3980293 72.9066925
v -0.1316995 3.3124936 49.5543213
v 20.0776367 35.1365623 4.5966239
v 41.3371048 28.0738029 219.0852814
v 9.3341856 56.7001038 250.1565857
v -46.3541031 28.9235859 99.8552933
v -24.5718174 -3.0848095 77.0742798
v 29.6898537 48.8193779 260.8186035
v -11.6778574 5.9542365 37.1655617
v -2.1393135 60.6987457 276.0772095
v -9.5004492 35.4928894 79.5249786
v -28.2570610 9.5344982 132.8906708
v -49.6866531 5.8350210 132.1450806
v -10.6204844 35.2358208 80.2171936
v -28.4099216 8.9738483 134.0116882
v -46.5461960 25.3664799 66.7059937
v -4.2642007 16.0511742 12.6320763
v 23.5119400 36.3021278 260.9247131
v 25.5815830 51.8472481 266.1623840
v -28.1153145 8.2164888 134.3017273
v -50.5490875 9.1489859 133.3897400
v -38.5496521 16.7810860 96.8107834
v 17.2319908 31.4329376 252.3498840
v -43.7097282 2.5851862 128.6638641
v -42.9456749 1.6625649 128.9533539
v -22.2652969 -2.6175044 77.9261856
v -48.1179199 9.7142363 72.8167725
v -44.8331146 7.0202546 128.8286591
v -20.2928104 38.2380447 16.5164852
v -5.8028946 61.7554016 279.0169983
v 24.9018745 37.2876091 262.2618103
v -17.9252911 35.9267502 91.6283646
v -8.0708456 5.9712315 57.7562714
v -40.9266968 18.2674789 101.4965363
v -27.6739120 3.1738698 136.3067474
v 39.4808426 34.6245613 227.3625641
v 28.7202530 50.0172195 261.8088989
v -60.4111099 18.9544468 146.4209595
v -61.6930847 18.4894772 151.5149231
v 14.1847229 54.9957428 245.7986145
v -42.4563980 35.8273430 94.2477722
v -4.4043360 61.1348572 276.4761963
v -27.4948864 1.6297760 136.8405304
v 33.0185013 37.8653069 259.1306763
v 39.1845818 33.9886322 231.3043365
v -61.6534996 14.7869492 151.5996552
v -54.7293777 15.7962418 135.8753052
v 14.2499723 59.4177513 275.7581787
v -62.1610985 29.4417839 171.7674255
v -9.1857758 35.3370399 64.4272842
v -3.5487735 60.4969749 275.4916992
v -39.6061134 11.7898531 96.8036499
v -16.1216202 35.5966835 84.7517242
v -19.2247314 -0.7189046 84.9336395
v 41.1278000 27.3888779 219.2437286
v 13.2174311 58.8564911 274.8850708
v -17.5153885 35.8237495 42.0529671
v 17.2934399 -4.1108561 53.6575470
v -40.7164001 13.4539671 94.5209961
v -48.9055748 18.2263775 69.8675842
v -23.3449287 36.2402840 88.0475616
v 39.9203949 15.4238129 225.5555115
v 31.0229187 17.2469368 229.4613190
v -68.1865234 9.6770639 193.7936096
v -0.8935667 0.9293237 69.3881607
v -55.8807144 13.3267775 139.5439758
v 29.2206440 51.8062172 259.5170288
v 5.4758959 63.9823494 280.5390320
v -53.6158409 9.7597961 137.3645325
v -14.1840200 38.3498039 7.4442945
v -39.1610756 18.2077408 94.2401733
v -43.8503227 33.2758942 62.5552826
v -40.8403740 18.7070770 91.2992630
v 4.9311872 63.7970886 280.0711365
v 27.4733925 53.1465874 261.8292847
v -44.3171501 30.5769863 53.7520256
v 21.7104015 56.2534065 267.1200867
v -42.1756363 38.9731941 98.2538300
v -55.7041130 10.0980139 140.8187256
v -42.4436378 39.0613251 103.8283768
v -41.5877991 16.0861549 92.2474747
v 22.5970497 22.3854332 6.1965284
v -56.8176117 11.5701828 142.3574219
v -4.2634444 4.0596619 85.7852020
v -42.7661972 34.8957672 60.2193871
v -42.9396248 18.7216759 87.7409668
v -48.3456688 4.1835952 72.2433472
v -67.8912888 5.4038644 169.6044006
v -35.8676109 16.4592304 108.5947113
v 41.0798035 20.4169140 222.3133087
v -42.8049316 21.6117115 95.0741119
v -33.9376755 14.9818974 109.4575500
v -29.3348064 8.4200048 131.8894653
v 21.6138229 11.8543987 17.4532185
v 24.1425476 7.8272319 19.6517582
v 5.5465136 60.7514191 276.5487061
v -53.0084114 2.1160681 173.2062073
v -43.3911362 30.6800327 49.9012032
v 22.8601093 9.1287518 18.3366756
v -27.6395760 -3.9636240 72.2302475
v -53.2423592 2.2155344 177.2815704
v -48.1840134 23.4196472 66.5181580
v -61.1113892 7.9244967 150.9612732
v 35.2997398 42.9958267 245.4585114
v -28.3379936 2.6207514 134.4057159
v 19.7804642 2.0264220 28.6176147
v 18.2548542 3.2114682 25.8252106
v 2.3526540 18.1539707 5.7978873
v -41.9816475 22.1185589 88.5806732
v 19.7645340 38.1970901 12.3200178
v 28.2978725 52.9372253 259.8620605
v -0.3311312 -1.5671633 84.1747131
v -33.2310028 13.3185825 108.1965714
v -27.8103752 37.0899200 91.9091797
v -36.4005165 15.1564674 110.9615479
v -68.0545425 8.7727604 198.1788788
v -8.3583431 54.4893303 279.7732544
v 15.5792150 1.4492594 30.5142841
v -52.9703636 1.2583081 135.0143738
v -36.1837654 39.1490669 47.4845543
v -18.8974266 4.2272592 110.3753738
v -14.7568998 35.3731689 46.5448189
v -53.2681885 1.9610418 134.8883057
v -37.2160873 14.4687128 112.1803436
v 29.4681931 36.0122681 26.1193352
v 28.0944328 50.8971443 231.1615906
v -67.3308334 3.5992398 164.4377289
v -32.6974220 39.2420883 24.6144791
v -45.4512062 26.6872768 97.5387421
v -67.6182480 2.9188337 165.9803314
v 22.5125046 -0.5410542 35.6362000
v -44.9741249 27.5243683 91.2121658
v -65.1174088 1.5889280 163.8211365
v 30.8086262 43.5458488 262.7259827
v -35.5991325 37.4805107 108.2728500
v -29.7263165 11.3589354 119.4944229
v -27.3019943 12.1276875 118.9532013
v -27.2280922 -4.7385173 57.2619972
v 33.2720566 38.9008980 258.0855103
v 4.2392087 61.6406593 272.9999695
v -65.5512161 21.4258022 179.5481262
v -26.6460857 2.3143926 105.3931503
v -30.3904114 39.4618416 20.7650986
v -6.3041859 5.6448855 82.3141861
v 31.6185818 31.5698986 25.7177029
v -48.6148682 38.3010445 136.4353485
v -25.4877739 -4.0458493 47.6696739
v -49.8286629 11.3533335 67.1132126
v 31.6340103 30.9908009 252.9505157
v -25.7273598 -4.3799005 54.3120613
v 31.8589516 29.2707348 25.7125206
v -51.1738853 38.1009636 139.4058228
v -28.0964012 39.3352623 16.5489044
v -44.4612389 11.3852892 86.3782425
v -0.4712600 23.0968418 -2.6463079
v -66.7686768 11.5190792 186.1798553
v -3.7043853 62.7002106 279.9636536
v 3.0029726 16.2994862 8.4467592
v -3.1690097 36.2470398 19.9128399
v 34.9157677 28.7034378 248.7248688
v -60.7358208 1.1053029 147.0973206
v 8.5868826 -3.4836748 49.1043129
v -47.9200897 29.3351192 115.6000824
v 33.3832970 22.4431419 29.1505451
v -62.5469704 1.1603875 152.4377441
v -45.6316376 29.8496742 90.9380493
v -11.1276684 7.8496242 24.9558525
v 3.8830178 18.1921825 3.4172084
v 15.3322945 39.1629410 4.1567554
v 13.9059925 39.0073700 4.2925973
v 32.7229004 24.3206139 28.2766285
v -0.6793274 61.5356445 277.2380981
v -48.9122086 38.1727028 129.3699493
v -49.3568420 37.3158302 129.3419647
v -50.1181030 14.4798231 65.6333160
v -38.0627213 39.6453094 66.5335846
v -30.4939499 12.4012108 112.4043274
v 13.2753496 38.6187172 10.0103884
v 8.1906853 36.0903740 26.0986443
v -45.2932701 29.3760777 87.0298157
v -36.7540512 38.1370544 36.1165504
v -50.0316505 37.7352142 133.1906433
v -45.3413734 30.7284088 86.6124191
v -11.0637903 7.2417207 31.0266190
v -30.8963757 9.2564192 111.1559830
v -43.1340942 13.1506672 88.3980637
v -3.5138040 3.8485272 74.4135437
v 22.8338909 45.5183983 271.8098755
v -26.6380005 6.2429671 113.3727798
v -25.7724476 5.0116735 112.0208435
v -23.6519718 38.9437981 11.5401545
v 25.7930584 54.0273743 263.7622375
v -47.3208351 38.2625160 124.0854645
v 34.1826630 46.8060760 246.1844330
v -18.5655785 -2.0120099 42.0610428
v -42.8626213 34.8308372 89.4817123
v 26.4380608 7.9925427 21.6479492
v 33.1478004 33.8318863 255.2668152
v 12.4651184 56.2726173 282.3278198
v 5.1485114 -3.6419661 56.2725906
v -34.8843536 7.1357555 127.8079147
v -31.7246361 9.5318241 124.8968811
v -30.0089073 39.4376984 23.0813942
v 41.9306335 14.6816940 223.2912598
v -31.0630169 39.5016212 24.0477715
v 21.0144577 -0.9713780 36.5340347
v -36.0975761 0.4151428 133.3069763
v 4.0373168 -2.8922627 53.3646393
v -32.5965767 2.4459713 130.0313110
v 21.0153980 25.5823364 243.8552856
v -29.7713699 37.6645546 55.2680130
v 38.3922157 35.4220963 236.1221771
v 37.9543686 27.4287262 244.9258575
v 38.7197151 27.3497047 243.4284668
v -19.0033379 35.8887634 75.5624542
v 3.1948907 37.7925224 8.8040333
v -20.0544891 35.9072800 77.2842712
v -22.4364891 36.4064980 80.9838638
v 16.7151966 -3.7704403 47.3726959
v 24.1515369 -4.3152151 61.6715698
v -64.6104355 19.7189312 171.4099426
v 16.4580688 36.4318886 39.2582512
v 38.8240318 31.0776405 234.1528473
v -33.1813393 -0.3058882 145.4580688
v -38.7856483 39.5407715 90.9498825
v -25.8542938 36.8126450 67.6618881
v -65.2024841 16.1169128 172.8907623
v -0.7285255 54.2085724 281.2840271
v -37.5139847 10.1127234 124.5602570
v -66.1925507 11.7807407 176.4491882
v -40.9374847 0.2031858 158.5794373
v -37.2589531 38.9928322 94.3581390
v -35.8171844 19.8302422 98.7427444
v -43.6236267 0.1289335 83.1064682
v 33.2413063 49.0714226 226.9474945
v 41.5904274 19.9788132 232.0023651
v 3.0166378 1.8493534 39.8320198
v 25.4565334 20.7219791 11.1367378
v -67.4635010 9.8064394 184.0563354
v -35.9367142 18.2618580 102.9503555
v -63.5345802 22.8406239 163.5586395
v -58.1340027 20.7042999 140.8559113
v -37.2343826 17.6364269 104.1032715
v -38.7513466 9.8856173 126.4323654
v -62.8271675 21.0097198 161.3079529
v 0.3984517 38.1674309 2.3791599
v 8.8935785 38.7531281 0.5689457
v -45.2873116 29.1852894 67.6595612
v -41.3584251 36.7029457 60.3183250
v -23.7296143 36.5282478 46.7494011
v 7.5351772 1.1868850 31.6688995
v -36.3447151 19.3710384 99.6597061
v 8.8116093 38.4470596 -1.0811028
v -40.9067192 39.0559425 87.0762177
v -36.9897079 18.3835144 101.5349426
v -11.3859844 5.9988842 83.2695312
v -7.7533121 6.7639842 46.9805717
v -64.8457870 15.5466843 169.1672363
v -13.5831442 6.0038872 94.1361160
v 16.8542976 57.0417824 271.4016724
v -60.9938698 22.9554901 154.2573090
v -68.8128891 5.9362903 190.4419861
v 14.8015776 62.7337341 263.7757874
v 1.0266641 37.1973724 -0.4642854
v -65.8420486 11.1579676 171.5681458
v 4.5538001 38.1284866 -0.5633821
v 20.5883636 1.6480398 30.2397690
v -23.6918907 36.2009163 101.3795090
v -12.9219484 37.9768257 10.3702049
v -69.2013702 6.1829853 184.8936920
v -21.6511612 35.8806229 103.8921814
v 2.6584377 0.2018595 45.6625557
v 18.5357265 -0.4283985 34.8584366
v 16.7282562 3.4263580 25.7655239
v -34.5633430 39.0706177 48.3662453
v 32.5869675 49.5862694 225.3483582
v -25.9747562 36.0319595 109.0993042
v 35.4351273 46.0872307 219.0588837
v -7.5961108 25.2636261 -3.8173242
v -60.4255714 13.9862213 148.6138458
v -60.5316391 20.4460106 150.7495117
v 21.3790417 56.6805267 248.2287292
v 14.5458498 61.2150803 278.1370850
v -47.2328300 0.2838132 158.1354523
v -38.3430901 -3.6173055 75.2819290
v -69.1557770 5.4741759 185.5870514
v -11.8764610 5.0392280 65.8394623
v -13.4890499 4.2218165 68.3560867
v -2.6942134 3.5057576 67.2622147
v 34.2668381 47.9793320 217.2248077
v 3.6775041 35.3375626 62.2877655
v -55.1831818 1.4280361 165.7934113
v 25.1784115 38.5150795 19.9024658
v -54.9197426 1.2713442 169.1946106
v -35.7426567 12.1112556 104.1857452
v 37.6061249 34.3603554 240.1309814
v -8.3826876 13.1447659 13.1814899
v -17.9435387 38.5685043 4.4348865
v -61.7108498 2.3657529 175.8126221
v -35.9487648 7.6935496 103.6458511
v 4.2703342 -3.7132752 60.7387199
v 32.6961594 -0.7495034 41.6178398
v 41.5458603 18.7279415 230.5534973
v 33.3773193 49.3474312 224.7771454
v 36.9300804 37.1546974 242.9823914
v 31.2624836 43.1080704 259.3392944
v 38.3850861 38.6000328 234.1033020
v -29.3282452 1.3432428 101.9978104
v 24.9712448 58.9194183 254.2675476
v -45.9609947 31.1218472 104.4448395
v -34.2609978 38.5007324 90.4777145
v -1.0677764 4.8036957 93.4504852
v -36.2158852 38.9700546 90.9709320
v -39.0088196 18.7887554 98.9418945
v 23.5430832 38.3778419 18.9068031
v -50.5612946 21.4578190 122.4745407
v -37.2081757 38.5864067 99.1123734
v -38.0333595 38.6437759 100.6966934
v -45.0107765 24.0263996 101.3390427
v 23.1282272 47.8210182 273.7430420
v -20.0970955 10.4837523 119.1241684
v 24.0397606 59.0805321 253.9631195
v 12.9604225 -4.1043782 73.3125610
v 31.0741692 45.1947289 258.3324890
v -21.9160995 12.8686953 120.0361633
v 36.3792648 39.7123337 245.3014832
v 41.3986320 25.5661850 217.1613007
v -67.1415329 8.0660772 172.8411713
v 29.9990273 26.1946030 21.3280945
v 41.4316177 20.7954636 229.8443604
v 32.8728371 49.8578568 230.8761597
v -68.0732269 3.8784447 168.6069489
v 40.6102982 23.5604362 235.8874817
v -50.6799355 23.2185192 121.5752029
v -49.9857559 25.3326645 119.6081467
v -67.1698303 2.2227247 166.2904663
v -15.5920229 2.6271620 72.6412125
v -44.9622612 29.1678867 59.7573471
v 4.7655783 5.8941627 24.3894329
v -36.5584221 14.0974836 116.2417526
v 25.1847725 36.5184250 15.8345776
v 16.6291428 60.0791740 256.9503479
v -1.1259618 6.1919904 41.3634720
v -35.9986458 13.1409149 116.6379929
v -6.1073623 35.6475067 81.6196213
v -36.6023560 13.3895416 118.2250977
v -10.7483425 35.5623703 -7.0829124
v 2.2445772 34.9751320 52.1409531
v 23.4114056 58.1527023 251.4933014
v -4.6195173 25.7704506 -3.7387626
v -42.1788940 13.6869736 114.8815536
v -44.1795959 12.9384422 118.3893127
v 25.5198612 32.7430344 14.0883284
v -33.7297897 9.6936674 107.4246979
v -35.8938217 15.6262579 110.4872513
v 4.3754649 21.1713886 -2.0884774
v -45.2730675 -2.4501235 72.7743912
v 31.0210724 49.6362877 226.0268250
v -4.6323957 6.2432451 49.6197319
v 8.7872238 -2.7276449 44.9682274
v -37.1195564 14.7479172 113.7141495
v 31.0866604 20.9244251 21.8180141
v 24.4579048 26.4188271 9.6195097
v 18.7307262 38.2673569 9.9398193
v -4.5313253 6.9574323 44.9054718
v -50.9673729 0.9158587 134.5183868
v -7.5015216 28.3299026 -4.4636483
v -2.9727170 6.3678966 45.2644920
v 29.3676338 14.4629431 24.2723312
v -40.2677612 10.9528179 123.4776230
v -51.4077606 4.5220313 133.2335052
v -41.2373161 10.1152134 126.7044525
v 23.2929344 -4.3891339 54.4557915
v 29.5444813 16.8556995 22.0306911
v -42.0952492 9.5573025 127.8793030
v -46.5105820 11.6912098 80.8137512
v -21.4724083 0.0949871 95.9333420
v 32.0774155 11.6620560 30.2801189
v -47.3242111 12.2550125 78.6931229
v 31.2280312 13.4965677 28.2745495
v -44.0322914 37.3199043 138.9143372
v 38.8709717 34.7023239 236.6493988
v 29.7384739 50.1650543 258.8921509
v -53.8415642 5.8766098 136.4880524
v -42.5180054 9.1754990 128.3355103
v -7.9674482 31.4298878 -6.3324881
v -42.2958832 -4.1425147 68.5518646
v 40.2363968 31.8344917 217.9757385
v 41.1003342 21.9382153 234.9366150
v -48.2976189 37.9008598 143.4946289
v 42.8345375 15.0752831 221.7527008
v 6.1303892 35.1097755 41.7117882
v -5.4032526 52.0877190 279.0100403
v -27.6306591 3.5550189 108.4980469
v 15.3387251 36.0962639 0.0730192
v -51.6220474 6.5406528 134.2098541
v -37.4729576 1.6634616 128.7515564
v -43.5643768 38.6261139 107.0870285
v -14.0759439 37.1541672 -0.2808541
v 29.7068539 -0.0674597 37.1044731
v 28.0612030 56.5010910 251.6353302
v 24.5497780 46.8152237 272.0855713
v -40.6614227 37.5038109 62.9308434
v -4.4530354 11.4765244 26.3056736
v 38.9000092 36.7559547 234.3333435
v 42.8852196 15.9043226 220.9288177
v 7.5568266 59.0774803 255.3755035
v -45.0122681 1.3348649 129.8444672
v 4.1693301 62.9190102 282.5942078
v -35.8388634 18.5617599 102.7894745
v 8.0404692 21.4126835 -3.9243970
v 35.8044243 44.6398621 223.7894592
v 23.9231339 -3.5170817 49.5105858
v -37.0131836 39.0784683 51.6277237
v -9.8067408 35.1826286 55.3795853
v 16.2226944 29.0168476 3.3182697
v -12.4503622 10.8176355 10.1999512
v -8.1581154 35.3921127 76.5960312
v -42.2341537 35.9399986 91.9132996
v -7.0000482 35.1381798 76.0321045
v 34.9868698 46.2700386 225.0659027
v 3.6916840 23.5782242 -3.7461004
v -48.4408073 20.9366722 71.9485474
v 26.9221420 25.3949966 13.7095661
v 29.9573517 51.1055984 230.9985046
v -47.1094208 0.5572476 134.2126617
v -36.5513382 17.0474091 106.6913605
v 28.5835514 -2.8678191 44.6949005
v 31.4093990 50.6151123 229.2834473
v -27.2878380 11.6095533 128.1122284
v 1.0298450 27.1323242 -3.4380167
v 14.9737959 24.3696899 0.4348678
v 41.5555305 30.1608410 219.5057526
v 11.2496443 -4.0797944 69.8614807
v 27.1073589 13.2259588 22.0671177
v -33.1817436 38.7951927 47.0581665
v -26.4823151 37.0055809 49.5016823
v 41.4135857 19.3858681 222.2692566
v -9.1636314 6.0286684 75.4592590
v -46.9234314 27.9924221 104.5205383
v 27.6042328 17.8620453 17.4743118
v 21.7320385 54.8183517 270.5144653
v -48.7623444 9.2858191 68.4902496
v -28.7283344 9.8395853 132.0857697
v -24.3541622 36.6652756 78.2454987
v 22.1206989 -3.7351384 48.6028862
v 15.1964931 38.5036850 6.2914791
v -37.4780159 19.3911381 96.4806366
v -28.5386238 9.1489954 132.2015381
v -28.9433479 9.2966318 132.8672791
v -46.8282852 26.4609222 61.9429474
v 8.7482538 37.9611816 11.2454748
v -10.1772623 37.5882111 11.8219414
v -41.8675270 21.3586521 91.9459763
v -36.3600311 13.0562592 115.9905853
v -3.3595407 3.6972718 94.3697433
v -17.4834385 35.4937096 94.5340195
v 12.5983248 -4.5328903 65.3103333
v -18.1250725 0.5561178 90.6151581
v -21.7548409 -0.8953270 91.1949539
v 5.7941337 7.8039498 16.4531746
v -42.7420998 14.2397509 90.1448669
v -34.8923035 39.2864609 35.2677383
v 19.9471664 28.4745541 6.1029334
v -13.9740782 35.7071762 81.1255264
v -42.9245987 22.7725945 91.0649261
v 9.3685532 60.5328941 276.8061523
v -27.6625443 3.4497383 135.6559753
v -6.5085330 60.2381172 275.3703918
v 7.1063981 36.8650818 17.9509792
v 0.4949498 37.0888672 -5.1442733
v -20.5789986 36.0530281 91.7272034
v -43.7758255 24.5595570 89.5083466
v -25.5722656 11.6919279 120.5489426
v -50.0505562 15.0751619 67.1799622
v -58.1882172 33.2807350 158.6430511
v -39.9272423 17.2027397 104.1746445
v -40.5579872 21.1227512 89.3602142
v 20.1618118 -3.2677302 46.0266914
v 38.7053146 37.1923447 218.7265015
v -36.1704979 -4.5759873 66.0103149
v -64.4713287 1.3925153 158.3568726
v -42.8513451 22.7166576 81.3753433
v 9.7560720 35.0063858 -4.5246177
v -20.6375809 -3.3711517 49.6664467
v 13.2127161 61.3245087 260.0381165
v 16.4527454 -4.1061940 54.8597717
v -13.6322298 35.6072235 75.3302078
v -64.9803391 2.2631469 156.1818695
v -9.7719831 7.2805204 98.9006653
v -43.6696014 24.6915703 80.5786819
v -11.0214510 7.6059704 101.7031555
v 3.8021114 11.6620798 15.7388172
v 1.8679488 -1.2990117 86.7596664
v 15.7818108 8.9739046 14.5323849
v 15.5132141 38.5043182 7.6110320
v -24.0459137 36.4625435 90.3282089
v 16.5941639 56.9924164 249.8372192
v 37.6630249 39.6361732 231.9247284
v -42.7255020 23.1839275 81.4683228
v -37.9376984 39.9331970 78.9585953
v -40.8568878 -1.4658797 85.2285080
v -45.5162811 30.7085514 90.8871536
v -4.2625251 3.8583529 92.3389740
v -65.3961105 22.3133507 183.3579102
v -49.5530014 21.9202709 64.9757767
v 21.1073647 1.9005338 29.1318874
v -66.4233856 2.7248206 176.0630341
v 21.2198505 0.7974620 32.5384026
v -25.1095257 38.9197769 17.5651340
v -49.5465889 23.0778618 61.6069069
v 39.7124443 33.9268417 223.2889404
v -4.3014531 38.2202721 1.9298775
v 28.6395626 56.4555359 247.1420288
v -65.8181229 14.0707779 186.9940643
v -20.8144264 36.8411255 34.0133514
v -61.8435364 16.1088276 150.8061371
v 26.8023224 27.5000134 13.1719084
v -35.9507790 5.2005968 102.3078842
v 7.4297404 10.0145960 11.8617210
v 10.5983353 37.4984703 16.3610001
v 9.0863085 61.6410866 260.8694153
v -66.6418152 11.8443832 194.5908051
v -33.1321259 -1.5526091 89.2750473
v 11.0547028 -4.3885474 60.0464020
v -25.2711220 12.7299137 121.1660156
v 5.4257946 -3.7904935 72.2246704
v 1.9351150 -3.1705177 75.2421494
v -30.6281433 -4.8354497 54.7934456
v 9.6004105 -4.4821072 63.3214951
v 1.5145273 23.9968929 -3.5307944
v 0.6942217 24.9422455 -3.6364679
v 2.0256817 26.0893993 -3.0559080
v 33.5726891 45.1857986 254.1410522
v -48.5048981 12.1773901 75.2264175
v -7.9965186 6.4278393 88.4837875
v -53.8697548 22.5696316 129.7937317
v 30.9519310 41.5119286 263.5846558
v -26.4590702 12.4987783 118.4746704
v -15.1927357 35.6294098 77.0499725
v -48.8425140 13.1834488 69.4196091
v -54.9408455 1.3525609 136.9008331
v 3.5103860 32.3970032 -6.0641937
v 41.5604401 26.0353260 214.6911011
v 38.7655983 21.6434555 237.6306458
v -55.6593094 2.2310638 137.4519348
v 42.3412437 16.4901962 225.5784302
v 11.7442055 62.9340973 263.6633301
v -1.3075380 0.8071694 75.9291611
v -4.0567241 48.4560776 275.1338196
v -26.3468933 9.7771988 116.1975861
v 7.2742267 63.6676788 281.2833557
v -55.7602005 19.6715088 134.1259155
v -19.4082241 36.0620689 83.3001099
v -58.2261581 1.9363674 141.2386932
v -56.5675087 20.3242874 135.6718445
v -57.8684044 2.6629570 140.6119232
v 21.4757900 20.7636547 6.2011561
v -0.7719668 -1.3345180 82.8074265
v 13.5039253 62.7695427 263.4369812
v 34.5739479 47.8628998 218.1693420
v 41.3917046 16.1214447 226.5407867
v -26.6544285 36.9732170 87.5294952
v 31.9831181 49.5092659 254.2882538
v -28.5534763 12.9146204 115.6406479
v 12.4230289 63.0966682 265.3623962
v 3.5587199 35.4692154 -7.0376201
v -26.4078445 10.7363281 123.5916748
v 20.6323051 14.0128412 14.1608829
v 40.0438652 32.6467743 227.3107452
v -16.3578072 0.2860470 56.4254723
v -59.8614006 2.6140316 144.2405853
v 11.1597605 63.4094238 265.0858459
v -18.7771072 35.8953171 78.5740356
v -50.1750259 1.4962442 173.0420990
v 38.3317032 35.3514137 238.8529663
v 21.6055050 52.9111977 238.6332855
v -4.0148239 35.0065460 54.0974731
v -1.7609235 63.8920822 265.1336670
v 20.9163170 8.1940737 17.4037838
v -28.7142258 36.8470612 99.6582260
v -54.5643234 2.4525554 175.8743439
v -4.8130031 36.6898994 -6.3724947
v -49.2057762 20.4146500 62.9111404
v 3.7400594 42.2220421 267.4967041
v -36.2901917 37.2135735 26.4203243
v -49.7021942 38.3311768 136.7036133
v 37.4821587 36.6527481 240.7229462
v 18.1754990 4.5787416 23.1857529
v -8.8722258 11.3700056 19.1075974
v -29.9548378 9.5457487 131.7793121
v -24.8865280 36.7379494 71.7115860
v -29.4866161 9.2640476 131.7501373
v 15.3194008 7.8938189 16.0014343
v -18.1158333 2.9187388 104.1617584
v -18.5419445 3.5474112 107.7701263
v 10.5019817 38.7378006 2.8474495
v -44.6343002 38.0145721 128.0173645
v 33.6943588 48.6694908 230.0236664
v -44.3611908 4.6955070 85.4247894
v -29.2426243 4.4855242 133.7325287
v -11.5615215 5.2526250 47.9203987
v -28.4001465 3.3641827 134.2203369
v -67.4351730 7.9342275 198.8754425
v -5.3766379 37.7846298 8.2971296
v -4.7183056 53.3935852 280.2234497
v 26.1675186 24.4057560 11.6230774
v -9.8942680 5.7366910 54.4503403
v -61.3977547 1.2037160 164.0868683
v -28.9939709 3.3442011 134.3000336
v 0.7332803 36.3910408 -6.5816269
v -33.9517517 38.0159988 96.7174606
v -50.6914024 37.8254700 136.9598541
v -23.2673950 -3.5006721 70.7480621
v 1.5657721 -2.3527329 65.8703537
v 17.7538013 32.8233337 2.3236339
v -20.6558628 4.3175387 111.0288391
v 29.0342712 25.7501240 245.1364441
v -6.2155600 15.1437464 12.6582012
v 40.7918015 30.6289349 213.3209534
v -29.4394913 0.9750481 134.6482391
v -33.9413338 38.8796158 67.7558899
v -28.0463448 0.1879550 140.8522644
v -51.3114624 37.5656433 138.7015381
v 39.3038712 36.4568024 223.6877899
v -4.7927551 23.7845287 -4.4942446
v -28.7150898 -0.1256140 143.3732605
v 37.6425171 20.3602409 235.6665649
v 23.0956039 37.9949951 31.3513813
v 24.3996925 12.2065020 19.7369270
v 38.3114548 38.3033447 225.5795288
v 34.9142838 23.0942421 240.7535400
v -55.6421890 32.7908630 148.1190186
v 21.2596722 37.5450783 34.0252304
v -29.7211838 12.3608265 116.3135071
v -49.2955551 38.2980270 133.6522675
v 0.3407459 35.7314758 24.7968121
v 21.3585281 17.0411282 10.4774141
v -29.0573215 6.8045936 112.0898590
v -43.4880714 -0.7481216 82.1714096
v -41.2305679 11.5887690 93.9759750
v -51.6091766 34.8993645 137.1471710
v -63.4921761 25.3502502 173.6372070
v 14.3375931 36.0920525 47.5347519
v -31.4925194 12.4933729 115.0307693
v 22.0386963 35.5133476 7.8250756
v -50.0020752 35.0203438 132.2499084
v -31.8427029 10.7939787 120.2365189
v 11.0062408 55.2247047 246.8506470
v 22.5722599 10.9324331 18.3770390
v -26.2187271 36.7816200 60.2684326
v 8.7809820 -0.6496858 36.9579506
v 33.8593636 48.0454292 231.0326691
v 19.0434952 7.3633947 17.6291103
v 31.5764465 26.7687531 26.6056862
v -5.5424242 8.6746063 36.8008041
v -36.8866119 39.4424515 60.5421219
v -53.6868668 32.4141006 140.9493866
v 35.7204742 42.6398468 242.6855621
v 21.0085087 3.3202291 25.8942184
v -51.5649872 10.6349478 133.6383972
v 31.8556557 24.0973969 24.7219944
v -29.4985142 4.1948524 132.7826538
v -43.6118813 17.0238972 87.5493317
v -43.1470947 15.7611551 88.9503632
v -24.1192360 36.3935127 56.6480637
v -28.5279694 9.6362638 127.0296707
v 14.0625248 53.2221718 241.7108459
v -55.7256813 30.1359596 144.6632996
v -60.1007843 27.2499504 156.8235779
v -51.5413017 12.6168499 131.9499359
v -31.7264671 8.0677481 129.3046265
v -23.3896751 36.2911224 53.7463837
v -30.8216133 7.2977943 110.5676346
v 3.2147305 64.2240982 266.6473389
v 17.6323891 -3.1572409 45.1723976
v -44.0776863 35.4812927 105.6746063
v -59.3683701 26.8612022 152.3743591
v -3.1811595 60.7048187 274.5517578
v -13.6348000 6.0713115 17.4731655
v -46.3793297 38.2116089 119.1969910
v -43.9027710 20.3288250 83.8674393
v -21.7982979 36.0381584 60.5145111
v -47.7788544 37.7320251 123.2983551
v -33.0406532 38.6000443 52.6736145
v 25.5199337 49.5082130 228.3868103
v -35.2264023 17.2614269 105.9492874
v -31.5585804 0.5808329 134.0517883
v 33.6315880 11.0958538 34.6418457
v -35.0586281 16.6809216 106.8378525
v -24.5274620 4.1931553 110.7336731
v -48.3556786 34.6497040 124.3417358
v -24.3550644 38.3326874 8.6627970
v -36.0096626 17.2103653 106.8023224
v 37.4507103 15.8688393 226.6265411
v 33.1289253 10.0546017 34.1954727
v -42.1777916 -0.1922817 150.6981354
v -1.1468042 7.5352769 36.6726723
v 39.6706963 33.8213997 213.6403656
v 39.0737991 37.3621559 231.6609039
v -31.3401814 1.5571703 131.2181702
v 12.5087748 -4.4078083 55.1449432
v -43.6556854 38.4922485 115.3256454
v -45.4845810 38.3760338 116.7876968
v -46.1117592 37.8604469 116.8634338
v 31.1403980 51.7292404 234.1044922
v -64.0787582 23.9831028 171.5863647
v 36.7839470 41.1130409 242.2171173
v 32.1683464 50.9172058 234.1315460
v -14.7059250 4.1845174 83.1073914
v -20.1052055 36.0033455 45.8992233
v -37.1808739 39.5620041 84.0390244
v -45.8610840 11.2487316 81.8864975
v -45.8766670 29.8802338 95.2976761
v 11.8522339 58.9152298 274.5215454
v -42.7831650 23.3093605 84.0119476
v 40.5442772 28.3655052 223.9539032
v -40.3487282 39.7941475 86.0695038
v -38.5707588 19.5257339 95.2947159
v -1.8094628 3.9628866 55.0820312
v -55.4596863 18.5729027 134.4489899
v -61.6939316 25.7188091 161.3326721
v -64.9393082 18.6098862 174.1412659
v -57.1843834 27.4491634 145.2522583
v -65.5193939 15.5024137 178.5417786
v -17.8449669 -0.5492156 35.0375595
v -36.8308105 15.4892063 110.9459076
v -1.4333265 11.8467054 24.2966919
v -59.7543755 25.6452503 151.4423523
v -38.2105675 39.9891472 75.5135651
v -37.2365608 15.4282990 111.9077682
v 33.3920593 -2.0233922 46.9442520
v 27.4628067 55.1892281 242.4674988
v -54.1638298 11.5106239 137.4663086
v -7.9719768 17.5704708 -1.2436693
v -42.9829102 20.2294960 99.9277115
v 29.5613079 -3.8766322 51.9302979
v -5.0538201 4.9923000 74.0435791
v 7.9297771 39.7498856 264.2545471
v 19.3375645 57.4398499 268.3541260
v -31.1184101 5.1879969 108.6784134
v -1.6919440 2.9831505 61.3576546
v -40.2989693 -0.4045635 145.9430542
v 6.2623324 38.4082108 262.4791565
v 29.5493698 54.9203568 247.8078613
v -48.7392006 24.3012867 58.8792343
v -44.6905289 0.1748794 155.6769257
v 23.8638344 29.1511555 250.2923431
v -13.1202765 36.2689209 27.2020798
v 24.7364006 25.1722622 9.8733740
v -35.9755402 9.2010489 125.8369217
v 3.2691867 -3.6825452 69.5032425
v -47.9593010 26.3361797 57.7198372
v -62.0802841 24.2151318 158.5621948
v -53.9948807 0.1028905 147.0793762
v -45.2222824 30.3618183 83.0480881
v 10.3395033 38.7152405 262.6815491
v 24.6950760 37.9723282 26.9609680
v -35.0711136 39.3381004 39.3628807
v -41.8745537 -2.3702352 80.0840836
v 35.5465469 45.3456573 220.8861389
v -6.7427435 20.1577454 -3.9860792
v 17.3500881 52.4355583 279.4088440
v 17.1614437 -4.2328792 71.2961960
v -67.1301804 9.4035101 177.0869446
v 8.7329273 62.6683578 279.1048889
v -53.7368088 1.4991530 166.6066895
v 26.1360435 6.2836075 22.1868382
v 3.3365769 -3.1933191 59.8684311
v -64.2886276 7.7047591 159.3049011
v -36.2819443 19.2991486 97.5796127
v -36.8568344 19.1733189 99.1211090
v 11.4619818 37.7927246 261.0036316
v -7.5068526 21.4740601 -6.2471757
v -0.3153364 0.9933697 62.7884293
v -39.7866287 10.3531837 126.5875626
v 18.4669476 54.3489113 243.0888672
v 34.0871086 47.6019516 235.7252960
v 8.6933842 62.6168938 269.3354492
v 4.0740695 2.3748770 34.8545189
v -24.0254173 36.6424103 83.0039978
v -7.9762521 22.5462914 -6.1886139
v 24.9837761 48.0128441 224.0744019
v -66.4136658 5.5952711 163.4889374
v -52.3001747 24.6045303 127.1354828
v -59.4138145 23.3316231 149.4837189
v -67.4967575 5.7331300 191.4716949
v -29.1528854 37.5645866 65.9198990
v -44.2528725 25.7983189 77.1496048
v -17.3103218 -1.2066277 52.3747215
v 25.6990070 38.2004128 21.3821564
v 30.1811180 51.7164154 233.1350098
v 26.3020763 37.4305496 22.0260010
v 24.9238701 38.6933212 20.8608227
v -68.7821960 5.3556175 187.7017975
v 10.3866644 38.5824966 4.1298237
v 25.1071243 38.1427841 22.8235397
v -31.2023640 37.5073471 96.2650833
v 24.4475498 38.8854637 19.1663322
v 7.0452747 7.9537754 15.1067467
v -67.1205826 2.3712575 164.3943024
v -42.5818520 6.9719138 90.8691101
v 10.2351751 38.3800545 8.7989645
v 32.8454781 49.5792923 240.4794464
v -56.5748520 1.4593542 170.4820099
v -43.9494057 -0.2389087 139.4925537
v 32.9864693 14.2873850 31.7119484
v 4.9212055 9.5698414 16.1419392
v 33.9286423 13.0192394 34.5839233
v 16.8960247 38.9887505 5.0854511
v -44.7430763 26.6148663 72.9319687
v -58.8783340 1.8901945 173.0824280
v -63.0536194 19.3531170 161.4419556
v -10.6933889 9.4085579 15.4487104
v -44.7502289 27.6204071 78.6716537
v -46.7427025 18.2851200 78.2281723
v -47.4214592 19.5572910 76.4537506
v 23.7203064 38.1330338 23.0373535
v 40.0262489 19.5770264 233.8050690
v 15.8773699 30.3190422 2.2588458
v -38.8703766 -2.5614572 81.4636154
v 21.1129475 37.9871140 27.5560131
v 15.9340000 38.8272057 11.8524389
v 13.9809990 37.2175026 260.5349426
v -42.6055946 11.5170069 121.6299133
v -42.2987900 32.6776161 43.7242126
v -22.6424770 35.9312973 105.6959534
v -35.1248932 -3.3038523 77.7595520
v -12.6948652 36.8223419 -3.5524127
v 30.4566345 54.6250153 240.0345612
v -8.2434578 14.7393312 6.6755714
v 32.5886078 50.3518219 232.6016998
v 24.0680351 40.1064911 265.7026062
v -47.0666580 21.6953583 74.8703918
v 26.8106976 52.2415504 235.1208496
v -43.0363388 33.0619240 47.2891426
v -24.9358711 38.5059814 23.1773949
v -35.5589600 19.2639923 99.0912628
v -63.8080330 17.7528286 161.9525452
v 12.6897583 62.2339516 267.1015015
v -12.5312328 5.1828780 34.8088226
v 14.8624325 37.5839729 261.5069580
v 14.2274361 37.5382500 20.3719959
v 7.0010805 63.8962021 266.4239807
v 10.8891783 35.5466881 47.1239128
v 32.1471062 51.2863464 236.2451172
v -45.7434921 8.4539852 129.0611725
v -68.9806900 4.6421599 183.8574219
v -48.1937294 13.2304907 73.2046814
v 8.3936377 63.5976753 265.1289368
v 24.9688396 41.5858879 266.9705505
v -45.5161018 9.8262711 127.2768326
v 30.2318707 30.3801918 20.7514935
v 27.5703144 33.2363586 17.5783806
v 11.8276052 39.6523781 263.5756531
v -7.7145114 7.1481142 101.1946564
v -8.2384462 6.9437366 99.2689819
v 14.8075867 61.4502182 279.1941223
v 15.7053642 20.4682388 1.5657879
v 33.3980980 39.6496658 253.5634918
v 14.2869272 27.6649475 2.0048814
v -39.8686447 14.2941532 112.7310944
v 37.4150352 30.3654747 247.3760681
v -35.0475502 12.7604141 115.9639969
v -8.4682941 9.6034479 28.6639481
v 3.2396235 35.1415634 32.8294296
v 28.9676132 46.3253517 266.4994812
v 18.7482071 38.9056778 14.8299761
v -48.1407242 26.2396564 112.0203552
v 9.8943729 35.5034561 37.5510597
v -49.3129044 17.0614452 71.1184921
v 36.0206947 43.2175980 234.8593445
v 30.1561756 52.4472160 235.1991730
v 13.0734863 30.7188988 -0.3465562
v -68.6758041 5.4530015 174.4933624
v -68.9594193 6.2461576 179.8799286
v 26.9224472 33.0685577 256.4357300
v -43.8843880 1.0264671 130.5860596
v 30.1443882 25.3475151 21.4480572
v 27.0183468 -4.4712300 56.8780289
v -29.0267925 4.8128734 110.1081009
v 10.2658596 17.0281715 2.5806701
v 1.6175550 4.2458601 90.7401199
v -2.0512488 45.0366898 270.9066772
v -64.9156647 10.6912098 165.4306183
v -48.2286034 19.3680172 71.6656494
v -44.9366112 38.0562248 113.7984085
v -23.9848633 -4.1874733 57.9393234
v -3.0381095 4.8915296 54.5851936
v -0.2182073 2.4400682 91.4746323
v -46.3467636 20.0100117 113.1935120
v 15.4408360 11.2089090 13.6604948
v -3.7716949 8.8422546 35.5782471
v 37.6864967 39.4871407 240.5631256
v 13.2509804 11.8957796 11.9424982
v -3.5756545 4.3522201 65.0079803
v 8.4477768 19.7562752 -1.8350091
v -67.7818832 3.2748547 178.4963989
v 8.2575884 47.4528046 274.5335083
v 6.4689484 35.4091377 57.6024666
v 4.4635353 34.9442825 45.1361198
v -9.9372234 5.6227155 62.2513390
v -9.5806293 7.6635032 102.5171585
v 37.2727737 29.9227753 247.8839417
v -19.9205379 35.8043594 63.4765472
v 11.9806890 61.7885323 278.3568726
v 27.1221485 29.7295380 14.4501438
v -14.3506174 7.7030125 108.8213348
v -45.3798180 16.7735271 114.0729904
v -58.6104393 19.5428162 140.9092712
v -20.0944443 36.0118446 70.4019852
v -2.3689854 9.8991566 30.7703991
v -43.9524765 29.5814285 53.7604065
v 32.2562294 7.1552143 31.1661530
v -36.3694992 39.5815163 75.6213150
v 5.8327703 4.6040053 24.8685341
v 28.6721287 25.9444618 17.5436554
v -22.5756035 12.2702847 119.9890366
v -22.8565845 12.7999277 120.3999863
v -23.3427868 12.8667755 120.8375168
v -49.5871849 3.4000001 131.4311066
v -2.7235575 35.1315918 60.5772171
v -12.7836599 4.5230608 41.9126320
v -24.6093407 12.7448645 121.3905411
v -14.0533962 38.4997063 3.5515585
v -43.1466103 33.3971672 49.5108566
v 28.2796726 23.9808826 15.3963995
v 6.5953774 -2.7691929 81.3569107
v -39.2625771 39.9728775 78.9915619
v 38.2658691 36.4466896 236.4284058
v -44.7136650 14.1491823 84.3576279
v -22.7323399 11.8866711 121.7317657
v -46.9499702 29.8404636 109.1584854
v -33.1870041 39.0290413 26.0283718
v 34.9325447 35.5133820 254.2947998
v -45.2022324 15.5918941 84.2091522
v 17.6696968 37.6687088 24.1445332
v -29.8423634 37.7320023 83.7763367
v -0.9017739 9.2684078 30.8757076
v -4.4603877 61.8054810 280.4987488
v -23.2494583 11.4107628 122.3993988
v 12.8168554 36.5927620 26.4707298
v -10.0641470 8.1469250 30.7115326
v -46.7578964 26.3607216 105.2063446
v 25.7084713 -3.4875824 50.1580925
v 27.7124271 -3.6001918 48.8499451
v -40.8775558 37.4375916 69.1804657
v 40.6632309 17.6644650 229.8767853
v -58.8679428 13.9845304 144.9922028
v 9.5522556 38.2012939 -1.6760991
v 18.6331520 55.5050850 245.9620209
v -36.5953674 13.8871336 116.1016159
v 17.8300381 12.4746199 14.0381441
v -39.4951859 39.4703522 94.7159042
v -32.9576111 35.9603119 126.3698959
v -39.8647041 39.2149544 98.3782425
v 28.7927666 -0.5531931 37.8235321
v 24.0093994 -3.5149012 46.8558960
v -16.3963299 -0.3776747 43.8633881
v 5.3211980 18.8005333 -0.3173866
v -22.6830235 -3.7742286 48.4930649
v 18.5499477 29.7358952 250.5010986
v 28.9148808 -2.1438398 41.7892532
v -38.0151443 13.2289495 119.2646866
v 26.8433342 -2.1249101 41.1492805
v 27.6684971 53.6806793 238.4606628
v -6.1538630 11.1464777 26.3911572
v -44.8487854 21.0142956 106.1399384
v 3.3806913 62.2511559 262.0494080
v -3.6164129 63.0452042 279.0008240
v -55.5337639 0.2176707 145.6931305
v -36.1783791 12.2961454 117.6968384
v -39.3664131 36.8847313 129.5928345
v -49.2273560 22.8118172 117.9696045
v 24.6147251 22.2362766 9.0337391
v -57.8388405 10.1436434 144.9514465
v -36.6800003 39.3298874 59.2802200
v -13.7924976 3.2822359 33.9472466
v -59.0276947 11.2455654 147.0557861
v 23.1990356 59.7408867 256.5504456
v 23.6804657 20.8334217 8.5971565
v 42.1997910 18.5698395 226.8092194
v 13.1723738 -3.9600930 69.9440079
v -47.5309448 21.3131809 115.0074539
v 42.0548477 17.3569069 227.4632721
v -60.8487358 4.2779684 147.1446991
v -38.3290329 12.7454987 120.4627686
v -60.5847092 16.6086788 146.6181641
v -62.9580688 4.0438523 151.4683075
v 28.5735760 45.8192329 267.9036255
v 19.9315166 -4.5157967 61.1126328
v -34.4103546 38.9389839 57.6193123
v -36.4876251 0.3486247 95.9992065
v -37.0141525 12.4198961 117.7339096
v -34.9214897 38.9114609 32.1734009
v 26.2863541 -1.5319456 39.1138763
v -35.2266731 -0.4568971 93.6141663
v -33.8022881 39.3184586 31.0617218
v -38.3418884 39.7509384 70.8754959
v 23.0063591 6.8088474 19.9003925
v -43.4071045 17.2910366 107.9874420
v -6.8950987 6.0980921 95.6716843
v -0.7200125 24.1173306 -3.7453547
v -43.4650497 24.1983948 78.0922318
v -63.0340042 1.7831426 151.1779633
v -64.0738220 1.5925654 154.7701416
v -43.6719551 9.0894194 127.8980560
v -52.4991150 38.3473358 148.7140350
v -7.7164283 35.3959846 73.0923233
v 22.5707283 3.9778140 25.2300835
v -60.1824799 9.8107786 149.9750671
v -2.4479897 13.7399683 19.6830254
v -32.5395317 39.5219574 28.9348602
v -8.3100224 58.9777260 279.5594788
v -16.6032200 1.7351780 77.1723404
v -54.5451126 38.2824516 153.0426941
v 38.8015938 23.2796230 240.1463623
v -14.9344292 2.1678419 30.0804329
v 38.7184296 37.8148651 235.3402863
v -54.4209976 37.7442513 150.4769897
v -8.6809864 38.0374908 0.4431578
v -38.6308556 7.6325078 127.4232178
v -12.1286793 5.5332847 79.6472931
v 4.4594154 -1.5021092 85.4956207
v -18.1553650 -0.0121080 79.7808456
v -0.4778379 60.8543091 274.5429688
v -62.2865715 8.4686155 154.3017578
v -15.7051134 37.5571022 1.5041333
v -14.0716333 4.9894123 87.0860062
v -11.3171167 59.1501198 276.8393250
v -0.4444412 14.6478901 16.3582726
v 18.0039902 0.2050248 32.9230614
v -55.9683342 35.7183762 153.2048035
v 28.6623955 3.7180812 27.8587284
v 14.0930882 -1.9150691 40.1625137
v 0.9105270 61.6690674 273.4953308
v -16.6738186 2.4277353 88.8465042
v 26.0535336 46.0208817 270.6835632
v 18.3435650 30.2585449 4.7314644
v -50.2705574 16.2658424 66.5588531
v 28.3548832 2.3358135 30.4965878
v -58.5811195 0.7044681 158.1641693
v 10.9229231 -4.5860262 63.6140175
v -49.2081032 12.3908014 67.9505386
v -17.3053703 1.7588122 93.4410782
v -17.9934006 1.1254326 94.6766739
v -19.1098175 35.9875298 95.8602448
v -49.2451668 13.0531149 66.3036880
v 8.0942440 37.5326805 14.2312698
v -17.7967205 37.3602142 2.3339078
v 40.3093834 23.0142860 237.8010406
v 27.7908306 20.1794186 15.4322538
v 12.3400278 39.9949417 264.5759583
v -26.2171726 12.0191841 125.0477142
v -45.7230225 1.8845302 129.6151886
v -18.5850868 36.0219231 88.8030167
v 39.7416954 25.4477482 228.9838562
v -31.3248672 2.0830941 103.9497833
v 23.9555759 53.7125397 269.3174438
v 18.1851349 50.5777359 234.1230011
v -4.2107854 3.9238658 93.7928162
v -37.9810295 12.2101736 99.9493027
v -57.5200500 22.2625599 142.0898132
v 4.5194421 62.0638351 278.2997131
v -29.0258923 -2.0431302 88.4107895
v -49.7723999 18.7171535 64.5936127
v -34.8437080 15.2190313 110.2347565
v -15.5567961 35.7088089 82.5448227
v 34.6331711 43.5138359 251.7395935
v -35.8809700 39.2157516 48.8563156
v -28.7935295 36.7756653 101.5071106
v -35.4704056 14.6545649 111.6208725
v 35.0744324 32.2465782 252.5961151
v 35.0554695 46.4906502 211.6597748
v -66.9230499 2.1188383 167.8832092
v 23.9627171 -3.0686448 44.2830276
v 12.4127350 9.2921085 13.4062519
v -37.2416611 14.8024578 114.1661606
v -36.4539528 -2.6178429 83.1570282
v -33.7011642 -2.2645588 86.4433136
v -36.5754776 15.4589176 111.3297729
v 24.4545422 25.8864861 244.9825439
v -13.3324986 3.8498542 47.3501968
v -30.1683922 10.1751404 130.7720642
v -28.6759586 9.8586836 132.6914520
v 18.7875004 38.1997795 6.4236393
v 10.3070583 11.5456524 11.3160782
v -49.8654213 22.6886005 60.2678833
v -49.8118439 22.4736233 58.0837021
v 5.1035824 38.2183380 5.7849975
v 17.7594128 38.4887199 8.0639725
v -35.4634552 13.7211018 113.6904297
v -22.7639580 36.3729553 92.1334076
v 3.0449519 60.8520279 274.3381042
v -54.3391838 0.8486069 137.6992035
v 19.8646374 -3.7396472 47.7008133
v -29.5042915 9.0891819 132.3516083
v -63.7116661 16.8087692 158.5442047
v -23.2147617 11.4177523 119.1709671
v 34.9085617 34.6882439 254.5266876
v -5.5219526 5.1517015 95.2245636
v -5.3896408 22.5910454 -4.5637012
v 39.9290390 23.8375778 230.1249847
v -57.7278328 4.6400890 141.5785065
v -10.2769766 8.9068069 24.8860168
v -7.0319457 6.1015148 90.4609146
v -28.6950989 8.8717670 132.7247620
v -31.5588379 38.6608543 41.6142426
v 34.8418999 43.7536812 250.5959167
v -62.5410843 14.0494709 155.3618317
v -58.5866928 1.1851037 142.2311401
v -9.9598131 26.7702446 -3.4312143
v 17.2182369 -4.2677565 51.8661041
v -62.5909004 12.4307623 156.1221466
v -57.8482704 0.8112697 142.1706238
v -60.1206474 1.6316187 144.7041168
v -16.4271145 38.6395645 4.7924957
v 21.0529213 34.0424919 6.0807276
v 15.0479784 -4.3982577 55.7426376
v -29.2145061 5.5780635 132.8339539
v -12.6412373 7.1710749 100.5582657
v -29.4206848 7.5895591 133.4954529
v -29.5757771 38.3366356 38.4463272
v 20.8517094 26.5277767 5.7743101
v -57.8689079 6.9927206 143.4633942
v 14.2091360 -4.1762075 57.8119125
v -25.4104958 1.4523071 102.5298538
v -7.3612285 14.1416140 13.2144012
v -28.2806854 5.1284199 134.4817047
v -16.8939056 36.5831261 29.3215351
v 23.3499413 28.5374374 9.1101389
v -8.8145456 7.6441631 38.4751434
v 19.8950634 -2.4504163 41.0174446
v -16.5576038 6.4407105 112.5796890
v -26.0603180 -4.0548277 67.6651230
v 19.1176891 -2.6268265 42.6091423
v -28.4337273 3.2022989 134.8167725
v -25.5305214 36.7142487 91.7126694
v 38.4160995 33.0030708 236.8495636
v -56.7894440 0.5130266 143.3038025
v -19.8935833 -2.0197647 73.7811279
v 9.0921297 60.2613907 273.1205444
v 9.6984091 0.3692796 33.5993652
v -19.0603752 -1.8974802 68.7840118
v -27.7525082 36.9653702 95.0547943
v 11.6742134 37.1150055 20.4151382
v 12.7177658 -4.4964857 59.7381821
v 31.8610592 50.0513268 249.6889038
v -27.6765614 0.7407517 138.1070099
v 8.2895393 37.7912178 11.9348202
v 0.5729442 -0.2147864 88.8819351
v 11.9120588 41.7535210 267.2058105
v 21.2225075 50.4083405 232.5488129
v -2.6548681 2.2340078 82.3841629
v -11.8118773 36.3988533 -5.3593936
v -14.1769962 6.7289686 102.5690536
v 37.6305428 39.9638748 222.2872467
v -14.9555178 6.4925594 105.0326462
v -63.7682457 10.7616529 160.5171814
v 33.8048744 45.1014938 250.0609436
v -33.0842552 37.4822159 101.8199081
v -45.2157402 28.1935921 57.8200035
v 22.2820225 59.9925156 258.3084106
v -60.2704506 31.1590347 164.7321777
v 21.7371731 49.0296822 228.5828247
v -0.9604482 0.2160796 89.4691620
v 5.7541704 35.5922546 29.1444912
v -43.6828461 38.0041504 123.9870834
v -62.2342873 5.8160248 151.7294159
v -3.0839999 2.4775758 87.6231079
v -4.3639565 21.2230301 -1.1884187
v 7.3361354 -4.2815952 68.9225616
v 10.5713882 61.0874939 271.1282043
v -46.4486084 -1.3896786 71.3237381
v 3.8615830 -0.2756265 42.5756111
v 34.3082504 37.3135185 252.1793518
v -25.2561188 11.4370584 118.0867462
v -41.8139038 20.7821274 86.7933655
v -31.1643848 38.1663551 74.3813782
v -26.5800896 12.8360958 119.7904968
v -10.4461575 6.5724154 88.4647141
v 4.5921230 63.4808006 268.2164917
v -6.3934774 24.4258900 -4.4677749
v 21.0331249 60.6384659 258.6282654
v 1.4653114 35.0158653 36.7687683
v -48.5187302 30.4616623 120.7825623
v -42.4384651 34.5240173 49.2309723
v 1.7930635 36.2371063 20.3813801
v -0.0034190 -1.7124056 76.1256256
v -50.7348557 26.8233852 124.9249420
v -11.2953396 5.1666160 60.1477814
v 20.9784985 60.5090790 259.8060608
v 31.5327225 48.5874557 255.3320770
v 1.9674629 -2.9651883 78.6385117
v -3.3218896 3.3946223 79.7737122
v 34.9840584 46.0507698 229.8267212
v -47.9681778 13.7646751 73.5360870
v -48.5190468 15.9531021 74.9944763
v -48.4203262 16.5990009 74.9256592
v -38.0708847 39.6773949 86.3100204
v -48.8895111 15.3190050 72.8247070
v -2.9539633 34.9304466 42.3750534
v -51.2095985 38.2574310 141.3312073
v -53.0554771 25.4274044 131.1628876
v -64.0852127 24.4919319 177.3287201
v -4.4565396 34.4008980 -8.1808691
v -35.3123055 37.6306725 29.0138588
v -35.1073494 38.1256447 30.3445892
v -1.5005047 0.1263177 83.0817947
v 3.0436172 -2.7470026 81.0258102
v -26.6415462 12.7716551 118.0396194
v -39.7573242 39.7773628 88.2158203
v -66.0208130 3.2003324 159.2016449
v -53.0839539 37.5821991 144.7227478
v -27.3254929 12.8207359 117.8408966
v -40.0876083 39.5623360 91.7540283
v -31.9987259 -4.7731700 59.1774750
v 4.9390488 25.4620914 -2.9528337
v 7.4092841 25.2178154 -2.5053246
v -28.0208130 12.5633202 117.7420349
v -19.7668839 5.7406750 113.8405380
v -26.3677292 12.0960207 117.4582520
v 6.9313993 26.7108917 -2.1344466
v 1.1283232 -2.2511632 83.0715332
v 6.3347459 28.1722927 -2.6314411
v -31.5158997 -4.3133984 47.2060204
v -0.9363931 26.0985909 -3.5232120
v -64.9378281 23.1964912 179.7481384
v -53.3711586 38.3233948 148.3262024
v -41.1429749 39.1781349 91.6433563
v -65.1945190 22.5554581 176.7529907
v -53.9964256 23.6886005 131.6320953
v -65.7288742 1.8603905 159.5095062
v -53.4898834 37.8900757 146.5737000
v -15.0973835 35.6061783 71.9011230
v -43.8221817 33.5495262 92.4609070
v -1.9765720 2.5986290 68.6356354
v -24.2283630 7.6436086 116.1202545
v 0.0489049 -2.1912396 81.2366638
v -34.2272797 38.1333084 27.1441593
v -65.5616302 21.4079075 182.9550171
v 10.0175123 26.1946087 -0.9188554
v -67.9580536 6.2942290 172.1724243
v 4.7128687 63.1207542 270.1920166
v -9.1705551 25.5897236 -3.5216231
v -45.2441673 31.4382515 95.1002045
v 19.1331615 18.8055668 6.2518430
v -65.0016861 19.0204906 177.4542084
v -40.0120544 38.1101036 72.7694550
v 2.0862992 -2.5710120 62.8922348
v -38.4809875 38.2962914 52.2238350
v -37.3131638 38.7445221 49.0793610
v -11.3496361 8.0336275 15.4753933
v -2.6075575 24.8193836 -3.9861543
v 16.8124104 38.6646347 3.7948608
v -39.1800041 38.2232323 57.3124733
v -37.2396622 38.7452507 46.1378593
v -15.6097059 6.3661642 108.3633499
v -9.1986647 6.5421171 86.9932098
v -42.5924835 -4.5946951 62.9579620
v -20.2198238 36.0824509 80.8837128
v 16.4600468 38.8957977 6.2829304
v -38.9835587 38.6383934 60.8846779
v 16.2427998 38.8292122 10.0959158
v -16.9185715 4.5664616 107.9829025
v -25.6958103 8.4440098 116.0305328
v -65.2762833 1.8851665 168.5623932
v 8.9465933 -4.2404833 62.0807838
v -27.8848076 12.4459066 115.5290527
v -21.4718761 36.2119560 85.8321991
v 9.8404169 27.3318233 -0.8114229
v -65.3337555 16.8320217 183.4793396
v -27.8960972 12.7869892 116.7656784
v -36.7283478 38.4292717 39.0701370
v -6.3066936 22.8640900 -5.3205280
v -34.5019646 37.9165649 24.4699574
v -39.5997009 39.5039101 77.4731979
v 3.5505397 37.8630524 0.3946133
v 19.6872253 9.5827475 16.0550327
v -38.8678017 -4.5816994 64.8092651
v 6.4799061 -4.0937982 67.7418518
v 19.3705025 61.1882858 260.7472534
v -66.1357422 12.9330406 191.7413330
v -40.0604401 20.3725433 90.0042419
v -40.0624084 38.3700371 75.3440933
v -40.1151314 37.4969673 55.2063179
v -43.8378830 21.4732780 100.6379166
v 40.7104568 26.1363010 222.0489044
v -35.9915276 38.0546303 32.3356209
v 12.1816559 37.2379608 -1.1434715
v 13.3102722 38.2765846 13.7216396
v -38.7280121 13.5273819 115.1175156
v 25.1583996 52.2668686 267.8192749
v -39.7085304 12.0599394 119.7363815
v 2.2860985 -3.4505081 71.8070679
v -26.9564247 12.4852333 123.8475342
v -46.6679726 38.1770973 131.8542633
v -13.1484795 8.0982399 107.5395279
v -20.5395679 35.8110619 57.1491051
v -27.5155144 12.0807600 125.8181992
v 32.8827972 45.1509514 255.4470825
v -35.7374306 36.6090927 122.3971481
v -50.5676003 38.2024803 139.0721130
v -45.5580864 0.0637037 136.7572784
v 27.7748928 45.5185432 269.0195923
v -51.8755035 37.9115753 141.1061554
v 0.9908894 -2.6818478 73.9295197
v 17.7298317 1.0443753 30.6789684
v -23.4798546 5.4138265 113.3409805
v 34.8976593 47.1341934 222.2413788
v -29.2851830 12.4989433 114.0655289
v -6.2012124 64.3573227 266.2956543
v -52.2216988 38.0603218 143.2491913
v -33.8922501 36.4933968 118.8197021
v -52.6566544 37.1644096 142.7207184
v -43.6907463 7.3284893 128.5631104
v 15.6549177 38.5461006 14.6563101
v -47.4895325 1.1871309 131.4621887
v -2.1961179 2.3168538 74.7157593
v -28.4561443 8.9991217 130.6641693
v -6.5432377 5.6043811 67.4140778
v -38.9867134 37.4000893 119.0960922
v -16.4082317 35.5337296 74.9570007
v 20.0872517 54.6210136 243.3306122
v -5.0174088 4.8590527 83.0677490
v -30.2725620 9.5288239 130.9487915
v -34.1431541 36.7423897 114.7409210
v -58.7926674 18.0169220 141.4627228
v -16.8884182 3.6268837 103.4915619
v -38.5373955 13.2619057 99.0782852
v -2.1286047 1.0833575 89.2562790
v -40.4226646 39.1300316 83.2189407
v 25.7507973 57.8867073 250.7111969
v 32.1461143 49.9431953 227.2930756
v -49.0484123 1.6233101 131.5056610
v 29.5792999 43.5406303 266.1360474
v -39.9231911 39.8300476 83.2715149
v -30.0496216 8.5595026 131.1388550
v -30.3179455 7.2877560 131.1520996
v -29.9738503 8.9654751 132.2501678
v -47.3782120 2.6616874 130.1255493
v -16.3001003 1.2658325 66.5191040
v -20.4015083 35.7514038 78.5980606
v 39.4244614 31.7975121 232.5157623
v -40.2942467 1.8057384 128.4166260
v -50.1418076 38.1865578 135.2696533
v 26.7672195 36.7127724 261.2321777
v -40.3503609 1.2173753 129.4912720
v -21.1173134 2.2528589 104.5956955
v -30.2470360 8.3398886 131.3681335
v -45.6927223 38.3197060 124.7028198
v -51.6095276 36.2985229 138.2646790
v -47.5648079 38.3797073 127.4231491
v 39.7669563 24.3590164 233.1449432
v 41.5238953 29.2076111 221.1358643
v 15.1873560 -0.2424140 34.8651276
v -11.2910852 7.1427474 97.3774185
v -23.4816132 -2.3503175 82.5889816
v 30.3499489 43.5887108 264.5523071
v -39.1860962 39.9320793 81.8510666
v -29.8930035 2.6609085 132.2569122
v -35.3362885 19.2159195 100.5009689
v -24.9898758 -1.9696467 86.6061401
v -39.0516319 39.9826965 84.3294373
v -52.2074547 1.8557115 173.7221222
v -41.7479324 39.3786659 99.1186218
v -41.5035439 39.3480415 100.4353180
v -41.3412857 38.2509499 88.9401779
v 29.3855934 4.7832260 26.6467304
v 4.2062883 35.0237350 38.9742813
v 32.8285904 48.8005104 250.5711212
v 34.2277451 47.9387245 226.6020660
v -42.0247612 38.5609207 111.0731430
v -37.8232880 39.8192253 81.2555313
v -14.9739685 5.3910670 97.6194305
v -58.2536240 2.8151743 180.1872711
v 24.1673813 23.7761669 8.4471731
v 27.2326260 22.2593765 13.0798006
v 15.5757828 -4.3905869 53.0524788
v 42.5997200 16.8354244 224.7449951
v 39.7582588 32.9801674 233.2382050
v -35.8857803 17.2221889 104.4372482
v 38.9501724 26.8164062 234.8673248
v 39.7712212 33.3182259 232.2053680
v -36.1313286 2.6595757 100.0753479
v -14.9270115 35.3615913 52.6838417
v -25.9908504 12.1601839 124.3562546
v -14.3888264 57.3694305 276.0773010
v 20.5093193 32.4087906 254.8066254
v -14.4341593 58.0912209 275.2060547
v -36.4858932 17.7262897 104.6886826
v 33.9736290 41.3916931 251.8391113
v -36.7485237 16.8193722 105.9999313
v -37.1033554 17.0681171 105.7947922
v -46.0691948 38.4918327 121.8585434
v -28.7624397 8.8736658 113.4866180
v 23.9760342 14.6326580 16.7119999
v -59.1745453 29.9835892 157.7197723
v 18.9041042 16.0346031 9.6517162
v -5.9635019 35.1120186 57.3110580
v 13.9312153 46.3020859 273.4016418
v -28.4036617 10.9908199 121.8072586
v -48.1917610 37.8436012 125.7299728
v -61.0260391 28.6243858 164.1535187
v -17.9617977 35.5864830 60.0387268
v -39.6827965 38.1823158 110.2803574
v -27.0254517 11.4097519 116.1472397
v 30.8580742 54.2581711 239.3585510
v -68.6614304 7.1948571 193.5904083
v 18.8676949 11.5627422 15.5670052
v -47.5361748 15.4164991 121.2027664
v 27.7504158 36.5938454 23.5179558
v -34.2087631 10.5737181 120.9325256
v -30.6629753 9.8877573 130.4271698
v -12.7125940 35.3008537 58.2824287
v -30.6502857 8.8812885 129.8486328
v -10.2134581 5.7023416 69.3213272
v -31.1235561 8.8168926 130.0864105
v -51.9975586 30.7747421 133.5946198
v 30.2226887 47.6162415 260.1545715
v -30.9543724 8.1062527 130.2990417
v 16.2848225 33.8063049 0.3446314
v 12.6050453 38.3441658 0.1431043
v -32.0128708 8.6396446 127.8724670
v 26.8823910 37.5929718 27.3263721
v -41.2803802 2.6665063 128.2204590
v -14.3388300 3.9108939 74.0663376
v -15.2939177 3.3228006 78.4130249
v -30.0447044 4.5852237 131.8053284
v -45.5194473 13.2982721 119.5543823
v 11.2903433 39.1427269 1.6260917
v -27.1212387 37.1994209 72.7427444
v -33.0549965 7.5905242 128.4541931
v -8.2865553 60.0078735 274.1796570
v -31.9884815 6.4837465 129.6577454
v 25.8729744 37.8847618 27.1231613
v 6.8106136 -3.6910996 52.3459816
v -31.0835285 3.5886137 130.8266754
v 4.7831206 -2.6157703 48.9370003
v -29.9275341 1.4110533 132.8764954
v 7.6222744 38.4470406 4.6120472
v 39.9224625 32.4930115 223.2107849
v -57.7872620 15.4102888 141.7690887
v -30.3775883 37.9477425 79.1573029
v -12.3584795 5.9233298 86.9033813
v -12.2401037 6.5765800 93.7031097
v -58.5352478 28.5650158 152.6364136
v -33.8170738 8.9467516 126.1493149
v -34.0059509 8.1843262 127.4395370
v 20.2921410 0.3606400 33.5120888
v -31.2616634 38.0876999 83.5491714
v -26.3845520 -1.8309572 88.0814896
v -34.6237297 39.0627861 80.3209763
v -61.2328796 17.4163017 147.9072571
v -61.7462730 17.5837345 149.9004822
v -32.4994125 3.9374163 129.6105194
v -9.8231611 7.0736489 95.4924088
v 15.2864408 36.1981544 42.4818153
v -41.1790123 38.1220932 114.2797699
v -39.4268074 -0.0801887 136.5084076
v -65.3360214 17.1089058 176.4467163
v -22.5470829 9.0792084 117.9517059
v -17.3934689 2.3360116 98.9727325
v 29.3135109 42.0276604 265.3738403
v -5.0629959 5.1356306 66.5690460
v -8.5554695 6.8192749 95.4138794
v 13.3997650 33.6080170 255.9942474
v -35.8038940 9.5265779 104.2483978
v 15.9898272 -2.5462556 41.2977600
v -31.9957256 12.7948322 110.2695923
v 25.1341896 16.5774860 15.4785738
v 19.9856415 22.0869923 3.6333547
v -62.7711487 26.0252209 169.5395050
v 21.5588284 -3.4320071 45.9882660
v 20.2263813 24.5509663 4.5081820
v -23.8775177 10.3191605 118.1099701
v 13.1962700 -2.8181252 44.1451797
v -40.7554169 39.5401878 94.3366013
v 21.1741505 59.7782822 260.8234558
v -37.1803513 -0.3747431 141.2973785
v 31.7373943 27.9208698 25.2156010
v -3.0013599 5.5818439 49.7892227
v -42.2369614 38.0583801 96.0873489
v 28.9035702 7.4309335 24.7779179
v -33.0619469 12.2256746 115.8857346
v 27.9473686 6.3503180 23.8323936
v -19.4140968 1.2911162 99.1591797
v -31.6419029 3.4513450 106.0862198
v 26.0271225 4.9565444 24.1025448
v -30.1535511 37.8494606 69.1145782
v -61.2989655 12.2664204 152.0098267
v -64.3987961 22.2184887 167.8195038
v -68.5044556 8.8559303 194.7630463
v 22.9380817 18.7990799 9.8641844
v -64.8371811 22.4061298 172.0146484
v -5.6977782 5.2387204 91.3714981
v 26.0233784 3.3012145 27.6216087
v -35.9659119 8.1859283 127.0139847
v -1.3564315 35.0864906 34.8762398
v 25.5560551 0.6741202 32.7585373
v -64.8757095 19.6492329 174.7182007
v 31.7785053 25.8243790 28.4129505
v -33.9304428 5.9309068 128.4942932
v -4.6015778 5.5731382 55.1314545
v -23.8980427 3.2493601 108.2481689
v 0.8191619 1.6038241 51.2378654
v -0.5988538 2.6987262 55.1425934
v 20.0575237 10.8408241 16.5466652
v 8.0331478 -3.9201889 53.2923355
v -43.9716682 38.5682411 110.7770767
v 22.7252140 0.6669887 32.2681808
v -64.7713013 21.3226662 170.1201477
v -43.6012764 38.4737701 113.2856140
v -64.3833008 18.4361610 168.1720734
v -41.6150818 7.4692392 128.1356506
v 26.9751987 49.9546776 266.7942200
v -63.0726776 23.8615131 162.7113495
v -45.3943939 32.8509598 106.8974991
v 9.7438726 37.5369606 261.2369080
v -65.2357178 17.3901997 173.2235260
v -54.9971123 28.9788704 140.3951416
v -49.5913620 -0.1104161 144.2136383
v -6.8908167 35.3258209 32.5493660
v -46.9373856 34.8711891 118.6948318
v -56.2017288 27.5146141 142.4012299
v 20.4944363 57.1486168 273.4763184
v -43.6566887 14.5743179 114.0772476
v 29.8926296 46.8751755 260.5674438
v 33.1499901 6.9926400 33.5507889
v -55.5792274 36.5706139 153.3890381
v -66.6649628 11.3245087 181.1308899
v -63.9311905 19.8868790 166.6320801
v 1.9830751 -0.7213493 52.5857620
v -61.8886070 10.6232872 154.2250824
v -52.5023232 1.4314336 171.3024597
v 2.8828745 -1.9281417 53.0045357
v -68.5284424 8.4893408 187.0030365
v -53.0244598 1.7280504 172.3990631
v -17.5874348 35.6481285 46.9779015
v 16.8170414 40.0109825 265.3226624
v -57.0458298 25.6303329 143.8188324
v -42.6255531 14.1796141 113.7379456
v -60.9703598 25.4353771 155.8867645
v -62.8070450 9.9869976 156.8084717
v 7.5923872 -1.6072614 41.0340576
v -60.4386597 24.4775238 152.5656433
v 21.4072266 60.1405449 256.7925110
v -30.4425068 36.6511612 107.6445389
v 33.9366722 45.0412750 248.8143463
v -19.7068863 35.7979698 51.0743637
v 7.7844472 35.2995605 51.9715805
v -65.0427856 16.8749447 169.3643646
v -68.8398590 7.3854489 183.4254913
v -55.3753967 35.5886192 150.8029480
v -6.4135060 5.8055553 59.1181870
v -6.7613578 63.9744225 268.1179810
v -62.1943398 23.0645618 158.2109222
v -50.5497627 25.9511738 122.5175781
v -19.1123409 -1.0564097 78.3048019
v -65.4945145 14.0743532 174.0106354
v -69.0102158 7.6758113 189.0086823
v 40.1764908 30.1008453 227.7845612
v 21.8677177 50.0163956 275.9816589
v -8.1808081 5.7999334 65.8736725
v -58.7514420 25.3444443 148.0786133
v 22.9739952 -1.7676871 39.1681557
v -25.4613304 11.9647770 119.0439377
v -62.1224442 4.2230711 186.4262085
v 13.9324284 -4.1205978 50.9062729
v -65.7854004 5.2442584 190.1376801
v -62.0153313 21.4215374 158.0745544
v -42.2971611 10.3934727 125.1627197
v -11.6748400 5.3827291 71.6302109
v -49.4190025 19.7088394 121.5694046
v 11.9200010 -3.9334776 51.8401909
v -18.6297626 -1.0157889 73.9244690
v -26.2237720 13.0398140 119.3327484
v 23.7954388 -1.2450244 37.8558083
v 10.2169724 -4.2209496 57.5122871
v -47.3472366 0.0948459 154.1123657
v -65.4647980 7.4109678 163.2107086
v -66.7062607 7.1050820 167.8709564
v 3.9134326 35.6743507 68.9649582
v -35.4207230 11.1704807 119.8649216
v -17.3207016 0.1603330 70.6041260
v 27.9780960 35.7661285 21.6902409
v -51.6841621 1.2131587 165.3966980
v 33.4090538 0.5711721 40.6119995
v -56.8676109 24.3414173 142.2857819
v -52.1289978 18.5541458 128.3328247
v 33.3829346 -1.2842435 44.6069717
v -37.4795761 8.8749313 126.7923431
v 32.8971481 -2.2357817 46.4921150
v -36.3274727 20.1210365 96.7501755
v -37.1760368 13.7169437 117.7389526
v -36.8831177 19.4388485 97.2504196
v -37.1308823 18.8274498 96.6423187
v 0.5639935 -1.5127641 69.1456070
v 2.4851441 -0.7104079 49.3724098
v -35.7447815 4.8246374 127.9759674
v -36.9716034 6.6274629 127.5044327
v -35.7559738 39.4374008 70.7452698
v -53.5555153 20.1958714 129.5263672
v 3.4407790 -1.0200380 46.1155548
v -55.8895760 2.2331941 173.2359772
v -67.9748688 2.8434751 174.4928131
v -57.0971069 1.8127303 172.3634491
v -37.3606567 18.9647541 99.0207672
v -68.6656036 3.6305861 172.9400330
v -34.4187508 3.4848051 128.6561890
v -34.8263474 1.8632127 129.0863037
v 18.7270603 38.4540329 8.0667105
v 6.0877247 -2.2120271 44.7636375
v -56.8815651 2.2355165 176.3238525
v -64.6267853 17.0906105 165.5903625
v -34.2252769 1.3823457 129.6817169
v -51.9442291 1.1195217 164.1800537
v 6.5185642 -3.0722160 48.4026031
v -54.8062172 1.2790381 164.2900543
v -52.2301636 38.1857071 145.9765015
v -34.9117546 0.9743796 130.5533600
v -6.6190791 5.6546774 73.0813904
v -39.9976730 39.4240837 80.6607208
v -54.5294075 1.3228822 167.9132080
v -36.2220001 17.8278103 99.5569916
v -15.3699303 2.1942813 63.2800636
v -64.2681046 15.0649710 164.6221619
v -50.7232742 38.2318001 144.1733856
v 21.4824486 36.3177452 7.6396055
v -21.6078110 36.0294914 89.3623581
v 8.6971636 37.2077408 16.8605156
v -53.0877151 21.7663822 127.6903305
v -29.3532619 36.6569023 104.4552460
v -38.3208466 17.3090439 104.1248322
v -41.4597893 37.0043488 84.3648987
v 16.3538113 60.7524376 266.6838074
v -38.6817894 12.0979824 122.4737625
v 31.5224609 32.3546066 254.4026489
v -47.3164520 18.6667404 117.5446396
v -66.0110626 4.2135296 185.5175781
v 30.7507706 30.2579403 22.2407341
v 21.8779430 32.5165405 7.9607038
v -41.2445602 15.7494154 108.8009262
v -49.0423393 38.2048264 140.2412109
v -8.0172739 60.7001534 277.6531372
v 22.4354210 30.8287601 9.1998034
v -65.0491943 13.0575399 169.0586700
v -66.5004349 3.4497812 181.0615082
v -68.1561127 4.3704262 184.9982452
v 30.6294727 28.1940460 21.7134380
v -42.5922050 16.3022251 108.6273422
v 24.5375881 38.0986633 21.9423962
v -44.5990791 11.3882971 122.8162689
v -7.8427587 60.6826096 276.8112488
v -60.8683243 21.7414665 153.6261292
v 35.4450111 26.7626801 246.3446808
v 25.8843708 37.2814140 19.8226547
v -40.4614677 10.2600842 127.4215012
v 17.0686207 14.1598911 11.0651731
v -41.2910690 10.0603685 127.6694870
v 22.9331818 38.4094048 19.8502903
v 33.6740685 47.3168526 249.1883698
v 22.6425800 24.7792339 7.0800633
v -47.4165115 10.5513229 127.5648880
v -41.4443092 9.2758455 127.9909515
v 7.0297041 -1.4809074 84.3136597
v 25.7099857 35.7076416 15.8776035
v 32.6516533 20.5066891 26.8941441
v -38.9149513 9.4854908 127.1021347
v 17.8510666 8.2054520 15.9977655
v 27.5931568 34.8178673 19.3601131
v -61.8213425 19.8589630 155.8800964
v 23.5765266 38.3079834 17.0685902
v 24.4218788 37.9183388 17.1652031
v 32.6367722 17.7418976 28.3809319
v 15.7163944 54.6489639 280.8617554
v 0.1050406 1.2831731 57.4153709
v -17.6604366 0.8092542 84.3671188
v -38.1602211 3.1437812 127.9273453
v 40.1134071 32.5388260 231.6617279
v 17.7652225 6.3927393 19.3093052
v -4.1518788 61.2550659 259.6922913
v -2.9034576 4.2678719 59.7008896
v 22.7355194 38.1142502 17.6329823
v -50.8890343 16.7667274 127.6778412
v 6.6431746 -2.2589917 83.3624115
v 21.3979931 38.7019157 17.9968071
v -36.8137970 2.6598887 128.1880798
v -6.5253243 63.9665337 264.9436035
v 6.1647573 -4.0340600 59.1977577
v 27.6920471 0.9506766 33.6002083
v 28.9114075 31.1563473 18.3231068
v -37.8316765 13.2384892 118.7022018
v -44.1230545 33.6910706 98.5362625
v 11.0471897 61.3922424 282.3026123
v 26.2248402 34.2055206 16.0188713
v 3.8019419 35.9433899 24.3197536
v -37.8233948 13.8700666 116.8933258
v -37.6530075 13.9055853 117.1479645
v -5.6553621 35.4317017 77.9885483
v -56.3777008 0.9403405 163.0417023
v 33.1484566 8.8132114 33.5054436
v -37.1950989 13.8058100 116.8646545
v 5.5374899 -3.9928811 63.6402550
v -46.0021667 3.3859160 129.3803711
v 25.0656338 2.6450450 28.7112789
v -34.9326706 16.3627415 104.5413132
v 32.8360138 39.9167328 256.6766052
v -35.6390114 17.7596321 104.4117432
v 17.3411884 36.7244682 35.1270905
v 16.4444599 37.0959167 27.3629265
v -35.3654900 17.0325279 104.1749496
v 14.3598242 36.1401634 37.4186249
v -54.9269447 0.6092554 159.7693787
v 10.6105423 2.2942593 28.3281174
v -1.8390012 2.1265469 92.2298660
v -36.1179962 17.9616261 104.5370102
v -36.8891983 11.3057909 102.1606216
v -6.2470565 61.1088905 276.6433105
v -36.1923637 17.1741505 105.2906723
v -46.2646980 27.2630482 100.9420471
v -14.3282080 35.7809296 86.8316956
v 1.3703785 -1.2831451 60.3702393
v -44.7760162 -0.3512385 144.2895050
v 11.1489210 62.3441505 281.4863892
v -42.2847404 37.2203140 133.4957886
v 1.7781906 -2.9411335 69.1344376
v 27.3581619 37.4276276 261.7440186
v -36.5439682 16.4590530 109.1849899
v -36.9177704 16.6751347 108.0432816
v -15.6970530 35.9509888 92.5948410
v 19.2931004 55.5770416 270.9716797
v -37.0896187 16.0761623 110.0587387
v 16.0653305 -4.4403672 58.7508965
v -34.2546310 3.4556777 103.4226837
v -68.4679337 3.8908963 181.4379578
v -64.5246887 16.4826279 164.0799866
v -48.3924370 11.2095680 127.7452393
v -38.1906281 18.8634205 95.0820312
v 20.4860668 30.9648056 6.7631545
v -16.6137714 35.8057137 95.3025742
v -33.8432198 2.2075560 102.3421097
v -19.0860920 36.0721245 85.7808990
v 38.2629738 28.4428463 239.2281952
v -37.2419243 17.9674129 97.2465210
v -2.9108555 2.5258565 92.2799149
v 27.1414165 31.8929558 15.8359108
v -19.3542690 36.0315399 98.6760712
v -3.9507558 34.9294395 45.3975906
v -9.6307764 35.1119461 45.1001892
v 39.9848518 17.0341511 229.0123901
v -11.1362009 5.7006335 75.7346115
v -27.2220173 37.2098236 81.8796005
v -12.7732182 4.9477472 74.1618118
v 13.5907507 60.3591347 270.0202026
v -46.5668602 29.5754070 103.9411774
v -62.7836151 17.6059170 155.2944183
v 28.5335579 34.0282478 257.5110168
v -8.0400057 35.0820007 51.1390877
v -29.0188522 37.5162277 85.8221207
v -47.4366035 28.0671864 108.3534241
v -13.8001537 4.6158071 79.3438263
v 19.5188675 36.1702919 4.5804977
v -62.6508713 15.0044355 155.3721161
v 29.1163502 27.9026241 17.8290691
v -64.3318558 12.7971621 164.2879486
v -50.0676270 8.0960560 132.9595490
v 2.3439233 -0.3346639 87.9118423
v -25.9319820 36.2665100 104.2708054
v 30.9602070 25.8235931 24.6151695
v -47.6995697 8.6551781 130.4940338
v -1.2665874 35.4545975 70.6723404
v 30.2561646 24.0523319 19.9623947
v 39.7085533 35.2248459 226.1227417
v -47.3719139 26.7576256 107.7716751
v -27.5260677 36.1454659 110.1372299
v -31.7630463 38.0543365 87.6450577
v -65.9652939 9.1341438 168.1176147
v 38.7815933 34.3759117 237.1882782
v -48.1970482 24.0118351 113.8171234
v -5.9217734 5.5348020 62.8240509
v 21.2137203 22.9844704 4.6999245
v 1.1246673 34.8607025 45.7404480
v 20.1643238 38.3745346 22.6491070
v -47.3535347 25.2492447 109.3806915
v 31.3243580 18.4776402 24.2393208
v -13.5032625 35.4313622 65.3782043
v 36.9338684 26.0421410 244.7460327
v -46.4856262 23.1626434 109.1916428
v 27.9044838 27.3459244 15.1855631
v 30.4251480 51.6404419 252.8079529
v -49.9229584 12.0033941 129.4174805
v 5.9996524 60.6207733 274.0056458
v 31.2483273 16.1118736 26.2420082
v -17.1215229 35.9037018 86.9658585
v 26.8534260 11.7850838 22.3925934
v -20.0433521 -0.8783002 89.0418167
v 31.5389633 -1.0737361 41.0264893
v -20.1927547 -0.4046472 92.8187561
v -15.5313902 35.8131599 80.9885483
v 20.9810982 54.6409569 269.8655090
v -42.3652840 18.3840275 103.0904617
v 30.7882252 -2.4404411 45.6659470
v 30.2525978 18.6913586 21.2208595
v -6.5979304 6.1520419 98.1371918
v -49.1343956 24.8416672 116.3872757
v -9.9890680 49.9427071 275.7287903
v 0.0721827 4.4549031 44.3395576
v -41.2501106 38.9957924 104.7041473
v -50.0672226 0.0389084 150.2039948
v 16.0372543 36.7503929 30.4722500
v -68.4655380 6.9575362 177.8018341
v -37.2353172 15.6692400 109.1241379
v -36.8645439 15.4653263 110.1416168
v 18.1322670 38.3320045 10.2200117
v -22.3132038 36.2823524 75.9353638
v 28.9594193 12.6118670 24.9099350
v 31.9329319 9.5986567 30.6487503
v -38.1251755 15.2643118 110.2327805
v -43.8089561 19.0615349 105.6359177
v -53.7690201 0.3419719 155.2896576
v -42.6983871 38.9138947 107.2967987
v 11.2240534 35.8166122 32.7374573
v 6.6170955 62.0154877 271.7458191
v -45.0557251 19.1293468 109.8739166
v 17.2270164 38.2959328 8.2709551
v 3.5398669 -2.1585791 84.1834488
v -48.3941422 27.3976860 114.3298111
v 17.8541546 28.5341988 4.5744457
v -69.0960999 5.0062585 178.4819641
v -69.0854492 4.4159551 178.5751495
v 18.4831638 38.6904716 11.7604208
v -39.6543846 19.1639061 92.0962219
v 30.0085773 5.8038349 26.8415737
v 36.3952751 32.6602135 247.8195953
v -7.8603292 5.9573236 75.1264191
v 31.3484325 4.7935972 30.0746269
v 37.9023018 29.5083637 245.0050049
v -47.7816429 4.3708215 130.4049988
v 37.0833702 27.3746071 245.9094238
v -68.8006134 3.8197482 179.0256042
v -47.3776245 6.6763668 130.3927612
v 27.1147404 15.1080446 20.1219311
v 24.9114456 -4.0141401 53.5941353
v 25.5264053 -4.2936258 54.1843834
v -10.3940468 6.0538597 79.2585831
v -59.6283112 1.3329514 167.4733124
v 32.4693336 0.8830965 37.4469070
v 31.2830238 0.5327041 36.5316200
v 32.9876518 3.2533047 35.5163116
v 31.2885571 2.7654791 32.3277435
v -44.4639854 17.4478035 110.5273056
v -61.5188217 1.8148021 171.5049286
v -1.6474183 4.8951764 48.9228249
v 22.8786373 -4.5566535 59.4471893
v 30.2870960 1.9964641 32.4116974
v -13.1068954 5.2912331 83.3393021
v -63.4796257 13.2819357 160.0526733
v 17.7450275 37.5932312 4.1783748
v 7.9277663 35.1949463 45.2083969
v -26.1271420 0.4124238 98.3344116
v -40.1226883 19.7161713 95.8578491
v -35.6222801 19.3025475 100.7607651
v -35.9155617 18.6805019 99.3554001
v -55.3426781 23.8390694 136.8333893
v -13.2972031 35.5469208 78.2220688
v -21.2760277 -1.4375547 87.2138062
v -53.1569901 4.5661244 135.0553894
v -36.3313789 18.8843212 101.3320618
v -16.0332279 3.8715656 94.6825256
v -35.8637657 17.8612156 100.9876099
v -1.2535815 35.4204826 28.4526844
v 20.2720814 -4.5251489 65.8738174
v -35.5767097 16.9389915 102.0235367
v 39.4100227 25.1918659 241.3476257
v -36.1549377 18.4952526 101.1273956
v -4.9128375 64.3295059 266.9758606
v -6.4379234 6.1599183 53.5068665
v -10.9385605 35.4241295 78.5640945
v -8.3805742 59.5562439 275.0800171
v 15.7528639 -4.3514309 69.7366714
v 18.4871902 34.2280197 2.4477458
v 0.1620371 35.1457634 60.6823921
v -36.0921173 15.8103809 102.0823898
v 28.3073063 28.8590488 16.1485767
v -39.6156235 20.3229332 92.4306946
v -0.2378246 63.8781395 269.2133484
v 14.5888376 33.0242767 254.4663239
v -31.6533184 -0.2288962 95.4003677
v -12.6500082 58.9921227 275.6258545
v -39.4132042 20.0892944 91.7931213
v -55.5089226 8.5103636 140.0772400
v 24.8646870 19.3067131 11.6260452
v 22.5277882 37.8985748 12.9049463
v -37.1402893 14.5184822 115.1434784
v 28.7954006 25.2145462 17.6201248
v -51.8614578 0.4632627 137.9020691
v 0.1718382 64.2841949 266.1888428
v 30.2908325 22.4420567 19.3215656
v -6.2718191 35.3931999 69.8897018
v -55.6073608 5.8001518 138.8468323
v -55.2830734 3.8529401 137.4695282
v 1.1193118 63.7381516 268.3978577
v -9.4836111 35.4789581 76.4563522
v -66.2703476 1.8622252 163.0847015
v 29.9485569 -1.4923625 41.3850632
v 19.2750263 38.6850510 18.8350925
v 6.4662108 -3.3149672 77.3280106
v 25.1558723 13.4399920 19.5996933
v 21.7512531 12.7765646 16.8113537
v 25.3015671 11.1261797 20.8032646
v -37.6633606 8.1417141 100.9078598
v 7.4548483 63.2957611 268.1011353
v -5.1500893 35.2925301 75.6964111
v -22.0524311 1.0137031 100.3078918
v -49.1313934 27.6314106 118.8442154
v 26.0516376 -2.8260689 43.8416138
v 29.5404129 21.0688000 18.1039448
v 1.1538610 64.1783218 266.8238220
v -51.4433250 0.1040013 141.5412903
v 27.2100906 -0.7963029 37.0828171
v -2.3126879 3.9589620 94.1296844
v 39.6906853 25.6784134 239.5765228
v 24.1160812 -3.6690805 48.7768364
v -9.1920033 63.9973755 267.8552856
v -16.0952091 2.7903759 83.2059631
v -4.1695471 5.3992925 96.7825012
v -68.3548279 2.9256098 172.2646484
v 25.7508278 -1.7551173 40.4409027
v -6.0061603 6.2550364 99.0065231
v 24.3778954 -4.2212377 53.8977966
v -9.1617365 35.6462250 82.6010208
v 21.0863094 -4.1423593 51.2031937
v 29.1588459 9.5172462 25.3273582
v 30.2105579 9.0005093 26.9785748
v 26.8599663 23.3301792 12.3407936
v 7.9493170 -4.1991439 71.4659729
v 5.3351760 -1.0100336 41.3628311
v 6.3482637 -0.2896219 37.5820160
v 23.2360497 2.3644905 28.3514767
v -11.2159452 35.7687531 84.1356277
v 23.4709110 36.3599930 11.4466963
v 8.5760164 35.5321541 32.5627670
v -44.5763855 37.7758446 110.1303253
v -11.6062994 8.2934027 106.1877823
v -45.5971794 36.9805450 114.0597992
v -66.8129807 2.6496561 162.3712921
v 26.6397839 57.3584442 254.1060028
v 34.7125320 39.5720406 249.6462708
v -45.3818703 35.2616653 112.1949768
v 21.0882416 40.2270813 265.9253540
v 13.6253815 38.7770386 7.8032475
v -60.2275696 6.1077967 147.5139618
v 23.9265327 33.9157104 11.0808773
v -59.6507721 0.7349965 147.5324249
v 10.4351788 38.5876579 6.3046188
v -20.3927345 8.7575760 118.2763824
v -62.1775513 2.8549218 149.0147247
v 20.0459881 -4.5053587 57.6548462
v 16.6943417 62.1866341 263.0093384
v -26.1240501 -0.8293086 92.6963348
v 18.1651707 -4.5591154 59.7830505
v 24.2145100 31.9346046 11.9120569
v -46.4104233 33.1656570 113.9376526
v 25.3491192 28.7570705 11.4769611
v -23.0679169 13.7279196 120.4186478
v -35.7091293 13.9300547 103.7894745
v 19.7606411 -0.1227370 34.2674255
v 25.1969585 -0.6377935 35.9446564
v 15.4274092 36.1511192 259.7197876
v 20.8027020 38.1481285 11.3586025
v 12.6675930 -3.5227547 47.8256798
v 37.0476952 33.5143890 242.1591187
v 22.4308853 38.2612991 14.4055061
v -14.3727722 3.3715556 65.1866989
v -37.7242470 10.5092049 100.9528275
v 21.8859634 38.2228394 15.0908155
v -63.9142494 6.0665708 156.1972198
v 18.2604294 61.2778397 260.0381165
v -22.9760094 36.2586823 97.7737045
v 13.6919537 -4.6194744 64.4317322
v 28.3817501 44.0416603 267.7312622
v -49.5322952 31.2621517 125.5779266
v 20.4888592 38.3082085 13.9118977
v -22.1477509 11.3433752 119.2978516
v 17.6691952 -4.2097163 57.8077621
v -64.0047531 2.7106864 152.9823761
v -64.5841599 4.5780358 156.0863037
v 23.5542412 59.4404755 256.8171082
v 18.5475235 -4.3244448 53.4808731
v -24.0542755 12.6334009 122.1217499
v 14.0327187 38.6329994 5.8972893
v 8.2837696 -3.9021714 74.0121231
v -23.5952053 11.9575310 120.2273026
v 18.8000641 -2.6065564 41.6375237
v -25.4116993 12.3556328 123.0583191
v -30.3738766 36.2314377 113.8045731
v 5.0761690 36.3694191 20.6496868
v -24.6411858 12.4178419 122.8777084
v 15.9757776 38.1420593 18.0722580
v 15.7981215 -3.3424554 44.7396126
v -33.3554497 5.3470945 106.0576172
v 36.4794998 36.5296822 244.1621094
v -18.1385441 5.9687214 113.7251205
v -65.8207779 4.4340105 159.7190704
v 13.5484419 -4.2330270 71.3167419
v 18.7985802 26.8813286 4.4125266
v -62.7065430 1.0988812 158.8367920
v -45.9480209 30.4410763 99.4370270
v 16.3395596 27.3428001 3.1844287
v 17.7605381 35.1113739 1.6686530
v -51.2759743 27.5218887 127.7547531
v -15.1431465 7.7863884 111.8504562
v 17.4546642 24.5351257 2.2124703
# 7780 vertices, 0 vertices normals

f 3469 220 111
f 2549 151 3453
f 1270 2209 1724
f 2929 2804 1735
f 2549 2094 151
f 985 978 437
f 385 2585 3187
f 3224 385 73
f 2574 2422 440
f 55 3096 1876
f 374 215 3111
f 75 3582 3168
f 1083 3582 135
f 81 33 7573
f 407 81 7573
f 6461 5829 3532
f 1724 2988 1270
f 3670 3505 5829
f 1772 1270 511
f 831 151 3505
f 1404 1922 2939
f 111 865 35
f 240 431 3281
f 1578 2051 475
f 705 3012 189
f 5976 848 865
f 3495 3484 3453
f 407 82 81
f 3589 227 1539
f 3192 342 2404
f 2783 7654 3395
f 627 189 75
f 6461 3532 2300
f 3083 189 627
f 3896 3597 621
f 2588 749 741
f 3597 3390 2987
f 2506 741 3134
f 3384 201 2175
f 290 540 2421
f 186 2728 2895
f 2728 50 2895
f 1102 3120 110
f 1583 179 232
f 1583 2043 3210
f 629 1404 2939
f 186 2886 2260
f 86 202 576
f 576 202 2126
f 2410 2375 197
f 2094 2539 2640
f 511 1348 1772
f 2640 2539 2633
f 2375 2730 2633
f 2886 223 2260
f 2988 2966 511
f 223 2886 2241
f 2753 2640 2633
f 2588 2590 374
f 75 3012 135
f 2375 2410 2730
f 455 1994 449
f 2590 3088 752
f 2929 542 230
f 2152 341 1617
f 1995 2124 1206
f 2939 1922 2371
f 475 1995 1206
f 5829 354 828
f 227 3589 3961
f 290 2421 2375
f 2426 222 2410
f 2026 222 2426
f 223 1724 2260
f 437 1780 431
f 1780 1735 431
f 151 2640 50
f 151 2094 2640
f 1927 1946 69
f 455 272 104
f 1971 3224 540
f 831 3505 3877
f 189 1869 705
f 3111 215 1082
f 1437 1869 310
f 414 440 2422
f 2274 3384 310
f 290 2375 3390
f 1927 283 1946
f 3224 1971 440
f 75 135 3582
f 2026 3187 1912
f 220 5976 111
f 2150 2000 2016
f 2137 1660 2157
f 73 385 3187
f 3111 1082 800
f 6510 226 227
f 3012 238 135
f 2057 1617 33
f 217 1184 1724
f 3168 2300 627
f 1184 2753 1735
f 220 3469 2633
f 2987 35 3512
f 190 266 226
f 54 161 247
f 3088 2590 2371
f 100 3589 1539
f 1539 104 100
f 81 2157 33
f 1869 2939 705
f 1539 1994 104
f 2157 1711 33
f 1539 227 2574
f 3158 3384 2274
f 3120 1922 110
f 2175 3096 224
f 2804 2966 2988
f 18 5970 3582
f 437 515 1780
f 437 978 515
f 385 1233 2585
f 3512 848 2761
f 865 848 3512
f 342 2585 1165
f 3495 5976 220
f 3158 201 3384
f 33 1711 2057
f 151 2728 3505
f 3469 111 35
f 6510 190 226
f 2783 3395 3597
f 101 1660 3010
f 621 2987 3512
f 3453 831 3495
f 1995 101 3010
f 1876 3210 55
f 656 232 179
f 3395 290 3597
f 2124 2122 604
f 2633 2730 2753
f 604 1206 2124
f 828 2209 3532
f 2209 828 183
f 183 354 186
f 69 431 2753
f 540 2424 2421
f 741 2590 2588
f 2506 2590 741
f 2574 1971 449
f 6316 196 265
f 627 1583 3083
f 196 7573 2152
f 3210 1113 55
f 1437 2175 224
f 1724 223 217
f 455 449 2646
f 3665 3663 86
f 201 2169 2175
f 2300 179 627
f 3158 1876 201
f 821 576 2126
f 576 821 2253
f 200 2424 1998
f 1660 54 3010
f 2371 2590 705
f 2164 2137 81
f 2043 1324 3210
f 223 2241 217
f 2753 217 2640
f 449 1971 540
f 2753 1927 69
f 1922 1404 376
f 1995 475 2051
f 3010 245 211
f 3484 2539 2549
f 2730 2410 1912
f 1971 2574 440
f 2371 1922 3120
f 200 1998 2426
f 3589 3395 3961
f 2164 271 2137
f 2966 2804 230
f 222 2026 1912
f 518 5965 382
f 2988 511 1270
f 2424 229 1998
f 1780 515 542
f 2804 2988 1184
f 972 230 542
f 656 1772 232
f 1998 229 2026
f 1617 2016 2000
f 240 985 437
f 81 82 2164
f 1927 3192 283
f 2026 229 3187
f 365 500 412
f 500 5994 5111
f 412 500 5111
f 266 1578 2422
f 2016 2057 2051
f 2057 2016 1617
f 5883 435 99
f 2152 7573 341
f 1578 2016 2051
f 2157 101 1711
f 1660 101 2157
f 190 6650 2150
f 161 2137 271
f 2137 161 1660
f 196 2152 265
f 2549 3453 3484
f 448 412 1397
f 6316 2150 6650
f 2539 3484 220
f 3665 86 576
f 272 3588 100
f 247 1094 1396
f 3589 100 3588
f 100 104 272
f 1994 455 104
f 1946 283 3304
f 1994 1539 2574
f 1912 3187 3192
f 475 1206 210
f 290 3390 3597
f 375 532 534
f 408 406 311
f 408 311 626
f 408 588 1273
f 395 301 560
f 395 2141 1075
f 310 1869 189
f 532 5883 533
f 1019 2796 2419
f 556 3006 1411
f 534 533 6372
f 625 1032 838
f 1568 2322 1346
f 1437 310 3384
f 1579 311 617
f 311 1250 977
f 1088 863 312
f 1088 312 1094
f 249 414 701
f 1273 1894 313
f 412 5111 1397
f 773 618 1205
f 773 314 618
f 554 955 961
f 505 2551 301
f 500 534 5994
f 365 412 448
f 2141 2786 2984
f 1924 2984 2786
f 1201 1196 675
f 448 518 382
f 518 448 1397
f 1082 1091 465
f 1089 1091 1082
f 790 1056 1089
f 532 533 534
f 671 752 3088
f 671 3088 935
f 935 1102 676
f 638 676 1102
f 945 863 1088
f 1426 838 837
f 1474 838 1032
f 2966 314 773
f 2404 342 2669
f 2966 1132 961
f 240 1165 985
f 1091 723 347
f 787 1056 721
f 73 2424 3224
f 726 1077 1148
f 737 1117 591
f 510 1077 726
f 1077 510 737
f 347 1118 442
f 758 544 1195
f 764 1128 758
f 723 758 1118
f 529 761 1104
f 55 1101 629
f 529 1077 776
f 769 529 776
f 1136 1568 1346
f 1113 3210 1324
f 776 1136 1346
f 737 776 1077
f 1195 559 557
f 821 1215 2253
f 1131 1168 1364
f 586 1122 1411
f 1246 783 1101
f 387 855 769
f 559 556 557
f 1177 1163 1113
f 2753 2730 1927
f 411 1177 1409
f 1206 604 854
f 1206 854 1114
f 1409 1167 1180
f 1194 1413 1409
f 1322 1197 558
f 387 1346 912
f 1194 805 393
f 591 935 676
f 511 773 1348
f 559 725 556
f 870 1202 798
f 1168 1202 554
f 1194 393 2235
f 980 1246 1163
f 1163 1391 980
f 1233 657 2585
f 6650 190 6351
f 3532 179 2300
f 1205 1160 1348
f 300 617 882
f 406 882 311
f 1227 1283 1294
f 579 1241 1374
f 630 406 408
f 3751 5649 5753
f 630 408 1273
f 395 2786 2141
f 588 894 1273
f 197 2426 2410
f 1294 1314 424
f 671 1278 1147
f 1309 1321 589
f 1314 1294 1283
f 676 638 591
f 589 1321 851
f 582 851 1237
f 582 1241 1311
f 851 582 1312
f 1313 1331 1312
f 579 1311 1241
f 1094 247 1215
f 1396 1094 245
f 431 240 437
f 211 245 979
f 589 1426 2609
f 604 2122 1374
f 1425 838 1426
f 1067 301 1075
f 711 1028 424
f 1153 1048 1331
f 1056 787 1089
f 979 312 1374
f 1094 312 979
f 1028 1019 1298
f 618 314 955
f 955 554 870
f 1369 780 347
f 2421 2424 200
f 979 1374 2122
f 3304 2669 3281
f 985 1165 883
f 3304 2404 2669
f 883 972 978
f 249 1233 385
f 1369 442 675
f 586 1411 3006
f 1019 1028 2796
f 2574 449 1994
f 556 725 3006
f 6819 6621 6608
f 2421 200 197
f 440 414 249
f 629 1300 1404
f 2646 272 455
f 197 2375 2421
f 2506 705 2590
f 1579 617 2054
f 526 945 821
f 977 1246 980
f 220 2633 2539
f 2966 961 314
f 211 979 2122
f 2549 2539 2094
f 1995 211 2124
f 3010 211 1995
f 2235 1907 1194
f 787 721 720
f 301 1067 505
f 1278 726 1147
f 771 721 1104
f 721 771 720
f 1578 475 2422
f 266 2574 226
f 1124 1118 758
f 1128 544 758
f 780 1091 347
f 544 1128 769
f 723 720 758
f 787 723 1091
f 2669 1165 240
f 1196 1201 3008
f 787 720 723
f 769 1128 761
f 529 721 1077
f 755 557 1188
f 800 1082 754
f 6819 1052 6621
f 1568 1136 783
f 542 2929 1780
f 210 1114 701
f 1160 1167 1177
f 1163 1246 1101
f 711 915 1422
f 1177 1391 1163
f 805 1364 1146
f 711 1422 1028
f 1955 1028 1422
f 1048 1474 1032
f 1869 1437 224
f 2929 230 2804
f 542 515 972
f 1167 1130 1180
f 230 972 1132
f 805 1194 1180
f 1146 393 805
f 883 657 803
f 1364 1132 1146
f 1197 547 1221
f 1348 1160 1324
f 1197 1322 395
f 798 1342 870
f 556 1188 557
f 3588 540 290
f 1233 249 558
f 1326 725 559
f 570 1336 1294
f 183 186 2260
f 1353 1321 1309
f 161 576 2253
f 1353 1237 1321
f 1279 1336 570
f 604 1241 854
f 2126 526 821
f 424 1298 1279
f 778 465 780
f 1568 783 1759
f 588 626 980
f 609 1334 526
f 1091 1089 787
f 588 980 1391
f 1309 589 1322
f 1147 790 671
f 1224 1310 1334
f 526 1283 1227
f 851 1312 1425
f 2124 211 2122
f 1279 1298 1313
f 1313 1298 1153
f 1313 1153 1331
f 1313 612 1279
f 579 612 1313
f 1322 2786 395
f 424 1028 1298
f 354 183 828
f 1314 711 424
f 312 612 1374
f 1019 2419 1153
f 778 780 1369
f 547 560 654
f 312 1336 612
f 395 1075 301
f 701 1353 249
f 701 1350 1353
f 1342 618 955
f 3512 2761 621
f 6714 5402 7517
f 311 882 617
f 626 977 980
f 961 1364 554
f 1132 1364 961
f 972 883 1132
f 411 1276 894
f 1901 1276 411
f 1165 657 883
f 2895 2241 2886
f 675 442 1201
f 347 442 1369
f 1331 1048 625
f 1223 5588 5789
f 5789 7654 2783
f 2043 1348 1324
f 2551 560 301
f 515 978 972
f 6514 1223 6728
f 1102 3088 3120
f 2585 657 1165
f 2506 3012 705
f 935 3088 1102
f 2419 3042 1153
f 3532 656 179
f 2506 3134 3012
f 347 723 1118
f 110 376 638
f 726 1278 510
f 1101 1300 629
f 788 1736 1201
f 737 510 1117
f 721 1056 1077
f 2761 6514 6728
f 3157 3134 741
f 749 3157 741
f 1136 776 737
f 754 1082 465
f 1215 1088 1094
f 215 1089 1082
f 758 1195 1124
f 771 764 720
f 1127 764 771
f 1127 761 1128
f 752 790 1089
f 1114 1350 701
f 529 769 761
f 798 1202 1130
f 1130 1164 798
f 1250 311 1579
f 1579 2664 1250
f 1246 977 1759
f 977 1885 1759
f 1250 1885 977
f 805 1131 1364
f 3384 2175 1437
f 3469 2987 3390
f 883 803 1146
f 1894 894 1276
f 1276 2111 2692
f 1118 1122 788
f 1901 2111 1276
f 2966 230 1132
f 790 1147 1148
f 803 1221 1146
f 1221 393 1146
f 755 1188 1122
f 1101 783 1300
f 2987 3469 35
f 591 1117 935
f 544 559 1195
f 558 249 1309
f 769 1326 544
f 1358 798 1164
f 1409 1177 1167
f 1197 1221 803
f 654 2551 1677
f 1409 1180 1194
f 798 1358 1342
f 1233 1197 657
f 554 1202 870
f 395 547 1197
f 1233 558 1197
f 1283 526 1334
f 1197 803 657
f 1221 1207 393
f 854 582 1237
f 465 1091 780
f 1028 1955 2796
f 570 424 1279
f 783 1246 1759
f 1312 625 1425
f 851 1425 1426
f 1426 589 851
f 579 1374 612
f 1331 625 1312
f 1313 1311 579
f 604 1374 1241
f 935 1117 671
f 945 526 1227
f 312 863 1336
f 1279 612 1336
f 1207 654 2235
f 589 2609 1322
f 6848 3877 6384
f 618 1342 1358
f 618 1358 1205
f 6918 6819 1349
f 882 406 885
f 885 406 887
f 630 887 406
f 408 626 588
f 376 1401 591
f 1391 894 588
f 411 894 1391
f 55 1113 1101
f 1413 1194 2523
f 442 788 1201
f 300 1560 2054
f 547 654 1207
f 2609 2786 1322
f 1205 1348 773
f 961 955 314
f 300 2054 617
f 1201 1736 2165
f 1114 1237 1350
f 586 1954 788
f 883 978 985
f 626 311 977
f 1237 1114 854
f 630 1273 990
f 894 1894 1273
f 1901 411 1409
f 1048 1032 625
f 82 2319 25
f 2551 654 560
f 1056 1148 1077
f 1215 821 945
f 1215 945 1088
f 790 752 671
f 1148 1147 726
f 110 638 1102
f 1104 1127 771
f 1127 1104 761
f 245 1094 979
f 442 1118 788
f 1278 1117 510
f 1160 1177 1113
f 721 529 1104
f 1124 1122 1118
f 511 2966 773
f 1122 1124 755
f 1124 1195 755
f 755 1195 557
f 1164 1130 1167
f 1401 1136 737
f 720 764 758
f 764 1127 1128
f 1168 1130 1202
f 1168 1131 1130
f 271 576 161
f 1300 783 1136
f 2319 82 407
f 1180 1130 1131
f 805 1180 1131
f 769 776 387
f 790 1148 1056
f 1153 3042 1048
f 1101 1113 1163
f 1358 1167 1205
f 1358 1164 1167
f 737 591 1401
f 1205 1167 1160
f 1136 1401 1300
f 1309 1322 558
f 883 1146 1132
f 1724 1184 2988
f 1326 855 725
f 1324 1160 1113
f 2235 393 1207
f 1168 554 1364
f 769 855 1326
f 1221 547 1207
f 395 560 547
f 776 1346 387
f 701 414 210
f 210 1206 1114
f 1283 1334 1314
f 854 1241 582
f 1273 313 990
f 2274 1583 3158
f 1276 2692 1894
f 671 1117 1278
f 1901 1409 1413
f 1413 2519 1901
f 249 1353 1309
f 1334 1310 1314
f 424 570 1294
f 1350 1237 1353
f 1312 582 1311
f 1122 586 788
f 1321 1237 851
f 1311 1313 1312
f 544 1326 559
f 1298 1019 1153
f 1075 1686 1067
f 599 855 387
f 599 387 912
f 863 945 1227
f 863 1227 1294
f 863 1294 1336
f 870 1342 955
f 1177 411 1391
f 376 591 638
f 376 1404 1401
f 1404 1300 1401
f 1122 1188 1411
f 1411 1188 556
f 1422 2172 1955
f 625 838 1425
f 1048 3042 1474
f 2434 912 2322
f 2664 2660 2168
f 1759 2890 2322
f 2925 2732 1710
f 290 3395 3589
f 2674 2763 2982
f 2677 1999 2240
f 2990 1999 2677
f 2048 2032 2858
f 1474 3042 2174
f 2735 3042 2419
f 2674 2990 2677
f 1899 2165 1736
f 1736 2262 1899
f 912 2434 599
f 2984 2914 2976
f 1201 2165 3008
f 1736 788 1954
f 2735 2246 1727
f 2246 1765 2556
f 2735 1727 3042
f 2940 4827 3310
f 1929 3049 4121
f 2372 1502 3818
f 2244 2453 2958
f 6505 5410 6351
f 2551 2555 2007
f 1954 1498 2262
f 1052 6505 6523
f 2491 2494 2995
f 2750 3286 2318
f 3290 3286 2750
f 1954 1832 2979
f 2191 2327 4707
f 1710 2222 2191
f 2303 2648 2764
f 2732 2243 1710
f 2872 2787 2720
f 2796 1955 2419
f 2234 2348 2787
f 1422 2601 2172
f 1498 3369 2998
f 232 2043 1583
f 2240 1907 2677
f 2768 2677 1907
f 2768 2763 2674
f 2763 2768 1921
f 1938 2303 2764
f 2891 2084 1573
f 2925 2292 2750
f 1579 2054 2660
f 2917 2721 1700
f 2917 1662 2721
f 1662 2732 2721
f 2732 1662 2692
f 2692 2243 2732
f 2419 2247 2735
f 1924 2949 2823
f 2943 2494 2884
f 342 3192 2585
f 1682 2007 2503
f 2920 2741 2911
f 2920 2921 2741
f 2858 1889 2949
f 1907 2235 654
f 2191 3290 2292
f 654 1677 1907
f 2893 1960 1607
f 3003 1938 1935
f 2872 1936 2367
f 1924 2823 2984
f 3008 2165 1674
f 2739 2250 1961
f 3034 2953 1929
f 1960 2503 2976
f 2738 2858 2949
f 354 3505 2728
f 1637 2921 2920
f 1878 2303 1938
f 3281 69 3304
f 151 50 2728
f 2764 2453 2244
f 25 71 82
f 1607 2990 2982
f 2893 1607 2982
f 2234 1999 2990
f 2611 2920 2709
f 69 3281 431
f 1700 2945 1697
f 1700 2721 2947
f 2491 2873 2884
f 3505 354 5829
f 2292 3290 2750
f 1735 2804 1184
f 431 1735 2753
f 2057 1711 2051
f 2914 1960 2976
f 2998 3369 3162
f 2890 1667 2611
f 2890 2891 1667
f 1850 1594 2240
f 1961 2940 3310
f 2224 1870 2067
f 1870 2224 2953
f 1870 2953 3034
f 1426 1831 2609
f 837 3050 1831
f 725 1935 3006
f 2165 2438 1674
f 2165 1899 2438
f 2893 2505 2503
f 2929 1735 1780
f 3050 2032 2048
f 533 4342 6372
f 2209 1270 656
f 1831 2048 2738
f 75 3168 627
f 4342 6159 6372
f 1682 1677 2551
f 865 3512 35
f 111 5976 865
f 5650 7736 4927
f 2197 2349 2884
f 2629 2244 2979
f 3495 831 3877
f 586 3006 1832
f 1954 2262 1736
f 2741 2257 2648
f 2926 2327 2222
f 2926 2222 1842
f 599 3003 855
f 1842 2053 2926
f 2787 2717 2720
f 2519 1850 2190
f 2768 2674 2677
f 2318 2745 2750
f 2750 2745 2841
f 5797 5648 2210
f 1870 3708 2940
f 2434 2709 1878
f 1876 3096 2169
f 1850 1842 2222
f 2873 2994 4618
f 2491 2994 2873
f 2995 2994 2491
f 2494 2887 2995
f 2175 2169 3096
f 2537 2998 3162
f 1894 2690 313
f 2438 1830 1896
f 1894 2692 1662
f 1960 2739 2350
f 6394 3670 5402
f 1907 2240 2523
f 3290 2191 4707
f 1413 2523 1594
f 1194 1907 2523
f 2247 2557 2246
f 2327 2926 4725
f 2174 3042 2032
f 2786 2609 2738
f 2609 1831 2738
f 2174 2032 3050
f 2869 1842 1850
f 1907 1677 2768
f 1927 1912 3192
f 505 1067 2555
f 1936 1848 1918
f 1921 2505 2763
f 1634 2858 2791
f 1999 2787 2872
f 2555 1067 1686
f 2197 2884 2873
f 1607 1960 2234
f 2925 2750 2841
f 1999 2234 2787
f 2887 2745 2497
f 1918 2367 1936
f 1960 2914 2739
f 2869 2367 1918
f 2434 1878 3003
f 2371 3120 3088
f 2191 2292 1710
f 2601 1422 915
f 3031 2166 2054
f 2941 2717 2348
f 2190 2222 1710
f 1850 2222 2190
f 2250 2067 1961
f 5828 2300 3168
f 837 1831 1426
f 1961 2350 2739
f 2224 2067 2250
f 374 2590 215
f 2168 2660 2166
f 1573 2664 2168
f 2664 1573 2084
f 2176 2943 2349
f 2945 2947 2304
f 1089 215 752
f 1634 2975 2372
f 2032 2556 2858
f 1878 2931 2303
f 2424 73 229
f 2016 1578 266
f 2945 1700 2947
f 2721 2732 2947
f 2738 2949 1924
f 1686 2007 2555
f 1686 2141 2976
f 2240 1999 2367
f 2141 2984 2976
f 1927 2730 1912
f 2645 6643 5528
f 266 190 2150
f 1998 2026 2426
f 2048 2858 2738
f 3279 2318 3286
f 475 414 2422
f 71 2164 82
f 3665 271 3663
f 599 2434 3003
f 2032 1727 2556
f 3031 2054 1560
f 2982 2763 2505
f 2940 2067 1870
f 1346 2322 912
f 2823 3049 1929
f 1946 3304 69
f 2150 2016 266
f 2574 266 2422
f 3010 54 245
f 1583 3210 3158
f 2253 247 161
f 2246 2556 1727
f 1832 1935 2979
f 2048 1831 3050
f 3210 1876 3158
f 5758 6159 2142
f 1876 2169 201
f 534 6372 5994
f 81 2137 2157
f 271 2164 71
f 414 475 210
f 2419 1955 2247
f 2611 2322 2890
f 2945 2304 2887
f 2304 2745 2887
f 2253 1215 247
f 2222 2327 2191
f 2720 2717 1848
f 54 1396 245
f 2787 2348 2717
f 1184 217 2753
f 1894 1662 2690
f 6316 265 2150
f 1901 2519 2111
f 2611 2709 2322
f 2519 1413 1594
f 1848 1842 1918
f 2823 2949 3049
f 2629 2979 1935
f 2260 1724 2209
f 1960 2350 2234
f 2555 2551 505
f 2735 2247 2246
f 5829 828 3532
f 2914 2953 2250
f 5323 2225 6665
f 2244 3639 1498
f 3042 1727 2032
f 1924 2786 2738
f 2911 2741 2648
f 2244 2958 3639
f 2438 1899 1830
f 2914 2250 2739
f 3083 1583 2274
f 2505 1682 2503
f 2791 1630 2852
f 1682 2505 1921
f 1918 1842 2869
f 2274 310 3083
f 7573 33 341
f 189 3083 310
f 2350 4696 2348
f 4696 2350 3310
f 1936 2872 2720
f 2996 2887 2497
f 2497 3279 4074
f 3279 3286 3429
f 2322 2709 2434
f 407 99 2319
f 3710 4121 3049
f 2372 3818 3710
f 2931 2920 2911
f 2920 2931 2709
f 2947 2841 2304
f 2841 2947 2925
f 2350 1961 3310
f 2111 2190 2243
f 2067 2940 1961
f 3710 3049 1889
f 2975 1502 2372
f 1889 2372 3710
f 2869 2240 2367
f 1710 2243 2190
f 2585 3192 3187
f 2872 2367 1999
f 2982 2990 2674
f 2976 2007 1686
f 1960 2893 2503
f 1878 1938 3003
f 200 2426 197
f 725 855 1935
f 2556 1765 1630
f 2709 2931 1878
f 586 1832 1954
f 3224 440 249
f 3224 249 385
f 2240 2869 1850
f 2660 2054 2166
f 272 2646 3588
f 1759 1885 2890
f 2410 222 1912
f 2893 2982 2505
f 2884 2494 2491
f 1989 2690 2917
f 2917 2690 1662
f 2692 2111 2243
f 2111 2519 2190
f 217 50 2640
f 2949 1889 3049
f 2646 449 540
f 3281 2669 240
f 540 3224 2424
f 2979 2244 1498
f 1955 2172 2247
f 1165 2669 342
f 837 2174 3050
f 3469 2375 2633
f 2998 1830 1899
f 1935 1832 3006
f 3588 2646 540
f 2262 2998 1899
f 1568 1759 2322
f 2660 2664 1579
f 2084 1250 2664
f 1250 2084 1885
f 1954 2979 1498
f 354 2728 186
f 2943 2945 2494
f 2945 2887 2494
f 2764 2244 2629
f 2349 2943 2884
f 2911 2648 2303
f 3896 2783 3597
f 1989 1700 1697
f 1842 1848 2053
f 2053 1848 2941
f 2523 2240 1594
f 2941 1848 2717
f 1765 2246 2557
f 1075 2141 1686
f 2745 2304 2841
f 2953 2224 2250
f 2914 1929 2953
f 1929 2914 2823
f 1677 1921 2768
f 1634 2372 1889
f 3896 5789 2783
f 1936 2720 1848
f 5528 5513 6384
f 1889 2858 1634
f 838 1474 2174
f 838 2174 837
f 2629 1935 1938
f 2557 2247 2172
f 1938 2764 2629
f 186 2895 2886
f 2556 1630 2791
f 2556 2791 2858
f 2051 101 1995
f 2241 50 217
f 2292 2925 1710
f 50 2241 2895
f 2745 3279 2497
f 3279 2745 2318
f 2234 2990 1607
f 1885 2891 2890
f 1885 2084 2891
f 2958 2959 3639
f 2303 2931 2911
f 2914 2984 2823
f 1700 1989 2917
f 220 3484 3495
f 2939 1869 224
f 1850 2519 1594
f 2920 2611 1637
f 2209 183 2260
f 2234 2350 2348
f 1697 2943 2176
f 1697 2945 2943
f 2925 2947 2732
f 2551 2007 1682
f 2959 2958 2453
f 1660 161 54
f 2976 2503 2007
f 1677 1682 1921
f 6848 848 5976
f 2887 2996 2995
f 2497 4074 2996
f 855 3003 1935
f 3708 4827 2940
f 1583 627 179
f 1498 2998 2262
f 2053 4725 2926
f 3096 55 629
f 3096 629 224
f 224 629 2939
f 752 215 2590
f 1922 376 110
f 4335 5458 4326
f 6370 4334 5882
f 4335 6370 5458
f 4618 2994 4657
f 3424 4657 2994
f 3424 2995 2996
f 3286 3393 3429
f 75 189 3012
f 232 1772 2043
f 7717 4619 7306
f 4696 4728 2941
f 4696 2941 2348
f 4707 5411 3185
f 3034 4754 4827
f 238 3012 3134
f 4200 3203 4765
f 3369 3888 3162
f 4589 4130 5430
f 1348 2043 1772
f 3532 2209 656
f 3187 229 73
f 2152 1617 2000
f 2152 2000 265
f 265 2000 2150
f 5430 3454 4747
f 4747 4589 5430
f 283 3192 2404
f 2404 3304 283
f 3393 5429 3429
f 4796 5413 4728
f 1462 407 7573
f 3452 4691 4765
f 1711 101 2051
f 4804 4754 5136
f 4765 4199 3452
f 1270 1772 656
f 54 247 1396
f 4989 3375 5411
f 7422 4022 5569
f 3454 4326 4796
f 7717 6599 5649
f 3185 3393 3286
f 4703 3185 3953
f 2939 2371 705
f 226 2574 227
f 4728 4726 4725
f 6599 7717 5797
f 2987 621 3597
f 3203 4199 4765
f 4133 4126 5421
f 3034 1929 4754
f 4747 5136 4216
f 4216 4693 4747
f 3818 4200 4121
f 831 3453 151
f 6510 227 3961
f 4804 4827 4754
f 33 1617 341
f 6539 4927 6590
f 7422 5528 4022
f 3505 3670 3877
f 5970 3168 3582
f 3589 3588 290
f 3390 2375 3469
f 4306 4133 5429
f 99 3646 2319
f 271 71 3663
f 4726 5413 4989
f 491 3646 99
f 3646 25 2319
f 248 25 3646
f 25 3663 71
f 271 3665 576
f 7285 6505 6510
f 1462 7573 4342
f 6539 7285 4927
f 2142 7573 196
f 3310 4804 4696
f 5410 6665 2225
f 3708 1870 3034
f 518 5114 5965
f 4216 5136 4754
f 3393 5437 5429
f 6316 5323 2142
f 6398 3670 6394
f 4693 4691 4589
f 2996 4074 4144
f 5356 4074 3279
f 4691 4693 4765
f 4765 4693 4216
f 5711 4503 6665
f 4728 4725 2053
f 4696 4323 4728
f 4707 4725 4726
f 7517 5828 6328
f 1502 3203 3818
f 4619 7167 6665
f 4326 5458 3852
f 4503 5111 5758
f 3670 5829 5402
f 5323 6316 2225
f 6510 3961 7285
f 4619 5410 6918
f 5711 5214 3735
f 5437 4703 5366
f 3953 5366 4703
f 4619 6918 7306
f 6728 621 2761
f 5136 3454 4323
f 3454 5136 4747
f 5753 5649 6599
f 7736 6590 4927
f 6372 5758 5994
f 3639 3369 1498
f 6394 5402 6585
f 4179 6665 7167
f 3286 3290 3185
f 3185 3290 4707
f 7554 7422 5569
f 5569 6783 7554
f 3495 6848 5976
f 3310 4827 4804
f 7167 4619 5649
f 3710 3818 4121
f 6539 6621 6523
f 6621 6539 6590
f 6328 5828 5970
f 3185 4703 3393
f 3185 5411 3953
f 4728 4323 4796
f 5828 6461 2300
f 4200 4765 4216
f 3818 3203 4200
f 5797 5784 5648
f 5650 7155 5784
f 5915 2645 7422
f 4726 4728 5413
f 4804 4323 4696
f 5366 3953 5384
f 4804 5136 4323
f 4326 3852 4989
f 4747 4693 4589
f 4334 6370 4335
f 5430 4335 3454
f 3751 4179 5649
f 5528 6384 4022
f 4326 5413 4796
f 3454 4335 4326
f 5214 4179 3751
f 3429 5429 5421
f 2995 3424 2994
f 3953 5411 5384
f 4707 2327 4725
f 4728 2053 2941
f 4827 3708 3034
f 5411 4726 4989
f 4726 5411 4707
f 4144 4074 4665
f 3279 3429 5356
f 4121 4754 1929
f 4121 4200 4754
f 4216 4754 4200
f 3375 4963 5384
f 5413 4326 4989
f 4130 4334 5430
f 4334 4335 5430
f 533 5883 4342
f 4323 3454 4796
f 4022 6384 6398
f 7442 5965 5114
f 6529 5114 3735
f 6461 5828 7517
f 6529 3735 5214
f 6529 5214 5502
f 6461 5402 5829
f 5356 3429 5421
f 5111 5994 5758
f 1349 7306 6918
f 3375 5384 5411
f 5429 4133 5421
f 5437 3393 4703
f 4503 5323 6665
f 5502 5214 3751
f 6841 6102 5899
f 7306 1349 1758
f 6351 190 6510
f 1349 6819 6608
f 6643 6514 5513
f 6384 5513 6514
f 6398 5569 4022
f 5883 1462 4342
f 4823 4503 5711
f 5588 7233 7654
f 3852 5589 6553
f 848 6848 2761
f 6316 2142 196
f 5899 7033 6841
f 6514 6848 6384
f 3877 6398 6384
f 5711 4179 5214
f 99 407 1462
f 7415 7406 5632
f 3735 4823 5711
f 6514 2761 6848
f 7502 6664 7414
f 5650 3961 7233
f 6664 7607 7372
f 7502 7607 6664
f 5569 6398 6311
f 3670 6398 3877
f 1758 7717 7306
f 1758 5784 7717
f 7671 6999 6248
f 4823 5111 4503
f 2645 5528 7422
f 5711 6665 4179
f 4927 3961 5650
f 7285 3961 4927
f 6608 6590 7736
f 7517 5402 6461
f 7233 3961 3395
f 7233 3395 7654
f 5114 1397 4823
f 6370 5589 5458
f 1397 5114 518
f 6102 7671 5899
f 6523 6621 1052
f 6514 6643 7155
f 6643 2210 5648
f 7442 5114 6529
f 6848 3495 3877
f 6608 6621 6590
f 6028 6561 5632
f 6614 7415 6561
f 6728 3896 621
f 5970 5828 3168
f 6650 6351 2225
f 4503 5758 5323
f 5410 6505 1052
f 2142 5323 5758
f 6372 6159 5758
f 5650 5588 7155
f 5648 7155 6643
f 5589 6028 6553
f 5648 5784 7155
f 4619 6665 5410
f 7336 6553 5632
f 5632 6561 7415
f 6394 6311 6398
f 6394 6585 6311
f 1349 6608 1758
f 7736 1758 6608
f 7502 7414 7415
f 7415 6614 7502
f 1758 7736 5650
f 5528 6643 5513
f 5650 5784 1758
f 7607 7694 7372
f 6643 7524 2210
f 4179 7167 5649
f 5402 6714 6585
f 6918 1052 6819
f 5899 7671 6248
f 5410 1052 6918
f 5899 6248 7774
f 6505 6351 6510
f 3735 5114 4823
f 7654 5789 5588
f 5797 7717 5784
f 6664 7372 6274
f 1462 5883 99
f 1223 5789 3896
f 2142 4342 7573
f 6159 4342 2142
f 1223 3896 6728
f 3852 6553 7336
f 5589 3852 5458
f 7524 6643 2645
f 5650 7233 5588
f 6650 2225 6316
f 5649 4619 7717
f 6514 7155 1223
f 5111 4823 1397
f 7155 5588 1223
f 5410 2225 6351
f 7372 7694 6841
f 7285 6523 6505
f 6028 5632 6553
f 2013 6529 5502
f 6523 7285 6539
f 1187 1192 1
f 1764 984 1115
f 15 984 992
f 768 139 15
f 1085 175 157
f 1115 175 1085
f 1211 994 103
f 1211 564 994
f 174 1115 984
f 984 15 174
f 15 139 1351
f 174 103 175
f 1211 174 1351
f 1351 1139 1211
f 3342 1421 139
f 3342 996 1421
f 1192 243 152
f 1199 1423 996
f 1351 255 1139
f 1479 1187 255
f 1479 1443 1192
f 15 1351 174
f 1479 255 141
f 141 139 1421
f 141 1421 1479
f 1732 670 3007
f 1792 1732 4042
f 1792 3075 1750
f 3100 1085 1750
f 4141 1115 1085
f 1764 2581 992
f 3900 768 992
f 3342 139 768
f 1764 992 984
f 768 15 992
f 5760 1199 996
f 157 1750 1085
f 1115 174 175
f 255 1187 1139
f 1479 1192 1187
f 103 174 1211
f 139 255 1351
f 255 139 141
f 1443 243 1192
f 996 1423 1421
f 1421 1423 1443
f 1421 1443 1479
f 3092 1956 1945
f 1567 2980 2993
f 2058 1661 2055
f 2055 1661 2437
f 2383 1742 1737
f 2977 1779 5424
f 2425 2420 2005
f 3007 2977 6352
f 1742 2383 2981
f 1774 2850 2425
f 1777 2430 1774
f 1732 3007 4038
f 4042 1732 4038
f 1085 3100 4141
f 4141 1764 1115
f 1764 4141 4155
f 1915 1895 3098
f 3139 3900 992
f 1779 2977 1865
f 670 2977 3007
f 670 1055 2977
f 1732 1792 670
f 1956 2354 1944
f 1915 1945 1959
f 2005 1566 2474
f 1567 2616 1571
f 2493 2287 2286
f 1211 792 564
f 792 1211 1139
f 1139 1 792
f 1 1139 1187
f 1937 2827 2420
f 2906 1937 2843
f 1849 996 3342
f 2985 2843 2425
f 2985 2425 2310
f 2754 2259 2752
f 2355 2866 2414
f 1849 5760 996
f 2754 1742 2864
f 2333 2811 1997
f 2005 3784 2481
f 2827 1937 1639
f 2344 2906 2843
f 2344 2843 2985
f 3775 6889 5071
f 4878 7040 5145
f 6874 6889 2449
f 2868 2871 2374
f 2777 2781 2106
f 2106 2781 2378
f 1997 2827 1639
f 5672 3765 5172
f 2290 2798 2427
f 2981 2383 2344
f 3765 3345 5172
f 1951 1467 2431
f 1467 1951 2355
f 1951 2866 2355
f 2437 1661 1997
f 3303 6439 6203
f 2393 2517 2981
f 2517 2393 2431
f 6603 4524 3540
f 4806 3788 3775
f 3788 4806 5731
f 5251 3962 5969
f 5053 4346 6713
f 3913 3258 4447
f 6603 3962 4524
f 2289 2287 2922
f 2625 3998 6276
f 6603 3540 5072
f 2980 1567 1944
f 2980 1944 2106
f 2106 2411 2777
f 2777 2411 2148
f 6012 3189 7044
f 7044 3189 4952
f 2055 1778 2058
f 1778 2055 1737
f 6032 3626 4512
f 5736 6758 4077
f 4077 6758 4398
f 3448 4983 3580
f 2123 5037 3553
f 3978 5508 3981
f 3981 5515 3970
f 2409 2427 2702
f 1566 2005 2420
f 2425 2481 1774
f 1777 1774 1964
f 3553 2138 6691
f 6016 5038 6203
f 2138 3553 5037
f 2138 5037 2954
f 3718 1952 3376
f 5406 4447 3102
f 5407 3913 5406
f 5416 3913 5407
f 7029 3599 6169
f 7029 6169 2757
f 5695 2200 7022
f 2230 2200 4123
f 2219 6180 4123
f 4806 5071 3718
f 1956 3092 2354
f 1503 2373 1895
f 3098 1895 2373
f 2954 5037 3705
f 3822 5982 3913
f 2373 1503 1905
f 2310 2850 2861
f 2866 2286 2414
f 2290 2333 2871
f 6562 3205 7207
f 2333 2290 2811
f 3102 6371 3834
f 1639 1937 2906
f 6237 6377 6349
f 1951 2310 2430
f 7056 3978 6716
f 2702 2427 3190
f 1567 1945 1956
f 2474 1566 1958
f 4310 2005 2474
f 2871 2333 2374
f 4924 2481 3784
f 1964 2481 4924
f 6282 4806 3718
f 1567 1571 1959
f 2148 4885 4198
f 2383 2906 2344
f 6219 3172 3834
f 2985 2310 2393
f 7023 4878 3723
f 6973 6352 3689
f 3047 1445 2374
f 1655 3047 2374
f 2437 1997 1639
f 2383 2437 1639
f 2449 6525 4929
f 1777 2493 2286
f 2861 2850 1774
f 2866 2430 1777
f 6856 6012 5688
f 4042 2486 4763
f 4763 2486 5909
f 5919 2520 4763
f 2383 1737 2437
f 2437 1737 2055
f 2287 5110 2922
f 5562 6219 3620
f 5556 2591 6459
f 6019 6716 4125
f 3946 3811 5190
f 2614 4155 2603
f 1567 1956 1944
f 3689 2606 5947
f 5947 7055 3689
f 5795 3998 5072
f 2614 2581 4155
f 2581 2614 6816
f 3900 3139 6165
f 3785 6700 4828
f 5481 6333 3985
f 3981 6377 5515
f 5971 5894 3785
f 5971 5969 5909
f 2148 2696 2798
f 2005 2481 2425
f 6417 5977 5736
f 4938 5957 2746
f 6432 3303 5977
f 6165 6595 3900
f 4512 3946 6030
f 4983 3857 2591
f 3626 5482 4512
f 6064 3857 6883
f 6764 6761 5172
f 2781 2777 1892
f 2871 2798 2290
f 2752 1742 2754
f 6794 6816 2882
f 2871 2868 1892
f 2811 2409 2827
f 2702 2827 2409
f 2425 2843 1937
f 2850 2310 2425
f 2811 2827 1997
f 6603 3401 4891
f 1951 2430 2866
f 2625 6276 3401
f 3332 1905 3087
f 6787 5368 3565
f 3580 4983 4938
f 1905 3355 2373
f 5443 5295 3492
f 3075 1792 4042
f 2373 3354 3358
f 3358 3098 2373
f 2952 2868 2374
f 2952 2374 1445
f 3087 1905 1920
f 1655 2374 2333
f 1655 2333 1661
f 1895 1915 1959
f 1915 3092 1945
f 2981 2985 2393
f 3075 3100 1750
f 2414 2286 2287
f 2414 2287 2289
f 6377 5480 4186
f 2798 2696 2427
f 2290 2427 2275
f 4178 3767 2411
f 4053 3102 4447
f 2827 2702 2420
f 2411 1944 4178
f 1944 2411 2106
f 2861 1774 2430
f 2702 3190 1958
f 1945 1567 1959
f 2286 2866 1777
f 2005 4310 3784
f 4648 6921 6595
f 4648 5200 6921
f 2981 2517 2450
f 3139 992 2581
f 2702 1958 1566
f 1777 1964 2493
f 5549 6165 3565
f 1737 2752 1778
f 1742 2752 1737
f 1742 2981 2450
f 6349 4186 5200
f 6496 7043 6695
f 3470 5659 7043
f 6496 3470 7043
f 2411 4885 2148
f 3767 4885 2411
f 4398 6743 6423
f 6349 5200 4648
f 7368 3253 3247
f 6765 3247 3253
f 6451 6758 5736
f 2148 4198 2696
f 4878 5145 3723
f 1774 2481 1964
f 7052 3248 3318
f 7052 4404 3248
f 3788 6779 3345
f 2777 2798 1892
f 4432 4878 5886
f 2798 2871 1892
f 2275 2409 2811
f 2290 2275 2811
f 5251 5731 3962
f 2420 2425 1937
f 7316 1952 6439
f 2310 2861 2430
f 6477 1952 7316
f 3775 5071 4806
f 2383 1639 2906
f 2393 2310 1951
f 2393 1951 2431
f 4679 3137 6515
f 1661 2333 1997
f 2106 2378 2980
f 2980 2378 2993
f 2981 2344 2985
f 2777 2148 2798
f 3448 5150 2085
f 5836 2085 5150
f 2275 2427 2409
f 5925 2337 3172
f 3047 1655 1661
f 2702 1566 2420
f 7289 3492 2063
f 4373 3458 5631
f 3063 4308 4305
f 7368 5092 3253
f 3059 3783 3061
f 3058 4865 3879
f 4226 4971 3837
f 4971 4226 4825
f 3984 5162 5167
f 4004 4709 4714
f 5131 4826 4756
f 4537 4281 3409
f 3509 4811 4211
f 3079 5131 4402
f 3079 3061 5131
f 3074 6395 3878
f 3509 4211 3177
f 3061 3079 3059
f 5367 3063 4305
f 4865 4308 3063
f 4865 3058 4308
f 3509 4226 3837
f 3058 3813 4308
f 4756 4826 3063
f 3058 3879 4309
f 4606 5035 3059
f 5638 3795 5634
f 4402 4756 4392
f 3065 3813 3058
f 3065 3058 4309
f 4811 4309 4211
f 3065 4309 4811
f 5076 3079 3500
f 3500 3079 4402
f 5131 4756 4402
f 4811 3509 3218
f 3074 3878 4166
f 4166 3878 3622
f 4226 3509 3177
f 3059 3079 5076
f 6403 5925 3492
f 6554 4077 6388
f 4806 4524 5731
f 3101 4280 3092
f 3180 4464 3657
f 2373 3355 3354
f 1905 3332 3355
f 3984 5167 4669
f 3364 4069 4480
f 4305 4794 3293
f 4794 4305 3813
f 3099 4382 4375
f 4382 3433 4341
f 3101 3092 1915
f 4784 3293 4782
f 3991 4941 4493
f 4399 3313 3106
f 4211 5389 4321
f 3583 3241 4414
f 3583 4414 3319
f 2696 4889 2427
f 4373 3977 5062
f 2474 4208 4310
f 5077 4381 3794
f 3258 3913 5688
f 3500 4392 3498
f 3498 4380 4011
f 3819 3683 3562
f 6432 5977 6417
f 4774 3477 3066
f 3659 4902 4268
f 4902 3659 4914
f 4348 3616 4355
f 6787 2237 4176
f 3059 3622 3783
f 4428 4792 3699
f 5398 3322 3535
f 4709 3502 3405
f 3699 4792 4435
f 4973 3409 3893
f 4281 3917 3409
f 3477 5254 5088
f 4328 3769 6111
f 5018 3781 4375
f 4382 4341 3610
f 1952 6203 6439
f 4048 4698 5620
f 4373 5631 4057
f 4057 7514 5634
f 4360 4407 3583
f 4057 5634 3465
f 5139 3993 3562
f 4713 6972 2346
f 3808 3804 7763
f 4000 4984 3547
f 2123 3834 5037
f 3428 4748 4210
f 6721 5023 4113
f 4749 4748 4996
f 4971 4138 3837
f 4996 4137 4749
f 4419 3610 4421
f 5229 5823 5888
f 3614 4753 4421
f 5025 4017 4753
f 4782 4803 3797
f 3799 3797 4803
f 4803 4782 3848
f 5977 6451 5736
f 4370 3309 3629
f 5044 3892 4430
f 4138 4971 3865
f 4825 4824 4883
f 5219 4390 4036
f 4036 4390 4449
f 4449 4390 3121
f 4449 3121 3066
f 5153 3180 3657
f 4280 3899 4178
f 3099 4276 3433
f 4382 3099 3433
f 5023 3313 3433
f 5116 3154 5124
f 4348 5028 3656
f 4017 5176 4753
f 5894 2486 2469
f 4885 4274 4198
f 4212 4701 4704
f 3836 4542 5128
f 6477 3376 1952
f 4004 4714 4013
f 4310 3521 3784
f 3811 3727 3801
f 3523 4924 3521
f 4188 3683 3819
f 5823 3376 6477
f 4274 4941 4945
f 3828 4853 4803
f 6282 4524 4806
f 2742 2520 5919
f 3918 3872 4960
f 5165 4745 5174
f 4241 4872 3218
f 3769 4670 3760
f 2746 5957 5556
f 3699 4435 4790
f 4681 3138 4721
f 2219 4123 6758
f 4686 6721 7068
f 4013 5223 5230
f 4048 3952 4698
f 6739 4587 4686
f 3451 4259 5254
f 4828 6700 4816
f 4976 4883 4888
f 6451 3303 6202
f 6779 3785 4828
f 4840 4464 4268
f 3303 5007 6202
f 3465 3795 4381
f 4381 3795 3794
f 5077 3794 4762
f 4289 3788 5731
f 3121 6593 4774
f 4919 3993 3673
f 3801 5368 5190
f 4960 3502 4208
f 4970 4310 3502
f 5190 3811 3801
f 5190 5368 6279
f 4981 3924 3917
f 5482 6237 3727
f 3998 2746 2742
f 3993 3760 4670
f 4670 4972 3993
f 5072 2625 6603
f 3562 4972 4369
f 3316 5116 5123
f 4443 5124 4419
f 4419 4421 4448
f 4938 2591 5957
f 6371 3102 4053
f 3293 3999 3103
f 5025 4399 4017
f 3293 3103 5367
f 3580 5795 2357
f 3857 2085 6883
f 3978 7056 3240
f 6794 6165 3139
f 3611 3615 5050
f 3629 3458 4370
f 3309 4370 5062
f 5044 3061 3783
f 4407 3241 3583
f 6229 6761 5947
f 4865 4826 4879
f 4864 4865 4879
f 5110 3924 3316
f 5032 6794 2882
f 2882 5034 5032
f 5034 2882 6064
f 5172 6761 6229
f 2123 3479 5836
f 4059 3713 4884
f 3553 3479 2123
f 4239 4884 3713
f 4884 4239 3322
f 3705 6371 4053
f 5169 4784 4786
f 3345 6764 5172
f 3913 5982 5688
f 4369 4000 5162
f 4745 4748 5174
f 3101 4173 3179
f 3092 4280 2354
f 2354 4280 4178
f 4178 1944 2354
f 4879 5128 4480
f 3758 1915 3098
f 3101 1915 4173
f 5219 4438 4030
f 4824 3322 5398
f 4824 5398 4457
f 5389 4059 4884
f 4239 5310 3686
f 4239 3686 3535
f 3535 3686 4919
f 4259 5239 5088
f 4919 3686 4750
f 6716 3970 4125
f 4885 3767 4877
f 6716 3978 3970
f 5508 3985 6333
f 5508 6333 3981
f 5891 3616 3611
f 4605 5436 5024
f 3523 1964 4924
f 3622 3878 4170
f 6019 4125 3626
f 4938 3998 5795
f 4268 3180 3659
f 5110 2287 2493
f 4914 3984 4928
f 4928 4493 5014
f 4007 7051 7015
f 3872 4704 3405
f 4587 3950 5049
f 3502 4709 4004
f 6352 2977 5424
f 4430 3061 5044
f 3535 3673 5398
f 5200 4033 5126
f 7042 3007 6352
f 5153 4369 5162
f 5153 5162 3659
f 3760 5382 3533
f 5167 5162 5165
f 5174 5171 3991
f 4501 3991 5171
f 3173 3422 3813
f 3065 3173 3813
f 4241 4870 3426
f 4241 3147 3828
f 3147 4853 3828
f 4077 4398 2019
f 3479 5034 6883
f 6691 5034 3479
f 3629 4048 3458
f 3433 3313 4341
f 4870 3837 3426
f 4784 4380 3999
f 5128 5133 4480
f 6691 5032 5034
f 4176 5032 6691
f 4457 3673 3657
f 3445 4683 4407
f 5310 6057 7349
f 4010 4821 3451
f 4919 4750 5382
f 4259 3451 4821
f 4010 3451 4733
f 4457 4888 4883
f 4941 3991 4501
f 5533 3075 2520
f 3075 5533 3100
f 3804 3477 4774
f 4831 3868 4976
f 4914 4928 4926
f 5533 4141 3100
f 6012 5190 6279
f 6012 3329 5190
f 4428 3695 3309
f 3309 3695 3829
f 4141 5533 4131
f 4973 4821 3409
f 4818 3808 4276
f 4276 3808 3941
f 4280 4268 3899
f 3872 4945 4500
f 3626 4125 5482
f 3500 3498 4819
f 3500 4402 4392
f 3502 4973 4970
f 3893 4970 4973
f 4315 4970 3893
f 6459 4141 4131
f 4889 4198 4274
f 4381 5219 4030
f 4303 4208 1958
f 4310 4208 3502
f 4865 4864 3879
f 2581 1764 4155
f 3879 4864 4059
f 3521 4315 3523
f 3154 5116 4744
f 3099 5254 4818
f 4818 4276 3099
f 6165 2237 3565
f 6459 4155 4141
f 5508 3361 3985
f 5549 6595 6165
f 3535 4919 3673
f 3138 6111 7698
f 5549 4648 6595
f 3547 4721 7707
f 3547 7707 4039
f 4877 4926 5014
f 4039 4730 3547
f 3547 4730 4698
f 5229 2063 5823
f 5631 4048 7507
f 3190 4889 3918
f 3562 3993 4972
f 4382 5018 4375
f 4315 3521 4970
f 4186 2346 4033
f 4000 4369 4984
f 6972 4033 2346
f 4000 3547 4210
f 5025 3313 4399
f 4399 3445 3581
f 3581 3445 4407
f 3376 6282 3718
f 3615 3616 4348
f 3583 3319 4371
f 6525 3306 4240
f 5123 5116 5124
f 4744 4733 3781
f 3154 4744 5018
f 3154 5018 3610
f 6896 3540 3402
f 3610 3614 4421
f 5025 4753 3614
f 4359 5024 4355
f 4359 3074 4166
f 3622 4170 3783
f 4170 5044 3783
f 3775 3788 3345
f 3180 5153 3659
f 5167 5165 4669
f 4669 5165 5174
f 4542 3836 4430
f 6595 3342 768
f 4289 5731 5251
f 3342 6921 1849
f 4188 5139 3683
f 4212 4790 4701
f 5133 3839 4480
f 4006 4701 4438
f 5223 4709 4006
f 4542 5152 6410
f 3172 2337 3834
f 5204 6713 4346
f 4826 5131 4879
f 4790 3695 4428
f 4790 4428 3699
f 3227 2757 3596
f 2019 3227 5942
f 3227 2019 6423
f 4714 5223 4013
f 4259 5088 5254
f 7017 4404 7052
f 4069 3364 3713
f 3332 3147 4746
f 3332 4746 3355
f 6035 5836 5150
f 3354 3355 4138
f 3354 3865 3358
f 3479 6883 5836
f 4587 5049 3241
f 3101 3179 4280
f 3993 5382 3760
f 3758 4173 1915
f 5040 6889 6874
f 3533 3769 3760
f 4328 4369 4972
f 4369 4328 4681
f 4137 4996 3952
f 3616 3615 3611
f 2696 4198 4889
f 4048 4137 3952
f 4137 4048 3629
f 3428 3547 4698
f 1958 3190 4303
f 3314 4166 5035
f 4208 2474 1958
f 5024 4359 3314
f 3314 4359 4166
f 5018 4382 3610
f 3103 3999 4392
f 3610 4341 3614
f 5025 3614 4341
f 2493 1964 3523
f 3813 4305 4308
f 5135 3892 5044
f 3977 4057 3465
f 4017 4399 3581
f 4321 3322 4824
f 3794 3795 4762
f 4360 3583 4772
f 5062 4370 4373
f 5062 3977 4030
f 4030 3977 3465
f 4786 3797 3799
f 4774 6043 3804
f 3177 4321 4825
f 4321 4824 4825
f 5174 4748 3829
f 3836 5131 4430
f 3322 4239 3535
f 2063 6515 3402
f 3599 7022 7052
f 3848 4872 3828
f 6896 3402 6515
f 4883 4824 4457
f 4435 4030 4438
f 4464 4888 3657
f 3828 4803 3848
f 3727 4648 5549
f 4914 3659 3984
f 4464 3180 4268
f 6180 2219 6836
f 5525 3616 5891
f 3868 4275 4976
f 3865 3868 3358
f 3868 3865 4275
f 7191 7202 4359
f 5014 4493 4274
f 3872 4212 4704
f 4178 3899 4988
f 6035 5150 3620
f 3892 7224 5152
f 4888 4464 4840
f 6973 3689 7055
f 4274 4945 4889
f 4268 4902 3899
f 5443 5925 3172
f 4988 4914 4926
f 5894 5971 2486
f 3523 4315 3917
f 2493 3924 5110
f 4891 4763 5909
f 3941 4113 4276
f 5133 4547 3839
f 4605 4606 5076
f 3428 4698 3952
f 5161 7349 7538
f 6764 4828 4816
f 7538 3533 5161
f 6779 4828 6764
f 5556 5957 2591
f 3785 4289 5971
f 4399 3106 4683
f 4188 3657 3673
f 3445 4399 4683
f 3458 4048 5631
f 4683 3241 4407
f 4373 4057 3977
f 4188 3819 5153
f 5153 3819 4369
f 3723 4404 7023
f 4390 4762 6593
f 7018 7023 4404
f 2614 2603 6064
f 4240 4878 4432
f 6525 4240 4432
f 5072 3540 6896
f 4448 4421 4753
f 6816 6794 3139
f 4448 4753 5176
f 4756 5367 3103
f 4745 4000 4210
f 3405 4006 4709
f 4480 4204 3364
f 4745 4210 4748
f 4006 4438 5223
f 2614 2882 6816
f 3829 4748 4749
f 4419 3154 3610
f 3409 4821 4010
f 4819 3498 4011
f 3998 2742 6276
f 4443 4419 4448
f 5795 5072 3137
f 3998 4938 2746
f 3189 6012 6856
f 2449 3765 5672
f 4733 3451 5254
f 5254 4375 4733
f 2219 6451 6041
f 3970 5515 4125
f 4819 5076 3500
f 5230 4036 4449
f 7707 4721 3138
f 5508 3978 6250
f 4449 5088 5239
f 4698 4730 5620
f 3978 3981 3970
f 3448 3857 4983
f 4818 5254 3477
f 4048 5620 7497
f 6813 5631 7507
f 4057 5631 7514
f 3834 2123 6219
f 4774 6593 7535
f 3322 5389 4884
f 6874 5007 5038
f 6874 5038 5040
f 5071 6889 5040
f 2954 6279 5368
f 5736 4077 6554
f 6765 3596 4021
f 3253 3596 6765
f 3596 3253 5942
f 6432 7065 6439
f 4210 3547 3428
f 5795 3137 2357
f 3426 4746 4241
f 3106 6721 4686
f 4733 4375 3781
f 4138 3355 3426
f 4746 3426 3355
f 4744 3781 5018
f 5025 4341 3313
f 4429 4017 3581
f 4429 3581 4360
f 1849 6921 6113
f 4355 5525 4359
f 3313 5023 3106
f 3611 4403 5891
f 6515 5072 6896
f 6035 2123 5836
f 4359 7202 3074
f 3865 3354 4138
f 4792 5062 4030
f 4683 4587 3241
f 3941 5720 7080
f 3241 5049 4414
f 3345 6779 6764
f 7305 5888 5823
f 4605 4819 5436
f 5436 4819 4011
f 5482 3727 3811
f 3808 4818 3477
f 4430 3892 5152
f 5152 4542 4430
f 5153 3657 4188
f 4988 3767 4178
f 4782 4794 3422
f 4274 4885 4877
f 3836 4879 5131
f 4289 6779 3788
f 4493 5174 3991
f 4204 4480 3839
f 3190 2427 4889
f 2200 5695 6743
f 4782 3422 3848
f 3686 5310 7349
f 7289 2063 5229
f 3422 4872 3848
f 4123 2200 5253
f 3177 4211 4321
f 3173 4872 3422
f 4438 4701 4790
f 3521 4924 3784
f 4750 5161 5382
f 6377 6237 5515
f 3293 4784 3999
f 3962 6603 4891
f 5171 3829 3695
f 3173 3218 4872
f 6333 5480 6377
f 4825 4883 4971
f 4241 3218 4870
f 4870 3509 3837
f 5223 4036 5230
f 4821 5239 4259
f 3402 5823 2063
f 5382 5161 3533
f 5007 3303 6203
f 4274 4493 4941
f 4926 4928 5014
f 5795 3580 4938
f 4275 3865 4971
f 4883 4275 4971
f 5368 6787 2954
f 4276 4113 3433
f 4976 3179 4831
f 3918 4889 4945
f 3179 4976 4840
f 3090 5925 6403
f 4280 3179 4840
f 4280 4840 4268
f 6016 5040 5038
f 4960 4303 3918
f 3502 4960 3405
f 2063 4679 6515
f 6016 3718 5040
f 3917 4315 3893
f 4877 4988 4926
f 6954 3102 3090
f 5406 3102 6954
f 3258 3705 4053
f 3293 5367 4305
f 5389 4309 4059
f 4310 4970 3521
f 5389 4211 4309
f 4984 4369 4681
f 2138 4176 6691
f 6111 4681 4328
f 4681 6111 3138
f 4984 4721 3547
f 4512 5482 3811
f 5481 4713 5480
f 6973 7042 6352
f 5028 4355 5024
f 4348 4355 5028
f 2337 3090 3102
f 5035 4166 3622
f 4407 4360 3581
f 5035 3622 3059
f 4772 3583 4371
f 3683 5139 3562
f 3301 4772 4371
f 3007 7042 4038
f 4370 3458 4373
f 3819 3562 4369
f 3795 3465 5634
f 5135 7224 3892
f 4030 3465 4381
f 3999 3498 4392
f 5638 4762 3795
f 4762 5638 6037
f 4380 3498 3999
f 3066 3121 4774
f 5116 3316 4981
f 5050 5523 4403
f 3808 7763 3941
f 4443 5123 5124
f 5124 3154 4419
f 4430 5131 3061
f 2520 2742 5533
f 3137 4679 2357
f 4679 5562 2357
f 7722 6562 7207
f 4131 5533 2746
f 6363 3205 6562
f 6161 3240 7056
f 4864 4879 4069
f 5367 4756 3063
f 7189 6716 5570
f 6459 4131 5556
f 3957 6219 5562
f 6013 5570 6019
f 6716 6019 5570
f 4928 3984 4669
f 4928 4669 4493
f 4500 4941 4501
f 4501 4212 4500
f 4704 4006 3405
f 5982 6856 5688
f 4973 4004 4821
f 3409 4010 4537
f 4537 4010 4733
f 5200 4186 4033
f 4204 3839 6666
f 3626 6032 6013
f 4606 5024 3314
f 4606 4605 5024
f 5076 4606 3059
f 5145 5132 3723
f 3723 5132 4404
f 3673 4457 5398
f 6013 6019 3626
f 4348 3082 3615
f 3984 3659 5162
f 3470 4021 5659
f 3941 7080 4113
f 6525 6229 3306
f 2449 5672 6525
f 4493 4669 5174
f 6229 6525 5672
f 4113 7080 6721
f 4670 3769 4328
f 4681 4721 4984
f 4212 4501 4790
f 7492 3950 4587
f 3769 7466 6111
f 6388 5092 7368
f 4704 4701 4006
f 5695 3227 6423
f 3138 7698 7707
f 4821 4004 4013
f 3993 4919 5382
f 5139 4188 3673
f 3147 4241 4746
f 5116 4733 4744
f 5253 6743 4398
f 5162 4745 5165
f 6032 4512 6030
f 4749 4137 3829
f 3837 4138 3426
f 3309 3829 3629
f 3103 4392 4756
f 6593 4762 6037
f 6595 6921 3342
f 5077 4762 4390
f 4390 6593 3121
f 3804 6043 7542
f 3422 4794 3813
f 5171 3695 4501
f 4794 4782 3293
f 3797 4784 4782
f 4786 4784 3797
f 4428 3309 4792
f 4030 4435 4792
f 5230 4821 4013
f 3401 6603 2625
f 3218 3065 4811
f 3173 3065 3218
f 5088 4449 3066
f 4821 5230 5239
f 4825 4226 3177
f 3868 3098 3358
f 4831 3758 3868
f 3179 4173 4831
f 4831 4173 3758
f 3098 3868 3758
f 6432 6439 3303
f 5072 3998 2625
f 3063 4826 4865
f 3509 4870 3218
f 4864 4069 3713
f 1952 6016 6203
f 4864 3713 4059
f 3767 4988 4877
f 4241 3828 4872
f 4879 4480 4069
f 4888 4457 3657
f 4988 4902 4914
f 6477 7305 5823
f 3924 3523 3917
f 3523 3924 2493
f 4941 4500 4945
f 3872 3918 4945
f 3872 4500 4212
f 4960 3872 3405
f 4973 3502 4004
f 3409 3917 3893
f 4883 4976 4275
f 3917 4281 4981
f 4976 4888 4840
f 4281 4537 4981
f 3316 3924 4981
f 4988 3899 4902
f 4748 3428 4996
f 3829 4137 3629
f 4686 7068 6739
f 4877 5014 4274
f 3433 4113 5023
f 3190 3918 4303
f 5024 5027 5028
f 4960 4208 4303
f 5035 4606 3314
f 4587 4683 3106
f 3615 4157 5050
f 3599 3318 6015
f 3309 5062 4792
f 5219 4381 5077
f 5076 4819 4605
f 5219 5077 4390
f 3492 5295 2063
f 5088 3066 3477
f 5093 5436 4011
f 3808 3477 3804
f 6041 4432 5886
f 4355 3616 5525
f 5909 2486 5971
f 5525 7191 4359
f 3611 5050 4403
f 4432 6202 4929
f 6202 5007 4929
f 5925 5443 3492
f 4170 5135 5044
f 4891 5919 4763
f 4879 3836 5128
f 3106 4686 4587
f 3673 3993 5139
f 4204 5310 3364
f 4733 4981 4537
f 4733 5116 4981
f 5161 3686 7349
f 5162 4000 4745
f 3686 5161 4750
f 3596 5942 3227
f 7040 2606 5145
f 2954 4176 2138
f 3829 5171 5174
f 7040 5947 2606
f 6276 2742 5919
f 2954 6787 4176
f 3913 4447 5406
f 5176 4017 4429
f 6889 3775 3765
f 5092 2019 5942
f 4816 6761 6764
f 4501 3695 4790
f 4438 4790 4435
f 4398 6423 2019
f 3713 3364 5310
f 3727 5549 3801
f 4239 3713 5310
f 5223 4714 4709
f 5219 5223 4438
f 5223 5219 4036
f 4289 3785 6779
f 4449 5239 5230
f 5251 5971 4289
f 4375 5254 3099
f 3913 5416 3822
f 5310 4204 6057
f 6064 2882 2614
f 3258 4053 4447
f 5023 6721 3106
f 3189 6856 7207
f 3258 5688 6279
f 3879 4059 4309
f 7207 3205 3189
f 5389 3322 4321
f 4972 4670 4328
f 7044 3329 6012
f 1952 3718 6016
f 3952 4996 3428
f 6032 6030 7044
f 4938 4983 2591
f 5150 5562 3620
f 5436 5027 5024
f 2219 6041 6836
f 6219 6035 3620
f 2123 6035 6219
f 6524 7202 6563
f 5475 5462 7021
f 7758 5936 6363
f 7750 7450 7743
f 6213 7028 5936
f 5475 7189 5462
f 6584 6563 7418
f 7427 6584 7418
f 5823 6282 3376
f 5475 7056 7189
f 7758 6213 5936
f 6213 7758 6262
f 7710 6164 5461
f 6775 6186 7680
f 6794 5032 2237
f 7396 7036 5827
f 7001 5526 7089
f 6447 5477 6450
f 6945 6681 7210
f 6978 5667 6982
f 5823 3402 6282
f 6883 5034 6064
f 7553 7171 6671
f 6677 6671 5488
f 6576 5462 5935
f 7057 5944 6569
f 7057 6569 6218
f 6722 6720 7244
f 6083 6722 6084
f 7133 5846 7575
f 7588 5846 6164
f 7575 5846 7588
f 7592 7581 6130
f 7265 5503 6968
f 7395 7529 6852
f 7525 5888 7152
f 6449 6671 7171
f 5494 5945 6912
f 7720 7729 7408
f 6968 6951 7265
f 7737 7378 6130
f 7140 7543 7219
f 5200 5126 6113
f 4929 6525 4432
f 6966 6079 6478
f 6966 6978 5991
f 2449 4929 6874
f 6677 5488 6358
f 7519 6211 7210
f 6364 7492 6739
f 7515 6344 5764
f 5295 3957 4679
f 6889 3765 2449
f 5295 5443 3957
f 5827 6329 6263
f 7027 5984 6320
f 6400 4170 3878
f 6320 5984 6547
f 6722 7244 7132
f 5135 4170 5988
f 6282 3540 4524
f 7132 5844 5532
f 6677 7582 5981
f 5880 6904 6329
f 6378 6083 6927
f 6927 6083 6084
f 2237 6165 6794
f 2337 3102 3834
f 5553 5720 7093
f 4123 6180 2230
f 7225 5553 7172
f 5128 4542 5133
f 7093 7172 5553
f 7161 6934 5592
f 6934 7161 7117
f 6666 6057 4204
f 6202 6041 6451
f 7063 6364 7119
f 7119 6402 7063
f 6353 6402 7112
f 7207 6569 7722
f 7169 5959 6450
f 7279 7225 7139
f 6447 5592 6470
f 5525 6559 5640
f 5880 7526 7217
f 2954 3705 6279
f 5944 7722 6569
f 6395 6588 6400
f 7543 6564 6911
f 3580 2357 5150
f 2357 5562 5150
f 5998 6083 6378
f 5672 5172 6229
f 6371 5037 3834
f 5407 6954 7463
f 5229 5888 7516
f 7152 7305 7316
f 3718 5071 5040
f 6884 6412 7720
f 7152 7316 7171
f 7171 7316 7065
f 5634 7514 6034
f 6547 6211 7519
f 6034 6037 5634
f 6037 5638 5634
f 6267 7140 7219
f 7276 7139 7588
f 5643 5700 6588
f 5876 6130 7581
f 7178 7352 6107
f 7437 7352 5594
f 7349 6057 7538
f 6653 7712 6471
f 6378 6564 6079
f 5037 6371 3705
f 6978 7130 6484
f 6978 6484 5667
f 6951 6968 7549
f 3402 3540 6282
f 7549 6968 7515
f 7181 7171 7553
f 7181 7553 5816
f 7680 6186 7466
f 7001 6671 5526
f 5526 6671 6677
f 6111 7466 6184
f 7462 5730 7433
f 7427 7450 7453
f 5700 7673 7550
f 6515 3137 5072
f 5620 6822 7497
f 7550 6703 6588
f 5836 6883 2085
f 5480 6333 5481
f 6565 7439 6081
f 7507 6223 6813
f 6081 7427 7418
f 4125 6237 5482
f 4125 5515 6237
f 6057 7649 7538
f 7437 6620 7462
f 5730 7462 7720
f 3981 6333 6377
f 7458 6673 7513
f 6673 6119 7513
f 7660 7740 7440
f 6400 7477 7577
f 7314 7763 7542
f 6114 6667 7549
f 7476 7589 7479
f 7708 5730 6412
f 4587 6739 7492
f 5707 6636 7626
f 7550 7766 6703
f 6237 6349 3727
f 3957 5443 6219
f 7577 6708 7589
f 3172 6219 5443
f 6496 3247 3470
f 3247 6765 3470
f 7477 6609 6708
f 7626 6158 6667
f 6666 6114 6057
f 7538 7649 6688
f 2469 4038 7042
f 7021 6852 7625
f 2469 2486 4038
f 2486 4042 4038
f 7598 6262 7030
f 6262 7581 7592
f 6349 6377 4186
f 3533 7666 7680
f 6589 7718 5944
f 6388 7256 6554
f 6688 6344 7166
f 7529 7777 5595
f 7506 6382 7648
f 7529 5595 7625
f 7625 5475 7021
f 6184 5777 6111
f 6184 7670 5777
f 3075 4042 4763
f 7698 5780 7707
f 6262 7718 7030
f 7707 5780 6231
f 6213 6262 7592
f 2520 3075 4763
f 6287 7057 6218
f 6912 6236 5494
f 2757 6169 5204
f 7764 5945 5494
f 5945 7764 7463
f 3565 3801 5549
f 6238 6813 6223
f 5945 7463 6933
f 2746 5533 2742
f 7093 5720 7763
f 6743 5695 6423
f 6721 7080 7068
f 2746 5556 4131
f 5253 2200 6743
f 7666 5816 7553
f 7265 6632 7638
f 7515 5503 7516
f 5777 7670 7645
f 6739 7068 6934
f 5780 7645 7632
f 6231 5780 7632
f 7707 6231 6834
f 4039 6834 5819
f 6451 2219 6758
f 6775 7666 7553
f 7750 5876 7598
f 7750 7743 5876
f 6459 2603 4155
f 6347 6034 7746
f 7542 7399 7314
f 7171 7065 6449
f 6263 7396 5827
f 5819 7509 7561
f 2591 2603 6459
f 5977 3303 6451
f 5190 3329 3946
f 5488 5992 6358
f 3946 3329 6030
f 7589 7709 6636
f 6816 3139 2581
f 7189 5570 5462
f 7217 7219 7543
f 4512 3811 3946
f 7314 7399 6927
f 7718 6562 7722
f 5998 5991 6982
f 5998 6982 6720
f 7210 7219 7217
f 7132 7244 5844
f 5038 5007 6203
f 6978 6966 7130
f 5991 6978 6982
f 6306 5981 6340
f 7244 6982 6996
f 6547 7036 6320
f 7068 7088 6934
f 6329 5827 6547
f 7027 6340 7109
f 7729 7412 7408
f 7598 5876 7581
f 6837 6347 6927
f 5295 4679 2063
f 7057 7766 7083
f 5503 5229 7516
f 6911 5880 7543
f 5891 4403 7352
f 5594 4403 5523
f 6708 6912 5945
f 6564 6378 6347
f 6927 6347 6378
f 5891 7178 5525
f 3775 3345 3765
f 6636 7709 6632
f 6400 3878 6395
f 6857 7378 7028
f 4170 7476 5988
f 5135 5988 7224
f 6681 6496 6267
f 7408 7506 6884
f 6344 7515 7525
f 7225 7088 5553
f 6681 6267 7219
f 6695 7126 6267
f 7057 6912 6609
f 7088 5592 6934
f 7117 7161 5959
f 7197 5936 5935
f 7117 5959 7119
f 6934 7117 6364
f 3090 2337 5925
f 4524 3962 5731
f 6364 7117 7119
f 6562 7758 6363
f 3900 6595 768
f 7718 7722 5944
f 5939 6402 7119
f 6402 5948 7112
f 6218 6916 6287
f 6933 5497 6632
f 4679 3957 5562
f 5416 7764 6236
f 6447 5959 7161
f 5133 4542 4547
f 7463 6403 5497
f 5592 6469 6470
f 7289 7265 7638
f 6113 5126 1849
f 7305 7152 5888
f 5526 6677 7089
f 5525 7178 6559
f 5643 6588 6395
f 5983 7582 7109
f 6477 7316 7305
f 7519 6329 6547
f 6329 7526 5880
f 6079 5991 5998
f 7224 5707 5152
f 5707 6410 5152
f 7198 7256 6945
f 5150 3448 3580
f 5542 6084 7575
f 7575 7588 7172
f 6966 6478 7130
f 7507 4048 7497
f 6974 6973 7055
f 6557 5640 6559
f 6563 6557 6560
f 6563 5640 6557
f 6563 6584 6524
f 3553 6691 3479
f 5631 6813 7514
f 5643 6524 6584
f 7514 7746 6034
f 5594 6620 7437
f 6107 7423 7178
f 5594 7458 6620
f 6666 4547 7317
f 3785 5894 6700
f 6400 6588 7477
f 3189 3205 4952
f 6565 7418 6560
f 5700 7550 6588
f 3705 3258 6279
f 4891 5909 5969
f 2757 5204 3596
f 6107 7440 7423
f 7433 6107 7437
f 6378 6079 5998
f 6059 7423 7440
f 5715 7427 7453
f 7577 7476 6400
f 4891 3401 5919
f 5700 6634 7673
f 7575 6084 7133
f 6279 5688 6012
f 7479 6636 5707
f 6758 4123 5253
f 7479 7589 6636
f 5253 4398 6758
f 3769 3533 7680
f 3978 3240 6250
f 6130 7378 6857
f 7462 6119 7720
f 6111 5777 7698
f 6119 6673 7731
f 7720 6119 7729
f 7317 6114 6666
f 3470 6765 4021
f 7538 7666 3533
f 7561 4730 7488
f 7450 7750 7453
f 5620 4730 7561
f 6223 7497 5798
f 6238 6223 5798
f 5092 5942 3253
f 7550 7673 7766
f 7766 6609 6703
f 7057 7083 5944
f 6609 7477 6703
f 7477 6708 7577
f 3857 2603 2591
f 3857 6064 2603
f 2019 5092 6388
f 6593 6034 7535
f 4077 2019 6388
f 5969 5971 5251
f 5368 3801 3565
f 4891 5969 3962
f 6158 7136 6667
f 3727 6349 4648
f 6114 5764 7649
f 6344 7649 5764
f 7052 3318 3599
f 6181 7166 7525
f 7680 7666 6775
f 6688 5816 7666
f 6276 5919 3401
f 6184 6186 6775
f 6180 7018 7017
f 6180 6836 7018
f 6954 5407 5406
f 7001 7553 6671
f 6041 5886 6836
f 7488 4039 5819
f 6677 6358 7582
f 5480 4713 2346
f 2346 4186 5480
f 4432 6041 6202
f 7625 5595 5475
f 7582 6358 7198
f 6262 7758 7718
f 6813 6859 7746
f 5007 6874 4929
f 5229 5503 7289
f 7670 6254 7645
f 6704 7526 7519
f 2085 3857 3448
f 6834 6231 7566
f 6043 6837 7399
f 6236 7764 5494
f 7763 5901 7093
f 7463 7764 5407
f 7670 7001 6254
f 6417 5736 6554
f 7197 5570 6013
f 5819 6320 7509
f 6576 6852 7021
f 6238 6822 7396
f 6238 7396 6859
f 6589 7030 7718
f 6263 6904 6859
f 6945 7368 6681
f 7103 7126 7389
f 5200 6113 6921
f 6034 6347 6837
f 6911 6904 5880
f 5886 4878 7023
f 6347 6911 6564
f 7314 5542 5901
f 7399 6837 6927
f 7256 7198 6358
f 7093 5901 7172
f 4176 2237 5032
f 7006 6973 6974
f 2757 3227 7029
f 6700 7006 6974
f 7543 7140 6478
f 7029 3227 5695
f 6912 6708 6609
f 6306 7089 5981
f 7040 4240 3306
f 7006 7042 6973
f 7006 2469 7042
f 6030 3329 7044
f 6968 5503 7515
f 4021 3596 5204
f 5720 5553 7080
f 6787 3565 2237
f 7055 5947 6761
f 7015 7051 5659
f 4021 7015 5659
f 7197 6013 6363
f 6836 5886 7018
f 3205 6032 4952
f 6180 7017 2230
f 7029 7022 3599
f 7052 7022 2230
f 7055 6761 6974
f 4816 6974 6761
f 6032 3205 6013
f 6700 6974 4816
f 6934 6364 6739
f 7043 5659 7051
f 4240 7040 4878
f 6340 5983 7109
f 7027 7109 5984
f 6700 5894 7006
f 5894 2469 7006
f 7492 6364 7063
f 7015 4346 5053
f 3306 5947 7040
f 5947 3306 6229
f 4021 4346 7015
f 4021 5204 4346
f 6363 6013 3205
f 7044 4952 6032
f 5462 5570 5935
f 4404 7017 7018
f 5886 7023 7018
f 5936 7197 6363
f 7017 7052 2230
f 5595 6161 5475
f 5595 7777 6161
f 5695 7022 7029
f 2200 2230 7022
f 6716 7189 7056
f 7198 6945 6211
f 6263 6329 6904
f 6211 6945 7210
f 5912 7063 6402
f 7519 7210 6704
f 6287 6916 6815
f 7397 6815 6236
f 7178 5891 7352
f 4403 5594 7352
f 7152 7181 6181
f 6077 7543 6478
f 6478 6079 6077
f 7068 7080 5553
f 5640 7191 5525
f 7088 6469 5592
f 7202 6524 3074
f 6720 6982 7244
f 7172 7139 7225
f 7244 6996 5844
f 7088 7225 6469
f 7036 7509 6320
f 4170 6400 7476
f 6954 6403 7463
f 5948 5939 5940
f 5939 5948 6402
f 7103 7130 7126
f 7169 5939 7119
f 6417 5488 6449
f 6449 5488 6671
f 7566 6340 7027
f 7566 6306 6340
f 7089 6306 6254
f 6254 7001 7089
f 5846 7133 5532
f 7065 6432 6449
f 6933 7709 5945
f 6447 6450 5959
f 6632 6951 7136
f 7172 7588 7139
f 7139 7276 7279
f 6447 6470 6471
f 6447 6471 5477
f 7219 7210 6681
f 4547 4542 7317
f 7140 6267 7126
f 6478 7140 7126
f 7130 7103 6484
f 5542 7314 6927
f 6388 6945 7256
f 7526 6704 7217
f 5992 6554 7256
f 6933 7463 5497
f 6554 5992 6417
f 7582 5983 5981
f 6211 7109 7582
f 7109 6211 5984
f 6904 6911 6859
f 6449 6432 6417
f 6161 7056 5475
f 6559 7423 6557
f 6911 6347 7746
f 6584 5715 5643
f 6912 7397 6236
f 6569 7207 6218
f 6916 6218 6856
f 5630 6852 7378
f 6916 3822 6815
f 7497 6223 7507
f 6043 7399 7542
f 7178 7423 6559
f 7378 6576 7028
f 6034 6593 6037
f 6884 7506 7648
f 6852 7529 7625
f 4774 7535 6043
f 7458 7513 6620
f 6565 7440 7439
f 6632 5497 7638
f 7224 5988 7479
f 7224 7479 5707
f 7766 7057 6609
f 6287 6912 7057
f 6287 7397 6912
f 6834 7027 6320
f 6703 7477 6588
f 7439 7440 7740
f 7566 7027 6834
f 6611 5707 7626
f 7626 7317 6611
f 6632 7265 6951
f 7509 6822 7561
f 6620 6119 7462
f 6238 6859 6813
f 7648 5769 6884
f 7316 6439 7065
f 7632 6254 6306
f 7276 7588 6164
f 5764 7549 7515
f 6636 6158 7626
f 5730 7708 6107
f 7083 6589 5944
f 5764 6114 7549
f 7488 5819 7561
f 7549 6667 7136
f 6496 6695 6267
f 7265 7289 5503
f 6262 7598 7581
f 6107 7708 7660
f 7389 7126 6695
f 7720 6412 5730
f 6114 7649 6057
f 6119 7731 7729
f 6857 7028 7592
f 7378 6852 6576
f 7743 7740 5876
f 5935 7028 6576
f 7453 7750 7598
f 7561 6822 5620
f 7673 6634 6589
f 7673 6589 7083
f 3941 7763 5720
f 7497 6822 5798
f 7638 5497 6403
f 7589 6708 7709
f 6077 6079 6564
f 6688 7166 5816
f 6708 5945 7709
f 6084 6722 7133
f 7670 6184 6775
f 6236 3822 5416
f 7758 6562 7718
f 5777 7645 5780
f 5816 7166 7181
f 7645 6254 7632
f 7535 6837 6043
f 7566 6231 7632
f 5935 5936 7028
f 6287 6815 7397
f 6306 7566 7632
f 5798 6822 6238
f 6320 5819 6834
f 6859 6911 7746
f 7036 6822 7509
f 6822 7036 7396
f 7535 6034 6837
f 7763 7314 5901
f 6859 7396 6263
f 6130 6857 7592
f 7670 6775 7001
f 6412 5769 7529
f 6412 6884 5769
f 5630 7395 6852
f 6634 7453 7598
f 6884 7720 7408
f 5935 5570 7197
f 7746 7514 6813
f 7036 6547 5827
f 7740 7737 5876
f 7737 7740 7660
f 6815 3822 6236
f 5488 6417 5992
f 6358 5992 7256
f 6636 7136 6158
f 6403 6954 3090
f 6775 7553 7001
f 7515 7516 7525
f 7525 7516 5888
f 6576 7021 5462
f 7068 5553 7088
f 6834 4039 7707
f 7028 6213 7592
f 7708 5630 7660
f 7395 7708 6412
f 7395 5630 7708
f 7660 5630 7737
f 7698 5777 5780
f 5630 7378 7737
f 6130 5876 7737
f 6927 6084 5542
f 7466 6186 6184
f 5983 6340 5981
f 6353 5912 6402
f 5998 6720 6083
f 6083 6720 6722
f 7126 7130 6478
f 7132 7133 6722
f 7543 5880 7217
f 7136 6636 6632
f 7673 7083 7766
f 5532 7133 7132
f 7136 6951 7549
f 7525 7152 6181
f 7152 7171 7181
f 7525 7166 6344
f 7169 7119 5959
f 5901 5542 7575
f 7172 5901 7575
f 7166 6181 7181
f 6688 7666 7538
f 7191 5640 6563
f 6563 7202 7191
f 5643 6395 6524
f 6524 6395 3074
f 7207 6856 6218
f 6704 7210 7217
f 6856 5982 3822
f 6916 6856 3822
f 6469 7225 7279
f 6447 7161 5592
f 6079 6966 5991
f 6611 4542 6410
f 5407 7764 5416
f 7649 6344 6688
f 6403 3492 7638
f 3492 7289 7638
f 6469 7279 6653
f 6653 6470 6469
f 6471 6470 6653
f 4542 6611 7317
f 6666 3839 4547
f 6945 6388 7368
f 3247 6681 7368
f 6496 6681 3247
f 7030 6634 7598
f 6634 7030 6589
f 7395 6412 7529
f 6611 6410 5707
f 6560 6059 6565
f 6557 6059 6560
f 6557 7423 6059
f 6059 7440 6565
f 7418 6565 6081
f 6560 7418 6563
f 6584 7427 5715
f 5700 5643 5715
f 6107 7433 5730
f 7462 7433 7437
f 6081 7439 7450
f 7352 7437 6107
f 6081 7450 7427
f 7453 6634 5715
f 5715 6634 5700
f 7680 7466 3769
f 7582 7198 6211
f 6933 6632 7709
f 7476 7577 7589
f 5988 7476 7479
f 4730 4039 7488
f 5981 7089 6677
f 7513 6119 6620
f 5984 6211 6547
f 7317 7626 6667
f 7740 7743 7439
f 7519 7526 6329
f 6114 7317 6667
f 6107 7660 7440
f 7439 7743 7450
f 6564 7543 6077
f 7763 3804 7542
f 317 3161 876
f 1798 98 3632
f 3161 756 876
f 3415 331 686
f 1696 114 276
f 1610 1510 3199
f 114 1641 276
f 1142 3522 3506
f 640 3128 1698
f 1543 1851 1544
f 1641 114 1178
f 3089 126 596
f 1599 1589 3234
f 106 3423 1544
f 3522 1142 3276
f 3501 3485 1589
f 3504 3217 3490
f 3388 1798 3632
f 1589 1599 2944
f 1619 321 3666
f 2915 3666 652
f 3480 3504 3490
f 2909 2915 832
f 128 142 166
f 2909 832 1587
f 2840 2867 328
f 2840 328 471
f 6 285 3186
f 3327 1178 3654
f 6 3186 109
f 1625 3023 640
f 125 166 3444
f 2245 543 142
f 2245 142 128
f 59 1572 2131
f 1714 90 1696
f 91 1590 1530
f 3387 143 1477
f 1512 109 3235
f 1589 59 3501
f 1394 3169 142
f 1471 1506 423
f 143 690 1394
f 1394 690 163
f 2036 153 2706
f 335 3642 2706
f 1532 40 2630
f 3388 756 195
f 1636 5164 3496
f 3554 1738 225
f 2630 1489 432
f 3235 3630 2600
f 3439 195 158
f 158 195 3115
f 2600 423 1506
f 2600 1506 3140
f 1670 158 3115
f 3630 3235 109
f 154 1110 2736
f 3654 2268 3327
f 1178 3327 170
f 3153 3392 3423
f 1863 3196 398
f 3169 163 165
f 2236 128 3338
f 22 2236 3338
f 2712 74 3475
f 178 1110 3504
f 3117 3573 2972
f 3152 2694 40
f 1636 3586 6415
f 3443 804 3196
f 173 3307 1696
f 1590 3443 1530
f 173 5 3278
f 2630 168 2600
f 686 3140 1506
f 233 581 3264
f 5467 3264 3239
f 3239 3234 3233
f 251 1590 91
f 3233 3485 76
f 1635 3128 640
f 640 126 1625
f 144 2944 252
f 900 1572 596
f 381 2570 1512
f 2133 345 281
f 3666 162 1619
f 39 7448 2712
f 7448 74 2712
f 3554 1707 1694
f 1530 3196 23
f 67 1505 451
f 905 405 2507
f 2499 29 353
f 334 331 231
f 3165 405 810
f 1173 1506 1471
f 3115 1784 1670
f 1911 2972 225
f 594 1670 3128
f 594 3128 1635
f 3307 173 3104
f 251 235 3199
f 581 233 3278
f 80 98 1707
f 36 3529 6826
f 124 3264 5467
f 5467 3239 36
f 3577 1512 2570
f 1941 235 1851
f 3529 76 3217
f 686 1506 3415
f 5164 1636 6415
f 2867 2766 2909
f 1642 1610 1986
f 3163 231 3415
f 3475 450 6
f 251 3199 1590
f 40 2694 1489
f 1986 1610 3199
f 1707 3573 80
f 3554 3573 1707
f 3199 3443 1590
f 3264 1335 1142
f 3506 3522 1599
f 3506 1599 3234
f 2828 12 2444
f 1928 287 3632
f 90 3654 114
f 128 285 3338
f 1928 106 1544
f 84 1178 1335
f 106 80 3653
f 1863 1176 756
f 1553 1554 3387
f 2144 273 275
f 1554 3217 3504
f 125 128 166
f 640 1698 126
f 1941 1851 1543
f 3627 2766 2840
f 3388 3632 287
f 285 125 1532
f 3264 3506 3239
f 2840 2766 2867
f 826 60 900
f 3239 3506 3234
f 1178 170 1335
f 125 3444 3152
f 321 1619 60
f 1110 3387 1554
f 652 3666 321
f 1394 163 3169
f 832 1398 1587
f 804 3199 1510
f 2867 1587 328
f 143 154 47
f 143 47 690
f 252 596 144
f 3480 178 3504
f 1553 27 3442
f 3392 1543 3423
f 162 2915 2909
f 335 667 1417
f 74 450 3475
f 1505 335 417
f 106 3407 3423
f 287 23 756
f 2712 3643 39
f 3407 106 3127
f 1636 27 3586
f 3586 27 396
f 168 432 156
f 1489 3642 451
f 129 158 594
f 1489 451 1487
f 1487 432 1489
f 129 594 3654
f 22 2245 2236
f 3023 1142 170
f 3573 3554 2972
f 2972 3554 225
f 124 233 3264
f 1110 2766 2736
f 76 3485 3490
f 1572 59 144
f 345 273 281
f 260 3327 2268
f 3327 260 170
f 1851 235 251
f 3023 1625 3276
f 3608 3117 208
f 3153 3407 2144
f 213 3307 3104
f 3278 233 6549
f 1824 1858 3564
f 3089 1625 126
f 6919 6931 124
f 2694 3444 2706
f 1925 208 213
f 3235 1828 1512
f 3276 1625 3089
f 3307 225 1714
f 3529 36 76
f 162 3666 2915
f 1587 2867 2909
f 2630 2600 3630
f 488 353 29
f 3628 3627 2499
f 2828 353 488
f 2828 2444 353
f 5164 3529 3496
f 335 1505 67
f 39 78 3373
f 78 2570 3853
f 168 156 423
f 1928 3632 98
f 331 1828 686
f 170 260 3023
f 3165 2507 405
f 1544 251 91
f 1544 91 1928
f 2268 1635 260
f 80 1928 98
f 90 1679 129
f 276 1641 84
f 581 84 1335
f 1679 1714 1738
f 2706 3642 2694
f 276 5 1696
f 2694 3642 1489
f 581 5 84
f 3655 3117 281
f 1544 1851 251
f 1530 287 91
f 91 287 1928
f 128 125 285
f 29 3627 2840
f 106 1928 80
f 98 1798 1707
f 1589 3233 3234
f 1798 3439 1707
f 1095 1076 1295
f 1179 1433 801
f 1368 302 1138
f 858 1793 1795
f 1356 880 571
f 1382 2147 2149
f 457 905 1220
f 3127 281 273
f 1698 3128 3637
f 3127 273 3407
f 956 921 336
f 273 2144 3407
f 1097 493 986
f 477 509 1096
f 659 1285 1044
f 1044 1285 905
f 662 1051 704
f 963 470 973
f 989 490 1057
f 662 941 463
f 334 1828 331
f 457 590 1181
f 679 1005 1004
f 509 329 1281
f 498 1038 484
f 1558 488 1260
f 1260 1267 1558
f 714 1057 490
f 733 494 732
f 714 1042 730
f 494 733 1040
f 1040 733 291
f 1107 953 685
f 335 480 417
f 1049 1046 747
f 1074 983 719
f 921 477 336
f 121 898 1107
f 708 479 956
f 335 1417 480
f 372 1002 1009
f 708 772 479
f 983 1069 988
f 1107 685 563
f 1043 704 486
f 691 693 796
f 806 1016 1022
f 1186 1076 1022
f 662 704 941
f 432 1287 156
f 1145 1065 508
f 1023 941 1024
f 372 1009 1073
f 508 1065 1045
f 1141 1004 497
f 1219 1015 496
f 1054 1065 763
f 733 732 1308
f 1084 1149 1159
f 1149 1084 729
f 1061 490 1045
f 334 1512 1828
f 1061 1065 1054
f 1092 1009 503
f 747 358 520
f 736 813 750
f 47 3628 2499
f 813 1388 1100
f 1061 1042 970
f 1099 1100 782
f 782 292 1099
f 1255 1057 799
f 988 1042 1061
f 2485 548 509
f 983 364 719
f 372 1179 719
f 156 1073 1034
f 1022 1017 292
f 1356 571 775
f 763 1269 1149
f 156 1190 1073
f 858 791 1308
f 949 156 806
f 1159 1269 1368
f 876 1176 959
f 1095 1295 806
f 2119 1234 819
f 2119 1343 1234
f 1244 1343 1365
f 1274 1138 1166
f 571 545 736
f 1365 884 1269
f 1216 772 708
f 1399 1248 339
f 3434 543 2245
f 1399 339 1255
f 1216 708 1015
f 1231 1141 826
f 652 794 391
f 1398 796 1248
f 1267 1260 799
f 1069 667 730
f 1417 1069 480
f 2507 1044 905
f 480 1074 801
f 1220 1225 573
f 2828 488 1558
f 1240 951 827
f 827 562 1236
f 1086 824 1220
f 1285 1076 1186
f 445 563 3637
f 457 573 590
f 29 2840 471
f 29 471 488
f 1255 471 1399
f 417 480 801
f 417 801 1433
f 1795 2233 522
f 819 522 1466
f 958 1262 1620
f 2736 2766 3628
f 880 1356 2558
f 571 880 545
f 67 451 3642
f 876 756 1176
f 178 162 2766
f 1110 178 2766
f 898 959 1424
f 772 126 1698
f 1295 1076 659
f 956 953 921
f 596 1219 900
f 712 704 1051
f 60 826 321
f 67 3642 335
f 496 482 916
f 496 916 493
f 496 960 679
f 953 973 921
f 953 1107 1429
f 1429 973 953
f 478 1005 966
f 667 153 1558
f 685 956 479
f 1036 478 975
f 703 732 1020
f 699 975 484
f 1038 498 704
f 451 1433 1487
f 916 986 493
f 959 898 317
f 714 490 970
f 3217 3442 3496
f 1097 703 1020
f 1097 1020 493
f 493 1020 971
f 988 1069 1042
f 1248 693 339
f 704 498 486
f 1471 423 949
f 708 482 496
f 1034 1012 806
f 704 1043 941
f 12 1558 153
f 1033 1024 718
f 970 490 1061
f 3217 76 3490
f 966 960 971
f 1054 364 988
f 1151 712 1051
f 826 497 1036
f 1063 1054 763
f 503 729 1084
f 747 797 1049
f 799 714 730
f 750 775 736
f 1042 1069 730
f 329 1767 1281
f 1009 1002 503
f 364 729 1002
f 1017 1016 1099
f 1017 1099 292
f 292 1086 1186
f 6264 5806 631
f 1009 1092 350
f 1012 1034 750
f 350 750 1034
f 1308 791 733
f 520 358 519
f 815 747 520
f 522 819 797
f 1096 509 548
f 3239 3233 36
f 685 479 563
f 508 1244 1145
f 2245 22 3434
f 1219 1141 1231
f 1229 819 1234
f 1343 1244 1234
f 1100 1388 2149
f 1244 1365 1145
f 2617 396 543
f 799 1260 1255
f 1159 1368 1274
f 480 1069 1074
f 1287 1190 156
f 1301 1516 370
f 60 1619 2131
f 522 815 1795
f 949 806 1295
f 1572 60 2131
f 815 858 1795
f 1225 1240 1230
f 1230 827 1236
f 1173 659 1044
f 810 405 1181
f 884 302 1368
f 652 391 832
f 1572 144 596
f 1863 1305 1176
f 951 1620 1262
f 596 126 1015
f 1219 596 1015
f 1015 126 1216
f 260 1635 640
f 482 336 916
f 1587 1398 328
f 659 1076 1285
f 1281 1768 2485
f 3128 445 3637
f 975 997 484
f 1096 1097 986
f 954 467 963
f 1023 463 941
f 1036 975 699
f 956 685 953
f 1176 1424 959
f 463 1033 989
f 956 336 708
f 708 336 482
f 2233 1466 522
f 714 970 1042
f 691 1051 662
f 819 1466 2119
f 973 329 921
f 329 509 921
f 1343 1806 1365
f 1806 1343 2119
f 339 693 989
f 478 971 975
f 463 989 693
f 1429 963 973
f 1057 339 989
f 679 1004 496
f 1020 732 494
f 336 477 916
f 884 2384 302
f 1255 339 1057
f 1040 291 1043
f 494 1040 486
f 1073 1009 350
f 1040 1043 486
f 941 1043 1049
f 1046 1043 291
f 1049 1043 1046
f 1016 1017 1022
f 714 799 1057
f 1049 1053 1024
f 2736 3628 154
f 1022 292 1186
f 154 3628 47
f 3115 317 1784
f 490 718 1045
f 1033 718 490
f 1053 1229 718
f 1073 350 1034
f 983 1074 1069
f 1151 1051 391
f 1051 691 391
f 391 691 796
f 364 1054 1063
f 405 905 457
f 693 1248 796
f 317 3115 3161
f 1149 1063 763
f 503 1166 1087
f 503 1084 1166
f 1179 1074 719
f 949 1295 659
f 1012 1099 1016
f 1054 988 1061
f 195 3161 3115
f 291 733 519
f 1022 1095 806
f 1092 503 1087
f 750 1092 1087
f 1087 775 750
f 1002 729 503
f 1053 797 1229
f 156 1034 806
f 5541 6639 3690
f 750 350 1092
f 121 1107 563
f 1281 2485 509
f 1105 703 1301
f 732 1105 1308
f 791 519 733
f 791 815 519
f 794 652 1384
f 797 819 1229
f 6115 4855 7313
f 832 391 1398
f 794 1151 391
f 804 3443 3199
f 1166 1356 775
f 1287 372 1190
f 1097 1096 672
f 1097 672 703
f 1301 703 672
f 1225 1230 573
f 3186 2630 3630
f 1105 370 1308
f 813 736 1388
f 563 479 1698
f 2149 1388 1382
f 1225 824 1240
f 826 900 1231
f 1145 1365 1269
f 736 545 1382
f 736 1382 1388
f 820 584 1240
f 2245 128 2236
f 1096 548 672
f 165 166 3169
f 672 1516 1301
f 1308 680 858
f 213 1911 3307
f 1477 543 396
f 1166 1138 1356
f 445 121 563
f 2147 1382 2968
f 3637 563 1698
f 1698 479 772
f 545 2968 1382
f 1262 958 400
f 827 951 1262
f 820 1389 584
f 1424 954 898
f 1231 900 1219
f 321 826 1036
f 321 1036 1384
f 1384 652 321
f 652 832 2915
f 1285 1220 905
f 898 963 1429
f 1558 1267 667
f 662 463 691
f 1033 490 989
f 451 1505 1433
f 463 1023 1033
f 679 960 966
f 423 156 949
f 679 966 1005
f 497 478 1036
f 497 1005 478
f 960 496 493
f 478 966 971
f 898 1429 1107
f 484 997 498
f 467 470 963
f 997 486 498
f 693 691 463
f 986 916 477
f 806 1012 1016
f 983 988 364
f 971 494 997
f 997 975 971
f 921 509 477
f 486 997 494
f 470 329 973
f 364 1002 719
f 1005 497 1004
f 477 1096 986
f 1015 708 496
f 1049 1024 941
f 1038 699 484
f 1038 704 712
f 497 826 1141
f 1023 1024 1033
f 1384 699 1038
f 1557 3749 7099
f 3152 40 1532
f 291 358 1046
f 712 794 1038
f 960 493 971
f 719 1002 372
f 794 712 1151
f 1020 494 971
f 1049 797 1053
f 405 457 1181
f 1024 1053 718
f 1045 1065 1061
f 1076 1095 1022
f 718 1229 508
f 508 1045 718
f 1063 729 364
f 1063 1149 729
f 1084 1274 1166
f 292 782 1086
f 1620 1931 958
f 166 2036 3444
f 813 1012 750
f 1012 813 1100
f 1012 1100 1099
f 876 959 317
f 1523 858 680
f 703 1105 732
f 782 824 1086
f 317 898 121
f 1046 358 747
f 358 291 519
f 747 815 522
f 522 797 747
f 1806 2546 1365
f 2546 884 1365
f 1234 508 1229
f 1693 1356 1138
f 1219 496 1141
f 496 1004 1141
f 1036 699 1384
f 1269 1065 1145
f 1269 763 1065
f 1384 1038 794
f 1398 391 796
f 2571 2968 545
f 1084 1159 1274
f 1087 1166 775
f 951 2580 1620
f 667 1267 730
f 1267 799 730
f 782 1100 1389
f 782 1389 820
f 801 1074 1179
f 1471 949 659
f 1186 1086 1220
f 1433 1179 372
f 1471 659 1173
f 1220 824 1225
f 1190 372 1073
f 661 2617 4411
f 519 815 520
f 457 1220 573
f 1234 1244 508
f 820 824 782
f 824 820 1240
f 1230 1240 827
f 1398 1248 1399
f 1149 1269 1159
f 667 1069 1417
f 571 736 775
f 1433 372 1287
f 1285 1186 1220
f 1100 2149 1389
f 1301 370 1105
f 398 1305 1863
f 370 680 1308
f 858 815 791
f 3522 3276 2944
f 581 1335 3264
f 1240 584 951
f 1798 195 3439
f 1621 958 1931
f 488 471 1255
f 3278 5 581
f 1269 884 1368
f 1216 126 772
f 1368 1138 1274
f 328 1398 1399
f 1399 471 328
f 488 1255 1260
f 287 756 3388
f 1505 417 1433
f 898 954 963
f 1487 1433 1287
f 2986 2583 2580
f 1729 2534 1812
f 2883 1976 1444
f 3056 3947 2129
f 1773 2604 1448
f 2515 2543 2534
f 1444 2604 1773
f 2737 2064 2468
f 114 3654 1178
f 680 2918 1523
f 2001 1793 1523
f 1793 2001 2521
f 1466 2938 2119
f 423 2600 168
f 2470 2974 2731
f 1693 1138 302
f 3653 3573 3117
f 2147 2970 2575
f 2110 2729 2699
f 1389 2575 2028
f 2541 2538 3048
f 2052 3048 2538
f 1512 113 109
f 396 3387 1477
f 2534 1729 2515
f 3387 154 143
f 1808 2451 2452
f 1810 1808 2452
f 2622 2731 2531
f 1487 1287 432
f 2963 2584 2576
f 154 3387 1110
f 2765 2970 2956
f 335 2706 153
f 2679 1729 1812
f 2534 2543 2691
f 1909 2773 1703
f 12 153 2036
f 2632 2540 2743
f 2918 2538 2541
f 1816 2999 1703
f 2001 2550 2521
f 672 548 1665
f 680 370 1516
f 2233 1478 1808
f 2679 2093 2369
f 858 1523 1793
f 2093 2083 2707
f 6 113 3577
f 2691 2543 2773
f 2773 2543 1816
f 2119 2120 1806
f 2369 3056 1729
f 6 109 113
f 2178 2733 1904
f 1729 3056 2515
f 285 1532 3186
f 545 880 2571
f 2558 2390 880
f 2747 2751 1898
f 884 2546 2384
f 2933 1903 2534
f 2691 2353 2933
f 1543 1544 3423
f 125 3152 1532
f 1389 2028 584
f 2131 178 3480
f 1554 3442 3217
f 162 178 1619
f 1768 2206 2485
f 2206 2110 2699
f 2703 1665 1722
f 3504 1110 1554
f 1523 2918 2541
f 2001 1523 2541
f 3233 1589 3485
f 78 3853 3373
f 2233 1808 2938
f 2802 1909 2090
f 2938 2134 2120
f 2120 2134 1685
f 2737 1586 1685
f 2125 2755 1823
f 2554 2184 3019
f 2963 2576 2571
f 3032 3025 2186
f 2707 2366 1957
f 2458 1534 2252
f 3501 2131 3480
f 1898 2784 2468
f 6 3338 285
f 2538 2622 2242
f 2784 2933 2351
f 2242 2052 2538
f 1620 2583 1931
f 2252 2064 2458
f 2584 1913 2351
f 3434 2617 543
f 2363 2504 2956
f 1648 1610 1642
f 1572 900 60
f 1696 90 114
f 2485 2206 548
f 548 2699 1665
f 3485 3480 3490
f 680 1516 2703
f 2918 680 2703
f 2119 2938 2120
f 1335 170 1142
f 2712 3475 3643
f 1806 2120 1685
f 1685 1586 2546
f 302 2740 1693
f 2390 2558 1693
f 1641 1178 84
f 2571 2576 2968
f 6088 6115 7313
f 2178 3019 2188
f 3032 2178 2188
f 6075 7099 6088
f 2188 3678 3025
f 2703 1722 2918
f 225 1738 1714
f 1957 5232 2826
f 2818 5232 1957
f 90 129 3654
f 195 756 3161
f 2458 2064 2737
f 2462 2632 1703
f 2540 2632 2462
f 2744 1584 2515
f 1584 2744 3209
f 1823 2554 2125
f 2579 2576 2802
f 2186 2178 3032
f 121 1784 317
f 2579 2090 2762
f 2970 2762 2090
f 2083 2093 2751
f 2565 2083 2751
f 2504 1872 2270
f 23 1863 756
f 1707 3439 1694
f 2508 1444 1773
f 3573 3653 80
f 5 276 84
f 2773 1816 1703
f 1665 2699 1722
f 2632 1933 1909
f 2826 3947 2369
f 672 1665 1516
f 5233 3947 2826
f 2554 2178 1904
f 2544 2550 2001
f 1534 2565 2751
f 2384 2737 2740
f 2514 2731 2729
f 1356 1693 2558
f 2740 2351 1913
f 2999 1816 1584
f 2743 1933 2632
f 1703 1939 2462
f 2554 1823 2184
f 1714 1679 90
f 2600 3140 1828
f 2149 2575 1389
f 1537 2163 1773
f 1620 2580 2583
f 2600 1828 3235
f 2093 2707 1957
f 6931 233 124
f 1738 3554 1679
f 6826 5467 36
f 1694 1679 3554
f 2353 2691 2773
f 12 165 2444
f 1904 2733 2760
f 2760 2733 1534
f 2760 1534 1810
f 1898 1903 2784
f 235 1986 3199
f 1722 2731 2622
f 2521 1478 2233
f 1903 2933 2784
f 2802 2353 2773
f 1911 225 3307
f 2499 3627 29
f 2090 1909 1933
f 231 3163 1858
f 231 331 3415
f 2968 2579 2762
f 2583 1537 1931
f 6549 233 6931
f 2543 2515 1584
f 235 1930 1986
f 3025 2366 2186
f 2186 2366 2707
f 2064 1898 2468
f 2090 2579 2802
f 2970 1933 2956
f 2630 40 1489
f 4394 213 3104
f 1466 2233 2938
f 2384 2546 1586
f 1693 1913 2390
f 3608 281 3117
f 2133 281 3608
f 3444 2036 2706
f 2731 2755 2125
f 2036 165 12
f 1775 1890 2110
f 2110 1890 2729
f 2178 2554 3019
f 2550 3048 2052
f 162 2909 2766
f 2576 2584 2353
f 2565 2186 2083
f 1665 2703 1516
f 1793 2521 1795
f 1685 2546 1806
f 2134 2458 2737
f 2178 2186 2565
f 880 2390 2571
f 2390 2963 2571
f 2740 2737 2468
f 1478 2451 1808
f 1812 2534 1903
f 4433 4534 2188
f 2028 2580 584
f 584 2580 951
f 2584 2963 1913
f 2366 3559 2818
f 2986 2504 2270
f 2731 2974 2755
f 2125 2242 2531
f 1703 2999 1939
f 2178 2565 2733
f 3276 252 2944
f 252 3276 3089
f 2679 1812 1903
f 2083 2186 2707
f 1957 2369 2093
f 1957 2826 2369
f 1775 2110 1768
f 2110 2206 1768
f 2001 2541 2544
f 2052 1904 2451
f 1685 2134 2737
f 2052 2242 1904
f 2252 2747 1898
f 2802 2773 1909
f 2504 2028 2765
f 2986 2163 2583
f 2270 2163 2986
f 594 1635 2268
f 381 334 231
f 381 1512 334
f 27 1636 3442
f 2451 2760 2452
f 1636 3496 3442
f 3163 2507 3165
f 3415 1044 3163
f 2760 1810 2452
f 3163 1044 2507
f 2252 1898 2064
f 2468 2784 2351
f 1824 231 1858
f 1824 381 231
f 2366 3025 3559
f 3032 2188 3025
f 3947 3056 2369
f 3577 3643 3475
f 6 3577 3475
f 2384 2740 302
f 3643 3577 78
f 2579 2968 2576
f 2968 2762 2147
f 2580 2028 2986
f 1044 3415 1173
f 1506 1173 3415
f 166 165 2036
f 2699 2729 1722
f 2508 2163 2883
f 3443 3196 1530
f 1478 2052 2451
f 690 353 2444
f 450 3434 22
f 353 690 47
f 2470 2731 2514
f 2531 2731 2125
f 2576 2353 2802
f 47 2499 353
f 2765 2956 2504
f 2508 2883 1444
f 3690 6601 6732
f 1795 2521 2233
f 78 3577 2570
f 12 2828 1558
f 1909 1703 2632
f 2541 3048 2544
f 2521 2550 1478
f 1478 2550 2052
f 2544 3048 2550
f 78 39 3643
f 2125 2554 1904
f 2149 2147 2575
f 2458 2134 1810
f 2679 2369 1729
f 36 3233 76
f 1773 2163 2508
f 2617 3586 396
f 2565 1534 2733
f 2801 4394 6042
f 2543 1584 1816
f 3243 7100 6195
f 2093 1898 2751
f 2093 2679 1898
f 3243 6195 4553
f 2630 432 168
f 1904 2242 2125
f 2731 1722 2729
f 1808 1810 2938
f 1810 2134 2938
f 2622 2531 2242
f 2744 2129 3956
f 2351 2740 2468
f 1534 2751 2747
f 2760 2451 1904
f 1898 2679 1903
f 2515 2129 2744
f 1810 1534 2458
f 2028 2504 2986
f 2933 2534 2691
f 1534 2747 2252
f 3992 450 74
f 2583 2163 1537
f 3025 3678 5335
f 3025 5335 3559
f 153 667 335
f 3019 4433 2188
f 2090 1933 2970
f 6124 4533 5892
f 3104 173 3278
f 1722 2622 2918
f 3501 59 2131
f 548 2206 2699
f 2944 144 59
f 2351 2933 2584
f 2584 2933 2353
f 6919 124 5467
f 2384 1586 2737
f 1693 2740 1913
f 1913 2963 2390
f 1619 178 2131
f 2762 2970 2147
f 2970 2765 2575
f 2765 2028 2575
f 2515 3056 2129
f 3023 3276 1142
f 2755 2184 1823
f 2366 2818 1957
f 2622 2538 2918
f 5232 5346 5233
f 3278 6549 3104
f 596 252 3089
f 158 1670 594
f 1911 213 208
f 260 640 3023
f 106 3655 3127
f 163 2444 165
f 195 1798 3388
f 3104 6549 4533
f 3128 1670 445
f 1670 121 445
f 1784 121 1670
f 3153 3423 3407
f 690 2444 163
f 450 22 6
f 23 3196 1863
f 2694 3152 3444
f 2129 3947 3956
f 2184 4385 4433
f 2184 4433 3019
f 5304 5324 5159
f 5329 4520 5163
f 3186 3630 109
f 6056 3743 1925
f 6056 1925 3796
f 6732 5586 1481
f 2630 3186 1532
f 3796 1925 3399
f 1589 2944 59
f 6717 6434 5806
f 1714 1696 3307
f 142 1477 1394
f 1599 3522 2944
f 142 3169 166
f 1477 142 543
f 3373 7448 39
f 27 3387 396
f 3387 27 1553
f 1477 143 1394
f 1666 3992 74
f 1530 23 287
f 3140 686 1828
f 1694 3439 129
f 4411 2617 3434
f 22 3338 6
f 3442 1554 1553
f 3577 113 1512
f 3485 3501 3480
f 3506 3264 1142
f 3529 3217 3496
f 1696 5 173
f 4534 3678 2188
f 1679 1694 129
f 208 3117 2972
f 1911 208 2972
f 3655 281 3127
f 3439 158 129
f 3627 3628 2766
f 3117 3655 3653
f 594 2268 3654
f 3653 3655 106
f 4433 5208 5324
f 5352 5233 5346
f 5346 4520 5329
f 5598 6327 3796
f 5286 5352 5285
f 6601 5586 6732
f 5683 5597 6280
f 3992 1666 4168
f 3814 6115 7099
f 6115 6048 4855
f 6919 6826 6343
f 5487 1481 3814
f 6543 4491 4477
f 3814 1481 6048
f 3749 6499 5487
f 3749 5597 6499
f 5597 3806 6499
f 4014 7174 6596
f 6732 3806 6596
f 3559 4051 2818
f 4051 5232 2818
f 5352 5346 5285
f 5304 5266 3678
f 631 4108 6108
f 5304 5159 5266
f 4855 6717 6264
f 6596 3690 6732
f 6327 3743 6056
f 5806 5164 6415
f 6173 3434 4168
f 3434 6173 4411
f 6280 5597 3749
f 5259 6191 6558
f 6191 5892 6558
f 5806 6434 5164
f 3947 5233 5352
f 5324 4534 4433
f 6075 1557 7099
f 6124 5892 6191
f 5266 5319 5335
f 5335 5319 4051
f 5346 5329 5330
f 5346 5330 5285
f 5259 4553 6195
f 3678 5266 5335
f 6732 6499 3806
f 3434 450 3992
f 4855 3778 7313
f 661 6108 4108
f 4491 6826 3529
f 3743 2815 1925
f 6173 661 4411
f 5266 5159 5319
f 4533 6549 6452
f 2826 5232 5233
f 6108 661 3750
f 4051 5319 4520
f 5541 3690 7174
f 3690 6596 7174
f 7099 3749 5487
f 5324 5304 4534
f 4534 5304 3678
f 6434 3529 5164
f 5335 4051 3559
f 5285 4475 5286
f 4051 4520 5232
f 5346 5232 4520
f 5586 6601 6919
f 6499 6732 1481
f 2815 3608 1925
f 6840 2133 2815
f 2801 3399 4394
f 2801 5578 3399
f 6191 6195 6124
f 3778 631 6108
f 5586 6343 1481
f 5487 3814 7099
f 4855 6264 3778
f 2133 6840 345
f 5598 3796 5578
f 4014 6596 3806
f 3814 6048 6115
f 7100 6124 6195
f 5771 2617 661
f 3586 5771 6415
f 7090 6543 6717
f 6452 5892 4533
f 6048 7090 6717
f 6601 5892 6452
f 4108 5771 661
f 3399 5578 3796
f 6639 6558 3690
f 6264 6717 5806
f 7090 6343 4491
f 6558 6601 3690
f 5892 6601 6558
f 4533 6124 4394
f 7313 6746 6088
f 3796 6327 6056
f 4533 4394 3104
f 6746 6075 6088
f 6124 7100 6042
f 3778 6264 631
f 5586 6919 6343
f 6280 3749 1557
f 4168 3434 3992
f 1666 74 6345
f 7090 6048 1481
f 5771 3586 2617
f 4477 3529 6434
f 7099 6115 6088
f 3529 4477 4491
f 6499 1481 5487
f 6826 4491 6343
f 4108 631 6415
f 7090 4491 6543
f 6048 6717 4855
f 4108 6415 5771
f 6919 6601 6452
f 6452 6931 6919
f 6173 6252 661
f 6452 6549 6931
f 4014 3806 5597
f 4477 6434 6717
f 6717 6543 4477
f 3399 213 4394
f 1481 6343 7090
f 3743 6840 2815
f 6919 5467 6826
f 4394 6124 6042
f 631 5806 6415
f 6195 6191 5259
f 213 3399 1925
f 1925 3608 208
f 2133 3608 2815
f 6345 74 7448
f 1678 394 63
f 689 651 322
f 322 122 689
f 4597 418 49
f 1728 2325 1752
f 689 122 1209
f 28 303 41
f 28 198 14
f 1919 3571 3367
f 795 1991 1919
f 3094 1919 3367
f 63 79 28
f 3621 3297 116
f 182 2040 3312
f 204 28 79
f 193 57 1463
f 28 204 303
f 282 1383 5856
f 689 3151 677
f 37 278 3114
f 3151 689 1209
f 31 140 30
f 280 3111 3114
f 3300 169 1465
f 6157 3585 2010
f 5970 18 6157
f 2014 3178 5548
f 159 1212 1174
f 8 3133 3141
f 3141 177 21
f 140 1112 3223
f 140 24 1112
f 26 191 3226
f 146 26 3150
f 3201 3200 1212
f 258 3277 1320
f 1212 3200 1174
f 3159 3194 3191
f 30 164 1133
f 30 1133 709
f 270 995 2370
f 3132 56 873
f 65 218 167
f 3194 56 3191
f 171 873 56
f 3132 873 34
f 1174 3219 159
f 807 3194 2480
f 97 3300 3060
f 3352 3300 97
f 3219 3226 191
f 26 146 191
f 38 722 37
f 3277 2345 1320
f 873 3574 34
f 34 777 3157
f 3574 777 34
f 46 1026 928
f 3157 777 3134
f 777 238 3134
f 112 909 1071
f 3246 948 2370
f 147 79 63
f 187 948 118
f 3621 1112 24
f 444 850 261
f 850 444 2644
f 14 198 6624
f 108 2238 3297
f 384 56 3132
f 182 108 286
f 3269 57 2238
f 204 65 122
f 374 749 2588
f 1843 3298 53
f 3604 193 150
f 3178 273 345
f 303 122 322
f 2010 130 16
f 2204 1472 700
f 3621 24 286
f 388 1614 3198
f 303 204 122
f 204 79 323
f 278 384 1517
f 384 188 1517
f 188 749 1517
f 147 323 79
f 3113 3348 2389
f 3296 697 1171
f 3296 258 697
f 1752 234 164
f 3111 800 3114
f 65 1209 122
f 147 453 323
f 2009 17 3417
f 795 246 1991
f 253 3831 198
f 850 1013 261
f 1633 928 850
f 1633 46 928
f 46 7 1027
f 1910 1612 3473
f 198 41 253
f 246 1612 1910
f 218 204 323
f 3114 38 37
f 2009 795 3060
f 447 6386 52
f 198 28 41
f 1071 185 62
f 7 46 1614
f 246 138 1612
f 3277 1752 2345
f 1463 57 3269
f 218 1108 167
f 216 948 3246
f 246 2 138
f 3571 1991 1941
f 48 97 3097
f 242 1941 1991
f 1941 242 235
f 204 218 65
f 3133 8 1191
f 289 2014 5548
f 18 3585 6157
f 21 17 1465
f 323 2050 1973
f 63 14 1678
f 167 1209 65
f 1319 31 3231
f 130 131 3574
f 2013 1973 2050
f 14 63 28
f 250 253 651
f 1648 181 2573
f 3223 159 3244
f 834 181 1648
f 3223 1112 159
f 159 1112 1212
f 1678 14 6624
f 3347 3141 21
f 1465 3347 21
f 3347 8 3141
f 146 3150 3159
f 3324 1209 167
f 1112 116 3201
f 3298 3231 31
f 565 150 3595
f 253 322 651
f 21 177 3417
f 3129 766 1191
f 26 3226 180
f 3157 749 34
f 31 709 3298
f 159 3242 3244
f 2480 3159 3150
f 709 31 30
f 8 207 3262
f 700 3231 3270
f 97 48 88
f 322 253 41
f 3141 2389 177
f 766 3113 3133
f 3 447 3352
f 3352 447 1500
f 1330 1327 2370
f 2370 995 1330
f 3417 246 2009
f 322 41 303
f 323 453 2050
f 401 284 418
f 1325 3246 332
f 3132 34 188
f 1973 218 323
f 651 689 2461
f 2238 57 3261
f 191 2644 444
f 191 3198 2644
f 3604 120 57
f 216 3246 1728
f 3574 873 171
f 3574 2398 777
f 777 2398 238
f 397 346 349
f 2010 131 130
f 384 388 56
f 1083 131 18
f 384 3132 188
f 1083 18 3582
f 3242 1728 1752
f 263 3262 207
f 346 397 7461
f 397 394 7461
f 646 1728 3242
f 2040 700 284
f 3153 2144 2014
f 2838 286 24
f 216 1728 646
f 299 3094 2047
f 3097 3094 299
f 138 3294 834
f 289 2047 3094
f 1728 3246 2325
f 349 382 5965
f 120 3200 3201
f 120 180 3200
f 63 394 397
f 63 397 147
f 397 453 147
f 280 1517 749
f 3113 1843 3348
f 1991 1910 242
f 234 3296 244
f 244 3296 1825
f 246 1910 1991
f 131 3585 18
f 6465 3 88
f 52 93 49
f 4597 49 93
f 2010 3585 131
f 1910 3473 1930
f 263 49 1472
f 2345 176 1320
f 118 261 187
f 3417 2 246
f 278 1517 3114
f 3097 299 48
f 374 3111 280
f 850 928 1013
f 3178 2014 275
f 6204 282 5856
f 282 6204 13
f 286 2838 182
f 1027 1026 46
f 807 13 3206
f 5371 2047 289
f 187 270 948
f 999 2340 974
f 902 871 999
f 1071 909 1134
f 871 2340 999
f 871 552 2340
f 397 349 453
f 636 982 664
f 2361 914 1129
f 315 1129 687
f 2325 176 2345
f 1060 643 1799
f 430 595 464
f 1344 1001 443
f 349 5965 453
f 710 1432 1119
f 706 710 593
f 1333 642 1030
f 903 1333 1030
f 1268 903 909
f 613 710 1119
f 830 722 754
f 2370 1327 3246
f 3246 1327 332
f 327 940 613
f 57 193 3604
f 1196 3008 1341
f 3262 263 2204
f 974 2340 1172
f 1449 1825 1171
f 3538 6617 5590
f 1030 1031 1134
f 3538 5954 6617
f 253 250 7292
f 552 1037 1981
f 7292 3831 253
f 695 864 1208
f 3312 6310 182
f 525 1406 528
f 619 878 1370
f 258 3296 3277
f 1370 578 1420
f 734 2396 593
f 6825 250 651
f 781 2062 541
f 112 2477 1062
f 2477 1449 1062
f 1330 443 1001
f 1330 1406 443
f 1406 995 1340
f 1340 528 1406
f 928 1026 578
f 181 834 409
f 409 834 1116
f 655 610 1268
f 856 422 307
f 2461 689 677
f 419 1316 1344
f 388 3198 3191
f 525 635 443
f 1344 1316 1306
f 177 2408 62
f 6660 717 5372
f 603 610 902
f 5905 5713 7474
f 875 1345 1037
f 595 611 846
f 1134 541 1071
f 874 852 1352
f 1352 1345 874
f 889 1431 859
f 1369 1431 778
f 1361 1416 688
f 595 1290 874
f 1306 1416 1361
f 1377 642 623
f 1345 907 1037
f 859 901 886
f 1306 1361 1392
f 1352 914 907
f 1406 525 443
f 32 614 332
f 1338 633 1432
f 1268 1333 903
f 901 633 1355
f 778 1431 889
f 5905 6701 5713
f 1013 578 878
f 717 6092 2038
f 675 1430 1431
f 1369 675 1431
f 6701 5905 4513
f 871 1037 552
f 687 910 688
f 5905 5637 4513
f 5637 5810 4513
f 501 643 1407
f 4677 4513 5810
f 687 580 316
f 466 655 1062
f 1799 643 501
f 1037 702 1981
f 710 734 593
f 738 5843 5019
f 5611 5810 3118
f 5611 3118 5157
f 1060 1799 580
f 909 112 1062
f 1171 466 1449
f 1883 6544 6570
f 1027 37 1251
f 37 722 1251
f 6751 6313 7146
f 327 1337 940
f 38 754 722
f 754 38 800
f 1026 886 1420
f 3595 2480 3150
f 6419 6365 5015
f 6638 6265 5744
f 5843 950 5019
f 932 4406 5590
f 53 3298 709
f 2340 2860 1172
f 3298 1843 766
f 817 5019 950
f 3118 932 5157
f 1843 3113 766
f 466 1171 1302
f 702 2529 1981
f 695 1208 430
f 614 869 760
f 614 760 1325
f 464 595 846
f 164 3244 3242
f 610 1333 1268
f 1208 1290 595
f 869 1306 843
f 734 2776 2396
f 603 601 1333
f 2038 1050 2088
f 846 655 464
f 1302 1171 697
f 6092 1050 2038
f 1316 419 1405
f 1333 601 642
f 889 859 886
f 610 603 1333
f 444 3219 191
f 1345 611 874
f 3219 444 622
f 940 1719 613
f 615 1352 852
f 655 846 872
f 595 874 611
f 1050 6071 2088
f 1361 688 910
f 1402 1405 1381
f 422 999 974
f 1290 852 874
f 422 902 999
f 53 709 244
f 904 642 1377
f 1385 706 1407
f 706 1385 710
f 830 754 465
f 1108 218 1973
f 901 639 633
f 639 636 641
f 1418 1060 688
f 1338 1432 1318
f 1355 633 1338
f 904 1031 1030
f 1319 2838 24
f 636 327 1119
f 1804 5518 1078
f 622 646 3242
f 5259 6558 6472
f 914 2361 907
f 687 1129 910
f 700 2838 1319
f 1418 643 1060
f 697 258 430
f 258 1320 695
f 1323 1320 176
f 706 501 1407
f 2204 700 3270
f 187 1359 1340
f 2204 3270 3262
f 316 315 687
f 1359 261 1013
f 1134 903 1030
f 1196 982 675
f 1134 909 903
f 6558 6639 6472
f 169 1500 207
f 3392 2014 3367
f 3129 3298 766
f 982 1341 664
f 982 1196 1341
f 2361 2529 702
f 635 525 528
f 315 316 2501
f 3300 3352 169
f 3113 3141 3133
f 541 1031 781
f 1209 3324 3151
f 5877 5833 1243
f 3060 795 3097
f 501 593 386
f 3141 3113 2389
f 5137 5877 1243
f 613 1719 734
f 3114 800 38
f 466 1302 464
f 5833 4808 1243
f 1320 1323 864
f 32 869 614
f 619 528 1359
f 619 1359 878
f 830 889 1251
f 889 830 778
f 146 3159 3191
f 138 834 1612
f 852 1290 843
f 2644 1633 850
f 869 1344 1306
f 619 1318 635
f 1172 2860 1965
f 1370 1318 619
f 1405 419 635
f 697 430 1302
f 258 695 430
f 601 603 856
f 1208 864 1290
f 864 760 1290
f 176 1325 1323
f 6466 6785 4358
f 902 610 872
f 1370 1355 1338
f 1344 443 419
f 611 875 872
f 995 1406 1330
f 611 1345 875
f 872 846 611
f 3219 1174 3226
f 1013 928 578
f 843 615 852
f 1251 886 1026
f 1355 1420 886
f 167 5751 3324
f 1381 1385 1407
f 1381 635 1318
f 465 778 830
f 1405 1402 1416
f 1416 1418 688
f 1381 1407 1402
f 1318 1385 1381
f 974 307 422
f 1251 889 886
f 1432 1385 1318
f 1407 643 1402
f 565 26 180
f 710 1385 1432
f 875 871 902
f 6171 5372 6696
f 641 1119 1432
f 641 636 1119
f 982 636 1430
f 633 641 1432
f 639 1430 636
f 1430 675 982
f 859 1431 1430
f 904 1030 642
f 386 593 2396
f 1174 180 3226
f 1392 910 1129
f 909 1062 1268
f 1062 655 1268
f 5744 6923 6178
f 466 464 655
f 734 1719 2776
f 1402 643 1418
f 62 112 1071
f 1341 3008 1337
f 636 664 327
f 7 37 1027
f 332 614 1325
f 1302 430 464
f 270 1340 995
f 187 1340 270
f 1344 32 1001
f 1013 878 1359
f 1251 1026 1027
f 907 702 1037
f 907 2361 702
f 687 1060 580
f 688 1060 687
f 1062 1449 466
f 30 3244 164
f 234 3277 3296
f 5751 167 1108
f 593 501 706
f 261 1359 187
f 6280 6167 6511
f 528 619 635
f 1119 327 613
f 1129 315 2361
f 1319 3231 700
f 3270 3231 3129
f 1191 3270 3129
f 710 613 734
f 6172 2010 16
f 198 3831 6049
f 6300 4236 1606
f 1337 327 664
f 664 1341 1337
f 430 1208 595
f 6624 198 6049
f 1112 3201 1212
f 760 864 1323
f 1325 760 1323
f 275 273 3178
f 3231 3298 3129
f 2088 5978 6696
f 1370 878 578
f 580 2347 316
f 6397 6923 5744
f 1420 578 1026
f 32 332 1327
f 150 282 3595
f 386 1799 501
f 8 3262 1191
f 1134 1031 541
f 3223 3244 140
f 17 21 3417
f 24 31 1319
f 6397 6466 6391
f 1306 615 843
f 6148 7545 7147
f 3206 13 6204
f 443 635 419
f 695 1320 864
f 856 603 422
f 1327 1001 32
f 1327 1330 1001
f 760 869 843
f 1290 760 843
f 1318 1370 1338
f 655 872 610
f 528 1340 1359
f 1825 1449 2477
f 902 422 603
f 1316 1416 1306
f 5774 7186 1606
f 902 872 875
f 615 1306 1392
f 1420 1355 1370
f 871 875 1037
f 914 615 1392
f 1316 1405 1416
f 886 901 1355
f 1251 722 830
f 635 1381 1405
f 1345 1352 907
f 6670 3073 5697
f 1352 615 914
f 1361 910 1392
f 17 3060 3300
f 914 1392 1129
f 869 32 1344
f 1640 6391 6466
f 1416 1402 1418
f 633 639 641
f 3297 3261 116
f 859 639 901
f 859 1430 639
f 3347 1465 169
f 3455 6905 6062
f 3621 286 108
f 3312 2040 401
f 401 2040 284
f 284 1472 418
f 1744 3024 2467
f 2759 2417 2232
f 177 2 3417
f 2238 108 3269
f 1719 940 1529
f 263 207 52
f 2860 1969 2439
f 940 1337 1949
f 6310 3269 108
f 795 1919 3094
f 6062 7739 3455
f 62 138 2
f 4662 3312 401
f 315 2501 2498
f 1888 2096 2946
f 2533 2836 2526
f 3571 3392 3367
f 418 4662 401
f 2567 2562 2128
f 1500 447 52
f 6660 3754 717
f 2665 2086 2770
f 386 2759 3014
f 1517 280 3114
f 2396 2278 2417
f 1500 52 207
f 6386 93 52
f 1543 3392 3571
f 2825 2316 2665
f 2316 2836 2665
f 447 4230 6386
f 3 4230 447
f 3 6465 4230
f 3 3352 97
f 3473 834 1648
f 1887 2621 2619
f 1981 2659 552
f 4780 6465 88
f 4780 88 48
f 386 1514 1799
f 2396 2776 2278
f 1614 46 1633
f 1970 4572 6149
f 2825 2498 2316
f 3473 1648 1642
f 4206 4695 7510
f 717 2038 5372
f 118 444 261
f 2278 2358 2417
f 2726 2965 3024
f 216 118 948
f 2457 4286 1859
f 2347 580 1799
f 2562 2467 2018
f 1744 2726 3024
f 5137 2457 4075
f 4572 1970 4522
f 1337 3008 1949
f 2567 2467 2562
f 5980 4165 7689
f 2659 2465 2860
f 5980 7641 4165
f 2002 3607 7315
f 5653 7540 6278
f 234 1752 3277
f 2951 2526 2128
f 2086 2510 2770
f 2118 7294 7186
f 7494 7113 7524
f 238 1083 135
f 238 2398 1083
f 1843 53 1825
f 1887 2776 2041
f 6342 7769 6062
f 834 3294 1116
f 2950 2526 2836
f 171 130 3574
f 807 16 171
f 807 171 3194
f 409 1116 102
f 2118 2834 7294
f 3245 299 3353
f 2273 3754 6474
f 2408 112 62
f 5870 2273 6474
f 299 2047 3353
f 246 795 2009
f 2389 112 2408
f 2389 3348 112
f 6155 3782 6099
f 2465 2659 2529
f 1991 3571 1919
f 1910 1930 242
f 1930 235 242
f 6062 7769 7739
f 2118 4330 2834
f 4330 5723 2834
f 1543 3571 1941
f 138 185 3294
f 62 185 138
f 120 3201 3261
f 1514 2878 2380
f 3261 3201 116
f 2860 2185 1965
f 749 374 280
f 1969 2465 2146
f 5626 7208 6336
f 3473 1642 1930
f 1642 1986 1930
f 2776 1887 2278
f 182 2838 2040
f 2044 1674 2937
f 1674 2438 2937
f 278 388 384
f 2347 2380 2096
f 6199 5742 5357
f 1071 541 185
f 1799 1514 2380
f 3014 2759 2232
f 185 541 2062
f 185 2062 3294
f 5926 7554 7606
f 5926 7422 7554
f 6092 717 3789
f 2465 1969 2860
f 5743 5727 7121
f 6092 3789 2684
f 150 1383 282
f 150 193 1383
f 1633 2644 1614
f 4075 2457 1859
f 2951 2128 2562
f 5604 5548 3178
f 7604 7689 5607
f 2533 2665 2836
f 2878 2467 2567
f 3178 6840 5604
f 6629 5980 7604
f 6840 3178 345
f 2684 7715 7769
f 275 2014 2144
f 1614 388 7
f 278 7 388
f 2770 2825 2665
f 108 182 6310
f 118 622 444
f 263 1472 2204
f 118 216 622
f 5578 2801 5747
f 2232 2593 2726
f 164 3242 1752
f 2770 2529 2825
f 1719 1529 2041
f 1529 1949 2044
f 7715 6626 1238
f 2946 2836 2316
f 948 270 2370
f 1825 53 244
f 176 2325 1325
f 2380 2878 2567
f 1133 234 244
f 418 1472 49
f 1514 3014 2878
f 2358 2748 2593
f 2529 2498 2825
f 2044 2937 2621
f 2438 1896 2937
f 2096 2380 2950
f 2408 177 2389
f 2417 2593 2232
f 1529 940 1949
f 6696 5757 3897
f 2041 2621 1887
f 1973 2013 7329
f 5502 7329 2013
f 3348 1825 2477
f 2477 112 3348
f 5811 5757 5978
f 2659 1981 2529
f 6187 6178 6527
f 2347 1799 2380
f 2665 2533 2086
f 3595 3150 565
f 5604 6044 3220
f 180 3604 565
f 181 409 2573
f 7245 3116 2846
f 2878 1744 2467
f 6626 6942 1238
f 180 120 3604
f 3014 1744 2878
f 2232 1744 3014
f 1744 2232 2726
f 1663 7606 5979
f 2041 1529 2044
f 2510 2146 2770
f 6365 7138 4499
f 3198 1614 2644
f 2340 2659 2860
f 56 388 3191
f 2950 2128 2526
f 2501 1888 2946
f 1888 2347 2096
f 386 3014 1514
f 3324 6756 3151
f 2396 2759 386
f 2396 2417 2759
f 950 7567 5584
f 2465 2770 2146
f 2770 2465 2529
f 2041 2776 1719
f 216 646 622
f 3621 116 1112
f 3324 7071 6756
f 1949 1674 2044
f 6419 7138 6365
f 2950 2836 2946
f 2380 2128 2950
f 2040 2838 700
f 2380 2567 2128
f 2340 552 2659
f 316 1888 2501
f 2347 1888 316
f 1472 284 700
f 2529 2361 2498
f 2498 2361 315
f 3607 7428 5317
f 2278 1887 2358
f 2501 2316 2498
f 2501 2946 2316
f 2096 2950 2946
f 5964 5611 7404
f 3352 1500 169
f 3324 5751 7071
f 2467 1990 2018
f 1949 3008 1674
f 5611 5157 7404
f 4838 3455 4206
f 2417 2358 2593
f 6208 7498 1109
f 3097 97 3060
f 2041 2044 2621
f 1133 164 234
f 709 1133 244
f 3094 3097 795
f 3094 3367 289
f 289 3367 2014
f 3392 3153 2014
f 3538 6168 6086
f 6086 5954 3538
f 6714 6069 6585
f 56 3194 171
f 5607 7120 7510
f 1191 766 3133
f 188 34 749
f 7329 5751 1108
f 565 3150 26
f 2 177 62
f 1174 3200 180
f 37 7 278
f 3159 2480 3194
f 6099 7689 4165
f 6172 16 807
f 3831 6672 6049
f 3751 5954 6086
f 146 3191 3198
f 3198 191 146
f 2480 13 807
f 3595 282 13
f 193 3229 1383
f 1463 3229 193
f 622 159 3219
f 30 140 3244
f 3242 159 622
f 207 3347 169
f 3246 1325 2325
f 57 120 3261
f 2238 3261 3297
f 207 8 3347
f 2325 2345 1752
f 108 3297 3621
f 31 24 140
f 2684 3789 6835
f 1825 3296 1171
f 5810 5637 6304
f 3262 3270 1191
f 263 52 49
f 4662 418 4597
f 6304 3118 5810
f 1843 1825 3348
f 2684 6835 7158
f 1465 17 3300
f 3060 17 2009
f 88 3 97
f 5575 5636 4014
f 2050 6529 2013
f 834 3473 1612
f 3732 6311 6585
f 4485 5516 7158
f 7442 6529 2050
f 2050 453 7442
f 6626 5516 3855
f 2398 131 1083
f 3574 131 2398
f 130 171 16
f 5518 5535 6570
f 3595 13 2480
f 3604 150 565
f 48 299 3245
f 6208 7292 250
f 6942 6626 7474
f 6875 2273 4236
f 5490 5499 5960
f 5499 1883 5960
f 5576 5877 4075
f 5598 6044 6327
f 6785 5372 6171
f 6660 6785 6073
f 6835 7067 4485
f 6783 5569 6311
f 6311 3732 6783
f 5490 5391 6638
f 3792 6783 3732
f 5518 1804 5535
f 6835 6875 6300
f 6300 6875 4236
f 5490 6638 5499
f 6926 5051 4236
f 5607 2782 7120
f 6962 6187 6419
f 6544 6419 5612
f 6419 6187 7138
f 4513 6866 6701
f 5713 6942 7474
f 6633 3151 6756
f 5015 6475 6612
f 6070 7138 5747
f 5360 6914 7557
f 6001 6042 7100
f 5697 6866 6839
f 6070 6042 6001
f 6839 6866 4677
f 5636 5519 5518
f 6178 6962 5744
f 5636 5575 5519
f 4662 4767 3312
f 7054 6483 5673
f 6086 5502 3751
f 2461 6825 651
f 6466 6397 6265
f 5653 4780 6391
f 3754 2273 6875
f 4358 5802 7540
f 6926 7315 3607
f 6208 7567 7498
f 5797 7113 6599
f 5802 5757 5228
f 5357 4597 6199
f 3897 5802 4358
f 7494 6599 7113
f 7540 5802 6278
f 6617 7494 5590
f 7540 5653 1640
f 5821 6483 7054
f 5727 6483 5821
f 6208 5584 7567
f 1640 5653 6391
f 5770 5727 5821
f 5727 5770 7121
f 3855 6090 4834
f 2846 5576 1859
f 2461 677 7059
f 950 5584 817
f 7150 5742 6336
f 1859 5576 4075
f 6072 7474 6626
f 5626 6199 93
f 817 5584 5785
f 6072 6626 3855
f 5015 5612 6419
f 3855 4834 6072
f 3792 7554 6783
f 677 5705 7282
f 5705 677 3151
f 6923 6246 3245
f 4522 817 5785
f 5019 817 4522
f 4522 5958 5019
f 6313 5970 6157
f 6817 4165 7641
f 7446 7328 5743
f 4677 5611 5964
f 5228 6278 5802
f 7328 7446 7110
f 7510 7149 4206
f 7748 4406 7230
f 4838 4206 7149
f 6304 7230 3118
f 7102 7230 6304
f 4780 48 6246
f 5597 5683 4014
f 6905 3455 5989
f 6905 5989 7110
f 7545 6905 7110
f 7147 7545 7110
f 7113 5797 2210
f 3073 1470 6701
f 6172 6157 2010
f 5915 7422 5926
f 6172 7146 6157
f 5723 4330 4317
f 4286 2457 1687
f 5495 6172 807
f 7150 5811 5978
f 1687 6167 4286
f 3206 5495 807
f 7054 1463 6093
f 5652 7494 7404
f 5357 5742 5743
f 7158 7715 2684
f 4767 5821 6310
f 5785 4317 4330
f 5803 5785 4330
f 6002 6069 4333
f 5708 5770 4767
f 5708 4767 4662
f 4330 5774 5803
f 5759 738 5576
f 6544 5612 6570
f 5741 2834 5723
f 2782 3206 7120
f 4406 3538 5590
f 5774 4330 2118
f 6748 6096 3782
f 6073 6265 5391
f 5612 6612 5636
f 5979 7606 4400
f 6154 6386 4230
f 7230 4406 932
f 7186 5774 2118
f 3789 717 3754
f 6804 7071 5751
f 5727 7328 6483
f 5980 5979 4400
f 6093 1463 3269
f 6839 3419 1663
f 4522 5785 4572
f 5803 4572 5785
f 3243 6097 4499
f 5751 6168 6804
f 3245 6246 48
f 1804 7557 6914
f 3073 6670 6629
f 3073 6629 1470
f 3243 4553 6097
f 7557 1804 1687
f 5964 7404 1527
f 1970 5841 4522
f 3419 5964 1527
f 6149 5833 1970
f 6167 6280 1557
f 6914 1883 6570
f 6527 7076 6187
f 7329 6086 5751
f 5490 2002 6425
f 5357 5708 4597
f 6148 5978 6354
f 5087 5774 1606
f 5742 5626 6336
f 6425 2002 7315
f 5803 5774 5087
f 6199 5626 5742
f 2801 6070 5747
f 5372 2038 6696
f 7769 7715 1238
f 7076 5747 7138
f 5833 6149 4808
f 5391 6265 6638
f 6168 5751 6086
f 5954 5753 6617
f 5683 5519 5575
f 5979 5980 6670
f 3245 3353 6527
f 7121 5770 5708
f 5915 7524 2645
f 5915 7404 7524
f 6044 6527 3353
f 5989 4838 5673
f 1050 7769 6071
f 5759 5843 738
f 6246 6397 6391
f 6785 6171 4358
f 6246 6923 6397
f 2684 1050 6092
f 6310 5821 6093
f 1973 7329 1108
f 6044 3353 3220
f 6073 6785 6466
f 5821 7054 6093
f 738 5019 5958
f 1238 7739 7769
f 932 7494 5652
f 6425 7315 5870
f 6962 6178 6187
f 932 5590 7494
f 5087 5051 6959
f 7604 5607 7601
f 6096 6099 3782
f 5576 5958 5841
f 6511 1078 5519
f 3897 5757 5802
f 6474 5391 6425
f 5519 5683 6511
f 5541 6472 6639
f 7054 5733 1463
f 5137 5360 7557
f 6090 4485 7067
f 6265 6397 5744
f 5216 6475 6598
f 5015 6097 6598
f 6300 7067 6835
f 5535 6914 6570
f 5535 1804 6914
f 6342 6148 6354
f 6330 6959 5317
f 5317 5606 6330
f 3353 2047 5371
f 6097 5015 6365
f 5372 6785 6660
f 6155 6002 3782
f 5360 6330 7137
f 5519 1078 5518
f 7137 6330 5606
f 1678 7491 394
f 7491 7461 394
f 3220 5371 5548
f 3229 6823 3955
f 3955 1383 3229
f 3220 5548 5604
f 6751 6714 6328
f 6069 6714 6751
f 6474 6660 6073
f 5856 1383 3955
f 7567 6026 7498
f 6866 4513 4677
f 6096 3206 2782
f 6342 6354 6071
f 5856 6869 6204
f 6071 7769 6342
f 5015 6612 5612
f 5548 5371 289
f 4014 5683 5575
f 6875 6835 3789
f 3789 3754 6875
f 3792 3732 6817
f 4317 7059 7282
f 3116 5759 2846
f 7076 6044 5598
f 5584 6208 6825
f 5598 5578 7076
f 6617 6599 7494
f 5626 6154 7208
f 5051 6926 3607
f 5317 5051 3607
f 7059 5785 5584
f 7059 4317 5785
f 2846 5759 5576
f 7428 5606 5317
f 6172 5495 6748
f 6172 6748 7146
f 7137 7428 5960
f 3955 7149 6869
f 4838 6823 5673
f 6278 4140 5653
f 7748 7230 7102
f 6069 4087 6585
f 5137 1243 5360
f 7125 6304 5637
f 7138 6001 4499
f 4087 6155 6817
f 7146 6313 6157
f 6330 5360 1243
f 7138 6070 6001
f 6001 3243 4499
f 3243 6001 7100
f 6823 7149 3955
f 5673 6823 5733
f 1243 4808 6330
f 5900 5741 5705
f 6839 5964 3419
f 5964 6839 4677
f 6330 4808 6959
f 5637 5900 7125
f 6313 6328 5970
f 5811 7150 6336
f 7282 5723 4317
f 5705 5741 7282
f 7282 5741 5723
f 7328 5673 6483
f 1470 7601 5713
f 6265 6073 6466
f 7328 5727 5743
f 5137 4075 5877
f 6365 4499 6097
f 7174 5636 6612
f 6942 5713 7601
f 5541 7174 6612
f 4553 6598 6097
f 6626 7715 5516
f 6751 6328 6313
f 5958 4522 5841
f 7606 7554 3792
f 4400 7606 3792
f 4400 3792 7641
f 5652 7404 5157
f 7601 1470 7604
f 2273 5870 6926
f 6099 5607 7689
f 6748 5495 6096
f 5870 7315 6926
f 1970 5833 5841
f 932 3118 7230
f 7557 1687 5137
f 6959 4808 6149
f 5841 5877 5576
f 6544 6638 6962
f 6075 7755 7714
f 6527 6178 3245
f 5087 1606 4236
f 5841 5833 5877
f 5905 7474 5900
f 5900 5637 5905
f 6208 1109 7292
f 2457 5137 1687
f 1527 5915 5926
f 7428 3607 2002
f 2002 5960 7428
f 6544 5499 6638
f 5926 7606 1663
f 4553 5259 5216
f 1883 6914 7137
f 4553 5216 6598
f 5576 738 5958
f 7121 5708 5357
f 6929 7245 2846
f 5705 3151 6633
f 4695 5607 7510
f 4400 7641 5980
f 5757 6696 5978
f 5604 6327 6044
f 4140 7208 6154
f 6171 6696 3897
f 6929 2846 1859
f 4695 1238 6942
f 7150 5978 6148
f 1238 4695 4206
f 6923 3245 6178
f 5653 4140 6465
f 7739 1238 4206
f 5653 6465 4780
f 7494 7524 7404
f 6633 6756 7125
f 6167 1687 1078
f 3743 6327 5604
f 6072 5741 5900
f 6072 5900 7474
f 3229 5733 6823
f 5733 3229 1463
f 1804 1078 1687
f 6746 7755 6075
f 6062 6905 7545
f 5087 4572 5803
f 4333 3782 6002
f 6419 6544 6962
f 6354 5978 2088
f 2684 7769 1050
f 6696 2038 2088
f 7294 4834 6090
f 1663 6670 5697
f 6086 7329 5502
f 6748 3782 4333
f 1557 6075 7714
f 5697 6839 1663
f 6474 6425 5870
f 4767 5770 5821
f 6804 3538 4406
f 6817 3732 4087
f 6070 2801 6042
f 5979 6670 1663
f 4597 5708 4662
f 6386 5626 93
f 6149 4572 5087
f 5087 6959 6149
f 4406 7748 6804
f 5626 6386 6154
f 4236 5051 5087
f 7150 6148 7147
f 3538 6804 6168
f 4140 6154 4230
f 6511 5683 6280
f 7138 6187 7076
f 7054 5673 5733
f 6511 6167 1078
f 7059 6825 2461
f 7755 6929 1859
f 7059 5584 6825
f 5357 5743 7121
f 250 6825 6208
f 5960 2002 5490
f 93 6199 4597
f 7208 5228 6336
f 6660 6474 3754
f 7071 7748 7102
f 6278 5228 7208
f 6629 6670 5980
f 5673 7110 5989
f 6629 7604 1470
f 6310 6093 3269
f 7125 7102 6304
f 7125 6756 7102
f 4767 6310 3312
f 677 7282 7059
f 2088 6071 6354
f 7067 6300 1606
f 6474 6073 5391
f 7446 5743 5742
f 1606 7186 7067
f 5157 932 5652
f 6026 7567 950
f 5811 5228 5757
f 6096 5495 3206
f 6026 950 6506
f 7186 6090 7067
f 6506 950 5843
f 5541 6612 6472
f 6612 6475 6472
f 6465 4140 4230
f 6506 5843 3116
f 5490 6425 5391
f 3116 5843 5759
f 6475 5015 6598
f 7186 7294 6090
f 1640 4358 7540
f 6466 4358 1640
f 453 5965 7442
f 6472 6475 5216
f 5259 6472 5216
f 6544 1883 5499
f 7739 4206 3455
f 5741 6072 4834
f 6167 1557 7714
f 6328 6714 7517
f 4087 3732 6585
f 6617 5753 6599
f 6342 7545 6148
f 3855 4485 6090
f 7714 4286 6167
f 6342 6062 7545
f 3353 5371 3220
f 4485 3855 5516
f 7113 2210 7524
f 6069 6751 4333
f 7146 4333 6751
f 1859 7714 7755
f 6748 4333 7146
f 2782 6099 6096
f 4485 7158 6835
f 7641 3792 6817
f 7071 6804 7748
f 6570 5612 5518
f 6204 7120 3206
f 4165 6817 6155
f 5518 5612 5636
f 4677 5810 5611
f 3743 5604 6840
f 7120 6204 6869
f 4165 6155 6099
f 2273 6926 4236
f 6866 5697 3073
f 3955 6869 5856
f 6866 3073 6701
f 5607 6099 2782
f 7510 7120 7149
f 6701 1470 5713
f 4286 7714 1859
f 4014 5636 7174
f 5317 6959 5051
f 7294 2834 4834
f 3455 4838 5989
f 5747 7076 5578
f 7137 5606 7428
f 7137 6914 5360
f 6527 6044 7076
f 2834 5741 4834
f 7158 5516 7715
f 7071 7102 6756
f 7120 6869 7149
f 7147 7110 7446
f 6633 7125 5900
f 5705 6633 5900
f 5742 7150 7446
f 7446 7150 7147
f 7149 6823 4838
f 6069 6002 4087
f 6155 4087 6002
f 4140 6278 7208
f 6171 3897 4358
f 5673 7328 7110
f 6391 4780 6246
f 4695 7601 5607
f 5753 5954 3751
f 7404 5915 1527
f 1663 3419 5926
f 6962 6638 5744
f 6336 5228 5811
f 7601 4695 6942
f 1527 5926 3419
f 7137 5960 1883
f 1678 6624 7491
f 5980 7689 7604
f 1 1192 683
f 1681 42 95
f 647 514 521
f 1551 567 539
f 1066 10 1258
f 1860 72 11
f 1820 922 924
f 1332 209 19
f 392 279 634
f 1551 1157 574
f 1029 42 72
f 6940 1098 371
f 44 70 51
f 1080 42 1865
f 1080 1865 1055
f 127 879 1730
f 868 1861 61
f 1861 1235 61
f 43 1730 1111
f 765 1867 11
f 893 879 127
f 61 1235 277
f 68 1156 1055
f 61 277 66
f 592 136 1623
f 66 277 107
f 87 304 456
f 4 70 325
f 513 620 83
f 87 1375 304
f 95 42 1080
f 1123 969 1549
f 1494 1435 92
f 745 4 325
f 377 340 1157
f 1157 340 1576
f 127 1730 117
f 1598 1611 485
f 1741 127 1120
f 2081 1152 1536
f 587 136 1354
f 1871 1809 1438
f 906 1629 145
f 148 152 1254
f 157 77 1156
f 1210 1025 1123
f 1555 1564 228
f 103 994 157
f 175 103 157
f 460 3545 2127
f 1436 3545 460
f 2159 1453 4653
f 1232 1222 1871
f 669 366 1613
f 1613 1007 669
f 1390 1296 1651
f 1329 199 681
f 1210 567 1861
f 192 516 44
f 199 43 681
f 95 43 199
f 1525 1360 205
f 214 205 1360
f 483 1601 1602
f 574 1235 567
f 1475 3202 2212
f 483 228 1618
f 237 1871 1254
f 92 1435 1525
f 241 1390 1683
f 44 516 70
f 454 537 333
f 1565 537 1453
f 1526 9 267
f 269 1725 1702
f 1549 969 1258
f 1733 269 1520
f 632 214 634
f 962 1064 203
f 1253 279 392
f 1354 277 587
f 1654 962 203
f 203 1412 1654
f 1733 1520 1538
f 1789 1545 1103
f 513 1671 1018
f 371 308 1884
f 1354 107 277
f 1354 1452 107
f 1452 867 107
f 1526 707 1538
f 377 415 1545
f 674 70 516
f 413 1518 3497
f 645 1580 351
f 1598 351 1580
f 698 1090 1018
f 241 1683 1511
f 1007 1000 333
f 1513 337 402
f 645 351 1143
f 1090 1483 363
f 1367 1702 1725
f 92 759 1494
f 363 1585 1090
f 340 377 1545
f 366 1070 1513
f 10 1367 1725
f 1367 10 1066
f 867 1410 107
f 993 1509 1602
f 70 674 325
f 304 1509 456
f 1591 1070 366
f 692 325 674
f 1509 1555 1602
f 410 1542 1550
f 739 1598 934
f 92 1525 363
f 325 728 745
f 304 1518 1555
f 1375 1518 304
f 713 10 1733
f 1486 1542 410
f 739 1629 1611
f 1486 1533 1542
f 1613 1513 647
f 1582 1152 4562
f 4562 2103 1582
f 762 145 1272
f 2159 4694 551
f 308 371 1521
f 3517 5325 428
f 428 5325 1536
f 1550 669 19
f 669 1550 1542
f 1068 1536 1064
f 1547 1582 2103
f 2212 523 1475
f 1536 1068 428
f 219 428 1068
f 410 1550 476
f 531 1552 1591
f 366 1542 1533
f 1486 531 1533
f 993 456 1509
f 485 83 1143
f 1390 1668 1683
f 1390 1651 1668
f 1518 1564 1555
f 1715 410 476
f 682 3631 6855
f 682 6855 3885
f 1486 1524 531
f 1501 1123 1549
f 410 1715 495
f 682 1690 3631
f 1157 1576 574
f 1627 1436 460
f 1520 269 487
f 1623 574 1576
f 454 1627 460
f 1582 1064 1152
f 495 1740 608
f 551 1520 487
f 3912 822 3890
f 644 1638 1524
f 507 1275 1618
f 485 513 83
f 1552 531 512
f 132 513 485
f 512 524 1552
f 507 514 1275
f 516 192 504
f 647 1511 514
f 1671 513 132
f 1511 1275 514
f 1453 537 2127
f 1671 896 681
f 841 1526 523
f 531 1524 512
f 1706 1740 969
f 1730 879 1111
f 512 1524 1638
f 879 893 1745
f 1745 546 879
f 487 2159 551
f 539 1210 1123
f 567 1210 539
f 19 1007 1332
f 1805 1782 1638
f 1332 1010 209
f 1010 1702 209
f 1638 1782 512
f 1367 209 1702
f 1604 1782 379
f 516 337 674
f 1551 574 567
f 1524 495 644
f 608 644 495
f 606 1494 759
f 587 1235 574
f 523 551 1475
f 1010 537 1565
f 1565 1702 1010
f 1755 1802 759
f 537 1010 333
f 823 9 1526
f 1789 9 823
f 83 620 592
f 1701 1680 616
f 564 1802 1755
f 1701 608 1740
f 1712 333 1000
f 608 1701 673
f 632 634 279
f 1791 1783 645
f 645 1556 1791
f 673 644 608
f 1613 647 1480
f 1360 1435 634
f 634 1435 392
f 1556 1545 1789
f 592 1315 136
f 1580 645 1783
f 1070 692 674
f 1790 682 1797
f 1497 392 1494
f 822 1797 3885
f 1315 592 620
f 681 43 698
f 1690 682 1790
f 1690 1790 1807
f 1706 1680 1701
f 2212 1814 841
f 1018 1315 620
f 513 1018 620
f 1827 1680 1706
f 1807 1814 1690
f 325 692 728
f 9 1103 1485
f 692 1121 728
f 1740 1706 1701
f 1483 698 43
f 740 1354 136
f 1315 740 136
f 1483 43 1111
f 1820 1272 922
f 564 785 1802
f 1820 762 1272
f 822 3912 1821
f 1066 476 209
f 366 669 1542
f 546 759 363
f 728 1121 1126
f 877 673 616
f 1629 739 1822
f 1721 1838 1821
f 546 1483 1111
f 740 1452 1354
f 1272 1629 1822
f 785 606 1802
f 1452 740 770
f 765 762 1820
f 1452 770 867
f 377 1551 415
f 762 765 1658
f 867 770 205
f 785 683 606
f 205 770 1585
f 792 785 564
f 792 1 785
f 683 785 1
f 748 5271 1650
f 969 1066 1258
f 1845 1836 1650
f 377 1157 1551
f 1835 1681 808
f 1834 1807 1790
f 1790 1797 1834
f 42 1681 1835
f 1833 868 1827
f 822 1821 1797
f 868 1689 1827
f 340 468 1576
f 1801 1783 1834
f 1689 1680 1827
f 351 1598 485
f 214 867 205
f 1817 1807 1834
f 1817 1834 1783
f 1741 893 127
f 1817 823 1814
f 823 1817 1789
f 1791 1789 1817
f 896 906 145
f 1339 516 504
f 933 1838 1841
f 1871 1150 1809
f 632 390 214
f 145 1329 896
f 933 934 694
f 516 1339 241
f 1836 924 748
f 337 516 241
f 507 1618 262
f 1555 228 1602
f 994 1741 77
f 1867 1820 924
f 934 1840 1822
f 1712 1654 1412
f 219 962 507
f 1654 1712 521
f 1741 994 1769
f 1822 1840 922
f 1706 969 1025
f 1123 1025 969
f 11 1867 1845
f 1836 1867 924
f 1258 1485 1549
f 72 765 11
f 72 1658 765
f 333 1332 1007
f 72 1835 1658
f 1501 1549 1485
f 1000 1007 1480
f 1860 1029 72
f 1010 1332 333
f 1865 42 1029
f 1090 1372 1018
f 1564 262 228
f 148 1222 1497
f 425 262 1564
f 61 1689 868
f 219 262 425
f 713 267 1485
f 1070 674 337
f 670 68 1055
f 72 42 1835
f 1792 68 670
f 1792 1750 68
f 1253 392 1497
f 61 1081 1689
f 95 1080 117
f 1501 1103 415
f 1120 117 1080
f 9 1485 267
f 1730 43 95
f 1501 415 539
f 1156 1080 1055
f 1551 539 415
f 10 713 1258
f 148 683 152
f 1103 9 1789
f 692 1070 1121
f 87 456 1098
f 117 1730 95
f 117 1120 127
f 87 3486 1375
f 363 1525 1585
f 1833 1210 1861
f 333 1712 454
f 1103 1545 415
f 1861 868 1833
f 1126 1121 1552
f 567 1235 1861
f 1565 269 1702
f 1143 340 645
f 1156 68 157
f 1080 1156 1120
f 1120 1156 77
f 77 1741 1120
f 1150 1871 237
f 1750 157 68
f 269 1733 1725
f 5325 2081 1536
f 468 592 1623
f 1494 392 1435
f 1143 592 468
f 83 592 1143
f 77 157 994
f 1222 1254 1871
f 707 1733 1538
f 5941 4653 2127
f 136 574 1623
f 136 587 574
f 739 1611 1598
f 1871 1438 1232
f 1629 132 1611
f 1668 1651 483
f 483 1618 1668
f 1254 1222 148
f 132 1629 906
f 1809 330 1438
f 1668 1618 1275
f 1683 1668 1275
f 1258 713 1485
f 145 1629 1272
f 1254 152 243
f 1658 145 762
f 145 1658 1329
f 521 514 1654
f 1329 1658 808
f 587 277 1235
f 2212 3631 1690
f 521 1480 647
f 483 1602 228
f 371 1098 456
f 199 1329 1681
f 1372 1315 1018
f 1618 228 262
f 1681 95 199
f 1360 634 214
f 1372 740 1315
f 1435 1360 1525
f 1339 1296 1390
f 1068 1064 962
f 507 262 219
f 962 219 1068
f 241 1339 1390
f 2103 439 1547
f 1497 1438 1253
f 1585 740 1372
f 1585 770 740
f 1438 330 288
f 1000 521 1712
f 521 1000 1480
f 1064 1582 203
f 337 241 402
f 879 546 1111
f 219 425 428
f 1755 759 546
f 1018 1671 681
f 551 4694 1475
f 698 1018 681
f 1525 205 1585
f 1547 203 1582
f 1412 203 1547
f 337 1513 1070
f 1483 1090 698
f 530 1712 1412
f 606 759 1802
f 1480 1007 1613
f 454 1712 1627
f 713 1733 707
f 241 1511 402
f 1521 371 456
f 993 1521 456
f 363 1483 546
f 1591 1121 1070
f 1552 1121 1591
f 1485 1103 1501
f 1066 209 1367
f 363 759 92
f 3497 1518 1375
f 1513 402 647
f 1275 1511 1683
f 1555 1509 304
f 707 1526 267
f 713 707 267
f 214 1410 867
f 390 1410 214
f 413 1564 1518
f 3517 425 413
f 3517 428 425
f 366 1533 1591
f 1526 1538 523
f 1536 1152 1064
f 1126 1552 524
f 1143 468 340
f 4653 1453 2127
f 460 2127 537
f 413 425 1564
f 487 1453 2159
f 487 1565 1453
f 1556 645 340
f 1372 1090 1585
f 5168 3890 3885
f 530 1547 439
f 1623 1576 468
f 1627 530 1436
f 495 1486 410
f 1598 1580 694
f 495 1524 1486
f 1436 530 439
f 485 1143 351
f 1533 531 1591
f 340 1545 1556
f 483 1651 1601
f 1511 647 402
f 1547 530 1412
f 1611 132 485
f 530 1627 1712
f 460 537 454
f 1613 366 1513
f 644 1805 1638
f 132 906 1671
f 487 269 1565
f 209 476 19
f 476 1550 19
f 1654 514 962
f 1007 19 669
f 507 962 514
f 1650 5385 1845
f 906 896 1671
f 1835 808 1658
f 2904 1845 5385
f 1520 551 1538
f 896 1329 681
f 1681 1329 808
f 1538 551 523
f 682 3885 1797
f 3890 822 3885
f 2936 2916 1771
f 1771 2904 2936
f 1771 1860 2904
f 616 673 1701
f 2212 1690 1814
f 1779 1771 2916
f 5424 1779 2916
f 1715 476 1066
f 748 1846 1615
f 1066 969 1715
f 1721 1841 1838
f 1721 2767 1841
f 1846 2767 1615
f 2767 1846 1840
f 1725 1733 10
f 539 1123 1501
f 1715 1740 495
f 1841 2767 1840
f 1769 1745 893
f 1755 546 1745
f 969 1740 1715
f 564 1755 1769
f 1769 1755 1745
f 1741 1769 893
f 2904 11 1845
f 1771 1029 1860
f 823 1526 841
f 1779 1029 1771
f 1782 1805 379
f 1786 644 673
f 2212 841 523
f 1494 606 683
f 644 1786 1805
f 877 1786 673
f 1789 1791 1556
f 1580 1783 1801
f 1838 1580 1801
f 694 1580 1838
f 934 1598 694
f 1807 1817 1814
f 1497 1222 1232
f 148 1494 683
f 1494 148 1497
f 1821 1834 1797
f 1822 922 1272
f 1232 1438 1497
f 739 934 1822
f 1867 765 1820
f 823 841 1814
f 564 1769 994
f 1706 1025 1827
f 1833 1827 1025
f 748 924 1846
f 1210 1833 1025
f 1791 1817 1783
f 1836 748 1650
f 1821 1801 1834
f 1838 1801 1821
f 922 1846 924
f 1845 1867 1836
f 683 1192 152
f 922 1840 1846
f 1838 933 694
f 2904 1860 11
f 1840 933 1841
f 933 1840 934
f 1029 1779 1865
f 2977 1055 1865
f 3221 5377 5853
f 6228 5422 6697
f 6228 3176 5422
f 5853 5377 3236
f 7742 5687 7678
f 3176 6431 3195
f 3108 3486 3236
f 2039 5306 3108
f 2294 5946 5898
f 5932 5946 2294
f 5793 4546 5306
f 4506 6600 3340
f 5793 3790 6209
f 6209 3790 3271
f 5932 6269 5949
f 6269 2334 5949
f 6217 5514 4134
f 7678 5717 3701
f 2566 4061 5617
f 5687 7742 6407
f 6713 3181 5053
f 3486 3497 1375
f 3843 2193 6277
f 4409 3288 6301
f 3288 4409 6615
f 6967 5460 3283
f 2103 4620 439
f 2127 3545 5941
f 5681 5045 3383
f 6828 5825 3411
f 4465 3360 5826
f 2037 6350 4465
f 3904 5847 2143
f 5847 3904 3427
f 2159 4653 4660
f 4487 6272 2003
f 7599 5839 5837
f 6512 3890 5168
f 2187 3912 3890
f 5217 3912 2187
f 2208 5217 3543
f 3631 3612 6855
f 2587 4581 4539
f 5248 2208 2218
f 2218 2428 5248
f 2428 5271 5248
f 2294 5898 4203
f 3195 6431 6430
f 2330 4644 2388
f 4636 2388 4644
f 6944 4934 6448
f 4284 5750 6512
f 3823 6249 4934
f 2599 5424 4674
f 4599 2641 2428
f 6000 6406 5142
f 4025 3131 6000
f 3131 4025 6366
f 6522 3874 5946
f 4699 2483 6592
f 2675 5070 6522
f 4968 5306 2039
f 7015 5053 4007
f 6479 3252 5364
f 2647 6679 4655
f 3827 4487 6652
f 5433 6964 3289
f 5920 5511 6142
f 5920 6142 6479
f 6568 5717 3408
f 5059 2705 3807
f 6692 2705 5059
f 4506 3843 6189
f 5524 2701 5511
f 4539 5868 3340
f 6232 6220 5857
f 1721 1821 3912
f 6953 3729 6692
f 6702 5433 5422
f 5571 6583 6582
f 1721 3919 2767
f 5438 5433 5550
f 1615 3919 2208
f 6944 7050 4977
f 6220 5875 6244
f 1615 2767 3919
f 2208 5248 1615
f 5248 5271 1615
f 1615 5271 748
f 5132 2599 2790
f 5145 2599 5132
f 5571 3982 6583
f 6239 6232 4203
f 4079 6600 3982
f 5514 5782 4299
f 4079 2821 6600
f 3619 1650 5271
f 2857 4299 2821
f 4708 5767 6577
f 4169 3176 6228
f 6431 3176 4169
f 5852 6430 5847
f 2916 2936 5349
f 5852 6944 6448
f 5920 6479 5364
f 6239 3874 2969
f 3029 3823 4977
f 3046 3982 5571
f 6522 5946 5949
f 5949 4297 6522
f 1950 2857 2821
f 6555 6581 6577
f 3271 5337 2081
f 5498 2652 5655
f 5920 5364 5227
f 2364 6940 4047
f 6940 2364 3221
f 6104 5557 5561
f 6104 5561 3807
f 3195 6702 3176
f 3807 5561 3188
f 4143 6104 3193
f 2612 3193 6928
f 3360 6350 3202
f 6277 5168 6854
f 6350 3612 3202
f 5377 5754 3236
f 6555 6770 6257
f 3252 6479 2605
f 2605 3271 3790
f 2701 6963 3267
f 3289 6967 3283
f 3288 5914 4189
f 6810 5914 3288
f 2364 4047 6406
f 5460 6241 5941
f 2112 6806 6241
f 6806 2112 4139
f 3238 5561 4810
f 5826 4139 6637
f 4139 5826 6832
f 2821 3340 6600
f 4299 3340 2821
f 5514 6217 5782
f 2272 4134 5514
f 5045 2910 3383
f 4284 6512 2193
f 2039 3236 4350
f 3411 2865 5818
f 4868 2865 3411
f 5825 6228 4868
f 5847 6431 4169
f 6431 5847 6430
f 3447 4007 2566
f 6963 3283 5460
f 2112 6967 6964
f 4201 5875 6232
f 4546 413 3497
f 6652 2037 4465
f 6652 2003 2037
f 5914 2103 4562
f 3517 413 6209
f 3843 6272 4487
f 4506 2193 3843
f 5868 4284 2193
f 6407 2331 5222
f 439 4620 1436
f 3890 6512 2187
f 5782 2587 4539
f 2187 5750 5217
f 5217 5750 3543
f 6241 4653 5941
f 4868 6228 6697
f 2218 3543 6519
f 3543 2218 2208
f 3195 6430 3197
f 3046 3197 6430
f 5270 5271 2428
f 2489 3619 5270
f 6249 1950 4934
f 1950 6249 6266
f 2489 2330 3619
f 6266 6257 6770
f 6266 6770 1950
f 2490 2330 2489
f 3216 6855 3612
f 6519 4284 4581
f 2330 2490 4644
f 6519 2587 4599
f 3650 2339 3618
f 4143 2272 5557
f 5557 2272 6014
f 6406 6000 2364
f 4655 5270 2641
f 2705 2483 4663
f 2483 2705 6602
f 2606 5424 2599
f 5070 4810 2008
f 4655 2489 5270
f 2483 4699 4663
f 3238 5617 2132
f 3318 6953 5851
f 3318 3248 6953
f 4699 2490 2489
f 3181 4871 4061
f 5189 5204 6169
f 3688 4742 4738
f 6366 5754 3131
f 5145 2606 2599
f 5782 6217 2587
f 5765 6145 6301
f 2865 2331 6407
f 5765 2605 6142
f 3267 4409 6301
f 4968 5793 5306
f 3790 5793 4968
f 3790 4968 3252
f 4977 4934 6944
f 3823 4934 4977
f 6482 6257 6266
f 6581 6555 2969
f 2910 6000 5142
f 5857 6502 7053
f 7096 5825 6828
f 7096 2143 5825
f 7096 3904 2143
f 5681 3250 7151
f 3919 1721 3912
f 2208 3919 5217
f 7151 3701 5681
f 3289 5422 5433
f 7657 7652 6244
f 7050 7657 6244
f 5385 1650 3619
f 5717 7678 5687
f 3982 6189 6583
f 2936 2904 5385
f 2294 4203 5895
f 3987 2294 5895
f 6759 3383 3404
f 5349 3988 2916
f 3988 4674 2916
f 5681 3383 3250
f 6269 5932 6480
f 7002 2923 2334
f 6366 4025 6568
f 5550 5433 6702
f 5306 4546 3108
f 5687 3408 5717
f 5793 6209 4546
f 5914 4562 5337
f 6713 5189 3181
f 6713 5204 5189
f 2081 5325 3271
f 2143 4169 5825
f 5345 5184 4219
f 4143 2612 4134
f 6104 4143 5557
f 5460 6814 6307
f 6810 6307 6814
f 7050 6944 5839
f 5655 5227 5498
f 2612 4143 3193
f 7652 6220 6244
f 3612 6350 2037
f 5838 5059 3188
f 3108 3236 2039
f 3216 6272 6854
f 5422 3176 6702
f 2605 5337 3271
f 3195 5550 6702
f 5337 5765 4189
f 3288 6615 6810
f 4350 5498 2039
f 6232 5857 4203
f 2969 6257 4201
f 5898 6239 4203
f 4647 4025 2910
f 4404 5132 3248
f 6637 4139 2112
f 3283 6963 2701
f 3289 6964 6967
f 2652 2638 6568
f 5433 6965 6964
f 5767 2857 1950
f 3283 5676 3289
f 3827 4278 6583
f 2008 2892 6581
f 3827 6583 6189
f 6582 4278 4262
f 3874 6239 5898
f 3874 5898 5946
f 5946 5932 5949
f 2334 4297 5949
f 2923 5617 4297
f 5514 4708 2272
f 3408 5655 2652
f 4219 3688 5345
f 4742 3688 4219
f 4350 3236 5754
f 6697 5524 5952
f 5345 4214 4267
f 4079 6448 4934
f 6637 2112 6964
f 5345 4267 5184
f 6652 4487 2003
f 6512 5750 2187
f 6189 3843 4487
f 2892 2008 6014
f 1098 5853 87
f 4506 5868 2193
f 4284 5868 4581
f 3497 3486 3108
f 4871 5838 2132
f 6209 413 4546
f 5325 3517 6209
f 3701 5045 5681
f 1152 2081 4562
f 6519 4581 2587
f 6592 3618 2339
f 5189 6015 5851
f 6217 4599 2587
f 6810 2103 5914
f 4620 2103 6810
f 4647 5045 3701
f 3545 1436 4620
f 6806 4653 6241
f 4660 4653 6806
f 2705 4663 5842
f 2159 4660 4694
f 3650 2589 4674
f 6692 6602 2705
f 5864 4663 4699
f 4655 5864 2489
f 4699 2489 5864
f 3202 1475 4694
f 3689 5424 2606
f 3729 6602 6692
f 5557 6014 5561
f 3131 2364 6000
f 2589 3729 6953
f 3238 3188 5561
f 3238 5838 3188
f 3408 5687 5222
f 5227 5655 3408
f 5952 4868 6697
f 3476 4752 3478
f 2566 2923 5962
f 5189 6169 6015
f 3599 6015 6169
f 7051 4007 3447
f 6244 5875 3029
f 2612 6217 4134
f 3029 4977 6244
f 6145 5765 6142
f 6145 3267 6301
f 6104 3807 5842
f 3267 6615 4409
f 2647 2641 6928
f 2923 2566 5617
f 6615 3267 6963
f 2566 5053 4061
f 4262 5826 6965
f 4262 4465 5826
f 3181 4061 5053
f 6953 6692 5059
f 3340 5868 4506
f 4647 5717 6568
f 4299 4539 3340
f 5070 2675 4810
f 5189 4871 3181
f 3919 3912 5217
f 2865 5952 2331
f 5345 3688 3687
f 4219 5184 5355
f 4025 6000 2910
f 3271 5325 6209
f 5337 4189 5914
f 2638 2652 4350
f 4267 6242 5184
f 3823 6266 6249
f 3988 5349 2339
f 3650 3988 2339
f 6482 4201 6257
f 3988 3650 4674
f 2388 2936 5385
f 5424 2916 4674
f 5676 5422 3289
f 3360 3202 6832
f 6301 4189 5765
f 3216 2003 6272
f 4297 5617 2675
f 6854 6272 6277
f 6241 5460 6967
f 6512 5168 6277
f 2193 6512 6277
f 6832 5826 3360
f 2892 4708 6577
f 5514 5767 4708
f 5550 6582 5438
f 5851 5059 5838
f 6759 5596 3250
f 7151 3250 5596
f 2892 6577 6581
f 5377 2364 3131
f 6285 3701 7151
f 4968 2039 5498
f 5511 6145 6142
f 3250 3383 6759
f 5511 3267 6145
f 3267 5511 2701
f 5920 5222 2331
f 5676 3283 2701
f 5438 4262 6965
f 6582 4262 5438
f 6583 4278 6582
f 4214 3478 4752
f 4214 5345 3478
f 6448 3982 3046
f 5750 6519 3543
f 4079 1950 2821
f 4350 5754 2638
f 6770 6555 5767
f 5270 2428 2641
f 1098 6940 3221
f 6581 5070 2008
f 5857 7053 4203
f 4647 6568 4025
f 4810 5561 6014
f 6828 3411 5818
f 5818 2865 6407
f 3618 6592 2483
f 5788 3427 3904
f 6592 2339 4636
f 3618 3729 3650
f 4663 5043 5842
f 3807 2705 5842
f 4871 5851 5838
f 1098 3221 5853
f 2589 3650 3729
f 5043 4663 5864
f 6220 3869 5857
f 2599 4674 2589
f 5864 4655 6679
f 7657 7050 7599
f 4581 5868 4539
f 4214 7296 4267
f 4546 3497 3108
f 6244 4977 7050
f 2081 5337 4562
f 2969 4201 6239
f 2790 2599 2589
f 6480 5932 3987
f 3987 5932 2294
f 6482 3029 5875
f 5952 5524 2331
f 6814 5941 3545
f 6814 3545 4620
f 2334 2923 4297
f 6832 4694 4660
f 6448 3046 5852
f 2008 4810 6014
f 6854 3885 6855
f 5168 3885 6854
f 4079 4934 1950
f 3612 3631 3202
f 3202 3631 2212
f 2037 3216 3612
f 4209 3478 3687
f 5345 3687 3478
f 5189 5851 4871
f 3874 5070 6581
f 6471 7712 5477
f 6164 5469 5461
f 7134 6185 5471
f 7134 7401 6185
f 5641 5461 6443
f 7716 5461 5641
f 5471 7249 6996
f 5472 5560 6443
f 5675 7473 7650
f 5940 5463 5464
f 5463 6413 5464
f 6458 5463 5465
f 5466 5477 7290
f 5477 7712 7290
f 7290 7712 7716
f 5461 7716 7710
f 7716 7712 7710
f 5472 5844 7249
f 5472 5461 5469
f 6443 5461 5472
f 7389 3447 7098
f 5471 6996 7134
f 7098 7103 7389
f 7505 7511 7363
f 5844 6996 7249
f 5472 7249 5600
f 5600 5560 5472
f 5807 5471 6185
f 7118 5948 5464
f 5948 5940 5464
f 5465 7169 6450
f 7169 5465 5939
f 5471 5600 7249
f 5465 5463 5940
f 5788 7511 5837
f 5466 6450 5477
f 5466 5465 6450
f 5465 5466 6458
f 6996 6982 5667
f 5717 4647 3701
f 2638 5754 6366
f 5045 4647 2910
f 7730 7284 5929
f 7730 5929 6952
f 5043 6104 5842
f 4061 2132 5617
f 2647 5043 6679
f 6206 7522 5772
f 6206 5772 7487
f 4061 4871 2132
f 5577 7000 6980
f 7678 7234 7742
f 5599 6285 7768
f 6206 7541 7527
f 7032 6405 5955
f 3411 5825 4868
f 3827 6652 4278
f 4465 4262 6652
f 6652 4262 4278
f 7162 6440 6405
f 6189 4487 3827
f 2143 5847 4169
f 3236 3486 5853
f 7484 5818 7742
f 4506 6189 6600
f 5577 7081 5580
f 6408 5583 6424
f 3408 2652 6568
f 7118 6408 5580
f 5132 2790 3248
f 6220 6232 5875
f 7234 5599 6120
f 6440 5599 7768
f 5560 5600 7460
f 5377 3221 2364
f 5852 3046 6430
f 5955 6405 6647
f 5271 5270 3619
f 7733 3904 7096
f 6061 7484 7234
f 2037 2003 3216
f 6277 6272 3843
f 6996 5667 7134
f 5385 3619 2330
f 2605 5765 5337
f 6522 5070 3874
f 2388 5385 2330
f 6301 3288 4189
f 4007 5053 2566
f 4636 2339 5349
f 6307 6810 6615
f 6963 6307 6615
f 6307 6963 5460
f 4636 5349 2936
f 4636 2936 2388
f 6241 6967 2112
f 7716 7730 7290
f 6350 3360 4465
f 3689 6352 5424
f 4350 2652 5498
f 2675 3238 4810
f 2675 5617 3238
f 5498 5227 5364
f 6568 2638 6366
f 7002 6185 5962
f 6697 5676 5524
f 5524 5676 2701
f 7522 7775 5772
f 7487 6085 6710
f 5676 6697 5422
f 7505 7657 7599
f 5222 5227 3408
f 5837 7505 7599
f 2272 4143 4134
f 4868 5952 2865
f 7775 6076 7460
f 3447 2566 7401
f 2969 6555 6257
f 6828 5818 7484
f 2857 5514 4299
f 5514 2857 5767
f 3029 6266 3823
f 2331 5511 5920
f 3029 6482 6266
f 5524 5511 2331
f 6581 2969 3874
f 5469 6164 5846
f 6519 5750 4284
f 4297 2675 6522
f 6582 3197 5571
f 7522 6206 7527
f 5498 5364 4968
f 5364 3252 4968
f 5550 3197 6582
f 6710 7541 6206
f 7551 7541 6710
f 3046 5571 3197
f 4599 2218 6519
f 2218 4599 2428
f 7733 5879 5675
f 6120 7236 5879
f 4079 3982 6448
f 6980 7079 7081
f 5577 6980 7081
f 7173 7162 6317
f 5599 5951 6120
f 6399 7320 5580
f 5577 5580 7320
f 7320 6399 6799
f 6507 7254 6647
f 6647 6405 6507
f 6405 6440 6507
f 6965 5433 5438
f 5377 3131 5754
f 6577 5767 6555
f 7716 5641 7730
f 7173 7077 5943
f 7077 5572 5943
f 6390 7072 5918
f 7118 7072 6390
f 5580 7081 7118
f 7032 7162 6405
f 7401 6020 7098
f 5943 5951 7173
f 3982 6600 6189
f 6408 7118 5464
f 6408 6424 5580
f 3618 2483 6602
f 2490 4699 4644
f 6592 4636 4699
f 4636 4644 4699
f 5463 5583 6413
f 6458 5466 7290
f 6458 7290 7749
f 6458 7749 5463
f 3729 3618 6602
f 6965 6637 6964
f 2612 4599 6217
f 6965 5826 6637
f 2272 4708 2892
f 4599 2612 6928
f 2641 4599 6928
f 2641 2647 4655
f 5807 5600 5471
f 5844 5472 5532
f 5600 5807 7460
f 7460 6076 7284
f 5667 6484 6020
f 6020 7134 5667
f 4539 4299 5782
f 5864 6679 5043
f 5943 7236 5951
f 7162 5951 6440
f 5550 3195 3197
f 7002 2334 7012
f 7460 7012 7775
f 6285 5599 6066
f 7775 6480 5772
f 6824 7254 7508
f 3987 5895 7487
f 7290 6952 7749
f 6085 7487 5895
f 2589 6953 3248
f 6076 7522 6699
f 7652 7657 6485
f 6080 7628 6485
f 7594 6699 7527
f 2790 2589 3248
f 7505 5837 7511
f 5853 3486 87
f 5838 3238 2132
f 6770 5767 1950
f 5608 7508 5596
f 7508 7151 5596
f 5818 6407 7742
f 6814 4620 6810
f 5460 5941 6814
f 7296 6799 4267
f 4139 4660 6806
f 4139 6832 4660
f 5675 7650 7733
f 4694 6832 3202
f 6214 7505 7363
f 3216 6854 6855
f 7374 6080 6214
f 2892 6014 2272
f 7650 5788 3904
f 6507 7768 7254
f 5222 5687 6407
f 3318 5851 6015
f 6228 5825 4169
f 5227 5222 5920
f 3193 2647 6928
f 3427 5852 5847
f 6104 5043 3193
f 3427 5839 5852
f 5043 2647 3193
f 6944 5852 5839
f 5059 3807 3188
f 6482 5875 4201
f 6239 4201 6232
f 5851 6953 5059
f 7234 7678 6066
f 6066 7678 6285
f 6995 7000 6786
f 3790 3252 2605
f 6479 6142 2605
f 7320 6799 7296
f 7051 3447 7043
f 7389 7043 3447
f 7004 7032 5955
f 3427 5837 5839
f 5839 7599 7050
f 6317 7162 7032
f 6390 6379 7118
f 7134 6020 7401
f 6413 6408 5464
f 5939 5465 5940
f 5895 4203 6085
f 3987 7487 5772
f 5772 6480 3987
f 6061 6120 5879
f 6120 6061 7234
f 7053 6085 4203
f 6440 7768 6507
f 5641 7284 7730
f 6786 7296 4214
f 7296 6786 7320
f 7678 3701 6285
f 6061 6828 7484
f 6061 7096 6828
f 7234 7484 7742
f 7254 7501 7508
f 7254 7768 7501
f 7650 3904 7733
f 7527 6699 7522
f 5951 7236 6120
f 7279 7276 6653
f 5879 7733 6061
f 6952 7290 7730
f 5788 5837 3427
f 5807 7002 7460
f 7284 6699 5929
f 7401 2566 5962
f 6699 7594 5929
f 7284 6076 6699
f 6782 6995 6786
f 7775 7012 6480
f 6480 7012 6269
f 7012 2334 6269
f 7768 6285 7501
f 7002 5962 2923
f 5599 7234 6066
f 7733 7096 6061
f 7000 5577 6786
f 6786 5577 7320
f 7712 6653 7710
f 6653 7276 7710
f 6164 7710 7276
f 5551 7004 7075
f 7652 6485 7628
f 7652 7628 6220
f 6220 7628 3869
f 7151 7501 6285
f 6379 7112 5948
f 6379 5948 7118
f 5560 7284 6443
f 6443 7284 5641
f 7004 5955 7075
f 6413 5583 6408
f 5955 5956 7075
f 7103 7098 6484
f 6484 7098 6020
f 6185 7401 5962
f 7508 5608 6824
f 7501 7151 7508
f 7162 7173 5951
f 7363 7362 6214
f 7389 6695 7043
f 7098 3447 7401
f 5951 5599 6440
f 6185 7002 5807
f 5846 5532 5469
f 7460 7002 7012
f 5469 5532 5472
f 7284 5560 7460
f 7775 7522 6076
f 6710 6206 7487
f 6485 7657 7505
f 7505 6214 6485
f 6214 6080 6485
f 7594 7527 6635
f 7527 7541 6635
f 1503 1920 1905
f 1895 2377 1503
f 1503 2395 1920
f 2395 1503 2377
f 2395 1932 1920
f 2395 2412 1932
f 2412 3091 1932
f 3091 2412 3368
f 3368 2412 2448
f 6198 4391 2379
f 4367 4391 6198
f 4367 5623 4391
f 4367 5476 5520
f 5476 4367 6198
f 1923 1932 3344
f 1920 1932 1923
f 3368 2448 2405
f 2377 1980 1984
f 7008 2379 4391
f 4367 5520 4363
f 2403 2089 6250
f 3359 3985 3361
f 1920 1923 3739
f 3344 3739 1923
f 3091 3344 1932
f 3368 2399 3091
f 2377 1984 2395
f 2395 1984 2412
f 2405 3397 4955
f 4859 6640 5486
f 4463 2089 2403
f 5431 3062 5442
f 3062 4909 5442
f 3851 4909 4906
f 4494 3851 4906
f 4948 4494 4092
f 4944 4951 4251
f 4076 4909 3062
f 4906 4076 3064
f 4076 4906 4909
f 3851 4494 4948
f 3851 3549 4511
f 4092 4944 4948
f 3391 3772 4368
f 5444 3389 3815
f 3389 3378 3815
f 4368 3905 3391
f 3905 4368 4389
f 4389 4525 3905
f 4525 4389 3925
f 5064 4410 4626
f 3914 3925 4389
f 3810 3656 5027
f 5064 4415 4410
f 4654 4415 5064
f 4654 4651 4415
f 5156 3662 3406
f 5144 4664 3662
f 4423 3420 3412
f 3086 3412 3420
f 4450 4608 3420
f 4451 4608 4450
f 3909 3435 3780
f 4451 3780 3435
f 4215 4692 5149
f 3087 1920 3739
f 4215 4471 4692
f 4608 3086 3420
f 4380 5169 4740
f 5169 4380 4784
f 3091 2399 4185
f 3093 4773 4352
f 4380 4740 3467
f 3467 4740 3675
f 3675 4740 4758
f 4023 4758 4779
f 3824 4848 4260
f 4717 4788 4336
f 4008 3107 4779
f 3107 4008 3816
f 3107 4384 4408
f 4393 4384 3107
f 4558 4536 4766
f 4536 4541 4771
f 4018 3468 4396
f 4018 4396 3109
f 5276 3110 4761
f 4766 3110 4557
f 5301 4787 4771
f 4352 3212 4408
f 4417 3494 4366
f 4417 4413 3494
f 4417 5277 4413
f 3488 4364 4372
f 5237 4850 3109
f 3510 4850 3858
f 3858 3124 3510
f 5334 3493 4812
f 4424 4814 4437
f 5029 4611 3503
f 3809 4425 5154
f 4918 5457 3966
f 4611 5365 3125
f 3315 4425 3809
f 4060 4611 3125
f 3539 4060 3125
f 4800 3507 4444
f 4625 4301 5106
f 4625 5106 4444
f 3507 3513 4444
f 4455 3720 4836
f 4836 3272 4455
f 4073 3519 4065
f 4437 4032 4459
f 3406 4193 5186
f 4192 4193 4664
f 5930 3802 4637
f 4898 4528 3925
f 4555 4898 3925
f 3851 4948 3549
f 3359 2089 3903
f 4109 4583 3568
f 3410 4583 4109
f 4770 3144 3684
f 3086 5006 3414
f 4568 5002 3882
f 3167 4118 3166
f 4559 3572 4568
f 5002 4568 3572
f 4559 5010 4990
f 5004 4995 3156
f 4631 5069 4152
f 4995 4576 3156
f 5004 3156 4582
f 3830 3594 4080
f 4507 3594 3830
f 3156 4576 4600
f 4892 4156 4789
f 4582 4132 5004
f 3812 3587 3254
f 3587 3812 3164
f 4593 3603 4142
f 4892 4789 4256
f 4593 4607 3603
f 4789 3463 4256
f 4151 3171 3166
f 3171 3167 3166
f 5115 3603 4607
f 3171 3170 3167
f 4603 3864 5212
f 3170 3171 5118
f 3587 4515 3825
f 3638 5118 3171
f 4515 3587 3605
f 5212 4550 3712
f 4521 4507 4505
f 4172 4175 4624
f 4560 3712 4550
f 4641 4658 3958
f 5122 5082 4641
f 4658 4641 5082
f 5052 5454 3949
f 4521 3594 4507
f 4187 5064 4626
f 4913 4841 3824
f 4626 5183 4187
f 5183 4626 4630
f 3398 4637 3802
f 3609 3881 3605
f 4625 4444 3130
f 3876 4566 4521
f 4521 4566 4095
f 4601 4602 4106
f 5090 4711 5115
f 3467 3810 5093
f 3467 3675 3810
f 3799 4803 4853
f 3212 4773 3685
f 3212 3685 3675
f 3799 4853 3511
f 3929 5709 4961
f 5119 4337 5117
f 3929 3930 3915
f 5709 3929 3915
f 5712 3915 4162
f 5709 3915 5712
f 4802 4027 4833
f 4761 4225 4760
f 3511 4892 4913
f 4770 4225 4766
f 3520 4854 4923
f 4044 4851 4833
f 3343 5144 5154
f 3343 3803 4215
f 4247 5212 4787
f 4718 4729 3966
f 4863 4215 4440
f 4729 4724 4731
f 4724 3280 4905
f 4814 3995 4805
f 4805 3254 4814
f 4251 5265 3549
f 3889 3549 5265
f 3146 4110 5276
f 4557 3569 4558
f 3519 4882 3821
f 3569 4557 3572
f 3572 4557 5002
f 3265 4372 4377
f 4377 4413 3265
f 3821 4836 3519
f 3821 3272 4836
f 3830 3272 3821
f 4434 3272 3830
f 4431 4882 3826
f 3255 3826 4882
f 5334 4142 5029
f 3280 3845 4905
f 5016 3774 5005
f 3845 3320 4905
f 4935 4905 3320
f 4018 4044 4337
f 3093 5198 3432
f 3093 3295 5198
f 4935 3299 4020
f 4425 4809 3803
f 4820 3803 4809
f 4700 5075 4294
f 4440 3803 4820
f 4470 4461 3299
f 4851 4801 3809
f 3299 3331 4470
f 4813 4809 3315
f 3320 3299 4935
f 4260 3816 4231
f 3847 3320 3845
f 4393 3816 4260
f 3311 5082 5408
f 5408 4652 3311
f 3432 5198 4255
f 4181 3311 3787
f 4452 3863 4839
f 3809 4801 3315
f 4417 4366 4255
f 4181 3787 3963
f 3334 4183 4181
f 3320 3349 3333
f 5086 3082 5085
f 5591 4463 2403
f 2403 5587 5591
f 5440 5115 5450
f 3858 4850 5237
f 5587 2403 3240
f 5086 4405 3082
f 5064 4187 4160
f 4254 3295 4384
f 5106 4420 4444
f 4420 5106 5112
f 3320 3331 3299
f 4254 3838 4324
f 5436 5093 3810
f 4254 4384 3838
f 3320 3333 3331
f 3087 4156 3332
f 3331 3871 4470
f 4393 5267 3838
f 4228 5169 4786
f 3331 3333 3871
f 5117 4626 4410
f 5117 4410 5119
f 4417 5279 5277
f 5117 4802 4626
f 3824 4260 4231
f 3406 3662 4193
f 3410 3112 3849
f 4511 4552 3851
f 3762 3341 3748
f 4248 3748 3341
f 3762 3339 3341
f 4555 4552 4511
f 4073 3337 4459
f 3889 4555 4511
f 4630 4802 5156
f 3739 4789 3087
f 3255 3825 3826
f 4282 4248 3341
f 3739 3344 4161
f 3772 3341 3339
f 3344 3091 4185
f 3871 3333 3362
f 5160 4427 5156
f 3772 4282 3341
f 4526 3568 4110
f 3568 3882 4110
f 3349 3351 3333
f 4959 3351 3349
f 3860 3391 3867
f 4215 4863 4471
f 5000 4114 5010
f 4288 3867 3902
f 4592 5008 5000
f 4848 4849 4260
f 4582 3156 5036
f 5013 4600 4576
f 4463 3903 2089
f 3211 2399 3368
f 4770 3684 4225
f 3362 3377 3871
f 5267 5419 3838
f 3928 5084 5036
f 4582 4607 4593
f 5036 4607 4582
f 5267 5431 5419
f 3378 4368 3772
f 5036 5090 4607
f 3895 4081 4604
f 3380 3062 5431
f 4609 4604 3906
f 4624 5069 3921
f 4857 3064 4502
f 5061 3911 3906
f 5069 4624 5113
f 3386 3911 5061
f 3391 3902 3867
f 5442 3389 5444
f 3386 3930 3929
f 3927 4600 3167
f 3389 3914 3378
f 3902 3391 3905
f 5084 3928 4628
f 4157 3082 4405
f 3396 4711 5090
f 4664 3398 3802
f 4519 5442 4909
f 5108 4671 3396
f 5066 4460 4386
f 3661 5930 5937
f 4192 3661 5937
f 3776 4301 4307
f 5399 4307 4625
f 4423 4583 3410
f 3412 4583 4423
f 3943 5067 4627
f 3817 5235 3916
f 5399 4627 5075
f 3414 4583 3412
f 5067 3943 3944
f 4692 4637 5149
f 3412 3086 3414
f 3817 6575 5235
f 3799 3418 4786
f 4471 4712 4692
f 4229 5563 4508
f 4229 4258 5563
f 4706 4773 3093
f 3944 4649 3948
f 3093 3431 4706
f 4649 3944 3337
f 4471 4469 4712
f 5452 5440 5450
f 5452 5450 5455
f 3432 4364 3431
f 3824 4841 4848
f 3436 5457 3779
f 3959 5457 3436
f 4854 3833 4849
f 3959 3966 5457
f 3835 3833 4244
f 4008 4779 4758
f 3432 4366 4364
f 3467 4011 4380
f 4923 4256 3463
f 3463 4931 4923
f 3463 3859 4931
f 3107 4408 4779
f 4761 3110 4766
f 4787 3864 4771
f 5086 4345 4336
f 4603 3712 6498
f 3112 4809 4813
f 4273 5369 7359
f 4820 4839 4440
f 3112 4839 4820
f 3488 4788 4717
f 4812 4247 5301
f 4352 4773 3212
f 4424 3130 3995
f 4814 4424 3995
f 4012 3513 3507
f 4065 4836 3720
f 4841 4923 4854
f 4836 4065 3519
f 4459 3519 4073
f 4455 4082 3525
f 4649 4073 4065
f 4882 4459 4032
f 4909 3851 4519
f 4621 4528 4898
f 5048 4504 3546
f 4504 4089 3546
f 4089 5061 3546
f 5061 4089 4096
f 3740 4966 3561
f 3561 3863 3740
f 3740 3863 3146
f 3863 3561 4063
f 3568 4526 4109
f 3569 3572 4559
f 4110 3882 5002
f 4990 5010 4995
f 4147 5006 3086
f 5004 4132 4994
f 5013 4114 4118
f 5013 4118 3167
f 4142 4132 4593
f 3164 3606 3587
f 3606 3605 3587
f 4608 4147 3086
f 3594 4521 4095
f 5265 3774 3292
f 4147 4608 4152
f 4451 4152 4608
f 4631 4152 4451
f 5115 5365 3603
f 5112 5106 3292
f 3605 3606 3609
f 4106 4095 4566
f 4106 4566 4601
f 4658 5082 3311
f 4183 4658 3311
f 5074 4621 5079
f 4631 3921 5069
f 4654 4160 4651
f 4158 3171 4151
f 3638 3171 4158
f 4602 4887 5666
f 4887 4602 4609
f 4386 5911 5052
f 4172 4700 4294
f 4692 3817 4637
f 3802 5930 3661
f 5450 3396 5125
f 4637 3817 3916
f 6900 4961 5709
f 3396 4671 5125
f 5125 4671 5129
f 4715 4229 4508
f 5085 3685 4773
f 4218 3684 3144
f 3144 3938 4218
f 4788 4651 5107
f 4788 3488 4651
f 5119 4415 4372
f 3864 4787 5212
f 4229 4225 4258
f 4258 3684 5565
f 7037 4859 5486
f 3684 4258 4225
f 3864 3938 3144
f 4812 4249 4247
f 4046 4249 4812
f 4046 3709 5242
f 5212 3712 4603
f 3714 5369 4560
f 3332 4156 3147
f 4951 4253 4251
f 4156 3087 4789
f 4251 4253 5265
f 3889 4301 3776
f 3889 3292 4301
f 3740 4469 4966
f 3382 4469 3740
f 4228 4231 5181
f 3740 3146 5276
f 3344 4185 4161
f 4541 4558 3569
f 3820 3748 4396
f 3748 5237 4396
f 4248 5237 3748
f 3748 3820 3762
f 5198 4254 4255
f 5279 4255 4254
f 5292 5279 4254
f 4324 5292 4254
f 5063 4185 2399
f 3772 3339 3815
f 3431 4364 3488
f 5075 4627 4294
f 4372 3265 4337
f 4027 4337 4044
f 5016 3779 3774
f 3774 3779 3292
f 5079 4307 5075
f 4288 3780 4426
f 4652 3787 3311
f 3787 4652 3963
f 3963 4666 4181
f 2089 3359 3361
f 4260 4849 5267
f 3093 4352 3295
f 3971 5455 5125
f 4664 3802 3661
f 5129 3971 5125
f 4786 3418 4228
f 3380 4849 5449
f 5449 4502 3380
f 3418 4913 4202
f 4805 3812 3254
f 3810 5027 5436
f 4913 3824 4202
f 6250 3361 5508
f 4461 3164 3812
f 3815 3378 3772
f 3254 3825 3255
f 3254 3587 3825
f 3949 5083 5107
f 4255 4366 3432
f 4508 3817 4712
f 4839 3863 4063
f 5107 4651 5459
f 4431 3821 4882
f 4431 3830 3821
f 4368 3378 4389
f 5237 3109 4396
f 5156 3406 4630
f 4854 4849 4848
f 4393 3838 4384
f 3943 4437 3337
f 3398 5144 3343
f 3164 4461 4470
f 3337 4437 4459
f 3343 5149 3398
f 3130 4444 3513
f 3112 4813 3849
f 3124 5350 3849
f 3349 3320 3847
f 4156 4892 4853
f 3511 3418 3799
f 3511 4913 3418
f 4452 3112 3410
f 3776 4682 4555
f 4555 3889 3776
f 3864 3144 4771
f 3382 4757 4469
f 3825 4505 3826
f 4505 3825 4515
f 4247 4550 5212
f 3881 3876 4515
f 5010 4559 4568
f 4249 4560 4550
f 3881 4601 3876
f 4249 5242 4560
f 4598 4601 3881
f 4592 5000 3882
f 4253 4514 5265
f 4514 3774 5265
f 5010 5013 4995
f 3377 3609 3871
f 3609 4598 3881
f 4502 3062 3380
f 3609 3895 4598
f 3377 3895 3609
f 3156 3928 5036
f 4460 4187 5917
f 3927 3928 4600
f 4598 3895 4604
f 3905 3909 3902
f 4637 3916 5930
f 3905 4525 3909
f 5186 4193 7268
f 7268 4193 4192
f 5115 4607 5090
f 3386 3929 4961
f 3909 4525 3435
f 3389 4519 3914
f 5442 4519 3389
f 3921 4700 4172
f 4552 3914 4519
f 3925 4528 4525
f 4528 3435 4525
f 4508 5563 6455
f 4552 3925 3914
f 4552 4555 3925
f 3927 4628 3928
f 3935 4628 3927
f 5440 3125 5365
f 5084 4628 5108
f 4301 4625 4307
f 4711 3396 5450
f 3943 3337 3944
f 4641 3935 5118
f 4628 3958 5108
f 5118 5122 4641
f 4652 5408 4649
f 4157 3615 3082
f 4175 3948 3403
f 3963 4652 3525
f 5459 4651 5066
f 4160 4654 5064
f 3958 4671 5108
f 4658 4183 3958
f 4671 3958 4183
f 3948 4649 5408
f 4354 3966 3959
f 4682 5079 4621
f 3435 4528 4621
f 4348 3656 3082
f 3435 4631 4451
f 3435 5074 4631
f 5074 3435 4621
f 6498 4273 7359
f 3539 5440 5452
f 4758 4740 5169
f 4712 4469 4757
f 3966 4731 4918
f 5457 4918 4800
f 5085 4345 5086
f 3995 3130 3513
f 3513 4805 3995
f 4364 4366 3494
f 4805 3513 4012
f 3467 5093 4011
f 5085 4773 4345
f 4032 4437 4814
f 4032 4814 3254
f 4337 3265 4018
f 3468 4018 3265
f 3382 4760 4757
f 4012 3507 4020
f 4413 3468 3265
f 4023 3212 3675
f 3212 4023 4408
f 4758 4023 3675
f 4771 4770 4536
f 4820 4809 3112
f 4408 4023 4779
f 4882 3519 4459
f 4850 4801 3109
f 3510 3124 4813
f 4046 4812 3493
f 3503 4046 3493
f 4627 3130 4424
f 3943 4627 4424
f 4072 4081 5030
f 4065 3525 4649
f 3525 4065 3720
f 4901 4906 3064
f 4898 4555 4682
f 5658 3594 4095
f 3549 3889 4511
f 4095 4106 5658
f 4096 3930 5061
f 5666 4106 4602
f 4966 4063 3561
f 4526 4110 3146
f 4559 4990 3569
f 4990 4995 4994
f 3414 5006 4592
f 4114 5000 4118
f 5666 4887 6622
f 4147 4151 5006
f 4270 4994 5009
f 5008 3166 4118
f 4132 5009 4994
f 5009 4132 5334
f 4142 5334 4132
f 4147 4152 4151
f 5454 5052 4157
f 5050 4157 5052
f 4152 4158 4151
f 4386 5052 3949
f 3463 4789 3739
f 4158 5113 3638
f 3334 5129 4671
f 3463 3739 4161
f 4161 3859 3463
f 5066 4651 4160
f 5079 5075 4700
f 4294 5067 4172
f 3662 4664 4193
f 3921 5074 4700
f 4405 5086 4336
f 3167 3170 3927
f 3935 3170 5118
f 5113 3403 3638
f 5523 5050 5052
f 3638 3403 5118
f 5911 5523 5052
f 4711 5450 5115
f 5122 5118 3403
f 5459 5066 4386
f 7247 4187 5183
f 4833 5156 4802
f 4760 4715 4757
f 4228 4202 4231
f 4228 3418 4202
f 4833 5160 5156
f 5160 4833 4851
f 4851 3809 5160
f 5149 3343 4215
f 4508 6575 3817
f 3684 3933 5565
f 3933 3684 4218
f 3833 5449 4849
f 3835 5449 3833
f 3880 4244 3520
f 4550 4247 4249
f 3295 4254 5198
f 4046 5242 4249
f 3740 5276 3382
f 5277 3762 3820
f 3859 3880 4931
f 4541 3569 4270
f 3339 3762 5280
f 4273 3712 4560
f 4560 5369 4273
f 3339 5280 3815
f 4287 3849 5350
f 4248 4282 3858
f 5350 4288 4287
f 4456 4288 5350
f 4288 4423 4287
f 4287 4423 3410
f 4423 4288 4426
f 5440 5365 5115
f 4627 5067 4294
f 3780 4288 3902
f 5399 5075 4307
f 7595 7776 6627
f 4324 3815 5292
f 7780 5476 6198
f 3815 4324 5444
f 7595 6627 6182
f 6182 5486 6586
f 5449 4857 4502
f 4336 4345 4706
f 5457 5112 3779
f 4706 4717 4336
f 4758 5169 5181
f 3431 3488 4717
f 5181 4008 4758
f 6586 5486 6640
f 3432 3431 3093
f 4352 4408 3295
f 4377 4372 4364
f 3909 3780 3902
f 4231 4008 5181
f 4231 3816 4008
f 3816 4393 3107
f 4408 4384 3295
f 3914 4389 3378
f 4187 4460 4160
f 3656 5085 3082
f 5085 3656 3685
f 3656 3810 3685
f 3810 3675 3685
f 5183 3406 5186
f 4405 5083 5454
f 3949 5454 5083
f 3949 5107 5459
f 4413 3820 3468
f 4192 4664 3661
f 3820 4413 5277
f 5119 4410 4415
f 3488 4415 4651
f 4626 4802 4630
f 4801 4851 4044
f 5112 5457 4420
f 4800 4420 5457
f 4800 4444 4420
f 5154 4425 3803
f 5156 4427 3662
f 3943 4424 4437
f 3315 4809 4425
f 4426 3420 4423
f 4431 4507 3830
f 3780 4450 4426
f 3849 4813 3124
f 3420 4426 4450
f 4839 3112 4452
f 5144 3398 4664
f 4859 3903 6640
f 5144 3662 4427
f 3858 4456 3124
f 4451 4450 3780
f 3858 3860 4456
f 4456 5350 3124
f 4440 4839 4063
f 4386 4460 5911
f 4109 4452 3410
f 5917 4187 7247
f 3860 3867 4456
f 6428 5937 5930
f 4470 3606 3164
f 4470 3871 3606
f 3826 4507 4431
f 7188 5591 5587
f 4507 3826 4505
f 4502 3064 3062
f 3064 4076 3062
f 4515 3876 4505
f 3876 4521 4505
f 4760 4225 4229
f 4514 5005 3774
f 5563 4258 5565
f 3609 3606 3871
f 3851 4552 4519
f 3292 5106 4301
f 3292 3889 5265
f 3146 3863 4526
f 3605 3881 4515
f 5301 4771 4541
f 5276 4761 3382
f 5276 4110 3110
f 5002 3110 4110
f 4766 4557 4558
f 4557 3110 5002
f 3714 4560 5242
f 5000 4568 3882
f 4601 4566 3876
f 5010 4568 5000
f 5013 4576 4995
f 4812 5301 5009
f 5334 4812 5009
f 4582 4593 4132
f 5629 3938 4603
f 3414 3568 4583
f 3414 4592 3568
f 3656 5028 5027
f 4598 4602 4601
f 4604 4602 4598
f 3928 3156 4600
f 3503 3493 5029
f 4609 4602 4604
f 6498 7357 4603
f 4611 5029 5365
f 5454 4157 4405
f 3921 4172 4624
f 4175 3403 4624
f 5399 4625 3130
f 4630 3406 5183
f 5074 3921 4631
f 4627 5399 3130
f 5149 4637 3398
f 3935 4641 4628
f 4641 3958 4628
f 3948 5082 5122
f 4652 4649 3525
f 3963 3525 4082
f 4649 3337 4073
f 5079 4682 3776
f 5440 3539 3125
f 4712 3817 4692
f 4706 4345 4773
f 4712 4757 4715
f 3431 4717 4706
f 4729 4731 3966
f 3494 4377 4364
f 4377 3494 4413
f 4761 4760 3382
f 3147 4156 4853
f 4766 4536 4770
f 4225 4761 4766
f 5083 4336 4788
f 4788 5107 5083
f 4044 4018 3109
f 5301 4247 4787
f 3109 4801 4044
f 5117 4337 4027
f 5117 4027 4802
f 4337 5119 4372
f 3507 4800 4020
f 4918 4020 4800
f 4012 3812 4805
f 4231 4202 3824
f 4044 4833 4027
f 3315 3510 4813
f 4032 3254 3255
f 4012 4461 3812
f 4020 4461 4012
f 4106 5663 5658
f 5666 5663 4106
f 3503 3709 4046
f 3503 4844 3709
f 3803 3343 5154
f 4215 3803 4440
f 4848 4841 4854
f 3315 4801 3510
f 4801 4850 3510
f 4857 5449 3835
f 3520 3833 4854
f 3520 4244 3833
f 4032 3255 4882
f 3720 4455 3525
f 4063 4863 4440
f 4434 4028 3272
f 4063 4966 4863
f 4731 4935 4918
f 3511 4853 4892
f 4905 4731 4724
f 4905 4935 4731
f 4935 4020 4918
f 4892 4256 4913
f 4841 4913 4256
f 4256 4923 4841
f 4931 3520 4923
f 4931 3880 3520
f 3549 4948 4251
f 4461 4020 3299
f 4948 4944 4251
f 4452 4109 3863
f 4109 4526 3863
f 4592 3882 3568
f 3569 4990 4270
f 4990 4994 4270
f 5006 5008 4592
f 4995 5004 4994
f 5008 4118 5000
f 5006 4151 5008
f 3166 5008 4151
f 5013 5010 4114
f 4600 5013 3167
f 3362 5030 3377
f 3779 5112 3292
f 4142 3603 5029
f 5365 5029 3603
f 5084 5090 5036
f 4158 4152 5069
f 5069 5113 4158
f 5030 4081 3377
f 3377 4081 3895
f 3334 4671 4183
f 4682 4621 4898
f 4604 4081 3906
f 3949 5459 4386
f 5061 3906 4081
f 5067 4175 4172
f 4624 3403 5113
f 5074 5079 4700
f 3930 3386 5061
f 3935 3927 3170
f 4405 4336 5083
f 3948 5408 5082
f 3311 4181 4183
f 5067 3944 4175
f 3944 3948 4175
f 5084 3396 5090
f 5108 3396 5084
f 4712 4715 4508
f 5455 5450 5125
f 4415 3488 4372
f 3948 5122 3403
f 4760 4229 4715
f 5144 4427 5154
f 5154 4427 5160
f 5154 5160 3809
f 4460 5066 4160
f 4771 3144 4770
f 5181 5169 4228
f 4966 4469 4471
f 4863 4966 4471
f 3468 3820 4396
f 6627 7037 5486
f 4248 3858 5237
f 3730 4253 4951
f 5279 4417 4255
f 4218 5568 3933
f 4260 5267 4393
f 5568 4218 3938
f 6640 4463 5591
f 4324 3838 5419
f 5277 5280 3762
f 5277 5279 5280
f 5280 5279 5292
f 4536 4558 4541
f 4270 5301 4541
f 4287 3410 3849
f 5301 4270 5009
f 4282 3860 3858
f 3938 3864 4603
f 3391 3860 4282
f 4282 3772 3391
f 5334 5029 3493
f 4288 4456 3867
f 3712 4273 6498
f 3776 4307 5079
f 5419 5444 4324
f 3380 5267 4849
f 3380 5431 5267
f 5431 5444 5419
f 5292 3815 5280
f 5444 5431 5442
f 5848 7238 7548
f 3361 6250 2089
f 5769 7648 7777
f 6230 7595 5492
f 7506 5492 6805
f 7241 5493 7429
f 5848 6741 6747
f 6897 6890 5492
f 6747 6324 5848
f 7659 6747 6004
f 5183 6421 7247
f 5183 5186 6421
f 7562 5963 7677
f 6534 7252 5545
f 4192 5937 7268
f 6575 6573 5235
f 4508 6455 6575
f 5563 6462 6455
f 7031 6361 7095
f 5629 4603 7354
f 7548 5520 5476
f 7648 7188 7777
f 7648 6382 7188
f 5493 7241 6890
f 7548 5476 7241
f 3916 7434 5930
f 3933 7295 7468
f 5629 7616 5568
f 7729 6897 7412
f 6129 5493 6897
f 7458 5594 6619
f 5520 7548 7238
f 6625 5651 7013
f 4080 3594 6078
f 5658 6078 3594
f 7247 6421 6095
f 7536 7268 6428
f 5725 7434 6128
f 7434 7552 6128
f 7434 7441 7552
f 7295 7603 6680
f 7603 7295 7616
f 6900 5709 7770
f 5709 5552 7770
f 5712 5552 5709
f 6428 7539 6645
f 7552 7441 7560
f 7659 7237 7260
f 6693 7539 7665
f 6284 7731 6673
f 7676 6396 5860
f 6416 6396 7677
f 7584 7468 6680
f 6095 6645 7662
f 7539 7662 6645
f 7701 6144 7584
f 6140 7560 6135
f 6680 7603 7600
f 7616 7617 7603
f 7144 6693 7665
f 7570 6818 7684
f 7556 6190 6284
f 6201 6135 7583
f 6190 6693 6373
f 7570 6207 6818
f 7603 7135 7600
f 6890 7773 6230
f 7429 7548 7241
f 7770 5552 6987
f 7135 6800 5545
f 7143 7548 7429
f 5848 7548 7143
f 6900 7031 7024
f 5546 7770 5887
f 6987 6383 7770
f 6324 7238 5848
f 7659 6207 7237
f 7609 7237 6207
f 6201 6396 7675
f 6201 7562 6396
f 7600 7135 7252
f 6383 6987 7075
f 6362 6361 7031
f 7407 4460 5917
f 7408 7412 7506
f 5493 6890 6897
f 6573 6575 6144
f 5565 6462 5563
f 6805 6586 6382
f 6182 6586 6805
f 5565 3933 7468
f 6516 6129 6284
f 6516 6284 6190
f 7595 7773 7776
f 7241 5476 7780
f 7677 5963 5737
f 7252 6534 5963
f 5545 7255 6534
f 7354 4603 7357
f 2379 7776 6198
f 6182 6627 5486
f 3903 4463 6640
f 7247 7416 5917
f 7143 6741 5848
f 7144 6004 6741
f 7441 7434 3916
f 5235 6573 7441
f 7407 7416 6619
f 6421 7536 6095
f 6673 7458 7651
f 7441 6573 7560
f 7354 7616 5629
f 6428 6645 7536
f 3240 2403 6250
f 4162 5552 5712
f 4162 7723 5552
f 6284 6673 7651
f 6680 7468 7295
f 7556 7531 6683
f 7531 7556 7651
f 7412 6897 5492
f 7616 7614 7617
f 7583 6135 6146
f 6146 6144 7700
f 6135 7609 6140
f 7584 6680 7701
f 7701 7700 6144
f 7622 6800 7617
f 6800 7622 6807
f 7622 5752 6807
f 7662 6190 6683
f 6693 7144 7702
f 6693 6190 7662
f 6135 6201 7609
f 7250 7600 7252
f 5492 7595 6805
f 7675 7676 7163
f 6396 6416 5860
f 6161 5587 3240
f 5737 5963 5861
f 6890 6230 5492
f 7412 5492 7506
f 7429 5493 6129
f 6129 7731 6284
f 7770 6383 5887
f 7723 5551 5552
f 6747 7260 6324
f 7013 7260 6404
f 5546 6362 7031
f 5887 6362 5546
f 5887 5559 6362
f 6627 2379 7008
f 5552 5551 7075
f 7776 2379 6627
f 6627 7008 7037
f 6890 7780 7773
f 7163 7237 7609
f 7583 5963 7562
f 7583 7700 5963
f 5545 7252 7135
f 7407 5523 5911
f 7407 5911 4460
f 5186 7268 6421
f 7729 7731 6897
f 5552 7075 6987
f 6900 7770 5546
f 3916 5235 7441
f 5546 7031 6900
f 7024 7779 6900
f 6462 5565 7468
f 7295 3933 5568
f 6201 7675 7609
f 5568 3938 5629
f 7238 6324 5651
f 6324 7013 5651
f 7013 6324 7260
f 7359 7357 6498
f 7684 6818 7144
f 6373 7702 7143
f 6818 6004 7144
f 6818 7659 6004
f 5917 7416 7407
f 6421 7268 7536
f 7777 5587 6161
f 5937 6428 7268
f 5930 7434 5725
f 6586 6640 5591
f 7295 5568 7616
f 6198 7773 7780
f 7354 6068 7614
f 6516 7429 6129
f 6683 7416 7247
f 7247 6095 6683
f 7531 7651 6619
f 6146 7560 6573
f 7536 6645 6095
f 5725 7665 7539
f 6462 7468 7584
f 7665 5725 6128
f 7700 7701 7250
f 7354 7614 7616
f 7614 6068 7615
f 7552 6140 7570
f 6140 7552 7560
f 7583 7562 6201
f 7615 7617 7614
f 6805 7595 6182
f 6128 7684 7665
f 6140 7609 6207
f 7506 6805 6382
f 6146 7700 7583
f 7617 7135 7603
f 7617 6800 7135
f 6516 7143 7429
f 7665 7684 7144
f 6004 6747 6741
f 7237 6404 7260
f 7237 7163 6404
f 6683 6190 7556
f 6284 7651 7556
f 7570 6140 6207
f 6900 7779 4961
f 7250 7701 7600
f 7702 6373 6693
f 6230 7773 7595
f 6818 6207 7659
f 5591 6382 6586
f 6382 5591 7188
f 7773 6198 7776
f 7241 7780 6890
f 5769 7777 7529
f 7562 7677 6396
f 7675 6396 7676
f 6373 7143 6516
f 6128 7570 7684
f 7677 5865 6416
f 7188 5587 7777
f 7539 6693 7662
f 7702 7144 6741
f 7675 7163 7609
f 7702 6741 7143
f 7700 7250 5963
f 7250 7252 5963
f 6373 6516 6190
f 7260 6747 7659
f 5930 5725 6428
f 5594 5523 6619
f 7354 7357 6068
f 6619 5523 7407
f 7357 7359 6068
f 7617 7615 7622
f 7731 6129 6897
f 6680 7600 7701
f 6619 7651 7458
f 6575 7584 6144
f 6455 7584 6575
f 6455 6462 7584
f 7416 7531 6619
f 7416 6683 7531
f 6135 7560 6146
f 6573 6144 6146
f 5725 7539 6428
f 7552 7570 6128
f 6095 7662 6683
f 926 368 1785
f 1304 1014 45
f 1304 45 133
f 1461 427 355
f 85 355 427
f 1008 802 1039
f 802 1182 1039
f 45 1713 1081
f 288 433 1253
f 45 1081 172
f 1597 527 895
f 123 212 1373
f 1419 1461 1716
f 172 1081 66
f 172 1200 45
f 1461 1419 427
f 1217 427 1419
f 1376 133 1200
f 1410 1393 1200
f 1800 1761 1264
f 368 1726 895
f 1393 1376 1200
f 745 469 4
f 814 1247 793
f 583 1455 538
f 492 1455 583
f 716 944 566
f 389 1423 1199
f 1716 814 920
f 536 538 853
f 288 1868 1373
f 1254 243 389
f 368 926 939
f 926 930 939
f 1761 744 1387
f 1716 1198 1387
f 920 1419 1716
f 1304 793 1039
f 288 1253 1438
f 1217 1419 274
f 1217 274 1562
f 1198 1264 1761
f 389 1443 1423
f 1008 943 297
f 1626 1786 877
f 802 1626 877
f 206 1461 355
f 85 1373 355
f 1373 85 288
f 536 853 1788
f 536 1788 1604
f 390 1562 1393
f 1008 1626 802
f 2572 1787 1609
f 1507 1609 727
f 433 279 1253
f 1039 943 1008
f 469 1155 1593
f 1455 492 1704
f 1761 1387 1198
f 492 1021 1781
f 1782 524 512
f 1726 368 939
f 583 538 536
f 727 1609 1704
f 943 1021 297
f 943 1039 793
f 793 1247 943
f 1800 2563 648
f 1785 369 1588
f 524 833 1155
f 433 1217 1562
f 833 524 1782
f 1562 632 433
f 1593 1155 1588
f 492 1781 1704
f 469 745 1155
f 745 728 1126
f 1126 1155 745
f 1609 1787 1456
f 716 1609 1456
f 727 1704 1781
f 1761 648 744
f 1761 1800 648
f 727 1781 744
f 727 744 648
f 793 1304 344
f 814 793 344
f 1047 3215 4196
f 527 1785 368
f 1047 206 3215
f 920 814 344
f 1588 926 1785
f 1809 2708 330
f 930 926 1588
f 330 2708 1868
f 1788 930 1588
f 6540 857 866
f 1786 379 1805
f 616 929 877
f 368 895 527
f 930 853 944
f 379 1626 536
f 1604 833 1782
f 1726 939 1456
f 566 538 1455
f 274 1419 920
f 1182 802 877
f 939 944 1456
f 944 853 566
f 1713 1182 929
f 853 930 1788
f 1182 1713 1014
f 5760 946 1199
f 45 1014 1713
f 744 1021 1247
f 786 1264 1047
f 527 1041 1785
f 744 1247 1387
f 279 433 632
f 61 66 1081
f 857 206 212
f 857 212 866
f 123 866 212
f 237 1363 1150
f 107 172 66
f 3891 1363 946
f 369 1593 1588
f 1200 133 45
f 1039 1182 1014
f 1039 1014 1304
f 389 1199 946
f 1410 1200 172
f 330 1868 288
f 1264 1198 1047
f 288 85 433
f 133 344 1304
f 1376 344 133
f 212 206 355
f 1373 212 355
f 946 1363 237
f 237 389 946
f 344 1376 274
f 939 930 944
f 1376 1393 274
f 583 536 1626
f 390 1393 1410
f 1626 1008 583
f 1410 172 107
f 297 583 1008
f 389 237 1254
f 1461 1047 1198
f 1562 274 1393
f 1495 895 1726
f 243 1443 389
f 632 1562 390
f 1456 944 716
f 566 1704 716
f 1704 566 1455
f 1021 943 1247
f 744 1781 1021
f 1507 2572 1609
f 1716 1461 1198
f 727 648 1507
f 427 1217 85
f 433 85 1217
f 274 920 344
f 524 1155 1126
f 379 1786 1626
f 369 1785 1041
f 536 1604 379
f 566 853 538
f 1691 616 1680
f 1689 1691 1680
f 616 1691 929
f 1264 3866 1800
f 583 297 492
f 1718 895 1495
f 1021 492 297
f 814 1387 1247
f 929 1691 1713
f 1716 1387 814
f 1689 1713 1691
f 1689 1081 1713
f 1787 1726 1456
f 1495 1726 1787
f 1704 1609 716
f 833 1588 1155
f 833 1788 1588
f 833 1604 1788
f 6548 866 123
f 6540 866 6548
f 1868 3268 123
f 786 3866 1264
f 6548 123 3268
f 1150 3285 1809
f 1363 3285 1150
f 786 1047 4196
f 206 1047 1461
f 929 1182 877
f 1868 123 1373
f 3228 4629 6797
f 4764 6170 6778
f 3669 4629 3228
f 6494 6778 6797
f 3462 3449 5934
f 3474 3462 4462
f 4629 5874 5924
f 6663 5616 4980
f 4958 3563 6259
f 3601 3593 4899
f 3593 3601 6286
f 4367 5618 5623
f 7037 6989 1977
f 7037 1977 4859
f 5924 5934 3449
f 4462 1996 3474
f 3449 5021 3563
f 2561 3968 3466
f 4958 3541 5924
f 3449 3563 4958
f 4412 2568 2572
f 3459 2563 6183
f 2670 4401 6659
f 4835 3669 3590
f 6659 3263 2670
f 5686 6183 3483
f 5874 4835 5934
f 2151 5934 4835
f 3483 2160 2154
f 2170 2154 2160
f 3623 3590 2889
f 4462 6663 1996
f 3149 5921 5509
f 6663 4462 4858
f 3155 6385 4235
f 3793 4716 6170
f 3652 3676 4969
f 5348 2192 2258
f 3793 6170 4764
f 6188 5299 6297
f 2192 6682 2258
f 2248 6188 6297
f 2248 6297 6298
f 2488 5342 3682
f 6984 3725 2248
f 3336 4775 3260
f 3746 6197 3951
f 2279 6446 2297
f 3541 3844 2329
f 3844 3541 4958
f 4445 6784 3634
f 5481 6309 3081
f 6259 6574 2859
f 6003 6546 4111
f 3910 6843 4238
f 6546 5348 4111
f 4958 6259 2429
f 4964 5585 6648
f 5351 6984 6299
f 6286 3085 3078
f 3601 5021 3085
f 6853 3968 2561
f 7644 4388 6125
f 2568 1787 2572
f 2561 1996 6648
f 3985 6309 5481
f 5618 5616 5342
f 2160 3866 786
f 6659 6422 3793
f 2708 6878 7011
f 6546 6003 4472
f 6546 4472 5386
f 3214 4530 3937
f 6109 4472 7574
f 6197 6993 3951
f 5921 5299 2889
f 5299 5921 6297
f 6298 6297 6769
f 5625 3844 4675
f 3926 3126 5645
f 2967 3336 2955
f 2967 6566 4207
f 2983 6045 7011
f 6133 2983 6878
f 6133 5714 6152
f 6133 6152 5530
f 3625 3081 3602
f 3081 3625 4713
f 7436 6360 6261
f 3123 3910 5660
f 5660 3910 6658
f 3119 5126 4033
f 5484 3126 3926
f 3926 2162 5484
f 2162 3926 6937
f 5278 4720 4498
f 6464 5278 4498
f 5756 4586 3155
f 5264 6631 6733
f 6733 6631 5756
f 5530 3536 6133
f 3937 5783 3214
f 5554 5134 2155
f 6023 5134 5554
f 857 3215 206
f 3249 6972 3625
f 3263 6659 6678
f 6726 3462 5934
f 6726 5934 2151
f 7481 4775 6040
f 1363 3891 5714
f 4446 6631 5264
f 6040 4775 5684
f 6170 4319 6778
f 5760 3891 946
f 4675 6705 5625
f 7425 3931 5585
f 5603 1718 3777
f 4446 5264 6898
f 5924 3449 4958
f 4412 5664 2568
f 3459 4412 2572
f 5684 4775 4207
f 3459 6183 2332
f 3449 3462 3466
f 4764 6778 6494
f 6494 6797 2329
f 3214 4482 2162
f 6566 6227 4899
f 6566 4899 3593
f 4530 3214 2162
f 4367 4363 5618
f 4357 4445 5662
f 4859 1977 3903
f 4899 3563 3601
f 4445 4357 2279
f 4980 4964 6648
f 5509 5921 4530
f 6769 5921 3149
f 6392 6769 3149
f 7238 4363 5520
f 3155 6356 6894
f 3228 3937 3590
f 3085 6286 3601
f 3563 5021 3601
f 3590 3623 4835
f 3625 3602 3249
f 3623 2889 5299
f 4713 3625 6972
f 3652 4858 3676
f 4835 5874 3669
f 3682 3652 4969
f 4896 5299 6188
f 6705 6464 3263
f 6299 6197 5351
f 5351 6197 3894
f 6309 3602 3081
f 5732 3757 5386
f 4720 5732 5386
f 1495 3777 1718
f 6422 4024 4716
f 5651 6625 4363
f 2568 1495 1787
f 1507 648 2563
f 4191 3126 2170
f 3336 3260 2258
f 6501 3126 4191
f 3459 2572 1507
f 5645 3126 6501
f 4987 6528 3850
f 1800 3483 2563
f 4958 2429 3844
f 6548 7041 6540
f 3483 1800 3866
f 6566 2967 6227
f 6991 3894 6309
f 6360 3908 6843
f 2429 6259 2859
f 6661 6853 3931
f 3937 4530 2889
f 3149 4987 6868
f 3149 6868 6392
f 3359 6309 3985
f 5554 2155 6898
f 5623 6985 4391
f 5554 6898 4024
f 3894 6991 5351
f 6678 6659 3793
f 3081 4713 5481
f 6494 6705 6678
f 6937 5509 2162
f 4482 6385 5484
f 2806 6105 2859
f 2806 2955 6105
f 2859 5732 2429
f 2429 4720 4675
f 3844 2429 4675
f 3359 6991 6309
f 5348 7705 4111
f 6909 6017 3260
f 4191 786 4196
f 4775 2967 4207
f 5639 4196 3215
f 3215 5647 5639
f 5647 3215 857
f 5647 857 3850
f 4238 3078 6853
f 2708 1809 3285
f 4319 4235 5783
f 3850 857 6540
f 3937 3204 5783
f 4980 6648 6663
f 5348 6546 2192
f 5760 3119 3891
f 4357 5603 3777
f 2670 6134 6131
f 6109 6134 2670
f 4357 3777 6446
f 7644 4338 4388
f 4388 4338 6023
f 6446 3777 2568
f 6131 4388 4401
f 6446 2568 5664
f 4412 3459 2332
f 6991 3903 1977
f 5874 5934 5924
f 5691 5686 2154
f 4401 5196 6422
f 6678 6705 3263
f 6116 3536 6993
f 3449 3466 5021
f 6682 2192 6105
f 3757 6105 2192
f 5756 3155 4235
f 5783 4235 6385
f 4720 5278 4675
f 5278 6705 4675
f 3602 3951 5530
f 6420 6360 7436
f 4716 4024 5264
f 3474 3466 3462
f 7425 5585 7165
f 4964 7013 7165
f 6625 4980 5616
f 6797 3541 2329
f 6122 4858 6726
f 6843 3908 3078
f 4462 6726 4858
f 3623 5299 4896
f 3623 4896 6122
f 5585 3931 6648
f 6122 3676 4858
f 6663 4858 3652
f 3725 3682 4969
f 3652 3682 6177
f 6122 4896 3676
f 6188 3676 4896
f 6188 4969 3676
f 7041 3850 6540
f 5714 3891 6152
f 1507 2563 3459
f 6937 4987 3149
f 3602 6309 3746
f 3536 2983 6133
f 6183 2563 3483
f 6985 3725 6984
f 2160 3483 3866
f 6374 6023 4338
f 786 2170 2160
f 2170 786 4191
f 4388 6023 5196
f 3249 6152 3119
f 4401 4388 5196
f 3119 6972 3249
f 6972 3119 4033
f 6464 2670 3263
f 6705 5278 6464
f 6663 6177 5616
f 6985 5623 2488
f 5616 6177 5342
f 3757 2192 6546
f 5623 5342 2488
f 3757 6546 5386
f 6494 2329 5625
f 3951 3602 3746
f 2258 6017 5348
f 4363 7238 5651
f 5474 3126 5484
f 6574 6227 2806
f 2162 4482 5484
f 6227 2967 2955
f 4530 2162 5509
f 4207 6566 3908
f 6853 3078 3085
f 6843 3910 6261
f 3968 3085 5021
f 3085 3968 6853
f 3931 6853 2561
f 3931 2561 6648
f 5662 5603 4357
f 4964 4980 6625
f 5623 5618 5342
f 6501 4196 5639
f 6494 5625 6705
f 5639 5645 6501
f 5639 5647 5645
f 6528 5645 5647
f 5686 2332 6183
f 5714 3285 1363
f 4445 2279 6784
f 6784 2279 4478
f 6597 2154 2170
f 2429 5732 4720
f 6631 6709 4586
f 2967 4775 3336
f 4446 6709 6631
f 3228 3204 3937
f 4238 6843 3078
f 6661 4238 6853
f 6733 5756 4319
f 6778 3204 3228
f 4629 3669 5874
f 2889 4530 5921
f 6297 5921 6769
f 6392 7020 6769
f 5264 6733 4716
f 4716 6733 6170
f 6170 6733 4319
f 3155 4586 6356
f 4363 5616 5618
f 6385 4482 5783
f 6597 2170 3126
f 5783 4482 3214
f 7705 5348 6017
f 5021 3466 3968
f 7704 6941 4111
f 6003 4111 6941
f 6023 6374 5134
f 3541 6797 4629
f 5645 6528 4987
f 6023 5554 5196
f 3541 4629 5924
f 3903 6991 3359
f 4111 7705 7704
f 6878 5714 6133
f 7274 7045 5660
f 7274 5660 7176
f 7447 6355 5684
f 6355 5873 6040
f 7122 7481 5884
f 6801 5534 6909
f 3891 3119 6152
f 2561 3466 3474
f 7481 6909 3260
f 3590 3669 3228
f 2561 3474 1996
f 4401 2670 6131
f 6798 6039 5506
f 6801 5506 7235
f 6937 3926 4987
f 3623 2151 4835
f 6418 5534 7311
f 3757 5732 6105
f 6122 6726 2151
f 6464 6109 2670
f 6116 6045 2983
f 6116 2983 3536
f 7176 7676 5860
f 5860 7274 7176
f 3336 2258 6682
f 6766 6420 6346
f 6898 2155 4690
f 6776 6355 5543
f 7020 6392 6949
f 6426 5873 6355
f 6125 4388 6131
f 6131 6134 6125
f 5884 7074 7122
f 7332 5972 5897
f 3623 6122 2151
f 7243 6126 5534
f 6464 4498 6109
f 4498 4472 6109
f 7255 5543 6766
f 3777 1495 2568
f 4720 5386 4498
f 7706 6426 6776
f 4472 4498 5386
f 6177 6663 3652
f 7216 5558 6033
f 6039 5558 7734
f 6275 7277 5897
f 7735 5897 7277
f 6899 5506 5972
f 5342 6177 3682
f 2488 3682 3725
f 7243 6801 7235
f 6134 6109 7620
f 6188 2248 3725
f 3725 4969 6188
f 7620 6109 7574
f 5616 4363 6625
f 3894 6197 3746
f 6309 3894 3746
f 5686 3483 2154
f 3908 6360 5684
f 1996 6663 6648
f 6574 4899 6227
f 3908 6566 3593
f 2488 3725 6985
f 3563 4899 6574
f 6259 3563 6574
f 3123 6261 3910
f 3590 3937 2889
f 6661 3931 7425
f 3123 6346 7436
f 6420 7436 6346
f 3908 3593 3078
f 6404 6335 7165
f 3078 3593 6286
f 7165 5585 4964
f 6993 6197 6299
f 7013 4964 6625
f 7447 5684 6360
f 6766 5861 6534
f 7255 6766 6534
f 7266 7706 7472
f 7734 5972 6039
f 5972 5506 6039
f 4024 6898 5264
f 2279 4357 6446
f 6422 4716 3793
f 6678 3793 4764
f 6678 4764 6494
f 3602 5530 3249
f 2806 2859 6574
f 4191 4196 6501
f 7676 6335 7163
f 3844 5625 2329
f 5543 6420 6766
f 7676 7176 6719
f 6346 5865 5861
f 5543 7447 6420
f 3850 6528 5647
f 3285 6878 2708
f 5506 7122 6798
f 6801 7122 5506
f 6227 2955 2806
f 5714 6878 3285
f 5972 7332 6899
f 3260 6017 2258
f 4775 7481 3260
f 6719 7176 6658
f 7266 7277 7706
f 5760 5126 3119
f 5897 7216 6275
f 1849 5126 5760
f 5196 5554 4024
f 5196 4024 6422
f 5756 6631 4586
f 4401 6422 6659
f 6261 6360 6843
f 6658 3910 4238
f 6658 4238 6661
f 4235 4319 5756
f 7704 7311 7379
f 3204 4319 5783
f 7379 5740 7704
f 6335 6719 7425
f 6033 5872 6273
f 6003 5746 4472
f 6033 6798 5872
f 7574 4472 5746
f 6798 6033 5558
f 5558 6039 6798
f 5684 6355 6040
f 3462 6726 4462
f 3951 6993 3536
f 3951 3536 5530
f 2859 6105 5732
f 2955 6682 6105
f 2955 3336 6682
f 6778 4319 3204
f 5534 6126 7311
f 7020 6298 6769
f 6797 6778 3228
f 5684 4207 3908
f 5645 4987 3926
f 6868 4987 3850
f 7735 7266 7687
f 3850 7041 6868
f 6868 7041 6392
f 6392 7041 6949
f 6878 2983 7011
f 4446 6898 4690
f 6385 6894 5474
f 5484 6385 5474
f 7677 5737 5865
f 6534 5861 5963
f 6776 5543 7255
f 7706 6273 6426
f 6937 3149 5509
f 6152 3249 5530
f 6658 7176 5660
f 6298 6299 2248
f 2248 6299 6984
f 6989 5351 6991
f 4391 6985 7008
f 7020 6993 6298
f 6989 6991 1977
f 7037 7008 6989
f 7041 6548 6949
f 3268 7011 6045
f 6993 7020 6116
f 6045 6949 3268
f 2708 3268 1868
f 6299 6298 6993
f 6989 6985 6984
f 6989 6984 5351
f 6985 6989 7008
f 7045 5865 6346
f 5543 6355 7447
f 2708 7011 3268
f 6949 6548 3268
f 7020 6949 6116
f 6116 6949 6045
f 7074 5873 5872
f 6040 7074 5884
f 6416 7274 5860
f 5865 5737 5861
f 7344 5897 7735
f 6426 6355 6776
f 6941 7370 6038
f 7370 6941 5740
f 6003 6038 5746
f 6801 6909 7122
f 6801 7243 5534
f 6719 6661 7425
f 7045 6346 3123
f 5884 7481 6040
f 6275 6033 6273
f 7277 6275 6273
f 5897 5972 7216
f 7122 6909 7481
f 7311 6126 7379
f 7013 6404 7165
f 7447 6360 6420
f 6273 5872 6426
f 5872 6798 7074
f 7735 7277 7266
f 7620 7248 6134
f 6899 7761 5506
f 5897 7344 7332
f 6418 6017 6909
f 7311 7705 6418
f 5972 7734 7216
f 6941 7704 5740
f 6003 6941 6038
f 7277 6273 7706
f 7676 6719 6335
f 7704 7705 7311
f 5873 7074 6040
f 6017 6418 7705
f 7165 6335 7425
f 7706 6776 7472
f 7216 6033 6275
f 7734 5558 7216
f 7761 7235 5506
f 7163 6335 6404
f 6416 7045 7274
f 6416 5865 7045
f 6766 6346 5861
f 5872 5873 6426
f 5534 6418 6909
f 7074 6798 7122
f 7248 6125 6134
f 6661 6719 6658
f 7045 3123 5660
f 7436 6261 3123
f 1378 2291 1379
f 998 696 2778
f 1125 1289 998
f 1125 908 1289
f 1299 1003 535
f 1299 535 915
f 637 991 2400
f 637 2400 2291
f 1125 2298 1003
f 1003 2298 535
f 1303 1289 908
f 1303 908 1299
f 1284 1277 1282
f 1224 1303 1310
f 1378 991 637
f 908 1125 1003
f 2291 1378 637
f 696 1379 2291
f 2778 1125 998
f 2778 1632 1125
f 1224 1282 1303
f 1284 840 1277
f 840 1379 1277
f 839 1282 1224
f 915 1310 1299
f 1310 915 711
f 998 1379 696
f 991 2771 2024
f 696 2291 2774
f 1125 2785 2298
f 1282 1277 1289
f 1379 998 1289
f 908 1003 1299
f 1286 1378 840
f 840 1378 1379
f 1282 1289 1303
f 1303 1299 1310
f 991 1378 1286
f 1277 1379 1289
f 696 2774 2778
f 711 1314 1310
f 2601 915 535
f 3011 2778 2535
f 2774 2812 2535
f 1632 2778 3011
f 1632 3011 3041
f 3016 2552 2785
f 2172 2601 3027
f 1748 1826 1482
f 1482 2613 2532
f 2532 2613 1473
f 2812 1473 3035
f 2365 2557 1763
f 2557 2365 1765
f 1570 2700 1748
f 1864 2817 5339
f 3011 3017 3041
f 3017 1490 2182
f 2724 1762 1763
f 2928 2311 2102
f 2139 2108 2140
f 2615 2624 2180
f 438 2024 2771
f 1862 2615 2569
f 2724 3027 2298
f 1826 2700 2215
f 2791 1886 1634
f 2852 1886 2791
f 2423 2139 2140
f 2140 2847 2423
f 2140 2772 1988
f 991 2024 2400
f 2298 3027 535
f 2423 2107 2139
f 2513 2288 2700
f 2020 2107 2552
f 1765 2365 2317
f 2024 1624 1570
f 2613 1482 1826
f 2535 3035 2227
f 2381 2849 3225
f 2381 3225 2547
f 2530 2547 2215
f 3011 2227 3017
f 1490 2624 1864
f 1490 1864 2095
f 2102 2311 2837
f 3591 3598 2772
f 2772 3600 1988
f 2368 1988 5373
f 2368 5373 4220
f 2530 2215 2288
f 1826 2215 2547
f 2108 3591 2772
f 981 1624 438
f 2400 2033 2291
f 2778 2774 2535
f 1632 3041 3013
f 535 3027 2601
f 1473 2615 2180
f 2180 1490 3017
f 2559 2879 2837
f 2928 2102 2564
f 2108 2772 2140
f 2033 2532 2812
f 2714 3016 3013
f 2107 3021 2552
f 2239 2317 1916
f 2317 2239 2852
f 2024 1570 1748
f 1886 4116 2975
f 2182 2311 3043
f 3027 2557 2172
f 2365 1916 2317
f 2530 2381 2547
f 3017 2182 3041
f 3041 2182 3043
f 1862 2817 1864
f 1864 5339 2095
f 2102 2837 2881
f 2105 3591 2108
f 2317 1630 1765
f 2724 2298 3021
f 1763 2362 2365
f 2928 2564 2105
f 2139 2105 2108
f 2362 1763 1762
f 2547 2569 1826
f 1826 2569 2613
f 2613 2569 2615
f 1632 3013 1125
f 3016 2785 1125
f 2785 2552 3021
f 3576 3225 4088
f 2613 2615 1473
f 1988 3600 4269
f 2547 3576 2569
f 2180 3035 1473
f 2564 2102 2833
f 2879 2559 5343
f 3011 2535 2227
f 3013 3043 2714
f 3013 3041 3043
f 2423 3021 2107
f 2368 2847 1988
f 3021 2423 1762
f 2724 1763 2557
f 2291 2033 2774
f 1570 2513 2700
f 1482 2532 2033
f 2182 2837 2311
f 3043 2928 2714
f 2107 2105 2139
f 3027 2724 2557
f 2714 2928 2020
f 2423 2847 2362
f 2368 4220 4116
f 2547 3225 3576
f 3576 1862 2569
f 2095 5343 2559
f 2837 2879 2881
f 2102 2881 2833
f 2105 2564 3591
f 1125 3013 3016
f 3035 2180 2227
f 2700 1826 1748
f 2535 2812 3035
f 1473 2812 2532
f 2020 3016 2714
f 3016 2020 2552
f 1862 2624 2615
f 2095 2559 1490
f 2559 2182 1490
f 2182 2559 2837
f 438 1624 2024
f 2400 1482 2033
f 2812 2774 2033
f 2239 2368 4116
f 2239 4116 1886
f 2180 2624 1490
f 2311 2928 3043
f 2288 2793 2530
f 2423 2362 1762
f 2227 2180 3017
f 2624 1862 1864
f 1886 2975 1634
f 2140 1988 2847
f 2847 2368 1916
f 2239 1916 2368
f 2239 1886 2852
f 2785 3021 2298
f 2288 2215 2700
f 3021 1762 2724
f 2362 2847 1916
f 2317 2852 1630
f 1988 4269 5373
f 2020 2928 2105
f 2020 2105 2107
f 2365 2362 1916
f 2513 1570 1624
f 2400 2024 1748
f 2400 1748 1482
f 4213 3452 4199
f 4387 4015 5193
f 4265 4793 4034
f 3508 4798 4937
f 3508 4937 4897
f 4866 4271 6289
f 4488 5195 5203
f 3328 5247 3145
f 5331 3328 3145
f 4116 3203 1502
f 5882 4130 5423
f 4570 5318 3706
f 5412 4257 5414
f 4798 3508 5396
f 5284 5203 5220
f 4041 3514 4263
f 4975 7049 4622
f 4468 7259 5423
f 4041 4612 3148
f 4612 4041 4094
f 5341 5359 4264
f 5359 5341 5412
f 4623 4094 4454
f 3755 5439 4213
f 4279 4904 5381
f 4798 6971 4937
f 5220 5203 4781
f 6271 7007 3514
f 4116 1502 2975
f 4034 5246 5247
f 4265 4034 4083
f 3328 4034 5247
f 4034 3328 4083
f 2849 4086 3225
f 4830 6281 4975
f 2817 4088 5347
f 5339 2817 5347
f 5882 5423 7259
f 4623 4975 4622
f 4639 3591 5353
f 3591 4639 3598
f 4269 4615 5373
f 5373 4615 4220
f 5347 4578 4120
f 4588 4594 5420
f 4570 3706 5284
f 4103 4591 4595
f 4591 4633 4595
f 4591 4103 5359
f 5412 5414 4639
f 3764 3724 3600
f 4488 5203 3706
f 4269 5294 5361
f 3755 4615 4269
f 5343 4588 5420
f 4264 4612 5341
f 5354 4623 4943
f 4866 4269 5361
f 3452 3800 4691
f 3800 3452 5439
f 4387 4219 4015
f 4199 3203 4220
f 5203 5374 4781
f 5381 3703 4279
f 3148 3514 4041
f 4904 4920 5396
f 4830 4454 5272
f 4798 5396 4920
f 4937 6994 5417
f 5220 5288 5284
f 4083 5331 5314
f 1862 3576 2817
f 4866 3266 3755
f 2833 4591 5353
f 2833 5353 2564
f 2772 3598 3600
f 4120 4578 4242
f 5261 4594 4588
f 4246 5328 4103
f 5328 3702 4103
f 4496 4488 3706
f 5331 5261 5314
f 5261 5331 4250
f 5331 5333 4250
f 5333 3145 4246
f 3317 4781 3703
f 3317 3703 4237
f 4612 4257 5341
f 4578 4086 4570
f 5347 4120 5339
f 5361 3724 4943
f 4269 4866 3755
f 5353 5359 5412
f 5412 4639 5353
f 4595 4633 4594
f 4246 4103 4595
f 3148 5417 3514
f 5261 4250 4594
f 4594 4250 4595
f 5359 4103 3702
f 3600 5294 4269
f 4866 6289 3266
f 4615 3755 4213
f 5236 4265 4083
f 4094 4041 5272
f 4943 4271 5361
f 4866 5361 4271
f 4279 3770 4904
f 4920 4904 3770
f 6281 4830 7038
f 7049 4975 6281
f 6289 7049 4312
f 5203 4768 5374
f 4220 4615 4213
f 4220 4213 4199
f 4623 4454 4975
f 4578 5308 4242
f 4242 4886 4590
f 3706 5203 5284
f 4257 5354 4574
f 3724 4574 4943
f 5331 3145 5333
f 3145 4897 5328
f 3145 5328 4246
f 4554 3148 4264
f 4264 3148 4612
f 4622 4943 4623
f 2849 5321 4086
f 2881 4633 2833
f 2833 4633 4591
f 4468 5439 3755
f 4015 5355 3766
f 4015 3766 5374
f 4043 5272 4263
f 4279 5374 3766
f 5374 4279 3703
f 5195 4768 5203
f 6271 5417 6994
f 5417 6271 3514
f 4043 4263 5282
f 4043 5282 5281
f 5288 5220 4886
f 4886 5236 5314
f 5318 4570 5321
f 3328 5331 4083
f 5247 4897 3145
f 4897 4554 5328
f 4468 3266 5830
f 5830 7259 4468
f 4590 4588 4120
f 4086 4578 4088
f 4088 4578 5347
f 4496 3706 5318
f 3764 4574 3724
f 5294 3600 3724
f 5353 4591 5359
f 4120 4242 4590
f 4130 5882 4334
f 4130 4589 4691
f 3452 4213 5439
f 4116 4220 3203
f 4781 5374 3703
f 5308 4578 4570
f 4237 5381 4793
f 4246 4595 5333
f 4250 5333 4595
f 5412 5341 4257
f 5414 4257 4574
f 4043 5281 4830
f 7038 4830 5281
f 5247 5246 3508
f 4554 4897 3148
f 5355 5184 6930
f 4279 3766 5815
f 4271 4943 4622
f 4468 3755 3266
f 6971 6994 4937
f 5281 7227 7038
f 5236 3317 4237
f 4237 4793 4265
f 5417 3148 4897
f 2817 3576 4088
f 2879 5420 2881
f 4633 2881 5420
f 3591 2564 5353
f 4242 5308 4886
f 4590 4886 5314
f 4590 5314 5261
f 5321 4570 4086
f 4130 3800 5423
f 5308 5288 4886
f 4590 5261 4588
f 4094 4257 4612
f 4094 4623 5354
f 3598 3764 3600
f 4219 5355 4015
f 5193 4015 4768
f 5396 3508 5246
f 5246 4793 5396
f 4793 5246 4034
f 4937 5417 4897
f 4041 4263 5272
f 4830 5272 4043
f 4454 4830 4975
f 4271 4622 7049
f 5236 4083 5314
f 3766 5355 5815
f 4798 4920 6971
f 6289 5830 3266
f 5414 4574 3764
f 4468 3800 5439
f 3800 4130 4691
f 5220 4781 3317
f 5220 3317 4886
f 4886 3317 5236
f 7170 3770 5815
f 4265 5236 4237
f 5815 3770 4279
f 5247 3508 4897
f 3702 4554 4264
f 4454 4094 5272
f 5288 4570 5284
f 3724 5361 5294
f 5288 5308 4570
f 7049 5922 4312
f 3225 4086 4088
f 3702 5328 4554
f 2095 5339 4120
f 2879 5343 5420
f 4257 4094 5354
f 2095 4120 4588
f 4633 5420 4594
f 4574 5354 4943
f 5374 4768 4015
f 3703 5381 4237
f 5381 4904 5396
f 5396 4793 5381
f 4264 5359 3702
f 4588 5343 2095
f 4468 5423 3800
f 3598 4639 5414
f 5414 3764 3598
f 7049 6289 4271
f 6641 5854 6098
f 7239 6488 6473
f 7239 6473 6409
f 7164 7170 6930
f 6997 6473 7261
f 5621 5922 6281
f 7259 7327 5677
f 7259 5677 7175
f 6488 5622 6473
f 6488 7309 6520
f 5621 6491 5996
f 5692 7303 6005
f 6036 5677 7327
f 7578 6642 7319
f 6036 7327 7319
f 7578 5692 6094
f 7347 7544 6651
f 5355 6930 5815
f 6994 6997 6271
f 7259 7175 5882
f 7175 6370 5882
f 7239 6409 3770
f 6971 6409 6473
f 6971 6473 6997
f 5830 7303 7327
f 5830 7327 7259
f 5922 7297 6005
f 7303 5830 4312
f 6007 5622 7283
f 5622 6007 7258
f 7326 5996 6491
f 5621 5996 7297
f 6488 6520 7283
f 7297 6531 6005
f 6005 6531 5692
f 6036 6052 5677
f 7297 5996 6531
f 7319 6642 6036
f 7597 6052 6036
f 6052 7597 6614
f 5677 6561 6028
f 6052 6614 6561
f 6094 6531 6031
f 7578 6641 6642
f 7544 6094 6031
f 7009 6641 7578
f 7348 7544 7347
f 6409 4920 3770
f 6971 4920 6409
f 7348 7009 6094
f 6641 7009 5854
f 6971 6997 6994
f 6271 5907 7007
f 5907 6997 5613
f 7038 7227 6491
f 6281 5922 7049
f 6473 5622 7261
f 7261 5622 7258
f 6436 7309 6488
f 4312 6005 7303
f 7303 7319 7327
f 6520 6007 7283
f 6561 5677 6052
f 6036 6642 7596
f 7596 7597 6036
f 7607 6614 7597
f 6614 7607 7502
f 6031 6651 7544
f 6094 7544 7348
f 7694 7607 7597
f 6930 7170 5815
f 7239 3770 7170
f 6997 5907 6271
f 7348 5854 7009
f 6281 7038 5621
f 6289 4312 5830
f 6370 7175 5589
f 6436 6488 7170
f 5589 7175 6028
f 6491 5621 7038
f 6488 7239 7170
f 7283 5622 6488
f 5922 6005 4312
f 5621 7297 5922
f 7303 5692 7319
f 6028 7175 5677
f 5692 7578 7319
f 5996 6031 6531
f 6531 6094 5692
f 6642 6641 7596
f 6094 7009 7578
f 585 1575 1239
f 6940 371 1884
f 553 774 789
f 58 550 774
f 774 550 115
f 1261 115 550
f 51 70 4
f 1754 678 665
f 416 1521 1548
f 899 416 1548
f 628 1440 115
f 51 4 137
f 137 4 469
f 1339 504 1296
f 469 1041 137
f 1317 502 1261
f 452 1541 1531
f 1296 1596 1651
f 44 194 192
f 1601 993 1602
f 1884 308 416
f 1967 4436 1879
f 1296 1226 1596
f 51 1459 194
f 44 51 194
f 1239 1317 550
f 550 1317 1261
f 1521 416 308
f 1499 416 899
f 3715 1535 678
f 137 628 51
f 628 137 624
f 1041 624 137
f 134 1879 1561
f 369 1041 469
f 553 789 1592
f 1739 1592 789
f 134 1561 585
f 1575 1531 1137
f 1541 1601 1596
f 1597 895 1754
f 4436 7026 119
f 1531 1596 1137
f 1575 1137 256
f 4436 119 1879
f 1877 1491 1879
f 452 1548 1541
f 1651 1596 1601
f 774 115 1540
f 881 899 452
f 1496 602 472
f 1440 1739 1540
f 1593 369 469
f 1521 993 1541
f 192 194 502
f 192 502 504
f 256 1239 1575
f 550 585 1239
f 1357 472 553
f 1357 553 3291
f 1739 1675 1592
f 550 134 585
f 1535 1692 678
f 628 1459 51
f 472 602 58
f 1041 527 624
f 1739 1692 1675
f 665 628 624
f 665 624 1597
f 1546 1754 895
f 602 134 58
f 58 774 553
f 1540 789 774
f 665 1692 1739
f 194 1261 502
f 194 1459 1261
f 1601 1541 993
f 1541 1548 1521
f 3400 416 1499
f 1575 585 881
f 115 1440 1540
f 1739 1440 665
f 1226 502 1317
f 1597 624 527
f 504 502 1226
f 504 1226 1296
f 1317 1239 256
f 256 1226 1317
f 6295 1967 1879
f 5501 1491 1496
f 1692 665 678
f 119 1561 1879
f 58 134 550
f 3696 1675 1535
f 1226 1137 1596
f 628 665 1440
f 1718 5603 1546
f 899 7026 1499
f 1491 6295 1879
f 1491 602 1496
f 7026 899 119
f 1137 1226 256
f 1596 1531 1541
f 678 1546 3715
f 1261 1459 115
f 452 899 1548
f 115 1459 628
f 899 881 119
f 119 881 1561
f 452 1531 1575
f 452 1575 881
f 665 1597 1754
f 881 585 1561
f 1491 1877 602
f 3291 553 1592
f 3291 1592 1675
f 1535 1675 1692
f 553 472 58
f 1546 678 1754
f 1718 1546 895
f 1496 472 6992
f 4222 472 1357
f 1877 1879 134
f 1739 789 1540
f 1877 134 602
f 5249 6526 5483
f 6123 6940 1884
f 3400 1884 416
f 3287 4222 3291
f 6406 4047 5483
f 5249 5678 6526
f 1917 5529 3696
f 6153 1499 7026
f 6247 4911 3861
f 2718 5728 6831
f 2908 6727 6251
f 4422 6251 3954
f 7563 5792 5724
f 5197 6907 5724
f 3441 3325 2320
f 4911 6983 6295
f 3570 5904 5501
f 6380 5773 4751
f 6295 1491 5501
f 5501 1496 2293
f 2293 1496 6992
f 6380 3518 5197
f 6727 5913 2320
f 3291 4222 1357
f 3954 2320 5642
f 3715 3696 1535
f 3715 1546 3722
f 3722 1546 5603
f 5262 6051 1948
f 5262 1948 6247
f 5142 5483 6268
f 2536 5582 6594
f 2536 5602 5582
f 7129 5728 5773
f 3861 5305 6901
f 3679 5293 6587
f 5158 5904 5916
f 2908 5916 6727
f 5305 5904 5158
f 2851 5158 6654
f 3634 5961 6492
f 5179 3400 6153
f 5249 6123 5179
f 7046 4127 6247
f 3330 7655 6290
f 3287 3291 5529
f 6587 6526 5678
f 1917 4395 3325
f 3325 5529 1917
f 2718 3717 5728
f 7046 6247 1948
f 5179 6123 1884
f 1884 3400 5179
f 6295 5501 5904
f 6763 3404 5293
f 3570 5501 2293
f 3679 6763 5293
f 1948 6153 7026
f 3570 4222 3287
f 7046 7026 4436
f 5913 3570 3287
f 3441 5913 3287
f 3457 4422 5961
f 6846 3009 5582
f 2718 5582 3717
f 5147 3717 5602
f 6901 6380 4751
f 3954 5642 2341
f 3696 5529 1675
f 3722 5603 5662
f 5262 6247 3861
f 5197 3518 5209
f 5209 3518 2306
f 3330 6831 7218
f 6526 6587 5293
f 5866 5602 3861
f 4911 6295 5904
f 4577 6910 2022
f 7727 7655 3330
f 2919 5142 6268
f 7124 7129 5773
f 5158 2851 5305
f 4047 5249 5483
f 4422 4180 6251
f 6846 2718 6831
f 6290 6846 6831
f 5147 5728 3717
f 5773 6380 5792
f 5209 6907 5197
f 3175 4056 4180
f 5680 4180 4422
f 3441 5529 3325
f 3679 6845 6846
f 4056 3175 2306
f 2022 3175 4577
f 4577 3175 5680
f 3518 2851 3282
f 2320 5913 3441
f 2320 3325 5642
f 6654 5916 2908
f 3400 1499 6153
f 4127 4436 1967
f 2306 3282 4056
f 5916 5904 3570
f 5916 3570 5913
f 3715 1917 3696
f 1917 3715 3722
f 5644 3722 5662
f 6290 6763 3679
f 5209 2306 2022
f 6268 5483 6526
f 5773 5147 4751
f 6901 5305 2851
f 6247 4127 4911
f 4911 4127 6983
f 6910 5209 2022
f 5142 6406 5483
f 3570 2293 4222
f 5642 3325 4395
f 2536 6051 5262
f 3679 6587 6845
f 5602 5262 3861
f 6759 5608 5596
f 5608 6759 6763
f 6901 5866 3861
f 3282 6654 4056
f 2341 5642 4395
f 2341 4395 5644
f 3175 4180 5680
f 3404 6763 6759
f 6492 5662 4445
f 7655 6763 6290
f 7633 7124 5792
f 5820 7563 5724
f 6907 7325 5724
f 7124 5773 5792
f 3404 3383 2919
f 5197 5792 6380
f 5209 6910 6907
f 2022 2306 3175
f 6846 6845 3009
f 3518 6380 2851
f 2306 3518 3282
f 6727 5916 5913
f 5961 3954 2341
f 5529 3291 1675
f 6845 6587 4085
f 4395 1917 5644
f 3722 5644 1917
f 7681 6893 7627
f 5728 5147 5773
f 5792 5197 5724
f 5147 5866 4751
f 7727 7627 7655
f 5559 6383 7271
f 6383 7075 6457
f 5507 7563 5820
f 5678 5249 5179
f 5158 5916 6654
f 5678 5179 6153
f 5678 6153 4085
f 6051 4085 1948
f 6251 6727 3954
f 7681 6143 7253
f 4422 3954 5961
f 6226 7129 7633
f 5293 6268 6526
f 6457 6160 7271
f 6290 3679 6846
f 2718 6846 5582
f 3441 3287 5529
f 5262 5602 2536
f 7655 6074 5608
f 6492 2341 5644
f 6492 5644 5662
f 3861 4911 5305
f 4911 5904 5305
f 3634 6492 4445
f 3383 5142 2919
f 3383 2910 5142
f 6268 5293 2919
f 6587 5678 4085
f 6160 6824 5908
f 6647 7254 6160
f 6845 4085 3009
f 5908 7115 7271
f 6383 6457 7271
f 2851 6654 3282
f 6594 5582 3009
f 7115 5908 6893
f 5956 6457 7075
f 3717 5582 5602
f 6901 2851 6380
f 4056 6654 2908
f 4180 2908 6251
f 4056 2908 4180
f 6226 7727 7129
f 6457 5956 6160
f 7627 6893 6074
f 3954 6727 2320
f 5507 6143 7565
f 5961 2341 6492
f 7727 7218 7129
f 2919 5293 3404
f 6831 3330 6290
f 7565 6226 7563
f 5147 5602 5866
f 6901 4751 5866
f 4047 6123 5249
f 4047 6940 6123
f 6074 7655 7627
f 4085 6153 1948
f 6051 2536 6594
f 472 4222 6992
f 6983 4127 1967
f 1967 6295 6983
f 6383 5559 5887
f 2293 6992 4222
f 6594 3009 6051
f 3009 4085 6051
f 4436 4127 7046
f 1948 7026 7046
f 7218 6831 5728
f 5728 7129 7218
f 6160 7254 6824
f 6893 7681 7115
f 5956 6647 6160
f 7627 7727 6143
f 5908 6074 6893
f 5908 6824 6074
f 5608 6074 6824
f 7627 6143 7681
f 5908 7271 6160
f 5820 5724 7325
f 7271 7115 5559
f 7563 7633 5792
f 7727 3330 7218
f 5608 6763 7655
f 7115 7681 7253
f 7563 6226 7633
f 5955 6647 5956
f 7124 7633 7129
f 6226 6143 7727
f 5507 7565 7563
f 6143 6226 7565
f 1266 1185 684
f 942 1170 2460
f 1170 2066 1450
f 1170 2855 2460
f 1185 2475 1767
f 1170 1450 2855
f 947 2460 1266
f 1266 2475 1185
f 753 2066 1170
f 1266 2336 2475
f 1768 1281 2500
f 684 952 1266
f 2500 1281 1767
f 2196 2177 2199
f 2460 2855 2336
f 2607 2495 2442
f 2514 2442 2470
f 2065 2454 2418
f 2034 2500 1469
f 1768 2500 2034
f 3028 3038 2075
f 2582 2440 3055
f 1760 2017 2495
f 1847 2194 2607
f 2454 2065 2654
f 2964 2634 2829
f 2653 2845 2397
f 1770 3038 3028
f 2992 1454 2025
f 1484 2277 2654
f 2199 2177 2074
f 2460 2336 1266
f 2582 2681 2075
f 1508 2681 2582
f 2607 2608 1847
f 2654 2794 2553
f 2196 2277 2680
f 1760 2194 2198
f 2650 3487 2289
f 2475 2336 1454
f 3499 1720 3038
f 1492 2711 2145
f 2816 2201 2991
f 1469 1839 2198
f 1469 2198 2034
f 2553 2794 2386
f 2964 2386 2794
f 2794 2277 2394
f 1854 2973 2803
f 2922 2069 2289
f 2069 2650 2289
f 2693 5213 2077
f 2414 2289 2418
f 2711 1720 2678
f 2636 2627 3920
f 3051 3055 2440
f 2913 2779 2068
f 2636 3920 2635
f 2386 2964 2068
f 2634 2394 2076
f 2115 2974 2710
f 2755 2974 2115
f 2657 1854 2803
f 2657 2816 2296
f 1467 2517 2431
f 1454 2992 1469
f 1492 2582 3038
f 2582 1492 2440
f 2553 1468 2654
f 2442 2514 2607
f 1484 2071 2074
f 2470 2710 2974
f 2643 2397 2845
f 2586 2582 3055
f 2855 2657 2296
f 1854 2855 1450
f 1705 2407 2594
f 1768 2034 1775
f 2277 1484 2680
f 3051 2957 2017
f 2442 2495 2636
f 2729 2608 2514
f 2680 2177 2196
f 1890 2198 1847
f 2803 2199 2201
f 1469 2500 1454
f 1839 2992 1508
f 1890 2608 2729
f 3487 2693 2594
f 3487 2594 2407
f 1770 2697 3499
f 2711 1492 1720
f 2145 2711 2309
f 2199 2803 2973
f 1450 2653 1854
f 2407 1705 2406
f 2068 2779 2386
f 2440 1492 3051
f 2076 2394 2643
f 1468 2355 2414
f 1854 2397 2973
f 2414 2454 1468
f 2816 2991 2296
f 2065 2418 2406
f 2594 3028 1705
f 2495 2017 2957
f 2524 2517 1467
f 1468 2553 2355
f 2654 1468 2454
f 1705 2074 2071
f 2650 5206 3487
f 2473 2074 1705
f 2450 2517 2295
f 2693 3487 4002
f 2473 2075 1488
f 2693 4002 5213
f 2697 2077 2662
f 2697 2662 3499
f 2397 1854 2653
f 2475 1454 1767
f 1767 1454 2500
f 2586 3055 2017
f 1760 2586 2017
f 2992 2025 2296
f 2524 1467 2355
f 2524 2355 2553
f 2194 2495 2607
f 2627 2100 3920
f 2608 2607 2514
f 2654 2065 1484
f 2680 1484 2177
f 2074 2473 2668
f 2668 2473 1488
f 2681 2201 1488
f 2681 1488 2075
f 2586 1508 2582
f 3051 2145 2309
f 3051 2309 2957
f 2627 3182 2100
f 1631 2964 2829
f 2524 2779 2913
f 2199 2074 2668
f 1854 2657 2855
f 2794 2654 2277
f 1847 2198 2194
f 2668 2201 2199
f 2201 2668 1488
f 2681 2991 2201
f 2991 2681 1508
f 1839 1760 2198
f 2034 2198 1890
f 2196 2643 2277
f 2803 2201 2816
f 2635 2442 2636
f 2653 2060 2845
f 2394 2964 2794
f 2397 2643 2973
f 2406 2418 2407
f 2657 2803 2816
f 2594 1770 3028
f 2418 2454 2414
f 1720 1492 3038
f 3051 1492 2145
f 2406 2071 2065
f 2653 2066 2060
f 2066 2653 1450
f 2524 2295 2517
f 2964 2394 2634
f 2065 2071 1484
f 2473 1705 3028
f 2473 3028 2075
f 2075 3038 2582
f 2177 1484 2074
f 1760 1508 2586
f 2289 3487 2407
f 1760 2495 2194
f 1770 3499 3038
f 2495 2957 2627
f 2495 2627 2636
f 2315 2076 2845
f 2845 2076 2643
f 2779 2524 2553
f 5213 2662 2077
f 2336 2296 2025
f 3636 1720 3499
f 3636 2678 1720
f 2711 2678 2309
f 1839 1508 1760
f 1890 1847 2608
f 2196 2973 2643
f 2973 2196 2199
f 2296 2991 2992
f 2034 1890 1775
f 2296 2336 2855
f 2336 2025 1454
f 2594 2693 2077
f 2594 2077 1770
f 1770 2077 2697
f 2309 3182 2957
f 2386 2779 2553
f 3182 2627 2957
f 2394 2277 2643
f 4361 2442 2635
f 2442 4361 2470
f 2991 1508 2992
f 2992 1839 1469
f 2071 2406 1705
f 2418 2289 2407
f 2017 3055 3051
f 3636 4458 5240
f 4785 4029 3301
f 4184 3489 3842
f 5231 4722 3658
f 4772 3624 4360
f 3301 4776 4772
f 3756 4610 3945
f 4031 3305 3805
f 4174 3996 5245
f 5256 5245 5089
f 3658 4174 5245
f 3182 5243 5257
f 5257 2100 3182
f 3319 4414 5049
f 5194 3624 4772
f 4702 4295 4182
f 3633 4029 5207
f 4722 5120 3761
f 3805 4797 4031
f 5221 4019 4797
f 3658 5234 5231
f 3658 5245 5234
f 5080 3761 4302
f 3761 4182 4302
f 5121 4443 5206
f 4735 5091 5418
f 3677 2662 5213
f 2662 3677 5138
f 3920 4347 4474
f 4483 5225 4361
f 5225 4490 4361
f 5089 4184 5256
f 3323 4182 3326
f 5206 4443 4448
f 5240 5194 5243
f 3335 4026 5257
f 5159 5263 3846
f 5257 4026 4474
f 5234 4490 5225
f 4490 5234 3697
f 3704 2115 3697
f 3846 5224 5159
f 4302 5046 5080
f 5046 3973 5080
f 4174 4441 3996
f 3996 5091 4190
f 3996 4190 5089
f 5418 4441 3761
f 3487 5206 4002
f 3842 3489 4741
f 3182 2309 2678
f 2100 4347 3920
f 4783 4029 3633
f 5207 3305 4031
f 5231 5120 4722
f 2922 3316 5121
f 5138 5176 4429
f 3658 4441 4174
f 4184 5089 3489
f 5263 4184 3846
f 3805 3326 4797
f 5257 5243 3335
f 4347 5257 4474
f 5256 4184 5263
f 5256 5208 3704
f 4295 4702 4177
f 4182 4295 3756
f 4385 3704 5208
f 5120 4182 3761
f 5324 5208 5263
f 3489 4190 5099
f 5243 5194 3335
f 3920 4474 2635
f 2635 4474 5207
f 2635 5207 4483
f 3973 5046 7394
f 4371 4785 3301
f 4785 3319 3305
f 3805 3305 3323
f 3805 3323 3326
f 5224 3846 3964
f 2069 2922 5121
f 2662 5138 3499
f 3182 2678 5243
f 4347 2100 5257
f 2470 4361 2710
f 2710 4361 4490
f 5080 3973 5418
f 5049 4177 4702
f 5120 3326 4182
f 5121 3316 5123
f 4002 5206 4448
f 4776 4783 5194
f 3636 5138 4458
f 3636 5240 2678
f 5176 3677 4448
f 3633 5207 4474
f 5138 3677 5176
f 4031 4483 5207
f 4458 5138 3624
f 4429 4360 3624
f 5240 4458 5194
f 4783 3335 5194
f 4026 3335 4783
f 4783 4776 4029
f 4474 4026 3633
f 5234 5245 3697
f 4029 4785 5207
f 4483 5221 5225
f 2755 2115 4385
f 3305 3319 4702
f 3305 4702 4182
f 4182 3323 3305
f 5245 3996 5089
f 4441 3658 4722
f 3761 5080 5418
f 5159 5224 3667
f 5110 3316 2922
f 2069 5121 5206
f 2069 5206 2650
f 3636 3499 5138
f 4785 4371 3319
f 2184 2755 4385
f 5231 3326 5120
f 5049 4702 3319
f 3624 5194 4458
f 4722 3761 4441
f 5194 4772 4776
f 4019 5221 4483
f 5213 4002 3677
f 4483 4031 4019
f 3846 4184 3842
f 4741 3846 3842
f 3846 4741 5099
f 3846 5099 3964
f 5243 2678 5240
f 4385 2115 3704
f 3996 4441 5418
f 5091 3996 5418
f 5089 4190 3489
f 4741 3489 5099
f 4776 3301 4029
f 4785 3305 5207
f 5225 4797 5231
f 4177 4610 4295
f 4182 3756 4302
f 5231 4797 3326
f 3624 5138 4429
f 4026 4783 3633
f 4361 2635 4483
f 5121 5123 4443
f 5256 3704 3697
f 5208 4433 4385
f 4448 3677 4002
f 4031 4797 4019
f 5221 4797 5225
f 5234 5225 5231
f 5245 5256 3697
f 5208 5256 5263
f 4490 3697 2710
f 2710 3697 2115
f 5263 5159 5324
f 4295 4610 3756
f 3756 3945 4302
f 5205 4190 5091
f 4190 5205 5099
f 1844 96 3105
f 89 1280 3542
f 3273 3542 1717
f 3259 3534 94
f 3163 3165 2401
f 2356 160 3105
f 2216 3394 149
f 3165 1522 2401
f 7455 3373 3853
f 2456 184 1824
f 3365 202 86
f 1528 1280 89
f 2220 1709 2117
f 1709 3534 2117
f 1717 236 2117
f 239 1858 64
f 221 64 2301
f 2189 2117 236
f 2220 2189 2114
f 2203 2301 2195
f 2195 1906 2211
f 383 2211 2256
f 86 2114 1699
f 257 1962 254
f 811 268 2447
f 1280 1288 2195
f 1906 257 3425
f 309 1717 1746
f 2211 149 3394
f 3105 264 3095
f 3365 1079 202
f 2217 96 1844
f 7656 94 7156
f 7154 7156 1709
f 3646 3641 3647
f 2256 3394 1856
f 1699 3095 3365
f 1699 3365 86
f 3564 239 1328
f 1328 239 2203
f 3425 257 268
f 3425 268 149
f 20 1856 155
f 3105 160 264
f 264 474 1079
f 2570 381 184
f 257 1906 1962
f 268 2402 149
f 155 2216 2387
f 1858 3163 2401
f 506 343 7461
f 7461 343 346
f 96 20 2356
f 378 346 343
f 346 378 349
f 3095 264 3365
f 352 356 6175
f 357 356 352
f 2130 2126 202
f 357 359 360
f 362 360 361
f 356 357 360
f 362 361 367
f 367 361 365
f 360 362 356
f 359 357 373
f 362 367 378
f 378 367 382
f 361 360 499
f 360 359 499
f 448 382 367
f 448 367 365
f 149 2402 2216
f 365 361 499
f 500 365 499
f 373 380 359
f 499 359 375
f 375 359 380
f 2211 383 2195
f 349 378 382
f 380 373 462
f 532 380 462
f 1746 2256 2226
f 309 2226 2217
f 343 356 362
f 506 356 343
f 309 2217 236
f 343 362 378
f 532 462 435
f 462 436 435
f 3564 1858 239
f 236 1699 2189
f 2189 1699 2114
f 3663 25 248
f 2195 2301 1906
f 435 491 99
f 7559 4291 5704
f 5628 373 357
f 352 5628 357
f 2211 3394 2256
f 239 221 2203
f 2226 1856 2217
f 1288 2203 2195
f 1844 236 2217
f 3853 184 2456
f 236 1844 1699
f 3542 1280 383
f 2401 254 1962
f 1717 309 236
f 2117 2189 2220
f 5628 6706 373
f 3644 7691 7078
f 2338 429 94
f 500 375 534
f 499 375 500
f 7154 1709 3641
f 1906 3425 2211
f 2211 3425 149
f 155 2387 259
f 1856 96 2217
f 506 1169 6175
f 506 6175 356
f 5500 7685 7669
f 202 1079 2130
f 7322 7643 7078
f 5201 7643 7322
f 607 968 976
f 607 976 1257
f 1366 981 438
f 435 5883 532
f 434 7461 7491
f 506 7461 434
f 1746 3542 383
f 435 436 491
f 248 2114 3663
f 434 6318 1169
f 2356 818 160
f 2301 2203 221
f 968 2756 976
f 7679 6610 4058
f 462 373 2560
f 373 6706 2560
f 155 259 326
f 845 2387 2402
f 380 532 375
f 491 436 3641
f 462 6780 436
f 160 936 474
f 2220 2114 248
f 2216 2402 2387
f 2301 1962 1906
f 64 2401 1962
f 1746 2226 309
f 64 1858 2401
f 810 1181 911
f 810 911 913
f 811 517 2402
f 2387 735 259
f 2447 913 811
f 383 2256 1746
f 818 742 849
f 818 849 1263
f 383 1280 2195
f 64 221 239
f 1293 1292 549
f 845 1245 735
f 577 735 1249
f 577 1213 555
f 420 555 1259
f 849 812 1263
f 1259 812 849
f 1236 562 1193
f 812 1259 404
f 809 1193 562
f 1249 1257 577
f 1249 607 1257
f 735 1245 1249
f 836 835 404
f 1297 829 517
f 2402 517 845
f 568 965 607
f 1263 816 936
f 2356 742 818
f 400 958 965
f 264 160 474
f 609 839 1224
f 590 825 1181
f 1181 825 911
f 1292 911 825
f 1292 913 911
f 7156 3534 1709
f 94 3534 7156
f 3259 94 429
f 3321 3542 3273
f 89 3542 3321
f 3321 429 5726
f 1297 811 913
f 811 1297 517
f 2387 845 735
f 474 609 1079
f 2130 1079 609
f 4484 89 3321
f 6532 5729 5840
f 1528 4484 5496
f 7691 3648 1528
f 3644 2456 3648
f 160 818 936
f 818 1263 936
f 965 1093 968
f 5521 5669 5685
f 575 590 573
f 549 1193 1293
f 1293 1193 809
f 1293 809 1297
f 575 1236 549
f 1245 845 829
f 829 1297 1242
f 829 1242 1245
f 1263 812 561
f 1259 555 1213
f 809 562 400
f 562 827 1262
f 607 1249 568
f 577 1257 403
f 577 403 1213
f 1366 1213 403
f 20 326 742
f 404 835 1286
f 913 1293 1297
f 829 845 517
f 577 555 1307
f 526 2126 2130
f 1263 561 816
f 1218 1282 839
f 438 835 1366
f 575 825 590
f 96 2356 3105
f 474 936 839
f 835 438 2771
f 1109 5822 5814
f 6830 6233 5862
f 4325 5834 6318
f 257 2447 268
f 1522 254 2401
f 259 420 326
f 326 420 742
f 420 421 742
f 1236 1193 549
f 812 404 561
f 976 2756 1624
f 6950 7313 3778
f 816 1284 1218
f 400 562 1262
f 825 549 1292
f 568 1245 400
f 1307 735 577
f 1213 1366 836
f 1257 976 403
f 836 1366 835
f 561 1286 840
f 1286 835 2771
f 1218 1284 1282
f 1292 1293 913
f 420 1307 555
f 403 976 981
f 1366 403 981
f 609 474 839
f 1224 1334 609
f 607 965 968
f 6029 3750 6326
f 259 735 1307
f 259 1307 420
f 742 421 849
f 2466 6345 7448
f 2130 609 526
f 958 1093 965
f 1837 6735 1666
f 1230 1236 575
f 1230 575 573
f 6606 6029 6332
f 825 575 549
f 809 1242 1297
f 3273 1717 3259
f 1259 1213 836
f 1259 836 404
f 404 1286 561
f 816 561 840
f 840 1284 816
f 809 400 1242
f 1242 400 1245
f 1249 1245 568
f 400 965 568
f 936 816 1218
f 2466 7455 7078
f 1328 2203 1288
f 421 420 1259
f 421 1259 849
f 936 1218 839
f 1328 1824 3564
f 1824 1328 2456
f 958 1621 1093
f 2771 991 1286
f 5201 7653 4327
f 3394 2216 1856
f 2288 2513 1776
f 264 1079 3365
f 7656 2338 94
f 1621 2276 1093
f 7411 3707 6796
f 7420 7646 3707
f 3647 2220 248
f 5817 5776 5001
f 7745 7726 7048
f 5923 6736 5796
f 5938 5776 5808
f 7643 2466 7078
f 2114 86 3663
f 1776 2604 2960
f 5201 7322 1708
f 2276 2604 1776
f 3095 1844 3105
f 2226 2256 1856
f 2301 64 1962
f 2756 2276 2513
f 1624 981 976
f 3641 1709 3647
f 7656 3707 2338
f 20 742 2356
f 155 326 20
f 3707 7411 7420
f 7521 7402 6606
f 2513 1624 2756
f 5704 4291 5703
f 268 811 2402
f 5703 4291 5862
f 3648 1288 1528
f 1522 913 2447
f 1288 3648 2456
f 1522 810 913
f 7691 1528 5496
f 810 1522 3165
f 2570 184 3853
f 3853 2456 3644
f 968 1093 2756
f 2276 1776 2513
f 5679 3213 5633
f 7245 7048 3116
f 2756 1093 2276
f 6506 3274 5685
f 1856 20 96
f 2216 155 1856
f 254 1522 2447
f 254 2447 257
f 6610 5296 4058
f 429 3273 3259
f 5726 429 2338
f 1528 1288 1280
f 3321 3273 429
f 184 381 1824
f 4484 1528 89
f 6860 6802 6792
f 3095 1699 1844
f 5938 4329 5776
f 6672 6532 4325
f 7590 7010 5081
f 3646 3647 248
f 2220 3647 1709
f 2117 3534 1717
f 6830 5938 5729
f 3259 1717 3534
f 1717 3542 1746
f 5628 5633 6706
f 5906 6860 7559
f 7691 3644 3648
f 1328 1288 2456
f 7685 7664 4327
f 5729 6532 6830
f 491 3641 3646
f 5537 4291 6860
f 1666 6735 4168
f 6545 5307 7679
f 2338 3707 7646
f 5178 6332 6339
f 6796 7656 7156
f 6796 3707 7656
f 7200 3321 5726
f 5704 4453 6908
f 5635 5633 3213
f 7010 3744 5081
f 6314 6288 6616
f 7491 3840 434
f 434 3840 6318
f 6026 3841 7498
f 5500 3744 6948
f 6175 5679 352
f 7455 3853 3644
f 3644 7078 7455
f 5685 6026 6506
f 6233 5703 5862
f 3213 5834 5840
f 5834 3213 1175
f 6481 4453 5703
f 6506 3116 3274
f 6939 6908 5521
f 5808 7485 4097
f 6736 4097 4817
f 5635 5646 6736
f 4097 5646 5729
f 4817 5796 6736
f 3274 3116 7402
f 1837 6345 7664
f 5776 5817 5808
f 5906 5081 6802
f 6314 6326 6252
f 7679 6948 3744
f 5796 5702 2560
f 7679 4058 6948
f 5702 6780 2560
f 5521 5685 7521
f 1666 6345 1837
f 5081 5748 4532
f 5704 6908 7559
f 6908 7590 7559
f 7726 5766 7048
f 7590 6939 6545
f 7643 6345 2466
f 5447 6735 5296
f 5307 6332 5178
f 5178 7679 5307
f 3213 5646 5635
f 3213 5840 5646
f 4291 5537 4329
f 6233 5814 5822
f 4291 4329 5862
f 5500 4058 6441
f 506 434 1169
f 5500 6948 4058
f 7745 7048 6950
f 6672 6233 6532
f 6929 7313 6950
f 7313 6929 6746
f 5500 7669 3744
f 6235 7200 7646
f 5748 1708 5496
f 5531 4484 7200
f 7420 6235 7646
f 3750 7726 7745
f 5702 7411 6796
f 6706 5796 2560
f 5537 6792 5001
f 5776 5537 5001
f 5702 6796 6780
f 6706 5923 5796
f 5834 1175 6318
f 5729 5808 4097
f 5817 6445 5721
f 6802 5081 4532
f 4817 7420 7411
f 4817 7485 7420
f 7521 6939 5521
f 6288 5447 6616
f 5081 3744 7653
f 6441 7685 5500
f 6441 1837 7685
f 6441 5296 1837
f 4532 5531 6445
f 6796 7154 6780
f 6326 6314 6339
f 7154 6796 7156
f 6252 6173 6288
f 1109 7498 3841
f 6610 5447 5296
f 1109 3841 5822
f 6624 4325 3840
f 7491 6624 3840
f 3778 6108 7745
f 6049 6672 4325
f 6175 1175 5679
f 5531 5496 4484
f 6233 6830 6532
f 6233 6481 5703
f 4325 6532 5840
f 4325 5840 5834
f 6908 4453 5521
f 5729 5938 5808
f 5923 5635 6736
f 5776 4329 5537
f 1169 1175 6175
f 5296 6441 4058
f 7200 5726 7646
f 5822 6481 6233
f 5496 1708 7691
f 7322 7078 7691
f 3841 5669 6481
f 4329 5938 6830
f 6026 5669 3841
f 5685 5669 6026
f 5906 6802 6860
f 5081 5906 7590
f 3750 6252 6326
f 5817 5721 6235
f 7646 5726 2338
f 7010 7679 3744
f 5808 6235 7485
f 4532 5748 5531
f 4484 3321 7200
f 2560 6780 462
f 6939 6606 6545
f 6314 6252 6288
f 6326 6332 6029
f 5001 6445 5817
f 6445 6792 4532
f 7653 7669 4327
f 4327 7669 7685
f 1837 7664 7685
f 6606 5307 6545
f 4291 7559 6860
f 7590 5906 7559
f 6545 7010 7590
f 7679 7010 6545
f 7048 7245 6958
f 7245 6929 6958
f 7402 5766 6606
f 6950 7048 6958
f 6049 4325 6624
f 5766 6029 6606
f 7726 3750 6029
f 6950 3778 7745
f 7755 6746 6929
f 5721 7200 6235
f 7200 5721 5531
f 1175 1169 6318
f 6616 5447 6610
f 5822 3841 6481
f 6929 6950 6958
f 5748 5201 1708
f 6606 6332 5307
f 661 6252 3750
f 6326 6339 6332
f 7745 6108 3750
f 5796 7411 5702
f 7411 5796 4817
f 4097 7485 4817
f 3831 7292 1109
f 6288 6173 4168
f 6481 5669 4453
f 5669 5521 4453
f 5201 5748 5081
f 7653 5201 5081
f 7664 7643 4327
f 2466 7448 3373
f 5447 4168 6735
f 6288 4168 5447
f 2466 3373 7455
f 6610 7679 5178
f 5178 6616 6610
f 6339 6616 5178
f 6616 6339 6314
f 3831 5814 6672
f 5633 5923 6706
f 5923 5633 5635
f 1837 5296 6735
f 5646 4097 6736
f 1175 3213 5679
f 5729 5646 5840
f 6860 6792 5537
f 5862 4329 6830
f 4453 5704 5703
f 6029 5766 7726
f 6233 6672 5814
f 6908 6939 7590
f 5748 5496 5531
f 6780 3641 436
f 6780 7154 3641
f 4325 6318 3840
f 7664 6345 7643
f 3744 7669 7653
f 7521 5685 3274
f 1708 7322 7691
f 3831 1109 5814
f 7402 7521 3274
f 4327 7643 5201
f 5633 5628 352
f 352 5679 5633
f 3116 5766 7402
f 3116 7048 5766
f 5808 5817 6235
f 6445 5531 5721
f 7420 7485 6235
f 6445 5001 6792
f 6802 4532 6792
f 7521 6606 6939
f 3346 4876 4874
f 5313 4876 3346
f 4650 4993 4894
f 4126 4084 4993
f 4963 5366 5384
f 5068 3719 4167
f 4874 6915 4277
f 4876 6393 6389
f 4876 5316 6393
f 4974 4978 5313
f 4306 5437 4102
f 4320 6341 4102
f 2996 4144 3753
f 4320 5366 4963
f 3852 3375 4989
f 3719 4978 5395
f 5068 5421 4126
f 4476 4277 4719
f 4874 6389 6915
f 4167 3719 5332
f 5316 4978 4650
f 4306 3832 4133
f 4963 5867 4320
f 3375 3852 7336
f 7334 3375 7336
f 3346 4874 4476
f 5313 5316 4876
f 4908 4084 4126
f 4126 4133 5997
f 4126 5997 4908
f 4102 6341 4306
f 4167 3753 4144
f 5356 5421 4665
f 4993 4650 3719
f 4974 3346 4965
f 4978 5316 5313
f 7334 4963 3375
f 4133 3832 5997
f 6341 3832 4306
f 7142 5867 4963
f 4650 4894 5316
f 5437 5366 4102
f 5068 4993 3719
f 5421 5068 4665
f 3424 2996 3753
f 4144 5068 4167
f 4074 5356 4665
f 4277 5809 4856
f 5809 4277 6915
f 4476 4874 4277
f 4874 4876 6389
f 4993 4084 4894
f 5366 4320 4102
f 3716 4974 4965
f 5068 4126 4993
f 4894 5990 5316
f 5429 5437 4306
f 4965 3346 4476
f 3346 4974 5313
f 5332 3719 5395
f 3716 5395 4974
f 4978 4974 5395
f 4978 3719 4650
f 7142 4963 7334
f 4665 5068 4144
f 7774 6248 5931
f 7288 6521 7686
f 6521 6737 7686
f 7490 7288 6572
f 6808 7774 5735
f 6375 7774 6808
f 6375 5899 7774
f 6393 5522 6389
f 6572 7686 7070
f 6393 5990 7246
f 4894 4084 5990
f 4908 6463 4084
f 5997 3832 5615
f 6348 7371 5863
f 7371 6348 5581
f 7380 5867 7142
f 7721 5931 5927
f 5927 5931 6771
f 6533 6058 7385
f 5522 7226 5973
f 7334 7336 5632
f 7226 7246 6572
f 5657 5661 7353
f 3832 5661 5657
f 5661 7390 6533
f 6060 7390 5661
f 7301 6571 6060
f 5656 7467 7480
f 7385 7467 7383
f 7390 5701 6058
f 7406 7414 7142
f 7480 5615 5656
f 7480 6808 7587
f 7380 6065 6578
f 6192 7070 7663
f 6274 7414 6664
f 6132 7084 6192
f 6132 6192 7663
f 7686 6906 7663
f 7070 7226 6572
f 6737 6906 7686
f 6737 5735 7721
f 7774 5931 5735
f 7576 7587 6521
f 6808 5735 7587
f 7613 6375 7467
f 7070 6192 5538
f 7619 7033 7613
f 5990 6393 5316
f 6375 6808 7480
f 5867 6341 4320
f 5867 5581 6348
f 6737 6521 5735
f 6132 5885 7101
f 5885 6132 6861
f 7663 6861 6132
f 6509 5990 4084
f 6509 4084 6463
f 6463 4908 6513
f 6513 7346 6463
f 5657 5656 5615
f 6509 7490 7246
f 7490 6572 7246
f 7353 6533 7383
f 6533 7353 5661
f 7373 7371 7380
f 7142 6065 7380
f 6463 7346 7576
f 7587 6050 7480
f 7414 7406 7415
f 6060 5701 7390
f 6060 7613 5701
f 6571 7613 6060
f 6578 7619 6571
f 6578 6065 7619
f 7576 7288 7490
f 7288 7686 6572
f 7414 6065 7142
f 5701 7613 7467
f 6571 7619 7613
f 7084 6132 7101
f 6192 6644 5538
f 6521 7288 7576
f 7467 6375 7480
f 6274 7372 7033
f 6861 6308 5885
f 5997 6513 4908
f 6906 6881 6861
f 5863 7131 6348
f 6341 7301 3832
f 5863 7304 7131
f 7301 7131 7304
f 6341 7131 7301
f 7131 6341 5867
f 6906 5927 6881
f 6348 7131 5867
f 6915 6389 6387
f 6389 5522 6454
f 7084 6644 6192
f 6454 5522 5973
f 5522 7246 7226
f 5581 7380 7371
f 6509 7246 5990
f 5615 7480 6050
f 7390 6058 6533
f 6571 7301 7304
f 6578 6571 7373
f 7373 7380 6578
f 6513 6050 7346
f 5538 5973 7226
f 7576 7490 6463
f 7346 7587 7576
f 7721 6906 6737
f 5735 6521 7587
f 5735 5931 7721
f 7721 5927 6906
f 6274 7033 7619
f 5538 7226 7070
f 6454 6387 6389
f 6906 6861 7663
f 5867 7380 5581
f 6393 7246 5522
f 7613 7033 6375
f 6454 5973 7387
f 7686 7663 7070
f 5615 6050 5997
f 3832 5657 5615
f 7301 5661 3832
f 5863 7371 7304
f 6463 7490 6509
f 6050 6513 5997
f 7353 7383 5656
f 7353 5656 5657
f 5899 6375 7033
f 6533 7385 7383
f 7346 6050 7587
f 7301 6060 5661
f 7372 6841 7033
f 7371 7373 7304
f 7304 7373 6571
f 7383 7467 5656
f 7142 7334 7406
f 7406 7334 5632
f 7385 5701 7467
f 5701 7385 6058
f 7414 6274 6065
f 6065 6274 7619
f 4263 7007 5282
f 3514 7007 4263
f 6754 7094 5485
f 7220 7094 6754
f 6715 7209 5832
f 5832 5849 6715
f 5849 5845 6742
f 6742 6745 5849
f 6742 5489 6777
f 6979 7754 7753
f 6047 5804 5805
f 5805 7221 7523
f 6255 6772 6999
f 6772 6248 6999
f 7523 7221 5491
f 6876 7530 5812
f 7530 5491 5812
f 7744 6536 6793
f 7347 7771 6550
f 5893 6550 7771
f 6880 7310 6925
f 5896 6567 6102
f 6098 7375 6641
f 7778 6956 6551
f 6998 6970 6551
f 7007 5907 5282
f 6085 7053 6734
f 7586 7568 6767
f 6502 7586 7053
f 5804 6008 6676
f 6870 7667 7668
f 6891 6870 6752
f 6338 6752 6870
f 7220 6754 6283
f 6754 6046 6283
f 6046 5812 6283
f 7257 5812 6046
f 6752 6338 7724
f 7724 6771 7753
f 6997 7261 5613
f 7213 6444 6436
f 6777 7300 7257
f 6489 7286 7227
f 7749 5583 5463
f 6424 7287 6435
f 7300 6777 6793
f 6444 6495 7309
f 7291 7307 7331
f 7261 7278 5613
f 7267 5613 5987
f 6552 7307 7355
f 7355 5739 6552
f 5893 5854 6550
f 6098 5854 5893
f 5627 7324 6101
f 6100 5627 6101
f 5896 6102 7694
f 6102 6841 7694
f 6100 7398 5627
f 6579 7298 6011
f 6100 6082 7398
f 7280 6579 6605
f 7280 7381 7318
f 6027 7337 7323
f 7312 6027 7323
f 7326 6024 7413
f 6082 7356 7369
f 5996 7326 6031
f 5993 7286 7318
f 7326 5993 6024
f 6579 7337 7438
f 6047 6552 5739
f 6047 7438 7421
f 5614 7177 5668
f 7503 7318 7381
f 7393 7532 6024
f 7532 7413 6024
f 6635 7546 7572
f 6651 7413 7532
f 5668 5682 7558
f 5689 7503 6864
f 6657 6675 7405
f 7624 7393 5689
f 5706 5710 6675
f 6322 5734 6303
f 5734 6322 6676
f 6322 6319 7094
f 6970 5605 7778
f 5739 7355 6829
f 6970 6998 7631
f 5739 5804 6047
f 6935 7754 7744
f 7631 6008 6829
f 7356 7451 5813
f 5491 7530 5689
f 7451 6437 5813
f 7719 6752 6935
f 6935 6752 6755
f 5893 7771 6979
f 6255 7713 6979
f 7713 6255 6999
f 7624 5689 6876
f 6755 7753 7754
f 6925 7532 7624
f 6502 7568 7586
f 7221 5805 5804
f 5184 6242 6930
f 7221 6283 5491
f 6319 6487 7094
f 5485 6487 5813
f 5813 6437 5832
f 6322 7094 6676
f 7094 6487 5485
f 6500 5832 6437
f 7618 7586 6767
f 7586 7618 7591
f 6242 7164 6930
f 5832 6500 5849
f 5845 6500 5835
f 6500 5845 5849
f 5489 5845 7658
f 5845 5489 6742
f 7719 5489 6891
f 5869 5489 7719
f 6935 6793 5869
f 6536 7744 7771
f 7771 7744 7754
f 7713 5896 5893
f 5536 6799 6399
f 6102 6567 7671
f 6242 6799 5536
f 5536 7164 6242
f 6338 6870 6323
f 7227 7014 6489
f 6882 7724 6338
f 6882 6771 7724
f 6952 7682 6956
f 7324 6956 7682
f 6436 7170 7164
f 6998 5734 7631
f 6435 6399 6424
f 7213 6495 6444
f 6436 6444 7309
f 5536 7213 7164
f 7185 5583 7749
f 6435 7287 6490
f 7213 6490 6495
f 7312 7309 6495
f 5605 7355 7307
f 5613 7278 5987
f 5993 7227 7286
f 6491 7227 5993
f 6007 7298 7258
f 7258 7298 7278
f 7298 6007 6011
f 5804 6676 7220
f 6024 5993 7318
f 6605 7381 7280
f 6027 7421 7337
f 5804 7220 7221
f 6046 6754 6715
f 6715 6745 6046
f 6046 6745 7257
f 6745 6777 7257
f 7532 7393 7624
f 7413 6651 6031
f 6101 7594 7572
f 7555 6750 7546
f 6536 7771 7347
f 7405 5614 7340
f 6750 7405 7340
f 7347 6550 7348
f 7348 6550 5854
f 7177 5614 7405
f 6657 7405 6750
f 7596 6641 7375
f 7177 5710 5682
f 5682 5668 7177
f 7719 6891 6752
f 6242 4267 6799
f 7438 5805 7523
f 6970 7778 6551
f 6248 6772 5931
f 7658 7667 6870
f 6255 6979 7753
f 7624 6876 6880
f 6734 7555 6710
f 7754 6935 6755
f 6734 7586 7591
f 6101 7682 7594
f 7597 7375 7694
f 6101 7324 7682
f 6551 7324 5627
f 6303 6998 6551
f 6283 5812 5491
f 5812 7257 6876
f 6487 6319 7369
f 7369 6319 7398
f 6876 7257 6880
f 6303 7398 6322
f 6880 7300 7310
f 6319 6322 7398
f 6323 6321 6338
f 6338 6321 6882
f 6536 6925 7310
f 7451 5668 6437
f 6487 7356 5813
f 7185 6424 5583
f 7213 5536 6435
f 7164 7213 6436
f 6437 6427 6500
f 5813 5832 7209
f 5485 5813 7209
f 7287 6424 7185
f 7014 5282 7267
f 6490 7287 7291
f 7280 6489 5987
f 7286 6489 7280
f 6491 5993 7326
f 7312 6495 7331
f 6552 7312 7331
f 6427 5835 6500
f 6552 6027 7312
f 7337 6011 7323
f 3869 7568 6502
f 5489 7658 6891
f 7280 7318 7286
f 6007 6520 7323
f 7323 6011 6007
f 6579 6011 7337
f 6935 5869 7719
f 7744 6793 6935
f 6952 5929 7682
f 6031 7326 7413
f 6956 7324 6551
f 7421 6027 6552
f 6675 5710 7405
f 6999 7671 6567
f 7438 7337 7421
f 6567 5896 7713
f 7631 5734 6008
f 6605 7503 7381
f 7546 6750 6740
f 7393 7503 5689
f 7555 7546 7551
f 6635 7551 7546
f 7555 6657 6750
f 6675 6657 7591
f 5706 7618 6767
f 7618 5706 6675
f 7546 6740 7572
f 6676 7094 7220
f 7596 7375 7597
f 7594 6635 7572
f 5485 7209 6715
f 5485 6715 6754
f 5605 7631 7355
f 6829 7355 7631
f 6101 7572 6100
f 6740 6100 7572
f 6008 5739 6829
f 7631 5605 6970
f 7551 6710 7555
f 6745 6715 5849
f 7713 6999 6567
f 6100 6740 6082
f 6742 6777 6745
f 6750 7340 6740
f 6082 6740 7340
f 6979 7713 5893
f 6755 6752 7724
f 7405 5710 7177
f 7586 6734 7053
f 6771 5931 6772
f 7753 6771 6255
f 6772 6255 6771
f 6777 5489 5869
f 6777 5869 6793
f 6793 6536 7310
f 5739 6008 5804
f 6956 7778 7749
f 7438 6047 5805
f 5896 6098 5893
f 7523 5491 6864
f 6870 6891 7658
f 6880 6925 7624
f 6676 6008 5734
f 7753 6755 7724
f 6998 6303 5734
f 7749 6952 6956
f 6536 6651 6925
f 6536 7347 6651
f 7754 6979 7771
f 5282 7014 5281
f 7227 5281 7014
f 3869 6502 5857
f 6424 6399 5580
f 6435 5536 6399
f 6150 7668 7667
f 7668 6150 7634
f 6435 6490 7213
f 7220 6283 7221
f 7261 7258 7278
f 6880 7257 7300
f 7267 5282 5613
f 5613 5282 5907
f 5987 6489 7267
f 6489 7014 7267
f 7278 7298 5987
f 7287 7185 5605
f 7298 7280 5987
f 7287 5605 7291
f 5605 7307 7291
f 6490 7291 7331
f 7594 7682 5929
f 7298 6579 7280
f 6793 7310 7300
f 7185 7749 7778
f 6490 7331 6495
f 7778 5605 7185
f 6651 7532 6925
f 7309 7312 6520
f 7312 7323 6520
f 7307 6552 7331
f 6082 7369 7398
f 6082 7340 7356
f 7340 5614 7451
f 7451 7356 7340
f 6551 5627 6303
f 7398 6303 5627
f 6098 5896 7375
f 7694 7375 5896
f 6024 7503 7393
f 6487 7369 7356
f 6024 7318 7503
f 6047 7421 6552
f 6675 7591 7618
f 6579 7438 6605
f 5668 7451 5614
f 7558 6437 5668
f 6605 6864 7503
f 6605 7523 6864
f 7438 7523 6605
f 6085 6734 6710
f 6864 5491 5689
f 7591 7555 6734
f 7591 6657 7555
f 6635 7541 7551
f 7530 6876 5689
f 4442 3457 5961
f 3557 7342 6910
f 5146 6337 4613
f 5170 4613 6849
f 4478 2279 2297
f 2324 5665 2332
f 4867 6580 4523
f 3482 6784 3004
f 6556 5680 3457
f 3174 4290 7741
f 3057 6725 3084
f 6957 4290 3651
f 4613 3057 3084
f 6871 5933 4867
f 6744 6607 4383
f 5474 6597 3126
f 6356 6871 4867
f 6063 6356 4867
f 7392 7108 5146
f 4690 4668 5775
f 4690 5775 6709
f 6556 3057 6337
f 6849 6689 4668
f 6744 3004 5383
f 4586 6871 6356
f 4455 3272 4028
f 3526 4082 4455
f 3526 4455 4028
f 7741 7392 3174
f 3883 5380 3714
f 5380 3883 3887
f 5380 3887 3721
f 5388 3887 5326
f 5388 5326 4585
f 5426 4585 4614
f 5383 6580 4867
f 5670 4300 4580
f 5340 3759 4656
f 3911 4961 5690
f 4646 3528 3759
f 3936 3528 4646
f 4912 4616 4091
f 4285 4912 4916
f 3747 4946 5358
f 4580 3526 4439
f 7342 3557 7351
f 3334 4946 5129
f 5289 3526 4300
f 5170 3174 5146
f 3183 5170 6849
f 3174 5170 3183
f 3634 4442 5961
f 3651 3183 6368
f 3232 3887 3883
f 3887 3232 5326
f 6744 3482 3004
f 4300 4645 4293
f 6356 6063 6894
f 3721 6503 5369
f 5388 6646 3721
f 5392 6646 5388
f 5986 5392 4003
f 6744 4383 3084
f 4611 4060 4844
f 4645 5670 4688
f 3936 5453 3531
f 5453 4688 3531
f 5950 6607 5933
f 5289 4293 4666
f 4852 4060 3539
f 3539 4903 4091
f 5452 4903 3539
f 5455 4903 5452
f 5455 3971 4916
f 4916 3971 4922
f 4080 6649 4439
f 6689 6607 5775
f 5950 6709 5775
f 4580 4439 6649
f 4887 4609 4128
f 4609 5690 4128
f 7779 5690 4961
f 4577 3557 6910
f 4290 3174 3183
f 4290 3183 3651
f 4844 3232 3709
f 4383 6607 6689
f 6689 6849 4383
f 3887 5388 3721
f 5775 4668 6689
f 4091 4614 4852
f 6725 3457 4442
f 4005 5426 4614
f 4616 4005 4614
f 4616 6530 4005
f 5340 4656 4616
f 6725 4442 3482
f 4478 2297 5722
f 7019 5722 2297
f 6744 5383 6607
f 6580 2324 4523
f 5950 5933 6871
f 4434 4439 4028
f 6337 3057 4613
f 4434 4080 4439
f 2155 4668 4690
f 3883 3714 5242
f 3526 4580 4300
f 4614 4585 5326
f 3911 4609 3906
f 3386 4961 3911
f 3747 5358 5453
f 5358 4645 5453
f 5340 4285 4646
f 5376 4646 4285
f 3747 3936 5376
f 3971 5129 4946
f 5933 5383 4867
f 5392 7621 6646
f 6063 4867 4523
f 3997 4003 7639
f 6063 4523 6597
f 5474 6063 6597
f 5755 4656 5609
f 3759 5609 4656
f 5453 4645 4688
f 3528 5609 3759
f 3528 4685 5609
f 3531 4685 3528
f 4611 4844 3503
f 4060 4852 3232
f 3539 4091 4852
f 4091 4903 4912
f 4903 5455 4916
f 4666 5358 4705
f 4946 4705 5358
f 4580 6649 4862
f 4128 7711 4887
f 6337 3557 6556
f 6368 6849 4668
f 4442 3634 3482
f 3709 3232 3883
f 5289 4082 3526
f 3714 5380 5369
f 4614 5326 4852
f 4091 4616 4614
f 4912 5340 4616
f 4585 5392 5388
f 4285 4922 5376
f 5340 4912 4285
f 4293 5289 4300
f 5376 4922 4946
f 5376 4946 3747
f 4616 4656 6530
f 4300 5670 4645
f 3531 3528 3936
f 3334 4181 4666
f 4705 3334 4666
f 4705 4946 3334
f 7351 3557 6337
f 3155 6894 6385
f 7392 5146 3174
f 4434 3830 4080
f 6368 2155 5134
f 6725 6556 3457
f 5690 4609 3911
f 5369 6503 5593
f 5986 7621 5392
f 3997 5986 4003
f 3759 5340 4646
f 3936 4646 5376
f 5664 2297 6446
f 3936 3747 5453
f 5665 5664 4412
f 4082 4666 3963
f 5950 5775 6607
f 6597 5691 2154
f 7325 6907 7342
f 7342 6907 6910
f 4060 3232 4844
f 4862 5671 5670
f 4580 4862 5670
f 3232 4852 5326
f 3526 4028 4439
f 5289 4666 4082
f 4128 7064 7711
f 4946 4922 3971
f 4922 4285 4916
f 4903 4916 4912
f 6674 5690 7779
f 4666 4293 5358
f 6709 4446 4690
f 6607 5383 5933
f 6709 5950 6871
f 6709 6871 4586
f 3883 5242 3709
f 5358 4293 4645
f 3721 5369 5380
f 4585 4003 5392
f 4585 5426 4003
f 6894 6063 5474
f 7520 7193 6054
f 6791 7342 7351
f 6791 7325 7342
f 6924 7024 5567
f 7141 5567 7636
f 5567 7095 7636
f 5369 7569 7359
f 5986 3997 6757
f 7647 4005 6530
f 5671 4688 5670
f 7229 6811 7636
f 7194 7692 6781
f 6812 5507 6225
f 6089 4656 5755
f 6530 7772 7647
f 7636 6811 6803
f 5507 7253 6143
f 4887 6669 6622
f 4887 7711 6669
f 7064 4128 5690
f 3557 4577 6556
f 7569 7672 7564
f 7569 6729 7672
f 6729 7569 6194
f 5146 7108 6337
f 5146 4613 5170
f 6776 7263 7472
f 7772 6749 7647
f 3183 6849 6368
f 7688 6656 6078
f 6368 4668 2155
f 6222 7693 5763
f 7571 6867 5763
f 6731 6762 7687
f 6674 6922 7064
f 6723 6166 7672
f 7672 6729 6723
f 6729 6194 6731
f 7687 7266 7457
f 7725 7752 7756
f 7728 6757 7639
f 6103 6781 7108
f 6258 6887 7123
f 6885 6253 6892
f 7019 2297 5664
f 5665 4412 2332
f 5686 2324 2332
f 2324 5686 5691
f 4523 2324 5691
f 4523 5691 6597
f 6781 7444 6791
f 7325 6791 5820
f 6025 7212 6887
f 6887 6922 6025
f 7141 6025 6922
f 3004 6784 4478
f 3004 4478 5722
f 6924 7141 6922
f 5680 4422 3457
f 5383 5722 7019
f 3057 6556 6725
f 7351 6337 7108
f 7024 7095 5567
f 5383 7019 6580
f 7024 7031 7095
f 7095 7229 7636
f 5369 5593 7569
f 3997 7639 6757
f 4656 7772 6530
f 3084 4383 4613
f 4685 6694 5609
f 6694 4685 7452
f 7452 4685 3531
f 3531 4688 7432
f 7528 7193 7520
f 7194 7193 7528
f 6811 7229 6812
f 7253 6812 7229
f 5666 7696 5663
f 6622 6669 6623
f 4080 6078 6649
f 5658 5663 7693
f 5663 7696 7693
f 5690 6674 7064
f 3084 6725 3482
f 3084 3482 6744
f 7741 6103 7392
f 5505 6795 5674
f 7636 5505 5674
f 7351 7108 6781
f 3482 3634 6784
f 6556 4577 5680
f 5752 7622 7615
f 6089 5755 7759
f 3004 5722 5383
f 7735 7687 6762
f 6731 7695 6762
f 5671 4862 7534
f 6849 4613 4383
f 6476 7194 7528
f 7688 7482 6656
f 6222 7482 7688
f 6807 7457 7472
f 7534 4862 6656
f 5545 6800 7255
f 6827 6222 5763
f 6807 7263 6800
f 5763 6867 6827
f 6924 6922 6674
f 6674 7024 6924
f 7024 6674 7779
f 6762 7344 7735
f 7520 6054 6053
f 5824 6879 7756
f 6253 6885 6879
f 7194 6103 7193
f 7194 6781 6103
f 7711 7064 6887
f 5665 6580 7019
f 5567 7141 6924
f 2324 6580 5665
f 5664 5665 7019
f 7115 6362 5559
f 6361 7115 7253
f 7457 7266 7472
f 6361 7229 7095
f 6361 7253 7229
f 6887 7212 7123
f 6795 5505 6476
f 6803 6811 7444
f 6225 6811 6812
f 6103 7108 7392
f 6089 7772 4656
f 7695 7332 7344
f 7255 7263 6776
f 7696 5666 6622
f 6068 7359 7564
f 7569 5593 6194
f 6803 7444 7692
f 7500 6892 7752
f 7444 6225 5820
f 7444 5820 6791
f 6892 6253 7752
f 6656 4862 6649
f 6649 6078 6656
f 7752 6253 5824
f 7688 6078 5658
f 5658 7693 7688
f 6694 7674 5609
f 6166 7615 7564
f 7711 6887 6258
f 7615 6166 5752
f 5752 7457 6807
f 6166 7457 5752
f 6723 7457 6166
f 7683 6731 6194
f 6842 7332 7695
f 7695 7683 6842
f 7728 7725 7621
f 7344 6762 7695
f 7728 7500 7752
f 6054 7193 7741
f 6781 6791 7351
f 7534 6790 5671
f 5824 7756 7752
f 6089 7759 7703
f 7636 6803 5505
f 6222 6827 7512
f 6222 7512 7482
f 7687 7457 6723
f 6800 7263 7255
f 6807 7472 7263
f 5824 6253 6879
f 7145 6879 6885
f 6054 7741 4290
f 7064 6922 6887
f 7728 7621 6757
f 7728 7752 7725
f 4290 6053 6054
f 6258 6669 7711
f 7696 7571 5763
f 7693 7696 5763
f 6731 7683 7695
f 6362 7115 6361
f 6729 6731 7687
f 7688 7693 6222
f 6729 7687 6723
f 6476 7692 7194
f 5507 5820 6225
f 7141 5674 6025
f 7636 5674 7141
f 6089 7703 7772
f 5507 6812 7253
f 7564 7672 6166
f 6025 5674 6795
f 6757 7621 5986
f 5671 6790 7432
f 7564 7615 6068
f 6103 7741 7193
f 5671 7432 4688
f 6781 7692 7444
f 6476 5505 7692
f 5505 6803 7692
f 6225 7444 6811
f 7359 7569 7564
f 1976 2883 2263
f 2598 2070 2719
f 1934 2167 2223
f 1441 1442 2263
f 2704 2789 2167
f 1442 1976 2263
f 1442 1441 2960
f 2960 1441 2265
f 1442 2604 1444
f 2604 1442 2960
f 1621 1448 2276
f 1441 2263 2223
f 2789 2223 2167
f 2223 2789 1441
f 1441 2789 2265
f 2598 2719 2527
f 1444 1976 1442
f 1537 1773 1448
f 1448 2604 2276
f 1608 2376 2831
f 2540 1504 2716
f 1504 2167 2716
f 2462 1940 2464
f 2265 2602 2793
f 2793 2602 2530
f 2883 1873 2263
f 2270 1873 2163
f 2163 1873 2883
f 2719 2376 1608
f 2722 2527 1608
f 2956 1933 2743
f 2363 1934 1872
f 2960 2288 1776
f 2504 2363 1872
f 2540 2464 2070
f 2831 3552 1608
f 1608 3552 2722
f 2462 1939 1940
f 2464 1940 2719
f 2704 2598 2602
f 2528 2527 2722
f 2530 2528 2381
f 2789 2704 2265
f 1934 2363 2716
f 2223 1872 1934
f 1931 1537 1621
f 1621 1537 1448
f 1942 1940 1939
f 2722 2849 2381
f 2464 2540 2462
f 2527 2528 2602
f 1504 2070 2598
f 2070 1504 2540
f 5273 3694 2831
f 2722 3552 3567
f 1940 1942 2376
f 1940 2376 2719
f 3001 5273 1939
f 1942 1939 5273
f 1942 5273 2831
f 2528 2722 2381
f 1872 2223 1873
f 2263 1873 2223
f 1872 1873 2270
f 2960 2793 2288
f 2999 3001 1939
f 2070 2464 2719
f 2528 2530 2602
f 2527 2602 2598
f 2743 2540 2716
f 2167 1504 2704
f 2704 1504 2598
f 2265 2704 2602
f 2716 2167 1934
f 1608 2527 2719
f 2956 2743 2363
f 2716 2363 2743
f 1584 3209 2999
f 2793 2960 2265
f 2849 2722 3567
f 1942 2831 2376
f 3460 3464 4815
f 4219 4387 4379
f 4473 4467 4829
f 4942 4224 3680
f 3870 4488 4496
f 3209 2744 5362
f 3460 3687 4738
f 4738 3687 3688
f 3552 2831 3694
f 4829 4233 3711
f 6147 3950 7492
f 5192 5195 4561
f 4735 6774 5745
f 4815 3471 3302
f 4374 4379 4233
f 4379 5182 4233
f 5185 4387 5192
f 3001 5268 4068
f 4549 4551 5363
f 4551 4071 4529
f 4567 5375 4563
f 5375 4567 5387
f 5387 4567 5318
f 4467 5329 5163
f 5330 4475 5285
f 4101 4224 4942
f 4479 4101 4475
f 3184 3870 4544
f 4538 4540 4479
f 4540 4538 3374
f 5255 3374 4224
f 3681 3374 4052
f 5352 5286 4549
f 3681 4052 5185
f 4549 5362 5352
f 4596 5387 5318
f 4177 5049 3950
f 4177 3950 4610
f 6156 4610 6147
f 4610 6156 3945
f 4735 5745 5205
f 4738 3464 3460
f 3471 4219 4379
f 4209 3476 3478
f 4829 4467 3856
f 5250 4837 4545
f 5182 4052 4545
f 4561 5185 5192
f 2744 3956 5362
f 2849 3567 5321
f 4551 4549 4942
f 4101 4942 4549
f 4071 4551 3208
f 3208 4105 4071
f 5205 4743 5210
f 4475 4473 5250
f 4224 3681 3680
f 3681 4227 3184
f 4488 3184 4227
f 3460 4209 3687
f 5224 3964 4171
f 4520 5319 5163
f 5362 5363 3209
f 5268 3209 3726
f 3552 3694 4596
f 6147 7410 6156
f 3731 4105 4544
f 4105 3208 4544
f 4544 3870 4563
f 3302 4829 3856
f 4837 3711 5182
f 4544 5375 3731
f 3567 5318 5321
f 3302 3471 4374
f 4387 5182 4379
f 5192 4387 5193
f 5163 3856 4467
f 5330 4473 4475
f 4479 4224 4101
f 4815 3856 5163
f 4473 4837 5250
f 4479 5250 4538
f 4538 4052 3374
f 4561 5195 4488
f 2999 3209 5268
f 2999 5268 3001
f 3945 6156 4302
f 3973 4735 5418
f 3476 5210 4743
f 5224 4171 3460
f 4742 3464 4738
f 3464 4742 3471
f 3471 4742 4219
f 4829 3711 4473
f 4473 3711 4837
f 4837 5182 4545
f 5182 5185 4052
f 3956 5352 5362
f 3726 4068 5268
f 5363 3726 3209
f 3693 4068 5375
f 3694 3693 4596
f 5387 4596 3693
f 5375 4544 4563
f 5091 4735 5205
f 5745 4743 5205
f 5210 3476 4171
f 5319 5159 5163
f 5745 6782 4743
f 4743 6782 4752
f 4743 4752 3476
f 4475 4101 5286
f 3208 4942 3680
f 3184 3208 3680
f 4475 5250 4479
f 4479 4540 5255
f 5255 4224 4479
f 3208 3184 4544
f 4224 3374 3681
f 3856 4815 3302
f 4227 4561 4488
f 4829 3302 4233
f 3667 5224 3460
f 4815 3464 3471
f 3471 4379 4374
f 3947 5352 3956
f 3001 4068 5273
f 5330 4467 4473
f 3680 3681 3184
f 3184 4488 3870
f 5163 3667 4815
f 5362 4549 5363
f 5363 4529 3726
f 4538 5250 4545
f 4052 4538 4545
f 4561 4227 5185
f 3726 3731 4068
f 5387 3693 5375
f 5099 5205 3964
f 3964 5205 5210
f 4171 3964 5210
f 3950 6147 4610
f 3973 6774 4735
f 4171 4209 3460
f 4551 4942 3208
f 4214 4752 6782
f 3460 4815 3667
f 4233 3302 4374
f 5182 3711 4233
f 5329 4467 5330
f 6156 5046 4302
f 4387 5185 5182
f 5192 5193 5195
f 5195 5193 4768
f 3870 4496 4563
f 4171 3476 4209
f 5163 5159 3667
f 5255 4540 3374
f 4227 3681 5185
f 5273 4068 3693
f 5273 3693 3694
f 3552 4596 3567
f 4596 5318 3567
f 4529 5363 4551
f 3726 4529 3731
f 4549 5286 4101
f 4529 4105 3731
f 4529 4071 4105
f 4567 4563 4496
f 4567 4496 5318
f 3731 5375 4068
f 7072 7118 7081
f 5912 6353 7410
f 7410 7069 6969
f 6969 7079 7394
f 7079 6980 7386
f 5918 7069 6390
f 6156 7394 5046
f 5745 6774 6995
f 6995 6782 5745
f 7386 6995 6774
f 6969 7072 7079
f 6353 6379 7069
f 7069 6379 6390
f 6774 3973 7386
f 4214 6782 6786
f 6147 7063 5912
f 7410 6969 7394
f 7386 7000 6995
f 6353 7069 7410
f 7069 5918 6969
f 6353 7112 6379
f 7410 7394 6156
f 7492 7063 6147
f 5912 7410 6147
f 7394 7386 3973
f 7394 7079 7386
f 7386 6980 7000
f 6969 5918 7072
f 7079 7072 7081
f 6374 6957 3651
f 5799 6374 4338
f 5134 3651 6368
f 5799 4338 7644
f 6125 7248 7270
f 7183 7339 6668
f 7443 6508 7273
f 7574 5768 7620
f 6955 6975 6315
f 7097 5544 6932
f 6932 5544 5547
f 5850 7091 6961
f 7091 5910 6504
f 6504 5953 7091
f 5610 5555 7025
f 7211 6022 6947
f 7449 6655 6486
f 6655 7449 5574
f 7518 7520 7339
f 7443 7299 7489
f 7231 7547 5574
f 7321 7547 7330
f 5831 6541 7364
f 6541 7489 7364
f 5555 6205 7602
f 6205 5555 5610
f 6205 7518 7183
f 7623 6789 6022
f 7432 7452 3531
f 7270 7644 6125
f 7321 7644 7270
f 6768 6867 7571
f 6768 7571 6623
f 3651 5134 6374
f 6957 6668 6053
f 5799 7330 6668
f 7330 7183 6668
f 7262 6867 6768
f 6872 7262 6768
f 7482 7512 6932
f 6827 6270 7512
f 6656 6917 7534
f 7231 6504 7388
f 6867 6270 6827
f 6270 5850 6936
f 6541 5831 7003
f 6975 6955 6325
f 7232 7223 6302
f 7262 6872 7091
f 6947 7123 7212
f 7612 6789 7518
f 6795 6476 7623
f 5544 6975 6325
f 5878 5547 5544
f 6508 6662 7449
f 7330 6205 7183
f 5799 7644 7321
f 6504 6662 5953
f 5610 7612 6205
f 6055 5953 6662
f 6768 6623 7232
f 6256 6623 6669
f 7518 7339 7183
f 6976 6694 7593
f 6256 7223 7232
f 6256 6258 7123
f 6917 6260 7534
f 7085 6315 6920
f 7085 6920 6961
f 6315 6975 6920
f 7512 7097 6932
f 7097 7512 6270
f 7482 6932 6917
f 6260 5547 7593
f 5850 6920 6936
f 6936 6920 6975
f 6936 5544 7097
f 7223 6947 7025
f 7223 7123 6947
f 5910 7091 6872
f 6315 7364 6955
f 6325 5878 5544
f 5547 5878 6990
f 6990 5878 7005
f 5544 6936 6975
f 6961 7091 5953
f 7593 5547 6990
f 5610 7025 6947
f 6508 7003 6055
f 5910 7388 6504
f 5555 7602 7388
f 5555 7388 5910
f 6508 6541 7003
f 7223 7025 6302
f 7612 7518 6205
f 6789 7520 7518
f 7520 6789 7528
f 5574 7270 6655
f 7270 5574 7547
f 7547 7321 7270
f 7231 6662 6504
f 5831 7085 7003
f 7085 5831 6315
f 6315 5831 7364
f 5574 7449 6662
f 6662 7231 5574
f 5850 6270 7262
f 7262 6270 6867
f 7231 7087 7547
f 5610 6022 7612
f 6917 6656 7482
f 7339 7520 6053
f 6668 7339 6053
f 7534 6260 6790
f 6790 6260 7593
f 6790 7593 7452
f 7452 7593 6694
f 6694 6976 7674
f 6872 6768 7232
f 6623 6256 7232
f 6669 6258 6256
f 6790 7452 7432
f 7674 6976 6960
f 7528 6789 7623
f 6302 6872 7232
f 6256 7123 7223
f 5799 6668 6374
f 6917 6932 6260
f 5953 7085 6961
f 6270 6936 7097
f 5850 7262 7091
f 6541 6508 7443
f 6961 6920 5850
f 7593 6990 6976
f 5547 6260 6932
f 6957 6053 4290
f 6990 7005 6960
f 7005 5878 6325
f 6990 6960 6976
f 6872 6302 5910
f 7003 7085 5953
f 7602 7330 7087
f 7330 7602 6205
f 6302 5555 5910
f 6302 7025 5555
f 7212 7211 6947
f 6947 6022 5610
f 6374 6668 6957
f 7212 6025 7211
f 6655 7270 7248
f 7321 7330 5799
f 6795 7211 6025
f 7211 6795 7623
f 6381 7364 7489
f 7623 6022 7211
f 6022 6789 7612
f 6662 6508 6055
f 6655 7248 7620
f 7388 7087 7231
f 6486 6508 7449
f 7087 7388 7602
f 6486 7273 6508
f 6055 7003 5953
f 6541 7443 7489
f 6622 6623 7571
f 7571 7696 6622
f 7623 6476 7528
f 7087 7330 7547
f 3294 2030 1116
f 1291 804 3222
f 2573 1880 3222
f 1291 2049 605
f 2049 2059 605
f 2030 426 1116
f 2049 102 2059
f 102 2049 1882
f 2059 102 1116
f 600 2059 1116
f 1610 1648 2573
f 2062 1256 2030
f 1880 2049 1291
f 1882 409 102
f 409 1882 1880
f 600 605 2059
f 1116 426 600
f 715 1414 318
f 650 1011 489
f 938 660 751
f 927 658 660
f 938 753 942
f 942 458 1403
f 458 942 947
f 658 927 923
f 937 318 1415
f 1144 1011 731
f 684 467 954
f 649 458 947
f 931 489 1158
f 470 467 1185
f 1176 1305 649
f 1424 1176 649
f 338 1154 1380
f 605 1072 1291
f 1610 3222 1510
f 409 1880 2573
f 348 890 1408
f 804 1291 105
f 1162 459 105
f 459 398 105
f 888 319 1362
f 890 650 320
f 1271 844 897
f 1414 320 923
f 348 1408 715
f 927 1403 1415
f 1403 927 938
f 952 954 1424
f 954 952 684
f 1162 318 937
f 938 751 753
f 1162 937 459
f 952 947 1266
f 470 1185 329
f 348 715 779
f 715 1072 779
f 942 2460 947
f 1214 1144 767
f 1228 1158 1154
f 398 324 1305
f 348 1362 890
f 1395 888 1362
f 1228 2060 2066
f 937 1415 1403
f 919 1011 650
f 489 320 650
f 320 931 658
f 320 658 923
f 660 938 927
f 459 937 666
f 459 666 324
f 319 919 890
f 666 1403 458
f 952 649 947
f 1144 489 1011
f 715 318 1072
f 1144 731 767
f 1158 489 1154
f 1154 338 1228
f 105 398 3196
f 600 426 779
f 605 600 779
f 605 779 1072
f 3222 804 1510
f 1291 1162 105
f 324 398 459
f 348 1395 1362
f 1414 1408 890
f 1291 3222 1880
f 890 320 1414
f 715 1408 1414
f 890 919 650
f 324 666 649
f 931 320 489
f 660 658 931
f 660 931 751
f 942 1403 938
f 649 666 458
f 324 649 1305
f 1424 649 952
f 684 1185 467
f 338 1380 2060
f 751 931 1158
f 942 753 1170
f 1291 1072 318
f 1162 1291 318
f 1767 329 1185
f 779 1271 348
f 399 1154 1144
f 1154 489 1144
f 1158 1228 751
f 1228 753 751
f 1380 1154 399
f 844 1271 426
f 426 1271 779
f 1362 319 890
f 338 2060 1228
f 753 1228 2066
f 1271 1395 348
f 923 927 1415
f 1414 923 318
f 666 937 1403
f 318 923 1415
f 2315 2829 2634
f 2076 2315 2634
f 1631 2829 1380
f 1380 2829 2315
f 2845 2060 2315
f 3294 2062 2030
f 2573 3222 1610
f 399 1631 1380
f 2060 1380 2315
f 105 3196 804
f 1882 2049 1880
f 1476 3040 3037
f 2042 2391 1476
f 1476 1753 2748
f 1875 2101 1866
f 1875 1866 2099
f 2578 3967 3558
f 1643 2596 3592
f 2392 2997 2391
f 2392 1649 2997
f 1731 5042 3967
f 2997 5056 3430
f 2726 3037 2965
f 3040 1975 3037
f 3037 2726 2593
f 1731 2965 1975
f 1731 1975 3040
f 1649 3000 2545
f 3044 2104 2101
f 1753 3037 2593
f 1753 1476 3037
f 2809 1731 2578
f 2965 1731 2809
f 2548 1875 2877
f 2877 1875 2099
f 2391 2997 3040
f 2578 3558 2011
f 2578 1731 3967
f 3040 5042 1731
f 2748 2042 1476
f 2997 2545 5056
f 2548 3592 5065
f 3000 2548 2545
f 3000 1875 2548
f 3040 3430 5042
f 3040 2997 3430
f 2545 5065 5056
f 2392 2101 1649
f 3040 1476 2391
f 2042 3044 2391
f 2545 2548 5065
f 2104 1866 2101
f 1643 3461 2596
f 2877 3592 2548
f 2877 1643 3592
f 3037 1975 2965
f 1649 2545 2997
f 2101 3000 1649
f 3000 2101 1875
f 3044 2101 2392
f 3044 2392 2391
f 4673 4098 3965
f 4634 3556 3965
f 3965 3556 4416
f 4634 4947 5336
f 3430 4397 5042
f 5065 3592 4416
f 4349 3556 4634
f 4397 3974 5047
f 4397 4349 3974
f 4349 3940 3974
f 3990 4376 5180
f 4376 3990 5211
f 5378 5404 5300
f 2596 4298 3592
f 3873 4298 2596
f 2596 4311 3873
f 2596 3461 4311
f 4311 5378 3873
f 5180 4673 4416
f 4353 3558 5031
f 5056 5065 4349
f 5031 3967 5041
f 5065 3556 4349
f 5211 4122 4376
f 5404 4055 5300
f 5378 5300 3873
f 3967 5031 3558
f 4416 4673 3965
f 4397 5047 5042
f 5065 4416 3556
f 4634 3965 4947
f 3965 4954 4947
f 3965 4098 4954
f 3873 3990 4298
f 4353 5031 5026
f 5042 5047 3967
f 3592 5180 4416
f 5300 5211 3990
f 4673 3575 4098
f 5336 3940 4634
f 4397 3430 5056
f 4349 4397 5056
f 4349 4634 3940
f 4298 5180 3592
f 3990 5180 4298
f 3873 5300 3990
f 4055 4860 5211
f 5300 4055 5211
f 5393 5404 5378
f 2035 1573 2168
f 2121 2595 2655
f 2655 2595 2136
f 2832 3030 2166
f 1852 2453 2842
f 2280 1902 2788
f 2249 1900 2655
f 2655 1818 2249
f 2255 2595 2805
f 2255 2136 2595
f 1457 2788 1902
f 1943 3015 3018
f 3030 1457 2166
f 2035 1667 1573
f 1667 2891 1573
f 2264 2930 3645
f 2267 2264 2266
f 1818 2655 2136
f 2934 2004 2870
f 2004 2266 2870
f 2257 2280 2623
f 2648 2282 2764
f 2648 2623 2282
f 2623 2648 2257
f 2284 1569 2004
f 1569 2284 2962
f 2832 2202 3030
f 2805 2930 2255
f 1818 2136 2261
f 2249 2305 1900
f 3022 2249 2788
f 1569 2962 2280
f 2280 2842 2623
f 2299 1457 1902
f 2921 2299 2741
f 2305 2249 3022
f 3031 2046 2832
f 1457 3030 3022
f 2035 2299 1637
f 2255 2930 2264
f 2255 2264 2267
f 2166 1457 2168
f 2168 1457 2035
f 2202 3033 3030
f 3617 2934 2870
f 2934 3617 4535
f 2284 2934 4535
f 2264 3645 2266
f 2266 3649 2870
f 3640 2959 1852
f 3635 3640 1852
f 2255 2267 2136
f 2267 2004 2261
f 2261 2136 2267
f 1569 1818 2261
f 2004 2267 2266
f 2962 1852 2842
f 2299 1902 2257
f 2257 2741 2299
f 3031 2832 2166
f 2305 3033 3015
f 3022 3033 2305
f 2299 2035 1457
f 2611 1667 1637
f 2035 1637 1667
f 2282 2842 2453
f 2805 2595 2121
f 2121 2655 2769
f 1818 1569 2280
f 2280 2788 1818
f 2280 2257 1902
f 1900 2769 2655
f 2788 2249 1818
f 2004 1569 2261
f 2046 2202 2832
f 2623 2842 2282
f 2764 2282 2453
f 2280 2962 2842
f 1900 2305 1943
f 1457 3022 2788
f 3613 3617 2870
f 3015 1943 2305
f 3649 2266 3645
f 1637 2299 2921
f 2284 4535 3635
f 2004 2934 2284
f 3635 2962 2284
f 2453 1852 2959
f 2962 3635 1852
f 3022 3030 3033
f 4035 4535 4527
f 4678 3645 4136
f 2870 3649 3613
f 3640 3635 4035
f 4035 4037 3640
f 4037 3639 2959
f 2959 3640 4037
f 4146 5435 3350
f 4667 5291 4055
f 4672 5291 4667
f 5435 3379 4527
f 4571 4145 3369
f 3379 4579 4035
f 4527 3379 4035
f 3752 4571 4579
f 4136 5403 5400
f 5403 4136 3160
f 3649 4678 3613
f 4535 4035 3635
f 4678 3649 3645
f 3350 5397 4146
f 4678 4672 3613
f 4146 3752 4579
f 3752 4145 4571
f 5435 4146 3379
f 4516 3617 3613
f 4535 3617 4527
f 4035 4579 4037
f 4579 4571 4037
f 4037 4571 3639
f 5397 5098 4117
f 4117 4146 5397
f 3745 4117 5098
f 4136 5400 4678
f 4117 3745 3752
f 3745 4145 3752
f 3752 4146 4117
f 4579 3379 4146
f 4510 5435 4516
f 5435 4527 4516
f 3613 4667 4516
f 4516 4527 3617
f 4667 3613 4672
f 2930 3160 3645
f 3645 3160 4136
f 5404 5393 3350
f 5393 5397 3350
f 5404 3350 4510
f 4055 5404 4510
f 5435 4510 3350
f 4510 4667 4055
f 4516 4667 4510
f 569 1563 1560
f 2912 2207 2577
f 2863 2978 2463
f 2978 2863 2023
f 2808 2158 2314
f 2862 2649 2173
f 2577 2844 2848
f 2844 2577 2207
f 1853 918 2061
f 918 1853 1563
f 3045 2281 2808
f 2912 3045 2808
f 3036 1953 1853
f 3018 1968 1943
f 2927 2805 1897
f 2912 2577 3045
f 2862 2463 2649
f 2863 1664 2023
f 1853 2046 1563
f 2121 2173 1897
f 2769 2173 2121
f 3018 1803 1953
f 1803 2202 1953
f 2912 2012 2207
f 3036 2012 1953
f 2978 2023 2307
f 1968 2314 2862
f 2173 1943 2862
f 2808 2314 2912
f 1943 1968 2862
f 2862 2863 2463
f 1853 2061 3036
f 2046 3031 1560
f 1803 3018 3015
f 1953 2012 3018
f 1803 3033 2202
f 2158 2666 2314
f 1560 1563 2046
f 2713 2158 2808
f 2012 3036 2207
f 2808 1893 2713
f 1664 2863 2666
f 2649 2463 1815
f 1853 2202 2046
f 2012 2314 1968
f 2314 2012 2912
f 3018 2012 1968
f 1803 3015 3033
f 2121 1897 2805
f 2649 1897 2173
f 2863 2862 2314
f 2666 2863 2314
f 1900 2173 2769
f 2281 1893 2808
f 1853 1953 2202
f 2848 2844 2313
f 1943 2173 1900
f 2307 2989 2978
f 2207 2061 2844
f 2061 2207 3036
f 4880 4575 4869
f 4956 4755 4953
f 4956 4759 4755
f 4466 4418 5274
f 4565 4092 4925
f 4565 4104 4092
f 4466 3308 4418
f 4244 4873 4234
f 4729 4723 4724
f 4732 3280 4724
f 3791 5445 4418
f 3791 3450 4356
f 4956 4684 3692
f 4234 4869 4861
f 4861 3551 4857
f 4861 4565 3551
f 4880 4684 4575
f 5441 3959 3436
f 5445 3959 5441
f 4244 4861 3835
f 5188 5274 3230
f 4986 4245 3516
f 4755 5005 4953
f 5039 4339 4759
f 4494 4925 4092
f 4575 4104 4565
f 4755 4759 5005
f 3308 3450 3791
f 3230 4418 3692
f 5274 3700 4778
f 4953 3730 4951
f 5445 5039 4418
f 4354 3791 4356
f 4861 4869 4565
f 4244 4234 4861
f 5039 3692 4418
f 4234 4880 4869
f 4901 4494 4906
f 4925 4494 4901
f 4245 4986 4880
f 4575 4950 4104
f 4956 4950 4575
f 3730 4514 4253
f 3730 5005 4514
f 4953 5005 3730
f 5445 4354 3959
f 4723 4718 4356
f 4092 4104 4944
f 4950 4944 4104
f 4951 4944 4950
f 4956 4953 4950
f 5005 4759 5016
f 4339 5016 4759
f 3308 3791 4418
f 5274 4418 3230
f 3880 4873 4244
f 4339 5441 5016
f 5039 5441 4339
f 4356 3450 4723
f 4857 4901 3064
f 3551 4901 4857
f 4869 4575 4565
f 4356 4718 4354
f 4354 4718 3966
f 4723 4729 4718
f 5188 3230 3692
f 4778 5287 5274
f 3835 4861 4857
f 4880 4234 4245
f 3551 4925 4901
f 3551 4565 4925
f 4950 4953 4951
f 4684 4956 4575
f 3692 4759 4956
f 5188 3692 4684
f 4759 3692 5039
f 3700 5274 5188
f 5016 3436 3779
f 5441 3436 5016
f 5445 5441 5039
f 5445 3791 4354
f 2058 1992 3047
f 2058 1447 1992
f 2952 1446 2868
f 2952 1445 2961
f 1446 2952 2961
f 2961 2326 1446
f 1446 1985 2781
f 1985 1446 2254
f 1992 2961 1445
f 1445 3047 1992
f 2179 2441 2734
f 2183 2734 2446
f 2448 2502 2405
f 2377 1959 1571
f 2326 2797 2254
f 3397 2502 1581
f 1581 2502 2015
f 2377 1571 1980
f 1980 2663 1595
f 1595 2663 2015
f 2663 2725 2015
f 2725 2509 2015
f 2181 2516 2509
f 2874 2326 1657
f 1966 2874 1657
f 1985 2792 1987
f 2795 2382 2792
f 3005 2795 1749
f 2961 1992 1657
f 1447 1657 1992
f 1656 2441 2006
f 2179 2006 2441
f 2446 2875 2029
f 3005 2116 2382
f 3005 1756 2135
f 2663 2135 1756
f 1757 2663 1756
f 2031 1796 2183
f 1794 1796 2031
f 2810 1908 1656
f 1892 2868 1446
f 1656 1908 2321
f 1908 2901 2359
f 2377 1895 1959
f 1908 2359 2321
f 2874 1966 2810
f 3397 2405 2502
f 1984 1980 1595
f 2378 1985 1987
f 2993 2378 1987
f 1987 2792 2382
f 1984 1595 2448
f 2448 1595 2502
f 2015 2502 1595
f 2006 2415 1656
f 2415 2006 1756
f 2415 2807 1656
f 2516 2181 2027
f 2031 2029 2885
f 1567 2993 2616
f 2382 2116 2639
f 1757 2725 2663
f 1757 2179 2725
f 2179 2734 2725
f 2183 2181 2734
f 2183 1796 2181
f 2797 2792 2254
f 2797 2795 2792
f 2799 2795 2797
f 2799 2810 2807
f 2781 1892 1446
f 2874 2797 2326
f 2874 2810 2799
f 1966 2901 1908
f 2321 2441 1656
f 2441 2321 2446
f 2993 1987 2382
f 2415 1756 3005
f 1749 2807 2415
f 3005 1749 2415
f 1984 2448 2412
f 2058 3047 1661
f 2031 2183 2029
f 2441 2446 2734
f 2029 2183 2446
f 2015 2509 1581
f 2509 2516 1581
f 2639 2616 2993
f 2616 2639 1571
f 1571 2135 1980
f 1571 2639 2135
f 1980 2135 2663
f 2135 2639 2116
f 2135 2116 3005
f 2181 2725 2734
f 2725 2181 2509
f 1796 2027 2181
f 2378 2781 1985
f 2254 2792 1985
f 1446 2326 2254
f 2799 1749 2795
f 2797 2874 2799
f 2799 2807 1749
f 2810 1656 2807
f 1908 2810 1966
f 2446 2321 2875
f 2445 1672 1966
f 1672 2901 1966
f 2961 1657 2326
f 1966 1657 2445
f 2382 2639 2993
f 2795 3005 2382
f 2006 1757 1756
f 2179 1757 2006
f 1581 2516 4332
f 4003 5426 7639
f 5426 4005 7639
f 7016 6535 5619
f 7016 5619 6381
f 6293 7061 6518
f 6293 6294 7061
f 6294 7005 7073
f 6294 6293 6960
f 7470 5619 6067
f 5619 7470 6518
f 6381 7493 7364
f 6224 7747 6749
f 7647 6749 7747
f 7703 7759 6293
f 6749 6200 6224
f 7759 5755 7674
f 6224 6809 7747
f 6224 6938 6809
f 6938 7703 6293
f 6296 7047 7034
f 6955 7073 7005
f 7034 7047 7470
f 7073 7364 7493
f 7061 7073 7493
f 5619 7493 6381
f 7674 6293 7759
f 7047 6938 6293
f 7005 6325 6955
f 7674 6960 6293
f 6381 7489 7016
f 7005 6294 6960
f 7047 6518 7470
f 7703 6938 6224
f 7470 6067 7456
f 6067 5619 6535
f 7639 7647 7747
f 6200 7703 6224
f 7772 7703 6200
f 5609 7674 5755
f 7772 6200 6749
f 6296 6809 6938
f 7047 6296 6938
f 6293 6518 7047
f 6294 7073 7061
f 7073 6955 7364
f 4005 7647 7639
f 6518 7493 5619
f 7061 7493 6518
f 3771 3416 4710
f 3416 3771 4163
f 4163 5428 3416
f 5311 5379 3357
f 3922 5395 3716
f 3738 5033 5451
f 5379 4135 3922
f 3922 4135 5054
f 4115 5456 5451
f 4476 4642 4965
f 3660 4795 3862
f 4795 3660 3357
f 4115 5403 3737
f 5428 4135 5425
f 5428 5434 4135
f 3424 5057 4657
f 5054 5332 3922
f 3771 2948 3773
f 5434 5428 4163
f 5434 4618 4657
f 3456 4476 4719
f 3275 4159 5456
f 5311 3275 4135
f 3922 3716 5379
f 4124 4115 3737
f 4167 5332 5057
f 4135 5434 5054
f 4657 5054 5434
f 4164 4618 5434
f 4642 3456 4221
f 3738 3660 5033
f 3357 5379 4642
f 4642 5379 3716
f 4115 4124 3080
f 3080 4124 3786
f 5425 3275 3080
f 5057 3424 3753
f 3753 4167 5057
f 3416 5428 5425
f 5456 3738 5451
f 5456 4159 3738
f 4159 3275 5311
f 3773 4163 3771
f 4163 3773 4164
f 4159 3660 3738
f 5057 5332 5054
f 4221 3456 4344
f 4642 4476 3456
f 3357 3660 5311
f 5332 5395 3922
f 4115 3080 5456
f 4642 3716 4965
f 3786 3416 5425
f 3080 3275 5456
f 5425 4135 3275
f 4163 4164 5434
f 4135 5379 5311
f 5054 4657 5057
f 5033 3660 3862
f 4159 5311 3660
f 3080 3786 5425
f 6126 5928 7384
f 7203 7384 5928
f 5539 6892 6913
f 6913 6291 5539
f 6291 7345 6468
f 5966 7456 6067
f 7243 7767 7738
f 7145 5539 6468
f 6913 6892 7500
f 6468 5539 6291
f 6809 6296 6291
f 7738 6126 7243
f 7738 5928 6126
f 5974 7205 5540
f 7341 7335 6468
f 7275 7345 7456
f 7341 7275 7738
f 7728 7639 7747
f 7145 6468 7335
f 7345 6291 7034
f 6296 7034 6291
f 6892 5539 6885
f 6885 5539 7145
f 7341 6468 7345
f 7034 7456 7345
f 7034 7470 7456
f 5540 7203 5966
f 7738 7335 7341
f 7728 6809 6913
f 6913 7500 7728
f 7384 7205 7379
f 7747 6809 7728
f 6809 6291 6913
f 7275 5966 7203
f 5540 7384 7203
f 5540 7205 7384
f 7275 5928 7738
f 7345 7275 7341
f 7456 5966 7275
f 7275 7203 5928
f 6126 7384 7379
f 7379 7205 5740
f 5504 5740 7205
f 4055 5291 4497
f 4687 3979 3668
f 3854 3515 3440
f 4497 4860 4055
f 4672 5401 5291
f 4678 5401 4672
f 3440 3979 4687
f 4687 4822 5269
f 5283 4822 4687
f 4769 3854 3440
f 5211 4860 4999
f 4194 3854 4497
f 4999 3798 4122
f 4497 5291 4194
f 4999 4860 3798
f 4860 5173 3798
f 4860 4497 5173
f 5283 4687 3668
f 3440 3515 5127
f 4497 3854 5173
f 5400 5401 4678
f 5211 4999 4122
f 4769 4687 5269
f 3440 4687 4769
f 3515 4791 5127
f 4880 4569 4684
f 4584 4778 3700
f 4778 4584 3122
f 5041 4584 4296
f 4252 3122 3940
f 4684 4569 5188
f 4954 5327 3251
f 5274 3875 4466
f 3421 4573 5012
f 4921 4050 5336
f 5336 3251 4921
f 4947 3251 5336
f 4778 3122 4252
f 5026 5041 4296
f 5031 5041 5026
f 4252 5336 4050
f 4573 4569 4564
f 3421 4584 4573
f 3974 3122 5047
f 4573 3700 4569
f 4778 4252 5287
f 5336 4252 3940
f 5041 3122 4584
f 5041 5047 3122
f 3974 3940 3122
f 3136 4880 4986
f 4564 4569 4880
f 4584 3700 4573
f 3700 5188 4569
f 5287 3875 5274
f 3875 5287 4050
f 4252 4050 5287
f 3251 4947 4954
f 3527 3421 5012
f 4296 4584 3421
f 3967 5047 5041
f 4050 4921 3875
f 2805 3763 2930
f 3763 2805 2927
f 4791 3515 3862
f 4791 3862 4795
f 5033 3862 4195
f 5401 5400 4112
f 4124 3737 4154
f 4124 4150 3786
f 5291 5446 4194
f 5446 5033 4195
f 5451 5033 5446
f 3357 4221 4795
f 4221 3357 4642
f 4115 4112 5403
f 4150 3763 2927
f 4344 4791 4221
f 4195 4194 5446
f 2927 1815 4150
f 4112 5446 5401
f 4115 5451 4112
f 3160 4154 5403
f 3763 4154 3160
f 3763 4150 4154
f 4795 4221 4791
f 4195 3515 3854
f 3515 4195 3862
f 2930 3763 3160
f 5291 5401 5446
f 4112 5451 5446
f 4195 3854 4194
f 4112 5400 5403
f 4154 3737 5403
f 4154 4150 4124
f 5173 3446 3798
f 3671 5100 3901
f 4322 4223 3671
f 3446 4777 4322
f 4640 6707 4149
f 4223 3674 3671
f 4822 3736 5269
f 5100 4640 4638
f 3446 5109 4777
f 5130 4807 3736
f 3736 4807 5269
f 4149 4638 4640
f 5100 3671 4640
f 5269 5109 3446
f 4148 4149 4949
f 4640 3674 6707
f 3671 3674 4640
f 4807 5130 5109
f 5269 3446 4769
f 4322 4777 4223
f 4638 4149 4148
f 3798 3446 4322
f 5173 4769 3446
f 3854 4769 5173
f 5269 4807 5109
f 4149 6698 4949
f 4149 6707 6698
f 5130 6215 5109
f 4949 5699 6686
f 5699 4949 6698
f 5109 7086 4777
f 7086 5109 6215
f 3674 6334 6707
f 3674 4223 6334
f 6707 6334 6240
f 4223 4777 6433
f 6686 5699 6685
f 7760 6240 7333
f 7760 6707 6240
f 4777 7086 6433
f 6091 6685 6684
f 6685 5699 6684
f 6698 7760 5699
f 6698 6707 7760
f 5699 7760 6684
f 4223 6433 6334
f 3211 3368 2405
f 4986 4985 3136
f 4991 3136 4985
f 4991 5003 4564
f 4245 4234 4873
f 4245 4881 3516
f 3859 3884 3880
f 4962 5055 4881
f 5058 4881 5055
f 5063 3584 5058
f 3136 4991 4564
f 3136 4564 4880
f 5003 4573 4564
f 3472 4185 5055
f 3516 4998 4991
f 4292 4998 5058
f 3884 4873 3880
f 3524 5012 4292
f 3211 3584 5063
f 3472 3884 3859
f 3472 5055 4962
f 4881 4245 4962
f 3516 4985 4986
f 3472 4161 4185
f 4962 3884 3472
f 3516 4991 4985
f 4998 5003 4991
f 4292 5003 4998
f 4292 5012 5003
f 5012 4573 5003
f 5058 3516 4881
f 3472 3859 4161
f 5055 4185 5063
f 2399 3211 5063
f 3884 4245 4873
f 4245 3884 4962
f 5058 4998 3516
f 4292 5058 3584
f 5055 5063 5058
f 2898 2758 1796
f 2542 4982 2027
f 2758 3550 2542
f 2542 2027 1796
f 2018 1819 1676
f 2467 3024 1990
f 1676 1819 2896
f 2018 1990 1819
f 2472 2758 2898
f 1819 2492 2472
f 2578 2492 2809
f 2898 2896 2472
f 2951 1676 2896
f 2809 3024 2965
f 2472 2896 1819
f 1990 2492 1819
f 1990 2809 2492
f 2472 3413 2758
f 2492 2011 2472
f 2011 2492 2578
f 2758 2542 1796
f 3024 2809 1990
f 2758 3413 3550
f 2011 3413 2472
f 2011 3558 3413
f 3413 3558 4353
f 2542 3550 4982
f 2642 1161 842
f 1214 767 2839
f 663 767 1140
f 1161 2642 2839
f 1144 1214 399
f 2830 2642 842
f 731 1140 767
f 2839 767 1161
f 3026 1214 2656
f 1600 1855 2432
f 2432 2864 1600
f 1855 1600 2343
f 1214 2839 2656
f 1855 1559 2432
f 2839 2343 2656
f 399 1214 3026
f 1855 2830 1559
f 2830 1855 2642
f 2864 1742 1600
f 3026 1631 399
f 2343 2913 2656
f 2656 2913 2068
f 2642 1855 2343
f 1631 2068 2964
f 1600 1742 2450
f 2295 2913 2343
f 2450 2295 1600
f 2068 1631 3026
f 2642 2343 2839
f 3026 2656 2068
f 2524 2913 2295
f 2343 1600 2295
f 5151 6234 3742
f 5151 4846 4856
f 4856 5809 5151
f 4719 4277 4856
f 5871 5809 7206
f 6915 6387 5809
f 7445 7111 7192
f 7114 5538 6644
f 6387 5601 7206
f 7199 5967 7215
f 7222 5975 7376
f 5601 7387 7382
f 7201 7204 7222
f 7127 5975 7204
f 7127 6467 5975
f 7269 7366 5967
f 7269 7376 7366
f 7366 7445 7367
f 7377 6163 7454
f 7435 6788 7281
f 7445 7454 6163
f 7387 7114 6163
f 7387 5538 7114
f 5790 7082 7281
f 6163 7114 7111
f 5809 6387 7206
f 7206 6467 7127
f 6467 7206 5601
f 6454 7387 5601
f 7376 7377 7454
f 7367 7445 6788
f 7377 7382 6163
f 7192 6788 7445
f 5871 7206 7127
f 6454 5601 6387
f 7445 6163 7111
f 7199 7201 7269
f 7204 5975 7222
f 6467 7382 5975
f 7382 6467 5601
f 7377 5975 7382
f 5967 7366 7367
f 7366 7454 7445
f 7382 7387 6163
f 6644 5791 7114
f 7111 5791 7192
f 7192 5791 5790
f 7114 5791 7111
f 5790 6788 7192
f 7281 6788 5790
f 6644 7084 6174
f 5151 5809 5871
f 7269 5967 7199
f 7222 7269 7201
f 7222 7376 7269
f 5975 7377 7376
f 7376 7454 7366
f 5538 7387 5973
f 6858 7058 5890
f 7400 6243 6080
f 6243 7400 6628
f 6460 7496 6193
f 7585 7579 5890
f 6591 6117 6628
f 7060 6136 7338
f 5800 7628 6080
f 6628 7338 6591
f 6009 7400 6021
f 3869 7628 5800
f 5718 6138 6136
f 7585 7400 7160
f 6760 7058 6221
f 7060 7058 6760
f 7585 6628 7400
f 6460 7495 7496
f 5881 6838 5890
f 7058 7585 5890
f 7400 6009 7160
f 6136 6138 7338
f 6858 5890 6838
f 6628 7058 7060
f 7060 7338 6628
f 7374 7400 6080
f 6542 6138 5718
f 7058 6628 7585
f 6243 5800 6080
f 5479 6833 5858
f 6833 5479 6838
f 6838 5479 6858
f 5473 6411 5572
f 5572 6411 5479
f 6411 7251 5479
f 5468 7236 5478
f 5468 5478 5858
f 5479 5858 5478
f 5479 7251 6858
f 6630 6858 7251
f 6833 6838 6121
f 7236 5943 5478
f 5478 5572 5479
f 5572 5478 5943
f 6401 6414 6411
f 5968 7214 6414
f 7435 7358 6788
f 6630 6221 6858
f 7350 6738 6630
f 5995 5718 6136
f 6760 6221 5749
f 6414 7214 7179
f 7214 7215 7264
f 7215 5967 7264
f 7251 7179 7350
f 5967 7367 7264
f 5995 7350 7179
f 5749 6110 6738
f 6110 6630 6738
f 5995 7060 6760
f 6858 6221 7058
f 7214 7264 6517
f 5881 5890 7580
f 6517 5995 7179
f 7350 6630 7251
f 5995 6517 6010
f 6517 7358 6010
f 7358 6517 7264
f 5995 6760 7350
f 6010 5718 5995
f 6221 6630 6110
f 6110 5749 6221
f 6738 6760 5749
f 7060 5995 6136
f 6833 6121 5855
f 6838 5881 6121
f 6414 7251 6411
f 6414 7179 7251
f 7179 7214 6517
f 7435 6010 7358
f 6788 7358 7264
f 7367 6788 7264
f 6760 6738 7350
f 2027 4343 2516
f 2027 4982 4343
f 4955 3584 3211
f 4955 3397 4332
f 4332 3397 1581
f 2516 4343 4332
f 4982 5022 4343
f 4955 5017 3584
f 4332 5017 4955
f 4332 5020 5017
f 4343 5020 4332
f 4343 5022 5020
f 3524 3527 5012
f 5026 4296 3527
f 5022 4982 3550
f 5020 5022 3527
f 5022 3550 4353
f 5022 4353 5026
f 4296 3421 3527
f 5022 5026 3527
f 4955 3211 2405
f 4353 3550 3413
f 5017 4292 3584
f 5017 3524 4292
f 5020 3524 5017
f 5020 3527 3524
f 5716 6150 7667
f 7634 5566 7668
f 7101 5889 5719
f 5566 5719 5889
f 6162 6150 5716
f 7471 7107 7605
f 7107 7101 5719
f 5779 7533 7608
f 7533 5779 6162
f 5716 5835 5787
f 6312 7668 5566
f 5889 7101 5885
f 6308 5889 5885
f 5566 5889 6312
f 6312 5889 6308
f 7668 6312 6323
f 6323 6870 7668
f 6882 5927 6771
f 6150 6162 7634
f 5779 7608 7605
f 5779 7605 6687
f 7107 7471 6821
f 5779 6687 6137
f 5716 7667 7658
f 6323 6312 6321
f 6308 6321 6312
f 6321 6877 6882
f 6877 6881 5927
f 6882 6877 5927
f 6821 7084 7101
f 6821 7101 7107
f 7533 6162 5716
f 6427 5787 5835
f 7533 5716 5787
f 7471 7608 5794
f 5716 7658 5835
f 7658 5845 5835
f 7537 6613 7608
f 7537 7608 7533
f 6137 6687 5566
f 6162 6137 7634
f 6687 7605 7107
f 5719 6687 7107
f 5779 6137 6162
f 6308 6861 6881
f 6308 6877 6321
f 6881 6877 6308
f 5719 5566 6687
f 5566 7634 6137
f 7608 7471 7605
f 6591 7338 6618
f 7417 7409 7308
f 7196 6118 7430
f 7430 7504 7196
f 7504 5682 7196
f 7558 5682 7504
f 7293 7196 5706
f 7430 7419 6618
f 5800 7568 3869
f 7308 7293 7417
f 5710 7196 5682
f 6773 6613 6618
f 7504 7430 5762
f 5762 6427 7504
f 6427 5762 5787
f 6437 7558 6427
f 5706 7196 5710
f 7293 6118 7196
f 7293 7308 6118
f 6138 6773 7338
f 6591 6618 7419
f 7537 6618 6613
f 7537 7533 5787
f 7537 5787 5762
f 7293 5706 7417
f 7537 5762 6618
f 7430 6618 5762
f 7417 7568 5800
f 6767 7568 7417
f 6118 7308 6117
f 6141 6773 6138
f 6773 6141 6151
f 6117 7308 7409
f 7409 6628 6117
f 7338 6773 6618
f 6767 7417 5706
f 6628 7409 6243
f 7409 5800 6243
f 7409 7417 5800
f 7419 6117 6591
f 6118 6117 7419
f 6118 7419 7430
f 7558 7504 6427
f 6486 5768 7273
f 7365 7299 7272
f 7302 7299 7365
f 5768 5746 7272
f 7272 5746 6038
f 6038 7365 7272
f 7272 7299 7443
f 5966 6535 5974
f 7302 6535 7016
f 5504 7205 5974
f 7574 5746 5768
f 7365 6038 7370
f 7302 7365 5504
f 6655 7620 6486
f 7620 5768 6486
f 7273 7272 7443
f 5504 5974 7302
f 7302 7016 7489
f 5966 5974 5540
f 6535 7302 5974
f 5504 7365 7370
f 6067 6535 5966
f 7272 7273 5768
f 5740 5504 7370
f 7299 7302 7489
f 5738 3721 6646
f 6711 6712 5738
f 6646 7725 6139
f 7621 7725 6646
f 7610 6711 5738
f 6646 6139 7611
f 7725 7756 6139
f 7699 7697 6139
f 7699 6139 7756
f 7697 7699 6212
f 6179 7610 7697
f 7610 6179 6711
f 6503 5738 5593
f 5738 6503 3721
f 7697 7611 6139
f 7611 7697 7610
f 7611 7610 5738
f 5738 6646 7611
f 5593 5738 6712
f 5593 6712 6194
f 5140 5143 3077
f 3068 5143 5148
f 3077 5143 3068
f 3076 4736 3530
f 4736 3076 4739
f 5140 3076 3530
f 5140 3077 3076
f 3530 4734 4365
f 4921 4847 3875
f 4732 4734 3280
f 4737 3280 4734
f 4737 3845 3280
f 4737 4739 3847
f 4040 3847 4739
f 4957 3349 3847
f 5143 5140 5141
f 4362 4723 3450
f 4365 4732 4362
f 3875 4847 3308
f 3076 4040 4739
f 4847 5141 3308
f 4737 3847 3845
f 3308 4362 3450
f 4365 4362 3308
f 5141 3530 4365
f 5140 3530 5141
f 4362 4732 4724
f 4732 4365 4734
f 3530 4736 4734
f 3308 4466 3875
f 4921 5322 4847
f 4723 4362 4724
f 4736 4737 4734
f 4739 4737 4736
f 4040 4957 3847
f 5141 4365 3308
f 3575 5180 4376
f 4129 4322 4632
f 3994 4376 4122
f 3994 3575 4376
f 5432 3768 4617
f 4098 3768 5432
f 4122 3798 4129
f 5180 3575 4673
f 3994 4098 3575
f 3994 4122 3768
f 3768 4129 4617
f 4122 4129 3768
f 3994 3768 4098
f 3798 4322 4129
f 5252 5241 3371
f 5258 5226 4617
f 3370 3366 5218
f 3366 3370 3371
f 3370 5258 3372
f 3372 3371 3370
f 3372 5252 3371
f 3385 3898 5258
f 4632 3671 3901
f 4632 4322 3671
f 5073 3142 5693
f 4638 4936 3142
f 3385 5258 4617
f 4617 4632 3385
f 3372 5258 3898
f 3372 3898 3381
f 3381 3898 4638
f 3898 3385 3901
f 4129 4632 4617
f 4638 4148 4936
f 3385 4632 3901
f 3381 3142 4518
f 4638 3142 3381
f 3898 5100 4638
f 3901 5100 3898
f 4936 5693 3142
f 5226 3370 5218
f 5226 5258 3370
f 5252 3372 3381
f 3070 4893 3069
f 5166 3069 4205
f 3069 5166 3070
f 4893 3070 5191
f 3069 4875 4205
f 4078 4875 3069
f 5191 5177 3691
f 5199 3691 5202
f 4954 5338 5327
f 5177 4517 5338
f 3251 5322 4921
f 5327 4517 5322
f 4517 5327 5338
f 5322 5141 4847
f 5322 4517 5143
f 4517 5148 5143
f 5338 3691 5177
f 5143 5141 5322
f 4517 5177 5166
f 4517 5166 5148
f 3070 5166 5177
f 3070 5177 5191
f 5191 3691 5199
f 3251 5327 5322
f 2484 2086 3052
f 2359 2901 3002
f 3002 2901 1672
f 3002 1458 2484
f 2078 1458 3002
f 1458 2092 2484
f 2875 2321 2924
f 2321 2359 2924
f 3052 1605 2942
f 1993 1605 3052
f 3002 2924 2359
f 3052 2942 2484
f 2924 2942 1605
f 3002 2942 2924
f 2484 2510 2086
f 2924 1605 2875
f 2484 2942 3002
f 4917 4893 5191
f 3071 4917 5191
f 3071 5191 5199
f 3072 4917 3071
f 3072 3071 5202
f 4232 3366 5238
f 5218 3366 5202
f 5238 3366 3371
f 5226 3691 5338
f 5226 5218 3691
f 4617 5226 5432
f 5338 5432 5226
f 5238 3371 5241
f 5432 5338 4954
f 4098 5432 4954
f 5199 5202 3071
f 5202 3691 5218
f 4232 3072 5202
f 3366 4232 5202
f 2269 1439 1778
f 1778 2259 2269
f 2328 2259 2045
f 2328 2269 2259
f 1439 1447 2058
f 1439 2058 1778
f 1559 2045 2432
f 2078 3002 1672
f 1439 3054 1447
f 1926 2455 3054
f 2432 2045 2864
f 2459 1672 2445
f 2455 2078 2459
f 2078 2455 2620
f 1439 2269 3054
f 2775 2156 2455
f 2876 1434 2775
f 2445 3054 2455
f 2459 2078 1672
f 2269 2328 1926
f 2269 1926 3054
f 1434 1515 2775
f 1926 2328 2433
f 2433 1644 2876
f 2459 2445 2455
f 2620 2455 2156
f 2156 2161 2620
f 2259 1778 2752
f 2455 1926 2775
f 2864 2259 2754
f 2045 2259 2864
f 1926 2433 2876
f 2775 1926 2876
f 1644 1434 2876
f 2880 1434 1644
f 3054 1657 1447
f 3054 2445 1657
f 6879 7145 5985
f 7767 7235 7761
f 7699 6879 6862
f 6862 5985 6442
f 6879 5985 6862
f 7145 7335 5985
f 5985 7335 7767
f 7699 6862 6212
f 6245 7240 6862
f 6902 6245 6442
f 6245 6862 6442
f 7335 7738 7767
f 7756 6879 7699
f 7243 7235 7767
f 6902 6442 7761
f 7767 7761 6442
f 5985 7767 6442
f 5073 4162 3915
f 3930 5078 3915
f 4162 5073 6087
f 5073 5693 3067
f 5073 3915 5078
f 5693 6091 3067
f 5073 3067 6087
f 7751 6087 3067
f 3067 6091 7751
f 4162 6087 7723
f 4096 5078 3930
f 6943 6305 6988
f 7242 6317 7032
f 6684 7760 6865
f 7723 6087 7228
f 6943 6988 7173
f 6943 7173 6317
f 6943 6317 7242
f 6865 7760 7333
f 7228 6087 7751
f 7242 7032 7228
f 7004 5551 7228
f 7228 5551 7723
f 6943 7242 6865
f 6943 6865 7333
f 7751 6091 6684
f 7242 7751 6865
f 7751 7242 7228
f 7751 6684 6865
f 7333 6305 6943
f 7004 7228 7032
f 3068 4481 3077
f 3069 4893 4078
f 5148 4205 3068
f 5166 4205 5148
f 4040 3076 3077
f 3077 4481 4040
f 4489 4049 4486
f 4054 4492 4495
f 4489 4492 4054
f 4078 3544 4890
f 3544 4910 4907
f 4907 5187 4890
f 5187 4907 3207
f 4907 4915 3207
f 4957 4959 3349
f 5187 4489 5175
f 4049 3363 3356
f 4481 4957 4040
f 4959 4957 4481
f 4481 4486 4959
f 4486 3356 4959
f 4049 3356 4486
f 4910 4915 4907
f 5187 3207 4492
f 4481 3068 5155
f 4486 5175 4489
f 5187 4492 4489
f 4907 4890 3544
f 4205 4875 5155
f 4890 5187 5175
f 4492 3207 5215
f 4078 5155 4875
f 4078 5175 5155
f 4890 5175 4078
f 4205 5155 3068
f 4481 5155 4486
f 5155 5175 4486
f 2562 1676 2951
f 2898 1796 1794
f 1993 2885 1605
f 3039 2885 1993
f 3039 2312 2885
f 2312 1794 2885
f 1993 3052 2086
f 2533 2526 1963
f 2533 1963 3039
f 2031 2885 1794
f 1794 2312 2898
f 2086 2533 1993
f 2875 1605 2029
f 1605 2885 2029
f 1963 2896 2312
f 2533 3039 1993
f 2526 2951 1963
f 3039 1963 2312
f 1963 2951 2896
f 2896 2898 2312
f 2562 2018 1676
f 1161 1059 842
f 987 967 441
f 306 305 967
f 987 724 967
f 746 743 724
f 724 847 1059
f 847 724 2824
f 957 964 305
f 305 441 967
f 1183 743 746
f 1059 2323 842
f 2323 1059 847
f 724 743 2824
f 305 964 441
f 746 724 987
f 2323 2830 842
f 2323 2835 2045
f 847 2835 2323
f 2045 1559 2323
f 2824 2822 847
f 2835 847 2822
f 2323 1559 2830
f 3162 3888 1653
f 2385 3162 1653
f 3888 3886 1653
f 5104 5098 5103
f 3888 3745 5104
f 5098 5104 3745
f 3745 3888 4145
f 3369 4145 3888
f 5104 5101 3886
f 5394 5103 5098
f 5103 5101 5104
f 3886 3888 5104
f 5378 4311 5393
f 3369 3639 4571
f 5393 4311 5394
f 5393 5394 5397
f 5394 5098 5397
f 2525 3053 2522
f 2522 3053 2042
f 2525 2436 3053
f 3053 2104 3044
f 3053 3020 2104
f 2097 2385 1659
f 2436 3020 3053
f 2436 1659 3020
f 2042 3053 3044
f 2628 2436 2525
f 1659 2109 3020
f 1659 2385 2109
f 1815 1897 2649
f 1897 1815 2927
f 4150 1815 4710
f 4710 3786 4150
f 4710 3416 3786
f 2283 2894 2727
f 2271 1914 1982
f 2894 2819 2727
f 1914 1978 1982
f 2683 2727 2672
f 2672 2727 2676
f 1893 2715 2723
f 2283 2727 2723
f 2283 2271 1982
f 1982 1628 2283
f 2819 2197 2727
f 2715 2271 2283
f 2283 2723 2715
f 1628 2894 2283
f 2525 2522 2749
f 2619 2525 2749
f 2748 2749 2522
f 2748 1753 2593
f 2358 2749 2748
f 2358 1887 2749
f 2748 2522 2042
f 2628 2525 2619
f 2621 2628 2619
f 1887 2619 2749
f 4959 3356 3351
f 4992 3363 4049
f 3351 3356 3363
f 3363 4997 3351
f 4081 4072 3546
f 5048 3546 4072
f 3546 5061 4081
f 4992 4049 4489
f 4489 4054 4992
f 4066 5030 4997
f 5030 4066 4072
f 4066 5048 4072
f 3362 3333 3351
f 3351 4997 3362
f 4992 4997 3363
f 4992 4054 4997
f 4495 4066 4054
f 5030 3362 4997
f 4054 4066 4997
f 1519 2628 1829
f 1896 1830 1519
f 1659 1519 2097
f 1519 1659 2628
f 2628 1659 2436
f 2097 1519 1830
f 2537 1830 2998
f 2537 2385 2097
f 1830 2537 2097
f 2537 3162 2385
f 1896 1519 1829
f 2621 2937 1829
f 2621 1829 2628
f 2937 1896 1829
f 6433 5968 7168
f 7168 5968 5902
f 6334 6433 7168
f 5902 5968 6414
f 862 1265 925
f 925 861 862
f 925 2061 918
f 1265 2673 925
f 2844 925 2673
f 2673 2087 2844
f 925 2844 2061
f 2510 2092 2146
f 2092 2510 2484
f 2948 1815 2463
f 2978 2989 2251
f 2463 2251 2948
f 2251 2989 3773
f 3773 2948 2251
f 2251 2463 2978
f 1815 2948 4710
f 4710 2948 3771
f 6401 6331 7039
f 7333 5903 6305
f 5903 7333 6240
f 6240 6334 7168
f 6986 5902 6401
f 6981 7039 6977
f 5903 5902 6986
f 6240 7168 5903
f 5903 7168 5902
f 6411 5473 6401
f 7039 6986 6401
f 6305 5903 6981
f 6981 5903 6986
f 4509 4096 4089
f 5244 4509 5238
f 4509 4089 4504
f 4518 5078 4096
f 5244 4096 4509
f 5244 5252 4518
f 5252 3381 4518
f 5078 4518 5073
f 3142 5073 4518
f 5244 5241 5252
f 4518 4096 5244
f 5241 5244 5238
f 6902 7761 6899
f 7240 6899 6842
f 7240 6245 6902
f 6899 7240 6902
f 6899 7332 6842
f 1058 892 306
f 1058 663 892
f 1140 892 663
f 1059 663 1058
f 1011 919 917
f 1059 1058 724
f 917 731 1011
f 891 1140 731
f 891 892 1140
f 917 891 731
f 767 663 1161
f 1059 1161 663
f 2899 2153 2856
f 1574 2153 2899
f 2698 2819 2894
f 2894 2597 2153
f 2698 2894 2153
f 2597 2907 2153
f 2907 2856 2153
f 1628 2597 2894
f 2153 1574 2698
f 2899 2856 2686
f 2899 1989 1574
f 1766 2907 1983
f 1766 2856 2907
f 2221 2899 2686
f 1574 1989 1697
f 1574 1697 2176
f 6724 6842 7683
f 6712 6724 6194
f 6724 7683 6194
f 2989 2308 2873
f 2873 4618 2989
f 4164 2989 4618
f 1460 1464 1203
f 6886 7195 7105
f 6886 6429 7195
f 7127 7204 7195
f 7195 7204 7105
f 7204 7201 7105
f 7105 5859 6886
f 6429 7127 7195
f 7127 6429 5871
f 4635 4900 5060
f 5060 4643 3135
f 3555 3135 4643
f 4900 3135 3555
f 4643 3555 3548
f 4635 3237 4900
f 4643 5060 4900
f 3555 4090 4900
f 3555 3237 3548
f 3555 4900 3237
f 3555 4643 4659
f 4090 3555 4659
f 4090 4659 4661
f 6127 7661 6844
f 7661 6127 6718
f 6718 7464 7469
f 6110 6718 5749
f 6844 6847 6127
f 6493 6127 6847
f 6718 6127 7464
f 6497 6127 6493
f 6127 6497 5527
f 5527 7464 6127
f 1395 1400 295
f 1271 897 1400
f 781 904 1006
f 781 1031 904
f 1006 1377 1400
f 1006 904 1377
f 1006 1400 897
f 1035 897 844
f 1271 1400 1395
f 1377 296 1400
f 1106 473 1135
f 668 1106 446
f 1203 572 1135
f 446 1106 1135
f 1460 473 860
f 1203 1135 473
f 2698 1574 2176
f 2698 2176 2819
f 5105 4119 5095
f 4119 5105 5102
f 5095 4119 3143
f 3969 5105 5095
f 3969 4378 5105
f 1811 1603 2620
f 2888 1811 2171
f 2620 2156 1811
f 2161 1811 2156
f 1603 2092 2620
f 1811 2161 2171
f 2146 2092 1603
f 1603 1811 2285
f 2620 2161 2156
f 572 1669 481
f 4697 5448 4680
f 3481 4680 4676
f 3972 4680 3481
f 3972 3976 4697
f 4697 3976 3975
f 4979 5427 4304
f 4680 3972 4697
f 4680 5448 5427
f 5448 5011 5427
f 4304 5427 5011
f 6724 7240 6842
f 642 601 598
f 1377 623 296
f 1427 1371 623
f 598 597 1427
f 1371 296 623
f 642 598 623
f 623 598 1427
f 6456 5470 5858
f 5468 5858 5470
f 6833 5855 5858
f 6456 5858 5855
f 6460 5855 7495
f 6453 6456 6460
f 5855 6460 6456
f 2349 2197 2819
f 2176 2349 2819
f 2610 1493 2935
f 1493 2971 2935
f 2610 2932 2813
f 2935 2932 2610
f 2091 2360 2935
f 2360 2932 2935
f 5778 5130 3728
f 3438 3664 5275
f 3438 3437 3664
f 5130 5778 6873
f 6210 6850 6359
f 6210 6215 5778
f 5778 6215 6873
f 6850 7092 6359
f 6210 6359 6215
f 7128 6604 7642
f 6006 7128 7642
f 7128 6006 6176
f 7475 6176 6006
f 7475 6006 7148
f 7486 7148 6006
f 7486 6006 7157
f 294 293 887
f 887 630 294
f 630 784 294
f 1891 784 990
f 2214 2682 294
f 630 990 784
f 784 1891 2214
f 990 313 1891
f 294 784 2214
f 2352 1947 2897
f 1947 2661 2903
f 1947 2903 2897
f 1947 2932 2661
f 2360 2932 1947
f 2352 2360 1947
f 2479 2073 1743
f 1688 1743 2073
f 1743 1688 2496
f 2610 1743 2098
f 1688 2413 2496
f 6821 6174 7084
f 5790 7471 5794
f 6821 5790 5791
f 6644 6174 5791
f 6821 5791 6174
f 5790 6821 7471
f 2328 2045 2835
f 2435 1644 2433
f 2835 2435 2328
f 1972 2880 1644
f 2435 2433 2328
f 1644 2435 2814
f 2835 2814 2435
f 293 1265 862
f 862 861 293
f 293 861 885
f 1265 293 294
f 569 1560 300
f 885 861 569
f 569 882 885
f 569 861 1563
f 300 882 569
f 887 293 885
f 5102 3980 3491
f 5102 3491 3143
f 4351 3980 5102
f 3980 3579 3491
f 3257 5096 3960
f 3960 3969 5095
f 3969 3960 5096
f 5094 3960 5095
f 3980 4351 5094
f 3960 5094 4351
f 7128 7629 5999
f 7360 5999 5512
f 6604 5999 7360
f 7629 6018 5999
f 4895 4100 5405
f 5405 4100 4979
f 1347 1427 892
f 1427 1347 653
f 597 892 1427
f 1183 1189 2335
f 1189 1451 2335
f 2820 2335 1451
f 6331 6401 5473
f 7035 6977 7039
f 6331 7035 7039
f 7035 6988 6977
f 7035 7173 6988
f 6331 5473 7077
f 7077 7035 6331
f 7035 7077 7173
f 5473 5572 7077
f 2487 2413 1688
f 2487 1695 2413
f 2073 1688 1684
f 2487 1688 2073
f 1371 1427 653
f 1428 653 298
f 1371 653 1428
f 1347 298 653
f 1428 298 917
f 4697 4107 5448
f 4107 4314 5448
f 4697 3579 4107
f 3256 4314 4107
f 7473 7640 7650
f 3986 3437 3989
f 4340 3989 3437
f 1969 1603 2439
f 2860 2439 2185
f 1058 306 967
f 7343 6305 6946
f 6981 6946 6305
f 6981 7343 6946
f 5127 3979 3440
f 3979 5127 4344
f 4344 3983 3979
f 3979 4197 3668
f 4344 3456 3983
f 5127 4791 4344
f 3456 4719 3983
f 4719 5320 3983
f 2443 1972 1647
f 1647 1972 1645
f 1647 2285 2888
f 2888 1616 1647
f 2285 1811 2888
f 2056 2443 1647
f 2056 2814 2443
f 2197 2873 2308
f 2308 2676 2197
f 2727 2197 2676
f 6112 5696 5698
f 5749 6112 6110
f 5749 5696 6112
f 5749 7469 5696
f 7459 6753 5698
f 1874 2900 1646
f 2902 3886 2900
f 1646 2900 5101
f 5101 2900 3886
f 4939 4933 3072
f 4940 4933 4939
f 4099 3072 4933
f 4232 4939 3072
f 3566 3923 4940
f 3566 4940 4939
f 5859 5517 6886
f 1866 1874 2099
f 2099 1874 1646
f 2971 2231 2228
f 2228 1460 2685
f 2228 2091 2935
f 2228 2935 2971
f 7642 6021 6538
f 6021 7374 6538
f 6021 7400 7374
f 2685 2080 2482
f 2688 2080 2342
f 2342 2685 860
f 2080 2685 2342
f 2685 2482 2228
f 964 305 307
f 974 964 307
f 964 974 461
f 6613 6773 5794
f 6773 7082 5794
f 6613 5794 7608
f 4283 3537 4064
f 295 296 1371
f 888 295 1371
f 1400 296 295
f 7086 7182 6433
f 7182 7190 6433
f 7184 6438 7182
f 6433 7190 5968
f 1428 917 319
f 319 917 919
f 888 1371 1428
f 888 1428 319
f 5215 4495 4492
f 4495 5048 4066
f 2651 1646 3461
f 2651 3461 1643
f 3461 1646 5101
f 5101 5103 3461
f 5394 4311 3461
f 5103 5394 3461
f 5102 5105 3578
f 5096 3257 3578
f 3257 5102 3578
f 7650 7391 5788
f 7637 7391 7640
f 7511 5788 7391
f 7640 7391 7650
f 1644 1645 1972
f 2443 1747 1972
f 1747 2903 1972
f 1747 2897 2903
f 2814 2626 2443
f 2626 2205 2443
f 1747 2443 2205
f 2824 1747 2205
f 2854 1747 2824
f 1493 2661 1622
f 4197 5303 4843
f 4845 5312 5303
f 4197 5320 5303
f 3983 5320 4197
f 4843 5303 5312
f 5312 4845 4843
f 5320 5309 5303
f 3979 3983 4197
f 5094 4697 3975
f 5094 3491 4697
f 5095 3491 5094
f 5095 3143 3491
f 5675 5468 5470
f 5468 5675 5879
f 6453 5470 6456
f 5468 5879 7236
f 3742 6234 5801
f 5801 6903 4261
f 6234 6903 5801
f 6903 6376 4261
f 6369 6903 6234
f 5215 5048 4495
f 4504 5048 5215
f 2158 2671 2676
f 2672 2676 2671
f 6151 7082 6773
f 7082 6151 7281
f 5290 3741 5781
f 5297 3741 5290
f 5297 4016 3741
f 1645 2439 1647
f 2439 2285 1647
f 1645 2185 2439
f 1645 1644 2814
f 2056 1645 2814
f 1645 2056 2185
f 1603 2285 2439
f 2104 1881 1866
f 3020 1881 2104
f 3972 4661 4689
f 4661 4676 4689
f 4093 4304 4676
f 4676 4661 3481
f 4676 5011 4689
f 2820 2205 2853
f 2631 2853 2205
f 2853 1734 2854
f 2853 2631 1734
f 2637 2171 2161
f 2637 1813 2171
f 1252 1006 897
f 1252 897 1035
f 781 1006 1252
f 2618 2518 2512
f 1723 2518 2113
f 4153 5694 4936
f 4153 4936 4148
f 4153 4148 4949
f 4936 5694 5693
f 7159 5579 7148
f 7160 7157 5579
f 7160 5579 7159
f 7160 7159 7579
f 7160 7579 7585
f 2229 1464 2231
f 1460 2231 1464
f 2229 572 1464
f 3437 3438 4340
f 3986 3664 3437
f 1035 2030 1256
f 426 1035 844
f 2030 1035 426
f 7424 7426 6138
f 6141 6138 7426
f 5624 7424 6542
f 7424 6138 6542
f 1347 891 298
f 891 1347 892
f 298 891 917
f 1603 1969 2146
f 6604 7360 6537
f 6604 6537 7630
f 6537 7360 7362
f 7630 7637 7642
f 7630 7391 7637
f 6604 7630 7642
f 1982 2592 1628
f 7187 7201 6438
f 7105 7201 7187
f 7182 6438 7190
f 6438 7199 7190
f 6438 7201 7199
f 6438 7184 7187
f 7104 7182 7086
f 7182 7104 7187
f 1515 1434 2780
f 1515 2156 2775
f 2161 1515 2618
f 1515 2161 2156
f 2618 1515 2780
f 2780 2518 2618
f 1622 2971 1493
f 1622 1751 1673
f 2971 1622 1673
f 5011 5409 4331
f 6006 5579 7157
f 5579 7637 7478
f 7642 5579 6006
f 5579 7642 7637
f 3975 3976 3980
f 3972 4689 3976
f 3976 4689 3579
f 3976 3579 3980
f 1813 2518 2903
f 2903 2661 1813
f 4067 3537 4064
f 3537 5390 4064
f 6847 5881 6493
f 6121 5881 6847
f 5654 7159 7486
f 5654 7579 7159
f 7580 7579 5654
f 5881 7580 6493
f 7580 5890 7579
f 2082 2487 2098
f 2072 2487 2073
f 4822 4243 3736
f 4822 4832 4243
f 5283 4832 4822
f 4009 4832 5283
f 4243 6895 6886
f 4832 6895 4243
f 1646 2651 2099
f 4378 3578 5105
f 3986 5297 3664
f 5297 5290 3664
f 4727 5297 3986
f 4727 5302 5297
f 5302 4727 5309
f 3672 5302 5309
f 2213 1577 2907
f 2597 2213 2907
f 4799 6851 3728
f 6851 5778 3728
f 6850 6210 6851
f 7431 6151 6141
f 7431 7435 7281
f 7431 7281 6151
f 1972 2903 2880
f 7697 6212 6179
f 6212 6862 7240
f 860 1669 2342
f 1669 2688 2342
f 1669 2229 2688
f 2229 1751 2688
f 5510 6847 6844
f 7661 5527 6844
f 6497 5510 6844
f 6844 5527 6497
f 4509 4504 3698
f 4232 5238 3698
f 4509 3698 5238
f 3698 4504 5215
f 2308 2307 2476
f 2308 2989 2307
f 7424 5624 7435
f 7431 6141 7426
f 7431 7426 7424
f 7435 7431 7424
f 7465 5527 7661
f 7465 7464 5527
f 6234 5151 6369
f 5151 5871 6369
f 2073 1684 1688
f 6753 5698 7403
f 5698 6753 7403
f 964 461 441
f 441 746 987
f 2482 2471 2091
f 2673 1265 2682
f 2673 2682 1766
f 2673 1652 2087
f 2673 1766 1652
f 3045 1978 1914
f 3045 1914 2281
f 6712 7690 6724
f 6711 7690 6712
f 2661 2487 2072
f 3544 4893 4910
f 4078 4893 3544
f 3438 5275 5298
f 3438 5298 4727
f 4727 5298 5302
f 5302 5309 4727
f 7391 7630 7511
f 6537 7362 7363
f 6537 7511 7630
f 6537 7363 7511
f 5060 4643 4635
f 4643 5060 4659
f 4266 4930 5344
f 2690 1989 2221
f 2221 1989 2899
f 313 2690 2221
f 2667 2689 2683
f 2723 2727 2689
f 2683 2689 2727
f 1857 2689 2667
f 5902 6414 6401
f 4543 3207 4915
f 1891 313 2221
f 2214 1891 2686
f 2856 2214 2686
f 1891 2221 2686
f 4680 5427 4100
f 4100 5427 4979
f 5096 3578 3969
f 3578 4378 3969
f 4842 5344 4272
f 5344 4932 4272
f 2482 1647 1616
f 1734 1747 2854
f 2631 2056 1734
f 1734 2079 1747
f 2056 1647 1734
f 1647 2079 1734
f 2482 2080 2079
f 2079 1647 2482
f 1265 294 2682
f 2087 1979 2313
f 2087 2313 2844
f 4217 7153 7765
f 7765 7762 6690
f 6690 7757 7765
f 4915 4531 4543
f 4915 4910 4531
f 3907 3560 4099
f 4313 4099 4318
f 3907 4099 4313
f 4313 4556 4316
f 1386 1204 668
f 1106 1204 757
f 668 1204 1106
f 6176 6009 7635
f 7483 6009 6176
f 6021 7642 7635
f 6021 7635 6009
f 6018 7635 7642
f 6176 7635 7629
f 7475 7483 6176
f 7629 7635 6018
f 7128 6176 7629
f 7642 6538 6018
f 6730 7459 7464
f 7469 7464 7459
f 7459 5696 7469
f 4099 3207 4543
f 3207 4099 4933
f 3566 5215 4933
f 5215 3207 4933
f 6121 7495 5855
f 7495 6121 5510
f 6121 6847 5510
f 4895 5405 4304
f 4979 4304 5405
f 1684 2512 1723
f 1451 1189 461
f 1189 441 461
f 441 1189 746
f 1979 2905 2687
f 2313 2687 2848
f 1979 2687 2313
f 2848 2687 2592
f 2496 2413 1695
f 1695 2487 2082
f 2496 1695 2082
f 3135 4900 4090
f 6112 5696 7361
f 5698 5696 6112
f 2109 2902 1881
f 2902 2109 2385
f 1881 2900 1874
f 1881 2902 2900
f 1669 572 2229
f 4676 4304 5011
f 4689 5011 4314
f 2820 2853 2335
f 2853 2854 2335
f 2335 2854 1974
f 4910 4893 4917
f 4917 3560 4910
f 5275 4001 5283
f 4001 5275 5260
f 3284 4331 3942
f 856 307 597
f 307 305 306
f 2661 2098 2487
f 1451 1172 1965
f 974 1172 461
f 1451 461 1172
f 5512 7362 7360
f 3741 5786 5781
f 5290 5781 4799
f 6009 7483 7157
f 7160 6009 7157
f 2385 1653 2902
f 2902 1653 3886
f 6110 6112 6106
f 6112 7361 6106
f 6718 6110 6106
f 6106 7661 6718
f 4556 4933 4940
f 3923 4556 4940
f 6010 7435 5624
f 6010 5624 6542
f 6010 6542 5718
f 4556 4318 4316
f 2610 2813 1743
f 1628 2592 2695
f 2213 2597 2695
f 7148 5579 7478
f 7475 7148 7478
f 7637 7640 7478
f 7478 7640 7473
f 4316 4318 4313
f 4548 4313 4318
f 3907 4313 4548
f 5564 6357 7106
f 7496 7580 5654
f 7499 7580 7496
f 7580 7499 6493
f 7499 6497 6493
f 2637 1723 2113
f 2511 2512 1723
f 2511 1723 2637
f 1893 2281 2800
f 1914 2800 2281
f 1135 572 481
f 2098 2661 1493
f 597 306 892
f 7106 7116 5564
f 5470 6453 7473
f 5470 7473 5675
f 7478 6453 7475
f 7478 7473 6453
f 3143 4119 5102
f 4067 4064 3537
f 2158 2683 2672
f 2713 2683 2158
f 2683 2713 1857
f 5564 7184 7180
f 3020 2109 1881
f 2610 2098 1493
f 5698 6730 5696
f 6753 6730 5698
f 7757 5694 4153
f 3537 4283 5390
f 7486 7159 7148
f 7486 7157 6193
f 601 856 598
f 307 306 597
f 598 856 597
f 4318 4099 4543
f 4548 4318 4543
f 4318 4556 4313
f 2592 1982 2416
f 2848 2592 2416
f 2597 1628 2695
f 5510 7499 7495
f 7499 7496 7495
f 2671 2667 2658
f 2158 2667 2671
f 2023 1664 2658
f 2671 2658 1664
f 5260 3728 4001
f 4001 3728 3736
f 3728 5130 3736
f 3736 5517 4243
f 4243 5517 5786
f 1983 1652 1766
f 4107 3579 3256
f 4689 4314 3256
f 3256 3579 4689
f 3942 4331 3284
f 4895 4304 4093
f 1723 2512 1684
f 2813 1947 2302
f 1563 861 918
f 918 861 925
f 2302 2479 2813
f 1616 2302 1947
f 2479 1743 2813
f 2661 2072 1813
f 2171 1813 2479
f 2113 2072 2479
f 481 757 1204
f 481 1669 757
f 5415 3939 3932
f 4967 3942 3939
f 1866 1881 1874
f 2518 1723 2512
f 2023 2021 2476
f 1616 2888 2302
f 2888 2171 2302
f 2905 1577 2213
f 5390 4283 3733
f 4064 3733 4283
f 4070 3733 4064
f 3733 4070 3548
f 2478 2352 2897
f 6851 6357 6850
f 1766 2214 2856
f 2682 2214 1766
f 446 1386 668
f 2229 2231 1751
f 6863 7106 6888
f 4266 4045 3734
f 2113 2518 1813
f 1643 2877 2099
f 2099 2651 1643
f 4845 5315 5312
f 6212 7240 6724
f 6179 6212 7690
f 7690 6212 6724
f 2080 2471 2478
f 2080 1751 2471
f 7483 6193 7157
f 6460 6193 7483
f 3566 3698 5215
f 3566 4939 3698
f 4939 4232 3698
f 6903 5573 6376
f 6538 7374 7362
f 7374 6214 7362
f 2271 2715 2800
f 1914 2271 2800
f 5694 6690 7732
f 7757 6690 5694
f 1751 2360 2471
f 2820 2185 2626
f 2820 2824 2205
f 2185 2631 2626
f 2631 2205 2626
f 2723 2689 2715
f 1893 2723 2715
f 5871 6429 6369
f 6604 7128 5999
f 6730 7464 7465
f 7361 7465 7469
f 7465 7361 6730
f 2903 2518 2780
f 2880 2903 2780
f 7190 7214 5968
f 7190 7199 7215
f 7190 7215 7214
f 4283 3537 4062
f 4062 4842 4272
f 4062 4272 4283
f 2683 1857 2667
f 2672 2667 1857
f 2672 2671 2667
f 2667 2671 2658
f 3566 4556 3923
f 2231 1673 1751
f 4727 3986 3989
f 1203 1464 572
f 2800 1857 2713
f 5290 4799 5260
f 3664 5290 5275
f 4799 3728 5260
f 5275 5290 5260
f 860 2685 1460
f 6196 5097 5761
f 4843 4845 4846
f 2087 1652 1979
f 1652 1577 1979
f 6686 6690 7757
f 6686 7757 4949
f 5011 4331 5409
f 967 724 1058
f 1664 2476 2658
f 7765 6690 7762
f 6690 6292 7762
f 4843 3742 4832
f 5654 7486 6193
f 5654 6193 7496
f 2056 2631 2185
f 2676 2308 2476
f 2352 2813 2360
f 2352 2360 2091
f 2360 2813 2932
f 5510 6497 7499
f 2618 2512 2511
f 2618 2511 2161
f 2161 2511 2637
f 446 1204 481
f 6863 6357 6216
f 6357 6863 7106
f 6888 7106 6863
f 3960 4351 3257
f 4351 5102 3257
f 7184 5564 7182
f 7184 7182 7187
f 2158 2676 2666
f 2666 2676 1664
f 2158 2672 2667
f 3491 3579 4697
f 1965 2185 2820
f 4548 4543 4531
f 3907 4548 4531
f 5859 7105 7116
f 7104 7105 7187
f 7105 7104 7116
f 888 1395 295
f 4090 4659 3135
f 5448 4314 5011
f 743 1183 1974
f 1974 1183 2335
f 4680 4093 4676
f 4680 4100 4093
f 4100 4895 4093
f 4845 5312 4846
f 2416 1982 1978
f 2062 1252 1256
f 2062 781 1252
f 1974 2824 743
f 3773 2989 4164
f 4556 3566 4933
f 7343 6977 6305
f 2800 2689 1857
f 2715 2689 2800
f 6895 6367 6886
f 6376 6367 6895
f 6367 6376 5573
f 3438 3989 4340
f 3438 4727 3989
f 2352 1947 2813
f 1458 2078 2620
f 5320 5315 5309
f 5315 3672 5309
f 446 1135 481
f 4099 4917 3072
f 3560 4917 4099
f 4070 5390 3237
f 4635 3548 4070
f 4261 6376 6895
f 5312 4856 4846
f 5312 4719 4856
f 5320 4719 5312
f 4001 5786 3741
f 4243 5786 4001
f 5097 4217 6820
f 5097 6820 4217
f 6981 6986 7039
f 3980 5094 3975
f 7062 7153 7762
f 3537 4283 4062
f 7765 7762 7153
f 2079 2478 2897
f 5859 7104 7086
f 5859 7116 7104
f 5275 5283 5298
f 3668 5298 5283
f 2620 2092 1458
f 2932 2360 1622
f 964 957 305
f 6686 7732 6690
f 5693 5694 6091
f 5694 7732 6091
f 7732 6685 6091
f 6686 6685 7732
f 1252 1035 1256
f 4266 5344 4930
f 1974 2854 2824
f 7765 7757 6690
f 6216 6357 6851
f 4266 3734 4930
f 2800 2713 1893
f 1747 2079 2897
f 4842 4272 5344
f 4272 4932 5344
f 2880 2780 1434
f 2352 2471 2360
f 6730 6753 7459
f 5696 6730 7361
f 2667 2672 1857
f 6216 6873 6863
f 5151 4843 4846
f 7182 5564 7180
f 7184 7182 7180
f 2171 2479 2302
f 2577 2848 2416
f 1106 757 473
f 5801 4261 3742
f 3972 3481 4661
f 1386 446 1204
f 446 481 1204
f 446 481 1204
f 2658 2671 1664
f 4197 4843 4832
f 4197 4009 5298
f 4197 4832 4009
f 7465 7661 7469
f 6106 7469 7661
f 5390 4070 4064
f 2592 2687 2695
f 6369 6429 5573
f 7092 5564 7116
f 7092 7116 7104
f 6359 7092 7104
f 6538 7362 5512
f 1622 2661 2932
f 3741 4009 5283
f 5283 4001 3741
f 7343 6946 6292
f 3237 3733 3548
f 5390 3733 3237
f 3934 3939 3942
f 3560 3907 4531
f 1577 1983 2907
f 2687 2905 2213
f 2213 2695 2687
f 1673 2231 2971
f 7153 7062 7762
f 7153 7762 7765
f 5303 5309 5302
f 6460 7483 6453
f 5298 5297 5302
f 5303 5302 4845
f 6711 6179 7690
f 7343 6981 6977
f 2688 1751 2080
f 5786 6216 5781
f 1813 2637 2479
f 2113 2479 2637
f 1813 2072 2113
f 5060 3135 4659
f 5999 6018 5512
f 6538 5512 6018
f 3934 3942 4967
f 2482 2091 2228
f 6215 5859 7086
f 6215 6359 5859
f 4531 4910 3560
f 2023 2476 2307
f 6369 5573 6903
f 1978 2577 2416
f 5781 6216 6851
f 2658 2476 2021
f 7062 7153 7066
f 7153 7062 7066
f 4217 7765 7153
f 4266 3734 4045
f 4930 3734 4266
f 6216 5517 6873
f 5517 6216 5786
f 2814 2822 2626
f 7343 6292 6946
f 3742 6895 4832
f 3742 4261 6895
f 746 1189 1183
f 473 1460 1203
f 1577 2905 1979
f 2082 2098 1743
f 2496 2082 1743
f 5302 5315 4845
f 3672 5315 5302
f 1616 1947 2352
f 4659 4090 4661
f 4900 3555 4643
f 6977 6988 6305
f 2824 2820 2822
f 2820 2824 2822
f 2080 2478 2079
f 1577 1652 1983
f 6210 5778 6851
f 6367 6429 6886
f 6367 5573 6429
f 5781 6851 4799
f 3934 4967 3939
f 5794 7082 5790
f 6196 7066 5761
f 4842 4062 4272
f 3741 4016 4009
f 5859 6873 5517
f 6850 5564 7092
f 4843 5151 3742
f 1616 2352 2482
f 2482 2478 2471
f 2482 2352 2478
f 6873 5859 6863
f 6863 5859 6359
f 3237 4635 4070
f 2231 1460 2228
f 2824 2820 2822
f 2820 2626 2822
f 2676 2476 1664
f 5320 5312 5315
f 6453 7483 7475
f 6850 7180 7092
f 5749 6718 7469
f 1978 3045 2577
f 1622 2360 1751
f 5517 3736 4243
f 5517 4243 6886
f 2479 2072 2073
f 6690 7762 6292
f 7361 7469 6106
f 6106 6718 7469
f 7469 6718 6106
f 2658 2021 2023
f 2091 2471 2352
f 860 473 757
f 5298 4009 4016
f 6196 5761 7066
f 3736 4243 4001
f 7092 7180 6850
f 4272 4062 4283
f 6357 6359 7104
f 6863 6359 6357
f 7459 5698 5696
f 4949 7757 4153
f 7104 7106 6357
f 7116 7106 7104
f 757 1669 860
f 5130 6873 6215
f 1451 1965 2820
f 3548 4635 4643
f 5370 4316 4318
f 5415 3932 3939
f 6850 6357 5564
f 5298 4016 5297
f 3668 4197 5298
f 4316 5370 4318
f 2835 2822 2814
f 6863 6357 7106
f 6196 5761 5097
# 15624 faces, 0 coords texture

# End of File
