	C:\Users\jkuzm\OneDrive - University of Massachusetts\HRSL x UMILL-PUMA Fatigue - Fatigue\Data\F01\FR3_Metabolic3.c3d
	RMT5H
	TARGET
	ORIGINAL
ITEM	X
1	0.44443125
2	0.44668591
3	0.44749472
4	0.44811267
5	0.44912407
6	0.44904292
7	0.44910768
8	0.44896209
9	0.44856852
10	0.44801068
11	0.44721496
12	0.44573510
13	0.44451451
14	0.44312030
15	0.44184580
16	0.43964374
17	0.43837315
18	0.43617398
19	0.43344557
20	0.43180633
21	0.42919672
22	0.42650768
23	0.42239022
24	0.42020756
25	0.41784143
26	0.41573724
27	0.41395259
28	0.41255331
29	0.41146898
30	0.41088143
31	0.41074914
32	0.41095114
33	0.41149408
34	0.41217047
35	0.41293916
36	0.41356742
37	0.41382727
38	0.41377026
39	0.41318300
40	0.41223860
41	0.41080770
42	0.40918997
43	0.40699276
44	0.40482673
45	0.40557042
46	0.40502414
47	0.40340063
48	0.40147987
49	0.39948529
50	0.39772281
51	0.39611053
52	0.39481527
53	0.39329070
54	0.39291659
55	0.39272141
56	0.39283216
57	0.39314419
58	0.39357612
59	0.39528391
60	0.39523575
61	0.39532194
62	0.39541572
63	0.39551380
64	0.39542338
65	0.39537823
66	0.39540815
67	0.39601514
68	0.39623818
69	0.39649123
70	0.39670378
71	0.39697456
72	0.39716285
73	0.39738405
74	0.39720398
75	0.39789677
76	0.39801374
77	0.39837125
78	0.39879698
79	0.39972210
80	0.40045291
81	0.40114379
82	0.40182179
83	0.40261683
84	0.40342557
85	0.40461791
86	0.40557241
87	0.40661266
88	0.40772775
89	0.40882161
90	0.40971255
91	0.41045457
92	0.41108662
93	0.41167590
94	0.41098839
95	0.41198349
96	0.41230839
97	0.41242981
98	0.41248465
99	0.41235778
100	0.41215098
101	0.41181478
102	0.41215858
103	0.41309571
104	0.41326082
105	0.41354778
106	0.41386959
107	0.41411936
108	0.41478616
109	0.41540536
110	0.41671315
111	0.41762403
112	0.41701430
113	0.41802466
114	0.41908625
115	0.42021674
116	0.42145279
117	0.42285082
118	0.42475745
119	0.42666420
120	0.42865923
121	0.43082947
122	0.43311971
123	0.43526283
124	0.43806830
125	0.43971938
126	0.44026479
127	0.44187352
128	0.44327307
129	0.44732696
130	0.44711241
131	0.44806069
132	0.44887447
133	0.44939682
134	0.44973293
135	0.44946930
136	0.44903892
137	0.44879159
138	0.44835335
139	0.44765458
140	0.44680288
141	0.44567508
142	0.44434896
143	0.44284213
144	0.44070402
145	0.43878961
146	0.43724662
147	0.43491417
148	0.43204543
149	0.42930901
150	0.42663527
151	0.42509648
152	0.42232847
153	0.41960564
154	0.41681030
155	0.41286418
156	0.41058400
157	0.40847796
158	0.40680927
159	0.40557358
160	0.40492746
161	0.40480801
162	0.40509552
163	0.40585241
164	0.40701360
165	0.40832803
166	0.41002560
167	0.41124499
168	0.41215801
169	0.41268542
170	0.41251552
171	0.41169015
172	0.41030309
173	0.40841666
174	0.40613043
175	0.40305200
176	0.40166491
177	0.40198076
178	0.40016115
179	0.39896613
180	0.39713606
181	0.39536750
182	0.39345342
183	0.39186534
184	0.39035517
185	0.38981268
186	0.38946098
187	0.38921440
188	0.38926488
189	0.38979000
190	0.39148906
191	0.39134678
192	0.39162046
193	0.39179748
194	0.39187503
195	0.39174631
196	0.39160225
197	0.39174202
198	0.39212835
199	0.39233285
200	0.39258778
201	0.39287955
202	0.39317837
203	0.39350334
204	0.39338157
205	0.39362031
206	0.39397675
207	0.39445415
208	0.39485860
209	0.39527363
210	0.39580670
211	0.39681053
212	0.39760843
213	0.39825764
214	0.39917219
215	0.40002909
216	0.40131328
217	0.40239558
218	0.40352198
219	0.40477011
220	0.40598041
221	0.40714443
222	0.40801889
223	0.40736422
224	0.40862644
225	0.40955251
226	0.41021404
227	0.41065007
228	0.41084704
229	0.41078568
230	0.41049132
231	0.41004747
232	0.40973520
233	0.40933490
234	0.40912837
235	0.40919200
236	0.40981516
237	0.41013208
238	0.41131350
239	0.41277012
240	0.41439930
241	0.41546339
242	0.41748729
243	0.42090201
244	0.42370498
245	0.42455068
246	0.42703256
247	0.42953327
248	0.43207186
249	0.43468657
250	0.43744645
251	0.44027278
252	0.44330996
253	0.44649249
254	0.44988880
255	0.45315832
256	0.45747727
257	0.45894203
258	0.46061003
259	0.46320447
260	0.46528313
261	0.46683222
262	0.46870446
263	0.47105026
264	0.47238576
265	0.47331002
266	0.47375631
267	0.47228587
268	0.47272363
269	0.47243652
270	0.47168487
271	0.47061476
272	0.46927670
273	0.46767068
274	0.46574625
275	0.46356800
276	0.46073323
277	0.45887583
278	0.45594716
279	0.45285153
280	0.44952229
281	0.44588059
282	0.44256073
283	0.43898174
284	0.43572927
285	0.43255919
286	0.42918372
287	0.42602906
288	0.42134425
289	0.41911015
290	0.41678661
291	0.41485694
292	0.41332123
293	0.41224000
294	0.41163021
295	0.41144919
296	0.41157255
297	0.41203585
298	0.41257271
299	0.41310209
300	0.41344854
301	0.41343430
302	0.41285121
303	0.41169706
304	0.41010877
305	0.40799358
306	0.40574890
307	0.40309322
308	0.40035531
309	0.40015587
310	0.39989644
311	0.39887673
312	0.39758772
313	0.39564097
314	0.39387104
315	0.39213154
316	0.39025068
317	0.38855335
318	0.38765836
319	0.38727564
320	0.38708928
321	0.38743261
322	0.38835576
323	0.39005303
324	0.39002016
325	0.39030084
326	0.39034876
327	0.39027625
328	0.39013058
329	0.39004225
330	0.39033893
331	0.39033186
332	0.39039326
333	0.39050353
334	0.39071962
335	0.39086759
336	0.39099345
337	0.39076397
338	0.39094806
339	0.39122531
340	0.39167255
341	0.39211899
342	0.39268863
343	0.39367664
344	0.39463937
345	0.39489976
346	0.39562258
347	0.39635861
348	0.39713043
349	0.39808461
350	0.39911649
351	0.40030286
352	0.40159324
353	0.40297297
354	0.40425700
355	0.40535191
356	0.40520430
357	0.40658292
358	0.40751490
359	0.40846208
360	0.40929851
361	0.40999120
362	0.41051522
363	0.41088209
364	0.41125092
365	0.41179037
366	0.41233858
367	0.41301358
368	0.41390580
369	0.41497132
370	0.41605735
371	0.41739473
372	0.41887075
373	0.42052802
374	0.42215592
375	0.42335811
376	0.42612216
377	0.42835873
378	0.43051291
379	0.43006635
380	0.43173382
381	0.43337196
382	0.43505916
383	0.43690830
384	0.43890488
385	0.44105724
386	0.44399643
387	0.44600308
388	0.44814679
389	0.45009103
390	0.45088652
391	0.45241946
392	0.45505610
393	0.45605311
394	0.45687789
395	0.45735338
396	0.45765197
397	0.45755538
398	0.45726165
399	0.45606658
400	0.45510691
401	0.45410448
402	0.45283088
403	0.45128864
404	0.44949460
405	0.44748202
406	0.44521677
407	0.44233364
408	0.43962193
409	0.43671605
410	0.43436828
411	0.43115398
412	0.42789418
413	0.42379755
414	0.42043546
415	0.41757116
416	0.41521141
417	0.41210979
418	0.40918154
419	0.40635103
420	0.40250725
421	0.40041596
422	0.39868146
423	0.39741504
424	0.39672622
425	0.39640144
426	0.39650384
427	0.39693543
428	0.39726192
429	0.39825988
430	0.39964819
431	0.40094095
432	0.40196341
433	0.40232238
434	0.40218735
435	0.40128595
436	0.39961803
437	0.39755824
438	0.39522550
439	0.39271957
440	0.39013937
441	0.38727862
442	0.38456240
443	0.38475445
444	0.38339204
445	0.38188469
446	0.38001892
447	0.37773472
448	0.37573245
449	0.37365070
450	0.37153748
451	0.37027925
452	0.36968678
453	0.36944741
454	0.36936930
455	0.36988133
456	0.37044743
457	0.37182969
458	0.37189773
459	0.37225470
460	0.37226787
461	0.37218678
462	0.37246475
463	0.37247694
464	0.37254146
465	0.37269163
466	0.37283874
467	0.37304991
468	0.37321314
469	0.37301153
470	0.37318051
471	0.37346071
472	0.37366408
473	0.37458342
474	0.37493172
475	0.37529382
476	0.37573203
477	0.37634039
478	0.37718984
479	0.37799230
480	0.37873811
481	0.37968102
482	0.38065422
483	0.38178021
484	0.38118911
485	0.38326588
486	0.38474804
487	0.38629976
488	0.38776612
489	0.38905653
490	0.39019513
491	0.39141810
492	0.39259425
493	0.39378867
494	0.39504817
495	0.39625630
496	0.39726967
497	0.39815032
498	0.39907289
499	0.40005177
500	0.40101036
501	0.40222931
502	0.40356439
503	0.40515280
504	0.40674797
505	0.40866569
506	0.41078651
507	0.41279134
508	0.41454428
509	0.41694471
510	0.41931272
511	0.42315799
512	0.42573282
513	0.42835346
514	0.43044978
515	0.43269598
516	0.43335247
517	0.43570635
518	0.43820131
519	0.44080648
520	0.44397074
521	0.44660175
522	0.44921365
523	0.45160931
524	0.45276922
525	0.45505264
526	0.45682457
527	0.45839626
528	0.45965943
529	0.46075970
530	0.46163353
531	0.46395242
532	0.46268320
533	0.46383265
534	0.46382189
535	0.46359128
536	0.46308815
537	0.46230885
538	0.46128589
539	0.45994991
540	0.45836806
541	0.45612934
542	0.45401382
543	0.45165274
544	0.44990540
545	0.44708684
546	0.44399381
547	0.44054225
548	0.43718985
549	0.43389100
550	0.43055022
551	0.42770961
552	0.42439234
553	0.42136142
554	0.41866395
555	0.41452011
556	0.41253158
557	0.41087416
558	0.40961295
559	0.40890035
560	0.40838307
561	0.40827891
562	0.40839028
563	0.40873805
564	0.40918005
565	0.40966064
566	0.40998837
567	0.40921852
568	0.40855178
569	0.40736568
570	0.40584800
571	0.40390280
572	0.40182370
573	0.39949268
574	0.39701781
575	0.39686155
576	0.39617613
577	0.39437181
578	0.39233413
579	0.39031956
580	0.38850129
581	0.38669732
582	0.38490060
583	0.38370091
584	0.38326523
585	0.38303638
586	0.38367522
587	0.38381448
588	0.38429853
589	0.38489562
590	0.38529894
591	0.38562050
592	0.38605526
593	0.38604203
594	0.38578159
595	0.38564357
596	0.38554677
597	0.38554320
598	0.38562936
599	0.38534999
600	0.38557202
601	0.38582173
602	0.38618812
603	0.38640001
604	0.38686574
605	0.38875040
606	0.38915497
607	0.38868755
608	0.38919470
609	0.38973656
610	0.39045328
611	0.39118266
612	0.39179668
613	0.39274514
614	0.39366665
615	0.39468235
616	0.39517757
617	0.39640868
618	0.39781520
619	0.39927498
620	0.40082607
621	0.40226516
622	0.40354967
623	0.40462077
624	0.40578708
625	0.40696004
626	0.40796536
627	0.40901875
628	0.40990010
629	0.41053680
630	0.41113564
631	0.41158694
632	0.41177526
633	0.41204411
634	0.41241604
635	0.41287810
636	0.41344425
637	0.41408047
638	0.41482353
639	0.41623950
640	0.41739094
641	0.41855955
642	0.41977730
643	0.42092445
644	0.42219746
645	0.42355263
646	0.42496252
647	0.42663068
648	0.42858016
649	0.43080536
650	0.43335605
651	0.43443039
652	0.43711901
653	0.43992990
654	0.44383630
655	0.44583160
656	0.44822562
657	0.44948360
658	0.45169917
659	0.45348620
660	0.45488977
661	0.45667025
662	0.45790860
663	0.45903513
664	0.46002284
665	0.46193963
666	0.46235013
667	0.46263331
668	0.46271434
669	0.46251500
670	0.46208996
671	0.46145436
672	0.46054178
673	0.45898947
674	0.45764360
675	0.45605731
676	0.45427379
677	0.45357621
678	0.45106855
679	0.44881463
680	0.44622838
681	0.44331577
682	0.44075203
683	0.43841031
684	0.43694249
685	0.43509036
686	0.43305179
687	0.43126732
688	0.42968866
689	0.42694390
690	0.42643771
691	0.42606136
692	0.42611206
693	0.42638847
694	0.42693982
695	0.42762777
696	0.42783469
697	0.42855331
698	0.42984492
699	0.42916876
700	0.42859280
701	0.42746916
702	0.42595670
703	0.42414051
704	0.42202893
705	0.41929677
706	0.41789460
707	0.41812468
708	0.41701779
709	0.41575491
710	0.41369829
711	0.41190982
712	0.41033718
713	0.40842739
714	0.40793830
715	0.40703395
716	0.40656742
717	0.40634608
718	0.40650907
719	0.40701413
720	0.40763447
721	0.40816262
722	0.40863553
723	0.40900892
724	0.40944982
725	0.40937325
726	0.40924558
727	0.40917814
728	0.40911478
729	0.40914395
730	0.40883806
731	0.40892568
732	0.40907919
733	0.40927759
734	0.40941748
735	0.40971500
736	0.41035816
737	0.41063723
738	0.41127363
739	0.41169491
740	0.41216365
741	0.41281286
742	0.41357085
743	0.41414541
744	0.41504106
745	0.41588819
746	0.41681546
747	0.41808617
748	0.41915125
749	0.41889739
750	0.42064849
751	0.42205447
752	0.42325306
753	0.42431980
754	0.42526484
755	0.42625821
756	0.42707863
757	0.42758003
758	0.42853424
759	0.42906675
760	0.42944846
761	0.42964268
762	0.42973149
763	0.42982101
764	0.43002388
765	0.43027231
766	0.43062150
767	0.43102479
768	0.43147016
769	0.43206203
770	0.43303326
771	0.43416187
772	0.43518573
773	0.43603596
774	0.43700999
775	0.43794733
776	0.43895668
777	0.44004172
778	0.44139701
779	0.44299594
780	0.44479036
781	0.44674137
782	0.44873616
783	0.44888881
784	0.45072699
785	0.45325506
786	0.45476359
787	0.45613998
788	0.45611471
789	0.45712447
790	0.45790577
791	0.45842808
792	0.45888755
793	0.45909759
794	0.46036005
795	0.45996478
796	0.45963013
797	0.45910850
798	0.45837283
799	0.45742989
800	0.45626882
801	0.45490792
802	0.45337158
803	0.45159248
804	0.44925576
805	0.44716120
806	0.44491619
807	0.44267628
808	0.44000643
809	0.43739182
810	0.43490469
811	0.43223631
812	0.42949405
813	0.42787048
814	0.42607915
815	0.42398980
816	0.42222884
817	0.42071286
818	0.41809252
819	0.41754279
820	0.41728026
821	0.41725260
822	0.41724476
823	0.41793957
824	0.41884360
825	0.41965461
826	0.42016667
827	0.42014697
828	0.41938457
829	0.41795722
830	0.41570374
831	0.41286346
832	0.40950793
833	0.40602469
834	0.40240014
835	0.39857224
836	0.39582348
837	0.39556918
838	0.39392084
839	0.39297593
840	0.39117968
841	0.38934070
842	0.38743463
843	0.38527837
844	0.38327691
845	0.38261583
846	0.38232970
847	0.38324633
848	0.38261688
849	0.38302025
850	0.38371024
851	0.38425568
852	0.38469952
853	0.38501683
854	0.38550979
855	0.38548341
856	0.38541371
857	0.38544983
858	0.38552123
859	0.38563770
860	0.38534123
861	0.38555112
862	0.38582695
863	0.38612583
864	0.38635617
865	0.38669086
866	0.38795501
867	0.38800159
868	0.38835827
869	0.38877991
870	0.38925418
871	0.38985854
872	0.39064166
873	0.39139009
874	0.39209911
875	0.39286447
876	0.39414227
877	0.39372885
878	0.39524224
879	0.39653566
880	0.39791697
881	0.39918256
882	0.40035817
883	0.40146646
884	0.40253630
885	0.40352771
886	0.40439954
887	0.40539226
888	0.40616724
889	0.40677637
890	0.40727052
891	0.40761977
892	0.40819645
893	0.40859887
894	0.40893751
895	0.40947387
896	0.41065621
897	0.41125149
898	0.41189247
899	0.41230017
900	0.41315904
901	0.41382489
902	0.41449824
903	0.41508240
904	0.41563782
905	0.41623232
906	0.41693291
907	0.41785324
908	0.41882595
909	0.41942480
910	0.42089647
911	0.42236358
912	0.42389935
913	0.42398462
914	0.42557037
915	0.42672157
916	0.42768842
917	0.42857179
918	0.43093377
919	0.43143404
920	0.43178526
921	0.43195474
922	0.43199450
923	0.43192148
924	0.43116352
925	0.43069613
926	0.43003041
927	0.42917570
928	0.42806023
929	0.42679080
930	0.42522451
931	0.42344743
932	0.42102599
933	0.41880485
934	0.41636464
935	0.41443622
936	0.41158330
937	0.40863058
938	0.40473720
939	0.40262085
940	0.39984170
941	0.39664933
942	0.39353156
943	0.38876534
944	0.38624763
945	0.38355163
946	0.38104299
947	0.37874436
948	0.37667790
949	0.37473583
950	0.37290287
951	0.37123471
952	0.36945200
953	0.36759520
954	0.36663553
955	0.36591378
956	0.36496839
957	0.36370590
958	0.36218992
959	0.36023498
960	0.35782960
961	0.35508123
962	0.35209313
963	0.34904850
964	0.34609511
965	0.34284893
966	0.34028158
967	0.34020692
968	0.33857605
969	0.33642936
970	0.33404914
971	0.33153355
972	0.32937327
973	0.32723296
974	0.32558769
975	0.32431892
976	0.32364497
977	0.32300177
978	0.32318559
979	0.32353866
980	0.32377517
981	0.32444245
982	0.32475901
983	0.32492626
984	0.32620609
985	0.32595307
986	0.32576105
987	0.32542858
988	0.32567975
989	0.32586867
990	0.32605273
991	0.32619345
992	0.32641628
993	0.32679674
994	0.32704619
995	0.32746109
996	0.32920545
997	0.32957396
998	0.32894528
999	0.32948065
1000	0.32908648
1001	0.33078030
1002	0.33165306
1003	0.33246097
1004	0.33318758
1005	0.33412373
1006	0.33486235
1007	0.33605316
1008	0.33734810
1009	0.33885467
1010	0.34039536
1011	0.34201568
1012	0.34351519
1013	0.34489626
1014	0.34618622
1015	0.34738001
1016	0.34861341
1017	0.34974912
1018	0.35088882
1019	0.35180095
1020	0.35253376
1021	0.35310715
1022	0.35355407
1023	0.35395303
1024	0.35430330
1025	0.35474634
1026	0.35567620
1027	0.35639736
1028	0.35723865
1029	0.35819206
1030	0.35987616
1031	0.36186871
1032	0.36317265
1033	0.36448503
1034	0.36578625
1035	0.36709282
1036	0.36846575
1037	0.36988661
1038	0.37157986
1039	0.37356585
1040	0.37575170
1041	0.37826380
1042	0.38098118
1043	0.38392571
1044	0.38681167
1045	0.38957867
1046	0.39215887
1047	0.39461449
1048	0.39698309
1049	0.39908901
1050	0.40110049
1051	0.40287933
1052	0.40444300
1053	0.40585223
1054	0.40709230
1055	0.40883601
1056	0.40866908
1057	0.40930092
1058	0.41022721
1059	0.41031289
1060	0.41011035
1061	0.40909421
1062	0.40830031
1063	0.40721849
1064	0.40579927
1065	0.40407410
1066	0.40269080
1067	0.40056247
1068	0.39801410
1069	0.39510176
1070	0.39218515
1071	0.38972917
1072	0.38679895
1073	0.38382134
1074	0.37918076
1075	0.37685704
1076	0.37438935
1077	0.37225160
1078	0.37045729
1079	0.36915672
1080	0.36824110
1081	0.36774328
1082	0.36755881
1083	0.36741504
1084	0.36817378
1085	0.36912802
1086	0.37018666
1087	0.37106028
1088	0.37120068
1089	0.37078527
1090	0.36959037
1091	0.36762372
1092	0.36500978
1093	0.36192793
1094	0.35864624
1095	0.35517031
1096	0.35170117
1097	0.35129920
1098	0.34996599
1099	0.34812042
1100	0.34649661
1101	0.34438583
1102	0.34225091
1103	0.34025440
1104	0.33874854
1105	0.33769229
1106	0.33715087
1107	0.33635601
1108	0.33653802
1109	0.33677143
1110	0.33703193
1111	0.33723220
1112	0.33770266
1113	0.33910385
1114	0.33879134
1115	0.33914980
1116	0.33904031
1117	0.33884099
1118	0.33877036
1119	0.33883038
1120	0.33904529
1121	0.33930099
1122	0.33899018
1123	0.33962688
1124	0.33995515
1125	0.34023744
1126	0.34059218
1127	0.34230903
1128	0.34162736
1129	0.34207213
1130	0.34256968
1131	0.34285122
1132	0.34370297
1133	0.34453270
1134	0.34541109
1135	0.34597865
1136	0.34677440
1137	0.34725538
1138	0.34832466
1139	0.34939760
1140	0.35054487
1141	0.35174844
1142	0.35298258
1143	0.35409617
1144	0.35511765
1145	0.35618433
1146	0.35729656
1147	0.35821176
1148	0.35897097
1149	0.35945728
1150	0.35968384
1151	0.35968634
1152	0.35955811
1153	0.35939422
1154	0.35951924
1155	0.36028400
1156	0.35975525
1157	0.36008027
1158	0.36068195
1159	0.36124730
1160	0.36183578
1161	0.36202642
1162	0.36303201
1163	0.36641499
1164	0.36772561
1165	0.36886132
1166	0.36998329
1167	0.37125707
1168	0.37282714
1169	0.37447295
1170	0.37649161
1171	0.37879145
1172	0.38126594
1173	0.38376155
1174	0.38618633
1175	0.38849616
1176	0.39061823
1177	0.39255273
1178	0.39447981
1179	0.39609891
1180	0.39750844
1181	0.39876848
1182	0.39982593
1183	0.40069374
1184	0.40148339
1185	0.40220809
1186	0.40222204
1187	0.40260851
1188	0.40326300
1189	0.40323454
1190	0.40294194
1191	0.40196306
1192	0.40132788
1193	0.40046915
1194	0.39945897
1195	0.39786565
1196	0.39694476
1197	0.39542571
1198	0.39416638
1199	0.39227039
1200	0.39079186
1201	0.38898003
1202	0.38695028
1203	0.38492650
1204	0.38142446
1205	0.37962988
1206	0.37802958
1207	0.37669274
1208	0.37582096
1209	0.37537554
1210	0.37539628
1211	0.37570047
1212	0.37697306
1213	0.37897429
1214	0.38171363
1215	0.38392526
1216	0.38618127
1217	0.38791934
1218	0.38895020
1219	0.38917232
1220	0.38865796
1221	0.38730964
1222	0.38538742
1223	0.38320813
1224	0.38067341
1225	0.37808749
1226	0.37540507
1227	0.37320790
1228	0.37404788
1229	0.37265283
1230	0.37183556
1231	0.37013322
1232	0.36845663
1233	0.36686298
1234	0.36515445
1235	0.36324686
1236	0.36153737
1237	0.36072806
1238	0.36032721
1239	0.36017221
1240	0.36064714
1241	0.36120021
1242	0.36153072
1243	0.36288840
1244	0.36312947
1245	0.36312175
1246	0.36304501
1247	0.36334562
1248	0.36323228
1249	0.36321142
1250	0.36328202
1251	0.36340034
1252	0.36356661
1253	0.36376506
1254	0.36360061
1255	0.36386636
1256	0.36410192
1257	0.36463729
1258	0.36640018
1259	0.36579311
1260	0.36615902
1261	0.36671120
1262	0.36747083
1263	0.36820573
1264	0.36897472
1265	0.36976320
1266	0.37047565
1267	0.37134129
1268	0.37044343
1269	0.37207940
1270	0.37338325
1271	0.37479255
1272	0.37621158
1273	0.37748197
1274	0.37858656
1275	0.37966675
1276	0.38072157
1277	0.38174480
1278	0.38283154
1279	0.38383970
1280	0.38473207
1281	0.38552991
1282	0.38623559
1283	0.38695344
1284	0.38763887
1285	0.38840646
1286	0.38925219
1287	0.38983360
1288	0.39150602
1289	0.39347720
1290	0.39456448
1291	0.39572075
1292	0.39675960
1293	0.39862084
1294	0.39965361
1295	0.40049171
1296	0.40170071
1297	0.40239504
1298	0.40323895
1299	0.40426329
1300	0.40479076
1301	0.40620953
1302	0.40778127
1303	0.40955630
1304	0.41008693
1305	0.41231817
1306	0.41407007
1307	0.41559124
1308	0.41857076
1309	0.41984734
1310	0.42081809
1311	0.42162716
1312	0.42225859
1313	0.42270026
1314	0.42303038
1315	0.42332038
1316	0.42297417
1317	0.42259204
1318	0.42219105
1319	0.42161578
1320	0.42089385
1321	0.41988912
1322	0.41877508
1323	0.41742364
1324	0.41549844
1325	0.41380104
1326	0.41188112
1327	0.41044497
1328	0.40820086
1329	0.40578160
1330	0.40284556
1331	0.40042180
1332	0.39847791
1333	0.39651185
1334	0.39410636
1335	0.39170572
1336	0.38763973
1337	0.38610139
1338	0.38443065
1339	0.38313949
1340	0.38221946
1341	0.38170174
1342	0.38165697
1343	0.38205254
1344	0.38266942
1345	0.38356826
1346	0.38392478
1347	0.38545266
1348	0.38673586
1349	0.38807636
1350	0.38934389
1351	0.38940859
1352	0.38825157
1353	0.38708135
1354	0.38538030
1355	0.38360727
1356	0.38169521
1357	0.37974501
1358	0.37792969
1359	0.37619415
1360	0.37457979
1361	0.37562668
1362	0.37455750
1363	0.37304142
1364	0.37108979
1365	0.36860818
1366	0.36669320
1367	0.36471748
1368	0.36232251
1369	0.36033565
1370	0.35920042
1371	0.35887319
1372	0.35843545
1373	0.35991308
1374	0.36020696
1375	0.36079413
1376	0.36134300
1377	0.36213663
1378	0.36225927
1379	0.36226141
1380	0.36219215
1381	0.36225241
1382	0.36236957
1383	0.36258155
1384	0.36240551
1385	0.36276489
1386	0.36307228
1387	0.36381122
1388	0.36411709
1389	0.36444646
1390	0.36474305
1391	0.36630645
1392	0.36659434
1393	0.36596963
1394	0.36647016
1395	0.36692941
1396	0.36783704
1397	0.36845657
1398	0.36902741
1399	0.36973098
1400	0.37035137
1401	0.37050799
1402	0.37083966
1403	0.37183413
1404	0.37284350
1405	0.37377846
1406	0.37446493
1407	0.37484413
1408	0.37512740
1409	0.37536335
1410	0.37538177
1411	0.37552398
1412	0.37557483
1413	0.37542418
1414	0.37530351
1415	0.37491286
1416	0.37457123
1417	0.37430388
1418	0.37464124
1419	0.37407804
1420	0.37439823
1421	0.37502453
1422	0.37599698
1423	0.37706307
1424	0.37761375
1425	0.38004506
1426	0.38186088
1427	0.38381737
1428	0.38594764
1429	0.38815612
1430	0.39039448
1431	0.39255112
1432	0.39475799
1433	0.39705282
1434	0.39950579
1435	0.40228143
1436	0.40305755
1437	0.40598398
1438	0.40898925
1439	0.41194761
1440	0.41491783
1441	0.41838875
1442	0.42106950
1443	0.42345273
1444	0.42573005
1445	0.42673790
1446	0.42775208
1447	0.42919746
1448	0.43164343
1449	0.43286228
1450	0.43385792
1451	0.43475714
1452	0.43650651
1453	0.43681982
1454	0.43698746
1455	0.43690902
1456	0.43660998
1457	0.43602502
1458	0.43470386
1459	0.43354800
1460	0.43212503
1461	0.43042937
1462	0.42852199
1463	0.42637628
1464	0.42409337
1465	0.42242596
1466	0.41988745
1467	0.41725159
1468	0.41462013
1469	0.41173285
1470	0.40905643
1471	0.40729082
1472	0.40475658
1473	0.40246743
1474	0.40033585
1475	0.39698350
1476	0.39505178
1477	0.39366961
1478	0.39260700
1479	0.39194736
1480	0.39176014
1481	0.39187312
1482	0.39217097
1483	0.39269337
1484	0.39326712
1485	0.39347446
1486	0.39328793
1487	0.39289173
1488	0.39202654
1489	0.39078814
1490	0.38924119
1491	0.38688812
1492	0.38516340
1493	0.38605437
1494	0.38437617
1495	0.38283610
1496	0.38106644
1497	0.37932780
1498	0.37780777
1499	0.37576950
1500	0.37392613
1501	0.37258101
1502	0.37186074
1503	0.37251380
1504	0.37240458
1505	0.37294403
1506	0.37350771
1507	0.37402508
1508	0.37486181
1509	0.37512675
1510	0.37517023
1511	0.37513375
1512	0.37505746
1513	0.37507278
1514	0.37511024
1515	0.37482852
1516	0.37512144
1517	0.37543595
1518	0.37572065
1519	0.37616611
1520	0.37671894
1521	0.37697056
1522	0.37731141
1523	0.37886509
1524	0.37919500
1525	0.37862879
1526	0.37929696
1527	0.38005808
1528	0.38081124
1529	0.38150299
1530	0.38229737
1531	0.38291815
1532	0.38379139
1533	0.38333806
1534	0.38445854
1535	0.38566461
1536	0.38691759
1537	0.38812220
1538	0.38923997
1539	0.39020425
1540	0.39121598
1541	0.39225808
1542	0.39319330
1543	0.39412820
1544	0.39492652
1545	0.39550829
1546	0.39601070
1547	0.39636764
1548	0.39669701
1549	0.39702100
1550	0.39745843
1551	0.39794329
1552	0.39835602
1553	0.39903897
1554	0.39985973
1555	0.40063068
1556	0.40155637
1557	0.40347925
1558	0.40479019
1559	0.40590376
1560	0.40699032
1561	0.40800706
1562	0.40905705
1563	0.41022772
1564	0.41149533
1565	0.41305867
1566	0.41484222
1567	0.41687220
1568	0.41912681
1569	0.42023763
1570	0.42231593
1571	0.42426449
1572	0.42494804
1573	0.42658961
1574	0.42793432
1575	0.42901805
1576	0.42986703
1577	0.43032867
1578	0.43269935
1579	0.43298608
1580	0.43299195
1581	0.43253040
1582	0.43180701
1583	0.43121502
1584	0.43075582
1585	0.42911208
1586	0.42768267
1587	0.42605406
1588	0.42414546
1589	0.42202792
1590	0.41927215
1591	0.41667879
1592	0.41393027
1593	0.41096461
1594	0.40860006
1595	0.40556705
1596	0.40237844
1597	0.39863762
1598	0.39567715
1599	0.39379302
1600	0.39138189
1601	0.38905454
1602	0.38696826
1603	0.38357100
1604	0.38212687
1605	0.38089567
1606	0.37982303
1607	0.37905952
1608	0.37832189
1609	0.37775087
1610	0.37713000
1611	0.37570480
1612	0.37540695
1613	0.37510774
1614	0.37457308
1615	0.37320614
1616	0.37168089
1617	0.36958143
1618	0.36730149
1619	0.36458224
1620	0.36184078
1621	0.35897350
1622	0.35615459
1623	0.35306403
1624	0.35246289
1625	0.35190383
1626	0.34966862
1627	0.34752074
1628	0.34485951
1629	0.34265098
1630	0.34078416
1631	0.33914393
1632	0.33769646
1633	0.33701649
1634	0.33656007
1635	0.33628988
1636	0.33622414
1637	0.33644369
1638	0.33765018
1639	0.33709627
1640	0.33745033
1641	0.33741644
1642	0.33737987
1643	0.33736703
1644	0.33754370
1645	0.33785129
1646	0.33831954
1647	0.33830762
1648	0.33920127
1649	0.33968547
1650	0.34015766
1651	0.34061548
1652	0.34108520
1653	0.34147188
1654	0.34334958
1655	0.34381071
1656	0.34434512
1657	0.34287199
1658	0.34398371
1659	0.34536436
1660	0.34621876
1661	0.34683776
1662	0.34778723
1663	0.34882489
1664	0.34920958
1665	0.35096720
1666	0.35247552
1667	0.35415083
1668	0.35586047
1669	0.35749838
1670	0.35887098
1671	0.35990280
1672	0.36082366
1673	0.36168671
1674	0.36232358
1675	0.36298993
1676	0.36340111
1677	0.36355394
1678	0.36337602
1679	0.36311001
1680	0.36288300
1681	0.36252978
1682	0.36210132
1683	0.36186698
1684	0.36185688
1685	0.36192286
1686	0.36277854
1687	0.36267093
1688	0.36327258
1689	0.36339897
1690	0.36543551
1691	0.36710712
1692	0.36853901
1693	0.37002614
1694	0.37151149
1695	0.37309942
1696	0.37480086
1697	0.37670904
1698	0.37875617
1699	0.38101080
1700	0.38359630
1701	0.38592809
1702	0.38864937
1703	0.39041954
1704	0.39306015
1705	0.39469811
1706	0.39711514
1707	0.40113866
1708	0.40315813
1709	0.40601125
1710	0.40663394
1711	0.40805054
1712	0.40919879
1713	0.41019648
1714	0.40946448
1715	0.41005599
1716	0.41034895
1717	0.41162634
1718	0.41147432
1719	0.41097781
1720	0.41028333
1721	0.40894017
1722	0.40773165
1723	0.40632334
1724	0.40467587
1725	0.40276656
1726	0.40067622
1727	0.39837721
1728	0.39673796
1729	0.39428273
1730	0.39168948
1731	0.38883662
1732	0.38618702
1733	0.38427761
1734	0.38208291
1735	0.38011310
1736	0.37822932
1737	0.37526214
1738	0.37345007
1739	0.37233046
1740	0.37151864
1741	0.37109593
1742	0.37084466
1743	0.37085786
1744	0.37125415
1745	0.37192762
1746	0.37268832
1747	0.37346143
1748	0.37402901
1749	0.37425146
1750	0.37391788
1751	0.37306869
1752	0.37146530
1753	0.36983010
1754	0.36763465
1755	0.36484966
1756	0.36324832
1757	0.36392018
1758	0.36206549
1759	0.36041281
1760	0.35806534
1761	0.35607025
1762	0.35420397
1763	0.35265443
1764	0.35133931
1765	0.35050941
1766	0.35032305
1767	0.35006717
1768	0.35141084
1769	0.35123408
1770	0.35137889
1771	0.35201263
1772	0.35218620
1773	0.35225850
1774	0.35215619
1775	0.35198468
1776	0.35178807
1777	0.35172004
1778	0.35129777
1779	0.35144633
1780	0.35202339
1781	0.35227585
1782	0.35244587
1783	0.35277131
1784	0.35295823
1785	0.35321614
1786	0.35337684
1787	0.35507306
1788	0.35536605
1789	0.35573173
1790	0.35465810
1791	0.35524520
1792	0.35632965
1793	0.35728836
1794	0.35811886
1795	0.35894242
1796	0.35999134
1797	0.36005974
1798	0.36125770
1799	0.36251301
1800	0.36375439
1801	0.36500233
1802	0.36606419
1803	0.36692154
1804	0.36749536
1805	0.36807173
1806	0.36861554
1807	0.36906639
1808	0.36958501
1809	0.36990565
1810	0.37009564
1811	0.37010482
1812	0.37002406
1813	0.36995485
1814	0.36987785
1815	0.37002757
1816	0.37053686
1817	0.37140167
1818	0.37267023
1819	0.37446925
1820	0.37645280
1821	0.37827781
1822	0.38023475
1823	0.38293791
1824	0.38590339
1825	0.38905397
1826	0.39403793
1827	0.39755675
1828	0.40109405
1829	0.40468594
1830	0.40850943
1831	0.41258007
1832	0.41685614
1833	0.42133221
1834	0.42563128
1835	0.42977360
1836	0.43385223
1837	0.43652734
1838	0.44055331
1839	0.44418007
1840	0.44623393
1841	0.44968504
1842	0.45200309
1843	0.45451543
1844	0.45648667
1845	0.45805752
1846	0.45928434
1847	0.46015608
1848	0.46167684
1849	0.46211678
1850	0.46212238
1851	0.46194097
1852	0.46133381
1853	0.46017495
1854	0.45892385
1855	0.45746955
1856	0.45580456
1857	0.45351908
1858	0.45149508
1859	0.44928667
1860	0.44775665
1861	0.44537213
1862	0.44289708
1863	0.44026425
1864	0.43778551
1865	0.43545085
1866	0.43324032
1867	0.43242106
1868	0.43077883
1869	0.42942962
1870	0.42830172
1871	0.42782000
1872	0.42799628
1873	0.42663777
1874	0.42793539
1875	0.42923257
1876	0.43075043
1877	0.43230787
1878	0.43359816
1879	0.43436056
1880	0.43479893
1881	0.43460542
1882	0.43388656
1883	0.43255031
1884	0.43063825
1885	0.42835307
1886	0.42598417
1887	0.42355648
1888	0.42456633
1889	0.42388448
1890	0.42336994
1891	0.42210066
1892	0.42072287
1893	0.41970333
1894	0.41802147
1895	0.41658193
1896	0.41576144
1897	0.41538998
1898	0.41499335
1899	0.41502216
1900	0.41516474
1901	0.41557449
1902	0.41596678
1903	0.41626281
1904	0.41691580
1905	0.41698003
1906	0.41683072
1907	0.41667697
1908	0.41655564
1909	0.41653776
1910	0.41613531
1911	0.41616681
1912	0.41627666
1913	0.41650939
1914	0.41670236
1915	0.41692504
1916	0.41721120
1917	0.41756210
1918	0.41815269
1919	0.41899145
1920	0.41957837
1921	0.42042637
1922	0.42135623
1923	0.42220861
1924	0.42304841
1925	0.42370284
1926	0.42464834
1927	0.42531022
1928	0.42635515
1929	0.42760992
1930	0.42749453
1931	0.42943954
1932	0.43128440
1933	0.43295911
1934	0.43455687
1935	0.43620554
1936	0.43794665
1937	0.43963689
1938	0.44144142
1939	0.44361395
1940	0.44581810
1941	0.44798079
1942	0.44994235
1943	0.45196813
1944	0.45401168
1945	0.45608693
1946	0.45826268
1947	0.46046722
1948	0.46271053
1949	0.46500546
1950	0.46711028
1951	0.46924064
1952	0.47234130
1953	0.47452939
1954	0.47650510
1955	0.47834423
1956	0.48014429
1957	0.48184907
1958	0.48358059
1959	0.48528394
1960	0.48714241
1961	0.48910603
1962	0.49108014
1963	0.49309602
1964	0.49487117
1965	0.49641463
1966	0.49673501
1967	0.49828565
1968	0.49936253
1969	0.50051785
1970	0.50200170
1971	0.50389129
1972	0.50444132
1973	0.50271696
1974	0.50385988
1975	0.50367838
1976	0.50340271
1977	0.50281334
1978	0.50150740
1979	0.50136757
1980	0.50046724
1981	0.49887893
1982	0.49709046
1983	0.49504140
1984	0.49278966
1985	0.49027225
1986	0.48753878
1987	0.48421109
1988	0.48103741
1989	0.47834325
1990	0.47487023
1991	0.47105071
1992	0.46705341
1993	0.46276402
1994	0.45855042
1995	0.45382461
1996	0.44977906
1997	0.44591424
1998	0.44366628
1999	0.44034195
2000	0.43753192
2001	0.43515044
2002	0.43137565
2003	0.43072289
2004	0.43025672
2005	0.43034092
2006	0.43083885
2007	0.43136865
2008	0.43300459
2009	0.43457237
2010	0.43592155
2011	0.43688148
2012	0.43692783
2013	0.43637398
2014	0.43503532
2015	0.43330866
2016	0.43119344
2017	0.42868727
2018	0.42564321
2019	0.42456961
2020	0.42416495
2021	0.42304489
2022	0.42165631
2023	0.41973805
2024	0.41803202
2025	0.41602424
2026	0.41387892
2027	0.41344681
2028	0.41253865
2029	0.41193393
2030	0.41158766
2031	0.41183037
2032	0.41227043
2033	0.41296384
2034	0.41350794
2035	0.41389778
2036	0.41421124
2037	0.41470435
2038	0.41469452
2039	0.41465595
2040	0.41468421
2041	0.41481912
2042	0.41499546
2043	0.41518980
2044	0.41495469
2045	0.41522229
2046	0.41542056
2047	0.41566077
2048	0.41596377
2049	0.41638169
2050	0.41682485
2051	0.41718134
2052	0.41795450
2053	0.41888270
2054	0.41963255
2055	0.42029786
2056	0.42118633
2057	0.42199045
2058	0.42303601
2059	0.42402339
2060	0.42515898
2061	0.42634714
2062	0.42756853
2063	0.42877260
2064	0.42983118
2065	0.42943057
2066	0.43097961
2067	0.43201724
2068	0.43280023
2069	0.43349355
2070	0.43387780
2071	0.43364692
2072	0.43400404
2073	0.43360400
2074	0.43312329
2075	0.43273586
2076	0.43180802
2077	0.43115714
2078	0.43073693
2079	0.43050379
2080	0.43036464
2081	0.43048319
2082	0.43074664
2083	0.43098146
2084	0.43126023
2085	0.43195376
2086	0.43281800
2087	0.43520084
2088	0.43664691
2089	0.43795922
2090	0.43935832
2091	0.44092226
2092	0.44088569
2093	0.44282392
2094	0.44493005
2095	0.44705459
2096	0.44923463
2097	0.45257238
2098	0.45406076
2099	0.45586342
2100	0.45607105
2101	0.45781377
2102	0.45901790
2103	0.45999900
2104	0.46082324
2105	0.46144760
2106	0.46305269
2107	0.46190524
2108	0.46273530
2109	0.46237484
2110	0.46168566
2111	0.46070936
2112	0.45941842
2113	0.45740166
2114	0.45556569
2115	0.45342043
2116	0.45100370
2117	0.44833425
2118	0.44628567
2119	0.44322121
2120	0.43997025
2121	0.43636337
2122	0.43319556
2123	0.42984861
2124	0.42721707
2125	0.42444053
2126	0.42128888
2127	0.41863018
2128	0.41477883
2129	0.41243425
2130	0.41064879
2131	0.40921596
2132	0.40806592
2133	0.40711787
2134	0.40646553
2135	0.40601233
2136	0.40567684
2137	0.40547109
2138	0.40538880
2139	0.40454355
2140	0.40459669
2141	0.40427452
2142	0.40451077
2143	0.40284535
2144	0.40150526
2145	0.39992642
2146	0.39816144
2147	0.39625761
2148	0.39439636
2149	0.39224565
2150	0.39076132
2151	0.39175010
2152	0.39021683
2153	0.38838577
2154	0.38593197
2155	0.38335612
2156	0.38113531
2157	0.37882635
2158	0.37641031
2159	0.37496224
2160	0.37415978
2161	0.37373847
2162	0.37399286
2163	0.37427989
2164	0.37528637
2165	0.37556285
2166	0.37588063
2167	0.37599629
2168	0.37587163
2169	0.37601638
2170	0.37580189
2171	0.37564433
2172	0.37563786
2173	0.37573490
2174	0.37592983
2175	0.37607548
2176	0.37587240
2177	0.37615097
2178	0.37650341
2179	0.37677646
2180	0.37726405
2181	0.37923706
2182	0.37862945
2183	0.37915993
2184	0.37986773
2185	0.38078105
2186	0.38184240
2187	0.38265166
2188	0.38380933
2189	0.38472062
2190	0.38590401
2191	0.38681749
2192	0.38677758
2193	0.38867021
2194	0.39021468
2195	0.39177340
2196	0.39318725
2197	0.39436391
2198	0.39538127
2199	0.39643201
2200	0.39733571
2201	0.39827186
2202	0.39918801
2203	0.39996091
2204	0.40058434
2205	0.40113118
2206	0.40187365
2207	0.40247563
2208	0.40325466
2209	0.40433791
2210	0.40577570
2211	0.40711623
2212	0.40919492
2213	0.41174921
2214	0.41418585
2215	0.41614252
2216	0.41915047
2217	0.42233631
2218	0.42572653
2219	0.42911953
2220	0.43432173
2221	0.43800801
2222	0.44161493
2223	0.44518393
2224	0.44890335
2225	0.45275801
2226	0.45678586
2227	0.46088818
2228	0.46517423
2229	0.46742439
2230	0.47124335
2231	0.47486484
2232	0.47756058
2233	0.48069471
2234	0.48346049
2235	0.48585185
2236	0.48807597
2237	0.49169484
2238	0.49293923
2239	0.49281424
2240	0.49485004
2241	0.49556309
2242	0.49595705
2243	0.49603304
2244	0.49582228
2245	0.49534300
2246	0.49457815
2247	0.49349800
2248	0.49178243
2249	0.49019602
2250	0.48913386
2251	0.48709017
2252	0.48478585
2253	0.48222917
2254	0.47921997
2255	0.47627628
2256	0.47328842
2257	0.46995410
2258	0.46670696
2259	0.46291366
2260	0.46106604
2261	0.45807299
2262	0.45531487
2263	0.45292106
2264	0.44921011
2265	0.44838825
2266	0.44756845
2267	0.44736424
2268	0.44773042
2269	0.44852263
2270	0.44971803
2271	0.45094657
2272	0.45207879
2273	0.45287228
2274	0.45304093
2275	0.45258564
2276	0.45127013
2277	0.44961545
2278	0.44773346
2279	0.44559288
2280	0.44319570
2281	0.44058278
2282	0.43877009
2283	0.43875211
2284	0.43754271
2285	0.43732807
2286	0.43566391
2287	0.43415219
2288	0.43243003
2289	0.43064958
2290	0.42988288
2291	0.42833096
2292	0.42758235
2293	0.42728791
2294	0.42731774
2295	0.42762125
2296	0.42824438
2297	0.42881885
2298	0.42915127
2299	0.42930457
2300	0.42927307
2301	0.42922559
2302	0.42959726
2303	0.42964715
2304	0.42976737
2305	0.42994505
2306	0.43019834
2307	0.43042192
2308	0.43077898
2309	0.43061695
2310	0.43087754
2311	0.43113145
2312	0.43176919
2313	0.43192586
2314	0.43241405
2315	0.43313575
2316	0.43364999
2317	0.43440211
2318	0.43512872
2319	0.43577772
2320	0.43644023
2321	0.43719029
2322	0.43802348
2323	0.43902701
2324	0.44010150
2325	0.44134083
2326	0.44266582
2327	0.44380257
2328	0.44467741
2329	0.44533375
2330	0.44602737
2331	0.44670987
2332	0.44604561
2333	0.44739482
2334	0.44806406
2335	0.44856861
2336	0.44899565
2337	0.44937724
2338	0.44975093
2339	0.45032597
2340	0.45102441
2341	0.45199773
2342	0.45323348
2343	0.45477724
2344	0.45648596
2345	0.45821640
2346	0.45933557
2347	0.46094906
2348	0.46280676
2349	0.46616757
2350	0.46820238
2351	0.47019070
2352	0.47203493
2353	0.47386545
2354	0.47578803
2355	0.47781396
2356	0.48010433
2357	0.48261407
2358	0.48533347
2359	0.48815012
2360	0.49091819
2361	0.49349001
2362	0.49579257
2363	0.49674803
2364	0.49903432
2365	0.50185919
2366	0.50385827
2367	0.50569117
2368	0.50780678
2369	0.50934947
2370	0.51057488
2371	0.51146859
2372	0.51205641
2373	0.51043034
2374	0.51167434
2375	0.51149678
2376	0.51086187
2377	0.50991917
2378	0.50859445
2379	0.50691110
2380	0.50483441
2381	0.50242090
2382	0.49921587
2383	0.49610823
2384	0.49351788
2385	0.48987761
2386	0.48603874
2387	0.48191285
2388	0.47753081
2389	0.47331560
2390	0.46931982
2391	0.46494690
2392	0.46112719
2393	0.45831802
2394	0.45556974
2395	0.45289516
2396	0.45078513
2397	0.44924614
2398	0.44671637
2399	0.44660887
2400	0.44685966
2401	0.44750321
2402	0.44847396
2403	0.44964185
2404	0.45022804
2405	0.45162708
2406	0.45278931
2407	0.45330292
2408	0.45311767
2409	0.45222226
2410	0.45061785
2411	0.44836289
2412	0.44580397
2413	0.44310516
2414	0.43970159
2415	0.43730447
2416	0.43727955
2417	0.43592533
2418	0.43498087
2419	0.43289012
2420	0.43101767
2421	0.42904517
2422	0.42712712
2423	0.42696694
2424	0.42586088
2425	0.42569864
2426	0.42566541
2427	0.42584246
2428	0.42636427
2429	0.42700601
2430	0.42770329
2431	0.42812595
2432	0.42839709
2433	0.42853343
2434	0.42863485
2435	0.42881635
2436	0.42882514
2437	0.42892632
2438	0.42917714
2439	0.42940548
2440	0.42964849
2441	0.42953935
2442	0.42983821
2443	0.43014407
2444	0.43042472
2445	0.43074623
2446	0.43146330
2447	0.43164858
2448	0.43211797
2449	0.43257463
2450	0.43296769
2451	0.43421191
2452	0.43490154
2453	0.43548849
2454	0.43622568
2455	0.43693730
2456	0.43823996
2457	0.43915266
2458	0.44008699
2459	0.44109061
2460	0.44216987
2461	0.44323701
2462	0.44418147
2463	0.44511026
2464	0.44604471
2465	0.44592869
2466	0.44711617
2467	0.44741753
2468	0.44815791
2469	0.44838142
2470	0.44834179
2471	0.44812772
2472	0.44780311
2473	0.44756806
2474	0.44735166
2475	0.44724312
2476	0.44720232
2477	0.44724768
2478	0.44731316
2479	0.44757444
2480	0.44779840
2481	0.44887990
2482	0.44965422
2483	0.45026052
2484	0.45084271
2485	0.45136902
2486	0.45194131
2487	0.45263955
2488	0.45339683
2489	0.45443869
2490	0.45569900
2491	0.45724496
2492	0.45886293
2493	0.46048748
2494	0.46196964
2495	0.46296898
2496	0.46343017
2497	0.46544334
2498	0.46652597
2499	0.46545529
2500	0.46693507
2501	0.46739301
2502	0.46758869
2503	0.46771035
2504	0.46755889
2505	0.46850577
2506	0.46760514
2507	0.46654278
2508	0.46539205
2509	0.46406028
2510	0.46247301
2511	0.46064398
2512	0.45855200
2513	0.45583248
2514	0.45331287
2515	0.45054618
2516	0.44761464
2517	0.44448635
2518	0.44200864
2519	0.43854892
2520	0.43496469
2521	0.43113619
2522	0.42741725
2523	0.42322674
2524	0.42101640
2525	0.41749766
2526	0.41428223
2527	0.41137215
2528	0.40730557
2529	0.40562642
2530	0.40443522
2531	0.40396559
2532	0.40424612
2533	0.40500414
2534	0.40650883
2535	0.40846014
2536	0.41066745
2537	0.41301173
2538	0.41469371
2539	0.41610244
2540	0.41663671
2541	0.41643584
2542	0.41557950
2543	0.41406342
2544	0.41183022
2545	0.40933406
2546	0.40953171
2547	0.40873435
2548	0.40719372
2549	0.40508410
2550	0.40354970
2551	0.40197432
2552	0.40004578
2553	0.39799869
2554	0.39690927
2555	0.39629385
2556	0.39728594
2557	0.39661950
2558	0.39664933
2559	0.39707634
2560	0.39757362
2561	0.39813578
2562	0.39846414
2563	0.39856091
2564	0.39864242
2565	0.39887306
2566	0.39889008
2567	0.39898828
2568	0.39920610
2569	0.39944035
2570	0.39978498
2571	0.39970481
2572	0.40007570
2573	0.40044582
2574	0.40072659
2575	0.40116385
2576	0.40150145
2577	0.40222445
2578	0.40266323
2579	0.40325120
2580	0.40378529
2581	0.40449095
2582	0.40525785
2583	0.40588716
2584	0.40673989
2585	0.40750059
2586	0.40865326
2587	0.40959489
2588	0.41066638
2589	0.41181600
2590	0.41151547
2591	0.41323009
2592	0.41416898
2593	0.41496918
2594	0.41577536
2595	0.41652808
2596	0.41708788
2597	0.41748801
2598	0.41760501
2599	0.41753706
2600	0.41725063
2601	0.41712973
2602	0.41675141
2603	0.41635656
2604	0.41621250
2605	0.41647485
2606	0.41580731
2607	0.41602078
2608	0.41641212
2609	0.41709116
2610	0.41705993
2611	0.41778791
2612	0.41864738
2613	0.42094183
2614	0.42211583
2615	0.42325413
2616	0.42449227
2617	0.42358515
2618	0.42478350
2619	0.42611912
2620	0.42768294
2621	0.42949903
2622	0.43172875
2623	0.43409333
2624	0.43602127
2625	0.43782136
2626	0.43773773
2627	0.43970779
2628	0.44095501
2629	0.44192457
2630	0.44268247
2631	0.44649723
2632	0.44549572
2633	0.44593006
2634	0.44611874
2635	0.44582909
2636	0.44564441
2637	0.44491890
2638	0.44445497
2639	0.44375771
2640	0.44286719
2641	0.44132710
2642	0.44005808
2643	0.43858251
2644	0.43691784
2645	0.43508881
2646	0.43311331
2647	0.43101817
2648	0.42961499
2649	0.42747685
2650	0.42461309
2651	0.42327482
2652	0.42067426
2653	0.42012617
2654	0.41830987
2655	0.41669419
2656	0.41510856
2657	0.41225943
2658	0.41115302
2659	0.41011807
2660	0.40927026
2661	0.40861937
2662	0.40804169
2663	0.40756419
2664	0.40730104
2665	0.40694204
2666	0.40659201
2667	0.40679958
2668	0.40692392
2669	0.40691701
2670	0.40647331
2671	0.40569291
2672	0.40460181
2673	0.40302074
2674	0.40104255
2675	0.39891958
2676	0.39657050
2677	0.39414927
2678	0.39140233
2679	0.39109820
2680	0.39087903
2681	0.38898009
2682	0.38738453
2683	0.38504475
2684	0.38308212
2685	0.38058183
2686	0.37861967
2687	0.37668592
2688	0.37581444
2689	0.37530139
2690	0.37526160
2691	0.37531602
2692	0.37668693
2693	0.37659389
2694	0.37680036
2695	0.37715846
2696	0.37722605
2697	0.37715894
2698	0.37743673
2699	0.37741640
2700	0.37743166
2701	0.37760285
2702	0.37786308
2703	0.37815818
2704	0.37839797
2705	0.37821329
2706	0.37853083
2707	0.37875506
2708	0.37904716
2709	0.37977964
2710	0.38130540
2711	0.38060549
2712	0.38099280
2713	0.38145375
2714	0.38201815
2715	0.38294095
2716	0.38376233
2717	0.38456464
2718	0.38545313
2719	0.38639808
2720	0.38573256
2721	0.38742158
2722	0.38866699
2723	0.38998669
2724	0.39124730
2725	0.39233932
2726	0.39317995
2727	0.39396009
2728	0.39470342
2729	0.39520106
2730	0.39576650
2731	0.39617890
2732	0.39650837
2733	0.39665085
2734	0.39664710
2735	0.39660048
2736	0.39671391
2737	0.39673328
2738	0.39687255
2739	0.39704153
2740	0.39746538
2741	0.39806995
2742	0.39894715
2743	0.39916834
2744	0.39954546
2745	0.40053406
2746	0.40173349
2747	0.40308696
2748	0.40624279
2749	0.40780845
2750	0.40948224
2751	0.41125911
2752	0.41313297
2753	0.41517836
2754	0.41621727
2755	0.41859469
2756	0.42106187
2757	0.42366368
2758	0.42611048
2759	0.42756400
2760	0.42986384
2761	0.43190366
2762	0.43377963
2763	0.43555486
2764	0.43688476
2765	0.43853810
2766	0.44114858
2767	0.44256982
2768	0.44343540
2769	0.44278586
2770	0.44450271
2771	0.44501582
2772	0.44530216
2773	0.44544947
2774	0.44540161
2775	0.44467729
2776	0.44422272
2777	0.44352242
2778	0.44262591
2779	0.44149539
2780	0.44013423
2781	0.43947464
2782	0.43780559
2783	0.43593693
2784	0.43400458
2785	0.43180501
2786	0.42989251
2787	0.42759636
2788	0.42650002
2789	0.42441884
2790	0.42256996
2791	0.42073759
2792	0.41729119
2793	0.41660732
2794	0.41577432
2795	0.41541040
2796	0.41530904
2797	0.41564775
2798	0.41645646
2799	0.41771188
2800	0.41932836
2801	0.42106652
2802	0.42281300
2803	0.42427686
2804	0.42504728
2805	0.42553976
2806	0.42552841
2807	0.42526007
2808	0.42456946
2809	0.42368576
2810	0.42219058
2811	0.42078638
2812	0.42165437
2813	0.42080715
2814	0.42030290
2815	0.41877002
2816	0.41719005
2817	0.41578934
2818	0.41394049
2819	0.41277951
2820	0.41057530
2821	0.40956250
2822	0.40919778
2823	0.40889630
2824	0.40896851
2825	0.40962926
2826	0.41000786
2827	0.41037002
2828	0.41138464
2829	0.41189954
2830	0.41187692
2831	0.41182914
2832	0.41178715
2833	0.41182551
2834	0.41199240
2835	0.41198844
2836	0.41205186
2837	0.41236135
2838	0.41270864
2839	0.41293883
2840	0.41324869
2841	0.41374248
2842	0.41420868
2843	0.41460165
2844	0.41508645
2845	0.41562328
2846	0.41602290
2847	0.41691729
2848	0.41761467
2849	0.41827559
2850	0.41881570
2851	0.41948652
2852	0.42032489
2853	0.42067122
2854	0.42156971
2855	0.42104691
2856	0.42246729
2857	0.42331678
2858	0.42396128
2859	0.42443663
2860	0.42504287
2861	0.42543626
2862	0.42592123
2863	0.42638314
2864	0.42657045
2865	0.42677209
2866	0.42686427
2867	0.42687169
2868	0.42675167
2869	0.42713413
2870	0.42728850
2871	0.42720538
2872	0.42734081
2873	0.42750868
2874	0.42777327
2875	0.42798004
2876	0.42868534
2877	0.42913294
2878	0.42953104
2879	0.43019566
2880	0.43090785
2881	0.43167156
2882	0.43260062
2883	0.43360710
2884	0.43475601
2885	0.43613654
2886	0.43762931
2887	0.43910629
2888	0.43921620
2889	0.44175881
2890	0.44339371
2891	0.44482973
2892	0.44470644
2893	0.44614151
2894	0.44711033
2895	0.44781369
2896	0.44808301
2897	0.44884327
2898	0.44895747
2899	0.44900844
2900	0.44884014
2901	0.44978002
2902	0.44860756
2903	0.44774842
2904	0.44668776
2905	0.44538948
2906	0.44386750
2907	0.44211498
2908	0.43971023
2909	0.43755758
2910	0.43518648
2911	0.43260348
2912	0.42985252
2913	0.42764914
2914	0.42463171
2915	0.42139739
2916	0.41802201
2917	0.41379312
2918	0.41042528
2919	0.40845975
2920	0.40522686
2921	0.40209478
2922	0.39925632
2923	0.39506176
2924	0.39306584
2925	0.39149684
2926	0.39046183
2927	0.39003360
2928	0.38990685
2929	0.39035371
2930	0.39124262
2931	0.39248276
2932	0.39387238
2933	0.39521065
2934	0.39626884
2935	0.39679581
2936	0.39655641
2937	0.39553499
2938	0.39398775
2939	0.39193901
2940	0.38956603
2941	0.38713086
2942	0.38464141
2943	0.38190952
2944	0.37935305
2945	0.37957823
2946	0.37882507
2947	0.37692517
2948	0.37509733
2949	0.37235424
2950	0.37031293
2951	0.36842263
2952	0.36622593
2953	0.36433777
2954	0.36311620
2955	0.36236989
2956	0.36205035
2957	0.36325595
2958	0.36360812
2959	0.36411059
2960	0.36459154
2961	0.36511090
2962	0.36526713
2963	0.36556706
2964	0.36542824
2965	0.36529654
2966	0.36530769
2967	0.36544117
2968	0.36512592
2969	0.36532053
2970	0.36553642
2971	0.36576456
2972	0.36624780
2973	0.36651742
2974	0.36671257
2975	0.36832288
2976	0.36858004
2977	0.36812845
2978	0.36883965
2979	0.36971420
2980	0.37005001
2981	0.37047222
2982	0.37127635
2983	0.37203872
2984	0.37286249
2985	0.37384281
2986	0.37401155
2987	0.37538266
2988	0.37690023
2989	0.37844262
2990	0.37985638
2991	0.38098842
2992	0.38193342
2993	0.38280073
2994	0.38368988
2995	0.38478050
2996	0.38585132
2997	0.38684693
2998	0.38770598
2999	0.38852492
3000	0.38942626
3001	0.39034468
3002	0.39136830
3003	0.39265728
3004	0.39407921
3005	0.39558879
3006	0.39705920
3007	0.39879361
3008	0.40066469
3009	0.40258637
3010	0.40442777
3011	0.40599781
3012	0.40959370
3013	0.41178644
3014	0.41390404
3015	0.41580105
3016	0.41773909
3017	0.41968894
3018	0.42177671
3019	0.42397293
3020	0.42633277
3021	0.42890501
3022	0.43145365
3023	0.43269742
3024	0.43517861
3025	0.43754807
3026	0.43873593
3027	0.44074744
3028	0.44248337
3029	0.44396701
3030	0.44424918
3031	0.44631466
3032	0.44709072
3033	0.44760519
3034	0.44791552
3035	0.44888467
3036	0.44865274
3037	0.44806924
3038	0.44725817
3039	0.44631115
3040	0.44506517
3041	0.44322604
3042	0.44090506
3043	0.43860123
3044	0.43560192
3045	0.43269390
3046	0.42957276
3047	0.42618340
3048	0.42321134
3049	0.41953620
3050	0.41561809
3051	0.41151518
3052	0.40682232
3053	0.40277508
3054	0.40020022
3055	0.39684826
3056	0.39389580
3057	0.39089873
3058	0.38703662
3059	0.38542691
3060	0.38441381
3061	0.38397461
3062	0.38387102
3063	0.38439879
3064	0.38549298
3065	0.38685420
3066	0.38839450
3067	0.38980672
3068	0.39037144
3069	0.39065975
3070	0.39058751
3071	0.38994858
3072	0.38877562
3073	0.38729089
3074	0.38561830
3075	0.38352224
3076	0.38103500
3077	0.38075960
3078	0.38033703
3079	0.37849343
3080	0.37663475
3081	0.37442717
3082	0.37259710
3083	0.37043077
3084	0.36816967
3085	0.36795187
3086	0.36679029
3087	0.36655205
3088	0.36648828
3089	0.36676496
3090	0.36775118
3091	0.36828086
3092	0.36874470
3093	0.36913022
3094	0.36937052
3095	0.36940295
3096	0.36938345
3097	0.36888835
3098	0.36905026
3099	0.36925459
3100	0.36954778
3101	0.37034917
3102	0.37056899
3103	0.37097269
3104	0.37134019
3105	0.37165400
3106	0.37194237
3107	0.37373951
3108	0.37412298
3109	0.37456584
3110	0.37401354
3111	0.37392908
3112	0.37503508
3113	0.37582481
3114	0.37654531
3115	0.37714016
3116	0.37792051
3117	0.37877187
3118	0.37934363
3119	0.38026285
3120	0.38123932
3121	0.38207710
3122	0.38280547
3123	0.38333622
3124	0.38379946
3125	0.38437071
3126	0.38472059
3127	0.38517001
3128	0.38563085
3129	0.38589576
3130	0.38601258
3131	0.38626391
3132	0.38593420
3133	0.38582096
3134	0.38644037
3135	0.38678291
3136	0.38709041
3137	0.38766471
3138	0.38840902
3139	0.38930964
3140	0.39025819
3141	0.39163810
3142	0.39279291
3143	0.39413685
3144	0.39551175
3145	0.39690882
3146	0.39836606
3147	0.39982259
3148	0.40135995
3149	0.40302417
3150	0.40500399
3151	0.40709707
3152	0.40932733
3153	0.41161770
3154	0.41369581
3155	0.41423512
3156	0.41726369
3157	0.41930118
3158	0.42110354
3159	0.42150468
3160	0.42295268
3161	0.42411876
3162	0.42470124
3163	0.42572320
3164	0.42626074
3165	0.42647046
3166	0.42642280
3167	0.42610103
3168	0.42552227
3169	0.42588219
3170	0.42476088
3171	0.42379791
3172	0.42222258
3173	0.42027065
3174	0.41800302
3175	0.41536385
3176	0.41191626
3177	0.40899190
3178	0.40588436
3179	0.40265545
3180	0.39927977
3181	0.39661869
3182	0.39311501
3183	0.38957214
3184	0.38588211
3185	0.38289109
3186	0.37986064
3187	0.37684104
3188	0.37400049
3189	0.36991045
3190	0.36742416
3191	0.36602104
3192	0.36486110
3193	0.36562914
3194	0.36547652
3195	0.36576048
3196	0.36639732
3197	0.36658114
3198	0.36769122
3199	0.36847869
3200	0.36883679
3201	0.36860633
3202	0.36784029
3203	0.36666483
3204	0.36507300
3205	0.36282015
3206	0.36075905
3207	0.35845682
3208	0.35821259
3209	0.35823533
3210	0.35610765
3211	0.35405672
3212	0.35095170
3213	0.34904149
3214	0.34711596
3215	0.34535101
3216	0.34460092
3217	0.34405813
3218	0.34386018
3219	0.34404433
3220	0.34509426
3221	0.34530523
3222	0.34595594
3223	0.34608740
3224	0.34617805
3225	0.34619737
3226	0.34608477
3227	0.34581912
3228	0.34570453
3229	0.34512925
3230	0.34534132
3231	0.34580490
3232	0.34607872
3233	0.34630173
3234	0.34661943
3235	0.34690908
3236	0.34727412
3237	0.34767839
3238	0.34799719
3239	0.34997156
3240	0.34886071
3241	0.34961188
3242	0.35030758
3243	0.35091498
3244	0.35227051
3245	0.35327056
3246	0.35418418
3247	0.35507977
3248	0.35516384
3249	0.35671401
3250	0.35792795
3251	0.35929286
3252	0.36081621
3253	0.36241627
3254	0.36403751
3255	0.36557803
3256	0.36721635
3257	0.36887404
3258	0.37060475
3259	0.37233505
3260	0.37415519
3261	0.37578252
3262	0.37740138
3263	0.37897080
3264	0.38041720
3265	0.38195622
3266	0.38355181
3267	0.38494381
3268	0.38647142
3269	0.38812584
3270	0.38986427
3271	0.39208901
3272	0.39412150
3273	0.39597955
3274	0.39822721
3275	0.40005365
3276	0.40189216
3277	0.40370238
3278	0.40544438
3279	0.40726262
3280	0.40911883
3281	0.41118824
3282	0.41344979
3283	0.41594264
3284	0.41849184
3285	0.42120278
3286	0.42393816
3287	0.42669219
3288	0.42906654
3289	0.43034047
3290	0.43243980
3291	0.43321565
3292	0.43492121
3293	0.43630913
3294	0.43707523
3295	0.43830889
3296	0.43887031
3297	0.43919235
3298	0.43919206
3299	0.44024062
3300	0.43958279
3301	0.43876860
3302	0.43760031
3303	0.43661770
3304	0.43499902
3305	0.43298537
3306	0.43022603
3307	0.42725000
3308	0.42443457
3309	0.42136410
3310	0.41804558
3311	0.41456103
3312	0.41167894
3313	0.40790758
3314	0.40399939
3315	0.40005794
3316	0.39591390
3317	0.39274511
3318	0.38951260
3319	0.38611192
3320	0.38292369
3321	0.37871125
3322	0.37596470
3323	0.37413695
3324	0.37272033
3325	0.37166792
3326	0.37114307
3327	0.37107861
3328	0.37135452
3329	0.37176979
3330	0.37219706
3331	0.37244016
3332	0.37226656
3333	0.37152550
3334	0.37027004
3335	0.36805519
3336	0.36577481
3337	0.36329082
3338	0.36077234
3339	0.35792014
3340	0.35484114
3341	0.35386536
3342	0.35331255
3343	0.35159639
3344	0.34991965
3345	0.34767905
3346	0.34551191
3347	0.34317771
3348	0.34098923
3349	0.33903393
3350	0.33776909
3351	0.33712712
3352	0.33713490
3353	0.33871201
3354	0.33875293
3355	0.33940306
3356	0.33958441
3357	0.33980423
3358	0.33999565
3359	0.34009883
3360	0.34012407
3361	0.34029928
3362	0.34001321
3363	0.34080163
3364	0.34124646
3365	0.34189886
3366	0.34233946
3367	0.34284633
3368	0.34329188
3369	0.34367135
3370	0.34393620
3371	0.34569550
3372	0.34423229
3373	0.34482953
3374	0.34506911
3375	0.34565842
3376	0.34647954
3377	0.34798488
3378	0.34855840
3379	0.34960380
3380	0.35043442
3381	0.35033166
3382	0.35129705
3383	0.35249007
3384	0.35379776
3385	0.35495946
3386	0.35573125
3387	0.35628083
3388	0.35668501
3389	0.35694492
3390	0.35719013
3391	0.35748765
3392	0.35766071
3393	0.35765666
3394	0.35748962
3395	0.35719496
3396	0.35709205
3397	0.35682932
3398	0.35678211
3399	0.35698295
3400	0.35762224
3401	0.35759276
3402	0.35847628
3403	0.35947192
3404	0.36072078
3405	0.36134693
3406	0.36284277
3407	0.36443433
3408	0.36617506
3409	0.36958423
3410	0.37173420
3411	0.37375742
3412	0.37578481
3413	0.37778902
3414	0.37981561
3415	0.38196182
3416	0.38437030
3417	0.38694441
3418	0.38959387
3419	0.39213914
3420	0.39425495
3421	0.39623344
3422	0.39864627
3423	0.40088913
3424	0.40180001
3425	0.40371937
3426	0.40449926
3427	0.40580770
3428	0.40794274
3429	0.41029298
3430	0.41145980
3431	0.41234180
3432	0.41234291
3433	0.41123170
3434	0.41120318
3435	0.41094252
3436	0.41183901
3437	0.41121572
3438	0.41073734
3439	0.40936890
3440	0.40822324
3441	0.40647820
3442	0.40507549
3443	0.40351433
3444	0.40187654
3445	0.40015167
3446	0.39835367
3447	0.39739272
3448	0.39549389
3449	0.39357021
3450	0.39114416
3451	0.39054081
3452	0.38922238
3453	0.38825506
3454	0.38712814
3455	0.38652983
3456	0.38484928
3457	0.38539907
3458	0.38605380
3459	0.38709176
3460	0.38869160
3461	0.39065090
3462	0.39275029
3463	0.39497373
3464	0.39704850
3465	0.39864925
3466	0.39972523
3467	0.40007532
3468	0.39969334
3469	0.39832884
3470	0.39631239
3471	0.39468819
3472	0.39340335
3473	0.39069840
3474	0.38848689
3475	0.38974828
3476	0.38873070
3477	0.38868877
3478	0.38679704
3479	0.38508058
3480	0.38362148
3481	0.38235253
3482	0.37985557
3483	0.37830350
3484	0.37739670
3485	0.37700245
3486	0.37728250
3487	0.37778169
3488	0.37862885
3489	0.37926054
3490	0.37973604
3491	0.38009757
3492	0.38105083
3493	0.38097617
3494	0.38052776
3495	0.38053772
3496	0.38065577
3497	0.38077769
3498	0.38101649
3499	0.38153613
3500	0.38196510
3501	0.38231719
3502	0.38255277
3503	0.38283014
3504	0.38317180
3505	0.38660651
3506	0.38477349
3507	0.38414437
3508	0.38475704
3509	0.38435712
3510	0.38611314
3511	0.38666135
3512	0.38741392
3513	0.38805041
3514	0.38898519
3515	0.38838604
3516	0.38957626
3517	0.39071050
3518	0.39188018
3519	0.39287519
3520	0.39379099
3521	0.39460331
3522	0.39541668
3523	0.39624727
3524	0.39693388
3525	0.39766762
3526	0.39828688
3527	0.39860788
3528	0.39882681
3529	0.39886764
3530	0.39889911
3531	0.39890698
3532	0.39895949
3533	0.39986941
3534	0.40020898
3535	0.40056577
3536	0.40105397
3537	0.40173617
3538	0.40244377
3539	0.40362725
3540	0.40440047
3541	0.40521792
3542	0.40605459
3543	0.40699002
3544	0.40793157
3545	0.40909070
3546	0.41044107
3547	0.41201073
3548	0.41392481
3549	0.41611132
3550	0.41853574
3551	0.42078751
3552	0.42330319
3553	0.42556521
3554	0.42735597
3555	0.42923173
3556	0.43088442
3557	0.43064660
3558	0.43201283
3559	0.43276221
3560	0.43395928
3561	0.43463472
3562	0.43514442
3563	0.43537268
3564	0.43539897
3565	0.43680316
3566	0.43657210
3567	0.43594375
3568	0.43481439
3569	0.43392023
3570	0.43264198
3571	0.43071297
3572	0.42906383
3573	0.42679700
3574	0.42523330
3575	0.42271188
3576	0.42118216
3577	0.41799799
3578	0.41548732
3579	0.41294697
3580	0.41035092
3581	0.40788615
3582	0.40533099
3583	0.40437824
3584	0.40261781
3585	0.40101448
3586	0.39992189
3587	0.39942193
3588	0.39785901
3589	0.39882109
3590	0.39970547
3591	0.40135539
3592	0.40350679
3593	0.40649799
3594	0.40841579
3595	0.41002816
3596	0.41090551
3597	0.41116488
3598	0.41060671
3599	0.40934178
3600	0.40712455
3601	0.40486756
3602	0.40223584
3603	0.39927039
3604	0.39628229
3605	0.39579725
3606	0.39490709
3607	0.39414942
3608	0.39275941
3609	0.39072186
3610	0.38913426
3611	0.38758653
3612	0.38582194
3613	0.38426533
3614	0.38332537
3615	0.38280389
3616	0.38315374
3617	0.38332897
3618	0.38386989
3619	0.38465533
3620	0.38513586
3621	0.38553822
3622	0.38574135
3623	0.38649595
3624	0.38638911
3625	0.38631633
3626	0.38586351
3627	0.38595530
3628	0.38612285
3629	0.38634983
3630	0.38658091
3631	0.38707861
3632	0.38747874
3633	0.38769111
3634	0.38802034
3635	0.38961133
3636	0.38986212
3637	0.38915065
3638	0.38954222
3639	0.38998151
3640	0.39090443
3641	0.39182702
3642	0.39261809
3643	0.39349610
3644	0.39414001
3645	0.39428130
3646	0.39467999
3647	0.39576113
3648	0.39689279
3649	0.39807418
3650	0.39910942
3651	0.40001473
3652	0.40077317
3653	0.40149525
3654	0.40224755
3655	0.40300724
3656	0.40372980
3657	0.40452239
3658	0.40518057
3659	0.40580964
3660	0.40628591
3661	0.40676829
3662	0.40736455
3663	0.40801734
3664	0.40891936
3665	0.40981218
3666	0.41070789
3667	0.41183600
3668	0.41383672
3669	0.41543081
3670	0.41673166
3671	0.41795889
3672	0.41930494
3673	0.42068020
3674	0.42205262
3675	0.42341039
3676	0.42499152
3677	0.42681253
3678	0.42883903
3679	0.43116853
3680	0.43362588
3681	0.43613535
3682	0.43852937
3683	0.44069183
3684	0.44296446
3685	0.44384891
3686	0.44565454
3687	0.44603333
3688	0.44759086
3689	0.44874644
3690	0.44935524
3691	0.45043287
3692	0.45106801
3693	0.45135280
3694	0.45150086
3695	0.45248395
3696	0.45219547
3697	0.45160526
3698	0.45082161
3699	0.44983119
3700	0.44902620
3701	0.44759330
3702	0.44549632
3703	0.44359666
3704	0.44105327
3705	0.43872276
3706	0.43670416
3707	0.43391928
3708	0.43141806
3709	0.42855349
3710	0.42542365
3711	0.42144006
3712	0.41831514
3713	0.41501391
3714	0.41272628
3715	0.41061568
3716	0.40796912
3717	0.40566486
3718	0.40359703
3719	0.40037966
3720	0.39923632
3721	0.39844659
3722	0.39794937
3723	0.39689729
3724	0.39729625
3725	0.39812839
3726	0.39888063
3727	0.39910597
3728	0.39898998
3729	0.39822343
3730	0.39673987
3731	0.39467585
3732	0.39199990
3733	0.38903821
3734	0.38545164
3735	0.38192934
3736	0.38130996
3737	0.37999055
3738	0.37804851
3739	0.37691310
3740	0.37487283
3741	0.37284210
3742	0.37068218
3743	0.36853522
3744	0.36752194
3745	0.36665103
3746	0.36697567
3747	0.36665261
3748	0.36696881
3749	0.36740389
3750	0.36785308
3751	0.36855850
3752	0.36875111
3753	0.36877540
3754	0.36871111
3755	0.36868161
3756	0.36871341
3757	0.36864218
3758	0.36858553
3759	0.36896223
3760	0.36928552
3761	0.36984724
3762	0.37055090
3763	0.37080738
3764	0.37129512
3765	0.37157664
3766	0.37209180
3767	0.37393421
3768	0.37335500
3769	0.37390214
3770	0.37450290
3771	0.37419921
3772	0.37609357
3773	0.37675956
3774	0.37768015
3775	0.37854937
3776	0.37999880
3777	0.37995723
3778	0.38107276
3779	0.38229799
3780	0.38340509
3781	0.38434574
3782	0.38510826
3783	0.38580793
3784	0.38654095
3785	0.38711390
3786	0.38758621
3787	0.38779771
3788	0.38782856
3789	0.38755643
3790	0.38713682
3791	0.38654566
3792	0.38592252
3793	0.38530314
3794	0.38482022
3795	0.38467091
3796	0.38475177
3797	0.38513312
3798	0.38571638
3799	0.38654274
3800	0.38707668
3801	0.38827741
3802	0.38974267
3803	0.39137235
3804	0.39449242
3805	0.39697108
3806	0.39908108
3807	0.40117902
3808	0.40344688
3809	0.40598431
3810	0.40882120
3811	0.40963426
3812	0.41275075
3813	0.41602683
3814	0.41922906
3815	0.42244372
3816	0.42604375
3817	0.42910621
3818	0.43179590
3819	0.43435436
3820	0.43573755
3821	0.43717787
3822	0.43989205
3823	0.44164738
3824	0.44316438
3825	0.44628155
3826	0.44549885
3827	0.44715050
3828	0.44774705
3829	0.44795349
3830	0.44838625
3831	0.44762525
3832	0.44665331
3833	0.44562387
3834	0.44432083
3835	0.44267574
3836	0.44074756
3837	0.43874452
3838	0.43615970
3839	0.43360838
3840	0.43042815
3841	0.42688489
3842	0.42286551
3843	0.41904911
3844	0.41478562
3845	0.41159907
3846	0.40764454
3847	0.40381691
3848	0.39856490
3849	0.39594916
3850	0.39362660
3851	0.39198211
3852	0.39101735
3853	0.39071938
3854	0.39079916
3855	0.39226016
3856	0.39300051
3857	0.39387795
3858	0.39428005
3859	0.39448845
3860	0.39441723
3861	0.39378640
3862	0.39266455
3863	0.39104536
3864	0.38900447
3865	0.38662797
3866	0.38370544
3867	0.38172865
3868	0.38212666
3869	0.38049662
3870	0.37890977
3871	0.37684783
3872	0.37501964
3873	0.37286675
3874	0.37063015
3875	0.36908939
3876	0.36857098
3877	0.36798659
3878	0.36745492
3879	0.36845848
3880	0.36839408
3881	0.36880922
3882	0.36914662
3883	0.36940366
3884	0.36988616
3885	0.36977628
3886	0.36962190
3887	0.36951455
3888	0.36947840
3889	0.36956978
3890	0.36970776
3891	0.36995292
3892	0.37031111
3893	0.37070248
3894	0.37115404
3895	0.37288871
3896	0.37329188
3897	0.37370640
3898	0.37421298
3899	0.37377602
3900	0.37440592
3901	0.37521246
3902	0.37627187
3903	0.37707028
3904	0.37802714
3905	0.37915152
3906	0.38004404
3907	0.38061801
3908	0.38124400
3909	0.38270238
3910	0.38428399
3911	0.38591391
3912	0.38735247
3913	0.38860142
3914	0.38960478
3915	0.39051744
3916	0.39149639
3917	0.39240515
3918	0.39345962
3919	0.39441276
3920	0.39510635
3921	0.39590314
3922	0.39645135
3923	0.39701965
3924	0.39785263
3925	0.39858624
3926	0.39975163
3927	0.40123188
3928	0.40323967
3929	0.40547329
3930	0.40783384
3931	0.40972474
3932	0.41235286
3933	0.41526288
3934	0.41841727
3935	0.42156741
3936	0.42645249
3937	0.42997047
3938	0.43330872
3939	0.43657017
3940	0.43991324
3941	0.44334865
3942	0.44694388
3943	0.45062184
3944	0.45423648
3945	0.45742923
3946	0.45969072
3947	0.46314549
3948	0.46686363
3949	0.46995723
3950	0.47257230
3951	0.47368905
3952	0.47516286
3953	0.47777778
3954	0.47913557
3955	0.48013866
3956	0.48086199
3957	0.48122907
3958	0.48156813
3959	0.48175120
3960	0.48105529
3961	0.47998542
3962	0.47856209
3963	0.47679129
3964	0.47421664
3965	0.47173986
3966	0.46895611
3967	0.46588862
3968	0.46252364
3969	0.45978507
3970	0.45608559
3971	0.45223129
3972	0.44833329
3973	0.44433230
3974	0.44083086
3975	0.43718305
3976	0.43407398
3977	0.43189308
3978	0.42940268
3979	0.42727038
3980	0.42537913
3981	0.42255658
3982	0.42187956
3983	0.42159513
3984	0.42161456
3985	0.42213020
3986	0.42286751
3987	0.42391625
3988	0.42499468
3989	0.42615274
3990	0.42692849
3991	0.42727390
3992	0.42717716
3993	0.42652899
3994	0.42535925
3995	0.42380026
3996	0.42207715
3997	0.42011151
3998	0.41765207
3999	0.41596124
4000	0.41729346
4001	0.41587391
4002	0.41456246
4003	0.41264462
4004	0.41064486
4005	0.40894017
4006	0.40728569
4007	0.40569267
4008	0.40434301
4009	0.40340832
4010	0.40437156
4011	0.40388182
4012	0.40397292
4013	0.40434444
4014	0.40473118
4015	0.40520877
4016	0.40541983
4017	0.40536946
4018	0.40528527
4019	0.40553352
4020	0.40544304
4021	0.40546376
4022	0.40556473
4023	0.40568042
4024	0.40584710
4025	0.40567961
4026	0.40587994
4027	0.40611422
4028	0.40630725
4029	0.40649983
4030	0.40723151
4031	0.40746155
4032	0.40798250
4033	0.40921858
4034	0.41038138
4035	0.41027653
4036	0.41109926
4037	0.41186923
4038	0.41256848
4039	0.41338804
4040	0.41432866
4041	0.41531584
4042	0.41640931
4043	0.41751349
4044	0.41852921
4045	0.41774312
4046	0.41883633
4047	0.41936010
4048	0.41988489
4049	0.42020261
4050	0.42070425
4051	0.42101744
4052	0.42120671
4053	0.42123821
4054	0.42109883
4055	0.42141896
4056	0.42151374
4057	0.42175668
4058	0.42227143
4059	0.42293197
4060	0.42366573
4061	0.42500040
4062	0.42639744
4063	0.42815846
4064	0.42946690
4065	0.43120533
4066	0.43322653
4067	0.43535843
4068	0.43749318
4069	0.43969509
4070	0.44348177
4071	0.44581527
4072	0.44808471
4073	0.45037252
4074	0.45283234
4075	0.45540524
4076	0.45813930
4077	0.45945320
4078	0.46192443
4079	0.46428958
4080	0.46532533
4081	0.46711683
4082	0.46857882
4083	0.46981812
4084	0.47074658
4085	0.47133961
4086	0.47164491
4087	0.47168624
4088	0.47143024
4089	0.47091949
4090	0.47099963
4091	0.46993074
4092	0.46861848
4093	0.46700931
4094	0.46519208
4095	0.46267095
4096	0.46036908
4097	0.45788521
4098	0.45524383
4099	0.45241323
4100	0.45026883
4101	0.44740421
4102	0.44452605
4103	0.44161102
4104	0.43802541
4105	0.43606207
4106	0.43346941
4107	0.43097755
4108	0.42958105
4109	0.42753524
4110	0.42563194
4111	0.42385548
4112	0.42084712
4113	0.41960979
4114	0.41864038
4115	0.41786698
4116	0.41756505
4117	0.41747582
4118	0.41754520
4119	0.41798645
4120	0.41894376
4121	0.41997901
4122	0.42098147
4123	0.42155114
4124	0.42257401
4125	0.42162699
4126	0.42067274
4127	0.41915104
4128	0.41738960
4129	0.41530529
4130	0.41311103
4131	0.41059777
4132	0.40885389
4133	0.41011912
4134	0.40871838
4135	0.40756792
4136	0.40565237
4137	0.40338695
4138	0.40104797
4139	0.39937478
4140	0.39744785
4141	0.39599332
4142	0.39484739
4143	0.39425150
4144	0.39436746
4145	0.39610866
4146	0.39616695
4147	0.39649540
4148	0.39688703
4149	0.39719257
4150	0.39716041
4151	0.39700273
4152	0.39687496
4153	0.39713666
4154	0.39711034
4155	0.39713794
4156	0.39723307
4157	0.39735228
4158	0.39752614
4159	0.39739510
4160	0.39740962
4161	0.39753821
4162	0.39786422
4163	0.39828318
4164	0.39841646
4165	0.39882752
4166	0.39958978
4167	0.40054199
4168	0.40124205
4169	0.40153372
4170	0.40216619
4171	0.40281329
4172	0.40354466
4173	0.40438899
4174	0.40523529
4175	0.40624699
4176	0.40723652
4177	0.40809521
4178	0.40707728
4179	0.40824044
4180	0.40879574
4181	0.40933362
4182	0.40989551
4183	0.41044280
4184	0.41094059
4185	0.41125658
4186	0.41147038
4187	0.41184735
4188	0.41211084
4189	0.41233903
4190	0.41278023
4191	0.41303012
4192	0.41371912
4193	0.41460949
4194	0.41561243
4195	0.41689020
4196	0.41780335
4197	0.41889212
4198	0.42034182
4199	0.42188671
4200	0.42509115
4201	0.42683890
4202	0.42855006
4203	0.42844689
4204	0.43014911
4205	0.43192148
4206	0.43379381
4207	0.43577585
4208	0.43796381
4209	0.44030446
4210	0.44272447
4211	0.44574520
4212	0.44801208
4213	0.45005366
4214	0.45006284
4215	0.45258287
4216	0.45406222
4217	0.45497501
4218	0.45626417
4219	0.45712456
4220	0.45771667
4221	0.45811456
4222	0.45834854
4223	0.45943418
4224	0.45868328
4225	0.45834571
4226	0.45763710
4227	0.45667461
4228	0.45548305
4229	0.45404601
4230	0.45241094
4231	0.45009819
4232	0.44805491
4233	0.44581342
4234	0.44335705
4235	0.44152632
4236	0.43877530
4237	0.43582013
4238	0.43251753
4239	0.42959225
4240	0.42640951
4241	0.42403123
4242	0.42076555
4243	0.41767502
4244	0.41482157
4245	0.41068918
4246	0.40866944
4247	0.40705884
4248	0.40609252
4249	0.40566581
4250	0.40576524
4251	0.40641591
4252	0.40756583
4253	0.40898287
4254	0.41067007
4255	0.41215196
4256	0.41334382
4257	0.41417176
4258	0.41448671
4259	0.41415817
4260	0.41310948
4261	0.41153222
4262	0.40951762
4263	0.40721673
4264	0.40472439
4265	0.40176731
4266	0.40009525
4267	0.40033358
4268	0.39870727
4269	0.39727268
4270	0.39522430
4271	0.39356047
4272	0.39158225
4273	0.38925391
4274	0.38776976
4275	0.38693255
4276	0.38646421
4277	0.38657510
4278	0.38776636
4279	0.38811022
4280	0.38872892
4281	0.38941845
4282	0.38979876
4283	0.38996989
4284	0.39004561
4285	0.39039680
4286	0.39037576
4287	0.39043754
4288	0.39056146
4289	0.39070675
4290	0.39091802
4291	0.39097887
4292	0.39091128
4293	0.39114183
4294	0.39137566
4295	0.39174694
4296	0.39203325
4297	0.39260367
4298	0.39340049
4299	0.39381698
4300	0.39430201
4301	0.39491522
4302	0.39570877
4303	0.39627558
4304	0.39714903
4305	0.39789996
4306	0.39883456
4307	0.40007880
4308	0.40113211
4309	0.40092087
4310	0.40245426
4311	0.40369371
4312	0.40492511
4313	0.40606147
4314	0.40718856
4315	0.40823719
4316	0.40917581
4317	0.41020009
4318	0.41111535
4319	0.41199842
4320	0.41251162
4321	0.41302413
4322	0.41353604
4323	0.41446379
4324	0.41438505
4325	0.41485158
4326	0.41616759
4327	0.41685942
4328	0.41753078
4329	0.41840118
4330	0.41944805
4331	0.42039028
4332	0.42190382
4333	0.42303199
4334	0.42415237
4335	0.42521894
4336	0.42631102
4337	0.42748469
4338	0.42876935
4339	0.43025339
4340	0.43191966
4341	0.43389943
4342	0.43616596
4343	0.43714496
4344	0.43957806
4345	0.44225812
4346	0.44497439
4347	0.44722456
4348	0.44924536
4349	0.45017388
4350	0.45184264
4351	0.45317820
4352	0.45438787
4353	0.45529252
4354	0.45597929
4355	0.45635054
4356	0.45641050
4357	0.45733970
4358	0.45677832
4359	0.45594719
4360	0.45482895
4361	0.45338690
4362	0.45163393
4363	0.44948685
4364	0.44709092
4365	0.44436607
4366	0.44093415
4367	0.43768728
4368	0.43421495
4369	0.43137297
4370	0.42763543
4371	0.42380553
4372	0.41918015
4373	0.41560638
4374	0.41198027
4375	0.41020024
4376	0.40712079
4377	0.40450877
4378	0.40232724
4379	0.39882976
4380	0.39767066
4381	0.39695790
4382	0.39671829
4383	0.39681897
4384	0.39652079
4385	0.39741743
4386	0.39863265
4387	0.39975408
4388	0.40043238
4389	0.40037870
4390	0.39959273
4391	0.39791703
4392	0.39539629
4393	0.39217821
4394	0.38874164
4395	0.38503367
4396	0.38122723
4397	0.37732518
4398	0.37352172
4399	0.37219384
4400	0.37111667
4401	0.36966023
4402	0.36832005
4403	0.36655846
4404	0.36437538
4405	0.36275735
4406	0.36097804
4407	0.35959834
4408	0.35878345
4409	0.35862061
4410	0.35888681
4411	0.36040354
4412	0.36046699
4413	0.36085516
4414	0.36121923
4415	0.36179018
4416	0.36220741
4417	0.36228025
4418	0.36222678
4419	0.36217037
4420	0.36220750
4421	0.36229873
4422	0.36201501
4423	0.36223188
4424	0.36291394
4425	0.36329472
4426	0.36472490
4427	0.36486498
4428	0.36347002
4429	0.36359745
4430	0.36516911
4431	0.36534232
4432	0.36453867
4433	0.36480629
4434	0.36533338
4435	0.36586839
4436	0.36659986
4437	0.36737204
4438	0.36807567
4439	0.36877018
4440	0.36903021
4441	0.36954534
4442	0.37053534
4443	0.37151912
4444	0.37245062
4445	0.37327641
4446	0.37381500
4447	0.37442297
4448	0.37500829
4449	0.37553793
4450	0.37609273
4451	0.37645698
4452	0.37672985
4453	0.37683925
4454	0.37701255
4455	0.37715569
4456	0.37727579
4457	0.37760100
4458	0.37823740
4459	0.37840250
4460	0.37907633
4461	0.37994173
4462	0.38082990
4463	0.38190421
4464	0.38326174
4465	0.38519832
4466	0.38676065
4467	0.38817933
4468	0.38955140
4469	0.39088422
4470	0.39223781
4471	0.39363682
4472	0.39518076
4473	0.39696327
4474	0.39896470
4475	0.40117732
4476	0.40317360
4477	0.40534362
4478	0.40632117
4479	0.40625674
4480	0.40864590
4481	0.41004226
4482	0.41118163
4483	0.41386110
4484	0.41477039
4485	0.41534722
4486	0.41581187
4487	0.41577238
4488	0.41440052
4489	0.41431943
4490	0.41552231
4491	0.41485444
4492	0.41414627
4493	0.41322124
4494	0.41208911
4495	0.41074419
4496	0.40914387
4497	0.40690643
4498	0.40492263
4499	0.40339810
4500	0.40092129
4501	0.39834771
4502	0.39516822
4503	0.39249274
4504	0.38976979
4505	0.38745722
4506	0.38577038
4507	0.38350800
4508	0.38140863
4509	0.37964433
4510	0.37665161
4511	0.37578073
4512	0.37540600
4513	0.37550589
4514	0.37601769
4515	0.37625062
4516	0.37779483
4517	0.37962678
4518	0.38190523
4519	0.38398367
4520	0.38556495
4521	0.38663653
4522	0.38692254
4523	0.38653561
4524	0.38564011
4525	0.38413545
4526	0.38233358
4527	0.38039467
4528	0.37844926
4529	0.37608790
4530	0.37414932
4531	0.37531680
4532	0.37410995
4533	0.37243882
4534	0.37005603
4535	0.36824229
4536	0.36625788
4537	0.36434111
4538	0.36220080
4539	0.36051723
4540	0.35983589
4541	0.35908452
4542	0.35960954
4543	0.35996890
4544	0.36035544
4545	0.36085796
4546	0.36155391
4547	0.36180258
4548	0.36188230
4549	0.36175793
4550	0.36170298
4551	0.36172393
4552	0.36126515
4553	0.36154521
4554	0.36183050
4555	0.36215249
4556	0.36294264
4557	0.36327386
4558	0.36367729
4559	0.36397079
4560	0.36445740
4561	0.36612192
4562	0.36540470
4563	0.36581233
4564	0.36642450
4565	0.36720702
4566	0.36809745
4567	0.36873499
4568	0.36971217
4569	0.37052718
4570	0.37155563
4571	0.37137422
4572	0.37265623
4573	0.37410590
4574	0.37567931
4575	0.37713301
4576	0.37841624
4577	0.37940150
4578	0.38037232
4579	0.38136867
4580	0.38224521
4581	0.38324782
4582	0.38425779
4583	0.38513398
4584	0.38591421
4585	0.38688955
4586	0.38768613
4587	0.38858303
4588	0.38962442
4589	0.39069539
4590	0.39255786
4591	0.39404613
4592	0.39565361
4593	0.39731351
4594	0.39930794
4595	0.40126324
4596	0.40350759
4597	0.40561295
4598	0.40781254
4599	0.41009033
4600	0.41234586
4601	0.41470894
4602	0.41707057
4603	0.41953540
4604	0.42210710
4605	0.42480734
4606	0.42783561
4607	0.43106490
4608	0.43435472
4609	0.43767500
4610	0.43919185
4611	0.44284827
4612	0.44593325
4613	0.44876665
4614	0.45049432
4615	0.45310938
4616	0.45528820
4617	0.45717618
4618	0.45898405
4619	0.46042484
4620	0.46158919
4621	0.46326089
4622	0.46427464
4623	0.46473673
4624	0.46487626
4625	0.46468160
4626	0.46452427
4627	0.46330297
4628	0.46206811
4629	0.46048191
4630	0.45850077
4631	0.45578995
4632	0.45312542
4633	0.45016769
4634	0.44778252
4635	0.44439349
4636	0.44084519
4637	0.43703389
4638	0.43336257
4639	0.42979702
4640	0.42604005
4641	0.42417532
4642	0.42135438
4643	0.41860214
4644	0.41617405
4645	0.41374475
4646	0.41033050
4647	0.40892971
4648	0.40783146
4649	0.40682709
4650	0.40602177
4651	0.40532070
4652	0.40364268
4653	0.40275079
4654	0.40147325
4655	0.39976555
4656	0.39763570
4657	0.39489397
4658	0.39208084
4659	0.38876551
4660	0.38553777
4661	0.38211238
4662	0.37843552
4663	0.37653759
4664	0.37643248
4665	0.37448198
4666	0.37331158
4667	0.37131676
4668	0.36947617
4669	0.36748052
4670	0.36563715
4671	0.36433920
4672	0.36397868
4673	0.36485115
4674	0.36454672
4675	0.36490083
4676	0.36536998
4677	0.36592188
4678	0.36660349
4679	0.36688325
4680	0.36715150
4681	0.36724192
4682	0.36716431
4683	0.36703083
4684	0.36665809
4685	0.36655092
4686	0.36672324
4687	0.36694133
4688	0.36750287
4689	0.36771551
4690	0.36798263
4691	0.36810687
4692	0.36983430
4693	0.37005585
4694	0.37034371
4695	0.37062588
4696	0.36990163
4697	0.36996394
4698	0.37049377
4699	0.37115175
4700	0.37192795
4701	0.37267992
4702	0.37342250
4703	0.37343153
4704	0.37430847
4705	0.37518430
4706	0.37611693
4707	0.37707278
4708	0.37803307
4709	0.37882152
4710	0.37941581
4711	0.37986007
4712	0.38035640
4713	0.38074464
4714	0.38090086
4715	0.38113171
4716	0.38147777
4717	0.38164285
4718	0.38166061
4719	0.38255402
4720	0.38278505
4721	0.38262886
4722	0.38275191
4723	0.38287234
4724	0.38317555
4725	0.38360104
4726	0.38406053
4727	0.38497952
4728	0.38549548
4729	0.38604182
4730	0.38656878
4731	0.38712204
4732	0.38775206
4733	0.38855687
4734	0.38947201
4735	0.39069673
4736	0.39217412
4737	0.39382398
4738	0.39567289
4739	0.39780992
4740	0.39961812
4741	0.40153465
4742	0.40312916
4743	0.40358487
4744	0.40352276
4745	0.40457982
4746	0.40538457
4747	0.40710232
4748	0.40759963
4749	0.40800905
4750	0.40809348
4751	0.40623420
4752	0.40577435
4753	0.40503654
4754	0.40406400
4755	0.40289024
4756	0.40318581
4757	0.40163371
4758	0.39985034
4759	0.39697814
4760	0.39557037
4761	0.39238811
4762	0.38981539
4763	0.38704830
4764	0.38412973
4765	0.38107643
4766	0.37794238
4767	0.37553048
4768	0.37223625
4769	0.36821976
4770	0.36612737
4771	0.36305818
4772	0.36012441
4773	0.35754374
4774	0.35329986
4775	0.35122508
4776	0.34930259
4777	0.34794855
4778	0.34689063
4779	0.34634009
4780	0.34609428
4781	0.34617692
4782	0.34670874
4783	0.34746441
4784	0.34838250
4785	0.34916413
4786	0.34965748
4787	0.34966078
4788	0.34888187
4789	0.34783033
4790	0.34630564
4791	0.34456918
4792	0.34247652
4793	0.33982897
4794	0.33844122
4795	0.33918852
4796	0.33735791
4797	0.33553803
4798	0.33306885
4799	0.33039370
4800	0.32888719
4801	0.32704759
4802	0.32526091
4803	0.32461417
4804	0.32435331
4805	0.32408804
4806	0.32406786
4807	0.32561281
4808	0.32592377
4809	0.32620808
4810	0.32650748
4811	0.32667166
4812	0.32667083
4813	0.32650211
4814	0.32624328
4815	0.32627004
4816	0.32640040
4817	0.32667366
4818	0.32697406
4819	0.32732892
4820	0.32759532
4821	0.32799986
4822	0.32824644
4823	0.32797843
4824	0.32840413
4825	0.32916465
4826	0.32953531
4827	0.32975775
4828	0.33017439
4829	0.33060110
4830	0.33150128
4831	0.33224034
4832	0.33299771
4833	0.33362246
4834	0.33438179
4835	0.33432305
4836	0.33571911
4837	0.33662000
4838	0.33750302
4839	0.33836231
4840	0.33902091
4841	0.33940637
4842	0.33959514
4843	0.33966815
4844	0.33942088
4845	0.33898291
4846	0.33841485
4847	0.33774465
4848	0.33658969
4849	0.33520162
4850	0.33381599
4851	0.33229670
4852	0.33156362
4853	0.32997164
4854	0.32862461
4855	0.32702139
4856	0.32577753
4857	0.32501078
4858	0.32409564
4859	0.32472578
4860	0.32487041
4861	0.32531676
4862	0.32599536
4863	0.32679358
4864	0.32776207
4865	0.32881367
4866	0.32994562
4867	0.33141407
4868	0.33305788
4869	0.33506355
4870	0.33778611
4871	0.33992109
4872	0.34262809
4873	0.34550369
4874	0.34820858
4875	0.34999958
4876	0.35079688
4877	0.35305762
4878	0.35521120
4879	0.35725504
4880	0.36071098
4881	0.36402851
4882	0.36460125
4883	0.36617005
4884	0.36757809
4885	0.36686745
4886	0.36794749
4887	0.36875772
4888	0.36941260
4889	0.36975706
4890	0.36983129
4891	0.37189949
4892	0.37127522
4893	0.37041286
4894	0.36905766
4895	0.36669040
4896	0.36480606
4897	0.36308011
4898	0.36026436
4899	0.35842043
4900	0.35573736
4901	0.35361204
4902	0.35077596
4903	0.34781665
4904	0.34505954
4905	0.34182623
4906	0.34020025
4907	0.33879784
4908	0.33771738
4909	0.33706439
4910	0.33672619
4911	0.33734357
4912	0.33818647
4913	0.33939537
4914	0.34094754
4915	0.34271827
4916	0.34455916
4917	0.34640068
4918	0.34814024
4919	0.34948489
4920	0.35014251
4921	0.35052767
4922	0.35054505
4923	0.35000703
4924	0.34928697
4925	0.34813598
4926	0.34650454
4927	0.34446666
4928	0.34525052
4929	0.34488320
4930	0.34294739
4931	0.34085742
4932	0.33860609
4933	0.33649406
4934	0.33453715
4935	0.33253521
4936	0.33171767
4937	0.33130327
4938	0.33106208
4939	0.33087879
4940	0.33134592
4941	0.33161697
4942	0.33301648
4943	0.33346727
4944	0.33364800
4945	0.33376303
4946	0.33370531
4947	0.33363089
4948	0.33365700
4949	0.33383214
4950	0.33363846
4951	0.33423904
4952	0.33455494
4953	0.33472916
4954	0.33510745
4955	0.33524257
4956	0.33561298
4957	0.33589843
4958	0.33775219
4959	0.33703098
4960	0.33681282
4961	0.33743322
4962	0.33793759
4963	0.33902866
4964	0.33985981
4965	0.34066617
4966	0.34134611
4967	0.34220544
4968	0.34381303
4969	0.34373829
4970	0.34491435
4971	0.34623930
4972	0.34764236
4973	0.34899455
4974	0.35021690
4975	0.35138419
4976	0.35249549
4977	0.35359755
4978	0.35455859
4979	0.35545626
4980	0.35610124
4981	0.35646632
4982	0.35653734
4983	0.35637766
4984	0.35616323
4985	0.35583013
4986	0.35553166
4987	0.35531318
4988	0.35574579
4989	0.35583931
4990	0.35692170
4991	0.35721374
4992	0.35780239
4993	0.35930264
4994	0.35991517
4995	0.36061805
4996	0.36126435
4997	0.36200011
4998	0.36278850
4999	0.36371490
5000	0.36483598
5001	0.36618844
5002	0.36773530
5003	0.36964935
5004	0.37188402
5005	0.37229973
5006	0.37515125
5007	0.37761644
5008	0.38190725
5009	0.38402730
5010	0.38591689
5011	0.38764989
5012	0.38931188
5013	0.39192647
5014	0.39358559
5015	0.39303452
5016	0.39372751
5017	0.39420170
5018	0.39427468
5019	0.39247364
5020	0.39203778
5021	0.39144567
5022	0.39170927
5023	0.39056104
5024	0.38948852
5025	0.38782963
5026	0.38499457
5027	0.38285825
5028	0.38052842
5029	0.37801626
5030	0.37531123
5031	0.37244400
5032	0.37027803
5033	0.36718085
5034	0.36463454
5035	0.36141226
5036	0.35807267
5037	0.35494730
5038	0.35038525
5039	0.34818825
5040	0.34578156
5041	0.34364465
5042	0.34143153
5043	0.34018978
5044	0.33946976
5045	0.33901104
5046	0.33893046
5047	0.33914179
5048	0.33966535
5049	0.34028772
5050	0.34092230
5051	0.34142521
5052	0.34155464
5053	0.34114915
5054	0.34029308
5055	0.33888394
5056	0.33701319
5057	0.33447158
5058	0.33215564
5059	0.32963255
5060	0.32691562
5061	0.32460767
5062	0.32505801
5063	0.32355273
5064	0.32194591
5065	0.31980577
5066	0.31740636
5067	0.31535763
5068	0.31328648
5069	0.31128645
5070	0.30984873
5071	0.30845943
5072	0.30869323
5073	0.30868059
5074	0.30916947
5075	0.30972967
5076	0.31061023
5077	0.31110653
5078	0.31237265
5079	0.31201378
5080	0.31222436
5081	0.31201354
5082	0.31348726
5083	0.31181142
5084	0.31175965
5085	0.31182727
5086	0.31205380
5087	0.31225458
5088	0.31253955
5089	0.31271508
5090	0.31303331
5091	0.31334856
5092	0.31377071
5093	0.31404647
5094	0.31452948
5095	0.31510165
5096	0.31581610
5097	0.31714436
5098	0.31808284
5099	0.31899518
5100	0.31990445
5101	0.32103008
5102	0.32109740
5103	0.32239068
5104	0.32385436
5105	0.32545924
5106	0.32705608
5107	0.32849100
5108	0.32984236
5109	0.33112657
5110	0.33240652
5111	0.33360657
5112	0.33498934
5113	0.33643147
5114	0.33777344
5115	0.33905706
5116	0.34029594
5117	0.34146968
5118	0.34268340
5119	0.34387437
5120	0.34523150
5121	0.34696683
5122	0.34861022
5123	0.35030857
5124	0.35278371
5125	0.35491732
5126	0.35686830
5127	0.35972911
5128	0.36197084
5129	0.36404446
5130	0.36639544
5131	0.36856520
5132	0.37074444
5133	0.37241071
5134	0.37451532
5135	0.37668961
5136	0.37909228
5137	0.38170803
5138	0.38452247
5139	0.38753650
5140	0.38753924
5141	0.39062169
5142	0.39316675
5143	0.39554551
5144	0.39767379
5145	0.39963374
5146	0.40143561
5147	0.40304133
5148	0.40439659
5149	0.40708086
5150	0.40825349
5151	0.40895501
5152	0.40773591
5153	0.40801027
5154	0.40965191
5155	0.40927058
5156	0.40887439
5157	0.40859115
5158	0.40792951
5159	0.40645519
5160	0.40520683
5161	0.40328678
5162	0.40158442
5163	0.39970213
5164	0.39756235
5165	0.39610973
5166	0.39367971
5167	0.39107370
5168	0.38845330
5169	0.38640127
5170	0.38347200
5171	0.38111755
5172	0.37874749
5173	0.37549943
5174	0.37383410
5175	0.37235665
5176	0.37096512
5177	0.37053353
5178	0.37061641
5179	0.37098232
5180	0.37185121
5181	0.37307897
5182	0.37535620
5183	0.37671447
5184	0.37746185
5185	0.37859273
5186	0.37922430
5187	0.37927285
5188	0.37878188
5189	0.37736920
5190	0.37592891
5191	0.37435737
5192	0.37256226
5193	0.37078056
5194	0.36860374
5195	0.36640948
5196	0.36703756
5197	0.36624444
5198	0.36499903
5199	0.36322263
5200	0.36105090
5201	0.35932589
5202	0.35733452
5203	0.35522366
5204	0.35335582
5205	0.35204291
5206	0.35126558
5207	0.35224009
5208	0.35230106
5209	0.35267985
5210	0.35336661
5211	0.35401478
5212	0.35434115
5213	0.35445687
5214	0.35438684
5215	0.35432163
5216	0.35432392
5217	0.35405123
5218	0.35415694
5219	0.35433951
5220	0.35512513
5221	0.35538581
5222	0.35580599
5223	0.35605302
5224	0.35642153
5225	0.35661566
5226	0.35840991
5227	0.35871673
5228	0.35797948
5229	0.35752094
5230	0.35839745
5231	0.35988235
5232	0.36076853
5233	0.36137789
5234	0.36225554
5235	0.36129993
5236	0.36293969
5237	0.36332884
5238	0.36436695
5239	0.36542851
5240	0.36643410
5241	0.36719063
5242	0.36751872
5243	0.36789891
5244	0.36816341
5245	0.36833045
5246	0.36861357
5247	0.36878917
5248	0.36884800
5249	0.36888152
5250	0.36872876
5251	0.36863443
5252	0.36850026
5253	0.36852387
5254	0.36854041
5255	0.36879110
5256	0.36935300
5257	0.37025714
5258	0.37120217
5259	0.37203291
5260	0.37291133
5261	0.37448552
5262	0.37623686
5263	0.37812161
5264	0.38174778
5265	0.38406146
5266	0.38649032
5267	0.38886800
5268	0.39125478
5269	0.39381662
5270	0.39660788
5271	0.39963460
5272	0.40283909
5273	0.40632248
5274	0.40967017
5275	0.41137317
5276	0.41297841
5277	0.41698548
5278	0.41996270
5279	0.42278925
5280	0.42544925
5281	0.42766398
5282	0.43024123
5283	0.43249276
5284	0.43613526
5285	0.43631056
5286	0.43933809
5287	0.44059145
5288	0.44179794
5289	0.44266856
5290	0.44360125
5291	0.44413906
5292	0.44422552
5293	0.44348231
5294	0.44287449
5295	0.44150883
5296	0.44031048
5297	0.43874401
5298	0.43692791
5299	0.43566084
5300	0.43342325
5301	0.43091902
5302	0.42825583
5303	0.42534244
5304	0.42262313
5305	0.41977668
5306	0.41811186
5307	0.41546556
5308	0.41306862
5309	0.41068608
5310	0.40675715
5311	0.40515855
5312	0.40391991
5313	0.40279329
5314	0.40212637
5315	0.40179238
5316	0.40173039
5317	0.40186602
5318	0.40196449
5319	0.40180212
5320	0.40135980
5321	0.40039721
5322	0.39881146
5323	0.39659050
5324	0.39422253
5325	0.39185390
5326	0.38906315
5327	0.38604274
5328	0.38444927
5329	0.38435718
5330	0.38246816
5331	0.38215506
5332	0.38034371
5333	0.37868515
5334	0.37718832
5335	0.37536132
5336	0.37367994
5337	0.37322026
5338	0.37237388
5339	0.37217900
5340	0.37249568
5341	0.37293133
5342	0.37356788
5343	0.37426001
5344	0.37461933
5345	0.37491813
5346	0.37497240
5347	0.37495774
5348	0.37490696
5349	0.37452829
5350	0.37455803
5351	0.37481943
5352	0.37509754
5353	0.37535080
5354	0.37598744
5355	0.37624383
5356	0.37643430
5357	0.37663421
5358	0.37828055
5359	0.37849236
5360	0.37866628
5361	0.37778825
5362	0.37800539
5363	0.37825426
5364	0.37895557
5365	0.37960902
5366	0.38020447
5367	0.38078234
5368	0.38136601
5369	0.38150921
5370	0.38190106
5371	0.38258168
5372	0.38322115
5373	0.38361248
5374	0.38381690
5375	0.38378632
5376	0.38367867
5377	0.38344657
5378	0.38301095
5379	0.38282356
5380	0.38254336
5381	0.38142276
5382	0.38115504
5383	0.38040966
5384	0.38120428
5385	0.37992445
5386	0.37900892
5387	0.37840855
5388	0.37779936
5389	0.37732014
5390	0.37703422
5391	0.37680638
5392	0.37700316
5393	0.37697014
5394	0.37703195
5395	0.37723884
5396	0.37760368
5397	0.37806293
5398	0.37867433
5399	0.37957680
5400	0.38067704
5401	0.38213891
5402	0.38383669
5403	0.38580540
5404	0.38797978
5405	0.39020184
5406	0.39241534
5407	0.39447713
5408	0.39361608
5409	0.39555398
5410	0.39707986
5411	0.39843711
5412	0.39965761
5413	0.40035629
5414	0.40291861
5415	0.40398479
5416	0.40458220
5417	0.40418312
5418	0.40322095
5419	0.40312302
5420	0.40282810
5421	0.40231997
5422	0.40294689
5423	0.40236169
5424	0.40122718
5425	0.39971444
5426	0.39752069
5427	0.39509836
5428	0.39289472
5429	0.39140579
5430	0.38867843
5431	0.38499168
5432	0.38289952
5433	0.37994915
5434	0.37686008
5435	0.37346998
5436	0.37168670
5437	0.36868426
5438	0.36635250
5439	0.36406046
5440	0.36048850
5441	0.35901254
5442	0.35789740
5443	0.35720852
5444	0.35689232
5445	0.35698730
5446	0.35729215
5447	0.35763285
5448	0.35804600
5449	0.35897076
5450	0.35963070
5451	0.35982814
5452	0.36048192
5453	0.35888362
5454	0.35730979
5455	0.35515290
5456	0.35264739
5457	0.34982345
5458	0.34645662
5459	0.34301066
5460	0.34245870
5461	0.34140256
5462	0.33979309
5463	0.33799419
5464	0.33577913
5465	0.33334374
5466	0.33127362
5467	0.32915962
5468	0.32762617
5469	0.32685375
5470	0.32677773
5471	0.32695612
5472	0.32713568
5473	0.32745633
5474	0.32913423
5475	0.32940072
5476	0.32959661
5477	0.32936022
5478	0.32961851
5479	0.32952833
5480	0.32953101
5481	0.32933673
5482	0.32975447
5483	0.33014226
5484	0.33046106
5485	0.33073515
5486	0.33111447
5487	0.33144820
5488	0.33169430
5489	0.33199206
5490	0.33233228
5491	0.33265138
5492	0.33293268
5493	0.33334708
5494	0.33388954
5495	0.33446202
5496	0.33585262
5497	0.33664933
5498	0.33745703
5499	0.33843520
5500	0.33946207
5501	0.33961162
5502	0.34101179
5503	0.34233487
5504	0.34370533
5505	0.34485406
5506	0.34572944
5507	0.34631965
5508	0.34685609
5509	0.34730500
5510	0.34767419
5511	0.34805304
5512	0.34824994
5513	0.34817791
5514	0.34794480
5515	0.34762925
5516	0.34746334
5517	0.34720495
5518	0.34708855
5519	0.34736964
5520	0.34781796
5521	0.34874082
5522	0.34983796
5523	0.35101131
5524	0.35242814
5525	0.35369936
5526	0.35573253
5527	0.35948256
5528	0.36234328
5529	0.36498901
5530	0.36766154
5531	0.37030116
5532	0.37306431
5533	0.37606028
5534	0.37928355
5535	0.38287252
5536	0.38637429
5537	0.38977262
5538	0.39359006
5539	0.39582306
5540	0.39920098
5541	0.40156657
5542	0.40462357
5543	0.40733728
5544	0.40975219
5545	0.41196567
5546	0.41614830
5547	0.41773090
5548	0.41912347
5549	0.42024609
5550	0.41961035
5551	0.42029446
5552	0.42201507
5553	0.42220318
5554	0.42196241
5555	0.42196399
5556	0.42118120
5557	0.42006606
5558	0.41781640
5559	0.41630834
5560	0.41456574
5561	0.41268757
5562	0.41071534
5563	0.40861610
5564	0.40731215
5565	0.40516067
5566	0.40293884
5567	0.40058166
5568	0.39868116
5569	0.39682576
5570	0.39499569
5571	0.39321023
5572	0.39146575
5573	0.38836759
5574	0.38737261
5575	0.38607970
5576	0.38548529
5577	0.38530764
5578	0.38576695
5579	0.38629591
5580	0.38700363
5581	0.38800550
5582	0.38890675
5583	0.38973659
5584	0.39027533
5585	0.39021689
5586	0.38970393
5587	0.38848945
5588	0.38693804
5589	0.38495946
5590	0.38279745
5591	0.38018829
5592	0.37771073
5593	0.37823868
5594	0.37741441
5595	0.37645596
5596	0.37534988
5597	0.37390655
5598	0.37205902
5599	0.37025142
5600	0.36834034
5601	0.36700901
5602	0.36622256
5603	0.36598113
5604	0.36618450
5605	0.36649248
5606	0.36697316
5607	0.36775216
5608	0.36822939
5609	0.36850917
5610	0.36939758
5611	0.36910373
5612	0.36949268
5613	0.36948183
5614	0.36907005
5615	0.36930442
5616	0.36955461
5617	0.36976650
5618	0.37055948
5619	0.37085345
5620	0.37116048
5621	0.37134880
5622	0.37172535
5623	0.37335697
5624	0.37263703
5625	0.37301719
5626	0.37357971
5627	0.37421644
5628	0.37500167
5629	0.37567922
5630	0.37640595
5631	0.37702683
5632	0.37797171
5633	0.37740421
5634	0.37857687
5635	0.37960163
5636	0.38073319
5637	0.38172847
5638	0.38257915
5639	0.38353482
5640	0.38442633
5641	0.38530654
5642	0.38636813
5643	0.38734755
5644	0.38822907
5645	0.38907301
5646	0.38992554
5647	0.39059156
5648	0.39143711
5649	0.39249039
5650	0.39360735
5651	0.39435256
5652	0.39526513
5653	0.39623353
5654	0.39722848
5655	0.39805421
5656	0.39974216
5657	0.40073353
5658	0.40169621
5659	0.40262669
5660	0.40348497
5661	0.40422612
5662	0.40499049
5663	0.40568396
5664	0.40655085
5665	0.40759316
5666	0.40883842
5667	0.41028243
5668	0.40995985
5669	0.41157153
5670	0.41329783
5671	0.41561672
5672	0.41707897
5673	0.41836509
5674	0.41825989
5675	0.41931471
5676	0.42016929
5677	0.41977578
5678	0.42140514
5679	0.42183039
5680	0.42205545
5681	0.42356977
5682	0.42340425
5683	0.42138976
5684	0.42073455
5685	0.42097449
5686	0.41993383
5687	0.41862568
5688	0.41712335
5689	0.41537935
5690	0.41343740
5691	0.41128376
5692	0.40849376
5693	0.40593714
5694	0.40317577
5695	0.40027037
5696	0.39804530
5697	0.39466569
5698	0.39125535
5699	0.38697034
5700	0.38426432
5701	0.38109949
5702	0.37777585
5703	0.37446100
5704	0.36939207
5705	0.36684555
5706	0.36437765
5707	0.36238953
5708	0.36094481
5709	0.36008027
5710	0.35959557
5711	0.35959306
5712	0.36011147
5713	0.36087987
5714	0.36171609
5715	0.36246508
5716	0.36287186
5717	0.36210954
5718	0.36117956
5719	0.35971603
5720	0.35752994
5721	0.35508075
5722	0.35238758
5723	0.34959671
5724	0.34638351
5725	0.34360060
5726	0.34342489
5727	0.34135583
5728	0.33963087
5729	0.33725619
5730	0.33494517
5731	0.33244279
5732	0.33007741
5733	0.32812899
5734	0.32702729
5735	0.32665017
5736	0.32641158
5737	0.32666501
5738	0.32699797
5739	0.32889783
5740	0.32925802
5741	0.32960439
5742	0.32945928
5743	0.32977629
5744	0.32974881
5745	0.32980135
5746	0.32956168
5747	0.33001041
5748	0.33029523
5749	0.33065897
5750	0.33108750
5751	0.33161309
5752	0.33203554
5753	0.33245933
5754	0.33279264
5755	0.33331034
5756	0.33343589
5757	0.33399686
5758	0.33437458
5759	0.33499467
5760	0.33574989
5761	0.33667067
5762	0.33774865
5763	0.33879054
5764	0.33971563
5765	0.34083083
5766	0.34113196
5767	0.34244081
5768	0.34385842
5769	0.34541494
5770	0.34677973
5771	0.34796423
5772	0.34890568
5773	0.34993210
5774	0.35089141
5775	0.35183400
5776	0.35289112
5777	0.35378981
5778	0.35461104
5779	0.35528073
5780	0.35593766
5781	0.35655266
5782	0.35721779
5783	0.35790613
5784	0.35972545
5785	0.36057732
5786	0.36202580
5787	0.36371475
5788	0.36543733
5789	0.36740696
5790	0.36954153
5791	0.37171960
5792	0.37402216
5793	0.37636170
5794	0.37874967
5795	0.38112622
5796	0.38360879
5797	0.38613927
5798	0.38886029
5799	0.39179260
5800	0.39482048
5801	0.39813530
5802	0.40174934
5803	0.40550321
5804	0.40932444
5805	0.41277844
5806	0.41520563
5807	0.41864839
5808	0.42191249
5809	0.42406902
5810	0.42692959
5811	0.42958084
5812	0.43169141
5813	0.43415549
5814	0.43620664
5815	0.43790507
5816	0.44132796
5817	0.44236910
5818	0.44339937
5819	0.44496816
5820	0.44561115
5821	0.44601971
5822	0.44551694
5823	0.44536957
5824	0.44495741
5825	0.44425115
5826	0.44284025
5827	0.44263175
5828	0.44013110
5829	0.43934473
5830	0.43740848
5831	0.43535349
5832	0.43271184
5833	0.43030456
5834	0.42810494
5835	0.42588779
5836	0.42463425
5837	0.42376873
5838	0.42224926
5839	0.42105028
5840	0.42025226
5841	0.41979805
5842	0.41849470
5843	0.41904843
5844	0.41993758
5845	0.42116168
5846	0.42264721
5847	0.42293149
5848	0.42543343
5849	0.42631885
5850	0.42658556
5851	0.42624721
5852	0.42539838
5853	0.42403713
5854	0.42157960
5855	0.41967177
5856	0.41703466
5857	0.41437876
5858	0.41211289
5859	0.41332102
5860	0.41246402
5861	0.41157764
5862	0.40955555
5863	0.40766668
5864	0.40717995
5865	0.40502918
5866	0.40329707
5867	0.40184250
5868	0.40118408
5869	0.40112102
5870	0.40117440
5871	0.40151247
5872	0.40208831
5873	0.40275553
5874	0.40365526
5875	0.40408716
5876	0.40435687
5877	0.40442371
5878	0.40445811
5879	0.40445229
5880	0.40408120
5881	0.40427086
5882	0.40450191
5883	0.40482071
5884	0.40515938
5885	0.40549508
5886	0.40580001
5887	0.40613520
5888	0.40671894
5889	0.40721768
5890	0.40852013
5891	0.40780231
5892	0.40814281
5893	0.40871564
5894	0.40926585
5895	0.41004747
5896	0.41051692
5897	0.41132942
5898	0.41182095
5899	0.41257578
5900	0.41311252
5901	0.41290286
5902	0.41399661
5903	0.41501418
5904	0.41586012
5905	0.41638592
5906	0.41679457
5907	0.41705659
5908	0.41715318
5909	0.41709241
5910	0.41679722
5911	0.41637206
5912	0.41579393
5913	0.41495362
5914	0.41388437
5915	0.41283661
5916	0.41191384
5917	0.41107804
5918	0.41046536
5919	0.41004610
5920	0.40987533
5921	0.40998462
5922	0.41032824
5923	0.41066706
5924	0.41097376
5925	0.41174403
5926	0.41273919
5927	0.41379938
5928	0.41497287
5929	0.41619322
5930	0.41912657
5931	0.42070040
5932	0.42243832
5933	0.42424199
5934	0.42602429
5935	0.42640910
5936	0.42858982
5937	0.43068248
5938	0.43270040
5939	0.43585697
5940	0.43730909
5941	0.43882620
5942	0.43868351
5943	0.43975836
5944	0.44060171
5945	0.44116670
5946	0.44154096
5947	0.44164044
5948	0.44150022
5949	0.44118428
5950	0.44156277
5951	0.44075432
5952	0.43960994
5953	0.43812206
5954	0.43689367
5955	0.43487141
5956	0.43177992
5957	0.42928654
5958	0.42656326
5959	0.42362908
5960	0.42046523
5961	0.41714638
5962	0.41367063
5963	0.41098619
5964	0.40742311
5965	0.40384871
5966	0.39969030
5967	0.39668593
5968	0.39445716
5969	0.39222029
5970	0.38982391
5971	0.38744503
5972	0.38405699
5973	0.38298789
5974	0.38240147
5975	0.38212925
5976	0.38227677
5977	0.38285094
5978	0.38382590
5979	0.38497302
5980	0.38604701
5981	0.38692892
5982	0.38748357
5983	0.38739309
5984	0.38677460
5985	0.38565728
5986	0.38407290
5987	0.38174447
5988	0.37973872
5989	0.37744856
5990	0.37481496
5991	0.37350518
5992	0.37395185
5993	0.37185854
5994	0.37072220
5995	0.36836320
5996	0.36601731
5997	0.36413702
5998	0.36195019
5999	0.35996410
6000	0.35824928
6001	0.35819423
6002	0.35754800
6003	0.35748807
6004	0.35808519
6005	0.35895166
6006	0.35932633
6007	0.35963345
6008	0.35978442
6009	0.35971746
6010	0.35963207
6011	0.35957339
6012	0.35908788
6013	0.35924196
6014	0.35950845
6015	0.36010858
6016	0.36049455
6017	0.36087671
6018	0.36131591
6019	0.36163917
6020	0.36198792
6021	0.36254182
6022	0.36420712
6023	0.36356744
6024	0.36411339
6025	0.36413419
6026	0.36515123
6027	0.36678216
6028	0.36754084
6029	0.36837041
6030	0.36900902
6031	0.36996201
6032	0.37002286
6033	0.37135890
6034	0.37281373
6035	0.37438878
6036	0.37581450
6037	0.37701648
6038	0.37794280
6039	0.37891489
6040	0.37978572
6041	0.38072771
6042	0.38183224
6043	0.38274989
6044	0.38353214
6045	0.38423324
6046	0.38486442
6047	0.38550627
6048	0.38613793
6049	0.38688803
6050	0.38771334
6051	0.38873446
6052	0.38991469
6053	0.39137587
6054	0.39285386
6055	0.39449987
6056	0.39597753
6057	0.39865541
6058	0.40074539
6059	0.40269300
6060	0.40470406
6061	0.40661940
6062	0.40853235
6063	0.41037601
6064	0.41231292
6065	0.41432941
6066	0.41658470
6067	0.41903698
6068	0.42169958
6069	0.42451110
6070	0.42722613
6071	0.42986473
6072	0.43305808
6073	0.43378231
6074	0.43601772
6075	0.43681923
6076	0.43881291
6077	0.44037423
6078	0.44171923
6079	0.44280031
6080	0.44361913
6081	0.44432408
6082	0.44460338
6083	0.44481045
6084	0.44583473
6085	0.44550326
6086	0.44483981
6087	0.44419926
6088	0.44316828
6089	0.44177347
6090	0.43989781
6091	0.43732527
6092	0.43450537
6093	0.43187705
6094	0.42899165
6095	0.42589951
6096	0.42263162
6097	0.42003837
6098	0.41647968
6099	0.41200763
6100	0.40845764
6101	0.40492725
6102	0.40198115
6103	0.39999855
6104	0.39727885
6105	0.39489385
6106	0.39301914
6107	0.38985720
6108	0.38929933
6109	0.38895711
6110	0.38908878
6111	0.38994369
6112	0.39132020
6113	0.39191711
6114	0.39362755
6115	0.39505085
6116	0.39645678
6117	0.39667064
6118	0.39608839
6119	0.39488736
6120	0.39313537
6121	0.39096484
6122	0.38851282
6123	0.38558987
6124	0.38292968
6125	0.37976199
6126	0.37772864
6127	0.37748510
6128	0.37566477
6129	0.37472525
6130	0.37256035
6131	0.37025708
6132	0.36824167
6133	0.36609429
6134	0.36394551
6135	0.36312515
6136	0.36239305
6137	0.36198640
6138	0.36206818
6139	0.36322722
6140	0.36370865
6141	0.36415976
6142	0.36452353
6143	0.36469778
6144	0.36467010
6145	0.36458173
6146	0.36400846
6147	0.36408737
6148	0.36423719
6149	0.36458176
6150	0.36498603
6151	0.36534679
6152	0.36563030
6153	0.36602262
6154	0.36629924
6155	0.36664909
6156	0.36703116
6157	0.36888510
6158	0.36829060
6159	0.36801100
6160	0.36920559
6161	0.37014809
6162	0.37179363
6163	0.37254536
6164	0.37313223
6165	0.37403542
6166	0.37511986
6167	0.37629837
6168	0.37670398
6169	0.37835145
6170	0.38003170
6171	0.38163754
6172	0.38310841
6173	0.38448495
6174	0.38590422
6175	0.38725975
6176	0.38881770
6177	0.39049941
6178	0.39211455
6179	0.39371160
6180	0.39532954
6181	0.39715984
6182	0.39831623
6183	0.39981279
6184	0.40141273
6185	0.40309551
6186	0.40491065
6187	0.40676853
6188	0.40869656
6189	0.41073689
6190	0.41265279
6191	0.41402090
6192	0.41588721
6193	0.41782326
6194	0.41963106
6195	0.42307451
6196	0.42501560
6197	0.42686698
6198	0.42862305
6199	0.43036255
6200	0.43207788
6201	0.43391818
6202	0.43588716
6203	0.43803054
6204	0.44010127
6205	0.44203296
6206	0.44341251
6207	0.44464636
6208	0.44704682
6209	0.44876876
6210	0.44877958
6211	0.45032662
6212	0.45130143
6213	0.45221844
6214	0.45286065
6215	0.45325130
6216	0.45356929
6217	0.45363352
6218	0.45496628
6219	0.45432046
6220	0.45379505
6221	0.45300743
6222	0.45248556
6223	0.45128196
6224	0.44896671
6225	0.44737369
6226	0.44553831
6227	0.44351652
6228	0.44126350
6229	0.43887028
6230	0.43626276
6231	0.43353742
6232	0.43150300
6233	0.42863032
6234	0.42478818
6235	0.42176381
6236	0.41897130
6237	0.41653776
6238	0.41423485
6239	0.41305956
6240	0.41109014
6241	0.40954277
6242	0.40839112
6243	0.40791205
6244	0.40758160
6245	0.40569624
6246	0.40617684
6247	0.40719190
6248	0.40822452
6249	0.40889567
6250	0.40914756
6251	0.40869060
6252	0.40757146
6253	0.40694568
6254	0.40414488
6255	0.40181935
6256	0.39919442
6257	0.39668760
6258	0.39383343
6259	0.39114776
6260	0.39183170
6261	0.39033401
6262	0.38924319
6263	0.38749275
6264	0.38548389
6265	0.38329005
6266	0.38120332
6267	0.37913844
6268	0.37772164
6269	0.37708113
6270	0.37703922
6271	0.37742072
6272	0.37783471
6273	0.37842584
6274	0.37906647
6275	0.37966549
6276	0.38008243
6277	0.37989846
6278	0.37972930
6279	0.37973061
6280	0.37977684
6281	0.37984616
6282	0.38014469
6283	0.38068023
6284	0.38090494
6285	0.38127187
6286	0.38158143
6287	0.38190582
6288	0.38214186
6289	0.38251996
6290	0.38303626
6291	0.38460502
6292	0.38298678
6293	0.38382256
6294	0.38440654
6295	0.38521960
6296	0.38667867
6297	0.38727018
6298	0.38829964
6299	0.38909659
6300	0.39007157
6301	0.38984737
6302	0.39087072
6303	0.39209029
6304	0.39324889
6305	0.39434052
6306	0.39520153
6307	0.39586633
6308	0.39656129
6309	0.39691573
6310	0.39774799
6311	0.39866692
6312	0.39958820
6313	0.39996207
6314	0.40019864
6315	0.40059114
6316	0.40093359
6317	0.40140980
6318	0.40211082
6319	0.40312821
6320	0.40438861
6321	0.40598735
6322	0.40784982
6323	0.40994471
6324	0.41208076
6325	0.41395649
6326	0.41647691
6327	0.41905841
6328	0.42310646
6329	0.42639095
6330	0.42923075
6331	0.43201935
6332	0.43487012
6333	0.43780947
6334	0.44086230
6335	0.44412279
6336	0.44729415
6337	0.45035258
6338	0.45299536
6339	0.45437098
6340	0.45701560
6341	0.45942962
6342	0.46156457
6343	0.46386775
6344	0.46604586
6345	0.46742302
6346	0.46722665
6347	0.46803144
6348	0.46851704
6349	0.46858662
6350	0.46853206
6351	0.46905178
6352	0.46846536
6353	0.46761078
6354	0.46637160
6355	0.46543404
6356	0.46380258
6357	0.46185663
6358	0.45968878
6359	0.45728052
6360	0.45385674
6361	0.45113263
6362	0.44828349
6363	0.44531903
6364	0.44228962
6365	0.43920815
6366	0.43692151
6367	0.43395692
6368	0.43090749
6369	0.42796028
6370	0.42504555
6371	0.42254755
6372	0.42035416
6373	0.41945875
6374	0.41759825
6375	0.41613147
6376	0.41507688
6377	0.41421497
6378	0.41379708
6379	0.41378346
6380	0.41397932
6381	0.41450205
6382	0.41518012
6383	0.41571343
6384	0.41596413
6385	0.41549829
6386	0.41498971
6387	0.41371983
6388	0.41141427
6389	0.40913656
6390	0.40973449
6391	0.40955266
6392	0.40835199
6393	0.40664780
6394	0.40519851
6395	0.40318242
6396	0.40157622
6397	0.40053347
6398	0.39963332
6399	0.39901862
6400	0.39849675
6401	0.39840263
6402	0.39841896
6403	0.39903042
6404	0.39921772
6405	0.39937386
6406	0.39956760
6407	0.39973345
6408	0.39972168
6409	0.39962265
6410	0.39899117
6411	0.39896470
6412	0.39901870
6413	0.39923567
6414	0.39951128
6415	0.39982584
6416	0.40015382
6417	0.40084940
6418	0.40122154
6419	0.40149361
6420	0.40189525
6421	0.40372485
6422	0.40415540
6423	0.40359017
6424	0.40414253
6425	0.40445402
6426	0.40565932
6427	0.40668866
6428	0.40754437
6429	0.40846273
6430	0.40919766
6431	0.40935832
6432	0.40979716
6433	0.41088787
6434	0.41199633
6435	0.41321713
6436	0.41435355
6437	0.41531751
6438	0.41618505
6439	0.41717944
6440	0.41800231
6441	0.41895247
6442	0.41980854
6443	0.42066640
6444	0.42135867
6445	0.42195562
6446	0.42231247
6447	0.42273012
6448	0.42314544
6449	0.42346138
6450	0.42386875
6451	0.42415157
6452	0.42456245
6453	0.42499653
6454	0.42490739
6455	0.42547095
6456	0.42587721
6457	0.42633045
6458	0.42675605
6459	0.42723656
6460	0.42918125
6461	0.43003869
6462	0.43074003
6463	0.43149623
6464	0.43246827
6465	0.43364477
6466	0.43484619
6467	0.43445519
6468	0.43585896
6469	0.43723500
6470	0.43851474
6471	0.43976647
6472	0.44200197
6473	0.44294214
6474	0.44377160
6475	0.44299480
6476	0.44319195
6477	0.44395134
6478	0.44410414
6479	0.44427234
6480	0.44414508
6481	0.44378936
6482	0.44465506
6483	0.44362751
6484	0.44270942
6485	0.44151965
6486	0.44015646
6487	0.43860906
6488	0.43680924
6489	0.43439558
6490	0.43226296
6491	0.42999157
6492	0.42759201
6493	0.42503843
6494	0.42240584
6495	0.42054185
6496	0.41779283
6497	0.41496867
6498	0.41121358
6499	0.40852141
6500	0.40608370
6501	0.40487155
6502	0.40290642
6503	0.40091178
6504	0.39930701
6505	0.39585942
6506	0.39550841
6507	0.39500925
6508	0.39492041
6509	0.39515221
6510	0.39554808
6511	0.39616212
6512	0.39674121
6513	0.39720064
6514	0.39729118
6515	0.39681435
6516	0.39584380
6517	0.39431009
6518	0.39240131
6519	0.39015216
6520	0.38785121
6521	0.38496536
6522	0.38209546
6523	0.38069251
6524	0.38103700
6525	0.37888399
6526	0.37784925
6527	0.37546653
6528	0.37315333
6529	0.37115726
6530	0.36941400
6531	0.36768872
6532	0.36668637
6533	0.36639947
6534	0.36633345
6535	0.36670637
6536	0.36700934
6537	0.36744070
6538	0.36790717
6539	0.36806813
6540	0.36814347
6541	0.36791593
6542	0.36771122
6543	0.36877477
6544	0.36859137
6545	0.36850113
6546	0.36880916
6547	0.36906174
6548	0.36965305
6549	0.37021294
6550	0.37044156
6551	0.37087071
6552	0.37115580
6553	0.37153780
6554	0.37342703
6555	0.37376004
6556	0.37305924
6557	0.37347281
6558	0.37322792
6559	0.37466982
6560	0.37546903
6561	0.37627554
6562	0.37697756
6563	0.37770420
6564	0.37876514
6565	0.37844881
6566	0.37936956
6567	0.38036814
6568	0.38131237
6569	0.38215643
6570	0.38288629
6571	0.38353613
6572	0.38414806
6573	0.38473290
6574	0.38516718
6575	0.38557333
6576	0.38570112
6577	0.38566482
6578	0.38530681
6579	0.38468248
6580	0.38387221
6581	0.38324896
6582	0.38194382
6583	0.38114670
6584	0.38038987
6585	0.37975469
6586	0.37931335
6587	0.37905675
6588	0.37897483
6589	0.37853840
6590	0.37873384
6591	0.37906274
6592	0.38102797
6593	0.38198188
6594	0.38292328
6595	0.38389319
6596	0.38509578
6597	0.38655758
6598	0.38825572
6599	0.39038017
6600	0.39277184
6601	0.39539352
6602	0.39801303
6603	0.40030408
6604	0.40283924
6605	0.40535825
6606	0.40812218
6607	0.41067228
6608	0.41189936
6609	0.41420436
6610	0.41590467
6611	0.41741389
6612	0.41910428
6613	0.42205840
6614	0.42261088
6615	0.42140409
6616	0.42149645
6617	0.42133078
6618	0.42224285
6619	0.42128277
6620	0.42053941
6621	0.41930136
6622	0.41781932
6623	0.41610798
6624	0.41405079
6625	0.41118893
6626	0.40900412
6627	0.40666258
6628	0.40419862
6629	0.40165579
6630	0.39983165
6631	0.39717573
6632	0.39449751
6633	0.39182383
6634	0.38925454
6635	0.38702932
6636	0.38477775
6637	0.38263524
6638	0.38058451
6639	0.37698716
6640	0.37603238
6641	0.37507430
6642	0.37447459
6643	0.37424099
6644	0.37428096
6645	0.37453765
6646	0.37543833
6647	0.37648576
6648	0.37741700
6649	0.37798402
6650	0.37807009
6651	0.37762156
6652	0.37656373
6653	0.37506193
6654	0.37320659
6655	0.37112346
6656	0.36863920
6657	0.36617079
6658	0.36637166
6659	0.36491251
6660	0.36334759
6661	0.36126143
6662	0.35903522
6663	0.35654670
6664	0.35388717
6665	0.35177827
6666	0.35094914
6667	0.35199931
6668	0.35119590
6669	0.35122001
6670	0.35222769
6671	0.35285875
6672	0.35342318
6673	0.35391238
6674	0.35423195
6675	0.35438469
6676	0.35441041
6677	0.35403484
6678	0.35415891
6679	0.35436660
6680	0.35505959
6681	0.35545406
6682	0.35581440
6683	0.35634452
6684	0.35678363
6685	0.35723197
6686	0.35761085
6687	0.35808781
6688	0.35856852
6689	0.35801968
6690	0.35889888
6691	0.35940051
6692	0.35995755
6693	0.36058858
6694	0.36172804
6695	0.36245215
6696	0.36325261
6697	0.36413530
6698	0.36587155
6699	0.36575547
6700	0.36686873
6701	0.36803463
6702	0.36899188
6703	0.36983261
6704	0.37046823
6705	0.37111911
6706	0.37173980
6707	0.37212223
6708	0.37258890
6709	0.37300301
6710	0.37316233
6711	0.37310085
6712	0.37333614
6713	0.37267464
6714	0.37234205
6715	0.37212485
6716	0.37267935
6717	0.37283453
6718	0.37320024
6719	0.37373033
6720	0.37449595
6721	0.37545112
6722	0.37673998
6723	0.37800661
6724	0.37945116
6725	0.38108072
6726	0.38303861
6727	0.38491657
6728	0.38677540
6729	0.38865817
6730	0.39059830
6731	0.39276370
6732	0.39523813
6733	0.39799166
6734	0.40093786
6735	0.40404373
6736	0.40701467
6737	0.40950668
6738	0.41041368
6739	0.41301304
6740	0.41625094
6741	0.41845724
6742	0.42048213
6743	0.42012286
6744	0.42169571
6745	0.42403626
6746	0.42513639
6747	0.42600116
6748	0.42868057
6749	0.42686421
6750	0.42694789
6751	0.42672729
6752	0.42758775
6753	0.42692667
6754	0.42625543
6755	0.42534247
6756	0.42395335
6757	0.42181665
6758	0.41998482
6759	0.41748992
6760	0.41520813
6761	0.41272691
6762	0.41005182
6763	0.40718591
6764	0.40511486
6765	0.40200293
6766	0.39791921
6767	0.39487237
6768	0.39303806
6769	0.39012137
6770	0.38769579
6771	0.38536951
6772	0.38133827
6773	0.38025570
6774	0.37935719
6775	0.37881163
6776	0.37869009
6777	0.37915519
6778	0.37907135
6779	0.38062564
6780	0.38225716
6781	0.38356048
6782	0.38436148
6783	0.38450319
6784	0.38398057
6785	0.38199574
6786	0.38115439
6787	0.37833637
6788	0.37568897
6789	0.37383232
6790	0.37472987
6791	0.37303495
6792	0.37127590
6793	0.36887249
6794	0.36626333
6795	0.36432689
6796	0.36218747
6797	0.35995069
6798	0.35880053
6799	0.35902977
6800	0.35840973
6801	0.35828745
6802	0.35864839
6803	0.35947323
6804	0.36007643
6805	0.36036819
6806	0.36049062
6807	0.36043707
6808	0.36035135
6809	0.36028478
6810	0.35976830
6811	0.35990906
6812	0.36009631
6813	0.36066198
6814	0.36115167
6815	0.36157176
6816	0.36203593
6817	0.36246449
6818	0.36285120
6819	0.36326766
6820	0.36438194
6821	0.36562499
6822	0.36499494
6823	0.36472824
6824	0.36552313
6825	0.36620733
6826	0.36737761
6827	0.36812732
6828	0.36901650
6829	0.36998257
6830	0.37000111
6831	0.37161234
6832	0.37279612
6833	0.37393105
6834	0.37480310
6835	0.37547243
6836	0.37591380
6837	0.37637761
6838	0.37671655
6839	0.37696049
6840	0.37733206
6841	0.37765524
6842	0.37770864
6843	0.37750763
6844	0.37723720
6845	0.37686679
6846	0.37656051
6847	0.37657771
6848	0.37632719
6849	0.37606156
6850	0.37611130
6851	0.37626582
6852	0.37673295
6853	0.37736169
6854	0.37808755
6855	0.37885010
6856	0.37968495
6857	0.38071540
6858	0.38182297
6859	0.38300350
6860	0.38432944
6861	0.38591182
6862	0.38762617
6863	0.38957512
6864	0.39184704
6865	0.39445427
6866	0.39725953
6867	0.40012071
6868	0.40300363
6869	0.40580675
6870	0.40728900
6871	0.40989301
6872	0.41108328
6873	0.41366068
6874	0.41570601
6875	0.41751847
6876	0.41911924
6877	0.42097020
6878	0.42455763
6879	0.42555034
6880	0.42475775
6881	0.42556521
6882	0.42713928
6883	0.42780164
6884	0.42792767
6885	0.42802969
6886	0.42772883
6887	0.42694807
6888	0.42577711
6889	0.42401260
6890	0.42193288
6891	0.42005935
6892	0.41794249
6893	0.41560772
6894	0.41310269
6895	0.41132757
6896	0.40856442
6897	0.40573210
6898	0.40200934
6899	0.39990839
6900	0.39798248
6901	0.39608595
6902	0.39400679
6903	0.39223364
6904	0.38858226
6905	0.38810030
6906	0.38776982
6907	0.38771200
6908	0.38810828
6909	0.38880429
6910	0.38985866
6911	0.39103255
6912	0.39218447
6913	0.39313227
6914	0.39361453
6915	0.39285639
6916	0.39234647
6917	0.39109117
6918	0.38972786
6919	0.38802975
6920	0.38571021
6921	0.38421005
6922	0.38476086
6923	0.38362396
6924	0.38196182
6925	0.37961605
6926	0.37734577
6927	0.37543565
6928	0.37379017
6929	0.37262827
6930	0.37282932
6931	0.37259588
6932	0.37253153
6933	0.37269521
6934	0.37308165
6935	0.37389112
6936	0.37420467
6937	0.37450445
6938	0.37479922
6939	0.37497115
6940	0.37496892
6941	0.37486044
6942	0.37423170
6943	0.37410435
6944	0.37420842
6945	0.37432927
6946	0.37485945
6947	0.37521031
6948	0.37541106
6949	0.37574416
6950	0.37598768
6951	0.37635386
6952	0.37828529
6953	0.37752050
6954	0.37793991
6955	0.37844881
6956	0.37815076
6957	0.37962773
6958	0.38040623
6959	0.38116482
6960	0.38182676
6961	0.38181499
6962	0.38314655
6963	0.38420668
6964	0.38541088
6965	0.38667390
6966	0.38798133
6967	0.38928670
6968	0.39055032
6969	0.39166290
6970	0.39275670
6971	0.39380166
6972	0.39478293
6973	0.39560267
6974	0.39637822
6975	0.39689445
6976	0.39748362
6977	0.39722228
6978	0.39713094
6979	0.39709869
6980	0.39718726
6981	0.39739764
6982	0.39791289
6983	0.39878234
6984	0.39978227
6985	0.40120199
6986	0.40226749
6987	0.40355805
6988	0.40547922
6989	0.40925160
6990	0.41184700
6991	0.41442922
6992	0.41702935
6993	0.41979894
6994	0.42262417
6995	0.42573768
6996	0.42912051
6997	0.43272600
6998	0.43643442
6999	0.44018990
7000	0.44372472
7001	0.44746125
7002	0.45044777
7003	0.45215055
7004	0.45391974
7005	0.45641881
7006	0.45851129
7007	0.46022162
7008	0.46172124
7009	0.46278805
7010	0.46346188
7011	0.46398595
7012	0.46479234
7013	0.46441206
7014	0.46351930
7015	0.46224782
7016	0.46098337
7017	0.45893368
7018	0.45606005
7019	0.45322746
7020	0.44966567
7021	0.44622219
7022	0.44251370
7023	0.43855372
7024	0.43442419
7025	0.43108371
7026	0.42686731
7027	0.42268839
7028	0.41779512
7029	0.41411266
7030	0.41071060
7031	0.40923113
7032	0.40658125
7033	0.40437812
7034	0.40273020
7035	0.39934760
7036	0.39896652
7037	0.39865932
7038	0.39855686
7039	0.39860460
7040	0.39818823
7041	0.39852121
7042	0.39879021
7043	0.39860451
7044	0.39793834
7045	0.39681941
7046	0.39497134
7047	0.39282870
7048	0.39009351
7049	0.38707480
7050	0.38392988
7051	0.38040349
7052	0.37688190
7053	0.37548780
7054	0.37473270
7055	0.37302813
7056	0.37187287
7057	0.36980325
7058	0.36765423
7059	0.36556703
7060	0.36371320
7061	0.36234337
7062	0.36203909
7063	0.36320531
7064	0.36307013
7065	0.36341608
7066	0.36396241
7067	0.36473531
7068	0.36550859
7069	0.36593750
7070	0.36610693
7071	0.36609969
7072	0.36601099
7073	0.36590081
7074	0.36552516
7075	0.36553097
7076	0.36579368
7077	0.36595938
7078	0.36669227
7079	0.36692095
7080	0.36726993
7081	0.36744872
7082	0.36775210
7083	0.36820510
7084	0.36995032
7085	0.37028483
7086	0.36958072
7087	0.36997524
7088	0.37010196
7089	0.37139529
7090	0.37219203
7091	0.37289688
7092	0.37376100
7093	0.37460050
7094	0.37458158
7095	0.37574843
7096	0.37685955
7097	0.37793776
7098	0.37885585
7099	0.37962785
7100	0.38025013
7101	0.38087770
7102	0.38138574
7103	0.38172987
7104	0.38201556
7105	0.38219133
7106	0.38213328
7107	0.38206801
7108	0.38196701
7109	0.38173723
7110	0.38154006
7111	0.38141119
7112	0.38142285
7113	0.38161764
7114	0.38199702
7115	0.38243303
7116	0.38304910
7117	0.38363969
7118	0.38413966
7119	0.38618898
7120	0.38743407
7121	0.38868657
7122	0.38993827
7123	0.39107555
7124	0.39220515
7125	0.39327946
7126	0.39438382
7127	0.39562067
7128	0.39716804
7129	0.39895472
7130	0.40078658
7131	0.40251607
7132	0.40240008
7133	0.40415126
7134	0.40683070
7135	0.40814590
7136	0.40924397
7137	0.40855119
7138	0.40936413
7139	0.40841374
7140	0.41012132
7141	0.41030154
7142	0.41023144
7143	0.41000253
7144	0.40956572
7145	0.40896636
7146	0.40816161
7147	0.40867552
7148	0.40743428
7149	0.40610871
7150	0.40455669
7151	0.40280902
7152	0.40083870
7153	0.39821690
7154	0.39581418
7155	0.39395252
7156	0.39120233
7157	0.38746351
7158	0.38515612
7159	0.38189420
7160	0.37782675
7161	0.37597048
7162	0.37243906
7163	0.36947688
7164	0.36648259
7165	0.36212716
7166	0.35998720
7167	0.35838321
7168	0.35748652
7169	0.35741588
7170	0.35769877
7171	0.35884038
7172	0.35907367
7173	0.36186898
7174	0.36493307
7175	0.36808643
7176	0.37185079
7177	0.37402669
7178	0.37550068
7179	0.37626243
7180	0.37631166
7181	0.37601233
7182	0.37456566
7183	0.37353605
7184	0.37191737
7185	0.37027186
7186	0.37135977
7187	0.37050328
7188	0.36828625
7189	0.36564589
7190	0.36211774
7191	0.35993367
7192	0.35788015
7193	0.35631901
7194	0.35545900
7195	0.35491657
7196	0.35441381
7197	0.35442102
7198	0.35569790
7199	0.35593209
7200	0.35608703
7201	0.35675824
7202	0.35692567
7203	0.35698643
7204	0.35677591
7205	0.35649729
7206	0.35634685
7207	0.35630813
7208	0.35596445
7209	0.35628065
7210	0.35661393
7211	0.35727131
7212	0.35764071
7213	0.35807553
7214	0.35848024
7215	0.35897267
7216	0.36102876
7217	0.36156520
7218	0.36103329
7219	0.36166596
7220	0.36134589
7221	0.36262643
7222	0.36412206
7223	0.36481571
7224	0.36578593
7225	0.36567709
7226	0.36742082
7227	0.36867508
7228	0.37002593
7229	0.37157661
7230	0.37323558
7231	0.37492207
7232	0.37639135
7233	0.37780777
7234	0.37918010
7235	0.38063079
7236	0.38201833
7237	0.38357556
7238	0.38511476
7239	0.38669476
7240	0.38796964
7241	0.38928378
7242	0.39052895
7243	0.39170426
7244	0.39332771
7245	0.39459831
7246	0.39590573
7247	0.39717048
7248	0.39859778
7249	0.40025854
7250	0.40188694
7251	0.40368113
7252	0.40538663
7253	0.40720117
7254	0.40903828
7255	0.41088030
7256	0.41273391
7257	0.41459161
7258	0.41651091
7259	0.41854826
7260	0.42081904
7261	0.42334548
7262	0.42616412
7263	0.42730516
7264	0.43032429
7265	0.43362358
7266	0.43710229
7267	0.44004008
7268	0.44284377
7269	0.44452867
7270	0.44707933
7271	0.44935066
7272	0.45031238
7273	0.45322734
7274	0.45487279
7275	0.45620123
7276	0.45728338
7277	0.45946166
7278	0.45972285
7279	0.45996401
7280	0.45983535
7281	0.45939004
7282	0.45861581
7283	0.45748904
7284	0.45599365
7285	0.45413348
7286	0.45146945
7287	0.44893879
7288	0.44604638
7289	0.44363648
7290	0.44027358
7291	0.43660283
7292	0.43278983
7293	0.42893443
7294	0.42511910
7295	0.42128283
7296	0.41864035
7297	0.41560397
7298	0.41268638
7299	0.41007012
7300	0.40590593
7301	0.40427342
7302	0.40317291
7303	0.40239546
7304	0.40203524
7305	0.40213525
7306	0.40261799
7307	0.40334266
7308	0.40416995
7309	0.40492684
7310	0.40528944
7311	0.40522546
7312	0.40471715
7313	0.40362775
7314	0.40175909
7315	0.40001011
7316	0.39799872
7317	0.39598817
7318	0.39357042
7319	0.39194149
7320	0.39300683
7321	0.39116308
7322	0.38951570
7323	0.38772640
7324	0.38568363
7325	0.38383839
7326	0.38187462
7327	0.37996891
7328	0.37867433
7329	0.37837198
7330	0.37874171
7331	0.37879083
7332	0.37920940
7333	0.37956876
7334	0.37987068
7335	0.38014427
7336	0.38084990
7337	0.38092327
7338	0.38078010
7339	0.38069117
7340	0.38067919
7341	0.38079518
7342	0.38051197
7343	0.38095137
7344	0.38129279
7345	0.38168842
7346	0.38211089
7347	0.38260034
7348	0.38327071
7349	0.38372692
7350	0.38564754
7351	0.38604510
7352	0.38545528
7353	0.38601068
7354	0.38685203
7355	0.38774535
7356	0.38858294
7357	0.38927588
7358	0.39021268
7359	0.39086238
7360	0.39072466
7361	0.39143378
7362	0.39262602
7363	0.39393619
7364	0.39529809
7365	0.39642984
7366	0.39722458
7367	0.39784089
7368	0.39848876
7369	0.39912134
7370	0.40001461
7371	0.40089065
7372	0.40161514
7373	0.40216172
7374	0.40253431
7375	0.40285406
7376	0.40294033
7377	0.40289176
7378	0.40355477
7379	0.40367445
7380	0.40367842
7381	0.40384424
7382	0.40405899
7383	0.40442362
7384	0.40507385
7385	0.40543810
7386	0.40582195
7387	0.40632421
7388	0.40687442
7389	0.40744483
7390	0.40802589
7391	0.40861180
7392	0.40937370
7393	0.41021797
7394	0.41129342
7395	0.41265005
7396	0.41428888
7397	0.41409761
7398	0.41581553
7399	0.41763470
7400	0.42033401
7401	0.42198032
7402	0.42348993
7403	0.42343846
7404	0.42473629
7405	0.42576820
7406	0.42557973
7407	0.42720425
7408	0.42772692
7409	0.42804757
7410	0.42819494
7411	0.42816299
7412	0.42923808
7413	0.42861369
7414	0.42799094
7415	0.42706218
7416	0.42596984
7417	0.42465225
7418	0.42310086
7419	0.42134595
7420	0.41888624
7421	0.41668138
7422	0.41427407
7423	0.41169548
7424	0.40894067
7425	0.40635839
7426	0.40331560
7427	0.39983749
7428	0.39661372
7429	0.39366674
7430	0.39155939
7431	0.38877147
7432	0.38600373
7433	0.38356668
7434	0.37994593
7435	0.37871578
7436	0.37804127
7437	0.37808388
7438	0.37839627
7439	0.37943566
7440	0.38104284
7441	0.38300040
7442	0.38522792
7443	0.38734451
7444	0.38912734
7445	0.39037222
7446	0.39083266
7447	0.38979286
7448	0.38875347
7449	0.38719857
7450	0.38540146
7451	0.38328177
7452	0.38075289
7453	0.37885907
7454	0.37930250
7455	0.37754196
7456	0.37562326
7457	0.37319106
7458	0.37077275
7459	0.36866638
7460	0.36664820
7461	0.36485472
7462	0.36438367
7463	0.36504379
7464	0.36442959
7465	0.36466274
7466	0.36517572
7467	0.36574012
7468	0.36670277
7469	0.36712289
7470	0.36733916
7471	0.36739260
7472	0.36734039
7473	0.36739236
7474	0.36750889
7475	0.36717084
7476	0.36748675
7477	0.36777061
7478	0.36818793
7479	0.36890599
7480	0.36931327
7481	0.36970407
7482	0.37010977
7483	0.37059203
7484	0.37152290
7485	0.37167990
7486	0.37214810
7487	0.37262553
7488	0.37217799
7489	0.37337771
7490	0.37448573
7491	0.37530500
7492	0.37612423
7493	0.37702885
7494	0.37736511
7495	0.37856624
7496	0.37978891
7497	0.38110733
7498	0.38232839
7499	0.38333133
7500	0.38426241
7501	0.38512841
7502	0.38606906
7503	0.38694927
7504	0.38793981
7505	0.38846537
7506	0.38943070
7507	0.39003941
7508	0.39034832
7509	0.39048541
7510	0.39051935
7511	0.39059377
7512	0.39140096
7513	0.39173281
7514	0.39238432
7515	0.39308506
7516	0.39395744
7517	0.39492834
7518	0.39634079
7519	0.39772344
7520	0.39914143
7521	0.40075204
7522	0.40247259
7523	0.40421382
7524	0.40591529
7525	0.40770841
7526	0.40957361
7527	0.41164842
7528	0.41400087
7529	0.41674602
7530	0.41972616
7531	0.42295679
7532	0.42613417
7533	0.42732802
7534	0.43042162
7535	0.43344557
7536	0.43698016
7537	0.43952996
7538	0.44180688
7539	0.44167864
7540	0.44401595
7541	0.44563046
7542	0.44666904
7543	0.44728425
7544	0.44754103
7545	0.44865534
7546	0.44794345
7547	0.44700029
7548	0.44571695
7549	0.44406348
7550	0.44232196
7551	0.44006291
7552	0.43691960
7553	0.43382996
7554	0.42999515
7555	0.42636213
7556	0.42248958
7557	0.41847518
7558	0.41429076
7559	0.41003990
7560	0.40578413
7561	0.40161124
7562	0.39772946
7563	0.39515817
7564	0.39183265
7565	0.38903859
7566	0.38644540
7567	0.38216320
7568	0.38092041
7569	0.37982368
7570	0.37898216
7571	0.37849057
7572	0.37827566
7573	0.37785089
7574	0.37829348
7575	0.37887442
7576	0.37934914
7577	0.37954009
7578	0.37935153
7579	0.37860507
7580	0.37745199
7581	0.37567678
7582	0.37354800
7583	0.37105694
7584	0.36846957
7585	0.36518955
7586	0.36280400
7587	0.36334506
7588	0.36153826
7589	0.35963777
7590	0.35729474
7591	0.35458741
7592	0.35244507
7593	0.35035846
7594	0.34864298
7595	0.34810147
7596	0.34769621
7597	0.34721941
7598	0.34733570
7599	0.34862581
7600	0.34901902
7601	0.34986782
7602	0.35017323
7603	0.35033244
7604	0.35025185
7605	0.35010198
7606	0.34995824
7607	0.34989846
7608	0.34950221
7609	0.34966847
7610	0.35018861
7611	0.35053697
7612	0.35085464
7613	0.35125384
7614	0.35160798
7615	0.35204351
7616	0.35238236
7617	0.35442370
7618	0.35486335
7619	0.35420009
7620	0.35408211
7621	0.35483286
7622	0.35618129
7623	0.35710359
7624	0.35777828
7625	0.35875079
7626	0.35969982
7627	0.36008862
7628	0.36128208
7629	0.36247006
7630	0.36376771
7631	0.36518121
7632	0.36636299
7633	0.36742824
7634	0.36842975
7635	0.36944756
7636	0.37040260
7637	0.37135717
7638	0.37223145
7639	0.37277311
7640	0.37366387
7641	0.37426996
7642	0.37481657
7643	0.37547207
7644	0.37677345
7645	0.37772602
7646	0.37875742
7647	0.37985834
7648	0.38115716
7649	0.38262206
7650	0.38442522
7651	0.38588238
7652	0.38732639
7653	0.38878834
7654	0.39028987
7655	0.39182672
7656	0.39328393
7657	0.39481208
7658	0.39648888
7659	0.39821187
7660	0.40008217
7661	0.40218776
7662	0.40444607
7663	0.40683466
7664	0.40722215
7665	0.40950587
7666	0.41251665
7667	0.41473100
7668	0.41671383
7669	0.41854480
7670	0.41903844
7671	0.42049143
7672	0.42062464
7673	0.42279699
7674	0.42525426
7675	0.42607808
7676	0.42666680
7677	0.42630047
7678	0.42650783
7679	0.42589009
7680	0.42544135
7681	0.42464057
7682	0.42370445
7683	0.42252594
7684	0.42108592
7685	0.41937804
7686	0.41699177
7687	0.41480765
7688	0.41241831
7689	0.40984964
7690	0.40704826
7691	0.40415004
7692	0.40116259
7693	0.39813414
7694	0.39527541
7695	0.39332792
7696	0.39068004
7697	0.38812691
7698	0.38571420
7699	0.38187638
7700	0.38046512
7701	0.37921903
7702	0.37849516
7703	0.37801465
7704	0.37802458
7705	0.37831658
7706	0.37888521
7707	0.37920403
7708	0.38038665
7709	0.38126531
7710	0.38232434
7711	0.38243619
7712	0.38193187
7713	0.38084209
7714	0.37915611
7715	0.37709159
7716	0.37470883
7717	0.37194508
7718	0.36893210
7719	0.36859369
7720	0.36828440
7721	0.36675736
7722	0.36511341
7723	0.36272603
7724	0.36053437
7725	0.35864154
7726	0.35641077
7727	0.35462043
7728	0.35367921
7729	0.35358626
7730	0.35319951
7731	0.35334259
7732	0.35498998
7733	0.35550681
7734	0.35593840
7735	0.35683864
7736	0.35698873
7737	0.35690346
7738	0.35677132
7739	0.35661519
7740	0.35655698
7741	0.35662812
7742	0.35631120
7743	0.35656503
7744	0.35682458
7745	0.35750800
7746	0.35781574
7747	0.35816690
7748	0.35849458
7749	0.35891157
7750	0.36076140
7751	0.36002374
7752	0.36047137
7753	0.36113372
7754	0.36092278
7755	0.36273760
7756	0.36356407
7757	0.36438400
7758	0.36515862
7759	0.36620605
7760	0.36582494
7761	0.36695608
7762	0.36813742
7763	0.36937758
7764	0.37052491
7765	0.37155735
7766	0.37235042
7767	0.37318841
7768	0.37403369
7769	0.37492427
7770	0.37579700
7771	0.37656122
7772	0.37716618
7773	0.37762570
7774	0.37815830
7775	0.37849140
7776	0.37875918
7777	0.37920627
7778	0.38058388
7779	0.38058373
7780	0.38122711
7781	0.38178375
7782	0.38261190
7783	0.38334626
7784	0.38466030
7785	0.38556376
7786	0.38646308
7787	0.38743615
7788	0.38841978
7789	0.38953492
7790	0.39046925
7791	0.39147115
7792	0.39264899
7793	0.39406124
7794	0.39565808
7795	0.39750206
7796	0.39758974
7797	0.40035570
7798	0.40227848
7799	0.40417060
7800	0.40598568
7801	0.40631124
7802	0.40783504
7803	0.40906227
7804	0.41017187
7805	0.40992382
7806	0.41199696
7807	0.41255769
7808	0.41469765
7809	0.41520679
7810	0.41354096
7811	0.41353494
7812	0.41443068
7813	0.41406107
7814	0.41336337
7815	0.41253462
7816	0.41149783
7817	0.41023257
7818	0.40871945
7819	0.40696394
7820	0.40456739
7821	0.40237346
7822	0.40000317
7823	0.39829242
7824	0.39559066
7825	0.39274395
7826	0.38901058
7827	0.38726327
7828	0.38434434
7829	0.38169628
7830	0.37887239
7831	0.37468067
7832	0.37252957
7833	0.37066913
7834	0.36927211
7835	0.36834851
7836	0.36800605
7837	0.36821789
7838	0.36869973
7839	0.36967963
7840	0.37072334
7841	0.37210917
7842	0.37324271
7843	0.37416404
7844	0.37446597
7845	0.37413400
7846	0.37314251
7847	0.37154114
7848	0.36950544
7849	0.36726907
7850	0.36435193
7851	0.36149329
7852	0.35926116
7853	0.36006510
7854	0.35836038
7855	0.35665491
7856	0.35433722
7857	0.35171226
7858	0.34977621
7859	0.34788269
7860	0.34617111
7861	0.34441325
7862	0.34416005
7863	0.34412757
7864	0.34419811
7865	0.34420031
7866	0.34447873
7867	0.34620953
7868	0.34587967
7869	0.34612963
7870	0.34646463
7871	0.34628445
7872	0.34610066
7873	0.34599465
7874	0.34599772
7875	0.34623843
7876	0.34630945
7877	0.34626207
7878	0.34686923
7879	0.34721512
7880	0.34924552
7881	0.34786966
7882	0.34823671
7883	0.35016656
7884	0.35053685
7885	0.34982172
7886	0.35032171
7887	0.35090616
7888	0.35098472
7889	0.35264525
7890	0.35358828
7891	0.35450071
7892	0.35542747
7893	0.35519645
7894	0.35701627
7895	0.35763076
7896	0.35891235
7897	0.36029688
7898	0.36155269
7899	0.36261275
7900	0.36340886
7901	0.36420384
7902	0.36498117
7903	0.36576870
7904	0.36670747
7905	0.36755899
7906	0.36830750
7907	0.36890846
7908	0.36948413
7909	0.37007931
7910	0.37076837
7911	0.37154198
7912	0.37321728
7913	0.37430340
7914	0.37541968
7915	0.37640437
7916	0.37735379
7917	0.37892863
7918	0.38061142
7919	0.38224480
7920	0.38398069
7921	0.38584676
7922	0.38771951
7923	0.38966981
7924	0.39154232
7925	0.39334759
7926	0.39533356
7927	0.39744666
7928	0.39995417
7929	0.40212688
7930	0.40346804
7931	0.40609106
7932	0.40880790
7933	0.41045889
7934	0.41296685
7935	0.41526809
7936	0.41742826
7937	0.41940799
7938	0.42037964
7939	0.42188993
7940	0.42567751
7941	0.42742017
7942	0.42872280
7943	0.42975685
7944	0.42999369
7945	0.43046597
7946	0.43096286
7947	0.43115342
7948	0.43121985
7949	0.43103242
7950	0.43068859
7951	0.43011379
7952	0.42928666
7953	0.42818961
7954	0.42641768
7955	0.42589197
7956	0.42408040
7957	0.42203644
7958	0.41980049
7959	0.41745886
7960	0.41501477
7961	0.41154504
7962	0.40893087
7963	0.40747410
7964	0.40520361
7965	0.40292901
7966	0.40083227
7967	0.39702550
7968	0.39616153
7969	0.39532369
7970	0.39514634
7971	0.39515695
7972	0.39562422
7973	0.39651689
7974	0.39771503
7975	0.39910993
7976	0.40052938
7977	0.40197796
7978	0.40259674
7979	0.40264797
7980	0.40235299
7981	0.40148303
7982	0.39981312
7983	0.39797214
7984	0.39569452
7985	0.39410147
7986	0.39536417
7987	0.39350593
7988	0.39177352
7989	0.39037412
7990	0.38817361
7991	0.38654175
7992	0.38526601
7993	0.38385013
7994	0.38277894
7995	0.38389087
7996	0.38280708
7997	0.38268590
7998	0.38312563
7999	0.38350263
8000	0.38382930
8001	0.38408580
8002	0.38472337
8003	0.38467920
8004	0.38448715
8005	0.38422662
8006	0.38405073
8007	0.38399068
8008	0.38402092
8009	0.38367209
8010	0.38385019
8011	0.38410273
8012	0.38438079
8013	0.38461491
8014	0.38525823
8015	0.38552243
8016	0.38729727
8017	0.38760468
8018	0.38682854
8019	0.38721645
8020	0.38776585
8021	0.38851735
8022	0.38935637
8023	0.38997084
8024	0.39093372
8025	0.39177373
8026	0.39177173
8027	0.39316133
8028	0.39368722
8029	0.39500117
8030	0.39627588
8031	0.39742672
8032	0.39824671
8033	0.39883384
8034	0.39937788
8035	0.39982349
8036	0.40025255
8037	0.40069273
8038	0.40087631
8039	0.40096182
8040	0.40076908
8041	0.40044230
8042	0.40017357
8043	0.39969143
8044	0.39939770
8045	0.39936164
8046	0.39952713
8047	0.39994302
8048	0.40072158
8049	0.40154532
8050	0.40287054
8051	0.40433407
8052	0.40595916
8053	0.40773174
8054	0.40956005
8055	0.41150528
8056	0.41361722
8057	0.41569841
8058	0.41806191
8059	0.42075142
8060	0.42366460
8061	0.42687833
8062	0.43030334
8063	0.43380135
8064	0.43721157
8065	0.44057661
8066	0.44259617
8067	0.44581172
8068	0.44889194
8069	0.45086497
8070	0.45359853
8071	0.45564803
8072	0.45755064
8073	0.46037817
8074	0.46218720
8075	0.46378177
8076	0.46669075
8077	0.46743834
8078	0.46833748
8079	0.46893916
8080	0.46930018
8081	0.46973744
8082	0.46948397
8083	0.46863970
8084	0.46777758
8085	0.46663529
8086	0.46470952
8087	0.46292052
8088	0.46087679
8089	0.45917234
8090	0.45679918
8091	0.45392442
8092	0.45087692
8093	0.44762656
8094	0.44407314
8095	0.44073743
8096	0.43710950
8097	0.43512014
8098	0.43252978
8099	0.42984477
8100	0.42741260
8101	0.42571852
8102	0.42265233
8103	0.42243096
8104	0.42252469
8105	0.42316288
8106	0.42420954
8107	0.42551288
8108	0.42693171
8109	0.42792374
8110	0.42831838
8111	0.42829880
8112	0.42783090
8113	0.42686266
8114	0.42537379
8115	0.42350286
8116	0.42057705
8117	0.41849917
8118	0.42011288
8119	0.41885182
8120	0.41853562
8121	0.41683131
8122	0.41525891
8123	0.41377506
8124	0.41231588
8125	0.41072673
8126	0.40969324
8127	0.40925169
8128	0.40881872
8129	0.40881446
8130	0.40935373
8131	0.40991008
8132	0.41043851
8133	0.41090319
8134	0.41164926
8135	0.41170168
8136	0.41160455
8137	0.41146243
8138	0.41131923
8139	0.41125485
8140	0.41086772
8141	0.41086078
8142	0.41102684
8143	0.41118649
8144	0.41147664
8145	0.41161850
8146	0.41189402
8147	0.41211328
8148	0.41343135
8149	0.41450077
8150	0.41380513
8151	0.41429096
8152	0.41501582
8153	0.41584241
8154	0.41648820
8155	0.41729265
8156	0.41795933
8157	0.41877505
8158	0.41967177
8159	0.41845307
8160	0.42015135
8161	0.42117804
8162	0.42206487
8163	0.42269161
8164	0.42313176
8165	0.42360166
8166	0.42395824
8167	0.42438045
8168	0.42479113
8169	0.42513439
8170	0.42536247
8171	0.42551517
8172	0.42547709
8173	0.42538935
8174	0.42544898
8175	0.42555913
8176	0.42642376
8177	0.42683473
8178	0.42733848
8179	0.42788419
8180	0.42872524
8181	0.42954928
8182	0.43087178
8183	0.43193918
8184	0.43299821
8185	0.43424177
8186	0.43533349
8187	0.43651563
8188	0.43769646
8189	0.43900651
8190	0.44043505
8191	0.44207990
8192	0.44399855
8193	0.44614404
8194	0.44850662
8195	0.45079663
8196	0.45288077
8197	0.45458189
8198	0.45515999
8199	0.45751321
8200	0.45954639
8201	0.46083596
8202	0.46062046
8203	0.46139073
8204	0.46197465
8205	0.46225005
8206	0.46225166
8207	0.46198952
8208	0.46246687
8209	0.46165261
8210	0.46057156
8211	0.45918131
8212	0.45756996
8213	0.45607671
8214	0.45348677
8215	0.45095995
8216	0.44779021
8217	0.44478360
8218	0.44153827
8219	0.43804109
8220	0.43435922
8221	0.43131420
8222	0.42728582
8223	0.42311460
8224	0.41868255
8225	0.41444829
8226	0.40994513
8227	0.40722227
8228	0.40343073
8229	0.40015599
8230	0.39458820
8231	0.39234295
8232	0.39025572
8233	0.38873035
8234	0.38773894
8235	0.38723695
8236	0.38725057
8237	0.38777700
8238	0.38852662
8239	0.38940281
8240	0.39014906
8241	0.39040184
8242	0.39020061
8243	0.38942078
8244	0.38738427
8245	0.38539675
8246	0.38316184
8247	0.38067797
8248	0.37820616
8249	0.37525639
8250	0.37297782
8251	0.37343484
8252	0.37147209
8253	0.36983666
8254	0.36735332
8255	0.36444327
8256	0.36266845
8257	0.36053267
8258	0.35852262
8259	0.35722005
8260	0.35705593
8261	0.35650292
8262	0.35784641
8263	0.35800856
8264	0.35846624
8265	0.35887402
8266	0.35973811
8267	0.35984752
8268	0.35976410
8269	0.35956216
8270	0.35942799
8271	0.35938126
8272	0.35948649
8273	0.35908824
8274	0.35931039
8275	0.35952532
8276	0.36022845
8277	0.36047581
8278	0.36080098
8279	0.36104140
8280	0.36151224
8281	0.36348355
8282	0.36284399
8283	0.36336353
8284	0.36399043
8285	0.36485583
8286	0.36512971
8287	0.36673999
8288	0.36779892
8289	0.36876652
8290	0.36986297
8291	0.36947843
8292	0.37113437
8293	0.37246716
8294	0.37400243
8295	0.37557173
8296	0.37710685
8297	0.37846419
8298	0.37988937
8299	0.38132858
8300	0.38262773
8301	0.38404226
8302	0.38546631
8303	0.38682470
8304	0.38800898
8305	0.38922027
8306	0.39043105
8307	0.39162785
8308	0.39283636
8309	0.39438382
8310	0.39561072
8311	0.39715171
8312	0.39882597
8313	0.40065363
8314	0.40251756
8315	0.40442011
8316	0.40586254
8317	0.40777108
8318	0.40976912
8319	0.41182795
8320	0.41387650
8321	0.41749716
8322	0.41977063
8323	0.42175433
8324	0.42374468
8325	0.42579332
8326	0.42787561
8327	0.43003178
8328	0.43203422
8329	0.43372217
8330	0.43453521
8331	0.43689343
8332	0.43934074
8333	0.44103131
8334	0.44258294
8335	0.44266841
8336	0.44396204
8337	0.44371063
8338	0.44565475
8339	0.44618562
8340	0.44641715
8341	0.44826061
8342	0.44645533
8343	0.44645473
8344	0.44633591
8345	0.44559956
8346	0.44448739
8347	0.44322792
8348	0.44167235
8349	0.43940219
8350	0.43716857
8351	0.43460265
8352	0.43178287
8353	0.42823592
8354	0.42482740
8355	0.42125884
8356	0.41822609
8357	0.41421589
8358	0.41002232
8359	0.40574220
8360	0.40066174
8361	0.39766651
8362	0.39374262
8363	0.38971028
8364	0.38634831
8365	0.38171118
8366	0.37861893
8367	0.37665704
8368	0.37544101
8369	0.37496841
8370	0.37515593
8371	0.37609255
8372	0.37770978
8373	0.37981713
8374	0.38210338
8375	0.38427550
8376	0.38583052
8377	0.38689309
8378	0.38738808
8379	0.38729823
8380	0.38677385
8381	0.38563392
8382	0.38425046
8383	0.38203707
8384	0.38068894
8385	0.38132417
8386	0.37926531
8387	0.37741420
8388	0.37557134
8389	0.37360641
8390	0.37183523
8391	0.36965305
8392	0.36758322
8393	0.36678219
8394	0.36598232
8395	0.36646414
8396	0.36616278
8397	0.36644065
8398	0.36686781
8399	0.36724871
8400	0.36801788
8401	0.36819875
8402	0.36818582
8403	0.36806121
8404	0.36786669
8405	0.36776894
8406	0.36778802
8407	0.36737552
8408	0.36763433
8409	0.36788008
8410	0.36843243
8411	0.36886203
8412	0.36912587
8413	0.36951360
8414	0.36990765
8415	0.37189230
8416	0.37235680
8417	0.37175953
8418	0.37208602
8419	0.37298200
8420	0.37396580
8421	0.37491760
8422	0.37572449
8423	0.37674376
8424	0.37648278
8425	0.37809679
8426	0.37931463
8427	0.38067195
8428	0.38214657
8429	0.38361847
8430	0.38502386
8431	0.38634562
8432	0.38774195
8433	0.38918179
8434	0.39059168
8435	0.39219970
8436	0.39374840
8437	0.39518917
8438	0.39621454
8439	0.39795956
8440	0.39935154
8441	0.40079400
8442	0.40235668
8443	0.40374148
8444	0.40540537
8445	0.40722555
8446	0.40911314
8447	0.41109198
8448	0.41316175
8449	0.41454712
8450	0.41664064
8451	0.41875499
8452	0.42231283
8453	0.42463288
8454	0.42681250
8455	0.42899367
8456	0.43108952
8457	0.43316892
8458	0.43540359
8459	0.43780050
8460	0.44029313
8461	0.44284835
8462	0.44538248
8463	0.44739667
8464	0.44870350
8465	0.45185068
8466	0.45404854
8467	0.45601141
8468	0.45661765
8469	0.45828333
8470	0.45856994
8471	0.46061075
8472	0.46159697
8473	0.46216765
8474	0.46270910
8475	0.46291354
8476	0.46390456
8477	0.46368948
8478	0.46324068
8479	0.46253851
8480	0.46165496
8481	0.46055427
8482	0.45920926
8483	0.45766500
8484	0.45597965
8485	0.45363167
8486	0.45158041
8487	0.44940567
8488	0.44753042
8489	0.44556248
8490	0.44228619
8491	0.43998685
8492	0.43756258
8493	0.43507496
8494	0.43297315
8495	0.43235001
8496	0.43044338
8497	0.42874178
8498	0.42739630
8499	0.42636123
8500	0.42386544
8501	0.42364758
8502	0.42363557
8503	0.42363116
8504	0.42389858
8505	0.42358318
8506	0.42435279
8507	0.42483863
8508	0.42546093
8509	0.42501336
8510	0.42380854
8511	0.42153415
8512	0.41913894
8513	0.41649908
8514	0.41367382
8515	0.41075912
8516	0.40763637
8517	0.40541121
8518	0.40574646
8519	0.40327576
8520	0.40307021
8521	0.40128732
8522	0.39947250
8523	0.39793533
8524	0.39631110
8525	0.39461166
8526	0.39332747
8527	0.39325312
8528	0.39273229
8529	0.39264065
8530	0.39319426
8531	0.39360833
8532	0.39400911
8533	0.39429653
8534	0.39484736
8535	0.39496484
8536	0.39481768
8537	0.39467159
8538	0.39544779
8539	0.39543623
8540	0.39552325
8541	0.39518964
8542	0.39543414
8543	0.39568892
8544	0.39597964
8545	0.39626926
8546	0.39648485
8547	0.39697775
8548	0.39897209
8549	0.39930832
8550	0.39858204
8551	0.39903602
8552	0.39969316
8553	0.40026775
8554	0.40113518
8555	0.40197212
8556	0.40279150
8557	0.40340099
8558	0.40313414
8559	0.40388742
8560	0.40492645
8561	0.40614089
8562	0.40741932
8563	0.40872192
8564	0.40986568
8565	0.41086936
8566	0.41182891
8567	0.41273972
8568	0.41349858
8569	0.41414639
8570	0.41456637
8571	0.41480517
8572	0.41491812
8573	0.41481647
8574	0.41452914
8575	0.41413021
8576	0.41385537
8577	0.41368383
8578	0.41365659
8579	0.41375211
8580	0.41402242
8581	0.41444054
8582	0.41493326
8583	0.41510165
8584	0.41582242
8585	0.41673523
8586	0.41772872
8587	0.42051268
8588	0.42200035
8589	0.42350858
8590	0.42496389
8591	0.42671239
8592	0.42855346
8593	0.43052873
8594	0.43271068
8595	0.43350169
8596	0.43594527
8597	0.43804660
8598	0.43999562
8599	0.44061145
8600	0.44229254
8601	0.44363210
8602	0.44474834
8603	0.44575259
8604	0.44650975
8605	0.44705513
8606	0.44898918
8607	0.44744727
8608	0.44842079
8609	0.44790700
8610	0.44729033
8611	0.44641027
8612	0.44529158
8613	0.44390711
8614	0.44229141
8615	0.43999100
8616	0.43794733
8617	0.43575633
8618	0.43337709
8619	0.43083960
8620	0.42902672
8621	0.42635059
8622	0.42354569
8623	0.42074278
8624	0.41705242
8625	0.41434103
8626	0.41326270
8627	0.41088077
8628	0.40868485
8629	0.40674856
8630	0.40307033
8631	0.40233102
8632	0.40159494
8633	0.40127668
8634	0.40137920
8635	0.40189752
8636	0.40259665
8637	0.40351504
8638	0.40465426
8639	0.40519109
8640	0.40649533
8641	0.40702695
8642	0.40826315
8643	0.40740478
8644	0.40639099
8645	0.40484157
8646	0.40311179
8647	0.40104419
8648	0.39881319
8649	0.39628476
8650	0.39397678
8651	0.39457664
8652	0.39344424
8653	0.39198497
8654	0.39013478
8655	0.38792786
8656	0.38604972
8657	0.38397571
8658	0.38198858
8659	0.38017538
8660	0.37921953
8661	0.37979764
8662	0.37950248
8663	0.37968421
8664	0.38023332
8665	0.38058311
8666	0.38091028
8667	0.38120556
8668	0.38163385
8669	0.38150492
8670	0.38141701
8671	0.38143614
8672	0.38153934
8673	0.38179234
8674	0.38157070
8675	0.38200024
8676	0.38235033
8677	0.38277104
8678	0.38318539
8679	0.38357970
8680	0.38439885
8681	0.38608477
8682	0.38641891
8683	0.38585886
8684	0.38659951
8685	0.38745606
8686	0.38829795
8687	0.38897535
8688	0.38954636
8689	0.39042181
8690	0.39144519
8691	0.39266601
8692	0.39295605
8693	0.39457467
8694	0.39639682
8695	0.39819190
8696	0.39979416
8697	0.40113944
8698	0.40234601
8699	0.40349892
8700	0.40463707
8701	0.40603340
8702	0.40742758
8703	0.40861976
8704	0.40977719
8705	0.41088814
8706	0.41214243
8707	0.41333368
8708	0.41464645
8709	0.41623798
8710	0.41803664
8711	0.42006814
8712	0.42223144
8713	0.42457899
8714	0.42707431
8715	0.42952642
8716	0.43261525
8717	0.43595049
8718	0.43867350
8719	0.44133413
8720	0.44392264
8721	0.44645488
8722	0.44891244
8723	0.45145583
8724	0.45395052
8725	0.45648491
8726	0.45919022
8727	0.46197647
8728	0.46487105
8729	0.46767914
8730	0.47030216
8731	0.47264105
8732	0.47338110
8733	0.47567517
8734	0.47845930
8735	0.48023900
8736	0.48179674
8737	0.48161206
8738	0.48285559
8739	0.48363763
8740	0.48405060
8741	0.48419437
8742	0.48487356
8743	0.48468116
8744	0.48415333
8745	0.48332629
8746	0.48233044
8747	0.48149216
8748	0.47968251
8749	0.47805798
8750	0.47621781
8751	0.47372553
8752	0.47147802
8753	0.46907184
8754	0.46654859
8755	0.46463495
8756	0.46180233
8757	0.45875883
8758	0.45567152
8759	0.45166108
8760	0.44865587
8761	0.44536307
8762	0.44247770
8763	0.43999675
8764	0.43896547
8765	0.43687749
8766	0.43520707
8767	0.43405822
8768	0.43332660
8769	0.43110168
8770	0.43325114
8771	0.43368998
8772	0.43450162
8773	0.43541110
8774	0.43616179
8775	0.43622705
8776	0.43632904
8777	0.43602532
8778	0.43416429
8779	0.43217501
8780	0.43015569
8781	0.42757505
8782	0.42481425
8783	0.42179555
8784	0.41913167
8785	0.41959938
8786	0.41890872
8787	0.41808170
8788	0.41637370
8789	0.41419896
8790	0.41292951
8791	0.41077331
8792	0.40901136
8793	0.40770897
8794	0.40686598
8795	0.40651703
8796	0.40682384
8797	0.40710837
8798	0.40764683
8799	0.40814674
8800	0.40882289
8801	0.40950578
8802	0.40975335
8803	0.40974748
8804	0.40969056
8805	0.40962169
8806	0.40964353
8807	0.40924066
8808	0.40941870
8809	0.40963197
8810	0.40996748
8811	0.41028652
8812	0.41067228
8813	0.41099504
8814	0.41139746
8815	0.41357216
8816	0.41393057
8817	0.41335294
8818	0.41404545
8819	0.41448840
8820	0.41567028
8821	0.41651037
8822	0.41719577
8823	0.41767874
8824	0.41840926
8825	0.41927785
8826	0.41883719
8827	0.42031649
8828	0.42168874
8829	0.42316431
8830	0.42471051
8831	0.42612192
8832	0.42742243
8833	0.42868754
8834	0.43003508
8835	0.43130159
8836	0.43272623
8837	0.43401620
8838	0.43519571
8839	0.43631288
8840	0.43764815
8841	0.43821171
8842	0.43904489
8843	0.44004336
8844	0.44110379
8845	0.44230583
8846	0.44361395
8847	0.44504443
8848	0.44651791
8849	0.44820932
8850	0.44961342
8851	0.45078707
8852	0.45245871
8853	0.45422339
8854	0.45596355
8855	0.45937183
8856	0.46133080
8857	0.46319443
8858	0.46511367
8859	0.46712723
8860	0.46932057
8861	0.47160068
8862	0.47390240
8863	0.47608212
8864	0.47793710
8865	0.47855106
8866	0.48136204
8867	0.48307037
8868	0.48448503
8869	0.48458740
8870	0.48543891
8871	0.48611847
8872	0.48659161
8873	0.48674968
8874	0.48658761
8875	0.48730233
8876	0.48668143
8877	0.48579177
8878	0.48455089
8879	0.48306075
8880	0.48174390
8881	0.47922540
8882	0.47644499
8883	0.47381759
8884	0.47094479
8885	0.46785358
8886	0.46454608
8887	0.46107286
8888	0.45838419
8889	0.45480949
8890	0.45117950
8891	0.44761103
8892	0.44336963
8893	0.44006559
8894	0.43763670
8895	0.43497613
8896	0.43387139
8897	0.43149611
8898	0.42980587
8899	0.42869669
8900	0.42783701
8901	0.42565468
8902	0.42582688
8903	0.42621368
8904	0.42676991
8905	0.42751735
8906	0.42832562
8907	0.42903170
8908	0.42934257
8909	0.42882353
8910	0.42795643
8911	0.42671275
8912	0.42498291
8913	0.42278874
8914	0.42015019
8915	0.41645813
8916	0.41409343
8917	0.41507769
8918	0.41428053
8919	0.41309896
8920	0.41124719
8921	0.40942010
8922	0.40773895
8923	0.40654615
8924	0.40502101
8925	0.40411407
8926	0.40367973
8927	0.40375912
8928	0.40392426
8929	0.40420201
8930	0.40465525
8931	0.40514460
8932	0.40601909
8933	0.40642369
8934	0.40663877
8935	0.40663943
8936	0.40653053
8937	0.40649545
8938	0.40650213
8939	0.40617061
8940	0.40633982
8941	0.40653712
8942	0.40671974
8943	0.40706399
8944	0.40727761
8945	0.40753323
8946	0.40816316
8947	0.41006243
8948	0.41039994
8949	0.40974972
8950	0.41028500
8951	0.41108584
8952	0.41186017
8953	0.41284856
8954	0.41364294
8955	0.41451600
8956	0.41517013
8957	0.41618499
8958	0.41570500
8959	0.41690058
8960	0.41820014
8961	0.41970009
8962	0.42108107
8963	0.42234719
8964	0.42354953
8965	0.42461827
8966	0.42572749
8967	0.42681405
8968	0.42792231
8969	0.42897734
8970	0.42985502
8971	0.43059242
8972	0.43127379
8973	0.43158427
8974	0.43192735
8975	0.43227142
8976	0.43264028
8977	0.43310776
8978	0.43356073
8979	0.43408450
8980	0.43467739
8981	0.43521798
8982	0.43544206
8983	0.43605083
8984	0.43799925
8985	0.43918723
8986	0.44020039
8987	0.44117823
8988	0.44215378
8989	0.44319084
8990	0.44435546
8991	0.44585162
8992	0.44750598
8993	0.44938064
8994	0.45126677
8995	0.45323977
8996	0.45504513
8997	0.45677161
8998	0.45859081
8999	0.45909616
9000	0.45912427
9001	0.46033591
9002	0.46123663
9003	0.46194008
9004	0.46259314
9005	0.46290022
9006	0.46297893
9007	0.46438447
9008	0.46353969
9009	0.46288034
9010	0.46195483
9011	0.46069744
9012	0.45960435
9013	0.45766583
9014	0.45533088
9015	0.45295826
9016	0.44987983
9017	0.44693446
9018	0.44372573
9019	0.44026929
9020	0.43728900
9021	0.43352628
9022	0.42949983
9023	0.42538071
9024	0.42099991
9025	0.41685352
9026	0.41277006
9027	0.41003352
9028	0.40670109
9029	0.40339077
9030	0.40005675
9031	0.39563206
9032	0.39359897
9033	0.39183584
9034	0.39060864
9035	0.38941288
9036	0.38877255
9037	0.38855541
9038	0.38863811
9039	0.38828585
9040	0.38862932
9041	0.38913280
9042	0.38866040
9043	0.38762650
9044	0.38601989
9045	0.38384202
9046	0.38072905
9047	0.37770393
9048	0.37455541
9049	0.37339550
9050	0.37310976
9051	0.37084681
9052	0.36903167
9053	0.36633998
9054	0.36407992
9055	0.36218715
9056	0.36072642
9057	0.35970169
9058	0.35964361
9059	0.35927534
9060	0.35889453
9061	0.36017185
9062	0.36017609
9063	0.36019045
9064	0.36025545
9065	0.36090299
9066	0.36095139
9067	0.36087313
9068	0.36068404
9069	0.36057696
9070	0.36062759
9071	0.36081830
9072	0.36068547
9073	0.36119553
9074	0.36157528
9075	0.36242869
9076	0.36278817
9077	0.36334908
9078	0.36375895
9079	0.36429307
9080	0.36494333
9081	0.36691412
9082	0.36630777
9083	0.36688489
9084	0.36755854
9085	0.36838582
9086	0.36934182
9087	0.37007865
9088	0.37114847
9089	0.37207291
9090	0.37323740
9091	0.37344247
9092	0.37476578
9093	0.37623522
9094	0.37784868
9095	0.37950897
9096	0.38104013
9097	0.38252944
9098	0.38406295
9099	0.38551894
9100	0.38698104
9101	0.38862389
9102	0.39017901
9103	0.39165694
9104	0.39280900
9105	0.39377213
9106	0.39455339
9107	0.39535180
9108	0.39532676
9109	0.39559147
9110	0.39626780
9111	0.39654958
9112	0.39659682
9113	0.39671910
9114	0.39667776
9115	0.39725301
9116	0.39726377
9117	0.39727440
9118	0.39732960
9119	0.39748359
9120	0.39765909
9121	0.39793131
9122	0.39826587
9123	0.39888009
9124	0.39983520
9125	0.40112323
9126	0.40263531
9127	0.40434697
9128	0.40664813
9129	0.40665567
9130	0.40821630
9131	0.40970778
9132	0.40974182
9133	0.41112703
9134	0.41232049
9135	0.41521704
9136	0.41795653
9137	0.41704091
9138	0.41776651
9139	0.41853160
9140	0.41840759
9141	0.41745237
9142	0.41901821
9143	0.41894352
9144	0.41873822
9145	0.41833982
9146	0.41777548
9147	0.41703361
9148	0.41608757
9149	0.41490346
9150	0.41304880
9151	0.41146174
9152	0.40966278
9153	0.40761951
9154	0.40629271
9155	0.40391821
9156	0.40133840
9157	0.39799371
9158	0.39623350
9159	0.39400730
9160	0.39144590
9161	0.38894165
9162	0.38452804
9163	0.38289088
9164	0.38120538
9165	0.37996900
9166	0.37928066
9167	0.37876469
9168	0.37887049
9169	0.37944382
9170	0.38049012
9171	0.38186896
9172	0.38348576
9173	0.38483727
9174	0.38593137
9175	0.38644311
9176	0.38576120
9177	0.38498345
9178	0.38371366
9179	0.38224074
9180	0.38062370
9181	0.37852532
9182	0.37601605
9183	0.37482157
9184	0.37549278
9185	0.37354818
9186	0.37154201
9187	0.36943614
9188	0.36739174
9189	0.36545750
9190	0.36351976
9191	0.36211234
9192	0.36125135
9193	0.36050692
9194	0.36129871
9195	0.36112198
9196	0.36139107
9197	0.36168286
9198	0.36237606
9199	0.36265257
9200	0.36281654
9201	0.36276123
9202	0.36261198
9203	0.36246714
9204	0.36245313
9205	0.36207375
9206	0.36242297
9207	0.36274350
9208	0.36338493
9209	0.36387914
9210	0.36433700
9211	0.36467773
9212	0.36516368
9213	0.36566782
9214	0.36760378
9215	0.36807945
9216	0.36745352
9217	0.36797839
9218	0.36769682
9219	0.36929324
9220	0.37003854
9221	0.37067649
9222	0.37154636
9223	0.37176174
9224	0.37278697
9225	0.37373924
9226	0.37490368
9227	0.37607083
9228	0.37731966
9229	0.37837842
9230	0.37939346
9231	0.38035178
9232	0.38137975
9233	0.38229245
9234	0.38334250
9235	0.38433659
9236	0.38527009
9237	0.38596979
9238	0.38654947
9239	0.38705379
9240	0.38755980
9241	0.38880092
9242	0.38865986
9243	0.38895124
9244	0.38930842
9245	0.38977209
9246	0.39031628
9247	0.39100546
9248	0.39193973
9249	0.39262074
9250	0.39329854
9251	0.39409062
9252	0.39488012
9253	0.39574966
9254	0.39661035
9255	0.39765128
9256	0.39883411
9257	0.40018749
9258	0.40190867
9259	0.40404004
9260	0.40642342
9261	0.40684918
9262	0.40945584
9263	0.41205591
9264	0.41484630
9265	0.41822207
9266	0.42076778
9267	0.42321971
9268	0.42421985
9269	0.42673120
9270	0.42780501
9271	0.43067279
9272	0.43239623
9273	0.43407568
9274	0.43548018
9275	0.43849948
9276	0.43885028
9277	0.43950114
9278	0.43998602
9279	0.44020823
9280	0.44021931
9281	0.43999249
9282	0.43953615
9283	0.43878996
9284	0.43780714
9285	0.43654126
9286	0.43451768
9287	0.43370134
9288	0.43061137
9289	0.42820418
9290	0.42648533
9291	0.42363921
9292	0.42061377
9293	0.41673073
9294	0.41341552
9295	0.41136551
9296	0.40892914
9297	0.40607905
9298	0.40354174
9299	0.40152687
9300	0.39824986
9301	0.39747387
9302	0.39708433
9303	0.39725813
9304	0.39802322
9305	0.39924118
9306	0.40065774
9307	0.40205377
9308	0.40317100
9309	0.40374818
9310	0.40365422
9311	0.40293223
9312	0.40153024
9313	0.39873251
9314	0.39651933
9315	0.39413300
9316	0.39130360
9317	0.38949859
9318	0.38925004
9319	0.38817284
9320	0.38654774
9321	0.38413060
9322	0.38165215
9323	0.37986782
9324	0.37805441
9325	0.37597001
9326	0.37636054
9327	0.37565520
9328	0.37561727
9329	0.37605387
9330	0.37665531
9331	0.37736723
9332	0.37842646
9333	0.37884799
9334	0.37914166
9335	0.37912112
9336	0.37894526
9337	0.37881809
9338	0.37877798
9339	0.37833473
9340	0.37846467
9341	0.37875268
9342	0.37898180
9343	0.37934062
9344	0.38000503
9345	0.38020179
9346	0.38048425
9347	0.38075876
9348	0.38208535
9349	0.38288859
9350	0.38205588
9351	0.38243535
9352	0.38288262
9353	0.38347203
9354	0.38426739
9355	0.38485491
9356	0.38570574
9357	0.38661456
9358	0.38637885
9359	0.38787311
9360	0.38899189
9361	0.39027280
9362	0.39156398
9363	0.39277995
9364	0.39390248
9365	0.39484626
9366	0.39582050
9367	0.39675546
9368	0.39766321
9369	0.39842212
9370	0.39937499
9371	0.40017211
9372	0.40070102
9373	0.40182644
9374	0.40160552
9375	0.40202409
9376	0.40253976
9377	0.40322188
9378	0.40450752
9379	0.40550828
9380	0.40647498
9381	0.40767244
9382	0.40903318
9383	0.41059098
9384	0.41191682
9385	0.41327235
9386	0.41462803
9387	0.41595525
9388	0.41727298
9389	0.41856340
9390	0.41994631
9391	0.42155144
9392	0.42338726
9393	0.42550352
9394	0.42794204
9395	0.43046722
9396	0.43311766
9397	0.43561181
9398	0.43795866
9399	0.44040266
9400	0.44138241
9401	0.44323424
9402	0.44378483
9403	0.44427496
9404	0.44541252
9405	0.44740331
9406	0.44811526
9407	0.44847149
9408	0.44878113
9409	0.44877133
9410	0.44975674
9411	0.44918078
9412	0.44853809
9413	0.44804007
9414	0.44678503
9415	0.44547457
9416	0.44363680
9417	0.44158721
9418	0.43878731
9419	0.43619856
9420	0.43289465
9421	0.43027437
9422	0.42708647
9423	0.42258477
9424	0.41867706
9425	0.41532433
9426	0.41029647
9427	0.40595201
9428	0.40172279
9429	0.39745307
9430	0.39482850
9431	0.39133704
9432	0.38805056
9433	0.38522387
9434	0.38105685
9435	0.37977871
9436	0.37899873
9437	0.37862027
9438	0.37862918
9439	0.37905243
9440	0.37969881
9441	0.38040087
9442	0.38074881
9443	0.38060531
9444	0.37985170
9445	0.37798923
9446	0.37584010
9447	0.37343007
9448	0.37038955
9449	0.36694300
9450	0.36557582
9451	0.36540806
9452	0.36329547
9453	0.36218178
9454	0.35996935
9455	0.35802260
9456	0.35621709
9457	0.35436550
9458	0.35266912
9459	0.35157460
9460	0.35197121
9461	0.35169762
9462	0.35165766
9463	0.35245156
9464	0.35280141
9465	0.35313746
9466	0.35341495
9467	0.35359392
9468	0.35359448
9469	0.35348183
9470	0.35293120
9471	0.35289973
9472	0.35323060
9473	0.35368359
9474	0.35393819
9475	0.35426298
9476	0.35453582
9477	0.35501897
9478	0.35529479
9479	0.35569188
9480	0.35608798
9481	0.35655862
9482	0.35667199
9483	0.35708928
9484	0.35761312
9485	0.35830969
9486	0.35909528
9487	0.36060730
9488	0.36134028
9489	0.36233467
9490	0.36322412
9491	0.36445093
9492	0.36413336
9493	0.36536774
9494	0.36652076
9495	0.36768457
9496	0.36861077
9497	0.36940187
9498	0.37014934
9499	0.37089932
9500	0.37157807
9501	0.37231806
9502	0.37283906
9503	0.37334743
9504	0.37364915
9505	0.37391374
9506	0.37459579
9507	0.37400991
9508	0.37408033
9509	0.37477201
9510	0.37505186
9511	0.37527019
9512	0.37541252
9513	0.37570634
9514	0.37598473
9515	0.37678215
9516	0.37726206
9517	0.37778157
9518	0.37840572
9519	0.37903163
9520	0.37971047
9521	0.38044620
9522	0.38133475
9523	0.38240308
9524	0.38372242
9525	0.38518706
9526	0.38672948
9527	0.38835970
9528	0.38971201
9529	0.39008668
9530	0.39284691
9531	0.39448419
9532	0.39590889
9533	0.39560917
9534	0.39721066
9535	0.39832234
9536	0.39899236
9537	0.40161827
9538	0.40269884
9539	0.40355417
9540	0.40395731
9541	0.40240043
9542	0.40250230
9543	0.40240860
9544	0.40209991
9545	0.40449402
9546	0.40238142
9547	0.40201131
9548	0.40085235
9549	0.39905509
9550	0.39748642
9551	0.39566693
9552	0.39407215
9553	0.39181471
9554	0.38860732
9555	0.38640186
9556	0.38414985
9557	0.38119102
9558	0.37742105
9559	0.37598842
9560	0.37278506
9561	0.37033007
9562	0.36792719
9563	0.36411437
9564	0.36275190
9565	0.36180630
9566	0.36170852
9567	0.36176351
9568	0.36244357
9569	0.36374491
9570	0.36544755
9571	0.36734295
9572	0.36928895
9573	0.37092036
9574	0.37203908
9575	0.37250182
9576	0.37210292
9577	0.37098512
9578	0.36944172
9579	0.36805409
9580	0.36534190
9581	0.36250696
9582	0.36075133
9583	0.36150441
9584	0.35962865
9585	0.35783148
9586	0.35511428
9587	0.35297877
9588	0.35095403
9589	0.34936890
9590	0.34781700
9591	0.34729454
9592	0.34679505
9593	0.34669679
9594	0.34812638
9595	0.34809756
9596	0.34850901
9597	0.34916410
9598	0.34941557
9599	0.34960899
9600	0.34958309
9601	0.34943640
9602	0.34932536
9603	0.34905902
9604	0.34889689
9605	0.34923691
9606	0.34989092
9607	0.35017493
9608	0.35061240
9609	0.35089311
9610	0.35137382
9611	0.35157779
9612	0.35198030
9613	0.35241848
9614	0.35431862
9615	0.35268790
9616	0.35343191
9617	0.35393706
9618	0.35451442
9619	0.35586670
9620	0.35645568
9621	0.35729581
9622	0.35824063
9623	0.35923138
9624	0.35972011
9625	0.36092022
9626	0.36224622
9627	0.36357975
9628	0.36484361
9629	0.36610740
9630	0.36720285
9631	0.36830014
9632	0.36940163
9633	0.37038442
9634	0.37155509
9635	0.37257245
9636	0.37325856
9637	0.37395820
9638	0.37440547
9639	0.37463364
9640	0.37494418
9641	0.37557948
9642	0.37592676
9643	0.37634280
9644	0.37663677
9645	0.37704149
9646	0.37752619
9647	0.37823775
9648	0.37880373
9649	0.38009918
9650	0.38096482
9651	0.38189948
9652	0.38294005
9653	0.38408890
9654	0.38534734
9655	0.38673979
9656	0.38832599
9657	0.39017737
9658	0.39234430
9659	0.39473391
9660	0.39727452
9661	0.39983866
9662	0.40210590
9663	0.40401772
9664	0.40666682
9665	0.40913823
9666	0.40977612
9667	0.41241893
9668	0.41434926
9669	0.41684636
9670	0.41723737
9671	0.41888422
9672	0.42002800
9673	0.42234424
9674	0.42322072
9675	0.42308980
9676	0.42189330
9677	0.42338556
9678	0.42270884
9679	0.42220083
9680	0.42140219
9681	0.42043164
9682	0.41919076
9683	0.41771021
9684	0.41598991
9685	0.41403776
9686	0.41143331
9687	0.41001824
9688	0.40660065
9689	0.40396667
9690	0.40130493
9691	0.39861739
9692	0.39603764
9693	0.39360699
9694	0.39236417
9695	0.39033768
9696	0.38849735
9697	0.38697553
9698	0.38423976
9699	0.38394371
9700	0.38427454
9701	0.38499555
9702	0.38614327
9703	0.38774392
9704	0.38959971
9705	0.39151007
9706	0.39326918
9707	0.39477730
9708	0.39569622
9709	0.39585108
9710	0.39524141
9711	0.39330983
9712	0.39226851
9713	0.39014843
9714	0.38776579
9715	0.38515374
9716	0.38189456
9717	0.38086927
9718	0.37927079
9719	0.37793812
9720	0.37771124
9721	0.37573692
9722	0.37403607
9723	0.37201035
9724	0.36964446
9725	0.36740905
9726	0.36718133
9727	0.36692375
9728	0.36674497
9729	0.36731830
9730	0.36834398
9731	0.36965021
9732	0.37029207
9733	0.37066722
9734	0.37085107
9735	0.37084180
9736	0.37087232
9737	0.37094375
9738	0.37054214
9739	0.37068275
9740	0.37085122
9741	0.37116572
9742	0.37178430
9743	0.37207231
9744	0.37220958
9745	0.37243184
9746	0.37268651
9747	0.37299743
9748	0.37453386
9749	0.37355453
9750	0.37380975
9751	0.37310192
9752	0.37419581
9753	0.37482122
9754	0.37600487
9755	0.37675181
9756	0.37754753
9757	0.37873337
9758	0.37790078
9759	0.37955549
9760	0.38070342
9761	0.38179678
9762	0.38273329
9763	0.38358563
9764	0.38438582
9765	0.38523281
9766	0.38599011
9767	0.38673970
9768	0.38735685
9769	0.38778722
9770	0.38798240
9771	0.38760424
9772	0.38804212
9773	0.38800356
9774	0.38794339
9775	0.38801059
9776	0.38821226
9777	0.38869187
9778	0.38887548
9779	0.38955352
9780	0.39084214
9781	0.39196897
9782	0.39325523
9783	0.39484495
9784	0.39620423
9785	0.39761588
9786	0.39903477
9787	0.40051931
9788	0.40200806
9789	0.40347123
9790	0.40505725
9791	0.40687597
9792	0.40892595
9793	0.41123623
9794	0.41383526
9795	0.41664529
9796	0.41933426
9797	0.42205343
9798	0.42273906
9799	0.42361239
9800	0.42596981
9801	0.42774877
9802	0.42933568
9803	0.43075252
9804	0.43155506
9805	0.43281063
9806	0.43348590
9807	0.43386835
9808	0.43566850
9809	0.43381006
9810	0.43340513
9811	0.43386984
9812	0.43295589
9813	0.43172440
9814	0.43060029
9815	0.42898953
9816	0.42687032
9817	0.42362985
9818	0.42106041
9819	0.41826063
9820	0.41521022
9821	0.41199216
9822	0.40867314
9823	0.40560666
9824	0.40264204
9825	0.39915350
9826	0.39564902
9827	0.39190298
9828	0.39019257
9829	0.38770577
9830	0.38596472
9831	0.38382545
9832	0.38236508
9833	0.37958321
9834	0.37908384
9835	0.37876052
9836	0.37875587
9837	0.37762192
9838	0.37857535
9839	0.37970069
9840	0.38085103
9841	0.38188994
9842	0.38251862
9843	0.38225552
9844	0.38154441
9845	0.38012072
9846	0.37836349
9847	0.37624490
9848	0.37385881
9849	0.37129807
9850	0.36865488
9851	0.36550033
9852	0.36407202
9853	0.36358747
9854	0.36173332
9855	0.36101577
9856	0.35900509
9857	0.35702205
9858	0.35498595
9859	0.35257360
9860	0.35067624
9861	0.34934291
9862	0.34849399
9863	0.34813648
9864	0.34887573
9865	0.34931031
9866	0.34981045
9867	0.35028827
9868	0.35064712
9869	0.35095233
9870	0.35102567
9871	0.35074213
9872	0.35143983
9873	0.35180566
9874	0.35212076
9875	0.35241839
9876	0.35278425
9877	0.35306740
9878	0.35346913
9879	0.35378364
9880	0.35414776
9881	0.35434365
9882	0.35490388
9883	0.35493967
9884	0.35530862
9885	0.35545191
9886	0.35591602
9887	0.35641685
9888	0.35771522
9889	0.35844550
9890	0.35906911
9891	0.35993439
9892	0.36070240
9893	0.36044383
9894	0.36157006
9895	0.36271301
9896	0.36376157
9897	0.36484480
9898	0.36578321
9899	0.36662185
9900	0.36734873
9901	0.36802626
9902	0.36867973
9903	0.36933246
9904	0.36981183
9905	0.37017679
9906	0.37047103
9907	0.37038791
9908	0.37034282
9909	0.37034672
9910	0.36999789
9911	0.37065414
9912	0.37056008
9913	0.37067920
9914	0.37089497
9915	0.37122226
9916	0.37171698
9917	0.37223765
9918	0.37335670
9919	0.37411821
9920	0.37499377
9921	0.37590712
9922	0.37694740
9923	0.37817594
9924	0.37959999
9925	0.38131732
9926	0.38332066
9927	0.38566646
9928	0.38825727
9929	0.39113119
9930	0.39374343
9931	0.39667276
9932	0.39956725
9933	0.40218109
9934	0.40463457
9935	0.40685210
9936	0.40710518
9937	0.40904605
9938	0.41048503
9939	0.41230172
9940	0.41346446
9941	0.41618031
9942	0.41521323
9943	0.41563419
9944	0.41571969
9945	0.41544744
9946	0.41488671
9947	0.41601175
9948	0.41486302
9949	0.41336918
9950	0.41150430
9951	0.40930018
9952	0.40679777
9953	0.40310630
9954	0.40008563
9955	0.39686638
9956	0.39342278
9957	0.38989097
9958	0.38703215
9959	0.38337630
9960	0.37881777
9961	0.37528950
9962	0.37341163
9963	0.37003019
9964	0.36731693
9965	0.36459544
9966	0.36021155
9967	0.35882530
9968	0.35742757
9969	0.35648602
9970	0.35573685
9971	0.35550952
9972	0.35558286
9973	0.35581681
9974	0.35555655
9975	0.35567796
9976	0.35532597
9977	0.35440522
9978	0.35295802
9979	0.35073400
9980	0.34717458
9981	0.34437579
9982	0.34128898
9983	0.33772868
9984	0.33550510
9985	0.33522549
9986	0.33342806
9987	0.33171576
9988	0.32961106
9989	0.32760510
9990	0.32545504
9991	0.32337648
9992	0.32141793
9993	0.32036811
9994	0.32037732
9995	0.32114750
9996	0.32120886
9997	0.32155398
9998	0.32202175
9999	0.32243878
10000	0.32272640
10001	0.32303959
10002	0.32269940
10003	0.32261309
10004	0.32257488
10005	0.32271114
10006	0.32287058
10007	0.32324958
10008	0.32360312
10009	0.32401106
10010	0.32373828
10011	0.32449439
10012	0.32482895
10013	0.32531995
10014	0.32627743
10015	0.32679176
10016	0.32722911
10017	0.32753575
10018	0.32807636
10019	0.32870558
10020	0.33004823
10021	0.33069476
10022	0.33163145
10023	0.33259502
10024	0.33368042
10025	0.33427733
10026	0.33551010
10027	0.33697385
10028	0.33848417
10029	0.33996168
10030	0.34132627
10031	0.34266266
10032	0.34396777
10033	0.34522411
10034	0.34658492
10035	0.34786510
10036	0.34901127
10037	0.35018423
10038	0.35120794
10039	0.35217804
10040	0.35297203
10041	0.35422578
10042	0.35493913
10043	0.35599133
10044	0.35668236
10045	0.35747170
10046	0.35826808
10047	0.35905898
10048	0.35971710
10049	0.36106658
10050	0.36180928
10051	0.36250848
10052	0.36317977
10053	0.36390305
10054	0.36462179
10055	0.36557952
10056	0.36664742
10057	0.36793706
10058	0.36950019
10059	0.37129542
10060	0.37329838
10061	0.37548313
10062	0.37743965
10063	0.37963831
10064	0.38155258
10065	0.38317242
10066	0.38475889
10067	0.38627014
10068	0.38763806
10069	0.38887972
10070	0.39158890
10071	0.39102918
10072	0.39178663
10073	0.39233869
10074	0.39092845
10075	0.39115667
10076	0.39116952
10077	0.39047399
10078	0.38998419
10079	0.39149714
10080	0.39154136
10081	0.39019182
10082	0.38873711
10083	0.38701421
10084	0.38493007
10085	0.38233462
10086	0.37947440
10087	0.37686390
10088	0.37408260
10089	0.37201685
10090	0.36909035
10091	0.36597279
10092	0.36347687
10093	0.36054614
10094	0.35775676
10095	0.35574999
10096	0.35117352
10097	0.34952897
10098	0.34794736
10099	0.34710252
10100	0.34625608
10101	0.34586477
10102	0.34588039
10103	0.34629077
10104	0.34602824
10105	0.34703234
10106	0.34791538
10107	0.34838659
10108	0.34830889
10109	0.34777173
10110	0.34628898
10111	0.34429684
10112	0.34173813
10113	0.33896688
10114	0.33530152
10115	0.33198321
10116	0.32961670
10117	0.32971403
10118	0.32780576
10119	0.32630312
10120	0.32406530
10121	0.32188234
10122	0.32017386
10123	0.31835240
10124	0.31650189
10125	0.31515011
10126	0.31502157
10127	0.31469083
10128	0.31654695
10129	0.31631556
10130	0.31660891
10131	0.31692776
10132	0.31722060
10133	0.31749234
10134	0.31725153
10135	0.31708717
10136	0.31697434
10137	0.31689790
10138	0.31694955
10139	0.31717572
10140	0.31737626
10141	0.31762600
10142	0.31677261
10143	0.31766933
10144	0.31786814
10145	0.31817320
10146	0.31900495
10147	0.31934816
10148	0.31970060
10149	0.31989753
10150	0.32009080
10151	0.32096913
10152	0.32205674
10153	0.32296768
10154	0.32367101
10155	0.32473797
10156	0.32522711
10157	0.32640374
10158	0.32759246
10159	0.32886609
10160	0.33033672
10161	0.33171865
10162	0.33293778
10163	0.33400631
10164	0.33489999
10165	0.33579701
10166	0.33651954
10167	0.33723807
10168	0.33787820
10169	0.33837381
10170	0.33855358
10171	0.33864036
10172	0.33895746
10173	0.33909017
10174	0.33920771
10175	0.34045130
10176	0.34101200
10177	0.34172103
10178	0.34211534
10179	0.34318006
10180	0.34436402
10181	0.34599698
10182	0.34748134
10183	0.34907794
10184	0.35075286
10185	0.35244572
10186	0.35426235
10187	0.35620472
10188	0.35836589
10189	0.36073533
10190	0.36337632
10191	0.36623049
10192	0.36934882
10193	0.37258762
10194	0.37584767
10195	0.37888348
10196	0.38205451
10197	0.38498032
10198	0.38777158
10199	0.38957840
10200	0.39208406
10201	0.39592010
10202	0.39905420
10203	0.40136600
10204	0.40166634
10205	0.40359056
10206	0.40330526
10207	0.40488011
10208	0.40619302
10209	0.40726322
10210	0.41143280
10211	0.41111699
10212	0.41075125
10213	0.41127196
10214	0.41099390
10215	0.40985510
10216	0.40896231
10217	0.40780285
10218	0.40629366
10219	0.40451202
10220	0.40244451
10221	0.40018550
10222	0.39732763
10223	0.39467269
10224	0.39202717
10225	0.39012986
10226	0.38781497
10227	0.38542104
10228	0.38306725
10229	0.37895909
10230	0.37770161
10231	0.37668005
10232	0.37637696
10233	0.37633359
10234	0.37687615
10235	0.37807935
10236	0.38044602
10237	0.38194507
10238	0.38316172
10239	0.38404745
10240	0.38431650
10241	0.38397092
10242	0.38298973
10243	0.38143721
10244	0.37870896
10245	0.37651974
10246	0.37427634
10247	0.37170196
10248	0.36956987
10249	0.37018943
10250	0.36851636
10251	0.36760625
10252	0.36603874
10253	0.36420354
10254	0.36253640
10255	0.36094925
10256	0.35898495
10257	0.35790774
10258	0.35720706
10259	0.35693279
10260	0.35685673
10261	0.35718450
10262	0.35804608
10263	0.35958964
10264	0.36004508
10265	0.36032641
10266	0.36048985
10267	0.36046830
10268	0.36045218
10269	0.35996374
10270	0.36000866
10271	0.36006483
10272	0.36064002
10273	0.36095589
10274	0.36123109
10275	0.36157119
10276	0.36184424
10277	0.36215019
10278	0.36408523
10279	0.36446083
10280	0.36371702
10281	0.36310926
10282	0.36397076
10283	0.36523825
10284	0.36598817
10285	0.36657786
10286	0.36753550
10287	0.36825067
10288	0.36824930
10289	0.36925265
10290	0.37035903
10291	0.37166193
10292	0.37300992
10293	0.37425250
10294	0.37531739
10295	0.37631992
10296	0.37726554
10297	0.37809348
10298	0.37883881
10299	0.37954903
10300	0.38005853
10301	0.38041601
10302	0.38068524
10303	0.38080209
10304	0.38137493
10305	0.38167375
10306	0.38222185
10307	0.38283035
10308	0.38370591
10309	0.38439864
10310	0.38503808
10311	0.38599980
10312	0.38664463
10313	0.38896984
10314	0.39034432
10315	0.39176574
10316	0.39301282
10317	0.39427608
10318	0.39541942
10319	0.39651561
10320	0.39773318
10321	0.39919701
10322	0.40091145
10323	0.40283027
10324	0.40369436
10325	0.40575871
10326	0.40768480
10327	0.40950111
10328	0.40968892
10329	0.41132042
10330	0.41246435
10331	0.41346589
10332	0.41287538
10333	0.41480207
10334	0.41526151
10335	0.41546181
10336	0.41700280
10337	0.41667223
10338	0.41458321
10339	0.41376489
10340	0.41393453
10341	0.41273704
10342	0.41120848
10343	0.40982884
10344	0.40756190
10345	0.40537903
10346	0.40303677
10347	0.40051168
10348	0.39779967
10349	0.39452246
10350	0.39158437
10351	0.38939929
10352	0.38627389
10353	0.38304639
10354	0.38008279
10355	0.37719738
10356	0.37437639
10357	0.37155786
10358	0.36715153
10359	0.36515775
10360	0.36341190
10361	0.36236721
10362	0.36190113
10363	0.36197245
10364	0.36260796
10365	0.36383671
10366	0.36563063
10367	0.36787575
10368	0.37014285
10369	0.37217450
10370	0.37366199
10371	0.37447053
10372	0.37346971
10373	0.37279287
10374	0.37131163
10375	0.36943284
10376	0.36751285
10377	0.36543503
10378	0.36336482
10379	0.36072060
10380	0.35945785
10381	0.35985473
10382	0.35796881
10383	0.35604697
10384	0.35341930
10385	0.35083953
10386	0.34822974
10387	0.34577957
10388	0.34444901
10389	0.34365982
10390	0.34315950
10391	0.34265831
10392	0.34292439
10393	0.34488633
10394	0.34508273
10395	0.34604785
10396	0.34642535
10397	0.34661371
10398	0.34657085
10399	0.34648630
10400	0.34651172
10401	0.34668055
10402	0.34646103
10403	0.34655032
10404	0.34714806
10405	0.34750611
10406	0.34777045
10407	0.34820572
10408	0.34852257
10409	0.34899324
10410	0.34961799
10411	0.35156450
10412	0.35092402
10413	0.35152060
10414	0.35153422
10415	0.35231125
10416	0.35371989
10417	0.35437176
10418	0.35529742
10419	0.35622904
10420	0.35682461
10421	0.35802999
10422	0.35923409
10423	0.36055711
10424	0.36196053
10425	0.36327153
10426	0.36438134
10427	0.36546928
10428	0.36649171
10429	0.36757392
10430	0.36861956
10431	0.36960584
10432	0.37060317
10433	0.37139794
10434	0.37212169
10435	0.37281561
10436	0.37351102
10437	0.37425649
10438	0.37510905
10439	0.37604225
10440	0.37724000
10441	0.37805331
10442	0.37934217
10443	0.38088116
10444	0.38237730
10445	0.38354531
10446	0.38537562
10447	0.38730639
10448	0.39100149
10449	0.39349756
10450	0.39589924
10451	0.39829352
10452	0.40073657
10453	0.40343955
10454	0.40629327
10455	0.40937954
10456	0.41259456
10457	0.41427553
10458	0.41760921
10459	0.42086706
10460	0.42398804
10461	0.42524233
10462	0.42868465
10463	0.43119919
10464	0.43349612
10465	0.43459070
10466	0.43717360
10467	0.43908554
10468	0.44227663
10469	0.44332284
10470	0.44229674
10471	0.44402534
10472	0.44425836
10473	0.44424996
10474	0.44395801
10475	0.44368556
10476	0.44262761
10477	0.44157347
10478	0.44025588
10479	0.43866733
10480	0.43675211
10481	0.43461996
10482	0.43226275
10483	0.43024111
10484	0.42761290
10485	0.42487809
10486	0.42210793
10487	0.41940957
10488	0.41669390
10489	0.41487896
10490	0.41243145
10491	0.41011292
10492	0.40824649
10493	0.40479469
10494	0.40285647
10495	0.40150800
10496	0.40055880
10497	0.39986196
10498	0.39939284
10499	0.39911130
10500	0.39904934
10501	0.39917690
10502	0.39931065
10503	0.39925250
10504	0.39895368
10505	0.39826617
10506	0.39719555
10507	0.39572760
10508	0.39406675
10509	0.39225623
10510	0.39003679
10511	0.38769686
10512	0.38639677
10513	0.38774753
10514	0.38626927
10515	0.38482070
10516	0.38263139
10517	0.38009191
10518	0.37898982
10519	0.37718466
10520	0.37536085
10521	0.37372112
10522	0.37335533
10523	0.37292066
10524	0.37416089
10525	0.37306893
10526	0.37439400
10527	0.37456015
10528	0.37474525
10529	0.37482595
10530	0.37515780
10531	0.37493494
10532	0.37473226
10533	0.37460238
10534	0.37466794
10535	0.37480196
10536	0.37503046
10537	0.37525198
10538	0.37555853
10539	0.37541446
10540	0.37558073
10541	0.37624440
10542	0.37811673
10543	0.37839147
10544	0.37760821
10545	0.37807265
10546	0.37877762
10547	0.37949824
10548	0.38038447
10549	0.38122466
10550	0.38207212
10551	0.38291702
10552	0.38409728
10553	0.38367182
10554	0.38494313
10555	0.38647294
10556	0.38799259
10557	0.38950405
10558	0.39080399
10559	0.39198294
10560	0.39309031
10561	0.39418310
10562	0.39533493
10563	0.39670417
10564	0.39793578
10565	0.39906994
10566	0.40001130
10567	0.40097269
10568	0.40184939
10569	0.40268579
10570	0.40434700
10571	0.40526649
10572	0.40567309
10573	0.40653232
10574	0.40748715
10575	0.40864280
10576	0.40980589
10577	0.41125160
10578	0.41250056
10579	0.41382065
10580	0.41512257
10581	0.41640520
10582	0.41778043
10583	0.41928583
10584	0.42100638
10585	0.42109999
10586	0.42309076
10587	0.42525116
10588	0.42770767
10589	0.43070039
10590	0.43331933
10591	0.43587151
10592	0.43731871
10593	0.43986720
10594	0.44210297
10595	0.44415671
10596	0.44609869
10597	0.44752902
10598	0.44936958
10599	0.45073575
10600	0.45356289
10601	0.45444718
10602	0.45512393
10603	0.45502061
10604	0.45520818
10605	0.45513904
10606	0.45477295
10607	0.45413101
10608	0.45317590
10609	0.45196176
10610	0.45041299
10611	0.44855672
10612	0.44600841
10613	0.44452730
10614	0.44196090
10615	0.43906063
10616	0.43597049
10617	0.43272191
10618	0.42937031
10619	0.42597014
10620	0.42299220
10621	0.41983455
10622	0.41652694
10623	0.41350546
10624	0.40926370
10625	0.40625453
10626	0.40392652
10627	0.40194407
10628	0.40043759
10629	0.39927375
10630	0.39826632
10631	0.39771044
10632	0.39606085
10633	0.39627546
10634	0.39709952
10635	0.39692810
10636	0.39645529
10637	0.39539483
10638	0.39417589
10639	0.39228606
10640	0.38923565
10641	0.38678214
10642	0.38376021
10643	0.38142806
10644	0.38194439
10645	0.38051698
10646	0.37854856
10647	0.37635884
10648	0.37383923
10649	0.37213838
10650	0.37069327
10651	0.36891696
10652	0.36803848
10653	0.36746854
10654	0.36714730
10655	0.36745998
10656	0.36770141
10657	0.36946943
10658	0.36907679
10659	0.36940348
10660	0.36955026
10661	0.36954114
10662	0.36986604
10663	0.36962527
10664	0.36950091
10665	0.36946309
10666	0.36961329
10667	0.36987108
10668	0.37013859
10669	0.36991113
10670	0.37023333
10671	0.37061036
10672	0.37096715
10673	0.37165079
10674	0.37372127
10675	0.37408683
10676	0.37335682
10677	0.37383726
10678	0.37433222
10679	0.37485895
10680	0.37566698
10681	0.37640458
10682	0.37711850
10683	0.37791815
10684	0.37806332
10685	0.37930948
10686	0.38045621
10687	0.38176879
10688	0.38322592
10689	0.38462743
10690	0.38595966
10691	0.38717705
10692	0.38836747
10693	0.38954997
10694	0.39065343
10695	0.39172119
10696	0.39275268
10697	0.39357325
10698	0.39421737
10699	0.39471671
10700	0.39528483
10701	0.39565131
10702	0.39590845
10703	0.39625680
10704	0.39729333
10705	0.39736217
10706	0.39736754
10707	0.39767939
10708	0.39791465
10709	0.39870861
10710	0.39899921
10711	0.39928851
10712	0.39951727
10713	0.39986891
10714	0.40019691
10715	0.40045232
10716	0.40094832
10717	0.40167361
10718	0.40193477
10719	0.40313044
10720	0.40444896
10721	0.40585047
10722	0.40726185
10723	0.40732056
10724	0.40857509
10725	0.41162074
10726	0.41257477
10727	0.41313934
10728	0.41352120
10729	0.41400442
10730	0.41418210
10731	0.41415101
10732	0.41402280
10733	0.41412377
10734	0.41273186
10735	0.41203529
10736	0.41104877
10737	0.40990865
10738	0.40853742
10739	0.40698701
10740	0.40466329
10741	0.40305176
10742	0.40025789
10743	0.39764440
10744	0.39571545
10745	0.39254245
10746	0.38976669
10747	0.38593125
10748	0.38183153
10749	0.37940454
10750	0.37587497
10751	0.37269676
10752	0.36729890
10753	0.36458153
10754	0.36173710
10755	0.35923690
10756	0.35707515
10757	0.35538593
10758	0.35413569
10759	0.35326338
10760	0.35288927
10761	0.35287866
10762	0.35299632
10763	0.35349998
10764	0.35421094
10765	0.35481459
10766	0.35456941
10767	0.35438472
10768	0.35369942
10769	0.35239896
10770	0.35059914
10771	0.34846652
10772	0.34613228
10773	0.34351829
10774	0.34074298
10775	0.33988038
10776	0.33937490
10777	0.33717450
10778	0.33580860
10779	0.33355936
10780	0.33139816
10781	0.32907715
10782	0.32679236
10783	0.32481879
10784	0.32285702
10785	0.32271379
10786	0.32236841
10787	0.32230836
10788	0.32299709
10789	0.32349339
10790	0.32389757
10791	0.32557279
10792	0.32551190
10793	0.32532570
10794	0.32516563
10795	0.32515365
10796	0.32526043
10797	0.32542929
10798	0.32534385
10799	0.32559723
10800	0.32588658
10801	0.32627344
10802	0.32656053
10803	0.32688195
10804	0.32717192
10805	0.32922962
10806	0.32955799
10807	0.32802156
10808	0.32857209
10809	0.32911175
10810	0.32992849
10811	0.33136326
10812	0.33218133
10813	0.33312109
10814	0.33410847
10815	0.33428976
10816	0.33527485
10817	0.33652017
10818	0.33787656
10819	0.33926085
10820	0.34065220
10821	0.34182110
10822	0.34269992
10823	0.34359145
10824	0.34440702
10825	0.34523821
10826	0.34618321
10827	0.34709966
10828	0.34779659
10829	0.34834337
10830	0.34867287
10831	0.34895241
10832	0.34937775
10833	0.34965029
10834	0.35094616
10835	0.35151812
10836	0.35181823
10837	0.35251266
10838	0.35348776
10839	0.35451251
10840	0.35595450
10841	0.35729033
10842	0.35875481
10843	0.36053872
10844	0.36227021
10845	0.36414453
10846	0.36599404
10847	0.36789885
10848	0.37004688
10849	0.37244657
10850	0.37535256
10851	0.37820205
10852	0.38137731
10853	0.38246688
10854	0.38572049
10855	0.38888600
10856	0.39266172
10857	0.39559665
10858	0.39830819
10859	0.40082100
10860	0.40200233
10861	0.40312436
10862	0.40605098
10863	0.40770856
10864	0.41076410
10865	0.41202104
10866	0.41095263
10867	0.41143170
10868	0.41162395
10869	0.41287637
10870	0.41248107
10871	0.41202310
10872	0.41122910
10873	0.40990144
10874	0.40785021
10875	0.40599084
10876	0.40389845
10877	0.40112674
10878	0.39860860
10879	0.39589286
10880	0.39392501
10881	0.39098638
10882	0.38792658
10883	0.38480723
10884	0.38228655
10885	0.37941676
10886	0.37681547
10887	0.37413713
10888	0.36982325
10889	0.36773255
10890	0.36579493
10891	0.36434707
10892	0.36323586
10893	0.36268762
10894	0.36215863
10895	0.36210251
10896	0.36159807
10897	0.36225280
10898	0.36240470
10899	0.36230594
10900	0.36261714
10901	0.36053148
10902	0.35849780
10903	0.35606283
10904	0.35319114
10905	0.35028762
10906	0.34736070
10907	0.34427735
10908	0.34219599
10909	0.34191388
10910	0.34015349
10911	0.33861983
10912	0.33638540
10913	0.33387032
10914	0.33186677
10915	0.32975978
10916	0.32783693
10917	0.32698041
10918	0.32645351
10919	0.32632813
10920	0.32632548
10921	0.32809442
10922	0.32846871
10923	0.32886079
10924	0.32889211
10925	0.32938245
10926	0.32937321
10927	0.32923901
10928	0.32882658
10929	0.32905662
10930	0.32923639
10931	0.32942152
10932	0.32976887
10933	0.33010086
10934	0.33052635
10935	0.33093739
10936	0.33133385
10937	0.33164385
10938	0.33174986
10939	0.33248308
10940	0.33295667
10941	0.33322069
10942	0.33373612
10943	0.33422184
10944	0.33557677
10945	0.33629674
10946	0.33701494
10947	0.33791679
10948	0.33798647
10949	0.33937854
10950	0.34058738
10951	0.34185216
10952	0.34318936
10953	0.34459925
10954	0.34592822
10955	0.34707975
10956	0.34818459
10957	0.34933490
10958	0.35036623
10959	0.35132453
10960	0.35199302
10961	0.35249081
10962	0.35279563
10963	0.35278645
10964	0.35322151
10965	0.35348859
10966	0.35379976
10967	0.35425806
10968	0.35503137
10969	0.35602015
10970	0.35660431
10971	0.35794598
10972	0.35896435
10973	0.36014852
10974	0.36178282
10975	0.36355975
10976	0.36543798
10977	0.36907807
10978	0.37151137
10979	0.37380818
10980	0.37617850
10981	0.37860692
10982	0.38126516
10983	0.38397431
10984	0.38705382
10985	0.38997751
10986	0.39277098
10987	0.39374113
10988	0.39462295
10989	0.39750886
10990	0.39962843
10991	0.40160191
10992	0.40333557
10993	0.40360081
10994	0.40746179
10995	0.40896183
10996	0.40987989
10997	0.40860784
10998	0.40887758
10999	0.40892804
11000	0.41056865
11001	0.40975958
11002	0.40897208
11003	0.40794271
11004	0.40666839
11005	0.40513301
11006	0.40339261
11007	0.40145552
11008	0.39938304
11009	0.39672270
11010	0.39451802
11011	0.39313573
11012	0.39092311
11013	0.38874188
11014	0.38593274
11015	0.38541204
11016	0.38380197
11017	0.38258827
11018	0.38145971
11019	0.37869766
11020	0.37861687
11021	0.37863165
11022	0.37906724
11023	0.37986499
11024	0.38102016
11025	0.38252646
11026	0.38411012
11027	0.38579199
11028	0.38738856
11029	0.38858333
11030	0.38943997
11031	0.38993242
11032	0.38982993
11033	0.38914099
11034	0.38804892
11035	0.38676795
11036	0.38517076
11037	0.38295940
11038	0.38158232
11039	0.38273248
11040	0.38110995
11041	0.37976924
11042	0.37798250
11043	0.37641218
11044	0.37495127
11045	0.37308773
11046	0.37153763
11047	0.37093234
11048	0.37130308
11049	0.37046093
11050	0.37055859
11051	0.37083811
11052	0.37121788
11053	0.37185133
11054	0.37231889
11055	0.37252498
11056	0.37256107
11057	0.37238857
11058	0.37220645
11059	0.37206152
11060	0.37151414
11061	0.37148467
11062	0.37157333
11063	0.37179038
11064	0.37230647
11065	0.37273616
11066	0.37291503
11067	0.37326869
11068	0.37513402
11069	0.37547043
11070	0.37471342
11071	0.37518007
11072	0.37586811
11073	0.37663981
11074	0.37761524
11075	0.37853375
11076	0.37943447
11077	0.38228670
11078	0.38000679
11079	0.38020986
11080	0.38189003
11081	0.38404140
11082	0.38565800
11083	0.38742658
11084	0.38906956
11085	0.39067337
11086	0.39222685
11087	0.39371842
11088	0.39533535
11089	0.39685714
11090	0.39854741
11091	0.40013248
11092	0.40156451
11093	0.40283543
11094	0.40397456
11095	0.40511900
11096	0.40603435
11097	0.40693516
11098	0.40805623
11099	0.40933853
11100	0.41070142
11101	0.41228175
11102	0.41386235
11103	0.41551974
11104	0.41660282
11105	0.41840306
11106	0.42027012
11107	0.42224833
11108	0.42553839
11109	0.42828473
11110	0.43057564
11111	0.43298456
11112	0.43546149
11113	0.43807414
11114	0.44066447
11115	0.44306722
11116	0.44501895
11117	0.44765490
11118	0.45009324
11119	0.45112407
11120	0.45314881
11121	0.45482460
11122	0.45622426
11123	0.45747429
11124	0.45838112
11125	0.45902637
11126	0.45933580
11127	0.45989206
11128	0.46006528
11129	0.45951003
11130	0.45851809
11131	0.45724711
11132	0.45564818
11133	0.45379248
11134	0.45165849
11135	0.44928163
11136	0.44668922
11137	0.44348577
11138	0.44056234
11139	0.43831354
11140	0.43520370
11141	0.43187803
11142	0.42853022
11143	0.42512122
11144	0.42098156
11145	0.41852018
11146	0.41657925
11147	0.41385153
11148	0.41137573
11149	0.40713891
11150	0.40577623
11151	0.40453032
11152	0.40377280
11153	0.40352452
11154	0.40370893
11155	0.40426242
11156	0.40513313
11157	0.40636528
11158	0.40760970
11159	0.40866545
11160	0.40944970
11161	0.40942603
11162	0.40897447
11163	0.40812418
11164	0.40684152
11165	0.40530789
11166	0.40344083
11167	0.40129349
11168	0.39884889
11169	0.39754856
11170	0.39839929
11171	0.39677632
11172	0.39521116
11173	0.39364347
11174	0.39209044
11175	0.39056885
11176	0.38906941
11177	0.38779888
11178	0.38752282
11179	0.38851109
11180	0.38769606
11181	0.38763130
11182	0.38783222
11183	0.38818297
11184	0.38842723
11185	0.38874760
11186	0.38917080
11187	0.38964939
11188	0.38966855
11189	0.38967893
11190	0.38973621
11191	0.38986805
11192	0.39006889
11193	0.38988367
11194	0.38994280
11195	0.39026076
11196	0.39048210
11197	0.39081225
11198	0.39151913
11199	0.39230287
11200	0.39368257
11201	0.39296427
11202	0.39341366
11203	0.39379531
11204	0.39470333
11205	0.39557001
11206	0.39647222
11207	0.39728379
11208	0.39811650
11209	0.39937335
11210	0.39843810
11211	0.40028158
11212	0.40154573
11213	0.40284401
11214	0.40406084
11215	0.40509897
11216	0.40613139
11217	0.40714508
11218	0.40803030
11219	0.40894207
11220	0.40961552
11221	0.41002971
11222	0.41031811
11223	0.41056573
11224	0.41062173
11225	0.41068506
11226	0.41080692
11227	0.41074085
11228	0.41103187
11229	0.41145298
11230	0.41202730
11231	0.41261315
11232	0.41310203
11233	0.41369382
11234	0.41597933
11235	0.41711909
11236	0.41805673
11237	0.41897577
11238	0.42004788
11239	0.41880950
11240	0.41975227
11241	0.42085513
11242	0.42216438
11243	0.42366302
11244	0.42528248
11245	0.42697957
11246	0.42920867
11247	0.43135116
11248	0.43270928
11249	0.43386078
11250	0.43319097
11251	0.43383056
11252	0.43431598
11253	0.43404332
11254	0.43433878
11255	0.43504533
11256	0.43493098
11257	0.43422759
11258	0.43311730
11259	0.43094823
11260	0.42939013
11261	0.42762235
11262	0.42564279
11263	0.42343834
11264	0.42106283
11265	0.41849107
11266	0.41573036
11267	0.41285282
11268	0.40980184
11269	0.40662682
11270	0.40392166
11271	0.40046614
11272	0.39604017
11273	0.39260152
11274	0.39030460
11275	0.38723254
11276	0.38385794
11277	0.37851217
11278	0.37616578
11279	0.37359494
11280	0.37149706
11281	0.37006176
11282	0.36931664
11283	0.36916432
11284	0.36983404
11285	0.37110850
11286	0.37289882
11287	0.37496263
11288	0.37762052
11289	0.38026774
11290	0.38291755
11291	0.38459903
11292	0.38568914
11293	0.38620195
11294	0.38589129
11295	0.38483545
11296	0.38351101
11297	0.38178304
11298	0.38005322
11299	0.37802979
11300	0.37566656
11301	0.37559649
11302	0.37582424
11303	0.37414581
11304	0.37229380
11305	0.36994505
11306	0.36789149
11307	0.36603600
11308	0.36433962
11309	0.36281082
11310	0.36148250
11311	0.36081940
11312	0.36051321
11313	0.36072230
11314	0.36096615
11315	0.36108702
11316	0.36289144
11317	0.36259702
11318	0.36265150
11319	0.36255741
11320	0.36245275
11321	0.36277786
11322	0.36278787
11323	0.36294776
11324	0.36323965
11325	0.36357293
11326	0.36394721
11327	0.36437914
11328	0.36426115
11329	0.36472720
11330	0.36512727
11331	0.36607176
11332	0.36681095
11333	0.36731347
11334	0.36801860
11335	0.36890307
11336	0.36980256
11337	0.37049732
11338	0.37151092
11339	0.37224799
11340	0.37328684
11341	0.37418401
11342	0.37363487
11343	0.37572226
11344	0.37737429
11345	0.37903365
11346	0.38051078
11347	0.38174674
11348	0.38286880
11349	0.38390183
11350	0.38483897
11351	0.38589537
11352	0.38689166
11353	0.38768774
11354	0.38822526
11355	0.38854349
11356	0.38854653
11357	0.38938814
11358	0.38972652
11359	0.39044896
11360	0.39137894
11361	0.39241362
11362	0.39403531
11363	0.39623779
11364	0.39840603
11365	0.40010765
11366	0.40244788
11367	0.40523985
11368	0.40813789
11369	0.41109127
11370	0.41409180
11371	0.41703999
11372	0.41998014
11373	0.42286500
11374	0.42580944
11375	0.42888179
11376	0.43204963
11377	0.43535060
11378	0.43867180
11379	0.44205600
11380	0.44594595
11381	0.44906619
11382	0.45207775
11383	0.45288244
11384	0.45634714
11385	0.45861995
11386	0.46021047
11387	0.46228230
11388	0.46374896
11389	0.46492690
11390	0.46580487
11391	0.46634197
11392	0.46641251
11393	0.46750960
11394	0.46728292
11395	0.46671000
11396	0.46582261
11397	0.46468142
11398	0.46327963
11399	0.46158776
11400	0.45963815
11401	0.45782289
11402	0.45540354
11403	0.45270711
11404	0.44973418
11405	0.44658926
11406	0.44329438
11407	0.43986192
11408	0.43664166
11409	0.43389565
11410	0.43016028
11411	0.42684960
11412	0.42194119
11413	0.41959485
11414	0.41712961
11415	0.41501731
11416	0.41341522
11417	0.41229895
11418	0.41176862
11419	0.41169941
11420	0.41219530
11421	0.41300598
11422	0.41414365
11423	0.41525722
11424	0.41651219
11425	0.41742578
11426	0.41782448
11427	0.41777068
11428	0.41710591
11429	0.41605085
11430	0.41433287
11431	0.41207418
11432	0.41096592
11433	0.41180685
11434	0.40995318
11435	0.40850291
11436	0.40619120
11437	0.40420377
11438	0.40253550
11439	0.40159777
11440	0.40029189
11441	0.39990243
11442	0.39972115
11443	0.39958316
11444	0.39975116
11445	0.40009028
11446	0.40202135
11447	0.40168899
11448	0.40177175
11449	0.40195256
11450	0.40204057
11451	0.40181547
11452	0.40163806
11453	0.40156719
11454	0.40161958
11455	0.40229642
11456	0.40258762
11457	0.40282083
11458	0.40311629
11459	0.40345794
11460	0.40375918
11461	0.40360314
11462	0.40390131
11463	0.40475532
11464	0.40500990
11465	0.40550357
11466	0.40605769
11467	0.40650338
11468	0.40796447
11469	0.40876785
11470	0.40941373
11471	0.41027486
11472	0.41199943
11473	0.41300711
11474	0.41407242
11475	0.41522279
11476	0.41645530
11477	0.41765124
11478	0.41874963
11479	0.41975221
11480	0.42079514
11481	0.42185104
11482	0.42286590
11483	0.42391503
11484	0.42386231
11485	0.42513728
11486	0.42592424
11487	0.42653465
11488	0.42708454
11489	0.42773652
11490	0.42903611
11491	0.42947179
11492	0.42978910
11493	0.43015552
11494	0.42981854
11495	0.43007210
11496	0.43036997
11497	0.43115458
11498	0.43161944
11499	0.43217689
11500	0.43106958
11501	0.43164077
11502	0.43227494
11503	0.43301225
11504	0.43384051
11505	0.43476227
11506	0.43675756
11507	0.43789953
11508	0.43944195
11509	0.44122753
11510	0.44300997
11511	0.44360951
11512	0.44721922
11513	0.44854489
11514	0.44900730
11515	0.45049533
11516	0.45179239
11517	0.45299742
11518	0.45673704
11519	0.45636556
11520	0.45736289
11521	0.45805469
11522	0.45849177
11523	0.45704022
11524	0.45828140
11525	0.45826727
11526	0.45804948
11527	0.45759243
11528	0.45694044
11529	0.45605320
11530	0.45490056
11531	0.45351931
11532	0.45190641
11533	0.45045644
11534	0.44838941
11535	0.44609040
11536	0.44362900
11537	0.44099292
11538	0.43831500
11539	0.43615890
11540	0.43290976
11541	0.43027121
11542	0.42526925
11543	0.42277363
11544	0.42002821
11545	0.41745910
11546	0.41518471
11547	0.41319841
11548	0.41156855
11549	0.41033277
11550	0.40945563
11551	0.40903896
11552	0.40904623
11553	0.40930697
11554	0.40970448
11555	0.41024670
11556	0.41033682
11557	0.41039294
11558	0.41019014
11559	0.40953565
11560	0.40843707
11561	0.40695384
11562	0.40508151
11563	0.40280145
11564	0.39997643
11565	0.39797607
11566	0.39863595
11567	0.39705318
11568	0.39547879
11569	0.39321068
11570	0.39105228
11571	0.38940495
11572	0.38790905
11573	0.38679227
11574	0.38591385
11575	0.38530520
11576	0.38438040
11577	0.38435876
11578	0.38462633
11579	0.38479885
11580	0.38494769
11581	0.38532513
11582	0.38669661
11583	0.38616389
11584	0.38574576
11585	0.38567784
11586	0.38552555
11587	0.38549182
11588	0.38567379
11589	0.38638470
11590	0.38658851
11591	0.38677722
11592	0.38708058
11593	0.38732311
11594	0.38755304
11595	0.38780755
11596	0.38811803
11597	0.38830873
11598	0.38873464
11599	0.38925880
11600	0.39015436
11601	0.39114609
11602	0.39200035
11603	0.39278883
11604	0.39365035
11605	0.39456636
11606	0.39610028
11607	0.39719668
11608	0.39841297
11609	0.39981958
11610	0.40127456
11611	0.40263638
11612	0.40385911
11613	0.40494573
11614	0.40602916
11615	0.40709627
11616	0.40692967
11617	0.40858063
11618	0.40972903
11619	0.41055927
11620	0.41131091
11621	0.41199163
11622	0.41258308
11623	0.41323373
11624	0.41422468
11625	0.41507328
11626	0.41594604
11627	0.41682196
11628	0.41785821
11629	0.41891178
11630	0.41917586
11631	0.42213991
11632	0.42364654
11633	0.42255241
11634	0.42387792
11635	0.42528763
11636	0.42682424
11637	0.42832866
11638	0.42987704
11639	0.43157157
11640	0.43341774
11641	0.43542045
11642	0.43653208
11643	0.43879038
11644	0.44281113
11645	0.44485775
11646	0.44673508
11647	0.44848371
11648	0.44995633
11649	0.45134902
11650	0.45250702
11651	0.45339936
11652	0.45415899
11653	0.45479667
11654	0.45531347
11655	0.45637530
11656	0.45542538
11657	0.45539868
11658	0.45512474
11659	0.45464754
11660	0.45400393
11661	0.45313200
11662	0.45202160
11663	0.45069778
11664	0.44917560
11665	0.44701076
11666	0.44574124
11667	0.44322726
11668	0.44088101
11669	0.43879211
11670	0.43558756
11671	0.43438032
11672	0.43166018
11673	0.42895252
11674	0.42627960
11675	0.42209163
11676	0.41987276
11677	0.41798505
11678	0.41653690
11679	0.41554472
11680	0.41501662
11681	0.41491657
11682	0.41531149
11683	0.41590449
11684	0.41656327
11685	0.41822129
11686	0.41997442
11687	0.42154771
11688	0.42287889
11689	0.42364648
11690	0.42384911
11691	0.42320308
11692	0.42195758
11693	0.42016870
11694	0.41799420
11695	0.41565394
11696	0.41307658
11697	0.41016299
11698	0.40800270
11699	0.40844339
11700	0.40675372
11701	0.40558270
11702	0.40376100
11703	0.40193188
11704	0.40014985
11705	0.39807418
11706	0.39602095
11707	0.39499831
11708	0.39428899
11709	0.39389509
11710	0.39384946
11711	0.39412910
11712	0.39625400
11713	0.39617997
11714	0.39634091
11715	0.39678147
11716	0.39677128
11717	0.39667290
11718	0.39656413
11719	0.39653987
11720	0.39707059
11721	0.39724612
11722	0.39748985
11723	0.39785075
11724	0.39822605
11725	0.39863423
11726	0.39900386
11727	0.39893794
11728	0.39934450
11729	0.40005189
11730	0.40030095
11731	0.40084898
11732	0.40148929
11733	0.40218616
11734	0.40363029
11735	0.40432206
11736	0.40517792
11737	0.40585443
11738	0.40681529
11739	0.40757695
11740	0.40881616
11741	0.41014430
11742	0.41164485
11743	0.41314080
11744	0.41462186
11745	0.41589418
11746	0.41692957
11747	0.41671467
11748	0.41828951
11749	0.41951844
11750	0.42082310
11751	0.42209664
11752	0.42312586
11753	0.42405930
11754	0.42475820
11755	0.42538437
11756	0.42595047
11757	0.42668647
11758	0.42732450
11759	0.42801350
11760	0.42873684
11761	0.42956418
11762	0.43038845
11763	0.43148303
11764	0.43269241
11765	0.43381771
11766	0.43511105
11767	0.43655440
11768	0.43811172
11769	0.43978512
11770	0.44155815
11771	0.44347292
11772	0.44560200
11773	0.44803810
11774	0.44895032
11775	0.45189917
11776	0.45507866
11777	0.45831844
11778	0.46168166
11779	0.46617618
11780	0.46880245
11781	0.47184169
11782	0.47490799
11783	0.47675794
11784	0.47909650
11785	0.48177075
11786	0.48391640
11787	0.48575556
11788	0.48847497
11789	0.48850393
11790	0.48998857
11791	0.49088225
11792	0.49100405
11793	0.49072281
11794	0.49003109
11795	0.48892120
11796	0.48741761
11797	0.48545504
11798	0.48310775
11799	0.48038310
11800	0.47721821
11801	0.47424835
11802	0.47035179
11803	0.46631488
11804	0.46157369
11805	0.45609784
11806	0.45133159
11807	0.44649133
11808	0.44210315
11809	0.43879220
11810	0.43449083
11811	0.43062788
11812	0.42511827
11813	0.42277879
11814	0.42057338
11815	0.41882771
11816	0.41784817
11817	0.41738313
11818	0.41724539
11819	0.41719574
11820	0.41813460
11821	0.41929141
11822	0.42006084
11823	0.42046800
11824	0.42036048
11825	0.41958925
11826	0.41823983
11827	0.41630578
11828	0.41396162
11829	0.41132310
11830	0.40821880
11831	0.40639934
11832	0.40652093
11833	0.40453017
11834	0.40323192
11835	0.40129551
11836	0.39935216
11837	0.39727727
11838	0.39587039
11839	0.39458799
11840	0.39394313
11841	0.39516723
11842	0.39434242
11843	0.39420301
11844	0.39457166
11845	0.39520776
11846	0.39576027
11847	0.39623234
11848	0.39666647
11849	0.39747566
11850	0.39760697
11851	0.39764491
11852	0.39769009
11853	0.39773959
11854	0.39790842
11855	0.39810824
11856	0.39788264
11857	0.39813316
11858	0.39845121
11859	0.39868429
11860	0.39901063
11861	0.39927027
11862	0.40005648
11863	0.40081269
11864	0.40125194
11865	0.40171978
11866	0.40226209
11867	0.40286222
11868	0.40363294
11869	0.40413517
11870	0.40486115
11871	0.40557489
11872	0.40724337
11873	0.40805492
11874	0.40742859
11875	0.40867409
11876	0.40961465
11877	0.41048738
11878	0.41127175
11879	0.41208667
11880	0.41284788
11881	0.41345814
11882	0.41394457
11883	0.41426119
11884	0.41400084
11885	0.41411087
11886	0.41379011
11887	0.41334638
11888	0.41278827
11889	0.41230515
11890	0.41201216
11891	0.41189274
11892	0.41198462
11893	0.41222420
11894	0.41258267
11895	0.41277954
11896	0.41301733
11897	0.41359988
11898	0.41416693
11899	0.41637203
11900	0.41729796
11901	0.41803434
11902	0.41888541
11903	0.41970643
11904	0.42074659
11905	0.42197227
11906	0.42154080
11907	0.42301899
11908	0.42455223
11909	0.42603615
11910	0.42855358
11911	0.42968577
11912	0.43070132
11913	0.43154940
11914	0.43054381
11915	0.43096209
11916	0.43122250
11917	0.43300161
11918	0.43287885
11919	0.43258324
11920	0.43202421
11921	0.43115935
11922	0.42992660
11923	0.42887291
11924	0.42805409
11925	0.42652291
11926	0.42481130
11927	0.42288116
11928	0.42036220
11929	0.41811946
11930	0.41570809
11931	0.41317058
11932	0.41055495
11933	0.40781081
11934	0.40507880
11935	0.40278912
11936	0.39944169
11937	0.39700100
11938	0.39584568
11939	0.39392087
11940	0.39232811
11941	0.39095750
11942	0.38774988
11943	0.38764167
11944	0.38752621
11945	0.38793638
11946	0.38874325
11947	0.38999313
11948	0.39158925
11949	0.39360067
11950	0.39578554
11951	0.39789557
11952	0.39979142
11953	0.40115684
11954	0.40199709
11955	0.40202856
11956	0.40140539
11957	0.40001544
11958	0.39813161
11959	0.39589670
11960	0.39340410
11961	0.39071772
11962	0.38757768
11963	0.38541314
11964	0.38592619
11965	0.38421458
11966	0.38304275
11967	0.38111135
11968	0.37901980
11969	0.37699565
11970	0.37497941
11971	0.37321517
11972	0.37247717
11973	0.37185976
11974	0.37172630
11975	0.37171283
11976	0.37305498
11977	0.37338975
11978	0.37388328
11979	0.37433115
11980	0.37467089
11981	0.37528902
11982	0.37533382
11983	0.37531036
11984	0.37536770
11985	0.37551066
11986	0.37570506
11987	0.37594399
11988	0.37572137
11989	0.37603238
11990	0.37635353
11991	0.37658972
11992	0.37690452
11993	0.37755942
11994	0.37937260
11995	0.37843180
11996	0.37870219
11997	0.37904975
11998	0.37955740
11999	0.38022929
12000	0.38091838