	C:\Users\jkuzm\OneDrive - University of Massachusetts\HRSL x UMILL-PUMA Fatigue - Fatigue\Data\F01\FR3_Metabolic3.c3d
	LMT1H
	TARGET
	ORIGINAL
ITEM	Y
1	0.58332390
2	0.56384337
3	0.54536909
4	0.52670997
5	0.50644666
6	0.48836437
7	0.47124073
8	0.45290360
9	0.43511343
10	0.41711506
11	0.39918682
12	0.38152832
13	0.36433071
14	0.34758478
15	0.33064982
16	0.31381306
17	0.29760340
18	0.28124243
19	0.26473460
20	0.24897414
21	0.23354591
22	0.21859181
23	0.20429748
24	0.19047110
25	0.17651545
26	0.16317599
27	0.14944859
28	0.13564345
29	0.12259364
30	0.11136547
31	0.10123178
32	0.09157892
33	0.08167912
34	0.07412056
35	0.06675159
36	0.05920162
37	0.05325853
38	0.04823254
39	0.04441210
40	0.04150560
41	0.04003927
42	0.03840225
43	0.03928925
44	0.04148668
45	0.04481016
46	0.04926799
47	0.05474710
48	0.06123942
49	0.06867597
50	0.07676627
51	0.08561803
52	0.09498422
53	0.10511008
54	0.11583335
55	0.12721576
56	0.13921082
57	0.15149169
58	0.16486456
59	0.17898473
60	0.19386441
61	0.20927860
62	0.22533013
63	0.24174733
64	0.25862244
65	0.27603522
66	0.29319361
67	0.31164008
68	0.33079851
69	0.34712836
70	0.36745676
71	0.38834941
72	0.41487044
73	0.44108501
74	0.46406585
75	0.48541409
76	0.50023717
77	0.52640474
78	0.55621278
79	0.58195704
80	0.61540449
81	0.63950849
82	0.66550159
83	0.69251209
84	0.71887761
85	0.74632651
86	0.77375752
87	0.80111003
88	0.82919014
89	0.85566157
90	0.88084561
91	0.90473664
92	0.92727202
93	0.94789863
94	0.96717387
95	0.98457479
96	1.00001884
97	1.01327240
98	1.02412045
99	1.03248715
100	1.03838313
101	1.04194057
102	1.04338408
103	1.04284334
104	1.04044485
105	1.03621376
106	1.03027892
107	1.02263021
108	1.01368153
109	1.00359380
110	0.99208897
111	0.97958398
112	0.96462464
113	0.94563943
114	0.92587322
115	0.90859008
116	0.89271754
117	0.87633175
118	0.86043054
119	0.84512085
120	0.82901323
121	0.81141949
122	0.79353261
123	0.77557200
124	0.75735581
125	0.73880428
126	0.72013199
127	0.70161307
128	0.68310314
129	0.66461778
130	0.64611655
131	0.62759483
132	0.60916781
133	0.59091210
134	0.57117146
135	0.55281794
136	0.53427112
137	0.51523793
138	0.49661899
139	0.47904840
140	0.46044379
141	0.44246349
142	0.42429215
143	0.40619540
144	0.38825542
145	0.37058043
146	0.35329777
147	0.33574632
148	0.31935552
149	0.30308521
150	0.28678697
151	0.26985615
152	0.25388223
153	0.23820603
154	0.22287333
155	0.20821570
156	0.19429168
157	0.18078904
158	0.16672562
159	0.15283018
160	0.13871469
161	0.12484915
162	0.11221065
163	0.10087847
164	0.08994148
165	0.07908840
166	0.06863923
167	0.05878290
168	0.04954858
169	0.04117899
170	0.03407531
171	0.02834955
172	0.02421940
173	0.02103274
174	0.02064565
175	0.01829683
176	0.01904409
177	0.02180018
178	0.02471319
179	0.02928826
180	0.03490376
181	0.04148571
182	0.04915637
183	0.05767601
184	0.06687895
185	0.07683209
186	0.08749390
187	0.09877206
188	0.11077954
189	0.12334608
190	0.13649347
191	0.15026371
192	0.16460027
193	0.17943962
194	0.19475657
195	0.21064661
196	0.22687919
197	0.24365640
198	0.26088548
199	0.27790579
200	0.29624134
201	0.31498438
202	0.33147410
203	0.35144654
204	0.37213266
205	0.39377463
206	0.42531562
207	0.44672811
208	0.47016037
209	0.49133924
210	0.51469624
211	0.53957593
212	0.56532282
213	0.59128159
214	0.62276900
215	0.64925051
216	0.67427427
217	0.70130670
218	0.72855198
219	0.75578505
220	0.78279835
221	0.81085974
222	0.83676028
223	0.86160499
224	0.88520020
225	0.90740430
226	0.92782581
227	0.94685942
228	0.96404588
229	0.97930259
230	0.99240750
231	1.00309420
232	1.01129878
233	1.01709449
234	1.02061808
235	1.02205801
236	1.02155840
237	1.01914644
238	1.01496363
239	1.00909710
240	1.00169373
241	0.99278343
242	0.98221815
243	0.96989256
244	0.95320874
245	0.93317097
246	0.91414970
247	0.89728600
248	0.88124824
249	0.86486846
250	0.84989417
251	0.83473498
252	0.81765431
253	0.79954022
254	0.78166205
255	0.76410419
256	0.74585474
257	0.72744572
258	0.70891470
259	0.69045919
260	0.67205262
261	0.65360409
262	0.63519049
263	0.61630148
264	0.59788984
265	0.57950824
266	0.56027043
267	0.54164219
268	0.52291739
269	0.50418031
270	0.48500085
271	0.46680680
272	0.44893166
273	0.43112484
274	0.41290912
275	0.39477432
276	0.37687889
277	0.35920572
278	0.34193021
279	0.32521975
280	0.30834749
281	0.29212192
282	0.27549091
283	0.25940183
284	0.24288774
285	0.22729595
286	0.21212934
287	0.19753028
288	0.18368992
289	0.17010128
290	0.15586513
291	0.14168422
292	0.12720674
293	0.11323055
294	0.10063215
295	0.08908965
296	0.07798146
297	0.06708366
298	0.05674436
299	0.04705844
300	0.03831524
301	0.03044966
302	0.02365415
303	0.01824056
304	0.01396638
305	0.01171153
306	0.01094556
307	0.00933175
308	0.01012171
309	0.01233939
310	0.01560886
311	0.01991891
312	0.02791205
313	0.03360997
314	0.04118922
315	0.04953362
316	0.05877393
317	0.06868008
318	0.07923678
319	0.09041590
320	0.10226215
321	0.11469612
322	0.12770586
323	0.14123978
324	0.15540364
325	0.17017186
326	0.18534735
327	0.20101394
328	0.21708763
329	0.23354673
330	0.25055665
331	0.26813841
332	0.28639501
333	0.30439433
334	0.32157654
335	0.34046835
336	0.36112851
337	0.38254505
338	0.41509035
339	0.43751505
340	0.45963699
341	0.48270899
342	0.50656641
343	0.53131264
344	0.55705094
345	0.58388460
346	0.61702210
347	0.64221507
348	0.66957229
349	0.69666749
350	0.72448957
351	0.75242931
352	0.78015685
353	0.80881780
354	0.83548582
355	0.86098969
356	0.88523769
357	0.90813220
358	0.92950755
359	0.94891810
360	0.96679556
361	0.98267907
362	0.99642682
363	1.00779140
364	1.01662457
365	1.02300084
366	1.02713954
367	1.02916574
368	1.02921724
369	1.02744055
370	1.02386630
371	1.01864195
372	1.01181746
373	1.00354075
374	0.99394733
375	0.98310971
376	0.97121996
377	0.95623034
378	0.93721640
379	0.91795236
380	0.90124190
381	0.88532519
382	0.86913210
383	0.85364050
384	0.83852428
385	0.82198370
386	0.80399936
387	0.78602141
388	0.76801997
389	0.74974012
390	0.73116589
391	0.71240664
392	0.69386077
393	0.67565179
394	0.65726429
395	0.63883770
396	0.62044013
397	0.60250837
398	0.58311957
399	0.56454569
400	0.54552871
401	0.52701306
402	0.50808203
403	0.49022904
404	0.47178417
405	0.45295501
406	0.43503350
407	0.41671252
408	0.39854938
409	0.38051167
410	0.36264583
411	0.34488440
412	0.32753679
413	0.31103659
414	0.29477987
415	0.27865964
416	0.26241148
417	0.24637204
418	0.23002923
419	0.21467406
420	0.19981369
421	0.18563344
422	0.17187971
423	0.15790650
424	0.14441743
425	0.13075295
426	0.11721908
427	0.10438706
428	0.09277150
429	0.08176606
430	0.07080464
431	0.06013791
432	0.05000588
433	0.04062192
434	0.03213669
435	0.02457036
436	0.01817241
437	0.01315981
438	0.00909351
439	0.00666895
440	0.00567251
441	0.00644790
442	0.00775311
443	0.00996312
444	0.01338441
445	0.01699119
446	0.02252740
447	0.02904287
448	0.03635741
449	0.04460288
450	0.05358252
451	0.06328728
452	0.07366224
453	0.08476230
454	0.09658815
455	0.10894059
456	0.12197140
457	0.13567576
458	0.14986356
459	0.16453692
460	0.17969313
461	0.19533251
462	0.21138954
463	0.22776525
464	0.24402449
465	0.26022282
466	0.27969837
467	0.29539409
468	0.31472608
469	0.33455956
470	0.35513741
471	0.38743836
472	0.40851742
473	0.42882884
474	0.45179138
475	0.47734910
476	0.50291848
477	0.52852964
478	0.55421263
479	0.57999754
480	0.60591441
481	0.63199341
482	0.65887976
483	0.68513995
484	0.71253198
485	0.73977172
486	0.76670587
487	0.79458535
488	0.82014501
489	0.84453285
490	0.86754066
491	0.88936406
492	0.90882766
493	0.92687106
494	0.94293362
495	0.95690304
496	0.96826774
497	0.97737265
498	0.98396790
499	0.98808140
500	0.98994040
501	0.98966467
502	0.98733234
503	0.98307371
504	0.97701561
505	0.96930826
506	0.96009916
507	0.94961965
508	0.93799222
509	0.92545778
510	0.91225189
511	0.89620936
512	0.87849683
513	0.85974401
514	0.84204996
515	0.82506937
516	0.80860704
517	0.79317904
518	0.77804226
519	0.76196218
520	0.74454039
521	0.72680098
522	0.70916361
523	0.69100755
524	0.67247504
525	0.65382278
526	0.63513905
527	0.61670834
528	0.59839600
529	0.57959634
530	0.56122130
531	0.54283547
532	0.52367896
533	0.50515676
534	0.48670295
535	0.46788567
536	0.44954413
537	0.43105543
538	0.41294393
539	0.39424872
540	0.37598479
541	0.35770160
542	0.33952022
543	0.32142049
544	0.30334011
545	0.28519163
546	0.26789677
547	0.25122288
548	0.23490168
549	0.21877845
550	0.20273194
551	0.18648595
552	0.17017302
553	0.15486175
554	0.13998686
555	0.12577489
556	0.11225564
557	0.09888436
558	0.08483107
559	0.07079948
560	0.05651509
561	0.04284917
562	0.03078400
563	0.01976803
564	0.00916102
565	-0.00072541
566	-0.00963825
567	-0.01779542
568	-0.02513286
569	-0.03118176
570	-0.03548611
571	-0.03813127
572	-0.04037627
573	-0.04035730
574	-0.04158025
575	-0.03972806
576	-0.03687500
577	-0.03290203
578	-0.02799201
579	-0.02158893
580	-0.01243846
581	-0.00428882
582	0.00468302
583	0.01450757
584	0.02497945
585	0.03623462
586	0.04811713
587	0.06067377
588	0.07384656
589	0.08764744
590	0.10205816
591	0.11705354
592	0.13262355
593	0.14870642
594	0.16535808
595	0.18249191
596	0.19760755
597	0.21585338
598	0.23621471
599	0.25240180
600	0.27231032
601	0.29298896
602	0.32049385
603	0.34697288
604	0.36866945
605	0.38961875
606	0.41326711
607	0.43993372
608	0.46487156
609	0.48876086
610	0.51364756
611	0.53947473
612	0.56618541
613	0.59372258
614	0.62683344
615	0.65207177
616	0.67977798
617	0.70734513
618	0.73457402
619	0.76259565
620	0.78829724
621	0.81274301
622	0.83587635
623	0.85749429
624	0.87714654
625	0.89544022
626	0.91187578
627	0.92627352
628	0.93832612
629	0.94796103
630	0.95491797
631	0.95937824
632	0.96144837
633	0.96139580
634	0.95934159
635	0.95540875
636	0.94967240
637	0.94221413
638	0.93322718
639	0.92281485
640	0.91120267
641	0.89800316
642	0.88070399
643	0.86075228
644	0.84221154
645	0.82570142
646	0.80938846
647	0.79376376
648	0.77899802
649	0.76380610
650	0.74691647
651	0.72902739
652	0.71094972
653	0.69304287
654	0.67476475
655	0.65619278
656	0.63757837
657	0.61891818
658	0.60002518
659	0.58177364
660	0.56338853
661	0.54501820
662	0.52657825
663	0.50808024
664	0.48971251
665	0.47028267
666	0.45142606
667	0.43268079
668	0.41419974
669	0.39613202
670	0.37839860
671	0.35998756
672	0.34168288
673	0.32353055
674	0.30555421
675	0.28778797
676	0.27013016
677	0.25275746
678	0.23625542
679	0.21989372
680	0.20373982
681	0.18746038
682	0.17061783
683	0.15481207
684	0.13935488
685	0.12445989
686	0.11025458
687	0.09654585
688	0.08305924
689	0.06934491
690	0.05563014
691	0.04183061
692	0.02873935
693	0.01734881
694	0.00692709
695	-0.00311450
696	-0.01241467
697	-0.02137274
698	-0.02911406
699	-0.03571346
700	-0.04146429
701	-0.04554671
702	-0.04803210
703	-0.04836047
704	-0.04972439
705	-0.05103360
706	-0.04903964
707	-0.04577082
708	-0.04137236
709	-0.03572016
710	-0.02950267
711	-0.02198267
712	-0.01380502
713	-0.00181771
714	0.00818536
715	0.01888480
716	0.03022110
717	0.04227010
718	0.05494835
719	0.06824069
720	0.08225170
721	0.09678839
722	0.11195043
723	0.12770058
724	0.14399855
725	0.16077295
726	0.17815712
727	0.19521885
728	0.21383737
729	0.23166952
730	0.24955580
731	0.26998913
732	0.29117703
733	0.31631669
734	0.34627405
735	0.36793894
736	0.39107409
737	0.41509593
738	0.43588457
739	0.46789509
740	0.48800975
741	0.51493895
742	0.54439378
743	0.57208532
744	0.59994304
745	0.63340765
746	0.65953791
747	0.68756068
748	0.71553081
749	0.74453592
750	0.77141970
751	0.79716575
752	0.82157362
753	0.84460258
754	0.86596388
755	0.88526404
756	0.90298837
757	0.91864896
758	0.93205339
759	0.94301587
760	0.95130706
761	0.95702070
762	0.96030712
763	0.96139687
764	0.96041203
765	0.95746928
766	0.95257175
767	0.94588989
768	0.93748248
769	0.92755163
770	0.91620606
771	0.90335846
772	0.88684380
773	0.86714685
774	0.84859639
775	0.83235455
776	0.81612456
777	0.79979390
778	0.78454036
779	0.76934719
780	0.75264937
781	0.73479825
782	0.71691018
783	0.69910657
784	0.68080068
785	0.66232413
786	0.64372051
787	0.62520218
788	0.60684347
789	0.58812451
790	0.56962299
791	0.55113292
792	0.53253919
793	0.51439518
794	0.49513304
795	0.47670010
796	0.45792732
797	0.43893263
798	0.42069843
799	0.40233067
800	0.38458323
801	0.36630577
802	0.34812585
803	0.33006388
804	0.31195629
805	0.29426038
806	0.27696723
807	0.25988421
808	0.24355151
809	0.22741799
810	0.21125825
811	0.19519855
812	0.17878616
813	0.16333626
814	0.14842565
815	0.13422309
816	0.12050638
817	0.10697821
818	0.09288695
819	0.07870186
820	0.06423991
821	0.05044549
822	0.03807452
823	0.02659630
824	0.01538983
825	0.00464824
826	-0.00534841
827	-0.01434910
828	-0.02233689
829	-0.02962478
830	-0.03554554
831	-0.03984705
832	-0.04160362
833	-0.04410934
834	-0.04593338
835	-0.04548563
836	-0.04370786
837	-0.04044513
838	-0.03450695
839	-0.02967103
840	-0.02291449
841	-0.01524529
842	-0.00663656
843	0.00275098
844	0.01293838
845	0.02380594
846	0.03525440
847	0.04755628
848	0.06046441
849	0.07402786
850	0.08834236
851	0.10327089
852	0.11861394
853	0.13449238
854	0.15084757
855	0.16763762
856	0.18488817
857	0.20166986
858	0.22020069
859	0.23903212
860	0.25516957
861	0.27560142
862	0.29660639
863	0.31812182
864	0.35158014
865	0.37403932
866	0.39553255
867	0.42011502
868	0.44021952
869	0.47107944
870	0.50039828
871	0.52855653
872	0.55593491
873	0.58291370
874	0.60987371
875	0.63719529
876	0.66449851
877	0.69324261
878	0.72192127
879	0.75029022
880	0.77968627
881	0.80656695
882	0.83214349
883	0.85626531
884	0.87882209
885	0.89915478
886	0.91790509
887	0.93456876
888	0.94900936
889	0.96094763
890	0.97022647
891	0.97693682
892	0.98115927
893	0.98309332
894	0.98298389
895	0.98085427
896	0.97682017
897	0.97092068
898	0.96348894
899	0.95431626
900	0.94370550
901	0.93032914
902	0.91400862
903	0.89351809
904	0.87461054
905	0.85866171
906	0.84268624
907	0.82633376
908	0.81113124
909	0.79598737
910	0.77883470
911	0.76052982
912	0.74254310
913	0.72466546
914	0.70635009
915	0.68776762
916	0.66922152
917	0.65078288
918	0.63235092
919	0.61407810
920	0.59585184
921	0.57744640
922	0.55903530
923	0.53986442
924	0.52161056
925	0.50313050
926	0.48370150
927	0.46476841
928	0.44684857
929	0.42845157
930	0.41009042
931	0.39198497
932	0.37341779
933	0.35525525
934	0.33727100
935	0.31886101
936	0.30176932
937	0.28503063
938	0.26854199
939	0.25232193
940	0.23610890
941	0.21984109
942	0.20338765
943	0.18791473
944	0.17282760
945	0.15834543
946	0.14454025
947	0.13109516
948	0.11741149
949	0.10383365
950	0.08983615
951	0.07600179
952	0.06360700
953	0.05296958
954	0.04310881
955	0.03275767
956	0.02552730
957	0.01910282
958	0.01295349
959	0.00745933
960	0.00247608
961	-0.00063474
962	-0.00186095
963	-0.00279619
964	-0.00241344
965	-0.00221774
966	0.00044777
967	0.00410725
968	0.00878612
969	0.01433567
970	0.02084152
971	0.02814687
972	0.03614207
973	0.04484899
974	0.05412522
975	0.06395821
976	0.07431193
977	0.08530886
978	0.09711461
979	0.10946026
980	0.12262516
981	0.13652574
982	0.15110666
983	0.16637267
984	0.18225504
985	0.19859299
986	0.21485278
987	0.23029748
988	0.24982877
989	0.26700866
990	0.28368402
991	0.30337116
992	0.32348001
993	0.34934103
994	0.37711275
995	0.39931998
996	0.41836372
997	0.44166201
998	0.46954814
999	0.49353960
1000	0.51221186
1001	0.53642827
1002	0.56785136
1003	0.58817160
1004	0.61471272
1005	0.64638865
1006	0.67321366
1007	0.70021671
1008	0.72718191
1009	0.75406277
1010	0.78188032
1011	0.80756503
1012	0.83214116
1013	0.85543996
1014	0.87741935
1015	0.89750379
1016	0.91627198
1017	0.93317139
1018	0.94805658
1019	0.96068460
1020	0.97080618
1021	0.97833681
1022	0.98337895
1023	0.98611861
1024	0.98666942
1025	0.98520130
1026	0.98185802
1027	0.97660995
1028	0.96961814
1029	0.96104288
1030	0.95099121
1031	0.93887973
1032	0.92612302
1033	0.91007209
1034	0.89040494
1035	0.87173128
1036	0.85498697
1037	0.83839816
1038	0.82263166
1039	0.80782139
1040	0.79236990
1041	0.77522135
1042	0.75733167
1043	0.73941392
1044	0.72136867
1045	0.70305127
1046	0.68441945
1047	0.66588807
1048	0.64748228
1049	0.62918043
1050	0.61123294
1051	0.59232825
1052	0.57398796
1053	0.55519694
1054	0.53779548
1055	0.51915699
1056	0.49951789
1057	0.48159897
1058	0.46090001
1059	0.44314343
1060	0.42501628
1061	0.40728858
1062	0.38883376
1063	0.37064373
1064	0.35254177
1065	0.33471647
1066	0.31717470
1067	0.29988837
1068	0.28346920
1069	0.26720589
1070	0.25085151
1071	0.23458725
1072	0.21790777
1073	0.20210578
1074	0.18665223
1075	0.17171650
1076	0.15748337
1077	0.14366701
1078	0.12983876
1079	0.11541082
1080	0.10123956
1081	0.08705794
1082	0.07359584
1083	0.06182769
1084	0.05104656
1085	0.04052519
1086	0.03044372
1087	0.02014691
1088	0.01259604
1089	0.00509617
1090	-0.00251461
1091	-0.00803548
1092	-0.01225244
1093	-0.01523738
1094	-0.01677148
1095	-0.01736033
1096	-0.01781208
1097	-0.01572988
1098	-0.01246438
1099	-0.00801178
1100	-0.00242170
1101	0.00422530
1102	0.01191707
1103	0.02059828
1104	0.03008591
1105	0.04022780
1106	0.05111007
1107	0.06280068
1108	0.07509931
1109	0.08812299
1110	0.10196421
1111	0.11584561
1112	0.13152550
1113	0.14716510
1114	0.16336331
1115	0.18013184
1116	0.19739287
1117	0.21443339
1118	0.23289846
1119	0.25207356
1120	0.27146778
1121	0.28877220
1122	0.30961582
1123	0.33078879
1124	0.36251411
1125	0.38443267
1126	0.41213557
1127	0.43372527
1128	0.46307898
1129	0.48810771
1130	0.50739771
1131	0.53479642
1132	0.55961418
1133	0.58725351
1134	0.61524314
1135	0.65001154
1136	0.67839062
1137	0.70552480
1138	0.73390347
1139	0.76204169
1140	0.79105395
1141	0.81784225
1142	0.84337419
1143	0.86748880
1144	0.89017957
1145	0.91123629
1146	0.93012106
1147	0.94749546
1148	0.96273249
1149	0.97568971
1150	0.98605591
1151	0.99380177
1152	0.99909204
1153	1.00199425
1154	1.00283062
1155	1.00167203
1156	0.99853724
1157	0.99354333
1158	0.98677552
1159	0.97845405
1160	0.96865731
1161	0.95751041
1162	0.94402355
1163	0.92784345
1164	0.90766138
1165	0.88887817
1166	0.87260813
1167	0.85644895
1168	0.84025568
1169	0.82506585
1170	0.80989522
1171	0.79315931
1172	0.77519590
1173	0.75724220
1174	0.73927367
1175	0.72086531
1176	0.70229608
1177	0.68376088
1178	0.66519630
1179	0.64679110
1180	0.62851596
1181	0.61060745
1182	0.59240425
1183	0.57429749
1184	0.55519396
1185	0.53734058
1186	0.51883304
1187	0.50015515
1188	0.47576660
1189	0.46117339
1190	0.44295892
1191	0.42483303
1192	0.40651116
1193	0.38827103
1194	0.37018892
1195	0.35222468
1196	0.33441731
1197	0.31651524
1198	0.29951605
1199	0.28308237
1200	0.26675755
1201	0.25053471
1202	0.23446110
1203	0.21772684
1204	0.20199659
1205	0.18660244
1206	0.17171802
1207	0.15734522
1208	0.14343293
1209	0.12976043
1210	0.11589576
1211	0.10238070
1212	0.08887833
1213	0.07620726
1214	0.06509541
1215	0.05504842
1216	0.04537646
1217	0.03615971
1218	0.02705523
1219	0.01990115
1220	0.01284504
1221	0.00692543
1222	0.00228377
1223	-0.00107462
1224	-0.00328597
1225	-0.00460543
1226	-0.00365453
1227	-0.00332411
1228	-0.00034607
1229	0.00377043
1230	0.00907979
1231	0.01544728
1232	0.02281049
1233	0.03135801
1234	0.04080697
1235	0.05087542
1236	0.06166701
1237	0.07306955
1238	0.08441745
1239	0.09715841
1240	0.11069473
1241	0.12475753
1242	0.13939090
1243	0.15433431
1244	0.17009833
1245	0.18572055
1246	0.20179635
1247	0.21819396
1248	0.23435648
1249	0.25119928
1250	0.27001500
1251	0.28841040
1252	0.30472773
1253	0.32356095
1254	0.33406997
1255	0.37434658
1256	0.39729190
1257	0.41968572
1258	0.44068962
1259	0.46371004
1260	0.49410239
1261	0.51831883
1262	0.53957045
1263	0.56106853
1264	0.58602405
1265	0.61764836
1266	0.64470172
1267	0.67168283
1268	0.69786495
1269	0.72487152
1270	0.75165290
1271	0.77947992
1272	0.80525416
1273	0.82989776
1274	0.85371363
1275	0.87602848
1276	0.89641047
1277	0.91550845
1278	0.93285525
1279	0.94806129
1280	0.96147150
1281	0.97257555
1282	0.98124540
1283	0.98745066
1284	0.99132258
1285	0.99302447
1286	0.99271595
1287	0.99051762
1288	0.98657113
1289	0.98096359
1290	0.97377664
1291	0.96515173
1292	0.95519948
1293	0.94383442
1294	0.93097997
1295	0.91665554
1296	0.89865685
1297	0.87931323
1298	0.86171782
1299	0.84499991
1300	0.82841516
1301	0.81279999
1302	0.79757059
1303	0.78115112
1304	0.76348436
1305	0.74571061
1306	0.72788459
1307	0.70960951
1308	0.69108742
1309	0.67257994
1310	0.65403277
1311	0.63553208
1312	0.61706907
1313	0.59875476
1314	0.58017319
1315	0.56171286
1316	0.54204822
1317	0.52413785
1318	0.50603831
1319	0.48676577
1320	0.46770403
1321	0.44951299
1322	0.43179867
1323	0.41336727
1324	0.39503497
1325	0.37678438
1326	0.35853365
1327	0.34064043
1328	0.32299146
1329	0.30521575
1330	0.28833926
1331	0.27195942
1332	0.25580645
1333	0.23971558
1334	0.22371250
1335	0.20728566
1336	0.19202557
1337	0.17711987
1338	0.16292132
1339	0.14929213
1340	0.13581637
1341	0.12137415
1342	0.10690505
1343	0.09201902
1344	0.07771064
1345	0.06440920
1346	0.05147568
1347	0.03868239
1348	0.02636449
1349	0.01459349
1350	0.00349587
1351	-0.00656758
1352	-0.01559699
1353	-0.02320660
1354	-0.02959988
1355	-0.03452996
1356	-0.03782259
1357	-0.03955199
1358	-0.03968132
1359	-0.03863831
1360	-0.03739106
1361	-0.03604819
1362	-0.03213491
1363	-0.02713445
1364	-0.02124560
1365	-0.01452177
1366	-0.00695897
1367	0.00153710
1368	0.01075624
1369	0.02052000
1370	0.03079829
1371	0.04172413
1372	0.05321534
1373	0.06539360
1374	0.07828588
1375	0.09179933
1376	0.10605075
1377	0.12085237
1378	0.13613111
1379	0.15183154
1380	0.16790125
1381	0.18450640
1382	0.20166804
1383	0.21838078
1384	0.23680176
1385	0.25230384
1386	0.27172202
1387	0.29195136
1388	0.31875896
1389	0.34423339
1390	0.36511239
1391	0.38642377
1392	0.40925303
1393	0.43519184
1394	0.46003401
1395	0.48469868
1396	0.50855136
1397	0.53262728
1398	0.55796182
1399	0.58559012
1400	0.61654752
1401	0.64337552
1402	0.67054540
1403	0.69760448
1404	0.72543222
1405	0.75185263
1406	0.77687699
1407	0.80066806
1408	0.82303339
1409	0.84387004
1410	0.86276448
1411	0.88010305
1412	0.89542699
1413	0.90873736
1414	0.91958666
1415	0.92805326
1416	0.93406582
1417	0.93780708
1418	0.93941289
1419	0.93899429
1420	0.93668592
1421	0.93256563
1422	0.92666006
1423	0.91911453
1424	0.91011041
1425	0.89985830
1426	0.88846147
1427	0.87537736
1428	0.86151564
1429	0.84319854
1430	0.82411981
1431	0.80642080
1432	0.78957146
1433	0.77325058
1434	0.75824571
1435	0.74325001
1436	0.72691274
1437	0.70953208
1438	0.69169903
1439	0.67365408
1440	0.65540808
1441	0.63678664
1442	0.61813807
1443	0.59979850
1444	0.58100897
1445	0.56255800
1446	0.54420191
1447	0.52582163
1448	0.50748044
1449	0.48889434
1450	0.47089043
1451	0.45113826
1452	0.43265840
1453	0.41410327
1454	0.39515090
1455	0.37662831
1456	0.35893038
1457	0.34119508
1458	0.32281691
1459	0.30483720
1460	0.28697839
1461	0.26933840
1462	0.25207788
1463	0.23543227
1464	0.21874920
1465	0.20261948
1466	0.18641484
1467	0.17039928
1468	0.15449955
1469	0.13840465
1470	0.12332171
1471	0.10886685
1472	0.09498533
1473	0.08143884
1474	0.06761952
1475	0.05404214
1476	0.03993075
1477	0.02602898
1478	0.01351276
1479	0.00248330
1480	-0.00814691
1481	-0.01850665
1482	-0.02822954
1483	-0.03732449
1484	-0.04590135
1485	-0.05351472
1486	-0.05994307
1487	-0.06511143
1488	-0.06806533
1489	-0.07144678
1490	-0.07226489
1491	-0.07165576
1492	-0.06987721
1493	-0.07001063
1494	-0.06693755
1495	-0.06237341
1496	-0.05739308
1497	-0.05121118
1498	-0.04438633
1499	-0.03638833
1500	-0.02415150
1501	-0.01484735
1502	-0.00487124
1503	0.00600356
1504	0.01767524
1505	0.02994922
1506	0.04304941
1507	0.05689314
1508	0.07152644
1509	0.08680215
1510	0.10269833
1511	0.11910307
1512	0.13609713
1513	0.15363188
1514	0.17100762
1515	0.18974018
1516	0.20787911
1517	0.22560868
1518	0.24643803
1519	0.26661357
1520	0.29026347
1521	0.32312015
1522	0.34503356
1523	0.36739719
1524	0.39157960
1525	0.41949481
1526	0.44492599
1527	0.47063756
1528	0.49672222
1529	0.52309883
1530	0.54968625
1531	0.57640332
1532	0.60316896
1533	0.63469374
1534	0.66279656
1535	0.69099802
1536	0.72031397
1537	0.74733335
1538	0.77320158
1539	0.79783821
1540	0.82118648
1541	0.84285593
1542	0.86247885
1543	0.88058013
1544	0.89673042
1545	0.91059971
1546	0.92209882
1547	0.93106031
1548	0.93744141
1549	0.94136977
1550	0.94306326
1551	0.94263577
1552	0.94015497
1553	0.93569481
1554	0.92930478
1555	0.92131692
1556	0.91166604
1557	0.89993268
1558	0.88676071
1559	0.86967021
1560	0.84933519
1561	0.83128214
1562	0.81510359
1563	0.79892009
1564	0.78341800
1565	0.76884037
1566	0.75366944
1567	0.73642254
1568	0.71827996
1569	0.70041561
1570	0.68268847
1571	0.66439444
1572	0.64590639
1573	0.62729859
1574	0.60884082
1575	0.59049255
1576	0.57200140
1577	0.55322319
1578	0.53480929
1579	0.51660895
1580	0.49812394
1581	0.48039636
1582	0.46023402
1583	0.44170693
1584	0.42284715
1585	0.40434745
1586	0.38597295
1587	0.36876643
1588	0.35043019
1589	0.33194655
1590	0.31382203
1591	0.29591650
1592	0.27832833
1593	0.26130414
1594	0.24425180
1595	0.22767748
1596	0.21126458
1597	0.19487238
1598	0.17834035
1599	0.16172478
1600	0.14581051
1601	0.13030873
1602	0.11552657
1603	0.10155365
1604	0.08798555
1605	0.07371181
1606	0.05955531
1607	0.04526448
1608	0.03142472
1609	0.01918725
1610	0.00856009
1611	-0.00127101
1612	-0.01055232
1613	-0.02010160
1614	-0.02702325
1615	-0.03400740
1616	-0.04080261
1617	-0.04614464
1618	-0.05014215
1619	-0.05260362
1620	-0.05389914
1621	-0.05430347
1622	-0.05345293
1623	-0.05250375
1624	-0.04920080
1625	-0.04490738
1626	-0.03954886
1627	-0.03326564
1628	-0.02605875
1629	-0.01811024
1630	-0.00915981
1631	0.00054122
1632	0.01108608
1633	0.02236288
1634	0.03423308
1635	0.04691101
1636	0.06014782
1637	0.07395613
1638	0.08834402
1639	0.10326496
1640	0.11877441
1641	0.13468857
1642	0.15109146
1643	0.16788380
1644	0.18444367
1645	0.20055234
1646	0.22069055
1647	0.23851202
1648	0.25570011
1649	0.27583271
1650	0.29607031
1651	0.31886697
1652	0.34912249
1653	0.37240678
1654	0.39298463
1655	0.41701317
1656	0.44702610
1657	0.47202626
1658	0.49768594
1659	0.51782590
1660	0.54370439
1661	0.57654738
1662	0.59895939
1663	0.63301688
1664	0.66037798
1665	0.68785900
1666	0.71516979
1667	0.74312198
1668	0.76914805
1669	0.79368669
1670	0.81673294
1671	0.83817309
1672	0.85754430
1673	0.87539041
1674	0.89137709
1675	0.90528965
1676	0.91705161
1677	0.92639065
1678	0.93331963
1679	0.93786538
1680	0.94014418
1681	0.94039941
1682	0.93865037
1683	0.93499768
1684	0.92953509
1685	0.92247003
1686	0.91397119
1687	0.90413773
1688	0.89317757
1689	0.88123214
1690	0.86836904
1691	0.85488027
1692	0.83882827
1693	0.81956887
1694	0.80052108
1695	0.78336048
1696	0.76680964
1697	0.75022048
1698	0.73427856
1699	0.71854275
1700	0.70167625
1701	0.68400884
1702	0.66639084
1703	0.64855951
1704	0.63036793
1705	0.61196166
1706	0.59351605
1707	0.57489353
1708	0.55642444
1709	0.53761381
1710	0.51960462
1711	0.50120568
1712	0.48284227
1713	0.46372387
1714	0.44468647
1715	0.42605355
1716	0.40738267
1717	0.38839886
1718	0.36952451
1719	0.35203221
1720	0.33386111
1721	0.31547493
1722	0.29718930
1723	0.27898580
1724	0.26095057
1725	0.24318622
1726	0.22580028
1727	0.20859319
1728	0.19217826
1729	0.17601562
1730	0.15987472
1731	0.14352401
1732	0.12693104
1733	0.11131744
1734	0.09594005
1735	0.08113554
1736	0.06699627
1737	0.05327161
1738	0.03968215
1739	0.02542353
1740	0.01130889
1741	-0.00287521
1742	-0.01647466
1743	-0.02832200
1744	-0.03896103
1745	-0.04921152
1746	-0.05908642
1747	-0.06831750
1748	-0.07677249
1749	-0.08414012
1750	-0.09011582
1751	-0.09486115
1752	-0.09857882
1753	-0.10264504
1754	-0.10362259
1755	-0.10284525
1756	-0.10363086
1757	-0.10155281
1758	-0.09815530
1759	-0.09347857
1760	-0.08789755
1761	-0.08118215
1762	-0.07329563
1763	-0.06454036
1764	-0.05487442
1765	-0.04456544
1766	-0.03345276
1767	-0.02165974
1768	-0.00914509
1769	0.00369334
1770	0.01760975
1771	0.03187605
1772	0.04655739
1773	0.06164509
1774	0.07721946
1775	0.09327467
1776	0.10937691
1777	0.12251163
1778	0.14268374
1779	0.16063114
1780	0.17902039
1781	0.19983990
1782	0.21401308
1783	0.23396179
1784	0.26040709
1785	0.28508142
1786	0.30709106
1787	0.32934231
1788	0.35157144
1789	0.37507010
1790	0.40268365
1791	0.42994171
1792	0.45544672
1793	0.48146394
1794	0.50804460
1795	0.53430128
1796	0.55934650
1797	0.58229291
1798	0.60968155
1799	0.64168924
1800	0.66907477
1801	0.69640195
1802	0.72603726
1803	0.75124681
1804	0.77441806
1805	0.79716784
1806	0.81834662
1807	0.83715403
1808	0.85472429
1809	0.87023544
1810	0.88362211
1811	0.89461774
1812	0.90301961
1813	0.90886921
1814	0.91224241
1815	0.91333222
1816	0.91226172
1817	0.90919936
1818	0.90407825
1819	0.89718413
1820	0.88870364
1821	0.87876648
1822	0.86667287
1823	0.85376298
1824	0.83810043
1825	0.81843305
1826	0.79942244
1827	0.78246361
1828	0.76579696
1829	0.74968994
1830	0.73484296
1831	0.72015572
1832	0.70376486
1833	0.68580645
1834	0.66767633
1835	0.64969724
1836	0.63152307
1837	0.61312324
1838	0.59446853
1839	0.57597482
1840	0.55759674
1841	0.53920835
1842	0.52071708
1843	0.50220364
1844	0.48374116
1845	0.46522275
1846	0.44621858
1847	0.42762572
1848	0.40902987
1849	0.38993484
1850	0.37140173
1851	0.35335878
1852	0.33559084
1853	0.31732890
1854	0.29889041
1855	0.28089979
1856	0.26294377
1857	0.24519336
1858	0.22739497
1859	0.21051341
1860	0.19412494
1861	0.17799968
1862	0.16208854
1863	0.14627963
1864	0.13044608
1865	0.11455937
1866	0.09975186
1867	0.08552746
1868	0.07191167
1869	0.05852655
1870	0.04477715
1871	0.03092138
1872	0.01695001
1873	0.00365350
1874	-0.00817614
1875	-0.01917946
1876	-0.02985401
1877	-0.03992832
1878	-0.04922779
1879	-0.05802959
1880	-0.06585009
1881	-0.07276175
1882	-0.07706726
1883	-0.08377916
1884	-0.08660997
1885	-0.08715048
1886	-0.08714898
1887	-0.08733097
1888	-0.08531652
1889	-0.08005545
1890	-0.07512870
1891	-0.06923088
1892	-0.06257977
1893	-0.05468136
1894	-0.04625640
1895	-0.03667619
1896	-0.02643061
1897	-0.01556143
1898	-0.00393541
1899	0.01215261
1900	0.02459844
1901	0.03757943
1902	0.05143357
1903	0.06606168
1904	0.08121993
1905	0.09700472
1906	0.11336764
1907	0.13032776
1908	0.14778341
1909	0.16591276
1910	0.18380488
1911	0.20333612
1912	0.22194564
1913	0.24058603
1914	0.26186574
1915	0.28663367
1916	0.31762066
1917	0.33882996
1918	0.35964233
1919	0.38783643
1920	0.41292295
1921	0.43870389
1922	0.46495724
1923	0.48589438
1924	0.51793104
1925	0.54523027
1926	0.57086772
1927	0.60446739
1928	0.63045728
1929	0.65881085
1930	0.68859613
1931	0.71654791
1932	0.74382538
1933	0.77020156
1934	0.79559112
1935	0.81971645
1936	0.84228390
1937	0.86322397
1938	0.88198930
1939	0.89907944
1940	0.91406894
1941	0.92664099
1942	0.93660700
1943	0.94402945
1944	0.94897574
1945	0.95158362
1946	0.95208555
1947	0.95047426
1948	0.94718605
1949	0.94109422
1950	0.93376595
1951	0.92478257
1952	0.91353720
1953	0.90050948
1954	0.88340771
1955	0.86332613
1956	0.84523499
1957	0.82881755
1958	0.81268728
1959	0.79760075
1960	0.78334469
1961	0.76844668
1962	0.75120765
1963	0.73271430
1964	0.71441704
1965	0.69663322
1966	0.67839575
1967	0.65967590
1968	0.64081424
1969	0.62255096
1970	0.60437793
1971	0.58613813
1972	0.56799257
1973	0.54960167
1974	0.53113592
1975	0.51246965
1976	0.49338755
1977	0.47483942
1978	0.45631683
1979	0.43763250
1980	0.41879183
1981	0.40077838
1982	0.38268262
1983	0.36496866
1984	0.34684581
1985	0.32881606
1986	0.31098771
1987	0.29338315
1988	0.27613875
1989	0.25937527
1990	0.24243705
1991	0.22570816
1992	0.20967880
1993	0.19358130
1994	0.17703030
1995	0.16154240
1996	0.14639942
1997	0.13189502
1998	0.11803401
1999	0.10450654
2000	0.09056227
2001	0.07665537
2002	0.06253491
2003	0.04908846
2004	0.03713661
2005	0.02576450
2006	0.01471238
2007	0.00387051
2008	-0.00654705
2009	-0.01652250
2010	-0.02546182
2011	-0.03493397
2012	-0.04139812
2013	-0.04693186
2014	-0.05101679
2015	-0.05429773
2016	-0.05505229
2017	-0.05676352
2018	-0.05565663
2019	-0.05316138
2020	-0.04978245
2021	-0.04646191
2022	-0.03961749
2023	-0.03337071
2024	-0.02595617
2025	-0.01775975
2026	-0.00843173
2027	0.00162261
2028	0.01260448
2029	0.02444487
2030	0.04084721
2031	0.05374336
2032	0.06738823
2033	0.08199598
2034	0.09713907
2035	0.11290168
2036	0.12897472
2037	0.14547199
2038	0.16230492
2039	0.17949262
2040	0.19721116
2041	0.21463051
2042	0.23335655
2043	0.25235483
2044	0.26938745
2045	0.28999236
2046	0.31104991
2047	0.33808234
2048	0.36572421
2049	0.38703033
2050	0.41127008
2051	0.43646738
2052	0.46147659
2053	0.48677778
2054	0.50737560
2055	0.53671628
2056	0.56399524
2057	0.59190524
2058	0.62557489
2059	0.65382934
2060	0.68049908
2061	0.70886064
2062	0.73711163
2063	0.76635230
2064	0.79328370
2065	0.81918544
2066	0.84375274
2067	0.86688298
2068	0.88847625
2069	0.90797734
2070	0.92604196
2071	0.94202238
2072	0.95577455
2073	0.96694773
2074	0.97551632
2075	0.98144275
2076	0.98491246
2077	0.98611921
2078	0.98523414
2079	0.98233336
2080	0.97751099
2081	0.97094417
2082	0.96279061
2083	0.95283252
2084	0.94062304
2085	0.92625135
2086	0.90666431
2087	0.88694829
2088	0.86983353
2089	0.85347784
2090	0.83752948
2091	0.82282650
2092	0.80827582
2093	0.79233283
2094	0.77439922
2095	0.75601506
2096	0.73819536
2097	0.72044659
2098	0.70188051
2099	0.68326032
2100	0.66466761
2101	0.64612252
2102	0.62767208
2103	0.60931271
2104	0.59095597
2105	0.57224751
2106	0.55382407
2107	0.53468007
2108	0.51613307
2109	0.49763939
2110	0.47853664
2111	0.45953411
2112	0.44229022
2113	0.42454034
2114	0.40634981
2115	0.38811889
2116	0.37002882
2117	0.35215914
2118	0.33451009
2119	0.31692457
2120	0.29989362
2121	0.28344175
2122	0.26724592
2123	0.25114000
2124	0.23507735
2125	0.21852560
2126	0.20295715
2127	0.18776502
2128	0.17313325
2129	0.15914106
2130	0.14556417
2131	0.13163736
2132	0.11819277
2133	0.10447111
2134	0.09070493
2135	0.07811028
2136	0.06703703
2137	0.05671678
2138	0.04697112
2139	0.03795931
2140	0.02988372
2141	0.02302154
2142	0.01599286
2143	0.01055770
2144	0.00629784
2145	0.00351512
2146	0.00215191
2147	0.00082179
2148	0.00181060
2149	0.00363632
2150	0.00320611
2151	0.00791683
2152	0.01143579
2153	0.01654310
2154	0.02265180
2155	0.02957298
2156	0.03726456
2157	0.04577621
2158	0.05497391
2159	0.06473669
2160	0.07522371
2161	0.08638242
2162	0.09832621
2163	0.11079568
2164	0.12387686
2165	0.13748400
2166	0.15174356
2167	0.16647246
2168	0.18167613
2169	0.19730458
2170	0.21342744
2171	0.22973219
2172	0.24628723
2173	0.26422098
2174	0.28267521
2175	0.29837146
2176	0.31791508
2177	0.34313974
2178	0.36334965
2179	0.38982797
2180	0.41001326
2181	0.43144345
2182	0.45400620
2183	0.47905952
2184	0.50303096
2185	0.52648944
2186	0.55000407
2187	0.57414365
2188	0.59947735
2189	0.63027549
2190	0.65570843
2191	0.68084508
2192	0.70726573
2193	0.73348331
2194	0.75933939
2195	0.78461701
2196	0.81041658
2197	0.83375931
2198	0.85564971
2199	0.87594783
2200	0.89432442
2201	0.91132349
2202	0.92653632
2203	0.93974090
2204	0.95079345
2205	0.95945102
2206	0.96555215
2207	0.96921402
2208	0.97054589
2209	0.96977305
2210	0.96695954
2211	0.96228302
2212	0.95596081
2213	0.94802183
2214	0.93862224
2215	0.92817068
2216	0.91570354
2217	0.90194678
2218	0.88502544
2219	0.86561328
2220	0.84692687
2221	0.82985795
2222	0.81335229
2223	0.79813153
2224	0.78359932
2225	0.76783419
2226	0.75061393
2227	0.73252857
2228	0.71458828
2229	0.69660306
2230	0.67832088
2231	0.65946460
2232	0.64109731
2233	0.62265289
2234	0.60407603
2235	0.58568108
2236	0.56732011
2237	0.54892343
2238	0.53039777
2239	0.51130182
2240	0.49267429
2241	0.47399163
2242	0.45472714
2243	0.43625686
2244	0.41840759
2245	0.40074894
2246	0.38258848
2247	0.36452916
2248	0.34656683
2249	0.32867092
2250	0.31117475
2251	0.29430676
2252	0.27735677
2253	0.26106519
2254	0.24473619
2255	0.22828202
2256	0.21116833
2257	0.19532549
2258	0.17979468
2259	0.16476865
2260	0.15054695
2261	0.13703768
2262	0.12378953
2263	0.11001182
2264	0.09616854
2265	0.08212828
2266	0.06859626
2267	0.05673428
2268	0.04586615
2269	0.03530338
2270	0.02537982
2271	0.01557981
2272	0.00647654
2273	-0.00183802
2274	-0.01020102
2275	-0.01579037
2276	-0.02053227
2277	-0.02401001
2278	-0.02576896
2279	-0.02668182
2280	-0.02769109
2281	-0.02608128
2282	-0.02343599
2283	-0.01964958
2284	-0.01485181
2285	-0.00982576
2286	-0.00370998
2287	0.00330341
2288	0.01140999
2289	0.02036717
2290	0.03028475
2291	0.04097410
2292	0.05247918
2293	0.06455344
2294	0.08114139
2295	0.09435008
2296	0.10835332
2297	0.12315672
2298	0.13871901
2299	0.15473893
2300	0.17119531
2301	0.18822575
2302	0.20573901
2303	0.22291124
2304	0.24150294
2305	0.26070639
2306	0.28042918
2307	0.29730657
2308	0.31850845
2309	0.34001195
2310	0.36769235
2311	0.39561045
2312	0.41782731
2313	0.44333655
2314	0.46814919
2315	0.48781976
2316	0.51414734
2317	0.54540104
2318	0.57266110
2319	0.60342193
2320	0.62910503
2321	0.65747607
2322	0.68587565
2323	0.71414787
2324	0.74378961
2325	0.77139217
2326	0.79810369
2327	0.82376808
2328	0.84823936
2329	0.87132925
2330	0.89274055
2331	0.91207826
2332	0.92976469
2333	0.94547027
2334	0.95944965
2335	0.97039455
2336	0.97909856
2337	0.98539037
2338	0.98943555
2339	0.99143386
2340	0.99147397
2341	0.98961830
2342	0.98584270
2343	0.98031539
2344	0.97317147
2345	0.96454155
2346	0.95454061
2347	0.94336748
2348	0.93038887
2349	0.91720879
2350	0.90183264
2351	0.88265574
2352	0.86454064
2353	0.84733379
2354	0.83033884
2355	0.81463099
2356	0.79998720
2357	0.78484452
2358	0.76853311
2359	0.75108594
2360	0.73330998
2361	0.71531761
2362	0.69705665
2363	0.67868680
2364	0.65974098
2365	0.64124423
2366	0.62271142
2367	0.60414028
2368	0.58575130
2369	0.56737638
2370	0.54896921
2371	0.52989620
2372	0.51129985
2373	0.49265847
2374	0.47397342
2375	0.45483032
2376	0.43678957
2377	0.41838020
2378	0.40025678
2379	0.38251609
2380	0.36428058
2381	0.34615642
2382	0.32814741
2383	0.31033352
2384	0.29274997
2385	0.27538082
2386	0.25877479
2387	0.24236660
2388	0.22575934
2389	0.20971322
2390	0.19375601
2391	0.17744149
2392	0.16210450
2393	0.14713985
2394	0.13289194
2395	0.11919422
2396	0.10533675
2397	0.09205529
2398	0.07820402
2399	0.06414950
2400	0.05098547
2401	0.03931372
2402	0.02831004
2403	0.01760101
2404	0.00740082
2405	-0.00243105
2406	-0.01161387
2407	-0.02007417
2408	-0.02739435
2409	-0.03240689
2410	-0.03972873
2411	-0.04294903
2412	-0.04506528
2413	-0.04543399
2414	-0.04497365
2415	-0.04331093
2416	-0.04188671
2417	-0.03839324
2418	-0.03362714
2419	-0.02796789
2420	-0.02105846
2421	-0.01352416
2422	-0.00457625
2423	0.00508400
2424	0.01534409
2425	0.02640487
2426	0.04296319
2427	0.05513208
2428	0.06791007
2429	0.08135952
2430	0.09544186
2431	0.11000262
2432	0.12504017
2433	0.14062935
2434	0.15660310
2435	0.17293066
2436	0.18974067
2437	0.20728308
2438	0.22451569
2439	0.24328320
2440	0.26246390
2441	0.27927038
2442	0.29970825
2443	0.32101622
2444	0.34318429
2445	0.37571549
2446	0.39789194
2447	0.42099303
2448	0.44723985
2449	0.47248060
2450	0.49997321
2451	0.52304900
2452	0.54832375
2453	0.57512116
2454	0.60848814
2455	0.63612002
2456	0.66403234
2457	0.69020504
2458	0.71788603
2459	0.74656242
2460	0.77377921
2461	0.79972410
2462	0.82446039
2463	0.84779757
2464	0.86974007
2465	0.89002281
2466	0.90833634
2467	0.92511570
2468	0.93981963
2469	0.95222729
2470	0.96221584
2471	0.96962547
2472	0.97464216
2473	0.97744799
2474	0.97820407
2475	0.97703117
2476	0.97398609
2477	0.96911520
2478	0.96250868
2479	0.95439416
2480	0.94478589
2481	0.93321055
2482	0.92045379
2483	0.90424973
2484	0.88415641
2485	0.86551118
2486	0.84940612
2487	0.83329189
2488	0.81714886
2489	0.80196297
2490	0.78675461
2491	0.76994801
2492	0.75193834
2493	0.73393941
2494	0.71612567
2495	0.69785434
2496	0.67952615
2497	0.66095328
2498	0.64245456
2499	0.62397331
2500	0.60559928
2501	0.58696157
2502	0.56851345
2503	0.55013400
2504	0.53096598
2505	0.51257676
2506	0.49397993
2507	0.47529739
2508	0.45612350
2509	0.43815213
2510	0.41981491
2511	0.40174514
2512	0.38380340
2513	0.36563268
2514	0.34749055
2515	0.32949865
2516	0.31151822
2517	0.29400471
2518	0.27656421
2519	0.26002374
2520	0.24369092
2521	0.22751509
2522	0.21150132
2523	0.19547875
2524	0.17952767
2525	0.16350585
2526	0.14852348
2527	0.13416982
2528	0.12028734
2529	0.10625331
2530	0.09286790
2531	0.07924928
2532	0.06562046
2533	0.05259018
2534	0.04110824
2535	0.03051599
2536	0.02019001
2537	0.01011276
2538	0.00082464
2539	-0.00741370
2540	-0.01532703
2541	-0.02248298
2542	-0.02794228
2543	-0.03039638
2544	-0.03375155
2545	-0.03566795
2546	-0.03532387
2547	-0.03619590
2548	-0.03402871
2549	-0.03059305
2550	-0.02605061
2551	-0.02046560
2552	-0.01368615
2553	-0.00630252
2554	0.00207454
2555	0.01425757
2556	0.02431935
2557	0.03517999
2558	0.04692892
2559	0.05954045
2560	0.07299498
2561	0.08700158
2562	0.10085666
2563	0.11612903
2564	0.13197139
2565	0.14833567
2566	0.16541770
2567	0.18201737
2568	0.19991663
2569	0.21749222
2570	0.23622972
2571	0.25309670
2572	0.27353904
2573	0.29441780
2574	0.32159120
2575	0.35044590
2576	0.37125945
2577	0.39438060
2578	0.41832221
2579	0.44238645
2580	0.47037205
2581	0.49365449
2582	0.51881152
2583	0.54533523
2584	0.57271767
2585	0.60045087
2586	0.63443083
2587	0.66079575
2588	0.68908054
2589	0.71763736
2590	0.74594730
2591	0.77511197
2592	0.80228680
2593	0.82815975
2594	0.85267401
2595	0.87569672
2596	0.89706981
2597	0.91635144
2598	0.93409944
2599	0.94981891
2600	0.96326262
2601	0.97414619
2602	0.98244506
2603	0.98808098
2604	0.99127614
2605	0.99227262
2606	0.99132431
2607	0.98854589
2608	0.98409528
2609	0.97794223
2610	0.97022009
2611	0.96099263
2612	0.94982207
2613	0.93796152
2614	0.92256534
2615	0.90263581
2616	0.88353187
2617	0.86702883
2618	0.85124648
2619	0.83608866
2620	0.82184720
2621	0.80714536
2622	0.79022211
2623	0.77178025
2624	0.75353074
2625	0.73581588
2626	0.71775538
2627	0.69937158
2628	0.68073034
2629	0.66221339
2630	0.64376181
2631	0.62535799
2632	0.60706514
2633	0.58833516
2634	0.56999171
2635	0.55163044
2636	0.53240454
2637	0.51417875
2638	0.49557701
2639	0.47645551
2640	0.45783719
2641	0.44022810
2642	0.42239898
2643	0.40418291
2644	0.38605532
2645	0.36802527
2646	0.35011610
2647	0.33254182
2648	0.31465557
2649	0.29798558
2650	0.28157267
2651	0.26525223
2652	0.24908832
2653	0.23286346
2654	0.21620330
2655	0.20048311
2656	0.18517371
2657	0.17038958
2658	0.15628287
2659	0.14252755
2660	0.12874725
2661	0.11571021
2662	0.10237803
2663	0.08903354
2664	0.07688478
2665	0.06638011
2666	0.05689501
2667	0.04781291
2668	0.03942186
2669	0.03128070
2670	0.02497672
2671	0.01882721
2672	0.01355631
2673	0.00961548
2674	0.00674152
2675	0.00432282
2676	0.00338683
2677	0.00385722
2678	0.00564878
2679	0.00682157
2680	0.01037595
2681	0.01500650
2682	0.02076009
2683	0.02740059
2684	0.03495349
2685	0.04339670
2686	0.05251978
2687	0.06228774
2688	0.07263559
2689	0.08362444
2690	0.09540689
2691	0.10787860
2692	0.12097602
2693	0.13474971
2694	0.14930412
2695	0.16441111
2696	0.18006997
2697	0.19607596
2698	0.21257375
2699	0.22863619
2700	0.24602991
2701	0.26377589
2702	0.28152418
2703	0.29800558
2704	0.31791753
2705	0.34321949
2706	0.36069945
2707	0.39021653
2708	0.41177642
2709	0.43156630
2710	0.45387304
2711	0.47992098
2712	0.50545716
2713	0.53070861
2714	0.55590212
2715	0.58126473
2716	0.60702342
2717	0.63340503
2718	0.65976804
2719	0.68534791
2720	0.71197301
2721	0.73839504
2722	0.76446432
2723	0.79128146
2724	0.81589562
2725	0.83929288
2726	0.86125529
2727	0.88173139
2728	0.90025121
2729	0.91732883
2730	0.93259132
2731	0.94588083
2732	0.95702070
2733	0.96578175
2734	0.97215134
2735	0.97618324
2736	0.97801036
2737	0.97778261
2738	0.97561276
2739	0.97161967
2740	0.96585226
2741	0.95850021
2742	0.94968623
2743	0.93966168
2744	0.92849648
2745	0.91567206
2746	0.90244925
2747	0.88626522
2748	0.86643344
2749	0.84744126
2750	0.83011431
2751	0.81319839
2752	0.79743326
2753	0.78279054
2754	0.76729023
2755	0.75061274
2756	0.73282641
2757	0.71518737
2758	0.69742966
2759	0.67914701
2760	0.66054744
2761	0.64217901
2762	0.62364781
2763	0.60532856
2764	0.58660907
2765	0.56829917
2766	0.54986072
2767	0.53109330
2768	0.51277661
2769	0.49375194
2770	0.47523767
2771	0.45650971
2772	0.43779078
2773	0.41914368
2774	0.40141547
2775	0.38321057
2776	0.36495173
2777	0.34680048
2778	0.32876691
2779	0.31084615
2780	0.29288554
2781	0.27508804
2782	0.25824076
2783	0.24186686
2784	0.22586113
2785	0.20983613
2786	0.19362666
2787	0.17720185
2788	0.16185026
2789	0.14687297
2790	0.13259548
2791	0.11903050
2792	0.10583997
2793	0.09225085
2794	0.07860145
2795	0.06449535
2796	0.05058300
2797	0.03805593
2798	0.02668038
2799	0.01572326
2800	0.00523714
2801	-0.00433460
2802	-0.01292187
2803	-0.02111526
2804	-0.02815854
2805	-0.03390945
2806	-0.03811849
2807	-0.04052230
2808	-0.04269291
2809	-0.04255344
2810	-0.04374461
2811	-0.04210151
2812	-0.03925243
2813	-0.03547458
2814	-0.03037664
2815	-0.02448715
2816	-0.01772429
2817	-0.01015740
2818	0.00206000
2819	0.01072762
2820	0.02090768
2821	0.03151285
2822	0.04295544
2823	0.05499218
2824	0.06769129
2825	0.08109420
2826	0.09503868
2827	0.10967632
2828	0.12489858
2829	0.14062120
2830	0.15691294
2831	0.17358099
2832	0.19078994
2833	0.20765159
2834	0.22597672
2835	0.24491820
2836	0.26094940
2837	0.28072080
2838	0.30120498
2839	0.32675698
2840	0.35424948
2841	0.37501180
2842	0.39870071
2843	0.42229229
2844	0.44638410
2845	0.47089198
2846	0.49038982
2847	0.52104795
2848	0.54266477
2849	0.57032770
2850	0.60524666
2851	0.62693155
2852	0.65398717
2853	0.68127006
2854	0.70802611
2855	0.73613209
2856	0.76246911
2857	0.78775454
2858	0.81184661
2859	0.83465409
2860	0.85604274
2861	0.87539971
2862	0.89337999
2863	0.90942961
2864	0.92339259
2865	0.93505114
2866	0.94425964
2867	0.95095628
2868	0.95524740
2869	0.95725960
2870	0.95715946
2871	0.95509094
2872	0.95113629
2873	0.94533122
2874	0.93784922
2875	0.92891926
2876	0.91778159
2877	0.90580809
2878	0.89127356
2879	0.87159818
2880	0.85167199
2881	0.83504367
2882	0.81955081
2883	0.80334491
2884	0.78739285
2885	0.77212840
2886	0.75583667
2887	0.73813450
2888	0.72033453
2889	0.70268297
2890	0.68455911
2891	0.66603899
2892	0.64743394
2893	0.62889957
2894	0.61043847
2895	0.59258348
2896	0.57327926
2897	0.55499017
2898	0.53627974
2899	0.51829481
2900	0.49993694
2901	0.48045745
2902	0.46160856
2903	0.44342598
2904	0.42448649
2905	0.40598896
2906	0.38818038
2907	0.37023199
2908	0.35196024
2909	0.33375999
2910	0.31556419
2911	0.29789010
2912	0.28036797
2913	0.26338860
2914	0.24643087
2915	0.23012412
2916	0.21405029
2917	0.19801973
2918	0.18195708
2919	0.16555838
2920	0.15024239
2921	0.13536276
2922	0.12116803
2923	0.10754672
2924	0.09420256
2925	0.08052111
2926	0.06690397
2927	0.05320797
2928	0.04021428
2929	0.02853409
2930	0.01757692
2931	0.00686098
2932	-0.00343970
2933	-0.01318785
2934	-0.02196480
2935	-0.02940807
2936	-0.03702063
2937	-0.04299021
2938	-0.04778866
2939	-0.05075388
2940	-0.05312628
2941	-0.05357388
2942	-0.05254741
2943	-0.05039041
2944	-0.04718309
2945	-0.04665634
2946	-0.04235669
2947	-0.03473064
2948	-0.02906060
2949	-0.02206066
2950	-0.01440509
2951	-0.00599670
2952	0.00305227
2953	0.01250662
2954	0.02249345
2955	0.03303518
2956	0.04421324
2957	0.05598798
2958	0.06848507
2959	0.08157307
2960	0.09541575
2961	0.10982583
2962	0.12468497
2963	0.13996796
2964	0.15568388
2965	0.17171687
2966	0.18744324
2967	0.20452172
2968	0.22223285
2969	0.23686920
2970	0.25565377
2971	0.27510077
2972	0.30019909
2973	0.32297739
2974	0.34342086
2975	0.36772233
2976	0.39173228
2977	0.41537988
2978	0.44095621
2979	0.46552825
2980	0.48930171
2981	0.51436275
2982	0.54065454
2983	0.56812018
2984	0.59670299
2985	0.62634593
2986	0.65354049
2987	0.68076056
2988	0.70759630
2989	0.73527712
2990	0.76058912
2991	0.78475165
2992	0.80758142
2993	0.82896584
2994	0.84831995
2995	0.86618960
2996	0.88211250
2997	0.89596790
2998	0.90745753
2999	0.91654277
3000	0.92312908
3001	0.92734158
3002	0.92940450
3003	0.92942834
3004	0.92761725
3005	0.92406642
3006	0.91887933
3007	0.91199595
3008	0.90356261
3009	0.89372021
3010	0.88265610
3011	0.86973155
3012	0.85658664
3013	0.84086192
3014	0.82149076
3015	0.80288291
3016	0.78592551
3017	0.76928979
3018	0.75329238
3019	0.73836100
3020	0.72312433
3021	0.70658165
3022	0.68886548
3023	0.67115098
3024	0.65338492
3025	0.63507193
3026	0.61659449
3027	0.59849262
3028	0.57915092
3029	0.56082833
3030	0.54252833
3031	0.52413595
3032	0.50564653
3033	0.48717225
3034	0.46966061
3035	0.44968119
3036	0.43118051
3037	0.41226467
3038	0.39364678
3039	0.37536895
3040	0.35744610
3041	0.33934006
3042	0.32081318
3043	0.30274057
3044	0.28475189
3045	0.26693809
3046	0.24932629
3047	0.23163842
3048	0.21485983
3049	0.19854118
3050	0.18260659
3051	0.16664456
3052	0.15092134
3053	0.13557816
3054	0.11991324
3055	0.10552724
3056	0.09176891
3057	0.07820138
3058	0.06371276
3059	0.04906905
3060	0.03383462
3061	0.01876057
3062	0.00487398
3063	-0.00818439
3064	-0.02078003
3065	-0.03294367
3066	-0.04421781
3067	-0.05437992
3068	-0.06440695
3069	-0.07299135
3070	-0.08069339
3071	-0.08578972
3072	-0.09207678
3073	-0.09510361
3074	-0.09649651
3075	-0.09643105
3076	-0.09498366
3077	-0.09244911
3078	-0.09256626
3079	-0.08840606
3080	-0.08370353
3081	-0.07795054
3082	-0.07119996
3083	-0.05899636
3084	-0.05113438
3085	-0.04169052
3086	-0.03182763
3087	-0.02112616
3088	-0.00974740
3089	0.00234969
3090	0.01519972
3091	0.02862341
3092	0.04289773
3093	0.05769664
3094	0.07297366
3095	0.08880088
3096	0.10514037
3097	0.12200759
3098	0.13849650
3099	0.15664917
3100	0.17544767
3101	0.19133279
3102	0.21149315
3103	0.23214738
3104	0.25434178
3105	0.28631318
3106	0.30866662
3107	0.32954407
3108	0.35293689
3109	0.38060117
3110	0.40567371
3111	0.43095872
3112	0.45976031
3113	0.48341027
3114	0.50899893
3115	0.53573948
3116	0.56284523
3117	0.58952945
3118	0.62177265
3119	0.64920837
3120	0.67802870
3121	0.70504016
3122	0.73089463
3123	0.75538909
3124	0.77847892
3125	0.79998392
3126	0.81942725
3127	0.83738118
3128	0.85330528
3129	0.86707675
3130	0.87845832
3131	0.88725549
3132	0.89356428
3133	0.89744323
3134	0.89909238
3135	0.89871788
3136	0.89630467
3137	0.89198959
3138	0.88581747
3139	0.87803304
3140	0.86882544
3141	0.85766071
3142	0.84591550
3143	0.83248305
3144	0.81563324
3145	0.79617602
3146	0.77823597
3147	0.76165849
3148	0.74522692
3149	0.72992218
3150	0.71518743
3151	0.69946861
3152	0.68221807
3153	0.66450536
3154	0.64656031
3155	0.62838632
3156	0.61017603
3157	0.59163952
3158	0.57297063
3159	0.55445772
3160	0.53575826
3161	0.51781625
3162	0.49941471
3163	0.48095760
3164	0.46183503
3165	0.44335869
3166	0.42426476
3167	0.40553090
3168	0.38680717
3169	0.36749837
3170	0.34936023
3171	0.33119878
3172	0.31351826
3173	0.29520312
3174	0.27701473
3175	0.25894257
3176	0.24101138
3177	0.22341157
3178	0.20585236
3179	0.18920942
3180	0.17290074
3181	0.15675135
3182	0.14060324
3183	0.12474364
3184	0.10904033
3185	0.09298821
3186	0.07804590
3187	0.06373814
3188	0.04997458
3189	0.03634856
3190	0.02233783
3191	0.00871604
3192	-0.00490994
3193	-0.01794099
3194	-0.02935440
3195	-0.03952658
3196	-0.04930771
3197	-0.05889647
3198	-0.06799607
3199	-0.07630352
3200	-0.08375763
3201	-0.09037612
3202	-0.09606574
3203	-0.09934311
3204	-0.10181399
3205	-0.10534127
3206	-0.10520358
3207	-0.10380248
3208	-0.10119990
3209	-0.09760977
3210	-0.09392729
3211	-0.08945180
3212	-0.08313309
3213	-0.07682888
3214	-0.06874648
3215	-0.05976851
3216	-0.05009243
3217	-0.03973620
3218	-0.02864526
3219	-0.01696203
3220	-0.00452879
3221	0.00848711
3222	0.02213072
3223	0.03654188
3224	0.05137862
3225	0.06675459
3226	0.08262739
3227	0.09897552
3228	0.11601210
3229	0.13117512
3230	0.15100510
3231	0.16978203
3232	0.18897992
3233	0.20577420
3234	0.22636369
3235	0.25312421
3236	0.26971078
3237	0.30184314
3238	0.32347021
3239	0.34481987
3240	0.37194970
3241	0.39635986
3242	0.42100346
3243	0.44914505
3244	0.47571868
3245	0.49570358
3246	0.51386416
3247	0.55369669
3248	0.57094890
3249	0.60542649
3250	0.63543540
3251	0.66277748
3252	0.69246715
3253	0.71884310
3254	0.74353135
3255	0.76797587
3256	0.79108995
3257	0.81264120
3258	0.83225018
3259	0.85029781
3260	0.86639607
3261	0.88035500
3262	0.89192045
3263	0.90098429
3264	0.90754431
3265	0.91164500
3266	0.91353238
3267	0.91338462
3268	0.91127855
3269	0.90721828
3270	0.90133125
3271	0.89378530
3272	0.88475341
3273	0.87353426
3274	0.86148459
3275	0.84635282
3276	0.82689148
3277	0.80790210
3278	0.79123241
3279	0.77519268
3280	0.75936162
3281	0.74459285
3282	0.72980022
3283	0.71307540
3284	0.69510454
3285	0.67698824
3286	0.65899068
3287	0.64067531
3288	0.62216663
3289	0.60371548
3290	0.58542246
3291	0.56665993
3292	0.54829025
3293	0.53004521
3294	0.51144272
3295	0.49301207
3296	0.47513315
3297	0.45596495
3298	0.43705246
3299	0.41825110
3300	0.39957327
3301	0.38058615
3302	0.36208823
3303	0.34417245
3304	0.32648808
3305	0.30836198
3306	0.29019186
3307	0.27222079
3308	0.25446412
3309	0.23721458
3310	0.22008386
3311	0.20363167
3312	0.18725087
3313	0.17091291
3314	0.15484503
3315	0.13872942
3316	0.12243377
3317	0.10720807
3318	0.09257458
3319	0.07871763
3320	0.06525569
3321	0.05128420
3322	0.03769572
3323	0.02369013
3324	0.00985936
3325	-0.00271351
3326	-0.01385308
3327	-0.02458002
3328	-0.03511310
3329	-0.04498933
3330	-0.05425994
3331	-0.06328293
3332	-0.06978967
3333	-0.07655117
3334	-0.08186932
3335	-0.08579677
3336	-0.08718178
3337	-0.08993104
3338	-0.08954868
3339	-0.08794208
3340	-0.08516672
3341	-0.08139004
3342	-0.07675613
3343	-0.07129104
3344	-0.06507075
3345	-0.06001056
3346	-0.05263830
3347	-0.04382369
3348	-0.03437951
3349	-0.02406994
3350	-0.01305511
3351	-0.00150056
3352	0.01078311
3353	0.02375734
3354	0.03745587
3355	0.05173421
3356	0.06671649
3357	0.08216713
3358	0.09812966
3359	0.11452930
3360	0.13055812
3361	0.14772473
3362	0.16543064
3363	0.18381366
3364	0.20233262
3365	0.21859317
3366	0.23833129
3367	0.27341628
3368	0.28846425
3369	0.31156099
3370	0.33258539
3371	0.35203737
3372	0.37940720
3373	0.40385693
3374	0.42810476
3375	0.45558202
3376	0.48170069
3377	0.50888669
3378	0.53556079
3379	0.56014389
3380	0.58105671
3381	0.60797727
3382	0.63939720
3383	0.66621745
3384	0.69429177
3385	0.72038490
3386	0.74538207
3387	0.76916748
3388	0.79175568
3389	0.81289852
3390	0.83204138
3391	0.84975439
3392	0.86554855
3393	0.87919337
3394	0.89061648
3395	0.89958793
3396	0.90607548
3397	0.91033113
3398	0.91244650
3399	0.91255915
3400	0.91077799
3401	0.90723014
3402	0.90192795
3403	0.89512795
3404	0.88684022
3405	0.87720609
3406	0.86633945
3407	0.85381418
3408	0.84110659
3409	0.82735872
3410	0.81047153
3411	0.79084224
3412	0.77281028
3413	0.75582230
3414	0.73942274
3415	0.72431195
3416	0.70947480
3417	0.69359171
3418	0.67634803
3419	0.65854806
3420	0.64085501
3421	0.62269521
3422	0.60423046
3423	0.58562189
3424	0.56703877
3425	0.54809344
3426	0.53008252
3427	0.51161247
3428	0.49329519
3429	0.47401208
3430	0.45595255
3431	0.43739241
3432	0.41832662
3433	0.39975104
3434	0.38029245
3435	0.36184335
3436	0.34327763
3437	0.32571757
3438	0.30771816
3439	0.28944740
3440	0.27128541
3441	0.25330433
3442	0.23549244
3443	0.21795371
3444	0.20093876
3445	0.18404101
3446	0.16789904
3447	0.15195863
3448	0.13612685
3449	0.12032368
3450	0.10404348
3451	0.08897066
3452	0.07439286
3453	0.06056949
3454	0.04722210
3455	0.03363621
3456	0.02037508
3457	0.00639339
3458	-0.00780837
3459	-0.02118144
3460	-0.03333832
3461	-0.04520788
3462	-0.05709117
3463	-0.06851820
3464	-0.07906596
3465	-0.08890650
3466	-0.09808206
3467	-0.10622916
3468	-0.11302238
3469	-0.11806402
3470	-0.12020969
3471	-0.12359359
3472	-0.12578230
3473	-0.12494683
3474	-0.12319732
3475	-0.12039284
3476	-0.11648043
3477	-0.11131009
3478	-0.10498252
3479	-0.09808747
3480	-0.08997203
3481	-0.08134589
3482	-0.07193349
3483	-0.05858566
3484	-0.04793910
3485	-0.03670513
3486	-0.02461097
3487	-0.01167233
3488	0.00199130
3489	0.01623845
3490	0.03113814
3491	0.04661750
3492	0.06254990
3493	0.07896885
3494	0.09593154
3495	0.11236402
3496	0.13040316
3497	0.14877193
3498	0.16478454
3499	0.18463592
3500	0.20226173
3501	0.21548666
3502	0.24604696
3503	0.27996287
3504	0.30325463
3505	0.32456312
3506	0.34836689
3507	0.37635437
3508	0.40133360
3509	0.42748836
3510	0.45454040
3511	0.48053938
3512	0.50048268
3513	0.52234215
3514	0.55408955
3515	0.58864260
3516	0.62007922
3517	0.64781481
3518	0.67763305
3519	0.70422602
3520	0.72900194
3521	0.75337034
3522	0.77637422
3523	0.79775304
3524	0.81701130
3525	0.83472228
3526	0.85042077
3527	0.86389291
3528	0.87480843
3529	0.88320744
3530	0.88910466
3531	0.89260149
3532	0.89394617
3533	0.89327890
3534	0.89062905
3535	0.88602585
3536	0.87960219
3537	0.87150073
3538	0.86180383
3539	0.84993774
3540	0.83743405
3541	0.82207352
3542	0.80237895
3543	0.78335613
3544	0.76692528
3545	0.75083780
3546	0.73492116
3547	0.71988326
3548	0.70486498
3549	0.68838096
3550	0.67035896
3551	0.65233576
3552	0.63416702
3553	0.61584753
3554	0.59801412
3555	0.57889688
3556	0.55989689
3557	0.54118234
3558	0.52311349
3559	0.50472623
3560	0.48675534
3561	0.46726859
3562	0.44919202
3563	0.43078285
3564	0.41156769
3565	0.39297655
3566	0.37390500
3567	0.35525265
3568	0.33698717
3569	0.31932667
3570	0.30108324
3571	0.28290278
3572	0.26483953
3573	0.24693201
3574	0.22920863
3575	0.21138830
3576	0.19445638
3577	0.17804515
3578	0.16194667
3579	0.14608459
3580	0.13023779
3581	0.11460285
3582	0.09863263
3583	0.08374144
3584	0.06953780
3585	0.05581622
3586	0.04241020
3587	0.02874286
3588	0.01506986
3589	0.00119261
3590	-0.01240634
3591	-0.02450394
3592	-0.03560910
3593	-0.04620404
3594	-0.05629675
3595	-0.06547587
3596	-0.07385756
3597	-0.08167619
3598	-0.08833149
3599	-0.09409048
3600	-0.09725274
3601	-0.09908637
3602	-0.10252947
3603	-0.10196794
3604	-0.09998129
3605	-0.09988559
3606	-0.09619851
3607	-0.09139925
3608	-0.08541222
3609	-0.07843804
3610	-0.07057691
3611	-0.06159827
3612	-0.05213700
3613	-0.04198769
3614	-0.02732694
3615	-0.01617947
3616	-0.00424241
3617	0.00856840
3618	0.02210753
3619	0.03640046
3620	0.05119061
3621	0.06675291
3622	0.08269794
3623	0.09926942
3624	0.11561614
3625	0.13355140
3626	0.15236552
3627	0.17169674
3628	0.18833768
3629	0.20906828
3630	0.23652256
3631	0.26439419
3632	0.28743690
3633	0.31016597
3634	0.33251858
3635	0.35898164
3636	0.37824342
3637	0.41120166
3638	0.43784398
3639	0.46468115
3640	0.48517480
3641	0.51140410
3642	0.54081911
3643	0.57087010
3644	0.59900719
3645	0.63054514
3646	0.65845335
3647	0.68828791
3648	0.71495891
3649	0.74060202
3650	0.76441288
3651	0.78770852
3652	0.80960470
3653	0.82986701
3654	0.84805471
3655	0.86463171
3656	0.87912059
3657	0.89126146
3658	0.90101725
3659	0.90835667
3660	0.91342640
3661	0.91641176
3662	0.91749823
3663	0.91668868
3664	0.91405123
3665	0.90962768
3666	0.90353888
3667	0.89591384
3668	0.88696104
3669	0.87592036
3670	0.86430532
3671	0.85031611
3672	0.83138263
3673	0.81176102
3674	0.79470772
3675	0.77868527
3676	0.76252085
3677	0.74730784
3678	0.73256183
3679	0.71661919
3680	0.69883317
3681	0.68075973
3682	0.66281748
3683	0.64463669
3684	0.62606806
3685	0.60745513
3686	0.58854079
3687	0.57014865
3688	0.55176121
3689	0.53311098
3690	0.51508939
3691	0.49675444
3692	0.47826612
3693	0.45929191
3694	0.44068539
3695	0.42224175
3696	0.40365618
3697	0.38464645
3698	0.36607337
3699	0.34786990
3700	0.33026206
3701	0.31192121
3702	0.29354149
3703	0.27546772
3704	0.25754869
3705	0.23984963
3706	0.22258314
3707	0.20549692
3708	0.18910269
3709	0.17310257
3710	0.15709110
3711	0.14137706
3712	0.12593655
3713	0.11037467
3714	0.09600023
3715	0.08249912
3716	0.06913062
3717	0.05468976
3718	0.03982408
3719	0.02442051
3720	0.00922602
3721	-0.00484809
3722	-0.01800689
3723	-0.03107996
3724	-0.04375893
3725	-0.05512493
3726	-0.06701956
3727	-0.07749278
3728	-0.08703636
3729	-0.09511517
3730	-0.10161927
3731	-0.10725205
3732	-0.11123859
3733	-0.11328279
3734	-0.11225147
3735	-0.11364521
3736	-0.11232514
3737	-0.11013664
3738	-0.10639413
3739	-0.10183888
3740	-0.09611180
3741	-0.08896028
3742	-0.08108173
3743	-0.07219233
3744	-0.06226948
3745	-0.04702879
3746	-0.03645442
3747	-0.02434651
3748	-0.01167861
3749	0.00176804
3750	0.01579974
3751	0.03026324
3752	0.04519616
3753	0.06070315
3754	0.07661173
3755	0.09304211
3756	0.10993385
3757	0.12728715
3758	0.14099342
3759	0.15951562
3760	0.18222098
3761	0.19855131
3762	0.21913685
3763	0.24025679
3764	0.26178646
3765	0.29254362
3766	0.31819817
3767	0.33982262
3768	0.36427590
3769	0.39122805
3770	0.41690841
3771	0.44273278
3772	0.46952462
3773	0.49325576
3774	0.51990104
3775	0.54861194
3776	0.57854027
3777	0.60883760
3778	0.63865566
3779	0.66729742
3780	0.69722438
3781	0.72633350
3782	0.75264418
3783	0.77866286
3784	0.80342680
3785	0.82663608
3786	0.84821928
3787	0.86767799
3788	0.88551193
3789	0.90110821
3790	0.91419131
3791	0.92460519
3792	0.93233371
3793	0.93748796
3794	0.94032168
3795	0.94095033
3796	0.93955559
3797	0.93617684
3798	0.93096572
3799	0.92405027
3800	0.91560155
3801	0.90483397
3802	0.89322793
3803	0.87816286
3804	0.85912776
3805	0.83971697
3806	0.82304394
3807	0.80682671
3808	0.79091823
3809	0.77620864
3810	0.76137602
3811	0.74464959
3812	0.72662008
3813	0.70877206
3814	0.69121081
3815	0.67305702
3816	0.65461498
3817	0.63604337
3818	0.61751324
3819	0.59950978
3820	0.58068639
3821	0.56187528
3822	0.54350966
3823	0.52501047
3824	0.50643349
3825	0.48833454
3826	0.46824637
3827	0.45012650
3828	0.43163887
3829	0.41281801
3830	0.39487973
3831	0.37687385
3832	0.35891554
3833	0.34079632
3834	0.32259378
3835	0.30480880
3836	0.28729132
3837	0.27030915
3838	0.25337741
3839	0.23697898
3840	0.22073147
3841	0.20456721
3842	0.18857004
3843	0.17221031
3844	0.15685108
3845	0.14211249
3846	0.12808400
3847	0.11461781
3848	0.10094559
3849	0.08775015
3850	0.07383803
3851	0.05983453
3852	0.04672561
3853	0.03485556
3854	0.02369073
3855	0.01268317
3856	0.00206584
3857	-0.00779753
3858	-0.01685285
3859	-0.02498515
3860	-0.03201366
3861	-0.03799363
3862	-0.04234820
3863	-0.04475640
3864	-0.04705319
3865	-0.04692435
3866	-0.04797233
3867	-0.04557767
3868	-0.04311853
3869	-0.03895790
3870	-0.03377643
3871	-0.02755877
3872	-0.02031848
3873	-0.01227861
3874	-0.00348545
3875	0.00597197
3876	0.01606146
3877	0.02682333
3878	0.03827905
3879	0.05048601
3880	0.06249433
3881	0.07594547
3882	0.09013757
3883	0.10499099
3884	0.12060075
3885	0.13623776
3886	0.15287447
3887	0.16893499
3888	0.18611814
3889	0.20357031
3890	0.22139010
3891	0.23948428
3892	0.25637275
3893	0.27628365
3894	0.30233285
3895	0.32096010
3896	0.34694475
3897	0.37128350
3898	0.39325002
3899	0.41925257
3900	0.44328964
3901	0.46704659
3902	0.49198699
3903	0.51604694
3904	0.54033583
3905	0.56596279
3906	0.59403712
3907	0.62566817
3908	0.65122867
3909	0.67836314
3910	0.70556176
3911	0.73244733
3912	0.76035112
3913	0.78601354
3914	0.81038868
3915	0.83343744
3916	0.85507894
3917	0.87509114
3918	0.89307576
3919	0.90956897
3920	0.92397422
3921	0.93608737
3922	0.94577312
3923	0.95292938
3924	0.95767117
3925	0.96011829
3926	0.96049052
3927	0.95887768
3928	0.95539606
3929	0.95008171
3930	0.94321048
3931	0.93485343
3932	0.92438763
3933	0.91303533
3934	0.89960116
3935	0.88237596
3936	0.86250567
3937	0.84471351
3938	0.82859105
3939	0.81239653
3940	0.79709411
3941	0.78248471
3942	0.76704413
3943	0.74978709
3944	0.73157114
3945	0.71368611
3946	0.69558251
3947	0.67717522
3948	0.65877205
3949	0.64028633
3950	0.62149650
3951	0.60316837
3952	0.58516097
3953	0.56647611
3954	0.54805428
3955	0.52956849
3956	0.51108783
3957	0.49169600
3958	0.47290534
3959	0.45319667
3960	0.43519780
3961	0.41713381
3962	0.39920756
3963	0.38155040
3964	0.36335579
3965	0.34517074
3966	0.32717103
3967	0.30939278
3968	0.29208171
3969	0.27540040
3970	0.25824183
3971	0.24202172
3972	0.22592773
3973	0.20975737
3974	0.19322348
3975	0.17756976
3976	0.16236028
3977	0.14768334
3978	0.13377719
3979	0.12043523
3980	0.10709697
3981	0.09444980
3982	0.08153486
3983	0.06856626
3984	0.05660119
3985	0.04638880
3986	0.03699682
3987	0.02793753
3988	0.01941847
3989	0.01193376
3990	0.00477295
3991	-0.00169904
3992	-0.00721780
3993	-0.01140031
3994	-0.01438070
3995	-0.01546883
3996	-0.01730366
3997	-0.01680593
3998	-0.01518782
3999	-0.01254506
4000	-0.01236365
4001	-0.00886326
4002	-0.00398503
4003	0.00154820
4004	0.00790450
4005	0.01917061
4006	0.02645013
4007	0.03554936
4008	0.04530443
4009	0.05581327
4010	0.06702556
4011	0.07899107
4012	0.09070655
4013	0.10398482
4014	0.11794060
4015	0.13315627
4016	0.14819747
4017	0.16363811
4018	0.17963307
4019	0.19605680
4020	0.21227825
4021	0.22981527
4022	0.24798284
4023	0.26677954
4024	0.28250349
4025	0.30242828
4026	0.32260343
4027	0.34649673
4028	0.37524772
4029	0.39524201
4030	0.41820067
4031	0.44084322
4032	0.46648827
4033	0.48990729
4034	0.50977975
4035	0.53761190
4036	0.56357974
4037	0.58998483
4038	0.62192136
4039	0.64677721
4040	0.67449474
4041	0.70161754
4042	0.72918022
4043	0.75802994
4044	0.78512788
4045	0.81137323
4046	0.83664238
4047	0.86100334
4048	0.88366354
4049	0.90473127
4050	0.92345703
4051	0.94087344
4052	0.95617354
4053	0.96916527
4054	0.97964388
4055	0.98757231
4056	0.99308753
4057	0.99630505
4058	0.99751049
4059	0.99666536
4060	0.99384534
4061	0.98908412
4062	0.98257363
4063	0.97440338
4064	0.96482015
4065	0.95318985
4066	0.94099903
4067	0.92681408
4068	0.90919620
4069	0.88966894
4070	0.87250638
4071	0.85650128
4072	0.84051996
4073	0.82545197
4074	0.81071633
4075	0.79486924
4076	0.77712810
4077	0.75899088
4078	0.74133831
4079	0.72336626
4080	0.70483857
4081	0.68631822
4082	0.66787463
4083	0.64934134
4084	0.63076669
4085	0.61180431
4086	0.59343612
4087	0.57509273
4088	0.55670798
4089	0.53745651
4090	0.51890159
4091	0.50028276
4092	0.48108405
4093	0.46200904
4094	0.44470143
4095	0.42701313
4096	0.40880054
4097	0.39073280
4098	0.37269011
4099	0.35483575
4100	0.33722970
4101	0.32018054
4102	0.30324507
4103	0.28675795
4104	0.27070114
4105	0.25471613
4106	0.23860572
4107	0.22252254
4108	0.20726861
4109	0.19253182
4110	0.17838301
4111	0.16478123
4112	0.15103623
4113	0.13772704
4114	0.12389337
4115	0.11000407
4116	0.09691512
4117	0.08540431
4118	0.07478265
4119	0.06462981
4120	0.05506181
4121	0.04624565
4122	0.03837686
4123	0.03135380
4124	0.02519348
4125	0.02017569
4126	0.01640678
4127	0.01418921
4128	0.01209931
4129	0.01249638
4130	0.01086877
4131	0.01229202
4132	0.01463707
4133	0.01808124
4134	0.02232179
4135	0.02788642
4136	0.03388670
4137	0.04434019
4138	0.05182650
4139	0.06081794
4140	0.07040397
4141	0.08085064
4142	0.09189573
4143	0.10352372
4144	0.11578234
4145	0.12794837
4146	0.14140226
4147	0.15561636
4148	0.17043559
4149	0.18610591
4150	0.20180814
4151	0.21799788
4152	0.23465051
4153	0.25095883
4154	0.26865467
4155	0.28710037
4156	0.30471548
4157	0.32222953
4158	0.34259188
4159	0.36329684
4160	0.39030227
4161	0.41704836
4162	0.43915445
4163	0.46091092
4164	0.48517233
4165	0.50315845
4166	0.52799529
4167	0.55543870
4168	0.58124483
4169	0.61287731
4170	0.63865077
4171	0.66382116
4172	0.69025916
4173	0.71718508
4174	0.74411660
4175	0.77222645
4176	0.79877603
4177	0.82462180
4178	0.84920555
4179	0.87267745
4180	0.89486223
4181	0.91536206
4182	0.93359476
4183	0.95060474
4184	0.96569097
4185	0.97868979
4186	0.98946643
4187	0.99785483
4188	1.00389171
4189	1.00768709
4190	1.00940239
4191	1.00919378
4192	1.00703609
4193	1.00310707
4194	0.99748141
4195	0.99025035
4196	0.98157752
4197	0.97148824
4198	0.96021891
4199	0.94720584
4200	0.93419051
4201	0.91793442
4202	0.89869744
4203	0.87984604
4204	0.86307472
4205	0.84664673
4206	0.83068204
4207	0.81558359
4208	0.80031610
4209	0.78346622
4210	0.76547664
4211	0.74758881
4212	0.72971779
4213	0.71164846
4214	0.69299924
4215	0.67438334
4216	0.65578020
4217	0.63714427
4218	0.61859626
4219	0.60011107
4220	0.58131033
4221	0.56298316
4222	0.54402143
4223	0.52544940
4224	0.50685561
4225	0.48826027
4226	0.46941498
4227	0.45069912
4228	0.43298164
4229	0.41488302
4230	0.39662886
4231	0.37850893
4232	0.36048555
4233	0.34269133
4234	0.32529914
4235	0.30814344
4236	0.29117954
4237	0.27487659
4238	0.25877485
4239	0.24246904
4240	0.22572465
4241	0.20995302
4242	0.19465174
4243	0.17987382
4244	0.16592926
4245	0.15273997
4246	0.13956366
4247	0.12558174
4248	0.11167616
4249	0.09769878
4250	0.08457649
4251	0.07269659
4252	0.06105512
4253	0.04957030
4254	0.03837119
4255	0.02752891
4256	0.01727604
4257	0.00790538
4258	-0.00054498
4259	-0.00775621
4260	-0.01349765
4261	-0.01872355
4262	-0.02132977
4263	-0.02255068
4264	-0.02236469
4265	-0.02378825
4266	-0.02217711
4267	-0.01964843
4268	-0.01612682
4269	-0.01048827
4270	-0.00498020
4271	0.00160302
4272	0.00903536
4273	0.01720100
4274	0.02612407
4275	0.03573623
4276	0.04606473
4277	0.05697782
4278	0.06862298
4279	0.08089709
4280	0.09393418
4281	0.10750582
4282	0.12180824
4283	0.13643241
4284	0.15146959
4285	0.16694869
4286	0.18270719
4287	0.19896026
4288	0.21568298
4289	0.23202391
4290	0.24973780
4291	0.26778004
4292	0.28359067
4293	0.30334672
4294	0.32326180
4295	0.34467477
4296	0.37387234
4297	0.39582404
4298	0.41895366
4299	0.44225329
4300	0.46857139
4301	0.49182451
4302	0.51614988
4303	0.54144293
4304	0.56759924
4305	0.59451419
4306	0.62527084
4307	0.65438354
4308	0.68047315
4309	0.70803487
4310	0.73546445
4311	0.76396203
4312	0.79018891
4313	0.81525344
4314	0.83910674
4315	0.86157864
4316	0.88241708
4317	0.90118390
4318	0.91845900
4319	0.93368632
4320	0.94666159
4321	0.95713812
4322	0.96492994
4323	0.97019529
4324	0.97307557
4325	0.97378081
4326	0.97243589
4327	0.96916789
4328	0.96403700
4329	0.95715958
4330	0.94871300
4331	0.93876779
4332	0.92679858
4333	0.91442263
4334	0.89971536
4335	0.88177139
4336	0.86205590
4337	0.84486520
4338	0.82919014
4339	0.81326526
4340	0.79775530
4341	0.78278035
4342	0.76710069
4343	0.74946296
4344	0.73109972
4345	0.71316773
4346	0.69537276
4347	0.67697012
4348	0.65835851
4349	0.63976741
4350	0.62119597
4351	0.60281551
4352	0.58453369
4353	0.56576002
4354	0.54740500
4355	0.52922642
4356	0.51003951
4357	0.49145415
4358	0.47351685
4359	0.45421034
4360	0.43525362
4361	0.41687465
4362	0.39877298
4363	0.38066256
4364	0.36258599
4365	0.34432831
4366	0.32592332
4367	0.30807814
4368	0.29033113
4369	0.27252826
4370	0.25569963
4371	0.23925760
4372	0.22301733
4373	0.20675977
4374	0.19052474
4375	0.17444918
4376	0.15828972
4377	0.14298864
4378	0.12836051
4379	0.11434302
4380	0.10083541
4381	0.08740809
4382	0.07340518
4383	0.05946185
4384	0.04522989
4385	0.03161350
4386	0.01959596
4387	0.00887016
4388	-0.00111248
4389	-0.01043577
4390	-0.01906606
4391	-0.02695748
4392	-0.03390975
4393	-0.03997521
4394	-0.04457529
4395	-0.04789916
4396	-0.04893766
4397	-0.05151546
4398	-0.05071458
4399	-0.04993039
4400	-0.04932033
4401	-0.04560346
4402	-0.04095312
4403	-0.03504780
4404	-0.02807568
4405	-0.02014979
4406	-0.01159773
4407	-0.00238125
4408	0.00740831
4409	0.01791369
4410	0.02902481
4411	0.04094224
4412	0.05348649
4413	0.06663527
4414	0.08036404
4415	0.09459083
4416	0.10928293
4417	0.12454375
4418	0.14021425
4419	0.15633880
4420	0.17232841
4421	0.18978360
4422	0.20782505
4423	0.22609054
4424	0.24239144
4425	0.26206359
4426	0.28024882
4427	0.30369711
4428	0.33317992
4429	0.35540721
4430	0.37688997
4431	0.40335944
4432	0.42720708
4433	0.45036894
4434	0.48095918
4435	0.50900376
4436	0.53362632
4437	0.55395043
4438	0.56909978
4439	0.60598093
4440	0.63418299
4441	0.66129082
4442	0.68846595
4443	0.71679091
4444	0.74322569
4445	0.76845264
4446	0.79246336
4447	0.81513935
4448	0.83623666
4449	0.85524672
4450	0.87275094
4451	0.88832182
4452	0.90173042
4453	0.91270375
4454	0.92114359
4455	0.92704451
4456	0.93052477
4457	0.93187559
4458	0.93119919
4459	0.92855901
4460	0.92396969
4461	0.91764438
4462	0.90973127
4463	0.90041208
4464	0.88894409
4465	0.87704819
4466	0.86316264
4467	0.84562886
4468	0.82533342
4469	0.80732942
4470	0.79114544
4471	0.77488071
4472	0.75913614
4473	0.74406457
4474	0.72823936
4475	0.71088082
4476	0.69287783
4477	0.67496675
4478	0.65686864
4479	0.63853127
4480	0.62012815
4481	0.60164934
4482	0.58321661
4483	0.56480807
4484	0.54624784
4485	0.52825040
4486	0.50929862
4487	0.49112520
4488	0.47092265
4489	0.45228717
4490	0.43401235
4491	0.41463411
4492	0.39608592
4493	0.37812167
4494	0.36035606
4495	0.34210050
4496	0.32386965
4497	0.30575621
4498	0.28776658
4499	0.26998830
4500	0.25205886
4501	0.23506051
4502	0.21871395
4503	0.20268771
4504	0.18692467
4505	0.17107725
4506	0.15531598
4507	0.13934493
4508	0.12441824
4509	0.11001454
4510	0.09613387
4511	0.08239741
4512	0.06799907
4513	0.05348390
4514	0.03849207
4515	0.02362446
4516	0.01007312
4517	-0.00241260
4518	-0.01438852
4519	-0.02572654
4520	-0.03722342
4521	-0.04556748
4522	-0.05348706
4523	-0.06140236
4524	-0.06671323
4525	-0.07130568
4526	-0.07431335
4527	-0.07542819
4528	-0.07712409
4529	-0.07867356
4530	-0.07784688
4531	-0.07521880
4532	-0.07144459
4533	-0.06658511
4534	-0.06049928
4535	-0.05329853
4536	-0.04510726
4537	-0.03606036
4538	-0.02625188
4539	-0.01571295
4540	-0.00461376
4541	0.00710925
4542	0.01946844
4543	0.03241415
4544	0.04598485
4545	0.06010619
4546	0.07472500
4547	0.08995422
4548	0.10565215
4549	0.12177893
4550	0.13841037
4551	0.15542521
4552	0.17221399
4553	0.19024438
4554	0.20876849
4555	0.22463204
4556	0.24456002
4557	0.26491526
4558	0.28652796
4559	0.31794605
4560	0.33983079
4561	0.36042726
4562	0.38339478
4563	0.41004339
4564	0.43443745
4565	0.45941201
4566	0.48434716
4567	0.50531250
4568	0.52663743
4569	0.55265117
4570	0.58768290
4571	0.61899763
4572	0.64550662
4573	0.67274696
4574	0.69985920
4575	0.72892773
4576	0.75466394
4577	0.77846915
4578	0.80179083
4579	0.82367057
4580	0.84389609
4581	0.86208212
4582	0.87870610
4583	0.89333934
4584	0.90580702
4585	0.91588706
4586	0.92353034
4587	0.92858380
4588	0.93173200
4589	0.93262887
4590	0.93155509
4591	0.92819238
4592	0.92357236
4593	0.91714871
4594	0.90923911
4595	0.90010482
4596	0.88980728
4597	0.87789631
4598	0.86587673
4599	0.85144854
4600	0.83342606
4601	0.81396925
4602	0.79698581
4603	0.78168601
4604	0.76593703
4605	0.75036389
4606	0.73504490
4607	0.71824825
4608	0.70036131
4609	0.68239230
4610	0.66438186
4611	0.64608490
4612	0.62761492
4613	0.60866559
4614	0.59046966
4615	0.57206857
4616	0.55363798
4617	0.53522253
4618	0.51688129
4619	0.49831021
4620	0.47979400
4621	0.46022397
4622	0.44212794
4623	0.42376211
4624	0.40473798
4625	0.38618889
4626	0.36823863
4627	0.35050461
4628	0.33234495
4629	0.31425431
4630	0.29619652
4631	0.27802321
4632	0.26043004
4633	0.24285027
4634	0.22622576
4635	0.20973644
4636	0.19346777
4637	0.17717116
4638	0.16090749
4639	0.14442298
4640	0.12888907
4641	0.11383403
4642	0.09954366
4643	0.08610101
4644	0.07301106
4645	0.05970747
4646	0.04663894
4647	0.03275940
4648	0.01875047
4649	0.00569392
4650	-0.00562829
4651	-0.01575522
4652	-0.02504334
4653	-0.03446870
4654	-0.04084915
4655	-0.04668717
4656	-0.05184613
4657	-0.05634108
4658	-0.05864659
4659	-0.06166570
4660	-0.06177613
4661	-0.06113916
4662	-0.06171755
4663	-0.05925808
4664	-0.05585121
4665	-0.04974303
4666	-0.04454121
4667	-0.03784954
4668	-0.03010014
4669	-0.02134437
4670	-0.01192821
4671	-0.00199184
4672	0.00852564
4673	0.01961307
4674	0.03131275
4675	0.04375264
4676	0.05692845
4677	0.07077364
4678	0.08527517
4679	0.10037179
4680	0.11586223
4681	0.13195013
4682	0.14797755
4683	0.16511142
4684	0.18297926
4685	0.20148124
4686	0.21687841
4687	0.23649125
4688	0.25668225
4689	0.28637606
4690	0.30418947
4691	0.33166847
4692	0.35181448
4693	0.37712237
4694	0.40151596
4695	0.42580727
4696	0.45067504
4697	0.47528672
4698	0.50292015
4699	0.53033906
4700	0.55430728
4701	0.57158858
4702	0.60591638
4703	0.63524634
4704	0.66232485
4705	0.69104624
4706	0.71770918
4707	0.74356002
4708	0.76844299
4709	0.79232311
4710	0.81441951
4711	0.83475703
4712	0.85282981
4713	0.86922109
4714	0.88344896
4715	0.89510113
4716	0.90444571
4717	0.91125351
4718	0.91565263
4719	0.91777414
4720	0.91782039
4721	0.91581351
4722	0.91181159
4723	0.90576500
4724	0.89791280
4725	0.88830912
4726	0.87726688
4727	0.86423206
4728	0.85109866
4729	0.83637947
4730	0.81953502
4731	0.80046719
4732	0.78294849
4733	0.76686299
4734	0.75040996
4735	0.73445386
4736	0.71908510
4737	0.70310241
4738	0.68577671
4739	0.66795391
4740	0.65020925
4741	0.63216281
4742	0.61472785
4743	0.59560990
4744	0.57732248
4745	0.55815357
4746	0.54095691
4747	0.52214700
4748	0.50364387
4749	0.48584440
4750	0.46558508
4751	0.44633046
4752	0.42704368
4753	0.40901288
4754	0.39042857
4755	0.37145698
4756	0.35352933
4757	0.33497015
4758	0.31712714
4759	0.29882976
4760	0.28056359
4761	0.26246649
4762	0.24448426
4763	0.22662136
4764	0.20866413
4765	0.19158749
4766	0.17494310
4767	0.15863886
4768	0.14250968
4769	0.12652718
4770	0.11068192
4771	0.09446983
4772	0.07931004
4773	0.06462619
4774	0.05059778
4775	0.03702872
4776	0.02332178
4777	0.01003262
4778	-0.00389809
4779	-0.01787793
4780	-0.03109637
4781	-0.04274217
4782	-0.05370640
4783	-0.06424356
4784	-0.07413346
4785	-0.08395126
4786	-0.09106790
4787	-0.09805733
4788	-0.10490103
4789	-0.10973340
4790	-0.11321253
4791	-0.11524624
4792	-0.11653768
4793	-0.11678587
4794	-0.11708117
4795	-0.11482839
4796	-0.11149392
4797	-0.10703593
4798	-0.10146105
4799	-0.09503740
4800	-0.08759527
4801	-0.07936403
4802	-0.07043520
4803	-0.06088514
4804	-0.05061692
4805	-0.03961139
4806	-0.02787888
4807	-0.01528052
4808	-0.00206454
4809	0.01177615
4810	0.02622814
4811	0.04117997
4812	0.05677401
4813	0.07281987
4814	0.08939078
4815	0.10570841
4816	0.12325142
4817	0.14145049
4818	0.16046670
4819	0.17627573
4820	0.19630335
4821	0.21700360
4822	0.23903808
4823	0.27036837
4824	0.29335806
4825	0.31440800
4826	0.33793730
4827	0.36472648
4828	0.39185086
4829	0.41720644
4830	0.44321638
4831	0.46965551
4832	0.49642611
4833	0.51779079
4834	0.54466951
4835	0.57527322
4836	0.60016012
4837	0.63299882
4838	0.66049492
4839	0.69038850
4840	0.71694738
4841	0.74174374
4842	0.76617843
4843	0.78907037
4844	0.81034917
4845	0.82961810
4846	0.84720647
4847	0.86275262
4848	0.87600160
4849	0.88677573
4850	0.89499247
4851	0.90068710
4852	0.90405351
4853	0.90524715
4854	0.90438330
4855	0.90143150
4856	0.89645010
4857	0.88957936
4858	0.88095480
4859	0.87089932
4860	0.85876429
4861	0.84638739
4862	0.83178258
4863	0.81466252
4864	0.79503500
4865	0.77765054
4866	0.76119614
4867	0.74529690
4868	0.73058259
4869	0.71591055
4870	0.69987565
4871	0.68239164
4872	0.66452461
4873	0.64659047
4874	0.62860042
4875	0.61043131
4876	0.59261143
4877	0.57398295
4878	0.55469686
4879	0.53704196
4880	0.51870340
4881	0.50038290
4882	0.48108169
4883	0.46204305
4884	0.44324964
4885	0.42443657
4886	0.40545085
4887	0.38689384
4888	0.36800423
4889	0.34959760
4890	0.33180022
4891	0.31415120
4892	0.29591995
4893	0.27783743
4894	0.25991914
4895	0.24218000
4896	0.22494072
4897	0.20771572
4898	0.19115821
4899	0.17484021
4900	0.15872301
4901	0.14254841
4902	0.12644818
4903	0.11035709
4904	0.09506847
4905	0.08027238
4906	0.06622212
4907	0.05272209
4908	0.03946754
4909	0.02577521
4910	0.01223203
4911	-0.00134537
4912	-0.01402404
4913	-0.02494436
4914	-0.03479493
4915	-0.04425324
4916	-0.05418401
4917	-0.06138435
4918	-0.06847163
4919	-0.07578389
4920	-0.08126693
4921	-0.08541021
4922	-0.08814622
4923	-0.09028543
4924	-0.09088685
4925	-0.09049111
4926	-0.08917729
4927	-0.08746853
4928	-0.08355749
4929	-0.07878605
4930	-0.07299849
4931	-0.06626648
4932	-0.05860825
4933	-0.04999971
4934	-0.04055472
4935	-0.03024940
4936	-0.01928301
4937	-0.00782435
4938	0.00439678
4939	0.01721417
4940	0.03069791
4941	0.04476472
4942	0.05935587
4943	0.07448679
4944	0.09005614
4945	0.10610010
4946	0.12250105
4947	0.13936527
4948	0.15651743
4949	0.17341782
4950	0.19169590
4951	0.21046339
4952	0.22639032
4953	0.24642460
4954	0.26691681
4955	0.28885382
4956	0.32160676
4957	0.34184441
4958	0.36409146
4959	0.38864416
4960	0.41248327
4961	0.44123593
4962	0.46645498
4963	0.49193531
4964	0.51207155
4965	0.53918028
4966	0.57057971
4967	0.59130794
4968	0.62012130
4969	0.65206248
4970	0.67960691
4971	0.70681006
4972	0.73365533
4973	0.76263595
4974	0.78739548
4975	0.81016755
4976	0.83253115
4977	0.85314590
4978	0.87243128
4979	0.88974947
4980	0.90550035
4981	0.91919506
4982	0.93061590
4983	0.93952191
4984	0.94592160
4985	0.94995672
4986	0.95178992
4987	0.95158118
4988	0.94946980
4989	0.94557482
4990	0.94001430
4991	0.93277580
4992	0.92415082
4993	0.91425109
4994	0.90256667
4995	0.89043522
4996	0.87522286
4997	0.85640663
4998	0.83697033
4999	0.82037675
5000	0.80473083
5001	0.78895259
5002	0.77370733
5003	0.75879371
5004	0.74227828
5005	0.72414285
5006	0.70603287
5007	0.68809861
5008	0.66987354
5009	0.65129381
5010	0.63276201
5011	0.61503667
5012	0.59624779
5013	0.57797533
5014	0.55898684
5015	0.54202622
5016	0.52343941
5017	0.50494796
5018	0.48671129
5019	0.46596843
5020	0.44728771
5021	0.42852587
5022	0.40960225
5023	0.39118105
5024	0.37394801
5025	0.35555828
5026	0.33735961
5027	0.31927127
5028	0.30135834
5029	0.28371572
5030	0.26656646
5031	0.24951987
5032	0.23313874
5033	0.21691453
5034	0.20066133
5035	0.18438445
5036	0.16799857
5037	0.15250811
5038	0.13743770
5039	0.12299213
5040	0.10925782
5041	0.09589832
5042	0.08227479
5043	0.06915931
5044	0.05554768
5045	0.04202337
5046	0.02979515
5047	0.01914645
5048	0.00916948
5049	-0.00045430
5050	-0.00957257
5051	-0.01820019
5052	-0.02616969
5053	-0.03338461
5054	-0.03970364
5055	-0.04503283
5056	-0.04901731
5057	-0.05202337
5058	-0.05306125
5059	-0.05315207
5060	-0.05201076
5061	-0.04976031
5062	-0.04657711
5063	-0.04355942
5064	-0.03805188
5065	-0.03157349
5066	-0.02424402
5067	-0.01614135
5068	-0.00724596
5069	0.00229816
5070	0.01241845
5071	0.02311386
5072	0.03434963
5073	0.04627351
5074	0.05888781
5075	0.07213093
5076	0.08607261
5077	0.10055327
5078	0.11568998
5079	0.13128862
5080	0.14743175
5081	0.16315533
5082	0.18019591
5083	0.19804280
5084	0.21647078
5085	0.23530409
5086	0.25152421
5087	0.27141985
5088	0.29224917
5089	0.31404626
5090	0.34500346
5091	0.36630845
5092	0.38894302
5093	0.41662246
5094	0.44046849
5095	0.46495491
5096	0.48997056
5097	0.51014650
5098	0.53494716
5099	0.56578368
5100	0.58837688
5101	0.61536348
5102	0.64662760
5103	0.67379010
5104	0.70083469
5105	0.72919315
5106	0.75630271
5107	0.78083682
5108	0.80505508
5109	0.82812136
5110	0.84967583
5111	0.86954272
5112	0.88737351
5113	0.90352619
5114	0.91760778
5115	0.92932510
5116	0.93853211
5117	0.94520563
5118	0.94946957
5119	0.95156372
5120	0.95170921
5121	0.94994867
5122	0.94645005
5123	0.94104218
5124	0.93366939
5125	0.92506236
5126	0.91487807
5127	0.90297556
5128	0.89053911
5129	0.87743837
5130	0.86194646
5131	0.84273213
5132	0.82457972
5133	0.80805379
5134	0.79188150
5135	0.77647710
5136	0.76174146
5137	0.74647021
5138	0.72942328
5139	0.71146107
5140	0.69361061
5141	0.67569232
5142	0.65727520
5143	0.63888454
5144	0.62033999
5145	0.60202122
5146	0.58348721
5147	0.56507885
5148	0.54669994
5149	0.52901345
5150	0.51006496
5151	0.49148661
5152	0.47030661
5153	0.45322940
5154	0.43476683
5155	0.41570169
5156	0.39666930
5157	0.37887111
5158	0.36109748
5159	0.34291828
5160	0.32481062
5161	0.30684721
5162	0.28898758
5163	0.27131873
5164	0.25369361
5165	0.23701066
5166	0.22070780
5167	0.20456459
5168	0.18856339
5169	0.17241402
5170	0.15602824
5171	0.14063199
5172	0.12565382
5173	0.11134560
5174	0.09773073
5175	0.08437557
5176	0.07085933
5177	0.05753647
5178	0.04377366
5179	0.03028197
5180	0.01830240
5181	0.00750283
5182	-0.00275200
5183	-0.01263459
5184	-0.02182931
5185	-0.03034684
5186	-0.03796151
5187	-0.04455159
5188	-0.05024919
5189	-0.05442800
5190	-0.05744473
5191	-0.05863019
5192	-0.06045650
5193	-0.05973718
5194	-0.05800951
5195	-0.05776837
5196	-0.05418536
5197	-0.05068849
5198	-0.04547336
5199	-0.03934482
5200	-0.03250341
5201	-0.02484637
5202	-0.01635734
5203	-0.00735910
5204	0.00227380
5205	0.01232204
5206	0.02301139
5207	0.03438466
5208	0.04664217
5209	0.05973165
5210	0.07346994
5211	0.08806338
5212	0.10309143
5213	0.11865839
5214	0.13476367
5215	0.15049170
5216	0.16724074
5217	0.18466213
5218	0.20237842
5219	0.21917306
5220	0.23607086
5221	0.25520286
5222	0.27489844
5223	0.29591352
5224	0.32675290
5225	0.34718004
5226	0.36764461
5227	0.39026847
5228	0.41633818
5229	0.44025615
5230	0.46826145
5231	0.48881283
5232	0.50657606
5233	0.52715605
5234	0.55615795
5235	0.58784944
5236	0.61820018
5237	0.64400822
5238	0.67032677
5239	0.69750726
5240	0.72427946
5241	0.74801981
5242	0.77139753
5243	0.79343307
5244	0.81407773
5245	0.83273339
5246	0.84998602
5247	0.86531061
5248	0.87867951
5249	0.88987792
5250	0.89868784
5251	0.90508091
5252	0.90914714
5253	0.91095865
5254	0.91076231
5255	0.90861630
5256	0.90455979
5257	0.89878815
5258	0.89141548
5259	0.88255012
5260	0.87243843
5261	0.86046898
5262	0.84809017
5263	0.83411944
5264	0.81682384
5265	0.79726052
5266	0.77924961
5267	0.76239419
5268	0.74594367
5269	0.73095524
5270	0.71653605
5271	0.70087689
5272	0.68374282
5273	0.66593236
5274	0.64811546
5275	0.63016582
5276	0.61184233
5277	0.59316534
5278	0.57456589
5279	0.55620664
5280	0.53766537
5281	0.51921576
5282	0.50075197
5283	0.48235255
5284	0.46383381
5285	0.44510341
5286	0.42607656
5287	0.40752488
5288	0.38849518
5289	0.36987841
5290	0.35134521
5291	0.33403337
5292	0.31577140
5293	0.29732963
5294	0.27937812
5295	0.26146272
5296	0.24369407
5297	0.22620232
5298	0.20892020
5299	0.19235975
5300	0.17603566
5301	0.15973145
5302	0.14363839
5303	0.12748720
5304	0.11134185
5305	0.09609690
5306	0.08143409
5307	0.06749602
5308	0.05420763
5309	0.04131324
5310	0.02805391
5311	0.01457462
5312	0.00058969
5313	-0.01284631
5314	-0.02469130
5315	-0.03526912
5316	-0.04518853
5317	-0.05431415
5318	-0.06368630
5319	-0.07014833
5320	-0.07644174
5321	-0.08182976
5322	-0.08633176
5323	-0.08972143
5324	-0.09242756
5325	-0.09352607
5326	-0.09554766
5327	-0.09351543
5328	-0.08875079
5329	-0.08527312
5330	-0.08057144
5331	-0.07516331
5332	-0.06876001
5333	-0.06167175
5334	-0.05366119
5335	-0.04517391
5336	-0.03200213
5337	-0.02263216
5338	-0.01200958
5339	-0.00054167
5340	0.01178775
5341	0.02482944
5342	0.03863105
5343	0.05305498
5344	0.06810392
5345	0.08358607
5346	0.09972695
5347	0.11636157
5348	0.13249764
5349	0.15029939
5350	0.16849497
5351	0.18749167
5352	0.20322536
5353	0.22337189
5354	0.24242948
5355	0.26545596
5356	0.29750925
5357	0.31961992
5358	0.34012583
5359	0.36583969
5360	0.39066568
5361	0.41545987
5362	0.44022208
5363	0.46602571
5364	0.48963207
5365	0.50993794
5366	0.53240699
5367	0.56250292
5368	0.59604257
5369	0.62671602
5370	0.65371877
5371	0.68262792
5372	0.71056902
5373	0.73495322
5374	0.75940675
5375	0.78269958
5376	0.80458200
5377	0.82447141
5378	0.84261256
5379	0.85921890
5380	0.87378770
5381	0.88603860
5382	0.89593446
5383	0.90326613
5384	0.90819657
5385	0.91084659
5386	0.91140968
5387	0.91000664
5388	0.90671694
5389	0.90154690
5390	0.89453185
5391	0.88596827
5392	0.87587214
5393	0.86373633
5394	0.85009938
5395	0.83461058
5396	0.81455308
5397	0.79564232
5398	0.77940637
5399	0.76319867
5400	0.74707961
5401	0.73189098
5402	0.71649301
5403	0.69964969
5404	0.68197817
5405	0.66409463
5406	0.64618164
5407	0.62805903
5408	0.60983533
5409	0.59121746
5410	0.57288569
5411	0.55407500
5412	0.53635305
5413	0.51800030
5414	0.49892974
5415	0.47923332
5416	0.46139577
5417	0.44191676
5418	0.42268375
5419	0.40427822
5420	0.38588002
5421	0.36727273
5422	0.34945658
5423	0.33140543
5424	0.31332946
5425	0.29529271
5426	0.27718288
5427	0.25922501
5428	0.24143243
5429	0.22413822
5430	0.20681992
5431	0.19015995
5432	0.17376377
5433	0.15748166
5434	0.14145090
5435	0.12549186
5436	0.10928576
5437	0.09398251
5438	0.07925932
5439	0.06500929
5440	0.05125869
5441	0.03714532
5442	0.02325842
5443	0.00861669
5444	-0.00652324
5445	-0.02091556
5446	-0.03335948
5447	-0.04452268
5448	-0.05654780
5449	-0.06525966
5450	-0.07357614
5451	-0.08140889
5452	-0.08834298
5453	-0.09457066
5454	-0.09928671
5455	-0.10251984
5456	-0.10506964
5457	-0.10862635
5458	-0.10897689
5459	-0.10812433
5460	-0.10604314
5461	-0.10320493
5462	-0.09862658
5463	-0.09192782
5464	-0.08520845
5465	-0.07743567
5466	-0.06891567
5467	-0.05955478
5468	-0.04952120
5469	-0.03891837
5470	-0.02757308
5471	-0.01496970
5472	-0.00216673
5473	0.01092379
5474	0.02530837
5475	0.04007128
5476	0.05543385
5477	0.07116158
5478	0.08700733
5479	0.10364429
5480	0.12063956
5481	0.13667221
5482	0.15585649
5483	0.17310128
5484	0.19217554
5485	0.20834872
5486	0.22848409
5487	0.24914743
5488	0.27089021
5489	0.30295944
5490	0.32476607
5491	0.34539238
5492	0.36838058
5493	0.39425695
5494	0.41823947
5495	0.44539598
5496	0.47095373
5497	0.49697644
5498	0.51617503
5499	0.53773504
5500	0.57084244
5501	0.59785753
5502	0.62983590
5503	0.65672821
5504	0.68523228
5505	0.71211368
5506	0.73808259
5507	0.76304704
5508	0.78691590
5509	0.80940294
5510	0.83029354
5511	0.84911573
5512	0.86637706
5513	0.88165087
5514	0.89466530
5515	0.90526646
5516	0.91333497
5517	0.91886246
5518	0.92207605
5519	0.92308903
5520	0.92201555
5521	0.91897494
5522	0.91399711
5523	0.90731865
5524	0.89906418
5525	0.88842696
5526	0.87703669
5527	0.86302125
5528	0.84554905
5529	0.82567483
5530	0.80760986
5531	0.79104292
5532	0.77477998
5533	0.75974983
5534	0.74531013
5535	0.72975290
5536	0.71224982
5537	0.69398224
5538	0.67613709
5539	0.65846485
5540	0.64006048
5541	0.62143815
5542	0.60304350
5543	0.58448666
5544	0.56608772
5545	0.54711914
5546	0.52895361
5547	0.51096010
5548	0.49242929
5549	0.47286105
5550	0.45420468
5551	0.43578899
5552	0.41718984
5553	0.39830911
5554	0.38000599
5555	0.36171573
5556	0.34404281
5557	0.32577893
5558	0.30768648
5559	0.28973398
5560	0.27198142
5561	0.25449672
5562	0.23716529
5563	0.22068290
5564	0.20440537
5565	0.18832606
5566	0.17223261
5567	0.15556830
5568	0.14007647
5569	0.12485491
5570	0.11013581
5571	0.09597987
5572	0.08222745
5573	0.06859409
5574	0.05409807
5575	0.03956997
5576	0.02541429
5577	0.01262785
5578	0.00098942
5579	-0.01013349
5580	-0.02092379
5581	-0.03117185
5582	-0.04135912
5583	-0.04908283
5584	-0.05689706
5585	-0.06294949
5586	-0.06848798
5587	-0.07196858
5588	-0.07544272
5589	-0.07647518
5590	-0.07625992
5591	-0.07790871
5592	-0.07621843
5593	-0.07352254
5594	-0.06990415
5595	-0.06340361
5596	-0.05778927
5597	-0.05076065
5598	-0.04279102
5599	-0.03411217
5600	-0.02467112
5601	-0.01460129
5602	-0.00391324
5603	0.00733510
5604	0.01933235
5605	0.03195946
5606	0.04526157
5607	0.05938078
5608	0.07391745
5609	0.08914265
5610	0.10479920
5611	0.12097058
5612	0.13751395
5613	0.15453294
5614	0.17107779
5615	0.18900196
5616	0.20748952
5617	0.22308762
5618	0.24270628
5619	0.26297876
5620	0.28919715
5621	0.31619126
5622	0.33793476
5623	0.35949466
5624	0.38145196
5625	0.40745261
5626	0.43172261
5627	0.45667869
5628	0.48157614
5629	0.49994561
5630	0.52027643
5631	0.55105793
5632	0.58467036
5633	0.61573327
5634	0.64237845
5635	0.66964614
5636	0.69863504
5637	0.72631806
5638	0.75097251
5639	0.77570617
5640	0.79927731
5641	0.82140517
5642	0.84160310
5643	0.85992479
5644	0.87665290
5645	0.89138252
5646	0.90386879
5647	0.91389000
5648	0.92142797
5649	0.92655420
5650	0.92937869
5651	0.93010497
5652	0.92888999
5653	0.92580760
5654	0.92088842
5655	0.91426659
5656	0.90615004
5657	0.89659142
5658	0.88499653
5659	0.87200779
5660	0.85557103
5661	0.83646464
5662	0.81737560
5663	0.80139172
5664	0.78556502
5665	0.76964921
5666	0.75460696
5667	0.73921752
5668	0.72207516
5669	0.70398653
5670	0.68601000
5671	0.66794538
5672	0.64962524
5673	0.63129401
5674	0.61301577
5675	0.59418559
5676	0.57566631
5677	0.55721945
5678	0.53948301
5679	0.52113533
5680	0.50221807
5681	0.48435119
5682	0.46373865
5683	0.44542351
5684	0.42683375
5685	0.40783677
5686	0.38910905
5687	0.37117094
5688	0.35310367
5689	0.33521652
5690	0.31702983
5691	0.29895958
5692	0.28111637
5693	0.26357958
5694	0.24651526
5695	0.22943830
5696	0.21305294
5697	0.19687144
5698	0.18083766
5699	0.16502465
5700	0.14875591
5701	0.13363373
5702	0.11909120
5703	0.10534459
5704	0.09212662
5705	0.07875015
5706	0.06426717
5707	0.04976982
5708	0.03505718
5709	0.02116417
5710	0.00835325
5711	-0.00415356
5712	-0.01662346
5713	-0.02881712
5714	-0.04049415
5715	-0.05159296
5716	-0.06180189
5717	-0.07100105
5718	-0.07786439
5719	-0.08452281
5720	-0.09119089
5721	-0.09461409
5722	-0.09624127
5723	-0.09633209
5724	-0.09502956
5725	-0.09264826
5726	-0.09259737
5727	-0.08918244
5728	-0.08467363
5729	-0.07934859
5730	-0.07013516
5731	-0.06274403
5732	-0.05449429
5733	-0.04554773
5734	-0.03586375
5735	-0.02546372
5736	-0.01437964
5737	-0.00263341
5738	0.00967269
5739	0.02252006
5740	0.03606414
5741	0.05014600
5742	0.06476565
5743	0.07993738
5744	0.09556810
5745	0.11174428
5746	0.12846750
5747	0.14471319
5748	0.16250153
5749	0.18085018
5750	0.20060460
5751	0.21536569
5752	0.23528448
5753	0.25569308
5754	0.27728721
5755	0.30887279
5756	0.32997218
5757	0.35249081
5758	0.37439650
5759	0.40100363
5760	0.42534024
5761	0.45383221
5762	0.47974932
5763	0.50003242
5764	0.51622397
5765	0.54640609
5766	0.57935369
5767	0.60653377
5768	0.63852686
5769	0.66566652
5770	0.69257373
5771	0.72127593
5772	0.74697924
5773	0.76974201
5774	0.79241753
5775	0.81363994
5776	0.83324510
5777	0.85076827
5778	0.86661208
5779	0.88032675
5780	0.89158660
5781	0.90028435
5782	0.90642089
5783	0.91021705
5784	0.91184151
5785	0.91138250
5786	0.90901065
5787	0.90482473
5788	0.89891434
5789	0.89148325
5790	0.88271010
5791	0.87274688
5792	0.86094838
5793	0.84889495
5794	0.83348364
5795	0.81557250
5796	0.79628885
5797	0.77924961
5798	0.76294065
5799	0.74717706
5800	0.73248535
5801	0.71740091
5802	0.70064551
5803	0.68257743
5804	0.66463888
5805	0.64667630
5806	0.62836176
5807	0.60993791
5808	0.59146261
5809	0.57254457
5810	0.55412275
5811	0.53532338
5812	0.51723492
5813	0.49888256
5814	0.48034987
5815	0.46128967
5816	0.44312242
5817	0.42402935
5818	0.40550447
5819	0.38652068
5820	0.36803591
5821	0.34987098
5822	0.33230639
5823	0.31396553
5824	0.29557166
5825	0.27752137
5826	0.25969899
5827	0.24216861
5828	0.22475488
5829	0.20818169
5830	0.19182232
5831	0.17554969
5832	0.15936401
5833	0.14264902
5834	0.12692663
5835	0.11166626
5836	0.09688209
5837	0.08277147
5838	0.06928276
5839	0.05614031
5840	0.04257128
5841	0.02886112
5842	0.01488009
5843	0.00169864
5844	-0.01009705
5845	-0.02126527
5846	-0.03208146
5847	-0.04214798
5848	-0.05136110
5849	-0.06040716
5850	-0.06842082
5851	-0.07543056
5852	-0.08131205
5853	-0.08585120
5854	-0.08849570
5855	-0.09112132
5856	-0.09146536
5857	-0.09042136
5858	-0.09119627
5859	-0.08883549
5860	-0.08515535
5861	-0.08046290
5862	-0.07482404
5863	-0.06836758
5864	-0.06087138
5865	-0.05271410
5866	-0.04366479
5867	-0.03383370
5868	-0.02029851
5869	-0.00921224
5870	0.00235234
5871	0.01475112
5872	0.02782916
5873	0.04150968
5874	0.05571357
5875	0.07035987
5876	0.08546484
5877	0.10094882
5878	0.11676268
5879	0.13286632
5880	0.14938630
5881	0.16638838
5882	0.18295078
5883	0.19876546
5884	0.21582070
5885	0.23493826
5886	0.25459781
5887	0.28762206
5888	0.30631343
5889	0.32788733
5890	0.34833944
5891	0.37184188
5892	0.39702594
5893	0.42141020
5894	0.44637156
5895	0.47168356
5896	0.49108702
5897	0.51641989
5898	0.54504192
5899	0.57431275
5900	0.60159236
5901	0.63254660
5902	0.65950686
5903	0.68648309
5904	0.71428758
5905	0.73984444
5906	0.76412791
5907	0.78686976
5908	0.80800176
5909	0.82743055
5910	0.84466803
5911	0.86033970
5912	0.87393886
5913	0.88518471
5914	0.89386898
5915	0.90002829
5916	0.90368754
5917	0.90503764
5918	0.90423745
5919	0.90140718
5920	0.89670056
5921	0.89017755
5922	0.88207597
5923	0.87259716
5924	0.86100155
5925	0.84894526
5926	0.83473730
5927	0.81693041
5928	0.79712349
5929	0.77952683
5930	0.76317531
5931	0.74705803
5932	0.73205322
5933	0.71736681
5934	0.70165467
5935	0.68446738
5936	0.66627765
5937	0.64823562
5938	0.63032472
5939	0.61202341
5940	0.59367847
5941	0.57499033
5942	0.55594361
5943	0.53732193
5944	0.51913106
5945	0.50143474
5946	0.48292112
5947	0.46352604
5948	0.44468442
5949	0.42612639
5950	0.40765411
5951	0.38898376
5952	0.36994705
5953	0.35172436
5954	0.33385670
5955	0.31593743
5956	0.29774436
5957	0.27963984
5958	0.26170379
5959	0.24389322
5960	0.22645277
5961	0.20945686
5962	0.19254823
5963	0.17639081
5964	0.16043589
5965	0.14442602
5966	0.12865461
5967	0.11250510
5968	0.09746506
5969	0.08296562
5970	0.06911495
5971	0.05566889
5972	0.04192858
5973	0.02858096
5974	0.01456594
5975	0.00052758
5976	-0.01259288
5977	-0.02420508
5978	-0.03527194
5979	-0.04598361
5980	-0.05604829
5981	-0.06523500
5982	-0.07363173
5983	-0.08138936
5984	-0.08801536
5985	-0.09344868
5986	-0.09692471
5987	-0.10010311
5988	-0.10079815
5989	-0.10007615
5990	-0.10084217
5991	-0.09878259
5992	-0.09529025
5993	-0.09108017
5994	-0.08573233
5995	-0.07954897
5996	-0.07237171
5997	-0.06072974
5998	-0.05226057
5999	-0.04249107
6000	-0.03234758
6001	-0.02149667
6002	-0.00996253
6003	0.00220566
6004	0.01483887
6005	0.02818446
6006	0.04216709
6007	0.05666804
6008	0.07177055
6009	0.08730093
6010	0.10333386
6011	0.11963264
6012	0.13655393
6013	0.15404043
6014	0.17125888
6015	0.19005656
6016	0.20561893
6017	0.22541763
6018	0.24568987
6019	0.27220124
6020	0.29894665
6021	0.31978360
6022	0.34207684
6023	0.36393392
6024	0.38999847
6025	0.41504180
6026	0.43962738
6027	0.46599904
6028	0.48979628
6029	0.51092595
6030	0.53497797
6031	0.56754255
6032	0.59570855
6033	0.62648308
6034	0.65311104
6035	0.68138713
6036	0.70856249
6037	0.73312670
6038	0.75743723
6039	0.78054589
6040	0.80228931
6041	0.82240576
6042	0.84056532
6043	0.85722786
6044	0.87186432
6045	0.88433552
6046	0.89441097
6047	0.90203220
6048	0.90727717
6049	0.91024780
6050	0.91114473
6051	0.91015464
6052	0.90731454
6053	0.90264601
6054	0.89627099
6055	0.88826323
6056	0.87882924
6057	0.86809981
6058	0.85563397
6059	0.84304917
6060	0.82894772
6061	0.81292880
6062	0.79378992
6063	0.77646470
6064	0.76030362
6065	0.74420506
6066	0.72897834
6067	0.71412075
6068	0.69836247
6069	0.68087834
6070	0.66290760
6071	0.64494395
6072	0.62676817
6073	0.60826236
6074	0.58978736
6075	0.57077789
6076	0.55226219
6077	0.53366953
6078	0.51548469
6079	0.49724713
6080	0.47903937
6081	0.46029827
6082	0.44174007
6083	0.42269966
6084	0.40403846
6085	0.38545430
6086	0.36631233
6087	0.34792405
6088	0.32984751
6089	0.31185573
6090	0.29363835
6091	0.27556518
6092	0.25761205
6093	0.23986301
6094	0.22243832
6095	0.20508064
6096	0.18865688
6097	0.17245619
6098	0.15642399
6099	0.14039972
6100	0.12460084
6101	0.10848399
6102	0.09349087
6103	0.07913811
6104	0.06553759
6105	0.05242082
6106	0.03901682
6107	0.02585373
6108	0.01226598
6109	-0.00136523
6110	-0.01398430
6111	-0.02555632
6112	-0.03671841
6113	-0.04767475
6114	-0.05798875
6115	-0.06717709
6116	-0.07682359
6117	-0.08531271
6118	-0.09261011
6119	-0.09807207
6120	-0.10300025
6121	-0.10750102
6122	-0.11046027
6123	-0.11121909
6124	-0.11060877
6125	-0.10894268
6126	-0.10606299
6127	-0.10239746
6128	-0.10198417
6129	-0.09705626
6130	-0.09132599
6131	-0.08468649
6132	-0.07368246
6133	-0.06519438
6134	-0.05604263
6135	-0.04626491
6136	-0.03581128
6137	-0.02469908
6138	-0.01302886
6139	-0.00078412
6140	0.01214651
6141	0.02573939
6142	0.03998846
6143	0.05485114
6144	0.07011805
6145	0.08604106
6146	0.10235415
6147	0.11930449
6148	0.13591589
6149	0.15398100
6150	0.17249647
6151	0.18829584
6152	0.20817368
6153	0.24321648
6154	0.25256175
6155	0.28113091
6156	0.30202830
6157	0.32217994
6158	0.34797540
6159	0.37217820
6160	0.39650053
6161	0.42106700
6162	0.44608760
6163	0.47193199
6164	0.49039277
6165	0.51285273
6166	0.55069453
6167	0.57376850
6168	0.60092849
6169	0.63111538
6170	0.65997779
6171	0.68583113
6172	0.71010256
6173	0.73436129
6174	0.75718981
6175	0.77863109
6176	0.79845500
6177	0.81601083
6178	0.83232379
6179	0.84671289
6180	0.85890740
6181	0.86872464
6182	0.87617934
6183	0.88127118
6184	0.88420379
6185	0.88519019
6186	0.88426048
6187	0.88141453
6188	0.87676126
6189	0.87037951
6190	0.86256212
6191	0.85345769
6192	0.84327465
6193	0.83148468
6194	0.81947184
6195	0.80523503
6196	0.78802979
6197	0.76910156
6198	0.75167739
6199	0.73522180
6200	0.71910882
6201	0.70411497
6202	0.68904454
6203	0.67277533
6204	0.65512043
6205	0.63709587
6206	0.61922932
6207	0.60105985
6208	0.58215255
6209	0.56358802
6210	0.54510498
6211	0.52672362
6212	0.50819355
6213	0.48982289
6214	0.47172865
6215	0.45293191
6216	0.43446028
6217	0.41536650
6218	0.39690450
6219	0.37830487
6220	0.35934082
6221	0.34098110
6222	0.32278192
6223	0.30472597
6224	0.28640112
6225	0.26819527
6226	0.25007227
6227	0.23218484
6228	0.21453801
6229	0.19662188
6230	0.17999983
6231	0.16359015
6232	0.14743847
6233	0.13125500
6234	0.11544485
6235	0.10002986
6236	0.08412386
6237	0.06955294
6238	0.05571575
6239	0.04237058
6240	0.02879398
6241	0.01412867
6242	-0.00072252
6243	-0.01591691
6244	-0.03023437
6245	-0.04382924
6246	-0.05718801
6247	-0.07045020
6248	-0.08281169
6249	-0.09508537
6250	-0.10694856
6251	-0.11771082
6252	-0.12747474
6253	-0.13744876
6254	-0.14405417
6255	-0.14928724
6256	-0.15295683
6257	-0.15479384
6258	-0.15562697
6259	-0.15533543
6260	-0.15392619
6261	-0.15387972
6262	-0.14863959
6263	-0.14413905
6264	-0.13841155
6265	-0.13185973
6266	-0.12414952
6267	-0.11555832
6268	-0.10613782
6269	-0.09614154
6270	-0.08492808
6271	-0.06972958
6272	-0.05780410
6273	-0.04532563
6274	-0.03212846
6275	-0.01821128
6276	-0.00362240
6277	0.01149051
6278	0.02714810
6279	0.04326595
6280	0.06001389
6281	0.07648032
6282	0.09435054
6283	0.11284423
6284	0.12849480
6285	0.14799955
6286	0.16834678
6287	0.18909226
6288	0.21165124
6289	0.24345309
6290	0.26571903
6291	0.28479126
6292	0.31279382
6293	0.33795229
6294	0.36312598
6295	0.38851738
6296	0.41473323
6297	0.44159445
6298	0.46828103
6299	0.48831403
6300	0.51194918
6301	0.54944229
6302	0.57354915
6303	0.60076970
6304	0.63452512
6305	0.66080922
6306	0.68597257
6307	0.70994991
6308	0.73183221
6309	0.75274283
6310	0.77229601
6311	0.78965241
6312	0.80532962
6313	0.81876391
6314	0.82976776
6315	0.83824444
6316	0.84415382
6317	0.84769237
6318	0.84904820
6319	0.84824669
6320	0.84539372
6321	0.84062678
6322	0.83410060
6323	0.82591122
6324	0.81560922
6325	0.80433816
6326	0.79057431
6327	0.77423418
6328	0.75447440
6329	0.73645157
6330	0.72000951
6331	0.70368010
6332	0.68815529
6333	0.67350250
6334	0.65818083
6335	0.64110482
6336	0.62295914
6337	0.60451066
6338	0.58699411
6339	0.56855434
6340	0.55011779
6341	0.53151906
6342	0.51305646
6343	0.49467996
6344	0.47625211
6345	0.45716348
6346	0.43911955
6347	0.42082384
6348	0.40224195
6349	0.38387489
6350	0.36448374
6351	0.34590614
6352	0.32747093
6353	0.30863267
6354	0.29026693
6355	0.27245542
6356	0.25470075
6357	0.23647119
6358	0.21841016
6359	0.20055497
6360	0.18295400
6361	0.16582194
6362	0.14852807
6363	0.13170995
6364	0.11520831
6365	0.09890053
6366	0.08286537
6367	0.06693675
6368	0.05078251
6369	0.03558463
6370	0.02089844
6371	0.00678578
6372	-0.00667418
6373	-0.02014711
6374	-0.03279566
6375	-0.04551391
6376	-0.05819590
6377	-0.07001003
6378	-0.07954086
6379	-0.08807514
6380	-0.09636382
6381	-0.10417001
6382	-0.11288188
6383	-0.11845557
6384	-0.12365369
6385	-0.12779558
6386	-0.13075554
6387	-0.13267183
6388	-0.13304557
6389	-0.13309464
6390	-0.13170549
6391	-0.12937202
6392	-0.12631175
6393	-0.11986929
6394	-0.11408137
6395	-0.10728670
6396	-0.09961262
6397	-0.09111786
6398	-0.08731964
6399	-0.07729796
6400	-0.06151082
6401	-0.05153576
6402	-0.03970150
6403	-0.02707464
6404	-0.01375774
6405	0.00028074
6406	0.01485063
6407	0.02998374
6408	0.04568264
6409	0.06097568
6410	0.07842478
6411	0.09501535
6412	0.11315224
6413	0.13064672
6414	0.15123810
6415	0.16813809
6416	0.18877600
6417	0.21570997
6418	0.23739509
6419	0.26613200
6420	0.28928220
6421	0.31001756
6422	0.33752748
6423	0.36351475
6424	0.38935861
6425	0.41577902
6426	0.44265607
6427	0.46978661
6428	0.49038258
6429	0.51815712
6430	0.54854047
6431	0.57696307
6432	0.60946435
6433	0.63742220
6434	0.66836149
6435	0.69577622
6436	0.72244316
6437	0.74744201
6438	0.77172542
6439	0.79445118
6440	0.81535536
6441	0.83394355
6442	0.85093015
6443	0.86570656
6444	0.87782812
6445	0.88752377
6446	0.89469182
6447	0.89943302
6448	0.90193254
6449	0.90228999
6450	0.90065473
6451	0.89702564
6452	0.89152759
6453	0.88418353
6454	0.87527078
6455	0.86425090
6456	0.85262102
6457	0.83913594
6458	0.82306236
6459	0.80388373
6460	0.78567553
6461	0.76933086
6462	0.75327873
6463	0.73777771
6464	0.72319973
6465	0.70825011
6466	0.69133586
6467	0.67314821
6468	0.65513331
6469	0.63721901
6470	0.61885768
6471	0.60046899
6472	0.58152324
6473	0.56309628
6474	0.54467100
6475	0.52624995
6476	0.50795436
6477	0.48960668
6478	0.47161111
6479	0.45254534
6480	0.43420258
6481	0.41512606
6482	0.39648575
6483	0.37790817
6484	0.35894328
6485	0.34055036
6486	0.32317919
6487	0.30495337
6488	0.28678882
6489	0.26874238
6490	0.25083038
6491	0.23319390
6492	0.21598700
6493	0.19893618
6494	0.18248777
6495	0.16613744
6496	0.14994089
6497	0.13376288
6498	0.11721075
6499	0.10163324
6500	0.08648291
6501	0.07205506
6502	0.05825676
6503	0.04480307
6504	0.03113139
6505	0.01781322
6506	0.00389543
6507	-0.00984910
6508	-0.02205616
6509	-0.03284387
6510	-0.04319006
6511	-0.05301977
6512	-0.06187472
6513	-0.07089690
6514	-0.07928602
6515	-0.08677392
6516	-0.09348702
6517	-0.09897022
6518	-0.10324069
6519	-0.10690963
6520	-0.10811014
6521	-0.10824700
6522	-0.10709143
6523	-0.10487705
6524	-0.10515018
6525	-0.10152643
6526	-0.09679629
6527	-0.09135079
6528	-0.08163811
6529	-0.07406651
6530	-0.06534816
6531	-0.05597068
6532	-0.04583291
6533	-0.03507399
6534	-0.02353993
6535	-0.01139480
6536	0.00135390
6537	0.01419587
6538	0.02821441
6539	0.04280011
6540	0.05797905
6541	0.07352190
6542	0.08933827
6543	0.10619738
6544	0.12303187
6545	0.14046948
6546	0.15755787
6547	0.17600042
6548	0.19166028
6549	0.21154408
6550	0.22432464
6551	0.25407767
6552	0.28473166
6553	0.30661166
6554	0.32908013
6555	0.35269216
6556	0.37591815
6557	0.40375063
6558	0.42840695
6559	0.45769623
6560	0.48497045
6561	0.51144272
6562	0.53710347
6563	0.56194311
6564	0.58595216
6565	0.61629289
6566	0.64551902
6567	0.67285937
6568	0.69985700
6569	0.72856450
6570	0.75367182
6571	0.77746266
6572	0.79920971
6573	0.82012975
6574	0.83930665
6575	0.85639262
6576	0.87189126
6577	0.88529092
6578	0.89627993
6579	0.90472448
6580	0.91066766
6581	0.91422302
6582	0.91565549
6583	0.91503453
6584	0.91251749
6585	0.90822160
6586	0.90211803
6587	0.89440793
6588	0.88526303
6589	0.87424994
6590	0.86277950
6591	0.84963554
6592	0.83389544
6593	0.81502432
6594	0.79724741
6595	0.78101879
6596	0.76489478
6597	0.74963415
6598	0.73505151
6599	0.71952075
6600	0.70213318
6601	0.68397701
6602	0.66611004
6603	0.64785522
6604	0.62950319
6605	0.61103672
6606	0.59258556
6607	0.57411158
6608	0.55570030
6609	0.53691459
6610	0.51908118
6611	0.50067168
6612	0.48220485
6613	0.46302465
6614	0.44438773
6615	0.42528483
6616	0.40663311
6617	0.38798925
6618	0.36868802
6619	0.35039866
6620	0.33256072
6621	0.31520751
6622	0.29704332
6623	0.27899453
6624	0.26117021
6625	0.24363044
6626	0.22666174
6627	0.20991334
6628	0.19304869
6629	0.17684211
6630	0.16072330
6631	0.14486259
6632	0.12921341
6633	0.11316439
6634	0.09814465
6635	0.08392574
6636	0.07009995
6637	0.05588924
6638	0.04187796
6639	0.02706669
6640	0.01191244
6641	-0.00248771
6642	-0.01544207
6643	-0.02795145
6644	-0.04021304
6645	-0.05223804
6646	-0.06352273
6647	-0.07371635
6648	-0.08412008
6649	-0.09354678
6650	-0.10205562
6651	-0.10933419
6652	-0.11525004
6653	-0.12067223
6654	-0.12338253
6655	-0.12508233
6656	-0.12546781
6657	-0.12477285
6658	-0.12609527
6659	-0.12417869
6660	-0.12141912
6661	-0.11766224
6662	-0.11306913
6663	-0.10733894
6664	-0.09643382
6665	-0.08918828
6666	-0.08035972
6667	-0.07084782
6668	-0.06049279
6669	-0.04928572
6670	-0.03730066
6671	-0.02464366
6672	-0.01117188
6673	0.00289126
6674	0.01754544
6675	0.03269672
6676	0.04826688
6677	0.06417632
6678	0.08054455
6679	0.09310336
6680	0.11396839
6681	0.13036650
6682	0.15134965
6683	0.16597007
6684	0.18578054
6685	0.20586246
6686	0.22659893
6687	0.25868660
6688	0.28104213
6689	0.30181861
6690	0.32578418
6691	0.35150993
6692	0.37575400
6693	0.40133902
6694	0.42730993
6695	0.45333278
6696	0.48026571
6697	0.49647805
6698	0.52497244
6699	0.55852169
6700	0.58848232
6701	0.61898202
6702	0.64596313
6703	0.67565936
6704	0.70184273
6705	0.72615641
6706	0.75008458
6707	0.77261430
6708	0.79353333
6709	0.81267428
6710	0.82968390
6711	0.84500152
6712	0.85793680
6713	0.86841905
6714	0.87633175
6715	0.88173199
6716	0.88489258
6717	0.88588905
6718	0.88495165
6719	0.88205045
6720	0.87719715
6721	0.87053746
6722	0.86230284
6723	0.85190070
6724	0.84061503
6725	0.82689458
6726	0.80969447
6727	0.78974491
6728	0.77174699
6729	0.75533289
6730	0.73892987
6731	0.72381616
6732	0.70934844
6733	0.69388306
6734	0.67675656
6735	0.65864849
6736	0.64066172
6737	0.62268305
6738	0.60462070
6739	0.58595705
6740	0.56723768
6741	0.54819119
6742	0.52970576
6743	0.51141107
6744	0.49351758
6745	0.47511595
6746	0.45584163
6747	0.43736935
6748	0.41889876
6749	0.39980289
6750	0.38105589
6751	0.36242792
6752	0.34316868
6753	0.32484716
6754	0.30753538
6755	0.28966844
6756	0.27159378
6757	0.25364536
6758	0.23589604
6759	0.21850680
6760	0.20165516
6761	0.18466109
6762	0.16836931
6763	0.15226139
6764	0.13634077
6765	0.12073536
6766	0.10460677
6767	0.08961249
6768	0.07532067
6769	0.06172705
6770	0.04829219
6771	0.03396499
6772	0.01931472
6773	0.00407910
6774	-0.01067827
6775	-0.02400669
6776	-0.03624837
6777	-0.04795702
6778	-0.05874562
6779	-0.06963035
6780	-0.08111855
6781	-0.08854028
6782	-0.09625496
6783	-0.10327276
6784	-0.10783592
6785	-0.11221419
6786	-0.11397026
6787	-0.11437625
6788	-0.11610459
6789	-0.11498348
6790	-0.11264344
6791	-0.10933346
6792	-0.10467058
6793	-0.09947578
6794	-0.09327700
6795	-0.08588517
6796	-0.07400168
6797	-0.06537997
6798	-0.05546836
6799	-0.04482881
6800	-0.03341424
6801	-0.02120650
6802	-0.00825137
6803	0.00540835
6804	0.01958380
6805	0.03431407
6806	0.04967710
6807	0.06536476
6808	0.08158418
6809	0.09812179
6810	0.11510077
6811	0.13169365
6812	0.14975084
6813	0.16851160
6814	0.18418048
6815	0.20394754
6816	0.22443047
6817	0.24551609
6818	0.27165887
6819	0.30023724
6820	0.32186842
6821	0.34456432
6822	0.36982280
6823	0.39446461
6824	0.41935933
6825	0.44514439
6826	0.47126627
6827	0.49423543
6828	0.51078290
6829	0.54232877
6830	0.57014370
6831	0.60524738
6832	0.63513416
6833	0.66246194
6834	0.69206202
6835	0.71827996
6836	0.74268377
6837	0.76667714
6838	0.78923881
6839	0.81018662
6840	0.82939851
6841	0.84643447
6842	0.86175221
6843	0.87481380
6844	0.88536590
6845	0.89334887
6846	0.89883643
6847	0.90199333
6848	0.90299386
6849	0.90209067
6850	0.89930153
6851	0.89475429
6852	0.88850772
6853	0.88069499
6854	0.87147850
6855	0.86003667
6856	0.84802431
6857	0.83272427
6858	0.81438005
6859	0.79493326
6860	0.77794844
6861	0.76186949
6862	0.74561775
6863	0.73009676
6864	0.71508914
6865	0.69902849
6866	0.68161237
6867	0.66350776
6868	0.64568317
6869	0.62743175
6870	0.60901785
6871	0.59051901
6872	0.57194293
6873	0.55290794
6874	0.53433627
6875	0.51592326
6876	0.49806648
6877	0.47964433
6878	0.46057811
6879	0.44216365
6880	0.42305496
6881	0.40449408
6882	0.38575897
6883	0.36674076
6884	0.34784698
6885	0.33015075
6886	0.31255141
6887	0.29433838
6888	0.27615383
6889	0.25811091
6890	0.24033190
6891	0.22288312
6892	0.20557266
6893	0.18894655
6894	0.17264792
6895	0.15635020
6896	0.14029734
6897	0.12437039
6898	0.10802113
6899	0.09268960
6900	0.07785031
6901	0.06367113
6902	0.04994822
6903	0.03632803
6904	0.02240994
6905	0.00863839
6906	-0.00533951
6907	-0.01858579
6908	-0.03019968
6909	-0.04080596
6910	-0.05113504
6911	-0.06098994
6912	-0.07016253
6913	-0.07842840
6914	-0.08616550
6915	-0.09303430
6916	-0.09875471
6917	-0.10306703
6918	-0.10428860
6919	-0.10829302
6920	-0.10800077
6921	-0.10675532
6922	-0.10425423
6923	-0.10081150
6924	-0.10014048
6925	-0.09509566
6926	-0.08906293
6927	-0.08197221
6928	-0.07062077
6929	-0.06197447
6930	-0.05211692
6931	-0.04156610
6932	-0.03043358
6933	-0.01854466
6934	-0.00605573
6935	0.00712558
6936	0.02090369
6937	0.03526178
6938	0.05017895
6939	0.06563871
6940	0.08164143
6941	0.09819510
6942	0.11431671
6943	0.13179852
6944	0.15016481
6945	0.16891298
6946	0.18736333
6947	0.20465948
6948	0.22521350
6949	0.24641638
6950	0.28079608
6951	0.30027825
6952	0.32211673
6953	0.34526324
6954	0.37222043
6955	0.39706922
6956	0.42192328
6957	0.44861573
6958	0.47483894
6959	0.49420846
6960	0.51757628
6961	0.55362403
6962	0.57960528
6963	0.61121100
6964	0.63835126
6965	0.66723585
6966	0.69560295
6967	0.72203171
6968	0.74672300
6969	0.77113426
6970	0.79419994
6971	0.81569934
6972	0.83545494
6973	0.85305011
6974	0.86895424
6975	0.88254750
6976	0.89369285
6977	0.90222079
6978	0.90819168
6979	0.91167402
6980	0.91297126
6981	0.91217792
6982	0.90943176
6983	0.90476185
6984	0.89827836
6985	0.89014024
6986	0.87960273
6987	0.86757654
6988	0.85279107
6989	0.83356756
6990	0.81434977
6991	0.79800421
6992	0.78233844
6993	0.76669145
6994	0.75217956
6995	0.73752487
6996	0.72103816
6997	0.70279086
6998	0.68456095
6999	0.66666114
7000	0.64852077
7001	0.63005888
7002	0.61149669
7003	0.59289378
7004	0.57441086
7005	0.55613273
7006	0.53774571
7007	0.51938111
7008	0.50068521
7009	0.48210981
7010	0.46303552
7011	0.44461566
7012	0.42609674
7013	0.40757954
7014	0.38855767
7015	0.37032914
7016	0.35209191
7017	0.33446592
7018	0.31627598
7019	0.29797482
7020	0.27999014
7021	0.26214927
7022	0.24460970
7023	0.22715409
7024	0.21039256
7025	0.19386733
7026	0.17746785
7027	0.16122521
7028	0.14517866
7029	0.12914491
7030	0.11312860
7031	0.09814338
7032	0.08402171
7033	0.07056290
7034	0.05720492
7035	0.04347808
7036	0.02995110
7037	0.01647856
7038	0.00350533
7039	-0.00800391
7040	-0.01874945
7041	-0.02923667
7042	-0.03930295
7043	-0.04877855
7044	-0.05745655
7045	-0.06523091
7046	-0.07239335
7047	-0.07836945
7048	-0.08215031
7049	-0.08518803
7050	-0.08934785
7051	-0.08973856
7052	-0.08891418
7053	-0.08677033
7054	-0.08341637
7055	-0.07897659
7056	-0.07360186
7057	-0.07211400
7058	-0.06269825
7059	-0.05498937
7060	-0.04638078
7061	-0.03717455
7062	-0.02723452
7063	-0.01651930
7064	-0.00514588
7065	0.00688874
7066	0.01951426
7067	0.03271307
7068	0.04657015
7069	0.06095023
7070	0.07590366
7071	0.09140572
7072	0.10731152
7073	0.12396605
7074	0.14010535
7075	0.15804741
7076	0.17649749
7077	0.19561662
7078	0.21169183
7079	0.23173913
7080	0.25239137
7081	0.27904853
7082	0.30639791
7083	0.32766381
7084	0.34910488
7085	0.37277201
7086	0.39923370
7087	0.42412260
7088	0.44893235
7089	0.47474611
7090	0.49340343
7091	0.51383537
7092	0.54497290
7093	0.57259965
7094	0.60737520
7095	0.63689709
7096	0.66402596
7097	0.69270706
7098	0.71919537
7099	0.74476278
7100	0.76921636
7101	0.79246932
7102	0.81415898
7103	0.83418500
7104	0.85205567
7105	0.86838955
7106	0.88263416
7107	0.89446735
7108	0.90378386
7109	0.91050094
7110	0.91479653
7111	0.91675919
7112	0.91662627
7113	0.91454214
7114	0.91056806
7115	0.90477431
7116	0.89732713
7117	0.88830364
7118	0.87731278
7119	0.86559314
7120	0.85263371
7121	0.83861232
7122	0.82131046
7123	0.80189443
7124	0.78410280
7125	0.76743823
7126	0.75135839
7127	0.73651159
7128	0.72169054
7129	0.70567715
7130	0.68830901
7131	0.67047191
7132	0.65264684
7133	0.63464785
7134	0.61613458
7135	0.59763902
7136	0.57902479
7137	0.56049198
7138	0.54232478
7139	0.52430677
7140	0.50523269
7141	0.48682362
7142	0.46741980
7143	0.44863659
7144	0.43014783
7145	0.41165608
7146	0.39219266
7147	0.37374163
7148	0.35524669
7149	0.33774167
7150	0.31982753
7151	0.30171409
7152	0.28368664
7153	0.26588848
7154	0.24828444
7155	0.23107822
7156	0.21408232
7157	0.19791742
7158	0.18198957
7159	0.16607159
7160	0.15022053
7161	0.13393934
7162	0.11873390
7163	0.10398276
7164	0.08996120
7165	0.07654867
7166	0.06327495
7167	0.04966020
7168	0.03618749
7169	0.02253757
7170	0.00957545
7171	-0.00186077
7172	-0.01251335
7173	-0.02298560
7174	-0.03317029
7175	-0.04277559
7176	-0.05160393
7177	-0.05960550
7178	-0.06666071
7179	-0.07249350
7180	-0.07690021
7181	-0.07996373
7182	-0.08299419
7183	-0.08369154
7184	-0.08309951
7185	-0.08178157
7186	-0.07926490
7187	-0.07566973
7188	-0.07120923
7189	-0.06557966
7190	-0.05989312
7191	-0.05221191
7192	-0.04354114
7193	-0.03403087
7194	-0.02381335
7195	-0.01279613
7196	-0.00067205
7197	0.01120464
7198	0.02355429
7199	0.03735633
7200	0.05165083
7201	0.06646473
7202	0.08170177
7203	0.09738626
7204	0.11404882
7205	0.12996766
7206	0.14267685
7207	0.16325808
7208	0.18107893
7209	0.19921458
7210	0.21531436
7211	0.23497660
7212	0.25526878
7213	0.28470588
7214	0.29839796
7215	0.32882637
7216	0.35092363
7217	0.37414908
7218	0.40044212
7219	0.42491561
7220	0.44862428
7221	0.47989726
7222	0.50740403
7223	0.53252745
7224	0.55665010
7225	0.58115488
7226	0.60742462
7227	0.63684195
7228	0.66437763
7229	0.69182539
7230	0.71889979
7231	0.74769628
7232	0.77320427
7233	0.79743737
7234	0.82031393
7235	0.84104967
7236	0.86083853
7237	0.87883866
7238	0.89476711
7239	0.90881437
7240	0.92042369
7241	0.92947203
7242	0.93594199
7243	0.93999243
7244	0.94192058
7245	0.94186515
7246	0.94000703
7247	0.93602854
7248	0.93095189
7249	0.92403620
7250	0.91572613
7251	0.90622097
7252	0.89490008
7253	0.88336551
7254	0.86927152
7255	0.85240287
7256	0.83263904
7257	0.81523061
7258	0.79930073
7259	0.78321326
7260	0.76753354
7261	0.75247926
7262	0.73667753
7263	0.71939474
7264	0.70138770
7265	0.68339092
7266	0.66524029
7267	0.64689714
7268	0.62821841
7269	0.60928637
7270	0.59132403
7271	0.57281297
7272	0.55445272
7273	0.53592646
7274	0.51745802
7275	0.49897829
7276	0.48054835
7277	0.46015567
7278	0.44280767
7279	0.42411169
7280	0.40504086
7281	0.38667023
7282	0.36890736
7283	0.35084790
7284	0.33262229
7285	0.31455123
7286	0.29652590
7287	0.27843595
7288	0.26079985
7289	0.24328133
7290	0.22665466
7291	0.21026687
7292	0.19402345
7293	0.17781615
7294	0.16172782
7295	0.14536490
7296	0.12986854
7297	0.11494216
7298	0.10074076
7299	0.08715293
7300	0.07371932
7301	0.05999320
7302	0.04642517
7303	0.03260371
7304	0.01932259
7305	0.00793686
7306	-0.00204903
7307	-0.01135839
7308	-0.02018742
7309	-0.02821609
7310	-0.03582858
7311	-0.04216672
7312	-0.04807030
7313	-0.05287378
7314	-0.05618281
7315	-0.05785110
7316	-0.05966277
7317	-0.05914088
7318	-0.05741211
7319	-0.05772319
7320	-0.05448404
7321	-0.05024420
7322	-0.04526803
7323	-0.03661530
7324	-0.02985531
7325	-0.02168342
7326	-0.01283593
7327	-0.00327154
7328	0.00702755
7329	0.01787581
7330	0.02926987
7331	0.04138409
7332	0.05401843
7333	0.06735241
7334	0.08123492
7335	0.09569407
7336	0.11063614
7337	0.12609079
7338	0.14189421
7339	0.15828477
7340	0.17510924
7341	0.19158198
7342	0.20961340
7343	0.22811677
7344	0.24377829
7345	0.26325035
7346	0.28331760
7347	0.30862924
7348	0.33605748
7349	0.35677224
7350	0.37749878
7351	0.40049621
7352	0.42671016
7353	0.45090041
7354	0.47550929
7355	0.50036174
7356	0.52543616
7357	0.55071104
7358	0.57616484
7359	0.60177583
7360	0.63237917
7361	0.65889400
7362	0.68570268
7363	0.71397609
7364	0.74125183
7365	0.76599514
7366	0.78885156
7367	0.81146646
7368	0.83275050
7369	0.85241437
7370	0.86977047
7371	0.88592756
7372	0.90017933
7373	0.91223693
7374	0.92195141
7375	0.92916083
7376	0.93399549
7377	0.93656605
7378	0.93704081
7379	0.93554443
7380	0.93223941
7381	0.92712998
7382	0.92032504
7383	0.91199827
7384	0.90221882
7385	0.89129192
7386	0.87868416
7387	0.86558527
7388	0.85178828
7389	0.83501256
7390	0.81610250
7391	0.79885840
7392	0.78260082
7393	0.76615602
7394	0.75049901
7395	0.73528981
7396	0.71923947
7397	0.70185900
7398	0.68408567
7399	0.66634524
7400	0.64806068
7401	0.62953025
7402	0.61100286
7403	0.59253538
7404	0.57404816
7405	0.55554718
7406	0.53657126
7407	0.51823926
7408	0.50030214
7409	0.48182225
7410	0.46273559
7411	0.44343847
7412	0.42494974
7413	0.40627602
7414	0.38718483
7415	0.36865777
7416	0.35068980
7417	0.33287057
7418	0.31469226
7419	0.29656297
7420	0.27861524
7421	0.26089409
7422	0.24348210
7423	0.22625570
7424	0.20974560
7425	0.19356829
7426	0.17740038
7427	0.16138963
7428	0.14559335
7429	0.12947136
7430	0.11432364
7431	0.09990248
7432	0.08633450
7433	0.07311554
7434	0.05931571
7435	0.04550581
7436	0.03127590
7437	0.01706116
7438	0.00388348
7439	-0.00832604
7440	-0.02032289
7441	-0.03229376
7442	-0.04388181
7443	-0.05476356
7444	-0.06485493
7445	-0.07377779
7446	-0.08221041
7447	-0.08941915
7448	-0.09500626
7449	-0.09966258
7450	-0.10201894
7451	-0.10278250
7452	-0.10219679
7453	-0.10041108
7454	-0.10075610
7455	-0.09773602
7456	-0.09367789
7457	-0.08873229
7458	-0.08261020
7459	-0.07182144
7460	-0.06437449
7461	-0.05517667
7462	-0.04542722
7463	-0.03474013
7464	-0.02329354
7465	-0.01115662
7466	0.00160104
7467	0.01511490
7468	0.02913214
7469	0.04375159
7470	0.05880815
7471	0.07422070
7472	0.09012492
7473	0.10237486
7474	0.12284789
7475	0.13581224
7476	0.15315311
7477	0.17595036
7478	0.19002827
7479	0.20942953
7480	0.22927196
7481	0.24974065
7482	0.27090099
7483	0.30297235
7484	0.32480702
7485	0.34798265
7486	0.37112612
7487	0.39745864
7488	0.42259508
7489	0.44826606
7490	0.47436711
7491	0.49970827
7492	0.52527332
7493	0.55204612
7494	0.58101040
7495	0.61171973
7496	0.63930053
7497	0.66659248
7498	0.69736195
7499	0.72394156
7500	0.74980134
7501	0.77389359
7502	0.79767430
7503	0.81986922
7504	0.84013969
7505	0.85890150
7506	0.87547314
7507	0.89016837
7508	0.90251052
7509	0.91226029
7510	0.91950113
7511	0.92425615
7512	0.92676693
7513	0.92721170
7514	0.92569315
7515	0.92221630
7516	0.91689873
7517	0.90986216
7518	0.90117782
7519	0.89045870
7520	0.87893683
7521	0.86586928
7522	0.84912992
7523	0.83075672
7524	0.81295639
7525	0.79679656
7526	0.78041112
7527	0.76472521
7528	0.75008333
7529	0.73435795
7530	0.71707338
7531	0.69935220
7532	0.68135715
7533	0.66323215
7534	0.64485937
7535	0.62629628
7536	0.60777658
7537	0.58898330
7538	0.57060689
7539	0.55198711
7540	0.53315073
7541	0.51499641
7542	0.49651024
7543	0.47802252
7544	0.45939046
7545	0.44029287
7546	0.42165911
7547	0.40298143
7548	0.38392088
7549	0.36540914
7550	0.34795824
7551	0.32998410
7552	0.31124115
7553	0.29346225
7554	0.27550733
7555	0.25781381
7556	0.24046215
7557	0.22314170
7558	0.20636523
7559	0.19003972
7560	0.17387161
7561	0.15796746
7562	0.14229892
7563	0.12622230
7564	0.11120807
7565	0.09693006
7566	0.08328493
7567	0.06967647
7568	0.05514597
7569	0.04039029
7570	0.02520612
7571	0.01074135
7572	-0.00236726
7573	-0.01434320
7574	-0.02593036
7575	-0.03682239
7576	-0.04797469
7577	-0.05672608
7578	-0.06411128
7579	-0.07141490
7580	-0.07764325
7581	-0.08174460
7582	-0.08575300
7583	-0.08721779
7584	-0.08751955
7585	-0.08656327
7586	-0.08775327
7587	-0.08553486
7588	-0.08233701
7589	-0.07584269
7590	-0.07094958
7591	-0.06434789
7592	-0.05696194
7593	-0.04868084
7594	-0.03939383
7595	-0.02935666
7596	-0.01855478
7597	-0.00694543
7598	0.00523953
7599	0.01799599
7600	0.03145050
7601	0.04540407
7602	0.05941498
7603	0.07445008
7604	0.09005501
7605	0.10661715
7606	0.12312406
7607	0.14022806
7608	0.15685780
7609	0.17496274
7610	0.19355182
7611	0.20920344
7612	0.22892211
7613	0.24943526
7614	0.27022278
7615	0.30395058
7616	0.32364461
7617	0.34546006
7618	0.36939144
7619	0.39515758
7620	0.41918832
7621	0.44392028
7622	0.47432673
7623	0.49435753
7624	0.51472563
7625	0.53794229
7626	0.56651884
7627	0.60311252
7628	0.63212359
7629	0.65968794
7630	0.68749392
7631	0.71820962
7632	0.74435508
7633	0.76961881
7634	0.79286438
7635	0.81562155
7636	0.83675081
7637	0.85613704
7638	0.87300682
7639	0.88844681
7640	0.90166360
7641	0.91233534
7642	0.92045933
7643	0.92597514
7644	0.92910373
7645	0.92997587
7646	0.92877197
7647	0.92558688
7648	0.92049015
7649	0.91365993
7650	0.90524697
7651	0.89546281
7652	0.88365847
7653	0.87145978
7654	0.85615706
7655	0.83776599
7656	0.81836998
7657	0.80117172
7658	0.78514796
7659	0.76883775
7660	0.75311387
7661	0.73775542
7662	0.72132254
7663	0.70360243
7664	0.68593937
7665	0.66797447
7666	0.64970070
7667	0.63112247
7668	0.61260170
7669	0.59420538
7670	0.57576352
7671	0.55689675
7672	0.53820550
7673	0.52001071
7674	0.50158566
7675	0.48349428
7676	0.46399778
7677	0.44539776
7678	0.42679712
7679	0.40807232
7680	0.38904750
7681	0.37051049
7682	0.35332516
7683	0.33482918
7684	0.31672940
7685	0.29875484
7686	0.28092256
7687	0.26329228
7688	0.24566297
7689	0.22929372
7690	0.21299319
7691	0.19668041
7692	0.18037823
7693	0.16371621
7694	0.14796448
7695	0.13257268
7696	0.11776801
7697	0.10380137
7698	0.09060789
7699	0.07760779
7700	0.06405955
7701	0.05048307
7702	0.03648851
7703	0.02296243
7704	0.01097774
7705	0.00020051
7706	-0.01004855
7707	-0.01984502
7708	-0.02916183
7709	-0.03800997
7710	-0.04489440
7711	-0.05242585
7712	-0.05856440
7713	-0.06322861
7714	-0.06572146
7715	-0.06927232
7716	-0.06983947
7717	-0.07157392
7718	-0.07076413
7719	-0.06868718
7720	-0.06420185
7721	-0.06056820
7722	-0.05496402
7723	-0.04854379
7724	-0.04117265
7725	-0.03288163
7726	-0.02384644
7727	-0.01416727
7728	-0.00381401
7729	0.00715557
7730	0.01885369
7731	0.03119178
7732	0.04422721
7733	0.05782397
7734	0.07214893
7735	0.08699462
7736	0.10240430
7737	0.11822523
7738	0.13452220
7739	0.15118046
7740	0.16830023
7741	0.18499053
7742	0.20312871
7743	0.22174889
7744	0.23714845
7745	0.25663760
7746	0.27680886
7747	0.30294761
7748	0.32965899
7749	0.35035595
7750	0.37163490
7751	0.39428711
7752	0.42005736
7753	0.44420651
7754	0.46846640
7755	0.49265200
7756	0.51229733
7757	0.53274953
7758	0.55935574
7759	0.59746283
7760	0.62471956
7761	0.65124106
7762	0.67808664
7763	0.70479321
7764	0.73357582
7765	0.75834394
7766	0.78296065
7767	0.80645698
7768	0.82875699
7769	0.84957099
7770	0.86879522
7771	0.88600951
7772	0.90167457
7773	0.91525859
7774	0.92652047
7775	0.93532789
7776	0.94169986
7777	0.94574535
7778	0.94761109
7779	0.94748557
7780	0.94544089
7781	0.94156039
7782	0.93596315
7783	0.92880303
7784	0.92029476
7785	0.90959221
7786	0.89830554
7787	0.88430059
7788	0.86678857
7789	0.84696174
7790	0.82924229
7791	0.81311518
7792	0.79691088
7793	0.78153586
7794	0.76680243
7795	0.75094658
7796	0.73345584
7797	0.71548408
7798	0.69753617
7799	0.67932141
7800	0.66085416
7801	0.64242023
7802	0.62389541
7803	0.60560679
7804	0.58714324
7805	0.56860232
7806	0.54998136
7807	0.53245270
7808	0.51345217
7809	0.49500990
7810	0.47375774
7811	0.45649043
7812	0.43783095
7813	0.41883585
7814	0.40029040
7815	0.38215962
7816	0.36463043
7817	0.34650677
7818	0.32850119
7819	0.31060821
7820	0.29293555
7821	0.27573624
7822	0.25855935
7823	0.24205679
7824	0.22571872
7825	0.20952985
7826	0.19333792
7827	0.17678696
7828	0.16107307
7829	0.14571251
7830	0.13093592
7831	0.11686990
7832	0.10328316
7833	0.08938689
7834	0.07608562
7835	0.06251375
7836	0.04905384
7837	0.03653688
7838	0.02563173
7839	0.01573616
7840	0.00623263
7841	-0.00290943
7842	-0.01230411
7843	-0.01919765
7844	-0.02595588
7845	-0.03286587
7846	-0.03821654
7847	-0.04235837
7848	-0.04521177
7849	-0.04706063
7850	-0.04789722
7851	-0.04674757
7852	-0.04521651
7853	-0.04280504
7854	-0.03923181
7855	-0.03560732
7856	-0.02999057
7857	-0.02352647
7858	-0.01615944
7859	-0.00795945
7860	0.00094104
7861	0.01055831
7862	0.02086347
7863	0.03182340
7864	0.04366502
7865	0.05666954
7866	0.06985272
7867	0.08368479
7868	0.09814350
7869	0.11308009
7870	0.12839061
7871	0.14359489
7872	0.15983568
7873	0.17567930
7874	0.19292817
7875	0.21063143
7876	0.22929129
7877	0.24477588
7878	0.26430273
7879	0.28254336
7880	0.30522773
7881	0.33808583
7882	0.35792100
7883	0.37980995
7884	0.40249789
7885	0.42685553
7886	0.45390409
7887	0.47861728
7888	0.50277430
7889	0.52678555
7890	0.55106127
7891	0.57601172
7892	0.60204732
7893	0.63346434
7894	0.66044480
7895	0.68757057
7896	0.71448004
7897	0.74343622
7898	0.76897061
7899	0.79267901
7900	0.81594408
7901	0.83779699
7902	0.85796648
7903	0.87610292
7904	0.89268231
7905	0.90732628
7906	0.91976589
7907	0.92978901
7908	0.93733960
7909	0.94242948
7910	0.94525826
7911	0.94602507
7912	0.94485152
7913	0.94183350
7914	0.93699580
7915	0.93045342
7916	0.92237574
7917	0.91287035
7918	0.90217662
7919	0.88969380
7920	0.87638479
7921	0.86254001
7922	0.84535992
7923	0.82707787
7924	0.80890197
7925	0.79165554
7926	0.77466029
7927	0.75879771
7928	0.74375403
7929	0.72831845
7930	0.71156186
7931	0.69403040
7932	0.67635834
7933	0.65831757
7934	0.63996458
7935	0.62141383
7936	0.60337925
7937	0.58453566
7938	0.56596386
7939	0.54695570
7940	0.52863574
7941	0.51050627
7942	0.49238703
7943	0.47416112
7944	0.45406294
7945	0.43553150
7946	0.41693005
7947	0.39781979
7948	0.37922841
7949	0.36152977
7950	0.34324357
7951	0.32501209
7952	0.30676025
7953	0.28864607
7954	0.27069664
7955	0.25296760
7956	0.23527712
7957	0.21854554
7958	0.20219737
7959	0.18604460
7960	0.17008899
7961	0.15410405
7962	0.13765857
7963	0.12216108
7964	0.10706647
7965	0.09250138
7966	0.07868627
7967	0.06530758
7968	0.05171390
7969	0.03866791
7970	0.02525781
7971	0.01188037
7972	-0.00028070
7973	-0.01077049
7974	-0.02050750
7975	-0.02995294
7976	-0.03938974
7977	-0.04642646
7978	-0.05358394
7979	-0.05989372
7980	-0.06470066
7981	-0.06820158
7982	-0.07040006
7983	-0.07046378
7984	-0.07145368
7985	-0.07271645
7986	-0.07075107
7987	-0.06739387
7988	-0.06298081
7989	-0.05760509
7990	-0.04884118
7991	-0.04177562
7992	-0.03313134
7993	-0.02394115
7994	-0.01387049
7995	-0.00322879
7996	0.00821854
7997	0.02061716
7998	0.03336459
7999	0.04669320
8000	0.06079121
8001	0.07545611
8002	0.09071105
8003	0.10658263
8004	0.12283809
8005	0.13905050
8006	0.15580824
8007	0.17307474
8008	0.19143410
8009	0.20979245
8010	0.22591600
8011	0.24581595
8012	0.26443154
8013	0.28737122
8014	0.32024360
8015	0.34219518
8016	0.36282507
8017	0.38585848
8018	0.41255087
8019	0.43717438
8020	0.46225032
8021	0.48683402
8022	0.51177800
8023	0.53723890
8024	0.56337351
8025	0.59033835
8026	0.62131494
8027	0.64877272
8028	0.67585480
8029	0.70542425
8030	0.73180813
8031	0.75722146
8032	0.78084213
8033	0.80401176
8034	0.82589185
8035	0.84587896
8036	0.86411846
8037	0.88020623
8038	0.89463627
8039	0.90663940
8040	0.91649085
8041	0.92388600
8042	0.92887652
8043	0.93167025
8044	0.93238431
8045	0.93108994
8046	0.92787820
8047	0.92280328
8048	0.91608268
8049	0.90783358
8050	0.89816636
8051	0.88635260
8052	0.87328780
8053	0.85731184
8054	0.83905256
8055	0.82023573
8056	0.80316871
8057	0.78640425
8058	0.77005714
8059	0.75502479
8060	0.74019152
8061	0.72399366
8062	0.70642489
8063	0.68849337
8064	0.67053884
8065	0.65223932
8066	0.63379210
8067	0.61477846
8068	0.59642822
8069	0.57805890
8070	0.55957150
8071	0.54111564
8072	0.52259004
8073	0.50403774
8074	0.48544073
8075	0.46696642
8076	0.44720656
8077	0.42938414
8078	0.41078281
8079	0.39171156
8080	0.37344092
8081	0.35530293
8082	0.33760455
8083	0.31945133
8084	0.30135804
8085	0.28281072
8086	0.26539570
8087	0.24786480
8088	0.23042449
8089	0.21379258
8090	0.19734263
8091	0.18131894
8092	0.16547504
8093	0.14973043
8094	0.13362980
8095	0.11853635
8096	0.10397051
8097	0.09010328
8098	0.07655626
8099	0.06288144
8100	0.04913975
8101	0.03469963
8102	0.02037073
8103	0.00739376
8104	-0.00421956
8105	-0.01529169
8106	-0.02595284
8107	-0.03607551
8108	-0.04500253
8109	-0.05333913
8110	-0.06072452
8111	-0.06699895
8112	-0.07191753
8113	-0.07420389
8114	-0.07765474
8115	-0.07801700
8116	-0.07705976
8117	-0.07778786
8118	-0.07497274
8119	-0.07147252
8120	-0.06708235
8121	-0.06154779
8122	-0.05515839
8123	-0.04800918
8124	-0.03975096
8125	-0.03084178
8126	-0.01659694
8127	-0.00627079
8128	0.00508095
8129	0.01720767
8130	0.03018920
8131	0.04371569
8132	0.05782457
8133	0.07259706
8134	0.08787823
8135	0.10371111
8136	0.11995104
8137	0.13662888
8138	0.15381087
8139	0.17061177
8140	0.18901968
8141	0.20807262
8142	0.22404164
8143	0.24426419
8144	0.26503822
8145	0.29233596
8146	0.32016507
8147	0.34181559
8148	0.36399817
8149	0.38737860
8150	0.41531125
8151	0.44083154
8152	0.46682099
8153	0.48668927
8154	0.52186418
8155	0.55630177
8156	0.58581609
8157	0.60346633
8158	0.63113147
8159	0.65939897
8160	0.68772042
8161	0.71802664
8162	0.74517065
8163	0.77133799
8164	0.79567993
8165	0.81944418
8166	0.84162915
8167	0.86207563
8168	0.88066024
8169	0.89695287
8170	0.91143113
8171	0.92352623
8172	0.93296528
8173	0.94009548
8174	0.94484794
8175	0.94740897
8176	0.94794214
8177	0.94647890
8178	0.94305915
8179	0.93794656
8180	0.93103409
8181	0.92260158
8182	0.91270304
8183	0.90093261
8184	0.88857877
8185	0.87462139
8186	0.85723925
8187	0.83834916
8188	0.82137549
8189	0.80527753
8190	0.78920770
8191	0.77408350
8192	0.75936568
8193	0.74312532
8194	0.72552115
8195	0.70779550
8196	0.68987924
8197	0.67165941
8198	0.65316057
8199	0.63445175
8200	0.61589235
8201	0.59786493
8202	0.57874525
8203	0.56035233
8204	0.54189748
8205	0.52342302
8206	0.50491267
8207	0.48567158
8208	0.46789408
8209	0.44863304
8210	0.42997748
8211	0.41082191
8212	0.39282572
8213	0.37437037
8214	0.35667861
8215	0.33848959
8216	0.31988287
8217	0.30244273
8218	0.28473812
8219	0.26744974
8220	0.25015724
8221	0.23354927
8222	0.21720538
8223	0.20106879
8224	0.18507715
8225	0.16940987
8226	0.15327516
8227	0.13820502
8228	0.12380440
8229	0.11000529
8230	0.09649505
8231	0.08252200
8232	0.06841431
8233	0.05389450
8234	0.03966278
8235	0.02690113
8236	0.01527760
8237	0.00397240
8238	-0.00705326
8239	-0.01749654
8240	-0.02730749
8241	-0.03618976
8242	-0.04360298
8243	-0.05140382
8244	-0.05629131
8245	-0.06175856
8246	-0.06552637
8247	-0.06703503
8248	-0.06726325
8249	-0.06631798
8250	-0.06420739
8251	-0.06116142
8252	-0.05723299
8253	-0.05308544
8254	-0.04952268
8255	-0.04337810
8256	-0.03674810
8257	-0.02902985
8258	-0.02051184
8259	-0.01125794
8260	-0.00124514
8261	0.00952938
8262	0.02115891
8263	0.03346589
8264	0.04640948
8265	0.05988688
8266	0.07402742
8267	0.08879408
8268	0.10410384
8269	0.11975253
8270	0.13603948
8271	0.15285698
8272	0.16922212
8273	0.18722312
8274	0.20579098
8275	0.22481264
8276	0.24057648
8277	0.26070705
8278	0.28119025
8279	0.30801365
8280	0.33414593
8281	0.35561708
8282	0.37849018
8283	0.40338123
8284	0.42761728
8285	0.45218769
8286	0.47756565
8287	0.50553268
8288	0.53289431
8289	0.55645585
8290	0.57302266
8291	0.61231166
8292	0.63826638
8293	0.66578281
8294	0.69335830
8295	0.72320473
8296	0.74991089
8297	0.77498806
8298	0.79980332
8299	0.82333541
8300	0.84531397
8301	0.86556482
8302	0.88368094
8303	0.90005285
8304	0.91424066
8305	0.92602348
8306	0.93519664
8307	0.94175416
8308	0.94583255
8309	0.94767851
8310	0.94746184
8311	0.94528115
8312	0.94118232
8313	0.93520230
8314	0.92752182
8315	0.91822654
8316	0.90687799
8317	0.89439911
8318	0.88133347
8319	0.86515868
8320	0.84723699
8321	0.82899374
8322	0.81225467
8323	0.79596233
8324	0.78036797
8325	0.76583368
8326	0.75081652
8327	0.73377180
8328	0.71537805
8329	0.69737226
8330	0.67984837
8331	0.66147888
8332	0.64286929
8333	0.62438595
8334	0.60603577
8335	0.58777088
8336	0.56945491
8337	0.55064756
8338	0.53237456
8339	0.51402575
8340	0.49603459
8341	0.47692877
8342	0.45760253
8343	0.43907860
8344	0.42044955
8345	0.40129584
8346	0.38320205
8347	0.36499634
8348	0.34645259
8349	0.32865164
8350	0.31058475
8351	0.29262343
8352	0.27487326
8353	0.25735927
8354	0.24039188
8355	0.22345068
8356	0.20730059
8357	0.19131802
8358	0.17533788
8359	0.15972051
8360	0.14367454
8361	0.12865271
8362	0.11426694
8363	0.10052120
8364	0.08695190
8365	0.07281921
8366	0.05861607
8367	0.04412647
8368	0.03017865
8369	0.01764496
8370	0.00583851
8371	-0.00579401
8372	-0.01713353
8373	-0.02775171
8374	-0.03742544
8375	-0.04676183
8376	-0.05522489
8377	-0.06248209
8378	-0.06748436
8379	-0.07425871
8380	-0.07704134
8381	-0.07919601
8382	-0.07955591
8383	-0.07866457
8384	-0.07666759
8385	-0.07360000
8386	-0.06986658
8387	-0.06920897
8388	-0.06429800
8389	-0.05841721
8390	-0.05140330
8391	-0.03893116
8392	-0.03066671
8393	-0.02067901
8394	-0.00995570
8395	0.00153149
8396	0.01383564
8397	0.02670876
8398	0.04012480
8399	0.05407307
8400	0.06853797
8401	0.08341315
8402	0.09874404
8403	0.11440969
8404	0.13053371
8405	0.14702396
8406	0.15964501
8407	0.18180704
8408	0.19915979
8409	0.21899916
8410	0.23346777
8411	0.25340676
8412	0.27375031
8413	0.29476580
8414	0.32799888
8415	0.34912652
8416	0.37216243
8417	0.39482334
8418	0.42118213
8419	0.44621357
8420	0.47183654
8421	0.49398369
8422	0.51444572
8423	0.53980047
8424	0.57662576
8425	0.60265046
8426	0.63377428
8427	0.66150647
8428	0.68905813
8429	0.71899414
8430	0.74581599
8431	0.77176577
8432	0.79603630
8433	0.81968671
8434	0.84172314
8435	0.86202550
8436	0.88015556
8437	0.89663750
8438	0.91094327
8439	0.92282903
8440	0.93218631
8441	0.93893218
8442	0.94323176
8443	0.94519305
8444	0.94502676
8445	0.94283128
8446	0.93872052
8447	0.93277448
8448	0.92519331
8449	0.91607159
8450	0.90483648
8451	0.89263576
8452	0.87898058
8453	0.86095822
8454	0.84234726
8455	0.82481307
8456	0.80833501
8457	0.79207170
8458	0.77699929
8459	0.76229978
8460	0.74627870
8461	0.72889233
8462	0.71133751
8463	0.69347250
8464	0.67535019
8465	0.65694976
8466	0.63829792
8467	0.61974972
8468	0.60137892
8469	0.58257109
8470	0.56405544
8471	0.54570478
8472	0.52725250
8473	0.50868857
8474	0.48959923
8475	0.47123012
8476	0.45238715
8477	0.43383446
8478	0.41477415
8479	0.39666021
8480	0.37828293
8481	0.36054844
8482	0.34246251
8483	0.32434344
8484	0.30587095
8485	0.28835616
8486	0.27068946
8487	0.25308678
8488	0.23635080
8489	0.21989353
8490	0.20362259
8491	0.18758765
8492	0.17150296
8493	0.15515673
8494	0.13973279
8495	0.12484496
8496	0.11067205
8497	0.09716383
8498	0.08403369
8499	0.07048385
8500	0.05686329
8501	0.04291486
8502	0.02945555
8503	0.01736058
8504	0.00628179
8505	-0.00437473
8506	-0.01444441
8507	-0.02352671
8508	-0.03355712
8509	-0.04044477
8510	-0.04718355
8511	-0.05275080
8512	-0.05682044
8513	-0.05903744
8514	-0.06117078
8515	-0.06102379
8516	-0.06226084
8517	-0.06037933
8518	-0.05719585
8519	-0.05286094
8520	-0.04746712
8521	-0.04089020
8522	-0.03088627
8523	-0.02315899
8524	-0.01387672
8525	-0.00413424
8526	0.00637079
8527	0.01760307
8528	0.02934651
8529	0.04200358
8530	0.05511030
8531	0.06891172
8532	0.08339549
8533	0.09823121
8534	0.11343447
8535	0.12911391
8536	0.14503221
8537	0.16138774
8538	0.17407134
8539	0.19527377
8540	0.21201715
8541	0.22951967
8542	0.24533463
8543	0.26433814
8544	0.28399616
8545	0.30430126
8546	0.33674699
8547	0.35668674
8548	0.37779656
8549	0.40056801
8550	0.42502865
8551	0.44873816
8552	0.47281948
8553	0.49138883
8554	0.51574445
8555	0.54333347
8556	0.57160276
8557	0.59799927
8558	0.62803012
8559	0.65506589
8560	0.68183470
8561	0.70999724
8562	0.73695755
8563	0.76293916
8564	0.78810370
8565	0.81228471
8566	0.83518916
8567	0.85660207
8568	0.87634224
8569	0.89400321
8570	0.91010600
8571	0.92411613
8572	0.93586022
8573	0.94513047
8574	0.95195621
8575	0.95626938
8576	0.95834029
8577	0.95822042
8578	0.95607167
8579	0.95192122
8580	0.94594806
8581	0.93825692
8582	0.92799091
8583	0.91595948
8584	0.90058231
8585	0.88200819
8586	0.86229783
8587	0.84479010
8588	0.82835436
8589	0.81237221
8590	0.79761720
8591	0.78303224
8592	0.76701534
8593	0.74927449
8594	0.73098081
8595	0.71315664
8596	0.69549686
8597	0.67709470
8598	0.65843594
8599	0.63998634
8600	0.62168396
8601	0.60343158
8602	0.58524197
8603	0.56647468
8604	0.54798138
8605	0.52960426
8606	0.51094711
8607	0.49182770
8608	0.47395745
8609	0.45445454
8610	0.43540588
8611	0.41691893
8612	0.39887780
8613	0.38071311
8614	0.36281711
8615	0.34457847
8616	0.32597980
8617	0.30836594
8618	0.29059538
8619	0.27306962
8620	0.25561047
8621	0.23889984
8622	0.22247104
8623	0.20626083
8624	0.19015455
8625	0.17419733
8626	0.15790202
8627	0.14260180
8628	0.12782259
8629	0.11370871
8630	0.10012730
8631	0.08624297
8632	0.07262690
8633	0.05875890
8634	0.04493651
8635	0.03201019
8636	0.02040877
8637	0.00931030
8638	-0.00158662
8639	-0.01210125
8640	-0.02200526
8641	-0.03093816
8642	-0.03903506
8643	-0.04633474
8644	-0.05257897
8645	-0.05598918
8646	-0.05869803
8647	-0.06324076
8648	-0.06305400
8649	-0.06205323
8650	-0.06278472
8651	-0.06022411
8652	-0.05646215
8653	-0.05173499
8654	-0.04632247
8655	-0.03697446
8656	-0.02936990
8657	-0.02052618
8658	-0.01119069
8659	-0.00113111
8660	0.00959634
8661	0.02092138
8662	0.03298143
8663	0.04567012
8664	0.05902819
8665	0.07307465
8666	0.08768411
8667	0.10288066
8668	0.11844743
8669	0.13442682
8670	0.15083030
8671	0.16760086
8672	0.18495426
8673	0.20178129
8674	0.22031108
8675	0.23551461
8676	0.25509927
8677	0.27553576
8678	0.29648203
8679	0.32981420
8680	0.35198465
8681	0.37300324
8682	0.39700371
8683	0.42344320
8684	0.44853947
8685	0.47394639
8686	0.49214375
8687	0.51739329
8688	0.54650557
8689	0.57629138
8690	0.60356140
8691	0.63544130
8692	0.66248119
8693	0.68963873
8694	0.71646237
8695	0.74503845
8696	0.76993883
8697	0.79356545
8698	0.81514108
8699	0.83599389
8700	0.85523254
8701	0.87280381
8702	0.88832444
8703	0.90229660
8704	0.91417217
8705	0.92373127
8706	0.93101591
8707	0.93603033
8708	0.93880224
8709	0.93949860
8710	0.93830276
8711	0.93532062
8712	0.93062937
8713	0.92438644
8714	0.91619807
8715	0.90721411
8716	0.89696085
8717	0.88508821
8718	0.87305826
8719	0.85973155
8720	0.84326082
8721	0.82519197
8722	0.80696833
8723	0.78989220
8724	0.77324760
8725	0.75772506
8726	0.74277258
8727	0.72721070
8728	0.71020341
8729	0.69249177
8730	0.67447233
8731	0.65631014
8732	0.63747686
8733	0.61890185
8734	0.60047054
8735	0.58245367
8736	0.56379551
8737	0.54520637
8738	0.52672648
8739	0.50829107
8740	0.48979783
8741	0.47148249
8742	0.45124459
8743	0.43301353
8744	0.41435835
8745	0.39586723
8746	0.37731981
8747	0.35959551
8748	0.34181914
8749	0.32363650
8750	0.30554280
8751	0.28755587
8752	0.26977482
8753	0.25238350
8754	0.23524989
8755	0.21822931
8756	0.20190100
8757	0.18560202
8758	0.16944243
8759	0.15332317
8760	0.13702136
8761	0.12155153
8762	0.10654147
8763	0.09239718
8764	0.07887907
8765	0.06557637
8766	0.05190488
8767	0.03834266
8768	0.02444610
8769	0.01102208
8770	-0.00088216
8771	-0.01180934
8772	-0.02258653
8773	-0.03287668
8774	-0.04217692
8775	-0.05183860
8776	-0.06024134
8777	-0.06761530
8778	-0.07370000
8779	-0.07872726
8780	-0.08177342
8781	-0.08437905
8782	-0.08505391
8783	-0.08439451
8784	-0.08261134
8785	-0.07982823
8786	-0.07951882
8787	-0.07544459
8788	-0.07064018
8789	-0.06452486
8790	-0.05790978
8791	-0.05009452
8792	-0.04151708
8793	-0.03203125
8794	-0.01771230
8795	-0.00692654
8796	0.00432857
8797	0.01652304
8798	0.02939866
8799	0.04291029
8800	0.05706263
8801	0.07185909
8802	0.08726410
8803	0.10304267
8804	0.11939671
8805	0.13603383
8806	0.15322815
8807	0.16993660
8808	0.18820494
8809	0.20708278
8810	0.22266677
8811	0.24257118
8812	0.27455813
8813	0.29346666
8814	0.31638792
8815	0.33736220
8816	0.36029223
8817	0.38480255
8818	0.40911424
8819	0.43402553
8820	0.45931232
8821	0.48109791
8822	0.51035744
8823	0.53657413
8824	0.56200451
8825	0.58765680
8826	0.61821526
8827	0.64539051
8828	0.67603970
8829	0.70223385
8830	0.72778422
8831	0.75198919
8832	0.77596503
8833	0.79861081
8834	0.81967354
8835	0.83898950
8836	0.85619807
8837	0.87180156
8838	0.88535929
8839	0.89668727
8840	0.90555739
8841	0.91205138
8842	0.91622376
8843	0.91807026
8844	0.91783285
8845	0.91554201
8846	0.91123831
8847	0.90471798
8848	0.89671862
8849	0.88724947
8850	0.87575096
8851	0.86383367
8852	0.84898716
8853	0.83112776
8854	0.81191629
8855	0.79403943
8856	0.77743673
8857	0.76155967
8858	0.74680763
8859	0.73226678
8860	0.71658832
8861	0.69948012
8862	0.68148994
8863	0.66323870
8864	0.64470452
8865	0.62657213
8866	0.60807258
8867	0.58960253
8868	0.57137197
8869	0.55301815
8870	0.53467947
8871	0.51627296
8872	0.49772757
8873	0.47921979
8874	0.46089312
8875	0.44117758
8876	0.42268997
8877	0.40410361
8878	0.38570949
8879	0.36733091
8880	0.34951118
8881	0.33164117
8882	0.31345710
8883	0.29534787
8884	0.27720594
8885	0.25924051
8886	0.24150813
8887	0.22358385
8888	0.20684683
8889	0.19036829
8890	0.17408070
8891	0.15779363
8892	0.14160804
8893	0.12509318
8894	0.10940684
8895	0.09420396
8896	0.07966357
8897	0.06585559
8898	0.05261472
8899	0.03957457
8900	0.02639642
8901	0.01346032
8902	0.00070300
8903	-0.01109207
8904	-0.02133223
8905	-0.03049564
8906	-0.03959943
8907	-0.04833975
8908	-0.05631779
8909	-0.06361084
8910	-0.07007116
8911	-0.07532782
8912	-0.08084247
8913	-0.08372476
8914	-0.08524308
8915	-0.08485883
8916	-0.08218978
8917	-0.07931552
8918	-0.07533038
8919	-0.07411925
8920	-0.06848966
8921	-0.06190885
8922	-0.05433814
8923	-0.04584691
8924	-0.03659078
8925	-0.02665613
8926	-0.01250739
8927	-0.00149011
8928	0.01017258
8929	0.02267773
8930	0.03578978
8931	0.04959843
8932	0.06392904
8933	0.07883700
8934	0.09435156
8935	0.11037173
8936	0.12693810
8937	0.14315856
8938	0.16074531
8939	0.17884478
8940	0.19777934
8941	0.21336246
8942	0.23328047
8943	0.25388345
8944	0.27938348
8945	0.30750856
8946	0.32839614
8947	0.34923467
8948	0.37407836
8949	0.39917719
8950	0.42376441
8951	0.44891518
8952	0.47426507
8953	0.49396151
8954	0.52601224
8955	0.54860616
8956	0.57512498
8957	0.60589427
8958	0.63232017
8959	0.65904152
8960	0.68583077
8961	0.71435326
8962	0.74031800
8963	0.76460898
8964	0.78696734
8965	0.80897665
8966	0.82951218
8967	0.84810865
8968	0.86497712
8969	0.88033015
8970	0.89364380
8971	0.90464658
8972	0.91314840
8973	0.91917622
8974	0.92281014
8975	0.92424637
8976	0.92377204
8977	0.92131162
8978	0.91699016
8979	0.91090250
8980	0.90310460
8981	0.89387435
8982	0.88252246
8983	0.87026715
8984	0.85600722
8985	0.83810765
8986	0.81834382
8987	0.80057591
8988	0.78443843
8989	0.76849395
8990	0.75335920
8991	0.73884040
8992	0.72346944
8993	0.70590305
8994	0.68745750
8995	0.66939616
8996	0.65144992
8997	0.63314444
8998	0.61460912
8999	0.59570748
9000	0.57738709
9001	0.55911678
9002	0.54083776
9003	0.52249229
9004	0.50412804
9005	0.48569909
9006	0.46718761
9007	0.44742760
9008	0.42951357
9009	0.41095778
9010	0.39191288
9011	0.37364221
9012	0.35538414
9013	0.33767778
9014	0.31945240
9015	0.30126876
9016	0.28276482
9017	0.26524952
9018	0.24758482
9019	0.23044868
9020	0.21338044
9021	0.19695708
9022	0.18070629
9023	0.16445419
9024	0.14842717
9025	0.13196008
9026	0.11632666
9027	0.10125650
9028	0.08685354
9029	0.07305317
9030	0.05955304
9031	0.04571749
9032	0.03232314
9033	0.01873778
9034	0.00550497
9035	-0.00624874
9036	-0.01644227
9037	-0.02590861
9038	-0.03475483
9039	-0.04262503
9040	-0.05048282
9041	-0.05761776
9042	-0.06404749
9043	-0.06970137
9044	-0.07411376
9045	-0.07616688
9046	-0.08054201
9047	-0.08147507
9048	-0.08099043
9049	-0.07967475
9050	-0.07732154
9051	-0.07392771
9052	-0.06981832
9053	-0.06491543
9054	-0.05843472
9055	-0.05115091
9056	-0.04416811
9057	-0.03719102
9058	-0.02505608
9059	-0.01438929
9060	-0.00296478
9061	0.00910276
9062	0.02152014
9063	0.03472134
9064	0.04826096
9065	0.06242438
9066	0.07697532
9067	0.09206646
9068	0.10698520
9069	0.12291162
9070	0.13849106
9071	0.15575096
9072	0.17337079
9073	0.19176291
9074	0.20890470
9075	0.22638924
9076	0.24659273
9077	0.26798454
9078	0.28931859
9079	0.31960753
9080	0.34236282
9081	0.36283895
9082	0.38591066
9083	0.41278940
9084	0.43584001
9085	0.46461511
9086	0.49192593
9087	0.51737434
9088	0.54143429
9089	0.56457949
9090	0.58728385
9091	0.61879790
9092	0.64750880
9093	0.67482114
9094	0.70192325
9095	0.72863287
9096	0.75700682
9097	0.78174627
9098	0.80443835
9099	0.82640177
9100	0.84683478
9101	0.86549103
9102	0.88209653
9103	0.89700812
9104	0.90966177
9105	0.91981238
9106	0.92730868
9107	0.93226296
9108	0.93483013
9109	0.93515790
9110	0.93343717
9111	0.92980957
9112	0.92443526
9113	0.91740686
9114	0.90889722
9115	0.89813429
9116	0.88619769
9117	0.87198913
9118	0.85403514
9119	0.83412755
9120	0.81649888
9121	0.80072349
9122	0.78491151
9123	0.76952219
9124	0.75482059
9125	0.73926246
9126	0.72169411
9127	0.70324302
9128	0.68507558
9129	0.66719878
9130	0.64863670
9131	0.63033456
9132	0.61183476
9133	0.59341598
9134	0.57496732
9135	0.55672038
9136	0.53803945
9137	0.52030319
9138	0.50190133
9139	0.48320398
9140	0.46352863
9141	0.44493884
9142	0.42645666
9143	0.40721086
9144	0.38862786
9145	0.37015381
9146	0.35236013
9147	0.33433670
9148	0.31618744
9149	0.29809865
9150	0.28012037
9151	0.26236975
9152	0.24495824
9153	0.22763042
9154	0.21106759
9155	0.19480331
9156	0.17852366
9157	0.16240612
9158	0.14647442
9159	0.13020185
9160	0.11495195
9161	0.10024932
9162	0.08631555
9163	0.07279730
9164	0.05948721
9165	0.04569983
9166	0.03205211
9167	0.01834835
9168	0.00550981
9169	-0.00568738
9170	-0.01616844
9171	-0.02627368
9172	-0.03598424
9173	-0.04502347
9174	-0.05321579
9175	-0.06067790
9176	-0.06712062
9177	-0.07245421
9178	-0.07622593
9179	-0.07808570
9180	-0.08034480
9181	-0.07990160
9182	-0.08078215
9183	-0.07899310
9184	-0.07472008
9185	-0.07051906
9186	-0.06508365
9187	-0.05831310
9188	-0.05086795
9189	-0.04248645
9190	-0.03340504
9191	-0.02368204
9192	-0.01342252
9193	-0.00246093
9194	0.00901154
9195	0.02117221
9196	0.03394626
9197	0.04730098
9198	0.06132432
9199	0.07603672
9200	0.09127364
9201	0.10715383
9202	0.12339395
9203	0.14020959
9204	0.15642254
9205	0.17400889
9206	0.19240768
9207	0.21104148
9208	0.22666448
9209	0.24624072
9210	0.26663557
9211	0.29315281
9212	0.32002148
9213	0.34076196
9214	0.36225918
9215	0.38521352
9216	0.41163495
9217	0.43620664
9218	0.45996338
9219	0.48615119
9220	0.51075429
9221	0.53513354
9222	0.56064975
9223	0.58866370
9224	0.62053639
9225	0.64743114
9226	0.67465454
9227	0.70159084
9228	0.73129326
9229	0.75648880
9230	0.78064144
9231	0.80357027
9232	0.82428920
9233	0.84428537
9234	0.86233395
9235	0.87851626
9236	0.89307612
9237	0.90541553
9238	0.91522777
9239	0.92256659
9240	0.92743903
9241	0.93003875
9242	0.93050176
9243	0.92904371
9244	0.92576981
9245	0.92074347
9246	0.91406077
9247	0.90577656
9248	0.89609325
9249	0.88455969
9250	0.87235165
9251	0.85958725
9252	0.84396422
9253	0.82494402
9254	0.80658340
9255	0.79015744
9256	0.77410901
9257	0.75890875
9258	0.74426180
9259	0.72884405
9260	0.71164078
9261	0.69377452
9262	0.67574549
9263	0.65771604
9264	0.63889092
9265	0.62032074
9266	0.60221529
9267	0.58389199
9268	0.56499904
9269	0.54658270
9270	0.52824271
9271	0.50989515
9272	0.49143651
9273	0.47343177
9274	0.45413899
9275	0.43508610
9276	0.41651580
9277	0.39789969
9278	0.37887099
9279	0.36043933
9280	0.34289941
9281	0.32450491
9282	0.30680391
9283	0.28881273
9284	0.27096707
9285	0.25331402
9286	0.23594996
9287	0.21921496
9288	0.20243041
9289	0.18639137
9290	0.17036425
9291	0.15428248
9292	0.13845968
9293	0.12231424
9294	0.10729186
9295	0.09293723
9296	0.07926776
9297	0.06576893
9298	0.05174872
9299	0.03775793
9300	0.02325044
9301	0.00904230
9302	-0.00395712
9303	-0.01592936
9304	-0.02755466
9305	-0.03875564
9306	-0.04937964
9307	-0.05998433
9308	-0.07015314
9309	-0.07942947
9310	-0.08773421
9311	-0.09490158
9312	-0.10150415
9313	-0.10499417
9314	-0.10724792
9315	-0.10831767
9316	-0.10967224
9317	-0.10899439
9318	-0.10691407
9319	-0.10221005
9320	-0.09777565
9321	-0.09261982
9322	-0.08656631
9323	-0.07943282
9324	-0.07151876
9325	-0.06244219
9326	-0.05241322
9327	-0.04170242
9328	-0.02581962
9329	-0.01365745
9330	-0.00083994
9331	0.01270390
9332	0.02673830
9333	0.04146433
9334	0.05659263
9335	0.07211293
9336	0.08806773
9337	0.10436548
9338	0.12115822
9339	0.13840973
9340	0.15519807
9341	0.17378920
9342	0.19519284
9343	0.20879410
9344	0.22905175
9345	0.24973398
9346	0.28368518
9347	0.30359709
9348	0.32641530
9349	0.34931377
9350	0.37520555
9351	0.39995888
9352	0.42478052
9353	0.45128193
9354	0.47744980
9355	0.50259328
9356	0.52779913
9357	0.55415404
9358	0.58274472
9359	0.61465776
9360	0.64189065
9361	0.66916913
9362	0.69946593
9363	0.72527897
9364	0.74999034
9365	0.77262020
9366	0.79473191
9367	0.81511617
9368	0.83343661
9369	0.84983218
9370	0.86447823
9371	0.87683982
9372	0.88671583
9373	0.89394230
9374	0.89868516
9375	0.90107852
9376	0.90125072
9377	0.89942813
9378	0.89562172
9379	0.88990390
9380	0.88237303
9381	0.87325180
9382	0.86200947
9383	0.85020691
9384	0.83703226
9385	0.82357317
9386	0.80728775
9387	0.78948832
9388	0.77140069
9389	0.75487500
9390	0.73847610
9391	0.72297072
9392	0.70833248
9393	0.69295573
9394	0.67603171
9395	0.65827101
9396	0.64032173
9397	0.62214494
9398	0.60347766
9399	0.58496344
9400	0.56644738
9401	0.54799068
9402	0.52975869
9403	0.51107275
9404	0.49261028
9405	0.47453046
9406	0.45562324
9407	0.43721443
9408	0.41882136
9409	0.39954886
9410	0.38092378
9411	0.36219209
9412	0.34313941
9413	0.32460842
9414	0.30684593
9415	0.28895581
9416	0.27042848
9417	0.25268236
9418	0.23474766
9419	0.21709566
9420	0.19979072
9421	0.18261836
9422	0.16634628
9423	0.15038325
9424	0.13451569
9425	0.11873498
9426	0.10327850
9427	0.08748759
9428	0.07276912
9429	0.05873781
9430	0.04522337
9431	0.03174287
9432	0.01733141
9433	0.00257561
9434	-0.01254938
9435	-0.02683272
9436	-0.03962615
9437	-0.05152976
9438	-0.06291217
9439	-0.07331310
9440	-0.08343061
9441	-0.09417064
9442	-0.10134126
9443	-0.10863995
9444	-0.11484543
9445	-0.11818089
9446	-0.12289385
9447	-0.12439914
9448	-0.12470157
9449	-0.12641813
9450	-0.12517206
9451	-0.12312060
9452	-0.12014418
9453	-0.11586227
9454	-0.11104550
9455	-0.10524952
9456	-0.09838296
9457	-0.09083793
9458	-0.07809668
9459	-0.06854286
9460	-0.05827639
9461	-0.04693468
9462	-0.03492133
9463	-0.02212208
9464	-0.00866183
9465	0.00466420
9466	0.01917470
9467	0.03435553
9468	0.05006890
9469	0.06633401
9470	0.08305478
9471	0.09556462
9472	0.11672409
9473	0.13523903
9474	0.14958695
9475	0.16869810
9476	0.18823923
9477	0.19974619
9478	0.22171701
9479	0.25044864
9480	0.28223801
9481	0.30521303
9482	0.32709453
9483	0.34922382
9484	0.37656564
9485	0.40092400
9486	0.42567110
9487	0.45457029
9488	0.48107982
9489	0.50797117
9490	0.53435332
9491	0.55933529
9492	0.58202606
9493	0.60927880
9494	0.64131153
9495	0.67084163
9496	0.69726783
9497	0.72261971
9498	0.74615985
9499	0.76942968
9500	0.79094690
9501	0.81086236
9502	0.82834655
9503	0.84457988
9504	0.85854214
9505	0.87015402
9506	0.87913924
9507	0.88552892
9508	0.88944030
9509	0.89098072
9510	0.89043510
9511	0.88780063
9512	0.88325822
9513	0.87684894
9514	0.86867595
9515	0.85791749
9516	0.84582657
9517	0.83135504
9518	0.81322062
9519	0.79328388
9520	0.77576107
9521	0.75961399
9522	0.74343270
9523	0.72819549
9524	0.71349525
9525	0.69783092
9526	0.68047178
9527	0.66254306
9528	0.64464551
9529	0.62687802
9530	0.60868704
9531	0.59007829
9532	0.57159013
9533	0.55287790
9534	0.53531975
9535	0.51698321
9536	0.49791226
9537	0.47849292
9538	0.45987180
9539	0.44179368
9540	0.42347044
9541	0.40344068
9542	0.38497761
9543	0.36644739
9544	0.34788287
9545	0.32957265
9546	0.31194574
9547	0.29407069
9548	0.27594930
9549	0.25798190
9550	0.24012145
9551	0.22248867
9552	0.20526077
9553	0.18806221
9554	0.17157555
9555	0.15535949
9556	0.13920125
9557	0.12328358
9558	0.10747337
9559	0.09137929
9560	0.07641976
9561	0.06212176
9562	0.04843222
9563	0.03506890
9564	0.02147709
9565	0.00806663
9566	-0.00544244
9567	-0.01848200
9568	-0.03012436
9569	-0.04069009
9570	-0.05091262
9571	-0.06086199
9572	-0.07038635
9573	-0.07911851
9574	-0.08705620
9575	-0.09424783
9576	-0.10027142
9577	-0.10506064
9578	-0.10855851
9579	-0.11022697
9580	-0.11254947
9581	-0.11271492
9582	-0.11146178
9583	-0.10974658
9584	-0.10665920
9585	-0.10243985
9586	-0.09815723
9587	-0.09166204
9588	-0.08423284
9589	-0.07586548
9590	-0.06662289
9591	-0.05664445
9592	-0.04585250
9593	-0.03430673
9594	-0.02197237
9595	-0.00903958
9596	0.00455643
9597	0.01872457
9598	0.03294831
9599	0.04804299
9600	0.06355164
9601	0.07944603
9602	0.09590843
9603	0.11163145
9604	0.12864070
9605	0.14624068
9606	0.16447268
9607	0.18210737
9608	0.19839488
9609	0.21811628
9610	0.23825550
9611	0.25981253
9612	0.29068637
9613	0.31316027
9614	0.33371490
9615	0.35716408
9616	0.38304392
9617	0.40724102
9618	0.43130457
9619	0.45950744
9620	0.48743582
9621	0.51373810
9622	0.53862578
9623	0.56231010
9624	0.58500254
9625	0.61469012
9626	0.64350075
9627	0.67049921
9628	0.69972515
9629	0.72561640
9630	0.75042325
9631	0.77339381
9632	0.79581648
9633	0.81665504
9634	0.83583528
9635	0.85323477
9636	0.86842453
9637	0.88174570
9638	0.89267105
9639	0.90106547
9640	0.90688741
9641	0.91031766
9642	0.91152722
9643	0.91070592
9644	0.90789634
9645	0.90327376
9646	0.89682531
9647	0.88877016
9648	0.87839520
9649	0.86728281
9650	0.85387385
9651	0.83642495
9652	0.81743425
9653	0.79919779
9654	0.78302777
9655	0.76692617
9656	0.75155354
9657	0.73711348
9658	0.72198749
9659	0.70476002
9660	0.68661380
9661	0.66842008
9662	0.65054452
9663	0.63226920
9664	0.61369652
9665	0.59525782
9666	0.57674789
9667	0.55791658
9668	0.53932554
9669	0.52127123
9670	0.50304246
9671	0.48499060
9672	0.46540982
9673	0.44726026
9674	0.42884627
9675	0.40967619
9676	0.39103669
9677	0.37187785
9678	0.35335618
9679	0.33460277
9680	0.31766152
9681	0.29961243
9682	0.28162313
9683	0.26375094
9684	0.24610446
9685	0.22880027
9686	0.21200959
9687	0.19520994
9688	0.17909451
9689	0.16298912
9690	0.14695379
9691	0.13109699
9692	0.11508740
9693	0.10004777
9694	0.08572633
9695	0.07206518
9696	0.05858732
9697	0.04435735
9698	0.03017088
9699	0.01570324
9700	0.00195063
9701	-0.01056703
9702	-0.02255707
9703	-0.03449294
9704	-0.04631600
9705	-0.05749657
9706	-0.06803639
9707	-0.07764864
9708	-0.08664589
9709	-0.09449688
9710	-0.10104973
9711	-0.10605019
9712	-0.10803211
9713	-0.11197563
9714	-0.11237816
9715	-0.11145745
9716	-0.10953654
9717	-0.10993292
9718	-0.10685819
9719	-0.10287683
9720	-0.09783238
9721	-0.09216517
9722	-0.08582275
9723	-0.07460852
9724	-0.06687126
9725	-0.05768248
9726	-0.04782695
9727	-0.03718585
9728	-0.02555702
9729	-0.01318350
9730	0.00004509
9731	0.01399754
9732	0.02854016
9733	0.04338808
9734	0.05850115
9735	0.07384060
9736	0.08943940
9737	0.10525309
9738	0.11717594
9739	0.13820484
9740	0.15440534
9741	0.17140426
9742	0.18678530
9743	0.20555173
9744	0.22489196
9745	0.24491136
9746	0.26574382
9747	0.29656565
9748	0.31697959
9749	0.33815300
9750	0.36199790
9751	0.38514403
9752	0.40925929
9753	0.43285689
9754	0.45819727
9755	0.48301587
9756	0.49516970
9757	0.52413791
9758	0.55629045
9759	0.58313358
9760	0.61330736
9761	0.63937527
9762	0.66679513
9763	0.69265759
9764	0.71774852
9765	0.74194837
9766	0.76512492
9767	0.78698587
9768	0.80738181
9769	0.82608521
9770	0.84275562
9771	0.85769045
9772	0.87038219
9773	0.88051623
9774	0.88808674
9775	0.89311707
9776	0.89583361
9777	0.89645272
9778	0.89522368
9779	0.89209807
9780	0.88716739
9781	0.88048190
9782	0.87214285
9783	0.86178988
9784	0.85061556
9785	0.83828962
9786	0.82393503
9787	0.80510342
9788	0.78650826
9789	0.76968443
9790	0.75375313
9791	0.73786360
9792	0.72289479
9793	0.70808578
9794	0.69172603
9795	0.67406130
9796	0.65604520
9797	0.63811767
9798	0.61991608
9799	0.60202378
9800	0.58292490
9801	0.56440896
9802	0.54503340
9803	0.52702886
9804	0.50884211
9805	0.49076578
9806	0.47238079
9807	0.45330474
9808	0.43448654
9809	0.41583773
9810	0.39729673
9811	0.37815052
9812	0.35952753
9813	0.34122398
9814	0.32326451
9815	0.30535799
9816	0.28713793
9817	0.26897532
9818	0.25094596
9819	0.23316021
9820	0.21571341
9821	0.19890678
9822	0.18190490
9823	0.16558509
9824	0.14932136
9825	0.13319899
9826	0.11703763
9827	0.10078829
9828	0.08542780
9829	0.07061742
9830	0.05650973
9831	0.04302121
9832	0.02970482
9833	0.01601589
9834	0.00241171
9835	-0.01153823
9836	-0.02482956
9837	-0.03661483
9838	-0.04741569
9839	-0.05793430
9840	-0.06810732
9841	-0.07758499
9842	-0.08730341
9843	-0.09416077
9844	-0.10091022
9845	-0.10718604
9846	-0.11179977
9847	-0.11459750
9848	-0.11747847
9849	-0.11816101
9850	-0.11752692
9851	-0.11583819
9852	-0.11316310
9853	-0.11031810
9854	-0.10718088
9855	-0.10254649
9856	-0.09807751
9857	-0.09175874
9858	-0.08447734
9859	-0.07642003
9860	-0.06715623
9861	-0.05759116
9862	-0.04727683
9863	-0.03604585
9864	-0.02388332
9865	-0.01205958
9866	0.00305142
9867	0.01755531
9868	0.03273374
9869	0.04831059
9870	0.06425489
9871	0.07918923
9872	0.09579653
9873	0.11301979
9874	0.13055283
9875	0.14845422
9876	0.16357003
9877	0.18271673
9878	0.20126644
9879	0.22378321
9880	0.25533995
9881	0.27651009
9882	0.29836091
9883	0.31774068
9884	0.34421083
9885	0.36867216
9886	0.39312130
9887	0.41787758
9888	0.44288880
9889	0.47274771
9890	0.49202102
9891	0.51116067
9892	0.53826475
9893	0.56550896
9894	0.60168612
9895	0.62972242
9896	0.65962934
9897	0.68522120
9898	0.70996886
9899	0.73276752
9900	0.75521290
9901	0.77602148
9902	0.79500890
9903	0.81159818
9904	0.82679278
9905	0.83983946
9906	0.85048050
9907	0.85855907
9908	0.86411577
9909	0.86728066
9910	0.86823863
9911	0.86707813
9912	0.86394727
9913	0.85882825
9914	0.85180378
9915	0.84310424
9916	0.83229631
9917	0.82031244
9918	0.80773956
9919	0.79421502
9920	0.77714944
9921	0.75884724
9922	0.74153423
9923	0.72508079
9924	0.70854294
9925	0.69330049
9926	0.67858124
9927	0.66280806
9928	0.64579815
9929	0.62809253
9930	0.61047131
9931	0.59194541
9932	0.57360512
9933	0.55495399
9934	0.53725791
9935	0.51820195
9936	0.49967238
9937	0.48103386
9938	0.46182409
9939	0.44340646
9940	0.42493117
9941	0.40634811
9942	0.38641828
9943	0.36803070
9944	0.34941214
9945	0.33071429
9946	0.31222492
9947	0.29443911
9948	0.27680865
9949	0.25862119
9950	0.24009545
9951	0.22207151
9952	0.20418341
9953	0.18697697
9954	0.16994622
9955	0.15253156
9956	0.13650256
9957	0.12028734
9958	0.10427509
9959	0.08860737
9960	0.07303967
9961	0.05720835
9962	0.04254005
9963	0.02851258
9964	0.01493033
9965	0.00093348
9966	-0.01267190
9967	-0.02703602
9968	-0.04167106
9969	-0.05533320
9970	-0.06724413
9971	-0.07817049
9972	-0.08867400
9973	-0.09863968
9974	-0.10797508
9975	-0.11718218
9976	-0.12371502
9977	-0.12997814
9978	-0.13580777
9979	-0.13958134
9980	-0.14294970
9981	-0.14392063
9982	-0.14351076
9983	-0.14206406
9984	-0.13921711
9985	-0.13681680
9986	-0.13413610
9987	-0.12899435
9988	-0.12307516
9989	-0.11619496
9990	-0.10851377
9991	-0.10021727
9992	-0.09125748
9993	-0.08166964
9994	-0.07146374
9995	-0.06047636
9996	-0.04877207
9997	-0.03625785
9998	-0.02290494
9999	-0.00859628
10000	0.00640542
10001	0.02214908
10002	0.03845317
10003	0.05529169
10004	0.07272007
10005	0.08803630
10006	0.10811189
10007	0.12725636
10008	0.14305064
10009	0.16341110
10010	0.18433987
10011	0.20574874
10012	0.23938948
10013	0.26235911
10014	0.28445119
10015	0.30753151
10016	0.33438545
10017	0.35954240
10018	0.38430277
10019	0.41338900
10020	0.43988824
10021	0.46683243
10022	0.49384513
10023	0.51615924
10024	0.54227275
10025	0.57453173
10026	0.59812713
10027	0.62674469
10028	0.66075867
10029	0.68708998
10030	0.71231949
10031	0.73626417
10032	0.75807989
10033	0.77899075
10034	0.79815698
10035	0.81516576
10036	0.83048582
10037	0.84354764
10038	0.85427999
10039	0.86232257
10040	0.86786264
10041	0.87111318
10042	0.87217391
10043	0.87124312
10044	0.86847031
10045	0.86388636
10046	0.85763609
10047	0.84977430
10048	0.83998734
10049	0.82939327
10050	0.81754476
10051	0.80392873
10052	0.78663719
10053	0.76695752
10054	0.74912471
10055	0.73318309
10056	0.71730298
10057	0.70186126
10058	0.68692666
10059	0.67109942
10060	0.65370196
10061	0.63576889
10062	0.61824608
10063	0.59999645
10064	0.58151817
10065	0.56371003
10066	0.54484886
10067	0.52671784
10068	0.50830406
10069	0.48939812
10070	0.47023681
10071	0.45113662
10072	0.43320912
10073	0.41389164
10074	0.39535424
10075	0.37641329
10076	0.35766131
10077	0.33894935
10078	0.32040423
10079	0.30251318
10080	0.28474608
10081	0.26646614
10082	0.24829133
10083	0.23025280
10084	0.21234357
10085	0.19467200
10086	0.17716788
10087	0.16055751
10088	0.14427480
10089	0.12820061
10090	0.11209980
10091	0.09626538
10092	0.08004836
10093	0.06483015
10094	0.05020424
10095	0.03629122
10096	0.02291548
10097	0.00975688
10098	-0.00396509
10099	-0.01770889
10100	-0.03178101
10101	-0.04531825
10102	-0.05723027
10103	-0.06804745
10104	-0.07835207
10105	-0.08813030
10106	-0.09718836
10107	-0.10549233
10108	-0.11305927
10109	-0.11958305
10110	-0.12496368
10111	-0.12886187
10112	-0.13109317
10113	-0.13252281
10114	-0.13225351
10115	-0.13268907
10116	-0.13005449
10117	-0.12623301
10118	-0.12121323
10119	-0.11518937
10120	-0.10811240
10121	-0.09997455
10122	-0.09090332
10123	-0.08107658
10124	-0.07058231
10125	-0.05947261
10126	-0.04790823
10127	-0.03558375
10128	-0.02264217
10129	-0.00909225
10130	0.00506021
10131	0.01968827
10132	0.03488620
10133	0.05050489
10134	0.06657396
10135	0.08315182
10136	0.10015428
10137	0.11768228
10138	0.13461985
10139	0.15350114
10140	0.17169276
10141	0.18870424
10142	0.20897737
10143	0.22960509
10144	0.25176901
10145	0.28491020
10146	0.30650452
10147	0.32928619
10148	0.35201326
10149	0.37842414
10150	0.40347531
10151	0.43117115
10152	0.45712966
10153	0.48099738
10154	0.49755692
10155	0.52458656
10156	0.56276977
10157	0.58515155
10158	0.61243975
10159	0.64455438
10160	0.67413735
10161	0.70041806
10162	0.72572869
10163	0.74939102
10164	0.77243501
10165	0.79394066
10166	0.81372494
10167	0.83172327
10168	0.84744626
10169	0.86132365
10170	0.87284285
10171	0.88188267
10172	0.88843620
10173	0.89268047
10174	0.89474380
10175	0.89476889
10176	0.89280385
10177	0.88895452
10178	0.88327575
10179	0.87584358
10180	0.86631608
10181	0.85574901
10182	0.84365511
10183	0.82808822
10184	0.80914092
10185	0.78988510
10186	0.77279806
10187	0.75652403
10188	0.74072820
10189	0.72617644
10190	0.71157277
10191	0.69519621
10192	0.67726576
10193	0.65895510
10194	0.64123559
10195	0.62337846
10196	0.60501808
10197	0.58636642
10198	0.56787163
10199	0.54930878
10200	0.53180635
10201	0.51347899
10202	0.49515545
10203	0.47519737
10204	0.45713922
10205	0.43867007
10206	0.42021161
10207	0.40119460
10208	0.38195080
10209	0.36337537
10210	0.34476259
10211	0.32680663
10212	0.30911800
10213	0.29086238
10214	0.27275702
10215	0.25465930
10216	0.23677218
10217	0.21879381
10218	0.20190778
10219	0.18476816
10220	0.16829385
10221	0.15207852
10222	0.13596478
10223	0.12007582
10224	0.10374404
10225	0.08851181
10226	0.07378186
10227	0.05989689
10228	0.04668654
10229	0.03373751
10230	0.01990688
10231	0.00609105
10232	-0.00802707
10233	-0.02140379
10234	-0.03354760
10235	-0.04500558
10236	-0.05616079
10237	-0.06687889
10238	-0.07684482
10239	-0.08593585
10240	-0.09413322
10241	-0.10087538
10242	-0.10710265
10243	-0.11095967
10244	-0.11466876
10245	-0.11545999
10246	-0.11664303
10247	-0.11579866
10248	-0.11324795
10249	-0.10953797
10250	-0.10294664
10251	-0.09713902
10252	-0.08966516
10253	-0.08109609
10254	-0.07177885
10255	-0.06172467
10256	-0.05093545
10257	-0.03959615
10258	-0.02767632
10259	-0.01517108
10260	-0.00202192
10261	0.01186951
10262	0.02615982
10263	0.04118939
10264	0.05668851
10265	0.07265700
10266	0.08912678
10267	0.10594865
10268	0.12340617
10269	0.14131175
10270	0.15877013
10271	0.17800336
10272	0.19948834
10273	0.21420008
10274	0.23525059
10275	0.25712076
10276	0.28627488
10277	0.31489605
10278	0.33697283
10279	0.36135536
10280	0.38801283
10281	0.41348708
10282	0.43983144
10283	0.47119167
10284	0.49265370
10285	0.51356959
10286	0.53730834
10287	0.56723851
10288	0.60527742
10289	0.63499117
10290	0.66349643
10291	0.69448459
10292	0.72228295
10293	0.74914408
10294	0.77490366
10295	0.79881287
10296	0.82188898
10297	0.84331018
10298	0.86283863
10299	0.88009423
10300	0.89552879
10301	0.90861052
10302	0.91913742
10303	0.92696595
10304	0.93231505
10305	0.93538427
10306	0.93642390
10307	0.93560678
10308	0.93296194
10309	0.92844349
10310	0.92223376
10311	0.91434264
10312	0.90510416
10313	0.89387161
10314	0.88211048
10315	0.86864769
10316	0.85109639
10317	0.83231878
10318	0.81494164
10319	0.79951578
10320	0.78360748
10321	0.76798868
10322	0.75307560
10323	0.73718148
10324	0.71944314
10325	0.70117563
10326	0.68324673
10327	0.66515547
10328	0.64676720
10329	0.62839973
10330	0.61003029
10331	0.59146243
10332	0.57331675
10333	0.55453825
10334	0.53696454
10335	0.51871693
10336	0.49986631
10337	0.47672296
10338	0.46123287
10339	0.44276413
10340	0.42344418
10341	0.40520233
10342	0.38716972
10343	0.36907682
10344	0.35069954
10345	0.33282274
10346	0.31472853
10347	0.29686764
10348	0.27917346
10349	0.26187038
10350	0.24475232
10351	0.22854917
10352	0.21262234
10353	0.19661227
10354	0.18082646
10355	0.16518517
10356	0.14951065
10357	0.13491911
10358	0.12102613
10359	0.10772112
10360	0.09457731
10361	0.08092784
10362	0.06757303
10363	0.05423016
10364	0.04130666
10365	0.02964230
10366	0.01852738
10367	0.00760948
10368	-0.00305818
10369	-0.01326706
10370	-0.02288258
10371	-0.03179580
10372	-0.03983141
10373	-0.04679067
10374	-0.05249147
10375	-0.05682443
10376	-0.06007719
10377	-0.06155445
10378	-0.06109051
10379	-0.05987769
10380	-0.05749418
10381	-0.05433607
10382	-0.05126387
10383	-0.04576209
10384	-0.03940758
10385	-0.03225628
10386	-0.02420722
10387	-0.01559269
10388	-0.00638100
10389	0.00329102
10390	0.01357072
10391	0.02445837
10392	0.03603832
10393	0.04832273
10394	0.06132105
10395	0.07503663
10396	0.08923274
10397	0.10414195
10398	0.11954560
10399	0.13555020
10400	0.15219967
10401	0.16855443
10402	0.18565121
10403	0.20492776
10404	0.22236311
10405	0.23968230
10406	0.25962088
10407	0.27988407
10408	0.30469728
10409	0.33399543
10410	0.35502297
10411	0.37736642
10412	0.40154150
10413	0.42610413
10414	0.45216888
10415	0.47882399
10416	0.49833980
10417	0.51707089
10418	0.53926170
10419	0.56915647
10420	0.60490096
10421	0.63276690
10422	0.65958673
10423	0.68646693
10424	0.71561170
10425	0.74226052
10426	0.76727444
10427	0.79131699
10428	0.81341195
10429	0.83486146
10430	0.85469311
10431	0.87270808
10432	0.88828075
10433	0.90240002
10434	0.91422582
10435	0.92359257
10436	0.93051410
10437	0.93503994
10438	0.93736202
10439	0.93758833
10440	0.93582773
10441	0.93214011
10442	0.92661881
10443	0.91941077
10444	0.91063386
10445	0.89973718
10446	0.88760078
10447	0.87361598
10448	0.85531414
10449	0.83627862
10450	0.81841063
10451	0.80151999
10452	0.78522992
10453	0.77053708
10454	0.75611371
10455	0.74056947
10456	0.72337598
10457	0.70551622
10458	0.68764830
10459	0.66968071
10460	0.65132463
10461	0.63277447
10462	0.61429995
10463	0.59564871
10464	0.57731181
10465	0.55880076
10466	0.54050452
10467	0.52220076
10468	0.50388336
10469	0.48541573
10470	0.46640003
10471	0.44762817
10472	0.42901745
10473	0.41001013
10474	0.39150792
10475	0.37358281
10476	0.35584742
10477	0.33749148
10478	0.31923357
10479	0.30069003
10480	0.28291377
10481	0.26583162
10482	0.24846202
10483	0.23214871
10484	0.21610057
10485	0.20003888
10486	0.18380390
10487	0.16725065
10488	0.15158729
10489	0.13625990
10490	0.12157133
10491	0.10755652
10492	0.09396019
10493	0.08061613
10494	0.06717052
10495	0.05383024
10496	0.04016129
10497	0.02731618
10498	0.01633462
10499	0.00652112
10500	-0.00389139
10501	-0.01153470
10502	-0.01846168
10503	-0.02545613
10504	-0.03146891
10505	-0.03602545
10506	-0.03949594
10507	-0.04171382
10508	-0.04434306
10509	-0.04328060
10510	-0.04477602
10511	-0.04301808
10512	-0.04044605
10513	-0.03672525
10514	-0.03182546
10515	-0.02448300
10516	-0.01803352
10517	-0.01033654
10518	-0.00180807
10519	0.00758203
10520	0.01760676
10521	0.02828923
10522	0.03974479
10523	0.05175491
10524	0.06446686
10525	0.07789173
10526	0.09200256
10527	0.10644290
10528	0.12185390
10529	0.13836201
10530	0.15501270
10531	0.17209400
10532	0.18961430
10533	0.20571014
10534	0.22536947
10535	0.24446030
10536	0.26029187
10537	0.28054258
10538	0.30135417
10539	0.32867768
10540	0.35711139
10541	0.37785879
10542	0.40039137
10543	0.42286840
10544	0.44958955
10545	0.47419405
10546	0.49890617
10547	0.52389002
10548	0.54930985
10549	0.57532990
10550	0.60211438
10551	0.63448155
10552	0.66040534
10553	0.68801886
10554	0.71564072
10555	0.74540538
10556	0.77227879
10557	0.79822791
10558	0.82295829
10559	0.84593230
10560	0.86808056
10561	0.88859862
10562	0.90734535
10563	0.92393076
10564	0.93884999
10565	0.95153302
10566	0.96180159
10567	0.96949106
10568	0.97475058
10569	0.97775847
10570	0.97855330
10571	0.97741866
10572	0.97435957
10573	0.96941793
10574	0.96273798
10575	0.95444733
10576	0.94476181
10577	0.93324447
10578	0.92065364
10579	0.90777826
10580	0.89207464
10581	0.87382054
10582	0.85558695
10583	0.83846748
10584	0.82157242
10585	0.80547178
10586	0.79059482
10587	0.77552158
10588	0.75893170
10589	0.74129933
10590	0.72362065
10591	0.70570791
10592	0.68753690
10593	0.66870379
10594	0.65020782
10595	0.63206321
10596	0.61353981
10597	0.59471315
10598	0.57632869
10599	0.55802047
10600	0.53964347
10601	0.52121770
10602	0.50147611
10603	0.48293129
10604	0.46406516
10605	0.44573528
10606	0.42741400
10607	0.40964687
10608	0.39172694
10609	0.37356246
10610	0.35542777
10611	0.33739060
10612	0.31947070
10613	0.30120975
10614	0.28400165
10615	0.26727563
10616	0.25081271
10617	0.23449211
10618	0.21826349
10619	0.20210525
10620	0.18544391
10621	0.16976401
10622	0.15441464
10623	0.13959527
10624	0.12539752
10625	0.11179065
10626	0.09805406
10627	0.08502664
10628	0.07176442
10629	0.05812668
10630	0.04498291
10631	0.03340134
10632	0.02371275
10633	0.01418647
10634	0.00670615
10635	0.00030682
10636	-0.00574571
10637	-0.01181177
10638	-0.01618917
10639	-0.01936234
10640	-0.02132072
10641	-0.02229135
10642	-0.02221351
10643	-0.02341204
10644	-0.02056300
10645	-0.01809261
10646	-0.01374034
10647	-0.00815766
10648	-0.00146820
10649	0.00647896
10650	0.01513190
10651	0.02448945
10652	0.03435509
10653	0.04484520
10654	0.05609504
10655	0.06784714
10656	0.08044483
10657	0.09366864
10658	0.10747782
10659	0.12210619
10660	0.13734128
10661	0.15307084
10662	0.16939160
10663	0.18625540
10664	0.20366909
10665	0.22084683
10666	0.23958760
10667	0.25913575
10668	0.27525350
10669	0.29595259
10670	0.31707937
10671	0.34189692
10672	0.37275970
10673	0.39617795
10674	0.41761297
10675	0.44143566
10676	0.47324520
10677	0.49304876
10678	0.51801634
10679	0.54621470
10680	0.57571065
10681	0.60457104
10682	0.63086283
10683	0.65898502
10684	0.68637073
10685	0.71482980
10686	0.74308670
10687	0.77348274
10688	0.80054891
10689	0.82650006
10690	0.85054117
10691	0.87388331
10692	0.89554834
10693	0.91530955
10694	0.93279898
10695	0.94866288
10696	0.96221185
10697	0.97334540
10698	0.98186272
10699	0.98784006
10700	0.99132854
10701	0.99256098
10702	0.99174219
10703	0.98897225
10704	0.98426193
10705	0.97779626
10706	0.96973252
10707	0.96018142
10708	0.94873875
10709	0.93619204
10710	0.92354858
10711	0.90863538
10712	0.89061677
10713	0.87199074
10714	0.85498774
10715	0.83837640
10716	0.82221574
10717	0.80711037
10718	0.79206014
10719	0.77560014
10720	0.75790930
10721	0.73998743
10722	0.72209466
10723	0.70382994
10724	0.68522191
10725	0.66674936
10726	0.64851779
10727	0.62976050
10728	0.61192948
10729	0.59344620
10730	0.57506609
10731	0.55668426
10732	0.53841722
10733	0.51941735
10734	0.50079089
10735	0.48224854
10736	0.46244442
10737	0.44388095
10738	0.42574766
10739	0.40818760
10740	0.38937089
10741	0.37133974
10742	0.35330129
10743	0.33539152
10744	0.31801692
10745	0.30040050
10746	0.28365996
10747	0.26722682
10748	0.25084311
10749	0.23459546
10750	0.21856725
10751	0.20203730
10752	0.18647186
10753	0.17140539
10754	0.15694523
10755	0.14308661
10756	0.12956360
10757	0.11548103
10758	0.10184606
10759	0.08753958
10760	0.07301255
10761	0.05934808
10762	0.04736216
10763	0.03659118
10764	0.02677586
10765	0.01695893
10766	0.00971211
10767	0.00327070
10768	-0.00354866
10769	-0.00907006
10770	-0.01357419
10771	-0.01705585
10772	-0.01970078
10773	-0.02108289
10774	-0.02132919
10775	-0.01978899
10776	-0.01772569
10777	-0.01448450
10778	-0.01003110
10779	-0.00456362
10780	0.00189476
10781	0.00927663
10782	0.01737161
10783	0.02561742
10784	0.03283669
10785	0.04514477
10786	0.05600026
10787	0.06746654
10788	0.07958370
10789	0.09235150
10790	0.10587279
10791	0.12005197
10792	0.13482499
10793	0.14974600
10794	0.16569363
10795	0.18108550
10796	0.19835328
10797	0.21609196
10798	0.23445508
10799	0.24986114
10800	0.26925057
10801	0.28982610
10802	0.31634971
10803	0.34349999
10804	0.36396095
10805	0.38489863
10806	0.40792868
10807	0.43518904
10808	0.45879167
10809	0.48303354
10810	0.50643599
10811	0.52809775
10812	0.55111891
10813	0.57859969
10814	0.60345447
10815	0.63571244
10816	0.66225487
10817	0.68874419
10818	0.71497697
10819	0.74324095
10820	0.76807809
10821	0.79113263
10822	0.81375825
10823	0.83497053
10824	0.85456795
10825	0.87243944
10826	0.88822246
10827	0.90244746
10828	0.91459280
10829	0.92444509
10830	0.93197119
10831	0.93716258
10832	0.94008529
10833	0.94091308
10834	0.93974572
10835	0.93654561
10836	0.93151623
10837	0.92473638
10838	0.91633052
10839	0.90587378
10840	0.89456463
10841	0.88129574
10842	0.86579049
10843	0.84767616
10844	0.82867563
10845	0.81054252
10846	0.79331458
10847	0.77721697
10848	0.76229101
10849	0.74714071
10850	0.73087633
10851	0.71351945
10852	0.69581729
10853	0.67801726
10854	0.65987277
10855	0.64133811
10856	0.62233186
10857	0.60454160
10858	0.58572161
10859	0.56716597
10860	0.54813385
10861	0.52979624
10862	0.51191461
10863	0.49346226
10864	0.47488594
10865	0.45561182
10866	0.43661410
10867	0.41814330
10868	0.39964357
10869	0.38082105
10870	0.36191416
10871	0.34487545
10872	0.32671168
10873	0.30904672
10874	0.29120335
10875	0.27362666
10876	0.25643012
10877	0.23973231
10878	0.22288890
10879	0.20638029
10880	0.19014688
10881	0.17401217
10882	0.15752564
10883	0.14201583
10884	0.12706792
10885	0.11279880
10886	0.09930461
10887	0.08615048
10888	0.07231408
10889	0.05848978
10890	0.04397825
10891	0.02909828
10892	0.01506007
10893	0.00220714
10894	-0.01025446
10895	-0.02241890
10896	-0.03416299
10897	-0.04519765
10898	-0.05564439
10899	-0.06564160
10900	-0.07423134
10901	-0.08173345
10902	-0.08747296
10903	-0.09231926
10904	-0.09477395
10905	-0.09591267
10906	-0.09571595
10907	-0.09739398
10908	-0.09552836
10909	-0.09294692
10910	-0.08941851
10911	-0.08482242
10912	-0.07669314
10913	-0.07009708
10914	-0.06254090
10915	-0.05420657
10916	-0.04506547
10917	-0.03510416
10918	-0.02449108
10919	-0.01316418
10920	-0.00121566
10921	0.01148288
10922	0.02474909
10923	0.03872532
10924	0.05330338
10925	0.06842078
10926	0.08405215
10927	0.10018814
10928	0.11680657
10929	0.13390675
10930	0.15167716
10931	0.16908996
10932	0.18998209
10933	0.20386142
10934	0.22437827
10935	0.24528126
10936	0.27334204
10937	0.30102572
10938	0.32278636
10939	0.34585455
10940	0.36872461
10941	0.39570910
10942	0.42333436
10943	0.44935563
10944	0.47576931
10945	0.50189215
10946	0.52284980
10947	0.54946762
10948	0.57814676
10949	0.60605931
10950	0.63875705
10951	0.66646343
10952	0.69626617
10953	0.72276849
10954	0.74808466
10955	0.77211767
10956	0.79415452
10957	0.81531245
10958	0.83477056
10959	0.85245520
10960	0.86786437
10961	0.88131934
10962	0.89235204
10963	0.90086633
10964	0.90678853
10965	0.91027427
10966	0.91141945
10967	0.91044325
10968	0.90742666
10969	0.90243512
10970	0.89572555
10971	0.88747430
10972	0.87693459
10973	0.86509651
10974	0.85070044
10975	0.83241600
10976	0.81198364
10977	0.79382080
10978	0.77691841
10979	0.76070613
10980	0.74591780
10981	0.73142058
10982	0.71583152
10983	0.69843113
10984	0.68020362
10985	0.66252792
10986	0.64428478
10987	0.62628770
10988	0.60820800
10989	0.58927464
10990	0.57079715
10991	0.55251706
10992	0.53394580
10993	0.51605052
10994	0.49766228
10995	0.47918591
10996	0.46003658
10997	0.44162378
10998	0.42250922
10999	0.40387389
11000	0.38487172
11001	0.36605033
11002	0.34817019
11003	0.33033764
11004	0.31234816
11005	0.29416820
11006	0.27613646
11007	0.25826201
11008	0.24074830
11009	0.22363576
11010	0.20653667
11011	0.19018318
11012	0.17406850
11013	0.15800971
11014	0.14124313
11015	0.12539788
11016	0.11001328
11017	0.09508117
11018	0.08077763
11019	0.06718118
11020	0.05413469
11021	0.04100892
11022	0.02866824
11023	0.01627600
11024	0.00417411
11025	-0.00685299
11026	-0.01628237
11027	-0.02488450
11028	-0.03314487
11029	-0.04075515
11030	-0.04759867
11031	-0.05363413
11032	-0.05922894
11033	-0.06384967
11034	-0.06723318
11035	-0.06768458
11036	-0.07061398
11037	-0.06964239
11038	-0.06742241
11039	-0.06398309
11040	-0.06321920
11041	-0.05845187
11042	-0.05237339
11043	-0.04525037
11044	-0.03735599
11045	-0.02593390
11046	-0.01623780
11047	-0.00586869
11048	0.00502968
11049	0.01677391
11050	0.02912275
11051	0.04218652
11052	0.05587155
11053	0.07014782
11054	0.08503824
11055	0.10058129
11056	0.11667715
11057	0.13330644
11058	0.15058452
11059	0.16763742
11060	0.18620867
11061	0.20557131
11062	0.22331871
11063	0.24191909
11064	0.26333454
11065	0.28850219
11066	0.31997493
11067	0.34096271
11068	0.36309442
11069	0.38902453
11070	0.41457781
11071	0.44008148
11072	0.46608335
11073	0.48893073
11074	0.51540077
11075	0.54360265
11076	0.57164514
11077	0.59763753
11078	0.62940264
11079	0.65693361
11080	0.68476993
11081	0.71503013
11082	0.74204952
11083	0.76821756
11084	0.79375893
11085	0.81692165
11086	0.83946234
11087	0.86004990
11088	0.87909091
11089	0.89582139
11090	0.91085154
11091	0.92353523
11092	0.93369114
11093	0.94125706
11094	0.94627923
11095	0.94897979
11096	0.94947612
11097	0.94788814
11098	0.94429785
11099	0.93878120
11100	0.93144780
11101	0.92189378
11102	0.91079569
11103	0.89894831
11104	0.88422137
11105	0.86645448
11106	0.84770817
11107	0.83029032
11108	0.81384903
11109	0.79769260
11110	0.78283757
11111	0.76829004
11112	0.75245202
11113	0.73502451
11114	0.71717137
11115	0.69928783
11116	0.68099129
11117	0.66258150
11118	0.64411169
11119	0.62569195
11120	0.60772526
11121	0.58950901
11122	0.57073897
11123	0.55232030
11124	0.53392661
11125	0.51546061
11126	0.49706945
11127	0.47719285
11128	0.45815980
11129	0.44003332
11130	0.42154893
11131	0.40308034
11132	0.38519421
11133	0.36763647
11134	0.34940571
11135	0.33127192
11136	0.31325725
11137	0.29484698
11138	0.27729082
11139	0.25980926
11140	0.24367365
11141	0.22751963
11142	0.21143205
11143	0.19537391
11144	0.17957732
11145	0.16343395
11146	0.14821146
11147	0.13378613
11148	0.11998980
11149	0.10670087
11150	0.09285391
11151	0.07906870
11152	0.06518938
11153	0.05138615
11154	0.03875649
11155	0.02734518
11156	0.01637289
11157	0.00579714
11158	-0.00397081
11159	-0.01269119
11160	-0.02138292
11161	-0.02907867
11162	-0.03553823
11163	-0.03954092
11164	-0.04234262
11165	-0.04679933
11166	-0.04709475
11167	-0.04597291
11168	-0.04665185
11169	-0.04379620
11170	-0.03981073
11171	-0.03467315
11172	-0.02825313
11173	-0.02105949
11174	-0.01285273
11175	-0.00357543
11176	0.00644635
11177	0.02198896
11178	0.03349648
11179	0.04562873
11180	0.05863348
11181	0.07230230
11182	0.08654929
11183	0.10145317
11184	0.11706658
11185	0.13334781
11186	0.15018909
11187	0.16764684
11188	0.18568942
11189	0.20312604
11190	0.22249562
11191	0.24214338
11192	0.26224583
11193	0.27946401
11194	0.30110216
11195	0.33617878
11196	0.35244572
11197	0.38233256
11198	0.40481910
11199	0.42929247
11200	0.45705757
11201	0.48118788
11202	0.50628364
11203	0.53222704
11204	0.55890018
11205	0.58618534
11206	0.61396462
11207	0.64212024
11208	0.67204201
11209	0.70520151
11210	0.72916460
11211	0.76492757
11212	0.79153174
11213	0.81780142
11214	0.84286886
11215	0.86606753
11216	0.88843560
11217	0.90916282
11218	0.92816955
11219	0.94482988
11220	0.95983440
11221	0.97257447
11222	0.98288965
11223	0.99071509
11224	0.99618441
11225	0.99954003
11226	1.00089383
11227	1.00024652
11228	0.99764991
11229	0.99312985
11230	0.98679990
11231	0.97879738
11232	0.96871758
11233	0.95789242
11234	0.94582850
11235	0.93297708
11236	0.91687679
11237	0.89844757
11238	0.88065904
11239	0.86489904
11240	0.84955484
11241	0.83433658
11242	0.81957573
11243	0.80407363
11244	0.78658760
11245	0.76840407
11246	0.75036055
11247	0.73225844
11248	0.71344739
11249	0.69484663
11250	0.67663705
11251	0.65837818
11252	0.63962889
11253	0.62127084
11254	0.60344052
11255	0.58506340
11256	0.56650293
11257	0.54664201
11258	0.52934533
11259	0.51070970
11260	0.49202961
11261	0.47152352
11262	0.45376277
11263	0.43565422
11264	0.41787711
11265	0.39962724
11266	0.38086545
11267	0.36287948
11268	0.34497100
11269	0.32767558
11270	0.31036642
11271	0.29316890
11272	0.27687040
11273	0.26083407
11274	0.24478629
11275	0.22890073
11276	0.21331276
11277	0.19749205
11278	0.18274629
11279	0.16878858
11280	0.15535143
11281	0.14146540
11282	0.12771961
11283	0.11357463
11284	0.09932095
11285	0.08611681
11286	0.07425465
11287	0.06279695
11288	0.05141292
11289	0.04035537
11290	0.02993751
11291	0.02024974
11292	0.01143364
11293	0.00364679
11294	-0.00290153
11295	-0.00778990
11296	-0.01181804
11297	-0.01383998
11298	-0.01416141
11299	-0.01368283
11300	-0.01221689
11301	-0.00963324
11302	-0.00678012
11303	-0.00187075
11304	0.00383806
11305	0.01054821
11306	0.01826040
11307	0.02684442
11308	0.03637599
11309	0.04681686
11310	0.05784800
11311	0.06956992
11312	0.08183135
11313	0.09470933
11314	0.10809770
11315	0.12195312
11316	0.13650106
11317	0.15153064
11318	0.16710074
11319	0.18312889
11320	0.19966166
11321	0.21671620
11322	0.23424004
11323	0.25129110
11324	0.26990545
11325	0.28901765
11326	0.30451804
11327	0.32473388
11328	0.34559000
11329	0.37065959
11330	0.40094912
11331	0.42262593
11332	0.44550329
11333	0.47635025
11334	0.49491104
11335	0.51923573
11336	0.54700243
11337	0.57588911
11338	0.60357380
11339	0.62773466
11340	0.65483308
11341	0.68129146
11342	0.70899040
11343	0.73662513
11344	0.76409841
11345	0.79354596
11346	0.81987196
11347	0.84512579
11348	0.86913383
11349	0.89130485
11350	0.91258061
11351	0.93230879
11352	0.95027786
11353	0.96602970
11354	0.97995311
11355	0.99152988
11356	1.00061345
11357	1.00717866
11358	1.01138270
11359	1.01347458
11360	1.01353395
11361	1.01174319
11362	1.00808918
11363	1.00271785
11364	0.99572611
11365	0.98731971
11366	0.97705460
11367	0.96547806
11368	0.95267612
11369	0.93575287
11370	0.91737229
11371	0.89892602
11372	0.88206881
11373	0.86558914
11374	0.85026067
11375	0.83585894
11376	0.82093132
11377	0.80423510
11378	0.78624487
11379	0.76814151
11380	0.75032943
11381	0.73238552
11382	0.71361589
11383	0.69509721
11384	0.67695820
11385	0.65862477
11386	0.64025867
11387	0.62152761
11388	0.60303754
11389	0.58472013
11390	0.56629390
11391	0.54638636
11392	0.52782214
11393	0.50921464
11394	0.49078125
11395	0.47231838
11396	0.45433125
11397	0.43685257
11398	0.41868436
11399	0.40056673
11400	0.38260207
11401	0.36486235
11402	0.34732389
11403	0.32959676
11404	0.31341398
11405	0.29675201
11406	0.28040299
11407	0.26429084
11408	0.24829072
11409	0.23197055
11410	0.21656859
11411	0.20166950
11412	0.18746020
11413	0.17381048
11414	0.16006678
11415	0.14692093
11416	0.13342430
11417	0.11965606
11418	0.10641715
11419	0.09488041
11420	0.08463389
11421	0.07494179
11422	0.06560462
11423	0.05686771
11424	0.04889845
11425	0.04199297
11426	0.03618720
11427	0.03077190
11428	0.02761287
11429	0.02485301
11430	0.02419434
11431	0.02275569
11432	0.02358387
11433	0.02568273
11434	0.02903149
11435	0.03563870
11436	0.04107680
11437	0.04819262
11438	0.05608097
11439	0.06488509
11440	0.07438105
11441	0.08450622
11442	0.09530816
11443	0.10682787
11444	0.11893869
11445	0.13174006
11446	0.14496952
11447	0.15896992
11448	0.17353477
11449	0.18872598
11450	0.20444708
11451	0.22080660
11452	0.23763210
11453	0.25511190
11454	0.27319744
11455	0.29191637
11456	0.31040794
11457	0.33034623
11458	0.34668499
11459	0.36792442
11460	0.38978669
11461	0.42206803
11462	0.44650596
11463	0.46978030
11464	0.49421081
11465	0.50760138
11466	0.54124606
11467	0.56744677
11468	0.59419364
11469	0.62765914
11470	0.65492094
11471	0.68211812
11472	0.71041125
11473	0.73801023
11474	0.76671952
11475	0.79538137
11476	0.82378203
11477	0.85403341
11478	0.88085657
11479	0.90652943
11480	0.93024129
11481	0.95302856
11482	0.97410083
11483	0.99327028
11484	1.01023400
11485	1.02534819
11486	1.03814447
11487	1.04840088
11488	1.05607891
11489	1.06123936
11490	1.06400359
11491	1.06459761
11492	1.06315136
11493	1.05963552
11494	1.05416882
11495	1.04685545
11496	1.03792715
11497	1.02700758
11498	1.01480925
11499	1.00211728
11500	0.98721772
11501	0.96941447
11502	0.95091987
11503	0.93386406
11504	0.91723299
11505	0.90088910
11506	0.88589108
11507	0.87123150
11508	0.85505694
11509	0.83732665
11510	0.81929606
11511	0.80141985
11512	0.78329164
11513	0.76491672
11514	0.74655151
11515	0.72819155
11516	0.70991218
11517	0.69120306
11518	0.67280972
11519	0.65444356
11520	0.63604504
11521	0.61748940
11522	0.59841591
11523	0.57937974
11524	0.56080520
11525	0.54223025
11526	0.52394390
11527	0.50573575
11528	0.48802102
11529	0.47022197
11530	0.45188367
11531	0.43378600
11532	0.41578546
11533	0.39798298
11534	0.38058314
11535	0.36333257
11536	0.34668437
11537	0.33018950
11538	0.31385583
11539	0.29706618
11540	0.28041169
11541	0.26446646
11542	0.24891926
11543	0.23364165
11544	0.21902689
11545	0.20495416
11546	0.19142589
11547	0.17775135
11548	0.16471504
11549	0.15150918
11550	0.13838738
11551	0.12629530
11552	0.11601292
11553	0.10626018
11554	0.09830966
11555	0.09081825
11556	0.08368374
11557	0.07684672
11558	0.07150117
11559	0.06720027
11560	0.06403989
11561	0.06184517
11562	0.05880314
11563	0.05953338
11564	0.06066775
11565	0.06295236
11566	0.06634581
11567	0.07080800
11568	0.07628568
11569	0.08278351
11570	0.09015857
11571	0.09832426
11572	0.10730069
11573	0.11691090
11574	0.12717409
11575	0.13812061
11576	0.14972645
11577	0.16180648
11578	0.17506270
11579	0.18888955
11580	0.20330788
11581	0.21857174
11582	0.23385616
11583	0.24910364
11584	0.26531380
11585	0.28199106
11586	0.29825261
11587	0.31764415
11588	0.33616301
11589	0.35585341
11590	0.36910084
11591	0.38935798
11592	0.41001698
11593	0.43144509
11594	0.46419579
11595	0.47578543
11596	0.49241304
11597	0.52183211
11598	0.55077320
11599	0.57832199
11600	0.60356385
11601	0.63435352
11602	0.66061223
11603	0.68753070
11604	0.71476060
11605	0.74142033
11606	0.76880151
11607	0.79640484
11608	0.82383204
11609	0.85094583
11610	0.87975204
11611	0.90515399
11612	0.92929345
11613	0.95137292
11614	0.97246867
11615	0.99175644
11616	1.00910008
11617	1.02416360
11618	1.03737378
11619	1.04824305
11620	1.05660570
11621	1.06249809
11622	1.06599367
11623	1.06726038
11624	1.06652558
11625	1.06384277
11626	1.05916703
11627	1.05274069
11628	1.04467332
11629	1.03516734
11630	1.02442849
11631	1.01188064
11632	0.99870265
11633	0.98450482
11634	0.96656567
11635	0.94831783
11636	0.93055803
11637	0.91363454
11638	0.89701575
11639	0.88159144
11640	0.86663896
11641	0.85072368
11642	0.83328360
11643	0.81539011
11644	0.79770756
11645	0.77981037
11646	0.76144677
11647	0.74291950
11648	0.72452545
11649	0.70622760
11650	0.68785769
11651	0.66915977
11652	0.65072441
11653	0.63260597
11654	0.61351877
11655	0.59588712
11656	0.57549620
11657	0.55705559
11658	0.53812850
11659	0.52059168
11660	0.50208491
11661	0.48466453
11662	0.46537608
11663	0.44760931
11664	0.42953110
11665	0.41161495
11666	0.39386016
11667	0.37603450
11668	0.35904667
11669	0.34260142
11670	0.32611421
11671	0.31017679
11672	0.29429653
11673	0.27776760
11674	0.26221803
11675	0.24709032
11676	0.23248331
11677	0.21841766
11678	0.20478013
11679	0.19095010
11680	0.17770152
11681	0.16388844
11682	0.14981055
11683	0.13628051
11684	0.12417535
11685	0.11311623
11686	0.10246655
11687	0.09239161
11688	0.08282701
11689	0.07402416
11690	0.06589705
11691	0.05876507
11692	0.05260547
11693	0.04789007
11694	0.04380737
11695	0.04146568
11696	0.04038818
11697	0.04085505
11698	0.04085673
11699	0.04333074
11700	0.04705074
11701	0.05182081
11702	0.05759125
11703	0.06432693
11704	0.07185785
11705	0.08024992
11706	0.08922012
11707	0.09887125
11708	0.10909783
11709	0.12000904
11710	0.13151328
11711	0.14361750
11712	0.15640941
11713	0.16973393
11714	0.18375598
11715	0.19820786
11716	0.21313690
11717	0.22853710
11718	0.24445984
11719	0.26087740
11720	0.27706483
11721	0.29362306
11722	0.31299496
11723	0.32809806
11724	0.34753004
11725	0.36748117
11726	0.38844284
11727	0.42016268
11728	0.44256151
11729	0.46385255
11730	0.48643816
11731	0.50946462
11732	0.53306037
11733	0.55735403
11734	0.58247405
11735	0.61513770
11736	0.64052731
11737	0.66562766
11738	0.69200784
11739	0.71872807
11740	0.74432737
11741	0.77081209
11742	0.79694265
11743	0.82474869
11744	0.84925252
11745	0.87255484
11746	0.89395738
11747	0.91460216
11748	0.93372655
11749	0.95120585
11750	0.96664351
11751	0.98042262
11752	0.99205351
11753	1.00133860
11754	1.00816965
11755	1.01267064
11756	1.01494300
11757	1.01522779
11758	1.01366508
11759	1.01024735
11760	1.00509560
11761	0.99828923
11762	0.98992133
11763	0.98022121
11764	0.96859276
11765	0.95611703
11766	0.94230604
11767	0.92452633
11768	0.90643752
11769	0.88911456
11770	0.87275970
11771	0.85627747
11772	0.84075069
11773	0.82584929
11774	0.80992204
11775	0.79251599
11776	0.77465671
11777	0.75684404
11778	0.73841345
11779	0.72013956
11780	0.70163345
11781	0.68316871
11782	0.66472828
11783	0.64621758
11784	0.62767130
11785	0.60936499
11786	0.59110385
11787	0.57291847
11788	0.55318916
11789	0.53456873
11790	0.51588756
11791	0.49732801
11792	0.47873470
11793	0.46090955
11794	0.44233060
11795	0.42440963
11796	0.40651998
11797	0.38834444
11798	0.37029710
11799	0.35246500
11800	0.33479708
11801	0.31748909
11802	0.30033025
11803	0.28393739
11804	0.26752979
11805	0.25157055
11806	0.23577817
11807	0.22019877
11808	0.20426789
11809	0.18942173
11810	0.17521358
11811	0.16155194
11812	0.14761728
11813	0.13373558
11814	0.11891042
11815	0.10351083
11816	0.08857898
11817	0.07489770
11818	0.06189228
11819	0.04931506
11820	0.03725851
11821	0.02625081
11822	0.01598162
11823	0.00643188
11824	-0.00177594
11825	-0.00893770
11826	-0.01462489
11827	-0.01888927
11828	-0.02164803
11829	-0.02294995
11830	-0.02300654
11831	-0.02469143
11832	-0.02367853
11833	-0.02160653
11834	-0.01808340
11835	-0.01378009
11836	-0.00864680
11837	-0.00234746
11838	0.00952236
11839	0.01693888
11840	0.02580649
11841	0.03529998
11842	0.04557470
11843	0.05660868
11844	0.06816754
11845	0.08038127
11846	0.09331807
11847	0.10693071
11848	0.12128770
11849	0.13615203
11850	0.15170328
11851	0.16774097
11852	0.18434799
11853	0.20150438
11854	0.21819562
11855	0.23646885
11856	0.25146961
11857	0.27080581
11858	0.29089734
11859	0.32055816
11860	0.34142080
11861	0.36628485
11862	0.38867691
11863	0.41042858
11864	0.43580770
11865	0.46003240
11866	0.48395386
11867	0.50680131
11868	0.53011489
11869	0.55543476
11870	0.58430099
11871	0.61825371
11872	0.64137667
11873	0.66843718
11874	0.69568193
11875	0.72291672
11876	0.75228286
11877	0.77844608
11878	0.80290818
11879	0.82698631
11880	0.84976757
11881	0.87101424
11882	0.89048982
11883	0.90783298
11884	0.92347723
11885	0.93686712
11886	0.94778991
11887	0.95615029
11888	0.96194828
11889	0.96531713
11890	0.96646208
11891	0.96543050
11892	0.96230650
11893	0.95720130
11894	0.95028454
11895	0.94089872
11896	0.92991078
11897	0.91698176
11898	0.89932835
11899	0.87914985
11900	0.86079067
11901	0.84478927
11902	0.82867432
11903	0.81308228
11904	0.79837322
11905	0.78296322
11906	0.76583850
11907	0.74792707
11908	0.73006111
11909	0.71171743
11910	0.69330281
11911	0.67479616
11912	0.65625155
11913	0.63797802
11914	0.61956286
11915	0.60160381
11916	0.58308834
11917	0.56470418
11918	0.54611325
11919	0.52901357
11920	0.50912762
11921	0.49062470
11922	0.46985635
11923	0.45220610
11924	0.43370545
11925	0.41586041
11926	0.39756921
11927	0.37945607
11928	0.36139745
11929	0.34326580
11930	0.32564405
11931	0.30792767
11932	0.29046902
11933	0.27321365
11934	0.25678608
11935	0.24056096
11936	0.22453620
11937	0.20869848
11938	0.19275464
11939	0.17681991
11940	0.16192025
11941	0.14757460
11942	0.13388580
11943	0.12053429
11944	0.10693692
11945	0.09348522
11946	0.07925503
11947	0.06494479
11948	0.05186253
11949	0.04004405
11950	0.02858813
11951	0.01747529
11952	0.00687822
11953	-0.00282044
11954	-0.01176776
11955	-0.01964695
11956	-0.02672572
11957	-0.03215498
11958	-0.03626525
11959	-0.03998866
11960	-0.04042283
11961	-0.04226238
11962	-0.04177282
11963	-0.04021231
11964	-0.03745238
11965	-0.03357667
11966	-0.02693029
11967	-0.02098896
11968	-0.01384134
11969	-0.00597622
11970	0.00279343
11971	0.01244670
11972	0.02276479
11973	0.03380004
11974	0.04554167
11975	0.05796635
11976	0.07109999
11977	0.08484893
11978	0.09935310
11979	0.11446671
11980	0.12999187
11981	0.14556798
11982	0.16196260
11983	0.17917991
11984	0.19645530
11985	0.21315704
11986	0.23163310
11987	0.25053316
11988	0.26609221
11989	0.28617027
11990	0.30703381
11991	0.32891738
11992	0.36109993
11993	0.38427740
11994	0.40539148
11995	0.42911896
11996	0.45601791
11997	0.48026448
11998	0.44791433
11999	0.47425193
12000	0.50020015