	C:\Users\jkuzm\OneDrive - University of Massachusetts\HRSL x UMILL-PUMA Fatigue - Fatigue\Data\F01\FR3_Metabolic3.c3d
	RCAL1
	TARGET
	ORIGINAL
ITEM	X
1	0.37326071
2	0.37383798
3	0.37434679
4	0.37541565
5	0.37610105
6	0.37600559
7	0.37606791
8	0.37592679
9	0.37562683
10	0.37525228
11	0.37470877
12	0.37399805
13	0.37322104
14	0.37276420
15	0.37209448
16	0.37054113
17	0.36999071
18	0.36893740
19	0.36785579
20	0.36653838
21	0.36439297
22	0.36252800
23	0.36046597
24	0.35818481
25	0.35577980
26	0.35318223
27	0.35060710
28	0.34800366
29	0.34555346
30	0.34304878
31	0.34041750
32	0.33819908
33	0.33634543
34	0.33459151
35	0.33306304
36	0.33167627
37	0.33046916
38	0.32942247
39	0.32870981
40	0.32829872
41	0.32833880
42	0.32861876
43	0.32826841
44	0.32731685
45	0.32670552
46	0.32599959
47	0.32280815
48	0.31853536
49	0.31497473
50	0.31076160
51	0.30635417
52	0.30327243
53	0.30168110
54	0.30074617
55	0.30066031
56	0.30103174
57	0.30171549
58	0.30259195
59	0.30332598
60	0.30400562
61	0.30431354
62	0.30437061
63	0.30614012
64	0.30596691
65	0.30594116
66	0.30639461
67	0.30697277
68	0.30762705
69	0.30725154
70	0.30718088
71	0.30876219
72	0.31077915
73	0.31201547
74	0.31334123
75	0.31476691
76	0.31626922
77	0.31778607
78	0.31908086
79	0.32092911
80	0.32291952
81	0.32500777
82	0.32730243
83	0.32976809
84	0.33253708
85	0.33538565
86	0.33856225
87	0.34200045
88	0.34565097
89	0.34938520
90	0.35294512
91	0.35622340
92	0.35882881
93	0.36089551
94	0.36272556
95	0.36433500
96	0.36571893
97	0.36686763
98	0.36776572
99	0.36837265
100	0.36864942
101	0.36872807
102	0.36870053
103	0.36821425
104	0.36794940
105	0.36755231
106	0.36705872
107	0.36635321
108	0.36549217
109	0.36440337
110	0.36328900
111	0.36179933
112	0.36056396
113	0.35878146
114	0.35736102
115	0.35615495
116	0.35538977
117	0.35496300
118	0.35499540
119	0.35475743
120	0.35612333
121	0.35731956
122	0.35881311
123	0.36057881
124	0.36261317
125	0.36432293
126	0.36645797
127	0.36827570
128	0.36986637
129	0.37114224
130	0.37229666
131	0.37315771
132	0.37385535
133	0.37429109
134	0.37453261
135	0.37467420
136	0.37494782
137	0.37474287
138	0.37433538
139	0.37403467
140	0.37191617
141	0.37281045
142	0.37094241
143	0.36958173
144	0.36808339
145	0.36648557
146	0.36473671
147	0.36300406
148	0.36092779
149	0.35894749
150	0.35692218
151	0.35488129
152	0.35181278
153	0.34946847
154	0.34694090
155	0.34443513
156	0.34197292
157	0.33950466
158	0.33710837
159	0.33474693
160	0.33235472
161	0.32993752
162	0.32830888
163	0.32676309
164	0.32538635
165	0.32434213
166	0.32356444
167	0.32300639
168	0.32260865
169	0.32235253
170	0.32222196
171	0.32231411
172	0.32249060
173	0.32312778
174	0.32358196
175	0.32321551
176	0.32257068
177	0.32169583
178	0.32012674
179	0.31575251
180	0.31225258
181	0.30874515
182	0.30471131
183	0.30118415
184	0.29895121
185	0.29763862
186	0.29693067
187	0.29683334
188	0.29723710
189	0.29791775
190	0.29885706
191	0.29954931
192	0.30009228
193	0.30091786
194	0.30163544
195	0.30143854
196	0.30129048
197	0.30125079
198	0.30174828
199	0.30233964
200	0.30340996
201	0.30284721
202	0.30288503
203	0.30425578
204	0.30649912
205	0.30873764
206	0.31033254
207	0.31190950
208	0.31361166
209	0.31526545
210	0.31688294
211	0.31882089
212	0.32105416
213	0.32350987
214	0.32615411
215	0.32921204
216	0.33239076
217	0.33580199
218	0.33944330
219	0.34339461
220	0.34750152
221	0.35164884
222	0.35565192
223	0.35926181
224	0.36248499
225	0.36515969
226	0.36785832
227	0.37060100
228	0.37331331
229	0.37585539
230	0.37863129
231	0.38004026
232	0.38146678
233	0.38247138
234	0.38310677
235	0.38353667
236	0.38364831
237	0.38338816
238	0.38299486
239	0.38232493
240	0.38135347
241	0.38008887
242	0.37857229
243	0.37682414
244	0.37491956
245	0.37305892
246	0.37132004
247	0.36977467
248	0.36881059
249	0.36761284
250	0.36794129
251	0.36818275
252	0.36885512
253	0.36994109
254	0.37135693
255	0.37320542
256	0.37529808
257	0.37754515
258	0.37984577
259	0.38233504
260	0.38432631
261	0.38605809
262	0.38768673
263	0.38908622
264	0.39021748
265	0.39122087
266	0.39202678
267	0.39266950
268	0.39311337
269	0.39374781
270	0.39380398
271	0.39365730
272	0.39280078
273	0.39428461
274	0.39226303
275	0.39080653
276	0.38948822
277	0.38797992
278	0.38631311
279	0.38433897
280	0.38229501
281	0.38011909
282	0.37774926
283	0.37538871
284	0.37271398
285	0.36986816
286	0.36681220
287	0.36286670
288	0.35945421
289	0.35595280
290	0.35249180
291	0.34913245
292	0.34562522
293	0.34255254
294	0.33961335
295	0.33696648
296	0.33517343
297	0.33343014
298	0.33199859
299	0.33098832
300	0.32965937
301	0.32927349
302	0.32922423
303	0.32937938
304	0.32985908
305	0.33031976
306	0.33137247
307	0.33212107
308	0.33142433
309	0.33068213
310	0.33004326
311	0.32728934
312	0.32316858
313	0.31943682
314	0.31519833
315	0.31058311
316	0.30666006
317	0.30428886
318	0.30293801
319	0.30242255
320	0.30280361
321	0.30376288
322	0.30497506
323	0.30620417
324	0.30707023
325	0.30748898
326	0.30943432
327	0.30924982
328	0.30992305
329	0.30959460
330	0.30960640
331	0.30974039
332	0.31015480
333	0.31046736
334	0.31057534
335	0.31022990
336	0.31161106
337	0.31332678
338	0.31460348
339	0.31601441
340	0.31752726
341	0.31909630
342	0.32084355
343	0.32236543
344	0.32445958
345	0.32678059
346	0.32920048
347	0.33184490
348	0.33470112
349	0.33791810
350	0.34132701
351	0.34505466
352	0.34908852
353	0.35346568
354	0.35784790
355	0.36206847
356	0.36601126
357	0.36925796
358	0.37207407
359	0.37482575
360	0.37748799
361	0.38004562
362	0.38277304
363	0.38406813
364	0.38538250
365	0.38613412
366	0.38651010
367	0.38652518
368	0.38621011
369	0.38568479
370	0.38470307
371	0.38367903
372	0.38235092
373	0.38078478
374	0.37895939
375	0.37692264
376	0.37470013
377	0.37234882
378	0.37002313
379	0.36782986
380	0.36544329
381	0.36446673
382	0.36339268
383	0.36281344
384	0.36267751
385	0.36287543
386	0.36337277
387	0.36429423
388	0.36551777
389	0.36693230
390	0.36853001
391	0.37024233
392	0.37164652
393	0.37296388
394	0.37406594
395	0.37495887
396	0.37568927
397	0.37619635
398	0.37653682
399	0.37681311
400	0.37686986
401	0.37710637
402	0.37688184
403	0.37649351
404	0.37626091
405	0.37712148
406	0.37429586
407	0.37257716
408	0.37101078
409	0.36924484
410	0.36722529
411	0.36502451
412	0.36258733
413	0.35979193
414	0.35678369
415	0.35370791
416	0.35052904
417	0.34718254
418	0.34298512
419	0.33937654
420	0.33576876
421	0.33220875
422	0.32904348
423	0.32579312
424	0.32275093
425	0.31945175
426	0.31713417
427	0.31498984
428	0.31303483
429	0.31077558
430	0.30952173
431	0.30856428
432	0.30789578
433	0.30741060
434	0.30708793
435	0.30692667
436	0.30698040
437	0.30733541
438	0.30769685
439	0.30858737
440	0.30967021
441	0.30993980
442	0.30911544
443	0.30762199
444	0.30626884
445	0.30238044
446	0.29821962
447	0.29375163
448	0.28910768
449	0.28457129
450	0.28118998
451	0.27927804
452	0.27833727
453	0.27821550
454	0.27864927
455	0.27971140
456	0.28102487
457	0.28172451
458	0.28294688
459	0.28314888
460	0.28313038
461	0.28293854
462	0.28362864
463	0.28365642
464	0.28017467
465	0.28205854
466	0.28349176
467	0.28384504
468	0.28472736
469	0.28564531
470	0.28737518
471	0.28872564
472	0.29106864
473	0.29262835
474	0.29430550
475	0.29596889
476	0.29773471
477	0.29922146
478	0.30150113
479	0.30396539
480	0.30658364
481	0.30932799
482	0.31247419
483	0.31594127
484	0.31976601
485	0.32389694
486	0.32836503
487	0.33310035
488	0.33789819
489	0.34253800
490	0.34672284
491	0.35053512
492	0.35399562
493	0.35730091
494	0.36057433
495	0.36371008
496	0.36654070
497	0.36940169
498	0.37166211
499	0.37339294
500	0.37473843
501	0.37567037
502	0.37632638
503	0.37679401
504	0.37673002
505	0.37651947
506	0.37591320
507	0.37517148
508	0.37408271
509	0.37274513
510	0.37117365
511	0.36953703
512	0.36783189
513	0.36598808
514	0.36511764
515	0.36407578
516	0.36347258
517	0.36340412
518	0.36373785
519	0.36448067
520	0.36557984
521	0.36700001
522	0.36880669
523	0.37083676
524	0.37303311
525	0.37511986
526	0.37717378
527	0.37894213
528	0.38057813
529	0.38189900
530	0.38298145
531	0.38392597
532	0.38462174
533	0.38520285
534	0.38584343
535	0.38607290
536	0.38609964
537	0.38646942
538	0.38782343
539	0.38535616
540	0.38376650
541	0.38357100
542	0.38263851
543	0.38124055
544	0.37964860
545	0.37813365
546	0.37655893
547	0.37478757
548	0.37286511
549	0.37069261
550	0.36827502
551	0.36565083
552	0.36267897
553	0.35621443
554	0.35300687
555	0.35122678
556	0.34843451
557	0.34497091
558	0.34108934
559	0.33791405
560	0.33478287
561	0.33101416
562	0.32810891
563	0.32539615
564	0.32319975
565	0.32131296
566	0.31970429
567	0.31835523
568	0.31729871
569	0.31659371
570	0.31622973
571	0.31619111
572	0.31622812
573	0.31617695
574	0.31539398
575	0.31437188
576	0.31350994
577	0.31082705
578	0.30700082
579	0.30343202
580	0.29955852
581	0.29525280
582	0.29185915
583	0.28980067
584	0.28883842
585	0.28853753
586	0.28920636
587	0.29011977
588	0.29107025
589	0.29206058
590	0.29272336
591	0.29351392
592	0.29356843
593	0.29327807
594	0.29287630
595	0.29064158
596	0.29131097
597	0.29139337
598	0.29202130
599	0.29253641
600	0.29329005
601	0.29418564
602	0.29590470
603	0.29726732
604	0.29889265
605	0.30060774
606	0.30241305
607	0.30429372
608	0.30578911
609	0.30827540
610	0.31064069
611	0.31314510
612	0.31575441
613	0.31846800
614	0.32134226
615	0.32475567
616	0.32808185
617	0.33181497
618	0.33581385
619	0.34003377
620	0.34447733
621	0.34914616
622	0.35354111
623	0.35753149
624	0.36086807
625	0.36350930
626	0.36600605
627	0.36812875
628	0.37019941
629	0.37276161
630	0.37418494
631	0.37435192
632	0.37493309
633	0.37532651
634	0.37538508
635	0.37538666
636	0.37500364
637	0.37463120
638	0.37402979
639	0.37325898
640	0.37227148
641	0.37094781
642	0.36971200
643	0.36827722
644	0.36691880
645	0.36575285
646	0.36489931
647	0.36452213
648	0.36450469
649	0.36509871
650	0.36605552
651	0.36670208
652	0.36809564
653	0.36977541
654	0.37163356
655	0.37372929
656	0.37572327
657	0.37765348
658	0.37971202
659	0.38136655
660	0.38280395
661	0.38398296
662	0.38499609
663	0.38586742
664	0.38653094
665	0.38708973
666	0.38754603
667	0.38816077
668	0.38898727
669	0.38869461
670	0.38877183
671	0.38698852
672	0.38708249
673	0.38635868
674	0.38546699
675	0.38442332
676	0.38319287
677	0.38168022
678	0.38003209
679	0.37839514
680	0.37666431
681	0.37475187
682	0.37254670
683	0.36943096
684	0.36714372
685	0.36460185
686	0.36199296
687	0.35963741
688	0.35710621
689	0.35402253
690	0.35198599
691	0.34971580
692	0.34742624
693	0.34465036
694	0.34276813
695	0.34122616
696	0.34002560
697	0.33908787
698	0.33838695
699	0.33787984
700	0.33764353
701	0.33767429
702	0.33805177
703	0.33847833
704	0.33909535
705	0.33876821
706	0.33821499
707	0.33731580
708	0.33591178
709	0.33212683
710	0.32861775
711	0.32500923
712	0.32094374
713	0.31687090
714	0.31406704
715	0.31257066
716	0.31183636
717	0.31183046
718	0.31238914
719	0.31320944
720	0.31479007
721	0.31558293
722	0.31670979
723	0.31704885
724	0.31712854
725	0.31698534
726	0.31676072
727	0.31660876
728	0.31659603
729	0.31565908
730	0.31651267
731	0.31666234
732	0.31763479
733	0.31918800
734	0.32035515
735	0.32171381
736	0.32323816
737	0.32490972
738	0.32721740
739	0.32856992
740	0.33036473
741	0.33258769
742	0.33467427
743	0.33706439
744	0.33953553
745	0.34217933
746	0.34503120
747	0.34823129
748	0.35157058
749	0.35511789
750	0.35911101
751	0.36331323
752	0.36742908
753	0.37147012
754	0.37445620
755	0.37703991
756	0.37921926
757	0.38119897
758	0.38270316
759	0.38435262
760	0.38651302
761	0.38654602
762	0.38707063
763	0.38738793
764	0.38738266
765	0.38727170
766	0.38704312
767	0.38657951
768	0.38590014
769	0.38496765
770	0.38364440
771	0.38219649
772	0.38056928
773	0.37883326
774	0.37703857
775	0.37535945
776	0.37362626
777	0.37315226
778	0.37261951
779	0.37245867
780	0.37262499
781	0.37309659
782	0.37386104
783	0.37459496
784	0.37583670
785	0.37708926
786	0.37862185
787	0.37952766
788	0.38079014
789	0.38146287
790	0.38222247
791	0.38257781
792	0.38266793
793	0.38259917
794	0.38241976
795	0.38213050
796	0.38165501
797	0.38139090
798	0.38119066
799	0.37958407
800	0.37845415
801	0.37737688
802	0.37566689
803	0.37435457
804	0.37308249
805	0.37072703
806	0.36866736
807	0.36666390
808	0.36442667
809	0.36186671
810	0.35889503
811	0.35659114
812	0.35422370
813	0.35200307
814	0.34961072
815	0.34719199
816	0.34471685
817	0.34248471
818	0.34016389
819	0.33746916
820	0.33599225
821	0.33409420
822	0.33219093
823	0.32979995
824	0.32812005
825	0.32657096
826	0.32521424
827	0.32404059
828	0.32293400
829	0.32198873
830	0.32129234
831	0.32086831
832	0.32057863
833	0.32089841
834	0.32132480
835	0.32110211
836	0.32007656
837	0.31851694
838	0.31640932
839	0.31200448
840	0.30808172
841	0.30414891
842	0.29986435
843	0.29569596
844	0.29249087
845	0.29063958
846	0.28980911
847	0.28957114
848	0.29056719
849	0.29137102
850	0.29231197
851	0.29356936
852	0.29424042
853	0.29451668
854	0.29456821
855	0.29448646
856	0.29430905
857	0.29289865
858	0.29308179
859	0.29483008
860	0.29448032
861	0.29515561
862	0.29606199
863	0.29778516
864	0.29916164
865	0.30143461
866	0.30307633
867	0.30470803
868	0.30632934
869	0.30759341
870	0.30948699
871	0.31157804
872	0.31367880
873	0.31604883
874	0.31849471
875	0.32116738
876	0.32427222
877	0.32752374
878	0.33114758
879	0.33505785
880	0.33911604
881	0.34319413
882	0.34708601
883	0.35063580
884	0.35365564
885	0.35606635
886	0.35802570
887	0.35982814
888	0.36133507
889	0.36262372
890	0.36463082
891	0.36531982
892	0.36571681
893	0.36574078
894	0.36543375
895	0.36369407
896	0.36297524
897	0.36204362
898	0.36163017
899	0.35950688
900	0.35779414
901	0.35591656
902	0.35405782
903	0.35169867
904	0.35059324
905	0.34896073
906	0.34771195
907	0.34690490
908	0.34651622
909	0.34644166
910	0.34666160
911	0.34706080
912	0.34791380
913	0.34886402
914	0.34988558
915	0.35098806
916	0.35223481
917	0.35314855
918	0.35391670
919	0.35453078
920	0.35492465
921	0.35519066
922	0.35526133
923	0.35523641
924	0.35512471
925	0.35492176
926	0.35488674
927	0.35467979
928	0.35422665
929	0.35366824
930	0.35194516
931	0.35109717
932	0.34965312
933	0.34833112
934	0.34670833
935	0.34503019
936	0.34348807
937	0.34152690
938	0.33937207
939	0.33724877
940	0.33474356
941	0.33131438
942	0.32804739
943	0.32444099
944	0.32049188
945	0.31622976
946	0.31194460
947	0.30749598
948	0.30297831
949	0.29855308
950	0.29485038
951	0.29092184
952	0.28708521
953	0.28351951
954	0.28045815
955	0.27676758
956	0.27432439
957	0.27187827
958	0.26993349
959	0.26823100
960	0.26683024
961	0.26583079
962	0.26492599
963	0.26477918
964	0.26524559
965	0.26480094
966	0.26384369
967	0.26164725
968	0.25974816
969	0.25531134
970	0.25052267
971	0.24590980
972	0.24069956
973	0.23669799
974	0.23290922
975	0.23099318
976	0.23023556
977	0.23027691
978	0.23083821
979	0.23171422
980	0.23275122
981	0.23243238
982	0.23346247
983	0.23363234
984	0.23351459
985	0.23318909
986	0.23288611
987	0.23264833
988	0.23276404
989	0.23329018
990	0.23364238
991	0.23427351
992	0.23548733
993	0.23719066
994	0.23862304
995	0.24011523
996	0.24183430
997	0.24360381
998	0.24541701
999	0.24691370
1000	0.24956407
1001	0.25191724
1002	0.25425392
1003	0.25688645
1004	0.25966263
1005	0.26262906
1006	0.26605916
1007	0.26950291
1008	0.27323014
1009	0.27735239
1010	0.28176567
1011	0.28642127
1012	0.29115543
1013	0.29564121
1014	0.29966402
1015	0.30306077
1016	0.30606678
1017	0.30879581
1018	0.31104574
1019	0.31350854
1020	0.31548101
1021	0.31710997
1022	0.31836009
1023	0.31925538
1024	0.31984788
1025	0.32022169
1026	0.32038578
1027	0.32042667
1028	0.32014698
1029	0.31976879
1030	0.31913409
1031	0.31825075
1032	0.31713906
1033	0.31582037
1034	0.31439766
1035	0.31298652
1036	0.31150302
1037	0.31054679
1038	0.31058666
1039	0.31069306
1040	0.31123570
1041	0.31206119
1042	0.31316596
1043	0.31458777
1044	0.31621727
1045	0.31811732
1046	0.32002899
1047	0.32219660
1048	0.32404640
1049	0.32567134
1050	0.32710347
1051	0.32833746
1052	0.32933277
1053	0.33012444
1054	0.33078936
1055	0.33128676
1056	0.33165362
1057	0.33225542
1058	0.33298621
1059	0.33292928
1060	0.33215046
1061	0.33166453
1062	0.33082801
1063	0.33049309
1064	0.32988915
1065	0.32905179
1066	0.32800585
1067	0.32677612
1068	0.32532007
1069	0.32363808
1070	0.32173058
1071	0.31959793
1072	0.31639066
1073	0.31366801
1074	0.31071189
1075	0.30743384
1076	0.30402589
1077	0.30053467
1078	0.29716176
1079	0.29417768
1080	0.29105514
1081	0.28727990
1082	0.28441650
1083	0.28153434
1084	0.27934754
1085	0.27732924
1086	0.27552846
1087	0.27403826
1088	0.27268156
1089	0.27154106
1090	0.27053297
1091	0.27009580
1092	0.26978698
1093	0.26985872
1094	0.27027056
1095	0.27027330
1096	0.26965064
1097	0.26803425
1098	0.26663890
1099	0.26282531
1100	0.25827926
1101	0.25393942
1102	0.24943635
1103	0.24522811
1104	0.24229865
1105	0.24056685
1106	0.23968376
1107	0.23945679
1108	0.23979440
1109	0.24037144
1110	0.24088219
1111	0.24193749
1112	0.24251036
1113	0.24124342
1114	0.24174711
1115	0.24130388
1116	0.24106714
1117	0.24075323
1118	0.24061494
1119	0.24083644
1120	0.24158043
1121	0.24205722
1122	0.24238856
1123	0.24351813
1124	0.24536261
1125	0.24677746
1126	0.24823573
1127	0.24997234
1128	0.25253710
1129	0.25435019
1130	0.25560760
1131	0.25758505
1132	0.25971273
1133	0.26185164
1134	0.26420930
1135	0.26661515
1136	0.26923645
1137	0.27198714
1138	0.27508688
1139	0.27840176
1140	0.28208953
1141	0.28602365
1142	0.29008090
1143	0.29409629
1144	0.29788277
1145	0.30113435
1146	0.30392072
1147	0.30648163
1148	0.30876693
1149	0.31100112
1150	0.31300312
1151	0.31487790
1152	0.31644350
1153	0.31773818
1154	0.31870899
1155	0.31948328
1156	0.31996530
1157	0.32029682
1158	0.32040530
1159	0.32012182
1160	0.31965750
1161	0.31887275
1162	0.31782368
1163	0.31648019
1164	0.31494489
1165	0.31338397
1166	0.31192589
1167	0.31020147
1168	0.31030759
1169	0.31019533
1170	0.31036389
1171	0.31088293
1172	0.31170234
1173	0.31282908
1174	0.31422597
1175	0.31574479
1176	0.31731585
1177	0.31922761
1178	0.32077923
1179	0.32220614
1180	0.32336882
1181	0.32438585
1182	0.32511789
1183	0.32566941
1184	0.32610974
1185	0.32635549
1186	0.32645935
1187	0.32642388
1188	0.32652798
1189	0.32668835
1190	0.32548183
1191	0.32464579
1192	0.32337412
1193	0.32205001
1194	0.32105660
1195	0.31980684
1196	0.31858715
1197	0.31682354
1198	0.31499508
1199	0.31219414
1200	0.30956298
1201	0.30720103
1202	0.30515617
1203	0.30240759
1204	0.29995197
1205	0.29737052
1206	0.29509088
1207	0.29225054
1208	0.29113060
1209	0.28944278
1210	0.28822750
1211	0.28734735
1212	0.28662226
1213	0.28661281
1214	0.28668082
1215	0.28699619
1216	0.28740156
1217	0.28780082
1218	0.28825432
1219	0.28903124
1220	0.28986084
1221	0.29099527
1222	0.29252720
1223	0.29450113
1224	0.29684114
1225	0.29920599
1226	0.30020833
1227	0.30059588
1228	0.30019388
1229	0.29944921
1230	0.29636818
1231	0.29273885
1232	0.28916633
1233	0.28512013
1234	0.28077951
1235	0.27755043
1236	0.27509278
1237	0.27402091
1238	0.27369657
1239	0.27393499
1240	0.27552971
1241	0.27654740
1242	0.27750188
1243	0.27821538
1244	0.27855664
1245	0.27953374
1246	0.28009972
1247	0.27973557
1248	0.27950153
1249	0.27784112
1250	0.27786660
1251	0.27860543
1252	0.27939636
1253	0.27988109
1254	0.28091761
1255	0.28208181
1256	0.28392014
1257	0.28531325
1258	0.28693894
1259	0.28862181
1260	0.29035601
1261	0.29185429
1262	0.29380643
1263	0.29593143
1264	0.29816660
1265	0.30050758
1266	0.30325952
1267	0.30632639
1268	0.30977604
1269	0.31347254
1270	0.31751582
1271	0.32173768
1272	0.32608578
1273	0.33033666
1274	0.33419368
1275	0.33751887
1276	0.34020838
1277	0.34253782
1278	0.34457496
1279	0.34623563
1280	0.34826809
1281	0.34955740
1282	0.35039538
1283	0.35072851
1284	0.35070702
1285	0.35024881
1286	0.34957474
1287	0.34866497
1288	0.34745726
1289	0.34613329
1290	0.34465545
1291	0.34295151
1292	0.34106106
1293	0.33909205
1294	0.33674937
1295	0.33460680
1296	0.33258769
1297	0.33066514
1298	0.32905820
1299	0.32765120
1300	0.32760653
1301	0.32773533
1302	0.32835382
1303	0.32932013
1304	0.33064252
1305	0.33222806
1306	0.33414787
1307	0.33618453
1308	0.33843023
1309	0.34042186
1310	0.34215322
1311	0.34376433
1312	0.34506485
1313	0.34609953
1314	0.34692496
1315	0.34755063
1316	0.34795189
1317	0.34816852
1318	0.34847167
1319	0.34882304
1320	0.34846804
1321	0.34715360
1322	0.34636131
1323	0.34504011
1324	0.34334803
1325	0.34264094
1326	0.34081197
1327	0.33882114
1328	0.33688346
1329	0.33489299
1330	0.33274391
1331	0.33036226
1332	0.32792452
1333	0.32450831
1334	0.32200983
1335	0.31953642
1336	0.31700826
1337	0.31446883
1338	0.31195205
1339	0.30963445
1340	0.30696806
1341	0.30521604
1342	0.30339912
1343	0.30181530
1344	0.30039871
1345	0.29935250
1346	0.29909700
1347	0.29863203
1348	0.29849172
1349	0.29747236
1350	0.29742578
1351	0.29743022
1352	0.29751736
1353	0.29775169
1354	0.29815161
1355	0.29854259
1356	0.29948667
1357	0.30064276
1358	0.30200717
1359	0.30284914
1360	0.30239978
1361	0.30107525
1362	0.30014548
1363	0.29693168
1364	0.29287437
1365	0.28867066
1366	0.28414834
1367	0.27909151
1368	0.27486628
1369	0.27253953
1370	0.27109128
1371	0.27034834
1372	0.27049986
1373	0.27128425
1374	0.27244771
1375	0.27375206
1376	0.27414021
1377	0.27548513
1378	0.27380425
1379	0.27442336
1380	0.27439076
1381	0.27452037
1382	0.27476865
1383	0.27530378
1384	0.27672517
1385	0.27722603
1386	0.27893496
1387	0.28018343
1388	0.28232136
1389	0.28380030
1390	0.28539100
1391	0.28700718
1392	0.28834686
1393	0.28995684
1394	0.29137573
1395	0.29326770
1396	0.29519856
1397	0.29694897
1398	0.29911998
1399	0.30143589
1400	0.30404019
1401	0.30695805
1402	0.30995172
1403	0.31330207
1404	0.31691280
1405	0.32062465
1406	0.32421777
1407	0.32734987
1408	0.32998118
1409	0.33222240
1410	0.33431667
1411	0.33642945
1412	0.33844146
1413	0.34016642
1414	0.34189132
1415	0.34314996
1416	0.34517014
1417	0.34479821
1418	0.34526417
1419	0.34562767
1420	0.34594840
1421	0.34597334
1422	0.34602538
1423	0.34592447
1424	0.34566078
1425	0.34517774
1426	0.34448722
1427	0.34355423
1428	0.34247759
1429	0.34124741
1430	0.34006748
1431	0.33897558
1432	0.33814135
1433	0.33770591
1434	0.33826411
1435	0.33834288
1436	0.33930030
1437	0.34058669
1438	0.34228316
1439	0.34431243
1440	0.34667236
1441	0.34914273
1442	0.35172811
1443	0.35427403
1444	0.35685664
1445	0.35921165
1446	0.36159894
1447	0.36347067
1448	0.36490527
1449	0.36625224
1450	0.36739427
1451	0.36829168
1452	0.36911219
1453	0.36999688
1454	0.37040380
1455	0.37035936
1456	0.37042403
1457	0.37024015
1458	0.37064004
1459	0.37039986
1460	0.37052897
1461	0.36981252
1462	0.36923072
1463	0.36817455
1464	0.36683229
1465	0.36541951
1466	0.36375123
1467	0.36177573
1468	0.35944131
1469	0.35676727
1470	0.35383764
1471	0.35067990
1472	0.34725276
1473	0.34301406
1474	0.33922848
1475	0.33550939
1476	0.33124936
1477	0.32790321
1478	0.32450309
1479	0.32143381
1480	0.31944972
1481	0.31643283
1482	0.31474870
1483	0.31341392
1484	0.31242612
1485	0.31176931
1486	0.31119514
1487	0.31110594
1488	0.31128338
1489	0.31187320
1490	0.31220144
1491	0.31224394
1492	0.31163162
1493	0.31108886
1494	0.31004813
1495	0.30620962
1496	0.30234051
1497	0.29870218
1498	0.29437593
1499	0.28938630
1500	0.28591645
1501	0.28398168
1502	0.28330469
1503	0.28292906
1504	0.28331107
1505	0.28421456
1506	0.28525609
1507	0.28622136
1508	0.28681588
1509	0.28760475
1510	0.28771374
1511	0.28649440
1512	0.28654423
1513	0.28673881
1514	0.28721756
1515	0.28794128
1516	0.28895697
1517	0.28993607
1518	0.29134038
1519	0.29279128
1520	0.29308096
1521	0.29624972
1522	0.29775289
1523	0.29898313
1524	0.30060861
1525	0.30254543
1526	0.30389652
1527	0.30578479
1528	0.30775866
1529	0.30986482
1530	0.31213215
1531	0.31460348
1532	0.31748778
1533	0.32049793
1534	0.32378778
1535	0.32755926
1536	0.33149132
1537	0.33554116
1538	0.33953199
1539	0.34326792
1540	0.34644508
1541	0.34912783
1542	0.35158971
1543	0.35384050
1544	0.35571724
1545	0.35739443
1546	0.35874021
1547	0.35971853
1548	0.36051115
1549	0.36081368
1550	0.36073491
1551	0.36036971
1552	0.35984316
1553	0.35919523
1554	0.35825366
1555	0.35706308
1556	0.35550410
1557	0.35382256
1558	0.35195202
1559	0.34986931
1560	0.34784642
1561	0.34585422
1562	0.34410745
1563	0.34243923
1564	0.34218758
1565	0.34175146
1566	0.34166750
1567	0.34189865
1568	0.34238836
1569	0.34319797
1570	0.34430274
1571	0.34552661
1572	0.34696802
1573	0.34837738
1574	0.34995255
1575	0.35108793
1576	0.35209551
1577	0.35288516
1578	0.35352311
1579	0.35396048
1580	0.35435736
1581	0.35464102
1582	0.35479259
1583	0.35484821
1584	0.35510224
1585	0.35538653
1586	0.35430366
1587	0.35363942
1588	0.35230654
1589	0.35155317
1590	0.35046327
1591	0.34921113
1592	0.34797105
1593	0.34566218
1594	0.34427497
1595	0.34228578
1596	0.34012970
1597	0.33770913
1598	0.33500662
1599	0.33200419
1600	0.32851952
1601	0.32414952
1602	0.32043034
1603	0.31656882
1604	0.31325254
1605	0.30946121
1606	0.30583516
1607	0.30150908
1608	0.29864961
1609	0.29547414
1610	0.29246628
1611	0.28987217
1612	0.28668028
1613	0.28441671
1614	0.28231701
1615	0.28058571
1616	0.27904153
1617	0.27766293
1618	0.27646542
1619	0.27553219
1620	0.27447686
1621	0.27390841
1622	0.27294266
1623	0.27147204
1624	0.26926455
1625	0.26745591
1626	0.26450583
1627	0.26017064
1628	0.25583771
1629	0.25172725
1630	0.24804553
1631	0.24464186
1632	0.24277020
1633	0.24190891
1634	0.24165981
1635	0.24175605
1636	0.24188496
1637	0.24206437
1638	0.24129480
1639	0.24142201
1640	0.24136913
1641	0.24123843
1642	0.24082009
1643	0.24095340
1644	0.24143611
1645	0.24208248
1646	0.24302794
1647	0.24408774
1648	0.24535023
1649	0.24642386
1650	0.24748154
1651	0.24916749
1652	0.25060067
1653	0.25209454
1654	0.25372824
1655	0.25559893
1656	0.25753200
1657	0.25893810
1658	0.26122582
1659	0.26361519
1660	0.26628625
1661	0.26909664
1662	0.27218488
1663	0.27548963
1664	0.27925047
1665	0.28405297
1666	0.28790990
1667	0.29331380
1668	0.29819793
1669	0.30316150
1670	0.30804491
1671	0.31250688
1672	0.31635347
1673	0.31973955
1674	0.32293433
1675	0.32588863
1676	0.32863832
1677	0.33122805
1678	0.33349738
1679	0.33540606
1680	0.33689189
1681	0.33800811
1682	0.33856434
1683	0.33917111
1684	0.33926818
1685	0.33893397
1686	0.33823973
1687	0.33727545
1688	0.33593637
1689	0.33421192
1690	0.33222222
1691	0.32993349
1692	0.32750517
1693	0.32508275
1694	0.32276481
1695	0.32074392
1696	0.31909385
1697	0.31793022
1698	0.31669351
1699	0.31750351
1700	0.31790656
1701	0.31875166
1702	0.31993625
1703	0.32177454
1704	0.32363042
1705	0.32574815
1706	0.32806173
1707	0.33006024
1708	0.33189285
1709	0.33339792
1710	0.33487755
1711	0.33615416
1712	0.33725527
1713	0.33827347
1714	0.33918363
1715	0.34005898
1716	0.34100506
1717	0.34185398
1718	0.34266794
1719	0.34261724
1720	0.34209597
1721	0.34288144
1722	0.34121448
1723	0.34088376
1724	0.33988890
1725	0.33860999
1726	0.33742708
1727	0.33546475
1728	0.33483651
1729	0.33271235
1730	0.32990247
1731	0.32735923
1732	0.32465053
1733	0.32170892
1734	0.31765577
1735	0.31429884
1736	0.31092116
1737	0.30739418
1738	0.30407450
1739	0.30088091
1740	0.29779661
1741	0.29515174
1742	0.29283410
1743	0.29078978
1744	0.28909433
1745	0.28773987
1746	0.28680542
1747	0.28615910
1748	0.28571349
1749	0.28551787
1750	0.28550246
1751	0.28572524
1752	0.28606433
1753	0.28645921
1754	0.28679526
1755	0.28608060
1756	0.28534469
1757	0.28421000
1758	0.28268555
1759	0.27870363
1760	0.27473176
1761	0.27107003
1762	0.26753277
1763	0.26374981
1764	0.26137120
1765	0.26028100
1766	0.25967586
1767	0.25964025
1768	0.25993973
1769	0.26045379
1770	0.26096401
1771	0.26049858
1772	0.26106545
1773	0.26100263
1774	0.26083744
1775	0.26052937
1776	0.26028475
1777	0.26025090
1778	0.26047686
1779	0.26101613
1780	0.26180357
1781	0.26251465
1782	0.26323351
1783	0.26411155
1784	0.26526138
1785	0.26701927
1786	0.26839924
1787	0.26985356
1788	0.27145991
1789	0.27396393
1790	0.27576712
1791	0.27702519
1792	0.27927515
1793	0.28159022
1794	0.28404951
1795	0.28665331
1796	0.28964564
1797	0.29306176
1798	0.29662907
1799	0.30040058
1800	0.30447614
1801	0.30851829
1802	0.31264853
1803	0.31680292
1804	0.32051456
1805	0.32373655
1806	0.32680273
1807	0.32965794
1808	0.33274421
1809	0.33581087
1810	0.33883461
1811	0.34170407
1812	0.34416413
1813	0.34640729
1814	0.34826100
1815	0.34996307
1816	0.35139617
1817	0.35248223
1818	0.35320798
1819	0.35369420
1820	0.35373396
1821	0.35343623
1822	0.35273203
1823	0.35168898
1824	0.35036734
1825	0.34875301
1826	0.34738106
1827	0.34605107
1828	0.34500602
1829	0.34434199
1830	0.34384462
1831	0.34451255
1832	0.34508350
1833	0.34630743
1834	0.34700614
1835	0.34861293
1836	0.35033339
1837	0.35249567
1838	0.35445416
1839	0.35634840
1840	0.35828295
1841	0.36018643
1842	0.36206332
1843	0.36392027
1844	0.36574131
1845	0.36756387
1846	0.36933100
1847	0.37104756
1848	0.37265298
1849	0.37444639
1850	0.37575909
1851	0.37682119
1852	0.37665969
1853	0.37846389
1854	0.37901333
1855	0.38039321
1856	0.37982681
1857	0.38000092
1858	0.37996799
1859	0.37902322
1860	0.37772909
1861	0.37664798
1862	0.37527180
1863	0.37368584
1864	0.37199351
1865	0.37001440
1866	0.36706874
1867	0.36493433
1868	0.36277616
1869	0.36038485
1870	0.35810992
1871	0.35551500
1872	0.35422522
1873	0.35241252
1874	0.35077330
1875	0.34924489
1876	0.34728244
1877	0.34717453
1878	0.34581393
1879	0.34527534
1880	0.34510481
1881	0.34517211
1882	0.34551901
1883	0.34615952
1884	0.34691638
1885	0.34798828
1886	0.34830785
1887	0.34781036
1888	0.34732842
1889	0.34685573
1890	0.34415278
1891	0.34019578
1892	0.33734196
1893	0.33421916
1894	0.33045077
1895	0.32745478
1896	0.32574093
1897	0.32475704
1898	0.32434353
1899	0.32453007
1900	0.32505438
1901	0.32639894
1902	0.32733971
1903	0.32794300
1904	0.32871398
1905	0.32877648
1906	0.32870311
1907	0.32862076
1908	0.32855722
1909	0.32862860
1910	0.32904088
1911	0.32931092
1912	0.32919347
1913	0.33010495
1914	0.33178017
1915	0.33378914
1916	0.33527774
1917	0.33673367
1918	0.33834645
1919	0.34013730
1920	0.34200063
1921	0.34367040
1922	0.34595487
1923	0.34834462
1924	0.35088155
1925	0.35344639
1926	0.35637528
1927	0.35946161
1928	0.36274630
1929	0.36638165
1930	0.37047181
1931	0.37497592
1932	0.37985092
1933	0.38495761
1934	0.38992187
1935	0.39449242
1936	0.39852822
1937	0.40198773
1938	0.40497422
1939	0.40758559
1940	0.40988180
1941	0.41193566
1942	0.41319242
1943	0.41437033
1944	0.41458017
1945	0.41466925
1946	0.41444010
1947	0.41396803
1948	0.41332102
1949	0.41252765
1950	0.41175210
1951	0.41059053
1952	0.40924075
1953	0.40773809
1954	0.40591466
1955	0.40431538
1956	0.40292004
1957	0.40166369
1958	0.40076452
1959	0.40062755
1960	0.40074572
1961	0.40120351
1962	0.40196419
1963	0.40294963
1964	0.40409249
1965	0.40565449
1966	0.40739900
1967	0.40921327
1968	0.41130203
1969	0.41299367
1970	0.41459993
1971	0.41602114
1972	0.41719526
1973	0.41812852
1974	0.41883162
1975	0.41937730
1976	0.41971660
1977	0.41990966
1978	0.41990545
1979	0.42008671
1980	0.42016596
1981	0.41960964
1982	0.41888356
1983	0.41956893
1984	0.41696352
1985	0.41401067
1986	0.41219291
1987	0.40994039
1988	0.40741172
1989	0.40470928
1990	0.40160665
1991	0.39879742
1992	0.39541876
1993	0.39220819
1994	0.38893411
1995	0.38541046
1996	0.38102499
1997	0.37750116
1998	0.37378919
1999	0.37014893
2000	0.36641106
2001	0.36319533
2002	0.36009324
2003	0.35723051
2004	0.35461923
2005	0.35242417
2006	0.35059172
2007	0.34919170
2008	0.34815362
2009	0.34736720
2010	0.34680560
2011	0.34636921
2012	0.34609497
2013	0.34601405
2014	0.34624520
2015	0.34696990
2016	0.34810516
2017	0.34898487
2018	0.34904236
2019	0.34852862
2020	0.34786609
2021	0.34520385
2022	0.34115791
2023	0.33717331
2024	0.33318853
2025	0.32873255
2026	0.32473281
2027	0.32221794
2028	0.32068306
2029	0.31987673
2030	0.31986764
2031	0.32038480
2032	0.32134581
2033	0.32241386
2034	0.32372120
2035	0.32483298
2036	0.32516626
2037	0.32524064
2038	0.32530743
2039	0.32535666
2040	0.32554418
2041	0.32595757
2042	0.32666963
2043	0.32672265
2044	0.32699296
2045	0.32794997
2046	0.32918322
2047	0.33137819
2048	0.33284876
2049	0.33510897
2050	0.33682197
2051	0.33846286
2052	0.34012163
2053	0.34131464
2054	0.34331706
2055	0.34558839
2056	0.34788054
2057	0.35082972
2058	0.35359961
2059	0.35677841
2060	0.36012629
2061	0.36378378
2062	0.36763638
2063	0.37159106
2064	0.37555027
2065	0.37918985
2066	0.38237917
2067	0.38578600
2068	0.38811165
2069	0.39034119
2070	0.39167452
2071	0.39337420
2072	0.39494076
2073	0.39607212
2074	0.39678067
2075	0.39706209
2076	0.39699778
2077	0.39669776
2078	0.39614683
2079	0.39543048
2080	0.39450622
2081	0.39355919
2082	0.39213878
2083	0.39023468
2084	0.38838181
2085	0.38634008
2086	0.38398042
2087	0.38186511
2088	0.37988204
2089	0.37825641
2090	0.37708327
2091	0.37595803
2092	0.37644225
2093	0.37668115
2094	0.37687173
2095	0.37762007
2096	0.37865826
2097	0.37993830
2098	0.38141942
2099	0.38287875
2100	0.38427112
2101	0.38579080
2102	0.38716596
2103	0.38818133
2104	0.38898268
2105	0.38963470
2106	0.39017832
2107	0.39064190
2108	0.39103052
2109	0.39170736
2110	0.39203697
2111	0.39226261
2112	0.39207739
2113	0.39195421
2114	0.39194530
2115	0.39082968
2116	0.39010757
2117	0.38954610
2118	0.38908249
2119	0.38781521
2120	0.38644478
2121	0.38494769
2122	0.38242570
2123	0.37976378
2124	0.37698275
2125	0.37351212
2126	0.36991739
2127	0.36567751
2128	0.36163539
2129	0.35741487
2130	0.35313198
2131	0.34824243
2132	0.34471667
2133	0.33976528
2134	0.33551294
2135	0.33153027
2136	0.32786608
2137	0.32465872
2138	0.32200161
2139	0.31987873
2140	0.31822085
2141	0.31697491
2142	0.31609911
2143	0.31565613
2144	0.31562531
2145	0.31599623
2146	0.31676197
2147	0.31754827
2148	0.31939241
2149	0.31963012
2150	0.31925857
2151	0.31776214
2152	0.31602061
2153	0.31180984
2154	0.30706355
2155	0.30212992
2156	0.29658207
2157	0.29116642
2158	0.28763559
2159	0.28560817
2160	0.28469494
2161	0.28473303
2162	0.28516883
2163	0.28654388
2164	0.28750855
2165	0.28836548
2166	0.28871107
2167	0.28932899
2168	0.28913927
2169	0.28964931
2170	0.28935379
2171	0.28925112
2172	0.28677064
2173	0.28763431
2174	0.28856394
2175	0.28947502
2176	0.29049444
2177	0.29164043
2178	0.29353324
2179	0.29507175
2180	0.29670244
2181	0.29914412
2182	0.30096841
2183	0.30287582
2184	0.30409816
2185	0.30632377
2186	0.30877995
2187	0.31139454
2188	0.31416073
2189	0.31729987
2190	0.32082859
2191	0.32483137
2192	0.32890731
2193	0.33325428
2194	0.33788472
2195	0.34277305
2196	0.34759235
2197	0.35217774
2198	0.35641760
2199	0.36021078
2200	0.36381802
2201	0.36738867
2202	0.37088710
2203	0.37477884
2204	0.37813756
2205	0.38085213
2206	0.38353139
2207	0.38568807
2208	0.38746879
2209	0.38895118
2210	0.39003381
2211	0.39063329
2212	0.39107788
2213	0.39107302
2214	0.39063510
2215	0.39001071
2216	0.38910195
2217	0.38797280
2218	0.38667017
2219	0.38544074
2220	0.38435069
2221	0.38350624
2222	0.38299182
2223	0.38212332
2224	0.38328516
2225	0.38405949
2226	0.38519382
2227	0.38669091
2228	0.38854438
2229	0.39072323
2230	0.39322525
2231	0.39545777
2232	0.39823005
2233	0.40100929
2234	0.40346044
2235	0.40571445
2236	0.40786481
2237	0.40982509
2238	0.41158015
2239	0.41323671
2240	0.41472062
2241	0.41634613
2242	0.41741633
2243	0.41840383
2244	0.41936329
2245	0.42129594
2246	0.42063075
2247	0.41965336
2248	0.41937479
2249	0.41858837
2250	0.41760358
2251	0.41638422
2252	0.41487315
2253	0.41309634
2254	0.41107956
2255	0.40894541
2256	0.40667310
2257	0.40438959
2258	0.40188918
2259	0.39926565
2260	0.39629161
2261	0.39060774
2262	0.38940474
2263	0.38668358
2264	0.38420606
2265	0.38207221
2266	0.37997824
2267	0.37817341
2268	0.37658352
2269	0.37456954
2270	0.37334901
2271	0.37255907
2272	0.37181166
2273	0.37104109
2274	0.37029448
2275	0.36965200
2276	0.36921176
2277	0.36901712
2278	0.36887759
2279	0.36947089
2280	0.37024099
2281	0.36959544
2282	0.36903000
2283	0.36807397
2284	0.36715546
2285	0.36319974
2286	0.35943216
2287	0.35572255
2288	0.35167921
2289	0.34766215
2290	0.34488425
2291	0.34327030
2292	0.34228238
2293	0.34211844
2294	0.34251338
2295	0.34325570
2296	0.34421143
2297	0.34505093
2298	0.34514463
2299	0.34574196
2300	0.34577990
2301	0.34684944
2302	0.34692559
2303	0.34808049
2304	0.34857628
2305	0.34996632
2306	0.35060713
2307	0.35076728
2308	0.35150155
2309	0.35272351
2310	0.35399348
2311	0.35526541
2312	0.35647348
2313	0.35802290
2314	0.35992470
2315	0.36159429
2316	0.36298630
2317	0.36518160
2318	0.36735091
2319	0.36965832
2320	0.37200660
2321	0.37467337
2322	0.37757915
2323	0.38112116
2324	0.38441637
2325	0.38830894
2326	0.39245793
2327	0.39684862
2328	0.40115756
2329	0.40494120
2330	0.40777424
2331	0.41068301
2332	0.41279179
2333	0.41582796
2334	0.41727647
2335	0.41973186
2336	0.42127863
2337	0.42183372
2338	0.42264569
2339	0.42315790
2340	0.42341325
2341	0.42350730
2342	0.42315924
2343	0.42280090
2344	0.42210239
2345	0.42105290
2346	0.41986930
2347	0.41840237
2348	0.41668642
2349	0.41473031
2350	0.41277388
2351	0.41075814
2352	0.40884161
2353	0.40722749
2354	0.40594313
2355	0.40507010
2356	0.40515214
2357	0.40546745
2358	0.40615720
2359	0.40731749
2360	0.40888226
2361	0.41079691
2362	0.41295105
2363	0.41509265
2364	0.41710386
2365	0.41940960
2366	0.42115197
2367	0.42236632
2368	0.42377362
2369	0.42466629
2370	0.42536828
2371	0.42590436
2372	0.42635787
2373	0.42678115
2374	0.42744952
2375	0.42774892
2376	0.42757022
2377	0.42810187
2378	0.42707524
2379	0.42991397
2380	0.42854136
2381	0.42789918
2382	0.42753753
2383	0.42682490
2384	0.42600423
2385	0.42492980
2386	0.42337266
2387	0.42143741
2388	0.41922846
2389	0.41675362
2390	0.41398355
2391	0.41100955
2392	0.40766329
2393	0.40401849
2394	0.39700484
2395	0.39475265
2396	0.39075634
2397	0.38640633
2398	0.38292232
2399	0.37976947
2400	0.37633470
2401	0.37318382
2402	0.36969265
2403	0.36704952
2404	0.36468092
2405	0.36270282
2406	0.36096600
2407	0.35942823
2408	0.35812494
2409	0.35711384
2410	0.35649604
2411	0.35626161
2412	0.35650769
2413	0.35660225
2414	0.35604447
2415	0.35532221
2416	0.35431215
2417	0.35252944
2418	0.34849197
2419	0.34443972
2420	0.34064096
2421	0.33678660
2422	0.33312750
2423	0.33062726
2424	0.32931510
2425	0.32883859
2426	0.32906523
2427	0.32978326
2428	0.33069816
2429	0.33166307
2430	0.33258909
2431	0.33317780
2432	0.33342159
2433	0.33437964
2434	0.33416712
2435	0.33399066
2436	0.33485654
2437	0.33522692
2438	0.33569202
2439	0.33656779
2440	0.33713806
2441	0.33699113
2442	0.33558962
2443	0.33631918
2444	0.34052205
2445	0.34202433
2446	0.34365678
2447	0.34622517
2448	0.34792838
2449	0.34871429
2450	0.35099727
2451	0.35295919
2452	0.35504773
2453	0.35728273
2454	0.35964301
2455	0.36225957
2456	0.36485443
2457	0.36766759
2458	0.37074375
2459	0.37404752
2460	0.37772149
2461	0.38146886
2462	0.38511181
2463	0.38872296
2464	0.39122364
2465	0.39363101
2466	0.39657989
2467	0.39862204
2468	0.40049174
2469	0.40198511
2470	0.40224406
2471	0.40285102
2472	0.40299505
2473	0.40280667
2474	0.40234911
2475	0.40169933
2476	0.40097064
2477	0.40002212
2478	0.39896458
2479	0.39768732
2480	0.39605367
2481	0.39436778
2482	0.39260787
2483	0.39066362
2484	0.38875437
2485	0.38688487
2486	0.38517427
2487	0.38381836
2488	0.38272297
2489	0.38256285
2490	0.38246569
2491	0.38263294
2492	0.38311079
2493	0.38388139
2494	0.38462529
2495	0.38585851
2496	0.38702440
2497	0.38846076
2498	0.38929364
2499	0.39050809
2500	0.39093128
2501	0.39170587
2502	0.39195955
2503	0.39201480
2504	0.39191863
2505	0.39171484
2506	0.39140347
2507	0.39096063
2508	0.39083028
2509	0.39013124
2510	0.38972595
2511	0.38855523
2512	0.38644153
2513	0.38573965
2514	0.38406318
2515	0.38230127
2516	0.38018146
2517	0.37783432
2518	0.37548456
2519	0.37297979
2520	0.37016752
2521	0.36723053
2522	0.36419007
2523	0.36104593
2524	0.35773513
2525	0.35344878
2526	0.34999567
2527	0.34437829
2528	0.34289628
2529	0.33993223
2530	0.33801445
2531	0.33583033
2532	0.33395338
2533	0.33232343
2534	0.33103663
2535	0.32925612
2536	0.32847857
2537	0.32789806
2538	0.32753402
2539	0.32741323
2540	0.32754484
2541	0.32804790
2542	0.32896331
2543	0.33006099
2544	0.33049175
2545	0.33020869
2546	0.32976303
2547	0.32929724
2548	0.32647702
2549	0.32256144
2550	0.31886512
2551	0.31490260
2552	0.31081238
2553	0.30719095
2554	0.30502009
2555	0.30384371
2556	0.30328593
2557	0.30341557
2558	0.30412605
2559	0.30500260
2560	0.30654585
2561	0.30728242
2562	0.30803502
2563	0.30817392
2564	0.30815277
2565	0.30807072
2566	0.30811700
2567	0.30831790
2568	0.30884647
2569	0.30809715
2570	0.30950573
2571	0.31071034
2572	0.31184986
2573	0.31320152
2574	0.31458360
2575	0.31743193
2576	0.31899682
2577	0.32013693
2578	0.32210609
2579	0.32373178
2580	0.32544798
2581	0.32688564
2582	0.32897556
2583	0.33124256
2584	0.33357909
2585	0.33627415
2586	0.33940455
2587	0.34281492
2588	0.34642622
2589	0.35023922
2590	0.35419375
2591	0.35804895
2592	0.36177114
2593	0.36503926
2594	0.36787140
2595	0.37041652
2596	0.37373650
2597	0.37605298
2598	0.37867430
2599	0.38091740
2600	0.38202968
2601	0.38348648
2602	0.38443479
2603	0.38487783
2604	0.38487235
2605	0.38443255
2606	0.38360283
2607	0.38255581
2608	0.38117409
2609	0.37943631
2610	0.37753904
2611	0.37538457
2612	0.37306485
2613	0.37056029
2614	0.36811969
2615	0.36572704
2616	0.36349672
2617	0.36196792
2618	0.35990018
2619	0.35979050
2620	0.35958353
2621	0.35975459
2622	0.36022362
2623	0.36100826
2624	0.36220708
2625	0.36367038
2626	0.36546856
2627	0.36700296
2628	0.36888254
2629	0.37037697
2630	0.37171954
2631	0.37275884
2632	0.37373999
2633	0.37452289
2634	0.37528697
2635	0.37583095
2636	0.37636942
2637	0.37682095
2638	0.37742943
2639	0.37764189
2640	0.37794566
2641	0.37778312
2642	0.37792400
2643	0.37703517
2644	0.37648711
2645	0.37576795
2646	0.37489739
2647	0.37365061
2648	0.37246120
2649	0.37082332
2650	0.36882314
2651	0.36659494
2652	0.36427304
2653	0.36177453
2654	0.35895362
2655	0.35516638
2656	0.35190219
2657	0.34844652
2658	0.34486008
2659	0.34167671
2660	0.33807972
2661	0.33386385
2662	0.33108610
2663	0.32816681
2664	0.32547188
2665	0.32314774
2666	0.32133842
2667	0.31922752
2668	0.31808642
2669	0.31733042
2670	0.31679428
2671	0.31626463
2672	0.31608722
2673	0.31623295
2674	0.31645021
2675	0.31688032
2676	0.31783912
2677	0.31855947
2678	0.31828445
2679	0.31696671
2680	0.31595635
2681	0.31267333
2682	0.30833876
2683	0.30370632
2684	0.29884118
2685	0.29378051
2686	0.28945181
2687	0.28675857
2688	0.28533328
2689	0.28474846
2690	0.28482920
2691	0.28535137
2692	0.28657633
2693	0.28730580
2694	0.28833267
2695	0.28871253
2696	0.28866091
2697	0.28942609
2698	0.28928429
2699	0.28912103
2700	0.28929672
2701	0.28746045
2702	0.28845188
2703	0.28951007
2704	0.29010737
2705	0.29119721
2706	0.29281294
2707	0.29408428
2708	0.29540178
2709	0.29767078
2710	0.29919413
2711	0.30074438
2712	0.30168587
2713	0.30341282
2714	0.30529168
2715	0.30739653
2716	0.30954346
2717	0.31199849
2718	0.31450042
2719	0.31751999
2720	0.32081702
2721	0.32429367
2722	0.32804424
2723	0.33203349
2724	0.33615911
2725	0.34020832
2726	0.34395421
2727	0.34708586
2728	0.34970161
2729	0.35235175
2730	0.35468081
2731	0.35695437
2732	0.35903344
2733	0.36096644
2734	0.36355406
2735	0.36501789
2736	0.36620891
2737	0.36698443
2738	0.36632153
2739	0.36667514
2740	0.36660129
2741	0.36641777
2742	0.36592677
2743	0.36522791
2744	0.36415443
2745	0.36290705
2746	0.36154795
2747	0.35969695
2748	0.35797322
2749	0.35631227
2750	0.35489461
2751	0.35373229
2752	0.35300967
2753	0.35214424
2754	0.35317361
2755	0.35369217
2756	0.35457179
2757	0.35583493
2758	0.35753253
2759	0.35944524
2760	0.36134294
2761	0.36362314
2762	0.36562353
2763	0.36755714
2764	0.36936089
2765	0.37093854
2766	0.37243706
2767	0.37381002
2768	0.37510657
2769	0.37630454
2770	0.37743935
2771	0.37875682
2772	0.37971166
2773	0.38083571
2774	0.38145775
2775	0.38232592
2776	0.38225374
2777	0.38227385
2778	0.38167351
2779	0.38226157
2780	0.38208789
2781	0.38176954
2782	0.38115385
2783	0.38021472
2784	0.37896618
2785	0.37732035
2786	0.37539434
2787	0.37315848
2788	0.37083840
2789	0.36814839
2790	0.36526394
2791	0.36146525
2792	0.35827324
2793	0.35516307
2794	0.35208234
2795	0.34898749
2796	0.34666964
2797	0.34450457
2798	0.34263140
2799	0.34129274
2800	0.34038454
2801	0.33986571
2802	0.33973166
2803	0.33984494
2804	0.34024879
2805	0.34083760
2806	0.34167230
2807	0.34291419
2808	0.34463248
2809	0.34655845
2810	0.34769303
2811	0.34777957
2812	0.34768504
2813	0.34769601
2814	0.34492159
2815	0.34141445
2816	0.33776081
2817	0.33371678
2818	0.32951516
2819	0.32576972
2820	0.32345927
2821	0.32193279
2822	0.32110199
2823	0.32108328
2824	0.32154116
2825	0.32233691
2826	0.32372671
2827	0.32481709
2828	0.32525995
2829	0.32544702
2830	0.32544988
2831	0.32531458
2832	0.32533619
2833	0.32651931
2834	0.32700863
2835	0.32617757
2836	0.32723674
2837	0.32808018
2838	0.32909417
2839	0.33085439
2840	0.33202717
2841	0.33333448
2842	0.33469987
2843	0.33611703
2844	0.33735463
2845	0.33870268
2846	0.34042382
2847	0.34209529
2848	0.34399301
2849	0.34590095
2850	0.34799987
2851	0.35022670
2852	0.35281169
2853	0.35552183
2854	0.35853904
2855	0.36178413
2856	0.36506900
2857	0.36842060
2858	0.37141767
2859	0.37378824
2860	0.37553325
2861	0.37677747
2862	0.37781286
2863	0.37862039
2864	0.37917966
2865	0.38061470
2866	0.38081974
2867	0.37953559
2868	0.37926200
2869	0.37884143
2870	0.37837511
2871	0.37793934
2872	0.37744319
2873	0.37689376
2874	0.37625170
2875	0.37531975
2876	0.37439725
2877	0.37330392
2878	0.37215957
2879	0.37091279
2880	0.36959589
2881	0.36842772
2882	0.36734059
2883	0.36745468
2884	0.36742446
2885	0.36769882
2886	0.36834484
2887	0.36915103
2888	0.37025270
2889	0.37152138
2890	0.37292528
2891	0.37431034
2892	0.37571344
2893	0.37699550
2894	0.37828100
2895	0.37908313
2896	0.37959418
2897	0.37967846
2898	0.37967393
2899	0.37941766
2900	0.37902793
2901	0.37845156
2902	0.37783784
2903	0.37738627
2904	0.37658119
2905	0.37582952
2906	0.37425447
2907	0.37281579
2908	0.37119555
2909	0.36961174
2910	0.36768642
2911	0.36570686
2912	0.36350393
2913	0.36083612
2914	0.35841089
2915	0.35599539
2916	0.35348663
2917	0.35087773
2918	0.34406984
2919	0.34121135
2920	0.34011999
2921	0.33784306
2922	0.33368313
2923	0.33044139
2924	0.32776272
2925	0.32505658
2926	0.32186875
2927	0.31936595
2928	0.31715292
2929	0.31518221
2930	0.31351620
2931	0.31211352
2932	0.31091148
2933	0.30983329
2934	0.30893686
2935	0.30807090
2936	0.30751815
2937	0.30717441
2938	0.30735457
2939	0.30792284
2940	0.30902746
2941	0.31000948
2942	0.31233865
2943	0.31344116
2944	0.31319472
2945	0.31263533
2946	0.31165123
2947	0.30819932
2948	0.30400971
2949	0.29937166
2950	0.29413700
2951	0.28852656
2952	0.28383750
2953	0.28084442
2954	0.27970561
2955	0.27931327
2956	0.27949765
2957	0.28027442
2958	0.28143746
2959	0.28267792
2960	0.28344500
2961	0.28439239
2962	0.28444475
2963	0.28235856
2964	0.28278697
2965	0.28265861
2966	0.28284508
2967	0.28335148
2968	0.28420091
2969	0.28492498
2970	0.28571019
2971	0.28707263
2972	0.28898984
2973	0.29039004
2974	0.29180142
2975	0.29298985
2976	0.29456985
2977	0.29649118
2978	0.29742730
2979	0.29960066
2980	0.30172509
2981	0.30415359
2982	0.30661514
2983	0.30912912
2984	0.31202263
2985	0.31520766
2986	0.31874037
2987	0.32273394
2988	0.32696003
2989	0.33153513
2990	0.33614486
2991	0.34049922
2992	0.34422752
2993	0.34750286
2994	0.35031587
2995	0.35288832
2996	0.35534099
2997	0.35764664
2998	0.35958877
2999	0.36115021
3000	0.36225429
3001	0.36315006
3002	0.36365765
3003	0.36395267
3004	0.36409238
3005	0.36404946
3006	0.36395422
3007	0.36356586
3008	0.36285788
3009	0.36202142
3010	0.36101940
3011	0.35982335
3012	0.35841623
3013	0.35699931
3014	0.35549223
3015	0.35406151
3016	0.35235748
3017	0.35239804
3018	0.35216510
3019	0.35237485
3020	0.35300988
3021	0.35397980
3022	0.35522261
3023	0.35677105
3024	0.35850224
3025	0.36056137
3026	0.36262938
3027	0.36477098
3028	0.36640391
3029	0.36791801
3030	0.36923754
3031	0.37024409
3032	0.37104484
3033	0.37163031
3034	0.37198466
3035	0.37215737
3036	0.37242135
3037	0.37214562
3038	0.37209859
3039	0.37085882
3040	0.36979052
3041	0.36864802
3042	0.36726004
3043	0.36591485
3044	0.36418504
3045	0.36255649
3046	0.36022857
3047	0.35753557
3048	0.35497722
3049	0.35239178
3050	0.34961751
3051	0.34676698
3052	0.34377962
3053	0.34057164
3054	0.33634943
3055	0.33286232
3056	0.32921585
3057	0.32527804
3058	0.32230890
3059	0.31898832
3060	0.31576586
3061	0.31278923
3062	0.31012440
3063	0.30706388
3064	0.30496019
3065	0.30310184
3066	0.30174848
3067	0.30055851
3068	0.29958805
3069	0.29871377
3070	0.29811269
3071	0.29775903
3072	0.29776812
3073	0.29820335
3074	0.29903072
3075	0.29915923
3076	0.29848191
3077	0.29772919
3078	0.29683128
3079	0.29414254
3080	0.28998780
3081	0.28605258
3082	0.28166467
3083	0.27801934
3084	0.27398077
3085	0.27166373
3086	0.27036533
3087	0.26989847
3088	0.27014288
3089	0.27080101
3090	0.27181789
3091	0.27157396
3092	0.27286631
3093	0.27323022
3094	0.27340552
3095	0.27335602
3096	0.27322492
3097	0.27315193
3098	0.27329862
3099	0.27378434
3100	0.27447349
3101	0.27551639
3102	0.27625376
3103	0.27729911
3104	0.27899829
3105	0.28047869
3106	0.28202903
3107	0.28371355
3108	0.28548229
3109	0.28816095
3110	0.29000482
3111	0.29129997
3112	0.29324380
3113	0.29544753
3114	0.29760939
3115	0.29994309
3116	0.30199829
3117	0.30475140
3118	0.30786699
3119	0.31154218
3120	0.31461728
3121	0.31811148
3122	0.32161146
3123	0.32473019
3124	0.32729349
3125	0.32922855
3126	0.33102769
3127	0.33256847
3128	0.33413607
3129	0.33560541
3130	0.33685383
3131	0.33792540
3132	0.33869010
3133	0.33903995
3134	0.33948624
3135	0.33985975
3136	0.34016967
3137	0.34063199
3138	0.34080234
3139	0.34079385
3140	0.34052074
3141	0.34021297
3142	0.33952770
3143	0.33876666
3144	0.33779466
3145	0.33664346
3146	0.33565456
3147	0.33531758
3148	0.33499163
3149	0.33520189
3150	0.33579865
3151	0.33676565
3152	0.33777490
3153	0.33929464
3154	0.34105536
3155	0.34298149
3156	0.34500283
3157	0.34713084
3158	0.34905377
3159	0.35081872
3160	0.35274768
3161	0.35404292
3162	0.35502264
3163	0.35580724
3164	0.35628054
3165	0.35649773
3166	0.35654202
3167	0.35645247
3168	0.35645223
3169	0.35598966
3170	0.35577920
3171	0.35434389
3172	0.35314542
3173	0.35214266
3174	0.35044241
3175	0.34905967
3176	0.34719563
3177	0.34508827
3178	0.34321478
3179	0.34070081
3180	0.33769426
3181	0.33434308
3182	0.33046794
3183	0.32703537
3184	0.32321161
3185	0.31930536
3186	0.31440774
3187	0.31029630
3188	0.30650720
3189	0.30270460
3190	0.29873177
3191	0.29594049
3192	0.29321766
3193	0.29077467
3194	0.28864273
3195	0.28752592
3196	0.28510529
3197	0.28459513
3198	0.28360432
3199	0.28168085
3200	0.28050688
3201	0.27958825
3202	0.27892703
3203	0.27852169
3204	0.27851254
3205	0.27846935
3206	0.27816510
3207	0.27675804
3208	0.27591890
3209	0.27467361
3210	0.27224985
3211	0.26783943
3212	0.26397929
3213	0.26167402
3214	0.25652903
3215	0.25300199
3216	0.25123137
3217	0.25051165
3218	0.25055319
3219	0.25090700
3220	0.25140226
3221	0.25102040
3222	0.25174117
3223	0.25206983
3224	0.25226212
3225	0.25208038
3226	0.25174749
3227	0.25136527
3228	0.25108168
3229	0.25107563
3230	0.25150409
3231	0.25213054
3232	0.25381628
3233	0.25367704
3234	0.25474083
3235	0.25572059
3236	0.25712189
3237	0.25910392
3238	0.26152617
3239	0.26334259
3240	0.26530305
3241	0.26728362
3242	0.26876411
3243	0.27102512
3244	0.27341533
3245	0.27599064
3246	0.27865180
3247	0.28152558
3248	0.28479230
3249	0.28821543
3250	0.29194683
3251	0.29607627
3252	0.30060980
3253	0.30544621
3254	0.31048235
3255	0.31548607
3256	0.32021958
3257	0.32447168
3258	0.32820931
3259	0.33167914
3260	0.33498862
3261	0.33786666
3262	0.34051323
3263	0.34276834
3264	0.34444377
3265	0.34579790
3266	0.34679201
3267	0.34747910
3268	0.34789702
3269	0.34836113
3270	0.34838536
3271	0.34812859
3272	0.34749702
3273	0.34678584
3274	0.34579960
3275	0.34443045
3276	0.34304279
3277	0.34162667
3278	0.34023064
3279	0.33960956
3280	0.33899328
3281	0.33872813
3282	0.33893532
3283	0.33926195
3284	0.33998245
3285	0.34101847
3286	0.34235784
3287	0.34396189
3288	0.34585911
3289	0.34777892
3290	0.34971240
3291	0.35176101
3292	0.35353428
3293	0.35509166
3294	0.35637823
3295	0.35749087
3296	0.35838664
3297	0.35912889
3298	0.35971689
3299	0.36015624
3300	0.36075509
3301	0.36140072
3302	0.36127847
3303	0.36025113
3304	0.35963693
3305	0.35886797
3306	0.35780868
3307	0.35663590
3308	0.35523897
3309	0.35350713
3310	0.35236651
3311	0.34986487
3312	0.34730625
3313	0.34441125
3314	0.34078997
3315	0.33754098
3316	0.33405745
3317	0.33037147
3318	0.32617679
3319	0.32153699
3320	0.31758824
3321	0.31342408
3322	0.30911708
3323	0.30568942
3324	0.30221093
3325	0.29894069
3326	0.29590654
3327	0.29317304
3328	0.29066178
3329	0.28848150
3330	0.28655803
3331	0.28484252
3332	0.28329927
3333	0.28201738
3334	0.28109470
3335	0.28046051
3336	0.28031504
3337	0.28059265
3338	0.28095776
3339	0.28176764
3340	0.28118187
3341	0.28022611
3342	0.27932513
3343	0.27637732
3344	0.27182829
3345	0.26727557
3346	0.26310682
3347	0.25709555
3348	0.25312287
3349	0.25057554
3350	0.24920215
3351	0.24883080
3352	0.24914393
3353	0.24970940
3354	0.24972023
3355	0.25052851
3356	0.25105220
3357	0.25139010
3358	0.25154686
3359	0.25163257
3360	0.25176769
3361	0.25211501
3362	0.25277391
3363	0.25377020
3364	0.25500587
3365	0.25654045
3366	0.25771254
3367	0.25904188
3368	0.26092225
3369	0.26237455
3370	0.26340359
3371	0.26567957
3372	0.26633802
3373	0.26797298
3374	0.26941586
3375	0.27120176
3376	0.27320912
3377	0.27540466
3378	0.27779984
3379	0.28044418
3380	0.28336835
3381	0.28643242
3382	0.29003379
3383	0.29401535
3384	0.29807946
3385	0.30217373
3386	0.30609912
3387	0.30961531
3388	0.31247219
3389	0.31487432
3390	0.31711486
3391	0.31923762
3392	0.32128036
3393	0.32321721
3394	0.32493693
3395	0.32638481
3396	0.32749787
3397	0.32843044
3398	0.32915944
3399	0.32977837
3400	0.33011472
3401	0.33029011
3402	0.33042306
3403	0.33031818
3404	0.32996619
3405	0.32941756
3406	0.32852933
3407	0.32741344
3408	0.32598957
3409	0.32441571
3410	0.32283616
3411	0.32121235
3412	0.31997457
3413	0.31843635
3414	0.31827733
3415	0.31821135
3416	0.31821978
3417	0.31894901
3418	0.32006511
3419	0.32148823
3420	0.32321954
3421	0.32519954
3422	0.32724714
3423	0.32946178
3424	0.33149138
3425	0.33361879
3426	0.33524770
3427	0.33660445
3428	0.33756337
3429	0.33837023
3430	0.33902508
3431	0.33951029
3432	0.33995527
3433	0.34035790
3434	0.34107867
3435	0.34141913
3436	0.34133711
3437	0.34184161
3438	0.34178585
3439	0.34156236
3440	0.34109232
3441	0.34047452
3442	0.34012336
3443	0.33915854
3444	0.33764717
3445	0.33619112
3446	0.33436435
3447	0.33251789
3448	0.33100271
3449	0.32904047
3450	0.32638127
3451	0.32349908
3452	0.32134041
3453	0.31912622
3454	0.31713066
3455	0.31571904
3456	0.31331804
3457	0.31239837
3458	0.31121516
3459	0.31020236
3460	0.30930883
3461	0.30860218
3462	0.30820933
3463	0.30729824
3464	0.30720726
3465	0.30718654
3466	0.30721194
3467	0.30755159
3468	0.30782655
3469	0.30876809
3470	0.31005517
3471	0.31169721
3472	0.31346664
3473	0.31411600
3474	0.31413138
3475	0.31370008
3476	0.31293839
3477	0.31004211
3478	0.30641839
3479	0.30270806
3480	0.29827482
3481	0.29394197
3482	0.29094127
3483	0.28868812
3484	0.28733477
3485	0.28697619
3486	0.28735927
3487	0.28824165
3488	0.28927913
3489	0.29081109
3490	0.28986809
3491	0.29221323
3492	0.29234931
3493	0.29235825
3494	0.29237637
3495	0.29246929
3496	0.29277706
3497	0.29388827
3498	0.29360512
3499	0.29464823
3500	0.29568866
3501	0.29720068
3502	0.29885182
3503	0.30143094
3504	0.30257025
3505	0.30476767
3506	0.30603245
3507	0.30771831
3508	0.30920118
3509	0.31107897
3510	0.31305236
3511	0.31515205
3512	0.31739262
3513	0.31982026
3514	0.32264069
3515	0.32555610
3516	0.32881084
3517	0.33216852
3518	0.33599114
3519	0.33988771
3520	0.34359425
3521	0.34687957
3522	0.34943876
3523	0.35178283
3524	0.35321245
3525	0.35470593
3526	0.35588050
3527	0.35672647
3528	0.35723755
3529	0.35738921
3530	0.35698202
3531	0.35659254
3532	0.35605660
3533	0.35547945
3534	0.35480008
3535	0.35433912
3536	0.35352772
3537	0.35256091
3538	0.35135505
3539	0.35008973
3540	0.34855813
3541	0.34697860
3542	0.34538463
3543	0.34386697
3544	0.34264514
3545	0.34197336
3546	0.34160843
3547	0.34148797
3548	0.34231517
3549	0.34314573
3550	0.34430450
3551	0.34576058
3552	0.34740838
3553	0.34924889
3554	0.35114166
3555	0.35306659
3556	0.35509604
3557	0.35647878
3558	0.35775217
3559	0.35872570
3560	0.35943875
3561	0.35990527
3562	0.36007854
3563	0.36008939
3564	0.35989410
3565	0.35941651
3566	0.35967052
3567	0.35866645
3568	0.35767919
3569	0.35531184
3570	0.35328394
3571	0.35139579
3572	0.35001892
3573	0.34797329
3574	0.34558910
3575	0.34366247
3576	0.34141025
3577	0.33804929
3578	0.33488166
3579	0.33267680
3580	0.33086431
3581	0.32834283
3582	0.32665795
3583	0.32421371
3584	0.32288268
3585	0.32248029
3586	0.32168943
3587	0.32110986
3588	0.32065460
3589	0.31986189
3590	0.31958973
3591	0.31941658
3592	0.31933072
3593	0.31929293
3594	0.31917438
3595	0.31906071
3596	0.31890771
3597	0.31878033
3598	0.31873426
3599	0.31892174
3600	0.31945446
3601	0.32020301
3602	0.32122284
3603	0.32159048
3604	0.32109359
3605	0.32043755
3606	0.31956565
3607	0.31692892
3608	0.31330010
3609	0.30958101
3610	0.30568630
3611	0.30141392
3612	0.29758030
3613	0.29564345
3614	0.29470369
3615	0.29416847
3616	0.29433978
3617	0.29495329
3618	0.29593989
3619	0.29699910
3620	0.29716742
3621	0.29862306
3622	0.29882428
3623	0.29752102
3624	0.29742581
3625	0.29734096
3626	0.29750773
3627	0.29791820
3628	0.29862228
3629	0.29939112
3630	0.30027336
3631	0.30167326
3632	0.30290002
3633	0.30416191
3634	0.30647591
3635	0.30800492
3636	0.30959073
3637	0.31045613
3638	0.31217223
3639	0.31409022
3640	0.31600010
3641	0.31812730
3642	0.32045755
3643	0.32289514
3644	0.32551637
3645	0.32848915
3646	0.33157194
3647	0.33463487
3648	0.33835188
3649	0.34219557
3650	0.34616095
3651	0.34993601
3652	0.35314900
3653	0.35567647
3654	0.35773286
3655	0.35947940
3656	0.36110947
3657	0.36252749
3658	0.36373273
3659	0.36465815
3660	0.36535594
3661	0.36550045
3662	0.36577159
3663	0.36585695
3664	0.36605501
3665	0.36603764
3666	0.36581203
3667	0.36538199
3668	0.36458898
3669	0.36371487
3670	0.36249179
3671	0.36116177
3672	0.35971001
3673	0.35825694
3674	0.35709390
3675	0.35609615
3676	0.35556102
3677	0.35520959
3678	0.35593557
3679	0.35664904
3680	0.35759276
3681	0.35890099
3682	0.36019814
3683	0.36200079
3684	0.36384794
3685	0.36605951
3686	0.36746114
3687	0.36945388
3688	0.37066644
3689	0.37213197
3690	0.37319395
3691	0.37395954
3692	0.37460765
3693	0.37509865
3694	0.37542838
3695	0.37566060
3696	0.37602177
3697	0.37641391
3698	0.37613291
3699	0.37468761
3700	0.37350881
3701	0.37286159
3702	0.37113342
3703	0.36987934
3704	0.36863038
3705	0.36746100
3706	0.36522612
3707	0.36285347
3708	0.36091059
3709	0.35788995
3710	0.35529688
3711	0.35255259
3712	0.34867242
3713	0.34565130
3714	0.34244901
3715	0.33915660
3716	0.33589318
3717	0.33219343
3718	0.32921758
3719	0.32600647
3720	0.32288796
3721	0.31984821
3722	0.31686628
3723	0.31417570
3724	0.31174082
3725	0.30965638
3726	0.30791724
3727	0.30651128
3728	0.30539384
3729	0.30453640
3730	0.30393645
3731	0.30369365
3732	0.30377170
3733	0.30383766
3734	0.30408910
3735	0.30342004
3736	0.30203116
3737	0.30092591
3738	0.29736534
3739	0.29305810
3740	0.28919509
3741	0.28516182
3742	0.28051418
3743	0.27719191
3744	0.27522695
3745	0.27398729
3746	0.27349964
3747	0.27364162
3748	0.27432692
3749	0.27520868
3750	0.27604833
3751	0.27652887
3752	0.27555418
3753	0.27603880
3754	0.27594334
3755	0.27597174
3756	0.27612206
3757	0.27644396
3758	0.27699304
3759	0.27790281
3760	0.27858585
3761	0.27981237
3762	0.28100482
3763	0.28235233
3764	0.28387135
3765	0.28607264
3766	0.28783503
3767	0.29049915
3768	0.29235631
3769	0.29426652
3770	0.29590130
3771	0.29770982
3772	0.30004269
3773	0.30248675
3774	0.30513009
3775	0.30807900
3776	0.31111994
3777	0.31440046
3778	0.31807846
3779	0.32192412
3780	0.32570669
3781	0.32975334
3782	0.33349317
3783	0.33661652
3784	0.33930746
3785	0.34198156
3786	0.34440693
3787	0.34678683
3788	0.34888977
3789	0.35079813
3790	0.35235074
3791	0.35328889
3792	0.35435447
3793	0.35482648
3794	0.35511419
3795	0.35519138
3796	0.35500091
3797	0.35476106
3798	0.35432103
3799	0.35359579
3800	0.35269761
3801	0.35151976
3802	0.34996617
3803	0.34833431
3804	0.34658796
3805	0.34490871
3806	0.34339574
3807	0.34231639
3808	0.34172440
3809	0.34121099
3810	0.34253380
3811	0.34279335
3812	0.34386572
3813	0.34527028
3814	0.34704211
3815	0.34902117
3816	0.35116082
3817	0.35343137
3818	0.35553139
3819	0.35740742
3820	0.35966998
3821	0.36116749
3822	0.36237931
3823	0.36343539
3824	0.36421105
3825	0.36491355
3826	0.36543831
3827	0.36585090
3828	0.36655024
3829	0.36733556
3830	0.36729017
3831	0.36621737
3832	0.36577478
3833	0.36508602
3834	0.36407652
3835	0.36356738
3836	0.36187926
3837	0.36008498
3838	0.35825419
3839	0.35653052
3840	0.35476202
3841	0.35279685
3842	0.35068250
3843	0.34841669
3844	0.34549749
3845	0.34197909
3846	0.33947548
3847	0.33591166
3848	0.33334321
3849	0.33071154
3850	0.32825285
3851	0.32506201
3852	0.32242846
3853	0.31963092
3854	0.31695110
3855	0.31450871
3856	0.31226432
3857	0.31029689
3858	0.30852303
3859	0.30692533
3860	0.30560330
3861	0.30464336
3862	0.30411479
3863	0.30384654
3864	0.30439639
3865	0.30524251
3866	0.30520591
3867	0.30444780
3868	0.30327275
3869	0.30167055
3870	0.29775727
3871	0.29399338
3872	0.29022437
3873	0.28603932
3874	0.28162017
3875	0.27904603
3876	0.27752686
3877	0.27731946
3878	0.27713859
3879	0.27746809
3880	0.27815282
3881	0.27902660
3882	0.27956235
3883	0.28049737
3884	0.28059611
3885	0.28055653
3886	0.27911779
3887	0.27916697
3888	0.27930862
3889	0.27963254
3890	0.28029069
3891	0.28111365
3892	0.28207192
3893	0.28323704
3894	0.28464058
3895	0.28672165
3896	0.28847092
3897	0.29031619
3898	0.29286301
3899	0.29505426
3900	0.29685515
3901	0.29890147
3902	0.30136275
3903	0.30397323
3904	0.30673090
3905	0.30967262
3906	0.31281263
3907	0.31649211
3908	0.32029244
3909	0.32446584
3910	0.32889888
3911	0.33358586
3912	0.33835295
3913	0.34300032
3914	0.34729880
3915	0.35111052
3916	0.35463828
3917	0.35810253
3918	0.36195189
3919	0.36501089
3920	0.36863244
3921	0.37193343
3922	0.37361637
3923	0.37569651
3924	0.37730506
3925	0.37864786
3926	0.37968186
3927	0.38031495
3928	0.38079268
3929	0.38090557
3930	0.38079837
3931	0.38032112
3932	0.37953523
3933	0.37851515
3934	0.37734124
3935	0.37593785
3936	0.37469161
3937	0.37352410
3938	0.37261263
3939	0.37175703
3940	0.37266338
3941	0.37339008
3942	0.37453103
3943	0.37628317
3944	0.37758684
3945	0.37970036
3946	0.38202587
3947	0.38467062
3948	0.38721490
3949	0.38969168
3950	0.39206439
3951	0.39458051
3952	0.39656234
3953	0.39829141
3954	0.39976209
3955	0.40109593
3956	0.40214136
3957	0.40307829
3958	0.40391037
3959	0.40491685
3960	0.40540713
3961	0.40632513
3962	0.40594491
3963	0.40821272
3964	0.40624428
3965	0.40535602
3966	0.40470359
3967	0.40383872
3968	0.40273303
3969	0.40144390
3970	0.40005770
3971	0.39850479
3972	0.39629015
3973	0.39308453
3974	0.39011705
3975	0.38670090
3976	0.38308698
3977	0.37909919
3978	0.37488434
3979	0.36979437
3980	0.36536020
3981	0.36107963
3982	0.35696298
3983	0.35335708
3984	0.35019156
3985	0.34742764
3986	0.34517959
3987	0.34338787
3988	0.34212631
3989	0.34133559
3990	0.34096229
3991	0.34092027
3992	0.34121016
3993	0.34179732
3994	0.34273827
3995	0.34402302
3996	0.34526524
3997	0.34682941
3998	0.34738374
3999	0.34684274
4000	0.34600690
4001	0.34530783
4002	0.34128448
4003	0.33751118
4004	0.33356902
4005	0.32925943
4006	0.32467151
4007	0.32163757
4008	0.31979245
4009	0.31858540
4010	0.31816903
4011	0.31830442
4012	0.31886083
4013	0.31974292
4014	0.32054469
4015	0.32121101
4016	0.32238314
4017	0.32243079
4018	0.32234415
4019	0.32228643
4020	0.32318950
4021	0.32356852
4022	0.32402921
4023	0.32397518
4024	0.32481214
4025	0.32451448
4026	0.32578990
4027	0.32743192
4028	0.32866114
4029	0.33003363
4030	0.33151799
4031	0.33311471
4032	0.33476359
4033	0.33616760
4034	0.33814424
4035	0.34038123
4036	0.34252146
4037	0.34492040
4038	0.34753910
4039	0.35051122
4040	0.35357726
4041	0.35696933
4042	0.36058962
4043	0.36434498
4044	0.36813173
4045	0.37162745
4046	0.37499970
4047	0.37770852
4048	0.38085744
4049	0.38335782
4050	0.38580248
4051	0.38800693
4052	0.39037508
4053	0.39202607
4054	0.39402372
4055	0.39556596
4056	0.39682272
4057	0.39777523
4058	0.39831015
4059	0.39864209
4060	0.39858285
4061	0.39824042
4062	0.39747116
4063	0.39647973
4064	0.39511737
4065	0.39347082
4066	0.39153463
4067	0.38939175
4068	0.38728595
4069	0.38514000
4070	0.38284206
4071	0.38187772
4072	0.38095608
4073	0.38011003
4074	0.37988669
4075	0.37998530
4076	0.38042805
4077	0.38122728
4078	0.38235700
4079	0.38388899
4080	0.38546476
4081	0.38716394
4082	0.38907480
4083	0.39055040
4084	0.39199850
4085	0.39328828
4086	0.39436793
4087	0.39530227
4088	0.39603758
4089	0.39662212
4090	0.39711177
4091	0.39774111
4092	0.39784753
4093	0.39780211
4094	0.39788452
4095	0.39850461
4096	0.39651710
4097	0.39515021
4098	0.39390048
4099	0.39238656
4100	0.39058107
4101	0.38845810
4102	0.38590544
4103	0.38331616
4104	0.38018596
4105	0.37678096
4106	0.37333259
4107	0.36987916
4108	0.36627182
4109	0.36165878
4110	0.35783836
4111	0.35411590
4112	0.35043922
4113	0.34707499
4114	0.34363618
4115	0.34071317
4116	0.33818385
4117	0.33605653
4118	0.33445358
4119	0.33337590
4120	0.33272189
4121	0.33253062
4122	0.33276519
4123	0.33329225
4124	0.33398733
4125	0.33482519
4126	0.33581278
4127	0.33664256
4128	0.33813307
4129	0.33982199
4130	0.34184185
4131	0.34280971
4132	0.34276968
4133	0.34198719
4134	0.34092182
4135	0.33666667
4136	0.33254096
4137	0.32807598
4138	0.32307917
4139	0.31792384
4140	0.31425840
4141	0.31192076
4142	0.31051964
4143	0.31007040
4144	0.31028739
4145	0.31097302
4146	0.31199455
4147	0.31292549
4148	0.31351516
4149	0.31462678
4150	0.31482178
4151	0.31458250
4152	0.31437108
4153	0.31428224
4154	0.31630713
4155	0.31662893
4156	0.31625381
4157	0.31671369
4158	0.31600744
4159	0.31795964
4160	0.31939650
4161	0.32059497
4162	0.32183760
4163	0.32321030
4164	0.32463163
4165	0.32609889
4166	0.32731515
4167	0.32911325
4168	0.33105862
4169	0.33314249
4170	0.33538976
4171	0.33782774
4172	0.34054011
4173	0.34335136
4174	0.34647018
4175	0.34993687
4176	0.35354510
4177	0.35728183
4178	0.36075917
4179	0.36392894
4180	0.36638030
4181	0.36849207
4182	0.37052149
4183	0.37246943
4184	0.37419990
4185	0.37690136
4186	0.37827238
4187	0.37833029
4188	0.37902805
4189	0.37946618
4190	0.37961951
4191	0.37968975
4192	0.37963495
4193	0.37938705
4194	0.37865889
4195	0.37802839
4196	0.37716916
4197	0.37606063
4198	0.37468809
4199	0.37319118
4200	0.37149823
4201	0.36976406
4202	0.36803493
4203	0.36641568
4204	0.36510107
4205	0.36361212
4206	0.36402681
4207	0.36421454
4208	0.36473221
4209	0.36552358
4210	0.36671653
4211	0.36822972
4212	0.37010258
4213	0.37213233
4214	0.37405816
4215	0.37618756
4216	0.37794173
4217	0.37950599
4218	0.38082811
4219	0.38179752
4220	0.38255134
4221	0.38319442
4222	0.38358214
4223	0.38387167
4224	0.38407373
4225	0.38448089
4226	0.38443306
4227	0.38386092
4228	0.38369140
4229	0.38479292
4230	0.38385054
4231	0.38131621
4232	0.37996393
4233	0.37840483
4234	0.37661842
4235	0.37458426
4236	0.37233400
4237	0.36995587
4238	0.36753801
4239	0.36512744
4240	0.36271015
4241	0.36024478
4242	0.35757846
4243	0.35406706
4244	0.35124135
4245	0.34605196
4246	0.34577185
4247	0.34317109
4248	0.34058413
4249	0.33765402
4250	0.33570382
4251	0.33362287
4252	0.33162662
4253	0.32904717
4254	0.32741523
4255	0.32601726
4256	0.32472086
4257	0.32356268
4258	0.32252607
4259	0.32171187
4260	0.32118416
4261	0.32101977
4262	0.32100332
4263	0.32173508
4264	0.32283968
4265	0.32256904
4266	0.32205731
4267	0.32119408
4268	0.31940320
4269	0.31520829
4270	0.31114364
4271	0.30694640
4272	0.30228069
4273	0.29810911
4274	0.29543331
4275	0.29386723
4276	0.29331896
4277	0.29372406
4278	0.29449844
4279	0.29588142
4280	0.29739770
4281	0.29830414
4282	0.29829991
4283	0.29941043
4284	0.29938561
4285	0.30020493
4286	0.30021033
4287	0.30035770
4288	0.30067861
4289	0.29896864
4290	0.29946610
4291	0.30073124
4292	0.30170226
4293	0.30262953
4294	0.30465147
4295	0.30609766
4296	0.30768308
4297	0.31015712
4298	0.31186888
4299	0.31361920
4300	0.31510043
4301	0.31682959
4302	0.31886616
4303	0.32115906
4304	0.32341653
4305	0.32594189
4306	0.32867560
4307	0.33186370
4308	0.33504415
4309	0.33847570
4310	0.34224689
4311	0.34616545
4312	0.35008165
4313	0.35388577
4314	0.35716808
4315	0.35985640
4316	0.36215538
4317	0.36425352
4318	0.36699605
4319	0.36852613
4320	0.36975688
4321	0.37054896
4322	0.37000757
4323	0.37014371
4324	0.37000155
4325	0.36968333
4326	0.36935106
4327	0.36889237
4328	0.36828092
4329	0.36757833
4330	0.36667120
4331	0.36564395
4332	0.36436924
4333	0.36282161
4334	0.36132947
4335	0.35984161
4336	0.35840192
4337	0.35720706
4338	0.35639179
4339	0.35606220
4340	0.35548240
4341	0.35670495
4342	0.35756475
4343	0.35869610
4344	0.36020362
4345	0.36191779
4346	0.36389735
4347	0.36605373
4348	0.36788896
4349	0.36995149
4350	0.37204736
4351	0.37357610
4352	0.37487572
4353	0.37591156
4354	0.37666631
4355	0.37717366
4356	0.37747744
4357	0.37759992
4358	0.37744915
4359	0.37709069
4360	0.37739158
4361	0.37604764
4362	0.37477922
4363	0.37312263
4364	0.37257189
4365	0.37076035
4366	0.36888149
4367	0.36684352
4368	0.36455476
4369	0.36215150
4370	0.35954759
4371	0.35665688
4372	0.35360500
4373	0.35026899
4374	0.34656999
4375	0.34197509
4376	0.33816472
4377	0.33421129
4378	0.33059669
4379	0.32682633
4380	0.32321107
4381	0.31934801
4382	0.31631523
4383	0.31343397
4384	0.31085160
4385	0.30848357
4386	0.30569294
4387	0.30385223
4388	0.30221570
4389	0.30088502
4390	0.29978654
4391	0.29886892
4392	0.29822001
4393	0.29788655
4394	0.29796338
4395	0.29844496
4396	0.29878432
4397	0.29896832
4398	0.29793420
4399	0.29702824
4400	0.29560307
4401	0.29275432
4402	0.28781095
4403	0.28423694
4404	0.28059360
4405	0.27684924
4406	0.27334934
4407	0.27161044
4408	0.27114218
4409	0.27090508
4410	0.27116603
4411	0.27174905
4412	0.27251491
4413	0.27327377
4414	0.27350140
4415	0.27451423
4416	0.27464366
4417	0.27328843
4418	0.27305970
4419	0.27292681
4420	0.27298069
4421	0.27328345
4422	0.27386454
4423	0.27541384
4424	0.27524015
4425	0.27622676
4426	0.27703285
4427	0.27866852
4428	0.28054205
4429	0.28186888
4430	0.28316993
4431	0.28449541
4432	0.28585762
4433	0.28695726
4434	0.28851378
4435	0.29044658
4436	0.29228666
4437	0.29441994
4438	0.29666388
4439	0.29913497
4440	0.30190971
4441	0.30485651
4442	0.30803069
4443	0.31139424
4444	0.31481278
4445	0.31813264
4446	0.32112172
4447	0.32375085
4448	0.32574180
4449	0.32757512
4450	0.32942304
4451	0.33119214
4452	0.33290017
4453	0.33436799
4454	0.33559275
4455	0.33632946
4456	0.33696964
4457	0.33737925
4458	0.33785483
4459	0.33793166
4460	0.33789700
4461	0.33736256
4462	0.33685631
4463	0.33612707
4464	0.33506280
4465	0.33383146
4466	0.33235291
4467	0.33078170
4468	0.32948720
4469	0.32775530
4470	0.32648817
4471	0.32513925
4472	0.32548988
4473	0.32560477
4474	0.32604834
4475	0.32674569
4476	0.32782513
4477	0.32922554
4478	0.33085835
4479	0.33269006
4480	0.33451301
4481	0.33634761
4482	0.33785248
4483	0.33925354
4484	0.34037814
4485	0.34126076
4486	0.34183741
4487	0.34211254
4488	0.34230083
4489	0.34209490
4490	0.34203288
4491	0.34201854
4492	0.34103125
4493	0.33945307
4494	0.33754423
4495	0.33810690
4496	0.33435848
4497	0.33253613
4498	0.33123359
4499	0.32904455
4500	0.32805437
4501	0.32760346
4502	0.32344756
4503	0.31945285
4504	0.31680518
4505	0.31355512
4506	0.31096116
4507	0.30847609
4508	0.30601063
4509	0.30363554
4510	0.30153537
4511	0.29948622
4512	0.29768720
4513	0.29600680
4514	0.29500300
4515	0.29408348
4516	0.29340088
4517	0.29292002
4518	0.29263738
4519	0.29247302
4520	0.29245791
4521	0.29255113
4522	0.29277569
4523	0.29309326
4524	0.29354066
4525	0.29474097
4526	0.29617923
4527	0.29806364
4528	0.30011800
4529	0.30121836
4530	0.30105144
4531	0.29994082
4532	0.29865816
4533	0.29478216
4534	0.29084924
4535	0.28690284
4536	0.28188717
4537	0.27691960
4538	0.27386314
4539	0.27145508
4540	0.26989704
4541	0.26923695
4542	0.26928702
4543	0.26985240
4544	0.27074870
4545	0.27202171
4546	0.27265316
4547	0.27173445
4548	0.27182490
4549	0.27178594
4550	0.27179828
4551	0.27192050
4552	0.27227530
4553	0.27297717
4554	0.27453583
4555	0.27502295
4556	0.27644685
4557	0.27780214
4558	0.27995923
4559	0.28165108
4560	0.28360566
4561	0.28561574
4562	0.28748438
4563	0.28939360
4564	0.29102892
4565	0.29321134
4566	0.29556659
4567	0.29806691
4568	0.30069506
4569	0.30361032
4570	0.30700728
4571	0.31067780
4572	0.31456137
4573	0.31880629
4574	0.32333541
4575	0.32801476
4576	0.33255997
4577	0.33673024
4578	0.34034774
4579	0.34339672
4580	0.34619498
4581	0.34874341
4582	0.35100740
4583	0.35285696
4584	0.35462627
4585	0.35579383
4586	0.35630760
4587	0.35684523
4588	0.35695377
4589	0.35674182
4590	0.35639223
4591	0.35585526
4592	0.35517260
4593	0.35430342
4594	0.35314029
4595	0.35196519
4596	0.35067388
4597	0.34919402
4598	0.34780568
4599	0.34653890
4600	0.34533340
4601	0.34441894
4602	0.34376723
4603	0.34365490
4604	0.34361982
4605	0.34517705
4606	0.34669495
4607	0.34853646
4608	0.35070115
4609	0.35320002
4610	0.35604960
4611	0.35899442
4612	0.36193806
4613	0.36477622
4614	0.36775118
4615	0.37033793
4616	0.37262896
4617	0.37466344
4618	0.37650612
4619	0.37810883
4620	0.37951633
4621	0.38073581
4622	0.38175100
4623	0.38259017
4624	0.38426700
4625	0.38398436
4626	0.38400412
4627	0.38403362
4628	0.38397828
4629	0.38390309
4630	0.38374048
4631	0.38342312
4632	0.38277239
4633	0.38179484
4634	0.38048336
4635	0.37882245
4636	0.37677598
4637	0.37422356
4638	0.37081787
4639	0.36758566
4640	0.36397141
4641	0.35967463
4642	0.35495102
4643	0.35054216
4644	0.34609675
4645	0.34157717
4646	0.33688521
4647	0.33258078
4648	0.32835203
4649	0.32426313
4650	0.32040805
4651	0.31685010
4652	0.31361231
4653	0.31072608
4654	0.30816942
4655	0.30594164
4656	0.30410683
4657	0.30264288
4658	0.30158070
4659	0.30097240
4660	0.30042213
4661	0.30003631
4662	0.29925179
4663	0.29750341
4664	0.29626942
4665	0.29350185
4666	0.28939679
4667	0.28520390
4668	0.28123224
4669	0.27678782
4670	0.27378899
4671	0.27133363
4672	0.27022535
4673	0.26989937
4674	0.27020243
4675	0.27081341
4676	0.27159950
4677	0.27241448
4678	0.27298671
4679	0.27259278
4680	0.27291697
4681	0.27292675
4682	0.27279159
4683	0.27260172
4684	0.27259547
4685	0.27289024
4686	0.27325097
4687	0.27435860
4688	0.27494425
4689	0.27620709
4690	0.27714130
4691	0.27823290
4692	0.27943933
4693	0.28083894
4694	0.28222054
4695	0.28471738
4696	0.28566647
4697	0.28739381
4698	0.28920206
4699	0.29110116
4700	0.29299575
4701	0.29506609
4702	0.29725638
4703	0.29950401
4704	0.30199042
4705	0.30487293
4706	0.30791265
4707	0.31115699
4708	0.31445572
4709	0.31761009
4710	0.32045901
4711	0.32286346
4712	0.32460368
4713	0.32587218
4714	0.32685065
4715	0.32775676
4716	0.32839471
4717	0.32935795
4718	0.32923824
4719	0.32933614
4720	0.32934222
4721	0.32894516
4722	0.32877582
4723	0.32876405
4724	0.32829687
4725	0.32791129
4726	0.32743222
4727	0.32672155
4728	0.32592329
4729	0.32489818
4730	0.32400787
4731	0.32260674
4732	0.32148519
4733	0.32097942
4734	0.32066116
4735	0.32077622
4736	0.32122907
4737	0.32205281
4738	0.32307452
4739	0.32412824
4740	0.32598034
4741	0.32768425
4742	0.32940590
4743	0.33120447
4744	0.33316374
4745	0.33466098
4746	0.33595031
4747	0.33706227
4748	0.33786416
4749	0.33847529
4750	0.33880320
4751	0.33891720
4752	0.33881578
4753	0.33848402
4754	0.33819264
4755	0.33787242
4756	0.33639133
4757	0.33483377
4758	0.33325553
4759	0.33206969
4760	0.32937416
4761	0.32743132
4762	0.32487592
4763	0.32212886
4764	0.31935444
4765	0.31574973
4766	0.31267512
4767	0.30981001
4768	0.30661374
4769	0.30292159
4770	0.30011672
4771	0.29560465
4772	0.29209280
4773	0.28853607
4774	0.28518626
4775	0.28212494
4776	0.27917999
4777	0.27586204
4778	0.27366245
4779	0.27134824
4780	0.26926315
4781	0.26738167
4782	0.26577547
4783	0.26441804
4784	0.26326737
4785	0.26230606
4786	0.26146460
4787	0.26083747
4788	0.26039535
4789	0.26017907
4790	0.26001078
4791	0.26046196
4792	0.26089957
4793	0.26053903
4794	0.25929743
4795	0.25822404
4796	0.25654867
4797	0.25441217
4798	0.25003180
4799	0.24519619
4800	0.24153788
4801	0.23658849
4802	0.23364742
4803	0.23218873
4804	0.23061234
4805	0.23073535
4806	0.23112522
4807	0.23185031
4808	0.23265548
4809	0.23322803
4810	0.23366614
4811	0.23365930
4812	0.23343682
4813	0.23317544
4814	0.23276757
4815	0.23284025
4816	0.23330843
4817	0.23394713
4818	0.23533227
4819	0.23563015
4820	0.23657304
4821	0.23749635
4822	0.23572040
4823	0.24055986
4824	0.24275836
4825	0.24428242
4826	0.24577066
4827	0.24725330
4828	0.24889059
4829	0.25016958
4830	0.25203678
4831	0.25414336
4832	0.25631618
4833	0.25862926
4834	0.26102403
4835	0.26370442
4836	0.26669332
4837	0.26973328
4838	0.27297843
4839	0.27627295
4840	0.27951083
4841	0.28240591
4842	0.28479525
4843	0.28666714
4844	0.28835481
4845	0.28995550
4846	0.29151511
4847	0.29291490
4848	0.29424170
4849	0.29539165
4850	0.29629418
4851	0.29693046
4852	0.29726121
4853	0.29735184
4854	0.29707184
4855	0.29667926
4856	0.29627967
4857	0.29563954
4858	0.29477501
4859	0.29360577
4860	0.29219356
4861	0.29057938
4862	0.28865656
4863	0.28650251
4864	0.28446642
4865	0.28266495
4866	0.28116313
4867	0.27990955
4868	0.28000405
4869	0.28014052
4870	0.28074381
4871	0.28164831
4872	0.28318217
4873	0.28491482
4874	0.28686532
4875	0.28894046
4876	0.29102594
4877	0.29316559
4878	0.29505518
4879	0.29677039
4880	0.29819822
4881	0.29929695
4882	0.30022502
4883	0.30096498
4884	0.30151424
4885	0.30193013
4886	0.30222100
4887	0.30274892
4888	0.30289090
4889	0.30358148
4890	0.30270261
4891	0.30371261
4892	0.30261251
4893	0.30231825
4894	0.30296439
4895	0.30170494
4896	0.30132362
4897	0.30128416
4898	0.30081657
4899	0.30008605
4900	0.29925776
4901	0.29771364
4902	0.29627588
4903	0.29490200
4904	0.29197416
4905	0.28911692
4906	0.28609034
4907	0.28297436
4908	0.27934280
4909	0.27701759
4910	0.27398375
4911	0.27117744
4912	0.26807866
4913	0.26482362
4914	0.26347136
4915	0.26192632
4916	0.26081192
4917	0.25995231
4918	0.25937170
4919	0.25937748
4920	0.25945112
4921	0.25984299
4922	0.26064244
4923	0.26189223
4924	0.26350641
4925	0.26536310
4926	0.26637173
4927	0.26602834
4928	0.26572520
4929	0.26483592
4930	0.26130801
4931	0.25645792
4932	0.25284284
4933	0.25000793
4934	0.24532506
4935	0.24062763
4936	0.23920038
4937	0.23839329
4938	0.23824547
4939	0.23849177
4940	0.23866452
4941	0.23879328
4942	0.23968622
4943	0.24023028
4944	0.24055932
4945	0.24059547
4946	0.24048452
4947	0.24045080
4948	0.24038498
4949	0.24093650
4950	0.24171615
4951	0.24269681
4952	0.24355945
4953	0.24433570
4954	0.24576330
4955	0.24702919
4956	0.24908432
4957	0.25048059
4958	0.25202882
4959	0.25368366
4960	0.25535306
4961	0.25724134
4962	0.25885758
4963	0.26103419
4964	0.26334798
4965	0.26577094
4966	0.26826724
4967	0.27107805
4968	0.27421695
4969	0.27763128
4970	0.28132135
4971	0.28536421
4972	0.28972527
4973	0.29418215
4974	0.29857555
4975	0.30259615
4976	0.30599186
4977	0.30890492
4978	0.31137103
4979	0.31363890
4980	0.31528866
4981	0.31683710
4982	0.31830847
4983	0.31907877
4984	0.31942043
4985	0.31940389
4986	0.31908458
4987	0.31845021
4988	0.31757289
4989	0.31663835
4990	0.31556842
4991	0.31414416
4992	0.31267196
4993	0.31099132
4994	0.30915594
4995	0.30713961
4996	0.30507195
4997	0.30281815
4998	0.30092779
4999	0.29894802
5000	0.29855901
5001	0.29810646
5002	0.29812896
5003	0.29852417
5004	0.29926336
5005	0.30034038
5006	0.30177367
5007	0.30348611
5008	0.30538481
5009	0.30718854
5010	0.30936131
5011	0.31116661
5012	0.31277105
5013	0.31405962
5014	0.31516942
5015	0.31605807
5016	0.31676987
5017	0.31734329
5018	0.31777632
5019	0.31816036
5020	0.31842914
5021	0.31894040
5022	0.31958541
5023	0.31939253
5024	0.31834683
5025	0.31783783
5026	0.31699175
5027	0.31605142
5028	0.31479040
5029	0.31331438
5030	0.31172916
5031	0.30801061
5032	0.30849749
5033	0.30651695
5034	0.30384812
5035	0.30092037
5036	0.29774305
5037	0.29498267
5038	0.29204676
5039	0.28907293
5040	0.28582472
5041	0.28255001
5042	0.27928245
5043	0.27602330
5044	0.27243379
5045	0.26987875
5046	0.26711726
5047	0.26459819
5048	0.26227811
5049	0.26024997
5050	0.25844207
5051	0.25692722
5052	0.25552359
5053	0.25426599
5054	0.25321633
5055	0.25240692
5056	0.25193602
5057	0.25155389
5058	0.25187457
5059	0.25249141
5060	0.25247276
5061	0.25147212
5062	0.25006971
5063	0.24874052
5064	0.24498118
5065	0.24303803
5066	0.23856230
5067	0.23274276
5068	0.22787988
5069	0.22409339
5070	0.22207850
5071	0.22100116
5072	0.21958837
5073	0.22077280
5074	0.22197811
5075	0.22330052
5076	0.22442368
5077	0.22516666
5078	0.22546943
5079	0.22520927
5080	0.22492768
5081	0.22471127
5082	0.22460951
5083	0.22470517
5084	0.22521435
5085	0.22672743
5086	0.22650275
5087	0.22760670
5088	0.22761200
5089	0.23136081
5090	0.23284784
5091	0.23441027
5092	0.23596388
5093	0.23760159
5094	0.23932196
5095	0.24081856
5096	0.24300244
5097	0.24526019
5098	0.24780877
5099	0.25044629
5100	0.25350553
5101	0.25679231
5102	0.26024929
5103	0.26404551
5104	0.26817566
5105	0.27263942
5106	0.27735358
5107	0.28212550
5108	0.28669068
5109	0.29071698
5110	0.29422247
5111	0.29732892
5112	0.30017981
5113	0.30266353
5114	0.30531520
5115	0.30751848
5116	0.30937570
5117	0.31089044
5118	0.31212839
5119	0.31313846
5120	0.31398025
5121	0.31468746
5122	0.31518897
5123	0.31549478
5124	0.31575826
5125	0.31582850
5126	0.31569830
5127	0.31530628
5128	0.31474277
5129	0.31392473
5130	0.31306618
5131	0.31185189
5132	0.31082729
5133	0.31095365
5134	0.31051806
5135	0.31101391
5136	0.31175044
5137	0.31286269
5138	0.31423253
5139	0.31581014
5140	0.31763542
5141	0.31966332
5142	0.32177925
5143	0.32427877
5144	0.32641506
5145	0.32836896
5146	0.33022836
5147	0.33177286
5148	0.33313692
5149	0.33425257
5150	0.33522111
5151	0.33604181
5152	0.33667716
5153	0.33713868
5154	0.33781257
5155	0.33803943
5156	0.33854333
5157	0.33768442
5158	0.33715227
5159	0.33656210
5160	0.33581609
5161	0.33518475
5162	0.33401284
5163	0.33269769
5164	0.33102480
5165	0.33027014
5166	0.32864782
5167	0.32697856
5168	0.32530391
5169	0.32366541
5170	0.32191661
5171	0.31924340
5172	0.31723845
5173	0.31265432
5174	0.31072932
5175	0.31005856
5176	0.30808553
5177	0.30598623
5178	0.30391264
5179	0.30197990
5180	0.29986632
5181	0.29849124
5182	0.29707399
5183	0.29579955
5184	0.29460317
5185	0.29354429
5186	0.29253533
5187	0.29151854
5188	0.29108971
5189	0.29085496
5190	0.29102930
5191	0.29160917
5192	0.29273617
5193	0.29412714
5194	0.29501751
5195	0.29480082
5196	0.29399285
5197	0.29327798
5198	0.29001758
5199	0.28621501
5200	0.28231388
5201	0.27810824
5202	0.27344406
5203	0.26976401
5204	0.26698735
5205	0.26531535
5206	0.26450780
5207	0.26451468
5208	0.26509082
5209	0.26602829
5210	0.26657364
5211	0.26677391
5212	0.26745901
5213	0.26761332
5214	0.26761183
5215	0.26755381
5216	0.26760265
5217	0.26785198
5218	0.26840970
5219	0.26936236
5220	0.27035403
5221	0.27169186
5222	0.27307650
5223	0.27508587
5224	0.27616218
5225	0.27792135
5226	0.27916023
5227	0.28070039
5228	0.28253967
5229	0.28367069
5230	0.28549317
5231	0.28705755
5232	0.28918391
5233	0.29138047
5234	0.29366347
5235	0.29632100
5236	0.29944259
5237	0.30275586
5238	0.30609411
5239	0.30970171
5240	0.31346804
5241	0.31687713
5242	0.32004350
5243	0.32263723
5244	0.32482728
5245	0.32681826
5246	0.32877865
5247	0.33068645
5248	0.33251157
5249	0.33422053
5250	0.33564514
5251	0.33687714
5252	0.33764666
5253	0.33870283
5254	0.33942184
5255	0.34000808
5256	0.34050488
5257	0.34093785
5258	0.34117073
5259	0.34115425
5260	0.34091797
5261	0.34043455
5262	0.33972758
5263	0.33881575
5264	0.33788091
5265	0.33695430
5266	0.33609623
5267	0.33567771
5268	0.33470637
5269	0.33579752
5270	0.33652318
5271	0.33767822
5272	0.33911279
5273	0.34091067
5274	0.34302044
5275	0.34555054
5276	0.34821001
5277	0.35086635
5278	0.35356280
5279	0.35593224
5280	0.35820171
5281	0.36026773
5282	0.36198354
5283	0.36367825
5284	0.36516619
5285	0.36648485
5286	0.36764756
5287	0.36876053
5288	0.37003025
5289	0.37087736
5290	0.37210819
5291	0.37204397
5292	0.37262559
5293	0.37198943
5294	0.37268624
5295	0.37279665
5296	0.37275979
5297	0.37257111
5298	0.37234437
5299	0.37172046
5300	0.37034038
5301	0.36888942
5302	0.36652002
5303	0.36440265
5304	0.36198756
5305	0.35915419
5306	0.35600361
5307	0.35190764
5308	0.34828374
5309	0.34460270
5310	0.34076613
5311	0.33664960
5312	0.33338568
5313	0.32995576
5314	0.32672611
5315	0.32381299
5316	0.32118189
5317	0.31890231
5318	0.31695509
5319	0.31520629
5320	0.31373230
5321	0.31248674
5322	0.31154430
5323	0.31098562
5324	0.31091288
5325	0.31094030
5326	0.31129500
5327	0.31084377
5328	0.31027865
5329	0.30946150
5330	0.30757678
5331	0.30425256
5332	0.30050233
5333	0.29684266
5334	0.29260957
5335	0.28803664
5336	0.28587663
5337	0.28404778
5338	0.28304705
5339	0.28278372
5340	0.28317496
5341	0.28386196
5342	0.28483918
5343	0.28557044
5344	0.28648034
5345	0.28542909
5346	0.28561196
5347	0.28559592
5348	0.28563720
5349	0.28577310
5350	0.28617883
5351	0.28681469
5352	0.28779382
5353	0.28815132
5354	0.28931662
5355	0.29085875
5356	0.29262945
5357	0.29406190
5358	0.29529753
5359	0.29576737
5360	0.29706180
5361	0.29848015
5362	0.29911253
5363	0.30058032
5364	0.30218452
5365	0.30394921
5366	0.30573291
5367	0.30769178
5368	0.31001079
5369	0.31230730
5370	0.31494841
5371	0.31765473
5372	0.32036948
5373	0.32298845
5374	0.32519078
5375	0.32692349
5376	0.32786101
5377	0.32819530
5378	0.32822505
5379	0.32813510
5380	0.32790437
5381	0.32759067
5382	0.32715687
5383	0.32658759
5384	0.32603881
5385	0.32520565
5386	0.32475781
5387	0.32443753
5388	0.32422799
5389	0.32405227
5390	0.32387260
5391	0.32359836
5392	0.32321694
5393	0.32259393
5394	0.32185334
5395	0.32091811
5396	0.31995887
5397	0.31902066
5398	0.31822255
5399	0.31778771
5400	0.31704721
5401	0.31817845
5402	0.31887829
5403	0.31985182
5404	0.32106701
5405	0.32257518
5406	0.32422137
5407	0.32599729
5408	0.32801244
5409	0.32959530
5410	0.33146200
5411	0.33281723
5412	0.33392403
5413	0.33474493
5414	0.33516580
5415	0.33543304
5416	0.33544451
5417	0.33522844
5418	0.33483928
5419	0.33418834
5420	0.33374193
5421	0.33331406
5422	0.33201358
5423	0.33026138
5424	0.32864398
5425	0.32645032
5426	0.32460856
5427	0.32304168
5428	0.32131475
5429	0.31899291
5430	0.31711856
5431	0.31527409
5432	0.31304201
5433	0.31060550
5434	0.30711663
5435	0.30367231
5436	0.30048212
5437	0.29703668
5438	0.29340929
5439	0.28975287
5440	0.28648886
5441	0.28312492
5442	0.27995813
5443	0.27670258
5444	0.27434108
5445	0.27224669
5446	0.27045229
5447	0.26840803
5448	0.26717436
5449	0.26625478
5450	0.26556233
5451	0.26503828
5452	0.26471812
5453	0.26462302
5454	0.26477084
5455	0.26510575
5456	0.26587841
5457	0.26703233
5458	0.26763964
5459	0.26704109
5460	0.26619539
5461	0.26481432
5462	0.26075891
5463	0.25625539
5464	0.25340679
5465	0.24868916
5466	0.24386618
5467	0.23893255
5468	0.23698112
5469	0.23611082
5470	0.23595388
5471	0.23630449
5472	0.23614436
5473	0.23711321
5474	0.23791285
5475	0.23861484
5476	0.23884335
5477	0.23885761
5478	0.23851885
5479	0.23846005
5480	0.23852029
5481	0.23887688
5482	0.23953959
5483	0.24050920
5484	0.24145856
5485	0.24227132
5486	0.24341504
5487	0.24453239
5488	0.24639298
5489	0.24786289
5490	0.25022593
5491	0.25186649
5492	0.25362235
5493	0.25533271
5494	0.25644159
5495	0.25873443
5496	0.26093978
5497	0.26341677
5498	0.26602456
5499	0.26899692
5500	0.27225047
5501	0.27593032
5502	0.27991319
5503	0.28407511
5504	0.28838131
5505	0.29275832
5506	0.29692221
5507	0.30053416
5508	0.30351555
5509	0.30647218
5510	0.30918479
5511	0.31190613
5512	0.31456107
5513	0.31711283
5514	0.31943545
5515	0.32138935
5516	0.32298851
5517	0.32416537
5518	0.32503554
5519	0.32561919
5520	0.32566521
5521	0.32563680
5522	0.32536107
5523	0.32481620
5524	0.32393652
5525	0.32274142
5526	0.32129663
5527	0.31963781
5528	0.31794453
5529	0.31609449
5530	0.31445932
5531	0.31316847
5532	0.31182793
5533	0.31247738
5534	0.31280366
5535	0.31353146
5536	0.31467605
5537	0.31619960
5538	0.31807289
5539	0.32053560
5540	0.32297224
5541	0.32568720
5542	0.32860953
5543	0.33119470
5544	0.33351153
5545	0.33582249
5546	0.33792028
5547	0.33982074
5548	0.34167042
5549	0.34341970
5550	0.34500000
5551	0.34653372
5552	0.34826127
5553	0.34944960
5554	0.35113084
5555	0.35119510
5556	0.35161716
5557	0.35239896
5558	0.35196570
5559	0.35199744
5560	0.35139567
5561	0.35044521
5562	0.34942755
5563	0.34794828
5564	0.34512797
5565	0.34259978
5566	0.33999813
5567	0.33725157
5568	0.33450153
5569	0.33171272
5570	0.32803419
5571	0.32523000
5572	0.32229161
5573	0.31924173
5574	0.31614986
5575	0.31320673
5576	0.31035328
5577	0.30775839
5578	0.30530950
5579	0.30355474
5580	0.30211323
5581	0.30106506
5582	0.30033335
5583	0.29981294
5584	0.29948229
5585	0.29960316
5586	0.29976764
5587	0.30013865
5588	0.30082789
5589	0.30193061
5590	0.30324012
5591	0.30376953
5592	0.30344835
5593	0.30301186
5594	0.30246001
5595	0.29847199
5596	0.29503071
5597	0.29143459
5598	0.28762046
5599	0.28303713
5600	0.28071916
5601	0.27880713
5602	0.27745780
5603	0.27633342
5604	0.27629972
5605	0.27684698
5606	0.27781215
5607	0.27881661
5608	0.27962708
5609	0.27958700
5610	0.27996689
5611	0.27999672
5612	0.28034338
5613	0.28052062
5614	0.28097019
5615	0.28266022
5616	0.28314260
5617	0.28410757
5618	0.28517851
5619	0.28645051
5620	0.28831437
5621	0.28966287
5622	0.29105955
5623	0.29263309
5624	0.29417586
5625	0.29560825
5626	0.29693222
5627	0.29896998
5628	0.30102813
5629	0.30304059
5630	0.30516383
5631	0.30763817
5632	0.31050253
5633	0.31351534
5634	0.31674048
5635	0.32028371
5636	0.32397261
5637	0.32755676
5638	0.33108178
5639	0.33396253
5640	0.33633390
5641	0.33817771
5642	0.33986390
5643	0.34141007
5644	0.34268883
5645	0.34361970
5646	0.34401584
5647	0.34381577
5648	0.34354955
5649	0.34336647
5650	0.34285009
5651	0.34227821
5652	0.34169465
5653	0.34102282
5654	0.34030688
5655	0.33943847
5656	0.33847213
5657	0.33714500
5658	0.33601967
5659	0.33473298
5660	0.33343068
5661	0.33223659
5662	0.33089435
5663	0.33132607
5664	0.33091211
5665	0.33135107
5666	0.33224869
5667	0.33345032
5668	0.33487335
5669	0.33656293
5670	0.33843634
5671	0.34039736
5672	0.34237385
5673	0.34449112
5674	0.34612697
5675	0.34785885
5676	0.34905779
5677	0.34991026
5678	0.35035697
5679	0.35063931
5680	0.35068557
5681	0.35052061
5682	0.35028821
5683	0.34989354
5684	0.34959340
5685	0.34889716
5686	0.34849694
5687	0.34729150
5688	0.34542227
5689	0.34377626
5690	0.34213743
5691	0.34049836
5692	0.33847564
5693	0.33623552
5694	0.33375463
5695	0.33106133
5696	0.32852399
5697	0.32651094
5698	0.32380292
5699	0.32081711
5700	0.31797063
5701	0.31483623
5702	0.31090692
5703	0.30768076
5704	0.30440247
5705	0.30098712
5706	0.29783928
5707	0.29465020
5708	0.29184297
5709	0.28922457
5710	0.28594786
5711	0.28360692
5712	0.28154185
5713	0.27967477
5714	0.27788460
5715	0.27614838
5716	0.27443734
5717	0.27262017
5718	0.27089927
5719	0.26940241
5720	0.26822335
5721	0.26757815
5722	0.26701024
5723	0.26747259
5724	0.26678708
5725	0.26573917
5726	0.26410967
5727	0.26215875
5728	0.25817809
5729	0.25391880
5730	0.24996741
5731	0.24522707
5732	0.24034530
5733	0.23735023
5734	0.23570620
5735	0.23502572
5736	0.23469868
5737	0.23464312
5738	0.23571700
5739	0.23693357
5740	0.23794653
5741	0.23851705
5742	0.23865686
5743	0.23866871
5744	0.23893423
5745	0.23909250
5746	0.23944378
5747	0.24006155
5748	0.24103555
5749	0.24257857
5750	0.24320006
5751	0.24490665
5752	0.24626800
5753	0.24787588
5754	0.24961706
5755	0.25117680
5756	0.25305599
5757	0.25479475
5758	0.25666067
5759	0.25875205
5760	0.26127186
5761	0.26377535
5762	0.26633957
5763	0.26843297
5764	0.27133954
5765	0.27462843
5766	0.27809611
5767	0.28204039
5768	0.28631917
5769	0.29102933
5770	0.29566285
5771	0.30035472
5772	0.30435169
5773	0.30785057
5774	0.31113091
5775	0.31433108
5776	0.31727922
5777	0.31998241
5778	0.32242611
5779	0.32446772
5780	0.32612947
5781	0.32742348
5782	0.32816356
5783	0.32887024
5784	0.32932669
5785	0.32990122
5786	0.32999855
5787	0.33015546
5788	0.33014318
5789	0.33000201
5790	0.32971925
5791	0.32928610
5792	0.32864475
5793	0.32790339
5794	0.32714906
5795	0.32637942
5796	0.32577249
5797	0.32543686
5798	0.32587567
5799	0.32612398
5800	0.32720587
5801	0.32796121
5802	0.33052114
5803	0.33278936
5804	0.33534864
5805	0.33818910
5806	0.34122056
5807	0.34449920
5808	0.34747490
5809	0.35049638
5810	0.35357568
5811	0.35611045
5812	0.35821065
5813	0.36020121
5814	0.36188328
5815	0.36339876
5816	0.36467010
5817	0.36578667
5818	0.36702627
5819	0.36774698
5820	0.36903378
5821	0.36856920
5822	0.36873797
5823	0.36810115
5824	0.36810121
5825	0.36962774
5826	0.36902678
5827	0.36812112
5828	0.36747473
5829	0.36683178
5830	0.36593637
5831	0.36494717
5832	0.36378837
5833	0.36238414
5834	0.35959986
5835	0.35798836
5836	0.35611489
5837	0.35416535
5838	0.35198164
5839	0.34985569
5840	0.34772986
5841	0.34467128
5842	0.34419084
5843	0.34213787
5844	0.34088889
5845	0.33991820
5846	0.33902943
5847	0.33832559
5848	0.33734766
5849	0.33683470
5850	0.33583534
5851	0.33535683
5852	0.33408362
5853	0.33386415
5854	0.33470359
5855	0.33543736
5856	0.33654144
5857	0.33702660
5858	0.33668113
5859	0.33603150
5860	0.33523640
5861	0.33207732
5862	0.32852560
5863	0.32522064
5864	0.32120487
5865	0.31711027
5866	0.31350645
5867	0.31127498
5868	0.31004527
5869	0.30997348
5870	0.31043091
5871	0.31109649
5872	0.31206924
5873	0.31312278
5874	0.31426156
5875	0.31479791
5876	0.31510326
5877	0.31517756
5878	0.31513801
5879	0.31389627
5880	0.31412095
5881	0.31470567
5882	0.31607443
5883	0.31656981
5884	0.31753594
5885	0.31862265
5886	0.31993839
5887	0.32258683
5888	0.32379887
5889	0.32537583
5890	0.32691380
5891	0.32844195
5892	0.33004257
5893	0.33149630
5894	0.33334398
5895	0.33530560
5896	0.33732843
5897	0.33947691
5898	0.34190062
5899	0.34462255
5900	0.34748158
5901	0.35053030
5902	0.35405111
5903	0.35757163
5904	0.36117882
5905	0.36446619
5906	0.36716515
5907	0.36917421
5908	0.37107614
5909	0.37300032
5910	0.37486503
5911	0.37638956
5912	0.37814707
5913	0.37914965
5914	0.37999576
5915	0.38043922
5916	0.38055927
5917	0.38065898
5918	0.38026729
5919	0.37956196
5920	0.37878346
5921	0.37775391
5922	0.37646553
5923	0.37497038
5924	0.37302533
5925	0.37078947
5926	0.36851752
5927	0.36706451
5928	0.36500180
5929	0.36312550
5930	0.36164570
5931	0.36065143
5932	0.36029679
5933	0.36035946
5934	0.36086667
5935	0.36175680
5936	0.36303553
5937	0.36424598
5938	0.36602828
5939	0.36787504
5940	0.36967438
5941	0.37139466
5942	0.37318501
5943	0.37436813
5944	0.37542224
5945	0.37597322
5946	0.37634009
5947	0.37645626
5948	0.37636054
5949	0.37617710
5950	0.37610820
5951	0.37556177
5952	0.37489504
5953	0.37409514
5954	0.37289080
5955	0.37160340
5956	0.37007579
5957	0.36822790
5958	0.36646178
5959	0.36429229
5960	0.36231062
5961	0.35970396
5962	0.35712025
5963	0.35427877
5964	0.35115489
5965	0.34772402
5966	0.34449655
5967	0.34116930
5968	0.33767155
5969	0.33383131
5970	0.32921505
5971	0.32583675
5972	0.32215533
5973	0.31941241
5974	0.31653824
5975	0.31396011
5976	0.31158251
5977	0.30951032
5978	0.30770189
5979	0.30546650
5980	0.30417398
5981	0.30302233
5982	0.30199885
5983	0.30089316
5984	0.30021280
5985	0.29982820
5986	0.29980817
5987	0.30025604
5988	0.30081090
5989	0.30182362
5990	0.30198005
5991	0.30128142
5992	0.30030420
5993	0.29831639
5994	0.29466736
5995	0.29059079
5996	0.28637883
5997	0.28121230
5998	0.27732742
5999	0.27378777
6000	0.27179721
6001	0.27064878
6002	0.27034974
6003	0.27067864
6004	0.27146444
6005	0.27245256
6006	0.27201924
6007	0.27293849
6008	0.27319148
6009	0.27317795
6010	0.27313855
6011	0.27307218
6012	0.27324551
6013	0.27373549
6014	0.27449608
6015	0.27610421
6016	0.27648675
6017	0.27777645
6018	0.27892494
6019	0.28092644
6020	0.28315380
6021	0.28480574
6022	0.28663886
6023	0.28798264
6024	0.28979442
6025	0.29117444
6026	0.29356450
6027	0.29584944
6028	0.29834098
6029	0.30101192
6030	0.30395743
6031	0.30703697
6032	0.31070015
6033	0.31446272
6034	0.31869277
6035	0.32312500
6036	0.32769591
6037	0.33213988
6038	0.33619803
6039	0.33964530
6040	0.34266916
6041	0.34528539
6042	0.34778729
6043	0.35000485
6044	0.35212767
6045	0.35386616
6046	0.35516462
6047	0.35594603
6048	0.35661319
6049	0.35702792
6050	0.35728511
6051	0.35757482
6052	0.35756734
6053	0.35718963
6054	0.35680515
6055	0.35618523
6056	0.35538265
6057	0.35433879
6058	0.35310349
6059	0.35158733
6060	0.35008472
6061	0.34858504
6062	0.34733263
6063	0.34607694
6064	0.34512973
6065	0.34513578
6066	0.34541401
6067	0.34643462
6068	0.34711513
6069	0.34853786
6070	0.35027936
6071	0.35237271
6072	0.35456944
6073	0.35698125
6074	0.35924217
6075	0.36125398
6076	0.36370838
6077	0.36544979
6078	0.36695391
6079	0.36820054
6080	0.36907449
6081	0.36974782
6082	0.37009701
6083	0.37029964
6084	0.37025842
6085	0.37029046
6086	0.37031958
6087	0.36933064
6088	0.36814821
6089	0.36680788
6090	0.36543757
6091	0.36420619
6092	0.36249343
6093	0.36050999
6094	0.35866275
6095	0.35657391
6096	0.35386547
6097	0.35098147
6098	0.34828472
6099	0.34533912
6100	0.34163359
6101	0.33757207
6102	0.33415604
6103	0.33078909
6104	0.32787949
6105	0.32487413
6106	0.32179627
6107	0.31937250
6108	0.31723082
6109	0.31530279
6110	0.31355658
6111	0.31126729
6112	0.30996585
6113	0.30884272
6114	0.30792817
6115	0.30703831
6116	0.30614388
6117	0.30532297
6118	0.30467108
6119	0.30422780
6120	0.30414850
6121	0.30440006
6122	0.30463183
6123	0.30561176
6124	0.30686200
6125	0.30656096
6126	0.30573130
6127	0.30424657
6128	0.30264878
6129	0.29865560
6130	0.29436204
6131	0.29006004
6132	0.28603742
6133	0.28138840
6134	0.27807707
6135	0.27622670
6136	0.27526486
6137	0.27515563
6138	0.27554446
6139	0.27645481
6140	0.27755976
6141	0.27769408
6142	0.27778971
6143	0.27835271
6144	0.27836564
6145	0.27829099
6146	0.27829790
6147	0.27846077
6148	0.27887642
6149	0.27965713
6150	0.28111008
6151	0.28150776
6152	0.28263474
6153	0.28386900
6154	0.28582445
6155	0.28810710
6156	0.28997579
6157	0.29176527
6158	0.29321837
6159	0.29513067
6160	0.29694653
6161	0.29925016
6162	0.30174059
6163	0.30435994
6164	0.30674502
6165	0.30971128
6166	0.31326747
6167	0.31727916
6168	0.32146725
6169	0.32605287
6170	0.33101237
6171	0.33614188
6172	0.34113431
6173	0.34561741
6174	0.34955490
6175	0.35310459
6176	0.35632065
6177	0.35934508
6178	0.36224893
6179	0.36489993
6180	0.36717150
6181	0.36894059
6182	0.37010941
6183	0.37110439
6184	0.37184700
6185	0.37237027
6186	0.37271583
6187	0.37295502
6188	0.37290400
6189	0.37265712
6190	0.37220544
6191	0.37155861
6192	0.37073040
6193	0.36946353
6194	0.36788273
6195	0.36664692
6196	0.36612299
6197	0.36489791
6198	0.36424693
6199	0.36363342
6200	0.36352190
6201	0.36392024
6202	0.36473361
6203	0.36582419
6204	0.36690429
6205	0.36848858
6206	0.37035298
6207	0.37239534
6208	0.37443995
6209	0.37647295
6210	0.37832052
6211	0.38034803
6212	0.38196611
6213	0.38320351
6214	0.38424242
6215	0.38507354
6216	0.38572747
6217	0.38610342
6218	0.38645476
6219	0.38687176
6220	0.38734379
6221	0.38713592
6222	0.38568160
6223	0.38510948
6224	0.38329214
6225	0.38246554
6226	0.38117921
6227	0.37962002
6228	0.37778470
6229	0.37599811
6230	0.37320364
6231	0.37060463
6232	0.36789623
6233	0.36475050
6234	0.36179897
6235	0.35860458
6236	0.35450947
6237	0.35115820
6238	0.34774101
6239	0.34441555
6240	0.34116539
6241	0.33800131
6242	0.33514202
6243	0.33237240
6244	0.32986093
6245	0.32751468
6246	0.32544771
6247	0.32372013
6248	0.32220376
6249	0.32081348
6250	0.31947473
6251	0.31823996
6252	0.31706020
6253	0.31613898
6254	0.31549332
6255	0.31526348
6256	0.31494921
6257	0.31540731
6258	0.31563690
6259	0.31458685
6260	0.31302351
6261	0.31158590
6262	0.30779591
6263	0.30354342
6264	0.29980245
6265	0.29628301
6266	0.29177138
6267	0.28736937
6268	0.28591183
6269	0.28487748
6270	0.28457731
6271	0.28499547
6272	0.28594637
6273	0.28598076
6274	0.28771913
6275	0.28865325
6276	0.28874022
6277	0.28934130
6278	0.28925616
6279	0.28916696
6280	0.28912100
6281	0.28921145
6282	0.28958154
6283	0.29026878
6284	0.29092041
6285	0.29209760
6286	0.29320163
6287	0.29455119
6288	0.29652613
6289	0.29754540
6290	0.29929823
6291	0.30104366
6292	0.30282810
6293	0.30483553
6294	0.30718490
6295	0.30948821
6296	0.31187829
6297	0.31430081
6298	0.31605834
6299	0.31882796
6300	0.32200512
6301	0.32554081
6302	0.32903454
6303	0.33287856
6304	0.33690286
6305	0.34099239
6306	0.34513757
6307	0.34850904
6308	0.35135242
6309	0.35393828
6310	0.35635400
6311	0.35865563
6312	0.36092070
6313	0.36307114
6314	0.36499506
6315	0.36655590
6316	0.36758199
6317	0.36855051
6318	0.36930352
6319	0.36983901
6320	0.37017491
6321	0.37033692
6322	0.37024686
6323	0.37002218
6324	0.36942893
6325	0.36853811
6326	0.36745051
6327	0.36596912
6328	0.36451930
6329	0.36304411
6330	0.36169839
6331	0.36065838
6332	0.35968241
6333	0.36068666
6334	0.36123693
6335	0.36219618
6336	0.36356968
6337	0.36536360
6338	0.36757979
6339	0.36994052
6340	0.37270609
6341	0.37552240
6342	0.37845454
6343	0.38117039
6344	0.38381651
6345	0.38626784
6346	0.38857621
6347	0.39069489
6348	0.39270577
6349	0.39455587
6350	0.39618611
6351	0.39763600
6352	0.39916793
6353	0.40019435
6354	0.40158540
6355	0.40128994
6356	0.40110749
6357	0.40129814
6358	0.40073514
6359	0.40012735
6360	0.39972430
6361	0.39773062
6362	0.39602378
6363	0.39576346
6364	0.39215860
6365	0.38907820
6366	0.38516268
6367	0.38143811
6368	0.37740198
6369	0.37307712
6370	0.36860400
6371	0.36376068
6372	0.35836849
6373	0.35370594
6374	0.34901831
6375	0.34488535
6376	0.34101966
6377	0.33760601
6378	0.33472529
6379	0.33244437
6380	0.33079964
6381	0.32975718
6382	0.32930186
6383	0.32932818
6384	0.32981041
6385	0.33066300
6386	0.33198443
6387	0.33311087
6388	0.33358988
6389	0.33302617
6390	0.33265221
6391	0.33198527
6392	0.32962990
6393	0.32564443
6394	0.32243121
6395	0.31885743
6396	0.31512749
6397	0.31201386
6398	0.30999789
6399	0.30948061
6400	0.30883354
6401	0.30864754
6402	0.30879882
6403	0.30913430
6404	0.30963162
6405	0.31014192
6406	0.31038785
6407	0.31098709
6408	0.30958086
6409	0.30968124
6410	0.30962515
6411	0.30973506
6412	0.31011474
6413	0.31069905
6414	0.31134078
6415	0.31196728
6416	0.31275672
6417	0.31379431
6418	0.31498736
6419	0.31752908
6420	0.31913540
6421	0.32062185
6422	0.32221174
6423	0.32385722
6424	0.32510540
6425	0.32697138
6426	0.32895350
6427	0.33109224
6428	0.33338928
6429	0.33576813
6430	0.33843070
6431	0.34146649
6432	0.34455585
6433	0.34800526
6434	0.35150963
6435	0.35541216
6436	0.35927832
6437	0.36281553
6438	0.36570939
6439	0.36807373
6440	0.36987329
6441	0.37153274
6442	0.37302485
6443	0.37427741
6444	0.37534967
6445	0.37606692
6446	0.37621844
6447	0.37639752
6448	0.37640187
6449	0.37626886
6450	0.37607551
6451	0.37608880
6452	0.37567008
6453	0.37508434
6454	0.37412879
6455	0.37318522
6456	0.37173328
6457	0.37024125
6458	0.36854950
6459	0.36674708
6460	0.36514312
6461	0.36332563
6462	0.36304921
6463	0.36266339
6464	0.36262164
6465	0.36290884
6466	0.36338347
6467	0.36416674
6468	0.36526316
6469	0.36654305
6470	0.36795914
6471	0.36898172
6472	0.37057886
6473	0.37162021
6474	0.37215489
6475	0.37309274
6476	0.37333241
6477	0.37365669
6478	0.37358427
6479	0.37337980
6480	0.37309697
6481	0.37275523
6482	0.37235788
6483	0.37234086
6484	0.37190932
6485	0.37203312
6486	0.37057310
6487	0.36967951
6488	0.36856771
6489	0.36725974
6490	0.36609867
6491	0.36499792
6492	0.36341703
6493	0.36142012
6494	0.35926563
6495	0.35721204
6496	0.35504356
6497	0.35279238
6498	0.35036790
6499	0.34739137
6500	0.34446424
6501	0.34081119
6502	0.33785009
6503	0.33493009
6504	0.33201000
6505	0.32873678
6506	0.32612374
6507	0.32399416
6508	0.32134834
6509	0.31895810
6510	0.31676489
6511	0.31482971
6512	0.31333050
6513	0.31104183
6514	0.30957711
6515	0.30840039
6516	0.30741653
6517	0.30672646
6518	0.30634385
6519	0.30636606
6520	0.30634239
6521	0.30647874
6522	0.30548754
6523	0.30465174
6524	0.30338460
6525	0.30184886
6526	0.29696923
6527	0.29344246
6528	0.28964853
6529	0.28538033
6530	0.28122899
6531	0.27925059
6532	0.27796659
6533	0.27745306
6534	0.27764636
6535	0.27820706
6536	0.27912223
6537	0.28005475
6538	0.28054652
6539	0.27942148
6540	0.28012058
6541	0.27982506
6542	0.27956703
6543	0.27937046
6544	0.27946398
6545	0.27981114
6546	0.28038010
6547	0.28120810
6548	0.28196561
6549	0.28306890
6550	0.28468043
6551	0.28597811
6552	0.28793579
6553	0.28933844
6554	0.29074985
6555	0.29217571
6556	0.29363403
6557	0.29512617
6558	0.29631576
6559	0.29808933
6560	0.30007291
6561	0.30209062
6562	0.30419937
6563	0.30654755
6564	0.30913866
6565	0.31213841
6566	0.31514013
6567	0.31844726
6568	0.32201996
6569	0.32559860
6570	0.32896209
6571	0.33193210
6572	0.33429125
6573	0.33604231
6574	0.33769366
6575	0.33920825
6576	0.34049374
6577	0.34163493
6578	0.34239960
6579	0.34287748
6580	0.34288204
6581	0.34288982
6582	0.34284779
6583	0.34265959
6584	0.34266442
6585	0.34231958
6586	0.34184512
6587	0.34108707
6588	0.34026185
6589	0.33918780
6590	0.33784240
6591	0.33630410
6592	0.33437636
6593	0.33266911
6594	0.33091199
6595	0.32946545
6596	0.32858229
6597	0.32730341
6598	0.32738408
6599	0.32754341
6600	0.32794914
6601	0.32863736
6602	0.32963103
6603	0.33092731
6604	0.33231235
6605	0.33382693
6606	0.33511180
6607	0.33693719
6608	0.33863479
6609	0.33990425
6610	0.34088981
6611	0.34184715
6612	0.34270155
6613	0.34355468
6614	0.34436244
6615	0.34518445
6616	0.34596035
6617	0.34705624
6618	0.34769717
6619	0.34816679
6620	0.34781766
6621	0.34812471
6622	0.34824136
6623	0.34772179
6624	0.34741655
6625	0.34592676
6626	0.34420919
6627	0.34217605
6628	0.34004125
6629	0.33765817
6630	0.33488008
6631	0.33219343
6632	0.32909536
6633	0.32577351
6634	0.32145306
6635	0.31791711
6636	0.31431767
6637	0.31071717
6638	0.30732447
6639	0.30359200
6640	0.30034858
6641	0.29720113
6642	0.29425865
6643	0.29154971
6644	0.28919464
6645	0.28725761
6646	0.28575429
6647	0.28484011
6648	0.28408670
6649	0.28337929
6650	0.28300858
6651	0.28284460
6652	0.28285536
6653	0.28324583
6654	0.28403279
6655	0.28510240
6656	0.28543690
6657	0.28501511
6658	0.28387988
6659	0.28238410
6660	0.27844515
6661	0.27389625
6662	0.27071244
6663	0.26606455
6664	0.26131406
6665	0.25790235
6666	0.25603807
6667	0.25524315
6668	0.25519353
6669	0.25583974
6670	0.25588700
6671	0.25727078
6672	0.25833198
6673	0.25907907
6674	0.25942129
6675	0.25961611
6676	0.25970429
6677	0.25983405
6678	0.26005995
6679	0.26055431
6680	0.26135874
6681	0.26244369
6682	0.26350218
6683	0.26473334
6684	0.26608735
6685	0.26745096
6686	0.26728711
6687	0.27113521
6688	0.27231479
6689	0.27395791
6690	0.27621824
6691	0.27763543
6692	0.27961737
6693	0.28155896
6694	0.28391379
6695	0.28635684
6696	0.28903821
6697	0.29177094
6698	0.29523164
6699	0.29860291
6700	0.30226958
6701	0.30611405
6702	0.31009209
6703	0.31384182
6704	0.31712943
6705	0.31986886
6706	0.32221007
6707	0.32446098
6708	0.32694715
6709	0.32873014
6710	0.33060524
6711	0.33216357
6712	0.33344215
6713	0.33441272
6714	0.33490652
6715	0.33550420
6716	0.33599052
6717	0.33638570
6718	0.33677703
6719	0.33697012
6720	0.33700180
6721	0.33682603
6722	0.33640146
6723	0.33575475
6724	0.33470839
6725	0.33356741
6726	0.33232927
6727	0.33099270
6728	0.32997495
6729	0.32907939
6730	0.32860234
6731	0.32814965
6732	0.32932779
6733	0.33021539
6734	0.33103696
6735	0.33245495
6736	0.33417055
6737	0.33613881
6738	0.33815497
6739	0.34019822
6740	0.34222928
6741	0.34423867
6742	0.34596315
6743	0.34754661
6744	0.34907454
6745	0.34991407
6746	0.35067564
6747	0.35130867
6748	0.35177836
6749	0.35219893
6750	0.35244709
6751	0.35293260
6752	0.35291472
6753	0.35259819
6754	0.35218060
6755	0.35160697
6756	0.35075876
6757	0.35024607
6758	0.34910172
6759	0.34794089
6760	0.34618858
6761	0.34459168
6762	0.34304896
6763	0.34145910
6764	0.33936930
6765	0.33727571
6766	0.33471218
6767	0.33137685
6768	0.32762715
6769	0.32440141
6770	0.32109660
6771	0.31796059
6772	0.31464145
6773	0.31138331
6774	0.30860466
6775	0.30660671
6776	0.30429181
6777	0.30229497
6778	0.30048636
6779	0.29896331
6780	0.29695484
6781	0.29572102
6782	0.29450449
6783	0.29369342
6784	0.29321188
6785	0.29324424
6786	0.29344243
6787	0.29442927
6788	0.29474577
6789	0.29425681
6790	0.29351288
6791	0.29194310
6792	0.28823671
6793	0.28456402
6794	0.28069451
6795	0.27635679
6796	0.27144146
6797	0.26791111
6798	0.26558399
6799	0.26439989
6800	0.26413599
6801	0.26455915
6802	0.26531079
6803	0.26621094
6804	0.26610842
6805	0.26670703
6806	0.26696682
6807	0.26693401
6808	0.26679823
6809	0.26663542
6810	0.26661026
6811	0.26695064
6812	0.26760757
6813	0.26851317
6814	0.26940495
6815	0.27058324
6816	0.27172938
6817	0.27324471
6818	0.27534771
6819	0.27697557
6820	0.27820241
6821	0.27992016
6822	0.28224835
6823	0.28369182
6824	0.28551245
6825	0.28772295
6826	0.29002979
6827	0.29253128
6828	0.29525942
6829	0.29826650
6830	0.30168727
6831	0.30514517
6832	0.30902848
6833	0.31287941
6834	0.31662953
6835	0.32016686
6836	0.32308835
6837	0.32527527
6838	0.32710296
6839	0.32872045
6840	0.33016026
6841	0.33139876
6842	0.33241138
6843	0.33312309
6844	0.33360821
6845	0.33382738
6846	0.33358946
6847	0.33351609
6848	0.33345768
6849	0.33356744
6850	0.33339581
6851	0.33307540
6852	0.33277461
6853	0.33234859
6854	0.33173922
6855	0.33083713
6856	0.32998240
6857	0.32892022
6858	0.32783070
6859	0.32677734
6860	0.32594863
6861	0.32541746
6862	0.32530037
6863	0.32555449
6864	0.32558683
6865	0.32729307
6866	0.32867402
6867	0.33027533
6868	0.33221832
6869	0.33434772
6870	0.33654359
6871	0.33904216
6872	0.34104720
6873	0.34312224
6874	0.34524480
6875	0.34664899
6876	0.34798920
6877	0.34908223
6878	0.35004267
6879	0.35081169
6880	0.35144794
6881	0.35202777
6882	0.35279831
6883	0.35314015
6884	0.35398966
6885	0.35338888
6886	0.35270369
6887	0.35308129
6888	0.35279983
6889	0.35273579
6890	0.35257694
6891	0.35201097
6892	0.35102147
6893	0.35098091
6894	0.34952745
6895	0.34803089
6896	0.34618971
6897	0.34370190
6898	0.34100369
6899	0.33831835
6900	0.33450195
6901	0.33137646
6902	0.32836768
6903	0.32528964
6904	0.32232267
6905	0.31895846
6906	0.31651744
6907	0.31382698
6908	0.31129506
6909	0.30901238
6910	0.30699801
6911	0.30536208
6912	0.30400142
6913	0.30285838
6914	0.30202350
6915	0.30139840
6916	0.30111617
6917	0.30108571
6918	0.30112463
6919	0.30138546
6920	0.30089885
6921	0.29960185
6922	0.29873601
6923	0.29740915
6924	0.29350200
6925	0.29010734
6926	0.28674752
6927	0.28279418
6928	0.28051230
6929	0.27710146
6930	0.27583230
6931	0.27530491
6932	0.27541381
6933	0.27589163
6934	0.27657884
6935	0.27728364
6936	0.27800605
6937	0.27773586
6938	0.27820757
6939	0.27835378
6940	0.27836132
6941	0.27821305
6942	0.27798885
6943	0.27798209
6944	0.27826983
6945	0.27863982
6946	0.27893263
6947	0.28005806
6948	0.28102192
6949	0.28372338
6950	0.28433198
6951	0.28585070
6952	0.28753766
6953	0.28935903
6954	0.29123655
6955	0.29253131
6956	0.29536745
6957	0.29776970
6958	0.30003938
6959	0.30248693
6960	0.30507720
6961	0.30805975
6962	0.31101182
6963	0.31426010
6964	0.31783867
6965	0.32147235
6966	0.32564047
6967	0.32992825
6968	0.33423337
6969	0.33857810
6970	0.34228852
6971	0.34571186
6972	0.34874204
6973	0.35162163
6974	0.35479897
6975	0.35778019
6976	0.36070722
6977	0.36332506
6978	0.36571649
6979	0.36758646
6980	0.36908874
6981	0.37017608
6982	0.37096646
6983	0.37152532
6984	0.37160981
6985	0.37137771
6986	0.37078571
6987	0.36982885
6988	0.36859006
6989	0.36696595
6990	0.36522269
6991	0.36347452
6992	0.36302552
6993	0.36266291
6994	0.36243030
6995	0.36258873
6996	0.36311081
6997	0.36399150
6998	0.36490780
6999	0.36631620
7000	0.36793661
7001	0.36981350
7002	0.37174821
7003	0.37360185
7004	0.37580308
7005	0.37743872
7006	0.37882665
7007	0.38003418
7008	0.38098484
7009	0.38171640
7010	0.38232985
7011	0.38271841
7012	0.38295278
7013	0.38390920
7014	0.38379261
7015	0.38280922
7016	0.38209784
7017	0.38131925
7018	0.38034415
7019	0.37952328
7020	0.37844375
7021	0.37669283
7022	0.37492076
7023	0.37305263
7024	0.36982358
7025	0.36732349
7026	0.36421755
7027	0.36089331
7028	0.35675338
7029	0.35296065
7030	0.34877694
7031	0.34367508
7032	0.33939046
7033	0.33491272
7034	0.33071163
7035	0.32631689
7036	0.32233468
7037	0.31850630
7038	0.31488934
7039	0.31158313
7040	0.30870217
7041	0.30615538
7042	0.30400583
7043	0.30221775
7044	0.30070028
7045	0.29947186
7046	0.29857191
7047	0.29800239
7048	0.29777476
7049	0.29793540
7050	0.29830569
7051	0.29811659
7052	0.29706916
7053	0.29607469
7054	0.29484940
7055	0.29201043
7056	0.28793138
7057	0.28398955
7058	0.27991191
7059	0.27575591
7060	0.27292711
7061	0.27097201
7062	0.27013862
7063	0.27010584
7064	0.27064562
7065	0.27156338
7066	0.27268252
7067	0.27387330
7068	0.27478471
7069	0.27432692
7070	0.27465588
7071	0.27459899
7072	0.27450976
7073	0.27445912
7074	0.27455994
7075	0.27500567
7076	0.27566940
7077	0.27694604
7078	0.27723032
7079	0.27829415
7080	0.27935231
7081	0.28122869
7082	0.28324908
7083	0.28488806
7084	0.28644755
7085	0.28794110
7086	0.28920814
7087	0.29073590
7088	0.29263282
7089	0.29473212
7090	0.29692212
7091	0.29916319
7092	0.30167079
7093	0.30468649
7094	0.30764729
7095	0.31090093
7096	0.31442609
7097	0.31806713
7098	0.32169372
7099	0.32525524
7100	0.32834277
7101	0.33098081
7102	0.33327284
7103	0.33560818
7104	0.33786821
7105	0.33993950
7106	0.34184149
7107	0.34342527
7108	0.34458414
7109	0.34512252
7110	0.34553635
7111	0.34564316
7112	0.34569848
7113	0.34535527
7114	0.34467945
7115	0.34392643
7116	0.34296584
7117	0.34177712
7118	0.34029201
7119	0.33861199
7120	0.33663630
7121	0.33467689
7122	0.33259499
7123	0.33054629
7124	0.32860675
7125	0.32698002
7126	0.32672822
7127	0.32674694
7128	0.32662633
7129	0.32723987
7130	0.32821509
7131	0.32955012
7132	0.33120042
7133	0.33301783
7134	0.33495170
7135	0.33697346
7136	0.33872500
7137	0.34056044
7138	0.34195876
7139	0.34291780
7140	0.34340835
7141	0.34370941
7142	0.34365574
7143	0.34339449
7144	0.34285754
7145	0.34213454
7146	0.34152451
7147	0.34037644
7148	0.33955666
7149	0.33729395
7150	0.33547327
7151	0.33350012
7152	0.33194715
7153	0.32983175
7154	0.32735655
7155	0.32476467
7156	0.32213745
7157	0.31955630
7158	0.31688753
7159	0.31438196
7160	0.31146854
7161	0.30721822
7162	0.30425417
7163	0.30138966
7164	0.29852670
7165	0.29592964
7166	0.29351383
7167	0.29117128
7168	0.28953910
7169	0.28809777
7170	0.28703210
7171	0.28625187
7172	0.28568479
7173	0.28463289
7174	0.28444976
7175	0.28440914
7176	0.28421399
7177	0.28397566
7178	0.28373134
7179	0.28372151
7180	0.28395897
7181	0.28468868
7182	0.28562468
7183	0.28718188
7184	0.28799236
7185	0.28756079
7186	0.28675368
7187	0.28572303
7188	0.28206706
7189	0.27730861
7190	0.27371100
7191	0.26891205
7192	0.26420900
7193	0.26091042
7194	0.25894025
7195	0.25805444
7196	0.25800774
7197	0.25842199
7198	0.25893620
7199	0.25953934
7200	0.26008189
7201	0.25929463
7202	0.25984773
7203	0.25965413
7204	0.25927749
7205	0.25885859
7206	0.25857860
7207	0.25871280
7208	0.25922489
7209	0.25992972
7210	0.26093361
7211	0.26172370
7212	0.26285896
7213	0.26423797
7214	0.26641846
7215	0.26818618
7216	0.27020040
7217	0.27227655
7218	0.27447611
7219	0.27680126
7220	0.27859515
7221	0.28119275
7222	0.28393549
7223	0.28739744
7224	0.29045314
7225	0.29369196
7226	0.29741931
7227	0.30093420
7228	0.30509731
7229	0.30952036
7230	0.31424657
7231	0.31916395
7232	0.32394841
7233	0.32861736
7234	0.33276394
7235	0.33629042
7236	0.33951646
7237	0.34250721
7238	0.34515956
7239	0.34752151
7240	0.34965259
7241	0.35126400
7242	0.35232159
7243	0.35329536
7244	0.35413918
7245	0.35459137
7246	0.35499689
7247	0.35522255
7248	0.35535377
7249	0.35514742
7250	0.35494569
7251	0.35465628
7252	0.35398576
7253	0.35330737
7254	0.35262850
7255	0.35183534
7256	0.35110426
7257	0.35053900
7258	0.35045916
7259	0.35006928
7260	0.35135257
7261	0.35252041
7262	0.35407671
7263	0.35583431
7264	0.35796165
7265	0.36037686
7266	0.36302057
7267	0.36565903
7268	0.36842743
7269	0.37103033
7270	0.37372774
7271	0.37583479
7272	0.37754750
7273	0.37917402
7274	0.38047791
7275	0.38158959
7276	0.38251680
7277	0.38329953
7278	0.38390949
7279	0.38473186
7280	0.38495615
7281	0.38568011
7282	0.38341597
7283	0.38448429
7284	0.38338649
7285	0.38362327
7286	0.38286370
7287	0.38205901
7288	0.38072592
7289	0.37948808
7290	0.37796000
7291	0.37617618
7292	0.37409091
7293	0.37167200
7294	0.36855319
7295	0.36163980
7296	0.36030668
7297	0.35646090
7298	0.35238805
7299	0.34817657
7300	0.34410006
7301	0.34007174
7302	0.33608463
7303	0.33268175
7304	0.32961717
7305	0.32691759
7306	0.32463333
7307	0.32269350
7308	0.32110530
7309	0.31976986
7310	0.31856969
7311	0.31763503
7312	0.31689334
7313	0.31648624
7314	0.31648275
7315	0.31692621
7316	0.31739199
7317	0.31832713
7318	0.31794277
7319	0.31748369
7320	0.31664470
7321	0.31543627
7322	0.31136855
7323	0.30745858
7324	0.30392843
7325	0.29969651
7326	0.29511407
7327	0.29204112
7328	0.29039031
7329	0.28953892
7330	0.28996342
7331	0.29029515
7332	0.29091883
7333	0.29167843
7334	0.29245052
7335	0.29262727
7336	0.29347995
7337	0.29336247
7338	0.29317141
7339	0.29164439
7340	0.29170856
7341	0.29216450
7342	0.29291457
7343	0.29381961
7344	0.29490688
7345	0.29580808
7346	0.29706213
7347	0.29905823
7348	0.30131063
7349	0.30302885
7350	0.30491444
7351	0.30630460
7352	0.30812266
7353	0.30974868
7354	0.31178224
7355	0.31399769
7356	0.31625444
7357	0.31863645
7358	0.32115752
7359	0.32333595
7360	0.32656831
7361	0.32987458
7362	0.33358404
7363	0.33765075
7364	0.34163532
7365	0.34573564
7366	0.34948045
7367	0.35260534
7368	0.35484934
7369	0.35661080
7370	0.35797709
7371	0.35908425
7372	0.35992008
7373	0.36053509
7374	0.36081493
7375	0.36080500
7376	0.36030516
7377	0.36021394
7378	0.35972163
7379	0.35920829
7380	0.35869873
7381	0.35808718
7382	0.35738817
7383	0.35643309
7384	0.35545370
7385	0.35421777
7386	0.35293299
7387	0.35149658
7388	0.35005736
7389	0.34848469
7390	0.34698299
7391	0.34568503
7392	0.34445974
7393	0.34467095
7394	0.34488818
7395	0.34577245
7396	0.34626797
7397	0.34748036
7398	0.34899709
7399	0.35077035
7400	0.35267693
7401	0.35455391
7402	0.35628313
7403	0.35781223
7404	0.35975206
7405	0.36099160
7406	0.36179093
7407	0.36215639
7408	0.36238667
7409	0.36236399
7410	0.36221638
7411	0.36182243
7412	0.36122462
7413	0.36079496
7414	0.35986122
7415	0.35935408
7416	0.35740000
7417	0.35586399
7418	0.35408038
7419	0.35220990
7420	0.35049659
7421	0.34827310
7422	0.34631738
7423	0.34334719
7424	0.34125790
7425	0.33895007
7426	0.33634600
7427	0.33350918
7428	0.33050308
7429	0.32739109
7430	0.32423681
7431	0.32110360
7432	0.31805497
7433	0.31515440
7434	0.31246531
7435	0.30980772
7436	0.30786374
7437	0.30615810
7438	0.30362481
7439	0.30262458
7440	0.30160370
7441	0.30145374
7442	0.30073556
7443	0.30012593
7444	0.29940560
7445	0.29862052
7446	0.29798669
7447	0.29736352
7448	0.29706162
7449	0.29723912
7450	0.29758155
7451	0.29835632
7452	0.29832736
7453	0.29752585
7454	0.29636180
7455	0.29486099
7456	0.29064086
7457	0.28693497
7458	0.28279969
7459	0.27821156
7460	0.27467003
7461	0.27203846
7462	0.27050543
7463	0.26984420
7464	0.26985273
7465	0.27046108
7466	0.27137220
7467	0.27233836
7468	0.27300149
7469	0.27225345
7470	0.27302709
7471	0.27301753
7472	0.27300170
7473	0.27302602
7474	0.27317250
7475	0.27364159
7476	0.27435291
7477	0.27546722
7478	0.27619413
7479	0.27760816
7480	0.27882764
7481	0.28038460
7482	0.28237745
7483	0.28433877
7484	0.28567970
7485	0.28758389
7486	0.28957757
7487	0.29159611
7488	0.29419270
7489	0.29660887
7490	0.29901528
7491	0.30152509
7492	0.30417627
7493	0.30705196
7494	0.31050849
7495	0.31391338
7496	0.31714243
7497	0.32161084
7498	0.32558015
7499	0.32990602
7500	0.33388707
7501	0.33719113
7502	0.33998767
7503	0.34259516
7504	0.34501916
7505	0.34722993
7506	0.34926650
7507	0.35093883
7508	0.35229281
7509	0.35324621
7510	0.35362688
7511	0.35400856
7512	0.35442165
7513	0.35450056
7514	0.35443136
7515	0.35410357
7516	0.35377279
7517	0.35327387
7518	0.35261726
7519	0.35175547
7520	0.35061443
7521	0.34943181
7522	0.34823364
7523	0.34697145
7524	0.34580818
7525	0.34492931
7526	0.34446868
7527	0.34412497
7528	0.34533000
7529	0.34633234
7530	0.34767696
7531	0.34943837
7532	0.35092065
7533	0.35304379
7534	0.35540697
7535	0.35771388
7536	0.35991549
7537	0.36210757
7538	0.36399189
7539	0.36594272
7540	0.36721924
7541	0.36826673
7542	0.36900553
7543	0.36952332
7544	0.36982876
7545	0.36993104
7546	0.36980739
7547	0.36977509
7548	0.36915380
7549	0.36889914
7550	0.36708522
7551	0.36568266
7552	0.36357841
7553	0.36159977
7554	0.35981780
7555	0.35795838
7556	0.35559905
7557	0.35291108
7558	0.35006592
7559	0.34697741
7560	0.34370956
7561	0.34023869
7562	0.33646375
7563	0.33158773
7564	0.32763791
7565	0.32098565
7566	0.31991655
7567	0.31498298
7568	0.31173149
7569	0.30811456
7570	0.30457678
7571	0.30127475
7572	0.29825485
7573	0.29497772
7574	0.29262078
7575	0.29052150
7576	0.28894308
7577	0.28770301
7578	0.28676900
7579	0.28601927
7580	0.28558421
7581	0.28541514
7582	0.28564388
7583	0.28623837
7584	0.28648141
7585	0.28655359
7586	0.28526303
7587	0.28396350
7588	0.28208202
7589	0.27741224
7590	0.27300152
7591	0.26899582
7592	0.26456058
7593	0.26065466
7594	0.25764683
7595	0.25620729
7596	0.25551534
7597	0.25554824
7598	0.25602168
7599	0.25684732
7600	0.25765780
7601	0.25747216
7602	0.25791523
7603	0.25817063
7604	0.25803542
7605	0.25770587
7606	0.25748703
7607	0.25740317
7608	0.25762281
7609	0.25808582
7610	0.25887197
7611	0.25955719
7612	0.26067513
7613	0.26180470
7614	0.26153645
7615	0.26537400
7616	0.26704592
7617	0.26883602
7618	0.27066457
7619	0.27250633
7620	0.27528945
7621	0.27660283
7622	0.27893761
7623	0.28137857
7624	0.28397137
7625	0.28661156
7626	0.28953740
7627	0.29297256
7628	0.29631832
7629	0.30003884
7630	0.30401942
7631	0.30829310
7632	0.31249511
7633	0.31660539
7634	0.32014403
7635	0.32303500
7636	0.32550558
7637	0.32783169
7638	0.32992938
7639	0.33171424
7640	0.33322793
7641	0.33435676
7642	0.33506441
7643	0.33517507
7644	0.33518389
7645	0.33513629
7646	0.33474618
7647	0.33414289
7648	0.33339575
7649	0.33229244
7650	0.33127072
7651	0.32998976
7652	0.32864746
7653	0.32724437
7654	0.32581005
7655	0.32442126
7656	0.32334676
7657	0.32244939
7658	0.32210183
7659	0.32225734
7660	0.32292649
7661	0.32361972
7662	0.32576364
7663	0.32779717
7664	0.33020443
7665	0.33277723
7666	0.33559290
7667	0.33837640
7668	0.34135324
7669	0.34383121
7670	0.34627181
7671	0.34867638
7672	0.35049674
7673	0.35187036
7674	0.35300526
7675	0.35387570
7676	0.35446692
7677	0.35477200
7678	0.35488251
7679	0.35501820
7680	0.35462636
7681	0.35459203
7682	0.35297805
7683	0.35185611
7684	0.35049203
7685	0.34846810
7686	0.34712103
7687	0.34565860
7688	0.34439671
7689	0.34243530
7690	0.34012946
7691	0.33801532
7692	0.33590558
7693	0.33361313
7694	0.33110404
7695	0.32777426
7696	0.32415709
7697	0.32105371
7698	0.31796122
7699	0.31464583
7700	0.31136549
7701	0.30737302
7702	0.30518207
7703	0.30251059
7704	0.30009192
7705	0.29735103
7706	0.29559675
7707	0.29425210
7708	0.29330668
7709	0.29265925
7710	0.29226720
7711	0.29199758
7712	0.29198289
7713	0.29217580
7714	0.29276744
7715	0.29339159
7716	0.29475293
7717	0.29585001
7718	0.29597294
7719	0.29537159
7720	0.29455370
7721	0.29151830
7722	0.28669485
7723	0.28303266
7724	0.27882680
7725	0.27377626
7726	0.26928556
7727	0.26743054
7728	0.26588517
7729	0.26527342
7730	0.26535630
7731	0.26606268
7732	0.26708010
7733	0.26822886
7734	0.26908061
7735	0.27004462
7736	0.26880902
7737	0.26885852
7738	0.26867792
7739	0.26831651
7740	0.26846716
7741	0.26903582
7742	0.26963994
7743	0.27037993
7744	0.27130401
7745	0.27244744
7746	0.27407447
7747	0.27642012
7748	0.27801582
7749	0.27967480
7750	0.28123090
7751	0.28290978
7752	0.28458276
7753	0.28566840
7754	0.28791851
7755	0.29000333
7756	0.29221582
7757	0.29463693
7758	0.29724729
7759	0.30016991
7760	0.30341026
7761	0.30671838
7762	0.31038135
7763	0.31427291
7764	0.31830242
7765	0.32215482
7766	0.32555032
7767	0.32841161
7768	0.33071378
7769	0.33267164
7770	0.33445415
7771	0.33606631
7772	0.33726087
7773	0.33813116
7774	0.33862147
7775	0.33882478
7776	0.33874437
7777	0.33822677
7778	0.33784544
7779	0.33737525
7780	0.33684763
7781	0.33620512
7782	0.33544070
7783	0.33446565
7784	0.33337805
7785	0.33206600
7786	0.33066604
7787	0.32943031
7788	0.32770523
7789	0.32624382
7790	0.32497859
7791	0.32365316
7792	0.32395461
7793	0.32417244
7794	0.32480189
7795	0.32580790
7796	0.32710639
7797	0.32870543
7798	0.33042279
7799	0.33270893
7800	0.33473882
7801	0.33675537
7802	0.33874026
7803	0.34034821
7804	0.34170499
7805	0.34284264
7806	0.34350729
7807	0.34405696
7808	0.34437448
7809	0.34446216
7810	0.34441841
7811	0.34423810
7812	0.34422144
7813	0.34368852
7814	0.34354180
7815	0.34212202
7816	0.34106469
7817	0.33997759
7818	0.33796272
7819	0.33746403
7820	0.33573169
7821	0.33373412
7822	0.33243993
7823	0.33051586
7824	0.32831934
7825	0.32620803
7826	0.32396531
7827	0.32167509
7828	0.31904784
7829	0.31520689
7830	0.31242278
7831	0.30947456
7832	0.30647942
7833	0.30383795
7834	0.30126512
7835	0.29876652
7836	0.29659519
7837	0.29373354
7838	0.29255018
7839	0.29059157
7840	0.28934893
7841	0.28832486
7842	0.28731391
7843	0.28636995
7844	0.28549397
7845	0.28459334
7846	0.28399071
7847	0.28402877
7848	0.28433034
7849	0.28513837
7850	0.28595164
7851	0.28602743
7852	0.28503126
7853	0.28391463
7854	0.28249988
7855	0.27818683
7856	0.27346328
7857	0.26943010
7858	0.26485133
7859	0.26034236
7860	0.25742525
7861	0.25622857
7862	0.25541219
7863	0.25534460
7864	0.25563884
7865	0.25611973
7866	0.25669247
7867	0.25686744
7868	0.25822306
7869	0.25656593
7870	0.25694424
7871	0.25667268
7872	0.25650585
7873	0.25653464
7874	0.25689787
7875	0.25755003
7876	0.25836465
7877	0.25939131
7878	0.26006806
7879	0.26117471
7880	0.26291037
7881	0.26499373
7882	0.26647857
7883	0.26806065
7884	0.26972687
7885	0.27146295
7886	0.27324009
7887	0.27476206
7888	0.27675763
7889	0.27905443
7890	0.28153354
7891	0.28412029
7892	0.28696385
7893	0.29007784
7894	0.29356810
7895	0.29723811
7896	0.30122101
7897	0.30539641
7898	0.30969372
7899	0.31387001
7900	0.31750157
7901	0.32050183
7902	0.32297826
7903	0.32549000
7904	0.32760426
7905	0.32956168
7906	0.33132771
7907	0.33285767
7908	0.33403772
7909	0.33494794
7910	0.33567810
7911	0.33625188
7912	0.33668062
7913	0.33698055
7914	0.33725926
7915	0.33719409
7916	0.33727959
7917	0.33706540
7918	0.33652487
7919	0.33591333
7920	0.33547446
7921	0.33420289
7922	0.33316812
7923	0.33215591
7924	0.33121556
7925	0.33049276
7926	0.32986310
7927	0.33056754
7928	0.33121708
7929	0.33226290
7930	0.33377847
7931	0.33547720
7932	0.33758304
7933	0.33983961
7934	0.34203553
7935	0.34437990
7936	0.34686768
7937	0.34886119
7938	0.35068178
7939	0.35219166
7940	0.35327077
7941	0.35425806
7942	0.35501331
7943	0.35555682
7944	0.35594469
7945	0.35617858
7946	0.35664475
7947	0.35667300
7948	0.35719472
7949	0.35615903
7950	0.35516796
7951	0.35458082
7952	0.35433966
7953	0.35414246
7954	0.35298654
7955	0.35260800
7956	0.35176733
7957	0.35069740
7958	0.34974697
7959	0.34880131
7960	0.34774578
7961	0.34651762
7962	0.34512508
7963	0.34304166
7964	0.34024405
7965	0.33806577
7966	0.33602816
7967	0.33389765
7968	0.33172894
7969	0.32962522
7970	0.32769623
7971	0.32528579
7972	0.32450137
7973	0.32245740
7974	0.32117203
7975	0.32002428
7976	0.31899762
7977	0.31790170
7978	0.31713027
7979	0.31662613
7980	0.31651020
7981	0.31672990
7982	0.31733721
7983	0.31792822
7984	0.31774220
7985	0.31701538
7986	0.31628999
7987	0.31545734
7988	0.31198910
7989	0.30833149
7990	0.30524898
7991	0.30170172
7992	0.29741487
7993	0.29461217
7994	0.29311335
7995	0.29214814
7996	0.29240489
7997	0.29273641
7998	0.29324538
7999	0.29390687
8000	0.29498377
8001	0.29546076
8002	0.29562503
8003	0.29542899
8004	0.29506439
8005	0.29293779
8006	0.29310834
8007	0.29317731
8008	0.29363030
8009	0.29483661
8010	0.29514748
8011	0.29587924
8012	0.29691353
8013	0.29871094
8014	0.30004445
8015	0.30153114
8016	0.30310741
8017	0.30477774
8018	0.30733526
8019	0.30820295
8020	0.31028786
8021	0.31224120
8022	0.31446433
8023	0.31686413
8024	0.31940630
8025	0.32213691
8026	0.32516724
8027	0.32824105
8028	0.33202711
8029	0.33585468
8030	0.33968782
8031	0.34381363
8032	0.34773463
8033	0.35111853
8034	0.35373411
8035	0.35579026
8036	0.35778752
8037	0.35952064
8038	0.36105311
8039	0.36247233
8040	0.36360732
8041	0.36451608
8042	0.36489502
8043	0.36555338
8044	0.36584720
8045	0.36608490
8046	0.36629573
8047	0.36639196
8048	0.36614779
8049	0.36593175
8050	0.36547989
8051	0.36481440
8052	0.36393917
8053	0.36276668
8054	0.36179888
8055	0.36072388
8056	0.35982928
8057	0.35928467
8058	0.35921326
8059	0.35956255
8060	0.35999998
8061	0.36190626
8062	0.36313939
8063	0.36512125
8064	0.36743018
8065	0.36997634
8066	0.37269112
8067	0.37554750
8068	0.37821898
8069	0.38067093
8070	0.38359806
8071	0.38569316
8072	0.38754651
8073	0.38915986
8074	0.39058039
8075	0.39178014
8076	0.39284980
8077	0.39374149
8078	0.39478064
8079	0.39533678
8080	0.39630020
8081	0.39609909
8082	0.39606082
8083	0.39547700
8084	0.39515865
8085	0.39492878
8086	0.39414355
8087	0.39324206
8088	0.39248812
8089	0.39117455
8090	0.38960052
8091	0.38806513
8092	0.38632259
8093	0.38437191
8094	0.38179296
8095	0.37932724
8096	0.37656698
8097	0.37340969
8098	0.36949944
8099	0.36606354
8100	0.36269572
8101	0.35911286
8102	0.35619539
8103	0.35341394
8104	0.35083929
8105	0.34860131
8106	0.34668487
8107	0.34518814
8108	0.34402859
8109	0.34332114
8110	0.34246886
8111	0.34216896
8112	0.34218642
8113	0.34272403
8114	0.34337032
8115	0.34448799
8116	0.34486368
8117	0.34465933
8118	0.34434283
8119	0.34343240
8120	0.34016028
8121	0.33658656
8122	0.33343962
8123	0.32967666
8124	0.32512262
8125	0.32184786
8126	0.31986752
8127	0.31861144
8128	0.31824660
8129	0.31853911
8130	0.31965178
8131	0.32095477
8132	0.32195586
8133	0.32219166
8134	0.32339627
8135	0.32346633
8136	0.32328430
8137	0.32306939
8138	0.32286254
8139	0.32289430
8140	0.32320011
8141	0.32319450
8142	0.32336369
8143	0.32429039
8144	0.32526353
8145	0.32779717
8146	0.32925892
8147	0.33068877
8148	0.33225521
8149	0.33382747
8150	0.33537576
8151	0.33652860
8152	0.33848462
8153	0.34036657
8154	0.34249687
8155	0.34475413
8156	0.34718055
8157	0.34982002
8158	0.35287586
8159	0.35592085
8160	0.35926870
8161	0.36284250
8162	0.36643630
8163	0.36978027
8164	0.37249386
8165	0.37457919
8166	0.37623921
8167	0.37776893
8168	0.37939906
8169	0.38076824
8170	0.38194573
8171	0.38282257
8172	0.38337398
8173	0.38364786
8174	0.38370103
8175	0.38358095
8176	0.38330790
8177	0.38299146
8178	0.38253456
8179	0.38196945
8180	0.38120338
8181	0.38008586
8182	0.37894624
8183	0.37747198
8184	0.37597799
8185	0.37430704
8186	0.37255248
8187	0.37087372
8188	0.36941341
8189	0.36790580
8190	0.36804163
8191	0.36811370
8192	0.36868066
8193	0.36952499
8194	0.37072590
8195	0.37224409
8196	0.37398943
8197	0.37554899
8198	0.37751871
8199	0.37939700
8200	0.38145125
8201	0.38269362
8202	0.38438997
8203	0.38547146
8204	0.38626513
8205	0.38689861
8206	0.38719508
8207	0.38730437
8208	0.38728380
8209	0.38700780
8210	0.38684782
8211	0.38663810
8212	0.38563064
8213	0.38371781
8214	0.38229153
8215	0.38072744
8216	0.37926620
8217	0.37745151
8218	0.37525994
8219	0.37266806
8220	0.37001163
8221	0.36713493
8222	0.36388230
8223	0.36062399
8224	0.35715809
8225	0.35322472
8226	0.34948283
8227	0.34541887
8228	0.33788434
8229	0.33582693
8230	0.33186576
8231	0.32850742
8232	0.32486644
8233	0.32144415
8234	0.31818345
8235	0.31520772
8236	0.31250966
8237	0.30916846
8238	0.30702102
8239	0.30517682
8240	0.30343363
8241	0.30181727
8242	0.30032620
8243	0.29905301
8244	0.29816994
8245	0.29767522
8246	0.29772675
8247	0.29821506
8248	0.29888937
8249	0.29872167
8250	0.29772222
8251	0.29637820
8252	0.29475775
8253	0.29048985
8254	0.28590718
8255	0.28207567
8256	0.27739269
8257	0.27286857
8258	0.27030826
8259	0.26870015
8260	0.26793462
8261	0.26791081
8262	0.26839137
8263	0.26929778
8264	0.27031350
8265	0.27121168
8266	0.27169695
8267	0.27015132
8268	0.27069703
8269	0.27040991
8270	0.27032185
8271	0.27029610
8272	0.27054417
8273	0.27110755
8274	0.27166313
8275	0.27243161
8276	0.27336523
8277	0.27442321
8278	0.27480534
8279	0.27780217
8280	0.28009519
8281	0.28192809
8282	0.28370500
8283	0.28554219
8284	0.28750479
8285	0.28910661
8286	0.29151899
8287	0.29401177
8288	0.29673630
8289	0.29966450
8290	0.30298099
8291	0.30640239
8292	0.30999795
8293	0.31400067
8294	0.31829914
8295	0.32292530
8296	0.32768720
8297	0.33222830
8298	0.33653447
8299	0.34021580
8300	0.34358546
8301	0.34672952
8302	0.34990245
8303	0.35262805
8304	0.35536659
8305	0.35760376
8306	0.35922197
8307	0.36083716
8308	0.36197755
8309	0.36280546
8310	0.36342213
8311	0.36396644
8312	0.36424237
8313	0.36416551
8314	0.36407912
8315	0.36365840
8316	0.36311498
8317	0.36225772
8318	0.36113191
8319	0.35954309
8320	0.35888952
8321	0.35761154
8322	0.35647491
8323	0.35560954
8324	0.35508579
8325	0.35499474
8326	0.35518166
8327	0.35560060
8328	0.35610375
8329	0.35701776
8330	0.35811618
8331	0.35942623
8332	0.36072761
8333	0.36200488
8334	0.36320329
8335	0.36455700
8336	0.36535463
8337	0.36599100
8338	0.36633939
8339	0.36655009
8340	0.36653203
8341	0.36633813
8342	0.36600530
8343	0.36555254
8344	0.36526534
8345	0.36495495
8346	0.36412910
8347	0.36241895
8348	0.36131451
8349	0.36014405
8350	0.35887530
8351	0.35776970
8352	0.35637742
8353	0.35521489
8354	0.35370356
8355	0.35198835
8356	0.34990153
8357	0.34744567
8358	0.34523898
8359	0.34315351
8360	0.34025609
8361	0.33743685
8362	0.33449993
8363	0.33052856
8364	0.32739094
8365	0.32405856
8366	0.32056850
8367	0.31758729
8368	0.31488720
8369	0.31245756
8370	0.31034034
8371	0.30841491
8372	0.30679423
8373	0.30530798
8374	0.30401841
8375	0.30276057
8376	0.30170140
8377	0.30082953
8378	0.30013722
8379	0.29982981
8380	0.29999980
8381	0.30042619
8382	0.30175206
8383	0.30181301
8384	0.30153099
8385	0.30091256
8386	0.29963017
8387	0.29602122
8388	0.29224777
8389	0.28874502
8390	0.28423440
8391	0.27991521
8392	0.27691674
8393	0.27508408
8394	0.27377620
8395	0.27323732
8396	0.27338445
8397	0.27398267
8398	0.27473465
8399	0.27550358
8400	0.27559224
8401	0.27489680
8402	0.27519062
8403	0.27491993
8404	0.27467841
8405	0.27452323
8406	0.27467284
8407	0.27519354
8408	0.27605459
8409	0.27658594
8410	0.27787256
8411	0.27900100
8412	0.28100505
8413	0.28258112
8414	0.28435305
8415	0.28625572
8416	0.28846663
8417	0.29062781
8418	0.29321331
8419	0.29479298
8420	0.29724005
8421	0.29983121
8422	0.30241835
8423	0.30531228
8424	0.30869782
8425	0.31204510
8426	0.31566775
8427	0.31972542
8428	0.32417729
8429	0.32890058
8430	0.33366966
8431	0.33809742
8432	0.34213972
8433	0.34577549
8434	0.34925854
8435	0.35271811
8436	0.35598308
8437	0.35897225
8438	0.36163399
8439	0.36378679
8440	0.36533812
8441	0.36693615
8442	0.36796272
8443	0.36874700
8444	0.36938259
8445	0.36963618
8446	0.36990145
8447	0.36996359
8448	0.36986294
8449	0.36956549
8450	0.36907697
8451	0.36833307
8452	0.36748061
8453	0.36650354
8454	0.36557642
8455	0.36435339
8456	0.36441547
8457	0.36436710
8458	0.36488244
8459	0.36584207
8460	0.36651960
8461	0.36779955
8462	0.36932155
8463	0.37109464
8464	0.37298450
8465	0.37500361
8466	0.37695345
8467	0.37893590
8468	0.38073117
8469	0.38244075
8470	0.38402835
8471	0.38500723
8472	0.38583007
8473	0.38652611
8474	0.38708594
8475	0.38752115
8476	0.38779795
8477	0.38840160
8478	0.38847733
8479	0.38840562
8480	0.38851681
8481	0.38853580
8482	0.38614962
8483	0.38519081
8484	0.38519496
8485	0.38374925
8486	0.38182986
8487	0.38041303
8488	0.37856624
8489	0.37647909
8490	0.37434101
8491	0.37210622
8492	0.36959419
8493	0.36560819
8494	0.36290294
8495	0.36019257
8496	0.35727644
8497	0.35452724
8498	0.35173962
8499	0.34904575
8500	0.34655252
8501	0.34374002
8502	0.34198725
8503	0.34017739
8504	0.33782274
8505	0.33640128
8506	0.33528498
8507	0.33421353
8508	0.33321941
8509	0.33220109
8510	0.33129057
8511	0.33048344
8512	0.32978624
8513	0.32965502
8514	0.32991636
8515	0.33022201
8516	0.32976338
8517	0.32879359
8518	0.32781914
8519	0.32650197
8520	0.32298061
8521	0.31944478
8522	0.31631818
8523	0.31267801
8524	0.30915427
8525	0.30632776
8526	0.30469161
8527	0.30384064
8528	0.30361399
8529	0.30408436
8530	0.30525604
8531	0.30587238
8532	0.30716234
8533	0.30781648
8534	0.30813012
8535	0.30806297
8536	0.30779806
8537	0.30750206
8538	0.30729109
8539	0.30606306
8540	0.30639896
8541	0.30789897
8542	0.30780503
8543	0.30878365
8544	0.31013468
8545	0.30926758
8546	0.31345072
8547	0.31478626
8548	0.31624186
8549	0.31778738
8550	0.31941673
8551	0.32054830
8552	0.32271540
8553	0.32463232
8554	0.32665792
8555	0.32882655
8556	0.33105198
8557	0.33344376
8558	0.33606237
8559	0.33907577
8560	0.34239191
8561	0.34596553
8562	0.34993583
8563	0.35408613
8564	0.35816661
8565	0.36193123
8566	0.36526689
8567	0.36809868
8568	0.37059522
8569	0.37301198
8570	0.37543288
8571	0.37720704
8572	0.37901205
8573	0.38061669
8574	0.38157037
8575	0.38212323
8576	0.38232303
8577	0.38221660
8578	0.38189647
8579	0.38112006
8580	0.38021150
8581	0.37904158
8582	0.37757805
8583	0.37589052
8584	0.37393782
8585	0.37190086
8586	0.36967951
8587	0.36744687
8588	0.36524498
8589	0.36447069
8590	0.36385673
8591	0.36271992
8592	0.36238083
8593	0.36233899
8594	0.36261654
8595	0.36320853
8596	0.36410326
8597	0.36523056
8598	0.36655030
8599	0.36797860
8600	0.36962855
8601	0.37090841
8602	0.37194988
8603	0.37272900
8604	0.37344959
8605	0.37396508
8606	0.37431142
8607	0.37462008
8608	0.37479940
8609	0.37490973
8610	0.37525919
8611	0.37514618
8612	0.37534016
8613	0.37429529
8614	0.37400073
8615	0.37283915
8616	0.37170660
8617	0.37045869
8618	0.36887485
8619	0.36721054
8620	0.36532268
8621	0.36318028
8622	0.36081836
8623	0.35822663
8624	0.35544404
8625	0.35250956
8626	0.34946209
8627	0.34634057
8628	0.34318390
8629	0.34003106
8630	0.33692095
8631	0.33389246
8632	0.33074355
8633	0.32833844
8634	0.32583013
8635	0.32298091
8636	0.32095340
8637	0.31917095
8638	0.31780386
8639	0.31718883
8640	0.31644100
8641	0.31600103
8642	0.31587234
8643	0.31586286
8644	0.31615996
8645	0.31679294
8646	0.31780973
8647	0.31880975
8648	0.32039285
8649	0.32106677
8650	0.32094437
8651	0.32023102
8652	0.31941217
8653	0.31585273
8654	0.31199107
8655	0.30828130
8656	0.30353466
8657	0.29876888
8658	0.29488295
8659	0.29268953
8660	0.29146609
8661	0.29101503
8662	0.29184175
8663	0.29240996
8664	0.29328501
8665	0.29419529
8666	0.29465875
8667	0.29545912
8668	0.29550037
8669	0.29538420
8670	0.29532748
8671	0.29397705
8672	0.29459018
8673	0.29538214
8674	0.29647523
8675	0.29779804
8676	0.29899377
8677	0.30030745
8678	0.29990566
8679	0.30395120
8680	0.30562934
8681	0.30682188
8682	0.30861989
8683	0.31041253
8684	0.31240898
8685	0.31428295
8686	0.31722382
8687	0.31978300
8688	0.32269186
8689	0.32506362
8690	0.32865539
8691	0.33265832
8692	0.33699989
8693	0.34166771
8694	0.34671980
8695	0.35203856
8696	0.35727537
8697	0.36217749
8698	0.36637440
8699	0.37013468
8700	0.37336397
8701	0.37645385
8702	0.37940454
8703	0.38177010
8704	0.38421503
8705	0.38659814
8706	0.38725513
8707	0.38819292
8708	0.38879645
8709	0.38899443
8710	0.38899621
8711	0.38866699
8712	0.38821575
8713	0.38727483
8714	0.38625109
8715	0.38506949
8716	0.38365793
8717	0.38214296
8718	0.38045257
8719	0.37881327
8720	0.37720618
8721	0.37577108
8722	0.37460795
8723	0.37388957
8724	0.37370822
8725	0.37417039
8726	0.37471345
8727	0.37677673
8728	0.37870219
8729	0.38105196
8730	0.38355383
8731	0.38645551
8732	0.38918653
8733	0.39245662
8734	0.39516920
8735	0.39781225
8736	0.40016264
8737	0.40224901
8738	0.40405408
8739	0.40554255
8740	0.40681353
8741	0.40782398
8742	0.40860337
8743	0.40915927
8744	0.40978786
8745	0.41036135
8746	0.40952384
8747	0.40865627
8748	0.40799302
8749	0.40689620
8750	0.40543684
8751	0.40368602
8752	0.40171477
8753	0.39971027
8754	0.39729229
8755	0.39463380
8756	0.39190775
8757	0.38917175
8758	0.38642433
8759	0.38360116
8760	0.37941784
8761	0.37654147
8762	0.37358284
8763	0.37078175
8764	0.36780486
8765	0.36421499
8766	0.36189809
8767	0.35940647
8768	0.35718283
8769	0.35523811
8770	0.35276797
8771	0.35136056
8772	0.35012037
8773	0.34918672
8774	0.34848902
8775	0.34769922
8776	0.34694973
8777	0.34625003
8778	0.34568143
8779	0.34531301
8780	0.34533092
8781	0.34577775
8782	0.34641984
8783	0.34636137
8784	0.34544298
8785	0.34435380
8786	0.34330890
8787	0.34031716
8788	0.33638838
8789	0.33288127
8790	0.32903805
8791	0.32484028
8792	0.32118505
8793	0.31902388
8794	0.31784582
8795	0.31746045
8796	0.31768698
8797	0.31897458
8798	0.31993771
8799	0.32099393
8800	0.32193378
8801	0.32248649
8802	0.32243919
8803	0.32310402
8804	0.32291001
8805	0.32278162
8806	0.32093820
8807	0.32189775
8808	0.32262531
8809	0.32329589
8810	0.32446256
8811	0.32561788
8812	0.32744294
8813	0.32906473
8814	0.33078146
8815	0.33197543
8816	0.33462828
8817	0.33690074
8818	0.33844781
8819	0.34008607
8820	0.34225026
8821	0.34447157
8822	0.34668946
8823	0.34920445
8824	0.35188407
8825	0.35491037
8826	0.35826111
8827	0.36182728
8828	0.36577839
8829	0.36994183
8830	0.37453887
8831	0.37917814
8832	0.38358364
8833	0.38758272
8834	0.39103773
8835	0.39419565
8836	0.39715305
8837	0.39986026
8838	0.40269986
8839	0.40521771
8840	0.40718541
8841	0.40893871
8842	0.41022825
8843	0.41119483
8844	0.41179958
8845	0.41214201
8846	0.41221896
8847	0.41201812
8848	0.41146022
8849	0.41067037
8850	0.40960419
8851	0.40815541
8852	0.40639120
8853	0.40460065
8854	0.40259549
8855	0.40057147
8856	0.39973128
8857	0.39865437
8858	0.39802489
8859	0.39780545
8860	0.39793375
8861	0.39833862
8862	0.39905056
8863	0.40011728
8864	0.40127382
8865	0.40274206
8866	0.40445915
8867	0.40583852
8868	0.40712655
8869	0.40829822
8870	0.40925092
8871	0.41004065
8872	0.41061378
8873	0.41095036
8874	0.41116360
8875	0.41119102
8876	0.41110203
8877	0.41117612
8878	0.41072738
8879	0.41014194
8880	0.40905812
8881	0.40811059
8882	0.40623009
8883	0.40475896
8884	0.40367964
8885	0.40181407
8886	0.40074894
8887	0.39740592
8888	0.39573267
8889	0.39304435
8890	0.39012218
8891	0.38699704
8892	0.38339204
8893	0.37990722
8894	0.37599459
8895	0.37152797
8896	0.36776301
8897	0.36398420
8898	0.36023781
8899	0.35678044
8900	0.35362157
8901	0.35073400
8902	0.34811500
8903	0.34580314
8904	0.34385505
8905	0.34224600
8906	0.34102657
8907	0.34005383
8908	0.33932427
8909	0.33880401
8910	0.33848459
8911	0.33847353
8912	0.33873615
8913	0.33931416
8914	0.33958772
8915	0.33899343
8916	0.33820346
8917	0.33725256
8918	0.33629906
8919	0.33286148
8920	0.32919586
8921	0.32634816
8922	0.32272857
8923	0.31901813
8924	0.31622881
8925	0.31474945
8926	0.31408393
8927	0.31391311
8928	0.31472442
8929	0.31550780
8930	0.31638750
8931	0.31730613
8932	0.31806913
8933	0.31840271
8934	0.31903404
8935	0.31897128
8936	0.31885991
8937	0.31710154
8938	0.31737283
8939	0.31796649
8940	0.31874797
8941	0.31977683
8942	0.32028666
8943	0.32113537
8944	0.32296622
8945	0.32428268
8946	0.32575253
8947	0.32820749
8948	0.32984489
8949	0.33113879
8950	0.33256260
8951	0.33461490
8952	0.33673218
8953	0.33898354
8954	0.34136835
8955	0.34392834
8956	0.34661585
8957	0.34964782
8958	0.35279155
8959	0.35621956
8960	0.36000428
8961	0.36414370
8962	0.36853614
8963	0.37283185
8964	0.37693045
8965	0.38048673
8966	0.38342005
8967	0.38589761
8968	0.38816279
8969	0.39004385
8970	0.39193240
8971	0.39319685
8972	0.39436480
8973	0.39508575
8974	0.39534965
8975	0.39532110
8976	0.39528415
8977	0.39476576
8978	0.39406899
8979	0.39312562
8980	0.39198235
8981	0.39047700
8982	0.38885608
8983	0.38703415
8984	0.38485342
8985	0.38275057
8986	0.38057831
8987	0.37864408
8988	0.37659636
8989	0.37605152
8990	0.37536368
8991	0.37507692
8992	0.37516546
8993	0.37558666
8994	0.37630031
8995	0.37701312
8996	0.37823433
8997	0.37964705
8998	0.38140336
8999	0.38236657
9000	0.38397279
9001	0.38507855
9002	0.38596514
9003	0.38668248
9004	0.38719323
9005	0.38754922
9006	0.38773364
9007	0.38781258
9008	0.38773444
9009	0.38783672
9010	0.38791293
9011	0.38725254
9012	0.38582495
9013	0.38415790
9014	0.38282534
9015	0.38134554
9016	0.38026378
9017	0.37903753
9018	0.37712416
9019	0.37143388
9020	0.37293911
9021	0.37052962
9022	0.36787033
9023	0.36440954
9024	0.36115715
9025	0.35751474
9026	0.35355029
9027	0.34906957
9028	0.34367651
9029	0.33882314
9030	0.33396959
9031	0.32892278
9032	0.32426280
9033	0.31978801
9034	0.31559116
9035	0.31174937
9036	0.30841354
9037	0.30558470
9038	0.30326414
9039	0.30137858
9040	0.29982856
9041	0.29857561
9042	0.29754415
9043	0.29684341
9044	0.29651555
9045	0.29660264
9046	0.29677859
9047	0.29648349
9048	0.29535976
9049	0.29453442
9050	0.29334256
9051	0.29058987
9052	0.28628239
9053	0.28267008
9054	0.27887779
9055	0.27476168
9056	0.27141315
9057	0.27037945
9058	0.26954988
9059	0.26926613
9060	0.26936439
9061	0.26957640
9062	0.26981822
9063	0.27016175
9064	0.27044019
9065	0.27047175
9066	0.26937044
9067	0.26918498
9068	0.26885492
9069	0.26870796
9070	0.26884541
9071	0.26938862
9072	0.27020893
9073	0.27121460
9074	0.27246597
9075	0.27335292
9076	0.27466884
9077	0.27607828
9078	0.27829829
9079	0.27997258
9080	0.28181797
9081	0.28371200
9082	0.28514495
9083	0.28769812
9084	0.28977770
9085	0.29213491
9086	0.29465678
9087	0.29728416
9088	0.29993409
9089	0.30282736
9090	0.30594677
9091	0.30961588
9092	0.31336030
9093	0.31744200
9094	0.32192722
9095	0.32665569
9096	0.33157253
9097	0.33614236
9098	0.34012404
9099	0.34346753
9100	0.34620169
9101	0.34851205
9102	0.35014281
9103	0.35162488
9104	0.35253876
9105	0.35271925
9106	0.35278851
9107	0.35247442
9108	0.35189307
9109	0.35128605
9110	0.35039622
9111	0.34925863
9112	0.34799403
9113	0.34662041
9114	0.34505409
9115	0.34319407
9116	0.34132031
9117	0.33929235
9118	0.33729529
9119	0.33533451
9120	0.33356068
9121	0.33219972
9122	0.33128580
9123	0.33044860
9124	0.33106905
9125	0.33159766
9126	0.33238286
9127	0.33350816
9128	0.33500418
9129	0.33663583
9130	0.33839560
9131	0.34050563
9132	0.34217247
9133	0.34414601
9134	0.34555092
9135	0.34674346
9136	0.34755898
9137	0.34820646
9138	0.34874669
9139	0.34910396
9140	0.34931338
9141	0.34946710
9142	0.34986404
9143	0.34977427
9144	0.35010996
9145	0.34992793
9146	0.34842554
9147	0.34773153
9148	0.34600502
9149	0.34581724
9150	0.34433419
9151	0.34268162
9152	0.34198537
9153	0.34034649
9154	0.33832616
9155	0.33648559
9156	0.33447292
9157	0.33225152
9158	0.32972655
9159	0.32584003
9160	0.32295972
9161	0.32014537
9162	0.31712583
9163	0.31444669
9164	0.31165221
9165	0.30847353
9166	0.30633187
9167	0.30411857
9168	0.30206707
9169	0.29973903
9170	0.29802150
9171	0.29679471
9172	0.29575035
9173	0.29474661
9174	0.29385212
9175	0.29302174
9176	0.29237124
9177	0.29203203
9178	0.29208151
9179	0.29264221
9180	0.29331374
9181	0.29433337
9182	0.29429641
9183	0.29383811
9184	0.29310820
9185	0.29131785
9186	0.28717414
9187	0.28382149
9188	0.27979141
9189	0.27509940
9190	0.27150378
9191	0.26876584
9192	0.26703054
9193	0.26606148
9194	0.26595041
9195	0.26622191
9196	0.26672533
9197	0.26743335
9198	0.26805058
9199	0.26736203
9200	0.26757419
9201	0.26748720
9202	0.26733601
9203	0.26718846
9204	0.26736352
9205	0.26794100
9206	0.26875228
9207	0.27016819
9208	0.27094397
9209	0.27202174
9210	0.27330315
9211	0.27538940
9212	0.27706632
9213	0.27877212
9214	0.28063732
9215	0.28252405
9216	0.28394014
9217	0.28634879
9218	0.28868729
9219	0.29080003
9220	0.29316816
9221	0.29488903
9222	0.29726681
9223	0.30013451
9224	0.30313927
9225	0.30640146
9226	0.30990502
9227	0.31372917
9228	0.31769878
9229	0.32183695
9230	0.32597429
9231	0.32927489
9232	0.33202282
9233	0.33432472
9234	0.33640099
9235	0.33818212
9236	0.33956587
9237	0.34053499
9238	0.34106436
9239	0.34130254
9240	0.34126824
9241	0.34077403
9242	0.34043247
9243	0.34035313
9244	0.34006417
9245	0.33978906
9246	0.33945677
9247	0.33916929
9248	0.33859271
9249	0.33791021
9250	0.33727992
9251	0.33655125
9252	0.33582947
9253	0.33496574
9254	0.33424577
9255	0.33382118
9256	0.33380079
9257	0.33445260
9258	0.33457372
9259	0.33633053
9260	0.33790284
9261	0.33973500
9262	0.34184024
9263	0.34422782
9264	0.34675333
9265	0.34928015
9266	0.35179308
9267	0.35414389
9268	0.35649157
9269	0.35853282
9270	0.36056784
9271	0.36195996
9272	0.36294609
9273	0.36380529
9274	0.36449602
9275	0.36502811
9276	0.36545178
9277	0.36609840
9278	0.36637503
9279	0.36605486
9280	0.36620608
9281	0.36596650
9282	0.36633646
9283	0.36477253
9284	0.36487958
9285	0.36389831
9286	0.36250380
9287	0.36086625
9288	0.35942978
9289	0.35802025
9290	0.35646370
9291	0.35488889
9292	0.35318738
9293	0.35125133
9294	0.34897709
9295	0.34534022
9296	0.34272522
9297	0.34011078
9298	0.33729348
9299	0.33462265
9300	0.33196858
9301	0.32967302
9302	0.32755691
9303	0.32561815
9304	0.32457119
9305	0.32294029
9306	0.32137355
9307	0.31906074
9308	0.31735680
9309	0.31544933
9310	0.31371614
9311	0.31224310
9312	0.31123048
9313	0.31072474
9314	0.31077352
9315	0.31089121
9316	0.31038275
9317	0.30922398
9318	0.30821925
9319	0.30616897
9320	0.30183223
9321	0.29804766
9322	0.29390827
9323	0.28960407
9324	0.28538936
9325	0.28325686
9326	0.28165308
9327	0.28117695
9328	0.28151622
9329	0.28237060
9330	0.28347600
9331	0.28468096
9332	0.28565520
9333	0.28626233
9334	0.28483585
9335	0.28538221
9336	0.28510746
9337	0.28492585
9338	0.28482991
9339	0.28507125
9340	0.28553391
9341	0.28627953
9342	0.28724575
9343	0.28797439
9344	0.28894451
9345	0.29016080
9346	0.29207689
9347	0.29348692
9348	0.29503083
9349	0.29669145
9350	0.29835582
9351	0.29969281
9352	0.30188212
9353	0.30420837
9354	0.30655998
9355	0.30829239
9356	0.31074366
9357	0.31369764
9358	0.31686601
9359	0.32029349
9360	0.32394779
9361	0.32796916
9362	0.33220631
9363	0.33654121
9364	0.34079969
9365	0.34463984
9366	0.34781358
9367	0.35055602
9368	0.35313088
9369	0.35554600
9370	0.35775188
9371	0.35970321
9372	0.36125916
9373	0.36244786
9374	0.36296532
9375	0.36342254
9376	0.36364138
9377	0.36367354
9378	0.36380857
9379	0.36351937
9380	0.36288589
9381	0.36223960
9382	0.36139631
9383	0.36035869
9384	0.35899526
9385	0.35758105
9386	0.35599947
9387	0.35439491
9388	0.35285965
9389	0.35165548
9390	0.35112801
9391	0.35081691
9392	0.35106051
9393	0.35163632
9394	0.35263097
9395	0.35358614
9396	0.35514390
9397	0.35691509
9398	0.35884863
9399	0.36090904
9400	0.36288244
9401	0.36466599
9402	0.36602905
9403	0.36799517
9404	0.36901540
9405	0.36973897
9406	0.37018999
9407	0.37034994
9408	0.37027022
9409	0.36998615
9410	0.36948729
9411	0.36906883
9412	0.36813152
9413	0.36757976
9414	0.36543855
9415	0.36398482
9416	0.36218950
9417	0.35952199
9418	0.35832900
9419	0.35645372
9420	0.35442212
9421	0.35235679
9422	0.35054019
9423	0.34861517
9424	0.34622467
9425	0.34377214
9426	0.34158948
9427	0.33831769
9428	0.33475825
9429	0.33171871
9430	0.32840735
9431	0.32494304
9432	0.32105371
9433	0.31818810
9434	0.31490457
9435	0.31171584
9436	0.30875969
9437	0.30594251
9438	0.30267733
9439	0.30015397
9440	0.29808554
9441	0.29627633
9442	0.29466686
9443	0.29330128
9444	0.29234341
9445	0.29165331
9446	0.29146028
9447	0.29168275
9448	0.29146776
9449	0.29124287
9450	0.29016763
9451	0.28935784
9452	0.28721860
9453	0.28302640
9454	0.27951592
9455	0.27682528
9456	0.27330169
9457	0.26796821
9458	0.26508310
9459	0.26346409
9460	0.26262745
9461	0.26237914
9462	0.26266766
9463	0.26204318
9464	0.26321822
9465	0.26380667
9466	0.26428026
9467	0.26439738
9468	0.26430047
9469	0.26411706
9470	0.26397839
9471	0.26405072
9472	0.26440975
9473	0.26501971
9474	0.26595414
9475	0.26673800
9476	0.26789877
9477	0.26898372
9478	0.27042702
9479	0.27249232
9480	0.27410993
9481	0.27571365
9482	0.27833977
9483	0.28009191
9484	0.28144392
9485	0.28312227
9486	0.28512263
9487	0.28736514
9488	0.28967243
9489	0.29223070
9490	0.29504845
9491	0.29813394
9492	0.30125323
9493	0.30485892
9494	0.30887473
9495	0.31262228
9496	0.31636372
9497	0.31964371
9498	0.32219332
9499	0.32423741
9500	0.32605460
9501	0.32775939
9502	0.32916316
9503	0.33029243
9504	0.33114058
9505	0.33163026
9506	0.33162376
9507	0.33159164
9508	0.33138275
9509	0.33108205
9510	0.33058822
9511	0.33025235
9512	0.32954755
9513	0.32869202
9514	0.32758477
9515	0.32644191
9516	0.32513690
9517	0.32367367
9518	0.32222682
9519	0.32072970
9520	0.31941614
9521	0.31838301
9522	0.31741092
9523	0.31793404
9524	0.31850192
9525	0.31888869
9526	0.31978616
9527	0.32091588
9528	0.32226703
9529	0.32377252
9530	0.32540375
9531	0.32691184
9532	0.32844958
9533	0.32974365
9534	0.33121529
9535	0.33204642
9536	0.33255038
9537	0.33265230
9538	0.33263281
9539	0.33241621
9540	0.33208713
9541	0.33165365
9542	0.33108726
9543	0.33082339
9544	0.33006632
9545	0.32973021
9546	0.32807359
9547	0.32689250
9548	0.32542542
9549	0.32355398
9550	0.32365155
9551	0.32234979
9552	0.32031399
9553	0.31845522
9554	0.31670189
9555	0.31498241
9556	0.31320608
9557	0.31139979
9558	0.30920404
9559	0.30625290
9560	0.30354115
9561	0.30116346
9562	0.29871851
9563	0.29663202
9564	0.29453623
9565	0.29267329
9566	0.29044163
9567	0.28949687
9568	0.28832036
9569	0.28731224
9570	0.28570926
9571	0.28499919
9572	0.28427914
9573	0.28344426
9574	0.28261670
9575	0.28155062
9576	0.28087041
9577	0.28047216
9578	0.28048646
9579	0.28094161
9580	0.28129703
9581	0.28074482
9582	0.27994478
9583	0.27883229
9584	0.27738512
9585	0.27317607
9586	0.26967984
9587	0.26589438
9588	0.26351836
9589	0.25937995
9590	0.25586465
9591	0.25470391
9592	0.25417212
9593	0.25423506
9594	0.25464085
9595	0.25523999
9596	0.25486678
9597	0.25577107
9598	0.25616264
9599	0.25630894
9600	0.25612178
9601	0.25587621
9602	0.25569487
9603	0.25568169
9604	0.25598976
9605	0.25663888
9606	0.25740755
9607	0.25854415
9608	0.25928673
9609	0.26047099
9610	0.26164800
9611	0.26363811
9612	0.26509511
9613	0.26673070
9614	0.26834568
9615	0.27009672
9616	0.27183327
9617	0.27300572
9618	0.27577010
9619	0.27809590
9620	0.28054294
9621	0.28319982
9622	0.28593042
9623	0.28898022
9624	0.29255736
9625	0.29609889
9626	0.29988956
9627	0.30394191
9628	0.30818772
9629	0.31236488
9630	0.31620380
9631	0.31941977
9632	0.32205230
9633	0.32428205
9634	0.32640156
9635	0.32805949
9636	0.32947069
9637	0.33053395
9638	0.33127478
9639	0.33147040
9640	0.33173698
9641	0.33189550
9642	0.33193433
9643	0.33197454
9644	0.33222172
9645	0.33211866
9646	0.33204988
9647	0.33168659
9648	0.33133551
9649	0.33082572
9650	0.33011299
9651	0.32956597
9652	0.32888448
9653	0.32838613
9654	0.32809252
9655	0.32830894
9656	0.32874623
9657	0.32996428
9658	0.33138809
9659	0.33306763
9660	0.33497989
9661	0.33714575
9662	0.33944502
9663	0.34178227
9664	0.34409881
9665	0.34619045
9666	0.34834704
9667	0.34995100
9668	0.35176829
9669	0.35285342
9670	0.35365215
9671	0.35411945
9672	0.35420942
9673	0.35422766
9674	0.35410935
9675	0.35381371
9676	0.35361931
9677	0.35293543
9678	0.35209841
9679	0.35048699
9680	0.34974068
9681	0.34921715
9682	0.34630951
9683	0.34538433
9684	0.34464139
9685	0.34266019
9686	0.34048173
9687	0.33983377
9688	0.33969665
9689	0.33905086
9690	0.33830830
9691	0.33755031
9692	0.33681223
9693	0.33592883
9694	0.33456594
9695	0.33241722
9696	0.33078200
9697	0.32925713
9698	0.32735071
9699	0.32727787
9700	0.32312670
9701	0.32239074
9702	0.32095203
9703	0.31943280
9704	0.31717160
9705	0.31580126
9706	0.31418189
9707	0.31244925
9708	0.31066287
9709	0.30882850
9710	0.30687350
9711	0.30558625
9712	0.30519214
9713	0.30494303
9714	0.30564967
9715	0.30630550
9716	0.30618787
9717	0.30505794
9718	0.30420762
9719	0.30145487
9720	0.29771453
9721	0.29339373
9722	0.28885165
9723	0.28395411
9724	0.27982059
9725	0.27639064
9726	0.27456751
9727	0.27384886
9728	0.27426556
9729	0.27551281
9730	0.27706188
9731	0.27848962
9732	0.27798069
9733	0.27926174
9734	0.27950993
9735	0.27963966
9736	0.27972603
9737	0.27983460
9738	0.28015777
9739	0.28066453
9740	0.28203052
9741	0.28219858
9742	0.28340685
9743	0.28452024
9744	0.28569901
9745	0.28700486
9746	0.28889957
9747	0.29111204
9748	0.29178578
9749	0.29402277
9750	0.29547706
9751	0.29672956
9752	0.29828718
9753	0.30021879
9754	0.30240551
9755	0.30469158
9756	0.30737484
9757	0.31045237
9758	0.31358668
9759	0.31697699
9760	0.32068643
9761	0.32443517
9762	0.32825446
9763	0.33169234
9764	0.33496362
9765	0.33755788
9766	0.33989736
9767	0.34219292
9768	0.34440058
9769	0.34673306
9770	0.34825587
9771	0.34963483
9772	0.35063997
9773	0.35100487
9774	0.35132578
9775	0.35136753
9776	0.35122436
9777	0.35117173
9778	0.35080805
9779	0.35024697
9780	0.34961680
9781	0.34863940
9782	0.34765795
9783	0.34660089
9784	0.34538433
9785	0.34396297
9786	0.34251320
9787	0.34128711
9788	0.33986431
9789	0.33929899
9790	0.33874565
9791	0.33862996
9792	0.33912885
9793	0.33987054
9794	0.34082589
9795	0.34203804
9796	0.34353724
9797	0.34535643
9798	0.34728393
9799	0.34903991
9800	0.35112008
9801	0.35269433
9802	0.35415125
9803	0.35526824
9804	0.35626325
9805	0.35705656
9806	0.35763684
9807	0.35812896
9808	0.35850701
9809	0.35878131
9810	0.35897174
9811	0.35942701
9812	0.35994539
9813	0.35970685
9814	0.35857245
9815	0.35776016
9816	0.35705444
9817	0.35604274
9818	0.35518426
9819	0.35395446
9820	0.35268047
9821	0.35152721
9822	0.34972355
9823	0.34756839
9824	0.34536064
9825	0.34261781
9826	0.33921477
9827	0.33574793
9828	0.33185467
9829	0.32683590
9830	0.32239777
9831	0.31800187
9832	0.31354347
9833	0.30909708
9834	0.30478397
9835	0.30098122
9836	0.29748568
9837	0.29435056
9838	0.29184130
9839	0.28975567
9840	0.28818581
9841	0.28718540
9842	0.28633600
9843	0.28556296
9844	0.28523138
9845	0.28518581
9846	0.28553683
9847	0.28628170
9848	0.28708327
9849	0.28865591
9850	0.29024315
9851	0.29063612
9852	0.29004583
9853	0.28930262
9854	0.28695938
9855	0.28322348
9856	0.27940145
9857	0.27626991
9858	0.27021822
9859	0.26535088
9860	0.26203015
9861	0.26021639
9862	0.25924122
9863	0.25911671
9864	0.25950554
9865	0.26030922
9866	0.26126981
9867	0.26241529
9868	0.26297989
9869	0.26328224
9870	0.26326191
9871	0.26315862
9872	0.26305777
9873	0.26314020
9874	0.26351276
9875	0.26479128
9876	0.26493317
9877	0.26567370
9878	0.26678029
9879	0.26803523
9880	0.26938462
9881	0.27078801
9882	0.27231282
9883	0.27385494
9884	0.27495053
9885	0.27659950
9886	0.27835152
9887	0.28022075
9888	0.28222215
9889	0.28418735
9890	0.28646725
9891	0.28892449
9892	0.29143703
9893	0.29434389
9894	0.29790729
9895	0.30132854
9896	0.30499050
9897	0.30871525
9898	0.31228349
9899	0.31552774
9900	0.31808546
9901	0.32001820
9902	0.32150310
9903	0.32274771
9904	0.32367742
9905	0.32438284
9906	0.32475358
9907	0.32492742
9908	0.32486370
9909	0.32435572
9910	0.32398456
9911	0.32359874
9912	0.32322425
9913	0.32284439
9914	0.32248911
9915	0.32222694
9916	0.32166103
9917	0.32082361
9918	0.32002518
9919	0.31904355
9920	0.31799519
9921	0.31691274
9922	0.31594831
9923	0.31492272
9924	0.31499180
9925	0.31515670
9926	0.31576881
9927	0.31676218
9928	0.31816342
9929	0.31982484
9930	0.32185191
9931	0.32419115
9932	0.32675633
9933	0.32906550
9934	0.33140960
9935	0.33390421
9936	0.33593357
9937	0.33761635
9938	0.33907482
9939	0.34023347
9940	0.34120905
9941	0.34185627
9942	0.34230906
9943	0.34255639
9944	0.34290522
9945	0.34330493
9946	0.34280911
9947	0.34195915
9948	0.34066170
9949	0.33918291
9950	0.33802333
9951	0.33678982
9952	0.33530566
9953	0.33339417
9954	0.33220384
9955	0.32924718
9956	0.32667741
9957	0.32393485
9958	0.32082263
9959	0.31727457
9960	0.31392616
9961	0.30882597
9962	0.30486742
9963	0.30073285
9964	0.29645586
9965	0.29225096
9966	0.28794706
9967	0.28435436
9968	0.28065294
9969	0.27722648
9970	0.27407876
9971	0.27125734
9972	0.26874417
9973	0.26656318
9974	0.26466405
9975	0.26288414
9976	0.26129329
9977	0.25988930
9978	0.25874180
9979	0.25793853
9980	0.25751665
9981	0.25722998
9982	0.25754154
9983	0.25747061
9984	0.25642905
9985	0.25587097
9986	0.25375473
9987	0.25006270
9988	0.24563716
9989	0.24216606
9990	0.23656084
9991	0.23044893
9992	0.22748131
9993	0.22601119
9994	0.22532293
9995	0.22535585
9996	0.22593215
9997	0.22671822
9998	0.22764687
9999	0.22844630
10000	0.22884209
10001	0.22897920
10002	0.22895738
10003	0.22882913
10004	0.22892402
10005	0.22911151
10006	0.22973305
10007	0.23064302
10008	0.23204468
10009	0.23298976
10010	0.23439118
10011	0.23118408
10012	0.23810413
10013	0.23981635
10014	0.24158834
10015	0.24292238
10016	0.24531242
10017	0.24758704
10018	0.24938472
10019	0.25166392
10020	0.25404495
10021	0.25656971
10022	0.25925323
10023	0.26155332
10024	0.26463133
10025	0.26843667
10026	0.27253416
10027	0.27687120
10028	0.28166708
10029	0.28618082
10030	0.29054025
10031	0.29451445
10032	0.29785326
10033	0.30069867
10034	0.30332336
10035	0.30564672
10036	0.30745301
10037	0.30906290
10038	0.31014669
10039	0.31056032
10040	0.31084809
10041	0.31084502
10042	0.31061405
10043	0.31022862
10044	0.30971441
10045	0.30904981
10046	0.30823421
10047	0.30726522
10048	0.30635780
10049	0.30491346
10050	0.30343962
10051	0.30216452
10052	0.30032215
10053	0.29880974
10054	0.29749358
10055	0.29606587
10056	0.29658777
10057	0.29676372
10058	0.29740229
10059	0.29835224
10060	0.29963216
10061	0.30123952
10062	0.30309731
10063	0.30523130
10064	0.30733055
10065	0.30947992
10066	0.31145856
10067	0.31351590
10068	0.31505898
10069	0.31623766
10070	0.31725830
10071	0.31801626
10072	0.31857836
10073	0.31900880
10074	0.31926087
10075	0.31935066
10076	0.31963888
10077	0.32018474
10078	0.31974056
10079	0.31886399
10080	0.31829876
10081	0.31727797
10082	0.31635568
10083	0.31521875
10084	0.31425416
10085	0.31324297
10086	0.31183520
10087	0.31020460
10088	0.30852491
10089	0.30660444
10090	0.30440459
10091	0.30191255
10092	0.29919216
10093	0.29457074
10094	0.29117444
10095	0.28762320
10096	0.28435883
10097	0.28085324
10098	0.27747518
10099	0.27392298
10100	0.27103609
10101	0.26827896
10102	0.26501048
10103	0.26261109
10104	0.26031730
10105	0.25841844
10106	0.25671464
10107	0.25524965
10108	0.25393093
10109	0.25282276
10110	0.25201160
10111	0.25152290
10112	0.25148875
10113	0.25149769
10114	0.25195915
10115	0.25182816
10116	0.25106999
10117	0.25109646
10118	0.24990022
10119	0.24537678
10120	0.24258277
10121	0.23847106
10122	0.23308705
10123	0.22868560
10124	0.22452188
10125	0.22260770
10126	0.22201999
10127	0.22197133
10128	0.22225176
10129	0.22288994
10130	0.22366507
10131	0.22425109
10132	0.22470720
10133	0.22475269
10134	0.22453885
10135	0.22399719
10136	0.22377570
10137	0.22376345
10138	0.22424816
10139	0.22475457
10140	0.22564375
10141	0.22623694
10142	0.22716331
10143	0.22878104
10144	0.23012315
10145	0.23148212
10146	0.23294614
10147	0.23457229
10148	0.23627090
10149	0.23814672
10150	0.23943724
10151	0.24156670
10152	0.24454062
10153	0.24713288
10154	0.24992026
10155	0.25277516
10156	0.25603554
10157	0.25967935
10158	0.26335579
10159	0.26729834
10160	0.27153796
10161	0.27595824
10162	0.28033739
10163	0.28443861
10164	0.28793123
10165	0.29097658
10166	0.29356763
10167	0.29608908
10168	0.29837152
10169	0.30044839
10170	0.30225372
10171	0.30365422
10172	0.30474570
10173	0.30556616
10174	0.30618444
10175	0.30668095
10176	0.30700845
10177	0.30719620
10178	0.30712324
10179	0.30686247
10180	0.30649108
10181	0.30587345
10182	0.30515513
10183	0.30427319
10184	0.30314597
10185	0.30215555
10186	0.30131209
10187	0.30100876
10188	0.30068204
10189	0.30227545
10190	0.30362812
10191	0.30538988
10192	0.30758342
10193	0.31018296
10194	0.31306824
10195	0.31611866
10196	0.31919628
10197	0.32222131
10198	0.32499123
10199	0.32761675
10200	0.33066356
10201	0.33283752
10202	0.33453852
10203	0.33573359
10204	0.33673245
10205	0.33740529
10206	0.33775055
10207	0.33782250
10208	0.33794013
10209	0.33744660
10210	0.33731952
10211	0.33560446
10212	0.33406937
10213	0.33321601
10214	0.33113512
10215	0.33036870
10216	0.32909185
10217	0.32738420
10218	0.32595432
10219	0.32431164
10220	0.32250336
10221	0.32054034
10222	0.31843311
10223	0.31673080
10224	0.31518644
10225	0.31319910
10226	0.31179968
10227	0.30983472
10228	0.30817172
10229	0.30653578
10230	0.30466282
10231	0.30292416
10232	0.30098328
10233	0.29980460
10234	0.29857600
10235	0.29739618
10236	0.29624936
10237	0.29540059
10238	0.29449731
10239	0.29356024
10240	0.29255795
10241	0.29156169
10242	0.29071760
10243	0.29042274
10244	0.29050520
10245	0.29101092
10246	0.29182026
10247	0.29193956
10248	0.29131269
10249	0.29041824
10250	0.28941151
10251	0.28633711
10252	0.28331751
10253	0.27990404
10254	0.27630249
10255	0.27250364
10256	0.26890674
10257	0.26660192
10258	0.26525390
10259	0.26465297
10260	0.26488563
10261	0.26563615
10262	0.26494777
10263	0.26673627
10264	0.26766178
10265	0.26825055
10266	0.26851317
10267	0.26857218
10268	0.26859608
10269	0.26865235
10270	0.26887226
10271	0.26947066
10272	0.27033722
10273	0.27119571
10274	0.27228504
10275	0.27213341
10276	0.27652541
10277	0.27834189
10278	0.27999660
10279	0.28168052
10280	0.28315037
10281	0.28505671
10282	0.28683171
10283	0.28898394
10284	0.29119900
10285	0.29352495
10286	0.29587680
10287	0.29866138
10288	0.30163881
10289	0.30475265
10290	0.30833274
10291	0.31227022
10292	0.31649885
10293	0.32079539
10294	0.32487723
10295	0.32841876
10296	0.33147439
10297	0.33406425
10298	0.33643293
10299	0.33872080
10300	0.34074771
10301	0.34238955
10302	0.34361070
10303	0.34434780
10304	0.34468919
10305	0.34470001
10306	0.34611475
10307	0.34564745
10308	0.34446692
10309	0.34367916
10310	0.34179100
10311	0.34050140
10312	0.33914223
10313	0.33726859
10314	0.33512267
10315	0.33301565
10316	0.33225191
10317	0.33047947
10318	0.32900891
10319	0.32789811
10320	0.32739100
10321	0.32748786
10322	0.32796296
10323	0.32876465
10324	0.32998219
10325	0.33146316
10326	0.33321208
10327	0.33504683
10328	0.33683664
10329	0.33868951
10330	0.34015024
10331	0.34146729
10332	0.34242469
10333	0.34298018
10334	0.34340328
10335	0.34358099
10336	0.34353107
10337	0.34342611
10338	0.34316283
10339	0.34315789
10340	0.34279606
10341	0.34226188
10342	0.34214291
10343	0.34063548
10344	0.33952427
10345	0.33811289
10346	0.33684832
10347	0.33524263
10348	0.33303002
10349	0.33059007
10350	0.32830241
10351	0.32571968
10352	0.32258558
10353	0.31958598
10354	0.31612137
10355	0.31285411
10356	0.30831206
10357	0.30496711
10358	0.30176023
10359	0.29847154
10360	0.29548436
10361	0.29263231
10362	0.29022160
10363	0.28801572
10364	0.28684130
10365	0.28572512
10366	0.28484330
10367	0.28410771
10368	0.28343269
10369	0.28258848
10370	0.28155905
10371	0.28034553
10372	0.27912953
10373	0.27802491
10374	0.27727926
10375	0.27701843
10376	0.27744243
10377	0.27835840
10378	0.27922264
10379	0.27891833
10380	0.27764383
10381	0.27615422
10382	0.27375901
10383	0.26923773
10384	0.26511410
10385	0.26047319
10386	0.25655735
10387	0.25204837
10388	0.24907850
10389	0.24751599
10390	0.24691160
10391	0.24717690
10392	0.24795990
10393	0.24901026
10394	0.24875845
10395	0.24986598
10396	0.25071692
10397	0.25089788
10398	0.25079003
10399	0.25074571
10400	0.25084203
10401	0.25108561
10402	0.25149783
10403	0.25215337
10404	0.25288996
10405	0.25361538
10406	0.25462440
10407	0.25590622
10408	0.25795352
10409	0.25971043
10410	0.26151040
10411	0.26350319
10412	0.26552752
10413	0.26763317
10414	0.26983261
10415	0.27229196
10416	0.27471915
10417	0.27738392
10418	0.28008896
10419	0.28329918
10420	0.28633365
10421	0.29002547
10422	0.29377741
10423	0.29778188
10424	0.30210301
10425	0.30644813
10426	0.31073350
10427	0.31462622
10428	0.31800726
10429	0.32113445
10430	0.32419273
10431	0.32717276
10432	0.32997760
10433	0.33255288
10434	0.33481225
10435	0.33670831
10436	0.33805686
10437	0.33956012
10438	0.34058034
10439	0.34142208
10440	0.34225121
10441	0.34268534
10442	0.34311402
10443	0.34338710
10444	0.34340382
10445	0.34316674
10446	0.34275362
10447	0.34206098
10448	0.34130058
10449	0.34051025
10450	0.34009781
10451	0.33924508
10452	0.33861345
10453	0.33950925
10454	0.34018889
10455	0.34118161
10456	0.34248444
10457	0.34406412
10458	0.34585968
10459	0.34800228
10460	0.35028449
10461	0.35240614
10462	0.35482088
10463	0.35676843
10464	0.35860154
10465	0.36010197
10466	0.36153498
10467	0.36277029
10468	0.36396801
10469	0.36495295
10470	0.36591130
10471	0.36674315
10472	0.36787200
10473	0.36853281
10474	0.36961746
10475	0.36920220
10476	0.36928934
10477	0.36850902
10478	0.36825651
10479	0.36910316
10480	0.36854157
10481	0.36792248
10482	0.36712736
10483	0.36594841
10484	0.36453557
10485	0.36303893
10486	0.36126891
10487	0.35910264
10488	0.35659435
10489	0.35348982
10490	0.35063601
10491	0.34626034
10492	0.34304619
10493	0.33961529
10494	0.33613577
10495	0.33183628
10496	0.32920212
10497	0.32628429
10498	0.32357067
10499	0.32047543
10500	0.31816822
10501	0.31647745
10502	0.31510976
10503	0.31405458
10504	0.31331733
10505	0.31290373
10506	0.31270525
10507	0.31289437
10508	0.31337366
10509	0.31417787
10510	0.31522018
10511	0.31532249
10512	0.31467760
10513	0.31392187
10514	0.31277943
10515	0.30890894
10516	0.30475917
10517	0.30101854
10518	0.29597557
10519	0.29124984
10520	0.28782177
10521	0.28600314
10522	0.28499511
10523	0.28507286
10524	0.28566957
10525	0.28626779
10526	0.28697857
10527	0.28693181
10528	0.28824219
10529	0.28817654
10530	0.28790292
10531	0.28756922
10532	0.28543112
10533	0.28603622
10534	0.28642631
10535	0.28714895
10536	0.28817692
10537	0.28886181
10538	0.28999364
10539	0.29181707
10540	0.29320782
10541	0.29533762
10542	0.29702163
10543	0.29870829
10544	0.30037251
10545	0.30144635
10546	0.30356556
10547	0.30561119
10548	0.30774000
10549	0.31018943
10550	0.31281745
10551	0.31571001
10552	0.31902498
10553	0.32243434
10554	0.32620993
10555	0.33033544
10556	0.33478269
10557	0.33932856
10558	0.34361896
10559	0.34779665
10560	0.35117859
10561	0.35386422
10562	0.35610932
10563	0.35804218
10564	0.35960349
10565	0.36196685
10566	0.36298439
10567	0.36238503
10568	0.36277467
10569	0.36273536
10570	0.36260325
10571	0.36236158
10572	0.36205786
10573	0.36164489
10574	0.36113107
10575	0.36031303
10576	0.35955733
10577	0.35864562
10578	0.35756207
10579	0.35641575
10580	0.35531288
10581	0.35410950
10582	0.35296866
10583	0.35202876
10584	0.35147378
10585	0.35065037
10586	0.35168120
10587	0.35244924
10588	0.35345849
10589	0.35477957
10590	0.35654920
10591	0.35863388
10592	0.36079863
10593	0.36284831
10594	0.36522150
10595	0.36715263
10596	0.36880895
10597	0.37036803
10598	0.37173110
10599	0.37284860
10600	0.37381074
10601	0.37460002
10602	0.37532717
10603	0.37589961
10604	0.37672862
10605	0.37705508
10606	0.37774932
10607	0.37750196
10608	0.37629029
10609	0.37681988
10610	0.37626207
10611	0.37543005
10612	0.37475866
10613	0.37409726
10614	0.37329507
10615	0.37231451
10616	0.37080428
10617	0.36902449
10618	0.36674479
10619	0.36443478
10620	0.36176983
10621	0.35862541
10622	0.35403603
10623	0.35012385
10624	0.34595409
10625	0.34175405
10626	0.33765683
10627	0.33337238
10628	0.32966447
10629	0.32608917
10630	0.32267734
10631	0.31958145
10632	0.31665543
10633	0.31409994
10634	0.31179354
10635	0.30973351
10636	0.30794463
10637	0.30641779
10638	0.30526170
10639	0.30459550
10640	0.30437586
10641	0.30396533
10642	0.30352584
10643	0.30239984
10644	0.30145195
10645	0.30033648
10646	0.29641891
10647	0.29243723
10648	0.28873011
10649	0.28475371
10650	0.28041318
10651	0.27705836
10652	0.27515218
10653	0.27432328
10654	0.27411035
10655	0.27501526
10656	0.27553198
10657	0.27613920
10658	0.27672893
10659	0.27696145
10660	0.27756974
10661	0.27734879
10662	0.27697039
10663	0.27660221
10664	0.27486807
10665	0.27518481
10666	0.27576107
10667	0.27654353
10668	0.27772653
10669	0.27807099
10670	0.27951023
10671	0.28140324
10672	0.28292760
10673	0.28438267
10674	0.28605622
10675	0.28846061
10676	0.29037309
10677	0.29141232
10678	0.29334453
10679	0.29540387
10680	0.29761723
10681	0.29981887
10682	0.30225432
10683	0.30483136
10684	0.30792144
10685	0.31108099
10686	0.31458214
10687	0.31835598
10688	0.32246625
10689	0.32668093
10690	0.33084622
10691	0.33466679
10692	0.33811590
10693	0.34096977
10694	0.34332991
10695	0.34533188
10696	0.34711492
10697	0.34857082
10698	0.34978470
10699	0.35059404
10700	0.35110423
10701	0.35121989
10702	0.35078213
10703	0.35031804
10704	0.34969291
10705	0.34878793
10706	0.34767294
10707	0.34633031
10708	0.34476641
10709	0.34291276
10710	0.34108058
10711	0.33885303
10712	0.33660707
10713	0.33437723
10714	0.33190355
10715	0.33099350
10716	0.32977909
10717	0.32906541
10718	0.32878658
10719	0.32860366
10720	0.32923895
10721	0.32998711
10722	0.33101839
10723	0.33224902
10724	0.33341628
10725	0.33488753
10726	0.33601785
10727	0.33700386
10728	0.33773237
10729	0.33823341
10730	0.33847973
10731	0.33855128
10732	0.33847633
10733	0.33816755
10734	0.33782217
10735	0.33768752
10736	0.33757690
10737	0.33693659
10738	0.33513871
10739	0.33397588
10740	0.33229777
10741	0.33120570
10742	0.32939225
10743	0.32760936
10744	0.32660881
10745	0.32462275
10746	0.32231525
10747	0.31983688
10748	0.31718719
10749	0.31400383
10750	0.30973333
10751	0.30644551
10752	0.30309600
10753	0.29947016
10754	0.29577154
10755	0.29211083
10756	0.28862730
10757	0.28516591
10758	0.28165436
10759	0.27901262
10760	0.27651078
10761	0.27425268
10762	0.27228901
10763	0.27056086
10764	0.26915264
10765	0.26793298
10766	0.26689717
10767	0.26609448
10768	0.26553982
10769	0.26528320
10770	0.26514569
10771	0.26570386
10772	0.26665723
10773	0.26770207
10774	0.26780209
10775	0.26667234
10776	0.26507828
10777	0.26217529
10778	0.25776213
10779	0.25327393
10780	0.24923831
10781	0.24493858
10782	0.24007043
10783	0.23690583
10784	0.23522288
10785	0.23445003
10786	0.23451616
10787	0.23533262
10788	0.23470134
10789	0.23668389
10790	0.23755296
10791	0.23802090
10792	0.23799078
10793	0.23754719
10794	0.23739368
10795	0.23732866
10796	0.23740301
10797	0.23778671
10798	0.23858953
10799	0.23926155
10800	0.24045388
10801	0.24140130
10802	0.24320625
10803	0.24513476
10804	0.24666694
10805	0.24814700
10806	0.24961948
10807	0.25121558
10808	0.25284129
10809	0.25402230
10810	0.25611448
10811	0.25844166
10812	0.26083720
10813	0.26355174
10814	0.26652184
10815	0.26979318
10816	0.27336648
10817	0.27682164
10818	0.28115746
10819	0.28545722
10820	0.28985009
10821	0.29418388
10822	0.29806355
10823	0.30126813
10824	0.30395260
10825	0.30625343
10826	0.30855098
10827	0.31047547
10828	0.31222978
10829	0.31360313
10830	0.31470013
10831	0.31555408
10832	0.31616941
10833	0.31660113
10834	0.31695905
10835	0.31714776
10836	0.31717950
10837	0.31733647
10838	0.31742159
10839	0.31731963
10840	0.31705597
10841	0.31655040
10842	0.31578034
10843	0.31487823
10844	0.31393665
10845	0.31301060
10846	0.31218588
10847	0.31154460
10848	0.31100717
10849	0.31207463
10850	0.31294146
10851	0.31424049
10852	0.31584316
10853	0.31780481
10854	0.32004160
10855	0.32240415
10856	0.32489759
10857	0.32733762
10858	0.32976392
10859	0.33181089
10860	0.33381420
10861	0.33574003
10862	0.33690232
10863	0.33801052
10864	0.33888626
10865	0.33963394
10866	0.34021899
10867	0.34074101
10868	0.34148026
10869	0.34171143
10870	0.34239548
10871	0.34161481
10872	0.34106636
10873	0.34051481
10874	0.33999148
10875	0.33900344
10876	0.33751062
10877	0.33568341
10878	0.33374932
10879	0.33129558
10880	0.32855210
10881	0.32574892
10882	0.32281843
10883	0.31968758
10884	0.31628573
10885	0.31149337
10886	0.30779448
10887	0.30396622
10888	0.30015230
10889	0.29637519
10890	0.29241470
10891	0.28898120
10892	0.28565541
10893	0.28259635
10894	0.27977705
10895	0.27726877
10896	0.27509937
10897	0.27331287
10898	0.27188113
10899	0.27037624
10900	0.26871985
10901	0.26738790
10902	0.26615477
10903	0.26526916
10904	0.26474556
10905	0.26464611
10906	0.26469213
10907	0.26414096
10908	0.26289955
10909	0.26102492
10910	0.25937137
10911	0.25554511
10912	0.25185058
10913	0.24679171
10914	0.24294844
10915	0.23856887
10916	0.23530319
10917	0.23358232
10918	0.23141854
10919	0.23192473
10920	0.23246928
10921	0.23338443
10922	0.23435529
10923	0.23519777
10924	0.23554859
10925	0.23562375
10926	0.23547217
10927	0.23527721
10928	0.23514660
10929	0.23500296
10930	0.23554790
10931	0.23614235
10932	0.23767240
10933	0.23826841
10934	0.23967837
10935	0.24102250
10936	0.24322601
10937	0.24422729
10938	0.24666691
10939	0.24851303
10940	0.24987896
10941	0.25190535
10942	0.25376421
10943	0.25668126
10944	0.25905302
10945	0.26154289
10946	0.26410750
10947	0.26679581
10948	0.26974350
10949	0.27323765
10950	0.27675182
10951	0.28055522
10952	0.28467205
10953	0.28907436
10954	0.29355410
10955	0.29785535
10956	0.30186671
10957	0.30541089
10958	0.30868930
10959	0.31195277
10960	0.31509447
10961	0.31798354
10962	0.32075074
10963	0.32308456
10964	0.32504645
10965	0.32660505
10966	0.32756674
10967	0.32853055
10968	0.32936570
10969	0.32971448
10970	0.32987580
10971	0.32975498
10972	0.32925275
10973	0.32854804
10974	0.32756191
10975	0.32645109
10976	0.32500401
10977	0.32362181
10978	0.32235792
10979	0.32094583
10980	0.32146034
10981	0.32148540
10982	0.32181713
10983	0.32255161
10984	0.32357424
10985	0.32490483
10986	0.32671532
10987	0.32848167
10988	0.33037472
10989	0.33237109
10990	0.33412457
10991	0.33569908
10992	0.33707491
10993	0.33810711
10994	0.33900136
10995	0.33973604
10996	0.34025338
10997	0.34065813
10998	0.34094685
10999	0.34152025
11000	0.34160608
11001	0.34226698
11002	0.34118471
11003	0.34010571
11004	0.34005645
11005	0.33930364
11006	0.33914000
11007	0.33787903
11008	0.33656999
11009	0.33493981
11010	0.33309826
11011	0.33122104
11012	0.32922003
11013	0.32700703
11014	0.32466552
11015	0.32230198
11016	0.31865638
11017	0.31625399
11018	0.31402448
11019	0.31174457
11020	0.30972475
11021	0.30771771
11022	0.30588171
11023	0.30460575
11024	0.30333614
11025	0.30153453
11026	0.30061874
11027	0.29995212
11028	0.29960144
11029	0.29957300
11030	0.29948607
11031	0.29998779
11032	0.30065343
11033	0.30163252
11034	0.30280086
11035	0.30430999
11036	0.30553374
11037	0.30571526
11038	0.30508822
11039	0.30434841
11040	0.30328158
11041	0.29995674
11042	0.29703170
11043	0.29373991
11044	0.28985861
11045	0.28581762
11046	0.28322941
11047	0.28210047
11048	0.28100204
11049	0.28061426
11050	0.28082058
11051	0.28135914
11052	0.28220618
11053	0.28284389
11054	0.28398985
11055	0.28233254
11056	0.28305647
11057	0.28293449
11058	0.28279006
11059	0.28272697
11060	0.28283495
11061	0.28320163
11062	0.28330258
11063	0.28409550
11064	0.28527758
11065	0.28755948
11066	0.28915635
11067	0.29048651
11068	0.29202902
11069	0.29364380
11070	0.29538018
11071	0.29683095
11072	0.29887059
11073	0.30121264
11074	0.30368128
11075	0.30620944
11076	0.30904278
11077	0.31210166
11078	0.31548092
11079	0.31897792
11080	0.32287273
11081	0.32711112
11082	0.33188578
11083	0.33691722
11084	0.34210446
11085	0.34706160
11086	0.35170308
11087	0.35613841
11088	0.35955375
11089	0.36274871
11090	0.36567843
11091	0.36834222
11092	0.37088886
11093	0.37312761
11094	0.37497497
11095	0.37641230
11096	0.37769496
11097	0.37847450
11098	0.37970603
11099	0.37943879
11100	0.37897280
11101	0.37862524
11102	0.37795058
11103	0.37679374
11104	0.37529692
11105	0.37471503
11106	0.37323493
11107	0.37185594
11108	0.37066105
11109	0.36981726
11110	0.36937505
11111	0.36929435
11112	0.36961985
11113	0.37026688
11114	0.37101161
11115	0.37220728
11116	0.37366992
11117	0.37523982
11118	0.37693235
11119	0.37853053
11120	0.38039115
11121	0.38180026
11122	0.38298604
11123	0.38395381
11124	0.38479292
11125	0.38547492
11126	0.38605264
11127	0.38652372
11128	0.38783777
11129	0.38695028
11130	0.38727438
11131	0.38804677
11132	0.38727206
11133	0.38671502
11134	0.38616312
11135	0.38496369
11136	0.38370037
11137	0.38194293
11138	0.37896919
11139	0.37747571
11140	0.37428063
11141	0.37137479
11142	0.36781988
11143	0.36442643
11144	0.36091688
11145	0.35736287
11146	0.35371575
11147	0.34895417
11148	0.34495273
11149	0.34121418
11150	0.33773854
11151	0.33427775
11152	0.33140120
11153	0.32880792
11154	0.32649395
11155	0.32448658
11156	0.32283166
11157	0.32154271
11158	0.32050636
11159	0.31968740
11160	0.31902421
11161	0.31848556
11162	0.31808397
11163	0.31783232
11164	0.31789562
11165	0.31788793
11166	0.31879690
11167	0.31861186
11168	0.31759012
11169	0.31713635
11170	0.31681648
11171	0.31538299
11172	0.31175220
11173	0.30846077
11174	0.30559039
11175	0.30207872
11176	0.29905075
11177	0.29729700
11178	0.29628637
11179	0.29580653
11180	0.29575160
11181	0.29656306
11182	0.29692692
11183	0.29739049
11184	0.29838377
11185	0.29880267
11186	0.29905629
11187	0.29920232
11188	0.29927346
11189	0.29931676
11190	0.29774448
11191	0.29865277
11192	0.30015618
11193	0.30013326
11194	0.30116251
11195	0.30291840
11196	0.30337596
11197	0.30526036
11198	0.30662501
11199	0.30802909
11200	0.30966884
11201	0.31143683
11202	0.31294319
11203	0.31495044
11204	0.31715825
11205	0.31942117
11206	0.32187885
11207	0.32445163
11208	0.32726634
11209	0.33037350
11210	0.33358252
11211	0.33719164
11212	0.34111425
11213	0.34520179
11214	0.34947264
11215	0.35343572
11216	0.35690856
11217	0.35987782
11218	0.36236894
11219	0.36478263
11220	0.36696774
11221	0.36873052
11222	0.37018466
11223	0.37125632
11224	0.37182257
11225	0.37188876
11226	0.37160435
11227	0.37097377
11228	0.37009594
11229	0.36882299
11230	0.36750847
11231	0.36594498
11232	0.36405724
11233	0.36204422
11234	0.35979041
11235	0.35742694
11236	0.35508236
11237	0.35253143
11238	0.35030663
11239	0.34914470
11240	0.34796426
11241	0.34777489
11242	0.34722072
11243	0.34751511
11244	0.34809861
11245	0.34903193
11246	0.35024616
11247	0.35163486
11248	0.35309833
11249	0.35471439
11250	0.35584900
11251	0.35723564
11252	0.35803956
11253	0.35856384
11254	0.35864651
11255	0.35858652
11256	0.35828087
11257	0.35785308
11258	0.35720077
11259	0.35640264
11260	0.35583878
11261	0.35474142
11262	0.35388920
11263	0.35243720
11264	0.34974268
11265	0.34804994
11266	0.34487155
11267	0.34276301
11268	0.34012577
11269	0.33715162
11270	0.33407596
11271	0.33089915
11272	0.32763779
11273	0.32439622
11274	0.32120094
11275	0.31807831
11276	0.31505483
11277	0.31215686
11278	0.30941087
11279	0.30684328
11280	0.30448052
11281	0.30234900
11282	0.30038249
11283	0.29890078
11284	0.29781064
11285	0.29631349
11286	0.29569268
11287	0.29528973
11288	0.29545233
11289	0.29536039
11290	0.29537806
11291	0.29550579
11292	0.29566666
11293	0.29598156
11294	0.29659274
11295	0.29734623
11296	0.29819536
11297	0.29965711
11298	0.30146331
11299	0.30259365
11300	0.30245715
11301	0.30144978
11302	0.30041155
11303	0.29793125
11304	0.29381734
11305	0.28978691
11306	0.28573647
11307	0.28113455
11308	0.27737477
11309	0.27502814
11310	0.27357379
11311	0.27283970
11312	0.27267644
11313	0.27343482
11314	0.27422333
11315	0.27503949
11316	0.27551162
11317	0.27653423
11318	0.27664152
11319	0.27655709
11320	0.27642199
11321	0.27650088
11322	0.27495793
11323	0.27581495
11324	0.27918038
11325	0.27783945
11326	0.27974790
11327	0.28133976
11328	0.28276482
11329	0.28505203
11330	0.28643477
11331	0.28850564
11332	0.29027170
11333	0.29189754
11334	0.29392579
11335	0.29596284
11336	0.29839531
11337	0.30086625
11338	0.30366102
11339	0.30670562
11340	0.31003773
11341	0.31381789
11342	0.31773132
11343	0.32206368
11344	0.32684785
11345	0.33188832
11346	0.33701903
11347	0.34191543
11348	0.34610963
11349	0.35003030
11350	0.35355088
11351	0.35701752
11352	0.36033189
11353	0.36354119
11354	0.36650160
11355	0.36891001
11356	0.37124148
11357	0.37299407
11358	0.37436131
11359	0.37544644
11360	0.37623322
11361	0.37665904
11362	0.37677643
11363	0.37665811
11364	0.37620878
11365	0.37540677
11366	0.37425685
11367	0.37282079
11368	0.37107861
11369	0.36930713
11370	0.36756557
11371	0.36590144
11372	0.36420605
11373	0.36399633
11374	0.36362773
11375	0.36387330
11376	0.36453342
11377	0.36567193
11378	0.36716613
11379	0.36906803
11380	0.37130848
11381	0.37376633
11382	0.37645954
11383	0.37899372
11384	0.38148701
11385	0.38393876
11386	0.38589597
11387	0.38736910
11388	0.38882071
11389	0.39006454
11390	0.39116487
11391	0.39213285
11392	0.39301118
11393	0.39415658
11394	0.39475316
11395	0.39579388
11396	0.39572603
11397	0.39752567
11398	0.39631081
11399	0.39453909
11400	0.39370131
11401	0.39262453
11402	0.39139903
11403	0.39018449
11404	0.38853580
11405	0.38684613
11406	0.38490415
11407	0.38228315
11408	0.37968543
11409	0.37677172
11410	0.37359875
11411	0.36952475
11412	0.36545202
11413	0.36150929
11414	0.35751110
11415	0.35351279
11416	0.34984070
11417	0.34610575
11418	0.34298024
11419	0.34010598
11420	0.33757633
11421	0.33545709
11422	0.33369884
11423	0.33227983
11424	0.33113137
11425	0.33020657
11426	0.32946381
11427	0.32894975
11428	0.32879946
11429	0.32854858
11430	0.32829577
11431	0.32721663
11432	0.32668170
11433	0.32565880
11434	0.32438427
11435	0.32047540
11436	0.31686860
11437	0.31393880
11438	0.31046453
11439	0.30724010
11440	0.30545110
11441	0.30472070
11442	0.30441311
11443	0.30459815
11444	0.30500183
11445	0.30551782
11446	0.30614582
11447	0.30672598
11448	0.30692142
11449	0.30709407
11450	0.30723122
11451	0.30782580
11452	0.30870000
11453	0.30858421
11454	0.30886030
11455	0.30937919
11456	0.31003764
11457	0.30948606
11458	0.31032535
11459	0.31096810
11460	0.31220749
11461	0.31352797
11462	0.31573251
11463	0.31736320
11464	0.31896484
11465	0.32053745
11466	0.32169628
11467	0.32385850
11468	0.32606077
11469	0.32827866
11470	0.33075652
11471	0.33363006
11472	0.33652100
11473	0.33957633
11474	0.34295860
11475	0.34653997
11476	0.35039487
11477	0.35423326
11478	0.35804126
11479	0.36162224
11480	0.36481887
11481	0.36753345
11482	0.36973023
11483	0.37180564
11484	0.37370843
11485	0.37536639
11486	0.37674892
11487	0.37790793
11488	0.37855795
11489	0.37944198
11490	0.37985829
11491	0.38008142
11492	0.37998089
11493	0.37987992
11494	0.37951961
11495	0.37899196
11496	0.37820891
11497	0.37717411
11498	0.37598202
11499	0.37449995
11500	0.37300411
11501	0.37150180
11502	0.36993012
11503	0.36851710
11504	0.36735168
11505	0.36658558
11506	0.36577854
11507	0.36646974
11508	0.36694014
11509	0.36778295
11510	0.36888832
11511	0.37030947
11512	0.37189960
11513	0.37341994
11514	0.37517163
11515	0.37712297
11516	0.37866500
11517	0.38006988
11518	0.38112089
11519	0.38206631
11520	0.38283277
11521	0.38348606
11522	0.38394719
11523	0.38434869
11524	0.38464844
11525	0.38524914
11526	0.38595331
11527	0.38611183
11528	0.38500288
11529	0.38775772
11530	0.38469893
11531	0.38416019
11532	0.38344735
11533	0.38302207
11534	0.38208312
11535	0.38054457
11536	0.37942961
11537	0.37825885
11538	0.37619320
11539	0.37420091
11540	0.37206653
11541	0.36884654
11542	0.36594820
11543	0.36258614
11544	0.35925514
11545	0.35581514
11546	0.35226959
11547	0.34889445
11548	0.34543878
11549	0.34212020
11550	0.33867553
11551	0.33592463
11552	0.33312747
11553	0.33064812
11554	0.32841974
11555	0.32655686
11556	0.32495803
11557	0.32367784
11558	0.32266298
11559	0.32202914
11560	0.32176390
11561	0.32170779
11562	0.32241267
11563	0.32305402
11564	0.32286218
11565	0.32225719
11566	0.32145157
11567	0.32021987
11568	0.31616423
11569	0.31206286
11570	0.30846760
11571	0.30411816
11572	0.29984996
11573	0.29716626
11574	0.29568255
11575	0.29488140
11576	0.29469031
11577	0.29484475
11578	0.29516846
11579	0.29561204
11580	0.29600257
11581	0.29625615
11582	0.29622886
11583	0.29596552
11584	0.29678160
11585	0.29646903
11586	0.29739988
11587	0.29764634
11588	0.29820076
11589	0.29845017
11590	0.29842123
11591	0.29829353
11592	0.29967093
11593	0.30155709
11594	0.30295563
11595	0.30433324
11596	0.30579245
11597	0.30737275
11598	0.30899593
11599	0.31025913
11600	0.31232992
11601	0.31441978
11602	0.31663617
11603	0.31910601
11604	0.32172754
11605	0.32464004
11606	0.32793501
11607	0.33145434
11608	0.33536792
11609	0.33966678
11610	0.34414294
11611	0.34866819
11612	0.35300726
11613	0.35695627
11614	0.36029088
11615	0.36320856
11616	0.36572295
11617	0.36807036
11618	0.37018779
11619	0.37210491
11620	0.37372383
11621	0.37500179
11622	0.37591773
11623	0.37659109
11624	0.37694907
11625	0.37678406
11626	0.37671018
11627	0.37637413
11628	0.37587592
11629	0.37521616
11630	0.37416664
11631	0.37289414
11632	0.37133479
11633	0.36965638
11634	0.36794385
11635	0.36614302
11636	0.36450723
11637	0.36316100
11638	0.36158139
11639	0.36174601
11640	0.36163697
11641	0.36195344
11642	0.36247498
11643	0.36335853
11644	0.36453047
11645	0.36579570
11646	0.36725581
11647	0.36900678
11648	0.37033081
11649	0.37163511
11650	0.37282208
11651	0.37377784
11652	0.37454206
11653	0.37518704
11654	0.37566581
11655	0.37601900
11656	0.37627766
11657	0.37676328
11658	0.37726739
11659	0.37696561
11660	0.37543130
11661	0.37478465
11662	0.37446862
11663	0.37346888
11664	0.37270975
11665	0.37133256
11666	0.37016624
11667	0.36904377
11668	0.36740845
11669	0.36584318
11670	0.36412796
11671	0.36224490
11672	0.35930762
11673	0.35715178
11674	0.35487413
11675	0.35225680
11676	0.34984621
11677	0.34731984
11678	0.34497082
11679	0.34267047
11680	0.34051558
11681	0.33830315
11682	0.33677068
11683	0.33532426
11684	0.33415145
11685	0.33316609
11686	0.33242798
11687	0.33187214
11688	0.33140677
11689	0.33104005
11690	0.33076653
11691	0.33064595
11692	0.33071136
11693	0.33107153
11694	0.33184698
11695	0.33298260
11696	0.33417809
11697	0.33442333
11698	0.33389398
11699	0.33294535
11700	0.33159965
11701	0.32792750
11702	0.32398936
11703	0.32030505
11704	0.31601131
11705	0.31165415
11706	0.30860317
11707	0.30668423
11708	0.30559248
11709	0.30518743
11710	0.30549654
11711	0.30620724
11712	0.30719793
11713	0.30769652
11714	0.30877420
11715	0.30899253
11716	0.31015140
11717	0.31000108
11718	0.31084627
11719	0.31092322
11720	0.31115106
11721	0.31181374
11722	0.31254902
11723	0.31254211
11724	0.31344715
11725	0.31241503
11726	0.31743354
11727	0.31903818
11728	0.32028651
11729	0.32202971
11730	0.32382232
11731	0.32569253
11732	0.32739285
11733	0.32955658
11734	0.33180380
11735	0.33421215
11736	0.33682582
11737	0.33953467
11738	0.34245330
11739	0.34566152
11740	0.34927386
11741	0.35315868
11742	0.35736695
11743	0.36184689
11744	0.36653885
11745	0.37105802
11746	0.37521583
11747	0.37858614
11748	0.38138169
11749	0.38364419
11750	0.38647097
11751	0.38717863
11752	0.38879547
11753	0.39006025
11754	0.38937047
11755	0.38957241
11756	0.38947940
11757	0.38920894
11758	0.38885027
11759	0.38852966
11760	0.38793534
11761	0.38743362
11762	0.38696676
11763	0.38641098
11764	0.38574344
11765	0.38491693
11766	0.38394341
11767	0.38299486
11768	0.38206494
11769	0.38130698
11770	0.38083896
11771	0.38084504
11772	0.38091844
11773	0.38255826
11774	0.38411638
11775	0.38566673
11776	0.38780865
11777	0.39034465
11778	0.39306793
11779	0.39587700
11780	0.39857531
11781	0.40121067
11782	0.40345943
11783	0.40573007
11784	0.40733382
11785	0.40840882
11786	0.40918720
11787	0.40968174
11788	0.40984437
11789	0.40980050
11790	0.40959132
11791	0.40949088
11792	0.40929618
11793	0.40842313
11794	0.40705529
11795	0.40745711
11796	0.40606332
11797	0.40339014
11798	0.40042087
11799	0.39813909
11800	0.39617157
11801	0.39394060
11802	0.39086848
11803	0.38844657
11804	0.38563481
11805	0.38287428
11806	0.38009879
11807	0.37702888
11808	0.37258247
11809	0.36923170
11810	0.36569437
11811	0.36202034
11812	0.35773167
11813	0.35428298
11814	0.35068217
11815	0.34721616
11816	0.34401235
11817	0.34100434
11818	0.33828968
11819	0.33585933
11820	0.33368608
11821	0.33168197
11822	0.32985538
11823	0.32806978
11824	0.32643983
11825	0.32491952
11826	0.32372025
11827	0.32288423
11828	0.32254207
11829	0.32211226
11830	0.32137048
11831	0.32007334
11832	0.31906188
11833	0.31698519
11834	0.31307253
11835	0.30932167
11836	0.30609274
11837	0.30250159
11838	0.29886380
11839	0.29644790
11840	0.29482359
11841	0.29407215
11842	0.29398456
11843	0.29432604
11844	0.29561916
11845	0.29647347
11846	0.29738775
11847	0.29801536
11848	0.29903531
11849	0.29940784
11850	0.29951817
11851	0.29952568
11852	0.29945523
11853	0.29809102
11854	0.29876387
11855	0.29995301
11856	0.30022448
11857	0.30097723
11858	0.30186808
11859	0.30369520
11860	0.30501661
11861	0.30655682
11862	0.30820936
11863	0.31054166
11864	0.31252342
11865	0.31440929
11866	0.31571230
11867	0.31781557
11868	0.31986260
11869	0.32207543
11870	0.32435632
11871	0.32687914
11872	0.32964706
11873	0.33246821
11874	0.33553711
11875	0.33885348
11876	0.34237289
11877	0.34577277
11878	0.34905586
11879	0.35203138
11880	0.35452843
11881	0.35719439
11882	0.35954222
11883	0.36207154
11884	0.36537012
11885	0.36747977
11886	0.36822879
11887	0.36945122
11888	0.37021622
11889	0.37067538
11890	0.37067831
11891	0.37053981
11892	0.37005582
11893	0.36928478
11894	0.36805904
11895	0.36671484
11896	0.36510846
11897	0.36315730
11898	0.36109278
11899	0.35896513
11900	0.35683104
11901	0.35463089
11902	0.35355350
11903	0.35253215
11904	0.35194045
11905	0.35186201
11906	0.35152757
11907	0.35179383
11908	0.35231534
11909	0.35310996
11910	0.35402060
11911	0.35502043
11912	0.35607803
11913	0.35660243
11914	0.35751629
11915	0.35823411
11916	0.35821545
11917	0.35801211
11918	0.35752136
11919	0.35680562
11920	0.35588118
11921	0.35474104
11922	0.35342440
11923	0.35232592
11924	0.35116997
11925	0.34934258
11926	0.34664127
11927	0.34418383
11928	0.34146479
11929	0.33893797
11930	0.33676434
11931	0.33443680
11932	0.33144844
11933	0.33093742
11934	0.32620755
11935	0.32377970
11936	0.32115722
11937	0.31883532
11938	0.31670120
11939	0.31468099
11940	0.31277910
11941	0.31106675
11942	0.30965886
11943	0.30833200
11944	0.30722204
11945	0.30638072
11946	0.30551967
11947	0.30516902
11948	0.30484259
11949	0.30460587
11950	0.30448297
11951	0.30446112
11952	0.30445608
11953	0.30451727
11954	0.30465564
11955	0.30474511
11956	0.30492690
11957	0.30530930
11958	0.30614391
11959	0.30719882
11960	0.30851835
11961	0.30957705
11962	0.30972239
11963	0.30872491
11964	0.30759084
11965	0.30602485
11966	0.30197540
11967	0.29782444
11968	0.29418635
11969	0.28999063
11970	0.28581929
11971	0.28303021
11972	0.28136411
11973	0.28039879
11974	0.28047645
11975	0.28114271
11976	0.28189021
11977	0.28290340
11978	0.28421488
11979	0.28496200
11980	0.28536388
11981	0.28551635
11982	0.28555274
11983	0.28554028
11984	0.28437296
11985	0.28470644
11986	0.28537506
11987	0.28620616
11988	0.28694561
11989	0.28798011
11990	0.28907081
11991	0.29087546
11992	0.29293197
11993	0.29429683
11994	0.29567027
11995	0.29712796
11996	0.29855531
11997	0.29949522
11998	0.30125296
11999	0.30317503
12000	0.30524603