	C:\Users\jkuzm\OneDrive - University of Massachusetts\HRSL x UMILL-PUMA Fatigue - Fatigue\Data\F01\FR3_static3.c3d _ImpedanceExport	C:\Users\jkuzm\OneDrive - University of Massachusetts\HRSL x UMILL-PUMA Fatigue - Fatigue\Data\F01\FR3_static3.c3d _ImpedanceExport	C:\Users\jkuzm\OneDrive - University of Massachusetts\HRSL x UMILL-PUMA Fatigue - Fatigue\Data\F01\FR3_static3.c3d _ImpedanceExport	C:\Users\jkuzm\OneDrive - University of Massachusetts\HRSL x UMILL-PUMA Fatigue - Fatigue\Data\F01\FR3_static3.c3d _ImpedanceExport	C:\Users\jkuzm\OneDrive - University of Massachusetts\HRSL x UMILL-PUMA Fatigue - Fatigue\Data\F01\FR3_static3.c3d _ImpedanceExport	C:\Users\jkuzm\OneDrive - University of Massachusetts\HRSL x UMILL-PUMA Fatigue - Fatigue\Data\F01\FR3_static3.c3d _ImpedanceExport	C:\Users\jkuzm\OneDrive - University of Massachusetts\HRSL x UMILL-PUMA Fatigue - Fatigue\Data\F01\FR3_static3.c3d _ImpedanceExport	C:\Users\jkuzm\OneDrive - University of Massachusetts\HRSL x UMILL-PUMA Fatigue - Fatigue\Data\F01\FR3_static3.c3d _ImpedanceExport	C:\Users\jkuzm\OneDrive - University of Massachusetts\HRSL x UMILL-PUMA Fatigue - Fatigue\Data\F01\FR3_static3.c3d _ImpedanceExport	C:\Users\jkuzm\OneDrive - University of Massachusetts\HRSL x UMILL-PUMA Fatigue - Fatigue\Data\F01\FR3_static3.c3d _ImpedanceExport	C:\Users\jkuzm\OneDrive - University of Massachusetts\HRSL x UMILL-PUMA Fatigue - Fatigue\Data\F01\FR3_static3.c3d _ImpedanceExport	C:\Users\jkuzm\OneDrive - University of Massachusetts\HRSL x UMILL-PUMA Fatigue - Fatigue\Data\F01\FR3_static3.c3d _ImpedanceExport	C:\Users\jkuzm\OneDrive - University of Massachusetts\HRSL x UMILL-PUMA Fatigue - Fatigue\Data\F01\FR3_static3.c3d _ImpedanceExport	C:\Users\jkuzm\OneDrive - University of Massachusetts\HRSL x UMILL-PUMA Fatigue - Fatigue\Data\F01\FR3_static3.c3d _ImpedanceExport	C:\Users\jkuzm\OneDrive - University of Massachusetts\HRSL x UMILL-PUMA Fatigue - Fatigue\Data\F01\FR3_static3.c3d _ImpedanceExport	C:\Users\jkuzm\OneDrive - University of Massachusetts\HRSL x UMILL-PUMA Fatigue - Fatigue\Data\F01\FR3_static3.c3d _ImpedanceExport	C:\Users\jkuzm\OneDrive - University of Massachusetts\HRSL x UMILL-PUMA Fatigue - Fatigue\Data\F01\FR3_static3.c3d _ImpedanceExport	C:\Users\jkuzm\OneDrive - University of Massachusetts\HRSL x UMILL-PUMA Fatigue - Fatigue\Data\F01\FR3_static3.c3d _ImpedanceExport
	LHIP	LHIP	LHIP	LKNEE	LKNEE	LKNEE	LANKLE	LANKLE	LANKLE	RHIP	RHIP	RHIP	RKNEE	RKNEE	RKNEE	RANKLE	RANKLE	RANKLE
	LINK_MODEL_BASED	LINK_MODEL_BASED	LINK_MODEL_BASED	LINK_MODEL_BASED	LINK_MODEL_BASED	LINK_MODEL_BASED	LINK_MODEL_BASED	LINK_MODEL_BASED	LINK_MODEL_BASED	LINK_MODEL_BASED	LINK_MODEL_BASED	LINK_MODEL_BASED	LINK_MODEL_BASED	LINK_MODEL_BASED	LINK_MODEL_BASED	LINK_MODEL_BASED	LINK_MODEL_BASED	LINK_MODEL_BASED
	ORIGINAL	ORIGINAL	ORIGINAL	ORIGINAL	ORIGINAL	ORIGINAL	ORIGINAL	ORIGINAL	ORIGINAL	ORIGINAL	ORIGINAL	ORIGINAL	ORIGINAL	ORIGINAL	ORIGINAL	ORIGINAL	ORIGINAL	ORIGINAL
ITEM	X	Y	Z	X	Y	Z	X	Y	Z	X	Y	Z	X	Y	Z	X	Y	Z
1	0.21197565	0.39876524	0.83715171	0.17868569	0.40094733	0.45521787	0.12649983	0.32586631	0.09495994	0.40531957	0.39213514	0.83866024	0.40703911	0.40958732	0.45964614	0.45236069	0.33154353	0.08565545
2	0.21194641	0.39875203	0.83718598	0.17871404	0.40085500	0.45524657	0.12650791	0.32587272	0.09496426	0.40535310	0.39207542	0.83868283	0.40704146	0.40959337	0.45961070	0.45237094	0.33152783	0.08567335
3	0.21194561	0.39884388	0.83715546	0.17870946	0.40095291	0.45519114	0.12650955	0.32585034	0.09496256	0.40533552	0.39202759	0.83867890	0.40704691	0.40949702	0.45966294	0.45236290	0.33152851	0.08565249
4	0.21212058	0.39985204	0.83731240	0.17871733	0.40091202	0.45520669	0.12659304	0.32592896	0.09498755	0.40547779	0.39164436	0.83856827	0.40713567	0.40959004	0.45962104	0.45235899	0.33152223	0.08564172
5	0.21209468	0.39990661	0.83729708	0.17881824	0.40076917	0.45520815	0.12655753	0.32593575	0.09497190	0.40549037	0.39169949	0.83861041	0.40719187	0.40959153	0.45964211	0.45239651	0.33148223	0.08568043
6	0.21204773	0.39988402	0.83732355	0.17889048	0.40076217	0.45517203	0.12655629	0.32592347	0.09497295	0.40540773	0.39172760	0.83859324	0.40718457	0.40953410	0.45964533	0.45241573	0.33147827	0.08568220
7	0.21209694	0.39986250	0.83730906	0.17888589	0.40075913	0.45516047	0.12655497	0.32592151	0.09498364	0.40540895	0.39167082	0.83859104	0.40718427	0.40950611	0.45965555	0.45240167	0.33148715	0.08567996
8	0.21211812	0.39982218	0.83730465	0.17891063	0.40068522	0.45517471	0.12654777	0.32592112	0.09496133	0.40545282	0.39161110	0.83860385	0.40718997	0.40952346	0.45962232	0.45240676	0.33147815	0.08566144
9	0.21213087	0.39976850	0.83729762	0.17890583	0.40072224	0.45516127	0.12655470	0.32591993	0.09494900	0.40551156	0.39161408	0.83862334	0.40715435	0.40940076	0.45970175	0.45239902	0.33148548	0.08566694
10	0.21203819	0.39984816	0.83732337	0.17894651	0.40067956	0.45515624	0.12656200	0.32591441	0.09494635	0.40543571	0.39154240	0.83860189	0.40721682	0.40946886	0.45963952	0.45241389	0.33147556	0.08566029
11	0.21215816	0.39965725	0.83729184	0.17900132	0.40066457	0.45512104	0.12655440	0.32590288	0.09494848	0.40552136	0.39151508	0.83856630	0.40717518	0.40930238	0.45970532	0.45240301	0.33147576	0.08565693
12	0.21208799	0.39970094	0.83729482	0.17903516	0.40059540	0.45511299	0.12656048	0.32591143	0.09493256	0.40551248	0.39141160	0.83860213	0.40724289	0.40944704	0.45962057	0.45240286	0.33146968	0.08566027
13	0.21207388	0.39957485	0.83730632	0.17898419	0.40063015	0.45513332	0.12656258	0.32588229	0.09492794	0.40556800	0.39137566	0.83861381	0.40716726	0.40931726	0.45968455	0.45240229	0.33145818	0.08565482
14	0.21210030	0.39952898	0.83730668	0.17895642	0.40058580	0.45513397	0.12655079	0.32587394	0.09494285	0.40564716	0.39140841	0.83861053	0.40716198	0.40918359	0.45973685	0.45241463	0.33143631	0.08566081
15	0.21210673	0.39952403	0.83730096	0.17897503	0.40058076	0.45512664	0.12654673	0.32585493	0.09492791	0.40557915	0.39124224	0.83860165	0.40725124	0.40934148	0.45964342	0.45240635	0.33144048	0.08565094
16	0.21208374	0.39958829	0.83731478	0.17901443	0.40052426	0.45512384	0.12654759	0.32585061	0.09492990	0.40558228	0.39118010	0.83860028	0.40721819	0.40919244	0.45973352	0.45240358	0.33142683	0.08565035
17	0.21213199	0.39937994	0.83731019	0.17897393	0.40050721	0.45515075	0.12654446	0.32585174	0.09493344	0.40561783	0.39118129	0.83861834	0.40717393	0.40908009	0.45975804	0.45240715	0.33142787	0.08565716
18	0.21215717	0.39946532	0.83728993	0.17894021	0.40047237	0.45514545	0.12655938	0.32583991	0.09493172	0.40569186	0.39112860	0.83862770	0.40727928	0.40917212	0.45969638	0.45240423	0.33140266	0.08565602
19	0.21207017	0.39956537	0.83729911	0.17897494	0.40045524	0.45514926	0.12655462	0.32583460	0.09492425	0.40567353	0.39106038	0.83862197	0.40723956	0.40914240	0.45967647	0.45240834	0.33140585	0.08565506
20	0.21212466	0.39950284	0.83728141	0.17897849	0.40048790	0.45510292	0.12654474	0.32582971	0.09491597	0.40569982	0.39100114	0.83862531	0.40731347	0.40914762	0.45968038	0.45240092	0.33141053	0.08564412
21	0.21211174	0.39945242	0.83729130	0.17891084	0.40046519	0.45515171	0.12654643	0.32583573	0.09491126	0.40566593	0.39103314	0.83862412	0.40717769	0.40891090	0.45977446	0.45240164	0.33141679	0.08563209
22	0.21203509	0.39943275	0.83729672	0.17894718	0.40042803	0.45513877	0.12654603	0.32582310	0.09490945	0.40567005	0.39101872	0.83862454	0.40727133	0.40903658	0.45969346	0.45241359	0.33140281	0.08563710
23	0.21205851	0.39939708	0.83729625	0.17901880	0.40041023	0.45510963	0.12655631	0.32581967	0.09490258	0.40564710	0.39090502	0.83862591	0.40727970	0.40899780	0.45969146	0.45242107	0.33138567	0.08564797
24	0.21201342	0.39944163	0.83729684	0.17895725	0.40038997	0.45512709	0.12654991	0.32580835	0.09490569	0.40562811	0.39075318	0.83862382	0.40729070	0.40895838	0.45970690	0.45240915	0.33138061	0.08562412
25	0.21199650	0.39931208	0.83731437	0.17894599	0.40034416	0.45513737	0.12654640	0.32580486	0.09488959	0.40563473	0.39080611	0.83861613	0.40726799	0.40888536	0.45970750	0.45240748	0.33138016	0.08561929
26	0.21196428	0.39945212	0.83729488	0.17894578	0.40034783	0.45511782	0.12654468	0.32579198	0.09489112	0.40565640	0.39084327	0.83863962	0.40724948	0.40882576	0.45967993	0.45242068	0.33135524	0.08561523
27	0.21208599	0.39927855	0.83727473	0.17892875	0.40031055	0.45513079	0.12654409	0.32578063	0.09488533	0.40553203	0.39063773	0.83860695	0.40724826	0.40877661	0.45971078	0.45240313	0.33134264	0.08561055
28	0.21195938	0.39925268	0.83729947	0.17892666	0.40025479	0.45515189	0.12655014	0.32575804	0.09488209	0.40550941	0.39064398	0.83859307	0.40725407	0.40866178	0.45974371	0.45241016	0.33133289	0.08561215
29	0.21206369	0.39915082	0.83724016	0.17886133	0.40024251	0.45517728	0.12654859	0.32575607	0.09486996	0.40552270	0.39068064	0.83861506	0.40722594	0.40856177	0.45975411	0.45240977	0.33133259	0.08560151
30	0.21198983	0.39929610	0.83726251	0.17891149	0.40016633	0.45514885	0.12653656	0.32576039	0.09489076	0.40557611	0.39059255	0.83862627	0.40726200	0.40858445	0.45973292	0.45240101	0.33131918	0.08560535
31	0.21203634	0.39915302	0.83724129	0.17887749	0.40021327	0.45513469	0.12653585	0.32576340	0.09486536	0.40555793	0.39055932	0.83864057	0.40727127	0.40857887	0.45972648	0.45239842	0.33132386	0.08558686
32	0.21204175	0.39921805	0.83724290	0.17888248	0.40013573	0.45515066	0.12653597	0.32575241	0.09486367	0.40556017	0.39055833	0.83862758	0.40724725	0.40847182	0.45974600	0.45239711	0.33132344	0.08559135
33	0.21203516	0.39913031	0.83723640	0.17888023	0.40016767	0.45512620	0.12652883	0.32574499	0.09486344	0.40546539	0.39047813	0.83860588	0.40719730	0.40837404	0.45976320	0.45238632	0.33132264	0.08558189
34	0.21201947	0.39912203	0.83723390	0.17895521	0.40003064	0.45513484	0.12651759	0.32572928	0.09486613	0.40550810	0.39054337	0.83861333	0.40723282	0.40836906	0.45977941	0.45239151	0.33131674	0.08558183
35	0.21202120	0.39907634	0.83724207	0.17889960	0.40004027	0.45514667	0.12652043	0.32572091	0.09486070	0.40542901	0.39058557	0.83859235	0.40719330	0.40830290	0.45975864	0.45238730	0.33130267	0.08557834
36	0.21193367	0.39909554	0.83724660	0.17889273	0.39998192	0.45514816	0.12652002	0.32571366	0.09485926	0.40539816	0.39055932	0.83860153	0.40717348	0.40823933	0.45976573	0.45238462	0.33129364	0.08557501
37	0.21201210	0.39896059	0.83723098	0.17892182	0.39995986	0.45514163	0.12653199	0.32568830	0.09484376	0.40529415	0.39048660	0.83858103	0.40722334	0.40818593	0.45978275	0.45238355	0.33127341	0.08557386
38	0.21198712	0.39894095	0.83721471	0.17887960	0.39992264	0.45514575	0.12653442	0.32566926	0.09483500	0.40527639	0.39044228	0.83859777	0.40720955	0.40806863	0.45980144	0.45238546	0.33125201	0.08556730
39	0.21193834	0.39900902	0.83721459	0.17888312	0.39990729	0.45512819	0.12654202	0.32564744	0.09483356	0.40530458	0.39059588	0.83860254	0.40718192	0.40803781	0.45978540	0.45238668	0.33123949	0.08555688
40	0.21189889	0.39896142	0.83722103	0.17886260	0.39987397	0.45513850	0.12653869	0.32563141	0.09481316	0.40526253	0.39064595	0.83859289	0.40716442	0.40795809	0.45976996	0.45239031	0.33123282	0.08554026
41	0.21187371	0.39897594	0.83721048	0.17888077	0.39987853	0.45511213	0.12654598	0.32562187	0.09479779	0.40519461	0.39063641	0.83856344	0.40717906	0.40785250	0.45983520	0.45238718	0.33122268	0.08553779
42	0.21187498	0.39895302	0.83720011	0.17887861	0.39982086	0.45512414	0.12653336	0.32560942	0.09479500	0.40524516	0.39052823	0.83857816	0.40723622	0.40785792	0.45980358	0.45238677	0.33120611	0.08552084
43	0.21183261	0.39896077	0.83719158	0.17885825	0.39981499	0.45511168	0.12653150	0.32561532	0.09478471	0.40517929	0.39051384	0.83856630	0.40714589	0.40763587	0.45986828	0.45240232	0.33119556	0.08550021
44	0.21182278	0.39889836	0.83719236	0.17895770	0.39970353	0.45509604	0.12652381	0.32561305	0.09478857	0.40511063	0.39046842	0.83855975	0.40723413	0.40773034	0.45980075	0.45239416	0.33118659	0.08549076
45	0.21178834	0.39888304	0.83719248	0.17897554	0.39968979	0.45508945	0.12651801	0.32559180	0.09478730	0.40516070	0.39050683	0.83856064	0.40716103	0.40761083	0.45981392	0.45240304	0.33116913	0.08549413
46	0.21170013	0.39877406	0.83722466	0.17891829	0.39967817	0.45509487	0.12650989	0.32559061	0.09478174	0.40515962	0.39055878	0.83857751	0.40718451	0.40751228	0.45986080	0.45240763	0.33115560	0.08548805
47	0.21172149	0.39886203	0.83719236	0.17892161	0.39968577	0.45507106	0.12651250	0.32556099	0.09478841	0.40510678	0.39049512	0.83855373	0.40718952	0.40750352	0.45981953	0.45240548	0.33114693	0.08547769
48	0.21172923	0.39885476	0.83717537	0.17891216	0.39962205	0.45510685	0.12652789	0.32555142	0.09478214	0.40511721	0.39052510	0.83855766	0.40715188	0.40743038	0.45982960	0.45240107	0.33114156	0.08547896
49	0.21169050	0.39884505	0.83717805	0.17894481	0.39956519	0.45509592	0.12650594	0.32552949	0.09475915	0.40499866	0.39036101	0.83850425	0.40715611	0.40737227	0.45984346	0.45239902	0.33112788	0.08547403
50	0.21167111	0.39882776	0.83718455	0.17898002	0.39954293	0.45506820	0.12649943	0.32551715	0.09476403	0.40504304	0.39039358	0.83852112	0.40716317	0.40735504	0.45983598	0.45239088	0.33110958	0.08545536
51	0.21164237	0.39874229	0.83720279	0.17893232	0.39952332	0.45507848	0.12650818	0.32550582	0.09475018	0.40499663	0.39030808	0.83851242	0.40717021	0.40734512	0.45979932	0.45239976	0.33110133	0.08545654
52	0.21169652	0.39864233	0.83717930	0.17897053	0.39953351	0.45504245	0.12651946	0.32550150	0.09473892	0.40496483	0.39041364	0.83849651	0.40715981	0.40732655	0.45979020	0.45238000	0.33110982	0.08544061
53	0.21171002	0.39876974	0.83713180	0.17896223	0.39956030	0.45501745	0.12652600	0.32549989	0.09472930	0.40492961	0.39037642	0.83848852	0.40718392	0.40734872	0.45980549	0.45240203	0.33109525	0.08542692
54	0.21179235	0.39859506	0.83714163	0.17900251	0.39946169	0.45504099	0.12652758	0.32550198	0.09471619	0.40496489	0.39038923	0.83848745	0.40716085	0.40735304	0.45975521	0.45238957	0.33109722	0.08542162
55	0.21177086	0.39863798	0.83713663	0.17902659	0.39947611	0.45502269	0.12651587	0.32549667	0.09472326	0.40490088	0.39030552	0.83847106	0.40713203	0.40725160	0.45983768	0.45240167	0.33110014	0.08542557
56	0.21178500	0.39858761	0.83712947	0.17899077	0.39948145	0.45503566	0.12653238	0.32549387	0.09471747	0.40488735	0.39027622	0.83846873	0.40712050	0.40733859	0.45974451	0.45241112	0.33109316	0.08542755
57	0.21181697	0.39859954	0.83712405	0.17902386	0.39943746	0.45502886	0.12651487	0.32549202	0.09472916	0.40485460	0.39041582	0.83842814	0.40711766	0.40729618	0.45976475	0.45240855	0.33109289	0.08542254
58	0.21172148	0.39868143	0.83715200	0.17902654	0.39940473	0.45504636	0.12653276	0.32549092	0.09472981	0.40485412	0.39025736	0.83844352	0.40719682	0.40732870	0.45978791	0.45242193	0.33108497	0.08543801
59	0.21172127	0.39856973	0.83716470	0.17895176	0.39941907	0.45508352	0.12653558	0.32548794	0.09471893	0.40485832	0.39030558	0.83845627	0.40717942	0.40733734	0.45978135	0.45241812	0.33108392	0.08543051
60	0.21162756	0.39873487	0.83717257	0.17897727	0.39941847	0.45507851	0.12653708	0.32549295	0.09474467	0.40475672	0.39030701	0.83842230	0.40719602	0.40740651	0.45976353	0.45242378	0.33109859	0.08543006
61	0.21171066	0.39859763	0.83715284	0.17898217	0.39939803	0.45509526	0.12652552	0.32550338	0.09473882	0.40462705	0.39113754	0.83842105	0.40715730	0.40739340	0.45977581	0.45241690	0.33110616	0.08544430
62	0.21167459	0.39850634	0.83719301	0.17893131	0.39943147	0.45511550	0.12651615	0.32550329	0.09475224	0.40471920	0.39131901	0.83843327	0.40717566	0.40744182	0.45976627	0.45241532	0.33111262	0.08545829
63	0.21164820	0.39857820	0.83719504	0.17890695	0.39946413	0.45511854	0.12651509	0.32551581	0.09475197	0.40465084	0.39138362	0.83842188	0.40714070	0.40737638	0.45982984	0.45241582	0.33111528	0.08545513
64	0.21166390	0.39857051	0.83721477	0.17891160	0.39943942	0.45513409	0.12650365	0.32555079	0.09476999	0.40459341	0.39129257	0.83838826	0.40714428	0.40737012	0.45985699	0.45242095	0.33113378	0.08546856
65	0.21167642	0.39859387	0.83721453	0.17888704	0.39949891	0.45513779	0.12650201	0.32556400	0.09476741	0.40456936	0.39143920	0.83838832	0.40715298	0.40749347	0.45979664	0.45242953	0.33114830	0.08548737
66	0.21171682	0.39851746	0.83721322	0.17888927	0.39944744	0.45517606	0.12649515	0.32556441	0.09478129	0.40458173	0.39146146	0.83839059	0.40711853	0.40747651	0.45982015	0.45240772	0.33115935	0.08548274
67	0.21169855	0.39857200	0.83722925	0.17884675	0.39951476	0.45517960	0.12649222	0.32557556	0.09477754	0.40461299	0.39145288	0.83842438	0.40711623	0.40757173	0.45977959	0.45242515	0.33117193	0.08548929
68	0.21169057	0.39852741	0.83723366	0.17885579	0.39953038	0.45517680	0.12648952	0.32558939	0.09478237	0.40458050	0.39147049	0.83840901	0.40715969	0.40764263	0.45977408	0.45241222	0.33118469	0.08550746
69	0.21172020	0.39853984	0.83724010	0.17886283	0.39952639	0.45519832	0.12647912	0.32558653	0.09480391	0.40453935	0.39146850	0.83839887	0.40709546	0.40762258	0.45975459	0.45242283	0.33118120	0.08551914
70	0.21172963	0.39845529	0.83725101	0.17879675	0.39957327	0.45521566	0.12647986	0.32558820	0.09480860	0.40456209	0.39150691	0.83843887	0.40714297	0.40766716	0.45980015	0.45242393	0.33118641	0.08552987
71	0.21169950	0.39857975	0.83724487	0.17879491	0.39956251	0.45523760	0.12647091	0.32558432	0.09481391	0.40456101	0.39155585	0.83843154	0.40713266	0.40768591	0.45982352	0.45243117	0.33118984	0.08553408
72	0.21164586	0.39844388	0.83729577	0.17879859	0.39957055	0.45523635	0.12645711	0.32560214	0.09482404	0.40455166	0.39148939	0.83844006	0.40718871	0.40772220	0.45984688	0.45242876	0.33119562	0.08553786
73	0.21165539	0.39858633	0.83727425	0.17876437	0.39961219	0.45524368	0.12646937	0.32561672	0.09482654	0.40457687	0.39148676	0.83843863	0.40710795	0.40770796	0.45981672	0.45242697	0.33121336	0.08554565
74	0.21158789	0.39849535	0.83730912	0.17874934	0.39962569	0.45525825	0.12646943	0.32562780	0.09482541	0.40458417	0.39151797	0.83844990	0.40711820	0.40784883	0.45979896	0.45243320	0.33122477	0.08555754
75	0.21156324	0.39857894	0.83732510	0.17872792	0.39964554	0.45528159	0.12647568	0.32565752	0.09484750	0.40458179	0.39160225	0.83845639	0.40714833	0.40782112	0.45984268	0.45244595	0.33123904	0.08556362
76	0.21162620	0.39853963	0.83730638	0.17873292	0.39962173	0.45530170	0.12645912	0.32567310	0.09486391	0.40456429	0.39169481	0.83845639	0.40714511	0.40783471	0.45986322	0.45243821	0.33125442	0.08556183
77	0.21154402	0.39860284	0.83734494	0.17870589	0.39973372	0.45527703	0.12645021	0.32569134	0.09486693	0.40451169	0.39160123	0.83843911	0.40712002	0.40794727	0.45978546	0.45245409	0.33125645	0.08558694
78	0.21157341	0.39855945	0.83733648	0.17870036	0.39975098	0.45528281	0.12645386	0.32569981	0.09487946	0.40443632	0.39169794	0.83843249	0.40706930	0.40793598	0.45979279	0.45245084	0.33126354	0.08558130
79	0.21158642	0.39853638	0.83735025	0.17876068	0.39968190	0.45530823	0.12646393	0.32570785	0.09488710	0.40446854	0.39163274	0.83844882	0.40709069	0.40799630	0.45978245	0.45244572	0.33127612	0.08558095
80	0.21155010	0.39866334	0.83733839	0.17880191	0.39969659	0.45529392	0.12647188	0.32570723	0.09487608	0.40440661	0.39177194	0.83845645	0.40710995	0.40802786	0.45978355	0.45245466	0.33127773	0.08558656
81	0.21155134	0.39857426	0.83735704	0.17872550	0.39973629	0.45532066	0.12647621	0.32569200	0.09488108	0.40443891	0.39178756	0.83845043	0.40708196	0.40799990	0.45980301	0.45244721	0.33128819	0.08560165
82	0.21159387	0.39865056	0.83732980	0.17873041	0.39969429	0.45534670	0.12644920	0.32570300	0.09488029	0.40448767	0.39174867	0.83845747	0.40710732	0.40800503	0.45981157	0.45245683	0.33128357	0.08560521
83	0.21162072	0.39862105	0.83733767	0.17876084	0.39975044	0.45531800	0.12645686	0.32569978	0.09488505	0.40445426	0.39185303	0.83847851	0.40707287	0.40801862	0.45978907	0.45245120	0.33128452	0.08560783
84	0.21156538	0.39858237	0.83735341	0.17869306	0.39976129	0.45533124	0.12647590	0.32568482	0.09487033	0.40450150	0.39184371	0.83847487	0.40709224	0.40804148	0.45978680	0.45244500	0.33127710	0.08561244
85	0.21164265	0.39864686	0.83733827	0.17870149	0.39969566	0.45534864	0.12645754	0.32569870	0.09486707	0.40443903	0.39173931	0.83844167	0.40708363	0.40807110	0.45979750	0.45244300	0.33128628	0.08561271
86	0.21166030	0.39863101	0.83731532	0.17870426	0.39968866	0.45535502	0.12645799	0.32569826	0.09487326	0.40443432	0.39176935	0.83844668	0.40706608	0.40804639	0.45979229	0.45243856	0.33130047	0.08560972
87	0.21158144	0.39871937	0.83732474	0.17870212	0.39966378	0.45535174	0.12646803	0.32569635	0.09486905	0.40443575	0.39175004	0.83843720	0.40708351	0.40808916	0.45978034	0.45245320	0.33130553	0.08560587
88	0.21150093	0.39889246	0.83734071	0.17874108	0.39971432	0.45531079	0.12647061	0.32569325	0.09485675	0.40439785	0.39164457	0.83844715	0.40709853	0.40808910	0.45979896	0.45244139	0.33129838	0.08561434
89	0.21157910	0.39867631	0.83731920	0.17872396	0.39971998	0.45531034	0.12645383	0.32569465	0.09486812	0.40449789	0.39174610	0.83845657	0.40710127	0.40811336	0.45978290	0.45243436	0.33129621	0.08560272
90	0.21151029	0.39875829	0.83733618	0.17873478	0.39969337	0.45531139	0.12645775	0.32569069	0.09486720	0.40444383	0.39165375	0.83841246	0.40708348	0.40809116	0.45977339	0.45243812	0.33129993	0.08560455
91	0.21156573	0.39876416	0.83732033	0.17878644	0.39965716	0.45528680	0.12644987	0.32567424	0.09486778	0.40456527	0.39180136	0.83845609	0.40707001	0.40810037	0.45977339	0.45242977	0.33128259	0.08560456
92	0.21153304	0.39874440	0.83731776	0.17870368	0.39967638	0.45530614	0.12646039	0.32567832	0.09485831	0.40447450	0.39167118	0.83845490	0.40709367	0.40809861	0.45977750	0.45243242	0.33127546	0.08560579
93	0.21150380	0.39881662	0.83731174	0.17869800	0.39971527	0.45529497	0.12645364	0.32566226	0.09485147	0.40452045	0.39170748	0.83843523	0.40707740	0.40802476	0.45982260	0.45242172	0.33127338	0.08559441
94	0.21145520	0.39877924	0.83733827	0.17874737	0.39962834	0.45530427	0.12644947	0.32567322	0.09485060	0.40441731	0.39155436	0.83840263	0.40711039	0.40811342	0.45977768	0.45242700	0.33126718	0.08560204
95	0.21156470	0.39873844	0.83729464	0.17873935	0.39962673	0.45530522	0.12645245	0.32566682	0.09485504	0.40445295	0.39160177	0.83840311	0.40709683	0.40808013	0.45979479	0.45242116	0.33126715	0.08559085
96	0.21154939	0.39880696	0.83727449	0.17871694	0.39966810	0.45529917	0.12644918	0.32567689	0.09484743	0.40455240	0.39167193	0.83844143	0.40711021	0.40806010	0.45981100	0.45241877	0.33127725	0.08559022
97	0.21152462	0.39884514	0.83729166	0.17866924	0.39974356	0.45528930	0.12645164	0.32568488	0.09484814	0.40447295	0.39156407	0.83839726	0.40711117	0.40814230	0.45977584	0.45242691	0.33128306	0.08558751
98	0.21156618	0.39884734	0.83726108	0.17868203	0.39972097	0.45530805	0.12643665	0.32569969	0.09483010	0.40440533	0.39160055	0.83837152	0.40704629	0.40804228	0.45981866	0.45242593	0.33128634	0.08558472
99	0.21143013	0.39891329	0.83730698	0.17871331	0.39972493	0.45529583	0.12643830	0.32570815	0.09483811	0.40438142	0.39155227	0.83838928	0.40707263	0.40807906	0.45980132	0.45244548	0.33129996	0.08559097
100	0.21147050	0.39889884	0.83729553	0.17871670	0.39973137	0.45529112	0.12644628	0.32571924	0.09484721	0.40447435	0.39178634	0.83842498	0.40708613	0.40814534	0.45977667	0.45244446	0.33129331	0.08561450
101	0.21144140	0.39885882	0.83730787	0.17870679	0.39974892	0.45530668	0.12643099	0.32571360	0.09485365	0.40446651	0.39177966	0.83844781	0.40709350	0.40807432	0.45986271	0.45244479	0.33130264	0.08559929
102	0.21149229	0.39886761	0.83730739	0.17859869	0.39986631	0.45532021	0.12643777	0.32574031	0.09487706	0.40454853	0.39166033	0.83845991	0.40711978	0.40812197	0.45985684	0.45245898	0.33131036	0.08562731
103	0.21150984	0.39888114	0.83730513	0.17872545	0.39975491	0.45532626	0.12641701	0.32573101	0.09489357	0.40455124	0.39176258	0.83847207	0.40710738	0.40823108	0.45980400	0.45245352	0.33132184	0.08563961
104	0.21145624	0.39897040	0.83732569	0.17859057	0.39988571	0.45535579	0.12642054	0.32575372	0.09488940	0.40447706	0.39177120	0.83845681	0.40709335	0.40816838	0.45983177	0.45247105	0.33133063	0.08563908
105	0.21141735	0.39894021	0.83736116	0.17865439	0.39986458	0.45535678	0.12641434	0.32576784	0.09490881	0.40446639	0.39180359	0.83848369	0.40711239	0.40823835	0.45985019	0.45247895	0.33133233	0.08566216
106	0.21151520	0.39902979	0.83732432	0.17864339	0.39993402	0.45533696	0.12639970	0.32579395	0.09493115	0.40439764	0.39186147	0.83848643	0.40711135	0.40823001	0.45988348	0.45246726	0.33135846	0.08565479
107	0.21151650	0.39895982	0.83734888	0.17864586	0.39990225	0.45536891	0.12640230	0.32580057	0.09493487	0.40440193	0.39171663	0.83848906	0.40712044	0.40827715	0.45988238	0.45245761	0.33137614	0.08565699
108	0.21148124	0.39905864	0.83735555	0.17864202	0.40001309	0.45533869	0.12640166	0.32581845	0.09494071	0.40445665	0.39178625	0.83852631	0.40707925	0.40822801	0.45990229	0.45246202	0.33139175	0.08567853
109	0.21150151	0.39904475	0.83736289	0.17867766	0.39995036	0.45537546	0.12641093	0.32583761	0.09494448	0.40441748	0.39176434	0.83852047	0.40706366	0.40823287	0.45992115	0.45245588	0.33140314	0.08568314
110	0.21144389	0.39910457	0.83738792	0.17859490	0.40001547	0.45539758	0.12641478	0.32585561	0.09495664	0.40433580	0.39169073	0.83853412	0.40708834	0.40830350	0.45991495	0.45246699	0.33140746	0.08569715
111	0.21146195	0.39914757	0.83738667	0.17859775	0.40006280	0.45540228	0.12641920	0.32585403	0.09495593	0.40437970	0.39180478	0.83851665	0.40710559	0.40834227	0.45992693	0.45246497	0.33142528	0.08569650
112	0.21150674	0.39912641	0.83737904	0.17860727	0.40004280	0.45543331	0.12642354	0.32586589	0.09497300	0.40437803	0.39186212	0.83853519	0.40706259	0.40829077	0.45994914	0.45247144	0.33143318	0.08571483
113	0.21147104	0.39910275	0.83741200	0.17867120	0.40008271	0.45539680	0.12642615	0.32587326	0.09497055	0.40437672	0.39175856	0.83854139	0.40710473	0.40833074	0.45995298	0.45245221	0.33144325	0.08571930
114	0.21142665	0.39932179	0.83741099	0.17864612	0.40008253	0.45542812	0.12642299	0.32588464	0.09497966	0.40440315	0.39184961	0.83855039	0.40707618	0.40841079	0.45995241	0.45245412	0.33144626	0.08572781
115	0.21139729	0.39925504	0.83744156	0.17860515	0.40009767	0.45544478	0.12642837	0.32587847	0.09499729	0.40435839	0.39187595	0.83854759	0.40709606	0.40834931	0.45999128	0.45246810	0.33145091	0.08573293
116	0.21144465	0.39925176	0.83740920	0.17858864	0.40014419	0.45544863	0.12641664	0.32589149	0.09499271	0.40439165	0.39186266	0.83857960	0.40709254	0.40837979	0.45997810	0.45246813	0.33145672	0.08573813
117	0.21133162	0.39926893	0.83744627	0.17854613	0.40019339	0.45545086	0.12641104	0.32589704	0.09499695	0.40435988	0.39181557	0.83857840	0.40712136	0.40839347	0.46001130	0.45247892	0.33146206	0.08575050
118	0.21127425	0.39935002	0.83746707	0.17859203	0.40016386	0.45545432	0.12642232	0.32589981	0.09500559	0.40446600	0.39187893	0.83859605	0.40708214	0.40835258	0.46001589	0.45247385	0.33146396	0.08575203
119	0.21139325	0.39926451	0.83744937	0.17855045	0.40022841	0.45545888	0.12640598	0.32592076	0.09500203	0.40441895	0.39182675	0.83862013	0.40711623	0.40844551	0.45998013	0.45248422	0.33148763	0.08576402
120	0.21143010	0.39924097	0.83744037	0.17856871	0.40023839	0.45545974	0.12639932	0.32594362	0.09502228	0.40442458	0.39195642	0.83859158	0.40711236	0.40843070	0.45999274	0.45248336	0.33148864	0.08576753
121	0.21141408	0.39934346	0.83742982	0.17857502	0.40027002	0.45543882	0.12640788	0.32594267	0.09501459	0.40437719	0.39205724	0.83860183	0.40714702	0.40848920	0.46000877	0.45249316	0.33149877	0.08575297
122	0.21143346	0.39934698	0.83742589	0.17854664	0.40028775	0.45545286	0.12639265	0.32595131	0.09501874	0.40436670	0.39214468	0.83858943	0.40713274	0.40842599	0.46002185	0.45249885	0.33149835	0.08576934
123	0.21145734	0.39938384	0.83741486	0.17854345	0.40022710	0.45548123	0.12640361	0.32594541	0.09502883	0.40430036	0.39217964	0.83859503	0.40708646	0.40840223	0.46001288	0.45249644	0.33150151	0.08575826
124	0.21144645	0.39946386	0.83741122	0.17859639	0.40029472	0.45542651	0.12640488	0.32593998	0.09502049	0.40439960	0.39211920	0.83860540	0.40713730	0.40845832	0.46002510	0.45250824	0.33150017	0.08576404
125	0.21141557	0.39939171	0.83743280	0.17862371	0.40025178	0.45542386	0.12638672	0.32593599	0.09501816	0.40442020	0.39233518	0.83858681	0.40715659	0.40848276	0.46000159	0.45250884	0.33150163	0.08577033
126	0.21143846	0.39940083	0.83742553	0.17861381	0.40021363	0.45545882	0.12639992	0.32592514	0.09502441	0.40441054	0.39222762	0.83860463	0.40715420	0.40848240	0.45999831	0.45251450	0.33150390	0.08576921
127	0.21146302	0.39950871	0.83740836	0.17858306	0.40027955	0.45543188	0.12639351	0.32593036	0.09502281	0.40433154	0.39218807	0.83857781	0.40714663	0.40843838	0.46001944	0.45251080	0.33150640	0.08577122
128	0.21146566	0.39950290	0.83741111	0.17860088	0.40021619	0.45546120	0.12640373	0.32593849	0.09500544	0.40441403	0.39215815	0.83860070	0.40714830	0.40844873	0.46000794	0.45251006	0.33150575	0.08576453
129	0.21154445	0.39945295	0.83740014	0.17862412	0.40022486	0.45545042	0.12640075	0.32591459	0.09501956	0.40437868	0.39214826	0.83860898	0.40714261	0.40843266	0.46003035	0.45251158	0.33149058	0.08577571
130	0.21151385	0.39947280	0.83740097	0.17857938	0.40026289	0.45545238	0.12639043	0.32593483	0.09500654	0.40437385	0.39214453	0.83860075	0.40714401	0.40841749	0.46003065	0.45250252	0.33151329	0.08577237
131	0.21148533	0.39949411	0.83740908	0.17856386	0.40023696	0.45546201	0.12638845	0.32594705	0.09502665	0.40443161	0.39216483	0.83858949	0.40714639	0.40841550	0.46004319	0.45251739	0.33150655	0.08577012
132	0.21144374	0.39946157	0.83742619	0.17860438	0.40024522	0.45545071	0.12638821	0.32594344	0.09501951	0.40432084	0.39206523	0.83858472	0.40708473	0.40841791	0.45999688	0.45250890	0.33151770	0.08576676
133	0.21141705	0.39950928	0.83742005	0.17860579	0.40030661	0.45542422	0.12638681	0.32595330	0.09501636	0.40441480	0.39212719	0.83862185	0.40710613	0.40843290	0.46000236	0.45249841	0.33151731	0.08576367
134	0.21141990	0.39947352	0.83741504	0.17861977	0.40029916	0.45541975	0.12639801	0.32593986	0.09502795	0.40442461	0.39200220	0.83860910	0.40709332	0.40839911	0.46003830	0.45249909	0.33151188	0.08576133
135	0.21136841	0.39957330	0.83743441	0.17860420	0.40034962	0.45540571	0.12638974	0.32595143	0.09503471	0.40441412	0.39198843	0.83857709	0.40709203	0.40838113	0.46002638	0.45249522	0.33149618	0.08578234
136	0.21133994	0.39958584	0.83743328	0.17865241	0.40033713	0.45541489	0.12638265	0.32594514	0.09503356	0.40444985	0.39193258	0.83860791	0.40715209	0.40845114	0.46001789	0.45248225	0.33149299	0.08576649
137	0.21135972	0.39957267	0.83743232	0.17862630	0.40033826	0.45541039	0.12639950	0.32594031	0.09503295	0.40446371	0.39191529	0.83862871	0.40709844	0.40836558	0.46002808	0.45247892	0.33148968	0.08576306
138	0.21142630	0.39956206	0.83741117	0.17860581	0.40036312	0.45540407	0.12639631	0.32591721	0.09502884	0.40453276	0.39193177	0.83860731	0.40707788	0.40840068	0.45999134	0.45247370	0.33147514	0.08575252
139	0.21140687	0.39965907	0.83739215	0.17858090	0.40035054	0.45541236	0.12639312	0.32591400	0.09502732	0.40450373	0.39179665	0.83862025	0.40709698	0.40840989	0.45999661	0.45249432	0.33145905	0.08577271
140	0.21140137	0.39962664	0.83741331	0.17856656	0.40035108	0.45541295	0.12639065	0.32592210	0.09500860	0.40454310	0.39182684	0.83858871	0.40712523	0.40847400	0.45995432	0.45247746	0.33147493	0.08574765
141	0.21142896	0.39956200	0.83739239	0.17856817	0.40035334	0.45540151	0.12638776	0.32591617	0.09501527	0.40458378	0.39111534	0.83859229	0.40711707	0.40843514	0.45997012	0.45247900	0.33147407	0.08574520
142	0.21138182	0.39959693	0.83740747	0.17858499	0.40034249	0.45539752	0.12639219	0.32591951	0.09500348	0.40483791	0.39208335	0.83864057	0.40708807	0.40838751	0.45997280	0.45248547	0.33146048	0.08574345
143	0.21146362	0.39960438	0.83736926	0.17859638	0.40035841	0.45538503	0.12638265	0.32591709	0.09501113	0.40453508	0.39106411	0.83859366	0.40705803	0.40844604	0.45991123	0.45246664	0.33147171	0.08573016
144	0.21139674	0.39976266	0.83737844	0.17856434	0.40038428	0.45538536	0.12638719	0.32591450	0.09500036	0.40454206	0.39107209	0.83853984	0.40708649	0.40849113	0.45991898	0.45246670	0.33146510	0.08572912
145	0.21140090	0.39961597	0.83736908	0.17859121	0.40034285	0.45539656	0.12637775	0.32590967	0.09500548	0.40454996	0.39113566	0.83859479	0.40706280	0.40845993	0.45991725	0.45246863	0.33145908	0.08572868
146	0.21143116	0.39967754	0.83735406	0.17854559	0.40031767	0.45541227	0.12638229	0.32590747	0.09499320	0.40454197	0.39098045	0.83856815	0.40705174	0.40842521	0.45992494	0.45246083	0.33146191	0.08573005
147	0.21147926	0.39960435	0.83733463	0.17858985	0.40034857	0.45537958	0.12640347	0.32589209	0.09500428	0.40450138	0.39093640	0.83855677	0.40705338	0.40844649	0.45992064	0.45246089	0.33144891	0.08573496
148	0.21136090	0.39983776	0.83734453	0.17853999	0.40038142	0.45537022	0.12640446	0.32588920	0.09500366	0.40458599	0.39112756	0.83860499	0.40706116	0.40844926	0.45993999	0.45246896	0.33145592	0.08574023
149	0.21135235	0.39958778	0.83739358	0.17859277	0.40035650	0.45538220	0.12640364	0.32588577	0.09499328	0.40451509	0.39099839	0.83852196	0.40706617	0.40844867	0.45995677	0.45245752	0.33145589	0.08573617
150	0.21135426	0.39969018	0.83736426	0.17853720	0.40035489	0.45539185	0.12639083	0.32588115	0.09500027	0.40459853	0.39116707	0.83859801	0.40706530	0.40847000	0.45995152	0.45246255	0.33145058	0.08573407
151	0.21142575	0.39963284	0.83734405	0.17854775	0.40035006	0.45538470	0.12640280	0.32589152	0.09498350	0.40461180	0.39110246	0.83859587	0.40704176	0.40843716	0.45993346	0.45245379	0.33145112	0.08573411
152	0.21140610	0.39959654	0.83735150	0.17856884	0.40032569	0.45537987	0.12638637	0.32588556	0.09499995	0.40447572	0.39094281	0.83854187	0.40706128	0.40844551	0.45994735	0.45244840	0.33145982	0.08572825
153	0.21131718	0.39965892	0.83737046	0.17859095	0.40029144	0.45537692	0.12638228	0.32588103	0.09496856	0.40454850	0.39115167	0.83856970	0.40704876	0.40848669	0.45990941	0.45244849	0.33145681	0.08572406
154	0.21129778	0.39963186	0.83738083	0.17853573	0.40031636	0.45537168	0.12639691	0.32588813	0.09496484	0.40453109	0.39117733	0.83855879	0.40702993	0.40845168	0.45992225	0.45244560	0.33146158	0.08571754
155	0.21135306	0.39954388	0.83736885	0.17857069	0.40026098	0.45537746	0.12639172	0.32588735	0.09498451	0.40448374	0.39113095	0.83853179	0.40704334	0.40843910	0.45993671	0.45244268	0.33144739	0.08572017
156	0.21140738	0.39963844	0.83733958	0.17857642	0.40022185	0.45538619	0.12640566	0.32587379	0.09496960	0.40452841	0.39113927	0.83857590	0.40705329	0.40843406	0.45992959	0.45244557	0.33143002	0.08573814
157	0.21134663	0.39961442	0.83737266	0.17855929	0.40017325	0.45539519	0.12640837	0.32587218	0.09496403	0.40453231	0.39111802	0.83858192	0.40706852	0.40848821	0.45988873	0.45245147	0.33143246	0.08571317
158	0.21134354	0.39957538	0.83736175	0.17859314	0.40019423	0.45536831	0.12640184	0.32585117	0.09497503	0.40451530	0.39108005	0.83854872	0.40701255	0.40837225	0.45992768	0.45244333	0.33142602	0.08572020
159	0.21140397	0.39955488	0.83734900	0.17855062	0.40017948	0.45538446	0.12638836	0.32583278	0.09497373	0.40459022	0.39116219	0.83856612	0.40704805	0.40841100	0.45991978	0.45244482	0.33140206	0.08571960
160	0.21139455	0.39972594	0.83732384	0.17857112	0.40015623	0.45537728	0.12640126	0.32582921	0.09496488	0.40459582	0.39106852	0.83858311	0.40710536	0.40836528	0.45994568	0.45246115	0.33138618	0.08573050
161	0.21138518	0.39960283	0.83734286	0.17857859	0.40012830	0.45538542	0.12639828	0.32584345	0.09496181	0.40454015	0.39111805	0.83857572	0.40706068	0.40832996	0.45993370	0.45244846	0.33139563	0.08570585
162	0.21137705	0.39959192	0.83735418	0.17852558	0.40014037	0.45541450	0.12640461	0.32583237	0.09496617	0.40451324	0.39112565	0.83858216	0.40706211	0.40833536	0.45994389	0.45245034	0.33139992	0.08571086
163	0.21134149	0.39966181	0.83735830	0.17849672	0.40020478	0.45540395	0.12638369	0.32586145	0.09497467	0.40444821	0.39106619	0.83853596	0.40704411	0.40832949	0.45992291	0.45245925	0.33139604	0.08570925
164	0.21135674	0.39955586	0.83736825	0.17858382	0.40009016	0.45540804	0.12638381	0.32586098	0.09497211	0.40446430	0.39114419	0.83852381	0.40702063	0.40829936	0.45991334	0.45244941	0.33140796	0.08570538
165	0.21127406	0.39964718	0.83740211	0.17859007	0.40010428	0.45541641	0.12637997	0.32586837	0.09498096	0.40439531	0.39107120	0.83853143	0.40697354	0.40836930	0.45985851	0.45245358	0.33141738	0.08570344
166	0.21141192	0.39957234	0.83736354	0.17854033	0.40015224	0.45541638	0.12639222	0.32588074	0.09497362	0.40438396	0.39112973	0.83852518	0.40701899	0.40834910	0.45990753	0.45244679	0.33142301	0.08570155
167	0.21135728	0.39955243	0.83737361	0.17850383	0.40017658	0.45542303	0.12639277	0.32587373	0.09498602	0.40449557	0.39120549	0.83855391	0.40702644	0.40837365	0.45990884	0.45244947	0.33142030	0.08571374
168	0.21132205	0.39965358	0.83739024	0.17847754	0.40015432	0.45543942	0.12637532	0.32586449	0.09498744	0.40437546	0.39102632	0.83847773	0.40702736	0.40834734	0.45994481	0.45245451	0.33142281	0.08571308
169	0.21136749	0.39959934	0.83736956	0.17850852	0.40015113	0.45543596	0.12634729	0.32587072	0.09500714	0.40447077	0.39106849	0.83853382	0.40706551	0.40842798	0.45991787	0.45245221	0.33141565	0.08570830
170	0.21136408	0.39959347	0.83738232	0.17850728	0.40022674	0.45540559	0.12635219	0.32585967	0.09501509	0.40442470	0.39106557	0.83849818	0.40704092	0.40840283	0.45991352	0.45243970	0.33141261	0.08571585
171	0.21135187	0.39953315	0.83740085	0.17855927	0.40018478	0.45540801	0.12635227	0.32586208	0.09500670	0.40445620	0.39105758	0.83850884	0.40704250	0.40839452	0.45991760	0.45245525	0.33142439	0.08571586
172	0.21131311	0.39959669	0.83739364	0.17850000	0.40025151	0.45540133	0.12637171	0.32586059	0.09499888	0.40438783	0.39101216	0.83849525	0.40702519	0.40841457	0.45991424	0.45244828	0.33142284	0.08572183
173	0.21133567	0.39959374	0.83739197	0.17857929	0.40018624	0.45539775	0.12637258	0.32585806	0.09499679	0.40434152	0.39109617	0.83848536	0.40702072	0.40843183	0.45990804	0.45245546	0.33141962	0.08572267
174	0.21128544	0.39950979	0.83741832	0.17856367	0.40018874	0.45540947	0.12636340	0.32587007	0.09500416	0.40432182	0.39165059	0.83846933	0.40697417	0.40841147	0.45990989	0.45244130	0.33142990	0.08571722
175	0.21135479	0.39957616	0.83738405	0.17853084	0.40024570	0.45542255	0.12636624	0.32587686	0.09500790	0.40433553	0.39184570	0.83845562	0.40703949	0.40844038	0.45993152	0.45244569	0.33144200	0.08571692
176	0.21131609	0.39954883	0.83741498	0.17857644	0.40022245	0.45540434	0.12637213	0.32589567	0.09500976	0.40432090	0.39194575	0.83844292	0.40705791	0.40849006	0.45992681	0.45245335	0.33144033	0.08572585
177	0.21130982	0.39964500	0.83739960	0.17861804	0.40025562	0.45538792	0.12636991	0.32589579	0.09500954	0.40425816	0.39206669	0.83844537	0.40703866	0.40853328	0.45989233	0.45245537	0.33144242	0.08572983
178	0.21134380	0.39950678	0.83741188	0.17860854	0.40019301	0.45541140	0.12636858	0.32590771	0.09501510	0.40428892	0.39206639	0.83847755	0.40700847	0.40853530	0.45988855	0.45244625	0.33144984	0.08572476
179	0.21126655	0.39961070	0.83743221	0.17865871	0.40025419	0.45536682	0.12638465	0.32589287	0.09502027	0.40425742	0.39214104	0.83841848	0.40701279	0.40853727	0.45990285	0.45243832	0.33145171	0.08573201
180	0.21131693	0.39964971	0.83742326	0.17860879	0.40023050	0.45541188	0.12640458	0.32587057	0.09499141	0.40422818	0.39212739	0.83843797	0.40700960	0.40852180	0.45990467	0.45244354	0.33144143	0.08572379
181	0.21138965	0.39953783	0.83740354	0.17867064	0.40016434	0.45539996	0.12639236	0.32587940	0.09501713	0.40425196	0.39217222	0.83846974	0.40701863	0.40850696	0.45993170	0.45244670	0.33144256	0.08573678
182	0.21135280	0.39959192	0.83740556	0.17861854	0.40018111	0.45540684	0.12640086	0.32586232	0.09500844	0.40427569	0.39229724	0.83848947	0.40702781	0.40853620	0.45990703	0.45245126	0.33143598	0.08574085
183	0.21141693	0.39954039	0.83739728	0.17862651	0.40010771	0.45543545	0.12642412	0.32585499	0.09500547	0.40426224	0.39234400	0.83848882	0.40707809	0.40858108	0.45988762	0.45244730	0.33143520	0.08572230
184	0.21149275	0.39959589	0.83735681	0.17863515	0.40018481	0.45539033	0.12642279	0.32583717	0.09499039	0.40421015	0.39228794	0.83845228	0.40701866	0.40856844	0.45986143	0.45246106	0.33142620	0.08574339
185	0.21151966	0.39960718	0.83736068	0.17861253	0.40012982	0.45542571	0.12641966	0.32584542	0.09496997	0.40429065	0.39241666	0.83846134	0.40702969	0.40853837	0.45987228	0.45243838	0.33142751	0.08572023
186	0.21157400	0.39959669	0.83733684	0.17869136	0.40009812	0.45538157	0.12640850	0.32584459	0.09498236	0.40423968	0.39236459	0.83845764	0.40703353	0.40847960	0.45990729	0.45244557	0.33143494	0.08570659
187	0.21149196	0.39959782	0.83735275	0.17860897	0.40014955	0.45539990	0.12640201	0.32584807	0.09498291	0.40428218	0.39231101	0.83849406	0.40702733	0.40852287	0.45986980	0.45244375	0.33142689	0.08570715
188	0.21160185	0.39955136	0.83732170	0.17864496	0.40015185	0.45537540	0.12640730	0.32584110	0.09498526	0.40426648	0.39217126	0.83848536	0.40704748	0.40849632	0.45989931	0.45244512	0.33143082	0.08568830
189	0.21143579	0.39964902	0.83738416	0.17868313	0.40018499	0.45532933	0.12640266	0.32584071	0.09496697	0.40430602	0.39224255	0.83847386	0.40706262	0.40848467	0.45989588	0.45244861	0.33142093	0.08569954
190	0.21147044	0.39969304	0.83734769	0.17860395	0.40014789	0.45539892	0.12639405	0.32583243	0.09497762	0.40429354	0.39236408	0.83845675	0.40704808	0.40857339	0.45984346	0.45243934	0.33141619	0.08569206
191	0.21159473	0.39952779	0.83733165	0.17863214	0.40017858	0.45535433	0.12639979	0.32583022	0.09498332	0.40428624	0.39212799	0.83846837	0.40707967	0.40848342	0.45988095	0.45244575	0.33140534	0.08568316
192	0.21156970	0.39956149	0.83733332	0.17868313	0.40007049	0.45538259	0.12642014	0.32581380	0.09498781	0.40437219	0.39219406	0.83847189	0.40707543	0.40846056	0.45988712	0.45245063	0.33139485	0.08569212
193	0.21154149	0.39961141	0.83734936	0.17867324	0.40014014	0.45534277	0.12640661	0.32580739	0.09498214	0.40435362	0.39216629	0.83845562	0.40705672	0.40849480	0.45984039	0.45243108	0.33138961	0.08568428
194	0.21154515	0.39962593	0.83733523	0.17862973	0.40017059	0.45534271	0.12639986	0.32579979	0.09496769	0.40432876	0.39222458	0.83845282	0.40706852	0.40846989	0.45984778	0.45243090	0.33137769	0.08568238
195	0.21149698	0.39960715	0.83734524	0.17876330	0.40011010	0.45530578	0.12640150	0.32579508	0.09497912	0.40434441	0.39207828	0.83845788	0.40709665	0.40849441	0.45983577	0.45242697	0.33137074	0.08567023
196	0.21154511	0.39962500	0.83731490	0.17867956	0.40014422	0.45531169	0.12639312	0.32579982	0.09496643	0.40440789	0.39218086	0.83844227	0.40713286	0.40854183	0.45982832	0.45243421	0.33136263	0.08566649
197	0.21151318	0.39953020	0.83732921	0.17869981	0.40016410	0.45528424	0.12641482	0.32577941	0.09493025	0.40438956	0.39212909	0.83842874	0.40708092	0.40848935	0.45978034	0.45241344	0.33136630	0.08564532
198	0.21147330	0.39958072	0.83732367	0.17871463	0.40015560	0.45527279	0.12640673	0.32577518	0.09492206	0.40448788	0.39219436	0.83845299	0.40709716	0.40844527	0.45980683	0.45241868	0.33135206	0.08564471
199	0.21146947	0.39957625	0.83732104	0.17873837	0.40015382	0.45525262	0.12639484	0.32578433	0.09491146	0.40449896	0.39223129	0.83842957	0.40711069	0.40843090	0.45978904	0.45241860	0.33134887	0.08563148
200	0.21151109	0.39961675	0.83730048	0.17869973	0.40012684	0.45528451	0.12641063	0.32576281	0.09492424	0.40445310	0.39207080	0.83842164	0.40711308	0.40844235	0.45978874	0.45242572	0.33134443	0.08561701
201	0.21146849	0.39967251	0.83731025	0.17864874	0.40019998	0.45525613	0.12641566	0.32574338	0.09491603	0.40451089	0.39219567	0.83844203	0.40706629	0.40840527	0.45975769	0.45242468	0.33132413	0.08562076
202	0.21149871	0.39965990	0.83730078	0.17872895	0.40011838	0.45526052	0.12642281	0.32572299	0.09490340	0.40451583	0.39217094	0.83842862	0.40712258	0.40834883	0.45978937	0.45243227	0.33130947	0.08563614
203	0.21152991	0.39962098	0.83729339	0.17871408	0.40010795	0.45526078	0.12643369	0.32571346	0.09490237	0.40446022	0.39202461	0.83841616	0.40711850	0.40836650	0.45978534	0.45242444	0.33131197	0.08561945
204	0.21165447	0.39958805	0.83724976	0.17881274	0.40014023	0.45520613	0.12644355	0.32570526	0.09490042	0.40444744	0.39211637	0.83842111	0.40711012	0.40835461	0.45979270	0.45243192	0.33129656	0.08563938
205	0.21160208	0.39963746	0.83726078	0.17877077	0.40016359	0.45521432	0.12644443	0.32569614	0.09489074	0.40449435	0.39204505	0.83843052	0.40711090	0.40836731	0.45977530	0.45243731	0.33129984	0.08562588
206	0.21157914	0.39963436	0.83725899	0.17876913	0.40010488	0.45523995	0.12644570	0.32570019	0.09488250	0.40449029	0.39203805	0.83843511	0.40713403	0.40838730	0.45977846	0.45242268	0.33130282	0.08563586
207	0.21167672	0.39961612	0.83721429	0.17880602	0.40012708	0.45521587	0.12644978	0.32569197	0.09487893	0.40445107	0.39205581	0.83840281	0.40715799	0.40835479	0.45980448	0.45242476	0.33130959	0.08562648
208	0.21168369	0.39958599	0.83721638	0.17879942	0.40013745	0.45522553	0.12646201	0.32571650	0.09487857	0.40448472	0.39210755	0.83841431	0.40714687	0.40841541	0.45977017	0.45243469	0.33130932	0.08561558
209	0.21167676	0.39950186	0.83722234	0.17883998	0.40013900	0.45519954	0.12646390	0.32571203	0.09487795	0.40443513	0.39201555	0.83838302	0.40714675	0.40839130	0.45977736	0.45243132	0.33130354	0.08562510
210	0.21170387	0.39954221	0.83721501	0.17889005	0.40016034	0.45519280	0.12646089	0.32571471	0.09488576	0.40447217	0.39211521	0.83838826	0.40716699	0.40843797	0.45977610	0.45243007	0.33132508	0.08562407
211	0.21171159	0.39961800	0.83721137	0.17892292	0.40011033	0.45518205	0.12646846	0.32572091	0.09488054	0.40446296	0.39212584	0.83840066	0.40720400	0.40847495	0.45978233	0.45244446	0.33132041	0.08562934
212	0.21170136	0.39960554	0.83723021	0.17899698	0.40005034	0.45518413	0.12647346	0.32570779	0.09487839	0.40444335	0.39216605	0.83837867	0.40717867	0.40847751	0.45977250	0.45242763	0.33132675	0.08562576
213	0.21176180	0.39966783	0.83720458	0.17888100	0.40007406	0.45523593	0.12649092	0.32570595	0.09487525	0.40439829	0.39212403	0.83836013	0.40719190	0.40853506	0.45977131	0.45243713	0.33132282	0.08563275
214	0.21176651	0.39952224	0.83725023	0.17888336	0.40003061	0.45525673	0.12648611	0.32570595	0.09488979	0.40452251	0.39215523	0.83840173	0.40713224	0.40849513	0.45975420	0.45241544	0.33132786	0.08563148
215	0.21186194	0.39957139	0.83721256	0.17898409	0.40001464	0.45522845	0.12648459	0.32570755	0.09487655	0.40446001	0.39217779	0.83837754	0.40718463	0.40856096	0.45976985	0.45243144	0.33132449	0.08563670
216	0.21174614	0.39958480	0.83725810	0.17886209	0.40008566	0.45526701	0.12647970	0.32570598	0.09489433	0.40452382	0.39223081	0.83840829	0.40721077	0.40861154	0.45977980	0.45243263	0.33133009	0.08563907
217	0.21185428	0.39958355	0.83722752	0.17893197	0.40002576	0.45527303	0.12647066	0.32571927	0.09488682	0.40456417	0.39233792	0.83839595	0.40715185	0.40860456	0.45974058	0.45242333	0.33135158	0.08564064
218	0.21184149	0.39960828	0.83722186	0.17892715	0.40008739	0.45524967	0.12647457	0.32571474	0.09488839	0.40449896	0.39229101	0.83837479	0.40716025	0.40863970	0.45975658	0.45242745	0.33135480	0.08564777
219	0.21171248	0.39971203	0.83726323	0.17888480	0.40006962	0.45527977	0.12645842	0.32573766	0.09489691	0.40452617	0.39232749	0.83838272	0.40717149	0.40860203	0.45978609	0.45242539	0.33137277	0.08563955
220	0.21178007	0.39965737	0.83725828	0.17890112	0.40012181	0.45525131	0.12645626	0.32575431	0.09492129	0.40454465	0.39234704	0.83839542	0.40714425	0.40862450	0.45978174	0.45242640	0.33138105	0.08564780
221	0.21177076	0.39966339	0.83726889	0.17883787	0.40017810	0.45526025	0.12645556	0.32577220	0.09490848	0.40455505	0.39250523	0.83838117	0.40720043	0.40869606	0.45976466	0.45243320	0.33138677	0.08565962
222	0.21168713	0.39978084	0.83728886	0.17884752	0.40015534	0.45528993	0.12644690	0.32577002	0.09491706	0.40455317	0.39247093	0.83840871	0.40723622	0.40875152	0.45976731	0.45244190	0.33138394	0.08566972
223	0.21179971	0.39969608	0.83725643	0.17882036	0.40019351	0.45528641	0.12644741	0.32577553	0.09492528	0.40451556	0.39249492	0.83839846	0.40720987	0.40873393	0.45978218	0.45244026	0.33138913	0.08566606
224	0.21169679	0.39974064	0.83729780	0.17883410	0.40018788	0.45529389	0.12643179	0.32577950	0.09495162	0.40450335	0.39250749	0.83840203	0.40719473	0.40870130	0.45980904	0.45245034	0.33138239	0.08567035
225	0.21164942	0.39967290	0.83732909	0.17881641	0.40021449	0.45530304	0.12644914	0.32577884	0.09494585	0.40456232	0.39248833	0.83840460	0.40720314	0.40875196	0.45977908	0.45245540	0.33136997	0.08569220
226	0.21167171	0.39978355	0.83731258	0.17876196	0.40028095	0.45530114	0.12644997	0.32578614	0.09496719	0.40454981	0.39251721	0.83840567	0.40723932	0.40869328	0.45983368	0.45246622	0.33137208	0.08569574
227	0.21164887	0.39968514	0.83734065	0.17886461	0.40022850	0.45530096	0.12644909	0.32578433	0.09496670	0.40460354	0.39245641	0.83840477	0.40727806	0.40881395	0.45979869	0.45246395	0.33137605	0.08569065
228	0.21168485	0.39971715	0.83731955	0.17874829	0.40029994	0.45530272	0.12644540	0.32580113	0.09497947	0.40463299	0.39250228	0.83841234	0.40722862	0.40876728	0.45980477	0.45246598	0.33138713	0.08569909
229	0.21169220	0.39972389	0.83732128	0.17878491	0.40033820	0.45530269	0.12644383	0.32580501	0.09496488	0.40449139	0.39230886	0.83838260	0.40722317	0.40880555	0.45978615	0.45247597	0.33138806	0.08568541
230	0.21168275	0.39963657	0.83732927	0.17886156	0.40029791	0.45530057	0.12643844	0.32580829	0.09497628	0.40456572	0.39242861	0.83838773	0.40725544	0.40877765	0.45983928	0.45247152	0.33139697	0.08569948
231	0.21153364	0.39973992	0.83736515	0.17875190	0.40036145	0.45531350	0.12645227	0.32581633	0.09496401	0.40457395	0.39234078	0.83839297	0.40724355	0.40878871	0.45984510	0.45247704	0.33141655	0.08568606
232	0.21170038	0.39961973	0.83731526	0.17877898	0.40038371	0.45529678	0.12644351	0.32583705	0.09498167	0.40457568	0.39232501	0.83840036	0.40721983	0.40882874	0.45980981	0.45247462	0.33141288	0.08570050
233	0.21159473	0.39973885	0.83734310	0.17882940	0.40041369	0.45527345	0.12645286	0.32584080	0.09499219	0.40453115	0.39224392	0.83838814	0.40719017	0.40881166	0.45983306	0.45247814	0.33142200	0.08571350
234	0.21163332	0.39975417	0.83735079	0.17886342	0.40040472	0.45528632	0.12644207	0.32584056	0.09498981	0.40458465	0.39223173	0.83840084	0.40718257	0.40876156	0.45984843	0.45247248	0.33143666	0.08570760
235	0.21165925	0.39992407	0.83731627	0.17882220	0.40041679	0.45530713	0.12643780	0.32584247	0.09500109	0.40460685	0.39235651	0.83843189	0.40718225	0.40881631	0.45984632	0.45245954	0.33143571	0.08572037
236	0.21155901	0.39990583	0.83735496	0.17882733	0.40045646	0.45530120	0.12643571	0.32585552	0.09499498	0.40462634	0.39235526	0.83843035	0.40722415	0.40888074	0.45984912	0.45246017	0.33143187	0.08571306
237	0.21163660	0.39994982	0.83734435	0.17880195	0.40046769	0.45534059	0.12643152	0.32585689	0.09499656	0.40473112	0.39146402	0.83848023	0.40723327	0.40893373	0.45982823	0.45246208	0.33143669	0.08572456
238	0.21171583	0.39996168	0.83731776	0.17886026	0.40050861	0.45528761	0.12644359	0.32585043	0.09500574	0.40477404	0.39147043	0.83846867	0.40721193	0.40891349	0.45982888	0.45245457	0.33144009	0.08572462
239	0.21171148	0.39996958	0.83731389	0.17886482	0.40050313	0.45530125	0.12645625	0.32586032	0.09500959	0.40481016	0.39151335	0.83849788	0.40722969	0.40895870	0.45982295	0.45246848	0.33143866	0.08574256
240	0.21166568	0.39996168	0.83734220	0.17880775	0.40052578	0.45531058	0.12645841	0.32587421	0.09499455	0.40483129	0.39157340	0.83851981	0.40717617	0.40895340	0.45980260	0.45245501	0.33144268	0.08572795
241	0.21170974	0.39994642	0.83732480	0.17885268	0.40057775	0.45529404	0.12646273	0.32588992	0.09500432	0.40476853	0.39158106	0.83848977	0.40721238	0.40890819	0.45985311	0.45245489	0.33145368	0.08573361
242	0.21164609	0.40007421	0.83732510	0.17890391	0.40047833	0.45530567	0.12646288	0.32588190	0.09500135	0.40481529	0.39164674	0.83850008	0.40722826	0.40901291	0.45981196	0.45244536	0.33146867	0.08571693
243	0.21161471	0.40012616	0.83733135	0.17886218	0.40049011	0.45531732	0.12645203	0.32589519	0.09500710	0.40480673	0.39174604	0.83851367	0.40716285	0.40896881	0.45983383	0.45246094	0.33146429	0.08572462
244	0.21168424	0.40003216	0.83731848	0.17880566	0.40057105	0.45530984	0.12645087	0.32589430	0.09499995	0.40484461	0.39184633	0.83852816	0.40711972	0.40896773	0.45978710	0.45244965	0.33146548	0.08571545
245	0.21159403	0.40014204	0.83732659	0.17878914	0.40058467	0.45529947	0.12645304	0.32589781	0.09498546	0.40481013	0.39178196	0.83850098	0.40718326	0.40898854	0.45983237	0.45245594	0.33145037	0.08572506
246	0.21166207	0.40021139	0.83730507	0.17881855	0.40060306	0.45526496	0.12646204	0.32588702	0.09498981	0.40482774	0.39187002	0.83850777	0.40715048	0.40904322	0.45978293	0.45245099	0.33146772	0.08571377
247	0.21171485	0.40007389	0.83729029	0.17882416	0.40055469	0.45527810	0.12645321	0.32588515	0.09499092	0.40488106	0.39183563	0.83854634	0.40712976	0.40905923	0.45976493	0.45244583	0.33145541	0.08570383
248	0.21163130	0.40014473	0.83731824	0.17879586	0.40053549	0.45528898	0.12645069	0.32586753	0.09497766	0.40477660	0.39180037	0.83851850	0.40712887	0.40901026	0.45979786	0.45245540	0.33143905	0.08572243
249	0.21166329	0.40020129	0.83729345	0.17874536	0.40057728	0.45529103	0.12645283	0.32586524	0.09497833	0.40489537	0.39182502	0.83855331	0.40712160	0.40901980	0.45980603	0.45245162	0.33145133	0.08571019
250	0.21165702	0.40018374	0.83728194	0.17877573	0.40052131	0.45527750	0.12644151	0.32586944	0.09499384	0.40489087	0.39187136	0.83854991	0.40712368	0.40909991	0.45974278	0.45245510	0.33144760	0.08572548
251	0.21166199	0.40017742	0.83727020	0.17879437	0.40051082	0.45529038	0.12644307	0.32586873	0.09498483	0.40484640	0.39193276	0.83853209	0.40700892	0.40891513	0.45985493	0.45245606	0.33144674	0.08572288
252	0.21162871	0.40020424	0.83728486	0.17879379	0.40050325	0.45528668	0.12643179	0.32588902	0.09499488	0.40489471	0.39196998	0.83854663	0.40714869	0.40915936	0.45975071	0.45245081	0.33145195	0.08572774
253	0.21164976	0.40020180	0.83727252	0.17876412	0.40055770	0.45527303	0.12642126	0.32588837	0.09497898	0.40487632	0.39198455	0.83857352	0.40709922	0.40913737	0.45973170	0.45245358	0.33145466	0.08572230
254	0.21168210	0.40022212	0.83725017	0.17879377	0.40058124	0.45524812	0.12642862	0.32589078	0.09498158	0.40481248	0.39201584	0.83853024	0.40716761	0.40913323	0.45980075	0.45243910	0.33145836	0.08572114
255	0.21163131	0.40012369	0.83727449	0.17869897	0.40064463	0.45524800	0.12643208	0.32587641	0.09497277	0.40481213	0.39209595	0.83849567	0.40706089	0.40913692	0.45974597	0.45243284	0.33147231	0.08570161
256	0.21158792	0.40022060	0.83727700	0.17873894	0.40060750	0.45526946	0.12643193	0.32587138	0.09497754	0.40485600	0.39220023	0.83853215	0.40708363	0.40917739	0.45975459	0.45244154	0.33146220	0.08569091
257	0.21151794	0.40022931	0.83728993	0.17873235	0.40065202	0.45523050	0.12644605	0.32586357	0.09497301	0.40479958	0.39206487	0.83851802	0.40706536	0.40916011	0.45976058	0.45242494	0.33146492	0.08570259
258	0.21146545	0.40037259	0.83729213	0.17871138	0.40065309	0.45525232	0.12644708	0.32586485	0.09498929	0.40479234	0.39215976	0.83852011	0.40709367	0.40920523	0.45975700	0.45241514	0.33144921	0.08570799
259	0.21144016	0.40022889	0.83731484	0.17871575	0.40065262	0.45524615	0.12644225	0.32586259	0.09497106	0.40468341	0.39184886	0.83851027	0.40707046	0.40920961	0.45977724	0.45241773	0.33145392	0.08571486
260	0.21151461	0.40025079	0.83729380	0.17871028	0.40064278	0.45525989	0.12644686	0.32585788	0.09497944	0.40475786	0.39207008	0.83852857	0.40708309	0.40929067	0.45970097	0.45241338	0.33144817	0.08571357
261	0.21151049	0.40031368	0.83728343	0.17871524	0.40072122	0.45523128	0.12645364	0.32585400	0.09499541	0.40475842	0.39206830	0.83851004	0.40708899	0.40927148	0.45973086	0.45242187	0.33143929	0.08572041
262	0.21141949	0.40040201	0.83730507	0.17875658	0.40071133	0.45521501	0.12645312	0.32587597	0.09498564	0.40473127	0.39209425	0.83848536	0.40702790	0.40923139	0.45974779	0.45240057	0.33145708	0.08570245
263	0.21144980	0.40048182	0.83728361	0.17872666	0.40073803	0.45521423	0.12644643	0.32588124	0.09497965	0.40469608	0.39202726	0.83851594	0.40701625	0.40926751	0.45973578	0.45240632	0.33146039	0.08570478
264	0.21149637	0.40038401	0.83727461	0.17872749	0.40075135	0.45523286	0.12644559	0.32589534	0.09498450	0.40481904	0.39208764	0.83852547	0.40700606	0.40928727	0.45972463	0.45240587	0.33147013	0.08570964
265	0.21145135	0.40044370	0.83728617	0.17868926	0.40082398	0.45520166	0.12645267	0.32589942	0.09498870	0.40474299	0.39207873	0.83851045	0.40703753	0.40926996	0.45976558	0.45240423	0.33147550	0.08572099
266	0.21143775	0.40058205	0.83726728	0.17874424	0.40083930	0.45519149	0.12644981	0.32589555	0.09499015	0.40479502	0.39214158	0.83852023	0.40702331	0.40933722	0.45973119	0.45241705	0.33145931	0.08572967
267	0.21143617	0.40046692	0.83729583	0.17873192	0.40080974	0.45521700	0.12645659	0.32590511	0.09498047	0.40478712	0.39215985	0.83851665	0.40701121	0.40934956	0.45972222	0.45240945	0.33147445	0.08570869
268	0.21146934	0.40041602	0.83728462	0.17863075	0.40086260	0.45524234	0.12645154	0.32590702	0.09500133	0.40468779	0.39205152	0.83851278	0.40698689	0.40927774	0.45974213	0.45242324	0.33146179	0.08572691
269	0.21148917	0.40042624	0.83726597	0.17865248	0.40092576	0.45520273	0.12645973	0.32589602	0.09499481	0.40468016	0.39205575	0.83849818	0.40701240	0.40928581	0.45973599	0.45240632	0.33147350	0.08571681
270	0.21147917	0.40040666	0.83729720	0.17867546	0.40090999	0.45520824	0.12644951	0.32588783	0.09498719	0.40469381	0.39208317	0.83849287	0.40702048	0.40931320	0.45973638	0.45239910	0.33146736	0.08572435
271	0.21145475	0.40041414	0.83728850	0.17870396	0.40086597	0.45520875	0.12645213	0.32588896	0.09497768	0.40486252	0.39216197	0.83853877	0.40702400	0.40929076	0.45978761	0.45240247	0.33146963	0.08572444
272	0.21149172	0.40044814	0.83725941	0.17869531	0.40089178	0.45520940	0.12643977	0.32590416	0.09499480	0.40469217	0.39213383	0.83851308	0.40697742	0.40936142	0.45970908	0.45241329	0.33144793	0.08573823
273	0.21141715	0.40040675	0.83730245	0.17857510	0.40092215	0.45524302	0.12644900	0.32590875	0.09499220	0.40467414	0.39205432	0.83851188	0.40703630	0.40927702	0.45975170	0.45239779	0.33147585	0.08572797
274	0.21142958	0.40047586	0.83728892	0.17865954	0.40089387	0.45522037	0.12644243	0.32592079	0.09499733	0.40470818	0.39209461	0.83851004	0.40708828	0.40938485	0.45976770	0.45240813	0.33148184	0.08571842
275	0.21142030	0.40050021	0.83729273	0.17865181	0.40088990	0.45523003	0.12643516	0.32592162	0.09499754	0.40458706	0.39205560	0.83849150	0.40701985	0.40929541	0.45978889	0.45240793	0.33147877	0.08571853
276	0.21136121	0.40054572	0.83730781	0.17864361	0.40085721	0.45525312	0.12642263	0.32593256	0.09499697	0.40474704	0.39227712	0.83853394	0.40702891	0.40934172	0.45973822	0.45241848	0.33148599	0.08574598
277	0.21138451	0.40048394	0.83730936	0.17862701	0.40090322	0.45524597	0.12641008	0.32593852	0.09500910	0.40465868	0.39210507	0.83854860	0.40701544	0.40934661	0.45975870	0.45242310	0.33148134	0.08575172
278	0.21139146	0.40047640	0.83730358	0.17853677	0.40089142	0.45527571	0.12641567	0.32593739	0.09501096	0.40468821	0.39219683	0.83853805	0.40704921	0.40936232	0.45976281	0.45242184	0.33148742	0.08574694
279	0.21136202	0.40050018	0.83732080	0.17861165	0.40086731	0.45526448	0.12640746	0.32593367	0.09501329	0.40473264	0.39229065	0.83856851	0.40703228	0.40932029	0.45978674	0.45241001	0.33149734	0.08574650
280	0.21135704	0.40049127	0.83730531	0.17859244	0.40085745	0.45526114	0.12640378	0.32592273	0.09502524	0.40470386	0.39223558	0.83858085	0.40706450	0.40938056	0.45978555	0.45242891	0.33149093	0.08575739
281	0.21138310	0.40041387	0.83730251	0.17864795	0.40084776	0.45523059	0.12640840	0.32591942	0.09503216	0.40481213	0.39234173	0.83859575	0.40703520	0.40930909	0.45978734	0.45244038	0.33147955	0.08576847
282	0.21132129	0.40054992	0.83732224	0.17856553	0.40085170	0.45526725	0.12641458	0.32591301	0.09503286	0.40470582	0.39235261	0.83860570	0.40701583	0.40928623	0.45980829	0.45243660	0.33148363	0.08577409
283	0.21129145	0.40046501	0.83731830	0.17864767	0.40075848	0.45527291	0.12642288	0.32591495	0.09501956	0.40478265	0.39233601	0.83861327	0.40698180	0.40928382	0.45976382	0.45242164	0.33149487	0.08576088
284	0.21130230	0.40050393	0.83731574	0.17855707	0.40077478	0.45528948	0.12641928	0.32590091	0.09502512	0.40471244	0.39221919	0.83858442	0.40699998	0.40927997	0.45977378	0.45244226	0.33149189	0.08576566
285	0.21131775	0.40049946	0.83731133	0.17860642	0.40072912	0.45527482	0.12641087	0.32591069	0.09500825	0.40474731	0.39235026	0.83859164	0.40696716	0.40923727	0.45978594	0.45242938	0.33149070	0.08576096
286	0.21118826	0.40051386	0.83734113	0.17863850	0.40071595	0.45525789	0.12640585	0.32590741	0.09500650	0.40474200	0.39225799	0.83858013	0.40700224	0.40924519	0.45980704	0.45242485	0.33148289	0.08574459
287	0.21120037	0.40052587	0.83732659	0.17863625	0.40068993	0.45525467	0.12641175	0.32590497	0.09499788	0.40468329	0.39223403	0.83858979	0.40697825	0.40926358	0.45978296	0.45243284	0.33149651	0.08574721
288	0.21124437	0.40064713	0.83730370	0.17859581	0.40066689	0.45527124	0.12641864	0.32588920	0.09500089	0.40469959	0.39223748	0.83854365	0.40703496	0.40924153	0.45979881	0.45243716	0.33148441	0.08575227
289	0.21115565	0.40055004	0.83733213	0.17861630	0.40069336	0.45523307	0.12641263	0.32588765	0.09498131	0.40473095	0.39221323	0.83857232	0.40701795	0.40921986	0.45977730	0.45243108	0.33145761	0.08575609
290	0.21120006	0.40041336	0.83731818	0.17853191	0.40070173	0.45525619	0.12641393	0.32587990	0.09499985	0.40473571	0.39219084	0.83858168	0.40701181	0.40920421	0.45980725	0.45242947	0.33147249	0.08574526
291	0.21117216	0.40057442	0.83730829	0.17858191	0.40058890	0.45526370	0.12642322	0.32585156	0.09499197	0.40472740	0.39217353	0.83856094	0.40699714	0.40920612	0.45975640	0.45241979	0.33145750	0.08573513
292	0.21118361	0.40039271	0.83730441	0.17860830	0.40058967	0.45524979	0.12641732	0.32585239	0.09497280	0.40470505	0.39213607	0.83856070	0.40697837	0.40913841	0.45977792	0.45242169	0.33144316	0.08574128
293	0.21118422	0.40048093	0.83727676	0.17852622	0.40059718	0.45526347	0.12641294	0.32584170	0.09498132	0.40465239	0.39216706	0.83853519	0.40694895	0.40918267	0.45974445	0.45241091	0.33144370	0.08572474
294	0.21117994	0.40045813	0.83728844	0.17855534	0.40058690	0.45525712	0.12641522	0.32582968	0.09497202	0.40465134	0.39221630	0.83852863	0.40697318	0.40910175	0.45978349	0.45241678	0.33144477	0.08571521
295	0.21112777	0.40043923	0.83729494	0.17857623	0.40058333	0.45524210	0.12641875	0.32583785	0.09497534	0.40452939	0.39208931	0.83850634	0.40688148	0.40896887	0.45978186	0.45240510	0.33143532	0.08570718
296	0.21121058	0.40042150	0.83726293	0.17855440	0.40059099	0.45523569	0.12641281	0.32584003	0.09494712	0.40471885	0.39219049	0.83853859	0.40696895	0.40899643	0.45981097	0.45239612	0.33143881	0.08570904
297	0.21122174	0.40047657	0.83725411	0.17857409	0.40055314	0.45524272	0.12640275	0.32583699	0.09495012	0.40468684	0.39221588	0.83852792	0.40683222	0.40894878	0.45974183	0.45239142	0.33143291	0.08569477
298	0.21124174	0.40051234	0.83723778	0.17856963	0.40056169	0.45523727	0.12640856	0.32584026	0.09494250	0.40463009	0.39217141	0.83848721	0.40688601	0.40899885	0.45972839	0.45239457	0.33143142	0.08569501
299	0.21125993	0.40052098	0.83722985	0.17856301	0.40053388	0.45524633	0.12640300	0.32581282	0.09494483	0.40467307	0.39220706	0.83850771	0.40689442	0.40902320	0.45971918	0.45238122	0.33143353	0.08567765
300	0.21124867	0.40062755	0.83721983	0.17857292	0.40051797	0.45523736	0.12639396	0.32581699	0.09494586	0.40466172	0.39213622	0.83848947	0.40684015	0.40897352	0.45972183	0.45237416	0.33141714	0.08567799
301	0.21122393	0.40068999	0.83721876	0.17851976	0.40048489	0.45527232	0.12639576	0.32580626	0.09494806	0.40466121	0.39207861	0.83847946	0.40684634	0.40897015	0.45972568	0.45238331	0.33141875	0.08568216
302	0.21112195	0.40059808	0.83726043	0.17854860	0.40051466	0.45523402	0.12640689	0.32578319	0.09492912	0.40466690	0.39193553	0.83850819	0.40685135	0.40894338	0.45971981	0.45236942	0.33140764	0.08567016
303	0.21123731	0.40061665	0.83720195	0.17862076	0.40048259	0.45520437	0.12639986	0.32578701	0.09494512	0.40471071	0.39194521	0.83853096	0.40689197	0.40896970	0.45973492	0.45237562	0.33140916	0.08568483
304	0.21112102	0.40057147	0.83724535	0.17859444	0.40045452	0.45521840	0.12641051	0.32579049	0.09493873	0.40471819	0.39202586	0.83849674	0.40687013	0.40894634	0.45973134	0.45236921	0.33140439	0.08567864
305	0.21107271	0.40071392	0.83723533	0.17860772	0.40046605	0.45520073	0.12642795	0.32577938	0.09492450	0.40465388	0.39197433	0.83850157	0.40687266	0.40898019	0.45972571	0.45237473	0.33139527	0.08567686
306	0.21117412	0.40058014	0.83721566	0.17858370	0.40043724	0.45523143	0.12641469	0.32577905	0.09492987	0.40470728	0.39201570	0.83851540	0.40686491	0.40894929	0.45972171	0.45238763	0.33139092	0.08567449
307	0.21114273	0.40062994	0.83720857	0.17852846	0.40050912	0.45520228	0.12642594	0.32577145	0.09492468	0.40467298	0.39199638	0.83850950	0.40691432	0.40892994	0.45974615	0.45238844	0.33139423	0.08567134
308	0.21105483	0.40048042	0.83725595	0.17854796	0.40050882	0.45519367	0.12640846	0.32577309	0.09493134	0.40470567	0.39210609	0.83851814	0.40687302	0.40891910	0.45973197	0.45240146	0.33139300	0.08567324
309	0.21108282	0.40069962	0.83721411	0.17859833	0.40047464	0.45518306	0.12641655	0.32578370	0.09491634	0.40470338	0.39202154	0.83850497	0.40694249	0.40896437	0.45972952	0.45239812	0.33139783	0.08567213
310	0.21115069	0.40070149	0.83720082	0.17857915	0.40050873	0.45518225	0.12642333	0.32576185	0.09491637	0.40471849	0.39213488	0.83851439	0.40696993	0.40894929	0.45974576	0.45241988	0.33139434	0.08567648
311	0.21112700	0.40063271	0.83722371	0.17854196	0.40052137	0.45518717	0.12643926	0.32575512	0.09492898	0.40472552	0.39216122	0.83850980	0.40697360	0.40887278	0.45978600	0.45241848	0.33138251	0.08569001
312	0.21115805	0.40068778	0.83720666	0.17859754	0.40050942	0.45517221	0.12643614	0.32575420	0.09491156	0.40480304	0.39216846	0.83855200	0.40696830	0.40892282	0.45975044	0.45241788	0.33139065	0.08568058
313	0.21121301	0.40057954	0.83720702	0.17863497	0.40053347	0.45514020	0.12642929	0.32575241	0.09493599	0.40481207	0.39208740	0.83854181	0.40699640	0.40890142	0.45977610	0.45242685	0.33138555	0.08568224
314	0.21113342	0.40059933	0.83723599	0.17858832	0.40054119	0.45514849	0.12642911	0.32575169	0.09494244	0.40484187	0.39214310	0.83855927	0.40696716	0.40893412	0.45975569	0.45242169	0.33137926	0.08567339
315	0.21124150	0.40051800	0.83721089	0.17863637	0.40053958	0.45513624	0.12644550	0.32574335	0.09491942	0.40471658	0.39207157	0.83851391	0.40698138	0.40900177	0.45972300	0.45243844	0.33136705	0.08569026
316	0.21118857	0.40066794	0.83721793	0.17856403	0.40058219	0.45516625	0.12642850	0.32574069	0.09493730	0.40484139	0.39207792	0.83855170	0.40695831	0.40895024	0.45974007	0.45244044	0.33138415	0.08568075
317	0.21115369	0.40068424	0.83722585	0.17863639	0.40060261	0.45511955	0.12642395	0.32574812	0.09493957	0.40476778	0.39205319	0.83851063	0.40706041	0.40903813	0.45976010	0.45244366	0.33136293	0.08569587
318	0.21114814	0.40071449	0.83723593	0.17856957	0.40060347	0.45516291	0.12641884	0.32574952	0.09495237	0.40475360	0.39211550	0.83850253	0.40700242	0.40901995	0.45973009	0.45244375	0.33138072	0.08568543
319	0.21120636	0.40069664	0.83722776	0.17864066	0.40061763	0.45511243	0.12641186	0.32575503	0.09494542	0.40476575	0.39204907	0.83850634	0.40704784	0.40910611	0.45971191	0.45243907	0.33138838	0.08567578
320	0.21114615	0.40076238	0.83724052	0.17858751	0.40063292	0.45513058	0.12641792	0.32575279	0.09493119	0.40470582	0.39216673	0.83847618	0.40702611	0.40912032	0.45971578	0.45242882	0.33139798	0.08567584
321	0.21112905	0.40076196	0.83723998	0.17858163	0.40062132	0.45515651	0.12640978	0.32576296	0.09494057	0.40472361	0.39220428	0.83847314	0.40701005	0.40915418	0.45968884	0.45241448	0.33140665	0.08567403
322	0.21121819	0.40074971	0.83721042	0.17861369	0.40060672	0.45512965	0.12642261	0.32575977	0.09493373	0.40472746	0.39205810	0.83847708	0.40700299	0.40915680	0.45969635	0.45241451	0.33140364	0.08568441
323	0.21111491	0.40074122	0.83724558	0.17864725	0.40065292	0.45510790	0.12641060	0.32576662	0.09493732	0.40476331	0.39230761	0.83848196	0.40701729	0.40918919	0.45969120	0.45241711	0.33140868	0.08567972
324	0.21105288	0.40082315	0.83727014	0.17858985	0.40062699	0.45514414	0.12641482	0.32575271	0.09493431	0.40465006	0.39219218	0.83843106	0.40696836	0.40916547	0.45967644	0.45240939	0.33139193	0.08568628
325	0.21108881	0.40085334	0.83724600	0.17866626	0.40061039	0.45511535	0.12641479	0.32574135	0.09492867	0.40462968	0.39231002	0.83843350	0.40702087	0.40928951	0.45964211	0.45240998	0.33138514	0.08568621
326	0.21111308	0.40087616	0.83723223	0.17864457	0.40060741	0.45511129	0.12641454	0.32573298	0.09493348	0.40460971	0.39237833	0.83843076	0.40694594	0.40923297	0.45962718	0.45240825	0.33138052	0.08567790
327	0.21112752	0.40093103	0.83720952	0.17863284	0.40057081	0.45512164	0.12642153	0.32572627	0.09491567	0.40453979	0.39234906	0.83839428	0.40694967	0.40923220	0.45964968	0.45240873	0.33138520	0.08567856
328	0.21109685	0.40077132	0.83723754	0.17863652	0.40053561	0.45512852	0.12641577	0.32572773	0.09492226	0.40444061	0.39224228	0.83840650	0.40687630	0.40911841	0.45970428	0.45238751	0.33138633	0.08565548
329	0.21109506	0.40086785	0.83721703	0.17858355	0.40058330	0.45511943	0.12641263	0.32573134	0.09491044	0.40448183	0.39245674	0.83839256	0.40694460	0.40925050	0.45962662	0.45238897	0.33139142	0.08565212
330	0.21107738	0.40083176	0.83722073	0.17864367	0.40052757	0.45510381	0.12642129	0.32571626	0.09488498	0.40443605	0.39252543	0.83836186	0.40696251	0.40932083	0.45962933	0.45240095	0.33138424	0.08566596
331	0.21105137	0.40093473	0.83721012	0.17861918	0.40053046	0.45509291	0.12641692	0.32571939	0.09488646	0.40437999	0.39252537	0.83836102	0.40686592	0.40915245	0.45970261	0.45240009	0.33138019	0.08567222
332	0.21104218	0.40089288	0.83720618	0.17858276	0.40049142	0.45512971	0.12641335	0.32571444	0.09488537	0.40424961	0.39240015	0.83834493	0.40685987	0.40920779	0.45970181	0.45238438	0.33139142	0.08565042
333	0.21105680	0.40085977	0.83719337	0.17861277	0.40048048	0.45511591	0.12641877	0.32570443	0.09488123	0.40430072	0.39252728	0.83835393	0.40681794	0.40919858	0.45969024	0.45239270	0.33138961	0.08564626
334	0.21105619	0.40079838	0.83719933	0.17860794	0.40047058	0.45510778	0.12642425	0.32570001	0.09486701	0.40420473	0.39253518	0.83831894	0.40682903	0.40920600	0.45969999	0.45239770	0.33138335	0.08565968
335	0.21101969	0.40090087	0.83718985	0.17860663	0.40047526	0.45510972	0.12643513	0.32568550	0.09487275	0.40424925	0.39264378	0.83832145	0.40683779	0.40923151	0.45966831	0.45240536	0.33138642	0.08565767
336	0.21095720	0.40095696	0.83720958	0.17861034	0.40045249	0.45512405	0.12642707	0.32568499	0.09487046	0.40425217	0.39264619	0.83834100	0.40685251	0.40939680	0.45961630	0.45239726	0.33139208	0.08565401
337	0.21100809	0.40099606	0.83718532	0.17856802	0.40045261	0.45513791	0.12642355	0.32569733	0.09486930	0.40420133	0.39267990	0.83829331	0.40689203	0.40946320	0.45960787	0.45240152	0.33139423	0.08567530
338	0.21104719	0.40085599	0.83716798	0.17859337	0.40038794	0.45516521	0.12642190	0.32568705	0.09487388	0.40415764	0.39275742	0.83829767	0.40686888	0.40940231	0.45963171	0.45241469	0.33139944	0.08566951
339	0.21100283	0.40096170	0.83718079	0.17862874	0.40043205	0.45511892	0.12642619	0.32570168	0.09488045	0.40399069	0.39332348	0.83829921	0.40689620	0.40950674	0.45960921	0.45240551	0.33140227	0.08566983
340	0.21103764	0.40095270	0.83716011	0.17853950	0.40046930	0.45515940	0.12641907	0.32571533	0.09488919	0.40403143	0.39357182	0.83828390	0.40684304	0.40952194	0.45961079	0.45240331	0.33142120	0.08566386
341	0.21099944	0.40086952	0.83718300	0.17858976	0.40042064	0.45516503	0.12642331	0.32572809	0.09487970	0.40401590	0.39371148	0.83828038	0.40687484	0.40958071	0.45961556	0.45240885	0.33144280	0.08568367
342	0.21100163	0.40097445	0.83718318	0.17852467	0.40048394	0.45516515	0.12642032	0.32574517	0.09488899	0.40396285	0.39378005	0.83829021	0.40682992	0.40961799	0.45958880	0.45240679	0.33144724	0.08568639
343	0.21091343	0.40096477	0.83721131	0.17854211	0.40056232	0.45512882	0.12641239	0.32574692	0.09490764	0.40393776	0.39379412	0.83824790	0.40682191	0.40961614	0.45961100	0.45240724	0.33145472	0.08569342
344	0.21088552	0.40107200	0.83720839	0.17848118	0.40053421	0.45518392	0.12641406	0.32576567	0.09491666	0.40387785	0.39387015	0.83826423	0.40681979	0.40969291	0.45960250	0.45240697	0.33145612	0.08570468
345	0.21094060	0.40103173	0.83722490	0.17843923	0.40058535	0.45519972	0.12641242	0.32576779	0.09491988	0.40395549	0.39397594	0.83830303	0.40683052	0.40968484	0.45962831	0.45240974	0.33147234	0.08571526
346	0.21086860	0.40100452	0.83726054	0.17843667	0.40056404	0.45522845	0.12641086	0.32577330	0.09493200	0.40380928	0.39386865	0.83826923	0.40679044	0.40967181	0.45963776	0.45240718	0.33146998	0.08571972
347	0.21084766	0.40114689	0.83724445	0.17845221	0.40060031	0.45521793	0.12641676	0.32578692	0.09493889	0.40383458	0.39371538	0.83829659	0.40681192	0.40974072	0.45964116	0.45239869	0.33149061	0.08573782
348	0.21081044	0.40103617	0.83727735	0.17843527	0.40059111	0.45525053	0.12639041	0.32580027	0.09496137	0.40392274	0.39395329	0.83833188	0.40677816	0.40977415	0.45961189	0.45239645	0.33149171	0.08574608
349	0.21080954	0.40107223	0.83728123	0.17843318	0.40059775	0.45525572	0.12640180	0.32581320	0.09498236	0.40389431	0.39387631	0.83834648	0.40683040	0.40985784	0.45962033	0.45240414	0.33150434	0.08575431
350	0.21076396	0.40114370	0.83729279	0.17830543	0.40069681	0.45528328	0.12639232	0.32583240	0.09498609	0.40390006	0.39375353	0.83834195	0.40683788	0.40983471	0.45967227	0.45240125	0.33152118	0.08576622
351	0.21077716	0.40103522	0.83730632	0.17833689	0.40076008	0.45525572	0.12639152	0.32585895	0.09500588	0.40391955	0.39378801	0.83833617	0.40676054	0.40984121	0.45965579	0.45239142	0.33152959	0.08577946
352	0.21069211	0.40110287	0.83733380	0.17829210	0.40076858	0.45529687	0.12637714	0.32586664	0.09500154	0.40405506	0.39321586	0.83837163	0.40675807	0.40989950	0.45962620	0.45239979	0.33154193	0.08577593
353	0.21063074	0.40112150	0.83737046	0.17826781	0.40074790	0.45533070	0.12637009	0.32588986	0.09501841	0.40388310	0.39318559	0.83831674	0.40675426	0.40991259	0.45964351	0.45241049	0.33153811	0.08580136
354	0.21065384	0.40125948	0.83735347	0.17825727	0.40082023	0.45530221	0.12636246	0.32591072	0.09502251	0.40390170	0.39316469	0.83836126	0.40671223	0.40991777	0.45966047	0.45240310	0.33156699	0.08579721
355	0.21058242	0.40111688	0.83740270	0.17825450	0.40077633	0.45534730	0.12635516	0.32593229	0.09503712	0.40389857	0.39323771	0.83835560	0.40678558	0.41001630	0.45966569	0.45240980	0.33158204	0.08580190
356	0.21062280	0.40119296	0.83739305	0.17822887	0.40077358	0.45538530	0.12635013	0.32592198	0.09505186	0.40387967	0.39336801	0.83835906	0.40676004	0.41003558	0.45964924	0.45240775	0.33157182	0.08580884
357	0.21061540	0.40124708	0.83740562	0.17822041	0.40081427	0.45538214	0.12634596	0.32594720	0.09505848	0.40386367	0.39327869	0.83836150	0.40672114	0.41002536	0.45965254	0.45240861	0.33158472	0.08581296
358	0.21065606	0.40127233	0.83740056	0.17817578	0.40086484	0.45537657	0.12634809	0.32594147	0.09506278	0.40381223	0.39333931	0.83838487	0.40673739	0.40997121	0.45971891	0.45239738	0.33157933	0.08582927
359	0.21054797	0.40121064	0.83743310	0.17812340	0.40091541	0.45541358	0.12632760	0.32595414	0.09508027	0.40385592	0.39329696	0.83839047	0.40673873	0.40999839	0.45969945	0.45240366	0.33158943	0.08582280
360	0.21051763	0.40131950	0.83744395	0.17816199	0.40092453	0.45540532	0.12632462	0.32596606	0.09507456	0.40383729	0.39337328	0.83838600	0.40676451	0.41005144	0.45969707	0.45240709	0.33159101	0.08583481
361	0.21049812	0.40141365	0.83744746	0.17813948	0.40095371	0.45540568	0.12630498	0.32597607	0.09509432	0.40387619	0.39330778	0.83839381	0.40674028	0.41011000	0.45966336	0.45242065	0.33160326	0.08583367
362	0.21052475	0.40145093	0.83744425	0.17814276	0.40101266	0.45541653	0.12629169	0.32599598	0.09509121	0.40385824	0.39332929	0.83838266	0.40667602	0.41008276	0.45964372	0.45241863	0.33161151	0.08584511
363	0.21055016	0.40146810	0.83742803	0.17809644	0.40101734	0.45545754	0.12630084	0.32601064	0.09510002	0.40383425	0.39343396	0.83840823	0.40670547	0.41008669	0.45969275	0.45242175	0.33160770	0.08585903
364	0.21049249	0.40146631	0.83746421	0.17808686	0.40104663	0.45544615	0.12628998	0.32602781	0.09510746	0.40379024	0.39341295	0.83838874	0.40668747	0.41011390	0.45969838	0.45240548	0.33163905	0.08583503
365	0.21049264	0.40152696	0.83745337	0.17814133	0.40106860	0.45544088	0.12627855	0.32605067	0.09510199	0.40376872	0.39338052	0.83839905	0.40664425	0.41008160	0.45969692	0.45239717	0.33165157	0.08584876
366	0.21055652	0.40151533	0.83743942	0.17811771	0.40108183	0.45547271	0.12629534	0.32604921	0.09512462	0.40372190	0.39346489	0.83840954	0.40662682	0.41005018	0.45974115	0.45239970	0.33166352	0.08585295
367	0.21051015	0.40166816	0.83744419	0.17804062	0.40114647	0.45548293	0.12630227	0.32605365	0.09512223	0.40370727	0.39349142	0.83841306	0.40665746	0.41009235	0.45974588	0.45239380	0.33166757	0.08585306
368	0.21045527	0.40163329	0.83746350	0.17806698	0.40114361	0.45548138	0.12630343	0.32605878	0.09511972	0.40367872	0.39355823	0.83837843	0.40662387	0.41016626	0.45969945	0.45239305	0.33167374	0.08586062
369	0.21051210	0.40166649	0.83745331	0.17801809	0.40118483	0.45550707	0.12631102	0.32606685	0.09513631	0.40364760	0.39352643	0.83840930	0.40657663	0.41010782	0.45972323	0.45239466	0.33168030	0.08586921
370	0.21044269	0.40166238	0.83747190	0.17801104	0.40117621	0.45550933	0.12631436	0.32606590	0.09512920	0.40367997	0.39365327	0.83841258	0.40658996	0.41015330	0.45971420	0.45239058	0.33168200	0.08587255
371	0.21040015	0.40176618	0.83748162	0.17794965	0.40122068	0.45553866	0.12631561	0.32607618	0.09513068	0.40375432	0.39358857	0.83842319	0.40655962	0.41014174	0.45971704	0.45237795	0.33170101	0.08587866
372	0.21046394	0.40168580	0.83747888	0.17799729	0.40122470	0.45550767	0.12632854	0.32608518	0.09513690	0.40363860	0.39363119	0.83840966	0.40662393	0.41023749	0.45973039	0.45238489	0.33170798	0.08587105
373	0.21044765	0.40182272	0.83746105	0.17798305	0.40125901	0.45551574	0.12632412	0.32609347	0.09513847	0.40367714	0.39370406	0.83840680	0.40664086	0.41024885	0.45974889	0.45238179	0.33172631	0.08586791
374	0.21046045	0.40180570	0.83745801	0.17797689	0.40126058	0.45551515	0.12632775	0.32610705	0.09514388	0.40364796	0.39368293	0.83842552	0.40658331	0.41027153	0.45974171	0.45238352	0.33174324	0.08587142
375	0.21048412	0.40185186	0.83743715	0.17793347	0.40132484	0.45550570	0.12632453	0.32611716	0.09514977	0.40361717	0.39375404	0.83841962	0.40659672	0.41026303	0.45975956	0.45238829	0.33175004	0.08588766
376	0.21039297	0.40201622	0.83745390	0.17792447	0.40134725	0.45551172	0.12630913	0.32611778	0.09515110	0.40356800	0.39375839	0.83840936	0.40657178	0.41025698	0.45976165	0.45239019	0.33175826	0.08588438
377	0.21039623	0.40199897	0.83747119	0.17790532	0.40140516	0.45551193	0.12630850	0.32611874	0.09516294	0.40354595	0.39383623	0.83841604	0.40658373	0.41029707	0.45976815	0.45238939	0.33175236	0.08590208
378	0.21042763	0.40197602	0.83746296	0.17790642	0.40138671	0.45551914	0.12631285	0.32611597	0.09517553	0.40350136	0.39383924	0.83841366	0.40661934	0.41034561	0.45976391	0.45239812	0.33176294	0.08589528
379	0.21042955	0.40190545	0.83745247	0.17787758	0.40140444	0.45552465	0.12630701	0.32611185	0.09516966	0.40351832	0.39393720	0.83840078	0.40660924	0.41041294	0.45973459	0.45240223	0.33176306	0.08590928
380	0.21038452	0.40208855	0.83745587	0.17788784	0.40143415	0.45551538	0.12629068	0.32611102	0.09518040	0.40345883	0.39392567	0.83838952	0.40657097	0.41040030	0.45974457	0.45239726	0.33175123	0.08590801
381	0.21030651	0.40216789	0.83746839	0.17786565	0.40138701	0.45555463	0.12628117	0.32612079	0.09518857	0.40350094	0.39399135	0.83840680	0.40655714	0.41038653	0.45975918	0.45240197	0.33175117	0.08591971
382	0.21030354	0.40212739	0.83747214	0.17787887	0.40145484	0.45549724	0.12630019	0.32611969	0.09517772	0.40340760	0.39400253	0.83838028	0.40651456	0.41040552	0.45973673	0.45240372	0.33176291	0.08591531
383	0.21019705	0.40219319	0.83749801	0.17779432	0.40154594	0.45550284	0.12629505	0.32612547	0.09518958	0.40341195	0.39401981	0.83837932	0.40659001	0.41055053	0.45971990	0.45240206	0.33177337	0.08592956
384	0.21023677	0.40222046	0.83749181	0.17784421	0.40148580	0.45551464	0.12629566	0.32612219	0.09517926	0.40344313	0.39406633	0.83838409	0.40652603	0.41048098	0.45973644	0.45239887	0.33177382	0.08592823
385	0.21024221	0.40212616	0.83749521	0.17786905	0.40145752	0.45553949	0.12630327	0.32613787	0.09518013	0.40334111	0.39479023	0.83837312	0.40653950	0.41055742	0.45972711	0.45239130	0.33177307	0.08592821
386	0.21019518	0.40222728	0.83747387	0.17779689	0.40157685	0.45551601	0.12630044	0.32614413	0.09518872	0.40335426	0.39514923	0.83838362	0.40656194	0.41057432	0.45974338	0.45238429	0.33178994	0.08593277
387	0.21019603	0.40232536	0.83748436	0.17784078	0.40155882	0.45550525	0.12627982	0.32614809	0.09520125	0.40326560	0.39516661	0.83834434	0.40653300	0.41057369	0.45971885	0.45238271	0.33179194	0.08593648
388	0.21014602	0.40230915	0.83750367	0.17780668	0.40158686	0.45550516	0.12628073	0.32615373	0.09519427	0.40321970	0.39537099	0.83833784	0.40658718	0.41065377	0.45974615	0.45238239	0.33177918	0.08594180
389	0.21017127	0.40224558	0.83749938	0.17779134	0.40157568	0.45551631	0.12629156	0.32614341	0.09520033	0.40322065	0.39539418	0.83833402	0.40656692	0.41068399	0.45971650	0.45238057	0.33178115	0.08593931
390	0.21012469	0.40225837	0.83751506	0.17781538	0.40162927	0.45547876	0.12629594	0.32614887	0.09519756	0.40317667	0.39550373	0.83834380	0.40655521	0.41071501	0.45969254	0.45236969	0.33176956	0.08593275
391	0.21011312	0.40238115	0.83748543	0.17783175	0.40160841	0.45547482	0.12630144	0.32613730	0.09519643	0.40318087	0.39550316	0.83835852	0.40651363	0.41067171	0.45969701	0.45237803	0.33176088	0.08593456
392	0.21021210	0.40230408	0.83747411	0.17777057	0.40159503	0.45551318	0.12630233	0.32613102	0.09519838	0.40318671	0.39571762	0.83834893	0.40652609	0.41072881	0.45967519	0.45237613	0.33176786	0.08593743
393	0.21013132	0.40242890	0.83747631	0.17780800	0.40167049	0.45546252	0.12629707	0.32611766	0.09518168	0.40313563	0.39572719	0.83833134	0.40654629	0.41075182	0.45969933	0.45236817	0.33176789	0.08592980
394	0.21019977	0.40242469	0.83745015	0.17775346	0.40167502	0.45547912	0.12630111	0.32611918	0.09519468	0.40316385	0.39576080	0.83835787	0.40648690	0.41074699	0.45966747	0.45237944	0.33176386	0.08592584
395	0.21007413	0.40252796	0.83749288	0.17771058	0.40167710	0.45549124	0.12630688	0.32611808	0.09518453	0.40313777	0.39573452	0.83833909	0.40650278	0.41077080	0.45965883	0.45236436	0.33176306	0.08592086
396	0.21021749	0.40256050	0.83741915	0.17774139	0.40168974	0.45546633	0.12629291	0.32612839	0.09518059	0.40319866	0.39584514	0.83834457	0.40647155	0.41074932	0.45966187	0.45234552	0.33176643	0.08590467
397	0.21022198	0.40258962	0.83742249	0.17784190	0.40171438	0.45539883	0.12631695	0.32611135	0.09517953	0.40318102	0.39576077	0.83833039	0.40650475	0.41078448	0.45968136	0.45235762	0.33176109	0.08590266
398	0.21028201	0.40260404	0.83740449	0.17781392	0.40169427	0.45542926	0.12631278	0.32612166	0.09516359	0.40307513	0.39568502	0.83830917	0.40641800	0.41080815	0.45960197	0.45235690	0.33176339	0.08589704
399	0.21017568	0.40273410	0.83742070	0.17785345	0.40172917	0.45539746	0.12632698	0.32612649	0.09517360	0.40308893	0.39580435	0.83831197	0.40645611	0.41080084	0.45963877	0.45236415	0.33176541	0.08590665
400	0.21017273	0.40269297	0.83741510	0.17782058	0.40170923	0.45542356	0.12633491	0.32611135	0.09516408	0.40304536	0.39574853	0.83830142	0.40644524	0.41091809	0.45955959	0.45234790	0.33175504	0.08591003
401	0.21018647	0.40270907	0.83739972	0.17785908	0.40170243	0.45541003	0.12633219	0.32610637	0.09515558	0.40306774	0.39586306	0.83830816	0.40641019	0.41084439	0.45960423	0.45235598	0.33175302	0.08590643
402	0.21026143	0.40260464	0.83740276	0.17781906	0.40174803	0.45540184	0.12634018	0.32610002	0.09517543	0.40305513	0.39583462	0.83831370	0.40643221	0.41081870	0.45964211	0.45234355	0.33175623	0.08591677
403	0.21020168	0.40270236	0.83741200	0.17780197	0.40174714	0.45541802	0.12634756	0.32609802	0.09517051	0.40311792	0.39584816	0.83834094	0.40641561	0.41080552	0.45964348	0.45234367	0.33175054	0.08591728
404	0.21014535	0.40279603	0.83743036	0.17783751	0.40175647	0.45539525	0.12634856	0.32609922	0.09515385	0.40303078	0.39589310	0.83830571	0.40638432	0.41084456	0.45960116	0.45234028	0.33175245	0.08590703
405	0.21021074	0.40274775	0.83740091	0.17781100	0.40176451	0.45540881	0.12635276	0.32609394	0.09515764	0.40307197	0.39578447	0.83832693	0.40643457	0.41087136	0.45961824	0.45234036	0.33175611	0.08590791
406	0.21014008	0.40283358	0.83741266	0.17780647	0.40180466	0.45538250	0.12633894	0.32610008	0.09514388	0.40312681	0.39583367	0.83833343	0.40642852	0.41088375	0.45960742	0.45233569	0.33175635	0.08588987
407	0.21015985	0.40294150	0.83739203	0.17783624	0.40180111	0.45536563	0.12634258	0.32611784	0.09514640	0.40314245	0.39584556	0.83833677	0.40639508	0.41087177	0.45960370	0.45234516	0.33175194	0.08588891
408	0.21024641	0.40288585	0.83736259	0.17778951	0.40183458	0.45537332	0.12634592	0.32610407	0.09513487	0.40308166	0.39596507	0.83830261	0.40641463	0.41094542	0.45958358	0.45234740	0.33175129	0.08588775
409	0.21015994	0.40297526	0.83739316	0.17780831	0.40180022	0.45537877	0.12634896	0.32610035	0.09515475	0.40309554	0.39592355	0.83831680	0.40641946	0.41086158	0.45963117	0.45234600	0.33175817	0.08589132
410	0.21017817	0.40298229	0.83737481	0.17779373	0.40175489	0.45540360	0.12633398	0.32610136	0.09514983	0.40307832	0.39595568	0.83830822	0.40643764	0.41096047	0.45959842	0.45234540	0.33175460	0.08588377
411	0.21011078	0.40299448	0.83739030	0.17778961	0.40181434	0.45536998	0.12634283	0.32609677	0.09515025	0.40309426	0.39602780	0.83831018	0.40646771	0.41092587	0.45961297	0.45236105	0.33175936	0.08589587
412	0.21005221	0.40299362	0.83741468	0.17775930	0.40178800	0.45539480	0.12632550	0.32608184	0.09514601	0.40307948	0.39587674	0.83831280	0.40645808	0.41096091	0.45957139	0.45236251	0.33173758	0.08590338
413	0.21012110	0.40297100	0.83739698	0.17778292	0.40180036	0.45535910	0.12632331	0.32608527	0.09514581	0.40312299	0.39605829	0.83834004	0.40643200	0.41087851	0.45961466	0.45235711	0.33174226	0.08590392
414	0.21009637	0.40304467	0.83739549	0.17775039	0.40179417	0.45539212	0.12633222	0.32606712	0.09514315	0.40317106	0.39608628	0.83834893	0.40643543	0.41095048	0.45959666	0.45237133	0.33172476	0.08590125
415	0.21013425	0.40307173	0.83738369	0.17776987	0.40179062	0.45537722	0.12633234	0.32608348	0.09514897	0.40311721	0.39608487	0.83832312	0.40643710	0.41091543	0.45961615	0.45236385	0.33172736	0.08590222
416	0.21013875	0.40309539	0.83737987	0.17775875	0.40180662	0.45538285	0.12633391	0.32607204	0.09515317	0.40306380	0.39615941	0.83831024	0.40642831	0.41094103	0.45959044	0.45235881	0.33173165	0.08590366
417	0.21014789	0.40303501	0.83738953	0.17773545	0.40186068	0.45536703	0.12634006	0.32607278	0.09514467	0.40309325	0.39624649	0.83830029	0.40643820	0.41085598	0.45964211	0.45236170	0.33172220	0.08589081
418	0.21014319	0.40309653	0.83739102	0.17769657	0.40185711	0.45538238	0.12633231	0.32608321	0.09514681	0.40310133	0.39624524	0.83830166	0.40641138	0.41088337	0.45962262	0.45236474	0.33172673	0.08589583
419	0.21013148	0.40320984	0.83736861	0.17774640	0.40190849	0.45535785	0.12634487	0.32609335	0.09514965	0.40306783	0.39625543	0.83829761	0.40641719	0.41089237	0.45961079	0.45235142	0.33174092	0.08589397
420	0.21019877	0.40314153	0.83735448	0.17777321	0.40187007	0.45534629	0.12635095	0.32608697	0.09515003	0.40307328	0.39636299	0.83829433	0.40639541	0.41088259	0.45962465	0.45235205	0.33173412	0.08588757
421	0.21012408	0.40322930	0.83737582	0.17778823	0.40189153	0.45534977	0.12635399	0.32609254	0.09514566	0.40305018	0.39640862	0.83826905	0.40640047	0.41090325	0.45960835	0.45234895	0.33173001	0.08588745
422	0.21016966	0.40325996	0.83734107	0.17778155	0.40192479	0.45533857	0.12635510	0.32608858	0.09515357	0.40310445	0.39648902	0.83828783	0.40639538	0.41092619	0.45960334	0.45233771	0.33172768	0.08588447
423	0.21008095	0.40331003	0.83737218	0.17779016	0.40194777	0.45534408	0.12637085	0.32609001	0.09514965	0.40305665	0.39647812	0.83828586	0.40638602	0.41092089	0.45960212	0.45234331	0.33171636	0.08588865
424	0.21015733	0.40335932	0.83733404	0.17784537	0.40190098	0.45533144	0.12638584	0.32607228	0.09513550	0.40306103	0.39648908	0.83826995	0.40639618	0.41098067	0.45958525	0.45233989	0.33171183	0.08589194
425	0.21013771	0.40338880	0.83733588	0.17777483	0.40194395	0.45534694	0.12639517	0.32606298	0.09513598	0.40304250	0.39645961	0.83825558	0.40632379	0.41092142	0.45959800	0.45233279	0.33171898	0.08589035
426	0.21019363	0.40326756	0.83734590	0.17778398	0.40200597	0.45529735	0.12638694	0.32605848	0.09512638	0.40305737	0.39661399	0.83825809	0.40640050	0.41110456	0.45951992	0.45233345	0.33170712	0.08588041
427	0.21017894	0.40337092	0.83733052	0.17783114	0.40196863	0.45532066	0.12639584	0.32605025	0.09512845	0.40303656	0.39665312	0.83826399	0.40635991	0.41104648	0.45953223	0.45232654	0.33171219	0.08587328
428	0.21018443	0.40348437	0.83731389	0.17781973	0.40200609	0.45531619	0.12640020	0.32605860	0.09512375	0.40297398	0.39658657	0.83823091	0.40635344	0.41097662	0.45957887	0.45232731	0.33171469	0.08586943
429	0.21016096	0.40352106	0.83733529	0.17782006	0.40208098	0.45528942	0.12640379	0.32605314	0.09512574	0.40303841	0.39669433	0.83824229	0.40643150	0.41113934	0.45954365	0.45232531	0.33171397	0.08586330
430	0.21021335	0.40356302	0.83730966	0.17776842	0.40211931	0.45529643	0.12638892	0.32607841	0.09512244	0.40303773	0.39680463	0.83821875	0.40634578	0.41113928	0.45951200	0.45232165	0.33172873	0.08586137
431	0.21031591	0.40347117	0.83728820	0.17784162	0.40209061	0.45528650	0.12637872	0.32608232	0.09513821	0.40303984	0.39677912	0.83822894	0.40638584	0.41121694	0.45950845	0.45232677	0.33173695	0.08586182
432	0.21025528	0.40353647	0.83731055	0.17780419	0.40212679	0.45528880	0.12636770	0.32609189	0.09513718	0.40295616	0.39686796	0.83819008	0.40634009	0.41121963	0.45951384	0.45233151	0.33173981	0.08586401
433	0.21017815	0.40361711	0.83733916	0.17777631	0.40213305	0.45531717	0.12638016	0.32609150	0.09514154	0.40295309	0.39705089	0.83819538	0.40631682	0.41123900	0.45949960	0.45233122	0.33174053	0.08585764
434	0.21023089	0.40348536	0.83733416	0.17780142	0.40210798	0.45535028	0.12639269	0.32608452	0.09515302	0.40287656	0.39697534	0.83819008	0.40638399	0.41130069	0.45952922	0.45232043	0.33173355	0.08587117
435	0.21023691	0.40355122	0.83735090	0.17777111	0.40212288	0.45536965	0.12639682	0.32609940	0.09515910	0.40288714	0.39706784	0.83818138	0.40634269	0.41135138	0.45950803	0.45230746	0.33172831	0.08587740
436	0.21027841	0.40356934	0.83735996	0.17776446	0.40218201	0.45535374	0.12637989	0.32609889	0.09516961	0.40277541	0.39713153	0.83818430	0.40634310	0.41137597	0.45953175	0.45230636	0.33173010	0.08587527
437	0.21028900	0.40372482	0.83735508	0.17779461	0.40215886	0.45536956	0.12637992	0.32610449	0.09517847	0.40276891	0.39733994	0.83818591	0.40631780	0.41142175	0.45951229	0.45229182	0.33173245	0.08586547
438	0.21025796	0.40366483	0.83738995	0.17785089	0.40216556	0.45536095	0.12637417	0.32612073	0.09517254	0.40265888	0.39740404	0.83817160	0.40630844	0.41147009	0.45949981	0.45230761	0.33173892	0.08588200
439	0.21013530	0.40378216	0.83745348	0.17775343	0.40221778	0.45539191	0.12638180	0.32612243	0.09518110	0.40258211	0.39754024	0.83816898	0.40628698	0.41151097	0.45948517	0.45230517	0.33174273	0.08588072
440	0.21015860	0.40373698	0.83745569	0.17778969	0.40224224	0.45538527	0.12638149	0.32614443	0.09518748	0.40248162	0.39761356	0.83818007	0.40629801	0.41166598	0.45943436	0.45230424	0.33175302	0.08587191
441	0.21011840	0.40383700	0.83746904	0.17776135	0.40224436	0.45540860	0.12638958	0.32614657	0.09519708	0.40243593	0.39771575	0.83816838	0.40628350	0.41164437	0.45944840	0.45230487	0.33175361	0.08587284
442	0.21010116	0.40386242	0.83748418	0.17773867	0.40230587	0.45541173	0.12640290	0.32616654	0.09519991	0.40235803	0.39787292	0.83817536	0.40622526	0.41173059	0.45940837	0.45229018	0.33176214	0.08586647
443	0.21004570	0.40390137	0.83752435	0.17777635	0.40229526	0.45542374	0.12640253	0.32617623	0.09519731	0.40217632	0.39792418	0.83811772	0.40629756	0.41177589	0.45944098	0.45228764	0.33176982	0.08587092
444	0.21008465	0.40396267	0.83750767	0.17781229	0.40230030	0.45541760	0.12640531	0.32619387	0.09520342	0.40205324	0.39810923	0.83811861	0.40625748	0.41183797	0.45941845	0.45228645	0.33176914	0.08586578
445	0.21009727	0.40399677	0.83751547	0.17774568	0.40236914	0.45543692	0.12640801	0.32618505	0.09520614	0.40191028	0.39823887	0.83809584	0.40621680	0.41195175	0.45936751	0.45226750	0.33177212	0.08586706
446	0.21014613	0.40399578	0.83750677	0.17778009	0.40241018	0.45541909	0.12639748	0.32621014	0.09521354	0.40174428	0.39827907	0.83808112	0.40620419	0.41201994	0.45933625	0.45227143	0.33176106	0.08587806
447	0.21015874	0.40395561	0.83751392	0.17775927	0.40245813	0.45541134	0.12641706	0.32619217	0.09522088	0.40160567	0.39833760	0.83807564	0.40622792	0.41205880	0.45938328	0.45224667	0.33177212	0.08587990
448	0.21014835	0.40397489	0.83753937	0.17781571	0.40244043	0.45540640	0.12641774	0.32620180	0.09520010	0.40192965	0.40102249	0.83809412	0.40614593	0.41213757	0.45932272	0.45224932	0.33178139	0.08587808
449	0.21016175	0.40395531	0.83755410	0.17776978	0.40252393	0.45539930	0.12640846	0.32621282	0.09521379	0.40180695	0.40089971	0.83807516	0.40614042	0.41219869	0.45934173	0.45223770	0.33178192	0.08587094
450	0.21017531	0.40402475	0.83753759	0.17776571	0.40260831	0.45538351	0.12638621	0.32623535	0.09523529	0.40173689	0.40095621	0.83808440	0.40618810	0.41240922	0.45926645	0.45222294	0.33179730	0.08586585
451	0.21014288	0.40400487	0.83755887	0.17773417	0.40264940	0.45537776	0.12638962	0.32624903	0.09525029	0.40169099	0.40114745	0.83808923	0.40611398	0.41236880	0.45929149	0.45221725	0.33179983	0.08586179
452	0.21010995	0.40405980	0.83756667	0.17779337	0.40259644	0.45540297	0.12639049	0.32625297	0.09523761	0.40163448	0.40137407	0.83808124	0.40611637	0.41245425	0.45927739	0.45219949	0.33181927	0.08586203
453	0.21001305	0.40404364	0.83760267	0.17776567	0.40260527	0.45542127	0.12640516	0.32626066	0.09523764	0.40146446	0.40139979	0.83808136	0.40610555	0.41249835	0.45928589	0.45219868	0.33181891	0.08586355
454	0.21007282	0.40397263	0.83758897	0.17774892	0.40267643	0.45541629	0.12640700	0.32626644	0.09525029	0.40146282	0.40145469	0.83809596	0.40606704	0.41255835	0.45923349	0.45218369	0.33182174	0.08585457
455	0.21004407	0.40381253	0.83761513	0.17770827	0.40268758	0.45543593	0.12639710	0.32627490	0.09523803	0.40128687	0.40165809	0.83809298	0.40606800	0.41257942	0.45925257	0.45217311	0.33181784	0.08583896
456	0.20999911	0.40393582	0.83763635	0.17769769	0.40280163	0.45539784	0.12640491	0.32628053	0.09524161	0.40132579	0.40171736	0.83809060	0.40607330	0.41267174	0.45923233	0.45217180	0.33181682	0.08584864
457	0.21003440	0.40378049	0.83764493	0.17779362	0.40275016	0.45537427	0.12640841	0.32627493	0.09523407	0.40131137	0.40193090	0.83809239	0.40606543	0.41274565	0.45920652	0.45217335	0.33180004	0.08584917
458	0.21008886	0.40385789	0.83763486	0.17768583	0.40276495	0.45541710	0.12640429	0.32626075	0.09522953	0.40121812	0.40203178	0.83806902	0.40599394	0.41273177	0.45920676	0.45216444	0.33179083	0.08582886
459	0.21011357	0.40386662	0.83762324	0.17775398	0.40275165	0.45539856	0.12642016	0.32625377	0.09522147	0.40121287	0.40212920	0.83807212	0.40606335	0.41277155	0.45920059	0.45214185	0.33179393	0.08580587
460	0.21009940	0.40388367	0.83761203	0.17774840	0.40280744	0.45536235	0.12640953	0.32624760	0.09520752	0.40107757	0.40215915	0.83806700	0.40597534	0.41275868	0.45916322	0.45214912	0.33178449	0.08580903
461	0.21007593	0.40396839	0.83760494	0.17779149	0.40277523	0.45534906	0.12641793	0.32624471	0.09520001	0.40116531	0.40227672	0.83808357	0.40602911	0.41283131	0.45915598	0.45213223	0.33177406	0.08579224
462	0.21007377	0.40383619	0.83761841	0.17770910	0.40278107	0.45537150	0.12642848	0.32622725	0.09517494	0.40096492	0.40216991	0.83808023	0.40603438	0.41289794	0.45911533	0.45213580	0.33177367	0.08578040
463	0.21011630	0.40378371	0.83760363	0.17781954	0.40274739	0.45533487	0.12644659	0.32621840	0.09516595	0.40086526	0.40215400	0.83805990	0.40602472	0.41292709	0.45910752	0.45211780	0.33177191	0.08578094
464	0.21006149	0.40380216	0.83760089	0.17783260	0.40271425	0.45532164	0.12643671	0.32621485	0.09515534	0.40093046	0.40243900	0.83806539	0.40602997	0.41289610	0.45912614	0.45212352	0.33176333	0.08577433
465	0.21007301	0.40375930	0.83759737	0.17786498	0.40270013	0.45531639	0.12645255	0.32620496	0.09514677	0.40089244	0.40246847	0.83807093	0.40599185	0.41294152	0.45909581	0.45212057	0.33175829	0.08577267
466	0.21004358	0.40378481	0.83760351	0.17784543	0.40267894	0.45532358	0.12645814	0.32617670	0.09512777	0.40086758	0.40252495	0.83804762	0.40598035	0.41299054	0.45906129	0.45211360	0.33175611	0.08576944
467	0.21008067	0.40366820	0.83759755	0.17789957	0.40266120	0.45530564	0.12647693	0.32617897	0.09511938	0.40088299	0.40267530	0.83805043	0.40597269	0.41300032	0.45906150	0.45212290	0.33173922	0.08576947
468	0.21007423	0.40361628	0.83760470	0.17786482	0.40260994	0.45535490	0.12648775	0.32615253	0.09511647	0.40072563	0.40265366	0.83803976	0.40603212	0.41306016	0.45909247	0.45210648	0.33173993	0.08576958
469	0.21006900	0.40358046	0.83759642	0.17790879	0.40260178	0.45533657	0.12650840	0.32614788	0.09510852	0.40069211	0.40270105	0.83802301	0.40603620	0.41305691	0.45910126	0.45212471	0.33173418	0.08577088
470	0.21008076	0.40351644	0.83762872	0.17788336	0.40258229	0.45536616	0.12651348	0.32614407	0.09511691	0.40070671	0.40284905	0.83804512	0.40604642	0.41320103	0.45902652	0.45213184	0.33173177	0.08578181
471	0.21014692	0.40342265	0.83760667	0.17798907	0.40254033	0.45533884	0.12651487	0.32613733	0.09511255	0.40077034	0.40291846	0.83807600	0.40606773	0.41326106	0.45905545	0.45213544	0.33173341	0.08578285
472	0.21015267	0.40342978	0.83762544	0.17797306	0.40251866	0.45537633	0.12651274	0.32614085	0.09510408	0.40066522	0.40306351	0.83803761	0.40602949	0.41325089	0.45906487	0.45214349	0.33173674	0.08578720
473	0.21021546	0.40330371	0.83761907	0.17793609	0.40254754	0.45538062	0.12651610	0.32615665	0.09510302	0.40056622	0.40299433	0.83802402	0.40603951	0.41326243	0.45907524	0.45215786	0.33175230	0.08580121
474	0.21017531	0.40325859	0.83764768	0.17804249	0.40248910	0.45537183	0.12650561	0.32615292	0.09510066	0.40062422	0.40320751	0.83805192	0.40600675	0.41317588	0.45917246	0.45215866	0.33176589	0.08580176
475	0.21023367	0.40320110	0.83765447	0.17800210	0.40253332	0.45538270	0.12651250	0.32615992	0.09511445	0.40057731	0.40326765	0.83805704	0.40611556	0.41343644	0.45908487	0.45215601	0.33178040	0.08580855
476	0.21033500	0.40325451	0.83762407	0.17795311	0.40256605	0.45541692	0.12651084	0.32617036	0.09512554	0.40055609	0.40323693	0.83805990	0.40611312	0.41349235	0.45910338	0.45214698	0.33179411	0.08580951
477	0.21041664	0.40320027	0.83761448	0.17804849	0.40247056	0.45541966	0.12650383	0.32617205	0.09512116	0.40063027	0.40341258	0.83809727	0.40612164	0.41353256	0.45909166	0.45216393	0.33179626	0.08583376
478	0.21041198	0.40323883	0.83763123	0.17802221	0.40248191	0.45546374	0.12650341	0.32617593	0.09514396	0.40059200	0.40346715	0.83807015	0.40601128	0.41339007	0.45920444	0.45215973	0.33180723	0.08585031
479	0.21051419	0.40308085	0.83764052	0.17801516	0.40245238	0.45548576	0.12650573	0.32617268	0.09513564	0.40060022	0.40355343	0.83809876	0.40604183	0.41344771	0.45920545	0.45216575	0.33181566	0.08585668
480	0.21039502	0.40313166	0.83769774	0.17796461	0.40249661	0.45549396	0.12649857	0.32617581	0.09514667	0.40061283	0.40368369	0.83808637	0.40604052	0.41356155	0.45918581	0.45217088	0.33181974	0.08587187
481	0.21048249	0.40300637	0.83769292	0.17802262	0.40245581	0.45551601	0.12650847	0.32617930	0.09515479	0.40059790	0.40369976	0.83808947	0.40600249	0.41357124	0.45919237	0.45217797	0.33183908	0.08587654
482	0.21055691	0.40297064	0.83769125	0.17803694	0.40241379	0.45554075	0.12649712	0.32618457	0.09515990	0.40057519	0.40385109	0.83807707	0.40602142	0.41367051	0.45920298	0.45218265	0.33183914	0.08589108
483	0.21058226	0.40282512	0.83772552	0.17803822	0.40239653	0.45556429	0.12649199	0.32621750	0.09516884	0.40061352	0.40406069	0.83807808	0.40606526	0.41392240	0.45907414	0.45218354	0.33186278	0.08590726
484	0.21070777	0.40276945	0.83768755	0.17804155	0.40242282	0.45557573	0.12648559	0.32622755	0.09518077	0.40059367	0.40406749	0.83808541	0.40600181	0.41376904	0.45920879	0.45219222	0.33188343	0.08590874
485	0.21065845	0.40273222	0.83771783	0.17806751	0.40240574	0.45558450	0.12649022	0.32624325	0.09518550	0.40021119	0.40185621	0.83804089	0.40607262	0.41390011	0.45920700	0.45218718	0.33190480	0.08591598
486	0.21071629	0.40262005	0.83773184	0.17807648	0.40238756	0.45560762	0.12649500	0.32625663	0.09518827	0.40028018	0.40193498	0.83807182	0.40611067	0.41419289	0.45904836	0.45218310	0.33192223	0.08592337
487	0.21076319	0.40267244	0.83774763	0.17803337	0.40242273	0.45563993	0.12648320	0.32627144	0.09520282	0.40030941	0.40201175	0.83806336	0.40611520	0.41426831	0.45904547	0.45219707	0.33194351	0.08593734
488	0.21079879	0.40253410	0.83776796	0.17801903	0.40242481	0.45565465	0.12649463	0.32626739	0.09519698	0.40031013	0.40204769	0.83804756	0.40613902	0.41432768	0.45907772	0.45219207	0.33194864	0.08593014
489	0.21078894	0.40254673	0.83777899	0.17810518	0.40243167	0.45563439	0.12650374	0.32628223	0.09521710	0.40037024	0.40203616	0.83807111	0.40612668	0.41437715	0.45906010	0.45219433	0.33196384	0.08594275
490	0.21081726	0.40250933	0.83779961	0.17806393	0.40244326	0.45566142	0.12650096	0.32628664	0.09523831	0.40035295	0.40198728	0.83807331	0.40615231	0.41449878	0.45904303	0.45219234	0.33196834	0.08595320
491	0.21092132	0.40240604	0.83779496	0.17809787	0.40241432	0.45569301	0.12649849	0.32630259	0.09524334	0.40040669	0.40222275	0.83804679	0.40616265	0.41458005	0.45906574	0.45219678	0.33197868	0.08596759
492	0.21088980	0.40240517	0.83781296	0.17811413	0.40239993	0.45570385	0.12649255	0.32630396	0.09523986	0.40036434	0.40216586	0.83805317	0.40618479	0.41464692	0.45907605	0.45219401	0.33199045	0.08596510
493	0.21090509	0.40238678	0.83781618	0.17810160	0.40243506	0.45570952	0.12649752	0.32632494	0.09525193	0.40048534	0.40225521	0.83809710	0.40618217	0.41469941	0.45908311	0.45219991	0.33200672	0.08599746
494	0.21097909	0.40233040	0.83780867	0.17817666	0.40242293	0.45570511	0.12649122	0.32633266	0.09525252	0.40047103	0.40236899	0.83806217	0.40614933	0.41478339	0.45903519	0.45219779	0.33202621	0.08599352
495	0.21099325	0.40227205	0.83782196	0.17819427	0.40244198	0.45571479	0.12651089	0.32635692	0.09525846	0.40054601	0.40229550	0.83808959	0.40615797	0.41484147	0.45902991	0.45219922	0.33203480	0.08600213
496	0.21102145	0.40215161	0.83783430	0.17817302	0.40247998	0.45574576	0.12652019	0.32637373	0.09526728	0.40063211	0.40230879	0.83811963	0.40619165	0.41491231	0.45906028	0.45221239	0.33204433	0.08602460
497	0.21102343	0.40226266	0.83784765	0.17816308	0.40253544	0.45575216	0.12650916	0.32639045	0.09526508	0.40064129	0.40244016	0.83811307	0.40617651	0.41498634	0.45903730	0.45221820	0.33206698	0.08602539
498	0.21108384	0.40219453	0.83784443	0.17811696	0.40256482	0.45579684	0.12650549	0.32641348	0.09528042	0.40066868	0.40228638	0.83811706	0.40620875	0.41508764	0.45903328	0.45222241	0.33208349	0.08603764
499	0.21111119	0.40224251	0.83784932	0.17813469	0.40256685	0.45581225	0.12652948	0.32643497	0.09529673	0.40081263	0.40225500	0.83817798	0.40626237	0.41512293	0.45906729	0.45221916	0.33210105	0.08605158
500	0.21118875	0.40220726	0.83783931	0.17812684	0.40256372	0.45584393	0.12652598	0.32644626	0.09530065	0.40079018	0.40220109	0.83814722	0.40622628	0.41514778	0.45906499	0.45221344	0.33210215	0.08607240
501	0.21128426	0.40204644	0.83784831	0.17814478	0.40259346	0.45584136	0.12653144	0.32645389	0.09529996	0.40089405	0.40158138	0.83819318	0.40620318	0.41517225	0.45908174	0.45223749	0.33211157	0.08608515
502	0.21119665	0.40213370	0.83788359	0.17816894	0.40262890	0.45584124	0.12653060	0.32646298	0.09531239	0.40089437	0.40150452	0.83820504	0.40624166	0.41520640	0.45913401	0.45224512	0.33212769	0.08610380
503	0.21125074	0.40215003	0.83788663	0.17814454	0.40261823	0.45587215	0.12654844	0.32648697	0.09532614	0.40087917	0.40162897	0.83821154	0.40632519	0.41532353	0.45912990	0.45224562	0.33213615	0.08610728
504	0.21123730	0.40208074	0.83790040	0.17817922	0.40258527	0.45590198	0.12654077	0.32649097	0.09532192	0.40086812	0.40154579	0.83821809	0.40631753	0.41541952	0.45910680	0.45224547	0.33215806	0.08612497
505	0.21134043	0.40197861	0.83789885	0.17810003	0.40275007	0.45588681	0.12654498	0.32651013	0.09532099	0.40095949	0.40170732	0.83826041	0.40630797	0.41543674	0.45909986	0.45225620	0.33217099	0.08614481
506	0.21136956	0.40204111	0.83789819	0.17809857	0.40272331	0.45592880	0.12653743	0.32653007	0.09532807	0.40095645	0.40165538	0.83822459	0.40635833	0.41550386	0.45912805	0.45227152	0.33220187	0.08615020
507	0.21137744	0.40202007	0.83792120	0.17809397	0.40272924	0.45596421	0.12653239	0.32655779	0.09533913	0.40099394	0.40162638	0.83825296	0.40636441	0.41549808	0.45915490	0.45227155	0.33221138	0.08615834
508	0.21144050	0.40198565	0.83792305	0.17815806	0.40272489	0.45594999	0.12653284	0.32658532	0.09534685	0.40101442	0.40177873	0.83825833	0.40633664	0.41557097	0.45911077	0.45227253	0.33223408	0.08616956
509	0.21158692	0.40205187	0.83788878	0.17804703	0.40275007	0.45601851	0.12654263	0.32659084	0.09536654	0.40104991	0.40179065	0.83829021	0.40645143	0.41575348	0.45912844	0.45228329	0.33225465	0.08618116
510	0.21159880	0.40207827	0.83789748	0.17805071	0.40280643	0.45600945	0.12653978	0.32660997	0.09536905	0.40113908	0.40175030	0.83829236	0.40643886	0.41575447	0.45912126	0.45228216	0.33227104	0.08619040
511	0.21168385	0.40202254	0.83791459	0.17806609	0.40277955	0.45604575	0.12653159	0.32661980	0.09538268	0.40111998	0.40177575	0.83830899	0.40647975	0.41578311	0.45915103	0.45229679	0.33227849	0.08622402
512	0.21185574	0.40200961	0.83787364	0.17807861	0.40282249	0.45603415	0.12653241	0.32662687	0.09538703	0.40105212	0.40166742	0.83830309	0.40645823	0.41584080	0.45913649	0.45227808	0.33229581	0.08622556
513	0.21183248	0.40201533	0.83791274	0.17811516	0.40280563	0.45607021	0.12653247	0.32663742	0.09541231	0.40114123	0.40173453	0.83835322	0.40648070	0.41592142	0.45912597	0.45229620	0.33229792	0.08625240
514	0.21186398	0.40195581	0.83793348	0.17812577	0.40275788	0.45610657	0.12655549	0.32665324	0.09541585	0.40129706	0.40192178	0.83834708	0.40647164	0.41595352	0.45913756	0.45229623	0.33232290	0.08625808
515	0.21191391	0.40198278	0.83793110	0.17812686	0.40276039	0.45612916	0.12654677	0.32667014	0.09541652	0.40119359	0.40165862	0.83836132	0.40649676	0.41603148	0.45912191	0.45230079	0.33232737	0.08627839
516	0.21199615	0.40197644	0.83791745	0.17809825	0.40274197	0.45617595	0.12653933	0.32668564	0.09543116	0.40135625	0.40190858	0.83837092	0.40653914	0.41605091	0.45916817	0.45230442	0.33235395	0.08629953
517	0.21198471	0.40197828	0.83792734	0.17815048	0.40276074	0.45615175	0.12653732	0.32670078	0.09543971	0.40142837	0.40183187	0.83841521	0.40653712	0.41606131	0.45918700	0.45230058	0.33236554	0.08630396
518	0.21192914	0.40205097	0.83795553	0.17809780	0.40275869	0.45619598	0.12653376	0.32672629	0.09544267	0.40144759	0.40197068	0.83843923	0.40657312	0.41611788	0.45919043	0.45231548	0.33239841	0.08631320
519	0.21198367	0.40206215	0.83795363	0.17811683	0.40276709	0.45620874	0.12653732	0.32673576	0.09545550	0.40139353	0.40182155	0.83845234	0.40651998	0.41614133	0.45916876	0.45232773	0.33241147	0.08632599
520	0.21211363	0.40199569	0.83793509	0.17815045	0.40276980	0.45621312	0.12653539	0.32673785	0.09546462	0.40151790	0.40207148	0.83845955	0.40656930	0.41612440	0.45922703	0.45232785	0.33242372	0.08633713
521	0.21208835	0.40203276	0.83794749	0.17813300	0.40280163	0.45620671	0.12654839	0.32675093	0.09545955	0.40154973	0.40194559	0.83849621	0.40663636	0.41628417	0.45918998	0.45233259	0.33243737	0.08634989
522	0.21217330	0.40196320	0.83795255	0.17816880	0.40273499	0.45623282	0.12656827	0.32674381	0.09546940	0.40143338	0.40202782	0.83847219	0.40661156	0.41617402	0.45925567	0.45234349	0.33245015	0.08635267
523	0.21221088	0.40195012	0.83794713	0.17816354	0.40278450	0.45621502	0.12655702	0.32674974	0.09546404	0.40160996	0.40223956	0.83850074	0.40667340	0.41628447	0.45922440	0.45234793	0.33244574	0.08637044
524	0.21229194	0.40191352	0.83791333	0.17813496	0.40274474	0.45625731	0.12656595	0.32674387	0.09546316	0.40163693	0.40228313	0.83848900	0.40670899	0.41629878	0.45924994	0.45235702	0.33245599	0.08637497
525	0.21231940	0.40195552	0.83790010	0.17814657	0.40274620	0.45624331	0.12655401	0.32673711	0.09546270	0.40154174	0.40223002	0.83849853	0.40667191	0.41625303	0.45925340	0.45235264	0.33246708	0.08639663
526	0.21235140	0.40194914	0.83788443	0.17821883	0.40272051	0.45622113	0.12655494	0.32674453	0.09545630	0.40158683	0.40211862	0.83856219	0.40662733	0.41608775	0.45939386	0.45236531	0.33246508	0.08639788
527	0.21236663	0.40201828	0.83785778	0.17824528	0.40270910	0.45620471	0.12653995	0.32674685	0.09544601	0.40169895	0.40213859	0.83854306	0.40662909	0.41607097	0.45938903	0.45236826	0.33246660	0.08640224
528	0.21240315	0.40207517	0.83785701	0.17823307	0.40269828	0.45620731	0.12653930	0.32674897	0.09544177	0.40171194	0.40219805	0.83855176	0.40678808	0.41630143	0.45929706	0.45236337	0.33247110	0.08641121
529	0.21242204	0.40195432	0.83784562	0.17827053	0.40272585	0.45617294	0.12653515	0.32673377	0.09544328	0.40162402	0.40212357	0.83855230	0.40678498	0.41631252	0.45930102	0.45235243	0.33248019	0.08640329
530	0.21237448	0.40196681	0.83785707	0.17820083	0.40273938	0.45618686	0.12654351	0.32674131	0.09543314	0.40165535	0.40210375	0.83859253	0.40677699	0.41627461	0.45932025	0.45237753	0.33247495	0.08641025
531	0.21249835	0.40205953	0.83781815	0.17825897	0.40273291	0.45616671	0.12653595	0.32672206	0.09542576	0.40162152	0.40204880	0.83857006	0.40686858	0.41630515	0.45933899	0.45236775	0.33247364	0.08641264
532	0.21242888	0.40202335	0.83783799	0.17830811	0.40270495	0.45614690	0.12652615	0.32672137	0.09542893	0.40175921	0.40215132	0.83858830	0.40686750	0.41631493	0.45931682	0.45237625	0.33247077	0.08641748
533	0.21250993	0.40198171	0.83780831	0.17827700	0.40268970	0.45615897	0.12653388	0.32672828	0.09542534	0.40166092	0.40197647	0.83856231	0.40689784	0.41629967	0.45932963	0.45238224	0.33247021	0.08642320
534	0.21257244	0.40202805	0.83778447	0.17833684	0.40263653	0.45617250	0.12653302	0.32671410	0.09541807	0.40173444	0.40201291	0.83857650	0.40692365	0.41633102	0.45932499	0.45238188	0.33247337	0.08641507
535	0.21248969	0.40200451	0.83781767	0.17835413	0.40265265	0.45614809	0.12654826	0.32670048	0.09542032	0.40196925	0.40217200	0.83861059	0.40693411	0.41625977	0.45934436	0.45238295	0.33246285	0.08642320
536	0.21264003	0.40194094	0.83776468	0.17837955	0.40265691	0.45611349	0.12653615	0.32670185	0.09540641	0.40189549	0.40210739	0.83862346	0.40697137	0.41629890	0.45934337	0.45238996	0.33246294	0.08642655
537	0.21256906	0.40196374	0.83778578	0.17836152	0.40267488	0.45611760	0.12653196	0.32669699	0.09540106	0.40180707	0.40199658	0.83858454	0.40697074	0.41622767	0.45936260	0.45239189	0.33245978	0.08642349
538	0.21258968	0.40194535	0.83777618	0.17839734	0.40261382	0.45612851	0.12654757	0.32668573	0.09539533	0.40181917	0.40294155	0.83854729	0.40696445	0.41615972	0.45937949	0.45240363	0.33246383	0.08640859
539	0.21255523	0.40200746	0.83777887	0.17835458	0.40271252	0.45610243	0.12653057	0.32669842	0.09539110	0.40179130	0.40305969	0.83857334	0.40700784	0.41618299	0.45937073	0.45239300	0.33246785	0.08641360
540	0.21259746	0.40198776	0.83775336	0.17842723	0.40263727	0.45609543	0.12653351	0.32670000	0.09538177	0.40185833	0.40310144	0.83859676	0.40702960	0.41615829	0.45938864	0.45239815	0.33246642	0.08640986
541	0.21258505	0.40192169	0.83777386	0.17838846	0.40269929	0.45608720	0.12654100	0.32669300	0.09537549	0.40174055	0.40303272	0.83859569	0.40709510	0.41611061	0.45942906	0.45240003	0.33246836	0.08640993
542	0.21261905	0.40198144	0.83775616	0.17843272	0.40264308	0.45608181	0.12653741	0.32670033	0.09537323	0.40182903	0.40313929	0.83857816	0.40710282	0.41611513	0.45938569	0.45239633	0.33245972	0.08640141
543	0.21262535	0.40195000	0.83773917	0.17849495	0.40265203	0.45603457	0.12655382	0.32669094	0.09538264	0.40177000	0.40305647	0.83860105	0.40708768	0.41596484	0.45946729	0.45240563	0.33245242	0.08639617
544	0.21273193	0.40200749	0.83770418	0.17849191	0.40262663	0.45604679	0.12655096	0.32667729	0.09538506	0.40176579	0.40292889	0.83859938	0.40712222	0.41599977	0.45941877	0.45240811	0.33243269	0.08639241
545	0.21266693	0.40195203	0.83773452	0.17848364	0.40264818	0.45604283	0.12654835	0.32667571	0.09537896	0.40177974	0.40307420	0.83860850	0.40715176	0.41597444	0.45941910	0.45241114	0.33242592	0.08638919
546	0.21271807	0.40189335	0.83771920	0.17845507	0.40270573	0.45601356	0.12656161	0.32666102	0.09537449	0.40180397	0.40307793	0.83862406	0.40716347	0.41591269	0.45944321	0.45241246	0.33240533	0.08639082
547	0.21270841	0.40187564	0.83772016	0.17856324	0.40261725	0.45600736	0.12656116	0.32666212	0.09537855	0.40182158	0.40306780	0.83861524	0.40720090	0.41582873	0.45946839	0.45241565	0.33239818	0.08638155
548	0.21276844	0.40175501	0.83770746	0.17854239	0.40267220	0.45598495	0.12654296	0.32665914	0.09537287	0.40184873	0.40287903	0.83861631	0.40717807	0.41574532	0.45946357	0.45240748	0.33240986	0.08637943
549	0.21275674	0.40183851	0.83770102	0.17857476	0.40266201	0.45596120	0.12654705	0.32667217	0.09537157	0.40172008	0.40277329	0.83860773	0.40719759	0.41571531	0.45948887	0.45241493	0.33238286	0.08638009
550	0.21278182	0.40188509	0.83767629	0.17854388	0.40271723	0.45595083	0.12654707	0.32667249	0.09536017	0.40181738	0.40279806	0.83861572	0.40726405	0.41563970	0.45952702	0.45241085	0.33239159	0.08636520
551	0.21278214	0.40189600	0.83766472	0.17854613	0.40272227	0.45595038	0.12656064	0.32667279	0.09535765	0.40174299	0.40257978	0.83861452	0.40725866	0.41561073	0.45950460	0.45241821	0.33238113	0.08635095
552	0.21278784	0.40183735	0.83767068	0.17861524	0.40270552	0.45592630	0.12655927	0.32667473	0.09535263	0.40183342	0.40266994	0.83861154	0.40729466	0.41563210	0.45948327	0.45242858	0.33238775	0.08634271
553	0.21288252	0.40174323	0.83765501	0.17856477	0.40270692	0.45595205	0.12655933	0.32668260	0.09535698	0.40188971	0.40269187	0.83863378	0.40726325	0.41551885	0.45950255	0.45242628	0.33238116	0.08634821
554	0.21286982	0.40188503	0.83764195	0.17862439	0.40266895	0.45595253	0.12655851	0.32667327	0.09535003	0.40189326	0.40265954	0.83863539	0.40725768	0.41541713	0.45952857	0.45241600	0.33237490	0.08633234
555	0.21281260	0.40173876	0.83769500	0.17859721	0.40271267	0.45592725	0.12656058	0.32667434	0.09536156	0.40190643	0.40262640	0.83863688	0.40728939	0.41533521	0.45957270	0.45243040	0.33236405	0.08634269
556	0.21291278	0.40175387	0.83765376	0.17865838	0.40267250	0.45594198	0.12656069	0.32665938	0.09537063	0.40194178	0.40250489	0.83866459	0.40729257	0.41537288	0.45951515	0.45243174	0.33234802	0.08634730
557	0.21288034	0.40175712	0.83766466	0.17863330	0.40268627	0.45593858	0.12656255	0.32665071	0.09537143	0.40194285	0.40256929	0.83865631	0.40730110	0.41530362	0.45952582	0.45242873	0.33234251	0.08633814
558	0.21286620	0.40160608	0.83767903	0.17865179	0.40266791	0.45594397	0.12657376	0.32664126	0.09537140	0.40204093	0.40250289	0.83867401	0.40735674	0.41523319	0.45957181	0.45243168	0.33233845	0.08634972
559	0.21290886	0.40166181	0.83766878	0.17860225	0.40269607	0.45594430	0.12656671	0.32664889	0.09537265	0.40208173	0.40248793	0.83868629	0.40735286	0.41517732	0.45957729	0.45243880	0.33233434	0.08634666
560	0.21299207	0.40157896	0.83766699	0.17862847	0.40270329	0.45593920	0.12655203	0.32664961	0.09536978	0.40204969	0.40232530	0.83869237	0.40735394	0.41511181	0.45961389	0.45243436	0.33234057	0.08633803
561	0.21298464	0.40160954	0.83765489	0.17871170	0.40261781	0.45594004	0.12654966	0.32665336	0.09537673	0.40202445	0.40232199	0.83867204	0.40735897	0.41497156	0.45966277	0.45243937	0.33233243	0.08633718
562	0.21302399	0.40159440	0.83764791	0.17861737	0.40266371	0.45597151	0.12653737	0.32666114	0.09537355	0.40209457	0.40217778	0.83868140	0.40734717	0.41495210	0.45965007	0.45245516	0.33233109	0.08634304
563	0.21309790	0.40143675	0.83764988	0.17875218	0.40258247	0.45594135	0.12653916	0.32665926	0.09538671	0.40213528	0.40215945	0.83867347	0.40735722	0.41492406	0.45963576	0.45244840	0.33232957	0.08632775
564	0.21311855	0.40136725	0.83765185	0.17870955	0.40255332	0.45596647	0.12653141	0.32664356	0.09539451	0.40219143	0.40203220	0.83870214	0.40739295	0.41492859	0.45962968	0.45245051	0.33231694	0.08632661
565	0.21315229	0.40136233	0.83765155	0.17874080	0.40248966	0.45597157	0.12652181	0.32663175	0.09538972	0.40221095	0.40197143	0.83869827	0.40746292	0.41489640	0.45963171	0.45245957	0.33230311	0.08633514
566	0.21313983	0.40137106	0.83766007	0.17878151	0.40249136	0.45594338	0.12653407	0.32662421	0.09538868	0.40219402	0.40204692	0.83869827	0.40742600	0.41479653	0.45966107	0.45245373	0.33229944	0.08632781
567	0.21315394	0.40133658	0.83766067	0.17880668	0.40238157	0.45597747	0.12652069	0.32660705	0.09537108	0.40223008	0.40190843	0.83868951	0.40748692	0.41479784	0.45967308	0.45246872	0.33228248	0.08631552
568	0.21318527	0.40123215	0.83765101	0.17891738	0.40231717	0.45593077	0.12653378	0.32659394	0.09536420	0.40220994	0.40180361	0.83867931	0.40749285	0.41460866	0.45974824	0.45245329	0.33228669	0.08630920
569	0.21325660	0.40112555	0.83763796	0.17895465	0.40227208	0.45591640	0.12653090	0.32656920	0.09536658	0.40226471	0.40163910	0.83871281	0.40745378	0.41458151	0.45970699	0.45246097	0.33226100	0.08630902
570	0.21332738	0.40114295	0.83759826	0.17899914	0.40217915	0.45592588	0.12655069	0.32654527	0.09535489	0.40228790	0.40158692	0.83868903	0.40750545	0.41458452	0.45968124	0.45246178	0.33224463	0.08630928
571	0.21325988	0.40119645	0.83759624	0.17903200	0.40210837	0.45593211	0.12654802	0.32653093	0.09533980	0.40224820	0.40155676	0.83866072	0.40750968	0.41452238	0.45969895	0.45245069	0.33225557	0.08629170
572	0.21331105	0.40118313	0.83756685	0.17903312	0.40209886	0.45591944	0.12655778	0.32653067	0.09533518	0.40242463	0.40150180	0.83870387	0.40754452	0.41451609	0.45965168	0.45246056	0.33224407	0.08628006
573	0.21328600	0.40101653	0.83760345	0.17899396	0.40206501	0.45592159	0.12655140	0.32653490	0.09531742	0.40241581	0.40153268	0.83867961	0.40759256	0.41450316	0.45966485	0.45245591	0.33224177	0.08627612
574	0.21331249	0.40105906	0.83757079	0.17902456	0.40202579	0.45592853	0.12657115	0.32652476	0.09530670	0.40242392	0.40136901	0.83867782	0.40760806	0.41435286	0.45970401	0.45246935	0.33223811	0.08626198
575	0.21328190	0.40112078	0.83757830	0.17912805	0.40190658	0.45592406	0.12657128	0.32650736	0.09528428	0.40236512	0.40121531	0.83864158	0.40760416	0.41429558	0.45970485	0.45246992	0.33222377	0.08625442
576	0.21333463	0.40107855	0.83755749	0.17914100	0.40186438	0.45591113	0.12657686	0.32650095	0.09529695	0.40241337	0.40122890	0.83865541	0.40762728	0.41427824	0.45968321	0.45245987	0.33221596	0.08626097
577	0.21338087	0.40096745	0.83755487	0.17913510	0.40183645	0.45592561	0.12657958	0.32648131	0.09527697	0.40238917	0.40107331	0.83864880	0.40762532	0.41417584	0.45969003	0.45246473	0.33220634	0.08624786
578	0.21341473	0.40090182	0.83754683	0.17920859	0.40179881	0.45587093	0.12659621	0.32646480	0.09526428	0.40245602	0.40105018	0.83867151	0.40765476	0.41413528	0.45967928	0.45246902	0.33216056	0.08624149
579	0.21344636	0.40082476	0.83754736	0.17924476	0.40169689	0.45589280	0.12660649	0.32643411	0.09526294	0.40247542	0.40089473	0.83867872	0.40766913	0.41404000	0.45969704	0.45246381	0.33216551	0.08622859
580	0.21353820	0.40082854	0.83750719	0.17930296	0.40167281	0.45585993	0.12659660	0.32642987	0.09525140	0.40250832	0.40097308	0.83866286	0.40766120	0.41396049	0.45969546	0.45246243	0.33215177	0.08620787
581	0.21359198	0.40075248	0.83750194	0.17938611	0.40154943	0.45585179	0.12660292	0.32640457	0.09523082	0.40250722	0.40089446	0.83868629	0.40776035	0.41391686	0.45972884	0.45246717	0.33212423	0.08620510
582	0.21360089	0.40079516	0.83749133	0.17938675	0.40148294	0.45587227	0.12661622	0.32640272	0.09523312	0.40255088	0.40085885	0.83866990	0.40765941	0.41365191	0.45983812	0.45246449	0.33210894	0.08620421
583	0.21358274	0.40077296	0.83749986	0.17937693	0.40148219	0.45584199	0.12660043	0.32638818	0.09521466	0.40256420	0.40078411	0.83868307	0.40775704	0.41380197	0.45968539	0.45245752	0.33208805	0.08619425
584	0.21361956	0.40064716	0.83748353	0.17942186	0.40148938	0.45580414	0.12660529	0.32638571	0.09521569	0.40259731	0.40079823	0.83868253	0.40778288	0.41369215	0.45970267	0.45246890	0.33207786	0.08617508
585	0.21364668	0.40066475	0.83746475	0.17945074	0.40140408	0.45582804	0.12661652	0.32636613	0.09519424	0.40261418	0.40067753	0.83869392	0.40781504	0.41368264	0.45969263	0.45238310	0.33212757	0.08605483
586	0.21371390	0.40059811	0.83743531	0.17946719	0.40136522	0.45583087	0.12661867	0.32635108	0.09519412	0.40264425	0.40054533	0.83869231	0.40780547	0.41351563	0.45970732	0.45246524	0.33205763	0.08613888
587	0.21369837	0.40059155	0.83746088	0.17945905	0.40137950	0.45580900	0.12662309	0.32632899	0.09516818	0.40270159	0.40053788	0.83869916	0.40785903	0.41347650	0.45971632	0.45246419	0.33203810	0.08611208
588	0.21372373	0.40047798	0.83744067	0.17949741	0.40140793	0.45575470	0.12661687	0.32632187	0.09517189	0.40269208	0.40048075	0.83870065	0.40787253	0.41335618	0.45973265	0.45246798	0.33202586	0.08611097
589	0.21375816	0.40046206	0.83743566	0.17955542	0.40131584	0.45576870	0.12663908	0.32630616	0.09515706	0.40279862	0.40047780	0.83869880	0.40786138	0.41332042	0.45969734	0.45247480	0.33199617	0.08611163
590	0.21385007	0.40035790	0.83740586	0.17945251	0.40132630	0.45580998	0.12662584	0.32627985	0.09515499	0.40274230	0.40022478	0.83868051	0.40787360	0.41318879	0.45975026	0.45247546	0.33198005	0.08611005
591	0.21387932	0.40043789	0.83738518	0.17948197	0.40132377	0.45579645	0.12662829	0.32627565	0.09513766	0.40285859	0.40022454	0.83870238	0.40790662	0.41318655	0.45971289	0.45248863	0.33195978	0.08610071
592	0.21390095	0.40034148	0.83739257	0.17951536	0.40134370	0.45576265	0.12663783	0.32627070	0.09513952	0.40276366	0.40023178	0.83866060	0.40792885	0.41314587	0.45973724	0.45249435	0.33195931	0.08608735
593	0.21389921	0.40033966	0.83738178	0.17955554	0.40128142	0.45578215	0.12664862	0.32626724	0.09513202	0.40277800	0.39996651	0.83868015	0.40790489	0.41308114	0.45972291	0.45249760	0.33195409	0.08609089
594	0.21395393	0.40021536	0.83737749	0.17954841	0.40136757	0.45574912	0.12663376	0.32627574	0.09512303	0.40280896	0.39994174	0.83868420	0.40795541	0.41308981	0.45972806	0.45249540	0.33196390	0.08606849
595	0.21395440	0.40030968	0.83736455	0.17952335	0.40134436	0.45577905	0.12663223	0.32629493	0.09513327	0.40286905	0.39999369	0.83867866	0.40795022	0.41301903	0.45974043	0.45251489	0.33195037	0.08607238
596	0.21400906	0.40021586	0.83734918	0.17950557	0.40136611	0.45578930	0.12663829	0.32629868	0.09513389	0.40287018	0.39981794	0.83868557	0.40790194	0.41301847	0.45969582	0.45240909	0.33202255	0.08597490
597	0.21406460	0.40005288	0.83735114	0.17962787	0.40131545	0.45576698	0.12664208	0.32630503	0.09514050	0.40291500	0.39973363	0.83868980	0.40791583	0.41292346	0.45975861	0.45252699	0.33195159	0.08607804
598	0.21406806	0.40004513	0.83735561	0.17962106	0.40135586	0.45577466	0.12664159	0.32631129	0.09514629	0.40291515	0.39974126	0.83866674	0.40795410	0.41294569	0.45971602	0.45251802	0.33196083	0.08607341
599	0.21404923	0.40007156	0.83736181	0.17956579	0.40137002	0.45577914	0.12663694	0.32631931	0.09514561	0.40300050	0.39973694	0.83868879	0.40797889	0.41294271	0.45974103	0.45251375	0.33195657	0.08606919
600	0.21403989	0.39996853	0.83738476	0.17958347	0.40135288	0.45579481	0.12663384	0.32630640	0.09515642	0.40299320	0.39957699	0.83868420	0.40796632	0.41287562	0.45976731	0.45250148	0.33196744	0.08606454