	C:\Users\jkuzm\OneDrive - University of Massachusetts\HRSL x UMILL-PUMA Fatigue - Fatigue\Data\F01\FR3_Metabolic1.c3d
	LTOE
	TARGET
	ORIGINAL
ITEM	Y
1	0.38824371
2	0.41304037
3	0.43842244
4	0.46385249
5	0.48967054
6	0.51550508
7	0.54150325
8	0.56757218
9	0.59356207
10	0.61982155
11	0.64586043
12	0.67069435
13	0.69646949
14	0.72217709
15	0.74661255
16	0.77044636
17	0.79330271
18	0.81494224
19	0.83527732
20	0.85416049
21	0.87128675
22	0.88694656
23	0.90055537
24	0.91234219
25	0.92188907
26	0.92915970
27	0.93422866
28	0.93728530
29	0.93861622
30	0.93836558
31	0.93653661
32	0.93314373
33	0.92820585
34	0.92160350
35	0.91346675
36	0.90413183
37	0.89364421
38	0.88327217
39	0.87186432
40	0.86050999
41	0.84461105
42	0.82689017
43	0.80835462
44	0.79161078
45	0.77641094
46	0.76100212
47	0.74520993
48	0.72953880
49	0.71290636
50	0.69632280
51	0.67898774
52	0.66163844
53	0.64367509
54	0.62563282
55	0.60733330
56	0.58864546
57	0.57029569
58	0.55207771
59	0.53362381
60	0.51400876
61	0.49557126
62	0.47712180
63	0.45934021
64	0.44122079
65	0.42189860
66	0.40322727
67	0.38515648
68	0.36719099
69	0.34899288
70	0.33084935
71	0.31286988
72	0.29487389
73	0.27690113
74	0.25905755
75	0.24146043
76	0.22399080
77	0.20657130
78	0.18939231
79	0.17256683
80	0.15601195
81	0.13991688
82	0.12423120
83	0.10898904
84	0.09444177
85	0.07950691
86	0.06551664
87	0.05257339
88	0.03913005
89	0.02336028
90	0.00910280
91	-0.00136429
92	-0.01061732
93	-0.01994135
94	-0.02846423
95	-0.03599511
96	-0.04307822
97	-0.04931846
98	-0.05469237
99	-0.05906805
100	-0.06231575
101	-0.06433523
102	-0.06489775
103	-0.06406972
104	-0.06181839
105	-0.05820226
106	-0.05343445
107	-0.04761659
108	-0.04071025
109	-0.03286012
110	-0.02392683
111	-0.01399315
112	-0.00307083
113	0.00874203
114	0.02137996
115	0.03498274
116	0.04943944
117	0.06492317
118	0.08130252
119	0.09852483
120	0.11652733
121	0.13528851
122	0.15455846
123	0.17448950
124	0.19522357
125	0.21638311
126	0.23832965
127	0.26053837
128	0.28343692
129	0.30701098
130	0.33114350
131	0.35556713
132	0.38096428
133	0.40620282
134	0.43192685
135	0.45827895
136	0.48438549
137	0.51042676
138	0.53671330
139	0.56284440
140	0.58920848
141	0.61560643
142	0.64239311
143	0.66874760
144	0.69486678
145	0.72032708
146	0.74545979
147	0.76992446
148	0.79350537
149	0.81594259
150	0.83720714
151	0.85719544
152	0.87570471
153	0.89239854
154	0.90730596
155	0.92043895
156	0.93164665
157	0.94011694
158	0.94665426
159	0.95117736
160	0.95396382
161	0.95493877
162	0.95436203
163	0.95188051
164	0.94781744
165	0.94221205
166	0.93544400
167	0.92795420
168	0.91837907
169	0.90729511
170	0.89191079
171	0.87415415
172	0.85590714
173	0.83979952
174	0.82458860
175	0.80980533
176	0.79463643
177	0.77911180
178	0.76323307
179	0.74622625
180	0.72811085
181	0.71144909
182	0.69380337
183	0.67588896
184	0.65791678
185	0.63950992
186	0.62118322
187	0.60249788
188	0.58418632
189	0.56587470
190	0.54729229
191	0.52837616
192	0.50994551
193	0.49139884
194	0.47288382
195	0.45461231
196	0.43707091
197	0.41878501
198	0.40028694
199	0.38212106
200	0.36395162
201	0.34594780
202	0.32789314
203	0.31004518
204	0.29237098
205	0.27486035
206	0.25752452
207	0.24001354
208	0.22290958
209	0.20620100
210	0.18978587
211	0.17397167
212	0.15872695
213	0.14416842
214	0.12988991
215	0.11550398
216	0.10258825
217	0.08834530
218	0.07293095
219	0.06012478
220	0.05002157
221	0.03993519
222	0.02945318
223	0.01954602
224	0.01018966
225	0.00119782
226	-0.00704254
227	-0.01426882
228	-0.02049505
229	-0.02549150
230	-0.02916307
231	-0.03153938
232	-0.03264376
233	-0.03260897
234	-0.03132869
235	-0.02905896
236	-0.02581134
237	-0.02162376
238	-0.01653289
239	-0.01050322
240	-0.00344239
241	0.00464020
242	0.01378920
243	0.02407468
244	0.03531699
245	0.04748943
246	0.06078664
247	0.07501189
248	0.09007876
249	0.10546280
250	0.12185366
251	0.13889569
252	0.15643808
253	0.17439179
254	0.19283634
255	0.21175529
256	0.23090497
257	0.25135803
258	0.27139926
259	0.29303175
260	0.31481090
261	0.33687913
262	0.36019823
263	0.38380551
264	0.40770987
265	0.43245059
266	0.45780218
267	0.48353851
268	0.50943345
269	0.53568512
270	0.56213659
271	0.58859569
272	0.61484432
273	0.64223915
274	0.66901290
275	0.69561857
276	0.72154599
277	0.74780846
278	0.77396452
279	0.79900885
280	0.82330966
281	0.84647733
282	0.86828601
283	0.88873398
284	0.90766418
285	0.92474890
286	0.94026393
287	0.95350236
288	0.96484101
289	0.97384894
290	0.98061490
291	0.98524046
292	0.98795587
293	0.98915100
294	0.98858309
295	0.98644322
296	0.98261422
297	0.97719538
298	0.97039378
299	0.96307194
300	0.95375901
301	0.94285935
302	0.93125439
303	0.91211873
304	0.89417922
305	0.87642127
306	0.86140049
307	0.84598792
308	0.83098716
309	0.81542778
310	0.79945576
311	0.78230244
312	0.76469028
313	0.74797601
314	0.73053050
315	0.71269518
316	0.69452977
317	0.67617923
318	0.65797794
319	0.63958544
320	0.62119681
321	0.60271913
322	0.58409029
323	0.56519008
324	0.54683077
325	0.52839506
326	0.50988084
327	0.49136382
328	0.47312814
329	0.45518512
330	0.43645456
331	0.41874123
332	0.40036878
333	0.38226441
334	0.36436373
335	0.34650746
336	0.32898775
337	0.31161097
338	0.29412463
339	0.27694184
340	0.26002976
341	0.24338423
342	0.22718078
343	0.21139085
344	0.19615437
345	0.18148889
346	0.16721974
347	0.15247856
348	0.13891298
349	0.12398165
350	0.10816822
351	0.09469148
352	0.08341017
353	0.07197034
354	0.06003658
355	0.04850760
356	0.03731421
357	0.02649860
358	0.01648374
359	0.00743177
360	-0.00022659
361	-0.00640441
362	-0.01116915
363	-0.01437493
364	-0.01617171
365	-0.01664722
366	-0.01590592
367	-0.01401847
368	-0.01103975
369	-0.00706178
370	-0.00224013
371	0.00344515
372	0.00996515
373	0.01735349
374	0.02569351
375	0.03487535
376	0.04497293
377	0.05602400
378	0.06800695
379	0.08088336
380	0.09474687
381	0.10946787
382	0.12499523
383	0.14119996
384	0.15789546
385	0.17497899
386	0.19248964
387	0.21043380
388	0.22882916
389	0.24780743
390	0.26762095
391	0.28799534
392	0.30899215
393	0.33064312
394	0.35275915
395	0.37599444
396	0.39953586
397	0.42342979
398	0.44844484
399	0.47355312
400	0.49895713
401	0.52429551
402	0.55008328
403	0.57616997
404	0.60233599
405	0.62850314
406	0.65516514
407	0.68161142
408	0.70787048
409	0.73358411
410	0.75941944
411	0.78503740
412	0.80912691
413	0.83290738
414	0.85561526
415	0.87722069
416	0.89758700
417	0.91665363
418	0.93426311
419	0.94995189
420	0.96369213
421	0.97571641
422	0.98569709
423	0.99314433
424	0.99865663
425	1.00226760
426	1.00430059
427	1.00455976
428	1.00326371
429	1.00033748
430	0.99593270
431	0.99000698
432	0.98287803
433	0.97480923
434	0.96583068
435	0.95515704
436	0.94321597
437	0.92506027
438	0.90685135
439	0.88941503
440	0.87324995
441	0.85814995
442	0.84319913
443	0.82780594
444	0.81209087
445	0.79529053
446	0.77799356
447	0.76050860
448	0.74286693
449	0.72480267
450	0.70648789
451	0.68813509
452	0.66993481
453	0.65145117
454	0.63345456
455	0.61449683
456	0.59601313
457	0.57682288
458	0.55842483
459	0.54050624
460	0.52141678
461	0.50289428
462	0.48473385
463	0.46647874
464	0.44872370
465	0.43038341
466	0.41197929
467	0.39398628
468	0.37599328
469	0.35820970
470	0.34054902
471	0.32316083
472	0.30559066
473	0.28838044
474	0.27141762
475	0.25485730
476	0.23861930
477	0.22288200
478	0.20757274
479	0.19296373
480	0.17865653
481	0.16406453
482	0.15104488
483	0.13686451
484	0.12094139
485	0.10692161
486	0.09598459
487	0.08535201
488	0.07432074
489	0.06371184
490	0.05378926
491	0.04413262
492	0.03518322
493	0.02710347
494	0.02013117
495	0.01441326
496	0.01012155
497	0.00723138
498	0.00573485
499	0.00554309
500	0.00653529
501	0.00878706
502	0.01211654
503	0.01639491
504	0.02159141
505	0.02769890
506	0.03476039
507	0.04275943
508	0.05167223
509	0.06151389
510	0.07232264
511	0.08405149
512	0.09682550
513	0.11054752
514	0.12506731
515	0.14041981
516	0.15666638
517	0.17350270
518	0.19092132
519	0.20879820
520	0.22703649
521	0.24561310
522	0.26471245
523	0.28492519
524	0.30510208
525	0.32524166
526	0.34737474
527	0.36903501
528	0.39148682
529	0.41464907
530	0.43805712
531	0.46262291
532	0.48756155
533	0.51238954
534	0.53777921
535	0.56345469
536	0.58936077
537	0.61525643
538	0.64146692
539	0.66764218
540	0.69403315
541	0.71959633
542	0.74577624
543	0.77191550
544	0.79776049
545	0.82339615
546	0.84767032
547	0.87117004
548	0.89348549
549	0.91444165
550	0.93404365
551	0.95213717
552	0.96827227
553	0.98274982
554	0.99491972
555	1.00508571
556	1.01293778
557	1.01877737
558	1.02264369
559	1.02475214
560	1.02526689
561	1.02406120
562	1.02128351
563	1.01689744
564	1.01105583
565	1.00392067
566	0.99598980
567	0.98692310
568	0.97659123
569	0.96542531
570	0.94736731
571	0.92961484
572	0.91194028
573	0.89608455
574	0.88100469
575	0.86617625
576	0.85068244
577	0.83486551
578	0.81814528
579	0.80092627
580	0.78351909
581	0.76590747
582	0.74791354
583	0.72969675
584	0.71136421
585	0.69296366
586	0.67468488
587	0.65618235
588	0.63765585
589	0.61903512
590	0.60027629
591	0.58149487
592	0.56304079
593	0.54445988
594	0.52592683
595	0.50740474
596	0.48967665
597	0.47140697
598	0.45359251
599	0.43528575
600	0.41697231
601	0.39929539
602	0.38150653
603	0.36387399
604	0.34639531
605	0.32890376
606	0.31176883
607	0.29486710
608	0.27830419
609	0.26202372
610	0.24630575
611	0.23106606
612	0.21641377
613	0.20228313
614	0.18766487
615	0.17438033
616	0.16008832
617	0.14431697
618	0.13038220
619	0.11933941
620	0.10849294
621	0.09730005
622	0.08667374
623	0.07660586
624	0.06690999
625	0.05794930
626	0.04990904
627	0.04280231
628	0.03686413
629	0.03212333
630	0.02863420
631	0.02643755
632	0.02537153
633	0.02550577
634	0.02668326
635	0.02900917
636	0.03236025
637	0.03669076
638	0.04194218
639	0.04812155
640	0.05538187
641	0.06359934
642	0.07277211
643	0.08284713
644	0.09379063
645	0.10571659
646	0.11846316
647	0.13206792
648	0.14647706
649	0.16167152
650	0.17773280
651	0.19432208
652	0.21144660
653	0.22900207
654	0.24700244
655	0.26551628
656	0.28509283
657	0.30467796
658	0.32495731
659	0.34587115
660	0.36719286
661	0.38934466
662	0.41207808
663	0.43529376
664	0.45652944
665	0.47967571
666	0.50862312
667	0.53361362
668	0.55905575
669	0.58457714
670	0.61016923
671	0.63614267
672	0.66204411
673	0.68803835
674	0.71384561
675	0.73929107
676	0.76507193
677	0.79056168
678	0.81589389
679	0.83999699
680	0.86316347
681	0.88511723
682	0.90574735
683	0.92493677
684	0.94219476
685	0.95802456
686	0.97191882
687	0.98345780
688	0.99305409
689	1.00055659
690	1.00553775
691	1.00872087
692	1.01012051
693	1.00985956
694	1.00815058
695	1.00460303
696	0.99947774
697	0.99286926
698	0.98503745
699	0.97636163
700	0.96690208
701	0.95579809
702	0.94391239
703	0.92469501
704	0.90702820
705	0.88913208
706	0.87346131
707	0.85780138
708	0.84251589
709	0.82685578
710	0.81050807
711	0.79411447
712	0.77695733
713	0.75950617
714	0.74168950
715	0.72360671
716	0.70528483
717	0.68697876
718	0.66880065
719	0.65080804
720	0.63228756
721	0.61230266
722	0.59387702
723	0.57545638
724	0.55711931
725	0.53869766
726	0.52024418
727	0.50189233
728	0.48355329
729	0.46516949
730	0.44738200
731	0.42874807
732	0.41066986
733	0.39273542
734	0.37479839
735	0.35710722
736	0.33947128
737	0.32178560
738	0.30456519
739	0.28733575
740	0.27031094
741	0.25374344
742	0.23756503
743	0.22179745
744	0.20651414
745	0.19177262
746	0.17726332
747	0.16232002
748	0.14868884
749	0.13380879
750	0.11723142
751	0.10245110
752	0.09079134
753	0.07975253
754	0.06860118
755	0.05808431
756	0.04827250
757	0.03878483
758	0.02989943
759	0.02188851
760	0.01488692
761	0.00883572
762	0.00402423
763	0.00045037
764	-0.00172247
765	-0.00259597
766	-0.00224396
767	-0.00069808
768	0.00202827
769	0.00572084
770	0.01043866
771	0.01612765
772	0.02268345
773	0.03022533
774	0.03870887
775	0.04800882
776	0.05826827
777	0.06934948
778	0.08131596
779	0.09419122
780	0.10811605
781	0.12302236
782	0.13889098
783	0.15554693
784	0.17280237
785	0.19064364
786	0.20892477
787	0.22772200
788	0.24704061
789	0.26729348
790	0.28713244
791	0.30872360
792	0.33040515
793	0.35253042
794	0.37546718
795	0.39907283
796	0.42317268
797	0.44784659
798	0.47294435
799	0.49872860
800	0.52376688
801	0.54953909
802	0.57549351
803	0.60161138
804	0.62777805
805	0.65430188
806	0.68068182
807	0.70694268
808	0.73242199
809	0.75823683
810	0.78392833
811	0.80832571
812	0.83188045
813	0.85420191
814	0.87523329
815	0.89483488
816	0.91290367
817	0.92906445
818	0.94365185
819	0.95607013
820	0.96661055
821	0.97498864
822	0.98123789
823	0.98553813
824	0.98790139
825	0.98851639
826	0.98745310
827	0.98463202
828	0.98024505
829	0.97433639
830	0.96710026
831	0.95866609
832	0.94957888
833	0.93931246
834	0.92753285
835	0.91480857
836	0.89634597
837	0.87915915
838	0.86210340
839	0.84602672
840	0.83078343
841	0.81588244
842	0.80001694
843	0.78421342
844	0.76729506
845	0.75011218
846	0.73272026
847	0.71517855
848	0.69714361
849	0.67895347
850	0.66082174
851	0.64247519
852	0.62410587
853	0.60571647
854	0.58750206
855	0.56895494
856	0.54942876
857	0.53202766
858	0.51351053
859	0.49508771
860	0.47558317
861	0.45674860
862	0.43884644
863	0.42097795
864	0.40257129
865	0.38480744
866	0.36673021
867	0.34893081
868	0.33118543
869	0.31364691
870	0.29602847
871	0.27867475
872	0.26137108
873	0.24426803
874	0.22751810
875	0.21117650
876	0.19527127
877	0.17974797
878	0.16462167
879	0.14997564
880	0.13470986
881	0.12041035
882	0.10653398
883	0.09033781
884	0.07473658
885	0.06239748
886	0.05145304
887	0.04039196
888	0.02991299
889	0.02012317
890	0.01084768
891	0.00219862
892	-0.00555179
893	-0.01234624
894	-0.01808768
895	-0.02257855
896	-0.02591619
897	-0.02797569
898	-0.02887745
899	-0.02856013
900	-0.02719733
901	-0.02481701
902	-0.02141025
903	-0.01714187
904	-0.01188036
905	-0.00588719
906	0.00236777
907	0.00909364
908	0.01727906
909	0.02672729
910	0.03713106
911	0.04852737
912	0.06082430
913	0.07416398
914	0.08850959
915	0.10392938
916	0.12026132
917	0.13734014
918	0.15507846
919	0.17342207
920	0.19220139
921	0.21128438
922	0.23155247
923	0.25128987
924	0.27220285
925	0.29411486
926	0.31580046
927	0.33856329
928	0.36161667
929	0.38566941
930	0.40972012
931	0.43411198
932	0.45877647
933	0.47904679
934	0.50883311
935	0.53397518
936	0.55920333
937	0.58501613
938	0.61075145
939	0.63665444
940	0.66170108
941	0.68675506
942	0.71250689
943	0.73783517
944	0.76197493
945	0.78541958
946	0.80791938
947	0.82929087
948	0.84942573
949	0.86831754
950	0.88572782
951	0.90125412
952	0.91522378
953	0.92700678
954	0.93698567
955	0.94484973
956	0.95066100
957	0.95448607
958	0.95642900
959	0.95668238
960	0.95518249
961	0.95207238
962	0.94734031
963	0.94119471
964	0.93369526
965	0.92500806
966	0.91576147
967	0.90506303
968	0.89288676
969	0.87947387
970	0.86137366
971	0.84406644
972	0.82698894
973	0.81143045
974	0.79654622
975	0.78143811
976	0.76540905
977	0.74990684
978	0.73320097
979	0.71601170
980	0.69871676
981	0.68141073
982	0.66389662
983	0.64591926
984	0.62773091
985	0.60924405
986	0.59100914
987	0.57293242
988	0.55458349
989	0.53663015
990	0.51766175
991	0.49935776
992	0.48002365
993	0.46255705
994	0.44317198
995	0.42493811
996	0.40630281
997	0.38836175
998	0.37011501
999	0.35199377
1000	0.33399758
1001	0.31594911
1002	0.29800662
1003	0.28021452
1004	0.26244518
1005	0.24517334
1006	0.22783127
1007	0.21065380
1008	0.19386770
1009	0.17743523
1010	0.16135120
1011	0.14580919
1012	0.13069819
1013	0.11621320
1014	0.10130971
1015	0.08739775
1016	0.07416819
1017	0.05853293
1018	0.04292944
1019	0.03050058
1020	0.01975469
1021	0.00881628
1022	-0.00177062
1023	-0.01151590
1024	-0.02078845
1025	-0.02955006
1026	-0.03735825
1027	-0.04420032
1028	-0.04999593
1029	-0.05449183
1030	-0.05771910
1031	-0.05972024
1032	-0.06050572
1033	-0.06007751
1034	-0.05859262
1035	-0.05610670
1036	-0.05279503
1037	-0.04859524
1038	-0.04364038
1039	-0.03799764
1040	-0.03152606
1041	-0.02435005
1042	-0.01629530
1043	-0.00739080
1044	0.00238459
1045	0.01398464
1046	0.02501922
1047	0.03805466
1048	0.05229738
1049	0.06768837
1050	0.08394711
1051	0.10106361
1052	0.11879452
1053	0.13713212
1054	0.15594375
1055	0.17513791
1056	0.19500326
1057	0.21507628
1058	0.23570271
1059	0.25692707
1060	0.27867469
1061	0.30091050
1062	0.32376543
1063	0.34710905
1064	0.37044877
1065	0.39537328
1066	0.41983962
1067	0.44460210
1068	0.46956190
1069	0.49466398
1070	0.51985341
1071	0.54524964
1072	0.57091331
1073	0.59661943
1074	0.62230462
1075	0.64832443
1076	0.67385292
1077	0.69889534
1078	0.72330081
1079	0.74731582
1080	0.77052212
1081	0.79264992
1082	0.81355608
1083	0.83315784
1084	0.85134178
1085	0.86776084
1086	0.88274306
1087	0.89548504
1088	0.90632820
1089	0.91483092
1090	0.92111695
1091	0.92526329
1092	0.92743230
1093	0.92781752
1094	0.92655069
1095	0.92361271
1096	0.91905481
1097	0.91297698
1098	0.90585309
1099	0.89781386
1100	0.88649964
1101	0.87436575
1102	0.85739577
1103	0.83894193
1104	0.82092535
1105	0.80520701
1106	0.78976774
1107	0.77462536
1108	0.75948805
1109	0.74345100
1110	0.72753680
1111	0.71067417
1112	0.69341874
1113	0.67608666
1114	0.65857500
1115	0.64055026
1116	0.62245756
1117	0.60383993
1118	0.58554584
1119	0.56733656
1120	0.54893732
1121	0.53055859
1122	0.51268971
1123	0.49264744
1124	0.47431824
1125	0.45552593
1126	0.43711293
1127	0.41840592
1128	0.40081066
1129	0.38259169
1130	0.36460015
1131	0.34637564
1132	0.32823721
1133	0.31018651
1134	0.29229537
1135	0.27455258
1136	0.25702471
1137	0.23937009
1138	0.22207467
1139	0.20488009
1140	0.18789111
1141	0.17142108
1142	0.15538929
1143	0.13989058
1144	0.12467072
1145	0.10984492
1146	0.09531488
1147	0.08017008
1148	0.06651650
1149	0.05142983
1150	0.03491327
1151	0.02055498
1152	0.00885135
1153	-0.00245933
1154	-0.01355375
1155	-0.02371098
1156	-0.03321040
1157	-0.04212340
1158	-0.05015412
1159	-0.05720285
1160	-0.06319533
1161	-0.06798404
1162	-0.07145663
1163	-0.07352988
1164	-0.07420002
1165	-0.07348201
1166	-0.07153890
1167	-0.06850252
1168	-0.06443974
1169	-0.05961484
1170	-0.05390723
1171	-0.04755624
1172	-0.04029497
1173	-0.03236256
1174	-0.02359497
1175	-0.01393982
1176	-0.00324698
1177	0.00846046
1178	0.02119448
1179	0.03493496
1180	0.04972206
1181	0.06549002
1182	0.08218219
1183	0.09966667
1184	0.11767284
1185	0.13633448
1186	0.15561245
1187	0.17522848
1188	0.19591157
1189	0.21697403
1190	0.23837487
1191	0.26047707
1192	0.28295365
1193	0.30633536
1194	0.33009863
1195	0.35418767
1196	0.37886444
1197	0.40394256
1198	0.42930388
1199	0.45460823
1200	0.48051354
1201	0.50653440
1202	0.53260231
1203	0.55887562
1204	0.58513272
1205	0.61148149
1206	0.63765568
1207	0.66410828
1208	0.68949860
1209	0.71504319
1210	0.73986393
1211	0.76395327
1212	0.78711677
1213	0.80883777
1214	0.82939643
1215	0.84856743
1216	0.86623180
1217	0.88219285
1218	0.89566344
1219	0.90757531
1220	0.91734058
1221	0.92494011
1222	0.93042225
1223	0.93387336
1224	0.93561310
1225	0.93565494
1226	0.93399400
1227	0.93073130
1228	0.92592072
1229	0.91976392
1230	0.91261321
1231	0.90496832
1232	0.89410061
1233	0.88322717
1234	0.86486042
1235	0.84806216
1236	0.82980585
1237	0.81355417
1238	0.79828244
1239	0.78323460
1240	0.76828468
1241	0.75246823
1242	0.73590726
1243	0.71877086
1244	0.70051605
1245	0.68464088
1246	0.66681314
1247	0.64859301
1248	0.63016868
1249	0.61099458
1250	0.59266752
1251	0.57438439
1252	0.55613315
1253	0.53742790
1254	0.51836801
1255	0.49991438
1256	0.48129863
1257	0.46286541
1258	0.44439188
1259	0.42607433
1260	0.40827593
1261	0.38975790
1262	0.37178731
1263	0.35354531
1264	0.33553723
1265	0.31749153
1266	0.29953682
1267	0.28176150
1268	0.26417595
1269	0.24653029
1270	0.22922885
1271	0.21204099
1272	0.19521119
1273	0.17859711
1274	0.16247351
1275	0.14697643
1276	0.13196453
1277	0.11758029
1278	0.10343982
1279	0.08911910
1280	0.07599467
1281	0.06111273
1282	0.04618821
1283	0.03432558
1284	0.02417619
1285	0.01391673
1286	0.00364867
1287	-0.00591466
1288	-0.01519707
1289	-0.02409244
1290	-0.03221240
1291	-0.03950770
1292	-0.04556761
1293	-0.05027238
1294	-0.05364722
1295	-0.05560236
1296	-0.05625611
1297	-0.05558277
1298	-0.05377549
1299	-0.05090358
1300	-0.04707134
1301	-0.04226296
1302	-0.03657826
1303	-0.02994053
1304	-0.02234108
1305	-0.01379030
1306	-0.00438488
1307	0.00607264
1308	0.01726500
1309	0.02933047
1310	0.04230645
1311	0.05624263
1312	0.07106597
1313	0.08660375
1314	0.10287369
1315	0.11984156
1316	0.13725942
1317	0.15516286
1318	0.17357282
1319	0.19305886
1320	0.21259812
1321	0.23222676
1322	0.25348184
1323	0.27485389
1324	0.29615992
1325	0.31861308
1326	0.34120509
1327	0.36505488
1328	0.38872704
1329	0.41311944
1330	0.43796504
1331	0.46322149
1332	0.48365062
1333	0.51404655
1334	0.53969854
1335	0.56543297
1336	0.59144157
1337	0.61728770
1338	0.64339006
1339	0.66804326
1340	0.69411540
1341	0.71950066
1342	0.74372613
1343	0.76738477
1344	0.78993213
1345	0.81128556
1346	0.83127767
1347	0.84986424
1348	0.86691618
1349	0.88209409
1350	0.89541721
1351	0.90703028
1352	0.91655046
1353	0.92392063
1354	0.92916363
1355	0.93256646
1356	0.93411994
1357	0.93397111
1358	0.93230742
1359	0.92922723
1360	0.92455214
1361	0.91838706
1362	0.91088384
1363	0.90217578
1364	0.89259863
1365	0.88260794
1366	0.87179482
1367	0.86049247
1368	0.84389830
1369	0.82728702
1370	0.80866200
1371	0.79219979
1372	0.77736533
1373	0.76227576
1374	0.74637800
1375	0.73056889
1376	0.71396768
1377	0.69683331
1378	0.67926872
1379	0.66175002
1380	0.64380234
1381	0.62560111
1382	0.60708773
1383	0.58888745
1384	0.57045430
1385	0.55210948
1386	0.53427345
1387	0.51522720
1388	0.49685392
1389	0.47751868
1390	0.45841712
1391	0.44013357
1392	0.42162830
1393	0.40321046
1394	0.38535830
1395	0.36702839
1396	0.34906158
1397	0.33082074
1398	0.31270012
1399	0.29477978
1400	0.27686521
1401	0.25917563
1402	0.24167946
1403	0.22429305
1404	0.20692867
1405	0.18982346
1406	0.17307176
1407	0.15658920
1408	0.14051807
1409	0.12501645
1410	0.11004735
1411	0.09559240
1412	0.08064054
1413	0.06693070
1414	0.05282633
1415	0.03627374
1416	0.02086383
1417	0.00872965
1418	-0.00242754
1419	-0.01400427
1420	-0.02516142
1421	-0.03558873
1422	-0.04564384
1423	-0.05511735
1424	-0.06359366
1425	-0.07114419
1426	-0.07765722
1427	-0.08284990
1428	-0.08672019
1429	-0.08936846
1430	-0.09081445
1431	-0.09106420
1432	-0.09016070
1433	-0.08809537
1434	-0.08501930
1435	-0.08098925
1436	-0.07577011
1437	-0.06962156
1438	-0.06241570
1439	-0.05398115
1440	-0.04438007
1441	-0.03377170
1442	-0.02230821
1443	-0.00984439
1444	0.00356787
1445	0.01772402
1446	0.03255263
1447	0.04818134
1448	0.06457927
1449	0.08144714
1450	0.09892207
1451	0.11694010
1452	0.13546246
1453	0.15441160
1454	0.17462873
1455	0.19480960
1456	0.21509594
1457	0.23702836
1458	0.25908554
1459	0.28145027
1460	0.30481184
1461	0.32861227
1462	0.35295323
1463	0.37781334
1464	0.40342763
1465	0.42914137
1466	0.45531681
1467	0.48141715
1468	0.50767571
1469	0.53432602
1470	0.56071216
1471	0.58736247
1472	0.61348134
1473	0.63970387
1474	0.66664964
1475	0.69314128
1476	0.71838933
1477	0.74307454
1478	0.76680571
1479	0.78925288
1480	0.81041688
1481	0.83012474
1482	0.84820950
1483	0.86433315
1484	0.87852538
1485	0.89083326
1486	0.90090400
1487	0.90850353
1488	0.91388756
1489	0.91734195
1490	0.91883391
1491	0.91857642
1492	0.91658711
1493	0.91283399
1494	0.90735412
1495	0.90030670
1496	0.89206469
1497	0.88219863
1498	0.87155396
1499	0.86012763
1500	0.84319907
1501	0.82585734
1502	0.80800879
1503	0.79155552
1504	0.77606052
1505	0.76175964
1506	0.74605703
1507	0.73041791
1508	0.71423703
1509	0.69632107
1510	0.67966312
1511	0.66227585
1512	0.64439327
1513	0.62660527
1514	0.60772073
1515	0.58934772
1516	0.57106972
1517	0.55262727
1518	0.53420693
1519	0.51574647
1520	0.49626309
1521	0.47762087
1522	0.45907149
1523	0.44035298
1524	0.42164639
1525	0.40345445
1526	0.38563022
1527	0.36732662
1528	0.34940678
1529	0.33117908
1530	0.31294370
1531	0.29486501
1532	0.27680227
1533	0.25897104
1534	0.24135493
1535	0.22372437
1536	0.20636833
1537	0.18920805
1538	0.17230210
1539	0.15565053
1540	0.13940102
1541	0.12364903
1542	0.10832173
1543	0.09350586
1544	0.07853968
1545	0.06421514
1546	0.05091257
1547	0.03701697
1548	0.02064596
1549	0.00587512
1550	-0.00497717
1551	-0.01427366
1552	-0.02326485
1553	-0.03144726
1554	-0.03853129
1555	-0.04490946
1556	-0.05055379
1557	-0.05518013
1558	-0.05882407
1559	-0.06137150
1560	-0.06288297
1561	-0.06324214
1562	-0.06252575
1563	-0.06074681
1564	-0.05791767
1565	-0.05414859
1566	-0.04942758
1567	-0.04382658
1568	-0.03734088
1569	-0.02983304
1570	-0.01981314
1571	-0.01121629
1572	-0.00089636
1573	0.01084017
1574	0.02349934
1575	0.03720139
1576	0.05180977
1577	0.06726544
1578	0.08367584
1579	0.10079095
1580	0.11856283
1581	0.13699855
1582	0.15583758
1583	0.17519206
1584	0.19500126
1585	0.21518879
1586	0.23600481
1587	0.25699285
1588	0.27863860
1589	0.30080426
1590	0.32352158
1591	0.34682247
1592	0.37086263
1593	0.39534211
1594	0.42040631
1595	0.44594595
1596	0.47178641
1597	0.49787450
1598	0.52415711
1599	0.55054516
1600	0.57683057
1601	0.60372460
1602	0.63039875
1603	0.65728122
1604	0.68272811
1605	0.70916796
1606	0.73533291
1607	0.76011908
1608	0.78407145
1609	0.80679256
1610	0.82814193
1611	0.84801900
1612	0.86638635
1613	0.88306588
1614	0.89768511
1615	0.91028696
1616	0.92093837
1617	0.92914188
1618	0.93503118
1619	0.93874747
1620	0.94067782
1621	0.94088805
1622	0.93935353
1623	0.93613732
1624	0.93119097
1625	0.92464697
1626	0.91661823
1627	0.90753263
1628	0.89726007
1629	0.88707674
1630	0.87455720
1631	0.86095798
1632	0.84242576
1633	0.82610589
1634	0.80905414
1635	0.79365373
1636	0.77837050
1637	0.76300746
1638	0.74739134
1639	0.73129624
1640	0.71338844
1641	0.69727004
1642	0.68037379
1643	0.66252697
1644	0.64443231
1645	0.62548643
1646	0.60720921
1647	0.58892131
1648	0.57062346
1649	0.55198854
1650	0.53306693
1651	0.51455575
1652	0.49626389
1653	0.47762680
1654	0.45921466
1655	0.44076192
1656	0.42245042
1657	0.40458879
1658	0.38661328
1659	0.36814001
1660	0.34999913
1661	0.33220449
1662	0.31421033
1663	0.29629335
1664	0.27852860
1665	0.26077136
1666	0.24335563
1667	0.22594455
1668	0.20883070
1669	0.19183969
1670	0.17523538
1671	0.15908204
1672	0.14333831
1673	0.12809598
1674	0.11337467
1675	0.09910639
1676	0.08446021
1677	0.07131360
1678	0.05636757
1679	0.03992270
1680	0.02586614
1681	0.01473217
1682	0.00410623
1683	-0.00646116
1684	-0.01603260
1685	-0.02503003
1686	-0.03356481
1687	-0.04136249
1688	-0.04824545
1689	-0.05427566
1690	-0.05909560
1691	-0.06265261
1692	-0.06492808
1693	-0.06586941
1694	-0.06546430
1695	-0.06388436
1696	-0.06123114
1697	-0.05761958
1698	-0.05303049
1699	-0.04763365
1700	-0.04137152
1701	-0.03430950
1702	-0.02624801
1703	-0.01728239
1704	-0.00733564
1705	0.00359277
1706	0.01547551
1707	0.02838419
1708	0.04238465
1709	0.05761857
1710	0.07383127
1711	0.09087060
1712	0.10869495
1713	0.12716736
1714	0.14602758
1715	0.16539182
1716	0.18545075
1717	0.20570022
1718	0.22613910
1719	0.24816465
1720	0.27036339
1721	0.29312572
1722	0.31666896
1723	0.34069070
1724	0.36506578
1725	0.39006823
1726	0.41524228
1727	0.44042736
1728	0.46617940
1729	0.49211487
1730	0.51821613
1731	0.54432988
1732	0.57062137
1733	0.59692889
1734	0.62324053
1735	0.64834380
1736	0.67433786
1737	0.70008445
1738	0.72602201
1739	0.75051898
1740	0.77431226
1741	0.79687637
1742	0.81828600
1743	0.83846891
1744	0.85725677
1745	0.87449104
1746	0.88955605
1747	0.90300149
1748	0.91442364
1749	0.92371356
1750	0.93092233
1751	0.93593907
1752	0.93904740
1753	0.94031549
1754	0.93992853
1755	0.93784958
1756	0.93418986
1757	0.92902201
1758	0.92252320
1759	0.91479039
1760	0.90671933
1761	0.89666575
1762	0.88513505
1763	0.86988473
1764	0.85229170
1765	0.83362257
1766	0.81672233
1767	0.80077732
1768	0.78599638
1769	0.77098608
1770	0.75540555
1771	0.73933423
1772	0.72240263
1773	0.70517439
1774	0.68791324
1775	0.67075378
1776	0.65279901
1777	0.63507712
1778	0.61609966
1779	0.59770441
1780	0.57942808
1781	0.56130755
1782	0.54287010
1783	0.52441728
1784	0.50477731
1785	0.48630378
1786	0.46775681
1787	0.44925407
1788	0.43065050
1789	0.41230425
1790	0.39459771
1791	0.37655053
1792	0.35828215
1793	0.34007227
1794	0.32218239
1795	0.30413225
1796	0.28624046
1797	0.26838166
1798	0.25032988
1799	0.23296034
1800	0.21549870
1801	0.19830047
1802	0.18145080
1803	0.16485266
1804	0.14881980
1805	0.13327146
1806	0.11812674
1807	0.10359195
1808	0.08929016
1809	0.07470072
1810	0.06162647
1811	0.04755490
1812	0.03203651
1813	0.01863087
1814	0.00864800
1815	-0.00049326
1816	-0.00926581
1817	-0.01699642
1818	-0.02400577
1819	-0.03044948
1820	-0.03615463
1821	-0.04109575
1822	-0.04506019
1823	-0.04797635
1824	-0.04980248
1825	-0.05048946
1826	-0.05009231
1827	-0.04855194
1828	-0.04598929
1829	-0.04238092
1830	-0.03786764
1831	-0.03247738
1832	-0.02627158
1833	-0.01930209
1834	-0.01148791
1835	-0.00277201
1836	0.00694130
1837	0.01754143
1838	0.02912636
1839	0.04171915
1840	0.05528438
1841	0.06994547
1842	0.08574646
1843	0.10231790
1844	0.11952500
1845	0.13739388
1846	0.15578479
1847	0.17450874
1848	0.19395730
1849	0.21370532
1850	0.23351815
1851	0.25443399
1852	0.27552617
1853	0.29699588
1854	0.31936985
1855	0.34225559
1856	0.36576018
1857	0.38958877
1858	0.41377819
1859	0.43821013
1860	0.46308360
1861	0.48312873
1862	0.51269192
1863	0.53801811
1864	0.56340533
1865	0.58888441
1866	0.61448568
1867	0.63905275
1868	0.66486371
1869	0.69092017
1870	0.71601987
1871	0.74110866
1872	0.76513231
1873	0.78839207
1874	0.81057584
1875	0.83156884
1876	0.85121781
1877	0.86955476
1878	0.88626450
1879	0.90068501
1880	0.91369128
1881	0.92467004
1882	0.93339550
1883	0.93997127
1884	0.94446146
1885	0.94705725
1886	0.94801748
1887	0.94733256
1888	0.94508773
1889	0.94125479
1890	0.93578917
1891	0.92894655
1892	0.92080766
1893	0.91205949
1894	0.90208513
1895	0.89065897
1896	0.87891424
1897	0.85994548
1898	0.84333497
1899	0.82542223
1900	0.80993068
1901	0.79494745
1902	0.77982879
1903	0.76410103
1904	0.74859804
1905	0.73210353
1906	0.71487468
1907	0.69740289
1908	0.67989898
1909	0.66220397
1910	0.64390802
1911	0.62589324
1912	0.60683745
1913	0.58849913
1914	0.57052827
1915	0.55212748
1916	0.53372055
1917	0.51428884
1918	0.49588594
1919	0.47733814
1920	0.45888445
1921	0.44033691
1922	0.42169636
1923	0.40402272
1924	0.38560072
1925	0.36760989
1926	0.34933907
1927	0.33131507
1928	0.31318578
1929	0.29517254
1930	0.27729219
1931	0.25964338
1932	0.24192047
1933	0.22447506
1934	0.20710057
1935	0.19006090
1936	0.17338859
1937	0.15707792
1938	0.14139454
1939	0.12611932
1940	0.11149506
1941	0.09725527
1942	0.08285218
1943	0.06988364
1944	0.05731022
1945	0.04252512
1946	0.02885771
1947	0.01852252
1948	0.00947242
1949	0.00030747
1950	-0.00822992
1951	-0.01591867
1952	-0.02312327
1953	-0.02954589
1954	-0.03510596
1955	-0.03951957
1956	-0.04278465
1957	-0.04481087
1958	-0.04554565
1959	-0.04510515
1960	-0.04356309
1961	-0.04094460
1962	-0.03736492
1963	-0.03291152
1964	-0.02765245
1965	-0.02165769
1966	-0.01488816
1967	-0.00728782
1968	0.00117964
1969	0.01050683
1970	0.02064648
1971	0.03170878
1972	0.04386527
1973	0.05707820
1974	0.07119413
1975	0.08622731
1976	0.10220034
1977	0.11892264
1978	0.13632235
1979	0.15419045
1980	0.17252283
1981	0.19157727
1982	0.21099260
1983	0.23098558
1984	0.25207755
1985	0.27361074
1986	0.29580104
1987	0.31885034
1988	0.34242296
1989	0.36690590
1990	0.39164123
1991	0.41699597
1992	0.44242018
1993	0.46864101
1994	0.49560815
1995	0.52044004
1996	0.54639602
1997	0.57233679
1998	0.59847087
1999	0.62429798
2000	0.65058732
2001	0.67524707
2002	0.70093393
2003	0.72703880
2004	0.75156540
2005	0.77509099
2006	0.79821557
2007	0.82025594
2008	0.84098202
2009	0.86045820
2010	0.87839949
2011	0.89447784
2012	0.90876347
2013	0.92118287
2014	0.93127441
2015	0.93907541
2016	0.94472992
2017	0.94836801
2018	0.95021832
2019	0.95038790
2020	0.94900447
2021	0.94597590
2022	0.94128621
2023	0.93496823
2024	0.92715341
2025	0.91861749
2026	0.90845275
2027	0.89701039
2028	0.88402164
2029	0.86562198
2030	0.84712744
2031	0.82946950
2032	0.81390333
2033	0.79922223
2034	0.78449482
2035	0.76870620
2036	0.75312048
2037	0.73617935
2038	0.71877533
2039	0.70114923
2040	0.68374795
2041	0.66599923
2042	0.64752883
2043	0.62896967
2044	0.60995400
2045	0.59159601
2046	0.57324803
2047	0.55494350
2048	0.53673482
2049	0.51709181
2050	0.49862954
2051	0.48096633
2052	0.46158934
2053	0.44313562
2054	0.42528099
2055	0.40694076
2056	0.38865536
2057	0.37068996
2058	0.35254472
2059	0.33436647
2060	0.31651601
2061	0.29864198
2062	0.28097552
2063	0.26365808
2064	0.24606065
2065	0.22882651
2066	0.21182336
2067	0.19505407
2068	0.17863587
2069	0.16273427
2070	0.14730604
2071	0.13243029
2072	0.11802066
2073	0.10328687
2074	0.09017120
2075	0.07690788
2076	0.06105520
2077	0.04631818
2078	0.03503843
2079	0.02520163
2080	0.01495229
2081	0.00518364
2082	-0.00385135
2083	-0.01255469
2084	-0.02071664
2085	-0.02808844
2086	-0.03463266
2087	-0.04018094
2088	-0.04451445
2089	-0.04755477
2090	-0.04927076
2091	-0.04965763
2092	-0.04869438
2093	-0.04648459
2094	-0.04314068
2095	-0.03869138
2096	-0.03324223
2097	-0.02677973
2098	-0.01932245
2099	-0.01082795
2100	-0.00123565
2101	0.00990488
2102	0.02069298
2103	0.03320391
2104	0.04643342
2105	0.06045108
2106	0.07539538
2107	0.09107719
2108	0.10754590
2109	0.12455317
2110	0.14214049
2111	0.16023766
2112	0.17887861
2113	0.19799694
2114	0.21858877
2115	0.23829390
2116	0.26034471
2117	0.28200975
2118	0.30443594
2119	0.32648697
2120	0.34963113
2121	0.37340629
2122	0.39757556
2123	0.42264944
2124	0.44809043
2125	0.46897975
2126	0.50035948
2127	0.52655244
2128	0.55319905
2129	0.57977003
2130	0.60660821
2131	0.63405716
2132	0.66075075
2133	0.68694639
2134	0.71367812
2135	0.74013400
2136	0.76606870
2137	0.79210842
2138	0.81578296
2139	0.83882672
2140	0.86055112
2141	0.88084680
2142	0.89963388
2143	0.91676152
2144	0.93162209
2145	0.94489163
2146	0.95614511
2147	0.96502870
2148	0.97165561
2149	0.97613937
2150	0.97854614
2151	0.97930866
2152	0.97844678
2153	0.97620153
2154	0.97224176
2155	0.96670997
2156	0.95971066
2157	0.95143259
2158	0.94289905
2159	0.93211848
2160	0.92104602
2161	0.90537500
2162	0.88901794
2163	0.87107152
2164	0.85505372
2165	0.83985621
2166	0.82559532
2167	0.81046468
2168	0.79474890
2169	0.77840531
2170	0.76114237
2171	0.74365169
2172	0.72629631
2173	0.70858759
2174	0.69056904
2175	0.67233992
2176	0.65415573
2177	0.63577008
2178	0.61753136
2179	0.59881258
2180	0.58003157
2181	0.56217635
2182	0.54273528
2183	0.52511299
2184	0.50658733
2185	0.48768437
2186	0.46858537
2187	0.45014030
2188	0.43251580
2189	0.41429076
2190	0.39549330
2191	0.37730867
2192	0.35960701
2193	0.34178236
2194	0.32399535
2195	0.30657297
2196	0.28914547
2197	0.27157161
2198	0.25425163
2199	0.23716733
2200	0.22047555
2201	0.20413905
2202	0.18836366
2203	0.17304836
2204	0.15829094
2205	0.14377637
2206	0.12855247
2207	0.11463827
2208	0.09881891
2209	0.08237296
2210	0.06859504
2211	0.05678908
2212	0.04487008
2213	0.03280639
2214	0.02139714
2215	0.01044220
2216	-0.00004189
2217	-0.00972746
2218	-0.01838998
2219	-0.02597700
2220	-0.03218241
2221	-0.03703527
2222	-0.04067497
2223	-0.04299196
2224	-0.04429950
2225	-0.04449842
2226	-0.04365555
2227	-0.04202115
2228	-0.03951230
2229	-0.03613971
2230	-0.03185270
2231	-0.02667284
2232	-0.02046242
2233	-0.01325967
2234	-0.00506521
2235	0.00421922
2236	0.01453728
2237	0.02601544
2238	0.03862203
2239	0.05226846
2240	0.06690680
2241	0.08247366
2242	0.09877060
2243	0.11566009
2244	0.13310373
2245	0.15104532
2246	0.16933785
2247	0.18815422
2248	0.20744008
2249	0.22767393
2250	0.24794917
2251	0.26937222
2252	0.29110366
2253	0.31339273
2254	0.33645403
2255	0.36002913
2256	0.38455030
2257	0.40932414
2258	0.43467900
2259	0.46042761
2260	0.48129821
2261	0.51250571
2262	0.53883755
2263	0.56528240
2264	0.59185505
2265	0.61850667
2266	0.64531380
2267	0.67135477
2268	0.69765961
2269	0.72468227
2270	0.75000238
2271	0.77403468
2272	0.79770368
2273	0.82013619
2274	0.84124297
2275	0.86086702
2276	0.87893242
2277	0.89501590
2278	0.90918809
2279	0.92157453
2280	0.93176574
2281	0.93926781
2282	0.94453001
2283	0.94792807
2284	0.94981992
2285	0.95000482
2286	0.94856536
2287	0.94539773
2288	0.94054765
2289	0.93415976
2290	0.92642599
2291	0.91798097
2292	0.90873379
2293	0.89702898
2294	0.88540739
2295	0.86721313
2296	0.84967405
2297	0.83139157
2298	0.81526124
2299	0.79992324
2300	0.78447300
2301	0.76910567
2302	0.75324494
2303	0.73655391
2304	0.71851701
2305	0.70196229
2306	0.68451864
2307	0.66695350
2308	0.64889657
2309	0.63057613
2310	0.61194390
2311	0.59379143
2312	0.57561713
2313	0.55739254
2314	0.53909934
2315	0.52061874
2316	0.50230521
2317	0.48297930
2318	0.46583894
2319	0.44559783
2320	0.42707780
2321	0.40917104
2322	0.39085984
2323	0.37285075
2324	0.35460368
2325	0.33655897
2326	0.31851637
2327	0.30055067
2328	0.28277698
2329	0.26532972
2330	0.24776338
2331	0.23048860
2332	0.21327730
2333	0.19633785
2334	0.17959818
2335	0.16330613
2336	0.14747551
2337	0.13216117
2338	0.11723138
2339	0.10280753
2340	0.08772757
2341	0.07386670
2342	0.05945259
2343	0.04298735
2344	0.02796926
2345	0.01596728
2346	0.00475377
2347	-0.00644279
2348	-0.01694120
2349	-0.02667485
2350	-0.03598017
2351	-0.04459860
2352	-0.05239829
2353	-0.05908868
2354	-0.06472716
2355	-0.06919096
2356	-0.07224900
2357	-0.07390136
2358	-0.07406098
2359	-0.07284635
2360	-0.07038495
2361	-0.06674558
2362	-0.06208864
2363	-0.05650739
2364	-0.05002450
2365	-0.04263834
2366	-0.03432711
2367	-0.02511601
2368	-0.01496642
2369	-0.00393149
2370	0.00787793
2371	0.02174715
2372	0.03439162
2373	0.04924434
2374	0.06498893
2375	0.08168071
2376	0.09913167
2377	0.11727905
2378	0.13594748
2379	0.15523876
2380	0.17504476
2381	0.19573262
2382	0.21668446
2383	0.23829547
2384	0.26056406
2385	0.28333911
2386	0.30672273
2387	0.33057654
2388	0.35504541
2389	0.37998658
2390	0.40562201
2391	0.43116274
2392	0.45858049
2393	0.48568529
2394	0.51028711
2395	0.53702390
2396	0.56369841
2397	0.59061521
2398	0.61747944
2399	0.64400136
2400	0.67064965
2401	0.69715494
2402	0.72412843
2403	0.74930316
2404	0.77373815
2405	0.79648298
2406	0.81846416
2407	0.83901513
2408	0.85809386
2409	0.87542969
2410	0.89041257
2411	0.90394872
2412	0.91539580
2413	0.92466837
2414	0.93177128
2415	0.93675190
2416	0.93968689
2417	0.94079083
2418	0.94014758
2419	0.93780577
2420	0.93386549
2421	0.92813766
2422	0.92096150
2423	0.91249084
2424	0.90299004
2425	0.89302623
2426	0.88194102
2427	0.87023509
2428	0.85518050
2429	0.83902383
2430	0.82096648
2431	0.80430287
2432	0.78840339
2433	0.77388692
2434	0.75856900
2435	0.74266738
2436	0.72637248
2437	0.70918214
2438	0.69181883
2439	0.67445493
2440	0.65683877
2441	0.63878101
2442	0.62064224
2443	0.60172778
2444	0.58386886
2445	0.56552672
2446	0.54724914
2447	0.52945846
2448	0.51086700
2449	0.49195823
2450	0.47249246
2451	0.45464337
2452	0.43478021
2453	0.41660264
2454	0.39875484
2455	0.38056126
2456	0.36271831
2457	0.34455550
2458	0.32657996
2459	0.30854496
2460	0.29060772
2461	0.27283865
2462	0.25539640
2463	0.23771375
2464	0.22040468
2465	0.20310555
2466	0.18604116
2467	0.16939974
2468	0.15322393
2469	0.13746366
2470	0.12207041
2471	0.10705460
2472	0.09234368
2473	0.07704677
2474	0.06321461
2475	0.04731704
2476	0.03067487
2477	0.01674605
2478	0.00515219
2479	-0.00627992
2480	-0.01759302
2481	-0.02821526
2482	-0.03826808
2483	-0.04793968
2484	-0.05685185
2485	-0.06495011
2486	-0.07213042
2487	-0.07804108
2488	-0.08246250
2489	-0.08564001
2490	-0.08747876
2491	-0.08789951
2492	-0.08697540
2493	-0.08480825
2494	-0.08147351
2495	-0.07703376
2496	-0.07144023
2497	-0.06485225
2498	-0.05716442
2499	-0.04843184
2500	-0.03867527
2501	-0.02792704
2502	-0.01641404
2503	-0.00405025
2504	0.00918606
2505	0.02323815
2506	0.03819038
2507	0.05405450
2508	0.07070111
2509	0.08799049
2510	0.10584451
2511	0.12422261
2512	0.14307113
2513	0.16234976
2514	0.18290654
2515	0.20352113
2516	0.22472098
2517	0.24640451
2518	0.26881942
2519	0.29199982
2520	0.31579691
2521	0.34000623
2522	0.36507010
2523	0.39036655
2524	0.41595930
2525	0.44173348
2526	0.46714535
2527	0.49326611
2528	0.52116698
2529	0.54772526
2530	0.57447815
2531	0.60061514
2532	0.62626028
2533	0.65212244
2534	0.67907953
2535	0.70328724
2536	0.72749150
2537	0.75076282
2538	0.77288485
2539	0.79377121
2540	0.81330985
2541	0.83133906
2542	0.84774214
2543	0.86167556
2544	0.87411124
2545	0.88434023
2546	0.89232868
2547	0.89796358
2548	0.90162039
2549	0.90333563
2550	0.90337175
2551	0.90167999
2552	0.89834058
2553	0.89340484
2554	0.88693750
2555	0.87906361
2556	0.86998731
2557	0.85946047
2558	0.84835243
2559	0.83635277
2560	0.81959504
2561	0.80340642
2562	0.78566813
2563	0.76931012
2564	0.75322562
2565	0.73883438
2566	0.72286260
2567	0.70736688
2568	0.69159448
2569	0.67467946
2570	0.65705270
2571	0.64003253
2572	0.62235045
2573	0.60419768
2574	0.58522719
2575	0.56686234
2576	0.54910409
2577	0.53062940
2578	0.51214784
2579	0.49348626
2580	0.47410342
2581	0.45660713
2582	0.43809050
2583	0.41957363
2584	0.39972386
2585	0.38137978
2586	0.36317021
2587	0.34519124
2588	0.32695326
2589	0.30873254
2590	0.29050034
2591	0.27227259
2592	0.25418001
2593	0.23658118
2594	0.21876153
2595	0.20112708
2596	0.18356578
2597	0.16618457
2598	0.14908758
2599	0.13234837
2600	0.11590264
2601	0.09990313
2602	0.08439635
2603	0.06935523
2604	0.05477042
2605	0.03968122
2606	0.02571357
2607	0.01213342
2608	-0.00460544
2609	-0.02115362
2610	-0.03411765
2611	-0.04500507
2612	-0.05596939
2613	-0.06653006
2614	-0.07603651
2615	-0.08498806
2616	-0.09317958
2617	-0.10038742
2618	-0.10657755
2619	-0.11167368
2620	-0.11556539
2621	-0.11819397
2622	-0.11946610
2623	-0.11957088
2624	-0.11833075
2625	-0.11589283
2626	-0.11242193
2627	-0.10780813
2628	-0.10213288
2629	-0.09545440
2630	-0.08771464
2631	-0.07893226
2632	-0.06910083
2633	-0.05827780
2634	-0.04649286
2635	-0.03374514
2636	-0.02011563
2637	-0.00545232
2638	0.01020758
2639	0.02682239
2640	0.04415770
2641	0.06204662
2642	0.08054644
2643	0.09948579
2644	0.11871377
2645	0.13835391
2646	0.15913790
2647	0.18018623
2648	0.20178629
2649	0.22421186
2650	0.24707656
2651	0.27066565
2652	0.29477665
2653	0.31943330
2654	0.34445253
2655	0.37001190
2656	0.39627954
2657	0.42265326
2658	0.44951648
2659	0.47647703
2660	0.50363201
2661	0.53103811
2662	0.55853921
2663	0.58633310
2664	0.61355507
2665	0.64070618
2666	0.66808772
2667	0.69532770
2668	0.72205842
2669	0.74690938
2670	0.77003384
2671	0.79214144
2672	0.81274605
2673	0.83152807
2674	0.84820586
2675	0.86291033
2676	0.87584883
2677	0.88622087
2678	0.89374876
2679	0.89928001
2680	0.90261036
2681	0.90404272
2682	0.90365887
2683	0.90150255
2684	0.89752036
2685	0.89180994
2686	0.88447469
2687	0.87616915
2688	0.86611921
2689	0.85457301
2690	0.84160703
2691	0.82295144
2692	0.80581170
2693	0.78776222
2694	0.77266127
2695	0.75747347
2696	0.74205059
2697	0.72635567
2698	0.71062338
2699	0.69412798
2700	0.67672610
2701	0.65939122
2702	0.64232278
2703	0.62371600
2704	0.60539180
2705	0.58694261
2706	0.56769603
2707	0.54939330
2708	0.53102493
2709	0.51260680
2710	0.49467549
2711	0.47505808
2712	0.45658943
2713	0.43810973
2714	0.41989398
2715	0.40156418
2716	0.38318491
2717	0.36531195
2718	0.34706798
2719	0.32881585
2720	0.31074655
2721	0.29320729
2722	0.27540189
2723	0.25763094
2724	0.23998015
2725	0.22208174
2726	0.20487376
2727	0.18759717
2728	0.17058654
2729	0.15396132
2730	0.13758442
2731	0.12186612
2732	0.10649292
2733	0.09162182
2734	0.07730992
2735	0.06257918
2736	0.04915561
2737	0.03542710
2738	0.01964381
2739	0.00509072
2740	-0.00632428
2741	-0.01689714
2742	-0.02774666
2743	-0.03811463
2744	-0.04781150
2745	-0.05719975
2746	-0.06605284
2747	-0.07397050
2748	-0.08111800
2749	-0.08706072
2750	-0.09166565
2751	-0.09482761
2752	-0.09663118
2753	-0.09691361
2754	-0.09565434
2755	-0.09299634
2756	-0.08887873
2757	-0.08344661
2758	-0.07671315
2759	-0.06876149
2760	-0.05959118
2761	-0.04933426
2762	-0.03802286
2763	-0.02582531
2764	-0.01275263
2765	0.00129607
2766	0.01635363
2767	0.03220377
2768	0.04884990
2769	0.06637774
2770	0.08445132
2771	0.10313945
2772	0.12273882
2773	0.14264140
2774	0.16315156
2775	0.18476373
2776	0.20578654
2777	0.22923127
2778	0.25242436
2779	0.27582407
2780	0.30022544
2781	0.32556298
2782	0.35133973
2783	0.37768734
2784	0.40454802
2785	0.43177000
2786	0.45935172
2787	0.48685220
2788	0.51461285
2789	0.54240471
2790	0.57032120
2791	0.59839165
2792	0.62564629
2793	0.65333760
2794	0.68142420
2795	0.70958525
2796	0.73780584
2797	0.76413989
2798	0.78962737
2799	0.81398642
2800	0.83701146
2801	0.85802382
2802	0.87785912
2803	0.89570665
2804	0.91123271
2805	0.92503101
2806	0.93637317
2807	0.94534373
2808	0.95197207
2809	0.95641243
2810	0.95903343
2811	0.95982140
2812	0.95893383
2813	0.95618302
2814	0.95160717
2815	0.94540781
2816	0.93786454
2817	0.92977571
2818	0.91976589
2819	0.90859580
2820	0.89598668
2821	0.87771577
2822	0.85980260
2823	0.84267336
2824	0.82755190
2825	0.81236506
2826	0.79727453
2827	0.78172332
2828	0.76557052
2829	0.74872470
2830	0.73141086
2831	0.71317869
2832	0.69625610
2833	0.67888510
2834	0.66062099
2835	0.64220184
2836	0.62327522
2837	0.60483795
2838	0.58644056
2839	0.56802481
2840	0.54971516
2841	0.53040648
2842	0.51197463
2843	0.49357817
2844	0.47492230
2845	0.45647073
2846	0.43797359
2847	0.42018035
2848	0.40186968
2849	0.38397738
2850	0.36579061
2851	0.34774023
2852	0.32985336
2853	0.31216106
2854	0.29433876
2855	0.27689099
2856	0.25920308
2857	0.24188505
2858	0.22497016
2859	0.20823376
2860	0.19198115
2861	0.17620163
2862	0.16093366
2863	0.14616668
2864	0.13185586
2865	0.11705033
2866	0.10346342
2867	0.08922163
2868	0.07290762
2869	0.05810324
2870	0.04660652
2871	0.03615566
2872	0.02567794
2873	0.01596234
2874	0.00698649
2875	-0.00152585
2876	-0.00940162
2877	-0.01652309
2878	-0.02267156
2879	-0.02765682
2880	-0.03136737
2881	-0.03374910
2882	-0.03484846
2883	-0.03455741
2884	-0.03302841
2885	-0.03022499
2886	-0.02643914
2887	-0.02025536
2888	-0.01512677
2889	-0.00914202
2890	-0.00142602
2891	0.00715531
2892	0.01669317
2893	0.02709011
2894	0.03842434
2895	0.05081339
2896	0.06402174
2897	0.07784373
2898	0.09264605
2899	0.10833326
2900	0.12475829
2901	0.14185193
2902	0.15956855
2903	0.17783302
2904	0.19662598
2905	0.21592146
2906	0.23656926
2907	0.25709435
2908	0.27730495
2909	0.29997084
2910	0.32259327
2911	0.34526387
2912	0.36874756
2913	0.39295724
2914	0.41772091
2915	0.44297156
2916	0.46384123
2917	0.49630457
2918	0.52110356
2919	0.54778290
2920	0.57466739
2921	0.60162866
2922	0.62845451
2923	0.65585810
2924	0.68176383
2925	0.70921636
2926	0.73607123
2927	0.76357710
2928	0.78961921
2929	0.81488907
2930	0.83919007
2931	0.86227018
2932	0.88349402
2933	0.90370560
2934	0.92238140
2935	0.93919915
2936	0.95353609
2937	0.96620995
2938	0.97648323
2939	0.98433602
2940	0.98999906
2941	0.99352431
2942	0.99525172
2943	0.99528176
2944	0.99369001
2945	0.99043155
2946	0.98547333
2947	0.97895783
2948	0.97113526
2949	0.96233672
2950	0.95249701
2951	0.94201213
2952	0.93090928
2953	0.91379964
2954	0.89597917
2955	0.87821966
2956	0.86229521
2957	0.84717584
2958	0.83197767
2959	0.81661725
2960	0.80078018
2961	0.78406113
2962	0.76703173
2963	0.74974918
2964	0.73219889
2965	0.71390778
2966	0.69580472
2967	0.67752862
2968	0.65968210
2969	0.64122462
2970	0.62283039
2971	0.60396475
2972	0.58602488
2973	0.56650525
2974	0.54812062
2975	0.53095633
2976	0.51155603
2977	0.49304619
2978	0.47461131
2979	0.45654318
2980	0.43752724
2981	0.42000455
2982	0.40132904
2983	0.38346875
2984	0.36588067
2985	0.34808540
2986	0.33045146
2987	0.31299961
2988	0.29548311
2989	0.27829811
2990	0.26127800
2991	0.24467826
2992	0.22833669
2993	0.21243213
2994	0.19694734
2995	0.18196213
2996	0.16743353
2997	0.15226819
2998	0.13855082
2999	0.12386174
3000	0.10695340
3001	0.09132700
3002	0.07867952
3003	0.06672545
3004	0.05468289
3005	0.04338427
3006	0.03302576
3007	0.02316634
3008	0.01433202
3009	0.00654854
3010	0.00011913
3011	-0.00500891
3012	-0.00870895
3013	-0.01099544
3014	-0.01204147
3015	-0.01171870
3016	-0.01027995
3017	-0.00778437
3018	-0.00433573
3019	-0.00003509
3020	0.00509558
3021	0.01111968
3022	0.01810228
3023	0.02622446
3024	0.03544158
3025	0.04584720
3026	0.05736100
3027	0.07009105
3028	0.08380979
3029	0.09852798
3030	0.11426714
3031	0.13099521
3032	0.14844733
3033	0.16657780
3034	0.18512645
3035	0.20405374
3036	0.22336224
3037	0.24341610
3038	0.26372862
3039	0.28445891
3040	0.30624959
3041	0.32846183
3042	0.35130873
3043	0.37481779
3044	0.39938286
3045	0.42401123
3046	0.44960880
3047	0.47039673
3048	0.50157106
3049	0.52779174
3050	0.55432165
3051	0.58109254
3052	0.60799831
3053	0.63540328
3054	0.66275877
3055	0.69034553
3056	0.71674937
3057	0.74383718
3058	0.77058309
3059	0.79770297
3060	0.82301116
3061	0.84685290
3062	0.86997074
3063	0.89167804
3064	0.91189528
3065	0.93055630
3066	0.94746864
3067	0.96193111
3068	0.97487676
3069	0.98549616
3070	0.99382347
3071	0.99996197
3072	1.00400388
3073	1.00626647
3074	1.00673103
3075	1.00545752
3076	1.00242317
3077	0.99767834
3078	0.99144304
3079	0.98395348
3080	0.97608644
3081	0.96637726
3082	0.95522374
3083	0.94280428
3084	0.92343491
3085	0.90637463
3086	0.88894767
3087	0.87427652
3088	0.85916758
3089	0.84377211
3090	0.82825673
3091	0.81194234
3092	0.79497987
3093	0.77680099
3094	0.75932914
3095	0.74209905
3096	0.72397298
3097	0.70570242
3098	0.68731040
3099	0.66941911
3100	0.65155393
3101	0.63326287
3102	0.61449397
3103	0.59611505
3104	0.57682711
3105	0.55840868
3106	0.53991729
3107	0.52149683
3108	0.50288224
3109	0.48461026
3110	0.46607658
3111	0.44849238
3112	0.43066975
3113	0.41205096
3114	0.39391106
3115	0.37605152
3116	0.35828125
3117	0.34058675
3118	0.32307777
3119	0.30536881
3120	0.28799933
3121	0.27081555
3122	0.25391859
3123	0.23739140
3124	0.22128350
3125	0.20568223
3126	0.19054620
3127	0.17599441
3128	0.16111885
3129	0.14713135
3130	0.13390535
3131	0.11872136
3132	0.10299542
3133	0.09005129
3134	0.07903330
3135	0.06776357
3136	0.05653093
3137	0.04590061
3138	0.03559742
3139	0.02578899
3140	0.01678321
3141	0.00864134
3142	0.00173477
3143	-0.00391408
3144	-0.00804286
3145	-0.01077956
3146	-0.01212726
3147	-0.01204647
3148	-0.01074812
3149	-0.00831222
3150	-0.00480625
3151	-0.00031480
3152	0.00526988
3153	0.01193620
3154	0.01971554
3155	0.02855366
3156	0.03846871
3157	0.04936496
3158	0.06121111
3159	0.07399689
3160	0.08772002
3161	0.10236262
3162	0.11777366
3163	0.13400503
3164	0.15099928
3165	0.16871399
3166	0.18693990
3167	0.20574707
3168	0.22510321
3169	0.24490407
3170	0.26585737
3171	0.28646564
3172	0.30867180
3173	0.33096012
3174	0.35374966
3175	0.37716439
3176	0.40117034
3177	0.42567071
3178	0.45082644
3179	0.47651154
3180	0.50256181
3181	0.52881300
3182	0.55537146
3183	0.58187211
3184	0.60899985
3185	0.63550633
3186	0.66325450
3187	0.69090569
3188	0.71737075
3189	0.74358511
3190	0.77009952
3191	0.79707503
3192	0.82209355
3193	0.84626192
3194	0.86927414
3195	0.89046639
3196	0.91068834
3197	0.92937195
3198	0.94640070
3199	0.96105778
3200	0.97428703
3201	0.98541218
3202	0.99437946
3203	1.00115323
3204	1.00585496
3205	1.00868857
3206	1.00986922
3207	1.00941813
3208	1.00734949
3209	1.00370073
3210	0.99857420
3211	0.99212098
3212	0.98431975
3213	0.97545290
3214	0.96640217
3215	0.95508808
3216	0.94370979
3217	0.92597592
3218	0.90983158
3219	0.89056218
3220	0.87315130
3221	0.85741955
3222	0.84277737
3223	0.82769066
3224	0.81206924
3225	0.79582179
3226	0.77873176
3227	0.76152962
3228	0.74424666
3229	0.72678185
3230	0.70899177
3231	0.69098812
3232	0.67290312
3233	0.65492117
3234	0.63671768
3235	0.61870021
3236	0.60012192
3237	0.58171260
3238	0.56238741
3239	0.54393137
3240	0.52690262
3241	0.50730705
3242	0.48831376
3243	0.47056481
3244	0.45251900
3245	0.43470103
3246	0.41707936
3247	0.39721799
3248	0.37976480
3249	0.36188594
3250	0.34413859
3251	0.32659903
3252	0.30872038
3253	0.29150426
3254	0.27411959
3255	0.25695959
3256	0.24011756
3257	0.22377533
3258	0.20789780
3259	0.19256115
3260	0.17766540
3261	0.16318791
3262	0.14818439
3263	0.13428785
3264	0.12014789
3265	0.10424253
3266	0.08966640
3267	0.07767492
3268	0.06638934
3269	0.05489575
3270	0.04398027
3271	0.03361308
3272	0.02372273
3273	0.01435354
3274	0.00586027
3275	-0.00167586
3276	-0.00813090
3277	-0.01333876
3278	-0.01713598
3279	-0.01950191
3280	-0.02039906
3281	-0.01994490
3282	-0.01830118
3283	-0.01549000
3284	-0.01171063
3285	-0.00685836
3286	-0.00126831
3287	0.00524328
3288	0.01250579
3289	0.02057348
3290	0.02938661
3291	0.03913306
3292	0.04979103
3293	0.06148725
3294	0.07394796
3295	0.08743116
3296	0.10190540
3297	0.11747354
3298	0.13394119
3299	0.15121494
3300	0.16908777
3301	0.18744959
3302	0.20634508
3303	0.22604072
3304	0.24611662
3305	0.26663631
3306	0.28815019
3307	0.31005502
3308	0.33248198
3309	0.35566598
3310	0.37956500
3311	0.40367299
3312	0.42859426
3313	0.45404840
3314	0.48058760
3315	0.50356656
3316	0.53091937
3317	0.55694270
3318	0.58290130
3319	0.60904300
3320	0.63537949
3321	0.66161078
3322	0.68761665
3323	0.71336794
3324	0.73903543
3325	0.76345140
3326	0.78660619
3327	0.80926883
3328	0.83072543
3329	0.85078579
3330	0.86944103
3331	0.88654518
3332	0.90172702
3333	0.91539258
3334	0.92698586
3335	0.93688691
3336	0.94472224
3337	0.95045286
3338	0.95441705
3339	0.95648223
3340	0.95691276
3341	0.95569968
3342	0.95297384
3343	0.94875693
3344	0.94311661
3345	0.93614435
3346	0.92789727
3347	0.91846049
3348	0.90814728
3349	0.89687520
3350	0.88535076
3351	0.87324464
3352	0.85568148
3353	0.83893877
3354	0.82051080
3355	0.80353445
3356	0.78791648
3357	0.77321267
3358	0.75682259
3359	0.74155354
3360	0.72556514
3361	0.70870042
3362	0.69153064
3363	0.67414922
3364	0.65638226
3365	0.63848346
3366	0.62013769
3367	0.60183156
3368	0.58274817
3369	0.56433171
3370	0.54670423
3371	0.52821898
3372	0.50852734
3373	0.49028212
3374	0.47185931
3375	0.45343474
3376	0.43504551
3377	0.41715828
3378	0.39887500
3379	0.38057718
3380	0.36228922
3381	0.34404853
3382	0.32525977
3383	0.30717039
3384	0.28912604
3385	0.27158237
3386	0.25384703
3387	0.23572172
3388	0.21853966
3389	0.20113185
3390	0.18395914
3391	0.16718166
3392	0.15067577
3393	0.13468041
3394	0.11918966
3395	0.10432594
3396	0.09002462
3397	0.07528667
3398	0.06161316
3399	0.04901442
3400	0.03489552
3401	0.01964203
3402	0.00678766
3403	-0.00301074
3404	-0.01206473
3405	-0.02069802
3406	-0.02826685
3407	-0.03487179
3408	-0.04092573
3409	-0.04605898
3410	-0.05037200
3411	-0.05367249
3412	-0.05594568
3413	-0.05705557
3414	-0.05694223
3415	-0.05543715
3416	-0.05271868
3417	-0.04888473
3418	-0.04391277
3419	-0.03795334
3420	-0.03089197
3421	-0.02288179
3422	-0.01383059
3423	-0.00375042
3424	0.00727675
3425	0.01927020
3426	0.03213358
3427	0.04600337
3428	0.06073805
3429	0.07637239
3430	0.09278782
3431	0.10989837
3432	0.12772551
3433	0.14629059
3434	0.16554594
3435	0.18575966
3436	0.20649336
3437	0.22794256
3438	0.24982826
3439	0.27247509
3440	0.29537424
3441	0.31890550
3442	0.34290624
3443	0.36738867
3444	0.39247516
3445	0.41771081
3446	0.44425526
3447	0.47065344
3448	0.49700150
3449	0.52339578
3450	0.54995471
3451	0.57640171
3452	0.60296619
3453	0.62988299
3454	0.65659261
3455	0.68323588
3456	0.70996070
3457	0.73579478
3458	0.76124018
3459	0.78528190
3460	0.80938816
3461	0.83176428
3462	0.85230178
3463	0.87191111
3464	0.88993669
3465	0.90593076
3466	0.91990304
3467	0.93220288
3468	0.94163018
3469	0.94895095
3470	0.95405632
3471	0.95729172
3472	0.95864528
3473	0.95835370
3474	0.95633352
3475	0.95262492
3476	0.94721353
3477	0.94048828
3478	0.93278623
3479	0.92231613
3480	0.91127884
3481	0.89642435
3482	0.87782252
3483	0.85990489
3484	0.84338623
3485	0.82869118
3486	0.81351846
3487	0.79839033
3488	0.78283322
3489	0.76668286
3490	0.74962115
3491	0.73155385
3492	0.71393639
3493	0.69646621
3494	0.67853522
3495	0.66077906
3496	0.64238840
3497	0.62398541
3498	0.60558391
3499	0.58644241
3500	0.56892741
3501	0.54954761
3502	0.53204161
3503	0.51365030
3504	0.49518332
3505	0.47580189
3506	0.45664918
3507	0.43853477
3508	0.42092291
3509	0.40261889
3510	0.38451111
3511	0.36639476
3512	0.34830654
3513	0.33083975
3514	0.31297055
3515	0.29530609
3516	0.27790135
3517	0.26021254
3518	0.24294092
3519	0.22596519
3520	0.20925719
3521	0.19294402
3522	0.17723358
3523	0.16204387
3524	0.14744392
3525	0.13274781
3526	0.11900605
3527	0.10622574
3528	0.09111420
3529	0.07546402
3530	0.06268407
3531	0.05195239
3532	0.04088782
3533	0.02970865
3534	0.01922055
3535	0.00924803
3536	-0.00036570
3537	-0.00930085
3538	-0.01744980
3539	-0.02473855
3540	-0.03101206
3541	-0.03582053
3542	-0.03934423
3543	-0.04133666
3544	-0.04175578
3545	-0.04065131
3546	-0.03819869
3547	-0.03456204
3548	-0.02978504
3549	-0.02401271
3550	-0.01728748
3551	-0.00952030
3552	-0.00089150
3553	0.00877401
3554	0.02043506
3555	0.03110562
3556	0.04363727
3557	0.05718451
3558	0.07171994
3559	0.08710271
3560	0.10326494
3561	0.12038060
3562	0.13815290
3563	0.15653425
3564	0.17534021
3565	0.19461705
3566	0.21435271
3567	0.23546375
3568	0.25555649
3569	0.27803168
3570	0.30044067
3571	0.32282045
3572	0.34645069
3573	0.37072620
3574	0.39562061
3575	0.42098856
3576	0.44714102
3577	0.47632170
3578	0.49913713
3579	0.52768826
3580	0.55491132
3581	0.58223283
3582	0.60925138
3583	0.63688511
3584	0.66431779
3585	0.69085121
3586	0.71781409
3587	0.74542326
3588	0.77112377
3589	0.79613912
3590	0.82009184
3591	0.84233218
3592	0.86362773
3593	0.88344210
3594	0.90169644
3595	0.91813976
3596	0.93211704
3597	0.94458896
3598	0.95488715
3599	0.96261758
3600	0.96828324
3601	0.97193110
3602	0.97376984
3603	0.97397274
3604	0.97257143
3605	0.96954745
3606	0.96484846
3607	0.95852900
3608	0.95075607
3609	0.94180071
3610	0.93238050
3611	0.92179602
3612	0.90968060
3613	0.89687109
3614	0.87817872
3615	0.86168265
3616	0.84450805
3617	0.82981169
3618	0.81431991
3619	0.79896522
3620	0.78348982
3621	0.76737958
3622	0.74978399
3623	0.73310417
3624	0.71556187
3625	0.69747263
3626	0.67940575
3627	0.66162449
3628	0.64326674
3629	0.62495130
3630	0.60653162
3631	0.58742064
3632	0.56899780
3633	0.55016732
3634	0.53263253
3635	0.51417089
3636	0.49464458
3637	0.47626987
3638	0.45790121
3639	0.43982670
3640	0.42142788
3641	0.40240064
3642	0.38438797
3643	0.36624730
3644	0.34868678
3645	0.33033693
3646	0.31280819
3647	0.29524428
3648	0.27780443
3649	0.26021266
3650	0.24300590
3651	0.22600204
3652	0.20947343
3653	0.19312865
3654	0.17739965
3655	0.16199735
3656	0.14704697
3657	0.13163692
3658	0.11720029
3659	0.10361934
3660	0.08778664
3661	0.07099188
3662	0.05680688
3663	0.04532832
3664	0.03395808
3665	0.02282365
3666	0.01243050
3667	0.00255822
3668	-0.00688964
3669	-0.01544421
3670	-0.02322300
3671	-0.03015364
3672	-0.03569988
3673	-0.03997283
3674	-0.04310665
3675	-0.04493615
3676	-0.04550426
3677	-0.04500435
3678	-0.04329751
3679	-0.04063190
3680	-0.03711338
3681	-0.03264970
3682	-0.02725633
3683	-0.02094484
3684	-0.01355799
3685	-0.00511299
3686	0.00587235
3687	0.01532890
3688	0.02692708
3689	0.03971741
3690	0.05346547
3691	0.06838729
3692	0.08421558
3693	0.10100239
3694	0.11857619
3695	0.13682458
3696	0.15569346
3697	0.17503241
3698	0.19500543
3699	0.21554950
3700	0.23705089
3701	0.25889447
3702	0.28149506
3703	0.30459955
3704	0.32815897
3705	0.35232997
3706	0.37725222
3707	0.40238836
3708	0.42816591
3709	0.45420423
3710	0.48073065
3711	0.50724554
3712	0.53324938
3713	0.55973870
3714	0.58694220
3715	0.61400735
3716	0.64141685
3717	0.66878724
3718	0.69504386
3719	0.72189271
3720	0.74929142
3721	0.77496928
3722	0.79984838
3723	0.82369691
3724	0.84622860
3725	0.86696130
3726	0.88665032
3727	0.90478337
3728	0.92112082
3729	0.93498152
3730	0.94728577
3731	0.95724821
3732	0.96501821
3733	0.97064984
3734	0.97442859
3735	0.97656167
3736	0.97704333
3737	0.97596312
3738	0.97335446
3739	0.96924078
3740	0.96362603
3741	0.95668483
3742	0.94853860
3743	0.93947750
3744	0.92998624
3745	0.91913253
3746	0.90772367
3747	0.89326388
3748	0.87627226
3749	0.85948104
3750	0.84338683
3751	0.82843465
3752	0.81327289
3753	0.79769993
3754	0.78191662
3755	0.76564860
3756	0.74851108
3757	0.73068988
3758	0.71307033
3759	0.69520551
3760	0.67758858
3761	0.65916240
3762	0.64108068
3763	0.62268412
3764	0.60383797
3765	0.58515930
3766	0.56726640
3767	0.54801035
3768	0.52967662
3769	0.51134771
3770	0.49278331
3771	0.47413537
3772	0.45578903
3773	0.43787608
3774	0.41925246
3775	0.40121880
3776	0.38309771
3777	0.36520290
3778	0.34769955
3779	0.32997665
3780	0.31236053
3781	0.29481918
3782	0.27748409
3783	0.26014391
3784	0.24284972
3785	0.22612517
3786	0.20988332
3787	0.19408162
3788	0.17861423
3789	0.16350847
3790	0.14880057
3791	0.13361260
3792	0.11941890
3793	0.10394304
3794	0.08675530
3795	0.07191128
3796	0.05876547
3797	0.04552250
3798	0.03193728
3799	0.01878258
3800	0.00590925
3801	-0.00663788
3802	-0.01871985
3803	-0.02975697
3804	-0.03989153
3805	-0.04873937
3806	-0.05611092
3807	-0.06196172
3808	-0.06619529
3809	-0.06881674
3810	-0.07001721
3811	-0.06985004
3812	-0.06843904
3813	-0.06592831
3814	-0.06246740
3815	-0.05808954
3816	-0.05287426
3817	-0.04681896
3818	-0.03990652
3819	-0.03218396
3820	-0.02361210
3821	-0.01403647
3822	-0.00352954
3823	0.00773312
3824	0.01993196
3825	0.03313060
3826	0.04735720
3827	0.06249791
3828	0.07834452
3829	0.09483475
3830	0.11177631
3831	0.12916203
3832	0.14697087
3833	0.16520946
3834	0.18391474
3835	0.20387967
3836	0.22367334
3837	0.24344085
3838	0.26531836
3839	0.28612256
3840	0.30906716
3841	0.33198929
3842	0.35605374
3843	0.38040170
3844	0.40507394
3845	0.43014303
3846	0.45555079
3847	0.48149887
3848	0.50672644
3849	0.53254342
3850	0.55844623
3851	0.58432221
3852	0.60989827
3853	0.63524711
3854	0.66129774
3855	0.68695545
3856	0.71286201
3857	0.73733038
3858	0.76101410
3859	0.78362918
3860	0.80505699
3861	0.82517821
3862	0.84377539
3863	0.86071169
3864	0.87554568
3865	0.88842040
3866	0.89935297
3867	0.90805817
3868	0.91455716
3869	0.91891044
3870	0.92121744
3871	0.92176324
3872	0.92038590
3873	0.91731298
3874	0.91258264
3875	0.90636784
3876	0.89889461
3877	0.88867462
3878	0.87713045
3879	0.86271566
3880	0.84387046
3881	0.82489157
3882	0.80761003
3883	0.79197472
3884	0.77688503
3885	0.76165289
3886	0.74545366
3887	0.72975153
3888	0.71306616
3889	0.69593740
3890	0.67863089
3891	0.66130245
3892	0.64311922
3893	0.62371260
3894	0.60575140
3895	0.58739460
3896	0.56902206
3897	0.55061018
3898	0.53230762
3899	0.51306850
3900	0.49411857
3901	0.47551006
3902	0.45710307
3903	0.43867829
3904	0.42022923
3905	0.40174824
3906	0.38383231
3907	0.36548030
3908	0.34717420
3909	0.32894248
3910	0.31093967
3911	0.29286128
3912	0.27485216
3913	0.25751531
3914	0.23985133
3915	0.22216175
3916	0.20483153
3917	0.18773381
3918	0.17097425
3919	0.15451910
3920	0.13839668
3921	0.12285883
3922	0.10780693
3923	0.09328137
3924	0.07917321
3925	0.06486239
3926	0.05224455
3927	0.03907805
3928	0.02405175
3929	0.01078755
3930	0.00081895
3931	-0.00853543
3932	-0.01814524
3933	-0.02713633
3934	-0.03543384
3935	-0.04320953
3936	-0.05019751
3937	-0.05625651
3938	-0.06114801
3939	-0.06487802
3940	-0.06726106
3941	-0.06835104
3942	-0.06813537
3943	-0.06667727
3944	-0.06396531
3945	-0.06016265
3946	-0.05524956
3947	-0.04930677
3948	-0.04231258
3949	-0.03327443
3950	-0.02526642
3951	-0.01542212
3952	-0.00451758
3953	0.00737601
3954	0.02010781
3955	0.03375978
3956	0.04849789
3957	0.06413247
3958	0.08073667
3959	0.09816786
3960	0.11635941
3961	0.13529815
3962	0.15492555
3963	0.17507179
3964	0.19630359
3965	0.21777655
3966	0.23985249
3967	0.26235926
3968	0.28536239
3969	0.30899513
3970	0.33348727
3971	0.35827476
3972	0.38374117
3973	0.40961921
3974	0.43590686
3975	0.46283329
3976	0.48920244
3977	0.51606321
3978	0.54306310
3979	0.57007337
3980	0.59712005
3981	0.62375951
3982	0.65068638
3983	0.67796564
3984	0.70556819
3985	0.73317498
3986	0.75927466
3987	0.78442305
3988	0.80860955
3989	0.83145958
3990	0.85238492
3991	0.87234885
3992	0.89062512
3993	0.90671110
3994	0.92098206
3995	0.93322945
3996	0.94317871
3997	0.95079356
3998	0.95613241
3999	0.95949900
4000	0.96101415
4001	0.96085650
4002	0.95892817
4003	0.95526034
4004	0.94998044
4005	0.94321084
4006	0.93523335
4007	0.92687064
4008	0.91584754
4009	0.90458214
4010	0.88789487
4011	0.87096268
4012	0.85277343
4013	0.83628792
4014	0.82103699
4015	0.80642891
4016	0.79142708
4017	0.77579343
4018	0.75935352
4019	0.74220473
4020	0.72479177
4021	0.70734775
4022	0.68954319
4023	0.67170501
4024	0.65338457
4025	0.63533902
4026	0.61625272
4027	0.59788781
4028	0.57956028
4029	0.56142354
4030	0.54304111
4031	0.52463931
4032	0.50496382
4033	0.48636702
4034	0.46778148
4035	0.44930688
4036	0.43149698
4037	0.41330585
4038	0.39576271
4039	0.37728843
4040	0.35937253
4041	0.34135577
4042	0.32336569
4043	0.30562899
4044	0.28761247
4045	0.27033314
4046	0.25300747
4047	0.23589958
4048	0.21907546
4049	0.20261352
4050	0.18662076
4051	0.17117892
4052	0.15614960
4053	0.14174815
4054	0.12764874
4055	0.11330590
4056	0.10027314
4057	0.08507327
4058	0.06975451
4059	0.05757255
4060	0.04734483
4061	0.03692860
4062	0.02673345
4063	0.01732577
4064	0.00843467
4065	0.00002244
4066	-0.00735124
4067	-0.01381326
4068	-0.01914142
4069	-0.02312443
4070	-0.02566180
4071	-0.02688114
4072	-0.02654827
4073	-0.02493373
4074	-0.02201651
4075	-0.01809756
4076	-0.01311181
4077	-0.00735432
4078	-0.00076336
4079	0.00666328
4080	0.01498628
4081	0.02414894
4082	0.03417760
4083	0.04515272
4084	0.05707827
4085	0.07021356
4086	0.08432731
4087	0.09944501
4088	0.11554864
4089	0.13268784
4090	0.15052918
4091	0.16909635
4092	0.18814783
4093	0.20773627
4094	0.22774218
4095	0.24879196
4096	0.26983935
4097	0.29145238
4098	0.31373715
4099	0.33624300
4100	0.35984421
4101	0.38396460
4102	0.40903178
4103	0.43465266
4104	0.46084917
4105	0.48725191
4106	0.51349151
4107	0.54040992
4108	0.56704515
4109	0.59407204
4110	0.62112421
4111	0.64872694
4112	0.67619687
4113	0.70285428
4114	0.72987759
4115	0.75673437
4116	0.78392774
4117	0.80940616
4118	0.83400106
4119	0.85691237
4120	0.87898403
4121	0.89968085
4122	0.91888446
4123	0.93640506
4124	0.95184356
4125	0.96527761
4126	0.97674114
4127	0.98590839
4128	0.99267089
4129	0.99724215
4130	0.99999374
4131	1.00090683
4132	0.99999040
4133	0.99739873
4134	0.99304444
4135	0.98705900
4136	0.97956705
4137	0.97117031
4138	0.96130592
4139	0.95013595
4140	0.93821776
4141	0.92000276
4142	0.90341479
4143	0.88555086
4144	0.86990690
4145	0.85459924
4146	0.83930516
4147	0.82377768
4148	0.80806983
4149	0.79159814
4150	0.77371162
4151	0.75699401
4152	0.73947430
4153	0.72125381
4154	0.70300490
4155	0.68469065
4156	0.66685063
4157	0.64856678
4158	0.63011378
4159	0.61116505
4160	0.59268397
4161	0.57377094
4162	0.55531240
4163	0.53685689
4164	0.51927102
4165	0.49981609
4166	0.48177841
4167	0.46308467
4168	0.44516021
4169	0.42694330
4170	0.40815076
4171	0.39010763
4172	0.37204492
4173	0.35446605
4174	0.33635265
4175	0.31848374
4176	0.30130458
4177	0.28383589
4178	0.26662841
4179	0.24973653
4180	0.23312752
4181	0.21696132
4182	0.20136945
4183	0.18631858
4184	0.17182817
4185	0.15704179
4186	0.14315917
4187	0.13027461
4188	0.11640261
4189	0.10093497
4190	0.08757686
4191	0.07742735
4192	0.06779747
4193	0.05800112
4194	0.04898404
4195	0.04058268
4196	0.03257711
4197	0.02540808
4198	0.01904425
4199	0.01383772
4200	0.00986321
4201	0.00736441
4202	0.00629043
4203	0.00675409
4204	0.00856227
4205	0.01164965
4206	0.01589834
4207	0.02118771
4208	0.02742488
4209	0.03458118
4210	0.04259454
4211	0.05166160
4212	0.06169339
4213	0.07276145
4214	0.08484299
4215	0.09785097
4216	0.11195476
4217	0.12708950
4218	0.14297004
4219	0.15972690
4220	0.17729266
4221	0.19550452
4222	0.21426761
4223	0.23353694
4224	0.25327733
4225	0.27355275
4226	0.29475912
4227	0.31612277
4228	0.33815497
4229	0.36076650
4230	0.38391250
4231	0.40791994
4232	0.43236616
4233	0.45454547
4234	0.47865769
4235	0.50890273
4236	0.53513765
4237	0.56190085
4238	0.58890986
4239	0.61604112
4240	0.64354694
4241	0.67090756
4242	0.69832653
4243	0.72563684
4244	0.75230950
4245	0.77921104
4246	0.80674148
4247	0.83247572
4248	0.85753798
4249	0.88161457
4250	0.90398359
4251	0.92551726
4252	0.94556510
4253	0.96407169
4254	0.98087627
4255	0.99531734
4256	1.00822222
4257	1.01887143
4258	1.02724552
4259	1.03340185
4260	1.03749502
4261	1.03966928
4262	1.04021287
4263	1.03901982
4264	1.03608847
4265	1.03152072
4266	1.02544653
4267	1.01797545
4268	1.00936639
4269	0.99995923
4270	0.99005097
4271	0.97856891
4272	0.96593720
4273	0.94703722
4274	0.92998785
4275	0.91233402
4276	0.89702332
4277	0.88171464
4278	0.86630994
4279	0.85070413
4280	0.83441216
4281	0.81764334
4282	0.80047178
4283	0.78263831
4284	0.76496655
4285	0.74688655
4286	0.72863722
4287	0.71023536
4288	0.69187641
4289	0.67413950
4290	0.65586138
4291	0.63785547
4292	0.61766440
4293	0.59964526
4294	0.58127826
4295	0.56280488
4296	0.54437602
4297	0.52588773
4298	0.50812274
4299	0.48938331
4300	0.47178191
4301	0.45355052
4302	0.43511093
4303	0.41704503
4304	0.39904618
4305	0.38123527
4306	0.36347371
4307	0.34556797
4308	0.32821715
4309	0.31074497
4310	0.29351789
4311	0.27658740
4312	0.26004153
4313	0.24389218
4314	0.22828563
4315	0.21308517
4316	0.19851467
4317	0.18354493
4318	0.16938677
4319	0.15612057
4320	0.14178963
4321	0.12634981
4322	0.11330086
4323	0.10296648
4324	0.09276816
4325	0.08234177
4326	0.07256224
4327	0.06316314
4328	0.05423233
4329	0.04594883
4330	0.03846364
4331	0.03202505
4332	0.02679058
4333	0.02283142
4334	0.02018133
4335	0.01889569
4336	0.01883462
4337	0.02002572
4338	0.02227823
4339	0.02557717
4340	0.02978693
4341	0.03493994
4342	0.04100906
4343	0.04800985
4344	0.05603238
4345	0.06502814
4346	0.07499684
4347	0.08589603
4348	0.09780059
4349	0.11077184
4350	0.12490060
4351	0.14004517
4352	0.15605745
4353	0.17283334
4354	0.19032165
4355	0.20831914
4356	0.22675425
4357	0.24570961
4358	0.26499474
4359	0.28537378
4360	0.30568212
4361	0.32669297
4362	0.34832820
4363	0.37069285
4364	0.39324608
4365	0.41671917
4366	0.44091883
4367	0.46548268
4368	0.49056581
4369	0.51624995
4370	0.54213285
4371	0.56835049
4372	0.59479564
4373	0.62143749
4374	0.64736307
4375	0.67524159
4376	0.70257884
4377	0.72875875
4378	0.75494182
4379	0.78137404
4380	0.80818975
4381	0.83320338
4382	0.85758966
4383	0.88036799
4384	0.90242827
4385	0.92317551
4386	0.94253922
4387	0.96046686
4388	0.97662866
4389	0.99069786
4390	1.00278258
4391	1.01298547
4392	1.02087712
4393	1.02667975
4394	1.03048480
4395	1.03237188
4396	1.03257334
4397	1.03105998
4398	1.02793980
4399	1.02330482
4400	1.01718092
4401	1.00978816
4402	1.00158608
4403	0.99208325
4404	0.98094815
4405	0.96876299
4406	0.95029336
4407	0.93381023
4408	0.91635251
4409	0.90058553
4410	0.88519561
4411	0.87037802
4412	0.85459340
4413	0.83885241
4414	0.82235068
4415	0.80516964
4416	0.78781241
4417	0.76995307
4418	0.75198847
4419	0.73370546
4420	0.71524143
4421	0.69690156
4422	0.67949212
4423	0.66120833
4424	0.64295208
4425	0.62306005
4426	0.60465235
4427	0.58624154
4428	0.56779569
4429	0.54899943
4430	0.53078479
4431	0.51241457
4432	0.49464494
4433	0.47688216
4434	0.45866093
4435	0.44048390
4436	0.42174911
4437	0.40411478
4438	0.38628766
4439	0.36872774
4440	0.35109094
4441	0.33375019
4442	0.31651235
4443	0.29938164
4444	0.28254762
4445	0.26615101
4446	0.25028855
4447	0.23488435
4448	0.22006512
4449	0.20566539
4450	0.19080628
4451	0.17711593
4452	0.16281688
4453	0.14689256
4454	0.13228543
4455	0.12048162
4456	0.10931707
4457	0.09813631
4458	0.08766754
4459	0.07777986
4460	0.06830488
4461	0.05950179
4462	0.05145930
4463	0.04442612
4464	0.03848655
4465	0.03383232
4466	0.03054516
4467	0.02871721
4468	0.02839821
4469	0.02969844
4470	0.03234692
4471	0.03627164
4472	0.04133259
4473	0.04750342
4474	0.05459895
4475	0.06268018
4476	0.07164372
4477	0.08140956
4478	0.09207784
4479	0.10358184
4480	0.11592507
4481	0.12927641
4482	0.14361009
4483	0.15888605
4484	0.17506419
4485	0.19216155
4486	0.21007514
4487	0.22859468
4488	0.24771415
4489	0.26731205
4490	0.28818682
4491	0.30896020
4492	0.32933527
4493	0.35217711
4494	0.37489265
4495	0.39765516
4496	0.42118022
4497	0.44520369
4498	0.47029832
4499	0.49575925
4500	0.52088141
4501	0.54688507
4502	0.57288909
4503	0.59969306
4504	0.62631774
4505	0.65325272
4506	0.68008363
4507	0.70682144
4508	0.73330081
4509	0.75962764
4510	0.78611773
4511	0.81312799
4512	0.83833957
4513	0.86273456
4514	0.88565004
4515	0.90786767
4516	0.92871118
4517	0.94808316
4518	0.96583784
4519	0.98181581
4520	0.99530172
4521	1.00718904
4522	1.01663232
4523	1.02381504
4524	1.02885723
4525	1.03187764
4526	1.03311384
4527	1.03265762
4528	1.03062057
4529	1.02692997
4530	1.02161336
4531	1.01478934
4532	1.00667250
4533	0.99752247
4534	0.98719811
4535	0.97588670
4536	0.96406549
4537	0.94648343
4538	0.92896783
4539	0.91088736
4540	0.89450884
4541	0.87938672
4542	0.86461711
4543	0.84874284
4544	0.83315575
4545	0.81664371
4546	0.79949242
4547	0.78173369
4548	0.76409978
4549	0.74615610
4550	0.72800463
4551	0.70963210
4552	0.69120324
4553	0.67278630
4554	0.65495998
4555	0.63669300
4556	0.61709189
4557	0.59860301
4558	0.58022040
4559	0.56175101
4560	0.54327035
4561	0.52470672
4562	0.50675744
4563	0.48852494
4564	0.47040257
4565	0.45257801
4566	0.43432325
4567	0.41671348
4568	0.39687124
4569	0.37891623
4570	0.36115116
4571	0.34347767
4572	0.32646638
4573	0.30916730
4574	0.29199895
4575	0.27515477
4576	0.25868315
4577	0.24250288
4578	0.22683224
4579	0.21164943
4580	0.19708619
4581	0.18221675
4582	0.16825636
4583	0.15531349
4584	0.14163925
4585	0.12624410
4586	0.11270402
4587	0.10233260
4588	0.09288622
4589	0.08369289
4590	0.07541408
4591	0.06805532
4592	0.06124583
4593	0.05528377
4594	0.05034089
4595	0.04637436
4596	0.04356899
4597	0.04197451
4598	0.04168618
4599	0.04266703
4600	0.04485302
4601	0.04813974
4602	0.05252988
4603	0.05782449
4604	0.06406531
4605	0.07124247
4606	0.07935894
4607	0.08848072
4608	0.09860266
4609	0.10972092
4610	0.12164765
4611	0.13451913
4612	0.14828566
4613	0.16305263
4614	0.17877030
4615	0.19534329
4616	0.21260214
4617	0.23053119
4618	0.24896982
4619	0.26795658
4620	0.28731748
4621	0.30761972
4622	0.32779351
4623	0.34924075
4624	0.37068450
4625	0.39252043
4626	0.41553459
4627	0.43876907
4628	0.46291184
4629	0.48740807
4630	0.51186275
4631	0.53715539
4632	0.56264490
4633	0.58855170
4634	0.61467314
4635	0.64112097
4636	0.66749066
4637	0.69384426
4638	0.72027546
4639	0.74680901
4640	0.77271694
4641	0.79879510
4642	0.82460737
4643	0.85071063
4644	0.87457550
4645	0.89801061
4646	0.92012429
4647	0.94070089
4648	0.95978844
4649	0.97720104
4650	0.99256968
4651	1.00585306
4652	1.01719379
4653	1.02619398
4654	1.03289366
4655	1.03743899
4656	1.03992224
4657	1.04049253
4658	1.03930068
4659	1.03630197
4660	1.03161585
4661	1.02519238
4662	1.01726747
4663	1.00846374
4664	0.99831080
4665	0.98657733
4666	0.97369510
4667	0.95431423
4668	0.93831491
4669	0.92079544
4670	0.90598565
4671	0.89085895
4672	0.87538087
4673	0.85992330
4674	0.84365261
4675	0.82608169
4676	0.80881685
4677	0.79177904
4678	0.77423793
4679	0.75624973
4680	0.73802781
4681	0.71958071
4682	0.70109212
4683	0.68236595
4684	0.66390449
4685	0.64676344
4686	0.62805957
4687	0.60879445
4688	0.59047019
4689	0.57213336
4690	0.55392826
4691	0.53535557
4692	0.51704675
4693	0.49881461
4694	0.48099908
4695	0.46293521
4696	0.44487149
4697	0.42611286
4698	0.40845490
4699	0.39115080
4700	0.37385181
4701	0.35633218
4702	0.33907527
4703	0.32188222
4704	0.30476567
4705	0.28821343
4706	0.27209717
4707	0.25628060
4708	0.24089193
4709	0.22590588
4710	0.21046793
4711	0.19567302
4712	0.18171512
4713	0.16605902
4714	0.14916405
4715	0.13467117
4716	0.12289813
4717	0.11177217
4718	0.10110896
4719	0.09136644
4720	0.08233567
4721	0.07377794
4722	0.06594092
4723	0.05911081
4724	0.05320200
4725	0.04833660
4726	0.04463539
4727	0.04224510
4728	0.04128198
4729	0.04163932
4730	0.04320054
4731	0.04605542
4732	0.04997636
4733	0.05494384
4734	0.06088424
4735	0.06778791
4736	0.07564750
4737	0.08439559
4738	0.09409360
4739	0.10473541
4740	0.11626414
4741	0.12858538
4742	0.14175183
4743	0.15583390
4744	0.17085499
4745	0.18677653
4746	0.20339477
4747	0.22075401
4748	0.23872536
4749	0.25736234
4750	0.27660069
4751	0.29627392
4752	0.31737474
4753	0.33752134
4754	0.35997111
4755	0.38224205
4756	0.40463668
4757	0.42781445
4758	0.45162663
4759	0.47599739
4760	0.50081849
4761	0.52598149
4762	0.55154598
4763	0.57744300
4764	0.60350037
4765	0.62960327
4766	0.65627152
4767	0.68269485
4768	0.70914918
4769	0.73570961
4770	0.76168966
4771	0.78788710
4772	0.81383693
4773	0.84008068
4774	0.86404085
4775	0.88768297
4776	0.91009241
4777	0.93121243
4778	0.95087010
4779	0.96890712
4780	0.98524845
4781	0.99905252
4782	1.01121736
4783	1.02107394
4784	1.02856827
4785	1.03380394
4786	1.03711116
4787	1.03854311
4788	1.03827989
4789	1.03627026
4790	1.03258038
4791	1.02716267
4792	1.02008533
4793	1.01163781
4794	1.00207531
4795	0.99192190
4796	0.98030519
4797	0.96823049
4798	0.95013815
4799	0.93409365
4800	0.91584927
4801	0.90024716
4802	0.88518947
4803	0.86985981
4804	0.85422236
4805	0.83840209
4806	0.82102776
4807	0.80386269
4808	0.78711951
4809	0.76918143
4810	0.75128335
4811	0.73309243
4812	0.71457934
4813	0.69612306
4814	0.67826211
4815	0.65871406
4816	0.64162964
4817	0.62168175
4818	0.60337830
4819	0.58492815
4820	0.56642383
4821	0.54788470
4822	0.52936268
4823	0.51116967
4824	0.49290764
4825	0.47518682
4826	0.45689142
4827	0.43862069
4828	0.41966948
4829	0.40160054
4830	0.38369998
4831	0.36633509
4832	0.34867096
4833	0.33145058
4834	0.31414747
4835	0.29700363
4836	0.28019056
4837	0.26367825
4838	0.24760421
4839	0.23198475
4840	0.21687484
4841	0.20221612
4842	0.18730195
4843	0.17328547
4844	0.15997536
4845	0.14428727
4846	0.12842114
4847	0.11550245
4848	0.10440588
4849	0.09317942
4850	0.08224359
4851	0.07209965
4852	0.06223826
4853	0.05290648
4854	0.04427083
4855	0.03646698
4856	0.02975503
4857	0.02436925
4858	0.02041784
4859	0.01810489
4860	0.01725645
4861	0.01780016
4862	0.01946609
4863	0.02224897
4864	0.02601050
4865	0.03063234
4866	0.03625050
4867	0.04281472
4868	0.05036173
4869	0.05890959
4870	0.06868682
4871	0.07944208
4872	0.09133364
4873	0.10423959
4874	0.11802600
4875	0.13274649
4876	0.14833753
4877	0.16483463
4878	0.18210831
4879	0.20000102
4880	0.21843451
4881	0.23736961
4882	0.25677961
4883	0.27677011
4884	0.29772624
4885	0.31845313
4886	0.34077513
4887	0.36334807
4888	0.38632631
4889	0.40993384
4890	0.43373224
4891	0.45867902
4892	0.47985402
4893	0.50958830
4894	0.53557241
4895	0.56199884
4896	0.58876759
4897	0.61550152
4898	0.64265329
4899	0.66963029
4900	0.69648474
4901	0.72337472
4902	0.75024480
4903	0.77625811
4904	0.80358917
4905	0.82910800
4906	0.85399300
4907	0.87783170
4908	0.89980048
4909	0.92088133
4910	0.94040537
4911	0.95833951
4912	0.97452402
4913	0.98828608
4914	1.00042403
4915	1.01032388
4916	1.01783824
4917	1.02312624
4918	1.02650559
4919	1.02798033
4920	1.02769899
4921	1.02564418
4922	1.02190256
4923	1.01646304
4924	1.00951517
4925	1.00137043
4926	0.99167752
4927	0.98079473
4928	0.96892107
4929	0.95074660
4930	0.93441272
4931	0.91617447
4932	0.89959288
4933	0.88320613
4934	0.86831629
4935	0.85317028
4936	0.83738136
4937	0.82135141
4938	0.80362952
4939	0.78660417
4940	0.76913464
4941	0.75145859
4942	0.73337400
4943	0.71510404
4944	0.69670582
4945	0.67835873
4946	0.65943676
4947	0.64205015
4948	0.62254471
4949	0.60415518
4950	0.58582228
4951	0.56743306
4952	0.54895097
4953	0.53040320
4954	0.51194602
4955	0.49432173
4956	0.47573760
4957	0.45812511
4958	0.43931317
4959	0.42112920
4960	0.40247190
4961	0.38437977
4962	0.36655843
4963	0.34909362
4964	0.33111620
4965	0.31350410
4966	0.29606739
4967	0.27875069
4968	0.26186252
4969	0.24522930
4970	0.22897699
4971	0.21336208
4972	0.19818409
4973	0.18369387
4974	0.16948308
4975	0.15507425
4976	0.14225991
4977	0.13036540
4978	0.11669963
4979	0.10381011
4980	0.09440262
4981	0.08657477
4982	0.07879511
4983	0.07142397
4984	0.06501944
4985	0.05911449
4986	0.05395041
4987	0.04964474
4988	0.04636784
4989	0.04433411
4990	0.04350229
4991	0.04419164
4992	0.04610303
4993	0.04935074
4994	0.05368869
4995	0.05901016
4996	0.06525422
4997	0.07231290
4998	0.08017739
4999	0.08885229
5000	0.09845668
5001	0.10904724
5002	0.12042356
5003	0.13263249
5004	0.14566520
5005	0.15959166
5006	0.17433573
5007	0.18994376
5008	0.20640875
5009	0.22359860
5010	0.24149339
5011	0.26000980
5012	0.27907014
5013	0.29901952
5014	0.31922457
5015	0.33990192
5016	0.36153901
5017	0.38363478
5018	0.40636435
5019	0.42952409
5020	0.45342180
5021	0.48645678
5022	0.50267577
5023	0.52785397
5024	0.55346984
5025	0.57957792
5026	0.60592961
5027	0.63266212
5028	0.65977037
5029	0.68614656
5030	0.71285510
5031	0.73961341
5032	0.76621211
5033	0.79269779
5034	0.81904107
5035	0.84458894
5036	0.86952829
5037	0.89303631
5038	0.91586167
5039	0.93739831
5040	0.95742434
5041	0.97593027
5042	0.99268275
5043	1.00699794
5044	1.01987267
5045	1.03043389
5046	1.03868353
5047	1.04462707
5048	1.04838979
5049	1.05018723
5050	1.05026865
5051	1.04869437
5052	1.04545736
5053	1.04041684
5054	1.03371859
5055	1.02594018
5056	1.01639807
5057	1.00547206
5058	0.99333644
5059	0.97758555
5060	0.95957613
5061	0.94206351
5062	0.92595834
5063	0.91096550
5064	0.89565378
5065	0.88024640
5066	0.86456901
5067	0.84836847
5068	0.83146203
5069	0.81355184
5070	0.79612249
5071	0.77882361
5072	0.76106578
5073	0.74280286
5074	0.72434455
5075	0.70596075
5076	0.68770766
5077	0.66903460
5078	0.65072864
5079	0.63235527
5080	0.61369568
5081	0.59545135
5082	0.57715786
5083	0.55874860
5084	0.54026121
5085	0.52184057
5086	0.50387478
5087	0.48558339
5088	0.46751484
5089	0.44907421
5090	0.43122658
5091	0.41231468
5092	0.39433452
5093	0.37690324
5094	0.35867333
5095	0.34083462
5096	0.32359833
5097	0.30604011
5098	0.28874829
5099	0.27173734
5100	0.25503218
5101	0.23889558
5102	0.22330055
5103	0.20823251
5104	0.19381887
5105	0.17898482
5106	0.16511782
5107	0.15225525
5108	0.13802603
5109	0.12315504
5110	0.11109288
5111	0.10163759
5112	0.09230652
5113	0.08295614
5114	0.07432453
5115	0.06601403
5116	0.05792294
5117	0.05044297
5118	0.04370410
5119	0.03777219
5120	0.03284305
5121	0.02912862
5122	0.02672219
5123	0.02556190
5124	0.02571735
5125	0.02715518
5126	0.02972753
5127	0.03340331
5128	0.03813910
5129	0.04380751
5130	0.05039613
5131	0.05792953
5132	0.06640396
5133	0.07587895
5134	0.08619998
5135	0.09741540
5136	0.10954208
5137	0.12261119
5138	0.13670816
5139	0.15183216
5140	0.16797464
5141	0.18501471
5142	0.20283280
5143	0.22143377
5144	0.24056073
5145	0.26032838
5146	0.28064138
5147	0.30230317
5148	0.32358885
5149	0.34647554
5150	0.36957154
5151	0.39346424
5152	0.41798982
5153	0.44294453
5154	0.46873343
5155	0.49473390
5156	0.52124697
5157	0.54789400
5158	0.57474130
5159	0.60176629
5160	0.62882882
5161	0.65642112
5162	0.68376255
5163	0.71120173
5164	0.73858601
5165	0.76588577
5166	0.79291826
5167	0.81964999
5168	0.84530681
5169	0.87021017
5170	0.89394850
5171	0.91588765
5172	0.93694645
5173	0.95650834
5174	0.97441792
5175	0.99047619
5176	1.00386155
5177	1.01546192
5178	1.02454543
5179	1.03114939
5180	1.03545427
5181	1.03772962
5182	1.03815043
5183	1.03679085
5184	1.03371596
5185	1.02902555
5186	1.02253854
5187	1.01452482
5188	1.00536287
5189	0.99479586
5190	0.98327166
5191	0.97093970
5192	0.95277834
5193	0.93518639
5194	0.91672063
5195	0.90039235
5196	0.88510311
5197	0.87021583
5198	0.85479689
5199	0.83922279
5200	0.82273501
5201	0.80473936
5202	0.78830343
5203	0.77075607
5204	0.75253862
5205	0.73426282
5206	0.71585619
5207	0.69740897
5208	0.67959303
5209	0.66159385
5210	0.64314461
5211	0.62319273
5212	0.60481203
5213	0.58628511
5214	0.56786019
5215	0.54945827
5216	0.53091252
5217	0.51256633
5218	0.49472839
5219	0.47704673
5220	0.45872861
5221	0.44042537
5222	0.42153960
5223	0.40336356
5224	0.38585389
5225	0.36773726
5226	0.35003972
5227	0.33250684
5228	0.31510225
5229	0.29790440
5230	0.28095439
5231	0.26424623
5232	0.24789689
5233	0.23217674
5234	0.21690840
5235	0.20216066
5236	0.18791601
5237	0.17319472
5238	0.16006486
5239	0.14724550
5240	0.13223630
5241	0.11793442
5242	0.10701082
5243	0.09785179
5244	0.08897927
5245	0.08074520
5246	0.07361948
5247	0.06695989
5248	0.06114599
5249	0.05605735
5250	0.05185080
5251	0.04862753
5252	0.04659554
5253	0.04564491
5254	0.04590893
5255	0.04736917
5256	0.05000618
5257	0.05370211
5258	0.05835409
5259	0.06402864
5260	0.07059790
5261	0.07811609
5262	0.08657880
5263	0.09605798
5264	0.10655438
5265	0.11805923
5266	0.13064323
5267	0.14425960
5268	0.15871167
5269	0.17407653
5270	0.19031970
5271	0.20719931
5272	0.22475860
5273	0.24287952
5274	0.26147622
5275	0.28064698
5276	0.30076838
5277	0.32097399
5278	0.34103703
5279	0.36310968
5280	0.38514531
5281	0.40719777
5282	0.43022963
5283	0.45365551
5284	0.47744858
5285	0.50194484
5286	0.52693415
5287	0.55227983
5288	0.57787895
5289	0.60373956
5290	0.62970477
5291	0.65609032
5292	0.68234879
5293	0.70858383
5294	0.73493242
5295	0.76131701
5296	0.78683120
5297	0.81267357
5298	0.83898073
5299	0.86357749
5300	0.88738799
5301	0.90958828
5302	0.93098748
5303	0.95100015
5304	0.96946120
5305	0.98631036
5306	1.00112927
5307	1.01397491
5308	1.02497697
5309	1.03367221
5310	1.04004049
5311	1.04435086
5312	1.04658210
5313	1.04704607
5314	1.04574180
5315	1.04269898
5316	1.03792119
5317	1.03156793
5318	1.02373552
5319	1.01462460
5320	1.00449598
5321	0.99309754
5322	0.98198992
5323	0.96983832
5324	0.95476627
5325	0.93817782
5326	0.92016578
5327	0.90300387
5328	0.88709527
5329	0.87227786
5330	0.85661501
5331	0.84075183
5332	0.82450992
5333	0.80740738
5334	0.79006970
5335	0.77258396
5336	0.75450069
5337	0.73637664
5338	0.71807754
5339	0.69966966
5340	0.68190402
5341	0.66352558
5342	0.64544207
5343	0.62703085
5344	0.60771608
5345	0.58864176
5346	0.57011759
5347	0.55173862
5348	0.53306615
5349	0.51457745
5350	0.49671453
5351	0.47922617
5352	0.46091980
5353	0.44278136
5354	0.42394620
5355	0.40630692
5356	0.38836581
5357	0.37058336
5358	0.35272941
5359	0.33527356
5360	0.31784165
5361	0.30057544
5362	0.28358886
5363	0.26687267
5364	0.25055063
5365	0.23468614
5366	0.21922307
5367	0.20417327
5368	0.18952948
5369	0.17439964
5370	0.16044925
5371	0.14719592
5372	0.13175493
5373	0.11613963
5374	0.10377777
5375	0.09369948
5376	0.08382221
5377	0.07446281
5378	0.06609330
5379	0.05828185
5380	0.05098498
5381	0.04452277
5382	0.03888606
5383	0.03421910
5384	0.03074657
5385	0.02849981
5386	0.02752052
5387	0.02771056
5388	0.02917565
5389	0.03174506
5390	0.03528465
5391	0.03977537
5392	0.04502506
5393	0.05101892
5394	0.05780166
5395	0.06543428
5396	0.07394071
5397	0.08340450
5398	0.09387834
5399	0.10521816
5400	0.11767536
5401	0.13122585
5402	0.14568265
5403	0.16106169
5404	0.17733313
5405	0.19428714
5406	0.21179846
5407	0.22979176
5408	0.24816404
5409	0.26697221
5410	0.28671610
5411	0.30647716
5412	0.32633451
5413	0.34783104
5414	0.36954090
5415	0.39145023
5416	0.41422454
5417	0.43762106
5418	0.46105170
5419	0.48527029
5420	0.51055878
5421	0.53567255
5422	0.56103373
5423	0.58664763
5424	0.61216134
5425	0.63808823
5426	0.66439080
5427	0.69051248
5428	0.71613985
5429	0.74221128
5430	0.76789600
5431	0.79345036
5432	0.81921178
5433	0.84304839
5434	0.86549681
5435	0.88712275
5436	0.90736324
5437	0.92616194
5438	0.94330758
5439	0.95870936
5440	0.97182035
5441	0.98284030
5442	0.99181217
5443	0.99837208
5444	1.00280190
5445	1.00510454
5446	1.00557768
5447	1.00428760
5448	1.00136352
5449	0.99678808
5450	0.99053675
5451	0.98263472
5452	0.97336227
5453	0.96298206
5454	0.95104438
5455	0.93965518
5456	0.92711127
5457	0.91345567
5458	0.89587188
5459	0.87827593
5460	0.86061519
5461	0.84415114
5462	0.82884145
5463	0.81339329
5464	0.79732734
5465	0.78146052
5466	0.76409131
5467	0.74687362
5468	0.72939169
5469	0.71170622
5470	0.69373143
5471	0.67607599
5472	0.65774930
5473	0.63974583
5474	0.62025911
5475	0.60205787
5476	0.58377540
5477	0.56499404
5478	0.54653287
5479	0.52810574
5480	0.50957030
5481	0.49087435
5482	0.47237670
5483	0.45472497
5484	0.43695235
5485	0.41795513
5486	0.39981061
5487	0.38186765
5488	0.36384857
5489	0.34594169
5490	0.32826564
5491	0.31060353
5492	0.29324535
5493	0.27626768
5494	0.25900510
5495	0.24210881
5496	0.22552244
5497	0.20926432
5498	0.19351745
5499	0.17820780
5500	0.16325103
5501	0.14804626
5502	0.13353677
5503	0.11996277
5504	0.10519353
5505	0.08867207
5506	0.07418425
5507	0.06273732
5508	0.05206812
5509	0.04165504
5510	0.03216945
5511	0.02351036
5512	0.01537230
5513	0.00801024
5514	0.00152389
5515	-0.00393970
5516	-0.00821375
5517	-0.01118483
5518	-0.01271121
5519	-0.01271315
5520	-0.01111089
5521	-0.00815025
5522	-0.00390872
5523	0.00150962
5524	0.00803226
5525	0.01557622
5526	0.02408424
5527	0.03356219
5528	0.04390094
5529	0.05501941
5530	0.06700224
5531	0.07986055
5532	0.09371950
5533	0.10849941
5534	0.12430551
5535	0.14102055
5536	0.15850671
5537	0.17658573
5538	0.19523120
5539	0.21451895
5540	0.23489363
5541	0.25543973
5542	0.27599013
5543	0.29842928
5544	0.32092053
5545	0.34372064
5546	0.36756214
5547	0.39211434
5548	0.41704431
5549	0.44250143
5550	0.46341008
5551	0.49489123
5552	0.52129507
5553	0.54790854
5554	0.57475740
5555	0.60174519
5556	0.62897706
5557	0.65612453
5558	0.68361378
5559	0.71014035
5560	0.73623043
5561	0.76372880
5562	0.78937900
5563	0.81440407
5564	0.83832568
5565	0.86102480
5566	0.88191307
5567	0.90182942
5568	0.92010915
5569	0.93659699
5570	0.95060825
5571	0.96303701
5572	0.97311944
5573	0.98082793
5574	0.98620260
5575	0.98945367
5576	0.99087727
5577	0.99050331
5578	0.98843259
5579	0.98462826
5580	0.97906703
5581	0.97204286
5582	0.96408951
5583	0.95289838
5584	0.94105583
5585	0.92635322
5586	0.90799308
5587	0.88953465
5588	0.87310892
5589	0.85730821
5590	0.84211916
5591	0.82705480
5592	0.81118608
5593	0.79576683
5594	0.77917838
5595	0.76187581
5596	0.74374211
5597	0.72670668
5598	0.70895720
5599	0.69088924
5600	0.67309952
5601	0.65470111
5602	0.63635540
5603	0.61820883
5604	0.59957504
5605	0.58160245
5606	0.56273323
5607	0.54372567
5608	0.52525908
5609	0.50682122
5610	0.48843426
5611	0.47000670
5612	0.45109281
5613	0.43370989
5614	0.41506889
5615	0.39694652
5616	0.37901622
5617	0.36071506
5618	0.34272322
5619	0.32485297
5620	0.30714276
5621	0.28949422
5622	0.27222380
5623	0.25467914
5624	0.23735492
5625	0.22032709
5626	0.20369205
5627	0.18748806
5628	0.17186430
5629	0.15660369
5630	0.14200285
5631	0.12700604
5632	0.11291133
5633	0.09959902
5634	0.08457352
5635	0.06868444
5636	0.05549451
5637	0.04518278
5638	0.03532012
5639	0.02561434
5640	0.01662955
5641	0.00831741
5642	0.00035146
5643	-0.00688355
5644	-0.01340300
5645	-0.01887528
5646	-0.02324946
5647	-0.02624875
5648	-0.02786219
5649	-0.02798648
5650	-0.02676615
5651	-0.02418274
5652	-0.02040569
5653	-0.01552109
5654	-0.00945716
5655	-0.00242082
5656	0.00571288
5657	0.01491134
5658	0.02510218
5659	0.03619272
5660	0.04821707
5661	0.06120951
5662	0.07527137
5663	0.09022331
5664	0.10590287
5665	0.12252111
5666	0.13971888
5667	0.15752555
5668	0.17586631
5669	0.19453044
5670	0.21377295
5671	0.23360185
5672	0.25477314
5673	0.27469429
5674	0.29750124
5675	0.31997967
5676	0.34246686
5677	0.36571586
5678	0.38996550
5679	0.41456950
5680	0.43979514
5681	0.46060666
5682	0.49267542
5683	0.51833302
5684	0.54538810
5685	0.57286012
5686	0.60061157
5687	0.62845665
5688	0.65655816
5689	0.68452728
5690	0.71198612
5691	0.73936546
5692	0.76659018
5693	0.79282367
5694	0.81822729
5695	0.84284103
5696	0.86618203
5697	0.88817567
5698	0.90825820
5699	0.92725718
5700	0.94455796
5701	0.96009642
5702	0.97312170
5703	0.98455465
5704	0.99375951
5705	1.00054145
5706	1.00517905
5707	1.00772977
5708	1.00845778
5709	1.00745916
5710	1.00490487
5711	1.00087929
5712	0.99534106
5713	0.98829460
5714	0.97981471
5715	0.97014743
5716	0.95905429
5717	0.94857144
5718	0.93719059
5719	0.92283249
5720	0.90644026
5721	0.88819426
5722	0.87137550
5723	0.85579950
5724	0.84095436
5725	0.82540965
5726	0.80966634
5727	0.79315585
5728	0.77538913
5729	0.75851029
5730	0.74092233
5731	0.72299898
5732	0.70487207
5733	0.68662280
5734	0.66876906
5735	0.65027207
5736	0.63194847
5737	0.61312145
5738	0.59481770
5739	0.57595599
5740	0.55745476
5741	0.53886580
5742	0.52030075
5743	0.50183547
5744	0.48334324
5745	0.46482360
5746	0.44680226
5747	0.42885065
5748	0.40994138
5749	0.39175630
5750	0.37371492
5751	0.35586271
5752	0.33807126
5753	0.32049879
5754	0.30356908
5755	0.28609940
5756	0.26884943
5757	0.25185382
5758	0.23513326
5759	0.21883678
5760	0.20294714
5761	0.18753423
5762	0.17262793
5763	0.15735303
5764	0.14297640
5765	0.12961833
5766	0.11360190
5767	0.09614199
5768	0.08138973
5769	0.06968603
5770	0.05847090
5771	0.04726592
5772	0.03717980
5773	0.02779890
5774	0.01892810
5775	0.01078291
5776	0.00352326
5777	-0.00275168
5778	-0.00803521
5779	-0.01220601
5780	-0.01525663
5781	-0.01701379
5782	-0.01746997
5783	-0.01671262
5784	-0.01495455
5785	-0.01222190
5786	-0.00855951
5787	-0.00407979
5788	0.00115405
5789	0.00712373
5790	0.01384052
5791	0.02134992
5792	0.03047189
5793	0.03911221
5794	0.04946474
5795	0.06099112
5796	0.07359690
5797	0.08731315
5798	0.10193878
5799	0.11755442
5800	0.13402195
5801	0.15117812
5802	0.16876513
5803	0.18680198
5804	0.20517886
5805	0.22427978
5806	0.24370469
5807	0.26357886
5808	0.28420219
5809	0.30526921
5810	0.32666257
5811	0.34898055
5812	0.37169880
5813	0.39482334
5814	0.41922483
5815	0.44366744
5816	0.46361762
5817	0.49372599
5818	0.51745987
5819	0.54426473
5820	0.56969601
5821	0.59535623
5822	0.62138575
5823	0.64740050
5824	0.67322630
5825	0.69833302
5826	0.72389156
5827	0.74914879
5828	0.77459162
5829	0.79838347
5830	0.82118195
5831	0.84224796
5832	0.86249924
5833	0.88118464
5834	0.89821237
5835	0.91322505
5836	0.92635393
5837	0.93771225
5838	0.94685060
5839	0.95374924
5840	0.95853531
5841	0.96136433
5842	0.96239644
5843	0.96187365
5844	0.95981473
5845	0.95613909
5846	0.95092386
5847	0.94423330
5848	0.93627292
5849	0.92772257
5850	0.91759300
5851	0.90594286
5852	0.89346778
5853	0.87456155
5854	0.85763705
5855	0.84000129
5856	0.82442778
5857	0.80927467
5858	0.79413939
5859	0.77816021
5860	0.76235396
5861	0.74561846
5862	0.72800976
5863	0.71056348
5864	0.69294494
5865	0.67505330
5866	0.65740293
5867	0.63903362
5868	0.62078583
5869	0.60164571
5870	0.58344227
5871	0.56534219
5872	0.54746217
5873	0.52964121
5874	0.50959486
5875	0.49082994
5876	0.47251871
5877	0.45409647
5878	0.43573603
5879	0.41809672
5880	0.39938179
5881	0.38116583
5882	0.36308435
5883	0.34515655
5884	0.32722884
5885	0.30949447
5886	0.29196084
5887	0.27445620
5888	0.25721785
5889	0.23967652
5890	0.22236612
5891	0.20536381
5892	0.18879394
5893	0.17258060
5894	0.15688433
5895	0.14163285
5896	0.12696952
5897	0.11175136
5898	0.09756164
5899	0.08407994
5900	0.06850698
5901	0.05278815
5902	0.04005497
5903	0.02918056
5904	0.01813490
5905	0.00720856
5906	-0.00287826
5907	-0.01250875
5908	-0.02158804
5909	-0.02974956
5910	-0.03685821
5911	-0.04275017
5912	-0.04732085
5913	-0.05053263
5914	-0.05238487
5915	-0.05285574
5916	-0.05206575
5917	-0.05010153
5918	-0.04712164
5919	-0.04316809
5920	-0.03834134
5921	-0.03262554
5922	-0.02600578
5923	-0.01843593
5924	-0.00989010
5925	-0.00031784
5926	0.01028918
5927	0.02182634
5928	0.03451068
5929	0.04831322
5930	0.06312600
5931	0.07912851
5932	0.09609542
5933	0.11402435
5934	0.13266923
5935	0.15204760
5936	0.17213896
5937	0.19277632
5938	0.21432750
5939	0.23652475
5940	0.25912985
5941	0.28248027
5942	0.30620950
5943	0.33078423
5944	0.35595405
5945	0.38143957
5946	0.40740955
5947	0.43340793
5948	0.46014419
5949	0.48678166
5950	0.51361114
5951	0.54067492
5952	0.56792516
5953	0.59508091
5954	0.62259996
5955	0.65017456
5956	0.67737621
5957	0.70441455
5958	0.73077899
5959	0.75669724
5960	0.78173143
5961	0.80585796
5962	0.82870978
5963	0.84966707
5964	0.86969155
5965	0.88803840
5966	0.90449810
5967	0.91841155
5968	0.93069935
5969	0.94061756
5970	0.94824505
5971	0.95355010
5972	0.95685905
5973	0.95828217
5974	0.95798701
5975	0.95594245
5976	0.95206296
5977	0.94651365
5978	0.93938375
5979	0.93098432
5980	0.92209399
5981	0.91131800
5982	0.89920777
5983	0.88653582
5984	0.86768860
5985	0.85092539
5986	0.83382839
5987	0.81823450
5988	0.80270368
5989	0.78751737
5990	0.77198291
5991	0.75619906
5992	0.73910695
5993	0.72134751
5994	0.70392501
5995	0.68736619
5996	0.66979802
5997	0.65173423
5998	0.63337243
5999	0.61414111
6000	0.59580511
6001	0.57739216
6002	0.55907959
6003	0.54079008
6004	0.52170551
6005	0.50328809
6006	0.48512056
6007	0.46638393
6008	0.44789520
6009	0.42939919
6010	0.41172472
6011	0.39337084
6012	0.37514970
6013	0.35702333
6014	0.33903566
6015	0.32096288
6016	0.30299619
6017	0.28526929
6018	0.26754457
6019	0.24982543
6020	0.23263972
6021	0.21529043
6022	0.19818430
6023	0.18136699
6024	0.16494375
6025	0.14908047
6026	0.13364993
6027	0.11872289
6028	0.10432097
6029	0.08949219
6030	0.07606238
6031	0.06312729
6032	0.04785862
6033	0.03320672
6034	0.02190745
6035	0.01228731
6036	0.00258623
6037	-0.00674028
6038	-0.01521693
6039	-0.02328654
6040	-0.03074760
6041	-0.03735176
6042	-0.04295539
6043	-0.04744309
6044	-0.05051032
6045	-0.05216943
6046	-0.05246431
6047	-0.05136745
6048	-0.04895794
6049	-0.04552056
6050	-0.04104844
6051	-0.03566115
6052	-0.02940725
6053	-0.02215850
6054	-0.01405740
6055	-0.00485536
6056	0.00535683
6057	0.01664045
6058	0.02886093
6059	0.04196170
6060	0.05608924
6061	0.07114153
6062	0.08717347
6063	0.10402174
6064	0.12151511
6065	0.13983192
6066	0.15871437
6067	0.17825460
6068	0.19828896
6069	0.21932472
6070	0.24075210
6071	0.26268694
6072	0.28544033
6073	0.30857509
6074	0.33256897
6075	0.35741350
6076	0.38258591
6077	0.40838811
6078	0.43470731
6079	0.46159133
6080	0.48839641
6081	0.51555073
6082	0.54283351
6083	0.57028311
6084	0.59756160
6085	0.62545490
6086	0.65330786
6087	0.67976403
6088	0.70783126
6089	0.73493201
6090	0.76066482
6091	0.78583401
6092	0.80987716
6093	0.83272094
6094	0.85415405
6095	0.87352997
6096	0.89176828
6097	0.90816003
6098	0.92198056
6099	0.93429512
6100	0.94433004
6101	0.95206416
6102	0.95745313
6103	0.96085352
6104	0.96241981
6105	0.96223223
6106	0.96033961
6107	0.95685232
6108	0.95160311
6109	0.94471902
6110	0.93643409
6111	0.92689055
6112	0.91655290
6113	0.90540642
6114	0.89387524
6115	0.88194549
6116	0.86616039
6117	0.84974229
6118	0.83207953
6119	0.81569058
6120	0.80054450
6121	0.78526402
6122	0.76938069
6123	0.75364202
6124	0.73719352
6125	0.71980387
6126	0.70246303
6127	0.68486917
6128	0.66747451
6129	0.64977437
6130	0.63143969
6131	0.61211640
6132	0.59374344
6133	0.57547414
6134	0.55670631
6135	0.53822708
6136	0.51985413
6137	0.50123942
6138	0.48297673
6139	0.46445560
6140	0.44598430
6141	0.42710850
6142	0.40946817
6143	0.39121887
6144	0.37303483
6145	0.35499689
6146	0.33700457
6147	0.31904298
6148	0.30119696
6149	0.28346384
6150	0.26586995
6151	0.24837938
6152	0.23094310
6153	0.21406345
6154	0.19708566
6155	0.18046953
6156	0.16428727
6157	0.14850135
6158	0.13312122
6159	0.11817811
6160	0.10296507
6161	0.08856300
6162	0.07499188
6163	0.06066433
6164	0.04418446
6165	0.02914889
6166	0.01755269
6167	0.00705613
6168	-0.00311083
6169	-0.01227155
6170	-0.02050229
6171	-0.02809148
6172	-0.03497677
6173	-0.04094078
6174	-0.04602766
6175	-0.05007655
6176	-0.05291574
6177	-0.05451244
6178	-0.05475710
6179	-0.05367491
6180	-0.05125194
6181	-0.04761627
6182	-0.04282464
6183	-0.03700138
6184	-0.03004241
6185	-0.02215245
6186	-0.01317586
6187	-0.00325399
6188	0.00761699
6189	0.01935222
6190	0.03187428
6191	0.04524424
6192	0.05950775
6193	0.07454289
6194	0.09040962
6195	0.10703076
6196	0.12417740
6197	0.14201598
6198	0.16028540
6199	0.17921281
6200	0.19896168
6201	0.21909371
6202	0.23967506
6203	0.26123640
6204	0.28361812
6205	0.30571926
6206	0.32896152
6207	0.35306385
6208	0.37754714
6209	0.40267226
6210	0.42837021
6211	0.45465600
6212	0.48130274
6213	0.50815827
6214	0.53538579
6215	0.56286705
6216	0.59060341
6217	0.61830354
6218	0.64549774
6219	0.67256510
6220	0.70126164
6221	0.72817433
6222	0.75465637
6223	0.77981806
6224	0.80392462
6225	0.82666701
6226	0.84779859
6227	0.86682981
6228	0.88465118
6229	0.90064162
6230	0.91410524
6231	0.92602909
6232	0.93566263
6233	0.94290811
6234	0.94782639
6235	0.95064861
6236	0.95158768
6237	0.95085567
6238	0.94834185
6239	0.94419515
6240	0.93845814
6241	0.93127310
6242	0.92272317
6243	0.91362798
6244	0.90208000
6245	0.88998342
6246	0.87565988
6247	0.85782433
6248	0.83993828
6249	0.82353336
6250	0.80794859
6251	0.79280198
6252	0.77794737
6253	0.76223904
6254	0.74607569
6255	0.72899908
6256	0.71162361
6257	0.69387311
6258	0.67634732
6259	0.65909654
6260	0.64097643
6261	0.62257075
6262	0.60412681
6263	0.58601153
6264	0.56780696
6265	0.54891497
6266	0.53191090
6267	0.51345313
6268	0.49322617
6269	0.47463006
6270	0.45554310
6271	0.43743333
6272	0.41908190
6273	0.40108955
6274	0.38304445
6275	0.36490890
6276	0.34660962
6277	0.32862693
6278	0.31065163
6279	0.29285997
6280	0.27515644
6281	0.25749329
6282	0.24046896
6283	0.22301178
6284	0.20568319
6285	0.18848000
6286	0.17188922
6287	0.15559886
6288	0.13978371
6289	0.12438478
6290	0.10935061
6291	0.09457824
6292	0.07925513
6293	0.06533759
6294	0.05053497
6295	0.03398928
6296	0.01924846
6297	0.00750056
6298	-0.00372486
6299	-0.01497554
6300	-0.02542549
6301	-0.03533433
6302	-0.04474853
6303	-0.05338803
6304	-0.06122419
6305	-0.06796130
6306	-0.07333804
6307	-0.07727770
6308	-0.07984902
6309	-0.08098014
6310	-0.08065549
6311	-0.07915452
6312	-0.07655177
6313	-0.07304529
6314	-0.06857568
6315	-0.06336122
6316	-0.05718908
6317	-0.05001564
6318	-0.04198140
6319	-0.03284792
6320	-0.02272386
6321	-0.01151694
6322	0.00078516
6323	0.01421840
6324	0.02878306
6325	0.04451879
6326	0.06129872
6327	0.07905241
6328	0.09734104
6329	0.11624204
6330	0.13563795
6331	0.15528116
6332	0.17612822
6333	0.19715121
6334	0.21854170
6335	0.24141477
6336	0.26434037
6337	0.28828561
6338	0.31317842
6339	0.33827388
6340	0.36387873
6341	0.38997003
6342	0.41636342
6343	0.44306767
6344	0.46991095
6345	0.49713403
6346	0.52449310
6347	0.55208772
6348	0.57977074
6349	0.60741740
6350	0.63517153
6351	0.66284949
6352	0.68842989
6353	0.71651900
6354	0.74233586
6355	0.76682055
6356	0.79018748
6357	0.81217235
6358	0.83267492
6359	0.85107040
6360	0.86836064
6361	0.88312399
6362	0.89655918
6363	0.90773338
6364	0.91650838
6365	0.92303097
6366	0.92738920
6367	0.92981136
6368	0.93051380
6369	0.92949939
6370	0.92678070
6371	0.92238200
6372	0.91635603
6373	0.90879965
6374	0.89994389
6375	0.89003938
6376	0.87923014
6377	0.86795688
6378	0.85600698
6379	0.83925265
6380	0.82353950
6381	0.80534470
6382	0.78885978
6383	0.77390462
6384	0.75916386
6385	0.74345136
6386	0.72780210
6387	0.71134597
6388	0.69382077
6389	0.67704690
6390	0.65944862
6391	0.64156276
6392	0.62378854
6393	0.60447490
6394	0.58611226
6395	0.56838232
6396	0.54946011
6397	0.53113991
6398	0.51275337
6399	0.49436483
6400	0.47536835
6401	0.45664689
6402	0.43813324
6403	0.41958365
6404	0.40130705
6405	0.38297191
6406	0.36524090
6407	0.34703517
6408	0.32885066
6409	0.31078878
6410	0.29268542
6411	0.27480689
6412	0.25712648
6413	0.23962107
6414	0.22190231
6415	0.20442715
6416	0.18747073
6417	0.17039989
6418	0.15367889
6419	0.13725393
6420	0.12142767
6421	0.10609700
6422	0.09138807
6423	0.07711843
6424	0.06255087
6425	0.04925146
6426	0.03583344
6427	0.02069947
6428	0.00718208
6429	-0.00325092
6430	-0.01283156
6431	-0.02246565
6432	-0.03151051
6433	-0.03976744
6434	-0.04768247
6435	-0.05488659
6436	-0.06124139
6437	-0.06678236
6438	-0.07090794
6439	-0.07368384
6440	-0.07525314
6441	-0.07539836
6442	-0.07405058
6443	-0.07152064
6444	-0.06785163
6445	-0.06322249
6446	-0.05754194
6447	-0.05095215
6448	-0.04332225
6449	-0.03465757
6450	-0.02499004
6451	-0.01428081
6452	-0.00252070
6453	0.01020834
6454	0.02401071
6455	0.03880020
6456	0.05463501
6457	0.07129493
6458	0.08886903
6459	0.10703974
6460	0.12586063
6461	0.14517044
6462	0.16529639
6463	0.18572599
6464	0.20645580
6465	0.22845344
6466	0.25097036
6467	0.27415451
6468	0.29821816
6469	0.32291979
6470	0.34820271
6471	0.37405422
6472	0.40064085
6473	0.42738381
6474	0.45450154
6475	0.48167193
6476	0.50891143
6477	0.53623641
6478	0.56400669
6479	0.59162253
6480	0.61916506
6481	0.64682788
6482	0.67404747
6483	0.70043486
6484	0.72614658
6485	0.75118649
6486	0.77517849
6487	0.79795921
6488	0.81957150
6489	0.83923835
6490	0.85794038
6491	0.87498373
6492	0.88967258
6493	0.90286887
6494	0.91388208
6495	0.92248857
6496	0.92875707
6497	0.93301803
6498	0.93530339
6499	0.93589634
6500	0.93483341
6501	0.93217605
6502	0.92792642
6503	0.92198068
6504	0.91451424
6505	0.90565157
6506	0.89611477
6507	0.88545978
6508	0.87350798
6509	0.86166519
6510	0.84234118
6511	0.82615793
6512	0.80765259
6513	0.79183060
6514	0.77673030
6515	0.76142609
6516	0.74585730
6517	0.73052835
6518	0.71356738
6519	0.69593674
6520	0.67868948
6521	0.66211748
6522	0.64429986
6523	0.62645358
6524	0.60758966
6525	0.58922583
6526	0.57102442
6527	0.55271304
6528	0.53491330
6529	0.51709002
6530	0.49722159
6531	0.47897637
6532	0.46024501
6533	0.44187659
6534	0.42347917
6535	0.40502316
6536	0.38718259
6537	0.36882845
6538	0.35057446
6539	0.33239886
6540	0.31424060
6541	0.29624376
6542	0.27830482
6543	0.26045683
6544	0.24284989
6545	0.22524084
6546	0.20776144
6547	0.19038329
6548	0.17375734
6549	0.15707247
6550	0.14069363
6551	0.12490997
6552	0.10954776
6553	0.09468338
6554	0.08030736
6555	0.06553334
6556	0.05195529
6557	0.03915409
6558	0.02432594
6559	0.00972434
6560	-0.00172455
6561	-0.01125602
6562	-0.02073884
6563	-0.02973638
6564	-0.03790227
6565	-0.04552697
6566	-0.05262540
6567	-0.05892843
6568	-0.06453232
6569	-0.06899855
6570	-0.07211200
6571	-0.07410847
6572	-0.07471187
6573	-0.07378685
6574	-0.07139151
6575	-0.06771511
6576	-0.06280584
6577	-0.05670103
6578	-0.04944827
6579	-0.04119426
6580	-0.03184414
6581	-0.02142498
6582	-0.00996131
6583	0.00403668
6584	0.01588152
6585	0.03013860
6586	0.04541570
6587	0.06165655
6588	0.07871413
6589	0.09638747
6590	0.11462305
6591	0.13350318
6592	0.15298030
6593	0.17302985
6594	0.19421655
6595	0.21574987
6596	0.23771811
6597	0.26101980
6598	0.28453043
6599	0.30913386
6600	0.33411446
6601	0.35971740
6602	0.38605651
6603	0.41255942
6604	0.43908620
6605	0.46091723
6606	0.49389467
6607	0.52150565
6608	0.54856533
6609	0.57648039
6610	0.60433328
6611	0.63242882
6612	0.66016245
6613	0.68812382
6614	0.71485186
6615	0.74130726
6616	0.76694423
6617	0.79159528
6618	0.81514627
6619	0.83749688
6620	0.85796928
6621	0.87761319
6622	0.89570010
6623	0.91210443
6624	0.92611742
6625	0.93869478
6626	0.94923055
6627	0.95751327
6628	0.96385336
6629	0.96818060
6630	0.97072542
6631	0.97170323
6632	0.97111124
6633	0.96895057
6634	0.96529126
6635	0.96032387
6636	0.95409000
6637	0.94677836
6638	0.93840706
6639	0.92989582
6640	0.91959429
6641	0.90881652
6642	0.89604932
6643	0.87815255
6644	0.86030692
6645	0.84298176
6646	0.82887352
6647	0.81377470
6648	0.79816961
6649	0.78285807
6650	0.76658583
6651	0.74937487
6652	0.73188651
6653	0.71444029
6654	0.69683546
6655	0.67882156
6656	0.66110098
6657	0.64229679
6658	0.62396175
6659	0.60569245
6660	0.58760285
6661	0.56916547
6662	0.55074221
6663	0.53187299
6664	0.51353079
6665	0.49507153
6666	0.47651190
6667	0.45802352
6668	0.43910387
6669	0.42132351
6670	0.40279657
6671	0.38457432
6672	0.36652672
6673	0.34845054
6674	0.33046854
6675	0.31260446
6676	0.29466498
6677	0.27727428
6678	0.25991255
6679	0.24246623
6680	0.22555712
6681	0.20870343
6682	0.19222353
6683	0.17621709
6684	0.16067247
6685	0.14557204
6686	0.13102660
6687	0.11603910
6688	0.10181663
6689	0.08808096
6690	0.07209151
6691	0.05619761
6692	0.04334265
6693	0.03203850
6694	0.02060092
6695	0.00957499
6696	-0.00078352
6697	-0.01065394
6698	-0.02001845
6699	-0.02863835
6700	-0.03632130
6701	-0.04317524
6702	-0.04861504
6703	-0.05273013
6704	-0.05532299
6705	-0.05669945
6706	-0.05695170
6707	-0.05600418
6708	-0.05400417
6709	-0.05092159
6710	-0.04692118
6711	-0.04189852
6712	-0.03593965
6713	-0.02890958
6714	-0.02101902
6715	-0.01222754
6716	-0.00226308
6717	0.00878241
6718	0.02168505
6719	0.03333511
6720	0.04711317
6721	0.06197521
6722	0.07786559
6723	0.09477991
6724	0.11243322
6725	0.13080589
6726	0.14974497
6727	0.16920719
6728	0.18908790
6729	0.20948499
6730	0.23087096
6731	0.25196230
6732	0.27456784
6733	0.29728177
6734	0.32061043
6735	0.34484762
6736	0.36960763
6737	0.39434347
6738	0.42102486
6739	0.44721067
6740	0.46833849
6741	0.50044829
6742	0.52751583
6743	0.55441010
6744	0.58162493
6745	0.60889369
6746	0.63640904
6747	0.66362619
6748	0.69041550
6749	0.71722722
6750	0.74294281
6751	0.76810271
6752	0.79242140
6753	0.81555617
6754	0.83747894
6755	0.85811090
6756	0.87669355
6757	0.89416802
6758	0.90992242
6759	0.92320919
6760	0.93488908
6761	0.94420236
6762	0.95117742
6763	0.95599926
6764	0.95884097
6765	0.95991737
6766	0.95942229
6767	0.95740354
6768	0.95376801
6769	0.94854373
6770	0.94170696
6771	0.93338430
6772	0.92392600
6773	0.91370356
6774	0.90207607
6775	0.88990235
6776	0.87340480
6777	0.85672629
6778	0.83879846
6779	0.82251424
6780	0.80730110
6781	0.79224515
6782	0.77624470
6783	0.76104289
6784	0.74520397
6785	0.72791618
6786	0.71021742
6787	0.69326317
6788	0.67558616
6789	0.65812290
6790	0.63991135
6791	0.62166286
6792	0.60271883
6793	0.58467978
6794	0.56645602
6795	0.54812574
6796	0.52913660
6797	0.51075888
6798	0.49229601
6799	0.47388199
6800	0.45550609
6801	0.43701130
6802	0.41889793
6803	0.40037966
6804	0.38213792
6805	0.36399242
6806	0.34589595
6807	0.32796010
6808	0.30993304
6809	0.29206574
6810	0.27429464
6811	0.25660214
6812	0.23909107
6813	0.22155331
6814	0.20467423
6815	0.18780810
6816	0.17116240
6817	0.15511666
6818	0.13958324
6819	0.12461612
6820	0.11027236
6821	0.09549620
6822	0.08168809
6823	0.06821588
6824	0.05214536
6825	0.03630299
6826	0.02350929
6827	0.01274913
6828	0.00199228
6829	-0.00817156
6830	-0.01733224
6831	-0.02587872
6832	-0.03379584
6833	-0.04076932
6834	-0.04677897
6835	-0.05180149
6836	-0.05550928
6837	-0.05783957
6838	-0.05889861
6839	-0.05840842
6840	-0.05656426
6841	-0.05343177
6842	-0.04909705
6843	-0.04365207
6844	-0.03731466
6845	-0.02987878
6846	-0.02147255
6847	-0.01207160
6848	-0.00165114
6849	0.00973493
6850	0.02220189
6851	0.03580539
6852	0.05042151
6853	0.06592979
6854	0.08236015
6855	0.09961322
6856	0.11752269
6857	0.13605434
6858	0.15509808
6859	0.17462677
6860	0.19461565
6861	0.21553920
6862	0.23668845
6863	0.25828177
6864	0.28115883
6865	0.30445501
6866	0.32810113
6867	0.35269591
6868	0.37780160
6869	0.40326455
6870	0.42987272
6871	0.45704594
6872	0.48411626
6873	0.51041579
6874	0.53769213
6875	0.56494749
6876	0.59243429
6877	0.61991739
6878	0.64806026
6879	0.67557949
6880	0.70273632
6881	0.72989136
6882	0.75583196
6883	0.78113747
6884	0.80540347
6885	0.82849944
6886	0.85019070
6887	0.86998695
6888	0.88875401
6889	0.90581417
6890	0.92047882
6891	0.93370897
6892	0.94509035
6893	0.95359731
6894	0.96013379
6895	0.96470946
6896	0.96737075
6897	0.96838409
6898	0.96782625
6899	0.96565169
6900	0.96182090
6901	0.95633829
6902	0.94929183
6903	0.94077885
6904	0.93103975
6905	0.92028266
6906	0.90868449
6907	0.89701158
6908	0.88508856
6909	0.87075537
6910	0.85456198
6911	0.83718717
6912	0.82039660
6913	0.80560815
6914	0.79081589
6915	0.77451140
6916	0.75920445
6917	0.74289894
6918	0.72504079
6919	0.70814478
6920	0.69060612
6921	0.67275763
6922	0.65521580
6923	0.63692147
6924	0.61861533
6925	0.59953576
6926	0.58120865
6927	0.56308836
6928	0.54403520
6929	0.52552783
6930	0.50705677
6931	0.48835433
6932	0.47003555
6933	0.45163274
6934	0.43377051
6935	0.41553110
6936	0.39657694
6937	0.37831262
6938	0.36017331
6939	0.34217328
6940	0.32413435
6941	0.30628702
6942	0.28850609
6943	0.27090228
6944	0.25335938
6945	0.23582746
6946	0.21888587
6947	0.20189163
6948	0.18524849
6949	0.16895506
6950	0.15328227
6951	0.13813318
6952	0.12345827
6953	0.10848645
6954	0.09407775
6955	0.08060513
6956	0.06534560
6957	0.04936698
6958	0.03601837
6959	0.02524416
6960	0.01466286
6961	0.00398964
6962	-0.00588433
6963	-0.01517342
6964	-0.02409023
6965	-0.03222466
6966	-0.03953422
6967	-0.04586645
6968	-0.05102964
6969	-0.05486406
6970	-0.05719672
6971	-0.05823548
6972	-0.05789231
6973	-0.05615684
6974	-0.05309232
6975	-0.04878967
6976	-0.04331497
6977	-0.03664937
6978	-0.02877725
6979	-0.01971930
6980	-0.00958576
6981	0.00160655
6982	0.01366545
6983	0.02659046
6984	0.04032233
6985	0.05501646
6986	0.07051122
6987	0.08675652
6988	0.10383147
6989	0.12143167
6990	0.13977851
6991	0.15868491
6992	0.17826612
6993	0.19833794
6994	0.21950372
6995	0.24075961
6996	0.26322621
6997	0.28596047
6998	0.30933717
6999	0.33348894
7000	0.35816464
7001	0.38327661
7002	0.40930805
7003	0.43593949
7004	0.46298242
7005	0.49005106
7006	0.51675975
7007	0.54399985
7008	0.57122874
7009	0.59856266
7010	0.62627041
7011	0.65363246
7012	0.68098241
7013	0.70802021
7014	0.73498499
7015	0.76093745
7016	0.78623414
7017	0.81056637
7018	0.83368117
7019	0.85555297
7020	0.87555617
7021	0.89447588
7022	0.91174030
7023	0.92712647
7024	0.93982846
7025	0.95102847
7026	0.95933712
7027	0.96552932
7028	0.96965861
7029	0.97180796
7030	0.97218305
7031	0.97078604
7032	0.96770328
7033	0.96298856
7034	0.95669782
7035	0.94922143
7036	0.93928373
7037	0.92817253
7038	0.91438466
7039	0.89655864
7040	0.87814462
7041	0.86197191
7042	0.84578228
7043	0.83074540
7044	0.81581998
7045	0.80047083
7046	0.78475457
7047	0.76774538
7048	0.74985671
7049	0.73245019
7050	0.71529776
7051	0.69731331
7052	0.67924511
7053	0.66100723
7054	0.64308983
7055	0.62472326
7056	0.60559165
7057	0.58691651
7058	0.56858528
7059	0.55018228
7060	0.53178161
7061	0.51326662
7062	0.49469280
7063	0.47609758
7064	0.45765653
7065	0.43979299
7066	0.42129034
7067	0.40289044
7068	0.38473806
7069	0.36658981
7070	0.34851748
7071	0.33056009
7072	0.31274772
7073	0.29516855
7074	0.27767435
7075	0.26013315
7076	0.24291162
7077	0.22632547
7078	0.20967676
7079	0.19344966
7080	0.17780389
7081	0.16268118
7082	0.14816612
7083	0.13311635
7084	0.11884022
7085	0.10497251
7086	0.08892024
7087	0.07290372
7088	0.05988610
7089	0.04855049
7090	0.03699750
7091	0.02561024
7092	0.01495978
7093	0.00475339
7094	-0.00488436
7095	-0.01377525
7096	-0.02151571
7097	-0.02811305
7098	-0.03323794
7099	-0.03677538
7100	-0.03867580
7101	-0.03889479
7102	-0.03748475
7103	-0.03477121
7104	-0.03075958
7105	-0.02574264
7106	-0.01979267
7107	-0.01297220
7108	-0.00527078
7109	0.00328321
7110	0.01274527
7111	0.02303870
7112	0.03428975
7113	0.04641940
7114	0.05930996
7115	0.07316802
7116	0.08790663
7117	0.10354609
7118	0.12012465
7119	0.13759908
7120	0.15581378
7121	0.17459255
7122	0.19398500
7123	0.21391000
7124	0.23441243
7125	0.25569358
7126	0.27752137
7127	0.30009529
7128	0.32347119
7129	0.34737149
7130	0.37224460
7131	0.39766446
7132	0.42443833
7133	0.45162612
7134	0.47383043
7135	0.50800592
7136	0.53658307
7137	0.56559336
7138	0.59455639
7139	0.62338424
7140	0.65230417
7141	0.68094027
7142	0.70908171
7143	0.73690695
7144	0.76451552
7145	0.79081529
7146	0.81631190
7147	0.84054613
7148	0.86349970
7149	0.88489491
7150	0.90425164
7151	0.92236775
7152	0.93867952
7153	0.95239723
7154	0.96459287
7155	0.97491848
7156	0.98250830
7157	0.98829359
7158	0.99226999
7159	0.99444181
7160	0.99502200
7161	0.99400282
7162	0.99130529
7163	0.98705345
7164	0.98128927
7165	0.97406793
7166	0.96600461
7167	0.95715082
7168	0.94752502
7169	0.93721527
7170	0.92567509
7171	0.90942168
7172	0.89103407
7173	0.87237746
7174	0.85529518
7175	0.83997178
7176	0.82447129
7177	0.80881441
7178	0.79313755
7179	0.77688718
7180	0.75986916
7181	0.74238360
7182	0.72511572
7183	0.70720190
7184	0.68903369
7185	0.67165315
7186	0.65327758
7187	0.63352543
7188	0.61540091
7189	0.59639329
7190	0.57791561
7191	0.55952156
7192	0.54116124
7193	0.52257127
7194	0.50412339
7195	0.48575711
7196	0.46706969
7197	0.44938976
7198	0.43083331
7199	0.41273001
7200	0.39439139
7201	0.37618655
7202	0.35818341
7203	0.34012941
7204	0.32219630
7205	0.30445033
7206	0.28678003
7207	0.26928449
7208	0.25205663
7209	0.23546852
7210	0.21886951
7211	0.20269975
7212	0.18699008
7213	0.17191716
7214	0.15752682
7215	0.14291842
7216	0.12941772
7217	0.11725669
7218	0.10399853
7219	0.08938555
7220	0.07707378
7221	0.06768259
7222	0.05858293
7223	0.04916393
7224	0.04044723
7225	0.03250551
7226	0.02504606
7227	0.01840777
7228	0.01277826
7229	0.00842492
7230	0.00549542
7231	0.00407748
7232	0.00426551
7233	0.00590831
7234	0.00878758
7235	0.01281388
7236	0.01784633
7237	0.02390249
7238	0.03090739
7239	0.03894189
7240	0.04805136
7241	0.05819799
7242	0.06940570
7243	0.08149534
7244	0.09453318
7245	0.10843244
7246	0.12323871
7247	0.13900958
7248	0.15570825
7249	0.17325838
7250	0.19157319
7251	0.21060139
7252	0.23022358
7253	0.25051436
7254	0.27157885
7255	0.29324374
7256	0.31541052
7257	0.33837229
7258	0.36193112
7259	0.38615853
7260	0.41080797
7261	0.43574816
7262	0.46192837
7263	0.48826712
7264	0.51469034
7265	0.54112393
7266	0.56792313
7267	0.59484333
7268	0.62175024
7269	0.64897537
7270	0.67635703
7271	0.70294815
7272	0.72987294
7273	0.75605947
7274	0.78333527
7275	0.80913061
7276	0.83415842
7277	0.85839593
7278	0.88139504
7279	0.90311366
7280	0.92341650
7281	0.94165957
7282	0.95876867
7283	0.97405732
7284	0.98688650
7285	0.99818313
7286	1.00726795
7287	1.01422584
7288	1.01901829
7289	1.02194977
7290	1.02336240
7291	1.02313733
7292	1.02139533
7293	1.01807308
7294	1.01326764
7295	1.00702310
7296	0.99947709
7297	0.99094987
7298	0.98176259
7299	0.97174746
7300	0.96077681
7301	0.94749177
7302	0.92955178
7303	0.91239995
7304	0.89561588
7305	0.88036102
7306	0.86564648
7307	0.85043657
7308	0.83497107
7309	0.81815588
7310	0.80098122
7311	0.78355443
7312	0.76602900
7313	0.74815691
7314	0.73016769
7315	0.71201450
7316	0.69369972
7317	0.67539901
7318	0.65693527
7319	0.63849932
7320	0.61991936
7321	0.60063583
7322	0.58203620
7323	0.56342733
7324	0.54454327
7325	0.52607834
7326	0.50771528
7327	0.49013183
7328	0.47147942
7329	0.45313573
7330	0.43575636
7331	0.41818103
7332	0.40005547
7333	0.38125524
7334	0.36355698
7335	0.34546146
7336	0.32787120
7337	0.31057391
7338	0.29346281
7339	0.27711713
7340	0.26053593
7341	0.24441920
7342	0.22880588
7343	0.21374087
7344	0.19914253
7345	0.18404274
7346	0.16978030
7347	0.15630445
7348	0.14053482
7349	0.12429889
7350	0.11118258
7351	0.10049113
7352	0.08993811
7353	0.07946578
7354	0.06994823
7355	0.06082370
7356	0.05213585
7357	0.04407679
7358	0.03676185
7359	0.03047185
7360	0.02523703
7361	0.02122952
7362	0.01857360
7363	0.01732960
7364	0.01748008
7365	0.01887558
7366	0.02146973
7367	0.02513666
7368	0.02979343
7369	0.03538121
7370	0.04176330
7371	0.04918596
7372	0.05763888
7373	0.06714701
7374	0.07767506
7375	0.08924524
7376	0.10197888
7377	0.11574101
7378	0.13036241
7379	0.14581364
7380	0.16209358
7381	0.17901041
7382	0.19648410
7383	0.21441922
7384	0.23272493
7385	0.25155231
7386	0.27100649
7387	0.29160491
7388	0.31167957
7389	0.33395883
7390	0.35616800
7391	0.37912846
7392	0.40246314
7393	0.42611250
7394	0.45534652
7395	0.47833151
7396	0.50317711
7397	0.52930337
7398	0.55613017
7399	0.58313334
7400	0.61045998
7401	0.63820940
7402	0.66584671
7403	0.69351429
7404	0.72125566
7405	0.74892324
7406	0.77638096
7407	0.80382121
7408	0.83014834
7409	0.85590154
7410	0.88070351
7411	0.90430903
7412	0.92644876
7413	0.94657975
7414	0.96539885
7415	0.98232555
7416	0.99663103
7417	1.00927460
7418	1.01976991
7419	1.02735829
7420	1.03285134
7421	1.03620362
7422	1.03772247
7423	1.03742266
7424	1.03542101
7425	1.03166795
7426	1.02613854
7427	1.01905119
7428	1.01114571
7429	1.00131357
7430	0.99012536
7431	0.97790557
7432	0.95881784
7433	0.94065118
7434	0.92338234
7435	0.90779382
7436	0.89160848
7437	0.87629837
7438	0.86091697
7439	0.84497470
7440	0.82821506
7441	0.81096292
7442	0.79340810
7443	0.77551931
7444	0.75754309
7445	0.73926449
7446	0.72081554
7447	0.70253503
7448	0.68414479
7449	0.66560316
7450	0.64713925
7451	0.62824327
7452	0.60988802
7453	0.59139562
7454	0.57292551
7455	0.55407172
7456	0.53578156
7457	0.51797462
7458	0.49958250
7459	0.48187464
7460	0.46359116
7461	0.44539326
7462	0.42648131
7463	0.40833932
7464	0.39037633
7465	0.37251887
7466	0.35481235
7467	0.33727050
7468	0.31994855
7469	0.30324897
7470	0.28645626
7471	0.26997611
7472	0.25395140
7473	0.23838475
7474	0.22335079
7475	0.20826912
7476	0.19414182
7477	0.18033387
7478	0.16766915
7479	0.15356325
7480	0.13850991
7481	0.12589744
7482	0.11599165
7483	0.10645666
7484	0.09703282
7485	0.08829892
7486	0.08031197
7487	0.07270573
7488	0.06592568
7489	0.06007740
7490	0.05533530
7491	0.05194245
7492	0.04998822
7493	0.04956716
7494	0.05054505
7495	0.05303502
7496	0.05684891
7497	0.06182325
7498	0.06784699
7499	0.07477808
7500	0.08274285
7501	0.09150537
7502	0.10123242
7503	0.11186074
7504	0.12341794
7505	0.13580173
7506	0.14905514
7507	0.16314949
7508	0.17820115
7509	0.19411166
7510	0.21086718
7511	0.22822267
7512	0.24618140
7513	0.26473016
7514	0.28390405
7515	0.30407742
7516	0.32449803
7517	0.34470901
7518	0.36705232
7519	0.38923764
7520	0.41190186
7521	0.43496943
7522	0.45770207
7523	0.48280156
7524	0.50750530
7525	0.53270471
7526	0.55834484
7527	0.58433515
7528	0.61052227
7529	0.63696867
7530	0.66370326
7531	0.69050753
7532	0.71718299
7533	0.74401736
7534	0.77092212
7535	0.79742193
7536	0.82365710
7537	0.84869784
7538	0.87436926
7539	0.89824194
7540	0.92097157
7541	0.94233608
7542	0.96177590
7543	0.98006254
7544	0.99665582
7545	1.01137888
7546	1.02363074
7547	1.03424525
7548	1.04277372
7549	1.04901445
7550	1.05319726
7551	1.05544221
7552	1.05594122
7553	1.05475760
7554	1.05192745
7555	1.04741716
7556	1.04125261
7557	1.03363752
7558	1.02464426
7559	1.01434958
7560	1.00401282
7561	0.99224919
7562	0.97814703
7563	0.96075439
7564	0.94304937
7565	0.92604917
7566	0.91024315
7567	0.89497346
7568	0.87930393
7569	0.86374855
7570	0.84745181
7571	0.82974792
7572	0.81285083
7573	0.79526180
7574	0.77740240
7575	0.75919473
7576	0.74087590
7577	0.72256118
7578	0.70430762
7579	0.68606919
7580	0.66829634
7581	0.64973980
7582	0.63040751
7583	0.61173141
7584	0.59322917
7585	0.57472652
7586	0.55623245
7587	0.53771293
7588	0.51983446
7589	0.50137979
7590	0.48283821
7591	0.46521291
7592	0.44711739
7593	0.42903560
7594	0.41044995
7595	0.39269951
7596	0.37507033
7597	0.35749114
7598	0.34011608
7599	0.32275191
7600	0.30603826
7601	0.28927949
7602	0.27287090
7603	0.25699455
7604	0.24169146
7605	0.22687502
7606	0.21245903
7607	0.19770467
7608	0.18399526
7609	0.16955218
7610	0.15365876
7611	0.13963629
7612	0.12836125
7613	0.11759028
7614	0.10655268
7615	0.09594072
7616	0.08587370
7617	0.07619068
7618	0.06720787
7619	0.05906665
7620	0.05198802
7621	0.04610965
7622	0.04151391
7623	0.03830434
7624	0.03649111
7625	0.03605437
7626	0.03704059
7627	0.03915493
7628	0.04234224
7629	0.04657854
7630	0.05184886
7631	0.05802661
7632	0.06529186
7633	0.07362111
7634	0.08296221
7635	0.09328319
7636	0.10458204
7637	0.11679865
7638	0.12998925
7639	0.14403245
7640	0.15881963
7641	0.17432931
7642	0.19055773
7643	0.20740432
7644	0.22465587
7645	0.24251519
7646	0.26083875
7647	0.27984360
7648	0.29935637
7649	0.32050076
7650	0.34023893
7651	0.36291394
7652	0.38526419
7653	0.40756372
7654	0.43072170
7655	0.45456320
7656	0.47887862
7657	0.50374991
7658	0.52925909
7659	0.55480778
7660	0.58096999
7661	0.60741365
7662	0.63418442
7663	0.66121072
7664	0.68764848
7665	0.71434093
7666	0.74110657
7667	0.76703691
7668	0.79338849
7669	0.82038903
7670	0.84551603
7671	0.86985135
7672	0.89319092
7673	0.91474116
7674	0.93533784
7675	0.95440221
7676	0.97180176
7677	0.98736233
7678	1.00043893
7679	1.01186264
7680	1.02101207
7681	1.02783895
7682	1.03247094
7683	1.03508723
7684	1.03590119
7685	1.03516161
7686	1.03266275
7687	1.02851903
7688	1.02276492
7689	1.01546454
7690	1.00660110
7691	0.99698716
7692	0.98667365
7693	0.97508812
7694	0.95990819
7695	0.94240952
7696	0.92391789
7697	0.90714139
7698	0.89170772
7699	0.87647903
7700	0.86085248
7701	0.84537995
7702	0.82917976
7703	0.81142443
7704	0.79453963
7705	0.77691400
7706	0.75905252
7707	0.74086756
7708	0.72240663
7709	0.70383787
7710	0.68537551
7711	0.66699421
7712	0.64851260
7713	0.62934339
7714	0.61104465
7715	0.59252292
7716	0.57392055
7717	0.55538678
7718	0.53692698
7719	0.51857728
7720	0.50108188
7721	0.48246849
7722	0.46349964
7723	0.44556031
7724	0.42734724
7725	0.40919885
7726	0.39124936
7727	0.37359503
7728	0.35589421
7729	0.33825570
7730	0.32094866
7731	0.30413160
7732	0.28677043
7733	0.27048334
7734	0.25405818
7735	0.23826772
7736	0.22305633
7737	0.20830873
7738	0.19402750
7739	0.17936233
7740	0.16600484
7741	0.15245156
7742	0.13702071
7743	0.12293755
7744	0.11206947
7745	0.10205768
7746	0.09169191
7747	0.08178607
7748	0.07262953
7749	0.06383848
7750	0.05579633
7751	0.04858210
7752	0.04230735
7753	0.03718803
7754	0.03330780
7755	0.03076832
7756	0.02964611
7757	0.02987818
7758	0.03153580
7759	0.03453062
7760	0.03868135
7761	0.04389066
7762	0.05014025
7763	0.05741021
7764	0.06568138
7765	0.07494964
7766	0.08515278
7767	0.09629226
7768	0.10829403
7769	0.12110718
7770	0.13480566
7771	0.14944495
7772	0.16501205
7773	0.18128601
7774	0.19830139
7775	0.21589191
7776	0.23407079
7777	0.25279629
7778	0.27211764
7779	0.29203555
7780	0.31299797
7781	0.33371469
7782	0.35609388
7783	0.37860027
7784	0.40177196
7785	0.42559204
7786	0.45012259
7787	0.47524190
7788	0.50082582
7789	0.52675009
7790	0.55301917
7791	0.57959384
7792	0.60638851
7793	0.63341796
7794	0.66048300
7795	0.68735039
7796	0.71423250
7797	0.74125028
7798	0.76736486
7799	0.79395157
7800	0.82102919
7801	0.84636402
7802	0.87094796
7803	0.89443618
7804	0.91658819
7805	0.93686092
7806	0.95618486
7807	0.97391027
7808	0.98979253
7809	1.00331199
7810	1.01516426
7811	1.02473617
7812	1.03196037
7813	1.03701711
7814	1.04019785
7815	1.04160595
7816	1.04133844
7817	1.03941095
7818	1.03580511
7819	1.03056419
7820	1.02374148
7821	1.01554000
7822	1.00666285
7823	0.99638563
7824	0.98500067
7825	0.97282046
7826	0.95454764
7827	0.93743533
7828	0.91974902
7829	0.90362144
7830	0.88801104
7831	0.87310547
7832	0.85751635
7833	0.84174287
7834	0.82491684
7835	0.80726546
7836	0.79025370
7837	0.77264392
7838	0.75477660
7839	0.73661411
7840	0.71825665
7841	0.69984663
7842	0.68145484
7843	0.66327131
7844	0.64491391
7845	0.62657380
7846	0.60769850
7847	0.58953941
7848	0.57087648
7849	0.55237561
7850	0.53389227
7851	0.51543319
7852	0.49794936
7853	0.47953457
7854	0.46209791
7855	0.44288304
7856	0.42471892
7857	0.40652141
7858	0.38860470
7859	0.37089753
7860	0.35299978
7861	0.33545452
7862	0.31802905
7863	0.30058026
7864	0.28355581
7865	0.26712322
7866	0.25065297
7867	0.23473237
7868	0.21931325
7869	0.20433541
7870	0.18989883
7871	0.17509772
7872	0.16193838
7873	0.14973745
7874	0.13510554
7875	0.12044269
7876	0.10899990
7877	0.09982456
7878	0.09051602
7879	0.08167440
7880	0.07362660
7881	0.06619995
7882	0.05925439
7883	0.05320448
7884	0.04793591
7885	0.04378897
7886	0.04089629
7887	0.03936270
7888	0.03928749
7889	0.04040077
7890	0.04287129
7891	0.04649924
7892	0.05111450
7893	0.05664927
7894	0.06317726
7895	0.07056265
7896	0.07886447
7897	0.08804432
7898	0.09819350
7899	0.10914679
7900	0.12100426
7901	0.13370457
7902	0.14729382
7903	0.16194896
7904	0.17759559
7905	0.19414660
7906	0.21147946
7907	0.22949299
7908	0.24815483
7909	0.26741794
7910	0.28751373
7911	0.30803165
7912	0.32890362
7913	0.35078827
7914	0.37312394
7915	0.39613038
7916	0.41966954
7917	0.44276622
7918	0.46845034
7919	0.49309137
7920	0.51861298
7921	0.54427075
7922	0.57022995
7923	0.59619504
7924	0.62286681
7925	0.64955372
7926	0.67607063
7927	0.70253462
7928	0.72880787
7929	0.75501114
7930	0.78109592
7931	0.80631030
7932	0.83088833
7933	0.85473239
7934	0.87757689
7935	0.89923483
7936	0.91905963
7937	0.93806511
7938	0.95542198
7939	0.97115076
7940	0.98555279
7941	0.99742812
7942	1.00838947
7943	1.01602423
7944	1.02195442
7945	1.02586186
7946	1.02798665
7947	1.02857375
7948	1.02757502
7949	1.02513874
7950	1.02108276
7951	1.01555133
7952	1.00849795
7953	1.00011837
7954	0.99062759
7955	0.97999489
7956	0.96842629
7957	0.95634270
7958	0.94382107
7959	0.92490059
7960	0.90797079
7961	0.89055961
7962	0.87548983
7963	0.86040580
7964	0.84387994
7965	0.82916176
7966	0.81340104
7967	0.79591221
7968	0.77914476
7969	0.76163220
7970	0.74391913
7971	0.72594845
7972	0.70776165
7973	0.69049311
7974	0.67212445
7975	0.65374768
7976	0.63431489
7977	0.61610967
7978	0.59721309
7979	0.57888198
7980	0.56047469
7981	0.54186612
7982	0.52346164
7983	0.50497818
7984	0.48680025
7985	0.46875232
7986	0.45044422
7987	0.43207836
7988	0.41397074
7989	0.39581102
7990	0.37774783
7991	0.35979816
7992	0.34201247
7993	0.32441095
7994	0.30691263
7995	0.28950781
7996	0.27230161
7997	0.25567874
7998	0.23894276
7999	0.22267427
8000	0.20681766
8001	0.19138364
8002	0.17649275
8003	0.16124797
8004	0.14693698
8005	0.13362025
8006	0.12025486
8007	0.10428831
8008	0.08917391
8009	0.07749447
8010	0.06749035
8011	0.05743711
8012	0.04808928
8013	0.03967891
8014	0.03181535
8015	0.02458756
8016	0.01829608
8017	0.01302699
8018	0.00878804
8019	0.00586843
8020	0.00417330
8021	0.00392484
8022	0.00491678
8023	0.00717320
8024	0.01066389
8025	0.01518727
8026	0.02066549
8027	0.02705164
8028	0.03430174
8029	0.04244328
8030	0.05133375
8031	0.06129913
8032	0.07210688
8033	0.08394498
8034	0.09671798
8035	0.11060338
8036	0.12555221
8037	0.14145733
8038	0.15799339
8039	0.17526834
8040	0.19319999
8041	0.21164593
8042	0.23062886
8043	0.25048119
8044	0.27059823
8045	0.29123929
8046	0.31283939
8047	0.33485019
8048	0.35758281
8049	0.38081664
8050	0.40468842
8051	0.42864391
8052	0.45347783
8053	0.47870532
8054	0.50424260
8055	0.53000331
8056	0.55587435
8057	0.58195579
8058	0.60813588
8059	0.63436848
8060	0.66074908
8061	0.68727994
8062	0.71297300
8063	0.73877233
8064	0.76470107
8065	0.79119009
8066	0.81590194
8067	0.83975768
8068	0.86267942
8069	0.88437289
8070	0.90468943
8071	0.92305762
8072	0.94035715
8073	0.95584249
8074	0.96888059
8075	0.98023766
8076	0.98933214
8077	0.99613851
8078	1.00073373
8079	1.00331128
8080	1.00408125
8081	1.00317585
8082	1.00052297
8083	0.99609381
8084	0.99007380
8085	0.98256218
8086	0.97446525
8087	0.96397567
8088	0.95273077
8089	0.93767715
8090	0.92013210
8091	0.90172184
8092	0.88525158
8093	0.86920077
8094	0.85399878
8095	0.83940822
8096	0.82368755
8097	0.80769616
8098	0.79082978
8099	0.77329165
8100	0.75588429
8101	0.73823446
8102	0.72011572
8103	0.70189154
8104	0.68428510
8105	0.66656733
8106	0.64829236
8107	0.62861419
8108	0.61029136
8109	0.59183091
8110	0.57333344
8111	0.55424833
8112	0.53617173
8113	0.51756603
8114	0.49918637
8115	0.48113483
8116	0.46227959
8117	0.44498968
8118	0.42652696
8119	0.40800282
8120	0.39018717
8121	0.37214112
8122	0.35425591
8123	0.33642977
8124	0.31875187
8125	0.30093935
8126	0.28340325
8127	0.26662052
8128	0.24961235
8129	0.23262493
8130	0.21632525
8131	0.20051813
8132	0.18523742
8133	0.17044669
8134	0.15549713
8135	0.14128290
8136	0.12766591
8137	0.11424457
8138	0.09877215
8139	0.08413172
8140	0.07279780
8141	0.06295349
8142	0.05310318
8143	0.04360317
8144	0.03493211
8145	0.02662180
8146	0.01886269
8147	0.01191151
8148	0.00582724
8149	0.00077792
8150	-0.00297178
8151	-0.00538814
8152	-0.00636127
8153	-0.00590035
8154	-0.00407137
8155	-0.00097993
8156	0.00339227
8157	0.00876404
8158	0.01519802
8159	0.02255265
8160	0.03087581
8161	0.04017264
8162	0.05040418
8163	0.06143755
8164	0.07339954
8165	0.08614147
8166	0.09982368
8167	0.11426311
8168	0.13006151
8169	0.14672396
8170	0.16441981
8171	0.18270601
8172	0.20170639
8173	0.22128686
8174	0.24136347
8175	0.26237735
8176	0.28353500
8177	0.30479664
8178	0.32748550
8179	0.35039946
8180	0.37385997
8181	0.39787614
8182	0.42252073
8183	0.44761416
8184	0.47333920
8185	0.49958324
8186	0.52609348
8187	0.55297542
8188	0.58007830
8189	0.60737956
8190	0.63481170
8191	0.66236699
8192	0.69037539
8193	0.71730906
8194	0.74461687
8195	0.77161551
8196	0.79813486
8197	0.82404691
8198	0.84883744
8199	0.87251979
8200	0.89492714
8201	0.91576624
8202	0.93458176
8203	0.95210046
8204	0.96722430
8205	0.98090285
8206	0.99232846
8207	1.00138164
8208	1.00802505
8209	1.01256275
8210	1.01509559
8211	1.01588345
8212	1.01501846
8213	1.01241577
8214	1.00809264
8215	1.00198770
8216	0.99431241
8217	0.98539072
8218	0.97521728
8219	0.96449113
8220	0.95264453
8221	0.93917984
8222	0.92041379
8223	0.90360779
8224	0.88652575
8225	0.87158036
8226	0.85649765
8227	0.84005040
8228	0.82528764
8229	0.80946577
8230	0.79236323
8231	0.77458757
8232	0.75751489
8233	0.73982340
8234	0.72176898
8235	0.70342177
8236	0.68517780
8237	0.66757494
8238	0.64932865
8239	0.63090861
8240	0.61159885
8241	0.59266019
8242	0.57418090
8243	0.55568689
8244	0.53724033
8245	0.51845694
8246	0.50023538
8247	0.48265189
8248	0.46417019
8249	0.44635031
8250	0.42730361
8251	0.40902281
8252	0.39096445
8253	0.37288222
8254	0.35502547
8255	0.33727959
8256	0.31960547
8257	0.30212983
8258	0.28481373
8259	0.26812783
8260	0.25127676
8261	0.23472969
8262	0.21867621
8263	0.20313002
8264	0.18808267
8265	0.17369422
8266	0.15895770
8267	0.14538670
8268	0.13317883
8269	0.11925969
8270	0.10405447
8271	0.09109524
8272	0.08133577
8273	0.07225161
8274	0.06328326
8275	0.05526765
8276	0.04812082
8277	0.04157438
8278	0.03578305
8279	0.03097113
8280	0.02710285
8281	0.02439556
8282	0.02279690
8283	0.02255296
8284	0.02345103
8285	0.02555227
8286	0.02880629
8287	0.03321972
8288	0.03854564
8289	0.04487589
8290	0.05208914
8291	0.06033454
8292	0.06948505
8293	0.07958843
8294	0.09073112
8295	0.10275190
8296	0.11596835
8297	0.13006426
8298	0.14517303
8299	0.16118453
8300	0.17790374
8301	0.19555843
8302	0.21386614
8303	0.23271151
8304	0.25196964
8305	0.27174398
8306	0.29243791
8307	0.31339678
8308	0.33515593
8309	0.35742620
8310	0.38046178
8311	0.40398961
8312	0.42821571
8313	0.45141062
8314	0.47809216
8315	0.50404221
8316	0.52984601
8317	0.55626321
8318	0.58291733
8319	0.60951781
8320	0.63692021
8321	0.66450584
8322	0.69202977
8323	0.71929163
8324	0.74683934
8325	0.77397072
8326	0.80090362
8327	0.82761633
8328	0.85308617
8329	0.87778413
8330	0.90147144
8331	0.92375284
8332	0.94468713
8333	0.96361780
8334	0.98132330
8335	0.99717957
8336	1.01036835
8337	1.02196002
8338	1.03110063
8339	1.03782904
8340	1.04220510
8341	1.04468226
8342	1.04531503
8343	1.04421842
8344	1.04131973
8345	1.03673732
8346	1.03046167
8347	1.02260113
8348	1.01360416
8349	1.00338221
8350	0.99261314
8351	0.98072976
8352	0.96626008
8353	0.94802302
8354	0.93070221
8355	0.91376060
8356	0.89818782
8357	0.88259089
8358	0.86726856
8359	0.85148519
8360	0.83509898
8361	0.81712651
8362	0.80044311
8363	0.78293151
8364	0.76514572
8365	0.74709058
8366	0.72886688
8367	0.71055055
8368	0.69224560
8369	0.67452019
8370	0.65669328
8371	0.63823289
8372	0.61790490
8373	0.59963256
8374	0.58123815
8375	0.56278056
8376	0.54454076
8377	0.52586609
8378	0.50805390
8379	0.48980218
8380	0.47232199
8381	0.45418686
8382	0.43610835
8383	0.41729617
8384	0.39938059
8385	0.38159621
8386	0.36387396
8387	0.34641367
8388	0.32909364
8389	0.31193975
8390	0.29487935
8391	0.27872607
8392	0.26251170
8393	0.24674053
8394	0.23134296
8395	0.21630365
8396	0.20172207
8397	0.18663213
8398	0.17254837
8399	0.15861081
8400	0.14215840
8401	0.12677982
8402	0.11398410
8403	0.10278245
8404	0.09179408
8405	0.08158550
8406	0.07212093
8407	0.06306854
8408	0.05473112
8409	0.04712131
8410	0.04039929
8411	0.03470196
8412	0.03015365
8413	0.02690555
8414	0.02497079
8415	0.02434195
8416	0.02500083
8417	0.02684449
8418	0.02989754
8419	0.03395703
8420	0.03909830
8421	0.04523498
8422	0.05231004
8423	0.06036015
8424	0.06933413
8425	0.07932674
8426	0.09013822
8427	0.10178111
8428	0.11429187
8429	0.12781480
8430	0.14218244
8431	0.15730362
8432	0.17324992
8433	0.18986256
8434	0.20705399
8435	0.22476645
8436	0.24298881
8437	0.26167038
8438	0.28078833
8439	0.30132842
8440	0.32067734
8441	0.34263715
8442	0.36456031
8443	0.38648483
8444	0.40928617
8445	0.43286815
8446	0.45891643
8447	0.48168638
8448	0.50698382
8449	0.53235006
8450	0.55816507
8451	0.58416581
8452	0.61024457
8453	0.63650590
8454	0.66297108
8455	0.68928993
8456	0.71548325
8457	0.74108779
8458	0.76722348
8459	0.79411244
8460	0.81957060
8461	0.84445316
8462	0.86853653
8463	0.89148933
8464	0.91309667
8465	0.93279535
8466	0.95139456
8467	0.96836686
8468	0.98336238
8469	0.99587798
8470	1.00678134
8471	1.01533878
8472	1.02166474
8473	1.02591157
8474	1.02820814
8475	1.02862918
8476	1.02730954
8477	1.02405155
8478	1.01907563
8479	1.01264679
8480	1.00438905
8481	0.99443054
8482	0.98289746
8483	0.96735114
8484	0.95006770
8485	0.93159926
8486	0.91496456
8487	0.89855421
8488	0.88330585
8489	0.86734408
8490	0.85209829
8491	0.83663583
8492	0.82001507
8493	0.80252844
8494	0.78460896
8495	0.76746696
8496	0.74942940
8497	0.73116595
8498	0.71288079
8499	0.69474965
8500	0.67747360
8501	0.65904552
8502	0.64057612
8503	0.62112403
8504	0.60214418
8505	0.58365059
8506	0.56515419
8507	0.54632801
8508	0.52810448
8509	0.50968361
8510	0.49183583
8511	0.47359312
8512	0.45529479
8513	0.43665075
8514	0.41875333
8515	0.40063134
8516	0.38265914
8517	0.36480558
8518	0.34724003
8519	0.32975781
8520	0.31214923
8521	0.29489285
8522	0.27795818
8523	0.26165468
8524	0.24552123
8525	0.22995323
8526	0.21479687
8527	0.20017178
8528	0.18521209
8529	0.17109239
8530	0.15799192
8531	0.14299303
8532	0.12640090
8533	0.11192124
8534	0.10074366
8535	0.09047633
8536	0.08036521
8537	0.07113668
8538	0.06270061
8539	0.05478309
8540	0.04750779
8541	0.04113327
8542	0.03563536
8543	0.03119349
8544	0.02812062
8545	0.02643101
8546	0.02623379
8547	0.02754899
8548	0.03023785
8549	0.03419070
8550	0.03923278
8551	0.04532504
8552	0.05231366
8553	0.06019009
8554	0.06894224
8555	0.07858925
8556	0.08907626
8557	0.10038010
8558	0.11255287
8559	0.12572618
8560	0.13967015
8561	0.15443194
8562	0.16992517
8563	0.18616962
8564	0.20306301
8565	0.22055420
8566	0.23858890
8567	0.25725543
8568	0.27649960
8569	0.29632708
8570	0.31716070
8571	0.33799946
8572	0.36026222
8573	0.38298461
8574	0.40602961
8575	0.42985547
8576	0.45418453
8577	0.47891027
8578	0.50425857
8579	0.52998495
8580	0.55618179
8581	0.58263320
8582	0.60942274
8583	0.63598609
8584	0.66344148
8585	0.69051927
8586	0.71763647
8587	0.74457961
8588	0.77160460
8589	0.79849869
8590	0.82497889
8591	0.85107231
8592	0.87591290
8593	0.89976752
8594	0.92233437
8595	0.94349653
8596	0.96268314
8597	0.98076725
8598	0.99706119
8599	1.01105869
8600	1.02337432
8601	1.03367496
8602	1.04169929
8603	1.04762018
8604	1.05144775
8605	1.05334044
8606	1.05338502
8607	1.05160713
8608	1.04807854
8609	1.04299343
8610	1.03653634
8611	1.02881432
8612	1.02006197
8613	1.00977647
8614	0.99844605
8615	0.98367089
8616	0.96695596
8617	0.94871914
8618	0.93223989
8619	0.91580772
8620	0.90057486
8621	0.88580263
8622	0.87010378
8623	0.85383397
8624	0.83644503
8625	0.81909949
8626	0.80183476
8627	0.78425390
8628	0.76626605
8629	0.74810231
8630	0.72982508
8631	0.71155500
8632	0.69329405
8633	0.67503065
8634	0.65676528
8635	0.63827562
8636	0.61992490
8637	0.60059172
8638	0.58226490
8639	0.56378013
8640	0.54532558
8641	0.52707356
8642	0.50965446
8643	0.49092391
8644	0.47261900
8645	0.45506293
8646	0.43756363
8647	0.41792691
8648	0.40000826
8649	0.38226706
8650	0.36466041
8651	0.34684226
8652	0.32939976
8653	0.31221655
8654	0.29518646
8655	0.27886215
8656	0.26254019
8657	0.24668345
8658	0.23133262
8659	0.21648549
8660	0.20210201
8661	0.18728426
8662	0.17375669
8663	0.16063955
8664	0.14547883
8665	0.13091499
8666	0.11991483
8667	0.11094362
8668	0.10177687
8669	0.09311526
8670	0.08521803
8671	0.07780936
8672	0.07097539
8673	0.06510665
8674	0.06007924
8675	0.05607810
8676	0.05321186
8677	0.05162377
8678	0.05117773
8679	0.05182450
8680	0.05368553
8681	0.05648896
8682	0.06041606
8683	0.06523388
8684	0.07099341
8685	0.07770833
8686	0.08538639
8687	0.09403717
8688	0.10362764
8689	0.11408020
8690	0.12546910
8691	0.13771211
8692	0.15099986
8693	0.16513851
8694	0.18018140
8695	0.19601913
8696	0.21247426
8697	0.22949386
8698	0.24707964
8699	0.26524684
8700	0.28398100
8701	0.30377921
8702	0.32393751
8703	0.34433544
8704	0.36602339
8705	0.38797033
8706	0.41032606
8707	0.43322325
8708	0.45668516
8709	0.48078477
8710	0.50528288
8711	0.52994013
8712	0.55478215
8713	0.58038223
8714	0.60584694
8715	0.63145870
8716	0.65713632
8717	0.68319023
8718	0.70854986
8719	0.73443115
8720	0.76033789
8721	0.78558868
8722	0.81097406
8723	0.83685625
8724	0.86094093
8725	0.88413638
8726	0.90618443
8727	0.92645741
8728	0.94581896
8729	0.96379656
8730	0.98015141
8731	0.99452347
8732	1.00689423
8733	1.01749671
8734	1.02590621
8735	1.03188610
8736	1.03604805
8737	1.03839779
8738	1.03903294
8739	1.03792417
8740	1.03524959
8741	1.03084779
8742	1.02497303
8743	1.01768792
8744	1.00937581
8745	0.99978101
8746	0.99012023
8747	0.97883117
8748	0.96640277
8749	0.94662380
8750	0.93030214
8751	0.91255122
8752	0.89758849
8753	0.88212234
8754	0.86634284
8755	0.85163355
8756	0.83567166
8757	0.81801754
8758	0.80123991
8759	0.78366500
8760	0.76587647
8761	0.74773854
8762	0.72930610
8763	0.71068347
8764	0.69215548
8765	0.67383611
8766	0.65541643
8767	0.63789243
8768	0.61796802
8769	0.59951121
8770	0.58105534
8771	0.56256050
8772	0.54406887
8773	0.52561760
8774	0.50785857
8775	0.48935571
8776	0.47118774
8777	0.45298570
8778	0.43488097
8779	0.41668478
8780	0.39878026
8781	0.38115564
8782	0.36358997
8783	0.34608194
8784	0.32891527
8785	0.31166783
8786	0.29466438
8787	0.27840954
8788	0.26211888
8789	0.24632637
8790	0.23086642
8791	0.21595976
8792	0.20074622
8793	0.18636149
8794	0.17252770
8795	0.15861848
8796	0.14261746
8797	0.12755576
8798	0.11559811
8799	0.10476147
8800	0.09377461
8801	0.08309135
8802	0.07315294
8803	0.06351712
8804	0.05435492
8805	0.04579971
8806	0.03809063
8807	0.03116513
8808	0.02534453
8809	0.02079193
8810	0.01754790
8811	0.01563870
8812	0.01514291
8813	0.01613456
8814	0.01850809
8815	0.02211799
8816	0.02695959
8817	0.03296911
8818	0.04010833
8819	0.04833865
8820	0.05757133
8821	0.06778546
8822	0.07881078
8823	0.09062658
8824	0.10328484
8825	0.11682646
8826	0.13114862
8827	0.14622687
8828	0.16205473
8829	0.17868818
8830	0.19596428
8831	0.21388586
8832	0.23230265
8833	0.25141549
8834	0.27193707
8835	0.29252788
8836	0.31309190
8837	0.33601937
8838	0.35879111
8839	0.38179845
8840	0.40566516
8841	0.42990291
8842	0.45496163
8843	0.48028299
8844	0.50585055
8845	0.53169376
8846	0.55789012
8847	0.58427346
8848	0.61092812
8849	0.63724875
8850	0.66465080
8851	0.69152451
8852	0.71843088
8853	0.74494964
8854	0.77141505
8855	0.79782653
8856	0.82297832
8857	0.84743667
8858	0.87080270
8859	0.89299309
8860	0.91379112
8861	0.93325400
8862	0.95067382
8863	0.96686369
8864	0.98092848
8865	0.99317056
8866	1.00351274
8867	1.01161051
8868	1.01751566
8869	1.02142823
8870	1.02348745
8871	1.02393115
8872	1.02283931
8873	1.02019095
8874	1.01608086
8875	1.01050556
8876	1.00359249
8877	0.99534887
8878	0.98658568
8879	0.97601664
8880	0.96479172
8881	0.95158792
8882	0.93413180
8883	0.91636401
8884	0.89948249
8885	0.88325584
8886	0.86809820
8887	0.85311532
8888	0.83714050
8889	0.82158703
8890	0.80445826
8891	0.78716713
8892	0.76961416
8893	0.75210333
8894	0.73415464
8895	0.71588534
8896	0.69743752
8897	0.67902923
8898	0.66070688
8899	0.64244509
8900	0.62419313
8901	0.60567784
8902	0.58683598
8903	0.56842196
8904	0.54989892
8905	0.53137809
8906	0.51281089
8907	0.49431327
8908	0.47580150
8909	0.45831221
8910	0.44049868
8911	0.42121574
8912	0.40286541
8913	0.38487929
8914	0.36702323
8915	0.34930480
8916	0.33183196
8917	0.31427211
8918	0.29689026
8919	0.27951989
8920	0.26236156
8921	0.24546154
8922	0.22937609
8923	0.21343136
8924	0.19790272
8925	0.18280502
8926	0.16812573
8927	0.15286744
8928	0.13876435
8929	0.12466808
8930	0.10821271
8931	0.09227503
8932	0.07935698
8933	0.06780976
8934	0.05599774
8935	0.04471456
8936	0.03424305
8937	0.02414652
8938	0.01465356
8939	0.00598164
8940	-0.00162294
8941	-0.00817843
8942	-0.01357588
8943	-0.01759536
8944	-0.02038969
8945	-0.02177927
8946	-0.02181675
8947	-0.02066701
8948	-0.01830523
8949	-0.01486267
8950	-0.01039867
8951	-0.00497671
8952	0.00139827
8953	0.00880967
8954	0.01714203
8955	0.02687410
8956	0.03664407
8957	0.04775096
8958	0.05975722
8959	0.07275943
8960	0.08665442
8961	0.10139900
8962	0.11701228
8963	0.13343990
8964	0.15053275
8965	0.16831033
8966	0.18648656
8967	0.20537040
8968	0.22471373
8969	0.24501042
8970	0.26553726
8971	0.28616688
8972	0.30806375
8973	0.32990012
8974	0.35258451
8975	0.37569171
8976	0.40036276
8977	0.42453527
8978	0.44947833
8979	0.46918720
8980	0.50006914
8981	0.52542275
8982	0.55102104
8983	0.57703722
8984	0.60307711
8985	0.62885654
8986	0.65550923
8987	0.68109161
8988	0.70687985
8989	0.73250711
8990	0.75872296
8991	0.78320456
8992	0.80698025
8993	0.82965916
8994	0.85108966
8995	0.87065232
8996	0.88922715
8997	0.90626800
8998	0.92151397
8999	0.93439305
9000	0.94567490
9001	0.95476514
9002	0.96158785
9003	0.96637744
9004	0.96912748
9005	0.97006869
9006	0.96919549
9007	0.96658200
9008	0.96235394
9009	0.95648378
9010	0.94925982
9011	0.94077134
9012	0.93111759
9013	0.92010093
9014	0.90800244
9015	0.89213854
9016	0.87483358
9017	0.85694528
9018	0.84044027
9019	0.82486188
9020	0.81000638
9021	0.79437155
9022	0.77877671
9023	0.76240718
9024	0.74527454
9025	0.72786427
9026	0.71033287
9027	0.69264114
9028	0.67469084
9029	0.65702015
9030	0.63867992
9031	0.61926889
9032	0.60089052
9033	0.58256000
9034	0.56422740
9035	0.54598987
9036	0.52699417
9037	0.50820512
9038	0.48994684
9039	0.47137484
9040	0.45293283
9041	0.43446341
9042	0.41667199
9043	0.39853936
9044	0.38032186
9045	0.36221534
9046	0.34415317
9047	0.32623461
9048	0.30844679
9049	0.29151967
9050	0.27398142
9051	0.25584048
9052	0.23869544
9053	0.22164069
9054	0.20537448
9055	0.18922578
9056	0.17352949
9057	0.15828976
9058	0.14349671
9059	0.12900749
9060	0.11397935
9061	0.10041694
9062	0.08535858
9063	0.06895579
9064	0.05468152
9065	0.04288828
9066	0.03124722
9067	0.01942028
9068	0.00822198
9069	-0.00245508
9070	-0.01270217
9071	-0.02229029
9072	-0.03074904
9073	-0.03829767
9074	-0.04456203
9075	-0.04933888
9076	-0.05276087
9077	-0.05472339
9078	-0.05522731
9079	-0.05434544
9080	-0.05219589
9081	-0.04896277
9082	-0.04468909
9083	-0.03949373
9084	-0.03347981
9085	-0.02649579
9086	-0.01865270
9087	-0.00995051
9088	-0.00028846
9089	0.01024603
9090	0.02163960
9091	0.03401286
9092	0.04739726
9093	0.06165902
9094	0.07681710
9095	0.09283023
9096	0.10968088
9097	0.12725240
9098	0.14541030
9099	0.16402082
9100	0.18311712
9101	0.20280685
9102	0.22349019
9103	0.24428786
9104	0.26610541
9105	0.28846374
9106	0.31105509
9107	0.33474588
9108	0.35906696
9109	0.38354924
9110	0.40851721
9111	0.43389887
9112	0.45949495
9113	0.48528069
9114	0.51129150
9115	0.53742677
9116	0.56367332
9117	0.59002984
9118	0.61636221
9119	0.64309698
9120	0.66823190
9121	0.69501179
9122	0.72157747
9123	0.74668270
9124	0.77114904
9125	0.79470181
9126	0.81709874
9127	0.83830762
9128	0.85771871
9129	0.87628078
9130	0.89316374
9131	0.90826446
9132	0.92093688
9133	0.93202269
9134	0.94099134
9135	0.94780725
9136	0.95248151
9137	0.95529020
9138	0.95629156
9139	0.95562375
9140	0.95325339
9141	0.94934237
9142	0.94391149
9143	0.93710434
9144	0.92925370
9145	0.92030579
9146	0.90938640
9147	0.89752549
9148	0.87869930
9149	0.86216867
9150	0.84422719
9151	0.82790118
9152	0.81224823
9153	0.79774410
9154	0.78185546
9155	0.76662821
9156	0.74998379
9157	0.73267299
9158	0.71527743
9159	0.69772154
9160	0.68007529
9161	0.66191208
9162	0.64423728
9163	0.62570047
9164	0.60627794
9165	0.58788478
9166	0.56952298
9167	0.55132294
9168	0.53220379
9169	0.51343405
9170	0.49516758
9171	0.47653562
9172	0.45804426
9173	0.43962541
9174	0.42174804
9175	0.40354583
9176	0.38528737
9177	0.36714470
9178	0.34909955
9179	0.33105040
9180	0.31309450
9181	0.29548070
9182	0.27774072
9183	0.26010817
9184	0.24339895
9185	0.22607893
9186	0.20929112
9187	0.19265707
9188	0.17646874
9189	0.16093059
9190	0.14599384
9191	0.13169053
9192	0.11748940
9193	0.10319192
9194	0.08986377
9195	0.07419807
9196	0.05932012
9197	0.04753015
9198	0.03689563
9199	0.02578850
9200	0.01499713
9201	0.00487885
9202	-0.00472955
9203	-0.01388775
9204	-0.02209246
9205	-0.02940322
9206	-0.03562638
9207	-0.04051017
9208	-0.04390374
9209	-0.04578527
9210	-0.04615651
9211	-0.04506544
9212	-0.04260044
9213	-0.03879685
9214	-0.03374813
9215	-0.02769119
9216	-0.02059406
9217	-0.01256525
9218	-0.00368490
9219	0.00611900
9220	0.01758760
9221	0.02834129
9222	0.04063166
9223	0.05366545
9224	0.06759210
9225	0.08241418
9226	0.09807709
9227	0.11448325
9228	0.13159658
9229	0.14936960
9230	0.16766927
9231	0.18654470
9232	0.20575757
9233	0.22625721
9234	0.24727702
9235	0.26814994
9236	0.28968942
9237	0.31152460
9238	0.33398584
9239	0.35742417
9240	0.38123611
9241	0.40580499
9242	0.43094602
9243	0.45625493
9244	0.48290253
9245	0.50919271
9246	0.53571314
9247	0.56225377
9248	0.58874905
9249	0.61532742
9250	0.64187491
9251	0.66758692
9252	0.69396335
9253	0.72093326
9254	0.74685633
9255	0.77193892
9256	0.79625142
9257	0.81944466
9258	0.84143639
9259	0.86151063
9260	0.88056511
9261	0.89792091
9262	0.91290122
9263	0.92636681
9264	0.93776375
9265	0.94659299
9266	0.95317417
9267	0.95772320
9268	0.96018815
9269	0.96084070
9270	0.95983839
9271	0.95703137
9272	0.95265967
9273	0.94688910
9274	0.93941289
9275	0.93066269
9276	0.92109954
9277	0.90997601
9278	0.89837223
9279	0.87994611
9280	0.86268193
9281	0.84492862
9282	0.82942194
9283	0.81447369
9284	0.79821658
9285	0.78301036
9286	0.76764971
9287	0.75087059
9288	0.73335797
9289	0.71639085
9290	0.69888496
9291	0.68104231
9292	0.66297388
9293	0.64474726
9294	0.62629145
9295	0.60786235
9296	0.58925182
9297	0.57077903
9298	0.55193645
9299	0.53355312
9300	0.51510483
9301	0.49656498
9302	0.47828865
9303	0.45986995
9304	0.44142595
9305	0.42378038
9306	0.40539569
9307	0.38658234
9308	0.36845195
9309	0.35035688
9310	0.33227837
9311	0.31428704
9312	0.29643196
9313	0.27874944
9314	0.26129028
9315	0.24389434
9316	0.22726946
9317	0.21029471
9318	0.19380023
9319	0.17758712
9320	0.16205513
9321	0.14709403
9322	0.13275802
9323	0.11783724
9324	0.10386072
9325	0.09050655
9326	0.07465667
9327	0.05899232
9328	0.04653098
9329	0.03574000
9330	0.02463774
9331	0.01355844
9332	0.00333609
9333	-0.00635955
9334	-0.01553254
9335	-0.02376756
9336	-0.03093159
9337	-0.03692655
9338	-0.04150778
9339	-0.04472507
9340	-0.04647117
9341	-0.04684978
9342	-0.04602103
9343	-0.04406760
9344	-0.04094974
9345	-0.03689044
9346	-0.03190394
9347	-0.02591797
9348	-0.01892366
9349	-0.01076370
9350	-0.00151625
9351	0.00877283
9352	0.02011717
9353	0.03237186
9354	0.04564864
9355	0.05978703
9356	0.07468321
9357	0.09044308
9358	0.10690608
9359	0.12410577
9360	0.14183637
9361	0.16008306
9362	0.17880116
9363	0.19804679
9364	0.21781881
9365	0.23904510
9366	0.26028958
9367	0.28183466
9368	0.30396265
9369	0.32673267
9370	0.35014793
9371	0.37417671
9372	0.39840150
9373	0.42381927
9374	0.44562069
9375	0.46985635
9376	0.50257677
9377	0.52823269
9378	0.55492520
9379	0.58155316
9380	0.60831720
9381	0.63542187
9382	0.66252792
9383	0.68936843
9384	0.71623290
9385	0.74208915
9386	0.76914179
9387	0.79452884
9388	0.81908703
9389	0.84253639
9390	0.86458951
9391	0.88472128
9392	0.90373361
9393	0.92092317
9394	0.93626046
9395	0.94891846
9396	0.95980871
9397	0.96827817
9398	0.97450626
9399	0.97845417
9400	0.98061562
9401	0.98095572
9402	0.97951764
9403	0.97630024
9404	0.97136295
9405	0.96491957
9406	0.95733798
9407	0.94801903
9408	0.93770504
9409	0.92614418
9410	0.90723646
9411	0.89042503
9412	0.87272745
9413	0.85738432
9414	0.84168583
9415	0.82601207
9416	0.81095535
9417	0.79524362
9418	0.77826554
9419	0.76063281
9420	0.74353236
9421	0.72583497
9422	0.70780861
9423	0.68951428
9424	0.67121029
9425	0.65273786
9426	0.63511556
9427	0.61540675
9428	0.59702694
9429	0.57801354
9430	0.55945891
9431	0.54087126
9432	0.52233636
9433	0.50384945
9434	0.48516843
9435	0.46676019
9436	0.44915012
9437	0.43075842
9438	0.41228744
9439	0.39407068
9440	0.37597868
9441	0.35798725
9442	0.34018078
9443	0.32252663
9444	0.30478546
9445	0.28746644
9446	0.27021837
9447	0.25322261
9448	0.23649356
9449	0.22075269
9450	0.20486540
9451	0.18947974
9452	0.17455468
9453	0.16015333
9454	0.14511470
9455	0.13159578
9456	0.11839467
9457	0.10295727
9458	0.08820274
9459	0.07678530
9460	0.06671666
9461	0.05624945
9462	0.04592346
9463	0.03633564
9464	0.02725882
9465	0.01878485
9466	0.01136059
9467	0.00504204
9468	0.00016181
9469	-0.00327780
9470	-0.00520169
9471	-0.00556611
9472	-0.00451719
9473	-0.00223056
9474	0.00115422
9475	0.00551315
9476	0.01085478
9477	0.01697514
9478	0.02392652
9479	0.03186306
9480	0.04066147
9481	0.05048653
9482	0.06132974
9483	0.07314917
9484	0.08587565
9485	0.09957206
9486	0.11429608
9487	0.13012752
9488	0.14692415
9489	0.16447701
9490	0.18267700
9491	0.20147736
9492	0.22086731
9493	0.24062885
9494	0.26137215
9495	0.28231582
9496	0.30404270
9497	0.32639840
9498	0.34933820
9499	0.37300596
9500	0.39726400
9501	0.42214397
9502	0.44806677
9503	0.47373843
9504	0.50012004
9505	0.52668148
9506	0.55347317
9507	0.58037287
9508	0.60729724
9509	0.63441372
9510	0.66185623
9511	0.68923372
9512	0.71651918
9513	0.74369311
9514	0.77060097
9515	0.79724032
9516	0.82272536
9517	0.84743661
9518	0.87102389
9519	0.89316112
9520	0.91409636
9521	0.93260086
9522	0.95045125
9523	0.96653634
9524	0.97962153
9525	0.99155658
9526	1.00127864
9527	1.00855196
9528	1.01351869
9529	1.01693261
9530	1.01863837
9531	1.01875412
9532	1.01724398
9533	1.01415002
9534	1.00935745
9535	1.00308311
9536	0.99548471
9537	0.98686987
9538	0.97748405
9539	0.96724266
9540	0.95571780
9541	0.94532448
9542	0.92672634
9543	0.91046798
9544	0.89197677
9545	0.87574428
9546	0.86058587
9547	0.84521389
9548	0.82956141
9549	0.81319708
9550	0.79593986
9551	0.77928239
9552	0.76179922
9553	0.74406588
9554	0.72608739
9555	0.70783693
9556	0.68941104
9557	0.67191076
9558	0.65337908
9559	0.63495857
9560	0.61560088
9561	0.59670132
9562	0.57830071
9563	0.55989116
9564	0.54142183
9565	0.52275646
9566	0.50427860
9567	0.48647445
9568	0.46816853
9569	0.44988102
9570	0.43144208
9571	0.41345274
9572	0.39536235
9573	0.37743780
9574	0.35983810
9575	0.34204850
9576	0.32478443
9577	0.30812991
9578	0.29094401
9579	0.27402756
9580	0.25748920
9581	0.24140190
9582	0.22572045
9583	0.21010433
9584	0.19535460
9585	0.18005137
9586	0.16546704
9587	0.15168166
9588	0.13556413
9589	0.11877000
9590	0.10454594
9591	0.09267060
9592	0.08095705
9593	0.06959507
9594	0.05910930
9595	0.04911271
9596	0.03961286
9597	0.03081223
9598	0.02291098
9599	0.01594485
9600	0.01025751
9601	0.00597616
9602	0.00317807
9603	0.00185595
9604	0.00200116
9605	0.00352720
9606	0.00616321
9607	0.00985508
9608	0.01444365
9609	0.01991665
9610	0.02636402
9611	0.03368410
9612	0.04197175
9613	0.05128077
9614	0.06155593
9615	0.07281754
9616	0.08515495
9617	0.09836206
9618	0.11239550
9619	0.12727866
9620	0.14305729
9621	0.15994456
9622	0.17734018
9623	0.19540429
9624	0.21382870
9625	0.23300318
9626	0.25296170
9627	0.27329674
9628	0.29265928
9629	0.31527385
9630	0.33740285
9631	0.35905445
9632	0.38241071
9633	0.40580329
9634	0.42962357
9635	0.45453432
9636	0.47374269
9637	0.50500226
9638	0.53055251
9639	0.55631667
9640	0.58230865
9641	0.60832381
9642	0.63476837
9643	0.66133660
9644	0.68732435
9645	0.71346754
9646	0.73944992
9647	0.76496720
9648	0.79002917
9649	0.81391597
9650	0.83689368
9651	0.85866553
9652	0.87901926
9653	0.89783162
9654	0.91452080
9655	0.92995459
9656	0.94296724
9657	0.95450330
9658	0.96381074
9659	0.97088498
9660	0.97575444
9661	0.97872359
9662	0.97996151
9663	0.97956437
9664	0.97754627
9665	0.97398657
9666	0.96881819
9667	0.96222061
9668	0.95421797
9669	0.94489938
9670	0.93414307
9671	0.92278814
9672	0.91111988
9673	0.89857036
9674	0.88297039
9675	0.86662889
9676	0.84872991
9677	0.83163738
9678	0.81584781
9679	0.80024803
9680	0.78435606
9681	0.76897067
9682	0.75264955
9683	0.73558080
9684	0.71820372
9685	0.70053840
9686	0.68274242
9687	0.66472298
9688	0.64646757
9689	0.62812662
9690	0.60963905
9691	0.59078312
9692	0.57240051
9693	0.55347818
9694	0.53501081
9695	0.51651162
9696	0.49792254
9697	0.47940445
9698	0.46144852
9699	0.44321001
9700	0.42473662
9701	0.40695742
9702	0.38771668
9703	0.36924410
9704	0.35127044
9705	0.33321127
9706	0.31523284
9707	0.29739860
9708	0.27956814
9709	0.26232496
9710	0.24495210
9711	0.22770856
9712	0.21093504
9713	0.19453420
9714	0.17895554
9715	0.16356166
9716	0.14860605
9717	0.13339202
9718	0.11884509
9719	0.10445030
9720	0.09107038
9721	0.07521489
9722	0.05886397
9723	0.04540894
9724	0.03470207
9725	0.02446282
9726	0.01468803
9727	0.00603982
9728	-0.00182401
9729	-0.00898559
9730	-0.01515111
9731	-0.02027973
9732	-0.02440869
9733	-0.02728969
9734	-0.02876745
9735	-0.02879608
9736	-0.02737366
9737	-0.02457441
9738	-0.02052609
9739	-0.01525167
9740	-0.00908328
9741	-0.00219092
9742	0.00550129
9743	0.01383665
9744	0.02289410
9745	0.03264406
9746	0.04314616
9747	0.05438482
9748	0.06640220
9749	0.07927337
9750	0.09318361
9751	0.10800754
9752	0.12369674
9753	0.14002256
9754	0.15704201
9755	0.17455755
9756	0.19262025
9757	0.21119940
9758	0.23034298
9759	0.25029778
9760	0.27065209
9761	0.29170558
9762	0.31322536
9763	0.33512792
9764	0.35796919
9765	0.38110569
9766	0.40441540
9767	0.42885596
9768	0.45362335
9769	0.47891319
9770	0.50409365
9771	0.52947915
9772	0.55493134
9773	0.58039951
9774	0.60557485
9775	0.63113362
9776	0.65650445
9777	0.68189114
9778	0.70726049
9779	0.73194796
9780	0.75766850
9781	0.78197438
9782	0.80567199
9783	0.82844621
9784	0.84964293
9785	0.87015009
9786	0.88932031
9787	0.90717649
9788	0.92342937
9789	0.93761766
9790	0.94977105
9791	0.96012133
9792	0.96857035
9793	0.97446471
9794	0.97864318
9795	0.98096108
9796	0.98145646
9797	0.98024994
9798	0.97724092
9799	0.97268146
9800	0.96661019
9801	0.95938879
9802	0.95055920
9803	0.94019663
9804	0.92874646
9805	0.91080070
9806	0.89327776
9807	0.87540591
9808	0.85941350
9809	0.84433591
9810	0.82836682
9811	0.81325704
9812	0.79777855
9813	0.78103554
9814	0.76345384
9815	0.74648446
9816	0.72888070
9817	0.71090579
9818	0.69261205
9819	0.67424417
9820	0.65600175
9821	0.63763505
9822	0.61925465
9823	0.60078526
9824	0.58221537
9825	0.56309748
9826	0.54457039
9827	0.52608776
9828	0.50756192
9829	0.48915556
9830	0.47059178
9831	0.45299083
9832	0.43411818
9833	0.41593128
9834	0.39768997
9835	0.37975940
9836	0.36186290
9837	0.34411758
9838	0.32649797
9839	0.30916286
9840	0.29158500
9841	0.27420336
9842	0.25722072
9843	0.24047962
9844	0.22443388
9845	0.20857902
9846	0.19328123
9847	0.17852779
9848	0.16355905
9849	0.14930676
9850	0.13557224
9851	0.12087667
9852	0.10445822
9853	0.09000576
9854	0.07857320
9855	0.06787726
9856	0.05718144
9857	0.04718321
9858	0.03806879
9859	0.02934063
9860	0.02122903
9861	0.01424135
9862	0.00819577
9863	0.00322318
9864	-0.00056535
9865	-0.00312388
9866	-0.00442881
9867	-0.00458367
9868	-0.00350543
9869	-0.00123234
9870	0.00223292
9871	0.00679567
9872	0.01232024
9873	0.01889651
9874	0.02640932
9875	0.03488715
9876	0.04436422
9877	0.05480644
9878	0.06620266
9879	0.07856866
9880	0.09197116
9881	0.10641906
9882	0.12176009
9883	0.13791291
9884	0.15486608
9885	0.17237447
9886	0.19045305
9887	0.20897397
9888	0.22813952
9889	0.24790253
9890	0.26877210
9891	0.29013896
9892	0.31225067
9893	0.33502978
9894	0.35829464
9895	0.38223118
9896	0.40668684
9897	0.43147856
9898	0.45675829
9899	0.48160571
9900	0.50791508
9901	0.53390056
9902	0.56018931
9903	0.58661634
9904	0.61327899
9905	0.64028180
9906	0.66725731
9907	0.69466716
9908	0.72106498
9909	0.74794102
9910	0.77444458
9911	0.80075371
9912	0.82598376
9913	0.85047960
9914	0.87384439
9915	0.89605194
9916	0.91694188
9917	0.93595845
9918	0.95387137
9919	0.97009617
9920	0.98389649
9921	0.99613291
9922	1.00646079
9923	1.01406467
9924	1.01976848
9925	1.02349949
9926	1.02564466
9927	1.02595007
9928	1.02455568
9929	1.02149355
9930	1.01670516
9931	1.01044476
9932	1.00271869
9933	0.99405873
9934	0.98434287
9935	0.97396302
9936	0.96275693
9937	0.94608021
9938	0.92929459
9939	0.91139448
9940	0.89500034
9941	0.87987179
9942	0.86452204
9943	0.84888631
9944	0.83322489
9945	0.81628925
9946	0.79862255
9947	0.78117377
9948	0.76408464
9949	0.74621332
9950	0.72800499
9951	0.70968139
9952	0.69135338
9953	0.67323142
9954	0.65499437
9955	0.63749975
9956	0.61804557
9957	0.59930348
9958	0.58093971
9959	0.56241989
9960	0.54393584
9961	0.52545470
9962	0.50699544
9963	0.48874927
9964	0.47061777
9965	0.45232761
9966	0.43396994
9967	0.41574064
9968	0.39770752
9969	0.37975612
9970	0.36208665
9971	0.34443700
9972	0.32679066
9973	0.30934444
9974	0.29193720
9975	0.27487680
9976	0.25808150
9977	0.24204749
9978	0.22617804
9979	0.21079932
9980	0.19589363
9981	0.18145454
9982	0.16652901
9983	0.15289696
9984	0.13969699
9985	0.12457032
9986	0.11015897
9987	0.09878191
9988	0.08873301
9989	0.07853870
9990	0.06873509
9991	0.05975398
9992	0.05110169
9993	0.04295401
9994	0.03556342
9995	0.02895764
9996	0.02339531
9997	0.01897522
9998	0.01572519
9999	0.01377398
10000	0.01308770
10001	0.01368295
10002	0.01543137
10003	0.01839115
10004	0.02237219
10005	0.02728966
10006	0.03313339
10007	0.03985653
10008	0.04755794
10009	0.05614816
10010	0.06573769
10011	0.07631110
10012	0.08778668
10013	0.10023294
10014	0.11369205
10015	0.12803848
10016	0.14334914
10017	0.15945992
10018	0.17628050
10019	0.19368978
10020	0.21166609
10021	0.23019190
10022	0.24926525
10023	0.26920247
10024	0.28935763
10025	0.30963242
10026	0.33141214
10027	0.35320455
10028	0.37577328
10029	0.39886284
10030	0.42243704
10031	0.44642195
10032	0.47101745
10033	0.49594280
10034	0.52091724
10035	0.54614198
10036	0.57182026
10037	0.59764171
10038	0.62328678
10039	0.64963329
10040	0.67568171
10041	0.70119363
10042	0.72798777
10043	0.75403214
10044	0.77998400
10045	0.80513418
10046	0.82945174
10047	0.85284859
10048	0.87502140
10049	0.89584857
10050	0.91474342
10051	0.93263501
10052	0.94883519
10053	0.96263713
10054	0.97498071
10055	0.98513073
10056	0.99297041
10057	0.99863738
10058	1.00228548
10059	1.00426745
10060	1.00448596
10061	1.00304711
10062	0.99996638
10063	0.99517685
10064	0.98879200
10065	0.98088777
10066	0.97177452
10067	0.96154225
10068	0.95012665
10069	0.93877333
10070	0.92657274
10071	0.91057962
10072	0.89454150
10073	0.87614954
10074	0.85914683
10075	0.84337234
10076	0.82856834
10077	0.81244016
10078	0.79696012
10079	0.78066570
10080	0.76373178
10081	0.74657857
10082	0.72913474
10083	0.71137720
10084	0.69317007
10085	0.67487168
10086	0.65651876
10087	0.63813311
10088	0.61986935
10089	0.60130847
10090	0.58256328
10091	0.56401688
10092	0.54555053
10093	0.52705276
10094	0.50863737
10095	0.49022472
10096	0.47214657
10097	0.45418003
10098	0.43636271
10099	0.41701844
10100	0.39868543
10101	0.38063949
10102	0.36258364
10103	0.34463480
10104	0.32685107
10105	0.30913273
10106	0.29171187
10107	0.27427822
10108	0.25701022
10109	0.23988605
10110	0.22318006
10111	0.20723480
10112	0.19141077
10113	0.17624751
10114	0.16154937
10115	0.14736772
10116	0.13268957
10117	0.11918335
10118	0.10507956
10119	0.08950903
10120	0.07584777
10121	0.06499626
10122	0.05468722
10123	0.04449512
10124	0.03487865
10125	0.02589743
10126	0.01744491
10127	0.00974706
10128	0.00294425
10129	-0.00276179
10130	-0.00718843
10131	-0.01025087
10132	-0.01188622
10133	-0.01218736
10134	-0.01105794
10135	-0.00853683
10136	-0.00500892
10137	-0.00048678
10138	0.00522680
10139	0.01210684
10140	0.02003814
10141	0.02902840
10142	0.03924381
10143	0.05027121
10144	0.06207801
10145	0.07492471
10146	0.08851638
10147	0.10295013
10148	0.11820240
10149	0.13413469
10150	0.15066193
10151	0.16775399
10152	0.18537028
10153	0.20356362
10154	0.22233203
10155	0.24155848
10156	0.26203713
10157	0.28228664
10158	0.30395058
10159	0.32582358
10160	0.34788781
10161	0.37108266
10162	0.39456421
10163	0.41819188
10164	0.44321764
10165	0.46802440
10166	0.49187350
10167	0.51861835
10168	0.54413766
10169	0.56978714
10170	0.59525180
10171	0.62152737
10172	0.64705354
10173	0.67302042
10174	0.69827300
10175	0.72390109
10176	0.74949133
10177	0.77559036
10178	0.79993594
10179	0.82372725
10180	0.84652007
10181	0.86813706
10182	0.88803464
10183	0.90702134
10184	0.92452019
10185	0.94024086
10186	0.95355046
10187	0.96535540
10188	0.97509825
10189	0.98231417
10190	0.98747015
10191	0.99074620
10192	0.99213380
10193	0.99195302
10194	0.99009711
10195	0.98655015
10196	0.98129725
10197	0.97489655
10198	0.96649098
10199	0.95637101
10200	0.94459677
10201	0.92842990
10202	0.91017139
10203	0.89115053
10204	0.87444520
10205	0.85907602
10206	0.84295315
10207	0.82784718
10208	0.81238401
10209	0.79706270
10210	0.78005570
10211	0.76222599
10212	0.74525696
10213	0.72775465
10214	0.70991832
10215	0.69182563
10216	0.67353487
10217	0.65534282
10218	0.63721585
10219	0.61795068
10220	0.59988701
10221	0.58122307
10222	0.56287861
10223	0.54452205
10224	0.52606630
10225	0.50734955
10226	0.48880556
10227	0.47045201
10228	0.45288295
10229	0.43455800
10230	0.41688070
10231	0.39728782
10232	0.37918836
10233	0.36112836
10234	0.34313482
10235	0.32525721
10236	0.30756742
10237	0.29005739
10238	0.27288154
10239	0.25540951
10240	0.23852156
10241	0.22199343
10242	0.20618826
10243	0.19056566
10244	0.17553478
10245	0.16104451
10246	0.14628005
10247	0.13238259
10248	0.11928912
10249	0.10392751
10250	0.08819967
10251	0.07540717
10252	0.06472962
10253	0.05408913
10254	0.04337984
10255	0.03350277
10256	0.02426181
10257	0.01553699
10258	0.00762312
10259	0.00065423
10260	-0.00499970
10261	-0.00930755
10262	-0.01207245
10263	-0.01324734
10264	-0.01279317
10265	-0.01070172
10266	-0.00713810
10267	-0.00227133
10268	0.00387701
10269	0.01109016
10270	0.01936352
10271	0.02874497
10272	0.03905911
10273	0.05037214
10274	0.06247145
10275	0.07538961
10276	0.08914213
10277	0.10378663
10278	0.11940937
10279	0.13576649
10280	0.15292874
10281	0.17077652
10282	0.18923888
10283	0.20837620
10284	0.22801709
10285	0.24833007
10286	0.26930037
10287	0.29141593
10288	0.31350678
10289	0.33697638
10290	0.36085895
10291	0.38516876
10292	0.41020039
10293	0.43570217
10294	0.46201903
10295	0.48907992
10296	0.51617473
10297	0.54356271
10298	0.57116252
10299	0.59917784
10300	0.62665313
10301	0.65440357
10302	0.68215775
10303	0.70983267
10304	0.73733324
10305	0.76460606
10306	0.79182428
10307	0.81785083
10308	0.84327900
10309	0.86776376
10310	0.89107484
10311	0.91309822
10312	0.93376219
10313	0.95246172
10314	0.97005165
10315	0.98570412
10316	0.99878734
10317	1.01032531
10318	1.01954758
10319	1.02651238
10320	1.03138447
10321	1.03426933
10322	1.03560615
10323	1.03521574
10324	1.03315771
10325	1.02944112
10326	1.02415502
10327	1.01733267
10328	1.00923145
10329	1.00002015
10330	0.98920637
10331	0.97915179
10332	0.96789402
10333	0.95555794
10334	0.93664831
10335	0.91992056
10336	0.90217191
10337	0.88647240
10338	0.87131256
10339	0.85575700
10340	0.84017015
10341	0.82482505
10342	0.80735177
10343	0.79064053
10344	0.77322590
10345	0.75556332
10346	0.73758167
10347	0.71938670
10348	0.70102465
10349	0.68266147
10350	0.66447282
10351	0.64609319
10352	0.62764013
10353	0.60851717
10354	0.59020638
10355	0.57182270
10356	0.55358845
10357	0.53501838
10358	0.51642650
10359	0.49860647
10360	0.47998196
10361	0.46180591
10362	0.44448411
10363	0.42642710
10364	0.40895098
10365	0.38936439
10366	0.37161076
10367	0.35387525
10368	0.33592308
10369	0.31862503
10370	0.30117840
10371	0.28404814
10372	0.26723570
10373	0.25116014
10374	0.23516603
10375	0.21976063
10376	0.20478120
10377	0.19033797
10378	0.17541049
10379	0.16136236
10380	0.14817902
10381	0.13314530
10382	0.11796679
10383	0.10573214
10384	0.09575340
10385	0.08583597
10386	0.07602434
10387	0.06689873
10388	0.05812837
10389	0.04990502
10390	0.04212183
10391	0.03528859
10392	0.02935942
10393	0.02457693
10394	0.02114434
10395	0.01897282
10396	0.01817526
10397	0.01872948
10398	0.02054336
10399	0.02347866
10400	0.02750577
10401	0.03245185
10402	0.03841236
10403	0.04505309
10404	0.05270422
10405	0.06127457
10406	0.07084050
10407	0.08144109
10408	0.09283184
10409	0.10517569
10410	0.11863307
10411	0.13275555
10412	0.14761372
10413	0.16327760
10414	0.17945696
10415	0.19614311
10416	0.21312869
10417	0.23039904
10418	0.24805893
10419	0.26606876
10420	0.28454152
10421	0.30366030
10422	0.32400855
10423	0.34376270
10424	0.36554715
10425	0.38735184
10426	0.40926144
10427	0.43251407
10428	0.45697322
10429	0.48462954
10430	0.50808454
10431	0.53279197
10432	0.55901837
10433	0.58570319
10434	0.61283469
10435	0.64053369
10436	0.66812789
10437	0.69573903
10438	0.72330898
10439	0.75109619
10440	0.77805686
10441	0.80490363
10442	0.83100063
10443	0.85614496
10444	0.88034594
10445	0.90329832
10446	0.92493123
10447	0.94462109
10448	0.96326858
10449	0.98018342
10450	0.99525625
10451	1.00772285
10452	1.01849735
10453	1.02706921
10454	1.03317022
10455	1.03695774
10456	1.03901756
10457	1.03920329
10458	1.03789294
10459	1.03486145
10460	1.03016138
10461	1.02395952
10462	1.01597786
10463	1.00689483
10464	0.99664217
10465	0.98531491
10466	0.97430032
10467	0.96249259
10468	0.94662035
10469	0.93092161
10470	0.91269994
10471	0.89505321
10472	0.87900847
10473	0.86397022
10474	0.84788001
10475	0.83228815
10476	0.81603259
10477	0.79873180
10478	0.78133500
10479	0.76371920
10480	0.74579412
10481	0.72763222
10482	0.70931005
10483	0.69096881
10484	0.67278612
10485	0.65413624
10486	0.63563186
10487	0.61679697
10488	0.59830219
10489	0.57987595
10490	0.56130254
10491	0.54269928
10492	0.52465409
10493	0.50648677
10494	0.48769718
10495	0.47066337
10496	0.45098817
10497	0.43292555
10498	0.41477534
10499	0.39683127
10500	0.37897092
10501	0.36134234
10502	0.34378058
10503	0.32671076
10504	0.30930623
10505	0.29228792
10506	0.27572188
10507	0.25978899
10508	0.24404348
10509	0.22873650
10510	0.21396865
10511	0.19882134
10512	0.18430519
10513	0.17062110
10514	0.15588234
10515	0.13936791
10516	0.12483311
10517	0.11335866
10518	0.10239168
10519	0.09129505
10520	0.08094150
10521	0.07143348
10522	0.06241132
10523	0.05423480
10524	0.04703097
10525	0.04084440
10526	0.03583199
10527	0.03215552
10528	0.02980661
10529	0.02889290
10530	0.02931410
10531	0.03101638
10532	0.03380697
10533	0.03764040
10534	0.04234166
10535	0.04788601
10536	0.05426668
10537	0.06138901
10538	0.06938014
10539	0.07824492
10540	0.08806904
10541	0.09884280
10542	0.11055618
10543	0.12339623
10544	0.13732617
10545	0.15227072
10546	0.16818404
10547	0.18499191
10548	0.20254111
10549	0.22074817
10550	0.23945516
10551	0.25875327
10552	0.27865177
10553	0.29933980
10554	0.32030982
10555	0.34220549
10556	0.36440992
10557	0.38729131
10558	0.41065273
10559	0.43459013
10560	0.45903850
10561	0.48448598
10562	0.50890911
10563	0.53413463
10564	0.55973691
10565	0.58530420
10566	0.61158192
10567	0.63788307
10568	0.66414446
10569	0.69093090
10570	0.71691096
10571	0.74314845
10572	0.76947683
10573	0.79555273
10574	0.82124710
10575	0.84620833
10576	0.87028545
10577	0.89324665
10578	0.91503102
10579	0.93541586
10580	0.95386630
10581	0.97121948
10582	0.98688298
10583	1.00004745
10584	1.01173234
10585	1.02117491
10586	1.02842963
10587	1.03363585
10588	1.03682733
10589	1.03818941
10590	1.03780198
10591	1.03565574
10592	1.03173065
10593	1.02624393
10594	1.01934099
10595	1.01122701
10596	1.00187433
10597	0.99165493
10598	0.97985607
10599	0.96524256
10600	0.94772434
10601	0.93020833
10602	0.91373175
10603	0.89807343
10604	0.88240892
10605	0.86638814
10606	0.85108179
10607	0.83545870
10608	0.81824297
10609	0.80050504
10610	0.78346944
10611	0.76574302
10612	0.74760920
10613	0.72936839
10614	0.71098554
10615	0.69269848
10616	0.67460436
10617	0.65632349
10618	0.63804305
10619	0.62043953
10620	0.60045338
10621	0.58215082
10622	0.56370181
10623	0.54524481
10624	0.52673489
10625	0.50823444
10626	0.49041533
10627	0.47191250
10628	0.45371324
10629	0.43565863
10630	0.41745725
10631	0.39952135
10632	0.38168502
10633	0.36380318
10634	0.34632051
10635	0.32883483
10636	0.31137678
10637	0.29416141
10638	0.27724302
10639	0.26103780
10640	0.24483505
10641	0.22915186
10642	0.21393627
10643	0.19925155
10644	0.18412691
10645	0.17013101
10646	0.15734336
10647	0.14307185
10648	0.12756699
10649	0.11436371
10650	0.10401601
10651	0.09405416
10652	0.08413616
10653	0.07505529
10654	0.06676252
10655	0.05891636
10656	0.05200022
10657	0.04586267
10658	0.04090640
10659	0.03709937
10660	0.03452774
10661	0.03341371
10662	0.03365887
10663	0.03528104
10664	0.03812129
10665	0.04213554
10666	0.04707742
10667	0.05292762
10668	0.05967842
10669	0.06725122
10670	0.07581262
10671	0.08525863
10672	0.09567514
10673	0.10706832
10674	0.11937766
10675	0.13276321
10676	0.14710790
10677	0.16250935
10678	0.17892103
10679	0.19614328
10680	0.21400845
10681	0.23239569
10682	0.25129455
10683	0.27075505
10684	0.29114226
10685	0.31110814
10686	0.33265918
10687	0.35510984
10688	0.37769610
10689	0.40105844
10690	0.42501628
10691	0.44916835
10692	0.47590601
10693	0.50030833
10694	0.52587837
10695	0.55195844
10696	0.57820493
10697	0.60462570
10698	0.63105780
10699	0.65784270
10700	0.68459272
10701	0.71123028
10702	0.73803520
10703	0.76474315
10704	0.79121327
10705	0.81720090
10706	0.84266132
10707	0.86696500
10708	0.89025462
10709	0.91218793
10710	0.93265724
10711	0.95117605
10712	0.96848172
10713	0.98391104
10714	0.99682963
10715	1.00816643
10716	1.01723444
10717	1.02415383
10718	1.02894545
10719	1.03167474
10720	1.03257728
10721	1.03175330
10722	1.02919245
10723	1.02491522
10724	1.01906228
10725	1.01176488
10726	1.00317669
10727	0.99322742
10728	0.98285043
10729	0.97133809
10730	0.95886451
10731	0.94017982
10732	0.92437029
10733	0.90682465
10734	0.89081413
10735	0.87562138
10736	0.85965574
10737	0.84389722
10738	0.82892293
10739	0.81181574
10740	0.79455370
10741	0.77707154
10742	0.75946003
10743	0.74150550
10744	0.72325861
10745	0.70479941
10746	0.68645573
10747	0.66829711
10748	0.65006596
10749	0.63267088
10750	0.61330581
10751	0.59433812
10752	0.57594502
10753	0.55747801
10754	0.53895074
10755	0.52047652
10756	0.50200433
10757	0.48378074
10758	0.46572542
10759	0.44751924
10760	0.42930934
10761	0.41100729
10762	0.39300358
10763	0.37513897
10764	0.35748523
10765	0.33985278
10766	0.32239482
10767	0.30496773
10768	0.28771618
10769	0.27057311
10770	0.25394425
10771	0.23799786
10772	0.22216184
10773	0.20678274
10774	0.19187903
10775	0.17730507
10776	0.16222775
10777	0.14839824
10778	0.13383855
10779	0.11749120
10780	0.10353726
10781	0.09194680
10782	0.08100179
10783	0.07009642
10784	0.05974056
10785	0.05009860
10786	0.04097607
10787	0.03251026
10788	0.02495240
10789	0.01846141
10790	0.01316499
10791	0.00922103
10792	0.00686273
10793	0.00595386
10794	0.00636550
10795	0.00797199
10796	0.01066514
10797	0.01431201
10798	0.01882387
10799	0.02411899
10800	0.03025365
10801	0.03726564
10802	0.04528600
10803	0.05445680
10804	0.06467884
10805	0.07606409
10806	0.08856856
10807	0.10216842
10808	0.11680958
10809	0.13237874
10810	0.14868808
10811	0.16562772
10812	0.18314220
10813	0.20110640
10814	0.21950494
10815	0.23837776
10816	0.25812221
10817	0.27818802
10818	0.29851830
10819	0.32027847
10820	0.34231406
10821	0.36499944
10822	0.38854265
10823	0.41262519
10824	0.43738198
10825	0.46236166
10826	0.48782080
10827	0.51358688
10828	0.53945661
10829	0.56565666
10830	0.59203184
10831	0.61856550
10832	0.64488858
10833	0.67230761
10834	0.69907540
10835	0.72534221
10836	0.75145465
10837	0.77753466
10838	0.80186093
10839	0.82554936
10840	0.84815252
10841	0.86942405
10842	0.88887817
10843	0.90744299
10844	0.92450219
10845	0.93995708
10846	0.95329124
10847	0.96463817
10848	0.97397369
10849	0.98107052
10850	0.98581058
10851	0.98859531
10852	0.98963022
10853	0.98878807
10854	0.98617983
10855	0.98192692
10856	0.97614169
10857	0.96881193
10858	0.96026176
10859	0.95019549
10860	0.93936282
10861	0.92706656
10862	0.91137344
10863	0.89454144
10864	0.87648433
10865	0.85979885
10866	0.84360158
10867	0.82834756
10868	0.81248158
10869	0.79677415
10870	0.78141612
10871	0.76417738
10872	0.74674362
10873	0.72914743
10874	0.71153325
10875	0.69349962
10876	0.67638773
10877	0.65800995
10878	0.63962913
10879	0.62021154
10880	0.60185426
10881	0.58345878
10882	0.56506813
10883	0.54614097
10884	0.52769542
10885	0.50891620
10886	0.49043956
10887	0.47183529
10888	0.45411927
10889	0.43551576
10890	0.41749534
10891	0.39919078
10892	0.38113078
10893	0.36299413
10894	0.34503853
10895	0.32718045
10896	0.30944932
10897	0.29201105
10898	0.27477583
10899	0.25744912
10900	0.24047059
10901	0.22383843
10902	0.20740110
10903	0.19172964
10904	0.17618185
10905	0.16116866
10906	0.14585887
10907	0.13149279
10908	0.11794734
10909	0.10459168
10910	0.08849042
10911	0.07279050
10912	0.06038486
10913	0.05013389
10914	0.04015758
10915	0.03103329
10916	0.02304167
10917	0.01570735
10918	0.00907730
10919	0.00332981
10920	-0.00150482
10921	-0.00542061
10922	-0.00823387
10923	-0.00983863
10924	-0.01012400
10925	-0.00909303
10926	-0.00668787
10927	-0.00298799
10928	0.00204131
10929	0.00825985
10930	0.01567585
10931	0.02428736
10932	0.03411376
10933	0.04501181
10934	0.05685294
10935	0.06952520
10936	0.08325408
10937	0.09782877
10938	0.11323874
10939	0.12937669
10940	0.14639702
10941	0.16396961
10942	0.18229637
10943	0.20127241
10944	0.22099139
10945	0.24140474
10946	0.26230735
10947	0.28383055
10948	0.30618116
10949	0.32925293
10950	0.35298282
10951	0.37721789
10952	0.40188438
10953	0.42745107
10954	0.45318159
10955	0.47933656
10956	0.50580829
10957	0.53243768
10958	0.55922437
10959	0.58615869
10960	0.61319590
10961	0.64028800
10962	0.66783631
10963	0.69504923
10964	0.72177804
10965	0.74844342
10966	0.77482378
10967	0.80010283
10968	0.82443404
10969	0.84767759
10970	0.86953384
10971	0.88999450
10972	0.90854317
10973	0.92601454
10974	0.94166893
10975	0.95489788
10976	0.96657455
10977	0.97611725
10978	0.98303574
10979	0.98799467
10980	0.99115455
10981	0.99248964
10982	0.99212396
10983	0.99006766
10984	0.98623157
10985	0.98070925
10986	0.97363621
10987	0.96548319
10988	0.95586157
10989	0.94537985
10990	0.93353069
10991	0.91689575
10992	0.89961666
10993	0.88118333
10994	0.86441529
10995	0.84874213
10996	0.83326578
10997	0.81702977
10998	0.80226660
10999	0.78576446
11000	0.76872802
11001	0.75145423
11002	0.73397356
11003	0.71637273
11004	0.69826329
11005	0.68079162
11006	0.66237170
11007	0.64385551
11008	0.62449747
11009	0.60608310
11010	0.58763534
11011	0.56890941
11012	0.54986918
11013	0.53139395
11014	0.51295787
11015	0.49479809
11016	0.47622949
11017	0.45794484
11018	0.43966046
11019	0.42214617
11020	0.40389511
11021	0.38577402
11022	0.36778989
11023	0.34985828
11024	0.33214170
11025	0.31448668
11026	0.29677975
11027	0.27926764
11028	0.26204705
11029	0.24502271
11030	0.22824693
11031	0.21224554
11032	0.19662267
11033	0.18118334
11034	0.16621603
11035	0.15186460
11036	0.13705066
11037	0.12359308
11038	0.11079018
11039	0.09591848
11040	0.08107480
11041	0.06943668
11042	0.05952900
11043	0.04950791
11044	0.03981090
11045	0.03104211
11046	0.02285080
11047	0.01529231
11048	0.00869017
11049	0.00300572
11050	-0.00152478
11051	-0.00468441
11052	-0.00647417
11053	-0.00680551
11054	-0.00571435
11055	-0.00314904
11056	0.00071451
11057	0.00568457
11058	0.01184880
11059	0.01901430
11060	0.02724335
11061	0.03643268
11062	0.04660654
11063	0.05776536
11064	0.06983397
11065	0.08289491
11066	0.09694774
11067	0.11190224
11068	0.12777942
11069	0.14444950
11070	0.16187534
11071	0.17968172
11072	0.19842200
11073	0.21776474
11074	0.23773347
11075	0.25889301
11076	0.27924696
11077	0.30182758
11078	0.32419854
11079	0.34718993
11080	0.37040910
11081	0.39443946
11082	0.41907328
11083	0.44422975
11084	0.47008646
11085	0.49612832
11086	0.52251029
11087	0.54926997
11088	0.57610941
11089	0.60304034
11090	0.63002229
11091	0.65743631
11092	0.68329453
11093	0.71210825
11094	0.73933852
11095	0.76653272
11096	0.79333401
11097	0.81955910
11098	0.84504569
11099	0.86929613
11100	0.89230329
11101	0.91385704
11102	0.93382531
11103	0.95142204
11104	0.96784717
11105	0.98192191
11106	0.99407363
11107	1.00383413
11108	1.01127970
11109	1.01644659
11110	1.01960468
11111	1.02096689
11112	1.02056217
11113	1.01837051
11114	1.01436818
11115	1.00864601
11116	1.00156641
11117	0.99331260
11118	0.98324639
11119	0.97205162
11120	0.95819056
11121	0.93919480
11122	0.92195874
11123	0.90508574
11124	0.88981748
11125	0.87414628
11126	0.85891193
11127	0.84323961
11128	0.82725000
11129	0.81041861
11130	0.79312491
11131	0.77515036
11132	0.75795895
11133	0.74000829
11134	0.72183341
11135	0.70349032
11136	0.68516302
11137	0.66698438
11138	0.64864069
11139	0.63121223
11140	0.61179304
11141	0.59283715
11142	0.57454383
11143	0.55610770
11144	0.53767496
11145	0.51911968
11146	0.50063801
11147	0.48240098
11148	0.46429622
11149	0.44601747
11150	0.42773882
11151	0.40948784
11152	0.39138034
11153	0.37333572
11154	0.35560116
11155	0.33773354
11156	0.32027304
11157	0.30282953
11158	0.28543043
11159	0.26847589
11160	0.25177395
11161	0.23580144
11162	0.22006735
11163	0.20481327
11164	0.19016846
11165	0.17522073
11166	0.16107015
11167	0.14787970
11168	0.13324094
11169	0.11728893
11170	0.10359101
11171	0.09243947
11172	0.08141913
11173	0.07026460
11174	0.05979653
11175	0.04989753
11176	0.04043369
11177	0.03170616
11178	0.02392473
11179	0.01722764
11180	0.01205642
11181	0.00834477
11182	0.00619291
11183	0.00563897
11184	0.00639838
11185	0.00846838
11186	0.01163442
11187	0.01576792
11188	0.02074071
11189	0.02657694
11190	0.03323913
11191	0.04079334
11192	0.04922673
11193	0.05851206
11194	0.06883871
11195	0.08019207
11196	0.09265327
11197	0.10602762
11198	0.12029064
11199	0.13548827
11200	0.15138033
11201	0.16800696
11202	0.18521684
11203	0.20281954
11204	0.22095588
11205	0.23965882
11206	0.25894251
11207	0.27945870
11208	0.29999572
11209	0.32113674
11210	0.34298596
11211	0.36549956
11212	0.38818711
11213	0.41227561
11214	0.43678734
11215	0.46170846
11216	0.48632547
11217	0.51272178
11218	0.53863966
11219	0.56463099
11220	0.59097040
11221	0.61732954
11222	0.64428353
11223	0.67091608
11224	0.69751287
11225	0.72411317
11226	0.75002635
11227	0.77670109
11228	0.80250090
11229	0.82723981
11230	0.85126334
11231	0.87423807
11232	0.89605790
11233	0.91673124
11234	0.93552607
11235	0.95327467
11236	0.96929526
11237	0.98282063
11238	0.99470913
11239	1.00438988
11240	1.01165652
11241	1.01683426
11242	1.02002823
11243	1.02147698
11244	1.02121592
11245	1.01928258
11246	1.01572716
11247	1.01052630
11248	1.00381124
11249	0.99553889
11250	0.98548937
11251	0.97557074
11252	0.96381181
11253	0.95095783
11254	0.93263233
11255	0.91467541
11256	0.89677972
11257	0.88113850
11258	0.86563289
11259	0.84974581
11260	0.83445811
11261	0.81945419
11262	0.80274683
11263	0.78565180
11264	0.76808721
11265	0.75025815
11266	0.73220682
11267	0.71391094
11268	0.69537956
11269	0.67693532
11270	0.65852112
11271	0.63996106
11272	0.62153178
11273	0.60221881
11274	0.58402550
11275	0.56553555
11276	0.54712749
11277	0.52870983
11278	0.51011509
11279	0.49263978
11280	0.47377411
11281	0.45615974
11282	0.43670446
11283	0.41869384
11284	0.40031877
11285	0.38231614
11286	0.36433882
11287	0.34647471
11288	0.32883766
11289	0.31099162
11290	0.29364443
11291	0.27641812
11292	0.25959876
11293	0.24310471
11294	0.22740000
11295	0.21180168
11296	0.19666520
11297	0.18226878
11298	0.16757652
11299	0.15379816
11300	0.14150158
11301	0.12827483
11302	0.11339698
11303	0.10045072
11304	0.09082828
11305	0.08175256
11306	0.07226515
11307	0.06326609
11308	0.05479980
11309	0.04684712
11310	0.03953604
11311	0.03308371
11312	0.02778589
11313	0.02368045
11314	0.02094927
11315	0.01962463
11316	0.01974587
11317	0.02114146
11318	0.02373715
11319	0.02739752
11320	0.03200975
11321	0.03750902
11322	0.04379794
11323	0.05092529
11324	0.05891763
11325	0.06782287
11326	0.07764141
11327	0.08847317
11328	0.10032380
11329	0.11311297
11330	0.12700313
11331	0.14195196
11332	0.15776786
11333	0.17446971
11334	0.19196640
11335	0.21013466
11336	0.22895901
11337	0.24833477
11338	0.26832807
11339	0.28875694
11340	0.31023660
11341	0.33197883
11342	0.35447899
11343	0.37773600
11344	0.40157154
11345	0.42607108
11346	0.45122695
11347	0.47664529
11348	0.50251126
11349	0.52838928
11350	0.55459076
11351	0.58130431
11352	0.60801834
11353	0.63509804
11354	0.66199917
11355	0.68928963
11356	0.71576130
11357	0.74253184
11358	0.76899487
11359	0.79542434
11360	0.82079846
11361	0.84559000
11362	0.86949706
11363	0.89224553
11364	0.91389781
11365	0.93426186
11366	0.95277429
11367	0.97041923
11368	0.98647153
11369	1.00068402
11370	1.01237154
11371	1.02263129
11372	1.03020847
11373	1.03594685
11374	1.03973174
11375	1.04185677
11376	1.04237890
11377	1.04134643
11378	1.03885829
11379	1.03477025
11380	1.02910376
11381	1.02201366
11382	1.01380622
11383	1.00465560
11384	0.99483204
11385	0.98367774
11386	0.97333390
11387	0.96174884
11388	0.94676429
11389	0.92969859
11390	0.91158122
11391	0.89450443
11392	0.87898153
11393	0.86349058
11394	0.84775811
11395	0.83198869
11396	0.81579268
11397	0.79882407
11398	0.78143579
11399	0.76384819
11400	0.74602890
11401	0.72781718
11402	0.70953131
11403	0.69114453
11404	0.67307228
11405	0.65447479
11406	0.63605475
11407	0.61767423
11408	0.59882027
11409	0.58051395
11410	0.56201261
11411	0.54350883
11412	0.52495348
11413	0.50731409
11414	0.48852795
11415	0.47053629
11416	0.45180836
11417	0.43381932
11418	0.41541788
11419	0.39753789
11420	0.37961894
11421	0.36193711
11422	0.34400365
11423	0.32662153
11424	0.30918622
11425	0.29184946
11426	0.27488056
11427	0.25826627
11428	0.24231157
11429	0.22657749
11430	0.21126857
11431	0.19651896
11432	0.18148991
11433	0.16731077
11434	0.15406141
11435	0.14013338
11436	0.12448538
11437	0.11060072
11438	0.09989753
11439	0.09008212
11440	0.08010020
11441	0.07070997
11442	0.06202205
11443	0.05372024
11444	0.04593067
11445	0.03891519
11446	0.03277986
11447	0.02768259
11448	0.02374831
11449	0.02111146
11450	0.01972038
11451	0.01968155
11452	0.02094490
11453	0.02338568
11454	0.02696314
11455	0.03159821
11456	0.03728488
11457	0.04400961
11458	0.05176601
11459	0.06060316
11460	0.07047450
11461	0.08115968
11462	0.09281801
11463	0.10539574
11464	0.11886057
11465	0.13307279
11466	0.14801969
11467	0.16370213
11468	0.18009952
11469	0.19700706
11470	0.21434864
11471	0.23208410
11472	0.25039929
11473	0.26910412
11474	0.28892031
11475	0.30771908
11476	0.32892779
11477	0.34996322
11478	0.37100431
11479	0.39273468
11480	0.41507810
11481	0.43596599
11482	0.46677524
11483	0.49532789
11484	0.50944620
11485	0.53409767
11486	0.55943263
11487	0.58529985
11488	0.61150968
11489	0.63817489
11490	0.66488469
11491	0.69154567
11492	0.71821892
11493	0.74480933
11494	0.77111495
11495	0.79701436
11496	0.82249689
11497	0.84683871
11498	0.87011111
11499	0.89198929
11500	0.91239971
11501	0.93075949
11502	0.94788206
11503	0.96322501
11504	0.97608632
11505	0.98732752
11506	0.99648160
11507	1.00303674
11508	1.00734115
11509	1.00977397
11510	1.01032674
11511	1.00911796
11512	1.00636804
11513	1.00175130
11514	0.99547309
11515	0.98806047
11516	0.97860032
11517	0.96760589
11518	0.95541537
11519	0.93762082
11520	0.92059141
11521	0.90220141
11522	0.88626409
11523	0.87015438
11524	0.85505879
11525	0.83919716
11526	0.82380199
11527	0.80772525
11528	0.79059529
11529	0.77280676
11530	0.75581384
11531	0.73818749
11532	0.72007954
11533	0.70180380
11534	0.68348223
11535	0.66528696
11536	0.64700150
11537	0.62798053
11538	0.61015594
11539	0.59109503
11540	0.57260972
11541	0.55419254
11542	0.53572214
11543	0.51726186
11544	0.49875844
11545	0.48031318
11546	0.46218058
11547	0.44373500
11548	0.42549139
11549	0.40718883
11550	0.38921568
11551	0.37123331
11552	0.35338867
11553	0.33563682
11554	0.31797233
11555	0.30062449
11556	0.28326604
11557	0.26592261
11558	0.24895765
11559	0.23235181
11560	0.21647950
11561	0.20079593
11562	0.18559089
11563	0.17083399
11564	0.15560377
11565	0.14085110
11566	0.12683973
11567	0.11102494
11568	0.09418090
11569	0.08047266
11570	0.06874366
11571	0.05711013
11572	0.04573510
11573	0.03507143
11574	0.02502855
11575	0.01551468
11576	0.00679008
11577	-0.00091666
11578	-0.00757316
11579	-0.01289957
11580	-0.01688128
11581	-0.01932817
11582	-0.02035738
11583	-0.01991736
11584	-0.01808065
11585	-0.01506921
11586	-0.01095298
11587	-0.00590241
11588	0.00026744
11589	0.00727076
11590	0.01514462
11591	0.02556653
11592	0.03424888
11593	0.04468745
11594	0.05634764
11595	0.06883712
11596	0.08221777
11597	0.09654339
11598	0.11182978
11599	0.12796074
11600	0.14480193
11601	0.16219993
11602	0.18016340
11603	0.19875284
11604	0.21792132
11605	0.23769504
11606	0.25861967
11607	0.27971151
11608	0.30088416
11609	0.32375702
11610	0.34631795
11611	0.36974725
11612	0.39398211
11613	0.41846734
11614	0.44370168
11615	0.46465918
11616	0.49567047
11617	0.52225894
11618	0.54863775
11619	0.57553589
11620	0.60259581
11621	0.62997669
11622	0.65727091
11623	0.68445665
11624	0.71148086
11625	0.73834568
11626	0.76507539
11627	0.79070204
11628	0.81563848
11629	0.83943081
11630	0.86202312
11631	0.88324547
11632	0.90301901
11633	0.92084444
11634	0.93748540
11635	0.95221061
11636	0.96433592
11637	0.97479963
11638	0.98284304
11639	0.98866564
11640	0.99238533
11641	0.99411243
11642	0.99415153
11643	0.99249220
11644	0.98917890
11645	0.98415208
11646	0.97759891
11647	0.96956676
11648	0.96033239
11649	0.94970888
11650	0.93894500
11651	0.92693287
11652	0.91302067
11653	0.89501220
11654	0.87760824
11655	0.86049789
11656	0.84521812
11657	0.82993579
11658	0.81371385
11659	0.79837352
11660	0.78244799
11661	0.76557714
11662	0.74840349
11663	0.73084235
11664	0.71305943
11665	0.69488639
11666	0.67677152
11667	0.65824968
11668	0.63984883
11669	0.62241447
11670	0.60296446
11671	0.58455306
11672	0.56549585
11673	0.54700768
11674	0.52848971
11675	0.51000893
11676	0.49153823
11677	0.47309187
11678	0.45506942
11679	0.43657291
11680	0.41800547
11681	0.39982975
11682	0.38181037
11683	0.36369365
11684	0.34573278
11685	0.32789674
11686	0.31022859
11687	0.29256532
11688	0.27515122
11689	0.25773799
11690	0.24064845
11691	0.22392556
11692	0.20753880
11693	0.19198631
11694	0.17652126
11695	0.16156211
11696	0.14716290
11697	0.13244550
11698	0.11873401
11699	0.10566202
11700	0.09076577
11701	0.07592110
11702	0.06401721
11703	0.05398138
11704	0.04391318
11705	0.03407747
11706	0.02512790
11707	0.01658218
11708	0.00861755
11709	0.00143407
11710	-0.00475243
11711	-0.00989493
11712	-0.01384848
11713	-0.01632909
11714	-0.01754261
11715	-0.01718623
11716	-0.01542598
11717	-0.01252446
11718	-0.00851772
11719	-0.00357785
11720	0.00230089
11721	0.00904929
11722	0.01665287
11723	0.02518880
11724	0.03456707
11725	0.04483164
11726	0.05597729
11727	0.06801835
11728	0.08095291
11729	0.09490947
11730	0.10987163
11731	0.12592022
11732	0.14288966
11733	0.16068412
11734	0.17904882
11735	0.19802085
11736	0.21750899
11737	0.23790832
11738	0.25855440
11739	0.27942005
11740	0.30169907
11741	0.32422668
11742	0.34737372
11743	0.37143347
11744	0.39580101
11745	0.42076632
11746	0.44608161
11747	0.46601483
11748	0.49749300
11749	0.52331764
11750	0.54935634
11751	0.57566905
11752	0.60205549
11753	0.62837654
11754	0.65537918
11755	0.68200403
11756	0.70832872
11757	0.73433632
11758	0.76012295
11759	0.78486055
11760	0.80883366
11761	0.83174384
11762	0.85342574
11763	0.87378418
11764	0.89269078
11765	0.90954226
11766	0.92519009
11767	0.93839782
11768	0.95011532
11769	0.95973402
11770	0.96715999
11771	0.97239554
11772	0.97564274
11773	0.97704774
11774	0.97673839
11775	0.97479784
11776	0.97126889
11777	0.96627074
11778	0.95985579
11779	0.95204687
11780	0.94305551
11781	0.93317688
11782	0.92187303
11783	0.91108656
11784	0.89902055
11785	0.88361329
11786	0.86603171
11787	0.84817785
11788	0.83156836
11789	0.81674165
11790	0.80027580
11791	0.78446430
11792	0.76935369
11793	0.75304157
11794	0.73611039
11795	0.71881616
11796	0.70126832
11797	0.68352789
11798	0.66545916
11799	0.64710468
11800	0.62898993
11801	0.61035824
11802	0.59204447
11803	0.57395077
11804	0.55534160
11805	0.53630096
11806	0.51779413
11807	0.49921340
11808	0.48041001
11809	0.46200773
11810	0.44338095
11811	0.42581126
11812	0.40725598
11813	0.38896078
11814	0.37097952
11815	0.35265288
11816	0.33458871
11817	0.31665373
11818	0.29899526
11819	0.28119844
11820	0.26381522
11821	0.24636811
11822	0.22911060
11823	0.21215136
11824	0.19548614
11825	0.17959340
11826	0.16387230
11827	0.14860363
11828	0.13389318
11829	0.11952010
11830	0.10472389
11831	0.09125838
11832	0.07701486
11833	0.06084348
11834	0.04708268
11835	0.03594228
11836	0.02545057
11837	0.01486839
11838	0.00488741
11839	-0.00433642
11840	-0.01327555
11841	-0.02153108
11842	-0.02904778
11843	-0.03569574
11844	-0.04118208
11845	-0.04543564
11846	-0.04832606
11847	-0.04984392
11848	-0.04988538
11849	-0.04859938
11850	-0.04600187
11851	-0.04219731
11852	-0.03733537
11853	-0.03140323
11854	-0.02447179
11855	-0.01646644
11856	-0.00677532
11857	0.00246023
11858	0.01329646
11859	0.02495973
11860	0.03748553
11861	0.05073331
11862	0.06493060
11863	0.08009028
11864	0.09601022
11865	0.11269148
11866	0.13003866
11867	0.14804626
11868	0.16656195
11869	0.18558110
11870	0.20515691
11871	0.22587551
11872	0.24608500
11873	0.26785773
11874	0.28959215
11875	0.31191123
11876	0.33505860
11877	0.35887620
11878	0.38325664
11879	0.40822554
11880	0.43371275
11881	0.45965126
11882	0.48562172
11883	0.51170838
11884	0.53799552
11885	0.56433904
11886	0.59090757
11887	0.61745113
11888	0.64429128
11889	0.66953409
11890	0.69717360
11891	0.72321236
11892	0.74895853
11893	0.77376455
11894	0.79774863
11895	0.82060814
11896	0.84216732
11897	0.86232877
11898	0.88049030
11899	0.89756757
11900	0.91251773
11901	0.92541605
11902	0.93646020
11903	0.94529730
11904	0.95183581
11905	0.95637375
11906	0.95883363
11907	0.95954806
11908	0.95852393
11909	0.95573401
11910	0.95147973
11911	0.94533837
11912	0.93776989
11913	0.92957681
11914	0.91894031
11915	0.90770996
11916	0.89493853
11917	0.87509042
11918	0.85891712
11919	0.84169269
11920	0.82570571
11921	0.81076622
11922	0.79490167
11923	0.77921629
11924	0.76413029
11925	0.74738759
11926	0.73003578
11927	0.71252608
11928	0.69498056
11929	0.67729098
11930	0.65916568
11931	0.64157432
11932	0.62193751
11933	0.60362929
11934	0.58523566
11935	0.56696188
11936	0.54855961
11937	0.52955687
11938	0.51112431
11939	0.49242565
11940	0.47379503
11941	0.45538121
11942	0.43697110
11943	0.41916221
11944	0.40084243
11945	0.38256600
11946	0.36430565
11947	0.34615999
11948	0.32798919
11949	0.31001845
11950	0.29223749
11951	0.27439642
11952	0.25689617
11953	0.23948857
11954	0.22218613
11955	0.20525226
11956	0.18868853
11957	0.17287913
11958	0.15740734
11959	0.14243865
11960	0.12800069
11961	0.11322474
11962	0.09913930
11963	0.08552552
11964	0.06980246
11965	0.05446678
11966	0.04203393
11967	0.03110420
11968	0.02006257
11969	0.00925575
11970	-0.00071592
11971	-0.01012977
11972	-0.01888469
11973	-0.02656909
11974	-0.03302910
11975	-0.03815832
11976	-0.04186546
11977	-0.04402466
11978	-0.04478751
11979	-0.04414876
11980	-0.04226977
11981	-0.03934354
11982	-0.03545806
11983	-0.03067362
11984	-0.02505872
11985	-0.01853790
11986	-0.01107096
11987	-0.00259845
11988	0.00695104
11989	0.01737517
11990	0.02872633
11991	0.04109814
11992	0.05436994
11993	0.06840204
11994	0.08324584
11995	0.09892448
11996	0.11542519
11997	0.13250384
11998	0.15008721
11999	0.16820747
12000	0.18682282