	C:\Users\jkuzm\OneDrive - University of Massachusetts\HRSL x UMILL-PUMA Fatigue - Fatigue\Data\F01\FR3_Metabolic1.c3d
	LMT5H
	TARGET
	ORIGINAL
ITEM	Y
1	0.33493721
2	0.35586792
3	0.37724796
4	0.39903560
5	0.42114431
6	0.44342929
7	0.46611419
8	0.48901972
9	0.51209253
10	0.53529304
11	0.55865270
12	0.58203757
13	0.60541427
14	0.62895298
15	0.65248549
16	0.67551678
17	0.69829410
18	0.71976817
19	0.74094319
20	0.76097709
21	0.77987915
22	0.79729110
23	0.81304878
24	0.82681692
25	0.83849889
26	0.84785718
27	0.85506749
28	0.85975963
29	0.86216247
30	0.86241043
31	0.86058450
32	0.85678017
33	0.85118628
34	0.84376842
35	0.83475280
36	0.82430750
37	0.81223196
38	0.79802430
39	0.78379327
40	0.76807696
41	0.75372720
42	0.73567075
43	0.71740186
44	0.69935638
45	0.68278444
46	0.66613096
47	0.64996916
48	0.63339704
49	0.61595559
50	0.59853691
51	0.58078557
52	0.56282979
53	0.54478025
54	0.52639711
55	0.50800979
56	0.48970577
57	0.47122899
58	0.45275012
59	0.43425184
60	0.41583014
61	0.39745656
62	0.37916842
63	0.36094552
64	0.34276977
65	0.32458743
66	0.30644670
67	0.28844851
68	0.27057582
69	0.25291157
70	0.23543642
71	0.21811835
72	0.20087346
73	0.18382245
74	0.16694106
75	0.15031794
76	0.13384150
77	0.11773910
78	0.10211460
79	0.08691591
80	0.07225877
81	0.05806369
82	0.04425526
83	0.03057615
84	0.01704964
85	0.00390038
86	-0.00893667
87	-0.02117166
88	-0.03300016
89	-0.04392184
90	-0.05368381
91	-0.06254203
92	-0.07037009
93	-0.07739330
94	-0.08368423
95	-0.08920381
96	-0.09389607
97	-0.09771723
98	-0.10046972
99	-0.10194904
100	-0.10224231
101	-0.10140480
102	-0.09953402
103	-0.09634436
104	-0.09200376
105	-0.08667780
106	-0.08027881
107	-0.07294162
108	-0.06449045
109	-0.05520861
110	-0.04497414
111	-0.03376665
112	-0.02176164
113	-0.00894790
114	0.00452634
115	0.01856292
116	0.03316509
117	0.04819935
118	0.06372156
119	0.07909720
120	0.09529272
121	0.11218397
122	0.12905946
123	0.14618506
124	0.16375467
125	0.18159977
126	0.20009102
127	0.21916878
128	0.23847385
129	0.25840965
130	0.27892706
131	0.29996821
132	0.32186550
133	0.34377483
134	0.36602795
135	0.38851166
136	0.41138023
137	0.43456227
138	0.45757923
139	0.48166478
140	0.50566399
141	0.52970767
142	0.55395210
143	0.57825834
144	0.60252196
145	0.62650174
146	0.65091264
147	0.67467928
148	0.69797492
149	0.72053647
150	0.74248749
151	0.76359957
152	0.78350681
153	0.80214703
154	0.81915581
155	0.83435386
156	0.84754366
157	0.85858744
158	0.86742550
159	0.87382805
160	0.87795669
161	0.87983382
162	0.87961578
163	0.87732482
164	0.87308663
165	0.86704284
166	0.85855401
167	0.84695441
168	0.83347499
169	0.81764966
170	0.80334073
171	0.78487724
172	0.76638114
173	0.74865961
174	0.73199749
175	0.71568996
176	0.70000327
177	0.68391311
178	0.66717738
179	0.64954042
180	0.63178611
181	0.61369926
182	0.59570235
183	0.57755005
184	0.55925369
185	0.54082465
186	0.52202266
187	0.50370127
188	0.48546588
189	0.46686029
190	0.44853514
191	0.42993659
192	0.41193968
193	0.39356118
194	0.37533745
195	0.35722780
196	0.33928594
197	0.32145724
198	0.30368972
199	0.28602758
200	0.26852125
201	0.25130028
202	0.23400865
203	0.21712913
204	0.20041084
205	0.18394220
206	0.16762590
207	0.15171435
208	0.13630979
209	0.12137748
210	0.10706092
211	0.09328747
212	0.07971837
213	0.06625059
214	0.05297188
215	0.03998218
216	0.02732471
217	0.01498419
218	0.00390000
219	-0.00629601
220	-0.01557326
221	-0.02427188
222	-0.03254543
223	-0.04040466
224	-0.04772580
225	-0.05427745
226	-0.05982338
227	-0.06432447
228	-0.06745383
229	-0.06934566
230	-0.06993788
231	-0.06929184
232	-0.06766041
233	-0.06473935
234	-0.06077002
235	-0.05575932
236	-0.04985077
237	-0.04295954
238	-0.03529910
239	-0.02681624
240	-0.01744217
241	-0.00722072
242	0.00376828
243	0.01559817
244	0.02816248
245	0.04126977
246	0.05500570
247	0.06912229
248	0.08352944
249	0.09809893
250	0.11324460
251	0.12842004
252	0.14379558
253	0.15941031
254	0.17521086
255	0.19125235
256	0.20765623
257	0.22444166
258	0.24157496
259	0.25919643
260	0.27739406
261	0.29607609
262	0.31567964
263	0.33509380
264	0.35535553
265	0.37626836
266	0.39750347
267	0.41941848
268	0.44172725
269	0.46464515
270	0.48759708
271	0.51114851
272	0.53485215
273	0.55884653
274	0.58294994
275	0.60703939
276	0.63155913
277	0.65603501
278	0.68035209
279	0.70451289
280	0.72784054
281	0.75098681
282	0.77327019
283	0.79469454
284	0.81497651
285	0.83390570
286	0.85124415
287	0.86676294
288	0.88021600
289	0.89142638
290	0.90041715
291	0.90699732
292	0.91117203
293	0.91320330
294	0.91310477
295	0.91107732
296	0.90712130
297	0.90143377
298	0.89377809
299	0.88303494
300	0.87023324
301	0.85531962
302	0.84006977
303	0.82434583
304	0.80480808
305	0.78676939
306	0.76958644
307	0.75325072
308	0.73731881
309	0.72136587
310	0.70455068
311	0.68709183
312	0.66936332
313	0.65154827
314	0.63356817
315	0.61518919
316	0.59696138
317	0.57850498
318	0.55973363
319	0.54135919
320	0.52299190
321	0.50466007
322	0.48625004
323	0.46799216
324	0.44976658
325	0.43152994
326	0.41325384
327	0.39505383
328	0.37685028
329	0.35875082
330	0.34088969
331	0.32318270
332	0.30564526
333	0.28821689
334	0.27109212
335	0.25403288
336	0.23723280
337	0.22056067
338	0.20449345
339	0.18854079
340	0.17309459
341	0.15821147
342	0.14382039
343	0.12990740
344	0.11623770
345	0.10252643
346	0.08884980
347	0.07516737
348	0.06163963
349	0.04833997
350	0.03614764
351	0.02475489
352	0.01424664
353	0.00415919
354	-0.00555576
355	-0.01492346
356	-0.02387991
357	-0.03206075
358	-0.03927343
359	-0.04531986
360	-0.04990857
361	-0.05304965
362	-0.05486745
363	-0.05538107
364	-0.05479266
365	-0.05279864
366	-0.04964849
367	-0.04539260
368	-0.04013510
369	-0.03380883
370	-0.02686733
371	-0.01908996
372	-0.01051587
373	-0.00126684
374	0.00877534
375	0.01958038
376	0.03114626
377	0.04333773
378	0.05612807
379	0.06949671
380	0.08314918
381	0.09726218
382	0.11160241
383	0.12616940
384	0.14094450
385	0.15609688
386	0.17128782
387	0.18662998
388	0.20243040
389	0.21844116
390	0.23525822
391	0.25232384
392	0.26992235
393	0.28815970
394	0.30666813
395	0.32622927
396	0.34573531
397	0.36613151
398	0.38722613
399	0.40867326
400	0.43037471
401	0.45248711
402	0.47500840
403	0.49780029
404	0.52113795
405	0.54447269
406	0.56820410
407	0.59209192
408	0.61610955
409	0.64017326
410	0.66433865
411	0.68844759
412	0.71260726
413	0.73553979
414	0.75845540
415	0.78068078
416	0.80237120
417	0.82266462
418	0.84194845
419	0.85987067
420	0.87614614
421	0.89051217
422	0.90286309
423	0.91306156
424	0.92090732
425	0.92639679
426	0.92957819
427	0.93060356
428	0.92952615
429	0.92644280
430	0.92151690
431	0.91481841
432	0.90640515
433	0.89513701
434	0.88215089
435	0.86732537
436	0.85220760
437	0.83693284
438	0.81747824
439	0.79913622
440	0.78155065
441	0.76504391
442	0.74933875
443	0.73328429
444	0.71638560
445	0.69935739
446	0.68130344
447	0.66344571
448	0.64532518
449	0.62686867
450	0.60830957
451	0.58990854
452	0.57136822
453	0.55305541
454	0.53439778
455	0.51599282
456	0.49764079
457	0.47943541
458	0.46116447
459	0.44307461
460	0.42469215
461	0.40649432
462	0.38845071
463	0.37054083
464	0.35280466
465	0.33522275
466	0.31767222
467	0.30042520
468	0.28326589
469	0.26632902
470	0.24935471
471	0.23318103
472	0.21681796
473	0.20098236
474	0.18561779
475	0.17069590
476	0.15640350
477	0.14257114
478	0.12901153
479	0.11556084
480	0.10229672
481	0.08921682
482	0.07636271
483	0.06364249
484	0.05199325
485	0.04132776
486	0.03149472
487	0.02227221
488	0.01348649
489	0.00516834
490	-0.00269193
491	-0.00971117
492	-0.01595759
493	-0.02109955
494	-0.02501338
495	-0.02764886
496	-0.02892932
497	-0.02885449
498	-0.02758155
499	-0.02504040
500	-0.02140965
501	-0.01670548
502	-0.01102216
503	-0.00424175
504	0.00325481
505	0.01163410
506	0.02088634
507	0.03093430
508	0.04175394
509	0.05326083
510	0.06546442
511	0.07820515
512	0.09155759
513	0.10536627
514	0.11953901
515	0.13394998
516	0.14903735
517	0.16417974
518	0.17947100
519	0.19493572
520	0.21056984
521	0.22648400
522	0.24264646
523	0.25925833
524	0.27622652
525	0.29366431
526	0.31175196
527	0.33001229
528	0.34934413
529	0.36841184
530	0.38816389
531	0.40863296
532	0.42963916
533	0.45117497
534	0.47308606
535	0.49536109
536	0.51797462
537	0.54086846
538	0.56408679
539	0.58762532
540	0.61134624
541	0.63525355
542	0.65905821
543	0.68349797
544	0.70774662
545	0.73154986
546	0.75512385
547	0.77830666
548	0.80081314
549	0.82248265
550	0.84307647
551	0.86249340
552	0.88047677
553	0.89674354
554	0.91115659
555	0.92351276
556	0.93366283
557	0.94173139
558	0.94734931
559	0.95079607
560	0.95211273
561	0.95135272
562	0.94858897
563	0.94397843
564	0.93754154
565	0.92939067
566	0.91887599
567	0.90574127
568	0.89153081
569	0.87603295
570	0.86193734
571	0.84241885
572	0.82421041
573	0.80644584
574	0.78990555
575	0.77391458
576	0.75796950
577	0.74122530
578	0.72372246
579	0.70615047
580	0.68849218
581	0.67052907
582	0.65245593
583	0.63388652
584	0.61551034
585	0.59683478
586	0.57842171
587	0.55997831
588	0.54153836
589	0.52320099
590	0.50495899
591	0.48678878
592	0.46847442
593	0.45025560
594	0.43218902
595	0.41366535
596	0.39600128
597	0.37818444
598	0.36058131
599	0.34293857
600	0.32566291
601	0.30870160
602	0.29177901
603	0.27512532
604	0.25852972
605	0.24260780
606	0.22675522
607	0.21142183
608	0.19666338
609	0.18243538
610	0.16871424
611	0.15526484
612	0.14183876
613	0.12843862
614	0.11517523
615	0.10189053
616	0.08874797
617	0.07658853
618	0.06535690
619	0.05507389
620	0.04550642
621	0.03653071
622	0.02804546
623	0.02011892
624	0.01281862
625	0.00660634
626	0.00123791
627	-0.00297941
628	-0.00604123
629	-0.00788112
630	-0.00862375
631	-0.00814825
632	-0.00660304
633	-0.00393580
634	-0.00021135
635	0.00448452
636	0.01012733
637	0.01665721
638	0.02420071
639	0.03250205
640	0.04154731
641	0.05141024
642	0.06203521
643	0.07337355
644	0.08534776
645	0.09788812
646	0.11080283
647	0.12427431
648	0.13790555
649	0.15203950
650	0.16657418
651	0.18118371
652	0.19597343
653	0.21100822
654	0.22630554
655	0.24190509
656	0.25794062
657	0.27442414
658	0.29153052
659	0.30877206
660	0.32669494
661	0.34526658
662	0.36414048
663	0.38358900
664	0.40376958
665	0.42409289
666	0.44526696
667	0.46625909
668	0.48871157
669	0.51110363
670	0.53374982
671	0.55667657
672	0.57988322
673	0.60332412
674	0.62695909
675	0.65034372
676	0.67457384
677	0.69839203
678	0.72195280
679	0.74525827
680	0.76801825
681	0.79039288
682	0.81148767
683	0.83168727
684	0.85064709
685	0.86806369
686	0.88369733
687	0.89729035
688	0.90875083
689	0.91794842
690	0.92492765
691	0.92962396
692	0.93206280
693	0.93249214
694	0.93098384
695	0.92754662
696	0.92237449
697	0.91553152
698	0.90713936
699	0.89605725
700	0.88313121
701	0.86857700
702	0.85325623
703	0.83797717
704	0.81839705
705	0.80020344
706	0.78260219
707	0.76597619
708	0.74968994
709	0.73346019
710	0.71642327
711	0.69951040
712	0.68138677
713	0.66340488
714	0.64523536
715	0.62648946
716	0.60831267
717	0.58978742
718	0.57132012
719	0.55277574
720	0.53422678
721	0.51573861
722	0.49733952
723	0.47909567
724	0.46086419
725	0.44275370
726	0.42407253
727	0.40606874
728	0.38789469
729	0.36987153
730	0.35197169
731	0.33426857
732	0.31679690
733	0.29944795
734	0.28227106
735	0.26525706
736	0.24828756
737	0.23200455
738	0.21565448
739	0.19977821
740	0.18432592
741	0.16935362
742	0.15492769
743	0.14088975
744	0.12704298
745	0.11305832
746	0.09917209
747	0.08551253
748	0.07201132
749	0.05869150
750	0.04626334
751	0.03484454
752	0.02433977
753	0.01461786
754	0.00557032
755	-0.00279531
756	-0.01051835
757	-0.01750571
758	-0.02361382
759	-0.02867416
760	-0.03254791
761	-0.03529480
762	-0.03694157
763	-0.03764249
764	-0.03694135
765	-0.03508890
766	-0.03215095
767	-0.02812882
768	-0.02291443
769	-0.01699541
770	-0.01011879
771	-0.00242742
772	0.00612264
773	0.01545462
774	0.02550039
775	0.03631003
776	0.04771333
777	0.05988887
778	0.07259166
779	0.08581180
780	0.09951571
781	0.11352207
782	0.12784712
783	0.14272417
784	0.15803950
785	0.17352283
786	0.18929069
787	0.20543729
788	0.22193909
789	0.23884441
790	0.25619549
791	0.27424169
792	0.29241565
793	0.31128791
794	0.33109775
795	0.35065645
796	0.37107417
797	0.39199707
798	0.41354179
799	0.43538755
800	0.45758370
801	0.47980252
802	0.50293440
803	0.52647257
804	0.54951572
805	0.57320458
806	0.59706646
807	0.62107688
808	0.64507329
809	0.66915554
810	0.69286209
811	0.71652132
812	0.73920923
813	0.76149148
814	0.78300554
815	0.80359119
816	0.82298934
817	0.84094316
818	0.85731328
819	0.87189221
820	0.88454419
821	0.89504814
822	0.90337300
823	0.90961117
824	0.91354895
825	0.91523421
826	0.91483229
827	0.91235882
828	0.90794051
829	0.90162808
830	0.89348340
831	0.88371480
832	0.87118798
833	0.85703725
834	0.84139550
835	0.82592273
836	0.81036329
837	0.79154807
838	0.77375084
839	0.75622565
840	0.73948699
841	0.72350001
842	0.70725310
843	0.69041353
844	0.67296332
845	0.65527064
846	0.63753313
847	0.61926502
848	0.60112983
849	0.58252382
850	0.56422836
851	0.54584485
852	0.52740896
853	0.50903481
854	0.49053392
855	0.47193876
856	0.45354021
857	0.43524405
858	0.41688552
859	0.39855245
860	0.38030204
861	0.36205032
862	0.34379503
863	0.32581314
864	0.30802888
865	0.29040933
866	0.27309060
867	0.25587800
868	0.23884620
869	0.22182690
870	0.20528421
871	0.18897668
872	0.17301562
873	0.15742707
874	0.14232805
875	0.12773100
876	0.11361734
877	0.09958700
878	0.08536158
879	0.07097369
880	0.05674386
881	0.04295393
882	0.02963385
883	0.01727293
884	0.00600656
885	-0.00436662
886	-0.01398521
887	-0.02303958
888	-0.03159902
889	-0.03948175
890	-0.04669031
891	-0.05302553
892	-0.05831164
893	-0.06245719
894	-0.06537332
895	-0.06713661
896	-0.06791501
897	-0.06743024
898	-0.06582206
899	-0.06313097
900	-0.05952368
901	-0.05487753
902	-0.04934224
903	-0.04266873
904	-0.03529007
905	-0.02709151
906	-0.01810945
907	-0.00844152
908	0.00190560
909	0.01294655
910	0.02478283
911	0.03721656
912	0.05030613
913	0.06399845
914	0.07821563
915	0.09247405
916	0.10742223
917	0.12276623
918	0.13821185
919	0.15395422
920	0.16998953
921	0.18641683
922	0.20320529
923	0.22048746
924	0.23827760
925	0.25655100
926	0.27528998
927	0.29494932
928	0.31430763
929	0.33445707
930	0.35508737
931	0.37583378
932	0.39695719
933	0.41838667
934	0.44006917
935	0.46207669
936	0.48449200
937	0.50708318
938	0.52993029
939	0.55289936
940	0.57608151
941	0.59929812
942	0.62258559
943	0.64572221
944	0.66853565
945	0.69173330
946	0.71401042
947	0.73545802
948	0.75632489
949	0.77626431
950	0.79516071
951	0.81265402
952	0.82860696
953	0.84281367
954	0.85508341
955	0.86519635
956	0.87328792
957	0.87900358
958	0.88247347
959	0.88372898
960	0.88286948
961	0.87992483
962	0.87498754
963	0.86815923
964	0.85954785
965	0.84915459
966	0.83590347
967	0.82143849
968	0.80532658
969	0.79017466
970	0.77358931
971	0.75516343
972	0.73748332
973	0.72036743
974	0.70382643
975	0.68789005
976	0.67189896
977	0.65501195
978	0.63763064
979	0.61975592
980	0.60210359
981	0.58419591
982	0.56616098
983	0.54773796
984	0.52954024
985	0.51117253
986	0.49287307
987	0.47437385
988	0.45598149
989	0.43728322
990	0.41932395
991	0.40113086
992	0.38270634
993	0.36455199
994	0.34633332
995	0.32810077
996	0.30997109
997	0.29200059
998	0.27420223
999	0.25663826
1000	0.23928452
1001	0.22196759
1002	0.20480399
1003	0.18758576
1004	0.17114435
1005	0.15460506
1006	0.13846973
1007	0.12279610
1008	0.10758431
1009	0.09296081
1010	0.07874783
1011	0.06488809
1012	0.05095047
1013	0.03687551
1014	0.02305463
1015	0.00965756
1016	-0.00319413
1017	-0.01524907
1018	-0.02605900
1019	-0.03613028
1020	-0.04542170
1021	-0.05422870
1022	-0.06249068
1023	-0.07025670
1024	-0.07734673
1025	-0.08356702
1026	-0.08874445
1027	-0.09281345
1028	-0.09562390
1029	-0.09726576
1030	-0.09770779
1031	-0.09708659
1032	-0.09532026
1033	-0.09251401
1034	-0.08872771
1035	-0.08403727
1036	-0.07848128
1037	-0.07209885
1038	-0.06475845
1039	-0.05683832
1040	-0.04814533
1041	-0.03870219
1042	-0.02859224
1043	-0.01780165
1044	-0.00629648
1045	0.00591212
1046	0.01865923
1047	0.03198672
1048	0.04579725
1049	0.05949738
1050	0.07422433
1051	0.08924033
1052	0.10438546
1053	0.11978050
1054	0.13550417
1055	0.15148625
1056	0.16788824
1057	0.18462862
1058	0.20181781
1059	0.21964064
1060	0.23763141
1061	0.25627172
1062	0.27561486
1063	0.29499921
1064	0.31507260
1065	0.33563390
1066	0.35645711
1067	0.37763560
1068	0.39918005
1069	0.42086151
1070	0.44305679
1071	0.46544537
1072	0.48851249
1073	0.51166123
1074	0.53488034
1075	0.55830979
1076	0.58187532
1077	0.60546255
1078	0.62892967
1079	0.65208763
1080	0.67475694
1081	0.69773054
1082	0.71933997
1083	0.74005115
1084	0.75973201
1085	0.77815998
1086	0.79505897
1087	0.81009567
1088	0.82321471
1089	0.83422118
1090	0.84305000
1091	0.84941190
1092	0.85345852
1093	0.85517913
1094	0.85481381
1095	0.85230947
1096	0.84774506
1097	0.84124500
1098	0.83161110
1099	0.81908631
1100	0.80391175
1101	0.78713435
1102	0.77154505
1103	0.75309086
1104	0.73474300
1105	0.71747148
1106	0.70080793
1107	0.68444544
1108	0.66844887
1109	0.65213084
1110	0.63470918
1111	0.61741996
1112	0.59964293
1113	0.58158988
1114	0.56346673
1115	0.54524720
1116	0.52677703
1117	0.50824040
1118	0.48983163
1119	0.47132030
1120	0.45282391
1121	0.43441528
1122	0.41596958
1123	0.39760029
1124	0.37931839
1125	0.36106724
1126	0.34270200
1127	0.32460862
1128	0.30642101
1129	0.28837952
1130	0.27042180
1131	0.25260976
1132	0.23508403
1133	0.21764019
1134	0.20041065
1135	0.18336925
1136	0.16640890
1137	0.14981307
1138	0.13360603
1139	0.11768343
1140	0.10232019
1141	0.08742476
1142	0.07307430
1143	0.05902120
1144	0.04489241
1145	0.03044635
1146	0.01607802
1147	0.00208310
1148	-0.01139573
1149	-0.02414386
1150	-0.03562450
1151	-0.04620166
1152	-0.05597758
1153	-0.06511408
1154	-0.07376263
1155	-0.08182793
1156	-0.08926672
1157	-0.09581620
1158	-0.10135461
1159	-0.10567427
1160	-0.10873925
1161	-0.11055167
1162	-0.11133405
1163	-0.11069468
1164	-0.10884257
1165	-0.10588319
1166	-0.10184154
1167	-0.09689511
1168	-0.09100486
1169	-0.08422340
1170	-0.07646929
1171	-0.06803294
1172	-0.05886988
1173	-0.04891971
1174	-0.03842511
1175	-0.02719872
1176	-0.01541807
1177	-0.00292081
1178	0.01008247
1179	0.02371579
1180	0.03787077
1181	0.05196281
1182	0.06705755
1183	0.08272427
1184	0.09863634
1185	0.11474047
1186	0.13116947
1187	0.14784037
1188	0.16496775
1189	0.18246250
1190	0.20074880
1191	0.21895118
1192	0.23794416
1193	0.25769684
1194	0.27751976
1195	0.29806346
1196	0.31914833
1197	0.34036723
1198	0.36212280
1199	0.38429549
1200	0.40678757
1201	0.42965913
1202	0.45296028
1203	0.47657129
1204	0.50045383
1205	0.52456194
1206	0.54876578
1207	0.57315797
1208	0.59754765
1209	0.62186551
1210	0.64580184
1211	0.66947746
1212	0.69251776
1213	0.71488142
1214	0.73621732
1215	0.75676835
1216	0.77615261
1217	0.79420143
1218	0.81047934
1219	0.82489467
1220	0.83710837
1221	0.84759742
1222	0.85499674
1223	0.86016679
1224	0.86308599
1225	0.86389524
1226	0.86255527
1227	0.85924089
1228	0.85399294
1229	0.84696931
1230	0.83738041
1231	0.82536834
1232	0.81106287
1233	0.79535037
1234	0.78123605
1235	0.76200718
1236	0.74370378
1237	0.72584337
1238	0.70928621
1239	0.69325429
1240	0.67734283
1241	0.66029179
1242	0.64281082
1243	0.62522024
1244	0.60741347
1245	0.58938605
1246	0.57116431
1247	0.55274391
1248	0.53415328
1249	0.51558977
1250	0.49711049
1251	0.47876629
1252	0.46043643
1253	0.44198707
1254	0.42368901
1255	0.40535438
1256	0.38702407
1257	0.36870885
1258	0.35052857
1259	0.33242038
1260	0.31442529
1261	0.29652801
1262	0.27864325
1263	0.26098704
1264	0.24369717
1265	0.22636589
1266	0.20924988
1267	0.19241349
1268	0.17566556
1269	0.15947856
1270	0.14328438
1271	0.12766479
1272	0.11239123
1273	0.09762229
1274	0.08343906
1275	0.06955336
1276	0.05577295
1277	0.04197824
1278	0.02840176
1279	0.01512903
1280	0.00198815
1281	-0.01055909
1282	-0.02184893
1283	-0.03220332
1284	-0.04158951
1285	-0.05030520
1286	-0.05842828
1287	-0.06594918
1288	-0.07281566
1289	-0.07877129
1290	-0.08378474
1291	-0.08759814
1292	-0.09029021
1293	-0.09189230
1294	-0.09218453
1295	-0.09130589
1296	-0.08949123
1297	-0.08633007
1298	-0.08212381
1299	-0.07689841
1300	-0.07063492
1301	-0.06367542
1302	-0.05590535
1303	-0.04725593
1304	-0.03783657
1305	-0.02766051
1306	-0.01667422
1307	-0.00493071
1308	0.00750376
1309	0.02052285
1310	0.03405242
1311	0.04777611
1312	0.06182035
1313	0.07625712
1314	0.09108919
1315	0.10599425
1316	0.12117993
1317	0.13663504
1318	0.15249264
1319	0.16867080
1320	0.18526827
1321	0.20226970
1322	0.21995348
1323	0.23762597
1324	0.25593254
1325	0.27507803
1326	0.29387823
1327	0.31353652
1328	0.33382604
1329	0.35435221
1330	0.37571707
1331	0.39694336
1332	0.41886327
1333	0.44113594
1334	0.46371752
1335	0.48687047
1336	0.50979513
1337	0.53308052
1338	0.55647755
1339	0.58004284
1340	0.60364890
1341	0.62706184
1342	0.65019602
1343	0.67299753
1344	0.69547671
1345	0.71709579
1346	0.73774880
1347	0.75744689
1348	0.77597982
1349	0.79332483
1350	0.80857086
1351	0.82210708
1352	0.83364958
1353	0.84308171
1354	0.85030460
1355	0.85524356
1356	0.85788906
1357	0.85840839
1358	0.85707873
1359	0.85350114
1360	0.84824479
1361	0.84133118
1362	0.83284253
1363	0.82298851
1364	0.81175554
1365	0.79814059
1366	0.78452015
1367	0.76898611
1368	0.75541532
1369	0.73679316
1370	0.71837783
1371	0.70023155
1372	0.68356013
1373	0.66736627
1374	0.65115041
1375	0.63370222
1376	0.61651319
1377	0.59885764
1378	0.58101434
1379	0.56274742
1380	0.54465431
1381	0.52639234
1382	0.50803995
1383	0.48947307
1384	0.47102618
1385	0.45269084
1386	0.43435243
1387	0.41605559
1388	0.39777705
1389	0.37946412
1390	0.36104891
1391	0.34285057
1392	0.32472062
1393	0.30663252
1394	0.28868192
1395	0.27082869
1396	0.25313437
1397	0.23558982
1398	0.21838036
1399	0.20108373
1400	0.18406166
1401	0.16734715
1402	0.15072893
1403	0.13443275
1404	0.11833408
1405	0.10275652
1406	0.08764388
1407	0.07296699
1408	0.05889795
1409	0.04510142
1410	0.03143288
1411	0.01782521
1412	0.00439555
1413	-0.00888350
1414	-0.02205235
1415	-0.03443436
1416	-0.04577170
1417	-0.05625723
1418	-0.06596790
1419	-0.07517000
1420	-0.08404294
1421	-0.09240296
1422	-0.10019697
1423	-0.10732780
1424	-0.11328776
1425	-0.11818629
1426	-0.12182140
1427	-0.12406334
1428	-0.12514612
1429	-0.12507983
1430	-0.12381412
1431	-0.12161376
1432	-0.11806834
1433	-0.11348847
1434	-0.10788171
1435	-0.10137478
1436	-0.09377899
1437	-0.08520082
1438	-0.07577659
1439	-0.06550546
1440	-0.05398439
1441	-0.04199426
1442	-0.02932652
1443	-0.01600913
1444	-0.00237807
1445	0.01164973
1446	0.02566396
1447	0.04018844
1448	0.05493477
1449	0.07007479
1450	0.08527853
1451	0.10076007
1452	0.11655480
1453	0.13271344
1454	0.14931373
1455	0.16632485
1456	0.18376479
1457	0.20163475
1458	0.21998256
1459	0.23863424
1460	0.25800696
1461	0.27810666
1462	0.29872891
1463	0.31963831
1464	0.34129465
1465	0.36332616
1466	0.38574871
1467	0.40839478
1468	0.43150595
1469	0.45454699
1470	0.47833738
1471	0.50224847
1472	0.52636719
1473	0.55062914
1474	0.57508111
1475	0.59940970
1476	0.62362295
1477	0.64722115
1478	0.67117548
1479	0.69407386
1480	0.71604866
1481	0.73696017
1482	0.75663155
1483	0.77496225
1484	0.79129666
1485	0.80573028
1486	0.81791764
1487	0.82782727
1488	0.83514845
1489	0.83999979
1490	0.84245193
1491	0.84262246
1492	0.84054726
1493	0.83645052
1494	0.83034700
1495	0.82244039
1496	0.81224006
1497	0.79893428
1498	0.78465438
1499	0.76853430
1500	0.75481659
1501	0.73572111
1502	0.71734565
1503	0.69987875
1504	0.68277007
1505	0.66655988
1506	0.65085846
1507	0.63410532
1508	0.61697739
1509	0.59906000
1510	0.58139801
1511	0.56339496
1512	0.54535460
1513	0.52689481
1514	0.50850224
1515	0.48994991
1516	0.47142217
1517	0.45297360
1518	0.43459558
1519	0.41596055
1520	0.39777532
1521	0.37948143
1522	0.36113736
1523	0.34263542
1524	0.32448721
1525	0.30636835
1526	0.28842378
1527	0.27058202
1528	0.25286806
1529	0.23521736
1530	0.21773721
1531	0.20043163
1532	0.18330978
1533	0.16633928
1534	0.14966178
1535	0.13327241
1536	0.11707105
1537	0.10142963
1538	0.08626638
1539	0.07171638
1540	0.05767775
1541	0.04410999
1542	0.03083625
1543	0.01769076
1544	0.00483235
1545	-0.00773314
1546	-0.01987214
1547	-0.03163417
1548	-0.04247333
1549	-0.05220796
1550	-0.06094853
1551	-0.06874944
1552	-0.07576898
1553	-0.08205736
1554	-0.08762028
1555	-0.09234945
1556	-0.09614700
1557	-0.09889149
1558	-0.10041925
1559	-0.10063746
1560	-0.09972233
1561	-0.09777303
1562	-0.09495603
1563	-0.09091704
1564	-0.08594554
1565	-0.08007950
1566	-0.07315425
1567	-0.06550014
1568	-0.05692575
1569	-0.04745440
1570	-0.03712488
1571	-0.02588206
1572	-0.01381038
1573	-0.00109554
1574	0.01212512
1575	0.02587306
1576	0.03999676
1577	0.05443062
1578	0.06915629
1579	0.08371843
1580	0.09902770
1581	0.11522661
1582	0.13132446
1583	0.14775693
1584	0.16446230
1585	0.18173030
1586	0.19941296
1587	0.21776052
1588	0.23626703
1589	0.25541970
1590	0.27541664
1591	0.29537237
1592	0.31625840
1593	0.33754820
1594	0.35931671
1595	0.38170066
1596	0.40436578
1597	0.42750743
1598	0.45095026
1599	0.47434440
1600	0.49862641
1601	0.52301013
1602	0.54695266
1603	0.57136434
1604	0.59579158
1605	0.62023836
1606	0.64446729
1607	0.66854572
1608	0.69196832
1609	0.71448398
1610	0.73644215
1611	0.75717539
1612	0.77670819
1613	0.79484844
1614	0.81132656
1615	0.82593560
1616	0.83883071
1617	0.84912926
1618	0.85738689
1619	0.86320657
1620	0.86686462
1621	0.86831456
1622	0.86755747
1623	0.86476523
1624	0.85985953
1625	0.85299277
1626	0.84432417
1627	0.83371943
1628	0.81992096
1629	0.80564475
1630	0.78997213
1631	0.77450728
1632	0.75824273
1633	0.73993993
1634	0.72222358
1635	0.70519042
1636	0.68815744
1637	0.67230624
1638	0.65586448
1639	0.63866538
1640	0.62130499
1641	0.60350633
1642	0.58532536
1643	0.56726193
1644	0.54896879
1645	0.53056276
1646	0.51217967
1647	0.49378276
1648	0.47537446
1649	0.45693192
1650	0.43859589
1651	0.42021281
1652	0.40202278
1653	0.38378412
1654	0.36556563
1655	0.34738874
1656	0.32922146
1657	0.31114262
1658	0.29317239
1659	0.27534929
1660	0.25762156
1661	0.24026775
1662	0.22301902
1663	0.20591351
1664	0.18904458
1665	0.17240286
1666	0.15585355
1667	0.13976903
1668	0.12404424
1669	0.10876360
1670	0.09397120
1671	0.07956897
1672	0.06565876
1673	0.05181404
1674	0.03790545
1675	0.02417154
1676	0.01058389
1677	-0.00267637
1678	-0.01548924
1679	-0.02730374
1680	-0.03810155
1681	-0.04798214
1682	-0.05709333
1683	-0.06546044
1684	-0.07313989
1685	-0.08012949
1686	-0.08629312
1687	-0.09154760
1688	-0.09581010
1689	-0.09886998
1690	-0.10074061
1691	-0.10143042
1692	-0.10122170
1693	-0.09965730
1694	-0.09695262
1695	-0.09318066
1696	-0.08840392
1697	-0.08269375
1698	-0.07595885
1699	-0.06843189
1700	-0.06013211
1701	-0.05104762
1702	-0.04114811
1703	-0.03052901
1704	-0.01907232
1705	-0.00691575
1706	0.00590620
1707	0.01930105
1708	0.03325213
1709	0.04768161
1710	0.06229671
1711	0.07764447
1712	0.09353530
1713	0.10959479
1714	0.12594506
1715	0.14263825
1716	0.15966107
1717	0.17704995
1718	0.19496788
1719	0.21369714
1720	0.23218736
1721	0.25168625
1722	0.27211750
1723	0.29221708
1724	0.31317383
1725	0.33460113
1726	0.35586745
1727	0.37769508
1728	0.39989915
1729	0.42236921
1730	0.44518027
1731	0.46839923
1732	0.49160320
1733	0.51558006
1734	0.53943098
1735	0.56343704
1736	0.58746427
1737	0.61154169
1738	0.63546151
1739	0.65881699
1740	0.68217522
1741	0.70477200
1742	0.72657877
1743	0.74762607
1744	0.76765490
1745	0.78655744
1746	0.80400556
1747	0.81964296
1748	0.83359218
1749	0.84517348
1750	0.85471100
1751	0.86178255
1752	0.86654830
1753	0.86904377
1754	0.86939877
1755	0.86761028
1756	0.86386329
1757	0.85813391
1758	0.85062057
1759	0.84112692
1760	0.82862234
1761	0.81473756
1762	0.79882598
1763	0.78476834
1764	0.76677644
1765	0.74781340
1766	0.72981066
1767	0.71264565
1768	0.69628704
1769	0.68048006
1770	0.66413927
1771	0.64702338
1772	0.62927878
1773	0.61152363
1774	0.59379047
1775	0.57582748
1776	0.55754513
1777	0.53914422
1778	0.52064842
1779	0.50215751
1780	0.48379445
1781	0.46547478
1782	0.44690683
1783	0.42843395
1784	0.41005513
1785	0.39182290
1786	0.37358028
1787	0.35542029
1788	0.33726358
1789	0.31907550
1790	0.30105448
1791	0.28314075
1792	0.26537406
1793	0.24780981
1794	0.23044257
1795	0.21317935
1796	0.19605267
1797	0.17914441
1798	0.16253264
1799	0.14597507
1800	0.12988387
1801	0.11417941
1802	0.09903850
1803	0.08444693
1804	0.07055373
1805	0.05693064
1806	0.04355207
1807	0.03014183
1808	0.01692115
1809	0.00408666
1810	-0.00817575
1811	-0.01984361
1812	-0.03030276
1813	-0.03972585
1814	-0.04819548
1815	-0.05587483
1816	-0.06289866
1817	-0.06933431
1818	-0.07477988
1819	-0.07896139
1820	-0.08410037
1821	-0.08709375
1822	-0.08893008
1823	-0.08961003
1824	-0.08911507
1825	-0.08744597
1826	-0.08481854
1827	-0.08143579
1828	-0.07689629
1829	-0.07143185
1830	-0.06504849
1831	-0.05766131
1832	-0.04954498
1833	-0.04055334
1834	-0.03075418
1835	-0.02022031
1836	-0.00887901
1837	0.00328424
1838	0.01613141
1839	0.02968753
1840	0.04377178
1841	0.05834290
1842	0.07323278
1843	0.08810196
1844	0.10366206
1845	0.11922951
1846	0.13508323
1847	0.15121827
1848	0.16768935
1849	0.18453830
1850	0.20183617
1851	0.21973221
1852	0.23771060
1853	0.25631848
1854	0.27530983
1855	0.29475322
1856	0.31466335
1857	0.33518076
1858	0.35598087
1859	0.37710610
1860	0.39842761
1861	0.42012209
1862	0.44202331
1863	0.46417975
1864	0.48681557
1865	0.50962543
1866	0.53255099
1867	0.55565494
1868	0.57899082
1869	0.60243446
1870	0.62587786
1871	0.64904356
1872	0.67228323
1873	0.69497430
1874	0.71705621
1875	0.73843122
1876	0.75904322
1877	0.77889973
1878	0.79712892
1879	0.81392497
1880	0.82910711
1881	0.84230107
1882	0.85333371
1883	0.86219281
1884	0.86851823
1885	0.87263328
1886	0.87450272
1887	0.87434405
1888	0.87212431
1889	0.86805868
1890	0.86208957
1891	0.85441101
1892	0.84505737
1893	0.83289015
1894	0.81904078
1895	0.80364442
1896	0.78818101
1897	0.77281284
1898	0.75382513
1899	0.73584539
1900	0.71859580
1901	0.70211756
1902	0.68604064
1903	0.67003024
1904	0.65339679
1905	0.63571584
1906	0.61820972
1907	0.60038686
1908	0.58212966
1909	0.56392729
1910	0.54560500
1911	0.52687413
1912	0.50828528
1913	0.48985755
1914	0.47139484
1915	0.45298374
1916	0.43456644
1917	0.41612458
1918	0.39779630
1919	0.37961507
1920	0.36143139
1921	0.34309024
1922	0.32503748
1923	0.30701315
1924	0.28902543
1925	0.27121443
1926	0.25359067
1927	0.23622544
1928	0.21891655
1929	0.20175287
1930	0.18454172
1931	0.16808556
1932	0.15151295
1933	0.13532522
1934	0.11956518
1935	0.10427191
1936	0.08950140
1937	0.07526527
1938	0.06143887
1939	0.04770563
1940	0.03405606
1941	0.02060860
1942	0.00768790
1943	-0.00445806
1944	-0.01599703
1945	-0.02643734
1946	-0.03570286
1947	-0.04400919
1948	-0.05153833
1949	-0.05852387
1950	-0.06494723
1951	-0.07078435
1952	-0.07587418
1953	-0.08001795
1954	-0.08313525
1955	-0.08500363
1956	-0.08562449
1957	-0.08494798
1958	-0.08324335
1959	-0.08046355
1960	-0.07689984
1961	-0.07217385
1962	-0.06655946
1963	-0.06008302
1964	-0.05282962
1965	-0.04451360
1966	-0.03552913
1967	-0.02573654
1968	-0.01505544
1969	-0.00355725
1970	0.00870891
1971	0.02160698
1972	0.03511858
1973	0.04907580
1974	0.06322601
1975	0.07758481
1976	0.09225686
1977	0.10729062
1978	0.12231872
1979	0.13761045
1980	0.15325120
1981	0.16924195
1982	0.18562989
1983	0.20246807
1984	0.21989432
1985	0.23760645
1986	0.25596029
1987	0.27518126
1988	0.29433095
1989	0.31429794
1990	0.33482888
1991	0.35580885
1992	0.37726822
1993	0.39902818
1994	0.42073053
1995	0.44283101
1996	0.46525317
1997	0.48834789
1998	0.51149058
1999	0.53481770
2000	0.55851656
2001	0.58256471
2002	0.60682887
2003	0.63117093
2004	0.65535676
2005	0.67931265
2006	0.70273292
2007	0.72545171
2008	0.74748814
2009	0.76855636
2010	0.78843510
2011	0.80692554
2012	0.82364511
2013	0.83841527
2014	0.85098130
2015	0.86120659
2016	0.86902183
2017	0.87437814
2018	0.87733847
2019	0.87796187
2020	0.87649328
2021	0.87302798
2022	0.86761552
2023	0.86030632
2024	0.85125041
2025	0.83922440
2026	0.82548463
2027	0.81021482
2028	0.79513603
2029	0.77925473
2030	0.75955349
2031	0.74122924
2032	0.72379535
2033	0.70758533
2034	0.69179064
2035	0.67572606
2036	0.65875363
2037	0.64066154
2038	0.62297499
2039	0.60532486
2040	0.58692461
2041	0.56860721
2042	0.55009139
2043	0.53146166
2044	0.51293516
2045	0.49447674
2046	0.47610369
2047	0.45777807
2048	0.43965566
2049	0.42103216
2050	0.40275002
2051	0.38445586
2052	0.36622897
2053	0.34815052
2054	0.33022267
2055	0.31238914
2056	0.29457158
2057	0.27698737
2058	0.25951046
2059	0.24223277
2060	0.22524686
2061	0.20840438
2062	0.19183046
2063	0.17552717
2064	0.15953296
2065	0.14392354
2066	0.12863560
2067	0.11360694
2068	0.09906695
2069	0.08484208
2070	0.07084864
2071	0.05712204
2072	0.04366324
2073	0.03062917
2074	0.01794539
2075	0.00543658
2076	-0.00624879
2077	-0.01702449
2078	-0.02695610
2079	-0.03608194
2080	-0.04444790
2081	-0.05222637
2082	-0.05978062
2083	-0.06532741
2084	-0.07143065
2085	-0.07612883
2086	-0.07966547
2087	-0.08198974
2088	-0.08309975
2089	-0.08295510
2090	-0.08155924
2091	-0.07932899
2092	-0.07576853
2093	-0.07116093
2094	-0.06552410
2095	-0.05874270
2096	-0.05120197
2097	-0.04270221
2098	-0.03319440
2099	-0.02271127
2100	-0.01135410
2101	0.00084348
2102	0.01364604
2103	0.02705298
2104	0.04069407
2105	0.05479513
2106	0.06916016
2107	0.08365029
2108	0.09867009
2109	0.11388362
2110	0.12933931
2111	0.14513808
2112	0.16128987
2113	0.17778891
2114	0.19473492
2115	0.21214591
2116	0.23020303
2117	0.24832496
2118	0.26715690
2119	0.28668255
2120	0.30632573
2121	0.32658207
2122	0.34755531
2123	0.36874554
2124	0.39066824
2125	0.41311696
2126	0.43595973
2127	0.45856938
2128	0.48247358
2129	0.50636083
2130	0.53036594
2131	0.55458790
2132	0.57894826
2133	0.60339683
2134	0.62766665
2135	0.65253717
2136	0.67688853
2137	0.70135099
2138	0.72446710
2139	0.74767381
2140	0.76979518
2141	0.79108292
2142	0.81117022
2143	0.82986635
2144	0.84689510
2145	0.86209553
2146	0.87531519
2147	0.88627666
2148	0.89510012
2149	0.90136915
2150	0.90548241
2151	0.90712357
2152	0.90674490
2153	0.90408051
2154	0.89973807
2155	0.89345276
2156	0.88547862
2157	0.87549973
2158	0.86257732
2159	0.84876853
2160	0.83294445
2161	0.81943482
2162	0.80115658
2163	0.78298402
2164	0.76530403
2165	0.74858516
2166	0.73247600
2167	0.71689719
2168	0.70044959
2169	0.68320644
2170	0.66566348
2171	0.64793909
2172	0.62998569
2173	0.61172688
2174	0.59357047
2175	0.57515073
2176	0.55666196
2177	0.53820801
2178	0.51958537
2179	0.50121921
2180	0.48312110
2181	0.46439454
2182	0.44599903
2183	0.42758742
2184	0.40926790
2185	0.39089894
2186	0.37262496
2187	0.35450509
2188	0.33650854
2189	0.31868291
2190	0.30096418
2191	0.28334367
2192	0.26596791
2193	0.24882112
2194	0.23185149
2195	0.21513137
2196	0.19862735
2197	0.18218942
2198	0.16620959
2199	0.15062250
2200	0.13553889
2201	0.12099524
2202	0.10698259
2203	0.09318575
2204	0.07919066
2205	0.06524974
2206	0.05125687
2207	0.03745167
2208	0.02410078
2209	0.01203780
2210	0.00080227
2211	-0.00970821
2212	-0.01977111
2213	-0.02955699
2214	-0.03904480
2215	-0.04805708
2216	-0.05624084
2217	-0.06343711
2218	-0.06943229
2219	-0.07413976
2220	-0.07751864
2221	-0.07963511
2222	-0.08063070
2223	-0.08034986
2224	-0.07895125
2225	-0.07647501
2226	-0.07302453
2227	-0.06864557
2228	-0.06315378
2229	-0.05696366
2230	-0.04982210
2231	-0.04178175
2232	-0.03291010
2233	-0.02324361
2234	-0.01279095
2235	-0.00157147
2236	0.01043721
2237	0.02301365
2238	0.03614632
2239	0.04968066
2240	0.06355199
2241	0.07767032
2242	0.09219187
2243	0.10714313
2244	0.12214885
2245	0.13732438
2246	0.15277386
2247	0.16854222
2248	0.18467197
2249	0.20122664
2250	0.21828014
2251	0.23609005
2252	0.25394496
2253	0.27262533
2254	0.29220128
2255	0.31169653
2256	0.33206034
2257	0.35315904
2258	0.37450889
2259	0.39651698
2260	0.41855565
2261	0.44110221
2262	0.46387479
2263	0.48715806
2264	0.51065809
2265	0.53439063
2266	0.55832541
2267	0.58249247
2268	0.60676026
2269	0.63095587
2270	0.65507096
2271	0.67896277
2272	0.70227391
2273	0.72482187
2274	0.74663150
2275	0.76739508
2276	0.78710771
2277	0.80502725
2278	0.82139820
2279	0.83579457
2280	0.84808779
2281	0.85805988
2282	0.86584890
2283	0.87120670
2284	0.87422252
2285	0.87516075
2286	0.87404919
2287	0.87097108
2288	0.86601114
2289	0.85932904
2290	0.85099173
2291	0.83995128
2292	0.82674575
2293	0.81195498
2294	0.79612273
2295	0.78073931
2296	0.76163745
2297	0.74351674
2298	0.72606325
2299	0.70933414
2300	0.69347543
2301	0.67712253
2302	0.66028500
2303	0.64280063
2304	0.62476546
2305	0.60696542
2306	0.58891469
2307	0.57058096
2308	0.55224276
2309	0.53375208
2310	0.51529551
2311	0.49684015
2312	0.47828567
2313	0.45993754
2314	0.44148919
2315	0.42342341
2316	0.40493533
2317	0.38667145
2318	0.36830744
2319	0.34993216
2320	0.33171442
2321	0.31358710
2322	0.29559013
2323	0.27768794
2324	0.25993675
2325	0.24238129
2326	0.22512656
2327	0.20792811
2328	0.19098793
2329	0.17411211
2330	0.15779997
2331	0.14153996
2332	0.12582886
2333	0.11030941
2334	0.09530304
2335	0.08076330
2336	0.06668770
2337	0.05262757
2338	0.03840343
2339	0.02422539
2340	0.01022111
2341	-0.00337546
2342	-0.01670179
2343	-0.02902034
2344	-0.04038027
2345	-0.05082713
2346	-0.06042037
2347	-0.06936058
2348	-0.07764567
2349	-0.08517227
2350	-0.09191230
2351	-0.09768753
2352	-0.10236992
2353	-0.10579979
2354	-0.10805900
2355	-0.10908841
2356	-0.10905888
2357	-0.10790063
2358	-0.10533673
2359	-0.10169860
2360	-0.09700396
2361	-0.09127966
2362	-0.08448704
2363	-0.07697061
2364	-0.06856707
2365	-0.05968340
2366	-0.04978961
2367	-0.03895400
2368	-0.02762241
2369	-0.01540130
2370	-0.00226749
2371	0.01106060
2372	0.02486599
2373	0.03912609
2374	0.05370196
2375	0.06858909
2376	0.08419551
2377	0.09994706
2378	0.11602778
2379	0.13249867
2380	0.14935768
2381	0.16663976
2382	0.18438174
2383	0.20267479
2384	0.22146046
2385	0.24073143
2386	0.26088732
2387	0.28086698
2388	0.30165347
2389	0.32313183
2390	0.34494898
2391	0.36732873
2392	0.39009759
2393	0.41317928
2394	0.43649483
2395	0.46020803
2396	0.48443830
2397	0.50886112
2398	0.53345603
2399	0.55818921
2400	0.58305448
2401	0.60788536
2402	0.63248140
2403	0.65650332
2404	0.68092406
2405	0.70427722
2406	0.72656929
2407	0.74811387
2408	0.76855153
2409	0.78764808
2410	0.80495203
2411	0.82059228
2412	0.83414936
2413	0.84555250
2414	0.85478008
2415	0.86150974
2416	0.86618525
2417	0.86834788
2418	0.86827481
2419	0.86601913
2420	0.86164296
2421	0.85534859
2422	0.84725559
2423	0.83756191
2424	0.82633322
2425	0.81268889
2426	0.79847753
2427	0.78281230
2428	0.76894879
2429	0.75187868
2430	0.73356521
2431	0.71553135
2432	0.69836891
2433	0.68203640
2434	0.66596681
2435	0.64928901
2436	0.63152480
2437	0.61411375
2438	0.59639603
2439	0.57849950
2440	0.56012106
2441	0.54204047
2442	0.52369702
2443	0.50527942
2444	0.48667276
2445	0.46828157
2446	0.44993147
2447	0.43159449
2448	0.41326654
2449	0.39491367
2450	0.37640390
2451	0.35805485
2452	0.33972278
2453	0.32148352
2454	0.30340111
2455	0.28544819
2456	0.26758581
2457	0.24984187
2458	0.23226240
2459	0.21487199
2460	0.19765992
2461	0.18065193
2462	0.16367020
2463	0.14729436
2464	0.13091607
2465	0.11500014
2466	0.09947886
2467	0.08444761
2468	0.06992179
2469	0.05588885
2470	0.04192201
2471	0.02782559
2472	0.01366534
2473	-0.00049232
2474	-0.01451382
2475	-0.02798910
2476	-0.04044416
2477	-0.05194629
2478	-0.06263080
2479	-0.07258136
2480	-0.08187684
2481	-0.09056033
2482	-0.09858294
2483	-0.10569271
2484	-0.11181405
2485	-0.11688051
2486	-0.12060064
2487	-0.12317946
2488	-0.12436524
2489	-0.12428945
2490	-0.12318303
2491	-0.12059613
2492	-0.11686987
2493	-0.11188270
2494	-0.10608421
2495	-0.09927788
2496	-0.09150454
2497	-0.08284320
2498	-0.07331999
2499	-0.06296698
2500	-0.05183913
2501	-0.03985981
2502	-0.02726313
2503	-0.01409768
2504	-0.00048583
2505	0.01340101
2506	0.02753625
2507	0.04199480
2508	0.05688158
2509	0.07233856
2510	0.08791227
2511	0.10388193
2512	0.12019366
2513	0.13692960
2514	0.15409815
2515	0.17177184
2516	0.19014877
2517	0.20859748
2518	0.22777171
2519	0.24723530
2520	0.26746914
2521	0.28823367
2522	0.30940413
2523	0.33132461
2524	0.35334826
2525	0.37561399
2526	0.39817920
2527	0.42096871
2528	0.44406241
2529	0.46786997
2530	0.49074063
2531	0.51445282
2532	0.53819102
2533	0.56196743
2534	0.58568448
2535	0.60923576
2536	0.63249195
2537	0.65558803
2538	0.67791998
2539	0.69955188
2540	0.72025800
2541	0.73978317
2542	0.75803709
2543	0.77467924
2544	0.78951114
2545	0.80228716
2546	0.81293780
2547	0.82100058
2548	0.82659954
2549	0.82969970
2550	0.83041036
2551	0.82887226
2552	0.82515585
2553	0.81933808
2554	0.81158745
2555	0.80202317
2556	0.79043472
2557	0.77588320
2558	0.76089472
2559	0.74417543
2560	0.73031956
2561	0.71200436
2562	0.69419366
2563	0.67652005
2564	0.65971106
2565	0.64300668
2566	0.62698156
2567	0.61066079
2568	0.59377444
2569	0.57629287
2570	0.55855793
2571	0.54055423
2572	0.52244383
2573	0.50408733
2574	0.48579082
2575	0.46717331
2576	0.44870564
2577	0.43016207
2578	0.41152084
2579	0.39313897
2580	0.37477857
2581	0.35651112
2582	0.33820257
2583	0.31987241
2584	0.30162427
2585	0.28338036
2586	0.26528096
2587	0.24732570
2588	0.22954099
2589	0.21181944
2590	0.19420183
2591	0.17680597
2592	0.15944727
2593	0.14234787
2594	0.12538053
2595	0.10871466
2596	0.09232613
2597	0.07615629
2598	0.06062298
2599	0.04555165
2600	0.03114091
2601	0.01733218
2602	0.00379103
2603	-0.00965272
2604	-0.02298501
2605	-0.03630526
2606	-0.04934358
2607	-0.06225667
2608	-0.07447957
2609	-0.08563441
2610	-0.09592803
2611	-0.10544382
2612	-0.11419906
2613	-0.12243758
2614	-0.13015899
2615	-0.13705459
2616	-0.14304142
2617	-0.14796208
2618	-0.15165728
2619	-0.15402412
2620	-0.15523662
2621	-0.15515167
2622	-0.15379614
2623	-0.15117960
2624	-0.14736500
2625	-0.14249775
2626	-0.13632794
2627	-0.12932156
2628	-0.12128252
2629	-0.11231840
2630	-0.10240380
2631	-0.09164992
2632	-0.08012559
2633	-0.06780656
2634	-0.05483290
2635	-0.04128785
2636	-0.02721885
2637	-0.01284632
2638	0.00202936
2639	0.01666277
2640	0.03204573
2641	0.04818111
2642	0.06409370
2643	0.08022755
2644	0.09649315
2645	0.11333888
2646	0.13056508
2647	0.14834215
2648	0.16679133
2649	0.18552855
2650	0.20495062
2651	0.22472668
2652	0.24526690
2653	0.26606190
2654	0.28843209
2655	0.31055099
2656	0.33341843
2657	0.35658270
2658	0.38022146
2659	0.40426028
2660	0.42849499
2661	0.45319185
2662	0.47828963
2663	0.50362843
2664	0.52909148
2665	0.55457407
2666	0.57996100
2667	0.60518163
2668	0.62998933
2669	0.65399665
2670	0.67762798
2671	0.70042390
2672	0.72165686
2673	0.74160993
2674	0.75999248
2675	0.77654117
2676	0.79107398
2677	0.80328208
2678	0.81299692
2679	0.82065988
2680	0.82557130
2681	0.82822597
2682	0.82864112
2683	0.82689500
2684	0.82306147
2685	0.81721514
2686	0.80920845
2687	0.79810256
2688	0.78469247
2689	0.76965845
2690	0.75399923
2691	0.73812091
2692	0.71898377
2693	0.70106339
2694	0.68338937
2695	0.66717434
2696	0.65068370
2697	0.63458836
2698	0.61785126
2699	0.60022384
2700	0.58282942
2701	0.56498289
2702	0.54684144
2703	0.52857047
2704	0.51011503
2705	0.49157947
2706	0.47298071
2707	0.45451069
2708	0.43604997
2709	0.41751939
2710	0.39919725
2711	0.38080001
2712	0.36243045
2713	0.34415632
2714	0.32602930
2715	0.30785969
2716	0.28987479
2717	0.27195448
2718	0.25399733
2719	0.23629789
2720	0.21873672
2721	0.20148297
2722	0.18438387
2723	0.16740011
2724	0.15059401
2725	0.13408531
2726	0.11788926
2727	0.10198529
2728	0.08653496
2729	0.07153694
2730	0.05710161
2731	0.04317895
2732	0.02954543
2733	0.01593699
2734	0.00236608
2735	-0.01087766
2736	-0.02393143
2737	-0.03684055
2738	-0.04879681
2739	-0.05992893
2740	-0.07030705
2741	-0.08006258
2742	-0.08919334
2743	-0.09764959
2744	-0.10544542
2745	-0.11230668
2746	-0.11813492
2747	-0.12276533
2748	-0.12620014
2749	-0.12833591
2750	-0.12913871
2751	-0.12871300
2752	-0.12725843
2753	-0.12437929
2754	-0.12027679
2755	-0.11502944
2756	-0.10842468
2757	-0.10088333
2758	-0.09229147
2759	-0.08256150
2760	-0.07181352
2761	-0.06007384
2762	-0.04747504
2763	-0.03419755
2764	-0.02029341
2765	-0.00598486
2766	0.00895062
2767	0.02427413
2768	0.04003702
2769	0.05594339
2770	0.07251611
2771	0.08928397
2772	0.10636666
2773	0.12382103
2774	0.14162166
2775	0.15987647
2776	0.17858344
2777	0.19817469
2778	0.21746919
2779	0.23764814
2780	0.25839654
2781	0.27957189
2782	0.30145377
2783	0.32377887
2784	0.34648928
2785	0.36967838
2786	0.39337066
2787	0.41735852
2788	0.44170231
2789	0.46635029
2790	0.49136788
2791	0.51655412
2792	0.54216725
2793	0.56787443
2794	0.59357327
2795	0.61936641
2796	0.64498705
2797	0.67053342
2798	0.69574779
2799	0.72021306
2800	0.74387103
2801	0.76662612
2802	0.78817689
2803	0.80857158
2804	0.82656932
2805	0.84262317
2806	0.85636818
2807	0.86772758
2808	0.87623620
2809	0.88214481
2810	0.88561153
2811	0.88678282
2812	0.88571495
2813	0.88261646
2814	0.87753779
2815	0.87070221
2816	0.86191696
2817	0.85016054
2818	0.83705300
2819	0.82201970
2820	0.80716026
2821	0.79074103
2822	0.77181846
2823	0.75367320
2824	0.73666781
2825	0.72039950
2826	0.70471144
2827	0.68844420
2828	0.67134786
2829	0.65326369
2830	0.63555598
2831	0.61763084
2832	0.59949940
2833	0.58120215
2834	0.56275719
2835	0.54424107
2836	0.52570271
2837	0.50721622
2838	0.48870674
2839	0.47038892
2840	0.45206568
2841	0.43395698
2842	0.41543829
2843	0.39727116
2844	0.37902540
2845	0.36082545
2846	0.34277180
2847	0.32484949
2848	0.30708578
2849	0.28934935
2850	0.27186868
2851	0.25474772
2852	0.23747744
2853	0.22048126
2854	0.20371670
2855	0.18723519
2856	0.17097925
2857	0.15498362
2858	0.13963990
2859	0.12476695
2860	0.11049696
2861	0.09671030
2862	0.08324338
2863	0.06986722
2864	0.05660883
2865	0.04355025
2866	0.03089608
2867	0.01844154
2868	0.00683299
2869	-0.00393152
2870	-0.01396450
2871	-0.02331222
2872	-0.03197312
2873	-0.03994999
2874	-0.04721215
2875	-0.05367867
2876	-0.05918984
2877	-0.06370131
2878	-0.06685141
2879	-0.06879579
2880	-0.06953531
2881	-0.06897598
2882	-0.06747271
2883	-0.06453823
2884	-0.06045965
2885	-0.05527250
2886	-0.04898563
2887	-0.04183561
2888	-0.03378308
2889	-0.02478757
2890	-0.01494264
2891	-0.00422401
2892	0.00726732
2893	0.01951403
2894	0.03237330
2895	0.04584153
2896	0.05968907
2897	0.07376216
2898	0.08825458
2899	0.10286664
2900	0.11789266
2901	0.13339442
2902	0.14896716
2903	0.16488059
2904	0.18111750
2905	0.19769400
2906	0.21463898
2907	0.23199600
2908	0.24977002
2909	0.26806921
2910	0.28676450
2911	0.30643284
2912	0.32570770
2913	0.34584218
2914	0.36669636
2915	0.38767120
2916	0.40940675
2917	0.43158481
2918	0.45409372
2919	0.47723982
2920	0.50062084
2921	0.52436036
2922	0.54816794
2923	0.57239604
2924	0.59677005
2925	0.62134290
2926	0.64606321
2927	0.67106473
2928	0.69572854
2929	0.72014427
2930	0.74406517
2931	0.76746136
2932	0.79016703
2933	0.81171739
2934	0.83209777
2935	0.85093516
2936	0.86804456
2937	0.88308746
2938	0.89572901
2939	0.90606219
2940	0.91391289
2941	0.91917092
2942	0.92203265
2943	0.92268372
2944	0.92115784
2945	0.91772902
2946	0.91244996
2947	0.90545470
2948	0.89700741
2949	0.88640755
2950	0.87348485
2951	0.85957891
2952	0.84414333
2953	0.82944739
2954	0.81046665
2955	0.79238135
2956	0.77468413
2957	0.75803846
2958	0.74188185
2959	0.72576499
2960	0.70882994
2961	0.69176430
2962	0.67389512
2963	0.65609789
2964	0.63816714
2965	0.61979485
2966	0.60156447
2967	0.58313203
2968	0.56442767
2969	0.54603541
2970	0.52758563
2971	0.50918108
2972	0.49067628
2973	0.47233707
2974	0.45413131
2975	0.43583846
2976	0.41761446
2977	0.39931336
2978	0.38109875
2979	0.36278650
2980	0.34482795
2981	0.32701835
2982	0.30941352
2983	0.29226407
2984	0.27479097
2985	0.25771171
2986	0.24087580
2987	0.22426282
2988	0.20798594
2989	0.19189242
2990	0.17636411
2991	0.16131237
2992	0.14670201
2993	0.13248199
2994	0.11833546
2995	0.10394964
2996	0.08944608
2997	0.07515027
2998	0.06136156
2999	0.04817748
3000	0.03605332
3001	0.02480365
3002	0.01433157
3003	0.00440414
3004	-0.00504917
3005	-0.01409657
3006	-0.02245367
3007	-0.03008039
3008	-0.03668799
3009	-0.04205517
3010	-0.04610823
3011	-0.04858334
3012	-0.04967727
3013	-0.04964877
3014	-0.04827707
3015	-0.04572888
3016	-0.04219234
3017	-0.03764784
3018	-0.03212447
3019	-0.02566102
3020	-0.01808351
3021	-0.00974395
3022	-0.00044459
3023	0.00967747
3024	0.02071732
3025	0.03258888
3026	0.04530101
3027	0.05879344
3028	0.07286046
3029	0.08749368
3030	0.10256133
3031	0.11777387
3032	0.13373320
3033	0.14976774
3034	0.16597770
3035	0.18235968
3036	0.19906166
3037	0.21608970
3038	0.23351748
3039	0.25145179
3040	0.27012634
3041	0.28902528
3042	0.30865946
3043	0.32927197
3044	0.34965771
3045	0.37106413
3046	0.39318067
3047	0.41534930
3048	0.43821746
3049	0.46123752
3050	0.48486006
3051	0.50877637
3052	0.53292507
3053	0.55724853
3054	0.58201981
3055	0.60694605
3056	0.63202548
3057	0.65721273
3058	0.68191326
3059	0.70724279
3060	0.73160726
3061	0.75554419
3062	0.77870071
3063	0.80095565
3064	0.82221335
3065	0.84197098
3066	0.86031657
3067	0.87701929
3068	0.89177281
3069	0.90445447
3070	0.91491985
3071	0.92324221
3072	0.92911631
3073	0.93272752
3074	0.93418771
3075	0.93348563
3076	0.93067604
3077	0.92586821
3078	0.91914940
3079	0.91036242
3080	0.89854813
3081	0.88523078
3082	0.87019593
3083	0.85485566
3084	0.83889848
3085	0.81982458
3086	0.80195206
3087	0.78505027
3088	0.76889682
3089	0.75292426
3090	0.73659968
3091	0.71938318
3092	0.70216918
3093	0.68408883
3094	0.66609031
3095	0.64792532
3096	0.62923127
3097	0.61093527
3098	0.59241301
3099	0.57391363
3100	0.55550170
3101	0.53715193
3102	0.51877743
3103	0.50041854
3104	0.48209623
3105	0.46375844
3106	0.44550842
3107	0.42692491
3108	0.40903530
3109	0.39100698
3110	0.37301672
3111	0.35505873
3112	0.33720580
3113	0.31959566
3114	0.30204138
3115	0.28485221
3116	0.26775604
3117	0.25086695
3118	0.23421790
3119	0.21790746
3120	0.20162186
3121	0.18584475
3122	0.17044912
3123	0.15553562
3124	0.14112547
3125	0.12714833
3126	0.11318622
3127	0.09920927
3128	0.08539343
3129	0.07174376
3130	0.05839284
3131	0.04567868
3132	0.03418129
3133	0.02355201
3134	0.01364721
3135	0.00425888
3136	-0.00475850
3137	-0.01334785
3138	-0.02131345
3139	-0.02845952
3140	-0.03459445
3141	-0.03955640
3142	-0.04302241
3143	-0.04524137
3144	-0.04612634
3145	-0.04597413
3146	-0.04436152
3147	-0.04160792
3148	-0.03769866
3149	-0.03279900
3150	-0.02672309
3151	-0.01982718
3152	-0.01200104
3153	-0.00319507
3154	0.00654956
3155	0.01721736
3156	0.02862955
3157	0.04093703
3158	0.05381196
3159	0.06727757
3160	0.08124521
3161	0.09560875
3162	0.11019245
3163	0.12501541
3164	0.14031211
3165	0.15604511
3166	0.17189644
3167	0.18800792
3168	0.20444334
3169	0.22134534
3170	0.23865548
3171	0.25646952
3172	0.27496809
3173	0.29366061
3174	0.31304178
3175	0.33334044
3176	0.35344526
3177	0.37431988
3178	0.39564419
3179	0.41775060
3180	0.44028777
3181	0.46321344
3182	0.48650163
3183	0.51006925
3184	0.53399873
3185	0.55813134
3186	0.58251703
3187	0.60714883
3188	0.63191551
3189	0.65650690
3190	0.68154073
3191	0.70619065
3192	0.73035699
3193	0.75414389
3194	0.77727914
3195	0.79953778
3196	0.82082146
3197	0.84076911
3198	0.85940504
3199	0.87638527
3200	0.89159948
3201	0.90486979
3202	0.91590995
3203	0.92486507
3204	0.93135053
3205	0.93565327
3206	0.93782973
3207	0.93794185
3208	0.93610597
3209	0.93237048
3210	0.92685580
3211	0.91963673
3212	0.91089529
3213	0.90035075
3214	0.88711345
3215	0.87319064
3216	0.85711473
3217	0.84332144
3218	0.82487255
3219	0.80608505
3220	0.78762996
3221	0.77054423
3222	0.75409836
3223	0.73812872
3224	0.72174597
3225	0.70456690
3226	0.68758792
3227	0.66951507
3228	0.65175766
3229	0.63380635
3230	0.61546314
3231	0.59727031
3232	0.57881528
3233	0.56036991
3234	0.54177344
3235	0.52366877
3236	0.50526279
3237	0.48720050
3238	0.46848756
3239	0.45014319
3240	0.43171689
3241	0.41354883
3242	0.39533767
3243	0.37703225
3244	0.35893258
3245	0.34093922
3246	0.32307941
3247	0.30538145
3248	0.28804326
3249	0.27078325
3250	0.25382259
3251	0.23705815
3252	0.22051229
3253	0.20402266
3254	0.18802236
3255	0.17230786
3256	0.15707992
3257	0.14245008
3258	0.12828067
3259	0.11433203
3260	0.10021473
3261	0.08595446
3262	0.07178002
3263	0.05787375
3264	0.04429989
3265	0.03172181
3266	0.02010513
3267	0.00923152
3268	-0.00098438
3269	-0.01055243
3270	-0.01951161
3271	-0.02786922
3272	-0.03541296
3273	-0.04195023
3274	-0.04744128
3275	-0.05171135
3276	-0.05466959
3277	-0.05650461
3278	-0.05709008
3279	-0.05644754
3280	-0.05497237
3281	-0.05215883
3282	-0.04826317
3283	-0.04340777
3284	-0.03760637
3285	-0.03102307
3286	-0.02349265
3287	-0.01510740
3288	-0.00611784
3289	0.00364096
3290	0.01404774
3291	0.02510436
3292	0.03686441
3293	0.04917404
3294	0.06271680
3295	0.07610668
3296	0.09015267
3297	0.10448865
3298	0.11930799
3299	0.13462763
3300	0.15002531
3301	0.16567431
3302	0.18167137
3303	0.19813514
3304	0.21509305
3305	0.23260438
3306	0.25082767
3307	0.26935682
3308	0.28852996
3309	0.30863819
3310	0.32858029
3311	0.34933168
3312	0.37068713
3313	0.39221480
3314	0.41422215
3315	0.43646190
3316	0.45906737
3317	0.48158324
3318	0.50492781
3319	0.52817076
3320	0.55179805
3321	0.57550657
3322	0.59917790
3323	0.62300110
3324	0.64673066
3325	0.67011356
3326	0.69309175
3327	0.71536392
3328	0.73711389
3329	0.75786531
3330	0.77757496
3331	0.79601109
3332	0.81300557
3333	0.82840550
3334	0.84202993
3335	0.85382128
3336	0.86361492
3337	0.87133723
3338	0.87714696
3339	0.88072407
3340	0.88227099
3341	0.88177037
3342	0.87931192
3343	0.87502116
3344	0.86887324
3345	0.86100793
3346	0.85161328
3347	0.84083867
3348	0.82849920
3349	0.81376988
3350	0.79898930
3351	0.78257161
3352	0.76822966
3353	0.74943608
3354	0.73122197
3355	0.71310848
3356	0.69606215
3357	0.67963982
3358	0.66356170
3359	0.64697856
3360	0.62999374
3361	0.61264920
3362	0.59501559
3363	0.57702607
3364	0.55887312
3365	0.54056168
3366	0.52216840
3367	0.50374532
3368	0.48534971
3369	0.46747205
3370	0.44819164
3371	0.42986158
3372	0.41131338
3373	0.39310250
3374	0.37480032
3375	0.35654300
3376	0.33832711
3377	0.32017034
3378	0.30211756
3379	0.28414971
3380	0.26630238
3381	0.24858539
3382	0.23117810
3383	0.21377741
3384	0.19657207
3385	0.17950326
3386	0.16262451
3387	0.14600173
3388	0.12971933
3389	0.11375732
3390	0.09830569
3391	0.08334322
3392	0.06895372
3393	0.05514310
3394	0.04159655
3395	0.02816353
3396	0.01482753
3397	0.00186430
3398	-0.01068982
3399	-0.02263590
3400	-0.03402610
3401	-0.04431642
3402	-0.05361985
3403	-0.06186519
3404	-0.06918069
3405	-0.07559466
3406	-0.08120627
3407	-0.08605415
3408	-0.09006184
3409	-0.09317255
3410	-0.09518558
3411	-0.09606111
3412	-0.09579844
3413	-0.09454414
3414	-0.09200052
3415	-0.08831726
3416	-0.08356111
3417	-0.07779479
3418	-0.07101724
3419	-0.06325432
3420	-0.05435428
3421	-0.04467085
3422	-0.03399847
3423	-0.02242916
3424	-0.01016195
3425	0.00282140
3426	0.01640352
3427	0.03047486
3428	0.04502859
3429	0.05994439
3430	0.07530217
3431	0.09045453
3432	0.10652896
3433	0.12344051
3434	0.14006250
3435	0.15728955
3436	0.17491183
3437	0.19291997
3438	0.21163473
3439	0.23047674
3440	0.24996959
3441	0.26976806
3442	0.29044646
3443	0.31143349
3444	0.33289629
3445	0.35489061
3446	0.37745261
3447	0.40026447
3448	0.42354262
3449	0.44704980
3450	0.47065991
3451	0.49478561
3452	0.51904607
3453	0.54345483
3454	0.56809074
3455	0.59280205
3456	0.61748129
3457	0.64192361
3458	0.66675568
3459	0.69073892
3460	0.71416700
3461	0.73693633
3462	0.75909877
3463	0.77981424
3464	0.79944301
3465	0.81759536
3466	0.83394802
3467	0.84825230
3468	0.86023200
3469	0.86988223
3470	0.87698990
3471	0.88158119
3472	0.88378298
3473	0.88385433
3474	0.88179702
3475	0.87777084
3476	0.87180221
3477	0.86303735
3478	0.85135400
3479	0.83769405
3480	0.82230335
3481	0.80717659
3482	0.78906733
3483	0.77057695
3484	0.75276786
3485	0.73614192
3486	0.72010446
3487	0.70424539
3488	0.68807453
3489	0.67092866
3490	0.65340358
3491	0.63508523
3492	0.61742574
3493	0.59930968
3494	0.58077586
3495	0.56254011
3496	0.54409897
3497	0.52563393
3498	0.50724101
3499	0.48867321
3500	0.47025499
3501	0.45189178
3502	0.43367612
3503	0.41532543
3504	0.39700171
3505	0.37870157
3506	0.36031806
3507	0.34239244
3508	0.32451683
3509	0.30681941
3510	0.28927723
3511	0.27186936
3512	0.25457007
3513	0.23758236
3514	0.22066589
3515	0.20397557
3516	0.18754001
3517	0.17138648
3518	0.15544568
3519	0.14003024
3520	0.12508574
3521	0.11057957
3522	0.09651605
3523	0.08266969
3524	0.06909950
3525	0.05583297
3526	0.04274675
3527	0.02969944
3528	0.01698224
3529	0.00527961
3530	-0.00561597
3531	-0.01576964
3532	-0.02529245
3533	-0.03432084
3534	-0.04285603
3535	-0.05076362
3536	-0.05785397
3537	-0.06403691
3538	-0.06912740
3539	-0.07287933
3540	-0.07530931
3541	-0.07642110
3542	-0.07617831
3543	-0.07489434
3544	-0.07201772
3545	-0.06821247
3546	-0.06328822
3547	-0.05730965
3548	-0.05034053
3549	-0.04276749
3550	-0.03391705
3551	-0.02425783
3552	-0.01382131
3553	-0.00241757
3554	0.00967524
3555	0.02256014
3556	0.03646119
3557	0.05052850
3558	0.06488064
3559	0.07971772
3560	0.09474241
3561	0.11015885
3562	0.12607585
3563	0.14209524
3564	0.15839070
3565	0.17501165
3566	0.19199999
3567	0.20941007
3568	0.22727272
3569	0.24579234
3570	0.26449394
3571	0.28386781
3572	0.30353165
3573	0.32426456
3574	0.34540275
3575	0.36703727
3576	0.38919631
3577	0.41199428
3578	0.43499789
3579	0.45862985
3580	0.48205301
3581	0.50592923
3582	0.53003889
3583	0.55434871
3584	0.57884753
3585	0.60347098
3586	0.62806928
3587	0.65279233
3588	0.67718899
3589	0.70123088
3590	0.72472435
3591	0.74760592
3592	0.76963383
3593	0.79068196
3594	0.81047601
3595	0.82880312
3596	0.84537590
3597	0.85998738
3598	0.87246996
3599	0.88257122
3600	0.89050353
3601	0.89584494
3602	0.89890462
3603	0.89981419
3604	0.89855224
3605	0.89538932
3606	0.89023364
3607	0.88329798
3608	0.87466997
3609	0.86421853
3610	0.85082144
3611	0.83691067
3612	0.82141793
3613	0.80628783
3614	0.78974891
3615	0.77131891
3616	0.75357312
3617	0.73668236
3618	0.72030872
3619	0.70426804
3620	0.68817812
3621	0.67112947
3622	0.65359682
3623	0.63582164
3624	0.61760330
3625	0.59952170
3626	0.58128768
3627	0.56288451
3628	0.54438955
3629	0.52552432
3630	0.50725716
3631	0.48889503
3632	0.47029120
3633	0.45197231
3634	0.43367678
3635	0.41537327
3636	0.39706489
3637	0.37881061
3638	0.36059779
3639	0.34233680
3640	0.32430193
3641	0.30640581
3642	0.28872406
3643	0.27118275
3644	0.25391999
3645	0.23667777
3646	0.21961620
3647	0.20279221
3648	0.18630962
3649	0.16999343
3650	0.15414903
3651	0.13880567
3652	0.12406543
3653	0.10986856
3654	0.09607535
3655	0.08240766
3656	0.06858270
3657	0.05475076
3658	0.04112814
3659	0.02784442
3660	0.01513602
3661	0.00351231
3662	-0.00721047
3663	-0.01716286
3664	-0.02660491
3665	-0.03557889
3666	-0.04423213
3667	-0.05226812
3668	-0.05983176
3669	-0.06644800
3670	-0.07198492
3671	-0.07629394
3672	-0.07941718
3673	-0.08117605
3674	-0.08199231
3675	-0.08140890
3676	-0.07969326
3677	-0.07691701
3678	-0.07309313
3679	-0.06834176
3680	-0.06243850
3681	-0.05607819
3682	-0.04845268
3683	-0.03989244
3684	-0.03048042
3685	-0.02006016
3686	-0.00856630
3687	0.00343648
3688	0.01614870
3689	0.02954936
3690	0.04347931
3691	0.05797034
3692	0.07279655
3693	0.08802450
3694	0.10293547
3695	0.11883015
3696	0.13560058
3697	0.15203273
3698	0.16901462
3699	0.18647829
3700	0.20446461
3701	0.22300105
3702	0.24222910
3703	0.26173306
3704	0.28197393
3705	0.30272982
3706	0.32403433
3707	0.34606507
3708	0.36835903
3709	0.39105532
3710	0.41389334
3711	0.43721545
3712	0.46083906
3713	0.48488611
3714	0.50912237
3715	0.53385144
3716	0.55854768
3717	0.58345330
3718	0.60843247
3719	0.63342589
3720	0.65809816
3721	0.68300229
3722	0.70746297
3723	0.73106605
3724	0.75403440
3725	0.77607810
3726	0.79705578
3727	0.81684995
3728	0.83485806
3729	0.85119992
3730	0.86562592
3731	0.87796330
3732	0.88826597
3733	0.89609754
3734	0.90176654
3735	0.90530080
3736	0.90676224
3737	0.90631855
3738	0.90390670
3739	0.89962286
3740	0.89349180
3741	0.88564622
3742	0.87609529
3743	0.86442608
3744	0.85059923
3745	0.83616018
3746	0.82065362
3747	0.80608249
3748	0.78889632
3749	0.77150017
3750	0.75399202
3751	0.73716736
3752	0.72072810
3753	0.70469832
3754	0.68810004
3755	0.67075741
3756	0.65322059
3757	0.63517743
3758	0.61698842
3759	0.59895641
3760	0.58065242
3761	0.56203312
3762	0.54348451
3763	0.52493471
3764	0.50646073
3765	0.48811731
3766	0.46970499
3767	0.45127657
3768	0.43305704
3769	0.41481110
3770	0.39656973
3771	0.37823713
3772	0.35995096
3773	0.34171632
3774	0.32365516
3775	0.30571604
3776	0.28811023
3777	0.27048174
3778	0.25313503
3779	0.23593102
3780	0.21876332
3781	0.20212647
3782	0.18570748
3783	0.16958244
3784	0.15382101
3785	0.13851397
3786	0.12370320
3787	0.10937317
3788	0.09535458
3789	0.08118628
3790	0.06672332
3791	0.05198682
3792	0.03692320
3793	0.02189646
3794	0.00778613
3795	-0.00553418
3796	-0.01815983
3797	-0.03005413
3798	-0.04147908
3799	-0.05236820
3800	-0.06275713
3801	-0.07195681
3802	-0.08114276
3803	-0.08880546
3804	-0.09516114
3805	-0.10003337
3806	-0.10348503
3807	-0.10551208
3808	-0.10642349
3809	-0.10579351
3810	-0.10371689
3811	-0.10065577
3812	-0.09652515
3813	-0.09149150
3814	-0.08558537
3815	-0.07885475
3816	-0.07145895
3817	-0.06326876
3818	-0.05445903
3819	-0.04489757
3820	-0.03468532
3821	-0.02356480
3822	-0.01179140
3823	0.00058876
3824	0.01353195
3825	0.02672322
3826	0.04046849
3827	0.05456935
3828	0.06891435
3829	0.08356545
3830	0.09842851
3831	0.11361232
3832	0.12907663
3833	0.14481260
3834	0.16095625
3835	0.17741770
3836	0.19434899
3837	0.21165693
3838	0.22967941
3839	0.24771951
3840	0.26689544
3841	0.28590977
3842	0.30577806
3843	0.32635316
3844	0.34707248
3845	0.36824873
3846	0.38964516
3847	0.41147962
3848	0.43371344
3849	0.45631045
3850	0.47890702
3851	0.50244623
3852	0.52606827
3853	0.54936558
3854	0.57302958
3855	0.59661728
3856	0.62009120
3857	0.64332587
3858	0.66644698
3859	0.68864465
3860	0.71117783
3861	0.73184764
3862	0.75184196
3863	0.77063245
3864	0.78776860
3865	0.80337447
3866	0.81653577
3867	0.82747716
3868	0.83626604
3869	0.84236437
3870	0.84601390
3871	0.84728038
3872	0.84624982
3873	0.84297693
3874	0.83752584
3875	0.82956034
3876	0.81814831
3877	0.80448729
3878	0.78811204
3879	0.77277905
3880	0.75550801
3881	0.73601919
3882	0.71786213
3883	0.70072830
3884	0.68412226
3885	0.66794217
3886	0.65172851
3887	0.63438708
3888	0.61720699
3889	0.59961802
3890	0.58158559
3891	0.56335866
3892	0.54503351
3893	0.52659357
3894	0.50814915
3895	0.48969889
3896	0.47135857
3897	0.45298478
3898	0.43443561
3899	0.41599050
3900	0.39773309
3901	0.37946412
3902	0.36125895
3903	0.34313044
3904	0.32502648
3905	0.30681300
3906	0.28888544
3907	0.27099115
3908	0.25320876
3909	0.23562303
3910	0.21820602
3911	0.20090728
3912	0.18377572
3913	0.16685645
3914	0.15021861
3915	0.13368346
3916	0.11761752
3917	0.10201991
3918	0.08690234
3919	0.07243823
3920	0.05848109
3921	0.04503291
3922	0.03168860
3923	0.01833405
3924	0.00516312
3925	-0.00762594
3926	-0.01970504
3927	-0.03137687
3928	-0.04195336
3929	-0.05158971
3930	-0.06037272
3931	-0.06847038
3932	-0.07595766
3933	-0.08298429
3934	-0.08852489
3935	-0.09450621
3936	-0.09901105
3937	-0.10238220
3938	-0.10443675
3939	-0.10525454
3940	-0.10495915
3941	-0.10343378
3942	-0.10102923
3943	-0.09733018
3944	-0.09262554
3945	-0.08686207
3946	-0.08014268
3947	-0.07245741
3948	-0.06359426
3949	-0.05401894
3950	-0.04339514
3951	-0.03192706
3952	-0.01976839
3953	-0.00683135
3954	0.00673775
3955	0.02075655
3956	0.03537881
3957	0.05041692
3958	0.06581664
3959	0.08155029
3960	0.09788341
3961	0.11475120
3962	0.13187543
3963	0.14939047
3964	0.16730712
3965	0.18564340
3966	0.20442799
3967	0.22377548
3968	0.24334988
3969	0.26364923
3970	0.28435105
3971	0.30563015
3972	0.32759038
3973	0.34993729
3974	0.37265927
3975	0.39589372
3976	0.41946271
3977	0.44337705
3978	0.46752828
3979	0.49203804
3980	0.51672369
3981	0.54178315
3982	0.56667590
3983	0.59183538
3984	0.61707139
3985	0.64209485
3986	0.66712004
3987	0.69164467
3988	0.71606123
3989	0.73888391
3990	0.76129204
3991	0.78257585
3992	0.80255699
3993	0.82121527
3994	0.83754605
3995	0.85198921
3996	0.86419690
3997	0.87415653
3998	0.88157636
3999	0.88659787
4000	0.88932347
4001	0.88985562
4002	0.88820148
4003	0.88451934
4004	0.87885928
4005	0.87132877
4006	0.86160576
4007	0.84889978
4008	0.83503038
4009	0.81933546
4010	0.80554771
4011	0.78712863
4012	0.76881844
4013	0.75074476
4014	0.73384428
4015	0.71765918
4016	0.70236027
4017	0.68542242
4018	0.66795021
4019	0.65026182
4020	0.63219815
4021	0.61411768
4022	0.59611046
4023	0.57785118
4024	0.55929178
4025	0.54077631
4026	0.52221262
4027	0.50376546
4028	0.48545763
4029	0.46725312
4030	0.44868803
4031	0.43048435
4032	0.41210520
4033	0.39387909
4034	0.37568313
4035	0.35761288
4036	0.33966413
4037	0.32173985
4038	0.30406216
4039	0.28649995
4040	0.26938483
4041	0.25195369
4042	0.23493953
4043	0.21810672
4044	0.20150982
4045	0.18517742
4046	0.16905573
4047	0.15343243
4048	0.13837063
4049	0.12384087
4050	0.11000036
4051	0.09623718
4052	0.08261130
4053	0.06882291
4054	0.05517476
4055	0.04181459
4056	0.02876195
4057	0.01656667
4058	0.00566069
4059	-0.00436131
4060	-0.01341404
4061	-0.02181524
4062	-0.02964813
4063	-0.03696755
4064	-0.04415987
4065	-0.04917015
4066	-0.05283829
4067	-0.05757228
4068	-0.05977255
4069	-0.06071856
4070	-0.06036317
4071	-0.05870283
4072	-0.05615937
4073	-0.05222625
4074	-0.04731398
4075	-0.04142289
4076	-0.03465173
4077	-0.02699455
4078	-0.01850308
4079	-0.00900686
4080	0.00110087
4081	0.01195242
4082	0.02357130
4083	0.03594574
4084	0.04898401
4085	0.06252463
4086	0.07677107
4087	0.09147082
4088	0.10642377
4089	0.12188753
4090	0.13785101
4091	0.15396741
4092	0.17033090
4093	0.18705173
4094	0.20406529
4095	0.22151668
4096	0.23940520
4097	0.25791687
4098	0.27662024
4099	0.29598516
4100	0.31630915
4101	0.33649713
4102	0.35767174
4103	0.37939021
4104	0.40158403
4105	0.42447639
4106	0.44734427
4107	0.47064877
4108	0.49431941
4109	0.51844108
4110	0.54257900
4111	0.56700927
4112	0.59159857
4113	0.61636031
4114	0.64095908
4115	0.66599065
4116	0.69063044
4117	0.71491545
4118	0.73870605
4119	0.76197511
4120	0.78459799
4121	0.80617362
4122	0.82671243
4123	0.84586698
4124	0.86343640
4125	0.87916905
4126	0.89278501
4127	0.90422100
4128	0.91321784
4129	0.91992402
4130	0.92413837
4131	0.92599463
4132	0.92560512
4133	0.92303091
4134	0.91840756
4135	0.91186285
4136	0.90346885
4137	0.89222360
4138	0.87875730
4139	0.86361617
4140	0.84771299
4141	0.83283007
4142	0.81377250
4143	0.79588890
4144	0.77842402
4145	0.76174688
4146	0.74554276
4147	0.72978324
4148	0.71296912
4149	0.69591624
4150	0.67813122
4151	0.66025722
4152	0.64221317
4153	0.62376010
4154	0.60548210
4155	0.58677894
4156	0.56845474
4157	0.55010253
4158	0.53167546
4159	0.51328200
4160	0.49486461
4161	0.47638187
4162	0.45807362
4163	0.43985662
4164	0.42165589
4165	0.40340644
4166	0.38524672
4167	0.36717212
4168	0.34909308
4169	0.33142716
4170	0.31384245
4171	0.29650551
4172	0.27916688
4173	0.26205701
4174	0.24510425
4175	0.22838141
4176	0.21176104
4177	0.19559097
4178	0.17986804
4179	0.16472386
4180	0.15011767
4181	0.13608377
4182	0.12257349
4183	0.10925411
4184	0.09599982
4185	0.08285355
4186	0.06992831
4187	0.05741191
4188	0.04532979
4189	0.03441348
4190	0.02453847
4191	0.01571775
4192	0.00763980
4193	0.00021746
4194	-0.00658849
4195	-0.01272532
4196	-0.01818573
4197	-0.02268764
4198	-0.02580355
4199	-0.02780522
4200	-0.02850616
4201	-0.02814136
4202	-0.02624018
4203	-0.02307235
4204	-0.01872883
4205	-0.01327706
4206	-0.00687548
4207	0.00047063
4208	0.00884965
4209	0.01795270
4210	0.02783486
4211	0.03856234
4212	0.05006493
4213	0.06239071
4214	0.07554840
4215	0.08930836
4216	0.10367529
4217	0.11842296
4218	0.13362575
4219	0.14903979
4220	0.16488616
4221	0.18101718
4222	0.19758607
4223	0.21427745
4224	0.23120028
4225	0.24848241
4226	0.26605934
4227	0.28412047
4228	0.30283019
4229	0.32171187
4230	0.34130725
4231	0.36176148
4232	0.38203982
4233	0.40318772
4234	0.42459869
4235	0.44681972
4236	0.46954691
4237	0.49277115
4238	0.51684493
4239	0.54038614
4240	0.56459618
4241	0.58904123
4242	0.61372948
4243	0.63850462
4244	0.66339749
4245	0.68863273
4246	0.71355808
4247	0.73820174
4248	0.76255041
4249	0.78635818
4250	0.80951107
4251	0.83167630
4252	0.85282975
4253	0.87280917
4254	0.89134192
4255	0.90813458
4256	0.92310208
4257	0.93593556
4258	0.94648647
4259	0.95480412
4260	0.96070635
4261	0.96424562
4262	0.96555781
4263	0.96478349
4264	0.96204984
4265	0.95737338
4266	0.95098919
4267	0.94300282
4268	0.93353927
4269	0.92136121
4270	0.90806872
4271	0.89322078
4272	0.87797976
4273	0.86231118
4274	0.84323072
4275	0.82514578
4276	0.80786943
4277	0.79142535
4278	0.77535594
4279	0.75898445
4280	0.74164385
4281	0.72414905
4282	0.70649844
4283	0.68869436
4284	0.67058969
4285	0.65217775
4286	0.63348544
4287	0.61477727
4288	0.59646118
4289	0.57812274
4290	0.55979961
4291	0.54140770
4292	0.52297556
4293	0.50461972
4294	0.48637056
4295	0.46816581
4296	0.44962719
4297	0.43159765
4298	0.41339833
4299	0.39546040
4300	0.37752053
4301	0.35974261
4302	0.34213147
4303	0.32470024
4304	0.30745280
4305	0.29040560
4306	0.27330175
4307	0.25671935
4308	0.24031994
4309	0.22412223
4310	0.20835614
4311	0.19304422
4312	0.17831410
4313	0.16407178
4314	0.15021273
4315	0.13647753
4316	0.12256498
4317	0.10872874
4318	0.09521253
4319	0.08211896
4320	0.06961837
4321	0.05838796
4322	0.04814416
4323	0.03874622
4324	0.02986135
4325	0.02145423
4326	0.01350038
4327	0.00604192
4328	-0.00064248
4329	-0.00638512
4330	-0.01099577
4331	-0.01436984
4332	-0.01640828
4333	-0.01734242
4334	-0.01727943
4335	-0.01584193
4336	-0.01328452
4337	-0.00967211
4338	-0.00505316
4339	0.00068397
4340	0.00713133
4341	0.01455072
4342	0.02278471
4343	0.03182133
4344	0.04169342
4345	0.05234025
4346	0.06379293
4347	0.07596343
4348	0.08872918
4349	0.10214598
4350	0.11609795
4351	0.13045210
4352	0.14524601
4353	0.16053605
4354	0.17632331
4355	0.19225433
4356	0.20839722
4357	0.22482997
4358	0.24153399
4359	0.25855678
4360	0.27601847
4361	0.29415125
4362	0.31242660
4363	0.33148289
4364	0.35092559
4365	0.37101781
4366	0.39152929
4367	0.41264409
4368	0.43426266
4369	0.45622215
4370	0.47837350
4371	0.50109297
4372	0.52412128
4373	0.54761928
4374	0.57126606
4375	0.59531319
4376	0.61946815
4377	0.64370596
4378	0.66785508
4379	0.69253612
4380	0.71678716
4381	0.74063963
4382	0.76399946
4383	0.78724092
4384	0.80955529
4385	0.83102524
4386	0.85155213
4387	0.87109125
4388	0.88883400
4389	0.90517706
4390	0.91975570
4391	0.93234313
4392	0.94280398
4393	0.95108974
4394	0.95691389
4395	0.96044111
4396	0.96170670
4397	0.96070528
4398	0.95763981
4399	0.95244157
4400	0.94534576
4401	0.93636191
4402	0.92455000
4403	0.91052824
4404	0.89502287
4405	0.87891144
4406	0.86422670
4407	0.84514719
4408	0.82750195
4409	0.81015986
4410	0.79339427
4411	0.77702707
4412	0.76104409
4413	0.74425513
4414	0.72694612
4415	0.70951337
4416	0.69161534
4417	0.67351806
4418	0.65492505
4419	0.63637555
4420	0.61795002
4421	0.59937489
4422	0.58095366
4423	0.56253892
4424	0.54413897
4425	0.52567464
4426	0.50729829
4427	0.48894164
4428	0.47059724
4429	0.45234352
4430	0.43417946
4431	0.41594240
4432	0.39801988
4433	0.38005787
4434	0.36225352
4435	0.34458756
4436	0.32714495
4437	0.30986053
4438	0.29280880
4439	0.27584061
4440	0.25943837
4441	0.24314797
4442	0.22703807
4443	0.21145308
4444	0.19639507
4445	0.18185788
4446	0.16781621
4447	0.15404116
4448	0.14024015
4449	0.12639882
4450	0.11276422
4451	0.09928770
4452	0.08586477
4453	0.07340749
4454	0.06190410
4455	0.05128556
4456	0.04147726
4457	0.03248600
4458	0.02420912
4459	0.01674079
4460	0.01010911
4461	0.00445496
4462	-0.00017376
4463	-0.00355138
4464	-0.00562343
4465	-0.00646856
4466	-0.00633205
4467	-0.00475029
4468	-0.00192317
4469	0.00210660
4470	0.00740493
4471	0.01353001
4472	0.02062955
4473	0.02866854
4474	0.03759070
4475	0.04727670
4476	0.05772324
4477	0.06889065
4478	0.08079372
4479	0.09337477
4480	0.10662068
4481	0.12044209
4482	0.13463622
4483	0.14924563
4484	0.16446449
4485	0.18025844
4486	0.19624515
4487	0.21251699
4488	0.22911517
4489	0.24605381
4490	0.26334795
4491	0.28106350
4492	0.29920399
4493	0.31780609
4494	0.33689079
4495	0.35661417
4496	0.37638259
4497	0.39663643
4498	0.41752034
4499	0.43881834
4500	0.46083915
4501	0.48308077
4502	0.50573897
4503	0.52865672
4504	0.55175757
4505	0.57525051
4506	0.59904188
4507	0.62304902
4508	0.64717007
4509	0.67131126
4510	0.69611329
4511	0.72042537
4512	0.74443352
4513	0.76817018
4514	0.79150188
4515	0.81406546
4516	0.83580369
4517	0.85651964
4518	0.87595940
4519	0.89382088
4520	0.90992182
4521	0.92394036
4522	0.93572909
4523	0.94515079
4524	0.95227170
4525	0.95681238
4526	0.95902640
4527	0.95900196
4528	0.95687228
4529	0.95275873
4530	0.94677752
4531	0.93901920
4532	0.92959172
4533	0.91782486
4534	0.90376210
4535	0.88910574
4536	0.87335080
4537	0.85866159
4538	0.83952653
4539	0.82126653
4540	0.80341721
4541	0.78662115
4542	0.77046913
4543	0.75458717
4544	0.73791969
4545	0.72060937
4546	0.70287651
4547	0.68521088
4548	0.66742682
4549	0.64918584
4550	0.63081205
4551	0.61210561
4552	0.59365278
4553	0.57512891
4554	0.55675775
4555	0.53853536
4556	0.51971132
4557	0.50151658
4558	0.48346245
4559	0.46486822
4560	0.44653267
4561	0.42809913
4562	0.41016021
4563	0.39208004
4564	0.37415692
4565	0.35638726
4566	0.33882600
4567	0.32127506
4568	0.30390331
4569	0.28672844
4570	0.26978776
4571	0.25303555
4572	0.23654898
4573	0.22050102
4574	0.20483699
4575	0.18970639
4576	0.17503875
4577	0.16086645
4578	0.14711359
4579	0.13343118
4580	0.11978112
4581	0.10637774
4582	0.09349893
4583	0.08133926
4584	0.06968009
4585	0.05908326
4586	0.04946736
4587	0.04082710
4588	0.03306194
4589	0.02599343
4590	0.01977635
4591	0.01432165
4592	0.00977178
4593	0.00617532
4594	0.00375172
4595	0.00255431
4596	0.00261276
4597	0.00373958
4598	0.00572796
4599	0.00910060
4600	0.01339686
4601	0.01870237
4602	0.02488714
4603	0.03193787
4604	0.03997694
4605	0.04903914
4606	0.05880787
4607	0.06959615
4608	0.08122366
4609	0.09365260
4610	0.10671362
4611	0.12037228
4612	0.13456403
4613	0.14913642
4614	0.16383722
4615	0.17914596
4616	0.19493014
4617	0.21077883
4618	0.22690648
4619	0.24331626
4620	0.26000842
4621	0.27708730
4622	0.29456303
4623	0.31263649
4624	0.33087385
4625	0.34968564
4626	0.36940148
4627	0.38887659
4628	0.40924263
4629	0.43019840
4630	0.45108813
4631	0.47301972
4632	0.49533686
4633	0.51832885
4634	0.54138565
4635	0.56484729
4636	0.58853602
4637	0.61240983
4638	0.63639253
4639	0.66062886
4640	0.68502945
4641	0.70946121
4642	0.73363149
4643	0.75768089
4644	0.78134590
4645	0.80452943
4646	0.82685947
4647	0.84837079
4648	0.86872834
4649	0.88773727
4650	0.90516734
4651	0.92070889
4652	0.93412066
4653	0.94529974
4654	0.95407856
4655	0.96062636
4656	0.96462220
4657	0.96626776
4658	0.96573395
4659	0.96297807
4660	0.95826900
4661	0.95155740
4662	0.94281298
4663	0.93077856
4664	0.91731936
4665	0.90174341
4666	0.88596052
4667	0.86997652
4668	0.85106218
4669	0.83353007
4670	0.81666201
4671	0.80033261
4672	0.78425175
4673	0.76820463
4674	0.75099069
4675	0.73342723
4676	0.71573263
4677	0.69791138
4678	0.67981094
4679	0.66153646
4680	0.64257056
4681	0.62403989
4682	0.60572141
4683	0.58706111
4684	0.56861353
4685	0.55016935
4686	0.53175253
4687	0.51331884
4688	0.49495405
4689	0.47676289
4690	0.45859894
4691	0.44024795
4692	0.42193210
4693	0.40394357
4694	0.38594237
4695	0.36809760
4696	0.35041687
4697	0.33295858
4698	0.31570351
4699	0.29874352
4700	0.28204474
4701	0.26550066
4702	0.24939442
4703	0.23362166
4704	0.21826825
4705	0.20333439
4706	0.18887068
4707	0.17460680
4708	0.16016462
4709	0.14540175
4710	0.13070524
4711	0.11641829
4712	0.10269394
4713	0.08957108
4714	0.07755239
4715	0.06644813
4716	0.05624872
4717	0.04683018
4718	0.03819571
4719	0.03033860
4720	0.02328262
4721	0.01713488
4722	0.01202316
4723	0.00811282
4724	0.00528191
4725	0.00345408
4726	0.00298807
4727	0.00362959
4728	0.00546073
4729	0.00839760
4730	0.01237770
4731	0.01739044
4732	0.02345529
4733	0.03037032
4734	0.03818347
4735	0.04688453
4736	0.05636167
4737	0.06673738
4738	0.07779841
4739	0.08965513
4740	0.10217909
4741	0.11532626
4742	0.12903625
4743	0.14308162
4744	0.15770651
4745	0.17242607
4746	0.18767084
4747	0.20345199
4748	0.21940184
4749	0.23567079
4750	0.25231147
4751	0.26936504
4752	0.28688967
4753	0.30487874
4754	0.32352859
4755	0.34228414
4756	0.36167422
4757	0.38156793
4758	0.40164351
4759	0.42242306
4760	0.44363010
4761	0.46530429
4762	0.48749816
4763	0.50990111
4764	0.53262383
4765	0.55558699
4766	0.57896054
4767	0.60259551
4768	0.62643892
4769	0.65041190
4770	0.67464715
4771	0.69897020
4772	0.72303796
4773	0.74689776
4774	0.77051389
4775	0.79363340
4776	0.81624758
4777	0.83789510
4778	0.85858345
4779	0.87807482
4780	0.89613265
4781	0.91243756
4782	0.92678875
4783	0.93893743
4784	0.94867599
4785	0.95610261
4786	0.96108609
4787	0.96357745
4788	0.96383369
4789	0.96194655
4790	0.95791411
4791	0.95183700
4792	0.94392347
4793	0.93422425
4794	0.92181700
4795	0.90776807
4796	0.89277613
4797	0.87731665
4798	0.86215925
4799	0.84343332
4800	0.82538867
4801	0.80794460
4802	0.79132414
4803	0.77511877
4804	0.75919086
4805	0.74231243
4806	0.72488165
4807	0.70721406
4808	0.68944305
4809	0.67136467
4810	0.65318668
4811	0.63459629
4812	0.61594152
4813	0.59747010
4814	0.57896668
4815	0.56052649
4816	0.54200059
4817	0.52357298
4818	0.50522447
4819	0.48697877
4820	0.46868590
4821	0.45023257
4822	0.43205187
4823	0.41387120
4824	0.39582661
4825	0.37786362
4826	0.36000133
4827	0.34225309
4828	0.32471180
4829	0.30735767
4830	0.29017565
4831	0.27324599
4832	0.25658023
4833	0.24006322
4834	0.22403651
4835	0.20841499
4836	0.19323109
4837	0.17865883
4838	0.16457134
4839	0.15081921
4840	0.13705927
4841	0.12322940
4842	0.10957699
4843	0.09611724
4844	0.08279447
4845	0.07014334
4846	0.05848957
4847	0.04772310
4848	0.03776854
4849	0.02861816
4850	0.02019604
4851	0.01251212
4852	0.00562604
4853	-0.00040645
4854	-0.00557554
4855	-0.00969690
4856	-0.01258982
4857	-0.01427584
4858	-0.01501415
4859	-0.01429725
4860	-0.01232242
4861	-0.00910883
4862	-0.00466127
4863	0.00069470
4864	0.00695426
4865	0.01407895
4866	0.02212835
4867	0.03103674
4868	0.04066906
4869	0.05118178
4870	0.06250878
4871	0.07463571
4872	0.08735354
4873	0.10062472
4874	0.11431675
4875	0.12827577
4876	0.14249967
4877	0.15734325
4878	0.17245138
4879	0.18812077
4880	0.20395392
4881	0.22004235
4882	0.23641446
4883	0.25318390
4884	0.27033746
4885	0.28800407
4886	0.30631825
4887	0.32484829
4888	0.34418744
4889	0.36416024
4890	0.38403350
4891	0.40481257
4892	0.42570540
4893	0.44751802
4894	0.46973881
4895	0.49242508
4896	0.51600492
4897	0.53906727
4898	0.56276864
4899	0.58673954
4900	0.61093885
4901	0.63527739
4902	0.65983272
4903	0.68460220
4904	0.70957702
4905	0.73375386
4906	0.75789654
4907	0.78159314
4908	0.80457711
4909	0.82654691
4910	0.84743863
4911	0.86706251
4912	0.88507003
4913	0.90127975
4914	0.91547167
4915	0.92751926
4916	0.93727905
4917	0.94467932
4918	0.94984674
4919	0.95257366
4920	0.95305443
4921	0.95133084
4922	0.94743574
4923	0.94155914
4924	0.93383098
4925	0.92352724
4926	0.91026205
4927	0.89561015
4928	0.87904531
4929	0.86491865
4930	0.84588188
4931	0.82756650
4932	0.80953848
4933	0.79241115
4934	0.77585268
4935	0.76000172
4936	0.74374670
4937	0.72668290
4938	0.70914429
4939	0.69147658
4940	0.67341357
4941	0.65529877
4942	0.63705254
4943	0.61838907
4944	0.59994847
4945	0.58145171
4946	0.56277502
4947	0.54438585
4948	0.52592903
4949	0.50761914
4950	0.48921150
4951	0.47090137
4952	0.45263943
4953	0.43444645
4954	0.41626987
4955	0.39819062
4956	0.38023704
4957	0.36224234
4958	0.34459230
4959	0.32732815
4960	0.30965731
4961	0.29234043
4962	0.27524370
4963	0.25827971
4964	0.24146295
4965	0.22505209
4966	0.20895208
4967	0.19335340
4968	0.17828253
4969	0.16381605
4970	0.14994319
4971	0.13659641
4972	0.12346882
4973	0.11046493
4974	0.09770017
4975	0.08538085
4976	0.07369323
4977	0.06259045
4978	0.05236088
4979	0.04337762
4980	0.03540910
4981	0.02850520
4982	0.02240002
4983	0.01703338
4984	0.01247532
4985	0.00862911
4986	0.00562120
4987	0.00373984
4988	0.00299349
4989	0.00339065
4990	0.00505611
4991	0.00765063
4992	0.01160190
4993	0.01661479
4994	0.02264719
4995	0.02959592
4996	0.03740554
4997	0.04615697
4998	0.05560202
4999	0.06586025
5000	0.07694893
5001	0.08875243
5002	0.10121206
5003	0.11433932
5004	0.12796608
5005	0.14210334
5006	0.15675294
5007	0.17171437
5008	0.18697837
5009	0.20271248
5010	0.21889950
5011	0.23523413
5012	0.25193551
5013	0.26901197
5014	0.28646988
5015	0.30441141
5016	0.32296440
5017	0.34177095
5018	0.36119667
5019	0.38110709
5020	0.40140513
5021	0.42233437
5022	0.44340202
5023	0.46524158
5024	0.48759735
5025	0.51089382
5026	0.53382498
5027	0.55735314
5028	0.58119333
5029	0.60517430
5030	0.62928462
5031	0.65366167
5032	0.67810398
5033	0.70263433
5034	0.72701144
5035	0.75136381
5036	0.77544862
5037	0.79913068
5038	0.82214457
5039	0.84438229
5040	0.86566103
5041	0.88576198
5042	0.90451306
5043	0.92154145
5044	0.93666428
5045	0.94961900
5046	0.96023804
5047	0.96856678
5048	0.97418135
5049	0.97741580
5050	0.97829497
5051	0.97692245
5052	0.97343838
5053	0.96787399
5054	0.96026123
5055	0.94959819
5056	0.93636137
5057	0.92123663
5058	0.90509737
5059	0.88926262
5060	0.87135744
5061	0.85317487
5062	0.83579594
5063	0.81918919
5064	0.80285925
5065	0.78689986
5066	0.77059144
5067	0.75356817
5068	0.73617435
5069	0.71829295
5070	0.70038307
5071	0.68241251
5072	0.66411161
5073	0.64559317
5074	0.62680513
5075	0.60837883
5076	0.58981931
5077	0.57150769
5078	0.55322003
5079	0.53472155
5080	0.51632696
5081	0.49801719
5082	0.47990829
5083	0.46152773
5084	0.44339591
5085	0.42530704
5086	0.40732065
5087	0.38935384
5088	0.37147081
5089	0.35376680
5090	0.33623660
5091	0.31884500
5092	0.30163556
5093	0.28458849
5094	0.26769999
5095	0.25085485
5096	0.23442067
5097	0.21828938
5098	0.20258775
5099	0.18732639
5100	0.17268173
5101	0.15874280
5102	0.14519277
5103	0.13177837
5104	0.11840766
5105	0.10525212
5106	0.09234049
5107	0.07977548
5108	0.06763070
5109	0.05674260
5110	0.04686845
5111	0.03795839
5112	0.02971110
5113	0.02207186
5114	0.01495820
5115	0.00842588
5116	0.00257946
5117	-0.00239784
5118	-0.00638855
5119	-0.00916322
5120	-0.01094847
5121	-0.01161155
5122	-0.01135777
5123	-0.00974427
5124	-0.00703139
5125	-0.00318439
5126	0.00165650
5127	0.00763229
5128	0.01439577
5129	0.02202430
5130	0.03048852
5131	0.03978289
5132	0.04991823
5133	0.06089811
5134	0.07261366
5135	0.08496805
5136	0.09807056
5137	0.11161827
5138	0.12560606
5139	0.14013068
5140	0.15517265
5141	0.17048693
5142	0.18659964
5143	0.20294465
5144	0.21971869
5145	0.23691894
5146	0.25455102
5147	0.27262196
5148	0.29121187
5149	0.31049231
5150	0.32996574
5151	0.35015333
5152	0.37075260
5153	0.39199117
5154	0.41378576
5155	0.43605936
5156	0.45888868
5157	0.48183101
5158	0.50505102
5159	0.52857983
5160	0.55233628
5161	0.57639873
5162	0.60065156
5163	0.62513053
5164	0.64970952
5165	0.67463607
5166	0.69945627
5167	0.72437692
5168	0.74859697
5169	0.77281219
5170	0.79646438
5171	0.81945515
5172	0.84162951
5173	0.86297947
5174	0.88250184
5175	0.90060878
5176	0.91679782
5177	0.93080884
5178	0.94244212
5179	0.95156819
5180	0.95816547
5181	0.96211481
5182	0.96357566
5183	0.96278632
5184	0.95972484
5185	0.95466697
5186	0.94767547
5187	0.93888402
5188	0.92767316
5189	0.91395015
5190	0.89941603
5191	0.88365012
5192	0.86890596
5193	0.84943575
5194	0.83108038
5195	0.81304640
5196	0.79638237
5197	0.78018212
5198	0.76412696
5199	0.74746770
5200	0.73012745
5201	0.71250635
5202	0.69479489
5203	0.67674834
5204	0.65854061
5205	0.63972622
5206	0.62128341
5207	0.60278863
5208	0.58426362
5209	0.56582612
5210	0.54740554
5211	0.52898222
5212	0.51059508
5213	0.49218464
5214	0.47389770
5215	0.45567420
5216	0.43743441
5217	0.41937396
5218	0.40152061
5219	0.38368577
5220	0.36592478
5221	0.34825760
5222	0.33072856
5223	0.31337056
5224	0.29598731
5225	0.27936873
5226	0.26254410
5227	0.24611044
5228	0.23000246
5229	0.21430661
5230	0.19903724
5231	0.18428272
5232	0.17003047
5233	0.15630004
5234	0.14278953
5235	0.12937930
5236	0.11612687
5237	0.10325373
5238	0.09091970
5239	0.07910563
5240	0.06820759
5241	0.05843251
5242	0.04962601
5243	0.04180446
5244	0.03476305
5245	0.02848578
5246	0.02296239
5247	0.01827017
5248	0.01442225
5249	0.01155260
5250	0.00995268
5251	0.00952487
5252	0.01012076
5253	0.01194641
5254	0.01453048
5255	0.01841914
5256	0.02331528
5257	0.02917399
5258	0.03588790
5259	0.04354041
5260	0.05216483
5261	0.06147901
5262	0.07163737
5263	0.08266359
5264	0.09451068
5265	0.10704657
5266	0.12028483
5267	0.13384612
5268	0.14795603
5269	0.16247012
5270	0.17725334
5271	0.19221263
5272	0.20777936
5273	0.22348823
5274	0.23961377
5275	0.25611338
5276	0.27302754
5277	0.29033399
5278	0.30809453
5279	0.32646871
5280	0.34501854
5281	0.36419982
5282	0.38361973
5283	0.40370494
5284	0.42417854
5285	0.44528270
5286	0.46695650
5287	0.48890498
5288	0.51118267
5289	0.53411090
5290	0.55665910
5291	0.57983863
5292	0.60333729
5293	0.62703562
5294	0.65082920
5295	0.67489290
5296	0.69890177
5297	0.72310913
5298	0.74668407
5299	0.77026379
5300	0.79343247
5301	0.81612444
5302	0.83806634
5303	0.85922861
5304	0.87909466
5305	0.89769602
5306	0.91469502
5307	0.92988318
5308	0.94312781
5309	0.95414513
5310	0.96283513
5311	0.96934038
5312	0.97333163
5313	0.97503012
5314	0.97440916
5315	0.97165662
5316	0.96674430
5317	0.95984030
5318	0.95104617
5319	0.94062179
5320	0.92860132
5321	0.91404665
5322	0.89941621
5323	0.88350779
5324	0.86936104
5325	0.85213703
5326	0.83378220
5327	0.81553221
5328	0.79826140
5329	0.78182989
5330	0.76560253
5331	0.74900186
5332	0.73169589
5333	0.71410203
5334	0.69643241
5335	0.67845029
5336	0.66029125
5337	0.64131731
5338	0.62317300
5339	0.60495192
5340	0.58621812
5341	0.56771320
5342	0.54927206
5343	0.53090447
5344	0.51248473
5345	0.49409828
5346	0.47575608
5347	0.45743525
5348	0.43913284
5349	0.42085594
5350	0.40284359
5351	0.38492689
5352	0.36712122
5353	0.34942934
5354	0.33192167
5355	0.31447905
5356	0.29724014
5357	0.28031832
5358	0.26358607
5359	0.24707279
5360	0.23071344
5361	0.21483564
5362	0.19941075
5363	0.18442369
5364	0.16995738
5365	0.15601227
5366	0.14237255
5367	0.12865278
5368	0.11488627
5369	0.10135645
5370	0.08812007
5371	0.07518823
5372	0.06298267
5373	0.05184782
5374	0.04172374
5375	0.03263867
5376	0.02446791
5377	0.01710439
5378	0.01049644
5379	0.00461692
5380	-0.00044955
5381	-0.00460545
5382	-0.00767863
5383	-0.00962149
5384	-0.01053962
5385	-0.01026697
5386	-0.00883616
5387	-0.00624106
5388	-0.00260606
5389	0.00200753
5390	0.00755287
5391	0.01395843
5392	0.02133563
5393	0.02947878
5394	0.03833871
5395	0.04809843
5396	0.05858951
5397	0.06989092
5398	0.08187973
5399	0.09460196
5400	0.10784972
5401	0.12157457
5402	0.13576524
5403	0.14997159
5404	0.16480830
5405	0.18006179
5406	0.19544728
5407	0.21109913
5408	0.22697940
5409	0.24317163
5410	0.25964937
5411	0.27648816
5412	0.29380491
5413	0.31152368
5414	0.32973668
5415	0.34843853
5416	0.36759984
5417	0.38727602
5418	0.40750897
5419	0.42841393
5420	0.44969794
5421	0.47136661
5422	0.49338010
5423	0.51571703
5424	0.53845763
5425	0.56129545
5426	0.58456534
5427	0.60804516
5428	0.63172632
5429	0.65549326
5430	0.67940927
5431	0.70309973
5432	0.72626239
5433	0.74946094
5434	0.77199715
5435	0.79380947
5436	0.81477273
5437	0.83460355
5438	0.85317785
5439	0.87021905
5440	0.88549000
5441	0.89880723
5442	0.90993959
5443	0.91877997
5444	0.92542702
5445	0.92951161
5446	0.93126386
5447	0.93072218
5448	0.92803615
5449	0.92324531
5450	0.91643149
5451	0.90774208
5452	0.89736092
5453	0.88543594
5454	0.87114686
5455	0.85634947
5456	0.84052014
5457	0.82543921
5458	0.80925924
5459	0.79081053
5460	0.77264661
5461	0.75490713
5462	0.73798901
5463	0.72157741
5464	0.70513290
5465	0.68817556
5466	0.67059988
5467	0.65276492
5468	0.63465291
5469	0.61630744
5470	0.59831542
5471	0.58001179
5472	0.56161857
5473	0.54306835
5474	0.52456695
5475	0.50609589
5476	0.48776418
5477	0.46950528
5478	0.45095742
5479	0.43269312
5480	0.41424862
5481	0.39598992
5482	0.37778270
5483	0.35962212
5484	0.34164599
5485	0.32365257
5486	0.30608886
5487	0.28859130
5488	0.27125373
5489	0.25412062
5490	0.23709519
5491	0.22058401
5492	0.20398553
5493	0.18790968
5494	0.17217144
5495	0.15681219
5496	0.14188989
5497	0.12731998
5498	0.11301059
5499	0.09858058
5500	0.08408070
5501	0.06982155
5502	0.05609818
5503	0.04286963
5504	0.03008152
5505	0.01825939
5506	0.00729900
5507	-0.00273240
5508	-0.01186101
5509	-0.02008484
5510	-0.02733985
5511	-0.03368869
5512	-0.03946687
5513	-0.04291311
5514	-0.04662000
5515	-0.04859576
5516	-0.04932141
5517	-0.04881849
5518	-0.04744581
5519	-0.04457543
5520	-0.04061713
5521	-0.03548917
5522	-0.02934374
5523	-0.02200622
5524	-0.01380452
5525	-0.00462892
5526	0.00550542
5527	0.01653733
5528	0.02832695
5529	0.04083983
5530	0.05400239
5531	0.06767873
5532	0.08166528
5533	0.09629644
5534	0.11114442
5535	0.12656093
5536	0.14249997
5537	0.15860023
5538	0.17506918
5539	0.19190821
5540	0.20913161
5541	0.22675014
5542	0.24485976
5543	0.26361111
5544	0.28262469
5545	0.30227959
5546	0.32251132
5547	0.34320936
5548	0.36455154
5549	0.38624170
5550	0.40873760
5551	0.43113047
5552	0.45403647
5553	0.47759640
5554	0.50123423
5555	0.52517211
5556	0.54923701
5557	0.57357371
5558	0.59804988
5559	0.62270981
5560	0.64726716
5561	0.67205757
5562	0.69644076
5563	0.72037470
5564	0.74388182
5565	0.76679212
5566	0.78895402
5567	0.81003606
5568	0.82991225
5569	0.84831643
5570	0.86499172
5571	0.87966508
5572	0.89219528
5573	0.90243185
5574	0.91000038
5575	0.91503429
5576	0.91760355
5577	0.91773623
5578	0.91556585
5579	0.91119170
5580	0.90470958
5581	0.89562756
5582	0.88330740
5583	0.86891067
5584	0.85208887
5585	0.83673739
5586	0.81909072
5587	0.80024862
5588	0.78244978
5589	0.76545513
5590	0.74890065
5591	0.73285478
5592	0.71693361
5593	0.70036548
5594	0.68317461
5595	0.66542035
5596	0.64752561
5597	0.62925172
5598	0.61120236
5599	0.59283257
5600	0.57430339
5601	0.55567622
5602	0.53729594
5603	0.51904202
5604	0.50074869
5605	0.48220307
5606	0.46382695
5607	0.44546518
5608	0.42710298
5609	0.40888083
5610	0.39075798
5611	0.37245914
5612	0.35452425
5613	0.33652511
5614	0.31864038
5615	0.30086586
5616	0.28337115
5617	0.26590952
5618	0.24862482
5619	0.23153916
5620	0.21460739
5621	0.19780482
5622	0.18138705
5623	0.16513994
5624	0.14939076
5625	0.13406184
5626	0.11930632
5627	0.10520478
5628	0.09165078
5629	0.07834688
5630	0.06525983
5631	0.05246744
5632	0.03982720
5633	0.02729293
5634	0.01500683
5635	0.00374764
5636	-0.00672034
5637	-0.01630231
5638	-0.02509735
5639	-0.03313932
5640	-0.04036323
5641	-0.04674130
5642	-0.05171777
5643	-0.05671615
5644	-0.06022193
5645	-0.06240759
5646	-0.06333646
5647	-0.06298380
5648	-0.06162199
5649	-0.05885147
5650	-0.05492065
5651	-0.04982818
5652	-0.04355394
5653	-0.03636237
5654	-0.02817874
5655	-0.01902864
5656	-0.00883283
5657	0.00227786
5658	0.01435910
5659	0.02705561
5660	0.04027784
5661	0.05409423
5662	0.06824792
5663	0.08286727
5664	0.09796073
5665	0.11324821
5666	0.12901759
5667	0.14527583
5668	0.16161007
5669	0.17815532
5670	0.19497451
5671	0.21215896
5672	0.22969246
5673	0.24772216
5674	0.26633158
5675	0.28512374
5676	0.30451518
5677	0.32480314
5678	0.34479699
5679	0.36556619
5680	0.38706815
5681	0.40867379
5682	0.43106127
5683	0.45378789
5684	0.47710159
5685	0.50093299
5686	0.52504462
5687	0.54932308
5688	0.57394445
5689	0.59870946
5690	0.62364757
5691	0.64852715
5692	0.67318588
5693	0.69827998
5694	0.72265434
5695	0.74654227
5696	0.76992893
5697	0.79260266
5698	0.81439435
5699	0.83499748
5700	0.85426027
5701	0.87200475
5702	0.88788921
5703	0.90176564
5704	0.91335785
5705	0.92270362
5706	0.92936456
5707	0.93356568
5708	0.93529546
5709	0.93465370
5710	0.93189961
5711	0.92721522
5712	0.92069095
5713	0.91249114
5714	0.90280437
5715	0.89177078
5716	0.87835920
5717	0.86458725
5718	0.84935433
5719	0.83537489
5720	0.81818545
5721	0.79979336
5722	0.78147644
5723	0.76426667
5724	0.74793845
5725	0.73196477
5726	0.71505761
5727	0.69795233
5728	0.68028611
5729	0.66250420
5730	0.64450854
5731	0.62610805
5732	0.60788125
5733	0.58940870
5734	0.57076430
5735	0.55231816
5736	0.53389573
5737	0.51559401
5738	0.49730733
5739	0.47887307
5740	0.46050283
5741	0.44201264
5742	0.42386711
5743	0.40551186
5744	0.38733000
5745	0.36921272
5746	0.35107517
5747	0.33322430
5748	0.31550455
5749	0.29795730
5750	0.28064641
5751	0.26364216
5752	0.24682160
5753	0.23021351
5754	0.21377885
5755	0.19780056
5756	0.18196370
5757	0.16667254
5758	0.15178144
5759	0.13725305
5760	0.12294494
5761	0.10871980
5762	0.09452666
5763	0.08033260
5764	0.06620769
5765	0.05239685
5766	0.03869623
5767	0.02624515
5768	0.01469440
5769	0.00435720
5770	-0.00496010
5771	-0.01342249
5772	-0.02124202
5773	-0.02848376
5774	-0.03491072
5775	-0.04065653
5776	-0.04549685
5777	-0.04937315
5778	-0.05211652
5779	-0.05366136
5780	-0.05398354
5781	-0.05319753
5782	-0.05154386
5783	-0.04861182
5784	-0.04471563
5785	-0.03987109
5786	-0.03402201
5787	-0.02758146
5788	-0.02027267
5789	-0.01248586
5790	-0.00341073
5791	0.00634689
5792	0.01673467
5793	0.02795940
5794	0.04044404
5795	0.05311109
5796	0.06631786
5797	0.07993945
5798	0.09352028
5799	0.10775437
5800	0.12216289
5801	0.13742073
5802	0.15238570
5803	0.16766621
5804	0.18323557
5805	0.19903304
5806	0.21533284
5807	0.23208441
5808	0.24950072
5809	0.26707020
5810	0.28534687
5811	0.30446509
5812	0.32348186
5813	0.34344342
5814	0.36389446
5815	0.38473681
5816	0.40614805
5817	0.42777130
5818	0.44962183
5819	0.47199780
5820	0.49459982
5821	0.51787364
5822	0.54117274
5823	0.56470501
5824	0.58844191
5825	0.61226118
5826	0.63613927
5827	0.66007763
5828	0.68370044
5829	0.70675325
5830	0.72927064
5831	0.75125724
5832	0.77212578
5833	0.79193217
5834	0.81039798
5835	0.82733798
5836	0.84243274
5837	0.85559636
5838	0.86660677
5839	0.87543648
5840	0.88186383
5841	0.88604522
5842	0.88812381
5843	0.88811690
5844	0.88617313
5845	0.88242644
5846	0.87685746
5847	0.86955100
5848	0.86048353
5849	0.84847319
5850	0.83477533
5851	0.81942576
5852	0.80389774
5853	0.78807926
5854	0.76904732
5855	0.75107878
5856	0.73383093
5857	0.71727365
5858	0.70112354
5859	0.68521947
5860	0.66817397
5861	0.65069145
5862	0.63290817
5863	0.61480325
5864	0.59675515
5865	0.57852614
5866	0.56013989
5867	0.54171801
5868	0.52312297
5869	0.50469333
5870	0.48655289
5871	0.46787497
5872	0.44952667
5873	0.43103915
5874	0.41286096
5875	0.39430800
5876	0.37610561
5877	0.35791159
5878	0.33982742
5879	0.32178944
5880	0.30388179
5881	0.28607467
5882	0.26839384
5883	0.25110570
5884	0.23375003
5885	0.21673799
5886	0.19988628
5887	0.18312885
5888	0.16671693
5889	0.15051104
5890	0.13474074
5891	0.11932834
5892	0.10440124
5893	0.09005064
5894	0.07593852
5895	0.06181975
5896	0.04747198
5897	0.03338761
5898	0.01971061
5899	0.00658276
5900	-0.00581007
5901	-0.01704002
5902	-0.02752386
5903	-0.03725669
5904	-0.04643746
5905	-0.05507763
5906	-0.06313398
5907	-0.07035200
5908	-0.07669034
5909	-0.08198346
5910	-0.08608142
5911	-0.08888071
5912	-0.09033810
5913	-0.09059870
5914	-0.08991785
5915	-0.08784884
5916	-0.08469759
5917	-0.08054659
5918	-0.07542583
5919	-0.06942876
5920	-0.06225860
5921	-0.05446971
5922	-0.04574762
5923	-0.03624410
5924	-0.02592408
5925	-0.01488866
5926	-0.00303204
5927	0.00952667
5928	0.02280157
5929	0.03667821
5930	0.05106650
5931	0.06602038
5932	0.08087145
5933	0.09673447
5934	0.11316502
5935	0.12993845
5936	0.14697039
5937	0.16451189
5938	0.18255341
5939	0.20108569
5940	0.22031035
5941	0.23999073
5942	0.26008850
5943	0.28089899
5944	0.30216938
5945	0.32398862
5946	0.34621769
5947	0.36867684
5948	0.39153713
5949	0.41481653
5950	0.43848944
5951	0.46251658
5952	0.48698217
5953	0.51165777
5954	0.53657490
5955	0.56154400
5956	0.58652478
5957	0.61156493
5958	0.63647836
5959	0.66099995
5960	0.68585622
5961	0.70952410
5962	0.73329121
5963	0.75585699
5964	0.77734286
5965	0.79757982
5966	0.81618124
5967	0.83311176
5968	0.84772849
5969	0.86013329
5970	0.87029523
5971	0.87775326
5972	0.88270491
5973	0.88523799
5974	0.88551795
5975	0.88357842
5976	0.87949079
5977	0.87338364
5978	0.86539447
5979	0.85539746
5980	0.84252357
5981	0.82835883
5982	0.81265408
5983	0.79705167
5984	0.78111947
5985	0.76239312
5986	0.74463290
5987	0.72747159
5988	0.71092397
5989	0.69487977
5990	0.67880803
5991	0.66186601
5992	0.64401120
5993	0.62636828
5994	0.60842919
5995	0.59026557
5996	0.57197493
5997	0.55364901
5998	0.53515619
5999	0.51664144
6000	0.49816832
6001	0.47970298
6002	0.46132174
6003	0.44290683
6004	0.42459065
6005	0.40629423
6006	0.38799062
6007	0.36972493
6008	0.35146335
6009	0.33338717
6010	0.31539354
6011	0.29732695
6012	0.27966049
6013	0.26201746
6014	0.24479607
6015	0.22734620
6016	0.21017398
6017	0.19320749
6018	0.17645450
6019	0.15979943
6020	0.14359950
6021	0.12780534
6022	0.11246882
6023	0.09763130
6024	0.08337269
6025	0.06968234
6026	0.05626115
6027	0.04288631
6028	0.02968960
6029	0.01685865
6030	0.00435434
6031	-0.00774162
6032	-0.01918765
6033	-0.02964842
6034	-0.03932294
6035	-0.04817395
6036	-0.05629917
6037	-0.06372381
6038	-0.07042973
6039	-0.07630255
6040	-0.08134199
6041	-0.08529068
6042	-0.08811352
6043	-0.08974706
6044	-0.09005199
6045	-0.08912977
6046	-0.08704041
6047	-0.08403468
6048	-0.07979893
6049	-0.07456094
6050	-0.06840696
6051	-0.06115637
6052	-0.05316245
6053	-0.04429291
6054	-0.03451097
6055	-0.02388611
6056	-0.01228981
6057	0.00009955
6058	0.01327605
6059	0.02702959
6060	0.04133598
6061	0.05614322
6062	0.07138271
6063	0.08690376
6064	0.10272855
6065	0.11928369
6066	0.13600455
6067	0.15308103
6068	0.17056449
6069	0.18847688
6070	0.20686328
6071	0.22596143
6072	0.24538133
6073	0.26523140
6074	0.28574368
6075	0.30681917
6076	0.32860446
6077	0.35079595
6078	0.37334082
6079	0.39647636
6080	0.41991434
6081	0.44375196
6082	0.46782723
6083	0.49232396
6084	0.51692051
6085	0.54172802
6086	0.56670266
6087	0.59167212
6088	0.61670828
6089	0.64161354
6090	0.66643000
6091	0.69080609
6092	0.71471256
6093	0.73777825
6094	0.76013303
6095	0.78144735
6096	0.80147517
6097	0.82025081
6098	0.83682299
6099	0.85157615
6100	0.86413789
6101	0.87448674
6102	0.88212746
6103	0.88723284
6104	0.88986230
6105	0.89020002
6106	0.88838184
6107	0.88444299
6108	0.87856436
6109	0.87085199
6110	0.86147404
6111	0.85070348
6112	0.83815289
6113	0.82392126
6114	0.80949414
6115	0.79422778
6116	0.77964550
6117	0.76134330
6118	0.74330652
6119	0.72548991
6120	0.70871359
6121	0.69250005
6122	0.67614454
6123	0.65934020
6124	0.64158189
6125	0.62395972
6126	0.60639662
6127	0.58826816
6128	0.57008654
6129	0.55165654
6130	0.53321344
6131	0.51473290
6132	0.49628440
6133	0.47793585
6134	0.45964542
6135	0.44103932
6136	0.42235664
6137	0.40441573
6138	0.38615939
6139	0.36790574
6140	0.34963486
6141	0.33138904
6142	0.31317726
6143	0.29522020
6144	0.27744153
6145	0.25991586
6146	0.24250741
6147	0.22522546
6148	0.20811397
6149	0.19116633
6150	0.17448802
6151	0.15793936
6152	0.14184642
6153	0.12613654
6154	0.11086325
6155	0.09605587
6156	0.08178054
6157	0.06789076
6158	0.05404979
6159	0.04003917
6160	0.02612380
6161	0.01248399
6162	-0.00066385
6163	-0.01344325
6164	-0.02530537
6165	-0.03621503
6166	-0.04606108
6167	-0.05499163
6168	-0.06304570
6169	-0.07058150
6170	-0.07590993
6171	-0.08174697
6172	-0.08622837
6173	-0.08963031
6174	-0.09178320
6175	-0.09283523
6176	-0.09264392
6177	-0.09131390
6178	-0.08900778
6179	-0.08538299
6180	-0.08064317
6181	-0.07497281
6182	-0.06809067
6183	-0.06042754
6184	-0.05183031
6185	-0.04212855
6186	-0.03152091
6187	-0.02002018
6188	-0.00778579
6189	0.00516656
6190	0.01862415
6191	0.03247885
6192	0.04672561
6193	0.06135423
6194	0.07628932
6195	0.09117156
6196	0.10668945
6197	0.12267540
6198	0.13881215
6199	0.15529346
6200	0.17221157
6201	0.18952808
6202	0.20739146
6203	0.22589004
6204	0.24459918
6205	0.26408273
6206	0.28416204
6207	0.30473101
6208	0.32611179
6209	0.34796581
6210	0.37026179
6211	0.39285204
6212	0.41599667
6213	0.43948761
6214	0.46336687
6215	0.48765936
6216	0.51219004
6217	0.53709793
6218	0.56214350
6219	0.58718699
6220	0.61235529
6221	0.63736176
6222	0.66227323
6223	0.68655872
6224	0.71038568
6225	0.73316997
6226	0.75513351
6227	0.77602881
6228	0.79543042
6229	0.81327969
6230	0.82924914
6231	0.84330267
6232	0.85512072
6233	0.86479425
6234	0.87190717
6235	0.87655455
6236	0.87894565
6237	0.87899798
6238	0.87673950
6239	0.87242472
6240	0.86615407
6241	0.85799277
6242	0.84786683
6243	0.83469880
6244	0.82042754
6245	0.80421633
6246	0.78906357
6247	0.77197266
6248	0.75349188
6249	0.73590505
6250	0.71886015
6251	0.70240754
6252	0.68644077
6253	0.67012435
6254	0.65299320
6255	0.63493735
6256	0.61740565
6257	0.59952307
6258	0.58122605
6259	0.56308526
6260	0.54471135
6261	0.52617180
6262	0.50782698
6263	0.48948419
6264	0.47095001
6265	0.45256582
6266	0.43420395
6267	0.41579166
6268	0.39739123
6269	0.37908173
6270	0.36068517
6271	0.34237778
6272	0.32419863
6273	0.30613178
6274	0.28811961
6275	0.27018657
6276	0.25237653
6277	0.23490068
6278	0.21747778
6279	0.20032492
6280	0.18340223
6281	0.16654289
6282	0.14994748
6283	0.13363682
6284	0.11763827
6285	0.10201186
6286	0.08687402
6287	0.07221168
6288	0.05802267
6289	0.04400444
6290	0.02973769
6291	0.01541197
6292	0.00133755
6293	-0.01218082
6294	-0.02519017
6295	-0.03716172
6296	-0.04828063
6297	-0.05869850
6298	-0.06846230
6299	-0.07767051
6300	-0.08619343
6301	-0.09411724
6302	-0.10116273
6303	-0.10725648
6304	-0.11214315
6305	-0.11569534
6306	-0.11788703
6307	-0.11863191
6308	-0.11822297
6309	-0.11681674
6310	-0.11402169
6311	-0.11030138
6312	-0.10568756
6313	-0.09995205
6314	-0.09328334
6315	-0.08574928
6316	-0.07728270
6317	-0.06804504
6318	-0.05793286
6319	-0.04647486
6320	-0.03456936
6321	-0.02181698
6322	-0.00836008
6323	0.00568883
6324	0.02031431
6325	0.03531049
6326	0.05071585
6327	0.06671182
6328	0.08316364
6329	0.09972891
6330	0.11663000
6331	0.13379434
6332	0.15133438
6333	0.16932234
6334	0.18787044
6335	0.20734486
6336	0.22668488
6337	0.24707809
6338	0.26814204
6339	0.28975815
6340	0.31206429
6341	0.33443484
6342	0.35712793
6343	0.38022593
6344	0.40367267
6345	0.42741364
6346	0.45146704
6347	0.47593489
6348	0.50070459
6349	0.52565259
6350	0.55071670
6351	0.57585293
6352	0.60093755
6353	0.62573391
6354	0.65007603
6355	0.67427570
6356	0.69755828
6357	0.72011584
6358	0.74144876
6359	0.76171172
6360	0.78056401
6361	0.79775304
6362	0.81336093
6363	0.82651764
6364	0.83758777
6365	0.84646010
6366	0.85275269
6367	0.85679424
6368	0.85848159
6369	0.85794598
6370	0.85524219
6371	0.85040933
6372	0.84355754
6373	0.83487266
6374	0.82453930
6375	0.81229007
6376	0.79781604
6377	0.78328782
6378	0.76781565
6379	0.75343651
6380	0.73514479
6381	0.71698225
6382	0.69945472
6383	0.68248624
6384	0.66626322
6385	0.65028602
6386	0.63343865
6387	0.61617374
6388	0.59829497
6389	0.58060282
6390	0.56265593
6391	0.54443431
6392	0.52605802
6393	0.50761700
6394	0.48910639
6395	0.47055167
6396	0.45217660
6397	0.43399572
6398	0.41512963
6399	0.39708742
6400	0.37878963
6401	0.36046794
6402	0.34213293
6403	0.32377017
6404	0.30563068
6405	0.28761479
6406	0.26970631
6407	0.25193137
6408	0.23422183
6409	0.21698257
6410	0.19945207
6411	0.18227193
6412	0.16534017
6413	0.14865097
6414	0.13221484
6415	0.11590196
6416	0.10006826
6417	0.08463913
6418	0.06972160
6419	0.05539838
6420	0.04152493
6421	0.02797573
6422	0.01446818
6423	0.00114830
6424	-0.01186652
6425	-0.02445851
6426	-0.03679274
6427	-0.04808218
6428	-0.05844533
6429	-0.06790999
6430	-0.07647510
6431	-0.08426398
6432	-0.09129894
6433	-0.09756935
6434	-0.10293941
6435	-0.10728239
6436	-0.11065485
6437	-0.11288872
6438	-0.11389890
6439	-0.11360632
6440	-0.11212686
6441	-0.10940986
6442	-0.10590820
6443	-0.10135339
6444	-0.09559969
6445	-0.08895547
6446	-0.08131628
6447	-0.07285856
6448	-0.06330348
6449	-0.05317686
6450	-0.04189587
6451	-0.02946753
6452	-0.01663330
6453	-0.00311887
6454	0.01101997
6455	0.02565529
6456	0.04061964
6457	0.05619436
6458	0.07196737
6459	0.08843216
6460	0.10505197
6461	0.12205061
6462	0.13939273
6463	0.15712295
6464	0.17525494
6465	0.19407643
6466	0.21331570
6467	0.23294242
6468	0.25326166
6469	0.27420846
6470	0.29584357
6471	0.31782356
6472	0.34030688
6473	0.36330593
6474	0.38655412
6475	0.41014257
6476	0.43375602
6477	0.45768443
6478	0.48200452
6479	0.50646162
6480	0.53106767
6481	0.55573297
6482	0.58043826
6483	0.60502923
6484	0.62945837
6485	0.65342212
6486	0.67742163
6487	0.70050079
6488	0.72286755
6489	0.74438494
6490	0.76479197
6491	0.78407073
6492	0.80156469
6493	0.81728238
6494	0.83090109
6495	0.84231550
6496	0.85131043
6497	0.85757899
6498	0.86139315
6499	0.86291933
6500	0.86221069
6501	0.85944390
6502	0.85474044
6503	0.84819573
6504	0.83994818
6505	0.83004820
6506	0.81741607
6507	0.80353135
6508	0.78836250
6509	0.77290869
6510	0.75742382
6511	0.73836780
6512	0.72030479
6513	0.70292693
6514	0.68644774
6515	0.67020071
6516	0.65421587
6517	0.63725185
6518	0.62021178
6519	0.60256541
6520	0.58450180
6521	0.56641835
6522	0.54831350
6523	0.52995533
6524	0.51139879
6525	0.49292481
6526	0.47437507
6527	0.45595312
6528	0.43754989
6529	0.41900539
6530	0.40084472
6531	0.38260448
6532	0.36435896
6533	0.34595796
6534	0.32785136
6535	0.30965969
6536	0.29163042
6537	0.27366179
6538	0.25584850
6539	0.23815392
6540	0.22066589
6541	0.20340414
6542	0.18621749
6543	0.16920421
6544	0.15244362
6545	0.13592069
6546	0.11959456
6547	0.10377510
6548	0.08836815
6549	0.07352159
6550	0.05924135
6551	0.04535911
6552	0.03181140
6553	0.01836455
6554	0.00509873
6555	-0.00781676
6556	-0.02028379
6557	-0.03243339
6558	-0.04386794
6559	-0.05424684
6560	-0.06376701
6561	-0.07243835
6562	-0.08027965
6563	-0.08735874
6564	-0.09359712
6565	-0.09889138
6566	-0.10325424
6567	-0.10662846
6568	-0.10886484
6569	-0.10992589
6570	-0.10966203
6571	-0.10820112
6572	-0.10584850
6573	-0.10209243
6574	-0.09710783
6575	-0.09103380
6576	-0.08405185
6577	-0.07586667
6578	-0.06679924
6579	-0.05671340
6580	-0.04582961
6581	-0.03391188
6582	-0.02126756
6583	-0.00743822
6584	0.00655896
6585	0.02091965
6586	0.03590620
6587	0.05137465
6588	0.06703117
6589	0.08314265
6590	0.09970157
6591	0.11639389
6592	0.13335389
6593	0.15071498
6594	0.16850571
6595	0.18683486
6596	0.20574196
6597	0.22544111
6598	0.24534507
6599	0.26604772
6600	0.28725153
6601	0.30898863
6602	0.33133033
6603	0.35391274
6604	0.37709081
6605	0.40056613
6606	0.42401281
6607	0.44788215
6608	0.47231334
6609	0.49690780
6610	0.52178353
6611	0.54664975
6612	0.57174408
6613	0.59686232
6614	0.62190133
6615	0.64667010
6616	0.67145157
6617	0.69571978
6618	0.71933472
6619	0.74221045
6620	0.76430988
6621	0.78539497
6622	0.80508178
6623	0.82339609
6624	0.84003580
6625	0.85489136
6626	0.86777264
6627	0.87850016
6628	0.88720495
6629	0.89347559
6630	0.89763886
6631	0.89967865
6632	0.89967179
6633	0.89779371
6634	0.89406878
6635	0.88872164
6636	0.88175756
6637	0.87332612
6638	0.86346358
6639	0.85084403
6640	0.83752030
6641	0.82242703
6642	0.80787843
6643	0.79112691
6644	0.77256680
6645	0.75466579
6646	0.73801070
6647	0.72185475
6648	0.70607120
6649	0.69007230
6650	0.67259657
6651	0.65499103
6652	0.63724989
6653	0.61906672
6654	0.60108358
6655	0.58281350
6656	0.56414086
6657	0.54576200
6658	0.52736241
6659	0.50920486
6660	0.49096221
6661	0.47230387
6662	0.45390490
6663	0.43548116
6664	0.41736981
6665	0.39910993
6666	0.38080782
6667	0.36246741
6668	0.34420115
6669	0.32607248
6670	0.30808505
6671	0.29029825
6672	0.27294108
6673	0.25542963
6674	0.23810485
6675	0.22098559
6676	0.20401812
6677	0.18730883
6678	0.17067038
6679	0.15444927
6680	0.13860211
6681	0.12322752
6682	0.10841009
6683	0.09412725
6684	0.08017798
6685	0.06623097
6686	0.05213821
6687	0.03802091
6688	0.02413379
6689	0.01061578
6690	-0.00221806
6691	-0.01396975
6692	-0.02484276
6693	-0.03488138
6694	-0.04425974
6695	-0.05312349
6696	-0.06139389
6697	-0.06907423
6698	-0.07594867
6699	-0.08184230
6700	-0.08675259
6701	-0.09038483
6702	-0.09262808
6703	-0.09369554
6704	-0.09362196
6705	-0.09250570
6706	-0.09000637
6707	-0.08649983
6708	-0.08191422
6709	-0.07619835
6710	-0.06974151
6711	-0.06230016
6712	-0.05395371
6713	-0.04506533
6714	-0.03494884
6715	-0.02418685
6716	-0.01255564
6717	0.00012589
6718	0.01315473
6719	0.02666013
6720	0.04064882
6721	0.05477310
6722	0.06955072
6723	0.08451603
6724	0.10000155
6725	0.11591143
6726	0.13232282
6727	0.14897096
6728	0.16597629
6729	0.18340299
6730	0.20127711
6731	0.21964608
6732	0.23864630
6733	0.25784609
6734	0.27781788
6735	0.29864392
6736	0.31938303
6737	0.34088981
6738	0.36302218
6739	0.38529107
6740	0.40788963
6741	0.43080932
6742	0.45386982
6743	0.47759822
6744	0.50145346
6745	0.52550185
6746	0.54965729
6747	0.57401556
6748	0.59843063
6749	0.62276304
6750	0.64670736
6751	0.67127633
6752	0.69509792
6753	0.71829367
6754	0.74082136
6755	0.76252186
6756	0.78327918
6757	0.80249375
6758	0.82030100
6759	0.83640712
6760	0.85051656
6761	0.86252564
6762	0.87230533
6763	0.87972331
6764	0.88460767
6765	0.88712782
6766	0.88747025
6767	0.88563585
6768	0.88180029
6769	0.87593979
6770	0.86816794
6771	0.85862333
6772	0.84689671
6773	0.83276534
6774	0.81782520
6775	0.80159706
6776	0.78674781
6777	0.76854575
6778	0.75058353
6779	0.73297882
6780	0.71617872
6781	0.69981539
6782	0.68389165
6783	0.66748476
6784	0.65047759
6785	0.63301158
6786	0.61497027
6787	0.59709483
6788	0.57893831
6789	0.56068480
6790	0.54210865
6791	0.52373427
6792	0.50535297
6793	0.48730826
6794	0.46856079
6795	0.45014417
6796	0.43167460
6797	0.41336715
6798	0.39504969
6799	0.37671486
6800	0.35849306
6801	0.34031069
6802	0.32215047
6803	0.30414155
6804	0.28629768
6805	0.26866877
6806	0.25116068
6807	0.23396052
6808	0.21681914
6809	0.19982417
6810	0.18281952
6811	0.16648620
6812	0.15002806
6813	0.13399923
6814	0.11840639
6815	0.10329661
6816	0.08875007
6817	0.07461137
6818	0.06075256
6819	0.04708871
6820	0.03357818
6821	0.02038712
6822	0.00771049
6823	-0.00486311
6824	-0.01693024
6825	-0.02814277
6826	-0.03872453
6827	-0.04849403
6828	-0.05746453
6829	-0.06557289
6830	-0.07280509
6831	-0.07906508
6832	-0.08428711
6833	-0.08827934
6834	-0.09110307
6835	-0.09254282
6836	-0.09270472
6837	-0.09183628
6838	-0.08957039
6839	-0.08612033
6840	-0.08137189
6841	-0.07576541
6842	-0.06913648
6843	-0.06154060
6844	-0.05306601
6845	-0.04367105
6846	-0.03339630
6847	-0.02234453
6848	-0.01048585
6849	0.00219369
6850	0.01553477
6851	0.02938392
6852	0.04379288
6853	0.05864622
6854	0.07377005
6855	0.08921785
6856	0.10511194
6857	0.12148491
6858	0.13795695
6859	0.15473768
6860	0.17182828
6861	0.18934797
6862	0.20730117
6863	0.22577187
6864	0.24503087
6865	0.26446554
6866	0.28468654
6867	0.30567598
6868	0.32664722
6869	0.34866557
6870	0.37099719
6871	0.39382893
6872	0.41704679
6873	0.44045547
6874	0.46414354
6875	0.48822552
6876	0.51306731
6877	0.53753388
6878	0.56239808
6879	0.58740354
6880	0.61237955
6881	0.63703901
6882	0.66199893
6883	0.68625337
6884	0.71001029
6885	0.73295879
6886	0.75522178
6887	0.77661610
6888	0.79669809
6889	0.81555378
6890	0.83277416
6891	0.84825194
6892	0.86179006
6893	0.87311274
6894	0.88225442
6895	0.88889974
6896	0.89320809
6897	0.89527106
6898	0.89519882
6899	0.89305264
6900	0.88890427
6901	0.88287038
6902	0.87495595
6903	0.86528122
6904	0.85409713
6905	0.84128869
6906	0.82664329
6907	0.81217146
6908	0.79671592
6909	0.78256768
6910	0.76532912
6911	0.74770141
6912	0.72989190
6913	0.71306032
6914	0.69678140
6915	0.68071401
6916	0.66410923
6917	0.64684623
6918	0.62924010
6919	0.61124891
6920	0.59336895
6921	0.57521492
6922	0.55697638
6923	0.53859901
6924	0.51988482
6925	0.50145841
6926	0.48345393
6927	0.46466762
6928	0.44621685
6929	0.42774671
6930	0.40946424
6931	0.39106211
6932	0.37273425
6933	0.35458335
6934	0.33639103
6935	0.31828466
6936	0.30029672
6937	0.28245598
6938	0.26487577
6939	0.24754508
6940	0.23024878
6941	0.21318029
6942	0.19624396
6943	0.17954735
6944	0.16300716
6945	0.14680764
6946	0.13094106
6947	0.11554326
6948	0.10076800
6949	0.08650779
6950	0.07271598
6951	0.05910355
6952	0.04551922
6953	0.03203376
6954	0.01877377
6955	0.00577674
6956	-0.00670090
6957	-0.01804968
6958	-0.02851151
6959	-0.03825340
6960	-0.04735085
6961	-0.05593317
6962	-0.06400144
6963	-0.07135089
6964	-0.07790527
6965	-0.08334646
6966	-0.08769228
6967	-0.09070308
6968	-0.09256919
6969	-0.09303451
6970	-0.09223081
6971	-0.09047816
6972	-0.08729406
6973	-0.08294560
6974	-0.07745390
6975	-0.07073027
6976	-0.06308268
6977	-0.05437301
6978	-0.04460297
6979	-0.03374919
6980	-0.02204215
6981	-0.00944484
6982	0.00378831
6983	0.01757185
6984	0.03168591
6985	0.04610018
6986	0.06096674
6987	0.07593843
6988	0.09137869
6989	0.10734678
6990	0.12348612
6991	0.13996789
6992	0.15680206
6993	0.17401282
6994	0.19166283
6995	0.20976958
6996	0.22856800
6997	0.24752899
6998	0.26725146
6999	0.28722706
7000	0.30833271
7001	0.32968163
7002	0.35168594
7003	0.37406620
7004	0.39689645
7005	0.42004874
7006	0.44331414
7007	0.46698272
7008	0.49083591
7009	0.51517630
7010	0.53964293
7011	0.56432861
7012	0.58918434
7013	0.61390984
7014	0.63884866
7015	0.66390866
7016	0.68844211
7017	0.71246755
7018	0.73595089
7019	0.75879085
7020	0.78060305
7021	0.80128098
7022	0.82050890
7023	0.83806366
7024	0.85372227
7025	0.86714101
7026	0.87817013
7027	0.88687003
7028	0.89292848
7029	0.89643151
7030	0.89753312
7031	0.89627159
7032	0.89282918
7033	0.88735002
7034	0.87953109
7035	0.86821127
7036	0.85485387
7037	0.83865219
7038	0.82371736
7039	0.80654132
7040	0.78760338
7041	0.76981944
7042	0.75259489
7043	0.73601472
7044	0.72016287
7045	0.70442003
7046	0.68808216
7047	0.67031956
7048	0.65258610
7049	0.63468313
7050	0.61647886
7051	0.59841371
7052	0.58008778
7053	0.56161946
7054	0.54295337
7055	0.52464032
7056	0.50618649
7057	0.48807201
7058	0.46934050
7059	0.45100448
7060	0.43260458
7061	0.41438246
7062	0.39610600
7063	0.37775302
7064	0.35954079
7065	0.34152675
7066	0.32361513
7067	0.30581546
7068	0.28816888
7069	0.27100521
7070	0.25339997
7071	0.23622832
7072	0.21920085
7073	0.20250818
7074	0.18587418
7075	0.16965690
7076	0.15381466
7077	0.13839275
7078	0.12340235
7079	0.10895336
7080	0.09487939
7081	0.08113144
7082	0.06771260
7083	0.05461708
7084	0.04159321
7085	0.02841538
7086	0.01564671
7087	0.00377157
7088	-0.00739792
7089	-0.01786244
7090	-0.02769697
7091	-0.03688931
7092	-0.04544867
7093	-0.05315591
7094	-0.05988024
7095	-0.06536261
7096	-0.06958060
7097	-0.07241016
7098	-0.07377959
7099	-0.07411571
7100	-0.07284130
7101	-0.07030674
7102	-0.06649856
7103	-0.06161110
7104	-0.05546651
7105	-0.04864040
7106	-0.04088662
7107	-0.03230957
7108	-0.02294633
7109	-0.01330777
7110	-0.00247896
7111	0.00908377
7112	0.02131995
7113	0.03487667
7114	0.04835431
7115	0.06236202
7116	0.07682802
7117	0.09155519
7118	0.10685679
7119	0.12228764
7120	0.13827604
7121	0.15484744
7122	0.17156021
7123	0.18872210
7124	0.20632717
7125	0.22443277
7126	0.24315631
7127	0.26258421
7128	0.28247109
7129	0.30276862
7130	0.32384425
7131	0.34557790
7132	0.36808187
7133	0.39124081
7134	0.41512418
7135	0.43961239
7136	0.46416521
7137	0.49015850
7138	0.51620972
7139	0.54165220
7140	0.56764549
7141	0.59369463
7142	0.61982429
7143	0.64588118
7144	0.67190474
7145	0.69771773
7146	0.72282726
7147	0.74728829
7148	0.77091539
7149	0.79334706
7150	0.81447756
7151	0.83416390
7152	0.85198659
7153	0.86796713
7154	0.88188916
7155	0.89357674
7156	0.90304297
7157	0.91015154
7158	0.91515768
7159	0.91793203
7160	0.91865504
7161	0.91748333
7162	0.91443229
7163	0.90968430
7164	0.90333617
7165	0.89540762
7166	0.88630790
7167	0.87540054
7168	0.86244804
7169	0.84872591
7170	0.83350801
7171	0.81858218
7172	0.79994375
7173	0.78170919
7174	0.76349664
7175	0.74660021
7176	0.73019361
7177	0.71404672
7178	0.69757473
7179	0.68040752
7180	0.66280550
7181	0.64450920
7182	0.62652057
7183	0.60865176
7184	0.59003490
7185	0.57154375
7186	0.55306727
7187	0.53455526
7188	0.51602018
7189	0.49747571
7190	0.47907364
7191	0.46076679
7192	0.44256082
7193	0.42418692
7194	0.40597966
7195	0.38776198
7196	0.36963356
7197	0.35164094
7198	0.33382761
7199	0.31615475
7200	0.29849830
7201	0.28112495
7202	0.26393491
7203	0.24683608
7204	0.22995931
7205	0.21331663
7206	0.19697045
7207	0.18084882
7208	0.16531843
7209	0.15029542
7210	0.13582742
7211	0.12187979
7212	0.10825862
7213	0.09494033
7214	0.08195946
7215	0.06946512
7216	0.05742252
7217	0.04597365
7218	0.03476965
7219	0.02464277
7220	0.01541453
7221	0.00708854
7222	-0.00043865
7223	-0.00741896
7224	-0.01371832
7225	-0.01924505
7226	-0.02384499
7227	-0.02751431
7228	-0.03007093
7229	-0.03131392
7230	-0.03129675
7231	-0.03000291
7232	-0.02769201
7233	-0.02407928
7234	-0.01933106
7235	-0.01357026
7236	-0.00684104
7237	0.00095428
7238	0.00957635
7239	0.01907694
7240	0.02954171
7241	0.04094938
7242	0.05318727
7243	0.06622976
7244	0.07993283
7245	0.09412649
7246	0.10885423
7247	0.12399273
7248	0.13957325
7249	0.15497236
7250	0.17151092
7251	0.18834111
7252	0.20530944
7253	0.22267886
7254	0.24042077
7255	0.25860846
7256	0.27746740
7257	0.29673845
7258	0.31642124
7259	0.33677149
7260	0.35777697
7261	0.37922925
7262	0.40140808
7263	0.42378226
7264	0.44665837
7265	0.46998337
7266	0.49379075
7267	0.51801455
7268	0.54204690
7269	0.56661981
7270	0.59137768
7271	0.61628586
7272	0.64118201
7273	0.66635019
7274	0.69130492
7275	0.71607053
7276	0.74040347
7277	0.76429063
7278	0.78756183
7279	0.80992013
7280	0.83122939
7281	0.85130548
7282	0.86999446
7283	0.88708764
7284	0.90232986
7285	0.91557777
7286	0.92662740
7287	0.93552673
7288	0.94215614
7289	0.94645929
7290	0.94862491
7291	0.94880885
7292	0.94710797
7293	0.94358158
7294	0.93827277
7295	0.93141657
7296	0.92305267
7297	0.91343051
7298	0.90135306
7299	0.88826686
7300	0.87362796
7301	0.85913903
7302	0.84236473
7303	0.82396317
7304	0.80570996
7305	0.78846180
7306	0.77211875
7307	0.75620186
7308	0.73968959
7309	0.72248238
7310	0.70499772
7311	0.68744296
7312	0.66971481
7313	0.65174359
7314	0.63359934
7315	0.61503559
7316	0.59695756
7317	0.57862234
7318	0.56007713
7319	0.54158032
7320	0.52310473
7321	0.50464541
7322	0.48625186
7323	0.46751729
7324	0.44933504
7325	0.43107104
7326	0.41288212
7327	0.39488396
7328	0.37695131
7329	0.35916546
7330	0.34152573
7331	0.32423440
7332	0.30690512
7333	0.28994763
7334	0.27312821
7335	0.25660148
7336	0.24013044
7337	0.22410989
7338	0.20840238
7339	0.19310360
7340	0.17830606
7341	0.16400382
7342	0.15008433
7343	0.13630158
7344	0.12252305
7345	0.10876866
7346	0.09489945
7347	0.08136012
7348	0.06836867
7349	0.05682119
7350	0.04619924
7351	0.03666994
7352	0.02797442
7353	0.01983789
7354	0.01215742
7355	0.00498116
7356	-0.00155679
7357	-0.00724435
7358	-0.01191811
7359	-0.01537262
7360	-0.01760618
7361	-0.01879466
7362	-0.01852903
7363	-0.01697541
7364	-0.01424730
7365	-0.01034083
7366	-0.00542620
7367	0.00049333
7368	0.00732767
7369	0.01527612
7370	0.02398977
7371	0.03360993
7372	0.04410076
7373	0.05549638
7374	0.06770252
7375	0.08061301
7376	0.09416673
7377	0.10803717
7378	0.12246406
7379	0.13725138
7380	0.15212306
7381	0.16740765
7382	0.18309420
7383	0.19876702
7384	0.21461067
7385	0.23070046
7386	0.24712683
7387	0.26399887
7388	0.28135023
7389	0.29942000
7390	0.31777671
7391	0.33682463
7392	0.35661909
7393	0.37672466
7394	0.39760146
7395	0.41888958
7396	0.44071859
7397	0.46340054
7398	0.48614749
7399	0.50978065
7400	0.53368121
7401	0.55805874
7402	0.58271277
7403	0.60759640
7404	0.63264740
7405	0.65793067
7406	0.68328643
7407	0.70861143
7408	0.73374015
7409	0.75890249
7410	0.78334206
7411	0.80724186
7412	0.83026999
7413	0.85218275
7414	0.87268955
7415	0.89155680
7416	0.90838724
7417	0.92300683
7418	0.93518645
7419	0.94483173
7420	0.95188093
7421	0.95646536
7422	0.95858246
7423	0.95851904
7424	0.95634013
7425	0.95220351
7426	0.94631970
7427	0.93849355
7428	0.92774415
7429	0.91492790
7430	0.90011257
7431	0.88470483
7432	0.86895627
7433	0.84946185
7434	0.83126062
7435	0.81396765
7436	0.79765445
7437	0.78126597
7438	0.76512802
7439	0.74824125
7440	0.73072565
7441	0.71301359
7442	0.69512701
7443	0.67690468
7444	0.65825343
7445	0.63988799
7446	0.62148440
7447	0.60294396
7448	0.58438474
7449	0.56589609
7450	0.54743242
7451	0.52897662
7452	0.51063550
7453	0.49232742
7454	0.47406173
7455	0.45587596
7456	0.43774548
7457	0.41953301
7458	0.40167060
7459	0.38379925
7460	0.36609191
7461	0.34851837
7462	0.33102891
7463	0.31365478
7464	0.29652452
7465	0.27955696
7466	0.26287550
7467	0.24641855
7468	0.23045444
7469	0.21500328
7470	0.19999534
7471	0.18545945
7472	0.17132494
7473	0.15747015
7474	0.14372422
7475	0.13020532
7476	0.11702720
7477	0.10437389
7478	0.09212340
7479	0.08030568
7480	0.06953876
7481	0.05966874
7482	0.05068162
7483	0.04254178
7484	0.03520327
7485	0.02861291
7486	0.02287792
7487	0.01813467
7488	0.01451890
7489	0.01205494
7490	0.01088257
7491	0.01088251
7492	0.01184637
7493	0.01433240
7494	0.01799111
7495	0.02285365
7496	0.02867019
7497	0.03538821
7498	0.04303940
7499	0.05164084
7500	0.06105277
7501	0.07135490
7502	0.08247637
7503	0.09444737
7504	0.10717561
7505	0.12056865
7506	0.13448410
7507	0.14890836
7508	0.16368529
7509	0.17882764
7510	0.19401571
7511	0.20994776
7512	0.22600642
7513	0.24241605
7514	0.25924563
7515	0.27641743
7516	0.29405567
7517	0.31216952
7518	0.33097562
7519	0.34992322
7520	0.36952755
7521	0.38942155
7522	0.40996388
7523	0.43094987
7524	0.45267397
7525	0.47471106
7526	0.49728224
7527	0.52017796
7528	0.54340816
7529	0.56682956
7530	0.59061140
7531	0.61443049
7532	0.63863379
7533	0.66285336
7534	0.68736660
7535	0.71174663
7536	0.73598278
7537	0.76001263
7538	0.78367209
7539	0.80683678
7540	0.82934469
7541	0.85098803
7542	0.87180459
7543	0.89124548
7544	0.90932268
7545	0.92581254
7546	0.94043654
7547	0.95305967
7548	0.96354479
7549	0.97166151
7550	0.97757137
7551	0.98106968
7552	0.98230684
7553	0.98142236
7554	0.97837406
7555	0.97330219
7556	0.96628040
7557	0.95748812
7558	0.94689786
7559	0.93350190
7560	0.91930181
7561	0.90351039
7562	0.88866639
7563	0.87186658
7564	0.85344011
7565	0.83551204
7566	0.81825286
7567	0.80163169
7568	0.78546464
7569	0.76892871
7570	0.75177813
7571	0.73416823
7572	0.71645832
7573	0.69890833
7574	0.68037736
7575	0.66203022
7576	0.64355123
7577	0.62491220
7578	0.60644025
7579	0.58809859
7580	0.56971973
7581	0.55117029
7582	0.53268528
7583	0.51421928
7584	0.49585286
7585	0.47752070
7586	0.45913687
7587	0.44109607
7588	0.42268023
7589	0.40460989
7590	0.38671437
7591	0.36894503
7592	0.35134545
7593	0.33398882
7594	0.31679872
7595	0.29981846
7596	0.28304312
7597	0.26658207
7598	0.25019500
7599	0.23428302
7600	0.21874903
7601	0.20371117
7602	0.18916340
7603	0.17517360
7604	0.16142187
7605	0.14777772
7606	0.13431354
7607	0.12108708
7608	0.10800739
7609	0.09501160
7610	0.08306987
7611	0.07208563
7612	0.06184782
7613	0.05228131
7614	0.04331881
7615	0.03493688
7616	0.02717642
7617	0.02026634
7618	0.01428787
7619	0.00931955
7620	0.00562670
7621	0.00326190
7622	0.00217564
7623	0.00236595
7624	0.00347188
7625	0.00597161
7626	0.00959339
7627	0.01426048
7628	0.01999537
7629	0.02652926
7630	0.03394827
7631	0.04226910
7632	0.05150796
7633	0.06165064
7634	0.07263648
7635	0.08451688
7636	0.09708364
7637	0.11028079
7638	0.12377442
7639	0.13779616
7640	0.15212721
7641	0.16650236
7642	0.18137453
7643	0.19662954
7644	0.21196222
7645	0.22757152
7646	0.24342802
7647	0.25965890
7648	0.27628583
7649	0.29336408
7650	0.31090769
7651	0.32895648
7652	0.34749398
7653	0.36665875
7654	0.38604081
7655	0.40595910
7656	0.42623091
7657	0.44713861
7658	0.46866715
7659	0.49064484
7660	0.51305908
7661	0.53584325
7662	0.55896431
7663	0.58235967
7664	0.60604036
7665	0.62987173
7666	0.65396601
7667	0.67824334
7668	0.70253581
7669	0.72671801
7670	0.75068814
7671	0.77444702
7672	0.79745030
7673	0.81977475
7674	0.84119034
7675	0.86150771
7676	0.88048100
7677	0.89783585
7678	0.91337705
7679	0.92685467
7680	0.93805057
7681	0.94688958
7682	0.95341557
7683	0.95756197
7684	0.95933175
7685	0.95890331
7686	0.95642364
7687	0.95200384
7688	0.94572407
7689	0.93778878
7690	0.92782891
7691	0.91504484
7692	0.90128028
7693	0.88553387
7694	0.87117732
7695	0.85330355
7696	0.83442193
7697	0.81626213
7698	0.79909319
7699	0.78267950
7700	0.76659799
7701	0.75023133
7702	0.73306245
7703	0.71550679
7704	0.69779980
7705	0.67990875
7706	0.66173834
7707	0.64339006
7708	0.62461168
7709	0.60609746
7710	0.58750707
7711	0.56888157
7712	0.55047733
7713	0.53200942
7714	0.51372188
7715	0.49539572
7716	0.47685367
7717	0.45849743
7718	0.44040218
7719	0.42236111
7720	0.40430412
7721	0.38637897
7722	0.36855173
7723	0.35067445
7724	0.33328596
7725	0.31587586
7726	0.29870513
7727	0.28173226
7728	0.26502457
7729	0.24845019
7730	0.23230478
7731	0.21648891
7732	0.20119493
7733	0.18642518
7734	0.17218296
7735	0.15855075
7736	0.14520597
7737	0.13192603
7738	0.11870944
7739	0.10556126
7740	0.09258176
7741	0.07965834
7742	0.06780089
7743	0.05700741
7744	0.04722475
7745	0.03830571
7746	0.03017555
7747	0.02264873
7748	0.01581026
7749	0.00966276
7750	0.00425288
7751	-0.00020901
7752	-0.00344404
7753	-0.00539460
7754	-0.00607678
7755	-0.00538981
7756	-0.00378287
7757	-0.00057320
7758	0.00349826
7759	0.00890698
7760	0.01511625
7761	0.02219182
7762	0.03021769
7763	0.03907648
7764	0.04878515
7765	0.05937134
7766	0.07085104
7767	0.08300668
7768	0.09586257
7769	0.10930657
7770	0.12316936
7771	0.13753572
7772	0.15229265
7773	0.16716512
7774	0.18248759
7775	0.19830774
7776	0.21426667
7777	0.23055598
7778	0.24726209
7779	0.26438457
7780	0.28198236
7781	0.30005461
7782	0.31880742
7783	0.33771414
7784	0.35730281
7785	0.37748823
7786	0.39807084
7787	0.41942665
7788	0.44089690
7789	0.46317694
7790	0.48587769
7791	0.50902098
7792	0.53239071
7793	0.55604452
7794	0.57998538
7795	0.60413045
7796	0.62843502
7797	0.65248173
7798	0.67748868
7799	0.70203918
7800	0.72645980
7801	0.75080419
7802	0.77478588
7803	0.79830098
7804	0.82099539
7805	0.84286052
7806	0.86360967
7807	0.88302588
7808	0.90086603
7809	0.91693681
7810	0.93102360
7811	0.94293070
7812	0.95252144
7813	0.95984310
7814	0.96482223
7815	0.96744996
7816	0.96789044
7817	0.96624202
7818	0.96260726
7819	0.95700306
7820	0.94961435
7821	0.94050002
7822	0.92860615
7823	0.91483247
7824	0.89972991
7825	0.88405341
7826	0.86906928
7827	0.84984881
7828	0.83177352
7829	0.81408286
7830	0.79727817
7831	0.78100914
7832	0.76498795
7833	0.74825335
7834	0.73089415
7835	0.71318382
7836	0.69559079
7837	0.67732286
7838	0.65911222
7839	0.64074993
7840	0.62201041
7841	0.60353005
7842	0.58507818
7843	0.56647867
7844	0.54815346
7845	0.52980936
7846	0.51156664
7847	0.49339414
7848	0.47485542
7849	0.45658076
7850	0.43837675
7851	0.42025104
7852	0.40231705
7853	0.38454083
7854	0.36680764
7855	0.34913781
7856	0.33174428
7857	0.31440488
7858	0.29719251
7859	0.27999717
7860	0.26355064
7861	0.24691769
7862	0.23065455
7863	0.21479110
7864	0.19934490
7865	0.18447545
7866	0.17006516
7867	0.15611199
7868	0.14236146
7869	0.12866032
7870	0.11511628
7871	0.10208269
7872	0.08958977
7873	0.07764605
7874	0.06640335
7875	0.05626750
7876	0.04696342
7877	0.03857649
7878	0.03096958
7879	0.02412241
7880	0.01803776
7881	0.01281241
7882	0.00844105
7883	0.00514139
7884	0.00307634
7885	0.00207404
7886	0.00221548
7887	0.00353273
7888	0.00565214
7889	0.00908344
7890	0.01350173
7891	0.01887043
7892	0.02511016
7893	0.03224520
7894	0.04041582
7895	0.04932187
7896	0.05898659
7897	0.06953999
7898	0.08091302
7899	0.09298617
7900	0.10573230
7901	0.11897361
7902	0.13275172
7903	0.14683250
7904	0.16147913
7905	0.17637049
7906	0.19178694
7907	0.20776990
7908	0.22393128
7909	0.24053857
7910	0.25757200
7911	0.27504936
7912	0.29299119
7913	0.31160372
7914	0.33043212
7915	0.34990513
7916	0.37001443
7917	0.39038318
7918	0.41123578
7919	0.43261677
7920	0.45436850
7921	0.47640738
7922	0.49873257
7923	0.52143162
7924	0.54444212
7925	0.56773657
7926	0.59126079
7927	0.61494571
7928	0.63875288
7929	0.66232169
7930	0.68643302
7931	0.71011066
7932	0.73359257
7933	0.75668472
7934	0.77935010
7935	0.80137956
7936	0.82259351
7937	0.84294748
7938	0.86226821
7939	0.88015723
7940	0.89658737
7941	0.91124195
7942	0.92407811
7943	0.93484092
7944	0.94347239
7945	0.94986922
7946	0.95361096
7947	0.95523381
7948	0.95477593
7949	0.95228446
7950	0.94786829
7951	0.94154769
7952	0.93343431
7953	0.92367619
7954	0.91212296
7955	0.89793718
7956	0.88366276
7957	0.86782205
7958	0.85269904
7959	0.83619356
7960	0.81829476
7961	0.80050606
7962	0.78348494
7963	0.76696402
7964	0.75081825
7965	0.73467880
7966	0.71790212
7967	0.70054281
7968	0.68285888
7969	0.66438198
7970	0.64637762
7971	0.62821609
7972	0.60982949
7973	0.59132105
7974	0.57280535
7975	0.55433655
7976	0.53590965
7977	0.51750779
7978	0.49912509
7979	0.48083460
7980	0.46253502
7981	0.44426477
7982	0.42603898
7983	0.40771520
7984	0.38953161
7985	0.37147358
7986	0.35356939
7987	0.33582115
7988	0.31816325
7989	0.30070606
7990	0.28340453
7991	0.26611269
7992	0.24931723
7993	0.23245399
7994	0.21597070
7995	0.19980413
7996	0.18403149
7997	0.16868746
7998	0.15385754
7999	0.13948222
8000	0.12556118
8001	0.11175745
8002	0.09801044
8003	0.08442912
8004	0.07121345
8005	0.05845065
8006	0.04611638
8007	0.03468676
8008	0.02424171
8009	0.01468711
8010	0.00601303
8011	-0.00185329
8012	-0.00891275
8013	-0.01522383
8014	-0.02062776
8015	-0.02522718
8016	-0.02880179
8017	-0.03129271
8018	-0.03263569
8019	-0.03266721
8020	-0.03158769
8021	-0.02962685
8022	-0.02626900
8023	-0.02189046
8024	-0.01646632
8025	-0.01012469
8026	-0.00271243
8027	0.00549965
8028	0.01448314
8029	0.02441602
8030	0.03508653
8031	0.04659294
8032	0.05887486
8033	0.07175104
8034	0.08525204
8035	0.09925643
8036	0.11371917
8037	0.12800598
8038	0.14313915
8039	0.15902084
8040	0.17479689
8041	0.19083180
8042	0.20718850
8043	0.22387351
8044	0.24094246
8045	0.25844777
8046	0.27662522
8047	0.29511738
8048	0.31425935
8049	0.33375439
8050	0.35396215
8051	0.37468600
8052	0.39584780
8053	0.41749695
8054	0.43950135
8055	0.46171516
8056	0.48436677
8057	0.50728726
8058	0.53054243
8059	0.55410677
8060	0.57791287
8061	0.60186297
8062	0.62600380
8063	0.65011233
8064	0.67405659
8065	0.69846386
8066	0.72235274
8067	0.74573189
8068	0.76860029
8069	0.79095924
8070	0.81237954
8071	0.83268356
8072	0.85171014
8073	0.86951315
8074	0.88504285
8075	0.89873332
8076	0.91023546
8077	0.91952139
8078	0.92623234
8079	0.93056512
8080	0.93253791
8081	0.93221200
8082	0.92967379
8083	0.92500305
8084	0.91831040
8085	0.90946347
8086	0.89742857
8087	0.88350552
8088	0.86762214
8089	0.85275656
8090	0.83580029
8091	0.81695467
8092	0.79942459
8093	0.78193223
8094	0.76524192
8095	0.74923092
8096	0.73296672
8097	0.71591008
8098	0.69852912
8099	0.68081081
8100	0.66292143
8101	0.64435810
8102	0.62613434
8103	0.60773957
8104	0.58924389
8105	0.57083637
8106	0.55247688
8107	0.53400636
8108	0.51552808
8109	0.49703142
8110	0.47866541
8111	0.46035817
8112	0.44214705
8113	0.42397934
8114	0.40592179
8115	0.38789257
8116	0.36987439
8117	0.35198790
8118	0.33419210
8119	0.31659609
8120	0.29910436
8121	0.28179890
8122	0.26462930
8123	0.24767244
8124	0.23091419
8125	0.21439929
8126	0.19811875
8127	0.18208751
8128	0.16664761
8129	0.15167640
8130	0.13748372
8131	0.12355024
8132	0.11005012
8133	0.09659386
8134	0.08317856
8135	0.06986884
8136	0.05672345
8137	0.04373620
8138	0.03175451
8139	0.02099087
8140	0.01122258
8141	0.00245002
8142	-0.00557813
8143	-0.01292202
8144	-0.01967510
8145	-0.02568702
8146	-0.03085783
8147	-0.03513264
8148	-0.03823663
8149	-0.04025527
8150	-0.04099851
8151	-0.04049912
8152	-0.03866226
8153	-0.03593444
8154	-0.03182327
8155	-0.02665979
8156	-0.02051603
8157	-0.01343830
8158	-0.00541256
8159	0.00365150
8160	0.01357493
8161	0.02432380
8162	0.03590007
8163	0.04833698
8164	0.06144750
8165	0.07500592
8166	0.08916955
8167	0.10378649
8168	0.11885624
8169	0.13413420
8170	0.14994590
8171	0.16634326
8172	0.18295059
8173	0.19993336
8174	0.21726903
8175	0.23500708
8176	0.25312966
8177	0.27187136
8178	0.29086307
8179	0.31023356
8180	0.33023730
8181	0.35084593
8182	0.37192604
8183	0.39339387
8184	0.41571969
8185	0.43855533
8186	0.46186131
8187	0.48556268
8188	0.50948560
8189	0.53372300
8190	0.55804306
8191	0.58265537
8192	0.60742551
8193	0.63232231
8194	0.65702575
8195	0.68224382
8196	0.70718396
8197	0.73158365
8198	0.75570458
8199	0.77923572
8200	0.80207610
8201	0.82399768
8202	0.84461492
8203	0.86387450
8204	0.88145685
8205	0.89705044
8206	0.91053420
8207	0.92158669
8208	0.93030983
8209	0.93653393
8210	0.94020146
8211	0.94157016
8212	0.94079524
8213	0.93781662
8214	0.93292707
8215	0.92610091
8216	0.91753387
8217	0.90705657
8218	0.89367002
8219	0.87965536
8220	0.86383563
8221	0.84855771
8222	0.83160657
8223	0.81338376
8224	0.79559320
8225	0.77881402
8226	0.76231289
8227	0.74627703
8228	0.73014468
8229	0.71324790
8230	0.69581789
8231	0.67800349
8232	0.66002202
8233	0.64161044
8234	0.62331635
8235	0.60514718
8236	0.58635038
8237	0.56781745
8238	0.54936403
8239	0.53096765
8240	0.51258099
8241	0.49420094
8242	0.47589645
8243	0.45764080
8244	0.43923190
8245	0.42097670
8246	0.40298498
8247	0.38505962
8248	0.36716086
8249	0.34933272
8250	0.33162275
8251	0.31405127
8252	0.29661858
8253	0.27943978
8254	0.26243308
8255	0.24565685
8256	0.22903465
8257	0.21281078
8258	0.19688956
8259	0.18147822
8260	0.16651691
8261	0.15206976
8262	0.13817087
8263	0.12466901
8264	0.11138606
8265	0.09830968
8266	0.08566271
8267	0.07347432
8268	0.06185964
8269	0.05082135
8270	0.04085959
8271	0.03173182
8272	0.02352741
8273	0.01608905
8274	0.00937923
8275	0.00332113
8276	-0.00196071
8277	-0.00642472
8278	-0.00999445
8279	-0.01236727
8280	-0.01345046
8281	-0.01344447
8282	-0.01219907
8283	-0.01011646
8284	-0.00667904
8285	-0.00222832
8286	0.00322522
8287	0.00962091
8288	0.01710177
8289	0.02539008
8290	0.03461437
8291	0.04464642
8292	0.05564706
8293	0.06745104
8294	0.08009259
8295	0.09337494
8296	0.10722326
8297	0.12158778
8298	0.13630484
8299	0.15140377
8300	0.16662951
8301	0.18257727
8302	0.19864641
8303	0.21500011
8304	0.23163413
8305	0.24856189
8306	0.26592621
8307	0.28371221
8308	0.30217692
8309	0.32109037
8310	0.34039599
8311	0.36045033
8312	0.38087416
8313	0.40188590
8314	0.42343396
8315	0.44548628
8316	0.46815583
8317	0.49109906
8318	0.51431221
8319	0.53797221
8320	0.56190789
8321	0.58622396
8322	0.61075681
8323	0.63551098
8324	0.66025686
8325	0.68526745
8326	0.70998049
8327	0.73454005
8328	0.75885451
8329	0.78279942
8330	0.80616260
8331	0.82887310
8332	0.85077232
8333	0.87147188
8334	0.89091092
8335	0.90879136
8336	0.92485470
8337	0.93878800
8338	0.95037395
8339	0.95945072
8340	0.96613133
8341	0.97033912
8342	0.97210842
8343	0.97160220
8344	0.96889842
8345	0.96416974
8346	0.95756620
8347	0.94916558
8348	0.93860495
8349	0.92527169
8350	0.91115391
8351	0.89548504
8352	0.88036901
8353	0.86323422
8354	0.84499913
8355	0.82707745
8356	0.80995351
8357	0.79342699
8358	0.77736318
8359	0.76078439
8360	0.74346578
8361	0.72582638
8362	0.70818841
8363	0.69018734
8364	0.67190635
8365	0.65351480
8366	0.63473111
8367	0.61634964
8368	0.59792149
8369	0.57943594
8370	0.56095934
8371	0.54251933
8372	0.52413481
8373	0.50580722
8374	0.48754567
8375	0.46924651
8376	0.45091712
8377	0.43260488
8378	0.41431755
8379	0.39635769
8380	0.37847185
8381	0.36073199
8382	0.34310779
8383	0.32563224
8384	0.30835122
8385	0.29122403
8386	0.27453485
8387	0.25802815
8388	0.24161185
8389	0.22577573
8390	0.21034098
8391	0.19529504
8392	0.18079071
8393	0.16676250
8394	0.15287825
8395	0.13884443
8396	0.12466273
8397	0.11048479
8398	0.09649043
8399	0.08271033
8400	0.06981865
8401	0.05811751
8402	0.04732123
8403	0.03752965
8404	0.02856206
8405	0.02042131
8406	0.01301645
8407	0.00633480
8408	0.00071810
8409	-0.00387259
8410	-0.00740387
8411	-0.00970606
8412	-0.01104511
8413	-0.01102164
8414	-0.00974743
8415	-0.00730319
8416	-0.00365947
8417	0.00077888
8418	0.00620268
8419	0.01242097
8420	0.01950439
8421	0.02747972
8422	0.03625688
8423	0.04591295
8424	0.05639803
8425	0.06765459
8426	0.07968706
8427	0.09223424
8428	0.10534213
8429	0.11881083
8430	0.13284284
8431	0.14732730
8432	0.16193959
8433	0.17704588
8434	0.19260029
8435	0.20824583
8436	0.22411637
8437	0.24025433
8438	0.25667360
8439	0.27351904
8440	0.29099306
8441	0.30875081
8442	0.32684800
8443	0.34580472
8444	0.36481038
8445	0.38459074
8446	0.40488872
8447	0.42588961
8448	0.44725764
8449	0.46894491
8450	0.49108714
8451	0.51349694
8452	0.53621662
8453	0.55918133
8454	0.58256090
8455	0.60614586
8456	0.63002646
8457	0.65393037
8458	0.67824531
8459	0.70253295
8460	0.72651690
8461	0.75056028
8462	0.77417159
8463	0.79718930
8464	0.81943309
8465	0.84077340
8466	0.86097336
8467	0.87965363
8468	0.89671797
8469	0.91184896
8470	0.92485303
8471	0.93555135
8472	0.94383824
8473	0.94976443
8474	0.95312560
8475	0.95411909
8476	0.95285630
8477	0.94924301
8478	0.94344491
8479	0.93499982
8480	0.92317748
8481	0.90924042
8482	0.89286608
8483	0.87786281
8484	0.86024576
8485	0.84144610
8486	0.82365674
8487	0.80639625
8488	0.78968674
8489	0.77359402
8490	0.75752604
8491	0.74058783
8492	0.72322971
8493	0.70579410
8494	0.68775558
8495	0.66958326
8496	0.65104073
8497	0.63255364
8498	0.61439025
8499	0.59585053
8500	0.57752228
8501	0.55903852
8502	0.54055387
8503	0.52209228
8504	0.50369781
8505	0.48533255
8506	0.46705884
8507	0.44887051
8508	0.43058124
8509	0.41263539
8510	0.39469585
8511	0.37678039
8512	0.35900250
8513	0.34138501
8514	0.32387704
8515	0.30654979
8516	0.28941196
8517	0.27250069
8518	0.25581932
8519	0.23923343
8520	0.22309594
8521	0.20736134
8522	0.19206014
8523	0.17731029
8524	0.16319160
8525	0.14959069
8526	0.13632871
8527	0.12331054
8528	0.11044076
8529	0.09765262
8530	0.08494486
8531	0.07235156
8532	0.06070828
8533	0.05002144
8534	0.04031898
8535	0.03165419
8536	0.02391625
8537	0.01705163
8538	0.01095573
8539	0.00559452
8540	0.00099835
8541	-0.00268000
8542	-0.00525999
8543	-0.00665633
8544	-0.00685260
8545	-0.00593429
8546	-0.00345731
8547	0.00024509
8548	0.00517959
8549	0.01109946
8550	0.01818399
8551	0.02603035
8552	0.03477916
8553	0.04433764
8554	0.05469188
8555	0.06587528
8556	0.07771637
8557	0.09023219
8558	0.10328718
8559	0.11684670
8560	0.13085397
8561	0.14527017
8562	0.15937993
8563	0.17470272
8564	0.19007517
8565	0.20554075
8566	0.22130761
8567	0.23732316
8568	0.25375119
8569	0.27061549
8570	0.28801137
8571	0.30595511
8572	0.32457811
8573	0.34349948
8574	0.36324134
8575	0.38337222
8576	0.40395811
8577	0.42492422
8578	0.44666600
8579	0.46909213
8580	0.49201873
8581	0.51535594
8582	0.53901374
8583	0.56296706
8584	0.58721006
8585	0.61168671
8586	0.63651031
8587	0.66116244
8588	0.68648702
8589	0.71155238
8590	0.73636377
8591	0.76093155
8592	0.78506196
8593	0.80855173
8594	0.83135605
8595	0.85307956
8596	0.87377197
8597	0.89314103
8598	0.91102272
8599	0.92717302
8600	0.94146466
8601	0.95366126
8602	0.96362329
8603	0.97144854
8604	0.97680134
8605	0.97996879
8606	0.98072344
8607	0.97924882
8608	0.97561336
8609	0.96996987
8610	0.96249104
8611	0.95311505
8612	0.94078213
8613	0.92702073
8614	0.91139656
8615	0.89666104
8616	0.87989926
8617	0.86129522
8618	0.84339184
8619	0.82587951
8620	0.80919284
8621	0.79320276
8622	0.77682388
8623	0.75955504
8624	0.74201119
8625	0.72438318
8626	0.70663166
8627	0.68912601
8628	0.67071152
8629	0.65241528
8630	0.63400882
8631	0.61540842
8632	0.59712297
8633	0.57879728
8634	0.56041420
8635	0.54185754
8636	0.52357179
8637	0.50518918
8638	0.48722732
8639	0.46865126
8640	0.45050821
8641	0.43246269
8642	0.41461906
8643	0.39674342
8644	0.37888488
8645	0.36127609
8646	0.34396639
8647	0.32670230
8648	0.30966681
8649	0.29280066
8650	0.27617958
8651	0.25960320
8652	0.24343485
8653	0.22769210
8654	0.21237707
8655	0.19760787
8656	0.18343021
8657	0.16977789
8658	0.15647073
8659	0.14331527
8660	0.13039181
8661	0.11783582
8662	0.10557123
8663	0.09374787
8664	0.08270713
8665	0.07282433
8666	0.06384371
8667	0.05576033
8668	0.04836827
8669	0.04151678
8670	0.03521308
8671	0.02952154
8672	0.02461435
8673	0.02061438
8674	0.01770871
8675	0.01610100
8676	0.01566298
8677	0.01631189
8678	0.01806202
8679	0.02067115
8680	0.02453649
8681	0.02938498
8682	0.03516306
8683	0.04186502
8684	0.04963263
8685	0.05813721
8686	0.06764191
8687	0.07803539
8688	0.08931763
8689	0.10131651
8690	0.11396631
8691	0.12715417
8692	0.14078216
8693	0.15481949
8694	0.16917415
8695	0.18350618
8696	0.19845603
8697	0.21353960
8698	0.22880895
8699	0.24450608
8700	0.26053092
8701	0.27704716
8702	0.29401082
8703	0.31146112
8704	0.32952082
8705	0.34782851
8706	0.36669821
8707	0.38610959
8708	0.40583172
8709	0.42609340
8710	0.44689986
8711	0.46823689
8712	0.48989815
8713	0.51191533
8714	0.53411275
8715	0.55659497
8716	0.57934362
8717	0.60241681
8718	0.62562156
8719	0.64898258
8720	0.67224962
8721	0.69636863
8722	0.71997112
8723	0.74336427
8724	0.76653391
8725	0.78925669
8726	0.81139648
8727	0.83265662
8728	0.85301405
8729	0.87218702
8730	0.89002776
8731	0.90634477
8732	0.92084306
8733	0.93336010
8734	0.94374937
8735	0.95196259
8736	0.95800716
8737	0.96197474
8738	0.96363324
8739	0.96327579
8740	0.96088862
8741	0.95652902
8742	0.95038635
8743	0.94252050
8744	0.93297464
8745	0.92043900
8746	0.90686411
8747	0.89167035
8748	0.87657094
8749	0.86073852
8750	0.84166980
8751	0.82358074
8752	0.80628711
8753	0.78995073
8754	0.77389425
8755	0.75791001
8756	0.74077010
8757	0.72326714
8758	0.70562208
8759	0.68777621
8760	0.66960865
8761	0.65127623
8762	0.63252330
8763	0.61381680
8764	0.59525859
8765	0.57673889
8766	0.55822909
8767	0.53979999
8768	0.52136832
8769	0.50299716
8770	0.48467824
8771	0.46633875
8772	0.44794250
8773	0.42980605
8774	0.41177842
8775	0.39389852
8776	0.37602258
8777	0.35831234
8778	0.34075719
8779	0.32344091
8780	0.30629864
8781	0.28937596
8782	0.27268696
8783	0.25630975
8784	0.24000999
8785	0.22419825
8786	0.20868698
8787	0.19362438
8788	0.17904221
8789	0.16484559
8790	0.15093461
8791	0.13705797
8792	0.12331174
8793	0.10970097
8794	0.09623206
8795	0.08288226
8796	0.07042066
8797	0.05887668
8798	0.04817000
8799	0.03827007
8800	0.02903894
8801	0.02045994
8802	0.01247630
8803	0.00520294
8804	-0.00122232
8805	-0.00672497
8806	-0.01118275
8807	-0.01448118
8808	-0.01655598
8809	-0.01768597
8810	-0.01745220
8811	-0.01576670
8812	-0.01328543
8813	-0.00930983
8814	-0.00447263
8815	0.00141384
8816	0.00834864
8817	0.01624748
8818	0.02507834
8819	0.03486816
8820	0.04554303
8821	0.05701524
8822	0.06929325
8823	0.08215154
8824	0.09545777
8825	0.10923496
8826	0.12331031
8827	0.13777713
8828	0.15241884
8829	0.16746458
8830	0.18305428
8831	0.19875361
8832	0.21479589
8833	0.23120742
8834	0.24805392
8835	0.26542303
8836	0.28336576
8837	0.30207175
8838	0.32096890
8839	0.34059229
8840	0.36095664
8841	0.38130435
8842	0.40242547
8843	0.42403409
8844	0.44601551
8845	0.46830058
8846	0.49078155
8847	0.51359874
8848	0.53683311
8849	0.56024891
8850	0.58410782
8851	0.60819209
8852	0.63244683
8853	0.65678447
8854	0.68140203
8855	0.70580715
8856	0.72981393
8857	0.75354326
8858	0.77683359
8859	0.79942214
8860	0.82126808
8861	0.84195453
8862	0.86151046
8863	0.87954509
8864	0.89601296
8865	0.91061318
8866	0.92321414
8867	0.93365711
8868	0.94187462
8869	0.94762307
8870	0.95111781
8871	0.95245016
8872	0.95172095
8873	0.94898760
8874	0.94433874
8875	0.93786335
8876	0.92976195
8877	0.91990590
8878	0.90731740
8879	0.89337736
8880	0.87780017
8881	0.86261040
8882	0.84671527
8883	0.82781190
8884	0.80991459
8885	0.79243618
8886	0.77577919
8887	0.75978333
8888	0.74372244
8889	0.72671229
8890	0.70927805
8891	0.69201136
8892	0.67388707
8893	0.65578479
8894	0.63751441
8895	0.61882067
8896	0.60033065
8897	0.58173710
8898	0.56323236
8899	0.54471540
8900	0.52643889
8901	0.50809103
8902	0.48992860
8903	0.47128424
8904	0.45288330
8905	0.43429154
8906	0.41618448
8907	0.39796120
8908	0.37969843
8909	0.36170244
8910	0.34378126
8911	0.32594955
8912	0.30839184
8913	0.29099828
8914	0.27383199
8915	0.25681326
8916	0.24009755
8917	0.22337529
8918	0.20699273
8919	0.19092320
8920	0.17520715
8921	0.15998940
8922	0.14521757
8923	0.13094079
8924	0.11678884
8925	0.10261238
8926	0.08833850
8927	0.07431015
8928	0.06061400
8929	0.04727639
8930	0.03478092
8931	0.02319796
8932	0.01236287
8933	0.00225928
8934	-0.00727763
8935	-0.01621696
8936	-0.02456246
8937	-0.03213219
8938	-0.03883539
8939	-0.04459070
8940	-0.04911223
8941	-0.05227519
8942	-0.05430952
8943	-0.05511365
8944	-0.05498883
8945	-0.05345507
8946	-0.05076613
8947	-0.04699442
8948	-0.04226289
8949	-0.03651989
8950	-0.02970206
8951	-0.02220931
8952	-0.01378005
8953	-0.00451538
8954	0.00551375
8955	0.01626877
8956	0.02781091
8957	0.04001282
8958	0.05272478
8959	0.06599962
8960	0.07954692
8961	0.09359975
8962	0.10778607
8963	0.12245838
8964	0.13738744
8965	0.15280819
8966	0.16837642
8967	0.18425031
8968	0.20052837
8969	0.21720512
8970	0.23435371
8971	0.25200692
8972	0.27015573
8973	0.28874850
8974	0.30820185
8975	0.32757047
8976	0.34778991
8977	0.36885622
8978	0.38989249
8979	0.41140345
8980	0.43335608
8981	0.45542780
8982	0.47813791
8983	0.50098550
8984	0.52421302
8985	0.54758966
8986	0.57120484
8987	0.59502494
8988	0.61889732
8989	0.64274609
8990	0.66660297
8991	0.68974036
8992	0.71361291
8993	0.73577118
8994	0.75754279
8995	0.77836084
8996	0.79824811
8997	0.81690228
8998	0.83379114
8999	0.84897929
9000	0.86239636
9001	0.87374133
9002	0.88287574
9003	0.88988113
9004	0.89441383
9005	0.89664197
9006	0.89664900
9007	0.89446956
9008	0.89018917
9009	0.88385713
9010	0.87555361
9011	0.86509997
9012	0.85154617
9013	0.83688080
9014	0.82056528
9015	0.80557096
9016	0.78797817
9017	0.76961029
9018	0.75184286
9019	0.73487806
9020	0.71844506
9021	0.70295024
9022	0.68608063
9023	0.66890699
9024	0.65124339
9025	0.63279974
9026	0.61501777
9027	0.59692085
9028	0.57845408
9029	0.55988252
9030	0.54125577
9031	0.52270466
9032	0.50419903
9033	0.48574802
9034	0.46737581
9035	0.44898468
9036	0.43069556
9037	0.41234884
9038	0.39406648
9039	0.37569720
9040	0.35753134
9041	0.33936527
9042	0.32134348
9043	0.30341750
9044	0.28558362
9045	0.26809913
9046	0.25041223
9047	0.23326182
9048	0.21628618
9049	0.19937186
9050	0.18286081
9051	0.16666125
9052	0.15079911
9053	0.13541220
9054	0.12042265
9055	0.10599819
9056	0.09190349
9057	0.07792931
9058	0.06376162
9059	0.04952371
9060	0.03543435
9061	0.02158127
9062	0.00827424
9063	-0.00384860
9064	-0.01505354
9065	-0.02549149
9066	-0.03532805
9067	-0.04464259
9068	-0.05347657
9069	-0.06168644
9070	-0.06855793
9071	-0.07563554
9072	-0.08094345
9073	-0.08489118
9074	-0.08746978
9075	-0.08875266
9076	-0.08904950
9077	-0.08782870
9078	-0.08541808
9079	-0.08189725
9080	-0.07734278
9081	-0.07179574
9082	-0.06515273
9083	-0.05775952
9084	-0.04950226
9085	-0.04039845
9086	-0.03062695
9087	-0.02009337
9088	-0.00880203
9089	0.00310749
9090	0.01560952
9091	0.02873299
9092	0.04230279
9093	0.05610004
9094	0.07043738
9095	0.08487569
9096	0.09996250
9097	0.11514340
9098	0.13066712
9099	0.14645693
9100	0.16257672
9101	0.17915501
9102	0.19614823
9103	0.21367089
9104	0.23194492
9105	0.25029898
9106	0.26944309
9107	0.28953081
9108	0.30942801
9109	0.33020368
9110	0.35142094
9111	0.37291041
9112	0.39452699
9113	0.41672963
9114	0.43919241
9115	0.46206439
9116	0.48502499
9117	0.50896704
9118	0.53280956
9119	0.55680943
9120	0.58124959
9121	0.60531247
9122	0.62953854
9123	0.65343684
9124	0.67733300
9125	0.70061648
9126	0.72307324
9127	0.74506044
9128	0.76597112
9129	0.78582674
9130	0.80436605
9131	0.82133824
9132	0.83674997
9133	0.85006982
9134	0.86128634
9135	0.87051404
9136	0.87723166
9137	0.88169372
9138	0.88389170
9139	0.88394630
9140	0.88191456
9141	0.87780803
9142	0.87182242
9143	0.86392534
9144	0.85342020
9145	0.84020734
9146	0.82545143
9147	0.80936682
9148	0.79522616
9149	0.77584523
9150	0.75761509
9151	0.73978704
9152	0.72283393
9153	0.70660824
9154	0.69079322
9155	0.67418891
9156	0.65692741
9157	0.63858896
9158	0.62103891
9159	0.60321242
9160	0.58480531
9161	0.56643164
9162	0.54791510
9163	0.52931440
9164	0.51074016
9165	0.49220321
9166	0.47380555
9167	0.45545453
9168	0.43703011
9169	0.41860357
9170	0.40031844
9171	0.38199365
9172	0.36373904
9173	0.34562826
9174	0.32765010
9175	0.30962834
9176	0.29198676
9177	0.27443418
9178	0.25697994
9179	0.23979074
9180	0.22269787
9181	0.20587395
9182	0.18928310
9183	0.17293945
9184	0.15678295
9185	0.14119825
9186	0.12606251
9187	0.11147744
9188	0.09738854
9189	0.08364037
9190	0.07000484
9191	0.05650123
9192	0.04305402
9193	0.02982294
9194	0.01648567
9195	0.00383640
9196	-0.00778678
9197	-0.01861087
9198	-0.02859712
9199	-0.03790161
9200	-0.04651200
9201	-0.05491341
9202	-0.06103169
9203	-0.06735211
9204	-0.07232473
9205	-0.07605381
9206	-0.07855339
9207	-0.07971302
9208	-0.07952162
9209	-0.07794019
9210	-0.07540088
9211	-0.07140421
9212	-0.06611597
9213	-0.05985827
9214	-0.05264219
9215	-0.04446196
9216	-0.03547275
9217	-0.02561311
9218	-0.01504025
9219	-0.00376183
9220	0.00822074
9221	0.02076049
9222	0.03383804
9223	0.04747769
9224	0.06144464
9225	0.07562029
9226	0.09024924
9227	0.10528811
9228	0.12047692
9229	0.13593291
9230	0.15166053
9231	0.16771670
9232	0.18410414
9233	0.20089044
9234	0.21804431
9235	0.23586197
9236	0.25368416
9237	0.27234283
9238	0.29107288
9239	0.31076866
9240	0.33075216
9241	0.35134435
9242	0.37225473
9243	0.39390457
9244	0.41602358
9245	0.43844092
9246	0.46155027
9247	0.48473176
9248	0.50786656
9249	0.53154057
9250	0.55533928
9251	0.57929945
9252	0.60344076
9253	0.62727731
9254	0.65182394
9255	0.67579418
9256	0.69949538
9257	0.72256625
9258	0.74512851
9259	0.76677543
9260	0.78734201
9261	0.80650830
9262	0.82404625
9263	0.83960927
9264	0.85297662
9265	0.86412561
9266	0.87268537
9267	0.87861389
9268	0.88209534
9269	0.88328421
9270	0.88238549
9271	0.87950283
9272	0.87473023
9273	0.86819482
9274	0.86011410
9275	0.84925330
9276	0.83645070
9277	0.82217038
9278	0.80656791
9279	0.79147601
9280	0.77215064
9281	0.75398034
9282	0.73650575
9283	0.71999890
9284	0.70388258
9285	0.68792444
9286	0.67123389
9287	0.65401143
9288	0.63642055
9289	0.61820132
9290	0.60039777
9291	0.58230209
9292	0.56405264
9293	0.54573715
9294	0.52708149
9295	0.50837302
9296	0.49010149
9297	0.47148192
9298	0.45306113
9299	0.43473721
9300	0.41631263
9301	0.39827055
9302	0.38010928
9303	0.36195517
9304	0.34379694
9305	0.32578775
9306	0.30788949
9307	0.29018149
9308	0.27264062
9309	0.25549701
9310	0.23782404
9311	0.22069176
9312	0.20372190
9313	0.18706015
9314	0.17054109
9315	0.15439051
9316	0.13863643
9317	0.12340064
9318	0.10866839
9319	0.09450710
9320	0.08081529
9321	0.06728826
9322	0.05389342
9323	0.04069268
9324	0.02754931
9325	0.01451489
9326	0.00211404
9327	-0.00910426
9328	-0.01941693
9329	-0.02893071
9330	-0.03782658
9331	-0.04622644
9332	-0.05406055
9333	-0.06124741
9334	-0.06754279
9335	-0.07278629
9336	-0.07693756
9337	-0.07959687
9338	-0.08102312
9339	-0.08112615
9340	-0.07999741
9341	-0.07782394
9342	-0.07429358
9343	-0.06974422
9344	-0.06419125
9345	-0.05765156
9346	-0.05025011
9347	-0.04164755
9348	-0.03235933
9349	-0.02214861
9350	-0.01105334
9351	0.00088849
9352	0.01364242
9353	0.02702911
9354	0.04093029
9355	0.05510291
9356	0.06974344
9357	0.08448904
9358	0.09964737
9359	0.11517528
9360	0.13071065
9361	0.14645736
9362	0.16244532
9363	0.17871746
9364	0.19534683
9365	0.21238206
9366	0.22990508
9367	0.24795598
9368	0.26642260
9369	0.28538823
9370	0.30519947
9371	0.32492933
9372	0.34545290
9373	0.36660016
9374	0.38817680
9375	0.41052389
9376	0.43320149
9377	0.45572558
9378	0.47946349
9379	0.50327873
9380	0.52729934
9381	0.55150521
9382	0.57598811
9383	0.60060328
9384	0.62509739
9385	0.65021354
9386	0.67487699
9387	0.69966149
9388	0.72335631
9389	0.74682182
9390	0.76966316
9391	0.79132897
9392	0.81184453
9393	0.83080077
9394	0.84807235
9395	0.86326349
9396	0.87625241
9397	0.88677847
9398	0.89484817
9399	0.90056324
9400	0.90383512
9401	0.90480345
9402	0.90353185
9403	0.90021598
9404	0.89494550
9405	0.88777995
9406	0.87747794
9407	0.86493164
9408	0.85020578
9409	0.83461303
9410	0.81963879
9411	0.80026752
9412	0.78217763
9413	0.76477605
9414	0.74828011
9415	0.73200119
9416	0.71591896
9417	0.69904596
9418	0.68177062
9419	0.66400546
9420	0.64613909
9421	0.62782925
9422	0.60967880
9423	0.59120703
9424	0.57270664
9425	0.55424881
9426	0.53559941
9427	0.51707882
9428	0.49866930
9429	0.48021534
9430	0.46171018
9431	0.44344819
9432	0.42498389
9433	0.40680853
9434	0.38870433
9435	0.37068132
9436	0.35273451
9437	0.33463258
9438	0.31693804
9439	0.29928812
9440	0.28195786
9441	0.26471096
9442	0.24781439
9443	0.23062746
9444	0.21404696
9445	0.19766542
9446	0.18171352
9447	0.16625877
9448	0.15124157
9449	0.13692524
9450	0.12309272
9451	0.10964040
9452	0.09626584
9453	0.08296210
9454	0.06985114
9455	0.05712274
9456	0.04478314
9457	0.03331209
9458	0.02300287
9459	0.01349401
9460	0.00465578
9461	-0.00364459
9462	-0.01153420
9463	-0.01895181
9464	-0.02555583
9465	-0.03130037
9466	-0.03595616
9467	-0.03920598
9468	-0.04098190
9469	-0.04141248
9470	-0.04083180
9471	-0.03878604
9472	-0.03554460
9473	-0.03123615
9474	-0.02595253
9475	-0.01975089
9476	-0.01249169
9477	-0.00447254
9478	0.00441477
9479	0.01423923
9480	0.02488422
9481	0.03641244
9482	0.04867555
9483	0.06168769
9484	0.07533370
9485	0.08951985
9486	0.10419284
9487	0.11925714
9488	0.13474560
9489	0.14992453
9490	0.16640940
9491	0.18277796
9492	0.19950126
9493	0.21650635
9494	0.23398180
9495	0.25189480
9496	0.27027184
9497	0.28975469
9498	0.30892324
9499	0.32907906
9500	0.34967127
9501	0.37100658
9502	0.39280635
9503	0.41525382
9504	0.43824285
9505	0.46148482
9506	0.48466638
9507	0.50874239
9508	0.53312910
9509	0.55723906
9510	0.58148146
9511	0.60634464
9512	0.63117969
9513	0.65594590
9514	0.68093050
9515	0.70555496
9516	0.72980833
9517	0.75369769
9518	0.77701950
9519	0.79960102
9520	0.82122999
9521	0.84178811
9522	0.86114150
9523	0.87884670
9524	0.89478564
9525	0.90888113
9526	0.92083991
9527	0.93046087
9528	0.93797421
9529	0.94294029
9530	0.94575959
9531	0.94640440
9532	0.94502878
9533	0.94168121
9534	0.93640351
9535	0.92935318
9536	0.92067277
9537	0.91052461
9538	0.89850867
9539	0.88447338
9540	0.87035137
9541	0.85522890
9542	0.84107906
9543	0.82259434
9544	0.80439079
9545	0.78643811
9546	0.76961511
9547	0.75323641
9548	0.73698974
9549	0.72005552
9550	0.70308936
9551	0.68497252
9552	0.66711509
9553	0.64852077
9554	0.63036036
9555	0.61233777
9556	0.59360313
9557	0.57498372
9558	0.55650800
9559	0.53800929
9560	0.51957881
9561	0.50123197
9562	0.48288542
9563	0.46461996
9564	0.44620880
9565	0.42776713
9566	0.40963456
9567	0.39151090
9568	0.37347883
9569	0.35564455
9570	0.33777672
9571	0.32018203
9572	0.30275163
9573	0.28559700
9574	0.26861101
9575	0.25192866
9576	0.23548897
9577	0.21934432
9578	0.20365302
9579	0.18833102
9580	0.17353609
9581	0.15923037
9582	0.14514494
9583	0.13105267
9584	0.11683497
9585	0.10264701
9586	0.08866727
9587	0.07487186
9588	0.06133418
9589	0.04897900
9590	0.03763058
9591	0.02731052
9592	0.01761498
9593	0.00869790
9594	0.00042150
9595	-0.00714592
9596	-0.01392053
9597	-0.01971762
9598	-0.02451267
9599	-0.02811577
9600	-0.03059456
9601	-0.03179629
9602	-0.03171694
9603	-0.03064385
9604	-0.02814366
9605	-0.02447873
9606	-0.01977681
9607	-0.01411291
9608	-0.00737244
9609	0.00012539
9610	0.00853681
9611	0.01782753
9612	0.02796734
9613	0.03892491
9614	0.05071006
9615	0.06335445
9616	0.07661480
9617	0.09027317
9618	0.10443817
9619	0.11893753
9620	0.13357161
9621	0.14874370
9622	0.16431294
9623	0.18016987
9624	0.19625114
9625	0.21274276
9626	0.22956441
9627	0.24683814
9628	0.26454055
9629	0.28286988
9630	0.30136070
9631	0.32048106
9632	0.34052965
9633	0.36019900
9634	0.38074359
9635	0.40177232
9636	0.42289552
9637	0.44454435
9638	0.46634147
9639	0.48850209
9640	0.51113802
9641	0.53395277
9642	0.55699521
9643	0.58030349
9644	0.60380602
9645	0.62739629
9646	0.65116745
9647	0.67476571
9648	0.69864160
9649	0.72114766
9650	0.74398065
9651	0.76573610
9652	0.78689140
9653	0.80691642
9654	0.82568932
9655	0.84288621
9656	0.85836625
9657	0.87182820
9658	0.88315910
9659	0.89233208
9660	0.89897227
9661	0.90328938
9662	0.90534288
9663	0.90529305
9664	0.90319788
9665	0.89916718
9666	0.89329046
9667	0.88564688
9668	0.87630236
9669	0.86543447
9670	0.85296839
9671	0.83843738
9672	0.82364351
9673	0.80751419
9674	0.79304296
9675	0.77535772
9676	0.75726163
9677	0.73925442
9678	0.72194195
9679	0.70525008
9680	0.68903375
9681	0.67280465
9682	0.65554613
9683	0.63795173
9684	0.62027115
9685	0.60212588
9686	0.58416009
9687	0.56589550
9688	0.54752296
9689	0.52903545
9690	0.51048899
9691	0.49195835
9692	0.47367927
9693	0.45494324
9694	0.43651178
9695	0.41809660
9696	0.39981920
9697	0.38149747
9698	0.36323071
9699	0.34499595
9700	0.32695377
9701	0.30903184
9702	0.29129875
9703	0.27368367
9704	0.25630847
9705	0.23902395
9706	0.22189449
9707	0.20503566
9708	0.18839841
9709	0.17191014
9710	0.15584639
9711	0.14027044
9712	0.12518410
9713	0.11073688
9714	0.09670778
9715	0.08293080
9716	0.06899558
9717	0.05515983
9718	0.04163076
9719	0.02849435
9720	0.01586778
9721	0.00365877
9722	-0.00699402
9723	-0.01683809
9724	-0.02550362
9725	-0.03317025
9726	-0.04001597
9727	-0.04603992
9728	-0.05141399
9729	-0.05595800
9730	-0.05937581
9731	-0.06167977
9732	-0.06302129
9733	-0.06302104
9734	-0.06169988
9735	-0.05901308
9736	-0.05518382
9737	-0.05014095
9738	-0.04411074
9739	-0.03721276
9740	-0.02946371
9741	-0.02093456
9742	-0.01166877
9743	-0.00150491
9744	0.00907592
9745	0.02038568
9746	0.03228042
9747	0.04472322
9748	0.05768514
9749	0.07099420
9750	0.08464529
9751	0.09855314
9752	0.11313049
9753	0.12752780
9754	0.14252965
9755	0.15762024
9756	0.17297612
9757	0.18867049
9758	0.20466334
9759	0.22089620
9760	0.23791070
9761	0.25517625
9762	0.27305791
9763	0.29116523
9764	0.31013152
9765	0.32886434
9766	0.34851536
9767	0.36919081
9768	0.38993901
9769	0.41129297
9770	0.43298823
9771	0.45506081
9772	0.47733226
9773	0.49974820
9774	0.52229673
9775	0.54527622
9776	0.56847864
9777	0.59170908
9778	0.61551064
9779	0.63925540
9780	0.66286170
9781	0.68626857
9782	0.70924962
9783	0.73179936
9784	0.75387412
9785	0.77515024
9786	0.79556602
9787	0.81489605
9788	0.83287513
9789	0.84921139
9790	0.86375302
9791	0.87627250
9792	0.88661808
9793	0.89470643
9794	0.90070158
9795	0.90430832
9796	0.90567505
9797	0.90489870
9798	0.90200073
9799	0.89710259
9800	0.89027327
9801	0.88061047
9802	0.86804712
9803	0.85369503
9804	0.83777136
9805	0.82299715
9806	0.80378741
9807	0.78554976
9808	0.76789695
9809	0.75122505
9810	0.73496681
9811	0.71895844
9812	0.70251161
9813	0.68531972
9814	0.66763610
9815	0.64983797
9816	0.63179785
9817	0.61333126
9818	0.59502965
9819	0.57656085
9820	0.55791622
9821	0.53959745
9822	0.52117026
9823	0.50277084
9824	0.48414952
9825	0.46571803
9826	0.44740492
9827	0.42908207
9828	0.41087776
9829	0.39271492
9830	0.37432441
9831	0.35635021
9832	0.33845758
9833	0.32078740
9834	0.30332863
9835	0.28630519
9836	0.26909193
9837	0.25222325
9838	0.23551413
9839	0.21909621
9840	0.20278233
9841	0.18692207
9842	0.17142762
9843	0.15640898
9844	0.14187235
9845	0.12766871
9846	0.11356669
9847	0.09940351
9848	0.08548982
9849	0.07198834
9850	0.05892387
9851	0.04634436
9852	0.03497658
9853	0.02452678
9854	0.01510908
9855	0.00634178
9856	-0.00187032
9857	-0.00956460
9858	-0.01667486
9859	-0.02306983
9860	-0.02862334
9861	-0.03317110
9862	-0.03652063
9863	-0.03866756
9864	-0.03976167
9865	-0.03958523
9866	-0.03821964
9867	-0.03569479
9868	-0.03198246
9869	-0.02727753
9870	-0.02157451
9871	-0.01479250
9872	-0.00718977
9873	0.00133578
9874	0.01077595
9875	0.02108961
9876	0.03231642
9877	0.04430361
9878	0.05712127
9879	0.07049613
9880	0.08447368
9881	0.09885837
9882	0.11361622
9883	0.12813756
9884	0.14329809
9885	0.15867169
9886	0.17482106
9887	0.19076703
9888	0.20691745
9889	0.22369610
9890	0.24094220
9891	0.25879562
9892	0.27741843
9893	0.29646668
9894	0.31597713
9895	0.33621964
9896	0.35708210
9897	0.37794271
9898	0.39954835
9899	0.42154860
9900	0.44390130
9901	0.46654648
9902	0.48965746
9903	0.51308823
9904	0.53696501
9905	0.56097233
9906	0.58539540
9907	0.60990697
9908	0.63463277
9909	0.65913010
9910	0.68416959
9911	0.70861250
9912	0.73275876
9913	0.75654912
9914	0.77980733
9915	0.80234021
9916	0.82399893
9917	0.84482700
9918	0.86408222
9919	0.88202453
9920	0.89819193
9921	0.91248745
9922	0.92475063
9923	0.93477982
9924	0.94258898
9925	0.94806623
9926	0.95125180
9927	0.95230865
9928	0.95119774
9929	0.94802177
9930	0.94286925
9931	0.93578285
9932	0.92702717
9933	0.91616410
9934	0.90271616
9935	0.88881063
9936	0.87334454
9937	0.85939866
9938	0.84076875
9939	0.82255530
9940	0.80469978
9941	0.78794426
9942	0.77171028
9943	0.75562388
9944	0.73867112
9945	0.72119999
9946	0.70357168
9947	0.68585968
9948	0.66783518
9949	0.64964515
9950	0.63100803
9951	0.61233360
9952	0.59405208
9953	0.57569832
9954	0.55743092
9955	0.53907531
9956	0.52070725
9957	0.50238025
9958	0.48401001
9959	0.46562472
9960	0.44722846
9961	0.42910504
9962	0.41093552
9963	0.39298135
9964	0.37501255
9965	0.35711628
9966	0.33939952
9967	0.32185030
9968	0.30448779
9969	0.28728807
9970	0.27030194
9971	0.25359112
9972	0.23688337
9973	0.22060870
9974	0.20467134
9975	0.18915154
9976	0.17409885
9977	0.15957873
9978	0.14558704
9979	0.13190979
9980	0.11823783
9981	0.10462897
9982	0.09120276
9983	0.07825404
9984	0.06566886
9985	0.05394945
9986	0.04325116
9987	0.03339598
9988	0.02427967
9989	0.01581519
9990	0.00792762
9991	0.00064281
9992	-0.00588467
9993	-0.01162830
9994	-0.01643447
9995	-0.02008812
9996	-0.02262992
9997	-0.02399732
9998	-0.02412580
9999	-0.02313929
10000	-0.02125992
10001	-0.01807944
10002	-0.01391660
10003	-0.00855841
10004	-0.00248871
10005	0.00449713
10006	0.01237309
10007	0.02113784
10008	0.03066800
10009	0.04100430
10010	0.05212664
10011	0.06399016
10012	0.07657278
10013	0.08974402
10014	0.10338604
10015	0.11747745
10016	0.13169847
10017	0.14648053
10018	0.16159938
10019	0.17714117
10020	0.19281167
10021	0.20877022
10022	0.22505282
10023	0.24171077
10024	0.25880229
10025	0.27634224
10026	0.29453638
10027	0.31289053
10028	0.33227316
10029	0.35172871
10030	0.37136212
10031	0.39185515
10032	0.41266978
10033	0.43415475
10034	0.45578784
10035	0.47787777
10036	0.50034255
10037	0.52303708
10038	0.54596835
10039	0.56925333
10040	0.59270436
10041	0.61646080
10042	0.64023870
10043	0.66396707
10044	0.68830252
10045	0.71200657
10046	0.73531151
10047	0.75824267
10048	0.78056955
10049	0.80206060
10050	0.82253528
10051	0.84181678
10052	0.85967660
10053	0.87589306
10054	0.89022189
10055	0.90252775
10056	0.91255891
10057	0.92044443
10058	0.92592514
10059	0.92911273
10060	0.93018240
10061	0.92911607
10062	0.92601895
10063	0.92093897
10064	0.91396153
10065	0.90521556
10066	0.89492452
10067	0.88303709
10068	0.86860174
10069	0.85425788
10070	0.83817381
10071	0.82414412
10072	0.80631155
10073	0.78811133
10074	0.76994151
10075	0.75265634
10076	0.73613167
10077	0.71998185
10078	0.70345193
10079	0.68683970
10080	0.66897118
10081	0.65133595
10082	0.63336420
10083	0.61494547
10084	0.59668636
10085	0.57818907
10086	0.55961603
10087	0.54100704
10088	0.52259433
10089	0.50423539
10090	0.48569825
10091	0.46723920
10092	0.44888628
10093	0.43053013
10094	0.41220850
10095	0.39398199
10096	0.37571585
10097	0.35764295
10098	0.33960482
10099	0.32172710
10100	0.30408648
10101	0.28657341
10102	0.26923791
10103	0.25205874
10104	0.23513381
10105	0.21839017
10106	0.20171463
10107	0.18547739
10108	0.16959165
10109	0.15410212
10110	0.13912652
10111	0.12473007
10112	0.11073305
10113	0.09695679
10114	0.08323132
10115	0.06968621
10116	0.05643264
10117	0.04353246
10118	0.03093929
10119	0.01947967
10120	0.00900523
10121	-0.00063196
10122	-0.00948122
10123	-0.01766562
10124	-0.02522437
10125	-0.03194455
10126	-0.03774714
10127	-0.04245026
10128	-0.04598621
10129	-0.04832293
10130	-0.04925727
10131	-0.04895285
10132	-0.04740474
10133	-0.04502307
10134	-0.04121229
10135	-0.03634369
10136	-0.03071972
10137	-0.02397615
10138	-0.01622352
10139	-0.00741482
10140	0.00226496
10141	0.01299428
10142	0.02444990
10143	0.03671950
10144	0.04962629
10145	0.06365405
10146	0.07753780
10147	0.09171285
10148	0.10633597
10149	0.12105028
10150	0.13609026
10151	0.15160076
10152	0.16720563
10153	0.18308026
10154	0.19933052
10155	0.21589854
10156	0.23287538
10157	0.25031006
10158	0.26835713
10159	0.28658393
10160	0.30549610
10161	0.32515448
10162	0.34466055
10163	0.36500508
10164	0.38591811
10165	0.40704054
10166	0.42858985
10167	0.45067725
10168	0.47254044
10169	0.49483985
10170	0.51760578
10171	0.54059613
10172	0.56383544
10173	0.58730543
10174	0.61091679
10175	0.63434404
10176	0.65860176
10177	0.68239665
10178	0.70582402
10179	0.72907752
10180	0.75161058
10181	0.77359587
10182	0.79473180
10183	0.81484681
10184	0.83374542
10185	0.85122311
10186	0.86691922
10187	0.88069910
10188	0.89237797
10189	0.90173095
10190	0.90880096
10191	0.91361976
10192	0.91600281
10193	0.91631436
10194	0.91455120
10195	0.91076928
10196	0.90494782
10197	0.89606482
10198	0.88420677
10199	0.86977226
10200	0.85343152
10201	0.83809125
10202	0.81938726
10203	0.80052590
10204	0.78251904
10205	0.76570606
10206	0.74931240
10207	0.73330784
10208	0.71718568
10209	0.70045310
10210	0.68316770
10211	0.66548866
10212	0.64776105
10213	0.62974870
10214	0.61137867
10215	0.59319848
10216	0.57482070
10217	0.55637270
10218	0.53784716
10219	0.51946253
10220	0.50095767
10221	0.48278773
10222	0.46432447
10223	0.44603628
10224	0.42739668
10225	0.40933588
10226	0.39110380
10227	0.37294748
10228	0.35494557
10229	0.33704063
10230	0.31925216
10231	0.30158094
10232	0.28409976
10233	0.26672181
10234	0.24952418
10235	0.23256350
10236	0.21582630
10237	0.19923386
10238	0.18300173
10239	0.16718253
10240	0.15186191
10241	0.13710986
10242	0.12287357
10243	0.10904228
10244	0.09535652
10245	0.08182488
10246	0.06854142
10247	0.05551561
10248	0.04260818
10249	0.03023644
10250	0.01898698
10251	0.00861592
10252	-0.00084666
10253	-0.00953465
10254	-0.01752794
10255	-0.02479233
10256	-0.03123453
10257	-0.03676375
10258	-0.04125947
10259	-0.04450804
10260	-0.04639835
10261	-0.04695299
10262	-0.04642331
10263	-0.04431602
10264	-0.04084476
10265	-0.03609059
10266	-0.03011905
10267	-0.02307562
10268	-0.01477810
10269	-0.00574992
10270	0.00433454
10271	0.01523301
10272	0.02710621
10273	0.03967090
10274	0.05287791
10275	0.06672832
10276	0.08101186
10277	0.09557881
10278	0.11065790
10279	0.12605292
10280	0.14159314
10281	0.15778323
10282	0.17408025
10283	0.19067873
10284	0.20766266
10285	0.22494254
10286	0.24271409
10287	0.26078826
10288	0.27972257
10289	0.29923466
10290	0.31899488
10291	0.33957833
10292	0.36092165
10293	0.38224804
10294	0.40457305
10295	0.42738357
10296	0.45092320
10297	0.47459456
10298	0.49870950
10299	0.52263647
10300	0.54724801
10301	0.57204872
10302	0.59712106
10303	0.62229252
10304	0.64759207
10305	0.67284477
10306	0.69796377
10307	0.72298443
10308	0.74754435
10309	0.77166295
10310	0.79513675
10311	0.81788832
10312	0.83965409
10313	0.86031860
10314	0.87952429
10315	0.89709163
10316	0.91283411
10317	0.92649698
10318	0.93793565
10319	0.94706374
10320	0.95392239
10321	0.95843071
10322	0.96070349
10323	0.96082318
10324	0.95897257
10325	0.95521975
10326	0.94967651
10327	0.94243401
10328	0.93350655
10329	0.92319340
10330	0.91069913
10331	0.89689553
10332	0.88234490
10333	0.86719424
10334	0.85188240
10335	0.83281666
10336	0.81468129
10337	0.79704607
10338	0.78049582
10339	0.76432252
10340	0.74802119
10341	0.73109281
10342	0.71371567
10343	0.69614607
10344	0.67844421
10345	0.66045141
10346	0.64229226
10347	0.62363356
10348	0.60538435
10349	0.58695012
10350	0.56852508
10351	0.55015624
10352	0.53139305
10353	0.51331019
10354	0.49509314
10355	0.47679481
10356	0.45858890
10357	0.44031128
10358	0.42211995
10359	0.40408507
10360	0.38603130
10361	0.36826491
10362	0.35065222
10363	0.33317143
10364	0.31589422
10365	0.29870087
10366	0.28163853
10367	0.26484677
10368	0.24829994
10369	0.23185694
10370	0.21587685
10371	0.20038439
10372	0.18537535
10373	0.17094228
10374	0.15707877
10375	0.14358073
10376	0.13012567
10377	0.11673228
10378	0.10354406
10379	0.09052154
10380	0.07765764
10381	0.06541666
10382	0.05427735
10383	0.04417568
10384	0.03502339
10385	0.02657795
10386	0.01870915
10387	0.01137982
10388	0.00462975
10389	-0.00140983
10390	-0.00661602
10391	-0.01078384
10392	-0.01367337
10393	-0.01544860
10394	-0.01607342
10395	-0.01579969
10396	-0.01407653
10397	-0.01118070
10398	-0.00714656
10399	-0.00198370
10400	0.00412584
10401	0.01120830
10402	0.01931977
10403	0.02819182
10404	0.03783866
10405	0.04822922
10406	0.05941107
10407	0.07131380
10408	0.08396609
10409	0.09717309
10410	0.11084934
10411	0.12478828
10412	0.13914888
10413	0.15375437
10414	0.16834810
10415	0.18352284
10416	0.19866148
10417	0.21393761
10418	0.22940329
10419	0.24515599
10420	0.26114589
10421	0.27732286
10422	0.29413491
10423	0.31162158
10424	0.32940114
10425	0.34773317
10426	0.36665416
10427	0.38640186
10428	0.40606436
10429	0.42666957
10430	0.44750705
10431	0.46929374
10432	0.49149159
10433	0.51444393
10434	0.53774160
10435	0.56147248
10436	0.58551413
10437	0.60980207
10438	0.63432491
10439	0.65883970
10440	0.68392539
10441	0.70907396
10442	0.73329031
10443	0.75757074
10444	0.78142321
10445	0.80481833
10446	0.82720762
10447	0.84861600
10448	0.86885411
10449	0.88766342
10450	0.90480721
10451	0.92001301
10452	0.93314523
10453	0.94394320
10454	0.95238000
10455	0.95843983
10456	0.96201426
10457	0.96314883
10458	0.96200043
10459	0.95868665
10460	0.95343834
10461	0.94628966
10462	0.93737268
10463	0.92704594
10464	0.91541249
10465	0.90161473
10466	0.88722932
10467	0.87159497
10468	0.85730970
10469	0.84000230
10470	0.82170546
10471	0.80356765
10472	0.78612888
10473	0.76942766
10474	0.75305158
10475	0.73637050
10476	0.71928430
10477	0.70159698
10478	0.68386906
10479	0.66584665
10480	0.64763457
10481	0.62905335
10482	0.61070365
10483	0.59225059
10484	0.57353872
10485	0.55508339
10486	0.53661025
10487	0.51823187
10488	0.50003719
10489	0.48152569
10490	0.46315441
10491	0.44471774
10492	0.42650709
10493	0.40814674
10494	0.39011386
10495	0.37219575
10496	0.35431674
10497	0.33687568
10498	0.31959027
10499	0.30237123
10500	0.28537703
10501	0.26865739
10502	0.25199541
10503	0.23582283
10504	0.22006264
10505	0.20465273
10506	0.18973413
10507	0.17522091
10508	0.16106741
10509	0.14686257
10510	0.13268244
10511	0.11859283
10512	0.10491494
10513	0.09166878
10514	0.07874041
10515	0.06718273
10516	0.05651282
10517	0.04679743
10518	0.03790225
10519	0.02964076
10520	0.02195423
10521	0.01494795
10522	0.00862326
10523	0.00320375
10524	-0.00110066
10525	-0.00418193
10526	-0.00631573
10527	-0.00693155
10528	-0.00650763
10529	-0.00467069
10530	-0.00164807
10531	0.00242273
10532	0.00745832
10533	0.01338850
10534	0.02030251
10535	0.02784892
10536	0.03622454
10537	0.04541381
10538	0.05534987
10539	0.06605866
10540	0.07748111
10541	0.08969857
10542	0.10252871
10543	0.11596666
10544	0.12984966
10545	0.14418474
10546	0.15826775
10547	0.17320761
10548	0.18898927
10549	0.20455734
10550	0.22043940
10551	0.23664138
10552	0.25324637
10553	0.27038217
10554	0.28797629
10555	0.30623460
10556	0.32479471
10557	0.34397551
10558	0.36375639
10559	0.38395327
10560	0.40456533
10561	0.42578518
10562	0.44745579
10563	0.46952078
10564	0.49203208
10565	0.51477802
10566	0.53788507
10567	0.56128007
10568	0.58502048
10569	0.60907215
10570	0.63325006
10571	0.65733707
10572	0.68196672
10573	0.70642513
10574	0.73050642
10575	0.75443554
10576	0.77790964
10577	0.80079889
10578	0.82314706
10579	0.84413499
10580	0.86422008
10581	0.88298029
10582	0.90018535
10583	0.91569221
10584	0.92920232
10585	0.94070178
10586	0.94994879
10587	0.95706743
10588	0.96170092
10589	0.96412396
10590	0.96440142
10591	0.96251816
10592	0.95854425
10593	0.95253384
10594	0.94466096
10595	0.93458581
10596	0.92141277
10597	0.90721220
10598	0.89091986
10599	0.87594765
10600	0.85863823
10601	0.84043330
10602	0.82277578
10603	0.80571157
10604	0.78901321
10605	0.77284414
10606	0.75651705
10607	0.73964798
10608	0.72208375
10609	0.70440698
10610	0.68659770
10611	0.66830081
10612	0.65003979
10613	0.63137931
10614	0.61296034
10615	0.59443659
10616	0.57610983
10617	0.55777693
10618	0.53930968
10619	0.52090627
10620	0.50264645
10621	0.48437786
10622	0.46596938
10623	0.44749093
10624	0.42970678
10625	0.41119727
10626	0.39325345
10627	0.37531832
10628	0.35756391
10629	0.34002233
10630	0.32257921
10631	0.30531967
10632	0.28800210
10633	0.27124020
10634	0.25446007
10635	0.23798706
10636	0.22191755
10637	0.20621225
10638	0.19105692
10639	0.17635356
10640	0.16223896
10641	0.14844066
10642	0.13479707
10643	0.12114691
10644	0.10773350
10645	0.09469655
10646	0.08220579
10647	0.07015553
10648	0.05920245
10649	0.04913073
10650	0.03987911
10651	0.03154194
10652	0.02395500
10653	0.01713993
10654	0.01110024
10655	0.00592926
10656	0.00161263
10657	-0.00147585
10658	-0.00345387
10659	-0.00426640
10660	-0.00386363
10661	-0.00249839
10662	0.00024721
10663	0.00415331
10664	0.00906423
10665	0.01490380
10666	0.02182602
10667	0.02939861
10668	0.03784999
10669	0.04708322
10670	0.05715683
10671	0.06802095
10672	0.07964773
10673	0.09206432
10674	0.10517000
10675	0.11883816
10676	0.13312726
10677	0.14777426
10678	0.16283168
10679	0.17846976
10680	0.19465488
10681	0.21093881
10682	0.22752164
10683	0.24446940
10684	0.26185614
10685	0.27965134
10686	0.29800323
10687	0.31698939
10688	0.33623847
10689	0.35616547
10690	0.37653089
10691	0.39730209
10692	0.41876706
10693	0.44079250
10694	0.46334088
10695	0.48612747
10696	0.50921261
10697	0.53263342
10698	0.55616814
10699	0.58011389
10700	0.60428840
10701	0.62871128
10702	0.65318435
10703	0.67798382
10704	0.70261759
10705	0.72705436
10706	0.75123388
10707	0.77492160
10708	0.79804933
10709	0.82037371
10710	0.84180439
10711	0.86194706
10712	0.88076782
10713	0.89804703
10714	0.91343570
10715	0.92694134
10716	0.93827546
10717	0.94742697
10718	0.95411330
10719	0.95842379
10720	0.96042526
10721	0.96019024
10722	0.95778698
10723	0.95319754
10724	0.94662744
10725	0.93818843
10726	0.92795986
10727	0.91503990
10728	0.90072334
10729	0.88518190
10730	0.86970192
10731	0.85446179
10732	0.83572298
10733	0.81789404
10734	0.80037671
10735	0.78366345
10736	0.76750648
10737	0.75142515
10738	0.73446172
10739	0.71699792
10740	0.69973046
10741	0.68147331
10742	0.66336477
10743	0.64511991
10744	0.62637907
10745	0.60775995
10746	0.58931756
10747	0.57094723
10748	0.55256176
10749	0.53416479
10750	0.51574874
10751	0.49738431
10752	0.47906983
10753	0.46060413
10754	0.44252723
10755	0.42396864
10756	0.40579328
10757	0.38773316
10758	0.36973399
10759	0.35185781
10760	0.33409587
10761	0.31654337
10762	0.29915714
10763	0.28197616
10764	0.26486796
10765	0.24810295
10766	0.23157272
10767	0.21522909
10768	0.19931217
10769	0.18378410
10770	0.16871615
10771	0.15417448
10772	0.14012973
10773	0.12629621
10774	0.11231709
10775	0.09829932
10776	0.08441059
10777	0.07077639
10778	0.05740346
10779	0.04521574
10780	0.03398549
10781	0.02361440
10782	0.01408736
10783	0.00526587
10784	-0.00283122
10785	-0.01020487
10786	-0.01667369
10787	-0.02218843
10788	-0.02649778
10789	-0.02957176
10790	-0.03149920
10791	-0.03205425
10792	-0.03131187
10793	-0.02933662
10794	-0.02648817
10795	-0.02244722
10796	-0.01742108
10797	-0.01137698
10798	-0.00474569
10799	0.00274335
10800	0.01109799
10801	0.02020658
10802	0.03022039
10803	0.04112466
10804	0.05287959
10805	0.06535452
10806	0.07847448
10807	0.09210929
10808	0.10623412
10809	0.12076266
10810	0.13531439
10811	0.15041380
10812	0.16601558
10813	0.18164940
10814	0.19759759
10815	0.21393940
10816	0.23057204
10817	0.24772064
10818	0.26538071
10819	0.28375858
10820	0.30243501
10821	0.32192761
10822	0.34210378
10823	0.36278650
10824	0.38409129
10825	0.40592250
10826	0.42758459
10827	0.44985339
10828	0.47238404
10829	0.49525040
10830	0.51829475
10831	0.54173243
10832	0.56518900
10833	0.58884019
10834	0.61252493
10835	0.63622618
10836	0.65972811
10837	0.68329293
10838	0.70643407
10839	0.72906446
10840	0.75091475
10841	0.77252859
10842	0.79315466
10843	0.81266409
10844	0.83104014
10845	0.84806979
10846	0.86362040
10847	0.87728727
10848	0.88897943
10849	0.89855373
10850	0.90597916
10851	0.91100806
10852	0.91354287
10853	0.91367191
10854	0.91152835
10855	0.90715891
10856	0.90076375
10857	0.89240366
10858	0.88190460
10859	0.86814368
10860	0.85321903
10861	0.83639330
10862	0.82167804
10863	0.80413431
10864	0.78566903
10865	0.76788658
10866	0.75059265
10867	0.73384798
10868	0.71771377
10869	0.70163798
10870	0.68472379
10871	0.66725028
10872	0.64876133
10873	0.63105595
10874	0.61314362
10875	0.59478813
10876	0.57642972
10877	0.55796140
10878	0.53950959
10879	0.52101463
10880	0.50259036
10881	0.48415020
10882	0.46584636
10883	0.44753194
10884	0.42892599
10885	0.41077450
10886	0.39248845
10887	0.37424493
10888	0.35614336
10889	0.33818242
10890	0.32035145
10891	0.30260348
10892	0.28500468
10893	0.26752263
10894	0.25028393
10895	0.23304479
10896	0.21638136
10897	0.19969827
10898	0.18347500
10899	0.16765377
10900	0.15221980
10901	0.13731129
10902	0.12294552
10903	0.10902745
10904	0.09542490
10905	0.08199207
10906	0.06877224
10907	0.05593363
10908	0.04363484
10909	0.03177948
10910	0.02055012
10911	0.01023686
10912	0.00075828
10913	-0.00791389
10914	-0.01586452
10915	-0.02296843
10916	-0.02922526
10917	-0.03443595
10918	-0.03858538
10919	-0.04159460
10920	-0.04356040
10921	-0.04441584
10922	-0.04410898
10923	-0.04258605
10924	-0.04017561
10925	-0.03649407
10926	-0.03170420
10927	-0.02586251
10928	-0.01875221
10929	-0.01066807
10930	-0.00144008
10931	0.00887763
10932	0.02027360
10933	0.03254588
10934	0.04555046
10935	0.05908336
10936	0.07303929
10937	0.08737280
10938	0.10196256
10939	0.11691900
10940	0.13157506
10941	0.14763010
10942	0.16361341
10943	0.17997368
10944	0.19688739
10945	0.21411675
10946	0.23189463
10947	0.25019345
10948	0.26921177
10949	0.28847957
10950	0.30852997
10951	0.32929945
10952	0.35014784
10953	0.37187532
10954	0.39426371
10955	0.41723153
10956	0.44033584
10957	0.46369848
10958	0.48704103
10959	0.51111907
10960	0.53527713
10961	0.55933309
10962	0.58368480
10963	0.60826212
10964	0.63311058
10965	0.65725517
10966	0.68181533
10967	0.70600003
10968	0.72971910
10969	0.75265843
10970	0.77505177
10971	0.79642564
10972	0.81656724
10973	0.83550757
10974	0.85284579
10975	0.86878109
10976	0.88230956
10977	0.89388317
10978	0.90322292
10979	0.91040856
10980	0.91523236
10981	0.91774666
10982	0.91814709
10983	0.91639024
10984	0.91253144
10985	0.90680212
10986	0.89913619
10987	0.88908720
10988	0.87592494
10989	0.86161417
10990	0.84554899
10991	0.83095968
10992	0.81259966
10993	0.79408765
10994	0.77605456
10995	0.75891906
10996	0.74237967
10997	0.72630984
10998	0.71018010
10999	0.69248015
11000	0.67500889
11001	0.65723944
11002	0.63911474
11003	0.62110436
11004	0.60252988
11005	0.58429748
11006	0.56575686
11007	0.54727626
11008	0.52877760
11009	0.51027948
11010	0.49178961
11011	0.47333220
11012	0.45486438
11013	0.43647411
11014	0.41818944
11015	0.40022859
11016	0.38211739
11017	0.36415109
11018	0.34626982
11019	0.32844651
11020	0.31077781
11021	0.29326743
11022	0.27593890
11023	0.25878391
11024	0.24184491
11025	0.22512692
11026	0.20995966
11027	0.19247957
11028	0.17667750
11029	0.16144502
11030	0.14659153
11031	0.13227256
11032	0.11833948
11033	0.10488234
11034	0.09141463
11035	0.07809508
11036	0.06505106
11037	0.05247279
11038	0.04023169
11039	0.02875567
11040	0.01825416
11041	0.00861026
11042	-0.00018735
11043	-0.00825652
11044	-0.01564732
11045	-0.02225309
11046	-0.02798851
11047	-0.03280148
11048	-0.03658083
11049	-0.03919588
11050	-0.04057418
11051	-0.04057436
11052	-0.03930617
11053	-0.03703909
11054	-0.03337645
11055	-0.02851940
11056	-0.02263382
11057	-0.01569504
11058	-0.00779802
11059	0.00126135
11060	0.01105324
11061	0.02187887
11062	0.03351853
11063	0.04594126
11064	0.05905978
11065	0.07277666
11066	0.08684417
11067	0.10155066
11068	0.11671919
11069	0.13227962
11070	0.14799680
11071	0.16438685
11072	0.18100370
11073	0.19792680
11074	0.21518150
11075	0.23287275
11076	0.25093293
11077	0.26971138
11078	0.28877473
11079	0.30811763
11080	0.32821423
11081	0.34879738
11082	0.36965004
11083	0.39128444
11084	0.41353863
11085	0.43632615
11086	0.45940340
11087	0.48260999
11088	0.50674123
11089	0.53099179
11090	0.55525959
11091	0.57989955
11092	0.60473913
11093	0.62977654
11094	0.65488452
11095	0.68030536
11096	0.70552927
11097	0.73034108
11098	0.75493103
11099	0.77897698
11100	0.80226117
11101	0.82468355
11102	0.84579372
11103	0.86567438
11104	0.88386840
11105	0.90021330
11106	0.91448683
11107	0.92645437
11108	0.93604243
11109	0.94298923
11110	0.94751221
11111	0.94965351
11112	0.94950312
11113	0.94719762
11114	0.94269049
11115	0.93615371
11116	0.92707443
11117	0.91491234
11118	0.90094912
11119	0.88505590
11120	0.86986107
11121	0.85285544
11122	0.83403569
11123	0.81618118
11124	0.79917353
11125	0.78262866
11126	0.76668358
11127	0.75074649
11128	0.73361033
11129	0.71610582
11130	0.69882083
11131	0.68046838
11132	0.66228807
11133	0.64400649
11134	0.62539613
11135	0.60681486
11136	0.58840543
11137	0.56998599
11138	0.55156672
11139	0.53310829
11140	0.51469553
11141	0.49640527
11142	0.47816950
11143	0.45982820
11144	0.44175059
11145	0.42325196
11146	0.40507615
11147	0.38705310
11148	0.36907408
11149	0.35122991
11150	0.33333775
11151	0.31603652
11152	0.29861623
11153	0.28140935
11154	0.26439577
11155	0.24758807
11156	0.23090729
11157	0.21468803
11158	0.19880798
11159	0.18338719
11160	0.16848637
11161	0.15411757
11162	0.14025654
11163	0.12650447
11164	0.11270055
11165	0.09887551
11166	0.08530471
11167	0.07191832
11168	0.05895585
11169	0.04709889
11170	0.03612095
11171	0.02603040
11172	0.01664057
11173	0.00784552
11174	-0.00033930
11175	-0.00776133
11176	-0.01426459
11177	-0.01988547
11178	-0.02435034
11179	-0.02765585
11180	-0.02955589
11181	-0.03011863
11182	-0.02937068
11183	-0.02743308
11184	-0.02450785
11185	-0.02030073
11186	-0.01510122
11187	-0.00897573
11188	-0.00184905
11189	0.00597207
11190	0.01460047
11191	0.02411744
11192	0.03440674
11193	0.04556476
11194	0.05745047
11195	0.06995883
11196	0.08310939
11197	0.09661409
11198	0.11064716
11199	0.12509482
11200	0.13964544
11201	0.15466581
11202	0.16995250
11203	0.18569201
11204	0.20153077
11205	0.21774203
11206	0.23438714
11207	0.25148806
11208	0.26905224
11209	0.28718048
11210	0.30577505
11211	0.32495323
11212	0.34481084
11213	0.36501500
11214	0.38591301
11215	0.40719137
11216	0.42870203
11217	0.45056304
11218	0.47276261
11219	0.49532351
11220	0.51846761
11221	0.54170805
11222	0.56529647
11223	0.58901531
11224	0.61284751
11225	0.63661867
11226	0.66110015
11227	0.68509203
11228	0.70894271
11229	0.73260808
11230	0.75615430
11231	0.77902108
11232	0.80134434
11233	0.82289422
11234	0.84346914
11235	0.86283427
11236	0.88071823
11237	0.89684319
11238	0.91105187
11239	0.92302966
11240	0.93258029
11241	0.93979150
11242	0.94435620
11243	0.94655228
11244	0.94647163
11245	0.94426113
11246	0.94002205
11247	0.93387723
11248	0.92588139
11249	0.91623414
11250	0.90378410
11251	0.88979274
11252	0.87460661
11253	0.85936743
11254	0.84326673
11255	0.82422519
11256	0.80585557
11257	0.78827929
11258	0.77171677
11259	0.75555402
11260	0.73958665
11261	0.72305894
11262	0.70594996
11263	0.68856919
11264	0.67058808
11265	0.65236306
11266	0.63409442
11267	0.61546791
11268	0.59700358
11269	0.57844645
11270	0.55992419
11271	0.54128516
11272	0.52286959
11273	0.50454497
11274	0.48618215
11275	0.46795693
11276	0.44975123
11277	0.43159562
11278	0.41348574
11279	0.39543316
11280	0.37731239
11281	0.35946348
11282	0.34171894
11283	0.32409218
11284	0.30661848
11285	0.28938803
11286	0.27227181
11287	0.25534347
11288	0.23849262
11289	0.22197321
11290	0.20583205
11291	0.19008364
11292	0.17488512
11293	0.16027191
11294	0.14620858
11295	0.13268135
11296	0.11940990
11297	0.10638229
11298	0.09373698
11299	0.08150908
11300	0.06968066
11301	0.05810555
11302	0.04758138
11303	0.03801077
11304	0.02929055
11305	0.02127602
11306	0.01380098
11307	0.00680498
11308	0.00043235
11309	-0.00517628
11310	-0.00990036
11311	-0.01333195
11312	-0.01489843
11313	-0.01648152
11314	-0.01634946
11315	-0.01530064
11316	-0.01287080
11317	-0.00933259
11318	-0.00468732
11319	0.00090162
11320	0.00752962
11321	0.01489945
11322	0.02312725
11323	0.03217643
11324	0.04203055
11325	0.05254030
11326	0.06385083
11327	0.07584977
11328	0.08856858
11329	0.10193882
11330	0.11589749
11331	0.13039868
11332	0.14524642
11333	0.16048610
11334	0.17547376
11335	0.19128893
11336	0.20802781
11337	0.22446473
11338	0.24125285
11339	0.25860417
11340	0.27645534
11341	0.29488549
11342	0.31398231
11343	0.33341554
11344	0.35365868
11345	0.37456292
11346	0.39584196
11347	0.41739133
11348	0.43958247
11349	0.46198821
11350	0.48502433
11351	0.50818723
11352	0.53164476
11353	0.55536407
11354	0.57930881
11355	0.60349524
11356	0.62775308
11357	0.65187633
11358	0.67643809
11359	0.70084321
11360	0.72491860
11361	0.74873185
11362	0.77212662
11363	0.79494756
11364	0.81722748
11365	0.83849084
11366	0.85883546
11367	0.87799865
11368	0.89574438
11369	0.91202903
11370	0.92648572
11371	0.93899244
11372	0.94940549
11373	0.95759344
11374	0.96368808
11375	0.96743917
11376	0.96911657
11377	0.96873146
11378	0.96649265
11379	0.96227968
11380	0.95623165
11381	0.94847399
11382	0.93917996
11383	0.92856812
11384	0.91663629
11385	0.90255827
11386	0.88856184
11387	0.87307757
11388	0.85900360
11389	0.84144235
11390	0.82326055
11391	0.80502915
11392	0.78785008
11393	0.77131957
11394	0.75510019
11395	0.73849088
11396	0.72139901
11397	0.70381373
11398	0.68611652
11399	0.66807228
11400	0.64982355
11401	0.63118786
11402	0.61283684
11403	0.59437138
11404	0.57562405
11405	0.55724657
11406	0.53883970
11407	0.52052337
11408	0.50236177
11409	0.48388943
11410	0.46554571
11411	0.44717619
11412	0.42893207
11413	0.41064486
11414	0.39262345
11415	0.37471956
11416	0.35684025
11417	0.33947584
11418	0.32199791
11419	0.30467466
11420	0.28752664
11421	0.27058953
11422	0.25370663
11423	0.23728150
11424	0.22097678
11425	0.20514198
11426	0.18971738
11427	0.17480892
11428	0.16047621
11429	0.14663906
11430	0.13314466
11431	0.11976418
11432	0.10665409
11433	0.09374483
11434	0.08110743
11435	0.06871203
11436	0.05722314
11437	0.04666118
11438	0.03698437
11439	0.02802533
11440	0.01971554
11441	0.01204646
11442	0.00506640
11443	-0.00114772
11444	-0.00643662
11445	-0.01070615
11446	-0.01368721
11447	-0.01567301
11448	-0.01643067
11449	-0.01601714
11450	-0.01469697
11451	-0.01197071
11452	-0.00809250
11453	-0.00297428
11454	0.00301737
11455	0.00997609
11456	0.01791074
11457	0.02678706
11458	0.03649345
11459	0.04704675
11460	0.05833376
11461	0.07043363
11462	0.08312853
11463	0.09636515
11464	0.11004191
11465	0.12388911
11466	0.13802974
11467	0.15259577
11468	0.16736385
11469	0.18250801
11470	0.19775321
11471	0.21326466
11472	0.22910602
11473	0.24522747
11474	0.26173866
11475	0.27867845
11476	0.29614741
11477	0.31367549
11478	0.33182237
11479	0.35080415
11480	0.36940128
11481	0.38877025
11482	0.40876898
11483	0.42884874
11484	0.44966203
11485	0.47096097
11486	0.49285829
11487	0.51528400
11488	0.53810960
11489	0.56134439
11490	0.58488250
11491	0.60870612
11492	0.63264108
11493	0.65671760
11494	0.68085569
11495	0.70478237
11496	0.72837651
11497	0.75168556
11498	0.77440614
11499	0.79657608
11500	0.81759572
11501	0.83759588
11502	0.85626423
11503	0.87330508
11504	0.88863182
11505	0.90184778
11506	0.91291362
11507	0.92164344
11508	0.92812318
11509	0.93218547
11510	0.93381387
11511	0.93324250
11512	0.93042397
11513	0.92563772
11514	0.91886157
11515	0.90918237
11516	0.89664561
11517	0.88193953
11518	0.86531568
11519	0.85028309
11520	0.83128178
11521	0.81294453
11522	0.79534441
11523	0.77848226
11524	0.76196057
11525	0.74600118
11526	0.72978801
11527	0.71256369
11528	0.69538587
11529	0.67729986
11530	0.65931743
11531	0.64121032
11532	0.62259316
11533	0.60419971
11534	0.58549058
11535	0.56711543
11536	0.54878044
11537	0.53033185
11538	0.51186854
11539	0.49332684
11540	0.47482204
11541	0.45646071
11542	0.43821499
11543	0.41965207
11544	0.40157691
11545	0.38334751
11546	0.36517811
11547	0.34697142
11548	0.32917351
11549	0.31148720
11550	0.29411274
11551	0.27676359
11552	0.25963396
11553	0.24261391
11554	0.22587177
11555	0.20920932
11556	0.19299605
11557	0.17710632
11558	0.16162701
11559	0.14663799
11560	0.13215578
11561	0.11808514
11562	0.10423039
11563	0.09024781
11564	0.07633275
11565	0.06251089
11566	0.04895118
11567	0.03582295
11568	0.02374120
11569	0.01246297
11570	0.00198850
11571	-0.00772812
11572	-0.01678919
11573	-0.02519115
11574	-0.03274627
11575	-0.03907313
11576	-0.04507509
11577	-0.04938858
11578	-0.05247059
11579	-0.05429652
11580	-0.05503910
11581	-0.05433228
11582	-0.05234506
11583	-0.04921225
11584	-0.04493571
11585	-0.03963706
11586	-0.03324818
11587	-0.02602237
11588	-0.01791795
11589	-0.00892205
11590	0.00098355
11591	0.01160173
11592	0.02309472
11593	0.03529211
11594	0.04816813
11595	0.06155236
11596	0.07540356
11597	0.08968896
11598	0.10421076
11599	0.11902745
11600	0.13443947
11601	0.14990112
11602	0.16562617
11603	0.18158762
11604	0.19792704
11605	0.21464097
11606	0.23189113
11607	0.24966954
11608	0.26803014
11609	0.28685063
11610	0.30621609
11611	0.32644257
11612	0.34646985
11613	0.36736888
11614	0.38902158
11615	0.41095477
11616	0.43350807
11617	0.45649698
11618	0.47989225
11619	0.50368011
11620	0.52760863
11621	0.55155879
11622	0.57575101
11623	0.60009968
11624	0.62459528
11625	0.64904016
11626	0.67345899
11627	0.69776148
11628	0.72160798
11629	0.74493146
11630	0.76766419
11631	0.78961384
11632	0.81065404
11633	0.83033872
11634	0.84869725
11635	0.86542737
11636	0.88030881
11637	0.89309490
11638	0.90358764
11639	0.91178411
11640	0.91742325
11641	0.92061281
11642	0.92146713
11643	0.92001140
11644	0.91645515
11645	0.91085672
11646	0.90333116
11647	0.89400792
11648	0.88289219
11649	0.86890429
11650	0.85446584
11651	0.83853924
11652	0.82364994
11653	0.80706322
11654	0.78860807
11655	0.77075136
11656	0.75361681
11657	0.73724961
11658	0.72089130
11659	0.70457184
11660	0.68767107
11661	0.67018861
11662	0.65244979
11663	0.63427579
11664	0.61621451
11665	0.59764320
11666	0.57934183
11667	0.56086153
11668	0.54240483
11669	0.52382773
11670	0.50544411
11671	0.48702240
11672	0.46851420
11673	0.45008707
11674	0.43188429
11675	0.41314405
11676	0.39521548
11677	0.37699854
11678	0.35886431
11679	0.34062079
11680	0.32277161
11681	0.30502453
11682	0.28764203
11683	0.27016985
11684	0.25295022
11685	0.23587057
11686	0.21902911
11687	0.20225713
11688	0.18588285
11689	0.16988856
11690	0.15432458
11691	0.13922538
11692	0.12469467
11693	0.11061764
11694	0.09680873
11695	0.08297500
11696	0.06905840
11697	0.05543082
11698	0.04216373
11699	0.02932828
11700	0.01733568
11701	0.00651443
11702	-0.00330545
11703	-0.01225302
11704	-0.02043327
11705	-0.02794347
11706	-0.03480199
11707	-0.04091853
11708	-0.04586878
11709	-0.04925099
11710	-0.05349462
11711	-0.05537698
11712	-0.05609332
11713	-0.05553419
11714	-0.05404624
11715	-0.05115480
11716	-0.04716379
11717	-0.04218287
11718	-0.03623762
11719	-0.02929998
11720	-0.02155632
11721	-0.01305166
11722	-0.00369026
11723	0.00644204
11724	0.01742300
11725	0.02911183
11726	0.04157340
11727	0.05468453
11728	0.06835333
11729	0.08246142
11730	0.09704212
11731	0.11192917
11732	0.12735249
11733	0.14316621
11734	0.15945615
11735	0.17594910
11736	0.19275711
11737	0.20997517
11738	0.22762401
11739	0.24572863
11740	0.26451114
11741	0.28349665
11742	0.30324677
11743	0.32351056
11744	0.34428546
11745	0.36565074
11746	0.38755512
11747	0.40943217
11748	0.43185848
11749	0.45429665
11750	0.47734365
11751	0.50052637
11752	0.52403402
11753	0.54750627
11754	0.57131886
11755	0.59528661
11756	0.61934608
11757	0.64330435
11758	0.66724324
11759	0.69098824
11760	0.71436238
11761	0.73697805
11762	0.75908482
11763	0.78036243
11764	0.80091345
11765	0.81978643
11766	0.83736730
11767	0.85324514
11768	0.86724758
11769	0.87917012
11770	0.88897413
11771	0.89627737
11772	0.90122890
11773	0.90390736
11774	0.90434605
11775	0.90272808
11776	0.89913541
11777	0.89366323
11778	0.88642848
11779	0.87746054
11780	0.86701334
11781	0.85491633
11782	0.84062862
11783	0.82631946
11784	0.81073636
11785	0.79591221
11786	0.77815551
11787	0.76014823
11788	0.74245286
11789	0.72540820
11790	0.70901573
11791	0.69295430
11792	0.67618722
11793	0.65892375
11794	0.64132291
11795	0.62337393
11796	0.60546273
11797	0.58711380
11798	0.56878507
11799	0.55048931
11800	0.53191274
11801	0.51351792
11802	0.49515241
11803	0.47689563
11804	0.45828554
11805	0.43997088
11806	0.42138991
11807	0.40301076
11808	0.38469908
11809	0.36646891
11810	0.34827352
11811	0.33006305
11812	0.31203622
11813	0.29418132
11814	0.27649587
11815	0.25906816
11816	0.24175391
11817	0.22459191
11818	0.20755272
11819	0.19085620
11820	0.17437705
11821	0.15820932
11822	0.14236365
11823	0.12692288
11824	0.11198102
11825	0.09751535
11826	0.08355073
11827	0.06990225
11828	0.05628273
11829	0.04277501
11830	0.02930241
11831	0.01603100
11832	0.00296475
11833	-0.00909599
11834	-0.02003164
11835	-0.03003001
11836	-0.03917553
11837	-0.04760186
11838	-0.05539449
11839	-0.06250677
11840	-0.06803486
11841	-0.07432382
11842	-0.07884811
11843	-0.08220737
11844	-0.08448574
11845	-0.08544261
11846	-0.08518825
11847	-0.08388016
11848	-0.08113548
11849	-0.07718101
11850	-0.07216732
11851	-0.06600434
11852	-0.05907862
11853	-0.05119647
11854	-0.04238509
11855	-0.03272400
11856	-0.02215276
11857	-0.01076795
11858	0.00135049
11859	0.01415629
11860	0.02747384
11861	0.04124491
11862	0.05529800
11863	0.06977481
11864	0.08441158
11865	0.09952574
11866	0.11517776
11867	0.13094079
11868	0.14710525
11869	0.16359562
11870	0.18042010
11871	0.19764403
11872	0.21526316
11873	0.23350608
11874	0.25183016
11875	0.27079129
11876	0.29070565
11877	0.31036472
11878	0.33095449
11879	0.35233533
11880	0.37402090
11881	0.39600608
11882	0.41844928
11883	0.44118655
11884	0.46417984
11885	0.48759964
11886	0.51123065
11887	0.53504962
11888	0.55903476
11889	0.58317488
11890	0.60742372
11891	0.63161504
11892	0.65546167
11893	0.67954928
11894	0.70307159
11895	0.72581619
11896	0.74786097
11897	0.76902974
11898	0.78905654
11899	0.80810696
11900	0.82509023
11901	0.84036821
11902	0.85373384
11903	0.86479717
11904	0.87370813
11905	0.88032395
11906	0.88434148
11907	0.88608229
11908	0.88571697
11909	0.88320923
11910	0.87836182
11911	0.87178808
11912	0.86309791
11913	0.85115755
11914	0.83732992
11915	0.82152557
11916	0.80599797
11917	0.79008007
11918	0.77109635
11919	0.75319403
11920	0.73595351
11921	0.71939296
11922	0.70356274
11923	0.68751168
11924	0.67071432
11925	0.65322214
11926	0.63519573
11927	0.61710447
11928	0.59906316
11929	0.58089334
11930	0.56234473
11931	0.54375905
11932	0.52511740
11933	0.50653851
11934	0.48813781
11935	0.46977189
11936	0.45117959
11937	0.43289274
11938	0.41453114
11939	0.39618066
11940	0.37784094
11941	0.35962781
11942	0.34148228
11943	0.32325503
11944	0.30539036
11945	0.28745934
11946	0.26968360
11947	0.25212741
11948	0.23468556
11949	0.21744393
11950	0.20017600
11951	0.18354905
11952	0.16695516
11953	0.15078041
11954	0.13500705
11955	0.11975802
11956	0.10506639
11957	0.09098769
11958	0.07745430
11959	0.06412864
11960	0.05065937
11961	0.03715820
11962	0.02363405
11963	0.01011199
11964	-0.00271068
11965	-0.01427620
11966	-0.02493566
11967	-0.03464176
11968	-0.04354760
11969	-0.05173300
11970	-0.05959833
11971	-0.06557794
11972	-0.07136827
11973	-0.07581335
11974	-0.07907907
11975	-0.08095650
11976	-0.08140814
11977	-0.08056574
11978	-0.07840434
11979	-0.07513611
11980	-0.07097370
11981	-0.06567729
11982	-0.05942552
11983	-0.05218388
11984	-0.04420849
11985	-0.03537914
11986	-0.02571245
11987	-0.01525809
11988	-0.00395206
11989	0.00801901
11990	0.02076153
11991	0.03396128
11992	0.04752731
11993	0.06157681
11994	0.07598580
11995	0.09053170
11996	0.10564490
11997	0.12087654
11998	0.13631772
11999	0.15202145
12000	0.16800749