	C:\Users\jkuzm\OneDrive - University of Massachusetts\HRSL x UMILL-PUMA Fatigue - Fatigue\Data\F01\FR3_Metabolic1.c3d
	RCAL2
	TARGET
	ORIGINAL
ITEM	X
1	0.27693430
2	0.27762437
3	0.27843121
4	0.27932543
5	0.28012213
6	0.28115535
7	0.28200644
8	0.28308499
9	0.28433296
10	0.28572297
11	0.28735581
12	0.28914446
13	0.29109430
14	0.29327285
15	0.29548985
16	0.29748747
17	0.29897496
18	0.30001268
19	0.30095196
20	0.30212593
21	0.30371752
22	0.30548713
23	0.30717021
24	0.30852309
25	0.30945179
26	0.30989796
27	0.31009042
28	0.31010583
29	0.30990267
30	0.30972338
31	0.30947173
32	0.30914110
33	0.30859306
34	0.30790782
35	0.30698961
36	0.30596614
37	0.30478442
38	0.30354863
39	0.30237061
40	0.30127054
41	0.30036798
42	0.29972714
43	0.29946041
44	0.29962304
45	0.30037808
46	0.30179915
47	0.30383757
48	0.30640677
49	0.30942062
50	0.31272730
51	0.31600350
52	0.31879309
53	0.32245198
54	0.32544625
55	0.32822654
56	0.33086398
57	0.33335638
58	0.33574572
59	0.33795816
60	0.33999833
61	0.34175909
62	0.34332195
63	0.34462291
64	0.34568256
65	0.34650028
66	0.34707004
67	0.34694645
68	0.34689566
69	0.34643406
70	0.34587309
71	0.34560302
72	0.34580627
73	0.34226590
74	0.34078920
75	0.33889347
76	0.33822742
77	0.33531368
78	0.33232221
79	0.32905328
80	0.32549092
81	0.32169956
82	0.31755683
83	0.31329685
84	0.30884221
85	0.30422089
86	0.29971686
87	0.29541522
88	0.29133731
89	0.28753218
90	0.28421313
91	0.28135484
92	0.27906546
93	0.27737379
94	0.27608898
95	0.27502990
96	0.27414951
97	0.27327397
98	0.27250928
99	0.27193752
100	0.27167732
101	0.27163175
102	0.27095363
103	0.27044845
104	0.27001515
105	0.26989684
106	0.26860759
107	0.26678059
108	0.26507875
109	0.26347563
110	0.26180637
111	0.26050884
112	0.25981686
113	0.25949556
114	0.25946379
115	0.25973654
116	0.26005918
117	0.25948143
118	0.26051083
119	0.26057813
120	0.26086497
121	0.26096860
122	0.26093882
123	0.26088265
124	0.26088095
125	0.26187080
126	0.26162398
127	0.26197034
128	0.26265341
129	0.26346096
130	0.26415539
131	0.26453102
132	0.26569355
133	0.26666763
134	0.26775104
135	0.26893216
136	0.27016354
137	0.27138638
138	0.27280274
139	0.27439275
140	0.27621642
141	0.27826634
142	0.28061327
143	0.28335720
144	0.28643084
145	0.28981951
146	0.29339638
147	0.29686907
148	0.29994863
149	0.30258626
150	0.30509681
151	0.30795655
152	0.31126392
153	0.31478241
154	0.31827253
155	0.32148606
156	0.32408950
157	0.32600427
158	0.32724285
159	0.32790905
160	0.32812831
161	0.32793561
162	0.32735720
163	0.32643235
164	0.32556075
165	0.32390559
166	0.32152051
167	0.31927946
168	0.31674808
169	0.31428719
170	0.31184453
171	0.30957320
172	0.30763561
173	0.30615574
174	0.30532223
175	0.30526462
176	0.30595827
177	0.30736381
178	0.30930039
179	0.31165475
180	0.31420934
181	0.31667605
182	0.31884304
183	0.32155216
184	0.32380852
185	0.32600269
186	0.32818401
187	0.33033413
188	0.33252630
189	0.33465677
190	0.33667886
191	0.33858457
192	0.34034103
193	0.34189513
194	0.34327611
195	0.34445542
196	0.34541139
197	0.34563702
198	0.34597334
199	0.34592515
200	0.34574646
201	0.34569415
202	0.34507680
203	0.34268901
204	0.34105358
205	0.34019971
206	0.33755293
207	0.33451408
208	0.33124998
209	0.32783824
210	0.32418013
211	0.32049596
212	0.31663910
213	0.31261328
214	0.30857265
215	0.30398378
216	0.29969573
217	0.29549471
218	0.29167250
219	0.28829172
220	0.28548977
221	0.28340048
222	0.28216353
223	0.28186876
224	0.28239796
225	0.28351718
226	0.28483701
227	0.28609386
228	0.28710821
229	0.28785378
230	0.28849283
231	0.28909338
232	0.28994331
233	0.29059583
234	0.29033095
235	0.29034173
236	0.29026598
237	0.29039714
238	0.28899395
239	0.28721508
240	0.28528512
241	0.28336516
242	0.28145814
243	0.28039512
244	0.27983716
245	0.27972743
246	0.27965158
247	0.27976644
248	0.27998143
249	0.28027725
250	0.28019434
251	0.28123537
252	0.28151700
253	0.28113666
254	0.28086996
255	0.28086957
256	0.28130955
257	0.28129584
258	0.28159428
259	0.28188261
260	0.28225681
261	0.28271654
262	0.28342903
263	0.28347456
264	0.28449395
265	0.28527892
266	0.28615206
267	0.28713027
268	0.28813866
269	0.28911719
270	0.29035026
271	0.29161787
272	0.29309475
273	0.29473200
274	0.29656529
275	0.29860026
276	0.30090740
277	0.30338964
278	0.30586448
279	0.30814785
280	0.30999863
281	0.31160286
282	0.31326577
283	0.31521398
284	0.31731480
285	0.31932020
286	0.32104361
287	0.32234618
288	0.32330307
289	0.32387835
290	0.32411358
291	0.32406071
292	0.32370859
293	0.32340991
294	0.32297730
295	0.32226077
296	0.32135084
297	0.32020539
298	0.31884497
299	0.31721270
300	0.31542742
301	0.31347039
302	0.31153056
303	0.30962431
304	0.30792299
305	0.30659226
306	0.30573991
307	0.30550385
308	0.30594254
309	0.30695534
310	0.30850440
311	0.31043583
312	0.31250829
313	0.31438717
314	0.31694594
315	0.31886739
316	0.32040313
317	0.32184041
318	0.32308853
319	0.32417461
320	0.32513946
321	0.32598117
322	0.32661697
323	0.32699084
324	0.32712823
325	0.32700738
326	0.32660297
327	0.32594654
328	0.32493466
329	0.32360449
330	0.32167560
331	0.31964424
332	0.31739232
333	0.31422612
334	0.31154537
335	0.30889249
336	0.30581000
337	0.30303741
338	0.29930016
339	0.29547629
340	0.29270184
341	0.28855157
342	0.28485689
343	0.28116351
344	0.27689561
345	0.27379885
346	0.27033055
347	0.26682720
348	0.26343244
349	0.26033846
350	0.25749645
351	0.25508499
352	0.25306615
353	0.25157842
354	0.25055885
355	0.25005269
356	0.24991812
357	0.25002936
358	0.25014454
359	0.25022900
360	0.25020185
361	0.25005564
362	0.24990188
363	0.24992152
364	0.25019529
365	0.25076750
366	0.25061676
367	0.25018236
368	0.24954177
369	0.24938670
370	0.24797030
371	0.24608147
372	0.24422958
373	0.24232949
374	0.24089013
375	0.23891081
376	0.23815137
377	0.23774233
378	0.23759183
379	0.23772843
380	0.23801230
381	0.23852672
382	0.23920844
383	0.23936696
384	0.23891367
385	0.23985603
386	0.23974666
387	0.23972385
388	0.23966931
389	0.24013309
390	0.24034572
391	0.24081129
392	0.24140354
393	0.24206632
394	0.24311768
395	0.24378534
396	0.24417721
397	0.24538976
398	0.24640684
399	0.24746612
400	0.24862139
401	0.24981543
402	0.25104880
403	0.25244275
404	0.25400567
405	0.25573078
406	0.25767440
407	0.25982681
408	0.26218989
409	0.26478291
410	0.26747188
411	0.27015498
412	0.27247009
413	0.27439666
414	0.27614281
415	0.27821019
416	0.28073582
417	0.28333643
418	0.28585234
419	0.28802973
420	0.28973567
421	0.29097122
422	0.29168129
423	0.29208538
424	0.29217157
425	0.29203084
426	0.29170159
427	0.29111683
428	0.29029131
429	0.28914529
430	0.28773135
431	0.28605103
432	0.28412023
433	0.28203002
434	0.27985403
435	0.27755636
436	0.27534804
437	0.27327892
438	0.27147076
439	0.26998112
440	0.26904550
441	0.26869389
442	0.26903722
443	0.26996887
444	0.27143809
445	0.27330902
446	0.27543747
447	0.27759489
448	0.27952179
449	0.28193405
450	0.28370288
451	0.28547418
452	0.28716370
453	0.28875646
454	0.29027754
455	0.29168862
456	0.29293033
457	0.29402995
458	0.29493722
459	0.29566860
460	0.29618123
461	0.29644382
462	0.29642105
463	0.29573208
464	0.29511797
465	0.29422688
466	0.29321745
467	0.29233286
468	0.29037344
469	0.28833035
470	0.28719455
471	0.28479496
472	0.28214002
473	0.27932262
474	0.27719539
475	0.27398279
476	0.27080917
477	0.26765034
478	0.26436105
479	0.26018208
480	0.25750035
481	0.25388920
482	0.25002989
483	0.24656771
484	0.24335001
485	0.24054566
486	0.23826948
487	0.23652311
488	0.23537146
489	0.23481557
490	0.23473094
491	0.23494194
492	0.23522881
493	0.23544069
494	0.23541941
495	0.23530234
496	0.23514867
497	0.23516318
498	0.23549224
499	0.23599914
500	0.23577338
501	0.23530313
502	0.23471658
503	0.23458230
504	0.23286717
505	0.23073713
506	0.22875822
507	0.22684829
508	0.22478828
509	0.22267562
510	0.22213574
511	0.22179139
512	0.22169441
513	0.22194508
514	0.22233976
515	0.22275311
516	0.22231933
517	0.22351396
518	0.22382341
519	0.22393742
520	0.22360729
521	0.22365937
522	0.22368531
523	0.22399995
524	0.22432092
525	0.22465971
526	0.22516966
527	0.22538893
528	0.22655788
529	0.22717062
530	0.22775869
531	0.22851770
532	0.22941713
533	0.23034261
534	0.23133829
535	0.23238194
536	0.23344693
537	0.23477930
538	0.23629798
539	0.23796637
540	0.23981807
541	0.24192351
542	0.24417292
543	0.24651361
544	0.24875757
545	0.25065807
546	0.25209585
547	0.25338933
548	0.25487894
549	0.25688592
550	0.25916770
551	0.26144835
552	0.26357904
553	0.26538539
554	0.26674229
555	0.26769391
556	0.26809502
557	0.26824903
558	0.26812166
559	0.26783442
560	0.26731625
561	0.26657957
562	0.26560754
563	0.26450077
564	0.26308781
565	0.26150930
566	0.25982198
567	0.25805503
568	0.25621468
569	0.25439206
570	0.25275773
571	0.25133756
572	0.25033605
573	0.24990983
574	0.25016996
575	0.25114030
576	0.25279173
577	0.25496933
578	0.25759715
579	0.26049510
580	0.26353174
581	0.26654765
582	0.26929477
583	0.27190980
584	0.27395359
585	0.27699029
586	0.27944887
587	0.28188035
588	0.28426334
589	0.28650334
590	0.28857785
591	0.29051223
592	0.29225349
593	0.29382971
594	0.29524037
595	0.29649061
596	0.29728797
597	0.29784444
598	0.29824921
599	0.29853344
600	0.29856890
601	0.29872495
602	0.29794732
603	0.29704294
604	0.29588911
605	0.29555786
606	0.29339194
607	0.29137158
608	0.28929621
609	0.28720129
610	0.28506142
611	0.28289515
612	0.28045291
613	0.27794299
614	0.27530214
615	0.27260873
616	0.27004766
617	0.26762429
618	0.26543772
619	0.26390222
620	0.26292786
621	0.26245710
622	0.26254934
623	0.26304880
624	0.26371896
625	0.26425213
626	0.26452321
627	0.26452351
628	0.26435009
629	0.26416045
630	0.26411605
631	0.26437429
632	0.26474655
633	0.26440874
634	0.26391718
635	0.26336658
636	0.26348290
637	0.26209161
638	0.26020628
639	0.25830480
640	0.25643411
641	0.25461546
642	0.25329706
643	0.25256482
644	0.25242206
645	0.25204495
646	0.25222126
647	0.25246114
648	0.25278160
649	0.25245437
650	0.25271523
651	0.25392318
652	0.25428650
653	0.25340450
654	0.25353009
655	0.25343400
656	0.25398973
657	0.25413314
658	0.25440982
659	0.25462914
660	0.25524655
661	0.25618067
662	0.25644031
663	0.25639701
664	0.25755695
665	0.25826788
666	0.25911170
667	0.25997746
668	0.26092348
669	0.26178631
670	0.26292858
671	0.26419595
672	0.26564556
673	0.26724610
674	0.26904330
675	0.27107805
676	0.27331385
677	0.27572575
678	0.27808440
679	0.28010771
680	0.28170827
681	0.28311679
682	0.28477165
683	0.28660792
684	0.28846928
685	0.29000288
686	0.29106951
687	0.29171753
688	0.29194838
689	0.29171076
690	0.29128218
691	0.29069039
692	0.28996775
693	0.28912386
694	0.28812236
695	0.28689453
696	0.28547433
697	0.28378639
698	0.28193253
699	0.27993962
700	0.27787265
701	0.27585676
702	0.27392358
703	0.27221176
704	0.27078792
705	0.26975340
706	0.26917511
707	0.26919088
708	0.26984608
709	0.27105847
710	0.27272758
711	0.27479464
712	0.27694765
713	0.27881908
714	0.28138188
715	0.28338578
716	0.28523245
717	0.28685600
718	0.28833348
719	0.28969932
720	0.29092538
721	0.29199377
722	0.29288846
723	0.29358929
724	0.29405507
725	0.29431659
726	0.29434183
727	0.29411677
728	0.29338276
729	0.29247725
730	0.29147100
731	0.28983599
732	0.28825116
733	0.28740448
734	0.28375694
735	0.28250510
736	0.27998644
737	0.27736747
738	0.27451509
739	0.27154461
740	0.26948252
741	0.26594138
742	0.26303518
743	0.25998679
744	0.25703943
745	0.25383800
746	0.25053844
747	0.24706906
748	0.24389620
749	0.24093382
750	0.23840427
751	0.23638318
752	0.23491649
753	0.23407006
754	0.23380974
755	0.23405254
756	0.23461986
757	0.23525725
758	0.23577374
759	0.23598830
760	0.23589222
761	0.23556976
762	0.23530427
763	0.23527409
764	0.23556060
765	0.23607604
766	0.23573807
767	0.23538184
768	0.23484585
769	0.23464175
770	0.23324248
771	0.23148924
772	0.22929785
773	0.22752874
774	0.22552177
775	0.22372079
776	0.22294886
777	0.22253793
778	0.22246355
779	0.22262512
780	0.22293435
781	0.22291422
782	0.22346140
783	0.22395483
784	0.22433226
785	0.22443882
786	0.22424379
787	0.22415015
788	0.22413445
789	0.22509709
790	0.22468576
791	0.22509351
792	0.22543563
793	0.22611246
794	0.22691080
795	0.22751184
796	0.22809617
797	0.22882934
798	0.22967738
799	0.23061620
800	0.23160747
801	0.23268756
802	0.23374219
803	0.23499614
804	0.23653197
805	0.23819561
806	0.24010538
807	0.24222232
808	0.24457832
809	0.24708657
810	0.24971908
811	0.25222409
812	0.25440699
813	0.25603211
814	0.25731072
815	0.25869697
816	0.26058406
817	0.26291528
818	0.26536876
819	0.26784238
820	0.26999444
821	0.27174357
822	0.27302226
823	0.27391401
824	0.27452844
825	0.27478838
826	0.27478012
827	0.27441376
828	0.27366123
829	0.27249819
830	0.27089480
831	0.26896104
832	0.26684627
833	0.26453206
834	0.26224440
835	0.25996780
836	0.25794354
837	0.25618806
838	0.25486398
839	0.25404420
840	0.25393984
841	0.25457972
842	0.25594011
843	0.25791481
844	0.26041067
845	0.26313472
846	0.26617005
847	0.26922792
848	0.27211949
849	0.27474487
850	0.27688229
851	0.28028029
852	0.28297895
853	0.28573874
854	0.28838405
855	0.29091373
856	0.29321578
857	0.29529858
858	0.29720691
859	0.29886693
860	0.30025852
861	0.30096731
862	0.30173543
863	0.30212435
864	0.30252859
865	0.30312631
866	0.30485898
867	0.30153778
868	0.30082065
869	0.30043274
870	0.29846036
871	0.29608491
872	0.29414770
873	0.29063362
874	0.28723752
875	0.28367525
876	0.28005627
877	0.27630836
878	0.27257809
879	0.26805544
880	0.26382384
881	0.25965670
882	0.25569293
883	0.25211051
884	0.24905260
885	0.24651989
886	0.24456443
887	0.24327324
888	0.24261667
889	0.24243879
890	0.24253504
891	0.24269453
892	0.24280256
893	0.24275690
894	0.24267729
895	0.24258095
896	0.24262919
897	0.24288534
898	0.24345881
899	0.24422380
900	0.24427803
901	0.24386403
902	0.24340083
903	0.24284582
904	0.24195032
905	0.24072747
906	0.23798269
907	0.23576826
908	0.23363882
909	0.23196389
910	0.23096678
911	0.23037462
912	0.23017220
913	0.23012127
914	0.23045634
915	0.23083098
916	0.23135264
917	0.23159263
918	0.23190646
919	0.23202527
920	0.23199557
921	0.23190156
922	0.23205855
923	0.23208959
924	0.23231260
925	0.23262598
926	0.23305413
927	0.23369649
928	0.23426673
929	0.23478688
930	0.23550306
931	0.23628855
932	0.23714669
933	0.23815736
934	0.23923686
935	0.24023597
936	0.24146856
937	0.24280441
938	0.24421073
939	0.24583586
940	0.24765006
941	0.24972980
942	0.25205657
943	0.25462905
944	0.25738344
945	0.26009467
946	0.26251402
947	0.26459232
948	0.26653522
949	0.26871568
950	0.27140012
951	0.27431595
952	0.27715588
953	0.27974948
954	0.28188413
955	0.28355867
956	0.28492826
957	0.28580362
958	0.28653488
959	0.28708723
960	0.28740323
961	0.28752053
962	0.28735647
963	0.28690755
964	0.28615746
965	0.28517660
966	0.28396830
967	0.28264785
968	0.28126192
969	0.27994573
970	0.27879730
971	0.27790761
972	0.27740401
973	0.27744725
974	0.27818167
975	0.27954188
976	0.28151315
977	0.28397077
978	0.28675026
979	0.28970784
980	0.29255375
981	0.29537493
982	0.29813170
983	0.30066955
984	0.30311537
985	0.30543739
986	0.30771539
987	0.30982429
988	0.31185064
989	0.31363368
990	0.31527126
991	0.31668311
992	0.31788501
993	0.31888440
994	0.31930298
995	0.31989259
996	0.31999016
997	0.32029754
998	0.31966582
999	0.31870958
1000	0.32091296
1001	0.31738523
1002	0.31661749
1003	0.31553912
1004	0.31513092
1005	0.31351849
1006	0.31246400
1007	0.31075877
1008	0.30875179
1009	0.30671421
1010	0.30445528
1011	0.30205101
1012	0.29926622
1013	0.29585212
1014	0.29211250
1015	0.28795001
1016	0.28365636
1017	0.27951494
1018	0.27577558
1019	0.27266735
1020	0.27022836
1021	0.26844209
1022	0.26715538
1023	0.26618469
1024	0.26535404
1025	0.26456597
1026	0.26370302
1027	0.26271001
1028	0.26168147
1029	0.26066124
1030	0.25986522
1031	0.25942400
1032	0.25943238
1033	0.25997514
1034	0.26029760
1035	0.25990853
1036	0.25930765
1037	0.25908703
1038	0.25827873
1039	0.25667095
1040	0.25464895
1041	0.25243810
1042	0.25029051
1043	0.24834052
1044	0.24698688
1045	0.24621060
1046	0.24591953
1047	0.24514864
1048	0.24598522
1049	0.24636623
1050	0.24678253
1051	0.24728139
1052	0.24764025
1053	0.24779357
1054	0.24782576
1055	0.24781071
1056	0.24777758
1057	0.24804267
1058	0.24823298
1059	0.24848919
1060	0.24873473
1061	0.24967764
1062	0.25011426
1063	0.25036177
1064	0.25140321
1065	0.25225270
1066	0.25318885
1067	0.25426278
1068	0.25538307
1069	0.25647131
1070	0.25777388
1071	0.25921386
1072	0.26074430
1073	0.26243675
1074	0.26431993
1075	0.26652110
1076	0.26900995
1077	0.27189294
1078	0.27520457
1079	0.27872986
1080	0.28219175
1081	0.28525457
1082	0.28781164
1083	0.29021516
1084	0.29269272
1085	0.29525831
1086	0.29753506
1087	0.29947230
1088	0.30080599
1089	0.30159447
1090	0.30191737
1091	0.30191743
1092	0.30160159
1093	0.30110711
1094	0.30037302
1095	0.29935685
1096	0.29802352
1097	0.29633036
1098	0.29429924
1099	0.29198056
1100	0.28944263
1101	0.28682485
1102	0.28421453
1103	0.28179279
1104	0.27960640
1105	0.27783337
1106	0.27655637
1107	0.27597275
1108	0.27607572
1109	0.27680442
1110	0.27804971
1111	0.27962232
1112	0.28134573
1113	0.28293702
1114	0.28464940
1115	0.28612310
1116	0.28733107
1117	0.28832701
1118	0.28916237
1119	0.28994772
1120	0.29071203
1121	0.29132387
1122	0.29178742
1123	0.29207101
1124	0.29217449
1125	0.29203755
1126	0.29135680
1127	0.29054278
1128	0.28896850
1129	0.28858989
1130	0.28742385
1131	0.28581518
1132	0.28387529
1133	0.28195101
1134	0.27939716
1135	0.27574861
1136	0.27273133
1137	0.26939178
1138	0.26657134
1139	0.26289344
1140	0.25924927
1141	0.25568712
1142	0.25198570
1143	0.24836807
1144	0.24475500
1145	0.24096422
1146	0.23721205
1147	0.23351116
1148	0.23006193
1149	0.22702023
1150	0.22443433
1151	0.22219004
1152	0.22031987
1153	0.21882875
1154	0.21774633
1155	0.21698965
1156	0.21651953
1157	0.21617416
1158	0.21583275
1159	0.21538815
1160	0.21506190
1161	0.21486112
1162	0.21483909
1163	0.21520977
1164	0.21595050
1165	0.21710871
1166	0.21680352
1167	0.21613681
1168	0.21524718
1169	0.21449955
1170	0.21280207
1171	0.21061879
1172	0.20826760
1173	0.20508963
1174	0.20314370
1175	0.20143734
1176	0.20032500
1177	0.19952373
1178	0.19923767
1179	0.19914983
1180	0.19969803
1181	0.20002462
1182	0.20046334
1183	0.20084840
1184	0.20103186
1185	0.20105709
1186	0.20100826
1187	0.20096317
1188	0.20135188
1189	0.20130192
1190	0.20151372
1191	0.20199776
1192	0.20256653
1193	0.20339464
1194	0.20408921
1195	0.20480141
1196	0.20572376
1197	0.20673896
1198	0.20790195
1199	0.20914876
1200	0.21034835
1201	0.21184863
1202	0.21343437
1203	0.21519874
1204	0.21717721
1205	0.21939652
1206	0.22189432
1207	0.22466536
1208	0.22773428
1209	0.23096395
1210	0.23428406
1211	0.23747115
1212	0.24022496
1213	0.24257487
1214	0.24488041
1215	0.24753128
1216	0.25056902
1217	0.25369912
1218	0.25672400
1219	0.25943547
1220	0.26161617
1221	0.26336437
1222	0.26462224
1223	0.26547006
1224	0.26592410
1225	0.26599270
1226	0.26565862
1227	0.26488066
1228	0.26375732
1229	0.26226994
1230	0.26042992
1231	0.25835946
1232	0.25611860
1233	0.25380126
1234	0.25148112
1235	0.24929047
1236	0.24738961
1237	0.24593376
1238	0.24503237
1239	0.24480920
1240	0.24528886
1241	0.24637409
1242	0.24792761
1243	0.24979073
1244	0.25158167
1245	0.25390163
1246	0.25592220
1247	0.25771514
1248	0.25931913
1249	0.26084998
1250	0.26228353
1251	0.26369923
1252	0.26509595
1253	0.26642543
1254	0.26766372
1255	0.26871863
1256	0.26962790
1257	0.27035400
1258	0.27085775
1259	0.27106529
1260	0.27061543
1261	0.27019244
1262	0.26981252
1263	0.26888880
1264	0.26687455
1265	0.26640868
1266	0.26475346
1267	0.26251137
1268	0.25964534
1269	0.25610337
1270	0.25397465
1271	0.25091639
1272	0.24801530
1273	0.24535228
1274	0.24276811
1275	0.24025156
1276	0.23723176
1277	0.23641749
1278	0.23352703
1279	0.23142232
1280	0.22950657
1281	0.22807582
1282	0.22714970
1283	0.22670770
1284	0.22679742
1285	0.22732238
1286	0.22834466
1287	0.22959064
1288	0.23096189
1289	0.23228735
1290	0.23339419
1291	0.23423155
1292	0.23484060
1293	0.23540372
1294	0.23601249
1295	0.23678420
1296	0.23774703
1297	0.23802947
1298	0.23766385
1299	0.23721360
1300	0.23696670
1301	0.23689653
1302	0.23443834
1303	0.23270762
1304	0.23067802
1305	0.22869857
1306	0.22695467
1307	0.22599691
1308	0.22533320
1309	0.22481564
1310	0.22518970
1311	0.22551030
1312	0.22601515
1313	0.22645277
1314	0.22702883
1315	0.22740600
1316	0.22764994
1317	0.22771651
1318	0.22770002
1319	0.22771943
1320	0.22800995
1321	0.22839212
1322	0.22882807
1323	0.22923839
1324	0.22986437
1325	0.23064038
1326	0.23128374
1327	0.23189753
1328	0.23271242
1329	0.23359670
1330	0.23456860
1331	0.23564136
1332	0.23677509
1333	0.23795764
1334	0.23943606
1335	0.24111870
1336	0.24308883
1337	0.24533646
1338	0.24781518
1339	0.25050792
1340	0.25339919
1341	0.25639492
1342	0.25913858
1343	0.26147282
1344	0.26355767
1345	0.26589984
1346	0.26877445
1347	0.27205223
1348	0.27547073
1349	0.27871650
1350	0.28137466
1351	0.28342384
1352	0.28497410
1353	0.28599736
1354	0.28679818
1355	0.28728187
1356	0.28748727
1357	0.28737518
1358	0.28691450
1359	0.28607187
1360	0.28489664
1361	0.28348342
1362	0.28197536
1363	0.28043190
1364	0.27900451
1365	0.27772516
1366	0.27665257
1367	0.27578422
1368	0.27514219
1369	0.27477369
1370	0.27466542
1371	0.27493683
1372	0.27565476
1373	0.27698180
1374	0.27888113
1375	0.28127477
1376	0.28400308
1377	0.28668305
1378	0.29004887
1379	0.29322240
1380	0.29628170
1381	0.29920968
1382	0.30202809
1383	0.30476591
1384	0.30736905
1385	0.30991319
1386	0.31232244
1387	0.31455451
1388	0.31662685
1389	0.31849447
1390	0.32019982
1391	0.32162043
1392	0.32276177
1393	0.32357037
1394	0.32362232
1395	0.32479545
1396	0.32365200
1397	0.32394147
1398	0.32318670
1399	0.32280585
1400	0.32053006
1401	0.31765506
1402	0.31574515
1403	0.31319755
1404	0.31103626
1405	0.30772635
1406	0.30520007
1407	0.30110109
1408	0.29737338
1409	0.29327577
1410	0.28894442
1411	0.28488770
1412	0.28073099
1413	0.27645606
1414	0.27284402
1415	0.26959738
1416	0.26685011
1417	0.26475990
1418	0.26332927
1419	0.26254326
1420	0.26240176
1421	0.26272607
1422	0.26322067
1423	0.26371145
1424	0.26398194
1425	0.26397985
1426	0.26389635
1427	0.26382709
1428	0.26396942
1429	0.26454353
1430	0.26523095
1431	0.26494750
1432	0.26471940
1433	0.26425353
1434	0.26422390
1435	0.26301631
1436	0.26155841
1437	0.25972575
1438	0.25775701
1439	0.25588146
1440	0.25447226
1441	0.25370026
1442	0.25339845
1443	0.25343838
1444	0.25351965
1445	0.25338209
1446	0.25357440
1447	0.25387391
1448	0.25427297
1449	0.25453714
1450	0.25468460
1451	0.25469509
1452	0.25464654
1453	0.25457832
1454	0.25477979
1455	0.25498760
1456	0.25535017
1457	0.25567687
1458	0.25605187
1459	0.25664812
1460	0.25724491
1461	0.25779709
1462	0.25844404
1463	0.25919431
1464	0.26001164
1465	0.26094627
1466	0.26192734
1467	0.26282763
1468	0.26395041
1469	0.26523361
1470	0.26662108
1471	0.26819965
1472	0.26992092
1473	0.27185839
1474	0.27398413
1475	0.27621716
1476	0.27838507
1477	0.28023896
1478	0.28157127
1479	0.28278044
1480	0.28422341
1481	0.28630912
1482	0.28880614
1483	0.29143777
1484	0.29379985
1485	0.29585761
1486	0.29735297
1487	0.29836917
1488	0.29891086
1489	0.29906148
1490	0.29885274
1491	0.29838875
1492	0.29759669
1493	0.29635587
1494	0.29513869
1495	0.29336059
1496	0.29131800
1497	0.28902227
1498	0.28654170
1499	0.28396764
1500	0.28145707
1501	0.27910972
1502	0.27707025
1503	0.27553856
1504	0.27463505
1505	0.27450320
1506	0.27512652
1507	0.27643830
1508	0.27827528
1509	0.28046113
1510	0.28271690
1511	0.28545481
1512	0.28784728
1513	0.28976744
1514	0.29166332
1515	0.29328689
1516	0.29478952
1517	0.29624587
1518	0.29763588
1519	0.29895198
1520	0.30016270
1521	0.30128214
1522	0.30225590
1523	0.30302820
1524	0.30372640
1525	0.30416670
1526	0.30397075
1527	0.30389738
1528	0.30390227
1529	0.30344984
1530	0.30186948
1531	0.30323505
1532	0.30094224
1533	0.29967335
1534	0.29730853
1535	0.29540983
1536	0.29422158
1537	0.29100731
1538	0.28780538
1539	0.28427538
1540	0.28126925
1541	0.27668369
1542	0.27223670
1543	0.26772141
1544	0.26290166
1545	0.25838292
1546	0.25412565
1547	0.25003669
1548	0.24642402
1549	0.24333270
1550	0.24078605
1551	0.23892532
1552	0.23765494
1553	0.23702198
1554	0.23677495
1555	0.23679383
1556	0.23688179
1557	0.23715746
1558	0.23760664
1559	0.23831759
1560	0.23939259
1561	0.24084163
1562	0.24143462
1563	0.24151111
1564	0.24146503
1565	0.24136315
1566	0.24045327
1567	0.23875791
1568	0.23628001
1569	0.23419550
1570	0.23209305
1571	0.23031400
1572	0.22939892
1573	0.22896941
1574	0.22797622
1575	0.22886227
1576	0.22923023
1577	0.22981894
1578	0.23037924
1579	0.23055510
1580	0.23093542
1581	0.23113400
1582	0.23115267
1583	0.23101440
1584	0.23098449
1585	0.23098095
1586	0.23133603
1587	0.23155287
1588	0.23174661
1589	0.23231736
1590	0.23299605
1591	0.23350576
1592	0.23402852
1593	0.23471048
1594	0.23552436
1595	0.23639901
1596	0.23744042
1597	0.23756225
1598	0.23945583
1599	0.24072768
1600	0.24210861
1601	0.24357171
1602	0.24531238
1603	0.24722658
1604	0.24940915
1605	0.25188205
1606	0.25455049
1607	0.25726837
1608	0.25987226
1609	0.26212674
1610	0.26384187
1611	0.26525661
1612	0.26682934
1613	0.26869348
1614	0.27036357
1615	0.27182761
1616	0.27289194
1617	0.27363127
1618	0.27401191
1619	0.27412257
1620	0.27398556
1621	0.27364349
1622	0.27301323
1623	0.27211893
1624	0.27087846
1625	0.26917440
1626	0.26711017
1627	0.26469707
1628	0.26202101
1629	0.25920868
1630	0.25640309
1631	0.25368172
1632	0.25116217
1633	0.24891734
1634	0.24712735
1635	0.24590527
1636	0.24525002
1637	0.24534436
1638	0.24605928
1639	0.24734104
1640	0.24900675
1641	0.25065845
1642	0.25200176
1643	0.25448161
1644	0.25614637
1645	0.25753114
1646	0.25876525
1647	0.25985089
1648	0.26085347
1649	0.26142284
1650	0.26212114
1651	0.26297724
1652	0.26333258
1653	0.26343042
1654	0.26304239
1655	0.26317772
1656	0.26231414
1657	0.26153070
1658	0.26070735
1659	0.25947475
1660	0.25811344
1661	0.25653669
1662	0.25497434
1663	0.25294596
1664	0.25058466
1665	0.24801463
1666	0.24553555
1667	0.24220306
1668	0.23940299
1669	0.23630920
1670	0.23313665
1671	0.22995175
1672	0.22650918
1673	0.22296523
1674	0.21966524
1675	0.21714893
1676	0.21385527
1677	0.21105246
1678	0.20858951
1679	0.20656516
1680	0.20493002
1681	0.20370091
1682	0.20277227
1683	0.20219134
1684	0.20173115
1685	0.20125104
1686	0.20076162
1687	0.20017895
1688	0.19959429
1689	0.19913249
1690	0.19888522
1691	0.19894570
1692	0.19929713
1693	0.20039843
1694	0.20085610
1695	0.19983746
1696	0.19901095
1697	0.19835743
1698	0.19705926
1699	0.19517098
1700	0.19287293
1701	0.18982096
1702	0.18742718
1703	0.18524331
1704	0.18384069
1705	0.18312918
1706	0.18292585
1707	0.18319635
1708	0.18368126
1709	0.18432757
1710	0.18479979
1711	0.18529335
1712	0.18571784
1713	0.18592770
1714	0.18592405
1715	0.18584338
1716	0.18575959
1717	0.18669556
1718	0.18620944
1719	0.18613495
1720	0.18680015
1721	0.18738268
1722	0.18816151
1723	0.18883136
1724	0.18949857
1725	0.19034950
1726	0.19132377
1727	0.19242324
1728	0.19354412
1729	0.19464763
1730	0.19604066
1731	0.19760445
1732	0.19939278
1733	0.20138365
1734	0.20370635
1735	0.20633313
1736	0.20921481
1737	0.21242829
1738	0.21593694
1739	0.21957509
1740	0.22310819
1741	0.22626486
1742	0.22905472
1743	0.23182559
1744	0.23492977
1745	0.23836431
1746	0.24177100
1747	0.24492911
1748	0.24764206
1749	0.24976946
1750	0.25139210
1751	0.25249782
1752	0.25321868
1753	0.25344533
1754	0.25329724
1755	0.25267947
1756	0.25167969
1757	0.25024408
1758	0.24845855
1759	0.24640690
1760	0.24415222
1761	0.24171391
1762	0.23925239
1763	0.23687679
1764	0.23463078
1765	0.23266082
1766	0.23115593
1767	0.23031217
1768	0.23023137
1769	0.23114234
1770	0.23281763
1771	0.23515280
1772	0.23797745
1773	0.24119174
1774	0.24460249
1775	0.24806966
1776	0.25153443
1777	0.25446400
1778	0.25861627
1779	0.26225930
1780	0.26586065
1781	0.26942584
1782	0.27284998
1783	0.27602246
1784	0.27892080
1785	0.28156802
1786	0.28384131
1787	0.28568977
1788	0.28722546
1789	0.28838336
1790	0.28872457
1791	0.28922638
1792	0.28978562
1793	0.28985021
1794	0.29004332
1795	0.29063585
1796	0.28819031
1797	0.28622237
1798	0.28460559
1799	0.28351194
1800	0.28055006
1801	0.27765429
1802	0.27446416
1803	0.27117988
1804	0.26862612
1805	0.26443094
1806	0.26072714
1807	0.25670812
1808	0.25234920
1809	0.24824366
1810	0.24397479
1811	0.24002124
1812	0.23653895
1813	0.23379861
1814	0.23187506
1815	0.23073547
1816	0.23043813
1817	0.23091657
1818	0.23193456
1819	0.23325925
1820	0.23463951
1821	0.23594463
1822	0.23710443
1823	0.23812810
1824	0.23922996
1825	0.24050207
1826	0.24205747
1827	0.24333479
1828	0.24337892
1829	0.24349454
1830	0.24338871
1831	0.24330853
1832	0.24165608
1833	0.23988132
1834	0.23769470
1835	0.23547161
1836	0.23353727
1837	0.23207979
1838	0.23124574
1839	0.22987635
1840	0.23056182
1841	0.23066826
1842	0.23090212
1843	0.23105580
1844	0.23165475
1845	0.23201653
1846	0.23225270
1847	0.23230375
1848	0.23219745
1849	0.23206069
1850	0.23210461
1851	0.23214866
1852	0.23213108
1853	0.23257448
1854	0.23340081
1855	0.23344673
1856	0.23381582
1857	0.23437533
1858	0.23499742
1859	0.23569994
1860	0.23653060
1861	0.23743193
1862	0.23824179
1863	0.23923539
1864	0.24028943
1865	0.24158239
1866	0.24287803
1867	0.24432750
1868	0.24577282
1869	0.24756403
1870	0.24952872
1871	0.25168291
1872	0.25377873
1873	0.25569755
1874	0.25719076
1875	0.25834396
1876	0.25949863
1877	0.26090458
1878	0.26272437
1879	0.26459938
1880	0.26630482
1881	0.26774052
1882	0.26869836
1883	0.26936671
1884	0.26971799
1885	0.26983178
1886	0.26992959
1887	0.26989490
1888	0.26973537
1889	0.26942125
1890	0.26886177
1891	0.26799208
1892	0.26685423
1893	0.26540425
1894	0.26371136
1895	0.26183003
1896	0.25991240
1897	0.25811377
1898	0.25662535
1899	0.25553611
1900	0.25519285
1901	0.25558558
1902	0.25682020
1903	0.25876239
1904	0.26128533
1905	0.26427722
1906	0.26755357
1907	0.27082187
1908	0.27378243
1909	0.27719387
1910	0.27977282
1911	0.28240559
1912	0.28491461
1913	0.28740090
1914	0.28975770
1915	0.29203978
1916	0.29400596
1917	0.29573417
1918	0.29714605
1919	0.29827145
1920	0.29911309
1921	0.29940504
1922	0.29987979
1923	0.29933244
1924	0.29880801
1925	0.29804945
1926	0.29683322
1927	0.29647058
1928	0.29252556
1929	0.29179147
1930	0.28893507
1931	0.28643483
1932	0.28465307
1933	0.28132135
1934	0.27817443
1935	0.27495429
1936	0.27179101
1937	0.26921844
1938	0.26552641
1939	0.26207751
1940	0.25827947
1941	0.25474182
1942	0.25138789
1943	0.24822323
1944	0.24556790
1945	0.24348935
1946	0.24203479
1947	0.24127227
1948	0.24106987
1949	0.24135044
1950	0.24195659
1951	0.24266282
1952	0.24327765
1953	0.24361180
1954	0.24381709
1955	0.24391589
1956	0.24404824
1957	0.24448401
1958	0.24523626
1959	0.24559695
1960	0.24535444
1961	0.24510036
1962	0.24495719
1963	0.24476010
1964	0.24354586
1965	0.24129529
1966	0.23931913
1967	0.23733701
1968	0.23556016
1969	0.23430499
1970	0.23347741
1971	0.23288807
1972	0.23215860
1973	0.23256406
1974	0.23290192
1975	0.23325823
1976	0.23349179
1977	0.23373534
1978	0.23380141
1979	0.23371542
1980	0.23359594
1981	0.23345594
1982	0.23342465
1983	0.23371413
1984	0.23399928
1985	0.23438779
1986	0.23491907
1987	0.23571905
1988	0.23619358
1989	0.23669949
1990	0.23726064
1991	0.23797065
1992	0.23876393
1993	0.23964292
1994	0.24061516
1995	0.24146998
1996	0.24253330
1997	0.24364957
1998	0.24484062
1999	0.24615309
2000	0.24759533
2001	0.24912809
2002	0.25065681
2003	0.25207198
2004	0.25323892
2005	0.25400853
2006	0.25472319
2007	0.25436673
2008	0.25428745
2009	0.25457013
2010	0.25513658
2011	0.25578693
2012	0.25640646
2013	0.25685886
2014	0.25714806
2015	0.25739658
2016	0.25785184
2017	0.25778231
2018	0.25805271
2019	0.25836307
2020	0.25865030
2021	0.25882009
2022	0.25882462
2023	0.25856349
2024	0.25799292
2025	0.25713676
2026	0.25601625
2027	0.25469017
2028	0.25329804
2029	0.25195265
2030	0.25079554
2031	0.24994469
2032	0.24963433
2033	0.24986868
2034	0.25077903
2035	0.25230637
2036	0.25439647
2037	0.25687492
2038	0.25964779
2039	0.26247519
2040	0.26513651
2041	0.26745996
2042	0.26984921
2043	0.27175489
2044	0.27329287
2045	0.27485272
2046	0.27631977
2047	0.27763444
2048	0.27883443
2049	0.27986741
2050	0.28072962
2051	0.28149807
2052	0.28210795
2053	0.28254107
2054	0.28242096
2055	0.28270051
2056	0.28221133
2057	0.28163800
2058	0.28109312
2059	0.28031009
2060	0.27913371
2061	0.27816036
2062	0.27615625
2063	0.27354157
2064	0.27169845
2065	0.27069253
2066	0.26860461
2067	0.26682627
2068	0.26516634
2069	0.26368529
2070	0.26329732
2071	0.26115960
2072	0.26054204
2073	0.25957415
2074	0.25864646
2075	0.25793624
2076	0.25750831
2077	0.25747317
2078	0.25786573
2079	0.25865293
2080	0.25992239
2081	0.26160002
2082	0.26353636
2083	0.26561391
2084	0.26763207
2085	0.26945066
2086	0.27103093
2087	0.27245453
2088	0.27391511
2089	0.27552995
2090	0.27687001
2091	0.27697134
2092	0.27697805
2093	0.27689424
2094	0.27703774
2095	0.27600682
2096	0.27422383
2097	0.27222943
2098	0.27019390
2099	0.26824147
2100	0.26705721
2101	0.26622492
2102	0.26562139
2103	0.26544881
2104	0.26560649
2105	0.26605359
2106	0.26691005
2107	0.26719657
2108	0.26771361
2109	0.26708072
2110	0.26740637
2111	0.26736328
2112	0.26730841
2113	0.26726127
2114	0.26785150
2115	0.26781142
2116	0.26814198
2117	0.26839882
2118	0.26905441
2119	0.26994416
2120	0.27039307
2121	0.27085206
2122	0.27170587
2123	0.27254659
2124	0.27344793
2125	0.27443671
2126	0.27550480
2127	0.27652657
2128	0.27780938
2129	0.27924192
2130	0.28083646
2131	0.28259155
2132	0.28463432
2133	0.28688231
2134	0.28943616
2135	0.29226923
2136	0.29519582
2137	0.29793438
2138	0.30027109
2139	0.30210885
2140	0.30396223
2141	0.30613208
2142	0.30859277
2143	0.31092870
2144	0.31307521
2145	0.31479067
2146	0.31607088
2147	0.31689385
2148	0.31732643
2149	0.31738144
2150	0.31715482
2151	0.31664354
2152	0.31587327
2153	0.31485316
2154	0.31355628
2155	0.31194916
2156	0.31010082
2157	0.30804595
2158	0.30583885
2159	0.30349466
2160	0.30111372
2161	0.29878268
2162	0.29662982
2163	0.29471537
2164	0.29323214
2165	0.29233104
2166	0.29219398
2167	0.29280627
2168	0.29413208
2169	0.29602271
2170	0.29829928
2171	0.30076587
2172	0.30341503
2173	0.30590940
2174	0.30768409
2175	0.31085658
2176	0.31318453
2177	0.31547272
2178	0.31775725
2179	0.32003957
2180	0.32223779
2181	0.32436490
2182	0.32638821
2183	0.32824928
2184	0.32997772
2185	0.33150220
2186	0.33279341
2187	0.33383068
2188	0.33410823
2189	0.33451137
2190	0.33444118
2191	0.33426985
2192	0.33438140
2193	0.33385444
2194	0.33142537
2195	0.33007064
2196	0.32902530
2197	0.32710731
2198	0.32412076
2199	0.32085383
2200	0.31731558
2201	0.31352904
2202	0.30949876
2203	0.30530816
2204	0.30086556
2205	0.29632223
2206	0.29130238
2207	0.28587061
2208	0.28076321
2209	0.27587935
2210	0.27135125
2211	0.26733032
2212	0.26394862
2213	0.26124710
2214	0.25921538
2215	0.25779429
2216	0.25683272
2217	0.25607169
2218	0.25526834
2219	0.25446072
2220	0.25360411
2221	0.25277451
2222	0.25219303
2223	0.25193772
2224	0.25207070
2225	0.25206819
2226	0.25128821
2227	0.25047189
2228	0.24994811
2229	0.24934600
2230	0.24737586
2231	0.24516106
2232	0.24263059
2233	0.24056491
2234	0.23851864
2235	0.23736022
2236	0.23692036
2237	0.23682803
2238	0.23704965
2239	0.23738393
2240	0.23719695
2241	0.23777367
2242	0.23818524
2243	0.23823871
2244	0.23846449
2245	0.23845735
2246	0.23833187
2247	0.23815390
2248	0.23811266
2249	0.23836775
2250	0.23862076
2251	0.23888306
2252	0.23928589
2253	0.23975989
2254	0.24052790
2255	0.24108535
2256	0.24167682
2257	0.24241671
2258	0.24329944
2259	0.24421753
2260	0.24522544
2261	0.24632375
2262	0.24736786
2263	0.24872041
2264	0.25015542
2265	0.25177723
2266	0.25368604
2267	0.25580987
2268	0.25822008
2269	0.26087636
2270	0.26371211
2271	0.26654607
2272	0.26897502
2273	0.27096421
2274	0.27262735
2275	0.27440909
2276	0.27649555
2277	0.27872330
2278	0.28088066
2279	0.28281435
2280	0.28439882
2281	0.28563511
2282	0.28675094
2283	0.28727990
2284	0.28781921
2285	0.28822112
2286	0.28853154
2287	0.28863701
2288	0.28848240
2289	0.28798279
2290	0.28719354
2291	0.28605756
2292	0.28466293
2293	0.28311431
2294	0.28141370
2295	0.27972737
2296	0.27816859
2297	0.27688101
2298	0.27605689
2299	0.27582997
2300	0.27633414
2301	0.27752915
2302	0.27933180
2303	0.28166610
2304	0.28435406
2305	0.28722459
2306	0.28988275
2307	0.29190865
2308	0.29505304
2309	0.29727978
2310	0.29929233
2311	0.30118906
2312	0.30297318
2313	0.30462310
2314	0.30610779
2315	0.30732325
2316	0.30832061
2317	0.30900776
2318	0.30944231
2319	0.30928883
2320	0.30951211
2321	0.30875635
2322	0.30797499
2323	0.30686873
2324	0.30552864
2325	0.30350786
2326	0.30141249
2327	0.30019468
2328	0.29750809
2329	0.29506734
2330	0.29232612
2331	0.29013655
2332	0.28703535
2333	0.28400195
2334	0.28093502
2335	0.27836889
2336	0.27537006
2337	0.27223536
2338	0.26898178
2339	0.26589766
2340	0.26286033
2341	0.25987381
2342	0.25733548
2343	0.25531277
2344	0.25383741
2345	0.25290677
2346	0.25246328
2347	0.25248754
2348	0.25294560
2349	0.25359425
2350	0.25428972
2351	0.25490558
2352	0.25531211
2353	0.25557873
2354	0.25572938
2355	0.25602543
2356	0.25656962
2357	0.25739148
2358	0.25767797
2359	0.25731045
2360	0.25677419
2361	0.25656849
2362	0.25580603
2363	0.25384399
2364	0.25206643
2365	0.24972239
2366	0.24741305
2367	0.24534644
2368	0.24391091
2369	0.24313562
2370	0.24271074
2371	0.24211636
2372	0.24283847
2373	0.24334808
2374	0.24379486
2375	0.24429758
2376	0.24457170
2377	0.24490556
2378	0.24489993
2379	0.24482761
2380	0.24473833
2381	0.24472648
2382	0.24512030
2383	0.24552490
2384	0.24592026
2385	0.24643645
2386	0.24725075
2387	0.24785750
2388	0.24845715
2389	0.24921630
2390	0.25006709
2391	0.25097495
2392	0.25200775
2393	0.25310636
2394	0.25417465
2395	0.25545931
2396	0.25691637
2397	0.25859109
2398	0.26044753
2399	0.26256302
2400	0.26496536
2401	0.26759890
2402	0.27055982
2403	0.27367508
2404	0.27671766
2405	0.27942789
2406	0.28164703
2407	0.28358364
2408	0.28585851
2409	0.28857002
2410	0.29135081
2411	0.29406297
2412	0.29643634
2413	0.29840329
2414	0.29990914
2415	0.30106834
2416	0.30187598
2417	0.30228752
2418	0.30226985
2419	0.30204383
2420	0.30150393
2421	0.30049267
2422	0.29904059
2423	0.29730463
2424	0.29520750
2425	0.29291236
2426	0.29050136
2427	0.28800175
2428	0.28560475
2429	0.28335196
2430	0.28133637
2431	0.27973962
2432	0.27871963
2433	0.27845165
2434	0.27897820
2435	0.28023615
2436	0.28208199
2437	0.28436762
2438	0.28685111
2439	0.28951061
2440	0.29203662
2441	0.29393822
2442	0.29685843
2443	0.29912853
2444	0.30126670
2445	0.30337694
2446	0.30545560
2447	0.30744305
2448	0.30936939
2449	0.31119624
2450	0.31288108
2451	0.31410956
2452	0.31582001
2453	0.31701213
2454	0.31752986
2455	0.31966382
2456	0.31881601
2457	0.31742966
2458	0.31984487
2459	0.31873372
2460	0.31826138
2461	0.31654125
2462	0.31506807
2463	0.31427076
2464	0.31166130
2465	0.30998904
2466	0.30676818
2467	0.30400231
2468	0.30094925
2469	0.29764494
2470	0.29456478
2471	0.29091844
2472	0.28732264
2473	0.28378335
2474	0.28035241
2475	0.27738011
2476	0.27495921
2477	0.27325141
2478	0.27225339
2479	0.27203622
2480	0.27250686
2481	0.27350906
2482	0.27478912
2483	0.27613309
2484	0.27735227
2485	0.27835080
2486	0.27923933
2487	0.28010079
2488	0.28109279
2489	0.28235701
2490	0.28391978
2491	0.28495878
2492	0.28488743
2493	0.28477898
2494	0.28460750
2495	0.28443000
2496	0.28287500
2497	0.28111714
2498	0.27948958
2499	0.27725413
2500	0.27537107
2501	0.27407968
2502	0.27344233
2503	0.27319688
2504	0.27323660
2505	0.27346426
2506	0.27381107
2507	0.27362978
2508	0.27413541
2509	0.27455711
2510	0.27481917
2511	0.27487776
2512	0.27486926
2513	0.27476513
2514	0.27492571
2515	0.27506617
2516	0.27532095
2517	0.27572885
2518	0.27619332
2519	0.27686888
2520	0.27679050
2521	0.27798405
2522	0.27865398
2523	0.27947897
2524	0.28036052
2525	0.28134525
2526	0.28239888
2527	0.28338993
2528	0.28458387
2529	0.28587410
2530	0.28734049
2531	0.28896645
2532	0.29077095
2533	0.29277283
2534	0.29504946
2535	0.29758596
2536	0.30025661
2537	0.30271471
2538	0.30468145
2539	0.30623916
2540	0.30775458
2541	0.30960271
2542	0.31177050
2543	0.31398466
2544	0.31610611
2545	0.31779605
2546	0.31901851
2547	0.31969762
2548	0.31996569
2549	0.31989014
2550	0.31957930
2551	0.31905761
2552	0.31846219
2553	0.31771165
2554	0.31674093
2555	0.31551507
2556	0.31383789
2557	0.31232119
2558	0.31034729
2559	0.30835170
2560	0.30638969
2561	0.30459222
2562	0.30312693
2563	0.30209923
2564	0.30167848
2565	0.30197594
2566	0.30301142
2567	0.30460408
2568	0.30673319
2569	0.30931014
2570	0.31206298
2571	0.31474334
2572	0.31767777
2573	0.32045305
2574	0.32313767
2575	0.32568467
2576	0.32818168
2577	0.33062732
2578	0.33303916
2579	0.33534405
2580	0.33756769
2581	0.33961341
2582	0.34148380
2583	0.34317482
2584	0.34433430
2585	0.34586909
2586	0.34675154
2587	0.34686905
2588	0.34814352
2589	0.34694046
2590	0.34763527
2591	0.34722266
2592	0.34763613
2593	0.34549391
2594	0.34418887
2595	0.34179881
2596	0.33966795
2597	0.33709273
2598	0.33542991
2599	0.33191490
2600	0.32826862
2601	0.32429782
2602	0.32004762
2603	0.31548682
2604	0.31062269
2605	0.30531231
2606	0.30011821
2607	0.29514655
2608	0.29038751
2609	0.28612953
2610	0.28249574
2611	0.27958524
2612	0.27729630
2613	0.27558243
2614	0.27440605
2615	0.27356610
2616	0.27290753
2617	0.27228099
2618	0.27156013
2619	0.27078971
2620	0.27007335
2621	0.26955622
2622	0.26930663
2623	0.26879847
2624	0.26785660
2625	0.26708990
2626	0.26679936
2627	0.26576924
2628	0.26430577
2629	0.26221386
2630	0.26026610
2631	0.25834230
2632	0.25668997
2633	0.25584084
2634	0.25563309
2635	0.25569019
2636	0.25498852
2637	0.25594020
2638	0.25628960
2639	0.25664657
2640	0.25709099
2641	0.25735378
2642	0.25751448
2643	0.25752524
2644	0.25744987
2645	0.25738260
2646	0.25827482
2647	0.25772101
2648	0.25800273
2649	0.25813663
2650	0.25884470
2651	0.25987336
2652	0.25994065
2653	0.26009858
2654	0.26088697
2655	0.26150560
2656	0.26220176
2657	0.26289964
2658	0.26371771
2659	0.26440048
2660	0.26527640
2661	0.26617274
2662	0.26715329
2663	0.26820955
2664	0.26935187
2665	0.27067587
2666	0.27203709
2667	0.27342701
2668	0.27455068
2669	0.27537999
2670	0.27578774
2671	0.27569574
2672	0.27555123
2673	0.27574289
2674	0.27609903
2675	0.27635181
2676	0.27635300
2677	0.27616557
2678	0.27585313
2679	0.27581221
2680	0.27481353
2681	0.27423033
2682	0.27356321
2683	0.27274787
2684	0.27180314
2685	0.27057087
2686	0.26898310
2687	0.26707584
2688	0.26480752
2689	0.26229358
2690	0.25969478
2691	0.25710553
2692	0.25471744
2693	0.25263125
2694	0.25104621
2695	0.25004175
2696	0.24976116
2697	0.25011325
2698	0.25107443
2699	0.25250199
2700	0.25422078
2701	0.25605604
2702	0.25779206
2703	0.25893569
2704	0.26056260
2705	0.26166031
2706	0.26245844
2707	0.26317671
2708	0.26373708
2709	0.26428667
2710	0.26465932
2711	0.26499492
2712	0.26483259
2713	0.26488647
2714	0.26513121
2715	0.26458606
2716	0.26449090
2717	0.26349175
2718	0.26259086
2719	0.26153421
2720	0.25984579
2721	0.25866091
2722	0.25703463
2723	0.25501975
2724	0.25261238
2725	0.24987106
2726	0.24674694
2727	0.24357222
2728	0.23927201
2729	0.23728660
2730	0.23449928
2731	0.23191103
2732	0.22940274
2733	0.22685866
2734	0.22354387
2735	0.22190619
2736	0.22099200
2737	0.21887890
2738	0.21765950
2739	0.21676098
2740	0.21632893
2741	0.21636850
2742	0.21688877
2743	0.21768525
2744	0.21881722
2745	0.21991640
2746	0.22076657
2747	0.22139709
2748	0.22177288
2749	0.22201689
2750	0.22224241
2751	0.22223713
2752	0.22156475
2753	0.22110513
2754	0.22045939
2755	0.21998180
2756	0.21778214
2757	0.21606354
2758	0.21422751
2759	0.21239173
2760	0.21065338
2761	0.20906530
2762	0.20911421
2763	0.20913634
2764	0.20935208
2765	0.20964999
2766	0.21000667
2767	0.21033247
2768	0.21011299
2769	0.21096130
2770	0.21116111
2771	0.21121451
2772	0.21112841
2773	0.21099307
2774	0.21094604
2775	0.21102546
2776	0.21137178
2777	0.21138142
2778	0.21196613
2779	0.21248232
2780	0.21313360
2781	0.21360944
2782	0.21404095
2783	0.21465662
2784	0.21538366
2785	0.21621919
2786	0.21718252
2787	0.21804857
2788	0.21910633
2789	0.22029310
2790	0.22159553
2791	0.22300041
2792	0.22456117
2793	0.22626030
2794	0.22815822
2795	0.23025377
2796	0.23236841
2797	0.23441227
2798	0.23645210
2799	0.23753922
2800	0.23864232
2801	0.23989937
2802	0.24161087
2803	0.24345201
2804	0.24528958
2805	0.24689625
2806	0.24815068
2807	0.24920566
2808	0.25023314
2809	0.25061083
2810	0.25112686
2811	0.25164104
2812	0.25200218
2813	0.25228396
2814	0.25233480
2815	0.25207838
2816	0.25147983
2817	0.25055188
2818	0.24931559
2819	0.24788021
2820	0.24635057
2821	0.24484578
2822	0.24356620
2823	0.24264178
2824	0.24222042
2825	0.24241635
2826	0.24330640
2827	0.24475349
2828	0.24675553
2829	0.24914311
2830	0.25185078
2831	0.25460622
2832	0.25728020
2833	0.25937039
2834	0.26181239
2835	0.26390505
2836	0.26577294
2837	0.26761201
2838	0.26933366
2839	0.27095434
2840	0.27243415
2841	0.27377510
2842	0.27491155
2843	0.27587944
2844	0.27672306
2845	0.27699026
2846	0.27773520
2847	0.27752414
2848	0.27738255
2849	0.27734053
2850	0.27677780
2851	0.27608094
2852	0.27599704
2853	0.27296758
2854	0.27130878
2855	0.26950166
2856	0.26827449
2857	0.26594436
2858	0.26350701
2859	0.26108247
2860	0.25861892
2861	0.25668561
2862	0.25398287
2863	0.25125128
2864	0.24887988
2865	0.24622449
2866	0.24361983
2867	0.24162534
2868	0.23997505
2869	0.23882672
2870	0.23811623
2871	0.23786463
2872	0.23808190
2873	0.23866776
2874	0.23947398
2875	0.24033563
2876	0.24097642
2877	0.24149916
2878	0.24189843
2879	0.24226278
2880	0.24283086
2881	0.24363524
2882	0.24460599
2883	0.24466464
2884	0.24421461
2885	0.24349830
2886	0.24311250
2887	0.24214746
2888	0.24004367
2889	0.23785679
2890	0.23594248
2891	0.23334783
2892	0.23160721
2893	0.23059189
2894	0.23012251
2895	0.22997898
2896	0.23020512
2897	0.23048198
2898	0.23046792
2899	0.23097417
2900	0.23145777
2901	0.23174091
2902	0.23171291
2903	0.23172745
2904	0.23161349
2905	0.23153664
2906	0.23240593
2907	0.23200686
2908	0.23238581
2909	0.23279189
2910	0.23337479
2911	0.23401883
2912	0.23481371
2913	0.23529743
2914	0.23606417
2915	0.23688108
2916	0.23780251
2917	0.23874706
2918	0.23977730
2919	0.24070618
2920	0.24201024
2921	0.24343236
2922	0.24507035
2923	0.24699047
2924	0.24906443
2925	0.25138062
2926	0.25381792
2927	0.25626501
2928	0.25837570
2929	0.26001659
2930	0.26134849
2931	0.26257426
2932	0.26412383
2933	0.26606333
2934	0.26813754
2935	0.27015141
2936	0.27183005
2937	0.27302343
2938	0.27389106
2939	0.27429301
2940	0.27458847
2941	0.27469137
2942	0.27464935
2943	0.27445638
2944	0.27404222
2945	0.27339739
2946	0.27249429
2947	0.27134344
2948	0.26998410
2949	0.26843077
2950	0.26681772
2951	0.26517662
2952	0.26364937
2953	0.26236579
2954	0.26141346
2955	0.26090837
2956	0.26093736
2957	0.26166838
2958	0.26307335
2959	0.26511285
2960	0.26757997
2961	0.27037886
2962	0.27333736
2963	0.27636498
2964	0.27917230
2965	0.28192818
2966	0.28431231
2967	0.28725106
2968	0.28989586
2969	0.29253462
2970	0.29516038
2971	0.29770768
2972	0.30017844
2973	0.30250925
2974	0.30471602
2975	0.30687910
2976	0.30886188
2977	0.31039104
2978	0.31228971
2979	0.31321988
2980	0.31426153
2981	0.31529757
2982	0.31503189
2983	0.31691343
2984	0.31640851
2985	0.31787786
2986	0.31780428
2987	0.31811899
2988	0.31730035
2989	0.31604216
2990	0.31448603
2991	0.31259993
2992	0.31049067
2993	0.30799109
2994	0.30522296
2995	0.30181241
2996	0.29790887
2997	0.29363331
2998	0.28883356
2999	0.28435868
3000	0.28010264
3001	0.27623105
3002	0.27282721
3003	0.26994222
3004	0.26770040
3005	0.26602480
3006	0.26483369
3007	0.26392615
3008	0.26304165
3009	0.26209027
3010	0.26105484
3011	0.25999469
3012	0.25910631
3013	0.25848365
3014	0.25826037
3015	0.25820670
3016	0.25755954
3017	0.25702077
3018	0.25669652
3019	0.25635877
3020	0.25489563
3021	0.25303307
3022	0.25112268
3023	0.24919540
3024	0.24732360
3025	0.24603464
3026	0.24534929
3027	0.24510807
3028	0.24521318
3029	0.24558392
3030	0.24594238
3031	0.24636199
3032	0.24516313
3033	0.24689604
3034	0.24710843
3035	0.24704957
3036	0.24708845
3037	0.24692555
3038	0.24699514
3039	0.24703443
3040	0.24721096
3041	0.24744800
3042	0.24780978
3043	0.24841104
3044	0.24880521
3045	0.24918659
3046	0.24972853
3047	0.25036249
3048	0.25109816
3049	0.25190419
3050	0.25274253
3051	0.25349215
3052	0.25455204
3053	0.25538534
3054	0.25643232
3055	0.25757110
3056	0.25877571
3057	0.26018849
3058	0.26169512
3059	0.26319027
3060	0.26453248
3061	0.26591995
3062	0.26669145
3063	0.26700264
3064	0.26779208
3065	0.26904139
3066	0.27059603
3067	0.27214167
3068	0.27344373
3069	0.27436352
3070	0.27500123
3071	0.27544585
3072	0.27530611
3073	0.27520049
3074	0.27496493
3075	0.27456301
3076	0.27402171
3077	0.27320233
3078	0.27213031
3079	0.27080375
3080	0.26914376
3081	0.26728797
3082	0.26528904
3083	0.26331246
3084	0.26146880
3085	0.25999755
3086	0.25901213
3087	0.25865421
3088	0.25905147
3089	0.26019910
3090	0.26201868
3091	0.26432815
3092	0.26706645
3093	0.27002856
3094	0.27301869
3095	0.27583230
3096	0.27811551
3097	0.28071958
3098	0.28290191
3099	0.28496057
3100	0.28678882
3101	0.28844103
3102	0.28983226
3103	0.29095548
3104	0.29180408
3105	0.29236269
3106	0.29270333
3107	0.29277840
3108	0.29230741
3109	0.29204488
3110	0.29052860
3111	0.28964329
3112	0.28809676
3113	0.28623796
3114	0.28372923
3115	0.28450301
3116	0.27935427
3117	0.27810654
3118	0.27495703
3119	0.27199230
3120	0.26906186
3121	0.26615521
3122	0.26443884
3123	0.26105729
3124	0.25860351
3125	0.25615984
3126	0.25319818
3127	0.25181907
3128	0.24975173
3129	0.24760967
3130	0.24599025
3131	0.24464995
3132	0.24361838
3133	0.24280442
3134	0.24232577
3135	0.24215773
3136	0.24230728
3137	0.24264981
3138	0.24298513
3139	0.24318276
3140	0.24310850
3141	0.24272177
3142	0.24225126
3143	0.24177296
3144	0.24141647
3145	0.24130520
3146	0.24132766
3147	0.24043714
3148	0.23940100
3149	0.23828530
3150	0.23787755
3151	0.23644021
3152	0.23437832
3153	0.23223101
3154	0.23028128
3155	0.22816585
3156	0.22620954
3157	0.22544810
3158	0.22513410
3159	0.22508991
3160	0.22530492
3161	0.22564754
3162	0.22533481
3163	0.22594334
3164	0.22642405
3165	0.22666074
3166	0.22672108
3167	0.22646435
3168	0.22635470
3169	0.22621590
3170	0.22626077
3171	0.22663468
3172	0.22698694
3173	0.22728547
3174	0.22793521
3175	0.22875337
3176	0.22935672
3177	0.22988378
3178	0.23065887
3179	0.23149683
3180	0.23245344
3181	0.23350787
3182	0.23410530
3183	0.23571599
3184	0.23709574
3185	0.23868968
3186	0.24046516
3187	0.24242632
3188	0.24472785
3189	0.24732581
3190	0.25032806
3191	0.25364727
3192	0.25724053
3193	0.26067117
3194	0.26366839
3195	0.26616368
3196	0.26853937
3197	0.27100995
3198	0.27377322
3199	0.27657819
3200	0.27940318
3201	0.28198299
3202	0.28423509
3203	0.28640366
3204	0.28783184
3205	0.28921637
3206	0.29034108
3207	0.29118320
3208	0.29175222
3209	0.29195112
3210	0.29174018
3211	0.29114655
3212	0.29026389
3213	0.28910518
3214	0.28775629
3215	0.28640938
3216	0.28505963
3217	0.28384355
3218	0.28282970
3219	0.28211233
3220	0.28183994
3221	0.28215298
3222	0.28317708
3223	0.28487965
3224	0.28719315
3225	0.28995439
3226	0.29307425
3227	0.29639918
3228	0.29955149
3229	0.30247673
3230	0.30602676
3231	0.30914932
3232	0.31215581
3233	0.31507906
3234	0.31787860
3235	0.32065234
3236	0.32322860
3237	0.32567188
3238	0.32786229
3239	0.32986674
3240	0.33166367
3241	0.33323732
3242	0.33430976
3243	0.33533284
3244	0.33573130
3245	0.33592743
3246	0.33589733
3247	0.33565632
3248	0.33466393
3249	0.33571246
3250	0.33413318
3251	0.33210480
3252	0.32995543
3253	0.32738277
3254	0.32465181
3255	0.32177389
3256	0.31887454
3257	0.31597817
3258	0.31304497
3259	0.31010741
3260	0.30684313
3261	0.30343211
3262	0.29957762
3263	0.29595271
3264	0.29252434
3265	0.28957352
3266	0.28708661
3267	0.28533849
3268	0.28438163
3269	0.28416315
3270	0.28458869
3271	0.28532192
3272	0.28620732
3273	0.28691047
3274	0.28733802
3275	0.28742388
3276	0.28733554
3277	0.28733200
3278	0.28752962
3279	0.28813529
3280	0.28908747
3281	0.29029548
3282	0.29018542
3283	0.28978932
3284	0.28930584
3285	0.28939089
3286	0.28844896
3287	0.28663740
3288	0.28447083
3289	0.28193906
3290	0.28005216
3291	0.27840447
3292	0.27748320
3293	0.27658582
3294	0.27625379
3295	0.27636257
3296	0.27672663
3297	0.27746788
3298	0.27788547
3299	0.27835399
3300	0.27774176
3301	0.27798370
3302	0.27808705
3303	0.27814165
3304	0.27860710
3305	0.27859461
3306	0.27891064
3307	0.27945572
3308	0.27999732
3309	0.28077501
3310	0.28149688
3311	0.28215462
3312	0.28303295
3313	0.28399324
3314	0.28500712
3315	0.28605080
3316	0.28715867
3317	0.28818181
3318	0.28944689
3319	0.29086852
3320	0.29255855
3321	0.29445532
3322	0.29669648
3323	0.29924941
3324	0.30211541
3325	0.30511260
3326	0.30813318
3327	0.31076041
3328	0.31294155
3329	0.31484142
3330	0.31688398
3331	0.31931511
3332	0.32207027
3333	0.32488689
3334	0.32756767
3335	0.32980141
3336	0.33150473
3337	0.33293161
3338	0.33361253
3339	0.33410081
3340	0.33431089
3341	0.33430818
3342	0.33412674
3343	0.33346632
3344	0.33248284
3345	0.33121634
3346	0.32958451
3347	0.32785639
3348	0.32592386
3349	0.32407954
3350	0.32234228
3351	0.32075712
3352	0.31941786
3353	0.31843364
3354	0.31780347
3355	0.31777629
3356	0.31826669
3357	0.31945288
3358	0.32118082
3359	0.32344297
3360	0.32610920
3361	0.32904461
3362	0.33210665
3363	0.33492571
3364	0.33723494
3365	0.34091696
3366	0.34371260
3367	0.34645179
3368	0.34909901
3369	0.35166124
3370	0.35402608
3371	0.35624701
3372	0.35821718
3373	0.36001185
3374	0.36160251
3375	0.36297730
3376	0.36379370
3377	0.36498705
3378	0.36513615
3379	0.36541817
3380	0.36528081
3381	0.36515585
3382	0.36581725
3383	0.36353129
3384	0.36497903
3385	0.36392325
3386	0.36296576
3387	0.36137417
3388	0.35949528
3389	0.35718247
3390	0.35438675
3391	0.35112670
3392	0.34734640
3393	0.34325328
3394	0.33878890
3395	0.33420479
3396	0.32876983
3397	0.32359937
3398	0.31842971
3399	0.31338510
3400	0.30865407
3401	0.30431783
3402	0.30049416
3403	0.29729277
3404	0.29467040
3405	0.29271245
3406	0.29124171
3407	0.29009691
3408	0.28919181
3409	0.28841922
3410	0.28783885
3411	0.28746682
3412	0.28707236
3413	0.28604168
3414	0.28513277
3415	0.28450525
3416	0.28458452
3417	0.28333795
3418	0.28162566
3419	0.27984914
3420	0.27803037
3421	0.27657083
3422	0.27578300
3423	0.27484104
3424	0.27456126
3425	0.27439708
3426	0.27450123
3427	0.27490070
3428	0.27526122
3429	0.27559254
3430	0.27592450
3431	0.27515188
3432	0.27562052
3433	0.27555999
3434	0.27548188
3435	0.27533600
3436	0.27529761
3437	0.27622989
3438	0.27550900
3439	0.27601784
3440	0.27659518
3441	0.27714244
3442	0.27757394
3443	0.27798685
3444	0.27854452
3445	0.27923149
3446	0.27997127
3447	0.28082529
3448	0.28137055
3449	0.28272578
3450	0.28387880
3451	0.28510588
3452	0.28640568
3453	0.28782445
3454	0.28935933
3455	0.29105112
3456	0.29293430
3457	0.29488206
3458	0.29680252
3459	0.29853356
3460	0.29989722
3461	0.30076686
3462	0.30135074
3463	0.30207580
3464	0.30329788
3465	0.30492818
3466	0.30670780
3467	0.30856428
3468	0.31025723
3469	0.31176168
3470	0.31305006
3471	0.31409842
3472	0.31489274
3473	0.31546772
3474	0.31581682
3475	0.31591058
3476	0.31573644
3477	0.31507459
3478	0.31395388
3479	0.31259939
3480	0.31083584
3481	0.30881709
3482	0.30667272
3483	0.30461159
3484	0.30292580
3485	0.30173197
3486	0.30126214
3487	0.30143446
3488	0.30226237
3489	0.30366242
3490	0.30553740
3491	0.30769858
3492	0.30997321
3493	0.31208032
3494	0.31353778
3495	0.31582466
3496	0.31717101
3497	0.31809518
3498	0.31906107
3499	0.31990162
3500	0.32071224
3501	0.32143879
3502	0.32206613
3503	0.32259253
3504	0.32299960
3505	0.32326755
3506	0.32340181
3507	0.32327202
3508	0.32225955
3509	0.32192054
3510	0.32115963
3511	0.31972018
3512	0.31783578
3513	0.31859946
3514	0.31436715
3515	0.31186223
3516	0.30917403
3517	0.30703583
3518	0.30385274
3519	0.30080748
3520	0.29840720
3521	0.29565829
3522	0.29284602
3523	0.28957546
3524	0.28747755
3525	0.28517213
3526	0.28297970
3527	0.28084111
3528	0.27899823
3529	0.27755928
3530	0.27659169
3531	0.27621773
3532	0.27648729
3533	0.27744532
3534	0.27893284
3535	0.28082234
3536	0.28285003
3537	0.28466663
3538	0.28622097
3539	0.28738353
3540	0.28825021
3541	0.28899133
3542	0.28983057
3543	0.29090959
3544	0.29153135
3545	0.29130664
3546	0.29086125
3547	0.29055485
3548	0.29012191
3549	0.28846654
3550	0.28650999
3551	0.28445432
3552	0.28243139
3553	0.28054678
3554	0.27961877
3555	0.27952343
3556	0.27914327
3557	0.27927625
3558	0.27950045
3559	0.27995545
3560	0.28050107
3561	0.28112370
3562	0.28151816
3563	0.28185424
3564	0.28069413
3565	0.28134951
3566	0.28132716
3567	0.28145215
3568	0.28181234
3569	0.28210503
3570	0.28242561
3571	0.28311688
3572	0.28385386
3573	0.28441575
3574	0.28496048
3575	0.28563681
3576	0.28642780
3577	0.28731149
3578	0.28829587
3579	0.28905255
3580	0.29042554
3581	0.29165635
3582	0.29306883
3583	0.29458344
3584	0.29630867
3585	0.29821360
3586	0.30033281
3587	0.30268106
3588	0.30521283
3589	0.30772841
3590	0.30981854
3591	0.31141439
3592	0.31256279
3593	0.31368896
3594	0.31497338
3595	0.31626737
3596	0.31737563
3597	0.31819585
3598	0.31863466
3599	0.31878623
3600	0.31863743
3601	0.31844190
3602	0.31789240
3603	0.31753513
3604	0.31695792
3605	0.31643850
3606	0.31584486
3607	0.31516641
3608	0.31431529
3609	0.31331727
3610	0.31215507
3611	0.31091163
3612	0.30960700
3613	0.30840835
3614	0.30740967
3615	0.30671334
3616	0.30643865
3617	0.30667990
3618	0.30759630
3619	0.30908808
3620	0.31114745
3621	0.31366825
3622	0.31644803
3623	0.31933811
3624	0.32211998
3625	0.32402539
3626	0.32727754
3627	0.32951811
3628	0.33160228
3629	0.33356145
3630	0.33533350
3631	0.33696350
3632	0.33845213
3633	0.33970866
3634	0.34067431
3635	0.34144658
3636	0.34192383
3637	0.34220734
3638	0.34227538
3639	0.34199533
3640	0.34105095
3641	0.34009439
3642	0.33871213
3643	0.33715644
3644	0.33583650
3645	0.33170721
3646	0.33017105
3647	0.32737890
3648	0.32484755
3649	0.32178074
3650	0.31744704
3651	0.31320590
3652	0.30866209
3653	0.30401626
3654	0.29920536
3655	0.29377538
3656	0.28931633
3657	0.28414702
3658	0.27921268
3659	0.27445805
3660	0.26999632
3661	0.26597112
3662	0.26234722
3663	0.25924194
3664	0.25672078
3665	0.25480187
3666	0.25343773
3667	0.25251013
3668	0.25180000
3669	0.25117165
3670	0.25051105
3671	0.24977459
3672	0.24912643
3673	0.24862596
3674	0.24837734
3675	0.24841177
3676	0.24874003
3677	0.24833249
3678	0.24757740
3679	0.24669217
3680	0.24637695
3681	0.24485470
3682	0.24274148
3683	0.24097919
3684	0.23806404
3685	0.23589648
3686	0.23415191
3687	0.23320116
3688	0.23268193
3689	0.23258777
3690	0.23281103
3691	0.23249699
3692	0.23332018
3693	0.23382004
3694	0.23410535
3695	0.23421413
3696	0.23435359
3697	0.23430018
3698	0.23428074
3699	0.23433526
3700	0.23462835
3701	0.23517492
3702	0.23546824
3703	0.23635247
3704	0.23731267
3705	0.23797344
3706	0.23873654
3707	0.23943692
3708	0.24030921
3709	0.24126095
3710	0.24228293
3711	0.24336883
3712	0.24440390
3713	0.24570823
3714	0.24706289
3715	0.24865679
3716	0.25047332
3717	0.25246504
3718	0.25475302
3719	0.25723252
3720	0.25986966
3721	0.26242152
3722	0.26455396
3723	0.26622701
3724	0.26757920
3725	0.26906297
3726	0.27093044
3727	0.27299908
3728	0.27504647
3729	0.27683342
3730	0.27817133
3731	0.27901369
3732	0.27939987
3733	0.27941301
3734	0.27922335
3735	0.27890587
3736	0.27841249
3737	0.27774611
3738	0.27678886
3739	0.27555370
3740	0.27403468
3741	0.27215073
3742	0.26998106
3743	0.26760319
3744	0.26512441
3745	0.26263434
3746	0.26027542
3747	0.25823447
3748	0.25652093
3749	0.25527346
3750	0.25464758
3751	0.25468874
3752	0.25549850
3753	0.25699282
3754	0.25901219
3755	0.26137114
3756	0.26388946
3757	0.26615873
3758	0.26785526
3759	0.27079239
3760	0.27287951
3761	0.27482674
3762	0.27663887
3763	0.27840185
3764	0.28004605
3765	0.28140992
3766	0.28251922
3767	0.28341725
3768	0.28402856
3769	0.28434560
3770	0.28442743
3771	0.28419274
3772	0.28336433
3773	0.28260863
3774	0.28178021
3775	0.28050023
3776	0.27909929
3777	0.27735129
3778	0.27440113
3779	0.27197343
3780	0.26915044
3781	0.26676619
3782	0.26334763
3783	0.25987080
3784	0.25635937
3785	0.25285190
3786	0.24913108
3787	0.24607164
3788	0.24203101
3789	0.23791696
3790	0.23407285
3791	0.23030402
3792	0.22692209
3793	0.22405165
3794	0.22177769
3795	0.22021966
3796	0.21940047
3797	0.21917611
3798	0.21946682
3799	0.22010927
3800	0.22079192
3801	0.22128429
3802	0.22138777
3803	0.22106616
3804	0.22048078
3805	0.21980774
3806	0.21934520
3807	0.21920322
3808	0.21946162
3809	0.21994326
3810	0.22054178
3811	0.22076446
3812	0.21999089
3813	0.21939988
3814	0.21866350
3815	0.21810482
3816	0.21707098
3817	0.21495403
3818	0.21315660
3819	0.21125659
3820	0.20963731
3821	0.20775321
3822	0.20791799
3823	0.20785332
3824	0.20815261
3825	0.20850720
3826	0.20899647
3827	0.20925558
3828	0.20985968
3829	0.21011320
3830	0.21034425
3831	0.21043324
3832	0.21040905
3833	0.21041758
3834	0.21043250
3835	0.21078762
3836	0.21110198
3837	0.21156216
3838	0.21202752
3839	0.21253520
3840	0.21345173
3841	0.21402262
3842	0.21455312
3843	0.21527776
3844	0.21603931
3845	0.21687333
3846	0.21781446
3847	0.21875939
3848	0.21961308
3849	0.22068155
3850	0.22189976
3851	0.22322679
3852	0.22472584
3853	0.22633262
3854	0.22820324
3855	0.23028655
3856	0.23252529
3857	0.23483333
3858	0.23689972
3859	0.23860866
3860	0.23991585
3861	0.24128036
3862	0.24297805
3863	0.24507336
3864	0.24708071
3865	0.24897470
3866	0.25044882
3867	0.25161576
3868	0.25277382
3869	0.25319937
3870	0.25378358
3871	0.25432572
3872	0.25484005
3873	0.25515851
3874	0.25525412
3875	0.25507611
3876	0.25454494
3877	0.25370821
3878	0.25261420
3879	0.25142241
3880	0.25015441
3881	0.24898481
3882	0.24806669
3883	0.24757476
3884	0.24757333
3885	0.24820343
3886	0.24947807
3887	0.25133303
3888	0.25365150
3889	0.25632340
3890	0.25904906
3891	0.26143175
3892	0.26430756
3893	0.26663023
3894	0.26862934
3895	0.27036121
3896	0.27193001
3897	0.27335742
3898	0.27474338
3899	0.27596074
3900	0.27704239
3901	0.27795050
3902	0.27867299
3903	0.27923891
3904	0.27960387
3905	0.27982947
3906	0.27952006
3907	0.27914405
3908	0.27911246
3909	0.27797541
3910	0.27693757
3911	0.27681166
3912	0.27434853
3913	0.27240449
3914	0.27018788
3915	0.26663670
3916	0.26407358
3917	0.26214913
3918	0.25896043
3919	0.25578919
3920	0.25245741
3921	0.24904317
3922	0.24551268
3923	0.24105747
3924	0.23865752
3925	0.23455811
3926	0.23109037
3927	0.22733851
3928	0.22404473
3929	0.22104219
3930	0.21844736
3931	0.21634884
3932	0.21481335
3933	0.21385600
3934	0.21332610
3935	0.21293750
3936	0.21270066
3937	0.21246935
3938	0.21226299
3939	0.21218570
3940	0.21226722
3941	0.21204364
3942	0.21131605
3943	0.21069691
3944	0.21014722
3945	0.20974338
3946	0.20784187
3947	0.20612152
3948	0.20416683
3949	0.20235772
3950	0.20014644
3951	0.19951990
3952	0.19916947
3953	0.19902919
3954	0.19906822
3955	0.19926490
3956	0.19952755
3957	0.19981083
3958	0.20010856
3959	0.20020942
3960	0.20029312
3961	0.20030174
3962	0.20026873
3963	0.20019327
3964	0.20021519
3965	0.20089167
3966	0.20101002
3967	0.20131940
3968	0.20191203
3969	0.20263076
3970	0.20316069
3971	0.20362945
3972	0.20433320
3973	0.20507908
3974	0.20594609
3975	0.20688833
3976	0.20791212
3977	0.20887007
3978	0.21007514
3979	0.21136051
3980	0.21283239
3981	0.21444829
3982	0.21628065
3983	0.21827187
3984	0.22045496
3985	0.22267930
3986	0.22476688
3987	0.22658294
3988	0.22799133
3989	0.22912543
3990	0.23038879
3991	0.23215102
3992	0.23437737
3993	0.23672117
3994	0.23897345
3995	0.24096557
3996	0.24262448
3997	0.24409059
3998	0.24502634
3999	0.24593067
4000	0.24664091
4001	0.24718364
4002	0.24747151
4003	0.24746940
4004	0.24708198
4005	0.24631158
4006	0.24516660
4007	0.24374370
4008	0.24210289
4009	0.24037196
4010	0.23872171
4011	0.23732564
4012	0.23622452
4013	0.23555885
4014	0.23556770
4015	0.23623423
4016	0.23757999
4017	0.23948172
4018	0.24187116
4019	0.24451788
4020	0.24732131
4021	0.25009802
4022	0.25273615
4023	0.25496814
4024	0.25710884
4025	0.25861758
4026	0.26143453
4027	0.26357746
4028	0.26565579
4029	0.26773295
4030	0.26972654
4031	0.27161992
4032	0.27347293
4033	0.27518561
4034	0.27652702
4035	0.27825633
4036	0.27905115
4037	0.27944884
4038	0.28128013
4039	0.28205267
4040	0.28398371
4041	0.28267398
4042	0.28227285
4043	0.28227356
4044	0.28313431
4045	0.28243065
4046	0.28162068
4047	0.28060630
4048	0.28008831
4049	0.27865908
4050	0.27694210
4051	0.27513650
4052	0.27321395
4053	0.27121440
4054	0.26901025
4055	0.26645848
4056	0.26427969
4057	0.26225433
4058	0.26054299
4059	0.25925940
4060	0.25849235
4061	0.25818536
4062	0.25838938
4063	0.25890857
4064	0.25963804
4065	0.26026136
4066	0.26077971
4067	0.26112866
4068	0.26137692
4069	0.26166445
4070	0.26215762
4071	0.26295352
4072	0.26402235
4073	0.26430064
4074	0.26411587
4075	0.26368305
4076	0.26373070
4077	0.26318413
4078	0.26142886
4079	0.25943190
4080	0.25743833
4081	0.25565273
4082	0.25382808
4083	0.25271520
4084	0.25197327
4085	0.25163877
4086	0.25156292
4087	0.25187096
4088	0.25225940
4089	0.25290033
4090	0.25260442
4091	0.25297439
4092	0.25299752
4093	0.25310549
4094	0.25307453
4095	0.25312981
4096	0.25336531
4097	0.25371653
4098	0.25403064
4099	0.25466195
4100	0.25544205
4101	0.25603256
4102	0.25656065
4103	0.25728476
4104	0.25810099
4105	0.25903788
4106	0.26002210
4107	0.26052245
4108	0.26212922
4109	0.26338914
4110	0.26483604
4111	0.26628351
4112	0.26801443
4113	0.26992795
4114	0.27209085
4115	0.27447692
4116	0.27713764
4117	0.27992019
4118	0.28254277
4119	0.28479099
4120	0.28659165
4121	0.28814676
4122	0.28979647
4123	0.29156655
4124	0.29297280
4125	0.29397878
4126	0.29435676
4127	0.29422721
4128	0.29383036
4129	0.29304242
4130	0.29217067
4131	0.29129788
4132	0.29034591
4133	0.28927159
4134	0.28806564
4135	0.28668594
4136	0.28502443
4137	0.28317204
4138	0.28113872
4139	0.27906284
4140	0.27697921
4141	0.27508780
4142	0.27341819
4143	0.27215323
4144	0.27135146
4145	0.27114785
4146	0.27156588
4147	0.27258375
4148	0.27411437
4149	0.27604890
4150	0.27827647
4151	0.28061289
4152	0.28293419
4153	0.28489852
4154	0.28654706
4155	0.28865319
4156	0.29036826
4157	0.29195970
4158	0.29348207
4159	0.29491222
4160	0.29626015
4161	0.29742220
4162	0.29845342
4163	0.29927531
4164	0.29977474
4165	0.30009055
4166	0.30075356
4167	0.30042008
4168	0.30006483
4169	0.29960063
4170	0.29907757
4171	0.29771489
4172	0.29648194
4173	0.29634795
4174	0.29494965
4175	0.29328182
4176	0.29205483
4177	0.28978521
4178	0.28708538
4179	0.28447077
4180	0.28166932
4181	0.27884990
4182	0.27566108
4183	0.27247185
4184	0.26922068
4185	0.26571319
4186	0.26261565
4187	0.25981843
4188	0.25727028
4189	0.25509733
4190	0.25335747
4191	0.25210324
4192	0.25133598
4193	0.25098392
4194	0.25087577
4195	0.25096449
4196	0.25096512
4197	0.25092092
4198	0.25081921
4199	0.25075927
4200	0.25091839
4201	0.25138718
4202	0.25222158
4203	0.25290456
4204	0.25265428
4205	0.25236741
4206	0.25204879
4207	0.25170392
4208	0.24994034
4209	0.24787158
4210	0.24579033
4211	0.24371399
4212	0.24174491
4213	0.24069823
4214	0.23963253
4215	0.23936413
4216	0.23942716
4217	0.23969920
4218	0.24008021
4219	0.24040028
4220	0.24088977
4221	0.24135853
4222	0.24087641
4223	0.24121444
4224	0.24121231
4225	0.24105383
4226	0.24106964
4227	0.24136725
4228	0.24167798
4229	0.24183981
4230	0.24238941
4231	0.24308741
4232	0.24355155
4233	0.24394114
4234	0.24454780
4235	0.24528068
4236	0.24606073
4237	0.24687436
4238	0.24759439
4239	0.24850523
4240	0.24955286
4241	0.25074437
4242	0.25206178
4243	0.25353113
4244	0.25521883
4245	0.25713181
4246	0.25934350
4247	0.26179481
4248	0.26442185
4249	0.26706389
4250	0.26942685
4251	0.27126142
4252	0.27282375
4253	0.27443904
4254	0.27616572
4255	0.27765390
4256	0.27878684
4257	0.27943283
4258	0.27975759
4259	0.27977353
4260	0.27949980
4261	0.27912664
4262	0.27865595
4263	0.27809536
4264	0.27744824
4265	0.27661353
4266	0.27558663
4267	0.27436501
4268	0.27294153
4269	0.27128473
4270	0.26956123
4271	0.26781061
4272	0.26606011
4273	0.26445758
4274	0.26309386
4275	0.26208001
4276	0.26159248
4277	0.26166505
4278	0.26237613
4279	0.26366526
4280	0.26544178
4281	0.26761642
4282	0.27003792
4283	0.27240124
4284	0.27433085
4285	0.27730694
4286	0.27952299
4287	0.28159675
4288	0.28349203
4289	0.28525397
4290	0.28689036
4291	0.28841034
4292	0.28971922
4293	0.29085156
4294	0.29177821
4295	0.29249454
4296	0.29298469
4297	0.29330799
4298	0.29332042
4299	0.29271540
4300	0.29209578
4301	0.29105538
4302	0.28984728
4303	0.28841537
4304	0.28626046
4305	0.28475934
4306	0.28252995
4307	0.27998739
4308	0.27710831
4309	0.27483496
4310	0.27119297
4311	0.26766315
4312	0.26400763
4313	0.26026338
4314	0.25646678
4315	0.25249460
4316	0.24840498
4317	0.24429010
4318	0.23996802
4319	0.23614743
4320	0.23269394
4321	0.22961116
4322	0.22698085
4323	0.22482994
4324	0.22318105
4325	0.22213890
4326	0.22150357
4327	0.22107945
4328	0.22066788
4329	0.22021654
4330	0.21959032
4331	0.21881816
4332	0.21810678
4333	0.21756867
4334	0.21733411
4335	0.21743937
4336	0.21712279
4337	0.21641205
4338	0.21558870
4339	0.21495372
4340	0.21389236
4341	0.21189760
4342	0.21004704
4343	0.20800218
4344	0.20586051
4345	0.20404933
4346	0.20276776
4347	0.20236935
4348	0.20233060
4349	0.20262337
4350	0.20218131
4351	0.20316239
4352	0.20358360
4353	0.20412925
4354	0.20445055
4355	0.20457149
4356	0.20453605
4357	0.20421520
4358	0.20409283
4359	0.20410171
4360	0.20440903
4361	0.20471267
4362	0.20502988
4363	0.20561786
4364	0.20644167
4365	0.20699500
4366	0.20740910
4367	0.20812163
4368	0.20891069
4369	0.20975147
4370	0.21068025
4371	0.21162562
4372	0.21251866
4373	0.21358740
4374	0.21479183
4375	0.21615160
4376	0.21755654
4377	0.21913619
4378	0.22090016
4379	0.22282879
4380	0.22501279
4381	0.22719508
4382	0.22926205
4383	0.23098521
4384	0.23234570
4385	0.23362848
4386	0.23526911
4387	0.23736449
4388	0.23961820
4389	0.24174501
4390	0.24356182
4391	0.24506855
4392	0.24634045
4393	0.24716243
4394	0.24788675
4395	0.24849729
4396	0.24893856
4397	0.24927683
4398	0.24935229
4399	0.24926586
4400	0.24876328
4401	0.24794379
4402	0.24683379
4403	0.24540812
4404	0.24380404
4405	0.24213842
4406	0.24050000
4407	0.23906575
4408	0.23804380
4409	0.23758751
4410	0.23788267
4411	0.23908195
4412	0.24104205
4413	0.24372379
4414	0.24693362
4415	0.25046927
4416	0.25409928
4417	0.25741780
4418	0.26106796
4419	0.26382962
4420	0.26649833
4421	0.26887593
4422	0.27094424
4423	0.27292848
4424	0.27471983
4425	0.27631691
4426	0.27766216
4427	0.27875865
4428	0.27952373
4429	0.27997282
4430	0.28005889
4431	0.27971768
4432	0.27891791
4433	0.27853715
4434	0.27447608
4435	0.27539659
4436	0.27412239
4437	0.27204978
4438	0.26986626
4439	0.26741451
4440	0.26467848
4441	0.26188606
4442	0.26028562
4443	0.25714236
4444	0.25459024
4445	0.25221834
4446	0.25000882
4447	0.24753204
4448	0.24501666
4449	0.24242303
4450	0.23950343
4451	0.23713537
4452	0.23508501
4453	0.23358692
4454	0.23279801
4455	0.23271218
4456	0.23333256
4457	0.23447914
4458	0.23583558
4459	0.23699901
4460	0.23776519
4461	0.23796175
4462	0.23778239
4463	0.23737040
4464	0.23700887
4465	0.23688686
4466	0.23714860
4467	0.23780340
4468	0.23850740
4469	0.23809214
4470	0.23757395
4471	0.23703495
4472	0.23675503
4473	0.23516220
4474	0.23323137
4475	0.23123851
4476	0.22937891
4477	0.22765182
4478	0.22597077
4479	0.22537099
4480	0.22496942
4481	0.22492114
4482	0.22509588
4483	0.22533599
4484	0.22577475
4485	0.22577929
4486	0.22628622
4487	0.22659172
4488	0.22676209
4489	0.22666147
4490	0.22675428
4491	0.22701003
4492	0.22727789
4493	0.22776815
4494	0.22824080
4495	0.22877280
4496	0.22963971
4497	0.23002054
4498	0.23081914
4499	0.23163600
4500	0.23259805
4501	0.23365822
4502	0.23482302
4503	0.23596126
4504	0.23734947
4505	0.23892751
4506	0.24072026
4507	0.24273768
4508	0.24508266
4509	0.24772663
4510	0.25068909
4511	0.25388414
4512	0.25730503
4513	0.26064187
4514	0.26360890
4515	0.26611581
4516	0.26844928
4517	0.27105495
4518	0.27413911
4519	0.27760717
4520	0.28112826
4521	0.28450903
4522	0.28735635
4523	0.28963125
4524	0.29132798
4525	0.29265043
4526	0.29364428
4527	0.29434830
4528	0.29479706
4529	0.29493636
4530	0.29468450
4531	0.29410160
4532	0.29312301
4533	0.29183945
4534	0.29036382
4535	0.28881586
4536	0.28733298
4537	0.28600788
4538	0.28501794
4539	0.28448996
4540	0.28451568
4541	0.28525570
4542	0.28672737
4543	0.28892097
4544	0.29169577
4545	0.29497734
4546	0.29840708
4547	0.30213594
4548	0.30571756
4549	0.30878815
4550	0.31290197
4551	0.31628790
4552	0.31963751
4553	0.32295766
4554	0.32626006
4555	0.32947850
4556	0.33249775
4557	0.33528399
4558	0.33786327
4559	0.34016883
4560	0.34221902
4561	0.34405929
4562	0.34484303
4563	0.34624454
4564	0.34683418
4565	0.34729704
4566	0.34850740
4567	0.34838182
4568	0.34866610
4569	0.34686863
4570	0.34526810
4571	0.34311491
4572	0.34057328
4573	0.33775991
4574	0.33476484
4575	0.33169121
4576	0.32832021
4577	0.32476726
4578	0.32097730
4579	0.31683445
4580	0.31241435
4581	0.30745956
4582	0.30277759
4583	0.29835188
4584	0.29431465
4585	0.29091573
4586	0.28814861
4587	0.28611159
4588	0.28481227
4589	0.28398123
4590	0.28349528
4591	0.28300127
4592	0.28242713
4593	0.28165907
4594	0.28087929
4595	0.28020352
4596	0.27978393
4597	0.27972963
4598	0.27929932
4599	0.27883774
4600	0.27836847
4601	0.27825025
4602	0.27792498
4603	0.27642626
4604	0.27481240
4605	0.27313602
4606	0.27164629
4607	0.27010348
4608	0.26917300
4609	0.26880991
4610	0.26851773
4611	0.26878071
4612	0.26896274
4613	0.26916921
4614	0.26864034
4615	0.26897848
4616	0.26924565
4617	0.27055714
4618	0.27077812
4619	0.27073595
4620	0.26916322
4621	0.26999450
4622	0.27002588
4623	0.27001187
4624	0.27041507
4625	0.27077079
4626	0.27130118
4627	0.27163643
4628	0.27194586
4629	0.27241722
4630	0.27301183
4631	0.27365777
4632	0.27442163
4633	0.27520466
4634	0.27595612
4635	0.27688533
4636	0.27790466
4637	0.27894264
4638	0.28018826
4639	0.28160813
4640	0.28312755
4641	0.28481361
4642	0.28649026
4643	0.28803173
4644	0.28931507
4645	0.29019725
4646	0.29066402
4647	0.29094300
4648	0.29149738
4649	0.29276487
4650	0.29452819
4651	0.29642770
4652	0.29821205
4653	0.29969922
4654	0.30074924
4655	0.30151179
4656	0.30191433
4657	0.30193475
4658	0.30166319
4659	0.30102217
4660	0.29997492
4661	0.29845455
4662	0.29650226
4663	0.29413539
4664	0.29143313
4665	0.28852010
4666	0.28558731
4667	0.28269666
4668	0.28008923
4669	0.27786946
4670	0.27623770
4671	0.27528307
4672	0.27508423
4673	0.27562690
4674	0.27678880
4675	0.27844718
4676	0.28042302
4677	0.28251895
4678	0.28431478
4679	0.28545991
4680	0.28782412
4681	0.28920278
4682	0.29041463
4683	0.29160818
4684	0.29276061
4685	0.29380637
4686	0.29480079
4687	0.29562226
4688	0.29632169
4689	0.29682428
4690	0.29682264
4691	0.29731414
4692	0.29680747
4693	0.29639629
4694	0.29553330
4695	0.29450974
4696	0.29285279
4697	0.29313961
4698	0.29022056
4699	0.28811753
4700	0.28561515
4701	0.28332123
4702	0.28000131
4703	0.27649125
4704	0.27304333
4705	0.26959097
4706	0.26623556
4707	0.26268500
4708	0.25911301
4709	0.25546581
4710	0.25142220
4711	0.24769135
4712	0.24406007
4713	0.24075389
4714	0.23795460
4715	0.23571473
4716	0.23406105
4717	0.23305203
4718	0.23252912
4719	0.23252444
4720	0.23281816
4721	0.23329090
4722	0.23383364
4723	0.23430867
4724	0.23469178
4725	0.23499914
4726	0.23534663
4727	0.23589571
4728	0.23672424
4729	0.23755296
4730	0.23723073
4731	0.23717649
4732	0.23675607
4733	0.23657545
4734	0.23498812
4735	0.23308773
4736	0.23129340
4737	0.22949122
4738	0.22829454
4739	0.22714245
4740	0.22643107
4741	0.22634016
4742	0.22649494
4743	0.22678725
4744	0.22714911
4745	0.22742993
4746	0.22796659
4747	0.22797057
4748	0.22848111
4749	0.22862791
4750	0.22870672
4751	0.22853820
4752	0.22896364
4753	0.22914426
4754	0.22962043
4755	0.23016360
4756	0.23080073
4757	0.23150973
4758	0.23139259
4759	0.23265088
4760	0.23343049
4761	0.23434110
4762	0.23535644
4763	0.23650342
4764	0.23763406
4765	0.23896942
4766	0.24039909
4767	0.24194360
4768	0.24371624
4769	0.24571636
4770	0.24793896
4771	0.25053954
4772	0.25347972
4773	0.25675935
4774	0.26021683
4775	0.26357722
4776	0.26663244
4777	0.26924923
4778	0.27173018
4779	0.27433845
4780	0.27710831
4781	0.27967465
4782	0.28183520
4783	0.28339818
4784	0.28432718
4785	0.28472698
4786	0.28482670
4787	0.28474897
4788	0.28459463
4789	0.28432560
4790	0.28399611
4791	0.28344327
4792	0.28270409
4793	0.28158212
4794	0.28015801
4795	0.27837718
4796	0.27640995
4797	0.27431828
4798	0.27229097
4799	0.27046889
4800	0.26901820
4801	0.26805261
4802	0.26772389
4803	0.26809809
4804	0.26912555
4805	0.27068201
4806	0.27264357
4807	0.27489063
4808	0.27710703
4809	0.27935866
4810	0.28135291
4811	0.28277382
4812	0.28501233
4813	0.28669357
4814	0.28833911
4815	0.28993878
4816	0.29150972
4817	0.29290342
4818	0.29419747
4819	0.29531878
4820	0.29616353
4821	0.29683077
4822	0.29729956
4823	0.29683173
4824	0.29701090
4825	0.29648209
4826	0.29580352
4827	0.29491243
4828	0.29600760
4829	0.29267704
4830	0.29110780
4831	0.28928563
4832	0.28810093
4833	0.28541660
4834	0.28252262
4835	0.28020269
4836	0.27763242
4837	0.27513930
4838	0.27242368
4839	0.26971295
4840	0.26688415
4841	0.26400876
4842	0.26082456
4843	0.25808182
4844	0.25551271
4845	0.25330952
4846	0.25159934
4847	0.25040808
4848	0.24984214
4849	0.24979262
4850	0.25020084
4851	0.25079304
4852	0.25135139
4853	0.25169858
4854	0.25174245
4855	0.25159621
4856	0.25136217
4857	0.25127542
4858	0.25149879
4859	0.25204301
4860	0.25273219
4861	0.25221390
4862	0.25186267
4863	0.25139764
4864	0.25123382
4865	0.24979652
4866	0.24789555
4867	0.24591969
4868	0.24394831
4869	0.24214973
4870	0.24113052
4871	0.24031535
4872	0.24022695
4873	0.24037275
4874	0.24071829
4875	0.24113403
4876	0.24156435
4877	0.24204662
4878	0.24253252
4879	0.24183032
4880	0.24270356
4881	0.24279241
4882	0.24263446
4883	0.24266146
4884	0.24304223
4885	0.24315104
4886	0.24329479
4887	0.24383591
4888	0.24443364
4889	0.24524350
4890	0.24524160
4891	0.24652393
4892	0.24739656
4893	0.24841501
4894	0.24951842
4895	0.25071141
4896	0.25188363
4897	0.25330931
4898	0.25485361
4899	0.25656876
4900	0.25852460
4901	0.26077488
4902	0.26341960
4903	0.26645455
4904	0.26990369
4905	0.27368930
4906	0.27757365
4907	0.28135207
4908	0.28471285
4909	0.28763705
4910	0.29044330
4911	0.29341024
4912	0.29679534
4913	0.30020264
4914	0.30342296
4915	0.30620575
4916	0.30829692
4917	0.30971050
4918	0.31051645
4919	0.31081760
4920	0.31074268
4921	0.31032676
4922	0.30970415
4923	0.30877057
4924	0.30757168
4925	0.30611050
4926	0.30443266
4927	0.30253547
4928	0.30049384
4929	0.29845485
4930	0.29643178
4931	0.29463300
4932	0.29315561
4933	0.29215804
4934	0.29179326
4935	0.29202661
4936	0.29288867
4937	0.29429361
4938	0.29613310
4939	0.29824334
4940	0.30046865
4941	0.30192876
4942	0.30491245
4943	0.30702171
4944	0.30895475
4945	0.31076801
4946	0.31250170
4947	0.31418756
4948	0.31579894
4949	0.31730369
4950	0.31863263
4951	0.31982350
4952	0.32082927
4953	0.32165068
4954	0.32224375
4955	0.32232994
4956	0.32204291
4957	0.32148248
4958	0.32073307
4959	0.31974408
4960	0.31911498
4961	0.31699690
4962	0.31646675
4963	0.31415799
4964	0.31162107
4965	0.30862319
4966	0.30533695
4967	0.30192646
4968	0.29848135
4969	0.29513535
4970	0.29148829
4971	0.28788486
4972	0.28414682
4973	0.28034270
4974	0.27629304
4975	0.27264339
4976	0.26926851
4977	0.26630849
4978	0.26388606
4979	0.26208496
4980	0.26095921
4981	0.26048306
4982	0.26056644
4983	0.26115221
4984	0.26192775
4985	0.26283419
4986	0.26370087
4987	0.26460814
4988	0.26551372
4989	0.26655933
4990	0.26779923
4991	0.26817003
4992	0.26802585
4993	0.26776630
4994	0.26768181
4995	0.26733762
4996	0.26576227
4997	0.26400733
4998	0.26228312
4999	0.26067549
5000	0.25924841
5001	0.25846931
5002	0.25812370
5003	0.25798759
5004	0.25794980
5005	0.25813472
5006	0.25838080
5007	0.25863558
5008	0.25805292
5009	0.25928873
5010	0.25996992
5011	0.26008430
5012	0.25904590
5013	0.25921449
5014	0.25935739
5015	0.25965747
5016	0.25973976
5017	0.26019600
5018	0.26083776
5019	0.26116335
5020	0.26106709
5021	0.26200503
5022	0.26262328
5023	0.26342338
5024	0.26433882
5025	0.26541436
5026	0.26648837
5027	0.26779175
5028	0.26926127
5029	0.27082863
5030	0.27248332
5031	0.27431220
5032	0.27630478
5033	0.27861777
5034	0.28116941
5035	0.28403836
5036	0.28704298
5037	0.29005831
5038	0.29297453
5039	0.29550275
5040	0.29753390
5041	0.29912159
5042	0.30074668
5043	0.30257124
5044	0.30436775
5045	0.30581993
5046	0.30695531
5047	0.30759752
5048	0.30773741
5049	0.30764705
5050	0.30728906
5051	0.30677137
5052	0.30612504
5053	0.30531603
5054	0.30425835
5055	0.30294105
5056	0.30127233
5057	0.29927883
5058	0.29698226
5059	0.29452381
5060	0.29203424
5061	0.28974208
5062	0.28782499
5063	0.28636873
5064	0.28556341
5065	0.28535545
5066	0.28571546
5067	0.28656530
5068	0.28782192
5069	0.28935829
5070	0.29105565
5071	0.29269412
5072	0.29384568
5073	0.29589099
5074	0.29698062
5075	0.29804802
5076	0.29896450
5077	0.29980820
5078	0.30054113
5079	0.30113402
5080	0.30160066
5081	0.30195028
5082	0.30221096
5083	0.30231416
5084	0.30224067
5085	0.30195028
5086	0.30083919
5087	0.30021614
5088	0.29897740
5089	0.29765674
5090	0.29646415
5091	0.29423073
5092	0.29308417
5093	0.29114464
5094	0.28900596
5095	0.28749648
5096	0.28428742
5097	0.28117383
5098	0.27820230
5099	0.27516702
5100	0.27229479
5101	0.26915163
5102	0.26603812
5103	0.26284161
5104	0.25969008
5105	0.25630814
5106	0.25339827
5107	0.25070980
5108	0.24827468
5109	0.24623893
5110	0.24456842
5111	0.24333693
5112	0.24255215
5113	0.24219078
5114	0.24199183
5115	0.24190105
5116	0.24162227
5117	0.24109556
5118	0.24032965
5119	0.23945582
5120	0.23861755
5121	0.23796444
5122	0.23760012
5123	0.23729745
5124	0.23643239
5125	0.23579913
5126	0.23504899
5127	0.23467627
5128	0.23309641
5129	0.23116878
5130	0.22924729
5131	0.22754681
5132	0.22568841
5133	0.22470427
5134	0.22416914
5135	0.22371270
5136	0.22393809
5137	0.22431357
5138	0.22478913
5139	0.22535115
5140	0.22572489
5141	0.22522637
5142	0.22631073
5143	0.22664826
5144	0.22681911
5145	0.22682701
5146	0.22664696
5147	0.22684939
5148	0.22726499
5149	0.22738256
5150	0.22762792
5151	0.22818023
5152	0.22904348
5153	0.22935192
5154	0.22978422
5155	0.23042573
5156	0.23121305
5157	0.23199762
5158	0.23290923
5159	0.23371771
5160	0.23484601
5161	0.23609281
5162	0.23756148
5163	0.23924696
5164	0.24114630
5165	0.24336180
5166	0.24587268
5167	0.24861881
5168	0.25153777
5169	0.25442684
5170	0.25705940
5171	0.25917000
5172	0.26070258
5173	0.26205149
5174	0.26359877
5175	0.26557383
5176	0.26773849
5177	0.27001515
5178	0.27218533
5179	0.27403897
5180	0.27554816
5181	0.27675289
5182	0.27769637
5183	0.27833652
5184	0.27857941
5185	0.27847859
5186	0.27793887
5187	0.27688593
5188	0.27534187
5189	0.27329865
5190	0.27095699
5191	0.26839757
5192	0.26578757
5193	0.26331437
5194	0.26110029
5195	0.25928047
5196	0.25801590
5197	0.25736383
5198	0.25734085
5199	0.25787786
5200	0.25889531
5201	0.26022190
5202	0.26163930
5203	0.26305392
5204	0.26430005
5205	0.26489186
5206	0.26638693
5207	0.26714945
5208	0.26783362
5209	0.26852608
5210	0.26920673
5211	0.26985919
5212	0.27047348
5213	0.27101693
5214	0.27147889
5215	0.27146342
5216	0.27206063
5217	0.27172002
5218	0.27150834
5219	0.26961645
5220	0.27029476
5221	0.27178273
5222	0.26849848
5223	0.26765147
5224	0.26627499
5225	0.26457265
5226	0.26249084
5227	0.26005337
5228	0.25801003
5229	0.25524747
5230	0.25237831
5231	0.24961427
5232	0.24670923
5233	0.24377526
5234	0.24085586
5235	0.23759298
5236	0.23467159
5237	0.23192078
5238	0.22937430
5239	0.22707683
5240	0.22514819
5241	0.22358772
5242	0.22249709
5243	0.22184730
5244	0.22161624
5245	0.22178668
5246	0.22226538
5247	0.22282746
5248	0.22351992
5249	0.22417104
5250	0.22501804
5251	0.22598958
5252	0.22727545
5253	0.22876643
5254	0.22924660
5255	0.22921185
5256	0.22880782
5257	0.22860669
5258	0.22763179
5259	0.22572456
5260	0.22360314
5261	0.22154495
5262	0.21971573
5263	0.21773870
5264	0.21644774
5265	0.21545570
5266	0.21510187
5267	0.21503589
5268	0.21515161
5269	0.21541730
5270	0.21415089
5271	0.21560261
5272	0.21597224
5273	0.21628450
5274	0.21625581
5275	0.21610348
5276	0.21573593
5277	0.21568112
5278	0.21590038
5279	0.21600182
5280	0.21646397
5281	0.21683648
5282	0.21755521
5283	0.21801579
5284	0.21838793
5285	0.21898454
5286	0.21964291
5287	0.22043109
5288	0.22127610
5289	0.22201943
5290	0.22303835
5291	0.22409259
5292	0.22521031
5293	0.22642563
5294	0.22784613
5295	0.22938080
5296	0.23114476
5297	0.23314585
5298	0.23544629
5299	0.23794499
5300	0.24041869
5301	0.24276401
5302	0.24474193
5303	0.24639703
5304	0.24790102
5305	0.24963665
5306	0.25156802
5307	0.25326779
5308	0.25462458
5309	0.25547701
5310	0.25592306
5311	0.25615662
5312	0.25601462
5313	0.25582740
5314	0.25560617
5315	0.25536540
5316	0.25505048
5317	0.25455391
5318	0.25380021
5319	0.25275302
5320	0.25144079
5321	0.24986809
5322	0.24820474
5323	0.24646243
5324	0.24478355
5325	0.24327078
5326	0.24201183
5327	0.24107362
5328	0.24058370
5329	0.24063665
5330	0.24122170
5331	0.24225900
5332	0.24371228
5333	0.24545524
5334	0.24734369
5335	0.24926287
5336	0.25102818
5337	0.25243512
5338	0.25366801
5339	0.25457290
5340	0.25590047
5341	0.25684363
5342	0.25771818
5343	0.25845677
5344	0.25914374
5345	0.25968045
5346	0.26010641
5347	0.26013860
5348	0.26012936
5349	0.26036260
5350	0.25987962
5351	0.25932837
5352	0.25894180
5353	0.25807050
5354	0.25741461
5355	0.25673404
5356	0.25578874
5357	0.25485384
5358	0.25374046
5359	0.25242689
5360	0.25090039
5361	0.25029412
5362	0.24817838
5363	0.24612831
5364	0.24418622
5365	0.24180666
5366	0.23941952
5367	0.23689529
5368	0.23415540
5369	0.23169130
5370	0.22923969
5371	0.22702269
5372	0.22506844
5373	0.22339873
5374	0.22212537
5375	0.22115771
5376	0.22058369
5377	0.22012152
5378	0.21976922
5379	0.21927762
5380	0.21874700
5381	0.21816500
5382	0.21762706
5383	0.21730492
5384	0.21723683
5385	0.21755484
5386	0.21826571
5387	0.21897571
5388	0.21860737
5389	0.21816996
5390	0.21756878
5391	0.21704143
5392	0.21531440
5393	0.21336238
5394	0.21130408
5395	0.20891362
5396	0.20666896
5397	0.20466770
5398	0.20395154
5399	0.20367675
5400	0.20379795
5401	0.20339355
5402	0.20432773
5403	0.20469326
5404	0.20533545
5405	0.20564309
5406	0.20581859
5407	0.20580605
5408	0.20547917
5409	0.20534693
5410	0.20611513
5411	0.20553853
5412	0.20574780
5413	0.20602056
5414	0.20643172
5415	0.20714685
5416	0.20767093
5417	0.20807323
5418	0.20868197
5419	0.20940827
5420	0.21023796
5421	0.21114781
5422	0.21208383
5423	0.21296370
5424	0.21404047
5425	0.21524493
5426	0.21663696
5427	0.21817918
5428	0.21993928
5429	0.22189020
5430	0.22404279
5431	0.22645392
5432	0.22903208
5433	0.23157363
5434	0.23387025
5435	0.23565957
5436	0.23706627
5437	0.23846877
5438	0.24010079
5439	0.24189571
5440	0.24361846
5441	0.24512516
5442	0.24630946
5443	0.24730806
5444	0.24809918
5445	0.24888645
5446	0.24935864
5447	0.24998449
5448	0.25055677
5449	0.25108773
5450	0.25143909
5451	0.25157726
5452	0.25142625
5453	0.25099489
5454	0.25030139
5455	0.24945934
5456	0.24849692
5457	0.24759953
5458	0.24680997
5459	0.24627626
5460	0.24600221
5461	0.24617580
5462	0.24689974
5463	0.24819811
5464	0.25007620
5465	0.25248027
5466	0.25527218
5467	0.25832918
5468	0.26138416
5469	0.26446199
5470	0.26735929
5471	0.26988330
5472	0.27241388
5473	0.27481845
5474	0.27712831
5475	0.27932972
5476	0.28130472
5477	0.28318906
5478	0.28485489
5479	0.28597102
5480	0.28750297
5481	0.28848854
5482	0.28875753
5483	0.28826591
5484	0.28935251
5485	0.28694177
5486	0.28987139
5487	0.28724808
5488	0.28648823
5489	0.28645235
5490	0.28497946
5491	0.28330335
5492	0.28147838
5493	0.28007337
5494	0.27800214
5495	0.27580667
5496	0.27378410
5497	0.27171522
5498	0.26969826
5499	0.26741716
5500	0.26476821
5501	0.26237321
5502	0.26005527
5503	0.25803497
5504	0.25655493
5505	0.25563741
5506	0.25526536
5507	0.25536817
5508	0.25586149
5509	0.25648430
5510	0.25717270
5511	0.25768110
5512	0.25796235
5513	0.25806078
5514	0.25808150
5515	0.25821406
5516	0.25861010
5517	0.25907886
5518	0.25862470
5519	0.25838211
5520	0.25801075
5521	0.25793716
5522	0.25671974
5523	0.25504079
5524	0.25319535
5525	0.25142959
5526	0.25004995
5527	0.24852900
5528	0.24787919
5529	0.24758323
5530	0.24749379
5531	0.24769109
5532	0.24797183
5533	0.24843721
5534	0.24904864
5535	0.24892704
5536	0.24931739
5537	0.24938478
5538	0.24950211
5539	0.24947850
5540	0.24947064
5541	0.24953829
5542	0.24995750
5543	0.25009376
5544	0.25062564
5545	0.25101939
5546	0.25166690
5547	0.25218964
5548	0.25264290
5549	0.25331521
5550	0.25413239
5551	0.25503981
5552	0.25609377
5553	0.25707081
5554	0.25835672
5555	0.25990310
5556	0.26127237
5557	0.26292771
5558	0.26470998
5559	0.26675618
5560	0.26911050
5561	0.27162462
5562	0.27436632
5563	0.27715990
5564	0.27980515
5565	0.28210628
5566	0.28392336
5567	0.28536767
5568	0.28682503
5569	0.28861901
5570	0.29083061
5571	0.29290029
5572	0.29475835
5573	0.29617912
5574	0.29707581
5575	0.29750255
5576	0.29756144
5577	0.29736853
5578	0.29697737
5579	0.29640520
5580	0.29558381
5581	0.29450688
5582	0.29309142
5583	0.29135668
5584	0.28927496
5585	0.28697392
5586	0.28459018
5587	0.28228185
5588	0.28020850
5589	0.27852157
5590	0.27744499
5591	0.27700397
5592	0.27719602
5593	0.27798951
5594	0.27933466
5595	0.28114283
5596	0.28322437
5597	0.28550881
5598	0.28776658
5599	0.28963193
5600	0.29136768
5601	0.29227674
5602	0.29446712
5603	0.29571092
5604	0.29691628
5605	0.29797336
5606	0.29901025
5607	0.29989594
5608	0.30070275
5609	0.30135733
5610	0.30161512
5611	0.30184835
5612	0.30227822
5613	0.30179167
5614	0.30122903
5615	0.29943347
5616	0.29919419
5617	0.29812300
5618	0.29697415
5619	0.29566640
5620	0.29513532
5621	0.29307854
5622	0.29089054
5623	0.28840026
5624	0.28620031
5625	0.28324655
5626	0.28006381
5627	0.27699345
5628	0.27388737
5629	0.27087978
5630	0.26752087
5631	0.26446161
5632	0.26156923
5633	0.25882557
5634	0.25641304
5635	0.25424737
5636	0.25248694
5637	0.25113857
5638	0.25037026
5639	0.25013885
5640	0.25041869
5641	0.25098571
5642	0.25158679
5643	0.25225914
5644	0.25285241
5645	0.25346553
5646	0.25416633
5647	0.25496954
5648	0.25488138
5649	0.25450692
5650	0.25386360
5651	0.25360739
5652	0.25260746
5653	0.25054097
5654	0.24833553
5655	0.24608742
5656	0.24401940
5657	0.24282469
5658	0.24129926
5659	0.24102281
5660	0.24095358
5661	0.24118449
5662	0.24148056
5663	0.24188371
5664	0.24226429
5665	0.24144642
5666	0.24249040
5667	0.24255702
5668	0.24258137
5669	0.24230032
5670	0.24216963
5671	0.24222246
5672	0.24239178
5673	0.24288721
5674	0.24325751
5675	0.24365108
5676	0.24416283
5677	0.24484973
5678	0.24535340
5679	0.24574859
5680	0.24641907
5681	0.24721506
5682	0.24810648
5683	0.24911943
5684	0.25024825
5685	0.25130871
5686	0.25273788
5687	0.25424573
5688	0.25600585
5689	0.25786468
5690	0.26003367
5691	0.26249018
5692	0.26517001
5693	0.26808748
5694	0.27099338
5695	0.27348793
5696	0.27545497
5697	0.27714750
5698	0.27890339
5699	0.28094801
5700	0.28315002
5701	0.28529710
5702	0.28709340
5703	0.28837609
5704	0.28918663
5705	0.28962943
5706	0.28942141
5707	0.28918070
5708	0.28882563
5709	0.28838280
5710	0.28784180
5711	0.28709009
5712	0.28620523
5713	0.28501037
5714	0.28362840
5715	0.28209305
5716	0.28049263
5717	0.27889565
5718	0.27744669
5719	0.27620557
5720	0.27519491
5721	0.27462208
5722	0.27445754
5723	0.27493033
5724	0.27605221
5725	0.27784929
5726	0.28022337
5727	0.28315720
5728	0.28642467
5729	0.28988490
5730	0.29314074
5731	0.29697147
5732	0.30025873
5733	0.30335447
5734	0.30621985
5735	0.30863461
5736	0.31120190
5737	0.31362629
5738	0.31595534
5739	0.31813756
5740	0.32023290
5741	0.32215774
5742	0.32387999
5743	0.32544598
5744	0.32674861
5745	0.32773221
5746	0.32796857
5747	0.32827491
5748	0.32807526
5749	0.32813680
5750	0.32679746
5751	0.32570076
5752	0.32314545
5753	0.32191306
5754	0.32015878
5755	0.31728202
5756	0.31447068
5757	0.31154197
5758	0.30833325
5759	0.30542076
5760	0.30224618
5761	0.29918078
5762	0.29570824
5763	0.29226214
5764	0.28860939
5765	0.28545961
5766	0.28263208
5767	0.28023347
5768	0.27841336
5769	0.27724549
5770	0.27675724
5771	0.27685067
5772	0.27735394
5773	0.27794287
5774	0.27841392
5775	0.27860543
5776	0.27848414
5777	0.27813244
5778	0.27778432
5779	0.27756470
5780	0.27771711
5781	0.27827016
5782	0.27916530
5783	0.28015172
5784	0.27984750
5785	0.27947730
5786	0.27896866
5787	0.27891654
5788	0.27803400
5789	0.27634069
5790	0.27438906
5791	0.27219236
5792	0.27055943
5793	0.26974484
5794	0.26871008
5795	0.26821220
5796	0.26818195
5797	0.26839778
5798	0.26863894
5799	0.26971966
5800	0.26999468
5801	0.27045411
5802	0.26970991
5803	0.27032134
5804	0.27040693
5805	0.27042958
5806	0.27060938
5807	0.27077103
5808	0.27094293
5809	0.27151448
5810	0.27211317
5811	0.27334255
5812	0.27353719
5813	0.27415255
5814	0.27496141
5815	0.27580750
5816	0.27675709
5817	0.27780122
5818	0.27891895
5819	0.27993074
5820	0.28119081
5821	0.28245947
5822	0.28386348
5823	0.28537491
5824	0.28708526
5825	0.28897250
5826	0.29108679
5827	0.29336235
5828	0.29582378
5829	0.29814968
5830	0.30011532
5831	0.30152979
5832	0.30265084
5833	0.30383030
5834	0.30532074
5835	0.30689922
5836	0.30824932
5837	0.30923331
5838	0.30971196
5839	0.30977267
5840	0.30965391
5841	0.30885297
5842	0.30815360
5843	0.30738321
5844	0.30655611
5845	0.30562168
5846	0.30453262
5847	0.30329156
5848	0.30178910
5849	0.30003536
5850	0.29813796
5851	0.29606643
5852	0.29399022
5853	0.29200098
5854	0.29028061
5855	0.28893173
5856	0.28818592
5857	0.28808793
5858	0.28870535
5859	0.28998730
5860	0.29184106
5861	0.29408205
5862	0.29668713
5863	0.29937619
5864	0.30202374
5865	0.30421296
5866	0.30602419
5867	0.30866310
5868	0.31057036
5869	0.31235123
5870	0.31402653
5871	0.31558931
5872	0.31698561
5873	0.31821677
5874	0.31924492
5875	0.32007277
5876	0.32072121
5877	0.32116851
5878	0.32141504
5879	0.32097369
5880	0.32066023
5881	0.32014444
5882	0.31921187
5883	0.32035857
5884	0.31656194
5885	0.31482169
5886	0.31305364
5887	0.31087288
5888	0.30910397
5889	0.30595329
5890	0.30358094
5891	0.29954168
5892	0.29579446
5893	0.29167151
5894	0.28738230
5895	0.28297290
5896	0.27811155
5897	0.27346918
5898	0.26876342
5899	0.26431993
5900	0.26025593
5901	0.25661892
5902	0.25359350
5903	0.25118479
5904	0.24937643
5905	0.24814211
5906	0.24732338
5907	0.24673329
5908	0.24607973
5909	0.24548142
5910	0.24478272
5911	0.24414335
5912	0.24370423
5913	0.24352252
5914	0.24373364
5915	0.24433303
5916	0.24426252
5917	0.24375413
5918	0.24313408
5919	0.24277341
5920	0.24167648
5921	0.23966056
5922	0.23784256
5923	0.23566225
5924	0.23352204
5925	0.23170438
5926	0.23058023
5927	0.22996879
5928	0.22883414
5929	0.22957274
5930	0.22976966
5931	0.23017603
5932	0.23013946
5933	0.23054823
5934	0.23068672
5935	0.23076317
5936	0.23062742
5937	0.23051096
5938	0.23041674
5939	0.23084004
5940	0.23075096
5941	0.23094541
5942	0.23142540
5943	0.23210315
5944	0.23256782
5945	0.23296604
5946	0.23352252
5947	0.23411904
5948	0.23487298
5949	0.23568006
5950	0.23643994
5951	0.23740275
5952	0.23851295
5953	0.23959239
5954	0.24076940
5955	0.24205154
5956	0.24356222
5957	0.24519747
5958	0.24705078
5959	0.24915937
5960	0.25148225
5961	0.25386947
5962	0.25615770
5963	0.25802523
5964	0.25947645
5965	0.26074922
5966	0.26216677
5967	0.26390558
5968	0.26570398
5969	0.26742908
5970	0.26894447
5971	0.27009737
5972	0.27118376
5973	0.27184677
5974	0.27246797
5975	0.27300844
5976	0.27348691
5977	0.27375415
5978	0.27376607
5979	0.27347353
5980	0.27272454
5981	0.27161387
5982	0.27014524
5983	0.26832873
5984	0.26640010
5985	0.26451680
5986	0.26284441
5987	0.26158053
5988	0.26078573
5989	0.26061830
5990	0.26095635
5991	0.26181382
5992	0.26304999
5993	0.26448435
5994	0.26594302
5995	0.26716790
5996	0.26894751
5997	0.27012834
5998	0.27106622
5999	0.27188641
6000	0.27255794
6001	0.27313730
6002	0.27365327
6003	0.27414700
6004	0.27451780
6005	0.27478072
6006	0.27492467
6007	0.27495518
6008	0.27450368
6009	0.27463299
6010	0.27385652
6011	0.27315000
6012	0.27246031
6013	0.27135000
6014	0.27135402
6015	0.26827711
6016	0.26722848
6017	0.26512286
6018	0.26183385
6019	0.25939915
6020	0.25753391
6021	0.25472143
6022	0.25183517
6023	0.24890475
6024	0.24590944
6025	0.24268338
6026	0.24048540
6027	0.23695283
6028	0.23400708
6029	0.23136258
6030	0.22879329
6031	0.22659709
6032	0.22483526
6033	0.22350040
6034	0.22270545
6035	0.22247760
6036	0.22278720
6037	0.22343391
6038	0.22436051
6039	0.22524659
6040	0.22614424
6041	0.22695941
6042	0.22777781
6043	0.22869214
6044	0.22979844
6045	0.23119885
6046	0.23220225
6047	0.23203757
6048	0.23176990
6049	0.23163071
6050	0.23125760
6051	0.22995394
6052	0.22756273
6053	0.22482790
6054	0.22261915
6055	0.22052340
6056	0.21920030
6057	0.21848789
6058	0.21821116
6059	0.21790884
6060	0.21830405
6061	0.21872057
6062	0.21917659
6063	0.21957849
6064	0.21959397
6065	0.21975455
6066	0.21977359
6067	0.21966794
6068	0.21952589
6069	0.21949661
6070	0.21961293
6071	0.22000323
6072	0.22017278
6073	0.22070658
6074	0.22135000
6075	0.22177702
6076	0.22195488
6077	0.22268425
6078	0.22330639
6079	0.22405304
6080	0.22488494
6081	0.22554065
6082	0.22668047
6083	0.22780700
6084	0.22903775
6085	0.23043720
6086	0.23194951
6087	0.23373443
6088	0.23576072
6089	0.23804057
6090	0.24064051
6091	0.24347728
6092	0.24642251
6093	0.24924338
6094	0.25165451
6095	0.25355214
6096	0.25530022
6097	0.25729150
6098	0.25936764
6099	0.26114362
6100	0.26264542
6101	0.26373914
6102	0.26452306
6103	0.26506782
6104	0.26520380
6105	0.26529458
6106	0.26519415
6107	0.26494896
6108	0.26453137
6109	0.26391470
6110	0.26295435
6111	0.26168954
6112	0.26012066
6113	0.25833508
6114	0.25636962
6115	0.25437796
6116	0.25247681
6117	0.25079572
6118	0.24948111
6119	0.24861751
6120	0.24841140
6121	0.24888015
6122	0.25007236
6123	0.25196397
6124	0.25435561
6125	0.25712603
6126	0.25997594
6127	0.26294154
6128	0.26562497
6129	0.26755890
6130	0.27074894
6131	0.27306601
6132	0.27524135
6133	0.27739984
6134	0.27943426
6135	0.28127927
6136	0.28294536
6137	0.28439823
6138	0.28532520
6139	0.28664401
6140	0.28738993
6141	0.28743577
6142	0.28806955
6143	0.28770548
6144	0.28696930
6145	0.28710479
6146	0.28550962
6147	0.28357041
6148	0.28191587
6149	0.28018263
6150	0.27915016
6151	0.27674270
6152	0.27431437
6153	0.27172896
6154	0.27003652
6155	0.26665893
6156	0.26365179
6157	0.26059115
6158	0.25751460
6159	0.25421050
6160	0.25108510
6161	0.24805707
6162	0.24513739
6163	0.24261217
6164	0.24041775
6165	0.23876327
6166	0.23770131
6167	0.23708670
6168	0.23670995
6169	0.23640537
6170	0.23608366
6171	0.23565821
6172	0.23519002
6173	0.23482153
6174	0.23462293
6175	0.23469688
6176	0.23511451
6177	0.23503673
6178	0.23450136
6179	0.23381497
6180	0.23345980
6181	0.23298553
6182	0.23188376
6183	0.22962263
6184	0.22717045
6185	0.22519697
6186	0.22341879
6187	0.22237420
6188	0.22200692
6189	0.22187974
6190	0.22170928
6191	0.22207434
6192	0.22242931
6193	0.22284456
6194	0.22322837
6195	0.22323199
6196	0.22346020
6197	0.22347043
6198	0.22334026
6199	0.22317898
6200	0.22312731
6201	0.22321232
6202	0.22373596
6203	0.22391285
6204	0.22438470
6205	0.22554159
6206	0.22575775
6207	0.22635704
6208	0.22690351
6209	0.22758412
6210	0.22839792
6211	0.22928813
6212	0.23025164
6213	0.23116872
6214	0.23230556
6215	0.23350915
6216	0.23482285
6217	0.23627342
6218	0.23795554
6219	0.23987147
6220	0.24202767
6221	0.24442188
6222	0.24693814
6223	0.24953350
6224	0.25194672
6225	0.25387484
6226	0.25528562
6227	0.25629935
6228	0.25739729
6229	0.25888488
6230	0.26060581
6231	0.26222298
6232	0.26370642
6233	0.26482773
6234	0.26566181
6235	0.26620802
6236	0.26656163
6237	0.26682758
6238	0.26695466
6239	0.26686034
6240	0.26647976
6241	0.26570469
6242	0.26455060
6243	0.26301393
6244	0.26110646
6245	0.25900477
6246	0.25680363
6247	0.25465482
6248	0.25269541
6249	0.25107613
6250	0.25001270
6251	0.24961449
6252	0.24990165
6253	0.25087169
6254	0.25249445
6255	0.25465620
6256	0.25723347
6257	0.25994188
6258	0.26287195
6259	0.26574123
6260	0.26833132
6261	0.27021572
6262	0.27343592
6263	0.27588949
6264	0.27827024
6265	0.28059801
6266	0.28275079
6267	0.28474209
6268	0.28653845
6269	0.28808996
6270	0.28948230
6271	0.29059136
6272	0.29139990
6273	0.29143715
6274	0.29159987
6275	0.29172689
6276	0.29137796
6277	0.29071653
6278	0.29014987
6279	0.28847489
6280	0.28616405
6281	0.28433979
6282	0.28197673
6283	0.28014937
6284	0.27720353
6285	0.27418959
6286	0.27104431
6287	0.26859495
6288	0.26460102
6289	0.26066005
6290	0.25670916
6291	0.25251129
6292	0.24832723
6293	0.24410135
6294	0.24009408
6295	0.23649356
6296	0.23332065
6297	0.23064290
6298	0.22857796
6299	0.22711907
6300	0.22617792
6301	0.22552364
6302	0.22501445
6303	0.22437544
6304	0.22373013
6305	0.22303359
6306	0.22244318
6307	0.22207090
6308	0.22201680
6309	0.22239092
6310	0.22254632
6311	0.22219755
6312	0.22144818
6313	0.22088864
6314	0.21962753
6315	0.21772082
6316	0.21549778
6317	0.21305203
6318	0.21072641
6319	0.20835820
6320	0.20730887
6321	0.20697269
6322	0.20691435
6323	0.20722064
6324	0.20766979
6325	0.20802151
6326	0.20834839
6327	0.20874308
6328	0.20894557
6329	0.20901185
6330	0.20899409
6331	0.20883143
6332	0.20872582
6333	0.20872356
6334	0.20905890
6335	0.20927775
6336	0.20982918
6337	0.21010743
6338	0.21086471
6339	0.21145266
6340	0.21200518
6341	0.21271890
6342	0.21355157
6343	0.21449278
6344	0.21550713
6345	0.21641089
6346	0.21760684
6347	0.21890737
6348	0.22035849
6349	0.22201498
6350	0.22383454
6351	0.22592376
6352	0.22829562
6353	0.23092064
6354	0.23373914
6355	0.23671496
6356	0.23951621
6357	0.24191417
6358	0.24382982
6359	0.24543551
6360	0.24708274
6361	0.24896446
6362	0.25096068
6363	0.25278190
6364	0.25432751
6365	0.25555411
6366	0.25644773
6367	0.25746053
6368	0.25767973
6369	0.25808957
6370	0.25845775
6371	0.25864613
6372	0.25862327
6373	0.25829148
6374	0.25763652
6375	0.25658134
6376	0.25524938
6377	0.25359493
6378	0.25176722
6379	0.24995661
6380	0.24821381
6381	0.24679929
6382	0.24577920
6383	0.24537975
6384	0.24568482
6385	0.24668139
6386	0.24826756
6387	0.25035495
6388	0.25285089
6389	0.25556222
6390	0.25818509
6391	0.26085782
6392	0.26337793
6393	0.26566964
6394	0.26767793
6395	0.26993293
6396	0.27203616
6397	0.27406082
6398	0.27605847
6399	0.27783349
6400	0.27907163
6401	0.28094420
6402	0.28187886
6403	0.28327352
6404	0.28415808
6405	0.28428850
6406	0.28449756
6407	0.28506613
6408	0.28458259
6409	0.28357217
6410	0.28376377
6411	0.28306293
6412	0.28183043
6413	0.27978230
6414	0.27807283
6415	0.27741042
6416	0.27496380
6417	0.27282488
6418	0.27064952
6419	0.26848280
6420	0.26676899
6421	0.26430312
6422	0.26173836
6423	0.25945121
6424	0.25743651
6425	0.25537518
6426	0.25378779
6427	0.25256208
6428	0.25183868
6429	0.25166795
6430	0.25202796
6431	0.25281221
6432	0.25380400
6433	0.25483418
6434	0.25575569
6435	0.25653288
6436	0.25720897
6437	0.25797737
6438	0.25884941
6439	0.25999266
6440	0.26135734
6441	0.26191318
6442	0.26202673
6443	0.26173401
6444	0.26162744
6445	0.26050159
6446	0.25927755
6447	0.25714958
6448	0.25502306
6449	0.25294223
6450	0.25108400
6451	0.24990346
6452	0.24929951
6453	0.24913301
6454	0.24824540
6455	0.24908222
6456	0.24950929
6457	0.24977858
6458	0.25014144
6459	0.25038648
6460	0.25050589
6461	0.25045782
6462	0.25033104
6463	0.25023949
6464	0.25093848
6465	0.25055557
6466	0.25071433
6467	0.25113010
6468	0.25181600
6469	0.25215742
6470	0.25242779
6471	0.25298849
6472	0.25354356
6473	0.25424033
6474	0.25502264
6475	0.25475159
6476	0.25674200
6477	0.25784266
6478	0.25902140
6479	0.26033515
6480	0.26180840
6481	0.26343229
6482	0.26521084
6483	0.26722831
6484	0.26944607
6485	0.27174807
6486	0.27398619
6487	0.27596831
6488	0.27751225
6489	0.27853265
6490	0.27932569
6491	0.28032586
6492	0.28179356
6493	0.28338581
6494	0.28492457
6495	0.28620887
6496	0.28722742
6497	0.28792369
6498	0.28848577
6499	0.28854927
6500	0.28868780
6501	0.28867730
6502	0.28855103
6503	0.28825629
6504	0.28771117
6505	0.28690779
6506	0.28579152
6507	0.28433549
6508	0.28265548
6509	0.28084555
6510	0.27898446
6511	0.27725008
6512	0.27581799
6513	0.27486658
6514	0.27454782
6515	0.27501351
6516	0.27614814
6517	0.27789873
6518	0.28012875
6519	0.28272599
6520	0.28544736
6521	0.28801951
6522	0.29023257
6523	0.29278454
6524	0.29477933
6525	0.29653093
6526	0.29809707
6527	0.29954556
6528	0.30087808
6529	0.30207515
6530	0.30310202
6531	0.30395740
6532	0.30459273
6533	0.30511296
6534	0.30541703
6535	0.30527321
6536	0.30534142
6537	0.30499467
6538	0.30524334
6539	0.30393040
6540	0.30298233
6541	0.30182716
6542	0.29937872
6543	0.29859385
6544	0.29595131
6545	0.29379490
6546	0.29140183
6547	0.28960347
6548	0.28661364
6549	0.28350481
6550	0.28022930
6551	0.27713811
6552	0.27353853
6553	0.26978403
6554	0.26602307
6555	0.26257324
6556	0.25930214
6557	0.25610122
6558	0.25325128
6559	0.25073704
6560	0.24878448
6561	0.24740055
6562	0.24658206
6563	0.24638876
6564	0.24663427
6565	0.24714342
6566	0.24788016
6567	0.24874532
6568	0.24978133
6569	0.25102547
6570	0.25259355
6571	0.25402221
6572	0.25408733
6573	0.25405166
6574	0.25396952
6575	0.25393218
6576	0.25234216
6577	0.25045720
6578	0.24812438
6579	0.24596232
6580	0.24393645
6581	0.24244121
6582	0.24157543
6583	0.24105264
6584	0.24094340
6585	0.24045514
6586	0.24096274
6587	0.24137846
6588	0.24150522
6589	0.24186306
6590	0.24207529
6591	0.24210109
6592	0.24203615
6593	0.24197645
6594	0.24199414
6595	0.24245606
6596	0.24276337
6597	0.24323547
6598	0.24378189
6599	0.24472642
6600	0.24542992
6601	0.24608056
6602	0.24689814
6603	0.24785797
6604	0.24888122
6605	0.24997780
6606	0.25126931
6607	0.25241274
6608	0.25380316
6609	0.25532398
6610	0.25705439
6611	0.25901854
6612	0.26121357
6613	0.26369077
6614	0.26645732
6615	0.26955375
6616	0.27287290
6617	0.27608320
6618	0.27889633
6619	0.28142333
6620	0.28388971
6621	0.28673556
6622	0.28998706
6623	0.29334959
6624	0.29667562
6625	0.29956436
6626	0.30182192
6627	0.30335352
6628	0.30447546
6629	0.30508825
6630	0.30518007
6631	0.30520058
6632	0.30493680
6633	0.30425122
6634	0.30323055
6635	0.30167800
6636	0.29964542
6637	0.29713187
6638	0.29424149
6639	0.29112354
6640	0.28792921
6641	0.28483582
6642	0.28193587
6643	0.27944124
6644	0.27741995
6645	0.27607056
6646	0.27558807
6647	0.27596343
6648	0.27716601
6649	0.27898017
6650	0.28124785
6651	0.28387201
6652	0.28662020
6653	0.28909829
6654	0.29134971
6655	0.29420251
6656	0.29662925
6657	0.29903963
6658	0.30140656
6659	0.30379000
6660	0.30610079
6661	0.30836707
6662	0.31062812
6663	0.31273499
6664	0.31477922
6665	0.31663024
6666	0.31797528
6667	0.31958658
6668	0.32011348
6669	0.32080880
6670	0.32105884
6671	0.32079816
6672	0.32158688
6673	0.31872752
6674	0.31870970
6675	0.31850120
6676	0.31627116
6677	0.31455714
6678	0.31170192
6679	0.30861479
6680	0.30541953
6681	0.30203485
6682	0.29856297
6683	0.29486856
6684	0.29111061
6685	0.28657401
6686	0.28224564
6687	0.27795091
6688	0.27386424
6689	0.27012593
6690	0.26681337
6691	0.26417202
6692	0.26225504
6693	0.26115394
6694	0.26079491
6695	0.26088822
6696	0.26114878
6697	0.26128870
6698	0.26118261
6699	0.26070872
6700	0.26004526
6701	0.25934899
6702	0.25884584
6703	0.25870731
6704	0.25897455
6705	0.25957733
6706	0.26018229
6707	0.25954938
6708	0.25878334
6709	0.25779876
6710	0.25735110
6711	0.25614536
6712	0.25439271
6713	0.25227103
6714	0.25007412
6715	0.24805856
6716	0.24635659
6717	0.24541411
6718	0.24507639
6719	0.24516273
6720	0.24538155
6721	0.24584040
6722	0.24566257
6723	0.24616978
6724	0.24657173
6725	0.24663994
6726	0.24674192
6727	0.24664837
6728	0.24639219
6729	0.24616367
6730	0.24614473
6731	0.24637924
6732	0.24655242
6733	0.24682249
6734	0.24747500
6735	0.24797752
6736	0.24808723
6737	0.24904341
6738	0.24970058
6739	0.25040868
6740	0.25121388
6741	0.25204995
6742	0.25282389
6743	0.25377750
6744	0.25479484
6745	0.25594479
6746	0.25719631
6747	0.25865531
6748	0.26025233
6749	0.26212052
6750	0.26421946
6751	0.26668006
6752	0.26949021
6753	0.27244458
6754	0.27521363
6755	0.27760813
6756	0.27972367
6757	0.28192702
6758	0.28434926
6759	0.28681153
6760	0.28909874
6761	0.29100510
6762	0.29242423
6763	0.29348651
6764	0.29441056
6765	0.29482692
6766	0.29531494
6767	0.29575792
6768	0.29616427
6769	0.29640487
6770	0.29648820
6771	0.29630998
6772	0.29586735
6773	0.29513618
6774	0.29412234
6775	0.29295695
6776	0.29177555
6777	0.29070619
6778	0.28998855
6779	0.28972292
6780	0.29015148
6781	0.29129645
6782	0.29315972
6783	0.29559141
6784	0.29851773
6785	0.30178547
6786	0.30506939
6787	0.30788732
6788	0.31157777
6789	0.31444749
6790	0.31701013
6791	0.31903487
6792	0.32108662
6793	0.32299632
6794	0.32476953
6795	0.32640341
6796	0.32786539
6797	0.32916608
6798	0.33029050
6799	0.33124447
6800	0.33201101
6801	0.33230272
6802	0.33281633
6803	0.33241099
6804	0.33192798
6805	0.33123741
6806	0.33078483
6807	0.33038655
6808	0.32682312
6809	0.32485092
6810	0.32273662
6811	0.32099369
6812	0.31868443
6813	0.31512722
6814	0.31160188
6815	0.30779800
6816	0.30389202
6817	0.29979888
6818	0.29563579
6819	0.29139456
6820	0.28691149
6821	0.28259829
6822	0.27853191
6823	0.27481881
6824	0.27153257
6825	0.26872718
6826	0.26646212
6827	0.26490131
6828	0.26408872
6829	0.26393238
6830	0.26417452
6831	0.26456133
6832	0.26492220
6833	0.26510048
6834	0.26521346
6835	0.26530570
6836	0.26557070
6837	0.26612911
6838	0.26680872
6839	0.26652035
6840	0.26621163
6841	0.26580179
6842	0.26570058
6843	0.26433986
6844	0.26230851
6845	0.25985298
6846	0.25795436
6847	0.25571507
6848	0.25415230
6849	0.25335702
6850	0.25294685
6851	0.25284564
6852	0.25311643
6853	0.25354862
6854	0.25399190
6855	0.25380462
6856	0.25415525
6857	0.25432962
6858	0.25440753
6859	0.25437987
6860	0.25432310
6861	0.25433111
6862	0.25469005
6863	0.25498691
6864	0.25539643
6865	0.25572732
6866	0.25668988
6867	0.25731620
6868	0.25786892
6869	0.25861457
6870	0.25948101
6871	0.26039255
6872	0.26139161
6873	0.26251835
6874	0.26353687
6875	0.26493472
6876	0.26636103
6877	0.26809925
6878	0.27008650
6879	0.27240986
6880	0.27503702
6881	0.27796209
6882	0.28111455
6883	0.28443810
6884	0.28759316
6885	0.29032597
6886	0.29250655
6887	0.29450673
6888	0.29686552
6889	0.29976618
6890	0.30289689
6891	0.30623388
6892	0.30938965
6893	0.31211233
6894	0.31429076
6895	0.31602484
6896	0.31716749
6897	0.31795520
6898	0.31831452
6899	0.31825268
6900	0.31765708
6901	0.31664193
6902	0.31527230
6903	0.31360155
6904	0.31176391
6905	0.30984145
6906	0.30800149
6907	0.30625343
6908	0.30469805
6909	0.30343151
6910	0.30253395
6911	0.30207893
6912	0.30217579
6913	0.30289698
6914	0.30442566
6915	0.30661911
6916	0.30937499
6917	0.31246266
6918	0.31551549
6919	0.31924808
6920	0.32248333
6921	0.32523304
6922	0.32793871
6923	0.33038351
6924	0.33268440
6925	0.33481470
6926	0.33682504
6927	0.33868212
6928	0.34039599
6929	0.34190777
6930	0.34325877
6931	0.34441712
6932	0.34532136
6933	0.34601668
6934	0.34642240
6935	0.34604850
6936	0.34580094
6937	0.34516796
6938	0.34510943
6939	0.34404576
6940	0.34326878
6941	0.34026620
6942	0.33826169
6943	0.33741665
6944	0.33412173
6945	0.33076864
6946	0.32707974
6947	0.32343215
6948	0.31966180
6949	0.31580919
6950	0.31193185
6951	0.30797857
6952	0.30412546
6953	0.29980376
6954	0.29586181
6955	0.29223394
6956	0.28897205
6957	0.28621003
6958	0.28408018
6959	0.28262079
6960	0.28175783
6961	0.28154603
6962	0.28181577
6963	0.28238162
6964	0.28309745
6965	0.28371707
6966	0.28419894
6967	0.28460157
6968	0.28502694
6969	0.28557357
6970	0.28590149
6971	0.28545573
6972	0.28516322
6973	0.28489330
6974	0.28501156
6975	0.28387398
6976	0.28220257
6977	0.28039855
6978	0.27851838
6979	0.27699807
6980	0.27605352
6981	0.27550235
6982	0.27522361
6983	0.27518103
6984	0.27528557
6985	0.27566203
6986	0.27655569
6987	0.27644733
6988	0.27678889
6989	0.27540770
6990	0.27636746
6991	0.27634683
6992	0.27632234
6993	0.27626276
6994	0.27633125
6995	0.27666160
6996	0.27697721
6997	0.27735347
6998	0.27788958
6999	0.27856839
7000	0.27910388
7001	0.27962223
7002	0.28030914
7003	0.28106838
7004	0.28189975
7005	0.28279090
7006	0.28364435
7007	0.28470582
7008	0.28581664
7009	0.28710550
7010	0.28853348
7011	0.29009569
7012	0.29184169
7013	0.29382762
7014	0.29587799
7015	0.29794690
7016	0.29981890
7017	0.30133832
7018	0.30232459
7019	0.30294737
7020	0.30367655
7021	0.30503362
7022	0.30689204
7023	0.30897805
7024	0.31112114
7025	0.31307766
7026	0.31465489
7027	0.31589979
7028	0.31681132
7029	0.31735009
7030	0.31759968
7031	0.31754851
7032	0.31718788
7033	0.31642488
7034	0.31530443
7035	0.31361157
7036	0.31179324
7037	0.30964616
7038	0.30737263
7039	0.30507183
7040	0.30290660
7041	0.30108735
7042	0.29975453
7043	0.29899642
7044	0.29892302
7045	0.29954004
7046	0.30080485
7047	0.30258217
7048	0.30482268
7049	0.30733511
7050	0.30985501
7051	0.31175205
7052	0.31434375
7053	0.31638429
7054	0.31824264
7055	0.31994173
7056	0.32160828
7057	0.32322308
7058	0.32469738
7059	0.32608896
7060	0.32725585
7061	0.32819611
7062	0.32857066
7063	0.32936582
7064	0.32945412
7065	0.32878327
7066	0.32822666
7067	0.32720748
7068	0.32612166
7069	0.32435939
7070	0.32192293
7071	0.32099447
7072	0.32016695
7073	0.31736240
7074	0.31543064
7075	0.31208667
7076	0.30861300
7077	0.30490443
7078	0.30111820
7079	0.29737782
7080	0.29373398
7081	0.29021060
7082	0.28626934
7083	0.28267390
7084	0.27909711
7085	0.27569467
7086	0.27265364
7087	0.27007425
7088	0.26805383
7089	0.26659262
7090	0.26572448
7091	0.26548088
7092	0.26572022
7093	0.26637155
7094	0.26719311
7095	0.26787561
7096	0.26847702
7097	0.26890820
7098	0.26935658
7099	0.26984885
7100	0.27060121
7101	0.27165794
7102	0.27210155
7103	0.27201667
7104	0.27164385
7105	0.27138093
7106	0.27069399
7107	0.26868361
7108	0.26682946
7109	0.26456118
7110	0.26243711
7111	0.26063648
7112	0.25950438
7113	0.25910163
7114	0.25889832
7115	0.25911203
7116	0.25941202
7117	0.25985807
7118	0.26050207
7119	0.26103893
7120	0.26156297
7121	0.25994024
7122	0.26116890
7123	0.26095060
7124	0.26099092
7125	0.26106977
7126	0.26192844
7127	0.26177463
7128	0.26202917
7129	0.26259866
7130	0.26342702
7131	0.26401305
7132	0.26450059
7133	0.26519194
7134	0.26597965
7135	0.26679012
7136	0.26768056
7137	0.26848513
7138	0.26948950
7139	0.27058631
7140	0.27181974
7141	0.27329916
7142	0.27493951
7143	0.27685568
7144	0.27903843
7145	0.28150016
7146	0.28416860
7147	0.28683969
7148	0.28909594
7149	0.29086220
7150	0.29232365
7151	0.29389098
7152	0.29571214
7153	0.29752713
7154	0.29915023
7155	0.30043864
7156	0.30122337
7157	0.30155310
7158	0.30158293
7159	0.30138767
7160	0.30105060
7161	0.30062494
7162	0.30005148
7163	0.29922238
7164	0.29819277
7165	0.29682618
7166	0.29517680
7167	0.29325917
7168	0.29113525
7169	0.28887224
7170	0.28657407
7171	0.28435943
7172	0.28228572
7173	0.28053981
7174	0.27920914
7175	0.27839032
7176	0.27824330
7177	0.27870700
7178	0.27971807
7179	0.28119648
7180	0.28302580
7181	0.28491151
7182	0.28670076
7183	0.28756791
7184	0.28989154
7185	0.29122445
7186	0.29231632
7187	0.29327816
7188	0.29414910
7189	0.29490206
7190	0.29548255
7191	0.29585052
7192	0.29597446
7193	0.29587075
7194	0.29552260
7195	0.29490396
7196	0.29410785
7197	0.29301706
7198	0.29129049
7199	0.28953332
7200	0.28760740
7201	0.28525159
7202	0.28426403
7203	0.27980664
7204	0.27721506
7205	0.27550256
7206	0.27210692
7207	0.26888627
7208	0.26566795
7209	0.26240852
7210	0.25921962
7211	0.25657371
7212	0.25354981
7213	0.25032133
7214	0.24801941
7215	0.24557398
7216	0.24359880
7217	0.24188310
7218	0.24055159
7219	0.23960535
7220	0.23906903
7221	0.23896803
7222	0.23948564
7223	0.24046710
7224	0.24182574
7225	0.24326032
7226	0.24469200
7227	0.24596404
7228	0.24714002
7229	0.24831599
7230	0.24957389
7231	0.25088269
7232	0.25105950
7233	0.25085244
7234	0.25033572
7235	0.25039354
7236	0.24920224
7237	0.24719378
7238	0.24524212
7239	0.24321471
7240	0.24127293
7241	0.24010807
7242	0.23905377
7243	0.23864143
7244	0.23843177
7245	0.23847060
7246	0.23865438
7247	0.23903081
7248	0.23938917
7249	0.23845452
7250	0.23966910
7251	0.23980424
7252	0.23986332
7253	0.23969629
7254	0.23974814
7255	0.23993561
7256	0.24049576
7257	0.24091631
7258	0.24165855
7259	0.24255957
7260	0.24325338
7261	0.24346231
7262	0.24470221
7263	0.24564552
7264	0.24673343
7265	0.24790768
7266	0.24920692
7267	0.25063550
7268	0.25225499
7269	0.25408262
7270	0.25615215
7271	0.25845855
7272	0.26124370
7273	0.26442426
7274	0.26805848
7275	0.27205303
7276	0.27633396
7277	0.28059366
7278	0.28450456
7279	0.28817400
7280	0.29186305
7281	0.29602838
7282	0.30067843
7283	0.30553129
7284	0.31046212
7285	0.31506875
7286	0.31905684
7287	0.32226294
7288	0.32474807
7289	0.32652667
7290	0.32766819
7291	0.32826161
7292	0.32830051
7293	0.32775500
7294	0.32671243
7295	0.32522133
7296	0.32332942
7297	0.32125369
7298	0.31906199
7299	0.31681168
7300	0.31466788
7301	0.31270316
7302	0.31097940
7303	0.30965051
7304	0.30869401
7305	0.30833346
7306	0.30860212
7307	0.30953181
7308	0.31105793
7309	0.31295395
7310	0.31540033
7311	0.31805021
7312	0.32073483
7313	0.32288745
7314	0.32650551
7315	0.32935560
7316	0.33218688
7317	0.33501905
7318	0.33782876
7319	0.34063998
7320	0.34337044
7321	0.34599501
7322	0.34847081
7323	0.35076314
7324	0.35289508
7325	0.35474500
7326	0.35577723
7327	0.35724589
7328	0.35816485
7329	0.35858196
7330	0.36010450
7331	0.35969847
7332	0.35970068
7333	0.35828355
7334	0.35688332
7335	0.35495299
7336	0.35255927
7337	0.34988534
7338	0.34703958
7339	0.34405211
7340	0.34096149
7341	0.33788645
7342	0.33451954
7343	0.33099127
7344	0.32732472
7345	0.32352385
7346	0.31929857
7347	0.31546953
7348	0.31193444
7349	0.30887991
7350	0.30638185
7351	0.30456808
7352	0.30349794
7353	0.30318099
7354	0.30340299
7355	0.30389971
7356	0.30433041
7357	0.30448523
7358	0.30416834
7359	0.30347240
7360	0.30261421
7361	0.30178183
7362	0.30111548
7363	0.30071834
7364	0.29990867
7365	0.29955122
7366	0.29906610
7367	0.29913059
7368	0.29831564
7369	0.29680625
7370	0.29533195
7371	0.29394665
7372	0.29263633
7373	0.29152054
7374	0.29107255
7375	0.29080671
7376	0.29064620
7377	0.29090488
7378	0.29108924
7379	0.29151544
7380	0.29119560
7381	0.29154435
7382	0.29257727
7383	0.29285672
7384	0.29314435
7385	0.29315960
7386	0.29312158
7387	0.29336944
7388	0.29315174
7389	0.29297906
7390	0.29331574
7391	0.29381520
7392	0.29479125
7393	0.29486030
7394	0.29512653
7395	0.29563552
7396	0.29621848
7397	0.29684684
7398	0.29752129
7399	0.29802772
7400	0.29899138
7401	0.29988495
7402	0.30087093
7403	0.30195549
7404	0.30316892
7405	0.30456266
7406	0.30612883
7407	0.30790073
7408	0.30969959
7409	0.31144536
7410	0.31301469
7411	0.31406227
7412	0.31474066
7413	0.31537560
7414	0.31620613
7415	0.31712726
7416	0.31792411
7417	0.31845868
7418	0.31869471
7419	0.31877261
7420	0.31859836
7421	0.31837222
7422	0.31805125
7423	0.31762558
7424	0.31704423
7425	0.31619495
7426	0.31505951
7427	0.31352678
7428	0.31162044
7429	0.30936703
7430	0.30685639
7431	0.30420402
7432	0.30160868
7433	0.29919705
7434	0.29707304
7435	0.29543555
7436	0.29430929
7437	0.29375696
7438	0.29382452
7439	0.29436588
7440	0.29523948
7441	0.29598582
7442	0.29777181
7443	0.29874495
7444	0.29960969
7445	0.30014810
7446	0.30033422
7447	0.30031642
7448	0.30015597
7449	0.29984742
7450	0.29945067
7451	0.29891863
7452	0.29814214
7453	0.29719478
7454	0.29601598
7455	0.29461998
7456	0.29296002
7457	0.29067582
7458	0.28836277
7459	0.28573710
7460	0.28294343
7461	0.27992043
7462	0.27827588
7463	0.27347234
7464	0.26979876
7465	0.26591393
7466	0.26175991
7467	0.25744024
7468	0.25373828
7469	0.24958795
7470	0.24543820
7471	0.24164040
7472	0.23703767
7473	0.23430736
7474	0.23098023
7475	0.22768937
7476	0.22514404
7477	0.22308108
7478	0.22161654
7479	0.22071299
7480	0.22030456
7481	0.22039452
7482	0.22092195
7483	0.22177647
7484	0.22271761
7485	0.22366962
7486	0.22451390
7487	0.22521697
7488	0.22583462
7489	0.22648622
7490	0.22728544
7491	0.22820811
7492	0.22925004
7493	0.22959353
7494	0.22901325
7495	0.22830580
7496	0.22752665
7497	0.22702380
7498	0.22528356
7499	0.22333677
7500	0.22147392
7501	0.21958509
7502	0.21841046
7503	0.21744810
7504	0.21701944
7505	0.21654201
7506	0.21664651
7507	0.21684253
7508	0.21710496
7509	0.21645378
7510	0.21766105
7511	0.21742858
7512	0.21772167
7513	0.21794398
7514	0.21787804
7515	0.21781689
7516	0.21767646
7517	0.21806213
7518	0.21831167
7519	0.21874318
7520	0.21957847
7521	0.22042018
7522	0.22104031
7523	0.22158183
7524	0.22234212
7525	0.22320323
7526	0.22417805
7527	0.22524385
7528	0.22609019
7529	0.22755229
7530	0.22895031
7531	0.23052639
7532	0.23228174
7533	0.23428820
7534	0.23659523
7535	0.23925948
7536	0.24227923
7537	0.24559602
7538	0.24911754
7539	0.25254774
7540	0.25566128
7541	0.25829792
7542	0.26067844
7543	0.26320383
7544	0.26618049
7545	0.26934186
7546	0.27250797
7547	0.27543241
7548	0.27784893
7549	0.27962911
7550	0.28092849
7551	0.28184569
7552	0.28244552
7553	0.28281996
7554	0.28297037
7555	0.28292617
7556	0.28253874
7557	0.28177118
7558	0.28063524
7559	0.27920103
7560	0.27747938
7561	0.27560949
7562	0.27366218
7563	0.27177536
7564	0.27013689
7565	0.26882327
7566	0.26803252
7567	0.26784933
7568	0.26837671
7569	0.26961046
7570	0.27136728
7571	0.27361241
7572	0.27620867
7573	0.27872884
7574	0.28100905
7575	0.28414145
7576	0.28666374
7577	0.28895056
7578	0.29111138
7579	0.29316276
7580	0.29515359
7581	0.29704306
7582	0.29879192
7583	0.30033478
7584	0.30169627
7585	0.30288780
7586	0.30376917
7587	0.30441746
7588	0.30480421
7589	0.30449921
7590	0.30425227
7591	0.30357128
7592	0.30275834
7593	0.30112666
7594	0.30246064
7595	0.29894799
7596	0.29771525
7597	0.29534519
7598	0.29260349
7599	0.28926143
7600	0.28628284
7601	0.28309605
7602	0.28008896
7603	0.27682751
7604	0.27357483
7605	0.27026284
7606	0.26696944
7607	0.26361209
7608	0.26007625
7609	0.25703818
7610	0.25435218
7611	0.25215790
7612	0.25059238
7613	0.24971980
7614	0.24959919
7615	0.25014088
7616	0.25116387
7617	0.25246271
7618	0.25373158
7619	0.25474581
7620	0.25549537
7621	0.25610182
7622	0.25668791
7623	0.25746080
7624	0.25846356
7625	0.25863591
7626	0.25874659
7627	0.25844377
7628	0.25843391
7629	0.25774467
7630	0.25588778
7631	0.25396660
7632	0.25191456
7633	0.24993360
7634	0.24837354
7635	0.24766681
7636	0.24735005
7637	0.24754882
7638	0.24762268
7639	0.24794425
7640	0.24842130
7641	0.24875663
7642	0.24928159
7643	0.24888948
7644	0.24994661
7645	0.25096041
7646	0.24940471
7647	0.24969754
7648	0.24972647
7649	0.25019690
7650	0.25062627
7651	0.25094441
7652	0.25139484
7653	0.25227398
7654	0.25274602
7655	0.25304621
7656	0.25386873
7657	0.25469831
7658	0.25557515
7659	0.25649890
7660	0.25752559
7661	0.25846225
7662	0.25970349
7663	0.26107308
7664	0.26264086
7665	0.26441422
7666	0.26647970
7667	0.26879919
7668	0.27139699
7669	0.27424797
7670	0.27708349
7671	0.27959552
7672	0.28157374
7673	0.28326270
7674	0.28503290
7675	0.28723457
7676	0.28977045
7677	0.29232568
7678	0.29477894
7679	0.29673979
7680	0.29824004
7681	0.29915914
7682	0.29979131
7683	0.30008954
7684	0.30017665
7685	0.30011806
7686	0.29985398
7687	0.29935023
7688	0.29856706
7689	0.29749167
7690	0.29608011
7691	0.29439300
7692	0.29249641
7693	0.29050165
7694	0.28850168
7695	0.28669539
7696	0.28512785
7697	0.28402588
7698	0.28348672
7699	0.28360963
7700	0.28445628
7701	0.28590688
7702	0.28788829
7703	0.29022652
7704	0.29278955
7705	0.29516551
7706	0.29743192
7707	0.29896536
7708	0.30172771
7709	0.30354577
7710	0.30522817
7711	0.30683410
7712	0.30838287
7713	0.30973464
7714	0.31092617
7715	0.31186825
7716	0.31259060
7717	0.31306595
7718	0.31299844
7719	0.31329316
7720	0.31262416
7721	0.31200451
7722	0.31095591
7723	0.30977058
7724	0.30844015
7725	0.30631238
7726	0.30503371
7727	0.30291978
7728	0.30102986
7729	0.29819927
7730	0.29499286
7731	0.29183820
7732	0.28871876
7733	0.28572968
7734	0.28292364
7735	0.28008789
7736	0.27722362
7737	0.27434170
7738	0.27150264
7739	0.26856300
7740	0.26607543
7741	0.26397583
7742	0.26235300
7743	0.26120153
7744	0.26063985
7745	0.26068828
7746	0.26130253
7747	0.26229513
7748	0.26335987
7749	0.26435915
7750	0.26504225
7751	0.26533768
7752	0.26533633
7753	0.26529109
7754	0.26533130
7755	0.26560649
7756	0.26571470
7757	0.26514006
7758	0.26464874
7759	0.26417843
7760	0.26396379
7761	0.26250535
7762	0.26074240
7763	0.25897717
7764	0.25725937
7765	0.25571388
7766	0.25463769
7767	0.25424680
7768	0.25381431
7769	0.25392446
7770	0.25408787
7771	0.25430140
7772	0.25467974
7773	0.25415659
7774	0.25444099
7775	0.25565997
7776	0.25652546
7777	0.25406674
7778	0.25506467
7779	0.25482279
7780	0.25583240
7781	0.25536427
7782	0.25557256
7783	0.25606114
7784	0.25719488
7785	0.25723577
7786	0.25695121
7787	0.25804451
7788	0.25858176
7789	0.25924024
7790	0.25998151
7791	0.26079276
7792	0.26154116
7793	0.26248437
7794	0.26353237
7795	0.26458395
7796	0.26575941
7797	0.26707304
7798	0.26847431
7799	0.27010825
7800	0.27186301
7801	0.27377322
7802	0.27551228
7803	0.27695742
7804	0.27801803
7805	0.27865416
7806	0.27924308
7807	0.28027037
7808	0.28179106
7809	0.28349903
7810	0.28514764
7811	0.28661200
7812	0.28762695
7813	0.28839526
7814	0.28884813
7815	0.28910542
7816	0.28929660
7817	0.28937051
7818	0.28932777
7819	0.28911108
7820	0.28867805
7821	0.28790203
7822	0.28681976
7823	0.28547406
7824	0.28388664
7825	0.28219533
7826	0.28054699
7827	0.27901316
7828	0.27785328
7829	0.27714559
7830	0.27705425
7831	0.27761093
7832	0.27878374
7833	0.28048226
7834	0.28266543
7835	0.28509936
7836	0.28768361
7837	0.29016146
7838	0.29230464
7839	0.29435912
7840	0.29618770
7841	0.29777429
7842	0.29915160
7843	0.30042246
7844	0.30154929
7845	0.30252653
7846	0.30334651
7847	0.30399290
7848	0.30443963
7849	0.30473906
7850	0.30449736
7851	0.30465627
7852	0.30397055
7853	0.30333138
7854	0.30236045
7855	0.30136383
7856	0.30254993
7857	0.29901987
7858	0.29753837
7859	0.29596832
7860	0.29524511
7861	0.29323459
7862	0.29120249
7863	0.28920007
7864	0.28713968
7865	0.28498903
7866	0.28278223
7867	0.28021556
7868	0.27739969
7869	0.27436858
7870	0.27125829
7871	0.26786834
7872	0.26485226
7873	0.26213509
7874	0.25972864
7875	0.25773641
7876	0.25615823
7877	0.25487018
7878	0.25394216
7879	0.25316814
7880	0.25253844
7881	0.25181943
7882	0.25113669
7883	0.25048855
7884	0.24997954
7885	0.24982665
7886	0.25013238
7887	0.25085253
7888	0.25113609
7889	0.25085211
7890	0.25033805
7891	0.25012037
7892	0.24942879
7893	0.24767104
7894	0.24570733
7895	0.24382626
7896	0.24194062
7897	0.24022081
7898	0.23940106
7899	0.23815921
7900	0.23769203
7901	0.23769537
7902	0.23784691
7903	0.23813760
7904	0.23856659
7905	0.23878403
7906	0.23917021
7907	0.23907185
7908	0.23928408
7909	0.23943280
7910	0.23924381
7911	0.23923241
7912	0.23964773
7913	0.23955058
7914	0.24008161
7915	0.24074160
7916	0.24146895
7917	0.24210070
7918	0.24266964
7919	0.24333103
7920	0.24409269
7921	0.24491850
7922	0.24572411
7923	0.24641126
7924	0.24730481
7925	0.24822456
7926	0.24921335
7927	0.25032279
7928	0.25158331
7929	0.25300643
7930	0.25467575
7931	0.25650540
7932	0.25839904
7933	0.26040539
7934	0.26227209
7935	0.26379079
7936	0.26480269
7937	0.26552716
7938	0.26638609
7939	0.26770589
7940	0.26938832
7941	0.27115446
7942	0.27279723
7943	0.27407885
7944	0.27493155
7945	0.27523863
7946	0.27525741
7947	0.27498353
7948	0.27441475
7949	0.27354050
7950	0.27231216
7951	0.27067527
7952	0.26865417
7953	0.26622319
7954	0.26345524
7955	0.26046205
7956	0.25727051
7957	0.25408193
7958	0.25104603
7959	0.24821530
7960	0.24576905
7961	0.24382041
7962	0.24250227
7963	0.24194708
7964	0.24210697
7965	0.24294895
7966	0.24424385
7967	0.24579623
7968	0.24758871
7969	0.24932469
7970	0.25086102
7971	0.25188288
7972	0.25339860
7973	0.25447306
7974	0.25548866
7975	0.25641522
7976	0.25731033
7977	0.25802708
7978	0.25860903
7979	0.25898159
7980	0.25916615
7981	0.25873837
7982	0.25894439
7983	0.25848484
7984	0.25743723
7985	0.25641948
7986	0.25557327
7987	0.25420356
7988	0.25270388
7989	0.25124890
7990	0.24833009
7991	0.24732593
7992	0.24513063
7993	0.24270825
7994	0.24023934
7995	0.23769011
7996	0.23495097
7997	0.23166142
7998	0.23043709
7999	0.22730438
8000	0.22431953
8001	0.22089241
8002	0.21754988
8003	0.21419469
8004	0.21095091
8005	0.20790057
8006	0.20531486
8007	0.20302589
8008	0.20110297
8009	0.19954997
8010	0.19827890
8011	0.19715284
8012	0.19615619
8013	0.19508630
8014	0.19382675
8015	0.19233778
8016	0.19095263
8017	0.18969171
8018	0.18869931
8019	0.18810961
8020	0.18791611
8021	0.18791175
8022	0.18733267
8023	0.18652785
8024	0.18573397
8025	0.18501329
8026	0.18327442
8027	0.18141784
8028	0.17897072
8029	0.17696306
8030	0.17470555
8031	0.17342119
8032	0.17274816
8033	0.17242891
8034	0.17234769
8035	0.17251746
8036	0.17285690
8037	0.17309102
8038	0.17343335
8039	0.17362936
8040	0.17376615
8041	0.17360845
8042	0.17358138
8043	0.17351487
8044	0.17424668
8045	0.17377600
8046	0.17391552
8047	0.17432749
8048	0.17481814
8049	0.17552795
8050	0.17539743
8051	0.17652960
8052	0.17724325
8053	0.17806982
8054	0.17904595
8055	0.18015642
8056	0.18119948
8057	0.18250093
8058	0.18391497
8059	0.18546619
8060	0.18716080
8061	0.18905279
8062	0.19120513
8063	0.19361345
8064	0.19627379
8065	0.19919255
8066	0.20231004
8067	0.20547293
8068	0.20844960
8069	0.21097197
8070	0.21316589
8071	0.21543871
8072	0.21807930
8073	0.22118370
8074	0.22436640
8075	0.22742088
8076	0.23017029
8077	0.23259446
8078	0.23450287
8079	0.23601352
8080	0.23722607
8081	0.23814300
8082	0.23871991
8083	0.23903149
8084	0.23893973
8085	0.23842254
8086	0.23749810
8087	0.23618406
8088	0.23457685
8089	0.23272581
8090	0.23077706
8091	0.22888038
8092	0.22726262
8093	0.22604623
8094	0.22540443
8095	0.22546129
8096	0.22615662
8097	0.22745955
8098	0.22932358
8099	0.23156774
8100	0.23403697
8101	0.23642386
8102	0.23880425
8103	0.24087690
8104	0.24260502
8105	0.24473712
8106	0.24658488
8107	0.24847715
8108	0.25032371
8109	0.25220451
8110	0.25399169
8111	0.25570813
8112	0.25730309
8113	0.25847375
8114	0.26012483
8115	0.26123300
8116	0.26168180
8117	0.26231471
8118	0.26307014
8119	0.26343358
8120	0.26352432
8121	0.26351461
8122	0.26205716
8123	0.26170358
8124	0.26205501
8125	0.26091546
8126	0.25958574
8127	0.25803906
8128	0.25638574
8129	0.25562060
8130	0.25345963
8131	0.25146189
8132	0.24966915
8133	0.24736884
8134	0.24498308
8135	0.24250275
8136	0.23973277
8137	0.23735017
8138	0.23518087
8139	0.23342226
8140	0.23215172
8141	0.23135374
8142	0.23109993
8143	0.23128088
8144	0.23172387
8145	0.23218767
8146	0.23265639
8147	0.23294333
8148	0.23316205
8149	0.23338149
8150	0.23384757
8151	0.23456641
8152	0.23516603
8153	0.23491113
8154	0.23466440
8155	0.23446767
8156	0.23425476
8157	0.23285872
8158	0.23120628
8159	0.22932507
8160	0.22767022
8161	0.22529443
8162	0.22425726
8163	0.22369467
8164	0.22334059
8165	0.22330457
8166	0.22348170
8167	0.22374743
8168	0.22373876
8169	0.22419554
8170	0.22453961
8171	0.22482735
8172	0.22455588
8173	0.22462235
8174	0.22455961
8175	0.22457041
8176	0.22518256
8177	0.22515735
8178	0.22538185
8179	0.22588715
8180	0.22658725
8181	0.22703955
8182	0.22716184
8183	0.22797629
8184	0.22860520
8185	0.22935399
8186	0.23015693
8187	0.23104428
8188	0.23185585
8189	0.23286192
8190	0.23402300
8191	0.23527415
8192	0.23665918
8193	0.23816316
8194	0.23984362
8195	0.24174830
8196	0.24378926
8197	0.24588561
8198	0.24784598
8199	0.24939276
8200	0.25046399
8201	0.25116318
8202	0.25191382
8203	0.25294295
8204	0.25406897
8205	0.25507736
8206	0.25588697
8207	0.25642639
8208	0.25675264
8209	0.25703946
8210	0.25699151
8211	0.25706553
8212	0.25708315
8213	0.25707066
8214	0.25691018
8215	0.25651494
8216	0.25581065
8217	0.25479272
8218	0.25342622
8219	0.25183606
8220	0.25006592
8221	0.24827902
8222	0.24663444
8223	0.24526574
8224	0.24436435
8225	0.24402426
8226	0.24437052
8227	0.24546582
8228	0.24716322
8229	0.24942066
8230	0.25210148
8231	0.25500658
8232	0.25792560
8233	0.26064658
8234	0.26231003
8235	0.26533094
8236	0.26735458
8237	0.26919538
8238	0.27093232
8239	0.27254841
8240	0.27402577
8241	0.27534539
8242	0.27645552
8243	0.27736059
8244	0.27806902
8245	0.27865177
8246	0.27896357
8247	0.27902895
8248	0.27845246
8249	0.27784282
8250	0.27719042
8251	0.27650529
8252	0.27480754
8253	0.27326080
8254	0.27302873
8255	0.27162534
8256	0.26992524
8257	0.26812792
8258	0.26720393
8259	0.26468328
8260	0.26226622
8261	0.25964737
8262	0.25715262
8263	0.25432989
8264	0.25151908
8265	0.24877176
8266	0.24581757
8267	0.24323934
8268	0.24095047
8269	0.23891453
8270	0.23721673
8271	0.23593323
8272	0.23506501
8273	0.23467898
8274	0.23459236
8275	0.23472963
8276	0.23492154
8277	0.23498911
8278	0.23504280
8279	0.23506649
8280	0.23520389
8281	0.23549730
8282	0.23619421
8283	0.23705609
8284	0.23706742
8285	0.23671578
8286	0.23604070
8287	0.23566760
8288	0.23450033
8289	0.23256089
8290	0.23030424
8291	0.22815192
8292	0.22595723
8293	0.22444528
8294	0.22333431
8295	0.22257112
8296	0.22253464
8297	0.22273275
8298	0.22302246
8299	0.22326022
8300	0.22361736
8301	0.22288305
8302	0.22378223
8303	0.22403023
8304	0.22404541
8305	0.22384080
8306	0.22352163
8307	0.22346258
8308	0.22362292
8309	0.22364761
8310	0.22407959
8311	0.22442627
8312	0.22500290
8313	0.22544694
8314	0.22580048
8315	0.22638297
8316	0.22711326
8317	0.22793227
8318	0.22882985
8319	0.22959782
8320	0.23064879
8321	0.23176886
8322	0.23298731
8323	0.23434144
8324	0.23593481
8325	0.23768456
8326	0.23973493
8327	0.24224307
8328	0.24506846
8329	0.24812917
8330	0.25118086
8331	0.25408128
8332	0.25645357
8333	0.25833282
8334	0.25983182
8335	0.26129967
8336	0.26291323
8337	0.26447713
8338	0.26571694
8339	0.26653838
8340	0.26702267
8341	0.26725203
8342	0.26728335
8343	0.26716641
8344	0.26688993
8345	0.26648992
8346	0.26583681
8347	0.26483819
8348	0.26353738
8349	0.26186770
8350	0.25987232
8351	0.25768322
8352	0.25539517
8353	0.25320557
8354	0.25116998
8355	0.24954744
8356	0.24838929
8357	0.24777824
8358	0.24777929
8359	0.24836323
8360	0.24940802
8361	0.25087550
8362	0.25264880
8363	0.25444126
8364	0.25597045
8365	0.25694638
8366	0.25911015
8367	0.26040378
8368	0.26155713
8369	0.26265505
8370	0.26372814
8371	0.26477942
8372	0.26574710
8373	0.26660827
8374	0.26737165
8375	0.26768780
8376	0.26812112
8377	0.26827598
8378	0.26827255
8379	0.26808462
8380	0.26522782
8381	0.26719540
8382	0.26520336
8383	0.26489666
8384	0.26367471
8385	0.26212814
8386	0.26024285
8387	0.25802270
8388	0.25673681
8389	0.25365537
8390	0.25094634
8391	0.24829160
8392	0.24572915
8393	0.24304202
8394	0.24029888
8395	0.23743808
8396	0.23431896
8397	0.23139760
8398	0.22865008
8399	0.22619753
8400	0.22415455
8401	0.22250712
8402	0.22137648
8403	0.22071165
8404	0.22054131
8405	0.22072832
8406	0.22107324
8407	0.22142749
8408	0.22161719
8409	0.22157566
8410	0.22138669
8411	0.22110148
8412	0.22091882
8413	0.22083503
8414	0.22091095
8415	0.22062010
8416	0.21967821
8417	0.21885154
8418	0.21817274
8419	0.21743602
8420	0.21575399
8421	0.21397384
8422	0.21250743
8423	0.21063946
8424	0.20902093
8425	0.20783411
8426	0.20762774
8427	0.20769128
8428	0.20804687
8429	0.20845564
8430	0.20832348
8431	0.20901954
8432	0.20936000
8433	0.20990649
8434	0.21011432
8435	0.21011448
8436	0.20983455
8437	0.20970604
8438	0.20956954
8439	0.21000423
8440	0.20983322
8441	0.20992203
8442	0.21053261
8443	0.21118298
8444	0.21168275
8445	0.21182713
8446	0.21274373
8447	0.21354312
8448	0.21438643
8449	0.21535741
8450	0.21645054
8451	0.21745408
8452	0.21868628
8453	0.22002199
8454	0.22146811
8455	0.22299875
8456	0.22461788
8457	0.22653592
8458	0.22863071
8459	0.23102450
8460	0.23364778
8461	0.23637967
8462	0.23893343
8463	0.24111460
8464	0.24283142
8465	0.24431832
8466	0.24598424
8467	0.24814957
8468	0.25066906
8469	0.25318873
8470	0.25551918
8471	0.25740740
8472	0.25886610
8473	0.25993192
8474	0.26068428
8475	0.26111740
8476	0.26128995
8477	0.26130185
8478	0.26106718
8479	0.26061636
8480	0.25992388
8481	0.25893876
8482	0.25771391
8483	0.25630841
8484	0.25480682
8485	0.25325978
8486	0.25195634
8487	0.25091943
8488	0.25040492
8489	0.25044397
8490	0.25103426
8491	0.25216088
8492	0.25373706
8493	0.25565678
8494	0.25779283
8495	0.25993159
8496	0.26187524
8497	0.26394531
8498	0.26537809
8499	0.26674035
8500	0.26787952
8501	0.26888934
8502	0.26976898
8503	0.27045235
8504	0.27099660
8505	0.27136037
8506	0.27154836
8507	0.27152726
8508	0.27127895
8509	0.27043334
8510	0.26945809
8511	0.26857236
8512	0.26719099
8513	0.26561481
8514	0.26314941
8515	0.26153505
8516	0.25989625
8517	0.25735757
8518	0.25486910
8519	0.25235838
8520	0.24976051
8521	0.24726650
8522	0.24593605
8523	0.24368210
8524	0.24180618
8525	0.24029976
8526	0.23884235
8527	0.23755944
8528	0.23641056
8529	0.23513971
8530	0.23424447
8531	0.23355502
8532	0.23306367
8533	0.23277333
8534	0.23267664
8535	0.23281105
8536	0.23321983
8537	0.23382957
8538	0.23453677
8539	0.23506778
8540	0.23545976
8541	0.23565927
8542	0.23580386
8543	0.23601016
8544	0.23632653
8545	0.23680334
8546	0.23674358
8547	0.23599660
8548	0.23517689
8549	0.23484011
8550	0.23394372
8551	0.23195502
8552	0.22980638
8553	0.22764948
8554	0.22589222
8555	0.22432142
8556	0.22333702
8557	0.22279303
8558	0.22222899
8559	0.22245826
8560	0.22270109
8561	0.22307722
8562	0.22336635
8563	0.22368360
8564	0.22338995
8565	0.22382997
8566	0.22391549
8567	0.22389689
8568	0.22354299
8569	0.22373940
8570	0.22421359
8571	0.22444220
8572	0.22473250
8573	0.22538789
8574	0.22644702
8575	0.22676226
8576	0.22664645
8577	0.22798914
8578	0.22889836
8579	0.22990566
8580	0.23101363
8581	0.23223414
8582	0.23345485
8583	0.23500615
8584	0.23681398
8585	0.23875645
8586	0.24090035
8587	0.24323888
8588	0.24597846
8589	0.24896854
8590	0.25219482
8591	0.25562483
8592	0.25901836
8593	0.26226491
8594	0.26505581
8595	0.26746759
8596	0.26975355
8597	0.27237716
8598	0.27539104
8599	0.27831501
8600	0.28107589
8601	0.28342965
8602	0.28527498
8603	0.28670552
8604	0.28769931
8605	0.28826496
8606	0.28847316
8607	0.28830627
8608	0.28773037
8609	0.28671807
8610	0.28526035
8611	0.28336808
8612	0.28118291
8613	0.27880168
8614	0.27624699
8615	0.27370900
8616	0.27133408
8617	0.26916668
8618	0.26739889
8619	0.26616287
8620	0.26551268
8621	0.26556450
8622	0.26631948
8623	0.26772508
8624	0.26971212
8625	0.27223599
8626	0.27516750
8627	0.27830571
8628	0.28140655
8629	0.28466108
8630	0.28779280
8631	0.29028857
8632	0.29412776
8633	0.29730529
8634	0.30040732
8635	0.30335027
8636	0.30616871
8637	0.30876574
8638	0.31110492
8639	0.31338754
8640	0.31490010
8641	0.31625798
8642	0.31740808
8643	0.31831521
8644	0.31874698
8645	0.31863031
8646	0.31975818
8647	0.32046142
8648	0.31915441
8649	0.31791839
8650	0.31638888
8651	0.31440431
8652	0.31190467
8653	0.30942583
8654	0.30653661
8655	0.30341557
8656	0.30020967
8657	0.29664311
8658	0.29287520
8659	0.28805590
8660	0.28469694
8661	0.28032514
8662	0.27564341
8663	0.27135426
8664	0.26744914
8665	0.26408958
8666	0.26134285
8667	0.25938505
8668	0.25830200
8669	0.25802049
8670	0.25836542
8671	0.25905129
8672	0.25979456
8673	0.26047489
8674	0.26113489
8675	0.26177672
8676	0.26260680
8677	0.26366624
8678	0.26384446
8679	0.26376370
8680	0.26342806
8681	0.26349977
8682	0.26273164
8683	0.26079839
8684	0.25866807
8685	0.25649101
8686	0.25447255
8687	0.25277424
8688	0.25165254
8689	0.25122252
8690	0.25107363
8691	0.25148320
8692	0.25150093
8693	0.25188044
8694	0.25231004
8695	0.25275338
8696	0.25223216
8697	0.25248593
8698	0.25345963
8699	0.25364515
8700	0.25265595
8701	0.25261849
8702	0.25307003
8703	0.25309089
8704	0.25327790
8705	0.25388056
8706	0.25430977
8707	0.25509658
8708	0.25566816
8709	0.25615466
8710	0.25686610
8711	0.25765485
8712	0.25851950
8713	0.25939083
8714	0.26021793
8715	0.26124710
8716	0.26238641
8717	0.26367795
8718	0.26514804
8719	0.26674905
8720	0.26861149
8721	0.27067783
8722	0.27294937
8723	0.27536297
8724	0.27768061
8725	0.27960429
8726	0.28110358
8727	0.28248602
8728	0.28414294
8729	0.28603444
8730	0.28781891
8731	0.28926972
8732	0.29021776
8733	0.29065958
8734	0.29073054
8735	0.29041600
8736	0.28994367
8737	0.28933668
8738	0.28855178
8739	0.28755996
8740	0.28634959
8741	0.28486893
8742	0.28307715
8743	0.28107008
8744	0.27888626
8745	0.27653900
8746	0.27414405
8747	0.27173445
8748	0.26945418
8749	0.26741388
8750	0.26569304
8751	0.26450467
8752	0.26396158
8753	0.26419356
8754	0.26520485
8755	0.26689729
8756	0.26912084
8757	0.27179992
8758	0.27465177
8759	0.27756011
8760	0.28010979
8761	0.28219923
8762	0.28487766
8763	0.28698751
8764	0.28896683
8765	0.29079536
8766	0.29250923
8767	0.29401788
8768	0.29532537
8769	0.29636967
8770	0.29714128
8771	0.29769698
8772	0.29796687
8773	0.29794675
8774	0.29693395
8775	0.29663056
8776	0.29555705
8777	0.29428521
8778	0.29274303
8779	0.29261503
8780	0.28891143
8781	0.28654718
8782	0.28391078
8783	0.28093246
8784	0.27859950
8785	0.27492779
8786	0.27138680
8787	0.26787123
8788	0.26437652
8789	0.26090685
8790	0.25678608
8791	0.25385666
8792	0.25011194
8793	0.24685773
8794	0.24386556
8795	0.24127537
8796	0.23918389
8797	0.23762698
8798	0.23665826
8799	0.23627731
8800	0.23649558
8801	0.23709746
8802	0.23795143
8803	0.23868398
8804	0.23919626
8805	0.23941234
8806	0.23932286
8807	0.23909584
8808	0.23895392
8809	0.23905648
8810	0.23944987
8811	0.23944674
8812	0.23871888
8813	0.23785400
8814	0.23719914
8815	0.23648621
8816	0.23460002
8817	0.23249847
8818	0.23043214
8819	0.22837257
8820	0.22715284
8821	0.22578503
8822	0.22503524
8823	0.22492574
8824	0.22504018
8825	0.22533786
8826	0.22572277
8827	0.22612210
8828	0.22497031
8829	0.22636089
8830	0.22663027
8831	0.22673327
8832	0.22665580
8833	0.22635852
8834	0.22639427
8835	0.22655806
8836	0.22704379
8837	0.22741632
8838	0.22803159
8839	0.22858885
8840	0.22943023
8841	0.23003027
8842	0.23055373
8843	0.23133273
8844	0.23222618
8845	0.23322436
8846	0.23427768
8847	0.23533571
8848	0.23666462
8849	0.23808390
8850	0.23968297
8851	0.24158500
8852	0.24364869
8853	0.24598637
8854	0.24868402
8855	0.25163442
8856	0.25486809
8857	0.25811556
8858	0.26110241
8859	0.26358256
8860	0.26578078
8861	0.26796439
8862	0.27050191
8863	0.27344531
8864	0.27639946
8865	0.27925503
8866	0.28166366
8867	0.28351212
8868	0.28472358
8869	0.28560328
8870	0.28614607
8871	0.28639182
8872	0.28638729
8873	0.28614736
8874	0.28558910
8875	0.28471959
8876	0.28352776
8877	0.28207260
8878	0.28032449
8879	0.27841780
8880	0.27639019
8881	0.27434018
8882	0.27247906
8883	0.27089211
8884	0.26971373
8885	0.26918840
8886	0.26941648
8887	0.27047434
8888	0.27222827
8889	0.27459478
8890	0.27721724
8891	0.28036571
8892	0.28364649
8893	0.28690118
8894	0.28998515
8895	0.29254019
8896	0.29563832
8897	0.29836655
8898	0.30108947
8899	0.30374581
8900	0.30636704
8901	0.30878294
8902	0.31102604
8903	0.31303832
8904	0.31488115
8905	0.31645489
8906	0.31777638
8907	0.31885239
8908	0.31918418
8909	0.31963411
8910	0.31968394
8911	0.31962717
8912	0.31942987
8913	0.32122314
8914	0.31875774
8915	0.31736043
8916	0.31682250
8917	0.31439957
8918	0.31204528
8919	0.30935898
8920	0.30642644
8921	0.30353153
8922	0.30039045
8923	0.29704028
8924	0.29352960
8925	0.28958708
8926	0.28535694
8927	0.28068647
8928	0.27627608
8929	0.27208257
8930	0.26819697
8931	0.26480842
8932	0.26198032
8933	0.25975236
8934	0.25821251
8935	0.25729668
8936	0.25672835
8937	0.25630257
8938	0.25585964
8939	0.25525877
8940	0.25456768
8941	0.25382552
8942	0.25315580
8943	0.25269005
8944	0.25256655
8945	0.25262821
8946	0.25204200
8947	0.25136167
8948	0.25057864
8949	0.25022706
8950	0.24935406
8951	0.24767718
8952	0.24578679
8953	0.24391665
8954	0.24180713
8955	0.24025972
8956	0.23939350
8957	0.23896933
8958	0.23887843
8959	0.23910134
8960	0.23934357
8961	0.23974854
8962	0.23948757
8963	0.23996753
8964	0.24027440
8965	0.24030240
8966	0.24033366
8967	0.24027717
8968	0.24021134
8969	0.24038576
8970	0.24074189
8971	0.24102584
8972	0.24141541
8973	0.24177545
8974	0.24244669
8975	0.24291663
8976	0.24327505
8977	0.24382871
8978	0.24448627
8979	0.24518320
8980	0.24598242
8981	0.24685441
8982	0.24758230
8983	0.24859016
8984	0.24958250
8985	0.25067616
8986	0.25188059
8987	0.25316823
8988	0.25461209
8989	0.25619337
8990	0.25792783
8991	0.25958920
8992	0.26102254
8993	0.26208547
8994	0.26283959
8995	0.26350296
8996	0.26453796
8997	0.26621446
8998	0.26819557
8999	0.27020106
9000	0.27202365
9001	0.27343735
9002	0.27453551
9003	0.27528128
9004	0.27575397
9005	0.27612269
9006	0.27625361
9007	0.27610147
9008	0.27573210
9009	0.27496532
9010	0.27385807
9011	0.27234897
9012	0.27050781
9013	0.26835442
9014	0.26606444
9015	0.26371509
9016	0.26147810
9017	0.25946689
9018	0.25785267
9019	0.25677866
9020	0.25633034
9021	0.25662073
9022	0.25758800
9023	0.25912139
9024	0.26106989
9025	0.26328641
9026	0.26550657
9027	0.26749811
9028	0.26846287
9029	0.27080870
9030	0.27207333
9031	0.27322412
9032	0.27421445
9033	0.27511999
9034	0.27590603
9035	0.27655169
9036	0.27700609
9037	0.27720192
9038	0.27726260
9039	0.27671334
9040	0.27660033
9041	0.27545437
9042	0.27439040
9043	0.27331561
9044	0.27196589
9045	0.27057943
9046	0.26865610
9047	0.26684356
9048	0.26342994
9049	0.26091808
9050	0.25923681
9051	0.25635135
9052	0.25364691
9053	0.25098547
9054	0.24835625
9055	0.24570544
9056	0.24190111
9057	0.24059184
9058	0.23745847
9059	0.23451412
9060	0.23129074
9061	0.22816469
9062	0.22530513
9063	0.22276334
9064	0.22066820
9065	0.21918127
9066	0.21808565
9067	0.21752623
9068	0.21731223
9069	0.21725024
9070	0.21717526
9071	0.21687023
9072	0.21640436
9073	0.21578361
9074	0.21513142
9075	0.21468350
9076	0.21445686
9077	0.21461703
9078	0.21500094
9079	0.21462475
9080	0.21404277
9081	0.21350652
9082	0.21297139
9083	0.21162526
9084	0.20971167
9085	0.20716041
9086	0.20501032
9087	0.20288059
9088	0.20127313
9089	0.20007642
9090	0.19969511
9091	0.19967364
9092	0.19993472
9093	0.20016220
9094	0.20052890
9095	0.20055686
9096	0.20042975
9097	0.20121580
9098	0.20126808
9099	0.20119554
9100	0.20107298
9101	0.20099345
9102	0.20162274
9103	0.20154621
9104	0.20193931
9105	0.20235936
9106	0.20286717
9107	0.20367065
9108	0.20429407
9109	0.20475982
9110	0.20555848
9111	0.20641358
9112	0.20737551
9113	0.20840944
9114	0.20961267
9115	0.21065579
9116	0.21197991
9117	0.21342579
9118	0.21507870
9119	0.21687512
9120	0.21889631
9121	0.22111732
9122	0.22355689
9123	0.22616407
9124	0.22886321
9125	0.23141578
9126	0.23357682
9127	0.23548226
9128	0.23752160
9129	0.24014412
9130	0.24338798
9131	0.24687760
9132	0.25034595
9133	0.25345874
9134	0.25597808
9135	0.25787473
9136	0.25936383
9137	0.26039940
9138	0.26109001
9139	0.26148123
9140	0.26154023
9141	0.26120648
9142	0.26045424
9143	0.25927210
9144	0.25770271
9145	0.25585741
9146	0.25370964
9147	0.25145999
9148	0.24925430
9149	0.24720205
9150	0.24554160
9151	0.24436153
9152	0.24388768
9153	0.24424613
9154	0.24540403
9155	0.24727277
9156	0.24973926
9157	0.25258219
9158	0.25566465
9159	0.25872168
9160	0.26144227
9161	0.26385394
9162	0.26643705
9163	0.26871324
9164	0.27087873
9165	0.27299458
9166	0.27501276
9167	0.27694988
9168	0.27861774
9169	0.28011951
9170	0.28136271
9171	0.28239438
9172	0.28271663
9173	0.28318533
9174	0.28328708
9175	0.28306469
9176	0.28283691
9177	0.28216395
9178	0.28126210
9179	0.28016061
9180	0.27804992
9181	0.27586272
9182	0.27393371
9183	0.27285424
9184	0.27066240
9185	0.26879326
9186	0.26721278
9187	0.26596209
9188	0.26579568
9189	0.26503500
9190	0.26448584
9191	0.26411486
9192	0.26398793
9193	0.26380968
9194	0.26411968
9195	0.26489538
9196	0.26620796
9197	0.26805827
9198	0.27039400
9199	0.27314270
9200	0.27614707
9201	0.27919164
9202	0.28214559
9203	0.28470382
9204	0.28676787
9205	0.28829259
9206	0.28968701
9207	0.29128715
9208	0.29253092
9209	0.29429930
9210	0.29545987
9211	0.29522064
9212	0.29533017
9213	0.29517680
9214	0.29562247
9215	0.29454508
9216	0.29298353
9217	0.29134843
9218	0.28955346
9219	0.28801906
9220	0.28676575
9221	0.28638482
9222	0.28567436
9223	0.28544065
9224	0.28557512
9225	0.28596526
9226	0.28662708
9227	0.28714004
9228	0.28769520
9229	0.28769895
9230	0.28729939
9231	0.28776386
9232	0.28787988
9233	0.28822267
9234	0.28841484
9235	0.28874859
9236	0.28922111
9237	0.28961566
9238	0.29030192
9239	0.29081383
9240	0.29131103
9241	0.29195771
9242	0.29265732
9243	0.29332533
9244	0.29424891
9245	0.29514804
9246	0.29603758
9247	0.29709733
9248	0.29831141
9249	0.29971313
9250	0.30124721
9251	0.30294237
9252	0.30478507
9253	0.30683559
9254	0.30894986
9255	0.31102878
9256	0.31280237
9257	0.31407171
9258	0.31512558
9259	0.31636244
9260	0.31813323
9261	0.32035145
9262	0.32267472
9263	0.32485053
9264	0.32655770
9265	0.32769865
9266	0.32843661
9267	0.32864958
9268	0.32874405
9269	0.32870695
9270	0.32856837
9271	0.32849964
9272	0.32802850
9273	0.32728699
9274	0.32619563
9275	0.32462862
9276	0.32288173
9277	0.32097575
9278	0.31900582
9279	0.31708843
9280	0.31539938
9281	0.31410253
9282	0.31327748
9283	0.31313094
9284	0.31365287
9285	0.31488261
9286	0.31670415
9287	0.31895003
9288	0.32148984
9289	0.32403257
9290	0.32616860
9291	0.32894495
9292	0.33107063
9293	0.33291760
9294	0.33453006
9295	0.33606768
9296	0.33751833
9297	0.33889154
9298	0.34006521
9299	0.34100902
9300	0.34167552
9301	0.34207186
9302	0.34217545
9303	0.34156433
9304	0.34144884
9305	0.34079179
9306	0.33989117
9307	0.33848923
9308	0.33695820
9309	0.33463112
9310	0.33201894
9311	0.33048409
9312	0.32814127
9313	0.32632691
9314	0.32399103
9315	0.32094178
9316	0.31778648
9317	0.31468362
9318	0.31141010
9319	0.30851865
9320	0.30540666
9321	0.30245778
9322	0.29898921
9323	0.29584500
9324	0.29286402
9325	0.29011086
9326	0.28781152
9327	0.28584909
9328	0.28435874
9329	0.28337309
9330	0.28286794
9331	0.28284258
9332	0.28307831
9333	0.28335932
9334	0.28345329
9335	0.28330913
9336	0.28288344
9337	0.28241098
9338	0.28195956
9339	0.28172037
9340	0.28177583
9341	0.28190920
9342	0.28139707
9343	0.28094158
9344	0.28057188
9345	0.28030443
9346	0.27883393
9347	0.27684560
9348	0.27495563
9349	0.27304226
9350	0.27112737
9351	0.27004921
9352	0.26954374
9353	0.26924455
9354	0.26913810
9355	0.26932150
9356	0.26957661
9357	0.27008015
9358	0.27072331
9359	0.27113101
9360	0.26969483
9361	0.27069756
9362	0.27077934
9363	0.27074757
9364	0.27075520
9365	0.27104247
9366	0.27131841
9367	0.27157286
9368	0.27200195
9369	0.27242044
9370	0.27319416
9371	0.27371129
9372	0.27433077
9373	0.27506977
9374	0.27589372
9375	0.27663723
9376	0.27763861
9377	0.27857921
9378	0.27973333
9379	0.28096732
9380	0.28228712
9381	0.28379014
9382	0.28542879
9383	0.28727582
9384	0.28931138
9385	0.29155266
9386	0.29387447
9387	0.29612017
9388	0.29806331
9389	0.29952204
9390	0.30091771
9391	0.30264771
9392	0.30490643
9393	0.30729586
9394	0.30950573
9395	0.31135896
9396	0.31257004
9397	0.31328771
9398	0.31347623
9399	0.31321779
9400	0.31247321
9401	0.31157675
9402	0.31046453
9403	0.30901539
9404	0.30721015
9405	0.30500820
9406	0.30248550
9407	0.29964554
9408	0.29664803
9409	0.29360327
9410	0.29061267
9411	0.28783235
9412	0.28542513
9413	0.28348500
9414	0.28219727
9415	0.28165305
9416	0.28182638
9417	0.28265861
9418	0.28398812
9419	0.28570637
9420	0.28757608
9421	0.28916660
9422	0.29053715
9423	0.29207528
9424	0.29319125
9425	0.29409385
9426	0.29488525
9427	0.29554319
9428	0.29616681
9429	0.29655853
9430	0.29659411
9431	0.29670092
9432	0.29656634
9433	0.29627529
9434	0.29547209
9435	0.29528067
9436	0.29381838
9437	0.29244053
9438	0.29078913
9439	0.28807688
9440	0.28596726
9441	0.28363830
9442	0.28136897
9443	0.27991661
9444	0.27665386
9445	0.27354801
9446	0.27030569
9447	0.26702115
9448	0.26456863
9449	0.26054248
9450	0.25701627
9451	0.25287545
9452	0.25009337
9453	0.24633005
9454	0.24297217
9455	0.23972829
9456	0.23680776
9457	0.23424469
9458	0.23203975
9459	0.23023030
9460	0.22877936
9461	0.22769506
9462	0.22695105
9463	0.22646885
9464	0.22608534
9465	0.22576311
9466	0.22541575
9467	0.22493590
9468	0.22467865
9469	0.22461084
9470	0.22489785
9471	0.22546855
9472	0.22561112
9473	0.22506090
9474	0.22432761
9475	0.22370304
9476	0.22265759
9477	0.22054036
9478	0.21849561
9479	0.21655911
9480	0.21433932
9481	0.21252535
9482	0.21128350
9483	0.21111083
9484	0.21111763
9485	0.21140383
9486	0.21178408
9487	0.21188483
9488	0.21227197
9489	0.21290085
9490	0.21317640
9491	0.21337818
9492	0.21313623
9493	0.21313119
9494	0.21308860
9495	0.21317786
9496	0.21363051
9497	0.21396598
9498	0.21446371
9499	0.21517381
9500	0.21600425
9501	0.21668990
9502	0.21738090
9503	0.21819048
9504	0.21912993
9505	0.22016540
9506	0.22108704
9507	0.22220598
9508	0.22351646
9509	0.22495648
9510	0.22661734
9511	0.22842816
9512	0.23046973
9513	0.23278682
9514	0.23539802
9515	0.23835604
9516	0.24154021
9517	0.24478191
9518	0.24780220
9519	0.25029954
9520	0.25231704
9521	0.25421509
9522	0.25629714
9523	0.25835326
9524	0.26007783
9525	0.26152039
9526	0.26248470
9527	0.26307407
9528	0.26335475
9529	0.26342767
9530	0.26335096
9531	0.26313126
9532	0.26277208
9533	0.26215288
9534	0.26136386
9535	0.26033968
9536	0.25901285
9537	0.25742817
9538	0.25562337
9539	0.25372544
9540	0.25171599
9541	0.24979176
9542	0.24800736
9543	0.24651626
9544	0.24543643
9545	0.24491751
9546	0.24511267
9547	0.24609849
9548	0.24782526
9549	0.25011253
9550	0.25285843
9551	0.25584880
9552	0.25873354
9553	0.26153731
9554	0.26386437
9555	0.26629964
9556	0.26836890
9557	0.27025220
9558	0.27205026
9559	0.27333710
9560	0.27495995
9561	0.27628741
9562	0.27729169
9563	0.27803677
9564	0.27829599
9565	0.27867547
9566	0.27898419
9567	0.27812827
9568	0.27811053
9569	0.27623239
9570	0.27491480
9571	0.27512962
9572	0.27072433
9573	0.26955894
9574	0.26701221
9575	0.26432955
9576	0.26146969
9577	0.25864255
9578	0.25703362
9579	0.25384802
9580	0.25131077
9581	0.24892320
9582	0.24681731
9583	0.24472101
9584	0.24254283
9585	0.24087836
9586	0.23937695
9587	0.23829913
9588	0.23766768
9589	0.23758897
9590	0.23803560
9591	0.23897074
9592	0.24033485
9593	0.24198401
9594	0.24364826
9595	0.24519441
9596	0.24633577
9597	0.24702743
9598	0.24729148
9599	0.24724796
9600	0.24722193
9601	0.24740523
9602	0.24783440
9603	0.24859808
9604	0.24927516
9605	0.24877423
9606	0.24818638
9607	0.24749695
9608	0.24706106
9609	0.24555668
9610	0.24367332
9611	0.24145257
9612	0.23941435
9613	0.23687986
9614	0.23578207
9615	0.23503546
9616	0.23457956
9617	0.23458625
9618	0.23480774
9619	0.23509482
9620	0.23552011
9621	0.23564573
9622	0.23596594
9623	0.23632033
9624	0.23623270
9625	0.23636067
9626	0.23636350
9627	0.23728506
9628	0.23686026
9629	0.23727706
9630	0.23788255
9631	0.23849402
9632	0.23927185
9633	0.23998652
9634	0.24059433
9635	0.24139461
9636	0.24232090
9637	0.24331406
9638	0.24435782
9639	0.24554558
9640	0.24660386
9641	0.24792153
9642	0.24949177
9643	0.25119692
9644	0.25321859
9645	0.25548413
9646	0.25810835
9647	0.26099241
9648	0.26397371
9649	0.26679066
9650	0.26926750
9651	0.27132469
9652	0.27359593
9653	0.27624571
9654	0.27958620
9655	0.28332812
9656	0.28715262
9657	0.29057875
9658	0.29337624
9659	0.29553452
9660	0.29709497
9661	0.29806578
9662	0.29879263
9663	0.29928228
9664	0.29954109
9665	0.29951587
9666	0.29925719
9667	0.29870689
9668	0.29790485
9669	0.29690069
9670	0.29574418
9671	0.29463625
9672	0.29356882
9673	0.29267612
9674	0.29200098
9675	0.29171017
9676	0.29183400
9677	0.29246783
9678	0.29374942
9679	0.29568544
9680	0.29827154
9681	0.30139315
9682	0.30496132
9683	0.30887207
9684	0.31289360
9685	0.31652969
9686	0.32044956
9687	0.32416719
9688	0.32772490
9689	0.33109984
9690	0.33438957
9691	0.33759695
9692	0.34064117
9693	0.34349069
9694	0.34610051
9695	0.34849405
9696	0.35065264
9697	0.35256225
9698	0.35424894
9699	0.35560831
9700	0.35629484
9701	0.35692391
9702	0.35750288
9703	0.35627535
9704	0.35834008
9705	0.35841328
9706	0.35847443
9707	0.35742599
9708	0.35590565
9709	0.35392252
9710	0.35147360
9711	0.34846723
9712	0.34545052
9713	0.34215057
9714	0.33864033
9715	0.33498272
9716	0.33096364
9717	0.32630572
9718	0.32173997
9719	0.31705767
9720	0.31241623
9721	0.30807692
9722	0.30424252
9723	0.30104080
9724	0.29849783
9725	0.29678446
9726	0.29583016
9727	0.29545540
9728	0.29535341
9729	0.29527798
9730	0.29514334
9731	0.29492003
9732	0.29469934
9733	0.29464102
9734	0.29500914
9735	0.29523548
9736	0.29488254
9737	0.29479748
9738	0.29484111
9739	0.29487252
9740	0.29346395
9741	0.29198948
9742	0.29008880
9743	0.28845543
9744	0.28684038
9745	0.28568304
9746	0.28518096
9747	0.28470919
9748	0.28487572
9749	0.28503764
9750	0.28533354
9751	0.28574073
9752	0.28624701
9753	0.28662750
9754	0.28672531
9755	0.28708386
9756	0.28665617
9757	0.28627527
9758	0.28646681
9759	0.28699234
9760	0.28745925
9761	0.28801212
9762	0.28854799
9763	0.28918746
9764	0.29008347
9765	0.29046527
9766	0.29153168
9767	0.29238862
9768	0.29330951
9769	0.29434738
9770	0.29545200
9771	0.29657373
9772	0.29766116
9773	0.29897475
9774	0.30049574
9775	0.30218777
9776	0.30412447
9777	0.30630448
9778	0.30868682
9779	0.31127322
9780	0.31381193
9781	0.31606671
9782	0.31788281
9783	0.31939715
9784	0.32098085
9785	0.32289529
9786	0.32501012
9787	0.32699087
9788	0.32876149
9789	0.33002275
9790	0.33085212
9791	0.33110058
9792	0.33101997
9793	0.33084014
9794	0.33013108
9795	0.32937354
9796	0.32846260
9797	0.32727772
9798	0.32584947
9799	0.32415989
9800	0.32221493
9801	0.32004261
9802	0.31770107
9803	0.31528300
9804	0.31293228
9805	0.31070134
9806	0.30879030
9807	0.30716324
9808	0.30598998
9809	0.30533659
9810	0.30524784
9811	0.30575460
9812	0.30671650
9813	0.30800837
9814	0.30947492
9815	0.31091788
9816	0.31204498
9817	0.31390429
9818	0.31513742
9819	0.31624725
9820	0.31719908
9821	0.31807745
9822	0.31883878
9823	0.31948197
9824	0.31996742
9825	0.32030827
9826	0.32044354
9827	0.32046884
9828	0.32034495
9829	0.32006657
9830	0.31965438
9831	0.31834662
9832	0.31777257
9833	0.31655344
9834	0.31480867
9835	0.31452551
9836	0.31546932
9837	0.30898380
9838	0.30771142
9839	0.30442953
9840	0.30109558
9841	0.29814941
9842	0.29359400
9843	0.28916186
9844	0.28424028
9845	0.27955630
9846	0.27434453
9847	0.26973492
9848	0.26470026
9849	0.25987878
9850	0.25520128
9851	0.25071248
9852	0.24657504
9853	0.24274875
9854	0.23936206
9855	0.23644106
9856	0.23422040
9857	0.23269917
9858	0.23185124
9859	0.23159027
9860	0.23173283
9861	0.23209210
9862	0.23241229
9863	0.23286009
9864	0.23335011
9865	0.23402470
9866	0.23493502
9867	0.23534104
9868	0.23515578
9869	0.23470542
9870	0.23418996
9871	0.23327555
9872	0.23100041
9873	0.22894768
9874	0.22666591
9875	0.22477390
9876	0.22279595
9877	0.22147743
9878	0.22117795
9879	0.22120707
9880	0.22151551
9881	0.22186169
9882	0.22237761
9883	0.22212276
9884	0.22288609
9885	0.22327328
9886	0.22345057
9887	0.22335631
9888	0.22302164
9889	0.22298665
9890	0.22308621
9891	0.22353190
9892	0.22382368
9893	0.22413267
9894	0.22485065
9895	0.22570547
9896	0.22636768
9897	0.22636017
9898	0.22776753
9899	0.22871052
9900	0.22971915
9901	0.23073176
9902	0.23189232
9903	0.23303995
9904	0.23450926
9905	0.23616403
9906	0.23809575
9907	0.24021950
9908	0.24256758
9909	0.24528040
9910	0.24840555
9911	0.25203159
9912	0.25603151
9913	0.26025653
9914	0.26443586
9915	0.26830712
9916	0.27193928
9917	0.27560827
9918	0.27928597
9919	0.28269333
9920	0.28554460
9921	0.28773347
9922	0.28932461
9923	0.29031494
9924	0.29101926
9925	0.29147962
9926	0.29175720
9927	0.29194424
9928	0.29193494
9929	0.29170537
9930	0.29118881
9931	0.29034474
9932	0.28911102
9933	0.28752962
9934	0.28572091
9935	0.28366563
9936	0.28153250
9937	0.27944455
9938	0.27748322
9939	0.27576828
9940	0.27449235
9941	0.27372041
9942	0.27361628
9943	0.27414167
9944	0.27522424
9945	0.27672789
9946	0.27858177
9947	0.28047523
9948	0.28243300
9949	0.28412384
9950	0.28614616
9951	0.28791994
9952	0.28956068
9953	0.29114258
9954	0.29264957
9955	0.29417241
9956	0.29554600
9957	0.29679874
9958	0.29789180
9959	0.29879397
9960	0.29951495
9961	0.29969516
9962	0.30026254
9963	0.29977748
9964	0.29935035
9965	0.29848659
9966	0.29758587
9967	0.29644105
9968	0.29517356
9969	0.29360190
9970	0.29154456
9971	0.28914067
9972	0.28635484
9973	0.28390273
9974	0.28079450
9975	0.27753520
9976	0.27435777
9977	0.27115297
9978	0.26805559
9979	0.26479250
9980	0.26151529
9981	0.25801671
9982	0.25488466
9983	0.25200874
9984	0.24944200
9985	0.24734007
9986	0.24576926
9987	0.24465588
9988	0.24421391
9989	0.24417093
9990	0.24451526
9991	0.24496566
9992	0.24541607
9993	0.24570119
9994	0.24574491
9995	0.24562563
9996	0.24544647
9997	0.24542822
9998	0.24562959
9999	0.24609150
10000	0.24671328
10001	0.24645759
10002	0.24599737
10003	0.24529257
10004	0.24486582
10005	0.24394652
10006	0.24215573
10007	0.24019013
10008	0.23806298
10009	0.23644137
10010	0.23440595
10011	0.23356819
10012	0.23306039
10013	0.23288637
10014	0.23307322
10015	0.23328000
10016	0.23346595
10017	0.23270814
10018	0.23391430
10019	0.23414481
10020	0.23428971
10021	0.23406163
10022	0.23396347
10023	0.23391914
10024	0.23415597
10025	0.23442981
10026	0.23467720
10027	0.23508751
10028	0.23625284
10029	0.23638974
10030	0.23676705
10031	0.23740163
10032	0.23805907
10033	0.23881356
10034	0.23969154
10035	0.24064319
10036	0.24154802
10037	0.24266097
10038	0.24385595
10039	0.24519229
10040	0.24672495
10041	0.24844924
10042	0.25034672
10043	0.25252730
10044	0.25494227
10045	0.25738758
10046	0.25976971
10047	0.26183039
10048	0.26351175
10049	0.26508191
10050	0.26694563
10051	0.26942658
10052	0.27240822
10053	0.27554420
10054	0.27863696
10055	0.28136152
10056	0.28360683
10057	0.28541300
10058	0.28674614
10059	0.28776529
10060	0.28848073
10061	0.28892019
10062	0.28912908
10063	0.28899753
10064	0.28859594
10065	0.28788942
10066	0.28690362
10067	0.28573751
10068	0.28435013
10069	0.28294238
10070	0.28155428
10071	0.28026363
10072	0.27919218
10073	0.27852520
10074	0.27836064
10075	0.27889043
10076	0.28011173
10077	0.28205359
10078	0.28458530
10079	0.28751120
10080	0.29072353
10081	0.29398501
10082	0.29709190
10083	0.29917425
10084	0.30260357
10085	0.30509827
10086	0.30745918
10087	0.30967462
10088	0.31173846
10089	0.31364268
10090	0.31529483
10091	0.31671974
10092	0.31785288
10093	0.31874844
10094	0.31902939
10095	0.31968534
10096	0.31933624
10097	0.31905389
10098	0.31840634
10099	0.31768352
10100	0.31820518
10101	0.31632733
10102	0.31420910
10103	0.31400934
10104	0.31246412
10105	0.31130618
10106	0.30904931
10107	0.30636233
10108	0.30341837
10109	0.30053228
10110	0.29747009
10111	0.29433879
10112	0.29126441
10113	0.28795478
10114	0.28435308
10115	0.28093770
10116	0.27768949
10117	0.27477092
10118	0.27234823
10119	0.27055523
10120	0.26943398
10121	0.26895463
10122	0.26902360
10123	0.26959437
10124	0.27048445
10125	0.27141258
10126	0.27231529
10127	0.27295849
10128	0.27349570
10129	0.27401596
10130	0.27462429
10131	0.27544728
10132	0.27583072
10133	0.27555546
10134	0.27524164
10135	0.27500984
10136	0.27475500
10137	0.27340156
10138	0.27176878
10139	0.26990530
10140	0.26810157
10141	0.26653135
10142	0.26525348
10143	0.26483861
10144	0.26449350
10145	0.26438624
10146	0.26442647
10147	0.26469612
10148	0.26521960
10149	0.26582384
10150	0.26609030
10151	0.26462194
10152	0.26523247
10153	0.26523125
10154	0.26514837
10155	0.26509541
10156	0.26531261
10157	0.26556256
10158	0.26600280
10159	0.26645565
10160	0.26791245
10161	0.26805019
10162	0.26860133
10163	0.26940677
10164	0.27022564
10165	0.27122548
10166	0.27229267
10167	0.27341831
10168	0.27456260
10169	0.27594352
10170	0.27743098
10171	0.27905279
10172	0.28083351
10173	0.28277719
10174	0.28492379
10175	0.28734043
10176	0.29006237
10177	0.29325137
10178	0.29669979
10179	0.30015075
10180	0.30321023
10181	0.30586448
10182	0.30847886
10183	0.31134638
10184	0.31443790
10185	0.31743652
10186	0.32022035
10187	0.32233411
10188	0.32388636
10189	0.32487139
10190	0.32538137
10191	0.32556325
10192	0.32578993
10193	0.32608190
10194	0.32590303
10195	0.32589468
10196	0.32549450
10197	0.32485655
10198	0.32379359
10199	0.32263699
10200	0.32131839
10201	0.31990862
10202	0.31855965
10203	0.31740263
10204	0.31662029
10205	0.31630516
10206	0.31662309
10207	0.31753957
10208	0.31908184
10209	0.32110417
10210	0.32354128
10211	0.32622629
10212	0.32894129
10213	0.33150053
10214	0.33344078
10215	0.33589336
10216	0.33774942
10217	0.33950299
10218	0.34105664
10219	0.34252322
10220	0.34391868
10221	0.34516075
10222	0.34614721
10223	0.34695378
10224	0.34752572
10225	0.34788260
10226	0.34803292
10227	0.34789461
10228	0.34710780
10229	0.34636199
10230	0.34515208
10231	0.34379411
10232	0.34288344
10233	0.34019324
10234	0.33750388
10235	0.33659580
10236	0.33389005
10237	0.33078572
10238	0.32746553
10239	0.32394505
10240	0.32041186
10241	0.31692308
10242	0.31266519
10243	0.31005073
10244	0.30684453
10245	0.30379966
10246	0.30092221
10247	0.29828951
10248	0.29598010
10249	0.29404244
10250	0.29261193
10251	0.29167241
10252	0.29132038
10253	0.29155606
10254	0.29229820
10255	0.29331052
10256	0.29440218
10257	0.29527590
10258	0.29591665
10259	0.29640332
10260	0.29694712
10261	0.29767567
10262	0.29851812
10263	0.29840916
10264	0.29837063
10265	0.29803628
10266	0.29808721
10267	0.29771072
10268	0.29600993
10269	0.29420000
10270	0.29235908
10271	0.29057646
10272	0.28905505
10273	0.28823200
10274	0.28769189
10275	0.28735557
10276	0.28749967
10277	0.28745547
10278	0.28799921
10279	0.28846142
10280	0.28790084
10281	0.28863332
10282	0.28975588
10283	0.28968418
10284	0.28966057
10285	0.28875560
10286	0.28937066
10287	0.28932294
10288	0.28982958
10289	0.29043263
10290	0.29089808
10291	0.29198059
10292	0.29265633
10293	0.29327720
10294	0.29401600
10295	0.29489514
10296	0.29582340
10297	0.29681131
10298	0.29793558
10299	0.29893166
10300	0.30022565
10301	0.30162001
10302	0.30324188
10303	0.30507767
10304	0.30718407
10305	0.30957508
10306	0.31233048
10307	0.31543365
10308	0.31870615
10309	0.32172957
10310	0.32433280
10311	0.32651278
10312	0.32867414
10313	0.33092028
10314	0.33292618
10315	0.33494928
10316	0.33644399
10317	0.33759347
10318	0.33776787
10319	0.33735138
10320	0.33669481
10321	0.33577818
10322	0.33478212
10323	0.33367980
10324	0.33242023
10325	0.33095464
10326	0.32932931
10327	0.32747787
10328	0.32547992
10329	0.32328957
10330	0.32110998
10331	0.31893551
10332	0.31682107
10333	0.31488115
10334	0.31316203
10335	0.31175426
10336	0.31074575
10337	0.31021634
10338	0.31026328
10339	0.31090966
10340	0.31206715
10341	0.31362581
10342	0.31554571
10343	0.31760502
10344	0.31966025
10345	0.32154199
10346	0.32286173
10347	0.32494208
10348	0.32641831
10349	0.32773137
10350	0.32884079
10351	0.32979983
10352	0.33056796
10353	0.33115602
10354	0.33155403
10355	0.33178544
10356	0.33180794
10357	0.33169726
10358	0.33133394
10359	0.33090118
10360	0.32961726
10361	0.32900706
10362	0.32777360
10363	0.32652658
10364	0.32582787
10365	0.32304445
10366	0.32353282
10367	0.32156107
10368	0.31986165
10369	0.31795064
10370	0.31589553
10371	0.31395975
10372	0.31179383
10373	0.30941322
10374	0.30693987
10375	0.30403751
10376	0.30026779
10377	0.29794696
10378	0.29477832
10379	0.29125249
10380	0.28822675
10381	0.28546944
10382	0.28313437
10383	0.28122899
10384	0.27976334
10385	0.27877629
10386	0.27824485
10387	0.27796394
10388	0.27771839
10389	0.27732390
10390	0.27667019
10391	0.27583170
10392	0.27497783
10393	0.27429572
10394	0.27402216
10395	0.27416673
10396	0.27478978
10397	0.27538303
10398	0.27497685
10399	0.27486023
10400	0.27447236
10401	0.27410027
10402	0.27247691
10403	0.27041337
10404	0.26830775
10405	0.26617306
10406	0.26434061
10407	0.26302898
10408	0.26229787
10409	0.26201046
10410	0.26200402
10411	0.26252127
10412	0.26276270
10413	0.26307249
10414	0.26234221
10415	0.26241592
10416	0.26263139
10417	0.26364982
10418	0.26397899
10419	0.26389247
10420	0.26271820
10421	0.26356867
10422	0.26381707
10423	0.26436144
10424	0.26479018
10425	0.26505622
10426	0.26606783
10427	0.26658395
10428	0.26704511
10429	0.26769236
10430	0.26836425
10431	0.26911169
10432	0.26991609
10433	0.27072439
10434	0.27142102
10435	0.27242598
10436	0.27361229
10437	0.27497867
10438	0.27656007
10439	0.27835613
10440	0.28046072
10441	0.28286675
10442	0.28534576
10443	0.28757867
10444	0.28933227
10445	0.29072452
10446	0.29213277
10447	0.29398847
10448	0.29617193
10449	0.29856008
10450	0.30084696
10451	0.30271986
10452	0.30413303
10453	0.30504990
10454	0.30567411
10455	0.30610269
10456	0.30630106
10457	0.30634275
10458	0.30617547
10459	0.30569294
10460	0.30487084
10461	0.30366543
10462	0.30217391
10463	0.30032527
10464	0.29825673
10465	0.29604435
10466	0.29378235
10467	0.29158768
10468	0.28960073
10469	0.28789717
10470	0.28657728
10471	0.28578129
10472	0.28556603
10473	0.28601119
10474	0.28706756
10475	0.28861588
10476	0.29055402
10477	0.29265916
10478	0.29463813
10479	0.29713735
10480	0.29938972
10481	0.30150372
10482	0.30341348
10483	0.30513534
10484	0.30670461
10485	0.30807161
10486	0.30930749
10487	0.31036323
10488	0.31128275
10489	0.31203690
10490	0.31258667
10491	0.31290978
10492	0.31301254
10493	0.31269646
10494	0.31200093
10495	0.31107166
10496	0.31001014
10497	0.30888352
10498	0.30668822
10499	0.30590031
10500	0.30411044
10501	0.30274129
10502	0.30028966
10503	0.29743445
10504	0.29451719
10505	0.29153061
10506	0.28847963
10507	0.28542009
10508	0.28208730
10509	0.27865940
10510	0.27503705
10511	0.27096081
10512	0.26724097
10513	0.26363388
10514	0.26032507
10515	0.25753140
10516	0.25519189
10517	0.25346464
10518	0.25237340
10519	0.25187087
10520	0.25178486
10521	0.25188842
10522	0.25189143
10523	0.25178108
10524	0.25143060
10525	0.25096610
10526	0.25060058
10527	0.25044549
10528	0.25067049
10529	0.25128230
10530	0.25206441
10531	0.25194129
10532	0.25180614
10533	0.25134745
10534	0.25101119
10535	0.24989729
10536	0.24811214
10537	0.24623841
10538	0.24434154
10539	0.24252287
10540	0.24115519
10541	0.24070385
10542	0.23994093
10543	0.23990463
10544	0.24008848
10545	0.24039255
10546	0.24066310
10547	0.24116939
10548	0.24156913
10549	0.24079290
10550	0.24163204
10551	0.24170551
10552	0.24172470
10553	0.24153323
10554	0.24180043
10555	0.24206530
10556	0.24227054
10557	0.24278486
10558	0.24332528
10559	0.24410263
10560	0.24406873
10561	0.24529725
10562	0.24615431
10563	0.24716920
10564	0.24816154
10565	0.24925739
10566	0.25030422
10567	0.25155383
10568	0.25297406
10569	0.25449094
10570	0.25618815
10571	0.25808960
10572	0.26022956
10573	0.26261470
10574	0.26532933
10575	0.26826438
10576	0.27130675
10577	0.27415451
10578	0.27664569
10579	0.27854437
10580	0.28021210
10581	0.28196248
10582	0.28382015
10583	0.28550047
10584	0.28692147
10585	0.28780952
10586	0.28825846
10587	0.28825366
10588	0.28806615
10589	0.28758404
10590	0.28698412
10591	0.28618366
10592	0.28519246
10593	0.28394881
10594	0.28242359
10595	0.28057143
10596	0.27840412
10597	0.27603295
10598	0.27343440
10599	0.27080056
10600	0.26822835
10601	0.26587701
10602	0.26392704
10603	0.26251888
10604	0.26184595
10605	0.26189685
10606	0.26262036
10607	0.26388919
10608	0.26565284
10609	0.26754451
10610	0.26967639
10611	0.27179405
10612	0.27374238
10613	0.27550358
10614	0.27699077
10615	0.27779880
10616	0.27998185
10617	0.28137591
10618	0.28265849
10619	0.28384051
10620	0.28479940
10621	0.28560945
10622	0.28619081
10623	0.28660032
10624	0.28676593
10625	0.28626946
10626	0.28530243
10627	0.28491557
10628	0.28439036
10629	0.28327113
10630	0.28166038
10631	0.27966046
10632	0.27774549
10633	0.27549657
10634	0.27290866
10635	0.27086189
10636	0.26734203
10637	0.26442808
10638	0.26133674
10639	0.25840753
10640	0.25539809
10641	0.25239819
10642	0.24916461
10643	0.24625644
10644	0.24349536
10645	0.24100128
10646	0.23881212
10647	0.23705249
10648	0.23574865
10649	0.23497987
10650	0.23474632
10651	0.23498881
10652	0.23549996
10653	0.23605037
10654	0.23644830
10655	0.23667569
10656	0.23675837
10657	0.23676898
10658	0.23686363
10659	0.23715498
10660	0.23777117
10661	0.23858720
10662	0.23842590
10663	0.23821889
10664	0.23766923
10665	0.23735620
10666	0.23624314
10667	0.23440640
10668	0.23240960
10669	0.23043506
10670	0.22891237
10671	0.22711192
10672	0.22581491
10673	0.22539085
10674	0.22530681
10675	0.22554013
10676	0.22593944
10677	0.22642525
10678	0.22564937
10679	0.22691071
10680	0.22737312
10681	0.22762808
10682	0.22766113
10683	0.22738564
10684	0.22732429
10685	0.22809719
10686	0.22774765
10687	0.22794969
10688	0.22846231
10689	0.22911052
10690	0.22955465
10691	0.22962995
10692	0.23049347
10693	0.23116980
10694	0.23198152
10695	0.23288503
10696	0.23385631
10697	0.23480582
10698	0.23601134
10699	0.23736350
10700	0.23880874
10701	0.24049667
10702	0.24233252
10703	0.24434541
10704	0.24665850
10705	0.24919969
10706	0.25198886
10707	0.25480077
10708	0.25745675
10709	0.25979522
10710	0.26162538
10711	0.26317722
10712	0.26487541
10713	0.26678413
10714	0.26871112
10715	0.27045265
10716	0.27193496
10717	0.27301610
10718	0.27381784
10719	0.27428854
10720	0.27455872
10721	0.27466872
10722	0.27465445
10723	0.27435777
10724	0.27385771
10725	0.27298650
10726	0.27179188
10727	0.27025867
10728	0.26839575
10729	0.26625845
10730	0.26404512
10731	0.26182160
10732	0.25973293
10733	0.25796288
10734	0.25664183
10735	0.25592515
10736	0.25585994
10737	0.25645372
10738	0.25760540
10739	0.25922588
10740	0.26116163
10741	0.26329777
10742	0.26528189
10743	0.26721513
10744	0.26884395
10745	0.26982585
10746	0.27199626
10747	0.27334169
10748	0.27467203
10749	0.27587447
10750	0.27701393
10751	0.27793211
10752	0.27871433
10753	0.27926254
10754	0.27941859
10755	0.27973145
10756	0.27925482
10757	0.27765727
10758	0.27809158
10759	0.27643526
10760	0.27466628
10761	0.27352226
10762	0.27374074
10763	0.27167654
10764	0.26976654
10765	0.26760116
10766	0.26527962
10767	0.26272392
10768	0.26057997
10769	0.25759372
10770	0.25449044
10771	0.25161731
10772	0.24843001
10773	0.24519417
10774	0.24167669
10775	0.23837072
10776	0.23515129
10777	0.23203696
10778	0.22925778
10779	0.22678125
10780	0.22475824
10781	0.22317745
10782	0.22200987
10783	0.22123012
10784	0.22072414
10785	0.22030529
10786	0.21978168
10787	0.21930070
10788	0.21877718
10789	0.21833438
10790	0.21805786
10791	0.21804082
10792	0.21830876
10793	0.21876383
10794	0.21831536
10795	0.21786213
10796	0.21728146
10797	0.21691033
10798	0.21539316
10799	0.21396556
10800	0.21161126
10801	0.20936492
10802	0.20688374
10803	0.20556782
10804	0.20481099
10805	0.20444635
10806	0.20450717
10807	0.20445994
10808	0.20496468
10809	0.20554693
10810	0.20587210
10811	0.20614827
10812	0.20633115
10813	0.20614171
10814	0.20614016
10815	0.20600988
10816	0.20599137
10817	0.20649385
10818	0.20676999
10819	0.20702021
10820	0.20786156
10821	0.20850638
10822	0.20947400
10823	0.21014637
10824	0.21079405
10825	0.21163236
10826	0.21262559
10827	0.21367227
10828	0.21482401
10829	0.21590911
10830	0.21720743
10831	0.21868384
10832	0.22025491
10833	0.22195499
10834	0.22384410
10835	0.22591667
10836	0.22829528
10837	0.23085795
10838	0.23354252
10839	0.23614961
10840	0.23832518
10841	0.23993596
10842	0.24122733
10843	0.24256518
10844	0.24418586
10845	0.24581802
10846	0.24737720
10847	0.24867132
10848	0.24953091
10849	0.25007561
10850	0.25040773
10851	0.25027072
10852	0.25012052
10853	0.24985383
10854	0.24946734
10855	0.24887763
10856	0.24804260
10857	0.24694766
10858	0.24552578
10859	0.24383195
10860	0.24185361
10861	0.23979793
10862	0.23770094
10863	0.23569043
10864	0.23393661
10865	0.23257683
10866	0.23175973
10867	0.23157375
10868	0.23207381
10869	0.23320392
10870	0.23492934
10871	0.23704672
10872	0.23951228
10873	0.24207509
10874	0.24448177
10875	0.24681154
10876	0.24875182
10877	0.24991174
10878	0.25230902
10879	0.25388059
10880	0.25532293
10881	0.25661546
10882	0.25776494
10883	0.25869897
10884	0.25939009
10885	0.25992456
10886	0.25980285
10887	0.26015463
10888	0.25943264
10889	0.25878069
10890	0.25828630
10891	0.25725174
10892	0.25615698
10893	0.25499251
10894	0.25328681
10895	0.25048956
10896	0.24966250
10897	0.24758868
10898	0.24523462
10899	0.24282198
10900	0.24019049
10901	0.23724498
10902	0.23367965
10903	0.23177356
10904	0.22885922
10905	0.22522570
10906	0.22199254
10907	0.21886013
10908	0.21608765
10909	0.21369335
10910	0.21173146
10911	0.21024223
10912	0.20928088
10913	0.20887342
10914	0.20890784
10915	0.20931686
10916	0.20984475
10917	0.21031319
10918	0.21080002
10919	0.21132852
10920	0.21203178
10921	0.21304092
10922	0.21415181
10923	0.21434015
10924	0.21443883
10925	0.21422407
10926	0.21414894
10927	0.21297245
10928	0.21160603
10929	0.20965618
10930	0.20765728
10931	0.20547619
10932	0.20396748
10933	0.20308274
10934	0.20260783
10935	0.20143260
10936	0.20203726
10937	0.20215583
10938	0.20229377
10939	0.20235285
10940	0.20254672
10941	0.20271558
10942	0.20264754
10943	0.20257619
10944	0.20232178
10945	0.20208623
10946	0.20200749
10947	0.20219545
10948	0.20220092
10949	0.20255011
10950	0.20306370
10951	0.20383251
10952	0.20433375
10953	0.20474583
10954	0.20533454
10955	0.20601338
10956	0.20669234
10957	0.20750706
10958	0.20820358
10959	0.20912147
10960	0.21014744
10961	0.21115004
10962	0.21225327
10963	0.21345092
10964	0.21474229
10965	0.21624206
10966	0.21791710
10967	0.21965255
10968	0.22131820
10969	0.22264382
10970	0.22388861
10971	0.22391997
10972	0.22403981
10973	0.22429378
10974	0.22512366
10975	0.22607814
10976	0.22706187
10977	0.22795786
10978	0.22861055
10979	0.22906283
10980	0.22935590
10981	0.22942258
10982	0.22946669
10983	0.22940016
10984	0.22921647
10985	0.22882374
10986	0.22811520
10987	0.22708987
10988	0.22575073
10989	0.22408731
10990	0.22222154
10991	0.22024319
10992	0.21831226
10993	0.21657829
10994	0.21519913
10995	0.21436347
10996	0.21412924
10997	0.21454667
10998	0.21562871
10999	0.21727107
11000	0.21938713
11001	0.22184514
11002	0.22443041
11003	0.22693750
11004	0.22925599
11005	0.23106927
11006	0.23263161
11007	0.23351027
11008	0.23557973
11009	0.23684111
11010	0.23798358
11011	0.23911458
11012	0.24011369
11013	0.24105330
11014	0.24186783
11015	0.24235916
11016	0.24282047
11017	0.24350858
11018	0.24332038
11019	0.24145855
11020	0.24325280
11021	0.24299881
11022	0.24104956
11023	0.23991850
11024	0.24071586
11025	0.23914978
11026	0.23720649
11027	0.23544161
11028	0.23350623
11029	0.23164041
11030	0.22973546
11031	0.22699699
11032	0.22506440
11033	0.22446509
11034	0.22257470
11035	0.22051436
11036	0.21851897
11037	0.21665841
11038	0.21521726
11039	0.21409796
11040	0.21334052
11041	0.21298794
11042	0.21307570
11043	0.21359856
11044	0.21434945
11045	0.21519455
11046	0.21596891
11047	0.21651727
11048	0.21700878
11049	0.21743886
11050	0.21804187
11051	0.21875638
11052	0.21870551
11053	0.21831125
11054	0.21772273
11055	0.21731722
11056	0.21612628
11057	0.21422112
11058	0.21266277
11059	0.21071158
11060	0.20890729
11061	0.20705028
11062	0.20637435
11063	0.20616277
11064	0.20608783
11065	0.20626256
11066	0.20622177
11067	0.20655638
11068	0.20702051
11069	0.20659596
11070	0.20750053
11071	0.20768742
11072	0.20748720
11073	0.20747428
11074	0.20736225
11075	0.20738108
11076	0.20756738
11077	0.20806733
11078	0.20830311
11079	0.20899029
11080	0.20974001
11081	0.21028805
11082	0.21067488
11083	0.21140946
11084	0.21219690
11085	0.21309686
11086	0.21415158
11087	0.21460278
11088	0.21631682
11089	0.21770068
11090	0.21923302
11091	0.22084013
11092	0.22260852
11093	0.22456066
11094	0.22669762
11095	0.22915085
11096	0.23189853
11097	0.23486641
11098	0.23785980
11099	0.24092692
11100	0.24302718
11101	0.24504514
11102	0.24695182
11103	0.24906421
11104	0.25132540
11105	0.25338691
11106	0.25520286
11107	0.25658882
11108	0.25760111
11109	0.25839531
11110	0.25887328
11111	0.25932381
11112	0.25975522
11113	0.26007804
11114	0.26026043
11115	0.26029390
11116	0.26003489
11117	0.25946477
11118	0.25858766
11119	0.25749785
11120	0.25625896
11121	0.25508541
11122	0.25411290
11123	0.25351369
11124	0.25345618
11125	0.25405669
11126	0.25525388
11127	0.25702962
11128	0.25927174
11129	0.26189187
11130	0.26475811
11131	0.26772115
11132	0.27063766
11133	0.27333069
11134	0.27573475
11135	0.27704555
11136	0.27976993
11137	0.28164530
11138	0.28343478
11139	0.28510395
11140	0.28665081
11141	0.28810781
11142	0.28940156
11143	0.29060376
11144	0.29163244
11145	0.29212397
11146	0.29311982
11147	0.29310676
11148	0.29303244
11149	0.29295492
11150	0.29260758
11151	0.29364508
11152	0.29059115
11153	0.29068065
11154	0.28931779
11155	0.28764179
11156	0.28675431
11157	0.28448892
11158	0.28229871
11159	0.28037357
11160	0.27847686
11161	0.27681252
11162	0.27494356
11163	0.27307874
11164	0.27119306
11165	0.26901454
11166	0.26718566
11167	0.26558715
11168	0.26427996
11169	0.26331183
11170	0.26278642
11171	0.26280335
11172	0.26317322
11173	0.26398942
11174	0.26496282
11175	0.26586983
11176	0.26663586
11177	0.26720652
11178	0.26753315
11179	0.26778722
11180	0.26813450
11181	0.26867551
11182	0.26943219
11183	0.26973748
11184	0.26928753
11185	0.26876065
11186	0.26845980
11187	0.26812086
11188	0.26632899
11189	0.26427233
11190	0.26218659
11191	0.26027915
11192	0.25856760
11193	0.25760081
11194	0.25722811
11195	0.25695989
11196	0.25733814
11197	0.25760937
11198	0.25791940
11199	0.25836313
11200	0.25781614
11201	0.25819227
11202	0.25930357
11203	0.25971776
11204	0.25789386
11205	0.25896952
11206	0.25893441
11207	0.25926560
11208	0.25983542
11209	0.26036486
11210	0.26076439
11211	0.26155448
11212	0.26246956
11213	0.26318839
11214	0.26368654
11215	0.26482171
11216	0.26579013
11217	0.26685995
11218	0.26804066
11219	0.26927975
11220	0.27047428
11221	0.27187970
11222	0.27342090
11223	0.27511883
11224	0.27699456
11225	0.27906185
11226	0.28138515
11227	0.28398231
11228	0.28687766
11229	0.28993684
11230	0.29266188
11231	0.29488772
11232	0.29675034
11233	0.29859895
11234	0.30060661
11235	0.30261004
11236	0.30433172
11237	0.30565074
11238	0.30628097
11239	0.30647087
11240	0.30637076
11241	0.30567694
11242	0.30513275
11243	0.30461448
11244	0.30418509
11245	0.30381799
11246	0.30351952
11247	0.30314469
11248	0.30272925
11249	0.30213696
11250	0.30138144
11251	0.30042037
11252	0.29935271
11253	0.29814547
11254	0.29702482
11255	0.29605052
11256	0.29541174
11257	0.29529124
11258	0.29575810
11259	0.29690903
11260	0.29866496
11261	0.30104026
11262	0.30376318
11263	0.30665556
11264	0.30946723
11265	0.31259528
11266	0.31520888
11267	0.31752488
11268	0.31954035
11269	0.32107046
11270	0.32260779
11271	0.32402727
11272	0.32534093
11273	0.32645914
11274	0.32742661
11275	0.32820246
11276	0.32876608
11277	0.32918414
11278	0.32934767
11279	0.32924461
11280	0.32897475
11281	0.32803804
11282	0.32713339
11283	0.32576099
11284	0.32429719
11285	0.32257360
11286	0.32002449
11287	0.31856856
11288	0.31729612
11289	0.31425962
11290	0.31141105
11291	0.30830747
11292	0.30506685
11293	0.30168715
11294	0.29813436
11295	0.29461393
11296	0.29064280
11297	0.28676748
11298	0.28289387
11299	0.27884325
11300	0.27532929
11301	0.27206141
11302	0.26906034
11303	0.26641303
11304	0.26424924
11305	0.26251966
11306	0.26126736
11307	0.26048490
11308	0.26002473
11309	0.25964797
11310	0.25935712
11311	0.25899357
11312	0.25857916
11313	0.25818875
11314	0.25791970
11315	0.25796655
11316	0.25837231
11317	0.25847426
11318	0.25810820
11319	0.25767004
11320	0.25730759
11321	0.25688341
11322	0.25497183
11323	0.25295806
11324	0.25088635
11325	0.24895458
11326	0.24736495
11327	0.24644643
11328	0.24595019
11329	0.24567463
11330	0.24588449
11331	0.24611010
11332	0.24636345
11333	0.24666589
11334	0.24675527
11335	0.24695992
11336	0.24714996
11337	0.24745159
11338	0.24652110
11339	0.24645881
11340	0.24647453
11341	0.24684137
11342	0.24725291
11343	0.24773626
11344	0.24847038
11345	0.24936402
11346	0.24999250
11347	0.25046408
11348	0.25111920
11349	0.25187647
11350	0.25272736
11351	0.25360626
11352	0.25438276
11353	0.25542095
11354	0.25653711
11355	0.25775456
11356	0.25912476
11357	0.26066807
11358	0.26240310
11359	0.26437256
11360	0.26648524
11361	0.26873976
11362	0.27100536
11363	0.27318844
11364	0.27498308
11365	0.27624696
11366	0.27731919
11367	0.27865261
11368	0.28045243
11369	0.28232494
11370	0.28416717
11371	0.28574973
11372	0.28693309
11373	0.28778443
11374	0.28814316
11375	0.28841680
11376	0.28850511
11377	0.28843635
11378	0.28813505
11379	0.28755522
11380	0.28663182
11381	0.28534368
11382	0.28368449
11383	0.28179282
11384	0.27960360
11385	0.27732554
11386	0.27500141
11387	0.27272230
11388	0.27062047
11389	0.26883087
11390	0.26743177
11391	0.26658726
11392	0.26643813
11393	0.26703247
11394	0.26837289
11395	0.27035260
11396	0.27280784
11397	0.27563909
11398	0.27850300
11399	0.28142488
11400	0.28410658
11401	0.28607428
11402	0.28920352
11403	0.29159236
11404	0.29394051
11405	0.29623669
11406	0.29846182
11407	0.30050462
11408	0.30240840
11409	0.30410746
11410	0.30559683
11411	0.30688974
11412	0.30795440
11413	0.30877057
11414	0.30888945
11415	0.30899969
11416	0.30898747
11417	0.30833736
11418	0.30864406
11419	0.30681780
11420	0.30681011
11421	0.30654398
11422	0.30421463
11423	0.30187833
11424	0.29900783
11425	0.29594329
11426	0.29269332
11427	0.28934097
11428	0.28601453
11429	0.28240463
11430	0.27878547
11431	0.27506194
11432	0.27098846
11433	0.26731649
11434	0.26380491
11435	0.26067063
11436	0.25799164
11437	0.25587568
11438	0.25433725
11439	0.25346500
11440	0.25325784
11441	0.25363022
11442	0.25442830
11443	0.25534880
11444	0.25636607
11445	0.25729978
11446	0.25819638
11447	0.25913456
11448	0.26021603
11449	0.26150659
11450	0.26294729
11451	0.26319376
11452	0.26318538
11453	0.26284316
11454	0.26267412
11455	0.26177156
11456	0.25994536
11457	0.25792342
11458	0.25578731
11459	0.25378713
11460	0.25223434
11461	0.25120932
11462	0.25073311
11463	0.25051543
11464	0.25062686
11465	0.25083944
11466	0.25098324
11467	0.25044057
11468	0.25180304
11469	0.25290999
11470	0.25125632
11471	0.25166571
11472	0.25140992
11473	0.25138330
11474	0.25153935
11475	0.25164136
11476	0.25185794
11477	0.25209385
11478	0.25259095
11479	0.25326750
11480	0.25372672
11481	0.25407073
11482	0.25465617
11483	0.25536004
11484	0.25614718
11485	0.25703475
11486	0.25797087
11487	0.25888610
11488	0.26003122
11489	0.26126277
11490	0.26265079
11491	0.26420090
11492	0.26598784
11493	0.26804912
11494	0.27038017
11495	0.27289760
11496	0.27552518
11497	0.27811331
11498	0.28042439
11499	0.28227785
11500	0.28372842
11501	0.28518790
11502	0.28694621
11503	0.28912225
11504	0.29125333
11505	0.29331803
11506	0.29505920
11507	0.29640630
11508	0.29735830
11509	0.29800299
11510	0.29830259
11511	0.29832584
11512	0.29810488
11513	0.29758754
11514	0.29677919
11515	0.29565579
11516	0.29421350
11517	0.29247501
11518	0.29051989
11519	0.28842795
11520	0.28632110
11521	0.28437689
11522	0.28271949
11523	0.28147230
11524	0.28082594
11525	0.28079802
11526	0.28143138
11527	0.28261095
11528	0.28428563
11529	0.28632233
11530	0.28854227
11531	0.29061335
11532	0.29261947
11533	0.29393145
11534	0.29650170
11535	0.29809892
11536	0.29959288
11537	0.30104029
11538	0.30241665
11539	0.30362767
11540	0.30472130
11541	0.30556884
11542	0.30622882
11543	0.30633035
11544	0.30674049
11545	0.30611816
11546	0.30552304
11547	0.30446607
11548	0.30323955
11549	0.30228570
11550	0.29997656
11551	0.29760361
11552	0.29645845
11553	0.29396501
11554	0.29115665
11555	0.28908846
11556	0.28522608
11557	0.28175092
11558	0.27821788
11559	0.27487686
11560	0.27166972
11561	0.26863495
11562	0.26515841
11563	0.26197806
11564	0.25880238
11565	0.25566164
11566	0.25280666
11567	0.25036317
11568	0.24844176
11569	0.24714851
11570	0.24651875
11571	0.24655186
11572	0.24713567
11573	0.24811710
11574	0.24932452
11575	0.25053173
11576	0.25153160
11577	0.25243038
11578	0.25331250
11579	0.25423780
11580	0.25538754
11581	0.25676683
11582	0.25840661
11583	0.25884780
11584	0.25906271
11585	0.25882074
11586	0.25861669
11587	0.25756174
11588	0.25558653
11589	0.25349990
11590	0.25124291
11591	0.24919206
11592	0.24778898
11593	0.24664332
11594	0.24611695
11595	0.24598895
11596	0.24619696
11597	0.24654475
11598	0.24702990
11599	0.24745885
11600	0.24621098
11601	0.24779452
11602	0.24802805
11603	0.24793001
11604	0.24792241
11605	0.24793960
11606	0.24864531
11607	0.24858217
11608	0.24910486
11609	0.24955003
11610	0.25011936
11611	0.25089359
11612	0.25143737
11613	0.25193337
11614	0.25258902
11615	0.25337127
11616	0.25421950
11617	0.25514877
11618	0.25612059
11619	0.25706527
11620	0.25821802
11621	0.25949281
11622	0.26097351
11623	0.26248276
11624	0.26425049
11625	0.26626992
11626	0.26847845
11627	0.27083254
11628	0.27321172
11629	0.27533627
11630	0.27698013
11631	0.27825990
11632	0.27951851
11633	0.28116548
11634	0.28291360
11635	0.28447157
11636	0.28564119
11637	0.28638667
11638	0.28681311
11639	0.28689176
11640	0.28664538
11641	0.28637555
11642	0.28593385
11643	0.28538713
11644	0.28463578
11645	0.28364536
11646	0.28237221
11647	0.28077620
11648	0.27892661
11649	0.27684188
11650	0.27465984
11651	0.27249691
11652	0.27037030
11653	0.26845449
11654	0.26681304
11655	0.26562434
11656	0.26496935
11657	0.26503503
11658	0.26582852
11659	0.26730070
11660	0.26929584
11661	0.27174294
11662	0.27446693
11663	0.27726141
11664	0.27976364
11665	0.28211594
11666	0.28456247
11667	0.28672630
11668	0.28879640
11669	0.29080516
11670	0.29273456
11671	0.29450637
11672	0.29607534
11673	0.29749593
11674	0.29870361
11675	0.29970264
11676	0.30049726
11677	0.30109847
11678	0.30106616
11679	0.30118066
11680	0.29963008
11681	0.30053148
11682	0.29917425
11683	0.29807332
11684	0.29738444
11685	0.29726335
11686	0.29515886
11687	0.29298940
11688	0.29045671
11689	0.28838283
11690	0.28553715
11691	0.28237888
11692	0.27928442
11693	0.27603638
11694	0.27286491
11695	0.26931933
11696	0.26559165
11697	0.26218447
11698	0.25905168
11699	0.25615188
11700	0.25366840
11701	0.25162557
11702	0.25006586
11703	0.24908306
11704	0.24859147
11705	0.24844462
11706	0.24839734
11707	0.24832785
11708	0.24810812
11709	0.24771167
11710	0.24730635
11711	0.24690816
11712	0.24670959
11713	0.24675235
11714	0.24703147
11715	0.24697618
11716	0.24640590
11717	0.24585924
11718	0.24534683
11719	0.24490377
11720	0.24340892
11721	0.24160175
11722	0.24027960
11723	0.23787642
11724	0.23625635
11725	0.23529762
11726	0.23480363
11727	0.23462823
11728	0.23476996
11729	0.23512466
11730	0.23468669
11731	0.23566370
11732	0.23615800
11733	0.23658447
11734	0.23662697
11735	0.23669760
11736	0.23667096
11737	0.23664062
11738	0.23675041
11739	0.23714609
11740	0.23745340
11741	0.23810183
11742	0.23870568
11743	0.23937257
11744	0.23993526
11745	0.24044140
11746	0.24113755
11747	0.24193360
11748	0.24279709
11749	0.24377169
11750	0.24465552
11751	0.24580586
11752	0.24712625
11753	0.24846576
11754	0.25000188
11755	0.25162634
11756	0.25345978
11757	0.25558734
11758	0.25794300
11759	0.26051769
11760	0.26321289
11761	0.26577839
11762	0.26798129
11763	0.26969638
11764	0.27107522
11765	0.27259842
11766	0.27454841
11767	0.27659044
11768	0.27852035
11769	0.28018102
11770	0.28138635
11771	0.28221568
11772	0.28261930
11773	0.28273630
11774	0.28263360
11775	0.28232497
11776	0.28184140
11777	0.28105941
11778	0.28001085
11779	0.27865043
11780	0.27694190
11781	0.27498287
11782	0.27278230
11783	0.27045500
11784	0.26806071
11785	0.26582199
11786	0.26374936
11787	0.26209220
11788	0.26096958
11789	0.26058295
11790	0.26090693
11791	0.26200175
11792	0.26372021
11793	0.26592675
11794	0.26849633
11795	0.27101767
11796	0.27366111
11797	0.27604434
11798	0.27802610
11799	0.28021979
11800	0.28210264
11801	0.28394064
11802	0.28564930
11803	0.28718844
11804	0.28858352
11805	0.28970790
11806	0.29055378
11807	0.29110289
11808	0.29139814
11809	0.29141560
11810	0.29068121
11811	0.28891134
11812	0.28935307
11813	0.28795508
11814	0.28811917
11815	0.28416014
11816	0.28178036
11817	0.27976981
11818	0.27726987
11819	0.27537176
11820	0.27224192
11821	0.26912853
11822	0.26605028
11823	0.26295793
11824	0.26094681
11825	0.25740853
11826	0.25452331
11827	0.25144017
11828	0.24879679
11829	0.24616909
11830	0.24372971
11831	0.24162747
11832	0.23991603
11833	0.23859036
11834	0.23779342
11835	0.23745969
11836	0.23764746
11837	0.23812521
11838	0.23876287
11839	0.23931091
11840	0.23965950
11841	0.23975451
11842	0.23969926
11843	0.23957004
11844	0.23957774
11845	0.23980471
11846	0.24035701
11847	0.24094366
11848	0.24056789
11849	0.24012242
11850	0.23956077
11851	0.23919071
11852	0.23779048
11853	0.23630932
11854	0.23397475
11855	0.23200896
11856	0.23011170
11857	0.22863683
11858	0.22780012
11859	0.22728431
11860	0.22618292
11861	0.22687261
11862	0.22712940
11863	0.22761247
11864	0.22788854
11865	0.22808272
11866	0.22840224
11867	0.22850029
11868	0.22852618
11869	0.22848062
11870	0.22845574
11871	0.22902484
11872	0.22907215
11873	0.22943805
11874	0.22989862
11875	0.23045774
11876	0.23126337
11877	0.23183505
11878	0.23240098
11879	0.23315150
11880	0.23397811
11881	0.23492935
11882	0.23594448
11883	0.23693052
11884	0.23813172
11885	0.23945172
11886	0.24086398
11887	0.24241468
11888	0.24419504
11889	0.24619585
11890	0.24845272
11891	0.25096557
11892	0.25366101
11893	0.25641191
11894	0.25897017
11895	0.26108295
11896	0.26278460
11897	0.26445302
11898	0.26658961
11899	0.26925951
11900	0.27219552
11901	0.27516457
11902	0.27777678
11903	0.27985165
11904	0.28126818
11905	0.28218460
11906	0.28263018
11907	0.28267086
11908	0.28240678
11909	0.28181520
11910	0.28088501
11911	0.27957359
11912	0.27788204
11913	0.27586079
11914	0.27358106
11915	0.27114600
11916	0.26866117
11917	0.26624703
11918	0.26404065
11919	0.26221216
11920	0.26088160
11921	0.26020229
11922	0.26028296
11923	0.26105720
11924	0.26242444
11925	0.26428649
11926	0.26644418
11927	0.26865220
11928	0.27065688
11929	0.27206725
11930	0.27450770
11931	0.27615243
11932	0.27767688
11933	0.27906591
11934	0.28045657
11935	0.28177306
11936	0.28296816
11937	0.28394413
11938	0.28471163
11939	0.28530487
11940	0.28569627
11941	0.28583321
11942	0.28497362
11943	0.28362137
11944	0.28391770
11945	0.28325555
11946	0.28184700
11947	0.28053266
11948	0.27891964
11949	0.27583432
11950	0.27354828
11951	0.27102962
11952	0.26905072
11953	0.26597211
11954	0.26293528
11955	0.26008928
11956	0.25724226
11957	0.25524351
11958	0.25223097
11959	0.24950501
11960	0.24677816
11961	0.24409102
11962	0.24160835
11963	0.23943223
11964	0.23766747
11965	0.23639759
11966	0.23562171
11967	0.23532873
11968	0.23557134
11969	0.23625712
11970	0.23717691
11971	0.23822907
11972	0.23919411
11973	0.23988059
11974	0.24043076
11975	0.24091807
11976	0.24148744
11977	0.24222305
11978	0.24320807
11979	0.24336794
11980	0.24306956
11981	0.24256869
11982	0.24233365
11983	0.24183723
11984	0.24013712
11985	0.23873231
11986	0.23623702
11987	0.23428331
11988	0.23257965
11989	0.23161799
11990	0.23113824
11991	0.23086640
11992	0.23089413
11993	0.23041865
11994	0.23113419
11995	0.23141444
11996	0.23116609
11997	0.23193876
11998	0.23210917
11999	0.23210351
12000	0.23204874