	C:\Users\jkuzm\OneDrive - University of Massachusetts\HRSL x UMILL-PUMA Fatigue - Fatigue\Data\F01\FR3_Metabolic1.c3d
	LCAL1
	TARGET
	ORIGINAL
ITEM	Y
1	0.31238836
2	0.32289624
3	0.33347610
4	0.34719571
5	0.35972860
6	0.37146971
7	0.38512367
8	0.39944401
9	0.41469929
10	0.43116891
11	0.44510472
12	0.46144494
13	0.47855508
14	0.49618796
15	0.51647168
16	0.53471768
17	0.55247194
18	0.56881750
19	0.58656251
20	0.60209024
21	0.61832559
22	0.63192892
23	0.64557886
24	0.65892065
25	0.66936642
26	0.67803502
27	0.68462980
28	0.68912172
29	0.69143629
30	0.69164598
31	0.68979329
32	0.68602914
33	0.68052435
34	0.67348593
35	0.66500241
36	0.65617013
37	0.64645040
38	0.63458198
39	0.62129313
40	0.60809439
41	0.58999807
42	0.57294542
43	0.55546570
44	0.53852135
45	0.52292120
46	0.50891805
47	0.49524343
48	0.48096412
49	0.46570453
50	0.44966725
51	0.43369627
52	0.41664881
53	0.39917630
54	0.38051549
55	0.36211434
56	0.34419495
57	0.32624966
58	0.30833316
59	0.28986359
60	0.27290884
61	0.25538808
62	0.23804292
63	0.22075191
64	0.20355766
65	0.18674594
66	0.16998689
67	0.15351453
68	0.13749269
69	0.12142362
70	0.10594307
71	0.09126565
72	0.07728908
73	0.06349047
74	0.05041214
75	0.03785376
76	0.02671878
77	0.01584092
78	0.00579834
79	-0.00325051
80	-0.01135267
81	-0.01817467
82	-0.02448556
83	-0.03008273
84	-0.03515229
85	-0.03988740
86	-0.04385532
87	-0.04806883
88	-0.05074931
89	-0.05439049
90	-0.05860559
91	-0.06306541
92	-0.06767319
93	-0.06951775
94	-0.07056790
95	-0.07037079
96	-0.06886034
97	-0.06590346
98	-0.06175444
99	-0.05624301
100	-0.04987570
101	-0.04244007
102	-0.03441318
103	-0.02570029
104	-0.01657240
105	-0.00693894
106	0.00321804
107	0.01380610
108	0.02518871
109	0.03688324
110	0.04881008
111	0.06088050
112	0.07294921
113	0.08502582
114	0.09707386
115	0.10923880
116	0.12115766
117	0.13267106
118	0.14436509
119	0.15539420
120	0.16644086
121	0.17746046
122	0.18809591
123	0.19866586
124	0.20910041
125	0.21946436
126	0.22998147
127	0.24036346
128	0.25083673
129	0.26146647
130	0.27233258
131	0.28350499
132	0.29513648
133	0.30714864
134	0.31943718
135	0.33170006
136	0.34527695
137	0.35943863
138	0.37477133
139	0.38946801
140	0.40593839
141	0.42312053
142	0.43882543
143	0.45577103
144	0.47364122
145	0.49212012
146	0.51305848
147	0.53202111
148	0.55093300
149	0.57027882
150	0.58809263
151	0.60422808
152	0.62145948
153	0.63797891
154	0.65335071
155	0.66807586
156	0.68018037
157	0.69044471
158	0.69853610
159	0.70448822
160	0.70813799
161	0.70963174
162	0.70911759
163	0.70641458
164	0.70230806
165	0.69620514
166	0.68770540
167	0.67782766
168	0.66632807
169	0.65384352
170	0.64141637
171	0.62360305
172	0.60577846
173	0.58608025
174	0.57127315
175	0.55809790
176	0.54524416
177	0.53139067
178	0.51611775
179	0.49986830
180	0.48305073
181	0.46611568
182	0.44910327
183	0.43142918
184	0.41367286
185	0.39386806
186	0.37640262
187	0.35849565
188	0.34064338
189	0.32301226
190	0.30546349
191	0.28878596
192	0.27145940
193	0.25417069
194	0.23698345
195	0.22009481
196	0.20353162
197	0.18740261
198	0.17156677
199	0.15544200
200	0.14051533
201	0.12593929
202	0.11186238
203	0.09840854
204	0.08541269
205	0.07334947
206	0.06249075
207	0.05193725
208	0.04242264
209	0.03390246
210	0.02665968
211	0.02007129
212	0.01412071
213	0.00898947
214	0.00379340
215	-0.00124409
216	-0.00611193
217	-0.01018029
218	-0.01606807
219	-0.02128220
220	-0.02685261
221	-0.03250641
222	-0.03593589
223	-0.03783648
224	-0.03832835
225	-0.03750154
226	-0.03550831
227	-0.03234104
228	-0.02800377
229	-0.02266716
230	-0.01649343
231	-0.00938350
232	-0.00141897
233	0.00701884
234	0.01634608
235	0.02611460
236	0.03663702
237	0.04763288
238	0.05918309
239	0.07119324
240	0.08362259
241	0.09619469
242	0.10888644
243	0.12173505
244	0.13416909
245	0.14670670
246	0.15890837
247	0.17092232
248	0.18263291
249	0.19399600
250	0.20500544
251	0.21562417
252	0.22594222
253	0.23597069
254	0.24585588
255	0.25555575
256	0.26512074
257	0.27452052
258	0.28385666
259	0.29332864
260	0.30265251
261	0.31207284
262	0.32149783
263	0.33132121
264	0.34161702
265	0.35212082
266	0.36367887
267	0.37539482
268	0.38769475
269	0.40057197
270	0.41435000
271	0.42808884
272	0.43856961
273	0.45751801
274	0.47302961
275	0.48514938
276	0.50231457
277	0.52487874
278	0.54561287
279	0.56498694
280	0.58359641
281	0.60203665
282	0.62001771
283	0.63679081
284	0.65479511
285	0.67117614
286	0.68650669
287	0.70073628
288	0.71301824
289	0.72352618
290	0.73159701
291	0.73778862
292	0.74184978
293	0.74364215
294	0.74317282
295	0.74057060
296	0.73633063
297	0.73010170
298	0.72243965
299	0.71327746
300	0.70256543
301	0.68942624
302	0.67475897
303	0.65816271
304	0.64077008
305	0.62426108
306	0.61055720
307	0.59414977
308	0.58102149
309	0.56739205
310	0.55231082
311	0.53602618
312	0.51933587
313	0.50177163
314	0.48453233
315	0.46712527
316	0.44960713
317	0.43101650
318	0.41289514
319	0.39465287
320	0.37669274
321	0.35879639
322	0.34065029
323	0.32367185
324	0.30631891
325	0.28901413
326	0.27172086
327	0.25457990
328	0.23787893
329	0.22131667
330	0.20525159
331	0.18918063
332	0.17386088
333	0.15912525
334	0.14486855
335	0.13133314
336	0.11820612
337	0.10614986
338	0.09532747
339	0.08481355
340	0.07529616
341	0.06676481
342	0.05919470
343	0.05241396
344	0.04695240
345	0.04059660
346	0.03478155
347	0.02901832
348	0.02374342
349	0.01873790
350	0.01196473
351	0.00568949
352	-0.00101450
353	-0.00685576
354	-0.01314201
355	-0.01598151
356	-0.01769343
357	-0.01821459
358	-0.01751881
359	-0.01577256
360	-0.01297467
361	-0.00925498
362	-0.00465837
363	0.00083781
364	0.00712690
365	0.01421109
366	0.02214993
367	0.03062624
368	0.03953982
369	0.04932490
370	0.05962357
371	0.07047646
372	0.08187134
373	0.09362311
374	0.10564396
375	0.11810746
376	0.13027829
377	0.14242414
378	0.15434438
379	0.16626465
380	0.17781395
381	0.18910332
382	0.20006405
383	0.21071625
384	0.22105347
385	0.23118703
386	0.24112067
387	0.25085452
388	0.26041049
389	0.26984474
390	0.27913564
391	0.28829923
392	0.29755926
393	0.30685923
394	0.31664124
395	0.32637382
396	0.33615729
397	0.34706107
398	0.35764986
399	0.36908743
400	0.38111797
401	0.39362162
402	0.40606198
403	0.42082521
404	0.43460470
405	0.44990239
406	0.46695408
407	0.48351666
408	0.50079358
409	0.51554799
410	0.53697675
411	0.55559105
412	0.57450283
413	0.59344631
414	0.61215281
415	0.63024366
416	0.64695275
417	0.66449243
418	0.68194216
419	0.69698727
420	0.71153015
421	0.72384214
422	0.73466194
423	0.74367976
424	0.75046778
425	0.75518084
426	0.75778651
427	0.75831348
428	0.75722808
429	0.75402671
430	0.74917907
431	0.74251509
432	0.73471349
433	0.72487867
434	0.71453118
435	0.70167559
436	0.68850970
437	0.67226070
438	0.65391690
439	0.63592982
440	0.61993682
441	0.60571635
442	0.59284306
443	0.57958436
444	0.56472063
445	0.54862851
446	0.53200084
447	0.51509231
448	0.49780813
449	0.48033729
450	0.46262237
451	0.44331118
452	0.42509857
453	0.40710825
454	0.38920119
455	0.37134787
456	0.35373312
457	0.33667627
458	0.31930664
459	0.30196360
460	0.28474230
461	0.26791582
462	0.25129882
463	0.23499955
464	0.21877076
465	0.20323585
466	0.18839653
467	0.17394888
468	0.16000794
469	0.14654660
470	0.13392907
471	0.12201342
472	0.11125854
473	0.10084170
474	0.09164024
475	0.08284646
476	0.07535646
477	0.06905645
478	0.06310019
479	0.05803263
480	0.05229715
481	0.04725886
482	0.04273191
483	0.03875622
484	0.03366434
485	0.02749190
486	0.02232778
487	0.01587647
488	0.01244516
489	0.00978497
490	0.00881106
491	0.00895808
492	0.01043882
493	0.01309620
494	0.01698453
495	0.02205930
496	0.02789398
497	0.03475029
498	0.04230575
499	0.05050045
500	0.05935975
501	0.06872700
502	0.07866771
503	0.08905890
504	0.10002396
505	0.11142766
506	0.12327230
507	0.13544039
508	0.14768922
509	0.16026197
510	0.17245814
511	0.18484537
512	0.19694120
513	0.20882034
514	0.22042862
515	0.23166785
516	0.24254172
517	0.25301814
518	0.26317745
519	0.27304703
520	0.28273198
521	0.29231808
522	0.30164307
523	0.31093243
524	0.32003748
525	0.32934660
526	0.33844617
527	0.34767860
528	0.35691047
529	0.36648989
530	0.37646180
531	0.38675436
532	0.39755413
533	0.40893602
534	0.42068237
535	0.43312573
536	0.44529474
537	0.45996383
538	0.47437537
539	0.48908645
540	0.50393510
541	0.52088463
542	0.53805828
543	0.55610102
544	0.57387495
545	0.59218830
546	0.61058336
547	0.62881923
548	0.64629853
549	0.66399723
550	0.68218321
551	0.69837117
552	0.71448934
553	0.72799551
554	0.74118227
555	0.75280374
556	0.76219869
557	0.76950455
558	0.77463323
559	0.77768838
560	0.77880359
561	0.77796590
562	0.77502775
563	0.77035779
564	0.76402980
565	0.75601584
566	0.74663365
567	0.73520017
568	0.72334599
569	0.70928639
570	0.69357514
571	0.67645657
572	0.65853131
573	0.64212888
574	0.62781835
575	0.61432868
576	0.60110670
577	0.58648473
578	0.57048464
579	0.55400604
580	0.53720009
581	0.52006620
582	0.50259829
583	0.48495379
584	0.46783075
585	0.44849670
586	0.43037471
587	0.41217050
588	0.39440623
589	0.37633687
590	0.35934103
591	0.34199381
592	0.32473660
593	0.30764240
594	0.29107219
595	0.27443013
596	0.25782061
597	0.24209410
598	0.22679874
599	0.21182437
600	0.19747652
601	0.18348768
602	0.17027625
603	0.15770476
604	0.14589754
605	0.13524972
606	0.12490726
607	0.11545753
608	0.10697304
609	0.09942269
610	0.09301291
611	0.08683000
612	0.08102590
613	0.07535131
614	0.06987568
615	0.06486938
616	0.06007987
617	0.05496170
618	0.04845231
619	0.04239665
620	0.03586673
621	0.03207384
622	0.02926018
623	0.02749746
624	0.02689078
625	0.02749449
626	0.02919416
627	0.03204224
628	0.03603168
629	0.04077499
630	0.04658660
631	0.05323685
632	0.06048819
633	0.06830253
634	0.07680861
635	0.08587290
636	0.09526794
637	0.10543529
638	0.11604825
639	0.12712179
640	0.13857444
641	0.15019511
642	0.16190055
643	0.17387883
644	0.18571043
645	0.19730227
646	0.20887603
647	0.22017661
648	0.23110381
649	0.24169807
650	0.25187126
651	0.26168355
652	0.27132219
653	0.28075281
654	0.29006544
655	0.29918838
656	0.30814058
657	0.31705818
658	0.32610843
659	0.33499599
660	0.34406564
661	0.35393894
662	0.36345795
663	0.37331560
664	0.38271743
665	0.39318365
666	0.40404591
667	0.41577390
668	0.42779398
669	0.44055837
670	0.45414248
671	0.46739194
672	0.48225743
673	0.49894446
674	0.51520348
675	0.53191274
676	0.54817289
677	0.56680697
678	0.58479613
679	0.60150778
680	0.62033397
681	0.63833839
682	0.65499938
683	0.67183000
684	0.68885195
685	0.70370269
686	0.71759725
687	0.73044848
688	0.74088985
689	0.74976873
690	0.75625128
691	0.76079226
692	0.76301700
693	0.76318055
694	0.76126778
695	0.75760829
696	0.75217056
697	0.74479598
698	0.73661792
699	0.72657454
700	0.71510321
701	0.70173484
702	0.68698639
703	0.67185974
704	0.65394896
705	0.63605106
706	0.61988151
707	0.60506052
708	0.59148949
709	0.57759452
710	0.56270415
711	0.54669929
712	0.53019345
713	0.51325524
714	0.49632603
715	0.47895569
716	0.46062699
717	0.44206029
718	0.42378598
719	0.40543965
720	0.38739449
721	0.36946809
722	0.35170189
723	0.33413523
724	0.31669390
725	0.29969975
726	0.28238776
727	0.26519799
728	0.24834475
729	0.23186496
730	0.21581775
731	0.19973308
732	0.18464573
733	0.17008555
734	0.15606977
735	0.14245503
736	0.12971979
737	0.11770935
738	0.10698263
739	0.09659781
740	0.08745535
741	0.07908721
742	0.07133672
743	0.06494583
744	0.05887612
745	0.05349829
746	0.04746745
747	0.04257133
748	0.03782735
749	0.03291703
750	0.02818039
751	0.02216614
752	0.01694035
753	0.01171632
754	0.00626503
755	0.00355854
756	0.00220878
757	0.00198952
758	0.00293631
759	0.00529800
760	0.00876853
761	0.01341656
762	0.01893909
763	0.02520454
764	0.03220252
765	0.03973271
766	0.04796807
767	0.05649117
768	0.06567777
769	0.07529109
770	0.08535980
771	0.09589312
772	0.10688584
773	0.11814487
774	0.12958339
775	0.14101186
776	0.15251747
777	0.16415969
778	0.17571326
779	0.18695816
780	0.19796205
781	0.20867090
782	0.21901296
783	0.22892173
784	0.23864764
785	0.24824655
786	0.25765455
787	0.26688874
788	0.27606568
789	0.28516340
790	0.29444772
791	0.30358049
792	0.31276569
793	0.32191947
794	0.33153045
795	0.34137875
796	0.35157108
797	0.36216384
798	0.37360108
799	0.38502106
800	0.39726534
801	0.40932006
802	0.42381108
803	0.43799174
804	0.45181254
805	0.46808466
806	0.48465228
807	0.50131381
808	0.51722789
809	0.53611010
810	0.55257207
811	0.57257289
812	0.59078687
813	0.60886967
814	0.62554520
815	0.64286917
816	0.65942329
817	0.67510247
818	0.68933535
819	0.70232338
820	0.71354204
821	0.72321194
822	0.73098606
823	0.73649204
824	0.73998266
825	0.74149472
826	0.74061573
827	0.73791212
828	0.73346192
829	0.72735548
830	0.71968561
831	0.71053845
832	0.69903314
833	0.68713778
834	0.67442656
835	0.66034889
836	0.64420247
837	0.62639225
838	0.60834736
839	0.59256023
840	0.57820731
841	0.56487566
842	0.55103987
843	0.53594422
844	0.51974112
845	0.50307250
846	0.48617107
847	0.46871513
848	0.45138630
849	0.43350914
850	0.41531029
851	0.39636263
852	0.37845826
853	0.36053368
854	0.34299329
855	0.32521892
856	0.30754423
857	0.28999627
858	0.27281472
859	0.25529832
860	0.23801354
861	0.22098736
862	0.20426957
863	0.18805705
864	0.17172711
865	0.15645657
866	0.14160956
867	0.12740637
868	0.11351722
869	0.10045380
870	0.08816548
871	0.07703610
872	0.06661592
873	0.05639183
874	0.04744652
875	0.03949112
876	0.03230960
877	0.02604886
878	0.01989736
879	0.01411572
880	0.00872320
881	0.00415580
882	-0.00094826
883	-0.00567945
884	-0.01179447
885	-0.01709242
886	-0.02249649
887	-0.02802379
888	-0.03124137
889	-0.03270721
890	-0.03331022
891	-0.03263054
892	-0.03075339
893	-0.02780775
894	-0.02371416
895	-0.01874242
896	-0.01278917
897	-0.00619224
898	0.00109275
899	0.00893950
900	0.01733446
901	0.02631193
902	0.03572166
903	0.04565117
904	0.05597885
905	0.06678665
906	0.07792011
907	0.08933565
908	0.10090775
909	0.11248410
910	0.12400814
911	0.13562304
912	0.14698088
913	0.15814111
914	0.16908754
915	0.17952572
916	0.19005375
917	0.20003103
918	0.20978656
919	0.21935949
920	0.22875400
921	0.23805879
922	0.24735264
923	0.25675818
924	0.26598945
925	0.27522677
926	0.28441983
927	0.29393864
928	0.30374309
929	0.31396019
930	0.32442251
931	0.33537710
932	0.34740034
933	0.35903770
934	0.37109044
935	0.38428292
936	0.39902103
937	0.41237527
938	0.42697269
939	0.44397950
940	0.45802692
941	0.47535157
942	0.49127772
943	0.50825518
944	0.52829033
945	0.54724735
946	0.56505078
947	0.58224082
948	0.59942210
949	0.61591786
950	0.63205898
951	0.64588642
952	0.65994322
953	0.67362672
954	0.68454129
955	0.69367188
956	0.70079553
957	0.70611435
958	0.70916772
959	0.71031284
960	0.70922226
961	0.70611680
962	0.70090121
963	0.69464636
964	0.68628949
965	0.67686647
966	0.66602784
967	0.65374351
968	0.64026827
969	0.62620932
970	0.60882384
971	0.59085065
972	0.57343638
973	0.55790251
974	0.54400474
975	0.53090572
976	0.51714242
977	0.50207716
978	0.48600549
979	0.46941739
980	0.45325348
981	0.43618456
982	0.41884756
983	0.40047276
984	0.38251951
985	0.36421543
986	0.34577000
987	0.32793930
988	0.31012684
989	0.29238927
990	0.27553472
991	0.25814477
992	0.24053156
993	0.22321585
994	0.20614584
995	0.18910679
996	0.17234439
997	0.15601034
998	0.13993149
999	0.12419172
1000	0.10924501
1001	0.09474362
1002	0.08110746
1003	0.06744131
1004	0.05463622
1005	0.04270998
1006	0.03260017
1007	0.02244389
1008	0.01301843
1009	0.00498370
1010	-0.00190997
1011	-0.00835380
1012	-0.01394568
1013	-0.01965904
1014	-0.02501682
1015	-0.03014337
1016	-0.03469847
1017	-0.03963603
1018	-0.04561927
1019	-0.05075261
1020	-0.05638872
1021	-0.06179072
1022	-0.06413437
1023	-0.06560206
1024	-0.06583571
1025	-0.06488642
1026	-0.06268608
1027	-0.05947490
1028	-0.05507904
1029	-0.04991154
1030	-0.04381881
1031	-0.03684707
1032	-0.02929524
1033	-0.02110800
1034	-0.01221951
1035	-0.00301752
1036	0.00669968
1037	0.01694633
1038	0.02774753
1039	0.03897317
1040	0.05060281
1041	0.06246265
1042	0.07458022
1043	0.08661696
1044	0.09859186
1045	0.11052883
1046	0.12228706
1047	0.13373531
1048	0.14510968
1049	0.15565594
1050	0.16599245
1051	0.17574863
1052	0.18560742
1053	0.19507928
1054	0.20440847
1055	0.21366878
1056	0.22283651
1057	0.23191896
1058	0.24092984
1059	0.25000826
1060	0.25911897
1061	0.26861462
1062	0.27778777
1063	0.28731337
1064	0.29803017
1065	0.30831161
1066	0.31933093
1067	0.33065587
1068	0.34276354
1069	0.35453138
1070	0.36840990
1071	0.38150746
1072	0.39586207
1073	0.41075096
1074	0.42764783
1075	0.44139472
1076	0.45905596
1077	0.47627106
1078	0.49270031
1079	0.51014429
1080	0.53045851
1081	0.54853368
1082	0.56549114
1083	0.58253884
1084	0.59883356
1085	0.61376262
1086	0.62745947
1087	0.64086908
1088	0.65275019
1089	0.66265923
1090	0.67061430
1091	0.67703021
1092	0.68040007
1093	0.68164581
1094	0.68106622
1095	0.67912358
1096	0.67452079
1097	0.66793841
1098	0.65966362
1099	0.64911926
1100	0.63451964
1101	0.62015432
1102	0.60339171
1103	0.58533120
1104	0.56789631
1105	0.55135435
1106	0.53644753
1107	0.52283901
1108	0.50933844
1109	0.49512282
1110	0.48012781
1111	0.46361583
1112	0.44676867
1113	0.42971471
1114	0.41193837
1115	0.39428627
1116	0.37617463
1117	0.35786757
1118	0.33984381
1119	0.32181019
1120	0.30387792
1121	0.28593415
1122	0.26826379
1123	0.25063416
1124	0.23347168
1125	0.21611767
1126	0.19906767
1127	0.18196619
1128	0.16507146
1129	0.14845169
1130	0.13174056
1131	0.11544919
1132	0.10019451
1133	0.08562492
1134	0.07143442
1135	0.05788250
1136	0.04475977
1137	0.03276540
1138	0.02197831
1139	0.01163453
1140	0.00282019
1141	-0.00565810
1142	-0.01277882
1143	-0.01922489
1144	-0.02488303
1145	-0.03002703
1146	-0.03561198
1147	-0.04061412
1148	-0.04508684
1149	-0.04954468
1150	-0.05466594
1151	-0.05994699
1152	-0.06499305
1153	-0.06922077
1154	-0.07322923
1155	-0.07470066
1156	-0.07519319
1157	-0.07451123
1158	-0.07251238
1159	-0.06927055
1160	-0.06489119
1161	-0.05955416
1162	-0.05331340
1163	-0.04646256
1164	-0.03871884
1165	-0.03055873
1166	-0.02174414
1167	-0.01260437
1168	-0.00302316
1169	0.00694030
1170	0.01767050
1171	0.02872177
1172	0.04011005
1173	0.05173939
1174	0.06352004
1175	0.07525747
1176	0.08709418
1177	0.09875681
1178	0.11024704
1179	0.12153248
1180	0.13261607
1181	0.14310698
1182	0.15370111
1183	0.16384901
1184	0.17375796
1185	0.18348940
1186	0.19308190
1187	0.20259450
1188	0.21202107
1189	0.22143799
1190	0.23055185
1191	0.24036765
1192	0.25027859
1193	0.26002535
1194	0.27020255
1195	0.28073418
1196	0.29168347
1197	0.30307943
1198	0.31481209
1199	0.32648763
1200	0.33949271
1201	0.35375389
1202	0.36729357
1203	0.38220984
1204	0.39761701
1205	0.41487259
1206	0.42918262
1207	0.44923779
1208	0.46711615
1209	0.48533010
1210	0.50323480
1211	0.52208018
1212	0.54183096
1213	0.56044942
1214	0.57872111
1215	0.59508914
1216	0.61185914
1217	0.62757772
1218	0.64119810
1219	0.65419549
1220	0.66546226
1221	0.67476910
1222	0.68192494
1223	0.68690580
1224	0.69023609
1225	0.69090086
1226	0.68957973
1227	0.68634176
1228	0.68132609
1229	0.67456818
1230	0.66619843
1231	0.65422612
1232	0.64173132
1233	0.62734437
1234	0.61174864
1235	0.59339494
1236	0.57548910
1237	0.55924356
1238	0.54475576
1239	0.53171748
1240	0.51858175
1241	0.50418264
1242	0.48872262
1243	0.47524783
1244	0.45850876
1245	0.43836504
1246	0.42019394
1247	0.40219182
1248	0.38372812
1249	0.36565158
1250	0.34767404
1251	0.32982042
1252	0.31204757
1253	0.29481399
1254	0.27701566
1255	0.25959343
1256	0.24222010
1257	0.22523718
1258	0.20843305
1259	0.19166809
1260	0.17527953
1261	0.15921725
1262	0.14285231
1263	0.12770726
1264	0.11236049
1265	0.09812492
1266	0.08440243
1267	0.07124382
1268	0.05892602
1269	0.04718751
1270	0.03673305
1271	0.02669066
1272	0.01761318
1273	0.00945922
1274	0.00260016
1275	-0.00339798
1276	-0.00961627
1277	-0.01502570
1278	-0.02020352
1279	-0.02510653
1280	-0.02945550
1281	-0.03406692
1282	-0.03936417
1283	-0.04483265
1284	-0.05004936
1285	-0.05389115
1286	-0.05840313
1287	-0.05941042
1288	-0.05969770
1289	-0.05856468
1290	-0.05625567
1291	-0.05275021
1292	-0.04821005
1293	-0.04283906
1294	-0.03651488
1295	-0.02958733
1296	-0.02191511
1297	-0.01353657
1298	-0.00467815
1299	0.00468960
1300	0.01455666
1301	0.02499288
1302	0.03592161
1303	0.04724246
1304	0.05895215
1305	0.07081237
1306	0.08270796
1307	0.09454054
1308	0.10652689
1309	0.11832114
1310	0.12995385
1311	0.14137492
1312	0.15224390
1313	0.16296466
1314	0.17356013
1315	0.18358076
1316	0.19340590
1317	0.20299034
1318	0.21236587
1319	0.22165743
1320	0.23069614
1321	0.23993450
1322	0.24889937
1323	0.25803250
1324	0.26706180
1325	0.27648592
1326	0.28624573
1327	0.29626545
1328	0.30657840
1329	0.31772763
1330	0.32902688
1331	0.34081471
1332	0.35228598
1333	0.36527568
1334	0.37515879
1335	0.39311722
1336	0.40390047
1337	0.42290196
1338	0.43913400
1339	0.45527312
1340	0.47255713
1341	0.49021396
1342	0.50813848
1343	0.52879047
1344	0.54664397
1345	0.56421483
1346	0.58007538
1347	0.59637195
1348	0.61035877
1349	0.62557280
1350	0.63954389
1351	0.65243292
1352	0.66335607
1353	0.67330688
1354	0.67991710
1355	0.68476391
1356	0.68713897
1357	0.68760961
1358	0.68609273
1359	0.68295759
1360	0.67780125
1361	0.67157948
1362	0.66347945
1363	0.65403414
1364	0.64337552
1365	0.63161665
1366	0.61931390
1367	0.60519481
1368	0.59067875
1369	0.57366163
1370	0.55560106
1371	0.53911501
1372	0.52433079
1373	0.51083338
1374	0.49702668
1375	0.48228958
1376	0.46640018
1377	0.45057845
1378	0.43355879
1379	0.41622722
1380	0.39783606
1381	0.38014221
1382	0.36164290
1383	0.34351432
1384	0.32554623
1385	0.30772212
1386	0.29000011
1387	0.27251348
1388	0.25510070
1389	0.23770407
1390	0.22034605
1391	0.20305333
1392	0.18594414
1393	0.16913684
1394	0.15279295
1395	0.13669987
1396	0.12071311
1397	0.10547042
1398	0.09086379
1399	0.07674718
1400	0.06320304
1401	0.05031810
1402	0.03792526
1403	0.02640615
1404	0.01614911
1405	0.00652741
1406	-0.00238864
1407	-0.01069685
1408	-0.01784988
1409	-0.02368100
1410	-0.03024200
1411	-0.03570212
1412	-0.04185265
1413	-0.04709884
1414	-0.05157848
1415	-0.05758341
1416	-0.06331889
1417	-0.06973790
1418	-0.07615987
1419	-0.08200207
1420	-0.08524299
1421	-0.08773728
1422	-0.08864864
1423	-0.08847665
1424	-0.08699899
1425	-0.08444160
1426	-0.08077609
1427	-0.07622456
1428	-0.07063267
1429	-0.06420314
1430	-0.05709151
1431	-0.04917848
1432	-0.04081726
1433	-0.03173000
1434	-0.02192049
1435	-0.01161494
1436	-0.00074379
1437	0.01066049
1438	0.02238647
1439	0.03432142
1440	0.04628351
1441	0.05824724
1442	0.07057723
1443	0.08253331
1444	0.09434969
1445	0.10603078
1446	0.11747022
1447	0.12833053
1448	0.13925934
1449	0.14958389
1450	0.16007295
1451	0.16988315
1452	0.17971872
1453	0.18952219
1454	0.19897823
1455	0.20831023
1456	0.21782573
1457	0.22718064
1458	0.23656300
1459	0.24594603
1460	0.25581062
1461	0.26597255
1462	0.27628693
1463	0.28763026
1464	0.29915664
1465	0.31137353
1466	0.32381356
1467	0.33259434
1468	0.35119349
1469	0.36084226
1470	0.38056514
1471	0.39749032
1472	0.41218880
1473	0.42896512
1474	0.44683963
1475	0.46644756
1476	0.48697892
1477	0.50369841
1478	0.52471471
1479	0.54317296
1480	0.56077832
1481	0.57842606
1482	0.59461200
1483	0.60985023
1484	0.62424207
1485	0.63741022
1486	0.64887565
1487	0.65807104
1488	0.66519767
1489	0.66998219
1490	0.67251116
1491	0.67255521
1492	0.67061287
1493	0.66636926
1494	0.66044533
1495	0.65271032
1496	0.64324236
1497	0.63230103
1498	0.61905909
1499	0.60550475
1500	0.58997470
1501	0.57269472
1502	0.55457366
1503	0.53786421
1504	0.52318442
1505	0.51007801
1506	0.49725765
1507	0.48330325
1508	0.46764606
1509	0.45166898
1510	0.43482658
1511	0.41772050
1512	0.39942259
1513	0.38135391
1514	0.36394045
1515	0.34531686
1516	0.32660314
1517	0.30866376
1518	0.29145205
1519	0.27373341
1520	0.25627542
1521	0.23882496
1522	0.22145264
1523	0.20410258
1524	0.18689190
1525	0.17014682
1526	0.15367915
1527	0.13764624
1528	0.12159140
1529	0.10618000
1530	0.09126548
1531	0.07685176
1532	0.06303546
1533	0.04971908
1534	0.03762298
1535	0.02533858
1536	0.01477065
1537	0.00461714
1538	-0.00450138
1539	-0.01265658
1540	-0.01982208
1541	-0.02592036
1542	-0.03170345
1543	-0.03695695
1544	-0.04140652
1545	-0.04602982
1546	-0.04920331
1547	-0.05206072
1548	-0.05577670
1549	-0.05952157
1550	-0.06385508
1551	-0.06638814
1552	-0.06846260
1553	-0.06971352
1554	-0.06940686
1555	-0.06765881
1556	-0.06471126
1557	-0.06062955
1558	-0.05535223
1559	-0.04922495
1560	-0.04215576
1561	-0.03424400
1562	-0.02555075
1563	-0.01638230
1564	-0.00665921
1565	0.00357378
1566	0.01439204
1567	0.02575589
1568	0.03760287
1569	0.04974417
1570	0.06201552
1571	0.07425057
1572	0.08646566
1573	0.09862941
1574	0.11070395
1575	0.12253451
1576	0.13435926
1577	0.14579237
1578	0.15687145
1579	0.16768441
1580	0.17816390
1581	0.18838860
1582	0.19845149
1583	0.20840195
1584	0.21829216
1585	0.22812706
1586	0.23788978
1587	0.24790584
1588	0.25782800
1589	0.26787183
1590	0.27810320
1591	0.28860062
1592	0.29934722
1593	0.31023720
1594	0.32183111
1595	0.33376807
1596	0.34592789
1597	0.35930336
1598	0.37319446
1599	0.38653034
1600	0.40151748
1601	0.41636622
1602	0.43243921
1603	0.44923672
1604	0.46773365
1605	0.48712683
1606	0.50525934
1607	0.52388674
1608	0.54241669
1609	0.56076866
1610	0.57903659
1611	0.59631455
1612	0.61277139
1613	0.62836462
1614	0.64297843
1615	0.65666831
1616	0.66870958
1617	0.67843008
1618	0.68664521
1619	0.69218582
1620	0.69532436
1621	0.69659913
1622	0.69521999
1623	0.69250375
1624	0.68821871
1625	0.68142283
1626	0.67280805
1627	0.66264510
1628	0.64909720
1629	0.63471782
1630	0.62073052
1631	0.60509008
1632	0.58869678
1633	0.57179338
1634	0.55500013
1635	0.53955311
1636	0.52554739
1637	0.51233715
1638	0.49821991
1639	0.48588267
1640	0.46985108
1641	0.45033243
1642	0.43244359
1643	0.41504046
1644	0.39696676
1645	0.37887785
1646	0.36097524
1647	0.34305942
1648	0.32519281
1649	0.30732197
1650	0.28962627
1651	0.27206612
1652	0.25458956
1653	0.23767094
1654	0.22044387
1655	0.20356962
1656	0.18663107
1657	0.17008948
1658	0.15387085
1659	0.13810752
1660	0.12221657
1661	0.10737780
1662	0.09258359
1663	0.07873492
1664	0.06544548
1665	0.05348713
1666	0.04115276
1667	0.03052706
1668	0.02034419
1669	0.01110359
1670	0.00287437
1671	-0.00504621
1672	-0.01100388
1673	-0.01666994
1674	-0.02225333
1675	-0.02758912
1676	-0.03216475
1677	-0.03690548
1678	-0.04057160
1679	-0.04570828
1680	-0.05075384
1681	-0.05568464
1682	-0.06075270
1683	-0.06407506
1684	-0.06572922
1685	-0.06640420
1686	-0.06593927
1687	-0.06407721
1688	-0.06105852
1689	-0.05688115
1690	-0.05178886
1691	-0.04592396
1692	-0.03913524
1693	-0.03176834
1694	-0.02372204
1695	-0.01536303
1696	-0.00627856
1697	0.00307683
1698	0.01316087
1699	0.02363235
1700	0.03459710
1701	0.04595158
1702	0.05759785
1703	0.06934442
1704	0.08106926
1705	0.09288792
1706	0.10452262
1707	0.11611954
1708	0.12756065
1709	0.13873461
1710	0.14930315
1711	0.16001073
1712	0.16998374
1713	0.18022364
1714	0.19008055
1715	0.19988245
1716	0.20954329
1717	0.21921879
1718	0.22867614
1719	0.23824885
1720	0.24832007
1721	0.25788617
1722	0.26792508
1723	0.27819991
1724	0.28886771
1725	0.29999104
1726	0.31195077
1727	0.32415566
1728	0.33510134
1729	0.34906483
1730	0.36387986
1731	0.37838244
1732	0.39235792
1733	0.40676937
1734	0.42513865
1735	0.44238958
1736	0.45893377
1737	0.47752622
1738	0.49567330
1739	0.51339608
1740	0.53295904
1741	0.55141681
1742	0.56954032
1743	0.58723843
1744	0.60409290
1745	0.62048686
1746	0.63404119
1747	0.64811051
1748	0.66065437
1749	0.67147779
1750	0.68025148
1751	0.68771601
1752	0.69184583
1753	0.69414037
1754	0.69414139
1755	0.69223571
1756	0.68932766
1757	0.68384266
1758	0.67672431
1759	0.66815281
1760	0.65629345
1761	0.64431912
1762	0.63114083
1763	0.61596256
1764	0.59873068
1765	0.58041644
1766	0.56315213
1767	0.54794174
1768	0.53425699
1769	0.52136767
1770	0.50776249
1771	0.49247000
1772	0.47669557
1773	0.45977998
1774	0.44217184
1775	0.42482463
1776	0.40687424
1777	0.38909042
1778	0.37114716
1779	0.35281444
1780	0.33495229
1781	0.31716993
1782	0.29951179
1783	0.28199446
1784	0.26451847
1785	0.24729794
1786	0.23032770
1787	0.21324772
1788	0.19655584
1789	0.17990449
1790	0.16327623
1791	0.14689013
1792	0.13137074
1793	0.11561286
1794	0.10091703
1795	0.08661951
1796	0.07279477
1797	0.05971022
1798	0.04716950
1799	0.03545441
1800	0.02493933
1801	0.01481325
1802	0.00603358
1803	-0.00237306
1804	-0.00947649
1805	-0.01542673
1806	-0.02065721
1807	-0.02620745
1808	-0.03088540
1809	-0.03506451
1810	-0.03813957
1811	-0.04163212
1812	-0.04503270
1813	-0.04954677
1814	-0.05313252
1815	-0.05735756
1816	-0.05985001
1817	-0.06110984
1818	-0.06129075
1819	-0.06019343
1820	-0.05779220
1821	-0.05428404
1822	-0.04968224
1823	-0.04399025
1824	-0.03753845
1825	-0.03029912
1826	-0.02230655
1827	-0.01355753
1828	-0.00438805
1829	0.00523974
1830	0.01533978
1831	0.02585099
1832	0.03713090
1833	0.04869312
1834	0.06052578
1835	0.07264984
1836	0.08473997
1837	0.09687716
1838	0.10896835
1839	0.12089331
1840	0.13268256
1841	0.14417109
1842	0.15545154
1843	0.16615428
1844	0.17702806
1845	0.18742250
1846	0.19762716
1847	0.20768452
1848	0.21764369
1849	0.22748555
1850	0.23718598
1851	0.24706632
1852	0.25673559
1853	0.26627290
1854	0.27611470
1855	0.28609300
1856	0.29636794
1857	0.30678684
1858	0.31799868
1859	0.32946473
1860	0.34134760
1861	0.35286805
1862	0.36700198
1863	0.38074526
1864	0.39354271
1865	0.40727919
1866	0.42286757
1867	0.43872297
1868	0.45462254
1869	0.47160715
1870	0.48911804
1871	0.50629437
1872	0.52586532
1873	0.54624242
1874	0.56413358
1875	0.58168077
1876	0.59923798
1877	0.61597198
1878	0.63068622
1879	0.64577770
1880	0.65960711
1881	0.67260003
1882	0.68280464
1883	0.69097245
1884	0.69691706
1885	0.70082062
1886	0.70252854
1887	0.70240045
1888	0.70000917
1889	0.69596940
1890	0.69013786
1891	0.68247765
1892	0.67560619
1893	0.66336370
1894	0.65138680
1895	0.63814116
1896	0.62411690
1897	0.60696685
1898	0.58947366
1899	0.57225651
1900	0.55641216
1901	0.54248720
1902	0.52971631
1903	0.51659065
1904	0.50224501
1905	0.48649892
1906	0.46956906
1907	0.45321289
1908	0.43591720
1909	0.41745275
1910	0.39918083
1911	0.38070583
1912	0.36194074
1913	0.34399953
1914	0.32614022
1915	0.30844587
1916	0.29084942
1917	0.27403516
1918	0.25656655
1919	0.23960848
1920	0.22215877
1921	0.20527714
1922	0.18847680
1923	0.17189968
1924	0.15565550
1925	0.13919067
1926	0.12371287
1927	0.10875165
1928	0.09421755
1929	0.08016460
1930	0.06656661
1931	0.05380621
1932	0.04184336
1933	0.03103416
1934	0.02075576
1935	0.01147860
1936	0.00350967
1937	-0.00375921
1938	-0.01012223
1939	-0.01571333
1940	-0.02076856
1941	-0.02547594
1942	-0.02954221
1943	-0.03360397
1944	-0.03743071
1945	-0.04151969
1946	-0.04581812
1947	-0.05007732
1948	-0.05483818
1949	-0.05694443
1950	-0.05809966
1951	-0.05783651
1952	-0.05649334
1953	-0.05389898
1954	-0.05030571
1955	-0.04557456
1956	-0.03974865
1957	-0.03324661
1958	-0.02591709
1959	-0.01783854
1960	-0.00914859
1961	0.00003488
1962	0.00994107
1963	0.02028701
1964	0.03124818
1965	0.04278929
1966	0.05475802
1967	0.06700789
1968	0.07942443
1969	0.09188065
1970	0.10437235
1971	0.11678199
1972	0.12918863
1973	0.14135541
1974	0.15321940
1975	0.16482030
1976	0.17577378
1977	0.18690546
1978	0.19749425
1979	0.20789483
1980	0.21812421
1981	0.22821099
1982	0.23817284
1983	0.24802722
1984	0.25784832
1985	0.26752797
1986	0.27713525
1987	0.28726760
1988	0.29690638
1989	0.30741763
1990	0.31771311
1991	0.32880315
1992	0.34000230
1993	0.35118762
1994	0.36376384
1995	0.37700376
1996	0.38677511
1997	0.40640825
1998	0.42176956
1999	0.43578076
2000	0.45175359
2001	0.47050488
2002	0.48768243
2003	0.50516671
2004	0.52288312
2005	0.54068244
2006	0.55787176
2007	0.57531136
2008	0.59240133
2009	0.60912424
2010	0.62486517
2011	0.63891250
2012	0.65297556
2013	0.66581416
2014	0.67802256
2015	0.68696105
2016	0.69450438
2017	0.69949973
2018	0.70266491
2019	0.70349580
2020	0.70233274
2021	0.69907582
2022	0.69403553
2023	0.68796146
2024	0.68080097
2025	0.66884559
2026	0.65694213
2027	0.64353466
2028	0.62904954
2029	0.61129081
2030	0.59304065
2031	0.57534766
2032	0.55976528
2033	0.54621834
2034	0.53329486
2035	0.52007908
2036	0.50535804
2037	0.48933589
2038	0.47596902
2039	0.45583361
2040	0.43814614
2041	0.41961834
2042	0.40158510
2043	0.38343397
2044	0.36487249
2045	0.34685528
2046	0.32897320
2047	0.31115040
2048	0.29322669
2049	0.27621508
2050	0.25896916
2051	0.24167724
2052	0.22480121
2053	0.20802891
2054	0.19181938
2055	0.17578201
2056	0.15984005
2057	0.14423274
2058	0.12915117
2059	0.11484493
2060	0.10110364
2061	0.08808948
2062	0.07557349
2063	0.06379761
2064	0.05321120
2065	0.04331052
2066	0.03351573
2067	0.02504748
2068	0.01740754
2069	0.01084527
2070	0.00478592
2071	-0.00074421
2072	-0.00561178
2073	-0.01113353
2074	-0.01578023
2075	-0.01944981
2076	-0.02411766
2077	-0.02976148
2078	-0.03470943
2079	-0.04016699
2080	-0.04491455
2081	-0.04717720
2082	-0.04881977
2083	-0.04929864
2084	-0.04833143
2085	-0.04600347
2086	-0.04244979
2087	-0.03777515
2088	-0.03196888
2089	-0.02533976
2090	-0.01795860
2091	-0.00996964
2092	-0.00120716
2093	0.00809364
2094	0.01782930
2095	0.02858066
2096	0.03973887
2097	0.05137915
2098	0.06350794
2099	0.07585122
2100	0.08825295
2101	0.10065857
2102	0.11321585
2103	0.12568980
2104	0.13802072
2105	0.15038024
2106	0.16200753
2107	0.17322351
2108	0.18465550
2109	0.19551282
2110	0.20610824
2111	0.21645030
2112	0.22654101
2113	0.23647270
2114	0.24622716
2115	0.25584993
2116	0.26560920
2117	0.27524182
2118	0.28501087
2119	0.29475385
2120	0.30504599
2121	0.31555092
2122	0.32647365
2123	0.33781338
2124	0.34955895
2125	0.36168811
2126	0.37497163
2127	0.38819313
2128	0.40246102
2129	0.41708979
2130	0.43121371
2131	0.44199824
2132	0.46303600
2133	0.48203477
2134	0.49921262
2135	0.51580775
2136	0.53346097
2137	0.55360746
2138	0.57427353
2139	0.59282178
2140	0.60967487
2141	0.62834120
2142	0.64266104
2143	0.66187477
2144	0.67657346
2145	0.69027460
2146	0.70260096
2147	0.71320432
2148	0.72165698
2149	0.72782928
2150	0.73197037
2151	0.73425865
2152	0.73380703
2153	0.73108947
2154	0.72684556
2155	0.72082543
2156	0.71312374
2157	0.70390779
2158	0.69201607
2159	0.67993659
2160	0.66737491
2161	0.65283620
2162	0.63617396
2163	0.62066704
2164	0.60097289
2165	0.58649528
2166	0.57363784
2167	0.56114751
2168	0.54702389
2169	0.53107834
2170	0.51419306
2171	0.49721941
2172	0.48012421
2173	0.46241227
2174	0.44489256
2175	0.42702481
2176	0.40904939
2177	0.39028621
2178	0.37237254
2179	0.35445371
2180	0.33664533
2181	0.31939736
2182	0.30187163
2183	0.28443268
2184	0.26694214
2185	0.24959631
2186	0.23272328
2187	0.21593189
2188	0.19956256
2189	0.18357235
2190	0.16764066
2191	0.15232889
2192	0.13759904
2193	0.12355237
2194	0.10988369
2195	0.09710766
2196	0.08537123
2197	0.07397050
2198	0.06329132
2199	0.05350192
2200	0.04492906
2201	0.03670627
2202	0.02957053
2203	0.02362353
2204	0.01673833
2205	0.01056886
2206	0.00468794
2207	-0.00031919
2208	-0.00631797
2209	-0.01225727
2210	-0.01909643
2211	-0.02612204
2212	-0.03316544
2213	-0.03722604
2214	-0.04015718
2215	-0.04192395
2216	-0.04254775
2217	-0.04195137
2218	-0.04036978
2219	-0.03757405
2220	-0.03386419
2221	-0.02926935
2222	-0.02371680
2223	-0.01718959
2224	-0.01006049
2225	-0.00226833
2226	0.00634169
2227	0.01555870
2228	0.02536818
2229	0.03577234
2230	0.04666773
2231	0.05806413
2232	0.06978877
2233	0.08183309
2234	0.09390465
2235	0.10598698
2236	0.11825047
2237	0.13022453
2238	0.14193392
2239	0.15346341
2240	0.16463156
2241	0.17537735
2242	0.18578956
2243	0.19581836
2244	0.20552625
2245	0.21511620
2246	0.22460841
2247	0.23393944
2248	0.24315979
2249	0.25223160
2250	0.26123089
2251	0.27059481
2252	0.27966973
2253	0.28888643
2254	0.29814956
2255	0.30790779
2256	0.31791106
2257	0.32816288
2258	0.33939618
2259	0.35104784
2260	0.36294076
2261	0.37471113
2262	0.38937488
2263	0.40222898
2264	0.41703257
2265	0.43368322
2266	0.44987670
2267	0.46410429
2268	0.48124412
2269	0.49901348
2270	0.51715839
2271	0.53831941
2272	0.55650413
2273	0.57460898
2274	0.59232867
2275	0.60913241
2276	0.62425268
2277	0.63994944
2278	0.65455842
2279	0.66765159
2280	0.67973244
2281	0.68894881
2282	0.69602817
2283	0.70102793
2284	0.70386696
2285	0.70437592
2286	0.70287770
2287	0.69978648
2288	0.69455230
2289	0.68748915
2290	0.67941821
2291	0.66960680
2292	0.65786207
2293	0.64481157
2294	0.63050795
2295	0.61367679
2296	0.59608316
2297	0.57841378
2298	0.56200957
2299	0.54734743
2300	0.53378612
2301	0.52012086
2302	0.50528711
2303	0.48925883
2304	0.47239843
2305	0.45569894
2306	0.43843809
2307	0.42095643
2308	0.40281615
2309	0.38446009
2310	0.36636063
2311	0.34833229
2312	0.33038068
2313	0.31256044
2314	0.29514575
2315	0.27706471
2316	0.25954303
2317	0.24203755
2318	0.22490680
2319	0.20775986
2320	0.19054264
2321	0.17360632
2322	0.15671198
2323	0.14057282
2324	0.12436680
2325	0.10918917
2326	0.09458759
2327	0.08046248
2328	0.06702186
2329	0.05418912
2330	0.04207562
2331	0.03131582
2332	0.02086211
2333	0.01140898
2334	0.00322658
2335	-0.00432593
2336	-0.01137129
2337	-0.01743669
2338	-0.02285053
2339	-0.02896652
2340	-0.03384406
2341	-0.03900409
2342	-0.04295413
2343	-0.04831877
2344	-0.05319196
2345	-0.05889850
2346	-0.06326222
2347	-0.06705074
2348	-0.07062793
2349	-0.07160005
2350	-0.07144043
2351	-0.07008283
2352	-0.06734837
2353	-0.06337598
2354	-0.05828286
2355	-0.05225509
2356	-0.04547010
2357	-0.03789856
2358	-0.02987629
2359	-0.02120863
2360	-0.01211190
2361	-0.00257238
2362	0.00751358
2363	0.01812554
2364	0.02926625
2365	0.04078796
2366	0.05263400
2367	0.06459287
2368	0.07658879
2369	0.08857524
2370	0.10044977
2371	0.11245141
2372	0.12410037
2373	0.13550711
2374	0.14632897
2375	0.15721819
2376	0.16734102
2377	0.17750917
2378	0.18762514
2379	0.19738436
2380	0.20703849
2381	0.21656743
2382	0.22606982
2383	0.23553671
2384	0.24529718
2385	0.25497872
2386	0.26472548
2387	0.27491772
2388	0.28529802
2389	0.29659557
2390	0.30812559
2391	0.32013816
2392	0.33275616
2393	0.34509432
2394	0.35897663
2395	0.36870259
2396	0.38857993
2397	0.40334195
2398	0.42093965
2399	0.43662307
2400	0.45539239
2401	0.47246951
2402	0.49106371
2403	0.50962484
2404	0.53124440
2405	0.55060703
2406	0.56880462
2407	0.58753151
2408	0.60389870
2409	0.61802590
2410	0.63372260
2411	0.64814967
2412	0.66104132
2413	0.67325920
2414	0.68187201
2415	0.68831021
2416	0.69270229
2417	0.69514078
2418	0.69490170
2419	0.69237494
2420	0.68814719
2421	0.68189991
2422	0.67504358
2423	0.66654676
2424	0.65608537
2425	0.64261764
2426	0.62995261
2427	0.61680907
2428	0.60226399
2429	0.58563685
2430	0.56778032
2431	0.55035543
2432	0.53502417
2433	0.52124101
2434	0.50793606
2435	0.49331895
2436	0.47763979
2437	0.46121901
2438	0.44468552
2439	0.42756012
2440	0.41008592
2441	0.39203495
2442	0.37424320
2443	0.35587069
2444	0.33790180
2445	0.31994909
2446	0.30209070
2447	0.28435791
2448	0.26678845
2449	0.24921103
2450	0.23184398
2451	0.21455102
2452	0.19736263
2453	0.17990023
2454	0.16308549
2455	0.14671975
2456	0.13072437
2457	0.11457570
2458	0.09941743
2459	0.08466173
2460	0.07048229
2461	0.05692440
2462	0.04377951
2463	0.03155610
2464	0.02059680
2465	0.00980365
2466	0.00006118
2467	-0.00838927
2468	-0.01649249
2469	-0.02326840
2470	-0.02981192
2471	-0.03608925
2472	-0.04205719
2473	-0.04775362
2474	-0.05295040
2475	-0.05828010
2476	-0.06436907
2477	-0.07063824
2478	-0.07626825
2479	-0.08196005
2480	-0.08594440
2481	-0.08959311
2482	-0.09037499
2483	-0.09020717
2484	-0.08838186
2485	-0.08541172
2486	-0.08119164
2487	-0.07596878
2488	-0.06989235
2489	-0.06281205
2490	-0.05518327
2491	-0.04697189
2492	-0.03804845
2493	-0.02878067
2494	-0.01895986
2495	-0.00869919
2496	0.00211386
2497	0.01336140
2498	0.02496383
2499	0.03673370
2500	0.04859516
2501	0.06045863
2502	0.07223245
2503	0.08417469
2504	0.09589314
2505	0.10743257
2506	0.11852466
2507	0.12975708
2508	0.14020942
2509	0.15056632
2510	0.16070203
2511	0.17091176
2512	0.18068214
2513	0.19035664
2514	0.20011455
2515	0.20960963
2516	0.21908897
2517	0.22861058
2518	0.23824380
2519	0.24784216
2520	0.25801387
2521	0.26842991
2522	0.27928135
2523	0.29085213
2524	0.30289716
2525	0.31516048
2526	0.32730049
2527	0.34092477
2528	0.35426018
2529	0.37081629
2530	0.38699159
2531	0.40317336
2532	0.42004228
2533	0.43726757
2534	0.45530540
2535	0.47361076
2536	0.49174842
2537	0.51001358
2538	0.52801174
2539	0.54489172
2540	0.56218278
2541	0.57811850
2542	0.59216428
2543	0.60503089
2544	0.61847913
2545	0.63024127
2546	0.64012122
2547	0.64795119
2548	0.65358019
2549	0.65732962
2550	0.65796351
2551	0.65667826
2552	0.65325099
2553	0.64794058
2554	0.64089584
2555	0.63237822
2556	0.62254715
2557	0.61148465
2558	0.59685785
2559	0.58333611
2560	0.56801867
2561	0.55054122
2562	0.53244233
2563	0.51505184
2564	0.49999496
2565	0.48651952
2566	0.47361401
2567	0.45995471
2568	0.44566214
2569	0.42941782
2570	0.41265315
2571	0.39468077
2572	0.37690264
2573	0.35933769
2574	0.34146738
2575	0.32272759
2576	0.30469981
2577	0.28674796
2578	0.26886877
2579	0.25104174
2580	0.23336111
2581	0.21658769
2582	0.19920421
2583	0.18184349
2584	0.16457340
2585	0.14782746
2586	0.13121496
2587	0.11487249
2588	0.09858519
2589	0.08263663
2590	0.06738725
2591	0.05266748
2592	0.03837685
2593	0.02503712
2594	0.01200714
2595	-0.00021918
2596	-0.01182425
2597	-0.02264583
2598	-0.03251106
2599	-0.04096568
2600	-0.04908404
2601	-0.05576519
2602	-0.06206309
2603	-0.06746976
2604	-0.07346368
2605	-0.07874174
2606	-0.08311491
2607	-0.08760252
2608	-0.09197293
2609	-0.09699739
2610	-0.10185733
2611	-0.10681030
2612	-0.11216450
2613	-0.11452690
2614	-0.11604045
2615	-0.11620131
2616	-0.11504541
2617	-0.11253501
2618	-0.10878888
2619	-0.10389529
2620	-0.09789616
2621	-0.09109861
2622	-0.08305062
2623	-0.07454401
2624	-0.06544470
2625	-0.05574869
2626	-0.04553866
2627	-0.03480545
2628	-0.02357318
2629	-0.01192415
2630	0.00007722
2631	0.01229113
2632	0.02457428
2633	0.03684413
2634	0.04907402
2635	0.06132945
2636	0.07338085
2637	0.08522978
2638	0.09677748
2639	0.10797638
2640	0.11866300
2641	0.12952501
2642	0.13973738
2643	0.15000938
2644	0.16036709
2645	0.17018005
2646	0.18030144
2647	0.19011095
2648	0.19994459
2649	0.20998409
2650	0.21994995
2651	0.23013638
2652	0.24064836
2653	0.25156745
2654	0.26266280
2655	0.27446666
2656	0.28704199
2657	0.30001315
2658	0.31341454
2659	0.32788041
2660	0.34247082
2661	0.35728657
2662	0.37254032
2663	0.38929960
2664	0.40668258
2665	0.42584303
2666	0.44356605
2667	0.46277642
2668	0.48280850
2669	0.50447369
2670	0.52349520
2671	0.54189932
2672	0.56038088
2673	0.57714432
2674	0.59376478
2675	0.60909098
2676	0.62278169
2677	0.63421828
2678	0.64398724
2679	0.65150481
2680	0.65654051
2681	0.65907520
2682	0.65930283
2683	0.65858644
2684	0.65440077
2685	0.64813775
2686	0.64001608
2687	0.62713259
2688	0.61449176
2689	0.60059524
2690	0.58559334
2691	0.56904811
2692	0.55111307
2693	0.53402466
2694	0.51871866
2695	0.50434947
2696	0.49101436
2697	0.47758713
2698	0.46267921
2699	0.44682989
2700	0.42956868
2701	0.41273493
2702	0.39546046
2703	0.37757713
2704	0.35941061
2705	0.34064189
2706	0.32288912
2707	0.30482480
2708	0.28690314
2709	0.26909676
2710	0.25184065
2711	0.23399203
2712	0.21668348
2713	0.19980784
2714	0.18273775
2715	0.16628620
2716	0.14988036
2717	0.13429549
2718	0.11795387
2719	0.10256649
2720	0.08715414
2721	0.07249098
2722	0.05837680
2723	0.04501478
2724	0.03237539
2725	0.02033980
2726	0.00955686
2727	-0.00093572
2728	-0.01050980
2729	-0.01966860
2730	-0.02589718
2731	-0.03346469
2732	-0.03890254
2733	-0.04460438
2734	-0.05057659
2735	-0.05589145
2736	-0.06032269
2737	-0.06521133
2738	-0.07031875
2739	-0.07541043
2740	-0.08101295
2741	-0.08646215
2742	-0.09117334
2743	-0.09347804
2744	-0.09466622
2745	-0.09431275
2746	-0.09268139
2747	-0.08968329
2748	-0.08525081
2749	-0.07965287
2750	-0.07303680
2751	-0.06554622
2752	-0.05740773
2753	-0.04839983
2754	-0.03902235
2755	-0.02889342
2756	-0.01833718
2757	-0.00721143
2758	0.00432997
2759	0.01632019
2760	0.02860305
2761	0.04100205
2762	0.05340813
2763	0.06590174
2764	0.07850763
2765	0.09133292
2766	0.10380159
2767	0.11607579
2768	0.12785916
2769	0.13985021
2770	0.15130654
2771	0.16260031
2772	0.17365587
2773	0.18450746
2774	0.19523343
2775	0.20590244
2776	0.21594521
2777	0.22642821
2778	0.23740579
2779	0.24779886
2780	0.25873047
2781	0.26992062
2782	0.28147078
2783	0.29340705
2784	0.30619907
2785	0.31914556
2786	0.33249184
2787	0.34578755
2788	0.36176378
2789	0.37185058
2790	0.38798121
2791	0.40897128
2792	0.42662838
2793	0.44438925
2794	0.46333990
2795	0.48581526
2796	0.50208092
2797	0.52572644
2798	0.54618323
2799	0.56607914
2800	0.58604127
2801	0.60442913
2802	0.62271070
2803	0.63974482
2804	0.65623134
2805	0.67115098
2806	0.68483698
2807	0.69563156
2808	0.70399743
2809	0.70987660
2810	0.71356910
2811	0.71495545
2812	0.71429670
2813	0.71111989
2814	0.70649248
2815	0.69993794
2816	0.69162744
2817	0.68091518
2818	0.66902041
2819	0.65551656
2820	0.64098179
2821	0.62341261
2822	0.60542947
2823	0.58841848
2824	0.57325000
2825	0.55977803
2826	0.54701573
2827	0.53310239
2828	0.51812994
2829	0.50197166
2830	0.48553130
2831	0.47173312
2832	0.45127967
2833	0.43361393
2834	0.41472822
2835	0.39670014
2836	0.37822762
2837	0.36027932
2838	0.34246749
2839	0.32477766
2840	0.30761629
2841	0.28999558
2842	0.27276906
2843	0.25552204
2844	0.23840852
2845	0.22174935
2846	0.20521994
2847	0.18906881
2848	0.17284249
2849	0.15750338
2850	0.14241174
2851	0.12779522
2852	0.11376469
2853	0.10037595
2854	0.08758939
2855	0.07610013
2856	0.06471417
2857	0.05422467
2858	0.04470762
2859	0.03613417
2860	0.02863187
2861	0.02189644
2862	0.01662023
2863	0.01052410
2864	0.00518126
2865	0.00056094
2866	-0.00376892
2867	-0.00778539
2868	-0.01234774
2869	-0.01776809
2870	-0.02283690
2871	-0.02741642
2872	-0.03145345
2873	-0.03381949
2874	-0.03491398
2875	-0.03458816
2876	-0.03299968
2877	-0.03010926
2878	-0.02593768
2879	-0.02056096
2880	-0.01417556
2881	-0.00699807
2882	0.00080246
2883	0.00946223
2884	0.01867212
2885	0.02845482
2886	0.03875815
2887	0.04965766
2888	0.06104978
2889	0.07301222
2890	0.08533368
2891	0.09790140
2892	0.11057834
2893	0.12321246
2894	0.13602711
2895	0.14896922
2896	0.16145709
2897	0.17378889
2898	0.18581797
2899	0.19751170
2900	0.20860267
2901	0.21954247
2902	0.23013061
2903	0.24047467
2904	0.25058696
2905	0.26050290
2906	0.27025956
2907	0.27986944
2908	0.28940138
2909	0.29916471
2910	0.30874479
2911	0.31827873
2912	0.32830536
2913	0.33859205
2914	0.34921086
2915	0.36030564
2916	0.37224936
2917	0.38410199
2918	0.39677382
2919	0.40900779
2920	0.42397478
2921	0.43741646
2922	0.45260969
2923	0.47013101
2924	0.48475808
2925	0.50113654
2926	0.52138454
2927	0.53978664
2928	0.55957854
2929	0.57758296
2930	0.59752369
2931	0.61484325
2932	0.63346177
2933	0.65010023
2934	0.66726464
2935	0.68461424
2936	0.69903719
2937	0.71241391
2938	0.72428817
2939	0.73351592
2940	0.74095595
2941	0.74601763
2942	0.74889857
2943	0.74982244
2944	0.74823022
2945	0.74467742
2946	0.73958129
2947	0.73264152
2948	0.72424477
2949	0.71366972
2950	0.70272750
2951	0.68950915
2952	0.67608887
2953	0.66073555
2954	0.64295262
2955	0.62486237
2956	0.60819513
2957	0.59402817
2958	0.58067900
2959	0.56695586
2960	0.55201006
2961	0.53602815
2962	0.51961249
2963	0.50285685
2964	0.48557666
2965	0.46813080
2966	0.45065203
2967	0.43266624
2968	0.41415659
2969	0.39548621
2970	0.37796593
2971	0.35996521
2972	0.34215197
2973	0.32453293
2974	0.30702183
2975	0.28987503
2976	0.27249628
2977	0.25546739
2978	0.23836552
2979	0.22152573
2980	0.20484027
2981	0.18842429
2982	0.17311512
2983	0.15829408
2984	0.14392741
2985	0.12996402
2986	0.11696736
2987	0.10469399
2988	0.09324542
2989	0.08342411
2990	0.07362280
2991	0.06453858
2992	0.05679914
2993	0.04980177
2994	0.04330459
2995	0.03789099
2996	0.03154176
2997	0.02587304
2998	0.02057014
2999	0.01594539
3000	0.00983489
3001	0.00382015
3002	-0.00207333
3003	-0.00728154
3004	-0.01205561
3005	-0.01463658
3006	-0.01610655
3007	-0.01647875
3008	-0.01535870
3009	-0.01296837
3010	-0.00952514
3011	-0.00507331
3012	0.00042992
3013	0.00663047
3014	0.01374421
3015	0.02183916
3016	0.03059466
3017	0.03974323
3018	0.04974374
3019	0.06026927
3020	0.07126888
3021	0.08315130
3022	0.09525647
3023	0.10760817
3024	0.12010123
3025	0.13252909
3026	0.14486614
3027	0.15731007
3028	0.16948155
3029	0.18130723
3030	0.19293247
3031	0.20406373
3032	0.21510597
3033	0.22584641
3034	0.23641819
3035	0.24687371
3036	0.25719199
3037	0.26738161
3038	0.27750725
3039	0.28754875
3040	0.29783696
3041	0.30788469
3042	0.31780717
3043	0.32907265
3044	0.33971801
3045	0.35077474
3046	0.36219648
3047	0.37316969
3048	0.38560167
3049	0.39873943
3050	0.41250059
3051	0.42694986
3052	0.44205809
3053	0.45684612
3054	0.47209078
3055	0.49141163
3056	0.50847614
3057	0.52589387
3058	0.54445356
3059	0.56343585
3060	0.58387017
3061	0.60319930
3062	0.62205970
3063	0.64126575
3064	0.65869361
3065	0.67496997
3066	0.69238639
3067	0.70793670
3068	0.72198927
3069	0.73452479
3070	0.74432904
3071	0.75245929
3072	0.75799888
3073	0.76129436
3074	0.76238889
3075	0.76148868
3076	0.75823331
3077	0.75311953
3078	0.74603367
3079	0.73795646
3080	0.72731465
3081	0.71475917
3082	0.70122570
3083	0.68682611
3084	0.67081541
3085	0.65252751
3086	0.63566881
3087	0.61981219
3088	0.60619628
3089	0.59305501
3090	0.57906300
3091	0.56379241
3092	0.54734617
3093	0.53055912
3094	0.51352233
3095	0.49669015
3096	0.47979230
3097	0.46141958
3098	0.44285235
3099	0.42357078
3100	0.40600494
3101	0.38819566
3102	0.37045538
3103	0.35325345
3104	0.33546272
3105	0.31815654
3106	0.30084571
3107	0.28392419
3108	0.26717126
3109	0.25049505
3110	0.23383759
3111	0.21736313
3112	0.20205273
3113	0.18621638
3114	0.17140779
3115	0.15698172
3116	0.14311701
3117	0.12999971
3118	0.11751042
3119	0.10565202
3120	0.09512975
3121	0.08486935
3122	0.07550399
3123	0.06713019
3124	0.05965986
3125	0.05378370
3126	0.04750331
3127	0.04170481
3128	0.03548475
3129	0.03046248
3130	0.02507261
3131	0.02036963
3132	0.01399631
3133	0.00776007
3134	0.00226365
3135	-0.00406528
3136	-0.00752275
3137	-0.00970516
3138	-0.01056643
3139	-0.01023914
3140	-0.00846211
3141	-0.00548694
3142	-0.00119616
3143	0.00411879
3144	0.01037119
3145	0.01749465
3146	0.02525790
3147	0.03366984
3148	0.04267013
3149	0.05230160
3150	0.06244515
3151	0.07315337
3152	0.08431182
3153	0.09591585
3154	0.10786686
3155	0.11992233
3156	0.13200633
3157	0.14400208
3158	0.15623811
3159	0.16830318
3160	0.18022901
3161	0.19192857
3162	0.20342168
3163	0.21448077
3164	0.22519612
3165	0.23564313
3166	0.24579880
3167	0.25576702
3168	0.26560017
3169	0.27526504
3170	0.28484941
3171	0.29436848
3172	0.30410877
3173	0.31375438
3174	0.32335261
3175	0.33331281
3176	0.34370992
3177	0.35444710
3178	0.36559606
3179	0.37713605
3180	0.38962725
3181	0.40173611
3182	0.41455004
3183	0.42955849
3184	0.44428113
3185	0.45862237
3186	0.47558758
3187	0.49267197
3188	0.50906396
3189	0.52657056
3190	0.54518420
3191	0.56353843
3192	0.58376104
3193	0.60274202
3194	0.62158400
3195	0.64040810
3196	0.65850097
3197	0.67503142
3198	0.69138438
3199	0.70676506
3200	0.72074705
3201	0.73270601
3202	0.74313658
3203	0.75138307
3204	0.75748199
3205	0.76181549
3206	0.76364422
3207	0.76347882
3208	0.76133639
3209	0.75739062
3210	0.75159198
3211	0.74469817
3212	0.73631001
3213	0.72638899
3214	0.71482724
3215	0.70185131
3216	0.68877953
3217	0.67410254
3218	0.65663755
3219	0.63793004
3220	0.62094265
3221	0.60442609
3222	0.59071720
3223	0.57762897
3224	0.56351465
3225	0.54799706
3226	0.53153211
3227	0.51482868
3228	0.49753809
3229	0.48024884
3230	0.46279639
3231	0.44517010
3232	0.42610306
3233	0.40832928
3234	0.39100364
3235	0.37328133
3236	0.35554293
3237	0.33781755
3238	0.32023701
3239	0.30267194
3240	0.28559560
3241	0.26818529
3242	0.25122520
3243	0.23382376
3244	0.21762665
3245	0.20094338
3246	0.18467142
3247	0.16910388
3248	0.15424746
3249	0.13993245
3250	0.12599704
3251	0.11292651
3252	0.10060310
3253	0.08890004
3254	0.07856166
3255	0.06858739
3256	0.05964888
3257	0.05171775
3258	0.04464597
3259	0.03836533
3260	0.03223235
3261	0.02674368
3262	0.02054624
3263	0.01559100
3264	0.00994348
3265	0.00410888
3266	-0.00208656
3267	-0.00817881
3268	-0.01360756
3269	-0.01867075
3270	-0.02171153
3271	-0.02349108
3272	-0.02399795
3273	-0.02300879
3274	-0.02098083
3275	-0.01771107
3276	-0.01337467
3277	-0.00817026
3278	-0.00197453
3279	0.00484924
3280	0.01219452
3281	0.02029576
3282	0.02880994
3283	0.03783010
3284	0.04728491
3285	0.05725114
3286	0.06772837
3287	0.07861406
3288	0.08989599
3289	0.10150229
3290	0.11323594
3291	0.12498172
3292	0.13675751
3293	0.14841616
3294	0.15994610
3295	0.17148888
3296	0.18230955
3297	0.19298537
3298	0.20325948
3299	0.21325199
3300	0.22303596
3301	0.23265758
3302	0.24221557
3303	0.25161600
3304	0.26099530
3305	0.27029774
3306	0.27980155
3307	0.28926069
3308	0.29866770
3309	0.30845082
3310	0.31852010
3311	0.32877859
3312	0.33998242
3313	0.35159585
3314	0.36357680
3315	0.37506011
3316	0.38820460
3317	0.40280059
3318	0.41619894
3319	0.43106791
3320	0.44631898
3321	0.46304902
3322	0.47847059
3323	0.49472097
3324	0.51221818
3325	0.53210968
3326	0.54724211
3327	0.56724471
3328	0.58463711
3329	0.60066813
3330	0.61774403
3331	0.63221300
3332	0.64633030
3333	0.66089284
3334	0.67305565
3335	0.68365043
3336	0.69260162
3337	0.69964540
3338	0.70478219
3339	0.70782280
3340	0.70927709
3341	0.70834303
3342	0.70580411
3343	0.70140213
3344	0.69512588
3345	0.68755668
3346	0.67869043
3347	0.66877770
3348	0.65782869
3349	0.64629883
3350	0.63485837
3351	0.62182164
3352	0.60674202
3353	0.58896971
3354	0.56724703
3355	0.55008602
3356	0.53494895
3357	0.52135479
3358	0.50804573
3359	0.49388140
3360	0.47868216
3361	0.46248507
3362	0.44601527
3363	0.42972559
3364	0.41235948
3365	0.39381710
3366	0.37532178
3367	0.35681257
3368	0.33963704
3369	0.32115060
3370	0.30344924
3371	0.28572956
3372	0.26882073
3373	0.25136721
3374	0.23368452
3375	0.21631157
3376	0.19936235
3377	0.18244551
3378	0.16573820
3379	0.14947383
3380	0.13295422
3381	0.11743625
3382	0.10231499
3383	0.08816290
3384	0.07374980
3385	0.06013325
3386	0.04726605
3387	0.03503900
3388	0.02417966
3389	0.01352341
3390	0.00397975
3391	-0.00428653
3392	-0.01187076
3393	-0.01850530
3394	-0.02436383
3395	-0.02916729
3396	-0.03392919
3397	-0.03832019
3398	-0.04256907
3399	-0.04563301
3400	-0.04849529
3401	-0.05179298
3402	-0.05521484
3403	-0.05941165
3404	-0.06153044
3405	-0.06297048
3406	-0.06342108
3407	-0.06264154
3408	-0.06056891
3409	-0.05721467
3410	-0.05273844
3411	-0.04695416
3412	-0.04049089
3413	-0.03289378
3414	-0.02474744
3415	-0.01583583
3416	-0.00652505
3417	0.00316692
3418	0.01369322
3419	0.02466800
3420	0.03606871
3421	0.04774207
3422	0.05965079
3423	0.07153493
3424	0.08348053
3425	0.09540294
3426	0.10737149
3427	0.11916000
3428	0.13053302
3429	0.14202313
3430	0.15349302
3431	0.16424029
3432	0.17533718
3433	0.18595675
3434	0.19636439
3435	0.20660561
3436	0.21678054
3437	0.22697665
3438	0.23707141
3439	0.24723065
3440	0.25759554
3441	0.26820430
3442	0.27907383
3443	0.29027328
3444	0.30195034
3445	0.31399438
3446	0.32617551
3447	0.33851001
3448	0.35207030
3449	0.36709085
3450	0.38006991
3451	0.39675096
3452	0.41298556
3453	0.43028197
3454	0.44605431
3455	0.46418986
3456	0.48283723
3457	0.50477511
3458	0.52200752
3459	0.54388249
3460	0.56273133
3461	0.58258009
3462	0.60108596
3463	0.61792254
3464	0.63509291
3465	0.65232217
3466	0.66771936
3467	0.68103445
3468	0.69219553
3469	0.70112824
3470	0.70791245
3471	0.71226442
3472	0.71440464
3473	0.71430868
3474	0.71213877
3475	0.70778847
3476	0.70157993
3477	0.69365191
3478	0.68274820
3479	0.67086029
3480	0.65724021
3481	0.64179587
3482	0.62439060
3483	0.60595101
3484	0.58923405
3485	0.57487434
3486	0.56149304
3487	0.54847598
3488	0.53459018
3489	0.51916188
3490	0.50283450
3491	0.48560780
3492	0.46831787
3493	0.45123175
3494	0.43312413
3495	0.41583350
3496	0.39706248
3497	0.37907025
3498	0.36112243
3499	0.34323019
3500	0.32512411
3501	0.30834705
3502	0.29061690
3503	0.27329296
3504	0.25598428
3505	0.23880118
3506	0.22192062
3507	0.20562451
3508	0.18951343
3509	0.17381935
3510	0.15813753
3511	0.14310476
3512	0.12867367
3513	0.11482131
3514	0.10149522
3515	0.08873882
3516	0.07677802
3517	0.06638981
3518	0.05557482
3519	0.04610008
3520	0.03755838
3521	0.02999495
3522	0.02351318
3523	0.01732999
3524	0.01151037
3525	0.00569710
3526	0.00049685
3527	-0.00509205
3528	-0.01051654
3529	-0.01666036
3530	-0.02305001
3531	-0.02914802
3532	-0.03389964
3533	-0.03846111
3534	-0.04212505
3535	-0.04325839
3536	-0.04287932
3537	-0.04208884
3538	-0.03924474
3539	-0.03524538
3540	-0.03009833
3541	-0.02386893
3542	-0.01683227
3543	-0.00917477
3544	-0.00070401
3545	0.00821046
3546	0.01765904
3547	0.02766565
3548	0.03826543
3549	0.04938440
3550	0.06104353
3551	0.07306719
3552	0.08536507
3553	0.09772496
3554	0.11002992
3555	0.12254086
3556	0.13485099
3557	0.14706972
3558	0.15914597
3559	0.17083640
3560	0.18222402
3561	0.19328298
3562	0.20399027
3563	0.21450576
3564	0.22473778
3565	0.23492706
3566	0.24498519
3567	0.25492522
3568	0.26497063
3569	0.27480647
3570	0.28469199
3571	0.29450643
3572	0.30471861
3573	0.31520346
3574	0.32605290
3575	0.33726293
3576	0.35009307
3577	0.36164063
3578	0.37419304
3579	0.38768324
3580	0.40186554
3581	0.41559827
3582	0.43113419
3583	0.44744012
3584	0.46567389
3585	0.48321256
3586	0.49840179
3587	0.51693523
3588	0.53884047
3589	0.55560017
3590	0.57624447
3591	0.59389669
3592	0.61239040
3593	0.63082159
3594	0.64660001
3595	0.66360742
3596	0.67841083
3597	0.69167960
3598	0.70281899
3599	0.71240211
3600	0.71973783
3601	0.72492528
3602	0.72793919
3603	0.72864133
3604	0.72759336
3605	0.72436488
3606	0.71898055
3607	0.71260250
3608	0.70382917
3609	0.69422883
3610	0.68226302
3611	0.66978008
3612	0.65701860
3613	0.64513856
3614	0.62861770
3615	0.61124927
3616	0.59146488
3617	0.57617903
3618	0.56252062
3619	0.54936188
3620	0.53502953
3621	0.51965201
3622	0.50332713
3623	0.48648360
3624	0.46927902
3625	0.45206156
3626	0.43490630
3627	0.41689795
3628	0.39595070
3629	0.37922931
3630	0.36125979
3631	0.34332976
3632	0.32546780
3633	0.30786660
3634	0.29037529
3635	0.27307907
3636	0.25552058
3637	0.23822728
3638	0.22131702
3639	0.20444167
3640	0.18789494
3641	0.17184103
3642	0.15581350
3643	0.14065424
3644	0.12605305
3645	0.11201219
3646	0.09852383
3647	0.08613377
3648	0.07359036
3649	0.06295824
3650	0.05257963
3651	0.04319222
3652	0.03505722
3653	0.02728273
3654	0.02081133
3655	0.01476605
3656	0.00895195
3657	0.00385076
3658	-0.00165719
3659	-0.00582236
3660	-0.01090331
3661	-0.01650437
3662	-0.02244714
3663	-0.02831136
3664	-0.03309602
3665	-0.03804479
3666	-0.04099296
3667	-0.04259011
3668	-0.04302906
3669	-0.04213781
3670	-0.03997780
3671	-0.03671334
3672	-0.03239353
3673	-0.02720886
3674	-0.02123532
3675	-0.01449095
3676	-0.00697201
3677	0.00098667
3678	0.00939259
3679	0.01846410
3680	0.02824631
3681	0.03841979
3682	0.04903620
3683	0.06009833
3684	0.07149517
3685	0.08300816
3686	0.09458200
3687	0.10611349
3688	0.11762086
3689	0.12913676
3690	0.14047374
3691	0.15183793
3692	0.16280952
3693	0.17355029
3694	0.18398640
3695	0.19425833
3696	0.20435637
3697	0.21425293
3698	0.22417732
3699	0.23391400
3700	0.24360782
3701	0.25336793
3702	0.26339117
3703	0.27337670
3704	0.28341103
3705	0.29390275
3706	0.30486524
3707	0.31633866
3708	0.32818869
3709	0.34080034
3710	0.35331079
3711	0.36648315
3712	0.38080600
3713	0.39671427
3714	0.41136792
3715	0.42660299
3716	0.44370261
3717	0.46054268
3718	0.48036256
3719	0.49874648
3720	0.51796323
3721	0.53742939
3722	0.55790913
3723	0.57735664
3724	0.59660149
3725	0.61546063
3726	0.63264644
3727	0.64859354
3728	0.66516829
3729	0.68124872
3730	0.69443613
3731	0.70633113
3732	0.71591574
3733	0.72319400
3734	0.72860032
3735	0.73199272
3736	0.73306680
3737	0.73207885
3738	0.72965372
3739	0.72506535
3740	0.71943671
3741	0.71207225
3742	0.70325536
3743	0.69313371
3744	0.68101948
3745	0.66823149
3746	0.65445495
3747	0.63980031
3748	0.62318212
3749	0.60534358
3750	0.58916056
3751	0.57472974
3752	0.56126910
3753	0.54801154
3754	0.53354800
3755	0.51751739
3756	0.50098401
3757	0.48446470
3758	0.47079012
3759	0.44925758
3760	0.43067932
3761	0.41183797
3762	0.39378047
3763	0.37580582
3764	0.35795215
3765	0.34012815
3766	0.32279843
3767	0.30511317
3768	0.28760976
3769	0.27010036
3770	0.25270009
3771	0.23557176
3772	0.21833809
3773	0.20145699
3774	0.18489209
3775	0.16829269
3776	0.15271664
3777	0.13762616
3778	0.12281547
3779	0.10877653
3780	0.09549194
3781	0.08309146
3782	0.07062285
3783	0.06017864
3784	0.04947010
3785	0.04012125
3786	0.03171483
3787	0.02418439
3788	0.01747788
3789	0.01061299
3790	0.00433447
3791	-0.00242612
3792	-0.00930532
3793	-0.01537061
3794	-0.02269940
3795	-0.03123108
3796	-0.03854090
3797	-0.04628835
3798	-0.05174157
3799	-0.05645325
3800	-0.05990555
3801	-0.06222356
3802	-0.06417058
3803	-0.06271719
3804	-0.06066579
3805	-0.05729262
3806	-0.05312228
3807	-0.04816096
3808	-0.04243775
3809	-0.03600587
3810	-0.02889379
3811	-0.02113105
3812	-0.01290450
3813	-0.00411326
3814	0.00526402
3815	0.01523906
3816	0.02577063
3817	0.03681802
3818	0.04829016
3819	0.06000993
3820	0.07210759
3821	0.08394413
3822	0.09562869
3823	0.10743972
3824	0.11896977
3825	0.13028248
3826	0.14124155
3827	0.15179045
3828	0.16170965
3829	0.17152435
3830	0.18131553
3831	0.19061860
3832	0.19974217
3833	0.20875423
3834	0.21773654
3835	0.22646534
3836	0.23508480
3837	0.24371472
3838	0.25238684
3839	0.26117438
3840	0.26989609
3841	0.27910861
3842	0.28864697
3843	0.29855579
3844	0.30961931
3845	0.32030228
3846	0.33130586
3847	0.34296754
3848	0.35584849
3849	0.37041950
3850	0.38352400
3851	0.39775455
3852	0.41330525
3853	0.42890692
3854	0.44577375
3855	0.46326482
3856	0.48241997
3857	0.50034851
3858	0.52056098
3859	0.53868091
3860	0.55661064
3861	0.57384920
3862	0.59052098
3863	0.60620421
3864	0.62042671
3865	0.63381743
3866	0.64582419
3867	0.65591043
3868	0.66386515
3869	0.66967201
3870	0.67300636
3871	0.67516726
3872	0.67436957
3873	0.67136252
3874	0.66618311
3875	0.65921468
3876	0.64805776
3877	0.63654870
3878	0.62255985
3879	0.60736966
3880	0.58978784
3881	0.57137358
3882	0.55425966
3883	0.53861141
3884	0.52462685
3885	0.51126760
3886	0.49737850
3887	0.48267442
3888	0.46986935
3889	0.45020548
3890	0.43264657
3891	0.41486698
3892	0.39725566
3893	0.37933141
3894	0.36125439
3895	0.34275907
3896	0.32481548
3897	0.30697629
3898	0.28924641
3899	0.27161083
3900	0.25421631
3901	0.23688868
3902	0.21965849
3903	0.20257200
3904	0.18586236
3905	0.16919947
3906	0.15283260
3907	0.13636325
3908	0.12039681
3909	0.10523122
3910	0.09040714
3911	0.07656881
3912	0.06240550
3913	0.04908876
3914	0.03666179
3915	0.02579249
3916	0.01484732
3917	0.00451434
3918	-0.00440639
3919	-0.01154730
3920	-0.01923722
3921	-0.02513273
3922	-0.03026331
3923	-0.03529494
3924	-0.04039377
3925	-0.04487211
3926	-0.04840479
3927	-0.05208628
3928	-0.05684442
3929	-0.06104643
3930	-0.06555539
3931	-0.07049255
3932	-0.07275517
3933	-0.07372261
3934	-0.07361568
3935	-0.07220412
3936	-0.06957659
3937	-0.06583384
3938	-0.06095029
3939	-0.05515911
3940	-0.04849916
3941	-0.04107175
3942	-0.03300640
3943	-0.02417608
3944	-0.01494524
3945	-0.00511581
3946	0.00519452
3947	0.01608419
3948	0.02742732
3949	0.03920748
3950	0.05118703
3951	0.06324004
3952	0.07538625
3953	0.08753358
3954	0.09978101
3955	0.11187387
3956	0.12383494
3957	0.13552302
3958	0.14678845
3959	0.15803203
3960	0.16923277
3961	0.18002293
3962	0.19064988
3963	0.20112917
3964	0.21155608
3965	0.22159554
3966	0.23200236
3967	0.24314381
3968	0.25381586
3969	0.26461646
3970	0.27575350
3971	0.28724054
3972	0.29842287
3973	0.31092915
3974	0.32374686
3975	0.33681262
3976	0.34974188
3977	0.36417690
3978	0.38022965
3979	0.39501581
3980	0.41070682
3981	0.42781395
3982	0.44476110
3983	0.46514654
3984	0.48474848
3985	0.50276792
3986	0.52331954
3987	0.54315841
3988	0.56264079
3989	0.58173585
3990	0.60072875
3991	0.61906832
3992	0.63595259
3993	0.65094322
3994	0.66599417
3995	0.67950308
3996	0.69193584
3997	0.70115435
3998	0.70807660
3999	0.71308297
4000	0.71544743
4001	0.71558297
4002	0.71374089
4003	0.70990747
4004	0.70421565
4005	0.69653147
4006	0.68906564
4007	0.67870653
4008	0.66377807
4009	0.65024221
4010	0.63546836
4011	0.61733353
4012	0.59919411
4013	0.58220565
4014	0.56749880
4015	0.55439603
4016	0.54127848
4017	0.52702123
4018	0.51129657
4019	0.49528539
4020	0.47905764
4021	0.46497387
4022	0.44426760
4023	0.42580861
4024	0.40753898
4025	0.38949600
4026	0.37100333
4027	0.35303321
4028	0.33521762
4029	0.31761795
4030	0.30022353
4031	0.28290281
4032	0.26566097
4033	0.24873565
4034	0.23204602
4035	0.21539925
4036	0.19913535
4037	0.18284965
4038	0.16736986
4039	0.15198511
4040	0.13707477
4041	0.12272855
4042	0.10910717
4043	0.09616237
4044	0.08393119
4045	0.07234596
4046	0.06203490
4047	0.05215910
4048	0.04322850
4049	0.03536750
4050	0.02846731
4051	0.02298024
4052	0.01684041
4053	0.01192804
4054	0.00649724
4055	0.00183482
4056	-0.00224576
4057	-0.00670356
4058	-0.01131078
4059	-0.01699809
4060	-0.02178962
4061	-0.02619847
4062	-0.02821134
4063	-0.02971092
4064	-0.02953710
4065	-0.02815472
4066	-0.02533996
4067	-0.02127006
4068	-0.01602978
4069	-0.01007492
4070	-0.00317403
4071	0.00460954
4072	0.01274356
4073	0.02169144
4074	0.03118446
4075	0.04107579
4076	0.05131832
4077	0.06230797
4078	0.07393854
4079	0.08583479
4080	0.09812095
4081	0.11061255
4082	0.12313636
4083	0.13560179
4084	0.14825374
4085	0.16083919
4086	0.17297563
4087	0.18464366
4088	0.19618751
4089	0.20737980
4090	0.21819828
4091	0.22875957
4092	0.23916285
4093	0.24940856
4094	0.25957254
4095	0.26967186
4096	0.27970994
4097	0.28997198
4098	0.30009928
4099	0.31029016
4100	0.32047561
4101	0.33107212
4102	0.34192473
4103	0.35318026
4104	0.36525071
4105	0.37746760
4106	0.38978127
4107	0.40360689
4108	0.41783029
4109	0.43265572
4110	0.44707212
4111	0.46207732
4112	0.47920331
4113	0.49888709
4114	0.51340073
4115	0.53249413
4116	0.55431950
4117	0.57353401
4118	0.59178060
4119	0.61129677
4120	0.63046134
4121	0.64790350
4122	0.66562182
4123	0.68211997
4124	0.69719857
4125	0.71149057
4126	0.72427565
4127	0.73455584
4128	0.74298495
4129	0.74916208
4130	0.75299031
4131	0.75444043
4132	0.75376529
4133	0.75085306
4134	0.74666858
4135	0.74016893
4136	0.73177367
4137	0.72130013
4138	0.71038032
4139	0.69742292
4140	0.68301213
4141	0.66774583
4142	0.65005451
4143	0.63226128
4144	0.61627227
4145	0.60183775
4146	0.58855629
4147	0.57513219
4148	0.56056190
4149	0.54469407
4150	0.52815956
4151	0.51131010
4152	0.49413037
4153	0.47650966
4154	0.45903391
4155	0.44059119
4156	0.42258951
4157	0.40391719
4158	0.38643536
4159	0.36860207
4160	0.35088250
4161	0.33328804
4162	0.31594315
4163	0.29865259
4164	0.28169790
4165	0.26454720
4166	0.24776988
4167	0.23129340
4168	0.21509267
4169	0.19885704
4170	0.18365480
4171	0.16887055
4172	0.15451996
4173	0.14065987
4174	0.12746809
4175	0.11496412
4176	0.10374551
4177	0.09280565
4178	0.08274715
4179	0.07395507
4180	0.06570852
4181	0.05874918
4182	0.05339098
4183	0.04740040
4184	0.04233519
4185	0.03792980
4186	0.03316198
4187	0.02941936
4188	0.02646650
4189	0.02185512
4190	0.01770771
4191	0.01284188
4192	0.00850208
4193	0.00613849
4194	0.00530808
4195	0.00570096
4196	0.00750312
4197	0.01050687
4198	0.01484323
4199	0.02060221
4200	0.02725317
4201	0.03475624
4202	0.04300999
4203	0.05188021
4204	0.06142586
4205	0.07140619
4206	0.08181042
4207	0.09272061
4208	0.10419848
4209	0.11618884
4210	0.12858185
4211	0.14124593
4212	0.15397131
4213	0.16663665
4214	0.17918332
4215	0.19207159
4216	0.20437548
4217	0.21651265
4218	0.22830543
4219	0.23964737
4220	0.25083536
4221	0.26168987
4222	0.27232322
4223	0.28277498
4224	0.29306635
4225	0.30326766
4226	0.31332251
4227	0.32350183
4228	0.33355024
4229	0.34356877
4230	0.35379675
4231	0.36394587
4232	0.37460971
4233	0.38566127
4234	0.39747673
4235	0.40926263
4236	0.42189315
4237	0.43463933
4238	0.44721252
4239	0.46260649
4240	0.47658902
4241	0.49103093
4242	0.50993258
4243	0.52698821
4244	0.54450291
4245	0.56253189
4246	0.58117127
4247	0.60005802
4248	0.61924285
4249	0.63841474
4250	0.65755963
4251	0.67640781
4252	0.69381028
4253	0.71087503
4254	0.72693628
4255	0.74180353
4256	0.75541508
4257	0.76737636
4258	0.77720135
4259	0.78496158
4260	0.79042560
4261	0.79362506
4262	0.79471934
4263	0.79336470
4264	0.79044038
4265	0.78556126
4266	0.77896589
4267	0.77052826
4268	0.76144701
4269	0.75051725
4270	0.73790938
4271	0.72499341
4272	0.71021706
4273	0.69340640
4274	0.67684948
4275	0.65929824
4276	0.64349478
4277	0.62950814
4278	0.61564475
4279	0.60175347
4280	0.58644044
4281	0.57046598
4282	0.55397397
4283	0.53697443
4284	0.51959336
4285	0.50185055
4286	0.48448765
4287	0.46962154
4288	0.44765660
4289	0.42882773
4290	0.41150218
4291	0.39385816
4292	0.37624317
4293	0.35875914
4294	0.34141648
4295	0.32438228
4296	0.30678800
4297	0.29001296
4298	0.27325657
4299	0.25680342
4300	0.24024022
4301	0.22436491
4302	0.20908029
4303	0.19416015
4304	0.17990385
4305	0.16620106
4306	0.15312631
4307	0.14066724
4308	0.12946132
4309	0.11838554
4310	0.10819668
4311	0.09887464
4312	0.09064016
4313	0.08329225
4314	0.07703439
4315	0.07101211
4316	0.06548140
4317	0.06026321
4318	0.05537982
4319	0.05095604
4320	0.04661348
4321	0.04135002
4322	0.03576520
4323	0.03021454
4324	0.02425275
4325	0.02116272
4326	0.01920286
4327	0.01827396
4328	0.01866917
4329	0.02030246
4330	0.02315549
4331	0.02701822
4332	0.03203626
4333	0.03801620
4334	0.04464727
4335	0.05199427
4336	0.05999869
4337	0.06844769
4338	0.07763533
4339	0.08723690
4340	0.09735081
4341	0.10794593
4342	0.11905621
4343	0.13058670
4344	0.14228348
4345	0.15417776
4346	0.16605911
4347	0.17791119
4348	0.18966530
4349	0.20151018
4350	0.21299279
4351	0.22424945
4352	0.23515907
4353	0.24580997
4354	0.25616872
4355	0.26639479
4356	0.27641556
4357	0.28640980
4358	0.29623872
4359	0.30600947
4360	0.31596917
4361	0.32562977
4362	0.33534682
4363	0.34495041
4364	0.35497379
4365	0.36521301
4366	0.37583169
4367	0.38673687
4368	0.39816841
4369	0.41025987
4370	0.42267320
4371	0.43483564
4372	0.44938391
4373	0.46355227
4374	0.47735712
4375	0.49361667
4376	0.50928730
4377	0.52599740
4378	0.54371333
4379	0.56076843
4380	0.58040875
4381	0.59896612
4382	0.61778986
4383	0.63640738
4384	0.65498453
4385	0.67290813
4386	0.68969768
4387	0.70636249
4388	0.72214133
4389	0.73666650
4390	0.74952555
4391	0.76114488
4392	0.77034992
4393	0.77768952
4394	0.78287238
4395	0.78611767
4396	0.78695589
4397	0.78558278
4398	0.78245580
4399	0.77721947
4400	0.77088588
4401	0.76240110
4402	0.75264555
4403	0.74126345
4404	0.72794044
4405	0.71402854
4406	0.69814020
4407	0.68092388
4408	0.66309708
4409	0.64680606
4410	0.63231444
4411	0.61879671
4412	0.60537881
4413	0.59073508
4414	0.57490700
4415	0.55840069
4416	0.54170769
4417	0.52448905
4418	0.50678080
4419	0.48912185
4420	0.47445747
4421	0.45190901
4422	0.43399394
4423	0.41609940
4424	0.39831224
4425	0.38053414
4426	0.36336359
4427	0.34587714
4428	0.32844445
4429	0.31108418
4430	0.29410306
4431	0.27721643
4432	0.26064074
4433	0.24446271
4434	0.22810727
4435	0.21269949
4436	0.19788456
4437	0.18344922
4438	0.16972829
4439	0.15646315
4440	0.14402731
4441	0.13237840
4442	0.12204411
4443	0.11214749
4444	0.10326664
4445	0.09546103
4446	0.08846200
4447	0.08250323
4448	0.07657822
4449	0.07087425
4450	0.06526194
4451	0.06013608
4452	0.05533937
4453	0.05000115
4454	0.04481631
4455	0.03876743
4456	0.03443354
4457	0.03062682
4458	0.02687716
4459	0.02624513
4460	0.02650572
4461	0.02843275
4462	0.03162057
4463	0.03613058
4464	0.04170978
4465	0.04831960
4466	0.05574283
4467	0.06395836
4468	0.07265825
4469	0.08180673
4470	0.09128869
4471	0.10122851
4472	0.11161754
4473	0.12250303
4474	0.13383755
4475	0.14556351
4476	0.15756802
4477	0.16972081
4478	0.18182154
4479	0.19412388
4480	0.20626161
4481	0.21852486
4482	0.23039249
4483	0.24178267
4484	0.25304240
4485	0.26390651
4486	0.27449730
4487	0.28481355
4488	0.29491991
4489	0.30485195
4490	0.31466711
4491	0.32436380
4492	0.33424389
4493	0.34398696
4494	0.35382247
4495	0.36346078
4496	0.37366098
4497	0.38417068
4498	0.39506376
4499	0.40628260
4500	0.41785672
4501	0.43042797
4502	0.44315198
4503	0.45564696
4504	0.47086394
4505	0.48434359
4506	0.49831840
4507	0.51716727
4508	0.53377825
4509	0.55096549
4510	0.56864995
4511	0.58571577
4512	0.60531890
4513	0.62392712
4514	0.64254606
4515	0.66036409
4516	0.67869192
4517	0.69519234
4518	0.71151775
4519	0.72694659
4520	0.74081278
4521	0.75349832
4522	0.76458281
4523	0.77304667
4524	0.77968836
4525	0.78406686
4526	0.78623861
4527	0.78617024
4528	0.78391910
4529	0.78006583
4530	0.77422094
4531	0.76676810
4532	0.75792521
4533	0.74701059
4534	0.73578739
4535	0.72235829
4536	0.70905435
4537	0.69254446
4538	0.67496163
4539	0.65775490
4540	0.64401591
4541	0.62911940
4542	0.61590934
4543	0.60306841
4544	0.58568406
4545	0.56996745
4546	0.55300003
4547	0.53588021
4548	0.51858121
4549	0.50070363
4550	0.48292425
4551	0.46458313
4552	0.44641832
4553	0.42825714
4554	0.41025177
4555	0.39287734
4556	0.37521300
4557	0.35763529
4558	0.34018219
4559	0.32281792
4560	0.30579057
4561	0.28845581
4562	0.27151993
4563	0.25500157
4564	0.23880559
4565	0.22238468
4566	0.20698176
4567	0.19201638
4568	0.17751355
4569	0.16355889
4570	0.15016693
4571	0.13755977
4572	0.12572375
4573	0.11516082
4574	0.10504185
4575	0.09595267
4576	0.08785927
4577	0.08103923
4578	0.07476321
4579	0.06910579
4580	0.06391647
4581	0.05949400
4582	0.05458413
4583	0.05101819
4584	0.04717518
4585	0.04362166
4586	0.03930011
4587	0.03430182
4588	0.03208607
4589	0.03026218
4590	0.02969927
4591	0.03042146
4592	0.03243287
4593	0.03555670
4594	0.04006746
4595	0.04544932
4596	0.05203746
4597	0.05925689
4598	0.06726263
4599	0.07603433
4600	0.08547696
4601	0.09508053
4602	0.10553629
4603	0.11624790
4604	0.12780446
4605	0.13970912
4606	0.15188515
4607	0.16420251
4608	0.17649987
4609	0.18883158
4610	0.20112312
4611	0.21324754
4612	0.22550575
4613	0.23735099
4614	0.24884444
4615	0.26009488
4616	0.27096611
4617	0.28159553
4618	0.29204097
4619	0.30231738
4620	0.31241286
4621	0.32243806
4622	0.33237654
4623	0.34246194
4624	0.35244423
4625	0.36250612
4626	0.37250033
4627	0.38371173
4628	0.39451253
4629	0.40569586
4630	0.41636744
4631	0.42819777
4632	0.44007760
4633	0.45251533
4634	0.46595412
4635	0.48099840
4636	0.49483740
4637	0.51029152
4638	0.52643895
4639	0.54347295
4640	0.56153572
4641	0.57940245
4642	0.59655786
4643	0.61613774
4644	0.63487262
4645	0.65358585
4646	0.67199868
4647	0.69010282
4648	0.70684808
4649	0.72299415
4650	0.73816341
4651	0.75216722
4652	0.76433975
4653	0.77484888
4654	0.78327459
4655	0.78947955
4656	0.79332244
4657	0.79471254
4658	0.79395747
4659	0.79083103
4660	0.78598362
4661	0.77918071
4662	0.77045798
4663	0.75999337
4664	0.74777704
4665	0.73385036
4666	0.71884698
4667	0.70112884
4668	0.68397427
4669	0.66759813
4670	0.65205854
4671	0.63808376
4672	0.62482870
4673	0.61055332
4674	0.59525603
4675	0.57902116
4676	0.56252605
4677	0.54548109
4678	0.52814913
4679	0.51032317
4680	0.49251783
4681	0.47627178
4682	0.45509541
4683	0.43711993
4684	0.41892707
4685	0.40149873
4686	0.38375697
4687	0.36591843
4688	0.34828782
4689	0.33108431
4690	0.31402203
4691	0.29636037
4692	0.27939028
4693	0.26270661
4694	0.24637024
4695	0.22996180
4696	0.21466818
4697	0.19992706
4698	0.18578348
4699	0.17217714
4700	0.15918542
4701	0.14710864
4702	0.13594818
4703	0.12600677
4704	0.11667303
4705	0.10829115
4706	0.10080198
4707	0.09406297
4708	0.08814621
4709	0.08233530
4710	0.07723277
4711	0.07168324
4712	0.06749647
4713	0.06317201
4714	0.05780841
4715	0.05281639
4716	0.04845267
4717	0.04380377
4718	0.03980373
4719	0.03811437
4720	0.03774581
4721	0.03851821
4722	0.04062951
4723	0.04402561
4724	0.04847427
4725	0.05414518
4726	0.06059476
4727	0.06778787
4728	0.07551870
4729	0.08400325
4730	0.09278667
4731	0.10198474
4732	0.11168945
4733	0.12183280
4734	0.13247666
4735	0.14357577
4736	0.15495144
4737	0.16657351
4738	0.17826295
4739	0.19000585
4740	0.20168909
4741	0.21344070
4742	0.22526465
4743	0.23673289
4744	0.24795201
4745	0.25875071
4746	0.26938874
4747	0.27980691
4748	0.28996751
4749	0.29985765
4750	0.30964345
4751	0.31920278
4752	0.32889417
4753	0.33845273
4754	0.34794891
4755	0.35757875
4756	0.36713344
4757	0.37725666
4758	0.38768920
4759	0.39840871
4760	0.40956986
4761	0.42155936
4762	0.43367931
4763	0.44603863
4764	0.45849127
4765	0.47356969
4766	0.48813209
4767	0.50312483
4768	0.51826239
4769	0.53507662
4770	0.55175972
4771	0.56973398
4772	0.58869606
4773	0.60724336
4774	0.62586683
4775	0.64458668
4776	0.66317594
4777	0.68141919
4778	0.69838673
4779	0.71524745
4780	0.73006386
4781	0.74465698
4782	0.75777102
4783	0.76928312
4784	0.77824026
4785	0.78518206
4786	0.78980780
4787	0.79223412
4788	0.79239661
4789	0.79020762
4790	0.78641069
4791	0.78056479
4792	0.77247351
4793	0.76380479
4794	0.75257033
4795	0.74106836
4796	0.72714943
4797	0.71338952
4798	0.69665253
4799	0.68009341
4800	0.66299415
4801	0.64677763
4802	0.63227606
4803	0.61894697
4804	0.60502499
4805	0.59071237
4806	0.57483059
4807	0.55827850
4808	0.54134542
4809	0.52364486
4810	0.50609529
4811	0.48831519
4812	0.47045314
4813	0.45159990
4814	0.43334669
4815	0.41435802
4816	0.39683881
4817	0.37916276
4818	0.36153400
4819	0.34398493
4820	0.32664198
4821	0.30945870
4822	0.29218072
4823	0.27524775
4824	0.25859550
4825	0.24230035
4826	0.22623321
4827	0.21036686
4828	0.19531940
4829	0.18082738
4830	0.16695978
4831	0.15358767
4832	0.14101399
4833	0.12923919
4834	0.11874890
4835	0.10878026
4836	0.09975087
4837	0.09177165
4838	0.08472185
4839	0.07865065
4840	0.07310184
4841	0.06698254
4842	0.06193435
4843	0.05629357
4844	0.05163407
4845	0.04710516
4846	0.04124586
4847	0.03615606
4848	0.03053400
4849	0.02683214
4850	0.02279423
4851	0.02152310
4852	0.02145880
4853	0.02278532
4854	0.02547636
4855	0.02946892
4856	0.03443789
4857	0.04048419
4858	0.04722385
4859	0.05463377
4860	0.06267790
4861	0.07141975
4862	0.08059108
4863	0.09027478
4864	0.10051610
4865	0.11129200
4866	0.12261221
4867	0.13436943
4868	0.14646921
4869	0.15859841
4870	0.17072399
4871	0.18280868
4872	0.19480653
4873	0.20672335
4874	0.21863234
4875	0.23018184
4876	0.24142756
4877	0.25230673
4878	0.26276672
4879	0.27297497
4880	0.28297403
4881	0.29277840
4882	0.30251321
4883	0.31204200
4884	0.32153890
4885	0.33099011
4886	0.34042650
4887	0.35010555
4888	0.35974807
4889	0.36933830
4890	0.37977836
4891	0.39004764
4892	0.40101829
4893	0.41258696
4894	0.42425641
4895	0.43580261
4896	0.44885814
4897	0.46351364
4898	0.47704077
4899	0.49093845
4900	0.50706249
4901	0.52597934
4902	0.54318774
4903	0.56084085
4904	0.57896733
4905	0.59644687
4906	0.61617440
4907	0.63487118
4908	0.65341192
4909	0.67151171
4910	0.68831813
4911	0.70434201
4912	0.71956062
4913	0.73392159
4914	0.74667895
4915	0.75775486
4916	0.76690632
4917	0.77362353
4918	0.77804393
4919	0.78037590
4920	0.78035384
4921	0.77845085
4922	0.77472007
4923	0.76874667
4924	0.76122826
4925	0.75110507
4926	0.74052602
4927	0.72808456
4928	0.71442854
4929	0.69904298
4930	0.68035257
4931	0.66321093
4932	0.64594370
4933	0.63085425
4934	0.61737329
4935	0.60485804
4936	0.59001523
4937	0.57469845
4938	0.55832845
4939	0.54150343
4940	0.52443796
4941	0.50673407
4942	0.48888794
4943	0.47065696
4944	0.45252299
4945	0.43449360
4946	0.41650620
4947	0.39879811
4948	0.38151485
4949	0.36389798
4950	0.34649858
4951	0.32921559
4952	0.31195614
4953	0.29502937
4954	0.27817059
4955	0.26163170
4956	0.24536780
4957	0.22906242
4958	0.21338536
4959	0.19822714
4960	0.18352546
4961	0.16909720
4962	0.15539336
4963	0.14230606
4964	0.12985456
4965	0.11869018
4966	0.10776225
4967	0.09779090
4968	0.08879608
4969	0.08092998
4970	0.07400411
4971	0.06837334
4972	0.06313915
4973	0.05853762
4974	0.05443990
4975	0.05112489
4976	0.04727767
4977	0.04435806
4978	0.04106056
4979	0.03782313
4980	0.03344627
4981	0.03076167
4982	0.02912928
4983	0.02869686
4984	0.02964357
4985	0.03193616
4986	0.03533660
4987	0.04026084
4988	0.04608358
4989	0.05317055
4990	0.06068661
4991	0.06904542
4992	0.07788517
4993	0.08711477
4994	0.09711308
4995	0.10756873
4996	0.11855238
4997	0.13009298
4998	0.14204335
4999	0.15425736
5000	0.16660276
5001	0.17902954
5002	0.19141294
5003	0.20357731
5004	0.21603869
5005	0.22841196
5006	0.24036621
5007	0.25210440
5008	0.26355529
5009	0.27472770
5010	0.28566340
5011	0.29644069
5012	0.30704752
5013	0.31754854
5014	0.32789561
5015	0.33819664
5016	0.34866631
5017	0.35897404
5018	0.36942136
5019	0.37981865
5020	0.39069325
5021	0.40223780
5022	0.41367465
5023	0.42562947
5024	0.43767607
5025	0.44997516
5026	0.46332803
5027	0.47827294
5028	0.49076673
5029	0.50722247
5030	0.52393132
5031	0.54102147
5032	0.55825043
5033	0.57585990
5034	0.59301245
5035	0.61266798
5036	0.63150871
5037	0.65049630
5038	0.66931152
5039	0.68783802
5040	0.70578569
5041	0.72202319
5042	0.73811144
5043	0.75321293
5044	0.76649088
5045	0.77873909
5046	0.78838921
5047	0.79621518
5048	0.80165768
5049	0.80474424
5050	0.80565155
5051	0.80443966
5052	0.80085331
5053	0.79537266
5054	0.78774202
5055	0.77781773
5056	0.76707596
5057	0.75397265
5058	0.73951691
5059	0.72391194
5060	0.70605737
5061	0.68795842
5062	0.67183548
5063	0.65766704
5064	0.64444315
5065	0.63163531
5066	0.61796856
5067	0.60193306
5068	0.58545965
5069	0.56862772
5070	0.55155772
5071	0.53386122
5072	0.51629001
5073	0.49828127
5074	0.47990435
5075	0.46145636
5076	0.44346693
5077	0.42567798
5078	0.40798217
5079	0.39056846
5080	0.37333879
5081	0.35607639
5082	0.33874646
5083	0.32149029
5084	0.30462077
5085	0.28777120
5086	0.27125603
5087	0.25488326
5088	0.23834175
5089	0.22276652
5090	0.20761262
5091	0.19295454
5092	0.17856425
5093	0.16480377
5094	0.15171719
5095	0.13923034
5096	0.12796672
5097	0.11690167
5098	0.10674518
5099	0.09753021
5100	0.08941286
5101	0.08223282
5102	0.07618248
5103	0.07045373
5104	0.06520131
5105	0.06073604
5106	0.05584653
5107	0.05198810
5108	0.04844544
5109	0.04325694
5110	0.03817178
5111	0.03313088
5112	0.02784426
5113	0.02497361
5114	0.02291272
5115	0.02246361
5116	0.02292524
5117	0.02474487
5118	0.02781590
5119	0.03203211
5120	0.03724722
5121	0.04314608
5122	0.04987494
5123	0.05734720
5124	0.06516476
5125	0.07367458
5126	0.08247838
5127	0.09198327
5128	0.10187672
5129	0.11233714
5130	0.12330347
5131	0.13470000
5132	0.14638682
5133	0.15817600
5134	0.17004868
5135	0.18205822
5136	0.19408627
5137	0.20615634
5138	0.21806669
5139	0.22972699
5140	0.24110219
5141	0.25214550
5142	0.26288179
5143	0.27347746
5144	0.28393912
5145	0.29424950
5146	0.30449051
5147	0.31481412
5148	0.32504609
5149	0.33532214
5150	0.34573796
5151	0.35603297
5152	0.36714071
5153	0.37829143
5154	0.38981164
5155	0.40155879
5156	0.41427028
5157	0.42725718
5158	0.44012180
5159	0.45548451
5160	0.47051314
5161	0.48512700
5162	0.50140429
5163	0.51919436
5164	0.53683209
5165	0.55532533
5166	0.57386047
5167	0.59275371
5168	0.61200911
5169	0.63103551
5170	0.65048063
5171	0.66933858
5172	0.68778956
5173	0.70533389
5174	0.72045010
5175	0.73596090
5176	0.75009680
5177	0.76282388
5178	0.77291584
5179	0.78119266
5180	0.78681004
5181	0.79029882
5182	0.79140711
5183	0.79026622
5184	0.78701323
5185	0.78202045
5186	0.77460766
5187	0.76618272
5188	0.75485641
5189	0.74328822
5190	0.72936261
5191	0.71509176
5192	0.69860703
5193	0.68173027
5194	0.66357511
5195	0.64678609
5196	0.63195980
5197	0.61826622
5198	0.60476154
5199	0.59037262
5200	0.57480329
5201	0.55855262
5202	0.54199761
5203	0.52487177
5204	0.50789231
5205	0.48986962
5206	0.47543380
5207	0.45380563
5208	0.43574035
5209	0.41679731
5210	0.39895865
5211	0.38134781
5212	0.36377791
5213	0.34646216
5214	0.32944807
5215	0.31252581
5216	0.29553050
5217	0.27893040
5218	0.26227424
5219	0.24564685
5220	0.23000155
5221	0.21474411
5222	0.19995601
5223	0.18542209
5224	0.17155780
5225	0.15843970
5226	0.14586890
5227	0.13401248
5228	0.12342003
5229	0.11319264
5230	0.10389489
5231	0.09562881
5232	0.08831069
5233	0.08127832
5234	0.07690489
5235	0.07131311
5236	0.06652407
5237	0.06212947
5238	0.05835694
5239	0.05534681
5240	0.05210006
5241	0.04851360
5242	0.04454803
5243	0.04165333
5244	0.03988849
5245	0.03860638
5246	0.03882820
5247	0.04027164
5248	0.04303098
5249	0.04688476
5250	0.05185872
5251	0.05775097
5252	0.06458812
5253	0.07215267
5254	0.08043310
5255	0.08947805
5256	0.09873720
5257	0.10879435
5258	0.11915749
5259	0.13011301
5260	0.14151557
5261	0.15327768
5262	0.16526915
5263	0.17734486
5264	0.18943289
5265	0.20125759
5266	0.21356185
5267	0.22541770
5268	0.23710205
5269	0.24854136
5270	0.25964117
5271	0.27047196
5272	0.28103465
5273	0.29144087
5274	0.30170965
5275	0.31169695
5276	0.32164350
5277	0.33149308
5278	0.34138703
5279	0.35114101
5280	0.36098012
5281	0.37078291
5282	0.38090950
5283	0.39140141
5284	0.40253493
5285	0.41371241
5286	0.42516354
5287	0.43718633
5288	0.44947314
5289	0.46173263
5290	0.47640222
5291	0.49075305
5292	0.50470924
5293	0.52110606
5294	0.53698313
5295	0.55390447
5296	0.57127202
5297	0.58908594
5298	0.60847533
5299	0.62702376
5300	0.64551109
5301	0.66407096
5302	0.68086511
5303	0.69976848
5304	0.71601009
5305	0.73180050
5306	0.74682724
5307	0.76042610
5308	0.77203441
5309	0.78230840
5310	0.79023880
5311	0.79594827
5312	0.79942054
5313	0.80098099
5314	0.80002761
5315	0.79694241
5316	0.79165256
5317	0.78475964
5318	0.77659839
5319	0.76629955
5320	0.75509644
5321	0.74222714
5322	0.72916603
5323	0.71592373
5324	0.70155615
5325	0.68611115
5326	0.66701448
5327	0.64960140
5328	0.63383085
5329	0.61936474
5330	0.60579383
5331	0.59143102
5332	0.57595760
5333	0.55990374
5334	0.54314733
5335	0.52610832
5336	0.50875252
5337	0.49170223
5338	0.47749096
5339	0.45558655
5340	0.43744519
5341	0.41854605
5342	0.40060809
5343	0.38279295
5344	0.36518487
5345	0.34768271
5346	0.33061346
5347	0.31351501
5348	0.29587072
5349	0.27888077
5350	0.26230457
5351	0.24565567
5352	0.22970168
5353	0.21431585
5354	0.19934361
5355	0.18485901
5356	0.17071259
5357	0.15734531
5358	0.14463879
5359	0.13263275
5360	0.12186550
5361	0.11132677
5362	0.10171030
5363	0.09306247
5364	0.08536632
5365	0.07873642
5366	0.07258496
5367	0.06720093
5368	0.06185228
5369	0.05656786
5370	0.05212309
5371	0.04837741
5372	0.04445589
5373	0.03989011
5374	0.03518777
5375	0.03070257
5376	0.02622661
5377	0.02395422
5378	0.02257169
5379	0.02237584
5380	0.02333070
5381	0.02577276
5382	0.02927514
5383	0.03391523
5384	0.03959092
5385	0.04597243
5386	0.05311520
5387	0.06096696
5388	0.06954604
5389	0.07848200
5390	0.08801853
5391	0.09791040
5392	0.10864680
5393	0.11977025
5394	0.13133468
5395	0.14326321
5396	0.15527995
5397	0.16736192
5398	0.17938827
5399	0.19128682
5400	0.20323226
5401	0.21491434
5402	0.22623301
5403	0.23727277
5404	0.24792401
5405	0.25830132
5406	0.26840031
5407	0.27833104
5408	0.28813201
5409	0.29781282
5410	0.30734330
5411	0.31682557
5412	0.32622212
5413	0.33583978
5414	0.34532338
5415	0.35474834
5416	0.36446160
5417	0.37459305
5418	0.38498986
5419	0.39614841
5420	0.40731204
5421	0.41880634
5422	0.43115750
5423	0.44321069
5424	0.45773199
5425	0.47089818
5426	0.48653325
5427	0.50244898
5428	0.51858693
5429	0.53415388
5430	0.55131090
5431	0.56973809
5432	0.58757275
5433	0.60550863
5434	0.62328285
5435	0.64090747
5436	0.65700173
5437	0.67371142
5438	0.68971807
5439	0.70411724
5440	0.71754450
5441	0.72937918
5442	0.73920059
5443	0.74737090
5444	0.75307703
5445	0.75672883
5446	0.75810826
5447	0.75753766
5448	0.75469577
5449	0.74953282
5450	0.74302810
5451	0.73463285
5452	0.72481817
5453	0.71323931
5454	0.70021176
5455	0.68700325
5456	0.67348081
5457	0.65895987
5458	0.64265501
5459	0.62500238
5460	0.60665363
5461	0.59047526
5462	0.57575047
5463	0.56192774
5464	0.54763502
5465	0.53246492
5466	0.51638949
5467	0.50015706
5468	0.48343256
5469	0.46959376
5470	0.44811159
5471	0.42959258
5472	0.41142017
5473	0.39297253
5474	0.37499461
5475	0.35707527
5476	0.33967954
5477	0.32201087
5478	0.30439547
5479	0.28731462
5480	0.27019161
5481	0.25280687
5482	0.23576820
5483	0.21892615
5484	0.20226920
5485	0.18610190
5486	0.17033559
5487	0.15534334
5488	0.14080513
5489	0.12690246
5490	0.11358354
5491	0.10080414
5492	0.08894526
5493	0.07793844
5494	0.06851061
5495	0.05923535
5496	0.05067151
5497	0.04340557
5498	0.03680410
5499	0.03151226
5500	0.02533279
5501	0.02044711
5502	0.01482551
5503	0.01064156
5504	0.00640262
5505	0.00147991
5506	-0.00331197
5507	-0.00779763
5508	-0.01117555
5509	-0.01527952
5510	-0.01617091
5511	-0.01615572
5512	-0.01459938
5513	-0.01177137
5514	-0.00764528
5515	-0.00233334
5516	0.00419307
5517	0.01147085
5518	0.01941531
5519	0.02799367
5520	0.03709486
5521	0.04648526
5522	0.05674165
5523	0.06735708
5524	0.07849313
5525	0.09010086
5526	0.10194104
5527	0.11397742
5528	0.12608923
5529	0.13818783
5530	0.15032214
5531	0.16264856
5532	0.17464535
5533	0.18645552
5534	0.19789286
5535	0.20906936
5536	0.21997558
5537	0.23061109
5538	0.24106988
5539	0.25139242
5540	0.26155436
5541	0.27161753
5542	0.28182173
5543	0.29182485
5544	0.30185002
5545	0.31175086
5546	0.32208702
5547	0.33370927
5548	0.34472811
5549	0.35612577
5550	0.36696097
5551	0.37967953
5552	0.39222419
5553	0.40479469
5554	0.42006257
5555	0.43383542
5556	0.44937757
5557	0.46539420
5558	0.48165146
5559	0.50043249
5560	0.51581907
5561	0.53795981
5562	0.55551910
5563	0.57574123
5564	0.59470433
5565	0.61314386
5566	0.63170922
5567	0.64873976
5568	0.66592580
5569	0.68164599
5570	0.69630075
5571	0.70910066
5572	0.72081041
5573	0.72983414
5574	0.73701447
5575	0.74186099
5576	0.74448049
5577	0.74461818
5578	0.74230200
5579	0.73830438
5580	0.73220330
5581	0.72335219
5582	0.71296078
5583	0.70167720
5584	0.68739080
5585	0.67241216
5586	0.65569067
5587	0.63760614
5588	0.62277615
5589	0.60687679
5590	0.59032971
5591	0.57739830
5592	0.56417233
5593	0.54943246
5594	0.53356117
5595	0.51673853
5596	0.49929038
5597	0.48147240
5598	0.46419185
5599	0.44658214
5600	0.42860466
5601	0.41057342
5602	0.39191037
5603	0.37421733
5604	0.35659695
5605	0.33891144
5606	0.32136008
5607	0.30439076
5608	0.28699237
5609	0.26966384
5610	0.25274187
5611	0.23591478
5612	0.21936095
5613	0.20307271
5614	0.18665051
5615	0.17086507
5616	0.15563847
5617	0.14089935
5618	0.12661788
5619	0.11280727
5620	0.09954406
5621	0.08720332
5622	0.07627179
5623	0.06481384
5624	0.05458403
5625	0.04529982
5626	0.03699622
5627	0.02967282
5628	0.02346428
5629	0.01741819
5630	0.01219255
5631	0.00693579
5632	0.00170518
5633	-0.00192318
5634	-0.00585938
5635	-0.01049238
5636	-0.01594259
5637	-0.02141028
5638	-0.02552694
5639	-0.02851333
5640	-0.03019904
5641	-0.03026758
5642	-0.02918782
5643	-0.02668738
5644	-0.02289563
5645	-0.01768688
5646	-0.01149355
5647	-0.00447599
5648	0.00354887
5649	0.01211052
5650	0.02142280
5651	0.03153307
5652	0.04209483
5653	0.05328744
5654	0.06508431
5655	0.07741835
5656	0.09007815
5657	0.10297024
5658	0.11592087
5659	0.12887944
5660	0.14206298
5661	0.15505348
5662	0.16815777
5663	0.18066648
5664	0.19259450
5665	0.20444758
5666	0.21585418
5667	0.22702055
5668	0.23791896
5669	0.24860337
5670	0.25905377
5671	0.26935387
5672	0.27948317
5673	0.28966063
5674	0.29964593
5675	0.30971867
5676	0.31995717
5677	0.33010161
5678	0.34083641
5679	0.35192728
5680	0.36344141
5681	0.37562740
5682	0.38832805
5683	0.40114105
5684	0.41367170
5685	0.42886484
5686	0.44247803
5687	0.45790404
5688	0.47535327
5689	0.49221441
5690	0.50975311
5691	0.52804160
5692	0.54638118
5693	0.56521243
5694	0.58428764
5695	0.60330558
5696	0.62227875
5697	0.63909781
5698	0.65666175
5699	0.67506152
5700	0.69103074
5701	0.70645988
5702	0.72053695
5703	0.73329043
5704	0.74340749
5705	0.75192708
5706	0.75785589
5707	0.76157933
5708	0.76313341
5709	0.76253629
5710	0.75974464
5711	0.75539148
5712	0.74909788
5713	0.74048579
5714	0.73167849
5715	0.72126061
5716	0.70962018
5717	0.69721365
5718	0.68344569
5719	0.66982973
5720	0.65304518
5721	0.63492525
5722	0.61752135
5723	0.60176450
5724	0.58812416
5725	0.57454544
5726	0.56005764
5727	0.54440415
5728	0.52816337
5729	0.51152003
5730	0.49442413
5731	0.47680432
5732	0.45941371
5733	0.44149119
5734	0.42291471
5735	0.40409330
5736	0.38661963
5737	0.36875516
5738	0.35055801
5739	0.33324945
5740	0.31565100
5741	0.29809174
5742	0.28098172
5743	0.26361179
5744	0.24648175
5745	0.22963142
5746	0.21321940
5747	0.19718388
5748	0.18159164
5749	0.16607039
5750	0.15152979
5751	0.13766374
5752	0.12438608
5753	0.11178220
5754	0.09968285
5755	0.08862584
5756	0.07871232
5757	0.06936157
5758	0.06101384
5759	0.05389636
5760	0.04715113
5761	0.04100049
5762	0.03522032
5763	0.02973812
5764	0.02499079
5765	0.01988824
5766	0.01574445
5767	0.01041725
5768	0.00464186
5769	-0.00178277
5770	-0.00674605
5771	-0.01173106
5772	-0.01585750
5773	-0.01757717
5774	-0.01822178
5775	-0.01769980
5776	-0.01596925
5777	-0.01302123
5778	-0.00886435
5779	-0.00384119
5780	0.00211733
5781	0.00894189
5782	0.01627902
5783	0.02426081
5784	0.03271616
5785	0.04168402
5786	0.05114454
5787	0.06117097
5788	0.07175340
5789	0.08282009
5790	0.09426489
5791	0.10597822
5792	0.11774594
5793	0.12952073
5794	0.14109236
5795	0.15252562
5796	0.16399099
5797	0.17502645
5798	0.18575212
5799	0.19612181
5800	0.20617348
5801	0.21588032
5802	0.22537789
5803	0.23471338
5804	0.24393418
5805	0.25308537
5806	0.26215613
5807	0.27118817
5808	0.28021035
5809	0.28924116
5810	0.29844907
5811	0.30785769
5812	0.31740621
5813	0.32761845
5814	0.33735439
5815	0.34830269
5816	0.35945138
5817	0.37113127
5818	0.38255897
5819	0.39543974
5820	0.40997058
5821	0.42312786
5822	0.43685630
5823	0.45250463
5824	0.47071239
5825	0.48626831
5826	0.50179476
5827	0.51878417
5828	0.53669333
5829	0.55787063
5830	0.57633758
5831	0.59408051
5832	0.61065370
5833	0.62727159
5834	0.64351487
5835	0.65716016
5836	0.67215693
5837	0.68439716
5838	0.69463098
5839	0.70330906
5840	0.70970714
5841	0.71392280
5842	0.71594501
5843	0.71615142
5844	0.71420133
5845	0.71030164
5846	0.70427257
5847	0.69749939
5848	0.68829614
5849	0.67756724
5850	0.66588372
5851	0.65297937
5852	0.63902438
5853	0.62534857
5854	0.60481334
5855	0.58663511
5856	0.57080877
5857	0.55654931
5858	0.54331923
5859	0.52962476
5860	0.51426399
5861	0.49815249
5862	0.48123863
5863	0.46426567
5864	0.44724780
5865	0.42909306
5866	0.41120413
5867	0.39298198
5868	0.37449166
5869	0.35654756
5870	0.33865666
5871	0.32084474
5872	0.30318066
5873	0.28556487
5874	0.26854399
5875	0.25110960
5876	0.23368438
5877	0.21675558
5878	0.19985518
5879	0.18334377
5880	0.16717696
5881	0.15101017
5882	0.13549684
5883	0.12059459
5884	0.10619941
5885	0.09241663
5886	0.07962959
5887	0.06652664
5888	0.05469736
5889	0.04403740
5890	0.03376007
5891	0.02447373
5892	0.01611621
5893	0.00858673
5894	0.00179074
5895	-0.00372902
5896	-0.01005752
5897	-0.01519981
5898	-0.02087324
5899	-0.02524901
5900	-0.03076679
5901	-0.03654360
5902	-0.04230576
5903	-0.04770370
5904	-0.05159831
5905	-0.05631731
5906	-0.05747531
5907	-0.05761442
5908	-0.05667371
5909	-0.05438089
5910	-0.05086145
5911	-0.04645131
5912	-0.04083052
5913	-0.03426159
5914	-0.02704522
5915	-0.01924984
5916	-0.01070374
5917	-0.00174045
5918	0.00762804
5919	0.01763029
5920	0.02834181
5921	0.03936725
5922	0.05075872
5923	0.06248641
5924	0.07437609
5925	0.08630844
5926	0.09819197
5927	0.10999028
5928	0.12163863
5929	0.13331692
5930	0.14463541
5931	0.15571027
5932	0.16646674
5933	0.17692979
5934	0.18718868
5935	0.19725674
5936	0.20728758
5937	0.21711740
5938	0.22701941
5939	0.23682950
5940	0.24679887
5941	0.25683913
5942	0.26750490
5943	0.27782691
5944	0.28873095
5945	0.30022386
5946	0.31209126
5947	0.32452831
5948	0.33644518
5949	0.34998715
5950	0.36412609
5951	0.37957081
5952	0.39426175
5953	0.40635359
5954	0.42859077
5955	0.44312605
5956	0.46250972
5957	0.48007858
5958	0.49930125
5959	0.52161241
5960	0.54129529
5961	0.56095052
5962	0.58039939
5963	0.59905493
5964	0.61637688
5965	0.63306075
5966	0.64953458
5967	0.66458946
5968	0.67816556
5969	0.68988401
5970	0.69922936
5971	0.70617115
5972	0.71074873
5973	0.71312380
5974	0.71329677
5975	0.71107906
5976	0.70703578
5977	0.70101160
5978	0.69344288
5979	0.68631238
5980	0.67515785
5981	0.66044968
5982	0.64658636
5983	0.63198918
5984	0.61467975
5985	0.59671891
5986	0.57956743
5987	0.56436116
5988	0.55051637
5989	0.53721380
5990	0.52351576
5991	0.50899208
5992	0.49312636
5993	0.47856697
5994	0.45992169
5995	0.44252658
5996	0.42381310
5997	0.40570116
5998	0.38728005
5999	0.36928174
6000	0.35134771
6001	0.33344346
6002	0.31568444
6003	0.29883400
6004	0.28096369
6005	0.26365641
6006	0.24635637
6007	0.22907571
6008	0.21216071
6009	0.19546658
6010	0.17901589
6011	0.16291386
6012	0.14657083
6013	0.13110720
6014	0.11621571
6015	0.10177346
6016	0.08792727
6017	0.07436011
6018	0.06224040
6019	0.04952534
6020	0.03871916
6021	0.02820161
6022	0.01866178
6023	0.01007380
6024	0.00325697
6025	-0.00432141
6026	-0.01017054
6027	-0.01583367
6028	-0.02105364
6029	-0.02594350
6030	-0.02999301
6031	-0.03381808
6032	-0.03846436
6033	-0.04272176
6034	-0.04749976
6035	-0.05334340
6036	-0.05619681
6037	-0.05809370
6038	-0.05880897
6039	-0.05829358
6040	-0.05652039
6041	-0.05340846
6042	-0.04929979
6043	-0.04391676
6044	-0.03783845
6045	-0.03101012
6046	-0.02339506
6047	-0.01531065
6048	-0.00662405
6049	0.00258720
6050	0.01238548
6051	0.02277534
6052	0.03374114
6053	0.04522223
6054	0.05710379
6055	0.06908441
6056	0.08117776
6057	0.09329339
6058	0.10542582
6059	0.11745947
6060	0.12966242
6061	0.14153521
6062	0.15315340
6063	0.16431864
6064	0.17570901
6065	0.18668835
6066	0.19749972
6067	0.20820914
6068	0.21880423
6069	0.22933419
6070	0.23998202
6071	0.25050148
6072	0.26110655
6073	0.27160418
6074	0.28254882
6075	0.29385167
6076	0.30585882
6077	0.31756359
6078	0.33011600
6079	0.34301832
6080	0.35537574
6081	0.36945438
6082	0.38521951
6083	0.39959788
6084	0.41571209
6085	0.43325984
6086	0.44975582
6087	0.46655339
6088	0.48798439
6089	0.50723976
6090	0.52620381
6091	0.54579836
6092	0.56521392
6093	0.58452463
6094	0.60299826
6095	0.62012106
6096	0.63659000
6097	0.65294707
6098	0.66812503
6099	0.68245488
6100	0.69392043
6101	0.70335859
6102	0.71045452
6103	0.71530372
6104	0.71783859
6105	0.71836907
6106	0.71642858
6107	0.71246195
6108	0.70676821
6109	0.69895840
6110	0.69066685
6111	0.68062305
6112	0.66885233
6113	0.65609223
6114	0.64271182
6115	0.62860501
6116	0.61248201
6117	0.59545130
6118	0.57800233
6119	0.56182408
6120	0.54714173
6121	0.53348225
6122	0.51974589
6123	0.50517875
6124	0.48958227
6125	0.47387147
6126	0.45724544
6127	0.43893245
6128	0.42063287
6129	0.40289527
6130	0.38490936
6131	0.36607382
6132	0.34810525
6133	0.33025551
6134	0.31241560
6135	0.29501578
6136	0.27753720
6137	0.26005551
6138	0.24309134
6139	0.22563764
6140	0.20843937
6141	0.19141369
6142	0.17476688
6143	0.15853785
6144	0.14213990
6145	0.12686440
6146	0.11187126
6147	0.09752619
6148	0.08374629
6149	0.07045121
6150	0.05761730
6151	0.04566534
6152	0.03536800
6153	0.02465663
6154	0.01525123
6155	0.00683122
6156	-0.00061476
6157	-0.00730074
6158	-0.01320024
6159	-0.01891729
6160	-0.02422774
6161	-0.02919692
6162	-0.03359293
6163	-0.03747642
6164	-0.04135254
6165	-0.04632705
6166	-0.05033364
6167	-0.05462862
6168	-0.05866046
6169	-0.05975171
6170	-0.06017638
6171	-0.05940273
6172	-0.05724679
6173	-0.05370161
6174	-0.04906015
6175	-0.04329333
6176	-0.03649064
6177	-0.02909881
6178	-0.02084839
6179	-0.01210674
6180	-0.00283066
6181	0.00692234
6182	0.01723121
6183	0.02814182
6184	0.03951307
6185	0.05124875
6186	0.06315493
6187	0.07517391
6188	0.08728584
6189	0.09940761
6190	0.11158806
6191	0.12359011
6192	0.13562556
6193	0.14734165
6194	0.15860185
6195	0.17004152
6196	0.18107162
6197	0.19195242
6198	0.20268817
6199	0.21329765
6200	0.22389802
6201	0.23441166
6202	0.24494015
6203	0.25569162
6204	0.26631489
6205	0.27708462
6206	0.28792387
6207	0.29928648
6208	0.31133148
6209	0.32326072
6210	0.33510786
6211	0.34824705
6212	0.36152393
6213	0.37102151
6214	0.38982680
6215	0.40378496
6216	0.41926593
6217	0.43679669
6218	0.45146614
6219	0.46882111
6220	0.48884460
6221	0.50578344
6222	0.52547032
6223	0.54374665
6224	0.56213307
6225	0.58029681
6226	0.59731770
6227	0.61484408
6228	0.63042438
6229	0.64429313
6230	0.65850818
6231	0.67124289
6232	0.68301207
6233	0.69150132
6234	0.69809294
6235	0.70279306
6236	0.70488578
6237	0.70480502
6238	0.70256025
6239	0.69801456
6240	0.69221938
6241	0.68405741
6242	0.67661309
6243	0.66577882
6244	0.65090013
6245	0.63704455
6246	0.62225235
6247	0.60463411
6248	0.58712882
6249	0.56959617
6250	0.55419087
6251	0.54034269
6252	0.52724135
6253	0.51345319
6254	0.49807140
6255	0.48156446
6256	0.46478063
6257	0.44759890
6258	0.43029585
6259	0.41215533
6260	0.39447612
6261	0.37611595
6262	0.35815582
6263	0.33984354
6264	0.32211658
6265	0.30433062
6266	0.28665179
6267	0.26946074
6268	0.25184059
6269	0.23437020
6270	0.21690252
6271	0.19979537
6272	0.18275711
6273	0.16602102
6274	0.14963248
6275	0.13302468
6276	0.11739407
6277	0.10219798
6278	0.08757238
6279	0.07374112
6280	0.05992546
6281	0.04688241
6282	0.03512997
6283	0.02318988
6284	0.01326738
6285	0.00310777
6286	-0.00542729
6287	-0.01365551
6288	-0.02081884
6289	-0.02715610
6290	-0.03339446
6291	-0.03928721
6292	-0.04477582
6293	-0.04948952
6294	-0.05443855
6295	-0.06049388
6296	-0.06587653
6297	-0.07213677
6298	-0.07720590
6299	-0.08211486
6300	-0.08449030
6301	-0.08544854
6302	-0.08543063
6303	-0.08402321
6304	-0.08127176
6305	-0.07746332
6306	-0.07248792
6307	-0.06662580
6308	-0.05984894
6309	-0.05242138
6310	-0.04445919
6311	-0.03564494
6312	-0.02639486
6313	-0.01656842
6314	-0.00616327
6315	0.00478660
6316	0.01627889
6317	0.02823846
6318	0.04045213
6319	0.05272336
6320	0.06498760
6321	0.07716958
6322	0.08942590
6323	0.10145189
6324	0.11322687
6325	0.12473359
6326	0.13588315
6327	0.14650524
6328	0.15747893
6329	0.16797097
6330	0.17843352
6331	0.18881884
6332	0.19909230
6333	0.20935000
6334	0.21943024
6335	0.22697565
6336	0.24015628
6337	0.25061676
6338	0.26131755
6339	0.27230555
6340	0.28375077
6341	0.29554385
6342	0.30854994
6343	0.32144615
6344	0.33416924
6345	0.34840170
6346	0.36432582
6347	0.37873748
6348	0.39383081
6349	0.41250747
6350	0.42741421
6351	0.44736063
6352	0.46619916
6353	0.48557451
6354	0.50469816
6355	0.52397949
6356	0.54321927
6357	0.56209201
6358	0.57950103
6359	0.59655070
6360	0.61323994
6361	0.62772226
6362	0.64185303
6363	0.65448093
6364	0.66500741
6365	0.67350036
6366	0.68037766
6367	0.68412668
6368	0.68562245
6369	0.68489981
6370	0.68198436
6371	0.67835695
6372	0.67191064
6373	0.66365689
6374	0.65405172
6375	0.64132965
6376	0.62894356
6377	0.61500943
6378	0.60121483
6379	0.58640307
6380	0.56978631
6381	0.55182302
6382	0.53532493
6383	0.52047902
6384	0.50712085
6385	0.49394631
6386	0.47980684
6387	0.46452588
6388	0.44788551
6389	0.43025264
6390	0.41267359
6391	0.39513248
6392	0.37739369
6393	0.35946855
6394	0.34144765
6395	0.32257697
6396	0.30476457
6397	0.28701764
6398	0.26942936
6399	0.25246000
6400	0.23514809
6401	0.21786073
6402	0.20059627
6403	0.18370332
6404	0.16689833
6405	0.15047219
6406	0.13435923
6407	0.11804122
6408	0.10252470
6409	0.08781452
6410	0.07330269
6411	0.05937970
6412	0.04591367
6413	0.03315680
6414	0.02112538
6415	0.01068990
6416	0.00012448
6417	-0.00951246
6418	-0.01847519
6419	-0.02614703
6420	-0.03269726
6421	-0.03895167
6422	-0.04467310
6423	-0.05020426
6424	-0.05492054
6425	-0.06015133
6426	-0.06441738
6427	-0.06909537
6428	-0.07409994
6429	-0.07891537
6430	-0.08260319
6431	-0.08686110
6432	-0.08803498
6433	-0.08816200
6434	-0.08671676
6435	-0.08417761
6436	-0.08026166
6437	-0.07523457
6438	-0.06933329
6439	-0.06238218
6440	-0.05477571
6441	-0.04663357
6442	-0.03771091
6443	-0.02833749
6444	-0.01858955
6445	-0.00797968
6446	0.00303162
6447	0.01456242
6448	0.02653898
6449	0.03877128
6450	0.05104984
6451	0.06338698
6452	0.07562920
6453	0.08783998
6454	0.10020009
6455	0.11222962
6456	0.12374679
6457	0.13534027
6458	0.14665845
6459	0.15768869
6460	0.16889325
6461	0.17967506
6462	0.19035013
6463	0.20113055
6464	0.21166021
6465	0.22216395
6466	0.23263195
6467	0.24291933
6468	0.25352311
6469	0.26442567
6470	0.27564108
6471	0.28720775
6472	0.30000058
6473	0.31234103
6474	0.32535031
6475	0.33824021
6476	0.35375333
6477	0.36782879
6478	0.38362974
6479	0.40009701
6480	0.41878521
6481	0.43391684
6482	0.45198402
6483	0.47095534
6484	0.49091205
6485	0.51277256
6486	0.53223878
6487	0.55134249
6488	0.56902283
6489	0.58730018
6490	0.60477048
6491	0.62068659
6492	0.63619173
6493	0.65024590
6494	0.66255403
6495	0.67315620
6496	0.68116486
6497	0.68677235
6498	0.69017947
6499	0.69162238
6500	0.69071710
6501	0.68781435
6502	0.68284929
6503	0.67827046
6504	0.67020106
6505	0.66065854
6506	0.64777380
6507	0.63505507
6508	0.62117565
6509	0.60582560
6510	0.58981138
6511	0.57248461
6512	0.55475849
6513	0.53862125
6514	0.52416164
6515	0.51090002
6516	0.49768257
6517	0.48336503
6518	0.46758890
6519	0.45148033
6520	0.43390438
6521	0.41668862
6522	0.39875156
6523	0.38098550
6524	0.36294022
6525	0.34396127
6526	0.32593966
6527	0.30808651
6528	0.29082412
6529	0.27303457
6530	0.25540718
6531	0.23804985
6532	0.22086766
6533	0.20400046
6534	0.18708169
6535	0.17024221
6536	0.15355965
6537	0.13690680
6538	0.12101503
6539	0.10492466
6540	0.08994543
6541	0.07541266
6542	0.06135914
6543	0.04799447
6544	0.03501741
6545	0.02292872
6546	0.01173604
6547	0.00176604
6548	-0.00767650
6549	-0.01572177
6550	-0.02345617
6551	-0.02972906
6552	-0.03567640
6553	-0.04116275
6554	-0.04583837
6555	-0.05063445
6556	-0.05556909
6557	-0.05925750
6558	-0.06267337
6559	-0.06737341
6560	-0.07159323
6561	-0.07647503
6562	-0.07862501
6563	-0.07992386
6564	-0.07974042
6565	-0.07852263
6566	-0.07585326
6567	-0.07185985
6568	-0.06655673
6569	-0.06010149
6570	-0.05268773
6571	-0.04443409
6572	-0.03547730
6573	-0.02593154
6574	-0.01584750
6575	-0.00542731
6576	0.00582090
6577	0.01747646
6578	0.02965981
6579	0.04221420
6580	0.05494889
6581	0.06776242
6582	0.08055083
6583	0.09352303
6584	0.10633694
6585	0.11897634
6586	0.13141137
6587	0.14334871
6588	0.15525757
6589	0.16687471
6590	0.17847212
6591	0.18959118
6592	0.20056030
6593	0.21134764
6594	0.22187392
6595	0.23243143
6596	0.24278490
6597	0.25316107
6598	0.26356018
6599	0.27395436
6600	0.28484327
6601	0.29605788
6602	0.30769810
6603	0.32023981
6604	0.33291730
6605	0.34609181
6606	0.35901865
6607	0.36958671
6608	0.38454998
6609	0.40017664
6610	0.41512626
6611	0.43967557
6612	0.45511445
6613	0.47267219
6614	0.49138629
6615	0.50972003
6616	0.53294450
6617	0.55212104
6618	0.57119435
6619	0.59002113
6620	0.60790616
6621	0.62381244
6622	0.64076120
6623	0.65683645
6624	0.67262453
6625	0.68601257
6626	0.69742912
6627	0.70734197
6628	0.71542096
6629	0.72140592
6630	0.72516805
6631	0.72718400
6632	0.72697079
6633	0.72494793
6634	0.72114825
6635	0.71576464
6636	0.70900470
6637	0.70090961
6638	0.69181776
6639	0.68026453
6640	0.66914296
6641	0.65599358
6642	0.64182383
6643	0.62530655
6644	0.60695922
6645	0.59006059
6646	0.57524151
6647	0.56202984
6648	0.54931509
6649	0.53535086
6650	0.51969057
6651	0.50259960
6652	0.48558694
6653	0.46851081
6654	0.45141232
6655	0.43380058
6656	0.41590086
6657	0.39664391
6658	0.37875396
6659	0.36097145
6660	0.34329250
6661	0.32552704
6662	0.30827850
6663	0.29081765
6664	0.27338260
6665	0.25634417
6666	0.23882297
6667	0.22154793
6668	0.20452066
6669	0.18776928
6670	0.17139512
6671	0.15483786
6672	0.13941689
6673	0.12453033
6674	0.10994533
6675	0.09592423
6676	0.08251662
6677	0.06959031
6678	0.05759047
6679	0.04681016
6680	0.03645257
6681	0.02714353
6682	0.01924671
6683	0.01169565
6684	0.00514363
6685	-0.00026230
6686	-0.00661200
6687	-0.01183680
6688	-0.01767115
6689	-0.02211002
6690	-0.02790915
6691	-0.03334348
6692	-0.03951955
6693	-0.04576770
6694	-0.05067059
6695	-0.05548697
6696	-0.05735372
6697	-0.05815116
6698	-0.05780138
6699	-0.05614823
6700	-0.05327360
6701	-0.04936926
6702	-0.04436129
6703	-0.03841795
6704	-0.03159739
6705	-0.02419238
6706	-0.01591492
6707	-0.00734904
6708	0.00201124
6709	0.01179292
6710	0.02212886
6711	0.03291519
6712	0.04422024
6713	0.05590886
6714	0.06791310
6715	0.08001749
6716	0.09212058
6717	0.10418098
6718	0.11624339
6719	0.12829880
6720	0.14034231
6721	0.15193447
6722	0.16297732
6723	0.17378542
6724	0.18425655
6725	0.19446261
6726	0.20453928
6727	0.21442851
6728	0.22431985
6729	0.23407073
6730	0.24405634
6731	0.25388435
6732	0.26372266
6733	0.27370131
6734	0.28364784
6735	0.29404518
6736	0.30478781
6737	0.31589311
6738	0.32733664
6739	0.34005490
6740	0.35226375
6741	0.36495608
6742	0.37892342
6743	0.39453906
6744	0.40864691
6745	0.42583847
6746	0.44062370
6747	0.45956835
6748	0.47441241
6749	0.49268591
6750	0.51130319
6751	0.53332615
6752	0.55229133
6753	0.57099450
6754	0.58875662
6755	0.60519481
6756	0.62266856
6757	0.63927507
6758	0.65478772
6759	0.66981441
6760	0.68235290
6761	0.69306439
6762	0.70148116
6763	0.70802391
6764	0.71250892
6765	0.71475756
6766	0.71464419
6767	0.71250093
6768	0.70848161
6769	0.70257294
6770	0.69469100
6771	0.68575066
6772	0.67536807
6773	0.66364211
6774	0.65038943
6775	0.63655502
6776	0.62422729
6777	0.60360551
6778	0.58559662
6779	0.56885886
6780	0.55389071
6781	0.54023409
6782	0.52706581
6783	0.51271790
6784	0.49756503
6785	0.48134908
6786	0.46478122
6787	0.44845349
6788	0.43037456
6789	0.41274866
6790	0.39451611
6791	0.37566108
6792	0.35779679
6793	0.34056583
6794	0.32281291
6795	0.30497333
6796	0.28744319
6797	0.26994231
6798	0.25257775
6799	0.23499541
6800	0.21779123
6801	0.20097290
6802	0.18424775
6803	0.16784202
6804	0.15187880
6805	0.13578987
6806	0.12074702
6807	0.10621551
6808	0.09211092
6809	0.07859365
6810	0.06552103
6811	0.05328809
6812	0.04167425
6813	0.03141103
6814	0.02185777
6815	0.01254458
6816	0.00462347
6817	-0.00211235
6818	-0.00837941
6819	-0.01422837
6820	-0.01968962
6821	-0.02502198
6822	-0.02929040
6823	-0.03379452
6824	-0.03758908
6825	-0.04265073
6826	-0.04687135
6827	-0.05107329
6828	-0.05596927
6829	-0.05764432
6830	-0.05773367
6831	-0.05747033
6832	-0.05564005
6833	-0.05239531
6834	-0.04778013
6835	-0.04207640
6836	-0.03517676
6837	-0.02766180
6838	-0.01925279
6839	-0.01018977
6840	-0.00068718
6841	0.00931442
6842	0.01987847
6843	0.03096644
6844	0.04257704
6845	0.05461875
6846	0.06698085
6847	0.07954191
6848	0.09209529
6849	0.10460764
6850	0.11695462
6851	0.12949422
6852	0.14168447
6853	0.15360780
6854	0.16520396
6855	0.17620935
6856	0.18739720
6857	0.19811295
6858	0.20864384
6859	0.21898866
6860	0.22922914
6861	0.23939796
6862	0.24946167
6863	0.25964314
6864	0.26965794
6865	0.27982470
6866	0.28983384
6867	0.30044383
6868	0.31132773
6869	0.32249627
6870	0.33478743
6871	0.34711060
6872	0.35977983
6873	0.37244096
6874	0.38659927
6875	0.40146005
6876	0.41308022
6877	0.42884877
6878	0.45127368
6879	0.46640858
6880	0.48379651
6881	0.50484186
6882	0.52418405
6883	0.54333335
6884	0.56025535
6885	0.58140242
6886	0.60010386
6887	0.61657476
6888	0.63373578
6889	0.65048552
6890	0.66720998
6891	0.68142688
6892	0.69372284
6893	0.70482177
6894	0.71309614
6895	0.71944141
6896	0.72351992
6897	0.72518301
6898	0.72459888
6899	0.72223175
6900	0.71794999
6901	0.71194965
6902	0.70410359
6903	0.69483113
6904	0.68336058
6905	0.67129403
6906	0.65922838
6907	0.64567691
6908	0.63447368
6909	0.62021232
6910	0.60078973
6911	0.58341956
6912	0.56718302
6913	0.55236673
6914	0.53892964
6915	0.52513069
6916	0.51077384
6917	0.49515152
6918	0.47874388
6919	0.46202931
6920	0.44554296
6921	0.42797920
6922	0.41035554
6923	0.39097765
6924	0.37301543
6925	0.35503089
6926	0.33713585
6927	0.31929609
6928	0.30167305
6929	0.28415689
6930	0.26653984
6931	0.24916169
6932	0.23184688
6933	0.21498986
6934	0.19813444
6935	0.18157972
6936	0.16537482
6937	0.14958785
6938	0.13374077
6939	0.11894488
6940	0.10460049
6941	0.09082887
6942	0.07798565
6943	0.06490310
6944	0.05301528
6945	0.04272129
6946	0.03204400
6947	0.02265403
6948	0.01457953
6949	0.00682681
6950	0.00090685
6951	-0.00573846
6952	-0.01157685
6953	-0.01711006
6954	-0.02172336
6955	-0.02679206
6956	-0.03147265
6957	-0.03648505
6958	-0.04269585
6959	-0.04777259
6960	-0.05386116
6961	-0.05702839
6962	-0.05894137
6963	-0.05959506
6964	-0.05897300
6965	-0.05694430
6966	-0.05352004
6967	-0.04901556
6968	-0.04335520
6969	-0.03661972
6970	-0.02930736
6971	-0.02119807
6972	-0.01247255
6973	-0.00313152
6974	0.00672831
6975	0.01743837
6976	0.02859639
6977	0.04020287
6978	0.05218088
6979	0.06438584
6980	0.07665825
6981	0.08903445
6982	0.10143960
6983	0.11378872
6984	0.12634580
6985	0.13862933
6986	0.15046394
6987	0.16264266
6988	0.17420898
6989	0.18554772
6990	0.19659083
6991	0.20742814
6992	0.21804507
6993	0.22853820
6994	0.23887366
6995	0.24915305
6996	0.25958923
6997	0.26991564
6998	0.28004724
6999	0.29069266
7000	0.30158368
7001	0.31269234
7002	0.32432711
7003	0.33699310
7004	0.34949479
7005	0.36181799
7006	0.37573275
7007	0.39142138
7008	0.40560591
7009	0.42285267
7010	0.43954170
7011	0.45692179
7012	0.47484756
7013	0.49344748
7014	0.51228809
7015	0.53145379
7016	0.54846084
7017	0.56932545
7018	0.58828169
7019	0.60638863
7020	0.62328261
7021	0.64058012
7022	0.65792137
7023	0.67301363
7024	0.68663478
7025	0.69853216
7026	0.70819008
7027	0.71598125
7028	0.72161686
7029	0.72471184
7030	0.72570229
7031	0.72459322
7032	0.72114950
7033	0.71604037
7034	0.70817035
7035	0.69888806
7036	0.68787938
7037	0.67504156
7038	0.66139102
7039	0.64446634
7040	0.62901103
7041	0.61126620
7042	0.59287870
7043	0.57906085
7044	0.56642717
7045	0.55323750
7046	0.53849930
7047	0.52188540
7048	0.50501454
7049	0.48746315
7050	0.47035936
7051	0.45357394
7052	0.43578550
7053	0.41791242
7054	0.39809367
7055	0.38063633
7056	0.36285427
7057	0.34515488
7058	0.32750225
7059	0.31046733
7060	0.29301789
7061	0.27558056
7062	0.25827271
7063	0.24132757
7064	0.22453029
7065	0.20803599
7066	0.19193678
7067	0.17578942
7068	0.16032447
7069	0.14536314
7070	0.13087094
7071	0.11695889
7072	0.10356747
7073	0.09147964
7074	0.07959822
7075	0.06881804
7076	0.05848690
7077	0.04916623
7078	0.04080068
7079	0.03307386
7080	0.02721069
7081	0.02052827
7082	0.01502556
7083	0.00869447
7084	0.00322138
7085	-0.00112580
7086	-0.00622946
7087	-0.01259495
7088	-0.01799259
7089	-0.02409913
7090	-0.02826086
7091	-0.03275878
7092	-0.03456553
7093	-0.03506023
7094	-0.03400142
7095	-0.03167492
7096	-0.02793670
7097	-0.02292648
7098	-0.01698894
7099	-0.01008178
7100	-0.00253767
7101	0.00554364
7102	0.01438359
7103	0.02367019
7104	0.03351476
7105	0.04389446
7106	0.05485663
7107	0.06638089
7108	0.07839450
7109	0.09077376
7110	0.10336950
7111	0.11604217
7112	0.12896648
7113	0.14149307
7114	0.15388942
7115	0.16642423
7116	0.17851838
7117	0.19031948
7118	0.20176882
7119	0.21273583
7120	0.22350122
7121	0.23408236
7122	0.24450968
7123	0.25481331
7124	0.26508874
7125	0.27555421
7126	0.28584886
7127	0.29619357
7128	0.30668405
7129	0.31733435
7130	0.32832137
7131	0.33960590
7132	0.35099956
7133	0.36325851
7134	0.37586039
7135	0.38876757
7136	0.40160853
7137	0.41603926
7138	0.43127891
7139	0.44740710
7140	0.46431372
7141	0.48174414
7142	0.49884653
7143	0.51961815
7144	0.53848726
7145	0.55650938
7146	0.57701313
7147	0.59615660
7148	0.61518645
7149	0.63388920
7150	0.65116972
7151	0.66713929
7152	0.68445033
7153	0.69856685
7154	0.71222067
7155	0.72363627
7156	0.73298275
7157	0.74002391
7158	0.74531442
7159	0.74845642
7160	0.74949771
7161	0.74849600
7162	0.74567664
7163	0.74140090
7164	0.73538202
7165	0.72791928
7166	0.71911091
7167	0.70852757
7168	0.69762546
7169	0.68510056
7170	0.67131162
7171	0.65520370
7172	0.63839096
7173	0.62102157
7174	0.60344636
7175	0.58858997
7176	0.57500583
7177	0.56138754
7178	0.54714572
7179	0.53185910
7180	0.51566643
7181	0.49893075
7182	0.48189384
7183	0.46808806
7184	0.44574192
7185	0.42675969
7186	0.40870726
7187	0.39081880
7188	0.37292311
7189	0.35536456
7190	0.33791047
7191	0.32038146
7192	0.30304125
7193	0.28571197
7194	0.26849380
7195	0.25165111
7196	0.23495281
7197	0.21856603
7198	0.20255944
7199	0.18653162
7200	0.17124522
7201	0.15650864
7202	0.14227630
7203	0.12855442
7204	0.11537792
7205	0.10295247
7206	0.09187166
7207	0.08102629
7208	0.07111567
7209	0.06231601
7210	0.05448262
7211	0.04794928
7212	0.04243892
7213	0.03662873
7214	0.03180525
7215	0.02763013
7216	0.02333988
7217	0.01912917
7218	0.01555317
7219	0.01127587
7220	0.00693442
7221	0.00217499
7222	-0.00015515
7223	-0.00170134
7224	-0.00280091
7225	-0.00184087
7226	0.00056177
7227	0.00413280
7228	0.00908824
7229	0.01499111
7230	0.02182079
7231	0.02965142
7232	0.03769414
7233	0.04654860
7234	0.05582969
7235	0.06551498
7236	0.07607266
7237	0.08692884
7238	0.09858734
7239	0.11052181
7240	0.12262554
7241	0.13479815
7242	0.14696373
7243	0.15904489
7244	0.17119986
7245	0.18351977
7246	0.19550276
7247	0.20737858
7248	0.21892518
7249	0.23027670
7250	0.24137795
7251	0.25227883
7252	0.26302162
7253	0.27360228
7254	0.28412804
7255	0.29456487
7256	0.30514428
7257	0.31567132
7258	0.32649821
7259	0.33732238
7260	0.34817496
7261	0.35965639
7262	0.37184033
7263	0.38419509
7264	0.39677069
7265	0.40968674
7266	0.42314938
7267	0.43878794
7268	0.45314658
7269	0.46909976
7270	0.48551947
7271	0.50193751
7272	0.52227104
7273	0.53914964
7274	0.55773163
7275	0.57769322
7276	0.59685791
7277	0.61500841
7278	0.63486594
7279	0.65354621
7280	0.67211503
7281	0.68883371
7282	0.70429617
7283	0.71968764
7284	0.73365831
7285	0.74575597
7286	0.75648332
7287	0.76470894
7288	0.77127624
7289	0.77554351
7290	0.77766353
7291	0.77790302
7292	0.77602553
7293	0.77251232
7294	0.76682752
7295	0.76036161
7296	0.75212431
7297	0.74264121
7298	0.73189354
7299	0.71954346
7300	0.70663565
7301	0.69274342
7302	0.67667288
7303	0.65969729
7304	0.64293182
7305	0.62745720
7306	0.61383545
7307	0.60107821
7308	0.58720618
7309	0.57062930
7310	0.55419356
7311	0.53753883
7312	0.52015519
7313	0.50281578
7314	0.48531321
7315	0.46757191
7316	0.44924384
7317	0.43109867
7318	0.41309631
7319	0.39515400
7320	0.37740523
7321	0.36019427
7322	0.34256020
7323	0.32493326
7324	0.30752823
7325	0.29060730
7326	0.27378008
7327	0.25732598
7328	0.24128287
7329	0.22522715
7330	0.20993927
7331	0.19523436
7332	0.18110469
7333	0.16735369
7334	0.15441643
7335	0.14215615
7336	0.13111436
7337	0.12023339
7338	0.11018208
7339	0.10102433
7340	0.09278929
7341	0.08544374
7342	0.07921463
7343	0.07320763
7344	0.06763754
7345	0.06286796
7346	0.05772484
7347	0.05400259
7348	0.04969259
7349	0.04444415
7350	0.03872180
7351	0.03310445
7352	0.02685638
7353	0.02326577
7354	0.02083768
7355	0.01956345
7356	0.01952819
7357	0.02078422
7358	0.02352167
7359	0.02747548
7360	0.03244679
7361	0.03832844
7362	0.04504590
7363	0.05243135
7364	0.06051640
7365	0.06905977
7366	0.07826904
7367	0.08818207
7368	0.09840921
7369	0.10959932
7370	0.12115771
7371	0.13310207
7372	0.14525729
7373	0.15776378
7374	0.16992742
7375	0.18204892
7376	0.19411409
7377	0.20615734
7378	0.21783102
7379	0.22922841
7380	0.24032179
7381	0.25119406
7382	0.26180068
7383	0.27209941
7384	0.28230962
7385	0.29236463
7386	0.30228072
7387	0.31204823
7388	0.32169178
7389	0.33157569
7390	0.34127563
7391	0.35118306
7392	0.36109388
7393	0.37144962
7394	0.38232443
7395	0.39374396
7396	0.40576747
7397	0.41816604
7398	0.43069756
7399	0.44358256
7400	0.45873767
7401	0.47273204
7402	0.48863944
7403	0.50516182
7404	0.52135092
7405	0.53839433
7406	0.56061208
7407	0.57955283
7408	0.59898227
7409	0.61866897
7410	0.63829309
7411	0.65779746
7412	0.67669958
7413	0.69442028
7414	0.71258450
7415	0.72831857
7416	0.74303705
7417	0.75697643
7418	0.76860476
7419	0.77808213
7420	0.78504032
7421	0.79000759
7422	0.79242879
7423	0.79266238
7424	0.79058248
7425	0.78639603
7426	0.77987653
7427	0.77212721
7428	0.76208824
7429	0.74961895
7430	0.73608786
7431	0.72135699
7432	0.70499808
7433	0.68734348
7434	0.67071056
7435	0.65498012
7436	0.64078391
7437	0.62727576
7438	0.61302131
7439	0.59817696
7440	0.58229512
7441	0.56599838
7442	0.54868931
7443	0.53138810
7444	0.51377571
7445	0.49599183
7446	0.47832406
7447	0.46019900
7448	0.44073498
7449	0.42259020
7450	0.40493044
7451	0.38770941
7452	0.37019834
7453	0.35287675
7454	0.33560270
7455	0.31858331
7456	0.30163372
7457	0.28495276
7458	0.26859546
7459	0.25257546
7460	0.23643485
7461	0.22129151
7462	0.20652740
7463	0.19216983
7464	0.17845482
7465	0.16518976
7466	0.15273687
7467	0.14164013
7468	0.13083398
7469	0.12095805
7470	0.11215626
7471	0.10439739
7472	0.09786787
7473	0.09226483
7474	0.08628215
7475	0.08113503
7476	0.07662604
7477	0.07144731
7478	0.06725173
7479	0.06333692
7480	0.05880860
7481	0.05418633
7482	0.05031018
7483	0.04591341
7484	0.04327329
7485	0.04275610
7486	0.04345200
7487	0.04539751
7488	0.04899584
7489	0.05370570
7490	0.05953387
7491	0.06629352
7492	0.07377293
7493	0.08205114
7494	0.09078889
7495	0.10001519
7496	0.10964152
7497	0.11978950
7498	0.13044500
7499	0.14163405
7500	0.15321755
7501	0.16511868
7502	0.17712803
7503	0.18923767
7504	0.20133668
7505	0.21343026
7506	0.22539397
7507	0.23746750
7508	0.24918532
7509	0.26068079
7510	0.27187011
7511	0.28280586
7512	0.29355729
7513	0.30410478
7514	0.31452733
7515	0.32476303
7516	0.33488011
7517	0.34495011
7518	0.35519904
7519	0.36519426
7520	0.37555709
7521	0.38610753
7522	0.39693674
7523	0.40810549
7524	0.41966859
7525	0.43202978
7526	0.44444010
7527	0.45734593
7528	0.46975270
7529	0.48480695
7530	0.49949133
7531	0.51446128
7532	0.53034538
7533	0.54714149
7534	0.56424421
7535	0.58159202
7536	0.59881765
7537	0.61855531
7538	0.63699591
7539	0.65572774
7540	0.67430902
7541	0.69114935
7542	0.71045029
7543	0.72697490
7544	0.74214625
7545	0.75648308
7546	0.77001303
7547	0.78218216
7548	0.79176664
7549	0.79964888
7550	0.80517238
7551	0.80840379
7552	0.80953461
7553	0.80852723
7554	0.80516368
7555	0.80019432
7556	0.79341304
7557	0.78544325
7558	0.77559131
7559	0.76381540
7560	0.75149685
7561	0.73850405
7562	0.72409576
7563	0.70708507
7564	0.68985945
7565	0.67331785
7566	0.65780836
7567	0.64377606
7568	0.63036978
7569	0.61598349
7570	0.60018188
7571	0.58378673
7572	0.56699508
7573	0.54939878
7574	0.53186780
7575	0.51412976
7576	0.49657008
7577	0.47814435
7578	0.45990360
7579	0.44186336
7580	0.42395431
7581	0.40662420
7582	0.38887930
7583	0.37121713
7584	0.35365778
7585	0.33615974
7586	0.31878099
7587	0.30181301
7588	0.28498214
7589	0.26851112
7590	0.25242707
7591	0.23624597
7592	0.22114429
7593	0.20652470
7594	0.19247997
7595	0.17887354
7596	0.16604990
7597	0.15398087
7598	0.14316311
7599	0.13257436
7600	0.12289014
7601	0.11421922
7602	0.10642641
7603	0.09997233
7604	0.09359322
7605	0.08809046
7606	0.08189772
7607	0.07685830
7608	0.07134642
7609	0.06655814
7610	0.06156724
7611	0.05521391
7612	0.04942842
7613	0.04322300
7614	0.03943998
7615	0.03729617
7616	0.03675289
7617	0.03612655
7618	0.03759605
7619	0.04036082
7620	0.04430858
7621	0.04935420
7622	0.05538139
7623	0.06231023
7624	0.07004920
7625	0.07830123
7626	0.08717503
7627	0.09678270
7628	0.10679461
7629	0.11736362
7630	0.12851520
7631	0.14019918
7632	0.15228678
7633	0.16452500
7634	0.17687570
7635	0.18943916
7636	0.20163335
7637	0.21393391
7638	0.22597454
7639	0.23785934
7640	0.24944165
7641	0.26065987
7642	0.27155259
7643	0.28214502
7644	0.29240367
7645	0.30250406
7646	0.31239864
7647	0.32207981
7648	0.33158654
7649	0.34106597
7650	0.35037172
7651	0.35961667
7652	0.36900157
7653	0.37853420
7654	0.38800269
7655	0.39813378
7656	0.40859133
7657	0.41951454
7658	0.43126190
7659	0.44261977
7660	0.45434660
7661	0.46729329
7662	0.48206100
7663	0.49405169
7664	0.50883645
7665	0.52737147
7666	0.54375881
7667	0.56062490
7668	0.57794809
7669	0.59577942
7670	0.61387259
7671	0.63223392
7672	0.65049332
7673	0.66904783
7674	0.68588436
7675	0.70243400
7676	0.71758580
7677	0.73298538
7678	0.74630642
7679	0.75885403
7680	0.76887780
7681	0.77735847
7682	0.78335726
7683	0.78722209
7684	0.78891838
7685	0.78823280
7686	0.78577977
7687	0.78129756
7688	0.77468735
7689	0.76721889
7690	0.75730330
7691	0.74627709
7692	0.73462898
7693	0.72047204
7694	0.70616573
7695	0.68847424
7696	0.67082220
7697	0.65361226
7698	0.63819623
7699	0.62455231
7700	0.61194903
7701	0.59707284
7702	0.58163482
7703	0.56529957
7704	0.54854846
7705	0.53152257
7706	0.51359534
7707	0.49584445
7708	0.47720817
7709	0.45962036
7710	0.44058505
7711	0.42251393
7712	0.40460560
7713	0.38732257
7714	0.36961612
7715	0.35205409
7716	0.33464023
7717	0.31726274
7718	0.30032519
7719	0.28343827
7720	0.26692361
7721	0.25066748
7722	0.23436260
7723	0.21875067
7724	0.20370951
7725	0.18919326
7726	0.17509292
7727	0.16171178
7728	0.14903800
7729	0.13704318
7730	0.12635314
7731	0.11598182
7732	0.10651858
7733	0.09809794
7734	0.09070230
7735	0.08441872
7736	0.07884698
7737	0.07283299
7738	0.06748147
7739	0.06239820
7740	0.05815458
7741	0.05400166
7742	0.04865663
7743	0.04385313
7744	0.03810559
7745	0.03228355
7746	0.02934837
7747	0.02720392
7748	0.02662054
7749	0.02704320
7750	0.02882122
7751	0.03191963
7752	0.03624307
7753	0.04154603
7754	0.04778496
7755	0.05491921
7756	0.06268129
7757	0.07092334
7758	0.07992789
7759	0.08924121
7760	0.09910779
7761	0.10950129
7762	0.12040592
7763	0.13182239
7764	0.14351819
7765	0.15543678
7766	0.16743083
7767	0.17946658
7768	0.19151601
7769	0.20366515
7770	0.21560173
7771	0.22738531
7772	0.23895968
7773	0.25027394
7774	0.26131007
7775	0.27209201
7776	0.28268048
7777	0.29312441
7778	0.30332780
7779	0.31342342
7780	0.32361516
7781	0.33355775
7782	0.34356770
7783	0.35363573
7784	0.36359909
7785	0.37407950
7786	0.38490674
7787	0.39613646
7788	0.40831971
7789	0.42009044
7790	0.43241712
7791	0.44468123
7792	0.45849136
7793	0.47406504
7794	0.48810712
7795	0.50238442
7796	0.51954281
7797	0.53911120
7798	0.55685484
7799	0.57497662
7800	0.59363347
7801	0.61258560
7802	0.63152206
7803	0.65042782
7804	0.66921949
7805	0.68684459
7806	0.70395285
7807	0.71953052
7808	0.73559391
7809	0.74979794
7810	0.76212400
7811	0.77299213
7812	0.78182030
7813	0.78845656
7814	0.79296064
7815	0.79519141
7816	0.79521954
7817	0.79351574
7818	0.78950220
7819	0.78410149
7820	0.77681965
7821	0.76754743
7822	0.75721532
7823	0.74469459
7824	0.73203897
7825	0.71726543
7826	0.70122927
7827	0.68352205
7828	0.66629857
7829	0.64971703
7830	0.63513708
7831	0.62191987
7832	0.60922372
7833	0.59386230
7834	0.57803071
7835	0.56143308
7836	0.54449111
7837	0.52729213
7838	0.50975025
7839	0.49152154
7840	0.47296917
7841	0.45475745
7842	0.43673292
7843	0.41883329
7844	0.40116185
7845	0.38358471
7846	0.36657116
7847	0.34923953
7848	0.33195841
7849	0.31469417
7850	0.29781926
7851	0.28099304
7852	0.26460537
7853	0.24857450
7854	0.23228498
7855	0.21700759
7856	0.20213179
7857	0.18763034
7858	0.17351681
7859	0.16017124
7860	0.14744867
7861	0.13538191
7862	0.12455384
7863	0.11401373
7864	0.10443620
7865	0.09584421
7866	0.08850221
7867	0.08176315
7868	0.07620857
7869	0.07023179
7870	0.06561169
7871	0.06085999
7872	0.05580353
7873	0.05237226
7874	0.04856218
7875	0.04382716
7876	0.03996601
7877	0.03484476
7878	0.03209168
7879	0.03060803
7880	0.03034307
7881	0.03132194
7882	0.03353974
7883	0.03696653
7884	0.04178689
7885	0.04741235
7886	0.05402187
7887	0.06150062
7888	0.06961137
7889	0.07807517
7890	0.08697657
7891	0.09640139
7892	0.10612423
7893	0.11668861
7894	0.12751120
7895	0.13878217
7896	0.15033175
7897	0.16194582
7898	0.17369978
7899	0.18540223
7900	0.19717449
7901	0.20882186
7902	0.22052792
7903	0.23187549
7904	0.24297342
7905	0.25377440
7906	0.26426622
7907	0.27460176
7908	0.28476825
7909	0.29476362
7910	0.30474901
7911	0.31466895
7912	0.32457840
7913	0.33475888
7914	0.34502667
7915	0.35527742
7916	0.36576891
7917	0.37634864
7918	0.38753206
7919	0.39935577
7920	0.41146368
7921	0.42307743
7922	0.43611947
7923	0.44968241
7924	0.46376812
7925	0.47849828
7926	0.49254754
7927	0.51092839
7928	0.52737403
7929	0.54437882
7930	0.56196320
7931	0.57997727
7932	0.59813648
7933	0.61634731
7934	0.63468605
7935	0.65101492
7936	0.66871196
7937	0.68647069
7938	0.70273221
7939	0.71829933
7940	0.73220813
7941	0.74564117
7942	0.75675458
7943	0.76634926
7944	0.77406782
7945	0.77949566
7946	0.78287995
7947	0.78400910
7948	0.78304470
7949	0.78047121
7950	0.77582932
7951	0.76991051
7952	0.76174551
7953	0.75263578
7954	0.74203306
7955	0.72998905
7956	0.71703553
7957	0.70317113
7958	0.68909210
7959	0.67140365
7960	0.65440220
7961	0.63742477
7962	0.62159353
7963	0.60767394
7964	0.59450293
7965	0.58072895
7966	0.56588995
7967	0.55011135
7968	0.53348893
7969	0.51646626
7970	0.49859929
7971	0.48146755
7972	0.46370009
7973	0.44451380
7974	0.42621559
7975	0.40857401
7976	0.39065856
7977	0.37293208
7978	0.35577238
7979	0.33827204
7980	0.32089555
7981	0.30352366
7982	0.28636298
7983	0.26921135
7984	0.25231397
7985	0.23575145
7986	0.21932259
7987	0.20313816
7988	0.18776800
7989	0.17283940
7990	0.15830861
7991	0.14436491
7992	0.13080472
7993	0.11812823
7994	0.10610989
7995	0.09538282
7996	0.08536828
7997	0.07554375
7998	0.06749292
7999	0.05965903
8000	0.05380607
8001	0.04712062
8002	0.04176643
8003	0.03583580
8004	0.03114324
8005	0.02653329
8006	0.02214592
8007	0.01818763
8008	0.01351162
8009	0.00880939
8010	0.00423576
8011	0.00015336
8012	-0.00126605
8013	-0.00191508
8014	-0.00120509
8015	0.00066469
8016	0.00411113
8017	0.00853081
8018	0.01420255
8019	0.02065632
8020	0.02793020
8021	0.03587853
8022	0.04453313
8023	0.05370970
8024	0.06329203
8025	0.07321943
8026	0.08397817
8027	0.09509447
8028	0.10663420
8029	0.11846755
8030	0.13045800
8031	0.14248912
8032	0.15447392
8033	0.16643175
8034	0.17852427
8035	0.19027193
8036	0.20179255
8037	0.21305683
8038	0.22404562
8039	0.23472387
8040	0.24523053
8041	0.25547659
8042	0.26557970
8043	0.27561340
8044	0.28548053
8045	0.29524040
8046	0.30502215
8047	0.31522688
8048	0.32510096
8049	0.33523533
8050	0.34538925
8051	0.35610631
8052	0.36720067
8053	0.37894914
8054	0.39085966
8055	0.40251562
8056	0.41572273
8057	0.43048179
8058	0.44383755
8059	0.45880789
8060	0.47574171
8061	0.49199826
8062	0.50838333
8063	0.52533603
8064	0.54407531
8065	0.56237513
8066	0.58089054
8067	0.59941787
8068	0.61781013
8069	0.63598192
8070	0.65253806
8071	0.66970766
8072	0.68612403
8073	0.70186949
8074	0.71455610
8075	0.72712803
8076	0.73751777
8077	0.74574608
8078	0.75189197
8079	0.75611430
8080	0.75771618
8081	0.75720423
8082	0.75441259
8083	0.74977160
8084	0.74288154
8085	0.73484731
8086	0.72431606
8087	0.71181393
8088	0.69898868
8089	0.68551856
8090	0.66780376
8091	0.64954370
8092	0.63098174
8093	0.61573440
8094	0.60180342
8095	0.58872247
8096	0.57496518
8097	0.55989742
8098	0.54408979
8099	0.52749264
8100	0.51108003
8101	0.49403498
8102	0.47993594
8103	0.45769382
8104	0.44065496
8105	0.42200312
8106	0.40307397
8107	0.38523325
8108	0.36746052
8109	0.34980574
8110	0.33275241
8111	0.31543449
8112	0.29815209
8113	0.28111577
8114	0.26462138
8115	0.24802002
8116	0.23135045
8117	0.21533844
8118	0.19954963
8119	0.18432069
8120	0.16936962
8121	0.15494972
8122	0.14107166
8123	0.12775353
8124	0.11504420
8125	0.10357270
8126	0.09213144
8127	0.08187963
8128	0.07174128
8129	0.06303164
8130	0.05528500
8131	0.04843665
8132	0.04265252
8133	0.03746977
8134	0.03177910
8135	0.02683877
8136	0.02244396
8137	0.01864117
8138	0.01425680
8139	0.00925164
8140	0.00399727
8141	-0.00181314
8142	-0.00515950
8143	-0.00746723
8144	-0.00880662
8145	-0.00878001
8146	-0.00750609
8147	-0.00477138
8148	-0.00082544
8149	0.00427935
8150	0.01040635
8151	0.01723872
8152	0.02491291
8153	0.03303868
8154	0.04173585
8155	0.05086390
8156	0.06075332
8157	0.07118159
8158	0.08213117
8159	0.09367964
8160	0.10562311
8161	0.11780723
8162	0.13018823
8163	0.14264444
8164	0.15495390
8165	0.16755530
8166	0.18016309
8167	0.19238837
8168	0.20429689
8169	0.21591036
8170	0.22711571
8171	0.23801804
8172	0.24872600
8173	0.25921467
8174	0.26965976
8175	0.27994466
8176	0.29040381
8177	0.30076286
8178	0.31111968
8179	0.32138470
8180	0.33200401
8181	0.34286079
8182	0.35408434
8183	0.36557856
8184	0.37755722
8185	0.39043269
8186	0.40279707
8187	0.41677591
8188	0.43103188
8189	0.44592106
8190	0.46029523
8191	0.47733894
8192	0.49486077
8193	0.51238459
8194	0.52955347
8195	0.54890227
8196	0.56782728
8197	0.58727825
8198	0.60671532
8199	0.62552845
8200	0.64431250
8201	0.66224927
8202	0.68027216
8203	0.69774830
8204	0.71240699
8205	0.72685182
8206	0.73961729
8207	0.75065368
8208	0.75915992
8209	0.76534384
8210	0.76918340
8211	0.77064139
8212	0.76994777
8213	0.76694900
8214	0.76215667
8215	0.75581706
8216	0.74720889
8217	0.73774749
8218	0.72572333
8219	0.71300077
8220	0.69901085
8221	0.68415058
8222	0.66800743
8223	0.65009820
8224	0.63321894
8225	0.61758673
8226	0.60406375
8227	0.59105384
8228	0.57744813
8229	0.56288755
8230	0.54648137
8231	0.52978003
8232	0.51279372
8233	0.49522302
8234	0.47796005
8235	0.45990613
8236	0.44141516
8237	0.42250916
8238	0.40455323
8239	0.38675618
8240	0.36907014
8241	0.35147238
8242	0.33457893
8243	0.31727606
8244	0.29993311
8245	0.28304943
8246	0.26613808
8247	0.24968888
8248	0.23345987
8249	0.21759224
8250	0.20153537
8251	0.18649815
8252	0.17202440
8253	0.15798891
8254	0.14443597
8255	0.13167733
8256	0.11947944
8257	0.10860055
8258	0.09797923
8259	0.08827445
8260	0.07959498
8261	0.07189695
8262	0.06545221
8263	0.05992565
8264	0.05410265
8265	0.04920084
8266	0.04458973
8267	0.04037520
8268	0.03683539
8269	0.03394400
8270	0.02982948
8271	0.02576887
8272	0.02147586
8273	0.01855048
8274	0.01714108
8275	0.01615562
8276	0.01674319
8277	0.01872354
8278	0.02202759
8279	0.02651791
8280	0.03215733
8281	0.03890784
8282	0.04639141
8283	0.05468677
8284	0.06365255
8285	0.07326645
8286	0.08331492
8287	0.09388040
8288	0.10492783
8289	0.11646224
8290	0.12846839
8291	0.14080727
8292	0.15338807
8293	0.16596217
8294	0.17853686
8295	0.19088916
8296	0.20352760
8297	0.21612038
8298	0.22830820
8299	0.24023159
8300	0.25180766
8301	0.26310608
8302	0.27411065
8303	0.28494552
8304	0.29559433
8305	0.30613902
8306	0.31655899
8307	0.32687914
8308	0.33711314
8309	0.34732893
8310	0.35782385
8311	0.36799252
8312	0.37870809
8313	0.38962355
8314	0.40105417
8315	0.41343445
8316	0.42547169
8317	0.43854383
8318	0.45136264
8319	0.46449816
8320	0.48019424
8321	0.49306747
8322	0.51101696
8323	0.52741551
8324	0.54518378
8325	0.56186759
8326	0.58120710
8327	0.59989738
8328	0.61899680
8329	0.63814944
8330	0.65731698
8331	0.67621678
8332	0.69446737
8333	0.71160984
8334	0.72775900
8335	0.74341005
8336	0.75759786
8337	0.76981157
8338	0.78058952
8339	0.78881556
8340	0.79480052
8341	0.79847622
8342	0.79983401
8343	0.79901820
8344	0.79621530
8345	0.79088384
8346	0.78442454
8347	0.77596217
8348	0.76514798
8349	0.75394648
8350	0.74033272
8351	0.72688520
8352	0.71134502
8353	0.69405204
8354	0.67863142
8355	0.66034061
8356	0.64461678
8357	0.63049394
8358	0.61658144
8359	0.60208261
8360	0.58648229
8361	0.57018209
8362	0.55361056
8363	0.53665578
8364	0.51927948
8365	0.50211823
8366	0.48406577
8367	0.46965739
8368	0.44804609
8369	0.42789203
8370	0.41059181
8371	0.39317650
8372	0.37539047
8373	0.35778147
8374	0.34063452
8375	0.32363904
8376	0.30624604
8377	0.28863218
8378	0.27174860
8379	0.25521010
8380	0.23854497
8381	0.22297610
8382	0.20781004
8383	0.19307689
8384	0.17867526
8385	0.16511019
8386	0.15225375
8387	0.14009668
8388	0.12928519
8389	0.11873345
8390	0.10919323
8391	0.10059409
8392	0.09300832
8393	0.08616331
8394	0.08031520
8395	0.07443471
8396	0.06892467
8397	0.06376098
8398	0.05910814
8399	0.05500605
8400	0.05059462
8401	0.04628929
8402	0.04095266
8403	0.03650235
8404	0.03324037
8405	0.02918383
8406	0.02821827
8407	0.02840896
8408	0.02990392
8409	0.03253634
8410	0.03633177
8411	0.04121735
8412	0.04692986
8413	0.05338479
8414	0.06050594
8415	0.06823868
8416	0.07650746
8417	0.08528872
8418	0.09450439
8419	0.10420835
8420	0.11437139
8421	0.12496556
8422	0.13602348
8423	0.14730038
8424	0.15880631
8425	0.17031617
8426	0.18187241
8427	0.19344418
8428	0.20490587
8429	0.21654832
8430	0.22781056
8431	0.23879054
8432	0.24946763
8433	0.25983581
8434	0.27000320
8435	0.27992418
8436	0.28964531
8437	0.29927239
8438	0.30872580
8439	0.31822884
8440	0.32751146
8441	0.33675984
8442	0.34600541
8443	0.35513157
8444	0.36472309
8445	0.37448448
8446	0.38468322
8447	0.39521462
8448	0.40603843
8449	0.41788796
8450	0.43028757
8451	0.44188324
8452	0.45638663
8453	0.47051167
8454	0.48502988
8455	0.50090331
8456	0.51707703
8457	0.53335327
8458	0.55028814
8459	0.56825405
8460	0.58781016
8461	0.60668349
8462	0.62561125
8463	0.64447629
8464	0.66271782
8465	0.68010205
8466	0.69802624
8467	0.71322894
8468	0.72892725
8469	0.74225879
8470	0.75463212
8471	0.76462877
8472	0.77234888
8473	0.77780420
8474	0.78096485
8475	0.78182042
8476	0.78041762
8477	0.77692527
8478	0.77149338
8479	0.76348275
8480	0.75423121
8481	0.74286485
8482	0.72947282
8483	0.71450007
8484	0.69658667
8485	0.67894214
8486	0.66113698
8487	0.64557457
8488	0.63150555
8489	0.61799377
8490	0.60417199
8491	0.58933508
8492	0.57337493
8493	0.55704588
8494	0.54015487
8495	0.52249396
8496	0.50526905
8497	0.48766613
8498	0.47337228
8499	0.45076510
8500	0.43288147
8501	0.41504401
8502	0.39731175
8503	0.37962532
8504	0.36251038
8505	0.34507406
8506	0.32759631
8507	0.31039715
8508	0.29357776
8509	0.27685624
8510	0.26042944
8511	0.24432784
8512	0.22801948
8513	0.21280888
8514	0.19796874
8515	0.18360735
8516	0.16980661
8517	0.15642394
8518	0.14392328
8519	0.13267551
8520	0.12164183
8521	0.11151973
8522	0.10240590
8523	0.09434705
8524	0.08821432
8525	0.08181313
8526	0.07565712
8527	0.07033304
8528	0.06530319
8529	0.06078237
8530	0.05692016
8531	0.05393456
8532	0.04939319
8533	0.04525426
8534	0.04010319
8535	0.03511221
8536	0.03233789
8537	0.03043853
8538	0.02984546
8539	0.03067726
8540	0.03273859
8541	0.03633964
8542	0.04126555
8543	0.04753052
8544	0.05459050
8545	0.06208488
8546	0.07030436
8547	0.07900956
8548	0.08820282
8549	0.09803594
8550	0.10824490
8551	0.11898601
8552	0.13025483
8553	0.14188740
8554	0.15384924
8555	0.16598195
8556	0.17813048
8557	0.19031735
8558	0.20248626
8559	0.21474186
8560	0.22673351
8561	0.23847076
8562	0.24991317
8563	0.26113743
8564	0.27200726
8565	0.28261116
8566	0.29299077
8567	0.30314374
8568	0.31315142
8569	0.32309183
8570	0.33284804
8571	0.34257448
8572	0.35228419
8573	0.36249545
8574	0.37206760
8575	0.38261676
8576	0.39322725
8577	0.40524197
8578	0.41676375
8579	0.42875817
8580	0.43598422
8581	0.45289093
8582	0.46563864
8583	0.47984588
8584	0.49590367
8585	0.51127076
8586	0.52763593
8587	0.54418612
8588	0.56229019
8589	0.58010966
8590	0.59799093
8591	0.61796671
8592	0.63681483
8593	0.65568250
8594	0.67447323
8595	0.69301897
8596	0.71059823
8597	0.72664261
8598	0.74299628
8599	0.75664073
8600	0.76980102
8601	0.78156579
8602	0.79068059
8603	0.79795504
8604	0.80297595
8605	0.80571669
8606	0.80669004
8607	0.80512691
8608	0.80126715
8609	0.79601854
8610	0.78897029
8611	0.77988112
8612	0.76894897
8613	0.75782150
8614	0.74424350
8615	0.73020470
8616	0.71368933
8617	0.69591439
8618	0.67864966
8619	0.66324997
8620	0.64938980
8621	0.63652325
8622	0.62311423
8623	0.60784763
8624	0.59049851
8625	0.57371706
8626	0.55635613
8627	0.53917021
8628	0.52170110
8629	0.50387412
8630	0.48601922
8631	0.46777940
8632	0.44977242
8633	0.43202150
8634	0.41435486
8635	0.39682898
8636	0.37972820
8637	0.36230549
8638	0.34491587
8639	0.32774818
8640	0.31113201
8641	0.29459774
8642	0.27786067
8643	0.26197568
8644	0.24640536
8645	0.23114988
8646	0.21625473
8647	0.20212641
8648	0.18853965
8649	0.17552719
8650	0.16315085
8651	0.15203843
8652	0.14089851
8653	0.13064007
8654	0.12122740
8655	0.11274520
8656	0.10518831
8657	0.09933976
8658	0.09278244
8659	0.08733951
8660	0.08229696
8661	0.07771948
8662	0.07380088
8663	0.07043074
8664	0.06712397
8665	0.06267830
8666	0.05723462
8667	0.05337589
8668	0.04988437
8669	0.04746238
8670	0.04664334
8671	0.04701360
8672	0.04870841
8673	0.05170330
8674	0.05566169
8675	0.06078855
8676	0.06657681
8677	0.07337693
8678	0.08062480
8679	0.08908344
8680	0.09776928
8681	0.10703244
8682	0.11682514
8683	0.12722583
8684	0.13817173
8685	0.14962037
8686	0.16135609
8687	0.17325224
8688	0.18521351
8689	0.19720663
8690	0.20921953
8691	0.22108980
8692	0.23310673
8693	0.24470797
8694	0.25597304
8695	0.26698044
8696	0.27765521
8697	0.28808612
8698	0.29831567
8699	0.30833352
8700	0.31820065
8701	0.32781520
8702	0.33738187
8703	0.34681398
8704	0.35627392
8705	0.36579910
8706	0.37537873
8707	0.38558292
8708	0.39576036
8709	0.40616950
8710	0.41665128
8711	0.42808568
8712	0.43975049
8713	0.45106304
8714	0.46390972
8715	0.47846571
8716	0.49263149
8717	0.50634050
8718	0.52250701
8719	0.53892004
8720	0.55536884
8721	0.57221752
8722	0.58857429
8723	0.60719091
8724	0.62510258
8725	0.64303267
8726	0.66077787
8727	0.67842883
8728	0.69541067
8729	0.71113724
8730	0.72562265
8731	0.74008638
8732	0.75325513
8733	0.76517242
8734	0.77466816
8735	0.78267050
8736	0.78822964
8737	0.79176468
8738	0.79310805
8739	0.79236192
8740	0.78965092
8741	0.78505725
8742	0.77858675
8743	0.77109694
8744	0.76141191
8745	0.75100428
8746	0.73891884
8747	0.72556144
8748	0.70983702
8749	0.69410580
8750	0.67688060
8751	0.65939903
8752	0.64361465
8753	0.62955135
8754	0.61632830
8755	0.60231358
8756	0.58740342
8757	0.57141066
8758	0.55477518
8759	0.53777421
8760	0.52040547
8761	0.50265610
8762	0.48389304
8763	0.46674773
8764	0.44703415
8765	0.42874438
8766	0.41078171
8767	0.39294127
8768	0.37578538
8769	0.35817537
8770	0.34072560
8771	0.32335460
8772	0.30629081
8773	0.28931868
8774	0.27268231
8775	0.25638327
8776	0.24005872
8777	0.22441582
8778	0.20938647
8779	0.19486630
8780	0.18097584
8781	0.16754435
8782	0.15490407
8783	0.14298479
8784	0.13229506
8785	0.12188853
8786	0.11230723
8787	0.10368543
8788	0.09592471
8789	0.08935979
8790	0.08347607
8791	0.07696974
8792	0.07171488
8793	0.06580145
8794	0.06077913
8795	0.05610461
8796	0.05138725
8797	0.04551204
8798	0.03893941
8799	0.03383021
8800	0.02898615
8801	0.02390040
8802	0.02232353
8803	0.02137785
8804	0.02179604
8805	0.02352561
8806	0.02668574
8807	0.03105850
8808	0.03643052
8809	0.04283755
8810	0.04994738
8811	0.05774682
8812	0.06601828
8813	0.07483886
8814	0.08404788
8815	0.09368835
8816	0.10385437
8817	0.11438078
8818	0.12535088
8819	0.13669352
8820	0.14810167
8821	0.15959969
8822	0.17113540
8823	0.18268368
8824	0.19445635
8825	0.20610696
8826	0.21754640
8827	0.22879083
8828	0.23971911
8829	0.25037894
8830	0.26071408
8831	0.27087516
8832	0.28085387
8833	0.29062235
8834	0.30024388
8835	0.30964258
8836	0.31897020
8837	0.32852459
8838	0.33773884
8839	0.34738564
8840	0.35731822
8841	0.36764723
8842	0.37836984
8843	0.38948464
8844	0.40140119
8845	0.41402060
8846	0.42573404
8847	0.43923372
8848	0.45450059
8849	0.46812490
8850	0.48448250
8851	0.50057548
8852	0.51764059
8853	0.53403145
8854	0.55258602
8855	0.57084519
8856	0.58929408
8857	0.60797930
8858	0.62655485
8859	0.64497191
8860	0.66294128
8861	0.68058324
8862	0.69673526
8863	0.71140069
8864	0.72603446
8865	0.73948640
8866	0.75073242
8867	0.76058400
8868	0.76796800
8869	0.77342606
8870	0.77693385
8871	0.77807689
8872	0.77723181
8873	0.77448857
8874	0.77007800
8875	0.76400703
8876	0.75649267
8877	0.74676865
8878	0.73655379
8879	0.72482574
8880	0.71110785
8881	0.69706136
8882	0.68076980
8883	0.66359246
8884	0.64577830
8885	0.63282752
8886	0.61844146
8887	0.60568476
8888	0.58955097
8889	0.57445985
8890	0.55792189
8891	0.54106539
8892	0.52398723
8893	0.50601959
8894	0.48835477
8895	0.47046715
8896	0.45253155
8897	0.43367434
8898	0.41562361
8899	0.39774767
8900	0.37996006
8901	0.36243930
8902	0.34498399
8903	0.32740849
8904	0.30982316
8905	0.29226932
8906	0.27503645
8907	0.25784066
8908	0.24090494
8909	0.22445473
8910	0.20782010
8911	0.19186367
8912	0.17654623
8913	0.16174413
8914	0.14748323
8915	0.13388564
8916	0.12073309
8917	0.10837137
8918	0.09674904
8919	0.08680905
8920	0.07680693
8921	0.06747276
8922	0.05942981
8923	0.05219184
8924	0.04584501
8925	0.03948459
8926	0.03391976
8927	0.02758950
8928	0.02258772
8929	0.01714078
8930	0.01160339
8931	0.00568396
8932	0.00023173
8933	-0.00572922
8934	-0.00990768
8935	-0.01464214
8936	-0.01608060
8937	-0.01672710
8938	-0.01615632
8939	-0.01421779
8940	-0.01117649
8941	-0.00688082
8942	-0.00161537
8943	0.00467131
8944	0.01154691
8945	0.01897184
8946	0.02725569
8947	0.03584196
8948	0.04514897
8949	0.05482002
8950	0.06497217
8951	0.07560603
8952	0.08667300
8953	0.09810707
8954	0.10969107
8955	0.12133251
8956	0.13298868
8957	0.14490299
8958	0.15644731
8959	0.16806675
8960	0.17937739
8961	0.19037487
8962	0.20100726
8963	0.21123736
8964	0.22102939
8965	0.23073758
8966	0.24022111
8967	0.24950212
8968	0.25860274
8969	0.26754761
8970	0.27670184
8971	0.28567022
8972	0.29465455
8973	0.30380970
8974	0.31317800
8975	0.32256213
8976	0.33245739
8977	0.34278527
8978	0.35380119
8979	0.36510766
8980	0.37646073
8981	0.38933069
8982	0.39814329
8983	0.41634369
8984	0.42973837
8985	0.44452617
8986	0.46160218
8987	0.47562870
8988	0.49318975
8989	0.51092786
8990	0.52965516
8991	0.54684919
8992	0.56616265
8993	0.58428979
8994	0.60232371
8995	0.61963242
8996	0.63452601
8997	0.65068424
8998	0.66595650
8999	0.68077046
9000	0.69292474
9001	0.70296639
9002	0.71136963
9003	0.71764845
9004	0.72170335
9005	0.72369748
9006	0.72335714
9007	0.72083169
9008	0.71634859
9009	0.70976955
9010	0.70225090
9011	0.69226515
9012	0.68119943
9013	0.66847676
9014	0.65451008
9015	0.63953972
9016	0.62140077
9017	0.60329175
9018	0.58629519
9019	0.57124591
9020	0.55769187
9021	0.54441428
9022	0.53032255
9023	0.51490730
9024	0.49890193
9025	0.48232570
9026	0.46880811
9027	0.44793922
9028	0.42936668
9029	0.41127595
9030	0.39177722
9031	0.37439284
9032	0.35563239
9033	0.33765417
9034	0.31972611
9035	0.30221134
9036	0.28518653
9037	0.26769981
9038	0.25027710
9039	0.23312435
9040	0.21598452
9041	0.19913900
9042	0.18267651
9043	0.16657694
9044	0.15030093
9045	0.13507426
9046	0.12012966
9047	0.10597502
9048	0.09265741
9049	0.07958498
9050	0.06748307
9051	0.05622427
9052	0.04667939
9053	0.03720720
9054	0.02852395
9055	0.02119605
9056	0.01496051
9057	0.00879010
9058	0.00295453
9059	-0.00277203
9060	-0.00823108
9061	-0.01335755
9062	-0.01846962
9063	-0.02448807
9064	-0.03077446
9065	-0.03683878
9066	-0.04157766
9067	-0.04624123
9068	-0.04971378
9069	-0.05079801
9070	-0.05076542
9071	-0.04944031
9072	-0.04671328
9073	-0.04291017
9074	-0.03791960
9075	-0.03186164
9076	-0.02512074
9077	-0.01779679
9078	-0.00964166
9079	-0.00108692
9080	0.00800155
9081	0.01758954
9082	0.02767906
9083	0.03830152
9084	0.04937300
9085	0.06087317
9086	0.07267406
9087	0.08465271
9088	0.09665376
9089	0.10861173
9090	0.12064968
9091	0.13284531
9092	0.14453968
9093	0.15604410
9094	0.16718887
9095	0.17778359
9096	0.18818803
9097	0.19829434
9098	0.20813332
9099	0.21781476
9100	0.22735526
9101	0.23669595
9102	0.24591267
9103	0.25508946
9104	0.26424339
9105	0.27374995
9106	0.28295404
9107	0.29246393
9108	0.30230558
9109	0.31241924
9110	0.32255137
9111	0.33449045
9112	0.34543070
9113	0.35770726
9114	0.37064698
9115	0.38515475
9116	0.39833269
9117	0.41310638
9118	0.42972559
9119	0.44439295
9120	0.46261156
9121	0.47974029
9122	0.49631298
9123	0.51535904
9124	0.53383040
9125	0.55227643
9126	0.57061666
9127	0.58842766
9128	0.60605532
9129	0.62312931
9130	0.63717103
9131	0.65227437
9132	0.66609353
9133	0.67939383
9134	0.68938029
9135	0.69781643
9136	0.70400667
9137	0.70819294
9138	0.70991355
9139	0.70955211
9140	0.70729595
9141	0.70285118
9142	0.69701791
9143	0.68991780
9144	0.68235958
9145	0.66944540
9146	0.65678072
9147	0.64319044
9148	0.62752390
9149	0.60849386
9150	0.59011739
9151	0.57340962
9152	0.55872554
9153	0.54547620
9154	0.53216296
9155	0.51791012
9156	0.50279319
9157	0.48657233
9158	0.47339639
9159	0.45296466
9160	0.43498367
9161	0.41661114
9162	0.39860263
9163	0.37958562
9164	0.36149579
9165	0.34347585
9166	0.32560793
9167	0.30786496
9168	0.29077935
9169	0.27336848
9170	0.25600198
9171	0.23913091
9172	0.22269042
9173	0.20587818
9174	0.18873326
9175	0.17236362
9176	0.15635292
9177	0.14097269
9178	0.12602006
9179	0.11174342
9180	0.09816644
9181	0.08482759
9182	0.07237223
9183	0.06057542
9184	0.05018027
9185	0.04005123
9186	0.03093142
9187	0.02320736
9188	0.01666116
9189	0.00982110
9190	0.00401034
9191	-0.00098759
9192	-0.00704908
9193	-0.01174894
9194	-0.01706629
9195	-0.02184132
9196	-0.02826402
9197	-0.03418009
9198	-0.03958907
9199	-0.04386691
9200	-0.04790714
9201	-0.04890372
9202	-0.04837483
9203	-0.04774582
9204	-0.04512311
9205	-0.04111275
9206	-0.03601715
9207	-0.02972306
9208	-0.02260979
9209	-0.01473918
9210	-0.00623005
9211	0.00263144
9212	0.01217880
9213	0.02238310
9214	0.03297723
9215	0.04408385
9216	0.05564976
9217	0.06763841
9218	0.07991933
9219	0.09233616
9220	0.10464314
9221	0.11733188
9222	0.13006197
9223	0.14231704
9224	0.15404929
9225	0.16584438
9226	0.17706229
9227	0.18812010
9228	0.19903585
9229	0.20931514
9230	0.21937354
9231	0.22922440
9232	0.23887272
9233	0.24852446
9234	0.25798807
9235	0.26738951
9236	0.27680889
9237	0.28633910
9238	0.29576740
9239	0.30562559
9240	0.31161886
9241	0.32214239
9242	0.33854765
9243	0.34983701
9244	0.36092189
9245	0.37353197
9246	0.38689035
9247	0.40106082
9248	0.41067705
9249	0.43257740
9250	0.44873425
9251	0.46328306
9252	0.48011994
9253	0.49801144
9254	0.51560795
9255	0.53438139
9256	0.55696356
9257	0.57484138
9258	0.58706522
9259	0.60536939
9260	0.62318748
9261	0.64305866
9262	0.65944433
9263	0.67331499
9264	0.68559635
9265	0.69607460
9266	0.70412385
9267	0.71020883
9268	0.71401733
9269	0.71542042
9270	0.71457851
9271	0.71165478
9272	0.70717055
9273	0.70060152
9274	0.69197452
9275	0.68190432
9276	0.67025578
9277	0.65755266
9278	0.64661413
9279	0.63069522
9280	0.61274874
9281	0.59514672
9282	0.57593936
9283	0.56174678
9284	0.54832798
9285	0.53480536
9286	0.52025908
9287	0.50450885
9288	0.48810688
9289	0.47137395
9290	0.45436877
9291	0.43771940
9292	0.41914305
9293	0.40088227
9294	0.38161668
9295	0.36357898
9296	0.34555691
9297	0.32766268
9298	0.30946428
9299	0.29364687
9300	0.27578345
9301	0.25907299
9302	0.24195632
9303	0.22820505
9304	0.21132019
9305	0.19487479
9306	0.17539883
9307	0.15889937
9308	0.14331837
9309	0.12848623
9310	0.11408566
9311	0.10026077
9312	0.08742166
9313	0.07441262
9314	0.06263119
9315	0.05209418
9316	0.04236731
9317	0.03282769
9318	0.02475296
9319	0.01792403
9320	0.01169339
9321	0.00628882
9322	0.00018356
9323	-0.00483533
9324	-0.00991239
9325	-0.01484973
9326	-0.01927937
9327	-0.02501612
9328	-0.03136619
9329	-0.03623914
9330	-0.04221330
9331	-0.04459566
9332	-0.04624248
9333	-0.04648563
9334	-0.04533672
9335	-0.04307362
9336	-0.03931817
9337	-0.03454236
9338	-0.02871759
9339	-0.02202725
9340	-0.01469270
9341	-0.00613678
9342	0.00273802
9343	0.01210457
9344	0.02236595
9345	0.03309404
9346	0.04420732
9347	0.05628881
9348	0.06858150
9349	0.08122376
9350	0.09385548
9351	0.10684145
9352	0.11931086
9353	0.13197155
9354	0.14433576
9355	0.15660365
9356	0.16855018
9357	0.17986965
9358	0.19144242
9359	0.20235102
9360	0.21294411
9361	0.22310032
9362	0.23325230
9363	0.24313220
9364	0.25282639
9365	0.26234776
9366	0.27177605
9367	0.28140533
9368	0.29097059
9369	0.30055463
9370	0.31012952
9371	0.31655753
9372	0.32697329
9373	0.34178430
9374	0.35320744
9375	0.36555541
9376	0.37256426
9377	0.38679075
9378	0.40524507
9379	0.41913638
9380	0.43371296
9381	0.44944134
9382	0.46537933
9383	0.48263183
9384	0.49918437
9385	0.51756406
9386	0.53713459
9387	0.55945742
9388	0.57819194
9389	0.59712523
9390	0.61573249
9391	0.63157445
9392	0.64893496
9393	0.66655791
9394	0.68175292
9395	0.69546813
9396	0.70714039
9397	0.71747297
9398	0.72508836
9399	0.73061228
9400	0.73391229
9401	0.73471040
9402	0.73344463
9403	0.73011369
9404	0.72480482
9405	0.71716428
9406	0.70798218
9407	0.69703710
9408	0.68444598
9409	0.67133999
9410	0.65534091
9411	0.63680708
9412	0.61956227
9413	0.60315806
9414	0.58922708
9415	0.57596928
9416	0.56244385
9417	0.54769194
9418	0.53146058
9419	0.51493603
9420	0.49807298
9421	0.48150098
9422	0.46353400
9423	0.44563532
9424	0.42618400
9425	0.40791857
9426	0.38982373
9427	0.37185511
9428	0.35402948
9429	0.33678088
9430	0.31921473
9431	0.30194256
9432	0.28432602
9433	0.26735196
9434	0.25098863
9435	0.23448506
9436	0.21809477
9437	0.20106430
9438	0.18558666
9439	0.17045979
9440	0.15585425
9441	0.14177293
9442	0.12819648
9443	0.11533938
9444	0.10314786
9445	0.09229380
9446	0.08218039
9447	0.07208057
9448	0.06349728
9449	0.05623208
9450	0.04954679
9451	0.04401430
9452	0.03797792
9453	0.03267896
9454	0.02766386
9455	0.02308669
9456	0.01891135
9457	0.01420009
9458	0.00930428
9459	0.00347865
9460	-0.00142353
9461	-0.00584486
9462	-0.00804738
9463	-0.00899067
9464	-0.00849529
9465	-0.00674892
9466	-0.00367277
9467	0.00073038
9468	0.00609545
9469	0.01242557
9470	0.01950659
9471	0.02713445
9472	0.03588521
9473	0.04492812
9474	0.05453613
9475	0.06451144
9476	0.07538633
9477	0.08664687
9478	0.09838835
9479	0.11051397
9480	0.12286620
9481	0.13530433
9482	0.14773980
9483	0.16003521
9484	0.17255712
9485	0.18479361
9486	0.19682150
9487	0.20851375
9488	0.21988630
9489	0.23093715
9490	0.24172650
9491	0.25235194
9492	0.26282024
9493	0.27315694
9494	0.28346986
9495	0.29373127
9496	0.30393791
9497	0.31426606
9498	0.32272312
9499	0.33289766
9500	0.34328380
9501	0.35396269
9502	0.36493060
9503	0.37516057
9504	0.39209476
9505	0.40495560
9506	0.41752857
9507	0.43169916
9508	0.44752944
9509	0.46196413
9510	0.47881630
9511	0.49553141
9512	0.51337945
9513	0.53043836
9514	0.54803842
9515	0.56701529
9516	0.58724004
9517	0.60643542
9518	0.62542063
9519	0.64432108
9520	0.66285592
9521	0.67749113
9522	0.69584739
9523	0.71228719
9524	0.72690415
9525	0.73953980
9526	0.75070709
9527	0.76006067
9528	0.76682436
9529	0.77127808
9530	0.77368546
9531	0.77412009
9532	0.77223247
9533	0.76874709
9534	0.76301658
9535	0.75656492
9536	0.74770111
9537	0.73799664
9538	0.72720039
9539	0.71504986
9540	0.70210189
9541	0.68839365
9542	0.67390931
9543	0.65683424
9544	0.63911498
9545	0.62165213
9546	0.60659981
9547	0.59279042
9548	0.57894063
9549	0.56407034
9550	0.54837024
9551	0.53185773
9552	0.51498365
9553	0.49821001
9554	0.48211825
9555	0.46268564
9556	0.44463697
9557	0.42504859
9558	0.40703449
9559	0.38908333
9560	0.37175217
9561	0.35414866
9562	0.33664092
9563	0.31966504
9564	0.30260062
9565	0.28524017
9566	0.26817265
9567	0.25138596
9568	0.23503044
9569	0.21761610
9570	0.20261265
9571	0.18753169
9572	0.17286494
9573	0.15873675
9574	0.14505172
9575	0.13239093
9576	0.12042999
9577	0.10976075
9578	0.09944446
9579	0.09004176
9580	0.08174106
9581	0.07454272
9582	0.06777095
9583	0.06150172
9584	0.05608509
9585	0.04977655
9586	0.04435461
9587	0.03944411
9588	0.03495745
9589	0.02883504
9590	0.02291166
9591	0.01718800
9592	0.01213091
9593	0.00727664
9594	0.00501467
9595	0.00365881
9596	0.00373036
9597	0.00515316
9598	0.00776844
9599	0.01170100
9600	0.01671054
9601	0.02256526
9602	0.02915080
9603	0.03627066
9604	0.04402516
9605	0.05227197
9606	0.06099489
9607	0.07028607
9608	0.08015003
9609	0.09056123
9610	0.10140812
9611	0.11274344
9612	0.12438655
9613	0.13610221
9614	0.14795403
9615	0.15973665
9616	0.17146562
9617	0.18311980
9618	0.19465341
9619	0.20594278
9620	0.21692359
9621	0.22714655
9622	0.23778012
9623	0.24828413
9624	0.25818563
9625	0.26791579
9626	0.27752686
9627	0.28718811
9628	0.29667625
9629	0.30612746
9630	0.31537557
9631	0.32496831
9632	0.33482704
9633	0.34489948
9634	0.35538706
9635	0.36617455
9636	0.37730390
9637	0.38971069
9638	0.40182814
9639	0.41369131
9640	0.42848384
9641	0.44262767
9642	0.45518187
9643	0.47142717
9644	0.48896235
9645	0.50450838
9646	0.52100390
9647	0.53717381
9648	0.55821294
9649	0.57481563
9650	0.59376812
9651	0.60936689
9652	0.62724364
9653	0.64407659
9654	0.66002816
9655	0.67551434
9656	0.68838876
9657	0.70064771
9658	0.71080780
9659	0.71930164
9660	0.72580123
9661	0.73002243
9662	0.73212630
9663	0.73257381
9664	0.73044056
9665	0.72684443
9666	0.72100258
9667	0.71406353
9668	0.70502752
9669	0.69508582
9670	0.68388456
9671	0.67182213
9672	0.65916449
9673	0.64827657
9674	0.63367105
9675	0.61407816
9676	0.59925950
9677	0.57897526
9678	0.56297857
9679	0.54859483
9680	0.53486741
9681	0.52065897
9682	0.50555366
9683	0.48945141
9684	0.47277468
9685	0.45574549
9686	0.43930525
9687	0.42073882
9688	0.40136263
9689	0.38321704
9690	0.36535364
9691	0.34724590
9692	0.32928699
9693	0.31151238
9694	0.29463556
9695	0.27710301
9696	0.25961787
9697	0.24226747
9698	0.22518688
9699	0.20818402
9700	0.19151095
9701	0.17534176
9702	0.15902886
9703	0.14339237
9704	0.12867156
9705	0.11444323
9706	0.10084882
9707	0.08784425
9708	0.07539898
9709	0.06397770
9710	0.05388061
9711	0.04463663
9712	0.03571120
9713	0.02856623
9714	0.02209246
9715	0.01681554
9716	0.01112764
9717	0.00687297
9718	0.00203175
9719	-0.00130181
9720	-0.00468987
9721	-0.00710693
9722	-0.01114151
9723	-0.01440258
9724	-0.01921550
9725	-0.02139248
9726	-0.02266705
9727	-0.02289146
9728	-0.02187350
9729	-0.01927572
9730	-0.01541014
9731	-0.01025979
9732	-0.00403561
9733	0.00313261
9734	0.01104077
9735	0.01954596
9736	0.02855978
9737	0.03798392
9738	0.04793140
9739	0.05847184
9740	0.06925806
9741	0.08041640
9742	0.09239730
9743	0.10440028
9744	0.11699912
9745	0.12910968
9746	0.14119552
9747	0.15311897
9748	0.16515200
9749	0.17680615
9750	0.18786336
9751	0.19911319
9752	0.20967317
9753	0.21985559
9754	0.22969967
9755	0.23914413
9756	0.24847436
9757	0.25756529
9758	0.26647767
9759	0.27520484
9760	0.28382969
9761	0.29242101
9762	0.30104825
9763	0.31009653
9764	0.31906971
9765	0.32806197
9766	0.33795097
9767	0.34769419
9768	0.35828757
9769	0.36918372
9770	0.38042074
9771	0.39252791
9772	0.40510845
9773	0.41810551
9774	0.43190873
9775	0.44641411
9776	0.46314031
9777	0.47926185
9778	0.49601927
9779	0.51320094
9780	0.52702713
9781	0.54641920
9782	0.56629252
9783	0.58441037
9784	0.60309547
9785	0.62078536
9786	0.63734317
9787	0.65274543
9788	0.66902465
9789	0.68355232
9790	0.69635171
9791	0.70826554
9792	0.71766359
9793	0.72532451
9794	0.73074132
9795	0.73389965
9796	0.73500329
9797	0.73383719
9798	0.73083568
9799	0.72579855
9800	0.71920723
9801	0.71048957
9802	0.69935083
9803	0.68713832
9804	0.67336965
9805	0.65749031
9806	0.64046395
9807	0.62310112
9808	0.60893190
9809	0.59122443
9810	0.57767290
9811	0.56430972
9812	0.54976600
9813	0.53408813
9814	0.51766199
9815	0.50022262
9816	0.48308975
9817	0.46524978
9818	0.44760501
9819	0.42883936
9820	0.41084766
9821	0.39284009
9822	0.37485319
9823	0.35696524
9824	0.33917055
9825	0.32196689
9826	0.30439258
9827	0.28700101
9828	0.26973426
9829	0.25292885
9830	0.23616450
9831	0.21980037
9832	0.20384376
9833	0.18798275
9834	0.17290308
9835	0.15852031
9836	0.14468722
9837	0.13132021
9838	0.11873896
9839	0.10690109
9840	0.09624270
9841	0.08591757
9842	0.07644949
9843	0.06822449
9844	0.06032079
9845	0.05388731
9846	0.04768705
9847	0.04199006
9848	0.03650820
9849	0.03189322
9850	0.02706412
9851	0.02341571
9852	0.01861365
9853	0.01293712
9854	0.00779628
9855	0.00204889
9856	-0.00111396
9857	-0.00319016
9858	-0.00424654
9859	-0.00415625
9860	-0.00266002
9861	0.00018134
9862	0.00413781
9863	0.00920068
9864	0.01507034
9865	0.02197695
9866	0.02956820
9867	0.03784160
9868	0.04664645
9869	0.05589894
9870	0.06566590
9871	0.07610451
9872	0.08692133
9873	0.09823056
9874	0.10990398
9875	0.12187000
9876	0.13387324
9877	0.14595762
9878	0.15797791
9879	0.17012119
9880	0.18206780
9881	0.19382693
9882	0.20533097
9883	0.21655470
9884	0.22746724
9885	0.23813604
9886	0.24865641
9887	0.25896177
9888	0.26906160
9889	0.27900326
9890	0.28878719
9891	0.29848981
9892	0.30814695
9893	0.31795537
9894	0.32806462
9895	0.33784914
9896	0.34829289
9897	0.35908267
9898	0.37028012
9899	0.38260621
9900	0.39502347
9901	0.40784132
9902	0.42049834
9903	0.43567714
9904	0.45047325
9905	0.46478790
9906	0.48164216
9907	0.49822408
9908	0.51555055
9909	0.53291059
9910	0.55106300
9911	0.57097453
9912	0.59002012
9913	0.60909474
9914	0.62766290
9915	0.64713490
9916	0.66578501
9917	0.68418866
9918	0.69921482
9919	0.71562052
9920	0.73054898
9921	0.74353176
9922	0.75519252
9923	0.76481932
9924	0.77238303
9925	0.77751827
9926	0.78036678
9927	0.78116673
9928	0.77945727
9929	0.77616775
9930	0.77125752
9931	0.76388079
9932	0.75547862
9933	0.74484336
9934	0.73395234
9935	0.72128141
9936	0.70775038
9937	0.69281465
9938	0.67545754
9939	0.65814728
9940	0.64161748
9941	0.62703252
9942	0.61371046
9943	0.59997773
9944	0.58524400
9945	0.56919521
9946	0.55254346
9947	0.53555375
9948	0.51836085
9949	0.50032556
9950	0.48370215
9951	0.46510980
9952	0.44607782
9953	0.42811638
9954	0.41039747
9955	0.39274642
9956	0.37592328
9957	0.35812396
9958	0.34072462
9959	0.32334960
9960	0.30598545
9961	0.28904796
9962	0.27211660
9963	0.25556776
9964	0.23925224
9965	0.22286679
9966	0.20717521
9967	0.19209458
9968	0.17745261
9969	0.16339207
9970	0.14967752
9971	0.13678946
9972	0.12456614
9973	0.11357448
9974	0.10278158
9975	0.09298152
9976	0.08403230
9977	0.07609395
9978	0.06926347
9979	0.06291979
9980	0.05698672
9981	0.05137156
9982	0.04607546
9983	0.04113006
9984	0.03661311
9985	0.03167589
9986	0.02681036
9987	0.02084033
9988	0.01639153
9989	0.01100063
9990	0.00875917
9991	0.00710102
9992	0.00705780
9993	0.00818159
9994	0.01046635
9995	0.01405189
9996	0.01869165
9997	0.02423309
9998	0.03062444
9999	0.03774432
10000	0.04553775
10001	0.05379114
10002	0.06267799
10003	0.07216961
10004	0.08199458
10005	0.09234034
10006	0.10319304
10007	0.11449464
10008	0.12609638
10009	0.13789292
10010	0.14971566
10011	0.16150369
10012	0.17326103
10013	0.18509588
10014	0.19667676
10015	0.20804162
10016	0.21910368
10017	0.22987942
10018	0.24034518
10019	0.25056288
10020	0.26052314
10021	0.27031597
10022	0.27996466
10023	0.28944167
10024	0.29884389
10025	0.30830240
10026	0.31768855
10027	0.32706523
10028	0.33644065
10029	0.34622118
10030	0.35629219
10031	0.36674565
10032	0.37763005
10033	0.38938591
10034	0.40069285
10035	0.41362500
10036	0.42572996
10037	0.44056445
10038	0.45378345
10039	0.46860409
10040	0.48357806
10041	0.49861994
10042	0.51838750
10043	0.53649175
10044	0.55433959
10045	0.57260978
10046	0.59112960
10047	0.60923225
10048	0.62780201
10049	0.64514989
10050	0.66201264
10051	0.67962062
10052	0.69422621
10053	0.70874691
10054	0.72177845
10055	0.73284584
10056	0.74249190
10057	0.74970293
10058	0.75475883
10059	0.75756878
10060	0.75839990
10061	0.75677913
10062	0.75374204
10063	0.74868548
10064	0.74176890
10065	0.73337698
10066	0.72354138
10067	0.71137518
10068	0.69963127
10069	0.68637377
10070	0.67202282
10071	0.65793633
10072	0.64094877
10073	0.62350917
10074	0.60644162
10075	0.59016442
10076	0.57621336
10077	0.56280488
10078	0.54860878
10079	0.53329289
10080	0.51716995
10081	0.50031573
10082	0.48328361
10083	0.46594229
10084	0.44842649
10085	0.42911121
10086	0.41098017
10087	0.39296108
10088	0.37502316
10089	0.35710523
10090	0.33973214
10091	0.32201937
10092	0.30444303
10093	0.28747445
10094	0.26993489
10095	0.25269315
10096	0.23568900
10097	0.21896604
10098	0.20255274
10099	0.18634842
10100	0.17037280
10101	0.15523863
10102	0.14064406
10103	0.12657364
10104	0.11314373
10105	0.10016101
10106	0.08814784
10107	0.07785273
10108	0.06705176
10109	0.05806409
10110	0.04938627
10111	0.04231207
10112	0.03549073
10113	0.03034611
10114	0.02415618
10115	0.01923433
10116	0.01366147
10117	0.00901912
10118	0.00477975
10119	0.00041993
10120	-0.00449680
10121	-0.00989845
10122	-0.01492246
10123	-0.01759023
10124	-0.01891594
10125	-0.01903209
10126	-0.01760523
10127	-0.01505333
10128	-0.01124722
10129	-0.00626949
10130	-0.00017198
10131	0.00675922
10132	0.01446477
10133	0.02279736
10134	0.03165855
10135	0.04122072
10136	0.05153801
10137	0.06234122
10138	0.07364705
10139	0.08540639
10140	0.09749962
10141	0.10974541
10142	0.12199446
10143	0.13429165
10144	0.14648795
10145	0.15893830
10146	0.17104517
10147	0.18296316
10148	0.19468285
10149	0.20615858
10150	0.21733357
10151	0.22826293
10152	0.23889723
10153	0.24926884
10154	0.25939807
10155	0.26916766
10156	0.27887663
10157	0.28846717
10158	0.29809269
10159	0.30784652
10160	0.31722599
10161	0.32702482
10162	0.33710441
10163	0.34746230
10164	0.35800925
10165	0.36970201
10166	0.38072491
10167	0.39328685
10168	0.40505987
10169	0.41951504
10170	0.43346605
10171	0.44694790
10172	0.46351522
10173	0.47702882
10174	0.49577120
10175	0.50886077
10176	0.52699906
10177	0.54402316
10178	0.56365073
10179	0.58094120
10180	0.60028863
10181	0.62045217
10182	0.63778287
10183	0.65538102
10184	0.67059940
10185	0.68600214
10186	0.70012999
10187	0.71279073
10188	0.72343963
10189	0.73231518
10190	0.73913687
10191	0.74370790
10192	0.74604827
10193	0.74609256
10194	0.74403399
10195	0.74037296
10196	0.73464715
10197	0.72686321
10198	0.71690047
10199	0.70498741
10200	0.69036657
10201	0.67475492
10202	0.65746099
10203	0.64241123
10204	0.62514061
10205	0.60962099
10206	0.59570616
10207	0.58286315
10208	0.56586683
10209	0.55041546
10210	0.53428912
10211	0.51755035
10212	0.50059193
10213	0.48296589
10214	0.46564671
10215	0.44826290
10216	0.43063435
10217	0.41122085
10218	0.39312941
10219	0.37544379
10220	0.35772449
10221	0.34014031
10222	0.32336015
10223	0.30574653
10224	0.28861478
10225	0.27122709
10226	0.25434721
10227	0.23743084
10228	0.22083801
10229	0.20462629
10230	0.18816768
10231	0.17231613
10232	0.15723529
10233	0.14268927
10234	0.12867469
10235	0.11529958
10236	0.10246553
10237	0.09045078
10238	0.07978210
10239	0.06953549
10240	0.06030963
10241	0.05218818
10242	0.04537426
10243	0.03907089
10244	0.03334912
10245	0.02782914
10246	0.02283183
10247	0.01736566
10248	0.01302449
10249	0.00853441
10250	0.00406526
10251	-0.00139740
10252	-0.00632244
10253	-0.01147193
10254	-0.01357522
10255	-0.01449919
10256	-0.01392019
10257	-0.01176036
10258	-0.00814718
10259	-0.00292709
10260	0.00339796
10261	0.01080347
10262	0.01912179
10263	0.02830761
10264	0.03795088
10265	0.04811493
10266	0.05864047
10267	0.06981851
10268	0.08176214
10269	0.09401495
10270	0.10667488
10271	0.11953765
10272	0.13253488
10273	0.14593475
10274	0.15888877
10275	0.17187479
10276	0.18483195
10277	0.19753850
10278	0.20993157
10279	0.22198650
10280	0.23371524
10281	0.24506918
10282	0.25603336
10283	0.26688418
10284	0.27755415
10285	0.28800574
10286	0.29827103
10287	0.30840221
10288	0.31871101
10289	0.32882002
10290	0.33907986
10291	0.34951091
10292	0.36025637
10293	0.37142372
10294	0.38298479
10295	0.39506301
10296	0.40761119
10297	0.42064789
10298	0.42990127
10299	0.44786802
10300	0.46298084
10301	0.47883618
10302	0.49516991
10303	0.51131809
10304	0.53187895
10305	0.55024165
10306	0.56525838
10307	0.58450645
10308	0.60635859
10309	0.62667829
10310	0.64585882
10311	0.66481340
10312	0.68320173
10313	0.69986260
10314	0.71584547
10315	0.73142165
10316	0.74618858
10317	0.75836688
10318	0.76907474
10319	0.77766615
10320	0.78406811
10321	0.78828001
10322	0.79024237
10323	0.79003203
10324	0.78760070
10325	0.78345692
10326	0.77833432
10327	0.77092063
10328	0.76199585
10329	0.75160289
10330	0.73949009
10331	0.72768629
10332	0.71365458
10333	0.69906926
10334	0.68317890
10335	0.66655552
10336	0.64963889
10337	0.63437974
10338	0.62006360
10339	0.60668653
10340	0.59297693
10341	0.57725930
10342	0.56136453
10343	0.54492003
10344	0.52775925
10345	0.51028025
10346	0.49274942
10347	0.47495961
10348	0.45630574
10349	0.43816364
10350	0.42022479
10351	0.40248010
10352	0.38501358
10353	0.36803594
10354	0.35088024
10355	0.33366477
10356	0.31646281
10357	0.29942307
10358	0.28284690
10359	0.26632684
10360	0.24972975
10361	0.23401341
10362	0.21859692
10363	0.20383023
10364	0.18924987
10365	0.17531915
10366	0.16196543
10367	0.14932913
10368	0.13787629
10369	0.12646694
10370	0.11590358
10371	0.10615090
10372	0.09738811
10373	0.08992470
10374	0.08293040
10375	0.07559406
10376	0.06986035
10377	0.06467137
10378	0.06142819
10379	0.05703665
10380	0.05310001
10381	0.04903506
10382	0.04359379
10383	0.03827342
10384	0.03358753
10385	0.02783532
10386	0.02469950
10387	0.02240752
10388	0.02153399
10389	0.02188348
10390	0.02340194
10391	0.02634726
10392	0.03034743
10393	0.03539473
10394	0.04133444
10395	0.04817111
10396	0.05569083
10397	0.06394824
10398	0.07253793
10399	0.08188558
10400	0.09193476
10401	0.10224464
10402	0.11347754
10403	0.12512590
10404	0.13722788
10405	0.14966246
10406	0.16253129
10407	0.17512457
10408	0.18764555
10409	0.20023437
10410	0.21264355
10411	0.22482787
10412	0.23674937
10413	0.24838664
10414	0.25961787
10415	0.27061751
10416	0.28136879
10417	0.29185987
10418	0.30217648
10419	0.31231841
10420	0.32232103
10421	0.33217630
10422	0.34212139
10423	0.35186058
10424	0.36169481
10425	0.37162209
10426	0.38169396
10427	0.39206171
10428	0.40232882
10429	0.41361526
10430	0.42503655
10431	0.43680856
10432	0.44830206
10433	0.46125820
10434	0.47490087
10435	0.48907137
10436	0.50392628
10437	0.51825958
10438	0.53702486
10439	0.55402130
10440	0.57140267
10441	0.58916283
10442	0.60731804
10443	0.62560099
10444	0.64396578
10445	0.66216522
10446	0.67979068
10447	0.69605130
10448	0.71225065
10449	0.72726059
10450	0.74163425
10451	0.75460380
10452	0.76626706
10453	0.77549100
10454	0.78290963
10455	0.78825158
10456	0.79135621
10457	0.79207814
10458	0.79079676
10459	0.78769046
10460	0.78254414
10461	0.77541161
10462	0.76748490
10463	0.75773835
10464	0.74689066
10465	0.73442298
10466	0.72217554
10467	0.70807749
10468	0.69350255
10469	0.67698550
10470	0.66019100
10471	0.64276916
10472	0.62724471
10473	0.61376357
10474	0.59907091
10475	0.58449644
10476	0.56904358
10477	0.55275345
10478	0.53612083
10479	0.51891398
10480	0.50091225
10481	0.48252332
10482	0.46463561
10483	0.44643381
10484	0.42841426
10485	0.41029811
10486	0.39230540
10487	0.37496677
10488	0.35729626
10489	0.33965829
10490	0.32219437
10491	0.30473775
10492	0.28761223
10493	0.27052057
10494	0.25389597
10495	0.23772819
10496	0.22185972
10497	0.20629352
10498	0.19170913
10499	0.17754699
10500	0.16411313
10501	0.15140843
10502	0.13929971
10503	0.12867264
10504	0.11838967
10505	0.10920906
10506	0.10109264
10507	0.09394678
10508	0.08846287
10509	0.08260209
10510	0.07708216
10511	0.07124343
10512	0.06658190
10513	0.06205438
10514	0.05731161
10515	0.05224935
10516	0.04750351
10517	0.04175801
10518	0.03760207
10519	0.03270629
10520	0.03127765
10521	0.03057904
10522	0.03129233
10523	0.03317172
10524	0.03657792
10525	0.04114320
10526	0.04672222
10527	0.05308028
10528	0.06021659
10529	0.06780630
10530	0.07653067
10531	0.08528022
10532	0.09460365
10533	0.10417696
10534	0.11452842
10535	0.12527169
10536	0.13645282
10537	0.14799668
10538	0.15978412
10539	0.17167746
10540	0.18350534
10541	0.19526716
10542	0.20689420
10543	0.21856552
10544	0.22988486
10545	0.24090517
10546	0.25160354
10547	0.26190773
10548	0.27198520
10549	0.28171879
10550	0.29128075
10551	0.30073178
10552	0.31009516
10553	0.31935105
10554	0.32856789
10555	0.33782664
10556	0.34712705
10557	0.35673052
10558	0.36639225
10559	0.37672928
10560	0.38684964
10561	0.39765927
10562	0.40922877
10563	0.42115140
10564	0.43254820
10565	0.44555429
10566	0.46027419
10567	0.47455734
10568	0.48836619
10569	0.50467813
10570	0.52067298
10571	0.53791600
10572	0.55456835
10573	0.57228595
10574	0.59134179
10575	0.60986125
10576	0.62845463
10577	0.64710408
10578	0.66564208
10579	0.68425083
10580	0.70119923
10581	0.71646196
10582	0.73158795
10583	0.74634957
10584	0.75868124
10585	0.76989812
10586	0.77885854
10587	0.78528035
10588	0.78976458
10589	0.79198974
10590	0.79202431
10591	0.78988749
10592	0.78621888
10593	0.78005898
10594	0.77291685
10595	0.76355791
10596	0.75262910
10597	0.73982310
10598	0.72679114
10599	0.71138954
10600	0.69450444
10601	0.67683750
10602	0.66051304
10603	0.64504081
10604	0.63111681
10605	0.61816078
10606	0.60383397
10607	0.58848006
10608	0.57191002
10609	0.55519831
10610	0.53759903
10611	0.52020645
10612	0.50253457
10613	0.48468244
10614	0.46693105
10615	0.44811603
10616	0.43018851
10617	0.41210502
10618	0.39466822
10619	0.37701371
10620	0.35988420
10621	0.34240142
10622	0.32502827
10623	0.30785704
10624	0.29077265
10625	0.27392834
10626	0.25742781
10627	0.24105877
10628	0.22497970
10629	0.20975566
10630	0.19496934
10631	0.18064785
10632	0.16669333
10633	0.15347068
10634	0.14090800
10635	0.12967114
10636	0.11860442
10637	0.10844820
10638	0.09925462
10639	0.09107402
10640	0.08376919
10641	0.07755157
10642	0.07154240
10643	0.06592178
10644	0.06062706
10645	0.05567154
10646	0.05135616
10647	0.04729898
10648	0.04319931
10649	0.03801181
10650	0.03362301
10651	0.02924616
10652	0.02713099
10653	0.02634978
10654	0.02670945
10655	0.02835877
10656	0.03129759
10657	0.03534118
10658	0.04057046
10659	0.04690930
10660	0.05402932
10661	0.06175468
10662	0.06993595
10663	0.07871564
10664	0.08797197
10665	0.09769041
10666	0.10817961
10667	0.11893930
10668	0.13021624
10669	0.14185721
10670	0.15372796
10671	0.16569375
10672	0.17762876
10673	0.18952988
10674	0.20130986
10675	0.21316913
10676	0.22469614
10677	0.23590580
10678	0.24685578
10679	0.25749084
10680	0.26794857
10681	0.27827528
10682	0.28845799
10683	0.29857770
10684	0.30861658
10685	0.31874153
10686	0.32864237
10687	0.33861503
10688	0.34866434
10689	0.35859475
10690	0.36900052
10691	0.37974331
10692	0.39126754
10693	0.40274578
10694	0.41476119
10695	0.42713657
10696	0.43947798
10697	0.45434529
10698	0.46886316
10699	0.48295546
10700	0.49956253
10701	0.51584750
10702	0.53253925
10703	0.55035698
10704	0.56818986
10705	0.58757460
10706	0.60624164
10707	0.62515324
10708	0.64393318
10709	0.66258764
10710	0.68086547
10711	0.69808686
10712	0.71387929
10713	0.72908735
10714	0.74279797
10715	0.75531524
10716	0.76626474
10717	0.77475762
10718	0.78094321
10719	0.78483403
10720	0.78667206
10721	0.78644300
10722	0.78368849
10723	0.77933693
10724	0.77315611
10725	0.76519620
10726	0.75571984
10727	0.74364167
10728	0.73141026
10729	0.71848738
10730	0.70440674
10731	0.68798393
10732	0.67124319
10733	0.65333253
10734	0.63730794
10735	0.62289393
10736	0.60940403
10737	0.59591210
10738	0.58115315
10739	0.56500030
10740	0.54824561
10741	0.53121883
10742	0.51340294
10743	0.49624529
10744	0.47912127
10745	0.46014705
10746	0.44099322
10747	0.42296806
10748	0.40517271
10749	0.38740313
10750	0.36956996
10751	0.35240209
10752	0.33480820
10753	0.31739897
10754	0.30015996
10755	0.28277445
10756	0.26574820
10757	0.24895649
10758	0.23256581
10759	0.21594569
10760	0.20035112
10761	0.18521053
10762	0.17062317
10763	0.15647499
10764	0.14304568
10765	0.12999532
10766	0.11780646
10767	0.10685905
10768	0.09620062
10769	0.08679634
10770	0.07755785
10771	0.06967250
10772	0.06257385
10773	0.05629026
10774	0.05003996
10775	0.04399493
10776	0.03838143
10777	0.03330154
10778	0.02897282
10779	0.02315063
10780	0.01753940
10781	0.01194511
10782	0.00761121
10783	0.00351191
10784	-0.00001797
10785	-0.00062518
10786	-0.00040358
10787	0.00129023
10788	0.00404715
10789	0.00794095
10790	0.01279955
10791	0.01865725
10792	0.02518529
10793	0.03243078
10794	0.04022017
10795	0.04885083
10796	0.05789823
10797	0.06757977
10798	0.07788090
10799	0.08878084
10800	0.10014928
10801	0.11200524
10802	0.12401869
10803	0.13607338
10804	0.14811967
10805	0.16002639
10806	0.17181243
10807	0.18336259
10808	0.19492117
10809	0.20601213
10810	0.21689652
10811	0.22750928
10812	0.23791362
10813	0.24819568
10814	0.25832471
10815	0.26841104
10816	0.27841809
10817	0.28837684
10818	0.29842129
10819	0.30839229
10820	0.31830183
10821	0.32815680
10822	0.33836365
10823	0.34886041
10824	0.35973978
10825	0.37096360
10826	0.38321269
10827	0.39563391
10828	0.40753260
10829	0.42108071
10830	0.43638149
10831	0.44995332
10832	0.46529242
10833	0.48204502
10834	0.49907807
10835	0.51543880
10836	0.53356045
10837	0.55144060
10838	0.56958818
10839	0.58771843
10840	0.60570604
10841	0.62316489
10842	0.63858449
10843	0.65516520
10844	0.67113006
10845	0.68595976
10846	0.70023936
10847	0.71216708
10848	0.72233713
10849	0.73043615
10850	0.73666662
10851	0.74049228
10852	0.74214238
10853	0.74177915
10854	0.73922658
10855	0.73502862
10856	0.72833121
10857	0.72082907
10858	0.71045351
10859	0.69936168
10860	0.68755388
10861	0.67441863
10862	0.65977228
10863	0.64254177
10864	0.62339783
10865	0.60602033
10866	0.59048009
10867	0.57643574
10868	0.56356865
10869	0.54967099
10870	0.53467214
10871	0.51844323
10872	0.50161457
10873	0.48483413
10874	0.47057673
10875	0.45299101
10876	0.43263319
10877	0.41309693
10878	0.39431316
10879	0.37632099
10880	0.35836118
10881	0.34052920
10882	0.32289904
10883	0.30577987
10884	0.28824586
10885	0.27080229
10886	0.25351143
10887	0.23638001
10888	0.21954840
10889	0.20315520
10890	0.18692473
10891	0.17096196
10892	0.15573645
10893	0.14098817
10894	0.12666985
10895	0.11309438
10896	0.10020250
10897	0.08794121
10898	0.07701699
10899	0.06680501
10900	0.05721499
10901	0.04822236
10902	0.04055461
10903	0.03374582
10904	0.02782157
10905	0.02200644
10906	0.01648134
10907	0.01127206
10908	0.00672501
10909	0.00285912
10910	-0.00108185
10911	-0.00534735
10912	-0.01056501
10913	-0.01399002
10914	-0.01544827
10915	-0.01746664
10916	-0.01783503
10917	-0.01675568
10918	-0.01437933
10919	-0.01057531
10920	-0.00565763
10921	0.00060505
10922	0.00779380
10923	0.01583625
10924	0.02467937
10925	0.03400939
10926	0.04372425
10927	0.05414446
10928	0.06535253
10929	0.07691105
10930	0.08889699
10931	0.10102852
10932	0.11325381
10933	0.12550111
10934	0.13784458
10935	0.15019637
10936	0.16253099
10937	0.17480707
10938	0.18679084
10939	0.19854929
10940	0.21007361
10941	0.22131141
10942	0.23229182
10943	0.24307521
10944	0.25367048
10945	0.26413628
10946	0.27444503
10947	0.28473240
10948	0.29497704
10949	0.30551034
10950	0.31572792
10951	0.32634231
10952	0.33725193
10953	0.34909391
10954	0.36046600
10955	0.37260917
10956	0.38536155
10957	0.39851409
10958	0.41151553
10959	0.42720589
10960	0.44137061
10961	0.45812163
10962	0.47509599
10963	0.49223000
10964	0.50981075
10965	0.52796471
10966	0.54634386
10967	0.56528872
10968	0.58404988
10969	0.60279197
10970	0.62113130
10971	0.63868767
10972	0.65450752
10973	0.67121226
10974	0.68622100
10975	0.70205373
10976	0.71464735
10977	0.72542441
10978	0.73393190
10979	0.74068713
10980	0.74481398
10981	0.74676245
10982	0.74652553
10983	0.74400836
10984	0.74024451
10985	0.73416531
10986	0.72641742
10987	0.71655375
10988	0.70557833
10989	0.69300282
10990	0.67939663
10991	0.66418463
10992	0.64658523
10993	0.62757838
10994	0.61043668
10995	0.59513301
10996	0.58122706
10997	0.56771040
10998	0.55347770
10999	0.53819424
11000	0.52204347
11001	0.50610852
11002	0.49138701
11003	0.47584262
11004	0.45455644
11005	0.43573669
11006	0.41782692
11007	0.39879969
11008	0.38093901
11009	0.36293536
11010	0.34520411
11011	0.32803795
11012	0.31058189
11013	0.29321763
11014	0.27600101
11015	0.25933284
11016	0.24276523
11017	0.22603513
11018	0.21012004
11019	0.19445473
11020	0.17916098
11021	0.16432478
11022	0.14966381
11023	0.13575335
11024	0.12251293
11025	0.10993806
11026	0.09859584
11027	0.08734773
11028	0.07693275
11029	0.06748273
11030	0.05926743
11031	0.05137872
11032	0.04497136
11033	0.03880052
11034	0.03365080
11035	0.02787899
11036	0.02189878
11037	0.01809332
11038	0.01443498
11039	0.00963694
11040	0.00487488
11041	0.00066117
11042	-0.00461808
11043	-0.00739488
11044	-0.00921777
11045	-0.00964548
11046	-0.00873645
11047	-0.00653515
11048	-0.00323966
11049	0.00147119
11050	0.00742757
11051	0.01421363
11052	0.02196217
11053	0.03020343
11054	0.03894059
11055	0.04850829
11056	0.05843458
11057	0.06899827
11058	0.08008376
11059	0.09171508
11060	0.10369338
11061	0.11583479
11062	0.12811053
11063	0.14017519
11064	0.15268792
11065	0.16508077
11066	0.17752977
11067	0.18963435
11068	0.20137936
11069	0.21296012
11070	0.22418688
11071	0.23516701
11072	0.24595624
11073	0.25653362
11074	0.26697314
11075	0.27726158
11076	0.28752872
11077	0.29793891
11078	0.30827034
11079	0.31843892
11080	0.32907268
11081	0.33993661
11082	0.35110405
11083	0.36262041
11084	0.37461898
11085	0.38744929
11086	0.40016907
11087	0.41266334
11088	0.42684147
11089	0.44282001
11090	0.45841560
11091	0.47419864
11092	0.49163109
11093	0.50905412
11094	0.52681136
11095	0.54514867
11096	0.56462282
11097	0.58409607
11098	0.60372049
11099	0.62330759
11100	0.64191812
11101	0.66113037
11102	0.67977470
11103	0.69718313
11104	0.71346027
11105	0.72827625
11106	0.74175346
11107	0.75293350
11108	0.76219386
11109	0.76921451
11110	0.77372575
11111	0.77623707
11112	0.77610683
11113	0.77364266
11114	0.76957810
11115	0.76334155
11116	0.75463444
11117	0.74385959
11118	0.73238719
11119	0.71861786
11120	0.70368117
11121	0.68609220
11122	0.66847253
11123	0.65134275
11124	0.63598907
11125	0.62213379
11126	0.60882717
11127	0.59502757
11128	0.58008397
11129	0.56384593
11130	0.54704529
11131	0.53000700
11132	0.51220602
11133	0.49466667
11134	0.47739550
11135	0.45910037
11136	0.44010550
11137	0.42207384
11138	0.40420270
11139	0.38643014
11140	0.36875537
11141	0.35169387
11142	0.33433351
11143	0.31703037
11144	0.29968441
11145	0.28271216
11146	0.26582125
11147	0.24916729
11148	0.23287489
11149	0.21637945
11150	0.20085922
11151	0.18577750
11152	0.17115854
11153	0.15702716
11154	0.14334108
11155	0.13051429
11156	0.11837506
11157	0.10758769
11158	0.09701446
11159	0.08748811
11160	0.07927294
11161	0.07142074
11162	0.06503409
11163	0.05889892
11164	0.05365607
11165	0.04746535
11166	0.04262666
11167	0.03726723
11168	0.03300368
11169	0.02757506
11170	0.02122297
11171	0.01616070
11172	0.01017796
11173	0.00645600
11174	0.00436118
11175	0.00338127
11176	0.00392387
11177	0.00554222
11178	0.00846834
11179	0.01250344
11180	0.01744223
11181	0.02328103
11182	0.02974494
11183	0.03694361
11184	0.04493158
11185	0.05333290
11186	0.06240521
11187	0.07189365
11188	0.08235290
11189	0.09327132
11190	0.10472582
11191	0.11659200
11192	0.12860642
11193	0.14077282
11194	0.15328318
11195	0.16540650
11196	0.17756484
11197	0.18943064
11198	0.20104775
11199	0.21235073
11200	0.22336949
11201	0.23405999
11202	0.24443041
11203	0.25466299
11204	0.26479185
11205	0.27472791
11206	0.28444529
11207	0.29429847
11208	0.30387470
11209	0.31348467
11210	0.32317287
11211	0.33269048
11212	0.34268963
11213	0.35299045
11214	0.36368847
11215	0.37477237
11216	0.38637516
11217	0.39909941
11218	0.41168562
11219	0.42407554
11220	0.43810073
11221	0.45400187
11222	0.46803361
11223	0.48279095
11224	0.49975845
11225	0.51689380
11226	0.53387594
11227	0.55125397
11228	0.57375872
11229	0.59249753
11230	0.61121500
11231	0.62997580
11232	0.64852494
11233	0.66632211
11234	0.68368542
11235	0.69874078
11236	0.71430773
11237	0.72864068
11238	0.74172807
11239	0.75262761
11240	0.76128137
11241	0.76807559
11242	0.77260220
11243	0.77484530
11244	0.77489710
11245	0.77284026
11246	0.76888120
11247	0.76311827
11248	0.75566125
11249	0.74620163
11250	0.73608482
11251	0.72344828
11252	0.71071064
11253	0.69597572
11254	0.67874789
11255	0.66122627
11256	0.64419395
11257	0.63100475
11258	0.61672354
11259	0.60342252
11260	0.58709979
11261	0.57254648
11262	0.55715543
11263	0.54090822
11264	0.52347678
11265	0.50586420
11266	0.48780823
11267	0.47000280
11268	0.45202920
11269	0.43305674
11270	0.41496745
11271	0.39706671
11272	0.37933329
11273	0.36177766
11274	0.34481224
11275	0.32770815
11276	0.31057814
11277	0.29355139
11278	0.27681535
11279	0.26044795
11280	0.24429362
11281	0.22792181
11282	0.21238959
11283	0.19720553
11284	0.18252115
11285	0.16817954
11286	0.15452155
11287	0.14146990
11288	0.12906422
11289	0.11801003
11290	0.10714918
11291	0.09750724
11292	0.08814363
11293	0.08020738
11294	0.07408862
11295	0.06742124
11296	0.06197368
11297	0.05738337
11298	0.05246744
11299	0.04794272
11300	0.04382608
11301	0.04021686
11302	0.03524477
11303	0.03081370
11304	0.02444086
11305	0.02075348
11306	0.01796834
11307	0.01645975
11308	0.01620064
11309	0.01728907
11310	0.01954830
11311	0.02320781
11312	0.02788970
11313	0.03366445
11314	0.04003405
11315	0.04754724
11316	0.05527226
11317	0.06369662
11318	0.07277076
11319	0.08221703
11320	0.09196328
11321	0.10257602
11322	0.11351021
11323	0.12487987
11324	0.13663074
11325	0.14856364
11326	0.16057123
11327	0.17260878
11328	0.18459393
11329	0.19649678
11330	0.20821175
11331	0.21993530
11332	0.23128772
11333	0.24237192
11334	0.25314763
11335	0.26367646
11336	0.27407172
11337	0.28433686
11338	0.29448912
11339	0.30457160
11340	0.31463447
11341	0.32472053
11342	0.33487669
11343	0.34555802
11344	0.35605326
11345	0.36685857
11346	0.37770304
11347	0.38947317
11348	0.40158677
11349	0.41428468
11350	0.42634237
11351	0.44009519
11352	0.45446700
11353	0.46939942
11354	0.48491955
11355	0.50114572
11356	0.51950246
11357	0.53681898
11358	0.55475312
11359	0.57306725
11360	0.59173220
11361	0.61026388
11362	0.62951577
11363	0.64834756
11364	0.66495293
11365	0.68449563
11366	0.70094442
11367	0.71696186
11368	0.73308003
11369	0.74740541
11370	0.76024258
11371	0.77105486
11372	0.78037834
11373	0.78775626
11374	0.79310036
11375	0.79612553
11376	0.79719961
11377	0.79634875
11378	0.79396236
11379	0.78949624
11380	0.78347081
11381	0.77604914
11382	0.76673585
11383	0.75652105
11384	0.74593908
11385	0.73326439
11386	0.72055739
11387	0.70766765
11388	0.69258839
11389	0.67606413
11390	0.65901095
11391	0.64158148
11392	0.62613362
11393	0.61234194
11394	0.59839654
11395	0.58392352
11396	0.56851012
11397	0.55228126
11398	0.53559726
11399	0.51842934
11400	0.50090873
11401	0.48255116
11402	0.46428451
11403	0.44608316
11404	0.42811111
11405	0.40973705
11406	0.39239970
11407	0.37510359
11408	0.35780323
11409	0.34044001
11410	0.32317019
11411	0.30604875
11412	0.28888243
11413	0.27198252
11414	0.25543249
11415	0.23931672
11416	0.22302932
11417	0.20775563
11418	0.19295257
11419	0.17859405
11420	0.16461487
11421	0.15132341
11422	0.13877508
11423	0.12688556
11424	0.11627179
11425	0.10587691
11426	0.09645276
11427	0.08800998
11428	0.08082681
11429	0.07425757
11430	0.06815121
11431	0.06242455
11432	0.05742366
11433	0.05228117
11434	0.04717350
11435	0.04344993
11436	0.03799604
11437	0.03324418
11438	0.02748439
11439	0.02186405
11440	0.01864373
11441	0.01662137
11442	0.01569079
11443	0.01602697
11444	0.01778493
11445	0.02082859
11446	0.02509328
11447	0.03033708
11448	0.03657490
11449	0.04364121
11450	0.05145684
11451	0.05984230
11452	0.06883691
11453	0.07832687
11454	0.08835579
11455	0.09888738
11456	0.10995643
11457	0.12138651
11458	0.13317184
11459	0.14513223
11460	0.15719233
11461	0.16918987
11462	0.18124327
11463	0.19318640
11464	0.20529869
11465	0.21693130
11466	0.22807004
11467	0.23912473
11468	0.24990061
11469	0.26040107
11470	0.27062723
11471	0.28069368
11472	0.29051998
11473	0.30023333
11474	0.30976221
11475	0.31940728
11476	0.32885087
11477	0.33832461
11478	0.34792438
11479	0.35742784
11480	0.36737761
11481	0.37766379
11482	0.38836372
11483	0.39943051
11484	0.41137463
11485	0.42315948
11486	0.43578112
11487	0.44753247
11488	0.46206123
11489	0.47500300
11490	0.48848671
11491	0.50403100
11492	0.52244753
11493	0.53912568
11494	0.55630660
11495	0.57387698
11496	0.59191334
11497	0.61008036
11498	0.62808686
11499	0.64583689
11500	0.66320264
11501	0.67963719
11502	0.69497728
11503	0.70908129
11504	0.72255027
11505	0.73446184
11506	0.74427551
11507	0.75258297
11508	0.75837535
11509	0.76204473
11510	0.76344097
11511	0.76250976
11512	0.75949496
11513	0.75422907
11514	0.74779552
11515	0.73906648
11516	0.72774374
11517	0.71577698
11518	0.70087296
11519	0.68491548
11520	0.66783220
11521	0.64927179
11522	0.63258386
11523	0.61779380
11524	0.60379642
11525	0.59060633
11526	0.57642430
11527	0.56102091
11528	0.54415256
11529	0.52724725
11530	0.51029170
11531	0.49250990
11532	0.47478142
11533	0.45767885
11534	0.43825987
11535	0.42022175
11536	0.40223593
11537	0.38432008
11538	0.36636299
11539	0.34897342
11540	0.33118898
11541	0.31358689
11542	0.29607162
11543	0.27881208
11544	0.26153594
11545	0.24446416
11546	0.22762184
11547	0.21123771
11548	0.19505115
11549	0.17915855
11550	0.16414912
11551	0.14962798
11552	0.13561651
11553	0.12220152
11554	0.10931685
11555	0.09735373
11556	0.08660024
11557	0.07618150
11558	0.06681909
11559	0.05829797
11560	0.05078092
11561	0.04433953
11562	0.03794233
11563	0.03180604
11564	0.02650336
11565	0.02039849
11566	0.01602748
11567	0.01050095
11568	0.00545059
11569	-0.00047426
11570	-0.00647531
11571	-0.01228859
11572	-0.01542271
11573	-0.01732871
11574	-0.01797960
11575	-0.01701927
11576	-0.01487552
11577	-0.01124460
11578	-0.00647013
11579	-0.00058181
11580	0.00629773
11581	0.01383866
11582	0.02205423
11583	0.03088016
11584	0.04022985
11585	0.05008646
11586	0.06049462
11587	0.07140838
11588	0.08287273
11589	0.09477616
11590	0.10700551
11591	0.11934740
11592	0.13168702
11593	0.14436784
11594	0.15657996
11595	0.16886777
11596	0.18087061
11597	0.19256170
11598	0.20398006
11599	0.21495005
11600	0.22553965
11601	0.23584336
11602	0.24570827
11603	0.25553846
11604	0.26511008
11605	0.27447259
11606	0.28371453
11607	0.29306176
11608	0.30226287
11609	0.31152031
11610	0.32096449
11611	0.33041340
11612	0.34050059
11613	0.35086539
11614	0.36180246
11615	0.37294409
11616	0.38540193
11617	0.39722872
11618	0.41075078
11619	0.42458910
11620	0.43910265
11621	0.45312819
11622	0.46901461
11623	0.48693693
11624	0.50429058
11625	0.52105498
11626	0.53994268
11627	0.55850703
11628	0.57733601
11629	0.59607226
11630	0.61464030
11631	0.63310069
11632	0.65095681
11633	0.66533220
11634	0.68252569
11635	0.69738030
11636	0.71076292
11637	0.72203398
11638	0.73193538
11639	0.73943365
11640	0.74458760
11641	0.74774343
11642	0.74837732
11643	0.74691564
11644	0.74334675
11645	0.73791033
11646	0.73037678
11647	0.72171986
11648	0.71112615
11649	0.69925922
11650	0.68662566
11651	0.67358983
11652	0.65894389
11653	0.64217687
11654	0.62421125
11655	0.60684228
11656	0.59178406
11657	0.57770675
11658	0.56433469
11659	0.55035359
11660	0.53482085
11661	0.51876760
11662	0.50211442
11663	0.48568219
11664	0.46785164
11665	0.45014820
11666	0.43222907
11667	0.41248605
11668	0.39478773
11669	0.37677056
11670	0.35884982
11671	0.34102026
11672	0.32382163
11673	0.30624068
11674	0.28884208
11675	0.27146012
11676	0.25443813
11677	0.23738511
11678	0.22064500
11679	0.20421755
11680	0.18745494
11681	0.17194122
11682	0.15676722
11683	0.14203924
11684	0.12791716
11685	0.11429465
11686	0.10114381
11687	0.08941190
11688	0.07786714
11689	0.06718209
11690	0.05737311
11691	0.04860544
11692	0.04117195
11693	0.03393776
11694	0.02805556
11695	0.02280861
11696	0.01753863
11697	0.01192523
11698	0.00767860
11699	0.00307125
11700	-0.00087989
11701	-0.00593758
11702	-0.01156636
11703	-0.01581671
11704	-0.02001552
11705	-0.02333203
11706	-0.02415197
11707	-0.02410086
11708	-0.02235666
11709	-0.01949400
11710	-0.01541844
11711	-0.01027030
11712	-0.00414631
11713	0.00269936
11714	0.01025653
11715	0.01843315
11716	0.02705431
11717	0.03621606
11718	0.04586222
11719	0.05603160
11720	0.06675388
11721	0.07792483
11722	0.08955155
11723	0.10140099
11724	0.11336000
11725	0.12541834
11726	0.13740414
11727	0.14931248
11728	0.16131949
11729	0.17304489
11730	0.18448216
11731	0.19558279
11732	0.20637915
11733	0.21685253
11734	0.22711951
11735	0.23716025
11736	0.24712016
11737	0.25695693
11738	0.26689035
11739	0.27664235
11740	0.28641817
11741	0.29623625
11742	0.30598539
11743	0.31612167
11744	0.32669517
11745	0.33748919
11746	0.34868088
11747	0.36106339
11748	0.37351832
11749	0.38539836
11750	0.39908397
11751	0.41446742
11752	0.42823312
11753	0.44371727
11754	0.45967275
11755	0.47569868
11756	0.49268907
11757	0.51301450
11758	0.53111452
11759	0.54960591
11760	0.56812161
11761	0.58664721
11762	0.60484463
11763	0.62256026
11764	0.63883376
11765	0.65386295
11766	0.66936427
11767	0.68465853
11768	0.69685817
11769	0.70784992
11770	0.71704239
11771	0.72391707
11772	0.72855127
11773	0.73126304
11774	0.73153579
11775	0.72989458
11776	0.72622222
11777	0.72059250
11778	0.71389347
11779	0.70544994
11780	0.69571829
11781	0.68425858
11782	0.67215925
11783	0.65891880
11784	0.64504904
11785	0.63004255
11786	0.61225712
11787	0.59478813
11788	0.57836747
11789	0.56328773
11790	0.54942077
11791	0.53571743
11792	0.52119523
11793	0.50558019
11794	0.48928106
11795	0.47256002
11796	0.45561647
11797	0.43808120
11798	0.42034265
11799	0.40145573
11800	0.38309008
11801	0.36516115
11802	0.34731820
11803	0.32954445
11804	0.31192017
11805	0.29480371
11806	0.27738535
11807	0.25999767
11808	0.24282728
11809	0.22569391
11810	0.20881167
11811	0.19219182
11812	0.17598540
11813	0.15951189
11814	0.14413416
11815	0.12920965
11816	0.11480041
11817	0.10087779
11818	0.08744536
11819	0.07484985
11820	0.06286541
11821	0.05271682
11822	0.04183497
11823	0.03269183
11824	0.02379795
11825	0.01625563
11826	0.00951386
11827	0.00425112
11828	-0.00203636
11829	-0.00759799
11830	-0.01282583
11831	-0.01758997
11832	-0.02203092
11833	-0.02717843
11834	-0.03278815
11835	-0.03828184
11836	-0.04320611
11837	-0.04816327
11838	-0.05001477
11839	-0.05118629
11840	-0.05102471
11841	-0.04957636
11842	-0.04675111
11843	-0.04264038
11844	-0.03744065
11845	-0.03129228
11846	-0.02449785
11847	-0.01671497
11848	-0.00856739
11849	0.00028130
11850	0.00962509
11851	0.01963570
11852	0.03011413
11853	0.04110700
11854	0.05251583
11855	0.06434251
11856	0.07633125
11857	0.08839455
11858	0.10045940
11859	0.11253522
11860	0.12469856
11861	0.13674322
11862	0.14857818
11863	0.15991291
11864	0.17118832
11865	0.18240701
11866	0.19301355
11867	0.20341921
11868	0.21351433
11869	0.22345221
11870	0.23324785
11871	0.24291299
11872	0.25272262
11873	0.26234362
11874	0.27206641
11875	0.28191486
11876	0.29170895
11877	0.30195913
11878	0.31243911
11879	0.32334676
11880	0.33500379
11881	0.34685007
11882	0.35904038
11883	0.37105206
11884	0.38575938
11885	0.39902338
11886	0.40954497
11887	0.42821276
11888	0.43937758
11889	0.46107289
11890	0.47852045
11891	0.49961016
11892	0.51816827
11893	0.53661364
11894	0.55536592
11895	0.57410717
11896	0.59238756
11897	0.61017400
11898	0.62382835
11899	0.64043123
11900	0.65590876
11901	0.66999167
11902	0.68374997
11903	0.69396669
11904	0.70234793
11905	0.70817524
11906	0.71192634
11907	0.71345985
11908	0.71336561
11909	0.71024370
11910	0.70534563
11911	0.69926775
11912	0.69105560
11913	0.68062383
11914	0.66861451
11915	0.65501761
11916	0.64054722
11917	0.62292713
11918	0.60504794
11919	0.58760077
11920	0.57215637
11921	0.55824488
11922	0.54516143
11923	0.53178483
11924	0.51704592
11925	0.50109249
11926	0.48491096
11927	0.47183290
11928	0.45048410
11929	0.43209267
11930	0.41396686
11931	0.39534736
11932	0.37714255
11933	0.35903680
11934	0.34108430
11935	0.32325041
11936	0.30602393
11937	0.28844765
11938	0.27100113
11939	0.25366053
11940	0.23628244
11941	0.21936017
11942	0.20248252
11943	0.18592823
11944	0.16964476
11945	0.15307482
11946	0.13750251
11947	0.12223221
11948	0.10755432
11949	0.09364926
11950	0.08003759
11951	0.06725581
11952	0.05528954
11953	0.04511275
11954	0.03445482
11955	0.02536395
11956	0.01768528
11957	0.01075691
11958	0.00453014
11959	-0.00136785
11960	-0.00693445
11961	-0.01235964
11962	-0.01685096
11963	-0.02192152
11964	-0.02679158
11965	-0.03161927
11966	-0.03779863
11967	-0.04286344
11968	-0.04810366
11969	-0.05037662
11970	-0.05166842
11971	-0.05139175
11972	-0.04997946
11973	-0.04720765
11974	-0.04323839
11975	-0.03834802
11976	-0.03218197
11977	-0.02524110
11978	-0.01738443
11979	-0.00888878
11980	0.00025163
11981	0.00991648
11982	0.02035316
11983	0.03147039
11984	0.04333183
11985	0.05553262
11986	0.06820124
11987	0.08102853
11988	0.09402042
11989	0.10747844
11990	0.12020451
11991	0.13303815
11992	0.14569689
11993	0.15810695
11994	0.17024046
11995	0.18167686
11996	0.19306253
11997	0.20434326
11998	0.21489060
11999	0.22535498
12000	0.23556766