	C:\Users\jkuzm\OneDrive - University of Massachusetts\HRSL x UMILL-PUMA Fatigue - Fatigue\Data\F01\FR3_Metabolic1.c3d
	LMT1H
	TARGET
	ORIGINAL
ITEM	X
1	0.25103337
2	0.25321117
3	0.25533444
4	0.25385928
5	0.25509393
6	0.26223600
7	0.26695409
8	0.26965106
9	0.27072981
10	0.27059320
11	0.26964402
12	0.27058992
13	0.27114561
14	0.27260005
15	0.27350003
16	0.27401006
17	0.27514812
18	0.27640042
19	0.27780262
20	0.27954134
21	0.28152996
22	0.28373286
23	0.28588346
24	0.28776592
25	0.28931633
26	0.29063603
27	0.29168361
28	0.29258609
29	0.29339519
30	0.29414931
31	0.29493284
32	0.29557824
33	0.29614186
34	0.29646352
35	0.29662257
36	0.29658207
37	0.29655346
38	0.29658827
39	0.29736623
40	0.29918706
41	0.30560035
42	0.31085801
43	0.31359401
44	0.31546804
45	0.31560910
46	0.31546521
47	0.31511572
48	0.31425375
49	0.31386206
50	0.31371260
51	0.31372401
52	0.31325665
53	0.31270412
54	0.31219113
55	0.31285366
56	0.31241903
57	0.31206292
58	0.31170219
59	0.31230256
60	0.31241438
61	0.31232047
62	0.31262809
63	0.31243399
64	0.31162304
65	0.31109151
66	0.31102148
67	0.31084639
68	0.30845043
69	0.30824569
70	0.30795413
71	0.30738315
72	0.30668566
73	0.30590379
74	0.30492967
75	0.30493623
76	0.30407113
77	0.30329236
78	0.30236498
79	0.30138853
80	0.30046290
81	0.29944834
82	0.29856560
83	0.29775256
84	0.29711708
85	0.29668635
86	0.29619315
87	0.29584774
88	0.29621205
89	0.29813018
90	0.30002883
91	0.30183429
92	0.30357218
93	0.30571219
94	0.30745763
95	0.30909231
96	0.31032169
97	0.31121969
98	0.31170160
99	0.31104431
100	0.31217644
101	0.31131431
102	0.30898136
103	0.30693722
104	0.30444822
105	0.30148172
106	0.29815519
107	0.29454997
108	0.29085609
109	0.28701785
110	0.28323379
111	0.27952507
112	0.27593935
113	0.27254006
114	0.26932567
115	0.26620999
116	0.26347029
117	0.26064152
118	0.25800893
119	0.25548369
120	0.25315526
121	0.25100771
122	0.24899058
123	0.24734072
124	0.24604695
125	0.24473348
126	0.24489418
127	0.24520041
128	0.24530062
129	0.24358612
130	0.24736010
131	0.24941856
132	0.24830131
133	0.24921329
134	0.25127265
135	0.24859807
136	0.25000289
137	0.25571164
138	0.25944975
139	0.26155719
140	0.26237389
141	0.26223978
142	0.26149482
143	0.26047894
144	0.26157627
145	0.26306483
146	0.26375964
147	0.26407996
148	0.26486999
149	0.26572701
150	0.26680803
151	0.26823190
152	0.27001083
153	0.27190086
154	0.27400079
155	0.27601007
156	0.27793896
157	0.27980578
158	0.28167120
159	0.28361765
160	0.28563106
161	0.28771451
162	0.28974482
163	0.29166400
164	0.29328379
165	0.29449373
166	0.29519400
167	0.29518637
168	0.29536641
169	0.29529050
170	0.30044067
171	0.30678919
172	0.31078058
173	0.31436852
174	0.31605580
175	0.31505927
176	0.31332064
177	0.31226030
178	0.31195915
179	0.31182274
180	0.31092480
181	0.31040660
182	0.30991837
183	0.30972329
184	0.30967775
185	0.30970553
186	0.30957121
187	0.31047818
188	0.31014961
189	0.30992499
190	0.30989391
191	0.31077772
192	0.31056553
193	0.31026405
194	0.31061968
195	0.30996236
196	0.31005731
197	0.30972552
198	0.30917767
199	0.30668086
200	0.30684340
201	0.30628914
202	0.30569121
203	0.30484709
204	0.30396095
205	0.30439219
206	0.30352733
207	0.30258963
208	0.30163729
209	0.30054379
210	0.29951918
211	0.29845282
212	0.29751164
213	0.29677945
214	0.29635119
215	0.29582798
216	0.29557753
217	0.29614955
218	0.29773816
219	0.29917967
220	0.30061916
221	0.30234420
222	0.30427569
223	0.30598423
224	0.30756310
225	0.30884343
226	0.30984855
227	0.31052700
228	0.31051531
229	0.31027657
230	0.31056553
231	0.30947492
232	0.30760592
233	0.30567479
234	0.30340999
235	0.30086446
236	0.29808891
237	0.29523245
238	0.29226825
239	0.28920561
240	0.28617877
241	0.28314260
242	0.28021783
243	0.27742091
244	0.27487183
245	0.27249119
246	0.27015981
247	0.26805922
248	0.26605850
249	0.26602873
250	0.26434532
251	0.26276129
252	0.25968194
253	0.25854895
254	0.25768638
255	0.25702405
256	0.25676265
257	0.25663695
258	0.25749934
259	0.25848883
260	0.25904980
261	0.25957945
262	0.26199666
263	0.26462987
264	0.26394588
265	0.26492208
266	0.26410347
267	0.26383430
268	0.26888758
269	0.27107385
270	0.26859483
271	0.26989964
272	0.27343693
273	0.27220967
274	0.27360708
275	0.27277774
276	0.27386707
277	0.27367240
278	0.27319089
279	0.27229941
280	0.27165571
281	0.27106178
282	0.27051958
283	0.27027199
284	0.27039325
285	0.27067277
286	0.27125213
287	0.27176109
288	0.27215239
289	0.27243695
290	0.27277398
291	0.27321413
292	0.27390724
293	0.27474025
294	0.27570742
295	0.27674353
296	0.27764404
297	0.27851674
298	0.27927810
299	0.27953285
300	0.27960223
301	0.28005144
302	0.28244182
303	0.28989878
304	0.29266721
305	0.29531646
306	0.29678860
307	0.29656586
308	0.29544622
309	0.29444501
310	0.29396072
311	0.29385760
312	0.29387018
313	0.29364416
314	0.29293942
315	0.29231316
316	0.29193228
317	0.29188773
318	0.29173568
319	0.29149267
320	0.29140094
321	0.29115906
322	0.29181936
323	0.29256013
324	0.29217169
325	0.29179108
326	0.29160619
327	0.29136926
328	0.29106939
329	0.29128474
330	0.29028910
331	0.28764215
332	0.28758776
333	0.28704017
334	0.28639600
335	0.28556612
336	0.28453547
337	0.28480533
338	0.28408274
339	0.28319314
340	0.28221542
341	0.28113806
342	0.27999437
343	0.27879471
344	0.27762818
345	0.27648541
346	0.27566719
347	0.27482700
348	0.27427322
349	0.27421498
350	0.27483296
351	0.27544150
352	0.27610874
353	0.27712342
354	0.27840874
355	0.27957609
356	0.28064471
357	0.28167462
358	0.28251341
359	0.28295410
360	0.28324953
361	0.28317738
362	0.28248891
363	0.28279015
364	0.28153810
365	0.27995211
366	0.27781737
367	0.27576831
368	0.27347004
369	0.27102190
370	0.26849011
371	0.26578838
372	0.26308903
373	0.26032868
374	0.25762090
375	0.25494248
376	0.25238484
377	0.24992383
378	0.24755836
379	0.24772470
380	0.24524888
381	0.24297574
382	0.24069886
383	0.23873058
384	0.23502553
385	0.23338270
386	0.23191738
387	0.23071256
388	0.22958848
389	0.22892340
390	0.22847739
391	0.22816598
392	0.22951044
393	0.22947396
394	0.22808564
395	0.22992662
396	0.23281614
397	0.23244125
398	0.23181123
399	0.23357819
400	0.23166664
401	0.23033483
402	0.23187754
403	0.23232917
404	0.23277728
405	0.23493184
406	0.23546043
407	0.23472682
408	0.23388554
409	0.23435743
410	0.23412536
411	0.23382850
412	0.23341045
413	0.23357953
414	0.23405346
415	0.23487808
416	0.23617959
417	0.23790431
418	0.23999351
419	0.24225190
420	0.24462490
421	0.24692652
422	0.24919526
423	0.25124106
424	0.25327349
425	0.25517234
426	0.25685576
427	0.25817731
428	0.25919229
429	0.25975493
430	0.25974181
431	0.25908571
432	0.25808641
433	0.25660205
434	0.25480455
435	0.25375137
436	0.25570592
437	0.26314476
438	0.26791787
439	0.27100599
440	0.27236506
441	0.27150738
442	0.27022305
443	0.26957604
444	0.26939261
445	0.26963770
446	0.26978052
447	0.26955655
448	0.26898929
449	0.26882616
450	0.26896825
451	0.26880434
452	0.26809603
453	0.26799569
454	0.26782250
455	0.26902142
456	0.26882398
457	0.26921174
458	0.26899582
459	0.26943246
460	0.26838639
461	0.26801428
462	0.26765770
463	0.26611832
464	0.26522547
465	0.26483980
466	0.26435938
467	0.26379064
468	0.26299959
469	0.26209778
470	0.26114956
471	0.26160946
472	0.26079249
473	0.25993589
474	0.25908452
475	0.25798818
476	0.25687605
477	0.25575739
478	0.25461161
479	0.25356638
480	0.25276667
481	0.25204635
482	0.25152034
483	0.25175193
484	0.25291944
485	0.25422007
486	0.25538591
487	0.25681967
488	0.25850162
489	0.25995615
490	0.26207063
491	0.26218003
492	0.26286218
493	0.26313534
494	0.26290658
495	0.26166213
496	0.26210284
497	0.26001611
498	0.25789979
499	0.25540251
500	0.25250784
501	0.24934158
502	0.24603495
503	0.24266173
504	0.23922373
505	0.23583283
506	0.23249890
507	0.22930926
508	0.22624364
509	0.22342910
510	0.22089869
511	0.21856436
512	0.21644801
513	0.21449521
514	0.21271943
515	0.21109678
516	0.20964561
517	0.20835416
518	0.20722826
519	0.20630398
520	0.20557362
521	0.20512143
522	0.20497084
523	0.20493260
524	0.20538567
525	0.20712364
526	0.20778522
527	0.20854972
528	0.20954765
529	0.21403334
530	0.21321210
531	0.21482395
532	0.21672699
533	0.21693559
534	0.21686555
535	0.21543685
536	0.22085255
537	0.22459839
538	0.22665174
539	0.22805873
540	0.22639991
541	0.22961584
542	0.23165703
543	0.23280077
544	0.23379247
545	0.23467518
546	0.23554632
547	0.23630576
548	0.23754388
549	0.23907200
550	0.24082795
551	0.24281831
552	0.24491687
553	0.24702147
554	0.24906370
555	0.25090671
556	0.25262877
557	0.25429648
558	0.25603977
559	0.25778139
560	0.25949925
561	0.26104453
562	0.26226395
563	0.26309392
564	0.26333857
565	0.26308852
566	0.26239413
567	0.26134381
568	0.26082304
569	0.26166260
570	0.26839975
571	0.27321476
572	0.27654505
573	0.27833477
574	0.27792335
575	0.27702695
576	0.27674857
577	0.27675009
578	0.27695110
579	0.27704909
580	0.27676046
581	0.27611783
582	0.27582571
583	0.27568269
584	0.27546623
585	0.27545187
586	0.27479845
587	0.27467403
588	0.27426496
589	0.27416131
590	0.27566552
591	0.27577540
592	0.27552053
593	0.27546453
594	0.27470750
595	0.27436480
596	0.27482662
597	0.27411106
598	0.27115321
599	0.27105355
600	0.27043825
601	0.26970315
602	0.26884869
603	0.26793379
604	0.26841882
605	0.26755655
606	0.26681313
607	0.26582998
608	0.26472566
609	0.26360098
610	0.26244232
611	0.26132113
612	0.26024896
613	0.25952294
614	0.25864568
615	0.25793657
616	0.25770596
617	0.25827372
618	0.25876918
619	0.25918543
620	0.25997841
621	0.26103103
622	0.26190135
623	0.26373839
624	0.26405144
625	0.26373324
626	0.26386571
627	0.26373342
628	0.26333690
629	0.26211488
630	0.26194569
631	0.26066792
632	0.25891262
633	0.25702408
634	0.25482509
635	0.25247869
636	0.25001132
637	0.24740867
638	0.24477044
639	0.24215315
640	0.23960088
641	0.23711000
642	0.23474090
643	0.23265274
644	0.23073018
645	0.22901426
646	0.22751218
647	0.22616783
648	0.22503211
649	0.22399071
650	0.22306584
651	0.22232690
652	0.22179030
653	0.22147314
654	0.22141397
655	0.22165193
656	0.22205395
657	0.22262076
658	0.22449060
659	0.22554362
660	0.23117226
661	0.23904797
662	0.23276870
663	0.23389265
664	0.23509280
665	0.23393773
666	0.23615512
667	0.23685952
668	0.23882963
669	0.24060476
670	0.24226636
671	0.24503033
672	0.24819934
673	0.24810334
674	0.24814187
675	0.24963515
676	0.24998841
677	0.24999398
678	0.24967623
679	0.24889947
680	0.24833466
681	0.24769013
682	0.24714752
683	0.24675991
684	0.24649623
685	0.24640474
686	0.24624930
687	0.24585211
688	0.24535175
689	0.24471246
690	0.24418631
691	0.24393377
692	0.24388833
693	0.24412949
694	0.24458690
695	0.24511944
696	0.24560052
697	0.24612238
698	0.24653250
699	0.24670695
700	0.24663129
701	0.24706216
702	0.24952896
703	0.25601485
704	0.25871876
705	0.26080096
706	0.26140061
707	0.26103312
708	0.26040924
709	0.26021773
710	0.26022783
711	0.26037547
712	0.26052764
713	0.26029736
714	0.25986719
715	0.25957161
716	0.25949270
717	0.25933319
718	0.25912476
719	0.25814700
720	0.25933996
721	0.25913519
722	0.25943139
723	0.25762501
724	0.25787196
725	0.25728142
726	0.25877517
727	0.25817278
728	0.25652620
729	0.25642434
730	0.25552601
731	0.25522909
732	0.25474891
733	0.25422755
734	0.25358748
735	0.25275874
736	0.25191998
737	0.25244424
738	0.25164011
739	0.25086868
740	0.24995357
741	0.24903244
742	0.24799435
743	0.24697646
744	0.24604945
745	0.24522011
746	0.24464622
747	0.24407145
748	0.24381600
749	0.24407613
750	0.24525888
751	0.24646562
752	0.24757822
753	0.24908081
754	0.25072822
755	0.25230449
756	0.25372157
757	0.25501072
758	0.25608373
759	0.25665116
760	0.25704771
761	0.25697294
762	0.25744808
763	0.25662211
764	0.25504750
765	0.25338602
766	0.25136110
767	0.24909191
768	0.24668223
769	0.24408090
770	0.24136378
771	0.23856024
772	0.23566765
773	0.23279431
774	0.22997606
775	0.22728483
776	0.22478060
777	0.22238106
778	0.22010396
779	0.21789983
780	0.21579854
781	0.21379042
782	0.21189983
783	0.21018502
784	0.20860893
785	0.20719825
786	0.20600125
787	0.20504786
788	0.20420456
789	0.20373613
790	0.20373152
791	0.20479305
792	0.20478456
793	0.20479827
794	0.20715682
795	0.20865108
796	0.20846453
797	0.20949650
798	0.20808709
799	0.21000175
800	0.21192595
801	0.21172650
802	0.21064919
803	0.21698762
804	0.21891549
805	0.22047830
806	0.21895862
807	0.21964489
808	0.22344333
809	0.22487721
810	0.22598188
811	0.22702385
812	0.22807279
813	0.22962141
814	0.23147000
815	0.23370086
816	0.23627064
817	0.23914294
818	0.24211141
819	0.24519590
820	0.24819790
821	0.25113714
822	0.25388092
823	0.25668186
824	0.25951391
825	0.26231873
826	0.26499009
827	0.26731533
828	0.26916394
829	0.27035636
830	0.27082831
831	0.27075675
832	0.27004850
833	0.26893154
834	0.26787135
835	0.26860628
836	0.27482921
837	0.27986318
838	0.28432906
839	0.28708491
840	0.28654861
841	0.28493598
842	0.28439441
843	0.28452504
844	0.28478056
845	0.28482118
846	0.28434145
847	0.28354710
848	0.28282279
849	0.28228363
850	0.28234372
851	0.28207085
852	0.28193432
853	0.28163642
854	0.28202781
855	0.28341025
856	0.28297654
857	0.28268781
858	0.28232828
859	0.28195915
860	0.28175452
861	0.28187168
862	0.27870345
863	0.27913931
864	0.27893707
865	0.27864006
866	0.27816975
867	0.27760619
868	0.27687037
869	0.27611613
870	0.27650720
871	0.27590209
872	0.27513814
873	0.27440441
874	0.27342460
875	0.27240631
876	0.27140287
877	0.27039686
878	0.26941574
879	0.26861534
880	0.26781535
881	0.26750883
882	0.26767877
883	0.26920792
884	0.27091503
885	0.27250785
886	0.27416119
887	0.27589300
888	0.27752858
889	0.27887377
890	0.28085932
891	0.28128207
892	0.28124088
893	0.28122404
894	0.28064561
895	0.28038281
896	0.27887541
897	0.27684870
898	0.27452540
899	0.27119547
900	0.26801595
901	0.26450026
902	0.26091093
903	0.25725654
904	0.25354522
905	0.24989502
906	0.24625561
907	0.24296901
908	0.23934411
909	0.23619804
910	0.23327883
911	0.23060457
912	0.22810175
913	0.22581470
914	0.22375377
915	0.22195403
916	0.22025234
917	0.21879813
918	0.21747397
919	0.21643007
920	0.21559179
921	0.21514878
922	0.21505469
923	0.21601053
924	0.21678407
925	0.21724989
926	0.21785660
927	0.21980253
928	0.22171447
929	0.22217928
930	0.22278951
931	0.22349386
932	0.22652455
933	0.22543298
934	0.22663490
935	0.22590537
936	0.22841780
937	0.22997195
938	0.23169331
939	0.23449799
940	0.23527542
941	0.23656550
942	0.23756060
943	0.23981987
944	0.24136506
945	0.24273932
946	0.24473579
947	0.24695775
948	0.24936898
949	0.25213721
950	0.25521389
951	0.25836301
952	0.26172534
953	0.26501435
954	0.26817223
955	0.27105832
956	0.27381352
957	0.27636325
958	0.27882951
959	0.28108150
960	0.28309029
961	0.28456402
962	0.28559354
963	0.28584096
964	0.28537166
965	0.28432530
966	0.28266144
967	0.28068301
968	0.27922097
969	0.28122249
970	0.28825438
971	0.29390380
972	0.29908511
973	0.30166346
974	0.30094758
975	0.29923007
976	0.29832035
977	0.29807132
978	0.29815412
979	0.29757214
980	0.29723713
981	0.29680249
982	0.29651827
983	0.29631284
984	0.29628783
985	0.29630393
986	0.29695717
987	0.29667106
988	0.29747203
989	0.29711753
990	0.29701084
991	0.29679006
992	0.29696289
993	0.29618582
994	0.29602537
995	0.29561576
996	0.29430392
997	0.29355910
998	0.29334125
999	0.29304767
1000	0.29248437
1001	0.29180676
1002	0.29103720
1003	0.29016611
1004	0.29017049
1005	0.28937921
1006	0.28849736
1007	0.28765342
1008	0.28655130
1009	0.28553101
1010	0.28453836
1011	0.28359810
1012	0.28269249
1013	0.28205982
1014	0.28142172
1015	0.28061780
1016	0.28054142
1017	0.28189245
1018	0.28382722
1019	0.28563392
1020	0.28743902
1021	0.28952935
1022	0.29149130
1023	0.29319379
1024	0.29581043
1025	0.29690009
1026	0.29730439
1027	0.29710332
1028	0.29675600
1029	0.29703367
1030	0.29585609
1031	0.29414681
1032	0.29142380
1033	0.28868449
1034	0.28554124
1035	0.28210032
1036	0.27835137
1037	0.27440661
1038	0.27042478
1039	0.26644316
1040	0.26251712
1041	0.25867158
1042	0.25495264
1043	0.25152308
1044	0.24831071
1045	0.24537085
1046	0.24262740
1047	0.24004994
1048	0.23762113
1049	0.23549713
1050	0.23355836
1051	0.23188923
1052	0.23045227
1053	0.22924413
1054	0.22830063
1055	0.22760586
1056	0.22709158
1057	0.22678083
1058	0.22841328
1059	0.22826804
1060	0.22719440
1061	0.22840378
1062	0.22870198
1063	0.23202899
1064	0.23136674
1065	0.23059471
1066	0.23128158
1067	0.23267457
1068	0.23025477
1069	0.23221900
1070	0.23004429
1071	0.23008399
1072	0.23151475
1073	0.23351330
1074	0.23525630
1075	0.23592043
1076	0.23358727
1077	0.23568791
1078	0.23639160
1079	0.23670764
1080	0.23730110
1081	0.23816486
1082	0.23927356
1083	0.24082544
1084	0.24274506
1085	0.24501139
1086	0.24739268
1087	0.24989268
1088	0.25232786
1089	0.25468752
1090	0.25700226
1091	0.25930718
1092	0.26156712
1093	0.26373371
1094	0.26572514
1095	0.26735714
1096	0.26850805
1097	0.26892906
1098	0.26846808
1099	0.26667792
1100	0.26457429
1101	0.26259768
1102	0.26573211
1103	0.27157298
1104	0.27549377
1105	0.28024831
1106	0.28253114
1107	0.28083846
1108	0.27870703
1109	0.27836213
1110	0.27858719
1111	0.27867946
1112	0.27854624
1113	0.27779776
1114	0.27729452
1115	0.27692255
1116	0.27695295
1117	0.27778584
1118	0.27729455
1119	0.27727634
1120	0.27846622
1121	0.27809781
1122	0.27785945
1123	0.27810845
1124	0.27793232
1125	0.27768856
1126	0.27550420
1127	0.27538970
1128	0.27445537
1129	0.27452272
1130	0.27430344
1131	0.27387455
1132	0.27340555
1133	0.27285787
1134	0.27214676
1135	0.27220795
1136	0.27146769
1137	0.27078354
1138	0.27012792
1139	0.26918498
1140	0.26831099
1141	0.26724201
1142	0.26614210
1143	0.26503333
1144	0.26403266
1145	0.26282629
1146	0.26183099
1147	0.26077077
1148	0.26040283
1149	0.26095125
1150	0.26243231
1151	0.26384285
1152	0.26518333
1153	0.26649129
1154	0.26775867
1155	0.26966801
1156	0.27058774
1157	0.27057606
1158	0.27052334
1159	0.26937428
1160	0.26818836
1161	0.26777759
1162	0.26571855
1163	0.26316634
1164	0.26023188
1165	0.25694430
1166	0.25325975
1167	0.24931550
1168	0.24519573
1169	0.24106847
1170	0.23698445
1171	0.23297583
1172	0.22908430
1173	0.22526391
1174	0.22162630
1175	0.21823581
1176	0.21497722
1177	0.21188037
1178	0.20892851
1179	0.20615563
1180	0.20345348
1181	0.20099977
1182	0.19865286
1183	0.19642530
1184	0.19430128
1185	0.19236052
1186	0.19036588
1187	0.18882591
1188	0.18734471
1189	0.18711507
1190	0.18717322
1191	0.18422130
1192	0.18511277
1193	0.18477091
1194	0.18742287
1195	0.18651628
1196	0.18540442
1197	0.18399194
1198	0.18460211
1199	0.18501039
1200	0.18562226
1201	0.18733050
1202	0.18807611
1203	0.18884616
1204	0.18993333
1205	0.19070694
1206	0.19184966
1207	0.19250081
1208	0.19045380
1209	0.19123413
1210	0.19430245
1211	0.19587055
1212	0.19604099
1213	0.19702056
1214	0.19853292
1215	0.20045236
1216	0.20283426
1217	0.20550495
1218	0.20832537
1219	0.21117336
1220	0.21400693
1221	0.21663179
1222	0.21911132
1223	0.22146435
1224	0.22363393
1225	0.22565424
1226	0.22733688
1227	0.22869329
1228	0.22954515
1229	0.23001710
1230	0.23004702
1231	0.22956824
1232	0.22953442
1233	0.23015344
1234	0.23660496
1235	0.24143575
1236	0.24445751
1237	0.24648315
1238	0.24621847
1239	0.24492605
1240	0.24359810
1241	0.24287596
1242	0.24313530
1243	0.24373041
1244	0.24364810
1245	0.24327461
1246	0.24428038
1247	0.24327378
1248	0.24317227
1249	0.24337105
1250	0.24332832
1251	0.24343081
1252	0.24247532
1253	0.24337912
1254	0.24137114
1255	0.24257489
1256	0.24231941
1257	0.24205840
1258	0.24184969
1259	0.24163616
1260	0.24165632
1261	0.24089737
1262	0.24054292
1263	0.24019682
1264	0.23974054
1265	0.23915052
1266	0.23838067
1267	0.23758575
1268	0.23823726
1269	0.23756611
1270	0.23682943
1271	0.23608917
1272	0.23515996
1273	0.23427570
1274	0.23327984
1275	0.23234239
1276	0.23152414
1277	0.23089042
1278	0.23063557
1279	0.23034042
1280	0.23002467
1281	0.23066847
1282	0.23169464
1283	0.23268312
1284	0.23370077
1285	0.23515101
1286	0.23667462
1287	0.23813213
1288	0.23949026
1289	0.24071181
1290	0.24166462
1291	0.24217281
1292	0.24240708
1293	0.24194391
1294	0.24241671
1295	0.24100417
1296	0.23942135
1297	0.23755917
1298	0.23539236
1299	0.23296854
1300	0.23035905
1301	0.22766152
1302	0.22494146
1303	0.22222508
1304	0.21951389
1305	0.21692136
1306	0.21447116
1307	0.21230064
1308	0.21031596
1309	0.20849782
1310	0.20685637
1311	0.20547526
1312	0.20418024
1313	0.20298897
1314	0.20192306
1315	0.20108767
1316	0.20043688
1317	0.19998620
1318	0.19989845
1319	0.19998540
1320	0.20033897
1321	0.20225778
1322	0.20301478
1323	0.20765576
1324	0.21096621
1325	0.20773160
1326	0.21003298
1327	0.21019912
1328	0.21197036
1329	0.21308805
1330	0.21620940
1331	0.21519700
1332	0.21982718
1333	0.22012737
1334	0.22027649
1335	0.22301275
1336	0.22502159
1337	0.22784145
1338	0.22932890
1339	0.22945884
1340	0.23174763
1341	0.23234861
1342	0.23413146
1343	0.23488824
1344	0.23595038
1345	0.23720488
1346	0.23869136
1347	0.24056084
1348	0.24273674
1349	0.24499118
1350	0.24738632
1351	0.24963537
1352	0.25176069
1353	0.25366992
1354	0.25555694
1355	0.25745904
1356	0.25932950
1357	0.26114857
1358	0.26279300
1359	0.26425579
1360	0.26545757
1361	0.26643312
1362	0.26716432
1363	0.26785532
1364	0.26851270
1365	0.26931101
1366	0.27060169
1367	0.27333519
1368	0.28006905
1369	0.28495002
1370	0.28799593
1371	0.28952909
1372	0.28960854
1373	0.28974628
1374	0.28972769
1375	0.28932568
1376	0.28903654
1377	0.28859571
1378	0.28845629
1379	0.28783283
1380	0.28758016
1381	0.28724620
1382	0.28718176
1383	0.28623891
1384	0.28900030
1385	0.28831092
1386	0.28773025
1387	0.28748253
1388	0.28745055
1389	0.28746694
1390	0.28723449
1391	0.28605378
1392	0.28462064
1393	0.28460702
1394	0.28454039
1395	0.28353438
1396	0.28315967
1397	0.28275418
1398	0.28218931
1399	0.28145811
1400	0.28062090
1401	0.28066048
1402	0.27979466
1403	0.27907142
1404	0.27813432
1405	0.27722454
1406	0.27613705
1407	0.27493364
1408	0.27385738
1409	0.27272350
1410	0.27192363
1411	0.27105588
1412	0.27010727
1413	0.26964566
1414	0.26965344
1415	0.27115914
1416	0.27271044
1417	0.27422068
1418	0.27587563
1419	0.27773076
1420	0.27935773
1421	0.28051290
1422	0.28290239
1423	0.28324193
1424	0.28316551
1425	0.28228965
1426	0.28156516
1427	0.27970779
1428	0.27969715
1429	0.27711064
1430	0.27452156
1431	0.27155703
1432	0.26835191
1433	0.26489255
1434	0.26122472
1435	0.25748292
1436	0.25383994
1437	0.25027075
1438	0.24683106
1439	0.24358198
1440	0.24045055
1441	0.23777543
1442	0.23545569
1443	0.23361363
1444	0.23186193
1445	0.23042271
1446	0.22890396
1447	0.22777754
1448	0.22678521
1449	0.22599083
1450	0.22541255
1451	0.22504850
1452	0.22500145
1453	0.22521302
1454	0.22560027
1455	0.22650757
1456	0.22837158
1457	0.23328274
1458	0.23666267
1459	0.23393288
1460	0.23658706
1461	0.23711258
1462	0.23800004
1463	0.23866186
1464	0.24062507
1465	0.24300420
1466	0.24454874
1467	0.24524552
1468	0.24442303
1469	0.24694583
1470	0.24846213
1471	0.25111076
1472	0.25196129
1473	0.25286552
1474	0.25241393
1475	0.25302780
1476	0.25373098
1477	0.25410566
1478	0.25432208
1479	0.25464863
1480	0.25513938
1481	0.25592965
1482	0.25690696
1483	0.25787506
1484	0.25882196
1485	0.25949094
1486	0.25988895
1487	0.26013178
1488	0.26031166
1489	0.26049322
1490	0.26064360
1491	0.26073647
1492	0.26071486
1493	0.26052013
1494	0.26001433
1495	0.25926229
1496	0.25827098
1497	0.25660425
1498	0.25499970
1499	0.25547877
1500	0.26177400
1501	0.26816595
1502	0.27280751
1503	0.27583605
1504	0.27626842
1505	0.27458468
1506	0.27367467
1507	0.27318549
1508	0.27314377
1509	0.27345094
1510	0.27311242
1511	0.27220836
1512	0.27168518
1513	0.27152088
1514	0.27291936
1515	0.27220911
1516	0.27217519
1517	0.27356026
1518	0.27343619
1519	0.27316540
1520	0.27405435
1521	0.27323270
1522	0.27045381
1523	0.27098322
1524	0.27080664
1525	0.27057233
1526	0.27047819
1527	0.27024585
1528	0.26911697
1529	0.26869249
1530	0.26817617
1531	0.26752210
1532	0.26677069
1533	0.26572037
1534	0.26467851
1535	0.26485726
1536	0.26399001
1537	0.26308152
1538	0.26217985
1539	0.26105714
1540	0.26006550
1541	0.25906646
1542	0.25832415
1543	0.25749686
1544	0.25698158
1545	0.25620013
1546	0.25603658
1547	0.25668767
1548	0.25894260
1549	0.26117015
1550	0.26327106
1551	0.26655617
1552	0.26838642
1553	0.27001163
1554	0.27138370
1555	0.27254376
1556	0.27300465
1557	0.27216351
1558	0.27105513
1559	0.27141157
1560	0.27011696
1561	0.26709136
1562	0.26445243
1563	0.26147532
1564	0.25806579
1565	0.25433752
1566	0.25042444
1567	0.24657345
1568	0.24274127
1569	0.23904438
1570	0.23550130
1571	0.23251636
1572	0.22963290
1573	0.22706619
1574	0.22475663
1575	0.22276880
1576	0.22106214
1577	0.21957153
1578	0.21827072
1579	0.21724065
1580	0.21653330
1581	0.21600996
1582	0.21579857
1583	0.21569730
1584	0.21585092
1585	0.21586150
1586	0.21784978
1587	0.21844278
1588	0.21516922
1589	0.21867327
1590	0.22187720
1591	0.22321567
1592	0.22261895
1593	0.22217549
1594	0.22278056
1595	0.22389846
1596	0.22362140
1597	0.22309071
1598	0.22302034
1599	0.22061636
1600	0.22250541
1601	0.22282372
1602	0.22316270
1603	0.22224760
1604	0.21881986
1605	0.21803868
1606	0.21952979
1607	0.21859749
1608	0.21735822
1609	0.21668695
1610	0.21617492
1611	0.21603806
1612	0.21631634
1613	0.21687900
1614	0.21775751
1615	0.21863623
1616	0.21954304
1617	0.22051038
1618	0.22156605
1619	0.22284411
1620	0.22429526
1621	0.22585736
1622	0.22728495
1623	0.22851871
1624	0.22928539
1625	0.22946550
1626	0.22911523
1627	0.22817110
1628	0.22651690
1629	0.22459759
1630	0.22333051
1631	0.22499900
1632	0.23114039
1633	0.23461208
1634	0.23740947
1635	0.23811813
1636	0.23686044
1637	0.23574927
1638	0.23529144
1639	0.23545192
1640	0.23584712
1641	0.23589128
1642	0.23696801
1643	0.23584656
1644	0.23548675
1645	0.23532264
1646	0.23500782
1647	0.23497990
1648	0.23480216
1649	0.23466647
1650	0.23264453
1651	0.23260991
1652	0.23256013
1653	0.23352297
1654	0.23304307
1655	0.23280872
1656	0.23261926
1657	0.23192716
1658	0.23169032
1659	0.23146196
1660	0.23112641
1661	0.23073277
1662	0.23022275
1663	0.22956148
1664	0.22984098
1665	0.22928518
1666	0.22870801
1667	0.22805293
1668	0.22731629
1669	0.22654647
1670	0.22573167
1671	0.22483042
1672	0.22402504
1673	0.22314858
1674	0.22247583
1675	0.22206928
1676	0.22156307
1677	0.22130916
1678	0.22182785
1679	0.22330885
1680	0.22462581
1681	0.22578640
1682	0.22711474
1683	0.22854392
1684	0.23073387
1685	0.23181990
1686	0.23220775
1687	0.23168556
1688	0.23162025
1689	0.23110493
1690	0.22942431
1691	0.22956717
1692	0.22776189
1693	0.22488257
1694	0.22217582
1695	0.21909650
1696	0.21581718
1697	0.21236831
1698	0.20877467
1699	0.20530596
1700	0.20191102
1701	0.19855013
1702	0.19532773
1703	0.19224279
1704	0.18949991
1705	0.18690376
1706	0.18455666
1707	0.18237019
1708	0.18033616
1709	0.17860280
1710	0.17700273
1711	0.17550479
1712	0.17416492
1713	0.17305882
1714	0.17199676
1715	0.17133419
1716	0.17082769
1717	0.17050505
1718	0.17213748
1719	0.17220786
1720	0.17236145
1721	0.17240186
1722	0.17455056
1723	0.17591751
1724	0.17605697
1725	0.17379549
1726	0.17525506
1727	0.17667203
1728	0.17856108
1729	0.18057242
1730	0.18235634
1731	0.18352945
1732	0.18573472
1733	0.18761905
1734	0.18899077
1735	0.19139044
1736	0.19321048
1737	0.19243871
1738	0.19455531
1739	0.19964705
1740	0.20177872
1741	0.20431930
1742	0.20706129
1743	0.21017598
1744	0.21361509
1745	0.21746118
1746	0.22130576
1747	0.22525406
1748	0.22903666
1749	0.23267838
1750	0.23605795
1751	0.23929298
1752	0.24239264
1753	0.24529962
1754	0.24791186
1755	0.25014472
1756	0.25184810
1757	0.25292310
1758	0.25337777
1759	0.25315925
1760	0.25221759
1761	0.25108960
1762	0.25015965
1763	0.25344554
1764	0.25988385
1765	0.26457995
1766	0.26856685
1767	0.27046466
1768	0.26915249
1769	0.26720923
1770	0.26654115
1771	0.26677948
1772	0.26716563
1773	0.26733270
1774	0.26681787
1775	0.26584026
1776	0.26529932
1777	0.26529601
1778	0.26680252
1779	0.26689935
1780	0.26612577
1781	0.26616731
1782	0.26751170
1783	0.26692972
1784	0.26781166
1785	0.26689947
1786	0.26449227
1787	0.26478571
1788	0.26469782
1789	0.26458421
1790	0.26460338
1791	0.26368994
1792	0.26339114
1793	0.26297653
1794	0.26243192
1795	0.26177645
1796	0.26107845
1797	0.26029012
1798	0.26071805
1799	0.25996754
1800	0.25912440
1801	0.25831074
1802	0.25729480
1803	0.25622976
1804	0.25520116
1805	0.25410160
1806	0.25303140
1807	0.25231013
1808	0.25162283
1809	0.25075954
1810	0.25051051
1811	0.25122547
1812	0.25297964
1813	0.25466627
1814	0.25619945
1815	0.25889021
1816	0.26025113
1817	0.26122671
1818	0.26204029
1819	0.26266244
1820	0.26297700
1821	0.26277509
1822	0.26099694
1823	0.26083282
1824	0.25926080
1825	0.25634465
1826	0.25386783
1827	0.25085869
1828	0.24747364
1829	0.24385999
1830	0.23997684
1831	0.23599866
1832	0.23206532
1833	0.22828718
1834	0.22480413
1835	0.22135791
1836	0.21818966
1837	0.21531934
1838	0.21275444
1839	0.21054649
1840	0.20860322
1841	0.20702693
1842	0.20570159
1843	0.20455927
1844	0.20365396
1845	0.20303646
1846	0.20266381
1847	0.20256089
1848	0.20253921
1849	0.20313455
1850	0.20517427
1851	0.20633869
1852	0.20760302
1853	0.20936273
1854	0.21097529
1855	0.21387650
1856	0.21628289
1857	0.21760677
1858	0.21902092
1859	0.22141171
1860	0.22605835
1861	0.22620806
1862	0.22714616
1863	0.22669755
1864	0.23085745
1865	0.23610917
1866	0.23608160
1867	0.23805699
1868	0.23867182
1869	0.24114059
1870	0.24274576
1871	0.24507208
1872	0.24615033
1873	0.24751113
1874	0.24881440
1875	0.25025260
1876	0.25184163
1877	0.25367618
1878	0.25558883
1879	0.25747317
1880	0.25920963
1881	0.26074314
1882	0.26192299
1883	0.26284584
1884	0.26367906
1885	0.26445070
1886	0.26526156
1887	0.26602349
1888	0.26654294
1889	0.26677006
1890	0.26662952
1891	0.26598868
1892	0.26485193
1893	0.26325533
1894	0.26123163
1895	0.25985676
1896	0.26058620
1897	0.26711923
1898	0.27198070
1899	0.27617669
1900	0.27908093
1901	0.27907786
1902	0.27750909
1903	0.27636158
1904	0.27574646
1905	0.27560475
1906	0.27545378
1907	0.27513805
1908	0.27401733
1909	0.27324623
1910	0.27280158
1911	0.27265242
1912	0.27380496
1913	0.27301580
1914	0.27284363
1915	0.27447098
1916	0.27401355
1917	0.27402064
1918	0.27421907
1919	0.27397135
1920	0.27107695
1921	0.27163413
1922	0.27147779
1923	0.27157688
1924	0.27066779
1925	0.27038610
1926	0.26991990
1927	0.26928657
1928	0.26870543
1929	0.26795366
1930	0.26709345
1931	0.26723546
1932	0.26649192
1933	0.26574913
1934	0.26482707
1935	0.26403645
1936	0.26314521
1937	0.26240659
1938	0.26170036
1939	0.26106498
1940	0.26078486
1941	0.26049626
1942	0.25996387
1943	0.25984934
1944	0.26046380
1945	0.26261038
1946	0.26496276
1947	0.26716915
1948	0.26938850
1949	0.27172101
1950	0.27386475
1951	0.27679792
1952	0.27794084
1953	0.27810141
1954	0.27865002
1955	0.27849370
1956	0.27886587
1957	0.27790153
1958	0.27615452
1959	0.27342013
1960	0.27073771
1961	0.26768318
1962	0.26425070
1963	0.26055869
1964	0.25667259
1965	0.25265625
1966	0.24871540
1967	0.24482746
1968	0.24111782
1969	0.23760973
1970	0.23452303
1971	0.23140961
1972	0.22846524
1973	0.22578809
1974	0.22332637
1975	0.22104001
1976	0.21897444
1977	0.21714038
1978	0.21569857
1979	0.21463157
1980	0.21389832
1981	0.21348992
1982	0.21302207
1983	0.21466160
1984	0.21506467
1985	0.21554896
1986	0.21616246
1987	0.21676867
1988	0.21771440
1989	0.21934634
1990	0.22114567
1991	0.22175936
1992	0.22377050
1993	0.22334740
1994	0.22446135
1995	0.22238681
1996	0.22234726
1997	0.22637804
1998	0.23210378
1999	0.22966541
2000	0.23108052
2001	0.22976258
2002	0.23316778
2003	0.23537573
2004	0.23706536
2005	0.23870333
2006	0.24012288
2007	0.24188191
2008	0.24357553
2009	0.24536130
2010	0.24717657
2011	0.24883638
2012	0.25031510
2013	0.25152287
2014	0.25223890
2015	0.25246462
2016	0.25239778
2017	0.25193760
2018	0.25131610
2019	0.25047213
2020	0.24949205
2021	0.24830876
2022	0.24703239
2023	0.24565314
2024	0.24417244
2025	0.24260627
2026	0.24107176
2027	0.24041155
2028	0.24329683
2029	0.24998032
2030	0.25367096
2031	0.25604394
2032	0.25701466
2033	0.25635508
2034	0.25544664
2035	0.25495303
2036	0.25465646
2037	0.25465387
2038	0.25450459
2039	0.25431931
2040	0.25358158
2041	0.25299421
2042	0.25285187
2043	0.25315619
2044	0.25314394
2045	0.25297511
2046	0.25217164
2047	0.25193387
2048	0.25270185
2049	0.25372258
2050	0.25082442
2051	0.25131038
2052	0.25084424
2053	0.25096378
2054	0.25075182
2055	0.25079837
2056	0.25004193
2057	0.24954209
2058	0.24912569
2059	0.24859586
2060	0.24785258
2061	0.24732660
2062	0.24681416
2063	0.24743333
2064	0.24679311
2065	0.24614039
2066	0.24544707
2067	0.24484122
2068	0.24417806
2069	0.24374370
2070	0.24337292
2071	0.24320209
2072	0.24320453
2073	0.24312113
2074	0.24312903
2075	0.24333024
2076	0.24491841
2077	0.24662432
2078	0.24812555
2079	0.24987647
2080	0.25200492
2081	0.25419390
2082	0.25623503
2083	0.25823960
2084	0.26006815
2085	0.26160070
2086	0.26284534
2087	0.26371798
2088	0.26418599
2089	0.26322964
2090	0.26419121
2091	0.26336822
2092	0.26212862
2093	0.26054132
2094	0.25861707
2095	0.25641415
2096	0.25404140
2097	0.25155276
2098	0.24903174
2099	0.24659780
2100	0.24430655
2101	0.24219199
2102	0.24018107
2103	0.23834416
2104	0.23666444
2105	0.23517564
2106	0.23379549
2107	0.23264533
2108	0.23163183
2109	0.23087880
2110	0.23034894
2111	0.23009197
2112	0.23019193
2113	0.23045065
2114	0.23102579
2115	0.23191771
2116	0.23415634
2117	0.23968327
2118	0.24341419
2119	0.24026482
2120	0.24301296
2121	0.24303716
2122	0.24467205
2123	0.24644569
2124	0.24908905
2125	0.24746236
2126	0.24967092
2127	0.25318006
2128	0.25546587
2129	0.25762776
2130	0.25976869
2131	0.26520374
2132	0.26408127
2133	0.26433188
2134	0.26643121
2135	0.26787502
2136	0.26882511
2137	0.26965410
2138	0.27023119
2139	0.27125582
2140	0.27236933
2141	0.27367970
2142	0.27539846
2143	0.27729556
2144	0.27911717
2145	0.28086519
2146	0.28232548
2147	0.28357738
2148	0.28473866
2149	0.28586715
2150	0.28716007
2151	0.28759333
2152	0.28967535
2153	0.29071581
2154	0.29154381
2155	0.29200307
2156	0.29207000
2157	0.29176837
2158	0.29087809
2159	0.29015669
2160	0.29009691
2161	0.29511151
2162	0.30155721
2163	0.30650747
2164	0.31047305
2165	0.31180197
2166	0.31052747
2167	0.30925363
2168	0.30855423
2169	0.30868489
2170	0.30905414
2171	0.30894244
2172	0.30787987
2173	0.30731779
2174	0.30728039
2175	0.30742246
2176	0.30765885
2177	0.30764428
2178	0.30757758
2179	0.30836540
2180	0.30801448
2181	0.30765447
2182	0.30850545
2183	0.30837023
2184	0.30813098
2185	0.30806017
2186	0.30762205
2187	0.30685684
2188	0.30696779
2189	0.30655327
2190	0.30612606
2191	0.30379948
2192	0.30338100
2193	0.30276603
2194	0.30190191
2195	0.30090368
2196	0.30128443
2197	0.30048108
2198	0.29963142
2199	0.29860204
2200	0.29748732
2201	0.29621118
2202	0.29488188
2203	0.29349858
2204	0.29222703
2205	0.29125202
2206	0.29036066
2207	0.29001215
2208	0.29069161
2209	0.29196799
2210	0.29316768
2211	0.29441234
2212	0.29575741
2213	0.29715014
2214	0.29810849
2215	0.29971477
2216	0.30029246
2217	0.29994559
2218	0.29864460
2219	0.29764107
2220	0.29544112
2221	0.29465532
2222	0.29226571
2223	0.28939801
2224	0.28535232
2225	0.28150555
2226	0.27729756
2227	0.27288297
2228	0.26845786
2229	0.26404315
2230	0.25961867
2231	0.25531664
2232	0.25117704
2233	0.24713042
2234	0.24342033
2235	0.23983787
2236	0.23684207
2237	0.23396865
2238	0.23133844
2239	0.22890460
2240	0.22672828
2241	0.22478290
2242	0.22314477
2243	0.22170623
2244	0.22052999
2245	0.21971628
2246	0.21914946
2247	0.21887209
2248	0.21879067
2249	0.21899889
2250	0.21968044
2251	0.22126730
2252	0.22199649
2253	0.22254863
2254	0.22556303
2255	0.22791870
2256	0.22742069
2257	0.22859763
2258	0.22944854
2259	0.23169097
2260	0.23338054
2261	0.23276617
2262	0.22809683
2263	0.23460528
2264	0.23613620
2265	0.24141078
2266	0.23954295
2267	0.24001467
2268	0.24081938
2269	0.24223343
2270	0.24305247
2271	0.24343625
2272	0.24423355
2273	0.24519207
2274	0.24631113
2275	0.24775340
2276	0.24948941
2277	0.25129372
2278	0.25315091
2279	0.25482464
2280	0.25622609
2281	0.25754869
2282	0.25884831
2283	0.26032719
2284	0.26202309
2285	0.26373631
2286	0.26543769
2287	0.26695192
2288	0.26824564
2289	0.26926991
2290	0.27000028
2291	0.27020329
2292	0.26991224
2293	0.27010161
2294	0.27101737
2295	0.27717692
2296	0.28152433
2297	0.28453004
2298	0.28698626
2299	0.28698227
2300	0.28541324
2301	0.28399688
2302	0.28356993
2303	0.28390959
2304	0.28410232
2305	0.28393343
2306	0.28323898
2307	0.28277355
2308	0.28261301
2309	0.28240904
2310	0.28252646
2311	0.28234926
2312	0.28315291
2313	0.28444189
2314	0.28412455
2315	0.28420088
2316	0.28374097
2317	0.28400135
2318	0.28380448
2319	0.28257501
2320	0.28133973
2321	0.28142932
2322	0.28063393
2323	0.28042063
2324	0.28008726
2325	0.27967378
2326	0.27906537
2327	0.27846012
2328	0.27773246
2329	0.27793792
2330	0.27732292
2331	0.27665937
2332	0.27584687
2333	0.27496007
2334	0.27409968
2335	0.27316108
2336	0.27228069
2337	0.27146202
2338	0.27098286
2339	0.27040955
2340	0.26976955
2341	0.26954636
2342	0.26982453
2343	0.27119228
2344	0.27267265
2345	0.27402768
2346	0.27557826
2347	0.27743331
2348	0.27920622
2349	0.28087416
2350	0.28222793
2351	0.28359270
2352	0.28452539
2353	0.28554335
2354	0.28595206
2355	0.28679243
2356	0.28643706
2357	0.28517416
2358	0.28394511
2359	0.28234890
2360	0.28041732
2361	0.27829236
2362	0.27600539
2363	0.27354705
2364	0.27105880
2365	0.26848423
2366	0.26591703
2367	0.26336020
2368	0.26097578
2369	0.25866893
2370	0.25647601
2371	0.25432202
2372	0.25218970
2373	0.25019804
2374	0.24825110
2375	0.24639435
2376	0.24468063
2377	0.24314174
2378	0.24177843
2379	0.24060746
2380	0.23953094
2381	0.23886570
2382	0.23835619
2383	0.23972969
2384	0.23964688
2385	0.23947121
2386	0.23974672
2387	0.24084353
2388	0.24267741
2389	0.24232222
2390	0.24221678
2391	0.24298036
2392	0.24368398
2393	0.24401523
2394	0.24302828
2395	0.24437135
2396	0.24527663
2397	0.24618122
2398	0.24710311
2399	0.24756464
2400	0.24775459
2401	0.24823223
2402	0.24930474
2403	0.24972074
2404	0.24986470
2405	0.25046319
2406	0.25119871
2407	0.25218287
2408	0.25363433
2409	0.25540799
2410	0.25736597
2411	0.25938034
2412	0.26130337
2413	0.26324850
2414	0.26502305
2415	0.26686803
2416	0.26881069
2417	0.26998466
2418	0.27194741
2419	0.27376503
2420	0.27642801
2421	0.27761069
2422	0.27826962
2423	0.27850518
2424	0.27848715
2425	0.27830613
2426	0.27794671
2427	0.27834189
2428	0.28277582
2429	0.28910142
2430	0.29397908
2431	0.29736897
2432	0.29853925
2433	0.29743546
2434	0.29663098
2435	0.29643422
2436	0.29682824
2437	0.29655132
2438	0.29661062
2439	0.29615039
2440	0.29571930
2441	0.29512206
2442	0.29524669
2443	0.29536963
2444	0.29630092
2445	0.29719529
2446	0.29677624
2447	0.29637629
2448	0.29615423
2449	0.29633072
2450	0.29589137
2451	0.29560480
2452	0.29451391
2453	0.29298905
2454	0.29326800
2455	0.29223949
2456	0.29190660
2457	0.29161513
2458	0.29120439
2459	0.29073417
2460	0.29016811
2461	0.28941548
2462	0.28971058
2463	0.28914115
2464	0.28847989
2465	0.28762731
2466	0.28682059
2467	0.28583410
2468	0.28481540
2469	0.28369579
2470	0.28291526
2471	0.28204724
2472	0.28148618
2473	0.28072941
2474	0.28040978
2475	0.28099394
2476	0.28219002
2477	0.28320843
2478	0.28422642
2479	0.28541383
2480	0.28671452
2481	0.28781676
2482	0.28880799
2483	0.28963763
2484	0.29023007
2485	0.29059884
2486	0.29043147
2487	0.29003400
2488	0.28930539
2489	0.28903264
2490	0.28773394
2491	0.28611299
2492	0.28414598
2493	0.28226450
2494	0.28040344
2495	0.27848116
2496	0.27654892
2497	0.27467144
2498	0.27283540
2499	0.27110025
2500	0.26957399
2501	0.26817936
2502	0.26696822
2503	0.26587182
2504	0.26481271
2505	0.26384091
2506	0.26302749
2507	0.26220962
2508	0.26140139
2509	0.26067877
2510	0.26006186
2511	0.25955519
2512	0.25925288
2513	0.25913408
2514	0.25907218
2515	0.25968793
2516	0.26071909
2517	0.26111695
2518	0.26139331
2519	0.26242214
2520	0.26485461
2521	0.26506338
2522	0.26492310
2523	0.26590049
2524	0.26764518
2525	0.26852199
2526	0.26574156
2527	0.26659688
2528	0.27186480
2529	0.27417788
2530	0.27204636
2531	0.27384171
2532	0.27454227
2533	0.27505684
2534	0.27594325
2535	0.27670559
2536	0.27791870
2537	0.27934083
2538	0.28090692
2539	0.28294247
2540	0.28532705
2541	0.28804600
2542	0.29082662
2543	0.29374704
2544	0.29645944
2545	0.29886466
2546	0.30097085
2547	0.30276832
2548	0.30428508
2549	0.30547145
2550	0.30627900
2551	0.30669117
2552	0.30660450
2553	0.30597326
2554	0.30455431
2555	0.30245090
2556	0.29980299
2557	0.29653156
2558	0.29364672
2559	0.29276237
2560	0.29788718
2561	0.30479729
2562	0.31081852
2563	0.31551933
2564	0.31669384
2565	0.31452104
2566	0.31286249
2567	0.31216472
2568	0.31173921
2569	0.31222191
2570	0.31222910
2571	0.31195471
2572	0.31120470
2573	0.31199235
2574	0.31202394
2575	0.31212988
2576	0.31209874
2577	0.31308043
2578	0.31294554
2579	0.31290483
2580	0.31352976
2581	0.31338325
2582	0.31291944
2583	0.31215966
2584	0.31188771
2585	0.31168243
2586	0.31027630
2587	0.31026912
2588	0.30912840
2589	0.30879140
2590	0.30833328
2591	0.30768698
2592	0.30698022
2593	0.30608606
2594	0.30583802
2595	0.30498916
2596	0.30408177
2597	0.30325633
2598	0.30235380
2599	0.30115032
2600	0.29988167
2601	0.29862848
2602	0.29737231
2603	0.29617333
2604	0.29527709
2605	0.29445681
2606	0.29393259
2607	0.29386109
2608	0.29547560
2609	0.29758251
2610	0.29945523
2611	0.30133557
2612	0.30327612
2613	0.30600348
2614	0.30733812
2615	0.30770671
2616	0.30782142
2617	0.30661392
2618	0.30542347
2619	0.30451179
2620	0.30210391
2621	0.29935721
2622	0.29561439
2623	0.29166052
2624	0.28736234
2625	0.28269285
2626	0.27787787
2627	0.27304411
2628	0.26828393
2629	0.26363644
2630	0.25916070
2631	0.25495538
2632	0.25101674
2633	0.24746104
2634	0.24458051
2635	0.24166334
2636	0.23898566
2637	0.23656537
2638	0.23435540
2639	0.23235764
2640	0.23061495
2641	0.22872689
2642	0.22737157
2643	0.22633672
2644	0.22604434
2645	0.22535343
2646	0.22521520
2647	0.22637495
2648	0.22728473
2649	0.22776848
2650	0.22762044
2651	0.23102267
2652	0.23277511
2653	0.23261765
2654	0.23367088
2655	0.23420493
2656	0.23518690
2657	0.23727852
2658	0.23793730
2659	0.23874955
2660	0.23926795
2661	0.23925115
2662	0.24036789
2663	0.24074847
2664	0.24199376
2665	0.24102481
2666	0.23771203
2667	0.23841707
2668	0.23749974
2669	0.23597853
2670	0.23427884
2671	0.23251696
2672	0.23085758
2673	0.22953652
2674	0.22832762
2675	0.22729494
2676	0.22616658
2677	0.22513141
2678	0.22413288
2679	0.22339028
2680	0.22294161
2681	0.22282720
2682	0.22311206
2683	0.22355843
2684	0.22410877
2685	0.22463046
2686	0.22491750
2687	0.22469632
2688	0.22386834
2689	0.22337268
2690	0.22401999
2691	0.22954555
2692	0.23232654
2693	0.23326780
2694	0.23471542
2695	0.23496823
2696	0.23390210
2697	0.23292013
2698	0.23272058
2699	0.23298724
2700	0.23377918
2701	0.23263612
2702	0.23204529
2703	0.23131269
2704	0.23079459
2705	0.23045959
2706	0.23011364
2707	0.22776206
2708	0.22814251
2709	0.22815785
2710	0.22827964
2711	0.22867733
2712	0.22841161
2713	0.22807685
2714	0.22777905
2715	0.22755098
2716	0.22713725
2717	0.22736202
2718	0.22639143
2719	0.22621436
2720	0.22578606
2721	0.22523989
2722	0.22464490
2723	0.22391039
2724	0.22317189
2725	0.22380777
2726	0.22322994
2727	0.22256024
2728	0.22182059
2729	0.22093533
2730	0.21996702
2731	0.21898042
2732	0.21795955
2733	0.21714890
2734	0.21655592
2735	0.21617548
2736	0.21559270
2737	0.21527779
2738	0.21580172
2739	0.21635981
2740	0.21673615
2741	0.21725267
2742	0.21800023
2743	0.21876441
2744	0.21942344
2745	0.22002377
2746	0.22052623
2747	0.22089203
2748	0.22078022
2749	0.22052178
2750	0.21944885
2751	0.21963009
2752	0.21831863
2753	0.21665953
2754	0.21469732
2755	0.21247222
2756	0.21008432
2757	0.20754428
2758	0.20492959
2759	0.20236653
2760	0.19987796
2761	0.19754671
2762	0.19543053
2763	0.19343054
2764	0.19159788
2765	0.18995281
2766	0.18840449
2767	0.18692736
2768	0.18560544
2769	0.18435934
2770	0.18328610
2771	0.18243563
2772	0.18173589
2773	0.18141381
2774	0.18135613
2775	0.18165895
2776	0.18323457
2777	0.18445967
2778	0.18542576
2779	0.18853985
2780	0.19027980
2781	0.19278073
2782	0.19376278
2783	0.19583569
2784	0.19849895
2785	0.19905998
2786	0.20211582
2787	0.20612603
2788	0.20889425
2789	0.20981866
2790	0.21165654
2791	0.21634360
2792	0.21918213
2793	0.22163881
2794	0.22057582
2795	0.22542225
2796	0.22712146
2797	0.22837804
2798	0.22979979
2799	0.23106714
2800	0.23220089
2801	0.23350476
2802	0.23488471
2803	0.23619615
2804	0.23735309
2805	0.23811334
2806	0.23851958
2807	0.23849583
2808	0.23828241
2809	0.23794989
2810	0.23753573
2811	0.23709618
2812	0.23668931
2813	0.23621051
2814	0.23576406
2815	0.23529962
2816	0.23486365
2817	0.23422560
2818	0.23369378
2819	0.23379809
2820	0.23771787
2821	0.24405579
2822	0.24719608
2823	0.24970084
2824	0.25046644
2825	0.24980833
2826	0.24854812
2827	0.24749553
2828	0.24724865
2829	0.24745917
2830	0.24754903
2831	0.24746084
2832	0.24705556
2833	0.24669006
2834	0.24731179
2835	0.24710222
2836	0.24711509
2837	0.24702449
2838	0.24702404
2839	0.24601127
2840	0.24589221
2841	0.24732004
2842	0.24269575
2843	0.24556603
2844	0.24545264
2845	0.24501917
2846	0.24460597
2847	0.24477834
2848	0.24377106
2849	0.24349916
2850	0.24302241
2851	0.24245684
2852	0.24171306
2853	0.24083485
2854	0.23994930
2855	0.24049018
2856	0.23967908
2857	0.23890769
2858	0.23799479
2859	0.23697451
2860	0.23589087
2861	0.23477024
2862	0.23372729
2863	0.23283434
2864	0.23216669
2865	0.23149392
2866	0.23096082
2867	0.23102441
2868	0.23229656
2869	0.23360617
2870	0.23481201
2871	0.23615865
2872	0.23768306
2873	0.24026272
2874	0.24148072
2875	0.24222338
2876	0.24250780
2877	0.24306244
2878	0.24327596
2879	0.24289729
2880	0.24142258
2881	0.24177779
2882	0.24032114
2883	0.23853469
2884	0.23636781
2885	0.23395796
2886	0.23137906
2887	0.22871953
2888	0.22603260
2889	0.22340116
2890	0.22077706
2891	0.21825512
2892	0.21590649
2893	0.21381913
2894	0.21186265
2895	0.21003984
2896	0.20836733
2897	0.20683207
2898	0.20539400
2899	0.20410556
2900	0.20294972
2901	0.20201372
2902	0.20134231
2903	0.20086211
2904	0.20069301
2905	0.20097631
2906	0.20141226
2907	0.20218875
2908	0.20431127
2909	0.20862222
2910	0.21456942
2911	0.22160068
2912	0.21222673
2913	0.21507066
2914	0.21661298
2915	0.21814054
2916	0.21838744
2917	0.22088912
2918	0.22132210
2919	0.22258505
2920	0.22757661
2921	0.23017359
2922	0.23452465
2923	0.23632239
2924	0.23877238
2925	0.24043778
2926	0.24311234
2927	0.24522279
2928	0.24716768
2929	0.24881175
2930	0.25080228
2931	0.25274658
2932	0.25497687
2933	0.25751090
2934	0.26018602
2935	0.26285645
2936	0.26523173
2937	0.26729655
2938	0.26896757
2939	0.27019989
2940	0.27118102
2941	0.27195776
2942	0.27266085
2943	0.27331594
2944	0.27382013
2945	0.27425882
2946	0.27451000
2947	0.27458242
2948	0.27462262
2949	0.27456555
2950	0.27415979
2951	0.27404734
2952	0.27539393
2953	0.28183544
2954	0.28709233
2955	0.29104823
2956	0.29324996
2957	0.29303131
2958	0.29196516
2959	0.29146501
2960	0.29160836
2961	0.29213715
2962	0.29250866
2963	0.29248193
2964	0.29195875
2965	0.29154074
2966	0.29123443
2967	0.29136980
2968	0.29135960
2969	0.29097545
2970	0.29088148
2971	0.29058442
2972	0.29057717
2973	0.29199588
2974	0.29171303
2975	0.29138941
2976	0.29101178
2977	0.29088250
2978	0.29086432
2979	0.29119807
2980	0.29019433
2981	0.28769198
2982	0.28771886
2983	0.28724873
2984	0.28670260
2985	0.28595689
2986	0.28504589
2987	0.28541610
2988	0.28472614
2989	0.28398246
2990	0.28322536
2991	0.28228366
2992	0.28138754
2993	0.28047892
2994	0.27958211
2995	0.27877527
2996	0.27809134
2997	0.27733803
2998	0.27717283
2999	0.27800968
3000	0.28023022
3001	0.28246042
3002	0.28475145
3003	0.28709948
3004	0.28948066
3005	0.29274821
3006	0.29444486
3007	0.29564494
3008	0.29675609
3009	0.29750153
3010	0.29665777
3011	0.29684216
3012	0.29569501
3013	0.29406166
3014	0.29147887
3015	0.28871959
3016	0.28552747
3017	0.28201237
3018	0.27821472
3019	0.27422598
3020	0.27029836
3021	0.26644316
3022	0.26263314
3023	0.25893164
3024	0.25541624
3025	0.25215852
3026	0.24916507
3027	0.24635547
3028	0.24377103
3029	0.24137911
3030	0.23918907
3031	0.23714158
3032	0.23532610
3033	0.23357397
3034	0.23201741
3035	0.23060454
3036	0.22927573
3037	0.22834034
3038	0.22763772
3039	0.22899826
3040	0.22866820
3041	0.23610699
3042	0.24035132
3043	0.23043779
3044	0.23177859
3045	0.23119390
3046	0.23146051
3047	0.23339815
3048	0.23191172
3049	0.23049545
3050	0.23313788
3051	0.23423620
3052	0.23492029
3053	0.23740315
3054	0.23813407
3055	0.23759247
3056	0.23753762
3057	0.23812763
3058	0.23798957
3059	0.23775898
3060	0.23738962
3061	0.23695488
3062	0.23686169
3063	0.23690736
3064	0.23728082
3065	0.23796594
3066	0.23888892
3067	0.23977980
3068	0.24071643
3069	0.24163154
3070	0.24245530
3071	0.24339305
3072	0.24450724
3073	0.24576917
3074	0.24712695
3075	0.24838974
3076	0.24949969
3077	0.25022623
3078	0.25055265
3079	0.25038275
3080	0.24964467
3081	0.24872480
3082	0.24831209
3083	0.25061965
3084	0.25725889
3085	0.26023912
3086	0.26269314
3087	0.26365650
3088	0.26271617
3089	0.26134261
3090	0.26030838
3091	0.26021329
3092	0.26040107
3093	0.26044753
3094	0.26012760
3095	0.25958490
3096	0.25924692
3097	0.25929034
3098	0.25909433
3099	0.25900269
3100	0.25812423
3101	0.25936940
3102	0.25931588
3103	0.25919157
3104	0.25886863
3105	0.25770450
3106	0.25763524
3107	0.25930640
3108	0.25855047
3109	0.25645053
3110	0.25684154
3111	0.25598711
3112	0.25578636
3113	0.25542524
3114	0.25497210
3115	0.25435328
3116	0.25365350
3117	0.25298327
3118	0.25359172
3119	0.25293729
3120	0.25223863
3121	0.25149655
3122	0.25065672
3123	0.24967915
3124	0.24874789
3125	0.24771796
3126	0.24675389
3127	0.24586257
3128	0.24533524
3129	0.24467330
3130	0.24433349
3131	0.24479698
3132	0.24587697
3133	0.24684136
3134	0.24795653
3135	0.24927686
3136	0.25061795
3137	0.25175214
3138	0.25353208
3139	0.25359324
3140	0.25407177
3141	0.25425389
3142	0.25404623
3143	0.25316912
3144	0.25125864
3145	0.25131488
3146	0.24932744
3147	0.24702139
3148	0.24433301
3149	0.24140576
3150	0.23828255
3151	0.23513292
3152	0.23192441
3153	0.22870286
3154	0.22552082
3155	0.22252074
3156	0.21965189
3157	0.21704432
3158	0.21464333
3159	0.21248372
3160	0.21040151
3161	0.20850077
3162	0.20708434
3163	0.20530382
3164	0.20393880
3165	0.20275421
3166	0.20180382
3167	0.20099694
3168	0.20047419
3169	0.20038539
3170	0.20051709
3171	0.20123827
3172	0.20286965
3173	0.20363092
3174	0.20451850
3175	0.20760010
3176	0.20964709
3177	0.20992656
3178	0.21138765
3179	0.21245399
3180	0.21295184
3181	0.21316108
3182	0.21517399
3183	0.21771249
3184	0.22129668
3185	0.22342074
3186	0.22507802
3187	0.22362879
3188	0.22692332
3189	0.22892044
3190	0.23038332
3191	0.23180856
3192	0.23316753
3193	0.23458050
3194	0.23636241
3195	0.23831867
3196	0.24063465
3197	0.24327308
3198	0.24625880
3199	0.24934432
3200	0.25238702
3201	0.25548378
3202	0.25842461
3203	0.26133463
3204	0.26420426
3205	0.26721352
3206	0.27022707
3207	0.27325538
3208	0.27625614
3209	0.27901396
3210	0.28143206
3211	0.28334057
3212	0.28464100
3213	0.28553811
3214	0.28619555
3215	0.28700188
3216	0.28783104
3217	0.29272172
3218	0.29824784
3219	0.30224925
3220	0.30581313
3221	0.30742317
3222	0.30652606
3223	0.30490297
3224	0.30413595
3225	0.30430356
3226	0.30487746
3227	0.30498081
3228	0.30440828
3229	0.30325815
3230	0.30303881
3231	0.30312803
3232	0.30327913
3233	0.30351320
3234	0.30358934
3235	0.30368796
3236	0.30453834
3237	0.30424392
3238	0.30383241
3239	0.30487618
3240	0.30481103
3241	0.30429497
3242	0.30413586
3243	0.30423871
3244	0.30409205
3245	0.30378935
3246	0.30360928
3247	0.30114019
3248	0.30121359
3249	0.30071548
3250	0.30009279
3251	0.30066273
3252	0.30007797
3253	0.29945636
3254	0.29860058
3255	0.29776996
3256	0.29694957
3257	0.29601616
3258	0.29502833
3259	0.29414481
3260	0.29331815
3261	0.29264602
3262	0.29216483
3263	0.29162517
3264	0.29155856
3265	0.29232135
3266	0.29312554
3267	0.29395199
3268	0.29495576
3269	0.29625207
3270	0.29752997
3271	0.29870984
3272	0.29991010
3273	0.30101061
3274	0.30179065
3275	0.30230016
3276	0.30274245
3277	0.30287930
3278	0.30222303
3279	0.30264902
3280	0.30159062
3281	0.30027834
3282	0.29868022
3283	0.29684654
3284	0.29484215
3285	0.29275805
3286	0.29066837
3287	0.28851488
3288	0.28632545
3289	0.28425738
3290	0.28201735
3291	0.28011045
3292	0.27833280
3293	0.27664030
3294	0.27497295
3295	0.27335316
3296	0.27188984
3297	0.27045313
3298	0.26909009
3299	0.26767758
3300	0.26650763
3301	0.26540565
3302	0.26448017
3303	0.26359311
3304	0.26300809
3305	0.26458520
3306	0.26413333
3307	0.26395038
3308	0.26395848
3309	0.26634249
3310	0.26751888
3311	0.26670629
3312	0.26615685
3313	0.26640588
3314	0.26500580
3315	0.26971793
3316	0.27087981
3317	0.26925862
3318	0.27058640
3319	0.27498272
3320	0.27270937
3321	0.27539638
3322	0.27459496
3323	0.27676925
3324	0.27782720
3325	0.27876550
3326	0.27980915
3327	0.28091732
3328	0.28259358
3329	0.28455693
3330	0.28688467
3331	0.28958708
3332	0.29249722
3333	0.29565859
3334	0.29881462
3335	0.30188924
3336	0.30497739
3337	0.30793574
3338	0.31090415
3339	0.31397599
3340	0.31706923
3341	0.32000467
3342	0.32270679
3343	0.32507524
3344	0.32683614
3345	0.32809460
3346	0.32874161
3347	0.32891908
3348	0.32871065
3349	0.32832205
3350	0.32819378
3351	0.32925925
3352	0.33492559
3353	0.34056777
3354	0.34520617
3355	0.34852383
3356	0.34840536
3357	0.34710288
3358	0.34625065
3359	0.34588405
3360	0.34617797
3361	0.34648713
3362	0.34628600
3363	0.34686235
3364	0.34629625
3365	0.34595734
3366	0.34577066
3367	0.34563571
3368	0.34557649
3369	0.34534812
3370	0.34516004
3371	0.34492940
3372	0.34475532
3373	0.34461820
3374	0.34502634
3375	0.34572905
3376	0.34505999
3377	0.34450957
3378	0.34424356
3379	0.34405023
3380	0.34374920
3381	0.34338167
3382	0.34283769
3383	0.34026045
3384	0.33990526
3385	0.33911386
3386	0.33929726
3387	0.33860615
3388	0.33791250
3389	0.33700225
3390	0.33621484
3391	0.33518991
3392	0.33423349
3393	0.33325443
3394	0.33240098
3395	0.33152109
3396	0.33108813
3397	0.33057559
3398	0.32978013
3399	0.32958406
3400	0.33040613
3401	0.33225197
3402	0.33377239
3403	0.33504713
3404	0.33654845
3405	0.33865401
3406	0.33969727
3407	0.34004882
3408	0.33964571
3409	0.33940336
3410	0.33790621
3411	0.33816147
3412	0.33649367
3413	0.33429047
3414	0.33123398
3415	0.32813987
3416	0.32465008
3417	0.32076430
3418	0.31661230
3419	0.31225696
3420	0.30779862
3421	0.30332431
3422	0.29897374
3423	0.29470727
3424	0.29055372
3425	0.28648746
3426	0.28262535
3427	0.27887517
3428	0.27563715
3429	0.27234012
3430	0.26923227
3431	0.26632673
3432	0.26364499
3433	0.26125789
3434	0.25903940
3435	0.25717238
3436	0.25532585
3437	0.25606039
3438	0.25474709
3439	0.25434780
3440	0.25413883
3441	0.25120094
3442	0.25692111
3443	0.25609037
3444	0.25555345
3445	0.25654805
3446	0.25411916
3447	0.25754893
3448	0.25629267
3449	0.26202711
3450	0.25987089
3451	0.26068369
3452	0.26165581
3453	0.26495874
3454	0.26364040
3455	0.26271632
3456	0.26301622
3457	0.26378283
3458	0.26314026
3459	0.26269999
3460	0.26233315
3461	0.26193455
3462	0.26176229
3463	0.26186812
3464	0.26226544
3465	0.26277485
3466	0.26335841
3467	0.26387614
3468	0.26435015
3469	0.26485166
3470	0.26539099
3471	0.26606786
3472	0.26686588
3473	0.26778010
3474	0.26871088
3475	0.26965106
3476	0.27057821
3477	0.27134088
3478	0.27165604
3479	0.27261561
3480	0.27328351
3481	0.27878118
3482	0.28386346
3483	0.28584304
3484	0.28780034
3485	0.28843448
3486	0.28794920
3487	0.28674287
3488	0.28565514
3489	0.28523540
3490	0.28510594
3491	0.28466436
3492	0.28397724
3493	0.28318936
3494	0.28231359
3495	0.28225312
3496	0.28189763
3497	0.28190577
3498	0.28178999
3499	0.28232840
3500	0.28408602
3501	0.28361416
3502	0.28334177
3503	0.28306225
3504	0.28333005
3505	0.28331393
3506	0.28271043
3507	0.28037819
3508	0.28114885
3509	0.28114346
3510	0.28013366
3511	0.27970994
3512	0.27924803
3513	0.27858329
3514	0.27776572
3515	0.27717769
3516	0.27777469
3517	0.27709848
3518	0.27627569
3519	0.27543047
3520	0.27457282
3521	0.27375433
3522	0.27284399
3523	0.27197370
3524	0.27135196
3525	0.27102682
3526	0.27055350
3527	0.26994050
3528	0.27014834
3529	0.27092054
3530	0.27161187
3531	0.27227092
3532	0.27341533
3533	0.27468157
3534	0.27585876
3535	0.27697286
3536	0.27783263
3537	0.27867395
3538	0.27927911
3539	0.27976564
3540	0.27982640
3541	0.28001866
3542	0.27957565
3543	0.27819127
3544	0.27769196
3545	0.27616921
3546	0.27446005
3547	0.27241802
3548	0.27034292
3549	0.26817986
3550	0.26604864
3551	0.26386407
3552	0.26178700
3553	0.25981891
3554	0.25804168
3555	0.25664809
3556	0.25490934
3557	0.25356129
3558	0.25232282
3559	0.25119233
3560	0.25021225
3561	0.24937387
3562	0.24874324
3563	0.24835652
3564	0.24827735
3565	0.24851196
3566	0.24910805
3567	0.25000283
3568	0.25222597
3569	0.25349897
3570	0.25504565
3571	0.25833410
3572	0.26069963
3573	0.26323509
3574	0.26411867
3575	0.26599872
3576	0.26764542
3577	0.26708707
3578	0.26924160
3579	0.27565637
3580	0.27893537
3581	0.27724764
3582	0.27897513
3583	0.28254607
3584	0.28262821
3585	0.28381047
3586	0.28482598
3587	0.28590491
3588	0.28641659
3589	0.28664941
3590	0.28730035
3591	0.28806287
3592	0.28890976
3593	0.29012975
3594	0.29162031
3595	0.29324824
3596	0.29476056
3597	0.29606751
3598	0.29717526
3599	0.29794908
3600	0.29858246
3601	0.29914007
3602	0.29981709
3603	0.30040258
3604	0.30095944
3605	0.30134436
3606	0.30147785
3607	0.30136183
3608	0.30094990
3609	0.30031419
3610	0.29936785
3611	0.29887247
3612	0.29878968
3613	0.30224141
3614	0.30837017
3615	0.31092656
3616	0.31377059
3617	0.31467602
3618	0.31407273
3619	0.31322971
3620	0.31256142
3621	0.31233302
3622	0.31219617
3623	0.31161833
3624	0.31129554
3625	0.31084451
3626	0.31077302
3627	0.31068656
3628	0.31041172
3629	0.31019387
3630	0.31112999
3631	0.31060719
3632	0.31026751
3633	0.31018892
3634	0.31089064
3635	0.31061843
3636	0.31029001
3637	0.31044260
3638	0.30962917
3639	0.30934730
3640	0.30894074
3641	0.30836588
3642	0.30570588
3643	0.30572107
3644	0.30510920
3645	0.30442449
3646	0.30349764
3647	0.30247483
3648	0.30258164
3649	0.30184782
3650	0.30093718
3651	0.29991192
3652	0.29868758
3653	0.29748464
3654	0.29618511
3655	0.29487303
3656	0.29373509
3657	0.29282808
3658	0.29216409
3659	0.29191166
3660	0.29291385
3661	0.29489538
3662	0.29663631
3663	0.29831696
3664	0.30008328
3665	0.30174425
3666	0.30421555
3667	0.30484274
3668	0.30528954
3669	0.30558074
3670	0.30500305
3671	0.30322468
3672	0.30247450
3673	0.30046171
3674	0.29806176
3675	0.29517272
3676	0.29143623
3677	0.28751454
3678	0.28330809
3679	0.27882278
3680	0.27432755
3681	0.26983866
3682	0.26533341
3683	0.26096770
3684	0.25696403
3685	0.25294948
3686	0.24886005
3687	0.24571627
3688	0.24215612
3689	0.23915058
3690	0.23672020
3691	0.23411909
3692	0.23167661
3693	0.22951657
3694	0.22763309
3695	0.22591469
3696	0.22448622
3697	0.22325112
3698	0.22237016
3699	0.22139943
3700	0.22092937
3701	0.22306883
3702	0.22215183
3703	0.22251056
3704	0.22450066
3705	0.22251104
3706	0.22613047
3707	0.22583181
3708	0.22580077
3709	0.22690032
3710	0.22642268
3711	0.22753602
3712	0.22607216
3713	0.22789882
3714	0.22872756
3715	0.22995080
3716	0.23130123
3717	0.23082027
3718	0.23159523
3719	0.23092353
3720	0.23201212
3721	0.23218872
3722	0.23226236
3723	0.23278514
3724	0.23359428
3725	0.23461750
3726	0.23606047
3727	0.23780896
3728	0.23987593
3729	0.24183817
3730	0.24378388
3731	0.24562041
3732	0.24735722
3733	0.24911414
3734	0.25096253
3735	0.25288665
3736	0.25479564
3737	0.25657207
3738	0.25786075
3739	0.25857884
3740	0.25852349
3741	0.25778928
3742	0.25642908
3743	0.25478780
3744	0.25270307
3745	0.25081280
3746	0.24945538
3747	0.25328228
3748	0.25917402
3749	0.26334009
3750	0.26720637
3751	0.26820308
3752	0.26684740
3753	0.26543477
3754	0.26502690
3755	0.26530516
3756	0.26541367
3757	0.26517865
3758	0.26449546
3759	0.26396027
3760	0.26328394
3761	0.26252672
3762	0.26207510
3763	0.26342383
3764	0.26311725
3765	0.26228464
3766	0.26192328
3767	0.26158297
3768	0.26368073
3769	0.26265579
3770	0.26222280
3771	0.26013654
3772	0.26031783
3773	0.25984159
3774	0.25923452
3775	0.25885320
3776	0.25847644
3777	0.25793371
3778	0.25741234
3779	0.25676665
3780	0.25699767
3781	0.25643867
3782	0.25582856
3783	0.25536725
3784	0.25456619
3785	0.25360963
3786	0.25245485
3787	0.25119752
3788	0.24981591
3789	0.24843112
3790	0.24715112
3791	0.24619442
3792	0.24495924
3793	0.24402356
3794	0.24364898
3795	0.24314915
3796	0.24263343
3797	0.24234562
3798	0.24241981
3799	0.24254385
3800	0.24253275
3801	0.24250121
3802	0.24225143
3803	0.24215126
3804	0.24199238
3805	0.24208374
3806	0.24164245
3807	0.24096407
3808	0.24077275
3809	0.23963386
3810	0.23830234
3811	0.23696269
3812	0.23533960
3813	0.23383398
3814	0.23214401
3815	0.23039900
3816	0.22861291
3817	0.22676200
3818	0.22487910
3819	0.22297536
3820	0.22108245
3821	0.21936414
3822	0.21765885
3823	0.21595599
3824	0.21418221
3825	0.21239117
3826	0.21057770
3827	0.20878328
3828	0.20703225
3829	0.20525903
3830	0.20369275
3831	0.20231979
3832	0.20108065
3833	0.19991298
3834	0.19910365
3835	0.19851859
3836	0.19814870
3837	0.19946073
3838	0.19958901
3839	0.19768123
3840	0.20108412
3841	0.20300102
3842	0.20351440
3843	0.20395884
3844	0.20531437
3845	0.20760073
3846	0.20681275
3847	0.20764166
3848	0.21162675
3849	0.21134144
3850	0.21370871
3851	0.21739253
3852	0.21899252
3853	0.22105227
3854	0.22255042
3855	0.22118454
3856	0.22463535
3857	0.22623004
3858	0.22759706
3859	0.22882853
3860	0.23030648
3861	0.23200138
3862	0.23391932
3863	0.23597738
3864	0.23792657
3865	0.23979197
3866	0.24139534
3867	0.24274106
3868	0.24377804
3869	0.24465559
3870	0.24544324
3871	0.24601065
3872	0.24634406
3873	0.24626939
3874	0.24574372
3875	0.24482287
3876	0.24315530
3877	0.24130741
3878	0.24000391
3879	0.24270301
3880	0.24968126
3881	0.25357872
3882	0.25676975
3883	0.25805831
3884	0.25695240
3885	0.25576997
3886	0.25542882
3887	0.25505006
3888	0.25515926
3889	0.25526834
3890	0.25481534
3891	0.25424489
3892	0.25452119
3893	0.25437254
3894	0.25412101
3895	0.25382593
3896	0.25267625
3897	0.25245470
3898	0.25299925
3899	0.25388756
3900	0.25193506
3901	0.25144482
3902	0.25100839
3903	0.25112528
3904	0.25074971
3905	0.25042975
3906	0.25022787
3907	0.24920841
3908	0.24884014
3909	0.24829179
3910	0.24768679
3911	0.24692677
3912	0.24607828
3913	0.24502361
3914	0.24520215
3915	0.24444792
3916	0.24368379
3917	0.24292351
3918	0.24195570
3919	0.24091490
3920	0.23999795
3921	0.23909418
3922	0.23819649
3923	0.23747581
3924	0.23689933
3925	0.23622847
3926	0.23581414
3927	0.23605733
3928	0.23754242
3929	0.23895217
3930	0.24020144
3931	0.24156654
3932	0.24303851
3933	0.24558575
3934	0.24658462
3935	0.24719781
3936	0.24697116
3937	0.24709906
3938	0.24671882
3939	0.24704896
3940	0.24595784
3941	0.24386311
3942	0.24186151
3943	0.23947705
3944	0.23681776
3945	0.23379882
3946	0.23053139
3947	0.22706853
3948	0.22363888
3949	0.22013606
3950	0.21675402
3951	0.21353713
3952	0.21044889
3953	0.20747694
3954	0.20465045
3955	0.20200661
3956	0.19954187
3957	0.19719222
3958	0.19499737
3959	0.19330002
3960	0.19154078
3961	0.19006512
3962	0.18873963
3963	0.18785885
3964	0.18684956
3965	0.18689440
3966	0.18842648
3967	0.18871060
3968	0.18918759
3969	0.19164704
3970	0.19396485
3971	0.19401690
3972	0.19491529
3973	0.19731537
3974	0.19656268
3975	0.19889867
3976	0.20213822
3977	0.20419444
3978	0.20463423
3979	0.20652971
3980	0.21003741
3981	0.21223010
3982	0.21410581
3983	0.21264793
3984	0.21410184
3985	0.21786895
3986	0.21962659
3987	0.22048944
3988	0.22169495
3989	0.22300397
3990	0.22454248
3991	0.22644617
3992	0.22868477
3993	0.23109114
3994	0.23336954
3995	0.23555560
3996	0.23751794
3997	0.23945887
3998	0.24140376
3999	0.24338402
4000	0.24540660
4001	0.24737479
4002	0.24909139
4003	0.25055152
4004	0.25158504
4005	0.25219762
4006	0.25239989
4007	0.25202972
4008	0.25147963
4009	0.25155205
4010	0.25651214
4011	0.26215285
4012	0.26610774
4013	0.26890558
4014	0.26935479
4015	0.26805776
4016	0.26721242
4017	0.26692793
4018	0.26730266
4019	0.26777834
4020	0.26786512
4021	0.26767778
4022	0.26714033
4023	0.26649743
4024	0.26624537
4025	0.26636985
4026	0.26789466
4027	0.26786923
4028	0.26697132
4029	0.26683250
4030	0.26856890
4031	0.26803392
4032	0.26780680
4033	0.26753730
4034	0.26543024
4035	0.26576027
4036	0.26563060
4037	0.26517367
4038	0.26486680
4039	0.26441768
4040	0.26392642
4041	0.26328582
4042	0.26252577
4043	0.26180142
4044	0.26246393
4045	0.26174033
4046	0.26105803
4047	0.26028913
4048	0.25942117
4049	0.25851345
4050	0.25756907
4051	0.25673422
4052	0.25598055
4053	0.25546673
4054	0.25534046
4055	0.25471869
4056	0.25463405
4057	0.25570080
4058	0.25739759
4059	0.25894436
4060	0.26060462
4061	0.26266411
4062	0.26566550
4063	0.26745018
4064	0.26880667
4065	0.27029061
4066	0.27083573
4067	0.27116379
4068	0.27111760
4069	0.27176851
4070	0.27114421
4071	0.27014822
4072	0.26870152
4073	0.26693723
4074	0.26481673
4075	0.26241991
4076	0.25975469
4077	0.25700834
4078	0.25418156
4079	0.25133145
4080	0.24855711
4081	0.24589100
4082	0.24342963
4083	0.24112548
4084	0.23909384
4085	0.23716564
4086	0.23549578
4087	0.23396263
4088	0.23260134
4089	0.23141980
4090	0.23043631
4091	0.22964656
4092	0.22905365
4093	0.22888269
4094	0.22888112
4095	0.22915731
4096	0.23010768
4097	0.23196875
4098	0.23292060
4099	0.23499927
4100	0.23753797
4101	0.23987000
4102	0.23996598
4103	0.24147315
4104	0.24265407
4105	0.24185058
4106	0.23795021
4107	0.24630889
4108	0.24822593
4109	0.24978013
4110	0.25154781
4111	0.25432688
4112	0.25452620
4113	0.25545678
4114	0.25671875
4115	0.25726399
4116	0.25753179
4117	0.25764412
4118	0.25760239
4119	0.25789383
4120	0.25831512
4121	0.25904444
4122	0.26017836
4123	0.26160625
4124	0.26299903
4125	0.26445949
4126	0.26560301
4127	0.26661217
4128	0.26747116
4129	0.26831451
4130	0.26915753
4131	0.27004319
4132	0.27081341
4133	0.27135372
4134	0.27153233
4135	0.27134100
4136	0.27072477
4137	0.26953238
4138	0.26756522
4139	0.26619297
4140	0.26618513
4141	0.27236661
4142	0.27737716
4143	0.28121632
4144	0.28366792
4145	0.28341910
4146	0.28204072
4147	0.28115401
4148	0.28084502
4149	0.28100520
4150	0.28125581
4151	0.28122112
4152	0.28071576
4153	0.28032294
4154	0.28026202
4155	0.27961007
4156	0.27968672
4157	0.27971673
4158	0.27946776
4159	0.27922142
4160	0.27969003
4161	0.27956447
4162	0.28111964
4163	0.28027880
4164	0.27960834
4165	0.27945557
4166	0.27941033
4167	0.27959159
4168	0.27614465
4169	0.27628174
4170	0.27578139
4171	0.27516803
4172	0.27445039
4173	0.27360111
4174	0.27355427
4175	0.27266526
4176	0.27195784
4177	0.27102223
4178	0.27012381
4179	0.26913625
4180	0.26796475
4181	0.26689586
4182	0.26573437
4183	0.26465848
4184	0.26371056
4185	0.26301435
4186	0.26222396
4187	0.26166061
4188	0.26173836
4189	0.26285324
4190	0.26384193
4191	0.26480430
4192	0.26616186
4193	0.26759031
4194	0.26966631
4195	0.26988536
4196	0.27071097
4197	0.27120715
4198	0.27146816
4199	0.27086321
4200	0.27113786
4201	0.27011561
4202	0.26871842
4203	0.26695365
4204	0.26488137
4205	0.26248586
4206	0.25986910
4207	0.25707296
4208	0.25421360
4209	0.25132719
4210	0.24842802
4211	0.24553785
4212	0.24278893
4213	0.24020411
4214	0.23787220
4215	0.23569609
4216	0.23359628
4217	0.23173849
4218	0.23006028
4219	0.22854444
4220	0.22717059
4221	0.22597755
4222	0.22499503
4223	0.22427773
4224	0.22363070
4225	0.22337887
4226	0.22348982
4227	0.22371642
4228	0.22587769
4229	0.22640517
4230	0.22735465
4231	0.23140936
4232	0.23252819
4233	0.23240699
4234	0.23407373
4235	0.23343669
4236	0.23369104
4237	0.23542506
4238	0.23698831
4239	0.23814626
4240	0.24137615
4241	0.24370211
4242	0.24298590
4243	0.24367321
4244	0.24420108
4245	0.24448678
4246	0.24451746
4247	0.24435605
4248	0.24386646
4249	0.24371555
4250	0.24354962
4251	0.24349687
4252	0.24364218
4253	0.24406748
4254	0.24468809
4255	0.24522758
4256	0.24577470
4257	0.24619550
4258	0.24662116
4259	0.24704103
4260	0.24759509
4261	0.24833161
4262	0.24917172
4263	0.25009245
4264	0.25102395
4265	0.25190735
4266	0.25265265
4267	0.25324008
4268	0.25375089
4269	0.25394243
4270	0.25411358
4271	0.25475433
4272	0.25771129
4273	0.26387563
4274	0.26692066
4275	0.26962605
4276	0.27046880
4277	0.26988223
4278	0.26893982
4279	0.26822463
4280	0.26848015
4281	0.26893389
4282	0.26906335
4283	0.26884300
4284	0.26838645
4285	0.26815951
4286	0.26798624
4287	0.26803428
4288	0.26806176
4289	0.26766473
4290	0.26733068
4291	0.26710227
4292	0.26854756
4293	0.26896882
4294	0.26727033
4295	0.26737392
4296	0.26941073
4297	0.26786977
4298	0.26758519
4299	0.26794261
4300	0.26431447
4301	0.26489478
4302	0.26452526
4303	0.26406682
4304	0.26333341
4305	0.26252621
4306	0.26166034
4307	0.26218882
4308	0.26143831
4309	0.26068175
4310	0.25977859
4311	0.25883064
4312	0.25776613
4313	0.25664395
4314	0.25542486
4315	0.25428021
4316	0.25325590
4317	0.25242457
4318	0.25161204
4319	0.25109774
4320	0.25126666
4321	0.25204912
4322	0.25279358
4323	0.25338712
4324	0.25410756
4325	0.25505584
4326	0.25562486
4327	0.25682533
4328	0.25608799
4329	0.25595802
4330	0.25544766
4331	0.25456896
4332	0.25262842
4333	0.25252146
4334	0.25011978
4335	0.24758005
4336	0.24475884
4337	0.24157868
4338	0.23820783
4339	0.23472296
4340	0.23113330
4341	0.22749874
4342	0.22388774
4343	0.22023602
4344	0.21669237
4345	0.21328989
4346	0.21010175
4347	0.20703095
4348	0.20419331
4349	0.20139326
4350	0.19878297
4351	0.19634810
4352	0.19408423
4353	0.19205141
4354	0.19013289
4355	0.18843192
4356	0.18691410
4357	0.18551061
4358	0.18446189
4359	0.18362606
4360	0.18304314
4361	0.18425383
4362	0.18413641
4363	0.18484715
4364	0.18533444
4365	0.18454678
4366	0.18513460
4367	0.18560070
4368	0.18637836
4369	0.18319933
4370	0.18692996
4371	0.18747593
4372	0.18820745
4373	0.18864982
4374	0.19062170
4375	0.19138522
4376	0.18921484
4377	0.18938723
4378	0.19323710
4379	0.19404936
4380	0.19487198
4381	0.19574225
4382	0.19689400
4383	0.19823562
4384	0.20009576
4385	0.20221624
4386	0.20486665
4387	0.20782155
4388	0.21116899
4389	0.21453831
4390	0.21793711
4391	0.22127815
4392	0.22438006
4393	0.22739993
4394	0.23023479
4395	0.23296918
4396	0.23532751
4397	0.23719560
4398	0.23834118
4399	0.23862059
4400	0.23793244
4401	0.23636168
4402	0.23396903
4403	0.23093367
4404	0.22820993
4405	0.22697408
4406	0.23254065
4407	0.23852625
4408	0.24377146
4409	0.24748744
4410	0.24741800
4411	0.24502058
4412	0.24363504
4413	0.24339168
4414	0.24368870
4415	0.24364538
4416	0.24335100
4417	0.24279448
4418	0.24212402
4419	0.24190666
4420	0.24201450
4421	0.24185656
4422	0.24190320
4423	0.24230571
4424	0.24209067
4425	0.24163343
4426	0.24211328
4427	0.24190901
4428	0.24185590
4429	0.24127413
4430	0.24140239
4431	0.23870333
4432	0.24012060
4433	0.23929064
4434	0.23859964
4435	0.23832177
4436	0.23787960
4437	0.23731211
4438	0.23662540
4439	0.23697929
4440	0.23634876
4441	0.23572069
4442	0.23490205
4443	0.23412094
4444	0.23326872
4445	0.23227638
4446	0.23137203
4447	0.23050264
4448	0.22966890
4449	0.22910516
4450	0.22864577
4451	0.22824229
4452	0.22796653
4453	0.22853065
4454	0.22908296
4455	0.22953622
4456	0.23020323
4457	0.23120058
4458	0.23233548
4459	0.23332933
4460	0.23427753
4461	0.23514652
4462	0.23565045
4463	0.23618615
4464	0.23640354
4465	0.23658088
4466	0.23593736
4467	0.23601671
4468	0.23508796
4469	0.23389183
4470	0.23246591
4471	0.23082723
4472	0.22916421
4473	0.22729197
4474	0.22531854
4475	0.22335082
4476	0.22133881
4477	0.21937840
4478	0.21758775
4479	0.21592793
4480	0.21434303
4481	0.21285641
4482	0.21141756
4483	0.21016113
4484	0.20898689
4485	0.20785254
4486	0.20686874
4487	0.20607193
4488	0.20545512
4489	0.20502493
4490	0.20491385
4491	0.20514649
4492	0.20758379
4493	0.20777367
4494	0.21352921
4495	0.21755649
4496	0.21256159
4497	0.21415354
4498	0.21614265
4499	0.21862078
4500	0.21937835
4501	0.21911772
4502	0.22255215
4503	0.22589315
4504	0.23009741
4505	0.23300749
4506	0.23119645
4507	0.23699728
4508	0.23985478
4509	0.24245138
4510	0.24491073
4511	0.24737166
4512	0.24973097
4513	0.25202802
4514	0.25468597
4515	0.25737077
4516	0.26042527
4517	0.26382324
4518	0.26740268
4519	0.27095371
4520	0.27420625
4521	0.27727920
4522	0.27996397
4523	0.28233522
4524	0.28451487
4525	0.28652915
4526	0.28846124
4527	0.29022470
4528	0.29181138
4529	0.29312897
4530	0.29411414
4531	0.29466176
4532	0.29488966
4533	0.29474685
4534	0.29436636
4535	0.29462272
4536	0.29647785
4537	0.30324858
4538	0.30846402
4539	0.31255332
4540	0.31507656
4541	0.31515500
4542	0.31424850
4543	0.31375575
4544	0.31333014
4545	0.31327194
4546	0.31333497
4547	0.31311226
4548	0.31256157
4549	0.31193587
4550	0.31121966
4551	0.31128541
4552	0.31127569
4553	0.31135890
4554	0.31129432
4555	0.31102815
4556	0.31148243
4557	0.31129926
4558	0.31099868
4559	0.31057921
4560	0.31040263
4561	0.31110027
4562	0.31116122
4563	0.31108841
4564	0.31003898
4565	0.31099844
4566	0.30955145
4567	0.30904290
4568	0.30827093
4569	0.30539981
4570	0.30599913
4571	0.30508348
4572	0.30434510
4573	0.30340135
4574	0.30246451
4575	0.30150360
4576	0.30040556
4577	0.29942220
4578	0.29855213
4579	0.29769665
4580	0.29698294
4581	0.29634315
4582	0.29571402
4583	0.29539564
4584	0.29598990
4585	0.29768905
4586	0.29926246
4587	0.30070597
4588	0.30227205
4589	0.30392927
4590	0.30622536
4591	0.30721334
4592	0.30761647
4593	0.30829224
4594	0.30843505
4595	0.30904862
4596	0.30871496
4597	0.30669075
4598	0.30497202
4599	0.30278477
4600	0.30017886
4601	0.29716974
4602	0.29377928
4603	0.29008210
4604	0.28628591
4605	0.28233734
4606	0.27842662
4607	0.27459040
4608	0.27096689
4609	0.26752251
4610	0.26427290
4611	0.26119801
4612	0.25832918
4613	0.25567871
4614	0.25327295
4615	0.25105548
4616	0.24905048
4617	0.24725172
4618	0.24609572
4619	0.24483033
4620	0.24327251
4621	0.24266510
4622	0.24329297
4623	0.24379180
4624	0.24999717
4625	0.25624317
4626	0.25210813
4627	0.24619332
4628	0.24710004
4629	0.24775276
4630	0.25878295
4631	0.25863841
4632	0.25796151
4633	0.25524071
4634	0.25231716
4635	0.25103191
4636	0.25322607
4637	0.25403139
4638	0.25466540
4639	0.25483787
4640	0.25484014
4641	0.25465459
4642	0.25427392
4643	0.25366271
4644	0.25271529
4645	0.25203368
4646	0.25143856
4647	0.25104055
4648	0.25107196
4649	0.25141490
4650	0.25185537
4651	0.25239956
4652	0.25275987
4653	0.25301889
4654	0.25325185
4655	0.25346327
4656	0.25382417
4657	0.25431943
4658	0.25478962
4659	0.25517601
4660	0.25537607
4661	0.25531054
4662	0.25492480
4663	0.25387338
4664	0.25204930
4665	0.25056967
4666	0.25091487
4667	0.25670674
4668	0.26048410
4669	0.26352456
4670	0.26599717
4671	0.26537612
4672	0.26311347
4673	0.26186153
4674	0.26166764
4675	0.26186469
4676	0.26178941
4677	0.26150763
4678	0.26105043
4679	0.26064083
4680	0.26048562
4681	0.26042253
4682	0.26070213
4683	0.26053926
4684	0.26041794
4685	0.25955990
4686	0.26184234
4687	0.26107997
4688	0.26098508
4689	0.25939310
4690	0.26048705
4691	0.25649849
4692	0.26028013
4693	0.26064527
4694	0.25764245
4695	0.25776225
4696	0.25731182
4697	0.25703096
4698	0.25654268
4699	0.25592631
4700	0.25632167
4701	0.25591657
4702	0.25525895
4703	0.25451070
4704	0.25385797
4705	0.25310209
4706	0.25237888
4707	0.25168037
4708	0.25097358
4709	0.25041747
4710	0.25007826
4711	0.24979728
4712	0.25002030
4713	0.25127628
4714	0.25337437
4715	0.25524935
4716	0.25704050
4717	0.25891209
4718	0.26098943
4719	0.26272053
4720	0.26431394
4721	0.26569825
4722	0.26663706
4723	0.26731092
4724	0.26765770
4725	0.26696235
4726	0.26734352
4727	0.26629564
4728	0.26427719
4729	0.26219335
4730	0.25976229
4731	0.25705761
4732	0.25416449
4733	0.25118381
4734	0.24806118
4735	0.24497266
4736	0.24202114
4737	0.23913676
4738	0.23645999
4739	0.23390365
4740	0.23160358
4741	0.22942950
4742	0.22740008
4743	0.22541133
4744	0.22358781
4745	0.22196397
4746	0.22032097
4747	0.21880208
4748	0.21742602
4749	0.21606486
4750	0.21511111
4751	0.21433496
4752	0.21375354
4753	0.21418767
4754	0.21497908
4755	0.21504299
4756	0.21701337
4757	0.21684289
4758	0.21772285
4759	0.21900310
4760	0.22063842
4761	0.21845397
4762	0.21881017
4763	0.22247148
4764	0.22565866
4765	0.22827837
4766	0.23032172
4767	0.22795227
4768	0.23339820
4769	0.23495574
4770	0.23656850
4771	0.23804802
4772	0.23941685
4773	0.24058992
4774	0.24146304
4775	0.24261710
4776	0.24378820
4777	0.24505162
4778	0.24652289
4779	0.24821596
4780	0.24992214
4781	0.25149277
4782	0.25288188
4783	0.25393623
4784	0.25474963
4785	0.25535163
4786	0.25594687
4787	0.25655615
4788	0.25713676
4789	0.25750169
4790	0.25763619
4791	0.25737965
4792	0.25676030
4793	0.25578353
4794	0.25447717
4795	0.25293288
4796	0.25226817
4797	0.25289384
4798	0.25922230
4799	0.26370284
4800	0.26643378
4801	0.26826850
4802	0.26797038
4803	0.26720601
4804	0.26667905
4805	0.26620910
4806	0.26594839
4807	0.26584956
4808	0.26571831
4809	0.26512754
4810	0.26460865
4811	0.26429209
4812	0.26416075
4813	0.26407593
4814	0.26378772
4815	0.26289591
4816	0.26233023
4817	0.26404580
4818	0.26362631
4819	0.26336956
4820	0.26160049
4821	0.26215324
4822	0.26208425
4823	0.26195171
4824	0.26225764
4825	0.25852495
4826	0.25860533
4827	0.25858465
4828	0.25807798
4829	0.25743622
4830	0.25658458
4831	0.25664052
4832	0.25573802
4833	0.25502843
4834	0.25424162
4835	0.25333515
4836	0.25241989
4837	0.25142527
4838	0.25045690
4839	0.24954918
4840	0.24874501
4841	0.24810900
4842	0.24771711
4843	0.24716862
4844	0.24681923
4845	0.24748886
4846	0.24871616
4847	0.24976832
4848	0.25085968
4849	0.25236222
4850	0.25421807
4851	0.25575480
4852	0.25736508
4853	0.25888243
4854	0.26014397
4855	0.26095313
4856	0.26151511
4857	0.26161453
4858	0.26078561
4859	0.26138505
4860	0.26025772
4861	0.25880569
4862	0.25706619
4863	0.25518316
4864	0.25312379
4865	0.25086597
4866	0.24852800
4867	0.24611691
4868	0.24378064
4869	0.24142838
4870	0.23926583
4871	0.23725413
4872	0.23538417
4873	0.23363493
4874	0.23196010
4875	0.23044543
4876	0.22905119
4877	0.22783178
4878	0.22674492
4879	0.22590573
4880	0.22524998
4881	0.22476465
4882	0.22443932
4883	0.22421083
4884	0.22427244
4885	0.22463460
4886	0.22645333
4887	0.22702059
4888	0.22748497
4889	0.22832923
4890	0.23265900
4891	0.23208264
4892	0.23323819
4893	0.23226176
4894	0.22710492
4895	0.23351315
4896	0.23476335
4897	0.23617905
4898	0.23953100
4899	0.23685336
4900	0.24157012
4901	0.24224946
4902	0.24328135
4903	0.24409793
4904	0.24480706
4905	0.24540669
4906	0.24577560
4907	0.24661310
4908	0.24765509
4909	0.24874376
4910	0.25041151
4911	0.25247616
4912	0.25475964
4913	0.25701588
4914	0.25914124
4915	0.26112247
4916	0.26289657
4917	0.26462618
4918	0.26645201
4919	0.26830488
4920	0.27014720
4921	0.27180079
4922	0.27315488
4923	0.27401516
4924	0.27443129
4925	0.27413693
4926	0.27316767
4927	0.27202216
4928	0.27142242
4929	0.27649450
4930	0.28229392
4931	0.28682280
4932	0.29037899
4933	0.29152909
4934	0.28986496
4935	0.28838432
4936	0.28795677
4937	0.28800708
4938	0.28831995
4939	0.28839159
4940	0.28802785
4941	0.28751317
4942	0.28732735
4943	0.28707647
4944	0.28669146
4945	0.28680536
4946	0.28684518
4947	0.28661218
4948	0.28643543
4949	0.28604406
4950	0.28549713
4951	0.28812554
4952	0.28739178
4953	0.28676373
4954	0.28612015
4955	0.28675938
4956	0.28690335
4957	0.28670350
4958	0.28528488
4959	0.28300503
4960	0.28255263
4961	0.28195766
4962	0.28115475
4963	0.28156981
4964	0.28090656
4965	0.28010762
4966	0.27925646
4967	0.27837414
4968	0.27742907
4969	0.27640060
4970	0.27548328
4971	0.27456051
4972	0.27366537
4973	0.27302432
4974	0.27255577
4975	0.27212828
4976	0.27189428
4977	0.27179965
4978	0.27294376
4979	0.27426192
4980	0.27537698
4981	0.27684683
4982	0.27843153
4983	0.28058052
4984	0.28127837
4985	0.28244337
4986	0.28339961
4987	0.28398091
4988	0.28412962
4989	0.28317174
4990	0.28380266
4991	0.28292680
4992	0.28177333
4993	0.28020215
4994	0.27842382
4995	0.27637994
4996	0.27415544
4997	0.27189377
4998	0.26955599
4999	0.26719728
5000	0.26486570
5001	0.26262221
5002	0.26047024
5003	0.25836769
5004	0.25635767
5005	0.25446904
5006	0.25267261
5007	0.25099504
5008	0.24946935
5009	0.24800585
5010	0.24667782
5011	0.24557720
5012	0.24454281
5013	0.24387582
5014	0.24344094
5015	0.24496622
5016	0.24490656
5017	0.24506590
5018	0.24544778
5019	0.24745698
5020	0.24797435
5021	0.24844138
5022	0.24786194
5023	0.24683100
5024	0.24809681
5025	0.24939983
5026	0.25040776
5027	0.25113153
5028	0.25307804
5029	0.25400868
5030	0.25457501
5031	0.25517708
5032	0.25532600
5033	0.25550768
5034	0.25554216
5035	0.25548047
5036	0.25538489
5037	0.25517175
5038	0.25540823
5039	0.25577164
5040	0.25648963
5041	0.25760067
5042	0.25907984
5043	0.26062995
5044	0.26213855
5045	0.26347560
5046	0.26454601
5047	0.26545045
5048	0.26620731
5049	0.26693612
5050	0.26768720
5051	0.26833051
5052	0.26877812
5053	0.26898509
5054	0.26877910
5055	0.26801857
5056	0.26633349
5057	0.26486751
5058	0.26363632
5059	0.26730555
5060	0.27315933
5061	0.27611810
5062	0.27979460
5063	0.28138611
5064	0.27987462
5065	0.27761284
5066	0.27639905
5067	0.27622336
5068	0.27638105
5069	0.27626139
5070	0.27589223
5071	0.27534449
5072	0.27502409
5073	0.27488130
5074	0.27487949
5075	0.27494252
5076	0.27499813
5077	0.27446032
5078	0.27425280
5079	0.27414408
5080	0.27445441
5081	0.27591389
5082	0.27423307
5083	0.27388909
5084	0.27500144
5085	0.27457193
5086	0.27435607
5087	0.27483362
5088	0.27450281
5089	0.27113718
5090	0.27095327
5091	0.27040449
5092	0.26978508
5093	0.26887169
5094	0.26917580
5095	0.26849669
5096	0.26764968
5097	0.26680869
5098	0.26591775
5099	0.26493886
5100	0.26386952
5101	0.26277152
5102	0.26171616
5103	0.26064244
5104	0.25985211
5105	0.25934473
5106	0.25884557
5107	0.25856969
5108	0.25897798
5109	0.25992778
5110	0.26073644
5111	0.26146454
5112	0.26233867
5113	0.26338387
5114	0.26414576
5115	0.26465821
5116	0.26504865
5117	0.26499107
5118	0.26484770
5119	0.26430827
5120	0.26295221
5121	0.26303795
5122	0.26147133
5123	0.25907281
5124	0.25673404
5125	0.25408882
5126	0.25126547
5127	0.24826492
5128	0.24521069
5129	0.24203563
5130	0.23884155
5131	0.23559363
5132	0.23240776
5133	0.22932562
5134	0.22641870
5135	0.22363627
5136	0.22089428
5137	0.21823579
5138	0.21564005
5139	0.21314485
5140	0.21072289
5141	0.20832759
5142	0.20605661
5143	0.20393772
5144	0.20169514
5145	0.19977073
5146	0.19817100
5147	0.19666138
5148	0.19672489
5149	0.19646515
5150	0.19541153
5151	0.19438007
5152	0.19517368
5153	0.19378036
5154	0.19465134
5155	0.19517682
5156	0.19348525
5157	0.18831412
5158	0.19486128
5159	0.19554353
5160	0.19722445
5161	0.19812578
5162	0.19430174
5163	0.19513601
5164	0.20066072
5165	0.20087656
5166	0.20157428
5167	0.20203513
5168	0.20272006
5169	0.20327912
5170	0.20436232
5171	0.20555873
5172	0.20714708
5173	0.20919344
5174	0.21154661
5175	0.21404664
5176	0.21643101
5177	0.21872060
5178	0.22087069
5179	0.22292322
5180	0.22508353
5181	0.22725143
5182	0.22934280
5183	0.23131414
5184	0.23307218
5185	0.23454177
5186	0.23586899
5187	0.23695067
5188	0.23778120
5189	0.23824687
5190	0.23898646
5191	0.24088521
5192	0.24706100
5193	0.25090116
5194	0.25363129
5195	0.25495628
5196	0.25466833
5197	0.25380060
5198	0.25327012
5199	0.25304949
5200	0.25351238
5201	0.25377011
5202	0.25367996
5203	0.25345439
5204	0.25315034
5205	0.25303224
5206	0.25317478
5207	0.25330144
5208	0.25337625
5209	0.25300154
5210	0.25381598
5211	0.25395411
5212	0.25405747
5213	0.25396603
5214	0.25341743
5215	0.25348434
5216	0.25358829
5217	0.25391597
5218	0.25106886
5219	0.25111872
5220	0.25066748
5221	0.25043470
5222	0.24988563
5223	0.24921757
5224	0.24971506
5225	0.24915208
5226	0.24841753
5227	0.24759361
5228	0.24682985
5229	0.24599566
5230	0.24514578
5231	0.24421127
5232	0.24333523
5233	0.24253333
5234	0.24179889
5235	0.24111049
5236	0.24066181
5237	0.24016036
5238	0.23982379
5239	0.23992197
5240	0.24107581
5241	0.24239010
5242	0.24351136
5243	0.24584456
5244	0.24692732
5245	0.24775656
5246	0.24860644
5247	0.24921048
5248	0.24854143
5249	0.24831422
5250	0.24741937
5251	0.24717356
5252	0.24564864
5253	0.24390540
5254	0.24171484
5255	0.23914286
5256	0.23632754
5257	0.23323280
5258	0.22991019
5259	0.22643894
5260	0.22290435
5261	0.21943893
5262	0.21607776
5263	0.21285394
5264	0.20992057
5265	0.20720121
5266	0.20468481
5267	0.20243475
5268	0.20064127
5269	0.19884236
5270	0.19726233
5271	0.19587010
5272	0.19472189
5273	0.19380687
5274	0.19299142
5275	0.19211741
5276	0.19188823
5277	0.19185588
5278	0.19370891
5279	0.19390091
5280	0.19418226
5281	0.19475368
5282	0.19676915
5283	0.19693972
5284	0.19780734
5285	0.19901489
5286	0.19890252
5287	0.19801521
5288	0.20178346
5289	0.20167665
5290	0.20439717
5291	0.20561062
5292	0.20239635
5293	0.20365162
5294	0.20481713
5295	0.20962237
5296	0.21051082
5297	0.21142346
5298	0.21224020
5299	0.21306153
5300	0.21375366
5301	0.21506496
5302	0.21653146
5303	0.21838099
5304	0.22074318
5305	0.22341974
5306	0.22637823
5307	0.22920869
5308	0.23195660
5309	0.23450507
5310	0.23689300
5311	0.23913597
5312	0.24137853
5313	0.24349691
5314	0.24550128
5315	0.24708936
5316	0.24823608
5317	0.24868593
5318	0.24849273
5319	0.24763952
5320	0.24645585
5321	0.24485405
5322	0.24327980
5323	0.24260810
5324	0.24657358
5325	0.25235412
5326	0.25690410
5327	0.25985795
5328	0.26048443
5329	0.25924450
5330	0.25853631
5331	0.25842968
5332	0.25866520
5333	0.25896588
5334	0.25904381
5335	0.25866133
5336	0.25819367
5337	0.25807047
5338	0.25799480
5339	0.25815520
5340	0.25813997
5341	0.25792876
5342	0.25767490
5343	0.25822937
5344	0.25807592
5345	0.25842077
5346	0.25676230
5347	0.25622320
5348	0.25745276
5349	0.25745216
5350	0.25393775
5351	0.25488490
5352	0.25448802
5353	0.25424451
5354	0.25380227
5355	0.25321272
5356	0.25358871
5357	0.25283372
5358	0.25217134
5359	0.25154930
5360	0.25081348
5361	0.24999984
5362	0.24910726
5363	0.24810399
5364	0.24702638
5365	0.24601783
5366	0.24494512
5367	0.24395280
5368	0.24322814
5369	0.24256703
5370	0.24181707
5371	0.24141927
5372	0.24212198
5373	0.24320082
5374	0.24412650
5375	0.24511431
5376	0.24648961
5377	0.24884738
5378	0.24986036
5379	0.25059134
5380	0.25057027
5381	0.25089082
5382	0.25084800
5383	0.24998654
5384	0.25031942
5385	0.24901722
5386	0.24625653
5387	0.24386936
5388	0.24110250
5389	0.23798606
5390	0.23453033
5391	0.23083360
5392	0.22705950
5393	0.22329859
5394	0.21949793
5395	0.21583709
5396	0.21223110
5397	0.20886970
5398	0.20567892
5399	0.20271012
5400	0.20015576
5401	0.19753289
5402	0.19506690
5403	0.19288093
5404	0.19092858
5405	0.18919344
5406	0.18776515
5407	0.18671729
5408	0.18589433
5409	0.18551596
5410	0.18497515
5411	0.18554598
5412	0.18718871
5413	0.18788406
5414	0.19431596
5415	0.19884658
5416	0.19383805
5417	0.19249843
5418	0.19483665
5419	0.19659500
5420	0.19626501
5421	0.19680449
5422	0.20029560
5423	0.20193395
5424	0.20469698
5425	0.20631053
5426	0.20789765
5427	0.20585126
5428	0.20706336
5429	0.21127567
5430	0.21239908
5431	0.21339272
5432	0.21433666
5433	0.21531689
5434	0.21638121
5435	0.21794240
5436	0.21968241
5437	0.22186063
5438	0.22440669
5439	0.22714499
5440	0.22986263
5441	0.23250712
5442	0.23508593
5443	0.23741972
5444	0.23969078
5445	0.24198964
5446	0.24430193
5447	0.24655159
5448	0.24853277
5449	0.25016615
5450	0.25136590
5451	0.25213552
5452	0.25231394
5453	0.25227082
5454	0.25197920
5455	0.25199187
5456	0.25246200
5457	0.25586557
5458	0.26152766
5459	0.26520118
5460	0.26799303
5461	0.26887822
5462	0.26803899
5463	0.26762336
5464	0.26765132
5465	0.26765159
5466	0.26782963
5467	0.26769403
5468	0.26738414
5469	0.26688048
5470	0.26656044
5471	0.26621661
5472	0.26542568
5473	0.26499939
5474	0.26630878
5475	0.26611108
5476	0.26503402
5477	0.26485518
5478	0.26455790
5479	0.26625165
5480	0.26565340
5481	0.26548231
5482	0.26380175
5483	0.26311037
5484	0.26337427
5485	0.26330385
5486	0.26301211
5487	0.26268256
5488	0.26230031
5489	0.26168811
5490	0.26213869
5491	0.26164156
5492	0.26089722
5493	0.26013824
5494	0.25933331
5495	0.25847876
5496	0.25767708
5497	0.25686646
5498	0.25618079
5499	0.25551248
5500	0.25493649
5501	0.25463137
5502	0.25427505
5503	0.25440302
5504	0.25513676
5505	0.25684354
5506	0.25841397
5507	0.26003584
5508	0.26172677
5509	0.26362947
5510	0.26545188
5511	0.26715127
5512	0.26876768
5513	0.27015394
5514	0.27100062
5515	0.27164027
5516	0.27123934
5517	0.27264765
5518	0.27161512
5519	0.27055478
5520	0.26908422
5521	0.26718509
5522	0.26499212
5523	0.26260889
5524	0.26008058
5525	0.25744087
5526	0.25481021
5527	0.25224376
5528	0.24982633
5529	0.24747308
5530	0.24516684
5531	0.24297951
5532	0.24088818
5533	0.23889209
5534	0.23699118
5535	0.23515664
5536	0.23348773
5537	0.23197228
5538	0.23051381
5539	0.22944011
5540	0.22871187
5541	0.22820234
5542	0.22955924
5543	0.22945364
5544	0.22970060
5545	0.22985277
5546	0.23173457
5547	0.23368098
5548	0.23325488
5549	0.23392634
5550	0.23495454
5551	0.23509066
5552	0.23365115
5553	0.23742555
5554	0.23887970
5555	0.24028102
5556	0.24150452
5557	0.24474393
5558	0.24510241
5559	0.24609682
5560	0.24782786
5561	0.24892759
5562	0.24991652
5563	0.25092286
5564	0.25198981
5565	0.25351050
5566	0.25523245
5567	0.25745311
5568	0.26007336
5569	0.26294389
5570	0.26572257
5571	0.26842156
5572	0.27083045
5573	0.27292871
5574	0.27475935
5575	0.27634403
5576	0.27771461
5577	0.27879149
5578	0.27954462
5579	0.27991197
5580	0.27979717
5581	0.27913132
5582	0.27747250
5583	0.27540642
5584	0.27347144
5585	0.27574256
5586	0.28213808
5587	0.28697801
5588	0.29216674
5589	0.29575732
5590	0.29540664
5591	0.29296848
5592	0.29130077
5593	0.29066032
5594	0.29072538
5595	0.29061320
5596	0.29033270
5597	0.28980863
5598	0.28910559
5599	0.28850505
5600	0.28857893
5601	0.28863251
5602	0.28846690
5603	0.28849509
5604	0.28839853
5605	0.28813982
5606	0.29010949
5607	0.29015926
5608	0.28939661
5609	0.28927901
5610	0.28917250
5611	0.28897098
5612	0.28864065
5613	0.28708881
5614	0.28590849
5615	0.28583065
5616	0.28535378
5617	0.28475547
5618	0.28405151
5619	0.28316978
5620	0.28325230
5621	0.28245041
5622	0.28171533
5623	0.28080559
5624	0.27981907
5625	0.27870417
5626	0.27755207
5627	0.27630219
5628	0.27495080
5629	0.27355954
5630	0.27249202
5631	0.27197888
5632	0.27086797
5633	0.26990259
5634	0.26952374
5635	0.26958692
5636	0.26946357
5637	0.26920056
5638	0.26909661
5639	0.26908705
5640	0.26907915
5641	0.26898268
5642	0.26885262
5643	0.26857096
5644	0.26789078
5645	0.26721072
5646	0.26619640
5647	0.26458901
5648	0.26415396
5649	0.26236901
5650	0.26033965
5651	0.25814793
5652	0.25580555
5653	0.25344631
5654	0.25109419
5655	0.24872878
5656	0.24634913
5657	0.24417982
5658	0.24217072
5659	0.24024813
5660	0.23842061
5661	0.23665224
5662	0.23493697
5663	0.23334663
5664	0.23186330
5665	0.23047952
5666	0.22921561
5667	0.22807167
5668	0.22709227
5669	0.22611523
5670	0.22551288
5671	0.22506084
5672	0.22476809
5673	0.22482626
5674	0.22634347
5675	0.22639254
5676	0.23128588
5677	0.22878411
5678	0.23033921
5679	0.22939374
5680	0.22996497
5681	0.23072335
5682	0.22968717
5683	0.22837129
5684	0.23150992
5685	0.23585187
5686	0.23604928
5687	0.23514090
5688	0.23616545
5689	0.23686340
5690	0.23615333
5691	0.23726183
5692	0.23785743
5693	0.23842607
5694	0.23918672
5695	0.23996596
5696	0.24125898
5697	0.24287106
5698	0.24473429
5699	0.24701585
5700	0.24954663
5701	0.25214034
5702	0.25448525
5703	0.25659439
5704	0.25841326
5705	0.25982693
5706	0.26116043
5707	0.26247120
5708	0.26374865
5709	0.26480654
5710	0.26542839
5711	0.26559815
5712	0.26537499
5713	0.26493424
5714	0.26431188
5715	0.26381019
5716	0.26357996
5717	0.26339716
5718	0.26462558
5719	0.27069518
5720	0.27663663
5721	0.28081951
5722	0.28320563
5723	0.28349483
5724	0.28265086
5725	0.28207567
5726	0.28174427
5727	0.28222701
5728	0.28280571
5729	0.28274813
5730	0.28257194
5731	0.28237295
5732	0.28226867
5733	0.28180560
5734	0.28188431
5735	0.28190616
5736	0.28158319
5737	0.28140014
5738	0.28101832
5739	0.28213149
5740	0.28310683
5741	0.28241256
5742	0.28203321
5743	0.28181800
5744	0.28147995
5745	0.28153655
5746	0.28107914
5747	0.27876970
5748	0.27820873
5749	0.27812567
5750	0.27772143
5751	0.27689832
5752	0.27589196
5753	0.27679202
5754	0.27591655
5755	0.27521351
5756	0.27443707
5757	0.27359688
5758	0.27291164
5759	0.27233285
5760	0.27185947
5761	0.27148840
5762	0.27151436
5763	0.27146763
5764	0.27148750
5765	0.27156907
5766	0.27279416
5767	0.27539760
5768	0.27783224
5769	0.28040871
5770	0.28349024
5771	0.28676537
5772	0.28986487
5773	0.29273179
5774	0.29535815
5775	0.29738218
5776	0.29916009
5777	0.30040538
5778	0.30094817
5779	0.30178356
5780	0.30112293
5781	0.29998916
5782	0.29827139
5783	0.29592133
5784	0.29308912
5785	0.28978574
5786	0.28617221
5787	0.28232855
5788	0.27832055
5789	0.27421638
5790	0.27019182
5791	0.26626319
5792	0.26280001
5793	0.25933221
5794	0.25609574
5795	0.25308645
5796	0.25028643
5797	0.24770604
5798	0.24537142
5799	0.24330777
5800	0.24158500
5801	0.24014258
5802	0.23906980
5803	0.23832664
5804	0.23788626
5805	0.23753016
5806	0.23775963
5807	0.24015421
5808	0.24032988
5809	0.24815865
5810	0.25647584
5811	0.25236830
5812	0.24591692
5813	0.24720255
5814	0.24843368
5815	0.24926004
5816	0.25050843
5817	0.24945781
5818	0.25706908
5819	0.25994200
5820	0.26004115
5821	0.25933108
5822	0.25977629
5823	0.26334143
5824	0.26299253
5825	0.26475981
5826	0.26708516
5827	0.26838532
5828	0.26951411
5829	0.27038532
5830	0.27153894
5831	0.27272469
5832	0.27396405
5833	0.27550435
5834	0.27723870
5835	0.27908349
5836	0.28074425
5837	0.28230652
5838	0.28361949
5839	0.28466719
5840	0.28563726
5841	0.28662679
5842	0.28766042
5843	0.28885612
5844	0.29010937
5845	0.29123825
5846	0.29208449
5847	0.29263589
5848	0.29275966
5849	0.29234633
5850	0.29205680
5851	0.29184842
5852	0.29355150
5853	0.29991546
5854	0.30381364
5855	0.30746910
5856	0.30986658
5857	0.30981731
5858	0.30844054
5859	0.30754283
5860	0.30718648
5861	0.30703828
5862	0.30631945
5863	0.30614716
5864	0.30548674
5865	0.30523723
5866	0.30512530
5867	0.30502167
5868	0.30461511
5869	0.30561540
5870	0.30519414
5871	0.30488849
5872	0.30588239
5873	0.30571151
5874	0.30551767
5875	0.30538794
5876	0.30548948
5877	0.30488172
5878	0.30424958
5879	0.30419183
5880	0.30384913
5881	0.30180445
5882	0.30163673
5883	0.30126202
5884	0.30080539
5885	0.30009469
5886	0.29924655
5887	0.29960945
5888	0.29898092
5889	0.29825449
5890	0.29739287
5891	0.29649159
5892	0.29538292
5893	0.29430237
5894	0.29318148
5895	0.29212397
5896	0.29140666
5897	0.29062182
5898	0.28982666
5899	0.28968024
5900	0.29072979
5901	0.29219863
5902	0.29354569
5903	0.29482728
5904	0.29635102
5905	0.29781303
5906	0.29894555
5907	0.29991445
5908	0.30051199
5909	0.30080310
5910	0.30052719
5911	0.29953760
5912	0.29914623
5913	0.29736528
5914	0.29510349
5915	0.29174954
5916	0.28845888
5917	0.28481519
5918	0.28091082
5919	0.27681941
5920	0.27269205
5921	0.26853734
5922	0.26434135
5923	0.26024652
5924	0.25617748
5925	0.25230944
5926	0.24861275
5927	0.24508975
5928	0.24168964
5929	0.23839347
5930	0.23527823
5931	0.23226887
5932	0.22943705
5933	0.22677964
5934	0.22427849
5935	0.22243217
5936	0.22027181
5937	0.21847872
5938	0.21641247
5939	0.21436529
5940	0.21444966
5941	0.21485384
5942	0.21431598
5943	0.21539301
5944	0.21631165
5945	0.21492857
5946	0.21405911
5947	0.21458377
5948	0.21287115
5949	0.21420121
5950	0.21442319
5951	0.21277323
5952	0.21195473
5953	0.21576415
5954	0.21664685
5955	0.21712095
5956	0.21358916
5957	0.21386999
5958	0.21668954
5959	0.21731371
5960	0.21752390
5961	0.21816953
5962	0.21892230
5963	0.22008950
5964	0.22160602
5965	0.22352415
5966	0.22567184
5967	0.22780810
5968	0.22989924
5969	0.23188727
5970	0.23366161
5971	0.23531321
5972	0.23686494
5973	0.23826131
5974	0.23950930
5975	0.24056569
5976	0.24127032
5977	0.24148679
5978	0.24122700
5979	0.24050726
5980	0.23933822
5981	0.23783875
5982	0.23694292
5983	0.23846349
5984	0.24433990
5985	0.24814110
5986	0.25149667
5987	0.25328088
5988	0.25243542
5989	0.25047848
5990	0.24944219
5991	0.24906258
5992	0.24922700
5993	0.24931037
5994	0.24938282
5995	0.24896407
5996	0.24846864
5997	0.24890846
5998	0.24869369
5999	0.24856986
6000	0.24864230
6001	0.24863151
6002	0.24762990
6003	0.24840195
6004	0.24909244
6005	0.24703176
6006	0.24698198
6007	0.24668527
6008	0.24671301
6009	0.24652876
6010	0.24659565
6011	0.24565952
6012	0.24528325
6013	0.24499315
6014	0.24454263
6015	0.24393952
6016	0.24324758
6017	0.24239664
6018	0.24272995
6019	0.24214940
6020	0.24138947
6021	0.24043742
6022	0.23963420
6023	0.23866430
6024	0.23766100
6025	0.23670052
6026	0.23578316
6027	0.23499158
6028	0.23451483
6029	0.23418044
6030	0.23371363
6031	0.23362000
6032	0.23464148
6033	0.23585998
6034	0.23693098
6035	0.23804784
6036	0.23943371
6037	0.24076489
6038	0.24262536
6039	0.24301973
6040	0.24386452
6041	0.24446997
6042	0.24459533
6043	0.24461867
6044	0.24321268
6045	0.24428925
6046	0.24236003
6047	0.24077266
6048	0.23886260
6049	0.23671786
6050	0.23433055
6051	0.23183137
6052	0.22933117
6053	0.22677214
6054	0.22424805
6055	0.22185391
6056	0.21951596
6057	0.21737452
6058	0.21534416
6059	0.21339564
6060	0.21156268
6061	0.20982857
6062	0.20816268
6063	0.20660517
6064	0.20515400
6065	0.20385540
6066	0.20251489
6067	0.20162530
6068	0.20104218
6069	0.20051888
6070	0.20054792
6071	0.20177066
6072	0.20206077
6073	0.20249444
6074	0.20376360
6075	0.20618187
6076	0.20603949
6077	0.20637575
6078	0.20836481
6079	0.20686880
6080	0.20951460
6081	0.21091883
6082	0.21027201
6083	0.21074140
6084	0.21507330
6085	0.21668524
6086	0.21693951
6087	0.21455935
6088	0.21543278
6089	0.21928540
6090	0.22015277
6091	0.22076756
6092	0.22187628
6093	0.22319038
6094	0.22474663
6095	0.22664160
6096	0.22898738
6097	0.23147257
6098	0.23393957
6099	0.23622078
6100	0.23828740
6101	0.24010301
6102	0.24177378
6103	0.24340108
6104	0.24490950
6105	0.24620114
6106	0.24727467
6107	0.24801064
6108	0.24841094
6109	0.24845421
6110	0.24832357
6111	0.24803866
6112	0.24792390
6113	0.24772049
6114	0.24829705
6115	0.24986051
6116	0.25610074
6117	0.26048651
6118	0.26364779
6119	0.26535028
6120	0.26542389
6121	0.26480857
6122	0.26431093
6123	0.26401243
6124	0.26415122
6125	0.26421049
6126	0.26422125
6127	0.26367864
6128	0.26289392
6129	0.26197523
6130	0.26278469
6131	0.26302341
6132	0.26288956
6133	0.26185685
6134	0.26146099
6135	0.26138303
6136	0.26262891
6137	0.26284102
6138	0.25972563
6139	0.26004344
6140	0.25995481
6141	0.26001605
6142	0.25923482
6143	0.25892922
6144	0.25867981
6145	0.25828126
6146	0.25779948
6147	0.25724009
6148	0.25758049
6149	0.25688547
6150	0.25617656
6151	0.25548050
6152	0.25471213
6153	0.25386581
6154	0.25294733
6155	0.25197545
6156	0.25100803
6157	0.25011131
6158	0.24919915
6159	0.24849306
6160	0.24820906
6161	0.24729072
6162	0.24688329
6163	0.24706604
6164	0.24838153
6165	0.24969578
6166	0.25083807
6167	0.25207511
6168	0.25358677
6169	0.25491217
6170	0.25607443
6171	0.25717780
6172	0.25791597
6173	0.25836933
6174	0.25824434
6175	0.25754637
6176	0.25802857
6177	0.25694111
6178	0.25493020
6179	0.25300637
6180	0.25069687
6181	0.24815845
6182	0.24532044
6183	0.24244349
6184	0.23951115
6185	0.23648189
6186	0.23360896
6187	0.23089764
6188	0.22856082
6189	0.22606263
6190	0.22365248
6191	0.22133718
6192	0.21914575
6193	0.21710935
6194	0.21521406
6195	0.21344233
6196	0.21186803
6197	0.21052024
6198	0.20947583
6199	0.20817503
6200	0.20768768
6201	0.20747115
6202	0.20926319
6203	0.20922847
6204	0.20934360
6205	0.20984204
6206	0.21176946
6207	0.21287307
6208	0.21345592
6209	0.21429124
6210	0.21488810
6211	0.21354125
6212	0.21664733
6213	0.21772036
6214	0.21665923
6215	0.21624239
6216	0.21999185
6217	0.22188792
6218	0.22300608
6219	0.22069834
6220	0.22180550
6221	0.22558348
6222	0.22735775
6223	0.22867346
6224	0.23002532
6225	0.23199090
6226	0.23427020
6227	0.23692447
6228	0.23987438
6229	0.24314724
6230	0.24633826
6231	0.24936140
6232	0.25210252
6233	0.25460967
6234	0.25697014
6235	0.25928819
6236	0.26163349
6237	0.26379791
6238	0.26568702
6239	0.26711309
6240	0.26806083
6241	0.26848137
6242	0.26847878
6243	0.26778039
6244	0.26665646
6245	0.26569653
6246	0.26844174
6247	0.27417287
6248	0.27891001
6249	0.28396428
6250	0.28704289
6251	0.28666660
6252	0.28469846
6253	0.28363466
6254	0.28349203
6255	0.28375131
6256	0.28366533
6257	0.28290433
6258	0.28229156
6259	0.28187031
6260	0.28149495
6261	0.28166106
6262	0.28171945
6263	0.28219360
6264	0.28409514
6265	0.28349489
6266	0.28322831
6267	0.28308722
6268	0.28402939
6269	0.28321204
6270	0.28302804
6271	0.28061625
6272	0.28098348
6273	0.28062865
6274	0.28009430
6275	0.27989441
6276	0.27963319
6277	0.27930433
6278	0.27879810
6279	0.27823088
6280	0.27747011
6281	0.27777433
6282	0.27713338
6283	0.27638367
6284	0.27555826
6285	0.27468815
6286	0.27357969
6287	0.27244648
6288	0.27122390
6289	0.27019939
6290	0.26888230
6291	0.26782617
6292	0.26656920
6293	0.26595426
6294	0.26595363
6295	0.26699987
6296	0.26790428
6297	0.26861140
6298	0.26940581
6299	0.27030051
6300	0.27097732
6301	0.27136499
6302	0.27170342
6303	0.27168474
6304	0.27151507
6305	0.27070108
6306	0.26898783
6307	0.26833811
6308	0.26607582
6309	0.26338753
6310	0.25945818
6311	0.25573483
6312	0.25166166
6313	0.24735540
6314	0.24298321
6315	0.23860355
6316	0.23430210
6317	0.23003721
6318	0.22587049
6319	0.22158508
6320	0.21777818
6321	0.21415055
6322	0.21067804
6323	0.20729966
6324	0.20414630
6325	0.20122872
6326	0.19845212
6327	0.19582713
6328	0.19344677
6329	0.19138213
6330	0.18934357
6331	0.18789022
6332	0.18594867
6333	0.18559083
6334	0.18736310
6335	0.18704423
6336	0.18686356
6337	0.18750042
6338	0.18875153
6339	0.18989527
6340	0.18986465
6341	0.19058029
6342	0.18933786
6343	0.19100370
6344	0.19271202
6345	0.19587965
6346	0.19762024
6347	0.19750623
6348	0.20089392
6349	0.20222107
6350	0.20500834
6351	0.20669633
6352	0.20518504
6353	0.20713495
6354	0.21235436
6355	0.21426043
6356	0.21677893
6357	0.21946336
6358	0.22250135
6359	0.22587143
6360	0.22932795
6361	0.23309074
6362	0.23672110
6363	0.24017072
6364	0.24339578
6365	0.24641858
6366	0.24934094
6367	0.25207904
6368	0.25467163
6369	0.25695357
6370	0.25891349
6371	0.26034659
6372	0.26118898
6373	0.26140448
6374	0.26101881
6375	0.26021713
6376	0.25911668
6377	0.25847220
6378	0.25848716
6379	0.26406068
6380	0.26929754
6381	0.27300373
6382	0.27554017
6383	0.27579176
6384	0.27489579
6385	0.27419984
6386	0.27370968
6387	0.27353212
6388	0.27338472
6389	0.27249959
6390	0.27187911
6391	0.27097878
6392	0.27066010
6393	0.27188945
6394	0.27097860
6395	0.27086705
6396	0.27247423
6397	0.27183294
6398	0.27144510
6399	0.27174205
6400	0.27223381
6401	0.26898038
6402	0.26908103
6403	0.26904014
6404	0.26892993
6405	0.26881731
6406	0.26800260
6407	0.26760602
6408	0.26719785
6409	0.26682377
6410	0.26626596
6411	0.26556024
6412	0.26477659
6413	0.26514035
6414	0.26449394
6415	0.26376486
6416	0.26285911
6417	0.26207450
6418	0.26102400
6419	0.26002166
6420	0.25903186
6421	0.25839618
6422	0.25766629
6423	0.25710174
6424	0.25648069
6425	0.25598356
6426	0.25588226
6427	0.25665364
6428	0.25738934
6429	0.25793412
6430	0.25866130
6431	0.25966886
6432	0.26049069
6433	0.26138106
6434	0.26215833
6435	0.26280588
6436	0.26322824
6437	0.26342666
6438	0.26321808
6439	0.26230422
6440	0.26074955
6441	0.26090041
6442	0.25939155
6443	0.25760037
6444	0.25550622
6445	0.25328138
6446	0.25095117
6447	0.24864626
6448	0.24632771
6449	0.24405244
6450	0.24187076
6451	0.23970416
6452	0.23778549
6453	0.23602472
6454	0.23437203
6455	0.23285055
6456	0.23146823
6457	0.23019071
6458	0.22906168
6459	0.22792470
6460	0.22718751
6461	0.22670524
6462	0.22645923
6463	0.22632250
6464	0.22733834
6465	0.22835803
6466	0.22873013
6467	0.22934034
6468	0.23080578
6469	0.23326389
6470	0.23318553
6471	0.23401719
6472	0.23483734
6473	0.23247865
6474	0.23738408
6475	0.23839240
6476	0.23898184
6477	0.23914909
6478	0.24018933
6479	0.24129224
6480	0.24180226
6481	0.24264632
6482	0.24321944
6483	0.24251126
6484	0.24347529
6485	0.24359557
6486	0.24409980
6487	0.24469855
6488	0.24561852
6489	0.24698156
6490	0.24875714
6491	0.25084147
6492	0.25288892
6493	0.25487119
6494	0.25666389
6495	0.25819042
6496	0.25956318
6497	0.26080558
6498	0.26189962
6499	0.26290539
6500	0.26375473
6501	0.26439059
6502	0.26486176
6503	0.26506716
6504	0.26501229
6505	0.26481190
6506	0.26430202
6507	0.26388147
6508	0.26379311
6509	0.26510084
6510	0.27120337
6511	0.27501872
6512	0.27825579
6513	0.28070810
6514	0.28106725
6515	0.27968994
6516	0.27821052
6517	0.27774265
6518	0.27817026
6519	0.27845931
6520	0.27771482
6521	0.27748007
6522	0.27700293
6523	0.27688128
6524	0.27708793
6525	0.27723524
6526	0.27725545
6527	0.27897286
6528	0.27858397
6529	0.27821705
6530	0.27884099
6531	0.27810091
6532	0.27790198
6533	0.27568185
6534	0.27572533
6535	0.27566093
6536	0.27550250
6537	0.27499002
6538	0.27437529
6539	0.27392468
6540	0.27343142
6541	0.27293134
6542	0.27221420
6543	0.27137685
6544	0.27053449
6545	0.27106923
6546	0.27036917
6547	0.26946542
6548	0.26854184
6549	0.26766801
6550	0.26677597
6551	0.26594600
6552	0.26549834
6553	0.26487008
6554	0.26441127
6555	0.26394379
6556	0.26359862
6557	0.26347554
6558	0.26448375
6559	0.26561412
6560	0.26655364
6561	0.26749885
6562	0.26864728
6563	0.26975030
6564	0.27052397
6565	0.27129743
6566	0.27195826
6567	0.27231264
6568	0.27242011
6569	0.27185327
6570	0.27084717
6571	0.27102518
6572	0.26967168
6573	0.26797509
6574	0.26599583
6575	0.26372603
6576	0.26129389
6577	0.25869322
6578	0.25607780
6579	0.25343245
6580	0.25093725
6581	0.24840254
6582	0.24604553
6583	0.24355344
6584	0.24136759
6585	0.23928131
6586	0.23737517
6587	0.23559858
6588	0.23390725
6589	0.23231325
6590	0.23086292
6591	0.22964093
6592	0.22854879
6593	0.22748728
6594	0.22685769
6595	0.22641166
6596	0.22818246
6597	0.22820662
6598	0.23262608
6599	0.23533969
6600	0.23024635
6601	0.23235767
6602	0.23238024
6603	0.23263665
6604	0.23478737
6605	0.23174471
6606	0.23594277
6607	0.23371314
6608	0.23448107
6609	0.23701079
6610	0.24006659
6611	0.24241270
6612	0.24281338
6613	0.24386780
6614	0.24423705
6615	0.24591032
6616	0.24667796
6617	0.24748598
6618	0.24882725
6619	0.25055629
6620	0.25252762
6621	0.25498095
6622	0.25766188
6623	0.26043272
6624	0.26316950
6625	0.26584366
6626	0.26831514
6627	0.27064002
6628	0.27283195
6629	0.27489665
6630	0.27687192
6631	0.27873081
6632	0.28033233
6633	0.28171557
6634	0.28271464
6635	0.28320378
6636	0.28318298
6637	0.28267002
6638	0.28191051
6639	0.28078002
6640	0.27961719
6641	0.27886504
6642	0.28230596
6643	0.28950137
6644	0.29399824
6645	0.29779622
6646	0.29930437
6647	0.29830375
6648	0.29667336
6649	0.29549566
6650	0.29540926
6651	0.29552808
6652	0.29523802
6653	0.29440510
6654	0.29343402
6655	0.29315841
6656	0.29321417
6657	0.29335147
6658	0.29313961
6659	0.29315847
6660	0.29357070
6661	0.29455552
6662	0.29424939
6663	0.29392838
6664	0.29380190
6665	0.29380047
6666	0.29332191
6667	0.29315940
6668	0.29251772
6669	0.29003426
6670	0.29048932
6671	0.29025093
6672	0.28993255
6673	0.28953746
6674	0.28897312
6675	0.28922060
6676	0.28848743
6677	0.28778508
6678	0.28723270
6679	0.28642654
6680	0.28560486
6681	0.28470114
6682	0.28373405
6683	0.28272909
6684	0.28184152
6685	0.28098133
6686	0.28026780
6687	0.27994427
6688	0.27916870
6689	0.27915019
6690	0.28026953
6691	0.28189409
6692	0.28344694
6693	0.28509381
6694	0.28702411
6695	0.28895628
6696	0.29064402
6697	0.29219285
6698	0.29328120
6699	0.29427585
6700	0.29485831
6701	0.29516038
6702	0.29422191
6703	0.29448602
6704	0.29317454
6705	0.29077965
6706	0.28845716
6707	0.28570572
6708	0.28262934
6709	0.27940288
6710	0.27610353
6711	0.27271953
6712	0.26937577
6713	0.26605338
6714	0.26285926
6715	0.25982311
6716	0.25702095
6717	0.25453812
6718	0.25224733
6719	0.25012478
6720	0.24811414
6721	0.24625938
6722	0.24457790
6723	0.24305427
6724	0.24163832
6725	0.24042773
6726	0.23941854
6727	0.23851235
6728	0.23790903
6729	0.23754007
6730	0.23723948
6731	0.23909155
6732	0.23875186
6733	0.23878124
6734	0.23954250
6735	0.24042335
6736	0.24174416
6737	0.24140160
6738	0.24114004
6739	0.24195588
6740	0.24234612
6741	0.24207102
6742	0.24199936
6743	0.24324834
6744	0.24415886
6745	0.24496643
6746	0.24552891
6747	0.24707128
6748	0.24709350
6749	0.24715820
6750	0.24858129
6751	0.24920785
6752	0.24996361
6753	0.25123608
6754	0.25283375
6755	0.25483835
6756	0.25722328
6757	0.26004517
6758	0.26309153
6759	0.26608437
6760	0.26900962
6761	0.27176151
6762	0.27429450
6763	0.27677849
6764	0.27914837
6765	0.28137809
6766	0.28342137
6767	0.28515401
6768	0.28649190
6769	0.28728530
6770	0.28747129
6771	0.28700584
6772	0.28604648
6773	0.28477347
6774	0.28401500
6775	0.28350112
6776	0.28853235
6777	0.29382738
6778	0.29791749
6779	0.30161247
6780	0.30276197
6781	0.30148607
6782	0.29986858
6783	0.29901335
6784	0.29909077
6785	0.29931983
6786	0.29855621
6787	0.29857716
6788	0.29815534
6789	0.29781738
6790	0.29780382
6791	0.29768935
6792	0.29777467
6793	0.29866463
6794	0.29872409
6795	0.29939929
6796	0.29947072
6797	0.29928344
6798	0.29920700
6799	0.29915911
6800	0.29850078
6801	0.29808992
6802	0.29810131
6803	0.29632771
6804	0.29604158
6805	0.29574257
6806	0.29543728
6807	0.29491767
6808	0.29425523
6809	0.29341057
6810	0.29388437
6811	0.29319158
6812	0.29236597
6813	0.29147905
6814	0.29052284
6815	0.28948325
6816	0.28856573
6817	0.28766936
6818	0.28682494
6819	0.28629753
6820	0.28572381
6821	0.28524986
6822	0.28447384
6823	0.28408062
6824	0.28475326
6825	0.28560206
6826	0.28613338
6827	0.28654546
6828	0.28723302
6829	0.28780252
6830	0.28826618
6831	0.28862253
6832	0.28870377
6833	0.28838798
6834	0.28811243
6835	0.28732890
6836	0.28662220
6837	0.28475845
6838	0.28394979
6839	0.28216624
6840	0.28002796
6841	0.27767065
6842	0.27521440
6843	0.27274540
6844	0.27021253
6845	0.26764640
6846	0.26512995
6847	0.26264575
6848	0.26031852
6849	0.25816548
6850	0.25605789
6851	0.25405523
6852	0.25217351
6853	0.25033563
6854	0.24871242
6855	0.24718037
6856	0.24582426
6857	0.24463798
6858	0.24361345
6859	0.24269569
6860	0.24220710
6861	0.24183366
6862	0.24170567
6863	0.24341966
6864	0.24374616
6865	0.24402142
6866	0.24602000
6867	0.24778770
6868	0.24803053
6869	0.24789684
6870	0.24778277
6871	0.24952219
6872	0.24653882
6873	0.24936369
6874	0.25043380
6875	0.25172907
6876	0.25283524
6877	0.25376415
6878	0.25807732
6879	0.25515848
6880	0.25523019
6881	0.25636840
6882	0.25649744
6883	0.25646454
6884	0.25639066
6885	0.25667536
6886	0.25721860
6887	0.25813732
6888	0.25951064
6889	0.26128009
6890	0.26326600
6891	0.26523769
6892	0.26719883
6893	0.26915911
6894	0.27113301
6895	0.27324510
6896	0.27555138
6897	0.27794993
6898	0.28042835
6899	0.28277594
6900	0.28482053
6901	0.28650367
6902	0.28776354
6903	0.28857183
6904	0.28915465
6905	0.28976786
6906	0.29070470
6907	0.29183593
6908	0.29352722
6909	0.29915491
6910	0.30442318
6911	0.30811191
6912	0.31053051
6913	0.31075463
6914	0.30989134
6915	0.30950579
6916	0.30945483
6917	0.30959058
6918	0.30886400
6919	0.30872864
6920	0.30831841
6921	0.30788720
6922	0.30761132
6923	0.30759826
6924	0.30740276
6925	0.30840209
6926	0.30793419
6927	0.30754307
6928	0.30816078
6929	0.30820915
6930	0.30786955
6931	0.30771163
6932	0.30719113
6933	0.30646908
6934	0.30660596
6935	0.30660036
6936	0.30619162
6937	0.30397272
6938	0.30386177
6939	0.30342126
6940	0.30277824
6941	0.30210447
6942	0.30228984
6943	0.30143991
6944	0.30082068
6945	0.29998842
6946	0.29905248
6947	0.29806566
6948	0.29703301
6949	0.29590258
6950	0.29483190
6951	0.29377422
6952	0.29318452
6953	0.29247269
6954	0.29156670
6955	0.29112998
6956	0.29166779
6957	0.29288268
6958	0.29396620
6959	0.29491326
6960	0.29611072
6961	0.29734790
6962	0.29836157
6963	0.29917580
6964	0.29974595
6965	0.29980999
6966	0.29982391
6967	0.29967418
6968	0.29846168
6969	0.29687047
6970	0.29658926
6971	0.29459882
6972	0.29225549
6973	0.28961590
6974	0.28673214
6975	0.28373703
6976	0.28068653
6977	0.27766699
6978	0.27473235
6979	0.27194577
6980	0.26937151
6981	0.26706773
6982	0.26495549
6983	0.26301327
6984	0.26128277
6985	0.25979650
6986	0.25842631
6987	0.25721702
6988	0.25612247
6989	0.25522932
6990	0.25447002
6991	0.25383958
6992	0.25345522
6993	0.25336272
6994	0.25327209
6995	0.25401998
6996	0.25534764
6997	0.25571662
6998	0.25618505
6999	0.25864410
7000	0.26071522
7001	0.26001978
7002	0.26022115
7003	0.26087895
7004	0.25848365
7005	0.25950429
7006	0.26472840
7007	0.26729038
7008	0.26804391
7009	0.26784253
7010	0.26754001
7011	0.26798999
7012	0.26710930
7013	0.26783964
7014	0.26882747
7015	0.26917815
7016	0.26935247
7017	0.27000412
7018	0.27083996
7019	0.27191022
7020	0.27340522
7021	0.27529329
7022	0.27735725
7023	0.27928644
7024	0.28117344
7025	0.28276369
7026	0.28418112
7027	0.28537732
7028	0.28650346
7029	0.28748611
7030	0.28826678
7031	0.28883466
7032	0.28903750
7033	0.28880754
7034	0.28817683
7035	0.28673029
7036	0.28470042
7037	0.28286770
7038	0.28561723
7039	0.29205865
7040	0.29754418
7041	0.30207142
7042	0.30489376
7043	0.30404192
7044	0.30185780
7045	0.30055538
7046	0.29997349
7047	0.30003968
7048	0.30009124
7049	0.29948834
7050	0.29804626
7051	0.29763553
7052	0.29776528
7053	0.29785466
7054	0.29786292
7055	0.29769465
7056	0.29771373
7057	0.29852852
7058	0.29814318
7059	0.29904670
7060	0.29873919
7061	0.29845631
7062	0.29809225
7063	0.29821917
7064	0.29809162
7065	0.29725394
7066	0.29691043
7067	0.29419261
7068	0.29455620
7069	0.29411137
7070	0.29360938
7071	0.29288042
7072	0.29189286
7073	0.29215208
7074	0.29146186
7075	0.29072517
7076	0.28978714
7077	0.28879049
7078	0.28764620
7079	0.28634125
7080	0.28489792
7081	0.28328037
7082	0.28193772
7083	0.28100342
7084	0.28016603
7085	0.27936953
7086	0.27926260
7087	0.27950564
7088	0.27979720
7089	0.28008759
7090	0.28079417
7091	0.28180438
7092	0.28277338
7093	0.28377762
7094	0.28465182
7095	0.28538957
7096	0.28624246
7097	0.28723729
7098	0.28721330
7099	0.28844151
7100	0.28781679
7101	0.28728083
7102	0.28639796
7103	0.28530845
7104	0.28405425
7105	0.28264570
7106	0.28111115
7107	0.27949497
7108	0.27781799
7109	0.27603987
7110	0.27426234
7111	0.27251038
7112	0.27081591
7113	0.26920229
7114	0.26753223
7115	0.26581523
7116	0.26408771
7117	0.26222712
7118	0.26036876
7119	0.25849590
7120	0.25670177
7121	0.25488859
7122	0.25320724
7123	0.25160527
7124	0.24991633
7125	0.24846639
7126	0.24710073
7127	0.24811384
7128	0.24444884
7129	0.24482815
7130	0.24376705
7131	0.24576570
7132	0.24323356
7133	0.24123110
7134	0.24056529
7135	0.23814234
7136	0.23772192
7137	0.23733258
7138	0.23687352
7139	0.23698047
7140	0.23727332
7141	0.23194069
7142	0.23509860
7143	0.23462228
7144	0.23360392
7145	0.23291624
7146	0.23241839
7147	0.23193309
7148	0.23193897
7149	0.23215525
7150	0.23241681
7151	0.23282883
7152	0.23326974
7153	0.23358099
7154	0.23373558
7155	0.23373452
7156	0.23354591
7157	0.23334196
7158	0.23330939
7159	0.23340343
7160	0.23358633
7161	0.23397255
7162	0.23449053
7163	0.23512936
7164	0.23581429
7165	0.23661125
7166	0.23740415
7167	0.23841529
7168	0.24008274
7169	0.24204277
7170	0.24410667
7171	0.25046059
7172	0.25354955
7173	0.25482860
7174	0.25527123
7175	0.25517038
7176	0.25494713
7177	0.25441942
7178	0.25366724
7179	0.25326729
7180	0.25311530
7181	0.25273669
7182	0.25214854
7183	0.25163156
7184	0.25125784
7185	0.25088826
7186	0.25122735
7187	0.25091147
7188	0.25054899
7189	0.25043243
7190	0.25069448
7191	0.24903090
7192	0.25022632
7193	0.25023887
7194	0.24814434
7195	0.24833161
7196	0.24803220
7197	0.24824229
7198	0.24817872
7199	0.24715462
7200	0.24681449
7201	0.24636318
7202	0.24587914
7203	0.24521182
7204	0.24439418
7205	0.24519847
7206	0.24442531
7207	0.24372335
7208	0.24293524
7209	0.24205071
7210	0.24128649
7211	0.24054784
7212	0.23993006
7213	0.23940068
7214	0.23918667
7215	0.23921171
7216	0.23916505
7217	0.23942156
7218	0.24052761
7219	0.24266696
7220	0.24468499
7221	0.24685465
7222	0.24914412
7223	0.25146565
7224	0.25362128
7225	0.25549382
7226	0.25697884
7227	0.25817966
7228	0.25897491
7229	0.25900722
7230	0.25788772
7231	0.25879267
7232	0.25769293
7233	0.25611258
7234	0.25416702
7235	0.25186452
7236	0.24927977
7237	0.24646167
7238	0.24359176
7239	0.24063984
7240	0.23779173
7241	0.23504378
7242	0.23246539
7243	0.23009600
7244	0.22815594
7245	0.22615126
7246	0.22431576
7247	0.22274075
7248	0.22137123
7249	0.22014090
7250	0.21918216
7251	0.21838854
7252	0.21792428
7253	0.21782318
7254	0.21756908
7255	0.21796051
7256	0.22036909
7257	0.22123878
7258	0.22278124
7259	0.22417615
7260	0.22851770
7261	0.22932558
7262	0.23065579
7263	0.23181188
7264	0.23272555
7265	0.23418701
7266	0.23630327
7267	0.23834819
7268	0.24061228
7269	0.24440387
7270	0.24616194
7271	0.24770881
7272	0.24975386
7273	0.25150299
7274	0.25312224
7275	0.25457948
7276	0.25585812
7277	0.25731456
7278	0.25894243
7279	0.26070103
7280	0.26261473
7281	0.26494467
7282	0.26763666
7283	0.27049628
7284	0.27334163
7285	0.27637079
7286	0.27934942
7287	0.28229094
7288	0.28527653
7289	0.28837073
7290	0.29149169
7291	0.29470679
7292	0.29790977
7293	0.30104876
7294	0.30403125
7295	0.30669528
7296	0.30918518
7297	0.31144741
7298	0.31377015
7299	0.31620875
7300	0.31838930
7301	0.32347897
7302	0.32933721
7303	0.33315226
7304	0.33658653
7305	0.33773226
7306	0.33739600
7307	0.33682016
7308	0.33646265
7309	0.33678931
7310	0.33705649
7311	0.33659244
7312	0.33553916
7313	0.33522597
7314	0.33521378
7315	0.33531827
7316	0.33557516
7317	0.33572054
7318	0.33673388
7319	0.33639705
7320	0.33592951
7321	0.33601835
7322	0.33538669
7323	0.33507362
7324	0.33488849
7325	0.33484402
7326	0.33457583
7327	0.33528841
7328	0.33593541
7329	0.33561045
7330	0.33523825
7331	0.33354980
7332	0.33277512
7333	0.33174759
7334	0.33083981
7335	0.33100265
7336	0.32863119
7337	0.32807213
7338	0.32722360
7339	0.32628483
7340	0.32513502
7341	0.32401630
7342	0.32280242
7343	0.32168907
7344	0.32083127
7345	0.31998536
7346	0.31945497
7347	0.31905901
7348	0.31996351
7349	0.32150111
7350	0.32285511
7351	0.32428810
7352	0.32590401
7353	0.32750499
7354	0.32878608
7355	0.33058506
7356	0.33051023
7357	0.33080441
7358	0.33052158
7359	0.32853770
7360	0.32958743
7361	0.32796472
7362	0.32590038
7363	0.32334250
7364	0.32034859
7365	0.31698453
7366	0.31322050
7367	0.30926797
7368	0.30519903
7369	0.30101997
7370	0.29683366
7371	0.29270920
7372	0.28871584
7373	0.28494710
7374	0.28139663
7375	0.27813101
7376	0.27501735
7377	0.27210268
7378	0.26949257
7379	0.26706442
7380	0.26485136
7381	0.26287907
7382	0.26117197
7383	0.25972402
7384	0.25858119
7385	0.25756702
7386	0.25695544
7387	0.25671208
7388	0.25666079
7389	0.25851145
7390	0.25886890
7391	0.26619875
7392	0.27376032
7393	0.26909202
7394	0.26261657
7395	0.26475689
7396	0.26604185
7397	0.26844612
7398	0.27463681
7399	0.27340841
7400	0.27235842
7401	0.26915455
7402	0.27075419
7403	0.27067137
7404	0.27142605
7405	0.27085373
7406	0.27012819
7407	0.26901543
7408	0.26758537
7409	0.26551455
7410	0.26367188
7411	0.26146591
7412	0.25920576
7413	0.25699785
7414	0.25478753
7415	0.25251153
7416	0.25014979
7417	0.24761559
7418	0.24485576
7419	0.24208437
7420	0.23938403
7421	0.23692024
7422	0.23480988
7423	0.23314385
7424	0.23199087
7425	0.23140311
7426	0.23122683
7427	0.23144540
7428	0.23175852
7429	0.23246720
7430	0.23324661
7431	0.23609085
7432	0.24243988
7433	0.24410263
7434	0.24545835
7435	0.24561857
7436	0.24546492
7437	0.24495512
7438	0.24419235
7439	0.24344189
7440	0.24332610
7441	0.24330273
7442	0.24304163
7443	0.24256536
7444	0.24212936
7445	0.24184991
7446	0.24156886
7447	0.24152963
7448	0.24141514
7449	0.24283919
7450	0.24138047
7451	0.24088714
7452	0.24118316
7453	0.24095738
7454	0.24012771
7455	0.23991559
7456	0.23932083
7457	0.23722471
7458	0.23760298
7459	0.23777209
7460	0.23684047
7461	0.23638828
7462	0.23586117
7463	0.23520638
7464	0.23554583
7465	0.23475656
7466	0.23396562
7467	0.23327875
7468	0.23246619
7469	0.23164400
7470	0.23086803
7471	0.23001321
7472	0.22933923
7473	0.22865784
7474	0.22813515
7475	0.22772169
7476	0.22726400
7477	0.22708228
7478	0.22678167
7479	0.22714148
7480	0.22808737
7481	0.22882155
7482	0.22930907
7483	0.23005015
7484	0.23093681
7485	0.23197559
7486	0.23271962
7487	0.23337929
7488	0.23398428
7489	0.23439935
7490	0.23476909
7491	0.23394956
7492	0.23321405
7493	0.23285225
7494	0.23145556
7495	0.22959173
7496	0.22739793
7497	0.22493133
7498	0.22227983
7499	0.21943024
7500	0.21675628
7501	0.21381052
7502	0.21094052
7503	0.20815170
7504	0.20545460
7505	0.20282014
7506	0.20028444
7507	0.19775555
7508	0.19539703
7509	0.19319260
7510	0.19115672
7511	0.18937451
7512	0.18781917
7513	0.18639916
7514	0.18481874
7515	0.18419445
7516	0.18359904
7517	0.18408564
7518	0.18519802
7519	0.18534622
7520	0.18547694
7521	0.18738990
7522	0.18671033
7523	0.18807046
7524	0.18917064
7525	0.18870459
7526	0.18652190
7527	0.19171172
7528	0.19274937
7529	0.19509026
7530	0.19625539
7531	0.19269714
7532	0.19381146
7533	0.19977416
7534	0.20035000
7535	0.20131607
7536	0.20225812
7537	0.20336667
7538	0.20458940
7539	0.20594890
7540	0.20753202
7541	0.20962532
7542	0.21206304
7543	0.21478318
7544	0.21806595
7545	0.22151506
7546	0.22492963
7547	0.22830153
7548	0.23151508
7549	0.23457123
7550	0.23757480
7551	0.24056587
7552	0.24356100
7553	0.24646455
7554	0.24906242
7555	0.25133583
7556	0.25311220
7557	0.25431237
7558	0.25507718
7559	0.25553536
7560	0.25621155
7561	0.25656646
7562	0.26025560
7563	0.26592669
7564	0.26921722
7565	0.27194232
7566	0.27316362
7567	0.27249742
7568	0.27146816
7569	0.27115679
7570	0.27111077
7571	0.27108288
7572	0.27074715
7573	0.27019247
7574	0.26949841
7575	0.26904282
7576	0.26889518
7577	0.26889125
7578	0.26885906
7579	0.26858097
7580	0.26777479
7581	0.26741588
7582	0.26695383
7583	0.26892930
7584	0.26873001
7585	0.26686573
7586	0.26768896
7587	0.26868200
7588	0.26732710
7589	0.26783687
7590	0.26763648
7591	0.26450366
7592	0.26428396
7593	0.26385108
7594	0.26326674
7595	0.26247251
7596	0.26183915
7597	0.26239991
7598	0.26161301
7599	0.26068464
7600	0.25971729
7601	0.25869271
7602	0.25757030
7603	0.25651336
7604	0.25544479
7605	0.25452024
7606	0.25386813
7607	0.25315768
7608	0.25273672
7609	0.25261724
7610	0.25317389
7611	0.25371078
7612	0.25419065
7613	0.25491083
7614	0.25584304
7615	0.25706142
7616	0.25802633
7617	0.25897780
7618	0.25979620
7619	0.26018766
7620	0.26058838
7621	0.26068693
7622	0.26053068
7623	0.25881293
7624	0.25964168
7625	0.25841665
7626	0.25687349
7627	0.25513417
7628	0.25315368
7629	0.25105006
7630	0.24888931
7631	0.24664384
7632	0.24440366
7633	0.24219000
7634	0.24014381
7635	0.23827541
7636	0.23662435
7637	0.23499800
7638	0.23352285
7639	0.23213689
7640	0.23086540
7641	0.22981325
7642	0.22886403
7643	0.22804323
7644	0.22741488
7645	0.22704278
7646	0.22693197
7647	0.22688009
7648	0.22727290
7649	0.22788616
7650	0.22948156
7651	0.23089692
7652	0.23201559
7653	0.23851889
7654	0.23617750
7655	0.23898159
7656	0.23961020
7657	0.24075323
7658	0.24074730
7659	0.24114062
7660	0.24348143
7661	0.24541509
7662	0.24737366
7663	0.25120568
7664	0.25269827
7665	0.25380251
7666	0.25539306
7667	0.25656214
7668	0.25757569
7669	0.25833461
7670	0.25895861
7671	0.25925264
7672	0.25987464
7673	0.26047319
7674	0.26127139
7675	0.26228312
7676	0.26351973
7677	0.26479694
7678	0.26589516
7679	0.26669544
7680	0.26733482
7681	0.26771507
7682	0.26804066
7683	0.26847219
7684	0.26897532
7685	0.26955354
7686	0.27011213
7687	0.27056605
7688	0.27081254
7689	0.27092755
7690	0.27081874
7691	0.27040502
7692	0.26999328
7693	0.26996997
7694	0.27477831
7695	0.28035313
7696	0.28337646
7697	0.28578037
7698	0.28637555
7699	0.28583330
7700	0.28534630
7701	0.28508320
7702	0.28473133
7703	0.28470102
7704	0.28465939
7705	0.28423738
7706	0.28366441
7707	0.28343514
7708	0.28327298
7709	0.28306532
7710	0.28232402
7711	0.28217143
7712	0.28187397
7713	0.28141993
7714	0.28067440
7715	0.28085825
7716	0.28139517
7717	0.28261274
7718	0.28176835
7719	0.28086790
7720	0.28138968
7721	0.28163996
7722	0.28137609
7723	0.27716523
7724	0.27769884
7725	0.27710977
7726	0.27638280
7727	0.27546552
7728	0.27566388
7729	0.27498195
7730	0.27413088
7731	0.27324989
7732	0.27227089
7733	0.27119070
7734	0.27005360
7735	0.26894444
7736	0.26788330
7737	0.26691166
7738	0.26622233
7739	0.26543045
7740	0.26477274
7741	0.26418212
7742	0.26445460
7743	0.26465285
7744	0.26468396
7745	0.26488477
7746	0.26548818
7747	0.26596910
7748	0.26623631
7749	0.26648608
7750	0.26644754
7751	0.26624480
7752	0.26564842
7753	0.26494119
7754	0.26437715
7755	0.26278174
7756	0.26086506
7757	0.26077163
7758	0.25910819
7759	0.25732517
7760	0.25542855
7761	0.25347748
7762	0.25150776
7763	0.24959621
7764	0.24767490
7765	0.24592799
7766	0.24427146
7767	0.24282825
7768	0.24148643
7769	0.24023677
7770	0.23905069
7771	0.23800175
7772	0.23700592
7773	0.23608254
7774	0.23520997
7775	0.23448850
7776	0.23379104
7777	0.23340903
7778	0.23325859
7779	0.23321790
7780	0.23335068
7781	0.23592225
7782	0.23592691
7783	0.23649962
7784	0.23801765
7785	0.23949535
7786	0.24196221
7787	0.24192291
7788	0.24116346
7789	0.24107452
7790	0.24304669
7791	0.24465579
7792	0.24589808
7793	0.24735722
7794	0.25054702
7795	0.25118974
7796	0.25146315
7797	0.25267676
7798	0.25320536
7799	0.25349715
7800	0.25366318
7801	0.25383297
7802	0.25380391
7803	0.25425383
7804	0.25473520
7805	0.25562245
7806	0.25686815
7807	0.25843313
7808	0.26016414
7809	0.26181358
7810	0.26339954
7811	0.26479197
7812	0.26590493
7813	0.26703131
7814	0.26821357
7815	0.26947948
7816	0.27069986
7817	0.27182335
7818	0.27269495
7819	0.27323321
7820	0.27336544
7821	0.27313504
7822	0.27244037
7823	0.27128264
7824	0.27058956
7825	0.27138257
7826	0.27741921
7827	0.28191209
7828	0.28548536
7829	0.28774539
7830	0.28770322
7831	0.28611884
7832	0.28520697
7833	0.28506494
7834	0.28536075
7835	0.28557748
7836	0.28555891
7837	0.28518513
7838	0.28477320
7839	0.28465307
7840	0.28448653
7841	0.28434145
7842	0.28400537
7843	0.28403109
7844	0.28357717
7845	0.28383195
7846	0.28403640
7847	0.28330314
7848	0.28635260
7849	0.28504944
7850	0.28464037
7851	0.28431678
7852	0.28494191
7853	0.28491914
7854	0.28465474
7855	0.28310931
7856	0.28083098
7857	0.28030947
7858	0.27959597
7859	0.28018847
7860	0.27952260
7861	0.27869144
7862	0.27786762
7863	0.27700877
7864	0.27604190
7865	0.27511111
7866	0.27412376
7867	0.27326155
7868	0.27241665
7869	0.27165398
7870	0.27101254
7871	0.27047029
7872	0.27018857
7873	0.26989850
7874	0.27065638
7875	0.27175444
7876	0.27252889
7877	0.27330637
7878	0.27451387
7879	0.27569237
7880	0.27671453
7881	0.27752990
7882	0.27820757
7883	0.27861282
7884	0.27862987
7885	0.27766094
7886	0.27812174
7887	0.27692261
7888	0.27539241
7889	0.27345154
7890	0.27116212
7891	0.26851645
7892	0.26565516
7893	0.26252457
7894	0.25936610
7895	0.25612903
7896	0.25295538
7897	0.24980046
7898	0.24680355
7899	0.24393603
7900	0.24114591
7901	0.23852937
7902	0.23600018
7903	0.23366731
7904	0.23141201
7905	0.22927812
7906	0.22762363
7907	0.22542576
7908	0.22410238
7909	0.22202978
7910	0.22069223
7911	0.21959038
7912	0.22083570
7913	0.22009571
7914	0.21885784
7915	0.21829663
7916	0.21479343
7917	0.22124510
7918	0.21911204
7919	0.21683244
7920	0.21672471
7921	0.21444383
7922	0.21149632
7923	0.21652627
7924	0.21654645
7925	0.21634157
7926	0.21143429
7927	0.21105404
7928	0.21554326
7929	0.21423981
7930	0.21365176
7931	0.21314538
7932	0.21272907
7933	0.21250890
7934	0.21245122
7935	0.21290860
7936	0.21367297
7937	0.21487649
7938	0.21665962
7939	0.21871442
7940	0.22086342
7941	0.22338793
7942	0.22540231
7943	0.22736274
7944	0.22924191
7945	0.23093867
7946	0.23259474
7947	0.23410526
7948	0.23540135
7949	0.23635764
7950	0.23684114
7951	0.23675911
7952	0.23600647
7953	0.23479277
7954	0.23321840
7955	0.23143202
7956	0.22971383
7957	0.22853723
7958	0.23101342
7959	0.23708190
7960	0.24109283
7961	0.24481684
7962	0.24624842
7963	0.24514301
7964	0.24358360
7965	0.24271457
7966	0.24253973
7967	0.24251765
7968	0.24235727
7969	0.24214162
7970	0.24160136
7971	0.24117094
7972	0.24118379
7973	0.24094525
7974	0.24231118
7975	0.24156715
7976	0.24143553
7977	0.24108437
7978	0.24120444
7979	0.24145296
7980	0.24146214
7981	0.24083415
7982	0.23718432
7983	0.23786162
7984	0.23964819
7985	0.23870358
7986	0.23830339
7987	0.23793122
7988	0.23756486
7989	0.23706998
7990	0.23648933
7991	0.23678984
7992	0.23606724
7993	0.23531012
7994	0.23470700
7995	0.23392932
7996	0.23314022
7997	0.23228113
7998	0.23136337
7999	0.23045480
8000	0.22962166
8001	0.22883140
8002	0.22811888
8003	0.22763151
8004	0.22703372
8005	0.22673635
8006	0.22690438
8007	0.22849180
8008	0.23020998
8009	0.23168190
8010	0.23321128
8011	0.23485801
8012	0.23737878
8013	0.23857525
8014	0.23923738
8015	0.23892815
8016	0.23897552
8017	0.23828536
8018	0.23851156
8019	0.23635051
8020	0.23416293
8021	0.23199974
8022	0.22811869
8023	0.22451010
8024	0.22055043
8025	0.21632774
8026	0.21187598
8027	0.20744029
8028	0.20308773
8029	0.19886270
8030	0.19479039
8031	0.19096386
8032	0.18767053
8033	0.18435663
8034	0.18126953
8035	0.17839107
8036	0.17571625
8037	0.17330475
8038	0.17116225
8039	0.16917238
8040	0.16744602
8041	0.16600730
8042	0.16472927
8043	0.16383080
8044	0.16264266
8045	0.16387051
8046	0.16419806
8047	0.16403413
8048	0.16391703
8049	0.16537721
8050	0.16663891
8051	0.16735628
8052	0.16851202
8053	0.16606198
8054	0.16248757
8055	0.16980925
8056	0.17129664
8057	0.17247470
8058	0.17373092
8059	0.17490591
8060	0.17580208
8061	0.17742032
8062	0.17601129
8063	0.17746264
8064	0.18228327
8065	0.18421941
8066	0.18550323
8067	0.18724927
8068	0.18955481
8069	0.19216314
8070	0.19488113
8071	0.19820988
8072	0.20186576
8073	0.20570983
8074	0.20942524
8075	0.21304096
8076	0.21645910
8077	0.21965685
8078	0.22267014
8079	0.22560884
8080	0.22834823
8081	0.23079999
8082	0.23277526
8083	0.23422012
8084	0.23507562
8085	0.23529501
8086	0.23458624
8087	0.23306504
8088	0.23186831
8089	0.23429500
8090	0.23986411
8091	0.24469766
8092	0.24940598
8093	0.25211588
8094	0.25096458
8095	0.24884790
8096	0.24856545
8097	0.24881996
8098	0.24930958
8099	0.24938902
8100	0.24912649
8101	0.24871694
8102	0.24852209
8103	0.24862754
8104	0.24881366
8105	0.24912246
8106	0.24947719
8107	0.24942569
8108	0.24937448
8109	0.24941008
8110	0.24822967
8111	0.24887510
8112	0.24928652
8113	0.25012317
8114	0.24735059
8115	0.24720679
8116	0.24718614
8117	0.24639606
8118	0.24606876
8119	0.24559094
8120	0.24511212
8121	0.24444197
8122	0.24366738
8123	0.24295406
8124	0.24359854
8125	0.24283847
8126	0.24204504
8127	0.24123763
8128	0.24029683
8129	0.23929745
8130	0.23823819
8131	0.23712362
8132	0.23592821
8133	0.23483045
8134	0.23392934
8135	0.23342468
8136	0.23296338
8137	0.23262306
8138	0.23312806
8139	0.23397598
8140	0.23487365
8141	0.23578072
8142	0.23704131
8143	0.23938803
8144	0.24038063
8145	0.24117936
8146	0.24108469
8147	0.24163888
8148	0.24187943
8149	0.24149229
8150	0.23956899
8151	0.24097466
8152	0.23981093
8153	0.23828799
8154	0.23648092
8155	0.23435308
8156	0.23198102
8157	0.22940785
8158	0.22668469
8159	0.22390917
8160	0.22120397
8161	0.21855403
8162	0.21602292
8163	0.21368565
8164	0.21152985
8165	0.20947273
8166	0.20760298
8167	0.20583199
8168	0.20415844
8169	0.20265616
8170	0.20139226
8171	0.20030919
8172	0.19941056
8173	0.19894817
8174	0.19886640
8175	0.19907488
8176	0.19950905
8177	0.20201629
8178	0.20275339
8179	0.20544602
8180	0.20680963
8181	0.20951904
8182	0.21002796
8183	0.21189311
8184	0.21324340
8185	0.21463501
8186	0.21662422
8187	0.21750656
8188	0.22053319
8189	0.22425152
8190	0.22690552
8191	0.22893022
8192	0.22657986
8193	0.23085530
8194	0.23274244
8195	0.23393139
8196	0.23492275
8197	0.23572327
8198	0.23626499
8199	0.23719910
8200	0.23811226
8201	0.23917708
8202	0.24054144
8203	0.24205415
8204	0.24354051
8205	0.24472719
8206	0.24557079
8207	0.24603821
8208	0.24620345
8209	0.24628757
8210	0.24632278
8211	0.24633896
8212	0.24633068
8213	0.24626666
8214	0.24600166
8215	0.24556017
8216	0.24491242
8217	0.24407320
8218	0.24290395
8219	0.24193117
8220	0.24161954
8221	0.24529636
8222	0.25151053
8223	0.25514960
8224	0.25849593
8225	0.25950539
8226	0.25833884
8227	0.25696042
8228	0.25613850
8229	0.25595713
8230	0.25588903
8231	0.25593990
8232	0.25581926
8233	0.25530621
8234	0.25499541
8235	0.25515965
8236	0.25516698
8237	0.25492558
8238	0.25466985
8239	0.25544274
8240	0.25539714
8241	0.25525188
8242	0.25411776
8243	0.25383836
8244	0.25389320
8245	0.25582173
8246	0.25308040
8247	0.25329572
8248	0.25331017
8249	0.25209847
8250	0.25180760
8251	0.25127307
8252	0.25068164
8253	0.24994123
8254	0.24900822
8255	0.24921568
8256	0.24840283
8257	0.24758790
8258	0.24666068
8259	0.24570863
8260	0.24479368
8261	0.24369292
8262	0.24272248
8263	0.24175297
8264	0.24087286
8265	0.24014997
8266	0.23939480
8267	0.23878647
8268	0.23830606
8269	0.23884483
8270	0.24038179
8271	0.24164361
8272	0.24287227
8273	0.24555743
8274	0.24677585
8275	0.24781254
8276	0.24880926
8277	0.24911048
8278	0.24862954
8279	0.24837370
8280	0.24703816
8281	0.24666689
8282	0.24500816
8283	0.24281858
8284	0.24019891
8285	0.23720609
8286	0.23384583
8287	0.23021917
8288	0.22642761
8289	0.22253776
8290	0.21875910
8291	0.21505429
8292	0.21152209
8293	0.20821230
8294	0.20550364
8295	0.20282353
8296	0.20028643
8297	0.19802132
8298	0.19598401
8299	0.19424422
8300	0.19276372
8301	0.19156322
8302	0.19062729
8303	0.18942337
8304	0.18892731
8305	0.18962748
8306	0.18990685
8307	0.19001727
8308	0.19251679
8309	0.19338909
8310	0.19448780
8311	0.19586827
8312	0.19867870
8313	0.19987470
8314	0.20163108
8315	0.20352921
8316	0.20178643
8317	0.20328048
8318	0.20611951
8319	0.20898315
8320	0.21041507
8321	0.21174847
8322	0.20830038
8323	0.20933616
8324	0.21460037
8325	0.21512108
8326	0.21568312
8327	0.21607937
8328	0.21640295
8329	0.21660002
8330	0.21722402
8331	0.21808714
8332	0.21915388
8333	0.22068404
8334	0.22264436
8335	0.22485818
8336	0.22707792
8337	0.22919533
8338	0.23110113
8339	0.23281938
8340	0.23445264
8341	0.23604646
8342	0.23766898
8343	0.23920949
8344	0.24053647
8345	0.24150112
8346	0.24208692
8347	0.24235743
8348	0.24230020
8349	0.24155696
8350	0.24087910
8351	0.24071027
8352	0.24477418
8353	0.25026426
8354	0.25353077
8355	0.25637892
8356	0.25699887
8357	0.25600907
8358	0.25490716
8359	0.25445160
8360	0.25446942
8361	0.25465271
8362	0.25476554
8363	0.25453651
8364	0.25417763
8365	0.25398460
8366	0.25386420
8367	0.25388965
8368	0.25386274
8369	0.25374353
8370	0.25352031
8371	0.25388560
8372	0.25434342
8373	0.25400838
8374	0.25405630
8375	0.25192550
8376	0.25304037
8377	0.25281942
8378	0.25347105
8379	0.25039726
8380	0.25068033
8381	0.25016722
8382	0.24977738
8383	0.24918048
8384	0.24856198
8385	0.24891505
8386	0.24833961
8387	0.24779151
8388	0.24713396
8389	0.24637370
8390	0.24560511
8391	0.24463904
8392	0.24360143
8393	0.24254419
8394	0.24147594
8395	0.24042445
8396	0.23959282
8397	0.23871066
8398	0.23813646
8399	0.23746023
8400	0.23751487
8401	0.23777714
8402	0.23770355
8403	0.23768778
8404	0.23782679
8405	0.23812680
8406	0.23823924
8407	0.23821411
8408	0.23828673
8409	0.23819748
8410	0.23788196
8411	0.23770556
8412	0.23688343
8413	0.23549597
8414	0.23517811
8415	0.23392676
8416	0.23239967
8417	0.23076139
8418	0.22898434
8419	0.22700907
8420	0.22500589
8421	0.22295779
8422	0.22087492
8423	0.21880847
8424	0.21682999
8425	0.21498974
8426	0.21325365
8427	0.21152449
8428	0.20976600
8429	0.20802720
8430	0.20636177
8431	0.20482588
8432	0.20325485
8433	0.20176467
8434	0.20039301
8435	0.19911703
8436	0.19784689
8437	0.19688435
8438	0.19624339
8439	0.19555473
8440	0.19568597
8441	0.19679439
8442	0.19654369
8443	0.19847517
8444	0.19891241
8445	0.19738173
8446	0.19874570
8447	0.19987589
8448	0.19955193
8449	0.19844359
8450	0.20029975
8451	0.20251875
8452	0.20468417
8453	0.20587604
8454	0.20693891
8455	0.20500159
8456	0.20541626
8457	0.20985346
8458	0.21068355
8459	0.21171758
8460	0.21265128
8461	0.21348651
8462	0.21418969
8463	0.21527484
8464	0.21637847
8465	0.21777436
8466	0.21953939
8467	0.22150733
8468	0.22353272
8469	0.22539201
8470	0.22709072
8471	0.22844402
8472	0.22957863
8473	0.23056871
8474	0.23151471
8475	0.23237076
8476	0.23290698
8477	0.23309784
8478	0.23289064
8479	0.23218869
8480	0.23079605
8481	0.22919267
8482	0.22786660
8483	0.23198070
8484	0.23812445
8485	0.24294208
8486	0.24676476
8487	0.24842997
8488	0.24704584
8489	0.24492662
8490	0.24416408
8491	0.24391192
8492	0.24428439
8493	0.24440165
8494	0.24420136
8495	0.24384156
8496	0.24358335
8497	0.24360539
8498	0.24389152
8499	0.24389625
8500	0.24393491
8501	0.24458982
8502	0.24433051
8503	0.24418572
8504	0.24420840
8505	0.24457073
8506	0.24420860
8507	0.24412099
8508	0.24384889
8509	0.24018155
8510	0.24217327
8511	0.24119134
8512	0.24068888
8513	0.24026079
8514	0.23967662
8515	0.23898420
8516	0.23814709
8517	0.23728171
8518	0.23779818
8519	0.23692045
8520	0.23595202
8521	0.23492266
8522	0.23389383
8523	0.23272048
8524	0.23156953
8525	0.23027776
8526	0.22908518
8527	0.22802627
8528	0.22725651
8529	0.22629106
8530	0.22544245
8531	0.22511682
8532	0.22578630
8533	0.22644278
8534	0.22709146
8535	0.22804269
8536	0.22955878
8537	0.23081692
8538	0.23208958
8539	0.23320667
8540	0.23409764
8541	0.23474872
8542	0.23522265
8543	0.23500505
8544	0.23400268
8545	0.23467043
8546	0.23373632
8547	0.23245835
8548	0.23092024
8549	0.22910038
8550	0.22717838
8551	0.22510372
8552	0.22292964
8553	0.22074437
8554	0.21857980
8555	0.21645002
8556	0.21445940
8557	0.21261406
8558	0.21091413
8559	0.20956752
8560	0.20802623
8561	0.20663165
8562	0.20532817
8563	0.20421739
8564	0.20325086
8565	0.20240039
8566	0.20183042
8567	0.20136371
8568	0.20104049
8569	0.20112875
8570	0.20082013
8571	0.20340307
8572	0.20362894
8573	0.20433319
8574	0.20528761
8575	0.20780343
8576	0.20908171
8577	0.21013159
8578	0.21170621
8579	0.20934744
8580	0.21077244
8581	0.21423472
8582	0.21678819
8583	0.21854348
8584	0.22000407
8585	0.21674772
8586	0.22275864
8587	0.22395200
8588	0.22513525
8589	0.22654255
8590	0.22802532
8591	0.22951175
8592	0.23108050
8593	0.23271269
8594	0.23486745
8595	0.23743334
8596	0.24036156
8597	0.24343795
8598	0.24706940
8599	0.25070629
8600	0.25420693
8601	0.25770783
8602	0.26107261
8603	0.26440763
8604	0.26779774
8605	0.27108112
8606	0.27426553
8607	0.27705488
8608	0.27943522
8609	0.28123233
8610	0.28244379
8611	0.28314704
8612	0.28340968
8613	0.28324622
8614	0.28294480
8615	0.28629121
8616	0.29222256
8617	0.29720214
8618	0.30144706
8619	0.30327451
8620	0.30214521
8621	0.30064330
8622	0.30030322
8623	0.30071580
8624	0.30126113
8625	0.30121022
8626	0.30069900
8627	0.30006054
8628	0.29976153
8629	0.29965669
8630	0.29980463
8631	0.29946080
8632	0.29977742
8633	0.29967260
8634	0.29959640
8635	0.29927081
8636	0.29908100
8637	0.29845455
8638	0.29947275
8639	0.29959431
8640	0.29969749
8641	0.29965758
8642	0.29950404
8643	0.30012819
8644	0.29976898
8645	0.29938594
8646	0.29752818
8647	0.29674569
8648	0.29396403
8649	0.29335138
8650	0.29413861
8651	0.29337302
8652	0.29250863
8653	0.29171935
8654	0.29063126
8655	0.28949112
8656	0.28836864
8657	0.28717095
8658	0.28592616
8659	0.28470832
8660	0.28384918
8661	0.28286210
8662	0.28218085
8663	0.28186032
8664	0.28277719
8665	0.28383732
8666	0.28582117
8667	0.28672913
8668	0.28763655
8669	0.28850842
8670	0.28929335
8671	0.28986281
8672	0.29015172
8673	0.28955451
8674	0.28825378
8675	0.28541121
8676	0.28587651
8677	0.28380364
8678	0.28125221
8679	0.27824670
8680	0.27493134
8681	0.27129635
8682	0.26736593
8683	0.26326171
8684	0.25909320
8685	0.25494599
8686	0.25085253
8687	0.24694425
8688	0.24327907
8689	0.24014434
8690	0.23694427
8691	0.23398599
8692	0.23123543
8693	0.22875552
8694	0.22648360
8695	0.22456215
8696	0.22295199
8697	0.22161788
8698	0.22055911
8699	0.22007275
8700	0.21920300
8701	0.21944979
8702	0.21996559
8703	0.22206111
8704	0.22297940
8705	0.22401135
8706	0.22554824
8707	0.22799638
8708	0.23179512
8709	0.23114057
8710	0.23284921
8711	0.22807570
8712	0.23251082
8713	0.23431990
8714	0.23580505
8715	0.23909354
8716	0.24049652
8717	0.24137431
8718	0.24231118
8719	0.24345003
8720	0.24393210
8721	0.24445060
8722	0.24481708
8723	0.24498717
8724	0.24508689
8725	0.24495925
8726	0.24531442
8727	0.24580295
8728	0.24654084
8729	0.24769898
8730	0.24898739
8731	0.25026178
8732	0.25146899
8733	0.25253445
8734	0.25339898
8735	0.25416189
8736	0.25494862
8737	0.25582376
8738	0.25682044
8739	0.25782937
8740	0.25863400
8741	0.25920576
8742	0.25931773
8743	0.25897041
8744	0.25817418
8745	0.25685185
8746	0.25536370
8747	0.25436121
8748	0.25604758
8749	0.26262003
8750	0.26586857
8751	0.26848778
8752	0.26968449
8753	0.26917952
8754	0.26836598
8755	0.26778147
8756	0.26735866
8757	0.26723263
8758	0.26709124
8759	0.26657680
8760	0.26589584
8761	0.26545855
8762	0.26514342
8763	0.26507476
8764	0.26479700
8765	0.26440930
8766	0.26367635
8767	0.26326054
8768	0.26550540
8769	0.26499066
8770	0.26335198
8771	0.26321107
8772	0.26401708
8773	0.26426381
8774	0.26389849
8775	0.26364824
8776	0.26062360
8777	0.26057145
8778	0.26055688
8779	0.26009631
8780	0.25953037
8781	0.25872594
8782	0.25921339
8783	0.25865215
8784	0.25791940
8785	0.25719380
8786	0.25629091
8787	0.25542232
8788	0.25433448
8789	0.25330487
8790	0.25216869
8791	0.25111267
8792	0.25035706
8793	0.24954282
8794	0.24884227
8795	0.24810281
8796	0.24818780
8797	0.24832816
8798	0.24823311
8799	0.24825233
8800	0.24855699
8801	0.24905902
8802	0.24933393
8803	0.24960802
8804	0.24980557
8805	0.24960890
8806	0.24941362
8807	0.24894762
8808	0.24846607
8809	0.24735354
8810	0.24509770
8811	0.24496669
8812	0.24299112
8813	0.24077988
8814	0.23835911
8815	0.23573482
8816	0.23296069
8817	0.23004350
8818	0.22708318
8819	0.22414516
8820	0.22129995
8821	0.21867786
8822	0.21617788
8823	0.21385232
8824	0.21156234
8825	0.20942311
8826	0.20769097
8827	0.20580779
8828	0.20415851
8829	0.20230383
8830	0.20101283
8831	0.20000620
8832	0.19829212
8833	0.19779636
8834	0.19845416
8835	0.19850877
8836	0.20093222
8837	0.20102212
8838	0.20164971
8839	0.20275567
8840	0.20531538
8841	0.20587058
8842	0.20736000
8843	0.20905703
8844	0.20932747
8845	0.20893069
8846	0.21054201
8847	0.21386208
8848	0.21650982
8849	0.21849595
8850	0.22024435
8851	0.21719606
8852	0.22279730
8853	0.22482079
8854	0.22675352
8855	0.22868194
8856	0.23067316
8857	0.23275758
8858	0.23506993
8859	0.23786086
8860	0.24091037
8861	0.24432667
8862	0.24786982
8863	0.25173932
8864	0.25558972
8865	0.25918007
8866	0.26262718
8867	0.26575908
8868	0.26872182
8869	0.27156153
8870	0.27427244
8871	0.27678570
8872	0.27896917
8873	0.28082916
8874	0.28220534
8875	0.28298113
8876	0.28314409
8877	0.28289345
8878	0.28215662
8879	0.28151163
8880	0.28082865
8881	0.28311306
8882	0.28975594
8883	0.29467678
8884	0.29927224
8885	0.30223727
8886	0.30199420
8887	0.30026394
8888	0.29939321
8889	0.29914621
8890	0.29939860
8891	0.29953229
8892	0.29913479
8893	0.29853114
8894	0.29798836
8895	0.29720959
8896	0.29733858
8897	0.29745886
8898	0.29751053
8899	0.29743364
8900	0.29704738
8901	0.29679668
8902	0.29764667
8903	0.29734588
8904	0.29805666
8905	0.29777622
8906	0.29725257
8907	0.29724455
8908	0.29723209
8909	0.29739937
8910	0.29607716
8911	0.29577303
8912	0.29311654
8913	0.29314932
8914	0.29252538
8915	0.29179028
8916	0.29204223
8917	0.29140541
8918	0.29068387
8919	0.28980848
8920	0.28889120
8921	0.28786835
8922	0.28675741
8923	0.28558984
8924	0.28438598
8925	0.28326291
8926	0.28227970
8927	0.28127953
8928	0.28071737
8929	0.28063914
8930	0.28160182
8931	0.28269297
8932	0.28375465
8933	0.28479135
8934	0.28610137
8935	0.28739226
8936	0.28846774
8937	0.28943977
8938	0.29016158
8939	0.29037181
8940	0.29060557
8941	0.29016170
8942	0.29032946
8943	0.28882211
8944	0.28709519
8945	0.28503338
8946	0.28261247
8947	0.27987197
8948	0.27686635
8949	0.27370146
8950	0.27044466
8951	0.26717293
8952	0.26392382
8953	0.26068065
8954	0.25751793
8955	0.25459090
8956	0.25187853
8957	0.24935813
8958	0.24694775
8959	0.24470147
8960	0.24260020
8961	0.24062966
8962	0.23881328
8963	0.23709069
8964	0.23552698
8965	0.23404549
8966	0.23275016
8967	0.23148051
8968	0.23051272
8969	0.22986835
8970	0.22927745
8971	0.23076805
8972	0.23047517
8973	0.22939332
8974	0.23393069
8975	0.23268260
8976	0.23227014
8977	0.23169389
8978	0.23145626
8979	0.23068210
8980	0.23083670
8981	0.22940534
8982	0.23096426
8983	0.23121773
8984	0.23146437
8985	0.23342879
8986	0.23326007
8987	0.23018585
8988	0.23249735
8989	0.23276538
8990	0.23256952
8991	0.23227789
8992	0.23185328
8993	0.23204879
8994	0.23242767
8995	0.23300162
8996	0.23406538
8997	0.23547013
8998	0.23718667
8999	0.23886013
9000	0.24063171
9001	0.24228401
9002	0.24397893
9003	0.24566755
9004	0.24744333
9005	0.24929161
9006	0.25090796
9007	0.25216636
9008	0.25290245
9009	0.25292569
9010	0.25233844
9011	0.25111541
9012	0.24910547
9013	0.24700063
9014	0.24526878
9015	0.24848591
9016	0.25411442
9017	0.25859120
9018	0.26264444
9019	0.26405635
9020	0.26238886
9021	0.26079071
9022	0.26041943
9023	0.26053971
9024	0.26078132
9025	0.26072478
9026	0.26058254
9027	0.26011062
9028	0.25971651
9029	0.25854576
9030	0.25956798
9031	0.26009569
9032	0.26006228
9033	0.25898111
9034	0.25885257
9035	0.25861356
9036	0.26059583
9037	0.25985092
9038	0.25713891
9039	0.25740409
9040	0.25733113
9041	0.25736490
9042	0.25582761
9043	0.25630608
9044	0.25600541
9045	0.25563267
9046	0.25519827
9047	0.25457016
9048	0.25360939
9049	0.25377992
9050	0.25312445
9051	0.25248617
9052	0.25169104
9053	0.25087047
9054	0.24983895
9055	0.24881434
9056	0.24768968
9057	0.24655418
9058	0.24551605
9059	0.24471007
9060	0.24398847
9061	0.24337994
9062	0.24351056
9063	0.24448788
9064	0.24553281
9065	0.24652606
9066	0.24770655
9067	0.24908265
9068	0.25032353
9069	0.25141558
9070	0.25231647
9071	0.25276494
9072	0.25330129
9073	0.25321087
9074	0.25248325
9075	0.25262368
9076	0.25079399
9077	0.24887981
9078	0.24655417
9079	0.24381290
9080	0.24071571
9081	0.23750332
9082	0.23409145
9083	0.23067088
9084	0.22727683
9085	0.22376409
9086	0.22060919
9087	0.21741660
9088	0.21440890
9089	0.21167843
9090	0.20908278
9091	0.20658349
9092	0.20426364
9093	0.20209910
9094	0.20002709
9095	0.19815548
9096	0.19639352
9097	0.19477977
9098	0.19336422
9099	0.19222209
9100	0.19108400
9101	0.19040754
9102	0.18986364
9103	0.19008926
9104	0.19157992
9105	0.19152983
9106	0.19123429
9107	0.19377278
9108	0.19541027
9109	0.19451797
9110	0.19566047
9111	0.19310312
9112	0.19432031
9113	0.19631200
9114	0.19753210
9115	0.19643451
9116	0.19897284
9117	0.20064743
9118	0.20265037
9119	0.20314060
9120	0.20412254
9121	0.20228404
9122	0.20339531
9123	0.20794381
9124	0.20894000
9125	0.21020043
9126	0.21195509
9127	0.21400999
9128	0.21615270
9129	0.21872795
9130	0.22155723
9131	0.22449543
9132	0.22732076
9133	0.23013550
9134	0.23286048
9135	0.23539872
9136	0.23782617
9137	0.24023896
9138	0.24246067
9139	0.24439371
9140	0.24598421
9141	0.24710141
9142	0.24741204
9143	0.24704723
9144	0.24599165
9145	0.24404529
9146	0.24240565
9147	0.24164610
9148	0.24749777
9149	0.25269997
9150	0.25722241
9151	0.26064020
9152	0.26091141
9153	0.25881910
9154	0.25790578
9155	0.25768206
9156	0.25799340
9157	0.25818992
9158	0.25810546
9159	0.25790441
9160	0.25726387
9161	0.25704959
9162	0.25704941
9163	0.25752422
9164	0.25739640
9165	0.25742596
9166	0.25638324
9167	0.25621739
9168	0.25714719
9169	0.25771403
9170	0.25511107
9171	0.25524807
9172	0.25525272
9173	0.25531596
9174	0.25530797
9175	0.25455180
9176	0.25423804
9177	0.25395206
9178	0.25349686
9179	0.25294289
9180	0.25222892
9181	0.25131360
9182	0.25274950
9183	0.25211450
9184	0.25146526
9185	0.25078541
9186	0.24999587
9187	0.24920288
9188	0.24847372
9189	0.24755335
9190	0.24704467
9191	0.24682330
9192	0.24712534
9193	0.24689765
9194	0.24688427
9195	0.24791767
9196	0.24912775
9197	0.25013316
9198	0.25137144
9199	0.25292158
9200	0.25451589
9201	0.25594917
9202	0.25732544
9203	0.25851685
9204	0.25949103
9205	0.26017201
9206	0.26054454
9207	0.26051399
9208	0.26029921
9209	0.25875807
9210	0.25910306
9211	0.25803605
9212	0.25675148
9213	0.25533941
9214	0.25384727
9215	0.25225416
9216	0.25070792
9217	0.24925874
9218	0.24794112
9219	0.24665192
9220	0.24562152
9221	0.24487683
9222	0.24431030
9223	0.24399288
9224	0.24376954
9225	0.24366854
9226	0.24377927
9227	0.24398012
9228	0.24433982
9229	0.24488458
9230	0.24569459
9231	0.24685699
9232	0.24817199
9233	0.24960613
9234	0.25177655
9235	0.25420263
9236	0.26064202
9237	0.26543185
9238	0.26290938
9239	0.26685902
9240	0.26894179
9241	0.27077118
9242	0.27259037
9243	0.27211547
9244	0.27458173
9245	0.28141978
9246	0.28411540
9247	0.28704467
9248	0.28783444
9249	0.29070410
9250	0.29190692
9251	0.29369581
9252	0.29486337
9253	0.29605576
9254	0.29733771
9255	0.29772943
9256	0.29812801
9257	0.29840389
9258	0.29859304
9259	0.29883617
9260	0.29920909
9261	0.29956889
9262	0.29975957
9263	0.29970577
9264	0.29927367
9265	0.29853487
9266	0.29754767
9267	0.29660267
9268	0.29578134
9269	0.29512388
9270	0.29476497
9271	0.29469767
9272	0.29490685
9273	0.29543433
9274	0.29613477
9275	0.29697064
9276	0.29824182
9277	0.29989266
9278	0.30322599
9279	0.31064105
9280	0.31417403
9281	0.31710231
9282	0.31848729
9283	0.31857511
9284	0.31801799
9285	0.31729683
9286	0.31661701
9287	0.31627244
9288	0.31565499
9289	0.31553391
9290	0.31509882
9291	0.31495979
9292	0.31474608
9293	0.31465670
9294	0.31398058
9295	0.31528568
9296	0.31486109
9297	0.31456378
9298	0.31440517
9299	0.31448472
9300	0.31537104
9301	0.31512192
9302	0.31550121
9303	0.31466666
9304	0.31402257
9305	0.31446472
9306	0.31409809
9307	0.31372553
9308	0.31086406
9309	0.31107247
9310	0.31042042
9311	0.30964553
9312	0.30863294
9313	0.30920812
9314	0.30843830
9315	0.30749533
9316	0.30637133
9317	0.30531627
9318	0.30408815
9319	0.30290303
9320	0.30140224
9321	0.30021420
9322	0.29932004
9323	0.29856655
9324	0.29800841
9325	0.29772305
9326	0.29869807
9327	0.30012849
9328	0.30153218
9329	0.30300489
9330	0.30484119
9331	0.30663851
9332	0.30817366
9333	0.31020761
9334	0.31051636
9335	0.31098306
9336	0.31136712
9337	0.31065008
9338	0.31122202
9339	0.30933544
9340	0.30751765
9341	0.30526310
9342	0.30258754
9343	0.29953492
9344	0.29617134
9345	0.29257587
9346	0.28882101
9347	0.28505510
9348	0.28123331
9349	0.27751529
9350	0.27388215
9351	0.27053353
9352	0.26741737
9353	0.26452872
9354	0.26184267
9355	0.25936818
9356	0.25715724
9357	0.25515932
9358	0.25326836
9359	0.25158191
9360	0.25007537
9361	0.24876572
9362	0.24774960
9363	0.24683256
9364	0.24633199
9365	0.24612875
9366	0.24646981
9367	0.24812463
9368	0.24852490
9369	0.25526401
9370	0.25440827
9371	0.25191712
9372	0.25374991
9373	0.25479990
9374	0.25533387
9375	0.25358111
9376	0.25501209
9377	0.25768501
9378	0.25913906
9379	0.26050547
9380	0.26181138
9381	0.26433647
9382	0.26542056
9383	0.26492995
9384	0.26599643
9385	0.26612523
9386	0.26588970
9387	0.26518467
9388	0.26478767
9389	0.26432723
9390	0.26394886
9391	0.26375952
9392	0.26382956
9393	0.26403001
9394	0.26419953
9395	0.26429605
9396	0.26420736
9397	0.26394033
9398	0.26353797
9399	0.26329175
9400	0.26310331
9401	0.26315543
9402	0.26322034
9403	0.26333976
9404	0.26325575
9405	0.26301825
9406	0.26230702
9407	0.26092580
9408	0.25988966
9409	0.25998211
9410	0.26629552
9411	0.27061248
9412	0.27337801
9413	0.27502796
9414	0.27468187
9415	0.27367842
9416	0.27330172
9417	0.27304447
9418	0.27278900
9419	0.27277035
9420	0.27257860
9421	0.27201864
9422	0.27152723
9423	0.27142778
9424	0.27056560
9425	0.27028763
9426	0.26991588
9427	0.27063912
9428	0.27083313
9429	0.26974711
9430	0.26954478
9431	0.27132583
9432	0.27020139
9433	0.27014109
9434	0.26950610
9435	0.26706049
9436	0.26786527
9437	0.26657358
9438	0.26653224
9439	0.26613408
9440	0.26545721
9441	0.26472521
9442	0.26378849
9443	0.26276824
9444	0.26309487
9445	0.26279393
9446	0.26194054
9447	0.26089719
9448	0.25974393
9449	0.25849828
9450	0.25723574
9451	0.25587401
9452	0.25464278
9453	0.25362101
9454	0.25242704
9455	0.25177917
9456	0.25137362
9457	0.25220093
9458	0.25331920
9459	0.25438839
9460	0.25551000
9461	0.25685775
9462	0.25924602
9463	0.26009908
9464	0.26062471
9465	0.26090527
9466	0.26029035
9467	0.25977066
9468	0.25788108
9469	0.25773025
9470	0.25567028
9471	0.25301838
9472	0.25001124
9473	0.24652630
9474	0.24269918
9475	0.23862767
9476	0.23433438
9477	0.23012638
9478	0.22586022
9479	0.22169010
9480	0.21763201
9481	0.21383688
9482	0.21024379
9483	0.20723677
9484	0.20413689
9485	0.20120534
9486	0.19852310
9487	0.19600293
9488	0.19375749
9489	0.19176219
9490	0.18997607
9491	0.18848109
9492	0.18733881
9493	0.18635796
9494	0.18588816
9495	0.18518633
9496	0.18747808
9497	0.18753670
9498	0.18804798
9499	0.18872425
9500	0.19144046
9501	0.19201264
9502	0.19366060
9503	0.19299978
9504	0.19498029
9505	0.19577290
9506	0.19659415
9507	0.19916688
9508	0.20007715
9509	0.20298356
9510	0.20424896
9511	0.20045206
9512	0.20290022
9513	0.20717128
9514	0.20734628
9515	0.20795222
9516	0.20861307
9517	0.20911914
9518	0.21019006
9519	0.21144609
9520	0.21297406
9521	0.21490635
9522	0.21707796
9523	0.21953182
9524	0.22190903
9525	0.22416201
9526	0.22660983
9527	0.22861733
9528	0.23066524
9529	0.23271100
9530	0.23477738
9531	0.23683511
9532	0.23862693
9533	0.24011968
9534	0.24131733
9535	0.24159989
9536	0.24132688
9537	0.24076167
9538	0.24012507
9539	0.23942585
9540	0.23912756
9541	0.23929229
9542	0.24502923
9543	0.24910383
9544	0.25128788
9545	0.25268316
9546	0.25252765
9547	0.25223073
9548	0.25198770
9549	0.25189966
9550	0.25173610
9551	0.25170672
9552	0.25144455
9553	0.25066230
9554	0.25009164
9555	0.24982703
9556	0.24950366
9557	0.24917859
9558	0.24949200
9559	0.24920242
9560	0.24899511
9561	0.24903652
9562	0.24890751
9563	0.24702135
9564	0.24811661
9565	0.24823692
9566	0.24655361
9567	0.24651860
9568	0.24574389
9569	0.24546236
9570	0.24522220
9571	0.24485683
9572	0.24434163
9573	0.24377711
9574	0.24421476
9575	0.24419402
9576	0.24353704
9577	0.24289308
9578	0.24211366
9579	0.24132165
9580	0.24045648
9581	0.23912629
9582	0.23834278
9583	0.23757389
9584	0.23692532
9585	0.23657688
9586	0.23613840
9587	0.23605616
9588	0.23694874
9589	0.23839721
9590	0.23982084
9591	0.24128632
9592	0.24315892
9593	0.24502033
9594	0.24665204
9595	0.24813108
9596	0.24946332
9597	0.25050205
9598	0.25122425
9599	0.25145712
9600	0.25140059
9601	0.24930629
9602	0.25029707
9603	0.24873638
9604	0.24685493
9605	0.24459621
9606	0.24197072
9607	0.23919338
9608	0.23623648
9609	0.23323336
9610	0.23022622
9611	0.22731332
9612	0.22452638
9613	0.22189783
9614	0.21945912
9615	0.21736808
9616	0.21545123
9617	0.21386701
9618	0.21242219
9619	0.21123837
9620	0.21017681
9621	0.20936015
9622	0.20876931
9623	0.20839679
9624	0.20845003
9625	0.20880069
9626	0.20944062
9627	0.21026769
9628	0.21284084
9629	0.21427089
9630	0.21825571
9631	0.21929707
9632	0.22042330
9633	0.22435559
9634	0.22606301
9635	0.22868630
9636	0.23113844
9637	0.23314074
9638	0.23169070
9639	0.23359875
9640	0.23777740
9641	0.24313922
9642	0.24859673
9643	0.25306249
9644	0.25544906
9645	0.25879678
9646	0.26203430
9647	0.26496255
9648	0.26779875
9649	0.27066469
9650	0.27365041
9651	0.27687004
9652	0.28023076
9653	0.28358820
9654	0.28738323
9655	0.29109597
9656	0.29456237
9657	0.29759395
9658	0.30026898
9659	0.30249414
9660	0.30447713
9661	0.30623674
9662	0.30794042
9663	0.30951369
9664	0.31085166
9665	0.31190059
9666	0.31248850
9667	0.31272516
9668	0.31250328
9669	0.31206691
9670	0.31156641
9671	0.31138799
9672	0.31168795
9673	0.31287304
9674	0.31866241
9675	0.32394454
9676	0.32772866
9677	0.33067873
9678	0.33129126
9679	0.33066121
9680	0.33052927
9681	0.33028823
9682	0.32970160
9683	0.32969752
9684	0.32975888
9685	0.32945365
9686	0.32898360
9687	0.32900748
9688	0.32968181
9689	0.32947490
9690	0.32875368
9691	0.32839894
9692	0.32807231
9693	0.32773280
9694	0.32756484
9695	0.32720697
9696	0.32820314
9697	0.32797012
9698	0.32765788
9699	0.32815930
9700	0.32718551
9701	0.32669157
9702	0.32626909
9703	0.32582396
9704	0.32275566
9705	0.32266200
9706	0.32189068
9707	0.32205033
9708	0.32106307
9709	0.32015038
9710	0.31930611
9711	0.31832400
9712	0.31734326
9713	0.31629053
9714	0.31533852
9715	0.31450707
9716	0.31379360
9717	0.31324840
9718	0.31281859
9719	0.31289840
9720	0.31333321
9721	0.31524381
9722	0.31821802
9723	0.32105947
9724	0.32402745
9725	0.32729208
9726	0.33050528
9727	0.33349273
9728	0.33614662
9729	0.33848065
9730	0.34000462
9731	0.34215778
9732	0.34246495
9733	0.34242651
9734	0.34209257
9735	0.34113547
9736	0.33970487
9737	0.33777663
9738	0.33545968
9739	0.33278579
9740	0.32982165
9741	0.32667437
9742	0.32340822
9743	0.32006526
9744	0.31674081
9745	0.31357822
9746	0.31058419
9747	0.30768472
9748	0.30496198
9749	0.30237761
9750	0.29980242
9751	0.29740518
9752	0.29505774
9753	0.29280120
9754	0.29079217
9755	0.28893203
9756	0.28728464
9757	0.28579926
9758	0.28458190
9759	0.28336120
9760	0.28252172
9761	0.28379810
9762	0.28315660
9763	0.27865848
9764	0.28069904
9765	0.28311753
9766	0.28328323
9767	0.27992824
9768	0.27928394
9769	0.27915961
9770	0.28295603
9771	0.28302243
9772	0.28352439
9773	0.28047037
9774	0.28042832
9775	0.28013223
9776	0.28258377
9777	0.28054148
9778	0.27973518
9779	0.27932602
9780	0.27841216
9781	0.27727652
9782	0.27582586
9783	0.27484602
9784	0.27399585
9785	0.27351019
9786	0.27337766
9787	0.27363539
9788	0.27414629
9789	0.27467656
9790	0.27531302
9791	0.27588913
9792	0.27645385
9793	0.27703828
9794	0.27777940
9795	0.27871481
9796	0.27972466
9797	0.28075248
9798	0.28159776
9799	0.28207606
9800	0.28208905
9801	0.28160882
9802	0.28074083
9803	0.28019735
9804	0.28014064
9805	0.28665414
9806	0.29130414
9807	0.29447645
9808	0.29677570
9809	0.29679236
9810	0.29556903
9811	0.29485270
9812	0.29461899
9813	0.29447812
9814	0.29435927
9815	0.29409841
9816	0.29346630
9817	0.29245803
9818	0.29213497
9819	0.29204428
9820	0.29176834
9821	0.29113388
9822	0.29111975
9823	0.29130632
9824	0.29201972
9825	0.29309815
9826	0.29277921
9827	0.29249361
9828	0.29240999
9829	0.29232430
9830	0.29206455
9831	0.29247898
9832	0.29149646
9833	0.28860912
9834	0.28892404
9835	0.28841341
9836	0.28785384
9837	0.28707206
9838	0.28616327
9839	0.28533170
9840	0.28598934
9841	0.28509516
9842	0.28419602
9843	0.28320491
9844	0.28221279
9845	0.28118688
9846	0.28023526
9847	0.27925411
9848	0.27852270
9849	0.27780977
9850	0.27764744
9851	0.27846047
9852	0.28041106
9853	0.28230751
9854	0.28413418
9855	0.28601691
9856	0.28784356
9857	0.29051247
9858	0.29134008
9859	0.29183021
9860	0.29193148
9861	0.29077494
9862	0.28887501
9863	0.28888005
9864	0.28680006
9865	0.28350508
9866	0.28002197
9867	0.27605525
9868	0.27162749
9869	0.26680073
9870	0.26159596
9871	0.25622997
9872	0.25076070
9873	0.24528861
9874	0.23991385
9875	0.23464267
9876	0.22975007
9877	0.22505960
9878	0.22117864
9879	0.21722250
9880	0.21353504
9881	0.21013977
9882	0.20701519
9883	0.20417385
9884	0.20169857
9885	0.19950302
9886	0.19777758
9887	0.19557557
9888	0.19523492
9889	0.19463128
9890	0.19434303
9891	0.19405912
9892	0.19613203
9893	0.19667804
9894	0.19735548
9895	0.19833937
9896	0.20318197
9897	0.20223787
9898	0.20413646
9899	0.20480804
9900	0.20470071
9901	0.20426254
9902	0.20561269
9903	0.20766330
9904	0.21049403
9905	0.21177074
9906	0.21275595
9907	0.20902646
9908	0.20994173
9909	0.21535581
9910	0.21574232
9911	0.21636635
9912	0.21695979
9913	0.21744201
9914	0.21836734
9915	0.21937667
9916	0.22069606
9917	0.22225799
9918	0.22418606
9919	0.22634827
9920	0.22851278
9921	0.23064947
9922	0.23277608
9923	0.23489864
9924	0.23709485
9925	0.23949482
9926	0.24196571
9927	0.24457096
9928	0.24713394
9929	0.24947235
9930	0.25154081
9931	0.25303864
9932	0.25410876
9933	0.25479463
9934	0.25571075
9935	0.25673109
9936	0.25804183
9937	0.26474059
9938	0.26913896
9939	0.27187139
9940	0.27344570
9941	0.27348301
9942	0.27271575
9943	0.27223995
9944	0.27209523
9945	0.27210724
9946	0.27202398
9947	0.27175316
9948	0.27114499
9949	0.27042750
9950	0.27035934
9951	0.27027443
9952	0.27029139
9953	0.26948911
9954	0.26944524
9955	0.26908591
9956	0.26971456
9957	0.27084649
9958	0.26895368
9959	0.26879966
9960	0.27078414
9961	0.26937810
9962	0.26920187
9963	0.26939845
9964	0.26569170
9965	0.26603681
9966	0.26610693
9967	0.26575479
9968	0.26519451
9969	0.26449409
9970	0.26368466
9971	0.26422876
9972	0.26348680
9973	0.26273161
9974	0.26187745
9975	0.26092017
9976	0.25997052
9977	0.25890994
9978	0.25792155
9979	0.25690764
9980	0.25603518
9981	0.25534418
9982	0.25483388
9983	0.25419524
9984	0.25401461
9985	0.25463036
9986	0.25546411
9987	0.25619325
9988	0.25696781
9989	0.25809482
9990	0.25915468
9991	0.26004863
9992	0.26075000
9993	0.26136008
9994	0.26164836
9995	0.26150733
9996	0.26114911
9997	0.26040888
9998	0.25908452
9999	0.25711310
10000	0.25675598
10001	0.25464651
10002	0.25223696
10003	0.24963875
10004	0.24695809
10005	0.24418546
10006	0.24137998
10007	0.23856972
10008	0.23608230
10009	0.23317213
10010	0.23098266
10011	0.22875986
10012	0.22664581
10013	0.22469418
10014	0.22286887
10015	0.22119811
10016	0.21979728
10017	0.21859428
10018	0.21750033
10019	0.21665761
10020	0.21562573
10021	0.21507441
10022	0.21500011
10023	0.21513736
10024	0.21556841
10025	0.21774584
10026	0.21853383
10027	0.22255877
10028	0.22554940
10029	0.22323444
10030	0.22604565
10031	0.22658110
10032	0.22797672
10033	0.22907817
10034	0.22873108
10035	0.23136511
10036	0.23315004
10037	0.23505758
10038	0.23782702
10039	0.24084610
10040	0.24200812
10041	0.24290448
10042	0.24481574
10043	0.24614212
10044	0.24732836
10045	0.24829087
10046	0.24900913
10047	0.25001681
10048	0.25116950
10049	0.25253588
10050	0.25411656
10051	0.25620329
10052	0.25850672
10053	0.26083779
10054	0.26299083
10055	0.26500562
10056	0.26685128
10057	0.26855662
10058	0.27031052
10059	0.27218309
10060	0.27411219
10061	0.27600080
10062	0.27777034
10063	0.27918550
10064	0.28017312
10065	0.28074798
10066	0.28092122
10067	0.28098074
10068	0.28083751
10069	0.28091404
10070	0.28181252
10071	0.28730571
10072	0.29263216
10073	0.29683352
10074	0.29962218
10075	0.30025050
10076	0.29917362
10077	0.29842052
10078	0.29823935
10079	0.29851297
10080	0.29884401
10081	0.29876599
10082	0.29834428
10083	0.29719105
10084	0.29713151
10085	0.29716614
10086	0.29704973
10087	0.29707414
10088	0.29690340
10089	0.29644072
10090	0.29739207
10091	0.29760334
10092	0.29786023
10093	0.29770914
10094	0.29734302
10095	0.29735789
10096	0.29750565
10097	0.29787025
10098	0.29664707
10099	0.29645857
10100	0.29428166
10101	0.29400471
10102	0.29356441
10103	0.29287139
10104	0.29313615
10105	0.29241264
10106	0.29161659
10107	0.29073301
10108	0.28980175
10109	0.28882447
10110	0.28778934
10111	0.28680629
10112	0.28588068
10113	0.28503245
10114	0.28428438
10115	0.28370661
10116	0.28309929
10117	0.28285199
10118	0.28284228
10119	0.28363547
10120	0.28435761
10121	0.28503847
10122	0.28572920
10123	0.28666270
10124	0.28751117
10125	0.28817189
10126	0.28883982
10127	0.28910527
10128	0.28918192
10129	0.28918988
10130	0.28868544
10131	0.28700277
10132	0.28757846
10133	0.28623882
10134	0.28450513
10135	0.28246593
10136	0.28024772
10137	0.27783868
10138	0.27539837
10139	0.27303007
10140	0.27058002
10141	0.26820308
10142	0.26562449
10143	0.26358598
10144	0.26167738
10145	0.25989720
10146	0.25824395
10147	0.25673848
10148	0.25538445
10149	0.25413552
10150	0.25305569
10151	0.25192708
10152	0.25131476
10153	0.25090986
10154	0.25074840
10155	0.25075075
10156	0.25097188
10157	0.25226027
10158	0.25371167
10159	0.25458124
10160	0.25541550
10161	0.25869057
10162	0.26136577
10163	0.26129818
10164	0.26250917
10165	0.26233283
10166	0.26233664
10167	0.26838732
10168	0.27373278
10169	0.27436945
10170	0.27315414
10171	0.27294347
10172	0.27659422
10173	0.27682656
10174	0.27728781
10175	0.27922592
10176	0.28026259
10177	0.28110722
10178	0.28188980
10179	0.28246394
10180	0.28339577
10181	0.28444743
10182	0.28553545
10183	0.28696021
10184	0.28858557
10185	0.29037476
10186	0.29203251
10187	0.29366302
10188	0.29506451
10189	0.29630262
10190	0.29738206
10191	0.29848453
10192	0.29972705
10193	0.30110130
10194	0.30249438
10195	0.30373919
10196	0.30465582
10197	0.30500081
10198	0.30477172
10199	0.30444857
10200	0.30407035
10201	0.30948848
10202	0.31495687
10203	0.31817660
10204	0.32165766
10205	0.32350937
10206	0.32259357
10207	0.32066783
10208	0.31920263
10209	0.31834856
10210	0.31826919
10211	0.31800222
10212	0.31693199
10213	0.31628609
10214	0.31587631
10215	0.31571776
10216	0.31593141
10217	0.31571910
10218	0.31563792
10219	0.31641909
10220	0.31603014
10221	0.31552297
10222	0.31538633
10223	0.31510019
10224	0.31562302
10225	0.31603548
10226	0.31566566
10227	0.31513935
10228	0.31571630
10229	0.31591794
10230	0.31458277
10231	0.31419244
10232	0.31363109
10233	0.31106818
10234	0.31050783
10235	0.30961224
10236	0.30991241
10237	0.30923212
10238	0.30838925
10239	0.30741054
10240	0.30647364
10241	0.30552551
10242	0.30446386
10243	0.30358291
10244	0.30279279
10245	0.30214450
10246	0.30157810
10247	0.30138567
10248	0.30123451
10249	0.30220085
10250	0.30372110
10251	0.30512497
10252	0.30657914
10253	0.30835119
10254	0.31033134
10255	0.31207258
10256	0.31377047
10257	0.31522924
10258	0.31643716
10259	0.31707364
10260	0.31712070
10261	0.31825975
10262	0.31783262
10263	0.31707171
10264	0.31596547
10265	0.31442195
10266	0.31259477
10267	0.31054261
10268	0.30828747
10269	0.30589715
10270	0.30337679
10271	0.30089390
10272	0.29848680
10273	0.29617229
10274	0.29404667
10275	0.29197532
10276	0.29003587
10277	0.28814176
10278	0.28638348
10279	0.28469926
10280	0.28314802
10281	0.28181767
10282	0.28057986
10283	0.27960232
10284	0.27878439
10285	0.27816585
10286	0.27767313
10287	0.27752900
10288	0.27805302
10289	0.27960941
10290	0.27985764
10291	0.28080028
10292	0.27483633
10293	0.28487128
10294	0.28492546
10295	0.28120521
10296	0.28626916
10297	0.28729567
10298	0.29001412
10299	0.28691596
10300	0.28780448
10301	0.28931549
10302	0.28957486
10303	0.28899199
10304	0.28891811
10305	0.28837943
10306	0.28761223
10307	0.28670335
10308	0.28536940
10309	0.28445777
10310	0.28352410
10311	0.28287143
10312	0.28250784
10313	0.28248543
10314	0.28274095
10315	0.28313911
10316	0.28346196
10317	0.28378221
10318	0.28410128
10319	0.28442177
10320	0.28483900
10321	0.28557497
10322	0.28658888
10323	0.28787923
10324	0.28935981
10325	0.29083404
10326	0.29217952
10327	0.29338190
10328	0.29429832
10329	0.29509631
10330	0.29594317
10331	0.29689768
10332	0.29819232
10333	0.30098423
10334	0.30746838
10335	0.30992493
10336	0.31209445
10337	0.31290209
10338	0.31271622
10339	0.31250498
10340	0.31242609
10341	0.31241414
10342	0.31245890
10343	0.31244859
10344	0.31216162
10345	0.31123701
10346	0.31006077
10347	0.31025738
10348	0.30997393
10349	0.30998942
10350	0.30985790
10351	0.30967116
10352	0.30894846
10353	0.31009191
10354	0.30929366
10355	0.30887145
10356	0.30836961
10357	0.30955440
10358	0.30906293
10359	0.30885115
10360	0.30938348
10361	0.30929661
10362	0.30879861
10363	0.30711287
10364	0.30649400
10365	0.30308929
10366	0.30323783
10367	0.30239508
10368	0.30324742
10369	0.30251291
10370	0.30163297
10371	0.30073893
10372	0.29968593
10373	0.29861149
10374	0.29744211
10375	0.29614514
10376	0.29492018
10377	0.29395741
10378	0.29329529
10379	0.29265788
10380	0.29229641
10381	0.29271835
10382	0.29362458
10383	0.29452229
10384	0.29541373
10385	0.29658407
10386	0.29871815
10387	0.29985937
10388	0.30047354
10389	0.30047965
10390	0.30091131
10391	0.30106255
10392	0.30069035
10393	0.29945326
10394	0.29980344
10395	0.29842451
10396	0.29675937
10397	0.29467541
10398	0.29239899
10399	0.28988695
10400	0.28725561
10401	0.28461707
10402	0.28187430
10403	0.27920249
10404	0.27650347
10405	0.27383327
10406	0.27133778
10407	0.26900727
10408	0.26690906
10409	0.26489672
10410	0.26301843
10411	0.26127672
10412	0.25961071
10413	0.25807154
10414	0.25662750
10415	0.25529167
10416	0.25408190
10417	0.25305682
10418	0.25215426
10419	0.25142923
10420	0.25066847
10421	0.25000921
10422	0.24950619
10423	0.25071272
10424	0.25059795
10425	0.25031143
10426	0.24949011
10427	0.24673443
10428	0.25232944
10429	0.24996795
10430	0.25306758
10431	0.25762033
10432	0.25570321
10433	0.25312036
10434	0.25081408
10435	0.24686132
10436	0.24650960
10437	0.24563971
10438	0.24510033
10439	0.24439518
10440	0.24360663
10441	0.24289419
10442	0.24228451
10443	0.24188386
10444	0.24160463
10445	0.24192497
10446	0.24259149
10447	0.24364683
10448	0.24516116
10449	0.24694838
10450	0.24889627
10451	0.25073272
10452	0.25251675
10453	0.25414711
10454	0.25567535
10455	0.25726753
10456	0.25895667
10457	0.26059040
10458	0.26213813
10459	0.26343921
10460	0.26443925
10461	0.26520744
10462	0.26568660
10463	0.26593608
10464	0.26618791
10465	0.26667604
10466	0.26713496
10467	0.26863426
10468	0.27437264
10469	0.27939653
10470	0.28295225
10471	0.28500316
10472	0.28508905
10473	0.28392297
10474	0.28374824
10475	0.28406155
10476	0.28437951
10477	0.28443760
10478	0.28423068
10479	0.28395286
10480	0.28368881
10481	0.28347903
10482	0.28332648
10483	0.28277901
10484	0.28259414
10485	0.28229472
10486	0.28153664
10487	0.28111377
10488	0.28106919
10489	0.28176385
10490	0.28370431
10491	0.28237692
10492	0.28202224
10493	0.28215122
10494	0.28254807
10495	0.28247264
10496	0.28222954
10497	0.27850151
10498	0.27868161
10499	0.27812961
10500	0.27748603
10501	0.27784327
10502	0.27719918
10503	0.27634269
10504	0.27541167
10505	0.27451178
10506	0.27349803
10507	0.27258968
10508	0.27167365
10509	0.27089295
10510	0.27016607
10511	0.26960370
10512	0.26914397
10513	0.26907545
10514	0.27001536
10515	0.27223650
10516	0.27445704
10517	0.27651468
10518	0.27888095
10519	0.28140515
10520	0.28360683
10521	0.28548893
10522	0.28710955
10523	0.28804231
10524	0.28891164
10525	0.28844032
10526	0.28936237
10527	0.28833690
10528	0.28627321
10529	0.28416350
10530	0.28150550
10531	0.27834773
10532	0.27481210
10533	0.27093408
10534	0.26678565
10535	0.26251411
10536	0.25804693
10537	0.25359118
10538	0.24921423
10539	0.24492127
10540	0.24087143
10541	0.23705156
10542	0.23353155
10543	0.23015895
10544	0.22697391
10545	0.22441052
10546	0.22160541
10547	0.21907300
10548	0.21685922
10549	0.21497338
10550	0.21337083
10551	0.21209259
10552	0.21097215
10553	0.21031234
10554	0.20942736
10555	0.21127397
10556	0.21122833
10557	0.21134716
10558	0.21178916
10559	0.21693861
10560	0.21487893
10561	0.21616083
10562	0.21502466
10563	0.21443251
10564	0.21447802
10565	0.21736072
10566	0.22021237
10567	0.22176792
10568	0.22292355
10569	0.21964222
10570	0.22497196
10571	0.22637950
10572	0.22754586
10573	0.22847569
10574	0.22955827
10575	0.23052983
10576	0.23167239
10577	0.23255569
10578	0.23402070
10579	0.23564933
10580	0.23753132
10581	0.23975505
10582	0.24222194
10583	0.24469033
10584	0.24697436
10585	0.24931240
10586	0.25142959
10587	0.25353283
10588	0.25561240
10589	0.25771409
10590	0.25974613
10591	0.26154396
10592	0.26293212
10593	0.26369038
10594	0.26379439
10595	0.26324499
10596	0.26194549
10597	0.26058704
10598	0.25911325
10599	0.26227254
10600	0.26813722
10601	0.27265373
10602	0.27665174
10603	0.27841139
10604	0.27709967
10605	0.27516344
10606	0.27446097
10607	0.27444535
10608	0.27458078
10609	0.27438650
10610	0.27393931
10611	0.27314812
10612	0.27295277
10613	0.27256984
10614	0.27266526
10615	0.27270377
10616	0.27183810
10617	0.27178577
10618	0.27145982
10619	0.27142990
10620	0.27351642
10621	0.27156359
10622	0.27115142
10623	0.27340093
10624	0.27208647
10625	0.27171743
10626	0.27239230
10627	0.27210808
10628	0.26852295
10629	0.26833406
10630	0.26786235
10631	0.26754257
10632	0.26781064
10633	0.26701301
10634	0.26634893
10635	0.26564446
10636	0.26484993
10637	0.26401100
10638	0.26305079
10639	0.26205546
10640	0.26111308
10641	0.26017553
10642	0.25930205
10643	0.25856107
10644	0.25811157
10645	0.25750154
10646	0.25721022
10647	0.25769597
10648	0.25902423
10649	0.26012355
10650	0.26122320
10651	0.26250520
10652	0.26409701
10653	0.26540858
10654	0.26658845
10655	0.26757789
10656	0.26826578
10657	0.26838768
10658	0.26818013
10659	0.26878661
10660	0.26741666
10661	0.26608056
10662	0.26434663
10663	0.26219290
10664	0.25974348
10665	0.25701156
10666	0.25416085
10667	0.25116923
10668	0.24812572
10669	0.24502355
10670	0.24201989
10671	0.23907952
10672	0.23624115
10673	0.23357268
10674	0.23099037
10675	0.22843102
10676	0.22601332
10677	0.22368069
10678	0.22148141
10679	0.21935210
10680	0.21730740
10681	0.21541329
10682	0.21334818
10683	0.21175104
10684	0.21037115
10685	0.20921670
10686	0.21060051
10687	0.20963292
10688	0.20906009
10689	0.20978567
10690	0.21168783
10691	0.20935927
10692	0.20997627
10693	0.20867477
10694	0.20760202
10695	0.20890531
10696	0.20996639
10697	0.21355774
10698	0.21502745
10699	0.21628082
10700	0.21270227
10701	0.21398927
10702	0.21938328
10703	0.22052674
10704	0.22165784
10705	0.22275908
10706	0.22379881
10707	0.22494338
10708	0.22598322
10709	0.22753376
10710	0.22934999
10711	0.23132782
10712	0.23374216
10713	0.23637542
10714	0.23890977
10715	0.24139917
10716	0.24375986
10717	0.24590668
10718	0.24801730
10719	0.25010544
10720	0.25212407
10721	0.25400460
10722	0.25554404
10723	0.25662985
10724	0.25705996
10725	0.25684661
10726	0.25616315
10727	0.25486621
10728	0.25339460
10729	0.25228253
10730	0.25305235
10731	0.25942475
10732	0.26399484
10733	0.26842552
10734	0.27100372
10735	0.27072257
10736	0.26911601
10737	0.26822367
10738	0.26805645
10739	0.26828921
10740	0.26824090
10741	0.26816100
10742	0.26758590
10743	0.26697999
10744	0.26698849
10745	0.26707825
10746	0.26700383
10747	0.26646414
10748	0.26591811
10749	0.26609033
10750	0.26735252
10751	0.26740107
10752	0.26620650
10753	0.26595822
10754	0.26827037
10755	0.26661986
10756	0.26648489
10757	0.26693255
10758	0.26348230
10759	0.26342753
10760	0.26311344
10761	0.26270330
10762	0.26231718
10763	0.26161164
10764	0.26179674
10765	0.26105982
10766	0.26035425
10767	0.25954854
10768	0.25863072
10769	0.25771040
10770	0.25662568
10771	0.25551441
10772	0.25441772
10773	0.25332516
10774	0.25229380
10775	0.25147808
10776	0.25063860
10777	0.25005355
10778	0.24984254
10779	0.25029328
10780	0.25069720
10781	0.25094181
10782	0.25132579
10783	0.25207311
10784	0.25258797
10785	0.25305846
10786	0.25343934
10787	0.25365788
10788	0.25337180
10789	0.25302204
10790	0.25204930
10791	0.25052005
10792	0.25027514
10793	0.24777898
10794	0.24527478
10795	0.24241404
10796	0.23925684
10797	0.23583679
10798	0.23222339
10799	0.22855502
10800	0.22489814
10801	0.22122288
10802	0.21761990
10803	0.21414384
10804	0.21084720
10805	0.20766960
10806	0.20469508
10807	0.20190147
10808	0.19935544
10809	0.19706815
10810	0.19504450
10811	0.19321972
10812	0.19170806
10813	0.19046183
10814	0.18931913
10815	0.18817811
10816	0.18774970
10817	0.18745805
10818	0.18928479
10819	0.18943185
10820	0.19020048
10821	0.19158047
10822	0.19356161
10823	0.19170907
10824	0.19259940
10825	0.19355310
10826	0.19315682
10827	0.19324745
10828	0.19285762
10829	0.19537160
10830	0.19616736
10831	0.19609176
10832	0.19818670
10833	0.19853108
10834	0.19537802
10835	0.19495267
10836	0.19834214
10837	0.19844513
10838	0.19858307
10839	0.19917265
10840	0.19986476
10841	0.20130938
10842	0.20331796
10843	0.20573749
10844	0.20882414
10845	0.21226963
10846	0.21578233
10847	0.21940748
10848	0.22297597
10849	0.22651935
10850	0.22997263
10851	0.23324142
10852	0.23623747
10853	0.23882428
10854	0.24075539
10855	0.24203008
10856	0.24239096
10857	0.24186824
10858	0.24040927
10859	0.23789789
10860	0.23480777
10861	0.23230526
10862	0.23512076
10863	0.24159251
10864	0.24691761
10865	0.25183395
10866	0.25394475
10867	0.25254521
10868	0.25080872
10869	0.25020012
10870	0.24990980
10871	0.24979104
10872	0.24964936
10873	0.24931912
10874	0.24884409
10875	0.24849461
10876	0.24840817
10877	0.24891852
10878	0.24827275
10879	0.24821496
10880	0.24790278
10881	0.24764921
10882	0.24654877
10883	0.24591012
10884	0.24757969
10885	0.24286209
10886	0.24541683
10887	0.24526721
10888	0.24518827
10889	0.24387926
10890	0.24358109
10891	0.24322380
10892	0.24279214
10893	0.24216384
10894	0.24147227
10895	0.24177262
10896	0.24088092
10897	0.24003235
10898	0.23926625
10899	0.23853177
10900	0.23755085
10901	0.23656005
10902	0.23559041
10903	0.23457618
10904	0.23357996
10905	0.23271254
10906	0.23201206
10907	0.23131366
10908	0.23089501
10909	0.23089236
10910	0.23204859
10911	0.23346339
10912	0.23461452
10913	0.23566793
10914	0.23789987
10915	0.23889588
10916	0.23935129
10917	0.23965357
10918	0.23867187
10919	0.23812190
10920	0.23714088
10921	0.23441400
10922	0.23409246
10923	0.23170610
10924	0.22877042
10925	0.22542730
10926	0.22172083
10927	0.21771429
10928	0.21362355
10929	0.20940496
10930	0.20534055
10931	0.20153894
10932	0.19796650
10933	0.19473010
10934	0.19179486
10935	0.18905751
10936	0.18661770
10937	0.18447095
10938	0.18258475
10939	0.18095019
10940	0.17877986
10941	0.17844884
10942	0.17761403
10943	0.17710409
10944	0.17673381
10945	0.17679116
10946	0.17653127
10947	0.17902611
10948	0.17986359
10949	0.18055567
10950	0.18158691
10951	0.18446016
10952	0.18508607
10953	0.18704274
10954	0.18505007
10955	0.18700840
10956	0.18919994
10957	0.19122545
10958	0.19231673
10959	0.19351257
10960	0.19404908
10961	0.19605291
10962	0.19617014
10963	0.19308178
10964	0.19334039
10965	0.19671813
10966	0.19670075
10967	0.19645868
10968	0.19618410
10969	0.19639534
10970	0.19673724
10971	0.19745208
10972	0.19851059
10973	0.19998851
10974	0.20165269
10975	0.20335524
10976	0.20504001
10977	0.20665017
10978	0.20826168
10979	0.20990829
10980	0.21155716
10981	0.21331501
10982	0.21501398
10983	0.21651682
10984	0.21774448
10985	0.21851057
10986	0.21870048
10987	0.21817270
10988	0.21678895
10989	0.21525747
10990	0.21419382
10991	0.21862701
10992	0.22388157
10993	0.22735481
10994	0.23004138
10995	0.23065738
10996	0.22914764
10997	0.22802572
10998	0.22755042
10999	0.22733305
11000	0.22739281
11001	0.22732526
11002	0.22685549
11003	0.22666742
11004	0.22765212
11005	0.22750369
11006	0.22670084
11007	0.22645250
11008	0.22611500
11009	0.22564988
11010	0.22553596
11011	0.22547153
11012	0.22328423
11013	0.22286670
11014	0.22259250
11015	0.22256251
11016	0.22233152
11017	0.22362317
11018	0.22299162
11019	0.22206385
11020	0.22193086
11021	0.22142816
11022	0.22090332
11023	0.22023480
11024	0.21941505
11025	0.22004868
11026	0.21946180
11027	0.21883395
11028	0.21805799
11029	0.21734868
11030	0.21645564
11031	0.21552055
11032	0.21469940
11033	0.21385461
11034	0.21315800
11035	0.21270426
11036	0.21244343
11037	0.21201000
11038	0.21184726
11039	0.21277727
11040	0.21392627
11041	0.21498366
11042	0.21612099
11043	0.21752812
11044	0.22004521
11045	0.22109161
11046	0.22180995
11047	0.22217621
11048	0.22279030
11049	0.22307664
11050	0.22266956
11051	0.22101384
11052	0.22196190
11053	0.22083077
11054	0.21924992
11055	0.21738869
11056	0.21514989
11057	0.21272375
11058	0.21014382
11059	0.20745143
11060	0.20478152
11061	0.20224498
11062	0.19987066
11063	0.19771926
11064	0.19560723
11065	0.19376618
11066	0.19231109
11067	0.19081078
11068	0.18952008
11069	0.18834127
11070	0.18735290
11071	0.18649165
11072	0.18544668
11073	0.18520704
11074	0.18519685
11075	0.18540755
11076	0.18593936
11077	0.18857780
11078	0.18957737
11079	0.19080076
11080	0.19824718
11081	0.19724245
11082	0.19768631
11083	0.20007336
11084	0.20212920
11085	0.20294914
11086	0.20615961
11087	0.20784394
11088	0.20915550
11089	0.21556693
11090	0.21858422
11091	0.22134566
11092	0.21956211
11093	0.22533393
11094	0.22803351
11095	0.23036209
11096	0.23252761
11097	0.23451070
11098	0.23630759
11099	0.23819157
11100	0.24022259
11101	0.24233994
11102	0.24461950
11103	0.24703617
11104	0.24946935
11105	0.25178862
11106	0.25370237
11107	0.25529042
11108	0.25662202
11109	0.25772262
11110	0.25871786
11111	0.25966167
11112	0.26043350
11113	0.26090530
11114	0.26101729
11115	0.26067528
11116	0.25974840
11117	0.25814039
11118	0.25660181
11119	0.25525287
11120	0.25853568
11121	0.26491898
11122	0.26880595
11123	0.27244151
11124	0.27405164
11125	0.27294198
11126	0.27106702
11127	0.27004611
11128	0.26976418
11129	0.26978922
11130	0.26989645
11131	0.26969787
11132	0.26911360
11133	0.26873630
11134	0.26878506
11135	0.26895949
11136	0.26881069
11137	0.26816919
11138	0.26780081
11139	0.26793703
11140	0.26943770
11141	0.26931506
11142	0.26803142
11143	0.26790860
11144	0.26969153
11145	0.26887682
11146	0.26868701
11147	0.26859912
11148	0.26556024
11149	0.26568690
11150	0.26537490
11151	0.26524642
11152	0.26468962
11153	0.26391453
11154	0.26420692
11155	0.26356927
11156	0.26280549
11157	0.26196319
11158	0.26109827
11159	0.26025397
11160	0.25934646
11161	0.25839645
11162	0.25756344
11163	0.25678045
11164	0.25617865
11165	0.25579232
11166	0.25535494
11167	0.25517184
11168	0.25565612
11169	0.25683489
11170	0.25804877
11171	0.25928527
11172	0.26095369
11173	0.26283407
11174	0.26466370
11175	0.26645321
11176	0.26813093
11177	0.26967844
11178	0.27096498
11179	0.27172670
11180	0.27220947
11181	0.27170411
11182	0.27276635
11183	0.27213386
11184	0.27114531
11185	0.26980507
11186	0.26820296
11187	0.26635721
11188	0.26428330
11189	0.26209649
11190	0.25986314
11191	0.25754657
11192	0.25529200
11193	0.25317174
11194	0.25115648
11195	0.24920799
11196	0.24732296
11197	0.24565735
11198	0.24405852
11199	0.24256134
11200	0.24116266
11201	0.23991100
11202	0.23887591
11203	0.23783278
11204	0.23717228
11205	0.23683010
11206	0.23653452
11207	0.23660663
11208	0.23665304
11209	0.23868021
11210	0.23923184
11211	0.24131392
11212	0.24172592
11213	0.24402972
11214	0.24476895
11215	0.24524796
11216	0.24638718
11217	0.24727033
11218	0.24815682
11219	0.24930599
11220	0.25097731
11221	0.25288248
11222	0.25817025
11223	0.25771171
11224	0.25952682
11225	0.26116690
11226	0.26281688
11227	0.26432052
11228	0.26572090
11229	0.26716882
11230	0.26860332
11231	0.27042225
11232	0.27235466
11233	0.27438477
11234	0.27655065
11235	0.27876452
11236	0.28095046
11237	0.28279519
11238	0.28429082
11239	0.28538430
11240	0.28609246
11241	0.28642142
11242	0.28659379
11243	0.28664649
11244	0.28656057
11245	0.28634074
11246	0.28592941
11247	0.28528044
11248	0.28434950
11249	0.28344509
11250	0.28252935
11251	0.28212145
11252	0.28263348
11253	0.28653786
11254	0.29360843
11255	0.29719079
11256	0.30020049
11257	0.30123076
11258	0.30090517
11259	0.30037105
11260	0.29992586
11261	0.29940161
11262	0.29902628
11263	0.29881740
11264	0.29867378
11265	0.29811263
11266	0.29790476
11267	0.29675093
11268	0.29703239
11269	0.29648876
11270	0.29669288
11271	0.29598975
11272	0.29565099
11273	0.29560626
11274	0.29666570
11275	0.29652184
11276	0.29668963
11277	0.29649872
11278	0.29623979
11279	0.29584679
11280	0.29639325
11281	0.29610226
11282	0.29464579
11283	0.29408994
11284	0.29122311
11285	0.29094535
11286	0.29015052
11287	0.28914741
11288	0.28819042
11289	0.28872678
11290	0.28779083
11291	0.28682736
11292	0.28579301
11293	0.28466991
11294	0.28351712
11295	0.28235030
11296	0.28123704
11297	0.28025591
11298	0.27950773
11299	0.27878314
11300	0.27821746
11301	0.27839026
11302	0.27950022
11303	0.28071207
11304	0.28185108
11305	0.28317833
11306	0.28470817
11307	0.28685609
11308	0.28757986
11309	0.28778955
11310	0.28814310
11311	0.28803429
11312	0.28731602
11313	0.28785846
11314	0.28557152
11315	0.28358433
11316	0.28117815
11317	0.27833146
11318	0.27517638
11319	0.27177355
11320	0.26812637
11321	0.26444516
11322	0.26073152
11323	0.25708222
11324	0.25337929
11325	0.24978299
11326	0.24667943
11327	0.24349254
11328	0.24053217
11329	0.23778671
11330	0.23529398
11331	0.23293920
11332	0.23082851
11333	0.22903509
11334	0.22746353
11335	0.22623052
11336	0.22530060
11337	0.22466294
11338	0.22416528
11339	0.22408502
11340	0.22368240
11341	0.22514124
11342	0.22653745
11343	0.22718996
11344	0.22794668
11345	0.22885759
11346	0.23212422
11347	0.23246810
11348	0.23010932
11349	0.22836743
11350	0.23056191
11351	0.23194084
11352	0.23238179
11353	0.23447715
11354	0.23492566
11355	0.23545104
11356	0.23463385
11357	0.23475988
11358	0.23463778
11359	0.23438197
11360	0.23424017
11361	0.23423867
11362	0.23425776
11363	0.23486970
11364	0.23577209
11365	0.23712958
11366	0.23899241
11367	0.24115187
11368	0.24367805
11369	0.24637522
11370	0.24905547
11371	0.25180227
11372	0.25452796
11373	0.25717354
11374	0.25983697
11375	0.26247770
11376	0.26500288
11377	0.26739419
11378	0.26948076
11379	0.27109957
11380	0.27209303
11381	0.27248955
11382	0.27238140
11383	0.27201191
11384	0.27149019
11385	0.27117306
11386	0.27106801
11387	0.27157384
11388	0.27667874
11389	0.28189957
11390	0.28525347
11391	0.28761014
11392	0.28794226
11393	0.28717321
11394	0.28658229
11395	0.28624460
11396	0.28645250
11397	0.28664073
11398	0.28646091
11399	0.28583741
11400	0.28533906
11401	0.28494066
11402	0.28463253
11403	0.28419107
11404	0.28408188
11405	0.28341708
11406	0.28309807
11407	0.28298444
11408	0.28250620
11409	0.28314167
11410	0.28501192
11411	0.28416005
11412	0.28370628
11413	0.28370938
11414	0.28431022
11415	0.28419721
11416	0.28392729
11417	0.28004277
11418	0.28009728
11419	0.27987057
11420	0.27924788
11421	0.27853879
11422	0.27904639
11423	0.27834544
11424	0.27754325
11425	0.27676609
11426	0.27581248
11427	0.27477807
11428	0.27363694
11429	0.27246681
11430	0.27131942
11431	0.27032304
11432	0.26954359
11433	0.26888746
11434	0.26841950
11435	0.26831487
11436	0.26913586
11437	0.26990253
11438	0.27043942
11439	0.27128163
11440	0.27215096
11441	0.27283725
11442	0.27337179
11443	0.27367747
11444	0.27379954
11445	0.27334714
11446	0.27274609
11447	0.27167442
11448	0.26976445
11449	0.26942518
11450	0.26728606
11451	0.26485884
11452	0.26218283
11453	0.25932392
11454	0.25638905
11455	0.25350255
11456	0.25057781
11457	0.24771097
11458	0.24495085
11459	0.24235462
11460	0.23996881
11461	0.23781966
11462	0.23594366
11463	0.23418106
11464	0.23283385
11465	0.23140793
11466	0.22986598
11467	0.22876024
11468	0.22773738
11469	0.22680756
11470	0.22609158
11471	0.22544391
11472	0.22517949
11473	0.22505631
11474	0.22512107
11475	0.22559029
11476	0.22741136
11477	0.23220259
11478	0.23515193
11479	0.23144731
11480	0.23361497
11481	0.23308533
11482	0.23410463
11483	0.23548241
11484	0.23434483
11485	0.23427738
11486	0.23620403
11487	0.23795857
11488	0.23947951
11489	0.24267524
11490	0.24538279
11491	0.24450277
11492	0.24474107
11493	0.24591869
11494	0.24634001
11495	0.24656412
11496	0.24654484
11497	0.24622311
11498	0.24630210
11499	0.24652283
11500	0.24691762
11501	0.24777652
11502	0.24910717
11503	0.25069389
11504	0.25225741
11505	0.25367418
11506	0.25494307
11507	0.25602406
11508	0.25711221
11509	0.25838539
11510	0.25979051
11511	0.26128739
11512	0.26268181
11513	0.26396990
11514	0.26486251
11515	0.26528138
11516	0.26508242
11517	0.26453122
11518	0.26443052
11519	0.27017474
11520	0.27527431
11521	0.27927503
11522	0.28300440
11523	0.28438634
11524	0.28314835
11525	0.28145579
11526	0.28059357
11527	0.28039336
11528	0.28060380
11529	0.28057367
11530	0.28001422
11531	0.27951825
11532	0.27920207
11533	0.27906191
11534	0.27814841
11535	0.27851874
11536	0.27801722
11537	0.27796865
11538	0.27763531
11539	0.27851048
11540	0.27824214
11541	0.27999693
11542	0.27919459
11543	0.27845865
11544	0.27826366
11545	0.27839831
11546	0.27861792
11547	0.27491191
11548	0.27516186
11549	0.27482945
11550	0.27440315
11551	0.27382341
11552	0.27308175
11553	0.27363175
11554	0.27288309
11555	0.27221569
11556	0.27143547
11557	0.27054712
11558	0.26960003
11559	0.26848081
11560	0.26738441
11561	0.26622903
11562	0.26508746
11563	0.26415756
11564	0.26350349
11565	0.26287866
11566	0.26268032
11567	0.26325932
11568	0.26449302
11569	0.26578027
11570	0.26714808
11571	0.26892564
11572	0.27088967
11573	0.27278087
11574	0.27468854
11575	0.27648699
11576	0.27795586
11577	0.27923214
11578	0.28011242
11579	0.28159833
11580	0.28159168
11581	0.28066787
11582	0.27973196
11583	0.27835193
11584	0.27655381
11585	0.27446395
11586	0.27211300
11587	0.26952362
11588	0.26672724
11589	0.26387268
11590	0.26097590
11591	0.25811306
11592	0.25538680
11593	0.25279760
11594	0.25034478
11595	0.24799810
11596	0.24575965
11597	0.24355340
11598	0.24145988
11599	0.23950192
11600	0.23773463
11601	0.23613270
11602	0.23479983
11603	0.23360853
11604	0.23244402
11605	0.23182453
11606	0.23131000
11607	0.23112720
11608	0.23292431
11609	0.23296337
11610	0.23459275
11611	0.23422727
11612	0.23571879
11613	0.23470727
11614	0.23513800
11615	0.23523930
11616	0.23453744
11617	0.23270801
11618	0.23476082
11619	0.23539624
11620	0.23591512
11621	0.23761040
11622	0.23821318
11623	0.23856544
11624	0.23700158
11625	0.23745590
11626	0.23734115
11627	0.23721991
11628	0.23729670
11629	0.23748185
11630	0.23829785
11631	0.23952658
11632	0.24114643
11633	0.24320163
11634	0.24562916
11635	0.24811170
11636	0.25047866
11637	0.25275737
11638	0.25484601
11639	0.25678432
11640	0.25869519
11641	0.26043308
11642	0.26196775
11643	0.26326221
11644	0.26417330
11645	0.26464397
11646	0.26454467
11647	0.26403275
11648	0.26309401
11649	0.26199001
11650	0.26101726
11651	0.26070955
11652	0.26445311
11653	0.27125740
11654	0.27485764
11655	0.27810407
11656	0.27909854
11657	0.27817649
11658	0.27746311
11659	0.27720910
11660	0.27699131
11661	0.27690884
11662	0.27667797
11663	0.27629164
11664	0.27548492
11665	0.27502036
11666	0.27404121
11667	0.27388880
11668	0.27360931
11669	0.27335501
11670	0.27500337
11671	0.27372462
11672	0.27421528
11673	0.27536899
11674	0.27450225
11675	0.27413803
11676	0.27355781
11677	0.27341524
11678	0.27173361
11679	0.27083698
11680	0.27065048
11681	0.27041966
11682	0.26997960
11683	0.26967430
11684	0.26895303
11685	0.26816845
11686	0.26833928
11687	0.26767647
11688	0.26700726
11689	0.26618651
11690	0.26535380
11691	0.26438716
11692	0.26341885
11693	0.26247427
11694	0.26165801
11695	0.26091811
11696	0.26033548
11697	0.25969177
11698	0.25939646
11699	0.25911224
11700	0.25991181
11701	0.26108739
11702	0.26218235
11703	0.26334700
11704	0.26478708
11705	0.26621914
11706	0.26754543
11707	0.26875180
11708	0.26974064
11709	0.27030116
11710	0.27073801
11711	0.27070275
11712	0.26960394
11713	0.27046353
11714	0.26886371
11715	0.26724344
11716	0.26524100
11717	0.26288027
11718	0.26027605
11719	0.25751594
11720	0.25460261
11721	0.25168878
11722	0.24866082
11723	0.24563822
11724	0.24275428
11725	0.24002276
11726	0.23743275
11727	0.23488390
11728	0.23249298
11729	0.23022507
11730	0.22815129
11731	0.22625174
11732	0.22445728
11733	0.22284608
11734	0.22117178
11735	0.22003210
11736	0.21924789
11737	0.21859951
11738	0.21809866
11739	0.22006585
11740	0.22015487
11741	0.22007939
11742	0.22196649
11743	0.22164796
11744	0.22346161
11745	0.22353989
11746	0.22376248
11747	0.22449099
11748	0.22496633
11749	0.22366540
11750	0.22313751
11751	0.22761144
11752	0.22879253
11753	0.23131318
11754	0.23267217
11755	0.22865662
11756	0.23301631
11757	0.23432703
11758	0.23505785
11759	0.23578098
11760	0.23641163
11761	0.23752308
11762	0.23877856
11763	0.24032030
11764	0.24212070
11765	0.24435373
11766	0.24675365
11767	0.24914081
11768	0.25133792
11769	0.25335220
11770	0.25507990
11771	0.25666651
11772	0.25815707
11773	0.25959954
11774	0.26093003
11775	0.26209614
11776	0.26305124
11777	0.26364043
11778	0.26373258
11779	0.26345015
11780	0.26293728
11781	0.26229894
11782	0.26178345
11783	0.26176232
11784	0.26227552
11785	0.26734135
11786	0.27242294
11787	0.27531096
11788	0.27765268
11789	0.27794361
11790	0.27716506
11791	0.27677274
11792	0.27657136
11793	0.27650282
11794	0.27660745
11795	0.27647087
11796	0.27608845
11797	0.27479109
11798	0.27411878
11799	0.27366641
11800	0.27358392
11801	0.27437302
11802	0.27394924
11803	0.27363321
11804	0.27503732
11805	0.27506277
11806	0.27436939
11807	0.27431360
11808	0.27349237
11809	0.27163714
11810	0.27197930
11811	0.27055457
11812	0.27077726
11813	0.27051008
11814	0.27017397
11815	0.26997006
11816	0.26935998
11817	0.26867390
11818	0.26893049
11819	0.26816458
11820	0.26750574
11821	0.26671198
11822	0.26584944
11823	0.26485798
11824	0.26376095
11825	0.26266652
11826	0.26145595
11827	0.26025474
11828	0.25922975
11829	0.25863039
11830	0.25764263
11831	0.25694531
11832	0.25654215
11833	0.25699562
11834	0.25742492
11835	0.25777596
11836	0.25836992
11837	0.25918758
11838	0.25987214
11839	0.26045448
11840	0.26099110
11841	0.26120460
11842	0.26126081
11843	0.26078838
11844	0.26014104
11845	0.25833896
11846	0.25875887
11847	0.25662079
11848	0.25452042
11849	0.25216770
11850	0.24961187
11851	0.24688868
11852	0.24401936
11853	0.24115439
11854	0.23833723
11855	0.23555630
11856	0.23292750
11857	0.23043643
11858	0.22816730
11859	0.22608459
11860	0.22406620
11861	0.22229221
11862	0.22060688
11863	0.21904358
11864	0.21755217
11865	0.21619584
11866	0.21495867
11867	0.21389566
11868	0.21302478
11869	0.21222585
11870	0.21188731
11871	0.21164681
11872	0.21230148
11873	0.21375690
11874	0.21385269
11875	0.21405295
11876	0.21593809
11877	0.21797711
11878	0.21762052
11879	0.21837449
11880	0.21941365
11881	0.21870318
11882	0.22057822
11883	0.22244400
11884	0.22170566
11885	0.22344127
11886	0.22473697
11887	0.22742023
11888	0.22794302
11889	0.22540882
11890	0.22914296
11891	0.22909962
11892	0.22997740
11893	0.23008136
11894	0.23033772
11895	0.23078096
11896	0.23140952
11897	0.23236966
11898	0.23369890
11899	0.23538259
11900	0.23720700
11901	0.23901099
11902	0.24072032
11903	0.24233620
11904	0.24385205
11905	0.24541904
11906	0.24704884
11907	0.24868937
11908	0.25018668
11909	0.25152177
11910	0.25237089
11911	0.25279424
11912	0.25262374
11913	0.25161359
11914	0.25006250
11915	0.24867831
11916	0.24990402
11917	0.25654218
11918	0.26065129
11919	0.26483011
11920	0.26768470
11921	0.26706928
11922	0.26477993
11923	0.26368758
11924	0.26355842
11925	0.26362446
11926	0.26365137
11927	0.26366785
11928	0.26336366
11929	0.26251349
11930	0.26166084
11931	0.26145351
11932	0.26299223
11933	0.26295954
11934	0.26200235
11935	0.26170433
11936	0.26159534
11937	0.26353014
11938	0.26279485
11939	0.26256546
11940	0.26012704
11941	0.26026005
11942	0.26025477
11943	0.26015937
11944	0.25906572
11945	0.25870752
11946	0.25831327
11947	0.25784263
11948	0.25722903
11949	0.25642577
11950	0.25578690
11951	0.25491434
11952	0.25409642
11953	0.25324869
11954	0.25232020
11955	0.25282973
11956	0.25178844
11957	0.25068873
11958	0.24959061
11959	0.24857849
11960	0.24778543
11961	0.24750328
11962	0.24684869
11963	0.24652030
11964	0.24693395
11965	0.24785310
11966	0.24868679
11967	0.24964431
11968	0.25101143
11969	0.25243306
11970	0.25367618
11971	0.25484577
11972	0.25583830
11973	0.25654548
11974	0.25685626
11975	0.25659567
11976	0.25544098
11977	0.25587228
11978	0.25477621
11979	0.25328961
11980	0.25150833
11981	0.24952705
11982	0.24736795
11983	0.24508697
11984	0.24277210
11985	0.24038942
11986	0.23809798
11987	0.23594610
11988	0.23385444
11989	0.23203897
11990	0.23036873
11991	0.22891574
11992	0.22756380
11993	0.22629887
11994	0.22525503
11995	0.22421226
11996	0.22334339
11997	0.22253555
11998	0.22195987
11999	0.22158998
12000	0.22130336