	C:\Users\jkuzm\OneDrive - University of Massachusetts\HRSL x UMILL-PUMA Fatigue - Fatigue\Data\F01\FR3_Metabolic1.c3d
	LTOE
	TARGET
	ORIGINAL
ITEM	X
1	0.22063202
2	0.22445463
3	0.22440769
4	0.22637458
5	0.22803193
6	0.22986433
7	0.23146331
8	0.23335207
9	0.23488508
10	0.23604265
11	0.23658599
12	0.23697425
13	0.23713976
14	0.23671927
15	0.23690063
16	0.23693673
17	0.23714066
18	0.23767795
19	0.23869570
20	0.24017303
21	0.24194911
22	0.24395986
23	0.24597336
24	0.24752420
25	0.24873058
26	0.24961166
27	0.25029039
28	0.25089094
29	0.25154382
30	0.25232267
31	0.25322068
32	0.25420463
33	0.25500610
34	0.25559759
35	0.25573409
36	0.25556406
37	0.25569424
38	0.25571162
39	0.25675118
40	0.25954664
41	0.27182135
42	0.27475053
43	0.27668929
44	0.27904445
45	0.27880019
46	0.27832341
47	0.27769074
48	0.27716842
49	0.27660656
50	0.27650210
51	0.27626598
52	0.27596468
53	0.27566057
54	0.27526480
55	0.27510479
56	0.27476716
57	0.27458280
58	0.27487317
59	0.27489039
60	0.27418897
61	0.27464253
62	0.27457574
63	0.27472800
64	0.27497718
65	0.27460429
66	0.27383411
67	0.27422652
68	0.27428108
69	0.27418831
70	0.27398455
71	0.27367365
72	0.27321827
73	0.27279264
74	0.27228409
75	0.27156648
76	0.27092907
77	0.27007616
78	0.26901415
79	0.26789919
80	0.26681918
81	0.26574790
82	0.26469705
83	0.26345083
84	0.26223376
85	0.26103395
86	0.26011878
87	0.25935256
88	0.26083353
89	0.26249638
90	0.26462412
91	0.26737434
92	0.27027118
93	0.27308866
94	0.27571338
95	0.27803704
96	0.27997383
97	0.28133088
98	0.28207573
99	0.28218684
100	0.28162831
101	0.28029218
102	0.27822661
103	0.27555531
104	0.27211687
105	0.26807341
106	0.26357821
107	0.25880313
108	0.25376430
109	0.24878997
110	0.24403435
111	0.23964898
112	0.23571733
113	0.23216122
114	0.22900708
115	0.22616273
116	0.22352272
117	0.22111219
118	0.21880920
119	0.21667774
120	0.21463855
121	0.21283743
122	0.21128228
123	0.21009794
124	0.20903915
125	0.20852934
126	0.20832375
127	0.20859431
128	0.20921545
129	0.21004443
130	0.21108814
131	0.21258743
132	0.21397710
133	0.21587241
134	0.21635382
135	0.21793218
136	0.21912946
137	0.21985184
138	0.22141491
139	0.22350943
140	0.22477558
141	0.22565134
142	0.22669454
143	0.22699557
144	0.22704023
145	0.22673523
146	0.22657296
147	0.22634281
148	0.22623554
149	0.22646265
150	0.22710325
151	0.22816730
152	0.22961727
153	0.23121680
154	0.23303576
155	0.23459327
156	0.23588327
157	0.23750505
158	0.23908475
159	0.24090496
160	0.24263027
161	0.24487577
162	0.24687412
163	0.24961358
164	0.25167030
165	0.25317007
166	0.25396988
167	0.25467062
168	0.25407630
169	0.25435781
170	0.26798716
171	0.27097476
172	0.27509066
173	0.27905703
174	0.27996507
175	0.27872118
176	0.27685991
177	0.27584991
178	0.27549842
179	0.27521735
180	0.27468732
181	0.27444756
182	0.27395406
183	0.27373329
184	0.27391127
185	0.27395567
186	0.27379110
187	0.27354774
188	0.27356878
189	0.27359670
190	0.27361500
191	0.27327523
192	0.27326024
193	0.27363011
194	0.27375686
195	0.27382350
196	0.27429691
197	0.27428386
198	0.27355224
199	0.27357087
200	0.27346122
201	0.27304965
202	0.27279890
203	0.27233857
204	0.27173638
205	0.27091530
206	0.27015829
207	0.26942533
208	0.26837152
209	0.26733583
210	0.26621491
211	0.26513833
212	0.26380461
213	0.26259047
214	0.26142043
215	0.26029891
216	0.25962678
217	0.26070949
218	0.26171041
219	0.26350507
220	0.26571855
221	0.26816526
222	0.27047154
223	0.27274227
224	0.27466321
225	0.27627766
226	0.27757353
227	0.27839887
228	0.27868664
229	0.27845162
230	0.27766883
231	0.27625930
232	0.27428088
233	0.27177358
234	0.26877698
235	0.26538050
236	0.26170713
237	0.25784829
238	0.25388590
239	0.24994169
240	0.24613152
241	0.24258026
242	0.23939398
243	0.23666635
244	0.23426780
245	0.23232922
246	0.23041606
247	0.22881117
248	0.22738469
249	0.22672474
250	0.22561792
251	0.22460730
252	0.22384106
253	0.22324999
254	0.22293672
255	0.22294252
256	0.22356464
257	0.22331494
258	0.22459513
259	0.22528100
260	0.22657678
261	0.22818036
262	0.22937889
263	0.23070416
264	0.23218811
265	0.23372805
266	0.23397984
267	0.23449799
268	0.23683700
269	0.23799141
270	0.23895569
271	0.24050228
272	0.24089184
273	0.24161318
274	0.24143074
275	0.24083868
276	0.24008992
277	0.23886821
278	0.23716240
279	0.23559965
280	0.23390640
281	0.23234501
282	0.23110850
283	0.23031652
284	0.23002620
285	0.23005693
286	0.23025860
287	0.23049715
288	0.23044296
289	0.23039094
290	0.23049541
291	0.23088294
292	0.23170485
293	0.23249681
294	0.23391171
295	0.23536628
296	0.23684651
297	0.23816231
298	0.23907493
299	0.23934732
300	0.24028888
301	0.24034578
302	0.24805322
303	0.25711542
304	0.25650892
305	0.26019999
306	0.26119679
307	0.26046556
308	0.25890106
309	0.25785178
310	0.25744370
311	0.25719729
312	0.25692391
313	0.25679371
314	0.25637653
315	0.25607961
316	0.25597805
317	0.25596100
318	0.25624675
319	0.25622076
320	0.25609681
321	0.25561532
322	0.25564852
323	0.25525555
324	0.25514811
325	0.25509918
326	0.25498876
327	0.25516519
328	0.25593618
329	0.25596479
330	0.25526860
331	0.25528467
332	0.25489506
333	0.25461349
334	0.25399220
335	0.25352207
336	0.25262082
337	0.25169364
338	0.25124705
339	0.25072983
340	0.24971928
341	0.24861616
342	0.24757922
343	0.24634017
344	0.24484357
345	0.24319929
346	0.24171145
347	0.24023475
348	0.23900664
349	0.23912577
350	0.23908673
351	0.23970306
352	0.24080604
353	0.24227884
354	0.24374011
355	0.24522899
356	0.24659240
357	0.24781893
358	0.24883464
359	0.24954005
360	0.24993415
361	0.24993503
362	0.24938792
363	0.24834932
364	0.24679564
365	0.24478845
366	0.24241903
367	0.23972687
368	0.23671612
369	0.23356867
370	0.23014295
371	0.22672980
372	0.22325315
373	0.21990049
374	0.21673384
375	0.21377377
376	0.21120220
377	0.20893210
378	0.20693310
379	0.20517235
380	0.20348202
381	0.20182593
382	0.20019463
383	0.19864321
384	0.19715099
385	0.19588374
386	0.19486822
387	0.19415462
388	0.19368792
389	0.19354895
390	0.19339918
391	0.19375163
392	0.19414198
393	0.19455297
394	0.19541851
395	0.19573037
396	0.19645733
397	0.19743645
398	0.19808914
399	0.19878593
400	0.19932553
401	0.19988498
402	0.19999589
403	0.20026238
404	0.20022954
405	0.19989285
406	0.19984725
407	0.19926359
408	0.19855399
409	0.19732061
410	0.19574445
411	0.19475009
412	0.19377124
413	0.19318445
414	0.19306363
415	0.19351044
416	0.19460191
417	0.19618227
418	0.19813502
419	0.20017770
420	0.20249608
421	0.20468697
422	0.20647742
423	0.20911565
424	0.21131440
425	0.21355154
426	0.21534954
427	0.21722390
428	0.21876511
429	0.21975076
430	0.21994472
431	0.21938542
432	0.21811788
433	0.21697108
434	0.21444057
435	0.21288168
436	0.22142492
437	0.22926408
438	0.23205121
439	0.23558746
440	0.23676808
441	0.23577748
442	0.23418248
443	0.23327073
444	0.23311454
445	0.23316254
446	0.23307796
447	0.23278996
448	0.23239474
449	0.23222521
450	0.23218401
451	0.23223941
452	0.23255092
453	0.23257378
454	0.23302105
455	0.23251700
456	0.23257995
457	0.23208813
458	0.23176847
459	0.23209657
460	0.23172839
461	0.23172395
462	0.23159602
463	0.23179065
464	0.23190701
465	0.23208596
466	0.23158976
467	0.23106636
468	0.23070402
469	0.23004422
470	0.22922835
471	0.22834916
472	0.22844687
473	0.22748542
474	0.22644727
475	0.22534390
476	0.22426970
477	0.22313569
478	0.22170094
479	0.22018425
480	0.21883698
481	0.21755888
482	0.21653636
483	0.21740296
484	0.21815650
485	0.21967188
486	0.22164829
487	0.22394370
488	0.22612607
489	0.22814676
490	0.22986609
491	0.23123556
492	0.23218265
493	0.23258625
494	0.23242080
495	0.23159590
496	0.23011012
497	0.22791229
498	0.22507419
499	0.22167438
500	0.21780901
501	0.21353960
502	0.20895270
503	0.20433046
504	0.19970934
505	0.19522855
506	0.19105250
507	0.18716729
508	0.18381307
509	0.18109678
510	0.17870107
511	0.17671607
512	0.17505285
513	0.17378865
514	0.17283306
515	0.17197625
516	0.17124355
517	0.17062150
518	0.17014232
519	0.16980992
520	0.16977461
521	0.17003787
522	0.17072494
523	0.17071432
524	0.17176986
525	0.17363597
526	0.17468274
527	0.17623872
528	0.17793015
529	0.17954306
530	0.18139461
531	0.18296145
532	0.18451752
533	0.18682170
534	0.18873167
535	0.19039080
536	0.19221134
537	0.19378421
538	0.19553560
539	0.19691990
540	0.19815269
541	0.19896883
542	0.19952300
543	0.19991674
544	0.20012084
545	0.19970466
546	0.19999805
547	0.20022668
548	0.20076667
549	0.20173761
550	0.20311506
551	0.20476276
552	0.20645241
553	0.20798934
554	0.20984235
555	0.21124837
556	0.21264184
557	0.21399994
558	0.21567994
559	0.21760628
560	0.21963802
561	0.22171488
562	0.22342493
563	0.22456586
564	0.22495222
565	0.22450809
566	0.22350608
567	0.22278582
568	0.22164096
569	0.22612442
570	0.23706183
571	0.23885690
572	0.24275088
573	0.24456398
574	0.24400696
575	0.24293023
576	0.24214590
577	0.24164860
578	0.24169853
579	0.24169470
580	0.24136515
581	0.24101193
582	0.24077252
583	0.24070452
584	0.24064942
585	0.24069916
586	0.24086027
587	0.24091735
588	0.24088801
589	0.24078208
590	0.24061397
591	0.24026740
592	0.23960152
593	0.23963919
594	0.23972839
595	0.23969045
596	0.24021083
597	0.23974398
598	0.23997360
599	0.24015854
600	0.23966154
601	0.23919645
602	0.23872383
603	0.23807804
604	0.23734638
605	0.23698258
606	0.23604673
607	0.23504911
608	0.23399892
609	0.23297265
610	0.23190816
611	0.23058087
612	0.22911260
613	0.22779366
614	0.22651838
615	0.22522524
616	0.22528484
617	0.22501858
618	0.22541225
619	0.22638699
620	0.22769286
621	0.22901835
622	0.23030479
623	0.23146763
624	0.23241860
625	0.23300774
626	0.23329115
627	0.23322970
628	0.23278427
629	0.23182377
630	0.23046440
631	0.22861388
632	0.22639507
633	0.22375183
634	0.22092231
635	0.21778877
636	0.21444254
637	0.21095176
638	0.20749396
639	0.20410475
640	0.20088863
641	0.19799058
642	0.19549286
643	0.19338319
644	0.19165911
645	0.19020094
646	0.18910742
647	0.18829951
648	0.18767756
649	0.18713368
650	0.18679540
651	0.18650705
652	0.18645097
653	0.18663615
654	0.18709874
655	0.18789959
656	0.18828088
657	0.18962161
658	0.19109122
659	0.19278131
660	0.19470660
661	0.19646072
662	0.19828390
663	0.20008166
664	0.20294809
665	0.20538193
666	0.20588188
667	0.20782852
668	0.20981660
669	0.21141222
670	0.21286617
671	0.21446253
672	0.21563721
673	0.21630271
674	0.21658584
675	0.21653183
676	0.21593291
677	0.21496521
678	0.21333091
679	0.21195848
680	0.21034394
681	0.20884664
682	0.20764720
683	0.20679379
684	0.20618881
685	0.20577982
686	0.20521110
687	0.20456246
688	0.20362313
689	0.20224491
690	0.20195690
691	0.20167975
692	0.20190084
693	0.20263048
694	0.20317861
695	0.20425840
696	0.20534609
697	0.20617220
698	0.20679620
699	0.20786485
700	0.20762604
701	0.20783393
702	0.21501929
703	0.22341935
704	0.22342536
705	0.22631694
706	0.22711313
707	0.22656082
708	0.22566406
709	0.22465913
710	0.22444542
711	0.22459126
712	0.22450025
713	0.22424453
714	0.22384812
715	0.22367355
716	0.22354379
717	0.22350715
718	0.22365955
719	0.22411884
720	0.22406507
721	0.22301428
722	0.22305986
723	0.22299612
724	0.22296911
725	0.22260600
726	0.22252677
727	0.22255039
728	0.22258496
729	0.22277528
730	0.22291009
731	0.22242400
732	0.22263499
733	0.22206527
734	0.22167726
735	0.22111283
736	0.22032723
737	0.22055051
738	0.21966165
739	0.21877058
740	0.21781667
741	0.21671882
742	0.21575700
743	0.21459970
744	0.21319082
745	0.21165255
746	0.21033914
747	0.20911948
748	0.20813796
749	0.20878397
750	0.20929214
751	0.21048753
752	0.21214959
753	0.21408537
754	0.21608952
755	0.21808900
756	0.21990150
757	0.22152534
758	0.22283134
759	0.22373340
760	0.22424866
761	0.22421840
762	0.22359525
763	0.22243500
764	0.22069691
765	0.21841154
766	0.21572143
767	0.21267791
768	0.20929635
769	0.20575562
770	0.20210470
771	0.19845763
772	0.19486573
773	0.19150755
774	0.18843283
775	0.18571477
776	0.18341321
777	0.18137826
778	0.17966881
779	0.17816770
780	0.17675802
781	0.17545050
782	0.17421705
783	0.17307512
784	0.17210135
785	0.17129250
786	0.17075595
787	0.17050901
788	0.17052928
789	0.17016679
790	0.17110611
791	0.17127948
792	0.17212537
793	0.17307837
794	0.17402188
795	0.17516930
796	0.17648515
797	0.17783397
798	0.17930470
799	0.18098721
800	0.18230586
801	0.18367365
802	0.18495592
803	0.18651822
804	0.18782561
805	0.18936624
806	0.19042383
807	0.19104229
808	0.19152430
809	0.19183187
810	0.19152406
811	0.19201805
812	0.19239689
813	0.19312310
814	0.19442293
815	0.19620736
816	0.19849570
817	0.20106134
818	0.20367953
819	0.20651907
820	0.20906532
821	0.21152051
822	0.21402960
823	0.21649082
824	0.21929608
825	0.22237732
826	0.22540790
827	0.22821291
828	0.23042744
829	0.23186889
830	0.23231231
831	0.23195149
832	0.23085336
833	0.22990623
834	0.22821207
835	0.23425844
836	0.24232529
837	0.24545999
838	0.25086677
839	0.25243476
840	0.25210571
841	0.25069657
842	0.24984016
843	0.24961782
844	0.24930960
845	0.24924065
846	0.24881388
847	0.24827422
848	0.24798648
849	0.24786051
850	0.24808656
851	0.24813300
852	0.24806082
853	0.24797143
854	0.24745056
855	0.24757025
856	0.24677777
857	0.24708886
858	0.24713591
859	0.24709539
860	0.24694262
861	0.24742547
862	0.24760771
863	0.24768963
864	0.24739921
865	0.24679385
866	0.24658588
867	0.24623623
868	0.24574561
869	0.24515919
870	0.24534534
871	0.24457663
872	0.24377789
873	0.24283060
874	0.24184553
875	0.24076754
876	0.23973288
877	0.23833649
878	0.23663786
879	0.23511311
880	0.23372224
881	0.23262373
882	0.23326813
883	0.23481013
884	0.23662288
885	0.23905671
886	0.24157286
887	0.24403186
888	0.24620821
889	0.24811216
890	0.24970604
891	0.25077531
892	0.25135809
893	0.25133175
894	0.25063914
895	0.24928801
896	0.24723415
897	0.24450004
898	0.24111253
899	0.23723023
900	0.23286243
901	0.22823414
902	0.22334655
903	0.21849290
904	0.21361603
905	0.20897467
906	0.20279174
907	0.20029409
908	0.19691549
909	0.19378436
910	0.19115175
911	0.18904087
912	0.18725112
913	0.18585545
914	0.18466645
915	0.18369161
916	0.18282510
917	0.18212496
918	0.18160966
919	0.18131907
920	0.18137717
921	0.18194510
922	0.18187548
923	0.18334030
924	0.18443865
925	0.18549240
926	0.18721746
927	0.18868679
928	0.19043913
929	0.19123849
930	0.19254002
931	0.19375420
932	0.19496433
933	0.19720899
934	0.19709387
935	0.19824260
936	0.19875431
937	0.20047285
938	0.20155500
939	0.20271650
940	0.20333734
941	0.20356910
942	0.20478305
943	0.20505071
944	0.20581613
945	0.20665890
946	0.20782672
947	0.20943475
948	0.21147369
949	0.21395157
950	0.21676958
951	0.21972829
952	0.22266912
953	0.22580570
954	0.22859694
955	0.23117135
956	0.23352343
957	0.23590066
958	0.23832512
959	0.24076058
960	0.24306971
961	0.24506930
962	0.24634708
963	0.24678196
964	0.24622095
965	0.24480775
966	0.24247064
967	0.24024758
968	0.23837866
969	0.24704641
970	0.25397372
971	0.25838810
972	0.26418424
973	0.26577768
974	0.26502287
975	0.26328558
976	0.26193291
977	0.26168936
978	0.26171127
979	0.26157331
980	0.26132077
981	0.26090616
982	0.26082742
983	0.26072365
984	0.26078269
985	0.26032481
986	0.26043215
987	0.26053420
988	0.26039878
989	0.26045707
990	0.26004538
991	0.25999659
992	0.26041895
993	0.26058188
994	0.26017275
995	0.26007822
996	0.25993884
997	0.26001084
998	0.25994825
999	0.25978833
1000	0.25927228
1001	0.25890097
1002	0.25847977
1003	0.25791323
1004	0.25740406
1005	0.25642669
1006	0.25582632
1007	0.25476593
1008	0.25371897
1009	0.25263202
1010	0.25160447
1011	0.25039691
1012	0.24886551
1013	0.24732625
1014	0.24592620
1015	0.24470684
1016	0.24516867
1017	0.24692452
1018	0.24882057
1019	0.25158551
1020	0.25460571
1021	0.25754055
1022	0.26036552
1023	0.26287523
1024	0.26510245
1025	0.26698503
1026	0.26828393
1027	0.26906484
1028	0.26909405
1029	0.26839104
1030	0.26686731
1031	0.26456740
1032	0.26158249
1033	0.25792816
1034	0.25367671
1035	0.24893220
1036	0.24387766
1037	0.23860338
1038	0.23321122
1039	0.22797002
1040	0.22289269
1041	0.21811032
1042	0.21381028
1043	0.20998335
1044	0.20673780
1045	0.20394990
1046	0.20167542
1047	0.19952886
1048	0.19776061
1049	0.19622421
1050	0.19487579
1051	0.19379412
1052	0.19290031
1053	0.19231768
1054	0.19193457
1055	0.19191951
1056	0.19188960
1057	0.19239512
1058	0.19303985
1059	0.19367813
1060	0.19435830
1061	0.19526853
1062	0.19601454
1063	0.19679751
1064	0.19794317
1065	0.19792138
1066	0.19846085
1067	0.19898279
1068	0.19939865
1069	0.19980414
1070	0.20029508
1071	0.20063891
1072	0.20120379
1073	0.20146757
1074	0.20144571
1075	0.20161392
1076	0.20129417
1077	0.20039383
1078	0.20003310
1079	0.19965172
1080	0.19955942
1081	0.19985531
1082	0.20067997
1083	0.20205797
1084	0.20392451
1085	0.20602724
1086	0.20836030
1087	0.21069320
1088	0.21280634
1089	0.21491900
1090	0.21698998
1091	0.21926700
1092	0.22169970
1093	0.22428507
1094	0.22681822
1095	0.22912152
1096	0.23093471
1097	0.23178990
1098	0.23128706
1099	0.22878453
1100	0.22664146
1101	0.22472516
1102	0.23499122
1103	0.23807812
1104	0.24240878
1105	0.24765876
1106	0.24795975
1107	0.24682954
1108	0.24505407
1109	0.24434683
1110	0.24399993
1111	0.24399149
1112	0.24381223
1113	0.24352835
1114	0.24330731
1115	0.24314542
1116	0.24333736
1117	0.24308783
1118	0.24298063
1119	0.24266361
1120	0.24263294
1121	0.24258621
1122	0.24265824
1123	0.24185823
1124	0.24190049
1125	0.24187620
1126	0.24241188
1127	0.24227735
1128	0.24257386
1129	0.24259573
1130	0.24211025
1131	0.24191093
1132	0.24177992
1133	0.24140902
1134	0.24102399
1135	0.24065445
1136	0.24032652
1137	0.24013470
1138	0.23929551
1139	0.23845160
1140	0.23743951
1141	0.23636265
1142	0.23519258
1143	0.23384963
1144	0.23207946
1145	0.23006654
1146	0.22835441
1147	0.22695379
1148	0.22624435
1149	0.22756442
1150	0.22908369
1151	0.23134165
1152	0.23372638
1153	0.23617850
1154	0.23828416
1155	0.24010290
1156	0.24144553
1157	0.24232119
1158	0.24267969
1159	0.24232882
1160	0.24134509
1161	0.23972543
1162	0.23734401
1163	0.23427339
1164	0.23046049
1165	0.22612274
1166	0.22128019
1167	0.21606295
1168	0.21062993
1169	0.20517708
1170	0.19985907
1171	0.19474876
1172	0.19011095
1173	0.18561730
1174	0.18156371
1175	0.17784864
1176	0.17461407
1177	0.17173271
1178	0.16918057
1179	0.16692634
1180	0.16483964
1181	0.16290584
1182	0.16105017
1183	0.15926689
1184	0.15760799
1185	0.15606739
1186	0.15475364
1187	0.15366971
1188	0.15242064
1189	0.15157801
1190	0.15109044
1191	0.15066738
1192	0.15067828
1193	0.15045813
1194	0.15060966
1195	0.15107892
1196	0.15140793
1197	0.15187743
1198	0.15235597
1199	0.15315226
1200	0.15380718
1201	0.15441759
1202	0.15501255
1203	0.15572514
1204	0.15647158
1205	0.15714253
1206	0.15752916
1207	0.15833277
1208	0.15771452
1209	0.15824409
1210	0.15828235
1211	0.15820764
1212	0.15857913
1213	0.15886176
1214	0.15986502
1215	0.16147496
1216	0.16362339
1217	0.16611142
1218	0.16879888
1219	0.17146675
1220	0.17405427
1221	0.17641614
1222	0.17883672
1223	0.18126386
1224	0.18365391
1225	0.18607426
1226	0.18817441
1227	0.18989147
1228	0.19104649
1229	0.19153729
1230	0.19151577
1231	0.19048585
1232	0.19093759
1233	0.19325367
1234	0.20637733
1235	0.20791456
1236	0.21144335
1237	0.21360698
1238	0.21340983
1239	0.21214205
1240	0.21065636
1241	0.21008790
1242	0.21003735
1243	0.21007606
1244	0.20972314
1245	0.21039382
1246	0.21034545
1247	0.21024598
1248	0.21023263
1249	0.20964345
1250	0.20975083
1251	0.20978659
1252	0.20975222
1253	0.20894551
1254	0.20807824
1255	0.20820165
1256	0.20815773
1257	0.20826697
1258	0.20841499
1259	0.20842023
1260	0.20876120
1261	0.20921069
1262	0.20922692
1263	0.20911138
1264	0.20854488
1265	0.20824522
1266	0.20793611
1267	0.20787534
1268	0.20729908
1269	0.20720094
1270	0.20640180
1271	0.20550717
1272	0.20448293
1273	0.20350204
1274	0.20250413
1275	0.20129952
1276	0.19989923
1277	0.19857015
1278	0.19743744
1279	0.19629024
1280	0.19568318
1281	0.19602413
1282	0.19633240
1283	0.19742151
1284	0.19885810
1285	0.20055236
1286	0.20234157
1287	0.20414038
1288	0.20586054
1289	0.20735484
1290	0.20862770
1291	0.20944045
1292	0.20977023
1293	0.20945081
1294	0.20853454
1295	0.20700014
1296	0.20494725
1297	0.20236175
1298	0.19939461
1299	0.19612917
1300	0.19264169
1301	0.18903488
1302	0.18546802
1303	0.18196550
1304	0.17866540
1305	0.17575830
1306	0.17327310
1307	0.17127113
1308	0.16967550
1309	0.16848066
1310	0.16755520
1311	0.16679250
1312	0.16623388
1313	0.16569777
1314	0.16536386
1315	0.16512172
1316	0.16513142
1317	0.16541277
1318	0.16600758
1319	0.16624190
1320	0.16740373
1321	0.16920105
1322	0.17028868
1323	0.17192815
1324	0.17388989
1325	0.17555577
1326	0.17762406
1327	0.17863294
1328	0.18049628
1329	0.18232347
1330	0.18410544
1331	0.18608162
1332	0.18924372
1333	0.18993576
1334	0.19166034
1335	0.19311999
1336	0.19486795
1337	0.19603467
1338	0.19718398
1339	0.19708546
1340	0.19794349
1341	0.19788127
1342	0.19803092
1343	0.19799197
1344	0.19810407
1345	0.19858605
1346	0.19957463
1347	0.20102018
1348	0.20281145
1349	0.20474604
1350	0.20679887
1351	0.20853509
1352	0.21012020
1353	0.21167664
1354	0.21328641
1355	0.21472892
1356	0.21653526
1357	0.21807158
1358	0.21997067
1359	0.22202928
1360	0.22351709
1361	0.22467096
1362	0.22546700
1363	0.22606760
1364	0.22662486
1365	0.22814102
1366	0.22931108
1367	0.23481657
1368	0.24705040
1369	0.24898958
1370	0.25175339
1371	0.25375652
1372	0.25384951
1373	0.25309873
1374	0.25199234
1375	0.25165424
1376	0.25156039
1377	0.25148451
1378	0.25123295
1379	0.25102350
1380	0.25080246
1381	0.25069600
1382	0.25055537
1383	0.25045896
1384	0.25037929
1385	0.25012919
1386	0.24997430
1387	0.24961224
1388	0.24959439
1389	0.24929281
1390	0.24917613
1391	0.24937437
1392	0.24933530
1393	0.24923421
1394	0.24933712
1395	0.24921152
1396	0.24917315
1397	0.24900377
1398	0.24876364
1399	0.24817573
1400	0.24770775
1401	0.24707498
1402	0.24629778
1403	0.24555299
1404	0.24481744
1405	0.24367711
1406	0.24256167
1407	0.24146838
1408	0.24037713
1409	0.23906983
1410	0.23763217
1411	0.23630698
1412	0.23506244
1413	0.23421444
1414	0.23531011
1415	0.23667777
1416	0.23851864
1417	0.24107791
1418	0.24395509
1419	0.24656504
1420	0.24895291
1421	0.25093251
1422	0.25246531
1423	0.25345927
1424	0.25385889
1425	0.25360197
1426	0.25265753
1427	0.25102961
1428	0.24873421
1429	0.24577874
1430	0.24222425
1431	0.23821619
1432	0.23379456
1433	0.22904806
1434	0.22416668
1435	0.21921110
1436	0.21450061
1437	0.20990413
1438	0.20568602
1439	0.20200942
1440	0.19891191
1441	0.19640648
1442	0.19448175
1443	0.19297937
1444	0.19182740
1445	0.19104977
1446	0.19043028
1447	0.18999846
1448	0.18967727
1449	0.18951513
1450	0.18959935
1451	0.18991771
1452	0.19056806
1453	0.19185577
1454	0.19212244
1455	0.19362880
1456	0.19563761
1457	0.19698948
1458	0.19906105
1459	0.20078324
1460	0.20256475
1461	0.20427184
1462	0.20613565
1463	0.20800385
1464	0.20943774
1465	0.21119612
1466	0.21280560
1467	0.21416624
1468	0.21523952
1469	0.21598692
1470	0.21761690
1471	0.21835215
1472	0.21851549
1473	0.21807009
1474	0.21848853
1475	0.21756698
1476	0.21691105
1477	0.21612394
1478	0.21550928
1479	0.21508482
1480	0.21512504
1481	0.21555209
1482	0.21621488
1483	0.21685453
1484	0.21750870
1485	0.21778323
1486	0.21774934
1487	0.21768978
1488	0.21761683
1489	0.21749641
1490	0.21770912
1491	0.21802674
1492	0.21833935
1493	0.21847291
1494	0.21840653
1495	0.21787433
1496	0.21680358
1497	0.21497481
1498	0.21247004
1499	0.21627101
1500	0.22744492
1501	0.23110014
1502	0.23716879
1503	0.23970078
1504	0.23973788
1505	0.23837414
1506	0.23691513
1507	0.23617969
1508	0.23598497
1509	0.23577364
1510	0.23585162
1511	0.23569269
1512	0.23538347
1513	0.23571546
1514	0.23535681
1515	0.23546492
1516	0.23541583
1517	0.23544909
1518	0.23539004
1519	0.23548083
1520	0.23488255
1521	0.23459126
1522	0.23460840
1523	0.23528507
1524	0.23491836
1525	0.23502249
1526	0.23510849
1527	0.23499781
1528	0.23494068
1529	0.23476797
1530	0.23457178
1531	0.23402314
1532	0.23359191
1533	0.23307215
1534	0.23223716
1535	0.23164721
1536	0.23106882
1537	0.23011148
1538	0.22905590
1539	0.22803834
1540	0.22708854
1541	0.22602154
1542	0.22480032
1543	0.22366109
1544	0.22253615
1545	0.22188285
1546	0.22167546
1547	0.22387797
1548	0.22617191
1549	0.22889978
1550	0.23236939
1551	0.23574896
1552	0.23876311
1553	0.24137002
1554	0.24339780
1555	0.24475342
1556	0.24535514
1557	0.24508926
1558	0.24407978
1559	0.24228717
1560	0.23977488
1561	0.23653986
1562	0.23261067
1563	0.22812317
1564	0.22315297
1565	0.21787204
1566	0.21236347
1567	0.20684633
1568	0.20157166
1569	0.19665730
1570	0.19069217
1571	0.18842258
1572	0.18533500
1573	0.18281388
1574	0.18086608
1575	0.17935885
1576	0.17828524
1577	0.17757514
1578	0.17704608
1579	0.17680760
1580	0.17678402
1581	0.17710280
1582	0.17769976
1583	0.17859498
1584	0.17970057
1585	0.18105075
1586	0.18252145
1587	0.18411849
1588	0.18568318
1589	0.18731014
1590	0.18873096
1591	0.18990827
1592	0.19074808
1593	0.19155912
1594	0.19226336
1595	0.19283870
1596	0.19330762
1597	0.19361250
1598	0.19369565
1599	0.19350924
1600	0.19237058
1601	0.19268885
1602	0.19180040
1603	0.19084337
1604	0.18897969
1605	0.18758850
1606	0.18555878
1607	0.18379809
1608	0.18195203
1609	0.18038456
1610	0.17928608
1611	0.17874980
1612	0.17872834
1613	0.17903818
1614	0.17943792
1615	0.17997120
1616	0.18040092
1617	0.18093130
1618	0.18174849
1619	0.18296479
1620	0.18461733
1621	0.18659408
1622	0.18861541
1623	0.19048318
1624	0.19188945
1625	0.19254974
1626	0.19236922
1627	0.19124746
1628	0.18963698
1629	0.18694632
1630	0.18547174
1631	0.19182058
1632	0.19911730
1633	0.20118949
1634	0.20444894
1635	0.20487317
1636	0.20396040
1637	0.20290305
1638	0.20228818
1639	0.20215043
1640	0.20195070
1641	0.20243713
1642	0.20273335
1643	0.20243810
1644	0.20226024
1645	0.20141357
1646	0.20142470
1647	0.20132387
1648	0.20131309
1649	0.20063272
1650	0.20035055
1651	0.19984978
1652	0.19963396
1653	0.19954519
1654	0.19951449
1655	0.19955504
1656	0.19969939
1657	0.19995029
1658	0.20004399
1659	0.20045695
1660	0.20042081
1661	0.20005842
1662	0.19988535
1663	0.19956402
1664	0.19922268
1665	0.19915293
1666	0.19856219
1667	0.19785196
1668	0.19712444
1669	0.19615781
1670	0.19524665
1671	0.19434418
1672	0.19329967
1673	0.19198471
1674	0.19061473
1675	0.18945970
1676	0.18834135
1677	0.18778557
1678	0.18889810
1679	0.18974963
1680	0.19138718
1681	0.19336449
1682	0.19541317
1683	0.19730696
1684	0.19904800
1685	0.20045885
1686	0.20150855
1687	0.20203020
1688	0.20201197
1689	0.20132129
1690	0.19996552
1691	0.19796644
1692	0.19528688
1693	0.19205740
1694	0.18829192
1695	0.18416171
1696	0.17966853
1697	0.17499152
1698	0.17032720
1699	0.16573542
1700	0.16138224
1701	0.15724115
1702	0.15351860
1703	0.15025915
1704	0.14750569
1705	0.14524403
1706	0.14330819
1707	0.14181978
1708	0.14055230
1709	0.13944562
1710	0.13857089
1711	0.13786405
1712	0.13733582
1713	0.13705151
1714	0.13688824
1715	0.13698713
1716	0.13666683
1717	0.13720702
1718	0.13829257
1719	0.13867679
1720	0.13979031
1721	0.14086577
1722	0.14194292
1723	0.14319801
1724	0.14452696
1725	0.14564596
1726	0.14672223
1727	0.14827526
1728	0.14946640
1729	0.15071118
1730	0.15190838
1731	0.15330112
1732	0.15479967
1733	0.15634605
1734	0.15783551
1735	0.15894295
1736	0.16027680
1737	0.16174361
1738	0.16336429
1739	0.16490914
1740	0.16669779
1741	0.16836819
1742	0.17058869
1743	0.17332835
1744	0.17651702
1745	0.17994398
1746	0.18335859
1747	0.18734543
1748	0.19076414
1749	0.19407967
1750	0.19714881
1751	0.20017831
1752	0.20325841
1753	0.20636781
1754	0.20923875
1755	0.21186467
1756	0.21397755
1757	0.21526936
1758	0.21570590
1759	0.21522228
1760	0.21379417
1761	0.21259427
1762	0.21167500
1763	0.22324565
1764	0.22731911
1765	0.23197134
1766	0.23595701
1767	0.23706898
1768	0.23587279
1769	0.23427635
1770	0.23339657
1771	0.23342636
1772	0.23351307
1773	0.23341006
1774	0.23301195
1775	0.23288070
1776	0.23267657
1777	0.23345281
1778	0.23294196
1779	0.23306596
1780	0.23304763
1781	0.23267248
1782	0.23257527
1783	0.23258686
1784	0.23205023
1785	0.23128906
1786	0.23160945
1787	0.23138952
1788	0.23218699
1789	0.23205906
1790	0.23223035
1791	0.23228672
1792	0.23223212
1793	0.23216310
1794	0.23185496
1795	0.23160188
1796	0.23133126
1797	0.23090735
1798	0.23082678
1799	0.23007515
1800	0.22926471
1801	0.22834884
1802	0.22731210
1803	0.22629213
1804	0.22534683
1805	0.22421251
1806	0.22279513
1807	0.22141062
1808	0.22015963
1809	0.21918304
1810	0.21903105
1811	0.22083284
1812	0.22250548
1813	0.22491910
1814	0.22760074
1815	0.23022644
1816	0.23241134
1817	0.23422287
1818	0.23559029
1819	0.23633912
1820	0.23649697
1821	0.23596963
1822	0.23479246
1823	0.23296410
1824	0.23046206
1825	0.22726114
1826	0.22344910
1827	0.21908212
1828	0.21430437
1829	0.20910580
1830	0.20381044
1831	0.19838496
1832	0.19307882
1833	0.18805872
1834	0.18343212
1835	0.17925726
1836	0.17570077
1837	0.17281340
1838	0.17057495
1839	0.16882719
1840	0.16751963
1841	0.16660111
1842	0.16597076
1843	0.16554829
1844	0.16538605
1845	0.16546595
1846	0.16586035
1847	0.16654415
1848	0.16731377
1849	0.16872987
1850	0.17079420
1851	0.17257300
1852	0.17484513
1853	0.17736290
1854	0.17959714
1855	0.18215716
1856	0.18404719
1857	0.18649510
1858	0.18901041
1859	0.19093144
1860	0.19368450
1861	0.19713768
1862	0.19817378
1863	0.20005970
1864	0.20221943
1865	0.20411681
1866	0.20581135
1867	0.20655951
1868	0.20793658
1869	0.20953782
1870	0.21014692
1871	0.21035363
1872	0.21075068
1873	0.21104503
1874	0.21145324
1875	0.21214280
1876	0.21314055
1877	0.21443869
1878	0.21589401
1879	0.21759066
1880	0.21891700
1881	0.21996129
1882	0.22080414
1883	0.22138654
1884	0.22200783
1885	0.22279815
1886	0.22386132
1887	0.22501828
1888	0.22615498
1889	0.22694868
1890	0.22723715
1891	0.22671705
1892	0.22546735
1893	0.22342880
1894	0.22138529
1895	0.21945587
1896	0.22374062
1897	0.23373999
1898	0.23579820
1899	0.24101266
1900	0.24315883
1901	0.24273296
1902	0.24081655
1903	0.23952921
1904	0.23896517
1905	0.23869976
1906	0.23849423
1907	0.23814207
1908	0.23758811
1909	0.23732251
1910	0.23704469
1911	0.23746683
1912	0.23693600
1913	0.23694043
1914	0.23660295
1915	0.23655377
1916	0.23652841
1917	0.23601431
1918	0.23603533
1919	0.23562318
1920	0.23578206
1921	0.23649013
1922	0.23612021
1923	0.23638195
1924	0.23633714
1925	0.23637456
1926	0.23625517
1927	0.23578678
1928	0.23555882
1929	0.23527175
1930	0.23478676
1931	0.23406103
1932	0.23356199
1933	0.23308995
1934	0.23224704
1935	0.23127387
1936	0.23028651
1937	0.22940668
1938	0.22848618
1939	0.22730616
1940	0.22616675
1941	0.22504573
1942	0.22394173
1943	0.22324778
1944	0.22483097
1945	0.22711165
1946	0.22976281
1947	0.23309928
1948	0.23655491
1949	0.23973686
1950	0.24269935
1951	0.24529260
1952	0.24735621
1953	0.24880877
1954	0.24953729
1955	0.24964406
1956	0.24893363
1957	0.24740730
1958	0.24512166
1959	0.24212432
1960	0.23845437
1961	0.23422560
1962	0.22963405
1963	0.22465491
1964	0.21948215
1965	0.21429849
1966	0.20915122
1967	0.20446086
1968	0.20020771
1969	0.19642732
1970	0.19309071
1971	0.19024403
1972	0.18766142
1973	0.18534583
1974	0.18319303
1975	0.18128550
1976	0.17953947
1977	0.17807472
1978	0.17697617
1979	0.17624395
1980	0.17602794
1981	0.17578125
1982	0.17634133
1983	0.17737857
1984	0.17812766
1985	0.17921287
1986	0.18054081
1987	0.18169487
1988	0.18285534
1989	0.18368614
1990	0.18476802
1991	0.18587525
1992	0.18676221
1993	0.18784311
1994	0.18864252
1995	0.18964222
1996	0.19033049
1997	0.19077016
1998	0.19203331
1999	0.19280601
2000	0.19375026
2001	0.19468075
2002	0.19592492
2003	0.19781514
2004	0.19945854
2005	0.20091259
2006	0.20238301
2007	0.20403118
2008	0.20576924
2009	0.20770830
2010	0.20962079
2011	0.21120510
2012	0.21321018
2013	0.21433307
2014	0.21492982
2015	0.21504907
2016	0.21473227
2017	0.21409035
2018	0.21331394
2019	0.21246807
2020	0.21148640
2021	0.21037318
2022	0.20907842
2023	0.20748952
2024	0.20573041
2025	0.20357201
2026	0.20200130
2027	0.20092507
2028	0.21032560
2029	0.21736886
2030	0.21870257
2031	0.22203687
2032	0.22272854
2033	0.22205088
2034	0.22080532
2035	0.21948685
2036	0.21912473
2037	0.21908286
2038	0.21889043
2039	0.21848479
2040	0.21812992
2041	0.21828039
2042	0.21804139
2043	0.21794976
2044	0.21750213
2045	0.21756697
2046	0.21748279
2047	0.21747395
2048	0.21725802
2049	0.21628404
2050	0.21649137
2051	0.21691963
2052	0.21674764
2053	0.21675766
2054	0.21692239
2055	0.21737045
2056	0.21722101
2057	0.21723895
2058	0.21720524
2059	0.21704163
2060	0.21659845
2061	0.21617627
2062	0.21558647
2063	0.21493508
2064	0.21473528
2065	0.21385966
2066	0.21302229
2067	0.21213290
2068	0.21130285
2069	0.21052778
2070	0.20969965
2071	0.20896949
2072	0.20829299
2073	0.20747025
2074	0.20684746
2075	0.20770530
2076	0.20881741
2077	0.21002357
2078	0.21203184
2079	0.21430373
2080	0.21674077
2081	0.21922380
2082	0.22173333
2083	0.22407088
2084	0.22624683
2085	0.22813421
2086	0.22967659
2087	0.23074244
2088	0.23125772
2089	0.23115580
2090	0.23049653
2091	0.22922991
2092	0.22739531
2093	0.22504753
2094	0.22227366
2095	0.21920790
2096	0.21588212
2097	0.21257806
2098	0.20930442
2099	0.20641409
2100	0.20396119
2101	0.20152536
2102	0.20006956
2103	0.19854669
2104	0.19730715
2105	0.19625704
2106	0.19540314
2107	0.19470510
2108	0.19429812
2109	0.19409291
2110	0.19422552
2111	0.19470024
2112	0.19552913
2113	0.19696532
2114	0.19737366
2115	0.19981998
2116	0.20101568
2117	0.20316856
2118	0.20583870
2119	0.20827021
2120	0.21062663
2121	0.21302807
2122	0.21546812
2123	0.21762027
2124	0.21999085
2125	0.22344770
2126	0.22402552
2127	0.22660869
2128	0.22858608
2129	0.23106946
2130	0.23283415
2131	0.23471230
2132	0.23534249
2133	0.23589836
2134	0.23625387
2135	0.23635067
2136	0.23622862
2137	0.23556125
2138	0.23561057
2139	0.23559895
2140	0.23595238
2141	0.23675111
2142	0.23793328
2143	0.23920901
2144	0.24041824
2145	0.24185772
2146	0.24265930
2147	0.24327888
2148	0.24390300
2149	0.24454908
2150	0.24565905
2151	0.24686083
2152	0.24830028
2153	0.25001678
2154	0.25109527
2155	0.25178936
2156	0.25184733
2157	0.25124004
2158	0.24979927
2159	0.24949349
2160	0.25023502
2161	0.26308477
2162	0.26631236
2163	0.27225038
2164	0.27590147
2165	0.27676868
2166	0.27556333
2167	0.27392712
2168	0.27295762
2169	0.27311468
2170	0.27322131
2171	0.27311677
2172	0.27274743
2173	0.27234420
2174	0.27224186
2175	0.27235052
2176	0.27270013
2177	0.27288485
2178	0.27271238
2179	0.27245924
2180	0.27223599
2181	0.27270538
2182	0.27208537
2183	0.27247688
2184	0.27234393
2185	0.27282634
2186	0.27251074
2187	0.27248991
2188	0.27282497
2189	0.27272269
2190	0.27189544
2191	0.27172148
2192	0.27144057
2193	0.27091882
2194	0.27031067
2195	0.26928464
2196	0.26842427
2197	0.26849353
2198	0.26756614
2199	0.26651457
2200	0.26543394
2201	0.26431796
2202	0.26299417
2203	0.26132715
2204	0.25952694
2205	0.25796467
2206	0.25660226
2207	0.25624666
2208	0.25738710
2209	0.25871828
2210	0.26079080
2211	0.26309258
2212	0.26541054
2213	0.26735535
2214	0.26900992
2215	0.27024937
2216	0.27092996
2217	0.27110735
2218	0.27065480
2219	0.26941788
2220	0.26749900
2221	0.26482514
2222	0.26141894
2223	0.25727668
2224	0.25263530
2225	0.24741070
2226	0.24183217
2227	0.23601437
2228	0.23003004
2229	0.22420599
2230	0.21845771
2231	0.21305381
2232	0.20800956
2233	0.20345767
2234	0.19949125
2235	0.19612591
2236	0.19333965
2237	0.19097260
2238	0.18904413
2239	0.18739291
2240	0.18605198
2241	0.18495989
2242	0.18404324
2243	0.18337920
2244	0.18295650
2245	0.18281211
2246	0.18303591
2247	0.18356939
2248	0.18449529
2249	0.18499012
2250	0.18656075
2251	0.18756534
2252	0.18906809
2253	0.19073579
2254	0.19223203
2255	0.19373848
2256	0.19501430
2257	0.19663070
2258	0.19801039
2259	0.19960698
2260	0.20221613
2261	0.20212008
2262	0.20326969
2263	0.20458508
2264	0.20549144
2265	0.20627370
2266	0.20697632
2267	0.20709454
2268	0.20723070
2269	0.20669924
2270	0.20668501
2271	0.20641084
2272	0.20632245
2273	0.20651309
2274	0.20717701
2275	0.20828433
2276	0.20975260
2277	0.21125126
2278	0.21276997
2279	0.21388012
2280	0.21435943
2281	0.21533048
2282	0.21676269
2283	0.21820980
2284	0.21975027
2285	0.22173785
2286	0.22386406
2287	0.22603112
2288	0.22786060
2289	0.22936392
2290	0.23022696
2291	0.23046818
2292	0.23067169
2293	0.23058142
2294	0.23323211
2295	0.24475466
2296	0.24635357
2297	0.25028774
2298	0.25250736
2299	0.25229055
2300	0.25082621
2301	0.24951214
2302	0.24879432
2303	0.24877901
2304	0.24863543
2305	0.24880260
2306	0.24845938
2307	0.24834393
2308	0.24820426
2309	0.24822481
2310	0.24815762
2311	0.24830019
2312	0.24820548
2313	0.24821515
2314	0.24821463
2315	0.24779904
2316	0.24789612
2317	0.24762435
2318	0.24872227
2319	0.24776727
2320	0.24788323
2321	0.24794927
2322	0.24792263
2323	0.24793626
2324	0.24781804
2325	0.24739915
2326	0.24709722
2327	0.24676360
2328	0.24633302
2329	0.24556722
2330	0.24513477
2331	0.24426486
2332	0.24380837
2333	0.24287696
2334	0.24184246
2335	0.24082956
2336	0.23978409
2337	0.23845220
2338	0.23702477
2339	0.23572367
2340	0.23447366
2341	0.23350771
2342	0.23405373
2343	0.23498219
2344	0.23634608
2345	0.23816434
2346	0.24035257
2347	0.24252723
2348	0.24472982
2349	0.24684593
2350	0.24881390
2351	0.25049797
2352	0.25188863
2353	0.25293428
2354	0.25362119
2355	0.25361457
2356	0.25305143
2357	0.25191438
2358	0.25021109
2359	0.24800400
2360	0.24536166
2361	0.24241716
2362	0.23916934
2363	0.23580746
2364	0.23232940
2365	0.22909383
2366	0.22604606
2367	0.22321425
2368	0.22076683
2369	0.21856815
2370	0.21678288
2371	0.21331692
2372	0.21364091
2373	0.21218728
2374	0.21085241
2375	0.20951705
2376	0.20828165
2377	0.20715179
2378	0.20628414
2379	0.20570593
2380	0.20538417
2381	0.20502234
2382	0.20531729
2383	0.20579556
2384	0.20628741
2385	0.20702207
2386	0.20779049
2387	0.20848854
2388	0.20935725
2389	0.21030971
2390	0.21095534
2391	0.21174923
2392	0.21207160
2393	0.21259595
2394	0.21399577
2395	0.21476372
2396	0.21563962
2397	0.21626222
2398	0.21648285
2399	0.21662092
2400	0.21674170
2401	0.21627110
2402	0.21536721
2403	0.21497086
2404	0.21446586
2405	0.21416612
2406	0.21424179
2407	0.21483292
2408	0.21592858
2409	0.21735318
2410	0.21907870
2411	0.22060812
2412	0.22202808
2413	0.22337496
2414	0.22466287
2415	0.22604392
2416	0.22744185
2417	0.22943693
2418	0.23159578
2419	0.23381229
2420	0.23616084
2421	0.23754674
2422	0.23820521
2423	0.23831436
2424	0.23791797
2425	0.23719469
2426	0.23732737
2427	0.23819914
2428	0.24995203
2429	0.25452730
2430	0.26016849
2431	0.26345089
2432	0.26441771
2433	0.26361001
2434	0.26258633
2435	0.26205567
2436	0.26181704
2437	0.26185641
2438	0.26168296
2439	0.26135331
2440	0.26108024
2441	0.26094660
2442	0.26091301
2443	0.26037058
2444	0.26094165
2445	0.26092559
2446	0.26088357
2447	0.26070231
2448	0.26073778
2449	0.26028535
2450	0.26050639
2451	0.26084962
2452	0.25953561
2453	0.26009354
2454	0.26010773
2455	0.26004636
2456	0.26004663
2457	0.25989205
2458	0.25936872
2459	0.25913391
2460	0.25875980
2461	0.25826153
2462	0.25748917
2463	0.25707400
2464	0.25673535
2465	0.25588995
2466	0.25494310
2467	0.25392911
2468	0.25290859
2469	0.25169772
2470	0.25018951
2471	0.24871987
2472	0.24748294
2473	0.24618003
2474	0.24550033
2475	0.24622436
2476	0.24675050
2477	0.24798150
2478	0.24940683
2479	0.25093561
2480	0.25236034
2481	0.25365967
2482	0.25479072
2483	0.25563478
2484	0.25619370
2485	0.25639766
2486	0.25612947
2487	0.25546956
2488	0.25445035
2489	0.25289017
2490	0.25096387
2491	0.24872196
2492	0.24623799
2493	0.24359648
2494	0.24088258
2495	0.23822516
2496	0.23573108
2497	0.23340958
2498	0.23133732
2499	0.22957264
2500	0.22828920
2501	0.22742273
2502	0.22692528
2503	0.22657746
2504	0.22648701
2505	0.22650474
2506	0.22646771
2507	0.22639447
2508	0.22634184
2509	0.22638050
2510	0.22649015
2511	0.22670357
2512	0.22714165
2513	0.22795045
2514	0.22792552
2515	0.22885227
2516	0.22978558
2517	0.23092520
2518	0.23197760
2519	0.23289122
2520	0.23379189
2521	0.23487401
2522	0.23575833
2523	0.23679540
2524	0.23753713
2525	0.23860922
2526	0.23879597
2527	0.23879585
2528	0.23930733
2529	0.23977605
2530	0.24003462
2531	0.24092406
2532	0.24111460
2533	0.24075212
2534	0.24039046
2535	0.24043296
2536	0.24054186
2537	0.24108359
2538	0.24210355
2539	0.24368910
2540	0.24580678
2541	0.24832195
2542	0.25102940
2543	0.25369060
2544	0.25606278
2545	0.25821608
2546	0.26013005
2547	0.26174206
2548	0.26317051
2549	0.26437297
2550	0.26532391
2551	0.26604578
2552	0.26625413
2553	0.26571530
2554	0.26425400
2555	0.26171738
2556	0.25834513
2557	0.25463134
2558	0.25059357
2559	0.25188282
2560	0.26285619
2561	0.26679802
2562	0.27479386
2563	0.27859062
2564	0.27932906
2565	0.27816415
2566	0.27655694
2567	0.27550808
2568	0.27524522
2569	0.27524492
2570	0.27514714
2571	0.27502862
2572	0.27441272
2573	0.27434143
2574	0.27416062
2575	0.27432409
2576	0.27493140
2577	0.27502212
2578	0.27509686
2579	0.27542582
2580	0.27503473
2581	0.27554289
2582	0.27552643
2583	0.27541244
2584	0.27445477
2585	0.27480257
2586	0.27484286
2587	0.27484250
2588	0.27469444
2589	0.27450877
2590	0.27428359
2591	0.27395728
2592	0.27330518
2593	0.27289128
2594	0.27219108
2595	0.27139133
2596	0.27069837
2597	0.26987603
2598	0.26869705
2599	0.26754680
2600	0.26634929
2601	0.26516804
2602	0.26370379
2603	0.26217318
2604	0.26077771
2605	0.25965682
2606	0.25870267
2607	0.25984016
2608	0.26199973
2609	0.26418230
2610	0.26727492
2611	0.27057421
2612	0.27368626
2613	0.27629912
2614	0.27844813
2615	0.27971315
2616	0.28013784
2617	0.27967873
2618	0.27831852
2619	0.27606276
2620	0.27295932
2621	0.26895541
2622	0.26424015
2623	0.25886831
2624	0.25298497
2625	0.24665749
2626	0.24014722
2627	0.23364455
2628	0.22735822
2629	0.22144058
2630	0.21608794
2631	0.21123436
2632	0.20703813
2633	0.20355040
2634	0.20066497
2635	0.19826546
2636	0.19624357
2637	0.19466919
2638	0.19327880
2639	0.19190787
2640	0.19087204
2641	0.19013816
2642	0.18950720
2643	0.18924847
2644	0.18934517
2645	0.19017801
2646	0.19034706
2647	0.19138460
2648	0.19269598
2649	0.19412954
2650	0.19577247
2651	0.19735111
2652	0.19901553
2653	0.20068482
2654	0.20248263
2655	0.20417270
2656	0.20551230
2657	0.20706576
2658	0.20851879
2659	0.20963354
2660	0.21043661
2661	0.21080521
2662	0.21197869
2663	0.21189491
2664	0.21133110
2665	0.20963237
2666	0.20790441
2667	0.20626944
2668	0.20297515
2669	0.20034173
2670	0.19763549
2671	0.19495058
2672	0.19270611
2673	0.19081788
2674	0.18914668
2675	0.18777090
2676	0.18622610
2677	0.18438183
2678	0.18345925
2679	0.18250358
2680	0.18211529
2681	0.18230420
2682	0.18309790
2683	0.18425073
2684	0.18554673
2685	0.18674900
2686	0.18755975
2687	0.18742248
2688	0.18694317
2689	0.18615872
2690	0.18909928
2691	0.19887358
2692	0.19812402
2693	0.20042478
2694	0.20164356
2695	0.20106892
2696	0.20008810
2697	0.19872126
2698	0.19838463
2699	0.19817394
2700	0.19786176
2701	0.19756259
2702	0.19750883
2703	0.19659580
2704	0.19636543
2705	0.19614413
2706	0.19523357
2707	0.19557752
2708	0.19551650
2709	0.19549929
2710	0.19544272
2711	0.19488615
2712	0.19485012
2713	0.19468296
2714	0.19488212
2715	0.19486259
2716	0.19486174
2717	0.19555891
2718	0.19552171
2719	0.19536585
2720	0.19524524
2721	0.19471635
2722	0.19472317
2723	0.19430541
2724	0.19382307
2725	0.19386156
2726	0.19317466
2727	0.19242120
2728	0.19159932
2729	0.19067460
2730	0.18975337
2731	0.18867679
2732	0.18739294
2733	0.18594098
2734	0.18475579
2735	0.18360160
2736	0.18237510
2737	0.18226261
2738	0.18219632
2739	0.18231839
2740	0.18282750
2741	0.18356545
2742	0.18431245
2743	0.18508191
2744	0.18585716
2745	0.18657224
2746	0.18710266
2747	0.18752769
2748	0.18760501
2749	0.18731409
2750	0.18661177
2751	0.18538092
2752	0.18368749
2753	0.18151018
2754	0.17888188
2755	0.17595989
2756	0.17273670
2757	0.16947348
2758	0.16620442
2759	0.16312034
2760	0.16036704
2761	0.15805648
2762	0.15613006
2763	0.15449621
2764	0.15318337
2765	0.15202698
2766	0.15101270
2767	0.15014094
2768	0.14934641
2769	0.14868672
2770	0.14817080
2771	0.14792906
2772	0.14802192
2773	0.14832994
2774	0.14917062
2775	0.14898881
2776	0.15095060
2777	0.15183021
2778	0.15371723
2779	0.15616772
2780	0.15836674
2781	0.16039810
2782	0.16286805
2783	0.16549435
2784	0.16827467
2785	0.17104469
2786	0.17390124
2787	0.17680535
2788	0.17939071
2789	0.18189596
2790	0.18418647
2791	0.18649602
2792	0.18805718
2793	0.18927795
2794	0.19063441
2795	0.19198592
2796	0.19242142
2797	0.19291627
2798	0.19322088
2799	0.19350590
2800	0.19401234
2801	0.19474714
2802	0.19555171
2803	0.19649099
2804	0.19763771
2805	0.19808181
2806	0.19813441
2807	0.19789648
2808	0.19738492
2809	0.19689068
2810	0.19645903
2811	0.19616716
2812	0.19597749
2813	0.19581461
2814	0.19562155
2815	0.19536963
2816	0.19498406
2817	0.19395234
2818	0.19373496
2819	0.19379795
2820	0.20386268
2821	0.21020228
2822	0.21196721
2823	0.21531355
2824	0.21598327
2825	0.21504536
2826	0.21363544
2827	0.21260832
2828	0.21206300
2829	0.21197528
2830	0.21189825
2831	0.21136488
2832	0.21133310
2833	0.21173783
2834	0.21171950
2835	0.21171558
2836	0.21143512
2837	0.21149193
2838	0.21153110
2839	0.21157067
2840	0.21155642
2841	0.21053815
2842	0.21055785
2843	0.21060258
2844	0.21081769
2845	0.21087474
2846	0.21085627
2847	0.21094553
2848	0.21127847
2849	0.21116763
2850	0.21096298
2851	0.21068227
2852	0.20994754
2853	0.20923559
2854	0.20870195
2855	0.20830828
2856	0.20803005
2857	0.20720613
2858	0.20625576
2859	0.20517723
2860	0.20421270
2861	0.20307724
2862	0.20173965
2863	0.20036453
2864	0.19923946
2865	0.19813307
2866	0.19737297
2867	0.19834833
2868	0.19921871
2869	0.20049979
2870	0.20232676
2871	0.20431282
2872	0.20616919
2873	0.20789614
2874	0.20950332
2875	0.21083428
2876	0.21183531
2877	0.21245462
2878	0.21248911
2879	0.21203542
2880	0.21102798
2881	0.20939462
2882	0.20727479
2883	0.20458189
2884	0.20145310
2885	0.19796252
2886	0.19431537
2887	0.18937378
2888	0.18722747
2889	0.18501881
2890	0.17999306
2891	0.17704880
2892	0.17458549
2893	0.17259219
2894	0.17098840
2895	0.16958717
2896	0.16841219
2897	0.16746390
2898	0.16666470
2899	0.16590235
2900	0.16530505
2901	0.16488478
2902	0.16481067
2903	0.16499294
2904	0.16559544
2905	0.16663738
2906	0.16691902
2907	0.16847445
2908	0.17108673
2909	0.17236243
2910	0.17461945
2911	0.17672852
2912	0.17904413
2913	0.18130034
2914	0.18349077
2915	0.18581112
2916	0.18919395
2917	0.18997036
2918	0.19326186
2919	0.19560307
2920	0.19803959
2921	0.20023890
2922	0.20213172
2923	0.20439962
2924	0.20536639
2925	0.20746307
2926	0.20872469
2927	0.20970786
2928	0.21085244
2929	0.21185422
2930	0.21287137
2931	0.21426766
2932	0.21601543
2933	0.21821871
2934	0.22061388
2935	0.22283529
2936	0.22532557
2937	0.22708182
2938	0.22836939
2939	0.22936623
2940	0.22998135
2941	0.23065089
2942	0.23137973
2943	0.23220924
2944	0.23309113
2945	0.23390384
2946	0.23454060
2947	0.23489818
2948	0.23514940
2949	0.23513567
2950	0.23488772
2951	0.23479801
2952	0.23795906
2953	0.25001013
2954	0.25310472
2955	0.25788441
2956	0.26008818
2957	0.25974411
2958	0.25861827
2959	0.25792891
2960	0.25806627
2961	0.25822088
2962	0.25835839
2963	0.25819382
2964	0.25773755
2965	0.25739729
2966	0.25745368
2967	0.25751790
2968	0.25795475
2969	0.25791389
2970	0.25777858
2971	0.25687331
2972	0.25706410
2973	0.25602946
2974	0.25603461
2975	0.25633866
2976	0.25585327
2977	0.25577658
2978	0.25756490
2979	0.25759327
2980	0.25677806
2981	0.25706503
2982	0.25659958
2983	0.25590524
2984	0.25575608
2985	0.25542110
2986	0.25513694
2987	0.25441459
2988	0.25412285
2989	0.25323153
2990	0.25227666
2991	0.25123841
2992	0.25025117
2993	0.24920452
2994	0.24784015
2995	0.24622536
2996	0.24474187
2997	0.24340673
2998	0.24283247
2999	0.24469882
3000	0.24689256
3001	0.24988146
3002	0.25347641
3003	0.25715494
3004	0.26053202
3005	0.26367339
3006	0.26636693
3007	0.26849023
3008	0.27009317
3009	0.27087888
3010	0.27095073
3011	0.27022728
3012	0.26860118
3013	0.26612556
3014	0.26292837
3015	0.25897387
3016	0.25443560
3017	0.24931629
3018	0.24402760
3019	0.23852026
3020	0.23307316
3021	0.22780308
3022	0.22284657
3023	0.21826126
3024	0.21426354
3025	0.21085404
3026	0.20792727
3027	0.20544887
3028	0.20339867
3029	0.20168310
3030	0.20022517
3031	0.19884408
3032	0.19758247
3033	0.19643626
3034	0.19541793
3035	0.19458631
3036	0.19406064
3037	0.19344541
3038	0.19350691
3039	0.19409211
3040	0.19456610
3041	0.19543494
3042	0.19656689
3043	0.19835679
3044	0.19842793
3045	0.19966729
3046	0.20081654
3047	0.20327999
3048	0.20341747
3049	0.20461392
3050	0.20577547
3051	0.20666544
3052	0.20735253
3053	0.20808548
3054	0.20840059
3055	0.20833895
3056	0.20752782
3057	0.20671688
3058	0.20569432
3059	0.20399024
3060	0.20309038
3061	0.20199916
3062	0.20102337
3063	0.20043364
3064	0.20030539
3065	0.20053564
3066	0.20096894
3067	0.20144865
3068	0.20178571
3069	0.20204756
3070	0.20243502
3071	0.20304134
3072	0.20394291
3073	0.20532887
3074	0.20708099
3075	0.20898768
3076	0.21073315
3077	0.21200269
3078	0.21268779
3079	0.21256720
3080	0.21143509
3081	0.21089102
3082	0.21029371
3083	0.21661110
3084	0.22576945
3085	0.22579868
3086	0.22924079
3087	0.22993736
3088	0.22888193
3089	0.22739063
3090	0.22639100
3091	0.22595425
3092	0.22590025
3093	0.22542225
3094	0.22508821
3095	0.22486840
3096	0.22456823
3097	0.22446604
3098	0.22447070
3099	0.22477755
3100	0.22516261
3101	0.22510415
3102	0.22470754
3103	0.22480273
3104	0.22417429
3105	0.22416431
3106	0.22356197
3107	0.22358885
3108	0.22336932
3109	0.22362517
3110	0.22362870
3111	0.22398899
3112	0.22413458
3113	0.22417423
3114	0.22394991
3115	0.22328919
3116	0.22286348
3117	0.22278330
3118	0.22228342
3119	0.22209361
3120	0.22135106
3121	0.22046575
3122	0.21952373
3123	0.21853331
3124	0.21753372
3125	0.21635793
3126	0.21487355
3127	0.21337458
3128	0.21196930
3129	0.21065696
3130	0.21001278
3131	0.21070899
3132	0.21135700
3133	0.21278334
3134	0.21449891
3135	0.21635032
3136	0.21809155
3137	0.21965776
3138	0.22099730
3139	0.22200364
3140	0.22268756
3141	0.22290748
3142	0.22268291
3143	0.22188263
3144	0.22045299
3145	0.21835881
3146	0.21571565
3147	0.21243450
3148	0.20879175
3149	0.20470259
3150	0.20042595
3151	0.19605117
3152	0.19169071
3153	0.18750237
3154	0.18362154
3155	0.18003263
3156	0.17707880
3157	0.17457756
3158	0.17248745
3159	0.17077199
3160	0.16934676
3161	0.16812794
3162	0.16715208
3163	0.16627257
3164	0.16555621
3165	0.16501632
3166	0.16467625
3167	0.16465807
3168	0.16494717
3169	0.16576925
3170	0.16603555
3171	0.16778478
3172	0.16885720
3173	0.17054884
3174	0.17249823
3175	0.17431529
3176	0.17614025
3177	0.17813550
3178	0.18001316
3179	0.18212126
3180	0.18424629
3181	0.18617468
3182	0.18795802
3183	0.18899120
3184	0.19155991
3185	0.19286062
3186	0.19489713
3187	0.19617762
3188	0.19689070
3189	0.19755016
3190	0.19811267
3191	0.19826426
3192	0.19909093
3193	0.19981170
3194	0.20081855
3195	0.20217335
3196	0.20397043
3197	0.20620091
3198	0.20869599
3199	0.21130584
3200	0.21388201
3201	0.21636240
3202	0.21885464
3203	0.22126228
3204	0.22383972
3205	0.22670737
3206	0.22984309
3207	0.23326586
3208	0.23670036
3209	0.23994394
3210	0.24267966
3211	0.24471071
3212	0.24592760
3213	0.24655208
3214	0.24703071
3215	0.24832489
3216	0.25036785
3217	0.26309788
3218	0.26545349
3219	0.27052888
3220	0.27374101
3221	0.27518368
3222	0.27449054
3223	0.27288219
3224	0.27211422
3225	0.27226377
3226	0.27236742
3227	0.27224395
3228	0.27192900
3229	0.27148163
3230	0.27117181
3231	0.27108032
3232	0.27120277
3233	0.27162197
3234	0.27174166
3235	0.27134854
3236	0.27104294
3237	0.27117679
3238	0.27147296
3239	0.27101186
3240	0.27058500
3241	0.26940247
3242	0.27107596
3243	0.27148113
3244	0.27174211
3245	0.27197936
3246	0.27164492
3247	0.27108282
3248	0.27062353
3249	0.27036858
3250	0.27014157
3251	0.26995152
3252	0.26996469
3253	0.26920226
3254	0.26836145
3255	0.26749465
3256	0.26654127
3257	0.26556951
3258	0.26454985
3259	0.26327118
3260	0.26173151
3261	0.26030648
3262	0.25893113
3263	0.25768003
3264	0.25740540
3265	0.25759086
3266	0.25813657
3267	0.25924680
3268	0.26049179
3269	0.26184559
3270	0.26332775
3271	0.26472202
3272	0.26617247
3273	0.26752418
3274	0.26869586
3275	0.26961568
3276	0.27023596
3277	0.27037102
3278	0.27004170
3279	0.26931503
3280	0.26798034
3281	0.26616076
3282	0.26393318
3283	0.26141870
3284	0.25860471
3285	0.25580233
3286	0.25289127
3287	0.25013199
3288	0.24744661
3289	0.24487348
3290	0.24260448
3291	0.24073124
3292	0.23923951
3293	0.23781975
3294	0.23707773
3295	0.23619433
3296	0.23541594
3297	0.23458239
3298	0.23381470
3299	0.23290266
3300	0.23211356
3301	0.23146261
3302	0.23095246
3303	0.23037048
3304	0.23037879
3305	0.23074402
3306	0.23101723
3307	0.23159003
3308	0.23234382
3309	0.23304629
3310	0.23387957
3311	0.23489065
3312	0.23570278
3313	0.23609552
3314	0.23503666
3315	0.23746467
3316	0.23825344
3317	0.23903427
3318	0.24052724
3319	0.24143577
3320	0.24226950
3321	0.24285114
3322	0.24318209
3323	0.24338506
3324	0.24311119
3325	0.24351458
3326	0.24383721
3327	0.24442831
3328	0.24549490
3329	0.24708527
3330	0.24920484
3331	0.25169635
3332	0.25433835
3333	0.25713551
3334	0.25989625
3335	0.26252773
3336	0.26507753
3337	0.26774278
3338	0.27025887
3339	0.27322608
3340	0.27638295
3341	0.27956808
3342	0.28257626
3343	0.28516895
3344	0.28714606
3345	0.28834563
3346	0.28877109
3347	0.28856656
3348	0.28789604
3349	0.28811303
3350	0.28738528
3351	0.29111496
3352	0.30187261
3353	0.30487341
3354	0.31078425
3355	0.31311044
3356	0.31392577
3357	0.31267622
3358	0.31112975
3359	0.31080958
3360	0.31090194
3361	0.31088850
3362	0.31050724
3363	0.30988702
3364	0.30949712
3365	0.30953088
3366	0.30959716
3367	0.30964726
3368	0.30919993
3369	0.30974731
3370	0.30969334
3371	0.30970889
3372	0.30937648
3373	0.30959138
3374	0.30938897
3375	0.30945727
3376	0.30960914
3377	0.30999309
3378	0.31000748
3379	0.30977941
3380	0.30973986
3381	0.30962178
3382	0.30850518
3383	0.30834875
3384	0.30804974
3385	0.30780119
3386	0.30701339
3387	0.30652028
3388	0.30616856
3389	0.30533203
3390	0.30426037
3391	0.30320239
3392	0.30217144
3393	0.30119941
3394	0.29999739
3395	0.29863501
3396	0.29744488
3397	0.29625463
3398	0.29546055
3399	0.29525989
3400	0.29723269
3401	0.29878351
3402	0.30100214
3403	0.30343258
3404	0.30590454
3405	0.30802280
3406	0.30977419
3407	0.31104931
3408	0.31164834
3409	0.31162664
3410	0.31088743
3411	0.30949000
3412	0.30740860
3413	0.30463174
3414	0.30125344
3415	0.29737502
3416	0.29279435
3417	0.28774491
3418	0.28238645
3419	0.27664495
3420	0.27106997
3421	0.26561856
3422	0.26048526
3423	0.25574932
3424	0.25130314
3425	0.24719265
3426	0.24343495
3427	0.23990324
3428	0.23669600
3429	0.23358612
3430	0.23076110
3431	0.22814414
3432	0.22579326
3433	0.22373617
3434	0.22207047
3435	0.22061020
3436	0.21960188
3437	0.21893689
3438	0.21864966
3439	0.21860422
3440	0.21907952
3441	0.21958089
3442	0.22021618
3443	0.22109774
3444	0.22216187
3445	0.22361022
3446	0.22419615
3447	0.22483313
3448	0.22568622
3449	0.22692056
3450	0.22767697
3451	0.22935440
3452	0.23001455
3453	0.23057351
3454	0.23040123
3455	0.23001654
3456	0.22906052
3457	0.22820473
3458	0.22687641
3459	0.22551343
3460	0.22411671
3461	0.22300728
3462	0.22231594
3463	0.22195899
3464	0.22199327
3465	0.22214508
3466	0.22245272
3467	0.22242643
3468	0.22268759
3469	0.22294693
3470	0.22339903
3471	0.22388315
3472	0.22480787
3473	0.22592996
3474	0.22727202
3475	0.22862796
3476	0.22982958
3477	0.23073250
3478	0.23196848
3479	0.23242892
3480	0.23343684
3481	0.24594946
3482	0.24914062
3483	0.24975626
3484	0.25292790
3485	0.25303629
3486	0.25187415
3487	0.25055811
3488	0.24959971
3489	0.24913800
3490	0.24878886
3491	0.24802992
3492	0.24753059
3493	0.24723463
3494	0.24691071
3495	0.24713008
3496	0.24711552
3497	0.24708050
3498	0.24708755
3499	0.24634239
3500	0.24704687
3501	0.24642545
3502	0.24680591
3503	0.24676526
3504	0.24666825
3505	0.24657920
3506	0.24674585
3507	0.24678114
3508	0.24704196
3509	0.24681821
3510	0.24676301
3511	0.24662605
3512	0.24647161
3513	0.24601622
3514	0.24564315
3515	0.24507651
3516	0.24420740
3517	0.24383427
3518	0.24281070
3519	0.24188398
3520	0.24092543
3521	0.23995666
3522	0.23892494
3523	0.23768228
3524	0.23655330
3525	0.23544061
3526	0.23426028
3527	0.23346712
3528	0.23370257
3529	0.23363656
3530	0.23424755
3531	0.23525031
3532	0.23649617
3533	0.23777258
3534	0.23907676
3535	0.24029665
3536	0.24138004
3537	0.24234699
3538	0.24312016
3539	0.24364810
3540	0.24383944
3541	0.24377406
3542	0.24315080
3543	0.24211985
3544	0.24052387
3545	0.23845589
3546	0.23600711
3547	0.23337717
3548	0.23052275
3549	0.22769284
3550	0.22495253
3551	0.22239715
3552	0.22003564
3553	0.21808743
3554	0.21235257
3555	0.21559513
3556	0.21483159
3557	0.21425506
3558	0.21384807
3559	0.21357694
3560	0.21332106
3561	0.21324946
3562	0.21332347
3563	0.21366799
3564	0.21439065
3565	0.21545482
3566	0.21710713
3567	0.21787444
3568	0.22073777
3569	0.22231355
3570	0.22492197
3571	0.22778888
3572	0.23017780
3573	0.23256060
3574	0.23505488
3575	0.23749779
3576	0.24098670
3577	0.23787506
3578	0.24345200
3579	0.24580598
3580	0.24744195
3581	0.24884443
3582	0.25075054
3583	0.25155166
3584	0.25200912
3585	0.25206810
3586	0.25180644
3587	0.25105330
3588	0.25070199
3589	0.25011209
3590	0.24965127
3591	0.24954922
3592	0.24986458
3593	0.25064090
3594	0.25183284
3595	0.25320467
3596	0.25454816
3597	0.25551605
3598	0.25585398
3599	0.25674024
3600	0.25716123
3601	0.25765389
3602	0.25837463
3603	0.25933757
3604	0.26034653
3605	0.26120377
3606	0.26178673
3607	0.26185182
3608	0.26143971
3609	0.26061285
3610	0.26022157
3611	0.25898898
3612	0.25876057
3613	0.26698679
3614	0.27411750
3615	0.27453619
3616	0.27823976
3617	0.27861771
3618	0.27739435
3619	0.27634785
3620	0.27550772
3621	0.27520254
3622	0.27486184
3623	0.27503261
3624	0.27471113
3625	0.27430543
3626	0.27414328
3627	0.27440667
3628	0.27436629
3629	0.27407983
3630	0.27407008
3631	0.27359688
3632	0.27354479
3633	0.27342695
3634	0.27376729
3635	0.27365875
3636	0.27383205
3637	0.27364811
3638	0.27374613
3639	0.27403897
3640	0.27400535
3641	0.27305251
3642	0.27308580
3643	0.27282944
3644	0.27235383
3645	0.27179590
3646	0.27135485
3647	0.27034250
3648	0.26935863
3649	0.26912820
3650	0.26842889
3651	0.26727262
3652	0.26619110
3653	0.26503459
3654	0.26371658
3655	0.26209310
3656	0.26044846
3657	0.25905028
3658	0.25803310
3659	0.25829360
3660	0.26042351
3661	0.26249239
3662	0.26527724
3663	0.26837632
3664	0.27132308
3665	0.27385181
3666	0.27595204
3667	0.27745989
3668	0.27838367
3669	0.27864850
3670	0.27813977
3671	0.27687344
3672	0.27489188
3673	0.27218363
3674	0.26862842
3675	0.26445562
3676	0.25963503
3677	0.25427842
3678	0.24850629
3679	0.24237238
3680	0.23617575
3681	0.23004860
3682	0.22416849
3683	0.21861503
3684	0.21351427
3685	0.20893812
3686	0.20361736
3687	0.20161058
3688	0.19873253
3689	0.19628710
3690	0.19413011
3691	0.19229634
3692	0.19070360
3693	0.18927516
3694	0.18806048
3695	0.18706311
3696	0.18636751
3697	0.18594405
3698	0.18589239
3699	0.18641484
3700	0.18645467
3701	0.18739659
3702	0.18820004
3703	0.18921004
3704	0.19051377
3705	0.19171472
3706	0.19264123
3707	0.19399357
3708	0.19496575
3709	0.19611569
3710	0.19670780
3711	0.19732311
3712	0.19854259
3713	0.19863205
3714	0.19996789
3715	0.20033693
3716	0.20069106
3717	0.20063221
3718	0.19982238
3719	0.19947501
3720	0.19823699
3721	0.19782487
3722	0.19720045
3723	0.19690543
3724	0.19696243
3725	0.19761550
3726	0.19870961
3727	0.20016864
3728	0.20167673
3729	0.20327374
3730	0.20466103
3731	0.20598240
3732	0.20734556
3733	0.20889945
3734	0.21068566
3735	0.21293420
3736	0.21544378
3737	0.21783647
3738	0.21982124
3739	0.22089472
3740	0.22092627
3741	0.21991168
3742	0.21805081
3743	0.21573916
3744	0.21280131
3745	0.21107161
3746	0.20973934
3747	0.22031078
3748	0.22458072
3749	0.22873037
3750	0.23256227
3751	0.23315115
3752	0.23196375
3753	0.23013930
3754	0.22962162
3755	0.22960891
3756	0.22953208
3757	0.22915623
3758	0.22866210
3759	0.22810125
3760	0.22817154
3761	0.22804709
3762	0.22840972
3763	0.22837332
3764	0.22803669
3765	0.22775240
3766	0.22787535
3767	0.22673774
3768	0.22672683
3769	0.22669008
3770	0.22663528
3771	0.22661184
3772	0.22690827
3773	0.22699918
3774	0.22715211
3775	0.22652560
3776	0.22646338
3777	0.22600693
3778	0.22572829
3779	0.22520547
3780	0.22466736
3781	0.22479695
3782	0.22412521
3783	0.22341186
3784	0.22253388
3785	0.22155851
3786	0.22045410
3787	0.21920010
3788	0.21748537
3789	0.21547343
3790	0.21355365
3791	0.21151872
3792	0.20919651
3793	0.20777890
3794	0.20624639
3795	0.20535137
3796	0.20456947
3797	0.20412743
3798	0.20396695
3799	0.20390218
3800	0.20377599
3801	0.20355824
3802	0.20324910
3803	0.20307933
3804	0.20276763
3805	0.20241795
3806	0.20188384
3807	0.20122074
3808	0.20032799
3809	0.19923405
3810	0.19786970
3811	0.19640566
3812	0.19469528
3813	0.19291538
3814	0.19098973
3815	0.18901300
3816	0.18699555
3817	0.18504769
3818	0.18321654
3819	0.18148062
3820	0.17989840
3821	0.17875327
3822	0.17790514
3823	0.17711546
3824	0.17634095
3825	0.17548677
3826	0.17451207
3827	0.17342691
3828	0.17232332
3829	0.17123771
3830	0.17023210
3831	0.16944839
3832	0.16877982
3833	0.16845557
3834	0.16825682
3835	0.16744514
3836	0.16777778
3837	0.16872461
3838	0.16888663
3839	0.17001092
3840	0.17070866
3841	0.17215404
3842	0.17279257
3843	0.17415036
3844	0.17569067
3845	0.17720366
3846	0.17873816
3847	0.18022016
3848	0.18206987
3849	0.18370558
3850	0.18518648
3851	0.18621129
3852	0.18780142
3853	0.18827857
3854	0.18909334
3855	0.18965523
3856	0.19008647
3857	0.19052300
3858	0.19064105
3859	0.19105271
3860	0.19183840
3861	0.19308867
3862	0.19469871
3863	0.19646220
3864	0.19802712
3865	0.20010391
3866	0.20154181
3867	0.20275916
3868	0.20370847
3869	0.20469829
3870	0.20567030
3871	0.20662658
3872	0.20739506
3873	0.20771436
3874	0.20748746
3875	0.20660897
3876	0.20528890
3877	0.20265694
3878	0.20082985
3879	0.21082832
3880	0.21636741
3881	0.21798462
3882	0.22190766
3883	0.22255862
3884	0.22131951
3885	0.22002307
3886	0.21896030
3887	0.21872631
3888	0.21872792
3889	0.21861334
3890	0.21849912
3891	0.21857403
3892	0.21828789
3893	0.21756570
3894	0.21771380
3895	0.21760511
3896	0.21746029
3897	0.21735317
3898	0.21707299
3899	0.21644557
3900	0.21638162
3901	0.21634774
3902	0.21632715
3903	0.21631780
3904	0.21623480
3905	0.21664374
3906	0.21668530
3907	0.21651138
3908	0.21635552
3909	0.21605994
3910	0.21527061
3911	0.21481210
3912	0.21431185
3913	0.21424577
3914	0.21358514
3915	0.21337363
3916	0.21253181
3917	0.21155261
3918	0.21057248
3919	0.20957071
3920	0.20860921
3921	0.20753220
3922	0.20620510
3923	0.20491239
3924	0.20362060
3925	0.20246918
3926	0.20160702
3927	0.20286015
3928	0.20395632
3929	0.20556208
3930	0.20758903
3931	0.20979168
3932	0.21176107
3933	0.21362460
3934	0.21518752
3935	0.21636420
3936	0.21709837
3937	0.21727450
3938	0.21700431
3939	0.21607856
3940	0.21452487
3941	0.21243586
3942	0.20972434
3943	0.20649458
3944	0.20281659
3945	0.19879010
3946	0.19448043
3947	0.19004767
3948	0.18560134
3949	0.18075906
3950	0.17782927
3951	0.17390487
3952	0.17071585
3953	0.16788955
3954	0.16530091
3955	0.16296043
3956	0.16088276
3957	0.15891527
3958	0.15716115
3959	0.15559879
3960	0.15426721
3961	0.15328518
3962	0.15267879
3963	0.15242031
3964	0.15213752
3965	0.15258886
3966	0.15337908
3967	0.15450270
3968	0.15594921
3969	0.15815866
3970	0.15889214
3971	0.16077891
3972	0.16281684
3973	0.16509646
3974	0.16737358
3975	0.16947706
3976	0.17213830
3977	0.17433646
3978	0.17645009
3979	0.17841747
3980	0.17987210
3981	0.18171439
3982	0.18270686
3983	0.18369995
3984	0.18487312
3985	0.18585905
3986	0.18531653
3987	0.18555021
3988	0.18579000
3989	0.18636641
3990	0.18736334
3991	0.18885311
3992	0.19062032
3993	0.19245329
3994	0.19482772
3995	0.19651547
3996	0.19811518
3997	0.19963303
3998	0.20137396
3999	0.20335063
4000	0.20562401
4001	0.20796765
4002	0.21026862
4003	0.21223776
4004	0.21369816
4005	0.21447803
4006	0.21464005
4007	0.21360460
4008	0.21358079
4009	0.21452199
4010	0.22715004
4011	0.23000233
4012	0.23431335
4013	0.23739463
4014	0.23771542
4015	0.23676175
4016	0.23552839
4017	0.23513237
4018	0.23523927
4019	0.23540360
4020	0.23528832
4021	0.23499025
4022	0.23472582
4023	0.23494315
4024	0.23499715
4025	0.23571751
4026	0.23526041
4027	0.23537667
4028	0.23539694
4029	0.23496273
4030	0.23499462
4031	0.23532791
4032	0.23420991
4033	0.23271313
4034	0.23422427
4035	0.23429109
4036	0.23540632
4037	0.23512171
4038	0.23463567
4039	0.23502503
4040	0.23436406
4041	0.23415259
4042	0.23386076
4043	0.23339675
4044	0.23333062
4045	0.23259370
4046	0.23180553
4047	0.23091918
4048	0.22996384
4049	0.22900572
4050	0.22809672
4051	0.22700478
4052	0.22574939
4053	0.22453630
4054	0.22338200
4055	0.22224212
4056	0.22223924
4057	0.22348775
4058	0.22464301
4059	0.22680834
4060	0.22943573
4061	0.23211804
4062	0.23462649
4063	0.23707171
4064	0.23924786
4065	0.24104895
4066	0.24249524
4067	0.24344274
4068	0.24375260
4069	0.24351162
4070	0.24272420
4071	0.24126808
4072	0.23917419
4073	0.23656125
4074	0.23346059
4075	0.22995751
4076	0.22616608
4077	0.22224531
4078	0.21835323
4079	0.21452831
4080	0.21092123
4081	0.20766805
4082	0.20488958
4083	0.20254716
4084	0.20065100
4085	0.19897114
4086	0.19771071
4087	0.19669415
4088	0.19583233
4089	0.19518195
4090	0.19473602
4091	0.19447251
4092	0.19449966
4093	0.19483884
4094	0.19563021
4095	0.19596112
4096	0.19737849
4097	0.19902343
4098	0.20080227
4099	0.20311405
4100	0.20500828
4101	0.20706990
4102	0.20886560
4103	0.21088888
4104	0.21284130
4105	0.21472590
4106	0.21654569
4107	0.21811189
4108	0.22041535
4109	0.22185044
4110	0.22287324
4111	0.22403346
4112	0.22451532
4113	0.22455005
4114	0.22418344
4115	0.22361472
4116	0.22240286
4117	0.22158840
4118	0.22062667
4119	0.21989195
4120	0.21959406
4121	0.21982859
4122	0.22060798
4123	0.22170575
4124	0.22281215
4125	0.22394675
4126	0.22473839
4127	0.22540936
4128	0.22611870
4129	0.22691499
4130	0.22767177
4131	0.22881112
4132	0.23000896
4133	0.23109221
4134	0.23177645
4135	0.23196512
4136	0.23148188
4137	0.22999391
4138	0.22795562
4139	0.22599286
4140	0.22861575
4141	0.23952581
4142	0.24151839
4143	0.24602465
4144	0.24814324
4145	0.24761210
4146	0.24592972
4147	0.24502756
4148	0.24459779
4149	0.24462512
4150	0.24440427
4151	0.24446680
4152	0.24404070
4153	0.24363518
4154	0.24357189
4155	0.24368818
4156	0.24405269
4157	0.24417299
4158	0.24413513
4159	0.24385905
4160	0.24403398
4161	0.24330422
4162	0.24330080
4163	0.24322818
4164	0.24360742
4165	0.24321625
4166	0.24355154
4167	0.24305578
4168	0.24365769
4169	0.24346577
4170	0.24292155
4171	0.24230084
4172	0.24189574
4173	0.24152233
4174	0.24043070
4175	0.24021967
4176	0.23999797
4177	0.23917811
4178	0.23819627
4179	0.23712587
4180	0.23612610
4181	0.23508826
4182	0.23389557
4183	0.23246388
4184	0.23099644
4185	0.22963339
4186	0.22839279
4187	0.22735131
4188	0.22814338
4189	0.22878851
4190	0.23007022
4191	0.23184280
4192	0.23384909
4193	0.23571253
4194	0.23744310
4195	0.23891158
4196	0.24009666
4197	0.24084437
4198	0.24110134
4199	0.24098416
4200	0.24027921
4201	0.23906870
4202	0.23723932
4203	0.23486970
4204	0.23202038
4205	0.22876649
4206	0.22513162
4207	0.22131354
4208	0.21742091
4209	0.21351370
4210	0.20976183
4211	0.20626383
4212	0.20316583
4213	0.20055887
4214	0.19841942
4215	0.19661774
4216	0.19509269
4217	0.19381891
4218	0.19276378
4219	0.19181907
4220	0.19102271
4221	0.19037721
4222	0.18990867
4223	0.18973944
4224	0.18981816
4225	0.19018495
4226	0.19028385
4227	0.19127697
4228	0.19243288
4229	0.19390126
4230	0.19530001
4231	0.19671780
4232	0.19815850
4233	0.20064402
4234	0.20264089
4235	0.20261569
4236	0.20444457
4237	0.20617944
4238	0.20759748
4239	0.20870392
4240	0.20994945
4241	0.21067055
4242	0.21096249
4243	0.21093071
4244	0.21071824
4245	0.21004933
4246	0.20870993
4247	0.20798041
4248	0.20686691
4249	0.20570862
4250	0.20478319
4251	0.20408908
4252	0.20381330
4253	0.20385028
4254	0.20409402
4255	0.20443708
4256	0.20459576
4257	0.20467144
4258	0.20481823
4259	0.20512150
4260	0.20576173
4261	0.20670596
4262	0.20755255
4263	0.20893395
4264	0.21036431
4265	0.21171547
4266	0.21285215
4267	0.21371990
4268	0.21438690
4269	0.21546566
4270	0.21516071
4271	0.21575452
4272	0.22398759
4273	0.23154904
4274	0.23299646
4275	0.23618123
4276	0.23719090
4277	0.23650201
4278	0.23529196
4279	0.23465154
4280	0.23470651
4281	0.23479062
4282	0.23472947
4283	0.23404408
4284	0.23361923
4285	0.23343602
4286	0.23334725
4287	0.23337574
4288	0.23346031
4289	0.23379299
4290	0.23380169
4291	0.23410562
4292	0.23294058
4293	0.23327446
4294	0.23331600
4295	0.23233674
4296	0.23244487
4297	0.23242392
4298	0.23316850
4299	0.23233385
4300	0.23318739
4301	0.23313163
4302	0.23382542
4303	0.23296785
4304	0.23271750
4305	0.23233905
4306	0.23181236
4307	0.23182075
4308	0.23105283
4309	0.23028322
4310	0.22936259
4311	0.22840236
4312	0.22741005
4313	0.22629246
4314	0.22506633
4315	0.22351454
4316	0.22182247
4317	0.22026910
4318	0.21898568
4319	0.21796763
4320	0.21845382
4321	0.21888769
4322	0.21986909
4323	0.22112380
4324	0.22237521
4325	0.22345644
4326	0.22428980
4327	0.22486258
4328	0.22501193
4329	0.22483163
4330	0.22422411
4331	0.22321929
4332	0.22165391
4333	0.21952225
4334	0.21681903
4335	0.21359046
4336	0.20987560
4337	0.20579915
4338	0.20141537
4339	0.19683829
4340	0.19215073
4341	0.18750748
4342	0.18295768
4343	0.17866702
4344	0.17462699
4345	0.17101279
4346	0.16786750
4347	0.16510947
4348	0.16263023
4349	0.16051623
4350	0.15863732
4351	0.15693435
4352	0.15542012
4353	0.15408935
4354	0.15290596
4355	0.15192686
4356	0.15119338
4357	0.15072109
4358	0.15045968
4359	0.14966193
4360	0.14987521
4361	0.15021344
4362	0.15078466
4363	0.15142331
4364	0.15192495
4365	0.15287794
4366	0.15362018
4367	0.15451302
4368	0.15531659
4369	0.15593983
4370	0.15648511
4371	0.15702407
4372	0.15757851
4373	0.15804791
4374	0.15756314
4375	0.15964083
4376	0.16040553
4377	0.16033511
4378	0.16053177
4379	0.16096920
4380	0.16043600
4381	0.16080078
4382	0.16118370
4383	0.16185072
4384	0.16304253
4385	0.16483743
4386	0.16720089
4387	0.16999483
4388	0.17303450
4389	0.17591193
4390	0.17908390
4391	0.18200892
4392	0.18488663
4393	0.18767206
4394	0.19056526
4395	0.19357125
4396	0.19637151
4397	0.19878435
4398	0.20036268
4399	0.20082328
4400	0.19997884
4401	0.19795305
4402	0.19482470
4403	0.19129995
4404	0.18748987
4405	0.18954198
4406	0.19988827
4407	0.20263529
4408	0.20981488
4409	0.21224459
4410	0.21204099
4411	0.21020791
4412	0.20834224
4413	0.20797889
4414	0.20794675
4415	0.20781295
4416	0.20747218
4417	0.20678493
4418	0.20632932
4419	0.20616637
4420	0.20614196
4421	0.20620331
4422	0.20688961
4423	0.20683666
4424	0.20683670
4425	0.20580477
4426	0.20588143
4427	0.20588355
4428	0.20590730
4429	0.20517923
4430	0.20571049
4431	0.20539764
4432	0.20563319
4433	0.20592895
4434	0.20584537
4435	0.20573723
4436	0.20514695
4437	0.20503919
4438	0.20464645
4439	0.20387824
4440	0.20355712
4441	0.20281897
4442	0.20237184
4443	0.20151691
4444	0.20050626
4445	0.19949694
4446	0.19849113
4447	0.19718149
4448	0.19578302
4449	0.19455662
4450	0.19329400
4451	0.19193619
4452	0.19155107
4453	0.19133113
4454	0.19154522
4455	0.19210416
4456	0.19296284
4457	0.19397631
4458	0.19507244
4459	0.19620058
4460	0.19733264
4461	0.19836244
4462	0.19915266
4463	0.19983846
4464	0.20020285
4465	0.20022562
4466	0.19990073
4467	0.19916776
4468	0.19801363
4469	0.19650568
4470	0.19462270
4471	0.19246697
4472	0.19013284
4473	0.18766424
4474	0.18521769
4475	0.18281114
4476	0.18062283
4477	0.17862260
4478	0.17709562
4479	0.17585003
4480	0.17490496
4481	0.17411184
4482	0.17344433
4483	0.17289259
4484	0.17245819
4485	0.17203264
4486	0.17177737
4487	0.17162409
4488	0.17173301
4489	0.17203714
4490	0.17173947
4491	0.17274795
4492	0.17477000
4493	0.17549570
4494	0.17730048
4495	0.17905946
4496	0.18092401
4497	0.18288949
4498	0.18518884
4499	0.18762304
4500	0.18999298
4501	0.19230038
4502	0.19381085
4503	0.19706759
4504	0.19932175
4505	0.20183524
4506	0.20407589
4507	0.20602921
4508	0.20796302
4509	0.20956184
4510	0.21126100
4511	0.21254066
4512	0.21424481
4513	0.21578935
4514	0.21741024
4515	0.21957493
4516	0.22217427
4517	0.22525187
4518	0.22850923
4519	0.23160952
4520	0.23482761
4521	0.23741806
4522	0.23964772
4523	0.24163847
4524	0.24335711
4525	0.24518646
4526	0.24709001
4527	0.24901564
4528	0.25087172
4529	0.25246939
4530	0.25366801
4531	0.25435573
4532	0.25441623
4533	0.25398466
4534	0.25411761
4535	0.25379905
4536	0.25984034
4537	0.26998559
4538	0.27276057
4539	0.27718794
4540	0.27942348
4541	0.27930048
4542	0.27807263
4543	0.27684525
4544	0.27639142
4545	0.27638477
4546	0.27633953
4547	0.27600694
4548	0.27556726
4549	0.27527428
4550	0.27522302
4551	0.27529332
4552	0.27533802
4553	0.27539879
4554	0.27566522
4555	0.27551728
4556	0.27466503
4557	0.27463862
4558	0.27470911
4559	0.27475592
4560	0.27464730
4561	0.27474752
4562	0.27586535
4563	0.27555132
4564	0.27545607
4565	0.27576059
4566	0.27556044
4567	0.27532595
4568	0.27368397
4569	0.27335814
4570	0.27267197
4571	0.27219796
4572	0.27136028
4573	0.27083585
4574	0.26974064
4575	0.26866955
4576	0.26756126
4577	0.26652998
4578	0.26541618
4579	0.26413816
4580	0.26287413
4581	0.26149428
4582	0.26043642
4583	0.25990298
4584	0.26152387
4585	0.26300842
4586	0.26499596
4587	0.26739872
4588	0.26987949
4589	0.27218008
4590	0.27429569
4591	0.27620310
4592	0.27777866
4593	0.27868596
4594	0.27928880
4595	0.27923977
4596	0.27848813
4597	0.27702376
4598	0.27481797
4599	0.27196243
4600	0.26842916
4601	0.26434717
4602	0.25973612
4603	0.25481319
4604	0.24966326
4605	0.24452284
4606	0.23961027
4607	0.23509571
4608	0.23107778
4609	0.22751015
4610	0.22438593
4611	0.22167327
4612	0.21931089
4613	0.21719998
4614	0.21528541
4615	0.21357094
4616	0.21209545
4617	0.21082604
4618	0.20982730
4619	0.20921248
4620	0.20901686
4621	0.20852000
4622	0.20920540
4623	0.20948085
4624	0.21043877
4625	0.21180885
4626	0.21238165
4627	0.21356894
4628	0.21523029
4629	0.21543054
4630	0.21691945
4631	0.21777493
4632	0.21936911
4633	0.22056994
4634	0.22162274
4635	0.22266486
4636	0.22327565
4637	0.22361404
4638	0.22371258
4639	0.22339188
4640	0.22281629
4641	0.22179051
4642	0.22043063
4643	0.21858308
4644	0.21707302
4645	0.21538520
4646	0.21399327
4647	0.21305647
4648	0.21269643
4649	0.21276587
4650	0.21295132
4651	0.21328543
4652	0.21331149
4653	0.21317434
4654	0.21313122
4655	0.21310608
4656	0.21342832
4657	0.21410432
4658	0.21500537
4659	0.21591589
4660	0.21668056
4661	0.21715939
4662	0.21707121
4663	0.21645181
4664	0.21382977
4665	0.21187282
4666	0.21514297
4667	0.22459692
4668	0.22569302
4669	0.23024218
4670	0.23189244
4671	0.23098418
4672	0.22926386
4673	0.22803463
4674	0.22747405
4675	0.22703439
4676	0.22687013
4677	0.22677831
4678	0.22628307
4679	0.22593975
4680	0.22580943
4681	0.22584432
4682	0.22598372
4683	0.22602706
4684	0.22604334
4685	0.22680543
4686	0.22652048
4687	0.22595817
4688	0.22608329
4689	0.22611570
4690	0.22580418
4691	0.22570591
4692	0.22588947
4693	0.22569375
4694	0.22601174
4695	0.22609906
4696	0.22598641
4697	0.22526042
4698	0.22503099
4699	0.22471929
4700	0.22401269
4701	0.22430201
4702	0.22367087
4703	0.22291961
4704	0.22207163
4705	0.22117139
4706	0.22026087
4707	0.21917087
4708	0.21775198
4709	0.21625409
4710	0.21486826
4711	0.21389110
4712	0.21364827
4713	0.21519765
4714	0.21686237
4715	0.21920191
4716	0.22172503
4717	0.22419877
4718	0.22659419
4719	0.22884622
4720	0.23090103
4721	0.23262227
4722	0.23391747
4723	0.23482859
4724	0.23517233
4725	0.23492970
4726	0.23402701
4727	0.23250376
4728	0.23025192
4729	0.22740319
4730	0.22411586
4731	0.22034079
4732	0.21636260
4733	0.21227327
4734	0.20828563
4735	0.20439601
4736	0.20086536
4737	0.19769199
4738	0.19506921
4739	0.19283095
4740	0.19110642
4741	0.18969440
4742	0.18854879
4743	0.18757445
4744	0.18661694
4745	0.18574533
4746	0.18489310
4747	0.18405937
4748	0.18338206
4749	0.18284066
4750	0.18254417
4751	0.18260546
4752	0.18188448
4753	0.18304221
4754	0.18294728
4755	0.18384162
4756	0.18472572
4757	0.18574323
4758	0.18704243
4759	0.18847583
4760	0.19000606
4761	0.19159570
4762	0.19309668
4763	0.19476259
4764	0.19634059
4765	0.19783412
4766	0.19985668
4767	0.20138206
4768	0.20271362
4769	0.20382679
4770	0.20473142
4771	0.20533104
4772	0.20573871
4773	0.20572647
4774	0.20588174
4775	0.20596111
4776	0.20624413
4777	0.20685613
4778	0.20782550
4779	0.20910993
4780	0.21045682
4781	0.21173760
4782	0.21270505
4783	0.21337131
4784	0.21391395
4785	0.21442996
4786	0.21484689
4787	0.21558844
4788	0.21647209
4789	0.21733120
4790	0.21793243
4791	0.21803227
4792	0.21747696
4793	0.21628815
4794	0.21545671
4795	0.21326874
4796	0.21206985
4797	0.21506505
4798	0.22650781
4799	0.22732832
4800	0.23014468
4801	0.23215088
4802	0.23115465
4803	0.23018762
4804	0.22929083
4805	0.22866200
4806	0.22809380
4807	0.22791126
4808	0.22794038
4809	0.22729343
4810	0.22692761
4811	0.22672342
4812	0.22661304
4813	0.22656931
4814	0.22692209
4815	0.22638576
4816	0.22704133
4817	0.22589205
4818	0.22597246
4819	0.22589810
4820	0.22577648
4821	0.22531506
4822	0.22535224
4823	0.22547318
4824	0.22516330
4825	0.22543268
4826	0.22527291
4827	0.22506681
4828	0.22442114
4829	0.22409825
4830	0.22363469
4831	0.22310683
4832	0.22256762
4833	0.22160764
4834	0.22107188
4835	0.22015479
4836	0.21915269
4837	0.21813785
4838	0.21714231
4839	0.21599928
4840	0.21464729
4841	0.21336643
4842	0.21213499
4843	0.21081850
4844	0.21036951
4845	0.21098854
4846	0.21147090
4847	0.21273842
4848	0.21433909
4849	0.21620588
4850	0.21820432
4851	0.22025976
4852	0.22224289
4853	0.22403336
4854	0.22566129
4855	0.22676563
4856	0.22749685
4857	0.22763377
4858	0.22710417
4859	0.22599541
4860	0.22437786
4861	0.22220576
4862	0.21969588
4863	0.21681149
4864	0.21374613
4865	0.21056178
4866	0.20732789
4867	0.20422637
4868	0.20135410
4869	0.19878565
4870	0.19660601
4871	0.19482124
4872	0.19338480
4873	0.19212104
4874	0.19118492
4875	0.19041678
4876	0.18977155
4877	0.18932647
4878	0.18896717
4879	0.18876536
4880	0.18880735
4881	0.18900843
4882	0.18939051
4883	0.18999828
4884	0.19031258
4885	0.19177999
4886	0.19239838
4887	0.19365080
4888	0.19490887
4889	0.19590831
4890	0.19744186
4891	0.19855450
4892	0.20098053
4893	0.20101902
4894	0.20234340
4895	0.20371576
4896	0.20493996
4897	0.20594330
4898	0.20719887
4899	0.20811369
4900	0.20862770
4901	0.20909676
4902	0.20932266
4903	0.20939916
4904	0.20899563
4905	0.20906597
4906	0.20887505
4907	0.20880210
4908	0.20906110
4909	0.20989172
4910	0.21133325
4911	0.21319391
4912	0.21531986
4913	0.21737137
4914	0.21911161
4915	0.22060362
4916	0.22207595
4917	0.22359774
4918	0.22510295
4919	0.22707877
4920	0.22922537
4921	0.23132579
4922	0.23307092
4923	0.23433541
4924	0.23486774
4925	0.23464170
4926	0.23391572
4927	0.23177677
4928	0.23346339
4929	0.24480885
4930	0.24716191
4931	0.25306621
4932	0.25594905
4933	0.25650543
4934	0.25521642
4935	0.25394586
4936	0.25281504
4937	0.25282863
4938	0.25276041
4939	0.25285584
4940	0.25246790
4941	0.25206652
4942	0.25190523
4943	0.25192133
4944	0.25205705
4945	0.25211993
4946	0.25209796
4947	0.25255427
4948	0.25207075
4949	0.25208449
4950	0.25167572
4951	0.25155616
4952	0.25157791
4953	0.25163001
4954	0.25164530
4955	0.25200209
4956	0.25193149
4957	0.25275153
4958	0.25199100
4959	0.25179294
4960	0.25089142
4961	0.25060570
4962	0.24989118
4963	0.24988054
4964	0.24981053
4965	0.24906820
4966	0.24828890
4967	0.24737607
4968	0.24640359
4969	0.24540968
4970	0.24450570
4971	0.24347395
4972	0.24232794
4973	0.24118420
4974	0.24012467
4975	0.23914754
4976	0.23820364
4977	0.23865923
4978	0.23963438
4979	0.24064401
4980	0.24239649
4981	0.24437636
4982	0.24634013
4983	0.24822916
4984	0.24995463
4985	0.25138828
4986	0.25242573
4987	0.25303772
4988	0.25314093
4989	0.25282845
4990	0.25201109
4991	0.25065571
4992	0.24887268
4993	0.24665576
4994	0.24401250
4995	0.24115114
4996	0.23805977
4997	0.23489581
4998	0.23180045
4999	0.22884488
5000	0.22617652
5001	0.22375382
5002	0.22158590
5003	0.21967560
5004	0.21797866
5005	0.21655643
5006	0.21528792
5007	0.21412842
5008	0.21303208
5009	0.21205017
5010	0.21121964
5011	0.21062534
5012	0.21028595
5013	0.20982672
5014	0.21009320
5015	0.21075912
5016	0.21130528
5017	0.21221775
5018	0.21311116
5019	0.21400663
5020	0.21507002
5021	0.21132223
5022	0.21673937
5023	0.21781687
5024	0.21923521
5025	0.22027059
5026	0.22113410
5027	0.22209352
5028	0.22307642
5029	0.22292556
5030	0.22306193
5031	0.22294700
5032	0.22257052
5033	0.22200930
5034	0.22086142
5035	0.22015886
5036	0.21929283
5037	0.21841484
5038	0.21780057
5039	0.21761347
5040	0.21800652
5041	0.21894459
5042	0.22027785
5043	0.22177111
5044	0.22306319
5045	0.22412935
5046	0.22493620
5047	0.22559603
5048	0.22616342
5049	0.22691324
5050	0.22780654
5051	0.22879861
5052	0.22969607
5053	0.23021284
5054	0.23019554
5055	0.22921827
5056	0.22762917
5057	0.22549066
5058	0.22440106
5059	0.23431367
5060	0.23804872
5061	0.24105734
5062	0.24502970
5063	0.24546477
5064	0.24400474
5065	0.24179959
5066	0.24075150
5067	0.24055666
5068	0.24041094
5069	0.23998569
5070	0.23955032
5071	0.23924148
5072	0.23888497
5073	0.23877506
5074	0.23883876
5075	0.23897070
5076	0.23904550
5077	0.23891418
5078	0.23890129
5079	0.23901428
5080	0.23878577
5081	0.23893693
5082	0.23882942
5083	0.23875739
5084	0.23877464
5085	0.23874083
5086	0.23905760
5087	0.23900765
5088	0.23885846
5089	0.23912340
5090	0.23850328
5091	0.23800974
5092	0.23766050
5093	0.23713237
5094	0.23628101
5095	0.23626232
5096	0.23591331
5097	0.23509631
5098	0.23422360
5099	0.23321334
5100	0.23221642
5101	0.23115282
5102	0.22993127
5103	0.22853254
5104	0.22723210
5105	0.22605026
5106	0.22508265
5107	0.22441171
5108	0.22505490
5109	0.22552299
5110	0.22650962
5111	0.22769418
5112	0.22897954
5113	0.23013844
5114	0.23112631
5115	0.23186615
5116	0.23227634
5117	0.23230509
5118	0.23214310
5119	0.23155215
5120	0.23040065
5121	0.22884107
5122	0.22669429
5123	0.22411835
5124	0.22111672
5125	0.21778676
5126	0.21416080
5127	0.21036711
5128	0.20643844
5129	0.20253289
5130	0.19870013
5131	0.19502869
5132	0.19168845
5133	0.18869327
5134	0.18608624
5135	0.18377101
5136	0.18162681
5137	0.17971270
5138	0.17786558
5139	0.17607373
5140	0.17431103
5141	0.17263298
5142	0.17100555
5143	0.16951545
5144	0.16814403
5145	0.16693352
5146	0.16605389
5147	0.16439320
5148	0.16411127
5149	0.16303743
5150	0.16257940
5151	0.16215202
5152	0.16190340
5153	0.16195834
5154	0.16208662
5155	0.16231191
5156	0.16258338
5157	0.16289322
5158	0.16332610
5159	0.16366413
5160	0.16385388
5161	0.16501613
5162	0.16545933
5163	0.16566668
5164	0.16574126
5165	0.16562511
5166	0.16555689
5167	0.16508092
5168	0.16493665
5169	0.16480775
5170	0.16501471
5171	0.16572031
5172	0.16702729
5173	0.16892129
5174	0.17120124
5175	0.17356801
5176	0.17584451
5177	0.17788166
5178	0.17981921
5179	0.18188669
5180	0.18413407
5181	0.18626104
5182	0.18860860
5183	0.19094670
5184	0.19307561
5185	0.19499253
5186	0.19671533
5187	0.19810358
5188	0.19910452
5189	0.20013919
5190	0.20053019
5191	0.20640828
5192	0.21610023
5193	0.21770862
5194	0.22105427
5195	0.22245766
5196	0.22236946
5197	0.22146465
5198	0.22057068
5199	0.22026139
5200	0.22020231
5201	0.22001554
5202	0.22005354
5203	0.21975118
5204	0.21943776
5205	0.21908109
5206	0.21905151
5207	0.21915828
5208	0.21956408
5209	0.21999280
5210	0.21997029
5211	0.21896949
5212	0.21902707
5213	0.21901229
5214	0.21896546
5215	0.21909250
5216	0.21844527
5217	0.21877094
5218	0.21902265
5219	0.21941975
5220	0.21937320
5221	0.21929269
5222	0.21872124
5223	0.21856022
5224	0.21869814
5225	0.21881238
5226	0.21821344
5227	0.21759051
5228	0.21680941
5229	0.21593772
5230	0.21503603
5231	0.21408628
5232	0.21315801
5233	0.21227992
5234	0.21115369
5235	0.20999929
5236	0.20889761
5237	0.20790736
5238	0.20713961
5239	0.20801936
5240	0.20936163
5241	0.21068959
5242	0.21262208
5243	0.21471679
5244	0.21653453
5245	0.21808323
5246	0.21936266
5247	0.22016281
5248	0.22046107
5249	0.22029190
5250	0.21952696
5251	0.21822190
5252	0.21631333
5253	0.21382383
5254	0.21085843
5255	0.20737331
5256	0.20346262
5257	0.19915940
5258	0.19466054
5259	0.19004892
5260	0.18543127
5261	0.18096596
5262	0.17677706
5263	0.17312105
5264	0.16989657
5265	0.16721390
5266	0.16484691
5267	0.16287430
5268	0.16128471
5269	0.15994306
5270	0.15888514
5271	0.15800053
5272	0.15740587
5273	0.15709776
5274	0.15709773
5275	0.15739329
5276	0.15731338
5277	0.15806618
5278	0.15959461
5279	0.16004065
5280	0.16123109
5281	0.16249046
5282	0.16349936
5283	0.16429755
5284	0.16604225
5285	0.16740036
5286	0.16869082
5287	0.16991502
5288	0.17106831
5289	0.17211105
5290	0.17327888
5291	0.17464179
5292	0.17572382
5293	0.17652060
5294	0.17725660
5295	0.17780831
5296	0.17798007
5297	0.17802416
5298	0.17761505
5299	0.17777151
5300	0.17785478
5301	0.17822483
5302	0.17916037
5303	0.18073031
5304	0.18290366
5305	0.18549128
5306	0.18810894
5307	0.19092259
5308	0.19327143
5309	0.19548684
5310	0.19765440
5311	0.19961776
5312	0.20191315
5313	0.20429187
5314	0.20674354
5315	0.20888236
5316	0.21044634
5317	0.21123771
5318	0.21106981
5319	0.21003740
5320	0.20843180
5321	0.20684280
5322	0.20440251
5323	0.20406134
5324	0.21481901
5325	0.21934566
5326	0.22389819
5327	0.22656535
5328	0.22716776
5329	0.22627553
5330	0.22537738
5331	0.22483435
5332	0.22484587
5333	0.22491102
5334	0.22473547
5335	0.22443126
5336	0.22395737
5337	0.22355874
5338	0.22355719
5339	0.22360928
5340	0.22394840
5341	0.22404929
5342	0.22427076
5343	0.22415541
5344	0.22352089
5345	0.22307730
5346	0.22302565
5347	0.22267434
5348	0.22199084
5349	0.22199152
5350	0.22261781
5351	0.22291920
5352	0.22290528
5353	0.22279367
5354	0.22256424
5355	0.22248895
5356	0.22221011
5357	0.22176145
5358	0.22167172
5359	0.22101629
5360	0.22024605
5361	0.21949233
5362	0.21857280
5363	0.21757668
5364	0.21659875
5365	0.21556835
5366	0.21433458
5367	0.21292409
5368	0.21163461
5369	0.21035838
5370	0.20913516
5371	0.20889254
5372	0.20961630
5373	0.21024692
5374	0.21158296
5375	0.21333805
5376	0.21516156
5377	0.21693976
5378	0.21857876
5379	0.21999127
5380	0.22098257
5381	0.22155759
5382	0.22152424
5383	0.22088666
5384	0.21961276
5385	0.21766108
5386	0.21502709
5387	0.21174863
5388	0.20797347
5389	0.20365588
5390	0.19899113
5391	0.19403185
5392	0.18905713
5393	0.18408655
5394	0.17923351
5395	0.17473309
5396	0.17067038
5397	0.16704623
5398	0.16386694
5399	0.16115949
5400	0.15871707
5401	0.15651371
5402	0.15462378
5403	0.15294933
5404	0.15153733
5405	0.15036824
5406	0.14956033
5407	0.14918211
5408	0.14916864
5409	0.14966890
5410	0.14974192
5411	0.15087572
5412	0.15275496
5413	0.15381451
5414	0.15553088
5415	0.15730855
5416	0.15901284
5417	0.16075936
5418	0.16281205
5419	0.16471927
5420	0.16659035
5421	0.16841912
5422	0.17020366
5423	0.17181520
5424	0.17287497
5425	0.17491534
5426	0.17669575
5427	0.17789996
5428	0.17860971
5429	0.17944938
5430	0.17951682
5431	0.17962281
5432	0.17939124
5433	0.17965588
5434	0.17993878
5435	0.18069930
5436	0.18202768
5437	0.18387526
5438	0.18613143
5439	0.18859360
5440	0.19088738
5441	0.19331034
5442	0.19539759
5443	0.19747502
5444	0.19946098
5445	0.20172127
5446	0.20415299
5447	0.20669927
5448	0.20906959
5449	0.21116315
5450	0.21264629
5451	0.21344052
5452	0.21356103
5453	0.21306245
5454	0.21337415
5455	0.21288337
5456	0.21333247
5457	0.22203654
5458	0.22834392
5459	0.23121582
5460	0.23411900
5461	0.23494929
5462	0.23452537
5463	0.23390318
5464	0.23332776
5465	0.23307574
5466	0.23253876
5467	0.23230901
5468	0.23199634
5469	0.23157004
5470	0.23133788
5471	0.23148398
5472	0.23138149
5473	0.23166974
5474	0.23094356
5475	0.23099895
5476	0.23094222
5477	0.23050380
5478	0.23010464
5479	0.23018911
5480	0.23028162
5481	0.22995006
5482	0.23038955
5483	0.23076281
5484	0.23104380
5485	0.23101145
5486	0.23086734
5487	0.23041512
5488	0.23026592
5489	0.22998545
5490	0.22952035
5491	0.22906339
5492	0.22827117
5493	0.22796658
5494	0.22709499
5495	0.22618105
5496	0.22519420
5497	0.22424343
5498	0.22315407
5499	0.22183202
5500	0.22047220
5501	0.21913821
5502	0.21820995
5503	0.21758993
5504	0.21871430
5505	0.21978669
5506	0.22148000
5507	0.22347148
5508	0.22567907
5509	0.22784488
5510	0.23011270
5511	0.23233473
5512	0.23437624
5513	0.23613092
5514	0.23754935
5515	0.23851292
5516	0.23890716
5517	0.23873197
5518	0.23795268
5519	0.23650277
5520	0.23447044
5521	0.23182765
5522	0.22877665
5523	0.22549941
5524	0.22207794
5525	0.21874970
5526	0.21558101
5527	0.21281725
5528	0.21039040
5529	0.20828985
5530	0.20644128
5531	0.20482011
5532	0.20333050
5533	0.20191997
5534	0.20059186
5535	0.19930600
5536	0.19821027
5537	0.19722576
5538	0.19651753
5539	0.19606437
5540	0.19528911
5541	0.19547841
5542	0.19644940
5543	0.19664022
5544	0.19758445
5545	0.19885704
5546	0.19993626
5547	0.20077445
5548	0.20196638
5549	0.20333686
5550	0.20586222
5551	0.20621076
5552	0.20744599
5553	0.20921203
5554	0.21057434
5555	0.21175541
5556	0.21307713
5557	0.21408126
5558	0.21477886
5559	0.21509951
5560	0.21538684
5561	0.21511810
5562	0.21534805
5563	0.21542519
5564	0.21564142
5565	0.21629260
5566	0.21755904
5567	0.21946420
5568	0.22183412
5569	0.22439474
5570	0.22703996
5571	0.22934374
5572	0.23136473
5573	0.23311876
5574	0.23462319
5575	0.23606551
5576	0.23732015
5577	0.23845647
5578	0.23942520
5579	0.24002326
5580	0.24001534
5581	0.23920287
5582	0.23688543
5583	0.23461160
5584	0.23218720
5585	0.24156360
5586	0.24651866
5587	0.25087786
5588	0.25747448
5589	0.25940228
5590	0.25888613
5591	0.25640747
5592	0.25493479
5593	0.25434095
5594	0.25422865
5595	0.25410125
5596	0.25349879
5597	0.25315550
5598	0.25270933
5599	0.25259140
5600	0.25288740
5601	0.25310072
5602	0.25321192
5603	0.25315908
5604	0.25285849
5605	0.25291538
5606	0.25271809
5607	0.25237194
5608	0.25231266
5609	0.25237539
5610	0.25240958
5611	0.25315782
5612	0.25208375
5613	0.25272745
5614	0.25238729
5615	0.25232571
5616	0.25181261
5617	0.25160044
5618	0.25119683
5619	0.25071558
5620	0.24996513
5621	0.24953023
5622	0.24909733
5623	0.24826503
5624	0.24727947
5625	0.24624740
5626	0.24516819
5627	0.24406196
5628	0.24274172
5629	0.24123983
5630	0.23979479
5631	0.23858967
5632	0.23740792
5633	0.23642576
5634	0.23649618
5635	0.23589732
5636	0.23572965
5637	0.23561940
5638	0.23565885
5639	0.23557363
5640	0.23556091
5641	0.23543528
5642	0.23523495
5643	0.23487556
5644	0.23424952
5645	0.23346674
5646	0.23225914
5647	0.23072380
5648	0.22880337
5649	0.22647040
5650	0.22387931
5651	0.22102037
5652	0.21798009
5653	0.21486329
5654	0.21179058
5655	0.20888036
5656	0.20623796
5657	0.20407088
5658	0.20221509
5659	0.20065479
5660	0.19930530
5661	0.19809265
5662	0.19701670
5663	0.19609489
5664	0.19522496
5665	0.19444911
5666	0.19382213
5667	0.19333884
5668	0.19299108
5669	0.19282390
5670	0.19284336
5671	0.19302283
5672	0.19244799
5673	0.19399297
5674	0.19373657
5675	0.19464840
5676	0.19587176
5677	0.19673222
5678	0.19699848
5679	0.19766568
5680	0.19819562
5681	0.19994032
5682	0.19897847
5683	0.20003584
5684	0.20059243
5685	0.20128763
5686	0.20172971
5687	0.20188512
5688	0.20217703
5689	0.20222157
5690	0.20186614
5691	0.20159118
5692	0.20083365
5693	0.20092048
5694	0.20085905
5695	0.20107800
5696	0.20169909
5697	0.20289525
5698	0.20456833
5699	0.20667107
5700	0.20898613
5701	0.21128651
5702	0.21329094
5703	0.21493877
5704	0.21637021
5705	0.21761259
5706	0.21875805
5707	0.22017197
5708	0.22157039
5709	0.22291391
5710	0.22384681
5711	0.22426289
5712	0.22418028
5713	0.22372665
5714	0.22305532
5715	0.22243808
5716	0.22259605
5717	0.22183482
5718	0.22419259
5719	0.23665188
5720	0.24139829
5721	0.24578971
5722	0.24812700
5723	0.24875882
5724	0.24792095
5725	0.24702473
5726	0.24618679
5727	0.24631365
5728	0.24626172
5729	0.24638657
5730	0.24622048
5731	0.24609166
5732	0.24605900
5733	0.24611644
5734	0.24655601
5735	0.24655116
5736	0.24651995
5737	0.24618268
5738	0.24603666
5739	0.24534313
5740	0.24529897
5741	0.24527127
5742	0.24526449
5743	0.24513358
5744	0.24518058
5745	0.24461494
5746	0.24549888
5747	0.24557590
5748	0.24509484
5749	0.24492349
5750	0.24471715
5751	0.24405080
5752	0.24358128
5753	0.24293105
5754	0.24215971
5755	0.24166363
5756	0.24068728
5757	0.23971666
5758	0.23879740
5759	0.23799106
5760	0.23718154
5761	0.23635617
5762	0.23561595
5763	0.23464714
5764	0.23373882
5765	0.23357730
5766	0.23558648
5767	0.23719576
5768	0.24008529
5769	0.24378727
5770	0.24787527
5771	0.25197029
5772	0.25603476
5773	0.25988707
5774	0.26339069
5775	0.26634979
5776	0.26871598
5777	0.27034804
5778	0.27117562
5779	0.27115932
5780	0.27031770
5781	0.26863301
5782	0.26604685
5783	0.26272541
5784	0.25862598
5785	0.25393748
5786	0.24871516
5787	0.24327731
5788	0.23770003
5789	0.23223577
5790	0.22705612
5791	0.22230767
5792	0.21586695
5793	0.21413231
5794	0.21104126
5795	0.20836227
5796	0.20612143
5797	0.20419179
5798	0.20266685
5799	0.20136614
5800	0.20035586
5801	0.19969010
5802	0.19935060
5803	0.19945936
5804	0.20021038
5805	0.20062929
5806	0.20187509
5807	0.20355178
5808	0.20509730
5809	0.20694186
5810	0.20905207
5811	0.21090335
5812	0.21281797
5813	0.21495274
5814	0.21651293
5815	0.21841343
5816	0.22131747
5817	0.22163954
5818	0.22295573
5819	0.22511612
5820	0.22748990
5821	0.22929150
5822	0.23127124
5823	0.23272768
5824	0.23382530
5825	0.23466770
5826	0.23539962
5827	0.23592858
5828	0.23594050
5829	0.23634873
5830	0.23662330
5831	0.23704238
5832	0.23772664
5833	0.23872639
5834	0.23992209
5835	0.24110295
5836	0.24262330
5837	0.24355072
5838	0.24418919
5839	0.24467964
5840	0.24508107
5841	0.24567683
5842	0.24668293
5843	0.24805851
5844	0.24961700
5845	0.25113273
5846	0.25237513
5847	0.25303128
5848	0.25297198
5849	0.25246516
5850	0.25248125
5851	0.25174493
5852	0.25846228
5853	0.26691636
5854	0.26848599
5855	0.27316344
5856	0.27491981
5857	0.27461007
5858	0.27321696
5859	0.27181005
5860	0.27150849
5861	0.27150071
5862	0.27124295
5863	0.27094311
5864	0.27050894
5865	0.27013239
5866	0.27036831
5867	0.27029020
5868	0.26998392
5869	0.26953405
5870	0.26954934
5871	0.26981914
5872	0.27004451
5873	0.27008748
5874	0.26946434
5875	0.27007896
5876	0.26988313
5877	0.27008581
5878	0.27002937
5879	0.27043864
5880	0.26977801
5881	0.26968768
5882	0.26957831
5883	0.26906702
5884	0.26876569
5885	0.26828557
5886	0.26760671
5887	0.26670486
5888	0.26704067
5889	0.26621550
5890	0.26534882
5891	0.26437506
5892	0.26325336
5893	0.26216385
5894	0.26076615
5895	0.25913292
5896	0.25746670
5897	0.25596687
5898	0.25471756
5899	0.25469971
5900	0.25600186
5901	0.25742778
5902	0.25947934
5903	0.26165202
5904	0.26378337
5905	0.26578367
5906	0.26759699
5907	0.26909301
5908	0.27019349
5909	0.27075589
5910	0.27062696
5911	0.26989418
5912	0.26838294
5913	0.26610047
5914	0.26312363
5915	0.25944570
5916	0.25516942
5917	0.25044441
5918	0.24532241
5919	0.24001728
5920	0.23457190
5921	0.22930716
5922	0.22420070
5923	0.21928915
5924	0.21475679
5925	0.21064335
5926	0.20692687
5927	0.20370458
5928	0.20076360
5929	0.19800864
5930	0.19554129
5931	0.19317617
5932	0.19095172
5933	0.18885255
5934	0.18690339
5935	0.18517195
5936	0.18368073
5937	0.18258542
5938	0.18150839
5939	0.18082683
5940	0.18042576
5941	0.18013896
5942	0.18026096
5943	0.18039331
5944	0.18026720
5945	0.18051155
5946	0.18070862
5947	0.18086371
5948	0.18110545
5949	0.18135023
5950	0.18152024
5951	0.18169394
5952	0.18171674
5953	0.18129042
5954	0.18210250
5955	0.18229273
5956	0.18201777
5957	0.18090554
5958	0.18068594
5959	0.18014419
5960	0.17962871
5961	0.17955090
5962	0.17986205
5963	0.18068169
5964	0.18203777
5965	0.18382707
5966	0.18581828
5967	0.18783380
5968	0.18969095
5969	0.19143477
5970	0.19302154
5971	0.19457661
5972	0.19610403
5973	0.19770449
5974	0.19928049
5975	0.20076327
5976	0.20190835
5977	0.20241798
5978	0.20222935
5979	0.20132014
5980	0.19949122
5981	0.19824480
5982	0.19686602
5983	0.20252651
5984	0.21048504
5985	0.21262830
5986	0.21729915
5987	0.21838456
5988	0.21765290
5989	0.21605179
5990	0.21447280
5991	0.21410997
5992	0.21391575
5993	0.21372867
5994	0.21348602
5995	0.21348168
5996	0.21366900
5997	0.21356814
5998	0.21345541
5999	0.21287559
6000	0.21293277
6001	0.21296932
6002	0.21294239
6003	0.21301593
6004	0.21214423
6005	0.21219799
6006	0.21227697
6007	0.21235202
6008	0.21243308
6009	0.21234432
6010	0.21254617
6011	0.21289435
6012	0.21280326
6013	0.21268032
6014	0.21217002
6015	0.21189691
6016	0.21150279
6017	0.21081182
6018	0.21008967
6019	0.21034884
6020	0.20977075
6021	0.20896178
6022	0.20809965
6023	0.20716077
6024	0.20627289
6025	0.20527397
6026	0.20402856
6027	0.20281439
6028	0.20181751
6029	0.20081767
6030	0.19996499
6031	0.20026802
6032	0.20117880
6033	0.20207843
6034	0.20359021
6035	0.20526887
6036	0.20688285
6037	0.20841657
6038	0.20994772
6039	0.21120012
6040	0.21211392
6041	0.21279593
6042	0.21292457
6043	0.21268618
6044	0.21191850
6045	0.21056138
6046	0.20873007
6047	0.20639803
6048	0.20362853
6049	0.20057021
6050	0.19728714
6051	0.19384392
6052	0.19045171
6053	0.18711373
6054	0.18403926
6055	0.18134913
6056	0.17904305
6057	0.17708769
6058	0.17541665
6059	0.17396493
6060	0.17270327
6061	0.17156547
6062	0.17054126
6063	0.16948967
6064	0.16861069
6065	0.16789445
6066	0.16737361
6067	0.16713421
6068	0.16721173
6069	0.16707189
6070	0.16749018
6071	0.16833551
6072	0.16916753
6073	0.17029832
6074	0.17214082
6075	0.17224339
6076	0.17348756
6077	0.17482556
6078	0.17614061
6079	0.17753161
6080	0.17906286
6081	0.18026826
6082	0.18140750
6083	0.18233320
6084	0.18244207
6085	0.18399039
6086	0.18465717
6087	0.18432811
6088	0.18460871
6089	0.18450326
6090	0.18411233
6091	0.18394107
6092	0.18407242
6093	0.18466312
6094	0.18575999
6095	0.18738177
6096	0.18939871
6097	0.19161066
6098	0.19377717
6099	0.19563557
6100	0.19732307
6101	0.19888566
6102	0.20032336
6103	0.20184106
6104	0.20339222
6105	0.20495349
6106	0.20635428
6107	0.20734620
6108	0.20796232
6109	0.20813924
6110	0.20787232
6111	0.20744529
6112	0.20690419
6113	0.20719767
6114	0.20761015
6115	0.21064413
6116	0.22199158
6117	0.22527136
6118	0.22860906
6119	0.23049317
6120	0.23050010
6121	0.22966802
6122	0.22848228
6123	0.22810493
6124	0.22806419
6125	0.22785372
6126	0.22759211
6127	0.22720091
6128	0.22719301
6129	0.22747202
6130	0.22730947
6131	0.22658384
6132	0.22653940
6133	0.22637412
6134	0.22583050
6135	0.22550976
6136	0.22548111
6137	0.22492363
6138	0.22525389
6139	0.22520865
6140	0.22532527
6141	0.22506958
6142	0.22580050
6143	0.22570631
6144	0.22554463
6145	0.22539598
6146	0.22486810
6147	0.22462566
6148	0.22426949
6149	0.22375856
6150	0.22326793
6151	0.22247070
6152	0.22213791
6153	0.22135618
6154	0.22039947
6155	0.21941967
6156	0.21844460
6157	0.21741445
6158	0.21614826
6159	0.21483569
6160	0.21349181
6161	0.21237457
6162	0.21145199
6163	0.21213497
6164	0.21289746
6165	0.21418183
6166	0.21587843
6167	0.21774983
6168	0.21954240
6169	0.22129722
6170	0.22288308
6171	0.22417222
6172	0.22513404
6173	0.22564445
6174	0.22561833
6175	0.22512141
6176	0.22411607
6177	0.22248331
6178	0.22039255
6179	0.21769945
6180	0.21451366
6181	0.21093926
6182	0.20712301
6183	0.20318396
6184	0.19929543
6185	0.19565807
6186	0.19235529
6187	0.18949902
6188	0.18704635
6189	0.18483615
6190	0.18283987
6191	0.18101078
6192	0.17937972
6193	0.17781988
6194	0.17636625
6195	0.17510149
6196	0.17399222
6197	0.17325154
6198	0.17283463
6199	0.17281343
6200	0.17282252
6201	0.17346552
6202	0.17452021
6203	0.17542246
6204	0.17645808
6205	0.17812078
6206	0.17948069
6207	0.18062380
6208	0.18210678
6209	0.18364008
6210	0.18500569
6211	0.18627170
6212	0.18736131
6213	0.18847707
6214	0.18931523
6215	0.19003242
6216	0.19092925
6217	0.19151716
6218	0.19194897
6219	0.19187012
6220	0.19285144
6221	0.19316469
6222	0.19317789
6223	0.19376047
6224	0.19446868
6225	0.19565263
6226	0.19741352
6227	0.19976074
6228	0.20253660
6229	0.20541719
6230	0.20838030
6231	0.21089512
6232	0.21306081
6233	0.21502604
6234	0.21697748
6235	0.21909231
6236	0.22138345
6237	0.22370629
6238	0.22592105
6239	0.22759421
6240	0.22880207
6241	0.22929844
6242	0.22922151
6243	0.22789724
6244	0.22701102
6245	0.22576770
6246	0.23464285
6247	0.24012671
6248	0.24480143
6249	0.25105920
6250	0.25288320
6251	0.25245804
6252	0.25069332
6253	0.24954695
6254	0.24938370
6255	0.24946563
6256	0.24942835
6257	0.24894911
6258	0.24851064
6259	0.24853855
6260	0.24852964
6261	0.24852835
6262	0.24877395
6263	0.24843040
6264	0.24843577
6265	0.24740806
6266	0.24740745
6267	0.24748629
6268	0.24660742
6269	0.24695353
6270	0.24739069
6271	0.24778868
6272	0.24779232
6273	0.24797156
6274	0.24792233
6275	0.24746333
6276	0.24777050
6277	0.24722128
6278	0.24697068
6279	0.24657997
6280	0.24604252
6281	0.24590559
6282	0.24566504
6283	0.24486928
6284	0.24401668
6285	0.24301781
6286	0.24194378
6287	0.24087511
6288	0.23953849
6289	0.23791005
6290	0.23611376
6291	0.23450416
6292	0.23297223
6293	0.23189713
6294	0.23250663
6295	0.23321170
6296	0.23439224
6297	0.23582515
6298	0.23727584
6299	0.23861513
6300	0.23974814
6301	0.24063483
6302	0.24126817
6303	0.24156056
6304	0.24137710
6305	0.24045195
6306	0.23902068
6307	0.23687506
6308	0.23393759
6309	0.23032916
6310	0.22612168
6311	0.22130862
6312	0.21605624
6313	0.21049613
6314	0.20486054
6315	0.19920813
6316	0.19380406
6317	0.18869068
6318	0.18394649
6319	0.17966731
6320	0.17595740
6321	0.17268337
6322	0.16972263
6323	0.16706218
6324	0.16462304
6325	0.16239367
6326	0.16031183
6327	0.15843846
6328	0.15680194
6329	0.15546969
6330	0.15442374
6331	0.15392405
6332	0.15284221
6333	0.15284505
6334	0.15345232
6335	0.15368670
6336	0.15490721
6337	0.15581702
6338	0.15675771
6339	0.15817505
6340	0.15960793
6341	0.16111317
6342	0.16256750
6343	0.16390744
6344	0.16560805
6345	0.16706708
6346	0.16851944
6347	0.17004544
6348	0.17157988
6349	0.17290960
6350	0.17444523
6351	0.17595865
6352	0.17607200
6353	0.17755166
6354	0.17893215
6355	0.17988123
6356	0.18135557
6357	0.18338238
6358	0.18601216
6359	0.18901204
6360	0.19230609
6361	0.19567384
6362	0.19888204
6363	0.20173247
6364	0.20448899
6365	0.20708925
6366	0.20963579
6367	0.21224473
6368	0.21491291
6369	0.21748309
6370	0.21980721
6371	0.22158909
6372	0.22266932
6373	0.22282025
6374	0.22218065
6375	0.22091807
6376	0.22003397
6377	0.21885970
6378	0.22019149
6379	0.23211613
6380	0.23485652
6381	0.23851916
6382	0.24097568
6383	0.24113286
6384	0.24007213
6385	0.23887780
6386	0.23794261
6387	0.23776303
6388	0.23754312
6389	0.23750955
6390	0.23702630
6391	0.23654193
6392	0.23672231
6393	0.23594016
6394	0.23599413
6395	0.23579539
6396	0.23554271
6397	0.23546821
6398	0.23537356
6399	0.23541361
6400	0.23487954
6401	0.23481362
6402	0.23548804
6403	0.23523112
6404	0.23529901
6405	0.23523989
6406	0.23530878
6407	0.23516817
6408	0.23502788
6409	0.23454846
6410	0.23430705
6411	0.23391496
6412	0.23333079
6413	0.23240706
6414	0.23228626
6415	0.23192501
6416	0.23115522
6417	0.23024869
6418	0.22923246
6419	0.22825508
6420	0.22725558
6421	0.22599122
6422	0.22470663
6423	0.22360006
6424	0.22250660
6425	0.22148432
6426	0.22158830
6427	0.22174884
6428	0.22222841
6429	0.22309859
6430	0.22410104
6431	0.22516766
6432	0.22629882
6433	0.22737621
6434	0.22838715
6435	0.22916135
6436	0.22968131
6437	0.22975847
6438	0.22952764
6439	0.22891229
6440	0.22769621
6441	0.22607797
6442	0.22393756
6443	0.22142445
6444	0.21864791
6445	0.21570103
6446	0.21259263
6447	0.20954999
6448	0.20666531
6449	0.20404838
6450	0.20187336
6451	0.19998658
6452	0.19847472
6453	0.19722994
6454	0.19618499
6455	0.19534180
6456	0.19465722
6457	0.19409239
6458	0.19366865
6459	0.19342810
6460	0.19336671
6461	0.19355083
6462	0.19364484
6463	0.19429028
6464	0.19545825
6465	0.19633181
6466	0.19747911
6467	0.19889891
6468	0.20003097
6469	0.20119226
6470	0.20246945
6471	0.20381863
6472	0.20490134
6473	0.20601277
6474	0.20716597
6475	0.20805234
6476	0.20863925
6477	0.20889418
6478	0.20971769
6479	0.20965448
6480	0.20921294
6481	0.20896545
6482	0.20759803
6483	0.20687377
6484	0.20589744
6485	0.20512012
6486	0.20460543
6487	0.20447381
6488	0.20495282
6489	0.20604765
6490	0.20761646
6491	0.20951496
6492	0.21152994
6493	0.21328963
6494	0.21489565
6495	0.21637134
6496	0.21772300
6497	0.21892214
6498	0.22026354
6499	0.22155990
6500	0.22286144
6501	0.22399132
6502	0.22492561
6503	0.22546381
6504	0.22559911
6505	0.22540060
6506	0.22461221
6507	0.22438356
6508	0.22408251
6509	0.22842963
6510	0.23881622
6511	0.23985283
6512	0.24435110
6513	0.24638453
6514	0.24640319
6515	0.24497652
6516	0.24334498
6517	0.24300595
6518	0.24289480
6519	0.24286577
6520	0.24285485
6521	0.24303219
6522	0.24278979
6523	0.24275108
6524	0.24235734
6525	0.24238053
6526	0.24213025
6527	0.24208714
6528	0.24235806
6529	0.24226210
6530	0.24159916
6531	0.24162911
6532	0.24123847
6533	0.24164204
6534	0.24166079
6535	0.24159212
6536	0.24175683
6537	0.24167857
6538	0.24156298
6539	0.24142466
6540	0.24123465
6541	0.24072024
6542	0.24044655
6543	0.24001837
6544	0.23918486
6545	0.23885733
6546	0.23847498
6547	0.23758978
6548	0.23675989
6549	0.23581040
6550	0.23489510
6551	0.23401535
6552	0.23293498
6553	0.23180145
6554	0.23081510
6555	0.22987774
6556	0.22907372
6557	0.22913110
6558	0.23002636
6559	0.23076960
6560	0.23206797
6561	0.23342010
6562	0.23483229
6563	0.23613183
6564	0.23738448
6565	0.23842467
6566	0.23921025
6567	0.23973382
6568	0.23980023
6569	0.23952858
6570	0.23886582
6571	0.23753749
6572	0.23580588
6573	0.23366123
6574	0.23114951
6575	0.22826065
6576	0.22506995
6577	0.22191371
6578	0.21862601
6579	0.21546263
6580	0.21251209
6581	0.20986742
6582	0.20759259
6583	0.20363267
6584	0.20389195
6585	0.20240296
6586	0.20093496
6587	0.19969580
6588	0.19856413
6589	0.19748650
6590	0.19650254
6591	0.19570664
6592	0.19518113
6593	0.19478723
6594	0.19413757
6595	0.19433771
6596	0.19503365
6597	0.19532230
6598	0.19621059
6599	0.19701427
6600	0.19793770
6601	0.19903961
6602	0.20000823
6603	0.20129165
6604	0.20228820
6605	0.20524663
6606	0.20497750
6607	0.20576456
6608	0.20651312
6609	0.20839658
6610	0.20923957
6611	0.21006452
6612	0.21022986
6613	0.21045327
6614	0.20937496
6615	0.20927040
6616	0.20919396
6617	0.20936419
6618	0.21002865
6619	0.21135488
6620	0.21319550
6621	0.21553953
6622	0.21809536
6623	0.22071986
6624	0.22328040
6625	0.22568929
6626	0.22787681
6627	0.23002273
6628	0.23195341
6629	0.23391323
6630	0.23589717
6631	0.23793541
6632	0.23996820
6633	0.24181592
6634	0.24324134
6635	0.24406904
6636	0.24417494
6637	0.24362129
6638	0.24266249
6639	0.24095990
6640	0.24007004
6641	0.23903279
6642	0.24975966
6643	0.25643021
6644	0.25883558
6645	0.26310945
6646	0.26441276
6647	0.26275516
6648	0.26086712
6649	0.25960016
6650	0.25977218
6651	0.25957039
6652	0.25931957
6653	0.25886869
6654	0.25838503
6655	0.25811407
6656	0.25844762
6657	0.25844184
6658	0.25848430
6659	0.25801456
6660	0.25812131
6661	0.25798908
6662	0.25808236
6663	0.25757465
6664	0.25766203
6665	0.25765434
6666	0.25837922
6667	0.25820220
6668	0.25754392
6669	0.25802541
6670	0.25785670
6671	0.25773343
6672	0.25729233
6673	0.25711337
6674	0.25682819
6675	0.25645477
6676	0.25614458
6677	0.25537246
6678	0.25457537
6679	0.25407380
6680	0.25321123
6681	0.25217211
6682	0.25111434
6683	0.25010163
6684	0.24890788
6685	0.24751359
6686	0.24612579
6687	0.24467547
6688	0.24349463
6689	0.24360213
6690	0.24481314
6691	0.24606299
6692	0.24817394
6693	0.25062704
6694	0.25316179
6695	0.25563559
6696	0.25803077
6697	0.26006612
6698	0.26182398
6699	0.26320615
6700	0.26401445
6701	0.26411220
6702	0.26362288
6703	0.26235908
6704	0.26059511
6705	0.25797838
6706	0.25479162
6707	0.25099704
6708	0.24682987
6709	0.24238852
6710	0.23780790
6711	0.23327300
6712	0.22887896
6713	0.22482501
6714	0.22112481
6715	0.21776466
6716	0.21512616
6717	0.21302664
6718	0.21014041
6719	0.21005076
6720	0.20893860
6721	0.20799026
6722	0.20717825
6723	0.20641875
6724	0.20583466
6725	0.20535791
6726	0.20509896
6727	0.20509511
6728	0.20532829
6729	0.20582613
6730	0.20578367
6731	0.20689392
6732	0.20716602
6733	0.20799160
6734	0.20891613
6735	0.20963135
6736	0.21028870
6737	0.21146487
6738	0.21122397
6739	0.21167426
6740	0.21337214
6741	0.21224113
6742	0.21190320
6743	0.21315785
6744	0.21348663
6745	0.21356237
6746	0.21368985
6747	0.21340044
6748	0.21272020
6749	0.21182802
6750	0.21160083
6751	0.21133724
6752	0.21141917
6753	0.21200213
6754	0.21317600
6755	0.21496600
6756	0.21722986
6757	0.21991163
6758	0.22275579
6759	0.22561057
6760	0.22820221
6761	0.23070149
6762	0.23313963
6763	0.23545709
6764	0.23788860
6765	0.24036406
6766	0.24287216
6767	0.24517046
6768	0.24703495
6769	0.24823274
6770	0.24846156
6771	0.24771821
6772	0.24632797
6773	0.24443422
6774	0.24365930
6775	0.24382994
6776	0.25555947
6777	0.25845763
6778	0.26328719
6779	0.26704049
6780	0.26775944
6781	0.26650009
6782	0.26458183
6783	0.26387367
6784	0.26379812
6785	0.26369277
6786	0.26342154
6787	0.26329973
6788	0.26287013
6789	0.26295435
6790	0.26289678
6791	0.26294193
6792	0.26229373
6793	0.26252526
6794	0.26256287
6795	0.26259071
6796	0.26227081
6797	0.26223668
6798	0.26224029
6799	0.26266298
6800	0.26280656
6801	0.26277429
6802	0.26269004
6803	0.26258999
6804	0.26259777
6805	0.26254085
6806	0.26240018
6807	0.26191810
6808	0.26159441
6809	0.26122287
6810	0.26072448
6811	0.26034033
6812	0.25960201
6813	0.25876227
6814	0.25778988
6815	0.25672424
6816	0.25573838
6817	0.25471643
6818	0.25350413
6819	0.25232011
6820	0.25124362
6821	0.25016591
6822	0.24928458
6823	0.24947615
6824	0.25009775
6825	0.25032857
6826	0.25104350
6827	0.25177023
6828	0.25238183
6829	0.25290853
6830	0.25341284
6831	0.25372174
6832	0.25381261
6833	0.25366828
6834	0.25319180
6835	0.25234857
6836	0.25120965
6837	0.24960712
6838	0.24754600
6839	0.24521844
6840	0.24241324
6841	0.23933187
6842	0.23615296
6843	0.23286693
6844	0.22947076
6845	0.22635527
6846	0.22345372
6847	0.22087474
6848	0.21864681
6849	0.21677722
6850	0.21517360
6851	0.21376380
6852	0.21250765
6853	0.21141604
6854	0.21046413
6855	0.20961812
6856	0.20891042
6857	0.20835644
6858	0.20806724
6859	0.20798889
6860	0.20815624
6861	0.20808375
6862	0.20885079
6863	0.20996864
6864	0.21064289
6865	0.21176025
6866	0.21287639
6867	0.21385634
6868	0.21493495
6869	0.21634424
6870	0.21694878
6871	0.21774618
6872	0.21864346
6873	0.21954763
6874	0.22064005
6875	0.22221142
6876	0.22301161
6877	0.22342294
6878	0.22404274
6879	0.22374284
6880	0.22316588
6881	0.22208527
6882	0.22133940
6883	0.22029555
6884	0.21939930
6885	0.21876843
6886	0.21863534
6887	0.21911234
6888	0.22009549
6889	0.22150971
6890	0.22315797
6891	0.22466935
6892	0.22594754
6893	0.22753850
6894	0.22917469
6895	0.23091967
6896	0.23313731
6897	0.23576228
6898	0.23857190
6899	0.24143146
6900	0.24391754
6901	0.24586229
6902	0.24713326
6903	0.24772742
6904	0.24801478
6905	0.24824931
6906	0.25000274
6907	0.25088564
6908	0.25359973
6909	0.26526433
6910	0.26940703
6911	0.27288613
6912	0.27520540
6913	0.27569562
6914	0.27480581
6915	0.27336052
6916	0.27325425
6917	0.27325597
6918	0.27292782
6919	0.27281350
6920	0.27237588
6921	0.27199289
6922	0.27208564
6923	0.27204350
6924	0.27179655
6925	0.27142835
6926	0.27133447
6927	0.27160975
6928	0.27108467
6929	0.27103752
6930	0.27099100
6931	0.27138895
6932	0.27123234
6933	0.27134645
6934	0.27165157
6935	0.27171823
6936	0.27094474
6937	0.27091652
6938	0.27079132
6939	0.27050474
6940	0.27000678
6941	0.26961935
6942	0.26910850
6943	0.26843160
6944	0.26790130
6945	0.26727206
6946	0.26642084
6947	0.26539117
6948	0.26431197
6949	0.26323429
6950	0.26197845
6951	0.26057968
6952	0.25928101
6953	0.25800207
6954	0.25696224
6955	0.25655410
6956	0.25771970
6957	0.25854141
6958	0.26015687
6959	0.26195276
6960	0.26372647
6961	0.26530695
6962	0.26667464
6963	0.26776263
6964	0.26851058
6965	0.26892546
6966	0.26893574
6967	0.26845786
6968	0.26739484
6969	0.26579964
6970	0.26375288
6971	0.26103795
6972	0.25780046
6973	0.25415155
6974	0.25022399
6975	0.24614227
6976	0.24208796
6977	0.23817118
6978	0.23459245
6979	0.23145756
6980	0.22889812
6981	0.22672917
6982	0.22500069
6983	0.22361605
6984	0.22248015
6985	0.22157617
6986	0.22084148
6987	0.22027676
6988	0.21982132
6989	0.21950862
6990	0.21940100
6991	0.21950485
6992	0.21977451
6993	0.22035550
6994	0.22047676
6995	0.22148038
6996	0.22208196
6997	0.22308724
6998	0.22416557
6999	0.22508566
7000	0.22599493
7001	0.22717437
7002	0.22809952
7003	0.22887078
7004	0.22912051
7005	0.22949524
7006	0.23064147
7007	0.23112929
7008	0.23217303
7009	0.23258594
7010	0.23297766
7011	0.23274925
7012	0.23245400
7013	0.23201855
7014	0.23126361
7015	0.23088457
7016	0.23041080
7017	0.23024282
7018	0.23049250
7019	0.23134102
7020	0.23265184
7021	0.23441146
7022	0.23631880
7023	0.23819567
7024	0.23984529
7025	0.24078247
7026	0.24243625
7027	0.24356306
7028	0.24451189
7029	0.24560218
7030	0.24657299
7031	0.24739297
7032	0.24788660
7033	0.24792692
7034	0.24733905
7035	0.24618097
7036	0.24320166
7037	0.24083598
7038	0.25087363
7039	0.25621063
7040	0.26101130
7041	0.26649863
7042	0.26810732
7043	0.26716557
7044	0.26515678
7045	0.26373294
7046	0.26310796
7047	0.26291656
7048	0.26257330
7049	0.26224113
7050	0.26182890
7051	0.26145658
7052	0.26144707
7053	0.26171830
7054	0.26203498
7055	0.26208878
7056	0.26140073
7057	0.26143253
7058	0.26130834
7059	0.26136699
7060	0.26142377
7061	0.26123470
7062	0.26135653
7063	0.26188520
7064	0.26192579
7065	0.26215962
7066	0.26168647
7067	0.26138407
7068	0.26127136
7069	0.26108170
7070	0.26047942
7071	0.26008368
7072	0.25950971
7073	0.25872841
7074	0.25813329
7075	0.25754711
7076	0.25655025
7077	0.25554606
7078	0.25433522
7079	0.25312480
7080	0.25152394
7081	0.24962389
7082	0.24780111
7083	0.24634872
7084	0.24495919
7085	0.24394038
7086	0.24377114
7087	0.24350747
7088	0.24375002
7089	0.24431606
7090	0.24515900
7091	0.24609308
7092	0.24719688
7093	0.24829504
7094	0.24946620
7095	0.25051978
7096	0.25159264
7097	0.25247520
7098	0.25298908
7099	0.25325382
7100	0.25296053
7101	0.25219843
7102	0.25107151
7103	0.24942824
7104	0.24755737
7105	0.24550685
7106	0.24327900
7107	0.24100049
7108	0.23881404
7109	0.23662466
7110	0.23472166
7111	0.23293871
7112	0.23151700
7113	0.23034090
7114	0.22928669
7115	0.22825672
7116	0.22723942
7117	0.22621302
7118	0.22505321
7119	0.22377411
7120	0.22250497
7121	0.22113468
7122	0.21990168
7123	0.21873794
7124	0.21777661
7125	0.21668684
7126	0.21591495
7127	0.21511488
7128	0.21424751
7129	0.21359983
7130	0.21274352
7131	0.21206380
7132	0.21035065
7133	0.20937389
7134	0.20974541
7135	0.20758824
7136	0.20703726
7137	0.20674753
7138	0.20597735
7139	0.20502765
7140	0.20413312
7141	0.20297238
7142	0.20142259
7143	0.19988917
7144	0.19823255
7145	0.19731925
7146	0.19639926
7147	0.19579953
7148	0.19546908
7149	0.19540380
7150	0.19555612
7151	0.19571804
7152	0.19577077
7153	0.19569448
7154	0.19523527
7155	0.19422194
7156	0.19379634
7157	0.19308111
7158	0.19244158
7159	0.19213827
7160	0.19216739
7161	0.19245882
7162	0.19298537
7163	0.19358435
7164	0.19425876
7165	0.19553331
7166	0.19619685
7167	0.19727638
7168	0.19927301
7169	0.20111740
7170	0.20494431
7171	0.21701950
7172	0.21633688
7173	0.21742743
7174	0.21866846
7175	0.21869998
7176	0.21812093
7177	0.21690679
7178	0.21608394
7179	0.21560916
7180	0.21529281
7181	0.21485387
7182	0.21448658
7183	0.21405064
7184	0.21375911
7185	0.21443196
7186	0.21433009
7187	0.21340989
7188	0.21342604
7189	0.21310195
7190	0.21303728
7191	0.21300000
7192	0.21289401
7193	0.21219414
7194	0.21238010
7195	0.21252014
7196	0.21259628
7197	0.21290553
7198	0.21264301
7199	0.21267655
7200	0.21297461
7201	0.21283709
7202	0.21233158
7203	0.21210194
7204	0.21178332
7205	0.21122378
7206	0.21092513
7207	0.21018121
7208	0.20929189
7209	0.20842437
7210	0.20746145
7211	0.20658585
7212	0.20568943
7213	0.20473056
7214	0.20402153
7215	0.20312467
7216	0.20261668
7217	0.20253548
7218	0.20465659
7219	0.20647961
7220	0.20902351
7221	0.21202093
7222	0.21518908
7223	0.21818316
7224	0.22097328
7225	0.22350198
7226	0.22559731
7227	0.22714908
7228	0.22822209
7229	0.22860210
7230	0.22829939
7231	0.22727393
7232	0.22559388
7233	0.22332546
7234	0.22039202
7235	0.21708301
7236	0.21335359
7237	0.20940231
7238	0.20540406
7239	0.20149447
7240	0.19786933
7241	0.19460931
7242	0.19182491
7243	0.18945132
7244	0.18744706
7245	0.18577366
7246	0.18440241
7247	0.18324940
7248	0.18233246
7249	0.18160667
7250	0.18110718
7251	0.18089749
7252	0.18099605
7253	0.18149012
7254	0.18206508
7255	0.18314171
7256	0.18453364
7257	0.18611304
7258	0.18786988
7259	0.18978289
7260	0.19190231
7261	0.19423126
7262	0.19641221
7263	0.19863200
7264	0.20093095
7265	0.20334946
7266	0.20571008
7267	0.20781933
7268	0.20979235
7269	0.21197937
7270	0.21424089
7271	0.21534023
7272	0.21666567
7273	0.21780446
7274	0.21828756
7275	0.21925861
7276	0.21995072
7277	0.22061388
7278	0.22144638
7279	0.22257185
7280	0.22411129
7281	0.22599114
7282	0.22823592
7283	0.23060521
7284	0.23312515
7285	0.23556530
7286	0.23801091
7287	0.24051315
7288	0.24315131
7289	0.24597086
7290	0.24859145
7291	0.25177738
7292	0.25511223
7293	0.25841621
7294	0.26155087
7295	0.26439950
7296	0.26692960
7297	0.26919371
7298	0.27257356
7299	0.27504528
7300	0.27747375
7301	0.28974038
7302	0.29491892
7303	0.29855862
7304	0.30200779
7305	0.30351731
7306	0.30279610
7307	0.30164462
7308	0.30116439
7309	0.30088347
7310	0.30101448
7311	0.30093649
7312	0.30062401
7313	0.30038366
7314	0.30033198
7315	0.30047339
7316	0.30063531
7317	0.30055699
7318	0.30033338
7319	0.30046245
7320	0.30047473
7321	0.30020303
7322	0.30016550
7323	0.30007234
7324	0.30080375
7325	0.30065760
7326	0.30080572
7327	0.30105776
7328	0.30077174
7329	0.30071563
7330	0.30116013
7331	0.30091915
7332	0.30056298
7333	0.29933685
7334	0.29839501
7335	0.29687214
7336	0.29697412
7337	0.29598430
7338	0.29489398
7339	0.29384288
7340	0.29264587
7341	0.29151329
7342	0.29021981
7343	0.28874967
7344	0.28730753
7345	0.28592998
7346	0.28471047
7347	0.28457832
7348	0.28592831
7349	0.28705201
7350	0.28913093
7351	0.29158336
7352	0.29417869
7353	0.29653862
7354	0.29859743
7355	0.30024898
7356	0.30142128
7357	0.30213347
7358	0.30218378
7359	0.30174738
7360	0.30058110
7361	0.29878932
7362	0.29627118
7363	0.29304904
7364	0.28918040
7365	0.28479785
7366	0.27991661
7367	0.27472961
7368	0.26929161
7369	0.26399279
7370	0.25868827
7371	0.25370568
7372	0.24923345
7373	0.24524991
7374	0.24175988
7375	0.23872387
7376	0.23604365
7377	0.23367122
7378	0.23168024
7379	0.22981696
7380	0.22816627
7381	0.22673698
7382	0.22551554
7383	0.22461300
7384	0.22399361
7385	0.22368588
7386	0.22374010
7387	0.22337374
7388	0.22469003
7389	0.22499682
7390	0.22611010
7391	0.22770193
7392	0.22878611
7393	0.23014836
7394	0.22975551
7395	0.23135924
7396	0.23282662
7397	0.23409988
7398	0.23512125
7399	0.23668821
7400	0.23743081
7401	0.23809367
7402	0.23836823
7403	0.23815815
7404	0.23753935
7405	0.23644194
7406	0.23478724
7407	0.23229901
7408	0.23005830
7409	0.22725104
7410	0.22424243
7411	0.22126444
7412	0.21839705
7413	0.21590677
7414	0.21339677
7415	0.21091680
7416	0.20843615
7417	0.20565349
7418	0.20250641
7419	0.19969830
7420	0.19682997
7421	0.19431350
7422	0.19229759
7423	0.19091627
7424	0.19014330
7425	0.18993516
7426	0.19016710
7427	0.19081289
7428	0.19140624
7429	0.19178915
7430	0.19235687
7431	0.19928330
7432	0.20754392
7433	0.20567356
7434	0.20857379
7435	0.20864305
7436	0.20813859
7437	0.20705131
7438	0.20603766
7439	0.20532994
7440	0.20484413
7441	0.20463514
7442	0.20427495
7443	0.20382081
7444	0.20351695
7445	0.20327076
7446	0.20311235
7447	0.20314784
7448	0.20323308
7449	0.20312864
7450	0.20308571
7451	0.20265216
7452	0.20266752
7453	0.20257799
7454	0.20244019
7455	0.20182799
7456	0.20224735
7457	0.20224740
7458	0.20215431
7459	0.20239970
7460	0.20225112
7461	0.20209490
7462	0.20150404
7463	0.20127477
7464	0.20094764
7465	0.20044641
7466	0.20010221
7467	0.19947313
7468	0.19867107
7469	0.19781920
7470	0.19690435
7471	0.19597967
7472	0.19507991
7473	0.19401193
7474	0.19282702
7475	0.19154252
7476	0.19055238
7477	0.18954384
7478	0.18877906
7479	0.18951865
7480	0.18980981
7481	0.19051367
7482	0.19132507
7483	0.19229062
7484	0.19329496
7485	0.19435067
7486	0.19529377
7487	0.19615792
7488	0.19697694
7489	0.19752948
7490	0.19777159
7491	0.19752836
7492	0.19676235
7493	0.19548243
7494	0.19363679
7495	0.19115539
7496	0.18828219
7497	0.18500780
7498	0.18145588
7499	0.17789878
7500	0.17428334
7501	0.17089568
7502	0.16778643
7503	0.16505572
7504	0.16261894
7505	0.16044891
7506	0.15851133
7507	0.15672669
7508	0.15507740
7509	0.15352555
7510	0.15212339
7511	0.15099901
7512	0.15018797
7513	0.14966509
7514	0.14950782
7515	0.14908595
7516	0.14944826
7517	0.15080154
7518	0.15107992
7519	0.15214239
7520	0.15334813
7521	0.15465322
7522	0.15598097
7523	0.15732850
7524	0.15868653
7525	0.16003029
7526	0.16147797
7527	0.16288865
7528	0.16409136
7529	0.16545798
7530	0.16683927
7531	0.16805470
7532	0.16878958
7533	0.16946700
7534	0.17004585
7535	0.17030096
7536	0.17058419
7537	0.17083181
7538	0.17102036
7539	0.17153004
7540	0.17229399
7541	0.17358588
7542	0.17546810
7543	0.17799841
7544	0.18092461
7545	0.18391272
7546	0.18698776
7547	0.18980604
7548	0.19250052
7549	0.19514184
7550	0.19762415
7551	0.20031230
7552	0.20324646
7553	0.20621771
7554	0.20905012
7555	0.21145603
7556	0.21319133
7557	0.21419217
7558	0.21457595
7559	0.21601418
7560	0.21626471
7561	0.21651305
7562	0.22678457
7563	0.23167236
7564	0.23394725
7565	0.23682214
7566	0.23755111
7567	0.23684517
7568	0.23523590
7569	0.23479751
7570	0.23465861
7571	0.23429741
7572	0.23409519
7573	0.23354337
7574	0.23299041
7575	0.23266202
7576	0.23255536
7577	0.23255795
7578	0.23250262
7579	0.23240052
7580	0.23272716
7581	0.23267098
7582	0.23228747
7583	0.23207034
7584	0.23206455
7585	0.23190486
7586	0.23160399
7587	0.23162329
7588	0.23191687
7589	0.23186466
7590	0.23145154
7591	0.23173469
7592	0.23164856
7593	0.23137447
7594	0.23070839
7595	0.23030350
7596	0.22958167
7597	0.22901435
7598	0.22862276
7599	0.22771065
7600	0.22680870
7601	0.22575419
7602	0.22469211
7603	0.22352578
7604	0.22217369
7605	0.22074647
7606	0.21949118
7607	0.21837775
7608	0.21723649
7609	0.21716912
7610	0.21716885
7611	0.21767475
7612	0.21845160
7613	0.21944216
7614	0.22057936
7615	0.22178575
7616	0.22299100
7617	0.22408959
7618	0.22510514
7619	0.22577736
7620	0.22634846
7621	0.22652413
7622	0.22632965
7623	0.22566421
7624	0.22446392
7625	0.22287238
7626	0.22080950
7627	0.21841739
7628	0.21567141
7629	0.21271627
7630	0.20970544
7631	0.20671935
7632	0.20393240
7633	0.20146075
7634	0.19940256
7635	0.19786707
7636	0.19666207
7637	0.19572470
7638	0.19503158
7639	0.19440940
7640	0.19398162
7641	0.19360286
7642	0.19330144
7643	0.19313931
7644	0.19322878
7645	0.19351995
7646	0.19405131
7647	0.19495945
7648	0.19615310
7649	0.19642740
7650	0.19898888
7651	0.19974923
7652	0.20163892
7653	0.20345448
7654	0.20498799
7655	0.20701386
7656	0.20888148
7657	0.21045037
7658	0.21158005
7659	0.21407947
7660	0.21585616
7661	0.21740855
7662	0.21906810
7663	0.22073211
7664	0.22144753
7665	0.22227803
7666	0.22290564
7667	0.22322276
7668	0.22327866
7669	0.22267124
7670	0.22258244
7671	0.22215088
7672	0.22178888
7673	0.22168770
7674	0.22191730
7675	0.22259480
7676	0.22354130
7677	0.22449842
7678	0.22538412
7679	0.22582418
7680	0.22606516
7681	0.22620919
7682	0.22635618
7683	0.22679831
7684	0.22755836
7685	0.22806744
7686	0.22897953
7687	0.22986908
7688	0.23048912
7689	0.23079528
7690	0.23156402
7691	0.23093811
7692	0.23000833
7693	0.23039393
7694	0.24231660
7695	0.24570563
7696	0.24770512
7697	0.25066260
7698	0.25092310
7699	0.25006071
7700	0.24879673
7701	0.24839629
7702	0.24805886
7703	0.24770026
7704	0.24762547
7705	0.24724290
7706	0.24686602
7707	0.24671048
7708	0.24666172
7709	0.24662375
7710	0.24661884
7711	0.24676999
7712	0.24668816
7713	0.24632345
7714	0.24639398
7715	0.24630526
7716	0.24590389
7717	0.24578156
7718	0.24587786
7719	0.24577621
7720	0.24610977
7721	0.24601948
7722	0.24507189
7723	0.24583969
7724	0.24548428
7725	0.24478909
7726	0.24436311
7727	0.24347578
7728	0.24271744
7729	0.24293226
7730	0.24214225
7731	0.24127717
7732	0.24017896
7733	0.23923536
7734	0.23819193
7735	0.23717222
7736	0.23578499
7737	0.23438971
7738	0.23318443
7739	0.23194900
7740	0.23050712
7741	0.23013017
7742	0.22971879
7743	0.22958985
7744	0.22987276
7745	0.23044184
7746	0.23104830
7747	0.23159844
7748	0.23200779
7749	0.23224092
7750	0.23215733
7751	0.23182572
7752	0.23110785
7753	0.23015735
7754	0.22896428
7755	0.22752222
7756	0.22583966
7757	0.22394505
7758	0.22177576
7759	0.21944356
7760	0.21693161
7761	0.21433567
7762	0.21177931
7763	0.20942035
7764	0.20727919
7765	0.20541665
7766	0.20403753
7767	0.20298627
7768	0.20222293
7769	0.20172557
7770	0.20134862
7771	0.20098631
7772	0.20068318
7773	0.20037191
7774	0.20010774
7775	0.19997434
7776	0.19998102
7777	0.20018154
7778	0.20061108
7779	0.20136775
7780	0.20155270
7781	0.20303389
7782	0.20379956
7783	0.20509557
7784	0.20627916
7785	0.20745891
7786	0.20881006
7787	0.21019545
7788	0.21142295
7789	0.21230057
7790	0.21445452
7791	0.21568836
7792	0.21670265
7793	0.21779984
7794	0.21866083
7795	0.21908300
7796	0.21934107
7797	0.21931401
7798	0.21891302
7799	0.21832022
7800	0.21732916
7801	0.21662216
7802	0.21592563
7803	0.21552309
7804	0.21550360
7805	0.21605577
7806	0.21706608
7807	0.21846899
7808	0.22002926
7809	0.22157888
7810	0.22282459
7811	0.22390023
7812	0.22492424
7813	0.22603481
7814	0.22706796
7815	0.22851026
7816	0.23010106
7817	0.23171227
7818	0.23310657
7819	0.23409480
7820	0.23447795
7821	0.23424731
7822	0.23321749
7823	0.23218505
7824	0.23092951
7825	0.23543359
7826	0.24501266
7827	0.24712521
7828	0.25185877
7829	0.25364727
7830	0.25336143
7831	0.25207725
7832	0.25101858
7833	0.25032499
7834	0.25017199
7835	0.25011599
7836	0.25012431
7837	0.24972919
7838	0.24946590
7839	0.24932997
7840	0.24931641
7841	0.24936394
7842	0.24945605
7843	0.24969691
7844	0.24972299
7845	0.24978295
7846	0.24956743
7847	0.24906076
7848	0.24908338
7849	0.24919064
7850	0.24927492
7851	0.24929398
7852	0.24976711
7853	0.24972379
7854	0.25075370
7855	0.24960506
7856	0.24900870
7857	0.24863721
7858	0.24826194
7859	0.24743973
7860	0.24759267
7861	0.24715127
7862	0.24640079
7863	0.24553463
7864	0.24461778
7865	0.24369057
7866	0.24272071
7867	0.24173340
7868	0.24057752
7869	0.23934999
7870	0.23811024
7871	0.23701182
7872	0.23593456
7873	0.23576784
7874	0.23674737
7875	0.23732165
7876	0.23860294
7877	0.24004696
7878	0.24162143
7879	0.24299876
7880	0.24450774
7881	0.24575484
7882	0.24680397
7883	0.24748634
7884	0.24779648
7885	0.24764360
7886	0.24687444
7887	0.24554828
7888	0.24353734
7889	0.24099237
7890	0.23787539
7891	0.23431769
7892	0.23050654
7893	0.22638690
7894	0.22218408
7895	0.21810150
7896	0.21413468
7897	0.21057078
7898	0.20735303
7899	0.20448977
7900	0.20193514
7901	0.19963934
7902	0.19755970
7903	0.19559009
7904	0.19382033
7905	0.19216202
7906	0.19060327
7907	0.18927959
7908	0.18809962
7909	0.18717173
7910	0.18607163
7911	0.18557756
7912	0.18542074
7913	0.18504123
7914	0.18491732
7915	0.18480472
7916	0.18472908
7917	0.18518333
7918	0.18464595
7919	0.18479428
7920	0.18458246
7921	0.18429784
7922	0.18379708
7923	0.18248907
7924	0.18278086
7925	0.18248811
7926	0.18180405
7927	0.18089509
7928	0.17993110
7929	0.17889306
7930	0.17722358
7931	0.17630810
7932	0.17516664
7933	0.17422141
7934	0.17361630
7935	0.17354219
7936	0.17403062
7937	0.17516872
7938	0.17683010
7939	0.17872618
7940	0.18075581
7941	0.18287797
7942	0.18436217
7943	0.18644160
7944	0.18821506
7945	0.18999253
7946	0.19174512
7947	0.19335185
7948	0.19496416
7949	0.19631396
7950	0.19717559
7951	0.19720776
7952	0.19633386
7953	0.19468416
7954	0.19265521
7955	0.19162221
7956	0.18912783
7957	0.18763779
7958	0.19493999
7959	0.20219269
7960	0.20489717
7961	0.20930526
7962	0.21024626
7963	0.20933786
7964	0.20723484
7965	0.20653771
7966	0.20626083
7967	0.20581751
7968	0.20577314
7969	0.20544685
7970	0.20498961
7971	0.20473479
7972	0.20456503
7973	0.20536418
7974	0.20536336
7975	0.20540580
7976	0.20473096
7977	0.20477633
7978	0.20459640
7979	0.20463251
7980	0.20462552
7981	0.20424868
7982	0.20429441
7983	0.20417550
7984	0.20436646
7985	0.20449212
7986	0.20443898
7987	0.20409864
7988	0.20398849
7989	0.20375696
7990	0.20351361
7991	0.20314501
7992	0.20283642
7993	0.20209089
7994	0.20136224
7995	0.20099255
7996	0.20013686
7997	0.19928451
7998	0.19830488
7999	0.19737296
8000	0.19631243
8001	0.19509326
8002	0.19384813
8003	0.19253638
8004	0.19161005
8005	0.19077638
8006	0.19183674
8007	0.19342929
8008	0.19513160
8009	0.19761103
8010	0.20018010
8011	0.20263892
8012	0.20492007
8013	0.20696691
8014	0.20852518
8015	0.20954393
8016	0.20991671
8017	0.20950980
8018	0.20828319
8019	0.20632179
8020	0.20357785
8021	0.19998319
8022	0.19579123
8023	0.19100036
8024	0.18569775
8025	0.18011698
8026	0.17434476
8027	0.16859148
8028	0.16307375
8029	0.15789978
8030	0.15319800
8031	0.14905033
8032	0.14547613
8033	0.14229624
8034	0.13954368
8035	0.13711111
8036	0.13495356
8037	0.13310161
8038	0.13144238
8039	0.13000925
8040	0.12888272
8041	0.12805828
8042	0.12749387
8043	0.12686901
8044	0.12692039
8045	0.12743519
8046	0.12779042
8047	0.12858145
8048	0.12945214
8049	0.13044633
8050	0.13151443
8051	0.13303114
8052	0.13428670
8053	0.13558833
8054	0.13681996
8055	0.13795765
8056	0.13901432
8057	0.14013341
8058	0.14131619
8059	0.14254187
8060	0.14376153
8061	0.14530563
8062	0.14605908
8063	0.14681135
8064	0.14775957
8065	0.14875856
8066	0.14998367
8067	0.15113096
8068	0.15275276
8069	0.15489359
8070	0.15757249
8071	0.16063488
8072	0.16407855
8073	0.16748339
8074	0.17134011
8075	0.17460874
8076	0.17769678
8077	0.18058285
8078	0.18342771
8079	0.18633336
8080	0.18931618
8081	0.19199908
8082	0.19433153
8083	0.19620883
8084	0.19727071
8085	0.19752502
8086	0.19632083
8087	0.19491176
8088	0.19318059
8089	0.20274097
8090	0.20769916
8091	0.21217807
8092	0.21826772
8093	0.21941814
8094	0.21879922
8095	0.21717021
8096	0.21638924
8097	0.21649012
8098	0.21655522
8099	0.21645404
8100	0.21609800
8101	0.21567243
8102	0.21547246
8103	0.21554361
8104	0.21607320
8105	0.21700430
8106	0.21715051
8107	0.21618970
8108	0.21619432
8109	0.21622935
8110	0.21620420
8111	0.21584062
8112	0.21516880
8113	0.21486562
8114	0.21502830
8115	0.21530159
8116	0.21523279
8117	0.21555987
8118	0.21519625
8119	0.21596248
8120	0.21501417
8121	0.21475744
8122	0.21444577
8123	0.21402027
8124	0.21348210
8125	0.21335252
8126	0.21257780
8127	0.21135533
8128	0.21039292
8129	0.20989098
8130	0.20897333
8131	0.20785230
8132	0.20651357
8133	0.20502368
8134	0.20362549
8135	0.20249853
8136	0.20122933
8137	0.20091665
8138	0.20110771
8139	0.20152384
8140	0.20273277
8141	0.20429668
8142	0.20590378
8143	0.20749556
8144	0.20896021
8145	0.21023153
8146	0.21121374
8147	0.21187922
8148	0.21215184
8149	0.21196194
8150	0.21129301
8151	0.21018548
8152	0.20851614
8153	0.20639735
8154	0.20384352
8155	0.20086396
8156	0.19756547
8157	0.19404079
8158	0.19042486
8159	0.18687229
8160	0.18346986
8161	0.18035981
8162	0.17773125
8163	0.17553560
8164	0.17368317
8165	0.17206000
8166	0.17062534
8167	0.16932805
8168	0.16831085
8169	0.16734730
8170	0.16656548
8171	0.16610450
8172	0.16593605
8173	0.16616449
8174	0.16687433
8175	0.16731744
8176	0.16861534
8177	0.17063437
8178	0.17210242
8179	0.17411309
8180	0.17589943
8181	0.17834255
8182	0.18059303
8183	0.18297623
8184	0.18543980
8185	0.18807516
8186	0.19044207
8187	0.19277215
8188	0.19508900
8189	0.19710271
8190	0.19899690
8191	0.20056961
8192	0.20175490
8193	0.20217055
8194	0.20249330
8195	0.20258144
8196	0.20232913
8197	0.20167606
8198	0.20154580
8199	0.20132835
8200	0.20137370
8201	0.20188104
8202	0.20273378
8203	0.20366926
8204	0.20502278
8205	0.20568942
8206	0.20592861
8207	0.20581608
8208	0.20551684
8209	0.20514284
8210	0.20486675
8211	0.20490503
8212	0.20502669
8213	0.20522958
8214	0.20530805
8215	0.20510550
8216	0.20455995
8217	0.20362844
8218	0.20270684
8219	0.20119363
8220	0.20078927
8221	0.21017896
8222	0.21603872
8223	0.21868581
8224	0.22256146
8225	0.22332293
8226	0.22217037
8227	0.22027943
8228	0.21964528
8229	0.21930838
8230	0.21903507
8231	0.21878071
8232	0.21863902
8233	0.21820064
8234	0.21804525
8235	0.21801661
8236	0.21817750
8237	0.21883042
8238	0.21905889
8239	0.21900849
8240	0.21836211
8241	0.21816596
8242	0.21813942
8243	0.21812341
8244	0.21774839
8245	0.21720013
8246	0.21761894
8247	0.21795365
8248	0.21795604
8249	0.21805522
8250	0.21755855
8251	0.21793370
8252	0.21718799
8253	0.21687394
8254	0.21637401
8255	0.21563038
8256	0.21548781
8257	0.21468824
8258	0.21383105
8259	0.21292816
8260	0.21184547
8261	0.21077453
8262	0.20989443
8263	0.20875056
8264	0.20752053
8265	0.20632638
8266	0.20506559
8267	0.20404620
8268	0.20368242
8269	0.20548809
8270	0.20671026
8271	0.20869707
8272	0.21107931
8273	0.21353580
8274	0.21557093
8275	0.21743329
8276	0.21887295
8277	0.21976416
8278	0.22010781
8279	0.21982284
8280	0.21874869
8281	0.21708761
8282	0.21466236
8283	0.21165542
8284	0.20798063
8285	0.20373106
8286	0.19901885
8287	0.19398625
8288	0.18878393
8289	0.18351386
8290	0.17846492
8291	0.17372467
8292	0.16944955
8293	0.16573824
8294	0.16264646
8295	0.16003135
8296	0.15782946
8297	0.15597712
8298	0.15451859
8299	0.15341155
8300	0.15250140
8301	0.15193194
8302	0.15163080
8303	0.15172982
8304	0.15218271
8305	0.15302581
8306	0.15371700
8307	0.15518875
8308	0.15685160
8309	0.15872402
8310	0.16072661
8311	0.16277328
8312	0.16469239
8313	0.16737407
8314	0.16871709
8315	0.17070633
8316	0.17240831
8317	0.17406058
8318	0.17548604
8319	0.17608079
8320	0.17820066
8321	0.17965345
8322	0.18073189
8323	0.18115187
8324	0.18157366
8325	0.18136936
8326	0.18097493
8327	0.18010530
8328	0.17965643
8329	0.17907450
8330	0.17874101
8331	0.17884034
8332	0.17955993
8333	0.18085137
8334	0.18268090
8335	0.18477611
8336	0.18690164
8337	0.18880190
8338	0.19055103
8339	0.19217265
8340	0.19386753
8341	0.19540091
8342	0.19729781
8343	0.19926925
8344	0.20110214
8345	0.20264737
8346	0.20374776
8347	0.20431170
8348	0.20432852
8349	0.20383720
8350	0.20269503
8351	0.20264032
8352	0.21260734
8353	0.21757300
8354	0.22024028
8355	0.22348814
8356	0.22393821
8357	0.22305459
8358	0.22198153
8359	0.22133896
8360	0.22136329
8361	0.22111030
8362	0.22118679
8363	0.22088856
8364	0.22057271
8365	0.22040765
8366	0.22032511
8367	0.22035238
8368	0.22038542
8369	0.22078553
8370	0.22160493
8371	0.22151779
8372	0.22016883
8373	0.22024824
8374	0.22021456
8375	0.22007474
8376	0.21955149
8377	0.21952498
8378	0.21929063
8379	0.21934937
8380	0.21978536
8381	0.21963596
8382	0.21943143
8383	0.21874082
8384	0.21844493
8385	0.21805730
8386	0.21810868
8387	0.21747139
8388	0.21679847
8389	0.21601720
8390	0.21516611
8391	0.21436106
8392	0.21336664
8393	0.21218105
8394	0.21076743
8395	0.20916139
8396	0.20760770
8397	0.20605518
8398	0.20434199
8399	0.20337018
8400	0.20267694
8401	0.20230846
8402	0.20217074
8403	0.20213884
8404	0.20215346
8405	0.20220575
8406	0.20227100
8407	0.20211090
8408	0.20205659
8409	0.20182928
8410	0.20143172
8411	0.20079154
8412	0.19992295
8413	0.19878368
8414	0.19739059
8415	0.19576579
8416	0.19378729
8417	0.19164480
8418	0.18927373
8419	0.18677375
8420	0.18428703
8421	0.18177582
8422	0.17943528
8423	0.17733389
8424	0.17549706
8425	0.17405136
8426	0.17285354
8427	0.17182119
8428	0.17087319
8429	0.16994430
8430	0.16907077
8431	0.16821378
8432	0.16737252
8433	0.16651565
8434	0.16576670
8435	0.16513479
8436	0.16464080
8437	0.16428746
8438	0.16431765
8439	0.16327815
8440	0.16438445
8441	0.16394061
8442	0.16455606
8443	0.16475134
8444	0.16572389
8445	0.16645399
8446	0.16656505
8447	0.16828178
8448	0.16933599
8449	0.17025407
8450	0.17117631
8451	0.17204013
8452	0.17261265
8453	0.17384505
8454	0.17504182
8455	0.17592177
8456	0.17652722
8457	0.17694172
8458	0.17754765
8459	0.17749235
8460	0.17780761
8461	0.17785905
8462	0.17783634
8463	0.17803414
8464	0.17854616
8465	0.17957033
8466	0.18099087
8467	0.18268812
8468	0.18420975
8469	0.18599792
8470	0.18720357
8471	0.18821183
8472	0.18903749
8473	0.18971726
8474	0.19054595
8475	0.19147010
8476	0.19224650
8477	0.19265379
8478	0.19258477
8479	0.19188580
8480	0.19060962
8481	0.18801664
8482	0.18687835
8483	0.19812205
8484	0.20221688
8485	0.20694467
8486	0.21132696
8487	0.21211432
8488	0.21098177
8489	0.20884936
8490	0.20790741
8491	0.20773645
8492	0.20772840
8493	0.20755534
8494	0.20700504
8495	0.20676358
8496	0.20651440
8497	0.20654401
8498	0.20670915
8499	0.20684734
8500	0.20757604
8501	0.20754389
8502	0.20751567
8503	0.20696403
8504	0.20670322
8505	0.20671290
8506	0.20661436
8507	0.20598823
8508	0.20636396
8509	0.20613278
8510	0.20634681
8511	0.20644835
8512	0.20636642
8513	0.20594820
8514	0.20581666
8515	0.20555465
8516	0.20518669
8517	0.20463309
8518	0.20382306
8519	0.20306487
8520	0.20269512
8521	0.20168868
8522	0.20061477
8523	0.19958124
8524	0.19851859
8525	0.19727497
8526	0.19583981
8527	0.19453730
8528	0.19319555
8529	0.19197944
8530	0.19074032
8531	0.19117633
8532	0.19102165
8533	0.19161962
8534	0.19287509
8535	0.19450854
8536	0.19618873
8537	0.19794641
8538	0.19964340
8539	0.20106022
8540	0.20215847
8541	0.20287064
8542	0.20305333
8543	0.20281909
8544	0.20212787
8545	0.20098025
8546	0.19936723
8547	0.19735307
8548	0.19493774
8549	0.19217099
8550	0.18916996
8551	0.18606301
8552	0.18292572
8553	0.17988898
8554	0.17705563
8555	0.17455032
8556	0.17237167
8557	0.17052364
8558	0.16895781
8559	0.16760902
8560	0.16650788
8561	0.16559902
8562	0.16487846
8563	0.16429970
8564	0.16382238
8565	0.16359082
8566	0.16348158
8567	0.16365141
8568	0.16420946
8569	0.16514529
8570	0.16559361
8571	0.16732773
8572	0.16844955
8573	0.17014162
8574	0.17189626
8575	0.17357805
8576	0.17533797
8577	0.17707179
8578	0.17891981
8579	0.18075480
8580	0.18254457
8581	0.18412150
8582	0.18604203
8583	0.18737255
8584	0.18942070
8585	0.19094372
8586	0.19252545
8587	0.19337766
8588	0.19439921
8589	0.19532916
8590	0.19609383
8591	0.19638351
8592	0.19744316
8593	0.19838025
8594	0.19973381
8595	0.20164962
8596	0.20403309
8597	0.20688833
8598	0.20985742
8599	0.21285215
8600	0.21616186
8601	0.21905950
8602	0.22190394
8603	0.22462855
8604	0.22768764
8605	0.23096722
8606	0.23425758
8607	0.23721540
8608	0.23972738
8609	0.24164006
8610	0.24285434
8611	0.24344222
8612	0.24432898
8613	0.24370152
8614	0.24318717
8615	0.25365368
8616	0.25858691
8617	0.26361173
8618	0.26775876
8619	0.26886988
8620	0.26802453
8621	0.26661894
8622	0.26604140
8623	0.26620817
8624	0.26604989
8625	0.26581833
8626	0.26534459
8627	0.26486501
8628	0.26464266
8629	0.26467210
8630	0.26494232
8631	0.26515687
8632	0.26525667
8633	0.26535040
8634	0.26546577
8635	0.26540491
8636	0.26536548
8637	0.26460543
8638	0.26488104
8639	0.26467872
8640	0.26475421
8641	0.26458731
8642	0.26513243
8643	0.26590917
8644	0.26493749
8645	0.26578513
8646	0.26524049
8647	0.26382354
8648	0.26376787
8649	0.26331013
8650	0.26275277
8651	0.26256633
8652	0.26176089
8653	0.26078928
8654	0.25978333
8655	0.25881505
8656	0.25783244
8657	0.25672865
8658	0.25541040
8659	0.25399339
8660	0.25272557
8661	0.25168201
8662	0.25076824
8663	0.25142664
8664	0.25265396
8665	0.25377679
8666	0.25572470
8667	0.25781447
8668	0.25974742
8669	0.26123741
8670	0.26250970
8671	0.26322198
8672	0.26342764
8673	0.26293364
8674	0.26192355
8675	0.26022059
8676	0.25786313
8677	0.25484884
8678	0.25121760
8679	0.24697593
8680	0.24228303
8681	0.23718236
8682	0.23171647
8683	0.22603606
8684	0.22038455
8685	0.21480885
8686	0.20961237
8687	0.20489101
8688	0.20071676
8689	0.19715375
8690	0.19401482
8691	0.19130063
8692	0.18900141
8693	0.18705881
8694	0.18545163
8695	0.18407632
8696	0.18299469
8697	0.18232638
8698	0.18202633
8699	0.18218961
8700	0.18293005
8701	0.18362597
8702	0.18508619
8703	0.18710376
8704	0.18866880
8705	0.19073458
8706	0.19262786
8707	0.19460134
8708	0.19660750
8709	0.19851875
8710	0.20037208
8711	0.20220459
8712	0.20307817
8713	0.20549513
8714	0.20682035
8715	0.20813879
8716	0.20924537
8717	0.21054435
8718	0.21072038
8719	0.21107486
8720	0.21115203
8721	0.21102349
8722	0.21043527
8723	0.20942642
8724	0.20878175
8725	0.20802525
8726	0.20755658
8727	0.20754394
8728	0.20801778
8729	0.20888689
8730	0.20998481
8731	0.21096429
8732	0.21189284
8733	0.21243833
8734	0.21256581
8735	0.21341747
8736	0.21412228
8737	0.21482158
8738	0.21608727
8739	0.21752550
8740	0.21897855
8741	0.22015128
8742	0.22075823
8743	0.22055037
8744	0.21963914
8745	0.21884699
8746	0.21672569
8747	0.21516939
8748	0.22174661
8749	0.23033945
8750	0.23016733
8751	0.23387721
8752	0.23481275
8753	0.23387296
8754	0.23221789
8755	0.23177494
8756	0.23137803
8757	0.23093638
8758	0.23083600
8759	0.23045051
8760	0.22992744
8761	0.22963104
8762	0.22942071
8763	0.22930093
8764	0.22925101
8765	0.22940618
8766	0.22932734
8767	0.22994657
8768	0.22894463
8769	0.22899705
8770	0.22896542
8771	0.22888476
8772	0.22862184
8773	0.22861762
8774	0.22889273
8775	0.22844712
8776	0.22855602
8777	0.22843656
8778	0.22829822
8779	0.22787429
8780	0.22755571
8781	0.22687833
8782	0.22611226
8783	0.22591734
8784	0.22551362
8785	0.22465539
8786	0.22370403
8787	0.22278194
8788	0.22179344
8789	0.22062592
8790	0.21923538
8791	0.21770240
8792	0.21623978
8793	0.21499097
8794	0.21343046
8795	0.21286349
8796	0.21238658
8797	0.21196672
8798	0.21192037
8799	0.21217042
8800	0.21243700
8801	0.21285653
8802	0.21325776
8803	0.21352081
8804	0.21367960
8805	0.21368003
8806	0.21349531
8807	0.21301782
8808	0.21222118
8809	0.21098517
8810	0.20939152
8811	0.20733428
8812	0.20487978
8813	0.20195863
8814	0.19874030
8815	0.19526021
8816	0.19159998
8817	0.18788706
8818	0.18430549
8819	0.18093979
8820	0.17802398
8821	0.17549951
8822	0.17332698
8823	0.17152297
8824	0.16989760
8825	0.16844769
8826	0.16714194
8827	0.16603325
8828	0.16500269
8829	0.16421659
8830	0.16363455
8831	0.16336451
8832	0.16345263
8833	0.16390789
8834	0.16385011
8835	0.16488439
8836	0.16687663
8837	0.16763641
8838	0.16929439
8839	0.17100829
8840	0.17266007
8841	0.17453407
8842	0.17623496
8843	0.17804691
8844	0.17978030
8845	0.18140002
8846	0.18277267
8847	0.18398248
8848	0.18561184
8849	0.18665680
8850	0.18871188
8851	0.19014373
8852	0.19159743
8853	0.19250764
8854	0.19364460
8855	0.19448221
8856	0.19586401
8857	0.19722521
8858	0.19886802
8859	0.20100428
8860	0.20368932
8861	0.20679268
8862	0.21020418
8863	0.21366337
8864	0.21679203
8865	0.22032125
8866	0.22327857
8867	0.22609526
8868	0.22870828
8869	0.23134010
8870	0.23402257
8871	0.23664229
8872	0.23914333
8873	0.24124430
8874	0.24285077
8875	0.24360694
8876	0.24354866
8877	0.24279912
8878	0.24156827
8879	0.24120107
8880	0.23996356
8881	0.24863645
8882	0.25544983
8883	0.25950471
8884	0.26495668
8885	0.26666781
8886	0.26643562
8887	0.26478234
8888	0.26326537
8889	0.26309863
8890	0.26314700
8891	0.26310840
8892	0.26272696
8893	0.26219451
8894	0.26185027
8895	0.26176625
8896	0.26183146
8897	0.26199341
8898	0.26220211
8899	0.26213947
8900	0.26205912
8901	0.26149157
8902	0.26148051
8903	0.26139349
8904	0.26138654
8905	0.26133257
8906	0.26134703
8907	0.26141894
8908	0.26181743
8909	0.26224282
8910	0.26236689
8911	0.26145610
8912	0.26111156
8913	0.26057670
8914	0.26025602
8915	0.25974295
8916	0.25886074
8917	0.25847039
8918	0.25762925
8919	0.25713861
8920	0.25616887
8921	0.25507519
8922	0.25405669
8923	0.25287145
8924	0.25140816
8925	0.24965852
8926	0.24809362
8927	0.24658895
8928	0.24533163
8929	0.24555016
8930	0.24651690
8931	0.24761574
8932	0.24934590
8933	0.25117877
8934	0.25304800
8935	0.25482789
8936	0.25639424
8937	0.25784096
8938	0.25896612
8939	0.25962350
8940	0.25992560
8941	0.25968316
8942	0.25883502
8943	0.25734425
8944	0.25525129
8945	0.25259215
8946	0.24942806
8947	0.24578732
8948	0.24176696
8949	0.23755336
8950	0.23320816
8951	0.22886673
8952	0.22474311
8953	0.22078177
8954	0.21726424
8955	0.21348366
8956	0.21163261
8957	0.20944482
8958	0.20758088
8959	0.20599572
8960	0.20455185
8961	0.20334956
8962	0.20216340
8963	0.20106548
8964	0.20008013
8965	0.19922781
8966	0.19851145
8967	0.19801424
8968	0.19773878
8969	0.19719732
8970	0.19735248
8971	0.19799338
8972	0.19813412
8973	0.19879211
8974	0.19925030
8975	0.19998583
8976	0.19982369
8977	0.20054622
8978	0.20101051
8979	0.20273753
8980	0.20170465
8981	0.20208469
8982	0.20182882
8983	0.20244581
8984	0.20244616
8985	0.20203811
8986	0.20215376
8987	0.20141067
8988	0.20079194
8989	0.19968748
8990	0.19822906
8991	0.19737144
8992	0.19637157
8993	0.19565165
8994	0.19536135
8995	0.19560045
8996	0.19628865
8997	0.19746205
8998	0.19878848
8999	0.20016335
9000	0.20142677
9001	0.20268993
9002	0.20406434
9003	0.20554790
9004	0.20741417
9005	0.20954540
9006	0.21167739
9007	0.21346121
9008	0.21463697
9009	0.21500024
9010	0.21441461
9011	0.21288182
9012	0.21006541
9013	0.20781298
9014	0.20603535
9015	0.21619652
9016	0.22017121
9017	0.22472043
9018	0.22896828
9019	0.22953022
9020	0.22840108
9021	0.22693832
9022	0.22592011
9023	0.22556740
9024	0.22558410
9025	0.22546476
9026	0.22508308
9027	0.22469704
9028	0.22464880
9029	0.22501382
9030	0.22513252
9031	0.22454029
9032	0.22455500
9033	0.22453466
9034	0.22446209
9035	0.22405206
9036	0.22360334
9037	0.22278686
9038	0.22350192
9039	0.22351268
9040	0.22365135
9041	0.22354150
9042	0.22415529
9043	0.22415942
9044	0.22399026
9045	0.22343946
9046	0.22313057
9047	0.22268321
9048	0.22218823
9049	0.22177085
9050	0.22203679
9051	0.22090757
9052	0.22014736
9053	0.21923502
9054	0.21823555
9055	0.21716124
9056	0.21591859
9057	0.21428111
9058	0.21251209
9059	0.21091293
9060	0.20932972
9061	0.20801134
9062	0.20837452
9063	0.20888078
9064	0.21004607
9065	0.21166758
9066	0.21350300
9067	0.21528816
9068	0.21701843
9069	0.21853538
9070	0.21976705
9071	0.22066329
9072	0.22133613
9073	0.22135933
9074	0.22091287
9075	0.21988188
9076	0.21810570
9077	0.21568836
9078	0.21272607
9079	0.20917094
9080	0.20517470
9081	0.20087644
9082	0.19641435
9083	0.19195020
9084	0.18759280
9085	0.18340275
9086	0.17953371
9087	0.17611094
9088	0.17301288
9089	0.17037044
9090	0.16809374
9091	0.16613436
9092	0.16438754
9093	0.16282842
9094	0.16140500
9095	0.16006403
9096	0.15889314
9097	0.15779866
9098	0.15697780
9099	0.15640053
9100	0.15604790
9101	0.15603919
9102	0.15586756
9103	0.15650064
9104	0.15680598
9105	0.15756920
9106	0.15893775
9107	0.15965189
9108	0.16025889
9109	0.16130602
9110	0.16228814
9111	0.16301662
9112	0.16417044
9113	0.16513491
9114	0.16601391
9115	0.16683826
9116	0.16775370
9117	0.16870001
9118	0.16942835
9119	0.17084765
9120	0.17086422
9121	0.17187919
9122	0.17223790
9123	0.17302145
9124	0.17367956
9125	0.17434546
9126	0.17539933
9127	0.17692955
9128	0.17881264
9129	0.18108147
9130	0.18356518
9131	0.18599239
9132	0.18857256
9133	0.19093621
9134	0.19329815
9135	0.19552384
9136	0.19783759
9137	0.20021300
9138	0.20272113
9139	0.20515262
9140	0.20730613
9141	0.20887397
9142	0.20948587
9143	0.20907053
9144	0.20752963
9145	0.20481445
9146	0.20304750
9147	0.20489381
9148	0.21624361
9149	0.21843727
9150	0.22471854
9151	0.22747649
9152	0.22745936
9153	0.22615556
9154	0.22491449
9155	0.22445874
9156	0.22422852
9157	0.22386760
9158	0.22357151
9159	0.22321673
9160	0.22296834
9161	0.22312726
9162	0.22349240
9163	0.22346663
9164	0.22281307
9165	0.22288893
9166	0.22283137
9167	0.22264175
9168	0.22202618
9169	0.22122608
9170	0.22209516
9171	0.22215343
9172	0.22236560
9173	0.22237450
9174	0.22300473
9175	0.22298057
9176	0.22288379
9177	0.22279291
9178	0.22245440
9179	0.22207770
9180	0.22177519
9181	0.22102940
9182	0.22045986
9183	0.22072789
9184	0.22035004
9185	0.21946159
9186	0.21860972
9187	0.21769574
9188	0.21683462
9189	0.21586056
9190	0.21483703
9191	0.21399570
9192	0.21317005
9193	0.21191080
9194	0.21194993
9195	0.21228954
9196	0.21283093
9197	0.21402201
9198	0.21542440
9199	0.21705371
9200	0.21874039
9201	0.22044176
9202	0.22204468
9203	0.22343549
9204	0.22459477
9205	0.22539340
9206	0.22584495
9207	0.22575206
9208	0.22526090
9209	0.22440864
9210	0.22315329
9211	0.22157423
9212	0.21976997
9213	0.21778543
9214	0.21567972
9215	0.21355678
9216	0.21157871
9217	0.20976302
9218	0.20824330
9219	0.20711327
9220	0.20628008
9221	0.20621192
9222	0.20599295
9223	0.20633416
9224	0.20688610
9225	0.20755781
9226	0.20836651
9227	0.20935251
9228	0.21046779
9229	0.21169811
9230	0.21321514
9231	0.21495141
9232	0.21718439
9233	0.21830977
9234	0.22110532
9235	0.22378664
9236	0.22663000
9237	0.22977303
9238	0.23229171
9239	0.23519136
9240	0.23803765
9241	0.24059246
9242	0.24332227
9243	0.24606971
9244	0.24799369
9245	0.25008208
9246	0.25214455
9247	0.25404316
9248	0.25573856
9249	0.25851092
9250	0.25977796
9251	0.26047215
9252	0.26098475
9253	0.26108316
9254	0.26062697
9255	0.26013434
9256	0.25939396
9257	0.25865063
9258	0.25805917
9259	0.25778416
9260	0.25771263
9261	0.25770971
9262	0.25771481
9263	0.25723526
9264	0.25609791
9265	0.25525576
9266	0.25394884
9267	0.25267041
9268	0.25162205
9269	0.25093848
9270	0.25074470
9271	0.25163171
9272	0.25235140
9273	0.25253868
9274	0.25354201
9275	0.25550386
9276	0.25646946
9277	0.25818479
9278	0.26566234
9279	0.27643239
9280	0.27698460
9281	0.28042552
9282	0.28213355
9283	0.28175920
9284	0.28019184
9285	0.27944398
9286	0.27896801
9287	0.27864346
9288	0.27832234
9289	0.27823773
9290	0.27789897
9291	0.27756527
9292	0.27745497
9293	0.27756929
9294	0.27726164
9295	0.27725959
9296	0.27704662
9297	0.27702311
9298	0.27712297
9299	0.27701697
9300	0.27700564
9301	0.27741286
9302	0.27732688
9303	0.27739924
9304	0.27751824
9305	0.27799195
9306	0.27797493
9307	0.27725717
9308	0.27710262
9309	0.27681437
9310	0.27627301
9311	0.27584371
9312	0.27530286
9313	0.27457508
9314	0.27396730
9315	0.27306342
9316	0.27227202
9317	0.27093974
9318	0.26997781
9319	0.26881480
9320	0.26748040
9321	0.26590699
9322	0.26456243
9323	0.26309377
9324	0.26174897
9325	0.26200274
9326	0.26319951
9327	0.26457018
9328	0.26672050
9329	0.26928276
9330	0.27189806
9331	0.27450377
9332	0.27685362
9333	0.27888048
9334	0.28051710
9335	0.28162885
9336	0.28227898
9337	0.28215215
9338	0.28130868
9339	0.27981856
9340	0.27755871
9341	0.27477360
9342	0.27121857
9343	0.26719865
9344	0.26273558
9345	0.25795296
9346	0.25302887
9347	0.24802864
9348	0.24320720
9349	0.23868263
9350	0.23458818
9351	0.23100455
9352	0.22796634
9353	0.22536150
9354	0.22294332
9355	0.22104923
9356	0.21938343
9357	0.21789411
9358	0.21655467
9359	0.21532314
9360	0.21431880
9361	0.21349721
9362	0.21296918
9363	0.21272986
9364	0.21300770
9365	0.21268831
9366	0.21322718
9367	0.21425800
9368	0.21541452
9369	0.21674594
9370	0.21802665
9371	0.21952763
9372	0.22111723
9373	0.22222470
9374	0.22476934
9375	0.22638543
9376	0.22470722
9377	0.22781764
9378	0.22895075
9379	0.23081282
9380	0.23183037
9381	0.23266467
9382	0.23293409
9383	0.23269418
9384	0.23221453
9385	0.23137546
9386	0.22991990
9387	0.22866528
9388	0.22719581
9389	0.22587579
9390	0.22485191
9391	0.22426054
9392	0.22396490
9393	0.22392696
9394	0.22383660
9395	0.22370815
9396	0.22324687
9397	0.22262804
9398	0.22210868
9399	0.22170526
9400	0.22147797
9401	0.22170120
9402	0.22222815
9403	0.22282568
9404	0.22327717
9405	0.22341730
9406	0.22360370
9407	0.22172590
9408	0.22014223
9409	0.22271121
9410	0.23427694
9411	0.23429197
9412	0.23758128
9413	0.23937577
9414	0.23838603
9415	0.23701330
9416	0.23629558
9417	0.23586740
9418	0.23550312
9419	0.23522449
9420	0.23506252
9421	0.23458619
9422	0.23429368
9423	0.23422052
9424	0.23431627
9425	0.23426987
9426	0.23498808
9427	0.23409064
9428	0.23412025
9429	0.23385696
9430	0.23347278
9431	0.23343736
9432	0.23329395
9433	0.23336357
9434	0.23275411
9435	0.23307648
9436	0.23336907
9437	0.23367330
9438	0.23331061
9439	0.23312227
9440	0.23247302
9441	0.23208874
9442	0.23141861
9443	0.23043323
9444	0.23021415
9445	0.22975224
9446	0.22888540
9447	0.22788391
9448	0.22675212
9449	0.22604881
9450	0.22483772
9451	0.22340176
9452	0.22174053
9453	0.22028217
9454	0.21873981
9455	0.21737148
9456	0.21763092
9457	0.21860662
9458	0.21972623
9459	0.22165409
9460	0.22384010
9461	0.22594416
9462	0.22781770
9463	0.22945921
9464	0.23069312
9465	0.23152179
9466	0.23169973
9467	0.23129749
9468	0.23021892
9469	0.22836713
9470	0.22566041
9471	0.22225320
9472	0.21811464
9473	0.21335472
9474	0.20815538
9475	0.20259374
9476	0.19692163
9477	0.19118159
9478	0.18562104
9479	0.18034059
9480	0.17552660
9481	0.17123596
9482	0.16747421
9483	0.16424723
9484	0.16145635
9485	0.15904151
9486	0.15690541
9487	0.15497287
9488	0.15335172
9489	0.15187238
9490	0.15063748
9491	0.14984080
9492	0.14938851
9493	0.14929402
9494	0.14943883
9495	0.15022278
9496	0.15124996
9497	0.15254200
9498	0.15404724
9499	0.15554585
9500	0.15723486
9501	0.15906477
9502	0.16061451
9503	0.16283722
9504	0.16465126
9505	0.16628957
9506	0.16785114
9507	0.16930836
9508	0.17061844
9509	0.17196886
9510	0.17336313
9511	0.17412694
9512	0.17451383
9513	0.17464469
9514	0.17457795
9515	0.17383720
9516	0.17378792
9517	0.17358017
9518	0.17364037
9519	0.17411049
9520	0.17516962
9521	0.17678353
9522	0.17870213
9523	0.18073542
9524	0.18283081
9525	0.18470448
9526	0.18652278
9527	0.18835196
9528	0.19063668
9529	0.19259717
9530	0.19484587
9531	0.19728495
9532	0.19966601
9533	0.20166628
9534	0.20310165
9535	0.20360953
9536	0.20319392
9537	0.20210414
9538	0.20083132
9539	0.20133682
9540	0.20057492
9541	0.20199884
9542	0.21436287
9543	0.21528210
9544	0.21710481
9545	0.21900623
9546	0.21878828
9547	0.21806954
9548	0.21720466
9549	0.21648462
9550	0.21617500
9551	0.21622910
9552	0.21588120
9553	0.21528482
9554	0.21484008
9555	0.21458046
9556	0.21433254
9557	0.21495710
9558	0.21477292
9559	0.21467116
9560	0.21395054
9561	0.21356162
9562	0.21352474
9563	0.21341020
9564	0.21335728
9565	0.21271186
9566	0.21286219
9567	0.21319476
9568	0.21337451
9569	0.21332149
9570	0.21292925
9571	0.21283656
9572	0.21261303
9573	0.21224436
9574	0.21165518
9575	0.21206400
9576	0.21136962
9577	0.21104383
9578	0.21025445
9579	0.20934284
9580	0.20846333
9581	0.20751630
9582	0.20640242
9583	0.20471248
9584	0.20340554
9585	0.20214377
9586	0.20105852
9587	0.20074587
9588	0.20172353
9589	0.20269060
9590	0.20446953
9591	0.20667237
9592	0.20911701
9593	0.21153677
9594	0.21380368
9595	0.21585259
9596	0.21759470
9597	0.21907099
9598	0.22007486
9599	0.22042225
9600	0.22030248
9601	0.21951562
9602	0.21808229
9603	0.21590339
9604	0.21320860
9605	0.21001199
9606	0.20643224
9607	0.20249064
9608	0.19846052
9609	0.19440529
9610	0.19055489
9611	0.18690807
9612	0.18366089
9613	0.18090442
9614	0.17868042
9615	0.17700705
9616	0.17568742
9617	0.17473650
9618	0.17407049
9619	0.17363100
9620	0.17337282
9621	0.17349051
9622	0.17372647
9623	0.17424113
9624	0.17510612
9625	0.17629392
9626	0.17668957
9627	0.17853387
9628	0.18180737
9629	0.18312281
9630	0.18592666
9631	0.18960495
9632	0.19101995
9633	0.19441935
9634	0.19764288
9635	0.20055212
9636	0.20410110
9637	0.20650165
9638	0.20931390
9639	0.21255904
9640	0.21560378
9641	0.21840823
9642	0.22151464
9643	0.22426276
9644	0.22621343
9645	0.22831191
9646	0.23034307
9647	0.23224598
9648	0.23382451
9649	0.23589198
9650	0.23797569
9651	0.24043818
9652	0.24323523
9653	0.24635111
9654	0.24959424
9655	0.25272441
9656	0.25610328
9657	0.25861189
9658	0.26069838
9659	0.26240161
9660	0.26389208
9661	0.26536763
9662	0.26693341
9663	0.26854992
9664	0.27010030
9665	0.27134070
9666	0.27207044
9667	0.27220550
9668	0.27169666
9669	0.27077264
9670	0.27065974
9671	0.27012452
9672	0.27013415
9673	0.27231893
9674	0.28404287
9675	0.28737608
9676	0.29117724
9677	0.29367340
9678	0.29434130
9679	0.29314640
9680	0.29279551
9681	0.29254836
9682	0.29218853
9683	0.29213607
9684	0.29201204
9685	0.29175669
9686	0.29141071
9687	0.29131213
9688	0.29100126
9689	0.29090515
9690	0.29077426
9691	0.29038247
9692	0.29034609
9693	0.29016456
9694	0.29012910
9695	0.29060704
9696	0.29050878
9697	0.29028627
9698	0.29066244
9699	0.29092047
9700	0.29086253
9701	0.29097173
9702	0.29012567
9703	0.28942695
9704	0.28902358
9705	0.28870404
9706	0.28829530
9707	0.28770521
9708	0.28737199
9709	0.28636098
9710	0.28545034
9711	0.28427944
9712	0.28310171
9713	0.28193232
9714	0.28084663
9715	0.27961659
9716	0.27828795
9717	0.27691856
9718	0.27600142
9719	0.27528429
9720	0.27606353
9721	0.27885154
9722	0.28164983
9723	0.28550488
9724	0.28986835
9725	0.29438978
9726	0.29882246
9727	0.30306524
9728	0.30692109
9729	0.31020010
9730	0.31277543
9731	0.31464729
9732	0.31573781
9733	0.31604633
9734	0.31550413
9735	0.31425124
9736	0.31225088
9737	0.30947915
9738	0.30599290
9739	0.30247694
9740	0.29826242
9741	0.29378513
9742	0.28921980
9743	0.28479189
9744	0.28063312
9745	0.27694848
9746	0.27356297
9747	0.27052605
9748	0.26788110
9749	0.26547870
9750	0.26328355
9751	0.26116544
9752	0.25921214
9753	0.25728032
9754	0.25550246
9755	0.25391409
9756	0.25256076
9757	0.25137818
9758	0.25054601
9759	0.24971791
9760	0.24932879
9761	0.24897851
9762	0.24881160
9763	0.24887978
9764	0.24874587
9765	0.24873127
9766	0.24890439
9767	0.24888644
9768	0.24940541
9769	0.24884069
9770	0.24865521
9771	0.24858397
9772	0.24837063
9773	0.24805534
9774	0.24859427
9775	0.24818921
9776	0.24753115
9777	0.24666113
9778	0.24559508
9779	0.24437077
9780	0.24244690
9781	0.24057207
9782	0.23858312
9783	0.23671341
9784	0.23529978
9785	0.23431864
9786	0.23395978
9787	0.23400818
9788	0.23430718
9789	0.23459026
9790	0.23494621
9791	0.23516782
9792	0.23502722
9793	0.23583145
9794	0.23634088
9795	0.23741621
9796	0.23878759
9797	0.24028905
9798	0.24153274
9799	0.24232113
9800	0.24235286
9801	0.24173342
9802	0.24142119
9803	0.24017140
9804	0.24172246
9805	0.25463644
9806	0.25558138
9807	0.25872543
9808	0.26133698
9809	0.26088515
9810	0.25914615
9811	0.25832227
9812	0.25794998
9813	0.25762346
9814	0.25732386
9815	0.25709227
9816	0.25661305
9817	0.25619718
9818	0.25605863
9819	0.25603491
9820	0.25617450
9821	0.25612321
9822	0.25611046
9823	0.25559637
9824	0.25596729
9825	0.25562850
9826	0.25570434
9827	0.25569695
9828	0.25576463
9829	0.25587329
9830	0.25646627
9831	0.25678605
9832	0.25614360
9833	0.25605932
9834	0.25574887
9835	0.25521109
9836	0.25489858
9837	0.25447857
9838	0.25376236
9839	0.25286177
9840	0.25267795
9841	0.25173149
9842	0.25080380
9843	0.24972238
9844	0.24871919
9845	0.24753535
9846	0.24605407
9847	0.24454378
9848	0.24300565
9849	0.24193674
9850	0.24166487
9851	0.24361707
9852	0.24555726
9853	0.24826831
9854	0.25147712
9855	0.25469756
9856	0.25756997
9857	0.26007304
9858	0.26213464
9859	0.26345500
9860	0.26396361
9861	0.26379630
9862	0.26277107
9863	0.26084867
9864	0.25797641
9865	0.25424716
9866	0.24980141
9867	0.24460214
9868	0.23875870
9869	0.23234233
9870	0.22557147
9871	0.21848826
9872	0.21131338
9873	0.20430098
9874	0.19763121
9875	0.19143440
9876	0.18587905
9877	0.18099451
9878	0.17673972
9879	0.17307696
9880	0.16987656
9881	0.16702813
9882	0.16449523
9883	0.16231008
9884	0.16043495
9885	0.15881471
9886	0.15767489
9887	0.15699592
9888	0.15683755
9889	0.15732332
9890	0.15755840
9891	0.15869603
9892	0.15996946
9893	0.16154626
9894	0.16320351
9895	0.16502517
9896	0.16691411
9897	0.16878021
9898	0.17056446
9899	0.17249726
9900	0.17391233
9901	0.17531875
9902	0.17657875
9903	0.17763253
9904	0.17890562
9905	0.18019822
9906	0.18117633
9907	0.18202935
9908	0.18206994
9909	0.18229581
9910	0.18226212
9911	0.18178183
9912	0.18167228
9913	0.18144946
9914	0.18145068
9915	0.18178509
9916	0.18258943
9917	0.18381864
9918	0.18540478
9919	0.18716292
9920	0.18889771
9921	0.19053243
9922	0.19180021
9923	0.19391175
9924	0.19587480
9925	0.19818066
9926	0.20046425
9927	0.20328312
9928	0.20623304
9929	0.20898600
9930	0.21126184
9931	0.21281138
9932	0.21374780
9933	0.21425107
9934	0.21607186
9935	0.21666802
9936	0.22025168
9937	0.23282933
9938	0.23426893
9939	0.23697174
9940	0.23876977
9941	0.23867580
9942	0.23762850
9943	0.23618612
9944	0.23605229
9945	0.23593740
9946	0.23563656
9947	0.23521900
9948	0.23481973
9949	0.23436065
9950	0.23413864
9951	0.23407155
9952	0.23410985
9953	0.23430079
9954	0.23425236
9955	0.23469451
9956	0.23403093
9957	0.23372380
9958	0.23372868
9959	0.23334698
9960	0.23330763
9961	0.23341423
9962	0.23336883
9963	0.23282470
9964	0.23335935
9965	0.23331080
9966	0.23378937
9967	0.23294808
9968	0.23273857
9969	0.23242927
9970	0.23175240
9971	0.23098056
9972	0.23069668
9973	0.23035482
9974	0.22952856
9975	0.22860585
9976	0.22758342
9977	0.22670798
9978	0.22567683
9979	0.22439933
9980	0.22308493
9981	0.22185165
9982	0.22064702
9983	0.21948075
9984	0.21932183
9985	0.21981385
9986	0.22043596
9987	0.22152737
9988	0.22277741
9989	0.22407299
9990	0.22534092
9991	0.22645801
9992	0.22731362
9993	0.22796571
9994	0.22833030
9995	0.22823538
9996	0.22780576
9997	0.22686711
9998	0.22543515
9999	0.22348984
10000	0.22110133
10001	0.21825047
10002	0.21496642
10003	0.21149716
10004	0.20780370
10005	0.20410728
10006	0.20043367
10007	0.19689348
10008	0.19363737
10009	0.19071516
10010	0.18821916
10011	0.18623008
10012	0.18454239
10013	0.18320423
10014	0.18215571
10015	0.18128110
10016	0.18061455
10017	0.18005119
10018	0.17975929
10019	0.17959498
10020	0.17967209
10021	0.18005629
10022	0.18076323
10023	0.18126242
10024	0.18255666
10025	0.18446685
10026	0.18575603
10027	0.18771894
10028	0.18950714
10029	0.19133216
10030	0.19331598
10031	0.19536446
10032	0.19745417
10033	0.19952665
10034	0.20152344
10035	0.20319940
10036	0.20531546
10037	0.20694534
10038	0.20833339
10039	0.21016052
10040	0.21133226
10041	0.21219563
10042	0.21290591
10043	0.21334133
10044	0.21316248
10045	0.21332118
10046	0.21322107
10047	0.21316431
10048	0.21338636
10049	0.21410309
10050	0.21536338
10051	0.21704969
10052	0.21894881
10053	0.22092558
10054	0.22258084
10055	0.22408403
10056	0.22545682
10057	0.22683102
10058	0.22848280
10059	0.23008004
10060	0.23220061
10061	0.23450813
10062	0.23672722
10063	0.23864269
10064	0.24000821
10065	0.24068721
10066	0.24072526
10067	0.24042338
10068	0.24083789
10069	0.24053329
10070	0.24272345
10071	0.25449449
10072	0.25788629
10073	0.26256260
10074	0.26500559
10075	0.26572153
10076	0.26481155
10077	0.26373318
10078	0.26288068
10079	0.26282209
10080	0.26293978
10081	0.26278949
10082	0.26247534
10083	0.26211855
10084	0.26197940
10085	0.26194736
10086	0.26215416
10087	0.26216167
10088	0.26216337
10089	0.26154983
10090	0.26164562
10091	0.26134822
10092	0.26137465
10093	0.26136497
10094	0.26137650
10095	0.26136065
10096	0.26204535
10097	0.26237872
10098	0.26260617
10099	0.26176739
10100	0.26139626
10101	0.26108250
10102	0.26091471
10103	0.26053867
10104	0.26010892
10105	0.25972253
10106	0.25886488
10107	0.25819856
10108	0.25727400
10109	0.25622737
10110	0.25515801
10111	0.25423479
10112	0.25313851
10113	0.25178996
10114	0.25041324
10115	0.24919188
10116	0.24799843
10117	0.24707989
10118	0.24741256
10119	0.24775414
10120	0.24849300
10121	0.24956302
10122	0.25060543
10123	0.25167370
10124	0.25263295
10125	0.25361517
10126	0.25441638
10127	0.25498983
10128	0.25534686
10129	0.25546381
10130	0.25506634
10131	0.25423136
10132	0.25289452
10133	0.25108251
10134	0.24879754
10135	0.24623649
10136	0.24322967
10137	0.24003616
10138	0.23682947
10139	0.23374268
10140	0.23071890
10141	0.22804794
10142	0.22581258
10143	0.22373001
10144	0.22236276
10145	0.22106934
10146	0.22001815
10147	0.21907791
10148	0.21825598
10149	0.21751167
10150	0.21694283
10151	0.21652992
10152	0.21636689
10153	0.21645708
10154	0.21689355
10155	0.21774800
10156	0.21806240
10157	0.21955280
10158	0.22060518
10159	0.22223531
10160	0.22404057
10161	0.22555126
10162	0.22738633
10163	0.22933683
10164	0.23097806
10165	0.23266940
10166	0.23335065
10167	0.23608507
10168	0.23754758
10169	0.23894081
10170	0.24098027
10171	0.24303119
10172	0.24375501
10173	0.24456330
10174	0.24523990
10175	0.24562357
10176	0.24585892
10177	0.24574052
10178	0.24580282
10179	0.24575569
10180	0.24587330
10181	0.24620149
10182	0.24684435
10183	0.24783862
10184	0.24914882
10185	0.25060326
10186	0.25203249
10187	0.25315276
10188	0.25368160
10189	0.25487843
10190	0.25568640
10191	0.25642890
10192	0.25759634
10193	0.25910574
10194	0.26087394
10195	0.26246870
10196	0.26365468
10197	0.26414320
10198	0.26452935
10199	0.26319605
10200	0.26338783
10201	0.27600339
10202	0.27873379
10203	0.28118491
10204	0.28522718
10205	0.28611755
10206	0.28434917
10207	0.28254968
10208	0.28129363
10209	0.28069603
10210	0.28033289
10211	0.27994666
10212	0.27968985
10213	0.27926168
10214	0.27892539
10215	0.27885872
10216	0.27885219
10217	0.27894229
10218	0.27861267
10219	0.27822539
10220	0.27820385
10221	0.27809289
10222	0.27808583
10223	0.27813277
10224	0.27807578
10225	0.27883393
10226	0.27861699
10227	0.27854615
10228	0.27903780
10229	0.27891892
10230	0.27910662
10231	0.27769834
10232	0.27778202
10233	0.27721965
10234	0.27692395
10235	0.27639502
10236	0.27575901
10237	0.27520013
10238	0.27390718
10239	0.27325106
10240	0.27211946
10241	0.27105829
10242	0.27001238
10243	0.26888597
10244	0.26755336
10245	0.26633531
10246	0.26512131
10247	0.26412126
10248	0.26385477
10249	0.26509252
10250	0.26607701
10251	0.26799351
10252	0.27012336
10253	0.27252862
10254	0.27493656
10255	0.27731609
10256	0.27951711
10257	0.28153577
10258	0.28319058
10259	0.28444991
10260	0.28524947
10261	0.28544590
10262	0.28508666
10263	0.28418675
10264	0.28267300
10265	0.28057018
10266	0.27805671
10267	0.27516562
10268	0.27210718
10269	0.26884523
10270	0.26550388
10271	0.26253396
10272	0.25986582
10273	0.25755313
10274	0.25558487
10275	0.25391391
10276	0.25246453
10277	0.25114509
10278	0.24991705
10279	0.24883057
10280	0.24782233
10281	0.24690665
10282	0.24614844
10283	0.24565324
10284	0.24530400
10285	0.24526176
10286	0.24550371
10287	0.24540770
10288	0.24635334
10289	0.24682336
10290	0.24774003
10291	0.24880505
10292	0.24963430
10293	0.25068343
10294	0.25226885
10295	0.25251326
10296	0.25335905
10297	0.25421259
10298	0.25487772
10299	0.25594351
10300	0.25658831
10301	0.25663269
10302	0.25632927
10303	0.25558800
10304	0.25450754
10305	0.25308210
10306	0.25099277
10307	0.24940886
10308	0.24747148
10309	0.24556881
10310	0.24389943
10311	0.24269630
10312	0.24198347
10313	0.24182524
10314	0.24191168
10315	0.24207757
10316	0.24227850
10317	0.24228925
10318	0.24230072
10319	0.24241996
10320	0.24285199
10321	0.24371256
10322	0.24471675
10323	0.24646008
10324	0.24845132
10325	0.25054911
10326	0.25233522
10327	0.25381771
10328	0.25480205
10329	0.25544617
10330	0.25717992
10331	0.25811687
10332	0.25925079
10333	0.26674813
10334	0.27546343
10335	0.27574110
10336	0.27856398
10337	0.27937123
10338	0.27919561
10339	0.27829385
10340	0.27738255
10341	0.27748504
10342	0.27724016
10343	0.27722746
10344	0.27693388
10345	0.27647519
10346	0.27622688
10347	0.27602330
10348	0.27595684
10349	0.27591172
10350	0.27595010
10351	0.27588704
10352	0.27544674
10353	0.27505380
10354	0.27500719
10355	0.27490488
10356	0.27513507
10357	0.27479810
10358	0.27481496
10359	0.27581871
10360	0.27561826
10361	0.27542508
10362	0.27577806
10363	0.27560523
10364	0.27498552
10365	0.27364519
10366	0.27358630
10367	0.27311531
10368	0.27320045
10369	0.27237469
10370	0.27159548
10371	0.27064690
10372	0.26967275
10373	0.26880947
10374	0.26764667
10375	0.26636931
10376	0.26479283
10377	0.26336852
10378	0.26202789
10379	0.26095343
10380	0.26041237
10381	0.26093546
10382	0.26141414
10383	0.26262638
10384	0.26424235
10385	0.26593375
10386	0.26756161
10387	0.26898924
10388	0.27022535
10389	0.27112791
10390	0.27159399
10391	0.27184168
10392	0.27163008
10393	0.27084255
10394	0.26951939
10395	0.26771829
10396	0.26540861
10397	0.26264989
10398	0.25950298
10399	0.25612512
10400	0.25255483
10401	0.24892825
10402	0.24543147
10403	0.24182284
10404	0.23843107
10405	0.23527965
10406	0.23256905
10407	0.23027453
10408	0.22841513
10409	0.22678499
10410	0.22529523
10411	0.22408874
10412	0.22299252
10413	0.22199944
10414	0.22098662
10415	0.22014552
10416	0.21943529
10417	0.21882847
10418	0.21840352
10419	0.21808380
10420	0.21785435
10421	0.21797004
10422	0.21716601
10423	0.21779099
10424	0.21721438
10425	0.21734218
10426	0.21829504
10427	0.21665758
10428	0.21635690
10429	0.21428140
10430	0.21553420
10431	0.21264307
10432	0.21360882
10433	0.21290706
10434	0.21211690
10435	0.21156898
10436	0.21059552
10437	0.20927621
10438	0.20790978
10439	0.20604567
10440	0.20489979
10441	0.20332296
10442	0.20228386
10443	0.20134273
10444	0.20077077
10445	0.20073639
10446	0.20123813
10447	0.20232539
10448	0.20386489
10449	0.20570609
10450	0.20756887
10451	0.20930628
10452	0.21077296
10453	0.21198812
10454	0.21327922
10455	0.21527454
10456	0.21701534
10457	0.21891104
10458	0.22012909
10459	0.22160268
10460	0.22272827
10461	0.22355637
10462	0.22475152
10463	0.22491236
10464	0.22496974
10465	0.22520463
10466	0.22544676
10467	0.22843277
10468	0.23996276
10469	0.24314959
10470	0.24715850
10471	0.24871102
10472	0.24907613
10473	0.24835765
10474	0.24736665
10475	0.24717693
10476	0.24718228
10477	0.24691272
10478	0.24667594
10479	0.24636504
10480	0.24613906
10481	0.24602626
10482	0.24601027
10483	0.24601561
10484	0.24607120
10485	0.24600825
10486	0.24596348
10487	0.24575689
10488	0.24549305
10489	0.24513330
10490	0.24509163
10491	0.24501345
10492	0.24546868
10493	0.24544516
10494	0.24544245
10495	0.24617863
10496	0.24551575
10497	0.24534048
10498	0.24461637
10499	0.24438629
10500	0.24407575
10501	0.24351439
10502	0.24302070
10503	0.24191105
10504	0.24122596
10505	0.24014373
10506	0.23905215
10507	0.23805451
10508	0.23683821
10509	0.23546672
10510	0.23395371
10511	0.23252212
10512	0.23151736
10513	0.23093230
10514	0.23267715
10515	0.23465501
10516	0.23743893
10517	0.24073343
10518	0.24430290
10519	0.24774002
10520	0.25090757
10521	0.25380966
10522	0.25615591
10523	0.25785279
10524	0.25909323
10525	0.25949791
10526	0.25910461
10527	0.25787634
10528	0.25593024
10529	0.25311852
10530	0.24959624
10531	0.24538210
10532	0.24052225
10533	0.23524617
10534	0.22960328
10535	0.22374731
10536	0.21790905
10537	0.21224424
10538	0.20687193
10539	0.20195116
10540	0.19758551
10541	0.19376422
10542	0.19038674
10543	0.18743858
10544	0.18479829
10545	0.18243666
10546	0.18034662
10547	0.17848134
10548	0.17686534
10549	0.17552911
10550	0.17458415
10551	0.17399485
10552	0.17381296
10553	0.17377798
10554	0.17445624
10555	0.17503387
10556	0.17605658
10557	0.17713691
10558	0.17831795
10559	0.17956395
10560	0.18098344
10561	0.18213145
10562	0.18380763
10563	0.18513274
10564	0.18629333
10565	0.18683648
10566	0.18889926
10567	0.19036561
10568	0.19174670
10569	0.19314195
10570	0.19437319
10571	0.19503689
10572	0.19575277
10573	0.19625160
10574	0.19623370
10575	0.19664276
10576	0.19683999
10577	0.19717994
10578	0.19783060
10579	0.19890809
10580	0.20043306
10581	0.20227675
10582	0.20426153
10583	0.20630334
10584	0.20808552
10585	0.20978999
10586	0.21146677
10587	0.21303059
10588	0.21484563
10589	0.21691890
10590	0.21914636
10591	0.22124669
10592	0.22294387
10593	0.22392060
10594	0.22398941
10595	0.22315338
10596	0.22218809
10597	0.22000629
10598	0.21824880
10599	0.22824745
10600	0.23289753
10601	0.23689134
10602	0.24121247
10603	0.24213596
10604	0.24089929
10605	0.23878859
10606	0.23818411
10607	0.23807468
10608	0.23787916
10609	0.23746899
10610	0.23718201
10611	0.23669463
10612	0.23639564
10613	0.23634242
10614	0.23638427
10615	0.23640965
10616	0.23658104
10617	0.23656139
10618	0.23662475
10619	0.23727345
10620	0.23629420
10621	0.23641808
10622	0.23596716
10623	0.23601295
10624	0.23600189
10625	0.23597755
10626	0.23627397
10627	0.23597707
10628	0.23580489
10629	0.23566476
10630	0.23519233
10631	0.23486629
10632	0.23444335
10633	0.23404317
10634	0.23325785
10635	0.23289429
10636	0.23214528
10637	0.23123059
10638	0.23024613
10639	0.22933920
10640	0.22839129
10641	0.22724289
10642	0.22591987
10643	0.22463380
10644	0.22336723
10645	0.22228415
10646	0.22159123
10647	0.22261363
10648	0.22339863
10649	0.22481459
10650	0.22651379
10651	0.22842033
10652	0.23028645
10653	0.23206472
10654	0.23368938
10655	0.23497361
10656	0.23592186
10657	0.23635834
10658	0.23639035
10659	0.23581024
10660	0.23466574
10661	0.23295350
10662	0.23064412
10663	0.22781855
10664	0.22459123
10665	0.22101603
10666	0.21714757
10667	0.21324018
10668	0.20929502
10669	0.20555401
10670	0.20201974
10671	0.19889605
10672	0.19615617
10673	0.19372459
10674	0.19160850
10675	0.18974727
10676	0.18804924
10677	0.18647115
10678	0.18488592
10679	0.18342035
10680	0.18200502
10681	0.18068567
10682	0.17952876
10683	0.17855942
10684	0.17723641
10685	0.17727810
10686	0.17677107
10687	0.17620404
10688	0.17635451
10689	0.17630750
10690	0.17664252
10691	0.17685649
10692	0.17728022
10693	0.17881690
10694	0.17977332
10695	0.18076482
10696	0.18171002
10697	0.18299466
10698	0.18409488
10699	0.18557054
10700	0.18686526
10701	0.18774094
10702	0.18860644
10703	0.18920352
10704	0.18964197
10705	0.18992303
10706	0.18993253
10707	0.19020841
10708	0.19062510
10709	0.19137561
10710	0.19263555
10711	0.19431300
10712	0.19636780
10713	0.19839773
10714	0.20073071
10715	0.20267504
10716	0.20454614
10717	0.20631902
10718	0.20810910
10719	0.21011585
10720	0.21230870
10721	0.21447612
10722	0.21643804
10723	0.21783070
10724	0.21840933
10725	0.21799570
10726	0.21685173
10727	0.21516182
10728	0.21373808
10729	0.21192563
10730	0.21693997
10731	0.22620428
10732	0.22877920
10733	0.23409984
10734	0.23577677
10735	0.23553893
10736	0.23391505
10737	0.23245463
10738	0.23233370
10739	0.23232475
10740	0.23227665
10741	0.23196696
10742	0.23150554
10743	0.23113877
10744	0.23100758
10745	0.23100038
10746	0.23112462
10747	0.23142523
10748	0.23144186
10749	0.23206796
10750	0.23135217
10751	0.23106115
10752	0.23109674
10753	0.23073032
10754	0.23064427
10755	0.23077174
10756	0.23074248
10757	0.23067161
10758	0.23071696
10759	0.23063983
10760	0.23046497
10761	0.22999927
10762	0.22971946
10763	0.22927761
10764	0.22862786
10765	0.22819623
10766	0.22745733
10767	0.22703253
10768	0.22619358
10769	0.22523522
10770	0.22418690
10771	0.22325571
10772	0.22202779
10773	0.22054663
10774	0.21901338
10775	0.21756205
10776	0.21613039
10777	0.21475999
10778	0.21454458
10779	0.21427372
10780	0.21469454
10781	0.21526359
10782	0.21597376
10783	0.21678083
10784	0.21756704
10785	0.21828531
10786	0.21884762
10787	0.21926561
10788	0.21928717
10789	0.21900654
10790	0.21822402
10791	0.21691434
10792	0.21501783
10793	0.21256332
10794	0.20940165
10795	0.20581126
10796	0.20168090
10797	0.19726044
10798	0.19264621
10799	0.18798444
10800	0.18332262
10801	0.17884071
10802	0.17469637
10803	0.17102903
10804	0.16768526
10805	0.16485076
10806	0.16230829
10807	0.16008233
10808	0.15818647
10809	0.15656859
10810	0.15521356
10811	0.15412839
10812	0.15335858
10813	0.15285662
10814	0.15269464
10815	0.15292367
10816	0.15295438
10817	0.15366405
10818	0.15491366
10819	0.15557899
10820	0.15687907
10821	0.15802291
10822	0.15913178
10823	0.16049929
10824	0.16164967
10825	0.16290233
10826	0.16388917
10827	0.16473639
10828	0.16537383
10829	0.16585927
10830	0.16623381
10831	0.16633655
10832	0.16618055
10833	0.16651188
10834	0.16590993
10835	0.16475004
10836	0.16370815
10837	0.16274098
10838	0.16180320
10839	0.16122203
10840	0.16125703
10841	0.16203466
10842	0.16355637
10843	0.16582891
10844	0.16866928
10845	0.17183362
10846	0.17497376
10847	0.17825224
10848	0.18152378
10849	0.18458086
10850	0.18842241
10851	0.19194169
10852	0.19490370
10853	0.19789527
10854	0.20033349
10855	0.20211500
10856	0.20287940
10857	0.20248485
10858	0.20080429
10859	0.19805390
10860	0.19383782
10861	0.19120556
10862	0.20117444
10863	0.20554078
10864	0.21098776
10865	0.21552479
10866	0.21674782
10867	0.21524318
10868	0.21364634
10869	0.21276775
10870	0.21229997
10871	0.21210966
10872	0.21180265
10873	0.21144895
10874	0.21099861
10875	0.21070164
10876	0.21149449
10877	0.21145107
10878	0.21139643
10879	0.21059126
10880	0.21055548
10881	0.21043079
10882	0.21042654
10883	0.21003905
10884	0.20947871
10885	0.20939405
10886	0.20947063
10887	0.20951667
10888	0.20975769
10889	0.20942469
10890	0.20930795
10891	0.20948032
10892	0.20889166
10893	0.20860384
10894	0.20824088
10895	0.20772380
10896	0.20729472
10897	0.20642550
10898	0.20547046
10899	0.20497428
10900	0.20402059
10901	0.20295347
10902	0.20200455
10903	0.20101275
10904	0.19974346
10905	0.19839707
10906	0.19714351
10907	0.19627847
10908	0.19553342
10909	0.19650416
10910	0.19824262
10911	0.19966419
10912	0.20172474
10913	0.20370112
10914	0.20547929
10915	0.20689838
10916	0.20800731
10917	0.20860620
10918	0.20869294
10919	0.20822315
10920	0.20701115
10921	0.20506057
10922	0.20230687
10923	0.19896093
10924	0.19493718
10925	0.19034408
10926	0.18527439
10927	0.17988844
10928	0.17432427
10929	0.16887671
10930	0.16368243
10931	0.15910290
10932	0.15512773
10933	0.15174058
10934	0.14896244
10935	0.14655896
10936	0.14452441
10937	0.14284396
10938	0.14146017
10939	0.14032820
10940	0.13952197
10941	0.13898396
10942	0.13885202
10943	0.13903841
10944	0.13963440
10945	0.14033228
10946	0.14156072
10947	0.14311671
10948	0.14463638
10949	0.14630522
10950	0.14803103
10951	0.14961319
10952	0.15169483
10953	0.15343705
10954	0.15561453
10955	0.15745270
10956	0.15910172
10957	0.16047370
10958	0.16167125
10959	0.16260490
10960	0.16318502
10961	0.16364114
10962	0.16412954
10963	0.16383085
10964	0.16301794
10965	0.16212657
10966	0.16084142
10967	0.16005200
10968	0.15902600
10969	0.15839750
10970	0.15821391
10971	0.15854332
10972	0.15940498
10973	0.16062178
10974	0.16199186
10975	0.16337007
10976	0.16464160
10977	0.16545507
10978	0.16716467
10979	0.16876571
10980	0.17033686
10981	0.17233078
10982	0.17447351
10983	0.17662799
10984	0.17855857
10985	0.17994852
10986	0.18047497
10987	0.17994902
10988	0.17870983
10989	0.17652443
10990	0.17607792
10991	0.18755804
10992	0.19019981
10993	0.19357078
10994	0.19641404
10995	0.19664030
10996	0.19550505
10997	0.19423020
10998	0.19369192
10999	0.19297118
11000	0.19274627
11001	0.19253926
11002	0.19219565
11003	0.19192320
11004	0.19161607
11005	0.19210179
11006	0.19205296
11007	0.19193855
11008	0.19126068
11009	0.19121937
11010	0.19123244
11011	0.19094233
11012	0.19078796
11013	0.19076991
11014	0.19081476
11015	0.19032872
11016	0.19043399
11017	0.19016284
11018	0.19005749
11019	0.19038245
11020	0.19016725
11021	0.19002765
11022	0.19019139
11023	0.18989334
11024	0.18948427
11025	0.18894199
11026	0.18898696
11027	0.18829592
11028	0.18762073
11029	0.18677717
11030	0.18586735
11031	0.18507941
11032	0.18359506
11033	0.18258028
11034	0.18138951
11035	0.18025315
11036	0.17936678
11037	0.17846788
11038	0.17862763
11039	0.17953765
11040	0.18043835
11041	0.18190730
11042	0.18366882
11043	0.18543842
11044	0.18711042
11045	0.18870722
11046	0.19012305
11047	0.19120875
11048	0.19193776
11049	0.19226871
11050	0.19205143
11051	0.19135055
11052	0.19005100
11053	0.18831712
11054	0.18605134
11055	0.18327874
11056	0.18021804
11057	0.17682774
11058	0.17326082
11059	0.16973682
11060	0.16636279
11061	0.16332123
11062	0.16067566
11063	0.15840495
11064	0.15645552
11065	0.15477231
11066	0.15342019
11067	0.15233615
11068	0.15160117
11069	0.15095870
11070	0.15057506
11071	0.15028870
11072	0.15034607
11073	0.15077025
11074	0.15149097
11075	0.15168098
11076	0.15386926
11077	0.15485536
11078	0.15679774
11079	0.15913069
11080	0.16150208
11081	0.16399883
11082	0.16662082
11083	0.16939028
11084	0.17220764
11085	0.17546421
11086	0.17844179
11087	0.18137972
11088	0.18410408
11089	0.18699166
11090	0.18964764
11091	0.19262326
11092	0.19405414
11093	0.19728372
11094	0.19881856
11095	0.20035022
11096	0.20154820
11097	0.20247087
11098	0.20294464
11099	0.20396361
11100	0.20517401
11101	0.20655523
11102	0.20813079
11103	0.21051021
11104	0.21249141
11105	0.21415919
11106	0.21555287
11107	0.21659067
11108	0.21752252
11109	0.21825057
11110	0.21912973
11111	0.22008985
11112	0.22113544
11113	0.22194940
11114	0.22236079
11115	0.22209093
11116	0.22106600
11117	0.21877524
11118	0.21723333
11119	0.21553206
11120	0.22514260
11121	0.23090443
11122	0.23359609
11123	0.23813969
11124	0.23903544
11125	0.23775519
11126	0.23607941
11127	0.23458117
11128	0.23436417
11129	0.23433214
11130	0.23420769
11131	0.23378977
11132	0.23352550
11133	0.23325090
11134	0.23317318
11135	0.23317660
11136	0.23321079
11137	0.23351620
11138	0.23353894
11139	0.23425964
11140	0.23363148
11141	0.23335327
11142	0.23336282
11143	0.23294638
11144	0.23296869
11145	0.23301496
11146	0.23304531
11147	0.23296204
11148	0.23313083
11149	0.23305219
11150	0.23333642
11151	0.23259136
11152	0.23233180
11153	0.23198296
11154	0.23126179
11155	0.23093063
11156	0.23014902
11157	0.22972414
11158	0.22883742
11159	0.22793737
11160	0.22698097
11161	0.22607665
11162	0.22508132
11163	0.22380860
11164	0.22258663
11165	0.22134157
11166	0.22021227
11167	0.21927832
11168	0.21987827
11169	0.22037263
11170	0.22158690
11171	0.22327678
11172	0.22529604
11173	0.22747979
11174	0.22970070
11175	0.23182464
11176	0.23390651
11177	0.23583700
11178	0.23751678
11179	0.23868769
11180	0.23946534
11181	0.23972049
11182	0.23940846
11183	0.23853163
11184	0.23710011
11185	0.23526728
11186	0.23299794
11187	0.23038597
11188	0.22761257
11189	0.22469075
11190	0.22178504
11191	0.21890280
11192	0.21638736
11193	0.21418205
11194	0.21227813
11195	0.21057004
11196	0.20910683
11197	0.20784701
11198	0.20673712
11199	0.20582944
11200	0.20504326
11201	0.20437853
11202	0.20389959
11203	0.20366612
11204	0.20370069
11205	0.20399308
11206	0.20454285
11207	0.20439884
11208	0.20541950
11209	0.20662053
11210	0.20784886
11211	0.20976949
11212	0.21110979
11213	0.21217507
11214	0.21377221
11215	0.21534309
11216	0.21747905
11217	0.21772596
11218	0.21915756
11219	0.22109115
11220	0.22255069
11221	0.22381750
11222	0.22549854
11223	0.22659530
11224	0.22745743
11225	0.22826633
11226	0.22896865
11227	0.22938126
11228	0.22966018
11229	0.23026483
11230	0.23091972
11231	0.23191288
11232	0.23325005
11233	0.23495787
11234	0.23680629
11235	0.23881772
11236	0.24069656
11237	0.24236219
11238	0.24355324
11239	0.24439538
11240	0.24487060
11241	0.24502745
11242	0.24505843
11243	0.24513511
11244	0.24520005
11245	0.24528416
11246	0.24516430
11247	0.24461821
11248	0.24365728
11249	0.24238330
11250	0.24205811
11251	0.24074753
11252	0.24141073
11253	0.25125772
11254	0.25884250
11255	0.26012912
11256	0.26362249
11257	0.26467034
11258	0.26356092
11259	0.26258960
11260	0.26210392
11261	0.26155433
11262	0.26104331
11263	0.26077083
11264	0.26056451
11265	0.26033878
11266	0.26020125
11267	0.26016927
11268	0.26007503
11269	0.26003569
11270	0.26013559
11271	0.26002574
11272	0.25998297
11273	0.25923049
11274	0.25954515
11275	0.25926724
11276	0.25910234
11277	0.25915360
11278	0.25907302
11279	0.25939798
11280	0.25970948
11281	0.26009113
11282	0.25887224
11283	0.25895059
11284	0.25852093
11285	0.25793037
11286	0.25741601
11287	0.25671571
11288	0.25583836
11289	0.25587714
11290	0.25495547
11291	0.25389996
11292	0.25279310
11293	0.25169259
11294	0.25068632
11295	0.24947731
11296	0.24802178
11297	0.24661997
11298	0.24528725
11299	0.24419402
11300	0.24326648
11301	0.24433897
11302	0.24510452
11303	0.24650812
11304	0.24854763
11305	0.25070089
11306	0.25271097
11307	0.25455141
11308	0.25608161
11309	0.25720432
11310	0.25782642
11311	0.25782824
11312	0.25735790
11313	0.25618616
11314	0.25424826
11315	0.25158826
11316	0.24834080
11317	0.24448064
11318	0.24018855
11319	0.23555434
11320	0.23072641
11321	0.22579494
11322	0.22088686
11323	0.21611653
11324	0.21159936
11325	0.20741999
11326	0.20362131
11327	0.20027123
11328	0.19733162
11329	0.19487782
11330	0.19276497
11331	0.19098075
11332	0.18948670
11333	0.18827967
11334	0.18737681
11335	0.18675046
11336	0.18648915
11337	0.18659317
11338	0.18704545
11339	0.18799932
11340	0.18866853
11341	0.18999757
11342	0.19127177
11343	0.19261828
11344	0.19409549
11345	0.19530192
11346	0.19665559
11347	0.19773650
11348	0.19861308
11349	0.19943215
11350	0.19961454
11351	0.20048667
11352	0.20065142
11353	0.20097385
11354	0.20088337
11355	0.20064564
11356	0.19994277
11357	0.19885492
11358	0.19829716
11359	0.19697364
11360	0.19637166
11361	0.19562173
11362	0.19517589
11363	0.19511090
11364	0.19564931
11365	0.19678384
11366	0.19841607
11367	0.20058900
11368	0.20299624
11369	0.20552807
11370	0.20806246
11371	0.21051706
11372	0.21328554
11373	0.21597575
11374	0.21857774
11375	0.22139817
11376	0.22434725
11377	0.22718811
11378	0.22978257
11379	0.23185337
11380	0.23307872
11381	0.23341250
11382	0.23298198
11383	0.23214775
11384	0.23120500
11385	0.23147407
11386	0.23081425
11387	0.23207387
11388	0.24426343
11389	0.24739963
11390	0.25038499
11391	0.25279498
11392	0.25326645
11393	0.25250331
11394	0.25144890
11395	0.25059468
11396	0.25067139
11397	0.25066516
11398	0.25041747
11399	0.25005189
11400	0.24965852
11401	0.24942608
11402	0.24930120
11403	0.24925996
11404	0.24936773
11405	0.24932560
11406	0.24924934
11407	0.24918371
11408	0.24887365
11409	0.24847846
11410	0.24846229
11411	0.24841534
11412	0.24849692
11413	0.24890395
11414	0.24891588
11415	0.24910192
11416	0.24841066
11417	0.24848908
11418	0.24806949
11419	0.24799694
11420	0.24763657
11421	0.24681622
11422	0.24671483
11423	0.24648537
11424	0.24564764
11425	0.24479303
11426	0.24378054
11427	0.24275182
11428	0.24175411
11429	0.24061851
11430	0.23917405
11431	0.23773955
11432	0.23642692
11433	0.23545848
11434	0.23446433
11435	0.23507112
11436	0.23546359
11437	0.23618832
11438	0.23729247
11439	0.23854116
11440	0.23959601
11441	0.24048616
11442	0.24121989
11443	0.24156734
11444	0.24165177
11445	0.24129196
11446	0.24054727
11447	0.23923303
11448	0.23738921
11449	0.23507658
11450	0.23220426
11451	0.22894511
11452	0.22533482
11453	0.22151956
11454	0.21762925
11455	0.21369837
11456	0.20994896
11457	0.20643815
11458	0.20324038
11459	0.20041098
11460	0.19812031
11461	0.19631815
11462	0.19492437
11463	0.19378598
11464	0.19290763
11465	0.19223286
11466	0.19167125
11467	0.19124189
11468	0.19091699
11469	0.19065106
11470	0.19066715
11471	0.19078672
11472	0.19125699
11473	0.19199608
11474	0.19207771
11475	0.19406357
11476	0.19455981
11477	0.19610587
11478	0.19816794
11479	0.19886005
11480	0.20051257
11481	0.20277648
11482	0.20099428
11483	0.20030846
11484	0.20586143
11485	0.20729053
11486	0.20876765
11487	0.21004394
11488	0.21118258
11489	0.21233098
11490	0.21310480
11491	0.21335472
11492	0.21342431
11493	0.21316281
11494	0.21258907
11495	0.21167472
11496	0.21051282
11497	0.20938310
11498	0.20827369
11499	0.20755896
11500	0.20744069
11501	0.20799284
11502	0.20905986
11503	0.21034439
11504	0.21163088
11505	0.21257345
11506	0.21294077
11507	0.21362787
11508	0.21486205
11509	0.21604605
11510	0.21764787
11511	0.21951967
11512	0.22078751
11513	0.22251607
11514	0.22388540
11515	0.22449224
11516	0.22462043
11517	0.22354549
11518	0.22477712
11519	0.23673908
11520	0.23894846
11521	0.24402815
11522	0.24780890
11523	0.24826230
11524	0.24703790
11525	0.24508113
11526	0.24437976
11527	0.24416149
11528	0.24416409
11529	0.24383494
11530	0.24357919
11531	0.24306758
11532	0.24279979
11533	0.24276517
11534	0.24283223
11535	0.24301651
11536	0.24305484
11537	0.24268720
11538	0.24288936
11539	0.24255569
11540	0.24218006
11541	0.24216916
11542	0.24213891
11543	0.24203397
11544	0.24204065
11545	0.24205735
11546	0.24204151
11547	0.24242601
11548	0.24229971
11549	0.24194537
11550	0.24140486
11551	0.24112535
11552	0.24071108
11553	0.24020763
11554	0.23980729
11555	0.23893119
11556	0.23811206
11557	0.23742859
11558	0.23640677
11559	0.23533496
11560	0.23426662
11561	0.23294678
11562	0.23132971
11563	0.22976971
11564	0.22832583
11565	0.22716358
11566	0.22645140
11567	0.22720079
11568	0.22784266
11569	0.22946835
11570	0.23137467
11571	0.23359896
11572	0.23592846
11573	0.23834375
11574	0.24068873
11575	0.24291259
11576	0.24487171
11577	0.24661784
11578	0.24785301
11579	0.24849817
11580	0.24855967
11581	0.24786215
11582	0.24655178
11583	0.24453861
11584	0.24188183
11585	0.23881683
11586	0.23527300
11587	0.23153566
11588	0.22783996
11589	0.22395763
11590	0.22017643
11591	0.21482289
11592	0.21362306
11593	0.21147251
11594	0.20932181
11595	0.20748644
11596	0.20591848
11597	0.20451103
11598	0.20325765
11599	0.20203829
11600	0.20102258
11601	0.20012510
11602	0.19945253
11603	0.19908616
11604	0.19897124
11605	0.19917329
11606	0.19906023
11607	0.19983935
11608	0.20110488
11609	0.20168293
11610	0.20297819
11611	0.20381330
11612	0.20433819
11613	0.20508614
11614	0.20578216
11615	0.20790692
11616	0.20702271
11617	0.20715961
11618	0.20822273
11619	0.20865205
11620	0.20868747
11621	0.20874414
11622	0.20828745
11623	0.20745246
11624	0.20633277
11625	0.20517185
11626	0.20357141
11627	0.20272844
11628	0.20183219
11629	0.20129418
11630	0.20128453
11631	0.20199634
11632	0.20332614
11633	0.20514786
11634	0.20728622
11635	0.20942096
11636	0.21143413
11637	0.21323809
11638	0.21504535
11639	0.21670891
11640	0.21838707
11641	0.22016554
11642	0.22189157
11643	0.22354947
11644	0.22480495
11645	0.22558501
11646	0.22562359
11647	0.22489327
11648	0.22346498
11649	0.22259744
11650	0.22106643
11651	0.22063608
11652	0.23100130
11653	0.23680751
11654	0.23925874
11655	0.24276030
11656	0.24350657
11657	0.24255633
11658	0.24108140
11659	0.24067959
11660	0.24040903
11661	0.24031956
11662	0.24003060
11663	0.23957966
11664	0.23908846
11665	0.23888038
11666	0.23889485
11667	0.23891933
11668	0.23880653
11669	0.23944242
11670	0.23865837
11671	0.23859341
11672	0.23797154
11673	0.23795491
11674	0.23787199
11675	0.23775142
11676	0.23777978
11677	0.23752066
11678	0.23776937
11679	0.23815803
11680	0.23782673
11681	0.23772073
11682	0.23715682
11683	0.23690313
11684	0.23656061
11685	0.23609802
11686	0.23522151
11687	0.23489852
11688	0.23456939
11689	0.23372774
11690	0.23275968
11691	0.23171359
11692	0.23071089
11693	0.22977558
11694	0.22850783
11695	0.22719447
11696	0.22582749
11697	0.22453214
11698	0.22324280
11699	0.22290416
11700	0.22364210
11701	0.22437786
11702	0.22575748
11703	0.22747456
11704	0.22926791
11705	0.23113185
11706	0.23285973
11707	0.23442914
11708	0.23572865
11709	0.23663387
11710	0.23728143
11711	0.23738678
11712	0.23703890
11713	0.23615435
11714	0.23460455
11715	0.23255910
11716	0.22998630
11717	0.22688995
11718	0.22343509
11719	0.21979801
11720	0.21599607
11721	0.21220721
11722	0.20849870
11723	0.20506504
11724	0.20198858
11725	0.19931319
11726	0.19694772
11727	0.19492589
11728	0.19316924
11729	0.19159958
11730	0.19021143
11731	0.18896358
11732	0.18781392
11733	0.18691097
11734	0.18626334
11735	0.18583101
11736	0.18570313
11737	0.18546411
11738	0.18587498
11739	0.18689802
11740	0.18735942
11741	0.18825090
11742	0.18940480
11743	0.19015443
11744	0.19132566
11745	0.19248611
11746	0.19369420
11747	0.19627383
11748	0.19601110
11749	0.19708000
11750	0.19792585
11751	0.19888939
11752	0.19967915
11753	0.20013459
11754	0.20096244
11755	0.20119271
11756	0.20114702
11757	0.20083213
11758	0.20034467
11759	0.20019507
11760	0.20009685
11761	0.20027246
11762	0.20089713
11763	0.20199397
11764	0.20362236
11765	0.20564458
11766	0.20787063
11767	0.21010314
11768	0.21200325
11769	0.21367763
11770	0.21514948
11771	0.21652476
11772	0.21786326
11773	0.21937902
11774	0.22099234
11775	0.22261684
11776	0.22404306
11777	0.22494766
11778	0.22515744
11779	0.22478317
11780	0.22384340
11781	0.22276977
11782	0.22290184
11783	0.22246364
11784	0.22361089
11785	0.23517404
11786	0.23836209
11787	0.24030410
11788	0.24305013
11789	0.24321720
11790	0.24224271
11791	0.24096566
11792	0.24058379
11793	0.24056204
11794	0.24054138
11795	0.24031721
11796	0.23989424
11797	0.23945533
11798	0.23942089
11799	0.23926327
11800	0.23944950
11801	0.23902775
11802	0.23890717
11803	0.23844801
11804	0.23838879
11805	0.23802836
11806	0.23796389
11807	0.23795281
11808	0.23695964
11809	0.23775195
11810	0.23838603
11811	0.23847440
11812	0.23825009
11813	0.23815119
11814	0.23760854
11815	0.23752452
11816	0.23722845
11817	0.23683593
11818	0.23611605
11819	0.23590632
11820	0.23562753
11821	0.23480767
11822	0.23388888
11823	0.23288800
11824	0.23179893
11825	0.23082341
11826	0.22959532
11827	0.22809310
11828	0.22655770
11829	0.22519635
11830	0.22385588
11831	0.22247292
11832	0.22236502
11833	0.22200787
11834	0.22242565
11835	0.22316101
11836	0.22415659
11837	0.22519659
11838	0.22626247
11839	0.22720473
11840	0.22789451
11841	0.22838099
11842	0.22855243
11843	0.22820500
11844	0.22742978
11845	0.22617616
11846	0.22442265
11847	0.22222722
11848	0.21961160
11849	0.21656455
11850	0.21321394
11851	0.20962182
11852	0.20591629
11853	0.20225571
11854	0.19870844
11855	0.19543479
11856	0.19254854
11857	0.19066493
11858	0.18811424
11859	0.18642628
11860	0.18507415
11861	0.18392001
11862	0.18292460
11863	0.18195216
11864	0.18108068
11865	0.18031316
11866	0.17971106
11867	0.17928042
11868	0.17910068
11869	0.17917413
11870	0.17965950
11871	0.17949268
11872	0.18066759
11873	0.18112180
11874	0.18225046
11875	0.18343896
11876	0.18451382
11877	0.18537803
11878	0.18662338
11879	0.18790410
11880	0.18891515
11881	0.19038752
11882	0.19172055
11883	0.19287454
11884	0.19380976
11885	0.19448774
11886	0.19563740
11887	0.19627482
11888	0.19682507
11889	0.19611566
11890	0.19655359
11891	0.19604848
11892	0.19516866
11893	0.19446369
11894	0.19373049
11895	0.19325905
11896	0.19317973
11897	0.19365047
11898	0.19462588
11899	0.19597523
11900	0.19756073
11901	0.19888259
11902	0.20014359
11903	0.20136790
11904	0.20268610
11905	0.20371954
11906	0.20528445
11907	0.20717776
11908	0.20913519
11909	0.21092322
11910	0.21280296
11911	0.21358885
11912	0.21356198
11913	0.21207464
11914	0.21068147
11915	0.20869045
11916	0.21471106
11917	0.22322021
11918	0.22546171
11919	0.23132658
11920	0.23275349
11921	0.23218636
11922	0.23034099
11923	0.22867976
11924	0.22839029
11925	0.22838540
11926	0.22837780
11927	0.22810663
11928	0.22765817
11929	0.22750576
11930	0.22740944
11931	0.22794935
11932	0.22724979
11933	0.22730236
11934	0.22722821
11935	0.22721687
11936	0.22682281
11937	0.22645403
11938	0.22645000
11939	0.22619222
11940	0.22624296
11941	0.22638863
11942	0.22634365
11943	0.22684415
11944	0.22673967
11945	0.22661895
11946	0.22645229
11947	0.22590777
11948	0.22559713
11949	0.22508162
11950	0.22442700
11951	0.22467937
11952	0.22399200
11953	0.22320996
11954	0.22237369
11955	0.22146915
11956	0.22046451
11957	0.21943684
11958	0.21820059
11959	0.21665356
11960	0.21523502
11961	0.21387285
11962	0.21267058
11963	0.21188402
11964	0.21206138
11965	0.21243608
11966	0.21351688
11967	0.21501634
11968	0.21668750
11969	0.21845792
11970	0.22014999
11971	0.22168654
11972	0.22300747
11973	0.22399300
11974	0.22452466
11975	0.22450230
11976	0.22410375
11977	0.22310621
11978	0.22154199
11979	0.21960066
11980	0.21715108
11981	0.21445170
11982	0.21149510
11983	0.20844249
11984	0.20531479
11985	0.20230946
11986	0.19949907
11987	0.19694692
11988	0.19481291
11989	0.19307238
11990	0.19172841
11991	0.19058378
11992	0.18968482
11993	0.18901189
11994	0.18848126
11995	0.18805136
11996	0.18766470
11997	0.18741311
11998	0.18731210
11999	0.18746459
12000	0.18789054