	C:\Users\jkuzm\OneDrive - University of Massachusetts\HRSL x UMILL-PUMA Fatigue - Fatigue\Data\F01\FR3_Metabolic1.c3d
	TIME
	FRAME_NUMBERS
	ORIGINAL
ITEM	0
1	0.00000000
2	0.00500000
3	0.01000000
4	0.01500000
5	0.02000000
6	0.02500000
7	0.03000000
8	0.03500000
9	0.04000000
10	0.04500000
11	0.05000000
12	0.05500000
13	0.06000000
14	0.06500000
15	0.07000000
16	0.07500000
17	0.08000000
18	0.08500000
19	0.09000000
20	0.09500000
21	0.10000000
22	0.10500000
23	0.11000000
24	0.11500000
25	0.12000000
26	0.12500000
27	0.13000000
28	0.13500001
29	0.14000000
30	0.14500000
31	0.15000001
32	0.15500000
33	0.16000000
34	0.16500001
35	0.17000000
36	0.17500000
37	0.18000001
38	0.18500000
39	0.19000000
40	0.19499999
41	0.20000000
42	0.20500000
43	0.20999999
44	0.21500000
45	0.22000000
46	0.22499999
47	0.23000000
48	0.23500000
49	0.23999999
50	0.24500000
51	0.25000000
52	0.25500000
53	0.25999999
54	0.26499999
55	0.27000001
56	0.27500001
57	0.28000000
58	0.28500000
59	0.28999999
60	0.29499999
61	0.30000001
62	0.30500001
63	0.31000000
64	0.31500000
65	0.31999999
66	0.32499999
67	0.33000001
68	0.33500001
69	0.34000000
70	0.34500000
71	0.34999999
72	0.35499999
73	0.36000001
74	0.36500001
75	0.37000000
76	0.37500000
77	0.38000000
78	0.38499999
79	0.38999999
80	0.39500001
81	0.40000001
82	0.40500000
83	0.41000000
84	0.41499999
85	0.41999999
86	0.42500001
87	0.43000001
88	0.43500000
89	0.44000000
90	0.44499999
91	0.44999999
92	0.45500001
93	0.46000001
94	0.46500000
95	0.47000000
96	0.47499999
97	0.47999999
98	0.48500001
99	0.49000001
100	0.49500000
101	0.50000000
102	0.50500000
103	0.50999999
104	0.51499999
105	0.51999998
106	0.52499998
107	0.52999997
108	0.53500003
109	0.54000002
110	0.54500002
111	0.55000001
112	0.55500001
113	0.56000000
114	0.56500000
115	0.56999999
116	0.57499999
117	0.57999998
118	0.58499998
119	0.58999997
120	0.59500003
121	0.60000002
122	0.60500002
123	0.61000001
124	0.61500001
125	0.62000000
126	0.62500000
127	0.63000000
128	0.63499999
129	0.63999999
130	0.64499998
131	0.64999998
132	0.65499997
133	0.66000003
134	0.66500002
135	0.67000002
136	0.67500001
137	0.68000001
138	0.68500000
139	0.69000000
140	0.69499999
141	0.69999999
142	0.70499998
143	0.70999998
144	0.71499997
145	0.72000003
146	0.72500002
147	0.73000002
148	0.73500001
149	0.74000001
150	0.74500000
151	0.75000000
152	0.75500000
153	0.75999999
154	0.76499999
155	0.76999998
156	0.77499998
157	0.77999997
158	0.78500003
159	0.79000002
160	0.79500002
161	0.80000001
162	0.80500001
163	0.81000000
164	0.81500000
165	0.81999999
166	0.82499999
167	0.82999998
168	0.83499998
169	0.83999997
170	0.84500003
171	0.85000002
172	0.85500002
173	0.86000001
174	0.86500001
175	0.87000000
176	0.87500000
177	0.88000000
178	0.88499999
179	0.88999999
180	0.89499998
181	0.89999998
182	0.90499997
183	0.91000003
184	0.91500002
185	0.92000002
186	0.92500001
187	0.93000001
188	0.93500000
189	0.94000000
190	0.94499999
191	0.94999999
192	0.95499998
193	0.95999998
194	0.96499997
195	0.97000003
196	0.97500002
197	0.98000002
198	0.98500001
199	0.99000001
200	0.99500000
201	1.00000000
202	1.00500000
203	1.00999999
204	1.01499999
205	1.01999998
206	1.02499998
207	1.02999997
208	1.03499997
209	1.03999996
210	1.04499996
211	1.04999995
212	1.05499995
213	1.05999994
214	1.06500006
215	1.07000005
216	1.07500005
217	1.08000004
218	1.08500004
219	1.09000003
220	1.09500003
221	1.10000002
222	1.10500002
223	1.11000001
224	1.11500001
225	1.12000000
226	1.12500000
227	1.13000000
228	1.13499999
229	1.13999999
230	1.14499998
231	1.14999998
232	1.15499997
233	1.15999997
234	1.16499996
235	1.16999996
236	1.17499995
237	1.17999995
238	1.18499994
239	1.19000006
240	1.19500005
241	1.20000005
242	1.20500004
243	1.21000004
244	1.21500003
245	1.22000003
246	1.22500002
247	1.23000002
248	1.23500001
249	1.24000001
250	1.24500000
251	1.25000000
252	1.25500000
253	1.25999999
254	1.26499999
255	1.26999998
256	1.27499998
257	1.27999997
258	1.28499997
259	1.28999996
260	1.29499996
261	1.29999995
262	1.30499995
263	1.30999994
264	1.31500006
265	1.32000005
266	1.32500005
267	1.33000004
268	1.33500004
269	1.34000003
270	1.34500003
271	1.35000002
272	1.35500002
273	1.36000001
274	1.36500001
275	1.37000000
276	1.37500000
277	1.38000000
278	1.38499999
279	1.38999999
280	1.39499998
281	1.39999998
282	1.40499997
283	1.40999997
284	1.41499996
285	1.41999996
286	1.42499995
287	1.42999995
288	1.43499994
289	1.44000006
290	1.44500005
291	1.45000005
292	1.45500004
293	1.46000004
294	1.46500003
295	1.47000003
296	1.47500002
297	1.48000002
298	1.48500001
299	1.49000001
300	1.49500000
301	1.50000000
302	1.50500000
303	1.50999999
304	1.51499999
305	1.51999998
306	1.52499998
307	1.52999997
308	1.53499997
309	1.53999996
310	1.54499996
311	1.54999995
312	1.55499995
313	1.55999994
314	1.56500006
315	1.57000005
316	1.57500005
317	1.58000004
318	1.58500004
319	1.59000003
320	1.59500003
321	1.60000002
322	1.60500002
323	1.61000001
324	1.61500001
325	1.62000000
326	1.62500000
327	1.63000000
328	1.63499999
329	1.63999999
330	1.64499998
331	1.64999998
332	1.65499997
333	1.65999997
334	1.66499996
335	1.66999996
336	1.67499995
337	1.67999995
338	1.68499994
339	1.69000006
340	1.69500005
341	1.70000005
342	1.70500004
343	1.71000004
344	1.71500003
345	1.72000003
346	1.72500002
347	1.73000002
348	1.73500001
349	1.74000001
350	1.74500000
351	1.75000000
352	1.75500000
353	1.75999999
354	1.76499999
355	1.76999998
356	1.77499998
357	1.77999997
358	1.78499997
359	1.78999996
360	1.79499996
361	1.79999995
362	1.80499995
363	1.80999994
364	1.81500006
365	1.82000005
366	1.82500005
367	1.83000004
368	1.83500004
369	1.84000003
370	1.84500003
371	1.85000002
372	1.85500002
373	1.86000001
374	1.86500001
375	1.87000000
376	1.87500000
377	1.88000000
378	1.88499999
379	1.88999999
380	1.89499998
381	1.89999998
382	1.90499997
383	1.90999997
384	1.91499996
385	1.91999996
386	1.92499995
387	1.92999995
388	1.93499994
389	1.94000006
390	1.94500005
391	1.95000005
392	1.95500004
393	1.96000004
394	1.96500003
395	1.97000003
396	1.97500002
397	1.98000002
398	1.98500001
399	1.99000001
400	1.99500000
401	2.00000000
402	2.00500011
403	2.00999999
404	2.01500010
405	2.01999998
406	2.02500010
407	2.02999997
408	2.03500009
409	2.03999996
410	2.04500008
411	2.04999995
412	2.05500007
413	2.05999994
414	2.06500006
415	2.06999993
416	2.07500005
417	2.07999992
418	2.08500004
419	2.08999991
420	2.09500003
421	2.09999990
422	2.10500002
423	2.10999990
424	2.11500001
425	2.11999989
426	2.12500000
427	2.13000011
428	2.13499999
429	2.14000010
430	2.14499998
431	2.15000010
432	2.15499997
433	2.16000009
434	2.16499996
435	2.17000008
436	2.17499995
437	2.18000007
438	2.18499994
439	2.19000006
440	2.19499993
441	2.20000005
442	2.20499992
443	2.21000004
444	2.21499991
445	2.22000003
446	2.22499990
447	2.23000002
448	2.23499990
449	2.24000001
450	2.24499989
451	2.25000000
452	2.25500011
453	2.25999999
454	2.26500010
455	2.26999998
456	2.27500010
457	2.27999997
458	2.28500009
459	2.28999996
460	2.29500008
461	2.29999995
462	2.30500007
463	2.30999994
464	2.31500006
465	2.31999993
466	2.32500005
467	2.32999992
468	2.33500004
469	2.33999991
470	2.34500003
471	2.34999990
472	2.35500002
473	2.35999990
474	2.36500001
475	2.36999989
476	2.37500000
477	2.38000011
478	2.38499999
479	2.39000010
480	2.39499998
481	2.40000010
482	2.40499997
483	2.41000009
484	2.41499996
485	2.42000008
486	2.42499995
487	2.43000007
488	2.43499994
489	2.44000006
490	2.44499993
491	2.45000005
492	2.45499992
493	2.46000004
494	2.46499991
495	2.47000003
496	2.47499990
497	2.48000002
498	2.48499990
499	2.49000001
500	2.49499989
501	2.50000000
502	2.50500011
503	2.50999999
504	2.51500010
505	2.51999998
506	2.52500010
507	2.52999997
508	2.53500009
509	2.53999996
510	2.54500008
511	2.54999995
512	2.55500007
513	2.55999994
514	2.56500006
515	2.56999993
516	2.57500005
517	2.57999992
518	2.58500004
519	2.58999991
520	2.59500003
521	2.59999990
522	2.60500002
523	2.60999990
524	2.61500001
525	2.61999989
526	2.62500000
527	2.63000011
528	2.63499999
529	2.64000010
530	2.64499998
531	2.65000010
532	2.65499997
533	2.66000009
534	2.66499996
535	2.67000008
536	2.67499995
537	2.68000007
538	2.68499994
539	2.69000006
540	2.69499993
541	2.70000005
542	2.70499992
543	2.71000004
544	2.71499991
545	2.72000003
546	2.72499990
547	2.73000002
548	2.73499990
549	2.74000001
550	2.74499989
551	2.75000000
552	2.75500011
553	2.75999999
554	2.76500010
555	2.76999998
556	2.77500010
557	2.77999997
558	2.78500009
559	2.78999996
560	2.79500008
561	2.79999995
562	2.80500007
563	2.80999994
564	2.81500006
565	2.81999993
566	2.82500005
567	2.82999992
568	2.83500004
569	2.83999991
570	2.84500003
571	2.84999990
572	2.85500002
573	2.85999990
574	2.86500001
575	2.86999989
576	2.87500000
577	2.88000011
578	2.88499999
579	2.89000010
580	2.89499998
581	2.90000010
582	2.90499997
583	2.91000009
584	2.91499996
585	2.92000008
586	2.92499995
587	2.93000007
588	2.93499994
589	2.94000006
590	2.94499993
591	2.95000005
592	2.95499992
593	2.96000004
594	2.96499991
595	2.97000003
596	2.97499990
597	2.98000002
598	2.98499990
599	2.99000001
600	2.99499989
601	3.00000000
602	3.00500011
603	3.00999999
604	3.01500010
605	3.01999998
606	3.02500010
607	3.02999997
608	3.03500009
609	3.03999996
610	3.04500008
611	3.04999995
612	3.05500007
613	3.05999994
614	3.06500006
615	3.06999993
616	3.07500005
617	3.07999992
618	3.08500004
619	3.08999991
620	3.09500003
621	3.09999990
622	3.10500002
623	3.10999990
624	3.11500001
625	3.11999989
626	3.12500000
627	3.13000011
628	3.13499999
629	3.14000010
630	3.14499998
631	3.15000010
632	3.15499997
633	3.16000009
634	3.16499996
635	3.17000008
636	3.17499995
637	3.18000007
638	3.18499994
639	3.19000006
640	3.19499993
641	3.20000005
642	3.20499992
643	3.21000004
644	3.21499991
645	3.22000003
646	3.22499990
647	3.23000002
648	3.23499990
649	3.24000001
650	3.24499989
651	3.25000000
652	3.25500011
653	3.25999999
654	3.26500010
655	3.26999998
656	3.27500010
657	3.27999997
658	3.28500009
659	3.28999996
660	3.29500008
661	3.29999995
662	3.30500007
663	3.30999994
664	3.31500006
665	3.31999993
666	3.32500005
667	3.32999992
668	3.33500004
669	3.33999991
670	3.34500003
671	3.34999990
672	3.35500002
673	3.35999990
674	3.36500001
675	3.36999989
676	3.37500000
677	3.38000011
678	3.38499999
679	3.39000010
680	3.39499998
681	3.40000010
682	3.40499997
683	3.41000009
684	3.41499996
685	3.42000008
686	3.42499995
687	3.43000007
688	3.43499994
689	3.44000006
690	3.44499993
691	3.45000005
692	3.45499992
693	3.46000004
694	3.46499991
695	3.47000003
696	3.47499990
697	3.48000002
698	3.48499990
699	3.49000001
700	3.49499989
701	3.50000000
702	3.50500011
703	3.50999999
704	3.51500010
705	3.51999998
706	3.52500010
707	3.52999997
708	3.53500009
709	3.53999996
710	3.54500008
711	3.54999995
712	3.55500007
713	3.55999994
714	3.56500006
715	3.56999993
716	3.57500005
717	3.57999992
718	3.58500004
719	3.58999991
720	3.59500003
721	3.59999990
722	3.60500002
723	3.60999990
724	3.61500001
725	3.61999989
726	3.62500000
727	3.63000011
728	3.63499999
729	3.64000010
730	3.64499998
731	3.65000010
732	3.65499997
733	3.66000009
734	3.66499996
735	3.67000008
736	3.67499995
737	3.68000007
738	3.68499994
739	3.69000006
740	3.69499993
741	3.70000005
742	3.70499992
743	3.71000004
744	3.71499991
745	3.72000003
746	3.72499990
747	3.73000002
748	3.73499990
749	3.74000001
750	3.74499989
751	3.75000000
752	3.75500011
753	3.75999999
754	3.76500010
755	3.76999998
756	3.77500010
757	3.77999997
758	3.78500009
759	3.78999996
760	3.79500008
761	3.79999995
762	3.80500007
763	3.80999994
764	3.81500006
765	3.81999993
766	3.82500005
767	3.82999992
768	3.83500004
769	3.83999991
770	3.84500003
771	3.84999990
772	3.85500002
773	3.85999990
774	3.86500001
775	3.86999989
776	3.87500000
777	3.88000011
778	3.88499999
779	3.89000010
780	3.89499998
781	3.90000010
782	3.90499997
783	3.91000009
784	3.91499996
785	3.92000008
786	3.92499995
787	3.93000007
788	3.93499994
789	3.94000006
790	3.94499993
791	3.95000005
792	3.95499992
793	3.96000004
794	3.96499991
795	3.97000003
796	3.97499990
797	3.98000002
798	3.98499990
799	3.99000001
800	3.99499989
801	4.00000000
802	4.00500011
803	4.01000023
804	4.01499987
805	4.01999998
806	4.02500010
807	4.03000021
808	4.03499985
809	4.03999996
810	4.04500008
811	4.05000019
812	4.05499983
813	4.05999994
814	4.06500006
815	4.07000017
816	4.07499981
817	4.07999992
818	4.08500004
819	4.09000015
820	4.09499979
821	4.09999990
822	4.10500002
823	4.11000013
824	4.11499977
825	4.11999989
826	4.12500000
827	4.13000011
828	4.13500023
829	4.13999987
830	4.14499998
831	4.15000010
832	4.15500021
833	4.15999985
834	4.16499996
835	4.17000008
836	4.17500019
837	4.17999983
838	4.18499994
839	4.19000006
840	4.19500017
841	4.19999981
842	4.20499992
843	4.21000004
844	4.21500015
845	4.21999979
846	4.22499990
847	4.23000002
848	4.23500013
849	4.23999977
850	4.24499989
851	4.25000000
852	4.25500011
853	4.26000023
854	4.26499987
855	4.26999998
856	4.27500010
857	4.28000021
858	4.28499985
859	4.28999996
860	4.29500008
861	4.30000019
862	4.30499983
863	4.30999994
864	4.31500006
865	4.32000017
866	4.32499981
867	4.32999992
868	4.33500004
869	4.34000015
870	4.34499979
871	4.34999990
872	4.35500002
873	4.36000013
874	4.36499977
875	4.36999989
876	4.37500000
877	4.38000011
878	4.38500023
879	4.38999987
880	4.39499998
881	4.40000010
882	4.40500021
883	4.40999985
884	4.41499996
885	4.42000008
886	4.42500019
887	4.42999983
888	4.43499994
889	4.44000006
890	4.44500017
891	4.44999981
892	4.45499992
893	4.46000004
894	4.46500015
895	4.46999979
896	4.47499990
897	4.48000002
898	4.48500013
899	4.48999977
900	4.49499989
901	4.50000000
902	4.50500011
903	4.51000023
904	4.51499987
905	4.51999998
906	4.52500010
907	4.53000021
908	4.53499985
909	4.53999996
910	4.54500008
911	4.55000019
912	4.55499983
913	4.55999994
914	4.56500006
915	4.57000017
916	4.57499981
917	4.57999992
918	4.58500004
919	4.59000015
920	4.59499979
921	4.59999990
922	4.60500002
923	4.61000013
924	4.61499977
925	4.61999989
926	4.62500000
927	4.63000011
928	4.63500023
929	4.63999987
930	4.64499998
931	4.65000010
932	4.65500021
933	4.65999985
934	4.66499996
935	4.67000008
936	4.67500019
937	4.67999983
938	4.68499994
939	4.69000006
940	4.69500017
941	4.69999981
942	4.70499992
943	4.71000004
944	4.71500015
945	4.71999979
946	4.72499990
947	4.73000002
948	4.73500013
949	4.73999977
950	4.74499989
951	4.75000000
952	4.75500011
953	4.76000023
954	4.76499987
955	4.76999998
956	4.77500010
957	4.78000021
958	4.78499985
959	4.78999996
960	4.79500008
961	4.80000019
962	4.80499983
963	4.80999994
964	4.81500006
965	4.82000017
966	4.82499981
967	4.82999992
968	4.83500004
969	4.84000015
970	4.84499979
971	4.84999990
972	4.85500002
973	4.86000013
974	4.86499977
975	4.86999989
976	4.87500000
977	4.88000011
978	4.88500023
979	4.88999987
980	4.89499998
981	4.90000010
982	4.90500021
983	4.90999985
984	4.91499996
985	4.92000008
986	4.92500019
987	4.92999983
988	4.93499994
989	4.94000006
990	4.94500017
991	4.94999981
992	4.95499992
993	4.96000004
994	4.96500015
995	4.96999979
996	4.97499990
997	4.98000002
998	4.98500013
999	4.98999977
1000	4.99499989
1001	5.00000000
1002	5.00500011
1003	5.01000023
1004	5.01499987
1005	5.01999998
1006	5.02500010
1007	5.03000021
1008	5.03499985
1009	5.03999996
1010	5.04500008
1011	5.05000019
1012	5.05499983
1013	5.05999994
1014	5.06500006
1015	5.07000017
1016	5.07499981
1017	5.07999992
1018	5.08500004
1019	5.09000015
1020	5.09499979
1021	5.09999990
1022	5.10500002
1023	5.11000013
1024	5.11499977
1025	5.11999989
1026	5.12500000
1027	5.13000011
1028	5.13500023
1029	5.13999987
1030	5.14499998
1031	5.15000010
1032	5.15500021
1033	5.15999985
1034	5.16499996
1035	5.17000008
1036	5.17500019
1037	5.17999983
1038	5.18499994
1039	5.19000006
1040	5.19500017
1041	5.19999981
1042	5.20499992
1043	5.21000004
1044	5.21500015
1045	5.21999979
1046	5.22499990
1047	5.23000002
1048	5.23500013
1049	5.23999977
1050	5.24499989
1051	5.25000000
1052	5.25500011
1053	5.26000023
1054	5.26499987
1055	5.26999998
1056	5.27500010
1057	5.28000021
1058	5.28499985
1059	5.28999996
1060	5.29500008
1061	5.30000019
1062	5.30499983
1063	5.30999994
1064	5.31500006
1065	5.32000017
1066	5.32499981
1067	5.32999992
1068	5.33500004
1069	5.34000015
1070	5.34499979
1071	5.34999990
1072	5.35500002
1073	5.36000013
1074	5.36499977
1075	5.36999989
1076	5.37500000
1077	5.38000011
1078	5.38500023
1079	5.38999987
1080	5.39499998
1081	5.40000010
1082	5.40500021
1083	5.40999985
1084	5.41499996
1085	5.42000008
1086	5.42500019
1087	5.42999983
1088	5.43499994
1089	5.44000006
1090	5.44500017
1091	5.44999981
1092	5.45499992
1093	5.46000004
1094	5.46500015
1095	5.46999979
1096	5.47499990
1097	5.48000002
1098	5.48500013
1099	5.48999977
1100	5.49499989
1101	5.50000000
1102	5.50500011
1103	5.51000023
1104	5.51499987
1105	5.51999998
1106	5.52500010
1107	5.53000021
1108	5.53499985
1109	5.53999996
1110	5.54500008
1111	5.55000019
1112	5.55499983
1113	5.55999994
1114	5.56500006
1115	5.57000017
1116	5.57499981
1117	5.57999992
1118	5.58500004
1119	5.59000015
1120	5.59499979
1121	5.59999990
1122	5.60500002
1123	5.61000013
1124	5.61499977
1125	5.61999989
1126	5.62500000
1127	5.63000011
1128	5.63500023
1129	5.63999987
1130	5.64499998
1131	5.65000010
1132	5.65500021
1133	5.65999985
1134	5.66499996
1135	5.67000008
1136	5.67500019
1137	5.67999983
1138	5.68499994
1139	5.69000006
1140	5.69500017
1141	5.69999981
1142	5.70499992
1143	5.71000004
1144	5.71500015
1145	5.71999979
1146	5.72499990
1147	5.73000002
1148	5.73500013
1149	5.73999977
1150	5.74499989
1151	5.75000000
1152	5.75500011
1153	5.76000023
1154	5.76499987
1155	5.76999998
1156	5.77500010
1157	5.78000021
1158	5.78499985
1159	5.78999996
1160	5.79500008
1161	5.80000019
1162	5.80499983
1163	5.80999994
1164	5.81500006
1165	5.82000017
1166	5.82499981
1167	5.82999992
1168	5.83500004
1169	5.84000015
1170	5.84499979
1171	5.84999990
1172	5.85500002
1173	5.86000013
1174	5.86499977
1175	5.86999989
1176	5.87500000
1177	5.88000011
1178	5.88500023
1179	5.88999987
1180	5.89499998
1181	5.90000010
1182	5.90500021
1183	5.90999985
1184	5.91499996
1185	5.92000008
1186	5.92500019
1187	5.92999983
1188	5.93499994
1189	5.94000006
1190	5.94500017
1191	5.94999981
1192	5.95499992
1193	5.96000004
1194	5.96500015
1195	5.96999979
1196	5.97499990
1197	5.98000002
1198	5.98500013
1199	5.98999977
1200	5.99499989
1201	6.00000000
1202	6.00500011
1203	6.01000023
1204	6.01499987
1205	6.01999998
1206	6.02500010
1207	6.03000021
1208	6.03499985
1209	6.03999996
1210	6.04500008
1211	6.05000019
1212	6.05499983
1213	6.05999994
1214	6.06500006
1215	6.07000017
1216	6.07499981
1217	6.07999992
1218	6.08500004
1219	6.09000015
1220	6.09499979
1221	6.09999990
1222	6.10500002
1223	6.11000013
1224	6.11499977
1225	6.11999989
1226	6.12500000
1227	6.13000011
1228	6.13500023
1229	6.13999987
1230	6.14499998
1231	6.15000010
1232	6.15500021
1233	6.15999985
1234	6.16499996
1235	6.17000008
1236	6.17500019
1237	6.17999983
1238	6.18499994
1239	6.19000006
1240	6.19500017
1241	6.19999981
1242	6.20499992
1243	6.21000004
1244	6.21500015
1245	6.21999979
1246	6.22499990
1247	6.23000002
1248	6.23500013
1249	6.23999977
1250	6.24499989
1251	6.25000000
1252	6.25500011
1253	6.26000023
1254	6.26499987
1255	6.26999998
1256	6.27500010
1257	6.28000021
1258	6.28499985
1259	6.28999996
1260	6.29500008
1261	6.30000019
1262	6.30499983
1263	6.30999994
1264	6.31500006
1265	6.32000017
1266	6.32499981
1267	6.32999992
1268	6.33500004
1269	6.34000015
1270	6.34499979
1271	6.34999990
1272	6.35500002
1273	6.36000013
1274	6.36499977
1275	6.36999989
1276	6.37500000
1277	6.38000011
1278	6.38500023
1279	6.38999987
1280	6.39499998
1281	6.40000010
1282	6.40500021
1283	6.40999985
1284	6.41499996
1285	6.42000008
1286	6.42500019
1287	6.42999983
1288	6.43499994
1289	6.44000006
1290	6.44500017
1291	6.44999981
1292	6.45499992
1293	6.46000004
1294	6.46500015
1295	6.46999979
1296	6.47499990
1297	6.48000002
1298	6.48500013
1299	6.48999977
1300	6.49499989
1301	6.50000000
1302	6.50500011
1303	6.51000023
1304	6.51499987
1305	6.51999998
1306	6.52500010
1307	6.53000021
1308	6.53499985
1309	6.53999996
1310	6.54500008
1311	6.55000019
1312	6.55499983
1313	6.55999994
1314	6.56500006
1315	6.57000017
1316	6.57499981
1317	6.57999992
1318	6.58500004
1319	6.59000015
1320	6.59499979
1321	6.59999990
1322	6.60500002
1323	6.61000013
1324	6.61499977
1325	6.61999989
1326	6.62500000
1327	6.63000011
1328	6.63500023
1329	6.63999987
1330	6.64499998
1331	6.65000010
1332	6.65500021
1333	6.65999985
1334	6.66499996
1335	6.67000008
1336	6.67500019
1337	6.67999983
1338	6.68499994
1339	6.69000006
1340	6.69500017
1341	6.69999981
1342	6.70499992
1343	6.71000004
1344	6.71500015
1345	6.71999979
1346	6.72499990
1347	6.73000002
1348	6.73500013
1349	6.73999977
1350	6.74499989
1351	6.75000000
1352	6.75500011
1353	6.76000023
1354	6.76499987
1355	6.76999998
1356	6.77500010
1357	6.78000021
1358	6.78499985
1359	6.78999996
1360	6.79500008
1361	6.80000019
1362	6.80499983
1363	6.80999994
1364	6.81500006
1365	6.82000017
1366	6.82499981
1367	6.82999992
1368	6.83500004
1369	6.84000015
1370	6.84499979
1371	6.84999990
1372	6.85500002
1373	6.86000013
1374	6.86499977
1375	6.86999989
1376	6.87500000
1377	6.88000011
1378	6.88500023
1379	6.88999987
1380	6.89499998
1381	6.90000010
1382	6.90500021
1383	6.90999985
1384	6.91499996
1385	6.92000008
1386	6.92500019
1387	6.92999983
1388	6.93499994
1389	6.94000006
1390	6.94500017
1391	6.94999981
1392	6.95499992
1393	6.96000004
1394	6.96500015
1395	6.96999979
1396	6.97499990
1397	6.98000002
1398	6.98500013
1399	6.98999977
1400	6.99499989
1401	7.00000000
1402	7.00500011
1403	7.01000023
1404	7.01499987
1405	7.01999998
1406	7.02500010
1407	7.03000021
1408	7.03499985
1409	7.03999996
1410	7.04500008
1411	7.05000019
1412	7.05499983
1413	7.05999994
1414	7.06500006
1415	7.07000017
1416	7.07499981
1417	7.07999992
1418	7.08500004
1419	7.09000015
1420	7.09499979
1421	7.09999990
1422	7.10500002
1423	7.11000013
1424	7.11499977
1425	7.11999989
1426	7.12500000
1427	7.13000011
1428	7.13500023
1429	7.13999987
1430	7.14499998
1431	7.15000010
1432	7.15500021
1433	7.15999985
1434	7.16499996
1435	7.17000008
1436	7.17500019
1437	7.17999983
1438	7.18499994
1439	7.19000006
1440	7.19500017
1441	7.19999981
1442	7.20499992
1443	7.21000004
1444	7.21500015
1445	7.21999979
1446	7.22499990
1447	7.23000002
1448	7.23500013
1449	7.23999977
1450	7.24499989
1451	7.25000000
1452	7.25500011
1453	7.26000023
1454	7.26499987
1455	7.26999998
1456	7.27500010
1457	7.28000021
1458	7.28499985
1459	7.28999996
1460	7.29500008
1461	7.30000019
1462	7.30499983
1463	7.30999994
1464	7.31500006
1465	7.32000017
1466	7.32499981
1467	7.32999992
1468	7.33500004
1469	7.34000015
1470	7.34499979
1471	7.34999990
1472	7.35500002
1473	7.36000013
1474	7.36499977
1475	7.36999989
1476	7.37500000
1477	7.38000011
1478	7.38500023
1479	7.38999987
1480	7.39499998
1481	7.40000010
1482	7.40500021
1483	7.40999985
1484	7.41499996
1485	7.42000008
1486	7.42500019
1487	7.42999983
1488	7.43499994
1489	7.44000006
1490	7.44500017
1491	7.44999981
1492	7.45499992
1493	7.46000004
1494	7.46500015
1495	7.46999979
1496	7.47499990
1497	7.48000002
1498	7.48500013
1499	7.48999977
1500	7.49499989
1501	7.50000000
1502	7.50500011
1503	7.51000023
1504	7.51499987
1505	7.51999998
1506	7.52500010
1507	7.53000021
1508	7.53499985
1509	7.53999996
1510	7.54500008
1511	7.55000019
1512	7.55499983
1513	7.55999994
1514	7.56500006
1515	7.57000017
1516	7.57499981
1517	7.57999992
1518	7.58500004
1519	7.59000015
1520	7.59499979
1521	7.59999990
1522	7.60500002
1523	7.61000013
1524	7.61499977
1525	7.61999989
1526	7.62500000
1527	7.63000011
1528	7.63500023
1529	7.63999987
1530	7.64499998
1531	7.65000010
1532	7.65500021
1533	7.65999985
1534	7.66499996
1535	7.67000008
1536	7.67500019
1537	7.67999983
1538	7.68499994
1539	7.69000006
1540	7.69500017
1541	7.69999981
1542	7.70499992
1543	7.71000004
1544	7.71500015
1545	7.71999979
1546	7.72499990
1547	7.73000002
1548	7.73500013
1549	7.73999977
1550	7.74499989
1551	7.75000000
1552	7.75500011
1553	7.76000023
1554	7.76499987
1555	7.76999998
1556	7.77500010
1557	7.78000021
1558	7.78499985
1559	7.78999996
1560	7.79500008
1561	7.80000019
1562	7.80499983
1563	7.80999994
1564	7.81500006
1565	7.82000017
1566	7.82499981
1567	7.82999992
1568	7.83500004
1569	7.84000015
1570	7.84499979
1571	7.84999990
1572	7.85500002
1573	7.86000013
1574	7.86499977
1575	7.86999989
1576	7.87500000
1577	7.88000011
1578	7.88500023
1579	7.88999987
1580	7.89499998
1581	7.90000010
1582	7.90500021
1583	7.90999985
1584	7.91499996
1585	7.92000008
1586	7.92500019
1587	7.92999983
1588	7.93499994
1589	7.94000006
1590	7.94500017
1591	7.94999981
1592	7.95499992
1593	7.96000004
1594	7.96500015
1595	7.96999979
1596	7.97499990
1597	7.98000002
1598	7.98500013
1599	7.98999977
1600	7.99499989
1601	8.00000000
1602	8.00500011
1603	8.01000023
1604	8.01500034
1605	8.02000046
1606	8.02499962
1607	8.02999973
1608	8.03499985
1609	8.03999996
1610	8.04500008
1611	8.05000019
1612	8.05500031
1613	8.06000042
1614	8.06499958
1615	8.06999969
1616	8.07499981
1617	8.07999992
1618	8.08500004
1619	8.09000015
1620	8.09500027
1621	8.10000038
1622	8.10499954
1623	8.10999966
1624	8.11499977
1625	8.11999989
1626	8.12500000
1627	8.13000011
1628	8.13500023
1629	8.14000034
1630	8.14500046
1631	8.14999962
1632	8.15499973
1633	8.15999985
1634	8.16499996
1635	8.17000008
1636	8.17500019
1637	8.18000031
1638	8.18500042
1639	8.18999958
1640	8.19499969
1641	8.19999981
1642	8.20499992
1643	8.21000004
1644	8.21500015
1645	8.22000027
1646	8.22500038
1647	8.22999954
1648	8.23499966
1649	8.23999977
1650	8.24499989
1651	8.25000000
1652	8.25500011
1653	8.26000023
1654	8.26500034
1655	8.27000046
1656	8.27499962
1657	8.27999973
1658	8.28499985
1659	8.28999996
1660	8.29500008
1661	8.30000019
1662	8.30500031
1663	8.31000042
1664	8.31499958
1665	8.31999969
1666	8.32499981
1667	8.32999992
1668	8.33500004
1669	8.34000015
1670	8.34500027
1671	8.35000038
1672	8.35499954
1673	8.35999966
1674	8.36499977
1675	8.36999989
1676	8.37500000
1677	8.38000011
1678	8.38500023
1679	8.39000034
1680	8.39500046
1681	8.39999962
1682	8.40499973
1683	8.40999985
1684	8.41499996
1685	8.42000008
1686	8.42500019
1687	8.43000031
1688	8.43500042
1689	8.43999958
1690	8.44499969
1691	8.44999981
1692	8.45499992
1693	8.46000004
1694	8.46500015
1695	8.47000027
1696	8.47500038
1697	8.47999954
1698	8.48499966
1699	8.48999977
1700	8.49499989
1701	8.50000000
1702	8.50500011
1703	8.51000023
1704	8.51500034
1705	8.52000046
1706	8.52499962
1707	8.52999973
1708	8.53499985
1709	8.53999996
1710	8.54500008
1711	8.55000019
1712	8.55500031
1713	8.56000042
1714	8.56499958
1715	8.56999969
1716	8.57499981
1717	8.57999992
1718	8.58500004
1719	8.59000015
1720	8.59500027
1721	8.60000038
1722	8.60499954
1723	8.60999966
1724	8.61499977
1725	8.61999989
1726	8.62500000
1727	8.63000011
1728	8.63500023
1729	8.64000034
1730	8.64500046
1731	8.64999962
1732	8.65499973
1733	8.65999985
1734	8.66499996
1735	8.67000008
1736	8.67500019
1737	8.68000031
1738	8.68500042
1739	8.68999958
1740	8.69499969
1741	8.69999981
1742	8.70499992
1743	8.71000004
1744	8.71500015
1745	8.72000027
1746	8.72500038
1747	8.72999954
1748	8.73499966
1749	8.73999977
1750	8.74499989
1751	8.75000000
1752	8.75500011
1753	8.76000023
1754	8.76500034
1755	8.77000046
1756	8.77499962
1757	8.77999973
1758	8.78499985
1759	8.78999996
1760	8.79500008
1761	8.80000019
1762	8.80500031
1763	8.81000042
1764	8.81499958
1765	8.81999969
1766	8.82499981
1767	8.82999992
1768	8.83500004
1769	8.84000015
1770	8.84500027
1771	8.85000038
1772	8.85499954
1773	8.85999966
1774	8.86499977
1775	8.86999989
1776	8.87500000
1777	8.88000011
1778	8.88500023
1779	8.89000034
1780	8.89500046
1781	8.89999962
1782	8.90499973
1783	8.90999985
1784	8.91499996
1785	8.92000008
1786	8.92500019
1787	8.93000031
1788	8.93500042
1789	8.93999958
1790	8.94499969
1791	8.94999981
1792	8.95499992
1793	8.96000004
1794	8.96500015
1795	8.97000027
1796	8.97500038
1797	8.97999954
1798	8.98499966
1799	8.98999977
1800	8.99499989
1801	9.00000000
1802	9.00500011
1803	9.01000023
1804	9.01500034
1805	9.02000046
1806	9.02499962
1807	9.02999973
1808	9.03499985
1809	9.03999996
1810	9.04500008
1811	9.05000019
1812	9.05500031
1813	9.06000042
1814	9.06499958
1815	9.06999969
1816	9.07499981
1817	9.07999992
1818	9.08500004
1819	9.09000015
1820	9.09500027
1821	9.10000038
1822	9.10499954
1823	9.10999966
1824	9.11499977
1825	9.11999989
1826	9.12500000
1827	9.13000011
1828	9.13500023
1829	9.14000034
1830	9.14500046
1831	9.14999962
1832	9.15499973
1833	9.15999985
1834	9.16499996
1835	9.17000008
1836	9.17500019
1837	9.18000031
1838	9.18500042
1839	9.18999958
1840	9.19499969
1841	9.19999981
1842	9.20499992
1843	9.21000004
1844	9.21500015
1845	9.22000027
1846	9.22500038
1847	9.22999954
1848	9.23499966
1849	9.23999977
1850	9.24499989
1851	9.25000000
1852	9.25500011
1853	9.26000023
1854	9.26500034
1855	9.27000046
1856	9.27499962
1857	9.27999973
1858	9.28499985
1859	9.28999996
1860	9.29500008
1861	9.30000019
1862	9.30500031
1863	9.31000042
1864	9.31499958
1865	9.31999969
1866	9.32499981
1867	9.32999992
1868	9.33500004
1869	9.34000015
1870	9.34500027
1871	9.35000038
1872	9.35499954
1873	9.35999966
1874	9.36499977
1875	9.36999989
1876	9.37500000
1877	9.38000011
1878	9.38500023
1879	9.39000034
1880	9.39500046
1881	9.39999962
1882	9.40499973
1883	9.40999985
1884	9.41499996
1885	9.42000008
1886	9.42500019
1887	9.43000031
1888	9.43500042
1889	9.43999958
1890	9.44499969
1891	9.44999981
1892	9.45499992
1893	9.46000004
1894	9.46500015
1895	9.47000027
1896	9.47500038
1897	9.47999954
1898	9.48499966
1899	9.48999977
1900	9.49499989
1901	9.50000000
1902	9.50500011
1903	9.51000023
1904	9.51500034
1905	9.52000046
1906	9.52499962
1907	9.52999973
1908	9.53499985
1909	9.53999996
1910	9.54500008
1911	9.55000019
1912	9.55500031
1913	9.56000042
1914	9.56499958
1915	9.56999969
1916	9.57499981
1917	9.57999992
1918	9.58500004
1919	9.59000015
1920	9.59500027
1921	9.60000038
1922	9.60499954
1923	9.60999966
1924	9.61499977
1925	9.61999989
1926	9.62500000
1927	9.63000011
1928	9.63500023
1929	9.64000034
1930	9.64500046
1931	9.64999962
1932	9.65499973
1933	9.65999985
1934	9.66499996
1935	9.67000008
1936	9.67500019
1937	9.68000031
1938	9.68500042
1939	9.68999958
1940	9.69499969
1941	9.69999981
1942	9.70499992
1943	9.71000004
1944	9.71500015
1945	9.72000027
1946	9.72500038
1947	9.72999954
1948	9.73499966
1949	9.73999977
1950	9.74499989
1951	9.75000000
1952	9.75500011
1953	9.76000023
1954	9.76500034
1955	9.77000046
1956	9.77499962
1957	9.77999973
1958	9.78499985
1959	9.78999996
1960	9.79500008
1961	9.80000019
1962	9.80500031
1963	9.81000042
1964	9.81499958
1965	9.81999969
1966	9.82499981
1967	9.82999992
1968	9.83500004
1969	9.84000015
1970	9.84500027
1971	9.85000038
1972	9.85499954
1973	9.85999966
1974	9.86499977
1975	9.86999989
1976	9.87500000
1977	9.88000011
1978	9.88500023
1979	9.89000034
1980	9.89500046
1981	9.89999962
1982	9.90499973
1983	9.90999985
1984	9.91499996
1985	9.92000008
1986	9.92500019
1987	9.93000031
1988	9.93500042
1989	9.93999958
1990	9.94499969
1991	9.94999981
1992	9.95499992
1993	9.96000004
1994	9.96500015
1995	9.97000027
1996	9.97500038
1997	9.97999954
1998	9.98499966
1999	9.98999977
2000	9.99499989
2001	10.00000000
2002	10.00500011
2003	10.01000023
2004	10.01500034
2005	10.02000046
2006	10.02499962
2007	10.02999973
2008	10.03499985
2009	10.03999996
2010	10.04500008
2011	10.05000019
2012	10.05500031
2013	10.06000042
2014	10.06499958
2015	10.06999969
2016	10.07499981
2017	10.07999992
2018	10.08500004
2019	10.09000015
2020	10.09500027
2021	10.10000038
2022	10.10499954
2023	10.10999966
2024	10.11499977
2025	10.11999989
2026	10.12500000
2027	10.13000011
2028	10.13500023
2029	10.14000034
2030	10.14500046
2031	10.14999962
2032	10.15499973
2033	10.15999985
2034	10.16499996
2035	10.17000008
2036	10.17500019
2037	10.18000031
2038	10.18500042
2039	10.18999958
2040	10.19499969
2041	10.19999981
2042	10.20499992
2043	10.21000004
2044	10.21500015
2045	10.22000027
2046	10.22500038
2047	10.22999954
2048	10.23499966
2049	10.23999977
2050	10.24499989
2051	10.25000000
2052	10.25500011
2053	10.26000023
2054	10.26500034
2055	10.27000046
2056	10.27499962
2057	10.27999973
2058	10.28499985
2059	10.28999996
2060	10.29500008
2061	10.30000019
2062	10.30500031
2063	10.31000042
2064	10.31499958
2065	10.31999969
2066	10.32499981
2067	10.32999992
2068	10.33500004
2069	10.34000015
2070	10.34500027
2071	10.35000038
2072	10.35499954
2073	10.35999966
2074	10.36499977
2075	10.36999989
2076	10.37500000
2077	10.38000011
2078	10.38500023
2079	10.39000034
2080	10.39500046
2081	10.39999962
2082	10.40499973
2083	10.40999985
2084	10.41499996
2085	10.42000008
2086	10.42500019
2087	10.43000031
2088	10.43500042
2089	10.43999958
2090	10.44499969
2091	10.44999981
2092	10.45499992
2093	10.46000004
2094	10.46500015
2095	10.47000027
2096	10.47500038
2097	10.47999954
2098	10.48499966
2099	10.48999977
2100	10.49499989
2101	10.50000000
2102	10.50500011
2103	10.51000023
2104	10.51500034
2105	10.52000046
2106	10.52499962
2107	10.52999973
2108	10.53499985
2109	10.53999996
2110	10.54500008
2111	10.55000019
2112	10.55500031
2113	10.56000042
2114	10.56499958
2115	10.56999969
2116	10.57499981
2117	10.57999992
2118	10.58500004
2119	10.59000015
2120	10.59500027
2121	10.60000038
2122	10.60499954
2123	10.60999966
2124	10.61499977
2125	10.61999989
2126	10.62500000
2127	10.63000011
2128	10.63500023
2129	10.64000034
2130	10.64500046
2131	10.64999962
2132	10.65499973
2133	10.65999985
2134	10.66499996
2135	10.67000008
2136	10.67500019
2137	10.68000031
2138	10.68500042
2139	10.68999958
2140	10.69499969
2141	10.69999981
2142	10.70499992
2143	10.71000004
2144	10.71500015
2145	10.72000027
2146	10.72500038
2147	10.72999954
2148	10.73499966
2149	10.73999977
2150	10.74499989
2151	10.75000000
2152	10.75500011
2153	10.76000023
2154	10.76500034
2155	10.77000046
2156	10.77499962
2157	10.77999973
2158	10.78499985
2159	10.78999996
2160	10.79500008
2161	10.80000019
2162	10.80500031
2163	10.81000042
2164	10.81499958
2165	10.81999969
2166	10.82499981
2167	10.82999992
2168	10.83500004
2169	10.84000015
2170	10.84500027
2171	10.85000038
2172	10.85499954
2173	10.85999966
2174	10.86499977
2175	10.86999989
2176	10.87500000
2177	10.88000011
2178	10.88500023
2179	10.89000034
2180	10.89500046
2181	10.89999962
2182	10.90499973
2183	10.90999985
2184	10.91499996
2185	10.92000008
2186	10.92500019
2187	10.93000031
2188	10.93500042
2189	10.93999958
2190	10.94499969
2191	10.94999981
2192	10.95499992
2193	10.96000004
2194	10.96500015
2195	10.97000027
2196	10.97500038
2197	10.97999954
2198	10.98499966
2199	10.98999977
2200	10.99499989
2201	11.00000000
2202	11.00500011
2203	11.01000023
2204	11.01500034
2205	11.02000046
2206	11.02499962
2207	11.02999973
2208	11.03499985
2209	11.03999996
2210	11.04500008
2211	11.05000019
2212	11.05500031
2213	11.06000042
2214	11.06499958
2215	11.06999969
2216	11.07499981
2217	11.07999992
2218	11.08500004
2219	11.09000015
2220	11.09500027
2221	11.10000038
2222	11.10499954
2223	11.10999966
2224	11.11499977
2225	11.11999989
2226	11.12500000
2227	11.13000011
2228	11.13500023
2229	11.14000034
2230	11.14500046
2231	11.14999962
2232	11.15499973
2233	11.15999985
2234	11.16499996
2235	11.17000008
2236	11.17500019
2237	11.18000031
2238	11.18500042
2239	11.18999958
2240	11.19499969
2241	11.19999981
2242	11.20499992
2243	11.21000004
2244	11.21500015
2245	11.22000027
2246	11.22500038
2247	11.22999954
2248	11.23499966
2249	11.23999977
2250	11.24499989
2251	11.25000000
2252	11.25500011
2253	11.26000023
2254	11.26500034
2255	11.27000046
2256	11.27499962
2257	11.27999973
2258	11.28499985
2259	11.28999996
2260	11.29500008
2261	11.30000019
2262	11.30500031
2263	11.31000042
2264	11.31499958
2265	11.31999969
2266	11.32499981
2267	11.32999992
2268	11.33500004
2269	11.34000015
2270	11.34500027
2271	11.35000038
2272	11.35499954
2273	11.35999966
2274	11.36499977
2275	11.36999989
2276	11.37500000
2277	11.38000011
2278	11.38500023
2279	11.39000034
2280	11.39500046
2281	11.39999962
2282	11.40499973
2283	11.40999985
2284	11.41499996
2285	11.42000008
2286	11.42500019
2287	11.43000031
2288	11.43500042
2289	11.43999958
2290	11.44499969
2291	11.44999981
2292	11.45499992
2293	11.46000004
2294	11.46500015
2295	11.47000027
2296	11.47500038
2297	11.47999954
2298	11.48499966
2299	11.48999977
2300	11.49499989
2301	11.50000000
2302	11.50500011
2303	11.51000023
2304	11.51500034
2305	11.52000046
2306	11.52499962
2307	11.52999973
2308	11.53499985
2309	11.53999996
2310	11.54500008
2311	11.55000019
2312	11.55500031
2313	11.56000042
2314	11.56499958
2315	11.56999969
2316	11.57499981
2317	11.57999992
2318	11.58500004
2319	11.59000015
2320	11.59500027
2321	11.60000038
2322	11.60499954
2323	11.60999966
2324	11.61499977
2325	11.61999989
2326	11.62500000
2327	11.63000011
2328	11.63500023
2329	11.64000034
2330	11.64500046
2331	11.64999962
2332	11.65499973
2333	11.65999985
2334	11.66499996
2335	11.67000008
2336	11.67500019
2337	11.68000031
2338	11.68500042
2339	11.68999958
2340	11.69499969
2341	11.69999981
2342	11.70499992
2343	11.71000004
2344	11.71500015
2345	11.72000027
2346	11.72500038
2347	11.72999954
2348	11.73499966
2349	11.73999977
2350	11.74499989
2351	11.75000000
2352	11.75500011
2353	11.76000023
2354	11.76500034
2355	11.77000046
2356	11.77499962
2357	11.77999973
2358	11.78499985
2359	11.78999996
2360	11.79500008
2361	11.80000019
2362	11.80500031
2363	11.81000042
2364	11.81499958
2365	11.81999969
2366	11.82499981
2367	11.82999992
2368	11.83500004
2369	11.84000015
2370	11.84500027
2371	11.85000038
2372	11.85499954
2373	11.85999966
2374	11.86499977
2375	11.86999989
2376	11.87500000
2377	11.88000011
2378	11.88500023
2379	11.89000034
2380	11.89500046
2381	11.89999962
2382	11.90499973
2383	11.90999985
2384	11.91499996
2385	11.92000008
2386	11.92500019
2387	11.93000031
2388	11.93500042
2389	11.93999958
2390	11.94499969
2391	11.94999981
2392	11.95499992
2393	11.96000004
2394	11.96500015
2395	11.97000027
2396	11.97500038
2397	11.97999954
2398	11.98499966
2399	11.98999977
2400	11.99499989
2401	12.00000000
2402	12.00500011
2403	12.01000023
2404	12.01500034
2405	12.02000046
2406	12.02499962
2407	12.02999973
2408	12.03499985
2409	12.03999996
2410	12.04500008
2411	12.05000019
2412	12.05500031
2413	12.06000042
2414	12.06499958
2415	12.06999969
2416	12.07499981
2417	12.07999992
2418	12.08500004
2419	12.09000015
2420	12.09500027
2421	12.10000038
2422	12.10499954
2423	12.10999966
2424	12.11499977
2425	12.11999989
2426	12.12500000
2427	12.13000011
2428	12.13500023
2429	12.14000034
2430	12.14500046
2431	12.14999962
2432	12.15499973
2433	12.15999985
2434	12.16499996
2435	12.17000008
2436	12.17500019
2437	12.18000031
2438	12.18500042
2439	12.18999958
2440	12.19499969
2441	12.19999981
2442	12.20499992
2443	12.21000004
2444	12.21500015
2445	12.22000027
2446	12.22500038
2447	12.22999954
2448	12.23499966
2449	12.23999977
2450	12.24499989
2451	12.25000000
2452	12.25500011
2453	12.26000023
2454	12.26500034
2455	12.27000046
2456	12.27499962
2457	12.27999973
2458	12.28499985
2459	12.28999996
2460	12.29500008
2461	12.30000019
2462	12.30500031
2463	12.31000042
2464	12.31499958
2465	12.31999969
2466	12.32499981
2467	12.32999992
2468	12.33500004
2469	12.34000015
2470	12.34500027
2471	12.35000038
2472	12.35499954
2473	12.35999966
2474	12.36499977
2475	12.36999989
2476	12.37500000
2477	12.38000011
2478	12.38500023
2479	12.39000034
2480	12.39500046
2481	12.39999962
2482	12.40499973
2483	12.40999985
2484	12.41499996
2485	12.42000008
2486	12.42500019
2487	12.43000031
2488	12.43500042
2489	12.43999958
2490	12.44499969
2491	12.44999981
2492	12.45499992
2493	12.46000004
2494	12.46500015
2495	12.47000027
2496	12.47500038
2497	12.47999954
2498	12.48499966
2499	12.48999977
2500	12.49499989
2501	12.50000000
2502	12.50500011
2503	12.51000023
2504	12.51500034
2505	12.52000046
2506	12.52499962
2507	12.52999973
2508	12.53499985
2509	12.53999996
2510	12.54500008
2511	12.55000019
2512	12.55500031
2513	12.56000042
2514	12.56499958
2515	12.56999969
2516	12.57499981
2517	12.57999992
2518	12.58500004
2519	12.59000015
2520	12.59500027
2521	12.60000038
2522	12.60499954
2523	12.60999966
2524	12.61499977
2525	12.61999989
2526	12.62500000
2527	12.63000011
2528	12.63500023
2529	12.64000034
2530	12.64500046
2531	12.64999962
2532	12.65499973
2533	12.65999985
2534	12.66499996
2535	12.67000008
2536	12.67500019
2537	12.68000031
2538	12.68500042
2539	12.68999958
2540	12.69499969
2541	12.69999981
2542	12.70499992
2543	12.71000004
2544	12.71500015
2545	12.72000027
2546	12.72500038
2547	12.72999954
2548	12.73499966
2549	12.73999977
2550	12.74499989
2551	12.75000000
2552	12.75500011
2553	12.76000023
2554	12.76500034
2555	12.77000046
2556	12.77499962
2557	12.77999973
2558	12.78499985
2559	12.78999996
2560	12.79500008
2561	12.80000019
2562	12.80500031
2563	12.81000042
2564	12.81499958
2565	12.81999969
2566	12.82499981
2567	12.82999992
2568	12.83500004
2569	12.84000015
2570	12.84500027
2571	12.85000038
2572	12.85499954
2573	12.85999966
2574	12.86499977
2575	12.86999989
2576	12.87500000
2577	12.88000011
2578	12.88500023
2579	12.89000034
2580	12.89500046
2581	12.89999962
2582	12.90499973
2583	12.90999985
2584	12.91499996
2585	12.92000008
2586	12.92500019
2587	12.93000031
2588	12.93500042
2589	12.93999958
2590	12.94499969
2591	12.94999981
2592	12.95499992
2593	12.96000004
2594	12.96500015
2595	12.97000027
2596	12.97500038
2597	12.97999954
2598	12.98499966
2599	12.98999977
2600	12.99499989
2601	13.00000000
2602	13.00500011
2603	13.01000023
2604	13.01500034
2605	13.02000046
2606	13.02499962
2607	13.02999973
2608	13.03499985
2609	13.03999996
2610	13.04500008
2611	13.05000019
2612	13.05500031
2613	13.06000042
2614	13.06499958
2615	13.06999969
2616	13.07499981
2617	13.07999992
2618	13.08500004
2619	13.09000015
2620	13.09500027
2621	13.10000038
2622	13.10499954
2623	13.10999966
2624	13.11499977
2625	13.11999989
2626	13.12500000
2627	13.13000011
2628	13.13500023
2629	13.14000034
2630	13.14500046
2631	13.14999962
2632	13.15499973
2633	13.15999985
2634	13.16499996
2635	13.17000008
2636	13.17500019
2637	13.18000031
2638	13.18500042
2639	13.18999958
2640	13.19499969
2641	13.19999981
2642	13.20499992
2643	13.21000004
2644	13.21500015
2645	13.22000027
2646	13.22500038
2647	13.22999954
2648	13.23499966
2649	13.23999977
2650	13.24499989
2651	13.25000000
2652	13.25500011
2653	13.26000023
2654	13.26500034
2655	13.27000046
2656	13.27499962
2657	13.27999973
2658	13.28499985
2659	13.28999996
2660	13.29500008
2661	13.30000019
2662	13.30500031
2663	13.31000042
2664	13.31499958
2665	13.31999969
2666	13.32499981
2667	13.32999992
2668	13.33500004
2669	13.34000015
2670	13.34500027
2671	13.35000038
2672	13.35499954
2673	13.35999966
2674	13.36499977
2675	13.36999989
2676	13.37500000
2677	13.38000011
2678	13.38500023
2679	13.39000034
2680	13.39500046
2681	13.39999962
2682	13.40499973
2683	13.40999985
2684	13.41499996
2685	13.42000008
2686	13.42500019
2687	13.43000031
2688	13.43500042
2689	13.43999958
2690	13.44499969
2691	13.44999981
2692	13.45499992
2693	13.46000004
2694	13.46500015
2695	13.47000027
2696	13.47500038
2697	13.47999954
2698	13.48499966
2699	13.48999977
2700	13.49499989
2701	13.50000000
2702	13.50500011
2703	13.51000023
2704	13.51500034
2705	13.52000046
2706	13.52499962
2707	13.52999973
2708	13.53499985
2709	13.53999996
2710	13.54500008
2711	13.55000019
2712	13.55500031
2713	13.56000042
2714	13.56499958
2715	13.56999969
2716	13.57499981
2717	13.57999992
2718	13.58500004
2719	13.59000015
2720	13.59500027
2721	13.60000038
2722	13.60499954
2723	13.60999966
2724	13.61499977
2725	13.61999989
2726	13.62500000
2727	13.63000011
2728	13.63500023
2729	13.64000034
2730	13.64500046
2731	13.64999962
2732	13.65499973
2733	13.65999985
2734	13.66499996
2735	13.67000008
2736	13.67500019
2737	13.68000031
2738	13.68500042
2739	13.68999958
2740	13.69499969
2741	13.69999981
2742	13.70499992
2743	13.71000004
2744	13.71500015
2745	13.72000027
2746	13.72500038
2747	13.72999954
2748	13.73499966
2749	13.73999977
2750	13.74499989
2751	13.75000000
2752	13.75500011
2753	13.76000023
2754	13.76500034
2755	13.77000046
2756	13.77499962
2757	13.77999973
2758	13.78499985
2759	13.78999996
2760	13.79500008
2761	13.80000019
2762	13.80500031
2763	13.81000042
2764	13.81499958
2765	13.81999969
2766	13.82499981
2767	13.82999992
2768	13.83500004
2769	13.84000015
2770	13.84500027
2771	13.85000038
2772	13.85499954
2773	13.85999966
2774	13.86499977
2775	13.86999989
2776	13.87500000
2777	13.88000011
2778	13.88500023
2779	13.89000034
2780	13.89500046
2781	13.89999962
2782	13.90499973
2783	13.90999985
2784	13.91499996
2785	13.92000008
2786	13.92500019
2787	13.93000031
2788	13.93500042
2789	13.93999958
2790	13.94499969
2791	13.94999981
2792	13.95499992
2793	13.96000004
2794	13.96500015
2795	13.97000027
2796	13.97500038
2797	13.97999954
2798	13.98499966
2799	13.98999977
2800	13.99499989
2801	14.00000000
2802	14.00500011
2803	14.01000023
2804	14.01500034
2805	14.02000046
2806	14.02499962
2807	14.02999973
2808	14.03499985
2809	14.03999996
2810	14.04500008
2811	14.05000019
2812	14.05500031
2813	14.06000042
2814	14.06499958
2815	14.06999969
2816	14.07499981
2817	14.07999992
2818	14.08500004
2819	14.09000015
2820	14.09500027
2821	14.10000038
2822	14.10499954
2823	14.10999966
2824	14.11499977
2825	14.11999989
2826	14.12500000
2827	14.13000011
2828	14.13500023
2829	14.14000034
2830	14.14500046
2831	14.14999962
2832	14.15499973
2833	14.15999985
2834	14.16499996
2835	14.17000008
2836	14.17500019
2837	14.18000031
2838	14.18500042
2839	14.18999958
2840	14.19499969
2841	14.19999981
2842	14.20499992
2843	14.21000004
2844	14.21500015
2845	14.22000027
2846	14.22500038
2847	14.22999954
2848	14.23499966
2849	14.23999977
2850	14.24499989
2851	14.25000000
2852	14.25500011
2853	14.26000023
2854	14.26500034
2855	14.27000046
2856	14.27499962
2857	14.27999973
2858	14.28499985
2859	14.28999996
2860	14.29500008
2861	14.30000019
2862	14.30500031
2863	14.31000042
2864	14.31499958
2865	14.31999969
2866	14.32499981
2867	14.32999992
2868	14.33500004
2869	14.34000015
2870	14.34500027
2871	14.35000038
2872	14.35499954
2873	14.35999966
2874	14.36499977
2875	14.36999989
2876	14.37500000
2877	14.38000011
2878	14.38500023
2879	14.39000034
2880	14.39500046
2881	14.39999962
2882	14.40499973
2883	14.40999985
2884	14.41499996
2885	14.42000008
2886	14.42500019
2887	14.43000031
2888	14.43500042
2889	14.43999958
2890	14.44499969
2891	14.44999981
2892	14.45499992
2893	14.46000004
2894	14.46500015
2895	14.47000027
2896	14.47500038
2897	14.47999954
2898	14.48499966
2899	14.48999977
2900	14.49499989
2901	14.50000000
2902	14.50500011
2903	14.51000023
2904	14.51500034
2905	14.52000046
2906	14.52499962
2907	14.52999973
2908	14.53499985
2909	14.53999996
2910	14.54500008
2911	14.55000019
2912	14.55500031
2913	14.56000042
2914	14.56499958
2915	14.56999969
2916	14.57499981
2917	14.57999992
2918	14.58500004
2919	14.59000015
2920	14.59500027
2921	14.60000038
2922	14.60499954
2923	14.60999966
2924	14.61499977
2925	14.61999989
2926	14.62500000
2927	14.63000011
2928	14.63500023
2929	14.64000034
2930	14.64500046
2931	14.64999962
2932	14.65499973
2933	14.65999985
2934	14.66499996
2935	14.67000008
2936	14.67500019
2937	14.68000031
2938	14.68500042
2939	14.68999958
2940	14.69499969
2941	14.69999981
2942	14.70499992
2943	14.71000004
2944	14.71500015
2945	14.72000027
2946	14.72500038
2947	14.72999954
2948	14.73499966
2949	14.73999977
2950	14.74499989
2951	14.75000000
2952	14.75500011
2953	14.76000023
2954	14.76500034
2955	14.77000046
2956	14.77499962
2957	14.77999973
2958	14.78499985
2959	14.78999996
2960	14.79500008
2961	14.80000019
2962	14.80500031
2963	14.81000042
2964	14.81499958
2965	14.81999969
2966	14.82499981
2967	14.82999992
2968	14.83500004
2969	14.84000015
2970	14.84500027
2971	14.85000038
2972	14.85499954
2973	14.85999966
2974	14.86499977
2975	14.86999989
2976	14.87500000
2977	14.88000011
2978	14.88500023
2979	14.89000034
2980	14.89500046
2981	14.89999962
2982	14.90499973
2983	14.90999985
2984	14.91499996
2985	14.92000008
2986	14.92500019
2987	14.93000031
2988	14.93500042
2989	14.93999958
2990	14.94499969
2991	14.94999981
2992	14.95499992
2993	14.96000004
2994	14.96500015
2995	14.97000027
2996	14.97500038
2997	14.97999954
2998	14.98499966
2999	14.98999977
3000	14.99499989
3001	15.00000000
3002	15.00500011
3003	15.01000023
3004	15.01500034
3005	15.02000046
3006	15.02499962
3007	15.02999973
3008	15.03499985
3009	15.03999996
3010	15.04500008
3011	15.05000019
3012	15.05500031
3013	15.06000042
3014	15.06499958
3015	15.06999969
3016	15.07499981
3017	15.07999992
3018	15.08500004
3019	15.09000015
3020	15.09500027
3021	15.10000038
3022	15.10499954
3023	15.10999966
3024	15.11499977
3025	15.11999989
3026	15.12500000
3027	15.13000011
3028	15.13500023
3029	15.14000034
3030	15.14500046
3031	15.14999962
3032	15.15499973
3033	15.15999985
3034	15.16499996
3035	15.17000008
3036	15.17500019
3037	15.18000031
3038	15.18500042
3039	15.18999958
3040	15.19499969
3041	15.19999981
3042	15.20499992
3043	15.21000004
3044	15.21500015
3045	15.22000027
3046	15.22500038
3047	15.22999954
3048	15.23499966
3049	15.23999977
3050	15.24499989
3051	15.25000000
3052	15.25500011
3053	15.26000023
3054	15.26500034
3055	15.27000046
3056	15.27499962
3057	15.27999973
3058	15.28499985
3059	15.28999996
3060	15.29500008
3061	15.30000019
3062	15.30500031
3063	15.31000042
3064	15.31499958
3065	15.31999969
3066	15.32499981
3067	15.32999992
3068	15.33500004
3069	15.34000015
3070	15.34500027
3071	15.35000038
3072	15.35499954
3073	15.35999966
3074	15.36499977
3075	15.36999989
3076	15.37500000
3077	15.38000011
3078	15.38500023
3079	15.39000034
3080	15.39500046
3081	15.39999962
3082	15.40499973
3083	15.40999985
3084	15.41499996
3085	15.42000008
3086	15.42500019
3087	15.43000031
3088	15.43500042
3089	15.43999958
3090	15.44499969
3091	15.44999981
3092	15.45499992
3093	15.46000004
3094	15.46500015
3095	15.47000027
3096	15.47500038
3097	15.47999954
3098	15.48499966
3099	15.48999977
3100	15.49499989
3101	15.50000000
3102	15.50500011
3103	15.51000023
3104	15.51500034
3105	15.52000046
3106	15.52499962
3107	15.52999973
3108	15.53499985
3109	15.53999996
3110	15.54500008
3111	15.55000019
3112	15.55500031
3113	15.56000042
3114	15.56499958
3115	15.56999969
3116	15.57499981
3117	15.57999992
3118	15.58500004
3119	15.59000015
3120	15.59500027
3121	15.60000038
3122	15.60499954
3123	15.60999966
3124	15.61499977
3125	15.61999989
3126	15.62500000
3127	15.63000011
3128	15.63500023
3129	15.64000034
3130	15.64500046
3131	15.64999962
3132	15.65499973
3133	15.65999985
3134	15.66499996
3135	15.67000008
3136	15.67500019
3137	15.68000031
3138	15.68500042
3139	15.68999958
3140	15.69499969
3141	15.69999981
3142	15.70499992
3143	15.71000004
3144	15.71500015
3145	15.72000027
3146	15.72500038
3147	15.72999954
3148	15.73499966
3149	15.73999977
3150	15.74499989
3151	15.75000000
3152	15.75500011
3153	15.76000023
3154	15.76500034
3155	15.77000046
3156	15.77499962
3157	15.77999973
3158	15.78499985
3159	15.78999996
3160	15.79500008
3161	15.80000019
3162	15.80500031
3163	15.81000042
3164	15.81499958
3165	15.81999969
3166	15.82499981
3167	15.82999992
3168	15.83500004
3169	15.84000015
3170	15.84500027
3171	15.85000038
3172	15.85499954
3173	15.85999966
3174	15.86499977
3175	15.86999989
3176	15.87500000
3177	15.88000011
3178	15.88500023
3179	15.89000034
3180	15.89500046
3181	15.89999962
3182	15.90499973
3183	15.90999985
3184	15.91499996
3185	15.92000008
3186	15.92500019
3187	15.93000031
3188	15.93500042
3189	15.93999958
3190	15.94499969
3191	15.94999981
3192	15.95499992
3193	15.96000004
3194	15.96500015
3195	15.97000027
3196	15.97500038
3197	15.97999954
3198	15.98499966
3199	15.98999977
3200	15.99499989
3201	16.00000000
3202	16.00499916
3203	16.01000023
3204	16.01499939
3205	16.02000046
3206	16.02499962
3207	16.03000069
3208	16.03499985
3209	16.04000092
3210	16.04500008
3211	16.04999924
3212	16.05500031
3213	16.05999947
3214	16.06500053
3215	16.06999969
3216	16.07500076
3217	16.07999992
3218	16.08499908
3219	16.09000015
3220	16.09499931
3221	16.10000038
3222	16.10499954
3223	16.11000061
3224	16.11499977
3225	16.12000084
3226	16.12500000
3227	16.12999916
3228	16.13500023
3229	16.13999939
3230	16.14500046
3231	16.14999962
3232	16.15500069
3233	16.15999985
3234	16.16500092
3235	16.17000008
3236	16.17499924
3237	16.18000031
3238	16.18499947
3239	16.19000053
3240	16.19499969
3241	16.20000076
3242	16.20499992
3243	16.20999908
3244	16.21500015
3245	16.21999931
3246	16.22500038
3247	16.22999954
3248	16.23500061
3249	16.23999977
3250	16.24500084
3251	16.25000000
3252	16.25499916
3253	16.26000023
3254	16.26499939
3255	16.27000046
3256	16.27499962
3257	16.28000069
3258	16.28499985
3259	16.29000092
3260	16.29500008
3261	16.29999924
3262	16.30500031
3263	16.30999947
3264	16.31500053
3265	16.31999969
3266	16.32500076
3267	16.32999992
3268	16.33499908
3269	16.34000015
3270	16.34499931
3271	16.35000038
3272	16.35499954
3273	16.36000061
3274	16.36499977
3275	16.37000084
3276	16.37500000
3277	16.37999916
3278	16.38500023
3279	16.38999939
3280	16.39500046
3281	16.39999962
3282	16.40500069
3283	16.40999985
3284	16.41500092
3285	16.42000008
3286	16.42499924
3287	16.43000031
3288	16.43499947
3289	16.44000053
3290	16.44499969
3291	16.45000076
3292	16.45499992
3293	16.45999908
3294	16.46500015
3295	16.46999931
3296	16.47500038
3297	16.47999954
3298	16.48500061
3299	16.48999977
3300	16.49500084
3301	16.50000000
3302	16.50499916
3303	16.51000023
3304	16.51499939
3305	16.52000046
3306	16.52499962
3307	16.53000069
3308	16.53499985
3309	16.54000092
3310	16.54500008
3311	16.54999924
3312	16.55500031
3313	16.55999947
3314	16.56500053
3315	16.56999969
3316	16.57500076
3317	16.57999992
3318	16.58499908
3319	16.59000015
3320	16.59499931
3321	16.60000038
3322	16.60499954
3323	16.61000061
3324	16.61499977
3325	16.62000084
3326	16.62500000
3327	16.62999916
3328	16.63500023
3329	16.63999939
3330	16.64500046
3331	16.64999962
3332	16.65500069
3333	16.65999985
3334	16.66500092
3335	16.67000008
3336	16.67499924
3337	16.68000031
3338	16.68499947
3339	16.69000053
3340	16.69499969
3341	16.70000076
3342	16.70499992
3343	16.70999908
3344	16.71500015
3345	16.71999931
3346	16.72500038
3347	16.72999954
3348	16.73500061
3349	16.73999977
3350	16.74500084
3351	16.75000000
3352	16.75499916
3353	16.76000023
3354	16.76499939
3355	16.77000046
3356	16.77499962
3357	16.78000069
3358	16.78499985
3359	16.79000092
3360	16.79500008
3361	16.79999924
3362	16.80500031
3363	16.80999947
3364	16.81500053
3365	16.81999969
3366	16.82500076
3367	16.82999992
3368	16.83499908
3369	16.84000015
3370	16.84499931
3371	16.85000038
3372	16.85499954
3373	16.86000061
3374	16.86499977
3375	16.87000084
3376	16.87500000
3377	16.87999916
3378	16.88500023
3379	16.88999939
3380	16.89500046
3381	16.89999962
3382	16.90500069
3383	16.90999985
3384	16.91500092
3385	16.92000008
3386	16.92499924
3387	16.93000031
3388	16.93499947
3389	16.94000053
3390	16.94499969
3391	16.95000076
3392	16.95499992
3393	16.95999908
3394	16.96500015
3395	16.96999931
3396	16.97500038
3397	16.97999954
3398	16.98500061
3399	16.98999977
3400	16.99500084
3401	17.00000000
3402	17.00499916
3403	17.01000023
3404	17.01499939
3405	17.02000046
3406	17.02499962
3407	17.03000069
3408	17.03499985
3409	17.04000092
3410	17.04500008
3411	17.04999924
3412	17.05500031
3413	17.05999947
3414	17.06500053
3415	17.06999969
3416	17.07500076
3417	17.07999992
3418	17.08499908
3419	17.09000015
3420	17.09499931
3421	17.10000038
3422	17.10499954
3423	17.11000061
3424	17.11499977
3425	17.12000084
3426	17.12500000
3427	17.12999916
3428	17.13500023
3429	17.13999939
3430	17.14500046
3431	17.14999962
3432	17.15500069
3433	17.15999985
3434	17.16500092
3435	17.17000008
3436	17.17499924
3437	17.18000031
3438	17.18499947
3439	17.19000053
3440	17.19499969
3441	17.20000076
3442	17.20499992
3443	17.20999908
3444	17.21500015
3445	17.21999931
3446	17.22500038
3447	17.22999954
3448	17.23500061
3449	17.23999977
3450	17.24500084
3451	17.25000000
3452	17.25499916
3453	17.26000023
3454	17.26499939
3455	17.27000046
3456	17.27499962
3457	17.28000069
3458	17.28499985
3459	17.29000092
3460	17.29500008
3461	17.29999924
3462	17.30500031
3463	17.30999947
3464	17.31500053
3465	17.31999969
3466	17.32500076
3467	17.32999992
3468	17.33499908
3469	17.34000015
3470	17.34499931
3471	17.35000038
3472	17.35499954
3473	17.36000061
3474	17.36499977
3475	17.37000084
3476	17.37500000
3477	17.37999916
3478	17.38500023
3479	17.38999939
3480	17.39500046
3481	17.39999962
3482	17.40500069
3483	17.40999985
3484	17.41500092
3485	17.42000008
3486	17.42499924
3487	17.43000031
3488	17.43499947
3489	17.44000053
3490	17.44499969
3491	17.45000076
3492	17.45499992
3493	17.45999908
3494	17.46500015
3495	17.46999931
3496	17.47500038
3497	17.47999954
3498	17.48500061
3499	17.48999977
3500	17.49500084
3501	17.50000000
3502	17.50499916
3503	17.51000023
3504	17.51499939
3505	17.52000046
3506	17.52499962
3507	17.53000069
3508	17.53499985
3509	17.54000092
3510	17.54500008
3511	17.54999924
3512	17.55500031
3513	17.55999947
3514	17.56500053
3515	17.56999969
3516	17.57500076
3517	17.57999992
3518	17.58499908
3519	17.59000015
3520	17.59499931
3521	17.60000038
3522	17.60499954
3523	17.61000061
3524	17.61499977
3525	17.62000084
3526	17.62500000
3527	17.62999916
3528	17.63500023
3529	17.63999939
3530	17.64500046
3531	17.64999962
3532	17.65500069
3533	17.65999985
3534	17.66500092
3535	17.67000008
3536	17.67499924
3537	17.68000031
3538	17.68499947
3539	17.69000053
3540	17.69499969
3541	17.70000076
3542	17.70499992
3543	17.70999908
3544	17.71500015
3545	17.71999931
3546	17.72500038
3547	17.72999954
3548	17.73500061
3549	17.73999977
3550	17.74500084
3551	17.75000000
3552	17.75499916
3553	17.76000023
3554	17.76499939
3555	17.77000046
3556	17.77499962
3557	17.78000069
3558	17.78499985
3559	17.79000092
3560	17.79500008
3561	17.79999924
3562	17.80500031
3563	17.80999947
3564	17.81500053
3565	17.81999969
3566	17.82500076
3567	17.82999992
3568	17.83499908
3569	17.84000015
3570	17.84499931
3571	17.85000038
3572	17.85499954
3573	17.86000061
3574	17.86499977
3575	17.87000084
3576	17.87500000
3577	17.87999916
3578	17.88500023
3579	17.88999939
3580	17.89500046
3581	17.89999962
3582	17.90500069
3583	17.90999985
3584	17.91500092
3585	17.92000008
3586	17.92499924
3587	17.93000031
3588	17.93499947
3589	17.94000053
3590	17.94499969
3591	17.95000076
3592	17.95499992
3593	17.95999908
3594	17.96500015
3595	17.96999931
3596	17.97500038
3597	17.97999954
3598	17.98500061
3599	17.98999977
3600	17.99500084
3601	18.00000000
3602	18.00499916
3603	18.01000023
3604	18.01499939
3605	18.02000046
3606	18.02499962
3607	18.03000069
3608	18.03499985
3609	18.04000092
3610	18.04500008
3611	18.04999924
3612	18.05500031
3613	18.05999947
3614	18.06500053
3615	18.06999969
3616	18.07500076
3617	18.07999992
3618	18.08499908
3619	18.09000015
3620	18.09499931
3621	18.10000038
3622	18.10499954
3623	18.11000061
3624	18.11499977
3625	18.12000084
3626	18.12500000
3627	18.12999916
3628	18.13500023
3629	18.13999939
3630	18.14500046
3631	18.14999962
3632	18.15500069
3633	18.15999985
3634	18.16500092
3635	18.17000008
3636	18.17499924
3637	18.18000031
3638	18.18499947
3639	18.19000053
3640	18.19499969
3641	18.20000076
3642	18.20499992
3643	18.20999908
3644	18.21500015
3645	18.21999931
3646	18.22500038
3647	18.22999954
3648	18.23500061
3649	18.23999977
3650	18.24500084
3651	18.25000000
3652	18.25499916
3653	18.26000023
3654	18.26499939
3655	18.27000046
3656	18.27499962
3657	18.28000069
3658	18.28499985
3659	18.29000092
3660	18.29500008
3661	18.29999924
3662	18.30500031
3663	18.30999947
3664	18.31500053
3665	18.31999969
3666	18.32500076
3667	18.32999992
3668	18.33499908
3669	18.34000015
3670	18.34499931
3671	18.35000038
3672	18.35499954
3673	18.36000061
3674	18.36499977
3675	18.37000084
3676	18.37500000
3677	18.37999916
3678	18.38500023
3679	18.38999939
3680	18.39500046
3681	18.39999962
3682	18.40500069
3683	18.40999985
3684	18.41500092
3685	18.42000008
3686	18.42499924
3687	18.43000031
3688	18.43499947
3689	18.44000053
3690	18.44499969
3691	18.45000076
3692	18.45499992
3693	18.45999908
3694	18.46500015
3695	18.46999931
3696	18.47500038
3697	18.47999954
3698	18.48500061
3699	18.48999977
3700	18.49500084
3701	18.50000000
3702	18.50499916
3703	18.51000023
3704	18.51499939
3705	18.52000046
3706	18.52499962
3707	18.53000069
3708	18.53499985
3709	18.54000092
3710	18.54500008
3711	18.54999924
3712	18.55500031
3713	18.55999947
3714	18.56500053
3715	18.56999969
3716	18.57500076
3717	18.57999992
3718	18.58499908
3719	18.59000015
3720	18.59499931
3721	18.60000038
3722	18.60499954
3723	18.61000061
3724	18.61499977
3725	18.62000084
3726	18.62500000
3727	18.62999916
3728	18.63500023
3729	18.63999939
3730	18.64500046
3731	18.64999962
3732	18.65500069
3733	18.65999985
3734	18.66500092
3735	18.67000008
3736	18.67499924
3737	18.68000031
3738	18.68499947
3739	18.69000053
3740	18.69499969
3741	18.70000076
3742	18.70499992
3743	18.70999908
3744	18.71500015
3745	18.71999931
3746	18.72500038
3747	18.72999954
3748	18.73500061
3749	18.73999977
3750	18.74500084
3751	18.75000000
3752	18.75499916
3753	18.76000023
3754	18.76499939
3755	18.77000046
3756	18.77499962
3757	18.78000069
3758	18.78499985
3759	18.79000092
3760	18.79500008
3761	18.79999924
3762	18.80500031
3763	18.80999947
3764	18.81500053
3765	18.81999969
3766	18.82500076
3767	18.82999992
3768	18.83499908
3769	18.84000015
3770	18.84499931
3771	18.85000038
3772	18.85499954
3773	18.86000061
3774	18.86499977
3775	18.87000084
3776	18.87500000
3777	18.87999916
3778	18.88500023
3779	18.88999939
3780	18.89500046
3781	18.89999962
3782	18.90500069
3783	18.90999985
3784	18.91500092
3785	18.92000008
3786	18.92499924
3787	18.93000031
3788	18.93499947
3789	18.94000053
3790	18.94499969
3791	18.95000076
3792	18.95499992
3793	18.95999908
3794	18.96500015
3795	18.96999931
3796	18.97500038
3797	18.97999954
3798	18.98500061
3799	18.98999977
3800	18.99500084
3801	19.00000000
3802	19.00499916
3803	19.01000023
3804	19.01499939
3805	19.02000046
3806	19.02499962
3807	19.03000069
3808	19.03499985
3809	19.04000092
3810	19.04500008
3811	19.04999924
3812	19.05500031
3813	19.05999947
3814	19.06500053
3815	19.06999969
3816	19.07500076
3817	19.07999992
3818	19.08499908
3819	19.09000015
3820	19.09499931
3821	19.10000038
3822	19.10499954
3823	19.11000061
3824	19.11499977
3825	19.12000084
3826	19.12500000
3827	19.12999916
3828	19.13500023
3829	19.13999939
3830	19.14500046
3831	19.14999962
3832	19.15500069
3833	19.15999985
3834	19.16500092
3835	19.17000008
3836	19.17499924
3837	19.18000031
3838	19.18499947
3839	19.19000053
3840	19.19499969
3841	19.20000076
3842	19.20499992
3843	19.20999908
3844	19.21500015
3845	19.21999931
3846	19.22500038
3847	19.22999954
3848	19.23500061
3849	19.23999977
3850	19.24500084
3851	19.25000000
3852	19.25499916
3853	19.26000023
3854	19.26499939
3855	19.27000046
3856	19.27499962
3857	19.28000069
3858	19.28499985
3859	19.29000092
3860	19.29500008
3861	19.29999924
3862	19.30500031
3863	19.30999947
3864	19.31500053
3865	19.31999969
3866	19.32500076
3867	19.32999992
3868	19.33499908
3869	19.34000015
3870	19.34499931
3871	19.35000038
3872	19.35499954
3873	19.36000061
3874	19.36499977
3875	19.37000084
3876	19.37500000
3877	19.37999916
3878	19.38500023
3879	19.38999939
3880	19.39500046
3881	19.39999962
3882	19.40500069
3883	19.40999985
3884	19.41500092
3885	19.42000008
3886	19.42499924
3887	19.43000031
3888	19.43499947
3889	19.44000053
3890	19.44499969
3891	19.45000076
3892	19.45499992
3893	19.45999908
3894	19.46500015
3895	19.46999931
3896	19.47500038
3897	19.47999954
3898	19.48500061
3899	19.48999977
3900	19.49500084
3901	19.50000000
3902	19.50499916
3903	19.51000023
3904	19.51499939
3905	19.52000046
3906	19.52499962
3907	19.53000069
3908	19.53499985
3909	19.54000092
3910	19.54500008
3911	19.54999924
3912	19.55500031
3913	19.55999947
3914	19.56500053
3915	19.56999969
3916	19.57500076
3917	19.57999992
3918	19.58499908
3919	19.59000015
3920	19.59499931
3921	19.60000038
3922	19.60499954
3923	19.61000061
3924	19.61499977
3925	19.62000084
3926	19.62500000
3927	19.62999916
3928	19.63500023
3929	19.63999939
3930	19.64500046
3931	19.64999962
3932	19.65500069
3933	19.65999985
3934	19.66500092
3935	19.67000008
3936	19.67499924
3937	19.68000031
3938	19.68499947
3939	19.69000053
3940	19.69499969
3941	19.70000076
3942	19.70499992
3943	19.70999908
3944	19.71500015
3945	19.71999931
3946	19.72500038
3947	19.72999954
3948	19.73500061
3949	19.73999977
3950	19.74500084
3951	19.75000000
3952	19.75499916
3953	19.76000023
3954	19.76499939
3955	19.77000046
3956	19.77499962
3957	19.78000069
3958	19.78499985
3959	19.79000092
3960	19.79500008
3961	19.79999924
3962	19.80500031
3963	19.80999947
3964	19.81500053
3965	19.81999969
3966	19.82500076
3967	19.82999992
3968	19.83499908
3969	19.84000015
3970	19.84499931
3971	19.85000038
3972	19.85499954
3973	19.86000061
3974	19.86499977
3975	19.87000084
3976	19.87500000
3977	19.87999916
3978	19.88500023
3979	19.88999939
3980	19.89500046
3981	19.89999962
3982	19.90500069
3983	19.90999985
3984	19.91500092
3985	19.92000008
3986	19.92499924
3987	19.93000031
3988	19.93499947
3989	19.94000053
3990	19.94499969
3991	19.95000076
3992	19.95499992
3993	19.95999908
3994	19.96500015
3995	19.96999931
3996	19.97500038
3997	19.97999954
3998	19.98500061
3999	19.98999977
4000	19.99500084
4001	20.00000000
4002	20.00499916
4003	20.01000023
4004	20.01499939
4005	20.02000046
4006	20.02499962
4007	20.03000069
4008	20.03499985
4009	20.04000092
4010	20.04500008
4011	20.04999924
4012	20.05500031
4013	20.05999947
4014	20.06500053
4015	20.06999969
4016	20.07500076
4017	20.07999992
4018	20.08499908
4019	20.09000015
4020	20.09499931
4021	20.10000038
4022	20.10499954
4023	20.11000061
4024	20.11499977
4025	20.12000084
4026	20.12500000
4027	20.12999916
4028	20.13500023
4029	20.13999939
4030	20.14500046
4031	20.14999962
4032	20.15500069
4033	20.15999985
4034	20.16500092
4035	20.17000008
4036	20.17499924
4037	20.18000031
4038	20.18499947
4039	20.19000053
4040	20.19499969
4041	20.20000076
4042	20.20499992
4043	20.20999908
4044	20.21500015
4045	20.21999931
4046	20.22500038
4047	20.22999954
4048	20.23500061
4049	20.23999977
4050	20.24500084
4051	20.25000000
4052	20.25499916
4053	20.26000023
4054	20.26499939
4055	20.27000046
4056	20.27499962
4057	20.28000069
4058	20.28499985
4059	20.29000092
4060	20.29500008
4061	20.29999924
4062	20.30500031
4063	20.30999947
4064	20.31500053
4065	20.31999969
4066	20.32500076
4067	20.32999992
4068	20.33499908
4069	20.34000015
4070	20.34499931
4071	20.35000038
4072	20.35499954
4073	20.36000061
4074	20.36499977
4075	20.37000084
4076	20.37500000
4077	20.37999916
4078	20.38500023
4079	20.38999939
4080	20.39500046
4081	20.39999962
4082	20.40500069
4083	20.40999985
4084	20.41500092
4085	20.42000008
4086	20.42499924
4087	20.43000031
4088	20.43499947
4089	20.44000053
4090	20.44499969
4091	20.45000076
4092	20.45499992
4093	20.45999908
4094	20.46500015
4095	20.46999931
4096	20.47500038
4097	20.47999954
4098	20.48500061
4099	20.48999977
4100	20.49500084
4101	20.50000000
4102	20.50499916
4103	20.51000023
4104	20.51499939
4105	20.52000046
4106	20.52499962
4107	20.53000069
4108	20.53499985
4109	20.54000092
4110	20.54500008
4111	20.54999924
4112	20.55500031
4113	20.55999947
4114	20.56500053
4115	20.56999969
4116	20.57500076
4117	20.57999992
4118	20.58499908
4119	20.59000015
4120	20.59499931
4121	20.60000038
4122	20.60499954
4123	20.61000061
4124	20.61499977
4125	20.62000084
4126	20.62500000
4127	20.62999916
4128	20.63500023
4129	20.63999939
4130	20.64500046
4131	20.64999962
4132	20.65500069
4133	20.65999985
4134	20.66500092
4135	20.67000008
4136	20.67499924
4137	20.68000031
4138	20.68499947
4139	20.69000053
4140	20.69499969
4141	20.70000076
4142	20.70499992
4143	20.70999908
4144	20.71500015
4145	20.71999931
4146	20.72500038
4147	20.72999954
4148	20.73500061
4149	20.73999977
4150	20.74500084
4151	20.75000000
4152	20.75499916
4153	20.76000023
4154	20.76499939
4155	20.77000046
4156	20.77499962
4157	20.78000069
4158	20.78499985
4159	20.79000092
4160	20.79500008
4161	20.79999924
4162	20.80500031
4163	20.80999947
4164	20.81500053
4165	20.81999969
4166	20.82500076
4167	20.82999992
4168	20.83499908
4169	20.84000015
4170	20.84499931
4171	20.85000038
4172	20.85499954
4173	20.86000061
4174	20.86499977
4175	20.87000084
4176	20.87500000
4177	20.87999916
4178	20.88500023
4179	20.88999939
4180	20.89500046
4181	20.89999962
4182	20.90500069
4183	20.90999985
4184	20.91500092
4185	20.92000008
4186	20.92499924
4187	20.93000031
4188	20.93499947
4189	20.94000053
4190	20.94499969
4191	20.95000076
4192	20.95499992
4193	20.95999908
4194	20.96500015
4195	20.96999931
4196	20.97500038
4197	20.97999954
4198	20.98500061
4199	20.98999977
4200	20.99500084
4201	21.00000000
4202	21.00499916
4203	21.01000023
4204	21.01499939
4205	21.02000046
4206	21.02499962
4207	21.03000069
4208	21.03499985
4209	21.04000092
4210	21.04500008
4211	21.04999924
4212	21.05500031
4213	21.05999947
4214	21.06500053
4215	21.06999969
4216	21.07500076
4217	21.07999992
4218	21.08499908
4219	21.09000015
4220	21.09499931
4221	21.10000038
4222	21.10499954
4223	21.11000061
4224	21.11499977
4225	21.12000084
4226	21.12500000
4227	21.12999916
4228	21.13500023
4229	21.13999939
4230	21.14500046
4231	21.14999962
4232	21.15500069
4233	21.15999985
4234	21.16500092
4235	21.17000008
4236	21.17499924
4237	21.18000031
4238	21.18499947
4239	21.19000053
4240	21.19499969
4241	21.20000076
4242	21.20499992
4243	21.20999908
4244	21.21500015
4245	21.21999931
4246	21.22500038
4247	21.22999954
4248	21.23500061
4249	21.23999977
4250	21.24500084
4251	21.25000000
4252	21.25499916
4253	21.26000023
4254	21.26499939
4255	21.27000046
4256	21.27499962
4257	21.28000069
4258	21.28499985
4259	21.29000092
4260	21.29500008
4261	21.29999924
4262	21.30500031
4263	21.30999947
4264	21.31500053
4265	21.31999969
4266	21.32500076
4267	21.32999992
4268	21.33499908
4269	21.34000015
4270	21.34499931
4271	21.35000038
4272	21.35499954
4273	21.36000061
4274	21.36499977
4275	21.37000084
4276	21.37500000
4277	21.37999916
4278	21.38500023
4279	21.38999939
4280	21.39500046
4281	21.39999962
4282	21.40500069
4283	21.40999985
4284	21.41500092
4285	21.42000008
4286	21.42499924
4287	21.43000031
4288	21.43499947
4289	21.44000053
4290	21.44499969
4291	21.45000076
4292	21.45499992
4293	21.45999908
4294	21.46500015
4295	21.46999931
4296	21.47500038
4297	21.47999954
4298	21.48500061
4299	21.48999977
4300	21.49500084
4301	21.50000000
4302	21.50499916
4303	21.51000023
4304	21.51499939
4305	21.52000046
4306	21.52499962
4307	21.53000069
4308	21.53499985
4309	21.54000092
4310	21.54500008
4311	21.54999924
4312	21.55500031
4313	21.55999947
4314	21.56500053
4315	21.56999969
4316	21.57500076
4317	21.57999992
4318	21.58499908
4319	21.59000015
4320	21.59499931
4321	21.60000038
4322	21.60499954
4323	21.61000061
4324	21.61499977
4325	21.62000084
4326	21.62500000
4327	21.62999916
4328	21.63500023
4329	21.63999939
4330	21.64500046
4331	21.64999962
4332	21.65500069
4333	21.65999985
4334	21.66500092
4335	21.67000008
4336	21.67499924
4337	21.68000031
4338	21.68499947
4339	21.69000053
4340	21.69499969
4341	21.70000076
4342	21.70499992
4343	21.70999908
4344	21.71500015
4345	21.71999931
4346	21.72500038
4347	21.72999954
4348	21.73500061
4349	21.73999977
4350	21.74500084
4351	21.75000000
4352	21.75499916
4353	21.76000023
4354	21.76499939
4355	21.77000046
4356	21.77499962
4357	21.78000069
4358	21.78499985
4359	21.79000092
4360	21.79500008
4361	21.79999924
4362	21.80500031
4363	21.80999947
4364	21.81500053
4365	21.81999969
4366	21.82500076
4367	21.82999992
4368	21.83499908
4369	21.84000015
4370	21.84499931
4371	21.85000038
4372	21.85499954
4373	21.86000061
4374	21.86499977
4375	21.87000084
4376	21.87500000
4377	21.87999916
4378	21.88500023
4379	21.88999939
4380	21.89500046
4381	21.89999962
4382	21.90500069
4383	21.90999985
4384	21.91500092
4385	21.92000008
4386	21.92499924
4387	21.93000031
4388	21.93499947
4389	21.94000053
4390	21.94499969
4391	21.95000076
4392	21.95499992
4393	21.95999908
4394	21.96500015
4395	21.96999931
4396	21.97500038
4397	21.97999954
4398	21.98500061
4399	21.98999977
4400	21.99500084
4401	22.00000000
4402	22.00499916
4403	22.01000023
4404	22.01499939
4405	22.02000046
4406	22.02499962
4407	22.03000069
4408	22.03499985
4409	22.04000092
4410	22.04500008
4411	22.04999924
4412	22.05500031
4413	22.05999947
4414	22.06500053
4415	22.06999969
4416	22.07500076
4417	22.07999992
4418	22.08499908
4419	22.09000015
4420	22.09499931
4421	22.10000038
4422	22.10499954
4423	22.11000061
4424	22.11499977
4425	22.12000084
4426	22.12500000
4427	22.12999916
4428	22.13500023
4429	22.13999939
4430	22.14500046
4431	22.14999962
4432	22.15500069
4433	22.15999985
4434	22.16500092
4435	22.17000008
4436	22.17499924
4437	22.18000031
4438	22.18499947
4439	22.19000053
4440	22.19499969
4441	22.20000076
4442	22.20499992
4443	22.20999908
4444	22.21500015
4445	22.21999931
4446	22.22500038
4447	22.22999954
4448	22.23500061
4449	22.23999977
4450	22.24500084
4451	22.25000000
4452	22.25499916
4453	22.26000023
4454	22.26499939
4455	22.27000046
4456	22.27499962
4457	22.28000069
4458	22.28499985
4459	22.29000092
4460	22.29500008
4461	22.29999924
4462	22.30500031
4463	22.30999947
4464	22.31500053
4465	22.31999969
4466	22.32500076
4467	22.32999992
4468	22.33499908
4469	22.34000015
4470	22.34499931
4471	22.35000038
4472	22.35499954
4473	22.36000061
4474	22.36499977
4475	22.37000084
4476	22.37500000
4477	22.37999916
4478	22.38500023
4479	22.38999939
4480	22.39500046
4481	22.39999962
4482	22.40500069
4483	22.40999985
4484	22.41500092
4485	22.42000008
4486	22.42499924
4487	22.43000031
4488	22.43499947
4489	22.44000053
4490	22.44499969
4491	22.45000076
4492	22.45499992
4493	22.45999908
4494	22.46500015
4495	22.46999931
4496	22.47500038
4497	22.47999954
4498	22.48500061
4499	22.48999977
4500	22.49500084
4501	22.50000000
4502	22.50499916
4503	22.51000023
4504	22.51499939
4505	22.52000046
4506	22.52499962
4507	22.53000069
4508	22.53499985
4509	22.54000092
4510	22.54500008
4511	22.54999924
4512	22.55500031
4513	22.55999947
4514	22.56500053
4515	22.56999969
4516	22.57500076
4517	22.57999992
4518	22.58499908
4519	22.59000015
4520	22.59499931
4521	22.60000038
4522	22.60499954
4523	22.61000061
4524	22.61499977
4525	22.62000084
4526	22.62500000
4527	22.62999916
4528	22.63500023
4529	22.63999939
4530	22.64500046
4531	22.64999962
4532	22.65500069
4533	22.65999985
4534	22.66500092
4535	22.67000008
4536	22.67499924
4537	22.68000031
4538	22.68499947
4539	22.69000053
4540	22.69499969
4541	22.70000076
4542	22.70499992
4543	22.70999908
4544	22.71500015
4545	22.71999931
4546	22.72500038
4547	22.72999954
4548	22.73500061
4549	22.73999977
4550	22.74500084
4551	22.75000000
4552	22.75499916
4553	22.76000023
4554	22.76499939
4555	22.77000046
4556	22.77499962
4557	22.78000069
4558	22.78499985
4559	22.79000092
4560	22.79500008
4561	22.79999924
4562	22.80500031
4563	22.80999947
4564	22.81500053
4565	22.81999969
4566	22.82500076
4567	22.82999992
4568	22.83499908
4569	22.84000015
4570	22.84499931
4571	22.85000038
4572	22.85499954
4573	22.86000061
4574	22.86499977
4575	22.87000084
4576	22.87500000
4577	22.87999916
4578	22.88500023
4579	22.88999939
4580	22.89500046
4581	22.89999962
4582	22.90500069
4583	22.90999985
4584	22.91500092
4585	22.92000008
4586	22.92499924
4587	22.93000031
4588	22.93499947
4589	22.94000053
4590	22.94499969
4591	22.95000076
4592	22.95499992
4593	22.95999908
4594	22.96500015
4595	22.96999931
4596	22.97500038
4597	22.97999954
4598	22.98500061
4599	22.98999977
4600	22.99500084
4601	23.00000000
4602	23.00499916
4603	23.01000023
4604	23.01499939
4605	23.02000046
4606	23.02499962
4607	23.03000069
4608	23.03499985
4609	23.04000092
4610	23.04500008
4611	23.04999924
4612	23.05500031
4613	23.05999947
4614	23.06500053
4615	23.06999969
4616	23.07500076
4617	23.07999992
4618	23.08499908
4619	23.09000015
4620	23.09499931
4621	23.10000038
4622	23.10499954
4623	23.11000061
4624	23.11499977
4625	23.12000084
4626	23.12500000
4627	23.12999916
4628	23.13500023
4629	23.13999939
4630	23.14500046
4631	23.14999962
4632	23.15500069
4633	23.15999985
4634	23.16500092
4635	23.17000008
4636	23.17499924
4637	23.18000031
4638	23.18499947
4639	23.19000053
4640	23.19499969
4641	23.20000076
4642	23.20499992
4643	23.20999908
4644	23.21500015
4645	23.21999931
4646	23.22500038
4647	23.22999954
4648	23.23500061
4649	23.23999977
4650	23.24500084
4651	23.25000000
4652	23.25499916
4653	23.26000023
4654	23.26499939
4655	23.27000046
4656	23.27499962
4657	23.28000069
4658	23.28499985
4659	23.29000092
4660	23.29500008
4661	23.29999924
4662	23.30500031
4663	23.30999947
4664	23.31500053
4665	23.31999969
4666	23.32500076
4667	23.32999992
4668	23.33499908
4669	23.34000015
4670	23.34499931
4671	23.35000038
4672	23.35499954
4673	23.36000061
4674	23.36499977
4675	23.37000084
4676	23.37500000
4677	23.37999916
4678	23.38500023
4679	23.38999939
4680	23.39500046
4681	23.39999962
4682	23.40500069
4683	23.40999985
4684	23.41500092
4685	23.42000008
4686	23.42499924
4687	23.43000031
4688	23.43499947
4689	23.44000053
4690	23.44499969
4691	23.45000076
4692	23.45499992
4693	23.45999908
4694	23.46500015
4695	23.46999931
4696	23.47500038
4697	23.47999954
4698	23.48500061
4699	23.48999977
4700	23.49500084
4701	23.50000000
4702	23.50499916
4703	23.51000023
4704	23.51499939
4705	23.52000046
4706	23.52499962
4707	23.53000069
4708	23.53499985
4709	23.54000092
4710	23.54500008
4711	23.54999924
4712	23.55500031
4713	23.55999947
4714	23.56500053
4715	23.56999969
4716	23.57500076
4717	23.57999992
4718	23.58499908
4719	23.59000015
4720	23.59499931
4721	23.60000038
4722	23.60499954
4723	23.61000061
4724	23.61499977
4725	23.62000084
4726	23.62500000
4727	23.62999916
4728	23.63500023
4729	23.63999939
4730	23.64500046
4731	23.64999962
4732	23.65500069
4733	23.65999985
4734	23.66500092
4735	23.67000008
4736	23.67499924
4737	23.68000031
4738	23.68499947
4739	23.69000053
4740	23.69499969
4741	23.70000076
4742	23.70499992
4743	23.70999908
4744	23.71500015
4745	23.71999931
4746	23.72500038
4747	23.72999954
4748	23.73500061
4749	23.73999977
4750	23.74500084
4751	23.75000000
4752	23.75499916
4753	23.76000023
4754	23.76499939
4755	23.77000046
4756	23.77499962
4757	23.78000069
4758	23.78499985
4759	23.79000092
4760	23.79500008
4761	23.79999924
4762	23.80500031
4763	23.80999947
4764	23.81500053
4765	23.81999969
4766	23.82500076
4767	23.82999992
4768	23.83499908
4769	23.84000015
4770	23.84499931
4771	23.85000038
4772	23.85499954
4773	23.86000061
4774	23.86499977
4775	23.87000084
4776	23.87500000
4777	23.87999916
4778	23.88500023
4779	23.88999939
4780	23.89500046
4781	23.89999962
4782	23.90500069
4783	23.90999985
4784	23.91500092
4785	23.92000008
4786	23.92499924
4787	23.93000031
4788	23.93499947
4789	23.94000053
4790	23.94499969
4791	23.95000076
4792	23.95499992
4793	23.95999908
4794	23.96500015
4795	23.96999931
4796	23.97500038
4797	23.97999954
4798	23.98500061
4799	23.98999977
4800	23.99500084
4801	24.00000000
4802	24.00499916
4803	24.01000023
4804	24.01499939
4805	24.02000046
4806	24.02499962
4807	24.03000069
4808	24.03499985
4809	24.04000092
4810	24.04500008
4811	24.04999924
4812	24.05500031
4813	24.05999947
4814	24.06500053
4815	24.06999969
4816	24.07500076
4817	24.07999992
4818	24.08499908
4819	24.09000015
4820	24.09499931
4821	24.10000038
4822	24.10499954
4823	24.11000061
4824	24.11499977
4825	24.12000084
4826	24.12500000
4827	24.12999916
4828	24.13500023
4829	24.13999939
4830	24.14500046
4831	24.14999962
4832	24.15500069
4833	24.15999985
4834	24.16500092
4835	24.17000008
4836	24.17499924
4837	24.18000031
4838	24.18499947
4839	24.19000053
4840	24.19499969
4841	24.20000076
4842	24.20499992
4843	24.20999908
4844	24.21500015
4845	24.21999931
4846	24.22500038
4847	24.22999954
4848	24.23500061
4849	24.23999977
4850	24.24500084
4851	24.25000000
4852	24.25499916
4853	24.26000023
4854	24.26499939
4855	24.27000046
4856	24.27499962
4857	24.28000069
4858	24.28499985
4859	24.29000092
4860	24.29500008
4861	24.29999924
4862	24.30500031
4863	24.30999947
4864	24.31500053
4865	24.31999969
4866	24.32500076
4867	24.32999992
4868	24.33499908
4869	24.34000015
4870	24.34499931
4871	24.35000038
4872	24.35499954
4873	24.36000061
4874	24.36499977
4875	24.37000084
4876	24.37500000
4877	24.37999916
4878	24.38500023
4879	24.38999939
4880	24.39500046
4881	24.39999962
4882	24.40500069
4883	24.40999985
4884	24.41500092
4885	24.42000008
4886	24.42499924
4887	24.43000031
4888	24.43499947
4889	24.44000053
4890	24.44499969
4891	24.45000076
4892	24.45499992
4893	24.45999908
4894	24.46500015
4895	24.46999931
4896	24.47500038
4897	24.47999954
4898	24.48500061
4899	24.48999977
4900	24.49500084
4901	24.50000000
4902	24.50499916
4903	24.51000023
4904	24.51499939
4905	24.52000046
4906	24.52499962
4907	24.53000069
4908	24.53499985
4909	24.54000092
4910	24.54500008
4911	24.54999924
4912	24.55500031
4913	24.55999947
4914	24.56500053
4915	24.56999969
4916	24.57500076
4917	24.57999992
4918	24.58499908
4919	24.59000015
4920	24.59499931
4921	24.60000038
4922	24.60499954
4923	24.61000061
4924	24.61499977
4925	24.62000084
4926	24.62500000
4927	24.62999916
4928	24.63500023
4929	24.63999939
4930	24.64500046
4931	24.64999962
4932	24.65500069
4933	24.65999985
4934	24.66500092
4935	24.67000008
4936	24.67499924
4937	24.68000031
4938	24.68499947
4939	24.69000053
4940	24.69499969
4941	24.70000076
4942	24.70499992
4943	24.70999908
4944	24.71500015
4945	24.71999931
4946	24.72500038
4947	24.72999954
4948	24.73500061
4949	24.73999977
4950	24.74500084
4951	24.75000000
4952	24.75499916
4953	24.76000023
4954	24.76499939
4955	24.77000046
4956	24.77499962
4957	24.78000069
4958	24.78499985
4959	24.79000092
4960	24.79500008
4961	24.79999924
4962	24.80500031
4963	24.80999947
4964	24.81500053
4965	24.81999969
4966	24.82500076
4967	24.82999992
4968	24.83499908
4969	24.84000015
4970	24.84499931
4971	24.85000038
4972	24.85499954
4973	24.86000061
4974	24.86499977
4975	24.87000084
4976	24.87500000
4977	24.87999916
4978	24.88500023
4979	24.88999939
4980	24.89500046
4981	24.89999962
4982	24.90500069
4983	24.90999985
4984	24.91500092
4985	24.92000008
4986	24.92499924
4987	24.93000031
4988	24.93499947
4989	24.94000053
4990	24.94499969
4991	24.95000076
4992	24.95499992
4993	24.95999908
4994	24.96500015
4995	24.96999931
4996	24.97500038
4997	24.97999954
4998	24.98500061
4999	24.98999977
5000	24.99500084
5001	25.00000000
5002	25.00499916
5003	25.01000023
5004	25.01499939
5005	25.02000046
5006	25.02499962
5007	25.03000069
5008	25.03499985
5009	25.04000092
5010	25.04500008
5011	25.04999924
5012	25.05500031
5013	25.05999947
5014	25.06500053
5015	25.06999969
5016	25.07500076
5017	25.07999992
5018	25.08499908
5019	25.09000015
5020	25.09499931
5021	25.10000038
5022	25.10499954
5023	25.11000061
5024	25.11499977
5025	25.12000084
5026	25.12500000
5027	25.12999916
5028	25.13500023
5029	25.13999939
5030	25.14500046
5031	25.14999962
5032	25.15500069
5033	25.15999985
5034	25.16500092
5035	25.17000008
5036	25.17499924
5037	25.18000031
5038	25.18499947
5039	25.19000053
5040	25.19499969
5041	25.20000076
5042	25.20499992
5043	25.20999908
5044	25.21500015
5045	25.21999931
5046	25.22500038
5047	25.22999954
5048	25.23500061
5049	25.23999977
5050	25.24500084
5051	25.25000000
5052	25.25499916
5053	25.26000023
5054	25.26499939
5055	25.27000046
5056	25.27499962
5057	25.28000069
5058	25.28499985
5059	25.29000092
5060	25.29500008
5061	25.29999924
5062	25.30500031
5063	25.30999947
5064	25.31500053
5065	25.31999969
5066	25.32500076
5067	25.32999992
5068	25.33499908
5069	25.34000015
5070	25.34499931
5071	25.35000038
5072	25.35499954
5073	25.36000061
5074	25.36499977
5075	25.37000084
5076	25.37500000
5077	25.37999916
5078	25.38500023
5079	25.38999939
5080	25.39500046
5081	25.39999962
5082	25.40500069
5083	25.40999985
5084	25.41500092
5085	25.42000008
5086	25.42499924
5087	25.43000031
5088	25.43499947
5089	25.44000053
5090	25.44499969
5091	25.45000076
5092	25.45499992
5093	25.45999908
5094	25.46500015
5095	25.46999931
5096	25.47500038
5097	25.47999954
5098	25.48500061
5099	25.48999977
5100	25.49500084
5101	25.50000000
5102	25.50499916
5103	25.51000023
5104	25.51499939
5105	25.52000046
5106	25.52499962
5107	25.53000069
5108	25.53499985
5109	25.54000092
5110	25.54500008
5111	25.54999924
5112	25.55500031
5113	25.55999947
5114	25.56500053
5115	25.56999969
5116	25.57500076
5117	25.57999992
5118	25.58499908
5119	25.59000015
5120	25.59499931
5121	25.60000038
5122	25.60499954
5123	25.61000061
5124	25.61499977
5125	25.62000084
5126	25.62500000
5127	25.62999916
5128	25.63500023
5129	25.63999939
5130	25.64500046
5131	25.64999962
5132	25.65500069
5133	25.65999985
5134	25.66500092
5135	25.67000008
5136	25.67499924
5137	25.68000031
5138	25.68499947
5139	25.69000053
5140	25.69499969
5141	25.70000076
5142	25.70499992
5143	25.70999908
5144	25.71500015
5145	25.71999931
5146	25.72500038
5147	25.72999954
5148	25.73500061
5149	25.73999977
5150	25.74500084
5151	25.75000000
5152	25.75499916
5153	25.76000023
5154	25.76499939
5155	25.77000046
5156	25.77499962
5157	25.78000069
5158	25.78499985
5159	25.79000092
5160	25.79500008
5161	25.79999924
5162	25.80500031
5163	25.80999947
5164	25.81500053
5165	25.81999969
5166	25.82500076
5167	25.82999992
5168	25.83499908
5169	25.84000015
5170	25.84499931
5171	25.85000038
5172	25.85499954
5173	25.86000061
5174	25.86499977
5175	25.87000084
5176	25.87500000
5177	25.87999916
5178	25.88500023
5179	25.88999939
5180	25.89500046
5181	25.89999962
5182	25.90500069
5183	25.90999985
5184	25.91500092
5185	25.92000008
5186	25.92499924
5187	25.93000031
5188	25.93499947
5189	25.94000053
5190	25.94499969
5191	25.95000076
5192	25.95499992
5193	25.95999908
5194	25.96500015
5195	25.96999931
5196	25.97500038
5197	25.97999954
5198	25.98500061
5199	25.98999977
5200	25.99500084
5201	26.00000000
5202	26.00499916
5203	26.01000023
5204	26.01499939
5205	26.02000046
5206	26.02499962
5207	26.03000069
5208	26.03499985
5209	26.04000092
5210	26.04500008
5211	26.04999924
5212	26.05500031
5213	26.05999947
5214	26.06500053
5215	26.06999969
5216	26.07500076
5217	26.07999992
5218	26.08499908
5219	26.09000015
5220	26.09499931
5221	26.10000038
5222	26.10499954
5223	26.11000061
5224	26.11499977
5225	26.12000084
5226	26.12500000
5227	26.12999916
5228	26.13500023
5229	26.13999939
5230	26.14500046
5231	26.14999962
5232	26.15500069
5233	26.15999985
5234	26.16500092
5235	26.17000008
5236	26.17499924
5237	26.18000031
5238	26.18499947
5239	26.19000053
5240	26.19499969
5241	26.20000076
5242	26.20499992
5243	26.20999908
5244	26.21500015
5245	26.21999931
5246	26.22500038
5247	26.22999954
5248	26.23500061
5249	26.23999977
5250	26.24500084
5251	26.25000000
5252	26.25499916
5253	26.26000023
5254	26.26499939
5255	26.27000046
5256	26.27499962
5257	26.28000069
5258	26.28499985
5259	26.29000092
5260	26.29500008
5261	26.29999924
5262	26.30500031
5263	26.30999947
5264	26.31500053
5265	26.31999969
5266	26.32500076
5267	26.32999992
5268	26.33499908
5269	26.34000015
5270	26.34499931
5271	26.35000038
5272	26.35499954
5273	26.36000061
5274	26.36499977
5275	26.37000084
5276	26.37500000
5277	26.37999916
5278	26.38500023
5279	26.38999939
5280	26.39500046
5281	26.39999962
5282	26.40500069
5283	26.40999985
5284	26.41500092
5285	26.42000008
5286	26.42499924
5287	26.43000031
5288	26.43499947
5289	26.44000053
5290	26.44499969
5291	26.45000076
5292	26.45499992
5293	26.45999908
5294	26.46500015
5295	26.46999931
5296	26.47500038
5297	26.47999954
5298	26.48500061
5299	26.48999977
5300	26.49500084
5301	26.50000000
5302	26.50499916
5303	26.51000023
5304	26.51499939
5305	26.52000046
5306	26.52499962
5307	26.53000069
5308	26.53499985
5309	26.54000092
5310	26.54500008
5311	26.54999924
5312	26.55500031
5313	26.55999947
5314	26.56500053
5315	26.56999969
5316	26.57500076
5317	26.57999992
5318	26.58499908
5319	26.59000015
5320	26.59499931
5321	26.60000038
5322	26.60499954
5323	26.61000061
5324	26.61499977
5325	26.62000084
5326	26.62500000
5327	26.62999916
5328	26.63500023
5329	26.63999939
5330	26.64500046
5331	26.64999962
5332	26.65500069
5333	26.65999985
5334	26.66500092
5335	26.67000008
5336	26.67499924
5337	26.68000031
5338	26.68499947
5339	26.69000053
5340	26.69499969
5341	26.70000076
5342	26.70499992
5343	26.70999908
5344	26.71500015
5345	26.71999931
5346	26.72500038
5347	26.72999954
5348	26.73500061
5349	26.73999977
5350	26.74500084
5351	26.75000000
5352	26.75499916
5353	26.76000023
5354	26.76499939
5355	26.77000046
5356	26.77499962
5357	26.78000069
5358	26.78499985
5359	26.79000092
5360	26.79500008
5361	26.79999924
5362	26.80500031
5363	26.80999947
5364	26.81500053
5365	26.81999969
5366	26.82500076
5367	26.82999992
5368	26.83499908
5369	26.84000015
5370	26.84499931
5371	26.85000038
5372	26.85499954
5373	26.86000061
5374	26.86499977
5375	26.87000084
5376	26.87500000
5377	26.87999916
5378	26.88500023
5379	26.88999939
5380	26.89500046
5381	26.89999962
5382	26.90500069
5383	26.90999985
5384	26.91500092
5385	26.92000008
5386	26.92499924
5387	26.93000031
5388	26.93499947
5389	26.94000053
5390	26.94499969
5391	26.95000076
5392	26.95499992
5393	26.95999908
5394	26.96500015
5395	26.96999931
5396	26.97500038
5397	26.97999954
5398	26.98500061
5399	26.98999977
5400	26.99500084
5401	27.00000000
5402	27.00499916
5403	27.01000023
5404	27.01499939
5405	27.02000046
5406	27.02499962
5407	27.03000069
5408	27.03499985
5409	27.04000092
5410	27.04500008
5411	27.04999924
5412	27.05500031
5413	27.05999947
5414	27.06500053
5415	27.06999969
5416	27.07500076
5417	27.07999992
5418	27.08499908
5419	27.09000015
5420	27.09499931
5421	27.10000038
5422	27.10499954
5423	27.11000061
5424	27.11499977
5425	27.12000084
5426	27.12500000
5427	27.12999916
5428	27.13500023
5429	27.13999939
5430	27.14500046
5431	27.14999962
5432	27.15500069
5433	27.15999985
5434	27.16500092
5435	27.17000008
5436	27.17499924
5437	27.18000031
5438	27.18499947
5439	27.19000053
5440	27.19499969
5441	27.20000076
5442	27.20499992
5443	27.20999908
5444	27.21500015
5445	27.21999931
5446	27.22500038
5447	27.22999954
5448	27.23500061
5449	27.23999977
5450	27.24500084
5451	27.25000000
5452	27.25499916
5453	27.26000023
5454	27.26499939
5455	27.27000046
5456	27.27499962
5457	27.28000069
5458	27.28499985
5459	27.29000092
5460	27.29500008
5461	27.29999924
5462	27.30500031
5463	27.30999947
5464	27.31500053
5465	27.31999969
5466	27.32500076
5467	27.32999992
5468	27.33499908
5469	27.34000015
5470	27.34499931
5471	27.35000038
5472	27.35499954
5473	27.36000061
5474	27.36499977
5475	27.37000084
5476	27.37500000
5477	27.37999916
5478	27.38500023
5479	27.38999939
5480	27.39500046
5481	27.39999962
5482	27.40500069
5483	27.40999985
5484	27.41500092
5485	27.42000008
5486	27.42499924
5487	27.43000031
5488	27.43499947
5489	27.44000053
5490	27.44499969
5491	27.45000076
5492	27.45499992
5493	27.45999908
5494	27.46500015
5495	27.46999931
5496	27.47500038
5497	27.47999954
5498	27.48500061
5499	27.48999977
5500	27.49500084
5501	27.50000000
5502	27.50499916
5503	27.51000023
5504	27.51499939
5505	27.52000046
5506	27.52499962
5507	27.53000069
5508	27.53499985
5509	27.54000092
5510	27.54500008
5511	27.54999924
5512	27.55500031
5513	27.55999947
5514	27.56500053
5515	27.56999969
5516	27.57500076
5517	27.57999992
5518	27.58499908
5519	27.59000015
5520	27.59499931
5521	27.60000038
5522	27.60499954
5523	27.61000061
5524	27.61499977
5525	27.62000084
5526	27.62500000
5527	27.62999916
5528	27.63500023
5529	27.63999939
5530	27.64500046
5531	27.64999962
5532	27.65500069
5533	27.65999985
5534	27.66500092
5535	27.67000008
5536	27.67499924
5537	27.68000031
5538	27.68499947
5539	27.69000053
5540	27.69499969
5541	27.70000076
5542	27.70499992
5543	27.70999908
5544	27.71500015
5545	27.71999931
5546	27.72500038
5547	27.72999954
5548	27.73500061
5549	27.73999977
5550	27.74500084
5551	27.75000000
5552	27.75499916
5553	27.76000023
5554	27.76499939
5555	27.77000046
5556	27.77499962
5557	27.78000069
5558	27.78499985
5559	27.79000092
5560	27.79500008
5561	27.79999924
5562	27.80500031
5563	27.80999947
5564	27.81500053
5565	27.81999969
5566	27.82500076
5567	27.82999992
5568	27.83499908
5569	27.84000015
5570	27.84499931
5571	27.85000038
5572	27.85499954
5573	27.86000061
5574	27.86499977
5575	27.87000084
5576	27.87500000
5577	27.87999916
5578	27.88500023
5579	27.88999939
5580	27.89500046
5581	27.89999962
5582	27.90500069
5583	27.90999985
5584	27.91500092
5585	27.92000008
5586	27.92499924
5587	27.93000031
5588	27.93499947
5589	27.94000053
5590	27.94499969
5591	27.95000076
5592	27.95499992
5593	27.95999908
5594	27.96500015
5595	27.96999931
5596	27.97500038
5597	27.97999954
5598	27.98500061
5599	27.98999977
5600	27.99500084
5601	28.00000000
5602	28.00499916
5603	28.01000023
5604	28.01499939
5605	28.02000046
5606	28.02499962
5607	28.03000069
5608	28.03499985
5609	28.04000092
5610	28.04500008
5611	28.04999924
5612	28.05500031
5613	28.05999947
5614	28.06500053
5615	28.06999969
5616	28.07500076
5617	28.07999992
5618	28.08499908
5619	28.09000015
5620	28.09499931
5621	28.10000038
5622	28.10499954
5623	28.11000061
5624	28.11499977
5625	28.12000084
5626	28.12500000
5627	28.12999916
5628	28.13500023
5629	28.13999939
5630	28.14500046
5631	28.14999962
5632	28.15500069
5633	28.15999985
5634	28.16500092
5635	28.17000008
5636	28.17499924
5637	28.18000031
5638	28.18499947
5639	28.19000053
5640	28.19499969
5641	28.20000076
5642	28.20499992
5643	28.20999908
5644	28.21500015
5645	28.21999931
5646	28.22500038
5647	28.22999954
5648	28.23500061
5649	28.23999977
5650	28.24500084
5651	28.25000000
5652	28.25499916
5653	28.26000023
5654	28.26499939
5655	28.27000046
5656	28.27499962
5657	28.28000069
5658	28.28499985
5659	28.29000092
5660	28.29500008
5661	28.29999924
5662	28.30500031
5663	28.30999947
5664	28.31500053
5665	28.31999969
5666	28.32500076
5667	28.32999992
5668	28.33499908
5669	28.34000015
5670	28.34499931
5671	28.35000038
5672	28.35499954
5673	28.36000061
5674	28.36499977
5675	28.37000084
5676	28.37500000
5677	28.37999916
5678	28.38500023
5679	28.38999939
5680	28.39500046
5681	28.39999962
5682	28.40500069
5683	28.40999985
5684	28.41500092
5685	28.42000008
5686	28.42499924
5687	28.43000031
5688	28.43499947
5689	28.44000053
5690	28.44499969
5691	28.45000076
5692	28.45499992
5693	28.45999908
5694	28.46500015
5695	28.46999931
5696	28.47500038
5697	28.47999954
5698	28.48500061
5699	28.48999977
5700	28.49500084
5701	28.50000000
5702	28.50499916
5703	28.51000023
5704	28.51499939
5705	28.52000046
5706	28.52499962
5707	28.53000069
5708	28.53499985
5709	28.54000092
5710	28.54500008
5711	28.54999924
5712	28.55500031
5713	28.55999947
5714	28.56500053
5715	28.56999969
5716	28.57500076
5717	28.57999992
5718	28.58499908
5719	28.59000015
5720	28.59499931
5721	28.60000038
5722	28.60499954
5723	28.61000061
5724	28.61499977
5725	28.62000084
5726	28.62500000
5727	28.62999916
5728	28.63500023
5729	28.63999939
5730	28.64500046
5731	28.64999962
5732	28.65500069
5733	28.65999985
5734	28.66500092
5735	28.67000008
5736	28.67499924
5737	28.68000031
5738	28.68499947
5739	28.69000053
5740	28.69499969
5741	28.70000076
5742	28.70499992
5743	28.70999908
5744	28.71500015
5745	28.71999931
5746	28.72500038
5747	28.72999954
5748	28.73500061
5749	28.73999977
5750	28.74500084
5751	28.75000000
5752	28.75499916
5753	28.76000023
5754	28.76499939
5755	28.77000046
5756	28.77499962
5757	28.78000069
5758	28.78499985
5759	28.79000092
5760	28.79500008
5761	28.79999924
5762	28.80500031
5763	28.80999947
5764	28.81500053
5765	28.81999969
5766	28.82500076
5767	28.82999992
5768	28.83499908
5769	28.84000015
5770	28.84499931
5771	28.85000038
5772	28.85499954
5773	28.86000061
5774	28.86499977
5775	28.87000084
5776	28.87500000
5777	28.87999916
5778	28.88500023
5779	28.88999939
5780	28.89500046
5781	28.89999962
5782	28.90500069
5783	28.90999985
5784	28.91500092
5785	28.92000008
5786	28.92499924
5787	28.93000031
5788	28.93499947
5789	28.94000053
5790	28.94499969
5791	28.95000076
5792	28.95499992
5793	28.95999908
5794	28.96500015
5795	28.96999931
5796	28.97500038
5797	28.97999954
5798	28.98500061
5799	28.98999977
5800	28.99500084
5801	29.00000000
5802	29.00499916
5803	29.01000023
5804	29.01499939
5805	29.02000046
5806	29.02499962
5807	29.03000069
5808	29.03499985
5809	29.04000092
5810	29.04500008
5811	29.04999924
5812	29.05500031
5813	29.05999947
5814	29.06500053
5815	29.06999969
5816	29.07500076
5817	29.07999992
5818	29.08499908
5819	29.09000015
5820	29.09499931
5821	29.10000038
5822	29.10499954
5823	29.11000061
5824	29.11499977
5825	29.12000084
5826	29.12500000
5827	29.12999916
5828	29.13500023
5829	29.13999939
5830	29.14500046
5831	29.14999962
5832	29.15500069
5833	29.15999985
5834	29.16500092
5835	29.17000008
5836	29.17499924
5837	29.18000031
5838	29.18499947
5839	29.19000053
5840	29.19499969
5841	29.20000076
5842	29.20499992
5843	29.20999908
5844	29.21500015
5845	29.21999931
5846	29.22500038
5847	29.22999954
5848	29.23500061
5849	29.23999977
5850	29.24500084
5851	29.25000000
5852	29.25499916
5853	29.26000023
5854	29.26499939
5855	29.27000046
5856	29.27499962
5857	29.28000069
5858	29.28499985
5859	29.29000092
5860	29.29500008
5861	29.29999924
5862	29.30500031
5863	29.30999947
5864	29.31500053
5865	29.31999969
5866	29.32500076
5867	29.32999992
5868	29.33499908
5869	29.34000015
5870	29.34499931
5871	29.35000038
5872	29.35499954
5873	29.36000061
5874	29.36499977
5875	29.37000084
5876	29.37500000
5877	29.37999916
5878	29.38500023
5879	29.38999939
5880	29.39500046
5881	29.39999962
5882	29.40500069
5883	29.40999985
5884	29.41500092
5885	29.42000008
5886	29.42499924
5887	29.43000031
5888	29.43499947
5889	29.44000053
5890	29.44499969
5891	29.45000076
5892	29.45499992
5893	29.45999908
5894	29.46500015
5895	29.46999931
5896	29.47500038
5897	29.47999954
5898	29.48500061
5899	29.48999977
5900	29.49500084
5901	29.50000000
5902	29.50499916
5903	29.51000023
5904	29.51499939
5905	29.52000046
5906	29.52499962
5907	29.53000069
5908	29.53499985
5909	29.54000092
5910	29.54500008
5911	29.54999924
5912	29.55500031
5913	29.55999947
5914	29.56500053
5915	29.56999969
5916	29.57500076
5917	29.57999992
5918	29.58499908
5919	29.59000015
5920	29.59499931
5921	29.60000038
5922	29.60499954
5923	29.61000061
5924	29.61499977
5925	29.62000084
5926	29.62500000
5927	29.62999916
5928	29.63500023
5929	29.63999939
5930	29.64500046
5931	29.64999962
5932	29.65500069
5933	29.65999985
5934	29.66500092
5935	29.67000008
5936	29.67499924
5937	29.68000031
5938	29.68499947
5939	29.69000053
5940	29.69499969
5941	29.70000076
5942	29.70499992
5943	29.70999908
5944	29.71500015
5945	29.71999931
5946	29.72500038
5947	29.72999954
5948	29.73500061
5949	29.73999977
5950	29.74500084
5951	29.75000000
5952	29.75499916
5953	29.76000023
5954	29.76499939
5955	29.77000046
5956	29.77499962
5957	29.78000069
5958	29.78499985
5959	29.79000092
5960	29.79500008
5961	29.79999924
5962	29.80500031
5963	29.80999947
5964	29.81500053
5965	29.81999969
5966	29.82500076
5967	29.82999992
5968	29.83499908
5969	29.84000015
5970	29.84499931
5971	29.85000038
5972	29.85499954
5973	29.86000061
5974	29.86499977
5975	29.87000084
5976	29.87500000
5977	29.87999916
5978	29.88500023
5979	29.88999939
5980	29.89500046
5981	29.89999962
5982	29.90500069
5983	29.90999985
5984	29.91500092
5985	29.92000008
5986	29.92499924
5987	29.93000031
5988	29.93499947
5989	29.94000053
5990	29.94499969
5991	29.95000076
5992	29.95499992
5993	29.95999908
5994	29.96500015
5995	29.96999931
5996	29.97500038
5997	29.97999954
5998	29.98500061
5999	29.98999977
6000	29.99500084
6001	30.00000000
6002	30.00499916
6003	30.01000023
6004	30.01499939
6005	30.02000046
6006	30.02499962
6007	30.03000069
6008	30.03499985
6009	30.04000092
6010	30.04500008
6011	30.04999924
6012	30.05500031
6013	30.05999947
6014	30.06500053
6015	30.06999969
6016	30.07500076
6017	30.07999992
6018	30.08499908
6019	30.09000015
6020	30.09499931
6021	30.10000038
6022	30.10499954
6023	30.11000061
6024	30.11499977
6025	30.12000084
6026	30.12500000
6027	30.12999916
6028	30.13500023
6029	30.13999939
6030	30.14500046
6031	30.14999962
6032	30.15500069
6033	30.15999985
6034	30.16500092
6035	30.17000008
6036	30.17499924
6037	30.18000031
6038	30.18499947
6039	30.19000053
6040	30.19499969
6041	30.20000076
6042	30.20499992
6043	30.20999908
6044	30.21500015
6045	30.21999931
6046	30.22500038
6047	30.22999954
6048	30.23500061
6049	30.23999977
6050	30.24500084
6051	30.25000000
6052	30.25499916
6053	30.26000023
6054	30.26499939
6055	30.27000046
6056	30.27499962
6057	30.28000069
6058	30.28499985
6059	30.29000092
6060	30.29500008
6061	30.29999924
6062	30.30500031
6063	30.30999947
6064	30.31500053
6065	30.31999969
6066	30.32500076
6067	30.32999992
6068	30.33499908
6069	30.34000015
6070	30.34499931
6071	30.35000038
6072	30.35499954
6073	30.36000061
6074	30.36499977
6075	30.37000084
6076	30.37500000
6077	30.37999916
6078	30.38500023
6079	30.38999939
6080	30.39500046
6081	30.39999962
6082	30.40500069
6083	30.40999985
6084	30.41500092
6085	30.42000008
6086	30.42499924
6087	30.43000031
6088	30.43499947
6089	30.44000053
6090	30.44499969
6091	30.45000076
6092	30.45499992
6093	30.45999908
6094	30.46500015
6095	30.46999931
6096	30.47500038
6097	30.47999954
6098	30.48500061
6099	30.48999977
6100	30.49500084
6101	30.50000000
6102	30.50499916
6103	30.51000023
6104	30.51499939
6105	30.52000046
6106	30.52499962
6107	30.53000069
6108	30.53499985
6109	30.54000092
6110	30.54500008
6111	30.54999924
6112	30.55500031
6113	30.55999947
6114	30.56500053
6115	30.56999969
6116	30.57500076
6117	30.57999992
6118	30.58499908
6119	30.59000015
6120	30.59499931
6121	30.60000038
6122	30.60499954
6123	30.61000061
6124	30.61499977
6125	30.62000084
6126	30.62500000
6127	30.62999916
6128	30.63500023
6129	30.63999939
6130	30.64500046
6131	30.64999962
6132	30.65500069
6133	30.65999985
6134	30.66500092
6135	30.67000008
6136	30.67499924
6137	30.68000031
6138	30.68499947
6139	30.69000053
6140	30.69499969
6141	30.70000076
6142	30.70499992
6143	30.70999908
6144	30.71500015
6145	30.71999931
6146	30.72500038
6147	30.72999954
6148	30.73500061
6149	30.73999977
6150	30.74500084
6151	30.75000000
6152	30.75499916
6153	30.76000023
6154	30.76499939
6155	30.77000046
6156	30.77499962
6157	30.78000069
6158	30.78499985
6159	30.79000092
6160	30.79500008
6161	30.79999924
6162	30.80500031
6163	30.80999947
6164	30.81500053
6165	30.81999969
6166	30.82500076
6167	30.82999992
6168	30.83499908
6169	30.84000015
6170	30.84499931
6171	30.85000038
6172	30.85499954
6173	30.86000061
6174	30.86499977
6175	30.87000084
6176	30.87500000
6177	30.87999916
6178	30.88500023
6179	30.88999939
6180	30.89500046
6181	30.89999962
6182	30.90500069
6183	30.90999985
6184	30.91500092
6185	30.92000008
6186	30.92499924
6187	30.93000031
6188	30.93499947
6189	30.94000053
6190	30.94499969
6191	30.95000076
6192	30.95499992
6193	30.95999908
6194	30.96500015
6195	30.96999931
6196	30.97500038
6197	30.97999954
6198	30.98500061
6199	30.98999977
6200	30.99500084
6201	31.00000000
6202	31.00499916
6203	31.01000023
6204	31.01499939
6205	31.02000046
6206	31.02499962
6207	31.03000069
6208	31.03499985
6209	31.04000092
6210	31.04500008
6211	31.04999924
6212	31.05500031
6213	31.05999947
6214	31.06500053
6215	31.06999969
6216	31.07500076
6217	31.07999992
6218	31.08499908
6219	31.09000015
6220	31.09499931
6221	31.10000038
6222	31.10499954
6223	31.11000061
6224	31.11499977
6225	31.12000084
6226	31.12500000
6227	31.12999916
6228	31.13500023
6229	31.13999939
6230	31.14500046
6231	31.14999962
6232	31.15500069
6233	31.15999985
6234	31.16500092
6235	31.17000008
6236	31.17499924
6237	31.18000031
6238	31.18499947
6239	31.19000053
6240	31.19499969
6241	31.20000076
6242	31.20499992
6243	31.20999908
6244	31.21500015
6245	31.21999931
6246	31.22500038
6247	31.22999954
6248	31.23500061
6249	31.23999977
6250	31.24500084
6251	31.25000000
6252	31.25499916
6253	31.26000023
6254	31.26499939
6255	31.27000046
6256	31.27499962
6257	31.28000069
6258	31.28499985
6259	31.29000092
6260	31.29500008
6261	31.29999924
6262	31.30500031
6263	31.30999947
6264	31.31500053
6265	31.31999969
6266	31.32500076
6267	31.32999992
6268	31.33499908
6269	31.34000015
6270	31.34499931
6271	31.35000038
6272	31.35499954
6273	31.36000061
6274	31.36499977
6275	31.37000084
6276	31.37500000
6277	31.37999916
6278	31.38500023
6279	31.38999939
6280	31.39500046
6281	31.39999962
6282	31.40500069
6283	31.40999985
6284	31.41500092
6285	31.42000008
6286	31.42499924
6287	31.43000031
6288	31.43499947
6289	31.44000053
6290	31.44499969
6291	31.45000076
6292	31.45499992
6293	31.45999908
6294	31.46500015
6295	31.46999931
6296	31.47500038
6297	31.47999954
6298	31.48500061
6299	31.48999977
6300	31.49500084
6301	31.50000000
6302	31.50499916
6303	31.51000023
6304	31.51499939
6305	31.52000046
6306	31.52499962
6307	31.53000069
6308	31.53499985
6309	31.54000092
6310	31.54500008
6311	31.54999924
6312	31.55500031
6313	31.55999947
6314	31.56500053
6315	31.56999969
6316	31.57500076
6317	31.57999992
6318	31.58499908
6319	31.59000015
6320	31.59499931
6321	31.60000038
6322	31.60499954
6323	31.61000061
6324	31.61499977
6325	31.62000084
6326	31.62500000
6327	31.62999916
6328	31.63500023
6329	31.63999939
6330	31.64500046
6331	31.64999962
6332	31.65500069
6333	31.65999985
6334	31.66500092
6335	31.67000008
6336	31.67499924
6337	31.68000031
6338	31.68499947
6339	31.69000053
6340	31.69499969
6341	31.70000076
6342	31.70499992
6343	31.70999908
6344	31.71500015
6345	31.71999931
6346	31.72500038
6347	31.72999954
6348	31.73500061
6349	31.73999977
6350	31.74500084
6351	31.75000000
6352	31.75499916
6353	31.76000023
6354	31.76499939
6355	31.77000046
6356	31.77499962
6357	31.78000069
6358	31.78499985
6359	31.79000092
6360	31.79500008
6361	31.79999924
6362	31.80500031
6363	31.80999947
6364	31.81500053
6365	31.81999969
6366	31.82500076
6367	31.82999992
6368	31.83499908
6369	31.84000015
6370	31.84499931
6371	31.85000038
6372	31.85499954
6373	31.86000061
6374	31.86499977
6375	31.87000084
6376	31.87500000
6377	31.87999916
6378	31.88500023
6379	31.88999939
6380	31.89500046
6381	31.89999962
6382	31.90500069
6383	31.90999985
6384	31.91500092
6385	31.92000008
6386	31.92499924
6387	31.93000031
6388	31.93499947
6389	31.94000053
6390	31.94499969
6391	31.95000076
6392	31.95499992
6393	31.95999908
6394	31.96500015
6395	31.96999931
6396	31.97500038
6397	31.97999954
6398	31.98500061
6399	31.98999977
6400	31.99500084
6401	32.00000000
6402	32.00500107
6403	32.00999832
6404	32.01499939
6405	32.02000046
6406	32.02500153
6407	32.02999878
6408	32.03499985
6409	32.04000092
6410	32.04499817
6411	32.04999924
6412	32.05500031
6413	32.06000137
6414	32.06499863
6415	32.06999969
6416	32.07500076
6417	32.08000183
6418	32.08499908
6419	32.09000015
6420	32.09500122
6421	32.09999847
6422	32.10499954
6423	32.11000061
6424	32.11500168
6425	32.11999893
6426	32.12500000
6427	32.13000107
6428	32.13499832
6429	32.13999939
6430	32.14500046
6431	32.15000153
6432	32.15499878
6433	32.15999985
6434	32.16500092
6435	32.16999817
6436	32.17499924
6437	32.18000031
6438	32.18500137
6439	32.18999863
6440	32.19499969
6441	32.20000076
6442	32.20500183
6443	32.20999908
6444	32.21500015
6445	32.22000122
6446	32.22499847
6447	32.22999954
6448	32.23500061
6449	32.24000168
6450	32.24499893
6451	32.25000000
6452	32.25500107
6453	32.25999832
6454	32.26499939
6455	32.27000046
6456	32.27500153
6457	32.27999878
6458	32.28499985
6459	32.29000092
6460	32.29499817
6461	32.29999924
6462	32.30500031
6463	32.31000137
6464	32.31499863
6465	32.31999969
6466	32.32500076
6467	32.33000183
6468	32.33499908
6469	32.34000015
6470	32.34500122
6471	32.34999847
6472	32.35499954
6473	32.36000061
6474	32.36500168
6475	32.36999893
6476	32.37500000
6477	32.38000107
6478	32.38499832
6479	32.38999939
6480	32.39500046
6481	32.40000153
6482	32.40499878
6483	32.40999985
6484	32.41500092
6485	32.41999817
6486	32.42499924
6487	32.43000031
6488	32.43500137
6489	32.43999863
6490	32.44499969
6491	32.45000076
6492	32.45500183
6493	32.45999908
6494	32.46500015
6495	32.47000122
6496	32.47499847
6497	32.47999954
6498	32.48500061
6499	32.49000168
6500	32.49499893
6501	32.50000000
6502	32.50500107
6503	32.50999832
6504	32.51499939
6505	32.52000046
6506	32.52500153
6507	32.52999878
6508	32.53499985
6509	32.54000092
6510	32.54499817
6511	32.54999924
6512	32.55500031
6513	32.56000137
6514	32.56499863
6515	32.56999969
6516	32.57500076
6517	32.58000183
6518	32.58499908
6519	32.59000015
6520	32.59500122
6521	32.59999847
6522	32.60499954
6523	32.61000061
6524	32.61500168
6525	32.61999893
6526	32.62500000
6527	32.63000107
6528	32.63499832
6529	32.63999939
6530	32.64500046
6531	32.65000153
6532	32.65499878
6533	32.65999985
6534	32.66500092
6535	32.66999817
6536	32.67499924
6537	32.68000031
6538	32.68500137
6539	32.68999863
6540	32.69499969
6541	32.70000076
6542	32.70500183
6543	32.70999908
6544	32.71500015
6545	32.72000122
6546	32.72499847
6547	32.72999954
6548	32.73500061
6549	32.74000168
6550	32.74499893
6551	32.75000000
6552	32.75500107
6553	32.75999832
6554	32.76499939
6555	32.77000046
6556	32.77500153
6557	32.77999878
6558	32.78499985
6559	32.79000092
6560	32.79499817
6561	32.79999924
6562	32.80500031
6563	32.81000137
6564	32.81499863
6565	32.81999969
6566	32.82500076
6567	32.83000183
6568	32.83499908
6569	32.84000015
6570	32.84500122
6571	32.84999847
6572	32.85499954
6573	32.86000061
6574	32.86500168
6575	32.86999893
6576	32.87500000
6577	32.88000107
6578	32.88499832
6579	32.88999939
6580	32.89500046
6581	32.90000153
6582	32.90499878
6583	32.90999985
6584	32.91500092
6585	32.91999817
6586	32.92499924
6587	32.93000031
6588	32.93500137
6589	32.93999863
6590	32.94499969
6591	32.95000076
6592	32.95500183
6593	32.95999908
6594	32.96500015
6595	32.97000122
6596	32.97499847
6597	32.97999954
6598	32.98500061
6599	32.99000168
6600	32.99499893
6601	33.00000000
6602	33.00500107
6603	33.00999832
6604	33.01499939
6605	33.02000046
6606	33.02500153
6607	33.02999878
6608	33.03499985
6609	33.04000092
6610	33.04499817
6611	33.04999924
6612	33.05500031
6613	33.06000137
6614	33.06499863
6615	33.06999969
6616	33.07500076
6617	33.08000183
6618	33.08499908
6619	33.09000015
6620	33.09500122
6621	33.09999847
6622	33.10499954
6623	33.11000061
6624	33.11500168
6625	33.11999893
6626	33.12500000
6627	33.13000107
6628	33.13499832
6629	33.13999939
6630	33.14500046
6631	33.15000153
6632	33.15499878
6633	33.15999985
6634	33.16500092
6635	33.16999817
6636	33.17499924
6637	33.18000031
6638	33.18500137
6639	33.18999863
6640	33.19499969
6641	33.20000076
6642	33.20500183
6643	33.20999908
6644	33.21500015
6645	33.22000122
6646	33.22499847
6647	33.22999954
6648	33.23500061
6649	33.24000168
6650	33.24499893
6651	33.25000000
6652	33.25500107
6653	33.25999832
6654	33.26499939
6655	33.27000046
6656	33.27500153
6657	33.27999878
6658	33.28499985
6659	33.29000092
6660	33.29499817
6661	33.29999924
6662	33.30500031
6663	33.31000137
6664	33.31499863
6665	33.31999969
6666	33.32500076
6667	33.33000183
6668	33.33499908
6669	33.34000015
6670	33.34500122
6671	33.34999847
6672	33.35499954
6673	33.36000061
6674	33.36500168
6675	33.36999893
6676	33.37500000
6677	33.38000107
6678	33.38499832
6679	33.38999939
6680	33.39500046
6681	33.40000153
6682	33.40499878
6683	33.40999985
6684	33.41500092
6685	33.41999817
6686	33.42499924
6687	33.43000031
6688	33.43500137
6689	33.43999863
6690	33.44499969
6691	33.45000076
6692	33.45500183
6693	33.45999908
6694	33.46500015
6695	33.47000122
6696	33.47499847
6697	33.47999954
6698	33.48500061
6699	33.49000168
6700	33.49499893
6701	33.50000000
6702	33.50500107
6703	33.50999832
6704	33.51499939
6705	33.52000046
6706	33.52500153
6707	33.52999878
6708	33.53499985
6709	33.54000092
6710	33.54499817
6711	33.54999924
6712	33.55500031
6713	33.56000137
6714	33.56499863
6715	33.56999969
6716	33.57500076
6717	33.58000183
6718	33.58499908
6719	33.59000015
6720	33.59500122
6721	33.59999847
6722	33.60499954
6723	33.61000061
6724	33.61500168
6725	33.61999893
6726	33.62500000
6727	33.63000107
6728	33.63499832
6729	33.63999939
6730	33.64500046
6731	33.65000153
6732	33.65499878
6733	33.65999985
6734	33.66500092
6735	33.66999817
6736	33.67499924
6737	33.68000031
6738	33.68500137
6739	33.68999863
6740	33.69499969
6741	33.70000076
6742	33.70500183
6743	33.70999908
6744	33.71500015
6745	33.72000122
6746	33.72499847
6747	33.72999954
6748	33.73500061
6749	33.74000168
6750	33.74499893
6751	33.75000000
6752	33.75500107
6753	33.75999832
6754	33.76499939
6755	33.77000046
6756	33.77500153
6757	33.77999878
6758	33.78499985
6759	33.79000092
6760	33.79499817
6761	33.79999924
6762	33.80500031
6763	33.81000137
6764	33.81499863
6765	33.81999969
6766	33.82500076
6767	33.83000183
6768	33.83499908
6769	33.84000015
6770	33.84500122
6771	33.84999847
6772	33.85499954
6773	33.86000061
6774	33.86500168
6775	33.86999893
6776	33.87500000
6777	33.88000107
6778	33.88499832
6779	33.88999939
6780	33.89500046
6781	33.90000153
6782	33.90499878
6783	33.90999985
6784	33.91500092
6785	33.91999817
6786	33.92499924
6787	33.93000031
6788	33.93500137
6789	33.93999863
6790	33.94499969
6791	33.95000076
6792	33.95500183
6793	33.95999908
6794	33.96500015
6795	33.97000122
6796	33.97499847
6797	33.97999954
6798	33.98500061
6799	33.99000168
6800	33.99499893
6801	34.00000000
6802	34.00500107
6803	34.00999832
6804	34.01499939
6805	34.02000046
6806	34.02500153
6807	34.02999878
6808	34.03499985
6809	34.04000092
6810	34.04499817
6811	34.04999924
6812	34.05500031
6813	34.06000137
6814	34.06499863
6815	34.06999969
6816	34.07500076
6817	34.08000183
6818	34.08499908
6819	34.09000015
6820	34.09500122
6821	34.09999847
6822	34.10499954
6823	34.11000061
6824	34.11500168
6825	34.11999893
6826	34.12500000
6827	34.13000107
6828	34.13499832
6829	34.13999939
6830	34.14500046
6831	34.15000153
6832	34.15499878
6833	34.15999985
6834	34.16500092
6835	34.16999817
6836	34.17499924
6837	34.18000031
6838	34.18500137
6839	34.18999863
6840	34.19499969
6841	34.20000076
6842	34.20500183
6843	34.20999908
6844	34.21500015
6845	34.22000122
6846	34.22499847
6847	34.22999954
6848	34.23500061
6849	34.24000168
6850	34.24499893
6851	34.25000000
6852	34.25500107
6853	34.25999832
6854	34.26499939
6855	34.27000046
6856	34.27500153
6857	34.27999878
6858	34.28499985
6859	34.29000092
6860	34.29499817
6861	34.29999924
6862	34.30500031
6863	34.31000137
6864	34.31499863
6865	34.31999969
6866	34.32500076
6867	34.33000183
6868	34.33499908
6869	34.34000015
6870	34.34500122
6871	34.34999847
6872	34.35499954
6873	34.36000061
6874	34.36500168
6875	34.36999893
6876	34.37500000
6877	34.38000107
6878	34.38499832
6879	34.38999939
6880	34.39500046
6881	34.40000153
6882	34.40499878
6883	34.40999985
6884	34.41500092
6885	34.41999817
6886	34.42499924
6887	34.43000031
6888	34.43500137
6889	34.43999863
6890	34.44499969
6891	34.45000076
6892	34.45500183
6893	34.45999908
6894	34.46500015
6895	34.47000122
6896	34.47499847
6897	34.47999954
6898	34.48500061
6899	34.49000168
6900	34.49499893
6901	34.50000000
6902	34.50500107
6903	34.50999832
6904	34.51499939
6905	34.52000046
6906	34.52500153
6907	34.52999878
6908	34.53499985
6909	34.54000092
6910	34.54499817
6911	34.54999924
6912	34.55500031
6913	34.56000137
6914	34.56499863
6915	34.56999969
6916	34.57500076
6917	34.58000183
6918	34.58499908
6919	34.59000015
6920	34.59500122
6921	34.59999847
6922	34.60499954
6923	34.61000061
6924	34.61500168
6925	34.61999893
6926	34.62500000
6927	34.63000107
6928	34.63499832
6929	34.63999939
6930	34.64500046
6931	34.65000153
6932	34.65499878
6933	34.65999985
6934	34.66500092
6935	34.66999817
6936	34.67499924
6937	34.68000031
6938	34.68500137
6939	34.68999863
6940	34.69499969
6941	34.70000076
6942	34.70500183
6943	34.70999908
6944	34.71500015
6945	34.72000122
6946	34.72499847
6947	34.72999954
6948	34.73500061
6949	34.74000168
6950	34.74499893
6951	34.75000000
6952	34.75500107
6953	34.75999832
6954	34.76499939
6955	34.77000046
6956	34.77500153
6957	34.77999878
6958	34.78499985
6959	34.79000092
6960	34.79499817
6961	34.79999924
6962	34.80500031
6963	34.81000137
6964	34.81499863
6965	34.81999969
6966	34.82500076
6967	34.83000183
6968	34.83499908
6969	34.84000015
6970	34.84500122
6971	34.84999847
6972	34.85499954
6973	34.86000061
6974	34.86500168
6975	34.86999893
6976	34.87500000
6977	34.88000107
6978	34.88499832
6979	34.88999939
6980	34.89500046
6981	34.90000153
6982	34.90499878
6983	34.90999985
6984	34.91500092
6985	34.91999817
6986	34.92499924
6987	34.93000031
6988	34.93500137
6989	34.93999863
6990	34.94499969
6991	34.95000076
6992	34.95500183
6993	34.95999908
6994	34.96500015
6995	34.97000122
6996	34.97499847
6997	34.97999954
6998	34.98500061
6999	34.99000168
7000	34.99499893
7001	35.00000000
7002	35.00500107
7003	35.00999832
7004	35.01499939
7005	35.02000046
7006	35.02500153
7007	35.02999878
7008	35.03499985
7009	35.04000092
7010	35.04499817
7011	35.04999924
7012	35.05500031
7013	35.06000137
7014	35.06499863
7015	35.06999969
7016	35.07500076
7017	35.08000183
7018	35.08499908
7019	35.09000015
7020	35.09500122
7021	35.09999847
7022	35.10499954
7023	35.11000061
7024	35.11500168
7025	35.11999893
7026	35.12500000
7027	35.13000107
7028	35.13499832
7029	35.13999939
7030	35.14500046
7031	35.15000153
7032	35.15499878
7033	35.15999985
7034	35.16500092
7035	35.16999817
7036	35.17499924
7037	35.18000031
7038	35.18500137
7039	35.18999863
7040	35.19499969
7041	35.20000076
7042	35.20500183
7043	35.20999908
7044	35.21500015
7045	35.22000122
7046	35.22499847
7047	35.22999954
7048	35.23500061
7049	35.24000168
7050	35.24499893
7051	35.25000000
7052	35.25500107
7053	35.25999832
7054	35.26499939
7055	35.27000046
7056	35.27500153
7057	35.27999878
7058	35.28499985
7059	35.29000092
7060	35.29499817
7061	35.29999924
7062	35.30500031
7063	35.31000137
7064	35.31499863
7065	35.31999969
7066	35.32500076
7067	35.33000183
7068	35.33499908
7069	35.34000015
7070	35.34500122
7071	35.34999847
7072	35.35499954
7073	35.36000061
7074	35.36500168
7075	35.36999893
7076	35.37500000
7077	35.38000107
7078	35.38499832
7079	35.38999939
7080	35.39500046
7081	35.40000153
7082	35.40499878
7083	35.40999985
7084	35.41500092
7085	35.41999817
7086	35.42499924
7087	35.43000031
7088	35.43500137
7089	35.43999863
7090	35.44499969
7091	35.45000076
7092	35.45500183
7093	35.45999908
7094	35.46500015
7095	35.47000122
7096	35.47499847
7097	35.47999954
7098	35.48500061
7099	35.49000168
7100	35.49499893
7101	35.50000000
7102	35.50500107
7103	35.50999832
7104	35.51499939
7105	35.52000046
7106	35.52500153
7107	35.52999878
7108	35.53499985
7109	35.54000092
7110	35.54499817
7111	35.54999924
7112	35.55500031
7113	35.56000137
7114	35.56499863
7115	35.56999969
7116	35.57500076
7117	35.58000183
7118	35.58499908
7119	35.59000015
7120	35.59500122
7121	35.59999847
7122	35.60499954
7123	35.61000061
7124	35.61500168
7125	35.61999893
7126	35.62500000
7127	35.63000107
7128	35.63499832
7129	35.63999939
7130	35.64500046
7131	35.65000153
7132	35.65499878
7133	35.65999985
7134	35.66500092
7135	35.66999817
7136	35.67499924
7137	35.68000031
7138	35.68500137
7139	35.68999863
7140	35.69499969
7141	35.70000076
7142	35.70500183
7143	35.70999908
7144	35.71500015
7145	35.72000122
7146	35.72499847
7147	35.72999954
7148	35.73500061
7149	35.74000168
7150	35.74499893
7151	35.75000000
7152	35.75500107
7153	35.75999832
7154	35.76499939
7155	35.77000046
7156	35.77500153
7157	35.77999878
7158	35.78499985
7159	35.79000092
7160	35.79499817
7161	35.79999924
7162	35.80500031
7163	35.81000137
7164	35.81499863
7165	35.81999969
7166	35.82500076
7167	35.83000183
7168	35.83499908
7169	35.84000015
7170	35.84500122
7171	35.84999847
7172	35.85499954
7173	35.86000061
7174	35.86500168
7175	35.86999893
7176	35.87500000
7177	35.88000107
7178	35.88499832
7179	35.88999939
7180	35.89500046
7181	35.90000153
7182	35.90499878
7183	35.90999985
7184	35.91500092
7185	35.91999817
7186	35.92499924
7187	35.93000031
7188	35.93500137
7189	35.93999863
7190	35.94499969
7191	35.95000076
7192	35.95500183
7193	35.95999908
7194	35.96500015
7195	35.97000122
7196	35.97499847
7197	35.97999954
7198	35.98500061
7199	35.99000168
7200	35.99499893
7201	36.00000000
7202	36.00500107
7203	36.00999832
7204	36.01499939
7205	36.02000046
7206	36.02500153
7207	36.02999878
7208	36.03499985
7209	36.04000092
7210	36.04499817
7211	36.04999924
7212	36.05500031
7213	36.06000137
7214	36.06499863
7215	36.06999969
7216	36.07500076
7217	36.08000183
7218	36.08499908
7219	36.09000015
7220	36.09500122
7221	36.09999847
7222	36.10499954
7223	36.11000061
7224	36.11500168
7225	36.11999893
7226	36.12500000
7227	36.13000107
7228	36.13499832
7229	36.13999939
7230	36.14500046
7231	36.15000153
7232	36.15499878
7233	36.15999985
7234	36.16500092
7235	36.16999817
7236	36.17499924
7237	36.18000031
7238	36.18500137
7239	36.18999863
7240	36.19499969
7241	36.20000076
7242	36.20500183
7243	36.20999908
7244	36.21500015
7245	36.22000122
7246	36.22499847
7247	36.22999954
7248	36.23500061
7249	36.24000168
7250	36.24499893
7251	36.25000000
7252	36.25500107
7253	36.25999832
7254	36.26499939
7255	36.27000046
7256	36.27500153
7257	36.27999878
7258	36.28499985
7259	36.29000092
7260	36.29499817
7261	36.29999924
7262	36.30500031
7263	36.31000137
7264	36.31499863
7265	36.31999969
7266	36.32500076
7267	36.33000183
7268	36.33499908
7269	36.34000015
7270	36.34500122
7271	36.34999847
7272	36.35499954
7273	36.36000061
7274	36.36500168
7275	36.36999893
7276	36.37500000
7277	36.38000107
7278	36.38499832
7279	36.38999939
7280	36.39500046
7281	36.40000153
7282	36.40499878
7283	36.40999985
7284	36.41500092
7285	36.41999817
7286	36.42499924
7287	36.43000031
7288	36.43500137
7289	36.43999863
7290	36.44499969
7291	36.45000076
7292	36.45500183
7293	36.45999908
7294	36.46500015
7295	36.47000122
7296	36.47499847
7297	36.47999954
7298	36.48500061
7299	36.49000168
7300	36.49499893
7301	36.50000000
7302	36.50500107
7303	36.50999832
7304	36.51499939
7305	36.52000046
7306	36.52500153
7307	36.52999878
7308	36.53499985
7309	36.54000092
7310	36.54499817
7311	36.54999924
7312	36.55500031
7313	36.56000137
7314	36.56499863
7315	36.56999969
7316	36.57500076
7317	36.58000183
7318	36.58499908
7319	36.59000015
7320	36.59500122
7321	36.59999847
7322	36.60499954
7323	36.61000061
7324	36.61500168
7325	36.61999893
7326	36.62500000
7327	36.63000107
7328	36.63499832
7329	36.63999939
7330	36.64500046
7331	36.65000153
7332	36.65499878
7333	36.65999985
7334	36.66500092
7335	36.66999817
7336	36.67499924
7337	36.68000031
7338	36.68500137
7339	36.68999863
7340	36.69499969
7341	36.70000076
7342	36.70500183
7343	36.70999908
7344	36.71500015
7345	36.72000122
7346	36.72499847
7347	36.72999954
7348	36.73500061
7349	36.74000168
7350	36.74499893
7351	36.75000000
7352	36.75500107
7353	36.75999832
7354	36.76499939
7355	36.77000046
7356	36.77500153
7357	36.77999878
7358	36.78499985
7359	36.79000092
7360	36.79499817
7361	36.79999924
7362	36.80500031
7363	36.81000137
7364	36.81499863
7365	36.81999969
7366	36.82500076
7367	36.83000183
7368	36.83499908
7369	36.84000015
7370	36.84500122
7371	36.84999847
7372	36.85499954
7373	36.86000061
7374	36.86500168
7375	36.86999893
7376	36.87500000
7377	36.88000107
7378	36.88499832
7379	36.88999939
7380	36.89500046
7381	36.90000153
7382	36.90499878
7383	36.90999985
7384	36.91500092
7385	36.91999817
7386	36.92499924
7387	36.93000031
7388	36.93500137
7389	36.93999863
7390	36.94499969
7391	36.95000076
7392	36.95500183
7393	36.95999908
7394	36.96500015
7395	36.97000122
7396	36.97499847
7397	36.97999954
7398	36.98500061
7399	36.99000168
7400	36.99499893
7401	37.00000000
7402	37.00500107
7403	37.00999832
7404	37.01499939
7405	37.02000046
7406	37.02500153
7407	37.02999878
7408	37.03499985
7409	37.04000092
7410	37.04499817
7411	37.04999924
7412	37.05500031
7413	37.06000137
7414	37.06499863
7415	37.06999969
7416	37.07500076
7417	37.08000183
7418	37.08499908
7419	37.09000015
7420	37.09500122
7421	37.09999847
7422	37.10499954
7423	37.11000061
7424	37.11500168
7425	37.11999893
7426	37.12500000
7427	37.13000107
7428	37.13499832
7429	37.13999939
7430	37.14500046
7431	37.15000153
7432	37.15499878
7433	37.15999985
7434	37.16500092
7435	37.16999817
7436	37.17499924
7437	37.18000031
7438	37.18500137
7439	37.18999863
7440	37.19499969
7441	37.20000076
7442	37.20500183
7443	37.20999908
7444	37.21500015
7445	37.22000122
7446	37.22499847
7447	37.22999954
7448	37.23500061
7449	37.24000168
7450	37.24499893
7451	37.25000000
7452	37.25500107
7453	37.25999832
7454	37.26499939
7455	37.27000046
7456	37.27500153
7457	37.27999878
7458	37.28499985
7459	37.29000092
7460	37.29499817
7461	37.29999924
7462	37.30500031
7463	37.31000137
7464	37.31499863
7465	37.31999969
7466	37.32500076
7467	37.33000183
7468	37.33499908
7469	37.34000015
7470	37.34500122
7471	37.34999847
7472	37.35499954
7473	37.36000061
7474	37.36500168
7475	37.36999893
7476	37.37500000
7477	37.38000107
7478	37.38499832
7479	37.38999939
7480	37.39500046
7481	37.40000153
7482	37.40499878
7483	37.40999985
7484	37.41500092
7485	37.41999817
7486	37.42499924
7487	37.43000031
7488	37.43500137
7489	37.43999863
7490	37.44499969
7491	37.45000076
7492	37.45500183
7493	37.45999908
7494	37.46500015
7495	37.47000122
7496	37.47499847
7497	37.47999954
7498	37.48500061
7499	37.49000168
7500	37.49499893
7501	37.50000000
7502	37.50500107
7503	37.50999832
7504	37.51499939
7505	37.52000046
7506	37.52500153
7507	37.52999878
7508	37.53499985
7509	37.54000092
7510	37.54499817
7511	37.54999924
7512	37.55500031
7513	37.56000137
7514	37.56499863
7515	37.56999969
7516	37.57500076
7517	37.58000183
7518	37.58499908
7519	37.59000015
7520	37.59500122
7521	37.59999847
7522	37.60499954
7523	37.61000061
7524	37.61500168
7525	37.61999893
7526	37.62500000
7527	37.63000107
7528	37.63499832
7529	37.63999939
7530	37.64500046
7531	37.65000153
7532	37.65499878
7533	37.65999985
7534	37.66500092
7535	37.66999817
7536	37.67499924
7537	37.68000031
7538	37.68500137
7539	37.68999863
7540	37.69499969
7541	37.70000076
7542	37.70500183
7543	37.70999908
7544	37.71500015
7545	37.72000122
7546	37.72499847
7547	37.72999954
7548	37.73500061
7549	37.74000168
7550	37.74499893
7551	37.75000000
7552	37.75500107
7553	37.75999832
7554	37.76499939
7555	37.77000046
7556	37.77500153
7557	37.77999878
7558	37.78499985
7559	37.79000092
7560	37.79499817
7561	37.79999924
7562	37.80500031
7563	37.81000137
7564	37.81499863
7565	37.81999969
7566	37.82500076
7567	37.83000183
7568	37.83499908
7569	37.84000015
7570	37.84500122
7571	37.84999847
7572	37.85499954
7573	37.86000061
7574	37.86500168
7575	37.86999893
7576	37.87500000
7577	37.88000107
7578	37.88499832
7579	37.88999939
7580	37.89500046
7581	37.90000153
7582	37.90499878
7583	37.90999985
7584	37.91500092
7585	37.91999817
7586	37.92499924
7587	37.93000031
7588	37.93500137
7589	37.93999863
7590	37.94499969
7591	37.95000076
7592	37.95500183
7593	37.95999908
7594	37.96500015
7595	37.97000122
7596	37.97499847
7597	37.97999954
7598	37.98500061
7599	37.99000168
7600	37.99499893
7601	38.00000000
7602	38.00500107
7603	38.00999832
7604	38.01499939
7605	38.02000046
7606	38.02500153
7607	38.02999878
7608	38.03499985
7609	38.04000092
7610	38.04499817
7611	38.04999924
7612	38.05500031
7613	38.06000137
7614	38.06499863
7615	38.06999969
7616	38.07500076
7617	38.08000183
7618	38.08499908
7619	38.09000015
7620	38.09500122
7621	38.09999847
7622	38.10499954
7623	38.11000061
7624	38.11500168
7625	38.11999893
7626	38.12500000
7627	38.13000107
7628	38.13499832
7629	38.13999939
7630	38.14500046
7631	38.15000153
7632	38.15499878
7633	38.15999985
7634	38.16500092
7635	38.16999817
7636	38.17499924
7637	38.18000031
7638	38.18500137
7639	38.18999863
7640	38.19499969
7641	38.20000076
7642	38.20500183
7643	38.20999908
7644	38.21500015
7645	38.22000122
7646	38.22499847
7647	38.22999954
7648	38.23500061
7649	38.24000168
7650	38.24499893
7651	38.25000000
7652	38.25500107
7653	38.25999832
7654	38.26499939
7655	38.27000046
7656	38.27500153
7657	38.27999878
7658	38.28499985
7659	38.29000092
7660	38.29499817
7661	38.29999924
7662	38.30500031
7663	38.31000137
7664	38.31499863
7665	38.31999969
7666	38.32500076
7667	38.33000183
7668	38.33499908
7669	38.34000015
7670	38.34500122
7671	38.34999847
7672	38.35499954
7673	38.36000061
7674	38.36500168
7675	38.36999893
7676	38.37500000
7677	38.38000107
7678	38.38499832
7679	38.38999939
7680	38.39500046
7681	38.40000153
7682	38.40499878
7683	38.40999985
7684	38.41500092
7685	38.41999817
7686	38.42499924
7687	38.43000031
7688	38.43500137
7689	38.43999863
7690	38.44499969
7691	38.45000076
7692	38.45500183
7693	38.45999908
7694	38.46500015
7695	38.47000122
7696	38.47499847
7697	38.47999954
7698	38.48500061
7699	38.49000168
7700	38.49499893
7701	38.50000000
7702	38.50500107
7703	38.50999832
7704	38.51499939
7705	38.52000046
7706	38.52500153
7707	38.52999878
7708	38.53499985
7709	38.54000092
7710	38.54499817
7711	38.54999924
7712	38.55500031
7713	38.56000137
7714	38.56499863
7715	38.56999969
7716	38.57500076
7717	38.58000183
7718	38.58499908
7719	38.59000015
7720	38.59500122
7721	38.59999847
7722	38.60499954
7723	38.61000061
7724	38.61500168
7725	38.61999893
7726	38.62500000
7727	38.63000107
7728	38.63499832
7729	38.63999939
7730	38.64500046
7731	38.65000153
7732	38.65499878
7733	38.65999985
7734	38.66500092
7735	38.66999817
7736	38.67499924
7737	38.68000031
7738	38.68500137
7739	38.68999863
7740	38.69499969
7741	38.70000076
7742	38.70500183
7743	38.70999908
7744	38.71500015
7745	38.72000122
7746	38.72499847
7747	38.72999954
7748	38.73500061
7749	38.74000168
7750	38.74499893
7751	38.75000000
7752	38.75500107
7753	38.75999832
7754	38.76499939
7755	38.77000046
7756	38.77500153
7757	38.77999878
7758	38.78499985
7759	38.79000092
7760	38.79499817
7761	38.79999924
7762	38.80500031
7763	38.81000137
7764	38.81499863
7765	38.81999969
7766	38.82500076
7767	38.83000183
7768	38.83499908
7769	38.84000015
7770	38.84500122
7771	38.84999847
7772	38.85499954
7773	38.86000061
7774	38.86500168
7775	38.86999893
7776	38.87500000
7777	38.88000107
7778	38.88499832
7779	38.88999939
7780	38.89500046
7781	38.90000153
7782	38.90499878
7783	38.90999985
7784	38.91500092
7785	38.91999817
7786	38.92499924
7787	38.93000031
7788	38.93500137
7789	38.93999863
7790	38.94499969
7791	38.95000076
7792	38.95500183
7793	38.95999908
7794	38.96500015
7795	38.97000122
7796	38.97499847
7797	38.97999954
7798	38.98500061
7799	38.99000168
7800	38.99499893
7801	39.00000000
7802	39.00500107
7803	39.00999832
7804	39.01499939
7805	39.02000046
7806	39.02500153
7807	39.02999878
7808	39.03499985
7809	39.04000092
7810	39.04499817
7811	39.04999924
7812	39.05500031
7813	39.06000137
7814	39.06499863
7815	39.06999969
7816	39.07500076
7817	39.08000183
7818	39.08499908
7819	39.09000015
7820	39.09500122
7821	39.09999847
7822	39.10499954
7823	39.11000061
7824	39.11500168
7825	39.11999893
7826	39.12500000
7827	39.13000107
7828	39.13499832
7829	39.13999939
7830	39.14500046
7831	39.15000153
7832	39.15499878
7833	39.15999985
7834	39.16500092
7835	39.16999817
7836	39.17499924
7837	39.18000031
7838	39.18500137
7839	39.18999863
7840	39.19499969
7841	39.20000076
7842	39.20500183
7843	39.20999908
7844	39.21500015
7845	39.22000122
7846	39.22499847
7847	39.22999954
7848	39.23500061
7849	39.24000168
7850	39.24499893
7851	39.25000000
7852	39.25500107
7853	39.25999832
7854	39.26499939
7855	39.27000046
7856	39.27500153
7857	39.27999878
7858	39.28499985
7859	39.29000092
7860	39.29499817
7861	39.29999924
7862	39.30500031
7863	39.31000137
7864	39.31499863
7865	39.31999969
7866	39.32500076
7867	39.33000183
7868	39.33499908
7869	39.34000015
7870	39.34500122
7871	39.34999847
7872	39.35499954
7873	39.36000061
7874	39.36500168
7875	39.36999893
7876	39.37500000
7877	39.38000107
7878	39.38499832
7879	39.38999939
7880	39.39500046
7881	39.40000153
7882	39.40499878
7883	39.40999985
7884	39.41500092
7885	39.41999817
7886	39.42499924
7887	39.43000031
7888	39.43500137
7889	39.43999863
7890	39.44499969
7891	39.45000076
7892	39.45500183
7893	39.45999908
7894	39.46500015
7895	39.47000122
7896	39.47499847
7897	39.47999954
7898	39.48500061
7899	39.49000168
7900	39.49499893
7901	39.50000000
7902	39.50500107
7903	39.50999832
7904	39.51499939
7905	39.52000046
7906	39.52500153
7907	39.52999878
7908	39.53499985
7909	39.54000092
7910	39.54499817
7911	39.54999924
7912	39.55500031
7913	39.56000137
7914	39.56499863
7915	39.56999969
7916	39.57500076
7917	39.58000183
7918	39.58499908
7919	39.59000015
7920	39.59500122
7921	39.59999847
7922	39.60499954
7923	39.61000061
7924	39.61500168
7925	39.61999893
7926	39.62500000
7927	39.63000107
7928	39.63499832
7929	39.63999939
7930	39.64500046
7931	39.65000153
7932	39.65499878
7933	39.65999985
7934	39.66500092
7935	39.66999817
7936	39.67499924
7937	39.68000031
7938	39.68500137
7939	39.68999863
7940	39.69499969
7941	39.70000076
7942	39.70500183
7943	39.70999908
7944	39.71500015
7945	39.72000122
7946	39.72499847
7947	39.72999954
7948	39.73500061
7949	39.74000168
7950	39.74499893
7951	39.75000000
7952	39.75500107
7953	39.75999832
7954	39.76499939
7955	39.77000046
7956	39.77500153
7957	39.77999878
7958	39.78499985
7959	39.79000092
7960	39.79499817
7961	39.79999924
7962	39.80500031
7963	39.81000137
7964	39.81499863
7965	39.81999969
7966	39.82500076
7967	39.83000183
7968	39.83499908
7969	39.84000015
7970	39.84500122
7971	39.84999847
7972	39.85499954
7973	39.86000061
7974	39.86500168
7975	39.86999893
7976	39.87500000
7977	39.88000107
7978	39.88499832
7979	39.88999939
7980	39.89500046
7981	39.90000153
7982	39.90499878
7983	39.90999985
7984	39.91500092
7985	39.91999817
7986	39.92499924
7987	39.93000031
7988	39.93500137
7989	39.93999863
7990	39.94499969
7991	39.95000076
7992	39.95500183
7993	39.95999908
7994	39.96500015
7995	39.97000122
7996	39.97499847
7997	39.97999954
7998	39.98500061
7999	39.99000168
8000	39.99499893
8001	40.00000000
8002	40.00500107
8003	40.00999832
8004	40.01499939
8005	40.02000046
8006	40.02500153
8007	40.02999878
8008	40.03499985
8009	40.04000092
8010	40.04499817
8011	40.04999924
8012	40.05500031
8013	40.06000137
8014	40.06499863
8015	40.06999969
8016	40.07500076
8017	40.08000183
8018	40.08499908
8019	40.09000015
8020	40.09500122
8021	40.09999847
8022	40.10499954
8023	40.11000061
8024	40.11500168
8025	40.11999893
8026	40.12500000
8027	40.13000107
8028	40.13499832
8029	40.13999939
8030	40.14500046
8031	40.15000153
8032	40.15499878
8033	40.15999985
8034	40.16500092
8035	40.16999817
8036	40.17499924
8037	40.18000031
8038	40.18500137
8039	40.18999863
8040	40.19499969
8041	40.20000076
8042	40.20500183
8043	40.20999908
8044	40.21500015
8045	40.22000122
8046	40.22499847
8047	40.22999954
8048	40.23500061
8049	40.24000168
8050	40.24499893
8051	40.25000000
8052	40.25500107
8053	40.25999832
8054	40.26499939
8055	40.27000046
8056	40.27500153
8057	40.27999878
8058	40.28499985
8059	40.29000092
8060	40.29499817
8061	40.29999924
8062	40.30500031
8063	40.31000137
8064	40.31499863
8065	40.31999969
8066	40.32500076
8067	40.33000183
8068	40.33499908
8069	40.34000015
8070	40.34500122
8071	40.34999847
8072	40.35499954
8073	40.36000061
8074	40.36500168
8075	40.36999893
8076	40.37500000
8077	40.38000107
8078	40.38499832
8079	40.38999939
8080	40.39500046
8081	40.40000153
8082	40.40499878
8083	40.40999985
8084	40.41500092
8085	40.41999817
8086	40.42499924
8087	40.43000031
8088	40.43500137
8089	40.43999863
8090	40.44499969
8091	40.45000076
8092	40.45500183
8093	40.45999908
8094	40.46500015
8095	40.47000122
8096	40.47499847
8097	40.47999954
8098	40.48500061
8099	40.49000168
8100	40.49499893
8101	40.50000000
8102	40.50500107
8103	40.50999832
8104	40.51499939
8105	40.52000046
8106	40.52500153
8107	40.52999878
8108	40.53499985
8109	40.54000092
8110	40.54499817
8111	40.54999924
8112	40.55500031
8113	40.56000137
8114	40.56499863
8115	40.56999969
8116	40.57500076
8117	40.58000183
8118	40.58499908
8119	40.59000015
8120	40.59500122
8121	40.59999847
8122	40.60499954
8123	40.61000061
8124	40.61500168
8125	40.61999893
8126	40.62500000
8127	40.63000107
8128	40.63499832
8129	40.63999939
8130	40.64500046
8131	40.65000153
8132	40.65499878
8133	40.65999985
8134	40.66500092
8135	40.66999817
8136	40.67499924
8137	40.68000031
8138	40.68500137
8139	40.68999863
8140	40.69499969
8141	40.70000076
8142	40.70500183
8143	40.70999908
8144	40.71500015
8145	40.72000122
8146	40.72499847
8147	40.72999954
8148	40.73500061
8149	40.74000168
8150	40.74499893
8151	40.75000000
8152	40.75500107
8153	40.75999832
8154	40.76499939
8155	40.77000046
8156	40.77500153
8157	40.77999878
8158	40.78499985
8159	40.79000092
8160	40.79499817
8161	40.79999924
8162	40.80500031
8163	40.81000137
8164	40.81499863
8165	40.81999969
8166	40.82500076
8167	40.83000183
8168	40.83499908
8169	40.84000015
8170	40.84500122
8171	40.84999847
8172	40.85499954
8173	40.86000061
8174	40.86500168
8175	40.86999893
8176	40.87500000
8177	40.88000107
8178	40.88499832
8179	40.88999939
8180	40.89500046
8181	40.90000153
8182	40.90499878
8183	40.90999985
8184	40.91500092
8185	40.91999817
8186	40.92499924
8187	40.93000031
8188	40.93500137
8189	40.93999863
8190	40.94499969
8191	40.95000076
8192	40.95500183
8193	40.95999908
8194	40.96500015
8195	40.97000122
8196	40.97499847
8197	40.97999954
8198	40.98500061
8199	40.99000168
8200	40.99499893
8201	41.00000000
8202	41.00500107
8203	41.00999832
8204	41.01499939
8205	41.02000046
8206	41.02500153
8207	41.02999878
8208	41.03499985
8209	41.04000092
8210	41.04499817
8211	41.04999924
8212	41.05500031
8213	41.06000137
8214	41.06499863
8215	41.06999969
8216	41.07500076
8217	41.08000183
8218	41.08499908
8219	41.09000015
8220	41.09500122
8221	41.09999847
8222	41.10499954
8223	41.11000061
8224	41.11500168
8225	41.11999893
8226	41.12500000
8227	41.13000107
8228	41.13499832
8229	41.13999939
8230	41.14500046
8231	41.15000153
8232	41.15499878
8233	41.15999985
8234	41.16500092
8235	41.16999817
8236	41.17499924
8237	41.18000031
8238	41.18500137
8239	41.18999863
8240	41.19499969
8241	41.20000076
8242	41.20500183
8243	41.20999908
8244	41.21500015
8245	41.22000122
8246	41.22499847
8247	41.22999954
8248	41.23500061
8249	41.24000168
8250	41.24499893
8251	41.25000000
8252	41.25500107
8253	41.25999832
8254	41.26499939
8255	41.27000046
8256	41.27500153
8257	41.27999878
8258	41.28499985
8259	41.29000092
8260	41.29499817
8261	41.29999924
8262	41.30500031
8263	41.31000137
8264	41.31499863
8265	41.31999969
8266	41.32500076
8267	41.33000183
8268	41.33499908
8269	41.34000015
8270	41.34500122
8271	41.34999847
8272	41.35499954
8273	41.36000061
8274	41.36500168
8275	41.36999893
8276	41.37500000
8277	41.38000107
8278	41.38499832
8279	41.38999939
8280	41.39500046
8281	41.40000153
8282	41.40499878
8283	41.40999985
8284	41.41500092
8285	41.41999817
8286	41.42499924
8287	41.43000031
8288	41.43500137
8289	41.43999863
8290	41.44499969
8291	41.45000076
8292	41.45500183
8293	41.45999908
8294	41.46500015
8295	41.47000122
8296	41.47499847
8297	41.47999954
8298	41.48500061
8299	41.49000168
8300	41.49499893
8301	41.50000000
8302	41.50500107
8303	41.50999832
8304	41.51499939
8305	41.52000046
8306	41.52500153
8307	41.52999878
8308	41.53499985
8309	41.54000092
8310	41.54499817
8311	41.54999924
8312	41.55500031
8313	41.56000137
8314	41.56499863
8315	41.56999969
8316	41.57500076
8317	41.58000183
8318	41.58499908
8319	41.59000015
8320	41.59500122
8321	41.59999847
8322	41.60499954
8323	41.61000061
8324	41.61500168
8325	41.61999893
8326	41.62500000
8327	41.63000107
8328	41.63499832
8329	41.63999939
8330	41.64500046
8331	41.65000153
8332	41.65499878
8333	41.65999985
8334	41.66500092
8335	41.66999817
8336	41.67499924
8337	41.68000031
8338	41.68500137
8339	41.68999863
8340	41.69499969
8341	41.70000076
8342	41.70500183
8343	41.70999908
8344	41.71500015
8345	41.72000122
8346	41.72499847
8347	41.72999954
8348	41.73500061
8349	41.74000168
8350	41.74499893
8351	41.75000000
8352	41.75500107
8353	41.75999832
8354	41.76499939
8355	41.77000046
8356	41.77500153
8357	41.77999878
8358	41.78499985
8359	41.79000092
8360	41.79499817
8361	41.79999924
8362	41.80500031
8363	41.81000137
8364	41.81499863
8365	41.81999969
8366	41.82500076
8367	41.83000183
8368	41.83499908
8369	41.84000015
8370	41.84500122
8371	41.84999847
8372	41.85499954
8373	41.86000061
8374	41.86500168
8375	41.86999893
8376	41.87500000
8377	41.88000107
8378	41.88499832
8379	41.88999939
8380	41.89500046
8381	41.90000153
8382	41.90499878
8383	41.90999985
8384	41.91500092
8385	41.91999817
8386	41.92499924
8387	41.93000031
8388	41.93500137
8389	41.93999863
8390	41.94499969
8391	41.95000076
8392	41.95500183
8393	41.95999908
8394	41.96500015
8395	41.97000122
8396	41.97499847
8397	41.97999954
8398	41.98500061
8399	41.99000168
8400	41.99499893
8401	42.00000000
8402	42.00500107
8403	42.00999832
8404	42.01499939
8405	42.02000046
8406	42.02500153
8407	42.02999878
8408	42.03499985
8409	42.04000092
8410	42.04499817
8411	42.04999924
8412	42.05500031
8413	42.06000137
8414	42.06499863
8415	42.06999969
8416	42.07500076
8417	42.08000183
8418	42.08499908
8419	42.09000015
8420	42.09500122
8421	42.09999847
8422	42.10499954
8423	42.11000061
8424	42.11500168
8425	42.11999893
8426	42.12500000
8427	42.13000107
8428	42.13499832
8429	42.13999939
8430	42.14500046
8431	42.15000153
8432	42.15499878
8433	42.15999985
8434	42.16500092
8435	42.16999817
8436	42.17499924
8437	42.18000031
8438	42.18500137
8439	42.18999863
8440	42.19499969
8441	42.20000076
8442	42.20500183
8443	42.20999908
8444	42.21500015
8445	42.22000122
8446	42.22499847
8447	42.22999954
8448	42.23500061
8449	42.24000168
8450	42.24499893
8451	42.25000000
8452	42.25500107
8453	42.25999832
8454	42.26499939
8455	42.27000046
8456	42.27500153
8457	42.27999878
8458	42.28499985
8459	42.29000092
8460	42.29499817
8461	42.29999924
8462	42.30500031
8463	42.31000137
8464	42.31499863
8465	42.31999969
8466	42.32500076
8467	42.33000183
8468	42.33499908
8469	42.34000015
8470	42.34500122
8471	42.34999847
8472	42.35499954
8473	42.36000061
8474	42.36500168
8475	42.36999893
8476	42.37500000
8477	42.38000107
8478	42.38499832
8479	42.38999939
8480	42.39500046
8481	42.40000153
8482	42.40499878
8483	42.40999985
8484	42.41500092
8485	42.41999817
8486	42.42499924
8487	42.43000031
8488	42.43500137
8489	42.43999863
8490	42.44499969
8491	42.45000076
8492	42.45500183
8493	42.45999908
8494	42.46500015
8495	42.47000122
8496	42.47499847
8497	42.47999954
8498	42.48500061
8499	42.49000168
8500	42.49499893
8501	42.50000000
8502	42.50500107
8503	42.50999832
8504	42.51499939
8505	42.52000046
8506	42.52500153
8507	42.52999878
8508	42.53499985
8509	42.54000092
8510	42.54499817
8511	42.54999924
8512	42.55500031
8513	42.56000137
8514	42.56499863
8515	42.56999969
8516	42.57500076
8517	42.58000183
8518	42.58499908
8519	42.59000015
8520	42.59500122
8521	42.59999847
8522	42.60499954
8523	42.61000061
8524	42.61500168
8525	42.61999893
8526	42.62500000
8527	42.63000107
8528	42.63499832
8529	42.63999939
8530	42.64500046
8531	42.65000153
8532	42.65499878
8533	42.65999985
8534	42.66500092
8535	42.66999817
8536	42.67499924
8537	42.68000031
8538	42.68500137
8539	42.68999863
8540	42.69499969
8541	42.70000076
8542	42.70500183
8543	42.70999908
8544	42.71500015
8545	42.72000122
8546	42.72499847
8547	42.72999954
8548	42.73500061
8549	42.74000168
8550	42.74499893
8551	42.75000000
8552	42.75500107
8553	42.75999832
8554	42.76499939
8555	42.77000046
8556	42.77500153
8557	42.77999878
8558	42.78499985
8559	42.79000092
8560	42.79499817
8561	42.79999924
8562	42.80500031
8563	42.81000137
8564	42.81499863
8565	42.81999969
8566	42.82500076
8567	42.83000183
8568	42.83499908
8569	42.84000015
8570	42.84500122
8571	42.84999847
8572	42.85499954
8573	42.86000061
8574	42.86500168
8575	42.86999893
8576	42.87500000
8577	42.88000107
8578	42.88499832
8579	42.88999939
8580	42.89500046
8581	42.90000153
8582	42.90499878
8583	42.90999985
8584	42.91500092
8585	42.91999817
8586	42.92499924
8587	42.93000031
8588	42.93500137
8589	42.93999863
8590	42.94499969
8591	42.95000076
8592	42.95500183
8593	42.95999908
8594	42.96500015
8595	42.97000122
8596	42.97499847
8597	42.97999954
8598	42.98500061
8599	42.99000168
8600	42.99499893
8601	43.00000000
8602	43.00500107
8603	43.00999832
8604	43.01499939
8605	43.02000046
8606	43.02500153
8607	43.02999878
8608	43.03499985
8609	43.04000092
8610	43.04499817
8611	43.04999924
8612	43.05500031
8613	43.06000137
8614	43.06499863
8615	43.06999969
8616	43.07500076
8617	43.08000183
8618	43.08499908
8619	43.09000015
8620	43.09500122
8621	43.09999847
8622	43.10499954
8623	43.11000061
8624	43.11500168
8625	43.11999893
8626	43.12500000
8627	43.13000107
8628	43.13499832
8629	43.13999939
8630	43.14500046
8631	43.15000153
8632	43.15499878
8633	43.15999985
8634	43.16500092
8635	43.16999817
8636	43.17499924
8637	43.18000031
8638	43.18500137
8639	43.18999863
8640	43.19499969
8641	43.20000076
8642	43.20500183
8643	43.20999908
8644	43.21500015
8645	43.22000122
8646	43.22499847
8647	43.22999954
8648	43.23500061
8649	43.24000168
8650	43.24499893
8651	43.25000000
8652	43.25500107
8653	43.25999832
8654	43.26499939
8655	43.27000046
8656	43.27500153
8657	43.27999878
8658	43.28499985
8659	43.29000092
8660	43.29499817
8661	43.29999924
8662	43.30500031
8663	43.31000137
8664	43.31499863
8665	43.31999969
8666	43.32500076
8667	43.33000183
8668	43.33499908
8669	43.34000015
8670	43.34500122
8671	43.34999847
8672	43.35499954
8673	43.36000061
8674	43.36500168
8675	43.36999893
8676	43.37500000
8677	43.38000107
8678	43.38499832
8679	43.38999939
8680	43.39500046
8681	43.40000153
8682	43.40499878
8683	43.40999985
8684	43.41500092
8685	43.41999817
8686	43.42499924
8687	43.43000031
8688	43.43500137
8689	43.43999863
8690	43.44499969
8691	43.45000076
8692	43.45500183
8693	43.45999908
8694	43.46500015
8695	43.47000122
8696	43.47499847
8697	43.47999954
8698	43.48500061
8699	43.49000168
8700	43.49499893
8701	43.50000000
8702	43.50500107
8703	43.50999832
8704	43.51499939
8705	43.52000046
8706	43.52500153
8707	43.52999878
8708	43.53499985
8709	43.54000092
8710	43.54499817
8711	43.54999924
8712	43.55500031
8713	43.56000137
8714	43.56499863
8715	43.56999969
8716	43.57500076
8717	43.58000183
8718	43.58499908
8719	43.59000015
8720	43.59500122
8721	43.59999847
8722	43.60499954
8723	43.61000061
8724	43.61500168
8725	43.61999893
8726	43.62500000
8727	43.63000107
8728	43.63499832
8729	43.63999939
8730	43.64500046
8731	43.65000153
8732	43.65499878
8733	43.65999985
8734	43.66500092
8735	43.66999817
8736	43.67499924
8737	43.68000031
8738	43.68500137
8739	43.68999863
8740	43.69499969
8741	43.70000076
8742	43.70500183
8743	43.70999908
8744	43.71500015
8745	43.72000122
8746	43.72499847
8747	43.72999954
8748	43.73500061
8749	43.74000168
8750	43.74499893
8751	43.75000000
8752	43.75500107
8753	43.75999832
8754	43.76499939
8755	43.77000046
8756	43.77500153
8757	43.77999878
8758	43.78499985
8759	43.79000092
8760	43.79499817
8761	43.79999924
8762	43.80500031
8763	43.81000137
8764	43.81499863
8765	43.81999969
8766	43.82500076
8767	43.83000183
8768	43.83499908
8769	43.84000015
8770	43.84500122
8771	43.84999847
8772	43.85499954
8773	43.86000061
8774	43.86500168
8775	43.86999893
8776	43.87500000
8777	43.88000107
8778	43.88499832
8779	43.88999939
8780	43.89500046
8781	43.90000153
8782	43.90499878
8783	43.90999985
8784	43.91500092
8785	43.91999817
8786	43.92499924
8787	43.93000031
8788	43.93500137
8789	43.93999863
8790	43.94499969
8791	43.95000076
8792	43.95500183
8793	43.95999908
8794	43.96500015
8795	43.97000122
8796	43.97499847
8797	43.97999954
8798	43.98500061
8799	43.99000168
8800	43.99499893
8801	44.00000000
8802	44.00500107
8803	44.00999832
8804	44.01499939
8805	44.02000046
8806	44.02500153
8807	44.02999878
8808	44.03499985
8809	44.04000092
8810	44.04499817
8811	44.04999924
8812	44.05500031
8813	44.06000137
8814	44.06499863
8815	44.06999969
8816	44.07500076
8817	44.08000183
8818	44.08499908
8819	44.09000015
8820	44.09500122
8821	44.09999847
8822	44.10499954
8823	44.11000061
8824	44.11500168
8825	44.11999893
8826	44.12500000
8827	44.13000107
8828	44.13499832
8829	44.13999939
8830	44.14500046
8831	44.15000153
8832	44.15499878
8833	44.15999985
8834	44.16500092
8835	44.16999817
8836	44.17499924
8837	44.18000031
8838	44.18500137
8839	44.18999863
8840	44.19499969
8841	44.20000076
8842	44.20500183
8843	44.20999908
8844	44.21500015
8845	44.22000122
8846	44.22499847
8847	44.22999954
8848	44.23500061
8849	44.24000168
8850	44.24499893
8851	44.25000000
8852	44.25500107
8853	44.25999832
8854	44.26499939
8855	44.27000046
8856	44.27500153
8857	44.27999878
8858	44.28499985
8859	44.29000092
8860	44.29499817
8861	44.29999924
8862	44.30500031
8863	44.31000137
8864	44.31499863
8865	44.31999969
8866	44.32500076
8867	44.33000183
8868	44.33499908
8869	44.34000015
8870	44.34500122
8871	44.34999847
8872	44.35499954
8873	44.36000061
8874	44.36500168
8875	44.36999893
8876	44.37500000
8877	44.38000107
8878	44.38499832
8879	44.38999939
8880	44.39500046
8881	44.40000153
8882	44.40499878
8883	44.40999985
8884	44.41500092
8885	44.41999817
8886	44.42499924
8887	44.43000031
8888	44.43500137
8889	44.43999863
8890	44.44499969
8891	44.45000076
8892	44.45500183
8893	44.45999908
8894	44.46500015
8895	44.47000122
8896	44.47499847
8897	44.47999954
8898	44.48500061
8899	44.49000168
8900	44.49499893
8901	44.50000000
8902	44.50500107
8903	44.50999832
8904	44.51499939
8905	44.52000046
8906	44.52500153
8907	44.52999878
8908	44.53499985
8909	44.54000092
8910	44.54499817
8911	44.54999924
8912	44.55500031
8913	44.56000137
8914	44.56499863
8915	44.56999969
8916	44.57500076
8917	44.58000183
8918	44.58499908
8919	44.59000015
8920	44.59500122
8921	44.59999847
8922	44.60499954
8923	44.61000061
8924	44.61500168
8925	44.61999893
8926	44.62500000
8927	44.63000107
8928	44.63499832
8929	44.63999939
8930	44.64500046
8931	44.65000153
8932	44.65499878
8933	44.65999985
8934	44.66500092
8935	44.66999817
8936	44.67499924
8937	44.68000031
8938	44.68500137
8939	44.68999863
8940	44.69499969
8941	44.70000076
8942	44.70500183
8943	44.70999908
8944	44.71500015
8945	44.72000122
8946	44.72499847
8947	44.72999954
8948	44.73500061
8949	44.74000168
8950	44.74499893
8951	44.75000000
8952	44.75500107
8953	44.75999832
8954	44.76499939
8955	44.77000046
8956	44.77500153
8957	44.77999878
8958	44.78499985
8959	44.79000092
8960	44.79499817
8961	44.79999924
8962	44.80500031
8963	44.81000137
8964	44.81499863
8965	44.81999969
8966	44.82500076
8967	44.83000183
8968	44.83499908
8969	44.84000015
8970	44.84500122
8971	44.84999847
8972	44.85499954
8973	44.86000061
8974	44.86500168
8975	44.86999893
8976	44.87500000
8977	44.88000107
8978	44.88499832
8979	44.88999939
8980	44.89500046
8981	44.90000153
8982	44.90499878
8983	44.90999985
8984	44.91500092
8985	44.91999817
8986	44.92499924
8987	44.93000031
8988	44.93500137
8989	44.93999863
8990	44.94499969
8991	44.95000076
8992	44.95500183
8993	44.95999908
8994	44.96500015
8995	44.97000122
8996	44.97499847
8997	44.97999954
8998	44.98500061
8999	44.99000168
9000	44.99499893
9001	45.00000000
9002	45.00500107
9003	45.00999832
9004	45.01499939
9005	45.02000046
9006	45.02500153
9007	45.02999878
9008	45.03499985
9009	45.04000092
9010	45.04499817
9011	45.04999924
9012	45.05500031
9013	45.06000137
9014	45.06499863
9015	45.06999969
9016	45.07500076
9017	45.08000183
9018	45.08499908
9019	45.09000015
9020	45.09500122
9021	45.09999847
9022	45.10499954
9023	45.11000061
9024	45.11500168
9025	45.11999893
9026	45.12500000
9027	45.13000107
9028	45.13499832
9029	45.13999939
9030	45.14500046
9031	45.15000153
9032	45.15499878
9033	45.15999985
9034	45.16500092
9035	45.16999817
9036	45.17499924
9037	45.18000031
9038	45.18500137
9039	45.18999863
9040	45.19499969
9041	45.20000076
9042	45.20500183
9043	45.20999908
9044	45.21500015
9045	45.22000122
9046	45.22499847
9047	45.22999954
9048	45.23500061
9049	45.24000168
9050	45.24499893
9051	45.25000000
9052	45.25500107
9053	45.25999832
9054	45.26499939
9055	45.27000046
9056	45.27500153
9057	45.27999878
9058	45.28499985
9059	45.29000092
9060	45.29499817
9061	45.29999924
9062	45.30500031
9063	45.31000137
9064	45.31499863
9065	45.31999969
9066	45.32500076
9067	45.33000183
9068	45.33499908
9069	45.34000015
9070	45.34500122
9071	45.34999847
9072	45.35499954
9073	45.36000061
9074	45.36500168
9075	45.36999893
9076	45.37500000
9077	45.38000107
9078	45.38499832
9079	45.38999939
9080	45.39500046
9081	45.40000153
9082	45.40499878
9083	45.40999985
9084	45.41500092
9085	45.41999817
9086	45.42499924
9087	45.43000031
9088	45.43500137
9089	45.43999863
9090	45.44499969
9091	45.45000076
9092	45.45500183
9093	45.45999908
9094	45.46500015
9095	45.47000122
9096	45.47499847
9097	45.47999954
9098	45.48500061
9099	45.49000168
9100	45.49499893
9101	45.50000000
9102	45.50500107
9103	45.50999832
9104	45.51499939
9105	45.52000046
9106	45.52500153
9107	45.52999878
9108	45.53499985
9109	45.54000092
9110	45.54499817
9111	45.54999924
9112	45.55500031
9113	45.56000137
9114	45.56499863
9115	45.56999969
9116	45.57500076
9117	45.58000183
9118	45.58499908
9119	45.59000015
9120	45.59500122
9121	45.59999847
9122	45.60499954
9123	45.61000061
9124	45.61500168
9125	45.61999893
9126	45.62500000
9127	45.63000107
9128	45.63499832
9129	45.63999939
9130	45.64500046
9131	45.65000153
9132	45.65499878
9133	45.65999985
9134	45.66500092
9135	45.66999817
9136	45.67499924
9137	45.68000031
9138	45.68500137
9139	45.68999863
9140	45.69499969
9141	45.70000076
9142	45.70500183
9143	45.70999908
9144	45.71500015
9145	45.72000122
9146	45.72499847
9147	45.72999954
9148	45.73500061
9149	45.74000168
9150	45.74499893
9151	45.75000000
9152	45.75500107
9153	45.75999832
9154	45.76499939
9155	45.77000046
9156	45.77500153
9157	45.77999878
9158	45.78499985
9159	45.79000092
9160	45.79499817
9161	45.79999924
9162	45.80500031
9163	45.81000137
9164	45.81499863
9165	45.81999969
9166	45.82500076
9167	45.83000183
9168	45.83499908
9169	45.84000015
9170	45.84500122
9171	45.84999847
9172	45.85499954
9173	45.86000061
9174	45.86500168
9175	45.86999893
9176	45.87500000
9177	45.88000107
9178	45.88499832
9179	45.88999939
9180	45.89500046
9181	45.90000153
9182	45.90499878
9183	45.90999985
9184	45.91500092
9185	45.91999817
9186	45.92499924
9187	45.93000031
9188	45.93500137
9189	45.93999863
9190	45.94499969
9191	45.95000076
9192	45.95500183
9193	45.95999908
9194	45.96500015
9195	45.97000122
9196	45.97499847
9197	45.97999954
9198	45.98500061
9199	45.99000168
9200	45.99499893
9201	46.00000000
9202	46.00500107
9203	46.00999832
9204	46.01499939
9205	46.02000046
9206	46.02500153
9207	46.02999878
9208	46.03499985
9209	46.04000092
9210	46.04499817
9211	46.04999924
9212	46.05500031
9213	46.06000137
9214	46.06499863
9215	46.06999969
9216	46.07500076
9217	46.08000183
9218	46.08499908
9219	46.09000015
9220	46.09500122
9221	46.09999847
9222	46.10499954
9223	46.11000061
9224	46.11500168
9225	46.11999893
9226	46.12500000
9227	46.13000107
9228	46.13499832
9229	46.13999939
9230	46.14500046
9231	46.15000153
9232	46.15499878
9233	46.15999985
9234	46.16500092
9235	46.16999817
9236	46.17499924
9237	46.18000031
9238	46.18500137
9239	46.18999863
9240	46.19499969
9241	46.20000076
9242	46.20500183
9243	46.20999908
9244	46.21500015
9245	46.22000122
9246	46.22499847
9247	46.22999954
9248	46.23500061
9249	46.24000168
9250	46.24499893
9251	46.25000000
9252	46.25500107
9253	46.25999832
9254	46.26499939
9255	46.27000046
9256	46.27500153
9257	46.27999878
9258	46.28499985
9259	46.29000092
9260	46.29499817
9261	46.29999924
9262	46.30500031
9263	46.31000137
9264	46.31499863
9265	46.31999969
9266	46.32500076
9267	46.33000183
9268	46.33499908
9269	46.34000015
9270	46.34500122
9271	46.34999847
9272	46.35499954
9273	46.36000061
9274	46.36500168
9275	46.36999893
9276	46.37500000
9277	46.38000107
9278	46.38499832
9279	46.38999939
9280	46.39500046
9281	46.40000153
9282	46.40499878
9283	46.40999985
9284	46.41500092
9285	46.41999817
9286	46.42499924
9287	46.43000031
9288	46.43500137
9289	46.43999863
9290	46.44499969
9291	46.45000076
9292	46.45500183
9293	46.45999908
9294	46.46500015
9295	46.47000122
9296	46.47499847
9297	46.47999954
9298	46.48500061
9299	46.49000168
9300	46.49499893
9301	46.50000000
9302	46.50500107
9303	46.50999832
9304	46.51499939
9305	46.52000046
9306	46.52500153
9307	46.52999878
9308	46.53499985
9309	46.54000092
9310	46.54499817
9311	46.54999924
9312	46.55500031
9313	46.56000137
9314	46.56499863
9315	46.56999969
9316	46.57500076
9317	46.58000183
9318	46.58499908
9319	46.59000015
9320	46.59500122
9321	46.59999847
9322	46.60499954
9323	46.61000061
9324	46.61500168
9325	46.61999893
9326	46.62500000
9327	46.63000107
9328	46.63499832
9329	46.63999939
9330	46.64500046
9331	46.65000153
9332	46.65499878
9333	46.65999985
9334	46.66500092
9335	46.66999817
9336	46.67499924
9337	46.68000031
9338	46.68500137
9339	46.68999863
9340	46.69499969
9341	46.70000076
9342	46.70500183
9343	46.70999908
9344	46.71500015
9345	46.72000122
9346	46.72499847
9347	46.72999954
9348	46.73500061
9349	46.74000168
9350	46.74499893
9351	46.75000000
9352	46.75500107
9353	46.75999832
9354	46.76499939
9355	46.77000046
9356	46.77500153
9357	46.77999878
9358	46.78499985
9359	46.79000092
9360	46.79499817
9361	46.79999924
9362	46.80500031
9363	46.81000137
9364	46.81499863
9365	46.81999969
9366	46.82500076
9367	46.83000183
9368	46.83499908
9369	46.84000015
9370	46.84500122
9371	46.84999847
9372	46.85499954
9373	46.86000061
9374	46.86500168
9375	46.86999893
9376	46.87500000
9377	46.88000107
9378	46.88499832
9379	46.88999939
9380	46.89500046
9381	46.90000153
9382	46.90499878
9383	46.90999985
9384	46.91500092
9385	46.91999817
9386	46.92499924
9387	46.93000031
9388	46.93500137
9389	46.93999863
9390	46.94499969
9391	46.95000076
9392	46.95500183
9393	46.95999908
9394	46.96500015
9395	46.97000122
9396	46.97499847
9397	46.97999954
9398	46.98500061
9399	46.99000168
9400	46.99499893
9401	47.00000000
9402	47.00500107
9403	47.00999832
9404	47.01499939
9405	47.02000046
9406	47.02500153
9407	47.02999878
9408	47.03499985
9409	47.04000092
9410	47.04499817
9411	47.04999924
9412	47.05500031
9413	47.06000137
9414	47.06499863
9415	47.06999969
9416	47.07500076
9417	47.08000183
9418	47.08499908
9419	47.09000015
9420	47.09500122
9421	47.09999847
9422	47.10499954
9423	47.11000061
9424	47.11500168
9425	47.11999893
9426	47.12500000
9427	47.13000107
9428	47.13499832
9429	47.13999939
9430	47.14500046
9431	47.15000153
9432	47.15499878
9433	47.15999985
9434	47.16500092
9435	47.16999817
9436	47.17499924
9437	47.18000031
9438	47.18500137
9439	47.18999863
9440	47.19499969
9441	47.20000076
9442	47.20500183
9443	47.20999908
9444	47.21500015
9445	47.22000122
9446	47.22499847
9447	47.22999954
9448	47.23500061
9449	47.24000168
9450	47.24499893
9451	47.25000000
9452	47.25500107
9453	47.25999832
9454	47.26499939
9455	47.27000046
9456	47.27500153
9457	47.27999878
9458	47.28499985
9459	47.29000092
9460	47.29499817
9461	47.29999924
9462	47.30500031
9463	47.31000137
9464	47.31499863
9465	47.31999969
9466	47.32500076
9467	47.33000183
9468	47.33499908
9469	47.34000015
9470	47.34500122
9471	47.34999847
9472	47.35499954
9473	47.36000061
9474	47.36500168
9475	47.36999893
9476	47.37500000
9477	47.38000107
9478	47.38499832
9479	47.38999939
9480	47.39500046
9481	47.40000153
9482	47.40499878
9483	47.40999985
9484	47.41500092
9485	47.41999817
9486	47.42499924
9487	47.43000031
9488	47.43500137
9489	47.43999863
9490	47.44499969
9491	47.45000076
9492	47.45500183
9493	47.45999908
9494	47.46500015
9495	47.47000122
9496	47.47499847
9497	47.47999954
9498	47.48500061
9499	47.49000168
9500	47.49499893
9501	47.50000000
9502	47.50500107
9503	47.50999832
9504	47.51499939
9505	47.52000046
9506	47.52500153
9507	47.52999878
9508	47.53499985
9509	47.54000092
9510	47.54499817
9511	47.54999924
9512	47.55500031
9513	47.56000137
9514	47.56499863
9515	47.56999969
9516	47.57500076
9517	47.58000183
9518	47.58499908
9519	47.59000015
9520	47.59500122
9521	47.59999847
9522	47.60499954
9523	47.61000061
9524	47.61500168
9525	47.61999893
9526	47.62500000
9527	47.63000107
9528	47.63499832
9529	47.63999939
9530	47.64500046
9531	47.65000153
9532	47.65499878
9533	47.65999985
9534	47.66500092
9535	47.66999817
9536	47.67499924
9537	47.68000031
9538	47.68500137
9539	47.68999863
9540	47.69499969
9541	47.70000076
9542	47.70500183
9543	47.70999908
9544	47.71500015
9545	47.72000122
9546	47.72499847
9547	47.72999954
9548	47.73500061
9549	47.74000168
9550	47.74499893
9551	47.75000000
9552	47.75500107
9553	47.75999832
9554	47.76499939
9555	47.77000046
9556	47.77500153
9557	47.77999878
9558	47.78499985
9559	47.79000092
9560	47.79499817
9561	47.79999924
9562	47.80500031
9563	47.81000137
9564	47.81499863
9565	47.81999969
9566	47.82500076
9567	47.83000183
9568	47.83499908
9569	47.84000015
9570	47.84500122
9571	47.84999847
9572	47.85499954
9573	47.86000061
9574	47.86500168
9575	47.86999893
9576	47.87500000
9577	47.88000107
9578	47.88499832
9579	47.88999939
9580	47.89500046
9581	47.90000153
9582	47.90499878
9583	47.90999985
9584	47.91500092
9585	47.91999817
9586	47.92499924
9587	47.93000031
9588	47.93500137
9589	47.93999863
9590	47.94499969
9591	47.95000076
9592	47.95500183
9593	47.95999908
9594	47.96500015
9595	47.97000122
9596	47.97499847
9597	47.97999954
9598	47.98500061
9599	47.99000168
9600	47.99499893
9601	48.00000000
9602	48.00500107
9603	48.00999832
9604	48.01499939
9605	48.02000046
9606	48.02500153
9607	48.02999878
9608	48.03499985
9609	48.04000092
9610	48.04499817
9611	48.04999924
9612	48.05500031
9613	48.06000137
9614	48.06499863
9615	48.06999969
9616	48.07500076
9617	48.08000183
9618	48.08499908
9619	48.09000015
9620	48.09500122
9621	48.09999847
9622	48.10499954
9623	48.11000061
9624	48.11500168
9625	48.11999893
9626	48.12500000
9627	48.13000107
9628	48.13499832
9629	48.13999939
9630	48.14500046
9631	48.15000153
9632	48.15499878
9633	48.15999985
9634	48.16500092
9635	48.16999817
9636	48.17499924
9637	48.18000031
9638	48.18500137
9639	48.18999863
9640	48.19499969
9641	48.20000076
9642	48.20500183
9643	48.20999908
9644	48.21500015
9645	48.22000122
9646	48.22499847
9647	48.22999954
9648	48.23500061
9649	48.24000168
9650	48.24499893
9651	48.25000000
9652	48.25500107
9653	48.25999832
9654	48.26499939
9655	48.27000046
9656	48.27500153
9657	48.27999878
9658	48.28499985
9659	48.29000092
9660	48.29499817
9661	48.29999924
9662	48.30500031
9663	48.31000137
9664	48.31499863
9665	48.31999969
9666	48.32500076
9667	48.33000183
9668	48.33499908
9669	48.34000015
9670	48.34500122
9671	48.34999847
9672	48.35499954
9673	48.36000061
9674	48.36500168
9675	48.36999893
9676	48.37500000
9677	48.38000107
9678	48.38499832
9679	48.38999939
9680	48.39500046
9681	48.40000153
9682	48.40499878
9683	48.40999985
9684	48.41500092
9685	48.41999817
9686	48.42499924
9687	48.43000031
9688	48.43500137
9689	48.43999863
9690	48.44499969
9691	48.45000076
9692	48.45500183
9693	48.45999908
9694	48.46500015
9695	48.47000122
9696	48.47499847
9697	48.47999954
9698	48.48500061
9699	48.49000168
9700	48.49499893
9701	48.50000000
9702	48.50500107
9703	48.50999832
9704	48.51499939
9705	48.52000046
9706	48.52500153
9707	48.52999878
9708	48.53499985
9709	48.54000092
9710	48.54499817
9711	48.54999924
9712	48.55500031
9713	48.56000137
9714	48.56499863
9715	48.56999969
9716	48.57500076
9717	48.58000183
9718	48.58499908
9719	48.59000015
9720	48.59500122
9721	48.59999847
9722	48.60499954
9723	48.61000061
9724	48.61500168
9725	48.61999893
9726	48.62500000
9727	48.63000107
9728	48.63499832
9729	48.63999939
9730	48.64500046
9731	48.65000153
9732	48.65499878
9733	48.65999985
9734	48.66500092
9735	48.66999817
9736	48.67499924
9737	48.68000031
9738	48.68500137
9739	48.68999863
9740	48.69499969
9741	48.70000076
9742	48.70500183
9743	48.70999908
9744	48.71500015
9745	48.72000122
9746	48.72499847
9747	48.72999954
9748	48.73500061
9749	48.74000168
9750	48.74499893
9751	48.75000000
9752	48.75500107
9753	48.75999832
9754	48.76499939
9755	48.77000046
9756	48.77500153
9757	48.77999878
9758	48.78499985
9759	48.79000092
9760	48.79499817
9761	48.79999924
9762	48.80500031
9763	48.81000137
9764	48.81499863
9765	48.81999969
9766	48.82500076
9767	48.83000183
9768	48.83499908
9769	48.84000015
9770	48.84500122
9771	48.84999847
9772	48.85499954
9773	48.86000061
9774	48.86500168
9775	48.86999893
9776	48.87500000
9777	48.88000107
9778	48.88499832
9779	48.88999939
9780	48.89500046
9781	48.90000153
9782	48.90499878
9783	48.90999985
9784	48.91500092
9785	48.91999817
9786	48.92499924
9787	48.93000031
9788	48.93500137
9789	48.93999863
9790	48.94499969
9791	48.95000076
9792	48.95500183
9793	48.95999908
9794	48.96500015
9795	48.97000122
9796	48.97499847
9797	48.97999954
9798	48.98500061
9799	48.99000168
9800	48.99499893
9801	49.00000000
9802	49.00500107
9803	49.00999832
9804	49.01499939
9805	49.02000046
9806	49.02500153
9807	49.02999878
9808	49.03499985
9809	49.04000092
9810	49.04499817
9811	49.04999924
9812	49.05500031
9813	49.06000137
9814	49.06499863
9815	49.06999969
9816	49.07500076
9817	49.08000183
9818	49.08499908
9819	49.09000015
9820	49.09500122
9821	49.09999847
9822	49.10499954
9823	49.11000061
9824	49.11500168
9825	49.11999893
9826	49.12500000
9827	49.13000107
9828	49.13499832
9829	49.13999939
9830	49.14500046
9831	49.15000153
9832	49.15499878
9833	49.15999985
9834	49.16500092
9835	49.16999817
9836	49.17499924
9837	49.18000031
9838	49.18500137
9839	49.18999863
9840	49.19499969
9841	49.20000076
9842	49.20500183
9843	49.20999908
9844	49.21500015
9845	49.22000122
9846	49.22499847
9847	49.22999954
9848	49.23500061
9849	49.24000168
9850	49.24499893
9851	49.25000000
9852	49.25500107
9853	49.25999832
9854	49.26499939
9855	49.27000046
9856	49.27500153
9857	49.27999878
9858	49.28499985
9859	49.29000092
9860	49.29499817
9861	49.29999924
9862	49.30500031
9863	49.31000137
9864	49.31499863
9865	49.31999969
9866	49.32500076
9867	49.33000183
9868	49.33499908
9869	49.34000015
9870	49.34500122
9871	49.34999847
9872	49.35499954
9873	49.36000061
9874	49.36500168
9875	49.36999893
9876	49.37500000
9877	49.38000107
9878	49.38499832
9879	49.38999939
9880	49.39500046
9881	49.40000153
9882	49.40499878
9883	49.40999985
9884	49.41500092
9885	49.41999817
9886	49.42499924
9887	49.43000031
9888	49.43500137
9889	49.43999863
9890	49.44499969
9891	49.45000076
9892	49.45500183
9893	49.45999908
9894	49.46500015
9895	49.47000122
9896	49.47499847
9897	49.47999954
9898	49.48500061
9899	49.49000168
9900	49.49499893
9901	49.50000000
9902	49.50500107
9903	49.50999832
9904	49.51499939
9905	49.52000046
9906	49.52500153
9907	49.52999878
9908	49.53499985
9909	49.54000092
9910	49.54499817
9911	49.54999924
9912	49.55500031
9913	49.56000137
9914	49.56499863
9915	49.56999969
9916	49.57500076
9917	49.58000183
9918	49.58499908
9919	49.59000015
9920	49.59500122
9921	49.59999847
9922	49.60499954
9923	49.61000061
9924	49.61500168
9925	49.61999893
9926	49.62500000
9927	49.63000107
9928	49.63499832
9929	49.63999939
9930	49.64500046
9931	49.65000153
9932	49.65499878
9933	49.65999985
9934	49.66500092
9935	49.66999817
9936	49.67499924
9937	49.68000031
9938	49.68500137
9939	49.68999863
9940	49.69499969
9941	49.70000076
9942	49.70500183
9943	49.70999908
9944	49.71500015
9945	49.72000122
9946	49.72499847
9947	49.72999954
9948	49.73500061
9949	49.74000168
9950	49.74499893
9951	49.75000000
9952	49.75500107
9953	49.75999832
9954	49.76499939
9955	49.77000046
9956	49.77500153
9957	49.77999878
9958	49.78499985
9959	49.79000092
9960	49.79499817
9961	49.79999924
9962	49.80500031
9963	49.81000137
9964	49.81499863
9965	49.81999969
9966	49.82500076
9967	49.83000183
9968	49.83499908
9969	49.84000015
9970	49.84500122
9971	49.84999847
9972	49.85499954
9973	49.86000061
9974	49.86500168
9975	49.86999893
9976	49.87500000
9977	49.88000107
9978	49.88499832
9979	49.88999939
9980	49.89500046
9981	49.90000153
9982	49.90499878
9983	49.90999985
9984	49.91500092
9985	49.91999817
9986	49.92499924
9987	49.93000031
9988	49.93500137
9989	49.93999863
9990	49.94499969
9991	49.95000076
9992	49.95500183
9993	49.95999908
9994	49.96500015
9995	49.97000122
9996	49.97499847
9997	49.97999954
9998	49.98500061
9999	49.99000168
10000	49.99499893
10001	50.00000000
10002	50.00500107
10003	50.00999832
10004	50.01499939
10005	50.02000046
10006	50.02500153
10007	50.02999878
10008	50.03499985
10009	50.04000092
10010	50.04499817
10011	50.04999924
10012	50.05500031
10013	50.06000137
10014	50.06499863
10015	50.06999969
10016	50.07500076
10017	50.08000183
10018	50.08499908
10019	50.09000015
10020	50.09500122
10021	50.09999847
10022	50.10499954
10023	50.11000061
10024	50.11500168
10025	50.11999893
10026	50.12500000
10027	50.13000107
10028	50.13499832
10029	50.13999939
10030	50.14500046
10031	50.15000153
10032	50.15499878
10033	50.15999985
10034	50.16500092
10035	50.16999817
10036	50.17499924
10037	50.18000031
10038	50.18500137
10039	50.18999863
10040	50.19499969
10041	50.20000076
10042	50.20500183
10043	50.20999908
10044	50.21500015
10045	50.22000122
10046	50.22499847
10047	50.22999954
10048	50.23500061
10049	50.24000168
10050	50.24499893
10051	50.25000000
10052	50.25500107
10053	50.25999832
10054	50.26499939
10055	50.27000046
10056	50.27500153
10057	50.27999878
10058	50.28499985
10059	50.29000092
10060	50.29499817
10061	50.29999924
10062	50.30500031
10063	50.31000137
10064	50.31499863
10065	50.31999969
10066	50.32500076
10067	50.33000183
10068	50.33499908
10069	50.34000015
10070	50.34500122
10071	50.34999847
10072	50.35499954
10073	50.36000061
10074	50.36500168
10075	50.36999893
10076	50.37500000
10077	50.38000107
10078	50.38499832
10079	50.38999939
10080	50.39500046
10081	50.40000153
10082	50.40499878
10083	50.40999985
10084	50.41500092
10085	50.41999817
10086	50.42499924
10087	50.43000031
10088	50.43500137
10089	50.43999863
10090	50.44499969
10091	50.45000076
10092	50.45500183
10093	50.45999908
10094	50.46500015
10095	50.47000122
10096	50.47499847
10097	50.47999954
10098	50.48500061
10099	50.49000168
10100	50.49499893
10101	50.50000000
10102	50.50500107
10103	50.50999832
10104	50.51499939
10105	50.52000046
10106	50.52500153
10107	50.52999878
10108	50.53499985
10109	50.54000092
10110	50.54499817
10111	50.54999924
10112	50.55500031
10113	50.56000137
10114	50.56499863
10115	50.56999969
10116	50.57500076
10117	50.58000183
10118	50.58499908
10119	50.59000015
10120	50.59500122
10121	50.59999847
10122	50.60499954
10123	50.61000061
10124	50.61500168
10125	50.61999893
10126	50.62500000
10127	50.63000107
10128	50.63499832
10129	50.63999939
10130	50.64500046
10131	50.65000153
10132	50.65499878
10133	50.65999985
10134	50.66500092
10135	50.66999817
10136	50.67499924
10137	50.68000031
10138	50.68500137
10139	50.68999863
10140	50.69499969
10141	50.70000076
10142	50.70500183
10143	50.70999908
10144	50.71500015
10145	50.72000122
10146	50.72499847
10147	50.72999954
10148	50.73500061
10149	50.74000168
10150	50.74499893
10151	50.75000000
10152	50.75500107
10153	50.75999832
10154	50.76499939
10155	50.77000046
10156	50.77500153
10157	50.77999878
10158	50.78499985
10159	50.79000092
10160	50.79499817
10161	50.79999924
10162	50.80500031
10163	50.81000137
10164	50.81499863
10165	50.81999969
10166	50.82500076
10167	50.83000183
10168	50.83499908
10169	50.84000015
10170	50.84500122
10171	50.84999847
10172	50.85499954
10173	50.86000061
10174	50.86500168
10175	50.86999893
10176	50.87500000
10177	50.88000107
10178	50.88499832
10179	50.88999939
10180	50.89500046
10181	50.90000153
10182	50.90499878
10183	50.90999985
10184	50.91500092
10185	50.91999817
10186	50.92499924
10187	50.93000031
10188	50.93500137
10189	50.93999863
10190	50.94499969
10191	50.95000076
10192	50.95500183
10193	50.95999908
10194	50.96500015
10195	50.97000122
10196	50.97499847
10197	50.97999954
10198	50.98500061
10199	50.99000168
10200	50.99499893
10201	51.00000000
10202	51.00500107
10203	51.00999832
10204	51.01499939
10205	51.02000046
10206	51.02500153
10207	51.02999878
10208	51.03499985
10209	51.04000092
10210	51.04499817
10211	51.04999924
10212	51.05500031
10213	51.06000137
10214	51.06499863
10215	51.06999969
10216	51.07500076
10217	51.08000183
10218	51.08499908
10219	51.09000015
10220	51.09500122
10221	51.09999847
10222	51.10499954
10223	51.11000061
10224	51.11500168
10225	51.11999893
10226	51.12500000
10227	51.13000107
10228	51.13499832
10229	51.13999939
10230	51.14500046
10231	51.15000153
10232	51.15499878
10233	51.15999985
10234	51.16500092
10235	51.16999817
10236	51.17499924
10237	51.18000031
10238	51.18500137
10239	51.18999863
10240	51.19499969
10241	51.20000076
10242	51.20500183
10243	51.20999908
10244	51.21500015
10245	51.22000122
10246	51.22499847
10247	51.22999954
10248	51.23500061
10249	51.24000168
10250	51.24499893
10251	51.25000000
10252	51.25500107
10253	51.25999832
10254	51.26499939
10255	51.27000046
10256	51.27500153
10257	51.27999878
10258	51.28499985
10259	51.29000092
10260	51.29499817
10261	51.29999924
10262	51.30500031
10263	51.31000137
10264	51.31499863
10265	51.31999969
10266	51.32500076
10267	51.33000183
10268	51.33499908
10269	51.34000015
10270	51.34500122
10271	51.34999847
10272	51.35499954
10273	51.36000061
10274	51.36500168
10275	51.36999893
10276	51.37500000
10277	51.38000107
10278	51.38499832
10279	51.38999939
10280	51.39500046
10281	51.40000153
10282	51.40499878
10283	51.40999985
10284	51.41500092
10285	51.41999817
10286	51.42499924
10287	51.43000031
10288	51.43500137
10289	51.43999863
10290	51.44499969
10291	51.45000076
10292	51.45500183
10293	51.45999908
10294	51.46500015
10295	51.47000122
10296	51.47499847
10297	51.47999954
10298	51.48500061
10299	51.49000168
10300	51.49499893
10301	51.50000000
10302	51.50500107
10303	51.50999832
10304	51.51499939
10305	51.52000046
10306	51.52500153
10307	51.52999878
10308	51.53499985
10309	51.54000092
10310	51.54499817
10311	51.54999924
10312	51.55500031
10313	51.56000137
10314	51.56499863
10315	51.56999969
10316	51.57500076
10317	51.58000183
10318	51.58499908
10319	51.59000015
10320	51.59500122
10321	51.59999847
10322	51.60499954
10323	51.61000061
10324	51.61500168
10325	51.61999893
10326	51.62500000
10327	51.63000107
10328	51.63499832
10329	51.63999939
10330	51.64500046
10331	51.65000153
10332	51.65499878
10333	51.65999985
10334	51.66500092
10335	51.66999817
10336	51.67499924
10337	51.68000031
10338	51.68500137
10339	51.68999863
10340	51.69499969
10341	51.70000076
10342	51.70500183
10343	51.70999908
10344	51.71500015
10345	51.72000122
10346	51.72499847
10347	51.72999954
10348	51.73500061
10349	51.74000168
10350	51.74499893
10351	51.75000000
10352	51.75500107
10353	51.75999832
10354	51.76499939
10355	51.77000046
10356	51.77500153
10357	51.77999878
10358	51.78499985
10359	51.79000092
10360	51.79499817
10361	51.79999924
10362	51.80500031
10363	51.81000137
10364	51.81499863
10365	51.81999969
10366	51.82500076
10367	51.83000183
10368	51.83499908
10369	51.84000015
10370	51.84500122
10371	51.84999847
10372	51.85499954
10373	51.86000061
10374	51.86500168
10375	51.86999893
10376	51.87500000
10377	51.88000107
10378	51.88499832
10379	51.88999939
10380	51.89500046
10381	51.90000153
10382	51.90499878
10383	51.90999985
10384	51.91500092
10385	51.91999817
10386	51.92499924
10387	51.93000031
10388	51.93500137
10389	51.93999863
10390	51.94499969
10391	51.95000076
10392	51.95500183
10393	51.95999908
10394	51.96500015
10395	51.97000122
10396	51.97499847
10397	51.97999954
10398	51.98500061
10399	51.99000168
10400	51.99499893
10401	52.00000000
10402	52.00500107
10403	52.00999832
10404	52.01499939
10405	52.02000046
10406	52.02500153
10407	52.02999878
10408	52.03499985
10409	52.04000092
10410	52.04499817
10411	52.04999924
10412	52.05500031
10413	52.06000137
10414	52.06499863
10415	52.06999969
10416	52.07500076
10417	52.08000183
10418	52.08499908
10419	52.09000015
10420	52.09500122
10421	52.09999847
10422	52.10499954
10423	52.11000061
10424	52.11500168
10425	52.11999893
10426	52.12500000
10427	52.13000107
10428	52.13499832
10429	52.13999939
10430	52.14500046
10431	52.15000153
10432	52.15499878
10433	52.15999985
10434	52.16500092
10435	52.16999817
10436	52.17499924
10437	52.18000031
10438	52.18500137
10439	52.18999863
10440	52.19499969
10441	52.20000076
10442	52.20500183
10443	52.20999908
10444	52.21500015
10445	52.22000122
10446	52.22499847
10447	52.22999954
10448	52.23500061
10449	52.24000168
10450	52.24499893
10451	52.25000000
10452	52.25500107
10453	52.25999832
10454	52.26499939
10455	52.27000046
10456	52.27500153
10457	52.27999878
10458	52.28499985
10459	52.29000092
10460	52.29499817
10461	52.29999924
10462	52.30500031
10463	52.31000137
10464	52.31499863
10465	52.31999969
10466	52.32500076
10467	52.33000183
10468	52.33499908
10469	52.34000015
10470	52.34500122
10471	52.34999847
10472	52.35499954
10473	52.36000061
10474	52.36500168
10475	52.36999893
10476	52.37500000
10477	52.38000107
10478	52.38499832
10479	52.38999939
10480	52.39500046
10481	52.40000153
10482	52.40499878
10483	52.40999985
10484	52.41500092
10485	52.41999817
10486	52.42499924
10487	52.43000031
10488	52.43500137
10489	52.43999863
10490	52.44499969
10491	52.45000076
10492	52.45500183
10493	52.45999908
10494	52.46500015
10495	52.47000122
10496	52.47499847
10497	52.47999954
10498	52.48500061
10499	52.49000168
10500	52.49499893
10501	52.50000000
10502	52.50500107
10503	52.50999832
10504	52.51499939
10505	52.52000046
10506	52.52500153
10507	52.52999878
10508	52.53499985
10509	52.54000092
10510	52.54499817
10511	52.54999924
10512	52.55500031
10513	52.56000137
10514	52.56499863
10515	52.56999969
10516	52.57500076
10517	52.58000183
10518	52.58499908
10519	52.59000015
10520	52.59500122
10521	52.59999847
10522	52.60499954
10523	52.61000061
10524	52.61500168
10525	52.61999893
10526	52.62500000
10527	52.63000107
10528	52.63499832
10529	52.63999939
10530	52.64500046
10531	52.65000153
10532	52.65499878
10533	52.65999985
10534	52.66500092
10535	52.66999817
10536	52.67499924
10537	52.68000031
10538	52.68500137
10539	52.68999863
10540	52.69499969
10541	52.70000076
10542	52.70500183
10543	52.70999908
10544	52.71500015
10545	52.72000122
10546	52.72499847
10547	52.72999954
10548	52.73500061
10549	52.74000168
10550	52.74499893
10551	52.75000000
10552	52.75500107
10553	52.75999832
10554	52.76499939
10555	52.77000046
10556	52.77500153
10557	52.77999878
10558	52.78499985
10559	52.79000092
10560	52.79499817
10561	52.79999924
10562	52.80500031
10563	52.81000137
10564	52.81499863
10565	52.81999969
10566	52.82500076
10567	52.83000183
10568	52.83499908
10569	52.84000015
10570	52.84500122
10571	52.84999847
10572	52.85499954
10573	52.86000061
10574	52.86500168
10575	52.86999893
10576	52.87500000
10577	52.88000107
10578	52.88499832
10579	52.88999939
10580	52.89500046
10581	52.90000153
10582	52.90499878
10583	52.90999985
10584	52.91500092
10585	52.91999817
10586	52.92499924
10587	52.93000031
10588	52.93500137
10589	52.93999863
10590	52.94499969
10591	52.95000076
10592	52.95500183
10593	52.95999908
10594	52.96500015
10595	52.97000122
10596	52.97499847
10597	52.97999954
10598	52.98500061
10599	52.99000168
10600	52.99499893
10601	53.00000000
10602	53.00500107
10603	53.00999832
10604	53.01499939
10605	53.02000046
10606	53.02500153
10607	53.02999878
10608	53.03499985
10609	53.04000092
10610	53.04499817
10611	53.04999924
10612	53.05500031
10613	53.06000137
10614	53.06499863
10615	53.06999969
10616	53.07500076
10617	53.08000183
10618	53.08499908
10619	53.09000015
10620	53.09500122
10621	53.09999847
10622	53.10499954
10623	53.11000061
10624	53.11500168
10625	53.11999893
10626	53.12500000
10627	53.13000107
10628	53.13499832
10629	53.13999939
10630	53.14500046
10631	53.15000153
10632	53.15499878
10633	53.15999985
10634	53.16500092
10635	53.16999817
10636	53.17499924
10637	53.18000031
10638	53.18500137
10639	53.18999863
10640	53.19499969
10641	53.20000076
10642	53.20500183
10643	53.20999908
10644	53.21500015
10645	53.22000122
10646	53.22499847
10647	53.22999954
10648	53.23500061
10649	53.24000168
10650	53.24499893
10651	53.25000000
10652	53.25500107
10653	53.25999832
10654	53.26499939
10655	53.27000046
10656	53.27500153
10657	53.27999878
10658	53.28499985
10659	53.29000092
10660	53.29499817
10661	53.29999924
10662	53.30500031
10663	53.31000137
10664	53.31499863
10665	53.31999969
10666	53.32500076
10667	53.33000183
10668	53.33499908
10669	53.34000015
10670	53.34500122
10671	53.34999847
10672	53.35499954
10673	53.36000061
10674	53.36500168
10675	53.36999893
10676	53.37500000
10677	53.38000107
10678	53.38499832
10679	53.38999939
10680	53.39500046
10681	53.40000153
10682	53.40499878
10683	53.40999985
10684	53.41500092
10685	53.41999817
10686	53.42499924
10687	53.43000031
10688	53.43500137
10689	53.43999863
10690	53.44499969
10691	53.45000076
10692	53.45500183
10693	53.45999908
10694	53.46500015
10695	53.47000122
10696	53.47499847
10697	53.47999954
10698	53.48500061
10699	53.49000168
10700	53.49499893
10701	53.50000000
10702	53.50500107
10703	53.50999832
10704	53.51499939
10705	53.52000046
10706	53.52500153
10707	53.52999878
10708	53.53499985
10709	53.54000092
10710	53.54499817
10711	53.54999924
10712	53.55500031
10713	53.56000137
10714	53.56499863
10715	53.56999969
10716	53.57500076
10717	53.58000183
10718	53.58499908
10719	53.59000015
10720	53.59500122
10721	53.59999847
10722	53.60499954
10723	53.61000061
10724	53.61500168
10725	53.61999893
10726	53.62500000
10727	53.63000107
10728	53.63499832
10729	53.63999939
10730	53.64500046
10731	53.65000153
10732	53.65499878
10733	53.65999985
10734	53.66500092
10735	53.66999817
10736	53.67499924
10737	53.68000031
10738	53.68500137
10739	53.68999863
10740	53.69499969
10741	53.70000076
10742	53.70500183
10743	53.70999908
10744	53.71500015
10745	53.72000122
10746	53.72499847
10747	53.72999954
10748	53.73500061
10749	53.74000168
10750	53.74499893
10751	53.75000000
10752	53.75500107
10753	53.75999832
10754	53.76499939
10755	53.77000046
10756	53.77500153
10757	53.77999878
10758	53.78499985
10759	53.79000092
10760	53.79499817
10761	53.79999924
10762	53.80500031
10763	53.81000137
10764	53.81499863
10765	53.81999969
10766	53.82500076
10767	53.83000183
10768	53.83499908
10769	53.84000015
10770	53.84500122
10771	53.84999847
10772	53.85499954
10773	53.86000061
10774	53.86500168
10775	53.86999893
10776	53.87500000
10777	53.88000107
10778	53.88499832
10779	53.88999939
10780	53.89500046
10781	53.90000153
10782	53.90499878
10783	53.90999985
10784	53.91500092
10785	53.91999817
10786	53.92499924
10787	53.93000031
10788	53.93500137
10789	53.93999863
10790	53.94499969
10791	53.95000076
10792	53.95500183
10793	53.95999908
10794	53.96500015
10795	53.97000122
10796	53.97499847
10797	53.97999954
10798	53.98500061
10799	53.99000168
10800	53.99499893
10801	54.00000000
10802	54.00500107
10803	54.00999832
10804	54.01499939
10805	54.02000046
10806	54.02500153
10807	54.02999878
10808	54.03499985
10809	54.04000092
10810	54.04499817
10811	54.04999924
10812	54.05500031
10813	54.06000137
10814	54.06499863
10815	54.06999969
10816	54.07500076
10817	54.08000183
10818	54.08499908
10819	54.09000015
10820	54.09500122
10821	54.09999847
10822	54.10499954
10823	54.11000061
10824	54.11500168
10825	54.11999893
10826	54.12500000
10827	54.13000107
10828	54.13499832
10829	54.13999939
10830	54.14500046
10831	54.15000153
10832	54.15499878
10833	54.15999985
10834	54.16500092
10835	54.16999817
10836	54.17499924
10837	54.18000031
10838	54.18500137
10839	54.18999863
10840	54.19499969
10841	54.20000076
10842	54.20500183
10843	54.20999908
10844	54.21500015
10845	54.22000122
10846	54.22499847
10847	54.22999954
10848	54.23500061
10849	54.24000168
10850	54.24499893
10851	54.25000000
10852	54.25500107
10853	54.25999832
10854	54.26499939
10855	54.27000046
10856	54.27500153
10857	54.27999878
10858	54.28499985
10859	54.29000092
10860	54.29499817
10861	54.29999924
10862	54.30500031
10863	54.31000137
10864	54.31499863
10865	54.31999969
10866	54.32500076
10867	54.33000183
10868	54.33499908
10869	54.34000015
10870	54.34500122
10871	54.34999847
10872	54.35499954
10873	54.36000061
10874	54.36500168
10875	54.36999893
10876	54.37500000
10877	54.38000107
10878	54.38499832
10879	54.38999939
10880	54.39500046
10881	54.40000153
10882	54.40499878
10883	54.40999985
10884	54.41500092
10885	54.41999817
10886	54.42499924
10887	54.43000031
10888	54.43500137
10889	54.43999863
10890	54.44499969
10891	54.45000076
10892	54.45500183
10893	54.45999908
10894	54.46500015
10895	54.47000122
10896	54.47499847
10897	54.47999954
10898	54.48500061
10899	54.49000168
10900	54.49499893
10901	54.50000000
10902	54.50500107
10903	54.50999832
10904	54.51499939
10905	54.52000046
10906	54.52500153
10907	54.52999878
10908	54.53499985
10909	54.54000092
10910	54.54499817
10911	54.54999924
10912	54.55500031
10913	54.56000137
10914	54.56499863
10915	54.56999969
10916	54.57500076
10917	54.58000183
10918	54.58499908
10919	54.59000015
10920	54.59500122
10921	54.59999847
10922	54.60499954
10923	54.61000061
10924	54.61500168
10925	54.61999893
10926	54.62500000
10927	54.63000107
10928	54.63499832
10929	54.63999939
10930	54.64500046
10931	54.65000153
10932	54.65499878
10933	54.65999985
10934	54.66500092
10935	54.66999817
10936	54.67499924
10937	54.68000031
10938	54.68500137
10939	54.68999863
10940	54.69499969
10941	54.70000076
10942	54.70500183
10943	54.70999908
10944	54.71500015
10945	54.72000122
10946	54.72499847
10947	54.72999954
10948	54.73500061
10949	54.74000168
10950	54.74499893
10951	54.75000000
10952	54.75500107
10953	54.75999832
10954	54.76499939
10955	54.77000046
10956	54.77500153
10957	54.77999878
10958	54.78499985
10959	54.79000092
10960	54.79499817
10961	54.79999924
10962	54.80500031
10963	54.81000137
10964	54.81499863
10965	54.81999969
10966	54.82500076
10967	54.83000183
10968	54.83499908
10969	54.84000015
10970	54.84500122
10971	54.84999847
10972	54.85499954
10973	54.86000061
10974	54.86500168
10975	54.86999893
10976	54.87500000
10977	54.88000107
10978	54.88499832
10979	54.88999939
10980	54.89500046
10981	54.90000153
10982	54.90499878
10983	54.90999985
10984	54.91500092
10985	54.91999817
10986	54.92499924
10987	54.93000031
10988	54.93500137
10989	54.93999863
10990	54.94499969
10991	54.95000076
10992	54.95500183
10993	54.95999908
10994	54.96500015
10995	54.97000122
10996	54.97499847
10997	54.97999954
10998	54.98500061
10999	54.99000168
11000	54.99499893
11001	55.00000000
11002	55.00500107
11003	55.00999832
11004	55.01499939
11005	55.02000046
11006	55.02500153
11007	55.02999878
11008	55.03499985
11009	55.04000092
11010	55.04499817
11011	55.04999924
11012	55.05500031
11013	55.06000137
11014	55.06499863
11015	55.06999969
11016	55.07500076
11017	55.08000183
11018	55.08499908
11019	55.09000015
11020	55.09500122
11021	55.09999847
11022	55.10499954
11023	55.11000061
11024	55.11500168
11025	55.11999893
11026	55.12500000
11027	55.13000107
11028	55.13499832
11029	55.13999939
11030	55.14500046
11031	55.15000153
11032	55.15499878
11033	55.15999985
11034	55.16500092
11035	55.16999817
11036	55.17499924
11037	55.18000031
11038	55.18500137
11039	55.18999863
11040	55.19499969
11041	55.20000076
11042	55.20500183
11043	55.20999908
11044	55.21500015
11045	55.22000122
11046	55.22499847
11047	55.22999954
11048	55.23500061
11049	55.24000168
11050	55.24499893
11051	55.25000000
11052	55.25500107
11053	55.25999832
11054	55.26499939
11055	55.27000046
11056	55.27500153
11057	55.27999878
11058	55.28499985
11059	55.29000092
11060	55.29499817
11061	55.29999924
11062	55.30500031
11063	55.31000137
11064	55.31499863
11065	55.31999969
11066	55.32500076
11067	55.33000183
11068	55.33499908
11069	55.34000015
11070	55.34500122
11071	55.34999847
11072	55.35499954
11073	55.36000061
11074	55.36500168
11075	55.36999893
11076	55.37500000
11077	55.38000107
11078	55.38499832
11079	55.38999939
11080	55.39500046
11081	55.40000153
11082	55.40499878
11083	55.40999985
11084	55.41500092
11085	55.41999817
11086	55.42499924
11087	55.43000031
11088	55.43500137
11089	55.43999863
11090	55.44499969
11091	55.45000076
11092	55.45500183
11093	55.45999908
11094	55.46500015
11095	55.47000122
11096	55.47499847
11097	55.47999954
11098	55.48500061
11099	55.49000168
11100	55.49499893
11101	55.50000000
11102	55.50500107
11103	55.50999832
11104	55.51499939
11105	55.52000046
11106	55.52500153
11107	55.52999878
11108	55.53499985
11109	55.54000092
11110	55.54499817
11111	55.54999924
11112	55.55500031
11113	55.56000137
11114	55.56499863
11115	55.56999969
11116	55.57500076
11117	55.58000183
11118	55.58499908
11119	55.59000015
11120	55.59500122
11121	55.59999847
11122	55.60499954
11123	55.61000061
11124	55.61500168
11125	55.61999893
11126	55.62500000
11127	55.63000107
11128	55.63499832
11129	55.63999939
11130	55.64500046
11131	55.65000153
11132	55.65499878
11133	55.65999985
11134	55.66500092
11135	55.66999817
11136	55.67499924
11137	55.68000031
11138	55.68500137
11139	55.68999863
11140	55.69499969
11141	55.70000076
11142	55.70500183
11143	55.70999908
11144	55.71500015
11145	55.72000122
11146	55.72499847
11147	55.72999954
11148	55.73500061
11149	55.74000168
11150	55.74499893
11151	55.75000000
11152	55.75500107
11153	55.75999832
11154	55.76499939
11155	55.77000046
11156	55.77500153
11157	55.77999878
11158	55.78499985
11159	55.79000092
11160	55.79499817
11161	55.79999924
11162	55.80500031
11163	55.81000137
11164	55.81499863
11165	55.81999969
11166	55.82500076
11167	55.83000183
11168	55.83499908
11169	55.84000015
11170	55.84500122
11171	55.84999847
11172	55.85499954
11173	55.86000061
11174	55.86500168
11175	55.86999893
11176	55.87500000
11177	55.88000107
11178	55.88499832
11179	55.88999939
11180	55.89500046
11181	55.90000153
11182	55.90499878
11183	55.90999985
11184	55.91500092
11185	55.91999817
11186	55.92499924
11187	55.93000031
11188	55.93500137
11189	55.93999863
11190	55.94499969
11191	55.95000076
11192	55.95500183
11193	55.95999908
11194	55.96500015
11195	55.97000122
11196	55.97499847
11197	55.97999954
11198	55.98500061
11199	55.99000168
11200	55.99499893
11201	56.00000000
11202	56.00500107
11203	56.00999832
11204	56.01499939
11205	56.02000046
11206	56.02500153
11207	56.02999878
11208	56.03499985
11209	56.04000092
11210	56.04499817
11211	56.04999924
11212	56.05500031
11213	56.06000137
11214	56.06499863
11215	56.06999969
11216	56.07500076
11217	56.08000183
11218	56.08499908
11219	56.09000015
11220	56.09500122
11221	56.09999847
11222	56.10499954
11223	56.11000061
11224	56.11500168
11225	56.11999893
11226	56.12500000
11227	56.13000107
11228	56.13499832
11229	56.13999939
11230	56.14500046
11231	56.15000153
11232	56.15499878
11233	56.15999985
11234	56.16500092
11235	56.16999817
11236	56.17499924
11237	56.18000031
11238	56.18500137
11239	56.18999863
11240	56.19499969
11241	56.20000076
11242	56.20500183
11243	56.20999908
11244	56.21500015
11245	56.22000122
11246	56.22499847
11247	56.22999954
11248	56.23500061
11249	56.24000168
11250	56.24499893
11251	56.25000000
11252	56.25500107
11253	56.25999832
11254	56.26499939
11255	56.27000046
11256	56.27500153
11257	56.27999878
11258	56.28499985
11259	56.29000092
11260	56.29499817
11261	56.29999924
11262	56.30500031
11263	56.31000137
11264	56.31499863
11265	56.31999969
11266	56.32500076
11267	56.33000183
11268	56.33499908
11269	56.34000015
11270	56.34500122
11271	56.34999847
11272	56.35499954
11273	56.36000061
11274	56.36500168
11275	56.36999893
11276	56.37500000
11277	56.38000107
11278	56.38499832
11279	56.38999939
11280	56.39500046
11281	56.40000153
11282	56.40499878
11283	56.40999985
11284	56.41500092
11285	56.41999817
11286	56.42499924
11287	56.43000031
11288	56.43500137
11289	56.43999863
11290	56.44499969
11291	56.45000076
11292	56.45500183
11293	56.45999908
11294	56.46500015
11295	56.47000122
11296	56.47499847
11297	56.47999954
11298	56.48500061
11299	56.49000168
11300	56.49499893
11301	56.50000000
11302	56.50500107
11303	56.50999832
11304	56.51499939
11305	56.52000046
11306	56.52500153
11307	56.52999878
11308	56.53499985
11309	56.54000092
11310	56.54499817
11311	56.54999924
11312	56.55500031
11313	56.56000137
11314	56.56499863
11315	56.56999969
11316	56.57500076
11317	56.58000183
11318	56.58499908
11319	56.59000015
11320	56.59500122
11321	56.59999847
11322	56.60499954
11323	56.61000061
11324	56.61500168
11325	56.61999893
11326	56.62500000
11327	56.63000107
11328	56.63499832
11329	56.63999939
11330	56.64500046
11331	56.65000153
11332	56.65499878
11333	56.65999985
11334	56.66500092
11335	56.66999817
11336	56.67499924
11337	56.68000031
11338	56.68500137
11339	56.68999863
11340	56.69499969
11341	56.70000076
11342	56.70500183
11343	56.70999908
11344	56.71500015
11345	56.72000122
11346	56.72499847
11347	56.72999954
11348	56.73500061
11349	56.74000168
11350	56.74499893
11351	56.75000000
11352	56.75500107
11353	56.75999832
11354	56.76499939
11355	56.77000046
11356	56.77500153
11357	56.77999878
11358	56.78499985
11359	56.79000092
11360	56.79499817
11361	56.79999924
11362	56.80500031
11363	56.81000137
11364	56.81499863
11365	56.81999969
11366	56.82500076
11367	56.83000183
11368	56.83499908
11369	56.84000015
11370	56.84500122
11371	56.84999847
11372	56.85499954
11373	56.86000061
11374	56.86500168
11375	56.86999893
11376	56.87500000
11377	56.88000107
11378	56.88499832
11379	56.88999939
11380	56.89500046
11381	56.90000153
11382	56.90499878
11383	56.90999985
11384	56.91500092
11385	56.91999817
11386	56.92499924
11387	56.93000031
11388	56.93500137
11389	56.93999863
11390	56.94499969
11391	56.95000076
11392	56.95500183
11393	56.95999908
11394	56.96500015
11395	56.97000122
11396	56.97499847
11397	56.97999954
11398	56.98500061
11399	56.99000168
11400	56.99499893
11401	57.00000000
11402	57.00500107
11403	57.00999832
11404	57.01499939
11405	57.02000046
11406	57.02500153
11407	57.02999878
11408	57.03499985
11409	57.04000092
11410	57.04499817
11411	57.04999924
11412	57.05500031
11413	57.06000137
11414	57.06499863
11415	57.06999969
11416	57.07500076
11417	57.08000183
11418	57.08499908
11419	57.09000015
11420	57.09500122
11421	57.09999847
11422	57.10499954
11423	57.11000061
11424	57.11500168
11425	57.11999893
11426	57.12500000
11427	57.13000107
11428	57.13499832
11429	57.13999939
11430	57.14500046
11431	57.15000153
11432	57.15499878
11433	57.15999985
11434	57.16500092
11435	57.16999817
11436	57.17499924
11437	57.18000031
11438	57.18500137
11439	57.18999863
11440	57.19499969
11441	57.20000076
11442	57.20500183
11443	57.20999908
11444	57.21500015
11445	57.22000122
11446	57.22499847
11447	57.22999954
11448	57.23500061
11449	57.24000168
11450	57.24499893
11451	57.25000000
11452	57.25500107
11453	57.25999832
11454	57.26499939
11455	57.27000046
11456	57.27500153
11457	57.27999878
11458	57.28499985
11459	57.29000092
11460	57.29499817
11461	57.29999924
11462	57.30500031
11463	57.31000137
11464	57.31499863
11465	57.31999969
11466	57.32500076
11467	57.33000183
11468	57.33499908
11469	57.34000015
11470	57.34500122
11471	57.34999847
11472	57.35499954
11473	57.36000061
11474	57.36500168
11475	57.36999893
11476	57.37500000
11477	57.38000107
11478	57.38499832
11479	57.38999939
11480	57.39500046
11481	57.40000153
11482	57.40499878
11483	57.40999985
11484	57.41500092
11485	57.41999817
11486	57.42499924
11487	57.43000031
11488	57.43500137
11489	57.43999863
11490	57.44499969
11491	57.45000076
11492	57.45500183
11493	57.45999908
11494	57.46500015
11495	57.47000122
11496	57.47499847
11497	57.47999954
11498	57.48500061
11499	57.49000168
11500	57.49499893
11501	57.50000000
11502	57.50500107
11503	57.50999832
11504	57.51499939
11505	57.52000046
11506	57.52500153
11507	57.52999878
11508	57.53499985
11509	57.54000092
11510	57.54499817
11511	57.54999924
11512	57.55500031
11513	57.56000137
11514	57.56499863
11515	57.56999969
11516	57.57500076
11517	57.58000183
11518	57.58499908
11519	57.59000015
11520	57.59500122
11521	57.59999847
11522	57.60499954
11523	57.61000061
11524	57.61500168
11525	57.61999893
11526	57.62500000
11527	57.63000107
11528	57.63499832
11529	57.63999939
11530	57.64500046
11531	57.65000153
11532	57.65499878
11533	57.65999985
11534	57.66500092
11535	57.66999817
11536	57.67499924
11537	57.68000031
11538	57.68500137
11539	57.68999863
11540	57.69499969
11541	57.70000076
11542	57.70500183
11543	57.70999908
11544	57.71500015
11545	57.72000122
11546	57.72499847
11547	57.72999954
11548	57.73500061
11549	57.74000168
11550	57.74499893
11551	57.75000000
11552	57.75500107
11553	57.75999832
11554	57.76499939
11555	57.77000046
11556	57.77500153
11557	57.77999878
11558	57.78499985
11559	57.79000092
11560	57.79499817
11561	57.79999924
11562	57.80500031
11563	57.81000137
11564	57.81499863
11565	57.81999969
11566	57.82500076
11567	57.83000183
11568	57.83499908
11569	57.84000015
11570	57.84500122
11571	57.84999847
11572	57.85499954
11573	57.86000061
11574	57.86500168
11575	57.86999893
11576	57.87500000
11577	57.88000107
11578	57.88499832
11579	57.88999939
11580	57.89500046
11581	57.90000153
11582	57.90499878
11583	57.90999985
11584	57.91500092
11585	57.91999817
11586	57.92499924
11587	57.93000031
11588	57.93500137
11589	57.93999863
11590	57.94499969
11591	57.95000076
11592	57.95500183
11593	57.95999908
11594	57.96500015
11595	57.97000122
11596	57.97499847
11597	57.97999954
11598	57.98500061
11599	57.99000168
11600	57.99499893
11601	58.00000000
11602	58.00500107
11603	58.00999832
11604	58.01499939
11605	58.02000046
11606	58.02500153
11607	58.02999878
11608	58.03499985
11609	58.04000092
11610	58.04499817
11611	58.04999924
11612	58.05500031
11613	58.06000137
11614	58.06499863
11615	58.06999969
11616	58.07500076
11617	58.08000183
11618	58.08499908
11619	58.09000015
11620	58.09500122
11621	58.09999847
11622	58.10499954
11623	58.11000061
11624	58.11500168
11625	58.11999893
11626	58.12500000
11627	58.13000107
11628	58.13499832
11629	58.13999939
11630	58.14500046
11631	58.15000153
11632	58.15499878
11633	58.15999985
11634	58.16500092
11635	58.16999817
11636	58.17499924
11637	58.18000031
11638	58.18500137
11639	58.18999863
11640	58.19499969
11641	58.20000076
11642	58.20500183
11643	58.20999908
11644	58.21500015
11645	58.22000122
11646	58.22499847
11647	58.22999954
11648	58.23500061
11649	58.24000168
11650	58.24499893
11651	58.25000000
11652	58.25500107
11653	58.25999832
11654	58.26499939
11655	58.27000046
11656	58.27500153
11657	58.27999878
11658	58.28499985
11659	58.29000092
11660	58.29499817
11661	58.29999924
11662	58.30500031
11663	58.31000137
11664	58.31499863
11665	58.31999969
11666	58.32500076
11667	58.33000183
11668	58.33499908
11669	58.34000015
11670	58.34500122
11671	58.34999847
11672	58.35499954
11673	58.36000061
11674	58.36500168
11675	58.36999893
11676	58.37500000
11677	58.38000107
11678	58.38499832
11679	58.38999939
11680	58.39500046
11681	58.40000153
11682	58.40499878
11683	58.40999985
11684	58.41500092
11685	58.41999817
11686	58.42499924
11687	58.43000031
11688	58.43500137
11689	58.43999863
11690	58.44499969
11691	58.45000076
11692	58.45500183
11693	58.45999908
11694	58.46500015
11695	58.47000122
11696	58.47499847
11697	58.47999954
11698	58.48500061
11699	58.49000168
11700	58.49499893
11701	58.50000000
11702	58.50500107
11703	58.50999832
11704	58.51499939
11705	58.52000046
11706	58.52500153
11707	58.52999878
11708	58.53499985
11709	58.54000092
11710	58.54499817
11711	58.54999924
11712	58.55500031
11713	58.56000137
11714	58.56499863
11715	58.56999969
11716	58.57500076
11717	58.58000183
11718	58.58499908
11719	58.59000015
11720	58.59500122
11721	58.59999847
11722	58.60499954
11723	58.61000061
11724	58.61500168
11725	58.61999893
11726	58.62500000
11727	58.63000107
11728	58.63499832
11729	58.63999939
11730	58.64500046
11731	58.65000153
11732	58.65499878
11733	58.65999985
11734	58.66500092
11735	58.66999817
11736	58.67499924
11737	58.68000031
11738	58.68500137
11739	58.68999863
11740	58.69499969
11741	58.70000076
11742	58.70500183
11743	58.70999908
11744	58.71500015
11745	58.72000122
11746	58.72499847
11747	58.72999954
11748	58.73500061
11749	58.74000168
11750	58.74499893
11751	58.75000000
11752	58.75500107
11753	58.75999832
11754	58.76499939
11755	58.77000046
11756	58.77500153
11757	58.77999878
11758	58.78499985
11759	58.79000092
11760	58.79499817
11761	58.79999924
11762	58.80500031
11763	58.81000137
11764	58.81499863
11765	58.81999969
11766	58.82500076
11767	58.83000183
11768	58.83499908
11769	58.84000015
11770	58.84500122
11771	58.84999847
11772	58.85499954
11773	58.86000061
11774	58.86500168
11775	58.86999893
11776	58.87500000
11777	58.88000107
11778	58.88499832
11779	58.88999939
11780	58.89500046
11781	58.90000153
11782	58.90499878
11783	58.90999985
11784	58.91500092
11785	58.91999817
11786	58.92499924
11787	58.93000031
11788	58.93500137
11789	58.93999863
11790	58.94499969
11791	58.95000076
11792	58.95500183
11793	58.95999908
11794	58.96500015
11795	58.97000122
11796	58.97499847
11797	58.97999954
11798	58.98500061
11799	58.99000168
11800	58.99499893
11801	59.00000000
11802	59.00500107
11803	59.00999832
11804	59.01499939
11805	59.02000046
11806	59.02500153
11807	59.02999878
11808	59.03499985
11809	59.04000092
11810	59.04499817
11811	59.04999924
11812	59.05500031
11813	59.06000137
11814	59.06499863
11815	59.06999969
11816	59.07500076
11817	59.08000183
11818	59.08499908
11819	59.09000015
11820	59.09500122
11821	59.09999847
11822	59.10499954
11823	59.11000061
11824	59.11500168
11825	59.11999893
11826	59.12500000
11827	59.13000107
11828	59.13499832
11829	59.13999939
11830	59.14500046
11831	59.15000153
11832	59.15499878
11833	59.15999985
11834	59.16500092
11835	59.16999817
11836	59.17499924
11837	59.18000031
11838	59.18500137
11839	59.18999863
11840	59.19499969
11841	59.20000076
11842	59.20500183
11843	59.20999908
11844	59.21500015
11845	59.22000122
11846	59.22499847
11847	59.22999954
11848	59.23500061
11849	59.24000168
11850	59.24499893
11851	59.25000000
11852	59.25500107
11853	59.25999832
11854	59.26499939
11855	59.27000046
11856	59.27500153
11857	59.27999878
11858	59.28499985
11859	59.29000092
11860	59.29499817
11861	59.29999924
11862	59.30500031
11863	59.31000137
11864	59.31499863
11865	59.31999969
11866	59.32500076
11867	59.33000183
11868	59.33499908
11869	59.34000015
11870	59.34500122
11871	59.34999847
11872	59.35499954
11873	59.36000061
11874	59.36500168
11875	59.36999893
11876	59.37500000
11877	59.38000107
11878	59.38499832
11879	59.38999939
11880	59.39500046
11881	59.40000153
11882	59.40499878
11883	59.40999985
11884	59.41500092
11885	59.41999817
11886	59.42499924
11887	59.43000031
11888	59.43500137
11889	59.43999863
11890	59.44499969
11891	59.45000076
11892	59.45500183
11893	59.45999908
11894	59.46500015
11895	59.47000122
11896	59.47499847
11897	59.47999954
11898	59.48500061
11899	59.49000168
11900	59.49499893
11901	59.50000000
11902	59.50500107
11903	59.50999832
11904	59.51499939
11905	59.52000046
11906	59.52500153
11907	59.52999878
11908	59.53499985
11909	59.54000092
11910	59.54499817
11911	59.54999924
11912	59.55500031
11913	59.56000137
11914	59.56499863
11915	59.56999969
11916	59.57500076
11917	59.58000183
11918	59.58499908
11919	59.59000015
11920	59.59500122
11921	59.59999847
11922	59.60499954
11923	59.61000061
11924	59.61500168
11925	59.61999893
11926	59.62500000
11927	59.63000107
11928	59.63499832
11929	59.63999939
11930	59.64500046
11931	59.65000153
11932	59.65499878
11933	59.65999985
11934	59.66500092
11935	59.66999817
11936	59.67499924
11937	59.68000031
11938	59.68500137
11939	59.68999863
11940	59.69499969
11941	59.70000076
11942	59.70500183
11943	59.70999908
11944	59.71500015
11945	59.72000122
11946	59.72499847
11947	59.72999954
11948	59.73500061
11949	59.74000168
11950	59.74499893
11951	59.75000000
11952	59.75500107
11953	59.75999832
11954	59.76499939
11955	59.77000046
11956	59.77500153
11957	59.77999878
11958	59.78499985
11959	59.79000092
11960	59.79499817
11961	59.79999924
11962	59.80500031
11963	59.81000137
11964	59.81499863
11965	59.81999969
11966	59.82500076
11967	59.83000183
11968	59.83499908
11969	59.84000015
11970	59.84500122
11971	59.84999847
11972	59.85499954
11973	59.86000061
11974	59.86500168
11975	59.86999893
11976	59.87500000
11977	59.88000107
11978	59.88499832
11979	59.88999939
11980	59.89500046
11981	59.90000153
11982	59.90499878
11983	59.90999985
11984	59.91500092
11985	59.91999817
11986	59.92499924
11987	59.93000031
11988	59.93500137
11989	59.93999863
11990	59.94499969
11991	59.95000076
11992	59.95500183
11993	59.95999908
11994	59.96500015
11995	59.97000122
11996	59.97499847
11997	59.97999954
11998	59.98500061
11999	59.99000168
12000	59.99499893