time_s,ang_x,ang_y,ang_z,lin_x,lin_y,lin_z
1.0041666666666667,-2.774379253387451,0.07641822099685669,-0.05117756128311157,-0.007456028833985329,-0.10563790798187256,-0.21268805861473083
1.0083333333333333,-2.6427249908447266,0.06828302145004272,-0.03979841619729996,-0.003647769335657358,-0.010850605554878712,-0.021455952897667885
1.0125,-2.4623608589172363,0.04523128271102905,-0.028960954397916794,-0.004127860069274902,0.037575364112854004,0.07544060051441193
1.0166666666666666,-2.2743310928344727,0.029377281665802002,-0.022942794486880302,-0.005293090827763081,0.058630723506212234,0.11749129742383957
1.0208333333333333,-2.094559669494629,0.021766841411590576,-0.02237856760621071,-0.008354776538908482,0.06220247223973274,0.12454491853713989
1.025,-1.9319523572921753,0.020381033420562744,-0.023015979677438736,-0.008062433451414108,0.05255788564682007,0.1051674485206604
1.0291666666666666,-1.7921240329742432,0.02268916368484497,-0.02315394952893257,-0.0073845721781253815,0.0332842580974102,0.0665275976061821
1.0333333333333332,-1.6810789108276367,0.028381943702697754,-0.023723158985376358,-0.005913028493523598,0.009845031425356865,0.01956319808959961
1.0375,-1.6019665002822876,0.03670990467071533,-0.023203497752547264,-0.002940952777862549,-0.016126718372106552,-0.03247590363025665
1.0416666666666667,-1.49699068069458,0.03554409742355347,-0.019484885036945343,-0.001050187274813652,-0.012067054398357868,-0.024208158254623413
1.0458333333333334,-1.2863564491271973,0.01695951819419861,-0.011085755191743374,-0.0028768815100193024,0.046887390315532684,0.09408538043498993
1.05,-1.3683274984359741,0.052861183881759644,-0.021509509533643723,0.0034901779145002365,-0.09086623787879944,-0.1826103925704956
1.0541666666666667,-1.435038447380066,0.07518872618675232,-0.02262290008366108,0.00964520312845707,-0.12146756052970886,-0.24350506067276
1.0583333333333333,-1.4136319160461426,0.06903204321861267,-0.01354918722063303,0.014262323267757893,-0.08407551795244217,-0.1682717353105545
1.0625,-1.288634181022644,0.04340198636054993,-0.005029064603149891,0.010310161858797073,-0.012054093182086945,-0.023871509358286858
1.0666666666666667,-1.2609450817108154,0.04125392436981201,-0.004184895195066929,0.010394965298473835,-0.0386996790766716,-0.07763591408729553
1.0708333333333333,-1.1780064105987549,0.03185364603996277,-0.0030651679262518883,0.009108776226639748,-0.010892814956605434,-0.021763835102319717
1.075,-1.0869132280349731,0.023152530193328857,-0.0031787892803549767,0.005234729964286089,0.003605864942073822,0.00723632425069809
1.0791666666666666,-0.9931089878082275,0.016005873680114746,-0.003032030537724495,0.0030941832810640335,0.00967057142406702,0.01935013383626938
1.0833333333333333,-0.9047304391860962,0.013132661581039429,-0.004120711702853441,0.0015327641740441322,0.010324396193027496,0.020619910210371017
1.0875,-0.8219831585884094,0.011724978685379028,-0.004554743878543377,0.000830779317766428,0.006915814243257046,0.013790417462587357
1.0916666666666666,-0.748560905456543,0.012241780757904053,-0.0054964120499789715,0.0004176500951871276,0.0008894946076907218,0.0017088227905333042
1.0958333333333332,-0.6847259998321533,0.012862011790275574,-0.007608152460306883,-0.0007017564494162798,-0.006437826901674271,-0.01296145562082529
1.1,-0.6323676109313965,0.015619009733200073,-0.006889511831104755,0.0006272310856729746,-0.01468448806554079,-0.029477965086698532
1.1041666666666667,-0.5907925963401794,0.018835127353668213,-0.006077506113797426,0.00215321546420455,-0.022155404090881348,-0.04444851353764534
1.1083333333333334,-0.5539014339447021,0.020014211535453796,-0.004700740333646536,0.0033802432008087635,-0.0273653082549572,-0.05485392361879349
1.1125,-0.521349310874939,0.020972266793251038,-0.00452961353585124,0.0037847631610929966,-0.02882254868745804,-0.05776480212807655
1.1166666666666667,-0.4910510182380676,0.021159633994102478,-0.0036050742492079735,0.004416966810822487,-0.02917579561471939,-0.05845636874437332
1.1208333333333333,-0.4614342749118805,0.02064990997314453,-0.0021041398867964745,0.00627211295068264,-0.028011033311486244,-0.05612891912460327
1.125,-0.4316067099571228,0.018588051199913025,-0.0015292656607925892,0.0048993369564414024,-0.02650347165763378,-0.05308566242456436
1.1291666666666667,-0.40265369415283203,0.017616689205169678,-0.0014898115769028664,0.004618719220161438,-0.023127175867557526,-0.04633481800556183
1.1333333333333333,-0.3721636235713959,0.015507206320762634,-0.00090814009308815,0.0043157124891877174,-0.020724505186080933,-0.041510701179504395
1.1375,-0.3406963348388672,0.013128116726875305,-0.0014937622472643852,0.003198278369382024,-0.0176876038312912,-0.03542756661772728
1.1416666666666666,-0.30853012204170227,0.011504948139190674,-0.001980007393285632,0.002382703125476837,-0.014390038326382637,-0.028824448585510254
1.1458333333333333,-0.2614596486091614,0.007189646363258362,7.206550799310207e-05,0.0022906630765646696,-0.005429340060800314,-0.010851137340068817
1.15,-0.24702009558677673,0.010985814034938812,0.0001822267659008503,0.0036150983069092035,-0.01789345219731331,-0.035918861627578735
1.1541666666666666,-0.23679721355438232,0.013113744556903839,-0.00108395516872406,0.0034795941319316626,-0.02303577959537506,-0.046181678771972656
1.1583333333333332,-0.2238728106021881,0.012953974306583405,-0.0008947260212153196,0.0046112630516290665,-0.023137301206588745,-0.04635155573487282
1.1625,-0.20549538731575012,0.011119090020656586,-0.0011964950244873762,0.0027534309774637222,-0.018651874735951424,-0.03734647110104561
1.1666666666666667,-0.18546605110168457,0.00970570370554924,-4.504038952291012e-05,0.0030295848846435547,-0.014946168288588524,-0.029932454228401184
1.1708333333333334,-0.16684412956237793,0.009009726345539093,0.0006865016184747219,0.003272730391472578,-0.013114536181092262,-0.026275739073753357
1.175,-0.1486620306968689,0.007628489285707474,0.0005750707350671291,0.0027674618177115917,-0.012276983819901943,-0.02459435909986496
1.1791666666666667,-0.13250316679477692,0.0070547908544540405,0.00011498597450554371,0.0023015844635665417,-0.011778412386775017,-0.023600498214364052
1.1833333333333333,-0.11774465441703796,0.006787121295928955,0.00022029224783182144,0.0022845258936285973,-0.011411119252443314,-0.022867588326334953
1.1875,-0.10519549995660782,0.0069388821721076965,0.00023070210590958595,0.0023403787054121494,-0.011666271835565567,-0.023380987346172333
1.1916666666666667,-0.09380264580249786,0.006315561011433601,-0.0004276412073522806,0.0017296273726969957,-0.011843414977192879,-0.02372700534760952
1.1958333333333333,-0.08478518575429916,0.006679641082882881,-0.00023495242930948734,0.001967787742614746,-0.012245645746588707,-0.02453920803964138
1.2,-0.07729677110910416,0.0061656273901462555,-0.0012501379242166877,0.0011677786242216825,-0.012588000856339931,-0.02521466836333275
1.2041666666666666,-0.0707576796412468,0.005384430289268494,-0.001367928576655686,0.0008478672243654728,-0.012935237027704716,-0.02590530924499035
1.2083333333333333,-0.06712062656879425,0.006252981722354889,-0.00036196631845086813,0.0017562054563313723,-0.013285797089338303,-0.02662169188261032
1.2125,-0.06407637149095535,0.006315266713500023,-1.2422213330864906e-05,0.001990493619814515,-0.012633329257369041,-0.02530846558511257
1.2166666666666666,-0.059823304414749146,0.006588852033019066,0.001421904657036066,0.002972147660329938,-0.010814180597662926,-0.0216677263379097
1.2208333333333332,-0.05552556365728378,0.005386233329772949,0.0005658096633851528,0.002053885953500867,-0.009846162050962448,-0.019718360155820847
1.225,-0.053046815097332,0.004852429963648319,4.2336294427514076e-05,0.002639199374243617,-0.009800821542739868,-0.01963186264038086
1.2291666666666667,-0.05225203558802605,0.004966600798070431,0.000520016998052597,0.001899073482491076,-0.010099096223711967,-0.020235594362020493
1.2333333333333334,-0.0537235364317894,0.005282397381961346,-0.00018922192975878716,0.0015537580475211143,-0.01017316896468401,-0.02038264088332653
1.2375,-0.056247614324092865,0.004854138940572739,-0.00035325170028954744,0.0013159007066860795,-0.010882205329835415,-0.021797744557261467
1.2416666666666667,-0.06215093657374382,0.0059576816856861115,8.865841664373875e-05,0.0019436210859566927,-0.011575051583349705,-0.023195894435048103
1.2458333333333333,-0.06890982389450073,0.00540158711373806,-0.0008741229539737105,0.0011616835836321115,-0.012167935259640217,-0.024369385093450546
1.25,-0.07758846133947372,0.005501324310898781,-0.0001701914006844163,0.0016361107118427753,-0.012863523326814175,-0.025766028091311455
1.2541666666666667,-0.08181903511285782,0.004935158416628838,0.0007404056377708912,0.0020189464557915926,-0.009555414319038391,-0.019130416214466095
1.2583333333333333,-0.07954967767000198,0.0035722963511943817,0.0004078008932992816,0.0013714723754674196,-0.003622033167630434,-0.0072388905100524426
1.2625,-0.07587434351444244,0.0011624488979578018,0.0010511650471016765,0.001018667477183044,-0.0020218300633132458,-0.004036556463688612
1.2666666666666666,-0.07937799394130707,0.0023150499910116196,-5.741079803556204e-05,0.0007024574442766607,-0.003068809397518635,-0.00616676639765501
1.2708333333333333,-0.08569175750017166,0.002298794686794281,-0.0002450764295645058,0.0005800222279503942,-0.006096843164414167,-0.012221175245940685
1.275,-0.09946281462907791,0.0040175579488277435,-0.00027894112281501293,0.0011097583919763565,-0.010337883606553078,-0.02072935923933983
1.2791666666666666,-0.12073628604412079,0.006555512547492981,-0.0007960912771522999,0.0015881657600402832,-0.014841143041849136,-0.029750673100352287
1.2833333333333332,-0.14801234006881714,0.007866553962230682,-0.0019003567285835743,0.0013085342943668365,-0.019608939066529274,-0.039286110550165176
1.2875,-0.18387582898139954,0.011205747723579407,-0.0015688685234636068,0.0025733369402587414,-0.023721160367131233,-0.04753502085804939
1.2916666666666667,-0.2203996330499649,0.012203596532344818,-0.0008360596839338541,0.0033362889662384987,-0.025444041937589645,-0.050962746143341064
1.2958333333333334,-0.2562156617641449,0.013315074145793915,0.0005970471538603306,0.004576351493597031,-0.02287525311112404,-0.04581703245639801
1.3,-0.2938694357872009,0.012651912868022919,0.0012737223878502846,0.0047898804768919945,-0.023435022681951523,-0.046932563185691833
1.3041666666666667,-0.3268182575702667,0.011526308953762054,0.0008122166618704796,0.004135049879550934,-0.018089812248945236,-0.03621597960591316
1.3083333333333333,-0.35228830575942993,0.00955752283334732,0.0009198896586894989,0.004651245195418596,-0.011014903895556927,-0.022040627896785736
1.3125,-0.36705589294433594,0.0056380778551101685,0.0007304002065211535,0.002208614954724908,-0.002302294597029686,-0.004578385502099991
1.3166666666666667,-0.37123677134513855,0.0010248273611068726,0.0012658018385991454,0.001086535630747676,0.006014959886670113,0.01208239421248436
1.3208333333333333,-0.3658209443092346,-0.002805754542350769,0.001070115715265274,-0.00024381070397794247,0.014735216274857521,0.0295387152582407
1.325,-0.3492165207862854,-0.006993897259235382,7.566600106656551e-05,-0.0021902089938521385,0.02353649213910103,0.04716315492987633
1.3291666666666666,-0.3221684992313385,-0.010768383741378784,-0.000297770369797945,-0.0036133122630417347,0.030908115208148956,0.061920538544654846
1.3333333333333333,-0.30654096603393555,-0.010570898652076721,-0.0014985357411205769,-0.004270126111805439,0.02548936940729618,0.05101754888892174
1.3375,-0.4066142737865448,0.00993184745311737,-0.005329715088009834,-3.69735062122345e-05,-0.03940615430474281,-0.0792064294219017
1.3416666666666666,-0.3180195391178131,-0.009522266685962677,0.002186740282922983,-0.001817699521780014,0.040964651852846146,0.0823550820350647
1.3458333333333332,-0.35460758209228516,-0.0015842616558074951,-0.001618699636310339,-0.0025075417943298817,-0.0019335263641551137,-0.00403857696801424
1.35,-0.5939404964447021,0.04131665825843811,-0.012767331674695015,0.005365844815969467,-0.12114322185516357,-0.24315470457077026
1.3541666666666667,-1.054330825805664,0.10826367139816284,-0.02615749090909958,0.01931152120232582,-0.27067747712135315,-0.5427926778793335
1.3583333333333334,-0.8737761974334717,0.034033745527267456,0.0062096621841192245,0.013928497210144997,0.025955021381378174,0.053213875740766525
1.3625,-0.9077219367027283,0.01245492696762085,0.009177371859550476,0.009609992615878582,0.003589997533708811,0.007232294883579016
1.3666666666666667,-0.969436526298523,0.010639727115631104,0.0052687861025333405,0.007736050523817539,-0.006186958402395248,-0.012450561858713627
1.3708333333333333,-1.0399882793426514,0.01248982548713684,0.001951549667865038,0.005171548575162888,-0.011432926170527935,-0.02295730449259281
1.375,-1.1151611804962158,0.014751940965652466,-0.0011047553271055222,0.003966561518609524,-0.014305255375802517,-0.028701378032565117
1.3791666666666667,-1.1923779249191284,0.01644456386566162,-0.0035764563363045454,0.002945941872894764,-0.016133131459355354,-0.03235938027501106
1.3833333333333333,-1.2717063426971436,0.019057363271713257,-0.005093498155474663,0.0028128381818532944,-0.016035275533795357,-0.032150499522686005
1.3875,-1.3518962860107422,0.021284550428390503,-0.007552783936262131,0.0019675714429467916,-0.01527815219014883,-0.030636727809906006
1.3916666666666666,-1.433214783668518,0.025148838758468628,-0.00901042576879263,0.0022646589204669,-0.013404710218310356,-0.026893865317106247
1.3958333333333333,-1.5128190517425537,0.02759730815887451,-0.011026249267160892,0.0017626098124310374,-0.01159194577485323,-0.023239824920892715
1.4,-1.5708907842636108,0.023553311824798584,-0.007914792746305466,0.002401579637080431,-0.0014334532897919416,-0.002853385405614972
1.4041666666666666,-1.6157691478729248,0.01547151803970337,-0.00667999405413866,0.0017001705709844828,0.008245599456131458,0.01655750162899494
1.4083333333333332,-1.6611123085021973,0.011522650718688965,-0.005776095204055309,-3.247847780585289e-05,0.012626323848962784,0.02527736686170101
1.4125,-1.7073748111724854,0.00968259572982788,-0.006937478203326464,-0.0013298599515110254,0.014225652441382408,0.028464537113904953
1.4166666666666667,-1.7579998970031738,0.011668384075164795,-0.009619208984076977,-0.0023746578954160213,0.01438010111451149,0.028751343488693237
1.4208333333333334,-1.8121085166931152,0.015506148338317871,-0.0120241055265069,-0.003742605447769165,0.012476300820708275,0.02492830716073513
1.425,-1.87063729763031,0.02103477716445923,-0.013933302834630013,-0.002121423836797476,0.008864409290254116,0.017672009766101837
1.4291666666666667,-1.9357178211212158,0.028574705123901367,-0.018491310998797417,-0.0026077181100845337,0.005519260186702013,0.010980614461004734
1.4333333333333333,-2.006178140640259,0.03768050670623779,-0.022948190569877625,-0.0025368346832692623,0.002618019003421068,0.005145159550011158
1.4375,-2.1148622035980225,0.053935229778289795,-0.028106264770030975,-0.0006143180653452873,-0.017854133620858192,-0.03592224419116974
1.4416666666666667,-2.351775884628296,0.08926045894622803,-0.03640607371926308,0.005464846268296242,-0.09139198064804077,-0.18344484269618988
1.4458333333333333,-2.56980037689209,0.10764545202255249,-0.037809886038303375,0.010225309059023857,-0.1034073531627655,-0.20724430680274963
1.45,-2.730008363723755,0.1035577654838562,-0.03282231464982033,0.012999405153095722,-0.07697315514087677,-0.1540856808423996
1.4541666666666666,-2.815335512161255,0.0839272141456604,-0.02552257478237152,0.01021145936101675,-0.02533939853310585,-0.05051599070429802
1.4583333333333333,-2.8092870712280273,0.05103921890258789,-0.016806047409772873,0.005237281322479248,0.04003191739320755,0.08049015700817108
1.4625,-2.7051889896392822,0.01030045747756958,-0.009094207547605038,-0.002804744988679886,0.1128741204738617,0.2264198362827301
1.4666666666666666,-2.4993326663970947,-0.03450751304626465,-0.0028414931148290634,-0.013025037944316864,0.18666626513004303,0.37420010566711426
1.4708333333333332,-2.1906776428222656,-0.0810040831565857,0.0008449926972389221,-0.025363650172948837,0.2572132647037506,0.5154998898506165
1.475,-1.7798982858657837,-0.12603908777236938,0.005701381713151932,-0.03756695240736008,0.32157647609710693,0.6444494128227234
1.4791666666666667,-2.632281541824341,0.09699028730392456,-0.07136660814285278,-0.013571538031101227,-0.2973863482475281,-0.5986929535865784
1.4833333333333334,-2.208554983139038,-0.008649349212646484,-0.01349566038697958,-0.01217333972454071,0.1281321942806244,0.2585201561450958
1.4875,-1.8007036447525024,-0.0835077166557312,0.008422773331403732,-0.021555423736572266,0.2501187026500702,0.5016865730285645
1.4916666666666667,-2.2373178005218506,0.0670546293258667,-0.0537593699991703,-0.012705342844128609,-0.10530730336904526,-0.21287061274051666
1.4958333333333333,-3.7901763916015625,0.41831207275390625,-0.16533982753753662,0.03025275468826294,-0.7547653913497925,-1.5155348777770996
1.5,-4.57834005355835,0.47889864444732666,-0.14549757540225983,0.059546664357185364,-0.6036967635154724,-1.208831548690796
1.5041666666666667,-3.783362865447998,0.13560986518859863,-0.001170966774225235,0.04157452657818794,0.19171002507209778,0.3882848024368286
1.5083333333333333,-4.056558609008789,0.11616039276123047,-0.011887818574905396,0.030291743576526642,-0.03606410324573517,-0.07294895499944687
1.5125,-4.4408040046691895,0.14838898181915283,-0.033254269510507584,0.027118701487779617,-0.12509654462337494,-0.25120067596435547
1.5166666666666666,-4.800247669219971,0.1578463315963745,-0.038331665098667145,0.02674156241118908,-0.14040173590183258,-0.2815328538417816
1.5208333333333333,-5.090625762939453,0.14265143871307373,-0.03308040648698807,0.02403425984084606,-0.1064162477850914,-0.21310129761695862
1.525,-5.284998416900635,0.10823047161102295,-0.02284115180373192,0.020567020401358604,-0.04086396470665932,-0.0817040503025055
1.5291666666666666,-5.3672919273376465,0.06089162826538086,-0.0137054193764925,0.011299686506390572,0.04391178488731384,0.08822528272867203
1.5333333333333332,-5.326855182647705,0.006738781929016113,-0.005768090486526489,-0.0019129998981952667,0.13730527460575104,0.2753707766532898
1.5375,-5.156996726989746,-0.04976463317871094,0.0005718618631362915,-0.015758059918880463,0.23171798884868622,0.4644755423069
1.5416666666666667,-5.153711318969727,-0.0508425235748291,-0.011861953884363174,-0.024528833106160164,0.17807447910308838,0.35636696219444275
1.5458333333333334,-5.189493656158447,-0.0498499870300293,-0.01433170773088932,-0.024623587727546692,0.12562423944473267,0.2512114942073822
1.55,-5.192413806915283,-0.06238090991973877,-0.007946180179715157,-0.0256996750831604,0.11203131824731827,0.2243472784757614
1.5541666666666667,-5.163783073425293,-0.08107960224151611,0.002283906564116478,-0.025199275463819504,0.11562053859233856,0.23162832856178284
1.5583333333333333,-5.093825340270996,-0.10487699508666992,0.013262642547488213,-0.02472754940390587,0.1306525617837906,0.2617281973361969
1.5625,-4.979073524475098,-0.12999379634857178,0.024683795869350433,-0.026560261845588684,0.15165063738822937,0.30392682552337646
1.5666666666666667,-4.814811706542969,-0.15585041046142578,0.03375319391489029,-0.02901826798915863,0.17628854513168335,0.3531757593154907
1.5708333333333333,-4.602612495422363,-0.17869675159454346,0.040089745074510574,-0.031163400039076805,0.2015099823474884,0.40378615260124207
1.575,-4.339140892028809,-0.19907104969024658,0.044384755194187164,-0.035939209163188934,0.22570356726646423,0.4522477686405182
1.5791666666666666,-3.7690160274505615,-0.2701425552368164,0.06619595736265182,-0.045001860707998276,0.3596932888031006,0.721345067024231
1.5833333333333333,-3.523160934448242,-0.2397681474685669,0.0488261878490448,-0.045613907277584076,0.24880926311016083,0.4978120028972626
1.5875,-3.5739846229553223,-0.1524970531463623,0.0171048566699028,-0.03872488811612129,0.06325114518404007,0.1254987120628357
1.5916666666666666,-3.5586490631103516,-0.11431264877319336,0.017624925822019577,-0.025637993589043617,0.007193357218056917,0.014140881597995758
1.5958333333333332,-3.396268606185913,-0.1348104476928711,0.04072536528110504,-0.016842171549797058,0.033560723066329956,0.0674719363451004
1.6,-3.047791004180908,-0.1987677812576294,0.07534580677747726,-0.016584856435656548,0.1154559850692749,0.2319762110710144
1.6041666666666667,-2.4873015880584717,-0.29289573431015015,0.11384223401546478,-0.021134991198778152,0.23026993870735168,0.46230348944664
1.6083333333333334,-1.7011170387268066,-0.4026228189468384,0.15055203437805176,-0.033838964998722076,0.3617161512374878,0.7258530855178833
1.6125,-0.6806043386459351,-0.5183765888214111,0.18159347772598267,-0.05082356184720993,0.498550146818161,0.9999828934669495
1.6166666666666667,0.5725551247596741,-0.6288551092147827,0.20645210146903992,-0.07003845274448395,0.6302664279937744,1.263819694519043
1.6208333333333333,-0.5379127264022827,-0.1960463672876358,0.0349360890686512,-0.03860810399055481,-0.34286317229270935,-0.6931026577949524
1.625,-0.6907734870910645,-0.0890163779258728,0.035482581704854965,-0.00613267719745636,-0.2871311604976654,-0.575690507888794
1.6291666666666667,1.7130718231201172,-0.5368481874465942,0.2160075306892395,-0.03676237165927887,0.8000066876411438,1.6096247434616089
1.6333333333333333,2.6857855319976807,-0.4897342324256897,0.1476326435804367,-0.06244376301765442,0.6003362536430359,1.2016713619232178
1.6375,1.3809762001037598,0.10529327392578125,-0.10972107946872711,-0.034325696527957916,-0.3855716288089752,-0.7801135778427124
1.6416666666666666,0.22296300530433655,0.4547382891178131,-0.2008882313966751,0.017897814512252808,-0.7458866238594055,-1.4977076053619385
1.6458333333333333,2.1369571685791016,-0.051785945892333984,0.05602969229221344,0.016432039439678192,0.28581124544143677,0.5805307030677795
1.65,1.8190149068832397,0.06411641836166382,0.0033228080719709396,0.02331298589706421,-0.2196131944656372,-0.4423561096191406
1.6541666666666666,1.231022596359253,0.23079842329025269,-0.05013071000576019,0.04328823834657669,-0.45736756920814514,-0.9181317090988159
1.6583333333333332,0.6421207189559937,0.3219969570636749,-0.06243022531270981,0.0638231411576271,-0.547308087348938,-1.097259759902954
1.6624999999999999,0.13734860718250275,0.3412055969238281,-0.04811418801546097,0.07954137027263641,-0.535719633102417,-1.0732316970825195
1.6666666666666667,-0.23460833728313446,0.30674615502357483,-0.021290019154548645,0.08519519865512848,-0.4545820951461792,-0.9099473357200623
1.6708333333333334,-0.4383983314037323,0.23473358154296875,0.00821366161108017,0.08079822361469269,-0.32847529649734497,-0.656973659992218
1.675,-0.450178325176239,0.14018887281417847,0.034122806042432785,0.06713330745697021,-0.17545874416828156,-0.3502627909183502
1.6791666666666667,-0.2571883797645569,0.037283286452293396,0.05581812188029289,0.04824654757976532,-0.011421018280088902,-0.021463748067617416
1.6833333333333333,-0.11972692608833313,-0.007940329611301422,0.04804231971502304,0.028411610051989555,0.04960279166698456,0.09974167495965958
1.6875,-0.38968658447265625,0.06360796838998795,-0.0017653238028287888,0.020381994545459747,-0.06803884357213974,-0.1374167948961258
1.6916666666666667,-0.6134039759635925,0.10190114378929138,-0.02671474777162075,0.016557078808546066,-0.09870527684688568,-0.1982281506061554
1.6958333333333333,-0.7107656598091125,0.09091024100780487,-0.02417481318116188,0.013376465067267418,-0.07114999741315842,-0.14239482581615448
1.7,-0.6502704620361328,0.038203462958335876,-0.0037813596427440643,0.009346559643745422,-0.005827299319207668,-0.01107250526547432
1.7041666666666666,-0.41785913705825806,-0.04497691988945007,0.025966137647628784,0.0027709826827049255,0.08041638135910034,0.16207130253314972
1.7083333333333333,-0.007457628846168518,-0.14511524140834808,0.05900127813220024,-0.00916287675499916,0.17899738252162933,0.35977253317832947
1.7125,0.5836513638496399,-0.25387388467788696,0.09158767759799957,-0.02298906445503235,0.2804068922996521,0.563048243522644
1.7166666666666666,1.3545950651168823,-0.363279789686203,0.12259320914745331,-0.039030082523822784,0.3781467378139496,0.7589828968048096
1.7208333333333332,1.269752025604248,-0.2435559332370758,0.06160122901201248,-0.03813700005412102,0.1039455384016037,0.20611383020877838
1.7249999999999999,-0.607171893119812,0.23425279557704926,-0.12165729701519012,-0.0004673302173614502,-0.6412891149520874,-1.2919628620147705
1.7291666666666667,1.1365047693252563,-0.20923075079917908,0.10059916973114014,-0.005774267017841339,0.3565388023853302,0.722110390663147
1.7333333333333334,2.137187957763672,-0.3591042757034302,0.13611872494220734,-0.028519436717033386,0.4669685959815979,0.9375808835029602
1.7375,1.715618371963501,-0.08651965856552124,-0.010313082486391068,-0.03330279886722565,0.0601588673889637,0.11651542037725449
1.7416666666666667,-0.3655247092247009,0.49724939465522766,-0.25220638513565063,0.0004579275846481323,-0.6719943284988403,-1.3544565439224243
1.7458333333333333,0.37912142276763916,0.23274976015090942,-0.08889938145875931,0.015545469708740711,-0.059967972338199615,-0.11507447063922882
1.75,1.3429656028747559,-0.05881360173225403,0.04649723321199417,0.010084465146064758,0.2131241112947464,0.43102991580963135
1.7541666666666667,0.8753215670585632,0.0658494234085083,-0.021563375368714333,0.008107762783765793,-0.11760549247264862,-0.23800985515117645
1.7583333333333333,0.28115856647491455,0.19285963475704193,-0.06958791613578796,0.017794162034988403,-0.26792532205581665,-0.5386195182800293
1.7625,-0.2592872083187103,0.25203579664230347,-0.0792931616306305,0.02996346727013588,-0.3171654939651489,-0.6363041400909424
1.7666666666666666,-0.6951491832733154,0.253457248210907,-0.06569919735193253,0.03968721255660057,-0.2974333167076111,-0.5958813428878784
1.7708333333333333,-0.993583083152771,0.21165774762630463,-0.04054657369852066,0.04206604138016701,-0.23031191527843475,-0.4609612822532654
1.775,-1.1357194185256958,0.1418447196483612,-0.01188896968960762,0.037902411073446274,-0.1346946507692337,-0.2690010666847229
1.7791666666666666,-1.1084935665130615,0.056458353996276855,0.014186836779117584,0.02726658061146736,-0.021799003705382347,-0.04252738505601883
1.7833333333333332,-0.8680903315544128,-0.04070866107940674,0.04096686467528343,0.013374881818890572,0.11006602644920349,0.22171427309513092
1.7874999999999999,-0.547534704208374,-0.1132194995880127,0.05333385616540909,-0.0015854313969612122,0.19801609218120575,0.3977624475955963
1.7916666666666667,-0.8602855205535889,-0.014526426792144775,-0.00800334196537733,-0.010118269361555576,0.035609111189842224,0.06960658729076385
1.7958333333333334,-1.1087108850479126,0.04460489749908447,-0.037006668746471405,-0.008886228315532207,-0.017553962767124176,-0.036089587956666946
1.8,-1.2002449035644531,0.04207935929298401,-0.031003233045339584,-0.006241383496671915,-0.005635772831737995,-0.011259728111326694
1.8041666666666667,-1.109038233757019,-0.011271864175796509,-0.0037650386802852154,-0.006180268712341785,0.04551250487565994,0.09184866398572922
1.8083333333333333,-0.8208343982696533,-0.09920457005500793,0.03607870265841484,-0.009021485224366188,0.12371622771024704,0.24908402562141418
1.8125,-0.33073151111602783,-0.20947730541229248,0.0789145901799202,-0.018032580614089966,0.2155415415763855,0.4333971440792084
1.8166666666666667,0.3623827397823334,-0.32896947860717773,0.12440305948257446,-0.026060935109853745,0.31177210807800293,0.6264301538467407
1.8208333333333333,1.253467321395874,-0.44969141483306885,0.16260746121406555,-0.041175372898578644,0.40715885162353516,0.8177605867385864
1.825,2.338602304458618,-0.5626234412193298,0.19922828674316406,-0.05368431657552719,0.4947081208229065,0.9930317997932434
1.8291666666666666,-1.6570061445236206,0.4502277076244354,-0.25437378883361816,-0.012545228004455566,-0.9945861101150513,-2.0104470252990723
1.8333333333333333,1.0262199640274048,-0.2267157882452011,0.11864711344242096,-0.002494513988494873,0.39697685837745667,0.8087817430496216
1.8375,2.6231939792633057,-0.5127635598182678,0.2187802791595459,-0.025697827339172363,0.5956604480743408,1.1980384588241577
1.8416666666666666,2.1026530265808105,-0.171430766582489,0.022231649607419968,-0.03825387731194496,0.13616393506526947,0.2674611806869507
1.8458333333333332,-0.8048975467681885,0.6351571083068848,-0.3417540192604065,-0.011296302080154419,-0.7362688779830933,-1.4879893064498901
1.8499999999999999,0.3594015836715698,0.27452555298805237,-0.11318457871675491,0.011777887120842934,-0.024898963049054146,-0.042496614158153534
1.8541666666666667,1.4204972982406616,-0.03292250633239746,0.037920769304037094,0.012828357517719269,0.18732814490795135,0.3800064027309418
1.8583333333333334,0.7841435074806213,0.12982457876205444,-0.05045856162905693,0.010218605399131775,-0.14950254559516907,-0.30279552936553955
1.8625,0.055793553590774536,0.2767827808856964,-0.1089240163564682,0.01955994963645935,-0.2947608232498169,-0.5929359197616577
1.8666666666666667,-0.5631834864616394,0.33795714378356934,-0.1187223494052887,0.03329673409461975,-0.3344253897666931,-0.671150267124176
1.8708333333333333,-1.0212340354919434,0.32440030574798584,-0.09785813093185425,0.04173542559146881,-0.306606650352478,-0.6143901944160461
1.875,-1.2935584783554077,0.2591770589351654,-0.06063080206513405,0.04428284615278244,-0.22917458415031433,-0.4583721458911896
1.8791666666666667,-1.3608837127685547,0.15783005952835083,-0.01670919731259346,0.039759762585163116,-0.12385791540145874,-0.24686364829540253
1.8833333333333333,-1.2174166440963745,0.038618773221969604,0.026079490780830383,0.028975646942853928,-0.0009212465956807137,-0.0001448828843422234
1.8875,-0.857946515083313,-0.08635643124580383,0.06556674838066101,0.014355313032865524,0.12686267495155334,0.2561119794845581
1.8916666666666666,-0.6771277189254761,-0.1213933676481247,0.059805672615766525,-0.000899922102689743,0.15026266872882843,0.3014780282974243
1.8958333333333333,-1.0544538497924805,-0.01050463318824768,-0.008861326612532139,-0.008285921066999435,0.021220427006483078,0.04050032049417496
1.9,-1.3076506853103638,0.049083441495895386,-0.03824922814965248,-0.008307615295052528,-0.009578629396855831,-0.020171480253338814
1.9041666666666666,-1.3746925592422485,0.044187843799591064,-0.03211759403347969,-0.006299176253378391,0.009422576054930687,0.01898704469203949
1.9083333333333332,-1.2414755821228027,-0.011452734470367432,-0.004181270021945238,-0.007623933255672455,0.059138014912605286,0.11927515268325806
1.9124999999999999,-0.9049993753433228,-0.10133489966392517,0.038187649101018906,-0.008386023342609406,0.1275675892829895,0.25708165764808655
1.9166666666666667,-0.3651958703994751,-0.21338821947574615,0.08462684601545334,-0.014596596360206604,0.2058424949645996,0.41434499621391296
1.9208333333333334,0.37481439113616943,-0.33520573377609253,0.13292424380779266,-0.02267393097281456,0.2876887917518616,0.5786586999893188
1.925,1.3088502883911133,-0.45891475677490234,0.1787928193807602,-0.03388090431690216,0.36693987250328064,0.7375453114509583
1.9291666666666667,2.426037311553955,-0.5750821232795715,0.22050201892852783,-0.044231295585632324,0.4406034052371979,0.8852288126945496
1.9333333333333333,-1.188433051109314,0.3154366612434387,-0.20812392234802246,-0.026917606592178345,-0.7174359560012817,-1.455033779144287
1.9375,1.096630334854126,-0.2151857167482376,0.10966755449771881,-0.00332043319940567,0.26169005036354065,0.5360692739486694
1.9416666666666667,3.1877644062042236,-0.5902939438819885,0.26913338899612427,-0.019018232822418213,0.5932610034942627,1.196121335029602
1.9458333333333333,2.671135425567627,-0.2488926649093628,0.06211378797888756,-0.037603624165058136,0.16954919695854187,0.3339001536369324
1.95,-0.8110173940658569,0.6729802489280701,-0.38171499967575073,-0.024008750915527344,-0.707851767539978,-1.435068964958191
1.9541666666666666,0.7531959414482117,0.26259976625442505,-0.11402007937431335,0.007207491900771856,0.023231059312820435,0.05595017969608307
1.9583333333333333,1.4226323366165161,0.0732499361038208,-0.014936652965843678,0.012655764818191528,0.06821830570697784,0.13982181251049042
1.9625,0.42585325241088867,0.2956398129463196,-0.12985067069530487,0.013856399804353714,-0.24994616210460663,-0.5054723024368286
1.9666666666666666,-0.4781560003757477,0.4409260153770447,-0.18440726399421692,0.0237542986869812,-0.3546698987483978,-0.7134324908256531
1.9708333333333332,-1.0803393125534058,0.4558829665184021,-0.17158827185630798,0.036911673843860626,-0.345016747713089,-0.6919575333595276
1.9749999999999999,-1.3380182981491089,0.3677229881286621,-0.11507624387741089,0.04413716495037079,-0.2605403959751129,-0.5209922194480896
1.9791666666666667,-1.2320001125335693,0.20729312300682068,-0.0354679599404335,0.0432511530816555,-0.12860853970050812,-0.2552071213722229
1.9833333333333334,-0.7572541236877441,0.00386810302734375,0.053361132740974426,0.034769751131534576,0.033091362565755844,0.06961672008037567
1.9875,0.08498384803533554,-0.22074709832668304,0.1393698751926422,0.01794746145606041,0.2066866010427475,0.41817739605903625
1.9916666666666667,1.2865774631500244,-0.44485005736351013,0.22026371955871582,-0.002916865050792694,0.3812902569770813,0.7683905959129333
1.9958333333333333,-1.507716178894043,0.2042645812034607,-0.13065215945243835,-0.013817735016345978,-0.414864182472229,-0.8452855944633484
2.0,-0.465841144323349,-0.0497317761182785,0.029022889211773872,0.00093892402946949,0.09380820393562317,0.19406308233737946
2.0041666666666664,1.5065377950668335,-0.443477064371109,0.2139284610748291,-0.007564708590507507,0.48510220646858215,0.9804092049598694
2.0083333333333333,1.4782800674438477,-0.29095494747161865,0.09682528674602509,-0.030049681663513184,0.2638385593891144,0.5259442925453186
2.0125,-0.9036617875099182,0.35022684931755066,-0.23456944525241852,-0.03482811897993088,-0.3108566701412201,-0.6353316307067871
2.0166666666666666,-4.225036144256592,1.0141466856002808,-0.5269174575805664,-0.009282633662223816,-0.7990063428878784,-1.6143076419830322
2.0208333333333335,-0.08641491830348969,-0.05663558468222618,0.08473780751228333,0.02912619709968567,0.45344191789627075,0.9314762353897095
2.025,-0.7778371572494507,0.032692015171051025,0.0004125721752643585,0.011441623792052269,-0.01566995680332184,-0.035127099603414536
2.029166666666667,-1.7643707990646362,0.21787762641906738,-0.10006310790777206,0.007853366434574127,-0.18803191184997559,-0.3809589743614197
2.033333333333333,-2.5763158798217773,0.3035668730735779,-0.13170719146728516,0.013369984924793243,-0.24546076357364655,-0.4941379725933075
2.0375,-3.1430513858795166,0.2938759922981262,-0.11380624026060104,0.02109060063958168,-0.23177941143512726,-0.4650155007839203
2.0416666666666665,-3.450580596923828,0.21528160572052002,-0.06609023362398148,0.027068013325333595,-0.16825458407402039,-0.3364184498786926
2.0458333333333334,-3.488400936126709,0.0884019136428833,-0.005093250423669815,0.025195445865392685,-0.07363466918468475,-0.14595571160316467
2.05,-3.2561721801757812,-0.06481671333312988,0.06368793547153473,0.01783146522939205,0.03814349323511124,0.07885900139808655
2.0541666666666667,-2.7560582160949707,-0.22804909944534302,0.1301262527704239,0.010241884738206863,0.15850776433944702,0.32054197788238525
2.058333333333333,-1.9994958639144897,-0.387423038482666,0.18904080986976624,-0.0029437020421028137,0.27736297249794006,0.5589669942855835
2.0625,-1.6052210330963135,-0.424221396446228,0.1847744882106781,-0.017591863870620728,0.26514142751693726,0.5321394205093384
2.0666666666666664,-1.5786428451538086,-0.370317280292511,0.14203564822673798,-0.028033887967467308,0.18428626656532288,0.36825183033943176
2.0708333333333333,-1.5156978368759155,-0.32761016488075256,0.11736888438463211,-0.029058141633868217,0.14596980810165405,0.2917633652687073
2.075,-1.3731842041015625,-0.30935847759246826,0.11122447997331619,-0.028371265158057213,0.12793993949890137,0.2561928927898407
2.0791666666666666,-1.149137020111084,-0.3095341920852661,0.11686583608388901,-0.024984989315271378,0.12326808273792267,0.24725604057312012
2.0833333333333335,-0.840332567691803,-0.3240603506565094,0.1260572373867035,-0.0227899719029665,0.12951412796974182,0.2601464092731476
2.0875,-0.4499676823616028,-0.34495460987091064,0.14099211990833282,-0.02113156020641327,0.14133106172084808,0.2840520143508911
2.091666666666667,0.019403621554374695,-0.3686303496360779,0.15625642240047455,-0.020094968378543854,0.15602897107601166,0.3136640787124634
2.095833333333333,0.5633547306060791,-0.3917369544506073,0.16620337963104248,-0.020070545375347137,0.17402878403663635,0.34990498423576355
2.1,1.1821695566177368,-0.4114112854003906,0.1741006225347519,-0.020253248512744904,0.1900133490562439,0.38199231028556824
2.1041666666666665,0.9202958345413208,-0.24937793612480164,0.08987057209014893,-0.021154921501874924,0.03988506272435188,0.0768299400806427
2.1083333333333334,1.0253372192382812,-0.17147746682167053,0.056843940168619156,-0.020110785961151123,0.039392635226249695,0.0782686322927475
2.1125,1.252447247505188,-0.133062481880188,0.04709527641534805,-0.012199877761304379,0.0400981530547142,0.08029983192682266
2.1166666666666667,1.5771148204803467,-0.11957812309265137,0.04762909561395645,-0.012063750997185707,0.046427831053733826,0.09351667016744614
2.120833333333333,1.9895586967468262,-0.12282103300094604,0.054936714470386505,-0.004293488338589668,0.05729814991354942,0.11570415645837784
2.125,2.4861528873443604,-0.13931506872177124,0.06592579185962677,-0.0026271529495716095,0.06941615045070648,0.14018245041370392
2.1291666666666664,3.0596542358398438,-0.16284579038619995,0.07996053993701935,-0.0034336894750595093,0.08338706195354462,0.16842472553253174
2.1333333333333333,3.7067277431488037,-0.1909095048904419,0.0954064130783081,0.0006588753312826157,0.09786231815814972,0.1976073980331421
2.1375,4.421389102935791,-0.2223193645477295,0.10860306024551392,-0.005262341350317001,0.11036248505115509,0.22284138202667236
2.1416666666666666,2.5407257080078125,0.188102126121521,-0.11483585834503174,-0.010489337146282196,-0.3320375084877014,-0.6760486364364624
2.1458333333333335,2.050171136856079,0.2816210985183716,-0.13011617958545685,0.008432842791080475,-0.28431832790374756,-0.5716297626495361
2.15,4.840975284576416,-0.19357740879058838,0.14510677754878998,0.030447937548160553,0.28546130657196045,0.5856289267539978
2.154166666666667,5.294283866882324,-0.1512587070465088,0.08468643575906754,0.0023462846875190735,0.16995348036289215,0.34029054641723633
2.158333333333333,2.8899598121643066,0.4240780472755432,-0.24644871056079865,-0.02278728038072586,-0.2982524037361145,-0.6113617420196533
2.1625,-1.2617614269256592,1.1698269844055176,-0.6181334257125854,-0.02912217378616333,-0.8111960887908936,-1.6446629762649536
2.1666666666666665,2.9424633979797363,0.2762080430984497,-0.03770972788333893,0.054619982838630676,0.19974757730960846,0.4245763421058655
2.1708333333333334,2.267136812210083,0.3139646053314209,-0.096315398812294,0.03987551108002663,-0.14832215011119843,-0.30045178532600403
2.175,1.2323927879333496,0.4551657736301422,-0.18635086715221405,0.02908393368124962,-0.26407408714294434,-0.5335060954093933
2.1791666666666667,0.2819206118583679,0.5339140295982361,-0.2277269959449768,0.025444000959396362,-0.309469997882843,-0.623129665851593
2.183333333333333,-0.5324141979217529,0.5509828329086304,-0.22829395532608032,0.02803327515721321,-0.3124411702156067,-0.6278566718101501
2.1875,-1.2020864486694336,0.5195844769477844,-0.20416046679019928,0.02875111997127533,-0.28564852476119995,-0.5730436444282532
2.1916666666666664,-1.7235181331634521,0.45392656326293945,-0.1640133410692215,0.025592003017663956,-0.23797179758548737,-0.4768223464488983
2.1958333333333333,-2.095233917236328,0.36618536710739136,-0.11261256039142609,0.01933073252439499,-0.1783052682876587,-0.3566083610057831
2.2,-2.3215956687927246,0.26568603515625,-0.05867810547351837,0.012870870530605316,-0.11114661395549774,-0.221562460064888
2.2041666666666666,-2.3551340103149414,0.1538493037223816,0.002881888300180435,0.006507392972707748,-0.03531847149133682,-0.06907260417938232
2.2083333333333335,-1.4794402122497559,-0.07323169708251953,0.12818145751953125,0.01837747171521187,0.1511489748954773,0.30838093161582947
2.2125,-2.031193256378174,-0.026703834533691406,0.07729969918727875,0.009135222062468529,0.03579891473054886,0.0694308802485466
2.216666666666667,-2.5277960300445557,0.011771976947784424,0.041964177042245865,0.0021922315936535597,0.006060503423213959,0.010357420891523361
2.220833333333333,-2.836794376373291,0.0024870634078979492,0.04313834384083748,-0.005594109185039997,0.007555875927209854,0.014554639346897602
2.225,-2.9484596252441406,-0.048423051834106445,0.07188276946544647,-0.006969209294766188,0.02599700167775154,0.05241995304822922
2.2291666666666665,-2.872340202331543,-0.12969541549682617,0.11690653860569,-0.015174353495240211,0.05578133091330528,0.11303239315748215
2.2333333333333334,-2.6168792247772217,-0.22813498973846436,0.1773419976234436,-0.019083574414253235,0.0937335193157196,0.18965211510658264
2.2375,-2.1938328742980957,-0.33745092153549194,0.24371622502803802,-0.027995247393846512,0.13361725211143494,0.2699764668941498
2.2416666666666667,-1.608642578125,-0.4495820999145508,0.31568676233291626,-0.03322077915072441,0.17344669997692108,0.35017237067222595
2.245833333333333,-0.8770551085472107,-0.5570940971374512,0.3888096511363983,-0.042692914605140686,0.2127247303724289,0.4290648102760315
2.25,-0.006388992071151733,-0.6572845578193665,0.46003568172454834,-0.052123911678791046,0.24779024720191956,0.49957185983657837
2.2541666666666664,-1.0236232280731201,-0.4538131058216095,0.3606584072113037,-0.0735275000333786,0.0035220570862293243,0.00012232677545398474
2.2583333333333333,-0.705377459526062,-0.4452935755252838,0.40685635805130005,-0.03142313286662102,0.10301318764686584,0.20700877904891968
2.2625,-0.2622528076171875,-0.4756697714328766,0.44112783670425415,-0.014168718829751015,0.13203097879886627,0.2657378315925598
2.2666666666666666,0.17886923253536224,-0.4999909996986389,0.46119043231010437,-0.020998472347855568,0.13701720535755157,0.2756254971027374
2.2708333333333335,0.6007412075996399,-0.5175614356994629,0.47990429401397705,-0.030842209234833717,0.12547704577445984,0.25225624442100525
2.275,0.9949569702148438,-0.5296421051025391,0.5065702795982361,-0.05014238506555557,0.1034543588757515,0.2078889012336731
2.279166666666667,1.3546396493911743,-0.5381793975830078,0.5468037128448486,-0.06628540903329849,0.07638105005025864,0.15341226756572723
2.283333333333333,1.6780493259429932,-0.5478020906448364,0.6037207841873169,-0.07982948422431946,0.04333338141441345,0.08680018037557602
2.2875,1.9646437168121338,-0.5606768727302551,0.6760981678962708,-0.09335805475711823,0.01098579540848732,0.02191830798983574
2.2916666666666665,2.2081589698791504,-0.578533411026001,0.7650136947631836,-0.10123419761657715,-0.02176734432578087,-0.044168706983327866
2.2958333333333334,2.249218702316284,-0.5818126201629639,0.8533945083618164,-0.126297265291214,-0.07232300192117691,-0.14642328023910522
2.3,2.213473320007324,-0.572299599647522,0.9596310257911682,-0.12111561745405197,-0.09770806133747101,-0.1978432834148407
2.3041666666666667,2.2392354011535645,-0.5711711049079895,1.0695043802261353,-0.08078539371490479,-0.09044121950864792,-0.1829344928264618
2.308333333333333,2.3458945751190186,-0.5788797736167908,1.1618561744689941,-0.036896735429763794,-0.061882711946964264,-0.12523439526557922
2.3125,2.5405101776123047,-0.5927472114562988,1.2216826677322388,0.012776266783475876,-0.02195471152663231,-0.04460442066192627
2.3166666666666664,2.825775146484375,-0.6050187349319458,1.2435939311981201,0.06081749498844147,0.02727508917450905,0.05466938018798828
2.3208333333333333,3.2025747299194336,-0.6130639314651489,1.2230186462402344,0.09867491573095322,0.07785812020301819,0.1569565236568451
2.325,3.6692845821380615,-0.6100781559944153,1.1624233722686768,0.1364804208278656,0.12855447828769684,0.2593289911746979
2.3291666666666666,4.222471237182617,-0.5930509567260742,1.0613287687301636,0.1586674302816391,0.17728650569915771,0.35789063572883606
2.3333333333333335,2.793515205383301,-0.4725964665412903,0.8674244284629822,-0.08492083847522736,-0.18573248386383057,-0.381241112947464
2.3375,1.3973649740219116,-0.3181266784667969,0.8495149612426758,-0.10558780282735825,-0.2987748384475708,-0.608545184135437
2.341666666666667,4.173832893371582,-0.5043328404426575,1.0625410079956055,0.24842283129692078,0.33913570642471313,0.6959477066993713
2.345833333333333,5.308530807495117,-0.7819809913635254,1.0390032529830933,-0.14762194454669952,0.12212459743022919,0.25171613693237305
2.35,4.113481044769287,-1.0275002717971802,1.2971731424331665,-0.9118051528930664,-0.5665321350097656,-1.1479523181915283
2.3541666666666665,2.107072114944458,-1.1408586502075195,2.071523427963257,-1.1554884910583496,-0.9854525327682495,-2.0001723766326904
2.3583333333333334,3.4502410888671875,-0.7562035322189331,2.7496070861816406,0.4795193672180176,0.14350305497646332,0.2871924936771393
2.3625,2.537386894226074,-0.8574391603469849,2.4931116104125977,0.22267571091651917,-0.0991142988204956,-0.20670631527900696
2.3666666666666667,1.6197912693023682,-0.9200671911239624,2.4266369342803955,0.044094283133745193,-0.1943238228559494,-0.40037432312965393
2.370833333333333,0.9072160720825195,-1.0164754390716553,2.5048770904541016,-0.059328868985176086,-0.23199722170829773,-0.47689923644065857
2.375,0.41984397172927856,-1.1477270126342773,2.6732451915740967,-0.10676420480012894,-0.2275439351797104,-0.46856042742729187
2.3791666666666664,0.15769660472869873,-1.309572696685791,2.8904409408569336,-0.13025733828544617,-0.19517095386981964,-0.40389207005500793
2.3833333333333333,0.11488640308380127,-1.4921120405197144,3.135114908218384,-0.13997882604599,-0.14571763575077057,-0.30474036931991577
2.3875,0.2835031747817993,-1.6849331855773926,3.3900952339172363,-0.1412622332572937,-0.082969069480896,-0.1785624623298645
2.3916666666666666,0.6537305116653442,-1.8788131475448608,3.6495847702026367,-0.14011208713054657,-0.016826454550027847,-0.04538848251104355
2.3958333333333335,1.1548908948898315,-2.081923484802246,3.9088361263275146,-0.1764485090970993,0.025025442242622375,0.038528285920619965
2.4,1.267730712890625,-2.3454854488372803,4.227286338806152,-0.4027180075645447,-0.1120690107345581,-0.2443484365940094
2.404166666666667,1.1473127603530884,-2.5249738693237305,4.666022300720215,-0.4311259686946869,-0.16812549531459808,-0.3641805052757263
2.408333333333333,0.9521828889846802,-2.6311497688293457,5.088075637817383,-0.2925492227077484,-0.12513044476509094,-0.2808910012245178
2.4125,0.7582740783691406,-2.6818578243255615,5.377960205078125,-0.07331279665231705,-0.013413024134933949,-0.055440764874219894
2.4166666666666665,0.6158843040466309,-2.679583787918091,5.477895736694336,0.15741503238677979,0.13609521090984344,0.2499271035194397
2.4208333333333334,0.5621607303619385,-2.6181838512420654,5.358522415161133,0.38214701414108276,0.30765387415885925,0.6038576364517212
2.425,0.6209225654602051,-2.4881961345672607,5.015393257141113,0.5805310010910034,0.48486024141311646,0.9730266332626343
2.4291666666666667,0.8087406158447266,-2.279106616973877,4.45790958404541,0.7520243525505066,0.6560688018798828,1.3340626955032349
2.433333333333333,1.1327435970306396,-1.985251545906067,3.693605899810791,0.8921988606452942,0.8135873079299927,1.6707884073257446
2.4375,1.1187572479248047,-2.7728817462921143,3.4553704261779785,-1.044620394706726,-0.2452124059200287,-0.5120875835418701
2.4416666666666664,1.1569372415542603,-2.377478837966919,3.9509570598602295,-0.08611539006233215,0.11790892481803894,0.22718162834644318
2.4458333333333333,1.9955060482025146,-1.8643019199371338,3.647224187850952,0.8928830623626709,0.7113644480705261,1.4744412899017334
2.45,3.3746285438537598,-2.187148094177246,3.127959966659546,-0.09201294183731079,0.37953540682792664,0.8018454909324646
2.4541666666666666,4.701165676116943,-3.1322357654571533,3.721024990081787,-2.015688896179199,-0.5762172937393188,-1.1995254755020142
2.4583333333333335,5.312950611114502,-4.351968765258789,5.918100357055664,-3.707528591156006,-1.6584669351577759,-3.5014030933380127
2.4625,2.744814872741699,-1.9399348497390747,7.231289863586426,1.7664052248001099,0.531615138053894,1.0480787754058838
2.466666666666667,3.1416685581207275,-2.8176991939544678,6.476288795471191,-0.0463843010365963,-0.09771078824996948,-0.22347085177898407
2.470833333333333,3.166320323944092,-3.31087327003479,6.9027886390686035,-0.710906982421875,-0.4183747470378876,-0.9207396507263184
2.475,2.7588987350463867,-3.542079448699951,7.624760150909424,-0.6197632551193237,-0.45252057909965515,-1.0127278566360474
2.4791666666666665,2.1053664684295654,-3.6043918132781982,8.172985076904297,-0.1617271602153778,-0.28631699085235596,-0.6734497547149658
2.4833333333333334,1.3666269779205322,-3.525878429412842,8.300192832946777,0.42964455485343933,0.00952737033367157,-0.04718641936779022
2.4875,0.660090446472168,-3.300607919692993,7.891971588134766,1.037990689277649,0.37777242064476013,0.7489866614341736
2.4916666666666667,0.07130551338195801,-2.904130697250366,6.907068252563477,1.5984539985656738,0.7793154716491699,1.634249210357666
2.495833333333333,-0.33902692794799805,-2.312894821166992,5.350532054901123,2.0868616104125977,1.1783796548843384,2.5335259437561035
2.5,-0.5340166687965393,-1.5020146369934082,3.252026081085205,2.489269495010376,1.5538407564163208,3.4000725746154785
2.5041666666666664,3.3703551292419434,-4.853033065795898,3.242274522781372,-4.55176305770874,-1.4046168327331543,-3.0263566970825195
2.5083333333333333,-0.46801257133483887,-0.6270052194595337,4.0147786140441895,4.15152645111084,1.7980784177780151,3.912454843521118
2.5125,2.610405683517456,-1.8977621793746948,1.4910920858383179,-0.3534674644470215,0.7062321901321411,1.6481654644012451
2.5166666666666666,10.460650444030762,-7.273556232452393,4.774319171905518,-11.394391059875488,-3.5023040771484375,-7.726335525512695
2.5208333333333335,3.016000747680664,-2.0064034461975098,10.039355278015137,2.0610804557800293,0.1786283254623413,0.23357656598091125
2.525,2.4342713356018066,-2.3591787815093994,8.660303115844727,1.494989275932312,0.18119212985038757,0.3718424439430237
2.529166666666667,3.222048759460449,-3.3912172317504883,8.287622451782227,-0.37417763471603394,-0.365151584148407,-0.8596394658088684
2.533333333333333,3.5103423595428467,-4.093193531036377,9.031160354614258,-1.0573633909225464,-0.639594316482544,-1.5225498676300049
2.5375,3.334807872772217,-4.598468780517578,10.116448402404785,-1.068213939666748,-0.6812366843223572,-1.6629003286361694
2.5416666666666665,2.865802049636841,-4.9820733070373535,11.13535213470459,-0.7636827230453491,-0.563077449798584,-1.4340721368789673
2.5458333333333334,2.238523483276367,-5.261362075805664,11.871081352233887,-0.3384435772895813,-0.3409222960472107,-0.9545520544052124
2.55,1.5573744773864746,-5.4266557693481445,12.221197128295898,0.10097761452198029,-0.05850020796060562,-0.3171587586402893
2.5541666666666667,0.8945345878601074,-5.452547073364258,12.154142379760742,0.5127740502357483,0.2496175467967987,0.4042733311653137
2.558333333333333,0.3060111999511719,-5.316957473754883,11.669210433959961,0.8685566782951355,0.5557301044464111,1.1493178606033325
2.5625,0.520965576171875,-5.500558376312256,11.067705154418945,0.3348105549812317,0.5274571180343628,1.116144061088562
2.5666666666666664,1.0353717803955078,-5.7571001052856445,10.851080894470215,-0.04074554890394211,0.3769116997718811,0.7723708152770996
2.5708333333333333,1.2952313423156738,-5.88495397567749,10.801748275756836,-0.07772122323513031,0.32027509808540344,0.6457806825637817
2.575,1.3860626220703125,-5.94666051864624,10.718881607055664,-0.028261952102184296,0.31148627400398254,0.6381914615631104
2.5791666666666666,1.3574445247650146,-5.945493221282959,10.550834655761719,0.048539355397224426,0.33482104539871216,0.7149492502212524
2.5833333333333335,1.2430338859558105,-5.874856948852539,10.276144027709961,0.13247132301330566,0.37594103813171387,0.8435647487640381
2.5875,1.0750112533569336,-5.730071067810059,9.888381958007812,0.2097017765045166,0.42503443360328674,1.001607060432434
2.591666666666667,0.8716626167297363,-5.504990577697754,9.391244888305664,0.2714066505432129,0.4738735556602478,1.1703535318374634
2.595833333333333,0.6482794284820557,-5.193568706512451,8.798335075378418,0.32228973507881165,0.5174224376678467,1.3362849950790405
2.6,0.4112205505371094,-4.792646408081055,8.115582466125488,0.3635537624359131,0.5536408424377441,1.4947474002838135
2.6041666666666665,0.9445812702178955,-4.7922468185424805,7.598482608795166,-0.7447004318237305,0.3098148703575134,0.8979275226593018
2.6083333333333334,1.8773839473724365,-4.994451522827148,7.956716060638428,-1.8721914291381836,-0.03855311870574951,-0.041121140122413635
2.6125,2.1798553466796875,-4.901824951171875,8.95595645904541,-1.5259422063827515,-0.13196930289268494,-0.32516518235206604
2.6166666666666667,1.9912967681884766,-4.672165393829346,9.650458335876465,-0.511858344078064,-0.04849393665790558,-0.10117540508508682
2.620833333333333,1.4883875846862793,-4.340593338012695,9.614762306213379,0.7117305994033813,0.14262831211090088,0.46594345569610596
2.625,0.8077199459075928,-3.8820340633392334,8.68749713897705,1.9233003854751587,0.3856273591518402,1.238224983215332
2.6291666666666664,0.04082846641540527,-3.2415521144866943,6.84951639175415,3.0138745307922363,0.6420959234237671,2.1169729232788086
2.6333333333333333,-0.741836428642273,-2.3606925010681152,4.155994415283203,3.9506263732910156,0.8860303163528442,3.0285251140594482
2.6375,-1.4986445903778076,-1.1869776248931885,0.6955118775367737,4.727503776550293,1.0978702306747437,3.9094314575195312
2.6416666666666666,0.5691042542457581,-1.576160192489624,-2.6088223457336426,0.46546104550361633,0.34118419885635376,1.7343074083328247
2.6458333333333335,6.798363208770752,-4.7535176277160645,-1.8649015426635742,-9.212483406066895,-1.683640718460083,-4.86138916015625
2.65,-2.6236214637756348,1.5617133378982544,1.3025462627410889,9.92927074432373,1.4483084678649902,5.195024490356445
2.654166666666667,-1.5163154602050781,1.2666503190994263,-5.530442237854004,1.1180481910705566,0.7321113348007202,3.331127166748047
2.658333333333333,8.208237648010254,-3.996058464050293,-4.220754146575928,-20.209447860717773,-2.5009193420410156,-7.866695404052734
2.6625,1.5997647047042847,1.097330093383789,6.825285911560059,3.1839141845703125,-0.13227558135986328,-0.17934924364089966
2.6666666666666665,0.7547783851623535,1.3343480825424194,4.345000267028809,4.549777507781982,0.03017580509185791,0.7028288841247559
2.6708333333333334,2.996311902999878,-0.2360384464263916,2.06701922416687,-1.052551507949829,-0.6496920585632324,-1.7820171117782593
2.675,4.2720794677734375,-1.3329260349273682,3.1720070838928223,-3.0171494483947754,-0.9578014016151428,-3.176570177078247
2.6791666666666667,4.592600345611572,-2.2229163646698,5.333922386169434,-3.0664238929748535,-0.9896063804626465,-3.580854654312134
2.683333333333333,4.241182327270508,-2.9942541122436523,7.432779312133789,-2.2957239151000977,-0.8421489596366882,-3.2793524265289307
2.6875,3.451206684112549,-3.626796245574951,8.967822074890137,-1.244816541671753,-0.5912885665893555,-2.5037641525268555
2.6916666666666664,2.387852430343628,-4.053397178649902,9.752225875854492,-0.1678502857685089,-0.29404395818710327,-1.430850625038147
2.6958333333333333,1.1823933124542236,-4.202249526977539,9.746476173400879,0.8142985105514526,0.006287932395935059,-0.2009773552417755
2.7,-0.08201169967651367,-4.004558563232422,9.001057624816895,1.6727676391601562,0.2804929316043854,1.0861538648605347
2.7041666666666666,-0.6485593318939209,-3.8813047409057617,7.739293575286865,0.924124002456665,0.3474493622779846,1.5611295700073242
2.7083333333333335,0.3157970905303955,-4.4929704666137695,7.148974418640137,-2.5149283409118652,0.06740343570709229,0.3155832588672638
2.7125,0.7302873134613037,-4.820745944976807,8.500870704650879,-2.6517982482910156,-0.019952833652496338,-0.16919071972370148
2.716666666666667,0.6584382057189941,-5.012152194976807,9.824198722839355,-1.24228835105896,0.009489864110946655,-0.03568478673696518
2.720833333333333,0.28502511978149414,-5.075430393218994,10.258790016174316,0.7069529294967651,0.09592661261558533,0.4954468905925751
2.725,-0.2612171173095703,-4.938379287719727,9.503856658935547,2.7351303100585938,0.19921410083770752,1.2711042165756226
2.7291666666666665,-0.8826606273651123,-4.51273775100708,7.512939453125,4.613046169281006,0.28966546058654785,2.167290687561035
2.7333333333333334,-1.5208971500396729,-3.708336591720581,4.384429931640625,6.27328634262085,0.3496267795562744,3.0964043140411377
2.7375,-2.1411452293395996,-2.4466004371643066,0.2594034671783447,7.719438552856445,0.3719874620437622,3.9986259937286377
2.7416666666666667,-2.7170639038085938,-0.6731308698654175,-4.712174892425537,8.943647384643555,0.35449111461639404,4.8239898681640625
2.745833333333333,7.991384029388428,-6.453058242797852,-8.698686599731445,-26.038143157958984,-1.247502326965332,-8.531915664672852
2.75,-2.2371115684509277,-1.0851950645446777,4.329328536987305,14.987777709960938,0.37843894958496094,4.444491386413574
2.7541666666666664,-4.291652679443359,1.12730073928833,-4.844432830810547,8.912778854370117,0.268959641456604,5.81519889831543
2.7583333333333333,2.3489065170288086,-1.735572099685669,-9.084172248840332,-23.908771514892578,-0.6415371894836426,-3.6700704097747803
2.7625,2.6895968914031982,-2.2990775108337402,3.7830941677093506,-12.453619003295898,-0.471423864364624,-3.5888848304748535
2.7666666666666666,-1.2263822555541992,-0.4068937301635742,9.718548774719238,11.833818435668945,-0.08214044570922852,1.962370753288269
2.7708333333333335,0.9646131992340088,-1.4733203649520874,3.5350208282470703,-0.26966792345046997,-0.34423261880874634,-1.1174041032791138
2.775,2.420997142791748,-2.8225479125976562,3.9994096755981445,-4.821009159088135,-0.3505948781967163,-2.9062678813934326
2.779166666666667,2.9187045097351074,-4.305027961730957,6.573431968688965,-5.080837249755859,-0.270280122756958,-3.4624927043914795
2.783333333333333,2.750239133834839,-5.768153667449951,9.137580871582031,-3.4632012844085693,-0.15971443057060242,-3.174274206161499
2.7875,2.1584396362304688,-7.0312628746032715,10.7798490524292,-1.1519546508789062,-0.05861435830593109,-2.3341739177703857
2.7916666666666665,1.3159594535827637,-7.933518409729004,11.174142837524414,1.2614444494247437,0.004830479621887207,-1.1721482276916504
2.7958333333333334,0.33994531631469727,-8.33145523071289,10.293537139892578,3.5268170833587646,0.01237034797668457,0.1510767638683319
2.8,-0.6900618076324463,-8.111978530883789,8.252833366394043,5.571200370788574,-0.04530489444732666,1.5214972496032715
2.8041666666666667,-1.2159838676452637,-7.583846569061279,5.22338342666626,4.707648754119873,-0.1336153745651245,2.1213927268981934
2.808333333333333,-0.5776588916778564,-7.563864707946777,2.656477689743042,-0.9248703122138977,-0.1453363299369812,1.0850651264190674
2.8125,-0.20375466346740723,-7.836878776550293,2.766101360321045,-2.237825393676758,-0.13885319232940674,0.5544942617416382
2.8166666666666664,-0.1296086311340332,-8.134135246276855,3.419034957885742,-1.0840133428573608,-0.15765556693077087,0.48364707827568054
2.8208333333333333,-0.23337292671203613,-8.251102447509766,3.520407199859619,1.0754880905151367,-0.20737427473068237,0.6901767253875732
2.825,-0.43510866165161133,-8.031257629394531,2.6580448150634766,3.5226123332977295,-0.28853893280029297,1.0577385425567627
2.8291666666666666,-0.6762884855270386,-7.351176738739014,0.7442328929901123,5.920949935913086,-0.39935779571533203,1.4975824356079102
2.8333333333333335,-0.9269241690635681,-6.122696399688721,-2.1523773670196533,8.13431167602539,-0.5342423915863037,1.9489233493804932
2.8375,-1.1629655361175537,-4.281852722167969,-5.901165962219238,10.097341537475586,-0.6862187385559082,2.3749442100524902
2.841666666666667,-1.3737473487854004,-1.7906725406646729,-10.342706680297852,11.8106107711792,-0.8460218906402588,2.74573016166687
2.845833333333333,4.520387172698975,-3.3211426734924316,-15.876909255981445,-27.94283103942871,0.7276005744934082,-5.895277976989746
2.85,-0.04501955956220627,-4.259492874145508,-3.9147775173187256,9.493207931518555,-0.4324004650115967,1.0439599752426147
2.8541666666666665,-2.3583555221557617,-0.9786823391914368,-8.053909301757812,17.246347427368164,-1.1580543518066406,3.7879137992858887
2.8583333333333334,-1.6367573738098145,2.297175645828247,-14.923620223999023,4.353338718414307,-0.9419183731079102,2.263648509979248
2.8625,1.0771009922027588,2.505423069000244,-16.593273162841797,-17.225120544433594,0.04189014434814453,-1.8662208318710327
2.8666666666666667,0.4045369625091553,1.254591941833496,-9.452070236206055,-1.2371760606765747,-0.232096865773201,-0.5343450307846069
2.870833333333333,-0.4459984302520752,2.241452217102051,-8.808448791503906,9.471607208251953,-0.5814597606658936,0.6530559659004211
2.875,0.7887723445892334,3.4797542095184326,-12.357016563415527,-1.6829801797866821,-0.013636350631713867,-1.3346047401428223
2.8791666666666664,1.532275676727295,2.998678684234619,-11.504171371459961,-5.946139812469482,0.39018845558166504,-2.3784239292144775
2.8833333333333333,1.762115478515625,1.7902169227600098,-9.1878662109375,-6.214806079864502,0.5861837863922119,-2.682197093963623
2.8875,1.6488004922866821,0.4505140781402588,-6.843611240386963,-4.5871148109436035,0.6240230798721313,-2.498692035675049
2.8916666666666666,1.3178893327713013,-0.661137580871582,-5.113515853881836,-2.1901090145111084,0.5448366403579712,-2.016011953353882
2.8958333333333335,0.8608157634735107,-1.3227061033248901,-4.229921340942383,0.41255682706832886,0.37782928347587585,-1.3635048866271973
2.9,0.34198227524757385,-1.4010149240493774,-4.2230448722839355,2.912562847137451,0.15279066562652588,-0.6454597115516663
2.904166666666667,-0.19658541679382324,-0.8227846622467041,-5.012788772583008,5.188531875610352,-0.11056768894195557,0.07404159754514694
2.908333333333333,-0.40027642250061035,0.19266104698181152,-6.566932678222656,3.257606267929077,-0.18075156211853027,0.24707183241844177
2.9125,-0.31262850761413574,0.8393442630767822,-7.456212997436523,-0.2818481922149658,-0.07684933394193649,0.007212968543171883
2.9166666666666665,-0.27490806579589844,0.9074026346206665,-7.149750709533691,-1.0237609148025513,-0.023766636848449707,-0.10397274792194366
2.9208333333333334,-0.27715420722961426,0.8419793844223022,-6.62288761138916,-0.2753105163574219,-0.0072348713874816895,-0.13808898627758026
2.925,-0.29458165168762207,0.8952983617782593,-6.340839862823486,1.1521912813186646,-0.007687956094741821,-0.13207870721817017
2.9291666666666667,-0.3097574710845947,1.2123539447784424,-6.506327152252197,2.7937138080596924,-0.012446165084838867,-0.11317462474107742
2.933333333333333,-0.3114786148071289,1.8713830709457397,-7.171137809753418,4.42685079574585,-0.013909101486206055,-0.09240557253360748
2.9375,-0.30161452293395996,2.910370349884033,-8.31802749633789,5.9364213943481445,-0.00682377815246582,-0.07761883735656738
2.9416666666666664,-0.2749142646789551,4.34603214263916,-9.895710945129395,7.286317825317383,0.00891876220703125,-0.06886662542819977
2.9458333333333333,0.8767690658569336,5.369195938110352,-12.251102447509766,-9.447089195251465,0.9747488498687744,-1.6933958530426025
2.95,0.7872824668884277,3.3701329231262207,-9.393806457519531,-7.098263263702393,0.9262460470199585,-1.4608861207962036
2.9541666666666666,-0.6992964744567871,2.6925442218780518,-6.909530162811279,12.60508918762207,-0.31485795974731445,0.6451992392539978
2.9583333333333335,-1.0042986869812012,5.865048885345459,-10.258600234985352,8.697453498840332,-0.4983348846435547,0.892916738986969
2.9625,-0.4229421615600586,7.9242424964904785,-12.487407684326172,-7.469569206237793,0.05955934524536133,0.01692073792219162
2.966666666666667,0.3539254665374756,6.299173831939697,-10.307239532470703,-20.86283302307129,0.7342877388000488,-0.989993155002594
2.970833333333333,-0.5927374362945557,2.4780285358428955,-3.9956889152526855,11.103761672973633,-0.2714245319366455,0.4938610792160034
2.975,-0.07179522514343262,4.761911392211914,-7.092203140258789,-2.3175926208496094,0.2840653657913208,-0.3658069670200348
2.9791666666666665,0.25295519828796387,3.9843392372131348,-6.28726863861084,-7.553523063659668,0.5990111827850342,-0.7515569925308228
2.9833333333333334,0.33969247341156006,2.035630226135254,-4.20503568649292,-7.4496169090271,0.6714599132537842,-0.8169323205947876
2.9875,0.28441235423088074,0.004782199859619141,-2.2106754779815674,-4.666014671325684,0.606437087059021,-0.7051714658737183
2.9916666666666667,0.15829071402549744,-1.4924728870391846,-0.9568905830383301,-0.7551606893539429,0.47074124217033386,-0.5061486959457397
2.995833333333333,0.003219515085220337,-2.1251134872436523,-0.6976748108863831,3.442556858062744,0.3084341287612915,-0.27814769744873047
3.0,-0.1502307951450348,-1.7258288860321045,-1.4739925861358643,7.48574161529541,0.14708757400512695,-0.055665694177150726
3.0041666666666664,-0.2923739552497864,-0.22911494970321655,-3.2140166759490967,11.174455642700195,-0.0006968975067138672,0.1449192762374878
3.0083333333333333,0.06342530250549316,2.063222885131836,-6.038768768310547,-3.3967156410217285,0.41979503631591797,-0.31904274225234985
3.0125,0.19820928573608398,1.0159823894500732,-5.262308120727539,-5.386690139770508,0.553176999092102,-0.425991952419281
3.0166666666666666,-0.8022482395172119,0.16052836179733276,-3.6054747104644775,20.64814567565918,-0.631965160369873,0.9076109528541565
3.0208333333333335,-1.0648863315582275,5.654955863952637,-8.186543464660645,2.1444664001464844,-0.868384599685669,1.1229554414749146
3.025,-0.9391448497772217,6.683919906616211,-8.225812911987305,-39.12028503417969,-0.7031745910644531,0.9189141392707825
3.029166666666667,-0.7910433411598206,-2.6388120651245117,1.1923400163650513,17.354726791381836,-0.6507840156555176,0.7474030256271362
3.033333333333333,-0.27511870861053467,1.6153725385665894,-2.895836353302002,2.2804501056671143,-0.04953116178512573,0.03844781219959259
3.0375,-0.0026078224182128906,1.915398120880127,-3.223559617996216,-5.573578834533691,0.2607150077819824,-0.23222030699253082
3.0416666666666665,0.05800950527191162,0.3375619947910309,-1.915502667427063,-7.921457767486572,0.3138446807861328,-0.27207112312316895
3.0458333333333334,-0.007285773754119873,-1.8948242664337158,-0.13889813423156738,-7.296136379241943,0.22021698951721191,-0.18858575820922852
3.05,-0.13978362083435059,-4.078282356262207,1.4995198249816895,-5.203241348266602,0.05026829242706299,-0.047545935958623886
3.0541666666666667,-0.29741454124450684,-5.820189952850342,2.7121400833129883,-2.526190757751465,-0.14788603782653809,0.10792100429534912
3.058333333333333,-0.4582061767578125,-6.920366287231445,3.396353006362915,0.26180893182754517,-0.34248167276382446,0.25138989090919495
3.0625,-0.6095211505889893,-7.285941123962402,3.549370527267456,2.9051513671875,-0.5222606658935547,0.3733588457107544
3.0666666666666664,-0.7429220676422119,-6.888519763946533,3.2193264961242676,5.299245357513428,-0.6723191738128662,0.4649597406387329
3.0708333333333333,-0.6993914842605591,-5.807356834411621,2.399221897125244,6.765295505523682,-0.6102373600006104,0.38210979104042053
3.075,-0.5255994200706482,-4.267094612121582,1.253434658050537,3.091273307800293,-0.3964610695838928,0.19428063929080963
3.0791666666666666,-0.40898579359054565,-3.634108066558838,0.8129892349243164,1.0818359851837158,-0.2549970746040344,0.07772289216518402
3.0833333333333335,-0.34584999084472656,-3.4856293201446533,0.72577965259552,0.34807687997817993,-0.1738135665655136,0.010242626070976257
3.0875,-0.3175170421600342,-3.5179152488708496,0.7563544511795044,0.30570924282073975,-0.12451378256082535,-0.03311019390821457
3.091666666666667,-0.3127748370170593,-3.558607339859009,0.7875428199768066,0.6111348867416382,-0.09481629729270935,-0.0595880001783371
3.095833333333333,-0.32150131464004517,-3.511914014816284,0.7637370228767395,1.0822806358337402,-0.0735977292060852,-0.07720290124416351
3.1,-0.34071117639541626,-3.3216261863708496,0.6628179550170898,1.5884569883346558,-0.056886494159698486,-0.08837590366601944
3.1041666666666665,-0.365236759185791,-2.9630818367004395,0.4845730662345886,2.0778753757476807,-0.040236055850982666,-0.09732618182897568
3.1083333333333334,-0.39279210567474365,-2.4286558628082275,0.23955899477005005,2.516326427459717,-0.02021580934524536,-0.10435464978218079
3.1125,-0.7117899656295776,-1.5944201946258545,0.12529906630516052,-1.144528865814209,-0.3984759747982025,0.13355813920497894
3.1166666666666667,-1.165065050125122,-1.6860007047653198,0.8480318188667297,-4.051269054412842,-0.9827194213867188,0.4592932164669037
3.120833333333333,-1.2429686784744263,-2.7262048721313477,1.9959315061569214,-2.468942165374756,-1.056185245513916,0.43996256589889526
3.125,-1.0800650119781494,-3.448225259780884,2.792320728302002,-0.5665239095687866,-0.8225327134132385,0.24432167410850525
3.1291666666666664,-0.7505342960357666,-3.7764790058135986,3.155613422393799,1.3220831155776978,-0.37063831090927124,-0.043924830853939056
3.1333333333333333,-0.31037092208862305,-3.6759355068206787,3.0545527935028076,3.0532937049865723,0.2217041254043579,-0.3663333058357239
3.1375,0.19340896606445312,-3.1396608352661133,2.4885668754577637,4.581019878387451,0.9007058143615723,-0.68445885181427
3.1416666666666666,0.7240104079246521,-2.1705048084259033,1.4816596508026123,5.882449150085449,1.6085894107818604,-0.9645288586616516
3.1458333333333335,1.2536537647247314,-0.7749833464622498,0.061047643423080444,6.977192401885986,2.3163836002349854,-1.1946613788604736
3.15,1.7608180046081543,1.0406067371368408,-1.7323192358016968,7.859104156494141,2.9854910373687744,-1.3612107038497925
3.154166666666667,-1.6817058324813843,4.602099418640137,-1.2316231727600098,-28.377613067626953,-2.048219680786133,1.0127949714660645
3.158333333333333,0.4705064296722412,-5.013304233551025,1.5958492755889893,7.533271789550781,1.176332950592041,-0.4974586069583893
3.1625,0.7320611476898193,-2.699049234390259,0.10068994760513306,12.251920700073242,1.493204116821289,-0.5965663194656372
3.1666666666666665,-1.0969793796539307,1.6849465370178223,-0.5875505805015564,-1.0624855756759644,-0.9267398118972778,0.4549475312232971
3.1708333333333334,-4.544593811035156,2.541372060775757,2.1660513877868652,-22.472211837768555,-5.459384441375732,2.1370413303375244
3.175,-1.7418110370635986,-5.2414774894714355,4.7505364418029785,0.26018238067626953,-1.2758417129516602,0.321918249130249
3.1791666666666667,0.268660306930542,-5.668968200683594,4.194027423858643,6.9038190841674805,1.1823852062225342,-0.616172730922699
3.183333333333333,-0.22754037380218506,-3.592827320098877,3.811227798461914,-2.5559566020965576,0.19477003812789917,-0.2153124213218689
3.1875,-0.66182541847229,-4.745916843414307,4.577353000640869,-6.038845539093018,-0.5015175342559814,0.017773136496543884
3.1916666666666664,-0.8232812881469727,-7.175980567932129,5.636757850646973,-5.850579261779785,-0.782301664352417,0.061100900173187256
3.1958333333333333,-0.7425966262817383,-9.754802703857422,6.529608726501465,-3.85131573677063,-0.7065149545669556,-0.020850181579589844
3.2,-0.4786038398742676,-11.8609619140625,7.026894569396973,-1.099814772605896,-0.35533344745635986,-0.17048050463199615
3.2041666666666666,-0.08155965805053711,-13.164624214172363,7.0303144454956055,1.8287603855133057,0.20031028985977173,-0.34433579444885254
3.2083333333333335,0.3929262161254883,-13.497014045715332,6.5254716873168945,4.599913597106934,0.8830597400665283,-0.5039629936218262
3.2125,0.9381103515625,-12.800285339355469,5.517032146453857,7.250067710876465,1.6815721988677979,-0.6383823156356812
3.216666666666667,0.744685173034668,-10.834228515625,4.596569538116455,5.349009037017822,1.4103000164031982,-0.48377951979637146
3.220833333333333,-0.12209415435791016,-9.225130081176758,4.423929214477539,0.010905630886554718,0.1559496968984604,-0.15090321004390717
3.225,-0.36728477478027344,-9.566091537475586,4.615664958953857,-1.2635929584503174,-0.24409079551696777,-0.06645752489566803
3.2291666666666665,-0.02201080322265625,-10.434683799743652,4.6368608474731445,-0.28339090943336487,0.0881461501121521,-0.1392134428024292
3.2333333333333334,0.7612714767456055,-11.02467155456543,4.207529544830322,1.7185494899749756,0.9501121044158936,-0.27277684211730957
3.2375,1.8442087173461914,-10.883893013000488,3.1790823936462402,4.072004318237305,2.168872117996216,-0.400365948677063
3.2416666666666667,3.097710132598877,-9.768743515014648,1.5085866451263428,6.385725021362305,3.5825893878936768,-0.4719030261039734
3.245833333333333,4.418408393859863,-7.556622505187988,-0.802372932434082,8.489954948425293,5.074283599853516,-0.4650925397872925
3.25,5.71768045425415,-4.195096969604492,-3.709843873977661,10.304031372070312,6.544626235961914,-0.37062716484069824
3.2541666666666664,2.421290636062622,0.8470907211303711,-3.904163122177124,-6.882749557495117,1.6421475410461426,0.3492403030395508
3.2583333333333333,0.3870399296283722,-1.2792819738388062,-3.07910418510437,-11.632366180419922,-1.2794630527496338,0.6154069900512695
3.2624999999999997,6.986933708190918,-6.377931594848633,-7.893876075744629,26.10105323791504,8.410370826721191,-0.055278778076171875
3.2666666666666666,2.0298662185668945,6.182435035705566,-8.10333251953125,7.2878007888793945,2.1006062030792236,0.589401364326477
3.2708333333333335,-8.162700653076172,11.264094352722168,-2.150649070739746,-25.030628204345703,-10.834189414978027,1.1498138904571533
3.275,2.9782874584198,0.5183281898498535,-6.253543853759766,13.50928020477295,3.9565134048461914,0.34314727783203125
3.279166666666667,1.0410234928131104,7.944146156311035,-5.797584056854248,-1.6177424192428589,0.5539979338645935,0.5115280747413635
3.283333333333333,-1.0227413177490234,8.240097045898438,-4.534173965454102,-8.258756637573242,-2.2446706295013428,0.5370652675628662
3.2875,-2.125487804412842,5.450421333312988,-3.1094884872436523,-9.395417213439941,-3.7399818897247314,0.4193655252456665
3.2916666666666665,-2.349466323852539,1.8016072511672974,-1.829775094985962,-7.843598365783691,-4.121544361114502,0.25449609756469727
3.2958333333333334,-1.8935350179672241,-1.522153377532959,-0.866153359413147,-5.162970542907715,-3.6573476791381836,0.1056513786315918
3.3,-0.9474222660064697,-3.920232057571411,-0.3211933374404907,-2.1547422409057617,-2.595944881439209,0.011606812477111816
3.3041666666666667,0.3108741044998169,-5.102135181427002,-0.2436234951019287,0.7598069906234741,-1.1524639129638672,-0.005866289138793945
3.308333333333333,1.7366688251495361,-4.955137729644775,-0.6512620449066162,3.4029715061187744,0.49743521213531494,0.06208634376525879
3.3125,3.057217597961426,-3.451889753341675,-1.424746036529541,5.349820613861084,2.0304718017578125,0.19993644952774048
3.3166666666666664,1.9437305927276611,-0.7996649146080017,-0.8806652426719666,1.4580951929092407,0.5237592458724976,0.1452191323041916
3.3208333333333333,1.267112374305725,0.017191946506500244,-0.34898704290390015,0.03366532921791077,-0.32293200492858887,0.08571714162826538
3.3249999999999997,1.2532410621643066,0.19616863131523132,-0.0019379854202270508,-0.12602320313453674,-0.4171909987926483,0.06454239040613174
3.3291666666666666,1.7562594413757324,0.31272149085998535,0.05471654236316681,0.3167796730995178,0.056466519832611084,0.10520081222057343
3.3333333333333335,2.6103708744049072,0.6804820895195007,-0.24837657809257507,0.9951614141464233,0.9054911136627197,0.21407657861709595
3.3375,3.6698532104492188,1.456176996231079,-0.9568383693695068,1.7354705333709717,1.9777183532714844,0.3878892660140991
3.341666666666667,4.814245223999023,2.7239625453948975,-2.0958118438720703,2.4476914405822754,3.148841381072998,0.6175292730331421
3.345833333333333,5.947278022766113,4.520784378051758,-3.6763997077941895,3.102846384048462,4.3361897468566895,0.8919677734375
3.35,6.987341403961182,6.8657002449035645,-5.688121795654297,3.6761057376861572,5.462977409362793,1.194663643836975
3.3541666666666665,-0.2882072925567627,9.274653434753418,-1.8487385511398315,-12.576736450195312,-3.8947818279266357,-0.275590181350708
3.3583333333333334,2.279717445373535,3.0039329528808594,-4.314280033111572,-0.5075176358222961,-0.19072896242141724,0.2788207232952118
3.3625,7.897276401519775,3.6301064491271973,-8.847797393798828,12.738544464111328,6.86265754699707,1.5838689804077148
3.3666666666666667,3.818531036376953,11.174958229064941,-6.743180751800537,1.6224970817565918,1.342497706413269,0.653326690196991
3.370833333333333,-3.9906005859375,12.138131141662598,-1.1565046310424805,-13.228429794311523,-8.747262954711914,-1.3865857124328613
3.375,5.082901477813721,5.7950944900512695,-7.350050449371338,6.964540004730225,3.331312656402588,0.9651687145233154
3.3791666666666664,2.513303756713867,10.29015064239502,-5.627773284912109,-1.3465397357940674,-0.1758931577205658,0.24365033209323883
3.3833333333333333,0.24206995964050293,9.772543907165527,-4.334433555603027,-4.693082332611084,-2.869685649871826,-0.3724379539489746
3.3874999999999997,-0.8374152183532715,7.328619003295898,-3.355924606323242,-5.056116580963135,-4.191469192504883,-0.755223274230957
3.3916666666666666,-0.8980493545532227,4.521461486816406,-2.609908103942871,-4.045944690704346,-4.394773960113525,-0.9044291973114014
3.3958333333333335,-0.21156513690948486,2.1315417289733887,-2.100916862487793,-2.4996252059936523,-3.7787070274353027,-0.8522448539733887
3.4,0.9780365824699402,0.5288766622543335,-1.8765145540237427,-0.8187940120697021,-2.5986883640289307,-0.6346845626831055
3.404166666666667,2.4571163654327393,-0.12227022647857666,-1.9837607145309448,0.8068000078201294,-1.077387809753418,-0.2912837862968445
3.408333333333333,4.054312705993652,0.238206148147583,-2.4660887718200684,2.302285671234131,0.6246936321258545,0.1455143690109253
3.4125,5.717401504516602,1.6369566917419434,-3.4445228576660156,3.839271068572998,2.532991886138916,0.6874832510948181
3.4166666666666665,5.315645694732666,3.8818893432617188,-3.1947078704833984,1.85104238986969,1.8411719799041748,0.5442543029785156
3.4208333333333334,4.537929534912109,4.9849724769592285,-2.8412373065948486,0.21064727008342743,0.8051876425743103,0.28363049030303955
3.425,4.156104564666748,5.21332311630249,-2.7941083908081055,-0.23187066614627838,0.36038070917129517,0.16751877963542938
3.4291666666666667,4.105823993682861,5.244734764099121,-2.9878525733947754,-0.07966940104961395,0.39814209938049316,0.18397295475006104
3.433333333333333,4.263481140136719,5.419362545013428,-3.406642436981201,0.3349156379699707,0.782532811164856,0.30724501609802246
3.4375,4.511184215545654,5.906648635864258,-4.056000232696533,0.8433966636657715,1.391194462776184,0.5098310708999634
3.4416666666666664,4.754515171051025,6.787357330322266,-4.95040225982666,1.3674333095550537,2.130887985229492,0.7677950263023376
3.4458333333333333,4.911626815795898,8.095943450927734,-6.096940040588379,1.8625882863998413,2.9213545322418213,1.0572526454925537
3.4499999999999997,4.923221588134766,9.839107513427734,-7.496954917907715,2.314516544342041,3.7055282592773438,1.3584949970245361
3.4541666666666666,-0.8017332553863525,10.7349853515625,-3.4331698417663574,-7.24208927154541,-4.231481552124023,-1.2506632804870605
3.4583333333333335,1.5272738933563232,7.065999507904053,-6.688465595245361,1.025667428970337,0.40916675329208374,0.2693030834197998
3.4625,6.496286869049072,9.102649688720703,-11.417394638061523,9.128047943115234,7.0616068840026855,2.550342559814453
3.466666666666667,5.129024028778076,14.822061538696289,-9.478879928588867,1.8518552780151367,2.006406307220459,0.8568371534347534
3.470833333333333,2.608428716659546,15.781112670898438,-6.962653636932373,-4.229839324951172,-3.3640096187591553,-1.0196815729141235
3.475,3.5590882301330566,14.185181617736816,-9.644637107849121,1.1151022911071777,0.9202940464019775,0.4742263853549957
3.4791666666666665,1.7886285781860352,15.060498237609863,-8.24292278289795,-2.073608160018921,-1.976168155670166,-0.5864867568016052
3.4833333333333334,0.7190790176391602,13.842935562133789,-7.263338088989258,-3.168511152267456,-3.684465169906616,-1.2391307353973389
3.4875,0.3985891342163086,11.936824798583984,-6.548849105834961,-3.0155997276306152,-4.257652759552002,-1.4967516660690308
3.4916666666666667,0.5842025279998779,10.075521469116211,-6.033167839050293,-2.2720155715942383,-3.9750640392303467,-1.4404716491699219
3.495833333333333,1.0364184379577637,8.640066146850586,-5.727832317352295,-1.2857568264007568,-3.08717679977417,-1.1495270729064941
3.5,1.5536909103393555,7.821178913116455,-5.67188835144043,-0.23638147115707397,-1.803525447845459,-0.6937086582183838
3.5041666666666664,1.9717066287994385,7.707818031311035,-5.9078369140625,0.7864832878112793,-0.29286786913871765,-0.1324559450149536
3.5083333333333333,2.161264419555664,8.331884384155273,-6.467428207397461,1.7357165813446045,1.309004306793213,0.4839657247066498
3.5124999999999997,1.1485044956207275,8.640081405639648,-3.602980136871338,-3.228645086288452,-3.548798084259033,-1.4065682888031006
3.5166666666666666,1.868269920349121,7.167036056518555,-6.018810272216797,2.131316900253296,1.7277586460113525,0.6546480655670166
3.5208333333333335,4.162652015686035,9.076448440551758,-7.869709014892578,4.592550277709961,4.134342670440674,1.606438398361206
3.525,8.015419960021973,11.356678009033203,-5.379078388214111,-0.907470166683197,-2.677098274230957,-1.099198818206787
3.529166666666667,9.679495811462402,10.327300071716309,-3.52724552154541,-3.2738044261932373,-5.162951946258545,-2.1007189750671387
3.533333333333333,7.23952054977417,8.715097427368164,-4.766037940979004,0.3689039945602417,0.48373740911483765,0.16733819246292114
3.5375,7.0116448402404785,8.667037010192871,-3.543898582458496,-1.2649118900299072,-1.4086881875991821,-0.6147890686988831
3.5416666666666665,7.445832252502441,7.578310012817383,-2.6730897426605225,-1.884462833404541,-2.3699724674224854,-1.013303518295288
3.5458333333333334,8.237339973449707,6.11883020401001,-1.9773696660995483,-1.8553391695022583,-2.6556153297424316,-1.1430284976959229
3.55,9.214616775512695,4.666549205780029,-1.412530779838562,-1.4972858428955078,-2.444507122039795,-1.0704036951065063
3.5541666666666667,10.240535736083984,3.43025541305542,-0.978476345539093,-0.9923416376113892,-1.891920804977417,-0.8540499210357666
3.558333333333333,11.203434944152832,2.5196382999420166,-0.6951452493667603,-0.44109511375427246,-1.1136137247085571,-0.5386930108070374
3.5625,12.014396667480469,1.9883229732513428,-0.5854725241661072,0.10711650550365448,-0.20563802123069763,-0.16223308444023132
3.5666666666666664,12.605074882507324,1.8583927154541016,-0.6661121845245361,0.6197876930236816,0.7525075674057007,0.24335673451423645
3.5708333333333333,13.321697235107422,2.075815200805664,-0.7769825458526611,0.8160305619239807,1.2198277711868286,0.44714784622192383
3.5749999999999997,14.247078895568848,2.3599820137023926,-0.6195743083953857,0.3486607074737549,0.7903799414634705,0.27202075719833374
3.5791666666666666,14.701253890991211,2.421783447265625,-0.6202192902565002,0.23252585530281067,0.8615982532501221,0.311631977558136
3.5833333333333335,14.9378023147583,2.4521117210388184,-0.6777766942977905,0.20228339731693268,0.9656684994697571,0.3643335700035095
3.5875,14.982152938842773,2.4953737258911133,-0.7866783142089844,0.2168625444173813,1.0892412662506104,0.4255636930465698
3.591666666666667,14.839805603027344,2.5759482383728027,-0.9419195652008057,0.25258758664131165,1.223879337310791,0.4922930598258972
3.595833333333333,14.512494087219238,2.7049741744995117,-1.1383401155471802,0.2984575629234314,1.3592157363891602,0.5598568916320801
3.6,14.009210586547852,2.8882217407226562,-1.3707802295684814,0.34584009647369385,1.4851298332214355,0.6240406036376953
3.6041666666666665,13.337150573730469,3.124802589416504,-1.6334894895553589,0.38941052556037903,1.5909876823425293,0.6800007820129395
3.6083333333333334,12.50700569152832,3.4119200706481934,-1.9217114448547363,0.43033722043037415,1.679395079612732,0.7283291816711426
3.6125,11.730245590209961,3.771437406539917,-2.3045051097869873,0.5414162874221802,1.7706999778747559,0.7777851223945618
3.6166666666666667,12.270390510559082,4.2223896980285645,-2.668931007385254,0.3880384564399719,1.015211582183838,0.4460051953792572
3.620833333333333,12.538259506225586,4.584314346313477,-2.9670369625091553,0.25356441736221313,0.6633026599884033,0.295052170753479
3.625,12.244065284729004,4.854404449462891,-3.1923179626464844,0.17304110527038574,0.6220395565032959,0.28138184547424316
3.6291666666666664,11.35618782043457,5.0627546310424805,-3.369577407836914,0.13318665325641632,0.7826189994812012,0.35820823907852173
3.6333333333333333,9.869035720825195,5.2325758934021,-3.521054744720459,0.12207828462123871,1.0765380859375,0.4954463243484497
3.6374999999999997,7.79056453704834,5.379133224487305,-3.658090353012085,0.13203297555446625,1.444805383682251,0.6676788330078125
3.6416666666666666,5.132941246032715,5.512753486633301,-3.784298896789551,0.15589815378189087,1.8446202278137207,0.8554630279541016
3.6458333333333335,1.9217712879180908,5.639494895935059,-3.8997793197631836,0.18866389989852905,2.243624687194824,1.0440864562988281
3.65,-1.8169126510620117,5.76149320602417,-3.9975686073303223,0.22425563633441925,2.614804267883301,1.2210092544555664
3.654166666666667,7.345552444458008,6.1692728996276855,-4.489682197570801,-1.378799557685852,-4.6408305168151855,-2.128276824951172
3.658333333333333,0.46767735481262207,5.402358055114746,-4.6620612144470215,0.5107431411743164,2.0281615257263184,0.9643815159797668
3.6625,-3.9715559482574463,5.670892715454102,-4.636316776275635,1.0886479616165161,3.0716464519500732,1.4368360042572021
3.6666666666666665,-3.693394184112549,6.4107842445373535,-4.830073356628418,0.7817370295524597,0.9013250470161438,0.4289741516113281
3.6708333333333334,1.8885871171951294,7.111456871032715,-5.07114315032959,-0.05643531680107117,-3.337745189666748,-1.5407991409301758
3.675,2.615288734436035,7.057033538818359,-4.543486595153809,-0.541155993938446,-2.9929449558258057,-1.375216007232666
3.6791666666666667,-2.605440855026245,6.479790687561035,-3.700430393218994,-0.31223970651626587,0.5360000729560852,0.2670525312423706
3.683333333333333,-0.4752659797668457,6.371744632720947,-3.7423434257507324,-0.5233594179153442,-1.7252651453018188,-0.8027871251106262
3.6875,1.7994804382324219,6.173194408416748,-3.798790454864502,-0.6300976276397705,-2.5104339122772217,-1.1705005168914795
3.6916666666666664,3.4181902408599854,5.8367486000061035,-3.6735870838165283,-0.6555683612823486,-2.550712823867798,-1.1914324760437012
3.6958333333333333,4.2189812660217285,5.410097122192383,-3.4261865615844727,-0.6201205849647522,-2.0887768268585205,-0.9778306484222412
3.6999999999999997,4.12852668762207,4.936451435089111,-3.113036870956421,-0.537441074848175,-1.304139256477356,-0.6127662658691406
3.7041666666666666,3.1059069633483887,4.44951868057251,-2.7720861434936523,-0.42424333095550537,-0.32032397389411926,-0.1532113254070282
3.7083333333333335,1.1422537565231323,3.9725992679595947,-2.424844741821289,-0.29012158513069153,0.7521315813064575,0.3496965169906616
3.7125,-1.7553884983062744,3.5195155143737793,-2.0774598121643066,-0.14682051539421082,1.8335936069488525,0.8579586744308472
3.716666666666667,-2.3212878704071045,3.305619239807129,-2.114363431930542,-0.11250798404216766,1.0493988990783691,0.4867725670337677
3.720833333333333,5.5189619064331055,3.7456090450286865,-3.3596839904785156,-0.2751498222351074,-3.672722578048706,-1.743300437927246
3.725,-1.9410256147384644,2.9777944087982178,-2.1460916996002197,0.16432563960552216,2.7279481887817383,1.2933175563812256
3.7291666666666665,-5.551347732543945,2.587421178817749,-1.4123907089233398,0.3025047183036804,2.5675196647644043,1.2076478004455566
3.7333333333333334,-2.768721342086792,2.713052749633789,-1.4444972276687622,0.15326757729053497,-1.3043651580810547,-0.6230908632278442
3.7375,7.096758842468262,3.184457302093506,-1.9234979152679443,-0.247888445854187,-7.4677276611328125,-3.531562566757202
3.7416666666666667,1.2029101848602295,2.4526727199554443,-0.4469922184944153,-0.32644903659820557,0.5042504668235779,0.24909038841724396
3.745833333333333,1.2448209524154663,2.134556770324707,-0.3565486669540405,-0.25860801339149475,0.2519627809524536,0.11364951729774475
3.75,3.605494499206543,2.099336624145508,-0.7406532168388367,-0.222638338804245,-0.9719082117080688,-0.4666058421134949
3.7541666666666664,5.856997966766357,2.053123950958252,-0.9624802470207214,-0.21334291994571686,-1.5020291805267334,-0.7144227027893066
3.7583333333333333,7.704777717590332,1.93729567527771,-0.9716539978981018,-0.2127721756696701,-1.6334896087646484,-0.7746617794036865
3.7624999999999997,9.08634090423584,1.7524349689483643,-0.8169280290603638,-0.20740669965744019,-1.4968013763427734,-0.7087647914886475
3.7666666666666666,9.966934204101562,1.506864309310913,-0.5371459722518921,-0.19237089157104492,-1.1695716381072998,-0.5534443855285645
3.7708333333333335,10.338565826416016,1.21048903465271,-0.16018348932266235,-0.16688978672027588,-0.7305436730384827,-0.3455500900745392
3.775,10.20259952545166,0.8721823692321777,0.2977839708328247,-0.1315285861492157,-0.22999775409698486,-0.10860568284988403
3.779166666666667,9.63427734375,0.508324384689331,0.8065425753593445,-0.08936331421136856,0.26328200101852417,0.12469411641359329
3.783333333333333,9.83967113494873,0.3229868412017822,0.9273027181625366,-0.04004516452550888,0.3387228846549988,0.15795014798641205
3.7875,10.395186424255371,0.2536745071411133,0.8473235368728638,-0.0015159659087657928,0.344322144985199,0.15971854329109192
3.7916666666666665,10.848912239074707,0.21106195449829102,0.7619633078575134,0.022607415914535522,0.4160611033439636,0.19424214959144592
3.7958333333333334,11.162714004516602,0.17661046981811523,0.6906308531761169,0.03826751932501793,0.5050296783447266,0.2369408905506134
3.8,11.33094310760498,0.14387869834899902,0.6341747641563416,0.0469689704477787,0.6041883230209351,0.2838584780693054
3.8041666666666667,11.364019393920898,0.11035370826721191,0.5899866819381714,0.053527798503637314,0.6957033276557922,0.32757776975631714
3.808333333333333,11.271506309509277,0.07416605949401855,0.5577760934829712,0.05848654359579086,0.7790126204490662,0.36725080013275146
3.8125,11.0573091506958,0.03345751762390137,0.5400805473327637,0.06118383631110191,0.853973388671875,0.40301674604415894
3.8166666666666664,10.736084938049316,-0.01344156265258789,0.5379171371459961,0.06410078704357147,0.911787748336792,0.43029582500457764
3.8208333333333333,10.770248413085938,-0.05530881881713867,0.5740500092506409,0.054274044930934906,0.44050586223602295,0.20718801021575928
3.8249999999999997,12.050080299377441,-0.04621553421020508,0.6380963921546936,0.01130707561969757,-1.1224902868270874,-0.531337320804596
3.8291666666666666,13.353211402893066,-0.004865169525146484,0.6464443802833557,-0.03219860792160034,-1.4769140481948853,-0.6978373527526855
3.8333333333333335,14.201858520507812,0.03536653518676758,0.5668905973434448,-0.04791524261236191,-0.9058440923690796,-0.4274429976940155
3.8375,14.331974029541016,0.07452058792114258,0.3584826588630676,-0.022537052631378174,0.27169251441955566,0.1290537267923355
3.841666666666667,13.573485374450684,0.11943244934082031,0.007526427507400513,0.04257632791996002,1.8048126697540283,0.8526831865310669
3.845833333333333,11.805740356445312,0.17253398895263672,-0.4670989513397217,0.1405109465122223,3.51080322265625,1.6579101085662842
3.85,8.969902038574219,0.23311471939086914,-1.0318548679351807,0.2617117762565613,5.239190101623535,2.4734315872192383
3.8541666666666665,5.045989036560059,0.29415321350097656,-1.6387639045715332,0.3965800404548645,6.883694648742676,3.249260187149048
3.8583333333333334,1.764420509338379,0.4600764513015747,-2.306504249572754,0.4794623851776123,6.3767218589782715,3.0077037811279297
3.8625,10.183477401733398,1.4735584259033203,-3.450073719024658,0.1536351442337036,-7.840460777282715,-3.717620849609375
3.8666666666666667,2.3253464698791504,1.0717860460281372,-2.833362340927124,0.24665766954421997,6.3029937744140625,2.9889137744903564
3.870833333333333,-3.498600959777832,0.3778085708618164,-1.7259280681610107,0.34604430198669434,6.638887405395508,3.1390366554260254
3.875,-2.726536273956299,0.11349022388458252,-0.7095013856887817,0.1958211362361908,-1.7595863342285156,-0.8339718580245972
3.8791666666666664,6.2333784103393555,0.3973510265350342,0.20490726828575134,-0.2743833065032959,-14.416051864624023,-6.813464641571045
3.8833333333333333,-1.7387139797210693,0.5301979780197144,-1.029882788658142,0.022739768028259277,8.583853721618652,4.063736438751221
3.8874999999999997,-1.824355959892273,0.5029348134994507,-1.278714656829834,0.09706287086009979,2.1097054481506348,0.9915521740913391
3.8916666666666666,-0.38470542430877686,0.7821335792541504,-1.7110779285430908,0.0458911657333374,-1.451528549194336,-0.6891430616378784
3.8958333333333335,1.4748179912567139,1.0588734149932861,-1.9871522188186646,-0.04934805631637573,-3.150977611541748,-1.4895992279052734
3.9,3.2576980590820312,1.271206259727478,-2.1614513397216797,-0.13503184914588928,-3.518265724182129,-1.6614872217178345
3.904166666666667,4.6230149269104,1.3999544382095337,-2.2825794219970703,-0.183415025472641,-2.958489179611206,-1.3965312242507935
3.908333333333333,5.315740585327148,1.4392704963684082,-2.3678832054138184,-0.1852143406867981,-1.776842713356018,-0.8375144004821777
3.9125,5.169915676116943,1.3881893157958984,-2.4083104133605957,-0.14225655794143677,-0.23058636486530304,-0.10736328363418579
3.9166666666666665,4.074502468109131,1.2452312707901,-2.3759779930114746,-0.06241995096206665,1.491857886314392,0.7058079838752747
3.9208333333333334,1.966296672821045,1.0067553520202637,-2.2305455207824707,0.0458545982837677,3.252373218536377,1.5369601249694824
3.925,-0.011352956295013428,0.6799038648605347,-1.7795192003250122,0.11664766073226929,2.9740960597991943,1.4049705266952515
3.9291666666666667,-0.8382163047790527,0.4225398302078247,-1.2360875606536865,0.11652110517024994,0.9475482106208801,0.4474436938762665
3.933333333333333,-1.2041691541671753,0.32033467292785645,-0.9475580453872681,0.09303150326013565,0.11211486160755157,0.05226540565490723
3.9375,-1.4873148202896118,0.3173905611038208,-0.8932094573974609,0.07705873250961304,0.12613263726234436,0.059292711317539215
3.9416666666666664,-1.9529356956481934,0.38128232955932617,-1.0486493110656738,0.08234408497810364,0.7083190679550171,0.3337586522102356
3.9458333333333333,-2.799929141998291,0.49099332094192505,-1.3818111419677734,0.11074083298444748,1.6529279947280884,0.7794888019561768
3.9499999999999997,-4.168787002563477,0.6270296573638916,-1.8444854021072388,0.16313812136650085,2.7928009033203125,1.317704439163208
3.9541666666666666,-6.155163764953613,0.7745928764343262,-2.3895978927612305,0.23264870047569275,4.011094093322754,1.892602801322937
3.9583333333333335,-8.813155174255371,0.9192309379577637,-2.965456008911133,0.31441009044647217,5.207450866699219,2.4577112197875977
3.9625,-12.168484687805176,1.0481526851654053,-3.5256197452545166,0.4016950726509094,6.32222843170166,2.9845426082611084
3.966666666666667,-6.438774585723877,0.38674843311309814,-0.660311222076416,-0.039488911628723145,-13.53875732421875,-6.391200065612793
3.970833333333333,-10.034442901611328,1.1190805435180664,-2.6002016067504883,0.07990890741348267,5.026491165161133,2.3758223056793213
3.975,-15.562114715576172,0.41202878952026367,-1.6661162376403809,0.25283169746398926,8.511578559875488,4.022059917449951
3.9791666666666665,-16.449050903320312,-1.131500244140625,2.0942907333374023,0.10781136155128479,-2.6470837593078613,-1.2450261116027832
3.9833333333333334,-12.302919387817383,-1.7935686111450195,4.5720720291137695,-0.2221214771270752,-11.946752548217773,-5.638140678405762
3.9875,-12.849809646606445,0.04201555252075195,0.1794533133506775,-0.08284175395965576,3.3903727531433105,1.5963929891586304
3.9916666666666667,-12.493875503540039,-0.2745175361633301,0.9325420260429382,-0.1006171852350235,-1.56534743309021,-0.739223301410675
3.995833333333333,-10.941743850708008,-0.43047428131103516,1.5523947477340698,-0.1873396635055542,-4.450908660888672,-2.1010284423828125
4.0,-8.692363739013672,-0.4272005558013916,1.8546158075332642,-0.2826938033103943,-5.638564109802246,-2.6621170043945312
4.004166666666666,-6.218718528747559,-0.32721710205078125,1.8702185153961182,-0.3523964285850525,-5.6030426025390625,-2.6460163593292236
4.008333333333333,-3.9008617401123047,-0.17717385292053223,1.652131199836731,-0.3847478926181793,-4.7018327713012695,-2.220673084259033
4.0125,-2.0183639526367188,-0.016937732696533203,1.2720756530761719,-0.3736155033111572,-3.254594326019287,-1.5376818180084229
4.016666666666667,-0.774877667427063,0.12631529569625854,0.7990056872367859,-0.32285234332084656,-1.492675542831421,-0.7056792974472046
4.020833333333333,-0.3063143789768219,0.23125897347927094,0.29894882440567017,-0.23904982209205627,0.4056873321533203,0.19068455696105957
4.025,-0.8138155341148376,0.3263992667198181,-0.2879334092140198,-0.12255212664604187,2.658306121826172,1.2539783716201782
4.029166666666667,-1.2908769845962524,0.020426541566848755,0.13378655910491943,-0.05206623673439026,1.7528353929519653,0.8278866410255432
4.033333333333333,-1.1913912296295166,-0.2930680513381958,0.726642906665802,-0.03020726516842842,0.19992473721504211,0.09484322369098663
4.0375,-0.7602055072784424,-0.3760795295238495,0.8692343831062317,-0.020352797582745552,-0.25973600149154663,-0.12253784388303757
4.041666666666667,-0.3260331451892853,-0.282318651676178,0.6160970330238342,-0.00574444979429245,0.06105606257915497,0.02857573889195919
4.045833333333333,-0.1557312309741974,-0.06768359243869781,0.05775564908981323,0.02531188726425171,0.9049147367477417,0.42661193013191223
4.05,-0.44473809003829956,0.22423870861530304,-0.7203187346458435,0.07288742065429688,2.0651745796203613,0.9743778705596924
4.054166666666666,-1.3317029476165771,0.5546531677246094,-1.6315104961395264,0.13738307356834412,3.3808488845825195,1.5950682163238525
4.058333333333334,-2.906796455383301,0.8947963118553162,-2.6028029918670654,0.21256214380264282,4.734414100646973,2.2343311309814453
4.0625,-5.221908092498779,1.2193965911865234,-3.5649988651275635,0.29769808053970337,6.036670684814453,2.8493683338165283
4.066666666666666,-6.700996398925781,0.7347686290740967,-2.47698974609375,0.28322672843933105,2.186718225479126,1.0342605113983154
4.070833333333333,-4.537738800048828,-0.9474005699157715,1.8793354034423828,0.05110728740692139,-8.910821914672852,-4.201777935028076
4.075,-7.066762924194336,1.6806480884552002,-4.292953968048096,0.21347105503082275,9.122995376586914,4.302696228027344
4.079166666666667,-10.957844734191895,0.8324666023254395,-2.7372238636016846,0.3030034303665161,7.106760025024414,3.3571362495422363
4.083333333333333,-9.980106353759766,-2.560976982116699,5.326269626617432,0.05261421203613281,-9.293437957763672,-4.378862380981445
4.0875,-9.363161087036133,-0.31377625465393066,0.47390300035476685,0.050448622554540634,0.8054895401000977,0.3765878677368164
4.091666666666667,-9.960589408874512,0.006476879119873047,-0.2219954878091812,0.06435727328062057,1.1408416032791138,0.5385047197341919
4.095833333333333,-9.666282653808594,-0.6398723125457764,1.3886916637420654,-0.00370749831199646,-2.677708148956299,-1.2622485160827637
4.1,-8.326109886169434,-0.9551739692687988,2.35543155670166,-0.0954899787902832,-4.662069320678711,-2.199766159057617
4.104166666666667,-6.436346054077148,-0.9600911140441895,2.6263275146484375,-0.1767100691795349,-5.1691155433654785,-2.4401986598968506
4.108333333333333,-4.448663711547852,-0.7490972280502319,2.3523149490356445,-0.23149245977401733,-4.616328239440918,-2.180039405822754
4.1125,-2.7143607139587402,-0.4060138463973999,1.6885803937911987,-0.25226569175720215,-3.351318120956421,-1.5834577083587646
4.116666666666666,-1.494743824005127,0.001806795597076416,0.7761644721031189,-0.2390754222869873,-1.6516207456588745,-0.7811501026153564
4.120833333333334,-0.9740168452262878,0.4223271608352661,-0.2644600570201874,-0.1938827484846115,0.2722616195678711,0.1268206238746643
4.125,-1.2764919996261597,0.8147996664047241,-1.3299880027770996,-0.12224611639976501,2.2592461109161377,1.0650203227996826
4.129166666666666,-1.8958957195281982,0.6866949796676636,-1.2357237339019775,-0.06616431474685669,2.1664316654205322,1.022305965423584
4.133333333333333,-2.2576093673706055,0.2760953903198242,-0.44545018672943115,-0.039400339126586914,0.9385813474655151,0.44361233711242676
4.1375,-2.406364679336548,0.1166570782661438,-0.168712317943573,-0.022511199116706848,0.613272488117218,0.2894252836704254
4.141666666666667,-2.5491857528686523,0.1195523738861084,-0.23764568567276,-0.004359245300292969,0.736086368560791,0.34743577241897583
4.145833333333333,-2.8348724842071533,0.23510849475860596,-0.5593567490577698,0.018473848700523376,1.1576154232025146,0.5463150143623352
4.15,-3.374453067779541,0.424324631690979,-1.05449378490448,0.04718911647796631,1.7608059644699097,0.8308358192443848
4.154166666666667,-4.245698928833008,0.6563230752944946,-1.6571228504180908,0.08078816533088684,2.456655979156494,1.1596086025238037
4.158333333333333,-5.498485565185547,0.9053674936294556,-2.3095245361328125,0.11908373236656189,3.1760473251342773,1.4991589784622192
4.1625,-7.163632392883301,1.155173420906067,-2.9711906909942627,0.15994563698768616,3.8783371448516846,1.831107258796692
4.166666666666667,-8.239686965942383,0.5398261547088623,-1.6223410367965698,0.15172941982746124,1.104043960571289,0.5227721333503723
4.170833333333333,-6.883527755737305,-1.3585596084594727,2.8215491771698,0.030297577381134033,-6.477344512939453,-3.054105043411255
4.175,-8.328326225280762,1.549414873123169,-3.662147045135498,0.10382795333862305,5.805574417114258,2.737403154373169
4.179166666666666,-10.878783226013184,1.1398816108703613,-2.9316155910491943,0.1626185178756714,4.974575042724609,2.34930419921875
4.183333333333334,-10.392467498779297,-1.9460601806640625,4.030327796936035,0.048662662506103516,-5.720461845397949,-2.695387363433838
4.1875,-10.398174285888672,-0.08128666877746582,0.02327226847410202,0.03858475759625435,0.6933071613311768,0.3255004286766052
4.191666666666666,-11.002975463867188,0.031742095947265625,-0.2047455608844757,0.04388870298862457,0.591511070728302,0.27949199080467224
4.195833333333333,-10.844749450683594,-0.7102999687194824,1.5186517238616943,0.002937793731689453,-2.1983110904693604,-1.036272644996643
4.2,-9.895909309387207,-1.1186866760253906,2.565950870513916,-0.054147183895111084,-3.711796760559082,-1.7516480684280396
4.204166666666667,-8.520244598388672,-1.1995279788970947,2.9010796546936035,-0.1068684458732605,-4.141208171844482,-1.9550471305847168
4.208333333333333,-7.043332099914551,-1.046950101852417,2.6960697174072266,-0.14437991380691528,-3.7860207557678223,-1.7879973649978638
4.2125,-5.717050552368164,-0.7428622245788574,2.110443115234375,-0.1643330305814743,-2.8976287841796875,-1.369104027748108
4.216666666666667,-4.732285499572754,-0.3544713258743286,1.2838324308395386,-0.1634131222963333,-1.6772770881652832,-0.7931488752365112
4.220833333333333,-4.222280025482178,0.06589615345001221,0.32966989278793335,-0.14423871040344238,-0.2823948264122009,-0.13469530642032623
4.225,-4.281397819519043,0.47978127002716064,-0.6631227731704712,-0.10975107550621033,1.1762666702270508,0.5539435148239136
4.229166666666667,-4.630455017089844,0.5278007984161377,-0.8726867437362671,-0.0742734968662262,1.5164008140563965,0.7150284051895142
4.233333333333333,-4.868382930755615,0.26125550270080566,-0.3713724613189697,-0.05321577191352844,0.8498944044113159,0.4010273814201355
4.2375,-4.977564334869385,0.1075204610824585,-0.09369810670614243,-0.039057791233062744,0.51226806640625,0.24171093106269836
4.241666666666666,-5.055680751800537,0.06606161594390869,-0.050309404730796814,-0.02607829123735428,0.4593442678451538,0.2165866196155548
4.245833333333334,-5.190864086151123,0.10734927654266357,-0.18419834971427917,-0.012290433049201965,0.6074882745742798,0.28657859563827515
4.25,-5.447554588317871,0.20376956462860107,-0.44061434268951416,0.003417558968067169,0.8869303464889526,0.4184821844100952
4.254166666666666,-5.873910427093506,0.33287012577056885,-0.7724441289901733,0.02101854979991913,1.23980712890625,0.5852328538894653
4.258333333333333,-6.501900672912598,0.47894203662872314,-1.1461923122406006,0.04104939103126526,1.6294965744018555,0.769263505935669
4.2625,-7.351318836212158,0.6266238689422607,-1.5274072885513306,0.061833932995796204,2.01749587059021,0.9525346159934998
4.266666666666667,-7.7952165603637695,0.1449594497680664,-0.4935729503631592,0.06185436621308327,0.4112747311592102,0.19496512413024902
4.270833333333333,-6.68043851852417,-1.319223403930664,2.802395820617676,0.0074738264083862305,-4.150998115539551,-1.9580732583999634
4.275,-7.483255863189697,0.9121865034103394,-2.089803457260132,0.038543701171875,3.144035577774048,1.4826586246490479
4.279166666666667,-9.043818473815918,1.030524492263794,-2.4496917724609375,0.08312729001045227,3.6411867141723633,1.7190659046173096
4.283333333333333,-9.208768844604492,-0.6583192348480225,1.2388572692871094,0.058978185057640076,-1.2270886898040771,-0.577522873878479
4.2875,-8.927595138549805,-0.7120118141174316,1.4173673391342163,0.030391961336135864,-1.397597312927246,-0.6593571901321411
4.291666666666667,-9.332611083984375,0.11018109321594238,-0.3623437285423279,0.037498630583286285,0.926399827003479,0.4370110332965851
4.295833333333333,-9.333540916442871,-0.46170711517333984,0.9089106321334839,0.026651635766029358,-0.8757591247558594,-0.41264423727989197
4.3,-8.819899559020996,-0.8508832454681396,1.8191487789154053,-0.0007291138172149658,-2.017198085784912,-0.9518105387687683
4.304166666666666,-7.995678901672363,-0.9958500862121582,2.2121896743774414,-0.028810709714889526,-2.4873948097229004,-1.1741244792938232
4.308333333333334,-7.052346706390381,-0.9563112258911133,2.199181318283081,-0.05149698257446289,-2.4526631832122803,-1.1580390930175781
4.3125,-6.140881538391113,-0.7909879684448242,1.8955998420715332,-0.06710870563983917,-2.063946485519409,-0.9748210310935974
4.316666666666666,-5.376788139343262,-0.5477900505065918,1.3994219303131104,-0.07281598448753357,-1.445070505142212,-0.6827755570411682
4.320833333333333,-4.845829010009766,-0.26296281814575195,0.7865968942642212,-0.07071953266859055,-0.6881332397460938,-0.3254627287387848
4.325,-4.606563091278076,0.033087849617004395,0.12354300916194916,-0.06015767529606819,0.1276620328426361,0.059647612273693085
4.329166666666667,-4.688509464263916,0.3096359968185425,-0.520436704158783,-0.04202859103679657,0.9212828874588013,0.4343288242816925
4.333333333333333,-4.745182037353516,0.18155217170715332,-0.28367239236831665,-0.029420658946037292,0.602858304977417,0.28440892696380615
4.3375,-4.813708305358887,0.15034329891204834,-0.2521250247955322,-0.01891189068555832,0.6019281148910522,0.2839755415916443
4.341666666666667,-4.9088969230651855,0.133522629737854,-0.24882841110229492,-0.008885644376277924,0.6136026382446289,0.28953272104263306
4.345833333333333,-5.032508850097656,0.12275779247283936,-0.2555997371673584,0.00011707097291946411,0.624008297920227,0.29455476999282837
4.35,-5.1852192878723145,0.11705148220062256,-0.2706233561038971,0.007826775312423706,0.6331939697265625,0.2989300787448883
4.354166666666667,-5.364720821380615,0.11413908004760742,-0.2887912392616272,0.01584313064813614,0.6370599269866943,0.30084019899368286
4.358333333333333,-5.570402145385742,0.11393892765045166,-0.30975162982940674,0.02238692343235016,0.6361314654350281,0.30036118626594543
4.3625,-5.799776554107666,0.11625432968139648,-0.33278515934944153,0.027553200721740723,0.6307950019836426,0.29798758029937744
4.366666666666666,-6.051375389099121,0.11988234519958496,-0.35568472743034363,0.03281361609697342,0.6198643445968628,0.29277482628822327
4.370833333333334,-5.989237308502197,-0.2167797088623047,0.3803572654724121,0.027815930545330048,-0.3505810797214508,-0.1650533378124237
4.375,-5.324029922485352,-0.7882792949676514,1.662622332572937,0.006669104099273682,-1.9237995147705078,-0.9077383279800415
4.379166666666666,-5.545631408691406,0.2489476203918457,-0.587553858757019,0.014177881181240082,1.0060625076293945,0.47446200251579285
4.383333333333333,-6.1316986083984375,0.47692036628723145,-1.1168951988220215,0.033174797892570496,1.6013991832733154,0.7560044527053833
4.3875,-6.345937728881836,-0.01700901985168457,-0.0597069188952446,0.03336689993739128,0.2803429067134857,0.1327504962682724
4.391666666666667,-6.147754192352295,-0.40965843200683594,0.8105640411376953,0.021207816898822784,-0.7752947807312012,-0.36550799012184143
4.395833333333333,-6.24426794052124,-0.02275848388671875,-0.02003728784620762,0.020395195111632347,0.2692078948020935,0.12699010968208313
4.4,-6.146649360656738,-0.2615830898284912,0.5097377300262451,0.016302645206451416,-0.4207523465156555,-0.1983300745487213
4.404166666666667,-5.848292350769043,-0.42951440811157227,0.8981316685676575,0.005698010325431824,-0.8748921155929565,-0.41286033391952515
4.408333333333333,-5.426220893859863,-0.4963698387145996,1.0735483169555664,-0.004836156964302063,-1.0736738443374634,-0.5067570209503174
4.4125,-4.951894760131836,-0.4853018522262573,1.0790777206420898,-0.014621689915657043,-1.0759267807006836,-0.5079149603843689
4.416666666666667,-4.482298851013184,-0.4209185838699341,0.9640825390815735,-0.021769069135189056,-0.9405685663223267,-0.44409462809562683
4.420833333333333,-4.060098648071289,-0.32330119609832764,0.7691782712936401,-0.02522128075361252,-0.714148759841919,-0.3373377323150635
4.425,-3.718059778213501,-0.20646655559539795,0.5240007638931274,-0.026238910853862762,-0.4324454665184021,-0.20433205366134644
4.429166666666666,-3.478242874145508,-0.0825498104095459,0.25429439544677734,-0.024667028337717056,-0.12388864159584045,-0.05869261547923088
4.433333333333334,-3.3659167289733887,0.048520684242248535,-0.03995164483785629,-0.01869071274995804,0.21404729783535004,0.10085173696279526
4.4375,-3.32436466217041,0.10104727745056152,-0.1694786548614502,-0.013147730380296707,0.35386937856674194,0.1669219732284546
4.441666666666666,-3.279890775680542,0.07451331615447998,-0.12718252837657928,-0.008076425641775131,0.2925446629524231,0.1380295604467392
4.445833333333333,-3.226435422897339,0.0483856201171875,-0.08327636122703552,-0.00495002418756485,0.23640531301498413,0.11157742142677307
4.45,-3.1653122901916504,0.02907717227935791,-0.05196927487850189,-0.0021475739777088165,0.1942036747932434,0.09167632460594177
4.454166666666667,-3.0996367931365967,0.015495777130126953,-0.03128128871321678,0.00021051056683063507,0.1634857952594757,0.07719188928604126
4.458333333333333,-3.03187894821167,0.006448507308959961,-0.018963735550642014,0.002737920731306076,0.14169667661190033,0.06690709292888641
4.4625,-2.9639031887054443,0.0011539459228515625,-0.013436724431812763,0.003868686966598034,0.1268659234046936,0.05990660563111305
4.466666666666667,-2.8972861766815186,-0.0012698173522949219,-0.013296978548169136,0.0058783553540706635,0.11722847819328308,0.05538567528128624
4.470833333333333,-2.833338499069214,-0.001707911491394043,-0.016415219753980637,0.006792397238314152,0.11086954921483994,0.0523969903588295
4.475,-2.7723100185394287,-0.0005103945732116699,-0.02245142310857773,0.008089222013950348,0.10719338059425354,0.05065194144845009
4.479166666666667,-2.4655165672302246,-0.25972962379455566,0.5477973222732544,0.0023537129163742065,-0.584223210811615,-0.2756166160106659
